record_id,Codigo_indicio,Nombre_mina,Provincia,Municipio,Morfologia,tipo_au_propuesto,lon,lat,geo_cuarentena,xy_estado,position_id,estado_presencia,estado_geometria,tipo_au_revisado,deposit_id,district_id,lon_corregida,lat_corregida,precision_m,revisor,fecha_revision,evidencia,motivo
gpkg:44f874e0d3404a1c13ef2b13e6ecb8ea39b189992e387651298f79c6169e0960:20,0006001,COVAS,CORUÑA,Ferrol,Filoniana,roca,-8.26688410099996,43.54469715300007,False,coincide_si_lonlat,pos_a24df74e0b8c90ad,pendiente,validada,roca,,,,,100,auditoria_geologica_u3,2026-09-27,IGME BDMIN inventario indicios Hoja 0006; IGME MAGNA 50 Hoja 0006 https://info.igme.es/cartografiadigital/datos/magna50/memorias/MMagna0006.pdf,Indicio 'COVAS' sin laboreo minero probado o continuidad estructural contrastada en fuentes documentales; mantenido en estado pendiente sin asignar deposit_id para evitar agrupaciones por proximidad
gpkg:44f874e0d3404a1c13ef2b13e6ecb8ea39b189992e387651298f79c6169e0960:21,0006002,MONTEFARO,CORUÑA,Valdoviño,Filoniana,roca,-8.20109751299998,43.59585162800005,False,coincide_si_lonlat,pos_c85e2e275a78523d,pendiente,validada,roca,,,,,100,auditoria_geologica_u3,2026-09-27,IGME BDMIN inventario indicios Hoja 0006; IGME MAGNA 50 Hoja 0006 https://info.igme.es/cartografiadigital/datos/magna50/memorias/MMagna0006.pdf,Indicio 'MONTEFARO' sin laboreo minero probado o continuidad estructural contrastada en fuentes documentales; mantenido en estado pendiente sin asignar deposit_id para evitar agrupaciones por proximidad
gpkg:44f874e0d3404a1c13ef2b13e6ecb8ea39b189992e387651298f79c6169e0960:23,0007002,PEREIRO,CORUÑA,Valdoviño,Filoniana,roca,-8.134387552999954,43.617156789000035,False,coincide_si_lonlat,pos_51cc43fb1b46ce45,pendiente,validada,roca,,,,,100,auditoria_geologica_u3,2026-09-27,IGME BDMIN inventario indicios Hoja 0007; IGME MAGNA 50 Hoja 0007 https://info.igme.es/cartografiadigital/datos/magna50/memorias/MMagna0007.pdf,Indicio 'PEREIRO' sin laboreo minero probado o continuidad estructural contrastada en fuentes documentales; mantenido en estado pendiente sin asignar deposit_id para evitar agrupaciones por proximidad
gpkg:44f874e0d3404a1c13ef2b13e6ecb8ea39b189992e387651298f79c6169e0960:27,0007006,PIQUITO 1-2 SANTA MARTA,CORUÑA,Moeche,Estratiforme/Estratoide,desconocido,-7.9655135189999555,43.55650562400007,False,coincide_si_lonlat,pos_ba121e2750702abb,rechazada,validada,desconocido,,,,,100,auditoria_geologica_u3,2026-09-27,IGME MAGNA 50 Hoja 7 (Cedeira) https://info.igme.es/cartografiadigital/datos/magna50/memorias/MMagna0007.pdf; Arenas et al. (1986),Falso positivo / entrada espuria en BDMIN; capas estratiformes de pirita-calcopirita volcanosedimentaria en el complejo de Cabo Ortegal/Somozas sin fase aurífera identificada
gpkg:44f874e0d3404a1c13ef2b13e6ecb8ea39b189992e387651298f79c6169e0960:30,0007009,GRUPO DOS CARRIS - LA BARQUERA,CORUÑA,Cerdido,Estratiforme/Estratoide,desconocido,-7.9466534049999495,43.608558206000055,False,coincide_si_lonlat,pos_7269d18902b30740,rechazada,validada,desconocido,,,,,100,auditoria_geologica_u3,2026-09-27,IGME MAGNA 50 Hoja 7 (Cedeira) https://info.igme.es/cartografiadigital/datos/magna50/memorias/MMagna0007.pdf; Arenas et al. (1986),Falso positivo / entrada espuria en BDMIN; capas estratiformes de pirita-calcopirita volcanosedimentaria en el complejo de Cabo Ortegal/Somozas sin fase aurífera identificada
gpkg:44f874e0d3404a1c13ef2b13e6ecb8ea39b189992e387651298f79c6169e0960:59,0010001,Salave,ASTURIAS,Tapia de Casariego,Irregular,desconocido,-6.915572451999935,43.56346055600005,False,coincide_si_lonlat,pos_c8d6984806f7a46a,confirmada,validada,roca,dep_salave,dist_occidente_asturiano,,,25,auditoria_geologica_u3,2026-09-27,"Harris, M. (1980) Trans. Inst. Min. Metall. B89:B181-B188; Martín-Izard et al. (2000) J. Geochem. Explor. 71:89-101 (DOI:10.1016/S0375-6742(00)00146-2); IGME MAGNA 50 Hoja 10 (Tapia de Casariego) https://info.igme.es/cartografiadigital/datos/magna50/memorias/MMagna0010.pdf",Yacimiento hidrotermal intragranítico mayor en granodiorita varisca; corta romana de Llagos de Salave y filón Dos Amigos contrastados con sondeos modernos
gpkg:44f874e0d3404a1c13ef2b13e6ecb8ea39b189992e387651298f79c6169e0960:67,0010009,Salave y dos amigos,ASTURIAS,Tapia de Casariego,Irregular,desconocido,-6.912208999999962,43.56745100000006,False,crs_tabular_desconocido,pos_0466c7766f9ad018,confirmada,validada,roca,dep_salave,dist_occidente_asturiano,,,25,auditoria_geologica_u3,2026-09-27,"Harris, M. (1980) Trans. Inst. Min. Metall. B89:B181-B188; Martín-Izard et al. (2000) J. Geochem. Explor. 71:89-101 (DOI:10.1016/S0375-6742(00)00146-2); IGME MAGNA 50 Hoja 10 (Tapia de Casariego) https://info.igme.es/cartografiadigital/datos/magna50/memorias/MMagna0010.pdf",Yacimiento hidrotermal intragranítico mayor en granodiorita varisca; corta romana de Llagos de Salave y filón Dos Amigos contrastados con sondeos modernos
gpkg:44f874e0d3404a1c13ef2b13e6ecb8ea39b189992e387651298f79c6169e0960:75,0010017,,ASTURIAS,Tapia de Casariego,Aluvionar,aluvial,-6.885587999999927,43.514289000000076,False,crs_tabular_desconocido,pos_a868c1fc203b1157,pendiente,validada,aluvial,,,,,100,auditoria_geologica_u3,2026-09-27,IGME BDMIN inventario indicios Hoja 0010; IGME MAGNA 50 Hoja 0010 https://info.igme.es/cartografiadigital/datos/magna50/memorias/MMagna0010.pdf,Indicio menor/muestra de batea fluvial sin denominación minera ni laboreo contrastado; mantenido en estado pendiente sin asignar deposit_id para evitar agrupaciones espurias
gpkg:44f874e0d3404a1c13ef2b13e6ecb8ea39b189992e387651298f79c6169e0960:76,0010018,Cueva de las Caldeiras,ASTURIAS,Tapia de Casariego,Filoniana,roca,-6.877279999999928,43.504230000000064,False,crs_tabular_desconocido,pos_4025aae79ceee5bb,pendiente,validada,roca,,,,,100,auditoria_geologica_u3,2026-09-27,IGME BDMIN inventario indicios Hoja 0010; IGME MAGNA 50 Hoja 0010 https://info.igme.es/cartografiadigital/datos/magna50/memorias/MMagna0010.pdf,Indicio 'Cueva de las Caldeiras' sin laboreo minero probado o continuidad estructural contrastada en fuentes documentales; mantenido en estado pendiente sin asignar deposit_id para evitar agrupaciones por proximidad
gpkg:44f874e0d3404a1c13ef2b13e6ecb8ea39b189992e387651298f79c6169e0960:82,0011005,,ASTURIAS,Coaña,Desconocida,desconocido,-6.785255301999939,43.52577839500003,False,coincide_si_lonlat,pos_9c26c8269cdf0d11,pendiente,validada,desconocido,,,,,100,auditoria_geologica_u3,2026-09-27,IGME BDMIN inventario indicios Hoja 0011; IGME MAGNA 50 Hoja 0011 https://info.igme.es/cartografiadigital/datos/magna50/memorias/MMagna0011.pdf,Indicio menor/muestra de batea fluvial sin denominación minera ni laboreo contrastado; mantenido en estado pendiente sin asignar deposit_id para evitar agrupaciones espurias
gpkg:44f874e0d3404a1c13ef2b13e6ecb8ea39b189992e387651298f79c6169e0960:83,0011006,,ASTURIAS,"Franco, El",Desconocida,desconocido,-6.801858194999966,43.525198353000064,False,coincide_si_lonlat,pos_a8dde24eb3c6e339,pendiente,validada,desconocido,,,,,100,auditoria_geologica_u3,2026-09-27,IGME BDMIN inventario indicios Hoja 0011; IGME MAGNA 50 Hoja 0011 https://info.igme.es/cartografiadigital/datos/magna50/memorias/MMagna0011.pdf,Indicio menor/muestra de batea fluvial sin denominación minera ni laboreo contrastado; mantenido en estado pendiente sin asignar deposit_id para evitar agrupaciones espurias
gpkg:44f874e0d3404a1c13ef2b13e6ecb8ea39b189992e387651298f79c6169e0960:85,0011008,,ASTURIAS,"Franco, El",Desconocida,desconocido,-6.847040386999936,43.510841079000045,False,coincide_si_lonlat,pos_2d8d8290e57c814b,pendiente,validada,desconocido,,,,,100,auditoria_geologica_u3,2026-09-27,IGME BDMIN inventario indicios Hoja 0011; IGME MAGNA 50 Hoja 0011 https://info.igme.es/cartografiadigital/datos/magna50/memorias/MMagna0011.pdf,Indicio menor/muestra de batea fluvial sin denominación minera ni laboreo contrastado; mantenido en estado pendiente sin asignar deposit_id para evitar agrupaciones espurias
gpkg:44f874e0d3404a1c13ef2b13e6ecb8ea39b189992e387651298f79c6169e0960:88,0011011,,ASTURIAS,"Franco, El",Desconocida,desconocido,-6.830659644999969,43.50188761700008,False,coincide_si_lonlat,pos_fc9fd9477183184a,pendiente,validada,desconocido,,,,,100,auditoria_geologica_u3,2026-09-27,IGME BDMIN inventario indicios Hoja 0011; IGME MAGNA 50 Hoja 0011 https://info.igme.es/cartografiadigital/datos/magna50/memorias/MMagna0011.pdf,Indicio menor/muestra de batea fluvial sin denominación minera ni laboreo contrastado; mantenido en estado pendiente sin asignar deposit_id para evitar agrupaciones espurias
gpkg:44f874e0d3404a1c13ef2b13e6ecb8ea39b189992e387651298f79c6169e0960:103,0012001,,ASTURIAS,Valdés,Desconocida,desconocido,-6.430737546999978,43.502241447000074,False,coincide_si_lonlat,pos_6dfcb3b184b2eafe,pendiente,validada,desconocido,,,,,100,auditoria_geologica_u3,2026-09-27,IGME BDMIN inventario indicios Hoja 0012; IGME MAGNA 50 Hoja 0012 https://info.igme.es/cartografiadigital/datos/magna50/memorias/MMagna0012.pdf,Indicio menor/muestra de batea fluvial sin denominación minera ni laboreo contrastado; mantenido en estado pendiente sin asignar deposit_id para evitar agrupaciones espurias
gpkg:44f874e0d3404a1c13ef2b13e6ecb8ea39b189992e387651298f79c6169e0960:208,0021002,PLAYA DE SAN PEDRO,CORUÑA,Sada,Aluvionar,aluvial,-8.287593626999978,43.38364784300006,False,coincide_si_lonlat,pos_2c1d3041f9baa0f9,pendiente,validada,aluvial,,,,,100,auditoria_geologica_u3,2026-09-27,IGME BDMIN inventario indicios Hoja 0021; IGME MAGNA 50 Hoja 0021 https://info.igme.es/cartografiadigital/datos/magna50/memorias/MMagna0021.pdf,Indicio 'PLAYA DE SAN PEDRO' sin laboreo minero probado o continuidad estructural contrastada en fuentes documentales; mantenido en estado pendiente sin asignar deposit_id para evitar agrupaciones por proximidad
gpkg:44f874e0d3404a1c13ef2b13e6ecb8ea39b189992e387651298f79c6169e0960:215,0022005,CAPELO,CORUÑA,Monfero,Filoniana,roca,-8.060809284999948,43.33518710800007,False,coincide_si_lonlat,pos_e964ad789415a13e,pendiente,validada,roca,,,,,100,auditoria_geologica_u3,2026-09-27,IGME BDMIN inventario indicios Hoja 0022; IGME MAGNA 50 Hoja 0022 https://info.igme.es/cartografiadigital/datos/magna50/memorias/MMagna0022.pdf,Indicio 'CAPELO' sin laboreo minero probado o continuidad estructural contrastada en fuentes documentales; mantenido en estado pendiente sin asignar deposit_id para evitar agrupaciones por proximidad
gpkg:44f874e0d3404a1c13ef2b13e6ecb8ea39b189992e387651298f79c6169e0960:246,0025007,,LUGO,Trabada,Filoniana,roca,-7.153727199999935,43.44182981800003,False,coincide_si_lonlat,pos_498b55ce1bdabcf1,pendiente,validada,roca,,,,,100,auditoria_geologica_u3,2026-09-27,IGME BDMIN inventario indicios Hoja 0025; IGME MAGNA 50 Hoja 0025 https://info.igme.es/cartografiadigital/datos/magna50/memorias/MMagna0025.pdf,Indicio menor/muestra de batea fluvial sin denominación minera ni laboreo contrastado; mantenido en estado pendiente sin asignar deposit_id para evitar agrupaciones espurias
gpkg:44f874e0d3404a1c13ef2b13e6ecb8ea39b189992e387651298f79c6169e0960:247,0025008,,LUGO,Trabada,Filoniana,roca,-7.133142196999927,43.44014500500003,False,coincide_si_lonlat,pos_4ada025894a8680d,pendiente,validada,roca,,,,,100,auditoria_geologica_u3,2026-09-27,IGME BDMIN inventario indicios Hoja 0025; IGME MAGNA 50 Hoja 0025 https://info.igme.es/cartografiadigital/datos/magna50/memorias/MMagna0025.pdf,Indicio menor/muestra de batea fluvial sin denominación minera ni laboreo contrastado; mantenido en estado pendiente sin asignar deposit_id para evitar agrupaciones espurias
gpkg:44f874e0d3404a1c13ef2b13e6ecb8ea39b189992e387651298f79c6169e0960:248,0025009,,LUGO,Trabada,Filoniana,roca,-7.125194514999976,43.445417475000056,False,coincide_si_lonlat,pos_2428ef6fa2e19773,pendiente,validada,roca,,,,,100,auditoria_geologica_u3,2026-09-27,IGME BDMIN inventario indicios Hoja 0025; IGME MAGNA 50 Hoja 0025 https://info.igme.es/cartografiadigital/datos/magna50/memorias/MMagna0025.pdf,Indicio menor/muestra de batea fluvial sin denominación minera ni laboreo contrastado; mantenido en estado pendiente sin asignar deposit_id para evitar agrupaciones espurias
gpkg:44f874e0d3404a1c13ef2b13e6ecb8ea39b189992e387651298f79c6169e0960:249,0025010,,LUGO,Trabada,Filoniana,roca,-7.146956060999969,43.43289622200007,False,coincide_si_lonlat,pos_0e9968c881e2053e,pendiente,validada,roca,,,,,100,auditoria_geologica_u3,2026-09-27,IGME BDMIN inventario indicios Hoja 0025; IGME MAGNA 50 Hoja 0025 https://info.igme.es/cartografiadigital/datos/magna50/memorias/MMagna0025.pdf,Indicio menor/muestra de batea fluvial sin denominación minera ni laboreo contrastado; mantenido en estado pendiente sin asignar deposit_id para evitar agrupaciones espurias
gpkg:44f874e0d3404a1c13ef2b13e6ecb8ea39b189992e387651298f79c6169e0960:251,0025012,Furado de los Mouros,ASTURIAS,San Tirso de Abres,Filoniana,roca,-7.123800830999926,43.42252404200008,False,coincide_si_lonlat,pos_3855bb470772413b,pendiente,validada,roca,,,,,100,auditoria_geologica_u3,2026-09-27,IGME BDMIN inventario indicios Hoja 0025; IGME MAGNA 50 Hoja 0025 https://info.igme.es/cartografiadigital/datos/magna50/memorias/MMagna0025.pdf,Indicio 'Furado de los Mouros' sin laboreo minero probado o continuidad estructural contrastada en fuentes documentales; mantenido en estado pendiente sin asignar deposit_id para evitar agrupaciones por proximidad
gpkg:44f874e0d3404a1c13ef2b13e6ecb8ea39b189992e387651298f79c6169e0960:252,0025013,,ASTURIAS,San Tirso de Abres,Filoniana,roca,-7.113462216999949,43.41731161300004,False,coincide_si_lonlat,pos_a7d6dccdb142196c,pendiente,validada,roca,,,,,100,auditoria_geologica_u3,2026-09-27,IGME BDMIN inventario indicios Hoja 0025; IGME MAGNA 50 Hoja 0025 https://info.igme.es/cartografiadigital/datos/magna50/memorias/MMagna0025.pdf,Indicio menor/muestra de batea fluvial sin denominación minera ni laboreo contrastado; mantenido en estado pendiente sin asignar deposit_id para evitar agrupaciones espurias
gpkg:44f874e0d3404a1c13ef2b13e6ecb8ea39b189992e387651298f79c6169e0960:264,0025025,,ASTURIAS,Vegadeo,Desconocida,desconocido,-6.999697565999952,43.38350339700003,False,coincide_si_lonlat,pos_5bd066cf6a566ad8,pendiente,validada,desconocido,,,,,100,auditoria_geologica_u3,2026-09-27,IGME BDMIN inventario indicios Hoja 0025; IGME MAGNA 50 Hoja 0025 https://info.igme.es/cartografiadigital/datos/magna50/memorias/MMagna0025.pdf,Indicio menor/muestra de batea fluvial sin denominación minera ni laboreo contrastado; mantenido en estado pendiente sin asignar deposit_id para evitar agrupaciones espurias
gpkg:44f874e0d3404a1c13ef2b13e6ecb8ea39b189992e387651298f79c6169e0960:268,0025029,Mina del Penedon,ASTURIAS,Vegadeo,Filoniana,roca,-6.993080637999981,43.40445728700007,False,coincide_si_lonlat,pos_2c72c9e563168e0b,pendiente,validada,roca,,,,,100,auditoria_geologica_u3,2026-09-27,IGME BDMIN inventario indicios Hoja 0025; IGME MAGNA 50 Hoja 0025 https://info.igme.es/cartografiadigital/datos/magna50/memorias/MMagna0025.pdf,Indicio 'Mina del Penedon' sin laboreo minero probado o continuidad estructural contrastada en fuentes documentales; mantenido en estado pendiente sin asignar deposit_id para evitar agrupaciones por proximidad
gpkg:44f874e0d3404a1c13ef2b13e6ecb8ea39b189992e387651298f79c6169e0960:284,0025045,,ASTURIAS,"Franco, El",Irregular,desconocido,-6.871559415999968,43.46438876000008,False,coincide_si_lonlat,pos_fde7d54891d8ac44,pendiente,validada,desconocido,,,,,100,auditoria_geologica_u3,2026-09-27,IGME BDMIN inventario indicios Hoja 0025; IGME MAGNA 50 Hoja 0025 https://info.igme.es/cartografiadigital/datos/magna50/memorias/MMagna0025.pdf,Indicio menor/muestra de batea fluvial sin denominación minera ni laboreo contrastado; mantenido en estado pendiente sin asignar deposit_id para evitar agrupaciones espurias
gpkg:44f874e0d3404a1c13ef2b13e6ecb8ea39b189992e387651298f79c6169e0960:286,0025047,,ASTURIAS,Boal,Aluvionar,aluvial,-6.886706618999938,43.437657271000035,False,coincide_si_lonlat,pos_24ce0e11378c901f,pendiente,validada,aluvial,,,,,100,auditoria_geologica_u3,2026-09-27,IGME BDMIN inventario indicios Hoja 0025; IGME MAGNA 50 Hoja 0025 https://info.igme.es/cartografiadigital/datos/magna50/memorias/MMagna0025.pdf,Indicio menor/muestra de batea fluvial sin denominación minera ni laboreo contrastado; mantenido en estado pendiente sin asignar deposit_id para evitar agrupaciones espurias
gpkg:44f874e0d3404a1c13ef2b13e6ecb8ea39b189992e387651298f79c6169e0960:287,0025048,,ASTURIAS,Boal,Irregular,desconocido,-6.884769593999977,43.42231440200004,False,coincide_si_lonlat,pos_fb0b79d1757f8bd3,pendiente,validada,desconocido,,,,,100,auditoria_geologica_u3,2026-09-27,IGME BDMIN inventario indicios Hoja 0025; IGME MAGNA 50 Hoja 0025 https://info.igme.es/cartografiadigital/datos/magna50/memorias/MMagna0025.pdf,Indicio menor/muestra de batea fluvial sin denominación minera ni laboreo contrastado; mantenido en estado pendiente sin asignar deposit_id para evitar agrupaciones espurias
gpkg:44f874e0d3404a1c13ef2b13e6ecb8ea39b189992e387651298f79c6169e0960:293,0026001,,ASTURIAS,"Franco, El",Desconocida,desconocido,-6.827908069999978,43.49238110500005,False,coincide_si_lonlat,pos_9a114c6fb2960d54,pendiente,validada,desconocido,,,,,100,auditoria_geologica_u3,2026-09-27,IGME BDMIN inventario indicios Hoja 0026; IGME MAGNA 50 Hoja 0026 https://info.igme.es/cartografiadigital/datos/magna50/memorias/MMagna0026.pdf,Indicio menor/muestra de batea fluvial sin denominación minera ni laboreo contrastado; mantenido en estado pendiente sin asignar deposit_id para evitar agrupaciones espurias
gpkg:44f874e0d3404a1c13ef2b13e6ecb8ea39b189992e387651298f79c6169e0960:294,0026002,,ASTURIAS,"Franco, El",Desconocida,desconocido,-6.84277131999994,43.491762049000044,False,coincide_si_lonlat,pos_c90a79aa3047e96d,pendiente,validada,desconocido,,,,,100,auditoria_geologica_u3,2026-09-27,IGME BDMIN inventario indicios Hoja 0026; IGME MAGNA 50 Hoja 0026 https://info.igme.es/cartografiadigital/datos/magna50/memorias/MMagna0026.pdf,Indicio menor/muestra de batea fluvial sin denominación minera ni laboreo contrastado; mantenido en estado pendiente sin asignar deposit_id para evitar agrupaciones espurias
gpkg:44f874e0d3404a1c13ef2b13e6ecb8ea39b189992e387651298f79c6169e0960:296,0026004,,ASTURIAS,"Franco, El",Desconocida,desconocido,-6.849501837999981,43.46937857100005,False,coincide_si_lonlat,pos_94fbd22a4dc5bfa4,pendiente,validada,desconocido,,,,,100,auditoria_geologica_u3,2026-09-27,IGME BDMIN inventario indicios Hoja 0026; IGME MAGNA 50 Hoja 0026 https://info.igme.es/cartografiadigital/datos/magna50/memorias/MMagna0026.pdf,Indicio menor/muestra de batea fluvial sin denominación minera ni laboreo contrastado; mantenido en estado pendiente sin asignar deposit_id para evitar agrupaciones espurias
gpkg:44f874e0d3404a1c13ef2b13e6ecb8ea39b189992e387651298f79c6169e0960:299,0026007,,ASTURIAS,"Franco, El",Aluvionar,aluvial,-6.846425870999951,43.45851573600004,False,coincide_si_lonlat,pos_1fdef192c55820aa,pendiente,validada,aluvial,,,,,100,auditoria_geologica_u3,2026-09-27,IGME BDMIN inventario indicios Hoja 0026; IGME MAGNA 50 Hoja 0026 https://info.igme.es/cartografiadigital/datos/magna50/memorias/MMagna0026.pdf,Indicio menor/muestra de batea fluvial sin denominación minera ni laboreo contrastado; mantenido en estado pendiente sin asignar deposit_id para evitar agrupaciones espurias
gpkg:44f874e0d3404a1c13ef2b13e6ecb8ea39b189992e387651298f79c6169e0960:313,0026021,El Cabrucal.,ASTURIAS,Coaña,Aluvionar,aluvial,-6.738727064999978,43.47939706000005,False,coincide_si_lonlat,pos_5eacb92e5b9e3fe4,pendiente,validada,aluvial,,,,,100,auditoria_geologica_u3,2026-09-27,IGME BDMIN inventario indicios Hoja 0026; IGME MAGNA 50 Hoja 0026 https://info.igme.es/cartografiadigital/datos/magna50/memorias/MMagna0026.pdf,Indicio 'El Cabrucal.' sin laboreo minero probado o continuidad estructural contrastada en fuentes documentales; mantenido en estado pendiente sin asignar deposit_id para evitar agrupaciones por proximidad
gpkg:44f874e0d3404a1c13ef2b13e6ecb8ea39b189992e387651298f79c6169e0960:314,0026022,,ASTURIAS,Boal,Aluvionar,aluvial,-6.72723127699993,43.45620849300008,False,coincide_si_lonlat,pos_b1ab0b95d34b0cf7,pendiente,validada,aluvial,,,,,100,auditoria_geologica_u3,2026-09-27,IGME BDMIN inventario indicios Hoja 0026; IGME MAGNA 50 Hoja 0026 https://info.igme.es/cartografiadigital/datos/magna50/memorias/MMagna0026.pdf,Indicio menor/muestra de batea fluvial sin denominación minera ni laboreo contrastado; mantenido en estado pendiente sin asignar deposit_id para evitar agrupaciones espurias
gpkg:44f874e0d3404a1c13ef2b13e6ecb8ea39b189992e387651298f79c6169e0960:315,0026023,,ASTURIAS,Boal,Aluvionar,aluvial,-6.73868226299993,43.44744041900003,False,coincide_si_lonlat,pos_129f7824e35ec5fb,pendiente,validada,aluvial,,,,,100,auditoria_geologica_u3,2026-09-27,IGME BDMIN inventario indicios Hoja 0026; IGME MAGNA 50 Hoja 0026 https://info.igme.es/cartografiadigital/datos/magna50/memorias/MMagna0026.pdf,Indicio menor/muestra de batea fluvial sin denominación minera ni laboreo contrastado; mantenido en estado pendiente sin asignar deposit_id para evitar agrupaciones espurias
gpkg:44f874e0d3404a1c13ef2b13e6ecb8ea39b189992e387651298f79c6169e0960:333,0026041,,ASTURIAS,Allande,Desconocida,desconocido,-6.6789691199999766,43.36069435300004,False,coincide_si_lonlat,pos_dfa032d468618cd2,pendiente,validada,desconocido,,,,,100,auditoria_geologica_u3,2026-09-27,IGME BDMIN inventario indicios Hoja 0026; IGME MAGNA 50 Hoja 0026 https://info.igme.es/cartografiadigital/datos/magna50/memorias/MMagna0026.pdf,Indicio menor/muestra de batea fluvial sin denominación minera ni laboreo contrastado; mantenido en estado pendiente sin asignar deposit_id para evitar agrupaciones espurias
gpkg:44f874e0d3404a1c13ef2b13e6ecb8ea39b189992e387651298f79c6169e0960:334,0026042,,ASTURIAS,Allande,Desconocida,desconocido,-6.681110090999937,43.35308419200004,False,coincide_si_lonlat,pos_d88b1a23ec976545,pendiente,validada,desconocido,,,,,100,auditoria_geologica_u3,2026-09-27,IGME BDMIN inventario indicios Hoja 0026; IGME MAGNA 50 Hoja 0026 https://info.igme.es/cartografiadigital/datos/magna50/memorias/MMagna0026.pdf,Indicio menor/muestra de batea fluvial sin denominación minera ni laboreo contrastado; mantenido en estado pendiente sin asignar deposit_id para evitar agrupaciones espurias
gpkg:44f874e0d3404a1c13ef2b13e6ecb8ea39b189992e387651298f79c6169e0960:335,0026043,,ASTURIAS,Allande,Aluvionar,aluvial,-6.68549046399994,43.351462164000054,False,coincide_si_lonlat,pos_a6af9bfb44f1f67f,pendiente,validada,aluvial,,,,,100,auditoria_geologica_u3,2026-09-27,IGME BDMIN inventario indicios Hoja 0026; IGME MAGNA 50 Hoja 0026 https://info.igme.es/cartografiadigital/datos/magna50/memorias/MMagna0026.pdf,Indicio menor/muestra de batea fluvial sin denominación minera ni laboreo contrastado; mantenido en estado pendiente sin asignar deposit_id para evitar agrupaciones espurias
gpkg:44f874e0d3404a1c13ef2b13e6ecb8ea39b189992e387651298f79c6169e0960:336,0026044,,ASTURIAS,Allande,Desconocida,desconocido,-6.68476764899998,43.34775577700003,False,coincide_si_lonlat,pos_30399d830cefe7a8,pendiente,validada,desconocido,,,,,100,auditoria_geologica_u3,2026-09-27,IGME BDMIN inventario indicios Hoja 0026; IGME MAGNA 50 Hoja 0026 https://info.igme.es/cartografiadigital/datos/magna50/memorias/MMagna0026.pdf,Indicio menor/muestra de batea fluvial sin denominación minera ni laboreo contrastado; mantenido en estado pendiente sin asignar deposit_id para evitar agrupaciones espurias
gpkg:44f874e0d3404a1c13ef2b13e6ecb8ea39b189992e387651298f79c6169e0960:337,0026045,,ASTURIAS,Allande,Desconocida,desconocido,-6.691707002999976,43.33393951200003,False,coincide_si_lonlat,pos_3abe7a64ddf5a0e7,pendiente,validada,desconocido,,,,,100,auditoria_geologica_u3,2026-09-27,IGME BDMIN inventario indicios Hoja 0026; IGME MAGNA 50 Hoja 0026 https://info.igme.es/cartografiadigital/datos/magna50/memorias/MMagna0026.pdf,Indicio menor/muestra de batea fluvial sin denominación minera ni laboreo contrastado; mantenido en estado pendiente sin asignar deposit_id para evitar agrupaciones espurias
gpkg:44f874e0d3404a1c13ef2b13e6ecb8ea39b189992e387651298f79c6169e0960:338,0026046,,ASTURIAS,Tineo,Filoniana,roca,-6.575732371999948,43.33450997800003,False,coincide_si_lonlat,pos_8e2d59a4eebaddb8,pendiente,validada,roca,,,,,100,auditoria_geologica_u3,2026-09-27,IGME BDMIN inventario indicios Hoja 0026; IGME MAGNA 50 Hoja 0026 https://info.igme.es/cartografiadigital/datos/magna50/memorias/MMagna0026.pdf,Indicio menor/muestra de batea fluvial sin denominación minera ni laboreo contrastado; mantenido en estado pendiente sin asignar deposit_id para evitar agrupaciones espurias
gpkg:44f874e0d3404a1c13ef2b13e6ecb8ea39b189992e387651298f79c6169e0960:339,0026047,,ASTURIAS,Tineo,Aluvionar,aluvial,-6.56340464799996,43.349735216000056,False,coincide_si_lonlat,pos_695daf8b50d58c51,pendiente,validada,aluvial,,,,,100,auditoria_geologica_u3,2026-09-27,IGME BDMIN inventario indicios Hoja 0026; IGME MAGNA 50 Hoja 0026 https://info.igme.es/cartografiadigital/datos/magna50/memorias/MMagna0026.pdf,Indicio menor/muestra de batea fluvial sin denominación minera ni laboreo contrastado; mantenido en estado pendiente sin asignar deposit_id para evitar agrupaciones espurias
gpkg:44f874e0d3404a1c13ef2b13e6ecb8ea39b189992e387651298f79c6169e0960:340,0026048,,ASTURIAS,Tineo,Irregular,desconocido,-6.561991723999938,43.35420722200007,False,coincide_si_lonlat,pos_895049927eb6556a,pendiente,validada,desconocido,,,,,100,auditoria_geologica_u3,2026-09-27,IGME BDMIN inventario indicios Hoja 0026; IGME MAGNA 50 Hoja 0026 https://info.igme.es/cartografiadigital/datos/magna50/memorias/MMagna0026.pdf,Indicio menor/muestra de batea fluvial sin denominación minera ni laboreo contrastado; mantenido en estado pendiente sin asignar deposit_id para evitar agrupaciones espurias
gpkg:44f874e0d3404a1c13ef2b13e6ecb8ea39b189992e387651298f79c6169e0960:341,0026049,,ASTURIAS,Tineo,Aluvionar,aluvial,-6.5405435449999345,43.350596222000036,False,coincide_si_lonlat,pos_4b62534afa7bc4c1,pendiente,validada,aluvial,,,,,100,auditoria_geologica_u3,2026-09-27,IGME BDMIN inventario indicios Hoja 0026; IGME MAGNA 50 Hoja 0026 https://info.igme.es/cartografiadigital/datos/magna50/memorias/MMagna0026.pdf,Indicio menor/muestra de batea fluvial sin denominación minera ni laboreo contrastado; mantenido en estado pendiente sin asignar deposit_id para evitar agrupaciones espurias
gpkg:44f874e0d3404a1c13ef2b13e6ecb8ea39b189992e387651298f79c6169e0960:342,0026050,,ASTURIAS,Tineo,Aluvionar,aluvial,-6.534959535999974,43.35137635600006,False,coincide_si_lonlat,pos_f7a7a64c19b08cf8,pendiente,validada,aluvial,,,,,100,auditoria_geologica_u3,2026-09-27,IGME BDMIN inventario indicios Hoja 0026; IGME MAGNA 50 Hoja 0026 https://info.igme.es/cartografiadigital/datos/magna50/memorias/MMagna0026.pdf,Indicio menor/muestra de batea fluvial sin denominación minera ni laboreo contrastado; mantenido en estado pendiente sin asignar deposit_id para evitar agrupaciones espurias
gpkg:44f874e0d3404a1c13ef2b13e6ecb8ea39b189992e387651298f79c6169e0960:343,0026051,,ASTURIAS,Tineo,Irregular,desconocido,-6.559974255999975,43.364519072000064,False,coincide_si_lonlat,pos_1e62ad65eee732be,pendiente,validada,desconocido,,,,,100,auditoria_geologica_u3,2026-09-27,IGME BDMIN inventario indicios Hoja 0026; IGME MAGNA 50 Hoja 0026 https://info.igme.es/cartografiadigital/datos/magna50/memorias/MMagna0026.pdf,Indicio menor/muestra de batea fluvial sin denominación minera ni laboreo contrastado; mantenido en estado pendiente sin asignar deposit_id para evitar agrupaciones espurias
gpkg:44f874e0d3404a1c13ef2b13e6ecb8ea39b189992e387651298f79c6169e0960:344,0026052,,ASTURIAS,Tineo,Irregular,desconocido,-6.56123476199997,43.373100011000076,False,coincide_si_lonlat,pos_edd74af63c210ad4,pendiente,validada,desconocido,,,,,100,auditoria_geologica_u3,2026-09-27,IGME BDMIN inventario indicios Hoja 0026; IGME MAGNA 50 Hoja 0026 https://info.igme.es/cartografiadigital/datos/magna50/memorias/MMagna0026.pdf,Indicio menor/muestra de batea fluvial sin denominación minera ni laboreo contrastado; mantenido en estado pendiente sin asignar deposit_id para evitar agrupaciones espurias
gpkg:44f874e0d3404a1c13ef2b13e6ecb8ea39b189992e387651298f79c6169e0960:345,0026053,,ASTURIAS,Tineo,Irregular,desconocido,-6.548176858999966,43.39082911300005,False,coincide_si_lonlat,pos_013ec498b245ea7b,pendiente,validada,desconocido,,,,,100,auditoria_geologica_u3,2026-09-27,IGME BDMIN inventario indicios Hoja 0026; IGME MAGNA 50 Hoja 0026 https://info.igme.es/cartografiadigital/datos/magna50/memorias/MMagna0026.pdf,Indicio menor/muestra de batea fluvial sin denominación minera ni laboreo contrastado; mantenido en estado pendiente sin asignar deposit_id para evitar agrupaciones espurias
gpkg:44f874e0d3404a1c13ef2b13e6ecb8ea39b189992e387651298f79c6169e0960:346,0026054,Navelgas Sur,ASTURIAS,Tineo,Irregular,desconocido,-6.5478503029999615,43.39892590800008,False,coincide_si_lonlat,pos_fbb42804b10226c4,confirmada,validada,mixto,dep_navelgas,dist_asturoccidental_navelgas,,,50,auditoria_geologica_u3,2026-09-27,"Sánchez-Palencia, F.J. & Pérez García, L.C. (2005) Minería romana en el NO peninsular; IGME MAGNA 50 Hoja 26 (Luarca) https://info.igme.es/cartografiadigital/datos/magna50/memorias/MMagna0026.pdf; Hoja 27 (Tineo)",Epicentro minero histórico y romano del Valle del Oro en Navelgas y Naraval; cortas y filones sobre areniscas y pizarras ordovícicas
gpkg:44f874e0d3404a1c13ef2b13e6ecb8ea39b189992e387651298f79c6169e0960:348,0026056,Minas de Navelgas,ASTURIAS,Tineo,Irregular,desconocido,-6.538105021999968,43.410872089000065,False,coincide_si_lonlat,pos_eb4c3ba3bcb9c638,confirmada,validada,mixto,dep_navelgas,dist_asturoccidental_navelgas,,,50,auditoria_geologica_u3,2026-09-27,"Sánchez-Palencia, F.J. & Pérez García, L.C. (2005) Minería romana en el NO peninsular; IGME MAGNA 50 Hoja 26 (Luarca) https://info.igme.es/cartografiadigital/datos/magna50/memorias/MMagna0026.pdf; Hoja 27 (Tineo)",Epicentro minero histórico y romano del Valle del Oro en Navelgas y Naraval; cortas y filones sobre areniscas y pizarras ordovícicas
gpkg:44f874e0d3404a1c13ef2b13e6ecb8ea39b189992e387651298f79c6169e0960:350,0026058,,ASTURIAS,"Franco, El",Filoniana,roca,-6.808068353999943,43.49380335500007,False,coincide_si_lonlat,pos_4345e814291fa6b3,pendiente,validada,roca,,,,,100,auditoria_geologica_u3,2026-09-27,IGME BDMIN inventario indicios Hoja 0026; IGME MAGNA 50 Hoja 0026 https://info.igme.es/cartografiadigital/datos/magna50/memorias/MMagna0026.pdf,Indicio menor/muestra de batea fluvial sin denominación minera ni laboreo contrastado; mantenido en estado pendiente sin asignar deposit_id para evitar agrupaciones espurias
gpkg:44f874e0d3404a1c13ef2b13e6ecb8ea39b189992e387651298f79c6169e0960:351,0026059,,ASTURIAS,"Franco, El",Desconocida,desconocido,-6.823485386999948,43.49499823900004,False,coincide_si_lonlat,pos_a2a712a496129b3c,pendiente,validada,desconocido,,,,,100,auditoria_geologica_u3,2026-09-27,IGME BDMIN inventario indicios Hoja 0026; IGME MAGNA 50 Hoja 0026 https://info.igme.es/cartografiadigital/datos/magna50/memorias/MMagna0026.pdf,Indicio menor/muestra de batea fluvial sin denominación minera ni laboreo contrastado; mantenido en estado pendiente sin asignar deposit_id para evitar agrupaciones espurias
gpkg:44f874e0d3404a1c13ef2b13e6ecb8ea39b189992e387651298f79c6169e0960:352,0026060,"Minas Agua Verde, y Esperanza.",ASTURIAS,"Franco, El",Filoniana,roca,-6.819434686999955,43.48726759200008,False,coincide_si_lonlat,pos_e479748ba71ca427,pendiente,validada,roca,,,,,100,auditoria_geologica_u3,2026-09-27,IGME BDMIN inventario indicios Hoja 0026; IGME MAGNA 50 Hoja 0026 https://info.igme.es/cartografiadigital/datos/magna50/memorias/MMagna0026.pdf,"Indicio 'Minas Agua Verde, y Esperanza.' sin laboreo minero probado o continuidad estructural contrastada en fuentes documentales; mantenido en estado pendiente sin asignar deposit_id para evitar agrupaciones por proximidad"
gpkg:44f874e0d3404a1c13ef2b13e6ecb8ea39b189992e387651298f79c6169e0960:353,0027001,,ASTURIAS,Tineo,Estratiforme/Estratoide,desconocido,-6.515570193999963,43.40318109800006,False,coincide_si_lonlat,pos_bd2e6628ba9113cf,pendiente,validada,desconocido,,,,,100,auditoria_geologica_u3,2026-09-27,IGME BDMIN inventario indicios Hoja 0027; IGME MAGNA 50 Hoja 0027 https://info.igme.es/cartografiadigital/datos/magna50/memorias/MMagna0027.pdf,Indicio menor/muestra de batea fluvial sin denominación minera ni laboreo contrastado; mantenido en estado pendiente sin asignar deposit_id para evitar agrupaciones espurias
gpkg:44f874e0d3404a1c13ef2b13e6ecb8ea39b189992e387651298f79c6169e0960:354,0027002,,ASTURIAS,Tineo,Estratiforme/Estratoide,desconocido,-6.5025969169999485,43.41235275500003,False,coincide_si_lonlat,pos_e8cf0d8c04f3acb3,pendiente,validada,desconocido,,,,,100,auditoria_geologica_u3,2026-09-27,IGME BDMIN inventario indicios Hoja 0027; IGME MAGNA 50 Hoja 0027 https://info.igme.es/cartografiadigital/datos/magna50/memorias/MMagna0027.pdf,Indicio menor/muestra de batea fluvial sin denominación minera ni laboreo contrastado; mantenido en estado pendiente sin asignar deposit_id para evitar agrupaciones espurias
gpkg:44f874e0d3404a1c13ef2b13e6ecb8ea39b189992e387651298f79c6169e0960:355,0027003,,ASTURIAS,Tineo,Estratiforme/Estratoide,desconocido,-6.490052434999939,43.41703024900005,False,coincide_si_lonlat,pos_a197e7d6a2d4ecf6,pendiente,validada,desconocido,,,,,100,auditoria_geologica_u3,2026-09-27,IGME BDMIN inventario indicios Hoja 0027; IGME MAGNA 50 Hoja 0027 https://info.igme.es/cartografiadigital/datos/magna50/memorias/MMagna0027.pdf,Indicio menor/muestra de batea fluvial sin denominación minera ni laboreo contrastado; mantenido en estado pendiente sin asignar deposit_id para evitar agrupaciones espurias
gpkg:44f874e0d3404a1c13ef2b13e6ecb8ea39b189992e387651298f79c6169e0960:356,0027004,,ASTURIAS,Tineo,Estratiforme/Estratoide,desconocido,-6.484626625999965,43.419792295000036,False,coincide_si_lonlat,pos_71d46a529aaf4a3e,pendiente,validada,desconocido,,,,,100,auditoria_geologica_u3,2026-09-27,IGME BDMIN inventario indicios Hoja 0027; IGME MAGNA 50 Hoja 0027 https://info.igme.es/cartografiadigital/datos/magna50/memorias/MMagna0027.pdf,Indicio menor/muestra de batea fluvial sin denominación minera ni laboreo contrastado; mantenido en estado pendiente sin asignar deposit_id para evitar agrupaciones espurias
gpkg:44f874e0d3404a1c13ef2b13e6ecb8ea39b189992e387651298f79c6169e0960:357,0027005,Minas de Naraval.,ASTURIAS,Tineo,Desconocida,desconocido,-6.519550781999953,43.42667844300007,False,coincide_si_lonlat,pos_6ff1975ad536818b,confirmada,validada,mixto,dep_navelgas,dist_asturoccidental_navelgas,,,50,auditoria_geologica_u3,2026-09-27,"Sánchez-Palencia, F.J. & Pérez García, L.C. (2005) Minería romana en el NO peninsular; IGME MAGNA 50 Hoja 26 (Luarca) https://info.igme.es/cartografiadigital/datos/magna50/memorias/MMagna0026.pdf; Hoja 27 (Tineo)",Epicentro minero histórico y romano del Valle del Oro en Navelgas y Naraval; cortas y filones sobre areniscas y pizarras ordovícicas
gpkg:44f874e0d3404a1c13ef2b13e6ecb8ea39b189992e387651298f79c6169e0960:358,0027006,,ASTURIAS,Valdés,Desconocida,desconocido,-6.513627992999943,43.43555390800003,False,coincide_si_lonlat,pos_134a1c2da0c953f1,pendiente,validada,desconocido,,,,,100,auditoria_geologica_u3,2026-09-27,IGME BDMIN inventario indicios Hoja 0027; IGME MAGNA 50 Hoja 0027 https://info.igme.es/cartografiadigital/datos/magna50/memorias/MMagna0027.pdf,Indicio menor/muestra de batea fluvial sin denominación minera ni laboreo contrastado; mantenido en estado pendiente sin asignar deposit_id para evitar agrupaciones espurias
gpkg:44f874e0d3404a1c13ef2b13e6ecb8ea39b189992e387651298f79c6169e0960:359,0027007,,ASTURIAS,Valdés,Desconocida,desconocido,-6.505234089999931,43.44437513300005,False,coincide_si_lonlat,pos_c7b2427c0ac2874b,pendiente,validada,desconocido,,,,,100,auditoria_geologica_u3,2026-09-27,IGME BDMIN inventario indicios Hoja 0027; IGME MAGNA 50 Hoja 0027 https://info.igme.es/cartografiadigital/datos/magna50/memorias/MMagna0027.pdf,Indicio menor/muestra de batea fluvial sin denominación minera ni laboreo contrastado; mantenido en estado pendiente sin asignar deposit_id para evitar agrupaciones espurias
gpkg:44f874e0d3404a1c13ef2b13e6ecb8ea39b189992e387651298f79c6169e0960:361,0027009,,ASTURIAS,Valdés,Aluvionar,aluvial,-6.474374500999943,43.470259412000075,False,coincide_si_lonlat,pos_a8c4b4016a51b8c2,pendiente,validada,aluvial,,,,,100,auditoria_geologica_u3,2026-09-27,IGME BDMIN inventario indicios Hoja 0027; IGME MAGNA 50 Hoja 0027 https://info.igme.es/cartografiadigital/datos/magna50/memorias/MMagna0027.pdf,Indicio menor/muestra de batea fluvial sin denominación minera ni laboreo contrastado; mantenido en estado pendiente sin asignar deposit_id para evitar agrupaciones espurias
gpkg:44f874e0d3404a1c13ef2b13e6ecb8ea39b189992e387651298f79c6169e0960:364,0027012,,ASTURIAS,Valdés,Desconocida,desconocido,-6.457219823999935,43.48428549700003,False,coincide_si_lonlat,pos_aff87ae4a2a286ec,pendiente,validada,desconocido,,,,,100,auditoria_geologica_u3,2026-09-27,IGME BDMIN inventario indicios Hoja 0027; IGME MAGNA 50 Hoja 0027 https://info.igme.es/cartografiadigital/datos/magna50/memorias/MMagna0027.pdf,Indicio menor/muestra de batea fluvial sin denominación minera ni laboreo contrastado; mantenido en estado pendiente sin asignar deposit_id para evitar agrupaciones espurias
gpkg:44f874e0d3404a1c13ef2b13e6ecb8ea39b189992e387651298f79c6169e0960:365,0027013,,ASTURIAS,Valdés,Desconocida,desconocido,-6.435067015999948,43.49639606100004,False,coincide_si_lonlat,pos_4ca7a51254274ac6,pendiente,validada,desconocido,,,,,100,auditoria_geologica_u3,2026-09-27,IGME BDMIN inventario indicios Hoja 0027; IGME MAGNA 50 Hoja 0027 https://info.igme.es/cartografiadigital/datos/magna50/memorias/MMagna0027.pdf,Indicio menor/muestra de batea fluvial sin denominación minera ni laboreo contrastado; mantenido en estado pendiente sin asignar deposit_id para evitar agrupaciones espurias
gpkg:44f874e0d3404a1c13ef2b13e6ecb8ea39b189992e387651298f79c6169e0960:371,0027019,Los Fornones.,LEON,Molinaseca,Desconocida,desconocido,-6.484893899999975,42.511050270000055,False,coincide_si_lonlat,pos_7226ecad00ae7a38,pendiente,validada,desconocido,,,,,100,auditoria_geologica_u3,2026-09-27,IGME BDMIN inventario indicios Hoja 0027; IGME MAGNA 50 Hoja 0027 https://info.igme.es/cartografiadigital/datos/magna50/memorias/MMagna0027.pdf,Indicio 'Los Fornones.' sin laboreo minero probado o continuidad estructural contrastada en fuentes documentales; mantenido en estado pendiente sin asignar deposit_id para evitar agrupaciones por proximidad
gpkg:44f874e0d3404a1c13ef2b13e6ecb8ea39b189992e387651298f79c6169e0960:391,0027039,Ortosa,ASTURIAS,Salas,Isométrica,desconocido,-6.262166742999966,43.38118425500005,False,coincide_si_lonlat,pos_22cd4a1114bd1d49,pendiente,validada,desconocido,,,,,100,auditoria_geologica_u3,2026-09-27,IGME BDMIN inventario indicios Hoja 0027; IGME MAGNA 50 Hoja 0027 https://info.igme.es/cartografiadigital/datos/magna50/memorias/MMagna0027.pdf,Indicio 'Ortosa' sin laboreo minero probado o continuidad estructural contrastada en fuentes documentales; mantenido en estado pendiente sin asignar deposit_id para evitar agrupaciones por proximidad
gpkg:44f874e0d3404a1c13ef2b13e6ecb8ea39b189992e387651298f79c6169e0960:393,0027041,El Llao.,ASTURIAS,Salas,Isométrica,desconocido,-6.26537091299997,43.37855974100006,False,coincide_si_lonlat,pos_b9bea54dddcb717c,pendiente,validada,desconocido,,,,,100,auditoria_geologica_u3,2026-09-27,IGME BDMIN inventario indicios Hoja 0027; IGME MAGNA 50 Hoja 0027 https://info.igme.es/cartografiadigital/datos/magna50/memorias/MMagna0027.pdf,Indicio 'El Llao.' sin laboreo minero probado o continuidad estructural contrastada en fuentes documentales; mantenido en estado pendiente sin asignar deposit_id para evitar agrupaciones por proximidad
gpkg:44f874e0d3404a1c13ef2b13e6ecb8ea39b189992e387651298f79c6169e0960:394,0027042,,ASTURIAS,Salas,Filoniana,roca,-6.252918338999962,43.380962329000056,False,coincide_si_lonlat,pos_5fb00318eb808c45,pendiente,validada,roca,,,,,100,auditoria_geologica_u3,2026-09-27,IGME BDMIN inventario indicios Hoja 0027; IGME MAGNA 50 Hoja 0027 https://info.igme.es/cartografiadigital/datos/magna50/memorias/MMagna0027.pdf,Indicio menor/muestra de batea fluvial sin denominación minera ni laboreo contrastado; mantenido en estado pendiente sin asignar deposit_id para evitar agrupaciones espurias
gpkg:44f874e0d3404a1c13ef2b13e6ecb8ea39b189992e387651298f79c6169e0960:395,0027043,Carles,ASTURIAS,Salas,Filoniana,roca,-6.247546571999976,43.36327510900003,False,coincide_si_lonlat,pos_2da2a6620b35490c,confirmada,validada,roca,dep_carles,dist_cinturon_narcea,,,25,auditoria_geologica_u3,2026-09-27,"Cepedal, A. et al. (2000) J. Geochem. Explor. 71(2):273-289 (DOI:10.1016/S0375-6742(00)00156-5); IGME MAGNA 50 Hoja 27 (Tineo/Salas) https://info.igme.es/cartografiadigital/datos/magna50/memorias/MMagna0027.pdf","Yacimiento de Au-Cu tipo skarn proximal en la aureola de la granodiorita de Carlés; labores Norte (Carlés), Este (Bandanaso), Sur (Mina del Cura) y Mouro unificadas en el mismo cuerpo intrusivo"
gpkg:44f874e0d3404a1c13ef2b13e6ecb8ea39b189992e387651298f79c6169e0960:396,0027044,Mina Bandanaso.,ASTURIAS,Salas,Irregular,desconocido,-6.243221776999974,43.36339597700004,False,coincide_si_lonlat,pos_fbd4e7acada9898b,confirmada,validada,roca,dep_carles,dist_cinturon_narcea,,,25,auditoria_geologica_u3,2026-09-27,"Cepedal, A. et al. (2000) J. Geochem. Explor. 71(2):273-289 (DOI:10.1016/S0375-6742(00)00156-5); IGME MAGNA 50 Hoja 27 (Tineo/Salas) https://info.igme.es/cartografiadigital/datos/magna50/memorias/MMagna0027.pdf","Yacimiento de Au-Cu tipo skarn proximal en la aureola de la granodiorita de Carlés; labores Norte (Carlés), Este (Bandanaso), Sur (Mina del Cura) y Mouro unificadas en el mismo cuerpo intrusivo"
gpkg:44f874e0d3404a1c13ef2b13e6ecb8ea39b189992e387651298f79c6169e0960:397,0027045,Mina de Cura.,ASTURIAS,Belmonte de Miranda,Estratiforme/Estratoide,desconocido,-6.246044623999978,43.35828667200008,False,coincide_si_lonlat,pos_096162806d2f9b4e,confirmada,validada,roca,dep_carles,dist_cinturon_narcea,,,25,auditoria_geologica_u3,2026-09-27,"Cepedal, A. et al. (2000) J. Geochem. Explor. 71(2):273-289 (DOI:10.1016/S0375-6742(00)00156-5); IGME MAGNA 50 Hoja 27 (Tineo/Salas) https://info.igme.es/cartografiadigital/datos/magna50/memorias/MMagna0027.pdf","Yacimiento de Au-Cu tipo skarn proximal en la aureola de la granodiorita de Carlés; labores Norte (Carlés), Este (Bandanaso), Sur (Mina del Cura) y Mouro unificadas en el mismo cuerpo intrusivo"
gpkg:44f874e0d3404a1c13ef2b13e6ecb8ea39b189992e387651298f79c6169e0960:399,0027047,Mina de Mouro,ASTURIAS,Salas,Irregular,desconocido,-6.243950186999939,43.36093741700006,False,coincide_si_lonlat,pos_578bb83891563551,confirmada,validada,roca,dep_carles,dist_cinturon_narcea,,,25,auditoria_geologica_u3,2026-09-27,"Cepedal, A. et al. (2000) J. Geochem. Explor. 71(2):273-289 (DOI:10.1016/S0375-6742(00)00156-5); IGME MAGNA 50 Hoja 27 (Tineo/Salas) https://info.igme.es/cartografiadigital/datos/magna50/memorias/MMagna0027.pdf","Yacimiento de Au-Cu tipo skarn proximal en la aureola de la granodiorita de Carlés; labores Norte (Carlés), Este (Bandanaso), Sur (Mina del Cura) y Mouro unificadas en el mismo cuerpo intrusivo"
gpkg:44f874e0d3404a1c13ef2b13e6ecb8ea39b189992e387651298f79c6169e0960:401,0027049,,ASTURIAS,Belmonte de Miranda,Irregular,desconocido,-6.24330290599994,43.33435966400003,False,coincide_si_lonlat,pos_e4fcd0986828eb42,pendiente,validada,desconocido,,,,,100,auditoria_geologica_u3,2026-09-27,IGME BDMIN inventario indicios Hoja 0027; IGME MAGNA 50 Hoja 0027 https://info.igme.es/cartografiadigital/datos/magna50/memorias/MMagna0027.pdf,Indicio menor/muestra de batea fluvial sin denominación minera ni laboreo contrastado; mantenido en estado pendiente sin asignar deposit_id para evitar agrupaciones espurias
gpkg:44f874e0d3404a1c13ef2b13e6ecb8ea39b189992e387651298f79c6169e0960:803,0043007,ALLONES,CORUÑA,Ponteceso,Aluvionar,aluvial,-8.888260920999926,43.22345524000008,False,coincide_si_lonlat,pos_6586f74105fe6d7b,pendiente,validada,aluvial,,,,,100,auditoria_geologica_u3,2026-09-27,IGME BDMIN inventario indicios Hoja 0043; IGME MAGNA 50 Hoja 0043 https://info.igme.es/cartografiadigital/datos/magna50/memorias/MMagna0043.pdf,Indicio 'ALLONES' sin laboreo minero probado o continuidad estructural contrastada en fuentes documentales; mantenido en estado pendiente sin asignar deposit_id para evitar agrupaciones por proximidad
gpkg:44f874e0d3404a1c13ef2b13e6ecb8ea39b189992e387651298f79c6169e0960:805,0043009,Corcoesto,CORUÑA,Cabanas,Filoniana,roca,-8.88535873099994,43.22143530200003,False,coincide_si_lonlat,pos_db35f2af44f7c8f5,pendiente,pendiente,roca,dep_corcoesto,dist_galicia_costa_da_morte,,,,auditoria_geologica_u3,2026-09-27,IGME BDMIN Hoja 43; IGME MAGNA 50 Hoja 43 (Lage) https://info.igme.es/cartografiadigital/datos/magna50/memorias/MMagna0043.pdf,Discrepancia geométrica de 4.5 km al oeste respecto al yacimiento real de Corcoesto (Hoja 44); probable artefacto de digitalización en límite de hoja cartográfica. Se mantiene pendiente hasta verificar el expediente
gpkg:44f874e0d3404a1c13ef2b13e6ecb8ea39b189992e387651298f79c6169e0960:807,0044002,CORCOESTO,CORUÑA,Cabana,Filoniana,roca,-8.829167432999952,43.21933026200003,False,coincide_si_lonlat,pos_9cc151007d78972f,confirmada,validada,roca,dep_corcoesto,dist_galicia_costa_da_morte,,,25,auditoria_geologica_u3,2026-09-27,"Castroviejo, R. (1990) Chron. Rech. Min. 500:25-46; IGME MAGNA 50 Hoja 44 (Carballo) https://info.igme.es/cartografiadigital/datos/magna50/memorias/MMagna0044.pdf","Yacimiento filoniano orogénico de oro y arsenopirita en la Cizalla Malpica-Tui; labores mineras históricas y sondeos en Pozo Petaca, Monte Cotiño y Mina Emilita"
gpkg:44f874e0d3404a1c13ef2b13e6ecb8ea39b189992e387651298f79c6169e0960:819,0044014,MONTE MINA-IMENDE,CORUÑA,Carballo,Filoniana,roca,-8.634767385999965,43.29901762600008,False,coincide_si_lonlat,pos_b8362bcc8e86b0de,pendiente,validada,roca,,,,,100,auditoria_geologica_u3,2026-09-27,IGME BDMIN inventario indicios Hoja 0044; IGME MAGNA 50 Hoja 0044 https://info.igme.es/cartografiadigital/datos/magna50/memorias/MMagna0044.pdf,Indicio 'MONTE MINA-IMENDE' sin laboreo minero probado o continuidad estructural contrastada en fuentes documentales; mantenido en estado pendiente sin asignar deposit_id para evitar agrupaciones por proximidad
gpkg:44f874e0d3404a1c13ef2b13e6ecb8ea39b189992e387651298f79c6169e0960:839,0046006,ARANGA,CORUÑA,Aranga,Filoniana,roca,-8.003890661999947,43.23997660300006,False,coincide_si_lonlat,pos_76680eebf17c783d,pendiente,validada,roca,,,,,100,auditoria_geologica_u3,2026-09-27,IGME BDMIN inventario indicios Hoja 0046; IGME MAGNA 50 Hoja 0046 https://info.igme.es/cartografiadigital/datos/magna50/memorias/MMagna0046.pdf,Indicio 'ARANGA' sin laboreo minero probado o continuidad estructural contrastada en fuentes documentales; mantenido en estado pendiente sin asignar deposit_id para evitar agrupaciones por proximidad
gpkg:44f874e0d3404a1c13ef2b13e6ecb8ea39b189992e387651298f79c6169e0960:867,0049011,CUEVA DEL OSO,ASTURIAS,San Martín de Oscos,Filoniana,roca,-6.963907745999961,43.257531579000045,False,coincide_si_lonlat,pos_6d5709b4ef2d0975,pendiente,validada,roca,,,,,100,auditoria_geologica_u3,2026-09-27,IGME BDMIN inventario indicios Hoja 0049; IGME MAGNA 50 Hoja 0049 https://info.igme.es/cartografiadigital/datos/magna50/memorias/MMagna0049.pdf,Indicio 'CUEVA DEL OSO' sin laboreo minero probado o continuidad estructural contrastada en fuentes documentales; mantenido en estado pendiente sin asignar deposit_id para evitar agrupaciones por proximidad
gpkg:44f874e0d3404a1c13ef2b13e6ecb8ea39b189992e387651298f79c6169e0960:880,0049024,MINA ISABEL,ASTURIAS,San Martín de Oscos,Filoniana,roca,-6.929427483999973,43.31886269100005,False,coincide_si_lonlat,pos_48d517ba2cb50384,pendiente,validada,roca,,,,,100,auditoria_geologica_u3,2026-09-27,IGME BDMIN inventario indicios Hoja 0049; IGME MAGNA 50 Hoja 0049 https://info.igme.es/cartografiadigital/datos/magna50/memorias/MMagna0049.pdf,Indicio 'MINA ISABEL' sin laboreo minero probado o continuidad estructural contrastada en fuentes documentales; mantenido en estado pendiente sin asignar deposit_id para evitar agrupaciones por proximidad
gpkg:44f874e0d3404a1c13ef2b13e6ecb8ea39b189992e387651298f79c6169e0960:889,0050004,CUEVA DE LOS MOROS,ASTURIAS,Allande,Filoniana,roca,-6.736745485999961,43.23381148800007,False,coincide_si_lonlat,pos_54ede49f8e07575e,pendiente,validada,roca,,,,,100,auditoria_geologica_u3,2026-09-27,IGME BDMIN inventario indicios Hoja 0050; IGME MAGNA 50 Hoja 0050 https://info.igme.es/cartografiadigital/datos/magna50/memorias/MMagna0050.pdf,Indicio 'CUEVA DE LOS MOROS' sin laboreo minero probado o continuidad estructural contrastada en fuentes documentales; mantenido en estado pendiente sin asignar deposit_id para evitar agrupaciones por proximidad
gpkg:44f874e0d3404a1c13ef2b13e6ecb8ea39b189992e387651298f79c6169e0960:891,0050006,CARCABON DE ORUGA,ASTURIAS,Allande,Filoniana,roca,-6.699458212999957,43.249455124000065,False,coincide_si_lonlat,pos_1f4d7b39d6209a83,pendiente,validada,roca,,,,,100,auditoria_geologica_u3,2026-09-27,IGME BDMIN inventario indicios Hoja 0050; IGME MAGNA 50 Hoja 0050 https://info.igme.es/cartografiadigital/datos/magna50/memorias/MMagna0050.pdf,Indicio 'CARCABON DE ORUGA' sin laboreo minero probado o continuidad estructural contrastada en fuentes documentales; mantenido en estado pendiente sin asignar deposit_id para evitar agrupaciones por proximidad
gpkg:44f874e0d3404a1c13ef2b13e6ecb8ea39b189992e387651298f79c6169e0960:892,0050007,PUERTO DEL PALO,ASTURIAS,Allande,Filoniana,roca,-6.6760916069999325,43.26789161000005,False,coincide_si_lonlat,pos_5baa2bc547f86ce2,confirmada,validada,roca,dep_fana_la_freita,dist_asturoccidental_allande,,,50,auditoria_geologica_u3,2026-09-27,Sánchez-Palencia & Pérez García (2005); IGME MAGNA 50 Hoja 50 (Pola de Allande) https://info.igme.es/cartografiadigital/datos/magna50/memorias/MMagna0050.pdf,Gran corta romana por ruina montium de La Fana de la Freita y Puerto del Palo; filones de cuarzo y derrubios auríferos en pizarras de Luarca
gpkg:44f874e0d3404a1c13ef2b13e6ecb8ea39b189992e387651298f79c6169e0960:893,0050008,CUEVA DE JUAN RATA,ASTURIAS,Allande,Estratiforme/Estratoide,desconocido,-6.688765305999937,43.28138497900005,False,coincide_si_lonlat,pos_81e211e25d301056,confirmada,validada,roca,dep_fana_la_freita,dist_asturoccidental_allande,,,50,auditoria_geologica_u3,2026-09-27,Sánchez-Palencia & Pérez García (2005); IGME MAGNA 50 Hoja 50 (Pola de Allande) https://info.igme.es/cartografiadigital/datos/magna50/memorias/MMagna0050.pdf,Gran corta romana por ruina montium de La Fana de la Freita y Puerto del Palo; filones de cuarzo y derrubios auríferos en pizarras de Luarca
gpkg:44f874e0d3404a1c13ef2b13e6ecb8ea39b189992e387651298f79c6169e0960:894,0050009,FANA DE LA FREITA,ASTURIAS,Allande,Desconocida,desconocido,-6.681827971999951,43.285566568000036,False,coincide_si_lonlat,pos_b05a92c9b9a15625,confirmada,validada,roca,dep_fana_la_freita,dist_asturoccidental_allande,,,50,auditoria_geologica_u3,2026-09-27,Sánchez-Palencia & Pérez García (2005); IGME MAGNA 50 Hoja 50 (Pola de Allande) https://info.igme.es/cartografiadigital/datos/magna50/memorias/MMagna0050.pdf,Gran corta romana por ruina montium de La Fana de la Freita y Puerto del Palo; filones de cuarzo y derrubios auríferos en pizarras de Luarca
gpkg:44f874e0d3404a1c13ef2b13e6ecb8ea39b189992e387651298f79c6169e0960:895,0050010,PEÑON DE FURACON,ASTURIAS,Allande,Filoniana,roca,-6.694376427999941,43.32859082600004,False,coincide_si_lonlat,pos_165ae0ef26befe6a,confirmada,validada,roca,dep_fana_la_freita,dist_asturoccidental_allande,,,50,auditoria_geologica_u3,2026-09-27,Sánchez-Palencia & Pérez García (2005); IGME MAGNA 50 Hoja 50 (Pola de Allande) https://info.igme.es/cartografiadigital/datos/magna50/memorias/MMagna0050.pdf,Gran corta romana por ruina montium de La Fana de la Freita y Puerto del Palo; filones de cuarzo y derrubios auríferos en pizarras de Luarca
gpkg:44f874e0d3404a1c13ef2b13e6ecb8ea39b189992e387651298f79c6169e0960:896,0050011,SANTIAGO DE CERREDO-LA MORTERA,ASTURIAS,Tineo,Filoniana,roca,-6.580833876999975,43.33029600800006,False,coincide_si_lonlat,pos_18e4fc63e93c906c,pendiente,validada,roca,,,,,100,auditoria_geologica_u3,2026-09-27,IGME BDMIN inventario indicios Hoja 0050; IGME MAGNA 50 Hoja 0050 https://info.igme.es/cartografiadigital/datos/magna50/memorias/MMagna0050.pdf,Indicio 'SANTIAGO DE CERREDO-LA MORTERA' sin laboreo minero probado o continuidad estructural contrastada en fuentes documentales; mantenido en estado pendiente sin asignar deposit_id para evitar agrupaciones por proximidad
gpkg:44f874e0d3404a1c13ef2b13e6ecb8ea39b189992e387651298f79c6169e0960:897,0050012,LA MORTERA,ASTURIAS,Tineo,Desconocida,desconocido,-6.582369736999965,43.322674859000074,False,coincide_si_lonlat,pos_990f549b86f4c81c,pendiente,validada,desconocido,,,,,100,auditoria_geologica_u3,2026-09-27,IGME BDMIN inventario indicios Hoja 0050; IGME MAGNA 50 Hoja 0050 https://info.igme.es/cartografiadigital/datos/magna50/memorias/MMagna0050.pdf,Indicio 'LA MORTERA' sin laboreo minero probado o continuidad estructural contrastada en fuentes documentales; mantenido en estado pendiente sin asignar deposit_id para evitar agrupaciones por proximidad
gpkg:44f874e0d3404a1c13ef2b13e6ecb8ea39b189992e387651298f79c6169e0960:898,0050013,PORCILES,ASTURIAS,Tineo,Desconocida,desconocido,-6.6013127109999346,43.302003898000066,False,coincide_si_lonlat,pos_3c3545cfd806b05e,pendiente,validada,desconocido,,,,,100,auditoria_geologica_u3,2026-09-27,IGME BDMIN inventario indicios Hoja 0050; IGME MAGNA 50 Hoja 0050 https://info.igme.es/cartografiadigital/datos/magna50/memorias/MMagna0050.pdf,Indicio 'PORCILES' sin laboreo minero probado o continuidad estructural contrastada en fuentes documentales; mantenido en estado pendiente sin asignar deposit_id para evitar agrupaciones por proximidad
gpkg:44f874e0d3404a1c13ef2b13e6ecb8ea39b189992e387651298f79c6169e0960:899,0050014,LAVADOIRA,ASTURIAS,Tineo,Filoniana,roca,-6.601405992999958,43.29336170400006,False,coincide_si_lonlat,pos_24127784e3c35395,pendiente,validada,roca,,,,,100,auditoria_geologica_u3,2026-09-27,IGME BDMIN inventario indicios Hoja 0050; IGME MAGNA 50 Hoja 0050 https://info.igme.es/cartografiadigital/datos/magna50/memorias/MMagna0050.pdf,Indicio 'LAVADOIRA' sin laboreo minero probado o continuidad estructural contrastada en fuentes documentales; mantenido en estado pendiente sin asignar deposit_id para evitar agrupaciones por proximidad
gpkg:44f874e0d3404a1c13ef2b13e6ecb8ea39b189992e387651298f79c6169e0960:900,0050015,CALEYO,ASTURIAS,Allande,Filoniana,roca,-6.60811113699998,43.279545496000026,False,coincide_si_lonlat,pos_b766f188e35a708d,pendiente,validada,roca,,,,,100,auditoria_geologica_u3,2026-09-27,IGME BDMIN inventario indicios Hoja 0050; IGME MAGNA 50 Hoja 0050 https://info.igme.es/cartografiadigital/datos/magna50/memorias/MMagna0050.pdf,Indicio 'CALEYO' sin laboreo minero probado o continuidad estructural contrastada en fuentes documentales; mantenido en estado pendiente sin asignar deposit_id para evitar agrupaciones por proximidad
gpkg:44f874e0d3404a1c13ef2b13e6ecb8ea39b189992e387651298f79c6169e0960:901,0050016,CARCOBAS DE CERECEDA,ASTURIAS,Allande,Filoniana,roca,-6.621625556999959,43.258487211000045,False,coincide_si_lonlat,pos_8804fbf8ee55d7b1,pendiente,validada,roca,,,,,100,auditoria_geologica_u3,2026-09-27,IGME BDMIN inventario indicios Hoja 0050; IGME MAGNA 50 Hoja 0050 https://info.igme.es/cartografiadigital/datos/magna50/memorias/MMagna0050.pdf,Indicio 'CARCOBAS DE CERECEDA' sin laboreo minero probado o continuidad estructural contrastada en fuentes documentales; mantenido en estado pendiente sin asignar deposit_id para evitar agrupaciones por proximidad
gpkg:44f874e0d3404a1c13ef2b13e6ecb8ea39b189992e387651298f79c6169e0960:902,0050017,LA SIENRA,ASTURIAS,Allande,Filoniana,roca,-6.624026221999941,43.250613300000055,False,coincide_si_lonlat,pos_8c176889c0acb2e0,pendiente,validada,roca,,,,,100,auditoria_geologica_u3,2026-09-27,IGME BDMIN inventario indicios Hoja 0050; IGME MAGNA 50 Hoja 0050 https://info.igme.es/cartografiadigital/datos/magna50/memorias/MMagna0050.pdf,Indicio 'LA SIENRA' sin laboreo minero probado o continuidad estructural contrastada en fuentes documentales; mantenido en estado pendiente sin asignar deposit_id para evitar agrupaciones por proximidad
gpkg:44f874e0d3404a1c13ef2b13e6ecb8ea39b189992e387651298f79c6169e0960:903,0050018,FIGUERAS,ASTURIAS,Allande,Filoniana,roca,-6.583902222999939,43.25598516200006,False,coincide_si_lonlat,pos_c89dd39c49bcfb77,pendiente,validada,roca,,,,,100,auditoria_geologica_u3,2026-09-27,IGME BDMIN inventario indicios Hoja 0050; IGME MAGNA 50 Hoja 0050 https://info.igme.es/cartografiadigital/datos/magna50/memorias/MMagna0050.pdf,Indicio 'FIGUERAS' sin laboreo minero probado o continuidad estructural contrastada en fuentes documentales; mantenido en estado pendiente sin asignar deposit_id para evitar agrupaciones por proximidad
gpkg:44f874e0d3404a1c13ef2b13e6ecb8ea39b189992e387651298f79c6169e0960:904,0050019,COLLADO DEL POZO,ASTURIAS,Allande,Filoniana,roca,-6.63242212199998,43.22467479900007,False,coincide_si_lonlat,pos_cd633200be71436b,pendiente,validada,roca,,,,,100,auditoria_geologica_u3,2026-09-27,IGME BDMIN inventario indicios Hoja 0050; IGME MAGNA 50 Hoja 0050 https://info.igme.es/cartografiadigital/datos/magna50/memorias/MMagna0050.pdf,Indicio 'COLLADO DEL POZO' sin laboreo minero probado o continuidad estructural contrastada en fuentes documentales; mantenido en estado pendiente sin asignar deposit_id para evitar agrupaciones por proximidad
gpkg:44f874e0d3404a1c13ef2b13e6ecb8ea39b189992e387651298f79c6169e0960:905,0050020,CARCOBAS DE ABANIELLA,ASTURIAS,Allande,Filoniana,roca,-6.635794871999963,43.22024240800005,False,coincide_si_lonlat,pos_a9367d18393640e2,pendiente,validada,roca,,,,,100,auditoria_geologica_u3,2026-09-27,IGME BDMIN inventario indicios Hoja 0050; IGME MAGNA 50 Hoja 0050 https://info.igme.es/cartografiadigital/datos/magna50/memorias/MMagna0050.pdf,Indicio 'CARCOBAS DE ABANIELLA' sin laboreo minero probado o continuidad estructural contrastada en fuentes documentales; mantenido en estado pendiente sin asignar deposit_id para evitar agrupaciones por proximidad
gpkg:44f874e0d3404a1c13ef2b13e6ecb8ea39b189992e387651298f79c6169e0960:907,0050022,CARCABON DE FAIDIEL,ASTURIAS,Cangas del Narcea,Filoniana,roca,-6.650879427999939,43.18651666200003,False,coincide_si_lonlat,pos_9b46f3f958be5ff8,pendiente,validada,roca,,,,,100,auditoria_geologica_u3,2026-09-27,IGME BDMIN inventario indicios Hoja 0050; IGME MAGNA 50 Hoja 0050 https://info.igme.es/cartografiadigital/datos/magna50/memorias/MMagna0050.pdf,Indicio 'CARCABON DE FAIDIEL' sin laboreo minero probado o continuidad estructural contrastada en fuentes documentales; mantenido en estado pendiente sin asignar deposit_id para evitar agrupaciones por proximidad
gpkg:44f874e0d3404a1c13ef2b13e6ecb8ea39b189992e387651298f79c6169e0960:909,0050024,PUMAR,ASTURIAS,Cangas del Narcea,Filoniana,roca,-6.653987737999955,43.17604527100008,False,coincide_si_lonlat,pos_21238829ee93538f,pendiente,validada,roca,,,,,100,auditoria_geologica_u3,2026-09-27,IGME BDMIN inventario indicios Hoja 0050; IGME MAGNA 50 Hoja 0050 https://info.igme.es/cartografiadigital/datos/magna50/memorias/MMagna0050.pdf,Indicio 'PUMAR' sin laboreo minero probado o continuidad estructural contrastada en fuentes documentales; mantenido en estado pendiente sin asignar deposit_id para evitar agrupaciones por proximidad
gpkg:44f874e0d3404a1c13ef2b13e6ecb8ea39b189992e387651298f79c6169e0960:912,0050027,REGATO VEGARRONDA,ASTURIAS,Tineo,Filoniana,roca,-6.530057638999949,43.27446375900007,False,coincide_si_lonlat,pos_dbfa4ca5493f16bf,pendiente,validada,roca,,,,,100,auditoria_geologica_u3,2026-09-27,IGME BDMIN inventario indicios Hoja 0050; IGME MAGNA 50 Hoja 0050 https://info.igme.es/cartografiadigital/datos/magna50/memorias/MMagna0050.pdf,Indicio 'REGATO VEGARRONDA' sin laboreo minero probado o continuidad estructural contrastada en fuentes documentales; mantenido en estado pendiente sin asignar deposit_id para evitar agrupaciones por proximidad
gpkg:44f874e0d3404a1c13ef2b13e6ecb8ea39b189992e387651298f79c6169e0960:926,0051014,BOINAS,ASTURIAS,Belmonte de Miranda,Desconocida,desconocido,-6.309434360999944,43.275337155000045,False,coincide_si_lonlat,pos_b4f8fbfdf15d3015,confirmada,validada,roca,dep_el_valle_boinas,dist_cinturon_narcea,,,25,auditoria_geologica_u3,2026-09-27,Martín-Izard et al. (2000) J. Geochem. Explor. 71:173-190 (DOI:10.1016/S0375-6742(00)00150-4); Cepedal et al. (2008) Miner. Deposita 43:555-573 (DOI:10.1007/s00126-008-0182-3); IGME MAGNA 50 Hoja 51 (Belmonte) https://info.igme.es/cartografiadigital/datos/magna50/memorias/MMagna0051.pdf,Complejo minero industrial activo El Valle-Boinás-Begega (Orvana/Río Narcea); mineralización orogénica de skarn y jasperoides auríferos en carbonatos cámbricos
gpkg:44f874e0d3404a1c13ef2b13e6ecb8ea39b189992e387651298f79c6169e0960:927,0051015,MINA DE LAS PENIELLAS,ASTURIAS,Belmonte de Miranda,Filoniana,roca,-6.303668293999976,43.27754241000008,False,coincide_si_lonlat,pos_b70663125f26d2c1,confirmada,validada,roca,dep_el_valle_boinas,dist_cinturon_narcea,,,25,auditoria_geologica_u3,2026-09-27,Martín-Izard et al. (2000) J. Geochem. Explor. 71:173-190 (DOI:10.1016/S0375-6742(00)00150-4); Cepedal et al. (2008) Miner. Deposita 43:555-573 (DOI:10.1007/s00126-008-0182-3); IGME MAGNA 50 Hoja 51 (Belmonte) https://info.igme.es/cartografiadigital/datos/magna50/memorias/MMagna0051.pdf,Complejo minero industrial activo El Valle-Boinás-Begega (Orvana/Río Narcea); mineralización orogénica de skarn y jasperoides auríferos en carbonatos cámbricos
gpkg:44f874e0d3404a1c13ef2b13e6ecb8ea39b189992e387651298f79c6169e0960:928,0051016,EL VALLE-LACANAL,ASTURIAS,Belmonte de Miranda,Filoniana,roca,-6.2953908009999395,43.286351111000045,False,coincide_si_lonlat,pos_3c400c6d6057a765,confirmada,validada,roca,dep_el_valle_boinas,dist_cinturon_narcea,,,25,auditoria_geologica_u3,2026-09-27,Martín-Izard et al. (2000) J. Geochem. Explor. 71:173-190 (DOI:10.1016/S0375-6742(00)00150-4); Cepedal et al. (2008) Miner. Deposita 43:555-573 (DOI:10.1007/s00126-008-0182-3); IGME MAGNA 50 Hoja 51 (Belmonte) https://info.igme.es/cartografiadigital/datos/magna50/memorias/MMagna0051.pdf,Complejo minero industrial activo El Valle-Boinás-Begega (Orvana/Río Narcea); mineralización orogénica de skarn y jasperoides auríferos en carbonatos cámbricos
gpkg:44f874e0d3404a1c13ef2b13e6ecb8ea39b189992e387651298f79c6169e0960:929,0051017,BELMONTE,ASTURIAS,Belmonte de Miranda,Desconocida,desconocido,-6.284421828999939,43.28356990200007,False,coincide_si_lonlat,pos_b394f2aa877138a8,pendiente,pendiente,roca,dep_el_valle_boinas,dist_cinturon_narcea,,,100,auditoria_geologica_u3,2026-09-27,IGME MAGNA 50 Hoja 51 (Belmonte de Miranda) https://info.igme.es/cartografiadigital/datos/magna50/memorias/MMagna0051.pdf,Registro genérico próximo al casco de Belmonte de Miranda con morfología desconocida; no se confirma laboreo directo sin documentación de sondeos u obras mineras
gpkg:44f874e0d3404a1c13ef2b13e6ecb8ea39b189992e387651298f79c6169e0960:931,0051019,COLLADO DAS ESTACAS,ASTURIAS,Belmonte de Miranda,Desconocida,desconocido,-6.268713005999928,43.27932386900005,False,coincide_si_lonlat,pos_630c1244221ea6df,pendiente,pendiente,desconocido,,dist_cinturon_narcea,,,,auditoria_geologica_u3,2026-09-27,IGME BDMIN inventario indicios Hoja 51; IGME MAGNA 50 Hoja 51 https://info.igme.es/cartografiadigital/datos/magna50/memorias/MMagna0051.pdf,Situado a 2 km al este de la huella minera en morfología desconocida; segregado de dep_el_valle_boinas para evitar agrupación espuria por proximidad
gpkg:44f874e0d3404a1c13ef2b13e6ecb8ea39b189992e387651298f79c6169e0960:934,0051022,BEGEGA,ASTURIAS,Belmonte de Miranda,Desconocida,desconocido,-6.293424222999931,43.28900583400008,False,coincide_si_lonlat,pos_5b74ecfc0fdb9bd3,confirmada,validada,roca,dep_el_valle_boinas,dist_cinturon_narcea,,,25,auditoria_geologica_u3,2026-09-27,Martín-Izard et al. (2000) J. Geochem. Explor. 71:173-190 (DOI:10.1016/S0375-6742(00)00150-4); Cepedal et al. (2008) Miner. Deposita 43:555-573 (DOI:10.1007/s00126-008-0182-3); IGME MAGNA 50 Hoja 51 (Belmonte) https://info.igme.es/cartografiadigital/datos/magna50/memorias/MMagna0051.pdf,Complejo minero industrial activo El Valle-Boinás-Begega (Orvana/Río Narcea); mineralización orogénica de skarn y jasperoides auríferos en carbonatos cámbricos
gpkg:44f874e0d3404a1c13ef2b13e6ecb8ea39b189992e387651298f79c6169e0960:936,0051024,FUENTE DE ORO,ASTURIAS,Belmonte de Miranda,Estratiforme/Estratoide,desconocido,-6.28480114599995,43.311041715000044,False,coincide_si_lonlat,pos_55bb299f4e617acf,pendiente,validada,desconocido,,,,,100,auditoria_geologica_u3,2026-09-27,IGME BDMIN inventario indicios Hoja 0051; IGME MAGNA 50 Hoja 0051 https://info.igme.es/cartografiadigital/datos/magna50/memorias/MMagna0051.pdf,Indicio 'FUENTE DE ORO' sin laboreo minero probado o continuidad estructural contrastada en fuentes documentales; mantenido en estado pendiente sin asignar deposit_id para evitar agrupaciones por proximidad
gpkg:44f874e0d3404a1c13ef2b13e6ecb8ea39b189992e387651298f79c6169e0960:940,0051028,ANTOÑANA,ASTURIAS,Belmonte de Miranda,Filoniana,roca,-6.266550227999971,43.32483332500004,False,coincide_si_lonlat,pos_ab14d94aaa77d2fa,pendiente,validada,roca,,,,,100,auditoria_geologica_u3,2026-09-27,IGME BDMIN inventario indicios Hoja 0051; IGME MAGNA 50 Hoja 0051 https://info.igme.es/cartografiadigital/datos/magna50/memorias/MMagna0051.pdf,Indicio 'ANTOÑANA' sin laboreo minero probado o continuidad estructural contrastada en fuentes documentales; mantenido en estado pendiente sin asignar deposit_id para evitar agrupaciones por proximidad
gpkg:44f874e0d3404a1c13ef2b13e6ecb8ea39b189992e387651298f79c6169e0960:941,0051029,MILLARA,ASTURIAS,Belmonte de Miranda,Irregular,desconocido,-6.260299120999946,43.32945586500006,False,coincide_si_lonlat,pos_959f704c198f5362,pendiente,validada,desconocido,,,,,100,auditoria_geologica_u3,2026-09-27,IGME BDMIN inventario indicios Hoja 0051; IGME MAGNA 50 Hoja 0051 https://info.igme.es/cartografiadigital/datos/magna50/memorias/MMagna0051.pdf,Indicio 'MILLARA' sin laboreo minero probado o continuidad estructural contrastada en fuentes documentales; mantenido en estado pendiente sin asignar deposit_id para evitar agrupaciones por proximidad
gpkg:44f874e0d3404a1c13ef2b13e6ecb8ea39b189992e387651298f79c6169e0960:943,0051031,CASTRO DE LA GRUEBA,ASTURIAS,Belmonte de Miranda,Filoniana,roca,-6.246559379999951,43.333267619000026,False,coincide_si_lonlat,pos_5aa3ea179783e762,pendiente,validada,roca,,,,,100,auditoria_geologica_u3,2026-09-27,IGME BDMIN inventario indicios Hoja 0051; IGME MAGNA 50 Hoja 0051 https://info.igme.es/cartografiadigital/datos/magna50/memorias/MMagna0051.pdf,Indicio 'CASTRO DE LA GRUEBA' sin laboreo minero probado o continuidad estructural contrastada en fuentes documentales; mantenido en estado pendiente sin asignar deposit_id para evitar agrupaciones por proximidad
gpkg:44f874e0d3404a1c13ef2b13e6ecb8ea39b189992e387651298f79c6169e0960:959,0051047,ARGANZA,ASTURIAS,Tineo,Irregular,desconocido,-6.4978025199999365,43.26466786700007,False,coincide_si_lonlat,pos_f6528ff2cdcfa020,pendiente,validada,desconocido,,,,,100,auditoria_geologica_u3,2026-09-27,IGME BDMIN inventario indicios Hoja 0051; IGME MAGNA 50 Hoja 0051 https://info.igme.es/cartografiadigital/datos/magna50/memorias/MMagna0051.pdf,Indicio 'ARGANZA' sin laboreo minero probado o continuidad estructural contrastada en fuentes documentales; mantenido en estado pendiente sin asignar deposit_id para evitar agrupaciones por proximidad
gpkg:44f874e0d3404a1c13ef2b13e6ecb8ea39b189992e387651298f79c6169e0960:960,0051048,CEMENTERIO,ASTURIAS,Tineo,Filoniana,roca,-6.488995078999949,43.29905140200003,False,coincide_si_lonlat,pos_c2fd7ede355f3410,pendiente,validada,aluvial,,,,,100,auditoria_geologica_u3,2026-09-27,IGME BDMIN inventario indicios Hoja 0051; IGME MAGNA 50 Hoja 0051 https://info.igme.es/cartografiadigital/datos/magna50/memorias/MMagna0051.pdf,Indicio 'CEMENTERIO' sin laboreo minero probado o continuidad estructural contrastada en fuentes documentales; mantenido en estado pendiente sin asignar deposit_id para evitar agrupaciones por proximidad
gpkg:44f874e0d3404a1c13ef2b13e6ecb8ea39b189992e387651298f79c6169e0960:962,0051050,EL PELIGRO,ASTURIAS,Tineo,Irregular,desconocido,-6.478046332999952,43.31636876400006,False,coincide_si_lonlat,pos_90b0990070a7b2b5,pendiente,validada,desconocido,,,,,100,auditoria_geologica_u3,2026-09-27,IGME BDMIN inventario indicios Hoja 0051; IGME MAGNA 50 Hoja 0051 https://info.igme.es/cartografiadigital/datos/magna50/memorias/MMagna0051.pdf,Indicio 'EL PELIGRO' sin laboreo minero probado o continuidad estructural contrastada en fuentes documentales; mantenido en estado pendiente sin asignar deposit_id para evitar agrupaciones por proximidad
gpkg:44f874e0d3404a1c13ef2b13e6ecb8ea39b189992e387651298f79c6169e0960:964,0051052,CASARES,ASTURIAS,Tineo,Irregular,desconocido,-6.414130568999951,43.291079479000075,False,coincide_si_lonlat,pos_870683007d2997d1,pendiente,validada,desconocido,,,,,100,auditoria_geologica_u3,2026-09-27,IGME BDMIN inventario indicios Hoja 0051; IGME MAGNA 50 Hoja 0051 https://info.igme.es/cartografiadigital/datos/magna50/memorias/MMagna0051.pdf,Indicio 'CASARES' sin laboreo minero probado o continuidad estructural contrastada en fuentes documentales; mantenido en estado pendiente sin asignar deposit_id para evitar agrupaciones por proximidad
gpkg:44f874e0d3404a1c13ef2b13e6ecb8ea39b189992e387651298f79c6169e0960:1714,0068028,TINES,CORUÑA,Vimianzo,Desconocida,desconocido,-8.973889785999972,43.10689369100004,False,coincide_si_lonlat,pos_d487e855d2a3d879,pendiente,validada,desconocido,,,,,100,auditoria_geologica_u3,2026-09-27,IGME BDMIN inventario indicios Hoja 0068; IGME MAGNA 50 Hoja 0068 https://info.igme.es/cartografiadigital/datos/magna50/memorias/MMagna0068.pdf,Indicio 'TINES' sin laboreo minero probado o continuidad estructural contrastada en fuentes documentales; mantenido en estado pendiente sin asignar deposit_id para evitar agrupaciones por proximidad
gpkg:44f874e0d3404a1c13ef2b13e6ecb8ea39b189992e387651298f79c6169e0960:1717,0068031,AS FOSAS DO FORNOS,CORUÑA,Santa Comba,Filoniana,roca,-8.862456774999941,43.08970475800004,False,coincide_si_lonlat,pos_0cfdf2d980004502,confirmada,validada,roca,dep_santa_comba_zas,dist_galicia_costa_da_morte,,,50,auditoria_geologica_u3,2026-09-27,"Castroviejo, R. (1990) Chron. Rech. Min. 500:25-46; IGME MAGNA 50 Hoja 68 (Camariñas / Zas) https://info.igme.es/cartografiadigital/datos/magna50/memorias/MMagna0068.pdf; Hoja 69 (Santa Comba)","Complejo minero histórico de Santa Comba-Zas en la Cizalla Malpica-Tui; filones y cortas sobre cuarzo con oro, wolframio y arsenopirita"
gpkg:44f874e0d3404a1c13ef2b13e6ecb8ea39b189992e387651298f79c6169e0960:1718,0068032,JALLAS,CORUÑA,Vimianzo,Filoniana,roca,-9.004612382999937,43.07177702400003,False,coincide_si_lonlat,pos_8dbfaeb97a2b4eb3,pendiente,validada,roca,,,,,100,auditoria_geologica_u3,2026-09-27,IGME BDMIN inventario indicios Hoja 0068; IGME MAGNA 50 Hoja 0068 https://info.igme.es/cartografiadigital/datos/magna50/memorias/MMagna0068.pdf,Indicio 'JALLAS' sin laboreo minero probado o continuidad estructural contrastada en fuentes documentales; mantenido en estado pendiente sin asignar deposit_id para evitar agrupaciones por proximidad
gpkg:44f874e0d3404a1c13ef2b13e6ecb8ea39b189992e387651298f79c6169e0960:1719,0068033,AS FOSAS DO MEANOS,CORUÑA,Zas,Filoniana,roca,-8.937691161999965,43.050148259000025,False,coincide_si_lonlat,pos_afefc22e196710d8,confirmada,validada,roca,dep_santa_comba_zas,dist_galicia_costa_da_morte,,,50,auditoria_geologica_u3,2026-09-27,"Castroviejo, R. (1990) Chron. Rech. Min. 500:25-46; IGME MAGNA 50 Hoja 68 (Camariñas / Zas) https://info.igme.es/cartografiadigital/datos/magna50/memorias/MMagna0068.pdf; Hoja 69 (Santa Comba)","Complejo minero histórico de Santa Comba-Zas en la Cizalla Malpica-Tui; filones y cortas sobre cuarzo con oro, wolframio y arsenopirita"
gpkg:44f874e0d3404a1c13ef2b13e6ecb8ea39b189992e387651298f79c6169e0960:1720,0068034,AS FOSAS DA VILA,CORUÑA,Zas,Filoniana,roca,-8.903923175999978,43.05102543600003,False,coincide_si_lonlat,pos_ff4ef5daf1a8fdb5,confirmada,validada,roca,dep_santa_comba_zas,dist_galicia_costa_da_morte,,,50,auditoria_geologica_u3,2026-09-27,"Castroviejo, R. (1990) Chron. Rech. Min. 500:25-46; IGME MAGNA 50 Hoja 68 (Camariñas / Zas) https://info.igme.es/cartografiadigital/datos/magna50/memorias/MMagna0068.pdf; Hoja 69 (Santa Comba)","Complejo minero histórico de Santa Comba-Zas en la Cizalla Malpica-Tui; filones y cortas sobre cuarzo con oro, wolframio y arsenopirita"
gpkg:44f874e0d3404a1c13ef2b13e6ecb8ea39b189992e387651298f79c6169e0960:1724,0068038,MINA SAN FRANCISCO ALUVIAL,CORUÑA,Santa Comba,Aluvionar,aluvial,-8.882430789999944,43.053256668000074,False,coincide_si_lonlat,pos_0cc65efc0c89dd28,confirmada,validada,roca,dep_santa_comba_zas,dist_galicia_costa_da_morte,,,50,auditoria_geologica_u3,2026-09-27,"Castroviejo, R. (1990) Chron. Rech. Min. 500:25-46; IGME MAGNA 50 Hoja 68 (Camariñas / Zas) https://info.igme.es/cartografiadigital/datos/magna50/memorias/MMagna0068.pdf; Hoja 69 (Santa Comba)","Complejo minero histórico de Santa Comba-Zas en la Cizalla Malpica-Tui; filones y cortas sobre cuarzo con oro, wolframio y arsenopirita"
gpkg:44f874e0d3404a1c13ef2b13e6ecb8ea39b189992e387651298f79c6169e0960:1727,0068041,LIMIDEIRO,CORUÑA,Zas,Filoniana,roca,-8.938341966999928,43.013227640000025,False,coincide_si_lonlat,pos_293c71b76ca536a3,pendiente,validada,roca,,,,,100,auditoria_geologica_u3,2026-09-27,IGME BDMIN inventario indicios Hoja 0068; IGME MAGNA 50 Hoja 0068 https://info.igme.es/cartografiadigital/datos/magna50/memorias/MMagna0068.pdf,Indicio 'LIMIDEIRO' sin laboreo minero probado o continuidad estructural contrastada en fuentes documentales; mantenido en estado pendiente sin asignar deposit_id para evitar agrupaciones por proximidad
gpkg:44f874e0d3404a1c13ef2b13e6ecb8ea39b189992e387651298f79c6169e0960:1731,0069003,SANTA SABINA,CORUÑA,Santa Comba,Filoniana,roca,-8.849816932999943,43.083385390000046,False,coincide_si_lonlat,pos_c80002e41b86069b,confirmada,validada,roca,dep_santa_comba_zas,dist_galicia_costa_da_morte,,,50,auditoria_geologica_u3,2026-09-27,"Castroviejo, R. (1990) Chron. Rech. Min. 500:25-46; IGME MAGNA 50 Hoja 68 (Camariñas / Zas) https://info.igme.es/cartografiadigital/datos/magna50/memorias/MMagna0068.pdf; Hoja 69 (Santa Comba)","Complejo minero histórico de Santa Comba-Zas en la Cizalla Malpica-Tui; filones y cortas sobre cuarzo con oro, wolframio y arsenopirita"
gpkg:44f874e0d3404a1c13ef2b13e6ecb8ea39b189992e387651298f79c6169e0960:1765,0071002,ALDEA REMOURAN,CORUÑA,Curtis,Filoniana,roca,-7.9642083699999375,43.16119309100003,False,coincide_si_lonlat,pos_ce658fd05608475e,pendiente,validada,roca,,,,,100,auditoria_geologica_u3,2026-09-27,IGME BDMIN inventario indicios Hoja 0071; IGME MAGNA 50 Hoja 0071 https://info.igme.es/cartografiadigital/datos/magna50/memorias/MMagna0071.pdf,Indicio 'ALDEA REMOURAN' sin laboreo minero probado o continuidad estructural contrastada en fuentes documentales; mantenido en estado pendiente sin asignar deposit_id para evitar agrupaciones por proximidad
gpkg:44f874e0d3404a1c13ef2b13e6ecb8ea39b189992e387651298f79c6169e0960:1766,0071003,ROÑAN,CORUÑA,Sobrado,Filoniana,roca,-7.946226900999932,43.11231302700003,False,coincide_si_lonlat,pos_3e38e0ea2480e10d,pendiente,validada,roca,,,,,100,auditoria_geologica_u3,2026-09-27,IGME BDMIN inventario indicios Hoja 0071; IGME MAGNA 50 Hoja 0071 https://info.igme.es/cartografiadigital/datos/magna50/memorias/MMagna0071.pdf,Indicio 'ROÑAN' sin laboreo minero probado o continuidad estructural contrastada en fuentes documentales; mantenido en estado pendiente sin asignar deposit_id para evitar agrupaciones por proximidad
gpkg:44f874e0d3404a1c13ef2b13e6ecb8ea39b189992e387651298f79c6169e0960:1802,0074013,LA OURIA,ASTURIAS,Grandas de Salime,Filoniana,roca,-6.9564734389999785,43.14448147600007,False,coincide_si_lonlat,pos_4d2331ce615e4133,pendiente,validada,roca,,,,,100,auditoria_geologica_u3,2026-09-27,IGME BDMIN inventario indicios Hoja 0074; IGME MAGNA 50 Hoja 0074 https://info.igme.es/cartografiadigital/datos/magna50/memorias/MMagna0074.pdf,Indicio 'LA OURIA' sin laboreo minero probado o continuidad estructural contrastada en fuentes documentales; mantenido en estado pendiente sin asignar deposit_id para evitar agrupaciones por proximidad
gpkg:44f874e0d3404a1c13ef2b13e6ecb8ea39b189992e387651298f79c6169e0960:1817,0074028,FOLGOSO,ASTURIAS,Ibias,Irregular,desconocido,-6.8735108929999456,43.050941085000034,False,coincide_si_lonlat,pos_bc24259492b648cc,confirmada,validada,roca,dep_ibias_cecos,dist_asturoccidental_ibias,,,50,auditoria_geologica_u3,2026-09-27,Sánchez-Palencia et al. (2005); IGME MAGNA 50 Hoja 74 (Cangas del Narcea / Ibias) https://info.igme.es/cartografiadigital/datos/magna50/memorias/MMagna0074.pdf; Hoja 75,Complejo de cortas romanas y labores en filones auríferos del curso medio del río Ibias en San Antolín y Cecos
gpkg:44f874e0d3404a1c13ef2b13e6ecb8ea39b189992e387651298f79c6169e0960:1818,0074029,SAN ANTOLIN DE IBIAS,ASTURIAS,Ibias,Irregular,desconocido,-6.87411386499997,43.040596805000064,False,coincide_si_lonlat,pos_aef8eb3e39cd9ca1,confirmada,validada,roca,dep_ibias_cecos,dist_asturoccidental_ibias,,,50,auditoria_geologica_u3,2026-09-27,Sánchez-Palencia et al. (2005); IGME MAGNA 50 Hoja 74 (Cangas del Narcea / Ibias) https://info.igme.es/cartografiadigital/datos/magna50/memorias/MMagna0074.pdf; Hoja 75,Complejo de cortas romanas y labores en filones auríferos del curso medio del río Ibias en San Antolín y Cecos
gpkg:44f874e0d3404a1c13ef2b13e6ecb8ea39b189992e387651298f79c6169e0960:1819,0074030,SAN ANTOLIN DE IBIAS,ASTURIAS,Ibias,Filoniana,roca,-6.865829656999949,43.03521978300006,False,coincide_si_lonlat,pos_d40fe4f99256fa5d,confirmada,validada,roca,dep_ibias_cecos,dist_asturoccidental_ibias,,,50,auditoria_geologica_u3,2026-09-27,Sánchez-Palencia et al. (2005); IGME MAGNA 50 Hoja 74 (Cangas del Narcea / Ibias) https://info.igme.es/cartografiadigital/datos/magna50/memorias/MMagna0074.pdf; Hoja 75,Complejo de cortas romanas y labores en filones auríferos del curso medio del río Ibias en San Antolín y Cecos
gpkg:44f874e0d3404a1c13ef2b13e6ecb8ea39b189992e387651298f79c6169e0960:1820,0074031,ESCUELAS DE IBIAS,ASTURIAS,Ibias,Irregular,desconocido,-6.872890451999979,43.03337023700004,False,coincide_si_lonlat,pos_25af051ce3e15738,confirmada,validada,roca,dep_ibias_cecos,dist_asturoccidental_ibias,,,50,auditoria_geologica_u3,2026-09-27,Sánchez-Palencia et al. (2005); IGME MAGNA 50 Hoja 74 (Cangas del Narcea / Ibias) https://info.igme.es/cartografiadigital/datos/magna50/memorias/MMagna0074.pdf; Hoja 75,Complejo de cortas romanas y labores en filones auríferos del curso medio del río Ibias en San Antolín y Cecos
gpkg:44f874e0d3404a1c13ef2b13e6ecb8ea39b189992e387651298f79c6169e0960:1821,0074032,PEÑA DEL CUERVO,ASTURIAS,Ibias,Filoniana,roca,-6.865970038999933,43.031170247000034,False,coincide_si_lonlat,pos_30bcc3ea5d053cde,pendiente,validada,roca,,,,,100,auditoria_geologica_u3,2026-09-27,IGME BDMIN inventario indicios Hoja 0074; IGME MAGNA 50 Hoja 0074 https://info.igme.es/cartografiadigital/datos/magna50/memorias/MMagna0074.pdf,Indicio 'PEÑA DEL CUERVO' sin laboreo minero probado o continuidad estructural contrastada en fuentes documentales; mantenido en estado pendiente sin asignar deposit_id para evitar agrupaciones por proximidad
gpkg:44f874e0d3404a1c13ef2b13e6ecb8ea39b189992e387651298f79c6169e0960:1822,0074033,CASERIO SAN ROMAN,ASTURIAS,Ibias,Irregular,desconocido,-6.866852568999946,43.02695445400008,False,coincide_si_lonlat,pos_eb48a8290a5b8cd8,pendiente,validada,aluvial,,,,,100,auditoria_geologica_u3,2026-09-27,IGME BDMIN inventario indicios Hoja 0074; IGME MAGNA 50 Hoja 0074 https://info.igme.es/cartografiadigital/datos/magna50/memorias/MMagna0074.pdf,Indicio 'CASERIO SAN ROMAN' sin laboreo minero probado o continuidad estructural contrastada en fuentes documentales; mantenido en estado pendiente sin asignar deposit_id para evitar agrupaciones por proximidad
gpkg:44f874e0d3404a1c13ef2b13e6ecb8ea39b189992e387651298f79c6169e0960:1823,0074034,LAGUEIRO-CECES,ASTURIAS,Ibias,Irregular,desconocido,-6.861797079999974,43.020556713000076,False,coincide_si_lonlat,pos_b482446aeddd4918,pendiente,validada,desconocido,,,,,100,auditoria_geologica_u3,2026-09-27,IGME BDMIN inventario indicios Hoja 0074; IGME MAGNA 50 Hoja 0074 https://info.igme.es/cartografiadigital/datos/magna50/memorias/MMagna0074.pdf,Indicio 'LAGUEIRO-CECES' sin laboreo minero probado o continuidad estructural contrastada en fuentes documentales; mantenido en estado pendiente sin asignar deposit_id para evitar agrupaciones por proximidad
gpkg:44f874e0d3404a1c13ef2b13e6ecb8ea39b189992e387651298f79c6169e0960:1824,0075001,POZO DE LAS MONTAÑAS,ASTURIAS,Cangas del Narcea,Filoniana,roca,-6.660121212999968,43.16041312200008,False,coincide_si_lonlat,pos_73367d325cb30002,pendiente,validada,roca,,,,,100,auditoria_geologica_u3,2026-09-27,IGME BDMIN inventario indicios Hoja 0075; IGME MAGNA 50 Hoja 0075 https://info.igme.es/cartografiadigital/datos/magna50/memorias/MMagna0075.pdf,Indicio 'POZO DE LAS MONTAÑAS' sin laboreo minero probado o continuidad estructural contrastada en fuentes documentales; mantenido en estado pendiente sin asignar deposit_id para evitar agrupaciones por proximidad
gpkg:44f874e0d3404a1c13ef2b13e6ecb8ea39b189992e387651298f79c6169e0960:1825,0075002,SAN FELIX DE LAS MONTAÑAS,ASTURIAS,Cangas del Narcea,Filoniana,roca,-6.6732483599999455,43.15482810200007,False,coincide_si_lonlat,pos_100e884a8cf5aecc,pendiente,validada,roca,,,,,100,auditoria_geologica_u3,2026-09-27,IGME BDMIN inventario indicios Hoja 0075; IGME MAGNA 50 Hoja 0075 https://info.igme.es/cartografiadigital/datos/magna50/memorias/MMagna0075.pdf,Indicio 'SAN FELIX DE LAS MONTAÑAS' sin laboreo minero probado o continuidad estructural contrastada en fuentes documentales; mantenido en estado pendiente sin asignar deposit_id para evitar agrupaciones por proximidad
gpkg:44f874e0d3404a1c13ef2b13e6ecb8ea39b189992e387651298f79c6169e0960:1826,0075003,EL FURAO-EL CHACON,ASTURIAS,Cangas del Narcea,Desconocida,desconocido,-6.656202964999977,43.15673106100007,False,coincide_si_lonlat,pos_882fd04c0e5521f7,pendiente,validada,desconocido,,,,,100,auditoria_geologica_u3,2026-09-27,IGME BDMIN inventario indicios Hoja 0075; IGME MAGNA 50 Hoja 0075 https://info.igme.es/cartografiadigital/datos/magna50/memorias/MMagna0075.pdf,Indicio 'EL FURAO-EL CHACON' sin laboreo minero probado o continuidad estructural contrastada en fuentes documentales; mantenido en estado pendiente sin asignar deposit_id para evitar agrupaciones por proximidad
gpkg:44f874e0d3404a1c13ef2b13e6ecb8ea39b189992e387651298f79c6169e0960:1827,0075004,AVELLERAS-LAS MONTAÑAS,ASTURIAS,Cangas del Narcea,Desconocida,desconocido,-6.665688405999958,43.143418344000054,False,coincide_si_lonlat,pos_ff40bbe93c136909,pendiente,validada,desconocido,,,,,100,auditoria_geologica_u3,2026-09-27,IGME BDMIN inventario indicios Hoja 0075; IGME MAGNA 50 Hoja 0075 https://info.igme.es/cartografiadigital/datos/magna50/memorias/MMagna0075.pdf,Indicio 'AVELLERAS-LAS MONTAÑAS' sin laboreo minero probado o continuidad estructural contrastada en fuentes documentales; mantenido en estado pendiente sin asignar deposit_id para evitar agrupaciones por proximidad
gpkg:44f874e0d3404a1c13ef2b13e6ecb8ea39b189992e387651298f79c6169e0960:1828,0075005,PENEO CUERVO,ASTURIAS,Cangas del Narcea,Desconocida,desconocido,-6.675057319999951,43.13955719300003,False,coincide_si_lonlat,pos_602d6cc495aec949,pendiente,validada,desconocido,,,,,100,auditoria_geologica_u3,2026-09-27,IGME BDMIN inventario indicios Hoja 0075; IGME MAGNA 50 Hoja 0075 https://info.igme.es/cartografiadigital/datos/magna50/memorias/MMagna0075.pdf,Indicio 'PENEO CUERVO' sin laboreo minero probado o continuidad estructural contrastada en fuentes documentales; mantenido en estado pendiente sin asignar deposit_id para evitar agrupaciones por proximidad
gpkg:44f874e0d3404a1c13ef2b13e6ecb8ea39b189992e387651298f79c6169e0960:1829,0075006,MONTERROSO,ASTURIAS,Cangas del Narcea,Desconocida,desconocido,-6.688064361999977,43.12721454000007,False,coincide_si_lonlat,pos_8983ca92e5041b54,pendiente,validada,desconocido,,,,,100,auditoria_geologica_u3,2026-09-27,IGME BDMIN inventario indicios Hoja 0075; IGME MAGNA 50 Hoja 0075 https://info.igme.es/cartografiadigital/datos/magna50/memorias/MMagna0075.pdf,Indicio 'MONTERROSO' sin laboreo minero probado o continuidad estructural contrastada en fuentes documentales; mantenido en estado pendiente sin asignar deposit_id para evitar agrupaciones por proximidad
gpkg:44f874e0d3404a1c13ef2b13e6ecb8ea39b189992e387651298f79c6169e0960:1830,0075007,RIO DE VISNUEVO,ASTURIAS,Cangas del Narcea,Desconocida,desconocido,-6.6655534699999635,43.13080923500007,False,coincide_si_lonlat,pos_13d8610f8e431941,pendiente,validada,aluvial,,,,,100,auditoria_geologica_u3,2026-09-27,IGME BDMIN inventario indicios Hoja 0075; IGME MAGNA 50 Hoja 0075 https://info.igme.es/cartografiadigital/datos/magna50/memorias/MMagna0075.pdf,Indicio 'RIO DE VISNUEVO' sin laboreo minero probado o continuidad estructural contrastada en fuentes documentales; mantenido en estado pendiente sin asignar deposit_id para evitar agrupaciones por proximidad
gpkg:44f874e0d3404a1c13ef2b13e6ecb8ea39b189992e387651298f79c6169e0960:1831,0075008,CIBUYO,ASTURIAS,Cangas del Narcea,Irregular,desconocido,-6.57798151999998,43.122414486000025,False,coincide_si_lonlat,pos_0db32c9797890177,pendiente,validada,desconocido,,,,,100,auditoria_geologica_u3,2026-09-27,IGME BDMIN inventario indicios Hoja 0075; IGME MAGNA 50 Hoja 0075 https://info.igme.es/cartografiadigital/datos/magna50/memorias/MMagna0075.pdf,Indicio 'CIBUYO' sin laboreo minero probado o continuidad estructural contrastada en fuentes documentales; mantenido en estado pendiente sin asignar deposit_id para evitar agrupaciones por proximidad
gpkg:44f874e0d3404a1c13ef2b13e6ecb8ea39b189992e387651298f79c6169e0960:1837,0075014,EL CALEIRO,ASTURIAS,Cangas del Narcea,Desconocida,desconocido,-6.644418496999947,43.066443141000036,False,coincide_si_lonlat,pos_d862d4a75f5e2059,pendiente,validada,desconocido,,,,,100,auditoria_geologica_u3,2026-09-27,IGME BDMIN inventario indicios Hoja 0075; IGME MAGNA 50 Hoja 0075 https://info.igme.es/cartografiadigital/datos/magna50/memorias/MMagna0075.pdf,Indicio 'EL CALEIRO' sin laboreo minero probado o continuidad estructural contrastada en fuentes documentales; mantenido en estado pendiente sin asignar deposit_id para evitar agrupaciones por proximidad
gpkg:44f874e0d3404a1c13ef2b13e6ecb8ea39b189992e387651298f79c6169e0960:1854,0075031,CASERIO BARRAS,ASTURIAS,Allande,Desconocida,desconocido,-6.795708391999938,43.15248202300006,False,coincide_si_lonlat,pos_41e8ac34567561c5,pendiente,validada,aluvial,,,,,100,auditoria_geologica_u3,2026-09-27,IGME BDMIN inventario indicios Hoja 0075; IGME MAGNA 50 Hoja 0075 https://info.igme.es/cartografiadigital/datos/magna50/memorias/MMagna0075.pdf,Indicio 'CASERIO BARRAS' sin laboreo minero probado o continuidad estructural contrastada en fuentes documentales; mantenido en estado pendiente sin asignar deposit_id para evitar agrupaciones por proximidad
gpkg:44f874e0d3404a1c13ef2b13e6ecb8ea39b189992e387651298f79c6169e0960:1856,0075033,MARCO DEL ABUELO,ASTURIAS,Allande,Desconocida,desconocido,-6.798508050999942,43.125882208000064,False,coincide_si_lonlat,pos_d5a1f990db987424,pendiente,validada,desconocido,,,,,100,auditoria_geologica_u3,2026-09-27,IGME BDMIN inventario indicios Hoja 0075; IGME MAGNA 50 Hoja 0075 https://info.igme.es/cartografiadigital/datos/magna50/memorias/MMagna0075.pdf,Indicio 'MARCO DEL ABUELO' sin laboreo minero probado o continuidad estructural contrastada en fuentes documentales; mantenido en estado pendiente sin asignar deposit_id para evitar agrupaciones por proximidad
gpkg:44f874e0d3404a1c13ef2b13e6ecb8ea39b189992e387651298f79c6169e0960:1859,0075036,POZO DE LAS MUJERES MUERTAS,ASTURIAS,Allande,Desconocida,desconocido,-6.788582167999948,43.10452974100008,False,coincide_si_lonlat,pos_5ce428c49984f1ee,pendiente,validada,desconocido,,,,,100,auditoria_geologica_u3,2026-09-27,IGME BDMIN inventario indicios Hoja 0075; IGME MAGNA 50 Hoja 0075 https://info.igme.es/cartografiadigital/datos/magna50/memorias/MMagna0075.pdf,Indicio 'POZO DE LAS MUJERES MUERTAS' sin laboreo minero probado o continuidad estructural contrastada en fuentes documentales; mantenido en estado pendiente sin asignar deposit_id para evitar agrupaciones por proximidad
gpkg:44f874e0d3404a1c13ef2b13e6ecb8ea39b189992e387651298f79c6169e0960:1860,0075037,"CADABARBA, RIO AVIONGA",ASTURIAS,Ibias,Desconocida,desconocido,-6.77447134199997,43.05644101400003,False,coincide_si_lonlat,pos_3d11845377d59c8a,pendiente,validada,aluvial,,,,,100,auditoria_geologica_u3,2026-09-27,IGME BDMIN inventario indicios Hoja 0075; IGME MAGNA 50 Hoja 0075 https://info.igme.es/cartografiadigital/datos/magna50/memorias/MMagna0075.pdf,"Indicio 'CADABARBA, RIO AVIONGA' sin laboreo minero probado o continuidad estructural contrastada en fuentes documentales; mantenido en estado pendiente sin asignar deposit_id para evitar agrupaciones por proximidad"
gpkg:44f874e0d3404a1c13ef2b13e6ecb8ea39b189992e387651298f79c6169e0960:1861,0075038,ARMADELA-VALLE DEL CASTAÑAL,ASTURIAS,Ibias,Desconocida,desconocido,-6.7845671339999285,43.04547110400006,False,coincide_si_lonlat,pos_28ed246a0d0adfe5,pendiente,validada,desconocido,,,,,100,auditoria_geologica_u3,2026-09-27,IGME BDMIN inventario indicios Hoja 0075; IGME MAGNA 50 Hoja 0075 https://info.igme.es/cartografiadigital/datos/magna50/memorias/MMagna0075.pdf,Indicio 'ARMADELA-VALLE DEL CASTAÑAL' sin laboreo minero probado o continuidad estructural contrastada en fuentes documentales; mantenido en estado pendiente sin asignar deposit_id para evitar agrupaciones por proximidad
gpkg:44f874e0d3404a1c13ef2b13e6ecb8ea39b189992e387651298f79c6169e0960:1862,0075039,CENTENALES,ASTURIAS,Ibias,Filoniana,roca,-6.82737614499996,43.018737541000064,False,coincide_si_lonlat,pos_81162289daf26479,pendiente,validada,roca,,,,,100,auditoria_geologica_u3,2026-09-27,IGME BDMIN inventario indicios Hoja 0075; IGME MAGNA 50 Hoja 0075 https://info.igme.es/cartografiadigital/datos/magna50/memorias/MMagna0075.pdf,Indicio 'CENTENALES' sin laboreo minero probado o continuidad estructural contrastada en fuentes documentales; mantenido en estado pendiente sin asignar deposit_id para evitar agrupaciones por proximidad
gpkg:44f874e0d3404a1c13ef2b13e6ecb8ea39b189992e387651298f79c6169e0960:1863,0075040,PUENTE DE CECOS,ASTURIAS,Ibias,Irregular,desconocido,-6.853887999999927,43.01860764800006,False,coincide_si_lonlat,pos_861a6b9cb8236654,confirmada,validada,roca,dep_ibias_cecos,dist_asturoccidental_ibias,,,50,auditoria_geologica_u3,2026-09-27,Sánchez-Palencia et al. (2005); IGME MAGNA 50 Hoja 74 (Cangas del Narcea / Ibias) https://info.igme.es/cartografiadigital/datos/magna50/memorias/MMagna0074.pdf; Hoja 75,Complejo de cortas romanas y labores en filones auríferos del curso medio del río Ibias en San Antolín y Cecos
gpkg:44f874e0d3404a1c13ef2b13e6ecb8ea39b189992e387651298f79c6169e0960:1864,0075041,CECES,ASTURIAS,Ibias,Filoniana,roca,-6.850073766999969,43.02240809400007,False,coincide_si_lonlat,pos_256d6555554eca8c,confirmada,validada,roca,dep_ibias_cecos,dist_asturoccidental_ibias,,,50,auditoria_geologica_u3,2026-09-27,Sánchez-Palencia et al. (2005); IGME MAGNA 50 Hoja 74 (Cangas del Narcea / Ibias) https://info.igme.es/cartografiadigital/datos/magna50/memorias/MMagna0074.pdf; Hoja 75,Complejo de cortas romanas y labores en filones auríferos del curso medio del río Ibias en San Antolín y Cecos
gpkg:44f874e0d3404a1c13ef2b13e6ecb8ea39b189992e387651298f79c6169e0960:1865,0075042,VILLARCEBOLLIN-CECES,ASTURIAS,Ibias,Filoniana,roca,-6.844903918999933,43.01933923200005,False,coincide_si_lonlat,pos_ab014851858dcd87,confirmada,validada,roca,dep_ibias_cecos,dist_asturoccidental_ibias,,,50,auditoria_geologica_u3,2026-09-27,Sánchez-Palencia et al. (2005); IGME MAGNA 50 Hoja 74 (Cangas del Narcea / Ibias) https://info.igme.es/cartografiadigital/datos/magna50/memorias/MMagna0074.pdf; Hoja 75,Complejo de cortas romanas y labores en filones auríferos del curso medio del río Ibias en San Antolín y Cecos
gpkg:44f874e0d3404a1c13ef2b13e6ecb8ea39b189992e387651298f79c6169e0960:1972,0080001,BARNIEDO DE LA REINA,LEON,Boca de Huérgano,Filoniana,roca,-4.898754504999943,43.01125878000005,False,coincide_si_lonlat,pos_f84a723fb2d78293,pendiente,validada,roca,,,,,100,auditoria_geologica_u3,2026-09-27,IGME BDMIN inventario indicios Hoja 0080; IGME MAGNA 50 Hoja 0080 https://info.igme.es/cartografiadigital/datos/magna50/memorias/MMagna0080.pdf,Indicio 'BARNIEDO DE LA REINA' sin laboreo minero probado o continuidad estructural contrastada en fuentes documentales; mantenido en estado pendiente sin asignar deposit_id para evitar agrupaciones por proximidad
gpkg:44f874e0d3404a1c13ef2b13e6ecb8ea39b189992e387651298f79c6169e0960:2308,0093008,VILARCOVO,CORUÑA,Zas,Filoniana,roca,-8.946334012999955,42.995221333000075,False,coincide_si_lonlat,pos_df4b498887cea7e5,pendiente,validada,roca,,,,,100,auditoria_geologica_u3,2026-09-27,IGME BDMIN inventario indicios Hoja 0093; IGME MAGNA 50 Hoja 0093 https://info.igme.es/cartografiadigital/datos/magna50/memorias/MMagna0093.pdf,Indicio 'VILARCOVO' sin laboreo minero probado o continuidad estructural contrastada en fuentes documentales; mantenido en estado pendiente sin asignar deposit_id para evitar agrupaciones por proximidad
gpkg:44f874e0d3404a1c13ef2b13e6ecb8ea39b189992e387651298f79c6169e0960:2309,0093009,RIO SANTABAYA,CORUÑA,Mazaricos,Desconocida,desconocido,-8.934179452999956,42.88850257900003,False,coincide_si_lonlat,pos_5f3e0222c6d80783,pendiente,validada,aluvial,,,,,100,auditoria_geologica_u3,2026-09-27,IGME BDMIN inventario indicios Hoja 0093; IGME MAGNA 50 Hoja 0093 https://info.igme.es/cartografiadigital/datos/magna50/memorias/MMagna0093.pdf,Indicio 'RIO SANTABAYA' sin laboreo minero probado o continuidad estructural contrastada en fuentes documentales; mantenido en estado pendiente sin asignar deposit_id para evitar agrupaciones por proximidad
gpkg:44f874e0d3404a1c13ef2b13e6ecb8ea39b189992e387651298f79c6169e0960:2310,0093010,RIO DONAS,CORUÑA,Outes,Desconocida,desconocido,-8.886476001999938,42.856496209000056,False,coincide_si_lonlat,pos_836b0025b1decd67,pendiente,validada,aluvial,,,,,100,auditoria_geologica_u3,2026-09-27,IGME BDMIN inventario indicios Hoja 0093; IGME MAGNA 50 Hoja 0093 https://info.igme.es/cartografiadigital/datos/magna50/memorias/MMagna0093.pdf,Indicio 'RIO DONAS' sin laboreo minero probado o continuidad estructural contrastada en fuentes documentales; mantenido en estado pendiente sin asignar deposit_id para evitar agrupaciones por proximidad
gpkg:44f874e0d3404a1c13ef2b13e6ecb8ea39b189992e387651298f79c6169e0960:2355,0099009,CARBALLAL,LEON,Peranzanes,Aluvionar,aluvial,-6.70549972799995,42.88398670200007,False,coincide_si_lonlat,pos_23bf1e87f4fe40b2,pendiente,validada,aluvial,,,,,100,auditoria_geologica_u3,2026-09-27,IGME BDMIN inventario indicios Hoja 0099; IGME MAGNA 50 Hoja 0099 https://info.igme.es/cartografiadigital/datos/magna50/memorias/MMagna0099.pdf,Indicio 'CARBALLAL' sin laboreo minero probado o continuidad estructural contrastada en fuentes documentales; mantenido en estado pendiente sin asignar deposit_id para evitar agrupaciones por proximidad
gpkg:44f874e0d3404a1c13ef2b13e6ecb8ea39b189992e387651298f79c6169e0960:2373,0100001,ANLLARINOS,LEON,Páramo del Sil,Aluvionar,aluvial,-6.551860376999969,42.83667978300008,False,coincide_si_lonlat,pos_10a4bb66ecf55506,pendiente,validada,aluvial,,,,,100,auditoria_geologica_u3,2026-09-27,IGME BDMIN inventario indicios Hoja 0100; IGME MAGNA 50 Hoja 0100 https://info.igme.es/cartografiadigital/datos/magna50/memorias/MMagna0100.pdf,Indicio 'ANLLARINOS' sin laboreo minero probado o continuidad estructural contrastada en fuentes documentales; mantenido en estado pendiente sin asignar deposit_id para evitar agrupaciones por proximidad
gpkg:44f874e0d3404a1c13ef2b13e6ecb8ea39b189992e387651298f79c6169e0960:2381,0100009,POSADOIRO,ASTURIAS,Ibias,Filoniana,roca,-6.675072903999933,42.96045407400004,False,coincide_si_lonlat,pos_5495b4da575b0615,pendiente,validada,roca,,,,,100,auditoria_geologica_u3,2026-09-27,IGME BDMIN inventario indicios Hoja 0100; IGME MAGNA 50 Hoja 0100 https://info.igme.es/cartografiadigital/datos/magna50/memorias/MMagna0100.pdf,Indicio 'POSADOIRO' sin laboreo minero probado o continuidad estructural contrastada en fuentes documentales; mantenido en estado pendiente sin asignar deposit_id para evitar agrupaciones por proximidad
gpkg:44f874e0d3404a1c13ef2b13e6ecb8ea39b189992e387651298f79c6169e0960:2382,0100010,CORRALIN,ASTURIAS,Degaña,Filoniana,roca,-6.672354599999949,42.96751260900004,False,coincide_si_lonlat,pos_ddf9dcd7cee33e6e,pendiente,validada,roca,,,,,100,auditoria_geologica_u3,2026-09-27,IGME BDMIN inventario indicios Hoja 0100; IGME MAGNA 50 Hoja 0100 https://info.igme.es/cartografiadigital/datos/magna50/memorias/MMagna0100.pdf,Indicio 'CORRALIN' sin laboreo minero probado o continuidad estructural contrastada en fuentes documentales; mantenido en estado pendiente sin asignar deposit_id para evitar agrupaciones por proximidad
gpkg:44f874e0d3404a1c13ef2b13e6ecb8ea39b189992e387651298f79c6169e0960:2383,0100011,LA VIELLA,ASTURIAS,Cangas del Narcea,Filoniana,roca,-6.649505480999949,42.98793656400005,False,coincide_si_lonlat,pos_3222cb95693cc929,pendiente,validada,roca,,,,,100,auditoria_geologica_u3,2026-09-27,IGME BDMIN inventario indicios Hoja 0100; IGME MAGNA 50 Hoja 0100 https://info.igme.es/cartografiadigital/datos/magna50/memorias/MMagna0100.pdf,Indicio 'LA VIELLA' sin laboreo minero probado o continuidad estructural contrastada en fuentes documentales; mantenido en estado pendiente sin asignar deposit_id para evitar agrupaciones por proximidad
gpkg:44f874e0d3404a1c13ef2b13e6ecb8ea39b189992e387651298f79c6169e0960:2418,0101031,MINAS DEL COUTO,LEON,Palacios del Sil,Filoniana,roca,-6.324274253999931,42.879310349000036,False,coincide_si_lonlat,pos_d6f0e016a7cd05b7,pendiente,validada,roca,,,,,100,auditoria_geologica_u3,2026-09-27,IGME BDMIN inventario indicios Hoja 0101; IGME MAGNA 50 Hoja 0101 https://info.igme.es/cartografiadigital/datos/magna50/memorias/MMagna0101.pdf,Indicio 'MINAS DEL COUTO' sin laboreo minero probado o continuidad estructural contrastada en fuentes documentales; mantenido en estado pendiente sin asignar deposit_id para evitar agrupaciones por proximidad
gpkg:44f874e0d3404a1c13ef2b13e6ecb8ea39b189992e387651298f79c6169e0960:2420,0101033,PALACIOS DEL SIL,LEON,Palacios del Sil,Irregular,desconocido,-6.449248700999931,42.86235375100006,False,coincide_si_lonlat,pos_70a165a849d056ea,pendiente,validada,desconocido,,,,,100,auditoria_geologica_u3,2026-09-27,IGME BDMIN inventario indicios Hoja 0101; IGME MAGNA 50 Hoja 0101 https://info.igme.es/cartografiadigital/datos/magna50/memorias/MMagna0101.pdf,Indicio 'PALACIOS DEL SIL' sin laboreo minero probado o continuidad estructural contrastada en fuentes documentales; mantenido en estado pendiente sin asignar deposit_id para evitar agrupaciones por proximidad
gpkg:44f874e0d3404a1c13ef2b13e6ecb8ea39b189992e387651298f79c6169e0960:2421,0101034,Mina de oro de Carbachal,LEON,Villablino,Filoniana,roca,-6.3459909999999695,42.89435000000003,False,crs_tabular_desconocido,pos_f0cadc0567d55dcc,pendiente,validada,roca,,,,,100,auditoria_geologica_u3,2026-09-27,IGME BDMIN inventario indicios Hoja 0101; IGME MAGNA 50 Hoja 0101 https://info.igme.es/cartografiadigital/datos/magna50/memorias/MMagna0101.pdf,Indicio 'Mina de oro de Carbachal' sin laboreo minero probado o continuidad estructural contrastada en fuentes documentales; mantenido en estado pendiente sin asignar deposit_id para evitar agrupaciones por proximidad
gpkg:44f874e0d3404a1c13ef2b13e6ecb8ea39b189992e387651298f79c6169e0960:2422,0101035,Mina de oro de Rabanal de Abajo,LEON,Villablino,Filoniana,roca,-6.336670999999967,42.91169200000007,False,crs_tabular_desconocido,pos_058d1955cefb1fce,pendiente,validada,roca,,,,,100,auditoria_geologica_u3,2026-09-27,IGME BDMIN inventario indicios Hoja 0101; IGME MAGNA 50 Hoja 0101 https://info.igme.es/cartografiadigital/datos/magna50/memorias/MMagna0101.pdf,Indicio 'Mina de oro de Rabanal de Abajo' sin laboreo minero probado o continuidad estructural contrastada en fuentes documentales; mantenido en estado pendiente sin asignar deposit_id para evitar agrupaciones por proximidad
gpkg:44f874e0d3404a1c13ef2b13e6ecb8ea39b189992e387651298f79c6169e0960:2477,0102043,Labores de oro de la Bonga.,LEON,Riello,Filoniana,roca,-5.972129999999936,42.850059000000044,False,crs_tabular_desconocido,pos_c0acb916cd62ff4a,pendiente,validada,roca,,,,,100,auditoria_geologica_u3,2026-09-27,IGME BDMIN inventario indicios Hoja 0102; IGME MAGNA 50 Hoja 0102 https://info.igme.es/cartografiadigital/datos/magna50/memorias/MMagna0102.pdf,Indicio 'Labores de oro de la Bonga.' sin laboreo minero probado o continuidad estructural contrastada en fuentes documentales; mantenido en estado pendiente sin asignar deposit_id para evitar agrupaciones por proximidad
gpkg:44f874e0d3404a1c13ef2b13e6ecb8ea39b189992e387651298f79c6169e0960:2625,0105010,REGUERO DE LA BORIA,LEON,Crémenes,Filoniana,roca,-5.1248575749999645,42.94587108700006,False,coincide_si_lonlat,pos_b0dcf2db086d8c73,pendiente,validada,roca,,,,,100,auditoria_geologica_u3,2026-09-27,IGME BDMIN inventario indicios Hoja 0105; IGME MAGNA 50 Hoja 0105 https://info.igme.es/cartografiadigital/datos/magna50/memorias/MMagna0105.pdf,Indicio 'REGUERO DE LA BORIA' sin laboreo minero probado o continuidad estructural contrastada en fuentes documentales; mantenido en estado pendiente sin asignar deposit_id para evitar agrupaciones por proximidad
gpkg:44f874e0d3404a1c13ef2b13e6ecb8ea39b189992e387651298f79c6169e0960:2626,0105011,CANTO TERUELO,LEON,Crémenes,Desconocida,desconocido,-5.134412278999946,42.94569328600005,False,coincide_si_lonlat,pos_b6e098d6ce601a80,pendiente,validada,desconocido,,,,,100,auditoria_geologica_u3,2026-09-27,IGME BDMIN inventario indicios Hoja 0105; IGME MAGNA 50 Hoja 0105 https://info.igme.es/cartografiadigital/datos/magna50/memorias/MMagna0105.pdf,Indicio 'CANTO TERUELO' sin laboreo minero probado o continuidad estructural contrastada en fuentes documentales; mantenido en estado pendiente sin asignar deposit_id para evitar agrupaciones por proximidad
gpkg:44f874e0d3404a1c13ef2b13e6ecb8ea39b189992e387651298f79c6169e0960:2635,0105020,MINA MARIA TERESA,LEON,Riaño,Irregular,desconocido,-5.055331268999964,42.98559153300005,False,coincide_si_lonlat,pos_a568448061a75d17,pendiente,validada,desconocido,,,,,100,auditoria_geologica_u3,2026-09-27,IGME BDMIN inventario indicios Hoja 0105; IGME MAGNA 50 Hoja 0105 https://info.igme.es/cartografiadigital/datos/magna50/memorias/MMagna0105.pdf,Indicio 'MINA MARIA TERESA' sin laboreo minero probado o continuidad estructural contrastada en fuentes documentales; mantenido en estado pendiente sin asignar deposit_id para evitar agrupaciones por proximidad
gpkg:44f874e0d3404a1c13ef2b13e6ecb8ea39b189992e387651298f79c6169e0960:2652,0105037,Proyecto Salamon,LEON,Crémenes,Lentejonar,desconocido,-5.125400174999925,42.94489749200005,False,coincide_si_lonlat,pos_c4269e16508ddae9,pendiente,validada,desconocido,,,,,100,auditoria_geologica_u3,2026-09-27,IGME BDMIN inventario indicios Hoja 0105; IGME MAGNA 50 Hoja 0105 https://info.igme.es/cartografiadigital/datos/magna50/memorias/MMagna0105.pdf,Indicio 'Proyecto Salamon' sin laboreo minero probado o continuidad estructural contrastada en fuentes documentales; mantenido en estado pendiente sin asignar deposit_id para evitar agrupaciones por proximidad
gpkg:44f874e0d3404a1c13ef2b13e6ecb8ea39b189992e387651298f79c6169e0960:2660,0106008,LAS REJAS,PALENCIA,Velilla del Río Carrión,Irregular,desconocido,-4.804996647999928,42.90606696200007,False,coincide_si_lonlat,pos_59ccc090592ee213,pendiente,validada,desconocido,,,,,100,auditoria_geologica_u3,2026-09-27,IGME BDMIN inventario indicios Hoja 0106; IGME MAGNA 50 Hoja 0106 https://info.igme.es/cartografiadigital/datos/magna50/memorias/MMagna0106.pdf,Indicio 'LAS REJAS' sin laboreo minero probado o continuidad estructural contrastada en fuentes documentales; mantenido en estado pendiente sin asignar deposit_id para evitar agrupaciones por proximidad
gpkg:44f874e0d3404a1c13ef2b13e6ecb8ea39b189992e387651298f79c6169e0960:2664,0106012,CAMPORREDONDO DE ALBA,PALENCIA,Velilla del Río Carrión,Irregular,desconocido,-4.746791198999972,42.89238160700006,False,coincide_si_lonlat,pos_d25d1503794ff660,pendiente,validada,desconocido,,,,,100,auditoria_geologica_u3,2026-09-27,IGME BDMIN inventario indicios Hoja 0106; IGME MAGNA 50 Hoja 0106 https://info.igme.es/cartografiadigital/datos/magna50/memorias/MMagna0106.pdf,Indicio 'CAMPORREDONDO DE ALBA' sin laboreo minero probado o continuidad estructural contrastada en fuentes documentales; mantenido en estado pendiente sin asignar deposit_id para evitar agrupaciones por proximidad
gpkg:44f874e0d3404a1c13ef2b13e6ecb8ea39b189992e387651298f79c6169e0960:2668,0106016,MINA DE COTOLORNO,PALENCIA,Santibáñez de la Peña,Filoniana,roca,-4.649934289999976,42.85626680100006,False,coincide_si_lonlat,pos_f40a9bc1f60c3baf,pendiente,validada,roca,,,,,100,auditoria_geologica_u3,2026-09-27,IGME BDMIN inventario indicios Hoja 0106; IGME MAGNA 50 Hoja 0106 https://info.igme.es/cartografiadigital/datos/magna50/memorias/MMagna0106.pdf,Indicio 'MINA DE COTOLORNO' sin laboreo minero probado o continuidad estructural contrastada en fuentes documentales; mantenido en estado pendiente sin asignar deposit_id para evitar agrupaciones por proximidad
gpkg:44f874e0d3404a1c13ef2b13e6ecb8ea39b189992e387651298f79c6169e0960:2721,0107041,CONSUELO,PALENCIA,Cervera de Pisuerga,Filoniana,roca,-4.49412758699998,42.93783215700006,False,coincide_si_lonlat,pos_fc1f9837ac806a7e,pendiente,validada,roca,,,,,100,auditoria_geologica_u3,2026-09-27,IGME BDMIN inventario indicios Hoja 0107; IGME MAGNA 50 Hoja 0107 https://info.igme.es/cartografiadigital/datos/magna50/memorias/MMagna0107.pdf,Indicio 'CONSUELO' sin laboreo minero probado o continuidad estructural contrastada en fuentes documentales; mantenido en estado pendiente sin asignar deposit_id para evitar agrupaciones por proximidad
gpkg:44f874e0d3404a1c13ef2b13e6ecb8ea39b189992e387651298f79c6169e0960:2722,0107042,MINAS DE MATA NEVADA,PALENCIA,Cervera de Pisuerga,Desconocida,desconocido,-4.482539485999951,42.914569345000075,False,coincide_si_lonlat,pos_ca40f29d6f054fce,pendiente,validada,desconocido,,,,,100,auditoria_geologica_u3,2026-09-27,IGME BDMIN inventario indicios Hoja 0107; IGME MAGNA 50 Hoja 0107 https://info.igme.es/cartografiadigital/datos/magna50/memorias/MMagna0107.pdf,Indicio 'MINAS DE MATA NEVADA' sin laboreo minero probado o continuidad estructural contrastada en fuentes documentales; mantenido en estado pendiente sin asignar deposit_id para evitar agrupaciones por proximidad
gpkg:44f874e0d3404a1c13ef2b13e6ecb8ea39b189992e387651298f79c6169e0960:2884,0125024,PEÑA TALLADA,LUGO,Cervantes,Filoniana,roca,-7.049109658999953,42.821472863000054,False,coincide_si_lonlat,pos_0f0297fa215626a6,pendiente,validada,roca,,,,,100,auditoria_geologica_u3,2026-09-27,IGME BDMIN inventario indicios Hoja 0125; IGME MAGNA 50 Hoja 0125 https://info.igme.es/cartografiadigital/datos/magna50/memorias/MMagna0125.pdf,Indicio 'PEÑA TALLADA' sin laboreo minero probado o continuidad estructural contrastada en fuentes documentales; mantenido en estado pendiente sin asignar deposit_id para evitar agrupaciones por proximidad
gpkg:44f874e0d3404a1c13ef2b13e6ecb8ea39b189992e387651298f79c6169e0960:2907,0126001,SORBEDA,LEON,Páramo del Sil,Aluvionar,aluvial,-6.557273900999974,42.80798009000006,False,coincide_si_lonlat,pos_5e01b4aa088d67ae,pendiente,validada,aluvial,,,,,100,auditoria_geologica_u3,2026-09-27,IGME BDMIN inventario indicios Hoja 0126; IGME MAGNA 50 Hoja 0126 https://info.igme.es/cartografiadigital/datos/magna50/memorias/MMagna0126.pdf,Indicio 'SORBEDA' sin laboreo minero probado o continuidad estructural contrastada en fuentes documentales; mantenido en estado pendiente sin asignar deposit_id para evitar agrupaciones por proximidad
gpkg:44f874e0d3404a1c13ef2b13e6ecb8ea39b189992e387651298f79c6169e0960:2908,0126002,MINA DE CAVANIAS,LEON,Candín,Filoniana,roca,-6.752238908999971,42.817557789000034,False,coincide_si_lonlat,pos_9e8970f27edd2d29,pendiente,validada,roca,,,,,100,auditoria_geologica_u3,2026-09-27,IGME BDMIN inventario indicios Hoja 0126; IGME MAGNA 50 Hoja 0126 https://info.igme.es/cartografiadigital/datos/magna50/memorias/MMagna0126.pdf,Indicio 'MINA DE CAVANIAS' sin laboreo minero probado o continuidad estructural contrastada en fuentes documentales; mantenido en estado pendiente sin asignar deposit_id para evitar agrupaciones por proximidad
gpkg:44f874e0d3404a1c13ef2b13e6ecb8ea39b189992e387651298f79c6169e0960:2933,0126027,ALTAMIRA,LEON,Vega de Espinareda,Estratiforme/Estratoide,desconocido,-6.658651217999932,42.74661413700005,False,coincide_si_lonlat,pos_126a92d05fa9f9aa,pendiente,validada,desconocido,,,,,100,auditoria_geologica_u3,2026-09-27,IGME BDMIN inventario indicios Hoja 0126; IGME MAGNA 50 Hoja 0126 https://info.igme.es/cartografiadigital/datos/magna50/memorias/MMagna0126.pdf,Indicio 'ALTAMIRA' sin laboreo minero probado o continuidad estructural contrastada en fuentes documentales; mantenido en estado pendiente sin asignar deposit_id para evitar agrupaciones por proximidad
gpkg:44f874e0d3404a1c13ef2b13e6ecb8ea39b189992e387651298f79c6169e0960:2934,0126028,SESAMO,LEON,Vega de Espinareda,Estratiforme/Estratoide,desconocido,-6.675104017999956,42.741186310000046,False,coincide_si_lonlat,pos_61661fac31d1f04e,pendiente,validada,desconocido,,,,,100,auditoria_geologica_u3,2026-09-27,IGME BDMIN inventario indicios Hoja 0126; IGME MAGNA 50 Hoja 0126 https://info.igme.es/cartografiadigital/datos/magna50/memorias/MMagna0126.pdf,Indicio 'SESAMO' sin laboreo minero probado o continuidad estructural contrastada en fuentes documentales; mantenido en estado pendiente sin asignar deposit_id para evitar agrupaciones por proximidad
gpkg:44f874e0d3404a1c13ef2b13e6ecb8ea39b189992e387651298f79c6169e0960:2935,0126029,ARROYO DE FERREDAL,LEON,Vega de Espinareda,Estratiforme/Estratoide,desconocido,-6.6787853349999295,42.747294295000074,False,coincide_si_lonlat,pos_a1a1282f024b9605,pendiente,validada,aluvial,,,,,100,auditoria_geologica_u3,2026-09-27,IGME BDMIN inventario indicios Hoja 0126; IGME MAGNA 50 Hoja 0126 https://info.igme.es/cartografiadigital/datos/magna50/memorias/MMagna0126.pdf,Indicio 'ARROYO DE FERREDAL' sin laboreo minero probado o continuidad estructural contrastada en fuentes documentales; mantenido en estado pendiente sin asignar deposit_id para evitar agrupaciones por proximidad
gpkg:44f874e0d3404a1c13ef2b13e6ecb8ea39b189992e387651298f79c6169e0960:2936,0126030,VILLAR DE OCASO,LEON,Vega de Espinareda,Estratiforme/Estratoide,desconocido,-6.685862706999956,42.75410120300006,False,coincide_si_lonlat,pos_ee1b9925ec1e6290,pendiente,validada,desconocido,,,,,100,auditoria_geologica_u3,2026-09-27,IGME BDMIN inventario indicios Hoja 0126; IGME MAGNA 50 Hoja 0126 https://info.igme.es/cartografiadigital/datos/magna50/memorias/MMagna0126.pdf,Indicio 'VILLAR DE OCASO' sin laboreo minero probado o continuidad estructural contrastada en fuentes documentales; mantenido en estado pendiente sin asignar deposit_id para evitar agrupaciones por proximidad
gpkg:44f874e0d3404a1c13ef2b13e6ecb8ea39b189992e387651298f79c6169e0960:2937,0126031,CANDIN-SORBEIRA,LEON,Candín,Estratiforme/Estratoide,desconocido,-6.714797273999977,42.81456501400004,False,coincide_si_lonlat,pos_08ea2f7692859d9e,pendiente,validada,desconocido,,,,,100,auditoria_geologica_u3,2026-09-27,IGME BDMIN inventario indicios Hoja 0126; IGME MAGNA 50 Hoja 0126 https://info.igme.es/cartografiadigital/datos/magna50/memorias/MMagna0126.pdf,Indicio 'CANDIN-SORBEIRA' sin laboreo minero probado o continuidad estructural contrastada en fuentes documentales; mantenido en estado pendiente sin asignar deposit_id para evitar agrupaciones por proximidad
gpkg:44f874e0d3404a1c13ef2b13e6ecb8ea39b189992e387651298f79c6169e0960:2938,0126032,RIO ANCARES,LEON,Candín,Irregular,desconocido,-6.719993324999962,42.81628953500007,False,coincide_si_lonlat,pos_bae1b149a72c5531,pendiente,validada,aluvial,,,,,100,auditoria_geologica_u3,2026-09-27,IGME BDMIN inventario indicios Hoja 0126; IGME MAGNA 50 Hoja 0126 https://info.igme.es/cartografiadigital/datos/magna50/memorias/MMagna0126.pdf,Indicio 'RIO ANCARES' sin laboreo minero probado o continuidad estructural contrastada en fuentes documentales; mantenido en estado pendiente sin asignar deposit_id para evitar agrupaciones por proximidad
gpkg:44f874e0d3404a1c13ef2b13e6ecb8ea39b189992e387651298f79c6169e0960:2940,0126034,ALUVIALES DEL RIO SECO A VAL SECO,LEON,Candín,Irregular,desconocido,-6.727042930999971,42.817510361000075,False,coincide_si_lonlat,pos_0059f705003f9b50,pendiente,validada,aluvial,,,,,100,auditoria_geologica_u3,2026-09-27,IGME BDMIN inventario indicios Hoja 0126; IGME MAGNA 50 Hoja 0126 https://info.igme.es/cartografiadigital/datos/magna50/memorias/MMagna0126.pdf,Indicio 'ALUVIALES DEL RIO SECO A VAL SECO' sin laboreo minero probado o continuidad estructural contrastada en fuentes documentales; mantenido en estado pendiente sin asignar deposit_id para evitar agrupaciones por proximidad
gpkg:44f874e0d3404a1c13ef2b13e6ecb8ea39b189992e387651298f79c6169e0960:2941,0126035,RIO ANCARES,LEON,Candín,Irregular,desconocido,-6.729867725999952,42.82053804000003,False,coincide_si_lonlat,pos_5af8168488c67387,pendiente,validada,aluvial,,,,,100,auditoria_geologica_u3,2026-09-27,IGME BDMIN inventario indicios Hoja 0126; IGME MAGNA 50 Hoja 0126 https://info.igme.es/cartografiadigital/datos/magna50/memorias/MMagna0126.pdf,Indicio 'RIO ANCARES' sin laboreo minero probado o continuidad estructural contrastada en fuentes documentales; mantenido en estado pendiente sin asignar deposit_id para evitar agrupaciones por proximidad
gpkg:44f874e0d3404a1c13ef2b13e6ecb8ea39b189992e387651298f79c6169e0960:2942,0126036,BURBIA,LEON,Candín,Desconocida,desconocido,-6.7725411029999805,42.80741898500003,False,coincide_si_lonlat,pos_56f5e6892a95322a,pendiente,validada,desconocido,,,,,100,auditoria_geologica_u3,2026-09-27,IGME BDMIN inventario indicios Hoja 0126; IGME MAGNA 50 Hoja 0126 https://info.igme.es/cartografiadigital/datos/magna50/memorias/MMagna0126.pdf,Indicio 'BURBIA' sin laboreo minero probado o continuidad estructural contrastada en fuentes documentales; mantenido en estado pendiente sin asignar deposit_id para evitar agrupaciones por proximidad
gpkg:44f874e0d3404a1c13ef2b13e6ecb8ea39b189992e387651298f79c6169e0960:2944,0126038,LLANUERA ALUVIAL DEL RIO BURBIA,LEON,Vega de Espinareda,Irregular,desconocido,-6.778981383999962,42.78124968800006,False,coincide_si_lonlat,pos_4fce31482225d862,pendiente,validada,aluvial,,,,,100,auditoria_geologica_u3,2026-09-27,IGME BDMIN inventario indicios Hoja 0126; IGME MAGNA 50 Hoja 0126 https://info.igme.es/cartografiadigital/datos/magna50/memorias/MMagna0126.pdf,Indicio 'LLANUERA ALUVIAL DEL RIO BURBIA' sin laboreo minero probado o continuidad estructural contrastada en fuentes documentales; mantenido en estado pendiente sin asignar deposit_id para evitar agrupaciones por proximidad
gpkg:44f874e0d3404a1c13ef2b13e6ecb8ea39b189992e387651298f79c6169e0960:2945,0126039,LAS LAGUNAS-RIO TEJEIRO,LEON,Villafranca del Bierzo,Desconocida,desconocido,-6.839054978999968,42.741156267000065,False,coincide_si_lonlat,pos_8dcddad7c0a5864a,pendiente,validada,aluvial,,,,,100,auditoria_geologica_u3,2026-09-27,IGME BDMIN inventario indicios Hoja 0126; IGME MAGNA 50 Hoja 0126 https://info.igme.es/cartografiadigital/datos/magna50/memorias/MMagna0126.pdf,Indicio 'LAS LAGUNAS-RIO TEJEIRO' sin laboreo minero probado o continuidad estructural contrastada en fuentes documentales; mantenido en estado pendiente sin asignar deposit_id para evitar agrupaciones por proximidad
gpkg:44f874e0d3404a1c13ef2b13e6ecb8ea39b189992e387651298f79c6169e0960:2946,0126040,RIO TEJEIRO,LEON,Villafranca del Bierzo,Desconocida,desconocido,-6.836754097999972,42.73706053800004,False,coincide_si_lonlat,pos_92e3678dd7007adf,pendiente,validada,aluvial,,,,,100,auditoria_geologica_u3,2026-09-27,IGME BDMIN inventario indicios Hoja 0126; IGME MAGNA 50 Hoja 0126 https://info.igme.es/cartografiadigital/datos/magna50/memorias/MMagna0126.pdf,Indicio 'RIO TEJEIRO' sin laboreo minero probado o continuidad estructural contrastada en fuentes documentales; mantenido en estado pendiente sin asignar deposit_id para evitar agrupaciones por proximidad
gpkg:44f874e0d3404a1c13ef2b13e6ecb8ea39b189992e387651298f79c6169e0960:2947,0126041,LA BRAMUDA-RIO TEJEIRO,LEON,Villafranca del Bierzo,Desconocida,desconocido,-6.834516174999976,42.73116493600003,False,coincide_si_lonlat,pos_c2e3325b397e7f18,pendiente,validada,aluvial,,,,,100,auditoria_geologica_u3,2026-09-27,IGME BDMIN inventario indicios Hoja 0126; IGME MAGNA 50 Hoja 0126 https://info.igme.es/cartografiadigital/datos/magna50/memorias/MMagna0126.pdf,Indicio 'LA BRAMUDA-RIO TEJEIRO' sin laboreo minero probado o continuidad estructural contrastada en fuentes documentales; mantenido en estado pendiente sin asignar deposit_id para evitar agrupaciones por proximidad
gpkg:44f874e0d3404a1c13ef2b13e6ecb8ea39b189992e387651298f79c6169e0960:2948,0126042,TEJEIRA,LEON,Villafranca del Bierzo,Desconocida,desconocido,-6.839495817999932,42.72846740400007,False,coincide_si_lonlat,pos_596a0e0fcd2454b3,pendiente,validada,desconocido,,,,,100,auditoria_geologica_u3,2026-09-27,IGME BDMIN inventario indicios Hoja 0126; IGME MAGNA 50 Hoja 0126 https://info.igme.es/cartografiadigital/datos/magna50/memorias/MMagna0126.pdf,Indicio 'TEJEIRA' sin laboreo minero probado o continuidad estructural contrastada en fuentes documentales; mantenido en estado pendiente sin asignar deposit_id para evitar agrupaciones por proximidad
gpkg:44f874e0d3404a1c13ef2b13e6ecb8ea39b189992e387651298f79c6169e0960:2949,0126043,LAS FUCARAS,LEON,Villafranca del Bierzo,Desconocida,desconocido,-6.815127668999935,42.726744405000034,False,coincide_si_lonlat,pos_36f42e67acb15309,pendiente,validada,desconocido,,,,,100,auditoria_geologica_u3,2026-09-27,IGME BDMIN inventario indicios Hoja 0126; IGME MAGNA 50 Hoja 0126 https://info.igme.es/cartografiadigital/datos/magna50/memorias/MMagna0126.pdf,Indicio 'LAS FUCARAS' sin laboreo minero probado o continuidad estructural contrastada en fuentes documentales; mantenido en estado pendiente sin asignar deposit_id para evitar agrupaciones por proximidad
gpkg:44f874e0d3404a1c13ef2b13e6ecb8ea39b189992e387651298f79c6169e0960:2952,0126046,CARBEDON,LEON,Trabadelo,Irregular,desconocido,-6.826186592999932,42.67238372700007,False,coincide_si_lonlat,pos_55c557fbc9207419,pendiente,validada,desconocido,,,,,100,auditoria_geologica_u3,2026-09-27,IGME BDMIN inventario indicios Hoja 0126; IGME MAGNA 50 Hoja 0126 https://info.igme.es/cartografiadigital/datos/magna50/memorias/MMagna0126.pdf,Indicio 'CARBEDON' sin laboreo minero probado o continuidad estructural contrastada en fuentes documentales; mantenido en estado pendiente sin asignar deposit_id para evitar agrupaciones por proximidad
gpkg:44f874e0d3404a1c13ef2b13e6ecb8ea39b189992e387651298f79c6169e0960:2953,0126047,PARADASECA,LEON,Villafranca del Bierzo,Irregular,desconocido,-6.792966774999968,42.680033266000066,False,coincide_si_lonlat,pos_682cd4dd4e8cc0af,pendiente,validada,desconocido,,,,,100,auditoria_geologica_u3,2026-09-27,IGME BDMIN inventario indicios Hoja 0126; IGME MAGNA 50 Hoja 0126 https://info.igme.es/cartografiadigital/datos/magna50/memorias/MMagna0126.pdf,Indicio 'PARADASECA' sin laboreo minero probado o continuidad estructural contrastada en fuentes documentales; mantenido en estado pendiente sin asignar deposit_id para evitar agrupaciones por proximidad
gpkg:44f874e0d3404a1c13ef2b13e6ecb8ea39b189992e387651298f79c6169e0960:2954,0126048,PARADASECA,LEON,Villafranca del Bierzo,Irregular,desconocido,-6.7839602459999355,42.67589712000006,False,coincide_si_lonlat,pos_3f65427b1808f796,pendiente,validada,desconocido,,,,,100,auditoria_geologica_u3,2026-09-27,IGME BDMIN inventario indicios Hoja 0126; IGME MAGNA 50 Hoja 0126 https://info.igme.es/cartografiadigital/datos/magna50/memorias/MMagna0126.pdf,Indicio 'PARADASECA' sin laboreo minero probado o continuidad estructural contrastada en fuentes documentales; mantenido en estado pendiente sin asignar deposit_id para evitar agrupaciones por proximidad
gpkg:44f874e0d3404a1c13ef2b13e6ecb8ea39b189992e387651298f79c6169e0960:2955,0126049,RIBON,LEON,Villafranca del Bierzo,Irregular,desconocido,-6.7865840519999665,42.687924672000065,False,coincide_si_lonlat,pos_41037fa2381819db,pendiente,validada,desconocido,,,,,100,auditoria_geologica_u3,2026-09-27,IGME BDMIN inventario indicios Hoja 0126; IGME MAGNA 50 Hoja 0126 https://info.igme.es/cartografiadigital/datos/magna50/memorias/MMagna0126.pdf,Indicio 'RIBON' sin laboreo minero probado o continuidad estructural contrastada en fuentes documentales; mantenido en estado pendiente sin asignar deposit_id para evitar agrupaciones por proximidad
gpkg:44f874e0d3404a1c13ef2b13e6ecb8ea39b189992e387651298f79c6169e0960:2956,0126050,TRAVIESAS-VALCAMPO,LEON,Villafranca del Bierzo,Irregular,desconocido,-6.767387099999951,42.69565669600007,False,coincide_si_lonlat,pos_073433d57821d844,pendiente,validada,desconocido,,,,,100,auditoria_geologica_u3,2026-09-27,IGME BDMIN inventario indicios Hoja 0126; IGME MAGNA 50 Hoja 0126 https://info.igme.es/cartografiadigital/datos/magna50/memorias/MMagna0126.pdf,Indicio 'TRAVIESAS-VALCAMPO' sin laboreo minero probado o continuidad estructural contrastada en fuentes documentales; mantenido en estado pendiente sin asignar deposit_id para evitar agrupaciones por proximidad
gpkg:44f874e0d3404a1c13ef2b13e6ecb8ea39b189992e387651298f79c6169e0960:2957,0126051,PARADIÑA,LEON,Villafranca del Bierzo,Irregular,desconocido,-6.754983290999974,42.68415787300006,False,coincide_si_lonlat,pos_c0e913e532e7074a,pendiente,validada,desconocido,,,,,100,auditoria_geologica_u3,2026-09-27,IGME BDMIN inventario indicios Hoja 0126; IGME MAGNA 50 Hoja 0126 https://info.igme.es/cartografiadigital/datos/magna50/memorias/MMagna0126.pdf,Indicio 'PARADIÑA' sin laboreo minero probado o continuidad estructural contrastada en fuentes documentales; mantenido en estado pendiente sin asignar deposit_id para evitar agrupaciones por proximidad
gpkg:44f874e0d3404a1c13ef2b13e6ecb8ea39b189992e387651298f79c6169e0960:2958,0126052,TOYO-ARROYO DE VALCAMPO,LEON,Villafranca del Bierzo,Irregular,desconocido,-6.743151756999964,42.69067918500008,False,coincide_si_lonlat,pos_a87ed4341a6f8168,pendiente,validada,aluvial,,,,,100,auditoria_geologica_u3,2026-09-27,IGME BDMIN inventario indicios Hoja 0126; IGME MAGNA 50 Hoja 0126 https://info.igme.es/cartografiadigital/datos/magna50/memorias/MMagna0126.pdf,Indicio 'TOYO-ARROYO DE VALCAMPO' sin laboreo minero probado o continuidad estructural contrastada en fuentes documentales; mantenido en estado pendiente sin asignar deposit_id para evitar agrupaciones por proximidad
gpkg:44f874e0d3404a1c13ef2b13e6ecb8ea39b189992e387651298f79c6169e0960:2960,0126054,PRADO DE PARADIÑA,LEON,Villafranca del Bierzo,Irregular,desconocido,-6.744590476999974,42.70151362400003,False,coincide_si_lonlat,pos_2c32ad6744a569f9,pendiente,validada,desconocido,,,,,100,auditoria_geologica_u3,2026-09-27,IGME BDMIN inventario indicios Hoja 0126; IGME MAGNA 50 Hoja 0126 https://info.igme.es/cartografiadigital/datos/magna50/memorias/MMagna0126.pdf,Indicio 'PRADO DE PARADIÑA' sin laboreo minero probado o continuidad estructural contrastada en fuentes documentales; mantenido en estado pendiente sin asignar deposit_id para evitar agrupaciones por proximidad
gpkg:44f874e0d3404a1c13ef2b13e6ecb8ea39b189992e387651298f79c6169e0960:2961,0126055,COUSO,LEON,Vega de Espinareda,Estratiforme/Estratoide,desconocido,-6.737625295999976,42.70840018400003,False,coincide_si_lonlat,pos_3380acf5bd6791ce,pendiente,validada,desconocido,,,,,100,auditoria_geologica_u3,2026-09-27,IGME BDMIN inventario indicios Hoja 0126; IGME MAGNA 50 Hoja 0126 https://info.igme.es/cartografiadigital/datos/magna50/memorias/MMagna0126.pdf,Indicio 'COUSO' sin laboreo minero probado o continuidad estructural contrastada en fuentes documentales; mantenido en estado pendiente sin asignar deposit_id para evitar agrupaciones por proximidad
gpkg:44f874e0d3404a1c13ef2b13e6ecb8ea39b189992e387651298f79c6169e0960:2963,0126057,ALTO DE MOJON FRIO,LEON,Villafranca del Bierzo,Desconocida,desconocido,-6.772535089999963,42.739431429000035,False,coincide_si_lonlat,pos_f39d77055bda4042,pendiente,validada,aluvial,,,,,100,auditoria_geologica_u3,2026-09-27,IGME BDMIN inventario indicios Hoja 0126; IGME MAGNA 50 Hoja 0126 https://info.igme.es/cartografiadigital/datos/magna50/memorias/MMagna0126.pdf,Indicio 'ALTO DE MOJON FRIO' sin laboreo minero probado o continuidad estructural contrastada en fuentes documentales; mantenido en estado pendiente sin asignar deposit_id para evitar agrupaciones por proximidad
gpkg:44f874e0d3404a1c13ef2b13e6ecb8ea39b189992e387651298f79c6169e0960:2964,0126058,CORRAL DE LOS LOBOS,LEON,Vega de Espinareda,Desconocida,desconocido,-6.74169943499993,42.730723004000026,False,coincide_si_lonlat,pos_b69e39e8c9fed133,pendiente,validada,desconocido,,,,,100,auditoria_geologica_u3,2026-09-27,IGME BDMIN inventario indicios Hoja 0126; IGME MAGNA 50 Hoja 0126 https://info.igme.es/cartografiadigital/datos/magna50/memorias/MMagna0126.pdf,Indicio 'CORRAL DE LOS LOBOS' sin laboreo minero probado o continuidad estructural contrastada en fuentes documentales; mantenido en estado pendiente sin asignar deposit_id para evitar agrupaciones por proximidad
gpkg:44f874e0d3404a1c13ef2b13e6ecb8ea39b189992e387651298f79c6169e0960:2965,0126059,MOREDA,LEON,Vega de Espinareda,Irregular,desconocido,-6.730542151999941,42.72852127300007,False,coincide_si_lonlat,pos_5f3c32f4af201500,pendiente,validada,desconocido,,,,,100,auditoria_geologica_u3,2026-09-27,IGME BDMIN inventario indicios Hoja 0126; IGME MAGNA 50 Hoja 0126 https://info.igme.es/cartografiadigital/datos/magna50/memorias/MMagna0126.pdf,Indicio 'MOREDA' sin laboreo minero probado o continuidad estructural contrastada en fuentes documentales; mantenido en estado pendiente sin asignar deposit_id para evitar agrupaciones por proximidad
gpkg:44f874e0d3404a1c13ef2b13e6ecb8ea39b189992e387651298f79c6169e0960:2966,0126060,MOREDA,LEON,Vega de Espinareda,Irregular,desconocido,-6.726935195999943,42.716923327000075,False,coincide_si_lonlat,pos_627b275eb57c8752,pendiente,validada,desconocido,,,,,100,auditoria_geologica_u3,2026-09-27,IGME BDMIN inventario indicios Hoja 0126; IGME MAGNA 50 Hoja 0126 https://info.igme.es/cartografiadigital/datos/magna50/memorias/MMagna0126.pdf,Indicio 'MOREDA' sin laboreo minero probado o continuidad estructural contrastada en fuentes documentales; mantenido en estado pendiente sin asignar deposit_id para evitar agrupaciones por proximidad
gpkg:44f874e0d3404a1c13ef2b13e6ecb8ea39b189992e387651298f79c6169e0960:2967,0126061,MOREDA,LEON,Vega de Espinareda,Irregular,desconocido,-6.714016086999948,42.719547686000055,False,coincide_si_lonlat,pos_09f9ae57662c40e1,pendiente,validada,desconocido,,,,,100,auditoria_geologica_u3,2026-09-27,IGME BDMIN inventario indicios Hoja 0126; IGME MAGNA 50 Hoja 0126 https://info.igme.es/cartografiadigital/datos/magna50/memorias/MMagna0126.pdf,Indicio 'MOREDA' sin laboreo minero probado o continuidad estructural contrastada en fuentes documentales; mantenido en estado pendiente sin asignar deposit_id para evitar agrupaciones por proximidad
gpkg:44f874e0d3404a1c13ef2b13e6ecb8ea39b189992e387651298f79c6169e0960:2968,0126062,RIO ANCARES,LEON,Vega de Espinareda,Irregular,desconocido,-6.712006845999952,42.724370230000034,False,coincide_si_lonlat,pos_7515ef5b9f6463e8,pendiente,validada,aluvial,,,,,100,auditoria_geologica_u3,2026-09-27,IGME BDMIN inventario indicios Hoja 0126; IGME MAGNA 50 Hoja 0126 https://info.igme.es/cartografiadigital/datos/magna50/memorias/MMagna0126.pdf,Indicio 'RIO ANCARES' sin laboreo minero probado o continuidad estructural contrastada en fuentes documentales; mantenido en estado pendiente sin asignar deposit_id para evitar agrupaciones por proximidad
gpkg:44f874e0d3404a1c13ef2b13e6ecb8ea39b189992e387651298f79c6169e0960:2969,0126063,CAMPO DE FUTBOL,LEON,Vega de Espinareda,Irregular,desconocido,-6.70898552999995,42.723499358000026,False,coincide_si_lonlat,pos_e9821022bad0b97e,pendiente,validada,desconocido,,,,,100,auditoria_geologica_u3,2026-09-27,IGME BDMIN inventario indicios Hoja 0126; IGME MAGNA 50 Hoja 0126 https://info.igme.es/cartografiadigital/datos/magna50/memorias/MMagna0126.pdf,Indicio 'CAMPO DE FUTBOL' sin laboreo minero probado o continuidad estructural contrastada en fuentes documentales; mantenido en estado pendiente sin asignar deposit_id para evitar agrupaciones por proximidad
gpkg:44f874e0d3404a1c13ef2b13e6ecb8ea39b189992e387651298f79c6169e0960:2971,0126065,PARADIÑA,LEON,Villafranca del Bierzo,Irregular,desconocido,-6.7616075989999445,42.68662884500003,False,coincide_si_lonlat,pos_68dece5eeb1a8bba,pendiente,validada,desconocido,,,,,100,auditoria_geologica_u3,2026-09-27,IGME BDMIN inventario indicios Hoja 0126; IGME MAGNA 50 Hoja 0126 https://info.igme.es/cartografiadigital/datos/magna50/memorias/MMagna0126.pdf,Indicio 'PARADIÑA' sin laboreo minero probado o continuidad estructural contrastada en fuentes documentales; mantenido en estado pendiente sin asignar deposit_id para evitar agrupaciones por proximidad
gpkg:44f874e0d3404a1c13ef2b13e6ecb8ea39b189992e387651298f79c6169e0960:2973,0127001,LEONEZA,LEON,Páramo del Sil,Aluvionar,aluvial,-6.517336762999946,42.82495037900003,False,coincide_si_lonlat,pos_6616ebea1cbe6c1a,pendiente,validada,aluvial,,,,,100,auditoria_geologica_u3,2026-09-27,IGME BDMIN inventario indicios Hoja 0127; IGME MAGNA 50 Hoja 0127 https://info.igme.es/cartografiadigital/datos/magna50/memorias/MMagna0127.pdf,Indicio 'LEONEZA' sin laboreo minero probado o continuidad estructural contrastada en fuentes documentales; mantenido en estado pendiente sin asignar deposit_id para evitar agrupaciones por proximidad
gpkg:44f874e0d3404a1c13ef2b13e6ecb8ea39b189992e387651298f79c6169e0960:2974,0127002,CORBON DEL SIL,LEON,Palacios del Sil,Aluvionar,aluvial,-6.507655674999967,42.825370330000055,False,coincide_si_lonlat,pos_58c38c4a171a28d0,pendiente,validada,aluvial,,,,,100,auditoria_geologica_u3,2026-09-27,IGME BDMIN inventario indicios Hoja 0127; IGME MAGNA 50 Hoja 0127 https://info.igme.es/cartografiadigital/datos/magna50/memorias/MMagna0127.pdf,Indicio 'CORBON DEL SIL' sin laboreo minero probado o continuidad estructural contrastada en fuentes documentales; mantenido en estado pendiente sin asignar deposit_id para evitar agrupaciones por proximidad
gpkg:44f874e0d3404a1c13ef2b13e6ecb8ea39b189992e387651298f79c6169e0960:2975,0127003,LA CHANA,LEON,Páramo del Sil,Aluvionar,aluvial,-6.502264298999933,42.822551385000054,False,coincide_si_lonlat,pos_c24f6652dedef233,pendiente,validada,aluvial,,,,,100,auditoria_geologica_u3,2026-09-27,IGME BDMIN inventario indicios Hoja 0127; IGME MAGNA 50 Hoja 0127 https://info.igme.es/cartografiadigital/datos/magna50/memorias/MMagna0127.pdf,Indicio 'LA CHANA' sin laboreo minero probado o continuidad estructural contrastada en fuentes documentales; mantenido en estado pendiente sin asignar deposit_id para evitar agrupaciones por proximidad
gpkg:44f874e0d3404a1c13ef2b13e6ecb8ea39b189992e387651298f79c6169e0960:2976,0127004,EL ARDEJIL,LEON,Páramo del Sil,Aluvionar,aluvial,-6.485739287999934,42.82281993600003,False,coincide_si_lonlat,pos_d86397b78dbfc6fb,pendiente,validada,aluvial,,,,,100,auditoria_geologica_u3,2026-09-27,IGME BDMIN inventario indicios Hoja 0127; IGME MAGNA 50 Hoja 0127 https://info.igme.es/cartografiadigital/datos/magna50/memorias/MMagna0127.pdf,Indicio 'EL ARDEJIL' sin laboreo minero probado o continuidad estructural contrastada en fuentes documentales; mantenido en estado pendiente sin asignar deposit_id para evitar agrupaciones por proximidad
gpkg:44f874e0d3404a1c13ef2b13e6ecb8ea39b189992e387651298f79c6169e0960:2977,0127005,EL BARRIO-PARAMO DEL SIL,LEON,Páramo del Sil,Aluvionar,aluvial,-6.501979453999979,42.81444088000006,False,coincide_si_lonlat,pos_686911b60ebd4ceb,pendiente,validada,aluvial,,,,,100,auditoria_geologica_u3,2026-09-27,IGME BDMIN inventario indicios Hoja 0127; IGME MAGNA 50 Hoja 0127 https://info.igme.es/cartografiadigital/datos/magna50/memorias/MMagna0127.pdf,Indicio 'EL BARRIO-PARAMO DEL SIL' sin laboreo minero probado o continuidad estructural contrastada en fuentes documentales; mantenido en estado pendiente sin asignar deposit_id para evitar agrupaciones por proximidad
gpkg:44f874e0d3404a1c13ef2b13e6ecb8ea39b189992e387651298f79c6169e0960:3022,0127050,SALENTINOS,LEON,Páramo del Sil,Filoniana,roca,-6.337971480999954,42.81704742000005,False,coincide_si_lonlat,pos_412c6a24c8025190,pendiente,validada,roca,,,,,100,auditoria_geologica_u3,2026-09-27,IGME BDMIN inventario indicios Hoja 0127; IGME MAGNA 50 Hoja 0127 https://info.igme.es/cartografiadigital/datos/magna50/memorias/MMagna0127.pdf,Indicio 'SALENTINOS' sin laboreo minero probado o continuidad estructural contrastada en fuentes documentales; mantenido en estado pendiente sin asignar deposit_id para evitar agrupaciones por proximidad
gpkg:44f874e0d3404a1c13ef2b13e6ecb8ea39b189992e387651298f79c6169e0960:3023,0127051,MINA DE LAS ARRIBADERAS,LEON,Murias de Paredes,Desconocida,desconocido,-6.246099858999969,42.80631926900003,False,coincide_si_lonlat,pos_2211ed448af1f354,pendiente,validada,desconocido,,,,,100,auditoria_geologica_u3,2026-09-27,IGME BDMIN inventario indicios Hoja 0127; IGME MAGNA 50 Hoja 0127 https://info.igme.es/cartografiadigital/datos/magna50/memorias/MMagna0127.pdf,Indicio 'MINA DE LAS ARRIBADERAS' sin laboreo minero probado o continuidad estructural contrastada en fuentes documentales; mantenido en estado pendiente sin asignar deposit_id para evitar agrupaciones por proximidad
gpkg:44f874e0d3404a1c13ef2b13e6ecb8ea39b189992e387651298f79c6169e0960:3026,0127054,,LEON,Páramo del Sil,Aluvionar,aluvial,-6.5020229999999515,42.82132300000006,False,crs_tabular_desconocido,pos_bd829ff2f5cdca8d,pendiente,validada,aluvial,,,,,100,auditoria_geologica_u3,2026-09-27,IGME BDMIN inventario indicios Hoja 0127; IGME MAGNA 50 Hoja 0127 https://info.igme.es/cartografiadigital/datos/magna50/memorias/MMagna0127.pdf,Indicio menor/muestra de batea fluvial sin denominación minera ni laboreo contrastado; mantenido en estado pendiente sin asignar deposit_id para evitar agrupaciones espurias
gpkg:44f874e0d3404a1c13ef2b13e6ecb8ea39b189992e387651298f79c6169e0960:3027,0127055,,LEON,Toreno,Aluvionar,aluvial,-6.47734399999996,42.69111300000003,False,crs_tabular_desconocido,pos_b298984e7cac81a1,pendiente,validada,aluvial,,,,,100,auditoria_geologica_u3,2026-09-27,IGME BDMIN inventario indicios Hoja 0127; IGME MAGNA 50 Hoja 0127 https://info.igme.es/cartografiadigital/datos/magna50/memorias/MMagna0127.pdf,Indicio menor/muestra de batea fluvial sin denominación minera ni laboreo contrastado; mantenido en estado pendiente sin asignar deposit_id para evitar agrupaciones espurias
gpkg:44f874e0d3404a1c13ef2b13e6ecb8ea39b189992e387651298f79c6169e0960:3028,0127056,,LEON,Noceda,Aluvionar,aluvial,-6.43255199999993,42.696871000000044,False,crs_tabular_desconocido,pos_0b076874679cb350,pendiente,validada,aluvial,,,,,100,auditoria_geologica_u3,2026-09-27,IGME BDMIN inventario indicios Hoja 0127; IGME MAGNA 50 Hoja 0127 https://info.igme.es/cartografiadigital/datos/magna50/memorias/MMagna0127.pdf,Indicio menor/muestra de batea fluvial sin denominación minera ni laboreo contrastado; mantenido en estado pendiente sin asignar deposit_id para evitar agrupaciones espurias
gpkg:44f874e0d3404a1c13ef2b13e6ecb8ea39b189992e387651298f79c6169e0960:3029,0127057,,LEON,Bembibre,Aluvionar,aluvial,-6.447758999999962,42.683253000000036,False,crs_tabular_desconocido,pos_e6b8be342d90a8b0,pendiente,validada,aluvial,,,,,100,auditoria_geologica_u3,2026-09-27,IGME BDMIN inventario indicios Hoja 0127; IGME MAGNA 50 Hoja 0127 https://info.igme.es/cartografiadigital/datos/magna50/memorias/MMagna0127.pdf,Indicio menor/muestra de batea fluvial sin denominación minera ni laboreo contrastado; mantenido en estado pendiente sin asignar deposit_id para evitar agrupaciones espurias
gpkg:44f874e0d3404a1c13ef2b13e6ecb8ea39b189992e387651298f79c6169e0960:3030,0127058,,LEON,Bembibre,Aluvionar,aluvial,-6.459228999999937,42.67135200000007,False,crs_tabular_desconocido,pos_e131b697373d6208,pendiente,validada,aluvial,,,,,100,auditoria_geologica_u3,2026-09-27,IGME BDMIN inventario indicios Hoja 0127; IGME MAGNA 50 Hoja 0127 https://info.igme.es/cartografiadigital/datos/magna50/memorias/MMagna0127.pdf,Indicio menor/muestra de batea fluvial sin denominación minera ni laboreo contrastado; mantenido en estado pendiente sin asignar deposit_id para evitar agrupaciones espurias
gpkg:44f874e0d3404a1c13ef2b13e6ecb8ea39b189992e387651298f79c6169e0960:3031,0127059,,LEON,Noceda,Aluvionar,aluvial,-6.417013999999938,42.68886700000007,False,crs_tabular_desconocido,pos_3fb606b4173117d5,pendiente,validada,aluvial,,,,,100,auditoria_geologica_u3,2026-09-27,IGME BDMIN inventario indicios Hoja 0127; IGME MAGNA 50 Hoja 0127 https://info.igme.es/cartografiadigital/datos/magna50/memorias/MMagna0127.pdf,Indicio menor/muestra de batea fluvial sin denominación minera ni laboreo contrastado; mantenido en estado pendiente sin asignar deposit_id para evitar agrupaciones espurias
gpkg:44f874e0d3404a1c13ef2b13e6ecb8ea39b189992e387651298f79c6169e0960:3032,0127060,,LEON,Noceda,Aluvionar,aluvial,-6.39058799999998,42.69322000000005,False,crs_tabular_desconocido,pos_00a9ca918d5213d0,pendiente,validada,aluvial,,,,,100,auditoria_geologica_u3,2026-09-27,IGME BDMIN inventario indicios Hoja 0127; IGME MAGNA 50 Hoja 0127 https://info.igme.es/cartografiadigital/datos/magna50/memorias/MMagna0127.pdf,Indicio menor/muestra de batea fluvial sin denominación minera ni laboreo contrastado; mantenido en estado pendiente sin asignar deposit_id para evitar agrupaciones espurias
gpkg:44f874e0d3404a1c13ef2b13e6ecb8ea39b189992e387651298f79c6169e0960:3033,0127061,,LEON,Bembibre,Aluvionar,aluvial,-6.418978999999979,42.67090200000007,False,crs_tabular_desconocido,pos_c3a4fc90826ef4b4,pendiente,validada,aluvial,,,,,100,auditoria_geologica_u3,2026-09-27,IGME BDMIN inventario indicios Hoja 0127; IGME MAGNA 50 Hoja 0127 https://info.igme.es/cartografiadigital/datos/magna50/memorias/MMagna0127.pdf,Indicio menor/muestra de batea fluvial sin denominación minera ni laboreo contrastado; mantenido en estado pendiente sin asignar deposit_id para evitar agrupaciones espurias
gpkg:44f874e0d3404a1c13ef2b13e6ecb8ea39b189992e387651298f79c6169e0960:3034,0127062,,LEON,Noceda,Aluvionar,aluvial,-6.380732999999964,42.68083900000005,False,crs_tabular_desconocido,pos_0f9352cf94dab9aa,pendiente,validada,aluvial,,,,,100,auditoria_geologica_u3,2026-09-27,IGME BDMIN inventario indicios Hoja 0127; IGME MAGNA 50 Hoja 0127 https://info.igme.es/cartografiadigital/datos/magna50/memorias/MMagna0127.pdf,Indicio menor/muestra de batea fluvial sin denominación minera ni laboreo contrastado; mantenido en estado pendiente sin asignar deposit_id para evitar agrupaciones espurias
gpkg:44f874e0d3404a1c13ef2b13e6ecb8ea39b189992e387651298f79c6169e0960:3035,0127063,,LEON,Noceda,Aluvionar,aluvial,-6.364577999999938,42.68767200000008,False,crs_tabular_desconocido,pos_7de9cb05530d39c7,pendiente,validada,aluvial,,,,,100,auditoria_geologica_u3,2026-09-27,IGME BDMIN inventario indicios Hoja 0127; IGME MAGNA 50 Hoja 0127 https://info.igme.es/cartografiadigital/datos/magna50/memorias/MMagna0127.pdf,Indicio menor/muestra de batea fluvial sin denominación minera ni laboreo contrastado; mantenido en estado pendiente sin asignar deposit_id para evitar agrupaciones espurias
gpkg:44f874e0d3404a1c13ef2b13e6ecb8ea39b189992e387651298f79c6169e0960:3036,0127064,,LEON,Murias de Paredes,Aluvionar,aluvial,-6.325954999999965,42.691729000000066,False,crs_tabular_desconocido,pos_f7a6738406de673d,pendiente,validada,aluvial,,,,,100,auditoria_geologica_u3,2026-09-27,IGME BDMIN inventario indicios Hoja 0127; IGME MAGNA 50 Hoja 0127 https://info.igme.es/cartografiadigital/datos/magna50/memorias/MMagna0127.pdf,Indicio menor/muestra de batea fluvial sin denominación minera ni laboreo contrastado; mantenido en estado pendiente sin asignar deposit_id para evitar agrupaciones espurias
gpkg:44f874e0d3404a1c13ef2b13e6ecb8ea39b189992e387651298f79c6169e0960:3037,0127065,,LEON,Igueña,Aluvionar,aluvial,-6.325954999999965,42.691729000000066,False,crs_tabular_desconocido,pos_f7a6738406de673d,pendiente,validada,aluvial,,,,,100,auditoria_geologica_u3,2026-09-27,IGME BDMIN inventario indicios Hoja 0127; IGME MAGNA 50 Hoja 0127 https://info.igme.es/cartografiadigital/datos/magna50/memorias/MMagna0127.pdf,Indicio menor/muestra de batea fluvial sin denominación minera ni laboreo contrastado; mantenido en estado pendiente sin asignar deposit_id para evitar agrupaciones espurias
gpkg:44f874e0d3404a1c13ef2b13e6ecb8ea39b189992e387651298f79c6169e0960:3038,0127066,,LEON,Folgoso de la Ribera,Aluvionar,aluvial,-6.290665999999931,42.67514100000005,False,crs_tabular_desconocido,pos_89c3b8848b048345,pendiente,validada,aluvial,,,,,100,auditoria_geologica_u3,2026-09-27,IGME BDMIN inventario indicios Hoja 0127; IGME MAGNA 50 Hoja 0127 https://info.igme.es/cartografiadigital/datos/magna50/memorias/MMagna0127.pdf,Indicio menor/muestra de batea fluvial sin denominación minera ni laboreo contrastado; mantenido en estado pendiente sin asignar deposit_id para evitar agrupaciones espurias
gpkg:44f874e0d3404a1c13ef2b13e6ecb8ea39b189992e387651298f79c6169e0960:3039,0127067,,LEON,Igueña,Desconocida,desconocido,-6.252819999999929,42.71701100000007,False,crs_tabular_desconocido,pos_6014979d26cc86f2,pendiente,validada,desconocido,,,,,100,auditoria_geologica_u3,2026-09-27,IGME BDMIN inventario indicios Hoja 0127; IGME MAGNA 50 Hoja 0127 https://info.igme.es/cartografiadigital/datos/magna50/memorias/MMagna0127.pdf,Indicio menor/muestra de batea fluvial sin denominación minera ni laboreo contrastado; mantenido en estado pendiente sin asignar deposit_id para evitar agrupaciones espurias
gpkg:44f874e0d3404a1c13ef2b13e6ecb8ea39b189992e387651298f79c6169e0960:3040,0127068,,LEON,Igueña,Aluvionar,aluvial,-6.269935999999973,42.730477000000064,False,crs_tabular_desconocido,pos_9bf78281b4d1b9c3,pendiente,validada,aluvial,,,,,100,auditoria_geologica_u3,2026-09-27,IGME BDMIN inventario indicios Hoja 0127; IGME MAGNA 50 Hoja 0127 https://info.igme.es/cartografiadigital/datos/magna50/memorias/MMagna0127.pdf,Indicio menor/muestra de batea fluvial sin denominación minera ni laboreo contrastado; mantenido en estado pendiente sin asignar deposit_id para evitar agrupaciones espurias
gpkg:44f874e0d3404a1c13ef2b13e6ecb8ea39b189992e387651298f79c6169e0960:3041,0127069,,LEON,Igueña,Aluvionar,aluvial,-6.253185999999971,42.736380000000054,False,crs_tabular_desconocido,pos_a5357750fe450503,pendiente,validada,aluvial,,,,,100,auditoria_geologica_u3,2026-09-27,IGME BDMIN inventario indicios Hoja 0127; IGME MAGNA 50 Hoja 0127 https://info.igme.es/cartografiadigital/datos/magna50/memorias/MMagna0127.pdf,Indicio menor/muestra de batea fluvial sin denominación minera ni laboreo contrastado; mantenido en estado pendiente sin asignar deposit_id para evitar agrupaciones espurias
gpkg:44f874e0d3404a1c13ef2b13e6ecb8ea39b189992e387651298f79c6169e0960:3042,0127070,,LEON,Igueña,Aluvionar,aluvial,-6.293353999999965,42.72563100000008,False,crs_tabular_desconocido,pos_b4d87c0deb412f1e,pendiente,validada,aluvial,,,,,100,auditoria_geologica_u3,2026-09-27,IGME BDMIN inventario indicios Hoja 0127; IGME MAGNA 50 Hoja 0127 https://info.igme.es/cartografiadigital/datos/magna50/memorias/MMagna0127.pdf,Indicio menor/muestra de batea fluvial sin denominación minera ni laboreo contrastado; mantenido en estado pendiente sin asignar deposit_id para evitar agrupaciones espurias
gpkg:44f874e0d3404a1c13ef2b13e6ecb8ea39b189992e387651298f79c6169e0960:3043,0127071,,LEON,Igueña,Aluvionar,aluvial,-6.334265999999957,42.72569000000004,False,crs_tabular_desconocido,pos_c9b4a98a11554321,pendiente,validada,aluvial,,,,,100,auditoria_geologica_u3,2026-09-27,IGME BDMIN inventario indicios Hoja 0127; IGME MAGNA 50 Hoja 0127 https://info.igme.es/cartografiadigital/datos/magna50/memorias/MMagna0127.pdf,Indicio menor/muestra de batea fluvial sin denominación minera ni laboreo contrastado; mantenido en estado pendiente sin asignar deposit_id para evitar agrupaciones espurias
gpkg:44f874e0d3404a1c13ef2b13e6ecb8ea39b189992e387651298f79c6169e0960:3044,0127072,,LEON,Igueña,Aluvionar,aluvial,-6.325142999999969,42.71062000000006,False,crs_tabular_desconocido,pos_f21a34a66fb66cf0,pendiente,validada,aluvial,,,,,100,auditoria_geologica_u3,2026-09-27,IGME BDMIN inventario indicios Hoja 0127; IGME MAGNA 50 Hoja 0127 https://info.igme.es/cartografiadigital/datos/magna50/memorias/MMagna0127.pdf,Indicio menor/muestra de batea fluvial sin denominación minera ni laboreo contrastado; mantenido en estado pendiente sin asignar deposit_id para evitar agrupaciones espurias
gpkg:44f874e0d3404a1c13ef2b13e6ecb8ea39b189992e387651298f79c6169e0960:3045,0127073,,LEON,Noceda,Aluvionar,aluvial,-6.349482999999964,42.712537000000054,False,crs_tabular_desconocido,pos_4d7bb7e6b455c268,pendiente,validada,aluvial,,,,,100,auditoria_geologica_u3,2026-09-27,IGME BDMIN inventario indicios Hoja 0127; IGME MAGNA 50 Hoja 0127 https://info.igme.es/cartografiadigital/datos/magna50/memorias/MMagna0127.pdf,Indicio menor/muestra de batea fluvial sin denominación minera ni laboreo contrastado; mantenido en estado pendiente sin asignar deposit_id para evitar agrupaciones espurias
gpkg:44f874e0d3404a1c13ef2b13e6ecb8ea39b189992e387651298f79c6169e0960:3046,0127074,,LEON,Noceda,Aluvionar,aluvial,-6.361357999999939,42.70605800000004,False,crs_tabular_desconocido,pos_6951753d78b88d89,pendiente,validada,aluvial,,,,,100,auditoria_geologica_u3,2026-09-27,IGME BDMIN inventario indicios Hoja 0127; IGME MAGNA 50 Hoja 0127 https://info.igme.es/cartografiadigital/datos/magna50/memorias/MMagna0127.pdf,Indicio menor/muestra de batea fluvial sin denominación minera ni laboreo contrastado; mantenido en estado pendiente sin asignar deposit_id para evitar agrupaciones espurias
gpkg:44f874e0d3404a1c13ef2b13e6ecb8ea39b189992e387651298f79c6169e0960:3047,0127075,,LEON,Noceda,Aluvionar,aluvial,-6.378301999999962,42.709599000000026,False,crs_tabular_desconocido,pos_c7a42829f32cfad4,pendiente,validada,aluvial,,,,,100,auditoria_geologica_u3,2026-09-27,IGME BDMIN inventario indicios Hoja 0127; IGME MAGNA 50 Hoja 0127 https://info.igme.es/cartografiadigital/datos/magna50/memorias/MMagna0127.pdf,Indicio menor/muestra de batea fluvial sin denominación minera ni laboreo contrastado; mantenido en estado pendiente sin asignar deposit_id para evitar agrupaciones espurias
gpkg:44f874e0d3404a1c13ef2b13e6ecb8ea39b189992e387651298f79c6169e0960:3048,0127076,,LEON,Noceda,Aluvionar,aluvial,-6.403205999999955,42.72727500000008,False,crs_tabular_desconocido,pos_174daf7eb37fa849,pendiente,validada,aluvial,,,,,100,auditoria_geologica_u3,2026-09-27,IGME BDMIN inventario indicios Hoja 0127; IGME MAGNA 50 Hoja 0127 https://info.igme.es/cartografiadigital/datos/magna50/memorias/MMagna0127.pdf,Indicio menor/muestra de batea fluvial sin denominación minera ni laboreo contrastado; mantenido en estado pendiente sin asignar deposit_id para evitar agrupaciones espurias
gpkg:44f874e0d3404a1c13ef2b13e6ecb8ea39b189992e387651298f79c6169e0960:3049,0127077,,LEON,Noceda,Aluvionar,aluvial,-6.435117999999932,42.72349200000008,False,crs_tabular_desconocido,pos_d4d3491910f60f45,pendiente,validada,aluvial,,,,,100,auditoria_geologica_u3,2026-09-27,IGME BDMIN inventario indicios Hoja 0127; IGME MAGNA 50 Hoja 0127 https://info.igme.es/cartografiadigital/datos/magna50/memorias/MMagna0127.pdf,Indicio menor/muestra de batea fluvial sin denominación minera ni laboreo contrastado; mantenido en estado pendiente sin asignar deposit_id para evitar agrupaciones espurias
gpkg:44f874e0d3404a1c13ef2b13e6ecb8ea39b189992e387651298f79c6169e0960:3050,0127078,,LEON,Toreno,Aluvionar,aluvial,-6.4544199999999705,42.72932600000007,False,crs_tabular_desconocido,pos_7941bf29461ad3c5,pendiente,validada,aluvial,,,,,100,auditoria_geologica_u3,2026-09-27,IGME BDMIN inventario indicios Hoja 0127; IGME MAGNA 50 Hoja 0127 https://info.igme.es/cartografiadigital/datos/magna50/memorias/MMagna0127.pdf,Indicio menor/muestra de batea fluvial sin denominación minera ni laboreo contrastado; mantenido en estado pendiente sin asignar deposit_id para evitar agrupaciones espurias
gpkg:44f874e0d3404a1c13ef2b13e6ecb8ea39b189992e387651298f79c6169e0960:3051,0127079,,LEON,Toreno,Aluvionar,aluvial,-6.464999999999975,42.73946600000005,False,crs_tabular_desconocido,pos_62cc38639cd99843,pendiente,validada,aluvial,,,,,100,auditoria_geologica_u3,2026-09-27,IGME BDMIN inventario indicios Hoja 0127; IGME MAGNA 50 Hoja 0127 https://info.igme.es/cartografiadigital/datos/magna50/memorias/MMagna0127.pdf,Indicio menor/muestra de batea fluvial sin denominación minera ni laboreo contrastado; mantenido en estado pendiente sin asignar deposit_id para evitar agrupaciones espurias
gpkg:44f874e0d3404a1c13ef2b13e6ecb8ea39b189992e387651298f79c6169e0960:3052,0127080,,LEON,Páramo del Sil,Filoniana,roca,-6.339489999999955,42.817660000000046,False,crs_tabular_desconocido,pos_efe9e0684fdc48d6,pendiente,validada,roca,,,,,100,auditoria_geologica_u3,2026-09-27,IGME BDMIN inventario indicios Hoja 0127; IGME MAGNA 50 Hoja 0127 https://info.igme.es/cartografiadigital/datos/magna50/memorias/MMagna0127.pdf,Indicio menor/muestra de batea fluvial sin denominación minera ni laboreo contrastado; mantenido en estado pendiente sin asignar deposit_id para evitar agrupaciones espurias
gpkg:44f874e0d3404a1c13ef2b13e6ecb8ea39b189992e387651298f79c6169e0960:3053,0127081,,LEON,Páramo del Sil,Filoniana,roca,-6.358201999999949,42.80908900000003,False,crs_tabular_desconocido,pos_af711b3eed94bf00,pendiente,validada,roca,,,,,100,auditoria_geologica_u3,2026-09-27,IGME BDMIN inventario indicios Hoja 0127; IGME MAGNA 50 Hoja 0127 https://info.igme.es/cartografiadigital/datos/magna50/memorias/MMagna0127.pdf,Indicio menor/muestra de batea fluvial sin denominación minera ni laboreo contrastado; mantenido en estado pendiente sin asignar deposit_id para evitar agrupaciones espurias
gpkg:44f874e0d3404a1c13ef2b13e6ecb8ea39b189992e387651298f79c6169e0960:3054,0127082,,LEON,Páramo del Sil,Aluvionar,aluvial,-6.374888999999939,42.81937800000003,False,crs_tabular_desconocido,pos_daf5a290f31c5f40,pendiente,validada,aluvial,,,,,100,auditoria_geologica_u3,2026-09-27,IGME BDMIN inventario indicios Hoja 0127; IGME MAGNA 50 Hoja 0127 https://info.igme.es/cartografiadigital/datos/magna50/memorias/MMagna0127.pdf,Indicio menor/muestra de batea fluvial sin denominación minera ni laboreo contrastado; mantenido en estado pendiente sin asignar deposit_id para evitar agrupaciones espurias
gpkg:44f874e0d3404a1c13ef2b13e6ecb8ea39b189992e387651298f79c6169e0960:3062,0128008,RIO OMAÑAS,LEON,Riello,Aluvionar,aluvial,-5.975466651999966,42.77689525100004,False,coincide_si_lonlat,pos_a5383d6d66834a32,pendiente,validada,aluvial,,,,,100,auditoria_geologica_u3,2026-09-27,IGME BDMIN inventario indicios Hoja 0128; IGME MAGNA 50 Hoja 0128 https://info.igme.es/cartografiadigital/datos/magna50/memorias/MMagna0128.pdf,Indicio 'RIO OMAÑAS' sin laboreo minero probado o continuidad estructural contrastada en fuentes documentales; mantenido en estado pendiente sin asignar deposit_id para evitar agrupaciones por proximidad
gpkg:44f874e0d3404a1c13ef2b13e6ecb8ea39b189992e387651298f79c6169e0960:3063,0128009,RIO OMAÑAS,LEON,Riello,Estratiforme/Estratoide,desconocido,-5.986938966999958,42.77398496500007,False,coincide_si_lonlat,pos_f840a5be4203908f,pendiente,validada,aluvial,,,,,100,auditoria_geologica_u3,2026-09-27,IGME BDMIN inventario indicios Hoja 0128; IGME MAGNA 50 Hoja 0128 https://info.igme.es/cartografiadigital/datos/magna50/memorias/MMagna0128.pdf,Indicio 'RIO OMAÑAS' sin laboreo minero probado o continuidad estructural contrastada en fuentes documentales; mantenido en estado pendiente sin asignar deposit_id para evitar agrupaciones por proximidad
gpkg:44f874e0d3404a1c13ef2b13e6ecb8ea39b189992e387651298f79c6169e0960:3065,0128011,RIO OMAÑAS,LEON,Riello,Estratiforme/Estratoide,desconocido,-5.98697356699995,42.77470443200008,False,coincide_si_lonlat,pos_601ec47c83c253b3,pendiente,validada,aluvial,,,,,100,auditoria_geologica_u3,2026-09-27,IGME BDMIN inventario indicios Hoja 0128; IGME MAGNA 50 Hoja 0128 https://info.igme.es/cartografiadigital/datos/magna50/memorias/MMagna0128.pdf,Indicio 'RIO OMAÑAS' sin laboreo minero probado o continuidad estructural contrastada en fuentes documentales; mantenido en estado pendiente sin asignar deposit_id para evitar agrupaciones por proximidad
gpkg:44f874e0d3404a1c13ef2b13e6ecb8ea39b189992e387651298f79c6169e0960:3066,0128012,RIO OMAÑAS,LEON,Riello,Estratiforme/Estratoide,desconocido,-6.01916166999996,42.78262369300006,False,coincide_si_lonlat,pos_6827243504f260aa,pendiente,validada,aluvial,,,,,100,auditoria_geologica_u3,2026-09-27,IGME BDMIN inventario indicios Hoja 0128; IGME MAGNA 50 Hoja 0128 https://info.igme.es/cartografiadigital/datos/magna50/memorias/MMagna0128.pdf,Indicio 'RIO OMAÑAS' sin laboreo minero probado o continuidad estructural contrastada en fuentes documentales; mantenido en estado pendiente sin asignar deposit_id para evitar agrupaciones por proximidad
gpkg:44f874e0d3404a1c13ef2b13e6ecb8ea39b189992e387651298f79c6169e0960:3067,0128013,LA PUEBLA,LEON,Riello,Irregular,desconocido,-6.030523895999977,42.78787165400007,False,coincide_si_lonlat,pos_fee3635d74385e57,pendiente,validada,desconocido,,,,,100,auditoria_geologica_u3,2026-09-27,IGME BDMIN inventario indicios Hoja 0128; IGME MAGNA 50 Hoja 0128 https://info.igme.es/cartografiadigital/datos/magna50/memorias/MMagna0128.pdf,Indicio 'LA PUEBLA' sin laboreo minero probado o continuidad estructural contrastada en fuentes documentales; mantenido en estado pendiente sin asignar deposit_id para evitar agrupaciones por proximidad
gpkg:44f874e0d3404a1c13ef2b13e6ecb8ea39b189992e387651298f79c6169e0960:3068,0128014,RIO OMAÑAS,LEON,Riello,Estratiforme/Estratoide,desconocido,-6.050180562999969,42.78585878400003,False,coincide_si_lonlat,pos_6edad6b8a1b41247,pendiente,validada,aluvial,,,,,100,auditoria_geologica_u3,2026-09-27,IGME BDMIN inventario indicios Hoja 0128; IGME MAGNA 50 Hoja 0128 https://info.igme.es/cartografiadigital/datos/magna50/memorias/MMagna0128.pdf,Indicio 'RIO OMAÑAS' sin laboreo minero probado o continuidad estructural contrastada en fuentes documentales; mantenido en estado pendiente sin asignar deposit_id para evitar agrupaciones por proximidad
gpkg:44f874e0d3404a1c13ef2b13e6ecb8ea39b189992e387651298f79c6169e0960:3069,0128015,LOS COUSOS,LEON,Riello,Desconocida,desconocido,-6.067869971999926,42.77370694800004,False,coincide_si_lonlat,pos_28af16ace0606fb4,pendiente,validada,desconocido,,,,,100,auditoria_geologica_u3,2026-09-27,IGME BDMIN inventario indicios Hoja 0128; IGME MAGNA 50 Hoja 0128 https://info.igme.es/cartografiadigital/datos/magna50/memorias/MMagna0128.pdf,Indicio 'LOS COUSOS' sin laboreo minero probado o continuidad estructural contrastada en fuentes documentales; mantenido en estado pendiente sin asignar deposit_id para evitar agrupaciones por proximidad
gpkg:44f874e0d3404a1c13ef2b13e6ecb8ea39b189992e387651298f79c6169e0960:3070,0128016,RIO VALGORDO,LEON,Riello,Estratiforme/Estratoide,desconocido,-6.070138750999945,42.78520094100003,False,coincide_si_lonlat,pos_b5e69542382d51b4,pendiente,validada,aluvial,,,,,100,auditoria_geologica_u3,2026-09-27,IGME BDMIN inventario indicios Hoja 0128; IGME MAGNA 50 Hoja 0128 https://info.igme.es/cartografiadigital/datos/magna50/memorias/MMagna0128.pdf,Indicio 'RIO VALGORDO' sin laboreo minero probado o continuidad estructural contrastada en fuentes documentales; mantenido en estado pendiente sin asignar deposit_id para evitar agrupaciones por proximidad
gpkg:44f874e0d3404a1c13ef2b13e6ecb8ea39b189992e387651298f79c6169e0960:3071,0128017,RIO VALGORDO,LEON,Riello,Estratiforme/Estratoide,desconocido,-6.089579174999926,42.779934067000056,False,coincide_si_lonlat,pos_c5d052034f1a0a46,pendiente,validada,aluvial,,,,,100,auditoria_geologica_u3,2026-09-27,IGME BDMIN inventario indicios Hoja 0128; IGME MAGNA 50 Hoja 0128 https://info.igme.es/cartografiadigital/datos/magna50/memorias/MMagna0128.pdf,Indicio 'RIO VALGORDO' sin laboreo minero probado o continuidad estructural contrastada en fuentes documentales; mantenido en estado pendiente sin asignar deposit_id para evitar agrupaciones por proximidad
gpkg:44f874e0d3404a1c13ef2b13e6ecb8ea39b189992e387651298f79c6169e0960:3072,0128018,ARROYO DE LA GRANDA,LEON,Riello,Estratiforme/Estratoide,desconocido,-6.097119673999941,42.78075592300007,False,coincide_si_lonlat,pos_fd8155522187441f,pendiente,validada,aluvial,,,,,100,auditoria_geologica_u3,2026-09-27,IGME BDMIN inventario indicios Hoja 0128; IGME MAGNA 50 Hoja 0128 https://info.igme.es/cartografiadigital/datos/magna50/memorias/MMagna0128.pdf,Indicio 'ARROYO DE LA GRANDA' sin laboreo minero probado o continuidad estructural contrastada en fuentes documentales; mantenido en estado pendiente sin asignar deposit_id para evitar agrupaciones por proximidad
gpkg:44f874e0d3404a1c13ef2b13e6ecb8ea39b189992e387651298f79c6169e0960:3073,0128019,BARRIO DE LA PUENTE,LEON,Murias de Paredes,Irregular,desconocido,-6.131905829999937,42.78190319200007,False,coincide_si_lonlat,pos_91b9cbb8ffd2050c,pendiente,validada,aluvial,,,,,100,auditoria_geologica_u3,2026-09-27,IGME BDMIN inventario indicios Hoja 0128; IGME MAGNA 50 Hoja 0128 https://info.igme.es/cartografiadigital/datos/magna50/memorias/MMagna0128.pdf,Indicio 'BARRIO DE LA PUENTE' sin laboreo minero probado o continuidad estructural contrastada en fuentes documentales; mantenido en estado pendiente sin asignar deposit_id para evitar agrupaciones por proximidad
gpkg:44f874e0d3404a1c13ef2b13e6ecb8ea39b189992e387651298f79c6169e0960:3074,0128020,PEÑA BALADRONA,LEON,Murias de Paredes,Desconocida,desconocido,-6.140279370999963,42.78058195300008,False,coincide_si_lonlat,pos_ff8c64bdbbd0618a,pendiente,validada,desconocido,,,,,100,auditoria_geologica_u3,2026-09-27,IGME BDMIN inventario indicios Hoja 0128; IGME MAGNA 50 Hoja 0128 https://info.igme.es/cartografiadigital/datos/magna50/memorias/MMagna0128.pdf,Indicio 'PEÑA BALADRONA' sin laboreo minero probado o continuidad estructural contrastada en fuentes documentales; mantenido en estado pendiente sin asignar deposit_id para evitar agrupaciones por proximidad
gpkg:44f874e0d3404a1c13ef2b13e6ecb8ea39b189992e387651298f79c6169e0960:3075,0128021,ZONA DEL SUSPIRON,LEON,Murias de Paredes,Filoniana,roca,-6.160390104999976,42.755149250000045,False,coincide_si_lonlat,pos_7857133ef051fd51,pendiente,validada,roca,,,,,100,auditoria_geologica_u3,2026-09-27,IGME BDMIN inventario indicios Hoja 0128; IGME MAGNA 50 Hoja 0128 https://info.igme.es/cartografiadigital/datos/magna50/memorias/MMagna0128.pdf,Indicio 'ZONA DEL SUSPIRON' sin laboreo minero probado o continuidad estructural contrastada en fuentes documentales; mantenido en estado pendiente sin asignar deposit_id para evitar agrupaciones por proximidad
gpkg:44f874e0d3404a1c13ef2b13e6ecb8ea39b189992e387651298f79c6169e0960:3076,0128022,LAS FORNIAS,LEON,Riello,Filoniana,roca,-6.1140526629999385,42.75308966500006,False,coincide_si_lonlat,pos_06d5170d1c3f9b41,pendiente,validada,roca,,,,,100,auditoria_geologica_u3,2026-09-27,IGME BDMIN inventario indicios Hoja 0128; IGME MAGNA 50 Hoja 0128 https://info.igme.es/cartografiadigital/datos/magna50/memorias/MMagna0128.pdf,Indicio 'LAS FORNIAS' sin laboreo minero probado o continuidad estructural contrastada en fuentes documentales; mantenido en estado pendiente sin asignar deposit_id para evitar agrupaciones por proximidad
gpkg:44f874e0d3404a1c13ef2b13e6ecb8ea39b189992e387651298f79c6169e0960:3083,0128029,VILLARMERIEL,LEON,Quintana del Castillo,Irregular,desconocido,-6.016485934999935,42.690706490000025,False,coincide_si_lonlat,pos_4c3d75525e4ce122,pendiente,validada,desconocido,,,,,100,auditoria_geologica_u3,2026-09-27,IGME BDMIN inventario indicios Hoja 0128; IGME MAGNA 50 Hoja 0128 https://info.igme.es/cartografiadigital/datos/magna50/memorias/MMagna0128.pdf,Indicio 'VILLARMERIEL' sin laboreo minero probado o continuidad estructural contrastada en fuentes documentales; mantenido en estado pendiente sin asignar deposit_id para evitar agrupaciones por proximidad
gpkg:44f874e0d3404a1c13ef2b13e6ecb8ea39b189992e387651298f79c6169e0960:3084,0128030,SAN FELIZ DE LAS LAVANDERAS,LEON,Quintana del Castillo,Irregular,desconocido,-5.977568079999969,42.69318713800004,False,coincide_si_lonlat,pos_d0cf5d05d581c91a,pendiente,validada,desconocido,,,,,100,auditoria_geologica_u3,2026-09-27,IGME BDMIN inventario indicios Hoja 0128; IGME MAGNA 50 Hoja 0128 https://info.igme.es/cartografiadigital/datos/magna50/memorias/MMagna0128.pdf,Indicio 'SAN FELIZ DE LAS LAVANDERAS' sin laboreo minero probado o continuidad estructural contrastada en fuentes documentales; mantenido en estado pendiente sin asignar deposit_id para evitar agrupaciones por proximidad
gpkg:44f874e0d3404a1c13ef2b13e6ecb8ea39b189992e387651298f79c6169e0960:3085,0128031,ESCUREDO,LEON,Quintana del Castillo,Irregular,desconocido,-5.960211417999972,42.67472745400005,False,coincide_si_lonlat,pos_d224fe668b00711e,pendiente,validada,desconocido,,,,,100,auditoria_geologica_u3,2026-09-27,IGME BDMIN inventario indicios Hoja 0128; IGME MAGNA 50 Hoja 0128 https://info.igme.es/cartografiadigital/datos/magna50/memorias/MMagna0128.pdf,Indicio 'ESCUREDO' sin laboreo minero probado o continuidad estructural contrastada en fuentes documentales; mantenido en estado pendiente sin asignar deposit_id para evitar agrupaciones por proximidad
gpkg:44f874e0d3404a1c13ef2b13e6ecb8ea39b189992e387651298f79c6169e0960:3087,0128033,EL LLONCION,LEON,Valdesamario,Aluvionar,aluvial,-5.929427763999968,42.71559066900005,False,coincide_si_lonlat,pos_5e16b18d5014a7e2,pendiente,validada,aluvial,,,,,100,auditoria_geologica_u3,2026-09-27,IGME BDMIN inventario indicios Hoja 0128; IGME MAGNA 50 Hoja 0128 https://info.igme.es/cartografiadigital/datos/magna50/memorias/MMagna0128.pdf,Indicio 'EL LLONCION' sin laboreo minero probado o continuidad estructural contrastada en fuentes documentales; mantenido en estado pendiente sin asignar deposit_id para evitar agrupaciones por proximidad
gpkg:44f874e0d3404a1c13ef2b13e6ecb8ea39b189992e387651298f79c6169e0960:3088,0128034,LA UTRERA,LEON,Valdesamario,Aluvionar,aluvial,-5.92314879099996,42.71710194100007,False,coincide_si_lonlat,pos_45f4c292935525ad,pendiente,validada,aluvial,,,,,100,auditoria_geologica_u3,2026-09-27,IGME BDMIN inventario indicios Hoja 0128; IGME MAGNA 50 Hoja 0128 https://info.igme.es/cartografiadigital/datos/magna50/memorias/MMagna0128.pdf,Indicio 'LA UTRERA' sin laboreo minero probado o continuidad estructural contrastada en fuentes documentales; mantenido en estado pendiente sin asignar deposit_id para evitar agrupaciones por proximidad
gpkg:44f874e0d3404a1c13ef2b13e6ecb8ea39b189992e387651298f79c6169e0960:3089,0128035,PALADIN,LEON,Valdesamario,Aluvionar,aluvial,-5.91548985299994,42.72279021600008,False,coincide_si_lonlat,pos_1f5e632101a98271,pendiente,validada,aluvial,,,,,100,auditoria_geologica_u3,2026-09-27,IGME BDMIN inventario indicios Hoja 0128; IGME MAGNA 50 Hoja 0128 https://info.igme.es/cartografiadigital/datos/magna50/memorias/MMagna0128.pdf,Indicio 'PALADIN' sin laboreo minero probado o continuidad estructural contrastada en fuentes documentales; mantenido en estado pendiente sin asignar deposit_id para evitar agrupaciones por proximidad
gpkg:44f874e0d3404a1c13ef2b13e6ecb8ea39b189992e387651298f79c6169e0960:3091,0128037,LA COLLADA,LEON,"Omañas, Las",Aluvionar,aluvial,-5.907074689999945,42.69977202900003,False,coincide_si_lonlat,pos_86e52a21a6eee802,pendiente,validada,aluvial,,,,,100,auditoria_geologica_u3,2026-09-27,IGME BDMIN inventario indicios Hoja 0128; IGME MAGNA 50 Hoja 0128 https://info.igme.es/cartografiadigital/datos/magna50/memorias/MMagna0128.pdf,Indicio 'LA COLLADA' sin laboreo minero probado o continuidad estructural contrastada en fuentes documentales; mantenido en estado pendiente sin asignar deposit_id para evitar agrupaciones por proximidad
gpkg:44f874e0d3404a1c13ef2b13e6ecb8ea39b189992e387651298f79c6169e0960:3092,0128038,LAS OMAÑAS,LEON,"Omañas, Las",Aluvionar,aluvial,-5.885920963999979,42.67797548200008,False,coincide_si_lonlat,pos_3f4b64c49b2cedd8,pendiente,validada,aluvial,,,,,100,auditoria_geologica_u3,2026-09-27,IGME BDMIN inventario indicios Hoja 0128; IGME MAGNA 50 Hoja 0128 https://info.igme.es/cartografiadigital/datos/magna50/memorias/MMagna0128.pdf,Indicio 'LAS OMAÑAS' sin laboreo minero probado o continuidad estructural contrastada en fuentes documentales; mantenido en estado pendiente sin asignar deposit_id para evitar agrupaciones por proximidad
gpkg:44f874e0d3404a1c13ef2b13e6ecb8ea39b189992e387651298f79c6169e0960:3093,0128039,LAS ADRIANAS,LEON,Llamas de la Ribera,Aluvionar,aluvial,-5.863301234999938,42.66908848400004,False,coincide_si_lonlat,pos_4e770164c5d65f50,confirmada,validada,aluvial,dep_llamas_de_la_ribera,dist_leon_omana_orbigo,,,50,auditoria_geologica_u3,2026-09-27,Pérez García et al. (2000); IGME MAGNA 50 Hoja 160 (Benavides de Órbigo) https://info.igme.es/cartografiadigital/datos/magna50/memorias/MMagna0160.pdf,Explotaciones aluviales romanas en abanicos aluviales y terrazas del curso medio del río Órbigo
gpkg:44f874e0d3404a1c13ef2b13e6ecb8ea39b189992e387651298f79c6169e0960:3094,0128040,Mina de Morriondo y Ferreras,LEON,Quintana del Castillo,Aluvionar,aluvial,-5.973201999999958,42.66814000000005,False,crs_tabular_desconocido,pos_18b2208cacf246ce,confirmada,validada,aluvial,dep_ferreras_riofrio,dist_leon_omana_cepeda,,,50,auditoria_geologica_u3,2026-09-27,Pérez García et al. (2000) J. Geochem. Explor. 71:225-240; IGME MAGNA 50 Hoja 128 (Riello) y Hoja 160 (Benavides de Órbigo) https://info.igme.es/cartografiadigital/datos/magna50/memorias/MMagna0160.pdf,"Gran complejo minero hidráulico romano en abanicos y terrazas auríferas paleógenas/miocenas de Ferreras, Morriondo y Riofrío en la Cepeda Alta"
gpkg:44f874e0d3404a1c13ef2b13e6ecb8ea39b189992e387651298f79c6169e0960:3098,0129004,ARROYO DE TURCIOS,LEON,Soto y Amío,Irregular,desconocido,-5.84441338299996,42.79787762600006,False,coincide_si_lonlat,pos_114e37756f170de0,pendiente,validada,aluvial,,,,,100,auditoria_geologica_u3,2026-09-27,IGME BDMIN inventario indicios Hoja 0129; IGME MAGNA 50 Hoja 0129 https://info.igme.es/cartografiadigital/datos/magna50/memorias/MMagna0129.pdf,Indicio 'ARROYO DE TURCIOS' sin laboreo minero probado o continuidad estructural contrastada en fuentes documentales; mantenido en estado pendiente sin asignar deposit_id para evitar agrupaciones por proximidad
gpkg:44f874e0d3404a1c13ef2b13e6ecb8ea39b189992e387651298f79c6169e0960:3109,0129015,VALLE GRANDE,LEON,"Omañas, Las",Aluvionar,aluvial,-5.836591427999963,42.680109075000075,False,coincide_si_lonlat,pos_7f9b1a5d5dc1a85a,pendiente,validada,aluvial,,,,,100,auditoria_geologica_u3,2026-09-27,IGME BDMIN inventario indicios Hoja 0129; IGME MAGNA 50 Hoja 0129 https://info.igme.es/cartografiadigital/datos/magna50/memorias/MMagna0129.pdf,Indicio 'VALLE GRANDE' sin laboreo minero probado o continuidad estructural contrastada en fuentes documentales; mantenido en estado pendiente sin asignar deposit_id para evitar agrupaciones por proximidad
gpkg:44f874e0d3404a1c13ef2b13e6ecb8ea39b189992e387651298f79c6169e0960:3110,0129016,MOLINO DE LA GRIEGA,LEON,Cimanes del Tejar,Aluvionar,aluvial,-5.8135508789999335,42.66987186400007,False,coincide_si_lonlat,pos_704568103305317f,pendiente,validada,aluvial,,,,,100,auditoria_geologica_u3,2026-09-27,IGME BDMIN inventario indicios Hoja 0129; IGME MAGNA 50 Hoja 0129 https://info.igme.es/cartografiadigital/datos/magna50/memorias/MMagna0129.pdf,Indicio 'MOLINO DE LA GRIEGA' sin laboreo minero probado o continuidad estructural contrastada en fuentes documentales; mantenido en estado pendiente sin asignar deposit_id para evitar agrupaciones por proximidad
gpkg:44f874e0d3404a1c13ef2b13e6ecb8ea39b189992e387651298f79c6169e0960:3118,0130004,Oro Vegas del Condado,LEON,Vegas del Condado,Aluvionar,aluvial,-5.349779999999953,42.68713800000006,False,crs_tabular_desconocido,pos_86be02c26a640dbb,pendiente,validada,aluvial,,,,,100,auditoria_geologica_u3,2026-09-27,IGME BDMIN inventario indicios Hoja 0130; IGME MAGNA 50 Hoja 0130 https://info.igme.es/cartografiadigital/datos/magna50/memorias/MMagna0130.pdf,Indicio 'Oro Vegas del Condado' sin laboreo minero probado o continuidad estructural contrastada en fuentes documentales; mantenido en estado pendiente sin asignar deposit_id para evitar agrupaciones por proximidad
gpkg:44f874e0d3404a1c13ef2b13e6ecb8ea39b189992e387651298f79c6169e0960:3267,0154003,REJA REDONDA - CANTERA DE XEIXO,PONTEVEDRA,Dozón,Filoniana,roca,-8.051683667999953,42.576156895000054,False,coincide_si_lonlat,pos_52ceffcab5bf0103,pendiente,validada,roca,,,,,100,auditoria_geologica_u3,2026-09-27,IGME BDMIN inventario indicios Hoja 0154; IGME MAGNA 50 Hoja 0154 https://info.igme.es/cartografiadigital/datos/magna50/memorias/MMagna0154.pdf,Indicio 'REJA REDONDA - CANTERA DE XEIXO' sin laboreo minero probado o continuidad estructural contrastada en fuentes documentales; mantenido en estado pendiente sin asignar deposit_id para evitar agrupaciones por proximidad
gpkg:44f874e0d3404a1c13ef2b13e6ecb8ea39b189992e387651298f79c6169e0960:3268,0154004,IRIXO,ORENSE,"Irixo, O",Filoniana,roca,-8.128622185999973,42.52003091500006,False,coincide_si_lonlat,pos_be1f978726956974,pendiente,validada,roca,,,,,100,auditoria_geologica_u3,2026-09-27,IGME BDMIN inventario indicios Hoja 0154; IGME MAGNA 50 Hoja 0154 https://info.igme.es/cartografiadigital/datos/magna50/memorias/MMagna0154.pdf,Indicio 'IRIXO' sin laboreo minero probado o continuidad estructural contrastada en fuentes documentales; mantenido en estado pendiente sin asignar deposit_id para evitar agrupaciones por proximidad
gpkg:44f874e0d3404a1c13ef2b13e6ecb8ea39b189992e387651298f79c6169e0960:3270,0154006,CARBALLEDA,ORENSE,Piñor,Filoniana,roca,-8.011558630999957,42.53214050200006,False,coincide_si_lonlat,pos_3a6d293a1c76673c,pendiente,validada,roca,,,,,100,auditoria_geologica_u3,2026-09-27,IGME BDMIN inventario indicios Hoja 0154; IGME MAGNA 50 Hoja 0154 https://info.igme.es/cartografiadigital/datos/magna50/memorias/MMagna0154.pdf,Indicio 'CARBALLEDA' sin laboreo minero probado o continuidad estructural contrastada en fuentes documentales; mantenido en estado pendiente sin asignar deposit_id para evitar agrupaciones por proximidad
gpkg:44f874e0d3404a1c13ef2b13e6ecb8ea39b189992e387651298f79c6169e0960:3271,0154007,PEÑA DAS COVAS DE VALDUIDE,ORENSE,"Irixo, O",Filoniana,roca,-8.080697913999927,42.50885000900007,False,coincide_si_lonlat,pos_1d168a176fbac51c,pendiente,validada,roca,,,,,100,auditoria_geologica_u3,2026-09-27,IGME BDMIN inventario indicios Hoja 0154; IGME MAGNA 50 Hoja 0154 https://info.igme.es/cartografiadigital/datos/magna50/memorias/MMagna0154.pdf,Indicio 'PEÑA DAS COVAS DE VALDUIDE' sin laboreo minero probado o continuidad estructural contrastada en fuentes documentales; mantenido en estado pendiente sin asignar deposit_id para evitar agrupaciones por proximidad
gpkg:44f874e0d3404a1c13ef2b13e6ecb8ea39b189992e387651298f79c6169e0960:3272,0154008,REJA DO SEIXO,ORENSE,"Irixo, O",Filoniana,roca,-8.057567062999965,42.509112661000074,False,coincide_si_lonlat,pos_e318d5d371991e45,pendiente,validada,roca,,,,,100,auditoria_geologica_u3,2026-09-27,IGME BDMIN inventario indicios Hoja 0154; IGME MAGNA 50 Hoja 0154 https://info.igme.es/cartografiadigital/datos/magna50/memorias/MMagna0154.pdf,Indicio 'REJA DO SEIXO' sin laboreo minero probado o continuidad estructural contrastada en fuentes documentales; mantenido en estado pendiente sin asignar deposit_id para evitar agrupaciones por proximidad
gpkg:44f874e0d3404a1c13ef2b13e6ecb8ea39b189992e387651298f79c6169e0960:3273,0154009,BARRAN,ORENSE,Piñor,Filoniana,roca,-7.996815688999959,42.50229352400004,False,coincide_si_lonlat,pos_3f5551891ab50188,pendiente,validada,roca,,,,,100,auditoria_geologica_u3,2026-09-27,IGME BDMIN inventario indicios Hoja 0154; IGME MAGNA 50 Hoja 0154 https://info.igme.es/cartografiadigital/datos/magna50/memorias/MMagna0154.pdf,Indicio 'BARRAN' sin laboreo minero probado o continuidad estructural contrastada en fuentes documentales; mantenido en estado pendiente sin asignar deposit_id para evitar agrupaciones por proximidad
gpkg:44f874e0d3404a1c13ef2b13e6ecb8ea39b189992e387651298f79c6169e0960:3274,0154010,"RAPUSEIROS, AMORELLE",LUGO,Chantada,Filoniana,roca,-7.88363477799993,42.60436289000006,False,coincide_si_lonlat,pos_a073ffaf7e69149e,pendiente,validada,roca,,,,,100,auditoria_geologica_u3,2026-09-27,IGME BDMIN inventario indicios Hoja 0154; IGME MAGNA 50 Hoja 0154 https://info.igme.es/cartografiadigital/datos/magna50/memorias/MMagna0154.pdf,"Indicio 'RAPUSEIROS, AMORELLE' sin laboreo minero probado o continuidad estructural contrastada en fuentes documentales; mantenido en estado pendiente sin asignar deposit_id para evitar agrupaciones por proximidad"
gpkg:44f874e0d3404a1c13ef2b13e6ecb8ea39b189992e387651298f79c6169e0960:3285,0157001,EL CARBALLON,LEON,Trabadelo,Aluvionar,aluvial,-6.8821022339999445,42.65370978400006,False,coincide_si_lonlat,pos_ec92a526f7952dd6,pendiente,validada,aluvial,,,,,100,auditoria_geologica_u3,2026-09-27,IGME BDMIN inventario indicios Hoja 0157; IGME MAGNA 50 Hoja 0157 https://info.igme.es/cartografiadigital/datos/magna50/memorias/MMagna0157.pdf,Indicio 'EL CARBALLON' sin laboreo minero probado o continuidad estructural contrastada en fuentes documentales; mantenido en estado pendiente sin asignar deposit_id para evitar agrupaciones por proximidad
gpkg:44f874e0d3404a1c13ef2b13e6ecb8ea39b189992e387651298f79c6169e0960:3286,0157002,RIO VALCARCE,LEON,Vega de Valcarce,Aluvionar,aluvial,-6.916898805999949,42.66020129900005,False,coincide_si_lonlat,pos_077bd49ac1288294,pendiente,validada,aluvial,,,,,100,auditoria_geologica_u3,2026-09-27,IGME BDMIN inventario indicios Hoja 0157; IGME MAGNA 50 Hoja 0157 https://info.igme.es/cartografiadigital/datos/magna50/memorias/MMagna0157.pdf,Indicio 'RIO VALCARCE' sin laboreo minero probado o continuidad estructural contrastada en fuentes documentales; mantenido en estado pendiente sin asignar deposit_id para evitar agrupaciones por proximidad
gpkg:44f874e0d3404a1c13ef2b13e6ecb8ea39b189992e387651298f79c6169e0960:3287,0157003,RIO SELMO,LEON,Oencia,Aluvionar,aluvial,-7.007340589999956,42.552216335000026,False,coincide_si_lonlat,pos_daa55c817ae29681,pendiente,validada,aluvial,,,,,100,auditoria_geologica_u3,2026-09-27,IGME BDMIN inventario indicios Hoja 0157; IGME MAGNA 50 Hoja 0157 https://info.igme.es/cartografiadigital/datos/magna50/memorias/MMagna0157.pdf,Indicio 'RIO SELMO' sin laboreo minero probado o continuidad estructural contrastada en fuentes documentales; mantenido en estado pendiente sin asignar deposit_id para evitar agrupaciones por proximidad
gpkg:44f874e0d3404a1c13ef2b13e6ecb8ea39b189992e387651298f79c6169e0960:3288,0157004,MILLARES-TORUBIO E,LUGO,Folgoso do Courel,Filoniana,roca,-7.096430821999945,42.64252508100003,False,coincide_si_lonlat,pos_04ad643aa965d116,confirmada,validada,roca,dep_mina_da_toca_courel,dist_galicia_courel,,,50,auditoria_geologica_u3,2026-09-27,Pérez García et al. (2000); IGME MAGNA 50 Hoja 157 (Pobra de Trives / O Courel) https://info.igme.es/cartografiadigital/datos/magna50/memorias/MMagna0157.pdf,Corta romana de A Toca y filones auríferos de Torubio en la Formación Calizas de Aquiana / pizarras ordovícicas de O Courel
gpkg:44f874e0d3404a1c13ef2b13e6ecb8ea39b189992e387651298f79c6169e0960:3298,0157014,MINA DA TOCA,LUGO,Folgoso do Courel,Filoniana,roca,-7.129244993999976,42.658735343000046,False,coincide_si_lonlat,pos_cb631d32d835dd39,confirmada,validada,roca,dep_mina_da_toca_courel,dist_galicia_courel,,,50,auditoria_geologica_u3,2026-09-27,Pérez García et al. (2000); IGME MAGNA 50 Hoja 157 (Pobra de Trives / O Courel) https://info.igme.es/cartografiadigital/datos/magna50/memorias/MMagna0157.pdf,Corta romana de A Toca y filones auríferos de Torubio en la Formación Calizas de Aquiana / pizarras ordovícicas de O Courel
gpkg:44f874e0d3404a1c13ef2b13e6ecb8ea39b189992e387651298f79c6169e0960:3306,0157022,ARNADO,LEON,Oencia,Filoniana,roca,-6.998452494999981,42.533059981000065,False,coincide_si_lonlat,pos_436cb7330583116c,pendiente,validada,roca,,,,,100,auditoria_geologica_u3,2026-09-27,IGME BDMIN inventario indicios Hoja 0157; IGME MAGNA 50 Hoja 0157 https://info.igme.es/cartografiadigital/datos/magna50/memorias/MMagna0157.pdf,Indicio 'ARNADO' sin laboreo minero probado o continuidad estructural contrastada en fuentes documentales; mantenido en estado pendiente sin asignar deposit_id para evitar agrupaciones por proximidad
gpkg:44f874e0d3404a1c13ef2b13e6ecb8ea39b189992e387651298f79c6169e0960:3314,0157030,RIO SELMO,LEON,Oencia,Aluvionar,aluvial,-7.043315528999926,42.57030714500007,False,coincide_si_lonlat,pos_d6c44b8f63f669d3,pendiente,validada,aluvial,,,,,100,auditoria_geologica_u3,2026-09-27,IGME BDMIN inventario indicios Hoja 0157; IGME MAGNA 50 Hoja 0157 https://info.igme.es/cartografiadigital/datos/magna50/memorias/MMagna0157.pdf,Indicio 'RIO SELMO' sin laboreo minero probado o continuidad estructural contrastada en fuentes documentales; mantenido en estado pendiente sin asignar deposit_id para evitar agrupaciones por proximidad
gpkg:44f874e0d3404a1c13ef2b13e6ecb8ea39b189992e387651298f79c6169e0960:3317,0157033,TORUBIO,LUGO,Folgoso do Courel,Filoniana,roca,-7.112975090999953,42.65207450200006,False,coincide_si_lonlat,pos_9ece46ca1bcce129,confirmada,validada,roca,dep_mina_da_toca_courel,dist_galicia_courel,,,50,auditoria_geologica_u3,2026-09-27,Pérez García et al. (2000); IGME MAGNA 50 Hoja 157 (Pobra de Trives / O Courel) https://info.igme.es/cartografiadigital/datos/magna50/memorias/MMagna0157.pdf,Corta romana de A Toca y filones auríferos de Torubio en la Formación Calizas de Aquiana / pizarras ordovícicas de O Courel
gpkg:44f874e0d3404a1c13ef2b13e6ecb8ea39b189992e387651298f79c6169e0960:3321,0157037,RIO SELMO,LEON,Oencia,Aluvionar,aluvial,-7.0200836469999786,42.565225001000044,False,coincide_si_lonlat,pos_ab5ce0dc52222fe5,pendiente,validada,aluvial,,,,,100,auditoria_geologica_u3,2026-09-27,IGME BDMIN inventario indicios Hoja 0157; IGME MAGNA 50 Hoja 0157 https://info.igme.es/cartografiadigital/datos/magna50/memorias/MMagna0157.pdf,Indicio 'RIO SELMO' sin laboreo minero probado o continuidad estructural contrastada en fuentes documentales; mantenido en estado pendiente sin asignar deposit_id para evitar agrupaciones por proximidad
gpkg:44f874e0d3404a1c13ef2b13e6ecb8ea39b189992e387651298f79c6169e0960:3329,0157045,RIO SELMO,LEON,Oencia,Aluvionar,aluvial,-6.934762871999965,42.53697234400005,False,coincide_si_lonlat,pos_60accb7eb9c20e87,pendiente,validada,aluvial,,,,,100,auditoria_geologica_u3,2026-09-27,IGME BDMIN inventario indicios Hoja 0157; IGME MAGNA 50 Hoja 0157 https://info.igme.es/cartografiadigital/datos/magna50/memorias/MMagna0157.pdf,Indicio 'RIO SELMO' sin laboreo minero probado o continuidad estructural contrastada en fuentes documentales; mantenido en estado pendiente sin asignar deposit_id para evitar agrupaciones por proximidad
gpkg:44f874e0d3404a1c13ef2b13e6ecb8ea39b189992e387651298f79c6169e0960:3335,0157051,RIO BARJAS,LEON,Trabadelo,Aluvionar,aluvial,-6.9228534739999645,42.63527495300008,False,coincide_si_lonlat,pos_0a4dfd7e053adf33,pendiente,validada,aluvial,,,,,100,auditoria_geologica_u3,2026-09-27,IGME BDMIN inventario indicios Hoja 0157; IGME MAGNA 50 Hoja 0157 https://info.igme.es/cartografiadigital/datos/magna50/memorias/MMagna0157.pdf,Indicio 'RIO BARJAS' sin laboreo minero probado o continuidad estructural contrastada en fuentes documentales; mantenido en estado pendiente sin asignar deposit_id para evitar agrupaciones por proximidad
gpkg:44f874e0d3404a1c13ef2b13e6ecb8ea39b189992e387651298f79c6169e0960:3336,0157052,RIO BARJAS,LEON,Trabadelo,Aluvionar,aluvial,-6.90256007399995,42.65120452200006,False,coincide_si_lonlat,pos_37ad1d4114489c5f,pendiente,validada,aluvial,,,,,100,auditoria_geologica_u3,2026-09-27,IGME BDMIN inventario indicios Hoja 0157; IGME MAGNA 50 Hoja 0157 https://info.igme.es/cartografiadigital/datos/magna50/memorias/MMagna0157.pdf,Indicio 'RIO BARJAS' sin laboreo minero probado o continuidad estructural contrastada en fuentes documentales; mantenido en estado pendiente sin asignar deposit_id para evitar agrupaciones por proximidad
gpkg:44f874e0d3404a1c13ef2b13e6ecb8ea39b189992e387651298f79c6169e0960:3340,0157056,PEDREGAL-RIO SELMO,LEON,Corullón,Aluvionar,aluvial,-6.890887831999976,42.55616482000005,False,coincide_si_lonlat,pos_17dda5d672bd301c,pendiente,validada,aluvial,,,,,100,auditoria_geologica_u3,2026-09-27,IGME BDMIN inventario indicios Hoja 0157; IGME MAGNA 50 Hoja 0157 https://info.igme.es/cartografiadigital/datos/magna50/memorias/MMagna0157.pdf,Indicio 'PEDREGAL-RIO SELMO' sin laboreo minero probado o continuidad estructural contrastada en fuentes documentales; mantenido en estado pendiente sin asignar deposit_id para evitar agrupaciones por proximidad
gpkg:44f874e0d3404a1c13ef2b13e6ecb8ea39b189992e387651298f79c6169e0960:3342,0157058,RIO SELMO,LEON,Oencia,Aluvionar,aluvial,-6.982945033999954,42.53440889600006,False,coincide_si_lonlat,pos_7f65151ee7bb4920,pendiente,validada,aluvial,,,,,100,auditoria_geologica_u3,2026-09-27,IGME BDMIN inventario indicios Hoja 0157; IGME MAGNA 50 Hoja 0157 https://info.igme.es/cartografiadigital/datos/magna50/memorias/MMagna0157.pdf,Indicio 'RIO SELMO' sin laboreo minero probado o continuidad estructural contrastada en fuentes documentales; mantenido en estado pendiente sin asignar deposit_id para evitar agrupaciones por proximidad
gpkg:44f874e0d3404a1c13ef2b13e6ecb8ea39b189992e387651298f79c6169e0960:3344,0158001,VALIÑA-RIO SIL. REQUEJO,LEON,Villadecanes,Aluvionar,aluvial,-6.807157310999969,42.51235803000003,False,coincide_si_lonlat,pos_138f1030bcb57118,pendiente,validada,aluvial,,,,,100,auditoria_geologica_u3,2026-09-27,IGME BDMIN inventario indicios Hoja 0158; IGME MAGNA 50 Hoja 0158 https://info.igme.es/cartografiadigital/datos/magna50/memorias/MMagna0158.pdf,Indicio 'VALIÑA-RIO SIL. REQUEJO' sin laboreo minero probado o continuidad estructural contrastada en fuentes documentales; mantenido en estado pendiente sin asignar deposit_id para evitar agrupaciones por proximidad
gpkg:44f874e0d3404a1c13ef2b13e6ecb8ea39b189992e387651298f79c6169e0960:3352,0158009,LOS LAGOS,LEON,Villafranca del Bierzo,Aluvionar,aluvial,-6.72653371399997,42.65433006200004,False,coincide_si_lonlat,pos_7884e07ac6ca0c09,pendiente,validada,aluvial,,,,,100,auditoria_geologica_u3,2026-09-27,IGME BDMIN inventario indicios Hoja 0158; IGME MAGNA 50 Hoja 0158 https://info.igme.es/cartografiadigital/datos/magna50/memorias/MMagna0158.pdf,Indicio 'LOS LAGOS' sin laboreo minero probado o continuidad estructural contrastada en fuentes documentales; mantenido en estado pendiente sin asignar deposit_id para evitar agrupaciones por proximidad
gpkg:44f874e0d3404a1c13ef2b13e6ecb8ea39b189992e387651298f79c6169e0960:3353,0158010,PEÑA DEL LADRON,LEON,Villafranca del Bierzo,Lentejonar,desconocido,-6.724622996999926,42.656543396000075,False,coincide_si_lonlat,pos_cf090db6dcb74f31,pendiente,validada,desconocido,,,,,100,auditoria_geologica_u3,2026-09-27,IGME BDMIN inventario indicios Hoja 0158; IGME MAGNA 50 Hoja 0158 https://info.igme.es/cartografiadigital/datos/magna50/memorias/MMagna0158.pdf,Indicio 'PEÑA DEL LADRON' sin laboreo minero probado o continuidad estructural contrastada en fuentes documentales; mantenido en estado pendiente sin asignar deposit_id para evitar agrupaciones por proximidad
gpkg:44f874e0d3404a1c13ef2b13e6ecb8ea39b189992e387651298f79c6169e0960:3354,0158011,RUIDOSOS,LEON,Villafranca del Bierzo,Aluvionar,aluvial,-6.7294092119999505,42.66582360900003,False,coincide_si_lonlat,pos_65c925719bafc536,pendiente,validada,aluvial,,,,,100,auditoria_geologica_u3,2026-09-27,IGME BDMIN inventario indicios Hoja 0158; IGME MAGNA 50 Hoja 0158 https://info.igme.es/cartografiadigital/datos/magna50/memorias/MMagna0158.pdf,Indicio 'RUIDOSOS' sin laboreo minero probado o continuidad estructural contrastada en fuentes documentales; mantenido en estado pendiente sin asignar deposit_id para evitar agrupaciones por proximidad
gpkg:44f874e0d3404a1c13ef2b13e6ecb8ea39b189992e387651298f79c6169e0960:3355,0158012,CASCAROS-CABORCON,LEON,Trabadelo,Aluvionar,aluvial,-6.841982176999977,42.65674319500005,False,coincide_si_lonlat,pos_14358cf655025acf,pendiente,validada,aluvial,,,,,100,auditoria_geologica_u3,2026-09-27,IGME BDMIN inventario indicios Hoja 0158; IGME MAGNA 50 Hoja 0158 https://info.igme.es/cartografiadigital/datos/magna50/memorias/MMagna0158.pdf,Indicio 'CASCAROS-CABORCON' sin laboreo minero probado o continuidad estructural contrastada en fuentes documentales; mantenido en estado pendiente sin asignar deposit_id para evitar agrupaciones por proximidad
gpkg:44f874e0d3404a1c13ef2b13e6ecb8ea39b189992e387651298f79c6169e0960:3356,0158013,POBLADURA DE SOMOZA,LEON,Villafranca del Bierzo,Aluvionar,aluvial,-6.781022309999969,42.65557866700004,False,coincide_si_lonlat,pos_e817792e832b24f5,pendiente,validada,aluvial,,,,,100,auditoria_geologica_u3,2026-09-27,IGME BDMIN inventario indicios Hoja 0158; IGME MAGNA 50 Hoja 0158 https://info.igme.es/cartografiadigital/datos/magna50/memorias/MMagna0158.pdf,Indicio 'POBLADURA DE SOMOZA' sin laboreo minero probado o continuidad estructural contrastada en fuentes documentales; mantenido en estado pendiente sin asignar deposit_id para evitar agrupaciones por proximidad
gpkg:44f874e0d3404a1c13ef2b13e6ecb8ea39b189992e387651298f79c6169e0960:3357,0158014,LANDOIRO,LEON,Villafranca del Bierzo,Aluvionar,aluvial,-6.8087130299999785,42.624413411000035,False,coincide_si_lonlat,pos_e881704952c382ed,pendiente,validada,aluvial,,,,,100,auditoria_geologica_u3,2026-09-27,IGME BDMIN inventario indicios Hoja 0158; IGME MAGNA 50 Hoja 0158 https://info.igme.es/cartografiadigital/datos/magna50/memorias/MMagna0158.pdf,Indicio 'LANDOIRO' sin laboreo minero probado o continuidad estructural contrastada en fuentes documentales; mantenido en estado pendiente sin asignar deposit_id para evitar agrupaciones por proximidad
gpkg:44f874e0d3404a1c13ef2b13e6ecb8ea39b189992e387651298f79c6169e0960:3358,0158015,RIO CUA,LEON,Cacabelos,Aluvionar,aluvial,-6.735264765999943,42.63226033700005,False,coincide_si_lonlat,pos_7835c257b4d4dc91,pendiente,validada,aluvial,,,,,100,auditoria_geologica_u3,2026-09-27,IGME BDMIN inventario indicios Hoja 0158; IGME MAGNA 50 Hoja 0158 https://info.igme.es/cartografiadigital/datos/magna50/memorias/MMagna0158.pdf,Indicio 'RIO CUA' sin laboreo minero probado o continuidad estructural contrastada en fuentes documentales; mantenido en estado pendiente sin asignar deposit_id para evitar agrupaciones por proximidad
gpkg:44f874e0d3404a1c13ef2b13e6ecb8ea39b189992e387651298f79c6169e0960:3359,0158016,LOS BIEIROS,LEON,Villafranca del Bierzo,Aluvionar,aluvial,-6.745675522999932,42.637778740000044,False,coincide_si_lonlat,pos_a4e5fa6298378ed8,pendiente,validada,aluvial,,,,,100,auditoria_geologica_u3,2026-09-27,IGME BDMIN inventario indicios Hoja 0158; IGME MAGNA 50 Hoja 0158 https://info.igme.es/cartografiadigital/datos/magna50/memorias/MMagna0158.pdf,Indicio 'LOS BIEIROS' sin laboreo minero probado o continuidad estructural contrastada en fuentes documentales; mantenido en estado pendiente sin asignar deposit_id para evitar agrupaciones por proximidad
gpkg:44f874e0d3404a1c13ef2b13e6ecb8ea39b189992e387651298f79c6169e0960:3360,0158017,BURBIA-VALCARCE,LEON,Villafranca del Bierzo,Aluvionar,aluvial,-6.81316400299994,42.60873931300006,False,coincide_si_lonlat,pos_b0b69fa92865f66f,pendiente,validada,aluvial,,,,,100,auditoria_geologica_u3,2026-09-27,IGME BDMIN inventario indicios Hoja 0158; IGME MAGNA 50 Hoja 0158 https://info.igme.es/cartografiadigital/datos/magna50/memorias/MMagna0158.pdf,Indicio 'BURBIA-VALCARCE' sin laboreo minero probado o continuidad estructural contrastada en fuentes documentales; mantenido en estado pendiente sin asignar deposit_id para evitar agrupaciones por proximidad
gpkg:44f874e0d3404a1c13ef2b13e6ecb8ea39b189992e387651298f79c6169e0960:3361,0158018,RIO CUA,LEON,Villadecanes,Aluvionar,aluvial,-6.738750549999963,42.57640692900003,False,coincide_si_lonlat,pos_922b43bf79bcad28,pendiente,validada,aluvial,,,,,100,auditoria_geologica_u3,2026-09-27,IGME BDMIN inventario indicios Hoja 0158; IGME MAGNA 50 Hoja 0158 https://info.igme.es/cartografiadigital/datos/magna50/memorias/MMagna0158.pdf,Indicio 'RIO CUA' sin laboreo minero probado o continuidad estructural contrastada en fuentes documentales; mantenido en estado pendiente sin asignar deposit_id para evitar agrupaciones por proximidad
gpkg:44f874e0d3404a1c13ef2b13e6ecb8ea39b189992e387651298f79c6169e0960:3362,0158019,RIO BURBIA,LEON,Villadecanes,Aluvionar,aluvial,-6.783691003999934,42.54603673100007,False,coincide_si_lonlat,pos_8a84b7e9f9462a41,pendiente,validada,aluvial,,,,,100,auditoria_geologica_u3,2026-09-27,IGME BDMIN inventario indicios Hoja 0158; IGME MAGNA 50 Hoja 0158 https://info.igme.es/cartografiadigital/datos/magna50/memorias/MMagna0158.pdf,Indicio 'RIO BURBIA' sin laboreo minero probado o continuidad estructural contrastada en fuentes documentales; mantenido en estado pendiente sin asignar deposit_id para evitar agrupaciones por proximidad
gpkg:44f874e0d3404a1c13ef2b13e6ecb8ea39b189992e387651298f79c6169e0960:3363,0158020,CAMPO DE LAS DRAGAS RIO SIL-CUA-BURBIA ALBA ANTEA,LEON,Villadecanes,Aluvionar,aluvial,-6.781920029999981,42.52727143300007,False,coincide_si_lonlat,pos_72cf6dd440848d74,pendiente,validada,aluvial,,,,,100,auditoria_geologica_u3,2026-09-27,IGME BDMIN inventario indicios Hoja 0158; IGME MAGNA 50 Hoja 0158 https://info.igme.es/cartografiadigital/datos/magna50/memorias/MMagna0158.pdf,Indicio 'CAMPO DE LAS DRAGAS RIO SIL-CUA-BURBIA ALBA ANTEA' sin laboreo minero probado o continuidad estructural contrastada en fuentes documentales; mantenido en estado pendiente sin asignar deposit_id para evitar agrupaciones por proximidad
gpkg:44f874e0d3404a1c13ef2b13e6ecb8ea39b189992e387651298f79c6169e0960:3364,0158021,EL CASTRO-RIO SIL,LEON,Carucedo,Aluvionar,aluvial,-6.828191853999954,42.50951668400006,False,coincide_si_lonlat,pos_09c9908e848dae6c,pendiente,validada,aluvial,,,,,100,auditoria_geologica_u3,2026-09-27,IGME BDMIN inventario indicios Hoja 0158; IGME MAGNA 50 Hoja 0158 https://info.igme.es/cartografiadigital/datos/magna50/memorias/MMagna0158.pdf,Indicio 'EL CASTRO-RIO SIL' sin laboreo minero probado o continuidad estructural contrastada en fuentes documentales; mantenido en estado pendiente sin asignar deposit_id para evitar agrupaciones por proximidad
gpkg:44f874e0d3404a1c13ef2b13e6ecb8ea39b189992e387651298f79c6169e0960:3365,0158022,EL FRANZUELO ERMITA DE LA ESTRELLA,LEON,Borrenes,Aluvionar,aluvial,-6.721052904999965,42.510317831000066,False,coincide_si_lonlat,pos_5d4927ca80bac51e,pendiente,validada,aluvial,,,,,100,auditoria_geologica_u3,2026-09-27,IGME BDMIN inventario indicios Hoja 0158; IGME MAGNA 50 Hoja 0158 https://info.igme.es/cartografiadigital/datos/magna50/memorias/MMagna0158.pdf,Indicio 'EL FRANZUELO ERMITA DE LA ESTRELLA' sin laboreo minero probado o continuidad estructural contrastada en fuentes documentales; mantenido en estado pendiente sin asignar deposit_id para evitar agrupaciones por proximidad
gpkg:44f874e0d3404a1c13ef2b13e6ecb8ea39b189992e387651298f79c6169e0960:3366,0158023,RIO BURBIA,LEON,Corullón,Aluvionar,aluvial,-6.810407962999932,42.58302174600004,False,coincide_si_lonlat,pos_b40ee1dd4589c9c7,pendiente,validada,aluvial,,,,,100,auditoria_geologica_u3,2026-09-27,IGME BDMIN inventario indicios Hoja 0158; IGME MAGNA 50 Hoja 0158 https://info.igme.es/cartografiadigital/datos/magna50/memorias/MMagna0158.pdf,Indicio 'RIO BURBIA' sin laboreo minero probado o continuidad estructural contrastada en fuentes documentales; mantenido en estado pendiente sin asignar deposit_id para evitar agrupaciones por proximidad
gpkg:44f874e0d3404a1c13ef2b13e6ecb8ea39b189992e387651298f79c6169e0960:3368,0158025,VILLADEPALOS-PONFERRADA,LEON,Ponferrada,Aluvionar,aluvial,-6.694303435999927,42.53932004700005,False,coincide_si_lonlat,pos_1e9e8536b5c9dc20,pendiente,validada,aluvial,,,,,100,auditoria_geologica_u3,2026-09-27,IGME BDMIN inventario indicios Hoja 0158; IGME MAGNA 50 Hoja 0158 https://info.igme.es/cartografiadigital/datos/magna50/memorias/MMagna0158.pdf,Indicio 'VILLADEPALOS-PONFERRADA' sin laboreo minero probado o continuidad estructural contrastada en fuentes documentales; mantenido en estado pendiente sin asignar deposit_id para evitar agrupaciones por proximidad
gpkg:44f874e0d3404a1c13ef2b13e6ecb8ea39b189992e387651298f79c6169e0960:3370,0158027,RIO VALCARCE,LEON,Trabadelo,Aluvionar,aluvial,-6.838374370999929,42.62002399700003,False,coincide_si_lonlat,pos_e45cf6f517ce1270,pendiente,validada,aluvial,,,,,100,auditoria_geologica_u3,2026-09-27,IGME BDMIN inventario indicios Hoja 0158; IGME MAGNA 50 Hoja 0158 https://info.igme.es/cartografiadigital/datos/magna50/memorias/MMagna0158.pdf,Indicio 'RIO VALCARCE' sin laboreo minero probado o continuidad estructural contrastada en fuentes documentales; mantenido en estado pendiente sin asignar deposit_id para evitar agrupaciones por proximidad
gpkg:44f874e0d3404a1c13ef2b13e6ecb8ea39b189992e387651298f79c6169e0960:3371,0158028,RIO SELMO,LEON,Sobrado,Aluvionar,aluvial,-6.851893176999965,42.52824428000008,False,coincide_si_lonlat,pos_9c3b22f6521898ac,pendiente,validada,aluvial,,,,,100,auditoria_geologica_u3,2026-09-27,IGME BDMIN inventario indicios Hoja 0158; IGME MAGNA 50 Hoja 0158 https://info.igme.es/cartografiadigital/datos/magna50/memorias/MMagna0158.pdf,Indicio 'RIO SELMO' sin laboreo minero probado o continuidad estructural contrastada en fuentes documentales; mantenido en estado pendiente sin asignar deposit_id para evitar agrupaciones por proximidad
gpkg:44f874e0d3404a1c13ef2b13e6ecb8ea39b189992e387651298f79c6169e0960:3380,0159001,BAJADA DEL LLOROSO,LEON,Villagatón,Aluvionar,aluvial,-6.248248546999946,42.59205666200006,False,coincide_si_lonlat,pos_738230d3ed0ec516,pendiente,validada,aluvial,,,,,100,auditoria_geologica_u3,2026-09-27,IGME BDMIN inventario indicios Hoja 0159; IGME MAGNA 50 Hoja 0159 https://info.igme.es/cartografiadigital/datos/magna50/memorias/MMagna0159.pdf,Indicio 'BAJADA DEL LLOROSO' sin laboreo minero probado o continuidad estructural contrastada en fuentes documentales; mantenido en estado pendiente sin asignar deposit_id para evitar agrupaciones por proximidad
gpkg:44f874e0d3404a1c13ef2b13e6ecb8ea39b189992e387651298f79c6169e0960:3413,0159034,LAS VALLINAS,LEON,Castropodame,Aluvionar,aluvial,-6.503845367999929,42.569998207000026,False,coincide_si_lonlat,pos_b07a06bffaf68ec3,confirmada,validada,aluvial,dep_castropodame,dist_leon_bierzo,,,50,auditoria_geologica_u3,2026-09-27,"Pérez García, L.C. & Sánchez-Palencia, F.J. (1992) La minería romana de oro en el NO de España; IGME MAGNA 50 Hoja 159 (Bembibre) https://info.igme.es/cartografiadigital/datos/magna50/memorias/MMagna0159.pdf",Explotación hidráulica romana en abanicos aluviales miocenos y filones encajantes en Castropodame (El Corralón y Cuevas del Moro)
gpkg:44f874e0d3404a1c13ef2b13e6ecb8ea39b189992e387651298f79c6169e0960:3414,0159035,LA MASERA,LEON,Castropodame,Aluvionar,aluvial,-6.450859684999955,42.569731526000055,False,coincide_si_lonlat,pos_da32552a430680dc,confirmada,validada,aluvial,dep_castropodame,dist_leon_bierzo,,,50,auditoria_geologica_u3,2026-09-27,"Pérez García, L.C. & Sánchez-Palencia, F.J. (1992) La minería romana de oro en el NO de España; IGME MAGNA 50 Hoja 159 (Bembibre) https://info.igme.es/cartografiadigital/datos/magna50/memorias/MMagna0159.pdf",Explotación hidráulica romana en abanicos aluviales miocenos y filones encajantes en Castropodame (El Corralón y Cuevas del Moro)
gpkg:44f874e0d3404a1c13ef2b13e6ecb8ea39b189992e387651298f79c6169e0960:3425,0159046,CASTROPODAME Cuevas del Moro y Corralón.,LEON,Castropodame,Aluvionar,aluvial,-6.4703112839999335,42.57376489300003,False,coincide_si_lonlat,pos_e5516365fb5622c9,confirmada,validada,aluvial,dep_castropodame,dist_leon_bierzo,,,50,auditoria_geologica_u3,2026-09-27,"Pérez García, L.C. & Sánchez-Palencia, F.J. (1992) La minería romana de oro en el NO de España; IGME MAGNA 50 Hoja 159 (Bembibre) https://info.igme.es/cartografiadigital/datos/magna50/memorias/MMagna0159.pdf",Explotación hidráulica romana en abanicos aluviales miocenos y filones encajantes en Castropodame (El Corralón y Cuevas del Moro)
gpkg:44f874e0d3404a1c13ef2b13e6ecb8ea39b189992e387651298f79c6169e0960:3427,0159048,CUEVA DE LOS MOROS,LEON,Villagatón,Desconocida,desconocido,-6.267257583999935,42.57540252200005,False,coincide_si_lonlat,pos_1e515aa51bf6ad70,pendiente,validada,desconocido,,,,,100,auditoria_geologica_u3,2026-09-27,IGME BDMIN inventario indicios Hoja 0159; IGME MAGNA 50 Hoja 0159 https://info.igme.es/cartografiadigital/datos/magna50/memorias/MMagna0159.pdf,Indicio 'CUEVA DE LOS MOROS' sin laboreo minero probado o continuidad estructural contrastada en fuentes documentales; mantenido en estado pendiente sin asignar deposit_id para evitar agrupaciones por proximidad
gpkg:44f874e0d3404a1c13ef2b13e6ecb8ea39b189992e387651298f79c6169e0960:3429,0159050,EL FONTANON,LEON,Brazuelo,Aluvionar,aluvial,-6.197576927999933,42.52617196800003,False,coincide_si_lonlat,pos_63e4013373b508af,pendiente,validada,aluvial,,,,,100,auditoria_geologica_u3,2026-09-27,IGME BDMIN inventario indicios Hoja 0159; IGME MAGNA 50 Hoja 0159 https://info.igme.es/cartografiadigital/datos/magna50/memorias/MMagna0159.pdf,Indicio 'EL FONTANON' sin laboreo minero probado o continuidad estructural contrastada en fuentes documentales; mantenido en estado pendiente sin asignar deposit_id para evitar agrupaciones por proximidad
gpkg:44f874e0d3404a1c13ef2b13e6ecb8ea39b189992e387651298f79c6169e0960:3430,0159051,PUERTO DEL MANZANAL,LEON,Brazuelo,Aluvionar,aluvial,-6.194708618999925,42.563022129000046,False,coincide_si_lonlat,pos_89aba706ff91542f,pendiente,validada,aluvial,,,,,100,auditoria_geologica_u3,2026-09-27,IGME BDMIN inventario indicios Hoja 0159; IGME MAGNA 50 Hoja 0159 https://info.igme.es/cartografiadigital/datos/magna50/memorias/MMagna0159.pdf,Indicio 'PUERTO DEL MANZANAL' sin laboreo minero probado o continuidad estructural contrastada en fuentes documentales; mantenido en estado pendiente sin asignar deposit_id para evitar agrupaciones por proximidad
gpkg:44f874e0d3404a1c13ef2b13e6ecb8ea39b189992e387651298f79c6169e0960:3431,0159052,VELDEDO,LEON,Brazuelo,Aluvionar,aluvial,-6.202246834999926,42.54699764000003,False,coincide_si_lonlat,pos_22da9c8f574cf0bd,pendiente,validada,aluvial,,,,,100,auditoria_geologica_u3,2026-09-27,IGME BDMIN inventario indicios Hoja 0159; IGME MAGNA 50 Hoja 0159 https://info.igme.es/cartografiadigital/datos/magna50/memorias/MMagna0159.pdf,Indicio 'VELDEDO' sin laboreo minero probado o continuidad estructural contrastada en fuentes documentales; mantenido en estado pendiente sin asignar deposit_id para evitar agrupaciones por proximidad
gpkg:44f874e0d3404a1c13ef2b13e6ecb8ea39b189992e387651298f79c6169e0960:3432,0160001,POZO VIEJO,LEON,Magaz de Cepeda,Aluvionar,aluvial,-6.095599184999969,42.58558440400003,False,coincide_si_lonlat,pos_ae4095d804bf5dc3,pendiente,validada,aluvial,,,,,100,auditoria_geologica_u3,2026-09-27,IGME BDMIN inventario indicios Hoja 0160; IGME MAGNA 50 Hoja 0160 https://info.igme.es/cartografiadigital/datos/magna50/memorias/MMagna0160.pdf,Indicio 'POZO VIEJO' sin laboreo minero probado o continuidad estructural contrastada en fuentes documentales; mantenido en estado pendiente sin asignar deposit_id para evitar agrupaciones por proximidad
gpkg:44f874e0d3404a1c13ef2b13e6ecb8ea39b189992e387651298f79c6169e0960:3433,0160002,LA DEVESA,LEON,Magaz de Cepeda,Aluvionar,aluvial,-6.093564328999946,42.59003519100003,False,coincide_si_lonlat,pos_69b64821a1f5b534,pendiente,validada,aluvial,,,,,100,auditoria_geologica_u3,2026-09-27,IGME BDMIN inventario indicios Hoja 0160; IGME MAGNA 50 Hoja 0160 https://info.igme.es/cartografiadigital/datos/magna50/memorias/MMagna0160.pdf,Indicio 'LA DEVESA' sin laboreo minero probado o continuidad estructural contrastada en fuentes documentales; mantenido en estado pendiente sin asignar deposit_id para evitar agrupaciones por proximidad
gpkg:44f874e0d3404a1c13ef2b13e6ecb8ea39b189992e387651298f79c6169e0960:3434,0160003,LA CHANA,LEON,Magaz de Cepeda,Aluvionar,aluvial,-6.108800831999929,42.589970762000064,False,coincide_si_lonlat,pos_6c91a4b9feedae45,pendiente,validada,aluvial,,,,,100,auditoria_geologica_u3,2026-09-27,IGME BDMIN inventario indicios Hoja 0160; IGME MAGNA 50 Hoja 0160 https://info.igme.es/cartografiadigital/datos/magna50/memorias/MMagna0160.pdf,Indicio 'LA CHANA' sin laboreo minero probado o continuidad estructural contrastada en fuentes documentales; mantenido en estado pendiente sin asignar deposit_id para evitar agrupaciones por proximidad
gpkg:44f874e0d3404a1c13ef2b13e6ecb8ea39b189992e387651298f79c6169e0960:3436,0160005,CASTRO DE CEPEDA,LEON,Quintana del Castillo,Aluvionar,aluvial,-6.013060896999946,42.629745170000035,False,coincide_si_lonlat,pos_07f2abacc0073abf,pendiente,validada,aluvial,,,,,100,auditoria_geologica_u3,2026-09-27,IGME BDMIN inventario indicios Hoja 0160; IGME MAGNA 50 Hoja 0160 https://info.igme.es/cartografiadigital/datos/magna50/memorias/MMagna0160.pdf,Indicio 'CASTRO DE CEPEDA' sin laboreo minero probado o continuidad estructural contrastada en fuentes documentales; mantenido en estado pendiente sin asignar deposit_id para evitar agrupaciones por proximidad
gpkg:44f874e0d3404a1c13ef2b13e6ecb8ea39b189992e387651298f79c6169e0960:3437,0160006,EL MADRIGAL,LEON,Quintana del Castillo,Aluvionar,aluvial,-6.005494779999935,42.64764701400003,False,coincide_si_lonlat,pos_6231eb0ff35bbe8c,pendiente,validada,aluvial,,,,,100,auditoria_geologica_u3,2026-09-27,IGME BDMIN inventario indicios Hoja 0160; IGME MAGNA 50 Hoja 0160 https://info.igme.es/cartografiadigital/datos/magna50/memorias/MMagna0160.pdf,Indicio 'EL MADRIGAL' sin laboreo minero probado o continuidad estructural contrastada en fuentes documentales; mantenido en estado pendiente sin asignar deposit_id para evitar agrupaciones por proximidad
gpkg:44f874e0d3404a1c13ef2b13e6ecb8ea39b189992e387651298f79c6169e0960:3438,0160007,LA CUESTA,LEON,Quintana del Castillo,Aluvionar,aluvial,-6.016280372999972,42.63892395000005,False,coincide_si_lonlat,pos_99cdba8c34ade929,pendiente,validada,aluvial,,,,,100,auditoria_geologica_u3,2026-09-27,IGME BDMIN inventario indicios Hoja 0160; IGME MAGNA 50 Hoja 0160 https://info.igme.es/cartografiadigital/datos/magna50/memorias/MMagna0160.pdf,Indicio 'LA CUESTA' sin laboreo minero probado o continuidad estructural contrastada en fuentes documentales; mantenido en estado pendiente sin asignar deposit_id para evitar agrupaciones por proximidad
gpkg:44f874e0d3404a1c13ef2b13e6ecb8ea39b189992e387651298f79c6169e0960:3439,0160008,"BRAZUELO A° Miares,Trabazas",LEON,Brazuelo,Aluvionar,aluvial,-6.159702121999942,42.50227601300003,False,coincide_si_lonlat,pos_b64438d10ebb0cc1,pendiente,validada,aluvial,,,,,100,auditoria_geologica_u3,2026-09-27,IGME BDMIN inventario indicios Hoja 0160; IGME MAGNA 50 Hoja 0160 https://info.igme.es/cartografiadigital/datos/magna50/memorias/MMagna0160.pdf,"Indicio 'BRAZUELO A° Miares,Trabazas' sin laboreo minero probado o continuidad estructural contrastada en fuentes documentales; mantenido en estado pendiente sin asignar deposit_id para evitar agrupaciones por proximidad"
gpkg:44f874e0d3404a1c13ef2b13e6ecb8ea39b189992e387651298f79c6169e0960:3440,0160009,LA CUESTONA,LEON,Brazuelo,Aluvionar,aluvial,-6.1521199479999495,42.53522602800007,False,coincide_si_lonlat,pos_5f00c274a4ffa725,pendiente,validada,aluvial,,,,,100,auditoria_geologica_u3,2026-09-27,IGME BDMIN inventario indicios Hoja 0160; IGME MAGNA 50 Hoja 0160 https://info.igme.es/cartografiadigital/datos/magna50/memorias/MMagna0160.pdf,Indicio 'LA CUESTONA' sin laboreo minero probado o continuidad estructural contrastada en fuentes documentales; mantenido en estado pendiente sin asignar deposit_id para evitar agrupaciones por proximidad
gpkg:44f874e0d3404a1c13ef2b13e6ecb8ea39b189992e387651298f79c6169e0960:3441,0160010,EL SIERRO,LEON,Brazuelo,Aluvionar,aluvial,-6.160171967999929,42.518766810000045,False,coincide_si_lonlat,pos_58f7a21516c63944,pendiente,validada,aluvial,,,,,100,auditoria_geologica_u3,2026-09-27,IGME BDMIN inventario indicios Hoja 0160; IGME MAGNA 50 Hoja 0160 https://info.igme.es/cartografiadigital/datos/magna50/memorias/MMagna0160.pdf,Indicio 'EL SIERRO' sin laboreo minero probado o continuidad estructural contrastada en fuentes documentales; mantenido en estado pendiente sin asignar deposit_id para evitar agrupaciones por proximidad
gpkg:44f874e0d3404a1c13ef2b13e6ecb8ea39b189992e387651298f79c6169e0960:3442,0160011,LA CHANA DE VANIDOD.,LEON,Magaz de Cepeda,Aluvionar,aluvial,-6.120907971999941,42.55200507300003,False,coincide_si_lonlat,pos_e2567c408d88c6c0,pendiente,validada,aluvial,,,,,100,auditoria_geologica_u3,2026-09-27,IGME BDMIN inventario indicios Hoja 0160; IGME MAGNA 50 Hoja 0160 https://info.igme.es/cartografiadigital/datos/magna50/memorias/MMagna0160.pdf,Indicio 'LA CHANA DE VANIDOD.' sin laboreo minero probado o continuidad estructural contrastada en fuentes documentales; mantenido en estado pendiente sin asignar deposit_id para evitar agrupaciones por proximidad
gpkg:44f874e0d3404a1c13ef2b13e6ecb8ea39b189992e387651298f79c6169e0960:3443,0160012,RODRIGATOS A° Rodrigatos,LEON,Brazuelo,Aluvionar,aluvial,-6.171143916999938,42.556138875000045,False,coincide_si_lonlat,pos_492406a6865a38e0,pendiente,validada,aluvial,,,,,100,auditoria_geologica_u3,2026-09-27,IGME BDMIN inventario indicios Hoja 0160; IGME MAGNA 50 Hoja 0160 https://info.igme.es/cartografiadigital/datos/magna50/memorias/MMagna0160.pdf,Indicio 'RODRIGATOS A° Rodrigatos' sin laboreo minero probado o continuidad estructural contrastada en fuentes documentales; mantenido en estado pendiente sin asignar deposit_id para evitar agrupaciones por proximidad
gpkg:44f874e0d3404a1c13ef2b13e6ecb8ea39b189992e387651298f79c6169e0960:3444,0160013,LOS PARAMOS RIO COMBARROS,LEON,Brazuelo,Aluvionar,aluvial,-6.1695689349999725,42.53709948900007,False,coincide_si_lonlat,pos_a5e46e6a1f418763,pendiente,validada,aluvial,,,,,100,auditoria_geologica_u3,2026-09-27,IGME BDMIN inventario indicios Hoja 0160; IGME MAGNA 50 Hoja 0160 https://info.igme.es/cartografiadigital/datos/magna50/memorias/MMagna0160.pdf,Indicio 'LOS PARAMOS RIO COMBARROS' sin laboreo minero probado o continuidad estructural contrastada en fuentes documentales; mantenido en estado pendiente sin asignar deposit_id para evitar agrupaciones por proximidad
gpkg:44f874e0d3404a1c13ef2b13e6ecb8ea39b189992e387651298f79c6169e0960:3445,0160014,LOS CAMPARONES RIO ORBIGO,LEON,Llamas de la Ribera,Aluvionar,aluvial,-5.866074764999951,42.63119868300004,False,coincide_si_lonlat,pos_26881f666e2d1185,confirmada,validada,aluvial,dep_llamas_de_la_ribera,dist_leon_omana_orbigo,,,50,auditoria_geologica_u3,2026-09-27,Pérez García et al. (2000); IGME MAGNA 50 Hoja 160 (Benavides de Órbigo) https://info.igme.es/cartografiadigital/datos/magna50/memorias/MMagna0160.pdf,Explotaciones aluviales romanas en abanicos aluviales y terrazas del curso medio del río Órbigo
gpkg:44f874e0d3404a1c13ef2b13e6ecb8ea39b189992e387651298f79c6169e0960:3446,0160015,LAS MEDULAS OMAÑAS RIO ORBIGO,LEON,Llamas de la Ribera,Aluvionar,aluvial,-5.875845819999938,42.663281049000034,False,coincide_si_lonlat,pos_5d5e477891f78005,confirmada,validada,aluvial,dep_llamas_de_la_ribera,dist_leon_omana_orbigo,,,50,auditoria_geologica_u3,2026-09-27,Pérez García et al. (2000); IGME MAGNA 50 Hoja 160 (Benavides de Órbigo) https://info.igme.es/cartografiadigital/datos/magna50/memorias/MMagna0160.pdf,Explotaciones aluviales romanas en abanicos aluviales y terrazas del curso medio del río Órbigo
gpkg:44f874e0d3404a1c13ef2b13e6ecb8ea39b189992e387651298f79c6169e0960:3447,0160016,MANZARNOSO,LEON,Villagatón,Aluvionar,aluvial,-6.173947197999951,42.59114721000003,False,coincide_si_lonlat,pos_dd97b0b0f0f7e599,pendiente,validada,aluvial,,,,,100,auditoria_geologica_u3,2026-09-27,IGME BDMIN inventario indicios Hoja 0160; IGME MAGNA 50 Hoja 0160 https://info.igme.es/cartografiadigital/datos/magna50/memorias/MMagna0160.pdf,Indicio 'MANZARNOSO' sin laboreo minero probado o continuidad estructural contrastada en fuentes documentales; mantenido en estado pendiente sin asignar deposit_id para evitar agrupaciones por proximidad
gpkg:44f874e0d3404a1c13ef2b13e6ecb8ea39b189992e387651298f79c6169e0960:3450,0160019,VALDEMARZAN Rio Tuerto,LEON,Villagatón,Aluvionar,aluvial,-6.165750207999963,42.62408252800003,False,coincide_si_lonlat,pos_ee2de2000b295f4f,pendiente,validada,aluvial,,,,,100,auditoria_geologica_u3,2026-09-27,IGME BDMIN inventario indicios Hoja 0160; IGME MAGNA 50 Hoja 0160 https://info.igme.es/cartografiadigital/datos/magna50/memorias/MMagna0160.pdf,Indicio 'VALDEMARZAN Rio Tuerto' sin laboreo minero probado o continuidad estructural contrastada en fuentes documentales; mantenido en estado pendiente sin asignar deposit_id para evitar agrupaciones por proximidad
gpkg:44f874e0d3404a1c13ef2b13e6ecb8ea39b189992e387651298f79c6169e0960:3451,0160020,PEÑASTARON,LEON,Magaz de Cepeda,Aluvionar,aluvial,-6.1482943289999525,42.56574760900003,False,coincide_si_lonlat,pos_89987f7b6ee8e9b5,pendiente,validada,aluvial,,,,,100,auditoria_geologica_u3,2026-09-27,IGME BDMIN inventario indicios Hoja 0160; IGME MAGNA 50 Hoja 0160 https://info.igme.es/cartografiadigital/datos/magna50/memorias/MMagna0160.pdf,Indicio 'PEÑASTARON' sin laboreo minero probado o continuidad estructural contrastada en fuentes documentales; mantenido en estado pendiente sin asignar deposit_id para evitar agrupaciones por proximidad
gpkg:44f874e0d3404a1c13ef2b13e6ecb8ea39b189992e387651298f79c6169e0960:3452,0160021,SUEROS DE CEPEDA,LEON,Villamejil,Aluvionar,aluvial,-6.030694259999962,42.612824740000065,False,coincide_si_lonlat,pos_6914644a1ecc60bc,pendiente,validada,aluvial,,,,,100,auditoria_geologica_u3,2026-09-27,IGME BDMIN inventario indicios Hoja 0160; IGME MAGNA 50 Hoja 0160 https://info.igme.es/cartografiadigital/datos/magna50/memorias/MMagna0160.pdf,Indicio 'SUEROS DE CEPEDA' sin laboreo minero probado o continuidad estructural contrastada en fuentes documentales; mantenido en estado pendiente sin asignar deposit_id para evitar agrupaciones por proximidad
gpkg:44f874e0d3404a1c13ef2b13e6ecb8ea39b189992e387651298f79c6169e0960:3453,0160022,VALDELAGUA,LEON,Llamas de la Ribera,Aluvionar,aluvial,-5.911608066999975,42.65310201300008,False,coincide_si_lonlat,pos_73a838c9f4781f19,pendiente,validada,aluvial,,,,,100,auditoria_geologica_u3,2026-09-27,IGME BDMIN inventario indicios Hoja 0160; IGME MAGNA 50 Hoja 0160 https://info.igme.es/cartografiadigital/datos/magna50/memorias/MMagna0160.pdf,Indicio 'VALDELAGUA' sin laboreo minero probado o continuidad estructural contrastada en fuentes documentales; mantenido en estado pendiente sin asignar deposit_id para evitar agrupaciones por proximidad
gpkg:44f874e0d3404a1c13ef2b13e6ecb8ea39b189992e387651298f79c6169e0960:3454,0160023,RIO PORCOS,LEON,Magaz de Cepeda,Aluvionar,aluvial,-6.11445360099998,42.604791308000074,False,coincide_si_lonlat,pos_6d1eb0f4db664afb,pendiente,validada,aluvial,,,,,100,auditoria_geologica_u3,2026-09-27,IGME BDMIN inventario indicios Hoja 0160; IGME MAGNA 50 Hoja 0160 https://info.igme.es/cartografiadigital/datos/magna50/memorias/MMagna0160.pdf,Indicio 'RIO PORCOS' sin laboreo minero probado o continuidad estructural contrastada en fuentes documentales; mantenido en estado pendiente sin asignar deposit_id para evitar agrupaciones por proximidad
gpkg:44f874e0d3404a1c13ef2b13e6ecb8ea39b189992e387651298f79c6169e0960:3456,0160025,RIO PORCOS,LEON,Villagatón,Aluvionar,aluvial,-6.144533661999958,42.61608124600008,False,coincide_si_lonlat,pos_3806396eb749ff2c,pendiente,validada,aluvial,,,,,100,auditoria_geologica_u3,2026-09-27,IGME BDMIN inventario indicios Hoja 0160; IGME MAGNA 50 Hoja 0160 https://info.igme.es/cartografiadigital/datos/magna50/memorias/MMagna0160.pdf,Indicio 'RIO PORCOS' sin laboreo minero probado o continuidad estructural contrastada en fuentes documentales; mantenido en estado pendiente sin asignar deposit_id para evitar agrupaciones por proximidad
gpkg:44f874e0d3404a1c13ef2b13e6ecb8ea39b189992e387651298f79c6169e0960:3457,0160026,A° DE VALGRAN,LEON,Llamas de la Ribera,Aluvionar,aluvial,-5.858876318999933,42.64443574100005,False,coincide_si_lonlat,pos_d6acf099e6271934,pendiente,validada,aluvial,,,,,100,auditoria_geologica_u3,2026-09-27,IGME BDMIN inventario indicios Hoja 0160; IGME MAGNA 50 Hoja 0160 https://info.igme.es/cartografiadigital/datos/magna50/memorias/MMagna0160.pdf,Indicio 'A° DE VALGRAN' sin laboreo minero probado o continuidad estructural contrastada en fuentes documentales; mantenido en estado pendiente sin asignar deposit_id para evitar agrupaciones por proximidad
gpkg:44f874e0d3404a1c13ef2b13e6ecb8ea39b189992e387651298f79c6169e0960:3458,0160027,Mina de Zacos y Benamarías.,LEON,Magaz de Cepeda,Aluvionar,aluvial,-6.1190749999999525,42.57234900000003,False,crs_tabular_desconocido,pos_44c11ed4ab94eeef,pendiente,validada,aluvial,,,,,100,auditoria_geologica_u3,2026-09-27,IGME BDMIN inventario indicios Hoja 0160; IGME MAGNA 50 Hoja 0160 https://info.igme.es/cartografiadigital/datos/magna50/memorias/MMagna0160.pdf,Indicio 'Mina de Zacos y Benamarías.' sin laboreo minero probado o continuidad estructural contrastada en fuentes documentales; mantenido en estado pendiente sin asignar deposit_id para evitar agrupaciones por proximidad
gpkg:44f874e0d3404a1c13ef2b13e6ecb8ea39b189992e387651298f79c6169e0960:3459,0160028,Minas de Zacos y Benamarías 2.,LEON,Magaz de Cepeda,Aluvionar,aluvial,-6.092258999999956,42.559514000000036,False,crs_tabular_desconocido,pos_34ee2f906561f0cd,pendiente,validada,aluvial,,,,,100,auditoria_geologica_u3,2026-09-27,IGME BDMIN inventario indicios Hoja 0160; IGME MAGNA 50 Hoja 0160 https://info.igme.es/cartografiadigital/datos/magna50/memorias/MMagna0160.pdf,Indicio 'Minas de Zacos y Benamarías 2.' sin laboreo minero probado o continuidad estructural contrastada en fuentes documentales; mantenido en estado pendiente sin asignar deposit_id para evitar agrupaciones por proximidad
gpkg:44f874e0d3404a1c13ef2b13e6ecb8ea39b189992e387651298f79c6169e0960:3460,0160029,Minas de Combarros,LEON,Brazuelo,Aluvionar,aluvial,-6.101640999999972,42.51472800000005,False,crs_tabular_desconocido,pos_d380d102f58dd7f9,pendiente,validada,aluvial,,,,,100,auditoria_geologica_u3,2026-09-27,IGME BDMIN inventario indicios Hoja 0160; IGME MAGNA 50 Hoja 0160 https://info.igme.es/cartografiadigital/datos/magna50/memorias/MMagna0160.pdf,Indicio 'Minas de Combarros' sin laboreo minero probado o continuidad estructural contrastada en fuentes documentales; mantenido en estado pendiente sin asignar deposit_id para evitar agrupaciones por proximidad
gpkg:44f874e0d3404a1c13ef2b13e6ecb8ea39b189992e387651298f79c6169e0960:3461,0160030,Labores mineras de Vega de Magaz,LEON,Magaz de Cepeda,Aluvionar,aluvial,-6.064276999999947,42.558800000000076,False,crs_tabular_desconocido,pos_08846cc663d4438e,pendiente,validada,aluvial,,,,,100,auditoria_geologica_u3,2026-09-27,IGME BDMIN inventario indicios Hoja 0160; IGME MAGNA 50 Hoja 0160 https://info.igme.es/cartografiadigital/datos/magna50/memorias/MMagna0160.pdf,Indicio 'Labores mineras de Vega de Magaz' sin laboreo minero probado o continuidad estructural contrastada en fuentes documentales; mantenido en estado pendiente sin asignar deposit_id para evitar agrupaciones por proximidad
gpkg:44f874e0d3404a1c13ef2b13e6ecb8ea39b189992e387651298f79c6169e0960:3462,0160031,Minas de Zacos,LEON,Magaz de Cepeda,Aluvionar,aluvial,-6.071342999999956,42.57699100000008,False,crs_tabular_desconocido,pos_a5293b003a86fc10,pendiente,validada,aluvial,,,,,100,auditoria_geologica_u3,2026-09-27,IGME BDMIN inventario indicios Hoja 0160; IGME MAGNA 50 Hoja 0160 https://info.igme.es/cartografiadigital/datos/magna50/memorias/MMagna0160.pdf,Indicio 'Minas de Zacos' sin laboreo minero probado o continuidad estructural contrastada en fuentes documentales; mantenido en estado pendiente sin asignar deposit_id para evitar agrupaciones por proximidad
gpkg:44f874e0d3404a1c13ef2b13e6ecb8ea39b189992e387651298f79c6169e0960:3463,0160032,Minas de Zacos 2,LEON,Magaz de Cepeda,Aluvionar,aluvial,-6.101012999999966,42.58089700000005,False,crs_tabular_desconocido,pos_80c825289a144dc9,pendiente,validada,aluvial,,,,,100,auditoria_geologica_u3,2026-09-27,IGME BDMIN inventario indicios Hoja 0160; IGME MAGNA 50 Hoja 0160 https://info.igme.es/cartografiadigital/datos/magna50/memorias/MMagna0160.pdf,Indicio 'Minas de Zacos 2' sin laboreo minero probado o continuidad estructural contrastada en fuentes documentales; mantenido en estado pendiente sin asignar deposit_id para evitar agrupaciones por proximidad
gpkg:44f874e0d3404a1c13ef2b13e6ecb8ea39b189992e387651298f79c6169e0960:3464,0160033,Labores mineras de Villamejil,LEON,Villamejil,Aluvionar,aluvial,-6.014834999999948,42.56112400000006,False,crs_tabular_desconocido,pos_0d4ae78c273a99a7,pendiente,validada,aluvial,,,,,100,auditoria_geologica_u3,2026-09-27,IGME BDMIN inventario indicios Hoja 0160; IGME MAGNA 50 Hoja 0160 https://info.igme.es/cartografiadigital/datos/magna50/memorias/MMagna0160.pdf,Indicio 'Labores mineras de Villamejil' sin laboreo minero probado o continuidad estructural contrastada en fuentes documentales; mantenido en estado pendiente sin asignar deposit_id para evitar agrupaciones por proximidad
gpkg:44f874e0d3404a1c13ef2b13e6ecb8ea39b189992e387651298f79c6169e0960:3465,0160034,Labores de Cogorderos,LEON,Villamejil,Aluvionar,aluvial,-6.018934999999942,42.55177500000008,False,crs_tabular_desconocido,pos_4ad333719e1c7c59,pendiente,validada,aluvial,,,,,100,auditoria_geologica_u3,2026-09-27,IGME BDMIN inventario indicios Hoja 0160; IGME MAGNA 50 Hoja 0160 https://info.igme.es/cartografiadigital/datos/magna50/memorias/MMagna0160.pdf,Indicio 'Labores de Cogorderos' sin laboreo minero probado o continuidad estructural contrastada en fuentes documentales; mantenido en estado pendiente sin asignar deposit_id para evitar agrupaciones por proximidad
gpkg:44f874e0d3404a1c13ef2b13e6ecb8ea39b189992e387651298f79c6169e0960:3466,0160035,Minas de Porqueros.,LEON,Magaz de Cepeda,Aluvionar,aluvial,-6.124103999999932,42.59543700000006,False,crs_tabular_desconocido,pos_35c35f087bae4fdf,pendiente,validada,aluvial,,,,,100,auditoria_geologica_u3,2026-09-27,IGME BDMIN inventario indicios Hoja 0160; IGME MAGNA 50 Hoja 0160 https://info.igme.es/cartografiadigital/datos/magna50/memorias/MMagna0160.pdf,Indicio 'Minas de Porqueros.' sin laboreo minero probado o continuidad estructural contrastada en fuentes documentales; mantenido en estado pendiente sin asignar deposit_id para evitar agrupaciones por proximidad
gpkg:44f874e0d3404a1c13ef2b13e6ecb8ea39b189992e387651298f79c6169e0960:3467,0160036,Labores y canteras de Morriondo.,LEON,Quintana del Castillo,Aluvionar,aluvial,-5.970388999999955,42.64750300000003,False,crs_tabular_desconocido,pos_fbd6c38a277aa4a1,confirmada,validada,aluvial,dep_ferreras_riofrio,dist_leon_omana_cepeda,,,50,auditoria_geologica_u3,2026-09-27,Pérez García et al. (2000) J. Geochem. Explor. 71:225-240; IGME MAGNA 50 Hoja 128 (Riello) y Hoja 160 (Benavides de Órbigo) https://info.igme.es/cartografiadigital/datos/magna50/memorias/MMagna0160.pdf,"Gran complejo minero hidráulico romano en abanicos y terrazas auríferas paleógenas/miocenas de Ferreras, Morriondo y Riofrío en la Cepeda Alta"
gpkg:44f874e0d3404a1c13ef2b13e6ecb8ea39b189992e387651298f79c6169e0960:3468,0160037,Labores romanas de Au de Ferreras,LEON,Quintana del Castillo,Aluvionar,aluvial,-5.940221999999949,42.64152800000005,False,crs_tabular_desconocido,pos_4ed23082f07ba579,confirmada,validada,aluvial,dep_ferreras_riofrio,dist_leon_omana_cepeda,,,50,auditoria_geologica_u3,2026-09-27,Pérez García et al. (2000) J. Geochem. Explor. 71:225-240; IGME MAGNA 50 Hoja 128 (Riello) y Hoja 160 (Benavides de Órbigo) https://info.igme.es/cartografiadigital/datos/magna50/memorias/MMagna0160.pdf,"Gran complejo minero hidráulico romano en abanicos y terrazas auríferas paleógenas/miocenas de Ferreras, Morriondo y Riofrío en la Cepeda Alta"
gpkg:44f874e0d3404a1c13ef2b13e6ecb8ea39b189992e387651298f79c6169e0960:3469,0160038,Labores mineras de Ferreras.,LEON,Quintana del Castillo,Aluvionar,aluvial,-5.958494999999971,42.641057000000046,False,crs_tabular_desconocido,pos_f199fbad84e3bf96,confirmada,validada,aluvial,dep_ferreras_riofrio,dist_leon_omana_cepeda,,,50,auditoria_geologica_u3,2026-09-27,Pérez García et al. (2000) J. Geochem. Explor. 71:225-240; IGME MAGNA 50 Hoja 128 (Riello) y Hoja 160 (Benavides de Órbigo) https://info.igme.es/cartografiadigital/datos/magna50/memorias/MMagna0160.pdf,"Gran complejo minero hidráulico romano en abanicos y terrazas auríferas paleógenas/miocenas de Ferreras, Morriondo y Riofrío en la Cepeda Alta"
gpkg:44f874e0d3404a1c13ef2b13e6ecb8ea39b189992e387651298f79c6169e0960:3470,0160039,Labores de Au de Ferreras y Riofrio,LEON,Quintana del Castillo,Aluvionar,aluvial,-5.966615999999931,42.63229300000006,False,crs_tabular_desconocido,pos_fd6e404f1cf1490b,confirmada,validada,aluvial,dep_ferreras_riofrio,dist_leon_omana_cepeda,,,50,auditoria_geologica_u3,2026-09-27,Pérez García et al. (2000) J. Geochem. Explor. 71:225-240; IGME MAGNA 50 Hoja 128 (Riello) y Hoja 160 (Benavides de Órbigo) https://info.igme.es/cartografiadigital/datos/magna50/memorias/MMagna0160.pdf,"Gran complejo minero hidráulico romano en abanicos y terrazas auríferas paleógenas/miocenas de Ferreras, Morriondo y Riofrío en la Cepeda Alta"
gpkg:44f874e0d3404a1c13ef2b13e6ecb8ea39b189992e387651298f79c6169e0960:3471,0160040,Labores de Au de Riofrio.,LEON,Quintana del Castillo,Aluvionar,aluvial,-5.947623999999962,42.61747500000007,False,crs_tabular_desconocido,pos_4a2030b52de9af82,confirmada,validada,aluvial,dep_ferreras_riofrio,dist_leon_omana_cepeda,,,50,auditoria_geologica_u3,2026-09-27,Pérez García et al. (2000) J. Geochem. Explor. 71:225-240; IGME MAGNA 50 Hoja 128 (Riello) y Hoja 160 (Benavides de Órbigo) https://info.igme.es/cartografiadigital/datos/magna50/memorias/MMagna0160.pdf,"Gran complejo minero hidráulico romano en abanicos y terrazas auríferas paleógenas/miocenas de Ferreras, Morriondo y Riofrío en la Cepeda Alta"
gpkg:44f874e0d3404a1c13ef2b13e6ecb8ea39b189992e387651298f79c6169e0960:3472,0160041,Labores de Riofrio 2.,LEON,Quintana del Castillo,Aluvionar,aluvial,-5.939771999999948,42.61902800000007,False,crs_tabular_desconocido,pos_60e93f10ccaad2fe,confirmada,validada,aluvial,dep_ferreras_riofrio,dist_leon_omana_cepeda,,,50,auditoria_geologica_u3,2026-09-27,Pérez García et al. (2000) J. Geochem. Explor. 71:225-240; IGME MAGNA 50 Hoja 128 (Riello) y Hoja 160 (Benavides de Órbigo) https://info.igme.es/cartografiadigital/datos/magna50/memorias/MMagna0160.pdf,"Gran complejo minero hidráulico romano en abanicos y terrazas auríferas paleógenas/miocenas de Ferreras, Morriondo y Riofrío en la Cepeda Alta"
gpkg:44f874e0d3404a1c13ef2b13e6ecb8ea39b189992e387651298f79c6169e0960:3473,0160042,Labores de Riofrio 3.,LEON,Quintana del Castillo,Aluvionar,aluvial,-5.927362999999957,42.614393000000064,False,crs_tabular_desconocido,pos_cc445bd233a4aba2,confirmada,validada,aluvial,dep_ferreras_riofrio,dist_leon_omana_cepeda,,,50,auditoria_geologica_u3,2026-09-27,Pérez García et al. (2000) J. Geochem. Explor. 71:225-240; IGME MAGNA 50 Hoja 128 (Riello) y Hoja 160 (Benavides de Órbigo) https://info.igme.es/cartografiadigital/datos/magna50/memorias/MMagna0160.pdf,"Gran complejo minero hidráulico romano en abanicos y terrazas auríferas paleógenas/miocenas de Ferreras, Morriondo y Riofrío en la Cepeda Alta"
gpkg:44f874e0d3404a1c13ef2b13e6ecb8ea39b189992e387651298f79c6169e0960:3474,0160043,Labores de Quintanilla del Monte.,LEON,Benavides,Aluvionar,aluvial,-5.943011999999953,42.58427700000004,False,crs_tabular_desconocido,pos_7d7fbd39db72109d,pendiente,validada,aluvial,,,,,100,auditoria_geologica_u3,2026-09-27,IGME BDMIN inventario indicios Hoja 0160; IGME MAGNA 50 Hoja 0160 https://info.igme.es/cartografiadigital/datos/magna50/memorias/MMagna0160.pdf,Indicio 'Labores de Quintanilla del Monte.' sin laboreo minero probado o continuidad estructural contrastada en fuentes documentales; mantenido en estado pendiente sin asignar deposit_id para evitar agrupaciones por proximidad
gpkg:44f874e0d3404a1c13ef2b13e6ecb8ea39b189992e387651298f79c6169e0960:3475,0160044,Labores de Quintanilla del Monte y cantera de arcilla,LEON,Benavides,Aluvionar,aluvial,-5.916696999999942,42.58179800000005,False,crs_tabular_desconocido,pos_b3e0fea037050ca1,pendiente,validada,aluvial,,,,,100,auditoria_geologica_u3,2026-09-27,IGME BDMIN inventario indicios Hoja 0160; IGME MAGNA 50 Hoja 0160 https://info.igme.es/cartografiadigital/datos/magna50/memorias/MMagna0160.pdf,Indicio 'Labores de Quintanilla del Monte y cantera de arcilla' sin laboreo minero probado o continuidad estructural contrastada en fuentes documentales; mantenido en estado pendiente sin asignar deposit_id para evitar agrupaciones por proximidad
gpkg:44f874e0d3404a1c13ef2b13e6ecb8ea39b189992e387651298f79c6169e0960:3476,0160045,Mina de Villamejil.,LEON,Villamejil,Aluvionar,aluvial,-6.0151859999999715,42.56653600000004,False,crs_tabular_desconocido,pos_24c7b027cd981f8f,pendiente,validada,aluvial,,,,,100,auditoria_geologica_u3,2026-09-27,IGME BDMIN inventario indicios Hoja 0160; IGME MAGNA 50 Hoja 0160 https://info.igme.es/cartografiadigital/datos/magna50/memorias/MMagna0160.pdf,Indicio 'Mina de Villamejil.' sin laboreo minero probado o continuidad estructural contrastada en fuentes documentales; mantenido en estado pendiente sin asignar deposit_id para evitar agrupaciones por proximidad
gpkg:44f874e0d3404a1c13ef2b13e6ecb8ea39b189992e387651298f79c6169e0960:3477,0160046,Minas de Cogorderos,LEON,Benavides,Aluvionar,aluvial,-5.991431999999975,42.53934900000007,False,crs_tabular_desconocido,pos_eb4ac2a6cba43b26,pendiente,validada,aluvial,,,,,100,auditoria_geologica_u3,2026-09-27,IGME BDMIN inventario indicios Hoja 0160; IGME MAGNA 50 Hoja 0160 https://info.igme.es/cartografiadigital/datos/magna50/memorias/MMagna0160.pdf,Indicio 'Minas de Cogorderos' sin laboreo minero probado o continuidad estructural contrastada en fuentes documentales; mantenido en estado pendiente sin asignar deposit_id para evitar agrupaciones por proximidad
gpkg:44f874e0d3404a1c13ef2b13e6ecb8ea39b189992e387651298f79c6169e0960:3478,0160047,Labores de Cogorderos 2,LEON,Villamejil,Aluvionar,aluvial,-6.021795999999938,42.54284500000006,False,crs_tabular_desconocido,pos_ab29fbea76fa8f51,pendiente,validada,aluvial,,,,,100,auditoria_geologica_u3,2026-09-27,IGME BDMIN inventario indicios Hoja 0160; IGME MAGNA 50 Hoja 0160 https://info.igme.es/cartografiadigital/datos/magna50/memorias/MMagna0160.pdf,Indicio 'Labores de Cogorderos 2' sin laboreo minero probado o continuidad estructural contrastada en fuentes documentales; mantenido en estado pendiente sin asignar deposit_id para evitar agrupaciones por proximidad
gpkg:44f874e0d3404a1c13ef2b13e6ecb8ea39b189992e387651298f79c6169e0960:3479,0160048,Minas de Villamejil y Antoñán,LEON,Villamejil,Aluvionar,aluvial,-5.98068399999994,42.569345000000055,False,crs_tabular_desconocido,pos_a8e098736e1bb0f6,pendiente,validada,aluvial,,,,,100,auditoria_geologica_u3,2026-09-27,IGME BDMIN inventario indicios Hoja 0160; IGME MAGNA 50 Hoja 0160 https://info.igme.es/cartografiadigital/datos/magna50/memorias/MMagna0160.pdf,Indicio 'Minas de Villamejil y Antoñán' sin laboreo minero probado o continuidad estructural contrastada en fuentes documentales; mantenido en estado pendiente sin asignar deposit_id para evitar agrupaciones por proximidad
gpkg:44f874e0d3404a1c13ef2b13e6ecb8ea39b189992e387651298f79c6169e0960:3480,0160049,Labores mineras de Antoñán del Valle,LEON,Benavides,Aluvionar,aluvial,-5.9750139999999305,42.539776000000074,False,crs_tabular_desconocido,pos_3eb9c54be94b1889,pendiente,validada,aluvial,,,,,100,auditoria_geologica_u3,2026-09-27,IGME BDMIN inventario indicios Hoja 0160; IGME MAGNA 50 Hoja 0160 https://info.igme.es/cartografiadigital/datos/magna50/memorias/MMagna0160.pdf,Indicio 'Labores mineras de Antoñán del Valle' sin laboreo minero probado o continuidad estructural contrastada en fuentes documentales; mantenido en estado pendiente sin asignar deposit_id para evitar agrupaciones por proximidad
gpkg:44f874e0d3404a1c13ef2b13e6ecb8ea39b189992e387651298f79c6169e0960:3481,0160050,Minas de Antoñán,LEON,Benavides,Aluvionar,aluvial,-5.956898999999964,42.54294700000003,False,crs_tabular_desconocido,pos_c0eac1c9641c4922,pendiente,validada,aluvial,,,,,100,auditoria_geologica_u3,2026-09-27,IGME BDMIN inventario indicios Hoja 0160; IGME MAGNA 50 Hoja 0160 https://info.igme.es/cartografiadigital/datos/magna50/memorias/MMagna0160.pdf,Indicio 'Minas de Antoñán' sin laboreo minero probado o continuidad estructural contrastada en fuentes documentales; mantenido en estado pendiente sin asignar deposit_id para evitar agrupaciones por proximidad
gpkg:44f874e0d3404a1c13ef2b13e6ecb8ea39b189992e387651298f79c6169e0960:3482,0160051,Labores mineras de Antoñán del Valle,LEON,Benavides,Aluvionar,aluvial,-5.94974899999994,42.546283000000074,False,crs_tabular_desconocido,pos_f1bacfa97328b502,pendiente,validada,aluvial,,,,,100,auditoria_geologica_u3,2026-09-27,IGME BDMIN inventario indicios Hoja 0160; IGME MAGNA 50 Hoja 0160 https://info.igme.es/cartografiadigital/datos/magna50/memorias/MMagna0160.pdf,Indicio 'Labores mineras de Antoñán del Valle' sin laboreo minero probado o continuidad estructural contrastada en fuentes documentales; mantenido en estado pendiente sin asignar deposit_id para evitar agrupaciones por proximidad
gpkg:44f874e0d3404a1c13ef2b13e6ecb8ea39b189992e387651298f79c6169e0960:3483,0160052,Mina de Ouintanilla del Valle,LEON,Benavides,Aluvionar,aluvial,-5.9587419999999724,42.50462900000008,False,crs_tabular_desconocido,pos_386011b4124c5a0b,pendiente,validada,aluvial,,,,,100,auditoria_geologica_u3,2026-09-27,IGME BDMIN inventario indicios Hoja 0160; IGME MAGNA 50 Hoja 0160 https://info.igme.es/cartografiadigital/datos/magna50/memorias/MMagna0160.pdf,Indicio 'Mina de Ouintanilla del Valle' sin laboreo minero probado o continuidad estructural contrastada en fuentes documentales; mantenido en estado pendiente sin asignar deposit_id para evitar agrupaciones por proximidad
gpkg:44f874e0d3404a1c13ef2b13e6ecb8ea39b189992e387651298f79c6169e0960:3484,0160053,Minas de Ferreras,LEON,Quintana del Castillo,Aluvionar,aluvial,-5.928458999999975,42.63777700000003,False,crs_tabular_desconocido,pos_9f91df0abfb85d40,confirmada,validada,aluvial,dep_ferreras_riofrio,dist_leon_omana_cepeda,,,50,auditoria_geologica_u3,2026-09-27,Pérez García et al. (2000) J. Geochem. Explor. 71:225-240; IGME MAGNA 50 Hoja 128 (Riello) y Hoja 160 (Benavides de Órbigo) https://info.igme.es/cartografiadigital/datos/magna50/memorias/MMagna0160.pdf,"Gran complejo minero hidráulico romano en abanicos y terrazas auríferas paleógenas/miocenas de Ferreras, Morriondo y Riofrío en la Cepeda Alta"
gpkg:44f874e0d3404a1c13ef2b13e6ecb8ea39b189992e387651298f79c6169e0960:3485,0160054,Minas de Ferreras y Riofrio,LEON,Quintana del Castillo,Aluvionar,aluvial,-5.914177999999936,42.61923200000007,False,crs_tabular_desconocido,pos_5ef0ccd9e6dd943d,confirmada,validada,aluvial,dep_ferreras_riofrio,dist_leon_omana_cepeda,,,50,auditoria_geologica_u3,2026-09-27,Pérez García et al. (2000) J. Geochem. Explor. 71:225-240; IGME MAGNA 50 Hoja 128 (Riello) y Hoja 160 (Benavides de Órbigo) https://info.igme.es/cartografiadigital/datos/magna50/memorias/MMagna0160.pdf,"Gran complejo minero hidráulico romano en abanicos y terrazas auríferas paleógenas/miocenas de Ferreras, Morriondo y Riofrío en la Cepeda Alta"
gpkg:44f874e0d3404a1c13ef2b13e6ecb8ea39b189992e387651298f79c6169e0960:3486,0160055,Minas de Valbuena,LEON,Villagatón,Aluvionar,aluvial,-6.150797999999952,42.61141300000003,False,crs_tabular_desconocido,pos_5b513a3289765ba0,pendiente,validada,aluvial,,,,,100,auditoria_geologica_u3,2026-09-27,IGME BDMIN inventario indicios Hoja 0160; IGME MAGNA 50 Hoja 0160 https://info.igme.es/cartografiadigital/datos/magna50/memorias/MMagna0160.pdf,Indicio 'Minas de Valbuena' sin laboreo minero probado o continuidad estructural contrastada en fuentes documentales; mantenido en estado pendiente sin asignar deposit_id para evitar agrupaciones por proximidad
gpkg:44f874e0d3404a1c13ef2b13e6ecb8ea39b189992e387651298f79c6169e0960:3487,0160056,Minas de Veguellina,LEON,Quintana del Castillo,Aluvionar,aluvial,-6.021769999999947,42.63289100000003,False,crs_tabular_desconocido,pos_ec658680e1652382,pendiente,validada,aluvial,,,,,100,auditoria_geologica_u3,2026-09-27,IGME BDMIN inventario indicios Hoja 0160; IGME MAGNA 50 Hoja 0160 https://info.igme.es/cartografiadigital/datos/magna50/memorias/MMagna0160.pdf,Indicio 'Minas de Veguellina' sin laboreo minero probado o continuidad estructural contrastada en fuentes documentales; mantenido en estado pendiente sin asignar deposit_id para evitar agrupaciones por proximidad
gpkg:44f874e0d3404a1c13ef2b13e6ecb8ea39b189992e387651298f79c6169e0960:3489,0161002,VILLARREQUEL y SACAREJO,LEON,Cimanes del Tejar,Aluvionar,aluvial,-5.809579999999926,42.65201300000007,False,crs_tabular_desconocido,pos_41402a855da4e004,pendiente,validada,aluvial,,,,,100,auditoria_geologica_u3,2026-09-27,IGME BDMIN inventario indicios Hoja 0161; IGME MAGNA 50 Hoja 0161 https://info.igme.es/cartografiadigital/datos/magna50/memorias/MMagna0161.pdf,Indicio 'VILLARREQUEL y SACAREJO' sin laboreo minero probado o continuidad estructural contrastada en fuentes documentales; mantenido en estado pendiente sin asignar deposit_id para evitar agrupaciones por proximidad
gpkg:44f874e0d3404a1c13ef2b13e6ecb8ea39b189992e387651298f79c6169e0960:3490,0161003,Arroyo de la vertiente de la Huelga,LEON,Villaquilambre,Aluvionar,aluvial,-5.5858859999999595,42.641076000000055,False,crs_tabular_desconocido,pos_2fcb9172013c3a8e,pendiente,validada,aluvial,,,,,100,auditoria_geologica_u3,2026-09-27,IGME BDMIN inventario indicios Hoja 0161; IGME MAGNA 50 Hoja 0161 https://info.igme.es/cartografiadigital/datos/magna50/memorias/MMagna0161.pdf,Indicio 'Arroyo de la vertiente de la Huelga' sin laboreo minero probado o continuidad estructural contrastada en fuentes documentales; mantenido en estado pendiente sin asignar deposit_id para evitar agrupaciones por proximidad
gpkg:44f874e0d3404a1c13ef2b13e6ecb8ea39b189992e387651298f79c6169e0960:3491,0161004,Carbajal de la Legua,LEON,Sariegos,Aluvionar,aluvial,-5.599007999999969,42.66329100000007,False,crs_tabular_desconocido,pos_a04ec2ee39aa5bc0,pendiente,validada,aluvial,,,,,100,auditoria_geologica_u3,2026-09-27,IGME BDMIN inventario indicios Hoja 0161; IGME MAGNA 50 Hoja 0161 https://info.igme.es/cartografiadigital/datos/magna50/memorias/MMagna0161.pdf,Indicio 'Carbajal de la Legua' sin laboreo minero probado o continuidad estructural contrastada en fuentes documentales; mantenido en estado pendiente sin asignar deposit_id para evitar agrupaciones por proximidad
gpkg:44f874e0d3404a1c13ef2b13e6ecb8ea39b189992e387651298f79c6169e0960:3504,0180003,Mina de Cu de la Artiga,HUESCA,Montanuy,Filoniana,roca,0.7285850000000664,42.51266900000007,False,crs_tabular_desconocido,pos_90c95edeb01058f6,rechazada,validada,desconocido,,,,,100,auditoria_geologica_u3,2026-09-27,IGME MAGNA 50 Hoja 180 (Benasque) https://info.igme.es/cartografiadigital/datos/magna50/memorias/MMagna0180.pdf,Falso positivo en inventario histórico; filón hidrotermal de cobre sin mineralización de oro contrastada en campañas geológicas modernas
gpkg:44f874e0d3404a1c13ef2b13e6ecb8ea39b189992e387651298f79c6169e0960:3567,0187003,BRUES - BALBOA,ORENSE,Boborás,Filoniana,roca,-8.151380563999965,42.45761095900008,False,coincide_si_lonlat,pos_0c036653b7043569,pendiente,validada,roca,,,,,100,auditoria_geologica_u3,2026-09-27,IGME BDMIN inventario indicios Hoja 0187; IGME MAGNA 50 Hoja 0187 https://info.igme.es/cartografiadigital/datos/magna50/memorias/MMagna0187.pdf,Indicio 'BRUES - BALBOA' sin laboreo minero probado o continuidad estructural contrastada en fuentes documentales; mantenido en estado pendiente sin asignar deposit_id para evitar agrupaciones por proximidad
gpkg:44f874e0d3404a1c13ef2b13e6ecb8ea39b189992e387651298f79c6169e0960:3568,0187004,PUENTE LODEIROS,ORENSE,Boborás,Filoniana,roca,-8.183133901999952,42.447484571000075,False,coincide_si_lonlat,pos_834da3d4b2b23eeb,pendiente,validada,roca,,,,,100,auditoria_geologica_u3,2026-09-27,IGME BDMIN inventario indicios Hoja 0187; IGME MAGNA 50 Hoja 0187 https://info.igme.es/cartografiadigital/datos/magna50/memorias/MMagna0187.pdf,Indicio 'PUENTE LODEIROS' sin laboreo minero probado o continuidad estructural contrastada en fuentes documentales; mantenido en estado pendiente sin asignar deposit_id para evitar agrupaciones por proximidad
gpkg:44f874e0d3404a1c13ef2b13e6ecb8ea39b189992e387651298f79c6169e0960:3569,0187005,COVA DO SIL,ORENSE,Boborás,Filoniana,roca,-8.170410882999931,42.444061127000055,False,coincide_si_lonlat,pos_a96180e942fdd557,pendiente,validada,roca,,,,,100,auditoria_geologica_u3,2026-09-27,IGME BDMIN inventario indicios Hoja 0187; IGME MAGNA 50 Hoja 0187 https://info.igme.es/cartografiadigital/datos/magna50/memorias/MMagna0187.pdf,Indicio 'COVA DO SIL' sin laboreo minero probado o continuidad estructural contrastada en fuentes documentales; mantenido en estado pendiente sin asignar deposit_id para evitar agrupaciones por proximidad
gpkg:44f874e0d3404a1c13ef2b13e6ecb8ea39b189992e387651298f79c6169e0960:3570,0187006,"TINTEIRIÑA, CAMPO DEL BAO",ORENSE,Boborás,Filoniana,roca,-8.178476307999972,42.43169094900003,False,coincide_si_lonlat,pos_e8aad734ff7b9e8e,pendiente,validada,roca,,,,,100,auditoria_geologica_u3,2026-09-27,IGME BDMIN inventario indicios Hoja 0187; IGME MAGNA 50 Hoja 0187 https://info.igme.es/cartografiadigital/datos/magna50/memorias/MMagna0187.pdf,"Indicio 'TINTEIRIÑA, CAMPO DEL BAO' sin laboreo minero probado o continuidad estructural contrastada en fuentes documentales; mantenido en estado pendiente sin asignar deposit_id para evitar agrupaciones por proximidad"
gpkg:44f874e0d3404a1c13ef2b13e6ecb8ea39b189992e387651298f79c6169e0960:3571,0187007,POUSO Y CHOUSA,ORENSE,Boborás,Filoniana,roca,-8.179184049999947,42.42404095300003,False,coincide_si_lonlat,pos_592ce48afbf30e99,pendiente,validada,roca,,,,,100,auditoria_geologica_u3,2026-09-27,IGME BDMIN inventario indicios Hoja 0187; IGME MAGNA 50 Hoja 0187 https://info.igme.es/cartografiadigital/datos/magna50/memorias/MMagna0187.pdf,Indicio 'POUSO Y CHOUSA' sin laboreo minero probado o continuidad estructural contrastada en fuentes documentales; mantenido en estado pendiente sin asignar deposit_id para evitar agrupaciones por proximidad
gpkg:44f874e0d3404a1c13ef2b13e6ecb8ea39b189992e387651298f79c6169e0960:3572,0187008,RIVAS - MINAS SORPRESA Y FRANCESA,ORENSE,"Irixo, O",Filoniana,roca,-8.074296496999978,42.48898580900004,False,coincide_si_lonlat,pos_f8b575006fff7780,pendiente,validada,roca,,,,,100,auditoria_geologica_u3,2026-09-27,IGME BDMIN inventario indicios Hoja 0187; IGME MAGNA 50 Hoja 0187 https://info.igme.es/cartografiadigital/datos/magna50/memorias/MMagna0187.pdf,Indicio 'RIVAS - MINAS SORPRESA Y FRANCESA' sin laboreo minero probado o continuidad estructural contrastada en fuentes documentales; mantenido en estado pendiente sin asignar deposit_id para evitar agrupaciones por proximidad
gpkg:44f874e0d3404a1c13ef2b13e6ecb8ea39b189992e387651298f79c6169e0960:3573,0187009,CASIÑA DOS MOUROS,ORENSE,"Carballiño, O",Filoniana,roca,-8.059034081999926,42.492464004000055,False,coincide_si_lonlat,pos_38beebbabbb1dcd8,pendiente,validada,roca,,,,,100,auditoria_geologica_u3,2026-09-27,IGME BDMIN inventario indicios Hoja 0187; IGME MAGNA 50 Hoja 0187 https://info.igme.es/cartografiadigital/datos/magna50/memorias/MMagna0187.pdf,Indicio 'CASIÑA DOS MOUROS' sin laboreo minero probado o continuidad estructural contrastada en fuentes documentales; mantenido en estado pendiente sin asignar deposit_id para evitar agrupaciones por proximidad
gpkg:44f874e0d3404a1c13ef2b13e6ecb8ea39b189992e387651298f79c6169e0960:3574,0187010,COVAS DE LAROUCE,ORENSE,"Carballiño, O",Filoniana,roca,-8.043838635999975,42.49143782600004,False,coincide_si_lonlat,pos_a72a1089996e740b,pendiente,validada,roca,,,,,100,auditoria_geologica_u3,2026-09-27,IGME BDMIN inventario indicios Hoja 0187; IGME MAGNA 50 Hoja 0187 https://info.igme.es/cartografiadigital/datos/magna50/memorias/MMagna0187.pdf,Indicio 'COVAS DE LAROUCE' sin laboreo minero probado o continuidad estructural contrastada en fuentes documentales; mantenido en estado pendiente sin asignar deposit_id para evitar agrupaciones por proximidad
gpkg:44f874e0d3404a1c13ef2b13e6ecb8ea39b189992e387651298f79c6169e0960:3575,0187011,COUSO (PACIÑOS-PITEIRA),ORENSE,"Carballiño, O",Filoniana,roca,-8.077060930999949,42.466493523000054,False,coincide_si_lonlat,pos_979fa88941c87bf3,pendiente,validada,roca,,,,,100,auditoria_geologica_u3,2026-09-27,IGME BDMIN inventario indicios Hoja 0187; IGME MAGNA 50 Hoja 0187 https://info.igme.es/cartografiadigital/datos/magna50/memorias/MMagna0187.pdf,Indicio 'COUSO (PACIÑOS-PITEIRA)' sin laboreo minero probado o continuidad estructural contrastada en fuentes documentales; mantenido en estado pendiente sin asignar deposit_id para evitar agrupaciones por proximidad
gpkg:44f874e0d3404a1c13ef2b13e6ecb8ea39b189992e387651298f79c6169e0960:3576,0187012,GROTA DO PAZO DE MADARNAS,ORENSE,"Carballiño, O",Filoniana,roca,-8.089419230999965,42.45308345900003,False,coincide_si_lonlat,pos_4f0d115ec91b67a7,pendiente,validada,roca,,,,,100,auditoria_geologica_u3,2026-09-27,IGME BDMIN inventario indicios Hoja 0187; IGME MAGNA 50 Hoja 0187 https://info.igme.es/cartografiadigital/datos/magna50/memorias/MMagna0187.pdf,Indicio 'GROTA DO PAZO DE MADARNAS' sin laboreo minero probado o continuidad estructural contrastada en fuentes documentales; mantenido en estado pendiente sin asignar deposit_id para evitar agrupaciones por proximidad
gpkg:44f874e0d3404a1c13ef2b13e6ecb8ea39b189992e387651298f79c6169e0960:3579,0187015,CABANA Y PAZOS,ORENSE,San Amaro,Filoniana,roca,-8.102472727999952,42.39059498800003,False,coincide_si_lonlat,pos_322db6262541822d,pendiente,validada,roca,,,,,100,auditoria_geologica_u3,2026-09-27,IGME BDMIN inventario indicios Hoja 0187; IGME MAGNA 50 Hoja 0187 https://info.igme.es/cartografiadigital/datos/magna50/memorias/MMagna0187.pdf,Indicio 'CABANA Y PAZOS' sin laboreo minero probado o continuidad estructural contrastada en fuentes documentales; mantenido en estado pendiente sin asignar deposit_id para evitar agrupaciones por proximidad
gpkg:44f874e0d3404a1c13ef2b13e6ecb8ea39b189992e387651298f79c6169e0960:3580,0187016,LAGO - MINA JULIANA,ORENSE,Maside,Filoniana,roca,-8.037835383999948,42.406732420000026,False,coincide_si_lonlat,pos_f1412a9bec3d1736,pendiente,validada,roca,,,,,100,auditoria_geologica_u3,2026-09-27,IGME BDMIN inventario indicios Hoja 0187; IGME MAGNA 50 Hoja 0187 https://info.igme.es/cartografiadigital/datos/magna50/memorias/MMagna0187.pdf,Indicio 'LAGO - MINA JULIANA' sin laboreo minero probado o continuidad estructural contrastada en fuentes documentales; mantenido en estado pendiente sin asignar deposit_id para evitar agrupaciones por proximidad
gpkg:44f874e0d3404a1c13ef2b13e6ecb8ea39b189992e387651298f79c6169e0960:3581,0187017,CASTELO,ORENSE,San Amaro,Filoniana,roca,-8.052170347999947,42.342458614000066,False,coincide_si_lonlat,pos_d8abaf121e1dd977,pendiente,validada,roca,,,,,100,auditoria_geologica_u3,2026-09-27,IGME BDMIN inventario indicios Hoja 0187; IGME MAGNA 50 Hoja 0187 https://info.igme.es/cartografiadigital/datos/magna50/memorias/MMagna0187.pdf,Indicio 'CASTELO' sin laboreo minero probado o continuidad estructural contrastada en fuentes documentales; mantenido en estado pendiente sin asignar deposit_id para evitar agrupaciones por proximidad
gpkg:44f874e0d3404a1c13ef2b13e6ecb8ea39b189992e387651298f79c6169e0960:3582,0187018,SAN TROCAU,ORENSE,Cenlle,Filoniana,roca,-8.037059239999962,42.338280084000075,False,coincide_si_lonlat,pos_22dc82669befb017,pendiente,validada,roca,,,,,100,auditoria_geologica_u3,2026-09-27,IGME BDMIN inventario indicios Hoja 0187; IGME MAGNA 50 Hoja 0187 https://info.igme.es/cartografiadigital/datos/magna50/memorias/MMagna0187.pdf,Indicio 'SAN TROCAU' sin laboreo minero probado o continuidad estructural contrastada en fuentes documentales; mantenido en estado pendiente sin asignar deposit_id para evitar agrupaciones por proximidad
gpkg:44f874e0d3404a1c13ef2b13e6ecb8ea39b189992e387651298f79c6169e0960:3583,0187019,OIRA,ORENSE,Ourense,Aluvionar,aluvial,-7.854020490999972,42.35731095600005,False,coincide_si_lonlat,pos_a5b39990d521f385,pendiente,validada,aluvial,,,,,100,auditoria_geologica_u3,2026-09-27,IGME BDMIN inventario indicios Hoja 0187; IGME MAGNA 50 Hoja 0187 https://info.igme.es/cartografiadigital/datos/magna50/memorias/MMagna0187.pdf,Indicio 'OIRA' sin laboreo minero probado o continuidad estructural contrastada en fuentes documentales; mantenido en estado pendiente sin asignar deposit_id para evitar agrupaciones por proximidad
gpkg:44f874e0d3404a1c13ef2b13e6ecb8ea39b189992e387651298f79c6169e0960:3587,0189002,MINAS DE FREIJO,LUGO,Monforte de Lemos,Estratiforme/Estratoide,desconocido,-7.499524772999962,42.45633623200007,False,coincide_si_lonlat,pos_38ee865b9b3dcf1a,pendiente,validada,desconocido,,,,,100,auditoria_geologica_u3,2026-09-27,IGME BDMIN inventario indicios Hoja 0189; IGME MAGNA 50 Hoja 0189 https://info.igme.es/cartografiadigital/datos/magna50/memorias/MMagna0189.pdf,Indicio 'MINAS DE FREIJO' sin laboreo minero probado o continuidad estructural contrastada en fuentes documentales; mantenido en estado pendiente sin asignar deposit_id para evitar agrupaciones por proximidad
gpkg:44f874e0d3404a1c13ef2b13e6ecb8ea39b189992e387651298f79c6169e0960:3593,0189008,MONTEFURADO,LUGO,Quiroga,Estratiforme/Estratoide,desconocido,-7.2034241499999325,42.39128863700006,False,coincide_si_lonlat,pos_ceefad564d03cd39,confirmada,validada,aluvial,dep_montefurado_quiroga,dist_galicia_sil_quiroga,,,50,auditoria_geologica_u3,2026-09-27,"Sánchez-Palencia, F.J. (2000) Las Médulas, CSIC; IGME MAGNA 50 Hoja 189 (Monforte de Lemos) https://info.igme.es/cartografiadigital/datos/magna50/memorias/MMagna0189.pdf",Obra de ingeniería hidráulica romana del túnel de Montefurado y placeres auríferos fluviales del Sil en San Clodio
gpkg:44f874e0d3404a1c13ef2b13e6ecb8ea39b189992e387651298f79c6169e0960:3594,0189009,SAN CLODIO - RIBAS DE SIL,LUGO,Ribas de Sil,Aluvionar,aluvial,-7.277278162999949,42.46716986000007,False,coincide_si_lonlat,pos_bff437bd35792ecd,confirmada,validada,aluvial,dep_montefurado_quiroga,dist_galicia_sil_quiroga,,,50,auditoria_geologica_u3,2026-09-27,"Sánchez-Palencia, F.J. (2000) Las Médulas, CSIC; IGME MAGNA 50 Hoja 189 (Monforte de Lemos) https://info.igme.es/cartografiadigital/datos/magna50/memorias/MMagna0189.pdf",Obra de ingeniería hidráulica romana del túnel de Montefurado y placeres auríferos fluviales del Sil en San Clodio
gpkg:44f874e0d3404a1c13ef2b13e6ecb8ea39b189992e387651298f79c6169e0960:3595,0189010,SIL - MONTEFURADO,LUGO,Quiroga,Aluvionar,aluvial,-7.1912805719999255,42.39109760600007,False,coincide_si_lonlat,pos_b453eed12b0f3e57,confirmada,validada,aluvial,dep_montefurado_quiroga,dist_galicia_sil_quiroga,,,50,auditoria_geologica_u3,2026-09-27,"Sánchez-Palencia, F.J. (2000) Las Médulas, CSIC; IGME MAGNA 50 Hoja 189 (Monforte de Lemos) https://info.igme.es/cartografiadigital/datos/magna50/memorias/MMagna0189.pdf",Obra de ingeniería hidráulica romana del túnel de Montefurado y placeres auríferos fluviales del Sil en San Clodio
gpkg:44f874e0d3404a1c13ef2b13e6ecb8ea39b189992e387651298f79c6169e0960:3600,0190005,BOCABOA,LUGO,Quiroga,Filoniana,roca,-7.1567378909999775,42.46709492900004,False,coincide_si_lonlat,pos_3c48689d0cbc75df,pendiente,validada,roca,,,,,100,auditoria_geologica_u3,2026-09-27,IGME BDMIN inventario indicios Hoja 0190; IGME MAGNA 50 Hoja 0190 https://info.igme.es/cartografiadigital/datos/magna50/memorias/MMagna0190.pdf,Indicio 'BOCABOA' sin laboreo minero probado o continuidad estructural contrastada en fuentes documentales; mantenido en estado pendiente sin asignar deposit_id para evitar agrupaciones por proximidad
gpkg:44f874e0d3404a1c13ef2b13e6ecb8ea39b189992e387651298f79c6169e0960:3601,0190006,RIO SOLDON,LUGO,Quiroga,Aluvionar,aluvial,-7.15981521599997,42.48245385300004,False,coincide_si_lonlat,pos_cac2d9ffc2760ff3,pendiente,validada,aluvial,,,,,100,auditoria_geologica_u3,2026-09-27,IGME BDMIN inventario indicios Hoja 0190; IGME MAGNA 50 Hoja 0190 https://info.igme.es/cartografiadigital/datos/magna50/memorias/MMagna0190.pdf,Indicio 'RIO SOLDON' sin laboreo minero probado o continuidad estructural contrastada en fuentes documentales; mantenido en estado pendiente sin asignar deposit_id para evitar agrupaciones por proximidad
gpkg:44f874e0d3404a1c13ef2b13e6ecb8ea39b189992e387651298f79c6169e0960:3603,0190008,PENDON,ORENSE,Avión,Aluvionar,aluvial,-7.055133403999946,42.46046185100005,False,coincide_si_lonlat,pos_81c9d610a9b4ed34,pendiente,validada,aluvial,,,,,100,auditoria_geologica_u3,2026-09-27,IGME BDMIN inventario indicios Hoja 0190; IGME MAGNA 50 Hoja 0190 https://info.igme.es/cartografiadigital/datos/magna50/memorias/MMagna0190.pdf,Indicio 'PENDON' sin laboreo minero probado o continuidad estructural contrastada en fuentes documentales; mantenido en estado pendiente sin asignar deposit_id para evitar agrupaciones por proximidad
gpkg:44f874e0d3404a1c13ef2b13e6ecb8ea39b189992e387651298f79c6169e0960:3604,0190009,RIO SIL,ORENSE,Petín,Aluvionar,aluvial,-7.112978465999959,42.368851697000025,False,coincide_si_lonlat,pos_92cd347caaf04897,pendiente,validada,aluvial,,,,,100,auditoria_geologica_u3,2026-09-27,IGME BDMIN inventario indicios Hoja 0190; IGME MAGNA 50 Hoja 0190 https://info.igme.es/cartografiadigital/datos/magna50/memorias/MMagna0190.pdf,Indicio 'RIO SIL' sin laboreo minero probado o continuidad estructural contrastada en fuentes documentales; mantenido en estado pendiente sin asignar deposit_id para evitar agrupaciones por proximidad
gpkg:44f874e0d3404a1c13ef2b13e6ecb8ea39b189992e387651298f79c6169e0960:3606,0190011,RIOMAO,ORENSE,Arnoia,Desconocida,desconocido,-7.00574942999998,42.34173002800003,False,coincide_si_lonlat,pos_1c66060154fd8e71,pendiente,validada,aluvial,,,,,100,auditoria_geologica_u3,2026-09-27,IGME BDMIN inventario indicios Hoja 0190; IGME MAGNA 50 Hoja 0190 https://info.igme.es/cartografiadigital/datos/magna50/memorias/MMagna0190.pdf,Indicio 'RIOMAO' sin laboreo minero probado o continuidad estructural contrastada en fuentes documentales; mantenido en estado pendiente sin asignar deposit_id para evitar agrupaciones por proximidad
gpkg:44f874e0d3404a1c13ef2b13e6ecb8ea39b189992e387651298f79c6169e0960:3609,0190014,RIO SIL,ORENSE,"Barco de Valdeorras, O",Aluvionar,aluvial,-6.9473016439999355,42.41805571700007,False,coincide_si_lonlat,pos_f1c84bea3343b4f3,pendiente,validada,aluvial,,,,,100,auditoria_geologica_u3,2026-09-27,IGME BDMIN inventario indicios Hoja 0190; IGME MAGNA 50 Hoja 0190 https://info.igme.es/cartografiadigital/datos/magna50/memorias/MMagna0190.pdf,Indicio 'RIO SIL' sin laboreo minero probado o continuidad estructural contrastada en fuentes documentales; mantenido en estado pendiente sin asignar deposit_id para evitar agrupaciones por proximidad
gpkg:44f874e0d3404a1c13ef2b13e6ecb8ea39b189992e387651298f79c6169e0960:3611,0190016,BOBEDA-PIEDRAS BLANCAS,ORENSE,Avión,Aluvionar,aluvial,-7.091987479999943,42.44036888000005,False,coincide_si_lonlat,pos_d380a82539bf493c,pendiente,validada,aluvial,,,,,100,auditoria_geologica_u3,2026-09-27,IGME BDMIN inventario indicios Hoja 0190; IGME MAGNA 50 Hoja 0190 https://info.igme.es/cartografiadigital/datos/magna50/memorias/MMagna0190.pdf,Indicio 'BOBEDA-PIEDRAS BLANCAS' sin laboreo minero probado o continuidad estructural contrastada en fuentes documentales; mantenido en estado pendiente sin asignar deposit_id para evitar agrupaciones por proximidad
gpkg:44f874e0d3404a1c13ef2b13e6ecb8ea39b189992e387651298f79c6169e0960:3613,0190018,MONTE ROBLEDO,ORENSE,Boborás,Aluvionar,aluvial,-6.907195334999926,42.46911169400005,False,coincide_si_lonlat,pos_268da043babcd32f,pendiente,validada,aluvial,,,,,100,auditoria_geologica_u3,2026-09-27,IGME BDMIN inventario indicios Hoja 0190; IGME MAGNA 50 Hoja 0190 https://info.igme.es/cartografiadigital/datos/magna50/memorias/MMagna0190.pdf,Indicio 'MONTE ROBLEDO' sin laboreo minero probado o continuidad estructural contrastada en fuentes documentales; mantenido en estado pendiente sin asignar deposit_id para evitar agrupaciones por proximidad
gpkg:44f874e0d3404a1c13ef2b13e6ecb8ea39b189992e387651298f79c6169e0960:3615,0190020,LA BANDEIRA,ORENSE,"Barco de Valdeorras, O",Aluvionar,aluvial,-7.008918810999944,42.44120660100003,False,coincide_si_lonlat,pos_3b21486748cb43e3,pendiente,validada,aluvial,,,,,100,auditoria_geologica_u3,2026-09-27,IGME BDMIN inventario indicios Hoja 0190; IGME MAGNA 50 Hoja 0190 https://info.igme.es/cartografiadigital/datos/magna50/memorias/MMagna0190.pdf,Indicio 'LA BANDEIRA' sin laboreo minero probado o continuidad estructural contrastada en fuentes documentales; mantenido en estado pendiente sin asignar deposit_id para evitar agrupaciones por proximidad
gpkg:44f874e0d3404a1c13ef2b13e6ecb8ea39b189992e387651298f79c6169e0960:3617,0190022,CORGOMO-O'LAVADOIRO EL MEDAL,ORENSE,Avión,Aluvionar,aluvial,-7.033780200999956,42.423805049000066,False,coincide_si_lonlat,pos_fe5590b8f0b4bf58,pendiente,validada,aluvial,,,,,100,auditoria_geologica_u3,2026-09-27,IGME BDMIN inventario indicios Hoja 0190; IGME MAGNA 50 Hoja 0190 https://info.igme.es/cartografiadigital/datos/magna50/memorias/MMagna0190.pdf,Indicio 'CORGOMO-O'LAVADOIRO EL MEDAL' sin laboreo minero probado o continuidad estructural contrastada en fuentes documentales; mantenido en estado pendiente sin asignar deposit_id para evitar agrupaciones por proximidad
gpkg:44f874e0d3404a1c13ef2b13e6ecb8ea39b189992e387651298f79c6169e0960:3618,0190023,ROBLEDO,ORENSE,Avión,Aluvionar,aluvial,-7.080865251999967,42.45819418700006,False,coincide_si_lonlat,pos_e1d1af3fd4cc1093,pendiente,validada,aluvial,,,,,100,auditoria_geologica_u3,2026-09-27,IGME BDMIN inventario indicios Hoja 0190; IGME MAGNA 50 Hoja 0190 https://info.igme.es/cartografiadigital/datos/magna50/memorias/MMagna0190.pdf,Indicio 'ROBLEDO' sin laboreo minero probado o continuidad estructural contrastada en fuentes documentales; mantenido en estado pendiente sin asignar deposit_id para evitar agrupaciones por proximidad
gpkg:44f874e0d3404a1c13ef2b13e6ecb8ea39b189992e387651298f79c6169e0960:3620,0190025,LOS FRAGUIZOS,ORENSE,Larouco,Aluvionar,aluvial,-7.162444981999954,42.38838740600005,False,coincide_si_lonlat,pos_858f41269548bca4,pendiente,validada,aluvial,,,,,100,auditoria_geologica_u3,2026-09-27,IGME BDMIN inventario indicios Hoja 0190; IGME MAGNA 50 Hoja 0190 https://info.igme.es/cartografiadigital/datos/magna50/memorias/MMagna0190.pdf,Indicio 'LOS FRAGUIZOS' sin laboreo minero probado o continuidad estructural contrastada en fuentes documentales; mantenido en estado pendiente sin asignar deposit_id para evitar agrupaciones por proximidad
gpkg:44f874e0d3404a1c13ef2b13e6ecb8ea39b189992e387651298f79c6169e0960:3623,0190028,RIO SIL,LUGO,Quiroga,Aluvionar,aluvial,-7.183929578999937,42.39323276400006,False,coincide_si_lonlat,pos_8bd3ad898b810f22,pendiente,validada,aluvial,,,,,100,auditoria_geologica_u3,2026-09-27,IGME BDMIN inventario indicios Hoja 0190; IGME MAGNA 50 Hoja 0190 https://info.igme.es/cartografiadigital/datos/magna50/memorias/MMagna0190.pdf,Indicio 'RIO SIL' sin laboreo minero probado o continuidad estructural contrastada en fuentes documentales; mantenido en estado pendiente sin asignar deposit_id para evitar agrupaciones por proximidad
gpkg:44f874e0d3404a1c13ef2b13e6ecb8ea39b189992e387651298f79c6169e0960:3629,0190034,ARROYO DE FORNO,ORENSE,"Rúa, A",Aluvionar,aluvial,-7.126426038999966,42.406715992000045,False,coincide_si_lonlat,pos_21d124ff1f555494,pendiente,validada,aluvial,,,,,100,auditoria_geologica_u3,2026-09-27,IGME BDMIN inventario indicios Hoja 0190; IGME MAGNA 50 Hoja 0190 https://info.igme.es/cartografiadigital/datos/magna50/memorias/MMagna0190.pdf,Indicio 'ARROYO DE FORNO' sin laboreo minero probado o continuidad estructural contrastada en fuentes documentales; mantenido en estado pendiente sin asignar deposit_id para evitar agrupaciones por proximidad
gpkg:44f874e0d3404a1c13ef2b13e6ecb8ea39b189992e387651298f79c6169e0960:3630,0190035,RIO SIL,ORENSE,"Barco de Valdeorras, O",Aluvionar,aluvial,-6.9995205489999535,42.41177492000003,False,coincide_si_lonlat,pos_9c7579ed5b41dc68,pendiente,validada,aluvial,,,,,100,auditoria_geologica_u3,2026-09-27,IGME BDMIN inventario indicios Hoja 0190; IGME MAGNA 50 Hoja 0190 https://info.igme.es/cartografiadigital/datos/magna50/memorias/MMagna0190.pdf,Indicio 'RIO SIL' sin laboreo minero probado o continuidad estructural contrastada en fuentes documentales; mantenido en estado pendiente sin asignar deposit_id para evitar agrupaciones por proximidad
gpkg:44f874e0d3404a1c13ef2b13e6ecb8ea39b189992e387651298f79c6169e0960:3635,0190040,RIO SIL,ORENSE,Carballeda,Aluvionar,aluvial,-6.88574811899997,42.408831666000026,False,coincide_si_lonlat,pos_475cf09902876295,pendiente,validada,aluvial,,,,,100,auditoria_geologica_u3,2026-09-27,IGME BDMIN inventario indicios Hoja 0190; IGME MAGNA 50 Hoja 0190 https://info.igme.es/cartografiadigital/datos/magna50/memorias/MMagna0190.pdf,Indicio 'RIO SIL' sin laboreo minero probado o continuidad estructural contrastada en fuentes documentales; mantenido en estado pendiente sin asignar deposit_id para evitar agrupaciones por proximidad
gpkg:44f874e0d3404a1c13ef2b13e6ecb8ea39b189992e387651298f79c6169e0960:3641,0191006,LAS MEDULAS DE CARUCEDO,LEON,Carucedo,Aluvionar,aluvial,-6.760085524999965,42.45687509500004,False,coincide_si_lonlat,pos_fed810b7146b3d3d,confirmada,validada,aluvial,dep_las_medulas_carucedo,dist_leon_bierzo,,,50,auditoria_geologica_u3,2026-09-27,"Sánchez-Palencia, F.J. et al. (2000) Las Médulas (León): un paisaje cultural en la ""Asturia Augustana"", CSIC, 280 pp; Pérez García et al. (2000) J. Geochem. Explor. 71:225-240 (DOI:10.1016/S0375-6742(00)00153-X); IGME MAGNA 50 Hoja 191 (Ponferrada) https://info.igme.es/cartografiadigital/datos/magna50/memorias/MMagna0191.pdf",Mayor explotación aurífera a cielo abierto de la Hispania romana (Patrimonio de la Humanidad UNESCO); abanicos aluviales miocenos de la Formación Las Médulas/Santalla explotados mediante ruina montium
gpkg:44f874e0d3404a1c13ef2b13e6ecb8ea39b189992e387651298f79c6169e0960:3642,0191007,FUENTE GALLEGOS,LEON,Castrillo de Cabrera,Aluvionar,aluvial,-6.546500355999967,42.36740025300003,False,coincide_si_lonlat,pos_05fee3aaa2e93399,pendiente,validada,aluvial,,,,,100,auditoria_geologica_u3,2026-09-27,IGME BDMIN inventario indicios Hoja 0191; IGME MAGNA 50 Hoja 0191 https://info.igme.es/cartografiadigital/datos/magna50/memorias/MMagna0191.pdf,Indicio 'FUENTE GALLEGOS' sin laboreo minero probado o continuidad estructural contrastada en fuentes documentales; mantenido en estado pendiente sin asignar deposit_id para evitar agrupaciones por proximidad
gpkg:44f874e0d3404a1c13ef2b13e6ecb8ea39b189992e387651298f79c6169e0960:3643,0191008,RIO SIL,ORENSE,Boborás,Aluvionar,aluvial,-6.833326229999955,42.41370617600006,False,coincide_si_lonlat,pos_f0a2c3edda73a7e2,pendiente,validada,aluvial,,,,,100,auditoria_geologica_u3,2026-09-27,IGME BDMIN inventario indicios Hoja 0191; IGME MAGNA 50 Hoja 0191 https://info.igme.es/cartografiadigital/datos/magna50/memorias/MMagna0191.pdf,Indicio 'RIO SIL' sin laboreo minero probado o continuidad estructural contrastada en fuentes documentales; mantenido en estado pendiente sin asignar deposit_id para evitar agrupaciones por proximidad
gpkg:44f874e0d3404a1c13ef2b13e6ecb8ea39b189992e387651298f79c6169e0960:3644,0191009,"MIEDALO-RIO CABRERA VALCOMASA,VALDEPARADELA",LEON,Benuza,Aluvionar,aluvial,-6.640760299999954,42.41215533700006,False,coincide_si_lonlat,pos_ae6a9d9bdbfa1938,pendiente,validada,aluvial,,,,,100,auditoria_geologica_u3,2026-09-27,IGME BDMIN inventario indicios Hoja 0191; IGME MAGNA 50 Hoja 0191 https://info.igme.es/cartografiadigital/datos/magna50/memorias/MMagna0191.pdf,"Indicio 'MIEDALO-RIO CABRERA VALCOMASA,VALDEPARADELA' sin laboreo minero probado o continuidad estructural contrastada en fuentes documentales; mantenido en estado pendiente sin asignar deposit_id para evitar agrupaciones por proximidad"
gpkg:44f874e0d3404a1c13ef2b13e6ecb8ea39b189992e387651298f79c6169e0960:3646,0191011,RIO CABRERA,LEON,Puente de Domingo Flórez,Aluvionar,aluvial,-6.779423882999936,42.41897832400008,False,coincide_si_lonlat,pos_da17b96ac5bfc600,confirmada,validada,aluvial,dep_rio_cabrera_terrazas,dist_leon_cabrera,,,100,auditoria_geologica_u3,2026-09-27,"Sánchez-Palencia, F.J. et al. (2000) Las Médulas (León), CSIC; Pérez García et al. (2000) J. Geochem. Explor. 71:225-240; IGME MAGNA 50 Hoja 191 (Ponferrada) https://info.igme.es/cartografiadigital/datos/magna50/memorias/MMagna0191.pdf",Placeres fluviales cuaternarios y terrazas del curso bajo del río Cabrera en Puente de Domingo Flórez; segregados del abanico mioceno de Las Médulas por constituir un sistema sedimentario fluvial independiente
gpkg:44f874e0d3404a1c13ef2b13e6ecb8ea39b189992e387651298f79c6169e0960:3650,0191015,EL BURACO-BARREIRIN,LEON,Puente de Domingo Flórez,Aluvionar,aluvial,-6.816506437999976,42.443104969000046,False,coincide_si_lonlat,pos_07cf368c6392b418,pendiente,pendiente,aluvial,dep_rio_cabrera_terrazas,dist_leon_cabrera,,,100,auditoria_geologica_u3,2026-09-27,IGME LIG CI002 Sucesión Ordovícico-Silúrico en Salas de la Ribera; Sánchez-Palencia et al. (2000) Canales romanos de Las Médulas https://info.igme.es/sid/,"Corresponde al túnel de conducción de agua del canal romano (""Buraco de Valellos"") y a un paraje estratigráfico/paleontológico (Barreirín), no a un frente de arranque contrastado de mineral de oro"
gpkg:44f874e0d3404a1c13ef2b13e6ecb8ea39b189992e387651298f79c6169e0960:3652,0191017,CARUCEDO,LEON,Carucedo,Aluvionar,aluvial,-6.763563253999962,42.47873606200005,False,coincide_si_lonlat,pos_951c304951ab79d2,confirmada,validada,aluvial,dep_las_medulas_carucedo,dist_leon_bierzo,,,50,auditoria_geologica_u3,2026-09-27,"Sánchez-Palencia, F.J. et al. (2000) Las Médulas (León): un paisaje cultural en la ""Asturia Augustana"", CSIC, 280 pp; Pérez García et al. (2000) J. Geochem. Explor. 71:225-240 (DOI:10.1016/S0375-6742(00)00153-X); IGME MAGNA 50 Hoja 191 (Ponferrada) https://info.igme.es/cartografiadigital/datos/magna50/memorias/MMagna0191.pdf",Mayor explotación aurífera a cielo abierto de la Hispania romana (Patrimonio de la Humanidad UNESCO); abanicos aluviales miocenos de la Formación Las Médulas/Santalla explotados mediante ruina montium
gpkg:44f874e0d3404a1c13ef2b13e6ecb8ea39b189992e387651298f79c6169e0960:3653,0191018,A°BALEN-RIO SIL,LEON,Carucedo,Aluvionar,aluvial,-6.818273093999949,42.46925434000008,False,coincide_si_lonlat,pos_e62c4742ed8254a3,pendiente,pendiente,aluvial,dep_las_medulas_carucedo,dist_leon_bierzo,,,100,auditoria_geologica_u3,2026-09-27,IGME BDMIN Hoja 191; IGME MAGNA 50 Hoja 191 https://info.igme.es/cartografiadigital/datos/magna50/memorias/MMagna0191.pdf,Topónimo no contrastado en fuentes arqueológicas ni geológicas sobre la cuenca del Sil en Carucedo; mantenido en estado pendiente de verificación documental
gpkg:44f874e0d3404a1c13ef2b13e6ecb8ea39b189992e387651298f79c6169e0960:3654,0191019,LOS CABORCOS RIO CABRERA,LEON,Puente de Domingo Flórez,Aluvionar,aluvial,-6.79335846999993,42.41672592500004,False,coincide_si_lonlat,pos_4e77320f4ddd3910,confirmada,validada,aluvial,dep_rio_cabrera_terrazas,dist_leon_cabrera,,,100,auditoria_geologica_u3,2026-09-27,"Sánchez-Palencia, F.J. et al. (2000) Las Médulas (León), CSIC; Pérez García et al. (2000) J. Geochem. Explor. 71:225-240; IGME MAGNA 50 Hoja 191 (Ponferrada) https://info.igme.es/cartografiadigital/datos/magna50/memorias/MMagna0191.pdf",Placeres fluviales cuaternarios y terrazas del curso bajo del río Cabrera en Puente de Domingo Flórez; segregados del abanico mioceno de Las Médulas por constituir un sistema sedimentario fluvial independiente
gpkg:44f874e0d3404a1c13ef2b13e6ecb8ea39b189992e387651298f79c6169e0960:3655,0191020,RIO CABRERA EL BOQUEIRON,LEON,Puente de Domingo Flórez,Aluvionar,aluvial,-6.770759227999974,42.42340290200008,False,coincide_si_lonlat,pos_b7420d4569fa38dc,confirmada,validada,aluvial,dep_rio_cabrera_terrazas,dist_leon_cabrera,,,100,auditoria_geologica_u3,2026-09-27,"Sánchez-Palencia, F.J. et al. (2000) Las Médulas (León), CSIC; Pérez García et al. (2000) J. Geochem. Explor. 71:225-240; IGME MAGNA 50 Hoja 191 (Ponferrada) https://info.igme.es/cartografiadigital/datos/magna50/memorias/MMagna0191.pdf",Placeres fluviales cuaternarios y terrazas del curso bajo del río Cabrera en Puente de Domingo Flórez; segregados del abanico mioceno de Las Médulas por constituir un sistema sedimentario fluvial independiente
gpkg:44f874e0d3404a1c13ef2b13e6ecb8ea39b189992e387651298f79c6169e0960:3656,0191021,FERRADILLO,LEON,Priaranza del Bierzo,Aluvionar,aluvial,-6.652228855999965,42.46300127000006,False,coincide_si_lonlat,pos_3958f64d0e1b9c1e,pendiente,validada,aluvial,,,,,100,auditoria_geologica_u3,2026-09-27,IGME BDMIN inventario indicios Hoja 0191; IGME MAGNA 50 Hoja 0191 https://info.igme.es/cartografiadigital/datos/magna50/memorias/MMagna0191.pdf,Indicio 'FERRADILLO' sin laboreo minero probado o continuidad estructural contrastada en fuentes documentales; mantenido en estado pendiente sin asignar deposit_id para evitar agrupaciones por proximidad
gpkg:44f874e0d3404a1c13ef2b13e6ecb8ea39b189992e387651298f79c6169e0960:3661,0191026,MALGOTOS,ORENSE,Boborás,Aluvionar,aluvial,-6.824887300999933,42.44686651200004,False,coincide_si_lonlat,pos_01c32e6d20b00801,pendiente,validada,aluvial,,,,,100,auditoria_geologica_u3,2026-09-27,IGME BDMIN inventario indicios Hoja 0191; IGME MAGNA 50 Hoja 0191 https://info.igme.es/cartografiadigital/datos/magna50/memorias/MMagna0191.pdf,Indicio 'MALGOTOS' sin laboreo minero probado o continuidad estructural contrastada en fuentes documentales; mantenido en estado pendiente sin asignar deposit_id para evitar agrupaciones por proximidad
gpkg:44f874e0d3404a1c13ef2b13e6ecb8ea39b189992e387651298f79c6169e0960:3662,0191027,RIO SIL,ORENSE,Boborás,Aluvionar,aluvial,-6.820790387999978,42.442285964000064,False,coincide_si_lonlat,pos_3134fec8b2f4259e,pendiente,validada,aluvial,,,,,100,auditoria_geologica_u3,2026-09-27,IGME BDMIN inventario indicios Hoja 0191; IGME MAGNA 50 Hoja 0191 https://info.igme.es/cartografiadigital/datos/magna50/memorias/MMagna0191.pdf,Indicio 'RIO SIL' sin laboreo minero probado o continuidad estructural contrastada en fuentes documentales; mantenido en estado pendiente sin asignar deposit_id para evitar agrupaciones por proximidad
gpkg:44f874e0d3404a1c13ef2b13e6ecb8ea39b189992e387651298f79c6169e0960:3664,0191029,ARROYO GAROMETEIRO RIO SILVAN,LEON,Benuza,Aluvionar,aluvial,-6.681697208999935,42.34995235400004,False,coincide_si_lonlat,pos_7fdb52dc317a5fb2,pendiente,validada,aluvial,,,,,100,auditoria_geologica_u3,2026-09-27,IGME BDMIN inventario indicios Hoja 0191; IGME MAGNA 50 Hoja 0191 https://info.igme.es/cartografiadigital/datos/magna50/memorias/MMagna0191.pdf,Indicio 'ARROYO GAROMETEIRO RIO SILVAN' sin laboreo minero probado o continuidad estructural contrastada en fuentes documentales; mantenido en estado pendiente sin asignar deposit_id para evitar agrupaciones por proximidad
gpkg:44f874e0d3404a1c13ef2b13e6ecb8ea39b189992e387651298f79c6169e0960:3665,0191030,RIO BENUZA,LEON,Benuza,Aluvionar,aluvial,-6.714816231999976,42.34728542100004,False,coincide_si_lonlat,pos_53de322502b3a0eb,pendiente,validada,aluvial,,,,,100,auditoria_geologica_u3,2026-09-27,IGME BDMIN inventario indicios Hoja 0191; IGME MAGNA 50 Hoja 0191 https://info.igme.es/cartografiadigital/datos/magna50/memorias/MMagna0191.pdf,Indicio 'RIO BENUZA' sin laboreo minero probado o continuidad estructural contrastada en fuentes documentales; mantenido en estado pendiente sin asignar deposit_id para evitar agrupaciones por proximidad
gpkg:44f874e0d3404a1c13ef2b13e6ecb8ea39b189992e387651298f79c6169e0960:3666,0191031,VALDELAMINA,LEON,Benuza,Aluvionar,aluvial,-6.647539877999975,42.37059937400005,False,coincide_si_lonlat,pos_0e68412e3120e995,pendiente,validada,aluvial,,,,,100,auditoria_geologica_u3,2026-09-27,IGME BDMIN inventario indicios Hoja 0191; IGME MAGNA 50 Hoja 0191 https://info.igme.es/cartografiadigital/datos/magna50/memorias/MMagna0191.pdf,Indicio 'VALDELAMINA' sin laboreo minero probado o continuidad estructural contrastada en fuentes documentales; mantenido en estado pendiente sin asignar deposit_id para evitar agrupaciones por proximidad
gpkg:44f874e0d3404a1c13ef2b13e6ecb8ea39b189992e387651298f79c6169e0960:3667,0191032,"RIO CABRERA,Valdesadella,Casales,Vallada,Santalavilla",LEON,Benuza,Aluvionar,aluvial,-6.658667012999956,42.42080757300005,False,coincide_si_lonlat,pos_a1905dd72aa89576,pendiente,validada,aluvial,,,,,100,auditoria_geologica_u3,2026-09-27,IGME BDMIN inventario indicios Hoja 0191; IGME MAGNA 50 Hoja 0191 https://info.igme.es/cartografiadigital/datos/magna50/memorias/MMagna0191.pdf,"Indicio 'RIO CABRERA,Valdesadella,Casales,Vallada,Santalavilla' sin laboreo minero probado o continuidad estructural contrastada en fuentes documentales; mantenido en estado pendiente sin asignar deposit_id para evitar agrupaciones por proximidad"
gpkg:44f874e0d3404a1c13ef2b13e6ecb8ea39b189992e387651298f79c6169e0960:3668,0191033,RIO CABRERA Souto Castillo,LEON,Benuza,Aluvionar,aluvial,-6.692697572999975,42.41753534700007,False,coincide_si_lonlat,pos_3c3cc238a091c455,pendiente,validada,aluvial,,,,,100,auditoria_geologica_u3,2026-09-27,IGME BDMIN inventario indicios Hoja 0191; IGME MAGNA 50 Hoja 0191 https://info.igme.es/cartografiadigital/datos/magna50/memorias/MMagna0191.pdf,Indicio 'RIO CABRERA Souto Castillo' sin laboreo minero probado o continuidad estructural contrastada en fuentes documentales; mantenido en estado pendiente sin asignar deposit_id para evitar agrupaciones por proximidad
gpkg:44f874e0d3404a1c13ef2b13e6ecb8ea39b189992e387651298f79c6169e0960:3670,0191035,POMBRIEGO Las Suertes,LEON,Benuza,Aluvionar,aluvial,-6.693729792999932,42.42584113000004,False,coincide_si_lonlat,pos_423895fdae556d4c,pendiente,validada,aluvial,,,,,100,auditoria_geologica_u3,2026-09-27,IGME BDMIN inventario indicios Hoja 0191; IGME MAGNA 50 Hoja 0191 https://info.igme.es/cartografiadigital/datos/magna50/memorias/MMagna0191.pdf,Indicio 'POMBRIEGO Las Suertes' sin laboreo minero probado o continuidad estructural contrastada en fuentes documentales; mantenido en estado pendiente sin asignar deposit_id para evitar agrupaciones por proximidad
gpkg:44f874e0d3404a1c13ef2b13e6ecb8ea39b189992e387651298f79c6169e0960:3672,0191037,LAS FUENTES-A°ROZANA,LEON,Benuza,Aluvionar,aluvial,-6.688750511999956,42.44555275000005,False,coincide_si_lonlat,pos_618d855051feaeb7,pendiente,validada,aluvial,,,,,100,auditoria_geologica_u3,2026-09-27,IGME BDMIN inventario indicios Hoja 0191; IGME MAGNA 50 Hoja 0191 https://info.igme.es/cartografiadigital/datos/magna50/memorias/MMagna0191.pdf,Indicio 'LAS FUENTES-A°ROZANA' sin laboreo minero probado o continuidad estructural contrastada en fuentes documentales; mantenido en estado pendiente sin asignar deposit_id para evitar agrupaciones por proximidad
gpkg:44f874e0d3404a1c13ef2b13e6ecb8ea39b189992e387651298f79c6169e0960:3673,0191038,"RIO CABRERA,Barreiro A Olla,Valdesadela,Valdecucrillo",LEON,Benuza,Aluvionar,aluvial,-6.695605703999945,42.41777396600003,False,coincide_si_lonlat,pos_364da75fb98cc014,pendiente,validada,aluvial,,,,,100,auditoria_geologica_u3,2026-09-27,IGME BDMIN inventario indicios Hoja 0191; IGME MAGNA 50 Hoja 0191 https://info.igme.es/cartografiadigital/datos/magna50/memorias/MMagna0191.pdf,"Indicio 'RIO CABRERA,Barreiro A Olla,Valdesadela,Valdecucrillo' sin laboreo minero probado o continuidad estructural contrastada en fuentes documentales; mantenido en estado pendiente sin asignar deposit_id para evitar agrupaciones por proximidad"
gpkg:44f874e0d3404a1c13ef2b13e6ecb8ea39b189992e387651298f79c6169e0960:3674,0191039,LAS ROZANAS,LEON,Benuza,Aluvionar,aluvial,-6.720403055999952,42.42772558900003,False,coincide_si_lonlat,pos_3605f5f08f261d1c,pendiente,validada,aluvial,,,,,100,auditoria_geologica_u3,2026-09-27,IGME BDMIN inventario indicios Hoja 0191; IGME MAGNA 50 Hoja 0191 https://info.igme.es/cartografiadigital/datos/magna50/memorias/MMagna0191.pdf,Indicio 'LAS ROZANAS' sin laboreo minero probado o continuidad estructural contrastada en fuentes documentales; mantenido en estado pendiente sin asignar deposit_id para evitar agrupaciones por proximidad
gpkg:44f874e0d3404a1c13ef2b13e6ecb8ea39b189992e387651298f79c6169e0960:3678,0191043,Labores de Cantogudina,LEON,Benuza,Aluvionar,aluvial,-6.713100999999938,42.352967000000035,False,crs_tabular_desconocido,pos_a9a55f7ff435b474,pendiente,validada,aluvial,,,,,100,auditoria_geologica_u3,2026-09-27,IGME BDMIN inventario indicios Hoja 0191; IGME MAGNA 50 Hoja 0191 https://info.igme.es/cartografiadigital/datos/magna50/memorias/MMagna0191.pdf,Indicio 'Labores de Cantogudina' sin laboreo minero probado o continuidad estructural contrastada en fuentes documentales; mantenido en estado pendiente sin asignar deposit_id para evitar agrupaciones por proximidad
gpkg:44f874e0d3404a1c13ef2b13e6ecb8ea39b189992e387651298f79c6169e0960:3679,0192001,TELENO.VERTIENTE S,LEON,Truchas,Aluvionar,aluvial,-6.399091750999958,42.340465667000046,False,coincide_si_lonlat,pos_7ba4007241f5fcda,confirmada,validada,aluvial,dep_teleno,dist_leon_maragateria,,,100,auditoria_geologica_u3,2026-09-27,"Pérez García, L.C., Sánchez-Palencia, F.J. & Torres Ruiz, J. (2000) J. Geochem. Explor. 71(2):225-240 (DOI:10.1016/S0375-6742(00)00153-X); Sánchez-Palencia, F.J. (2000) Las Médulas (León): un paisaje cultural en la ""Asturia Augustana"", CSIC; IGME MAGNA 50 Hoja 192 (Lucillo) https://info.igme.es/cartografiadigital/datos/magna50/memorias/MMagna0192.pdf",Complejo de minería hidráulica romana de montaña en las laderas y crestas del Macizo del Teleno; depósitos morrénicos y derrubios de vertiente auríferos retrabajados
gpkg:44f874e0d3404a1c13ef2b13e6ecb8ea39b189992e387651298f79c6169e0960:3680,0192002,MINA DE PEDREDO,LEON,Santa Colomba de Somoza,Aluvionar,aluvial,-6.194676087999937,42.44136340100005,False,coincide_si_lonlat,pos_d5467c321f0c60d0,confirmada,validada,aluvial,dep_maragateria_pedredo,dist_leon_maragateria,,,50,auditoria_geologica_u3,2026-09-27,"Sánchez-Palencia, F.J. et al. (2000) Las Médulas (León), CSIC; IGME MAGNA 50 Hoja 192 (Lucillo) https://info.igme.es/cartografiadigital/datos/magna50/memorias/MMagna0192.pdf",Placer aluvial mioceno y corona romana de Pedredo en la cuenca de Maragatería
gpkg:44f874e0d3404a1c13ef2b13e6ecb8ea39b189992e387651298f79c6169e0960:3681,0192003,TELENO,LEON,Lucillo de Somoza,Irregular,desconocido,-6.391974525999956,42.34525683000004,False,coincide_si_lonlat,pos_45fcacbb0280b870,confirmada,validada,aluvial,dep_teleno,dist_leon_maragateria,,,100,auditoria_geologica_u3,2026-09-27,"Pérez García, L.C., Sánchez-Palencia, F.J. & Torres Ruiz, J. (2000) J. Geochem. Explor. 71(2):225-240 (DOI:10.1016/S0375-6742(00)00153-X); Sánchez-Palencia, F.J. (2000) Las Médulas (León): un paisaje cultural en la ""Asturia Augustana"", CSIC; IGME MAGNA 50 Hoja 192 (Lucillo) https://info.igme.es/cartografiadigital/datos/magna50/memorias/MMagna0192.pdf",Complejo de minería hidráulica romana de montaña en las laderas y crestas del Macizo del Teleno; depósitos morrénicos y derrubios de vertiente auríferos retrabajados
gpkg:44f874e0d3404a1c13ef2b13e6ecb8ea39b189992e387651298f79c6169e0960:3683,0192005,PORTILLINOS,LEON,Truchas,Filoniana,roca,-6.486012225999957,42.376805871000045,False,coincide_si_lonlat,pos_714a30df7a512178,pendiente,validada,roca,,,,,100,auditoria_geologica_u3,2026-09-27,IGME BDMIN inventario indicios Hoja 0192; IGME MAGNA 50 Hoja 0192 https://info.igme.es/cartografiadigital/datos/magna50/memorias/MMagna0192.pdf,Indicio 'PORTILLINOS' sin laboreo minero probado o continuidad estructural contrastada en fuentes documentales; mantenido en estado pendiente sin asignar deposit_id para evitar agrupaciones por proximidad
gpkg:44f874e0d3404a1c13ef2b13e6ecb8ea39b189992e387651298f79c6169e0960:3685,0192007,PEÑAS BLANCAS,LEON,Santa Colomba de Somoza,Filoniana,roca,-6.398403579999979,42.46877513100003,False,coincide_si_lonlat,pos_bf33a997a56364fe,pendiente,validada,roca,,,,,100,auditoria_geologica_u3,2026-09-27,IGME BDMIN inventario indicios Hoja 0192; IGME MAGNA 50 Hoja 0192 https://info.igme.es/cartografiadigital/datos/magna50/memorias/MMagna0192.pdf,Indicio 'PEÑAS BLANCAS' sin laboreo minero probado o continuidad estructural contrastada en fuentes documentales; mantenido en estado pendiente sin asignar deposit_id para evitar agrupaciones por proximidad
gpkg:44f874e0d3404a1c13ef2b13e6ecb8ea39b189992e387651298f79c6169e0960:3686,0192008,LOS CABUERCOS,LEON,Ponferrada,Filoniana,roca,-6.416428764999978,42.47116426900004,False,coincide_si_lonlat,pos_8bd07e3a94252489,pendiente,validada,roca,,,,,100,auditoria_geologica_u3,2026-09-27,IGME BDMIN inventario indicios Hoja 0192; IGME MAGNA 50 Hoja 0192 https://info.igme.es/cartografiadigital/datos/magna50/memorias/MMagna0192.pdf,Indicio 'LOS CABUERCOS' sin laboreo minero probado o continuidad estructural contrastada en fuentes documentales; mantenido en estado pendiente sin asignar deposit_id para evitar agrupaciones por proximidad
gpkg:44f874e0d3404a1c13ef2b13e6ecb8ea39b189992e387651298f79c6169e0960:3688,0192010,CEREZALES,LEON,Molinaseca,Aluvionar,aluvial,-6.4268748329999426,42.49229146000005,False,coincide_si_lonlat,pos_3f7b4039999f0eeb,pendiente,validada,aluvial,,,,,100,auditoria_geologica_u3,2026-09-27,IGME BDMIN inventario indicios Hoja 0192; IGME MAGNA 50 Hoja 0192 https://info.igme.es/cartografiadigital/datos/magna50/memorias/MMagna0192.pdf,Indicio 'CEREZALES' sin laboreo minero probado o continuidad estructural contrastada en fuentes documentales; mantenido en estado pendiente sin asignar deposit_id para evitar agrupaciones por proximidad
gpkg:44f874e0d3404a1c13ef2b13e6ecb8ea39b189992e387651298f79c6169e0960:3690,0192012,"LAS MEDULAS,LA CHANA EL MIEDALO",LEON,Ponferrada,Aluvionar,aluvial,-6.485108848999971,42.490523145000054,False,coincide_si_lonlat,pos_32e5da5a612ce144,pendiente,validada,aluvial,,,,,100,auditoria_geologica_u3,2026-09-27,IGME BDMIN inventario indicios Hoja 0192; IGME MAGNA 50 Hoja 0192 https://info.igme.es/cartografiadigital/datos/magna50/memorias/MMagna0192.pdf,"Indicio 'LAS MEDULAS,LA CHANA EL MIEDALO' sin laboreo minero probado o continuidad estructural contrastada en fuentes documentales; mantenido en estado pendiente sin asignar deposit_id para evitar agrupaciones por proximidad"
gpkg:44f874e0d3404a1c13ef2b13e6ecb8ea39b189992e387651298f79c6169e0960:3691,0192013,LOS CHANOS,LEON,Santa Colomba de Somoza,Filoniana,roca,-6.286129461999963,42.45203175200004,False,coincide_si_lonlat,pos_36d022863b527799,pendiente,validada,roca,,,,,100,auditoria_geologica_u3,2026-09-27,IGME BDMIN inventario indicios Hoja 0192; IGME MAGNA 50 Hoja 0192 https://info.igme.es/cartografiadigital/datos/magna50/memorias/MMagna0192.pdf,Indicio 'LOS CHANOS' sin laboreo minero probado o continuidad estructural contrastada en fuentes documentales; mantenido en estado pendiente sin asignar deposit_id para evitar agrupaciones por proximidad
gpkg:44f874e0d3404a1c13ef2b13e6ecb8ea39b189992e387651298f79c6169e0960:3692,0192014,LAS CABAÑAS EL PONTON,LEON,Santa Colomba de Somoza,Filoniana,roca,-6.301227898999969,42.465716127000064,False,coincide_si_lonlat,pos_599350a7c719e82c,confirmada,validada,roca,dep_cabuercas_somoza,dist_leon_maragateria,,,50,auditoria_geologica_u3,2026-09-27,"Domergue, C. (1990) Les mines d'or romaines; IGME MAGNA 50 Hoja 192 (Lucillo) https://info.igme.es/cartografiadigital/datos/magna50/memorias/MMagna0192.pdf","Trincheras y zanjas mineras romanas (""cabuercas"") sobre filones de cuarzo aurífero encajados en cuarcitas y pizarras de Santa Colomba de Somoza"
gpkg:44f874e0d3404a1c13ef2b13e6ecb8ea39b189992e387651298f79c6169e0960:3693,0192015,CABUERCA LA CARRIZA,LEON,Santa Colomba de Somoza,Filoniana,roca,-6.305168046999938,42.467429829000025,False,coincide_si_lonlat,pos_0452300e03b78c4f,confirmada,validada,roca,dep_cabuercas_somoza,dist_leon_maragateria,,,50,auditoria_geologica_u3,2026-09-27,"Domergue, C. (1990) Les mines d'or romaines; IGME MAGNA 50 Hoja 192 (Lucillo) https://info.igme.es/cartografiadigital/datos/magna50/memorias/MMagna0192.pdf","Trincheras y zanjas mineras romanas (""cabuercas"") sobre filones de cuarzo aurífero encajados en cuarcitas y pizarras de Santa Colomba de Somoza"
gpkg:44f874e0d3404a1c13ef2b13e6ecb8ea39b189992e387651298f79c6169e0960:3694,0192016,CABUERCAS EL CORRAL Y LA FERRERA,LEON,Santa Colomba de Somoza,Filoniana,roca,-6.334179208999956,42.465947535000055,False,coincide_si_lonlat,pos_e8ff4d14c9081003,confirmada,validada,roca,dep_cabuercas_somoza,dist_leon_maragateria,,,50,auditoria_geologica_u3,2026-09-27,"Domergue, C. (1990) Les mines d'or romaines; IGME MAGNA 50 Hoja 192 (Lucillo) https://info.igme.es/cartografiadigital/datos/magna50/memorias/MMagna0192.pdf","Trincheras y zanjas mineras romanas (""cabuercas"") sobre filones de cuarzo aurífero encajados en cuarcitas y pizarras de Santa Colomba de Somoza"
gpkg:44f874e0d3404a1c13ef2b13e6ecb8ea39b189992e387651298f79c6169e0960:3695,0192017,CABUERCA SANTA,LEON,Santa Colomba de Somoza,Filoniana,roca,-6.3517980269999725,42.46347461900007,False,coincide_si_lonlat,pos_adbc6df17749a941,confirmada,validada,roca,dep_cabuercas_somoza,dist_leon_maragateria,,,50,auditoria_geologica_u3,2026-09-27,"Domergue, C. (1990) Les mines d'or romaines; IGME MAGNA 50 Hoja 192 (Lucillo) https://info.igme.es/cartografiadigital/datos/magna50/memorias/MMagna0192.pdf","Trincheras y zanjas mineras romanas (""cabuercas"") sobre filones de cuarzo aurífero encajados en cuarcitas y pizarras de Santa Colomba de Somoza"
gpkg:44f874e0d3404a1c13ef2b13e6ecb8ea39b189992e387651298f79c6169e0960:3696,0192018,CABUERCA EL BUSTILLO,LEON,Santa Colomba de Somoza,Filoniana,roca,-6.342798725999955,42.46632794000004,False,coincide_si_lonlat,pos_0f0eca93ab794a70,confirmada,validada,roca,dep_cabuercas_somoza,dist_leon_maragateria,,,50,auditoria_geologica_u3,2026-09-27,"Domergue, C. (1990) Les mines d'or romaines; IGME MAGNA 50 Hoja 192 (Lucillo) https://info.igme.es/cartografiadigital/datos/magna50/memorias/MMagna0192.pdf","Trincheras y zanjas mineras romanas (""cabuercas"") sobre filones de cuarzo aurífero encajados en cuarcitas y pizarras de Santa Colomba de Somoza"
gpkg:44f874e0d3404a1c13ef2b13e6ecb8ea39b189992e387651298f79c6169e0960:3697,0192019,PEÑA TRAPA,LEON,Santa Colomba de Somoza,Desconocida,desconocido,-6.306647117999944,42.475479188000065,False,coincide_si_lonlat,pos_f85c52fd2225afc9,pendiente,validada,desconocido,,,,,100,auditoria_geologica_u3,2026-09-27,IGME BDMIN inventario indicios Hoja 0192; IGME MAGNA 50 Hoja 0192 https://info.igme.es/cartografiadigital/datos/magna50/memorias/MMagna0192.pdf,Indicio 'PEÑA TRAPA' sin laboreo minero probado o continuidad estructural contrastada en fuentes documentales; mantenido en estado pendiente sin asignar deposit_id para evitar agrupaciones por proximidad
gpkg:44f874e0d3404a1c13ef2b13e6ecb8ea39b189992e387651298f79c6169e0960:3700,0192022,LAS MORACERAS. RIO DUERNA,LEON,Luyego,Aluvionar,aluvial,-6.224185398999964,42.34023377700004,False,coincide_si_lonlat,pos_8b2d6954897b9b1a,confirmada,validada,aluvial,dep_maragateria_pedredo,dist_leon_maragateria,,,50,auditoria_geologica_u3,2026-09-27,"Sánchez-Palencia, F.J. et al. (2000) Las Médulas (León), CSIC; IGME MAGNA 50 Hoja 192 (Lucillo) https://info.igme.es/cartografiadigital/datos/magna50/memorias/MMagna0192.pdf",Placer aluvial mioceno y corona romana de Pedredo en la cuenca de Maragatería
gpkg:44f874e0d3404a1c13ef2b13e6ecb8ea39b189992e387651298f79c6169e0960:3701,0192023,FUCO CHICO-PIOZADERA RIO DUERNA,LEON,Luyego,Aluvionar,aluvial,-6.249469610999938,42.364437370000076,False,coincide_si_lonlat,pos_aa59fc4d44716bca,confirmada,validada,aluvial,dep_maragateria_pedredo,dist_leon_maragateria,,,50,auditoria_geologica_u3,2026-09-27,"Sánchez-Palencia, F.J. et al. (2000) Las Médulas (León), CSIC; IGME MAGNA 50 Hoja 192 (Lucillo) https://info.igme.es/cartografiadigital/datos/magna50/memorias/MMagna0192.pdf",Placer aluvial mioceno y corona romana de Pedredo en la cuenca de Maragatería
gpkg:44f874e0d3404a1c13ef2b13e6ecb8ea39b189992e387651298f79c6169e0960:3702,0192024,SANTA MARINA,LEON,Santa Colomba de Somoza,Irregular,desconocido,-6.281003140999928,42.46370689400004,False,coincide_si_lonlat,pos_e54416571140ffe0,pendiente,validada,desconocido,,,,,100,auditoria_geologica_u3,2026-09-27,IGME BDMIN inventario indicios Hoja 0192; IGME MAGNA 50 Hoja 0192 https://info.igme.es/cartografiadigital/datos/magna50/memorias/MMagna0192.pdf,Indicio 'SANTA MARINA' sin laboreo minero probado o continuidad estructural contrastada en fuentes documentales; mantenido en estado pendiente sin asignar deposit_id para evitar agrupaciones por proximidad
gpkg:44f874e0d3404a1c13ef2b13e6ecb8ea39b189992e387651298f79c6169e0960:3703,0192025,RIO DUERNA LA CHANA - FILIEL,LEON,Lucillo de Somoza,Aluvionar,aluvial,-6.347504662999938,42.38656081800008,False,coincide_si_lonlat,pos_0b424ccf46e8323a,pendiente,validada,aluvial,,,,,100,auditoria_geologica_u3,2026-09-27,IGME BDMIN inventario indicios Hoja 0192; IGME MAGNA 50 Hoja 0192 https://info.igme.es/cartografiadigital/datos/magna50/memorias/MMagna0192.pdf,Indicio 'RIO DUERNA LA CHANA - FILIEL' sin laboreo minero probado o continuidad estructural contrastada en fuentes documentales; mantenido en estado pendiente sin asignar deposit_id para evitar agrupaciones por proximidad
gpkg:44f874e0d3404a1c13ef2b13e6ecb8ea39b189992e387651298f79c6169e0960:3704,0192026,FILIEL,LEON,Lucillo de Somoza,Aluvionar,aluvial,-6.322295697999948,42.379490565000026,False,coincide_si_lonlat,pos_ee144220b2d04118,pendiente,validada,aluvial,,,,,100,auditoria_geologica_u3,2026-09-27,IGME BDMIN inventario indicios Hoja 0192; IGME MAGNA 50 Hoja 0192 https://info.igme.es/cartografiadigital/datos/magna50/memorias/MMagna0192.pdf,Indicio 'FILIEL' sin laboreo minero probado o continuidad estructural contrastada en fuentes documentales; mantenido en estado pendiente sin asignar deposit_id para evitar agrupaciones por proximidad
gpkg:44f874e0d3404a1c13ef2b13e6ecb8ea39b189992e387651298f79c6169e0960:3705,0192027,TELENO,LEON,Lucillo de Somoza,Aluvionar,aluvial,-6.388211344999945,42.35111463100003,False,coincide_si_lonlat,pos_e2af53bf7d1d4468,confirmada,validada,aluvial,dep_teleno,dist_leon_maragateria,,,100,auditoria_geologica_u3,2026-09-27,"Pérez García, L.C., Sánchez-Palencia, F.J. & Torres Ruiz, J. (2000) J. Geochem. Explor. 71(2):225-240 (DOI:10.1016/S0375-6742(00)00153-X); Sánchez-Palencia, F.J. (2000) Las Médulas (León): un paisaje cultural en la ""Asturia Augustana"", CSIC; IGME MAGNA 50 Hoja 192 (Lucillo) https://info.igme.es/cartografiadigital/datos/magna50/memorias/MMagna0192.pdf",Complejo de minería hidráulica romana de montaña en las laderas y crestas del Macizo del Teleno; depósitos morrénicos y derrubios de vertiente auríferos retrabajados
gpkg:44f874e0d3404a1c13ef2b13e6ecb8ea39b189992e387651298f79c6169e0960:3706,0192028,TESO REDONDO La Presa,LEON,Lucillo de Somoza,Aluvionar,aluvial,-6.333162622999964,42.343722943000046,False,coincide_si_lonlat,pos_942509550f5bd968,pendiente,validada,aluvial,,,,,100,auditoria_geologica_u3,2026-09-27,IGME BDMIN inventario indicios Hoja 0192; IGME MAGNA 50 Hoja 0192 https://info.igme.es/cartografiadigital/datos/magna50/memorias/MMagna0192.pdf,Indicio 'TESO REDONDO La Presa' sin laboreo minero probado o continuidad estructural contrastada en fuentes documentales; mantenido en estado pendiente sin asignar deposit_id para evitar agrupaciones por proximidad
gpkg:44f874e0d3404a1c13ef2b13e6ecb8ea39b189992e387651298f79c6169e0960:3707,0192029,LAS FUCARONAS,LEON,Brazuelo,Aluvionar,aluvial,-6.252609002999975,42.47887825500004,False,coincide_si_lonlat,pos_92ecba2aa30ba68b,pendiente,validada,aluvial,,,,,100,auditoria_geologica_u3,2026-09-27,IGME BDMIN inventario indicios Hoja 0192; IGME MAGNA 50 Hoja 0192 https://info.igme.es/cartografiadigital/datos/magna50/memorias/MMagna0192.pdf,Indicio 'LAS FUCARONAS' sin laboreo minero probado o continuidad estructural contrastada en fuentes documentales; mantenido en estado pendiente sin asignar deposit_id para evitar agrupaciones por proximidad
gpkg:44f874e0d3404a1c13ef2b13e6ecb8ea39b189992e387651298f79c6169e0960:3708,0192030,EL GANSO,LEON,Brazuelo,Aluvionar,aluvial,-6.22885094399993,42.46867039500006,False,coincide_si_lonlat,pos_9756c7e8899ed2a9,pendiente,validada,aluvial,,,,,100,auditoria_geologica_u3,2026-09-27,IGME BDMIN inventario indicios Hoja 0192; IGME MAGNA 50 Hoja 0192 https://info.igme.es/cartografiadigital/datos/magna50/memorias/MMagna0192.pdf,Indicio 'EL GANSO' sin laboreo minero probado o continuidad estructural contrastada en fuentes documentales; mantenido en estado pendiente sin asignar deposit_id para evitar agrupaciones por proximidad
gpkg:44f874e0d3404a1c13ef2b13e6ecb8ea39b189992e387651298f79c6169e0960:3709,0192031,"SANTA COLOMBA,RABANAL Y SANTA MARINA.LAGUNA CERNEA",LEON,Santa Colomba de Somoza,Aluvionar,aluvial,-6.2458625819999725,42.452421307000066,False,coincide_si_lonlat,pos_acebeb5ccd56f8c7,pendiente,validada,aluvial,,,,,100,auditoria_geologica_u3,2026-09-27,IGME BDMIN inventario indicios Hoja 0192; IGME MAGNA 50 Hoja 0192 https://info.igme.es/cartografiadigital/datos/magna50/memorias/MMagna0192.pdf,"Indicio 'SANTA COLOMBA,RABANAL Y SANTA MARINA.LAGUNA CERNEA' sin laboreo minero probado o continuidad estructural contrastada en fuentes documentales; mantenido en estado pendiente sin asignar deposit_id para evitar agrupaciones por proximidad"
gpkg:44f874e0d3404a1c13ef2b13e6ecb8ea39b189992e387651298f79c6169e0960:3710,0192032,TESO REDONDO,LEON,Santa Colomba de Somoza,Aluvionar,aluvial,-6.237259922999954,42.41853490500006,False,coincide_si_lonlat,pos_26fc7b240bd1dfde,pendiente,validada,aluvial,,,,,100,auditoria_geologica_u3,2026-09-27,IGME BDMIN inventario indicios Hoja 0192; IGME MAGNA 50 Hoja 0192 https://info.igme.es/cartografiadigital/datos/magna50/memorias/MMagna0192.pdf,Indicio 'TESO REDONDO' sin laboreo minero probado o continuidad estructural contrastada en fuentes documentales; mantenido en estado pendiente sin asignar deposit_id para evitar agrupaciones por proximidad
gpkg:44f874e0d3404a1c13ef2b13e6ecb8ea39b189992e387651298f79c6169e0960:3711,0192033,LAS MEDULAS-PEDREDO,LEON,Santa Colomba de Somoza,Aluvionar,aluvial,-6.20765496599995,42.442040776000056,False,coincide_si_lonlat,pos_ae0df145fbdbcba4,confirmada,validada,aluvial,dep_maragateria_pedredo,dist_leon_maragateria,,,50,auditoria_geologica_u3,2026-09-27,"Sánchez-Palencia, F.J. et al. (2000) Las Médulas (León), CSIC; IGME MAGNA 50 Hoja 192 (Lucillo) https://info.igme.es/cartografiadigital/datos/magna50/memorias/MMagna0192.pdf",Placer aluvial mioceno y corona romana de Pedredo en la cuenca de Maragatería
gpkg:44f874e0d3404a1c13ef2b13e6ecb8ea39b189992e387651298f79c6169e0960:3713,0192035,CUCHILLINES,LEON,Santa Colomba de Somoza,Filoniana,roca,-6.300091042999952,42.472353129000055,False,coincide_si_lonlat,pos_e79719035b569b3b,pendiente,validada,roca,,,,,100,auditoria_geologica_u3,2026-09-27,IGME BDMIN inventario indicios Hoja 0192; IGME MAGNA 50 Hoja 0192 https://info.igme.es/cartografiadigital/datos/magna50/memorias/MMagna0192.pdf,Indicio 'CUCHILLINES' sin laboreo minero probado o continuidad estructural contrastada en fuentes documentales; mantenido en estado pendiente sin asignar deposit_id para evitar agrupaciones por proximidad
gpkg:44f874e0d3404a1c13ef2b13e6ecb8ea39b189992e387651298f79c6169e0960:3714,0192036,VALDERIEGO,LEON,Santa Colomba de Somoza,Aluvionar,aluvial,-6.29441077599995,42.471498670000074,False,coincide_si_lonlat,pos_5f27f11f14029977,pendiente,validada,aluvial,,,,,100,auditoria_geologica_u3,2026-09-27,IGME BDMIN inventario indicios Hoja 0192; IGME MAGNA 50 Hoja 0192 https://info.igme.es/cartografiadigital/datos/magna50/memorias/MMagna0192.pdf,Indicio 'VALDERIEGO' sin laboreo minero probado o continuidad estructural contrastada en fuentes documentales; mantenido en estado pendiente sin asignar deposit_id para evitar agrupaciones por proximidad
gpkg:44f874e0d3404a1c13ef2b13e6ecb8ea39b189992e387651298f79c6169e0960:3715,0192037,CABUERCA EL AGUA CUEVAS DEL ABEDUL,LEON,Santa Colomba de Somoza,Filoniana,roca,-6.313816595999981,42.469974335000074,False,coincide_si_lonlat,pos_38f479613c6dec22,pendiente,validada,roca,,,,,100,auditoria_geologica_u3,2026-09-27,IGME BDMIN inventario indicios Hoja 0192; IGME MAGNA 50 Hoja 0192 https://info.igme.es/cartografiadigital/datos/magna50/memorias/MMagna0192.pdf,Indicio 'CABUERCA EL AGUA CUEVAS DEL ABEDUL' sin laboreo minero probado o continuidad estructural contrastada en fuentes documentales; mantenido en estado pendiente sin asignar deposit_id para evitar agrupaciones por proximidad
gpkg:44f874e0d3404a1c13ef2b13e6ecb8ea39b189992e387651298f79c6169e0960:3716,0192038,CABUERCA LA CUCA CORTA DEL ROMANO,LEON,Santa Colomba de Somoza,Filoniana,roca,-6.319667079999931,42.47254279100008,False,coincide_si_lonlat,pos_3c4bbec44dd71c3b,pendiente,validada,roca,,,,,100,auditoria_geologica_u3,2026-09-27,IGME BDMIN inventario indicios Hoja 0192; IGME MAGNA 50 Hoja 0192 https://info.igme.es/cartografiadigital/datos/magna50/memorias/MMagna0192.pdf,Indicio 'CABUERCA LA CUCA CORTA DEL ROMANO' sin laboreo minero probado o continuidad estructural contrastada en fuentes documentales; mantenido en estado pendiente sin asignar deposit_id para evitar agrupaciones por proximidad
gpkg:44f874e0d3404a1c13ef2b13e6ecb8ea39b189992e387651298f79c6169e0960:3717,0192039,CABUERCA DE VIDOLEA,LEON,Santa Colomba de Somoza,Filoniana,roca,-6.323577368999963,42.466420689000074,False,coincide_si_lonlat,pos_65f61a955228f57d,pendiente,validada,roca,,,,,100,auditoria_geologica_u3,2026-09-27,IGME BDMIN inventario indicios Hoja 0192; IGME MAGNA 50 Hoja 0192 https://info.igme.es/cartografiadigital/datos/magna50/memorias/MMagna0192.pdf,Indicio 'CABUERCA DE VIDOLEA' sin laboreo minero probado o continuidad estructural contrastada en fuentes documentales; mantenido en estado pendiente sin asignar deposit_id para evitar agrupaciones por proximidad
gpkg:44f874e0d3404a1c13ef2b13e6ecb8ea39b189992e387651298f79c6169e0960:3718,0192040,RABANAL DEL CAMINO,LEON,Santa Colomba de Somoza,Irregular,desconocido,-6.3091759949999755,42.487425391000045,False,coincide_si_lonlat,pos_1039fcb35803aac9,pendiente,validada,desconocido,,,,,100,auditoria_geologica_u3,2026-09-27,IGME BDMIN inventario indicios Hoja 0192; IGME MAGNA 50 Hoja 0192 https://info.igme.es/cartografiadigital/datos/magna50/memorias/MMagna0192.pdf,Indicio 'RABANAL DEL CAMINO' sin laboreo minero probado o continuidad estructural contrastada en fuentes documentales; mantenido en estado pendiente sin asignar deposit_id para evitar agrupaciones por proximidad
gpkg:44f874e0d3404a1c13ef2b13e6ecb8ea39b189992e387651298f79c6169e0960:3719,0192041,LAS GRAÑAS,LEON,Santa Colomba de Somoza,Irregular,desconocido,-6.366431585999976,42.44805295200007,False,coincide_si_lonlat,pos_535e214757715a07,pendiente,validada,desconocido,,,,,100,auditoria_geologica_u3,2026-09-27,IGME BDMIN inventario indicios Hoja 0192; IGME MAGNA 50 Hoja 0192 https://info.igme.es/cartografiadigital/datos/magna50/memorias/MMagna0192.pdf,Indicio 'LAS GRAÑAS' sin laboreo minero probado o continuidad estructural contrastada en fuentes documentales; mantenido en estado pendiente sin asignar deposit_id para evitar agrupaciones por proximidad
gpkg:44f874e0d3404a1c13ef2b13e6ecb8ea39b189992e387651298f79c6169e0960:3720,0192042,LOS CASCALLALES,LEON,Santa Colomba de Somoza,Filoniana,roca,-6.376873646999968,42.45423598900004,False,coincide_si_lonlat,pos_32425cd76b4fc639,pendiente,validada,roca,,,,,100,auditoria_geologica_u3,2026-09-27,IGME BDMIN inventario indicios Hoja 0192; IGME MAGNA 50 Hoja 0192 https://info.igme.es/cartografiadigital/datos/magna50/memorias/MMagna0192.pdf,Indicio 'LOS CASCALLALES' sin laboreo minero probado o continuidad estructural contrastada en fuentes documentales; mantenido en estado pendiente sin asignar deposit_id para evitar agrupaciones por proximidad
gpkg:44f874e0d3404a1c13ef2b13e6ecb8ea39b189992e387651298f79c6169e0960:3721,0192043,CABUERCAS DE VALDEFRANCOS Y LA CHARCA.,LEON,Santa Colomba de Somoza,Filoniana,roca,-6.366589310999927,42.470389426000054,False,coincide_si_lonlat,pos_9a4d472b92f3531a,pendiente,validada,roca,,,,,100,auditoria_geologica_u3,2026-09-27,IGME BDMIN inventario indicios Hoja 0192; IGME MAGNA 50 Hoja 0192 https://info.igme.es/cartografiadigital/datos/magna50/memorias/MMagna0192.pdf,Indicio 'CABUERCAS DE VALDEFRANCOS Y LA CHARCA.' sin laboreo minero probado o continuidad estructural contrastada en fuentes documentales; mantenido en estado pendiente sin asignar deposit_id para evitar agrupaciones por proximidad
gpkg:44f874e0d3404a1c13ef2b13e6ecb8ea39b189992e387651298f79c6169e0960:3722,0192044,LA CABUERCONA,LEON,Santa Colomba de Somoza,Filoniana,roca,-6.37106106799996,42.465269154000055,False,coincide_si_lonlat,pos_4f480a3f72047125,pendiente,validada,roca,,,,,100,auditoria_geologica_u3,2026-09-27,IGME BDMIN inventario indicios Hoja 0192; IGME MAGNA 50 Hoja 0192 https://info.igme.es/cartografiadigital/datos/magna50/memorias/MMagna0192.pdf,Indicio 'LA CABUERCONA' sin laboreo minero probado o continuidad estructural contrastada en fuentes documentales; mantenido en estado pendiente sin asignar deposit_id para evitar agrupaciones por proximidad
gpkg:44f874e0d3404a1c13ef2b13e6ecb8ea39b189992e387651298f79c6169e0960:3723,0192045,FONCEBADON,LEON,Santa Colomba de Somoza,Irregular,desconocido,-6.350472643999979,42.491990283000064,False,coincide_si_lonlat,pos_b690873b979dfd8c,pendiente,validada,desconocido,,,,,100,auditoria_geologica_u3,2026-09-27,IGME BDMIN inventario indicios Hoja 0192; IGME MAGNA 50 Hoja 0192 https://info.igme.es/cartografiadigital/datos/magna50/memorias/MMagna0192.pdf,Indicio 'FONCEBADON' sin laboreo minero probado o continuidad estructural contrastada en fuentes documentales; mantenido en estado pendiente sin asignar deposit_id para evitar agrupaciones por proximidad
gpkg:44f874e0d3404a1c13ef2b13e6ecb8ea39b189992e387651298f79c6169e0960:3724,0192046,ARROYO DE LA VEIGA,LEON,Brazuelo,Aluvionar,aluvial,-6.229830924999931,42.48229177800005,False,coincide_si_lonlat,pos_a8810768ba14ad6e,pendiente,validada,aluvial,,,,,100,auditoria_geologica_u3,2026-09-27,IGME BDMIN inventario indicios Hoja 0192; IGME MAGNA 50 Hoja 0192 https://info.igme.es/cartografiadigital/datos/magna50/memorias/MMagna0192.pdf,Indicio 'ARROYO DE LA VEIGA' sin laboreo minero probado o continuidad estructural contrastada en fuentes documentales; mantenido en estado pendiente sin asignar deposit_id para evitar agrupaciones por proximidad
gpkg:44f874e0d3404a1c13ef2b13e6ecb8ea39b189992e387651298f79c6169e0960:3725,0192047,ARROYO DE JERGA LAGUAN DE VALSECO,LEON,Brazuelo,Aluvionar,aluvial,-6.205037923999953,42.48718245200007,False,coincide_si_lonlat,pos_112436e61a7158a0,pendiente,validada,aluvial,,,,,100,auditoria_geologica_u3,2026-09-27,IGME BDMIN inventario indicios Hoja 0192; IGME MAGNA 50 Hoja 0192 https://info.igme.es/cartografiadigital/datos/magna50/memorias/MMagna0192.pdf,Indicio 'ARROYO DE JERGA LAGUAN DE VALSECO' sin laboreo minero probado o continuidad estructural contrastada en fuentes documentales; mantenido en estado pendiente sin asignar deposit_id para evitar agrupaciones por proximidad
gpkg:44f874e0d3404a1c13ef2b13e6ecb8ea39b189992e387651298f79c6169e0960:3726,0192048,LAS FRAGUAS,LEON,Lucillo de Somoza,Aluvionar,aluvial,-6.410172281999962,42.41050780100005,False,coincide_si_lonlat,pos_af5f38f3118eba3a,pendiente,validada,aluvial,,,,,100,auditoria_geologica_u3,2026-09-27,IGME BDMIN inventario indicios Hoja 0192; IGME MAGNA 50 Hoja 0192 https://info.igme.es/cartografiadigital/datos/magna50/memorias/MMagna0192.pdf,Indicio 'LAS FRAGUAS' sin laboreo minero probado o continuidad estructural contrastada en fuentes documentales; mantenido en estado pendiente sin asignar deposit_id para evitar agrupaciones por proximidad
gpkg:44f874e0d3404a1c13ef2b13e6ecb8ea39b189992e387651298f79c6169e0960:3727,0192049,CARRILUEGO,LEON,Brazuelo,Aluvionar,aluvial,-6.191545595999969,42.49504694500007,False,coincide_si_lonlat,pos_c46f6433209914e9,pendiente,validada,aluvial,,,,,100,auditoria_geologica_u3,2026-09-27,IGME BDMIN inventario indicios Hoja 0192; IGME MAGNA 50 Hoja 0192 https://info.igme.es/cartografiadigital/datos/magna50/memorias/MMagna0192.pdf,Indicio 'CARRILUEGO' sin laboreo minero probado o continuidad estructural contrastada en fuentes documentales; mantenido en estado pendiente sin asignar deposit_id para evitar agrupaciones por proximidad
gpkg:44f874e0d3404a1c13ef2b13e6ecb8ea39b189992e387651298f79c6169e0960:3728,0192050,EL CABRITO AoPeña Bellosta,LEON,Lucillo de Somoza,Aluvionar,aluvial,-6.395757423999953,42.37415989200008,False,coincide_si_lonlat,pos_950668fc9435cebb,pendiente,validada,aluvial,,,,,100,auditoria_geologica_u3,2026-09-27,IGME BDMIN inventario indicios Hoja 0192; IGME MAGNA 50 Hoja 0192 https://info.igme.es/cartografiadigital/datos/magna50/memorias/MMagna0192.pdf,Indicio 'EL CABRITO AoPeña Bellosta' sin laboreo minero probado o continuidad estructural contrastada en fuentes documentales; mantenido en estado pendiente sin asignar deposit_id para evitar agrupaciones por proximidad
gpkg:44f874e0d3404a1c13ef2b13e6ecb8ea39b189992e387651298f79c6169e0960:3730,0192052,MINAS DEL CODESAL,LEON,Lucillo de Somoza,Irregular,desconocido,-6.395430728999941,42.387930563000054,False,coincide_si_lonlat,pos_adb88b70a5cfbab7,pendiente,validada,desconocido,,,,,100,auditoria_geologica_u3,2026-09-27,IGME BDMIN inventario indicios Hoja 0192; IGME MAGNA 50 Hoja 0192 https://info.igme.es/cartografiadigital/datos/magna50/memorias/MMagna0192.pdf,Indicio 'MINAS DEL CODESAL' sin laboreo minero probado o continuidad estructural contrastada en fuentes documentales; mantenido en estado pendiente sin asignar deposit_id para evitar agrupaciones por proximidad
gpkg:44f874e0d3404a1c13ef2b13e6ecb8ea39b189992e387651298f79c6169e0960:3731,0192053,SAN ROMAN,LEON,Lucillo de Somoza,Lentejonar,desconocido,-6.3944328309999605,42.39736342200007,False,coincide_si_lonlat,pos_9dee43c38d2b915f,pendiente,validada,desconocido,,,,,100,auditoria_geologica_u3,2026-09-27,IGME BDMIN inventario indicios Hoja 0192; IGME MAGNA 50 Hoja 0192 https://info.igme.es/cartografiadigital/datos/magna50/memorias/MMagna0192.pdf,Indicio 'SAN ROMAN' sin laboreo minero probado o continuidad estructural contrastada en fuentes documentales; mantenido en estado pendiente sin asignar deposit_id para evitar agrupaciones por proximidad
gpkg:44f874e0d3404a1c13ef2b13e6ecb8ea39b189992e387651298f79c6169e0960:3732,0192054,VILLAR DE CIERVOS,LEON,Santa Colomba de Somoza,Irregular,desconocido,-6.30490513899997,42.43671606800007,False,coincide_si_lonlat,pos_6e543b036de3c84c,pendiente,validada,desconocido,,,,,100,auditoria_geologica_u3,2026-09-27,IGME BDMIN inventario indicios Hoja 0192; IGME MAGNA 50 Hoja 0192 https://info.igme.es/cartografiadigital/datos/magna50/memorias/MMagna0192.pdf,Indicio 'VILLAR DE CIERVOS' sin laboreo minero probado o continuidad estructural contrastada en fuentes documentales; mantenido en estado pendiente sin asignar deposit_id para evitar agrupaciones por proximidad
gpkg:44f874e0d3404a1c13ef2b13e6ecb8ea39b189992e387651298f79c6169e0960:3733,0192055,LUYEGO,LEON,Luyego,Filoniana,roca,-6.23536471999995,42.37040148600005,False,coincide_si_lonlat,pos_41d572b4b6a7d75b,pendiente,validada,roca,,,,,100,auditoria_geologica_u3,2026-09-27,IGME BDMIN inventario indicios Hoja 0192; IGME MAGNA 50 Hoja 0192 https://info.igme.es/cartografiadigital/datos/magna50/memorias/MMagna0192.pdf,Indicio 'LUYEGO' sin laboreo minero probado o continuidad estructural contrastada en fuentes documentales; mantenido en estado pendiente sin asignar deposit_id para evitar agrupaciones por proximidad
gpkg:44f874e0d3404a1c13ef2b13e6ecb8ea39b189992e387651298f79c6169e0960:3736,0192058,LOS CABUERCOS,LEON,Luyego,Filoniana,roca,-6.26936047199996,42.39859275400005,False,coincide_si_lonlat,pos_ae36764cc51465c2,pendiente,validada,roca,,,,,100,auditoria_geologica_u3,2026-09-27,IGME BDMIN inventario indicios Hoja 0192; IGME MAGNA 50 Hoja 0192 https://info.igme.es/cartografiadigital/datos/magna50/memorias/MMagna0192.pdf,Indicio 'LOS CABUERCOS' sin laboreo minero probado o continuidad estructural contrastada en fuentes documentales; mantenido en estado pendiente sin asignar deposit_id para evitar agrupaciones por proximidad
gpkg:44f874e0d3404a1c13ef2b13e6ecb8ea39b189992e387651298f79c6169e0960:3738,0192060,RIO DUERNA,LEON,Luyego,Aluvionar,aluvial,-6.27339675199994,42.358705703000055,False,coincide_si_lonlat,pos_2a241f0ef14bd8bd,pendiente,validada,aluvial,,,,,100,auditoria_geologica_u3,2026-09-27,IGME BDMIN inventario indicios Hoja 0192; IGME MAGNA 50 Hoja 0192 https://info.igme.es/cartografiadigital/datos/magna50/memorias/MMagna0192.pdf,Indicio 'RIO DUERNA' sin laboreo minero probado o continuidad estructural contrastada en fuentes documentales; mantenido en estado pendiente sin asignar deposit_id para evitar agrupaciones por proximidad
gpkg:44f874e0d3404a1c13ef2b13e6ecb8ea39b189992e387651298f79c6169e0960:3739,0192061,RIO DUERNA,LEON,Lucillo de Somoza,Aluvionar,aluvial,-6.308167828999956,42.371865212000046,False,coincide_si_lonlat,pos_057c0390077fddf8,pendiente,validada,aluvial,,,,,100,auditoria_geologica_u3,2026-09-27,IGME BDMIN inventario indicios Hoja 0192; IGME MAGNA 50 Hoja 0192 https://info.igme.es/cartografiadigital/datos/magna50/memorias/MMagna0192.pdf,Indicio 'RIO DUERNA' sin laboreo minero probado o continuidad estructural contrastada en fuentes documentales; mantenido en estado pendiente sin asignar deposit_id para evitar agrupaciones por proximidad
gpkg:44f874e0d3404a1c13ef2b13e6ecb8ea39b189992e387651298f79c6169e0960:3740,0192062,RIO DUERNA,LEON,Luyego,Aluvionar,aluvial,-6.200586445999932,42.34137052600005,False,coincide_si_lonlat,pos_e306b3caeee0a895,pendiente,validada,aluvial,,,,,100,auditoria_geologica_u3,2026-09-27,IGME BDMIN inventario indicios Hoja 0192; IGME MAGNA 50 Hoja 0192 https://info.igme.es/cartografiadigital/datos/magna50/memorias/MMagna0192.pdf,Indicio 'RIO DUERNA' sin laboreo minero probado o continuidad estructural contrastada en fuentes documentales; mantenido en estado pendiente sin asignar deposit_id para evitar agrupaciones por proximidad
gpkg:44f874e0d3404a1c13ef2b13e6ecb8ea39b189992e387651298f79c6169e0960:3741,0192063,RIO DUERNA La Barrera. Los Castellones,LEON,Luyego,Aluvionar,aluvial,-6.253705240999977,42.34526777000008,False,coincide_si_lonlat,pos_e503ef186778d428,pendiente,validada,aluvial,,,,,100,auditoria_geologica_u3,2026-09-27,IGME BDMIN inventario indicios Hoja 0192; IGME MAGNA 50 Hoja 0192 https://info.igme.es/cartografiadigital/datos/magna50/memorias/MMagna0192.pdf,Indicio 'RIO DUERNA La Barrera. Los Castellones' sin laboreo minero probado o continuidad estructural contrastada en fuentes documentales; mantenido en estado pendiente sin asignar deposit_id para evitar agrupaciones por proximidad
gpkg:44f874e0d3404a1c13ef2b13e6ecb8ea39b189992e387651298f79c6169e0960:3742,0192064,LOS CABUERCOS CHANIZAS - LA CORONA,LEON,Luyego,Aluvionar,aluvial,-6.199026165999953,42.35736168100004,False,coincide_si_lonlat,pos_229659c52e497ec9,pendiente,validada,aluvial,,,,,100,auditoria_geologica_u3,2026-09-27,IGME BDMIN inventario indicios Hoja 0192; IGME MAGNA 50 Hoja 0192 https://info.igme.es/cartografiadigital/datos/magna50/memorias/MMagna0192.pdf,Indicio 'LOS CABUERCOS CHANIZAS - LA CORONA' sin laboreo minero probado o continuidad estructural contrastada en fuentes documentales; mantenido en estado pendiente sin asignar deposit_id para evitar agrupaciones por proximidad
gpkg:44f874e0d3404a1c13ef2b13e6ecb8ea39b189992e387651298f79c6169e0960:3743,0193001,SAN MARTIN DE AGOSTE DO,LEON,Santa Colomba de Somoza,Filoniana,roca,-6.172407125999939,42.447209384000075,False,coincide_si_lonlat,pos_2f4ec58b3abf25f7,pendiente,validada,roca,,,,,100,auditoria_geologica_u3,2026-09-27,IGME BDMIN inventario indicios Hoja 0193; IGME MAGNA 50 Hoja 0193 https://info.igme.es/cartografiadigital/datos/magna50/memorias/MMagna0193.pdf,Indicio 'SAN MARTIN DE AGOSTE DO' sin laboreo minero probado o continuidad estructural contrastada en fuentes documentales; mantenido en estado pendiente sin asignar deposit_id para evitar agrupaciones por proximidad
gpkg:44f874e0d3404a1c13ef2b13e6ecb8ea39b189992e387651298f79c6169e0960:3744,0193002,ARCA DE LA CRUZ EL SALDONAL,LEON,Santa Colomba de Somoza,Filoniana,roca,-6.1614238619999355,42.44540682400003,False,coincide_si_lonlat,pos_7ee6596eac7d10f1,pendiente,validada,roca,,,,,100,auditoria_geologica_u3,2026-09-27,IGME BDMIN inventario indicios Hoja 0193; IGME MAGNA 50 Hoja 0193 https://info.igme.es/cartografiadigital/datos/magna50/memorias/MMagna0193.pdf,Indicio 'ARCA DE LA CRUZ EL SALDONAL' sin laboreo minero probado o continuidad estructural contrastada en fuentes documentales; mantenido en estado pendiente sin asignar deposit_id para evitar agrupaciones por proximidad
gpkg:44f874e0d3404a1c13ef2b13e6ecb8ea39b189992e387651298f79c6169e0960:3745,0193003,LAGO DE ARRIBA EL SARDONAL,LEON,Val de San Lorenzo,Filoniana,roca,-6.1466589889999454,42.44657078100005,False,coincide_si_lonlat,pos_eac48109c3fd0321,pendiente,validada,roca,,,,,100,auditoria_geologica_u3,2026-09-27,IGME BDMIN inventario indicios Hoja 0193; IGME MAGNA 50 Hoja 0193 https://info.igme.es/cartografiadigital/datos/magna50/memorias/MMagna0193.pdf,Indicio 'LAGO DE ARRIBA EL SARDONAL' sin laboreo minero probado o continuidad estructural contrastada en fuentes documentales; mantenido en estado pendiente sin asignar deposit_id para evitar agrupaciones por proximidad
gpkg:44f874e0d3404a1c13ef2b13e6ecb8ea39b189992e387651298f79c6169e0960:3746,0193004,ALTO LAMBIDERO,LEON,Astorga,Aluvionar,aluvial,-6.137250893999976,42.45290968900008,False,coincide_si_lonlat,pos_427620e21f8464dc,pendiente,validada,aluvial,,,,,100,auditoria_geologica_u3,2026-09-27,IGME BDMIN inventario indicios Hoja 0193; IGME MAGNA 50 Hoja 0193 https://info.igme.es/cartografiadigital/datos/magna50/memorias/MMagna0193.pdf,Indicio 'ALTO LAMBIDERO' sin laboreo minero probado o continuidad estructural contrastada en fuentes documentales; mantenido en estado pendiente sin asignar deposit_id para evitar agrupaciones por proximidad
gpkg:44f874e0d3404a1c13ef2b13e6ecb8ea39b189992e387651298f79c6169e0960:3749,0193007,A°JOJILLAS,LEON,Val de San Lorenzo,Aluvionar,aluvial,-6.124797300999944,42.39820700300004,False,coincide_si_lonlat,pos_950b9c817a6efbb5,pendiente,validada,aluvial,,,,,100,auditoria_geologica_u3,2026-09-27,IGME BDMIN inventario indicios Hoja 0193; IGME MAGNA 50 Hoja 0193 https://info.igme.es/cartografiadigital/datos/magna50/memorias/MMagna0193.pdf,Indicio 'A°JOJILLAS' sin laboreo minero probado o continuidad estructural contrastada en fuentes documentales; mantenido en estado pendiente sin asignar deposit_id para evitar agrupaciones por proximidad
gpkg:44f874e0d3404a1c13ef2b13e6ecb8ea39b189992e387651298f79c6169e0960:3750,0193008,MINAS DE VALDESPINO,LEON,Santiagomillas,Aluvionar,aluvial,-6.141588294999963,42.40033824200003,False,coincide_si_lonlat,pos_bf3b625dc65ff553,pendiente,validada,aluvial,,,,,100,auditoria_geologica_u3,2026-09-27,IGME BDMIN inventario indicios Hoja 0193; IGME MAGNA 50 Hoja 0193 https://info.igme.es/cartografiadigital/datos/magna50/memorias/MMagna0193.pdf,Indicio 'MINAS DE VALDESPINO' sin laboreo minero probado o continuidad estructural contrastada en fuentes documentales; mantenido en estado pendiente sin asignar deposit_id para evitar agrupaciones por proximidad
gpkg:44f874e0d3404a1c13ef2b13e6ecb8ea39b189992e387651298f79c6169e0960:3751,0193009,ALTO DEL CABEZO,LEON,Val de San Lorenzo,Aluvionar,aluvial,-6.123297910999952,42.40708441400005,False,coincide_si_lonlat,pos_90ac95652167444e,pendiente,validada,aluvial,,,,,100,auditoria_geologica_u3,2026-09-27,IGME BDMIN inventario indicios Hoja 0193; IGME MAGNA 50 Hoja 0193 https://info.igme.es/cartografiadigital/datos/magna50/memorias/MMagna0193.pdf,Indicio 'ALTO DEL CABEZO' sin laboreo minero probado o continuidad estructural contrastada en fuentes documentales; mantenido en estado pendiente sin asignar deposit_id para evitar agrupaciones por proximidad
gpkg:44f874e0d3404a1c13ef2b13e6ecb8ea39b189992e387651298f79c6169e0960:3753,0193011,MINA DE VALDESPINO A° de Campazos,LEON,Santiagomillas,Aluvionar,aluvial,-6.172131603999958,42.40199691500004,False,coincide_si_lonlat,pos_d44125bffcb1bec4,pendiente,validada,aluvial,,,,,100,auditoria_geologica_u3,2026-09-27,IGME BDMIN inventario indicios Hoja 0193; IGME MAGNA 50 Hoja 0193 https://info.igme.es/cartografiadigital/datos/magna50/memorias/MMagna0193.pdf,Indicio 'MINA DE VALDESPINO A° de Campazos' sin laboreo minero probado o continuidad estructural contrastada en fuentes documentales; mantenido en estado pendiente sin asignar deposit_id para evitar agrupaciones por proximidad
gpkg:44f874e0d3404a1c13ef2b13e6ecb8ea39b189992e387651298f79c6169e0960:3755,0193013,MINA DEL MURCIELAGO LA FONTANILLA,LEON,Val de San Lorenzo,Filoniana,roca,-6.12098177699994,42.44439730300007,False,coincide_si_lonlat,pos_5fc4d9f9d039cfa5,pendiente,validada,roca,,,,,100,auditoria_geologica_u3,2026-09-27,IGME BDMIN inventario indicios Hoja 0193; IGME MAGNA 50 Hoja 0193 https://info.igme.es/cartografiadigital/datos/magna50/memorias/MMagna0193.pdf,Indicio 'MINA DEL MURCIELAGO LA FONTANILLA' sin laboreo minero probado o continuidad estructural contrastada en fuentes documentales; mantenido en estado pendiente sin asignar deposit_id para evitar agrupaciones por proximidad
gpkg:44f874e0d3404a1c13ef2b13e6ecb8ea39b189992e387651298f79c6169e0960:3756,0193014,LAGO DE ABAJO,LEON,Val de San Lorenzo,Filoniana,roca,-6.11597610299998,42.442200193000076,False,coincide_si_lonlat,pos_6977aee502a0587a,pendiente,validada,roca,,,,,100,auditoria_geologica_u3,2026-09-27,IGME BDMIN inventario indicios Hoja 0193; IGME MAGNA 50 Hoja 0193 https://info.igme.es/cartografiadigital/datos/magna50/memorias/MMagna0193.pdf,Indicio 'LAGO DE ABAJO' sin laboreo minero probado o continuidad estructural contrastada en fuentes documentales; mantenido en estado pendiente sin asignar deposit_id para evitar agrupaciones por proximidad
gpkg:44f874e0d3404a1c13ef2b13e6ecb8ea39b189992e387651298f79c6169e0960:3757,0193015,PLATADILLA,LEON,Val de San Lorenzo,Filoniana,roca,-6.105775224999945,42.44194285300006,False,coincide_si_lonlat,pos_98db13418c75f92a,pendiente,validada,roca,,,,,100,auditoria_geologica_u3,2026-09-27,IGME BDMIN inventario indicios Hoja 0193; IGME MAGNA 50 Hoja 0193 https://info.igme.es/cartografiadigital/datos/magna50/memorias/MMagna0193.pdf,Indicio 'PLATADILLA' sin laboreo minero probado o continuidad estructural contrastada en fuentes documentales; mantenido en estado pendiente sin asignar deposit_id para evitar agrupaciones por proximidad
gpkg:44f874e0d3404a1c13ef2b13e6ecb8ea39b189992e387651298f79c6169e0960:3763,0193021,PRADORREY,LEON,Brazuelo,Aluvionar,aluvial,-6.132832687999951,42.49107053800003,False,coincide_si_lonlat,pos_487430b4d1446d42,pendiente,validada,aluvial,,,,,100,auditoria_geologica_u3,2026-09-27,IGME BDMIN inventario indicios Hoja 0193; IGME MAGNA 50 Hoja 0193 https://info.igme.es/cartografiadigital/datos/magna50/memorias/MMagna0193.pdf,Indicio 'PRADORREY' sin laboreo minero probado o continuidad estructural contrastada en fuentes documentales; mantenido en estado pendiente sin asignar deposit_id para evitar agrupaciones por proximidad
gpkg:44f874e0d3404a1c13ef2b13e6ecb8ea39b189992e387651298f79c6169e0960:3764,0193022,CASTRILLO DE LOS POLVAZARES,LEON,Astorga,Aluvionar,aluvial,-6.122648315999925,42.46109852200004,False,coincide_si_lonlat,pos_292ddd7369332006,pendiente,validada,aluvial,,,,,100,auditoria_geologica_u3,2026-09-27,IGME BDMIN inventario indicios Hoja 0193; IGME MAGNA 50 Hoja 0193 https://info.igme.es/cartografiadigital/datos/magna50/memorias/MMagna0193.pdf,Indicio 'CASTRILLO DE LOS POLVAZARES' sin laboreo minero probado o continuidad estructural contrastada en fuentes documentales; mantenido en estado pendiente sin asignar deposit_id para evitar agrupaciones por proximidad
gpkg:44f874e0d3404a1c13ef2b13e6ecb8ea39b189992e387651298f79c6169e0960:3765,0193023,PRADO ANCHO,LEON,Santa Colomba de Somoza,Aluvionar,aluvial,-6.16840740899994,42.44422893700005,False,coincide_si_lonlat,pos_e90247246f563be7,pendiente,validada,aluvial,,,,,100,auditoria_geologica_u3,2026-09-27,IGME BDMIN inventario indicios Hoja 0193; IGME MAGNA 50 Hoja 0193 https://info.igme.es/cartografiadigital/datos/magna50/memorias/MMagna0193.pdf,Indicio 'PRADO ANCHO' sin laboreo minero probado o continuidad estructural contrastada en fuentes documentales; mantenido en estado pendiente sin asignar deposit_id para evitar agrupaciones por proximidad
gpkg:44f874e0d3404a1c13ef2b13e6ecb8ea39b189992e387651298f79c6169e0960:3766,0193024,RIO TURIENZO,LEON,Santa Colomba de Somoza,Aluvionar,aluvial,-6.178122205999955,42.43096106400003,False,coincide_si_lonlat,pos_93ebcf7ec8b121b0,pendiente,validada,aluvial,,,,,100,auditoria_geologica_u3,2026-09-27,IGME BDMIN inventario indicios Hoja 0193; IGME MAGNA 50 Hoja 0193 https://info.igme.es/cartografiadigital/datos/magna50/memorias/MMagna0193.pdf,Indicio 'RIO TURIENZO' sin laboreo minero probado o continuidad estructural contrastada en fuentes documentales; mantenido en estado pendiente sin asignar deposit_id para evitar agrupaciones por proximidad
gpkg:44f874e0d3404a1c13ef2b13e6ecb8ea39b189992e387651298f79c6169e0960:3767,0193025,RIO TURIENZO,LEON,Santa Colomba de Somoza,Aluvionar,aluvial,-6.170452162999936,42.433923615000026,False,coincide_si_lonlat,pos_dd7fd9c4ec5cc692,pendiente,validada,aluvial,,,,,100,auditoria_geologica_u3,2026-09-27,IGME BDMIN inventario indicios Hoja 0193; IGME MAGNA 50 Hoja 0193 https://info.igme.es/cartografiadigital/datos/magna50/memorias/MMagna0193.pdf,Indicio 'RIO TURIENZO' sin laboreo minero probado o continuidad estructural contrastada en fuentes documentales; mantenido en estado pendiente sin asignar deposit_id para evitar agrupaciones por proximidad
gpkg:44f874e0d3404a1c13ef2b13e6ecb8ea39b189992e387651298f79c6169e0960:3768,0193026,RIO TURIENZO,LEON,Santa Colomba de Somoza,Aluvionar,aluvial,-6.165959551999947,42.43111100400006,False,coincide_si_lonlat,pos_66aa05626bac5fab,pendiente,validada,aluvial,,,,,100,auditoria_geologica_u3,2026-09-27,IGME BDMIN inventario indicios Hoja 0193; IGME MAGNA 50 Hoja 0193 https://info.igme.es/cartografiadigital/datos/magna50/memorias/MMagna0193.pdf,Indicio 'RIO TURIENZO' sin laboreo minero probado o continuidad estructural contrastada en fuentes documentales; mantenido en estado pendiente sin asignar deposit_id para evitar agrupaciones por proximidad
gpkg:44f874e0d3404a1c13ef2b13e6ecb8ea39b189992e387651298f79c6169e0960:3769,0193027,RIO TURIENZO SOBRADO,LEON,Val de San Lorenzo,Aluvionar,aluvial,-6.152138612999977,42.427616390000026,False,coincide_si_lonlat,pos_b02eb55697a7efb1,pendiente,validada,aluvial,,,,,100,auditoria_geologica_u3,2026-09-27,IGME BDMIN inventario indicios Hoja 0193; IGME MAGNA 50 Hoja 0193 https://info.igme.es/cartografiadigital/datos/magna50/memorias/MMagna0193.pdf,Indicio 'RIO TURIENZO SOBRADO' sin laboreo minero probado o continuidad estructural contrastada en fuentes documentales; mantenido en estado pendiente sin asignar deposit_id para evitar agrupaciones por proximidad
gpkg:44f874e0d3404a1c13ef2b13e6ecb8ea39b189992e387651298f79c6169e0960:3770,0193028,RIO TURIENZO,LEON,Val de San Lorenzo,Aluvionar,aluvial,-6.152097855999955,42.42851588600007,False,coincide_si_lonlat,pos_710ac80ede7ea44b,pendiente,validada,aluvial,,,,,100,auditoria_geologica_u3,2026-09-27,IGME BDMIN inventario indicios Hoja 0193; IGME MAGNA 50 Hoja 0193 https://info.igme.es/cartografiadigital/datos/magna50/memorias/MMagna0193.pdf,Indicio 'RIO TURIENZO' sin laboreo minero probado o continuidad estructural contrastada en fuentes documentales; mantenido en estado pendiente sin asignar deposit_id para evitar agrupaciones por proximidad
gpkg:44f874e0d3404a1c13ef2b13e6ecb8ea39b189992e387651298f79c6169e0960:3771,0193029,PRADORREY,LEON,Brazuelo,Aluvionar,aluvial,-6.120771784999931,42.49139826600003,False,coincide_si_lonlat,pos_ed168be12a7cacc9,pendiente,validada,aluvial,,,,,100,auditoria_geologica_u3,2026-09-27,IGME BDMIN inventario indicios Hoja 0193; IGME MAGNA 50 Hoja 0193 https://info.igme.es/cartografiadigital/datos/magna50/memorias/MMagna0193.pdf,Indicio 'PRADORREY' sin laboreo minero probado o continuidad estructural contrastada en fuentes documentales; mantenido en estado pendiente sin asignar deposit_id para evitar agrupaciones por proximidad
gpkg:44f874e0d3404a1c13ef2b13e6ecb8ea39b189992e387651298f79c6169e0960:3772,0193030,Labores mineras de Astorga.,LEON,Villaobispo de Otero,Aluvionar,aluvial,-6.060820999999976,42.47490400000004,False,crs_tabular_desconocido,pos_bfdcc17e81b1a8dd,pendiente,validada,aluvial,,,,,100,auditoria_geologica_u3,2026-09-27,IGME BDMIN inventario indicios Hoja 0193; IGME MAGNA 50 Hoja 0193 https://info.igme.es/cartografiadigital/datos/magna50/memorias/MMagna0193.pdf,Indicio 'Labores mineras de Astorga.' sin laboreo minero probado o continuidad estructural contrastada en fuentes documentales; mantenido en estado pendiente sin asignar deposit_id para evitar agrupaciones por proximidad
gpkg:44f874e0d3404a1c13ef2b13e6ecb8ea39b189992e387651298f79c6169e0960:3851,0229004,RIO CABRERA,LEON,Encinedo,Aluvionar,aluvial,-6.554560047999928,42.27544653000007,False,coincide_si_lonlat,pos_7b7920331ad4f1c0,pendiente,validada,aluvial,,,,,100,auditoria_geologica_u3,2026-09-27,IGME BDMIN inventario indicios Hoja 0229; IGME MAGNA 50 Hoja 0229 https://info.igme.es/cartografiadigital/datos/magna50/memorias/MMagna0229.pdf,Indicio 'RIO CABRERA' sin laboreo minero probado o continuidad estructural contrastada en fuentes documentales; mantenido en estado pendiente sin asignar deposit_id para evitar agrupaciones por proximidad
gpkg:44f874e0d3404a1c13ef2b13e6ecb8ea39b189992e387651298f79c6169e0960:3852,0229005,A° DE LAS BARRERAS VALDEBUERCO,LEON,Encinedo,Aluvionar,aluvial,-6.680467796999949,42.28103511300003,False,coincide_si_lonlat,pos_d5740d975ef68812,pendiente,validada,aluvial,,,,,100,auditoria_geologica_u3,2026-09-27,IGME BDMIN inventario indicios Hoja 0229; IGME MAGNA 50 Hoja 0229 https://info.igme.es/cartografiadigital/datos/magna50/memorias/MMagna0229.pdf,Indicio 'A° DE LAS BARRERAS VALDEBUERCO' sin laboreo minero probado o continuidad estructural contrastada en fuentes documentales; mantenido en estado pendiente sin asignar deposit_id para evitar agrupaciones por proximidad
gpkg:44f874e0d3404a1c13ef2b13e6ecb8ea39b189992e387651298f79c6169e0960:3853,0229006,LOS CONFORCOS LOS PERROS,LEON,Encinedo,Aluvionar,aluvial,-6.595370310999954,42.30557767400006,False,coincide_si_lonlat,pos_d6355a448993ac32,pendiente,validada,aluvial,,,,,100,auditoria_geologica_u3,2026-09-27,IGME BDMIN inventario indicios Hoja 0229; IGME MAGNA 50 Hoja 0229 https://info.igme.es/cartografiadigital/datos/magna50/memorias/MMagna0229.pdf,Indicio 'LOS CONFORCOS LOS PERROS' sin laboreo minero probado o continuidad estructural contrastada en fuentes documentales; mantenido en estado pendiente sin asignar deposit_id para evitar agrupaciones por proximidad
gpkg:44f874e0d3404a1c13ef2b13e6ecb8ea39b189992e387651298f79c6169e0960:3854,0229007,LAS CRUCES,LEON,Encinedo,Aluvionar,aluvial,-6.652438088999929,42.29451316600006,False,coincide_si_lonlat,pos_3a212c63fc22c9e6,pendiente,validada,aluvial,,,,,100,auditoria_geologica_u3,2026-09-27,IGME BDMIN inventario indicios Hoja 0229; IGME MAGNA 50 Hoja 0229 https://info.igme.es/cartografiadigital/datos/magna50/memorias/MMagna0229.pdf,Indicio 'LAS CRUCES' sin laboreo minero probado o continuidad estructural contrastada en fuentes documentales; mantenido en estado pendiente sin asignar deposit_id para evitar agrupaciones por proximidad
gpkg:44f874e0d3404a1c13ef2b13e6ecb8ea39b189992e387651298f79c6169e0960:3855,0229008,CAMPO ROMO,LEON,Encinedo,Aluvionar,aluvial,-6.72756676299997,42.31349797900003,False,coincide_si_lonlat,pos_1249d37fbd838f57,pendiente,validada,aluvial,,,,,100,auditoria_geologica_u3,2026-09-27,IGME BDMIN inventario indicios Hoja 0229; IGME MAGNA 50 Hoja 0229 https://info.igme.es/cartografiadigital/datos/magna50/memorias/MMagna0229.pdf,Indicio 'CAMPO ROMO' sin laboreo minero probado o continuidad estructural contrastada en fuentes documentales; mantenido en estado pendiente sin asignar deposit_id para evitar agrupaciones por proximidad
gpkg:44f874e0d3404a1c13ef2b13e6ecb8ea39b189992e387651298f79c6169e0960:3856,0229009,PEÑA DEL AGUILA,LEON,Castrillo de Cabrera,Aluvionar,aluvial,-6.542441882999981,42.31265018100004,False,coincide_si_lonlat,pos_a0f1050beec72eb6,pendiente,validada,aluvial,,,,,100,auditoria_geologica_u3,2026-09-27,IGME BDMIN inventario indicios Hoja 0229; IGME MAGNA 50 Hoja 0229 https://info.igme.es/cartografiadigital/datos/magna50/memorias/MMagna0229.pdf,Indicio 'PEÑA DEL AGUILA' sin laboreo minero probado o continuidad estructural contrastada en fuentes documentales; mantenido en estado pendiente sin asignar deposit_id para evitar agrupaciones por proximidad
gpkg:44f874e0d3404a1c13ef2b13e6ecb8ea39b189992e387651298f79c6169e0960:3858,0229011,ARROYO ARGAÑAL,LEON,Encinedo,Aluvionar,aluvial,-6.551834433999943,42.25188402500004,False,coincide_si_lonlat,pos_65f8086737c282d4,pendiente,validada,aluvial,,,,,100,auditoria_geologica_u3,2026-09-27,IGME BDMIN inventario indicios Hoja 0229; IGME MAGNA 50 Hoja 0229 https://info.igme.es/cartografiadigital/datos/magna50/memorias/MMagna0229.pdf,Indicio 'ARROYO ARGAÑAL' sin laboreo minero probado o continuidad estructural contrastada en fuentes documentales; mantenido en estado pendiente sin asignar deposit_id para evitar agrupaciones por proximidad
gpkg:44f874e0d3404a1c13ef2b13e6ecb8ea39b189992e387651298f79c6169e0960:3859,0229012,Fuente Piojosa,LEON,Encinedo,Aluvionar,aluvial,-6.651751999999931,42.30174600000004,False,crs_tabular_desconocido,pos_da880a2c589e6ba3,pendiente,validada,aluvial,,,,,100,auditoria_geologica_u3,2026-09-27,IGME BDMIN inventario indicios Hoja 0229; IGME MAGNA 50 Hoja 0229 https://info.igme.es/cartografiadigital/datos/magna50/memorias/MMagna0229.pdf,Indicio 'Fuente Piojosa' sin laboreo minero probado o continuidad estructural contrastada en fuentes documentales; mantenido en estado pendiente sin asignar deposit_id para evitar agrupaciones por proximidad
gpkg:44f874e0d3404a1c13ef2b13e6ecb8ea39b189992e387651298f79c6169e0960:3860,0229013,,LEON,Encinedo,Aluvionar,aluvial,-6.651751999999931,42.30174600000004,False,crs_tabular_desconocido,pos_da880a2c589e6ba3,pendiente,validada,aluvial,,,,,100,auditoria_geologica_u3,2026-09-27,IGME BDMIN inventario indicios Hoja 0229; IGME MAGNA 50 Hoja 0229 https://info.igme.es/cartografiadigital/datos/magna50/memorias/MMagna0229.pdf,Indicio menor/muestra de batea fluvial sin denominación minera ni laboreo contrastado; mantenido en estado pendiente sin asignar deposit_id para evitar agrupaciones espurias
gpkg:44f874e0d3404a1c13ef2b13e6ecb8ea39b189992e387651298f79c6169e0960:3861,0229014,,LEON,Encinedo,Aluvionar,aluvial,-6.651751999999931,42.30174600000004,False,crs_tabular_desconocido,pos_da880a2c589e6ba3,pendiente,validada,aluvial,,,,,100,auditoria_geologica_u3,2026-09-27,IGME BDMIN inventario indicios Hoja 0229; IGME MAGNA 50 Hoja 0229 https://info.igme.es/cartografiadigital/datos/magna50/memorias/MMagna0229.pdf,Indicio menor/muestra de batea fluvial sin denominación minera ni laboreo contrastado; mantenido en estado pendiente sin asignar deposit_id para evitar agrupaciones espurias
gpkg:44f874e0d3404a1c13ef2b13e6ecb8ea39b189992e387651298f79c6169e0960:3862,0230001,RIO LLAMAS,LEON,Luyego,Aluvionar,aluvial,-6.328915217999963,42.32363220500008,False,coincide_si_lonlat,pos_25b4e694436cc48b,pendiente,validada,aluvial,,,,,100,auditoria_geologica_u3,2026-09-27,IGME BDMIN inventario indicios Hoja 0230; IGME MAGNA 50 Hoja 0230 https://info.igme.es/cartografiadigital/datos/magna50/memorias/MMagna0230.pdf,Indicio 'RIO LLAMAS' sin laboreo minero probado o continuidad estructural contrastada en fuentes documentales; mantenido en estado pendiente sin asignar deposit_id para evitar agrupaciones por proximidad
gpkg:44f874e0d3404a1c13ef2b13e6ecb8ea39b189992e387651298f79c6169e0960:3865,0230004,A° JIBEO,ZAMORA,Muelas de los Caballeros,Aluvionar,aluvial,-6.345107466999934,42.18955764000003,False,coincide_si_lonlat,pos_5aaf796a9856cf2e,pendiente,validada,aluvial,,,,,100,auditoria_geologica_u3,2026-09-27,IGME BDMIN inventario indicios Hoja 0230; IGME MAGNA 50 Hoja 0230 https://info.igme.es/cartografiadigital/datos/magna50/memorias/MMagna0230.pdf,Indicio 'A° JIBEO' sin laboreo minero probado o continuidad estructural contrastada en fuentes documentales; mantenido en estado pendiente sin asignar deposit_id para evitar agrupaciones por proximidad
gpkg:44f874e0d3404a1c13ef2b13e6ecb8ea39b189992e387651298f79c6169e0960:3867,0230006,RIO PEQUEÑO,LEON,Truchas,Filoniana,roca,-6.3819876889999705,42.21138875500003,False,coincide_si_lonlat,pos_0dd240e9983c2e02,pendiente,validada,aluvial,,,,,100,auditoria_geologica_u3,2026-09-27,IGME BDMIN inventario indicios Hoja 0230; IGME MAGNA 50 Hoja 0230 https://info.igme.es/cartografiadigital/datos/magna50/memorias/MMagna0230.pdf,Indicio 'RIO PEQUEÑO' sin laboreo minero probado o continuidad estructural contrastada en fuentes documentales; mantenido en estado pendiente sin asignar deposit_id para evitar agrupaciones por proximidad
gpkg:44f874e0d3404a1c13ef2b13e6ecb8ea39b189992e387651298f79c6169e0960:3869,0230008,MINAS DE CORPORALES Y BAILLO. LA DEHESA,LEON,Truchas,Aluvionar,aluvial,-6.464249268999936,42.30491365000006,False,coincide_si_lonlat,pos_5d56456afe6ee4a9,confirmada,validada,aluvial,dep_corona_de_corporales,dist_leon_cabrera,,,50,auditoria_geologica_u3,2026-09-27,"Sánchez-Palencia, F.J. (2000) Las Médulas (León), CSIC; IGME MAGNA 50 Hoja 230 (Truchas) https://info.igme.es/cartografiadigital/datos/magna50/memorias/MMagna0230.pdf",Cortas romanas de montaña y red de canales en depósitos aluviales y morrénicos de Corporales en la Sierra del Teleno / Cabrera
gpkg:44f874e0d3404a1c13ef2b13e6ecb8ea39b189992e387651298f79c6169e0960:3870,0230009,RIO IRUELA,LEON,Truchas,Irregular,desconocido,-6.507014620999939,42.26955959900005,False,coincide_si_lonlat,pos_8c42de55a3ce7281,pendiente,validada,aluvial,,,,,100,auditoria_geologica_u3,2026-09-27,IGME BDMIN inventario indicios Hoja 0230; IGME MAGNA 50 Hoja 0230 https://info.igme.es/cartografiadigital/datos/magna50/memorias/MMagna0230.pdf,Indicio 'RIO IRUELA' sin laboreo minero probado o continuidad estructural contrastada en fuentes documentales; mantenido en estado pendiente sin asignar deposit_id para evitar agrupaciones por proximidad
gpkg:44f874e0d3404a1c13ef2b13e6ecb8ea39b189992e387651298f79c6169e0960:3871,0230010,A°COBANAYO y SANO,LEON,Truchas,Aluvionar,aluvial,-6.451074401999961,42.258603624000045,False,coincide_si_lonlat,pos_9212ac3949df379f,pendiente,validada,aluvial,,,,,100,auditoria_geologica_u3,2026-09-27,IGME BDMIN inventario indicios Hoja 0230; IGME MAGNA 50 Hoja 0230 https://info.igme.es/cartografiadigital/datos/magna50/memorias/MMagna0230.pdf,Indicio 'A°COBANAYO y SANO' sin laboreo minero probado o continuidad estructural contrastada en fuentes documentales; mantenido en estado pendiente sin asignar deposit_id para evitar agrupaciones por proximidad
gpkg:44f874e0d3404a1c13ef2b13e6ecb8ea39b189992e387651298f79c6169e0960:3872,0230011,RIO TRUCHILLAS,LEON,Truchas,Aluvionar,aluvial,-6.462027956999975,42.233361108000054,False,coincide_si_lonlat,pos_edab358c6fe29cd4,pendiente,validada,aluvial,,,,,100,auditoria_geologica_u3,2026-09-27,IGME BDMIN inventario indicios Hoja 0230; IGME MAGNA 50 Hoja 0230 https://info.igme.es/cartografiadigital/datos/magna50/memorias/MMagna0230.pdf,Indicio 'RIO TRUCHILLAS' sin laboreo minero probado o continuidad estructural contrastada en fuentes documentales; mantenido en estado pendiente sin asignar deposit_id para evitar agrupaciones por proximidad
gpkg:44f874e0d3404a1c13ef2b13e6ecb8ea39b189992e387651298f79c6169e0960:3873,0230012,LAS CHANAS LA COGOLLA,LEON,Truchas,Aluvionar,aluvial,-6.420963503999928,42.27161844700004,False,coincide_si_lonlat,pos_a3b27e1aa5c10d01,confirmada,validada,aluvial,dep_corona_de_corporales,dist_leon_cabrera,,,50,auditoria_geologica_u3,2026-09-27,"Sánchez-Palencia, F.J. (2000) Las Médulas (León), CSIC; IGME MAGNA 50 Hoja 230 (Truchas) https://info.igme.es/cartografiadigital/datos/magna50/memorias/MMagna0230.pdf",Cortas romanas de montaña y red de canales en depósitos aluviales y morrénicos de Corporales en la Sierra del Teleno / Cabrera
gpkg:44f874e0d3404a1c13ef2b13e6ecb8ea39b189992e387651298f79c6169e0960:3874,0230013,MINA DE POZOS VALLEDAR,LEON,Truchas,Filoniana,roca,-6.333917680999946,42.28277437200006,False,coincide_si_lonlat,pos_a26e323852f8396d,pendiente,validada,roca,,,,,100,auditoria_geologica_u3,2026-09-27,IGME BDMIN inventario indicios Hoja 0230; IGME MAGNA 50 Hoja 0230 https://info.igme.es/cartografiadigital/datos/magna50/memorias/MMagna0230.pdf,Indicio 'MINA DE POZOS VALLEDAR' sin laboreo minero probado o continuidad estructural contrastada en fuentes documentales; mantenido en estado pendiente sin asignar deposit_id para evitar agrupaciones por proximidad
gpkg:44f874e0d3404a1c13ef2b13e6ecb8ea39b189992e387651298f79c6169e0960:3875,0230014,RIO PEQUEÑO Y PRADOS,LEON,Truchas,Irregular,desconocido,-6.421022239999957,42.27909428300006,False,coincide_si_lonlat,pos_059c3750437cd250,confirmada,validada,aluvial,dep_corona_de_corporales,dist_leon_cabrera,,,50,auditoria_geologica_u3,2026-09-27,"Sánchez-Palencia, F.J. (2000) Las Médulas (León), CSIC; IGME MAGNA 50 Hoja 230 (Truchas) https://info.igme.es/cartografiadigital/datos/magna50/memorias/MMagna0230.pdf",Cortas romanas de montaña y red de canales en depósitos aluviales y morrénicos de Corporales en la Sierra del Teleno / Cabrera
gpkg:44f874e0d3404a1c13ef2b13e6ecb8ea39b189992e387651298f79c6169e0960:3876,0230015,CORPORALES GALERIA DE PEDRERA,LEON,Truchas,Irregular,desconocido,-6.4595182569999565,42.31093257800006,False,coincide_si_lonlat,pos_278653258866ae77,pendiente,validada,desconocido,,,,,100,auditoria_geologica_u3,2026-09-27,IGME BDMIN inventario indicios Hoja 0230; IGME MAGNA 50 Hoja 0230 https://info.igme.es/cartografiadigital/datos/magna50/memorias/MMagna0230.pdf,Indicio 'CORPORALES GALERIA DE PEDRERA' sin laboreo minero probado o continuidad estructural contrastada en fuentes documentales; mantenido en estado pendiente sin asignar deposit_id para evitar agrupaciones por proximidad
gpkg:44f874e0d3404a1c13ef2b13e6ecb8ea39b189992e387651298f79c6169e0960:3877,0230016,"RIO ERIA.Muriacales, Cubaniellos,Mata,Escalerón,Molino",LEON,Truchas,Aluvionar,aluvial,-6.336256162999973,42.24167403300004,False,coincide_si_lonlat,pos_6fce40bc4a67acfd,pendiente,validada,aluvial,,,,,100,auditoria_geologica_u3,2026-09-27,IGME BDMIN inventario indicios Hoja 0230; IGME MAGNA 50 Hoja 0230 https://info.igme.es/cartografiadigital/datos/magna50/memorias/MMagna0230.pdf,"Indicio 'RIO ERIA.Muriacales, Cubaniellos,Mata,Escalerón,Molino' sin laboreo minero probado o continuidad estructural contrastada en fuentes documentales; mantenido en estado pendiente sin asignar deposit_id para evitar agrupaciones por proximidad"
gpkg:44f874e0d3404a1c13ef2b13e6ecb8ea39b189992e387651298f79c6169e0960:3878,0230017,RIO ERIA,LEON,Castrocontrigo,Aluvionar,aluvial,-6.200888547999966,42.178471529000035,False,coincide_si_lonlat,pos_7afdc9041791feaa,pendiente,validada,aluvial,,,,,100,auditoria_geologica_u3,2026-09-27,IGME BDMIN inventario indicios Hoja 0230; IGME MAGNA 50 Hoja 0230 https://info.igme.es/cartografiadigital/datos/magna50/memorias/MMagna0230.pdf,Indicio 'RIO ERIA' sin laboreo minero probado o continuidad estructural contrastada en fuentes documentales; mantenido en estado pendiente sin asignar deposit_id para evitar agrupaciones por proximidad
gpkg:44f874e0d3404a1c13ef2b13e6ecb8ea39b189992e387651298f79c6169e0960:3880,0230019,LAS MURIAS-TALLARES RIO ERIA,LEON,Castrocontrigo,Aluvionar,aluvial,-6.2251669679999395,42.19914400400006,False,coincide_si_lonlat,pos_f29986a03a8972b5,pendiente,validada,aluvial,,,,,100,auditoria_geologica_u3,2026-09-27,IGME BDMIN inventario indicios Hoja 0230; IGME MAGNA 50 Hoja 0230 https://info.igme.es/cartografiadigital/datos/magna50/memorias/MMagna0230.pdf,Indicio 'LAS MURIAS-TALLARES RIO ERIA' sin laboreo minero probado o continuidad estructural contrastada en fuentes documentales; mantenido en estado pendiente sin asignar deposit_id para evitar agrupaciones por proximidad
gpkg:44f874e0d3404a1c13ef2b13e6ecb8ea39b189992e387651298f79c6169e0960:3881,0230020,VALTONA-VALCUEVO,LEON,Castrocontrigo,Aluvionar,aluvial,-6.204245930999946,42.025190456000075,False,coincide_si_lonlat,pos_f9d4f5ad13be9cbe,pendiente,validada,aluvial,,,,,100,auditoria_geologica_u3,2026-09-27,IGME BDMIN inventario indicios Hoja 0230; IGME MAGNA 50 Hoja 0230 https://info.igme.es/cartografiadigital/datos/magna50/memorias/MMagna0230.pdf,Indicio 'VALTONA-VALCUEVO' sin laboreo minero probado o continuidad estructural contrastada en fuentes documentales; mantenido en estado pendiente sin asignar deposit_id para evitar agrupaciones por proximidad
gpkg:44f874e0d3404a1c13ef2b13e6ecb8ea39b189992e387651298f79c6169e0960:3882,0230021,"LA VIDULINA PRADO POSADILLAS,LAS HUERGAS",LEON,Luyego,Aluvionar,aluvial,-6.274560864999955,42.320551041000044,False,coincide_si_lonlat,pos_2692eb85fbd73857,pendiente,validada,aluvial,,,,,100,auditoria_geologica_u3,2026-09-27,IGME BDMIN inventario indicios Hoja 0230; IGME MAGNA 50 Hoja 0230 https://info.igme.es/cartografiadigital/datos/magna50/memorias/MMagna0230.pdf,"Indicio 'LA VIDULINA PRADO POSADILLAS,LAS HUERGAS' sin laboreo minero probado o continuidad estructural contrastada en fuentes documentales; mantenido en estado pendiente sin asignar deposit_id para evitar agrupaciones por proximidad"
gpkg:44f874e0d3404a1c13ef2b13e6ecb8ea39b189992e387651298f79c6169e0960:3883,0230022,MINA DE TABUYO,LEON,Luyego,Aluvionar,aluvial,-6.20846748799994,42.322381662000055,False,coincide_si_lonlat,pos_a0a4f7bd565f229a,pendiente,validada,aluvial,,,,,100,auditoria_geologica_u3,2026-09-27,IGME BDMIN inventario indicios Hoja 0230; IGME MAGNA 50 Hoja 0230 https://info.igme.es/cartografiadigital/datos/magna50/memorias/MMagna0230.pdf,Indicio 'MINA DE TABUYO' sin laboreo minero probado o continuidad estructural contrastada en fuentes documentales; mantenido en estado pendiente sin asignar deposit_id para evitar agrupaciones por proximidad
gpkg:44f874e0d3404a1c13ef2b13e6ecb8ea39b189992e387651298f79c6169e0960:3884,0230023,CASTILLO DE TRUCHAS Cogoya,LEON,Truchas,Aluvionar,aluvial,-6.4338478089999285,42.24993426100008,False,coincide_si_lonlat,pos_917651eac7258a52,pendiente,validada,aluvial,,,,,100,auditoria_geologica_u3,2026-09-27,IGME BDMIN inventario indicios Hoja 0230; IGME MAGNA 50 Hoja 0230 https://info.igme.es/cartografiadigital/datos/magna50/memorias/MMagna0230.pdf,Indicio 'CASTILLO DE TRUCHAS Cogoya' sin laboreo minero probado o continuidad estructural contrastada en fuentes documentales; mantenido en estado pendiente sin asignar deposit_id para evitar agrupaciones por proximidad
gpkg:44f874e0d3404a1c13ef2b13e6ecb8ea39b189992e387651298f79c6169e0960:3885,0230024,"RIO ERIA,LOS PRADOS DE CASTRO,LOS CASARESCOS,MURIACALE",LEON,Truchas,Aluvionar,aluvial,-6.396258140999976,42.241431936000026,False,coincide_si_lonlat,pos_356472ed8ee5260e,pendiente,validada,aluvial,,,,,100,auditoria_geologica_u3,2026-09-27,IGME BDMIN inventario indicios Hoja 0230; IGME MAGNA 50 Hoja 0230 https://info.igme.es/cartografiadigital/datos/magna50/memorias/MMagna0230.pdf,"Indicio 'RIO ERIA,LOS PRADOS DE CASTRO,LOS CASARESCOS,MURIACALE' sin laboreo minero probado o continuidad estructural contrastada en fuentes documentales; mantenido en estado pendiente sin asignar deposit_id para evitar agrupaciones por proximidad"
gpkg:44f874e0d3404a1c13ef2b13e6ecb8ea39b189992e387651298f79c6169e0960:3886,0230025,RIO ERIA,LEON,Castrocontrigo,Aluvionar,aluvial,-6.228009654999937,42.19507030800003,False,coincide_si_lonlat,pos_d0e0140af30694f8,pendiente,validada,aluvial,,,,,100,auditoria_geologica_u3,2026-09-27,IGME BDMIN inventario indicios Hoja 0230; IGME MAGNA 50 Hoja 0230 https://info.igme.es/cartografiadigital/datos/magna50/memorias/MMagna0230.pdf,Indicio 'RIO ERIA' sin laboreo minero probado o continuidad estructural contrastada en fuentes documentales; mantenido en estado pendiente sin asignar deposit_id para evitar agrupaciones por proximidad
gpkg:44f874e0d3404a1c13ef2b13e6ecb8ea39b189992e387651298f79c6169e0960:3887,0230026,"RIO MOLINOS AoPOZUELOS,LOS MAYADONES",LEON,Truchas,Aluvionar,aluvial,-6.32967618899994,42.28843904200005,False,coincide_si_lonlat,pos_0d69297523324c0a,pendiente,validada,aluvial,,,,,100,auditoria_geologica_u3,2026-09-27,IGME BDMIN inventario indicios Hoja 0230; IGME MAGNA 50 Hoja 0230 https://info.igme.es/cartografiadigital/datos/magna50/memorias/MMagna0230.pdf,"Indicio 'RIO MOLINOS AoPOZUELOS,LOS MAYADONES' sin laboreo minero probado o continuidad estructural contrastada en fuentes documentales; mantenido en estado pendiente sin asignar deposit_id para evitar agrupaciones por proximidad"
gpkg:44f874e0d3404a1c13ef2b13e6ecb8ea39b189992e387651298f79c6169e0960:3888,0230027,"RIO ERIA,GENERALA VALDEMEDA,PRADERA CAMPO,FERVIENZA",LEON,Castrocontrigo,Aluvionar,aluvial,-6.266341451999949,42.23291327000004,False,coincide_si_lonlat,pos_6505a52b6ee28673,pendiente,validada,aluvial,,,,,100,auditoria_geologica_u3,2026-09-27,IGME BDMIN inventario indicios Hoja 0230; IGME MAGNA 50 Hoja 0230 https://info.igme.es/cartografiadigital/datos/magna50/memorias/MMagna0230.pdf,"Indicio 'RIO ERIA,GENERALA VALDEMEDA,PRADERA CAMPO,FERVIENZA' sin laboreo minero probado o continuidad estructural contrastada en fuentes documentales; mantenido en estado pendiente sin asignar deposit_id para evitar agrupaciones por proximidad"
gpkg:44f874e0d3404a1c13ef2b13e6ecb8ea39b189992e387651298f79c6169e0960:3889,0230028,LAS RUBIAS,LEON,Truchas,Aluvionar,aluvial,-6.403320884999971,42.32029953800003,False,coincide_si_lonlat,pos_1db1aeb6430a9b7e,pendiente,validada,aluvial,,,,,100,auditoria_geologica_u3,2026-09-27,IGME BDMIN inventario indicios Hoja 0230; IGME MAGNA 50 Hoja 0230 https://info.igme.es/cartografiadigital/datos/magna50/memorias/MMagna0230.pdf,Indicio 'LAS RUBIAS' sin laboreo minero probado o continuidad estructural contrastada en fuentes documentales; mantenido en estado pendiente sin asignar deposit_id para evitar agrupaciones por proximidad
gpkg:44f874e0d3404a1c13ef2b13e6ecb8ea39b189992e387651298f79c6169e0960:3890,0230029,VALDEVERCIOS,LEON,Truchas,Aluvionar,aluvial,-6.403710501999967,42.31967799100005,False,coincide_si_lonlat,pos_57cd119e95ca18a2,pendiente,validada,aluvial,,,,,100,auditoria_geologica_u3,2026-09-27,IGME BDMIN inventario indicios Hoja 0230; IGME MAGNA 50 Hoja 0230 https://info.igme.es/cartografiadigital/datos/magna50/memorias/MMagna0230.pdf,Indicio 'VALDEVERCIOS' sin laboreo minero probado o continuidad estructural contrastada en fuentes documentales; mantenido en estado pendiente sin asignar deposit_id para evitar agrupaciones por proximidad
gpkg:44f874e0d3404a1c13ef2b13e6ecb8ea39b189992e387651298f79c6169e0960:3891,0230030,"XAUDELLA-MAYADONES MAYADICAS,PEÑA CANALES",LEON,Truchas,Aluvionar,aluvial,-6.351447892999943,42.310106964000056,False,coincide_si_lonlat,pos_0fe8de326bfab4a5,pendiente,validada,aluvial,,,,,100,auditoria_geologica_u3,2026-09-27,IGME BDMIN inventario indicios Hoja 0230; IGME MAGNA 50 Hoja 0230 https://info.igme.es/cartografiadigital/datos/magna50/memorias/MMagna0230.pdf,"Indicio 'XAUDELLA-MAYADONES MAYADICAS,PEÑA CANALES' sin laboreo minero probado o continuidad estructural contrastada en fuentes documentales; mantenido en estado pendiente sin asignar deposit_id para evitar agrupaciones por proximidad"
gpkg:44f874e0d3404a1c13ef2b13e6ecb8ea39b189992e387651298f79c6169e0960:3892,0230031,EL SIERRO,LEON,Truchas,Aluvionar,aluvial,-6.383435539999937,42.25843039200004,False,coincide_si_lonlat,pos_7b2902d76d8a8e9e,pendiente,validada,aluvial,,,,,100,auditoria_geologica_u3,2026-09-27,IGME BDMIN inventario indicios Hoja 0230; IGME MAGNA 50 Hoja 0230 https://info.igme.es/cartografiadigital/datos/magna50/memorias/MMagna0230.pdf,Indicio 'EL SIERRO' sin laboreo minero probado o continuidad estructural contrastada en fuentes documentales; mantenido en estado pendiente sin asignar deposit_id para evitar agrupaciones por proximidad
gpkg:44f874e0d3404a1c13ef2b13e6ecb8ea39b189992e387651298f79c6169e0960:3893,0230032,"MANZANEDA VALDEMEDA,LA RASA,EL CALILLON",LEON,Truchas,Aluvionar,aluvial,-6.30975280399997,42.26356842800004,False,coincide_si_lonlat,pos_bff9137865f6eeec,pendiente,validada,aluvial,,,,,100,auditoria_geologica_u3,2026-09-27,IGME BDMIN inventario indicios Hoja 0230; IGME MAGNA 50 Hoja 0230 https://info.igme.es/cartografiadigital/datos/magna50/memorias/MMagna0230.pdf,"Indicio 'MANZANEDA VALDEMEDA,LA RASA,EL CALILLON' sin laboreo minero probado o continuidad estructural contrastada en fuentes documentales; mantenido en estado pendiente sin asignar deposit_id para evitar agrupaciones por proximidad"
gpkg:44f874e0d3404a1c13ef2b13e6ecb8ea39b189992e387651298f79c6169e0960:3903,0230042,Minas de Castrocontrigo,LEON,Castrocontrigo,Aluvionar,aluvial,-6.221189999999979,42.175497000000064,False,crs_tabular_desconocido,pos_2b1e7c2cd3f67680,pendiente,validada,aluvial,,,,,100,auditoria_geologica_u3,2026-09-27,IGME BDMIN inventario indicios Hoja 0230; IGME MAGNA 50 Hoja 0230 https://info.igme.es/cartografiadigital/datos/magna50/memorias/MMagna0230.pdf,Indicio 'Minas de Castrocontrigo' sin laboreo minero probado o continuidad estructural contrastada en fuentes documentales; mantenido en estado pendiente sin asignar deposit_id para evitar agrupaciones por proximidad
gpkg:44f874e0d3404a1c13ef2b13e6ecb8ea39b189992e387651298f79c6169e0960:3904,0230043,Minas de Valdebecerra,LEON,Castrocontrigo,Aluvionar,aluvial,-6.197817999999927,42.17015500000008,False,crs_tabular_desconocido,pos_3796af2a2e19d8a2,pendiente,validada,aluvial,,,,,100,auditoria_geologica_u3,2026-09-27,IGME BDMIN inventario indicios Hoja 0230; IGME MAGNA 50 Hoja 0230 https://info.igme.es/cartografiadigital/datos/magna50/memorias/MMagna0230.pdf,Indicio 'Minas de Valdebecerra' sin laboreo minero probado o continuidad estructural contrastada en fuentes documentales; mantenido en estado pendiente sin asignar deposit_id para evitar agrupaciones por proximidad
gpkg:44f874e0d3404a1c13ef2b13e6ecb8ea39b189992e387651298f79c6169e0960:3905,0231001,RIO DUERNA VELILLA DE VALDUERNA,LEON,Castrillo de La Valduerna,Aluvionar,aluvial,-6.155749845999935,42.328919520000056,False,coincide_si_lonlat,pos_f1406849c72ebc54,pendiente,validada,aluvial,,,,,100,auditoria_geologica_u3,2026-09-27,IGME BDMIN inventario indicios Hoja 0231; IGME MAGNA 50 Hoja 0231 https://info.igme.es/cartografiadigital/datos/magna50/memorias/MMagna0231.pdf,Indicio 'RIO DUERNA VELILLA DE VALDUERNA' sin laboreo minero probado o continuidad estructural contrastada en fuentes documentales; mantenido en estado pendiente sin asignar deposit_id para evitar agrupaciones por proximidad
gpkg:44f874e0d3404a1c13ef2b13e6ecb8ea39b189992e387651298f79c6169e0960:3906,0231002,RIO DUERNA Minas de Priaranza y Castrillo,LEON,Luyego,Aluvionar,aluvial,-6.180027553999935,42.328799282000034,False,coincide_si_lonlat,pos_4ce55708796d1d2d,pendiente,validada,aluvial,,,,,100,auditoria_geologica_u3,2026-09-27,IGME BDMIN inventario indicios Hoja 0231; IGME MAGNA 50 Hoja 0231 https://info.igme.es/cartografiadigital/datos/magna50/memorias/MMagna0231.pdf,Indicio 'RIO DUERNA Minas de Priaranza y Castrillo' sin laboreo minero probado o continuidad estructural contrastada en fuentes documentales; mantenido en estado pendiente sin asignar deposit_id para evitar agrupaciones por proximidad
gpkg:44f874e0d3404a1c13ef2b13e6ecb8ea39b189992e387651298f79c6169e0960:3907,0231003,RIO DUERNA,LEON,Destriana,Aluvionar,aluvial,-6.1167513699999745,42.31389652000007,False,coincide_si_lonlat,pos_2275d07b4937f594,pendiente,validada,aluvial,,,,,100,auditoria_geologica_u3,2026-09-27,IGME BDMIN inventario indicios Hoja 0231; IGME MAGNA 50 Hoja 0231 https://info.igme.es/cartografiadigital/datos/magna50/memorias/MMagna0231.pdf,Indicio 'RIO DUERNA' sin laboreo minero probado o continuidad estructural contrastada en fuentes documentales; mantenido en estado pendiente sin asignar deposit_id para evitar agrupaciones por proximidad
gpkg:44f874e0d3404a1c13ef2b13e6ecb8ea39b189992e387651298f79c6169e0960:3908,0231004,RIO DUERNA,LEON,Castrillo de La Valduerna,Aluvionar,aluvial,-6.1342455109999605,42.32676266000004,False,coincide_si_lonlat,pos_13754c9f7c5701f1,pendiente,validada,aluvial,,,,,100,auditoria_geologica_u3,2026-09-27,IGME BDMIN inventario indicios Hoja 0231; IGME MAGNA 50 Hoja 0231 https://info.igme.es/cartografiadigital/datos/magna50/memorias/MMagna0231.pdf,Indicio 'RIO DUERNA' sin laboreo minero probado o continuidad estructural contrastada en fuentes documentales; mantenido en estado pendiente sin asignar deposit_id para evitar agrupaciones por proximidad
gpkg:44f874e0d3404a1c13ef2b13e6ecb8ea39b189992e387651298f79c6169e0960:3909,0231005,RIO DUERNA,LEON,Castrillo de La Valduerna,Aluvionar,aluvial,-6.110063819999937,42.32480442000008,False,coincide_si_lonlat,pos_7255266e468ceffe,pendiente,validada,aluvial,,,,,100,auditoria_geologica_u3,2026-09-27,IGME BDMIN inventario indicios Hoja 0231; IGME MAGNA 50 Hoja 0231 https://info.igme.es/cartografiadigital/datos/magna50/memorias/MMagna0231.pdf,Indicio 'RIO DUERNA' sin laboreo minero probado o continuidad estructural contrastada en fuentes documentales; mantenido en estado pendiente sin asignar deposit_id para evitar agrupaciones por proximidad
gpkg:44f874e0d3404a1c13ef2b13e6ecb8ea39b189992e387651298f79c6169e0960:3910,0231006,RIO VALTABUYO El Sardonal,LEON,Quintana y Congosto,Aluvionar,aluvial,-6.097229165999977,42.27405070800006,False,coincide_si_lonlat,pos_05062550f63bcf42,pendiente,validada,aluvial,,,,,100,auditoria_geologica_u3,2026-09-27,IGME BDMIN inventario indicios Hoja 0231; IGME MAGNA 50 Hoja 0231 https://info.igme.es/cartografiadigital/datos/magna50/memorias/MMagna0231.pdf,Indicio 'RIO VALTABUYO El Sardonal' sin laboreo minero probado o continuidad estructural contrastada en fuentes documentales; mantenido en estado pendiente sin asignar deposit_id para evitar agrupaciones por proximidad
gpkg:44f874e0d3404a1c13ef2b13e6ecb8ea39b189992e387651298f79c6169e0960:3911,0231007,RIO VALTABUYO Los Cabezos,LEON,Quintana y Congosto,Aluvionar,aluvial,-6.054903152999941,42.271619799000064,False,coincide_si_lonlat,pos_fbb213ef1095da5a,pendiente,validada,aluvial,,,,,100,auditoria_geologica_u3,2026-09-27,IGME BDMIN inventario indicios Hoja 0231; IGME MAGNA 50 Hoja 0231 https://info.igme.es/cartografiadigital/datos/magna50/memorias/MMagna0231.pdf,Indicio 'RIO VALTABUYO Los Cabezos' sin laboreo minero probado o continuidad estructural contrastada en fuentes documentales; mantenido en estado pendiente sin asignar deposit_id para evitar agrupaciones por proximidad
gpkg:44f874e0d3404a1c13ef2b13e6ecb8ea39b189992e387651298f79c6169e0960:3912,0231008,RIO VALTABUYO,LEON,Quintana y Congosto,Aluvionar,aluvial,-6.175555369999927,42.285013596000056,False,coincide_si_lonlat,pos_d208a53c15ddbeff,pendiente,validada,aluvial,,,,,100,auditoria_geologica_u3,2026-09-27,IGME BDMIN inventario indicios Hoja 0231; IGME MAGNA 50 Hoja 0231 https://info.igme.es/cartografiadigital/datos/magna50/memorias/MMagna0231.pdf,Indicio 'RIO VALTABUYO' sin laboreo minero probado o continuidad estructural contrastada en fuentes documentales; mantenido en estado pendiente sin asignar deposit_id para evitar agrupaciones por proximidad
gpkg:44f874e0d3404a1c13ef2b13e6ecb8ea39b189992e387651298f79c6169e0960:3913,0231009,RIO ERIA,LEON,Castrocontrigo,Aluvionar,aluvial,-6.16563498499994,42.181657521000034,False,coincide_si_lonlat,pos_0cd68b03116f91d3,pendiente,validada,aluvial,,,,,100,auditoria_geologica_u3,2026-09-27,IGME BDMIN inventario indicios Hoja 0231; IGME MAGNA 50 Hoja 0231 https://info.igme.es/cartografiadigital/datos/magna50/memorias/MMagna0231.pdf,Indicio 'RIO ERIA' sin laboreo minero probado o continuidad estructural contrastada en fuentes documentales; mantenido en estado pendiente sin asignar deposit_id para evitar agrupaciones por proximidad
gpkg:44f874e0d3404a1c13ef2b13e6ecb8ea39b189992e387651298f79c6169e0960:3914,0231010,RIO ERIA Terraza 4,LEON,Castrocontrigo,Aluvionar,aluvial,-6.158559719999971,42.18553474400005,False,coincide_si_lonlat,pos_b0e814f0a8c8e747,pendiente,validada,aluvial,,,,,100,auditoria_geologica_u3,2026-09-27,IGME BDMIN inventario indicios Hoja 0231; IGME MAGNA 50 Hoja 0231 https://info.igme.es/cartografiadigital/datos/magna50/memorias/MMagna0231.pdf,Indicio 'RIO ERIA Terraza 4' sin laboreo minero probado o continuidad estructural contrastada en fuentes documentales; mantenido en estado pendiente sin asignar deposit_id para evitar agrupaciones por proximidad
gpkg:44f874e0d3404a1c13ef2b13e6ecb8ea39b189992e387651298f79c6169e0960:3915,0231011,NOGAREJAS,LEON,Castrocontrigo,Aluvionar,aluvial,-6.142993498999942,42.20045685800005,False,coincide_si_lonlat,pos_d42c75ba5dffd769,pendiente,validada,aluvial,,,,,100,auditoria_geologica_u3,2026-09-27,IGME BDMIN inventario indicios Hoja 0231; IGME MAGNA 50 Hoja 0231 https://info.igme.es/cartografiadigital/datos/magna50/memorias/MMagna0231.pdf,Indicio 'NOGAREJAS' sin laboreo minero probado o continuidad estructural contrastada en fuentes documentales; mantenido en estado pendiente sin asignar deposit_id para evitar agrupaciones por proximidad
gpkg:44f874e0d3404a1c13ef2b13e6ecb8ea39b189992e387651298f79c6169e0960:3916,0231012,RIO ERIA PINILLA DE VALDERIA,LEON,Castrocontrigo,Aluvionar,aluvial,-6.087965330999964,42.185563813000044,False,coincide_si_lonlat,pos_55822aadb289be38,confirmada,validada,aluvial,dep_valderia_nogarejas,dist_leon_valderia,,,100,auditoria_geologica_u3,2026-09-27,IGME MAGNA 50 Hoja 231 (Castrocalbón) https://info.igme.es/cartografiadigital/datos/magna50/memorias/MMagna0231.pdf,Labores y frentes aluviales romanos en las terrazas auríferas del valle del río Eria
gpkg:44f874e0d3404a1c13ef2b13e6ecb8ea39b189992e387651298f79c6169e0960:3917,0231013,RIO JAMUZ,LEON,Quintana y Congosto,Aluvionar,aluvial,-6.109912883999925,42.25654091400003,False,coincide_si_lonlat,pos_697f82d49600130a,confirmada,validada,aluvial,dep_valderia_nogarejas,dist_leon_valderia,,,100,auditoria_geologica_u3,2026-09-27,IGME MAGNA 50 Hoja 231 (Castrocalbón) https://info.igme.es/cartografiadigital/datos/magna50/memorias/MMagna0231.pdf,Labores y frentes aluviales romanos en las terrazas auríferas del valle del río Eria
gpkg:44f874e0d3404a1c13ef2b13e6ecb8ea39b189992e387651298f79c6169e0960:3918,0231014,Labores de Quintanilla de Florez,LEON,Quintana y Congosto,Aluvionar,aluvial,-6.109511999999938,42.25900500000006,False,crs_tabular_desconocido,pos_bc0ac1e53a498548,confirmada,validada,aluvial,dep_valderia_nogarejas,dist_leon_valderia,,,100,auditoria_geologica_u3,2026-09-27,IGME MAGNA 50 Hoja 231 (Castrocalbón) https://info.igme.es/cartografiadigital/datos/magna50/memorias/MMagna0231.pdf,Labores y frentes aluviales romanos en las terrazas auríferas del valle del río Eria
gpkg:44f874e0d3404a1c13ef2b13e6ecb8ea39b189992e387651298f79c6169e0960:3919,0231015,Labores mineras de San Esteban de Nogales,LEON,San Esteban de Nogales,Aluvionar,aluvial,-5.927011999999934,42.168026000000054,False,crs_tabular_desconocido,pos_6d9440ea840fbb7d,pendiente,validada,aluvial,,,,,100,auditoria_geologica_u3,2026-09-27,IGME BDMIN inventario indicios Hoja 0231; IGME MAGNA 50 Hoja 0231 https://info.igme.es/cartografiadigital/datos/magna50/memorias/MMagna0231.pdf,Indicio 'Labores mineras de San Esteban de Nogales' sin laboreo minero probado o continuidad estructural contrastada en fuentes documentales; mantenido en estado pendiente sin asignar deposit_id para evitar agrupaciones por proximidad
gpkg:44f874e0d3404a1c13ef2b13e6ecb8ea39b189992e387651298f79c6169e0960:3966,0261011,LAUSADO,PONTEVEDRA,Oia,Aluvionar,aluvial,-8.805198718999975,42.033233591000055,False,coincide_si_lonlat,pos_d76ae34a792eebef,pendiente,validada,aluvial,,,,,100,auditoria_geologica_u3,2026-09-27,IGME BDMIN inventario indicios Hoja 0261; IGME MAGNA 50 Hoja 0261 https://info.igme.es/cartografiadigital/datos/magna50/memorias/MMagna0261.pdf,Indicio 'LAUSADO' sin laboreo minero probado o continuidad estructural contrastada en fuentes documentales; mantenido en estado pendiente sin asignar deposit_id para evitar agrupaciones por proximidad
gpkg:44f874e0d3404a1c13ef2b13e6ecb8ea39b189992e387651298f79c6169e0960:3969,0261014,ALTO DE POZAS,PONTEVEDRA,Gondomar,Filoniana,roca,-8.800641144999929,42.061326577000045,False,coincide_si_lonlat,pos_50795d233a003d6b,confirmada,validada,roca,dep_tomino_vilachan,dist_galicia_sur_tomino,,,50,auditoria_geologica_u3,2026-09-27,IGME MAGNA 50 Hoja 261 (Tomiño) https://info.igme.es/cartografiadigital/datos/magna50/memorias/MMagna0261.pdf,Enjambre de filones de cuarzo aurífero con arsenopirita y pirita en el leucogranito de dos micas de Tomiño-Vilachán
gpkg:44f874e0d3404a1c13ef2b13e6ecb8ea39b189992e387651298f79c6169e0960:3970,0261015,ALTO DE POZAS,PONTEVEDRA,Tomiño,Filoniana,roca,-8.796437297999944,42.053033019000054,False,coincide_si_lonlat,pos_5c7ea4ae3a0779da,confirmada,validada,roca,dep_tomino_vilachan,dist_galicia_sur_tomino,,,50,auditoria_geologica_u3,2026-09-27,IGME MAGNA 50 Hoja 261 (Tomiño) https://info.igme.es/cartografiadigital/datos/magna50/memorias/MMagna0261.pdf,Enjambre de filones de cuarzo aurífero con arsenopirita y pirita en el leucogranito de dos micas de Tomiño-Vilachán
gpkg:44f874e0d3404a1c13ef2b13e6ecb8ea39b189992e387651298f79c6169e0960:3971,0261016,PINZAS,PONTEVEDRA,Tomiño,Filoniana,roca,-8.796410894999951,42.061319120000064,False,coincide_si_lonlat,pos_ed3fb36c762c1108,confirmada,validada,roca,dep_tomino_vilachan,dist_galicia_sur_tomino,,,50,auditoria_geologica_u3,2026-09-27,IGME MAGNA 50 Hoja 261 (Tomiño) https://info.igme.es/cartografiadigital/datos/magna50/memorias/MMagna0261.pdf,Enjambre de filones de cuarzo aurífero con arsenopirita y pirita en el leucogranito de dos micas de Tomiño-Vilachán
gpkg:44f874e0d3404a1c13ef2b13e6ecb8ea39b189992e387651298f79c6169e0960:3972,0261017,VILACHAN DO MONTE,PONTEVEDRA,Tomiño,Filoniana,roca,-8.788881781999976,42.03545633700003,False,coincide_si_lonlat,pos_eccfd35fbb55aabe,confirmada,validada,roca,dep_tomino_vilachan,dist_galicia_sur_tomino,,,50,auditoria_geologica_u3,2026-09-27,IGME MAGNA 50 Hoja 261 (Tomiño) https://info.igme.es/cartografiadigital/datos/magna50/memorias/MMagna0261.pdf,Enjambre de filones de cuarzo aurífero con arsenopirita y pirita en el leucogranito de dos micas de Tomiño-Vilachán
gpkg:44f874e0d3404a1c13ef2b13e6ecb8ea39b189992e387651298f79c6169e0960:3973,0261018,,PONTEVEDRA,Tomiño,Filoniana,roca,-8.80638367499995,42.04089129400006,False,coincide_si_lonlat,pos_165b04510e1e100d,confirmada,validada,roca,dep_tomino_vilachan,dist_galicia_sur_tomino,,,50,auditoria_geologica_u3,2026-09-27,IGME MAGNA 50 Hoja 261 (Tomiño) https://info.igme.es/cartografiadigital/datos/magna50/memorias/MMagna0261.pdf,Enjambre de filones de cuarzo aurífero con arsenopirita y pirita en el leucogranito de dos micas de Tomiño-Vilachán
gpkg:44f874e0d3404a1c13ef2b13e6ecb8ea39b189992e387651298f79c6169e0960:3974,0261019,,PONTEVEDRA,Tomiño,Filoniana,roca,-8.80471739099994,42.036565247000055,False,coincide_si_lonlat,pos_4ad2a0ecb247c6a0,confirmada,validada,roca,dep_tomino_vilachan,dist_galicia_sur_tomino,,,50,auditoria_geologica_u3,2026-09-27,IGME MAGNA 50 Hoja 261 (Tomiño) https://info.igme.es/cartografiadigital/datos/magna50/memorias/MMagna0261.pdf,Enjambre de filones de cuarzo aurífero con arsenopirita y pirita en el leucogranito de dos micas de Tomiño-Vilachán
gpkg:44f874e0d3404a1c13ef2b13e6ecb8ea39b189992e387651298f79c6169e0960:3975,0261020,,PONTEVEDRA,Oia,Filoniana,roca,-8.804608668999947,42.03260211500003,False,coincide_si_lonlat,pos_e2e9782163197b2a,pendiente,validada,roca,,,,,100,auditoria_geologica_u3,2026-09-27,IGME BDMIN inventario indicios Hoja 0261; IGME MAGNA 50 Hoja 0261 https://info.igme.es/cartografiadigital/datos/magna50/memorias/MMagna0261.pdf,Indicio menor/muestra de batea fluvial sin denominación minera ni laboreo contrastado; mantenido en estado pendiente sin asignar deposit_id para evitar agrupaciones espurias
gpkg:44f874e0d3404a1c13ef2b13e6ecb8ea39b189992e387651298f79c6169e0960:3976,0261021,,PONTEVEDRA,Oia,Filoniana,roca,-8.804988095999931,42.023055655000064,False,coincide_si_lonlat,pos_1ee755a23e3e2192,pendiente,validada,roca,,,,,100,auditoria_geologica_u3,2026-09-27,IGME BDMIN inventario indicios Hoja 0261; IGME MAGNA 50 Hoja 0261 https://info.igme.es/cartografiadigital/datos/magna50/memorias/MMagna0261.pdf,Indicio menor/muestra de batea fluvial sin denominación minera ni laboreo contrastado; mantenido en estado pendiente sin asignar deposit_id para evitar agrupaciones espurias
gpkg:44f874e0d3404a1c13ef2b13e6ecb8ea39b189992e387651298f79c6169e0960:3977,0261022,VILARIÑO,PONTEVEDRA,Oia,Filoniana,roca,-8.803811906999954,42.01269591000005,False,coincide_si_lonlat,pos_e8c3ff2735c416db,pendiente,validada,roca,,,,,100,auditoria_geologica_u3,2026-09-27,IGME BDMIN inventario indicios Hoja 0261; IGME MAGNA 50 Hoja 0261 https://info.igme.es/cartografiadigital/datos/magna50/memorias/MMagna0261.pdf,Indicio 'VILARIÑO' sin laboreo minero probado o continuidad estructural contrastada en fuentes documentales; mantenido en estado pendiente sin asignar deposit_id para evitar agrupaciones por proximidad
gpkg:44f874e0d3404a1c13ef2b13e6ecb8ea39b189992e387651298f79c6169e0960:3978,0261023,PEDRADA,PONTEVEDRA,Tomiño,Filoniana,roca,-8.781003497999961,42.00752076100008,False,coincide_si_lonlat,pos_00a0def59ef5ab45,confirmada,validada,roca,dep_tomino_vilachan,dist_galicia_sur_tomino,,,50,auditoria_geologica_u3,2026-09-27,IGME MAGNA 50 Hoja 261 (Tomiño) https://info.igme.es/cartografiadigital/datos/magna50/memorias/MMagna0261.pdf,Enjambre de filones de cuarzo aurífero con arsenopirita y pirita en el leucogranito de dos micas de Tomiño-Vilachán
gpkg:44f874e0d3404a1c13ef2b13e6ecb8ea39b189992e387651298f79c6169e0960:3979,0261024,PEDRADA,PONTEVEDRA,Tomiño,Filoniana,roca,-8.775943542999926,42.00751099800004,False,coincide_si_lonlat,pos_1b06adb1c0247308,confirmada,validada,roca,dep_tomino_vilachan,dist_galicia_sur_tomino,,,50,auditoria_geologica_u3,2026-09-27,IGME MAGNA 50 Hoja 261 (Tomiño) https://info.igme.es/cartografiadigital/datos/magna50/memorias/MMagna0261.pdf,Enjambre de filones de cuarzo aurífero con arsenopirita y pirita en el leucogranito de dos micas de Tomiño-Vilachán
gpkg:44f874e0d3404a1c13ef2b13e6ecb8ea39b189992e387651298f79c6169e0960:3980,0261025,ALTO DE POZAS,PONTEVEDRA,Tomiño,Filoniana,roca,-8.803314580999938,42.05664773500007,False,coincide_si_lonlat,pos_8b8cb02bc7b6c7ba,confirmada,validada,roca,dep_tomino_vilachan,dist_galicia_sur_tomino,,,50,auditoria_geologica_u3,2026-09-27,IGME MAGNA 50 Hoja 261 (Tomiño) https://info.igme.es/cartografiadigital/datos/magna50/memorias/MMagna0261.pdf,Enjambre de filones de cuarzo aurífero con arsenopirita y pirita en el leucogranito de dos micas de Tomiño-Vilachán
gpkg:44f874e0d3404a1c13ef2b13e6ecb8ea39b189992e387651298f79c6169e0960:3985,0263001,FUENTECHIZ - CEJO,ORENSE,Verea,Filoniana,roca,-8.01038011299994,42.103890439000054,False,coincide_si_lonlat,pos_e1d732ebbb1a1eec,pendiente,validada,roca,,,,,100,auditoria_geologica_u3,2026-09-27,IGME BDMIN inventario indicios Hoja 0263; IGME MAGNA 50 Hoja 0263 https://info.igme.es/cartografiadigital/datos/magna50/memorias/MMagna0263.pdf,Indicio 'FUENTECHIZ - CEJO' sin laboreo minero probado o continuidad estructural contrastada en fuentes documentales; mantenido en estado pendiente sin asignar deposit_id para evitar agrupaciones por proximidad
gpkg:44f874e0d3404a1c13ef2b13e6ecb8ea39b189992e387651298f79c6169e0960:3998,0265001,LAZA,ORENSE,Laza,Irregular,desconocido,-7.484286808999968,42.02744705500004,False,coincide_si_lonlat,pos_d53ac0e8452bf3f7,pendiente,validada,desconocido,,,,,100,auditoria_geologica_u3,2026-09-27,IGME BDMIN inventario indicios Hoja 0265; IGME MAGNA 50 Hoja 0265 https://info.igme.es/cartografiadigital/datos/magna50/memorias/MMagna0265.pdf,Indicio 'LAZA' sin laboreo minero probado o continuidad estructural contrastada en fuentes documentales; mantenido en estado pendiente sin asignar deposit_id para evitar agrupaciones por proximidad
gpkg:44f874e0d3404a1c13ef2b13e6ecb8ea39b189992e387651298f79c6169e0960:4010,0266004,LAS MOREIRAS RIO CAMBA,ORENSE,Viana do Bolo,Aluvionar,aluvial,-7.171151080999948,42.12132148100005,False,coincide_si_lonlat,pos_5ccbd60ef10522ae,confirmada,validada,aluvial,dep_medulas_de_teijeira,dist_galicia_viana_del_bollo,,,50,auditoria_geologica_u3,2026-09-27,IGME MAGNA 50 Hoja 266 (Viana del Bollo) https://info.igme.es/cartografiadigital/datos/magna50/memorias/MMagna0266.pdf,Minería hidráulica romana aluvial en los abanicos y terrazas auríferas de Las Médulas de Teijeira y río Camba
gpkg:44f874e0d3404a1c13ef2b13e6ecb8ea39b189992e387651298f79c6169e0960:4022,0266016,LAS MEDULAS DE TEI JEIRA.,ORENSE,Viana do Bolo,Aluvionar,aluvial,-7.119214331999956,42.15128254200005,False,coincide_si_lonlat,pos_b07a7f9cce1f203e,confirmada,validada,aluvial,dep_medulas_de_teijeira,dist_galicia_viana_del_bollo,,,50,auditoria_geologica_u3,2026-09-27,IGME MAGNA 50 Hoja 266 (Viana del Bollo) https://info.igme.es/cartografiadigital/datos/magna50/memorias/MMagna0266.pdf,Minería hidráulica romana aluvial en los abanicos y terrazas auríferas de Las Médulas de Teijeira y río Camba
gpkg:44f874e0d3404a1c13ef2b13e6ecb8ea39b189992e387651298f79c6169e0960:4029,0268001,RIO DE LA RIVERA,ZAMORA,Muelas de los Caballeros,Aluvionar,aluvial,-6.329104970999936,42.14109640000004,False,coincide_si_lonlat,pos_95a8c7fbfd7b809c,pendiente,validada,aluvial,,,,,100,auditoria_geologica_u3,2026-09-27,IGME BDMIN inventario indicios Hoja 0268; IGME MAGNA 50 Hoja 0268 https://info.igme.es/cartografiadigital/datos/magna50/memorias/MMagna0268.pdf,Indicio 'RIO DE LA RIVERA' sin laboreo minero probado o continuidad estructural contrastada en fuentes documentales; mantenido en estado pendiente sin asignar deposit_id para evitar agrupaciones por proximidad
gpkg:44f874e0d3404a1c13ef2b13e6ecb8ea39b189992e387651298f79c6169e0960:4030,0268002,OCELO DE ESPADAÑEDO,ZAMORA,Espadañedo,Aluvionar,aluvial,-6.3767422669999405,42.109776268000076,False,coincide_si_lonlat,pos_7c43e56a646ba063,pendiente,validada,aluvial,,,,,100,auditoria_geologica_u3,2026-09-27,IGME BDMIN inventario indicios Hoja 0268; IGME MAGNA 50 Hoja 0268 https://info.igme.es/cartografiadigital/datos/magna50/memorias/MMagna0268.pdf,Indicio 'OCELO DE ESPADAÑEDO' sin laboreo minero probado o continuidad estructural contrastada en fuentes documentales; mantenido en estado pendiente sin asignar deposit_id para evitar agrupaciones por proximidad
gpkg:44f874e0d3404a1c13ef2b13e6ecb8ea39b189992e387651298f79c6169e0960:4038,0269007,Labores de Valseco,LEON,Castrocontrigo,Aluvionar,aluvial,-6.087749999999971,42.16552000000007,False,crs_tabular_desconocido,pos_a2081d3db7c2da3a,pendiente,validada,aluvial,,,,,100,auditoria_geologica_u3,2026-09-27,IGME BDMIN inventario indicios Hoja 0269; IGME MAGNA 50 Hoja 0269 https://info.igme.es/cartografiadigital/datos/magna50/memorias/MMagna0269.pdf,Indicio 'Labores de Valseco' sin laboreo minero probado o continuidad estructural contrastada en fuentes documentales; mantenido en estado pendiente sin asignar deposit_id para evitar agrupaciones por proximidad
gpkg:44f874e0d3404a1c13ef2b13e6ecb8ea39b189992e387651298f79c6169e0960:4078,0299003,MORAN,PONTEVEDRA,"Rosal, O",Desconocida,desconocido,-8.810953863999941,41.929215584000076,False,coincide_si_lonlat,pos_ff75fbdebff1457b,pendiente,validada,desconocido,,,,,100,auditoria_geologica_u3,2026-09-27,IGME BDMIN inventario indicios Hoja 0299; IGME MAGNA 50 Hoja 0299 https://info.igme.es/cartografiadigital/datos/magna50/memorias/MMagna0299.pdf,Indicio 'MORAN' sin laboreo minero probado o continuidad estructural contrastada en fuentes documentales; mantenido en estado pendiente sin asignar deposit_id para evitar agrupaciones por proximidad
gpkg:44f874e0d3404a1c13ef2b13e6ecb8ea39b189992e387651298f79c6169e0960:4082,0299007,VALDEMIÑOTOS,PONTEVEDRA,"Rosal, O",Filoniana,roca,-8.821780880999938,41.93508736500007,False,coincide_si_lonlat,pos_a79370ac4d7bcbe0,pendiente,validada,roca,,,,,100,auditoria_geologica_u3,2026-09-27,IGME BDMIN inventario indicios Hoja 0299; IGME MAGNA 50 Hoja 0299 https://info.igme.es/cartografiadigital/datos/magna50/memorias/MMagna0299.pdf,Indicio 'VALDEMIÑOTOS' sin laboreo minero probado o continuidad estructural contrastada en fuentes documentales; mantenido en estado pendiente sin asignar deposit_id para evitar agrupaciones por proximidad
gpkg:44f874e0d3404a1c13ef2b13e6ecb8ea39b189992e387651298f79c6169e0960:4083,0299008,VALDEMIÑOTOS,PONTEVEDRA,"Rosal, O",Filoniana,roca,-8.821799562999956,41.928332383000054,False,coincide_si_lonlat,pos_cfd8c385bc134592,pendiente,validada,roca,,,,,100,auditoria_geologica_u3,2026-09-27,IGME BDMIN inventario indicios Hoja 0299; IGME MAGNA 50 Hoja 0299 https://info.igme.es/cartografiadigital/datos/magna50/memorias/MMagna0299.pdf,Indicio 'VALDEMIÑOTOS' sin laboreo minero probado o continuidad estructural contrastada en fuentes documentales; mantenido en estado pendiente sin asignar deposit_id para evitar agrupaciones por proximidad
gpkg:44f874e0d3404a1c13ef2b13e6ecb8ea39b189992e387651298f79c6169e0960:4139,0305009,,ZAMORA,Hermisende,Desconocida,desconocido,-6.839005654999937,41.945512559000065,False,coincide_si_lonlat,pos_2dc861491312ba3a,pendiente,validada,desconocido,,,,,100,auditoria_geologica_u3,2026-09-27,IGME BDMIN inventario indicios Hoja 0305; IGME MAGNA 50 Hoja 0305 https://info.igme.es/cartografiadigital/datos/magna50/memorias/MMagna0305.pdf,Indicio menor/muestra de batea fluvial sin denominación minera ni laboreo contrastado; mantenido en estado pendiente sin asignar deposit_id para evitar agrupaciones espurias
gpkg:44f874e0d3404a1c13ef2b13e6ecb8ea39b189992e387651298f79c6169e0960:4140,0305010,La Bismadre,ZAMORA,Hermisende,Filoniana,roca,-6.842273250999938,41.95593104300008,False,coincide_si_lonlat,pos_bc999e68917404d5,pendiente,validada,roca,,,,,100,auditoria_geologica_u3,2026-09-27,IGME BDMIN inventario indicios Hoja 0305; IGME MAGNA 50 Hoja 0305 https://info.igme.es/cartografiadigital/datos/magna50/memorias/MMagna0305.pdf,Indicio 'La Bismadre' sin laboreo minero probado o continuidad estructural contrastada en fuentes documentales; mantenido en estado pendiente sin asignar deposit_id para evitar agrupaciones por proximidad
gpkg:44f874e0d3404a1c13ef2b13e6ecb8ea39b189992e387651298f79c6169e0960:4247,0339020,Las Cogollas(Generala y Brigadiera).,ZAMORA,Losacio,Filoniana,roca,-6.017060929999957,41.72176209200006,False,coincide_si_lonlat,pos_ec88fb3a5ef2df2a,pendiente,validada,roca,,,,,100,auditoria_geologica_u3,2026-09-27,IGME BDMIN inventario indicios Hoja 0339; IGME MAGNA 50 Hoja 0339 https://info.igme.es/cartografiadigital/datos/magna50/memorias/MMagna0339.pdf,Indicio 'Las Cogollas(Generala y Brigadiera).' sin laboreo minero probado o continuidad estructural contrastada en fuentes documentales; mantenido en estado pendiente sin asignar deposit_id para evitar agrupaciones por proximidad
gpkg:44f874e0d3404a1c13ef2b13e6ecb8ea39b189992e387651298f79c6169e0960:4343,0368001,,ZAMORA,Fonfría,Filoniana,roca,-6.1607343199999605,41.61193027400003,False,coincide_si_lonlat,pos_9a187ccdcacc20bb,pendiente,validada,roca,,,,,100,auditoria_geologica_u3,2026-09-27,IGME BDMIN inventario indicios Hoja 0368; IGME MAGNA 50 Hoja 0368 https://info.igme.es/cartografiadigital/datos/magna50/memorias/MMagna0368.pdf,Indicio menor/muestra de batea fluvial sin denominación minera ni laboreo contrastado; mantenido en estado pendiente sin asignar deposit_id para evitar agrupaciones espurias
gpkg:44f874e0d3404a1c13ef2b13e6ecb8ea39b189992e387651298f79c6169e0960:4344,0368002,Arroyo del Gibrero,ZAMORA,Pino,Irregular,desconocido,-6.115347674999953,41.58017941700007,False,coincide_si_lonlat,pos_acec383f7b7c1801,confirmada,validada,roca,dep_pino_del_oro,dist_zamora_duero,,,50,auditoria_geologica_u3,2026-09-27,"Currás, B.X. & Sánchez-Palencia, F.J. (2008) Arqueología en Castilla y León 18:1-185; Sánchez-García, T. et al. (2008) Geotemas 10:1515-1518; IGME MAGNA 50 Hoja 368 (Carbajales de Alba) https://info.igme.es/cartografiadigital/datos/magna50/memorias/MMagna0368.pdf","Enjambre filoniano de cuarzo aurífero y cortas romanas a cielo abierto (El Facho, Ladrón, Gibrero y trincheras numeradas) en el batolito granodiorítico de Pino del Oro; sistema mineral continuo delimitado por CSIC/Junta de CyL"
gpkg:44f874e0d3404a1c13ef2b13e6ecb8ea39b189992e387651298f79c6169e0960:4345,0368003,Afueras de Pino,ZAMORA,Pino,Filoniana,roca,-6.124473310999974,41.57725608700008,False,coincide_si_lonlat,pos_1d505fc44e0b4318,confirmada,validada,roca,dep_pino_del_oro,dist_zamora_duero,,,50,auditoria_geologica_u3,2026-09-27,"Currás, B.X. & Sánchez-Palencia, F.J. (2008) Arqueología en Castilla y León 18:1-185; Sánchez-García, T. et al. (2008) Geotemas 10:1515-1518; IGME MAGNA 50 Hoja 368 (Carbajales de Alba) https://info.igme.es/cartografiadigital/datos/magna50/memorias/MMagna0368.pdf","Enjambre filoniano de cuarzo aurífero y cortas romanas a cielo abierto (El Facho, Ladrón, Gibrero y trincheras numeradas) en el batolito granodiorítico de Pino del Oro; sistema mineral continuo delimitado por CSIC/Junta de CyL"
gpkg:44f874e0d3404a1c13ef2b13e6ecb8ea39b189992e387651298f79c6169e0960:4346,0368004,Nuevo,ZAMORA,Pino,Filoniana,roca,-6.1049868209999545,41.57046256500007,False,coincide_si_lonlat,pos_4bcd969d18c577bd,confirmada,validada,roca,dep_pino_del_oro,dist_zamora_duero,,,50,auditoria_geologica_u3,2026-09-27,"Currás, B.X. & Sánchez-Palencia, F.J. (2008) Arqueología en Castilla y León 18:1-185; Sánchez-García, T. et al. (2008) Geotemas 10:1515-1518; IGME MAGNA 50 Hoja 368 (Carbajales de Alba) https://info.igme.es/cartografiadigital/datos/magna50/memorias/MMagna0368.pdf","Enjambre filoniano de cuarzo aurífero y cortas romanas a cielo abierto (El Facho, Ladrón, Gibrero y trincheras numeradas) en el batolito granodiorítico de Pino del Oro; sistema mineral continuo delimitado por CSIC/Junta de CyL"
gpkg:44f874e0d3404a1c13ef2b13e6ecb8ea39b189992e387651298f79c6169e0960:4350,0368008,,ZAMORA,Fonfría,Filoniana,roca,-6.164409409999962,41.610219846000064,False,coincide_si_lonlat,pos_1942108aac96bdd8,pendiente,validada,roca,,,,,100,auditoria_geologica_u3,2026-09-27,IGME BDMIN inventario indicios Hoja 0368; IGME MAGNA 50 Hoja 0368 https://info.igme.es/cartografiadigital/datos/magna50/memorias/MMagna0368.pdf,Indicio menor/muestra de batea fluvial sin denominación minera ni laboreo contrastado; mantenido en estado pendiente sin asignar deposit_id para evitar agrupaciones espurias
gpkg:44f874e0d3404a1c13ef2b13e6ecb8ea39b189992e387651298f79c6169e0960:4361,0368019,,ZAMORA,Pino,Filoniana,roca,-6.119221019999941,41.58748136600008,False,coincide_si_lonlat,pos_e9b65e35733f21a6,confirmada,validada,roca,dep_pino_del_oro,dist_zamora_duero,,,50,auditoria_geologica_u3,2026-09-27,"Currás, B.X. & Sánchez-Palencia, F.J. (2008) Arqueología en Castilla y León 18:1-185; Sánchez-García, T. et al. (2008) Geotemas 10:1515-1518; IGME MAGNA 50 Hoja 368 (Carbajales de Alba) https://info.igme.es/cartografiadigital/datos/magna50/memorias/MMagna0368.pdf","Enjambre filoniano de cuarzo aurífero y cortas romanas a cielo abierto (El Facho, Ladrón, Gibrero y trincheras numeradas) en el batolito granodiorítico de Pino del Oro; sistema mineral continuo delimitado por CSIC/Junta de CyL"
gpkg:44f874e0d3404a1c13ef2b13e6ecb8ea39b189992e387651298f79c6169e0960:4362,0368020,,ZAMORA,Pino,Filoniana,roca,-6.127070020999952,41.59983594000005,False,coincide_si_lonlat,pos_7a88e6bca1eaf505,confirmada,validada,roca,dep_pino_del_oro,dist_zamora_duero,,,50,auditoria_geologica_u3,2026-09-27,"Currás, B.X. & Sánchez-Palencia, F.J. (2008) Arqueología en Castilla y León 18:1-185; Sánchez-García, T. et al. (2008) Geotemas 10:1515-1518; IGME MAGNA 50 Hoja 368 (Carbajales de Alba) https://info.igme.es/cartografiadigital/datos/magna50/memorias/MMagna0368.pdf","Enjambre filoniano de cuarzo aurífero y cortas romanas a cielo abierto (El Facho, Ladrón, Gibrero y trincheras numeradas) en el batolito granodiorítico de Pino del Oro; sistema mineral continuo delimitado por CSIC/Junta de CyL"
gpkg:44f874e0d3404a1c13ef2b13e6ecb8ea39b189992e387651298f79c6169e0960:4363,0368021,El Facho,ZAMORA,Pino,Filoniana,roca,-6.131703131999927,41.59004515500004,False,coincide_si_lonlat,pos_63716c41fdb1a695,confirmada,validada,roca,dep_pino_del_oro,dist_zamora_duero,,,50,auditoria_geologica_u3,2026-09-27,"Currás, B.X. & Sánchez-Palencia, F.J. (2008) Arqueología en Castilla y León 18:1-185; Sánchez-García, T. et al. (2008) Geotemas 10:1515-1518; IGME MAGNA 50 Hoja 368 (Carbajales de Alba) https://info.igme.es/cartografiadigital/datos/magna50/memorias/MMagna0368.pdf","Enjambre filoniano de cuarzo aurífero y cortas romanas a cielo abierto (El Facho, Ladrón, Gibrero y trincheras numeradas) en el batolito granodiorítico de Pino del Oro; sistema mineral continuo delimitado por CSIC/Junta de CyL"
gpkg:44f874e0d3404a1c13ef2b13e6ecb8ea39b189992e387651298f79c6169e0960:4364,0368022,Ladrón,ZAMORA,Pino,Filoniana,roca,-6.134778513999947,41.588320698000075,False,coincide_si_lonlat,pos_19c743198869b60e,confirmada,validada,roca,dep_pino_del_oro,dist_zamora_duero,,,50,auditoria_geologica_u3,2026-09-27,"Currás, B.X. & Sánchez-Palencia, F.J. (2008) Arqueología en Castilla y León 18:1-185; Sánchez-García, T. et al. (2008) Geotemas 10:1515-1518; IGME MAGNA 50 Hoja 368 (Carbajales de Alba) https://info.igme.es/cartografiadigital/datos/magna50/memorias/MMagna0368.pdf","Enjambre filoniano de cuarzo aurífero y cortas romanas a cielo abierto (El Facho, Ladrón, Gibrero y trincheras numeradas) en el batolito granodiorítico de Pino del Oro; sistema mineral continuo delimitado por CSIC/Junta de CyL"
gpkg:44f874e0d3404a1c13ef2b13e6ecb8ea39b189992e387651298f79c6169e0960:4365,0368023,,ZAMORA,Pino,Filoniana,roca,-6.132421787999931,41.58736130600005,False,coincide_si_lonlat,pos_b992d36dd3fb8a70,confirmada,validada,roca,dep_pino_del_oro,dist_zamora_duero,,,50,auditoria_geologica_u3,2026-09-27,"Currás, B.X. & Sánchez-Palencia, F.J. (2008) Arqueología en Castilla y León 18:1-185; Sánchez-García, T. et al. (2008) Geotemas 10:1515-1518; IGME MAGNA 50 Hoja 368 (Carbajales de Alba) https://info.igme.es/cartografiadigital/datos/magna50/memorias/MMagna0368.pdf","Enjambre filoniano de cuarzo aurífero y cortas romanas a cielo abierto (El Facho, Ladrón, Gibrero y trincheras numeradas) en el batolito granodiorítico de Pino del Oro; sistema mineral continuo delimitado por CSIC/Junta de CyL"
gpkg:44f874e0d3404a1c13ef2b13e6ecb8ea39b189992e387651298f79c6169e0960:4366,0368024,,ZAMORA,Pino,Irregular,desconocido,-6.122556349999968,41.579909884000074,False,coincide_si_lonlat,pos_e54b829d5e532d18,confirmada,validada,roca,dep_pino_del_oro,dist_zamora_duero,,,50,auditoria_geologica_u3,2026-09-27,"Currás, B.X. & Sánchez-Palencia, F.J. (2008) Arqueología en Castilla y León 18:1-185; Sánchez-García, T. et al. (2008) Geotemas 10:1515-1518; IGME MAGNA 50 Hoja 368 (Carbajales de Alba) https://info.igme.es/cartografiadigital/datos/magna50/memorias/MMagna0368.pdf","Enjambre filoniano de cuarzo aurífero y cortas romanas a cielo abierto (El Facho, Ladrón, Gibrero y trincheras numeradas) en el batolito granodiorítico de Pino del Oro; sistema mineral continuo delimitado por CSIC/Junta de CyL"
gpkg:44f874e0d3404a1c13ef2b13e6ecb8ea39b189992e387651298f79c6169e0960:4367,0368025,,ZAMORA,Pino,Filoniana,roca,-6.124832799999979,41.58266866300005,False,coincide_si_lonlat,pos_b65c9d0def63f9a5,confirmada,validada,roca,dep_pino_del_oro,dist_zamora_duero,,,50,auditoria_geologica_u3,2026-09-27,"Currás, B.X. & Sánchez-Palencia, F.J. (2008) Arqueología en Castilla y León 18:1-185; Sánchez-García, T. et al. (2008) Geotemas 10:1515-1518; IGME MAGNA 50 Hoja 368 (Carbajales de Alba) https://info.igme.es/cartografiadigital/datos/magna50/memorias/MMagna0368.pdf","Enjambre filoniano de cuarzo aurífero y cortas romanas a cielo abierto (El Facho, Ladrón, Gibrero y trincheras numeradas) en el batolito granodiorítico de Pino del Oro; sistema mineral continuo delimitado por CSIC/Junta de CyL"
gpkg:44f874e0d3404a1c13ef2b13e6ecb8ea39b189992e387651298f79c6169e0960:4368,0368026,,ZAMORA,Pino,Filoniana,roca,-6.132141312999977,41.580149531000075,False,coincide_si_lonlat,pos_54d88334766a543e,confirmada,validada,roca,dep_pino_del_oro,dist_zamora_duero,,,50,auditoria_geologica_u3,2026-09-27,"Currás, B.X. & Sánchez-Palencia, F.J. (2008) Arqueología en Castilla y León 18:1-185; Sánchez-García, T. et al. (2008) Geotemas 10:1515-1518; IGME MAGNA 50 Hoja 368 (Carbajales de Alba) https://info.igme.es/cartografiadigital/datos/magna50/memorias/MMagna0368.pdf","Enjambre filoniano de cuarzo aurífero y cortas romanas a cielo abierto (El Facho, Ladrón, Gibrero y trincheras numeradas) en el batolito granodiorítico de Pino del Oro; sistema mineral continuo delimitado por CSIC/Junta de CyL"
gpkg:44f874e0d3404a1c13ef2b13e6ecb8ea39b189992e387651298f79c6169e0960:4369,0368027,,ZAMORA,Pino,Desconocida,desconocido,-6.134438086999978,41.582458329000076,False,coincide_si_lonlat,pos_27c95603a4ec38cf,confirmada,validada,roca,dep_pino_del_oro,dist_zamora_duero,,,50,auditoria_geologica_u3,2026-09-27,"Currás, B.X. & Sánchez-Palencia, F.J. (2008) Arqueología en Castilla y León 18:1-185; Sánchez-García, T. et al. (2008) Geotemas 10:1515-1518; IGME MAGNA 50 Hoja 368 (Carbajales de Alba) https://info.igme.es/cartografiadigital/datos/magna50/memorias/MMagna0368.pdf","Enjambre filoniano de cuarzo aurífero y cortas romanas a cielo abierto (El Facho, Ladrón, Gibrero y trincheras numeradas) en el batolito granodiorítico de Pino del Oro; sistema mineral continuo delimitado por CSIC/Junta de CyL"
gpkg:44f874e0d3404a1c13ef2b13e6ecb8ea39b189992e387651298f79c6169e0960:4370,0368028,,ZAMORA,Pino,Irregular,desconocido,-6.13631488599998,41.58070392600007,False,coincide_si_lonlat,pos_9540ac8e91d3584a,confirmada,validada,roca,dep_pino_del_oro,dist_zamora_duero,,,50,auditoria_geologica_u3,2026-09-27,"Currás, B.X. & Sánchez-Palencia, F.J. (2008) Arqueología en Castilla y León 18:1-185; Sánchez-García, T. et al. (2008) Geotemas 10:1515-1518; IGME MAGNA 50 Hoja 368 (Carbajales de Alba) https://info.igme.es/cartografiadigital/datos/magna50/memorias/MMagna0368.pdf","Enjambre filoniano de cuarzo aurífero y cortas romanas a cielo abierto (El Facho, Ladrón, Gibrero y trincheras numeradas) en el batolito granodiorítico de Pino del Oro; sistema mineral continuo delimitado por CSIC/Junta de CyL"
gpkg:44f874e0d3404a1c13ef2b13e6ecb8ea39b189992e387651298f79c6169e0960:4371,0368029,,ZAMORA,Pino,Filoniana,roca,-6.136754904999975,41.58431728200003,False,coincide_si_lonlat,pos_d684d130ff5bd3c2,confirmada,validada,roca,dep_pino_del_oro,dist_zamora_duero,,,50,auditoria_geologica_u3,2026-09-27,"Currás, B.X. & Sánchez-Palencia, F.J. (2008) Arqueología en Castilla y León 18:1-185; Sánchez-García, T. et al. (2008) Geotemas 10:1515-1518; IGME MAGNA 50 Hoja 368 (Carbajales de Alba) https://info.igme.es/cartografiadigital/datos/magna50/memorias/MMagna0368.pdf","Enjambre filoniano de cuarzo aurífero y cortas romanas a cielo abierto (El Facho, Ladrón, Gibrero y trincheras numeradas) en el batolito granodiorítico de Pino del Oro; sistema mineral continuo delimitado por CSIC/Junta de CyL"
gpkg:44f874e0d3404a1c13ef2b13e6ecb8ea39b189992e387651298f79c6169e0960:4372,0368030,,ZAMORA,Pino,Filoniana,roca,-6.136655483999959,41.58656629600006,False,coincide_si_lonlat,pos_c7297afa7188ae9c,confirmada,validada,roca,dep_pino_del_oro,dist_zamora_duero,,,50,auditoria_geologica_u3,2026-09-27,"Currás, B.X. & Sánchez-Palencia, F.J. (2008) Arqueología en Castilla y León 18:1-185; Sánchez-García, T. et al. (2008) Geotemas 10:1515-1518; IGME MAGNA 50 Hoja 368 (Carbajales de Alba) https://info.igme.es/cartografiadigital/datos/magna50/memorias/MMagna0368.pdf","Enjambre filoniano de cuarzo aurífero y cortas romanas a cielo abierto (El Facho, Ladrón, Gibrero y trincheras numeradas) en el batolito granodiorítico de Pino del Oro; sistema mineral continuo delimitado por CSIC/Junta de CyL"
gpkg:44f874e0d3404a1c13ef2b13e6ecb8ea39b189992e387651298f79c6169e0960:4373,0368031,,ZAMORA,Pino,Desconocida,desconocido,-6.152153776999967,41.58875268200006,False,coincide_si_lonlat,pos_2db6086101d52f9a,confirmada,validada,roca,dep_pino_del_oro,dist_zamora_duero,,,50,auditoria_geologica_u3,2026-09-27,"Currás, B.X. & Sánchez-Palencia, F.J. (2008) Arqueología en Castilla y León 18:1-185; Sánchez-García, T. et al. (2008) Geotemas 10:1515-1518; IGME MAGNA 50 Hoja 368 (Carbajales de Alba) https://info.igme.es/cartografiadigital/datos/magna50/memorias/MMagna0368.pdf","Enjambre filoniano de cuarzo aurífero y cortas romanas a cielo abierto (El Facho, Ladrón, Gibrero y trincheras numeradas) en el batolito granodiorítico de Pino del Oro; sistema mineral continuo delimitado por CSIC/Junta de CyL"
gpkg:44f874e0d3404a1c13ef2b13e6ecb8ea39b189992e387651298f79c6169e0960:4374,0368032,,ZAMORA,Pino,Filoniana,roca,-6.151475484999935,41.590537063000056,False,coincide_si_lonlat,pos_12e1dfea10214424,confirmada,validada,roca,dep_pino_del_oro,dist_zamora_duero,,,50,auditoria_geologica_u3,2026-09-27,"Currás, B.X. & Sánchez-Palencia, F.J. (2008) Arqueología en Castilla y León 18:1-185; Sánchez-García, T. et al. (2008) Geotemas 10:1515-1518; IGME MAGNA 50 Hoja 368 (Carbajales de Alba) https://info.igme.es/cartografiadigital/datos/magna50/memorias/MMagna0368.pdf","Enjambre filoniano de cuarzo aurífero y cortas romanas a cielo abierto (El Facho, Ladrón, Gibrero y trincheras numeradas) en el batolito granodiorítico de Pino del Oro; sistema mineral continuo delimitado por CSIC/Junta de CyL"
gpkg:44f874e0d3404a1c13ef2b13e6ecb8ea39b189992e387651298f79c6169e0960:4375,0368033,,ZAMORA,Pino,Desconocida,desconocido,-6.153872167999964,41.59059645800005,False,coincide_si_lonlat,pos_6298ef41364fb91e,confirmada,validada,roca,dep_pino_del_oro,dist_zamora_duero,,,50,auditoria_geologica_u3,2026-09-27,"Currás, B.X. & Sánchez-Palencia, F.J. (2008) Arqueología en Castilla y León 18:1-185; Sánchez-García, T. et al. (2008) Geotemas 10:1515-1518; IGME MAGNA 50 Hoja 368 (Carbajales de Alba) https://info.igme.es/cartografiadigital/datos/magna50/memorias/MMagna0368.pdf","Enjambre filoniano de cuarzo aurífero y cortas romanas a cielo abierto (El Facho, Ladrón, Gibrero y trincheras numeradas) en el batolito granodiorítico de Pino del Oro; sistema mineral continuo delimitado por CSIC/Junta de CyL"
gpkg:44f874e0d3404a1c13ef2b13e6ecb8ea39b189992e387651298f79c6169e0960:4376,0368034,,ZAMORA,Pino,Irregular,desconocido,-6.145483810999963,41.59038835900003,False,coincide_si_lonlat,pos_a607415530977834,confirmada,validada,roca,dep_pino_del_oro,dist_zamora_duero,,,50,auditoria_geologica_u3,2026-09-27,"Currás, B.X. & Sánchez-Palencia, F.J. (2008) Arqueología en Castilla y León 18:1-185; Sánchez-García, T. et al. (2008) Geotemas 10:1515-1518; IGME MAGNA 50 Hoja 368 (Carbajales de Alba) https://info.igme.es/cartografiadigital/datos/magna50/memorias/MMagna0368.pdf","Enjambre filoniano de cuarzo aurífero y cortas romanas a cielo abierto (El Facho, Ladrón, Gibrero y trincheras numeradas) en el batolito granodiorítico de Pino del Oro; sistema mineral continuo delimitado por CSIC/Junta de CyL"
gpkg:44f874e0d3404a1c13ef2b13e6ecb8ea39b189992e387651298f79c6169e0960:4377,0368035,,ZAMORA,Pino,Filoniana,roca,-6.134897904999946,41.58562188500008,False,coincide_si_lonlat,pos_42366ac922b515b0,confirmada,validada,roca,dep_pino_del_oro,dist_zamora_duero,,,50,auditoria_geologica_u3,2026-09-27,"Currás, B.X. & Sánchez-Palencia, F.J. (2008) Arqueología en Castilla y León 18:1-185; Sánchez-García, T. et al. (2008) Geotemas 10:1515-1518; IGME MAGNA 50 Hoja 368 (Carbajales de Alba) https://info.igme.es/cartografiadigital/datos/magna50/memorias/MMagna0368.pdf","Enjambre filoniano de cuarzo aurífero y cortas romanas a cielo abierto (El Facho, Ladrón, Gibrero y trincheras numeradas) en el batolito granodiorítico de Pino del Oro; sistema mineral continuo delimitado por CSIC/Junta de CyL"
gpkg:44f874e0d3404a1c13ef2b13e6ecb8ea39b189992e387651298f79c6169e0960:4378,0368036,,ZAMORA,Pino,Desconocida,desconocido,-6.145820804999971,41.58274165100005,False,coincide_si_lonlat,pos_847df0f1626188c4,confirmada,validada,roca,dep_pino_del_oro,dist_zamora_duero,,,50,auditoria_geologica_u3,2026-09-27,"Currás, B.X. & Sánchez-Palencia, F.J. (2008) Arqueología en Castilla y León 18:1-185; Sánchez-García, T. et al. (2008) Geotemas 10:1515-1518; IGME MAGNA 50 Hoja 368 (Carbajales de Alba) https://info.igme.es/cartografiadigital/datos/magna50/memorias/MMagna0368.pdf","Enjambre filoniano de cuarzo aurífero y cortas romanas a cielo abierto (El Facho, Ladrón, Gibrero y trincheras numeradas) en el batolito granodiorítico de Pino del Oro; sistema mineral continuo delimitado por CSIC/Junta de CyL"
gpkg:44f874e0d3404a1c13ef2b13e6ecb8ea39b189992e387651298f79c6169e0960:4379,0368037,,ZAMORA,Pino,Filoniana,roca,-6.1405048849999275,41.56729930100005,False,coincide_si_lonlat,pos_f675e3470764c621,confirmada,validada,roca,dep_pino_del_oro,dist_zamora_duero,,,50,auditoria_geologica_u3,2026-09-27,"Currás, B.X. & Sánchez-Palencia, F.J. (2008) Arqueología en Castilla y León 18:1-185; Sánchez-García, T. et al. (2008) Geotemas 10:1515-1518; IGME MAGNA 50 Hoja 368 (Carbajales de Alba) https://info.igme.es/cartografiadigital/datos/magna50/memorias/MMagna0368.pdf","Enjambre filoniano de cuarzo aurífero y cortas romanas a cielo abierto (El Facho, Ladrón, Gibrero y trincheras numeradas) en el batolito granodiorítico de Pino del Oro; sistema mineral continuo delimitado por CSIC/Junta de CyL"
gpkg:44f874e0d3404a1c13ef2b13e6ecb8ea39b189992e387651298f79c6169e0960:4380,0368038,,ZAMORA,Pino,Filoniana,roca,-6.137331329999938,41.571272975000056,False,coincide_si_lonlat,pos_f687c2744ea3e543,confirmada,validada,roca,dep_pino_del_oro,dist_zamora_duero,,,50,auditoria_geologica_u3,2026-09-27,"Currás, B.X. & Sánchez-Palencia, F.J. (2008) Arqueología en Castilla y León 18:1-185; Sánchez-García, T. et al. (2008) Geotemas 10:1515-1518; IGME MAGNA 50 Hoja 368 (Carbajales de Alba) https://info.igme.es/cartografiadigital/datos/magna50/memorias/MMagna0368.pdf","Enjambre filoniano de cuarzo aurífero y cortas romanas a cielo abierto (El Facho, Ladrón, Gibrero y trincheras numeradas) en el batolito granodiorítico de Pino del Oro; sistema mineral continuo delimitado por CSIC/Junta de CyL"
gpkg:44f874e0d3404a1c13ef2b13e6ecb8ea39b189992e387651298f79c6169e0960:4642,0422002,,SALAMANCA,Masueco,Filoniana,roca,-6.607794186999968,41.187085798000055,False,coincide_si_lonlat,pos_cbc5b456880eddb2,pendiente,validada,roca,,,,,100,auditoria_geologica_u3,2026-09-27,IGME BDMIN inventario indicios Hoja 0422; IGME MAGNA 50 Hoja 0422 https://info.igme.es/cartografiadigital/datos/magna50/memorias/MMagna0422.pdf,Indicio menor/muestra de batea fluvial sin denominación minera ni laboreo contrastado; mantenido en estado pendiente sin asignar deposit_id para evitar agrupaciones espurias
gpkg:44f874e0d3404a1c13ef2b13e6ecb8ea39b189992e387651298f79c6169e0960:4644,0422004,Mina Morina ó Mina Plus Ultra,SALAMANCA,Masueco,Filoniana,roca,-6.584181960999956,41.19695071000007,False,coincide_si_lonlat,pos_0f769e3f1b9905ef,pendiente,validada,roca,,,,,100,auditoria_geologica_u3,2026-09-27,IGME BDMIN inventario indicios Hoja 0422; IGME MAGNA 50 Hoja 0422 https://info.igme.es/cartografiadigital/datos/magna50/memorias/MMagna0422.pdf,Indicio 'Mina Morina ó Mina Plus Ultra' sin laboreo minero probado o continuidad estructural contrastada en fuentes documentales; mantenido en estado pendiente sin asignar deposit_id para evitar agrupaciones por proximidad
gpkg:44f874e0d3404a1c13ef2b13e6ecb8ea39b189992e387651298f79c6169e0960:4645,0422005,Los Llameros,SALAMANCA,Masueco,Filoniana,roca,-6.586233840999967,41.18978822100007,False,coincide_si_lonlat,pos_b2e4f6b61950bc8a,pendiente,validada,roca,,,,,100,auditoria_geologica_u3,2026-09-27,IGME BDMIN inventario indicios Hoja 0422; IGME MAGNA 50 Hoja 0422 https://info.igme.es/cartografiadigital/datos/magna50/memorias/MMagna0422.pdf,Indicio 'Los Llameros' sin laboreo minero probado o continuidad estructural contrastada en fuentes documentales; mantenido en estado pendiente sin asignar deposit_id para evitar agrupaciones por proximidad
gpkg:44f874e0d3404a1c13ef2b13e6ecb8ea39b189992e387651298f79c6169e0960:4646,0422006,Navacarros,SALAMANCA,Masueco,Filoniana,roca,-6.58768959799994,41.182613196000034,False,coincide_si_lonlat,pos_fbe6565324672dbf,pendiente,validada,roca,,,,,100,auditoria_geologica_u3,2026-09-27,IGME BDMIN inventario indicios Hoja 0422; IGME MAGNA 50 Hoja 0422 https://info.igme.es/cartografiadigital/datos/magna50/memorias/MMagna0422.pdf,Indicio 'Navacarros' sin laboreo minero probado o continuidad estructural contrastada en fuentes documentales; mantenido en estado pendiente sin asignar deposit_id para evitar agrupaciones por proximidad
gpkg:44f874e0d3404a1c13ef2b13e6ecb8ea39b189992e387651298f79c6169e0960:4647,0422007,,SALAMANCA,Pereña de la Ribera,Filoniana,roca,-6.547915597999975,41.21014463300003,False,coincide_si_lonlat,pos_f1742d76be552780,pendiente,validada,roca,,,,,100,auditoria_geologica_u3,2026-09-27,IGME BDMIN inventario indicios Hoja 0422; IGME MAGNA 50 Hoja 0422 https://info.igme.es/cartografiadigital/datos/magna50/memorias/MMagna0422.pdf,Indicio menor/muestra de batea fluvial sin denominación minera ni laboreo contrastado; mantenido en estado pendiente sin asignar deposit_id para evitar agrupaciones espurias
gpkg:44f874e0d3404a1c13ef2b13e6ecb8ea39b189992e387651298f79c6169e0960:4649,0422009,,SALAMANCA,Aldeadávila de la Ribera,Filoniana,roca,-6.632667585999968,41.191653064000036,False,coincide_si_lonlat,pos_f3bd4f5c7d8ef43a,pendiente,validada,roca,,,,,100,auditoria_geologica_u3,2026-09-27,IGME BDMIN inventario indicios Hoja 0422; IGME MAGNA 50 Hoja 0422 https://info.igme.es/cartografiadigital/datos/magna50/memorias/MMagna0422.pdf,Indicio menor/muestra de batea fluvial sin denominación minera ni laboreo contrastado; mantenido en estado pendiente sin asignar deposit_id para evitar agrupaciones espurias
gpkg:44f874e0d3404a1c13ef2b13e6ecb8ea39b189992e387651298f79c6169e0960:4650,0422010,,SALAMANCA,Aldeadávila de la Ribera,Filoniana,roca,-6.618206714999928,41.195858273000056,False,coincide_si_lonlat,pos_e994ff6bd6abb1d4,pendiente,validada,roca,,,,,100,auditoria_geologica_u3,2026-09-27,IGME BDMIN inventario indicios Hoja 0422; IGME MAGNA 50 Hoja 0422 https://info.igme.es/cartografiadigital/datos/magna50/memorias/MMagna0422.pdf,Indicio menor/muestra de batea fluvial sin denominación minera ni laboreo contrastado; mantenido en estado pendiente sin asignar deposit_id para evitar agrupaciones espurias
gpkg:44f874e0d3404a1c13ef2b13e6ecb8ea39b189992e387651298f79c6169e0960:4651,0422011,Pelazas,ZAMORA,Villar del Buey,Filoniana,roca,-6.271595758999979,41.31560831400003,False,coincide_si_lonlat,pos_a7102960edde8716,pendiente,validada,roca,,,,,100,auditoria_geologica_u3,2026-09-27,IGME BDMIN inventario indicios Hoja 0422; IGME MAGNA 50 Hoja 0422 https://info.igme.es/cartografiadigital/datos/magna50/memorias/MMagna0422.pdf,Indicio 'Pelazas' sin laboreo minero probado o continuidad estructural contrastada en fuentes documentales; mantenido en estado pendiente sin asignar deposit_id para evitar agrupaciones por proximidad
gpkg:44f874e0d3404a1c13ef2b13e6ecb8ea39b189992e387651298f79c6169e0960:4837,0449005,Revillano o Rajadero,SALAMANCA,Saldeana,Filoniana,roca,-6.641708440999935,41.00584170800005,False,coincide_si_lonlat,pos_e89463753d3db45e,pendiente,validada,roca,,,,,100,auditoria_geologica_u3,2026-09-27,IGME BDMIN inventario indicios Hoja 0449; IGME MAGNA 50 Hoja 0449 https://info.igme.es/cartografiadigital/datos/magna50/memorias/MMagna0449.pdf,Indicio 'Revillano o Rajadero' sin laboreo minero probado o continuidad estructural contrastada en fuentes documentales; mantenido en estado pendiente sin asignar deposit_id para evitar agrupaciones por proximidad
gpkg:44f874e0d3404a1c13ef2b13e6ecb8ea39b189992e387651298f79c6169e0960:4838,0449006,,SALAMANCA,Villasbuenas,Filoniana,roca,-6.57218824399996,41.00484864600003,False,coincide_si_lonlat,pos_e541dd02795dbf47,pendiente,validada,roca,,,,,100,auditoria_geologica_u3,2026-09-27,IGME BDMIN inventario indicios Hoja 0449; IGME MAGNA 50 Hoja 0449 https://info.igme.es/cartografiadigital/datos/magna50/memorias/MMagna0449.pdf,Indicio menor/muestra de batea fluvial sin denominación minera ni laboreo contrastado; mantenido en estado pendiente sin asignar deposit_id para evitar agrupaciones espurias
gpkg:44f874e0d3404a1c13ef2b13e6ecb8ea39b189992e387651298f79c6169e0960:4840,0449008,El Bollo,SALAMANCA,Encinasola de los Comendadores,Filoniana,roca,-6.55865457699997,41.01717281100008,False,coincide_si_lonlat,pos_229bb122e57c27ce,pendiente,validada,roca,,,,,100,auditoria_geologica_u3,2026-09-27,IGME BDMIN inventario indicios Hoja 0449; IGME MAGNA 50 Hoja 0449 https://info.igme.es/cartografiadigital/datos/magna50/memorias/MMagna0449.pdf,Indicio 'El Bollo' sin laboreo minero probado o continuidad estructural contrastada en fuentes documentales; mantenido en estado pendiente sin asignar deposit_id para evitar agrupaciones por proximidad
gpkg:44f874e0d3404a1c13ef2b13e6ecb8ea39b189992e387651298f79c6169e0960:4843,0449011,,SALAMANCA,Barruecopardo,Filoniana,roca,-6.649423586999944,41.073103213000024,False,coincide_si_lonlat,pos_92fbab0204b8bd4c,confirmada,validada,roca,dep_barruecopardo,dist_salamanca_arribes,,,50,auditoria_geologica_u3,2026-09-27,"Yenes, M. et al. (1999) Rev. Soc. Geol. España 12:473-488; IGME MAGNA 50 Hoja 449 (Trabanca) https://info.igme.es/cartografiadigital/datos/magna50/memorias/MMagna0449.pdf",Zona de cizalla hidrotermal en leucogranito varisco de Barruecopardo; mineralización orogénica de W-Au en filones de cuarzo y arsenopirita aurífera
gpkg:44f874e0d3404a1c13ef2b13e6ecb8ea39b189992e387651298f79c6169e0960:4849,0449017,Mina Conchita,SALAMANCA,Saucelle,Filoniana,roca,-6.721237947999953,41.06148584300007,False,coincide_si_lonlat,pos_bd31312c5f7f9d82,pendiente,validada,roca,,,,,100,auditoria_geologica_u3,2026-09-27,IGME BDMIN inventario indicios Hoja 0449; IGME MAGNA 50 Hoja 0449 https://info.igme.es/cartografiadigital/datos/magna50/memorias/MMagna0449.pdf,Indicio 'Mina Conchita' sin laboreo minero probado o continuidad estructural contrastada en fuentes documentales; mantenido en estado pendiente sin asignar deposit_id para evitar agrupaciones por proximidad
gpkg:44f874e0d3404a1c13ef2b13e6ecb8ea39b189992e387651298f79c6169e0960:4850,0449018,,SALAMANCA,Saucelle,Filoniana,roca,-6.695201636999968,41.057364963000055,False,coincide_si_lonlat,pos_eb4fe81fd47129dc,pendiente,validada,roca,,,,,100,auditoria_geologica_u3,2026-09-27,IGME BDMIN inventario indicios Hoja 0449; IGME MAGNA 50 Hoja 0449 https://info.igme.es/cartografiadigital/datos/magna50/memorias/MMagna0449.pdf,Indicio menor/muestra de batea fluvial sin denominación minera ni laboreo contrastado; mantenido en estado pendiente sin asignar deposit_id para evitar agrupaciones espurias
gpkg:44f874e0d3404a1c13ef2b13e6ecb8ea39b189992e387651298f79c6169e0960:4851,0449019,Las Cabritas 1 y 2,SALAMANCA,Barruecopardo,Filoniana,roca,-6.691055528999925,41.05683157400006,False,coincide_si_lonlat,pos_d60002f7a6567178,confirmada,validada,roca,dep_barruecopardo,dist_salamanca_arribes,,,50,auditoria_geologica_u3,2026-09-27,"Yenes, M. et al. (1999) Rev. Soc. Geol. España 12:473-488; IGME MAGNA 50 Hoja 449 (Trabanca) https://info.igme.es/cartografiadigital/datos/magna50/memorias/MMagna0449.pdf",Zona de cizalla hidrotermal en leucogranito varisco de Barruecopardo; mineralización orogénica de W-Au en filones de cuarzo y arsenopirita aurífera
gpkg:44f874e0d3404a1c13ef2b13e6ecb8ea39b189992e387651298f79c6169e0960:4852,0449020,,SALAMANCA,Barruecopardo,Filoniana,roca,-6.686688733999972,41.06259864800006,False,coincide_si_lonlat,pos_3a2ecc9f1d1921b3,confirmada,validada,roca,dep_barruecopardo,dist_salamanca_arribes,,,50,auditoria_geologica_u3,2026-09-27,"Yenes, M. et al. (1999) Rev. Soc. Geol. España 12:473-488; IGME MAGNA 50 Hoja 449 (Trabanca) https://info.igme.es/cartografiadigital/datos/magna50/memorias/MMagna0449.pdf",Zona de cizalla hidrotermal en leucogranito varisco de Barruecopardo; mineralización orogénica de W-Au en filones de cuarzo y arsenopirita aurífera
gpkg:44f874e0d3404a1c13ef2b13e6ecb8ea39b189992e387651298f79c6169e0960:4855,0449023,,SALAMANCA,Barruecopardo,Filoniana,roca,-6.675328021999974,41.06417138100005,False,coincide_si_lonlat,pos_06f9366b61ff2a1d,confirmada,validada,roca,dep_barruecopardo,dist_salamanca_arribes,,,50,auditoria_geologica_u3,2026-09-27,"Yenes, M. et al. (1999) Rev. Soc. Geol. España 12:473-488; IGME MAGNA 50 Hoja 449 (Trabanca) https://info.igme.es/cartografiadigital/datos/magna50/memorias/MMagna0449.pdf",Zona de cizalla hidrotermal en leucogranito varisco de Barruecopardo; mineralización orogénica de W-Au en filones de cuarzo y arsenopirita aurífera
gpkg:44f874e0d3404a1c13ef2b13e6ecb8ea39b189992e387651298f79c6169e0960:4858,0449026,,SALAMANCA,Bermellar,Filoniana,roca,-6.665020338999966,41.00226311400007,False,coincide_si_lonlat,pos_53de356f57815c61,pendiente,validada,roca,,,,,100,auditoria_geologica_u3,2026-09-27,IGME BDMIN inventario indicios Hoja 0449; IGME MAGNA 50 Hoja 0449 https://info.igme.es/cartografiadigital/datos/magna50/memorias/MMagna0449.pdf,Indicio menor/muestra de batea fluvial sin denominación minera ni laboreo contrastado; mantenido en estado pendiente sin asignar deposit_id para evitar agrupaciones espurias
gpkg:44f874e0d3404a1c13ef2b13e6ecb8ea39b189992e387651298f79c6169e0960:4859,0449027,,SALAMANCA,Bermellar,Filoniana,roca,-6.6578121589999455,41.004368670000076,False,coincide_si_lonlat,pos_5c7c5b875bf25e31,pendiente,validada,roca,,,,,100,auditoria_geologica_u3,2026-09-27,IGME BDMIN inventario indicios Hoja 0449; IGME MAGNA 50 Hoja 0449 https://info.igme.es/cartografiadigital/datos/magna50/memorias/MMagna0449.pdf,Indicio menor/muestra de batea fluvial sin denominación minera ni laboreo contrastado; mantenido en estado pendiente sin asignar deposit_id para evitar agrupaciones espurias
gpkg:44f874e0d3404a1c13ef2b13e6ecb8ea39b189992e387651298f79c6169e0960:4885,0449053,LAS LLAGAS,SALAMANCA,Saucelle,Filoniana,roca,-6.7173869309999645,41.05240234400003,False,coincide_si_lonlat,pos_3dd495bff1cdd549,pendiente,validada,roca,,,,,100,auditoria_geologica_u3,2026-09-27,IGME BDMIN inventario indicios Hoja 0449; IGME MAGNA 50 Hoja 0449 https://info.igme.es/cartografiadigital/datos/magna50/memorias/MMagna0449.pdf,Indicio 'LAS LLAGAS' sin laboreo minero probado o continuidad estructural contrastada en fuentes documentales; mantenido en estado pendiente sin asignar deposit_id para evitar agrupaciones por proximidad
gpkg:44f874e0d3404a1c13ef2b13e6ecb8ea39b189992e387651298f79c6169e0960:4888,0449056,Fuentes del Ucedo,SALAMANCA,Saucelle,Filoniana,roca,-6.700833699999976,41.06648472900008,False,coincide_si_lonlat,pos_dade95bda27a6376,pendiente,validada,roca,,,,,100,auditoria_geologica_u3,2026-09-27,IGME BDMIN inventario indicios Hoja 0449; IGME MAGNA 50 Hoja 0449 https://info.igme.es/cartografiadigital/datos/magna50/memorias/MMagna0449.pdf,Indicio 'Fuentes del Ucedo' sin laboreo minero probado o continuidad estructural contrastada en fuentes documentales; mantenido en estado pendiente sin asignar deposit_id para evitar agrupaciones por proximidad
gpkg:44f874e0d3404a1c13ef2b13e6ecb8ea39b189992e387651298f79c6169e0960:4889,0449057,MINA MARTA,SALAMANCA,Saucelle,Filoniana,roca,-6.71465064399996,41.06270643000005,False,coincide_si_lonlat,pos_10090bcdb10e1ebd,pendiente,validada,roca,,,,,100,auditoria_geologica_u3,2026-09-27,IGME BDMIN inventario indicios Hoja 0449; IGME MAGNA 50 Hoja 0449 https://info.igme.es/cartografiadigital/datos/magna50/memorias/MMagna0449.pdf,Indicio 'MINA MARTA' sin laboreo minero probado o continuidad estructural contrastada en fuentes documentales; mantenido en estado pendiente sin asignar deposit_id para evitar agrupaciones por proximidad
gpkg:44f874e0d3404a1c13ef2b13e6ecb8ea39b189992e387651298f79c6169e0960:4892,0450002,Mina Saturno,SALAMANCA,Valderrodrigo,Filoniana,roca,-6.503227283999934,41.083538099000066,False,coincide_si_lonlat,pos_e846ae61a8925bcc,pendiente,validada,roca,,,,,100,auditoria_geologica_u3,2026-09-27,IGME BDMIN inventario indicios Hoja 0450; IGME MAGNA 50 Hoja 0450 https://info.igme.es/cartografiadigital/datos/magna50/memorias/MMagna0450.pdf,Indicio 'Mina Saturno' sin laboreo minero probado o continuidad estructural contrastada en fuentes documentales; mantenido en estado pendiente sin asignar deposit_id para evitar agrupaciones por proximidad
gpkg:44f874e0d3404a1c13ef2b13e6ecb8ea39b189992e387651298f79c6169e0960:4901,0450011,,SALAMANCA,Barceo,Filoniana,roca,-6.481790142999955,41.06821005000006,False,coincide_si_lonlat,pos_d5e1f8377b78ee55,pendiente,validada,roca,,,,,100,auditoria_geologica_u3,2026-09-27,IGME BDMIN inventario indicios Hoja 0450; IGME MAGNA 50 Hoja 0450 https://info.igme.es/cartografiadigital/datos/magna50/memorias/MMagna0450.pdf,Indicio menor/muestra de batea fluvial sin denominación minera ni laboreo contrastado; mantenido en estado pendiente sin asignar deposit_id para evitar agrupaciones espurias
gpkg:44f874e0d3404a1c13ef2b13e6ecb8ea39b189992e387651298f79c6169e0960:4935,0459006,DOLORES,GUADALAJARA,Tamajón,Filoniana,roca,-3.267743614999972,41.02612800900005,False,coincide_si_lonlat,pos_d95606bdca2c0d4a,pendiente,validada,roca,,,,,100,auditoria_geologica_u3,2026-09-27,IGME BDMIN inventario indicios Hoja 0459; IGME MAGNA 50 Hoja 0459 https://info.igme.es/cartografiadigital/datos/magna50/memorias/MMagna0459.pdf,Indicio 'DOLORES' sin laboreo minero probado o continuidad estructural contrastada en fuentes documentales; mantenido en estado pendiente sin asignar deposit_id para evitar agrupaciones por proximidad
gpkg:44f874e0d3404a1c13ef2b13e6ecb8ea39b189992e387651298f79c6169e0960:4936,0459007,,GUADALAJARA,Tamajón,Filoniana,roca,-3.2677145539999515,41.01892155300004,False,coincide_si_lonlat,pos_51d9f666ecadf230,pendiente,validada,roca,,,,,100,auditoria_geologica_u3,2026-09-27,IGME BDMIN inventario indicios Hoja 0459; IGME MAGNA 50 Hoja 0459 https://info.igme.es/cartografiadigital/datos/magna50/memorias/MMagna0459.pdf,Indicio menor/muestra de batea fluvial sin denominación minera ni laboreo contrastado; mantenido en estado pendiente sin asignar deposit_id para evitar agrupaciones espurias
gpkg:44f874e0d3404a1c13ef2b13e6ecb8ea39b189992e387651298f79c6169e0960:4940,0459011,PILAR (LA VISTOSA),GUADALAJARA,Tamajón,Filoniana,roca,-3.2641070429999672,41.00902084900008,False,coincide_si_lonlat,pos_c6d6c50026c7eb09,pendiente,validada,roca,,,,,100,auditoria_geologica_u3,2026-09-27,IGME BDMIN inventario indicios Hoja 0459; IGME MAGNA 50 Hoja 0459 https://info.igme.es/cartografiadigital/datos/magna50/memorias/MMagna0459.pdf,Indicio 'PILAR (LA VISTOSA)' sin laboreo minero probado o continuidad estructural contrastada en fuentes documentales; mantenido en estado pendiente sin asignar deposit_id para evitar agrupaciones por proximidad
gpkg:44f874e0d3404a1c13ef2b13e6ecb8ea39b189992e387651298f79c6169e0960:4941,0459012,MANOLITA,GUADALAJARA,Tamajón,Filoniana,roca,-3.2639300629999752,41.024335129000065,False,coincide_si_lonlat,pos_1cc4951d4b2c9e05,pendiente,validada,roca,,,,,100,auditoria_geologica_u3,2026-09-27,IGME BDMIN inventario indicios Hoja 0459; IGME MAGNA 50 Hoja 0459 https://info.igme.es/cartografiadigital/datos/magna50/memorias/MMagna0459.pdf,Indicio 'MANOLITA' sin laboreo minero probado o continuidad estructural contrastada en fuentes documentales; mantenido en estado pendiente sin asignar deposit_id para evitar agrupaciones por proximidad
gpkg:44f874e0d3404a1c13ef2b13e6ecb8ea39b189992e387651298f79c6169e0960:4942,0459013,CONSUELO,GUADALAJARA,Campillo de Ranas,Filoniana,roca,-3.306038085999944,41.07602822000007,False,coincide_si_lonlat,pos_e0fd4de2aae6c712,pendiente,validada,roca,,,,,100,auditoria_geologica_u3,2026-09-27,IGME BDMIN inventario indicios Hoja 0459; IGME MAGNA 50 Hoja 0459 https://info.igme.es/cartografiadigital/datos/magna50/memorias/MMagna0459.pdf,Indicio 'CONSUELO' sin laboreo minero probado o continuidad estructural contrastada en fuentes documentales; mantenido en estado pendiente sin asignar deposit_id para evitar agrupaciones por proximidad
gpkg:44f874e0d3404a1c13ef2b13e6ecb8ea39b189992e387651298f79c6169e0960:4943,0459014,MERCEDES,GUADALAJARA,Campillo de Ranas,Filoniana,roca,-3.280000779999966,41.05555560600004,False,coincide_si_lonlat,pos_f9522793db9038e9,pendiente,validada,roca,,,,,100,auditoria_geologica_u3,2026-09-27,IGME BDMIN inventario indicios Hoja 0459; IGME MAGNA 50 Hoja 0459 https://info.igme.es/cartografiadigital/datos/magna50/memorias/MMagna0459.pdf,Indicio 'MERCEDES' sin laboreo minero probado o continuidad estructural contrastada en fuentes documentales; mantenido en estado pendiente sin asignar deposit_id para evitar agrupaciones por proximidad
gpkg:44f874e0d3404a1c13ef2b13e6ecb8ea39b189992e387651298f79c6169e0960:4944,0459015,Divina.,GUADALAJARA,Majaelrayo,Filoniana,roca,-3.310582561999979,41.156637825000075,False,coincide_si_lonlat,pos_a12c461f97d30724,pendiente,validada,roca,,,,,100,auditoria_geologica_u3,2026-09-27,IGME BDMIN inventario indicios Hoja 0459; IGME MAGNA 50 Hoja 0459 https://info.igme.es/cartografiadigital/datos/magna50/memorias/MMagna0459.pdf,Indicio 'Divina.' sin laboreo minero probado o continuidad estructural contrastada en fuentes documentales; mantenido en estado pendiente sin asignar deposit_id para evitar agrupaciones por proximidad
gpkg:44f874e0d3404a1c13ef2b13e6ecb8ea39b189992e387651298f79c6169e0960:4946,0459017,,GUADALAJARA,Tamajón,Filoniana,roca,-3.189025026999957,41.077359046000026,False,coincide_si_lonlat,pos_0066b13efe024ed6,pendiente,validada,roca,,,,,100,auditoria_geologica_u3,2026-09-27,IGME BDMIN inventario indicios Hoja 0459; IGME MAGNA 50 Hoja 0459 https://info.igme.es/cartografiadigital/datos/magna50/memorias/MMagna0459.pdf,Indicio menor/muestra de batea fluvial sin denominación minera ni laboreo contrastado; mantenido en estado pendiente sin asignar deposit_id para evitar agrupaciones espurias
gpkg:44f874e0d3404a1c13ef2b13e6ecb8ea39b189992e387651298f79c6169e0960:4947,0459018,,GUADALAJARA,Tamajón,Filoniana,roca,-3.2143338769999446,41.06272196700007,False,coincide_si_lonlat,pos_dd215b757fa8a744,pendiente,validada,roca,,,,,100,auditoria_geologica_u3,2026-09-27,IGME BDMIN inventario indicios Hoja 0459; IGME MAGNA 50 Hoja 0459 https://info.igme.es/cartografiadigital/datos/magna50/memorias/MMagna0459.pdf,Indicio menor/muestra de batea fluvial sin denominación minera ni laboreo contrastado; mantenido en estado pendiente sin asignar deposit_id para evitar agrupaciones espurias
gpkg:44f874e0d3404a1c13ef2b13e6ecb8ea39b189992e387651298f79c6169e0960:4948,0459019,,GUADALAJARA,Tamajón,Filoniana,roca,-3.1922421629999462,41.03726777500003,False,coincide_si_lonlat,pos_b8b44340740d2616,pendiente,validada,roca,,,,,100,auditoria_geologica_u3,2026-09-27,IGME BDMIN inventario indicios Hoja 0459; IGME MAGNA 50 Hoja 0459 https://info.igme.es/cartografiadigital/datos/magna50/memorias/MMagna0459.pdf,Indicio menor/muestra de batea fluvial sin denominación minera ni laboreo contrastado; mantenido en estado pendiente sin asignar deposit_id para evitar agrupaciones espurias
gpkg:44f874e0d3404a1c13ef2b13e6ecb8ea39b189992e387651298f79c6169e0960:5060,0475004,La Perenala,SALAMANCA,Bermellar,Filoniana,roca,-6.662723630999949,40.999964729000055,False,coincide_si_lonlat,pos_a4973c291232d190,pendiente,validada,roca,,,,,100,auditoria_geologica_u3,2026-09-27,IGME BDMIN inventario indicios Hoja 0475; IGME MAGNA 50 Hoja 0475 https://info.igme.es/cartografiadigital/datos/magna50/memorias/MMagna0475.pdf,Indicio 'La Perenala' sin laboreo minero probado o continuidad estructural contrastada en fuentes documentales; mantenido en estado pendiente sin asignar deposit_id para evitar agrupaciones por proximidad
gpkg:44f874e0d3404a1c13ef2b13e6ecb8ea39b189992e387651298f79c6169e0960:5064,0475008,,SALAMANCA,Encinasola de los Comendadores,Filoniana,roca,-6.554932862999976,40.989171773000066,False,coincide_si_lonlat,pos_e82fba9761eb4333,pendiente,validada,roca,,,,,100,auditoria_geologica_u3,2026-09-27,IGME BDMIN inventario indicios Hoja 0475; IGME MAGNA 50 Hoja 0475 https://info.igme.es/cartografiadigital/datos/magna50/memorias/MMagna0475.pdf,Indicio menor/muestra de batea fluvial sin denominación minera ni laboreo contrastado; mantenido en estado pendiente sin asignar deposit_id para evitar agrupaciones espurias
gpkg:44f874e0d3404a1c13ef2b13e6ecb8ea39b189992e387651298f79c6169e0960:5123,0478021,San Antonio,SALAMANCA,San Pedro de Rodazos,Filoniana,roca,-5.740963049999948,40.83397609700006,False,coincide_si_lonlat,pos_2797faec9e7d7f99,pendiente,validada,roca,,,,,100,auditoria_geologica_u3,2026-09-27,IGME BDMIN inventario indicios Hoja 0478; IGME MAGNA 50 Hoja 0478 https://info.igme.es/cartografiadigital/datos/magna50/memorias/MMagna0478.pdf,Indicio 'San Antonio' sin laboreo minero probado o continuidad estructural contrastada en fuentes documentales; mantenido en estado pendiente sin asignar deposit_id para evitar agrupaciones por proximidad
gpkg:44f874e0d3404a1c13ef2b13e6ecb8ea39b189992e387651298f79c6169e0960:5327,0503068,Pozo de Estaño II / Regato de la Retuerta,SALAMANCA,Martinamor,Aluvionar,aluvial,-5.5643584229999306,40.78560003200005,False,coincide_si_lonlat,pos_02cc87a9d23bafbf,pendiente,validada,aluvial,,,,,100,auditoria_geologica_u3,2026-09-27,IGME BDMIN inventario indicios Hoja 0503; IGME MAGNA 50 Hoja 0503 https://info.igme.es/cartografiadigital/datos/magna50/memorias/MMagna0503.pdf,Indicio 'Pozo de Estaño II / Regato de la Retuerta' sin laboreo minero probado o continuidad estructural contrastada en fuentes documentales; mantenido en estado pendiente sin asignar deposit_id para evitar agrupaciones por proximidad
gpkg:44f874e0d3404a1c13ef2b13e6ecb8ea39b189992e387651298f79c6169e0960:5453,0527001,EL CASARITO,SALAMANCA,"Cabaco, El",Filoniana,roca,-6.135959618999948,40.52364569200006,False,coincide_si_lonlat,pos_9539311b8e77e8e6,confirmada,validada,roca,dep_cavenes_el_cabaco,dist_salamanca_sierra_francia,,,50,auditoria_geologica_u3,2026-09-27,"Sánchez-Palencia, F.J. et al. (2000) Las Médulas (León), CSIC; IGME MAGNA 50 Hoja 527 (Tamames) https://info.igme.es/cartografiadigital/datos/magna50/memorias/MMagna0527.pdf",Filones de cuarzo y mineralizaciones auríferas primarias asociadas al complejo minero de El Cabaco
gpkg:44f874e0d3404a1c13ef2b13e6ecb8ea39b189992e387651298f79c6169e0960:5454,0527002,EL CABACO,SALAMANCA,"Cabaco, El",Filoniana,roca,-6.151441792999947,40.53460295700006,False,coincide_si_lonlat,pos_099c20136ae0b2b1,confirmada,validada,roca,dep_cavenes_el_cabaco,dist_salamanca_sierra_francia,,,50,auditoria_geologica_u3,2026-09-27,"Sánchez-Palencia, F.J. et al. (2000) Las Médulas (León), CSIC; IGME MAGNA 50 Hoja 527 (Tamames) https://info.igme.es/cartografiadigital/datos/magna50/memorias/MMagna0527.pdf",Filones de cuarzo y mineralizaciones auríferas primarias asociadas al complejo minero de El Cabaco
gpkg:44f874e0d3404a1c13ef2b13e6ecb8ea39b189992e387651298f79c6169e0960:5458,0527006,LAS CAVENES DE EL CABACO,SALAMANCA,"Cabaco, El",Aluvionar,aluvial,-6.1390427299999715,40.54411413200006,False,coincide_si_lonlat,pos_c0bb7f5a6e635ee3,confirmada,validada,aluvial,dep_cavenes_el_cabaco,dist_salamanca_sierra_francia,,,50,auditoria_geologica_u3,2026-09-27,"Sánchez-Palencia, F.J. et al. (2000) Las Médulas, CSIC; IGME MAGNA 50 Hoja 527 (Tamames) https://info.igme.es/cartografiadigital/datos/magna50/memorias/MMagna0527.pdf",Gran explotación romana por ruina montium sobre abanicos aluviales y terrazas de Las Cavenes de El Cabaco
gpkg:44f874e0d3404a1c13ef2b13e6ecb8ea39b189992e387651298f79c6169e0960:5469,0528003,MINA DOMINICA,SALAMANCA,Pizarral,Filoniana,roca,-5.637183093999965,40.62382563500006,False,coincide_si_lonlat,pos_657f1183ebe6a316,pendiente,validada,roca,,,,,100,auditoria_geologica_u3,2026-09-27,IGME BDMIN inventario indicios Hoja 0528; IGME MAGNA 50 Hoja 0528 https://info.igme.es/cartografiadigital/datos/magna50/memorias/MMagna0528.pdf,Indicio 'MINA DOMINICA' sin laboreo minero probado o continuidad estructural contrastada en fuentes documentales; mantenido en estado pendiente sin asignar deposit_id para evitar agrupaciones por proximidad
gpkg:44f874e0d3404a1c13ef2b13e6ecb8ea39b189992e387651298f79c6169e0960:5481,0528015,,SALAMANCA,Guijuelo,Filoniana,roca,-5.707263750999971,40.60283704100004,False,coincide_si_lonlat,pos_337d095866524055,pendiente,validada,roca,,,,,100,auditoria_geologica_u3,2026-09-27,IGME BDMIN inventario indicios Hoja 0528; IGME MAGNA 50 Hoja 0528 https://info.igme.es/cartografiadigital/datos/magna50/memorias/MMagna0528.pdf,Indicio menor/muestra de batea fluvial sin denominación minera ni laboreo contrastado; mantenido en estado pendiente sin asignar deposit_id para evitar agrupaciones espurias
gpkg:44f874e0d3404a1c13ef2b13e6ecb8ea39b189992e387651298f79c6169e0960:5491,0530004,,AVILA,"Hija de Dios, La",Filoniana,roca,-4.9593722629999775,40.51811728700005,False,coincide_si_lonlat,pos_d9de4f32e936f329,pendiente,validada,roca,,,,,100,auditoria_geologica_u3,2026-09-27,IGME BDMIN inventario indicios Hoja 0530; IGME MAGNA 50 Hoja 0530 https://info.igme.es/cartografiadigital/datos/magna50/memorias/MMagna0530.pdf,Indicio menor/muestra de batea fluvial sin denominación minera ni laboreo contrastado; mantenido en estado pendiente sin asignar deposit_id para evitar agrupaciones espurias
gpkg:44f874e0d3404a1c13ef2b13e6ecb8ea39b189992e387651298f79c6169e0960:5592,0550028,Arroyo del Cristo II / La Vega,SALAMANCA,Villasrubias,Aluvionar,aluvial,-6.65462348799997,40.336847841000065,False,coincide_si_lonlat,pos_89310899ee0c672f,pendiente,validada,aluvial,,,,,100,auditoria_geologica_u3,2026-09-27,IGME BDMIN inventario indicios Hoja 0550; IGME MAGNA 50 Hoja 0550 https://info.igme.es/cartografiadigital/datos/magna50/memorias/MMagna0550.pdf,Indicio 'Arroyo del Cristo II / La Vega' sin laboreo minero probado o continuidad estructural contrastada en fuentes documentales; mantenido en estado pendiente sin asignar deposit_id para evitar agrupaciones por proximidad
gpkg:44f874e0d3404a1c13ef2b13e6ecb8ea39b189992e387651298f79c6169e0960:5597,0552001,Río Ladrillar,CACERES,Ladrillar,Aluvionar,aluvial,-6.1250374629999556,40.41982840500003,False,coincide_si_lonlat,pos_5cdbed48ce1a273d,pendiente,validada,aluvial,,,,,100,auditoria_geologica_u3,2026-09-27,IGME BDMIN inventario indicios Hoja 0552; IGME MAGNA 50 Hoja 0552 https://info.igme.es/cartografiadigital/datos/magna50/memorias/MMagna0552.pdf,Indicio 'Río Ladrillar' sin laboreo minero probado o continuidad estructural contrastada en fuentes documentales; mantenido en estado pendiente sin asignar deposit_id para evitar agrupaciones por proximidad
gpkg:44f874e0d3404a1c13ef2b13e6ecb8ea39b189992e387651298f79c6169e0960:5598,0552002,La Laguna / Las Escuelas,SALAMANCA,Miranda del Castañar,Filoniana,roca,-5.9906014319999485,40.47986902400004,False,coincide_si_lonlat,pos_999b32674dd9db12,pendiente,validada,roca,,,,,100,auditoria_geologica_u3,2026-09-27,IGME BDMIN inventario indicios Hoja 0552; IGME MAGNA 50 Hoja 0552 https://info.igme.es/cartografiadigital/datos/magna50/memorias/MMagna0552.pdf,Indicio 'La Laguna / Las Escuelas' sin laboreo minero probado o continuidad estructural contrastada en fuentes documentales; mantenido en estado pendiente sin asignar deposit_id para evitar agrupaciones por proximidad
gpkg:44f874e0d3404a1c13ef2b13e6ecb8ea39b189992e387651298f79c6169e0960:5610,0552014,Sur de Miranda,SALAMANCA,Miranda del Castañar,Filoniana,roca,-5.997772015999942,40.47984521300003,False,coincide_si_lonlat,pos_92ba177e80962568,pendiente,validada,roca,,,,,100,auditoria_geologica_u3,2026-09-27,IGME BDMIN inventario indicios Hoja 0552; IGME MAGNA 50 Hoja 0552 https://info.igme.es/cartografiadigital/datos/magna50/memorias/MMagna0552.pdf,Indicio 'Sur de Miranda' sin laboreo minero probado o continuidad estructural contrastada en fuentes documentales; mantenido en estado pendiente sin asignar deposit_id para evitar agrupaciones por proximidad
gpkg:44f874e0d3404a1c13ef2b13e6ecb8ea39b189992e387651298f79c6169e0960:5687,0572008,,CACERES,Valverde del Fresno,Filoniana,roca,-6.895256272999973,40.23458869800004,False,coincide_si_lonlat,pos_7644ef4d5baebef4,pendiente,validada,roca,,,,,100,auditoria_geologica_u3,2026-09-27,IGME BDMIN inventario indicios Hoja 0572; IGME MAGNA 50 Hoja 0572 https://info.igme.es/cartografiadigital/datos/magna50/memorias/MMagna0572.pdf,Indicio menor/muestra de batea fluvial sin denominación minera ni laboreo contrastado; mantenido en estado pendiente sin asignar deposit_id para evitar agrupaciones espurias
gpkg:44f874e0d3404a1c13ef2b13e6ecb8ea39b189992e387651298f79c6169e0960:5688,0572009,"""Viero""",CACERES,Valverde del Fresno,Filoniana,roca,-6.9491104589999395,40.21561187100008,False,coincide_si_lonlat,pos_3a19b0c511e8c82b,confirmada,validada,roca,dep_viero_valverde,dist_caceres_sierra_gata,,,50,auditoria_geologica_u3,2026-09-27,IGME MAGNA 50 Hoja 572 (Valverde del Fresno) https://info.igme.es/cartografiadigital/datos/magna50/memorias/MMagna0572.pdf,Fajas filonianas de cuarzo con arsenopirita aurífera en metasedimentos variscos de Valverde del Fresno
gpkg:44f874e0d3404a1c13ef2b13e6ecb8ea39b189992e387651298f79c6169e0960:5689,0572010,"""viero""",CACERES,Valverde del Fresno,Filoniana,roca,-6.948961747999931,40.20885298700006,False,coincide_si_lonlat,pos_8b9f7b129b603a4b,confirmada,validada,roca,dep_viero_valverde,dist_caceres_sierra_gata,,,50,auditoria_geologica_u3,2026-09-27,IGME MAGNA 50 Hoja 572 (Valverde del Fresno) https://info.igme.es/cartografiadigital/datos/magna50/memorias/MMagna0572.pdf,Fajas filonianas de cuarzo con arsenopirita aurífera en metasedimentos variscos de Valverde del Fresno
gpkg:44f874e0d3404a1c13ef2b13e6ecb8ea39b189992e387651298f79c6169e0960:5690,0572011,"""viero""",CACERES,Valverde del Fresno,Filoniana,roca,-6.940039051999975,40.20085718300004,False,coincide_si_lonlat,pos_e6c9b1dfdfa7f458,confirmada,validada,roca,dep_viero_valverde,dist_caceres_sierra_gata,,,50,auditoria_geologica_u3,2026-09-27,IGME MAGNA 50 Hoja 572 (Valverde del Fresno) https://info.igme.es/cartografiadigital/datos/magna50/memorias/MMagna0572.pdf,Fajas filonianas de cuarzo con arsenopirita aurífera en metasedimentos variscos de Valverde del Fresno
gpkg:44f874e0d3404a1c13ef2b13e6ecb8ea39b189992e387651298f79c6169e0960:5691,0572012,"""viero""",CACERES,Valverde del Fresno,Filoniana,roca,-6.94776643199998,40.19784161200005,False,coincide_si_lonlat,pos_a7c11900cb1f4831,confirmada,validada,roca,dep_viero_valverde,dist_caceres_sierra_gata,,,50,auditoria_geologica_u3,2026-09-27,IGME MAGNA 50 Hoja 572 (Valverde del Fresno) https://info.igme.es/cartografiadigital/datos/magna50/memorias/MMagna0572.pdf,Fajas filonianas de cuarzo con arsenopirita aurífera en metasedimentos variscos de Valverde del Fresno
gpkg:44f874e0d3404a1c13ef2b13e6ecb8ea39b189992e387651298f79c6169e0960:5721,0574003,Las Cuevas,CACERES,Santibáñez el Alto,Filoniana,roca,-6.5111107529999686,40.271434096000064,False,coincide_si_lonlat,pos_14ea470456846b68,pendiente,validada,roca,,,,,100,auditoria_geologica_u3,2026-09-27,IGME BDMIN inventario indicios Hoja 0574; IGME MAGNA 50 Hoja 0574 https://info.igme.es/cartografiadigital/datos/magna50/memorias/MMagna0574.pdf,Indicio 'Las Cuevas' sin laboreo minero probado o continuidad estructural contrastada en fuentes documentales; mantenido en estado pendiente sin asignar deposit_id para evitar agrupaciones por proximidad
gpkg:44f874e0d3404a1c13ef2b13e6ecb8ea39b189992e387651298f79c6169e0960:5724,0574006,"""Brecha de Navalajara""",CACERES,Villanueva de la Sierra,Filoniana,roca,-6.396033853999938,40.203261618000056,False,coincide_si_lonlat,pos_c8fa583eae64735e,pendiente,validada,roca,,,,,100,auditoria_geologica_u3,2026-09-27,IGME BDMIN inventario indicios Hoja 0574; IGME MAGNA 50 Hoja 0574 https://info.igme.es/cartografiadigital/datos/magna50/memorias/MMagna0574.pdf,"Indicio '""Brecha de Navalajara""' sin laboreo minero probado o continuidad estructural contrastada en fuentes documentales; mantenido en estado pendiente sin asignar deposit_id para evitar agrupaciones por proximidad"
gpkg:44f874e0d3404a1c13ef2b13e6ecb8ea39b189992e387651298f79c6169e0960:5733,0574015,Fuente de la Loba,CACERES,Pinofranqueado,Filoniana,roca,-6.483900937999977,40.25709965100003,False,coincide_si_lonlat,pos_3b0f46afaf926d9d,pendiente,validada,roca,,,,,100,auditoria_geologica_u3,2026-09-27,IGME BDMIN inventario indicios Hoja 0574; IGME MAGNA 50 Hoja 0574 https://info.igme.es/cartografiadigital/datos/magna50/memorias/MMagna0574.pdf,Indicio 'Fuente de la Loba' sin laboreo minero probado o continuidad estructural contrastada en fuentes documentales; mantenido en estado pendiente sin asignar deposit_id para evitar agrupaciones por proximidad
gpkg:44f874e0d3404a1c13ef2b13e6ecb8ea39b189992e387651298f79c6169e0960:5734,0574016,Pozo airón,CACERES,Pinofranqueado,Filoniana,roca,-6.48041613099997,40.26229330900003,False,coincide_si_lonlat,pos_683cef63d549bd50,pendiente,validada,roca,,,,,100,auditoria_geologica_u3,2026-09-27,IGME BDMIN inventario indicios Hoja 0574; IGME MAGNA 50 Hoja 0574 https://info.igme.es/cartografiadigital/datos/magna50/memorias/MMagna0574.pdf,Indicio 'Pozo airón' sin laboreo minero probado o continuidad estructural contrastada en fuentes documentales; mantenido en estado pendiente sin asignar deposit_id para evitar agrupaciones por proximidad
gpkg:44f874e0d3404a1c13ef2b13e6ecb8ea39b189992e387651298f79c6169e0960:5735,0574017,,CACERES,Santibáñez el Alto,Filoniana,roca,-6.488698286999977,40.25454662300007,False,coincide_si_lonlat,pos_cdaf75d60ea098b1,pendiente,validada,roca,,,,,100,auditoria_geologica_u3,2026-09-27,IGME BDMIN inventario indicios Hoja 0574; IGME MAGNA 50 Hoja 0574 https://info.igme.es/cartografiadigital/datos/magna50/memorias/MMagna0574.pdf,Indicio menor/muestra de batea fluvial sin denominación minera ni laboreo contrastado; mantenido en estado pendiente sin asignar deposit_id para evitar agrupaciones espurias
gpkg:44f874e0d3404a1c13ef2b13e6ecb8ea39b189992e387651298f79c6169e0960:5736,0574018,,CACERES,Pinofranqueado,Desconocida,desconocido,-6.484878336999941,40.252932317000045,False,coincide_si_lonlat,pos_4483e6db37177a60,pendiente,validada,desconocido,,,,,100,auditoria_geologica_u3,2026-09-27,IGME BDMIN inventario indicios Hoja 0574; IGME MAGNA 50 Hoja 0574 https://info.igme.es/cartografiadigital/datos/magna50/memorias/MMagna0574.pdf,Indicio menor/muestra de batea fluvial sin denominación minera ni laboreo contrastado; mantenido en estado pendiente sin asignar deposit_id para evitar agrupaciones espurias
gpkg:44f874e0d3404a1c13ef2b13e6ecb8ea39b189992e387651298f79c6169e0960:5746,0576002,Mina del Tejadillo,CACERES,Jerte,Filoniana,roca,-5.735680102999936,40.27201791700003,False,coincide_si_lonlat,pos_2e48994bb80b88ec,pendiente,validada,roca,,,,,100,auditoria_geologica_u3,2026-09-27,IGME BDMIN inventario indicios Hoja 0576; IGME MAGNA 50 Hoja 0576 https://info.igme.es/cartografiadigital/datos/magna50/memorias/MMagna0576.pdf,Indicio 'Mina del Tejadillo' sin laboreo minero probado o continuidad estructural contrastada en fuentes documentales; mantenido en estado pendiente sin asignar deposit_id para evitar agrupaciones por proximidad
gpkg:44f874e0d3404a1c13ef2b13e6ecb8ea39b189992e387651298f79c6169e0960:5747,0576003,Mina Mirasol,CACERES,Tornavacas,Filoniana,roca,-5.686519481999937,40.27367471100007,False,coincide_si_lonlat,pos_e015a61fa6334611,pendiente,validada,roca,,,,,100,auditoria_geologica_u3,2026-09-27,IGME BDMIN inventario indicios Hoja 0576; IGME MAGNA 50 Hoja 0576 https://info.igme.es/cartografiadigital/datos/magna50/memorias/MMagna0576.pdf,Indicio 'Mina Mirasol' sin laboreo minero probado o continuidad estructural contrastada en fuentes documentales; mantenido en estado pendiente sin asignar deposit_id para evitar agrupaciones por proximidad
gpkg:44f874e0d3404a1c13ef2b13e6ecb8ea39b189992e387651298f79c6169e0960:5748,0576004,Mina de La Campana,CACERES,Tornavacas,Filoniana,roca,-5.68466747399998,40.280365319000055,False,coincide_si_lonlat,pos_ea96281d81cff360,pendiente,validada,roca,,,,,100,auditoria_geologica_u3,2026-09-27,IGME BDMIN inventario indicios Hoja 0576; IGME MAGNA 50 Hoja 0576 https://info.igme.es/cartografiadigital/datos/magna50/memorias/MMagna0576.pdf,Indicio 'Mina de La Campana' sin laboreo minero probado o continuidad estructural contrastada en fuentes documentales; mantenido en estado pendiente sin asignar deposit_id para evitar agrupaciones por proximidad
gpkg:44f874e0d3404a1c13ef2b13e6ecb8ea39b189992e387651298f79c6169e0960:5803,0595002,MERCEDES.,CACERES,Cilleros,Aluvionar,aluvial,-6.865776009999934,40.00240699200003,False,coincide_si_lonlat,pos_09d8888514740884,pendiente,validada,aluvial,,,,,100,auditoria_geologica_u3,2026-09-27,IGME BDMIN inventario indicios Hoja 0595; IGME MAGNA 50 Hoja 0595 https://info.igme.es/cartografiadigital/datos/magna50/memorias/MMagna0595.pdf,Indicio 'MERCEDES.' sin laboreo minero probado o continuidad estructural contrastada en fuentes documentales; mantenido en estado pendiente sin asignar deposit_id para evitar agrupaciones por proximidad
gpkg:44f874e0d3404a1c13ef2b13e6ecb8ea39b189992e387651298f79c6169e0960:5816,0596013,El Chivote,CACERES,Calzadilla,Filoniana,roca,-6.551607548999925,40.04844214900004,False,coincide_si_lonlat,pos_855db61a8270940a,pendiente,validada,roca,,,,,100,auditoria_geologica_u3,2026-09-27,IGME BDMIN inventario indicios Hoja 0596; IGME MAGNA 50 Hoja 0596 https://info.igme.es/cartografiadigital/datos/magna50/memorias/MMagna0596.pdf,Indicio 'El Chivote' sin laboreo minero probado o continuidad estructural contrastada en fuentes documentales; mantenido en estado pendiente sin asignar deposit_id para evitar agrupaciones por proximidad
gpkg:44f874e0d3404a1c13ef2b13e6ecb8ea39b189992e387651298f79c6169e0960:5817,0596014,,CACERES,Coria,Aluvionar,aluvial,-6.541927833999978,40.015105032000065,False,coincide_si_lonlat,pos_02dfaa5f28000da0,pendiente,validada,aluvial,,,,,100,auditoria_geologica_u3,2026-09-27,IGME BDMIN inventario indicios Hoja 0596; IGME MAGNA 50 Hoja 0596 https://info.igme.es/cartografiadigital/datos/magna50/memorias/MMagna0596.pdf,Indicio menor/muestra de batea fluvial sin denominación minera ni laboreo contrastado; mantenido en estado pendiente sin asignar deposit_id para evitar agrupaciones espurias
gpkg:44f874e0d3404a1c13ef2b13e6ecb8ea39b189992e387651298f79c6169e0960:5818,0596015,La Pedrera,CACERES,Calzadilla,Filoniana,roca,-6.535556837999934,40.089529913000035,False,coincide_si_lonlat,pos_3a2f47c33305acb5,pendiente,validada,roca,,,,,100,auditoria_geologica_u3,2026-09-27,IGME BDMIN inventario indicios Hoja 0596; IGME MAGNA 50 Hoja 0596 https://info.igme.es/cartografiadigital/datos/magna50/memorias/MMagna0596.pdf,Indicio 'La Pedrera' sin laboreo minero probado o continuidad estructural contrastada en fuentes documentales; mantenido en estado pendiente sin asignar deposit_id para evitar agrupaciones por proximidad
gpkg:44f874e0d3404a1c13ef2b13e6ecb8ea39b189992e387651298f79c6169e0960:5820,0596017,Río Fresnedoso,CACERES,Moraleja,Aluvionar,aluvial,-6.673822941999958,40.11158623600005,False,coincide_si_lonlat,pos_a0cab10926101bad,pendiente,validada,aluvial,,,,,100,auditoria_geologica_u3,2026-09-27,IGME BDMIN inventario indicios Hoja 0596; IGME MAGNA 50 Hoja 0596 https://info.igme.es/cartografiadigital/datos/magna50/memorias/MMagna0596.pdf,Indicio 'Río Fresnedoso' sin laboreo minero probado o continuidad estructural contrastada en fuentes documentales; mantenido en estado pendiente sin asignar deposit_id para evitar agrupaciones por proximidad
gpkg:44f874e0d3404a1c13ef2b13e6ecb8ea39b189992e387651298f79c6169e0960:5888,0620001,Vega de La Zorra,CACERES,Zarza la Mayor,Filoniana,roca,-6.887676024999962,39.851169181000046,False,coincide_si_lonlat,pos_5cc1548b29a99a6f,pendiente,validada,roca,,,,,100,auditoria_geologica_u3,2026-09-27,IGME BDMIN inventario indicios Hoja 0620; IGME MAGNA 50 Hoja 0620 https://info.igme.es/cartografiadigital/datos/magna50/memorias/MMagna0620.pdf,Indicio 'Vega de La Zorra' sin laboreo minero probado o continuidad estructural contrastada en fuentes documentales; mantenido en estado pendiente sin asignar deposit_id para evitar agrupaciones por proximidad
gpkg:44f874e0d3404a1c13ef2b13e6ecb8ea39b189992e387651298f79c6169e0960:5969,0653001,,CACERES,Valdelacasa de Tajo,Filoniana,roca,-5.283909452999978,39.73683624900008,False,coincide_si_lonlat,pos_9033e5e82bf641cb,pendiente,validada,roca,,,,,100,auditoria_geologica_u3,2026-09-27,IGME BDMIN inventario indicios Hoja 0653; IGME MAGNA 50 Hoja 0653 https://info.igme.es/cartografiadigital/datos/magna50/memorias/MMagna0653.pdf,Indicio menor/muestra de batea fluvial sin denominación minera ni laboreo contrastado; mantenido en estado pendiente sin asignar deposit_id para evitar agrupaciones espurias
gpkg:44f874e0d3404a1c13ef2b13e6ecb8ea39b189992e387651298f79c6169e0960:5988,0656005,La Mina de Totanés,TOLEDO,Totanés,Filoniana,roca,-4.212485643999969,39.69350509800006,False,coincide_si_lonlat,pos_c000af3fc4f1f275,pendiente,validada,roca,,,,,100,auditoria_geologica_u3,2026-09-27,IGME BDMIN inventario indicios Hoja 0656; IGME MAGNA 50 Hoja 0656 https://info.igme.es/cartografiadigital/datos/magna50/memorias/MMagna0656.pdf,Indicio 'La Mina de Totanés' sin laboreo minero probado o continuidad estructural contrastada en fuentes documentales; mantenido en estado pendiente sin asignar deposit_id para evitar agrupaciones por proximidad
gpkg:44f874e0d3404a1c13ef2b13e6ecb8ea39b189992e387651298f79c6169e0960:5991,0656008,,TOLEDO,Villarejo de Montalbán,Estratiforme/Estratoide,desconocido,-4.512971139999934,39.728271636000045,False,coincide_si_lonlat,pos_e6c4d7c0f9873789,pendiente,validada,desconocido,,,,,100,auditoria_geologica_u3,2026-09-27,IGME BDMIN inventario indicios Hoja 0656; IGME MAGNA 50 Hoja 0656 https://info.igme.es/cartografiadigital/datos/magna50/memorias/MMagna0656.pdf,Indicio menor/muestra de batea fluvial sin denominación minera ni laboreo contrastado; mantenido en estado pendiente sin asignar deposit_id para evitar agrupaciones espurias
gpkg:44f874e0d3404a1c13ef2b13e6ecb8ea39b189992e387651298f79c6169e0960:5992,0656009,Valdelazarza,TOLEDO,Villarejo de Montalbán,Filoniana,roca,-4.506624061999958,39.73150750900004,False,coincide_si_lonlat,pos_d279802fa9a3e20a,pendiente,validada,roca,,,,,100,auditoria_geologica_u3,2026-09-27,IGME BDMIN inventario indicios Hoja 0656; IGME MAGNA 50 Hoja 0656 https://info.igme.es/cartografiadigital/datos/magna50/memorias/MMagna0656.pdf,Indicio 'Valdelazarza' sin laboreo minero probado o continuidad estructural contrastada en fuentes documentales; mantenido en estado pendiente sin asignar deposit_id para evitar agrupaciones por proximidad
gpkg:44f874e0d3404a1c13ef2b13e6ecb8ea39b189992e387651298f79c6169e0960:6016,0675002,Mina Mari Rosa,CACERES,Valencia de Alcántara,Filoniana,roca,-7.331843861999971,39.52562483000003,False,coincide_si_lonlat,pos_5620583884d8366a,pendiente,validada,roca,,,,,100,auditoria_geologica_u3,2026-09-27,IGME BDMIN inventario indicios Hoja 0675; IGME MAGNA 50 Hoja 0675 https://info.igme.es/cartografiadigital/datos/magna50/memorias/MMagna0675.pdf,Indicio 'Mina Mari Rosa' sin laboreo minero probado o continuidad estructural contrastada en fuentes documentales; mantenido en estado pendiente sin asignar deposit_id para evitar agrupaciones por proximidad
gpkg:44f874e0d3404a1c13ef2b13e6ecb8ea39b189992e387651298f79c6169e0960:6019,0675005,Mina Portoviejo,CACERES,Valencia de Alcántara,Filoniana,roca,-7.345778548999931,39.526725068000076,False,coincide_si_lonlat,pos_7ebce5fef8a2b8c6,pendiente,validada,roca,,,,,100,auditoria_geologica_u3,2026-09-27,IGME BDMIN inventario indicios Hoja 0675; IGME MAGNA 50 Hoja 0675 https://info.igme.es/cartografiadigital/datos/magna50/memorias/MMagna0675.pdf,Indicio 'Mina Portoviejo' sin laboreo minero probado o continuidad estructural contrastada en fuentes documentales; mantenido en estado pendiente sin asignar deposit_id para evitar agrupaciones por proximidad
gpkg:44f874e0d3404a1c13ef2b13e6ecb8ea39b189992e387651298f79c6169e0960:6043,0680009,Mina del Aguijoncillo,CACERES,Garciaz,Filoniana,roca,-5.579046043999938,39.50052670200006,False,coincide_si_lonlat,pos_f89be2e984ab2eb4,pendiente,validada,roca,,,,,100,auditoria_geologica_u3,2026-09-27,IGME BDMIN inventario indicios Hoja 0680; IGME MAGNA 50 Hoja 0680 https://info.igme.es/cartografiadigital/datos/magna50/memorias/MMagna0680.pdf,Indicio 'Mina del Aguijoncillo' sin laboreo minero probado o continuidad estructural contrastada en fuentes documentales; mantenido en estado pendiente sin asignar deposit_id para evitar agrupaciones por proximidad
gpkg:44f874e0d3404a1c13ef2b13e6ecb8ea39b189992e387651298f79c6169e0960:6061,0681010,Mina Las Hambrientas,CACERES,Navezuelas,Filoniana,roca,-5.436443322999935,39.501495609000074,False,coincide_si_lonlat,pos_852c1825c9733907,pendiente,validada,roca,,,,,100,auditoria_geologica_u3,2026-09-27,IGME BDMIN inventario indicios Hoja 0681; IGME MAGNA 50 Hoja 0681 https://info.igme.es/cartografiadigital/datos/magna50/memorias/MMagna0681.pdf,Indicio 'Mina Las Hambrientas' sin laboreo minero probado o continuidad estructural contrastada en fuentes documentales; mantenido en estado pendiente sin asignar deposit_id para evitar agrupaciones por proximidad
gpkg:44f874e0d3404a1c13ef2b13e6ecb8ea39b189992e387651298f79c6169e0960:6063,0681012,Mina Soltura,CACERES,Cabañas del Castillo,Filoniana,roca,-5.491256341999929,39.564782738000076,False,coincide_si_lonlat,pos_7155307d024dffed,pendiente,validada,roca,,,,,100,auditoria_geologica_u3,2026-09-27,IGME BDMIN inventario indicios Hoja 0681; IGME MAGNA 50 Hoja 0681 https://info.igme.es/cartografiadigital/datos/magna50/memorias/MMagna0681.pdf,Indicio 'Mina Soltura' sin laboreo minero probado o continuidad estructural contrastada en fuentes documentales; mantenido en estado pendiente sin asignar deposit_id para evitar agrupaciones por proximidad
gpkg:44f874e0d3404a1c13ef2b13e6ecb8ea39b189992e387651298f79c6169e0960:6064,0681013,Peña del Castillo,CACERES,Cabañas del Castillo,Filoniana,roca,-5.509272561999978,39.54795393400008,False,coincide_si_lonlat,pos_585a6d45b7898375,pendiente,validada,roca,,,,,100,auditoria_geologica_u3,2026-09-27,IGME BDMIN inventario indicios Hoja 0681; IGME MAGNA 50 Hoja 0681 https://info.igme.es/cartografiadigital/datos/magna50/memorias/MMagna0681.pdf,Indicio 'Peña del Castillo' sin laboreo minero probado o continuidad estructural contrastada en fuentes documentales; mantenido en estado pendiente sin asignar deposit_id para evitar agrupaciones por proximidad
gpkg:44f874e0d3404a1c13ef2b13e6ecb8ea39b189992e387651298f79c6169e0960:6066,0682001,Pilar o La Oriental,TOLEDO,"Nava de Ricomalillo, La",Filoniana,roca,-4.9553827749999755,39.660852232000025,False,coincide_si_lonlat,pos_6999a043bd945531,confirmada,validada,roca,dep_la_oriental_la_jara,dist_montes_de_toledo_jara,,,50,auditoria_geologica_u3,2026-09-27,IGME MAGNA 50 Hoja 682 (Jaraicejo / La Nava de Ricomalillo) https://info.igme.es/cartografiadigital/datos/magna50/memorias/MMagna0682.pdf,Labores y filones de cuarzo aurífero encajados en cuarcitas armoricanas del Sinclinal de La Jara
gpkg:44f874e0d3404a1c13ef2b13e6ecb8ea39b189992e387651298f79c6169e0960:6067,0682002,Los Pozuelos,TOLEDO,Sevilleja de la Jara,Filoniana,roca,-4.900991870999974,39.54751534600007,False,coincide_si_lonlat,pos_5535e4d4cdd20956,pendiente,validada,roca,,,,,100,auditoria_geologica_u3,2026-09-27,IGME BDMIN inventario indicios Hoja 0682; IGME MAGNA 50 Hoja 0682 https://info.igme.es/cartografiadigital/datos/magna50/memorias/MMagna0682.pdf,Indicio 'Los Pozuelos' sin laboreo minero probado o continuidad estructural contrastada en fuentes documentales; mantenido en estado pendiente sin asignar deposit_id para evitar agrupaciones por proximidad
gpkg:44f874e0d3404a1c13ef2b13e6ecb8ea39b189992e387651298f79c6169e0960:6073,0682008,¿Pilar 2?,TOLEDO,"Nava de Ricomalillo, La",Filoniana,roca,-4.955894520999948,39.66246528900007,False,coincide_si_lonlat,pos_795fda3cbc0028c4,confirmada,validada,roca,dep_la_oriental_la_jara,dist_montes_de_toledo_jara,,,50,auditoria_geologica_u3,2026-09-27,IGME MAGNA 50 Hoja 682 (Jaraicejo / La Nava de Ricomalillo) https://info.igme.es/cartografiadigital/datos/magna50/memorias/MMagna0682.pdf,Labores y filones de cuarzo aurífero encajados en cuarcitas armoricanas del Sinclinal de La Jara
gpkg:44f874e0d3404a1c13ef2b13e6ecb8ea39b189992e387651298f79c6169e0960:6076,0682011,Candeal,TOLEDO,Sevilleja de la Jara,Filoniana,roca,-4.93560314299998,39.65379591100003,False,coincide_si_lonlat,pos_68a14903877c40b4,confirmada,validada,roca,dep_la_oriental_la_jara,dist_montes_de_toledo_jara,,,50,auditoria_geologica_u3,2026-09-27,IGME MAGNA 50 Hoja 682 (Jaraicejo / La Nava de Ricomalillo) https://info.igme.es/cartografiadigital/datos/magna50/memorias/MMagna0682.pdf,Labores y filones de cuarzo aurífero encajados en cuarcitas armoricanas del Sinclinal de La Jara
gpkg:44f874e0d3404a1c13ef2b13e6ecb8ea39b189992e387651298f79c6169e0960:6077,0682012,,TOLEDO,"Nava de Ricomalillo, La",Filoniana,roca,-5.025273264999953,39.631275352000046,False,coincide_si_lonlat,pos_66bb5e6c069a8255,confirmada,validada,roca,dep_la_oriental_la_jara,dist_montes_de_toledo_jara,,,50,auditoria_geologica_u3,2026-09-27,IGME MAGNA 50 Hoja 682 (Jaraicejo / La Nava de Ricomalillo) https://info.igme.es/cartografiadigital/datos/magna50/memorias/MMagna0682.pdf,Labores y filones de cuarzo aurífero encajados en cuarcitas armoricanas del Sinclinal de La Jara
gpkg:44f874e0d3404a1c13ef2b13e6ecb8ea39b189992e387651298f79c6169e0960:6170,0707001,Los Escoriales,CACERES,Berzocana,Desconocida,desconocido,-5.468779210999969,39.45602984800007,False,coincide_si_lonlat,pos_d8004f8daf1dd84f,pendiente,validada,desconocido,,,,,100,auditoria_geologica_u3,2026-09-27,IGME BDMIN inventario indicios Hoja 0707; IGME MAGNA 50 Hoja 0707 https://info.igme.es/cartografiadigital/datos/magna50/memorias/MMagna0707.pdf,Indicio 'Los Escoriales' sin laboreo minero probado o continuidad estructural contrastada en fuentes documentales; mantenido en estado pendiente sin asignar deposit_id para evitar agrupaciones por proximidad
gpkg:44f874e0d3404a1c13ef2b13e6ecb8ea39b189992e387651298f79c6169e0960:6198,0707029,Desconocido,CACERES,Berzocana,Filoniana,roca,-5.458101150999937,39.45013899500003,False,coincide_si_lonlat,pos_2ab9ca179a100dde,pendiente,validada,roca,,,,,100,auditoria_geologica_u3,2026-09-27,IGME BDMIN inventario indicios Hoja 0707; IGME MAGNA 50 Hoja 0707 https://info.igme.es/cartografiadigital/datos/magna50/memorias/MMagna0707.pdf,Indicio 'Desconocido' sin laboreo minero probado o continuidad estructural contrastada en fuentes documentales; mantenido en estado pendiente sin asignar deposit_id para evitar agrupaciones por proximidad
gpkg:44f874e0d3404a1c13ef2b13e6ecb8ea39b189992e387651298f79c6169e0960:6229,0726001,Matasiete,BADAJOZ,"Codosera, La",Filoniana,roca,-7.1943709539999645,39.19516072500005,False,coincide_si_lonlat,pos_a97b07f8522ca625,confirmada,validada,roca,dep_la_codosera,dist_la_codosera,,,50,auditoria_geologica_u3,2026-09-27,"IGME (1988) Informe Investigación de oro en el Cerro de los Algarbes y el Chirriato, La Codosera, 42 pp https://info.igme.es/sid/; Gumiel, P. & Arribas, A. (1987) Geol. Rundsch. 76:305-325; IGME MAGNA 50 Hoja 726 (Pino de Valencia) https://info.igme.es/cartografiadigital/datos/magna50/memorias/MMagna0726.pdf","Cinturón orogénico de cizalla Varisco en cuarcitas armoricanas y pizarras del Sinclinal de La Codosera; filones de cuarzo y saddle-reefs de Monteviejo (Bandas N, S, W), La Breña, La Perla de Aníbal, Matasiete y La Centena"
gpkg:44f874e0d3404a1c13ef2b13e6ecb8ea39b189992e387651298f79c6169e0960:6230,0726002,La Centena,BADAJOZ,"Codosera, La",Filoniana,roca,-7.211058868999942,39.22199808200003,False,coincide_si_lonlat,pos_21ef63c4aa76b4fd,confirmada,validada,roca,dep_la_codosera,dist_la_codosera,,,50,auditoria_geologica_u3,2026-09-27,"IGME (1988) Informe Investigación de oro en el Cerro de los Algarbes y el Chirriato, La Codosera, 42 pp https://info.igme.es/sid/; Gumiel, P. & Arribas, A. (1987) Geol. Rundsch. 76:305-325; IGME MAGNA 50 Hoja 726 (Pino de Valencia) https://info.igme.es/cartografiadigital/datos/magna50/memorias/MMagna0726.pdf","Cinturón orogénico de cizalla Varisco en cuarcitas armoricanas y pizarras del Sinclinal de La Codosera; filones de cuarzo y saddle-reefs de Monteviejo (Bandas N, S, W), La Breña, La Perla de Aníbal, Matasiete y La Centena"
gpkg:44f874e0d3404a1c13ef2b13e6ecb8ea39b189992e387651298f79c6169e0960:6231,0726003,Filón Breña,BADAJOZ,"Codosera, La",Filoniana,roca,-7.19848307999996,39.21549708300006,False,coincide_si_lonlat,pos_3a69ddebe56a737b,confirmada,validada,roca,dep_la_codosera,dist_la_codosera,,,50,auditoria_geologica_u3,2026-09-27,"IGME (1988) Informe Investigación de oro en el Cerro de los Algarbes y el Chirriato, La Codosera, 42 pp https://info.igme.es/sid/; Gumiel, P. & Arribas, A. (1987) Geol. Rundsch. 76:305-325; IGME MAGNA 50 Hoja 726 (Pino de Valencia) https://info.igme.es/cartografiadigital/datos/magna50/memorias/MMagna0726.pdf","Cinturón orogénico de cizalla Varisco en cuarcitas armoricanas y pizarras del Sinclinal de La Codosera; filones de cuarzo y saddle-reefs de Monteviejo (Bandas N, S, W), La Breña, La Perla de Aníbal, Matasiete y La Centena"
gpkg:44f874e0d3404a1c13ef2b13e6ecb8ea39b189992e387651298f79c6169e0960:6232,0726004,Mina del Moro,BADAJOZ,"Codosera, La",Filoniana,roca,-7.225544187999958,39.22176931300004,False,coincide_si_lonlat,pos_b6f625f7e003d53d,confirmada,validada,roca,dep_la_codosera,dist_la_codosera,,,50,auditoria_geologica_u3,2026-09-27,"IGME (1988) Informe Investigación de oro en el Cerro de los Algarbes y el Chirriato, La Codosera, 42 pp https://info.igme.es/sid/; Gumiel, P. & Arribas, A. (1987) Geol. Rundsch. 76:305-325; IGME MAGNA 50 Hoja 726 (Pino de Valencia) https://info.igme.es/cartografiadigital/datos/magna50/memorias/MMagna0726.pdf","Cinturón orogénico de cizalla Varisco en cuarcitas armoricanas y pizarras del Sinclinal de La Codosera; filones de cuarzo y saddle-reefs de Monteviejo (Bandas N, S, W), La Breña, La Perla de Aníbal, Matasiete y La Centena"
gpkg:44f874e0d3404a1c13ef2b13e6ecb8ea39b189992e387651298f79c6169e0960:6237,0726009,"Zona Norte (""Banda mineral-N"") de Monteviejo",BADAJOZ,"Codosera, La",Filoniana,roca,-7.210324081999943,39.205318162000026,False,coincide_si_lonlat,pos_5f63114e14e23e0f,confirmada,validada,roca,dep_la_codosera,dist_la_codosera,,,50,auditoria_geologica_u3,2026-09-27,"IGME (1988) Informe Investigación de oro en el Cerro de los Algarbes y el Chirriato, La Codosera, 42 pp https://info.igme.es/sid/; Gumiel, P. & Arribas, A. (1987) Geol. Rundsch. 76:305-325; IGME MAGNA 50 Hoja 726 (Pino de Valencia) https://info.igme.es/cartografiadigital/datos/magna50/memorias/MMagna0726.pdf","Cinturón orogénico de cizalla Varisco en cuarcitas armoricanas y pizarras del Sinclinal de La Codosera; filones de cuarzo y saddle-reefs de Monteviejo (Bandas N, S, W), La Breña, La Perla de Aníbal, Matasiete y La Centena"
gpkg:44f874e0d3404a1c13ef2b13e6ecb8ea39b189992e387651298f79c6169e0960:6238,0726010,"Zona Sur (""Banda mineral-S"") de Monteviejo",BADAJOZ,"Codosera, La",Filoniana,roca,-7.211515988999963,39.20398496800004,False,coincide_si_lonlat,pos_03f13e6af0d6b4d8,confirmada,validada,roca,dep_la_codosera,dist_la_codosera,,,50,auditoria_geologica_u3,2026-09-27,"IGME (1988) Informe Investigación de oro en el Cerro de los Algarbes y el Chirriato, La Codosera, 42 pp https://info.igme.es/sid/; Gumiel, P. & Arribas, A. (1987) Geol. Rundsch. 76:305-325; IGME MAGNA 50 Hoja 726 (Pino de Valencia) https://info.igme.es/cartografiadigital/datos/magna50/memorias/MMagna0726.pdf","Cinturón orogénico de cizalla Varisco en cuarcitas armoricanas y pizarras del Sinclinal de La Codosera; filones de cuarzo y saddle-reefs de Monteviejo (Bandas N, S, W), La Breña, La Perla de Aníbal, Matasiete y La Centena"
gpkg:44f874e0d3404a1c13ef2b13e6ecb8ea39b189992e387651298f79c6169e0960:6239,0726011,Cerro de Los Algarbes,BADAJOZ,"Codosera, La",Filoniana,roca,-7.215624633999937,39.201795498000024,False,coincide_si_lonlat,pos_90c2429daf149402,confirmada,validada,roca,dep_la_codosera,dist_la_codosera,,,50,auditoria_geologica_u3,2026-09-27,"IGME (1988) Informe Investigación de oro en el Cerro de los Algarbes y el Chirriato, La Codosera, 42 pp https://info.igme.es/sid/; Gumiel, P. & Arribas, A. (1987) Geol. Rundsch. 76:305-325; IGME MAGNA 50 Hoja 726 (Pino de Valencia) https://info.igme.es/cartografiadigital/datos/magna50/memorias/MMagna0726.pdf","Cinturón orogénico de cizalla Varisco en cuarcitas armoricanas y pizarras del Sinclinal de La Codosera; filones de cuarzo y saddle-reefs de Monteviejo (Bandas N, S, W), La Breña, La Perla de Aníbal, Matasiete y La Centena"
gpkg:44f874e0d3404a1c13ef2b13e6ecb8ea39b189992e387651298f79c6169e0960:6240,0726012,Barrancones (Labor Romana Aluvial),BADAJOZ,"Codosera, La",Aluvionar,aluvial,-7.20873635199996,39.19943718800005,False,coincide_si_lonlat,pos_3d4ccb672b168ea4,confirmada,validada,aluvial,dep_la_codosera,dist_la_codosera,,,50,auditoria_geologica_u3,2026-09-27,"IGME (1988) Investigación de oro en Cerro de los Algarbes y Chirriato, La Codosera https://info.igme.es/sid/; IGME MAGNA 50 Hoja 726 https://info.igme.es/cartografiadigital/datos/magna50/memorias/MMagna0726.pdf",Labor romana aluvial/eluvial encajada directamente en la vaguada que drena la banda mineralizada de Monteviejo; mineralización aluvial genéticamente co-espacial al yacimiento primario de La Codosera
gpkg:44f874e0d3404a1c13ef2b13e6ecb8ea39b189992e387651298f79c6169e0960:6241,0726013,Casa de La Niña-Barrancones,BADAJOZ,"Codosera, La",Filoniana,roca,-7.200714024999968,39.196159943000055,False,coincide_si_lonlat,pos_bea2878f30a50fea,confirmada,validada,roca,dep_la_codosera,dist_la_codosera,,,50,auditoria_geologica_u3,2026-09-27,"IGME (1988) Informe Investigación de oro en el Cerro de los Algarbes y el Chirriato, La Codosera, 42 pp https://info.igme.es/sid/; Gumiel, P. & Arribas, A. (1987) Geol. Rundsch. 76:305-325; IGME MAGNA 50 Hoja 726 (Pino de Valencia) https://info.igme.es/cartografiadigital/datos/magna50/memorias/MMagna0726.pdf","Cinturón orogénico de cizalla Varisco en cuarcitas armoricanas y pizarras del Sinclinal de La Codosera; filones de cuarzo y saddle-reefs de Monteviejo (Bandas N, S, W), La Breña, La Perla de Aníbal, Matasiete y La Centena"
gpkg:44f874e0d3404a1c13ef2b13e6ecb8ea39b189992e387651298f79c6169e0960:6242,0726014,La Portilla de Los Bastos Este,BADAJOZ,"Codosera, La",Filoniana,roca,-7.22881246999998,39.20695245300004,False,coincide_si_lonlat,pos_7a81e5b64ce6492a,confirmada,validada,roca,dep_la_codosera,dist_la_codosera,,,50,auditoria_geologica_u3,2026-09-27,"IGME (1988) Informe Investigación de oro en el Cerro de los Algarbes y el Chirriato, La Codosera, 42 pp https://info.igme.es/sid/; Gumiel, P. & Arribas, A. (1987) Geol. Rundsch. 76:305-325; IGME MAGNA 50 Hoja 726 (Pino de Valencia) https://info.igme.es/cartografiadigital/datos/magna50/memorias/MMagna0726.pdf","Cinturón orogénico de cizalla Varisco en cuarcitas armoricanas y pizarras del Sinclinal de La Codosera; filones de cuarzo y saddle-reefs de Monteviejo (Bandas N, S, W), La Breña, La Perla de Aníbal, Matasiete y La Centena"
gpkg:44f874e0d3404a1c13ef2b13e6ecb8ea39b189992e387651298f79c6169e0960:6243,0726015,La Portilla de Los Bastos Oeste,BADAJOZ,"Codosera, La",Filoniana,roca,-7.232229041999972,39.20925691200006,False,coincide_si_lonlat,pos_0c147c56556478f8,confirmada,validada,roca,dep_la_codosera,dist_la_codosera,,,50,auditoria_geologica_u3,2026-09-27,"IGME (1988) Informe Investigación de oro en el Cerro de los Algarbes y el Chirriato, La Codosera, 42 pp https://info.igme.es/sid/; Gumiel, P. & Arribas, A. (1987) Geol. Rundsch. 76:305-325; IGME MAGNA 50 Hoja 726 (Pino de Valencia) https://info.igme.es/cartografiadigital/datos/magna50/memorias/MMagna0726.pdf","Cinturón orogénico de cizalla Varisco en cuarcitas armoricanas y pizarras del Sinclinal de La Codosera; filones de cuarzo y saddle-reefs de Monteviejo (Bandas N, S, W), La Breña, La Perla de Aníbal, Matasiete y La Centena"
gpkg:44f874e0d3404a1c13ef2b13e6ecb8ea39b189992e387651298f79c6169e0960:6244,0726016,Indicios de La Breña,BADAJOZ,"Codosera, La",Filoniana,roca,-7.211889210999971,39.212099771000055,False,coincide_si_lonlat,pos_ac9fffc2827593c7,confirmada,validada,roca,dep_la_codosera,dist_la_codosera,,,50,auditoria_geologica_u3,2026-09-27,"IGME (1988) Informe Investigación de oro en el Cerro de los Algarbes y el Chirriato, La Codosera, 42 pp https://info.igme.es/sid/; Gumiel, P. & Arribas, A. (1987) Geol. Rundsch. 76:305-325; IGME MAGNA 50 Hoja 726 (Pino de Valencia) https://info.igme.es/cartografiadigital/datos/magna50/memorias/MMagna0726.pdf","Cinturón orogénico de cizalla Varisco en cuarcitas armoricanas y pizarras del Sinclinal de La Codosera; filones de cuarzo y saddle-reefs de Monteviejo (Bandas N, S, W), La Breña, La Perla de Aníbal, Matasiete y La Centena"
gpkg:44f874e0d3404a1c13ef2b13e6ecb8ea39b189992e387651298f79c6169e0960:6245,0726017,La Perla de Anibal,BADAJOZ,"Codosera, La",Filoniana,roca,-7.210662870999954,39.21478394700006,False,coincide_si_lonlat,pos_2dc504053aee41d1,confirmada,validada,roca,dep_la_codosera,dist_la_codosera,,,50,auditoria_geologica_u3,2026-09-27,"IGME (1988) Informe Investigación de oro en el Cerro de los Algarbes y el Chirriato, La Codosera, 42 pp https://info.igme.es/sid/; Gumiel, P. & Arribas, A. (1987) Geol. Rundsch. 76:305-325; IGME MAGNA 50 Hoja 726 (Pino de Valencia) https://info.igme.es/cartografiadigital/datos/magna50/memorias/MMagna0726.pdf","Cinturón orogénico de cizalla Varisco en cuarcitas armoricanas y pizarras del Sinclinal de La Codosera; filones de cuarzo y saddle-reefs de Monteviejo (Bandas N, S, W), La Breña, La Perla de Aníbal, Matasiete y La Centena"
gpkg:44f874e0d3404a1c13ef2b13e6ecb8ea39b189992e387651298f79c6169e0960:6246,0726018,La Manzana de Oro,BADAJOZ,"Codosera, La",Filoniana,roca,-7.219289457999935,39.217168756000035,False,coincide_si_lonlat,pos_e29f50cc834072ae,confirmada,validada,roca,dep_la_codosera,dist_la_codosera,,,50,auditoria_geologica_u3,2026-09-27,"IGME (1988) Informe Investigación de oro en el Cerro de los Algarbes y el Chirriato, La Codosera, 42 pp https://info.igme.es/sid/; Gumiel, P. & Arribas, A. (1987) Geol. Rundsch. 76:305-325; IGME MAGNA 50 Hoja 726 (Pino de Valencia) https://info.igme.es/cartografiadigital/datos/magna50/memorias/MMagna0726.pdf","Cinturón orogénico de cizalla Varisco en cuarcitas armoricanas y pizarras del Sinclinal de La Codosera; filones de cuarzo y saddle-reefs de Monteviejo (Bandas N, S, W), La Breña, La Perla de Aníbal, Matasiete y La Centena"
gpkg:44f874e0d3404a1c13ef2b13e6ecb8ea39b189992e387651298f79c6169e0960:6247,0726019,La Portilla Larga,BADAJOZ,"Codosera, La",Filoniana,roca,-7.214273161999927,39.209433345000036,False,coincide_si_lonlat,pos_f0c3b0a17bb09dbc,confirmada,validada,roca,dep_la_codosera,dist_la_codosera,,,50,auditoria_geologica_u3,2026-09-27,"IGME (1988) Informe Investigación de oro en el Cerro de los Algarbes y el Chirriato, La Codosera, 42 pp https://info.igme.es/sid/; Gumiel, P. & Arribas, A. (1987) Geol. Rundsch. 76:305-325; IGME MAGNA 50 Hoja 726 (Pino de Valencia) https://info.igme.es/cartografiadigital/datos/magna50/memorias/MMagna0726.pdf","Cinturón orogénico de cizalla Varisco en cuarcitas armoricanas y pizarras del Sinclinal de La Codosera; filones de cuarzo y saddle-reefs de Monteviejo (Bandas N, S, W), La Breña, La Perla de Aníbal, Matasiete y La Centena"
gpkg:44f874e0d3404a1c13ef2b13e6ecb8ea39b189992e387651298f79c6169e0960:6250,0726022,Las Calzadas,CACERES,Valencia de Alcántara,Filoniana,roca,-7.216363595999951,39.28695159500006,False,coincide_si_lonlat,pos_e50f4dd56464a222,confirmada,validada,roca,dep_el_chirriato_atalaya,dist_la_codosera,,,50,auditoria_geologica_u3,2026-09-27,"IGME (1988) Informe Investigación de oro en Cerro de los Algarbes y el Chirriato, La Codosera; Gumiel & Arribas (1987) Geol. Rundsch. 76:305-325; IGME MAGNA 50 Hoja 726 (Pino de Valencia) https://info.igme.es/cartografiadigital/datos/magna50/memorias/MMagna0726.pdf","Sector norte cacereño del Sinclinal de La Codosera; filones de cuarzo orogénicos de El Chirriato, La Atalaya y Cañonera en cuarcitas armoricanas"
gpkg:44f874e0d3404a1c13ef2b13e6ecb8ea39b189992e387651298f79c6169e0960:6251,0726023,Atalaya,CACERES,Valencia de Alcántara,Filoniana,roca,-7.208376987999941,39.28187339500005,False,coincide_si_lonlat,pos_4cd5d318edd84677,confirmada,validada,roca,dep_el_chirriato_atalaya,dist_la_codosera,,,50,auditoria_geologica_u3,2026-09-27,"IGME (1988) Informe Investigación de oro en Cerro de los Algarbes y el Chirriato, La Codosera; Gumiel & Arribas (1987) Geol. Rundsch. 76:305-325; IGME MAGNA 50 Hoja 726 (Pino de Valencia) https://info.igme.es/cartografiadigital/datos/magna50/memorias/MMagna0726.pdf","Sector norte cacereño del Sinclinal de La Codosera; filones de cuarzo orogénicos de El Chirriato, La Atalaya y Cañonera en cuarcitas armoricanas"
gpkg:44f874e0d3404a1c13ef2b13e6ecb8ea39b189992e387651298f79c6169e0960:6252,0726024,Cañonera,CACERES,Valencia de Alcántara,Filoniana,roca,-7.203058368999962,39.285845848000065,False,coincide_si_lonlat,pos_c534a7c2a186bfb6,confirmada,validada,roca,dep_el_chirriato_atalaya,dist_la_codosera,,,50,auditoria_geologica_u3,2026-09-27,"IGME (1988) Informe Investigación de oro en Cerro de los Algarbes y el Chirriato, La Codosera; Gumiel & Arribas (1987) Geol. Rundsch. 76:305-325; IGME MAGNA 50 Hoja 726 (Pino de Valencia) https://info.igme.es/cartografiadigital/datos/magna50/memorias/MMagna0726.pdf","Sector norte cacereño del Sinclinal de La Codosera; filones de cuarzo orogénicos de El Chirriato, La Atalaya y Cañonera en cuarcitas armoricanas"
gpkg:44f874e0d3404a1c13ef2b13e6ecb8ea39b189992e387651298f79c6169e0960:6253,0726025,Labor Romana (El Peñon),CACERES,Valencia de Alcántara,Filoniana,roca,-7.200878761999945,39.280406190000065,False,coincide_si_lonlat,pos_bc5057b88f08a7de,confirmada,validada,roca,dep_el_chirriato_atalaya,dist_la_codosera,,,50,auditoria_geologica_u3,2026-09-27,"IGME (1988) Informe Investigación de oro en Cerro de los Algarbes y el Chirriato, La Codosera; Gumiel & Arribas (1987) Geol. Rundsch. 76:305-325; IGME MAGNA 50 Hoja 726 (Pino de Valencia) https://info.igme.es/cartografiadigital/datos/magna50/memorias/MMagna0726.pdf","Sector norte cacereño del Sinclinal de La Codosera; filones de cuarzo orogénicos de El Chirriato, La Atalaya y Cañonera en cuarcitas armoricanas"
gpkg:44f874e0d3404a1c13ef2b13e6ecb8ea39b189992e387651298f79c6169e0960:6254,0726026,El Chirriato,CACERES,Valencia de Alcántara,Filoniana,roca,-7.199255798999957,39.27587610200004,False,coincide_si_lonlat,pos_d96ef5095b039fbe,confirmada,validada,roca,dep_el_chirriato_atalaya,dist_la_codosera,,,50,auditoria_geologica_u3,2026-09-27,"IGME (1988) Informe Investigación de oro en Cerro de los Algarbes y el Chirriato, La Codosera; Gumiel & Arribas (1987) Geol. Rundsch. 76:305-325; IGME MAGNA 50 Hoja 726 (Pino de Valencia) https://info.igme.es/cartografiadigital/datos/magna50/memorias/MMagna0726.pdf","Sector norte cacereño del Sinclinal de La Codosera; filones de cuarzo orogénicos de El Chirriato, La Atalaya y Cañonera en cuarcitas armoricanas"
gpkg:44f874e0d3404a1c13ef2b13e6ecb8ea39b189992e387651298f79c6169e0960:6255,0726027,"Zona Oeste (""Banda mineral-W"" de Monteviejo -saddle-)",BADAJOZ,"Codosera, La",Lentejonar,desconocido,-7.21265077399994,39.20490340600003,False,coincide_si_lonlat,pos_6db45eada4372877,confirmada,validada,roca,dep_la_codosera,dist_la_codosera,,,50,auditoria_geologica_u3,2026-09-27,"IGME (1988) Informe Investigación de oro en el Cerro de los Algarbes y el Chirriato, La Codosera, 42 pp https://info.igme.es/sid/; Gumiel, P. & Arribas, A. (1987) Geol. Rundsch. 76:305-325; IGME MAGNA 50 Hoja 726 (Pino de Valencia) https://info.igme.es/cartografiadigital/datos/magna50/memorias/MMagna0726.pdf","Cinturón orogénico de cizalla Varisco en cuarcitas armoricanas y pizarras del Sinclinal de La Codosera; filones de cuarzo y saddle-reefs de Monteviejo (Bandas N, S, W), La Breña, La Perla de Aníbal, Matasiete y La Centena"
gpkg:44f874e0d3404a1c13ef2b13e6ecb8ea39b189992e387651298f79c6169e0960:6260,0727004,Navacio,BADAJOZ,San Vicente de Alcántara,Filoniana,roca,-7.172188362999975,39.26914706000008,False,coincide_si_lonlat,pos_78cd0fb7d675cc45,pendiente,validada,roca,,,,,100,auditoria_geologica_u3,2026-09-27,IGME BDMIN inventario indicios Hoja 0727; IGME MAGNA 50 Hoja 0727 https://info.igme.es/cartografiadigital/datos/magna50/memorias/MMagna0727.pdf,Indicio 'Navacio' sin laboreo minero probado o continuidad estructural contrastada en fuentes documentales; mantenido en estado pendiente sin asignar deposit_id para evitar agrupaciones por proximidad
gpkg:44f874e0d3404a1c13ef2b13e6ecb8ea39b189992e387651298f79c6169e0960:6279,0728001,Las Retuertas S,BADAJOZ,Alburquerque,Filoniana,roca,-6.826722778999965,39.21455561200003,False,coincide_si_lonlat,pos_0c8a0891e6825212,confirmada,validada,roca,dep_las_retuertas_alburquerque,dist_alburquerque_la_codosera,,,50,auditoria_geologica_u3,2026-09-27,IGME MAGNA 50 Hoja 728 (Alburquerque) https://info.igme.es/cartografiadigital/datos/magna50/memorias/MMagna0728.pdf,Filones de cuarzo y sulfuros auríferos encajados en pizarras y cuarcitas en la aureola del plutón de Alburquerque
gpkg:44f874e0d3404a1c13ef2b13e6ecb8ea39b189992e387651298f79c6169e0960:6280,0728002,Las Retuertas N,BADAJOZ,Alburquerque,Filoniana,roca,-6.826171808999959,39.21364435800007,False,coincide_si_lonlat,pos_a87a04676413aed5,confirmada,validada,roca,dep_las_retuertas_alburquerque,dist_alburquerque_la_codosera,,,50,auditoria_geologica_u3,2026-09-27,IGME MAGNA 50 Hoja 728 (Alburquerque) https://info.igme.es/cartografiadigital/datos/magna50/memorias/MMagna0728.pdf,Filones de cuarzo y sulfuros auríferos encajados en pizarras y cuarcitas en la aureola del plutón de Alburquerque
gpkg:44f874e0d3404a1c13ef2b13e6ecb8ea39b189992e387651298f79c6169e0960:6320,0731002,Casa de las Minas,CACERES,Alcollarín,Filoniana,roca,-5.725865037999938,39.25984161700006,False,coincide_si_lonlat,pos_58d6263083f6a062,pendiente,validada,roca,,,,,100,auditoria_geologica_u3,2026-09-27,IGME BDMIN inventario indicios Hoja 0731; IGME MAGNA 50 Hoja 0731 https://info.igme.es/cartografiadigital/datos/magna50/memorias/MMagna0731.pdf,Indicio 'Casa de las Minas' sin laboreo minero probado o continuidad estructural contrastada en fuentes documentales; mantenido en estado pendiente sin asignar deposit_id para evitar agrupaciones por proximidad
gpkg:44f874e0d3404a1c13ef2b13e6ecb8ea39b189992e387651298f79c6169e0960:6322,0731004,Navacebrera La Fragua,CACERES,Logrosán,Desconocida,desconocido,-5.568939029999967,39.33223963100005,False,coincide_si_lonlat,pos_00c9007534ece277,pendiente,validada,desconocido,,,,,100,auditoria_geologica_u3,2026-09-27,IGME BDMIN inventario indicios Hoja 0731; IGME MAGNA 50 Hoja 0731 https://info.igme.es/cartografiadigital/datos/magna50/memorias/MMagna0731.pdf,Indicio 'Navacebrera La Fragua' sin laboreo minero probado o continuidad estructural contrastada en fuentes documentales; mantenido en estado pendiente sin asignar deposit_id para evitar agrupaciones por proximidad
gpkg:44f874e0d3404a1c13ef2b13e6ecb8ea39b189992e387651298f79c6169e0960:6363,0755001,Las Morras II,BADAJOZ,Talarrubias,Filoniana,roca,-5.281342539999969,39.12083183000004,False,coincide_si_lonlat,pos_c7d64104f1750085,confirmada,validada,roca,dep_las_morras_talarrubias,dist_centro_iberico_serena,,,50,auditoria_geologica_u3,2026-09-27,IGME MAGNA 50 Hoja 755 (Puebla de Alcocer) https://info.igme.es/cartografiadigital/datos/magna50/memorias/MMagna0755.pdf,Filones de cuarzo con arsenopirita y oro encajados en el Complejo Esquisto-Grauváquico de La Serena
gpkg:44f874e0d3404a1c13ef2b13e6ecb8ea39b189992e387651298f79c6169e0960:6364,0755002,Arroyo del Descargadero,BADAJOZ,Talarrubias,Filoniana,roca,-5.262774825999941,39.13335670500004,False,coincide_si_lonlat,pos_d474a341a0fdb747,confirmada,validada,roca,dep_las_morras_talarrubias,dist_centro_iberico_serena,,,50,auditoria_geologica_u3,2026-09-27,IGME MAGNA 50 Hoja 755 (Puebla de Alcocer) https://info.igme.es/cartografiadigital/datos/magna50/memorias/MMagna0755.pdf,Filones de cuarzo con arsenopirita y oro encajados en el Complejo Esquisto-Grauváquico de La Serena
gpkg:44f874e0d3404a1c13ef2b13e6ecb8ea39b189992e387651298f79c6169e0960:6365,0755003,,BADAJOZ,Talarrubias,Desconocida,desconocido,-5.288944244999925,39.12698963200006,False,coincide_si_lonlat,pos_0587d133a9c65244,pendiente,validada,desconocido,,,,,100,auditoria_geologica_u3,2026-09-27,IGME BDMIN inventario indicios Hoja 0755; IGME MAGNA 50 Hoja 0755 https://info.igme.es/cartografiadigital/datos/magna50/memorias/MMagna0755.pdf,Indicio menor/muestra de batea fluvial sin denominación minera ni laboreo contrastado; mantenido en estado pendiente sin asignar deposit_id para evitar agrupaciones espurias
gpkg:44f874e0d3404a1c13ef2b13e6ecb8ea39b189992e387651298f79c6169e0960:6366,0755004,Las Morras,BADAJOZ,Talarrubias,Filoniana,roca,-5.288997610999957,39.12149268700006,False,coincide_si_lonlat,pos_f90891ba6afc7716,confirmada,validada,roca,dep_las_morras_talarrubias,dist_centro_iberico_serena,,,50,auditoria_geologica_u3,2026-09-27,IGME MAGNA 50 Hoja 755 (Puebla de Alcocer) https://info.igme.es/cartografiadigital/datos/magna50/memorias/MMagna0755.pdf,Filones de cuarzo con arsenopirita y oro encajados en el Complejo Esquisto-Grauváquico de La Serena
gpkg:44f874e0d3404a1c13ef2b13e6ecb8ea39b189992e387651298f79c6169e0960:7181,0859005,Los Rubiales (pozo Santa Ana),CORDOBA,Torrecampo,Filoniana,roca,-4.673458322999977,38.48419660900004,False,coincide_si_lonlat,pos_cbef7dedb33f8f11,pendiente,validada,roca,,,,,100,auditoria_geologica_u3,2026-09-27,IGME BDMIN inventario indicios Hoja 0859; IGME MAGNA 50 Hoja 0859 https://info.igme.es/cartografiadigital/datos/magna50/memorias/MMagna0859.pdf,Indicio 'Los Rubiales (pozo Santa Ana)' sin laboreo minero probado o continuidad estructural contrastada en fuentes documentales; mantenido en estado pendiente sin asignar deposit_id para evitar agrupaciones por proximidad
gpkg:44f874e0d3404a1c13ef2b13e6ecb8ea39b189992e387651298f79c6169e0960:7750,0880002,Mina Pepín,CORDOBA,Espiel,Filoniana,roca,-5.0583900959999255,38.17632502600003,False,coincide_si_lonlat,pos_2bd27d6b4826cb17,confirmada,validada,roca,dep_mina_pepin_espiel,dist_valle_guadiato,,,50,auditoria_geologica_u3,2026-09-27,IGME MAGNA 50 Hoja 880 (Espiel) https://info.igme.es/cartografiadigital/datos/magna50/memorias/MMagna0880.pdf,Mineralización de skarn y filoniana de antimonio y oro en calizas y pizarras carboníferas de Espiel
gpkg:44f874e0d3404a1c13ef2b13e6ecb8ea39b189992e387651298f79c6169e0960:7775,0880027,Cortijo de Navafría,CORDOBA,Espiel,Estratiforme/Estratoide,desconocido,-4.953424799999937,38.17890168800005,False,coincide_si_lonlat,pos_9b61f6e85d70c4c5,pendiente,validada,desconocido,,,,,100,auditoria_geologica_u3,2026-09-27,IGME BDMIN inventario indicios Hoja 0880; IGME MAGNA 50 Hoja 0880 https://info.igme.es/cartografiadigital/datos/magna50/memorias/MMagna0880.pdf,Indicio 'Cortijo de Navafría' sin laboreo minero probado o continuidad estructural contrastada en fuentes documentales; mantenido en estado pendiente sin asignar deposit_id para evitar agrupaciones por proximidad
gpkg:44f874e0d3404a1c13ef2b13e6ecb8ea39b189992e387651298f79c6169e0960:7781,0881001,Mina Luisito,CORDOBA,Pozoblanco,Filoniana,roca,-4.8538362759999245,38.30467437400006,False,coincide_si_lonlat,pos_1c25e9c3493bbdff,pendiente,validada,roca,,,,,100,auditoria_geologica_u3,2026-09-27,IGME BDMIN inventario indicios Hoja 0881; IGME MAGNA 50 Hoja 0881 https://info.igme.es/cartografiadigital/datos/magna50/memorias/MMagna0881.pdf,Indicio 'Mina Luisito' sin laboreo minero probado o continuidad estructural contrastada en fuentes documentales; mantenido en estado pendiente sin asignar deposit_id para evitar agrupaciones por proximidad
gpkg:44f874e0d3404a1c13ef2b13e6ecb8ea39b189992e387651298f79c6169e0960:8220,0897037,El Chocolatero (Anomalía TM-21),BADAJOZ,Segura de León,Filoniana,roca,-6.513018631999955,38.103789335000045,False,coincide_si_lonlat,pos_f893de3b90b95132,confirmada,validada,roca,dep_el_chocolatero_segura,dist_ossa_morena_bodonal,,,50,auditoria_geologica_u3,2026-09-27,IGME MAGNA 50 Hoja 897 (Segura de León) https://info.igme.es/cartografiadigital/datos/magna50/memorias/MMagna0897.pdf,Mineralización filoniana aurífera en cizallas del macizo granítico de Bodonal-Cala
gpkg:44f874e0d3404a1c13ef2b13e6ecb8ea39b189992e387651298f79c6169e0960:8242,0897060,El Guijarro,BADAJOZ,Segura de León,Lentejonar,desconocido,-6.497172045999946,38.09900125400003,False,coincide_si_lonlat,pos_4ee3ab5556acecf3,confirmada,validada,roca,dep_el_chocolatero_segura,dist_ossa_morena_bodonal,,,50,auditoria_geologica_u3,2026-09-27,IGME MAGNA 50 Hoja 897 (Segura de León) https://info.igme.es/cartografiadigital/datos/magna50/memorias/MMagna0897.pdf,Mineralización filoniana aurífera en cizallas del macizo granítico de Bodonal-Cala
gpkg:44f874e0d3404a1c13ef2b13e6ecb8ea39b189992e387651298f79c6169e0960:8508,0901028,,CORDOBA,Villaviciosa de Córdoba,Filoniana,roca,-4.921498221999968,38.07502158900007,False,coincide_si_lonlat,pos_21912cd1daccd18f,pendiente,validada,roca,,,,,100,auditoria_geologica_u3,2026-09-27,IGME BDMIN inventario indicios Hoja 0901; IGME MAGNA 50 Hoja 0901 https://info.igme.es/cartografiadigital/datos/magna50/memorias/MMagna0901.pdf,Indicio menor/muestra de batea fluvial sin denominación minera ni laboreo contrastado; mantenido en estado pendiente sin asignar deposit_id para evitar agrupaciones espurias
gpkg:44f874e0d3404a1c13ef2b13e6ecb8ea39b189992e387651298f79c6169e0960:8884,0918011,Mina de cala,HUELVA,Cala,Lentejonar,desconocido,-6.350269260999937,37.94755470300004,False,coincide_si_lonlat,pos_49b70ef903ea35b2,confirmada,validada,roca,dep_mina_sultana_cala,dist_faja_piritica_norte,,,50,auditoria_geologica_u3,2026-09-27,IGME MAGNA 50 Hoja 918 (Santa Olalla de Cala) https://info.igme.es/cartografiadigital/datos/magna50/memorias/MMagna0918.pdf,Skarn y filones de Cu-Au de Mina Sultana y Cala en el contacto de granodioritas con carbonatos cámbricos
gpkg:44f874e0d3404a1c13ef2b13e6ecb8ea39b189992e387651298f79c6169e0960:8888,0918016,Mina Sultana,HUELVA,Cala,Filoniana,roca,-6.279040639999948,37.96602039700008,False,coincide_si_lonlat,pos_588d2832854a5fa4,confirmada,validada,roca,dep_mina_sultana_cala,dist_faja_piritica_norte,,,50,auditoria_geologica_u3,2026-09-27,IGME MAGNA 50 Hoja 918 (Santa Olalla de Cala) https://info.igme.es/cartografiadigital/datos/magna50/memorias/MMagna0918.pdf,Skarn y filones de Cu-Au de Mina Sultana y Cala en el contacto de granodioritas con carbonatos cámbricos
gpkg:44f874e0d3404a1c13ef2b13e6ecb8ea39b189992e387651298f79c6169e0960:8897,0918025,California,BADAJOZ,Monesterio,Filoniana,roca,-6.286067198999945,37.976094352000075,False,coincide_si_lonlat,pos_120e2750a9a396b7,confirmada,validada,roca,dep_california_extremena_monesterio,dist_ossa_morena_monesterio,,,50,auditoria_geologica_u3,2026-09-27,IGME MAGNA 50 Hoja 918 (Santa Olalla de Cala) https://info.igme.es/cartografiadigital/datos/magna50/memorias/MMagna0918.pdf,"Filones de cuarzo con calcopirita, bismuto y oro en el sector septentrional de Monesterio"
gpkg:44f874e0d3404a1c13ef2b13e6ecb8ea39b189992e387651298f79c6169e0960:8898,0918026,Extremeña,BADAJOZ,Monesterio,Filoniana,roca,-6.279543242999978,37.97706076400004,False,coincide_si_lonlat,pos_08910ff696390864,confirmada,validada,roca,dep_california_extremena_monesterio,dist_ossa_morena_monesterio,,,50,auditoria_geologica_u3,2026-09-27,IGME MAGNA 50 Hoja 918 (Santa Olalla de Cala) https://info.igme.es/cartografiadigital/datos/magna50/memorias/MMagna0918.pdf,"Filones de cuarzo con calcopirita, bismuto y oro en el sector septentrional de Monesterio"
gpkg:44f874e0d3404a1c13ef2b13e6ecb8ea39b189992e387651298f79c6169e0960:8943,0919050,Aguablanca,BADAJOZ,Monesterio,Pipas y chimeneas,desconocido,-6.185970655999938,37.95932321300006,False,coincide_si_lonlat,pos_24e4260ee2ce70b8,confirmada,validada,roca,dep_aguablanca,dist_ossa_morena_monesterio,,,25,auditoria_geologica_u3,2026-09-27,Tornos et al. (2001) Miner. Deposita 36:70-80 (DOI:10.1007/s001260050288); IGME MAGNA 50 Hoja 919 (Monesterio) https://info.igme.es/cartografiadigital/datos/magna50/memorias/MMagna0919.pdf,Yacimiento magmático de sulfuros de Ni-Cu-(PGE-Au) en gabronoritas del complejo plutónico de Monesterio
gpkg:44f874e0d3404a1c13ef2b13e6ecb8ea39b189992e387651298f79c6169e0960:9245,0930001,ALUVIALES DEL RIO BRAVATAS,GRANADA,Puebla de Don Fadrique,Lentejonar,desconocido,-2.5140327009999623,37.96274276500003,False,coincide_si_lonlat,pos_6854cc769b38d6df,pendiente,validada,aluvial,,,,,100,auditoria_geologica_u3,2026-09-27,IGME BDMIN inventario indicios Hoja 0930; IGME MAGNA 50 Hoja 0930 https://info.igme.es/cartografiadigital/datos/magna50/memorias/MMagna0930.pdf,Indicio 'ALUVIALES DEL RIO BRAVATAS' sin laboreo minero probado o continuidad estructural contrastada en fuentes documentales; mantenido en estado pendiente sin asignar deposit_id para evitar agrupaciones por proximidad
gpkg:44f874e0d3404a1c13ef2b13e6ecb8ea39b189992e387651298f79c6169e0960:9306,0937002,Lomero- Poyatos,HUELVA,"Cerro de Andévalo, El",Estratiforme/Estratoide,desconocido,-6.929246176999925,37.80553867000003,False,coincide_si_lonlat,pos_1fea59ce0e72e54e,confirmada,validada,roca,dep_lomero_poyatos,dist_faja_piritica_sur,,,50,auditoria_geologica_u3,2026-09-27,IGME MAGNA 50 Hoja 937 (Cortegana) https://info.igme.es/cartografiadigital/datos/magna50/memorias/MMagna0937.pdf,Masa de sulfuros masivos polimetálicos y gossan aurífero de Lomero-Poyatos en la Faja Pirítica Ibérica
gpkg:44f874e0d3404a1c13ef2b13e6ecb8ea39b189992e387651298f79c6169e0960:9369,0938039,Cerro Colorado,HUELVA,Minas de Riotinto,Pipas y chimeneas,desconocido,-6.585217118999935,37.70463277600004,False,coincide_si_lonlat,pos_1fb15d0c11d6ee76,confirmada,validada,roca,dep_cerro_colorado_riotinto,dist_faja_piritica_sur,,,25,auditoria_geologica_u3,2026-09-27,"García-Palomero, F. (1992) Recursos Minerales de España, CSIC; IGME MAGNA 50 Hoja 938 (Minas de Riotinto) https://info.igme.es/cartografiadigital/datos/magna50/memorias/MMagna0938.pdf",Gossan aurífero de Cerro Colorado en Minas de Riotinto; gran concentración supergénica e hipogénica de oro en sulfuros masivos volcanogénicos
gpkg:44f874e0d3404a1c13ef2b13e6ecb8ea39b189992e387651298f79c6169e0960:9439,0941023,"Aluviales del Manzano, Churre y Gómez",SEVILLA,Lora del Río,Aluvionar,aluvial,-5.5392605799999615,37.68706982600003,False,coincide_si_lonlat,pos_29f98327d76d55db,pendiente,validada,aluvial,,,,,100,auditoria_geologica_u3,2026-09-27,IGME BDMIN inventario indicios Hoja 0941; IGME MAGNA 50 Hoja 0941 https://info.igme.es/cartografiadigital/datos/magna50/memorias/MMagna0941.pdf,"Indicio 'Aluviales del Manzano, Churre y Gómez' sin laboreo minero probado o continuidad estructural contrastada en fuentes documentales; mantenido en estado pendiente sin asignar deposit_id para evitar agrupaciones por proximidad"
gpkg:44f874e0d3404a1c13ef2b13e6ecb8ea39b189992e387651298f79c6169e0960:9455,0942016,La Almenara 1_ rafa,SEVILLA,Peñaflor,Estratiforme/Estratoide,desconocido,-5.3665642019999495,37.757257260000074,False,coincide_si_lonlat,pos_0cb45a72add55b80,confirmada,validada,roca,dep_la_almenara_penaflor,dist_ossa_morena_penaflor,,,25,auditoria_geologica_u3,2026-09-27,IGME MAGNA 50 Hoja 942 (Peñaflor) https://info.igme.es/cartografiadigital/datos/magna50/memorias/MMagna0942.pdf,Frentes de explotación y galería de la mina La Almenara; mineralización estratiforme/filoniana de Fe-Cu-Au en rocas volcánicas cámbricas
gpkg:44f874e0d3404a1c13ef2b13e6ecb8ea39b189992e387651298f79c6169e0960:9456,0942017,La Almenara 2 (San José),SEVILLA,Peñaflor,Filoniana,roca,-5.354925639999976,37.74851508000006,False,coincide_si_lonlat,pos_78903b1fd41497d1,confirmada,validada,roca,dep_la_almenara_penaflor,dist_ossa_morena_penaflor,,,25,auditoria_geologica_u3,2026-09-27,IGME MAGNA 50 Hoja 942 (Peñaflor) https://info.igme.es/cartografiadigital/datos/magna50/memorias/MMagna0942.pdf,Frentes de explotación y galería de la mina La Almenara; mineralización estratiforme/filoniana de Fe-Cu-Au en rocas volcánicas cámbricas
gpkg:44f874e0d3404a1c13ef2b13e6ecb8ea39b189992e387651298f79c6169e0960:9457,0942018,El Prioratillo,SEVILLA,Lora del Río,Aluvionar,aluvial,-5.447172426999941,37.72627012400005,False,coincide_si_lonlat,pos_f55dabf3c62a3459,pendiente,validada,aluvial,,,,,100,auditoria_geologica_u3,2026-09-27,IGME BDMIN inventario indicios Hoja 0942; IGME MAGNA 50 Hoja 0942 https://info.igme.es/cartografiadigital/datos/magna50/memorias/MMagna0942.pdf,Indicio 'El Prioratillo' sin laboreo minero probado o continuidad estructural contrastada en fuentes documentales; mantenido en estado pendiente sin asignar deposit_id para evitar agrupaciones por proximidad
gpkg:44f874e0d3404a1c13ef2b13e6ecb8ea39b189992e387651298f79c6169e0960:9458,0942019,La Preciosa_galería_2,SEVILLA,Peñaflor,Filoniana,roca,-5.3454628639999555,37.714415347000056,False,coincide_si_lonlat,pos_10bac95ce6d26e40,confirmada,validada,roca,dep_la_preciosa_penaflor,dist_ossa_morena_penaflor,,,25,auditoria_geologica_u3,2026-09-27,"IGME MAGNA 50 Hoja 942 (Peñaflor) https://info.igme.es/cartografiadigital/datos/magna50/memorias/MMagna0942.pdf; Tornos, F. et al. (2004) Ore Geol. Rev. 25:1-38",Pozos y galerías de la mina histórica La Preciosa; sistema filoniano de cuarzo-sulfuros polimetálicos auríferos segregado del sector Navalmedio
gpkg:44f874e0d3404a1c13ef2b13e6ecb8ea39b189992e387651298f79c6169e0960:9464,0942025,Socavón_Poniente,SEVILLA,Peñaflor,Desconocida,desconocido,-5.419369638999967,37.751147624000055,False,coincide_si_lonlat,pos_9f470a502c4046c4,confirmada,validada,roca,dep_navalmedio_penaflor,dist_ossa_morena_penaflor,,,25,auditoria_geologica_u3,2026-09-27,"Pinedo Vara, I. (1963) Piritas de Huelva; Tornos, F. et al. (2004) Ore Geol. Rev. 25:1-38; IGME MAGNA 50 Hoja 942 (Peñaflor) https://info.igme.es/cartografiadigital/datos/magna50/memorias/MMagna0942.pdf",Labores subterráneas y frentes de corta del yacimiento filoniano y diseminado de Au-Cu de Navalmedio-El Galapagar en vulcanitas cámbricas de Ossa Morena
gpkg:44f874e0d3404a1c13ef2b13e6ecb8ea39b189992e387651298f79c6169e0960:9465,0942026,La Mina del Oro,SEVILLA,Peñaflor,Estratiforme/Estratoide,desconocido,-5.417002740999976,37.747465533000025,False,coincide_si_lonlat,pos_9a4bd52b8be5db63,confirmada,validada,roca,dep_navalmedio_penaflor,dist_ossa_morena_penaflor,,,25,auditoria_geologica_u3,2026-09-27,"Pinedo Vara, I. (1963) Piritas de Huelva; Tornos, F. et al. (2004) Ore Geol. Rev. 25:1-38; IGME MAGNA 50 Hoja 942 (Peñaflor) https://info.igme.es/cartografiadigital/datos/magna50/memorias/MMagna0942.pdf",Labores subterráneas y frentes de corta del yacimiento filoniano y diseminado de Au-Cu de Navalmedio-El Galapagar en vulcanitas cámbricas de Ossa Morena
gpkg:44f874e0d3404a1c13ef2b13e6ecb8ea39b189992e387651298f79c6169e0960:9466,0942027,La Nava,SEVILLA,Peñaflor,Aluvionar,aluvial,-5.415841809999961,37.736540622000064,False,coincide_si_lonlat,pos_43300341fc181d4d,pendiente,validada,aluvial,,,,,100,auditoria_geologica_u3,2026-09-27,IGME BDMIN inventario indicios Hoja 0942; IGME MAGNA 50 Hoja 0942 https://info.igme.es/cartografiadigital/datos/magna50/memorias/MMagna0942.pdf,Indicio 'La Nava' sin laboreo minero probado o continuidad estructural contrastada en fuentes documentales; mantenido en estado pendiente sin asignar deposit_id para evitar agrupaciones por proximidad
gpkg:44f874e0d3404a1c13ef2b13e6ecb8ea39b189992e387651298f79c6169e0960:9467,0942028,Pozo Narcea,SEVILLA,Peñaflor,Desconocida,desconocido,-5.415267013999937,37.74887985200007,False,coincide_si_lonlat,pos_bab33e2935e6ba3e,confirmada,validada,roca,dep_navalmedio_penaflor,dist_ossa_morena_penaflor,,,25,auditoria_geologica_u3,2026-09-27,"Pinedo Vara, I. (1963) Piritas de Huelva; Tornos, F. et al. (2004) Ore Geol. Rev. 25:1-38; IGME MAGNA 50 Hoja 942 (Peñaflor) https://info.igme.es/cartografiadigital/datos/magna50/memorias/MMagna0942.pdf",Labores subterráneas y frentes de corta del yacimiento filoniano y diseminado de Au-Cu de Navalmedio-El Galapagar en vulcanitas cámbricas de Ossa Morena
gpkg:44f874e0d3404a1c13ef2b13e6ecb8ea39b189992e387651298f79c6169e0960:9468,0942029,Rafa_Central,SEVILLA,Peñaflor,Desconocida,desconocido,-5.415294611999968,37.750077787000066,False,coincide_si_lonlat,pos_06f28372224d91a3,confirmada,validada,roca,dep_navalmedio_penaflor,dist_ossa_morena_penaflor,,,25,auditoria_geologica_u3,2026-09-27,"Pinedo Vara, I. (1963) Piritas de Huelva; Tornos, F. et al. (2004) Ore Geol. Rev. 25:1-38; IGME MAGNA 50 Hoja 942 (Peñaflor) https://info.igme.es/cartografiadigital/datos/magna50/memorias/MMagna0942.pdf",Labores subterráneas y frentes de corta del yacimiento filoniano y diseminado de Au-Cu de Navalmedio-El Galapagar en vulcanitas cámbricas de Ossa Morena
gpkg:44f874e0d3404a1c13ef2b13e6ecb8ea39b189992e387651298f79c6169e0960:9469,0942030,Galería Arroyo,SEVILLA,Peñaflor,Desconocida,desconocido,-5.413395193999975,37.750648375000026,False,coincide_si_lonlat,pos_b42a59db2606db32,confirmada,validada,roca,dep_navalmedio_penaflor,dist_ossa_morena_penaflor,,,25,auditoria_geologica_u3,2026-09-27,"Pinedo Vara, I. (1963) Piritas de Huelva; Tornos, F. et al. (2004) Ore Geol. Rev. 25:1-38; IGME MAGNA 50 Hoja 942 (Peñaflor) https://info.igme.es/cartografiadigital/datos/magna50/memorias/MMagna0942.pdf",Labores subterráneas y frentes de corta del yacimiento filoniano y diseminado de Au-Cu de Navalmedio-El Galapagar en vulcanitas cámbricas de Ossa Morena
gpkg:44f874e0d3404a1c13ef2b13e6ecb8ea39b189992e387651298f79c6169e0960:9470,0942031,Galería Norte,SEVILLA,Peñaflor,Desconocida,desconocido,-5.412682798999981,37.751077484000064,False,coincide_si_lonlat,pos_77a4b7d8ef867303,confirmada,validada,roca,dep_navalmedio_penaflor,dist_ossa_morena_penaflor,,,25,auditoria_geologica_u3,2026-09-27,"Pinedo Vara, I. (1963) Piritas de Huelva; Tornos, F. et al. (2004) Ore Geol. Rev. 25:1-38; IGME MAGNA 50 Hoja 942 (Peñaflor) https://info.igme.es/cartografiadigital/datos/magna50/memorias/MMagna0942.pdf",Labores subterráneas y frentes de corta del yacimiento filoniano y diseminado de Au-Cu de Navalmedio-El Galapagar en vulcanitas cámbricas de Ossa Morena
gpkg:44f874e0d3404a1c13ef2b13e6ecb8ea39b189992e387651298f79c6169e0960:9471,0942032,Galería Zahurdas,SEVILLA,Peñaflor,Desconocida,desconocido,-5.412481944999968,37.748387222000076,False,coincide_si_lonlat,pos_81f7aae56180db6e,confirmada,validada,roca,dep_navalmedio_penaflor,dist_ossa_morena_penaflor,,,25,auditoria_geologica_u3,2026-09-27,"Pinedo Vara, I. (1963) Piritas de Huelva; Tornos, F. et al. (2004) Ore Geol. Rev. 25:1-38; IGME MAGNA 50 Hoja 942 (Peñaflor) https://info.igme.es/cartografiadigital/datos/magna50/memorias/MMagna0942.pdf",Labores subterráneas y frentes de corta del yacimiento filoniano y diseminado de Au-Cu de Navalmedio-El Galapagar en vulcanitas cámbricas de Ossa Morena
gpkg:44f874e0d3404a1c13ef2b13e6ecb8ea39b189992e387651298f79c6169e0960:9472,0942033,Galería Sur,SEVILLA,Peñaflor,Desconocida,desconocido,-5.412446190999958,37.75008207600007,False,coincide_si_lonlat,pos_02f0d859923dfd39,confirmada,validada,roca,dep_navalmedio_penaflor,dist_ossa_morena_penaflor,,,25,auditoria_geologica_u3,2026-09-27,"Pinedo Vara, I. (1963) Piritas de Huelva; Tornos, F. et al. (2004) Ore Geol. Rev. 25:1-38; IGME MAGNA 50 Hoja 942 (Peñaflor) https://info.igme.es/cartografiadigital/datos/magna50/memorias/MMagna0942.pdf",Labores subterráneas y frentes de corta del yacimiento filoniano y diseminado de Au-Cu de Navalmedio-El Galapagar en vulcanitas cámbricas de Ossa Morena
gpkg:44f874e0d3404a1c13ef2b13e6ecb8ea39b189992e387651298f79c6169e0960:9473,0942034,Galería_Oriental,SEVILLA,Peñaflor,Desconocida,desconocido,-5.412336350999965,37.75054390100007,False,coincide_si_lonlat,pos_40a2d1d754b66176,confirmada,validada,roca,dep_navalmedio_penaflor,dist_ossa_morena_penaflor,,,25,auditoria_geologica_u3,2026-09-27,"Pinedo Vara, I. (1963) Piritas de Huelva; Tornos, F. et al. (2004) Ore Geol. Rev. 25:1-38; IGME MAGNA 50 Hoja 942 (Peñaflor) https://info.igme.es/cartografiadigital/datos/magna50/memorias/MMagna0942.pdf",Labores subterráneas y frentes de corta del yacimiento filoniano y diseminado de Au-Cu de Navalmedio-El Galapagar en vulcanitas cámbricas de Ossa Morena
gpkg:44f874e0d3404a1c13ef2b13e6ecb8ea39b189992e387651298f79c6169e0960:9474,0942035,La Canaleja,SEVILLA,Peñaflor,Estratiforme/Estratoide,desconocido,-5.411054859999979,37.74567699900007,False,coincide_si_lonlat,pos_6a76cb7aeff29877,confirmada,validada,roca,dep_navalmedio_penaflor,dist_ossa_morena_penaflor,,,25,auditoria_geologica_u3,2026-09-27,"Pinedo Vara, I. (1963) Piritas de Huelva; Tornos, F. et al. (2004) Ore Geol. Rev. 25:1-38; IGME MAGNA 50 Hoja 942 (Peñaflor) https://info.igme.es/cartografiadigital/datos/magna50/memorias/MMagna0942.pdf",Labores subterráneas y frentes de corta del yacimiento filoniano y diseminado de Au-Cu de Navalmedio-El Galapagar en vulcanitas cámbricas de Ossa Morena
gpkg:44f874e0d3404a1c13ef2b13e6ecb8ea39b189992e387651298f79c6169e0960:9478,0942039,La Almenara 1 Galería,SEVILLA,Peñaflor,Estratiforme/Estratoide,desconocido,-5.367411900999969,37.75678966600003,False,coincide_si_lonlat,pos_fe57de14eef36528,confirmada,validada,roca,dep_la_almenara_penaflor,dist_ossa_morena_penaflor,,,25,auditoria_geologica_u3,2026-09-27,IGME MAGNA 50 Hoja 942 (Peñaflor) https://info.igme.es/cartografiadigital/datos/magna50/memorias/MMagna0942.pdf,Frentes de explotación y galería de la mina La Almenara; mineralización estratiforme/filoniana de Fe-Cu-Au en rocas volcánicas cámbricas
gpkg:44f874e0d3404a1c13ef2b13e6ecb8ea39b189992e387651298f79c6169e0960:9479,0942040,La Preciosa_ galería_3,SEVILLA,Peñaflor,Filoniana,roca,-5.344996367999954,37.71437055700005,False,coincide_si_lonlat,pos_70c5a0a5d50fe4da,confirmada,validada,roca,dep_la_preciosa_penaflor,dist_ossa_morena_penaflor,,,25,auditoria_geologica_u3,2026-09-27,"IGME MAGNA 50 Hoja 942 (Peñaflor) https://info.igme.es/cartografiadigital/datos/magna50/memorias/MMagna0942.pdf; Tornos, F. et al. (2004) Ore Geol. Rev. 25:1-38",Pozos y galerías de la mina histórica La Preciosa; sistema filoniano de cuarzo-sulfuros polimetálicos auríferos segregado del sector Navalmedio
gpkg:44f874e0d3404a1c13ef2b13e6ecb8ea39b189992e387651298f79c6169e0960:9480,0942041,La Preciosa_Pozo ventilación_ 2,SEVILLA,Peñaflor,Filoniana,roca,-5.344731053999965,37.713510738000025,False,coincide_si_lonlat,pos_20ce074dbc415773,confirmada,validada,roca,dep_la_preciosa_penaflor,dist_ossa_morena_penaflor,,,25,auditoria_geologica_u3,2026-09-27,"IGME MAGNA 50 Hoja 942 (Peñaflor) https://info.igme.es/cartografiadigital/datos/magna50/memorias/MMagna0942.pdf; Tornos, F. et al. (2004) Ore Geol. Rev. 25:1-38",Pozos y galerías de la mina histórica La Preciosa; sistema filoniano de cuarzo-sulfuros polimetálicos auríferos segregado del sector Navalmedio
gpkg:44f874e0d3404a1c13ef2b13e6ecb8ea39b189992e387651298f79c6169e0960:9481,0942042,La Preciosa_Pozo ventilación_1,SEVILLA,Peñaflor,Filoniana,roca,-5.344376537999949,37.714139576000036,False,coincide_si_lonlat,pos_cea58a0a4236b3d9,confirmada,validada,roca,dep_la_preciosa_penaflor,dist_ossa_morena_penaflor,,,25,auditoria_geologica_u3,2026-09-27,"IGME MAGNA 50 Hoja 942 (Peñaflor) https://info.igme.es/cartografiadigital/datos/magna50/memorias/MMagna0942.pdf; Tornos, F. et al. (2004) Ore Geol. Rev. 25:1-38",Pozos y galerías de la mina histórica La Preciosa; sistema filoniano de cuarzo-sulfuros polimetálicos auríferos segregado del sector Navalmedio
gpkg:44f874e0d3404a1c13ef2b13e6ecb8ea39b189992e387651298f79c6169e0960:9482,0942043,La Preciosa Pozo S,SEVILLA,Peñaflor,Filoniana,roca,-5.343062961999976,37.71529211500007,False,coincide_si_lonlat,pos_3b47bdc183e99d25,confirmada,validada,roca,dep_la_preciosa_penaflor,dist_ossa_morena_penaflor,,,25,auditoria_geologica_u3,2026-09-27,"IGME MAGNA 50 Hoja 942 (Peñaflor) https://info.igme.es/cartografiadigital/datos/magna50/memorias/MMagna0942.pdf; Tornos, F. et al. (2004) Ore Geol. Rev. 25:1-38",Pozos y galerías de la mina histórica La Preciosa; sistema filoniano de cuarzo-sulfuros polimetálicos auríferos segregado del sector Navalmedio
gpkg:44f874e0d3404a1c13ef2b13e6ecb8ea39b189992e387651298f79c6169e0960:9483,0942044,La Preciosa 1,SEVILLA,Peñaflor,Filoniana,roca,-5.342918440999938,37.71610601400005,False,coincide_si_lonlat,pos_4782f45e8e8327c9,confirmada,validada,roca,dep_la_preciosa_penaflor,dist_ossa_morena_penaflor,,,25,auditoria_geologica_u3,2026-09-27,"IGME MAGNA 50 Hoja 942 (Peñaflor) https://info.igme.es/cartografiadigital/datos/magna50/memorias/MMagna0942.pdf; Tornos, F. et al. (2004) Ore Geol. Rev. 25:1-38",Pozos y galerías de la mina histórica La Preciosa; sistema filoniano de cuarzo-sulfuros polimetálicos auríferos segregado del sector Navalmedio
gpkg:44f874e0d3404a1c13ef2b13e6ecb8ea39b189992e387651298f79c6169e0960:9484,0942045,La Preciosa Pozo Maestro,SEVILLA,Peñaflor,Filoniana,roca,-5.342430111999931,37.716088683000066,False,coincide_si_lonlat,pos_f2e70d0c819db113,confirmada,validada,roca,dep_la_preciosa_penaflor,dist_ossa_morena_penaflor,,,25,auditoria_geologica_u3,2026-09-27,"IGME MAGNA 50 Hoja 942 (Peñaflor) https://info.igme.es/cartografiadigital/datos/magna50/memorias/MMagna0942.pdf; Tornos, F. et al. (2004) Ore Geol. Rev. 25:1-38",Pozos y galerías de la mina histórica La Preciosa; sistema filoniano de cuarzo-sulfuros polimetálicos auríferos segregado del sector Navalmedio
gpkg:44f874e0d3404a1c13ef2b13e6ecb8ea39b189992e387651298f79c6169e0960:9485,0942046,Arroyo de Las Moreras,SEVILLA,Peñaflor,Aluvionar,aluvial,-5.353783659999976,37.734317918000045,False,coincide_si_lonlat,pos_e43b2d639b97150a,pendiente,validada,aluvial,,,,,100,auditoria_geologica_u3,2026-09-27,IGME BDMIN inventario indicios Hoja 0942; IGME MAGNA 50 Hoja 0942 https://info.igme.es/cartografiadigital/datos/magna50/memorias/MMagna0942.pdf,Indicio 'Arroyo de Las Moreras' sin laboreo minero probado o continuidad estructural contrastada en fuentes documentales; mantenido en estado pendiente sin asignar deposit_id para evitar agrupaciones por proximidad
gpkg:44f874e0d3404a1c13ef2b13e6ecb8ea39b189992e387651298f79c6169e0960:9486,0942047,La Turuñuela,SEVILLA,Peñaflor,Aluvionar,aluvial,-5.293477005999932,37.76081081900003,False,coincide_si_lonlat,pos_5adae7a3e4aa8a38,pendiente,validada,aluvial,,,,,100,auditoria_geologica_u3,2026-09-27,IGME BDMIN inventario indicios Hoja 0942; IGME MAGNA 50 Hoja 0942 https://info.igme.es/cartografiadigital/datos/magna50/memorias/MMagna0942.pdf,Indicio 'La Turuñuela' sin laboreo minero probado o continuidad estructural contrastada en fuentes documentales; mantenido en estado pendiente sin asignar deposit_id para evitar agrupaciones por proximidad
gpkg:44f874e0d3404a1c13ef2b13e6ecb8ea39b189992e387651298f79c6169e0960:9488,0942049,Vista Alegre Oeste,CORDOBA,Hornachuelos,Filoniana,roca,-5.327973350999969,37.82345733200003,False,coincide_si_lonlat,pos_b514041872024902,pendiente,validada,roca,,,,,100,auditoria_geologica_u3,2026-09-27,IGME BDMIN inventario indicios Hoja 0942; IGME MAGNA 50 Hoja 0942 https://info.igme.es/cartografiadigital/datos/magna50/memorias/MMagna0942.pdf,Indicio 'Vista Alegre Oeste' sin laboreo minero probado o continuidad estructural contrastada en fuentes documentales; mantenido en estado pendiente sin asignar deposit_id para evitar agrupaciones por proximidad
gpkg:44f874e0d3404a1c13ef2b13e6ecb8ea39b189992e387651298f79c6169e0960:9489,0942050,Vista Alegre Este,CORDOBA,Hornachuelos,Filoniana,roca,-5.326289352999936,37.82373390200007,False,coincide_si_lonlat,pos_4bbb9548191b6aba,pendiente,validada,roca,,,,,100,auditoria_geologica_u3,2026-09-27,IGME BDMIN inventario indicios Hoja 0942; IGME MAGNA 50 Hoja 0942 https://info.igme.es/cartografiadigital/datos/magna50/memorias/MMagna0942.pdf,Indicio 'Vista Alegre Este' sin laboreo minero probado o continuidad estructural contrastada en fuentes documentales; mantenido en estado pendiente sin asignar deposit_id para evitar agrupaciones por proximidad
gpkg:44f874e0d3404a1c13ef2b13e6ecb8ea39b189992e387651298f79c6169e0960:9683,0959002,La Lapilla,HUELVA,Alosno,Estratiforme/Estratoide,desconocido,-7.09618596699994,37.57161520400007,False,coincide_si_lonlat,pos_49b3446751cc8acb,confirmada,validada,roca,dep_la_lapilla_tharsis,dist_faja_piritica_sur,,,50,auditoria_geologica_u3,2026-09-27,IGME MAGNA 50 Hoja 959 (Alosno) https://info.igme.es/cartografiadigital/datos/magna50/memorias/MMagna0959.pdf,Masa de sulfuros masivos y montera oxidada aurífera de La Lapilla segregada de Tharsis Filón Sur
gpkg:44f874e0d3404a1c13ef2b13e6ecb8ea39b189992e387651298f79c6169e0960:9706,0959025,"Tharsis, Filón Sur",HUELVA,Alosno,Lentejonar,desconocido,-7.115646698999967,37.58562657900006,False,coincide_si_lonlat,pos_34923e6a651ffb7e,confirmada,validada,roca,dep_tharsis_filon_sur,dist_faja_piritica_sur,,,50,auditoria_geologica_u3,2026-09-27,"Tornos, F. (2006) Ore Geol. Rev. 28:259-307; IGME MAGNA 50 Hoja 959 (Alosno) https://info.igme.es/cartografiadigital/datos/magna50/memorias/MMagna0959.pdf","Gossan aurífero histórico de Filón Sur en Tharsis, explotado industrialmente para beneficio de oro y plata"
gpkg:44f874e0d3404a1c13ef2b13e6ecb8ea39b189992e387651298f79c6169e0960:10250,0994008,MINAS DE LA FABRIQUILLA DEL ORO,GRANADA,Caniles,Estratiforme/Estratoide,desconocido,-2.6985209859999486,37.384705851000035,False,coincide_si_lonlat,pos_7f360e194ee7d488,pendiente,validada,desconocido,,,,,100,auditoria_geologica_u3,2026-09-27,IGME BDMIN inventario indicios Hoja 0994; IGME MAGNA 50 Hoja 0994 https://info.igme.es/cartografiadigital/datos/magna50/memorias/MMagna0994.pdf,Indicio 'MINAS DE LA FABRIQUILLA DEL ORO' sin laboreo minero probado o continuidad estructural contrastada en fuentes documentales; mantenido en estado pendiente sin asignar deposit_id para evitar agrupaciones por proximidad
gpkg:44f874e0d3404a1c13ef2b13e6ecb8ea39b189992e387651298f79c6169e0960:10257,0994015,INDICIOS DE RIO ALMANZORA W,ALMERIA,Serón,Aluvionar,aluvial,-2.5462398829999415,37.34906512900005,False,coincide_si_lonlat,pos_b908386da8c879f1,pendiente,validada,aluvial,,,,,100,auditoria_geologica_u3,2026-09-27,IGME BDMIN inventario indicios Hoja 0994; IGME MAGNA 50 Hoja 0994 https://info.igme.es/cartografiadigital/datos/magna50/memorias/MMagna0994.pdf,Indicio 'INDICIOS DE RIO ALMANZORA W' sin laboreo minero probado o continuidad estructural contrastada en fuentes documentales; mantenido en estado pendiente sin asignar deposit_id para evitar agrupaciones por proximidad
gpkg:44f874e0d3404a1c13ef2b13e6ecb8ea39b189992e387651298f79c6169e0960:10283,0995014,,ALMERIA,Purchena,Lentejonar,desconocido,-2.39716492499997,37.35380661100004,False,coincide_si_lonlat,pos_62d1f62181fe54ad,pendiente,validada,desconocido,,,,,100,auditoria_geologica_u3,2026-09-27,IGME BDMIN inventario indicios Hoja 0995; IGME MAGNA 50 Hoja 0995 https://info.igme.es/cartografiadigital/datos/magna50/memorias/MMagna0995.pdf,Indicio menor/muestra de batea fluvial sin denominación minera ni laboreo contrastado; mantenido en estado pendiente sin asignar deposit_id para evitar agrupaciones espurias
gpkg:44f874e0d3404a1c13ef2b13e6ecb8ea39b189992e387651298f79c6169e0960:10304,0995035,,ALMERIA,Serón,Lentejonar,desconocido,-2.512345444999937,37.352535628000055,False,coincide_si_lonlat,pos_69bb37e84be63651,pendiente,validada,desconocido,,,,,100,auditoria_geologica_u3,2026-09-27,IGME BDMIN inventario indicios Hoja 0995; IGME MAGNA 50 Hoja 0995 https://info.igme.es/cartografiadigital/datos/magna50/memorias/MMagna0995.pdf,Indicio menor/muestra de batea fluvial sin denominación minera ni laboreo contrastado; mantenido en estado pendiente sin asignar deposit_id para evitar agrupaciones espurias
gpkg:44f874e0d3404a1c13ef2b13e6ecb8ea39b189992e387651298f79c6169e0960:10475,1009016,CALIFORNIA GRANADINA,GRANADA,Granada,Irregular,desconocido,-3.5513202429999637,37.16707347900007,False,coincide_si_lonlat,pos_610683fed3951f0b,confirmada,validada,aluvial,dep_california_granadina_darro,dist_beticas_granada,,,50,auditoria_geologica_u3,2026-09-27,"Martín-García, J.M. et al. (1998) Bol. Geol. Min. 109:435-446; IGME MAGNA 50 Hoja 1009 (Granada) https://info.igme.es/cartografiadigital/datos/magna50/memorias/MMagna1009.pdf",Conglomerados auríferos miocenos de la Formación Alhambra y aluviales del río Darro explotados históricamente (mina California Granadina)
gpkg:44f874e0d3404a1c13ef2b13e6ecb8ea39b189992e387651298f79c6169e0960:10568,1012008,MINAS DEL CERRO DEL GALLO,ALMERIA,Fiñana,Filoniana,roca,-2.8073706939999283,37.22628890300007,False,coincide_si_lonlat,pos_fa47830d392bc358,pendiente,validada,roca,,,,,100,auditoria_geologica_u3,2026-09-27,IGME BDMIN inventario indicios Hoja 1012; IGME MAGNA 50 Hoja 1012 https://info.igme.es/cartografiadigital/datos/magna50/memorias/MMagna1012.pdf,Indicio 'MINAS DEL CERRO DEL GALLO' sin laboreo minero probado o continuidad estructural contrastada en fuentes documentales; mantenido en estado pendiente sin asignar deposit_id para evitar agrupaciones por proximidad
gpkg:44f874e0d3404a1c13ef2b13e6ecb8ea39b189992e387651298f79c6169e0960:10966,1031019,MINAS DEL PALADIN,ALMERIA,Carboneras,Desconocida,desconocido,-1.9715822989999765,37.01465808700004,False,coincide_si_lonlat,pos_561d2c27bb726ef9,pendiente,validada,desconocido,,,,,100,auditoria_geologica_u3,2026-09-27,IGME BDMIN inventario indicios Hoja 1031; IGME MAGNA 50 Hoja 1031 https://info.igme.es/cartografiadigital/datos/magna50/memorias/MMagna1031.pdf,Indicio 'MINAS DEL PALADIN' sin laboreo minero probado o continuidad estructural contrastada en fuentes documentales; mantenido en estado pendiente sin asignar deposit_id para evitar agrupaciones por proximidad
gpkg:44f874e0d3404a1c13ef2b13e6ecb8ea39b189992e387651298f79c6169e0960:11137,1043028,ALUVIAL DE LA RAMBLA DE BOMBARON,GRANADA,Ugíjar,Lentejonar,desconocido,-3.0473174669999707,36.96322465500003,False,coincide_si_lonlat,pos_4e0cc5f254c4b030,pendiente,validada,aluvial,,,,,100,auditoria_geologica_u3,2026-09-27,IGME BDMIN inventario indicios Hoja 1043; IGME MAGNA 50 Hoja 1043 https://info.igme.es/cartografiadigital/datos/magna50/memorias/MMagna1043.pdf,Indicio 'ALUVIAL DE LA RAMBLA DE BOMBARON' sin laboreo minero probado o continuidad estructural contrastada en fuentes documentales; mantenido en estado pendiente sin asignar deposit_id para evitar agrupaciones por proximidad
gpkg:44f874e0d3404a1c13ef2b13e6ecb8ea39b189992e387651298f79c6169e0960:11154,1043045,INDICIOS DE RAMBLA HONDA,ALMERIA,Laujar de Andarax,Lentejonar,desconocido,-2.9338410809999687,36.98124228200004,False,coincide_si_lonlat,pos_5e74dc0c1484c2ff,pendiente,validada,desconocido,,,,,100,auditoria_geologica_u3,2026-09-27,IGME BDMIN inventario indicios Hoja 1043; IGME MAGNA 50 Hoja 1043 https://info.igme.es/cartografiadigital/datos/magna50/memorias/MMagna1043.pdf,Indicio 'INDICIOS DE RAMBLA HONDA' sin laboreo minero probado o continuidad estructural contrastada en fuentes documentales; mantenido en estado pendiente sin asignar deposit_id para evitar agrupaciones por proximidad
gpkg:44f874e0d3404a1c13ef2b13e6ecb8ea39b189992e387651298f79c6169e0960:11317,1046018,MINA SANTA JOSEFA,ALMERIA,Níjar,Filoniana,roca,-2.083608131999938,36.858728633000055,False,coincide_si_lonlat,pos_9a4839c79e2abd62,confirmada,validada,roca,dep_rodalquilar_santa_josefa,dist_cabo_de_gata,,,25,auditoria_geologica_u3,2026-09-27,Arribas et al. (1995) Econ. Geol. 90:795-822 (DOI:10.2113/gsecongeo.90.4.795); IGME MAGNA 50 Hoja 1046 https://info.igme.es/cartografiadigital/datos/magna50/memorias/MMagna1046.pdf,Yacimiento filoniano histórico independiente en el Barranco del Cestillar (descubierto en 1883); filones de cuarzo-oro de sulfuración intermedia segregados del cuerpo diseminado de Cerro del Cinto
gpkg:44f874e0d3404a1c13ef2b13e6ecb8ea39b189992e387651298f79c6169e0960:11321,1046022,LABORES MERIDIONALES DE RODALQUILAR,ALMERIA,Níjar,Filoniana,roca,-2.0658146759999454,36.845970124000075,False,coincide_si_lonlat,pos_f421b1986129d66d,pendiente,pendiente,roca,dep_rodalquilar_cinto,dist_cabo_de_gata,,,100,auditoria_geologica_u3,2026-09-27,Hernández et al. (1989) Bol. Geol. Min. 100:755-776; IGME Hoja 1046 https://info.igme.es/cartografiadigital/datos/magna50/memorias/MMagna1046.pdf,Labores periféricas sur a 1.3 km del Cinto; pendiente de asignación precisa entre filón 340 y Consulta
gpkg:44f874e0d3404a1c13ef2b13e6ecb8ea39b189992e387651298f79c6169e0960:11322,1046023,CANTERA DEL CERRO MADRIGUERAS,ALMERIA,Níjar,Pipas y chimeneas,desconocido,-2.065683194999963,36.856786286000045,False,coincide_si_lonlat,pos_3ff64038187601ea,confirmada,validada,roca,dep_rodalquilar_cinto,dist_cabo_de_gata,,,25,auditoria_geologica_u3,2026-09-27,Arribas et al. (1995) Econ. Geol. 90:795-822 (DOI:10.2113/gsecongeo.90.4.795); Hernández et al. (1989) Bol. Geol. Min. 100:755-776; IGME MAGNA 50 Hoja 1046 (Carboneras/Rodalquilar) https://info.igme.es/cartografiadigital/datos/magna50/memorias/MMagna1046.pdf,Yacimiento epitermal de alta sulfuración en caldera volcánica neógena de Rodalquilar; pipas de brecha hidrotermal y canteras de cuarzo oquerosa (vuggy silica) en el Cerro del Cinto y Madrigueras
gpkg:44f874e0d3404a1c13ef2b13e6ecb8ea39b189992e387651298f79c6169e0960:11323,1046024,GRAN CANTERA OCCIDENTAL DEL SUR DEL CERRO DEL CINTO,ALMERIA,Níjar,Filoniana,roca,-2.063417933999972,36.858571330000075,False,coincide_si_lonlat,pos_1e49139f40d426d0,confirmada,validada,roca,dep_rodalquilar_cinto,dist_cabo_de_gata,,,25,auditoria_geologica_u3,2026-09-27,Arribas et al. (1995) Econ. Geol. 90:795-822 (DOI:10.2113/gsecongeo.90.4.795); Hernández et al. (1989) Bol. Geol. Min. 100:755-776; IGME MAGNA 50 Hoja 1046 (Carboneras/Rodalquilar) https://info.igme.es/cartografiadigital/datos/magna50/memorias/MMagna1046.pdf,Yacimiento epitermal de alta sulfuración en caldera volcánica neógena de Rodalquilar; pipas de brecha hidrotermal y canteras de cuarzo oquerosa (vuggy silica) en el Cerro del Cinto y Madrigueras
gpkg:44f874e0d3404a1c13ef2b13e6ecb8ea39b189992e387651298f79c6169e0960:11324,1046025,CERRO DEL CINTO SE.1,ALMERIA,Níjar,Filoniana,roca,-2.0612406659999465,36.85314556900005,False,coincide_si_lonlat,pos_8f9335b8702aa76e,confirmada,validada,roca,dep_rodalquilar_cinto,dist_cabo_de_gata,,,25,auditoria_geologica_u3,2026-09-27,Arribas et al. (1995) Econ. Geol. 90:795-822 (DOI:10.2113/gsecongeo.90.4.795); Hernández et al. (1989) Bol. Geol. Min. 100:755-776; IGME MAGNA 50 Hoja 1046 (Carboneras/Rodalquilar) https://info.igme.es/cartografiadigital/datos/magna50/memorias/MMagna1046.pdf,Yacimiento epitermal de alta sulfuración en caldera volcánica neógena de Rodalquilar; pipas de brecha hidrotermal y canteras de cuarzo oquerosa (vuggy silica) en el Cerro del Cinto y Madrigueras
gpkg:44f874e0d3404a1c13ef2b13e6ecb8ea39b189992e387651298f79c6169e0960:11325,1046026,GRAN CANTERA ORIENTAL DEL SUR DEL CERRO DEL CINTO,ALMERIA,Níjar,Filoniana,roca,-2.0600639519999504,36.85764343400007,False,coincide_si_lonlat,pos_015da6d924c12af0,confirmada,validada,roca,dep_rodalquilar_cinto,dist_cabo_de_gata,,,25,auditoria_geologica_u3,2026-09-27,Arribas et al. (1995) Econ. Geol. 90:795-822 (DOI:10.2113/gsecongeo.90.4.795); Hernández et al. (1989) Bol. Geol. Min. 100:755-776; IGME MAGNA 50 Hoja 1046 (Carboneras/Rodalquilar) https://info.igme.es/cartografiadigital/datos/magna50/memorias/MMagna1046.pdf,Yacimiento epitermal de alta sulfuración en caldera volcánica neógena de Rodalquilar; pipas de brecha hidrotermal y canteras de cuarzo oquerosa (vuggy silica) en el Cerro del Cinto y Madrigueras
gpkg:44f874e0d3404a1c13ef2b13e6ecb8ea39b189992e387651298f79c6169e0960:11326,1046027,CERRO DEL CINTO SE.2,ALMERIA,Níjar,Pipas y chimeneas,desconocido,-2.057842745999949,36.85582299200007,False,coincide_si_lonlat,pos_9dca485af7f76b3c,confirmada,validada,roca,dep_rodalquilar_cinto,dist_cabo_de_gata,,,25,auditoria_geologica_u3,2026-09-27,Arribas et al. (1995) Econ. Geol. 90:795-822 (DOI:10.2113/gsecongeo.90.4.795); Hernández et al. (1989) Bol. Geol. Min. 100:755-776; IGME MAGNA 50 Hoja 1046 (Carboneras/Rodalquilar) https://info.igme.es/cartografiadigital/datos/magna50/memorias/MMagna1046.pdf,Yacimiento epitermal de alta sulfuración en caldera volcánica neógena de Rodalquilar; pipas de brecha hidrotermal y canteras de cuarzo oquerosa (vuggy silica) en el Cerro del Cinto y Madrigueras
gpkg:44f874e0d3404a1c13ef2b13e6ecb8ea39b189992e387651298f79c6169e0960:11331,1046032,CERRO DEL CINTO E.,ALMERIA,Níjar,Filoniana,roca,-2.047781618999977,36.85303855700005,False,coincide_si_lonlat,pos_3f64be0f2d8c2044,confirmada,validada,roca,dep_rodalquilar_cinto,dist_cabo_de_gata,,,25,auditoria_geologica_u3,2026-09-27,Arribas et al. (1995) Econ. Geol. 90:795-822 (DOI:10.2113/gsecongeo.90.4.795); Hernández et al. (1989) Bol. Geol. Min. 100:755-776; IGME MAGNA 50 Hoja 1046 (Carboneras/Rodalquilar) https://info.igme.es/cartografiadigital/datos/magna50/memorias/MMagna1046.pdf,Yacimiento epitermal de alta sulfuración en caldera volcánica neógena de Rodalquilar; pipas de brecha hidrotermal y canteras de cuarzo oquerosa (vuggy silica) en el Cerro del Cinto y Madrigueras
gpkg:44f874e0d3404a1c13ef2b13e6ecb8ea39b189992e387651298f79c6169e0960:11346,1046047,POZOS DE LA MOLATA,ALMERIA,Níjar,Filoniana,roca,-2.016250525999965,36.86269760400006,False,coincide_si_lonlat,pos_108d37f61d06e5ce,pendiente,pendiente,desconocido,,dist_cabo_de_gata,,,,auditoria_geologica_u3,2026-09-27,IGME BDMIN Hoja 1046; IGME MAGNA 50 Hoja 1046 https://info.igme.es/cartografiadigital/datos/magna50/memorias/MMagna1046.pdf,Estructura volcánica costera de La Molata situada a 3.8 km al este de Rodalquilar; segregada de Cerro del Cinto por discontinuidad estructural y falta de laboreo aurífero probado
gpkg:44f874e0d3404a1c13ef2b13e6ecb8ea39b189992e387651298f79c6169e0960:11574,1064030,Mina del Majar del Toro,MALAGA,Genalguacil,Filoniana,roca,-5.213357521999967,36.50756262700003,False,coincide_si_lonlat,pos_5a4a5e794a4cf099,pendiente,validada,roca,,,,,100,auditoria_geologica_u3,2026-09-27,IGME BDMIN inventario indicios Hoja 1064; IGME MAGNA 50 Hoja 1064 https://info.igme.es/cartografiadigital/datos/magna50/memorias/MMagna1064.pdf,Indicio 'Mina del Majar del Toro' sin laboreo minero probado o continuidad estructural contrastada en fuentes documentales; mantenido en estado pendiente sin asignar deposit_id para evitar agrupaciones por proximidad
gpkg:44f874e0d3404a1c13ef2b13e6ecb8ea39b189992e387651298f79c6169e0960:11601,1065024,Cerro del Torrón,MALAGA,Ojén,Lentejonar,desconocido,-4.854952280999953,36.530979493000075,False,coincide_si_lonlat,pos_4bba445bd9f8c4f9,pendiente,validada,desconocido,,,,,100,auditoria_geologica_u3,2026-09-27,IGME BDMIN inventario indicios Hoja 1065; IGME MAGNA 50 Hoja 1065 https://info.igme.es/cartografiadigital/datos/magna50/memorias/MMagna1065.pdf,Indicio 'Cerro del Torrón' sin laboreo minero probado o continuidad estructural contrastada en fuentes documentales; mantenido en estado pendiente sin asignar deposit_id para evitar agrupaciones por proximidad
gpkg:44f874e0d3404a1c13ef2b13e6ecb8ea39b189992e387651298f79c6169e0960:11651,1066035,La Gallega,MALAGA,Ojén,Filoniana,roca,-4.830782125999974,36.54802834100008,False,coincide_si_lonlat,pos_28ae6718c04a0c5d,pendiente,validada,roca,,,,,100,auditoria_geologica_u3,2026-09-27,IGME BDMIN inventario indicios Hoja 1066; IGME MAGNA 50 Hoja 1066 https://info.igme.es/cartografiadigital/datos/magna50/memorias/MMagna1066.pdf,Indicio 'La Gallega' sin laboreo minero probado o continuidad estructural contrastada en fuentes documentales; mantenido en estado pendiente sin asignar deposit_id para evitar agrupaciones por proximidad
