mineID,site,province,Certainty_Score,Certainty_Grade,Flag_Au_Oro,Flag_Cu_Cobre,Flag_Ag_Plata,Flag_Pb_Plomo,Geo_Litho_VolcanicFelsic,Geo_Litho_Carbonate,Geo_Litho_GraniteIntrusive,Geo_Litho_BlackShale,Struct_Dist_MajorFault_m,Struct_Fault_Density_5km,Morpho_Elevation_m,Morpho_Slope_Deg,Morpho_TPI_300m,Morpho_TPI_1000m,Morpho_Roughness_TRI,Geophy_Bouguer_Anomaly_mGal,Geophy_Magnetic_Gradient_nT,Geochem_Pathfinder_AsSb,Geochem_BaseMetal_ZnPb,Remote_Hydrothermal_Proxy,Coord_X,Coord_Y,Is_Presence
1,Aljustrel,Lusitania,0.845,Alta Certeza (Grado I),1,1,1,0,0.0585,0.0,0.0,0.1169,118934.4,0.0004,520.2,16.23,-0.59,-2.04,34.39,-77.85,-36.93,0.0064,0.0356,0.063,44675.23319184652,4205245.661545674,1
2,Atalaia de Alte,Lusitania,0.765,Media Certeza (Grado II),0,1,0,0,0.0518,0.0,0.0,0.2026,111317.0,0.0006,671.7,16.42,1.41,7.92,34.16,-72.23,-42.6,0.0315,0.0312,0.0441,39771.04327943211,4134474.4109190875,1
3,Avintes,Lusitania,0.845,Alta Certeza (Grado I),1,0,0,0,0.0317,0.0005,0.0,0.0478,201935.9,0.0,726.3,18.12,-12.23,-13.57,38.06,-78.5,-100.0,0.1463,0.064,0.05,34284.56997864728,4564602.787981567,1
4,Belmonte - Colmeal - Maçainhas,Hispania Tarraconensis,0.765,Media Certeza (Grado II),0,0,0,0,0.0254,0.0006,0.0005,0.0549,186484.6,0.0,669.7,16.67,3.24,3.61,38.14,-86.83,-100.0,0.2165,0.0542,0.0046,131554.21920597675,4480057.353227729,1
5,Brancanes,Lusitania,0.765,Media Certeza (Grado II),0,1,0,0,0.0717,0.0,0.0,0.1983,95046.8,0.0018,567.6,19.45,-10.71,-4.51,40.15,-81.72,-6.15,0.0253,0.1624,0.1177,56785.29103229882,4168571.843903654,1
6,Buraco dos Mouros de Urros,Hispania Tarraconensis,0.9650000000000001,Alta Certeza (Grado I),1,0,0,0,0.0,0.0028,0.0009,0.0329,130890.2,0.0002,937.8,20.78,9.85,-17.48,41.12,-78.3,-58.19,0.0626,0.1378,0.0615,160538.05665583606,4555200.181969162,1
7,Cabeço de Mua,Hispania Tarraconensis,0.765,Media Certeza (Grado II),0,0,0,0,0.0,0.0037,0.0009,0.0605,116667.7,0.0004,1000.6,22.55,-3.16,17.78,43.8,-80.24,-16.92,0.0639,0.0078,0.0,168181.88233844162,4567754.882654462,1
8,Carvalhelos,Hispania Tarraconensis,0.765,Media Certeza (Grado II),0,0,0,0,0.0429,0.0031,0.0007,0.1909,108888.5,0.0007,954.1,16.99,-2.06,28.19,33.88,-71.58,-38.03,0.2072,0.0486,0.0583,105539.34169691574,4625834.704956497,1
9,Cerro da Mina,Lusitania,0.765,Media Certeza (Grado II),0,1,0,0,0.0917,0.0,0.0,0.226,70958.4,0.0088,536.7,16.83,-0.31,21.97,32.37,-77.43,51.14,0.1455,0.078,0.0773,79232.66144533776,4155203.858930377,1
10,Cisterna dos Cães,Lusitania,0.765,Media Certeza (Grado II),0,1,0,0,0.0264,0.0,0.0,0.1945,134377.9,0.0001,746.4,16.54,3.32,16.45,36.64,-79.65,-54.32,0.072,0.0925,0.0,17136.621876935125,4129882.0765051665,1
11,Corta da Torre,Hispania Tarraconensis,0.765,Media Certeza (Grado II),1,0,0,0,0.0266,0.0008,0.0,0.1904,178787.1,0.0,818.3,20.14,6.1,5.1,36.79,-81.94,-92.97,0.1111,0.0295,0.0,28003.549642255763,4631193.586418149,1
12,Corta do Penedo das Bruxas,Hispania Tarraconensis,0.845,Alta Certeza (Grado I),1,0,0,0,0.0341,0.0041,0.0013,0.2022,94258.4,0.0019,951.2,21.0,14.98,20.17,43.78,-80.0,-14.89,0.1887,0.0343,0.0757,119608.68929797091,4630787.364660125,1
13,Covas de Mouros de Monte da Nó,Hispania Tarraconensis,0.765,Media Certeza (Grado II),1,0,0,0,0.0316,0.0009,0.0001,0.1921,172468.7,0.0,839.8,16.23,0.25,22.8,32.47,-85.67,-93.9,0.001,0.3043,0.0119,34165.40951870009,4632625.597054143,1
14,Crugeira,Hispania Baetica,0.765,Media Certeza (Grado II),0,1,0,0,0.1211,0.0001,0.0002,0.0799,79079.1,0.0051,291.1,27.11,11.97,15.19,52.77,-74.27,11.23,0.0525,0.2237,0.0641,121391.69521422149,4226909.848094804,1
15,Ervedosa,Hispania Tarraconensis,0.765,Media Certeza (Grado II),0,0,0,0,0.0,0.0076,0.0042,0.2178,66479.7,0.0119,975.2,16.31,26.74,-6.06,32.56,-80.08,19.53,0.2418,0.0252,0.0773,159295.30419894133,4627438.779208347,1
16,Escadia Grande,Hispania Tarraconensis,0.765,Media Certeza (Grado II),1,0,1,0,0.0488,0.0002,0.0,0.1301,204578.9,0.0,403.5,19.21,8.78,3.61,42.48,-77.62,-100.0,0.1348,0.0767,0.1462,63737.78722712828,4448976.524939367,1
18,Folgadouro,Hispania Tarraconensis,0.765,Media Certeza (Grado II),0,0,0,0,0.0209,0.0008,0.0,0.1979,182804.8,0.0,805.7,21.04,4.87,30.95,42.9,-70.14,-96.02,0.0783,0.055,0.0,21582.916287567,4640188.684979921,1
19,Forca,Hispania Tarraconensis,0.765,Media Certeza (Grado II),1,0,0,0,0.0477,0.0018,0.0002,0.2021,141259.9,0.0001,884.1,24.29,1.05,11.25,50.3,-69.8,-75.96,0.0755,0.1816,0.0081,63129.60797171766,4645059.290305735,1
20,França,Hispania Tarraconensis,0.845,Alta Certeza (Grado I),1,0,0,0,0.0,0.0153,0.0168,0.2903,35842.8,0.0917,980.9,21.11,4.78,-29.34,45.59,-82.5,46.89,0.0797,0.0821,0.0546,189976.33430697862,4645587.333976032,1
21,Furados de Pombeiro,Hispania Tarraconensis,0.765,Media Certeza (Grado II),1,0,0,0,0.0489,0.0002,0.0,0.085,217897.8,0.0,451.9,22.57,-0.32,-6.34,45.95,-85.24,-100.0,0.0735,0.0383,0.0244,65192.29597995448,4467157.912694668,1
22,Grovelas,Hispania Tarraconensis,0.845,Alta Certeza (Grado I),1,0,0,0,0.0409,0.0012,0.0001,0.1963,158257.7,0.0,880.9,17.76,7.48,3.78,34.57,-77.94,-84.87,0.1066,0.1556,0.0352,47831.66454775439,4636522.545930811,1
23,Herdade da Tinoca,Lusitania,0.765,Media Certeza (Grado II),0,1,0,0,0.0369,0.0001,0.0002,0.1289,65991.9,0.0123,235.1,22.84,7.68,23.85,45.68,-76.28,26.32,0.0567,0.069,0.0,141607.8815647459,4333674.680550051,1
24,Herdade do Montinho,Lusitania,0.765,Media Certeza (Grado II),0,1,0,0,0.0599,0.0,0.0,0.1224,116864.3,0.0004,516.3,16.43,-12.37,4.94,33.09,-79.85,-27.36,0.1253,0.0605,0.0,45941.38223749539,4203188.981248161,1
25,Jales,Hispania Tarraconensis,0.8,Alta Certeza (Grado I),1,0,1,0,0.0361,0.0028,0.0006,0.1404,114965.4,0.0005,930.0,25.11,7.38,25.21,49.18,-81.06,-13.57,0.1978,0.0671,0.1025,116875.85641644092,4600580.720877053,1
26,Juliana,Lusitania,0.765,Media Certeza (Grado II),0,1,0,0,0.0702,0.0,0.0,0.1132,109939.3,0.0007,473.0,19.27,14.39,3.32,39.5,-69.46,-27.97,0.0169,0.104,0.059,56317.36249050358,4207534.378139321,1
27,Lagares,Hispania Tarraconensis,0.845,Alta Certeza (Grado I),1,0,0,0,0.0259,0.0053,0.0021,0.2155,81748.7,0.0043,965.1,22.9,3.68,-12.12,45.95,-79.41,30.3,0.0616,0.0587,0.0,129889.37623222114,4637960.0370289525,1
28,Macedinho,Hispania Tarraconensis,0.765,Media Certeza (Grado II),1,0,0,0,0.0003,0.0046,0.0014,0.1243,98114.4,0.0014,980.4,18.51,0.33,3.35,39.13,-77.29,-41.97,0.0532,0.031,0.0231,156852.99442428,4591882.079207157,1
29,Malhada,Hispania Tarraconensis,0.765,Media Certeza (Grado II),0,0,1,1,0.0387,0.0003,0.0,0.0002,220597.5,0.0,621.8,20.22,-4.95,14.25,42.52,-81.4,-100.0,0.1163,0.0704,0.1071,43922.21232720249,4524105.797759157,1
30,Meimoa,Hispania Tarraconensis,0.765,Media Certeza (Grado II),1,0,0,0,0.0097,0.0005,0.001,0.109,158408.8,0.0,576.7,19.09,-9.14,12.69,39.09,-79.61,-93.94,0.0292,0.0071,0.0,149031.16844700614,4458084.4998694,1
32,Milreu,Hispania Tarraconensis,0.765,Media Certeza (Grado II),1,0,0,0,0.0484,0.0001,0.0,0.2011,169434.2,0.0,276.0,21.36,13.06,-4.38,44.25,-78.44,-63.66,0.1022,0.1723,0.0299,58501.29554184625,4398093.190145055,1
33,Mina da Cabranca,Lusitania,0.905,Alta Certeza (Grado I),1,0,0,0,0.0417,0.0005,0.0,0.0275,196615.4,0.0,714.0,16.44,3.48,4.0,33.49,-80.2,-100.0,0.21,0.04,0.0,49052.094183065754,4554014.48498904,1
34,Mina do Bugalho,Hispania Baetica,0.765,Media Certeza (Grado II),0,1,0,0,0.0692,0.0001,0.0002,0.0554,56663.4,0.0229,263.6,16.35,11.08,40.39,37.05,-71.22,32.0,0.0596,0.0392,0.0333,124341.85816079052,4290626.059102087,1
35,Mina do Portal,Lusitania,0.905,Alta Certeza (Grado I),1,0,0,0,0.0397,0.0005,0.0,0.0333,197181.7,0.0,723.8,17.23,17.42,-6.18,34.89,-83.17,-100.0,0.2419,0.1263,0.0467,45662.91443634214,4557277.961216562,1
36,Minancos,Hispania Baetica,0.765,Media Certeza (Grado II),0,1,0,0,0.1329,0.0001,0.0004,0.0821,64245.4,0.0138,273.9,16.79,12.41,16.32,37.62,-70.81,35.64,0.5016,0.2152,0.0045,137124.6404171181,4232154.639986312,1
37,Monfortinho 1,Hispania Tarraconensis,0.765,Media Certeza (Grado II),1,0,0,0,0.0,0.0004,0.0019,0.162,128797.6,0.0002,534.0,24.31,2.96,-13.0,45.81,-81.36,-54.74,0.012,0.1684,0.0,169330.60776436114,4436358.176485722,1
38,Monfortinho 2,Hispania Tarraconensis,0.765,Media Certeza (Grado II),1,0,0,0,0.0,0.0004,0.0019,0.162,128797.6,0.0002,503.3,17.09,6.29,18.91,35.0,-78.28,-61.36,0.0273,0.0683,0.0407,169330.60776436114,4436358.176485722,1
39,Monfortinho 3 (Fonte Santa),Hispania Tarraconensis,0.765,Media Certeza (Grado II),1,0,0,0,0.0,0.0004,0.0018,0.1657,127632.5,0.0002,517.5,30.99,4.38,4.79,60.13,-81.31,-45.95,0.3011,0.0233,0.0301,168927.12657888484,4434577.020552364,1
40,Monte Judeu,Hispania Baetica,0.765,Media Certeza (Grado II),0,1,0,0,0.1231,0.0001,0.0002,0.099,76593.0,0.0061,309.0,17.74,-0.34,13.7,37.49,-69.14,25.66,0.3189,0.1953,0.0,117977.30086702813,4219577.490210949,1
133,Nogueirinha,Lusitania,0.765,Media Certeza (Grado II),0,0,0,0,0.0571,0.0,0.0,0.0051,127147.9,0.0002,298.2,16.9,7.81,-7.05,37.15,-80.33,-31.62,0.0103,0.1489,0.0417,52877.225410944084,4277474.430896554,1
134,Outeiro Machado,Hispania Tarraconensis,0.905,Alta Certeza (Grado I),1,0,0,0,0.0304,0.0045,0.0016,0.2057,89493.8,0.0026,966.0,22.33,0.04,14.66,42.7,-73.5,14.19,0.0025,0.0466,0.0418,124497.86179222574,4631952.417304267,1
135,Paulinos,Hispania Tarraconensis,0.765,Media Certeza (Grado II),0,0,0,0,0.0371,0.0009,0.0001,0.1646,171376.2,0.0,844.3,20.4,-11.55,-0.71,39.5,-77.89,-100.0,0.0176,0.2529,0.0203,41723.47558308096,4614286.003918589,1
136,Picalto,Lusitania,0.765,Media Certeza (Grado II),0,1,0,0,0.0471,0.0,0.0,0.2033,115554.1,0.0005,684.7,18.86,-1.45,0.85,36.14,-82.49,-29.17,0.5525,0.0346,0.0735,35187.22267904837,4136931.793767972,1
137,Pirâmide de Santa Justa,Hispania Tarraconensis,0.845,Alta Certeza (Grado I),1,0,0,0,0.0353,0.0006,0.0,0.0653,193626.1,0.0,746.8,19.34,3.35,14.97,42.45,-75.16,-96.42,0.0199,0.4237,0.0,39049.72943967115,4572361.397330069,1
138,Poço das Freitas,Hispania Tarraconensis,0.8,Alta Certeza (Grado I),1,0,0,0,0.0356,0.004,0.0012,0.2015,95974.3,0.0017,951.3,21.18,18.52,5.42,43.71,-78.63,-11.89,0.0705,0.2174,0.036,117575.59226259001,4630834.028497595,1
139,Batocas (Poço das Freitas),Hispania Tarraconensis,0.765,Media Certeza (Grado II),1,0,0,0,0.0356,0.0041,0.0013,0.204,95029.6,0.0018,932.3,17.13,1.21,13.13,33.67,-84.66,-33.07,0.1894,0.1371,0.0,117495.17271520861,4632845.143528942,1
140,Quarta Feira,Hispania Tarraconensis,0.765,Media Certeza (Grado II),0,1,0,0,0.0149,0.0006,0.0008,0.0639,176265.7,0.0,638.3,38.53,15.65,16.98,73.47,-77.75,-100.0,0.0024,0.2872,0.0,143061.9240054643,4476179.231309585,1
141,Recarei,Hispania Tarraconensis,0.845,Alta Certeza (Grado I),1,0,0,0,0.0386,0.0006,0.0,0.061,190682.4,0.0,748.4,30.82,7.9,16.22,62.84,-73.66,-100.0,0.0928,0.1478,0.0545,43911.37664591026,4570473.123287622,1
142,Río Miño 3: Rio Mouro,Hispania Tarraconensis,0.765,Media Certeza (Grado II),1,0,0,0,0.0435,0.0018,0.0002,0.1863,147356.9,0.0001,860.0,20.3,15.9,15.49,40.98,-72.25,-57.9,0.0325,0.0442,0.0185,52836.746031969145,4672448.959439153,1
143,Río Miño 4: Monção,Hispania Tarraconensis,0.765,Media Certeza (Grado II),1,0,0,0,0.0379,0.0015,0.0001,0.1851,157141.3,0.0,840.7,16.99,14.35,4.29,34.9,-79.23,-64.73,0.1983,0.0784,0.0,43021.90453456994,4672839.0477306815,1
144,Río Ponsul,Hispania Tarraconensis,0.765,Media Certeza (Grado II),1,0,0,0,0.033,0.0002,0.0003,0.1933,140115.5,0.0001,378.3,20.66,15.61,-1.62,40.62,-77.43,-62.97,0.0334,0.0241,0.0,125533.66576805548,4415818.127322464,1
145,Ruy Gomes,Hispania Baetica,0.765,Media Certeza (Grado II),0,1,0,0,0.1156,0.0001,0.0002,0.076,82476.5,0.0041,330.8,16.4,-8.95,1.81,32.46,-72.85,17.47,0.1168,0.1073,0.0897,116314.91730211861,4227592.222118505,1
146,San Domingos,Hispania Baetica,0.765,Media Certeza (Grado II),0,1,1,0,0.1194,0.0001,0.0001,0.2195,54230.5,0.0269,439.9,16.22,6.52,22.45,36.57,-66.87,34.23,0.1187,0.1951,0.0,103881.91492285277,4178531.823979372,1
148,Santo Estevão,Lusitania,0.765,Media Certeza (Grado II),0,1,0,0,0.0335,0.0,0.0,0.198,127950.0,0.0002,708.7,17.29,11.26,10.04,39.47,-81.23,-40.32,0.0251,0.0656,0.0632,23216.202322039695,4132764.304871941,1
149,Seixo,Hispania Tarraconensis,0.765,Media Certeza (Grado II),1,0,0,0,0.0148,0.0027,0.0005,0.0609,125444.5,0.0002,954.9,18.58,8.63,-0.85,36.48,-80.96,-42.7,0.0037,0.0493,0.0287,142254.88789297553,4568636.483408719,1
150,Serra de Arga,Hispania Tarraconensis,0.765,Media Certeza (Grado II),1,0,0,0,0.0242,0.0009,0.0001,0.1998,178376.6,0.0,843.4,24.21,12.35,16.92,51.38,-81.88,-100.0,0.0527,0.1032,0.0,25283.901054030925,4644048.610485761,1
151,Serra de Banjas / Mias das Banjas,Hispania Tarraconensis,0.94,Alta Certeza (Grado I),1,0,0,0,0.0407,0.0006,0.0,0.0447,192245.5,0.0,758.2,21.29,6.85,16.27,42.35,-83.35,-90.56,0.0341,0.2265,0.0226,47418.259721254115,4563050.614123151,1
152,Serra de Caveira,Lusitania,0.765,Media Certeza (Grado II),0,1,0,0,0.0262,0.0,0.0,0.0463,156804.5,0.0,479.7,21.53,0.5,17.0,44.82,-77.44,-89.93,0.1655,0.018,0.1432,17084.13900556037,4233192.778375262,1
153,Serra de Queiriga,Hispania Tarraconensis,0.765,Media Certeza (Grado II),0,0,0,0,0.0458,0.0008,0.0001,0.0007,184019.3,0.0,748.1,18.31,-8.08,-2.58,40.79,-70.84,-98.56,0.1612,0.0722,0.0778,99810.90737148165,4525645.749768593,1
154,Serra de Santa Justa / Fojo das Pombas,Hispania Tarraconensis,1.0,Alta Certeza (Grado I),1,0,0,0,0.0351,0.0006,0.0,0.0682,193144.6,0.0,756.0,17.8,0.17,0.71,36.74,-78.69,-100.0,0.0611,0.0352,0.0,38805.77023868088,4573598.632571525,1
155,Tagus 1: Mouriscas,Hispania Tarraconensis,0.765,Media Certeza (Grado II),1,0,0,0,0.0505,0.0001,0.0,0.1924,155747.4,0.0,273.5,17.95,26.81,0.85,36.66,-80.5,-49.84,0.0933,0.1441,0.056,61330.257205499394,4380870.014144328,1
156,Tagus 2: Abrantes,Hispania Tarraconensis,0.765,Media Certeza (Grado II),1,0,0,0,0.0468,0.0,0.0,0.1935,162795.6,0.0,245.9,33.67,6.22,12.51,67.21,-76.45,-69.8,0.0927,0.0346,0.0,53384.36440877424,4382327.290981154,1
157,Tagus 3: Confluence Zêzere-Tagus,Hispania Tarraconensis,0.765,Media Certeza (Grado II),1,0,0,0,0.0407,0.0,0.0,0.1942,171314.4,0.0,241.7,16.26,-10.8,14.6,32.05,-75.2,-91.71,0.1755,0.1297,0.0,43408.20833554241,4383398.847706002,1
158,Tinas,Hispania Tarraconensis,0.765,Media Certeza (Grado II),1,0,0,0,0.0452,0.0015,0.0002,0.1997,148758.1,0.0,855.0,24.17,13.11,15.64,50.8,-77.91,-64.77,0.0554,0.0574,0.0148,56492.4268842992,4640826.545327286,1
159,Três Minas - Corta de Covas,Hispania Tarraconensis,1.0,Alta Certeza (Grado I),1,0,0,0,0.0322,0.0032,0.0007,0.1493,108894.8,0.0007,943.6,19.55,12.71,14.28,40.48,-72.43,-5.46,0.0326,0.0405,0.041,122241.41960142512,4603765.55107267,1
160,Trincheiras,Hispania Tarraconensis,0.765,Media Certeza (Grado II),1,0,0,0,0.0365,0.0003,0.0003,0.1613,159287.5,0.0,474.1,18.41,15.82,25.45,36.98,-81.05,-83.28,0.0309,0.2939,0.0553,119341.23683349596,4435431.435981141,1
161,Vila Mou,Hispania Tarraconensis,0.765,Media Certeza (Grado II),0,0,0,0,0.0249,0.0008,0.0,0.195,179455.7,0.0,845.6,21.26,10.15,18.9,42.07,-79.65,-100.0,0.0768,0.0149,0.0512,26046.062691168452,4635905.031827155,1
162,Zambujal,Lusitania,0.765,Media Certeza (Grado II),0,0,0,0,0.0683,0.0,0.0,0.0248,123918.4,0.0003,374.2,18.76,12.39,7.68,36.01,-74.72,-30.76,0.0597,0.0917,0.0522,60601.781059684,4246836.105950309,1
391,Arroyo del Salgueral,Hispania Tarraconensis,1.0,Alta Certeza (Grado I),1,0,0,0,0.0,0.0891,0.5533,0.3475,3633.5,0.7849,737.4,24.36,22.03,-2.02,47.78,-61.83,79.5,0.7226,0.0646,0.4777,245206.5178464793,4719732.71344073,1
429,Barranco de Santa Filomena,Hispania Tarraconensis,0.9650000000000001,Alta Certeza (Grado I),0,1,0,0,0.0138,0.005,0.0,0.1975,197236.4,0.0,10.7,25.34,1.64,4.09,50.08,-78.98,-100.0,0.0096,0.0765,0.0025,642291.4292888341,4407912.087375764,1
430,Barranco Hondillo,Hispania Baetica,0.9650000000000001,Alta Certeza (Grado I),0,0,1,1,0.0,0.0635,0.0527,0.0873,44059.9,0.053,488.5,18.29,-2.06,6.0,35.8,-83.53,42.67,0.1631,0.114,0.0908,483129.7099087535,4248035.050692075,1
431,Barreiro,Hispania Tarraconensis,0.905,Alta Certeza (Grado I),1,0,0,0,0.0128,0.0129,0.0095,0.144,63106.4,0.0149,778.1,17.39,-3.54,18.65,36.22,-69.6,36.52,0.031,0.0542,0.0376,144181.71474877762,4709440.321416882,1
432,Barrio Nuevo,Hispania Baetica,0.9650000000000001,Alta Certeza (Grado I),0,0,1,1,0.0249,0.0013,0.0269,0.0704,50400.8,0.0347,227.2,19.69,3.78,9.52,41.38,-78.64,16.15,0.0417,0.0275,0.0445,278625.81192325125,4294357.037930647,1
433,Begega - El Valle,Hispania Tarraconensis,0.905,Alta Certeza (Grado I),1,0,0,0,0.0,0.0924,0.0367,0.0417,73198.2,0.0076,267.4,25.84,19.22,5.04,51.08,-78.46,-5.23,0.0693,0.1119,0.0313,232280.147243704,4797838.674955801,1
434,Benllera,Hispania Tarraconensis,0.905,Alta Certeza (Grado I),1,0,0,0,0.0,0.1836,0.3729,0.3221,1695.0,0.8932,644.3,17.04,9.34,-0.27,37.0,-66.34,84.93,0.696,0.24,0.5741,275897.6910142535,4738850.018473669,1
435,Berrocoso,Hispania Baetica,0.9650000000000001,Alta Certeza (Grado I),0,1,0,0,0.0701,0.005,0.2898,0.2241,10782.5,0.4873,224.0,20.0,9.91,9.16,39.38,-69.65,68.68,0.4479,0.191,0.2604,334572.71689974127,4250623.597046704,1
436,Besullo,Hispania Tarraconensis,0.845,Alta Certeza (Grado I),1,0,0,0,0.0,0.0553,0.0306,0.0246,81921.2,0.0042,342.9,20.09,-8.53,20.73,43.17,-78.86,-16.49,0.0593,0.1144,0.069,205471.4683303453,4788032.998541533,1
437,Braña de Avelleras,Hispania Tarraconensis,0.765,Media Certeza (Grado II),1,0,0,0,0.0,0.0514,0.0326,0.0226,79968.8,0.0048,365.3,21.38,0.87,29.78,43.73,-81.73,18.69,0.0734,0.1251,0.0067,201654.84850496135,4782590.676767497,1
438,Brañalebrel,Hispania Tarraconensis,0.845,Alta Certeza (Grado I),1,0,0,0,0.0,0.0343,0.0078,0.0525,115999.0,0.0004,180.9,16.66,-9.69,5.86,38.08,-78.1,-52.2,0.0802,0.0464,0.0379,185089.7942419435,4815345.327981839,1
439,Brués,Hispania Tarraconensis,0.9650000000000001,Alta Certeza (Grado I),1,0,0,0,0.0499,0.0035,0.0006,0.1018,128601.7,0.0002,758.1,21.13,15.71,10.03,47.86,-78.09,-44.63,0.023,0.0613,0.0,75788.2138665205,4713314.269340313,1
440,Buiran,Hispania Tarraconensis,0.765,Media Certeza (Grado II),1,0,0,0,0.0,0.0256,0.0175,0.0244,83930.2,0.0037,473.1,25.69,20.39,-1.72,50.29,-78.4,-4.52,0.0245,0.0356,0.0902,167673.51083607605,4761176.762071975,1
441,Buñola,Hispania Tarraconensis,0.9650000000000001,Alta Certeza (Grado I),0,0,1,1,0.0401,0.0001,0.0,0.1953,373977.0,0.0,282.8,16.89,11.3,31.72,34.54,-81.78,-100.0,0.2124,0.0488,0.0,989047.8107351746,4410590.18484382,1
442,Burbia,Hispania Tarraconensis,0.765,Media Certeza (Grado II),1,0,0,0,0.0,0.0387,0.0539,0.0734,56453.2,0.0232,593.9,17.18,-2.74,-8.22,35.44,-81.7,4.86,0.0838,0.0526,0.1548,191287.33641107695,4744740.859088364,1
444,Bustiello de Paredes,Hispania Tarraconensis,0.905,Alta Certeza (Grado I),1,0,0,0,0.0,0.0635,0.0148,0.0597,97045.9,0.0015,188.6,30.31,20.95,29.22,60.76,-85.02,-12.89,0.0592,0.1177,0.1112,216961.25658821827,4816131.996196942,1
445,Cabeza del Agua,Hispania Baetica,0.9650000000000001,Alta Certeza (Grado I),0,1,0,0,0.2226,0.0002,0.0006,0.4123,9401.0,0.5343,383.5,16.9,3.04,4.06,38.06,-69.47,95.08,0.278,0.1941,0.2901,154237.76943899796,4161967.531534605,1
446,Cabezas del Pasto,Hispania Baetica,0.9650000000000001,Alta Certeza (Grado I),0,1,1,1,0.1373,0.0001,0.0002,0.2645,38765.5,0.0754,421.8,23.8,-2.57,4.71,46.54,-82.05,68.1,0.0927,0.3587,0.1335,117531.70546184888,4171179.5212346227,1
447,Cabezo de la Reina,Hispania Tarraconensis,0.9650000000000001,Alta Certeza (Grado I),0,1,0,0,0.0497,0.004,0.0332,0.0856,40443.3,0.0675,620.5,18.81,-2.07,-3.92,39.62,-77.25,37.94,0.1147,0.0494,0.0127,400367.8703856394,4508073.228649484,1
448,Cabezo de los Silos,Hispania Baetica,0.9650000000000001,Alta Certeza (Grado I),0,1,0,0,0.1351,0.0001,0.0002,0.2331,45666.2,0.0476,434.2,17.23,1.73,37.54,35.75,-74.02,70.32,0.0952,0.1703,0.0459,115575.43399524898,4180005.8066230426,1
449,Cabezo Hueca,Hispania Baetica,0.9650000000000001,Alta Certeza (Grado I),0,1,0,0,0.1816,0.0001,0.0004,0.3357,20898.4,0.2483,406.6,24.28,7.68,14.8,49.94,-68.49,77.33,0.2281,0.2609,0.166,139650.87064902368,4168155.9518124606,1
450,Cabezo Rajado,Hispania Tarraconensis,0.9650000000000001,Alta Certeza (Grado I),0,0,1,1,0.0455,0.119,0.0,0.3032,29108.5,0.1436,1107.1,18.45,4.25,9.48,41.24,-77.09,33.09,0.0726,0.1882,0.1124,685313.8096294804,4165347.0736093367,1
451,Cabo de la Nao,Hispania Tarraconensis,0.9650000000000001,Alta Certeza (Grado I),0,0,0,0,0.0049,0.0072,0.0,0.016,137042.9,0.0001,465.6,18.99,-5.6,20.14,38.7,-74.68,-64.2,0.0291,0.0369,0.0182,780530.9783197695,4293135.785091267,1
452,Cádiz,Hispania Baetica,0.9650000000000001,Alta Certeza (Grado I),0,0,1,1,0.1182,0.0049,0.2539,0.236,37772.1,0.0806,344.8,17.88,15.07,1.13,33.84,-54.92,57.34,0.2938,0.093,0.1037,316737.11831003486,4188404.4807049013,1
453,Cala Reona,Hispania Tarraconensis,0.9650000000000001,Alta Certeza (Grado I),0,1,1,1,0.0497,0.0866,0.0,0.269,39739.4,0.0707,1132.7,19.69,4.7,9.87,41.93,-72.47,58.54,0.3159,0.0895,0.0772,701322.5128253682,4165603.9469215204,1
454,Calamón,Hispania Baetica,0.9650000000000001,Alta Certeza (Grado I),0,0,1,1,0.1172,0.0049,0.2793,0.2366,35702.7,0.0925,328.5,16.81,-0.67,9.08,33.6,-66.4,49.29,0.157,0.0985,0.1667,316953.85747613374,4190904.3746320535,1
455,Callejón de Matajaca,Hispania Baetica,0.9650000000000001,Alta Certeza (Grado I),0,1,0,0,0.0707,0.0055,0.2919,0.2519,7270.1,0.6159,265.5,18.08,14.31,2.89,37.26,-68.97,70.95,0.513,0.1757,0.3328,339466.8339895189,4249288.305670186,1
456,Campanario,Hispania Baetica,0.9650000000000001,Alta Certeza (Grado I),0,1,0,0,0.2529,0.0002,0.0008,0.4357,6355.2,0.6546,375.6,30.05,-0.45,29.42,60.66,-61.33,121.19,0.3777,0.1315,0.407,161647.73620984645,4162026.9429970845,1
457,Campo Antigua,Hispania Tarraconensis,0.905,Alta Certeza (Grado I),1,0,0,0,0.0,0.0471,0.0153,0.0374,99097.3,0.0014,212.9,17.29,-7.84,6.02,36.72,-86.27,-32.85,0.0125,0.0577,0.0883,199273.91028399533,4804959.745190172,1
458,Campo la Peral,Hispania Tarraconensis,0.905,Alta Certeza (Grado I),1,0,0,0,0.0,0.0701,0.332,0.2997,10210.9,0.5062,736.2,20.37,16.29,-8.45,41.47,-71.3,68.0,0.4284,0.1716,0.3327,232514.5046895233,4717905.687364695,1
459,Camporredondo,Hispania Tarraconensis,0.9650000000000001,Alta Certeza (Grado I),1,0,0,0,0.0377,0.5387,0.1534,0.0955,41183.2,0.0642,596.1,17.67,20.43,5.22,35.66,-74.09,42.89,0.0963,0.5486,0.0014,356868.1963644896,4749845.762768153,1
460,Canadá,Hispania Baetica,0.9650000000000001,Alta Certeza (Grado I),0,1,0,0,0.071,0.0048,0.3078,0.2295,10263.4,0.5045,263.0,22.04,2.91,14.01,38.87,-64.17,82.56,0.502,0.0996,0.4137,332662.3343444547,4249335.954557577,1
461,Cancho Blanco,Hispania Baetica,0.9650000000000001,Alta Certeza (Grado I),0,0,1,1,0.0477,0.0009,0.0211,0.0657,46493.5,0.0451,194.2,16.66,4.63,-2.39,36.38,-74.05,33.17,0.0972,0.1443,0.0016,254801.7612631159,4280504.285972278,1
462,Candelaria,Hispania Tarraconensis,0.9650000000000001,Alta Certeza (Grado I),0,1,1,1,0.0633,0.007,0.102,0.149,21194.6,0.2434,241.7,30.1,-0.14,5.27,58.67,-76.12,59.03,0.1589,0.0856,0.1883,367693.54649916675,4278309.160142852,1
463,Candín I,Hispania Tarraconensis,0.845,Alta Certeza (Grado I),1,0,0,0,0.0,0.0401,0.0544,0.067,57778.7,0.0212,566.9,18.52,5.6,2.7,41.36,-80.03,25.57,0.0276,0.0455,0.0183,192570.9640146579,4747386.879492594,1
464,Candín II,Hispania Tarraconensis,0.845,Alta Certeza (Grado I),1,0,0,0,0.0,0.0394,0.0536,0.0688,57540.9,0.0216,573.5,17.17,1.35,23.24,36.71,-76.61,13.5,0.1915,0.0783,0.1149,191783.57083139342,4746472.162407753,1
465,Cantos Blancos,Hispania Baetica,0.9650000000000001,Alta Certeza (Grado I),0,1,0,0,0.0687,0.0044,0.2665,0.1935,15017.2,0.3675,243.1,16.4,4.1,2.36,33.44,-71.08,61.7,0.2976,0.1242,0.2826,329586.0782351721,4253060.370475209,1
466,Cara de Oso,Hispania Tarraconensis,0.905,Alta Certeza (Grado I),1,0,0,0,0.0,0.0432,0.1353,0.3558,13906.1,0.3957,888.8,16.84,8.33,25.57,37.45,-71.12,78.37,0.3356,0.326,0.1812,226423.3258371342,4682950.804992438,1
467,Carbueiro,Hispania Tarraconensis,0.905,Alta Certeza (Grado I),1,0,0,0,0.0,0.0365,0.0263,0.0206,81220.6,0.0045,444.9,19.03,-3.08,2.14,41.56,-76.77,3.66,0.0523,0.0327,0.0,184725.7881434054,4770986.631239506,1
468,Carcabón de Orúa,Hispania Tarraconensis,1.0,Alta Certeza (Grado I),1,0,0,0,0.0,0.0486,0.0211,0.0266,91224.9,0.0023,318.6,17.74,2.43,12.77,36.5,-78.68,6.45,0.0968,0.1049,0.0,199611.66666771425,4795264.322537106,1
469,Carcabonas de Merás,Hispania Tarraconensis,0.765,Media Certeza (Grado II),1,0,0,0,0.0,0.0649,0.0136,0.0661,98301.4,0.0014,151.5,23.16,-7.48,6.22,49.07,-78.03,-10.46,0.0435,0.0853,0.0,218986.32562775147,4819278.456685264,1
470,Cárcobas de Miudes,Hispania Tarraconensis,0.845,Alta Certeza (Grado I),1,0,0,0,0.0,0.0373,0.0065,0.0758,120048.5,0.0003,128.8,18.35,2.67,18.22,36.92,-81.67,-52.73,0.0117,0.0971,0.0906,192162.19172685198,4825988.184754897,1
471,Cárcobas de Pena,Hispania Tarraconensis,0.845,Alta Certeza (Grado I),1,0,0,0,0.0,0.0376,0.0073,0.0675,117511.3,0.0004,143.7,17.24,4.42,-4.8,36.35,-82.29,-36.55,0.0282,0.0287,0.0648,191485.42927434458,4822236.199080461,1
472,Carmelita,Hispania Baetica,0.9650000000000001,Alta Certeza (Grado I),0,0,1,1,0.1675,0.0013,0.054,0.1398,31716.3,0.1207,195.4,19.94,7.81,18.88,42.03,-70.03,63.26,0.0851,0.1222,0.2456,259219.87421130118,4237723.972604959,1
473,"Carmino del Palo (I, II) - Arroyo del Cabrito (I, II, III)",Hispania Tarraconensis,0.905,Alta Certeza (Grado I),1,0,0,0,0.0,0.0471,0.1676,0.4207,1444.5,0.9082,826.8,21.0,8.22,11.87,44.38,-72.97,62.04,0.6549,0.2044,0.5283,221039.4981832489,4698183.951594111,1
474,Carris,Hispania Tarraconensis,0.9650000000000001,Alta Certeza (Grado I),1,0,0,0,0.0056,0.0166,0.002,0.0848,149062.1,0.0,137.3,16.83,12.28,0.73,36.53,-78.8,-72.7,0.1082,0.0951,0.01,151485.65252155683,4831099.68841092,1
475,Carrua de la Rata - El Lago,Hispania Tarraconensis,1.0,Alta Certeza (Grado I),1,0,0,0,0.0,0.0321,0.0597,0.1754,36377.4,0.0885,769.3,16.83,-7.27,6.42,34.63,-79.9,53.44,0.0834,0.0823,0.0122,189563.97905863018,4717947.193674886,1
476,Casa de las Grobas I,Hispania Tarraconensis,0.845,Alta Certeza (Grado I),1,0,0,0,0.0,0.0414,0.0229,0.0186,87888.8,0.0029,355.5,16.25,-7.02,26.53,36.43,-76.31,-5.14,0.0108,0.0626,0.0218,190883.28589404403,4784245.47871974,1
477,Casa de las Grobas II,Hispania Tarraconensis,0.845,Alta Certeza (Grado I),1,0,0,0,0.0,0.0413,0.0231,0.0184,87674.4,0.0029,365.5,21.43,10.66,12.37,43.33,-80.0,-21.58,0.0828,0.0643,0.0019,190682.90365405695,4783822.644357367,1
478,Casales,Hispania Tarraconensis,0.905,Alta Certeza (Grado I),1,0,0,0,0.0,0.0328,0.0751,0.2833,19151.0,0.2789,806.7,20.46,-10.17,1.8,40.69,-80.52,56.03,0.2448,0.0712,0.2009,197728.82928685594,4702358.876689998,1
479,Casilla del Cobre,Hispania Baetica,0.9650000000000001,Alta Certeza (Grado I),0,1,0,0,0.0941,0.0072,0.3738,0.213,39384.8,0.0724,340.1,18.67,7.07,-5.12,37.5,-62.12,53.3,0.5014,0.2326,0.1298,337501.5250247908,4196569.01109435,1
480,Castañedo,Hispania Tarraconensis,0.765,Media Certeza (Grado II),1,0,0,0,0.0,0.1009,0.029,0.0518,75841.7,0.0064,238.9,23.53,-2.38,17.83,51.24,-83.18,-12.73,0.1017,0.4124,0.0145,238258.0440485523,4805835.795267867,1
481,Castellar,Hispania Tarraconensis,0.9650000000000001,Alta Certeza (Grado I),1,0,1,0,0.0602,0.0065,0.0684,0.1118,35126.7,0.0962,261.4,22.65,19.38,13.68,44.29,-81.08,61.04,0.1232,0.0924,0.014,375438.5999432749,4297467.902533813,1
482,Castillo Buitrón,Hispania Baetica,0.9650000000000001,Alta Certeza (Grado I),0,1,0,0,0.2958,0.0003,0.0011,0.3798,12339.1,0.4393,368.9,19.62,7.89,18.15,42.9,-62.24,109.75,0.3002,0.1981,0.3552,167310.64475362573,4172008.685937966,1
483,Castillo de las Guardas,Hispania Baetica,0.9650000000000001,Alta Certeza (Grado I),0,1,0,0,0.6424,0.0005,0.0047,0.4502,2293.6,0.8582,303.5,24.21,5.51,-5.44,46.3,-43.94,160.17,0.7605,0.509,0.7213,202983.61606905708,4177409.709025439,1
484,Castripicón,Hispania Baetica,0.9650000000000001,Alta Certeza (Grado I),0,1,0,0,0.0978,0.006,0.5071,0.2255,30430.9,0.1315,355.9,17.02,14.93,-5.56,36.61,-59.94,49.76,0.4266,0.1088,0.1759,330141.8944665361,4203022.36315099,1
486,Castro del Río,Hispania Tarraconensis,0.9650000000000001,Alta Certeza (Grado I),1,0,0,0,0.0,0.0651,0.1865,0.153,30854.8,0.1278,616.8,16.57,-3.54,22.05,35.42,-78.27,60.15,0.1595,0.1259,0.0529,220923.16598117392,4735352.465365973,1
487,Castropetre,Hispania Tarraconensis,0.905,Alta Certeza (Grado I),1,0,0,0,0.0,0.0251,0.0361,0.161,43009.2,0.0569,748.2,17.35,-1.78,12.65,39.48,-74.08,33.18,0.0582,0.0438,0.0,177028.3239099682,4716618.522163999,1
488,Castropodame / Los Valles - Las Gándaras,Hispania Tarraconensis,1.0,Alta Certeza (Grado I),1,0,0,0,0.0,0.052,0.167,0.2293,21577.9,0.2373,758.2,16.33,-5.19,14.57,33.09,-77.64,70.33,0.1966,0.1725,0.1599,215267.70721460757,4719173.678794373,1
489,Cavón del Pozo - Muro de la T.,Hispania Tarraconensis,0.845,Alta Certeza (Grado I),1,0,0,0,0.0,0.2001,0.3201,0.3093,2800.1,0.8297,599.5,19.13,-1.18,-1.99,37.57,-72.12,92.92,0.6734,0.216,0.441,280130.56084093323,4740142.289753165,1
490,Cecos I,Hispania Tarraconensis,0.905,Alta Certeza (Grado I),1,0,0,0,0.0,0.0373,0.0278,0.0216,79965.8,0.0048,434.1,27.13,8.63,1.79,53.6,-77.65,10.26,0.1482,0.1917,0.0797,185840.90380423603,4770250.867655008,1
491,Cecos II,Hispania Tarraconensis,0.905,Alta Certeza (Grado I),1,0,0,0,0.0,0.0372,0.0271,0.0208,80801.1,0.0046,438.7,16.26,8.83,20.02,37.59,-84.69,-6.14,0.0815,0.1778,0.0322,185675.63245136652,4771195.626548231,1
492,Cecos III,Hispania Tarraconensis,0.845,Alta Certeza (Grado I),1,0,0,0,0.0,0.0374,0.0267,0.0202,81358.8,0.0044,424.6,16.62,12.68,20.77,33.14,-85.0,-26.34,0.0184,0.0504,0.0402,185835.07962609263,4772041.750487728,1
493,Cecos IV,Hispania Tarraconensis,0.845,Alta Certeza (Grado I),1,0,0,0,0.0,0.0375,0.0276,0.0212,80331.7,0.0047,415.7,18.5,-9.05,-3.81,33.13,-77.65,2.8,0.1404,0.152,0.0,186022.61260180402,4770872.812146013,1
494,Cecos V,Hispania Tarraconensis,0.845,Alta Certeza (Grado I),1,0,0,0,0.0,0.0379,0.0275,0.0207,80680.8,0.0046,434.3,26.96,6.71,-1.87,53.65,-80.95,20.23,0.1757,0.1875,0.0752,186621.32056979148,4771801.500609354,1
495,Cecos VI,Hispania Tarraconensis,0.845,Alta Certeza (Grado I),1,0,0,0,0.0,0.0375,0.0278,0.0215,80055.5,0.0048,424.4,17.62,-3.58,7.51,38.61,-82.77,-0.41,0.0461,0.0688,0.0432,186151.44389027503,4770621.585551923,1
496,Cerdanya - All Guilleteres sector 1 NE - 1,Hispania Tarraconensis,0.79,Media Certeza (Grado II),1,0,0,0,0.0,0.0,0.0,0.1178,456044.8,0.0,770.9,18.93,4.04,-0.13,37.04,-77.59,-100.0,0.1091,0.019,0.0,896738.2831155426,4705218.9577029385,1
497,Cerdanya - All Guilleteres sector 1 NE - 2,Hispania Tarraconensis,0.79,Media Certeza (Grado II),1,0,0,0,0.0,0.0,0.0,0.1176,456551.9,0.0,750.0,16.27,23.55,-1.71,35.98,-83.25,-100.0,0.0556,0.0003,0.0,897247.3065772152,4705322.313899705,1
498,Cerdanya - All Guilleteres sector 1 NE - 3,Hispania Tarraconensis,0.79,Media Certeza (Grado II),1,0,0,0,0.0,0.0,0.0,0.1181,456697.8,0.0,787.2,16.74,7.36,-6.65,33.06,-81.1,-100.0,0.2199,0.06,0.0,897505.9458898648,4705099.069041777,1
499,Cerdanya - All Guilleteres sector 1 NE - 4,Hispania Tarraconensis,0.79,Media Certeza (Grado II),1,0,0,0,0.0,0.0,0.0,0.1164,457272.9,0.0,751.9,33.36,17.2,11.06,64.75,-83.58,-100.0,0.1866,0.0435,0.0,897832.9773581936,4705779.769014579,1
500,Cerdanya - All Guilleteres sector 1 NE - new?,Hispania Tarraconensis,0.79,Media Certeza (Grado II),1,0,0,0,0.0,0.0,0.0,0.1165,455853.7,0.0,758.6,29.52,24.54,0.9,59.64,-78.79,-100.0,0.0745,0.081,0.0,896287.9973199754,4705760.356096041,1
501,Cerro Castaño,Hispania Baetica,0.9650000000000001,Alta Certeza (Grado I),0,1,0,0,0.1134,0.0047,0.3928,0.2456,26699.5,0.1686,333.6,16.12,13.85,-5.09,31.64,-56.08,69.34,0.3396,0.0808,0.2123,316819.3067329278,4200710.855711532,1
502,Cerro de la Mina,Hispania Baetica,0.9650000000000001,Alta Certeza (Grado I),0,0,1,1,0.0693,0.0003,0.0027,0.2152,10141.0,0.5086,184.8,28.23,4.89,17.69,56.17,-83.2,72.41,0.4736,0.2312,0.3189,194304.84127378557,4278907.341575939,1
503,Cerro de la Mina,Hispania Tarraconensis,0.9650000000000001,Alta Certeza (Grado I),0,0,0,0,0.0152,0.0047,0.0,0.1958,197010.3,0.0,4.1,20.17,-4.15,9.42,43.74,-78.64,-97.01,0.0685,0.0407,0.0,643712.2629008222,4410403.713562686,1
504,Cerro de la Minas,Hispania Baetica,0.9650000000000001,Alta Certeza (Grado I),0,1,0,0,0.1367,0.0002,0.0014,0.1157,33440.2,0.1076,256.2,24.19,7.02,17.92,49.5,-68.33,68.07,0.0751,0.0942,0.1804,168167.54196638515,4248723.19151628,1
505,Cerro de la Minillas,Hispania Baetica,0.9650000000000001,Alta Certeza (Grado I),0,1,0,0,0.0688,0.0038,0.2459,0.1668,19584.2,0.271,221.9,18.52,1.02,-10.53,36.9,-70.18,75.43,0.3558,0.1026,0.2867,321085.5102008211,4253920.303296318,1
506,Cerro de la Orden,Hispania Baetica,0.9650000000000001,Alta Certeza (Grado I),0,0,1,1,0.1532,0.0012,0.0434,0.1082,38595.0,0.0763,220.1,19.0,-6.5,9.62,42.23,-74.03,63.2,0.0663,0.1465,0.123,255153.4224452918,4243457.1251882445,1
507,Cerro de las Cruces,Hispania Baetica,0.9650000000000001,Alta Certeza (Grado I),0,0,1,1,0.0797,0.0006,0.0121,0.0799,39719.6,0.0708,201.7,18.78,7.56,34.3,40.12,-73.17,53.17,0.0759,0.0645,0.0637,232209.5149470134,4271144.251947225,1
508,Cerro de las Minillas,Hispania Baetica,0.9650000000000001,Alta Certeza (Grado I),0,1,0,0,0.0684,0.0138,0.4027,0.1853,18811.6,0.2853,356.8,20.49,8.28,5.78,38.17,-59.81,54.92,0.487,0.0756,0.345,387555.61461745005,4243642.7412629565,1
509,Cerro de los Almadenes,Hispania Tarraconensis,0.9650000000000001,Alta Certeza (Grado I),0,1,0,0,0.05,0.005,0.0321,0.0549,51382.3,0.0325,655.8,16.7,19.16,18.25,36.79,-72.47,25.72,0.15,0.0471,0.0438,396651.54202715034,4519012.138998084,1
510,Cerro de los Venados,Hispania Baetica,0.9650000000000001,Alta Certeza (Grado I),0,1,0,0,0.0665,0.0174,0.5504,0.15,30596.2,0.1301,359.0,16.22,1.97,17.9,33.05,-58.03,70.27,0.3188,0.1722,0.2428,396094.3042076953,4234576.288003934,1
511,Cerro de Valfrío,Hispania Baetica,0.9650000000000001,Alta Certeza (Grado I),0,1,0,0,0.0894,0.0068,0.6191,0.2205,26531.2,0.1705,339.2,17.57,7.51,19.17,37.02,-55.67,68.97,0.3376,0.1965,0.3637,338000.83870123676,4211073.266798146,1
512,Cerro del Conjuro,Hispania Baetica,0.9650000000000001,Alta Certeza (Grado I),0,0,0,0,0.0,0.0868,0.0013,0.1326,75352.1,0.0066,810.5,20.98,0.97,12.49,44.77,-83.56,0.66,0.0457,0.1228,0.1084,475012.0090455322,4087398.714318467,1
513,Cerro del Cuerno,Hispania Tarraconensis,0.905,Alta Certeza (Grado I),1,0,0,0,0.0,0.0653,0.3156,0.3708,3827.5,0.7748,777.0,17.0,12.09,15.29,34.5,-67.07,81.03,0.5958,0.1709,0.4335,233073.25804654462,4709686.614739241,1
514,Cerro del Cura,Hispania Baetica,0.9650000000000001,Alta Certeza (Grado I),0,1,0,0,0.0693,0.009,0.1754,0.2833,2885.2,0.825,304.4,20.57,5.18,18.67,38.74,-67.34,92.58,0.5613,0.1741,0.5141,368717.8224102729,4253784.246367883,1
515,Cerro del Esparto,Hispania Baetica,0.9650000000000001,Alta Certeza (Grado I),0,1,0,0,0.1422,0.0035,0.2454,0.2712,21980.5,0.231,297.6,30.11,-0.35,22.68,62.21,-68.66,99.25,0.3303,0.0884,0.1917,301998.12147404975,4198808.293084689,1
516,Cerro del Hierro,Hispania Baetica,0.9650000000000001,Alta Certeza (Grado I),0,0,0,0,0.0926,0.0019,0.0052,0.1595,93957.1,0.0019,438.9,16.49,4.84,-5.16,37.01,-72.83,1.56,0.0314,0.3863,0.0646,269687.38200899865,4103369.9314025627,1
517,Cerro Minado,Hispania Baetica,0.9650000000000001,Alta Certeza (Grado I),0,1,0,0,0.0,0.6814,0.0002,0.3977,11944.8,0.451,1069.6,20.56,9.29,-10.21,41.84,-77.38,57.43,0.2824,0.649,0.1866,593050.9892017986,4135940.741615802,1
518,Cerro Muriano,Hispania Baetica,0.9650000000000001,Alta Certeza (Grado I),0,1,0,0,0.0876,0.0077,0.4793,0.2079,32029.8,0.1182,335.3,18.44,7.58,-9.42,39.9,-56.84,59.95,0.2821,0.0721,0.2985,343781.44566316786,4207831.7939683385,1
519,Ceruñales,Hispania Tarraconensis,0.905,Alta Certeza (Grado I),1,0,0,0,0.0,0.063,0.1918,0.1697,28402.8,0.1505,685.4,24.2,15.63,8.86,47.82,-74.55,57.67,0.5351,0.0647,0.1278,220447.2035392486,4731840.253959615,1
520,Cexo-Fontechid,Hispania Tarraconensis,0.905,Alta Certeza (Grado I),1,0,0,0,0.0494,0.0034,0.0007,0.1885,114090.9,0.0005,873.9,16.88,-6.52,15.57,35.57,-80.44,-16.72,0.05,0.0405,0.0226,86064.5855256195,4674046.048875696,1
521,Cha da Veiga,Hispania Tarraconensis,0.905,Alta Certeza (Grado I),1,0,0,0,0.0185,0.0125,0.0076,0.0949,75968.3,0.0063,689.1,20.82,-0.5,-2.84,42.18,-80.67,-9.35,0.0125,0.0329,0.0944,138159.3724726616,4724123.868562322,1
523,Chan do Cubeiro,Hispania Tarraconensis,0.845,Alta Certeza (Grado I),1,0,0,0,0.0,0.0295,0.0167,0.0144,91174.6,0.0023,429.1,23.38,12.13,22.78,46.43,-83.53,-8.64,0.0164,0.1586,0.0,173930.5048072791,4775226.339823656,1
524,Chana de Chamarada,Hispania Tarraconensis,0.9650000000000001,Alta Certeza (Grado I),1,0,0,0,0.0,0.071,0.3644,0.3491,5204.6,0.7068,738.9,27.67,2.5,7.81,55.53,-69.27,65.82,0.624,0.1131,0.497,235573.90557392384,4713644.882994405,1
525,Chana de Reguera,Hispania Tarraconensis,0.9650000000000001,Alta Certeza (Grado I),1,0,0,0,0.0,0.0704,0.3662,0.3755,2835.0,0.8278,776.6,20.7,8.13,4.43,39.84,-70.0,71.5,0.7117,0.202,0.4921,236408.83157289104,4711387.636117294,1
527,Chaparro Barrenado,Hispania Baetica,0.9650000000000001,Alta Certeza (Grado I),0,1,1,1,0.0743,0.0051,0.382,0.2752,5413.6,0.697,288.6,18.85,-13.7,-0.61,38.42,-55.5,94.18,0.5892,0.1778,0.5526,333324.3834165549,4243827.152933894,1
528,Cheices,Hispania Tarraconensis,0.845,Alta Certeza (Grado I),1,0,0,0,0.0,0.0269,0.0477,0.2295,29337.7,0.1414,779.0,19.94,27.71,-12.64,41.53,-74.99,58.12,0.1276,0.1116,0.1744,185261.44967037882,4705697.872091701,1
529,Chinflón,Hispania Baetica,0.9650000000000001,Alta Certeza (Grado I),0,1,0,0,0.3659,0.0003,0.0017,0.4335,5615.5,0.6877,364.2,24.22,5.11,14.86,52.28,-54.11,122.5,0.382,0.2992,0.4776,178609.54508878064,4169341.350215345,1
530,Cimera de la Collada / Los Collados - Las Vallinas,Hispania Tarraconensis,1.0,Alta Certeza (Grado I),1,0,0,0,0.0,0.1339,0.629,0.3267,2882.5,0.8252,666.5,19.48,15.4,30.29,37.73,-59.24,75.54,0.7962,0.0956,0.4916,261994.22787012733,4731417.793332645,1
531,Cirujales,Hispania Tarraconensis,0.9650000000000001,Alta Certeza (Grado I),1,0,0,0,0.0,0.1154,0.3792,0.1943,18646.0,0.2885,614.5,16.22,2.17,7.36,35.24,-70.09,55.99,0.3488,0.1182,0.2236,249087.66758927613,4741645.9879586175,1
532,Cobas de Fornas,Hispania Tarraconensis,0.9650000000000001,Alta Certeza (Grado I),0,1,0,0,0.0429,0.0025,0.0002,0.0093,168048.1,0.0,629.0,26.79,11.35,-8.81,54.48,-78.52,-52.69,0.0163,0.1248,0.1389,51648.655626998865,4758943.291040388,1
533,Cobatillas,Hispania Tarraconensis,0.9650000000000001,Alta Certeza (Grado I),0,0,1,1,0.0621,0.0064,0.0858,0.1319,25189.3,0.1865,253.1,20.78,18.17,19.75,38.64,-74.44,66.91,0.1188,0.0365,0.1142,364512.38241770095,4281234.417826493,1
535,Cogorderos I,Hispania Tarraconensis,0.905,Alta Certeza (Grado I),1,0,0,0,0.0,0.0941,0.6707,0.3501,4867.5,0.7229,738.6,20.61,15.51,-9.19,42.92,-59.12,66.74,0.6814,0.0692,0.6512,251755.16916336177,4714369.419628319,1
536,Cogorderos II,Hispania Tarraconensis,0.905,Alta Certeza (Grado I),1,0,0,0,0.0,0.0952,0.6856,0.3509,4527.3,0.7395,732.2,17.07,3.49,-5.97,37.48,-57.88,88.69,0.6963,0.2576,0.5451,251858.14736460202,4715229.390128212,1
537,Collada,Hispania Tarraconensis,0.905,Alta Certeza (Grado I),1,0,0,0,0.0,0.0587,0.0181,0.0439,93965.6,0.0019,203.9,20.4,5.04,7.34,42.9,-79.46,-0.39,0.1016,0.1563,0.0,210888.39581481105,4807493.861979078,1
538,Collado de Trasmundo,Hispania Tarraconensis,0.905,Alta Certeza (Grado I),1,0,0,0,0.0,0.0819,0.1522,0.0885,41632.4,0.0623,528.0,18.1,13.46,10.52,37.41,-76.6,56.28,0.1014,0.0882,0.1158,227576.6930340752,4754122.547896451,1
539,Colmenarejo,Hispania Tarraconensis,0.9650000000000001,Alta Certeza (Grado I),0,1,0,0,0.0451,0.0025,0.0572,0.2271,14189.6,0.3883,522.6,20.31,24.76,-1.95,42.23,-77.95,93.46,0.2358,0.1407,0.2623,415712.58733316866,4486733.865142463,1
540,Comba,Hispania Tarraconensis,0.845,Alta Certeza (Grado I),1,0,0,0,0.0,0.0534,0.0277,0.0247,84407.4,0.0036,324.1,16.55,6.5,4.95,35.13,-84.74,2.67,0.0307,0.1946,0.0527,203841.57914289174,4789916.564126105,1
541,Compuerto,Hispania Tarraconensis,0.9650000000000001,Alta Certeza (Grado I),1,0,0,0,0.0325,0.4987,0.2034,0.1051,40326.8,0.068,623.3,20.39,21.77,18.78,38.32,-66.82,41.05,0.4188,0.402,0.1082,349528.50893779134,4745211.860657456,1
542,Concepción,Hispania Baetica,0.9650000000000001,Alta Certeza (Grado I),0,1,0,0,0.3555,0.0003,0.0019,0.2981,22020.3,0.2304,321.5,45.0,11.57,32.73,86.39,-49.79,109.27,0.2893,0.1816,0.3097,176307.40466851054,4186877.3768851506,1
543,Constantín,Hispania Tarraconensis,0.905,Alta Certeza (Grado I),1,0,0,0,0.0034,0.0192,0.011,0.0246,89746.7,0.0025,551.4,16.29,12.5,23.16,33.6,-74.67,-12.15,0.0309,0.2851,0.054,153658.1251197848,4757630.833493271,1
545,Corcoesto,Hispania Tarraconensis,1.0,Alta Certeza (Grado I),1,0,0,0,0.0249,0.0015,0.0,0.0228,212782.3,0.0,462.0,31.22,18.17,38.52,59.78,-83.54,-100.0,0.0397,0.0559,0.0674,26110.457765792205,4802632.466410945,1
547,Corno,Hispania Tarraconensis,0.765,Media Certeza (Grado II),1,0,0,0,0.037,0.0065,0.0027,0.1751,84960.3,0.0035,887.7,18.19,2.18,18.81,42.71,-74.55,12.99,0.0251,0.0343,0.0,115410.96985484916,4687934.118978112,1
548,Cornollo,Hispania Tarraconensis,0.845,Alta Certeza (Grado I),1,0,0,0,0.0,0.0403,0.0202,0.019,91215.3,0.0023,349.8,24.28,1.31,9.54,51.21,-75.3,-11.21,0.0761,0.0959,0.0589,189564.81150316214,4787416.771304645,1
549,Corpiño,Hispania Tarraconensis,0.9650000000000001,Alta Certeza (Grado I),0,0,0,0,0.0496,0.0037,0.0005,0.0265,144555.3,0.0001,619.7,22.2,15.82,21.41,42.65,-78.63,-47.41,0.0022,0.1737,0.0,71852.94163587148,4746892.2877334105,1
550,Corralín I,Hispania Tarraconensis,0.9650000000000001,Alta Certeza (Grado I),1,0,0,0,0.0,0.049,0.0518,0.0377,65826.3,0.0124,461.6,19.45,1.58,15.32,40.69,-76.49,20.94,0.1345,0.0594,0.0139,200139.5983479629,4763501.075773412,1
551,Corralín II,Hispania Tarraconensis,0.9650000000000001,Alta Certeza (Grado I),1,0,0,0,0.0,0.0496,0.052,0.0372,65939.7,0.0123,481.7,21.46,-0.72,16.81,46.55,-80.26,3.07,0.0973,0.0661,0.0129,200631.3742444825,4764019.914231526,1
552,Corralín III,Hispania Tarraconensis,0.905,Alta Certeza (Grado I),1,0,0,0,0.0,0.0499,0.052,0.0367,66120.0,0.0122,468.3,24.53,1.89,14.39,46.16,-72.33,-3.29,0.2521,0.0628,0.0,200960.5631911992,4764492.136550935,1
553,Corrego de Brañal,Hispania Tarraconensis,0.845,Alta Certeza (Grado I),1,0,0,0,0.0,0.042,0.0249,0.0187,85693.3,0.0033,382.2,18.17,1.17,-1.86,37.86,-77.79,-18.06,0.0284,0.5082,0.0,191520.16497862997,4781966.06776001,1
554,Pozos / Corta Valladar,Hispania Tarraconensis,0.9650000000000001,Alta Certeza (Grado I),1,0,0,0,0.0,0.0441,0.1442,0.3731,10321.3,0.5025,884.4,17.68,12.16,-3.5,37.07,-79.34,65.41,0.4746,0.0529,0.3557,225088.5468460524,4686452.837327393,1
555,Cortas de Xuan Rata I,Hispania Tarraconensis,0.845,Alta Certeza (Grado I),1,0,0,0,0.0,0.0492,0.0197,0.0295,92898.8,0.002,272.5,20.5,10.27,9.09,39.36,-76.73,-11.56,0.1652,0.1202,0.0,200538.25288960576,4798092.584411854,1
556,Cortas de Xuan Rata II,Hispania Tarraconensis,0.845,Alta Certeza (Grado I),1,0,0,0,0.0,0.0494,0.0201,0.0289,92369.5,0.0021,264.1,22.7,12.53,13.13,46.61,-75.16,-18.85,0.0219,0.294,0.0,200672.598202647,4797520.763433146,1
557,Cortijo de Peralbo,Hispania Baetica,0.9650000000000001,Alta Certeza (Grado I),0,1,0,0,0.069,0.0055,0.2515,0.2272,9979.7,0.5141,244.9,21.84,9.92,2.77,46.55,-67.52,87.4,0.4126,0.0542,0.3236,341091.7922491515,4252679.440324557,1
558,Coto Fortuna,Hispania Tarraconensis,0.9650000000000001,Alta Certeza (Grado I),0,0,1,1,0.012,0.2916,0.0001,0.4834,941.3,0.9392,1082.1,22.49,2.0,16.33,48.5,-77.36,75.59,0.5734,0.5637,0.4616,640375.7768794543,4162339.797697232,1
559,Cotofia,Hispania Tarraconensis,0.9650000000000001,Alta Certeza (Grado I),0,0,1,1,0.0632,0.0114,0.2368,0.2582,4509.4,0.7404,311.8,18.39,11.09,34.16,37.59,-69.38,87.54,0.5362,0.3342,0.4412,392058.32298131636,4271227.119786851,1
560,Couso / Vega Misada - Los Lagos,Hispania Tarraconensis,1.0,Alta Certeza (Grado I),1,0,0,0,0.0,0.038,0.071,0.1319,42361.4,0.0594,676.0,22.91,16.33,-9.48,51.24,-82.41,38.81,0.0765,0.2425,0.1149,194541.5816090305,4729365.208294091,1
561,Cousos,Hispania Tarraconensis,0.9650000000000001,Alta Certeza (Grado I),1,0,0,0,0.0,0.1145,0.3992,0.2037,17415.9,0.3132,591.4,16.61,9.66,15.29,30.78,-68.63,79.93,0.3815,0.1043,0.2468,249174.13077154383,4740244.557740298,1
563,Covas / Covarradeiras,Hispania Tarraconensis,1.0,Alta Certeza (Grado I),1,1,0,0,0.0498,0.0036,0.0002,0.0928,199579.8,0.0,247.5,19.24,9.37,8.83,40.35,-74.91,-100.0,0.0531,0.128,0.1057,74275.75321188953,4835001.612061992,1
564,Covas,Hispania Tarraconensis,0.905,Alta Certeza (Grado I),1,0,0,0,0.0,0.0301,0.0179,0.0153,89345.6,0.0026,433.7,16.12,-1.3,13.47,31.19,-79.98,12.74,0.3026,0.1641,0.0636,174877.60965436994,4773647.597664078,1
566,Cruz de la Curiaoz,Hispania Baetica,0.9650000000000001,Alta Certeza (Grado I),0,1,0,0,0.0691,0.0068,0.1929,0.2583,5759.0,0.6812,266.6,17.67,6.99,3.66,36.98,-66.86,78.66,0.462,0.4664,0.4024,353308.7461310765,4253894.070299031,1
567,Cuartín de los Moros,Hispania Tarraconensis,0.845,Alta Certeza (Grado I),1,0,0,0,0.0,0.1079,0.4271,0.2173,16137.8,0.341,630.4,17.92,-1.19,7.21,36.22,-68.76,50.46,0.691,0.0955,0.3146,247305.74414412456,4737066.481510214,1
568,Cubillas,Hispania Tarraconensis,0.905,Alta Certeza (Grado I),1,0,0,0,0.0,0.0732,0.2999,0.2294,18078.2,0.2996,686.4,18.12,5.24,10.61,38.62,-72.31,59.75,0.2792,0.1965,0.2657,230629.9545490822,4726634.061614522,1
569,Cuenca del Oro,Hispania Tarraconensis,0.905,Alta Certeza (Grado I),1,0,0,0,0.0,0.037,0.0263,0.0201,81621.5,0.0043,415.7,20.85,-6.87,6.81,42.28,-75.89,30.78,0.1594,0.0672,0.0521,185307.1663840072,4771953.41940244,1
570,Cuentas,Hispania Tarraconensis,0.905,Alta Certeza (Grado I),1,0,0,0,0.0,0.0363,0.0259,0.0202,81687.9,0.0043,441.9,18.06,-7.64,-9.21,35.86,-78.34,7.26,0.0524,0.0447,0.0569,184477.7858879487,4771384.415752966,1
571,Cuesta de Romo,Hispania Baetica,0.9650000000000001,Alta Certeza (Grado I),0,1,0,0,0.071,0.0057,0.2914,0.2642,5860.5,0.6766,282.2,18.48,4.02,6.43,36.74,-68.64,90.82,0.5002,0.0942,0.4635,341563.2647465782,4248573.067920858,1
572,Cuesta del Caballo,Hispania Tarraconensis,0.905,Alta Certeza (Grado I),1,0,0,0,0.0,0.1769,0.3939,0.3231,1618.9,0.8977,637.5,17.18,0.77,-8.41,39.79,-64.05,86.33,0.877,0.2817,0.5193,273869.3002772932,4738711.545744694,1
573,Cueva de la Lapa,Hispania Baetica,0.9650000000000001,Alta Certeza (Grado I),0,1,0,0,0.1732,0.0002,0.0009,0.1017,58751.1,0.0199,292.9,17.97,6.24,16.82,38.23,-72.34,39.53,0.0418,0.1492,0.1115,155810.1336752844,4226459.889250271,1
574,Cueva de la Mora,Hispania Baetica,0.9650000000000001,Alta Certeza (Grado I),0,1,1,0,0.2745,0.0002,0.0011,0.2649,28930.0,0.1453,311.3,17.13,4.06,-13.82,32.43,-66.41,95.5,0.1618,0.2145,0.171,163499.55873573112,4188553.644040298,1
575,Cueva de la Paloma,Hispania Baetica,0.9650000000000001,Alta Certeza (Grado I),0,1,0,0,0.0,0.4896,0.0009,0.2746,39255.1,0.073,963.0,16.4,5.16,20.54,35.62,-91.29,40.77,0.1067,0.8758,0.0,548930.77573395,4132404.1286119497,1
576,Cueva de Xuan Rata,Hispania Tarraconensis,0.9650000000000001,Alta Certeza (Grado I),1,0,0,0,0.0,0.0492,0.0196,0.0297,93054.3,0.002,280.2,19.8,10.81,15.05,40.25,-81.63,5.04,0.0719,0.0854,0.0264,200536.18180643226,4798290.317972092,1
577,Cueva del Hierro,Hispania Tarraconensis,0.9125,Alta Certeza (Grado I),0,0,0,0,0.0,0.001,0.0003,0.0372,104955.0,0.0009,147.8,20.51,2.45,15.46,41.93,-74.76,-26.04,0.0687,0.0963,0.0,581462.297778341,4493149.434332121,1
578,Cueva del Monje,Hispania Baetica,0.9650000000000001,Alta Certeza (Grado I),0,1,0,0,0.4286,0.0004,0.0025,0.3955,12327.5,0.4396,365.4,19.96,4.23,-15.99,42.57,-62.5,128.18,0.3475,0.2601,0.3691,193657.69835324347,4157342.0982726826,1
579,Dehesa,Hispania Baetica,0.9650000000000001,Alta Certeza (Grado I),0,0,1,1,0.1748,0.0012,0.0455,0.131,34044.3,0.1034,280.3,18.59,17.22,5.35,40.82,-71.96,60.52,0.0625,0.1381,0.1355,254918.8720653508,4238252.855217886,1
580,Dehesa Boyal,Hispania Baetica,0.9650000000000001,Alta Certeza (Grado I),0,1,0,0,0.0724,0.0057,0.3258,0.2849,3884.7,0.7718,284.9,18.01,5.43,22.85,35.7,-64.13,88.37,0.6747,0.1592,0.4349,340544.3717764304,4245978.313611747,1
581,Dehesa de Covatillas,Hispania Baetica,0.9650000000000001,Alta Certeza (Grado I),0,0,1,1,0.1063,0.0057,0.3309,0.2277,37230.0,0.0836,363.0,24.06,5.78,5.81,48.24,-72.67,61.65,0.3855,0.335,0.1905,324770.6387631251,4192853.149852637,1
582,Dehesa de la Mesa,Hispania Baetica,0.9650000000000001,Alta Certeza (Grado I),0,0,1,1,0.1568,0.0018,0.105,0.2144,18228.8,0.2966,253.6,19.03,6.37,-3.42,38.15,-69.48,73.28,0.1793,0.1578,0.2267,274585.12456710625,4230214.841922596,1
583,Dehesa de los Llanos,Hispania Baetica,0.9650000000000001,Alta Certeza (Grado I),0,1,0,0,0.088,0.0073,0.5446,0.213,29146.0,0.1433,348.2,18.71,4.32,1.71,39.87,-53.82,68.59,0.2859,0.1954,0.2264,341394.84283182747,4209949.340056545,1
584,Dehesa de Quirós,Hispania Baetica,0.9650000000000001,Alta Certeza (Grado I),0,1,0,0,0.0731,0.0062,0.3307,0.3102,1467.6,0.9068,278.6,16.2,-0.82,7.28,33.7,-57.52,91.84,0.7893,0.0503,0.5842,343832.3750174566,4243953.820304997,1
585,Dehesa Lavera,Hispania Baetica,0.9650000000000001,Alta Certeza (Grado I),0,1,0,0,0.0623,0.0037,0.181,0.1291,26081.6,0.1757,250.8,17.77,-2.65,-1.33,37.04,-69.67,73.4,0.1982,0.0574,0.0826,323345.1613064271,4262211.625728438,1
586,Dehesa Quebradillas,Hispania Baetica,0.9650000000000001,Alta Certeza (Grado I),0,1,0,0,0.0702,0.0094,0.1861,0.2654,5471.2,0.6944,294.5,18.01,-0.7,23.81,36.88,-73.91,97.19,0.5064,0.1114,0.4349,369191.6072273026,4250078.429300165,1
587,Diana,Hispania Baetica,0.9650000000000001,Alta Certeza (Grado I),0,0,1,1,0.8052,0.0006,0.0074,0.4339,3061.4,0.8154,300.2,18.13,12.42,8.29,37.43,-35.31,198.66,0.4826,0.4051,0.7555,213124.15537992405,4182454.931362534,1
588,Diógenes,Hispania Tarraconensis,0.9650000000000001,Alta Certeza (Grado I),0,0,1,1,0.0407,0.0277,0.335,0.1227,29622.7,0.1388,388.6,19.57,0.83,3.12,43.63,-66.93,46.12,0.2555,0.0689,0.2015,433651.67448841745,4253710.572771767,1
589,Dolores,Hispania Baetica,0.9650000000000001,Alta Certeza (Grado I),0,0,1,1,0.0293,0.0014,0.0625,0.3121,25181.6,0.1866,301.2,19.15,4.51,-6.04,44.25,-75.24,50.91,0.1121,0.0885,0.1632,337971.61266789807,4374219.1692971615,1
590,Dozón,Hispania Tarraconensis,0.845,Alta Certeza (Grado I),1,0,0,0,0.0495,0.0045,0.0009,0.0728,123131.2,0.0003,746.6,19.84,11.56,15.73,41.47,-69.57,-18.08,0.0651,0.0294,0.0785,85571.25985402736,4725468.1751258,1
591,El Aramo,Hispania Tarraconensis,0.9650000000000001,Alta Certeza (Grado I),0,1,0,0,0.0,0.1806,0.0993,0.0732,43765.9,0.0541,316.0,21.89,4.34,16.48,44.2,-73.14,37.89,0.1996,0.1572,0.0528,264620.20414176234,4785702.696798581,1
592,El Aro la Gándara,Hispania Tarraconensis,0.905,Alta Certeza (Grado I),1,0,0,0,0.0,0.0679,0.2491,0.2087,21624.4,0.2365,690.5,22.8,11.91,1.9,42.85,-72.19,75.84,0.2285,0.1197,0.2478,226100.42734690558,4727642.833586956,1
593,El Bachicón de Fresnedo,Hispania Tarraconensis,1.0,Alta Certeza (Grado I),1,0,0,0,0.0,0.0552,0.0243,0.0289,87562.2,0.0029,261.8,21.16,-5.98,-16.25,41.57,-80.61,-2.58,0.0757,0.1238,0.0045,206016.7912711564,4795597.443323115,1
594,El Barrero,Hispania Tarraconensis,0.905,Alta Certeza (Grado I),1,0,0,0,0.0,0.0736,0.4076,0.3923,1333.7,0.9149,763.4,28.55,7.5,19.2,56.13,-55.71,86.2,1.0,0.3116,0.5448,239793.61739732584,4710244.944173165,1
595,El Barrero,Hispania Tarraconensis,0.905,Alta Certeza (Grado I),1,0,0,0,0.0,0.0314,0.067,0.2583,23064.4,0.2149,812.9,16.17,5.48,5.84,32.68,-75.48,66.32,0.2306,0.1256,0.1079,194175.37137575238,4704647.746209274,1
596,El Borracho,Hispania Tarraconensis,0.9650000000000001,Alta Certeza (Grado I),0,1,1,1,0.0415,0.0029,0.0324,0.0715,61076.6,0.017,225.6,16.97,5.28,12.52,34.32,-79.21,12.92,0.2008,0.0764,0.0482,332562.1650110347,4305686.507586144,1
597,El Bronce,Hispania Tarraconensis,0.845,Alta Certeza (Grado I),1,0,0,0,0.0,0.0985,0.0358,0.0448,72475.0,0.008,241.3,16.13,-8.39,31.55,37.18,-79.82,10.59,0.0693,0.3354,0.069,235770.42205041635,4799632.958168041,1
598,El Buho,Hispania Baetica,0.9650000000000001,Alta Certeza (Grado I),0,0,1,1,0.0281,0.0013,0.0299,0.0625,53002.8,0.0292,193.1,20.27,15.71,9.81,41.54,-80.93,18.84,0.1653,0.1686,0.0349,279508.6120424991,4291747.767154341,1
599,El Burcio,Hispania Tarraconensis,0.9650000000000001,Alta Certeza (Grado I),0,0,1,1,0.0546,0.017,0.3262,0.2278,8352.2,0.573,342.7,25.23,0.73,6.45,50.65,-76.56,76.98,0.4338,0.0615,0.3725,413645.57866324263,4267766.518405153,1
601,El Cabrucal de Trelles,Hispania Tarraconensis,1.0,Alta Certeza (Grado I),1,0,0,0,0.0,0.0433,0.0087,0.0666,112482.2,0.0006,134.3,17.21,7.84,-5.16,34.64,-78.49,-26.08,0.0167,0.0443,0.0751,198588.2228423563,4821380.608983182,1
602,El Calvo,Hispania Baetica,0.9650000000000001,Alta Certeza (Grado I),0,0,1,1,0.1668,0.0011,0.0418,0.117,37048.8,0.0846,222.7,26.57,8.03,9.54,55.18,-61.61,57.72,0.0668,0.1969,0.0498,253434.4779737822,4240865.533273442,1
603,El Campillo,Hispania Baetica,0.9650000000000001,Alta Certeza (Grado I),0,1,0,0,0.196,0.0002,0.001,0.1185,58801.5,0.0198,286.0,16.35,12.93,10.1,34.0,-74.73,56.19,0.0563,0.1802,0.0553,158471.92048465536,4219331.737938557,1
604,El Canalón,Hispania Tarraconensis,0.905,Alta Certeza (Grado I),1,0,0,0,0.0,0.0469,0.1649,0.3871,7206.5,0.6185,849.3,27.0,25.6,14.14,52.55,-74.83,57.81,0.582,0.1887,0.4034,225616.286203811,4690885.865580618,1
605,El Carbedón - Las Lastras,Hispania Tarraconensis,0.905,Alta Certeza (Grado I),1,0,0,0,0.0,0.0329,0.051,0.1144,48631.6,0.0391,697.1,17.83,-4.97,29.6,33.93,-81.3,42.8,0.0733,0.1573,0.1232,186435.29146243242,4731007.354451293,1
606,El Cardal - Los Regueiricos,Hispania Tarraconensis,0.905,Alta Certeza (Grado I),1,0,0,0,0.0,0.0425,0.1368,0.4252,2488.0,0.8472,864.1,16.52,-0.23,14.25,34.62,-73.81,70.87,0.6487,0.1279,0.4887,218984.5803934859,4691875.478979856,1
607,El Carpio,Hispania Baetica,0.9650000000000001,Alta Certeza (Grado I),0,1,0,0,0.2131,0.0002,0.0007,0.2258,38234.9,0.0782,311.5,18.76,7.14,7.76,37.66,-67.89,63.45,0.1486,0.5363,0.137,150001.64581066335,4192436.733774912,1
608,El Carril,Hispania Tarraconensis,0.905,Alta Certeza (Grado I),1,0,0,0,0.0,0.0453,0.1474,0.3461,15372.6,0.3589,892.4,17.28,-3.66,0.16,39.48,-81.02,50.27,0.3138,0.108,0.2091,229192.53903976543,4683370.962818159,1
609,El Carrozo de la Fucarona,Hispania Tarraconensis,1.0,Alta Certeza (Grado I),1,0,0,0,0.0,0.064,0.3049,0.3859,2553.3,0.8435,770.3,17.44,11.49,11.92,40.08,-74.78,71.65,0.6512,0.0568,0.5406,232729.65340108104,4708245.9571203375,1
610,El Castillo,Hispania Tarraconensis,0.9650000000000001,Alta Certeza (Grado I),0,0,1,1,0.0281,0.0412,0.2217,0.1049,42919.9,0.0572,474.9,17.57,12.02,-2.1,34.15,-74.98,22.22,0.1915,0.2191,0.1128,447647.901316483,4238999.366573889,1
612,El Centenillo,Hispania Tarraconensis,0.9650000000000001,Alta Certeza (Grado I),0,0,1,1,0.0395,0.032,0.3557,0.1053,39509.4,0.0718,414.5,22.6,11.25,13.46,43.43,-61.58,40.93,0.2065,0.0711,0.1207,435578.08117724134,4243691.371968687,1
613,El Charcón,Hispania Baetica,0.9650000000000001,Alta Certeza (Grado I),0,0,1,1,0.0,0.4515,0.0001,0.479,2181.3,0.8647,1092.2,19.2,7.65,15.45,39.0,-74.82,88.81,0.5091,0.4663,0.4169,619642.6414552187,4147015.6166673056,1
614,El Chaves,Hispania Tarraconensis,0.9650000000000001,Alta Certeza (Grado I),0,0,1,1,0.0336,0.0452,0.2224,0.1942,26799.9,0.1675,511.4,17.59,16.23,6.2,35.03,-72.56,56.36,0.6467,0.3634,0.1206,442614.53771068144,4221330.013966577,1
615,El Chorrillo,Hispania Tarraconensis,0.9650000000000001,Alta Certeza (Grado I),0,0,1,1,0.0522,0.0216,0.5141,0.1502,22951.6,0.2165,384.5,19.87,-3.28,2.37,41.2,-56.53,53.1,0.3079,0.1606,0.2841,418946.9814685633,4254019.572660483,1
616,El Cobacho - La Rozada,Hispania Tarraconensis,0.9650000000000001,Alta Certeza (Grado I),1,0,0,0,0.0,0.0347,0.076,0.2162,28279.1,0.1518,740.6,21.13,6.86,-15.66,42.39,-78.41,53.98,0.0948,0.1149,0.1068,195992.47148369707,4712640.959655309,1
617,El Corón - El Barrial - Fascias,Hispania Tarraconensis,0.9650000000000001,Alta Certeza (Grado I),1,0,0,0,0.0,0.0658,0.2351,0.2058,22371.5,0.225,676.9,17.37,-0.7,22.41,36.83,-74.25,59.01,0.3978,0.1078,0.2648,224552.62455076375,4727335.277034238,1
618,El Corón de Losada,Hispania Tarraconensis,0.9650000000000001,Alta Certeza (Grado I),1,0,0,0,0.0,0.0598,0.1825,0.1778,27703.7,0.1577,663.4,18.23,12.59,13.96,39.85,-74.3,71.86,0.1686,0.0872,0.1037,218534.39730036224,4729457.83905282,1
619,El Corón de Pombía,Hispania Tarraconensis,0.905,Alta Certeza (Grado I),1,0,0,0,0.0,0.0698,0.2771,0.2281,18684.2,0.2878,680.4,16.62,-9.68,13.44,32.78,-70.55,69.22,0.3424,0.0924,0.218,228442.77344281704,4725778.824519759,1
620,El Corón de San Justo,Hispania Tarraconensis,0.9650000000000001,Alta Certeza (Grado I),1,0,0,0,0.0,0.0683,0.2208,0.175,26593.3,0.1698,679.0,16.9,4.84,-10.29,37.4,-75.6,56.46,0.1937,0.149,0.2141,224438.5518912794,4732692.944816514,1
623,El Covanallo,Hispania Tarraconensis,0.905,Alta Certeza (Grado I),1,0,0,0,0.0,0.0452,0.1439,0.3376,17361.5,0.3143,902.3,20.67,8.88,26.89,40.75,-75.6,71.69,0.2484,0.1707,0.2906,230313.67950092413,4681687.83181131,1
624,El Cubanallo Fondo,Hispania Tarraconensis,0.905,Alta Certeza (Grado I),1,0,0,0,0.0,0.0415,0.1249,0.3561,14271.5,0.3862,877.6,16.9,-2.51,2.87,39.71,-73.1,64.38,0.263,0.1425,0.2543,224987.7076311448,4681543.534711751,1
625,El Cuerno de Bobia - Las Canalejas,Hispania Tarraconensis,0.905,Alta Certeza (Grado I),1,0,0,0,0.0,0.1584,0.4151,0.2685,7448.4,0.6086,621.3,19.08,0.71,6.07,42.58,-67.03,71.8,0.5306,0.133,0.4162,266538.8480608392,4740984.260772098,1
626,El Desierto,Hispania Baetica,0.9650000000000001,Alta Certeza (Grado I),0,1,0,0,0.0923,0.0074,0.3843,0.2104,38977.4,0.0744,389.9,21.04,6.43,-2.31,42.64,-62.76,71.46,0.2299,0.1195,0.1658,339713.2962996657,4198154.727755966,1
627,El Escalerón,Hispania Tarraconensis,0.905,Alta Certeza (Grado I),1,0,0,0,0.0,0.0427,0.132,0.3548,14259.3,0.3865,909.0,16.55,12.61,-13.17,32.86,-74.06,49.38,0.3631,0.1867,0.1407,226157.24515589786,4682342.3450522395,1
629,El Francés,Hispania Baetica,0.9650000000000001,Alta Certeza (Grado I),0,1,1,1,0.1117,0.0051,0.3366,0.2349,33503.1,0.1071,313.4,19.45,-2.43,23.61,37.7,-60.54,72.93,0.2431,0.124,0.1528,319980.60876791505,4194686.232390807,1
630,El Fresnillo,Hispania Baetica,0.9650000000000001,Alta Certeza (Grado I),0,1,0,0,0.0631,0.0205,0.6709,0.1367,36175.0,0.0897,391.1,17.28,-1.68,24.08,37.86,-56.34,52.18,0.5853,0.1228,0.2764,403879.9042396473,4232118.720670518,1
631,El Fucarón de Villalaín I,Hispania Tarraconensis,0.845,Alta Certeza (Grado I),1,0,0,0,0.0,0.0406,0.0234,0.0181,87010.6,0.003,389.2,29.28,17.79,12.65,57.64,-81.19,-9.93,0.0141,0.1759,0.0,189817.78738833516,4782302.413460017,1
632,El Fucarón de Villalaín II,Hispania Tarraconensis,0.845,Alta Certeza (Grado I),1,0,0,0,0.0,0.0398,0.0231,0.0177,87101.0,0.003,364.5,18.74,3.44,1.22,40.59,-78.55,-12.63,0.0796,0.1361,0.0396,188750.99561013107,4781557.879736524,1
633,El Fucarón de Villalaín III,Hispania Tarraconensis,0.845,Alta Certeza (Grado I),1,0,0,0,0.0,0.0405,0.0238,0.018,86509.0,0.0031,381.0,22.66,0.58,6.8,50.19,-85.66,-4.97,0.0977,0.081,0.0,189743.71090796083,4781599.939141594,1
634,El Galayo,Hispania Baetica,0.9650000000000001,Alta Certeza (Grado I),0,0,1,1,0.2026,0.0027,0.1061,0.2775,27557.1,0.1593,328.0,19.29,11.62,5.45,38.19,-65.5,82.39,0.3556,0.3289,0.1562,286099.02403517824,4185103.1585564483,1
635,El Gallo,Hispania Tarraconensis,0.9650000000000001,Alta Certeza (Grado I),0,0,1,1,0.0655,0.0101,0.2101,0.2488,5702.3,0.6838,279.6,16.27,0.98,-6.26,31.83,-79.66,79.97,0.4621,0.0575,0.4482,382526.6576269166,4267694.100296667,1
636,El Ganso,Hispania Tarraconensis,1.0,Alta Certeza (Grado I),1,0,0,0,0.0,0.0656,0.3242,0.3916,2330.5,0.8561,786.5,20.11,14.25,6.55,41.58,-76.98,70.64,0.709,0.5866,0.6506,235144.25903045677,4706759.412314231,1
637,El Hambre,Hispania Baetica,0.9650000000000001,Alta Certeza (Grado I),0,0,1,1,0.1494,0.002,0.1341,0.2469,13620.9,0.4033,197.1,28.19,3.15,15.93,58.04,-74.32,69.74,0.4386,0.0888,0.2858,280374.06547194225,4227774.18046833,1
638,El Hondillo,Hispania Baetica,0.9650000000000001,Alta Certeza (Grado I),0,1,0,0,0.0021,0.071,0.0779,0.1849,25855.1,0.1784,534.2,19.78,4.66,22.11,38.72,-73.35,47.22,0.1284,0.0522,0.1204,472465.98856688064,4227007.947405361,1
639,El Humiliadero,Hispania Baetica,0.9650000000000001,Alta Certeza (Grado I),0,1,0,0,0.0611,0.0221,0.6958,0.1318,38496.3,0.0768,403.2,22.94,14.44,11.64,46.36,-55.4,45.55,0.5116,0.2668,0.314,407475.3938279574,4231292.218956986,1
640,El Infierno,Hispania Baetica,0.9650000000000001,Alta Certeza (Grado I),0,0,1,1,0.1471,0.0017,0.0923,0.1767,23695.2,0.206,213.4,24.72,5.61,-6.56,52.24,-73.45,79.88,0.1221,0.1028,0.161,272416.4086817665,4235234.115315722,1
641,El Ingertal,Hispania Baetica,0.9650000000000001,Alta Certeza (Grado I),0,0,1,1,0.1051,0.0059,0.3004,0.2251,40392.8,0.0677,377.8,17.13,11.19,12.81,32.57,-62.72,75.0,0.2727,0.1875,0.2296,326453.1983130141,4190140.4802423143,1
642,El Judío,Hispania Baetica,0.9650000000000001,Alta Certeza (Grado I),0,0,1,0,0.0081,0.0003,0.0029,0.3233,2037.9,0.873,188.4,17.05,4.59,5.45,36.16,-75.47,73.02,0.7779,0.1709,0.3616,215656.2543529194,4311116.9667199515,1
643,El Juncal,Hispania Baetica,0.9650000000000001,Alta Certeza (Grado I),0,1,0,0,0.1882,0.0002,0.0011,0.1063,59467.9,0.019,269.9,19.87,21.82,26.38,39.69,-66.64,38.52,0.1117,0.2901,0.0647,159902.39300366922,4224031.142620355,1
644,El Saldonal,Hispania Tarraconensis,1.0,Alta Certeza (Grado I),1,0,0,0,0.0,0.0708,0.3777,0.3636,6233.1,0.66,800.8,18.21,18.01,26.26,38.03,-69.42,66.62,0.5658,0.5275,0.4277,241340.20553117595,4704371.340684003,1
645,El Lagunazo,Hispania Baetica,0.9650000000000001,Alta Certeza (Grado I),0,1,0,0,0.1654,0.0001,0.0003,0.295,28747.7,0.1471,426.6,23.42,-3.6,29.29,48.58,-69.14,77.6,0.0594,0.1176,0.1474,132364.2930486842,4172702.641574214,1
646,El Lirio,Hispania Baetica,0.9650000000000001,Alta Certeza (Grado I),0,0,1,1,0.1517,0.0017,0.0895,0.1795,23423.1,0.2098,211.0,25.31,11.77,5.92,51.0,-64.61,85.21,0.3737,0.2009,0.0938,271410.1888395928,4234440.001294607,1
647,El Mico,Hispania Baetica,0.9650000000000001,Alta Certeza (Grado I),0,1,0,0,0.0907,0.0071,0.5023,0.2136,32164.0,0.1172,360.9,17.84,-1.18,32.8,35.09,-61.36,68.73,0.3056,0.0626,0.3132,339062.24138546805,4205362.858063836,1
648,El Miédalo I,Hispania Tarraconensis,0.905,Alta Certeza (Grado I),1,0,0,0,0.0,0.0338,0.0809,0.2954,17220.8,0.3173,810.5,17.18,6.69,12.8,34.92,-77.45,71.06,0.1782,0.0759,0.2036,199860.5060740909,4701686.7666730415,1
649,El Miédalo II,Hispania Tarraconensis,0.905,Alta Certeza (Grado I),1,0,0,0,0.0,0.0338,0.0809,0.2996,16701.6,0.3284,798.1,22.16,7.2,30.6,47.75,-78.6,72.99,0.2986,0.212,0.2446,200036.27650219394,4701152.830403208,1
650,El Mochuelo,Hispania Tarraconensis,0.9650000000000001,Alta Certeza (Grado I),0,0,1,1,0.0645,0.0069,0.1039,0.1711,16862.3,0.3249,273.7,17.38,-3.23,2.66,36.95,-79.47,70.02,0.2545,0.0829,0.3001,362738.3432946152,4271139.431642107,1
651,El Morte,Hispania Baetica,0.9650000000000001,Alta Certeza (Grado I),0,0,1,1,0.0,0.0885,0.0198,0.1037,38032.4,0.0792,546.9,23.01,15.37,7.92,48.11,-75.74,62.5,0.0464,0.1514,0.0085,507733.8874314475,4247345.422062157,1
652,El Nido,Hispania Tarraconensis,0.9650000000000001,Alta Certeza (Grado I),0,0,1,1,0.0641,0.0095,0.1742,0.2065,11224.4,0.4732,274.7,18.3,7.12,12.44,38.44,-62.7,74.85,0.3293,0.1088,0.1898,383578.9057123098,4274791.368093904,1
653,El Pedregal / Las Medorras,Hispania Tarraconensis,1.0,Alta Certeza (Grado I),1,0,0,0,0.0,0.0272,0.0416,0.1565,42602.8,0.0584,729.6,20.5,3.87,12.07,43.52,-82.25,38.49,0.0405,0.1229,0.099,180514.1107217343,4718805.05392703,1
654,El Pedregalón,Hispania Tarraconensis,0.905,Alta Certeza (Grado I),1,0,0,0,0.0,0.0589,0.2606,0.3951,2372.2,0.8537,789.1,16.5,1.44,23.31,33.91,-68.33,90.59,0.682,0.4021,0.4907,229817.45930339769,4705190.056026966,1
655,El Pedroso,Hispania Baetica,0.9650000000000001,Alta Certeza (Grado I),0,0,0,0,0.3811,0.0014,0.0428,0.3771,6998.5,0.6272,286.4,20.01,7.12,7.22,39.48,-59.22,135.82,0.4493,0.1973,0.4222,255831.24622311344,4193502.6747770132,1
656,El Peligro I,Hispania Tarraconensis,0.845,Alta Certeza (Grado I),1,0,0,0,0.0,0.0686,0.0253,0.0387,85112.2,0.0034,257.4,18.5,8.81,23.23,39.83,-78.71,-27.52,0.0811,0.1334,0.0381,217827.73326129577,4801690.366229785,1
657,El Peligro II,Hispania Tarraconensis,0.845,Alta Certeza (Grado I),1,0,0,0,0.0,0.0693,0.0258,0.0384,84558.1,0.0036,273.4,19.63,4.89,18.6,42.59,-73.19,-4.5,0.1807,0.2473,0.1327,218222.67417145125,4801295.176839373,1
658,El Piconcillo,Hispania Baetica,0.9650000000000001,Alta Certeza (Grado I),0,1,1,1,0.1437,0.0023,0.1679,0.2862,8861.3,0.5539,234.4,16.83,-17.61,5.86,33.47,-68.43,101.31,0.5512,0.1391,0.3793,285659.6659630793,4224936.531222825,1
659,El Pisón,Hispania Tarraconensis,0.905,Alta Certeza (Grado I),1,0,0,0,0.0,0.0587,0.2565,0.3821,3495.8,0.7921,821.6,21.44,6.57,18.57,42.44,-72.36,63.07,0.6466,0.0492,0.5205,228855.42293024878,4706312.150406785,1
660,El Pleito,Hispania Tarraconensis,0.9650000000000001,Alta Certeza (Grado I),0,0,1,1,0.0608,0.0074,0.0833,0.1253,30472.3,0.1311,227.5,24.04,-4.32,6.34,47.95,-81.06,66.15,0.082,0.1178,0.0655,383133.64746424113,4296010.382876997,1
661,El Plonción / Los Vallados - Las Simonas,Hispania Tarraconensis,1.0,Alta Certeza (Grado I),1,0,0,0,0.0,0.132,0.5889,0.3027,5173.3,0.7083,647.9,17.07,3.45,36.74,38.97,-64.99,78.73,0.7443,0.1328,0.4465,260210.9052001509,4733235.54598016,1
662,El Prindero,Hispania Tarraconensis,0.9650000000000001,Alta Certeza (Grado I),1,0,0,0,0.0,0.1384,0.4548,0.2485,10468.7,0.4976,622.9,16.5,-6.29,-23.72,35.83,-73.98,81.37,0.4868,0.1137,0.4309,259700.85613499762,4739696.373247872,1
663,El Regueral o Las Torcas,Hispania Tarraconensis,0.905,Alta Certeza (Grado I),1,0,0,0,0.0,0.0625,0.2487,0.2585,15928.1,0.3458,727.3,16.19,-6.47,16.17,31.5,-70.82,57.15,0.342,0.2328,0.2748,225216.91630969237,4719576.865333739,1
664,El Revolveredo,Hispania Tarraconensis,0.905,Alta Certeza (Grado I),1,0,0,0,0.0,0.0494,0.1498,0.2224,23119.8,0.2141,717.0,20.21,15.94,-11.07,41.18,-72.18,66.84,0.252,0.1083,0.1287,212542.2038196234,4719000.532168465,1
665,El Rincón,Hispania Baetica,0.9650000000000001,Alta Certeza (Grado I),0,0,1,1,0.1448,0.0036,0.2233,0.2644,25412.2,0.1838,311.0,19.83,3.39,7.21,40.21,-65.5,77.91,0.2046,0.3456,0.3021,301973.6659930278,4195106.072511024,1
666,El Rosico de Trevías,Hispania Tarraconensis,0.845,Alta Certeza (Grado I),1,0,0,0,0.0,0.0692,0.0129,0.0732,98046.7,0.0014,124.1,19.26,2.61,8.6,37.32,-78.47,-0.39,0.2543,0.2124,0.0,223367.60327041283,4822377.377989692,1
667,El Saldonal / Vallecillo,Hispania Tarraconensis,0.94,Alta Certeza (Grado I),1,0,0,0,0.0,0.0694,0.3633,0.3698,5508.0,0.6927,790.5,17.15,9.01,26.67,35.67,-70.4,102.35,0.5389,0.1666,0.3938,240170.76317054644,4704266.572434824,1
668,El Secuello,Hispania Tarraconensis,0.905,Alta Certeza (Grado I),1,0,0,0,0.0,0.0568,0.2378,0.3672,5023.0,0.7154,799.0,18.08,2.46,0.73,36.96,-69.9,90.36,0.6012,0.0402,0.4019,226532.1776030762,4706989.516285081,1
669,El Soldado,Hispania Baetica,0.9650000000000001,Alta Certeza (Grado I),0,0,1,1,0.0722,0.0042,0.3092,0.2095,13316.8,0.4116,260.9,19.71,22.74,25.55,39.75,-65.88,82.31,0.3219,0.0948,0.3096,324853.4596483895,4248889.986121447,1
670,El Soutón,Hispania Tarraconensis,0.905,Alta Certeza (Grado I),1,0,0,0,0.0,0.0482,0.0151,0.04,99434.0,0.0013,215.2,18.84,3.47,-4.72,38.1,-87.49,3.78,0.2647,0.0557,0.0784,200690.9564751463,4806501.256158851,1
671,El Sumidero y Las Lagunas,Hispania Tarraconensis,0.765,Media Certeza (Grado II),1,0,0,0,0.0,0.1189,0.4284,0.2171,15380.1,0.3587,628.3,33.72,13.04,33.02,68.63,-63.39,70.65,0.3498,0.3249,0.3103,251567.34600075067,4739440.585464655,1
672,El Taragudo o Valdolla,Hispania Tarraconensis,0.9650000000000001,Alta Certeza (Grado I),1,0,0,0,0.0,0.0665,0.2643,0.2392,17725.7,0.3068,708.0,16.68,12.77,2.65,34.3,-73.63,53.19,0.2527,0.0657,0.223,226896.39378934703,4723316.156203281,1
673,El Turialego,Hispania Tarraconensis,0.905,Alta Certeza (Grado I),1,0,0,0,0.0,0.0646,0.2254,0.2027,23005.2,0.2157,693.8,20.85,19.07,11.31,42.63,-78.32,56.6,0.2189,0.0789,0.112,223491.0539423474,4727382.1473492775,1
674,El Valgón,Hispania Tarraconensis,0.845,Alta Certeza (Grado I),1,0,0,0,0.0,0.0445,0.0808,0.1027,46395.2,0.0454,630.3,18.17,-0.49,5.05,37.59,-79.33,41.22,0.0917,0.1039,0.1013,199963.8868542671,4738728.418729678,1
675,El Vallejo del Castro (La Chana) - Valdedillo - Peña Ceterera,Hispania Tarraconensis,0.905,Alta Certeza (Grado I),1,0,0,0,0.0,0.049,0.1818,0.406,3794.8,0.7765,828.0,18.33,2.16,24.55,36.99,-82.15,84.46,0.5342,0.0649,0.3859,225315.41090293252,4695225.16795991,1
676,Entredicho,Hispania Tarraconensis,0.9650000000000001,Alta Certeza (Grado I),0,0,0,0,0.0578,0.0051,0.0561,0.0994,35345.5,0.0948,234.6,21.15,16.54,23.63,43.24,-79.85,42.08,0.142,0.056,0.0236,354551.53696204757,4287711.595725961,1
677,Entrepeñas,Hispania Tarraconensis,0.905,Alta Certeza (Grado I),1,0,0,0,0.0,0.0681,0.3478,0.4009,783.0,0.9491,788.2,20.81,12.72,15.73,42.59,-68.99,68.28,0.7597,0.1391,0.5589,236032.89177557867,4708918.736755256,1
678,Ermita de Andamies,Hispania Tarraconensis,1.0,Alta Certeza (Grado I),1,0,0,0,0.0,0.0619,0.0156,0.0553,96428.0,0.0016,188.3,35.05,19.12,3.7,68.26,-78.63,-19.84,0.0099,0.0527,0.0136,215109.31179158355,4813905.16179157,1
680,Ermita de la Estrella,Hispania Tarraconensis,0.9650000000000001,Alta Certeza (Grado I),1,0,0,0,0.0,0.0337,0.0711,0.2099,29670.5,0.1383,756.2,16.65,-5.96,-0.26,33.25,-76.64,55.67,0.1176,0.0296,0.0545,194270.90310203563,4713062.104572556,1
681,Escarranchal,Hispania Baetica,0.9650000000000001,Alta Certeza (Grado I),0,0,1,1,0.1775,0.0012,0.0495,0.1417,31780.0,0.1202,226.4,16.54,17.35,-4.07,34.35,-67.85,81.48,0.2286,0.1362,0.1813,256710.14029064134,4236639.31342271,1
682,Esgueba,Hispania Tarraconensis,0.905,Alta Certeza (Grado I),1,0,0,0,0.0499,0.0039,0.0008,0.1009,123785.1,0.0003,773.6,21.25,0.28,-16.35,44.77,-79.75,-34.88,0.1174,0.1553,0.0062,80967.57549852674,4713970.884906508,1
683,Esperanza,Hispania Baetica,0.9650000000000001,Alta Certeza (Grado I),0,0,1,1,0.1631,0.0015,0.077,0.1757,24585.7,0.1942,222.7,19.55,7.4,24.91,39.83,-68.12,71.54,0.2372,0.1636,0.2381,267401.9008595657,4233765.850377886,1
684,Espiñeira,Hispania Tarraconensis,0.9650000000000001,Alta Certeza (Grado I),1,0,0,0,0.0022,0.0178,0.0023,0.081,145685.8,0.0001,148.6,17.38,4.03,4.76,36.61,-81.55,-47.98,0.1207,0.0686,0.0269,154868.43721417565,4829461.09390792,1
686,Espinosa de la Ribera,Hispania Tarraconensis,0.845,Alta Certeza (Grado I),1,0,0,0,0.0,0.1539,0.5487,0.3226,3480.5,0.7929,661.1,16.43,-2.1,4.15,34.9,-70.04,65.8,0.7057,0.1911,0.6506,270364.57520643575,4730851.963558401,1
687,Espinoso de Compludo,Hispania Tarraconensis,1.0,Alta Certeza (Grado I),1,0,0,0,0.0,0.0463,0.1458,0.2739,16877.9,0.3246,762.5,16.46,-6.36,26.18,35.45,-78.72,76.15,0.2158,0.0779,0.1839,212669.25956451695,4711179.846336518,1
688,Estercolados,Hispania Baetica,0.9650000000000001,Alta Certeza (Grado I),0,1,0,0,0.0698,0.0095,0.1916,0.2727,4351.6,0.7482,321.3,25.08,-6.43,6.83,51.26,-66.51,93.5,0.526,0.3166,0.5017,370404.4380151264,4251770.853637054,1
689,Estrella,Hispania Tarraconensis,0.9650000000000001,Alta Certeza (Grado I),0,1,0,0,0.0,0.001,0.0001,0.0096,108862.2,0.0007,256.0,16.95,6.04,-1.61,35.16,-73.64,-16.06,0.1784,0.0064,0.0,588280.3006802533,4531240.791007953,1
690,Estrella (Beiras),Hispania Tarraconensis,0.9650000000000001,Alta Certeza (Grado I),0,0,1,1,0.0,0.0029,0.1706,0.0316,107024.0,0.0008,794.4,17.66,-6.9,6.13,34.96,-72.28,-31.47,0.4619,0.1139,0.1962,278844.991835076,4496132.111103194,1
692,Faidiel I,Hispania Tarraconensis,0.8799999999999999,Alta Certeza (Grado I),1,0,0,0,0.0,0.0539,0.0292,0.0243,83042.7,0.0039,347.7,17.13,-3.93,-5.03,33.39,-72.95,-4.47,0.0804,0.2597,0.0504,204246.36189146974,4788506.177396774,1
693,Faidiel II,Hispania Tarraconensis,1.0,Alta Certeza (Grado I),1,0,0,0,0.0,0.0537,0.0297,0.024,82628.2,0.0041,332.6,17.85,3.61,13.06,39.17,-78.77,-2.08,0.0135,0.2005,0.0,204035.23140111804,4787815.617594282,1
694,Fana de Cornollo,Hispania Tarraconensis,0.845,Alta Certeza (Grado I),1,0,0,0,0.0,0.0409,0.0214,0.0188,89780.7,0.0025,357.5,16.38,-16.19,3.71,36.03,-72.39,-14.54,0.024,0.049,0.0,190312.06825439289,4786184.332085095,1
695,Fana de la Freita (Alto del Palo),Hispania Tarraconensis,1.0,Alta Certeza (Grado I),1,0,0,0,0.0,0.05,0.0195,0.0308,93138.6,0.002,262.4,19.03,11.94,3.43,40.54,-71.2,-10.89,0.0469,0.0701,0.0,201486.5521223828,4799149.827932358,1
696,Fastias: Los Fornones,Hispania Tarraconensis,1.0,Alta Certeza (Grado I),1,0,0,0,0.0,0.0702,0.0181,0.0546,91610.3,0.0022,190.2,16.38,-14.37,1.06,36.1,-86.39,4.18,0.0939,0.1754,0.0985,221194.89995039522,4812541.541527113,1
697,Ferminera,Hispania Baetica,0.9650000000000001,Alta Certeza (Grado I),0,0,1,1,0.1611,0.0014,0.0658,0.1536,28558.6,0.149,225.1,22.54,6.14,10.0,45.25,-67.47,62.64,0.0897,0.0904,0.2036,264017.25444839627,4236591.118156369,1
698,Ferreras,Hispania Tarraconensis,0.9650000000000001,Alta Certeza (Grado I),1,0,0,0,0.0,0.1187,0.807,0.3631,546.0,0.9643,695.3,17.16,5.27,9.58,34.64,-55.44,72.88,1.0,0.2502,0.7021,258641.58649002953,4725184.939058338,1
699,Figueirido,Hispania Tarraconensis,0.845,Alta Certeza (Grado I),1,0,0,0,0.0051,0.0144,0.0127,0.169,53954.7,0.0274,802.7,19.2,10.07,3.36,37.61,-81.01,19.15,0.0572,0.1396,0.0,151981.75430988293,4704604.012922727,1
700,Figueras,Hispania Tarraconensis,0.765,Media Certeza (Grado II),1,0,0,0,0.0,0.0589,0.0265,0.0298,85312.1,0.0034,274.6,24.58,7.04,7.99,47.07,-77.24,-6.26,0.2548,0.172,0.0694,209256.04449101677,4795269.787788422,1
701,Filón del Cobre,Hispania Tarraconensis,0.9650000000000001,Alta Certeza (Grado I),0,1,1,1,0.0393,0.0411,0.2644,0.1965,26916.1,0.1662,525.9,20.31,22.24,9.17,43.98,-69.55,57.63,0.3211,0.059,0.2201,436704.19508536113,4220173.414644395,1
702,Filón Zumajo: Cortijo de los Chinches,Hispania Baetica,0.9650000000000001,Alta Certeza (Grado I),0,1,1,1,0.0713,0.0094,0.1792,0.2529,7719.7,0.5977,295.4,19.14,7.47,7.38,38.47,-73.29,90.7,0.5278,0.1687,0.4165,367462.82050716726,4246188.2735899305,1
703,Filón Zumajo: San Cayetano,Hispania Baetica,0.9650000000000001,Alta Certeza (Grado I),0,1,1,1,0.0716,0.0119,0.2671,0.1953,18525.2,0.2908,320.2,17.67,13.73,9.21,38.91,-67.8,72.56,0.3283,0.158,0.25,377015.49164757226,4238815.654628109,1
705,Folgoso,Hispania Tarraconensis,0.905,Alta Certeza (Grado I),1,0,0,0,0.0,0.0363,0.0244,0.0185,83618.6,0.0038,440.1,17.72,-0.47,0.74,36.52,-74.45,-0.59,0.1089,0.2032,0.0,184356.35682325606,4773752.564946593,1
706,Fombuena,Hispania Tarraconensis,0.9650000000000001,Alta Certeza (Grado I),0,1,0,0,0.0254,0.0005,0.0,0.0327,178744.6,0.0,256.8,20.53,7.12,22.32,40.59,-77.75,-90.95,0.1016,0.0173,0.0944,654921.3308333906,4556771.889291049,1
707,Fongasoiro,Hispania Tarraconensis,0.845,Alta Certeza (Grado I),1,0,0,0,0.0,0.035,0.0511,0.092,53092.4,0.029,637.8,36.66,23.38,19.49,68.79,-75.96,29.36,0.1267,0.0268,0.1188,187783.68995284796,4737704.618076222,1
708,Fontanar,Hispania Baetica,0.9650000000000001,Alta Certeza (Grado I),0,1,0,0,0.0728,0.0051,0.3481,0.2624,6548.6,0.6462,278.7,20.43,4.23,4.17,40.61,-66.3,91.41,0.5676,0.0867,0.4887,334340.39351901185,4246021.715565758,1
709,Forcadas,Hispania Tarraconensis,0.905,Alta Certeza (Grado I),1,0,0,0,0.0216,0.0117,0.0066,0.0913,79089.7,0.0051,704.8,19.36,7.35,13.81,42.69,-76.7,2.93,0.4334,0.0351,0.0617,134734.05636148725,4724671.437438812,1
710,Forcadín,Hispania Tarraconensis,0.845,Alta Certeza (Grado I),1,0,0,0,0.0,0.0509,0.032,0.0223,80461.9,0.0047,349.2,21.34,14.25,9.78,41.25,-83.88,16.0,0.1453,0.1174,0.0237,201165.68852785765,4782831.248190172,1
711,Fornaza,Hispania Tarraconensis,0.9650000000000001,Alta Certeza (Grado I),0,0,1,1,0.0,0.0323,0.0214,0.0182,84997.0,0.0035,442.7,18.6,-0.36,-11.51,42.71,-81.36,20.42,0.1591,0.2719,0.0,178547.02845212363,4770972.503345015,1
712,Fornaza,Hispania Tarraconensis,0.845,Alta Certeza (Grado I),1,0,0,0,0.0,0.032,0.0184,0.015,90051.2,0.0025,397.6,16.35,-12.39,12.26,32.74,-79.86,-2.99,0.2136,0.072,0.0,177861.29125227878,4776863.293162811,1
713,Fornelos,Hispania Tarraconensis,0.765,Media Certeza (Grado II),1,0,0,0,0.0025,0.0115,0.0097,0.2492,46120.6,0.0462,927.2,19.4,7.87,-2.53,41.42,-84.66,36.54,0.041,0.1957,0.0843,154585.41085780336,4671961.116401579,1
715,Fuente de las Mulleres,Hispania Tarraconensis,0.905,Alta Certeza (Grado I),1,0,0,0,0.0,0.051,0.0207,0.0297,91622.2,0.0022,272.3,28.74,16.53,25.58,56.45,-82.7,-5.38,0.0173,0.0357,0.071,202247.09129167005,4797819.495085951,1
716,Fuente del Charco,Hispania Baetica,0.9650000000000001,Alta Certeza (Grado I),0,0,1,1,0.0548,0.002,0.085,0.0653,45788.8,0.0472,201.3,16.87,-5.75,5.53,34.72,-72.91,31.43,0.1132,0.0473,0.1238,294576.44605710835,4270419.503967826,1
717,Fuente del Estanco,Hispania Tarraconensis,0.905,Alta Certeza (Grado I),1,0,0,0,0.0,0.0587,0.2562,0.3762,4031.8,0.7643,782.3,20.78,11.6,19.75,39.86,-71.79,77.77,0.6034,0.0442,0.4763,228612.66055125842,4706813.758773145,1
718,Fuente la Zarza,Hispania Baetica,0.9650000000000001,Alta Certeza (Grado I),0,0,1,1,0.0441,0.0021,0.0692,0.0551,51854.5,0.0315,219.1,16.99,10.51,0.93,35.39,-72.05,27.45,0.2123,0.0633,0.1087,301050.74530647916,4280184.575922644,1
719,Fuentes Torres,Hispania Tarraconensis,0.9650000000000001,Alta Certeza (Grado I),1,0,0,0,0.0,0.0673,0.2068,0.165,28399.7,0.1506,636.8,19.17,-12.44,10.42,37.18,-76.2,56.7,0.1977,0.2859,0.1344,223171.4368793285,4733999.31923747,1
720,Gamonita,Hispania Baetica,0.9650000000000001,Alta Certeza (Grado I),0,0,1,1,0.0311,0.0014,0.0337,0.0551,55944.6,0.024,191.7,16.5,-2.54,22.77,31.34,-76.89,21.46,0.1037,0.0267,0.0656,281193.68279625307,4289333.183049145,1
721,Gándara Mediana,Hispania Tarraconensis,0.845,Alta Certeza (Grado I),1,0,0,0,0.0,0.0537,0.1801,0.2364,20238.1,0.2594,730.0,18.49,2.38,6.02,38.52,-77.28,56.31,0.258,0.1309,0.1735,217161.02040626906,4718984.379013628,1
722,Gargalellas,Hispania Tarraconensis,0.9650000000000001,Alta Certeza (Grado I),1,0,0,0,0.0,0.0484,0.0163,0.0364,97627.5,0.0015,243.2,21.74,5.09,3.78,42.87,-76.69,-36.35,0.0106,0.0939,0.0,200492.69069662975,4804035.695837528,1
723,Gera I,Hispania Tarraconensis,0.845,Alta Certeza (Grado I),1,0,0,0,0.0,0.0666,0.0258,0.0365,85015.7,0.0035,249.1,17.81,-0.6,16.76,40.42,-74.46,-16.75,0.1063,0.3254,0.0527,216053.2840609962,4800159.769418927,1
724,Gera II,Hispania Tarraconensis,0.845,Alta Certeza (Grado I),1,0,0,0,0.0,0.0673,0.0255,0.0374,85156.5,0.0034,245.5,20.47,-0.23,17.86,43.85,-77.3,-1.61,0.1868,0.0602,0.0731,216677.34809765907,4800844.352999698,1
725,Gibla,Hispania Baetica,0.9650000000000001,Alta Certeza (Grado I),0,1,0,0,0.2353,0.0023,0.0937,0.3081,18042.9,0.3003,302.6,22.44,20.11,4.64,48.8,-58.83,88.56,0.188,0.143,0.3961,278036.099384162,4191659.6367300255,1
726,Godán I,Hispania Tarraconensis,0.765,Media Certeza (Grado II),1,0,0,0,0.0,0.0989,0.0261,0.0547,78145.1,0.0055,185.3,26.58,7.11,-10.54,51.48,-79.09,12.49,0.1016,0.0722,0.0238,237858.4072729206,4808421.334532138,1
727,Godán II,Hispania Tarraconensis,0.765,Media Certeza (Grado II),1,0,0,0,0.0,0.0955,0.0249,0.055,79722.6,0.0049,181.7,17.17,-0.41,1.26,36.17,-76.03,-9.26,0.1008,0.1237,0.0,236234.94721894077,4809174.243186451,1
728,Golpejas,Hispania Tarraconensis,0.9650000000000001,Alta Certeza (Grado I),0,0,0,0,0.0,0.0061,0.0268,0.0134,147632.9,0.0001,944.1,18.14,5.11,17.2,32.4,-78.9,-63.1,0.0286,0.0368,0.0,254998.5350980275,4542993.995251058,1
730,Guadalperal,Hispania Tarraconensis,0.9650000000000001,Alta Certeza (Grado I),0,0,0,0,0.0539,0.0043,0.0483,0.0844,43226.8,0.056,232.1,16.76,9.32,-0.92,34.6,-79.42,37.23,0.0489,0.2339,0.0573,348488.0743683622,4293460.284629889,1
731,Guaditoca,Hispania Baetica,0.9650000000000001,Alta Certeza (Grado I),0,0,1,1,0.1926,0.0015,0.0701,0.2048,20975.8,0.247,241.8,35.66,11.11,17.7,69.38,-65.35,91.77,0.524,0.1902,0.229,264061.2699938412,4228082.104149218,1
732,Guijuelo,Hispania Tarraconensis,0.9650000000000001,Alta Certeza (Grado I),0,0,1,1,0.0,0.0025,0.1442,0.0401,106868.0,0.0008,788.8,26.57,6.32,5.39,53.13,-79.65,-42.22,0.1078,0.097,0.0672,272896.9470974532,4491173.145989815,1
733,Guisatecha,Hispania Tarraconensis,0.845,Alta Certeza (Grado I),1,0,0,0,0.0,0.1258,0.4106,0.213,15443.8,0.3572,616.8,19.2,0.56,-13.58,39.48,-58.33,60.02,0.3557,0.164,0.3199,253818.7412252811,4741378.875762718,1
734,Herrerías (Almería),Hispania Baetica,0.9650000000000001,Alta Certeza (Grado I),0,0,1,0,0.0,0.4835,0.0001,0.4389,5135.0,0.7101,1094.8,23.48,1.75,3.63,47.39,-81.33,66.4,0.41,0.3481,0.3939,606860.8092874156,4125525.406360612,1
735,Herrerías (Huelva),Hispania Baetica,0.9650000000000001,Alta Certeza (Grado I),0,1,1,0,0.1421,0.0001,0.0002,0.2683,36945.9,0.0852,426.4,19.04,0.93,17.6,33.85,-68.89,73.21,0.1378,0.13,0.1094,120441.89478474879,4172165.772529848,1
736,Herrerías de los Confesionarios,Hispania Baetica,0.9650000000000001,Alta Certeza (Grado I),0,1,0,0,0.2469,0.0002,0.0009,0.2498,32378.2,0.1155,321.4,20.01,8.71,-18.44,41.52,-65.21,89.29,0.1348,0.8848,0.0455,157998.65225083486,4189786.990206026,1
737,Hervederas / Río Bárcena,Hispania Tarraconensis,1.0,Alta Certeza (Grado I),1,0,0,0,0.0,0.0615,0.0197,0.0427,91609.0,0.0022,222.4,16.47,-3.01,11.26,35.61,-84.34,-23.93,0.1113,0.2234,0.0184,213078.85155858134,4806225.820721482,1
738,Horno de Arriba - Teso de la Collada,Hispania Tarraconensis,0.905,Alta Certeza (Grado I),1,0,0,0,0.0,0.0507,0.1937,0.3896,5919.8,0.6739,839.4,21.73,9.66,-3.37,46.79,-81.78,72.05,0.4531,0.2594,0.3994,227867.30700089724,4694485.567328157,1
739,Hoyo de la Campana,Hispania Tarraconensis,0.9650000000000001,Alta Certeza (Grado I),1,0,0,0,0.0244,0.0686,0.0049,0.188,80237.5,0.0048,749.7,16.64,16.3,15.62,35.7,-75.39,-4.3,0.2267,0.2335,0.0411,451075.35052764724,4113613.4054661347,1
740,Hoyo de los Colgazidos de Castrofrio,Hispania Tarraconensis,0.9650000000000001,Alta Certeza (Grado I),0,1,0,0,0.0,0.0014,0.1527,0.1294,77781.5,0.0056,615.7,23.09,9.53,20.12,46.31,-69.22,11.72,0.1113,0.0118,0.0305,278342.54946487234,4458282.999981343,1
741,Huerta de Juan Abad,Hispania Baetica,0.9650000000000001,Alta Certeza (Grado I),0,0,1,1,0.0734,0.0144,0.2568,0.1629,34519.3,0.1001,385.5,22.19,3.7,9.03,47.15,-70.83,69.21,0.1741,0.0726,0.1677,380702.87222256034,4222780.871802347,1
742,Ibollo,Hispania Tarraconensis,0.9650000000000001,Alta Certeza (Grado I),1,0,0,0,0.0,0.0542,0.0269,0.0257,85182.7,0.0034,333.3,21.03,-4.08,8.48,38.14,-85.82,-19.6,0.0733,0.0382,0.0376,204673.850346005,4791510.226997909,1
743,Irixo,Hispania Tarraconensis,0.845,Alta Certeza (Grado I),1,0,0,0,0.05,0.0039,0.0007,0.0871,126812.8,0.0002,734.1,16.24,17.5,-1.55,33.21,-78.28,-31.05,0.0497,0.0639,0.0123,79442.2696432608,4719335.952384998,1
744,Iboyo-Abaniella,Hispania Tarraconensis,0.765,Media Certeza (Grado II),1,0,0,0,0.0,0.0555,0.0283,0.0258,83881.1,0.0037,320.3,17.54,-4.1,-7.38,35.04,-82.9,-12.11,0.2111,0.0503,0.0441,205831.29801891738,4790775.464470749,1
745,Juan Teniente,Hispania Baetica,0.9650000000000001,Alta Certeza (Grado I),0,1,0,0,0.3789,0.0014,0.0431,0.3835,5879.6,0.6757,293.1,17.32,11.98,29.04,36.1,-58.58,128.42,0.6497,0.2545,0.5059,255638.05521895696,4194604.853800114,1
746,Justicia,Hispania Baetica,0.9650000000000001,Alta Certeza (Grado I),0,0,1,1,0.1596,0.0016,0.0832,0.1806,23632.0,0.2069,226.8,17.88,10.47,-1.44,32.79,-65.49,80.63,0.1532,0.194,0.2001,269301.6508950579,4233452.977811203,1
747,La Alondra,Hispania Baetica,0.9650000000000001,Alta Certeza (Grado I),0,0,1,1,0.0271,0.0013,0.0301,0.0633,53341.3,0.0286,207.9,16.46,3.05,27.05,37.27,-77.67,48.89,0.2186,0.222,0.0,281418.3703573231,4292835.728295691,1
748,La Arenera,Hispania Tarraconensis,0.905,Alta Certeza (Grado I),1,0,0,0,0.0,0.039,0.0302,0.0229,78315.2,0.0054,443.4,27.15,6.04,3.26,53.38,-82.41,-8.35,0.165,0.1656,0.0,188150.72695806017,4769995.1410889225,1
749,La Argentera,Hispania Tarraconensis,0.9650000000000001,Alta Certeza (Grado I),0,0,1,1,0.0,0.0007,0.0,0.0817,249680.4,0.0,262.6,19.33,-8.89,15.96,40.42,-77.65,-100.0,0.2671,0.2795,0.0,894362.598770276,4328019.542337591,1
750,La Atalaya,Hispania Baetica,0.9650000000000001,Alta Certeza (Grado I),0,1,1,1,0.0759,0.0057,0.4273,0.3237,829.2,0.9462,271.1,17.56,7.91,-4.88,37.05,-59.96,78.84,0.7591,0.0475,0.6425,337998.7360762715,4239691.582523876,1
752,La Cabra,Hispania Tarraconensis,0.9650000000000001,Alta Certeza (Grado I),0,0,1,1,0.0639,0.008,0.1281,0.1675,17650.3,0.3083,271.2,18.12,10.4,15.34,40.14,-73.67,59.53,0.2751,0.0388,0.2817,375497.17128399457,4278052.449758027,1
753,La Calabaza / Los Fuchacos - Matarrubia - Torneros,Hispania Tarraconensis,1.0,Alta Certeza (Grado I),1,0,0,0,0.0,0.0537,0.1982,0.3224,18648.2,0.2885,886.7,18.47,-3.17,5.33,34.52,-73.5,61.64,0.2382,0.1459,0.1978,238049.96081119793,4686014.791445542,1
754,La Calera,Hispania Baetica,0.9650000000000001,Alta Certeza (Grado I),0,1,0,0,0.0863,0.0061,0.8115,0.2476,15860.7,0.3474,330.2,19.77,4.68,6.13,40.81,-48.4,77.3,0.6584,0.0815,0.4941,334971.51890786807,4221600.398732776,1
755,La Canalina,Hispania Tarraconensis,0.905,Alta Certeza (Grado I),1,0,0,0,0.0,0.0804,0.4238,0.3019,8808.6,0.5559,729.2,19.0,6.0,16.82,41.49,-65.58,42.87,0.458,0.0855,0.4375,238568.42321971653,4721155.662101757,1
757,La Carcabona de Larna,Hispania Tarraconensis,0.905,Alta Certeza (Grado I),1,0,0,0,0.0,0.0569,0.0458,0.0278,71422.1,0.0086,435.7,26.17,12.53,7.46,51.91,-78.46,20.17,0.1031,0.08,0.025,206734.76161694137,4775709.772900787,1
758,La Cárcoba de Antoñana,Hispania Tarraconensis,0.845,Alta Certeza (Grado I),1,0,0,0,0.0,0.0973,0.0328,0.0466,74364.8,0.007,232.9,18.85,5.68,-7.72,37.02,-73.29,-15.76,0.0558,0.0996,0.042,235588.16736510477,4801887.129798547,1
759,La Carrasquilla,Hispania Baetica,0.9650000000000001,Alta Certeza (Grado I),0,0,0,0,0.0,0.4281,0.0001,0.4195,8844.3,0.5545,1088.0,35.49,-2.36,26.88,67.67,-77.67,69.7,0.3261,0.3713,0.2896,621637.1714109303,4158099.617085395,1
760,La Chaquerona de Villavaser,Hispania Tarraconensis,0.905,Alta Certeza (Grado I),1,0,0,0,0.0,0.0605,0.0287,0.0291,83339.0,0.0039,298.9,23.72,2.88,-1.89,46.92,-80.94,9.94,0.1156,0.1003,0.0034,210373.5647669133,4793637.141133848,1
762,La Corona - Barrera Blanca,Hispania Tarraconensis,0.9650000000000001,Alta Certeza (Grado I),1,0,0,0,0.0,0.0495,0.1833,0.3752,8568.4,0.5648,889.2,17.03,6.91,14.71,34.22,-76.28,93.52,0.5578,0.1065,0.3569,228532.38685068802,4691550.331717176,1
763,La Corona de la Torca,Hispania Tarraconensis,0.905,Alta Certeza (Grado I),1,0,0,0,0.0,0.0578,0.2071,0.2398,19039.2,0.281,708.1,26.77,14.76,25.06,52.88,-76.02,57.33,0.2996,0.1521,0.275,220636.91714639036,4720140.893440471,1
764,La Corona de Valdecastrillo,Hispania Tarraconensis,0.905,Alta Certeza (Grado I),1,0,0,0,0.0,0.0588,0.2169,0.2462,18014.3,0.3009,709.6,16.59,0.04,3.79,37.88,-70.96,47.66,0.4123,0.0901,0.2392,221795.95686426258,4719771.642976086,1
765,La Cruz,Hispania Tarraconensis,0.9650000000000001,Alta Certeza (Grado I),0,1,1,1,0.0317,0.0464,0.2119,0.1897,27319.8,0.1618,496.0,22.9,24.37,25.64,45.03,-74.23,70.34,0.1771,0.0772,0.1681,444522.43946799956,4222316.177476254,1
767,La Cruz del Rañadero,Hispania Tarraconensis,0.905,Alta Certeza (Grado I),1,0,0,0,0.0,0.0747,0.2634,0.1871,23753.3,0.2052,619.9,18.01,-9.75,14.79,36.45,-73.8,64.9,0.2615,0.0705,0.1378,229204.620399579,4732803.13939769,1
768,La Cuquillera,Hispania Tarraconensis,0.905,Alta Certeza (Grado I),1,0,0,0,0.0,0.0691,0.3614,0.391,2396.1,0.8524,779.6,24.51,2.84,3.91,50.04,-64.92,72.71,0.6959,0.0914,0.6054,238284.96530582695,4706744.437317802,1
769,La Devesa,Hispania Tarraconensis,0.9650000000000001,Alta Certeza (Grado I),1,0,0,0,0.0,0.0377,0.1076,0.4247,3463.8,0.7938,859.3,24.2,6.6,28.92,48.21,-76.0,70.38,0.4938,0.1618,0.3588,214424.77012763306,4687932.337466876,1
770,La Devesa I,Hispania Tarraconensis,0.94,Alta Certeza (Grado I),1,0,0,0,0.0,0.0905,0.578,0.357,2670.9,0.8369,726.4,22.66,5.19,-2.37,43.12,-57.87,70.16,0.7928,0.2047,0.5065,246307.22624735415,4719387.252794662,1
772,La Encinilla,Hispania Baetica,0.9650000000000001,Alta Certeza (Grado I),0,1,0,0,0.0571,0.0034,0.1365,0.1016,32600.1,0.1138,237.7,22.34,-3.16,6.65,45.09,-69.29,52.52,0.2026,0.1409,0.1393,322493.6116500794,4269223.779348217,1
773,La Fana - El Caleiro,Hispania Tarraconensis,0.905,Alta Certeza (Grado I),1,0,0,0,0.0,0.0525,0.0415,0.0259,73493.3,0.0074,435.3,17.55,8.85,6.3,36.39,-83.46,9.67,0.1075,0.0634,0.0,202766.2870567976,4775257.19774632,1
774,La Folgueriza,Hispania Tarraconensis,0.9650000000000001,Alta Certeza (Grado I),1,0,0,0,0.0,0.048,0.0152,0.0392,99236.0,0.0013,242.7,16.43,7.9,15.48,36.53,-79.95,-24.9,0.1395,0.1223,0.0597,200399.73640003364,4806016.045400934,1
775,La Fontanilla / Las Cuevas,Hispania Tarraconensis,1.0,Alta Certeza (Grado I),1,0,0,0,0.0,0.0726,0.3936,0.3489,8357.7,0.5728,793.8,18.16,5.83,22.47,35.74,-64.23,67.25,0.5411,0.1354,0.3203,243443.74176865097,4703587.394608083,1
776,La Fontanona - La Gándara,Hispania Tarraconensis,0.9650000000000001,Alta Certeza (Grado I),1,0,0,0,0.0,0.0672,0.3402,0.3995,1327.4,0.9153,771.1,16.86,7.71,21.06,37.31,-74.68,85.09,0.6801,0.1132,0.6078,236187.30015783414,4707362.132121127,1
777,La Fortuna,Hispania Tarraconensis,0.9650000000000001,Alta Certeza (Grado I),0,0,1,1,0.0617,0.0085,0.1144,0.1492,22605.0,0.2216,274.7,20.85,2.86,13.11,42.33,-71.19,51.83,0.1494,0.1167,0.2108,386182.1040200846,4288682.444558612,1
778,La Freitarbosa,Hispania Tarraconensis,0.9650000000000001,Alta Certeza (Grado I),1,0,0,0,0.0,0.0494,0.0156,0.0401,98560.9,0.0014,205.7,17.8,-7.6,5.53,34.82,-79.69,-22.32,0.0971,0.1023,0.0113,201999.22426081938,4806417.929864491,1
779,La Fucarona,Hispania Tarraconensis,0.94,Alta Certeza (Grado I),1,0,0,0,0.0,0.0645,0.3104,0.383,2792.9,0.8301,806.4,30.95,3.55,-6.44,58.1,-77.71,60.45,0.6317,0.1285,0.4032,233102.86700048385,4708506.910044921,1
780,La Gándara I,Hispania Tarraconensis,0.905,Alta Certeza (Grado I),1,0,0,0,0.0,0.0449,0.141,0.3345,18214.3,0.2969,917.2,20.19,7.31,-5.67,45.22,-75.29,62.87,0.1962,0.1571,0.1046,230625.8498754325,4680813.8319435045,1
781,La Gándara II,Hispania Tarraconensis,0.905,Alta Certeza (Grado I),1,0,0,0,0.0,0.0449,0.1405,0.3327,18650.3,0.2884,893.7,23.01,8.21,32.71,46.1,-79.14,41.96,0.2391,0.043,0.1983,230909.45623698574,4680482.446972231,1
782,La Garvachana I,Hispania Tarraconensis,0.905,Alta Certeza (Grado I),1,0,0,0,0.0,0.0572,0.1126,0.0964,44209.8,0.0525,559.5,16.67,5.33,-13.7,36.87,-81.29,44.69,0.1409,0.1785,0.0484,211332.16822577541,4744754.603871844,1
783,La Garvachana II,Hispania Tarraconensis,0.905,Alta Certeza (Grado I),1,0,0,0,0.0,0.0566,0.112,0.0975,44055.1,0.053,608.2,24.02,11.6,2.6,44.82,-76.6,22.8,0.0999,0.0542,0.0965,210946.2902634479,4744289.938413043,1
784,La Garvachana III,Hispania Tarraconensis,0.905,Alta Certeza (Grado I),1,0,0,0,0.0,0.056,0.1085,0.095,44815.8,0.0504,583.6,26.34,3.25,26.91,57.69,-84.47,17.46,0.1852,0.0461,0.0543,210287.88506187568,4744751.837325706,1
785,La Gran Mina,Hispania Baetica,0.9650000000000001,Alta Certeza (Grado I),0,1,1,0,0.0915,0.0057,0.8625,0.245,18596.1,0.2895,330.1,18.77,5.84,11.9,40.57,-51.33,71.49,0.5756,0.4231,0.4323,330432.70810063457,4216328.226681087,1
786,La Groba Roja,Hispania Tarraconensis,0.9650000000000001,Alta Certeza (Grado I),1,0,0,0,0.0,0.0421,0.0232,0.0189,87800.9,0.0029,331.4,19.83,10.52,21.05,40.17,-69.1,9.31,0.0501,0.3441,0.0,191644.1168279503,4784707.9939273335,1
787,La Grueba de Courio,Hispania Tarraconensis,0.765,Media Certeza (Grado II),1,0,0,0,0.0,0.1015,0.0316,0.0493,74142.6,0.0071,226.1,21.89,5.89,17.46,43.78,-76.45,12.97,0.1545,0.0773,0.0542,238040.216446456,4803503.242312058,1
788,La Herreria,Hispania Baetica,0.9650000000000001,Alta Certeza (Grado I),0,1,1,1,0.0743,0.0133,0.2307,0.1685,32077.4,0.1178,369.3,16.87,-4.89,26.07,36.83,-72.15,39.84,0.2383,0.105,0.1254,377108.5792225155,4223806.935958343,1
789,La Hilera - Valdemeda,Hispania Tarraconensis,0.905,Alta Certeza (Grado I),1,0,0,0,0.0,0.0451,0.1485,0.3578,12967.1,0.4213,883.5,18.89,-2.02,12.99,40.36,-69.93,53.6,0.3645,0.0522,0.2353,227520.74791743472,4685100.930556064,1
790,La Jagueta,Hispania Tarraconensis,0.905,Alta Certeza (Grado I),1,0,0,0,0.0,0.0806,0.3882,0.2656,12754.4,0.4273,688.8,18.13,12.09,17.03,38.0,-72.32,63.29,0.4432,0.1228,0.2766,236832.80780365883,4724779.957159239,1
791,La Joya,Hispania Baetica,0.9650000000000001,Alta Certeza (Grado I),0,1,0,0,0.2018,0.0002,0.0006,0.245,35491.7,0.0938,366.4,16.73,16.16,-0.33,35.14,-70.09,97.16,0.0325,0.2783,0.0508,145766.27129097213,4187352.4991583126,1
792,La Lagunilla,Hispania Baetica,0.9650000000000001,Alta Certeza (Grado I),0,0,1,1,0.1515,0.0021,0.1402,0.2634,11705.2,0.4582,232.5,17.93,14.78,16.0,38.4,-71.3,81.63,0.4015,0.378,0.4054,281263.4945058467,4226066.728985816,1
793,La Lancha,Hispania Baetica,0.9650000000000001,Alta Certeza (Grado I),0,1,0,0,0.2169,0.0002,0.0007,0.2581,32419.6,0.1152,351.9,16.38,6.77,3.44,31.0,-65.94,70.8,0.0877,0.2091,0.1843,149964.1418761678,4185826.4518981073,1
794,La Lapilla,Hispania Baetica,0.9650000000000001,Alta Certeza (Grado I),0,1,0,0,0.1763,0.0001,0.0003,0.3397,20488.4,0.2552,409.0,16.2,-4.76,2.66,33.42,-63.94,101.22,0.3947,0.1319,0.2388,137939.69003263302,4166562.7407502574,1
795,La Leitosa,Hispania Tarraconensis,1.0,Alta Certeza (Grado I),1,0,0,0,0.0,0.0369,0.0612,0.1101,47694.0,0.0416,656.8,16.68,4.95,19.08,31.73,-82.16,34.26,0.2061,0.1183,0.0283,191557.1255827538,4733823.458100106,1
796,La Lisea,Hispania Baetica,0.9650000000000001,Alta Certeza (Grado I),0,1,0,0,0.0661,0.0193,0.5129,0.1417,37685.5,0.0811,409.3,29.3,21.29,25.47,58.94,-68.89,62.76,0.3197,0.0839,0.1339,398546.81557058764,4227855.333670502,1
797,La Loba,Hispania Baetica,0.9650000000000001,Alta Certeza (Grado I),0,1,1,1,0.0978,0.0024,0.184,0.1794,20506.7,0.2548,220.4,19.29,10.73,29.9,38.37,-64.25,66.9,0.2113,0.2912,0.3268,293780.39598338597,4241897.179915688,1
798,La Luz (Alcudia),Hispania Tarraconensis,0.9650000000000001,Alta Certeza (Grado I),0,0,1,1,0.0616,0.0086,0.1158,0.1509,22243.6,0.227,244.9,29.6,7.22,34.28,55.14,-66.61,65.98,0.1631,0.2412,0.194,386882.55450927385,4288677.3097185185,1
799,La Luz (Linares),Hispania Tarraconensis,0.9650000000000001,Alta Certeza (Grado I),0,0,1,1,0.0304,0.0479,0.1987,0.1972,26101.3,0.1755,529.9,18.36,10.54,20.19,36.47,-80.19,71.62,0.1892,0.1304,0.1664,445815.3091621284,4221306.207475396,1
800,La Marta,Hispania Tarraconensis,0.9650000000000001,Alta Certeza (Grado I),1,0,0,0,0.0,0.0504,0.0191,0.0321,93651.0,0.0019,265.8,17.59,-4.88,-11.85,36.96,-77.59,-15.1,0.0726,0.0746,0.0,202018.55983150838,4800206.991540149,1
802,La Mata del Fraile,Hispania Tarraconensis,0.905,Alta Certeza (Grado I),1,0,0,0,0.0,0.0628,0.2131,0.1994,23788.6,0.2048,671.0,18.92,0.11,31.39,38.64,-72.7,67.44,0.203,0.0787,0.0641,222045.9874064927,4727283.382705168,1
803,La Matilla,Hispania Baetica,0.9650000000000001,Alta Certeza (Grado I),0,0,1,1,0.0931,0.0007,0.0132,0.0722,43172.6,0.0562,222.6,18.41,-3.15,20.22,35.8,-77.17,54.67,0.0941,0.0504,0.1264,232379.70292742027,4266636.907187682,1
805,La Mortera I,Hispania Tarraconensis,0.8799999999999999,Alta Certeza (Grado I),1,0,0,0,0.0,0.0578,0.0201,0.0382,91771.8,0.0022,240.4,16.54,8.72,-0.92,31.37,-84.98,-22.17,0.0264,0.2097,0.0,209438.12418760348,4803601.685353722,1
806,La Mortera II,Hispania Tarraconensis,0.8799999999999999,Alta Certeza (Grado I),1,0,0,0,0.0,0.0572,0.0204,0.037,91523.8,0.0022,261.4,20.19,11.77,18.84,41.5,-75.42,-11.69,0.3888,0.0999,0.0346,208773.82491759787,4802756.99261739,1
807,La Muela,Hispania Tarraconensis,0.905,Alta Certeza (Grado I),1,0,0,0,0.0,0.0477,0.1711,0.4029,2944.4,0.8218,820.9,17.07,3.89,-3.91,34.57,-74.15,86.87,0.5493,0.0727,0.5008,220756.04637436493,4699792.115918996,1
808,La Najerilla,Hispania Tarraconensis,0.9650000000000001,Alta Certeza (Grado I),0,0,1,1,0.0,0.0226,0.0002,0.1902,150997.3,0.0,800.5,19.96,-0.99,17.41,40.42,-78.98,-64.3,0.2688,0.0795,0.0168,503584.48564278806,4669144.090209327,1
809,La Omañuela,Hispania Tarraconensis,0.845,Alta Certeza (Grado I),1,0,0,0,0.0,0.1287,0.4319,0.2246,13834.7,0.3976,635.5,20.3,5.93,-5.65,41.22,-69.53,65.76,0.607,0.2609,0.3519,255410.49392167013,4740481.905246927,1
810,La Onza,Hispania Baetica,0.9650000000000001,Alta Certeza (Grado I),0,1,1,1,0.0036,0.001,0.0123,0.1568,32344.9,0.1157,213.2,16.76,1.13,-1.32,36.02,-82.63,29.27,0.1199,0.0158,0.1303,277280.79963416,4316594.03783698,1
811,La Osi,Hispania Baetica,0.9650000000000001,Alta Certeza (Grado I),0,1,0,0,0.0728,0.0069,0.2906,0.3066,1838.5,0.8846,304.7,16.35,-1.46,16.69,36.12,-76.73,71.13,0.7601,0.2362,0.519,349436.4242633522,4244014.496139193,1
812,La Panadera,Hispania Baetica,0.9650000000000001,Alta Certeza (Grado I),0,1,0,0,0.0117,0.3008,0.0001,0.4324,7516.9,0.6058,1119.5,22.17,9.36,23.96,45.19,-80.21,58.4,0.378,0.4442,0.3158,639993.7121970924,4152841.3378748423,1
813,La Pastora,Hispania Baetica,0.9650000000000001,Alta Certeza (Grado I),0,1,0,0,0.098,0.0031,0.3093,0.264,9099.5,0.5452,275.7,18.56,-0.5,13.19,37.77,-59.09,80.49,0.5042,0.3444,0.3933,304336.9833161916,4234218.93029976,1
814,La Pedreda,Hispania Tarraconensis,0.845,Alta Certeza (Grado I),1,0,0,0,0.0,0.0643,0.3115,0.4007,1383.5,0.9119,773.4,16.34,-7.63,4.73,34.46,-74.22,74.85,0.7009,0.0957,0.4574,234066.82350978593,4706664.4539557565,1
816,La Peña,Hispania Tarraconensis,0.9650000000000001,Alta Certeza (Grado I),0,0,0,0,0.0,0.2132,0.0986,0.0782,45633.4,0.0477,299.7,37.18,0.4,-6.79,71.25,-83.13,19.61,0.0887,0.1737,0.0678,274315.93140989187,4795606.261207182,1
817,La Perdiz,Hispania Baetica,0.9650000000000001,Alta Certeza (Grado I),0,0,1,1,0.0432,0.0007,0.0137,0.0926,36689.2,0.0866,212.5,16.34,-7.93,5.66,31.12,-75.26,60.02,0.12,0.0689,0.1273,244114.56915120367,4284382.216405956,1
818,La Pililla,Hispania Baetica,0.9650000000000001,Alta Certeza (Grado I),0,1,0,0,0.0682,0.0056,0.2295,0.2197,10736.6,0.4888,240.4,20.85,8.23,16.83,44.71,-66.55,66.85,0.406,0.0785,0.4093,342606.17486844386,4254570.210260501,1
820,La Posidilla,Hispania Baetica,0.9650000000000001,Alta Certeza (Grado I),0,1,0,0,0.0737,0.0087,0.2369,0.2414,10843.1,0.4854,294.6,32.56,10.97,12.48,65.41,-70.82,66.51,0.4245,0.0623,0.4361,360310.7114225409,4239434.781619053,1
821,La Preciosa,Hispania Baetica,0.9650000000000001,Alta Certeza (Grado I),0,1,0,0,0.1755,0.0032,0.1048,0.258,37725.7,0.0809,306.2,17.19,5.96,8.32,39.92,-67.72,69.48,0.1016,0.1834,0.0534,293351.7697484825,4177151.5215113196,1
822,La Presa,Hispania Tarraconensis,1.0,Alta Certeza (Grado I),1,0,0,0,0.0,0.0484,0.177,0.3973,5261.7,0.7041,844.0,16.71,9.72,6.13,39.64,-73.63,84.48,0.5035,0.0987,0.4866,225800.89234538696,4693462.131111072,1
823,La Presa,Hispania Tarraconensis,0.905,Alta Certeza (Grado I),1,0,0,0,0.0,0.0433,0.022,0.0204,89537.1,0.0026,344.9,16.61,14.52,4.45,32.55,-79.96,11.01,0.0179,0.2311,0.0171,193278.64751363348,4788200.593166995,1
824,La Profunda,Hispania Tarraconensis,0.9650000000000001,Alta Certeza (Grado I),0,1,0,0,0.0,0.2683,0.3724,0.2254,9562.0,0.5286,526.3,17.54,0.52,9.68,35.91,-64.83,76.26,0.4248,0.1911,0.4561,287369.6665379981,4759882.981905373,1
825,La Puebla,Hispania Tarraconensis,0.905,Alta Certeza (Grado I),1,0,0,0,0.0,0.1215,0.3986,0.2053,16714.1,0.3282,604.2,16.52,8.21,4.99,39.76,-58.29,79.08,0.3377,0.1883,0.2639,251867.11035482612,4741509.235601796,1
826,La Quemada,Hispania Tarraconensis,0.9650000000000001,Alta Certeza (Grado I),1,0,0,0,0.0,0.0151,0.0167,0.2677,34287.5,0.1017,915.0,20.81,-6.39,27.72,42.38,-86.34,33.59,0.0488,0.1545,0.0293,165713.08041735942,4680202.1161023155,1
827,La Reforma,Hispania Baetica,0.9650000000000001,Alta Certeza (Grado I),0,1,0,0,0.712,0.0006,0.0068,0.3837,7969.1,0.5879,276.8,16.35,15.94,-18.3,34.93,-32.16,200.43,0.3225,0.4989,0.52,209548.1775154756,4187081.4478470185,1
828,La Reguera de las Llastras,Hispania Tarraconensis,0.905,Alta Certeza (Grado I),1,0,0,0,0.0,0.0645,0.3122,0.3928,1978.1,0.8765,757.8,18.95,-4.27,2.92,36.06,-70.21,59.41,0.8013,0.2624,0.5707,233669.2542691871,4707596.612213672,1
829,La Romana,Hispania Baetica,0.9650000000000001,Alta Certeza (Grado I),0,1,0,0,0.0722,0.0065,0.2906,0.3073,1456.0,0.9075,283.4,38.95,6.0,9.03,75.41,-61.4,84.33,0.6516,0.1712,0.5955,346947.6170119373,4245833.2690541465,1
830,La Romana,Hispania Tarraconensis,0.9650000000000001,Alta Certeza (Grado I),0,0,1,1,0.0639,0.009,0.155,0.1887,14003.5,0.3931,284.2,22.82,2.07,14.04,49.95,-68.62,81.19,0.3564,0.3011,0.2128,381794.57153078413,4277105.998489698,1
831,La Romanera,Hispania Baetica,0.9650000000000001,Alta Certeza (Grado I),0,1,0,0,0.1382,0.0001,0.0002,0.2362,44235.9,0.0524,416.1,19.92,-6.23,10.88,43.42,-71.46,40.44,0.0469,0.1096,0.0,117579.46762679977,4180095.1932767984,1
832,La Rozada,Hispania Tarraconensis,0.845,Alta Certeza (Grado I),1,0,0,0,0.0,0.0969,0.0377,0.0431,71857.4,0.0083,236.2,17.56,5.53,28.25,35.39,-75.83,-1.13,0.2218,0.1378,0.0362,234676.97209390474,4797966.709750587,1
833,La Serrana,Hispania Baetica,0.9650000000000001,Alta Certeza (Grado I),0,0,1,1,0.1925,0.0013,0.0562,0.1723,26367.2,0.1724,229.5,20.01,7.71,33.42,40.22,-68.34,71.65,0.1555,0.0986,0.2065,258980.15405005778,4231719.153324434,1
836,La Torrecilla,Hispania Tarraconensis,0.9650000000000001,Alta Certeza (Grado I),0,0,1,1,0.0314,0.0406,0.2491,0.1198,39934.5,0.0698,447.5,19.09,4.21,0.27,37.1,-73.74,41.68,0.1576,0.0449,0.0728,444418.5079019799,4235221.885707063,1
837,La Vallada,Hispania Tarraconensis,0.905,Alta Certeza (Grado I),1,0,0,0,0.0,0.0331,0.0768,0.2868,18583.3,0.2897,818.2,18.32,-6.83,9.17,36.27,-74.45,75.63,0.2311,0.0506,0.1085,198349.60936160607,4702165.123823293,1
838,La Vega Grande,Hispania Tarraconensis,0.905,Alta Certeza (Grado I),1,0,0,0,0.0,0.0449,0.1524,0.4187,2784.1,0.8306,852.8,16.66,20.86,10.68,31.16,-78.81,77.38,0.5848,0.042,0.4938,221068.32020216313,4693610.331030239,1
839,La Veguellina de Cepeda,Hispania Tarraconensis,0.905,Alta Certeza (Grado I),1,0,0,0,0.0,0.1075,0.6981,0.3359,3408.6,0.7967,678.6,24.8,11.84,2.83,49.48,-56.49,71.96,0.814,0.1054,0.7006,252788.34797566832,4725360.192487266,1
840,La Victoria,Hispania Tarraconensis,0.9650000000000001,Alta Certeza (Grado I),0,0,1,1,0.0606,0.0069,0.0757,0.1185,32806.8,0.1122,245.8,18.49,26.62,16.78,41.3,-73.97,27.44,0.0814,0.0547,0.0783,379637.8623095974,4296936.737672924,1
841,La Viliella,Hispania Tarraconensis,0.845,Alta Certeza (Grado I),1,0,0,0,0.0,0.0526,0.0545,0.0365,65586.5,0.0126,447.7,16.96,-1.35,5.61,36.24,-87.68,19.08,0.6049,0.0397,0.0,203414.6764487698,4765742.327795719,1
842,La Zarza,Hispania Baetica,0.9650000000000001,Alta Certeza (Grado I),0,1,0,0,0.2634,0.0002,0.0009,0.3059,23019.7,0.2155,348.9,17.93,13.04,-3.85,40.01,-66.47,104.38,0.1439,0.3719,0.2283,160549.82439733995,4180558.7610894255,1
843,Lagar de la Cruz,Hispania Baetica,0.9650000000000001,Alta Certeza (Grado I),0,1,0,0,0.0916,0.0074,0.419,0.2103,36846.7,0.0857,368.0,18.24,11.7,5.76,39.97,-60.6,39.89,0.2383,0.0518,0.237,339930.45545341534,4200654.486792197,1
844,Lago,Hispania Tarraconensis,1.0,Alta Certeza (Grado I),1,0,0,0,0.0496,0.0041,0.0009,0.1187,117944.9,0.0004,762.3,23.13,4.61,-0.41,45.54,-78.62,-31.18,0.1243,0.1609,0.0021,85250.41111884057,4707267.798802055,1
845,Lago,Hispania Tarraconensis,0.845,Alta Certeza (Grado I),1,0,0,0,0.0,0.0463,0.0202,0.0254,92286.1,0.0021,302.5,21.39,17.7,23.13,41.98,-89.58,-10.36,0.0536,0.0489,0.1084,197100.2639424067,4794638.235801257,1
848,Lagos de Salave / Lagos de Silva,Hispania Tarraconensis,1.0,Alta Certeza (Grado I),1,0,0,0,0.0,0.031,0.0046,0.0866,129055.1,0.0002,97.2,21.96,3.35,33.8,43.09,-74.58,-39.41,0.181,0.265,0.0466,183991.8304042443,4831039.384821126,1
849,Lagueiro I,Hispania Tarraconensis,0.9650000000000001,Alta Certeza (Grado I),1,0,0,0,0.0,0.037,0.0272,0.0211,80561.4,0.0047,428.3,16.14,1.96,11.01,30.62,-78.51,-7.81,0.0722,0.2492,0.0,185448.6042779166,4770700.321555326,1
850,Lagueiro II,Hispania Tarraconensis,0.9650000000000001,Alta Certeza (Grado I),1,0,0,0,0.0,0.0372,0.0275,0.0214,80234.7,0.0048,439.8,18.25,-22.3,10.46,37.91,-77.4,-8.99,0.1389,0.1321,0.0,185690.0012520104,4770474.956372997,1
851,Laguna de Valseco,Hispania Tarraconensis,1.0,Alta Certeza (Grado I),1,0,0,0,0.0,0.0683,0.3509,0.4042,716.0,0.9534,766.6,18.72,8.89,11.19,32.89,-71.37,74.72,0.717,0.1593,0.6479,236805.34334415535,4707858.89816514,1
853,Lamelas,Hispania Tarraconensis,0.905,Alta Certeza (Grado I),1,0,0,0,0.0329,0.0072,0.0034,0.1789,79147.8,0.0051,840.9,16.17,-5.75,22.27,35.3,-75.8,18.62,0.1893,0.022,0.0763,121246.3119007147,4687888.2158191055,1
854,Lanestosa,Hispania Tarraconensis,0.9650000000000001,Alta Certeza (Grado I),0,0,0,1,0.0066,0.1007,0.0017,0.0183,91040.7,0.0023,538.7,17.3,0.78,22.58,36.28,-72.21,0.39,0.1341,0.4929,0.0,464618.899239465,4786413.538465174,1
855,Las Alquitones,Hispania Baetica,0.9650000000000001,Alta Certeza (Grado I),0,0,1,1,0.1502,0.0018,0.1055,0.2021,19776.3,0.2676,266.7,21.81,-1.67,9.52,45.2,-70.76,82.54,0.1815,0.2866,0.243,275098.1791008406,4232113.265188047,1
856,Las Balinas,Hispania Tarraconensis,0.845,Alta Certeza (Grado I),1,0,0,0,0.0,0.0392,0.0654,0.102,48617.9,0.0391,632.9,16.69,2.08,11.37,37.15,-71.37,41.58,0.0523,0.2529,0.0317,193919.34124319738,4736802.448893747,1
857,Las Cárcabas de Bustantigo,Hispania Tarraconensis,0.9650000000000001,Alta Certeza (Grado I),1,0,0,0,0.0,0.048,0.0147,0.0411,100029.2,0.0013,210.9,19.16,9.3,17.41,39.89,-77.96,-43.72,0.044,0.1413,0.0311,200667.5453122714,4807241.015423153,1
859,Las Coronas,Hispania Tarraconensis,0.905,Alta Certeza (Grado I),1,0,0,0,0.0,0.0303,0.0459,0.1248,47642.1,0.0417,687.9,17.07,5.21,-5.12,38.98,-82.1,40.27,0.403,0.0635,0.0,183343.52878091583,4727349.808350328,1
860,Las Cuevas,Hispania Tarraconensis,0.9650000000000001,Alta Certeza (Grado I),0,0,0,0,0.0517,0.004,0.0409,0.0802,48031.4,0.0407,230.8,16.15,10.52,22.62,35.31,-66.82,28.54,0.057,0.2528,0.0,347020.1531621413,4298075.002958503,1
865,Las Gandarias I,Hispania Tarraconensis,0.9650000000000001,Alta Certeza (Grado I),1,0,0,0,0.0,0.0698,0.2202,0.1674,27608.3,0.1587,640.1,17.2,15.29,29.42,34.45,-71.83,70.06,0.2091,0.0833,0.186,224986.99204520258,4734328.489433894,1
866,Las Gandarias II,Hispania Tarraconensis,0.9650000000000001,Alta Certeza (Grado I),1,0,0,0,0.0,0.0689,0.2139,0.1653,28097.7,0.1536,652.2,30.99,6.35,29.48,60.32,-70.88,41.26,0.1463,0.1309,0.1879,224234.02715252235,4734404.107836381,1
867,Las Grobas de Fonteta,Hispania Tarraconensis,0.845,Alta Certeza (Grado I),1,0,0,0,0.0,0.041,0.0234,0.0183,87187.1,0.003,377.5,22.57,2.94,-3.66,41.1,-80.38,-15.71,0.0604,0.0392,0.0,190368.1249282179,4782962.167380043,1
868,Las Grobas de Tremado I,Hispania Tarraconensis,0.905,Alta Certeza (Grado I),1,0,0,0,0.0,0.0423,0.0224,0.0193,88834.8,0.0027,338.0,28.93,16.34,-9.17,55.27,-82.51,-3.21,0.094,0.2847,0.0,191979.26103674155,4786285.3297798,1
869,Las Grobas de Tremado II,Hispania Tarraconensis,0.905,Alta Certeza (Grado I),1,0,0,0,0.0,0.0425,0.0224,0.0195,88863.6,0.0027,335.7,18.77,13.93,17.89,38.03,-78.66,-2.27,0.3154,0.0449,0.0654,192244.4213192832,4786535.197794596,1
870,Las Lagunas,Hispania Tarraconensis,0.905,Alta Certeza (Grado I),1,0,0,0,0.0,0.0346,0.0483,0.0851,55092.0,0.0254,614.6,16.56,10.89,-0.84,35.9,-72.22,20.44,0.0981,0.0497,0.0,186800.27412862115,4739489.43472934,1
871,Las Lamas del Picón,Hispania Tarraconensis,0.905,Alta Certeza (Grado I),1,0,0,0,0.0,0.0382,0.0741,0.1411,40403.9,0.0676,648.1,19.27,-1.84,13.08,38.19,-79.02,43.31,0.2213,0.1084,0.0588,195368.3102438947,4727504.958744638,1
872,Las Madroñeras,Hispania Tarraconensis,0.9650000000000001,Alta Certeza (Grado I),1,0,0,0,0.0,0.0451,0.1408,0.3298,19321.8,0.2758,879.4,18.52,8.94,27.68,35.84,-75.88,65.63,0.2554,0.176,0.1766,231506.70768460084,4680119.179406242,1
873,Las Mayadicas / Arroyo de las Mayadicas,Hispania Tarraconensis,0.905,Alta Certeza (Grado I),1,0,0,0,0.0,0.0463,0.1594,0.3718,9955.7,0.5149,890.1,23.54,7.94,3.89,43.59,-69.39,73.98,0.3296,0.129,0.2319,226730.98257603933,4688361.160368702,1
875,Las Médulas,Hispania Tarraconensis,1.0,Alta Certeza (Grado I),1,0,0,0,0.0,0.0303,0.0603,0.2321,27422.9,0.1607,807.1,16.51,13.37,3.72,33.53,-79.39,48.53,0.123,0.0476,0.1081,190892.88824571233,4707652.340690783,1
876,Las Médulas de la Omañas (Miédolas),Hispania Tarraconensis,1.0,Alta Certeza (Grado I),1,0,0,0,0.0,0.1348,0.6935,0.3432,1912.7,0.8803,674.9,18.78,1.05,12.71,42.7,-57.15,83.14,0.8747,0.0944,0.6529,264296.68010402896,4728076.984510668,1
878,Las Miédulas - Las Lagunas,Hispania Tarraconensis,0.905,Alta Certeza (Grado I),1,0,0,0,0.0,0.0628,0.2978,0.4044,1574.9,0.9003,807.1,16.75,-8.31,-7.2,35.69,-67.56,92.49,0.9461,0.1855,0.5575,234006.4029859738,4704454.576332694,1
879,Las Minillas,Hispania Tarraconensis,0.9650000000000001,Alta Certeza (Grado I),0,1,1,1,0.0369,0.0025,0.0346,0.0653,63442.3,0.0146,225.5,17.67,10.82,-0.26,38.68,-77.53,9.84,0.2129,0.4416,0.0403,323440.29265144625,4303850.264505269,1
880,Las Minillas,Hispania Baetica,0.9650000000000001,Alta Certeza (Grado I),0,1,0,0,0.1338,0.0016,0.0834,0.145,28904.9,0.1456,272.1,21.45,-14.03,11.02,41.8,-68.23,62.77,0.1132,0.2341,0.2581,271350.0618072322,4240446.461175914,1
881,Las Monjas,Hispania Baetica,0.9650000000000001,Alta Certeza (Grado I),0,0,1,1,0.0521,0.0034,0.095,0.0826,39137.6,0.0736,246.1,18.68,-0.25,5.74,35.48,-71.38,48.95,0.0858,0.0901,0.1442,327365.31650938094,4278798.100266506,1
882,Las Moracas,Hispania Tarraconensis,0.9650000000000001,Alta Certeza (Grado I),1,0,0,0,0.0,0.0428,0.0617,0.0707,55543.1,0.0247,571.8,17.98,-2.79,16.29,34.93,-79.75,13.89,0.053,0.2641,0.0328,195903.3004266707,4747172.281461632,1
884,Las Morenas,Hispania Baetica,0.9650000000000001,Alta Certeza (Grado I),0,0,1,1,0.148,0.0018,0.0997,0.1892,21674.8,0.2357,220.4,18.1,-2.81,42.24,37.39,-64.87,62.5,0.3942,0.128,0.2135,274007.8559085985,4233722.061102202,1
885,Las Morras,Hispania Baetica,0.9650000000000001,Alta Certeza (Grado I),0,0,1,1,0.074,0.0044,0.3486,0.2346,10202.5,0.5065,236.5,18.56,-0.42,10.47,34.42,-67.29,91.83,0.5873,0.1145,0.4756,326234.96085292345,4246078.161339129,1
886,Las Murias - Los Tallares,Hispania Tarraconensis,1.0,Alta Certeza (Grado I),1,0,0,0,0.0,0.045,0.1342,0.3147,23457.0,0.2093,917.0,22.25,16.41,1.02,43.03,-78.68,34.26,0.2877,0.0963,0.1881,234161.47481455072,4676942.873248804,1
887,Las Musas,Hispania Baetica,0.9650000000000001,Alta Certeza (Grado I),0,0,1,1,0.156,0.0015,0.07,0.1542,28199.4,0.1526,215.9,25.0,14.07,29.52,48.83,-74.65,71.18,0.1351,0.1384,0.0982,265721.51969932695,4236980.257094629,1
888,Las Pedrizas de San Payo,Hispania Tarraconensis,0.845,Alta Certeza (Grado I),1,0,0,0,0.0,0.0403,0.0712,0.1099,46295.3,0.0457,619.1,28.53,6.55,-4.8,53.71,-79.88,41.29,0.1114,0.1774,0.0917,195749.3045908978,4735289.5474469,1
889,Las Pozas,Hispania Tarraconensis,0.9650000000000001,Alta Certeza (Grado I),0,0,1,1,0.0592,0.0153,0.3643,0.2357,7474.4,0.6076,318.0,22.28,15.75,-5.53,40.86,-68.78,84.07,0.53,0.1151,0.4989,405419.3468852529,4264825.249214049,1
890,Las Reguillinas,Hispania Tarraconensis,0.905,Alta Certeza (Grado I),1,0,0,0,0.0,0.0455,0.1569,0.4187,2468.1,0.8483,825.7,17.61,-3.21,1.67,37.28,-76.9,73.66,0.5804,0.07,0.5521,221111.87834509904,4694856.264493844,1
893,Las Tarafinas,Hispania Tarraconensis,0.9650000000000001,Alta Certeza (Grado I),1,0,0,0,0.0,0.0644,0.2025,0.1744,27381.2,0.1612,684.5,20.76,-3.36,6.98,42.46,-71.48,41.64,0.2126,0.075,0.1213,221771.33662807324,4731502.413069569,1
895,Las Tobosas,Hispania Baetica,0.9650000000000001,Alta Certeza (Grado I),0,0,1,1,0.0546,0.0021,0.0879,0.0667,45166.7,0.0492,227.7,18.4,12.43,1.77,39.68,-80.99,46.46,0.0522,0.0326,0.0491,296178.62881928496,4270508.506638148,1
896,Las Torcas,Hispania Baetica,0.9650000000000001,Alta Certeza (Grado I),0,0,1,1,0.0671,0.0071,0.1348,0.2219,9619.1,0.5266,276.0,17.27,9.82,8.26,33.87,-79.83,70.56,0.3372,0.126,0.2835,358862.7449760417,4260959.655744868,1
897,Las Torcas - El Teso de Piqueras,Hispania Tarraconensis,0.905,Alta Certeza (Grado I),1,0,0,0,0.0,0.0593,0.2233,0.2526,17119.2,0.3194,747.3,23.45,3.35,15.02,48.73,-76.3,65.54,0.4511,0.0677,0.2421,222531.5210984744,4719212.16957364,1
899,Las Traviesas,Hispania Tarraconensis,0.905,Alta Certeza (Grado I),1,0,0,0,0.0,0.1094,0.6577,0.3153,5217.9,0.7062,682.5,16.25,-4.21,20.95,37.32,-58.42,76.19,0.7908,0.0926,0.5871,252648.67670721313,4727462.333875927,1
900,Las Traviesas I,Hispania Tarraconensis,0.905,Alta Certeza (Grado I),1,0,0,0,0.0,0.0599,0.1554,0.1401,34229.3,0.1021,621.4,25.38,19.29,13.78,51.21,-74.18,47.28,0.1517,0.148,0.072,216296.95089534018,4736029.506759501,1
901,Las Traviesas II,Hispania Tarraconensis,0.905,Alta Certeza (Grado I),1,0,0,0,0.0,0.059,0.159,0.1499,32618.6,0.1137,669.1,18.57,-8.19,2.54,37.21,-78.29,40.98,0.176,0.1556,0.0974,216176.92098439223,4733896.278660067,1
902,Las Trelas,Hispania Tarraconensis,0.905,Alta Certeza (Grado I),1,0,0,0,0.0,0.0428,0.0222,0.0198,89146.1,0.0026,348.5,20.15,1.26,22.25,41.57,-74.66,11.2,0.0555,0.1695,0.0,192596.1145880756,4787175.031536981,1
904,Las Valiñas,Hispania Tarraconensis,0.905,Alta Certeza (Grado I),1,0,0,0,0.0,0.0298,0.0434,0.1192,49252.2,0.0375,663.8,20.4,7.95,0.39,40.41,-81.33,34.33,0.1623,0.0909,0.1072,182025.3835403733,4728384.38070328,1
905,Las Ventas - Fondelur,Hispania Tarraconensis,0.905,Alta Certeza (Grado I),1,0,0,0,0.0,0.0786,0.4553,0.3686,2829.5,0.8281,748.2,25.12,21.95,-7.03,48.56,-64.49,74.38,0.8094,0.2795,0.4724,241221.96494827082,4714138.559999737,1
906,Lavadoira,Hispania Tarraconensis,1.0,Alta Certeza (Grado I),1,0,0,0,0.0,0.0563,0.0217,0.0336,90145.4,0.0025,246.4,20.15,9.11,24.54,42.63,-80.8,-7.5,0.1531,0.3148,0.0265,207563.94193880196,4800082.3950344045,1
908,Leoneza,Hispania Tarraconensis,0.905,Alta Certeza (Grado I),1,0,0,0,0.0,0.0617,0.1165,0.088,45232.7,0.049,542.9,19.9,9.81,23.65,40.55,-79.98,27.02,0.1887,0.2079,0.0714,214380.70036387554,4748422.749510517,1
909,Leras,Hispania Tarraconensis,0.905,Alta Certeza (Grado I),1,0,0,0,0.0,0.1922,0.3342,0.3202,1383.8,0.9119,620.8,16.37,0.36,-1.32,36.88,-72.39,74.75,0.6912,0.2355,0.5585,277128.65491639276,4741383.721059698,1
910,Llano Tabernero,Hispania Baetica,0.9650000000000001,Alta Certeza (Grado I),0,1,0,0,0.0717,0.0061,0.2948,0.2801,4264.8,0.7525,308.1,19.02,10.25,4.72,38.35,-63.92,110.42,0.5797,0.0764,0.4968,344353.7695966002,4246952.294904546,1
911,Lomo de Perro,Hispania Baetica,0.9650000000000001,Alta Certeza (Grado I),0,1,1,1,0.0287,0.0015,0.0352,0.0561,58039.5,0.0209,185.9,16.75,5.87,-2.63,34.46,-75.78,18.59,0.0823,0.4225,0.0,289127.95677673124,4292981.955100721,1
912,Longrey,Hispania Tarraconensis,0.905,Alta Certeza (Grado I),1,0,0,0,0.0,0.0631,0.0143,0.0612,97767.7,0.0015,170.3,21.45,-6.27,14.64,42.47,-75.7,-18.55,0.0461,0.0762,0.0,216859.33763357438,4816970.210888326,1
913,Los Alemanes,Hispania Tarraconensis,0.9650000000000001,Alta Certeza (Grado I),0,0,1,1,0.032,0.046,0.215,0.1882,27577.1,0.1591,494.0,18.97,12.03,30.27,36.9,-70.19,52.66,0.2869,0.0709,0.2053,444223.8545849035,4222518.469306383,1
914,Los Almadenes,Hispania Baetica,0.9650000000000001,Alta Certeza (Grado I),0,0,1,1,0.068,0.0034,0.2175,0.1482,23009.4,0.2157,232.7,20.66,13.96,18.76,43.81,-75.84,56.8,0.2151,0.0948,0.2635,316192.92758794595,4255555.675605312,1
915,Los Arrayanes,Hispania Tarraconensis,0.9650000000000001,Alta Certeza (Grado I),0,1,1,1,0.0309,0.0475,0.2023,0.1968,26185.9,0.1745,500.7,16.27,11.31,20.56,38.65,-63.62,62.66,0.1635,0.0545,0.1393,445315.1891314356,4221309.929950433,1
918,Los Barriales - Los Testeros,Hispania Tarraconensis,0.9650000000000001,Alta Certeza (Grado I),1,0,0,0,0.0,0.0576,0.2353,0.3328,15062.9,0.3663,846.2,16.45,5.2,18.06,33.85,-71.44,65.3,0.316,0.4243,0.1757,238529.27874539982,4690885.371589065,1
919,Los Barrieros,Hispania Tarraconensis,0.905,Alta Certeza (Grado I),1,0,0,0,0.0,0.032,0.0713,0.2781,20081.8,0.2622,807.2,21.14,-1.31,10.57,41.69,-75.8,69.03,0.5318,0.1112,0.1135,196331.93796934624,4702505.631028159,1
920,Los Bueyes,Hispania Baetica,0.9650000000000001,Alta Certeza (Grado I),0,1,0,0,0.2933,0.0003,0.0011,0.3802,12318.3,0.4399,345.4,16.4,-13.55,21.2,33.02,-63.88,119.78,0.241,0.2282,0.4302,166909.01070882776,4171810.6801384324,1
921,Los Caborcos y Las Pedrizas,Hispania Tarraconensis,0.94,Alta Certeza (Grado I),1,0,0,0,0.0,0.0408,0.072,0.1081,46516.6,0.045,640.8,16.39,6.17,17.14,33.15,-73.39,42.49,0.136,0.1352,0.0081,196192.77987301134,4735948.259192389,1
922,Los Cabuercos - Las Coronas,Hispania Tarraconensis,0.9650000000000001,Alta Certeza (Grado I),1,0,0,0,0.0,0.0585,0.2444,0.3358,14158.1,0.3891,853.5,16.15,13.5,25.35,37.36,-77.04,56.66,0.3389,0.1096,0.263,238545.9061750253,4692059.977581043,1
923,Los Cachicobos,Hispania Tarraconensis,0.905,Alta Certeza (Grado I),1,0,0,0,0.0,0.0312,0.05,0.1338,45169.3,0.0492,689.3,28.64,16.56,8.8,55.11,-76.06,41.24,0.0413,0.0251,0.1104,185302.9789037431,4725727.797331362,1
924,Los Campos,Hispania Tarraconensis,0.905,Alta Certeza (Grado I),1,0,0,0,0.0,0.0796,0.3716,0.2575,13808.9,0.3983,678.8,21.45,12.96,-10.13,42.43,-77.17,72.84,0.4054,0.1505,0.2843,235841.59051525622,4725366.640041123,1
925,Los Carriles,Hispania Tarraconensis,0.905,Alta Certeza (Grado I),1,0,0,0,0.0,0.0728,0.3894,0.3697,3108.2,0.8128,749.5,17.84,4.76,21.46,34.63,-65.61,66.68,0.74,0.1769,0.515,237577.11049867643,4712711.530473997,1
926,Los Casares,Hispania Tarraconensis,0.9650000000000001,Alta Certeza (Grado I),1,0,0,0,0.0,0.0383,0.1086,0.3795,10619.9,0.4926,905.9,17.5,13.95,12.95,37.09,-81.06,66.19,0.3631,0.0807,0.3186,219554.17289959255,4681986.147017355,1
927,Los Cáscaros,Hispania Tarraconensis,0.905,Alta Certeza (Grado I),1,0,0,0,0.0,0.1358,0.5781,0.3033,5006.0,0.7162,655.8,17.82,12.74,5.36,36.94,-61.55,60.43,0.8322,0.2367,0.6171,261614.4196646909,4733605.172071165,1
929,Los Castillos - Alto de la Mina,Hispania Tarraconensis,0.8799999999999999,Alta Certeza (Grado I),1,0,0,0,0.0,0.0859,0.4804,0.3074,7772.5,0.5956,695.0,22.06,3.24,8.15,42.43,-60.16,78.92,0.5402,0.0859,0.4096,241795.71791997683,4722132.538504447,1
930,Los Cavenes,Lusitania,0.9650000000000001,Alta Certeza (Grado I),1,0,0,0,0.0,0.0021,0.0305,0.0279,134385.9,0.0001,796.4,20.43,11.54,40.87,39.99,-75.8,-47.74,0.0212,0.0265,0.0788,234072.67196149385,4495293.762064718,1
932,Los Cubanallos,Hispania Tarraconensis,0.905,Alta Certeza (Grado I),1,0,0,0,0.0,0.0432,0.1409,0.4147,3845.5,0.7739,869.4,16.92,0.79,0.75,38.52,-70.88,90.46,0.7676,0.0478,0.4151,220460.78678236873,4691060.025668412,1
933,Los Culeritos,Hispania Baetica,0.9650000000000001,Alta Certeza (Grado I),0,1,0,0,0.1761,0.0002,0.0009,0.1046,63076.7,0.0149,260.3,16.86,9.38,-1.81,35.42,-64.92,41.05,0.051,0.1347,0.0339,153484.09107423277,4222767.353997558,1
934,Los Dolores,Hispania Tarraconensis,0.9650000000000001,Alta Certeza (Grado I),0,0,1,1,0.0646,0.0088,0.1541,0.1919,13428.9,0.4085,286.8,16.51,-5.44,9.28,34.92,-73.6,80.77,0.3435,0.2261,0.2888,378473.615086403,4274528.282694141,1
935,Los Eneros,Hispania Baetica,0.9650000000000001,Alta Certeza (Grado I),0,1,1,1,0.1043,0.0024,0.184,0.1938,18694.3,0.2876,229.5,20.42,-3.65,24.37,41.96,-65.83,86.83,0.357,0.2298,0.1828,292260.53478746116,4239154.962319405,1
936,Los Engarbos,Hispania Baetica,0.9650000000000001,Alta Certeza (Grado I),0,0,1,1,0.0,0.0665,0.0516,0.0974,41438.3,0.0631,517.0,21.88,15.03,38.28,47.17,-85.35,31.02,0.0788,0.0948,0.0706,483910.8500161045,4245527.994752769,1
937,Los Escoriales,Hispania Baetica,0.9650000000000001,Alta Certeza (Grado I),0,1,0,0,0.0539,0.0284,0.5187,0.1479,36741.2,0.0863,430.2,17.33,12.7,16.55,34.1,-63.95,42.28,0.3615,0.1357,0.3778,419043.4703555939,4226305.666605578,1
938,Los Estancos,Hispania Tarraconensis,0.905,Alta Certeza (Grado I),1,0,0,0,0.0,0.0673,0.3413,0.3983,1533.6,0.9028,758.9,16.18,9.92,-7.15,33.33,-64.19,71.24,0.6791,0.1747,0.6091,236445.62162617542,4707065.317117242,1
941,Los Fuellos,Hispania Tarraconensis,0.905,Alta Certeza (Grado I),1,0,0,0,0.0,0.064,0.3099,0.3922,3018.4,0.8177,776.4,16.44,5.64,31.87,34.25,-72.24,73.49,0.625,0.0724,0.4966,235506.6482206037,4703944.882652198,1
942,Los Galayos,Hispania Tarraconensis,0.9650000000000001,Alta Certeza (Grado I),0,0,1,1,0.0515,0.0209,0.439,0.1625,19591.1,0.2709,363.2,29.85,-10.18,14.69,55.28,-71.21,59.43,0.3085,0.0587,0.3403,419578.25906603725,4258217.209771044,1
943,Los Guijarros,Hispania Baetica,0.9650000000000001,Alta Certeza (Grado I),0,1,0,0,0.1689,0.0002,0.0009,0.0999,56751.5,0.0227,277.6,17.5,4.65,-1.3,34.66,-61.78,41.78,0.1724,0.4425,0.0326,156023.14209508052,4228562.288986332,1
944,Los Guindos,Hispania Tarraconensis,0.9650000000000001,Alta Certeza (Grado I),0,0,1,1,0.0359,0.0353,0.3065,0.0995,43932.7,0.0535,428.5,21.96,10.22,-1.97,46.63,-66.4,50.27,0.1632,0.1388,0.0949,439557.16441866447,4240660.420734919,1
945,Los Lagunales - Teso las Pilas,Hispania Tarraconensis,0.905,Alta Certeza (Grado I),1,0,0,0,0.0,0.0665,0.3331,0.367,6365.9,0.6542,817.0,20.02,1.73,20.04,42.55,-66.95,72.67,0.6126,0.4451,0.4232,238775.295301213,4702541.475888288,1
946,Los Mayadones I,Hispania Tarraconensis,0.845,Alta Certeza (Grado I),1,0,0,0,0.0,0.045,0.1524,0.3965,6105.4,0.6656,835.1,18.02,-0.29,11.88,39.31,-79.35,76.96,0.7087,0.0727,0.3829,223257.06659541,4690629.653150172,1
947,Los Mayadones II,Hispania Tarraconensis,0.905,Alta Certeza (Grado I),1,0,0,0,0.0,0.0456,0.1558,0.3862,7592.3,0.6028,862.1,17.02,16.66,12.65,34.45,-74.19,66.9,0.456,0.1533,0.2835,224571.76047549245,4689909.8234804645,1
948,Los Milagros del Monte Medo,Hispania Tarraconensis,0.845,Alta Certeza (Grado I),1,0,0,0,0.0353,0.0067,0.0029,0.1808,82255.3,0.0042,835.9,16.61,4.5,23.75,33.98,-76.77,-3.13,0.0795,0.0475,0.0017,117958.74392954452,4685930.106966453,1
950,Los Moruecos de Larón,Hispania Tarraconensis,0.905,Alta Certeza (Grado I),1,0,0,0,0.0,0.0528,0.0554,0.0372,65146.1,0.013,455.8,19.92,9.61,0.33,37.27,-81.62,17.71,0.0866,0.0673,0.0159,203690.97373868077,4765399.432871655,1
951,Los Muriacales - Los Cubanallos,Hispania Tarraconensis,0.905,Alta Certeza (Grado I),1,0,0,0,0.0,0.0406,0.1198,0.3599,13784.8,0.3989,898.7,22.06,12.81,27.42,46.57,-77.09,67.48,0.2776,0.1001,0.3125,223876.71122701454,4681147.671412865,1
952,Los Palazuelos,Hispania Tarraconensis,0.9650000000000001,Alta Certeza (Grado I),0,1,1,1,0.0272,0.0477,0.1944,0.1645,31067.4,0.126,487.1,20.23,-1.94,3.88,43.6,-78.54,60.79,0.1874,0.0855,0.0675,448859.3263122774,4227085.575941356,1
953,Los Patalos,Hispania Baetica,0.9650000000000001,Alta Certeza (Grado I),0,1,0,0,0.0706,0.0162,0.3518,0.1539,35181.1,0.0958,378.7,19.12,7.28,35.53,41.58,-66.6,68.43,0.265,0.065,0.1124,388127.1364957937,4225729.273338278,1
954,Los Pobos,Hispania Baetica,0.9650000000000001,Alta Certeza (Grado I),0,1,0,0,0.0757,0.01,0.2419,0.2023,20503.3,0.2549,349.7,16.27,15.44,15.32,37.49,-64.3,63.94,0.6323,0.0753,0.2391,363948.19028428895,4230303.60398411,1
955,Los Poliñeiros,Hispania Tarraconensis,1.0,Alta Certeza (Grado I),1,0,0,0,0.0,0.0381,0.0697,0.1265,43480.9,0.0551,657.6,29.93,23.53,3.92,59.71,-80.9,45.13,0.3216,0.0303,0.106,194245.2012184366,4730579.194981421,1
956,Los Prados del Castro,Hispania Tarraconensis,0.905,Alta Certeza (Grado I),1,0,0,0,0.0,0.0375,0.105,0.3895,9067.9,0.5463,904.5,22.51,7.07,-13.05,48.63,-69.22,60.13,0.522,0.1481,0.3323,217855.87303419097,4682612.987635688,1
957,Los Rubiales,Hispania Baetica,0.9650000000000001,Alta Certeza (Grado I),0,0,1,1,0.0667,0.0065,0.1501,0.2104,11264.2,0.4719,254.2,17.48,3.34,18.45,36.07,-77.24,99.47,0.5147,0.1057,0.3228,354158.3379380298,4260793.062544573,1
958,Los Rudicales,Hispania Tarraconensis,0.905,Alta Certeza (Grado I),1,0,0,0,0.0,0.0349,0.0586,0.1228,45725.2,0.0474,677.9,31.74,11.67,11.38,58.6,-79.28,26.41,0.0998,0.0343,0.0269,189792.52764751593,4729982.742210848,1
963,Louviño,Hispania Tarraconensis,0.9650000000000001,Alta Certeza (Grado I),0,0,0,0,0.0324,0.0062,0.0027,0.2116,79077.0,0.0051,927.6,19.78,7.88,8.02,42.33,-80.6,12.68,0.109,0.0393,0.0501,121915.17825856397,4667512.569492354,1
964,Lozacio,Hispania Tarraconensis,0.9650000000000001,Alta Certeza (Grado I),0,0,1,1,0.0,0.0234,0.0195,0.2021,75126.2,0.0067,1001.4,19.59,16.97,18.99,36.65,-80.14,-6.0,0.2344,0.0272,0.0505,248076.09846409698,4622257.241989602,1
965,Madarnas,Hispania Tarraconensis,1.0,Alta Certeza (Grado I),1,0,0,0,0.0499,0.004,0.0008,0.1039,122765.4,0.0003,746.4,21.61,-1.49,22.93,44.24,-71.5,-36.8,0.0503,0.1226,0.0075,81702.0560596555,4712816.912760872,1
966,Madereros,Hispania Baetica,0.9650000000000001,Alta Certeza (Grado I),0,1,1,1,0.11,0.0054,0.3024,0.2305,37582.9,0.0816,354.0,22.78,4.59,26.07,47.91,-68.27,74.37,0.4735,0.0687,0.1281,322058.0866668679,4191170.4506305684,1
967,Majada Hermosa,Hispania Baetica,0.9650000000000001,Alta Certeza (Grado I),0,0,1,1,0.0372,0.002,0.0527,0.0495,58506.6,0.0202,208.1,20.37,-2.83,-3.91,42.32,-77.99,18.89,0.0794,0.1603,0.0,300500.73113922996,4287396.0063375,1
968,Malapiedra - Las Iruelas,Hispania Tarraconensis,0.9650000000000001,Alta Certeza (Grado I),1,0,0,0,0.0,0.056,0.2308,0.3625,5572.6,0.6897,791.6,16.65,-3.1,25.43,39.52,-70.46,96.47,0.5613,0.0413,0.458,225714.00728469423,4707047.252532148,1
969,Manzanal del Puerto / La Cantera / La Bajada de Lloroso,Hispania Tarraconensis,1.0,Alta Certeza (Grado I),1,0,0,0,0.0,0.0726,0.3433,0.2857,11374.8,0.4685,710.3,17.75,8.34,1.93,33.02,-69.33,68.57,0.4936,0.0795,0.26,233272.9670207798,4720287.190463044,1
970,Manzaneda / El Follacón,Hispania Tarraconensis,1.0,Alta Certeza (Grado I),1,0,0,0,0.0,0.0435,0.1381,0.3595,13080.1,0.4181,889.1,26.63,14.47,-13.76,52.76,-75.16,76.68,0.5577,0.2518,0.3343,226218.8485511517,4683824.235224921,1
971,Manzarnoso II,Hispania Tarraconensis,1.0,Alta Certeza (Grado I),1,0,0,0,0.0,0.0795,0.4244,0.3119,7891.2,0.5909,718.9,17.11,-0.06,-5.58,35.84,-71.13,76.14,0.5087,0.1824,0.4,238572.8810139045,4719935.871791643,1
972,La Devesa II,Hispania Tarraconensis,1.0,Alta Certeza (Grado I),1,0,0,0,0.0,0.0912,0.5799,0.3503,3226.6,0.8065,738.1,17.96,11.56,11.6,34.64,-62.89,81.34,0.8276,0.0715,0.5927,246378.60545726836,4720061.085048024,1
973,Manzarnoso I / Peñasturón,Hispania Tarraconensis,1.0,Alta Certeza (Grado I),1,0,0,0,0.0,0.0811,0.4583,0.3353,5428.0,0.6964,732.9,18.36,14.4,-2.57,35.74,-61.72,60.31,0.6386,0.2289,0.5208,240559.4758527292,4718415.802485676,1
974,Marco del Abuelo,Hispania Tarraconensis,0.845,Alta Certeza (Grado I),1,0,0,0,0.0,0.0425,0.0247,0.0188,86055.7,0.0032,371.1,18.41,21.0,8.15,36.45,-85.7,-10.78,0.0416,0.0977,0.0,192069.2258105207,4782844.361841137,1
977,Mazarrón,Hispania Tarraconensis,0.9650000000000001,Alta Certeza (Grado I),0,0,1,1,0.0188,0.2534,0.0,0.4415,5585.3,0.6891,1089.6,19.89,6.53,14.01,38.61,-81.66,89.19,0.5266,0.3743,0.3291,647479.1120292597,4162578.450795043,1
978,Medela,Hispania Tarraconensis,0.905,Alta Certeza (Grado I),1,0,0,0,0.05,0.0039,0.0008,0.1042,123933.2,0.0003,751.7,27.56,3.15,11.6,54.39,-84.24,-39.88,0.0807,0.1195,0.0269,80440.64699376246,4712634.322157676,1
979,Meiriña - La Raña,Hispania Tarraconensis,0.845,Alta Certeza (Grado I),1,0,0,0,0.0,0.0318,0.0601,0.1843,34849.5,0.0979,734.4,17.2,-2.86,2.67,34.75,-76.05,46.54,0.1651,0.1368,0.0243,189826.7343377191,4716235.739629696,1
980,Melgoto,Hispania Tarraconensis,0.845,Alta Certeza (Grado I),1,0,0,0,0.0,0.0271,0.048,0.2257,29870.2,0.1365,793.9,16.62,-3.83,-6.7,35.54,-73.66,34.66,0.108,0.5226,0.0293,185305.91250940872,4706412.658546576,1
981,Mesa del Castaño,Hispania Baetica,0.9650000000000001,Alta Certeza (Grado I),0,1,0,0,0.1569,0.0018,0.1084,0.2204,17391.0,0.3137,234.1,16.98,15.09,8.75,36.86,-68.07,80.76,0.2498,0.1062,0.2032,275281.74446755974,4229609.652575589,1
982,Milagros,Hispania Tarraconensis,0.9650000000000001,Alta Certeza (Grado I),0,1,0,0,0.025,0.6301,0.0932,0.2393,9398.1,0.5344,317.0,24.82,-4.68,-12.37,50.83,-79.73,85.58,0.4075,0.5514,0.3656,340338.0311772957,4800975.60151018,1
983,Míllera,Hispania Tarraconensis,0.905,Alta Certeza (Grado I),1,0,0,0,0.0,0.0987,0.0319,0.0479,74619.9,0.0069,269.8,20.25,15.82,1.89,40.63,-82.95,-7.45,0.0658,0.1307,0.0329,236486.47565929766,4802882.098222469,1
984,Mina de la Lomba,Hispania Tarraconensis,0.905,Alta Certeza (Grado I),1,0,0,0,0.0,0.1239,0.4768,0.2415,12073.1,0.4471,638.0,17.44,-1.71,-2.41,36.97,-66.89,75.1,0.4322,0.0908,0.3269,254542.2674770874,4737695.264569772,1
985,Mina Teuler,Hispania Baetica,0.9650000000000001,Alta Certeza (Grado I),0,1,0,0,0.5303,0.0006,0.0083,0.2622,21516.3,0.2383,265.5,22.87,1.38,8.56,48.23,-49.14,139.81,0.4293,0.267,0.3774,211349.12449223618,4203389.502198057,1
986,Mina Valquemado,Hispania Baetica,0.9650000000000001,Alta Certeza (Grado I),0,1,0,0,0.0648,0.0189,0.6217,0.1429,33337.5,0.1083,406.5,24.0,5.99,9.44,49.09,-53.81,54.03,0.3576,0.0584,0.2297,400087.9068057835,4233446.844438533,1
987,Minas de Cala,Hispania Baetica,0.9650000000000001,Alta Certeza (Grado I),0,1,0,0,0.4834,0.0005,0.0067,0.2389,25625.8,0.1812,263.8,23.59,1.45,23.32,51.19,-53.47,124.09,0.206,0.3468,0.1884,205653.65170769184,4205226.591188056,1
988,Mirabueno,Hispania Baetica,0.9650000000000001,Alta Certeza (Grado I),0,0,1,1,0.0934,0.0056,0.8035,0.245,19382.8,0.2747,281.9,26.15,15.3,32.08,54.03,-48.55,69.72,0.4936,0.1344,0.4506,328920.2883947117,4214637.506666683,1
989,Miraflores,Hispania Baetica,0.9650000000000001,Alta Certeza (Grado I),0,1,1,1,0.0253,0.0013,0.0282,0.0679,51743.0,0.0318,189.5,17.26,19.68,-4.78,39.5,-78.86,28.03,0.0632,0.0942,0.1168,280728.1165796729,4294342.333992544,1
990,Moeche,Hispania Tarraconensis,0.9650000000000001,Alta Certeza (Grado I),0,1,0,0,0.0462,0.0058,0.0004,0.0893,183688.1,0.0,177.5,21.72,1.26,34.78,39.12,-80.2,-87.46,0.0524,0.0304,0.0465,98181.46469357936,4833515.206137344,1
993,Moncelos,Hispania Tarraconensis,0.9650000000000001,Alta Certeza (Grado I),1,0,0,0,0.0212,0.0133,0.0025,0.0249,136166.0,0.0001,296.8,18.57,2.11,-0.07,38.61,-79.97,-57.3,0.0536,0.0833,0.0,135151.3866269443,4802064.625888396,1
995,Monte dos Castros,Hispania Tarraconensis,0.905,Alta Certeza (Grado I),1,0,0,0,0.0085,0.0157,0.0019,0.0832,150424.4,0.0,143.1,23.48,5.74,13.81,46.61,-78.09,-51.07,0.0793,0.2738,0.0028,148496.7489853254,4830507.4641583245,1
996,Monte Los Pedregales,Hispania Tarraconensis,0.845,Alta Certeza (Grado I),1,0,0,0,0.0,0.0196,0.0169,0.0818,67330.6,0.0112,682.8,21.31,10.72,16.79,43.11,-75.83,15.66,0.0874,0.0644,0.0,158903.15325371613,4733333.464260788,1
997,Monte Lourido,Hispania Tarraconensis,0.905,Alta Certeza (Grado I),1,0,0,0,0.0485,0.0034,0.0002,0.0193,179551.2,0.0,412.9,22.09,5.4,40.38,43.15,-78.09,-98.03,0.0688,0.1247,0.0384,66410.32565519447,4799968.424114324,1
998,Monte Neme,Hispania Tarraconensis,0.9650000000000001,Alta Certeza (Grado I),0,0,0,0,0.0324,0.0018,0.0001,0.0306,208132.4,0.0,428.5,20.37,17.21,3.68,42.45,-82.87,-100.0,0.0145,0.1688,0.0,35283.501485009736,4807230.417946173,1
999,Monte Oucedo - Las Peneliñas,Hispania Tarraconensis,0.94,Alta Certeza (Grado I),1,0,0,0,0.0,0.0329,0.062,0.1701,36972.2,0.085,737.6,16.88,14.24,-13.12,31.76,-74.14,49.27,0.1209,0.1763,0.0444,190482.1898342871,4719370.230835333,1
1000,Monte Romero,Hispania Baetica,0.9650000000000001,Alta Certeza (Grado I),0,1,0,0,0.2843,0.0002,0.0012,0.2699,27820.1,0.1565,297.3,19.25,-3.71,27.51,40.45,-66.5,78.29,0.0781,0.2156,0.1213,165300.3227592809,4188242.8497468554,1
1001,Monte Triano,Hispania Tarraconensis,0.9650000000000001,Alta Certeza (Grado I),0,0,0,0,0.0,0.0547,0.0005,0.0147,118065.5,0.0004,590.1,32.81,14.01,6.4,62.51,-78.94,-48.41,0.0137,0.2335,0.0114,494738.7921185294,4792170.641652765,1
1002,Monte Venero,Hispania Baetica,0.9650000000000001,Alta Certeza (Grado I),0,0,1,1,0.0032,0.0556,0.0857,0.0923,43816.7,0.0539,498.3,27.18,20.32,9.25,52.92,-77.34,35.5,0.3196,0.0901,0.0,471202.9511167785,4245124.595099005,1
1003,Montefurado,Hispania Tarraconensis,1.0,Alta Certeza (Grado I),1,0,0,0,0.0029,0.0148,0.0137,0.18,50924.7,0.0335,781.7,16.27,0.92,-5.28,35.17,-80.05,13.67,0.107,0.2313,0.0439,154197.5003233318,4702258.756920081,1
1004,Montefurado: Boca do Monte,Hispania Tarraconensis,1.0,Alta Certeza (Grado I),1,0,0,0,0.0034,0.0146,0.0134,0.1807,51156.9,0.033,822.8,16.82,2.69,4.1,35.43,-81.34,50.25,0.1215,0.0394,0.0,153726.52499897993,4701812.702633578,1
1005,Monterroso,Hispania Tarraconensis,0.94,Alta Certeza (Grado I),1,0,0,0,0.0,0.0497,0.032,0.0219,80227.3,0.0048,375.9,16.66,0.77,-1.75,37.1,-76.56,7.99,0.0649,0.0677,0.0,199894.9361861908,4781530.974366091,1
1007,Moreda I,Hispania Tarraconensis,0.845,Alta Certeza (Grado I),1,0,0,0,0.0,0.04,0.0672,0.101,48540.2,0.0393,622.7,21.28,2.33,18.75,41.36,-92.31,31.33,0.277,0.0334,0.0795,194772.98650335398,4737400.39737538,1
1008,Moreda II,Hispania Tarraconensis,0.9650000000000001,Alta Certeza (Grado I),1,0,0,0,0.0,0.0397,0.0663,0.1007,48739.5,0.0388,638.8,22.91,-6.48,12.42,46.07,-73.47,27.83,0.1384,0.1865,0.064,194399.2907601805,4737348.492906275,1
1009,Morla / Olleiro,Hispania Tarraconensis,1.0,Alta Certeza (Grado I),1,0,0,0,0.0,0.0464,0.1543,0.3442,15493.6,0.356,921.3,17.06,-5.51,0.36,37.48,-79.02,58.51,0.3733,0.0865,0.2919,230224.05762839882,4683986.583514152,1
1010,Moros,Hispania Tarraconensis,0.9650000000000001,Alta Certeza (Grado I),0,0,0,0,0.0,0.0018,0.0,0.0954,134069.1,0.0001,424.1,18.92,6.29,21.41,39.77,-78.37,-73.71,0.046,0.0273,0.0,598074.2630970199,4583505.842427299,1
1011,Mortecino,Hispania Baetica,0.9650000000000001,Alta Certeza (Grado I),0,1,0,0,0.0703,0.0094,0.1872,0.264,5673.9,0.6851,310.3,23.45,19.14,14.78,48.05,-68.75,67.54,0.7707,0.0681,0.3941,369290.2308694034,4249877.59480335,1
1012,Motilla,Hispania Baetica,0.9650000000000001,Alta Certeza (Grado I),0,1,0,0,0.0733,0.0056,0.3557,0.2833,4351.6,0.7482,269.5,21.38,1.51,-11.46,45.69,-59.83,105.66,0.7315,0.2722,0.5167,338531.89955890464,4244391.238893888,1
1013,Murial de Irrondo,Hispania Tarraconensis,0.845,Alta Certeza (Grado I),1,0,0,0,0.0,0.0546,0.0319,0.024,80853.3,0.0046,329.2,19.22,0.62,20.65,38.79,-78.25,14.88,0.2058,0.2178,0.0404,204779.44302370754,4786141.301412428,1
1015,Nava de Ricomalillo,Hispania Tarraconensis,0.9650000000000001,Alta Certeza (Grado I),1,0,0,0,0.0226,0.001,0.0769,0.4306,7729.7,0.5973,359.4,19.67,19.51,12.05,39.17,-79.66,69.9,0.3647,0.0926,0.2576,332299.1609069634,4391982.006202814,1
1016,Nava del Jadraque,Hispania Tarraconensis,0.9650000000000001,Alta Certeza (Grado I),1,0,0,0,0.0,0.0046,0.0015,0.1287,30149.7,0.134,524.4,18.94,-3.18,26.16,40.24,-86.37,58.93,0.0809,0.0989,0.089,488549.8713301701,4548912.0435845805,1
1017,Navafría,Hispania Baetica,0.9650000000000001,Alta Certeza (Grado I),0,1,0,0,0.0861,0.0053,0.7591,0.2841,8553.0,0.5654,293.3,17.51,-8.04,10.24,36.22,-53.45,89.43,0.6315,0.1111,0.5163,329204.09174932167,4226843.523948482,1
1018,Navalamoheda,Hispania Baetica,0.9650000000000001,Alta Certeza (Grado I),0,1,0,0,0.0693,0.0173,0.3963,0.1496,36566.9,0.0874,383.7,19.43,-0.8,0.21,42.21,-71.79,60.06,0.2186,0.0964,0.0975,391729.19756401906,4225803.471566916,1
1019,Navalasno,Hispania Baetica,0.9650000000000001,Alta Certeza (Grado I),0,1,0,0,0.0628,0.0218,0.5807,0.1346,40736.9,0.0662,419.4,20.77,0.93,7.93,43.12,-61.33,34.43,0.4458,0.2938,0.1949,405145.516000538,4227307.33658463,1
1020,Navalespino,Hispania Baetica,0.9650000000000001,Alta Certeza (Grado I),0,1,1,1,0.0914,0.0017,0.0859,0.0974,37446.9,0.0824,222.0,24.36,-6.67,21.83,47.6,-73.11,38.19,0.0641,0.0603,0.1293,278544.20940176665,4253411.559597058,1
1021,Navelgas,Hispania Tarraconensis,0.9650000000000001,Alta Certeza (Grado I),1,0,0,0,0.0,0.0604,0.0158,0.0529,96482.7,0.0016,201.7,20.14,5.02,0.82,41.93,-82.29,-4.66,0.0144,0.0965,0.0,213496.89614796086,4812722.019527253,1
1022,Navelgas Norte: Mina de Entrepeñas,Hispania Tarraconensis,1.0,Alta Certeza (Grado I),1,0,0,0,0.0,0.0604,0.0158,0.0529,96482.7,0.0016,178.5,21.82,14.13,5.63,42.48,-79.36,-36.28,0.0385,0.0845,0.0374,213496.89614796086,4812722.019527253,1
1023,Navelgas Norte: Mina la Moura,Hispania Tarraconensis,0.94,Alta Certeza (Grado I),1,0,0,0,0.0,0.0602,0.0158,0.0525,96491.6,0.0016,183.0,16.79,-5.25,5.74,37.12,-80.47,-17.97,0.0288,0.1111,0.0197,213282.10719751357,4812562.448411051,1
1024,Nueva Concepción,Hispania Tarraconensis,0.9650000000000001,Alta Certeza (Grado I),0,0,0,0,0.0562,0.0047,0.0578,0.0927,37824.1,0.0803,224.8,18.57,6.27,-4.51,35.64,-76.21,46.93,0.0751,0.0926,0.0673,350252.6432649855,4288343.111011947,1
1025,O Foio,Hispania Tarraconensis,0.9650000000000001,Alta Certeza (Grado I),1,0,0,0,0.0,0.0233,0.0355,0.2248,32098.0,0.1177,793.9,16.13,8.01,-1.01,36.49,-88.63,43.3,0.2155,0.0895,0.0,178200.27248094114,4703559.617219233,1
1026,O Penedo,Hispania Tarraconensis,1.0,Alta Certeza (Grado I),1,0,0,0,0.0,0.0123,0.0111,0.2572,42505.4,0.0588,919.2,17.23,4.5,10.69,36.66,-84.84,40.64,0.1046,0.0237,0.0,158223.32041261636,4672163.096505444,1
1029,Ochadoiro,Hispania Tarraconensis,0.905,Alta Certeza (Grado I),1,0,0,0,0.0,0.08,0.1449,0.0852,42743.0,0.0579,538.0,21.28,7.87,25.07,42.98,-73.08,30.48,0.0756,0.1279,0.0525,226272.721859748,4754556.395731694,1
1030,Oencia,Hispania Tarraconensis,0.845,Alta Certeza (Grado I),1,0,0,0,0.0,0.0239,0.0323,0.1544,45238.1,0.049,722.8,35.32,12.17,21.46,70.1,-75.81,38.72,0.0829,0.0445,0.0,174242.56638720026,4717212.807526215,1
1031,Morla,Hispania Tarraconensis,0.9650000000000001,Alta Certeza (Grado I),1,0,0,0,0.0,0.0452,0.1455,0.3423,16251.1,0.3384,905.8,16.51,-1.55,7.71,35.75,-82.99,65.16,0.2655,0.052,0.1962,229637.47416704375,4682577.527283705,1
1032,Orellana Vieja,Hispania Baetica,0.9650000000000001,Alta Certeza (Grado I),0,0,1,1,0.0029,0.001,0.0117,0.1648,32033.0,0.1182,240.6,18.15,17.43,-0.9,40.33,-82.73,69.39,0.0584,0.0089,0.1091,280807.0042332454,4319672.875946994,1
1033,Os Medos,Hispania Tarraconensis,0.905,Alta Certeza (Grado I),1,0,0,0,0.0203,0.0009,0.0001,0.1948,179875.2,0.0,828.2,22.54,16.74,24.41,48.21,-74.49,-100.0,0.1128,0.1546,0.0,20886.85880839906,4663459.66965225,1
1034,Os Pozos da Barreira,Hispania Tarraconensis,0.905,Alta Certeza (Grado I),1,0,0,0,0.0499,0.0039,0.0008,0.1052,122683.9,0.0003,788.2,17.01,14.62,13.71,36.32,-79.85,-34.9,0.1214,0.0835,0.0053,81647.20073608076,4712310.335942219,1
1035,Osseja ?,Hispania Tarraconensis,0.79,Media Certeza (Grado II),1,0,0,0,0.0,0.0,0.0,0.1135,468620.9,0.0,752.8,19.34,13.91,1.19,38.06,-80.45,-100.0,0.1276,0.0985,0.0,909708.8749723076,4706964.859040133,1
1036,Outerio de Baltar,Hispania Tarraconensis,0.9650000000000001,Alta Certeza (Grado I),0,0,0,0,0.0423,0.0041,0.0012,0.2114,97050.7,0.0015,902.4,21.38,-6.19,21.47,42.4,-71.66,-13.27,0.1311,0.1541,0.0687,106742.17154994898,4653133.259205095,1
1038,Paradeseca,Hispania Tarraconensis,1.0,Alta Certeza (Grado I),1,0,0,0,0.0,0.0349,0.0564,0.1132,47886.6,0.0411,631.3,19.93,13.39,16.68,40.72,-79.75,18.74,0.0337,0.1381,0.1021,189157.38434373908,4732231.797591099,1
1040,Páramo del Sil I,Hispania Tarraconensis,0.905,Alta Certeza (Grado I),1,0,0,0,0.0,0.06,0.1169,0.093,44335.3,0.052,596.9,16.93,10.32,-1.3,37.64,-78.51,48.24,0.3694,0.1056,0.0822,213380.21479749453,4746572.718307356,1
1041,Páramo del Sil II,Hispania Tarraconensis,0.905,Alta Certeza (Grado I),1,0,0,0,0.0,0.0622,0.1217,0.0924,44008.7,0.0532,579.4,17.85,-6.94,7.71,36.22,-76.98,39.36,0.2323,0.0926,0.0699,215040.79315842618,4747390.552099941,1
1042,Páramo del Sil III,Hispania Tarraconensis,0.905,Alta Certeza (Grado I),1,0,0,0,0.0,0.0625,0.1207,0.0905,44418.5,0.0518,565.3,22.22,4.95,5.2,44.26,-68.97,22.91,0.2974,0.0909,0.0736,215145.10561232793,4747985.542798902,1
1043,Pardellán,Hispania Tarraconensis,0.9650000000000001,Alta Certeza (Grado I),0,0,0,0,0.0,0.0269,0.0466,0.2182,31245.1,0.1246,787.3,19.33,8.01,41.27,43.49,-76.82,53.14,0.0646,0.121,0.1477,184405.17799201718,4707453.6147839315,1
1044,Pedredo,Hispania Tarraconensis,0.895,Alta Certeza (Grado I),1,0,0,0,0.0,0.0658,0.3272,0.3783,4649.4,0.7335,784.8,16.12,18.15,14.44,33.8,-70.11,92.37,0.8098,0.1143,0.4887,237279.94276121643,4703759.984682181,1
1045,Pedregales de la Bocaada - Valle del Hellidero (Sanguiñal Norte),Hispania Tarraconensis,0.845,Alta Certeza (Grado I),1,0,0,0,0.0,0.0502,0.1871,0.3648,10252.9,0.5048,896.6,21.82,12.34,13.15,43.01,-76.49,69.38,0.4961,0.2243,0.3847,230037.00516998017,4690702.857203985,1
1046,Pedreras Viejas,Hispania Tarraconensis,0.9650000000000001,Alta Certeza (Grado I),0,0,1,1,0.0164,0.2668,0.0,0.4525,4361.7,0.7477,1096.8,16.24,-2.04,13.79,35.79,-76.86,78.08,0.5987,0.4027,0.3595,644972.7726274481,4161899.994894502,1
1047,Pedrosa,Hispania Tarraconensis,0.905,Alta Certeza (Grado I),1,0,0,0,0.0,0.0402,0.1226,0.4347,1683.1,0.8939,860.0,21.57,20.04,27.34,43.72,-73.68,94.0,0.5803,0.0469,0.4169,216304.2497540349,4690939.049225566,1
1048,Peites,Hispania Tarraconensis,0.905,Alta Certeza (Grado I),1,0,0,0,0.0048,0.0144,0.0127,0.1738,53098.8,0.029,810.6,17.0,5.45,7.5,32.82,-83.62,17.92,0.1465,0.0271,0.0,152243.92569049489,4703212.883454405,1
1049,Peña Aguda - Boinás,Hispania Tarraconensis,0.905,Alta Certeza (Grado I),1,0,0,0,0.0,0.0911,0.0378,0.0406,72891.4,0.0078,281.6,28.78,6.59,7.31,58.89,-76.12,24.38,0.3382,0.1633,0.0,231407.82150539476,4796757.925997328,1
1051,Peña de Hierro,Hispania Baetica,0.9650000000000001,Alta Certeza (Grado I),0,1,0,0,0.4478,0.0004,0.0026,0.3619,12645.2,0.4304,324.9,17.93,2.76,19.1,35.78,-53.66,144.25,0.3237,0.26,0.4753,186588.54228489735,4181410.4786664243,1
1052,Pena de la Cruz,Hispania Tarraconensis,0.845,Alta Certeza (Grado I),1,0,0,0,0.0,0.0986,0.0355,0.0451,72616.5,0.0079,244.1,17.68,-7.68,6.74,36.91,-78.84,-1.86,0.1001,0.0709,0.0514,235872.65791745682,4799894.150095749,1
1053,Peña del Águila,Hispania Baetica,0.9650000000000001,Alta Certeza (Grado I),0,1,1,1,0.1113,0.0054,0.2599,0.2301,40787.0,0.0659,358.8,16.74,4.14,-4.47,35.0,-69.06,49.23,0.4152,0.2789,0.1236,321632.50569648837,4187371.354720238,1
1054,Peña del Cuervo,Hispania Baetica,0.9650000000000001,Alta Certeza (Grado I),0,1,0,0,0.0521,0.0028,0.1054,0.0771,40762.6,0.066,250.8,17.56,9.25,-6.4,37.06,-75.31,41.81,0.1208,0.0537,0.1259,312614.906406281,4273497.012124721,1
1055,Peña del Cuervo I,Hispania Tarraconensis,0.845,Alta Certeza (Grado I),1,0,0,0,0.0,0.0369,0.0263,0.0202,81470.9,0.0044,454.8,24.47,4.26,30.59,44.66,-83.33,-19.81,0.1027,0.2907,0.0036,185195.13850954332,4771668.083164814,1
1056,Peña del Cuervo II,Hispania Tarraconensis,0.905,Alta Certeza (Grado I),1,0,0,0,0.0,0.0368,0.0265,0.0204,81288.0,0.0044,460.0,38.53,14.92,20.85,73.69,-83.52,1.32,0.076,0.1522,0.0919,185172.1044610329,4771412.815380149,1
1057,Peña Furada,Hispania Tarraconensis,0.905,Alta Certeza (Grado I),1,0,0,0,0.0,0.0919,0.2956,0.1668,24792.9,0.1915,600.9,17.93,-1.53,1.89,39.53,-69.62,46.42,0.4643,0.2082,0.1677,237405.0247004616,4740445.726022228,1
1058,Peña María,Hispania Tarraconensis,0.9650000000000001,Alta Certeza (Grado I),0,0,1,1,0.039,0.594,0.1396,0.0965,37951.3,0.0797,550.7,18.48,4.42,6.43,40.79,-74.89,50.87,0.0891,0.4578,0.0204,358918.0959073756,4755526.261231769,1
1059,Peña Roya,Hispania Tarraconensis,0.9650000000000001,Alta Certeza (Grado I),1,0,0,0,0.0,0.0764,0.4418,0.3736,3805.7,0.7759,776.3,21.22,8.9,20.3,41.21,-71.95,63.28,0.6832,0.0802,0.5111,243015.5738450094,4708656.400143234,1
1060,Penamil,Hispania Tarraconensis,0.845,Alta Certeza (Grado I),1,0,0,0,0.0,0.0263,0.018,0.0234,84062.8,0.0037,496.8,24.79,8.95,8.87,51.46,-70.75,5.17,0.1239,0.0921,0.0,168929.7975688813,4762302.474978405,1
1061,Penedela,Hispania Tarraconensis,0.9650000000000001,Alta Certeza (Grado I),0,0,1,1,0.0,0.034,0.022,0.0175,85462.8,0.0034,441.9,19.69,-6.94,-7.55,38.93,-83.84,1.91,0.1663,0.0427,0.0,181075.62859877764,4773547.798028824,1
1062,Peñón del Fucarón,Hispania Tarraconensis,0.905,Alta Certeza (Grado I),1,0,0,0,0.0,0.0476,0.0157,0.0371,98514.3,0.0014,211.2,18.08,1.91,12.95,36.8,-75.16,-25.57,0.0939,0.0698,0.0347,199784.2604282181,4804613.541837017,1
1063,Peñón de los Cuartos,Hispania Tarraconensis,0.845,Alta Certeza (Grado I),1,0,0,0,0.0,0.052,0.0322,0.0227,80349.0,0.0047,381.3,18.23,18.89,23.61,37.16,-84.94,3.25,0.2532,0.0752,0.0833,202212.30896688148,4783511.574705384,1
1064,Peñón del Moro,Hispania Baetica,0.9650000000000001,Alta Certeza (Grado I),0,0,1,1,0.1809,0.0008,0.0196,0.0841,48209.2,0.0402,211.8,20.86,2.32,24.13,42.76,-66.73,59.76,0.3034,0.1084,0.0422,234735.57139005547,4244292.044664899,1
1065,Peñón Redondo,Hispania Tarraconensis,0.905,Alta Certeza (Grado I),1,0,0,0,0.0,0.044,0.1331,0.3278,20168.4,0.2607,901.2,16.11,4.96,1.34,36.0,-77.01,74.65,0.1716,0.0537,0.2189,231126.8932001603,4678666.57515121,1
1066,Petaca,Hispania Tarraconensis,0.9650000000000001,Alta Certeza (Grado I),0,0,1,1,0.064,0.0115,0.257,0.2794,2210.2,0.863,287.8,19.96,5.29,25.21,41.46,-70.96,77.07,0.6533,0.1955,0.5039,390532.65197842626,4267835.996400192,1
1067,Pico Corona,Hispania Tarraconensis,0.905,Alta Certeza (Grado I),1,0,0,0,0.0,0.098,0.0393,0.0428,70785.5,0.0089,248.2,17.85,17.9,11.48,36.89,-78.03,7.69,0.0198,0.0869,0.015,235119.87251052714,4796961.941421469,1
1068,Pico de la Beiral I,Hispania Tarraconensis,0.845,Alta Certeza (Grado I),1,0,0,0,0.0,0.0383,0.0067,0.0759,119214.6,0.0004,136.4,22.42,17.05,26.1,47.29,-79.55,-45.62,0.0427,0.0297,0.0,193525.33873716294,4825989.59910902,1
1069,Pico de la Beiral II,Hispania Tarraconensis,0.845,Alta Certeza (Grado I),1,0,0,0,0.0,0.0385,0.0068,0.0747,118740.9,0.0004,127.9,16.49,11.41,15.13,33.07,-83.04,-38.29,0.0797,0.1262,0.001,193605.1806208135,4825453.261322202,1
1070,Pico de Lirio,Hispania Baetica,0.9650000000000001,Alta Certeza (Grado I),0,0,1,1,0.0224,0.0012,0.0242,0.0782,47727.5,0.0415,184.8,19.65,-1.89,-8.44,40.21,-81.36,40.96,0.2626,0.3849,0.0606,276737.0060459781,4296272.542847685,1
1071,Pico del Aguila,Hispania Baetica,0.9650000000000001,Alta Certeza (Grado I),0,1,0,0,0.1866,0.0002,0.001,0.1107,61292.4,0.0168,265.2,18.72,8.49,30.32,40.69,-75.07,40.18,0.1915,0.1337,0.0321,156479.45583093318,4221146.697653431,1
1072,Pico del Gallo,Hispania Tarraconensis,0.905,Alta Certeza (Grado I),1,0,0,0,0.0,0.0997,0.0367,0.0448,71770.2,0.0084,255.2,20.21,10.61,10.73,42.44,-77.68,4.59,0.0298,0.0824,0.0799,236302.52722294902,4799155.370435288,1
1073,Pico Montouto,Hispania Tarraconensis,1.0,Alta Certeza (Grado I),1,0,0,0,0.0,0.0592,0.0222,0.0355,89353.8,0.0026,277.5,16.37,-0.68,15.1,33.53,-84.35,0.31,0.019,0.1259,0.0331,210237.66408659884,4801149.446466852,1
1074,Pilar de Jaravía,Hispania Baetica,0.9650000000000001,Alta Certeza (Grado I),0,0,1,1,0.0,0.4767,0.0001,0.4823,1568.5,0.9007,1095.9,19.57,-1.09,-6.35,37.19,-79.98,92.0,0.6155,0.5705,0.4922,615066.3939466905,4138054.535571521,1
1075,Pin de Abaixo,Hispania Tarraconensis,0.765,Media Certeza (Grado II),1,0,0,0,0.0,0.0276,0.019,0.0223,83919.9,0.0037,463.3,19.39,19.46,15.76,40.53,-77.06,1.02,0.0841,0.1726,0.0,171187.65793705644,4763899.981712992,1
1076,Piñeira,Hispania Tarraconensis,0.905,Alta Certeza (Grado I),1,0,0,0,0.0051,0.0146,0.0128,0.1639,54714.0,0.0261,783.5,19.39,3.41,22.93,36.74,-78.48,24.68,0.0424,0.1102,0.0,151947.24165288353,4706164.06354971,1
1079,Plasenzuela,Lusitania,0.9650000000000001,Alta Certeza (Grado I),0,0,1,1,0.0,0.0003,0.0037,0.2659,35922.5,0.0912,311.1,19.8,18.86,33.12,40.21,-82.78,41.75,0.2613,0.038,0.1059,234601.27736345498,4369478.4525121525,1
1080,Playa de Cadavedo,Hispania Tarraconensis,0.845,Alta Certeza (Grado I),1,0,0,0,0.0,0.0723,0.0111,0.0851,99609.6,0.0013,62.8,20.61,14.16,27.11,44.46,-76.03,-14.13,0.2668,0.1287,0.0,227590.1513640188,4827647.208091737,1
1081,Pobladura de Somoza / Los Torgales,Hispania Tarraconensis,1.0,Alta Certeza (Grado I),1,0,0,0,0.0,0.0349,0.0594,0.1252,45145.5,0.0493,671.9,22.64,10.05,17.97,46.94,-79.85,37.13,0.0892,0.034,0.05,190068.79941335437,4729461.125552507,1
1082,Poderosa,Hispania Baetica,0.9650000000000001,Alta Certeza (Grado I),0,1,0,0,0.3695,0.0003,0.0019,0.3185,19038.0,0.2811,321.0,17.36,8.83,-9.86,32.19,-63.11,99.89,0.3446,0.2986,0.3398,177794.18851922633,4184265.233468102,1
1083,Pontigo,Hispania Tarraconensis,0.765,Media Certeza (Grado II),1,0,0,0,0.0,0.0948,0.0344,0.0442,73974.5,0.0072,265.4,23.07,-4.28,13.12,46.93,-80.1,11.75,0.0635,0.1955,0.0076,233920.87669890188,4800067.713542605,1
1084,Porciles,Hispania Tarraconensis,1.0,Alta Certeza (Grado I),1,0,0,0,0.0,0.0565,0.0214,0.0344,90536.8,0.0024,283.0,18.86,7.31,2.32,38.3,-77.01,-19.14,0.1423,0.3749,0.0661,207862.42964963365,4800801.8158179065,1
1085,Portiella,Hispania Tarraconensis,0.845,Alta Certeza (Grado I),1,0,0,0,0.0,0.0689,0.0319,0.0324,80047.4,0.0048,305.4,16.42,16.26,11.03,32.0,-81.74,-14.22,0.0781,0.0784,0.0,217042.39489146136,4794664.153162578,1
1086,Posadoiro,Hispania Tarraconensis,0.905,Alta Certeza (Grado I),1,0,0,0,0.0,0.049,0.0528,0.0389,65207.5,0.0129,477.9,16.34,10.35,-6.43,35.08,-74.9,-1.89,0.0368,0.0362,0.0,200220.9880582557,4762780.332323808,1
1087,Potosí,Hispania Baetica,0.9650000000000001,Alta Certeza (Grado I),0,1,0,0,0.2603,0.0013,0.0471,0.2298,19248.1,0.2771,226.0,17.72,6.55,6.34,35.92,-66.05,97.64,0.4025,0.2099,0.2755,253605.95393341212,4221143.133594418,1
1089,Pozo de la Griega / Molino de la Griega,Hispania Tarraconensis,1.0,Alta Certeza (Grado I),1,0,0,0,0.0,0.1494,0.5871,0.3199,4224.0,0.7546,711.9,22.24,20.37,4.92,44.07,-64.92,65.61,0.7174,0.2272,0.5633,269675.38212131837,4729144.018176857,1
1090,Pozo Limideiro,Hispania Tarraconensis,1.0,Alta Certeza (Grado I),1,0,0,0,0.0158,0.0013,0.0,0.0008,209017.8,0.0,567.6,21.02,4.82,3.93,43.08,-83.23,-100.0,0.1326,0.1651,0.1407,16119.646530772385,4779380.459482545,1
1091,Pozo Rico (Alcudia),Hispania Tarraconensis,0.905,Alta Certeza (Grado I),0,0,1,1,0.0529,0.0211,0.5186,0.1536,22135.5,0.2286,369.1,22.31,1.74,4.7,43.91,-58.53,62.22,0.348,0.0628,0.2438,417853.67756499944,4254415.070484174,1
1092,Pozo Rico (Sevilla),Hispania Baetica,0.9650000000000001,Alta Certeza (Grado I),0,1,1,0,0.2516,0.0013,0.0522,0.2381,17853.9,0.3041,243.4,19.01,6.93,7.87,39.41,-63.55,94.98,0.1583,0.1571,0.2558,256206.4265685643,4220825.981453153,1
1093,Pradela / Las Curiscadas,Hispania Tarraconensis,1.0,Alta Certeza (Grado I),1,0,0,0,0.0,0.0317,0.0485,0.1179,48427.8,0.0396,675.4,18.42,11.66,12.64,36.97,-82.47,30.07,0.0406,0.0941,0.0,184935.57992923702,4729634.590905332,1
1094,Pradera de Campo,Hispania Tarraconensis,0.905,Alta Certeza (Grado I),1,0,0,0,0.0,0.0444,0.1428,0.354,13953.7,0.3945,885.9,16.74,-8.72,-21.61,34.05,-77.3,59.76,0.3132,0.0712,0.2329,227523.9905711144,4683756.609516396,1
1095,A Xisterna II (Prado de Paradiña),Hispania Tarraconensis,1.0,Alta Certeza (Grado I),1,0,0,0,0.0,0.0386,0.0653,0.1074,47577.6,0.0419,632.6,17.69,7.59,-19.67,38.82,-90.32,50.72,0.1546,0.224,0.0314,193515.72505477892,4735221.028113048,1
1096,Prado de Rollos,Hispania Tarraconensis,0.9650000000000001,Alta Certeza (Grado I),1,0,0,0,0.0,0.0548,0.2204,0.3574,6249.2,0.6593,778.8,18.37,11.99,5.12,40.26,-70.27,78.92,0.4854,0.1026,0.3522,224565.44378137606,4706831.834538587,1
1097,La Cruz de Hierro / Prado de Valdefrancos,Hispania Tarraconensis,1.0,Alta Certeza (Grado I),1,0,0,0,0.0,0.0538,0.2112,0.346,7546.2,0.6047,784.4,16.47,2.78,5.86,31.23,-74.35,67.46,0.5233,0.1984,0.3891,223267.03029261902,4707271.01888069,1
1098,Prado Luengo - Casares,Hispania Tarraconensis,0.9650000000000001,Alta Certeza (Grado I),1,0,0,0,0.0,0.0672,0.3359,0.3859,2187.8,0.8643,765.5,17.09,13.98,10.82,37.26,-79.55,77.18,0.7543,0.1339,0.5222,234795.8348651633,4709584.979920489,1
1099,Prado Posadillas Huergas,Hispania Tarraconensis,0.9650000000000001,Alta Certeza (Grado I),1,0,0,0,0.0,0.05,0.1846,0.3616,10910.5,0.4832,852.2,19.74,11.05,1.14,43.34,-80.29,83.24,0.4373,0.1833,0.3643,230280.8651756685,4689991.622544382,1
1100,Prado Vicioso,Hispania Baetica,0.9650000000000001,Alta Certeza (Grado I),0,1,0,0,0.1788,0.0001,0.0004,0.3348,21163.3,0.2439,405.3,21.42,23.56,10.82,46.67,-70.95,95.22,0.1708,0.1299,0.1612,138647.77072384313,4167860.9275545203,1
1101,Pradorrey,Hispania Tarraconensis,0.9650000000000001,Alta Certeza (Grado I),1,0,0,0,0.0,0.0771,0.4499,0.3734,3702.2,0.7813,772.3,41.72,6.51,22.38,81.14,-71.76,62.34,0.8671,0.232,0.6187,243278.51594532822,4709090.2755624065,1
1102,Cha do Castro / Puebla del Brollón,Hispania Tarraconensis,1.0,Alta Certeza (Grado I),1,0,0,0,0.017,0.0128,0.0081,0.0994,74012.9,0.0072,734.9,26.92,14.72,4.64,51.33,-75.56,-1.2,0.0717,0.0496,0.0266,139706.6669682677,4722925.723107925,1
1103,Puente del Plantao,Hispania Tarraconensis,0.905,Alta Certeza (Grado I),1,0,0,0,0.0,0.049,0.0147,0.0423,99885.0,0.0013,177.5,20.21,-2.07,22.27,42.64,-77.88,-27.7,0.0659,0.1133,0.0686,201755.5986394171,4807901.875559296,1
1104,Puerto del Palo,Hispania Tarraconensis,0.9650000000000001,Alta Certeza (Grado I),1,0,0,0,0.0,0.0502,0.0204,0.0293,92013.4,0.0022,291.9,18.28,-7.44,11.27,36.17,-77.95,-16.41,0.0307,0.0592,0.013,201453.5990710979,4797691.170622724,1
1108,Pumar de las Montañas,Hispania Tarraconensis,1.0,Alta Certeza (Grado I),1,0,0,0,0.0,0.0532,0.0299,0.0236,82399.6,0.0041,355.2,20.14,-10.24,16.63,40.57,-89.52,-8.35,0.0494,0.1018,0.0,203527.84862855438,4787120.6349284295,1
1109,Quilos,Hispania Tarraconensis,0.9650000000000001,Alta Certeza (Grado I),1,0,0,0,0.2695,0.0004,0.0038,0.1174,50394.1,0.0347,217.5,22.26,10.98,11.96,45.83,-65.82,70.36,0.0149,0.1733,0.1131,190859.04680567334,4225545.060911051,1
1110,Quintanilla de Flórez / La Pedrer - El Sardonal,Hispania Tarraconensis,1.0,Alta Certeza (Grado I),1,0,0,0,0.0,0.0594,0.2226,0.3,23343.6,0.2109,875.8,16.6,6.45,33.54,33.27,-76.11,64.01,0.2752,0.0726,0.1029,245051.30196207896,4685548.792465219,1
1111,Quinto del Hierro,Hispania Tarraconensis,0.9650000000000001,Alta Certeza (Grado I),0,0,1,1,0.0552,0.0045,0.0588,0.0895,39056.6,0.074,232.0,18.21,1.63,16.26,35.48,-78.74,58.25,0.0753,0.3718,0.0712,347752.1752072878,4288561.292445626,1
1112,Quinto del Huerto,Hispania Baetica,0.9650000000000001,Alta Certeza (Grado I),0,1,0,0,0.0554,0.0033,0.1247,0.093,35166.2,0.0959,208.6,23.42,-7.16,5.86,48.09,-74.6,49.87,0.1181,0.0474,0.1161,320806.31250270025,4271237.45210976,1
1113,Quinto Rascarroña,Hispania Baetica,0.9650000000000001,Alta Certeza (Grado I),0,0,1,1,0.0316,0.002,0.0394,0.0532,64907.4,0.0132,202.0,18.03,-0.11,18.87,41.2,-81.43,3.49,0.1658,0.172,0.0333,306778.18035331083,4297462.44935322,1
1115,Raposeras,Hispania Tarraconensis,0.9650000000000001,Alta Certeza (Grado I),1,0,0,0,0.0,0.1966,0.3226,0.3146,1942.1,0.8786,589.6,19.49,5.88,-9.91,42.57,-69.46,67.65,0.679,0.5521,0.6026,278331.5271530814,4741535.807474646,1
1117,Rebelde Julia,Hispania Baetica,0.9650000000000001,Alta Certeza (Grado I),0,0,1,1,0.0272,0.0013,0.0294,0.0641,52620.9,0.03,230.4,19.64,12.24,11.26,41.77,-74.42,26.26,0.047,0.0165,0.0272,279914.6415644983,4292545.88232038,1
1118,Regia,Hispania Tarraconensis,0.9650000000000001,Alta Certeza (Grado I),0,0,0,1,0.0,0.0001,0.0,0.0457,337523.6,0.0,358.1,16.91,4.94,12.29,37.4,-77.28,-100.0,0.0185,0.1201,0.0,814673.2397006977,4563771.865014176,1
1119,Reguera de las Fuentes,Hispania Tarraconensis,0.9650000000000001,Alta Certeza (Grado I),1,0,0,0,0.0,0.1622,0.3931,0.2623,7960.1,0.5882,620.0,17.9,7.39,10.52,38.49,-68.76,83.45,0.6154,0.1427,0.5892,267298.4508945419,4742171.055874145,1
1120,Reguera del Vallón,Hispania Tarraconensis,0.9650000000000001,Alta Certeza (Grado I),1,0,0,0,0.0,0.0491,0.015,0.0417,99489.7,0.0013,230.5,17.73,2.31,4.86,37.81,-71.55,-31.29,0.02,0.0385,0.0,201836.78978292155,4807466.057902273,1
1121,Reguerón de la Mata,Hispania Tarraconensis,0.9650000000000001,Alta Certeza (Grado I),1,0,0,0,0.0,0.1822,0.3826,0.3175,2385.5,0.853,609.2,16.2,18.85,-4.05,35.96,-63.96,83.79,0.7053,0.1791,0.5897,276021.55586677673,4737894.484273943,1
1122,Reocín,Hispania Tarraconensis,0.9650000000000001,Alta Certeza (Grado I),0,0,0,1,0.0464,0.2747,0.0109,0.1013,38112.6,0.0788,415.7,16.2,-3.29,-1.37,31.41,-77.29,32.03,0.1001,0.4892,0.0,411766.8731530236,4798942.083091846,1
1123,Requeja,Hispania Baetica,0.9650000000000001,Alta Certeza (Grado I),0,1,0,0,0.0694,0.0052,0.2714,0.2239,10596.4,0.4934,271.9,23.23,1.37,12.84,47.2,-69.63,86.38,0.4729,0.0395,0.3681,337182.8796915677,4251806.225119371,1
1124,Ría de Foz / As Covas,Hispania Tarraconensis,1.0,Alta Certeza (Grado I),1,0,0,0,0.0006,0.0183,0.0024,0.0827,145250.2,0.0001,116.9,17.37,1.27,-4.68,36.11,-74.54,-66.55,0.1013,0.1018,0.0,156476.60542428028,4830143.349993586,1
1125,Ribón,Hispania Tarraconensis,1.0,Alta Certeza (Grado I),1,0,0,0,0.0,0.0358,0.0578,0.1088,48511.4,0.0394,660.8,19.02,10.05,30.75,39.39,-74.24,46.61,0.2001,0.0946,0.0,190050.78918262228,4733675.176523362,1
1126,Riner,Hispania Tarraconensis,0.9650000000000001,Alta Certeza (Grado I),0,1,0,0,0.0,0.0,0.0,0.1995,420201.3,0.0,716.1,17.52,-3.06,-22.93,35.61,-85.64,-100.0,0.0046,0.2067,0.0,878346.0071523335,4653752.113423488,1
1127,Río Ancares / Los Moracales del Valle,Hispania Tarraconensis,1.0,Alta Certeza (Grado I),1,0,0,0,0.0,0.0409,0.0716,0.1058,46985.8,0.0436,627.8,27.4,9.3,9.82,55.35,-73.51,27.37,0.0758,0.0374,0.0408,196206.8967176876,4736564.70640508,1
1129,Río Burbia,Hispania Tarraconensis,0.905,Alta Certeza (Grado I),1,0,0,0,0.0,0.0338,0.0551,0.1204,46762.8,0.0443,680.5,17.3,6.51,9.97,34.5,-78.96,29.53,0.0671,0.1381,0.0277,188237.83089487196,4730048.383570488,1
1130,Río Cabrera: below Pombriego / Las Suertes,Hispania Tarraconensis,1.0,Alta Certeza (Grado I),1,0,0,0,0.0,0.031,0.066,0.2649,22233.8,0.2271,808.2,18.34,-0.05,15.26,36.95,-81.46,56.24,0.1363,0.1357,0.1455,194077.09553006937,4703553.971949525,1
1131,Río Cabrera: Castroquilame,Hispania Tarraconensis,1.0,Alta Certeza (Grado I),1,0,0,0,0.0,0.0299,0.0609,0.258,23639.8,0.2068,795.5,24.34,9.94,1.18,47.51,-86.09,52.9,0.1422,0.1315,0.1082,191976.06845290563,4703674.720687157,1
1132,Río Cabrera: Llamas de Cabrera / El Covallón de Miédalo,Hispania Tarraconensis,1.0,Alta Certeza (Grado I),1,0,0,0,0.0,0.0341,0.0824,0.2979,16823.9,0.3258,828.2,23.48,-1.02,25.35,48.98,-78.6,59.91,0.2177,0.3092,0.191,200364.34884455858,4701590.400658653,1
1133,Río Cabrera: Santalavilla,Hispania Tarraconensis,1.0,Alta Certeza (Grado I),1,0,0,0,0.0,0.0336,0.079,0.2839,18787.8,0.2858,788.6,16.92,-3.86,-8.27,35.43,-77.68,57.78,0.2307,0.1967,0.1751,198875.68999781966,4702906.314853937,1
1134,Río Cervos,Hispania Tarraconensis,0.905,Alta Certeza (Grado I),1,0,0,0,0.0,0.0383,0.029,0.0223,79092.3,0.0051,451.9,22.59,7.57,4.5,44.74,-72.78,-19.8,0.1214,0.0311,0.0095,187118.2394812632,4770165.212640167,1
1135,Río Ciurana,Hispania Tarraconensis,0.9650000000000001,Alta Certeza (Grado I),0,0,0,1,0.0,0.0001,0.0,0.0416,334972.1,0.0,341.5,18.55,-7.71,16.72,37.64,-76.17,-100.0,0.048,0.0637,0.0,812355.863050034,4561783.710080376,1
1136,Río Corumbel,Hispania Baetica,0.9650000000000001,Alta Certeza (Grado I),0,1,1,1,0.3832,0.0004,0.0022,0.368,17266.2,0.3163,363.7,18.74,-11.54,21.85,38.73,-59.28,148.82,0.2703,0.2426,0.2674,192623.79918898607,4151541.979835753,1
1137,Río Crispinejo,Hispania Baetica,0.9650000000000001,Alta Certeza (Grado I),0,1,0,0,0.5458,0.0007,0.005,0.3464,20829.3,0.2494,351.6,16.67,9.26,-8.51,38.25,-45.54,144.03,0.1487,0.3105,0.3743,213175.70956816833,4157329.7335622627,1
1138,Río de Mosteiro,Hispania Tarraconensis,0.765,Media Certeza (Grado II),1,0,0,0,0.0,0.0299,0.0206,0.0206,83856.9,0.0037,448.9,16.43,13.32,39.96,32.11,-76.08,-15.21,0.0431,0.0809,0.0,174958.06685058872,4766751.689427956,1
1139,Río de Ojén,Hispania Tarraconensis,0.9650000000000001,Alta Certeza (Grado I),0,0,1,1,0.0428,0.0053,0.0009,0.0215,139923.1,0.0001,556.6,21.3,2.66,-0.12,44.7,-77.06,-63.85,0.0783,0.0736,0.0,339519.78781615704,4046060.3798871827,1
1140,Río del Mazo,Hispania Tarraconensis,0.905,Alta Certeza (Grado I),1,0,0,0,0.0,0.036,0.0066,0.0713,120023.8,0.0003,133.4,18.84,0.31,-6.33,39.86,-82.15,-33.89,0.0051,0.0818,0.0278,189777.96916401392,4824094.375272781,1
1141,Río del Oro,Hispania Tarraconensis,0.9650000000000001,Alta Certeza (Grado I),1,0,0,0,0.0,0.047,0.0207,0.0254,91647.5,0.0022,288.3,18.39,13.56,15.23,36.34,-81.51,-7.79,0.0169,0.4205,0.0179,197801.88780122472,4794383.009474212,1
1142,Río Donsal I,Hispania Tarraconensis,0.765,Media Certeza (Grado II),1,0,0,0,0.0,0.0254,0.018,0.0272,82419.1,0.0041,530.3,21.33,-2.77,6.48,46.32,-77.92,-5.26,0.0619,0.027,0.0,167500.04707651096,4759134.948325233,1
1143,Río Donsal II,Hispania Tarraconensis,0.765,Media Certeza (Grado II),1,0,0,0,0.0,0.0254,0.0177,0.0259,83129.4,0.0039,499.2,21.9,-4.34,5.0,45.5,-77.82,4.4,0.294,0.2732,0.0698,167447.21970939747,4759994.405864757,1
1144,Rio Duerna I - Las Moraceras (Moracedas),Hispania Tarraconensis,1.0,Alta Certeza (Grado I),1,0,0,0,0.0,0.0546,0.2187,0.3517,11726.8,0.4576,833.3,16.79,10.7,15.54,34.21,-74.61,47.63,0.4411,0.1037,0.2349,234298.94375090091,4692011.182911086,1
1145,Rio Duerna II,Hispania Tarraconensis,1.0,Alta Certeza (Grado I),1,0,0,0,0.0,0.0534,0.2103,0.3584,10751.2,0.4883,831.2,19.87,6.03,-8.39,37.04,-84.17,76.79,0.3383,0.1351,0.2557,232891.9589449173,4691995.652615953,1
1146,Rio Duerna III,Hispania Tarraconensis,1.0,Alta Certeza (Grado I),1,0,0,0,0.0,0.0517,0.1988,0.3693,9149.0,0.5434,862.3,16.68,13.52,-12.09,35.48,-79.2,73.23,0.5467,0.2135,0.3648,230631.8057257774,4692284.916557458,1
1147,Rio Duerna IV,Hispania Tarraconensis,1.0,Alta Certeza (Grado I),1,0,0,0,0.0,0.0535,0.2126,0.3638,9717.2,0.5232,831.4,21.66,-10.62,3.66,43.91,-71.14,60.32,0.4838,0.0822,0.4129,232351.31855199253,4692902.544778692,1
1148,Rio Duerna IX - El Castillo - Los Arrotos - Carcuevas - Los Gandarales,Hispania Tarraconensis,1.0,Alta Certeza (Grado I),1,0,0,0,0.0,0.0525,0.207,0.3805,7060.3,0.6246,870.3,20.38,-5.09,23.12,39.62,-82.31,58.61,0.5104,0.093,0.3455,230055.52522374416,4694432.130211162,1
1150,Rio Duerna - Molinaferrera,Hispania Tarraconensis,1.0,Alta Certeza (Grado I),1,0,0,0,0.0,0.0495,0.1853,0.4121,2226.4,0.8621,793.6,28.65,8.71,7.68,54.48,-69.71,78.99,0.7441,0.0873,0.5072,223620.77025672066,4698711.558856143,1
1151,Rio Duerna V,Hispania Tarraconensis,1.0,Alta Certeza (Grado I),1,0,0,0,0.0,0.0538,0.2152,0.3651,9408.6,0.5341,874.2,16.38,8.26,27.38,36.23,-69.4,84.66,0.4118,0.0846,0.272,232361.93369841238,4693341.860564531,1
1152,Rio Duerna VI - Los Castellones,Hispania Tarraconensis,1.0,Alta Certeza (Grado I),1,0,0,0,0.0,0.0532,0.2111,0.3688,8897.3,0.5526,851.7,16.33,11.68,22.58,30.49,-73.5,68.82,0.3953,0.297,0.2932,231657.98645684368,4693379.280942552,1
1153,Rio Duerna VII,Hispania Tarraconensis,1.0,Alta Certeza (Grado I),1,0,0,0,0.0,0.0514,0.1972,0.3718,8770.1,0.5573,851.1,17.42,6.63,12.11,36.99,-71.69,62.7,0.4395,0.2126,0.3944,230183.97866516083,4692454.386507571,1
1154,Rio Duerna VIII - El Castillo - Los Arrotos - Carcuevas - Los Gandarales,Hispania Tarraconensis,1.0,Alta Certeza (Grado I),1,0,0,0,0.0,0.0527,0.2081,0.3749,7941.6,0.5889,838.4,17.31,6.51,12.73,35.78,-71.64,73.97,0.4724,0.0485,0.3752,230734.30702466908,4693846.297072348,1
1155,Rio Duerna X - El Castillo - Los Arrotos - Carcuevas - Los Gandarales,Hispania Tarraconensis,1.0,Alta Certeza (Grado I),1,0,0,0,0.0,0.0526,0.208,0.3847,6361.8,0.6543,847.3,17.23,2.05,12.0,37.01,-74.23,91.85,0.5136,0.0482,0.4477,229703.82998471142,4695044.6585473055,1
1156,Rio Duerna XI,Hispania Tarraconensis,0.9650000000000001,Alta Certeza (Grado I),1,0,0,0,0.0,0.0513,0.1987,0.3897,5807.3,0.679,841.6,25.57,20.4,14.7,50.43,-79.54,78.51,0.5325,0.0918,0.4534,228384.8196290016,4694843.199336849,1
1157,Rio Duerna XII - El Castillo - Los Arrotos - Carcuevas - Los Gandarales,Hispania Tarraconensis,1.0,Alta Certeza (Grado I),1,0,0,0,0.0,0.0524,0.2069,0.3902,5537.7,0.6913,855.4,17.25,-3.65,4.23,36.63,-69.92,79.86,0.758,0.047,0.3032,229075.52725050232,4695599.117566037,1
1158,Rio Duerna XIII - La Braña - El Valle,Hispania Tarraconensis,1.0,Alta Certeza (Grado I),1,0,0,0,0.0,0.0514,0.1999,0.3953,4927.3,0.72,840.4,17.37,8.08,5.68,34.77,-68.37,87.3,0.7104,0.1325,0.3602,227973.41973583202,4695621.066719371,1
1159,Rio Duerna XIV - La Braña - El Valle,Hispania Tarraconensis,1.0,Alta Certeza (Grado I),1,0,0,0,0.0,0.0521,0.2049,0.3985,4341.9,0.7487,837.5,21.8,-1.36,-1.94,44.13,-78.69,80.38,0.7083,0.052,0.4495,228159.83078182954,4696412.356367555,1
1160,Rio Duerna XIX - Piozadera,Hispania Tarraconensis,1.0,Alta Certeza (Grado I),1,0,0,0,0.0,0.0549,0.2251,0.3673,8695.9,0.5601,837.4,18.49,9.82,-17.28,39.25,-78.89,63.49,0.5424,0.1123,0.2627,232610.53589843423,4694702.74825352,1
1161,Rio Duerna XV - La Braña - El Valle,Hispania Tarraconensis,1.0,Alta Certeza (Grado I),1,0,0,0,0.0,0.0516,0.2011,0.4049,3488.6,0.7925,832.4,22.09,-1.67,24.3,45.07,-74.51,59.07,0.8163,0.0368,0.4039,227247.09763816505,4696866.167503587,1
1162,Rio Duerna XVI - Los Vallejos,Hispania Tarraconensis,1.0,Alta Certeza (Grado I),1,0,0,0,0.0,0.0509,0.1958,0.4089,2996.6,0.8189,836.9,16.37,10.86,10.07,35.22,-76.63,67.79,0.5561,0.0737,0.5395,226296.61928053724,4697060.496739102,1
1163,Rio Duerna XVII - Las Escrita - Los Vallelos,Hispania Tarraconensis,1.0,Alta Certeza (Grado I),1,0,0,0,0.0,0.0504,0.1925,0.4139,2276.0,0.8592,803.5,18.77,6.53,9.46,36.93,-73.65,66.68,0.6041,0.1484,0.4603,225327.6981897034,4697757.054640657,1
1164,Rio Duerna XVIII,Hispania Tarraconensis,0.9650000000000001,Alta Certeza (Grado I),1,0,0,0,0.0,0.0501,0.1898,0.4149,1992.5,0.8756,806.0,16.23,18.83,12.9,33.04,-69.47,84.6,0.6524,0.1012,0.5303,224492.94873311132,4698425.750087593,1
1165,Rio Duerna XX - Fucochicos [Fogochico (Fuco Chico) - El Chano],Hispania Tarraconensis,1.0,Alta Certeza (Grado I),1,0,0,0,0.0,0.0561,0.2338,0.3602,9760.2,0.5217,855.4,16.36,2.66,-1.76,33.29,-81.97,78.22,0.547,0.4222,0.3296,234229.62724269193,4694382.633729662,1
1166,Rio Duerna XXI,Hispania Tarraconensis,0.9650000000000001,Alta Certeza (Grado I),1,0,0,0,0.0,0.0559,0.2301,0.3538,11021.6,0.4796,851.6,25.57,11.07,0.77,50.48,-66.77,70.73,0.4019,0.2464,0.2749,234817.8663671654,4693265.993625529,1
1167,Rio Golopón: arroyo Morax / arroyo Uclias,Hispania Tarraconensis,0.9650000000000001,Alta Certeza (Grado I),1,0,0,0,0.0,0.3336,0.002,0.2405,58052.4,0.0209,915.2,16.7,-1.23,4.94,37.77,-81.57,9.26,0.1434,0.278,0.0,526575.9486430504,4137381.745944131,1
1168,Rio Golopón: tierra de los Cantaros,Hispania Tarraconensis,0.9650000000000001,Alta Certeza (Grado I),1,0,0,0,0.0,0.3382,0.0022,0.2388,60473.1,0.0177,913.9,19.14,3.44,25.99,38.74,-77.89,37.39,0.0197,0.2414,0.0212,526602.0228652218,4140680.971773548,1
1169,Río Ibias,Hispania Tarraconensis,0.9650000000000001,Alta Certeza (Grado I),1,0,0,0,0.0,0.037,0.0272,0.0211,80561.4,0.0047,445.4,18.22,6.31,-4.92,35.5,-76.71,-4.72,0.0407,0.2128,0.0832,185448.5850971776,4770700.266787544,1
1170,Río Lor 1: Lama / A Filpeira,Hispania Tarraconensis,1.0,Alta Certeza (Grado I),1,0,0,0,0.0138,0.0132,0.0093,0.1223,67393.5,0.0112,734.9,17.8,-6.88,-22.62,38.13,-75.95,20.71,0.1375,0.2583,0.0,143141.92409125954,4716180.690148237,1
1171,Río Lor 1: Margarida / A Couriscada de Margarida,Hispania Tarraconensis,1.0,Alta Certeza (Grado I),1,0,0,0,0.0135,0.0129,0.0093,0.1342,65201.0,0.0129,748.2,25.3,-3.75,6.39,53.23,-78.66,17.32,0.0244,0.1876,0.0181,143403.28273823083,4712372.492224142,1
1172,Río Lor 1: Parada,Hispania Tarraconensis,1.0,Alta Certeza (Grado I),1,0,0,0,0.0145,0.0126,0.0089,0.1383,65275.0,0.0129,770.2,16.19,9.65,21.81,31.61,-77.68,18.99,0.0495,0.0297,0.0,142384.5333800664,4710680.410306276,1
1173,Río Lor 1: San Pedro,Hispania Tarraconensis,1.0,Alta Certeza (Grado I),1,0,0,0,0.0145,0.0128,0.009,0.1289,66762.9,0.0117,739.0,20.46,4.97,-10.56,45.77,-77.71,21.09,0.0367,0.6335,0.0,142416.33688234974,4713784.6530550895,1
1174,Río Lor 1: Santa Andrea,Hispania Tarraconensis,0.9650000000000001,Alta Certeza (Grado I),1,0,0,0,0.0136,0.0129,0.0093,0.1362,64950.0,0.0132,769.1,29.33,4.05,0.5,58.62,-81.43,10.13,0.0494,0.0457,0.0319,143295.9754791205,4711672.563537731,1
1175,Río Lor 2: Castro Portela,Hispania Tarraconensis,1.0,Alta Certeza (Grado I),1,0,0,0,0.0078,0.015,0.0119,0.1205,63753.5,0.0143,706.3,19.38,-0.08,12.85,41.96,-86.2,30.48,0.1309,0.1432,0.051,149206.32069754187,4718529.274210273,1
1176,Río Lor 2: Froxán,Hispania Tarraconensis,0.8799999999999999,Alta Certeza (Grado I),1,0,0,0,0.006,0.0156,0.0128,0.1193,62868.3,0.0151,742.7,27.14,2.56,44.41,56.79,-84.13,2.24,0.0542,0.2526,0.0416,151071.3751696188,4719476.759570194,1
1177,Río Lor 2: Millares,Hispania Tarraconensis,1.0,Alta Certeza (Grado I),1,0,0,0,0.0,0.0212,0.021,0.0965,61484.6,0.0166,681.8,16.31,5.79,-8.14,36.31,-79.79,8.13,0.093,0.0417,0.0,163944.37917700777,4729803.106093618,1
1178,Río Lor 2: Mina de Toca,Hispania Tarraconensis,1.0,Alta Certeza (Grado I),1,0,0,0,0.0,0.0203,0.0189,0.0899,64149.1,0.0139,671.6,18.27,9.04,-7.63,37.66,-82.58,28.78,0.0209,0.2531,0.0,161422.19013396522,4731252.8778321035,1
1179,Río Lor 2: Monte Barreiro,Hispania Tarraconensis,1.0,Alta Certeza (Grado I),1,0,0,0,0.0,0.02,0.0181,0.0872,65269.3,0.0129,679.5,17.3,-11.55,12.72,38.58,-82.6,20.63,0.1733,0.051,0.0,160393.89987108915,4731879.095751909,1
1180,Río Lor 2: Torubio East,Hispania Tarraconensis,1.0,Alta Certeza (Grado I),1,0,0,0,0.0,0.0211,0.0206,0.0928,62548.9,0.0155,694.6,21.35,17.71,25.13,43.93,-72.19,42.85,0.0577,0.3895,0.0,163517.78817113664,4730814.31452346,1
1181,Río Lor 2: Torubio West,Hispania Tarraconensis,1.0,Alta Certeza (Grado I),1,0,0,0,0.0,0.0208,0.02,0.0934,62713.3,0.0153,686.8,32.01,20.34,8.52,64.81,-75.96,17.97,0.1158,0.0476,0.0081,162756.44039715233,4730456.609493641,1
1182,Río Miño 1: Astariz / Razamonde,Hispania Tarraconensis,1.0,Alta Certeza (Grado I),1,0,0,0,0.0496,0.0039,0.0009,0.1395,116954.5,0.0004,776.1,17.28,-13.46,-10.82,38.51,-78.0,-12.5,0.1296,0.3342,0.0736,84559.45598087262,4698757.162960247,1
1183,Río Miño 1: Carretera / Puga,Hispania Tarraconensis,1.0,Alta Certeza (Grado I),1,0,0,0,0.0493,0.0041,0.0009,0.1418,114373.0,0.0005,787.3,20.34,14.79,15.38,39.44,-74.33,-45.56,0.0239,0.033,0.035,87057.03533908876,4698029.492011181,1
1184,Río Miño 1: Layas,Hispania Tarraconensis,1.0,Alta Certeza (Grado I),1,0,0,0,0.0495,0.004,0.0009,0.1398,115864.8,0.0004,794.6,16.98,13.54,15.87,37.15,-78.68,-42.57,0.2164,0.1511,0.0912,85661.63290133007,4698745.600058866,1
1185,Río Miño 1: Prado,Hispania Tarraconensis,0.9650000000000001,Alta Certeza (Grado I),1,0,0,0,0.0498,0.0041,0.0008,0.0922,123005.7,0.0003,742.3,19.43,5.83,31.06,39.61,-76.54,-26.58,0.0961,0.1038,0.0,82854.47739098,4717514.2598649645,1
1186,Río Miño 1: Seijo / Grova - Seixo - Chavola,Hispania Tarraconensis,1.0,Alta Certeza (Grado I),1,0,0,0,0.05,0.0036,0.0007,0.1434,120545.0,0.0003,816.1,18.59,-4.8,17.18,38.74,-75.21,-50.45,0.0563,0.0925,0.0,80630.56372051401,4696794.069926519,1
1187,Río Miño 2: Salvatierra,Hispania Tarraconensis,0.9650000000000001,Alta Certeza (Grado I),1,0,0,0,0.0387,0.0016,0.0001,0.1831,155796.0,0.0,823.9,30.4,17.24,25.14,59.97,-79.34,-71.96,0.0202,0.0458,0.0883,44307.637646745716,4674318.852137032,1
1188,Río Miño 2: Salvatierra: Las Nieves,Hispania Tarraconensis,0.9650000000000001,Alta Certeza (Grado I),1,0,0,0,0.0429,0.0018,0.0002,0.1865,148697.7,0.0,846.1,19.85,4.02,6.78,40.9,-80.16,-50.59,0.2853,0.1449,0.0389,51505.03949723899,4672238.3295923,1
1189,Río Miño 2: Salvatierra: Las Nieves,Hispania Tarraconensis,0.9650000000000001,Alta Certeza (Grado I),1,0,0,0,0.0425,0.0017,0.0002,0.1863,149391.9,0.0,831.3,17.82,9.74,38.21,40.12,-72.55,-58.0,0.1408,0.0436,0.0,50804.32218265068,4672345.888549586,1
1190,Río Miño 2: Salvatierra: Medanes,Hispania Tarraconensis,0.9650000000000001,Alta Certeza (Grado I),1,0,0,0,0.0444,0.0019,0.0002,0.1861,145564.8,0.0001,836.1,16.58,22.73,3.51,32.11,-74.87,-58.79,0.0234,0.104,0.0397,54617.98317524785,4672707.283492723,1
1191,Río Miño 2: Salvatierra: San Juan de Barcela,Hispania Tarraconensis,0.9650000000000001,Alta Certeza (Grado I),1,0,0,0,0.046,0.002,0.0003,0.1853,141714.9,0.0001,826.1,16.75,7.04,1.03,31.71,-86.25,-59.3,0.0413,0.0536,0.0603,58435.62788019318,4673469.718285551,1
1192,Río Miño 2: Salvatierra: Santa Maria de Oleiros,Hispania Tarraconensis,0.9650000000000001,Alta Certeza (Grado I),1,0,0,0,0.0411,0.0017,0.0002,0.1835,151895.1,0.0,824.2,17.12,-2.2,30.27,31.95,-80.2,-63.71,0.166,0.3332,0.0225,48216.57379019505,4674177.701699998,1
1193,Río Navia 1: arroyo Santa Marina,Hispania Tarraconensis,0.9650000000000001,Alta Certeza (Grado I),1,0,0,0,0.0,0.0251,0.0186,0.0314,80421.8,0.0047,509.4,17.25,2.49,-9.06,38.19,-82.57,5.35,0.1272,0.0205,0.0,167356.67690346524,4756459.447280824,1
1194,Río Navia 1: Cervantes,Hispania Tarraconensis,0.9650000000000001,Alta Certeza (Grado I),1,0,0,0,0.0,0.0248,0.0188,0.0346,79140.1,0.0051,526.4,23.7,0.8,-10.32,46.12,-81.92,-5.75,0.1535,0.0396,0.0,166865.52919337206,4754480.936701683,1
1195,Río Navia 1: Frayan de Arriba / Fraián,Hispania Tarraconensis,1.0,Alta Certeza (Grado I),1,0,0,0,0.0,0.0255,0.0187,0.0296,81024.3,0.0045,538.5,19.39,9.29,11.13,40.17,-75.99,2.69,0.0664,0.0456,0.0224,167899.7594964633,4757673.097548965,1
1196,Río Navia 1: sub-site 2 / Vilachá,Hispania Tarraconensis,1.0,Alta Certeza (Grado I),1,0,0,0,0.0,0.0248,0.0187,0.0335,79615.6,0.005,523.4,19.06,-0.73,9.51,39.08,-79.36,11.17,0.1343,0.0708,0.018,166871.79828644037,4755081.4357655905,1
1197,Río Navia 1: sub-site 5,Hispania Tarraconensis,0.9650000000000001,Alta Certeza (Grado I),1,0,0,0,0.0,0.0259,0.0192,0.0298,80599.6,0.0046,561.3,16.58,1.19,5.56,33.08,-84.98,-2.82,0.0573,0.0446,0.0687,168701.40740950173,4757764.810925123,1
1200,Río Sil 1: El Carril / La Sufreira,Hispania Tarraconensis,1.0,Alta Certeza (Grado I),1,0,0,0,0.0,0.0284,0.0493,0.1914,35194.4,0.0957,764.5,23.97,-3.09,23.91,49.84,-80.06,45.49,0.0754,0.0875,0.0488,185060.46532282495,4712953.2658920465,1
1201,Río Sil 1: Friera / Las Valiñas,Hispania Tarraconensis,1.0,Alta Certeza (Grado I),1,0,0,0,0.0,0.0292,0.0521,0.1942,34313.1,0.1015,759.9,21.23,5.31,-0.28,42.96,-76.27,50.52,0.1554,0.2263,0.0182,186461.79522577726,4712939.326048234,1
1202,Río Sil 1: Requejo de Portela / O Trave,Hispania Tarraconensis,1.0,Alta Certeza (Grado I),1,0,0,0,0.0,0.0297,0.0533,0.1902,34807.4,0.0982,739.4,16.38,6.33,8.96,34.0,-79.28,50.71,0.4274,0.1453,0.194,186972.2221236967,4713935.332310024,1
1203,Río Sil 1: Valina / El Cabalón,Hispania Tarraconensis,1.0,Alta Certeza (Grado I),1,0,0,0,0.0,0.0296,0.0539,0.1975,33525.4,0.107,769.1,21.02,-15.17,6.19,43.3,-80.96,55.26,0.0955,0.1074,0.0784,187359.6577047899,4712630.078290007,1
1204,Río Sil 2: Arroyo de Balén / La Tiñosa,Hispania Tarraconensis,0.94,Alta Certeza (Grado I),1,0,0,0,0.0,0.0285,0.0521,0.2161,30833.5,0.128,767.9,19.23,7.85,-1.08,41.06,-77.11,39.02,0.1286,0.0293,0.1214,187000.08245599555,4708881.226989268,1
1205,Río Sil 2: Arroyo de Balouta,Hispania Tarraconensis,1.0,Alta Certeza (Grado I),1,0,0,0,0.0,0.0275,0.0495,0.2274,29408.9,0.1408,789.7,16.44,4.57,7.48,32.67,-72.04,45.3,0.1836,0.1377,0.1113,186096.95510204684,4706435.723302022,1
1206,Río Sil 2: La Peña del Cuervo / O Subreiral,Hispania Tarraconensis,1.0,Alta Certeza (Grado I),1,0,0,0,0.0,0.026,0.0452,0.2419,27796.5,0.1567,841.7,18.55,-0.56,19.51,40.13,-76.8,47.28,0.1552,0.0364,0.1013,184461.684004755,4703047.96830215,1
1207,Río Sil 2: nr Covas,Hispania Tarraconensis,1.0,Alta Certeza (Grado I),1,0,0,0,0.0,0.0279,0.0497,0.2119,31829.6,0.1198,773.8,18.75,21.85,34.82,41.65,-73.31,39.13,0.2476,0.1739,0.0634,185723.34019605006,4709142.466949151,1
1208,Río Sil 2: nr Sobredo,Hispania Tarraconensis,1.0,Alta Certeza (Grado I),1,0,0,0,0.0,0.0268,0.0478,0.2371,28164.8,0.1529,814.3,16.82,12.71,15.36,32.43,-80.88,33.85,0.2199,0.0475,0.0,185576.65454903897,4704438.5806392925,1
1209,Río Sil 2: Quereño / Foi Pidriña,Hispania Tarraconensis,1.0,Alta Certeza (Grado I),1,0,0,0,0.0,0.0264,0.0465,0.2371,28334.5,0.1512,787.8,27.75,-0.45,-16.26,55.51,-78.64,19.12,0.0812,0.0725,0.0364,184973.07780611364,4704144.198328975,1
1210,Río Sil 2: Río Cabrera / A Meana,Hispania Tarraconensis,1.0,Alta Certeza (Grado I),1,0,0,0,0.0,0.0263,0.0466,0.2438,27318.7,0.1618,802.8,23.69,13.81,11.38,47.02,-78.72,64.64,0.7253,0.0616,0.1114,185262.50466377975,4703040.061319902,1
1211,Río Sil 2: Salas de Ribera / Valdefuentes,Hispania Tarraconensis,1.0,Alta Certeza (Grado I),1,0,0,0,0.0,0.0274,0.0497,0.2336,28432.7,0.1502,819.1,20.52,16.11,10.86,43.33,-78.03,36.03,0.2156,0.215,0.0,186387.3525217902,4705431.715013659,1
1212,Río Sil 3: arroyo de Candis,Hispania Tarraconensis,1.0,Alta Certeza (Grado I),1,0,0,0,0.0,0.0227,0.0336,0.2216,33070.0,0.1103,791.2,18.58,6.63,20.52,36.01,-77.23,62.6,0.251,0.0294,0.0688,176757.50133815582,4703524.753346513,1
1213,Río Sil 3: Carbayal / La Portela,Hispania Tarraconensis,1.0,Alta Certeza (Grado I),1,0,0,0,0.0,0.0198,0.0248,0.198,39873.0,0.0701,821.1,18.22,8.36,11.33,41.05,-82.93,47.52,0.1369,0.0973,0.0756,168861.65686350793,4704905.067462406,1
1214,Río Sil 3: Corgormo / Arcos,Hispania Tarraconensis,1.0,Alta Certeza (Grado I),1,0,0,0,0.0,0.0194,0.0239,0.1973,40404.8,0.0676,805.7,20.31,8.8,25.19,38.34,-76.69,35.54,0.2243,0.0289,0.0827,167957.61848245614,4704613.71864714,1
1215,Río Sil 3: Cortes,Hispania Tarraconensis,1.0,Alta Certeza (Grado I),1,0,0,0,0.0,0.0211,0.029,0.2158,35330.0,0.0949,794.3,19.25,-10.91,14.33,39.16,-85.64,50.83,0.0551,0.1368,0.086,173147.54958410503,4702959.8948112605,1
1216,Río Sil 3: Entoma 1,Hispania Tarraconensis,1.0,Alta Certeza (Grado I),1,0,0,0,0.0,0.0226,0.0332,0.2183,33707.0,0.1057,807.8,16.35,3.41,26.88,35.31,-84.35,50.54,0.0922,0.2513,0.1107,176362.04109948926,4704029.297940296,1
1217,Río Sil 3: Entoma 2,Hispania Tarraconensis,1.0,Alta Certeza (Grado I),1,0,0,0,0.0,0.0222,0.0319,0.216,34423.4,0.1008,812.8,18.97,3.78,4.22,37.78,-70.5,34.56,0.2559,0.0725,0.1402,175360.94905317423,4704039.251621092,1
1218,Río Sil 3: La Rúa / San Miguel de Otero,Hispania Tarraconensis,0.8,Alta Certeza (Grado I),1,0,0,0,0.0,0.0174,0.0193,0.1967,43165.2,0.0563,815.0,22.67,18.24,13.06,44.11,-81.46,36.69,0.0467,0.0791,0.0887,162900.60518346215,4702065.138703668,1
1219,Río Sil 3: Medua (A Medua Grande - A Medua Pequena - Os Chaos),Hispania Tarraconensis,1.0,Alta Certeza (Grado I),1,0,0,0,0.0,0.0241,0.0391,0.2413,28798.4,0.1466,785.5,18.56,8.24,19.2,38.85,-75.91,41.4,0.0782,0.2792,0.0949,181044.2681566333,4701680.076557415,1
1220,Río Sil 3: Millaroso / Santurjo (Santurxo),Hispania Tarraconensis,1.0,Alta Certeza (Grado I),1,0,0,0,0.0,0.0217,0.0306,0.215,34951.1,0.0973,788.5,16.31,2.51,1.29,34.51,-72.29,51.59,0.2,0.0888,0.0511,174356.85899483762,4703748.866699488,1
1221,Río Sil 3: Sobradelo / A Lagua,Hispania Tarraconensis,1.0,Alta Certeza (Grado I),1,0,0,0,0.0,0.0235,0.0362,0.2274,31533.2,0.1222,798.0,22.27,5.96,1.65,45.1,-88.17,41.31,0.2383,0.0833,0.0777,178757.6750304193,4703304.658531581,1
1222,Río Sil 4: Montefurado meander,Hispania Tarraconensis,1.0,Alta Certeza (Grado I),1,0,0,0,0.0033,0.0146,0.0134,0.1823,50889.5,0.0336,806.5,17.0,13.29,0.95,37.31,-74.9,28.64,0.0317,0.0982,0.0084,153806.16925613687,4701351.051307711,1
1223,Río Sil 4: Montefurado meander b,Hispania Tarraconensis,1.0,Alta Certeza (Grado I),1,0,0,0,0.0028,0.0148,0.0137,0.1818,50600.5,0.0343,815.3,17.29,3.71,-0.34,35.34,-76.83,28.42,0.207,0.1286,0.0782,154310.84992058552,4701746.546931917,1
1224,Río Sil 4: San Martin de Albaredos,Hispania Tarraconensis,1.0,Alta Certeza (Grado I),1,0,0,0,0.0014,0.0151,0.0144,0.1859,49118.3,0.0378,811.0,16.82,-0.54,14.68,35.91,-72.92,32.3,0.1319,0.0226,0.0524,155707.6125750785,4701231.779329457,1
1225,Río Sil 4: sub-site c,Hispania Tarraconensis,1.0,Alta Certeza (Grado I),1,0,0,0,0.0015,0.0152,0.0144,0.1834,49509.2,0.0369,785.4,17.7,3.1,-13.17,35.85,-84.2,47.34,0.0889,0.1834,0.0043,155614.5357438787,4701933.713661176,1
1226,Río Sil 4: Villamuz,Hispania Tarraconensis,1.0,Alta Certeza (Grado I),1,0,0,0,0.0021,0.0149,0.014,0.185,49712.5,0.0364,814.4,21.75,14.05,-7.8,42.45,-73.65,28.19,0.1925,0.0686,0.0894,155005.7056287374,4701138.6946426425,1
1227,Río Sil 4: Viña Grande / Las Chozas,Hispania Tarraconensis,1.0,Alta Certeza (Grado I),1,0,0,0,0.0002,0.0155,0.0152,0.1868,48206.9,0.0402,816.0,19.03,9.68,31.87,38.68,-82.49,44.0,0.0712,0.0184,0.0101,156913.17009258777,4701620.231680633,1
1228,Río Sil 5: Aguasmestas,Hispania Tarraconensis,1.0,Alta Certeza (Grado I),1,0,0,0,0.0143,0.0125,0.009,0.141,64731.0,0.0134,779.1,17.01,5.46,-0.19,34.63,-74.65,22.22,0.0279,0.1702,0.0,142576.60828439222,4709877.256833079,1
1229,Río Sil 5: Nocedo,Hispania Tarraconensis,1.0,Alta Certeza (Grado I),1,0,0,0,0.0109,0.0135,0.0103,0.1417,62108.1,0.0159,782.8,24.51,8.88,14.65,48.21,-79.18,33.71,0.0411,0.0622,0.0149,146091.45923352952,4710842.83496523,1
1230,Río Sil 5: Pacío Viejo / A Meda,Hispania Tarraconensis,1.0,Alta Certeza (Grado I),1,0,0,0,0.0077,0.0143,0.0118,0.1472,58990.8,0.0196,781.5,24.56,2.89,-5.59,51.55,-76.1,18.77,0.0795,0.0244,0.0,149390.60791528004,4710308.499665884,1
1231,Río Sil 5: Rairos,Hispania Tarraconensis,1.0,Alta Certeza (Grado I),1,0,0,0,0.0122,0.0131,0.0098,0.1418,63009.4,0.015,775.6,24.28,5.73,13.27,48.19,-78.78,25.78,0.0829,0.1157,0.0621,144784.64598049835,4710355.443358395,1
1232,Río Sil 5: Sequeiros,Hispania Tarraconensis,1.0,Alta Certeza (Grado I),1,0,0,0,0.0062,0.0145,0.0124,0.1559,56642.3,0.0229,777.3,17.19,-0.15,-0.03,34.61,-86.61,23.7,0.1741,0.2254,0.0,150871.14758254448,4708190.464938782,1
1233,Río Tejeira,Hispania Tarraconensis,0.845,Alta Certeza (Grado I),1,0,0,0,0.0,0.034,0.0474,0.087,54892.1,0.0257,598.3,18.5,3.19,-9.51,38.35,-91.06,-4.79,0.1819,0.2425,0.0213,186107.2883829545,4738697.80621978,1
1234,Los Arrotos - Laguna Cernea (Río Turienzo),Hispania Tarraconensis,1.0,Alta Certeza (Grado I),1,0,0,0,0.0,0.0623,0.2925,0.4122,597.5,0.961,801.7,32.89,20.64,32.49,64.42,-70.38,68.5,0.7749,0.3598,0.6152,233113.1863697585,4705119.074457224,1
1235,Los Barriales (Río Turienzo),Hispania Tarraconensis,0.94,Alta Certeza (Grado I),1,0,0,0,0.0,0.0677,0.343,0.3587,7631.9,0.6012,813.7,22.01,-2.02,25.2,42.25,-70.77,78.19,0.6066,0.2496,0.3679,240348.15609395524,4701849.122286745,1
1236,Río Valledor,Hispania Tarraconensis,0.845,Alta Certeza (Grado I),1,0,0,0,0.0,0.0414,0.024,0.0184,86608.1,0.0031,372.4,16.21,-0.65,6.82,33.58,-77.69,-1.45,0.0313,0.0292,0.0293,190795.09716537222,4782561.008266644,1
1237,Río Valmayor,Hispania Tarraconensis,0.9650000000000001,Alta Certeza (Grado I),0,0,1,1,0.064,0.0153,0.5062,0.1895,15984.7,0.3445,324.8,16.37,-5.12,20.18,33.78,-61.98,60.66,0.366,0.0906,0.301,397518.24248815584,4251575.116637951,1
1238,Riocabo,Hispania Tarraconensis,0.905,Alta Certeza (Grado I),1,0,0,0,0.0,0.037,0.0076,0.0623,116512.2,0.0004,141.8,18.59,-6.19,32.14,38.12,-71.7,-34.31,0.2099,0.1966,0.0147,190075.49991741823,4819879.5761446925,1
1239,Riodeporcos,Hispania Tarraconensis,0.9650000000000001,Alta Certeza (Grado I),0,0,1,1,0.0,0.0328,0.0193,0.0155,89060.4,0.0026,424.6,25.69,6.21,21.9,52.7,-78.5,-4.03,0.0159,0.0685,0.0355,179106.13342405274,4776570.4571320675,1
1240,Riospaso,Hispania Tarraconensis,0.765,Media Certeza (Grado II),0,1,0,0,0.0,0.1804,0.1504,0.1175,28658.9,0.148,454.6,19.19,0.82,15.35,39.82,-77.28,50.99,0.1436,0.2183,0.117,265360.11030949594,4767054.051113657,1
1241,Riotinto,Hispania Baetica,0.9650000000000001,Alta Certeza (Grado I),0,1,1,0,0.4224,0.0004,0.0023,0.3742,11460.0,0.4658,338.2,18.85,19.75,11.81,41.39,-53.24,139.19,0.3507,0.3047,0.4042,183871.4015792503,4179023.2540438166,1
1242,Riscos de Guadanuño,Hispania Baetica,0.9650000000000001,Alta Certeza (Grado I),0,1,0,0,0.0904,0.007,0.5478,0.2161,29909.2,0.1362,338.9,16.54,2.7,16.07,34.75,-59.86,69.57,0.3214,0.0955,0.2908,338477.0530525992,4207568.052089914,1
1243,As Grovas de Rivas,Hispania Tarraconensis,1.0,Alta Certeza (Grado I),1,0,0,0,0.0498,0.0041,0.0008,0.0943,122579.9,0.0003,745.2,20.37,16.43,5.82,45.23,-76.61,-35.46,0.2094,0.2626,0.0063,83046.27235597628,4716710.5797665445,1
1244,Rivas: La Peña das Covas,Hispania Tarraconensis,1.0,Alta Certeza (Grado I),1,0,0,0,0.0499,0.0041,0.0008,0.0883,124029.5,0.0003,750.6,23.0,14.65,8.18,45.48,-81.85,-41.66,0.0357,0.0978,0.0648,82269.4645526883,4719023.575953923,1
1245,Rivas: Larouce,Hispania Tarraconensis,0.9650000000000001,Alta Certeza (Grado I),1,0,0,0,0.0495,0.0043,0.0009,0.0952,120317.0,0.0003,737.6,18.01,3.73,14.42,35.88,-77.03,-22.46,0.0016,0.0903,0.0888,85348.42389237357,4716485.572715454,1
1246,Robledo I,Hispania Tarraconensis,0.905,Alta Certeza (Grado I),1,0,0,0,0.0,0.0437,0.0222,0.0206,89349.1,0.0026,334.7,22.07,23.5,5.35,45.83,-81.24,-4.72,0.045,0.6303,0.0,193736.63433331024,4788313.595712824,1
1247,Robledo II,Hispania Tarraconensis,0.905,Alta Certeza (Grado I),1,0,0,0,0.0,0.0438,0.0221,0.0207,89466.3,0.0026,324.8,29.45,10.98,10.33,60.73,-83.83,-23.28,0.0955,0.0987,0.0963,193881.5111343359,4788570.162568989,1
1248,Rocabruna,Hispania Tarraconensis,0.9650000000000001,Alta Certeza (Grado I),0,1,1,0,0.0078,0.0,0.0,0.1208,504972.9,0.0,767.6,17.01,17.21,8.51,32.86,-71.63,-100.0,0.0472,0.0235,0.0,950259.6082457479,4703993.356200718,1
1249,Román,Hispania Tarraconensis,0.9650000000000001,Alta Certeza (Grado I),1,0,0,0,0.0,0.0368,0.0269,0.0209,80791.0,0.0046,435.2,19.06,16.89,23.34,38.92,-83.53,-12.3,0.088,0.0977,0.1101,185165.1719975841,4770776.930727448,1
1250,Romanilla,Hispania Tarraconensis,0.9650000000000001,Alta Certeza (Grado I),0,0,1,1,0.0641,0.0097,0.1806,0.2105,10644.5,0.4918,288.7,17.45,8.55,-4.87,35.19,-70.71,69.32,0.5286,0.2071,0.3112,384677.3789918587,4274483.155628195,1
1251,Rosal,Hispania Tarraconensis,0.845,Alta Certeza (Grado I),1,0,0,0,0.0158,0.0008,0.0,0.1977,185072.8,0.0,810.5,22.39,12.73,20.31,45.6,-82.26,-100.0,0.2436,0.1585,0.0417,16094.950841733837,4659242.507876524,1
1252,Rosalía,Hispania Baetica,0.9650000000000001,Alta Certeza (Grado I),0,0,1,1,0.1061,0.0025,0.2063,0.2152,15723.4,0.3506,262.6,19.54,10.86,19.27,40.2,-66.26,80.63,0.2753,0.2102,0.3147,294245.5651790387,4236689.346689632,1
1253,Rubieros,Hispania Tarraconensis,0.905,Alta Certeza (Grado I),1,0,0,0,0.0,0.0655,0.0322,0.0301,80199.5,0.0048,287.1,20.12,-3.12,19.49,43.91,-84.13,3.55,0.0757,0.1689,0.0,214298.96626067575,4792708.269824069,1
1254,Salas de Galiarda,Hispania Baetica,0.9650000000000001,Alta Certeza (Grado I),0,1,0,0,0.0496,0.0309,0.4674,0.1439,36981.4,0.085,445.9,22.49,7.21,1.57,45.27,-59.64,46.37,0.2941,0.0758,0.2062,424556.16238048737,4227765.840631288,1
1255,Salientes I,Hispania Tarraconensis,0.905,Alta Certeza (Grado I),1,0,0,0,0.0,0.0823,0.1703,0.1004,38627.6,0.0761,540.4,18.11,14.03,-11.26,40.35,-66.75,37.72,0.3899,0.2557,0.1612,228501.05722511467,4751087.304266033,1
1257,Salto del Burro,Hispania Baetica,0.9650000000000001,Alta Certeza (Grado I),0,0,1,1,0.1628,0.0016,0.0865,0.1914,21985.9,0.2309,256.6,25.96,20.0,19.7,51.1,-70.99,77.41,0.789,0.3065,0.1904,269992.34398878104,4231946.911726677,1
1258,Sampayo,Hispania Tarraconensis,0.845,Alta Certeza (Grado I),1,0,0,0,0.0,0.0172,0.0193,0.205,41761.3,0.0618,817.4,19.14,-0.02,11.82,41.31,-74.55,48.71,0.053,0.0336,0.0158,163339.7399930429,4700000.775069969,1
1259,San Antolín de Ibias II,Hispania Tarraconensis,0.845,Alta Certeza (Grado I),1,0,0,0,0.0,0.0367,0.0258,0.0197,82084.6,0.0042,446.6,16.78,9.27,20.44,35.67,-80.75,-30.61,0.1408,0.0397,0.0,184971.4351850155,4772277.429995037,1
1260,San Antolín de Ibias I,Hispania Tarraconensis,0.905,Alta Certeza (Grado I),1,0,0,0,0.0,0.0363,0.0249,0.019,83019.7,0.0039,405.0,20.86,7.46,2.02,46.01,-73.23,-6.11,0.058,0.3967,0.0878,184355.2334043802,4772981.501339844,1
1261,San Clodio,Hispania Tarraconensis,0.905,Alta Certeza (Grado I),1,0,0,0,0.0095,0.0138,0.0109,0.1458,60498.9,0.0177,774.2,22.4,5.78,20.32,42.37,-70.35,36.38,0.0091,0.2172,0.0,147480.0307635147,4710029.486296849,1
1262,San Eduardo,Hispania Baetica,0.9650000000000001,Alta Certeza (Grado I),0,1,0,0,0.3696,0.0003,0.002,0.3101,20097.8,0.2619,335.1,17.62,8.13,21.46,34.39,-58.7,120.52,0.1141,0.4087,0.3394,178002.58062608488,4185665.9023999264,1
1264,San Félix de las Montañas I,Hispania Tarraconensis,0.8799999999999999,Alta Certeza (Grado I),1,0,0,0,0.0,0.051,0.0299,0.0224,82229.5,0.0042,349.9,23.88,8.91,10.8,51.65,-85.18,10.44,0.0743,0.2532,0.0,201318.39667344547,4785197.15063153,1
1265,San Félix de las Montañas II,Hispania Tarraconensis,1.0,Alta Certeza (Grado I),1,0,0,0,0.0,0.0509,0.0303,0.0224,81863.3,0.0043,367.9,25.56,12.0,17.78,49.54,-75.3,-22.21,0.0798,0.1137,0.0697,201201.31347503117,4784643.8399703475,1
1266,San Gabriel,Hispania Tarraconensis,0.9650000000000001,Alta Certeza (Grado I),0,0,1,1,0.0243,0.0427,0.191,0.0979,44234.7,0.0524,454.8,17.39,16.75,13.28,34.97,-71.92,26.98,0.0937,0.146,0.1335,451365.57711904234,4241172.476243873,1
1267,San Juan Bautista,Hispania Tarraconensis,0.9650000000000001,Alta Certeza (Grado I),0,0,1,1,0.0645,0.0079,0.129,0.1762,15975.5,0.3447,293.3,32.52,16.03,6.4,61.78,-70.25,78.85,0.3262,0.1166,0.2255,372068.1606559167,4274374.577627239,1
1268,San Marcos,Hispania Tarraconensis,0.9650000000000001,Alta Certeza (Grado I),0,0,1,1,0.0639,0.0075,0.1151,0.1603,18909.7,0.2835,301.8,16.7,7.5,14.73,37.36,-74.07,86.18,0.2049,0.0424,0.1651,370485.2442109628,4276887.89541998,1
1269,San Miguel (Huelva),Hispania Baetica,0.9650000000000001,Alta Certeza (Grado I),0,1,0,0,0.3113,0.0003,0.0014,0.2909,24006.9,0.2018,324.4,17.0,20.02,27.97,33.09,-64.81,91.28,0.1638,0.2927,0.1932,169592.8677426338,4185914.8322777967,1
1270,San Miguel (Sevilla),Hispania Baetica,0.9650000000000001,Alta Certeza (Grado I),0,1,1,0,0.5361,0.001,0.0212,0.3783,5619.7,0.6875,267.9,16.91,13.95,8.72,35.49,-42.56,150.92,0.4199,0.3391,0.5313,236240.40619271505,4197729.509370016,1
1271,San Pedro de las Montañas I,Hispania Tarraconensis,0.845,Alta Certeza (Grado I),1,0,0,0,0.0,0.0523,0.0309,0.023,81546.7,0.0044,369.5,25.07,6.78,-4.99,49.6,-77.79,2.47,0.0313,0.141,0.0647,202576.0119225327,4785293.925627205,1
1272,San Pedro de las Montañas II,Hispania Tarraconensis,0.845,Alta Certeza (Grado I),1,0,0,0,0.0,0.0525,0.0317,0.023,80855.9,0.0046,375.6,20.35,-3.63,1.93,43.7,-84.82,-15.38,0.0657,0.1066,0.0198,202756.88292813167,4784565.823888466,1
1273,San Pedro de las Montañas III,Hispania Tarraconensis,0.845,Alta Certeza (Grado I),1,0,0,0,0.0,0.0521,0.0319,0.0228,80666.3,0.0046,347.4,16.76,-2.88,-12.97,34.04,-76.3,4.55,0.0399,0.1042,0.0,202355.08086259617,4784022.2166288085,1
1274,San Platón,Hispania Baetica,0.9650000000000001,Alta Certeza (Grado I),0,1,0,0,0.3556,0.0003,0.0018,0.3026,21388.0,0.2403,316.3,18.42,12.99,24.69,38.98,-56.67,85.19,0.1782,0.1968,0.2503,176203.20446317823,4186177.026876912,1
1275,San Quintín,Hispania Tarraconensis,0.9650000000000001,Alta Certeza (Grado I),0,0,1,1,0.0604,0.0079,0.087,0.131,29314.9,0.1417,255.1,19.92,0.93,19.13,38.51,-75.07,64.66,0.1091,0.0684,0.1145,388044.2955176495,4296975.064521509,1
1276,San Rafael,Hispania Baetica,0.9650000000000001,Alta Certeza (Grado I),0,0,1,1,0.1485,0.0017,0.094,0.1816,22933.2,0.2168,212.9,16.45,-3.13,2.21,39.15,-61.79,69.39,0.1974,0.0927,0.0891,272712.02084553475,4234531.456753245,1
1277,San Roque,Hispania Tarraconensis,0.9650000000000001,Alta Certeza (Grado I),0,0,1,1,0.0336,0.0451,0.2233,0.1924,27075.0,0.1645,489.3,24.66,1.33,-4.69,48.91,-73.76,53.48,0.1693,0.0702,0.1528,442666.77967149543,4221629.730935953,1
1278,San Salvador de Padreiro,Hispania Tarraconensis,0.9650000000000001,Alta Certeza (Grado I),0,0,0,0,0.0255,0.0016,0.0001,0.0042,203337.8,0.0,510.9,22.61,1.28,1.3,45.71,-79.15,-100.0,0.1112,0.3749,0.0464,26716.606577257044,4786391.358866583,1
1279,San Serafín,Hispania Tarraconensis,0.9650000000000001,Alta Certeza (Grado I),0,1,1,1,0.0678,0.009,0.179,0.266,4158.5,0.7579,281.5,18.91,12.48,1.8,42.35,-67.49,90.48,0.6361,0.0568,0.4529,371964.89818491833,4260065.180464549,1
1280,San Telmo,Hispania Baetica,0.9650000000000001,Alta Certeza (Grado I),0,1,0,0,0.2161,0.0002,0.0007,0.2346,36485.9,0.0878,343.8,29.76,7.67,16.19,57.39,-66.71,75.85,0.0407,0.1395,0.1433,150492.70778217644,4190731.213798112,1
1281,As Borreas de Caldesiños / San Xé,Hispania Tarraconensis,1.0,Alta Certeza (Grado I),1,0,0,0,0.0,0.0129,0.0123,0.2585,40603.7,0.0667,910.1,18.26,-5.5,10.04,41.2,-85.17,49.09,0.0883,0.0983,0.0613,159749.9851005036,4674652.079975788,1
1282,Sanfitorio,Hispania Tarraconensis,0.9650000000000001,Alta Certeza (Grado I),1,0,0,0,0.0114,0.0128,0.0098,0.1627,59375.5,0.0191,819.6,32.67,10.05,32.43,62.97,-78.29,5.33,0.0155,0.1088,0.0,145619.59143569396,4703837.308594808,1
1283,Santa Bárbara,Hispania Baetica,0.9650000000000001,Alta Certeza (Grado I),0,0,1,1,0.1002,0.0018,0.0971,0.1165,33062.3,0.1103,206.3,20.51,7.93,1.94,43.26,-72.73,64.01,0.1682,0.0681,0.1609,279415.2641764396,4249001.130418668,1
1284,Santa Eufemia,Hispania Baetica,0.9650000000000001,Alta Certeza (Grado I),0,0,1,1,0.0542,0.0038,0.0974,0.0905,36273.4,0.0891,248.2,20.13,2.2,-8.04,40.08,-70.4,43.95,0.0989,0.1876,0.1683,332565.2318645693,4278160.662388896,1
1285,Santa María,Hispania Baetica,0.9650000000000001,Alta Certeza (Grado I),0,0,1,1,0.158,0.0014,0.0661,0.1503,29054.3,0.1441,223.2,16.82,14.29,-5.47,32.57,-67.93,83.82,0.1547,0.2338,0.0789,264322.1781171642,4237289.834999499,1
1286,Santa Quitería: Colón,Hispania Tarraconensis,0.9650000000000001,Alta Certeza (Grado I),0,0,1,1,0.0236,0.0013,0.0449,0.3127,23666.7,0.2064,294.2,24.64,4.03,12.05,50.19,-76.86,66.75,0.1743,0.0398,0.1089,330533.31385166594,4370170.260888852,1
1287,Santa Quitería: Postuero,Hispania Tarraconensis,0.9650000000000001,Alta Certeza (Grado I),0,0,1,1,0.0224,0.0013,0.0407,0.3083,23976.0,0.2022,302.1,18.33,14.37,0.42,39.27,-81.63,66.62,0.3558,0.0462,0.2388,328818.08929986693,4368381.021851048,1
1289,Santiago Cerredo,Hispania Tarraconensis,1.0,Alta Certeza (Grado I),1,0,0,0,0.0,0.0587,0.02,0.0393,91754.4,0.0022,217.9,16.81,9.82,4.9,32.62,-80.32,4.7,0.0879,0.3191,0.0156,210307.97168369073,4804254.503494223,1
1290,Santo Cristo,Hispania Baetica,0.9650000000000001,Alta Certeza (Grado I),0,0,1,1,0.0431,0.0009,0.0214,0.0677,46099.4,0.0463,203.8,16.15,12.26,2.63,33.45,-72.89,51.63,0.1089,0.1969,0.045,257018.75734967465,4282591.818979154,1
1292,Sarreaus,Hispania Tarraconensis,0.905,Alta Certeza (Grado I),1,0,0,0,0.0335,0.0072,0.0033,0.1759,80079.7,0.0048,847.7,19.38,-2.97,21.57,42.28,-81.0,3.37,0.0534,0.1414,0.0039,120432.31019925483,4689041.247701926,1
1293,Segunda Pepe,Hispania Baetica,0.9650000000000001,Alta Certeza (Grado I),0,0,1,1,0.1663,0.0016,0.0779,0.182,23625.4,0.207,240.2,19.1,6.52,2.5,40.57,-67.81,81.31,0.4127,0.0928,0.2571,267495.37359267037,4232764.220100659,1
1294,Segunderalejo,Hispania Baetica,0.9650000000000001,Alta Certeza (Grado I),0,1,0,0,0.3308,0.0003,0.0014,0.4534,3799.4,0.7762,364.3,21.18,5.93,6.06,42.33,-63.86,131.82,0.5879,0.2198,0.4739,174684.604094223,4165759.1010307926,1
1295,Serandinas,Hispania Tarraconensis,1.0,Alta Certeza (Grado I),1,0,0,0,0.0,0.0429,0.0098,0.057,109882.8,0.0007,207.4,24.94,-3.9,21.08,48.69,-84.44,-28.52,0.0376,0.112,0.0496,196939.089332096,4816797.70116924,1
1296,Sésamo / Las Tierras Rubias,Hispania Tarraconensis,1.0,Alta Certeza (Grado I),1,0,0,0,0.0,0.0434,0.0748,0.096,48413.1,0.0397,604.3,16.43,13.77,1.43,38.47,-78.09,38.64,0.2265,0.0512,0.0284,198358.65730990225,4740019.300244584,1
1297,Sierra Almagrera,Hispania Baetica,0.9650000000000001,Alta Certeza (Grado I),0,1,1,1,0.0,0.4709,0.0001,0.4335,6013.9,0.6697,1093.3,21.36,-0.13,15.76,40.55,-79.3,51.68,0.4202,0.3891,0.2974,609918.4169948491,4127128.3628434464,1
1298,Antoñana I / Sierra de Begega,Hispania Tarraconensis,1.0,Alta Certeza (Grado I),1,0,0,0,0.0,0.0964,0.0322,0.0467,74901.1,0.0068,232.9,16.93,0.2,12.44,35.35,-71.06,23.91,0.1905,0.1594,0.0015,235189.86796922784,4802257.442804923,1
1299,Sierra de Cartagena,Hispania Tarraconensis,0.9650000000000001,Alta Certeza (Grado I),0,1,1,1,0.0469,0.1106,0.0,0.2931,32118.1,0.1175,1109.7,23.91,-0.93,13.66,45.11,-79.01,55.53,0.2144,0.1405,0.0752,689109.5615344287,4164712.9836401874,1
1300,Sierra de Gador,Hispania Baetica,0.9650000000000001,Alta Certeza (Grado I),0,0,1,1,0.0,0.1481,0.0006,0.1812,38809.6,0.0752,877.0,22.94,12.49,-2.14,48.91,-80.18,24.97,0.0448,0.2555,0.0129,511359.8235653966,4083622.2609782005,1
1301,Sierra de las Estrellas,Hispania Baetica,0.9650000000000001,Alta Certeza (Grado I),0,0,0,0,0.0,0.0585,0.249,0.3473,6781.5,0.6363,793.5,19.21,-6.44,24.36,39.56,-77.53,64.08,0.5613,0.2245,0.4485,226961.50546260038,4709189.78491565,1
1302,Sierra Jayona,Hispania Baetica,0.9650000000000001,Alta Certeza (Grado I),0,0,0,0,0.2888,0.001,0.0303,0.1938,25812.3,0.1789,259.2,21.05,11.26,37.17,43.25,-59.32,76.21,0.1163,0.1842,0.1769,242608.12320734817,4223216.209372781,1
1303,Sierrecilla,Hispania Baetica,0.9650000000000001,Alta Certeza (Grado I),0,1,1,1,0.1529,0.0001,0.0002,0.2568,37304.5,0.0832,396.2,17.61,13.64,8.91,42.23,-69.23,54.73,0.0622,0.2589,0.1098,125985.5656488213,4178547.0295824283,1
1304,Socorro,Hispania Tarraconensis,0.9650000000000001,Alta Certeza (Grado I),0,1,1,1,0.0401,0.0233,0.232,0.1644,18159.1,0.298,346.6,18.65,9.89,-3.23,37.37,-64.68,66.44,0.26,0.0473,0.2615,433557.3953092336,4267918.953996758,1
1305,Solana Ballesteros,Hispania Tarraconensis,0.9650000000000001,Alta Certeza (Grado I),0,0,1,1,0.0527,0.0039,0.0703,0.0829,40632.5,0.0666,240.0,22.99,12.6,11.85,49.88,-70.28,62.42,0.1777,0.211,0.082,338624.94713281665,4285824.3315457385,1
1306,Solana de la Belalcázar,Hispania Baetica,0.9650000000000001,Alta Certeza (Grado I),0,1,1,1,0.0505,0.003,0.097,0.0755,41653.6,0.0622,215.7,18.56,11.64,21.16,37.62,-72.66,50.02,0.0836,0.0439,0.119,317944.761861346,4277062.991744783,1
1307,Solano del Bepo,Hispania Tarraconensis,0.9650000000000001,Alta Certeza (Grado I),0,1,0,0,0.0,0.0,0.0,0.0923,350940.8,0.0,446.6,17.87,-2.23,1.55,36.7,-81.88,-100.0,0.0001,0.0087,0.0,825122.302337764,4583639.711398633,1
1308,Solmayor,Hispania Tarraconensis,0.9650000000000001,Alta Certeza (Grado I),1,0,0,0,0.0,0.0239,0.0047,0.0521,127764.8,0.0002,198.5,18.82,17.12,7.87,44.16,-79.04,-59.12,0.1275,0.1194,0.0327,166924.85546953342,4816122.290439976,1
1309,Sortijón del Cuzna,Hispania Baetica,0.9650000000000001,Alta Certeza (Grado I),0,1,1,1,0.0782,0.006,0.4994,0.2915,5410.6,0.6972,268.3,23.14,3.26,15.66,46.34,-60.77,78.07,0.6008,0.1072,0.5623,338766.4465585676,4234982.959770341,1
1310,Sotiel Coronada,Hispania Baetica,0.9650000000000001,Alta Certeza (Grado I),0,1,0,0,0.2523,0.0002,0.0008,0.3838,12498.6,0.4346,396.1,17.73,4.79,23.3,34.17,-61.03,97.87,0.2231,0.3648,0.3669,159580.0326180872,4168346.918945368,1
1311,Souto,Hispania Tarraconensis,0.845,Alta Certeza (Grado I),1,0,0,0,0.0,0.0263,0.0185,0.0253,82882.2,0.004,530.8,16.86,2.4,17.74,35.91,-76.14,-9.94,0.0351,0.0635,0.0,169059.86946184566,4760905.723908017,1
1312,Souto Castillo,Hispania Tarraconensis,0.905,Alta Certeza (Grado I),1,0,0,0,0.0,0.0321,0.0723,0.2829,19379.7,0.2747,799.6,21.08,10.26,20.34,42.59,-79.02,57.1,0.196,0.0563,0.1845,196841.15681265295,4701999.259766262,1
1313,Sta Bárbara,Hispania Baetica,0.9650000000000001,Alta Certeza (Grado I),0,0,1,1,0.1232,0.0044,0.2978,0.2473,29471.6,0.1402,319.4,23.09,2.62,6.43,47.3,-69.53,66.24,0.2352,0.1341,0.2537,312281.6348183127,4195438.025076612,1
1315,Suerte,Hispania Baetica,0.9650000000000001,Alta Certeza (Grado I),0,0,1,1,0.8605,0.0008,0.0095,0.4023,8214.9,0.5783,315.7,16.52,5.49,13.08,34.47,-22.75,197.47,0.311,0.4917,0.6156,222195.97511731467,4176294.2200600067,1
1316,Sultana,Hispania Baetica,0.9650000000000001,Alta Certeza (Grado I),1,1,0,0,0.4872,0.0006,0.0086,0.2376,24791.0,0.1915,269.4,17.19,-4.72,-0.07,40.38,-48.19,121.57,0.432,0.2862,0.2658,211672.85746009165,4207192.129478102,1
1317,Susañe del Sil / Corbón del Sil,Hispania Tarraconensis,1.0,Alta Certeza (Grado I),1,0,0,0,0.0,0.0602,0.1143,0.0896,45154.7,0.0493,578.9,16.71,14.33,18.5,36.19,-77.85,36.2,0.1855,0.1604,0.0238,213265.15523198835,4747514.580064706,1
1318,Suspirón,Hispania Tarraconensis,0.905,Alta Certeza (Grado I),1,0,0,0,0.0,0.0963,0.3237,0.1769,22762.4,0.2193,641.8,17.81,10.71,22.72,34.9,-68.12,54.09,0.2585,0.2099,0.1551,240039.07132421914,4739922.747308248,1
1319,Tamarindo,Hispania Baetica,0.9650000000000001,Alta Certeza (Grado I),0,0,1,1,0.0298,0.0014,0.0324,0.0578,55014.5,0.0255,201.4,18.49,3.21,15.89,38.53,-76.94,13.5,0.0575,0.2076,0.0677,281101.2594208226,4290435.117140394,1
1320,Tapia de la Ribera,Hispania Tarraconensis,0.905,Alta Certeza (Grado I),1,0,0,0,0.0,0.1723,0.4262,0.3359,773.1,0.9498,622.2,21.62,2.73,6.4,42.32,-61.94,79.57,0.7926,0.4812,0.7168,273637.55720939697,4736388.2855191985,1
1321,Teixedo,Hispania Tarraconensis,0.9650000000000001,Alta Certeza (Grado I),1,0,0,0,0.0,0.0488,0.0162,0.0374,97750.5,0.0015,215.2,20.31,11.25,7.71,41.06,-87.23,-18.92,0.1051,0.0652,0.0,201057.58486661996,4804638.899158856,1
1322,Las Rubias,Hispania Tarraconensis,1.0,Alta Certeza (Grado I),1,0,0,0,0.0,0.0438,0.1447,0.4104,4334.8,0.749,847.1,19.98,0.33,31.67,39.14,-77.25,59.87,0.4918,0.1565,0.3946,221283.15410780493,4691078.1337187,1
1323,Tharsis,Hispania Baetica,0.9650000000000001,Alta Certeza (Grado I),1,1,1,0,0.1749,0.0001,0.0003,0.3249,22944.0,0.2166,404.1,17.83,6.35,4.71,41.32,-63.1,77.38,0.1097,0.1377,0.1792,136950.67785617546,4168871.685291652,1
1324,Tinto Santa Rosa,Hispania Baetica,0.9650000000000001,Alta Certeza (Grado I),0,1,0,0,0.2811,0.0002,0.001,0.3694,13871.0,0.3966,386.6,23.46,16.33,24.33,45.85,-60.85,114.27,0.3855,0.2538,0.231,164608.90037444298,4172324.302590913,1
1325,Tojeirosvellos,Hispania Tarraconensis,0.765,Media Certeza (Grado II),1,0,0,0,0.0141,0.0157,0.0041,0.0135,123478.1,0.0003,340.6,18.65,-0.9,13.39,39.94,-71.94,-52.73,0.0313,0.0827,0.0,142772.53496266523,4791919.062628277,1
1326,Toral de los Vados,Hispania Tarraconensis,0.9650000000000001,Alta Certeza (Grado I),1,0,0,0,0.0,0.0326,0.0608,0.1715,36895.2,0.0855,730.9,31.57,12.42,11.78,61.18,-83.06,30.68,0.0999,0.5307,0.0581,190024.77484858554,4718910.173686852,1
1327,Torril de Medioduro,Hispania Baetica,0.9650000000000001,Alta Certeza (Grado I),0,1,0,0,0.0697,0.0048,0.2827,0.2146,12014.8,0.4489,260.4,20.12,8.56,-6.08,38.9,-63.05,75.19,0.5385,0.1687,0.2924,333077.3049150445,4251434.685885892,1
1328,Tres Arroyos,Hispania Baetica,0.9650000000000001,Alta Certeza (Grado I),0,0,0,0,0.0253,0.0001,0.0002,0.1663,78408.6,0.0054,283.6,16.64,4.21,10.86,35.34,-74.43,11.62,0.1098,0.3174,0.0727,146822.0295626964,4353778.430895872,1
1329,Tres Puentes,Hispania Baetica,0.9650000000000001,Alta Certeza (Grado I),0,1,0,0,0.0887,0.0073,0.5226,0.2122,30509.6,0.1308,379.2,20.61,2.15,11.4,42.89,-65.73,80.9,0.2981,0.2296,0.193,341183.0628660794,4208249.869665102,1
1330,Trevías,Hispania Tarraconensis,0.845,Alta Certeza (Grado I),1,0,0,0,0.0,0.0678,0.0128,0.0724,98556.1,0.0014,125.1,17.67,15.02,30.51,37.92,-80.8,-11.97,0.1204,0.2807,0.0496,222233.5116134286,4822117.5271143075,1
1331,Trinidad,Hispania Baetica,0.9650000000000001,Alta Certeza (Grado I),0,1,0,0,0.4637,0.0005,0.0032,0.3629,17952.2,0.3022,349.0,20.73,1.44,0.05,37.08,-52.51,142.44,0.1377,0.4006,0.4109,201752.0409659582,4154993.510490893,1
1332,Triunfo,Hispania Baetica,0.9650000000000001,Alta Certeza (Grado I),0,0,1,1,0.1613,0.0013,0.0586,0.1412,31116.5,0.1256,240.2,16.39,-9.58,35.73,32.02,-75.04,76.54,0.2014,0.143,0.164,261424.67728617592,4238109.844262473,1
1333,Triunfo - Nueva Estrella,Hispania Baetica,0.9650000000000001,Alta Certeza (Grado I),0,0,1,1,0.0258,0.0013,0.0296,0.0653,53141.3,0.0289,215.4,16.87,10.18,12.98,37.27,-78.66,23.88,0.0857,0.0429,0.0268,282729.5866744041,4294228.204880373,1
1334,Turienzo Castañedo 1 / Las Barreras,Hispania Tarraconensis,1.0,Alta Certeza (Grado I),1,0,0,0,0.0,0.0555,0.1913,0.2372,19827.2,0.2667,751.2,23.84,-2.46,16.45,46.07,-70.77,66.69,0.3593,0.0851,0.203,218655.4568780589,4719528.539140977,1
1335,Turienzo Castañedo 2 / Las Torcas,Hispania Tarraconensis,1.0,Alta Certeza (Grado I),1,0,0,0,0.0,0.0555,0.1936,0.2415,19232.8,0.2774,734.9,17.13,10.67,1.45,36.24,-75.76,59.91,0.5076,0.0409,0.1748,218964.16742278077,4719020.3941742815,1
1336,Udías,Hispania Tarraconensis,0.9650000000000001,Alta Certeza (Grado I),0,0,0,1,0.0493,0.3295,0.0152,0.138,28180.2,0.1528,390.3,23.35,17.69,15.45,44.52,-75.62,62.98,0.3235,0.3296,0.0,401197.1629425733,4801431.050147055,1
1337,Urbiola,Hispania Tarraconensis,0.9650000000000001,Alta Certeza (Grado I),0,1,0,0,0.0,0.01,0.0,0.0834,217017.9,0.0,770.7,17.41,10.26,14.38,37.8,-79.0,-100.0,0.24,0.0773,0.0,572151.2861845063,4719130.5206843,1
1338,Uría I,Hispania Tarraconensis,0.845,Alta Certeza (Grado I),1,0,0,0,0.0,0.0373,0.0242,0.0179,84561.0,0.0036,426.2,20.22,14.64,21.36,43.25,-79.32,0.1,0.082,0.1006,0.0085,185586.80695838341,4775909.804395659,1
1339,Uría II,Hispania Tarraconensis,0.845,Alta Certeza (Grado I),1,0,0,0,0.0,0.0375,0.0242,0.0179,84615.4,0.0035,419.8,20.84,22.41,-1.32,43.97,-82.09,-5.82,0.0549,0.3914,0.0,185926.52870045148,4776234.515383295,1
1340,Uría III,Hispania Tarraconensis,0.845,Alta Certeza (Grado I),1,0,0,0,0.0,0.0381,0.0249,0.0183,83997.6,0.0037,416.3,18.97,13.43,26.37,41.22,-76.62,-1.69,0.0731,0.2691,0.0,186635.0069582117,4775992.67920772,1
1341,Uría IV,Hispania Tarraconensis,0.845,Alta Certeza (Grado I),1,0,0,0,0.0,0.0382,0.0249,0.0182,84115.4,0.0037,422.7,17.55,7.91,13.11,39.73,-85.6,-4.97,0.1276,0.0444,0.0333,186857.69615208148,4776303.888453626,1
1342,Valados,Hispania Tarraconensis,0.9650000000000001,Alta Certeza (Grado I),1,0,0,0,0.0092,0.0132,0.0107,0.1686,56956.2,0.0224,818.4,17.05,18.19,15.83,33.35,-79.09,21.66,0.2249,0.0599,0.0254,147812.40689440654,4702813.597942244,1
1343,Valcavao,Hispania Tarraconensis,0.905,Alta Certeza (Grado I),1,0,0,0,0.0,0.0422,0.1348,0.4269,2274.9,0.8593,874.7,16.23,18.91,5.46,32.64,-70.41,82.57,0.5735,0.0847,0.523,218441.11385463102,4692011.991759633,1
1344,Valcomesa I,Hispania Tarraconensis,0.905,Alta Certeza (Grado I),1,0,0,0,0.0,0.0343,0.0822,0.2864,18252.3,0.2962,814.0,17.55,19.41,-2.36,38.38,-79.32,57.69,0.4143,0.0687,0.1875,199884.76474116812,4703033.226937494,1
1345,Valcomesa II,Hispania Tarraconensis,0.905,Alta Certeza (Grado I),1,0,0,0,0.0,0.0335,0.0788,0.29,18035.5,0.3005,806.1,20.33,2.16,11.04,43.86,-80.55,46.08,0.3338,0.1836,0.1915,199050.08634765237,4702061.78841051,1
1346,Valcomesa III,Hispania Tarraconensis,0.905,Alta Certeza (Grado I),1,0,0,0,0.0,0.0341,0.0819,0.2903,17791.6,0.3054,808.9,27.24,-2.66,15.87,52.68,-74.64,43.47,0.5546,0.0981,0.1417,199937.38727828342,4702489.336919076,1
1347,Valcomesa IV,Hispania Tarraconensis,0.905,Alta Certeza (Grado I),1,0,0,0,0.0,0.0336,0.0796,0.2928,17633.5,0.3086,827.8,24.3,2.86,-4.48,47.24,-76.96,64.21,0.3821,0.1084,0.1116,199393.5930830771,4701828.800076164,1
1348,Valcouso I,Hispania Tarraconensis,0.905,Alta Certeza (Grado I),1,0,0,0,0.0,0.0332,0.0775,0.2883,18340.3,0.2944,796.3,21.91,12.2,20.47,43.13,-74.69,57.19,0.194,0.215,0.1498,198616.74970803712,4702081.262825052,1
1349,Valcouso II,Hispania Tarraconensis,0.905,Alta Certeza (Grado I),1,0,0,0,0.0,0.0333,0.078,0.2893,18172.4,0.2978,814.3,22.31,7.97,23.11,41.95,-77.51,44.54,0.1744,0.1873,0.1359,198805.233004093,4702025.951662144,1
1350,Valdeconejos,Hispania Tarraconensis,0.9650000000000001,Alta Certeza (Grado I),0,0,1,1,0.0,0.0237,0.0207,0.2065,73043.8,0.0077,1031.1,20.47,4.49,1.48,39.31,-88.93,8.02,0.0216,0.0308,0.0017,246890.06369343778,4623969.826374652,1
1351,Valdecucrillos,Hispania Tarraconensis,0.905,Alta Certeza (Grado I),1,0,0,0,0.0,0.0321,0.0712,0.2735,20693.0,0.2517,804.1,17.3,9.67,-3.62,33.65,-73.14,58.37,0.1699,0.1476,0.0939,196138.0538659164,4703108.576646255,1
1352,Valdefrola,Hispania Tarraconensis,0.905,Alta Certeza (Grado I),1,0,0,0,0.0,0.0307,0.0644,0.2606,22967.1,0.2163,819.1,25.61,-4.08,9.17,50.5,-69.79,52.04,0.2095,0.0787,0.1696,193330.55467806332,4703908.485943955,1
1354,Valdeinfierno,Hispania Tarraconensis,0.9650000000000001,Alta Certeza (Grado I),0,0,1,1,0.06,0.0061,0.0661,0.1084,35269.5,0.0952,251.5,20.54,7.29,10.56,42.51,-69.28,56.19,0.2213,0.0692,0.0549,370719.9059233606,4295400.689751416,1
1355,Valdeinfierno,Hispania Tarraconensis,0.9650000000000001,Alta Certeza (Grado I),0,0,1,1,0.0267,0.0487,0.1881,0.1713,29872.7,0.1365,505.0,19.39,14.76,6.52,40.76,-86.91,67.29,0.3545,0.0526,0.1172,449351.2386517657,4225981.498834225,1
1356,Valdelperal,Hispania Tarraconensis,0.9650000000000001,Alta Certeza (Grado I),1,0,0,0,0.0,0.0473,0.1667,0.384,4745.6,0.7288,793.6,16.57,9.36,7.55,33.8,-73.19,88.1,0.5684,0.0999,0.4134,219399.65916551847,4701085.621091176,1
1357,Valdesedilla I,Hispania Tarraconensis,0.905,Alta Certeza (Grado I),1,0,0,0,0.0,0.0318,0.0707,0.2805,19805.0,0.267,819.5,18.47,11.07,11.89,37.27,-79.75,61.63,0.144,0.0662,0.2109,196232.62484518514,4702106.716472897,1
1358,Valdesedilla II,Hispania Tarraconensis,0.905,Alta Certeza (Grado I),1,0,0,0,0.0,0.0323,0.0727,0.2802,19709.7,0.2687,816.6,18.56,18.35,-7.14,38.66,-82.16,59.44,0.1658,0.0516,0.2441,196876.0897354068,4702412.547069721,1
1359,Valdetallín - Alto Morueco - La Gándara,Hispania Tarraconensis,0.845,Alta Certeza (Grado I),1,0,0,0,0.0,0.0741,0.327,0.2513,15200.4,0.363,730.3,24.09,6.7,-2.99,45.38,-69.7,66.38,0.3104,0.1705,0.371,232395.70493286726,4724345.731665941,1
1360,Valdevecios I,Hispania Tarraconensis,0.845,Alta Certeza (Grado I),1,0,0,0,0.0,0.044,0.1458,0.4019,5552.3,0.6906,857.0,19.26,0.55,-23.04,41.59,-76.22,77.54,0.4812,0.1775,0.325,222163.657699875,4690234.030001178,1
1361,Valdevecios II,Hispania Tarraconensis,0.845,Alta Certeza (Grado I),1,0,0,0,0.0,0.0431,0.1397,0.3959,6682.9,0.6405,871.3,18.01,14.92,20.32,39.99,-73.77,70.63,0.4693,0.0583,0.3435,222034.66981026338,4688698.974524607,1
1362,Valdevila,Hispania Tarraconensis,0.905,Alta Certeza (Grado I),1,0,0,0,0.0,0.0242,0.0389,0.2355,29749.5,0.1376,808.6,31.15,18.71,15.76,59.82,-78.61,52.0,0.0703,0.022,0.0523,180683.0554114987,4702624.893090055,1
1363,Valilongo,Hispania Tarraconensis,0.905,Alta Certeza (Grado I),1,0,0,0,0.0,0.0276,0.0516,0.2515,25537.6,0.1822,827.8,16.57,9.44,20.86,34.02,-82.94,38.73,0.1349,0.2082,0.1251,187867.54224974278,4702915.649851231,1
1365,Valle Canales,Hispania Tarraconensis,0.905,Alta Certeza (Grado I),1,0,0,0,0.0,0.1321,0.5637,0.2903,6389.7,0.6531,642.7,18.29,4.21,-4.51,40.42,-65.4,74.42,0.5975,0.0935,0.5111,259675.54700147675,4734327.794878358,1
1366,La Cruz de Hierro / Valle Cuevo - La Cabuercona,Hispania Tarraconensis,1.0,Alta Certeza (Grado I),1,0,0,0,0.0,0.0533,0.207,0.342,8016.9,0.586,788.4,16.27,4.89,8.43,34.04,-76.74,76.75,0.4946,0.314,0.3259,222683.8225463148,4707422.008543433,1
1367,Valle de las Forcadas,Hispania Tarraconensis,0.9650000000000001,Alta Certeza (Grado I),1,0,0,0,0.0,0.1289,0.6744,0.337,2158.2,0.866,678.1,21.48,-3.77,13.32,44.85,-66.63,72.94,0.8334,0.189,0.6022,260690.7333640295,4729823.043302189,1
1368,Valle de los Ganados,Hispania Tarraconensis,0.905,Alta Certeza (Grado I),1,0,0,0,0.0,0.0478,0.0153,0.0385,99097.1,0.0014,233.8,26.11,16.74,6.31,51.8,-85.03,-20.05,0.0747,0.0723,0.0,200089.99216241622,4805588.311181894,1
1369,Valle de Valdeluengo,Hispania Tarraconensis,0.845,Alta Certeza (Grado I),1,0,0,0,0.0,0.1264,0.6556,0.3204,3811.6,0.7756,658.4,17.41,13.84,-9.94,39.45,-61.18,65.07,0.7548,0.1168,0.4518,259175.5486613931,4730524.1875147205,1
1370,Valle Gordo,Hispania Tarraconensis,0.845,Alta Certeza (Grado I),1,0,0,0,0.0,0.1874,0.3547,0.3291,725.0,0.9528,617.2,23.91,-3.32,32.91,49.03,-63.66,66.77,1.0,0.1321,0.5179,276419.0966137664,4740042.190248319,1
1371,Valle Rabón / Mina del Couto / Salientes II,Hispania Tarraconensis,1.0,Alta Certeza (Grado I),1,0,0,0,0.0,0.0828,0.1623,0.0945,39990.0,0.0695,553.4,17.48,12.18,25.53,37.56,-77.27,42.12,0.1105,0.0848,0.1268,228464.30276322004,4752739.014066856,1
1373,Vallegordo I,Hispania Tarraconensis,0.905,Alta Certeza (Grado I),1,0,0,0,0.0,0.1045,0.3408,0.1788,21746.1,0.2346,587.2,25.76,10.96,8.3,52.51,-72.81,50.96,0.307,0.088,0.2928,243842.42751648815,4741522.320934154,1
1374,Vallegordo II,Hispania Tarraconensis,0.905,Alta Certeza (Grado I),1,0,0,0,0.0,0.1027,0.3271,0.1731,22759.7,0.2193,602.0,21.71,-1.66,16.98,42.96,-74.91,39.47,0.3541,0.1666,0.2752,242742.38090978886,4741968.433825086,1
1375,Vallegordo III,Hispania Tarraconensis,0.9650000000000001,Alta Certeza (Grado I),1,0,0,0,0.0,0.1034,0.3405,0.1793,21762.4,0.2344,594.0,22.63,-2.86,5.5,44.82,-69.66,47.12,0.3154,0.0906,0.2648,243373.73325996372,4741188.772371409,1
1376,Vallina de la Hierba,Hispania Tarraconensis,0.845,Alta Certeza (Grado I),1,0,0,0,0.0,0.0504,0.032,0.0222,80395.3,0.0047,383.6,16.17,7.84,-3.86,35.64,-74.32,-10.06,0.2781,0.1105,0.0,200673.93239650567,4782348.757381116,1
1377,Valquemado,Hispania Baetica,0.9650000000000001,Alta Certeza (Grado I),0,1,0,0,0.0668,0.0179,0.5265,0.1472,33028.8,0.1106,362.2,29.26,5.6,36.56,57.93,-52.19,64.73,0.2964,0.1351,0.1809,396174.82438808435,4231874.369254563,1
1378,Valsolomón - La Muria,Hispania Tarraconensis,0.845,Alta Certeza (Grado I),1,0,0,0,0.0,0.2007,0.3138,0.315,1951.5,0.878,599.5,21.29,20.95,-9.22,40.96,-69.44,79.84,0.6978,0.1759,0.4426,279661.9718402706,4741283.705839422,1
1379,Valvonor - El Valle,Hispania Tarraconensis,0.905,Alta Certeza (Grado I),1,0,0,0,0.0,0.0729,0.3937,0.3792,2295.4,0.8581,768.0,17.55,12.89,5.35,40.34,-67.63,68.99,0.6623,0.0546,0.518,238157.3183163707,4711878.601557003,1
1380,Vaovellón I,Hispania Tarraconensis,0.845,Alta Certeza (Grado I),1,0,0,0,0.0,0.0354,0.0079,0.0553,115851.9,0.0004,200.7,23.17,10.74,12.6,48.66,-81.94,-41.73,0.0971,0.0286,0.0069,186975.28686776868,4816634.032982965,1
1381,Vaovellón II,Hispania Tarraconensis,0.845,Alta Certeza (Grado I),1,0,0,0,0.0,0.0355,0.0081,0.0537,115243.7,0.0005,180.7,17.42,9.41,28.52,36.43,-81.26,-22.12,0.0373,0.0275,0.0,186917.42582641897,4815811.57588607,1
1382,Vaovellón III,Hispania Tarraconensis,0.845,Alta Certeza (Grado I),1,0,0,0,0.0,0.0352,0.008,0.0537,115509.7,0.0005,173.4,24.34,17.95,22.93,48.27,-77.24,-26.15,0.0207,0.159,0.0242,186540.65349974897,4815850.916414253,1
1383,Vega de Boado,Hispania Tarraconensis,0.905,Alta Certeza (Grado I),1,0,0,0,0.0,0.028,0.0461,0.1747,38523.3,0.0767,771.8,16.57,11.74,-11.78,35.23,-79.88,30.3,0.1213,0.0579,0.0848,183210.1803144585,4715738.571384992,1
1384,Vega de la Mula,Hispania Tarraconensis,0.845,Alta Certeza (Grado I),1,0,0,0,0.0,0.0519,0.0327,0.0227,79971.6,0.0048,339.9,20.96,10.29,10.45,43.77,-79.67,11.66,0.0898,0.1954,0.0,202119.68142523506,4782961.015620258,1
1385,Vega de Ouria,Hispania Tarraconensis,0.845,Alta Certeza (Grado I),1,0,0,0,0.0,0.0345,0.0075,0.056,116941.9,0.0004,142.6,19.21,-2.08,9.86,35.51,-79.88,-37.75,0.0109,0.0807,0.0,185797.13669830648,4817090.185173764,1
1386,Vega Grande Ouria,Hispania Tarraconensis,0.845,Alta Certeza (Grado I),1,0,0,0,0.0,0.0348,0.0079,0.0534,115790.5,0.0004,189.3,16.5,29.45,5.51,38.93,-82.13,-27.79,0.123,0.0847,0.0716,185951.07876199618,4815736.790673697,1
1388,Vegas del Condado,Hispania Tarraconensis,0.9650000000000001,Alta Certeza (Grado I),1,0,0,0,0.0,0.2632,0.425,0.1807,27344.8,0.1615,672.4,17.2,-3.66,16.04,34.39,-67.55,51.02,0.3292,0.2561,0.21,307180.970745696,4728794.708692044,1
1389,Veigadepope,Hispania Tarraconensis,0.845,Alta Certeza (Grado I),1,0,0,0,0.0,0.0594,0.0401,0.026,75095.9,0.0067,350.0,16.15,2.34,-8.84,34.06,-86.87,16.76,0.0382,0.1664,0.1124,208823.9518622976,4781998.795094495,1
1390,Chamborros (Veneiro - Los Eiros),Hispania Tarraconensis,0.905,Alta Certeza (Grado I),1,0,0,0,0.0,0.0434,0.1427,0.4183,3285.4,0.8033,866.0,18.63,-7.65,4.41,38.6,-73.52,65.12,0.5768,0.0624,0.4491,220402.6576576291,4691706.704436259,1
1391,Venta Nueva,Hispania Tarraconensis,0.905,Alta Certeza (Grado I),1,0,0,0,0.0,0.0552,0.0469,0.0287,70513.1,0.0091,420.9,17.53,9.57,14.51,40.55,-69.18,6.93,0.1479,0.0516,0.0267,205315.12612532137,4773454.058336885,1
1392,Venta Quemada,Hispania Tarraconensis,0.9650000000000001,Alta Certeza (Grado I),0,0,1,1,0.0273,0.0401,0.2149,0.092,45996.3,0.0466,445.2,19.75,7.13,18.03,40.37,-74.13,50.26,0.1743,0.1229,0.0504,448372.8275466825,4242295.375579919,1
1393,Venus,Hispania Baetica,0.9650000000000001,Alta Certeza (Grado I),0,0,1,1,0.167,0.0017,0.0955,0.2157,18475.0,0.2918,220.2,17.51,11.37,10.55,39.69,-65.62,62.65,0.2172,0.1243,0.2202,271974.91472818394,4229030.963630722,1
1394,Vicaria,Hispania Baetica,0.9650000000000001,Alta Certeza (Grado I),0,1,0,0,0.4164,0.0005,0.0071,0.1973,31776.0,0.1202,271.8,17.52,-8.66,5.3,37.36,-51.4,110.22,0.0842,0.267,0.1508,206498.89344822994,4212430.5588243995,1
1395,Vidrosa,Hispania Tarraconensis,0.845,Alta Certeza (Grado I),1,0,0,0,0.0,0.0382,0.0073,0.0684,117220.6,0.0004,152.0,21.53,15.36,9.33,41.84,-74.66,-41.16,0.0972,0.1309,0.0,192453.6306828544,4822607.327443609,1
1396,Vieiros I,Hispania Tarraconensis,0.765,Media Certeza (Grado II),1,0,0,0,0.0,0.0207,0.0225,0.1269,54151.3,0.027,715.1,16.29,-1.57,17.03,34.6,-80.38,32.7,0.2954,0.0826,0.0573,165146.90685905743,4721444.193404261,1
1397,Vieiros II,Hispania Tarraconensis,0.765,Media Certeza (Grado II),1,0,0,0,0.0,0.0207,0.0225,0.1269,54151.3,0.027,744.2,25.43,6.44,13.12,50.53,-86.54,36.55,0.127,0.1113,0.0061,165146.90685905743,4721444.193404261,1
1399,Vilarantón,Hispania Tarraconensis,0.845,Alta Certeza (Grado I),1,0,0,0,0.0,0.0299,0.0214,0.0226,82333.6,0.0041,462.1,23.75,14.58,-0.63,45.58,-78.29,4.97,0.017,0.0995,0.0,175077.85156930058,4764921.283646068,1
1400,Villagutiérrez,Hispania Tarraconensis,0.9650000000000001,Alta Certeza (Grado I),0,0,1,1,0.0599,0.0064,0.0635,0.1103,37105.5,0.0843,225.9,20.51,8.24,-4.55,42.62,-73.99,54.28,0.1144,0.169,0.0481,376760.7841934884,4300360.563862899,1
1401,Villaiz,Hispania Tarraconensis,0.845,Alta Certeza (Grado I),1,0,0,0,0.0,0.025,0.0176,0.0275,82542.8,0.0041,506.9,19.7,8.56,-8.03,40.5,-80.85,-2.14,0.2292,0.1399,0.0,166777.6162965921,4758720.24409854,1
1402,Villamejil,Hispania Tarraconensis,0.905,Alta Certeza (Grado I),1,0,0,0,0.0,0.0975,0.7166,0.3563,3507.3,0.7915,737.7,25.01,13.9,29.97,51.13,-59.04,73.07,0.7445,0.1447,0.6674,252383.83978025426,4716625.251076866,1
1404,Villar de Frades,Hispania Tarraconensis,0.905,Alta Certeza (Grado I),1,0,0,0,0.0,0.0224,0.015,0.0292,83925.4,0.0037,536.7,16.92,8.51,18.15,35.84,-78.98,-1.83,0.4564,0.1293,0.0136,161486.2158342771,4756331.648192425,1
1405,Villar del Monte: La Mata,Hispania Tarraconensis,1.0,Alta Certeza (Grado I),1,0,0,0,0.0,0.042,0.1277,0.3544,14490.8,0.3806,892.2,16.43,2.2,6.94,33.26,-74.72,80.11,0.5281,0.2362,0.1696,225598.45721383236,4681728.030520484,1
1406,Villar del Monte: San Justo / La Corona,Hispania Tarraconensis,1.0,Alta Certeza (Grado I),1,0,0,0,0.0,0.0402,0.1183,0.3671,12477.6,0.4352,900.5,17.19,3.83,3.15,37.48,-75.17,59.22,0.2676,0.0847,0.3046,222696.87860761624,4681855.578691989,1
1407,Villar del Monte: Truchas / Cogolla,Hispania Tarraconensis,1.0,Alta Certeza (Grado I),1,0,0,0,0.0,0.0375,0.1053,0.3986,7572.8,0.6036,868.5,22.43,8.42,4.33,44.12,-77.71,68.41,0.6323,0.0795,0.4196,216913.408328299,4683815.418244519,1
1408,Villarcebollín,Hispania Tarraconensis,0.845,Alta Certeza (Grado I),1,0,0,0,0.0,0.0379,0.0283,0.0217,79749.6,0.0049,461.8,16.24,-2.29,21.24,28.03,-77.61,-0.5,0.0572,0.171,0.0357,186636.3259904972,4770621.031869809,1
1409,Villardecás,Hispania Tarraconensis,0.905,Alta Certeza (Grado I),1,0,0,0,0.0328,0.0072,0.0034,0.1803,78957.9,0.0052,850.0,19.59,13.85,32.65,40.53,-79.07,15.96,0.1884,0.1088,0.0613,121377.41800994083,4687269.041841248,1
1410,Villarino,Hispania Tarraconensis,0.9650000000000001,Alta Certeza (Grado I),1,0,0,0,0.0,0.0809,0.138,0.0797,44122.3,0.0528,532.0,37.66,13.61,11.56,71.67,-73.29,38.11,0.1246,0.064,0.1288,226524.50548265647,4756474.090373881,1
1411,Villarubín,Hispania Tarraconensis,0.9650000000000001,Alta Certeza (Grado I),1,0,0,0,0.0,0.0224,0.0264,0.1306,51759.1,0.0317,720.6,23.84,7.75,25.58,48.68,-81.72,38.08,0.0767,0.2383,0.0,169194.18510159268,4721593.37746463,1
1412,Villasonte,Hispania Tarraconensis,0.845,Alta Certeza (Grado I),1,0,0,0,0.0,0.044,0.0221,0.0209,89576.1,0.0025,336.8,19.05,15.25,9.86,43.28,-79.05,0.76,0.1098,0.0339,0.1011,194084.8911472186,4788860.266728239,1
1413,Villaverde,Hispania Tarraconensis,0.845,Alta Certeza (Grado I),1,0,0,0,0.0,0.096,0.0334,0.0455,74261.5,0.0071,257.5,16.36,3.95,5.63,38.5,-85.49,11.66,0.1635,0.2052,0.0685,234748.95023372892,4801102.849154402,1
1414,Villavilleiro I,Hispania Tarraconensis,0.845,Alta Certeza (Grado I),1,0,0,0,0.0,0.0355,0.0174,0.0167,94093.3,0.0019,357.6,23.22,5.51,29.66,46.46,-80.96,-24.73,0.0106,0.1671,0.0306,183227.6838013715,4786154.330632232,1
1415,Villavilleiro II,Hispania Tarraconensis,0.845,Alta Certeza (Grado I),1,0,0,0,0.0,0.0355,0.017,0.0171,94742.5,0.0018,355.6,19.75,2.05,9.75,38.9,-77.22,1.87,0.097,0.3309,0.0,183275.36062633095,4787006.185380645,1
1416,Vuelta Falsa,Hispania Baetica,0.9650000000000001,Alta Certeza (Grado I),0,1,0,0,0.1259,0.0001,0.0001,0.2173,51886.4,0.0315,448.8,16.59,7.72,11.85,36.02,-76.57,61.13,0.0287,0.0686,0.0,109073.74653233873,4181894.176935741,1
1417,Vulcano (Huelva),Hispania Baetica,0.9650000000000001,Alta Certeza (Grado I),0,1,0,0,0.1733,0.0001,0.0003,0.3327,21755.3,0.2345,411.2,16.49,7.42,11.22,33.94,-70.87,84.88,0.1405,0.1776,0.1701,136641.01618770103,4167170.6908020624,1
1418,A Xisterna I,Hispania Tarraconensis,0.9650000000000001,Alta Certeza (Grado I),1,0,0,0,0.0,0.0389,0.0661,0.1069,47575.2,0.0419,650.3,25.71,2.38,-6.65,52.07,-87.64,18.61,0.0806,0.0831,0.0632,193866.90287962212,4735478.649231943,1
1420,Zardaín,Hispania Tarraconensis,0.905,Alta Certeza (Grado I),1,0,0,0,0.0,0.0594,0.0166,0.049,95596.2,0.0017,197.0,20.52,4.74,13.72,40.62,-84.97,-31.2,0.0702,0.0817,0.0,212210.6288653775,4810591.436127694,1
1437,Munigua,Hispania Baetica,0.7925,Media Certeza (Grado II),0,1,0,0,0.3803,0.0016,0.0358,0.3151,22225.7,0.2272,333.9,23.17,1.67,4.83,47.2,-60.54,117.36,0.1491,0.2007,0.273,258408.62225998665,4177534.2778244703,1
1447,El Corón de San Pedro,Hispania Tarraconensis,0.9650000000000001,Alta Certeza (Grado I),1,0,0,0,0.0,0.0665,0.1957,0.1569,29917.4,0.1361,629.0,24.54,1.72,-4.78,47.56,-73.72,43.07,0.1392,0.1293,0.0676,222123.56120759674,4735108.152632966,1
1449,Morredero,Hispania Tarraconensis,0.9125,Alta Certeza (Grado I),1,0,0,0,0.0,0.0407,0.1212,0.3416,10188.2,0.507,840.8,19.49,-7.99,3.54,42.45,-75.03,52.64,0.3209,0.0937,0.2706,210752.41340654064,4701054.151662528,1
1504,Ruiseñada,Hispania Tarraconensis,0.59,Baja Certeza / Exploratoria (Grado III),0,0,0,1,0.0499,0.3643,0.0183,0.1579,23683.3,0.2062,383.1,19.01,3.86,3.2,38.04,-76.68,48.01,0.0941,0.291,0.0609,395432.5846836136,4802035.240132121,1
1627,Navelgas Sur,Hispania Tarraconensis,0.905,Alta Certeza (Grado I),1,0,0,0,0.0,0.0598,0.0162,0.0507,96083.9,0.0017,171.3,18.35,-8.11,21.53,39.35,-81.04,-20.78,0.0702,0.1366,0.0,212705.46688828163,4811573.1059159385,1
1628,Arroyo de Bouza,Hispania Tarraconensis,0.9650000000000001,Alta Certeza (Grado I),1,0,0,0,0.0,0.0814,0.4709,0.3493,4101.6,0.7608,736.5,17.62,1.58,-3.95,34.19,-67.39,77.85,0.9236,0.1909,0.5387,241360.69618835673,4717354.869294851,1
1631,Três Minas - Corta de Ribeirinha,Hispania Tarraconensis,1.0,Alta Certeza (Grado I),1,0,0,0,0.0317,0.0032,0.0007,0.1486,108751.1,0.0007,951.9,18.38,0.61,-0.29,39.64,-75.21,-9.93,0.0127,0.1639,0.0,122763.62438287836,4603440.591155314,1
1632,Três Minas - Lagoinhos,Hispania Tarraconensis,1.0,Alta Certeza (Grado I),1,0,0,0,0.0315,0.0032,0.0008,0.1484,108585.7,0.0007,975.2,22.04,15.03,13.85,42.75,-77.24,-19.02,0.2927,0.2538,0.0,123079.77119923651,4603357.137821071,1
1633,Gralheira,Hispania Tarraconensis,0.59,Baja Certeza / Exploratoria (Grado III),1,0,0,0,0.0354,0.0028,0.0006,0.1414,113999.4,0.0005,943.4,19.78,-2.18,-6.02,41.13,-79.2,-32.51,0.1325,0.0723,0.0,117898.78797115036,4600909.850129979,1
1634,Forno dos Mouros,Hispania Tarraconensis,0.59,Baja Certeza / Exploratoria (Grado III),1,0,0,0,0.035,0.0029,0.0006,0.1423,113372.1,0.0005,947.6,25.02,1.42,4.6,52.08,-72.71,-24.33,0.1018,0.3254,0.1506,118470.70360857702,4601220.4783376325,1
1635,Los Corralones,Hispania Tarraconensis,0.79,Media Certeza (Grado II),1,0,0,0,0.0,0.0325,0.0726,0.3312,22633.9,0.2211,917.1,18.44,2.48,-10.75,37.79,-70.02,60.27,0.2237,0.2233,0.1627,220764.0684080827,4667485.879586543,1
1636,Portillo de Xandequín,Hispania Tarraconensis,0.9650000000000001,Alta Certeza (Grado I),1,0,0,0,0.0,0.0451,0.1517,0.3811,8623.9,0.5627,861.8,19.83,1.31,20.96,38.64,-80.43,78.77,0.5284,0.0667,0.3626,224844.62415361544,4688592.221334817,1
1637,Peña Canales,Hispania Tarraconensis,0.9650000000000001,Alta Certeza (Grado I),1,0,0,0,0.0,0.0444,0.1477,0.3873,7758.0,0.5962,831.5,20.09,16.98,6.43,42.15,-73.48,71.84,0.3847,0.0484,0.3036,223807.54429331305,4688754.800191233,1
1638,Arroyo de Xandellamas,Hispania Tarraconensis,0.905,Alta Certeza (Grado I),1,0,0,0,0.0,0.045,0.1519,0.3852,7927.8,0.5895,842.5,19.68,-3.2,9.65,38.74,-63.08,82.43,0.4409,0.0887,0.3655,224400.07494822284,4689142.117615955,1
1639,Pico de Valteleno,Hispania Tarraconensis,0.9125,Alta Certeza (Grado I),1,0,0,0,0.0,0.045,0.1511,0.3785,9086.9,0.5456,881.8,20.95,3.25,21.47,41.9,-74.35,79.16,0.4612,0.0829,0.3068,225082.88708238793,4688164.227528932,1
1764,Las Llameras,Hispania Tarraconensis,0.79,Media Certeza (Grado II),1,0,0,0,0.0,0.0688,0.2191,0.1712,27147.9,0.1637,660.2,17.18,7.81,-0.08,36.46,-72.96,53.68,0.2385,0.1339,0.1084,224500.91044748173,4733427.832611013,1
1767,Fuente Encalada,Hispania Tarraconensis,0.9650000000000001,Alta Certeza (Grado I),1,0,0,0,0.0,0.0316,0.0571,0.1695,37706.6,0.081,734.7,18.97,12.74,5.74,41.87,-78.51,41.1,0.2276,0.1097,0.1541,188431.55675943953,4718762.97499685,1
1768,Sorbrera,Hispania Tarraconensis,0.9125,Alta Certeza (Grado I),1,0,0,0,0.0,0.0617,0.1679,0.1472,32562.3,0.1141,624.0,16.54,1.92,-4.41,34.82,-73.0,56.64,0.1144,0.1818,0.1361,218082.77786265034,4735262.460327467,1
1769,Castro de Rivas,Hispania Tarraconensis,0.79,Media Certeza (Grado II),1,0,0,0,0.0,0.0669,0.219,0.1803,25994.5,0.1768,658.9,18.04,-9.93,-3.68,37.52,-70.41,46.87,0.2737,0.1181,0.1802,223788.73642715707,4731416.281967941,1
1770,La Salina,Hispania Tarraconensis,0.79,Media Certeza (Grado II),1,0,0,0,0.0,0.0676,0.2237,0.1817,25652.3,0.1808,659.4,18.77,4.43,-1.66,40.27,-78.27,39.28,0.2366,0.0584,0.1089,224351.15709564224,4731433.870359029,1
1771,Zufreiral,Hispania Tarraconensis,0.9125,Alta Certeza (Grado I),1,0,0,0,0.0,0.0605,0.1683,0.1539,31575.6,0.1218,629.9,20.32,16.91,4.25,41.68,-75.06,33.3,0.1582,0.2377,0.0479,217609.2689815524,4733695.898826188,1
1772,La Poza del Castro,Hispania Tarraconensis,0.9125,Alta Certeza (Grado I),1,0,0,0,0.0,0.0985,0.2327,0.1263,31233.5,0.1247,580.2,28.12,10.69,9.44,56.89,-82.1,40.8,0.1791,0.106,0.1292,238248.31324568958,4749255.042417216,1
1775,La Corona de Matachana,Hispania Tarraconensis,0.9125,Alta Certeza (Grado I),1,0,0,0,0.0,0.057,0.1941,0.223,21455.1,0.2392,723.8,19.77,7.82,13.35,42.74,-75.01,65.14,0.275,0.395,0.1492,219061.547124376,4721972.543668436,1
1776,Las Ferreiruscas,Hispania Tarraconensis,0.8525,Alta Certeza (Grado I),1,0,0,0,0.0,0.0269,0.0484,0.2412,27460.3,0.1603,796.3,21.54,-2.04,0.08,43.12,-82.16,48.31,0.3018,0.0314,0.1253,186008.3337178044,4703881.1991191115,1
1777,Salas de la Ribera,Hispania Tarraconensis,0.7925,Media Certeza (Grado II),1,0,0,0,0.0,0.0276,0.0509,0.2386,27536.8,0.1595,795.7,18.92,-3.65,13.3,32.51,-77.12,54.51,0.1494,0.337,0.129,187088.60762938776,4704839.331270293,1
1778,La Cibrera,Hispania Tarraconensis,0.79,Media Certeza (Grado II),1,0,0,0,0.0,0.0762,0.4392,0.3788,3074.6,0.8147,778.8,20.12,6.18,15.88,39.58,-73.45,71.97,0.8142,0.0629,0.5424,242503.4480313732,4709178.503240163,1
1779,Devesa de Pradorrey,Hispania Tarraconensis,0.79,Media Certeza (Grado II),1,0,0,0,0.0,0.0755,0.4295,0.3928,1226.9,0.9215,738.8,16.39,-6.49,2.58,36.92,-69.16,73.9,0.7649,0.0791,0.631,241152.17177755138,4710452.976846839,1
1780,La Forcada,Hispania Tarraconensis,0.79,Media Certeza (Grado II),1,0,0,0,0.0,0.1476,0.4462,0.2607,8731.7,0.5587,609.4,17.27,11.43,-1.02,36.02,-62.75,61.01,0.4791,0.1081,0.4229,263131.48748335324,4739927.395579838,1
BG_00000,Background_Point,Regional_Background,1.0,Background_Control,0,0,0,0,0.0037,0.0008,0.0,0.0358,156678.0,0.0,260.8,14.03,0.55,19.8,29.39,-80.13,-71.95,0.1507,0.1171,0.0127,632000.0,4558000.0,0
BG_00001,Background_Point,Regional_Background,1.0,Background_Control,0,0,0,0,0.0111,0.0862,0.001,0.1099,81215.8,0.0045,393.2,11.99,16.73,0.87,27.45,-82.65,0.63,0.2751,0.0754,0.0413,460000.0,4834000.0,0
BG_00002,Background_Point,Regional_Background,1.0,Background_Control,0,0,0,0,0.0472,0.0001,0.0,0.0037,134937.0,0.0001,556.9,18.31,-1.04,26.88,37.7,-84.04,-48.94,0.0414,0.0493,0.0141,122000.0,4018000.0,0
BG_00003,Background_Point,Regional_Background,1.0,Background_Control,0,0,0,0,0.0355,0.0003,0.0,0.0278,304906.5,0.0,426.9,15.37,19.95,21.81,32.68,-72.19,-100.0,0.0053,0.0291,0.0,982000.0,4242000.0,0
BG_00004,Background_Point,Regional_Background,1.0,Background_Control,0,0,0,0,0.0,0.2722,0.0,0.2447,33914.1,0.1043,1141.5,18.84,11.61,18.81,40.39,-81.9,51.34,0.1106,0.3427,0.0,626000.0,4104000.0,0
BG_00005,Background_Point,Regional_Background,1.0,Background_Control,0,0,0,0,0.0,0.004,0.0,0.1151,202484.6,0.0,989.9,18.97,4.1,19.55,42.86,-79.86,-100.0,0.0569,0.1345,0.0002,850000.0,4090000.0,0
BG_00006,Background_Point,Regional_Background,1.0,Background_Control,0,0,0,0,0.0,0.0023,0.003,0.1437,87200.9,0.003,151.7,12.72,2.75,7.19,27.47,-88.13,-35.14,0.0148,0.2427,0.0079,532000.0,4450000.0,0
BG_00007,Background_Point,Regional_Background,1.0,Background_Control,0,0,0,0,0.0,0.0001,0.0,0.1459,340828.4,0.0,227.6,11.4,4.89,-1.39,26.79,-79.45,-100.0,0.0006,0.0735,0.0133,920000.0,4442000.0,0
BG_00008,Background_Point,Regional_Background,1.0,Background_Control,0,0,0,0,0.0523,0.0046,0.0673,0.1689,75710.0,0.0064,201.5,12.26,6.01,7.77,26.28,-75.18,7.38,0.0496,0.0987,0.0331,404000.0,4354000.0,0
BG_00009,Background_Point,Regional_Background,1.0,Background_Control,0,0,0,0,0.0499,0.0001,0.0,0.0094,349777.1,0.0,252.1,13.42,18.74,11.58,32.84,-76.9,-100.0,0.0025,0.2266,0.0614,1018000.0,4290000.0,0
BG_00010,Background_Point,Regional_Background,1.0,Background_Control,0,0,0,0,0.0369,0.0037,0.0181,0.134,25167.5,0.1868,545.2,22.48,2.23,3.46,47.27,-73.72,54.02,0.4361,0.0566,0.1365,430000.0,4512000.0,0
BG_00011,Background_Point,Regional_Background,1.0,Background_Control,0,0,0,0,0.0,0.0358,0.0001,0.015,93338.1,0.002,695.2,13.5,14.03,-6.06,28.79,-79.44,-1.16,0.0754,0.0667,0.0,484000.0,4014000.0,0
BG_00012,Background_Point,Regional_Background,1.0,Background_Control,0,0,0,0,0.0407,0.0,0.0,0.0011,444099.1,0.0,601.3,22.85,4.01,27.34,40.99,-73.66,-100.0,0.0191,0.1854,0.0256,990000.0,4518000.0,0
BG_00013,Background_Point,Regional_Background,1.0,Background_Control,0,0,0,0,0.0,0.002,0.0,0.0027,198595.1,0.0,516.1,17.03,7.24,9.22,39.3,-82.6,-100.0,0.0402,0.1064,0.1297,868000.0,4264000.0,0
BG_00014,Background_Point,Regional_Background,1.0,Background_Control,0,0,0,0,0.0488,0.0,0.0,0.1832,538865.5,0.0,875.7,13.64,-0.09,-26.71,29.42,-83.14,-100.0,0.1768,0.2852,0.0568,1010000.0,4626000.0,0
BG_00015,Background_Point,Regional_Background,1.0,Background_Control,0,0,0,0,0.0,0.0,0.0,0.0062,411096.1,0.0,461.7,19.18,0.5,19.29,37.63,-77.22,-100.0,0.1622,0.0661,0.0,914000.0,4538000.0,0
BG_00016,Background_Point,Regional_Background,1.0,Background_Control,0,0,0,0,0.0111,0.1106,0.0023,0.0143,91301.7,0.0023,595.5,20.46,5.73,8.11,38.8,-78.2,-0.74,0.5856,0.2525,0.0,460000.0,4776000.0,0
BG_00017,Background_Point,Regional_Background,1.0,Background_Control,0,0,0,0,0.0478,0.0458,0.0,0.0208,122769.7,0.0003,1015.7,13.38,8.71,4.0,30.21,-77.83,-41.72,0.0468,0.1959,0.0,692000.0,4044000.0,0
BG_00018,Background_Point,Regional_Background,1.0,Background_Control,0,0,0,0,0.0096,0.0013,0.0,0.0648,164012.2,0.0,6.4,17.81,14.85,1.67,37.83,-78.5,-100.0,0.0429,0.0475,0.0155,638000.0,4476000.0,0
BG_00019,Background_Point,Regional_Background,1.0,Background_Control,0,0,0,0,0.0,0.0014,0.0973,0.107,91205.7,0.0023,676.4,19.16,-7.0,-0.15,38.96,-77.89,-6.85,0.0563,0.0285,0.0,264000.0,4464000.0,0
BG_00020,Background_Point,Regional_Background,1.0,Background_Control,0,0,0,0,0.0723,0.0002,0.0001,0.1185,70455.7,0.0091,488.7,13.34,1.57,-2.59,27.42,-73.61,-1.59,0.1766,0.0371,0.0375,158000.0,4080000.0,0
BG_00021,Background_Point,Regional_Background,1.0,Background_Control,0,0,0,0,0.0483,0.0,0.0,0.1758,551133.4,0.0,867.1,13.65,-5.64,15.16,27.28,-74.35,-100.0,0.097,0.0502,0.0411,1008000.0,4678000.0,0
BG_00022,Background_Point,Regional_Background,1.0,Background_Control,0,0,0,0,0.0,0.0001,0.0,0.0421,316796.5,0.0,309.6,12.33,6.32,-4.68,25.12,-76.79,-100.0,0.0571,0.0065,0.033,794000.0,4562000.0,0
BG_00023,Background_Point,Regional_Background,1.0,Background_Control,0,0,0,0,0.0243,0.0001,0.0,0.0735,285545.1,0.0,326.4,13.5,5.5,19.67,30.41,-75.05,-100.0,0.0255,0.1491,0.0,760000.0,4576000.0,0
BG_00024,Background_Point,Regional_Background,1.0,Background_Control,0,0,0,0,0.0,0.0221,0.0292,0.1737,42520.6,0.0587,756.8,13.77,-3.0,-1.86,29.1,-74.24,39.87,0.0766,0.0787,0.0,172000.0,4712000.0,0
BG_00025,Background_Point,Regional_Background,1.0,Background_Control,0,0,0,0,0.0,0.0,0.0,0.1959,388360.7,0.0,669.2,15.22,9.19,-15.93,35.35,-78.18,-100.0,0.1219,0.0328,0.0149,850000.0,4638000.0,0
BG_00026,Background_Point,Regional_Background,1.0,Background_Control,0,0,0,0,0.0407,0.0001,0.0001,0.1384,78409.2,0.0054,251.6,14.67,-0.37,20.53,29.85,-77.6,12.59,0.017,0.0433,0.0229,132000.0,4342000.0,0
BG_00027,Background_Point,Regional_Background,1.0,Background_Control,0,0,0,0,0.0,0.0087,0.0,0.1402,198595.1,0.0,752.1,20.12,10.74,-12.2,40.74,-76.97,-100.0,0.0948,0.0748,0.0005,572000.0,4696000.0,0
BG_00028,Background_Point,Regional_Background,1.0,Background_Control,0,0,0,0,0.0492,0.0,0.0,0.197,391775.4,0.0,293.8,15.27,7.87,0.71,33.2,-79.34,-100.0,0.0689,0.0271,0.0076,1012000.0,4408000.0,0
BG_00029,Background_Point,Regional_Background,1.0,Background_Control,0,0,0,0,0.042,0.034,0.0012,0.0765,116278.7,0.0004,692.6,11.68,-0.67,8.04,24.49,-76.67,-38.31,0.0098,0.0758,0.046,430000.0,4072000.0,0
BG_00030,Background_Point,Regional_Background,1.0,Background_Control,0,0,0,0,0.0,0.0006,0.0,0.1881,269236.0,0.0,61.5,12.18,1.21,-13.17,26.39,-84.31,-100.0,0.032,0.2352,0.0,838000.0,4418000.0,0
BG_00031,Background_Point,Regional_Background,1.0,Background_Control,0,0,0,0,0.0638,0.0186,0.0033,0.1294,90553.9,0.0024,627.2,21.01,0.55,-8.81,48.07,-80.47,6.71,0.1484,0.0727,0.0,390000.0,4090000.0,0
BG_00032,Background_Point,Regional_Background,1.0,Background_Control,0,0,0,0,0.0038,0.4272,0.719,0.1937,15775.2,0.3493,585.4,11.34,0.41,3.29,26.85,-65.69,60.1,0.4537,0.3085,0.3757,318000.0,4752000.0,0
BG_00033,Background_Point,Regional_Background,1.0,Background_Control,0,0,0,0,0.0,0.0072,0.0041,0.202,128999.7,0.0002,127.2,15.88,7.94,4.95,35.15,-80.42,-47.5,0.0349,0.0117,0.0114,524000.0,4390000.0,0
BG_00034,Background_Point,Regional_Background,1.0,Background_Control,0,0,0,0,0.0417,0.0099,0.0,0.049,199640.6,0.0,641.0,11.44,-2.65,-5.89,26.69,-77.43,-100.0,0.1206,0.0953,0.0278,736000.0,3980000.0,0
BG_00035,Background_Point,Regional_Background,1.0,Background_Control,0,0,0,0,0.0,0.0047,0.0,0.1686,186954.5,0.0,1039.6,12.09,8.12,0.35,29.65,-77.1,-98.84,0.0792,0.2873,0.0,846000.0,4114000.0,0
BG_00036,Background_Point,Regional_Background,1.0,Background_Control,0,0,0,0,0.0,0.0079,0.0,0.2019,151221.7,0.0,1060.7,17.66,7.65,16.46,38.86,-84.21,-74.8,0.2324,0.2304,0.0462,822000.0,4148000.0,0
BG_00037,Background_Point,Regional_Background,1.0,Background_Control,0,0,0,0,0.0675,0.0001,0.0004,0.1005,34525.4,0.1001,202.9,12.87,-2.35,3.25,29.88,-77.6,49.64,0.0773,0.1104,0.1353,146000.0,4286000.0,0
BG_00038,Background_Point,Regional_Background,1.0,Background_Control,0,0,0,0,0.0,0.056,0.0,0.0265,82292.2,0.0041,759.6,13.71,8.38,-7.74,29.57,-78.29,8.24,0.3962,0.0651,0.0566,586000.0,4006000.0,0
BG_00039,Background_Point,Regional_Background,1.0,Background_Control,0,0,0,0,0.0029,0.0011,0.0109,0.1756,31863.2,0.1195,241.0,17.2,9.29,-28.73,32.98,-85.07,48.12,0.1086,0.0976,0.1024,286000.0,4324000.0,0
BG_00040,Background_Point,Regional_Background,1.0,Background_Control,0,0,0,0,0.0114,0.0001,0.0,0.1996,340411.5,0.0,189.4,14.58,15.71,17.03,27.71,-79.82,-100.0,0.0365,0.263,0.0802,954000.0,4402000.0,0
BG_00041,Background_Point,Regional_Background,1.0,Background_Control,0,0,0,0,0.0346,0.0152,0.0612,0.1397,30000.0,0.1353,253.5,12.38,-5.08,15.42,23.83,-67.17,64.7,0.1735,0.2244,0.0225,438000.0,4304000.0,0
BG_00042,Background_Point,Regional_Background,1.0,Background_Control,0,0,0,0,0.0,0.0001,0.0,0.0949,440290.8,0.0,650.1,23.12,24.59,17.49,47.71,-75.78,-100.0,0.0312,0.3818,0.0,820000.0,4836000.0,0
BG_00043,Background_Point,Regional_Background,1.0,Background_Control,0,0,0,0,0.0259,0.0554,0.0019,0.189,154259.5,0.0,811.2,13.41,3.94,9.75,32.69,-76.7,-62.82,0.0797,0.0759,0.0647,444000.0,4670000.0,0
BG_00044,Background_Point,Regional_Background,1.0,Background_Control,0,0,0,0,0.0,0.0001,0.0,0.0267,355578.4,0.0,233.6,11.58,2.78,-9.3,25.59,-82.93,-100.0,0.0908,0.0522,0.0752,880000.0,4494000.0,0
BG_00045,Background_Point,Regional_Background,1.0,Background_Control,0,0,0,0,0.0037,0.001,0.0,0.0319,154557.4,0.0,44.1,11.36,-1.69,-11.91,27.69,-77.8,-83.78,0.1131,0.0329,0.0869,632000.0,4492000.0,0
BG_00046,Background_Point,Regional_Background,1.0,Background_Control,0,0,0,0,0.0014,0.0005,0.0,0.0682,293073.4,0.0,0.0,17.85,0.52,18.27,34.47,-77.82,-100.0,0.0236,0.1986,0.0,784000.0,4474000.0,0
BG_00047,Background_Point,Regional_Background,1.0,Background_Control,0,0,0,0,0.0227,0.0,0.0,0.1959,500120.0,0.0,821.7,13.89,-3.7,18.87,29.36,-74.53,-100.0,0.1897,0.0528,0.0089,966000.0,4638000.0,0
BG_00048,Background_Point,Regional_Background,1.0,Background_Control,0,0,0,0,0.0,0.0,0.0,0.1488,491104.9,0.0,786.4,14.1,5.07,-8.12,27.97,-79.84,-100.0,0.0068,0.0788,0.0,940000.0,4692000.0,0
BG_00049,Background_Point,Regional_Background,1.0,Background_Control,0,0,0,0,0.0,0.0002,0.0,0.1769,318201.2,0.0,170.0,12.47,4.56,1.07,26.23,-83.76,-100.0,0.1211,0.1545,0.0309,904000.0,4426000.0,0
BG_00050,Background_Point,Regional_Background,1.0,Background_Control,0,0,0,0,0.0,0.0,0.0,0.0087,493688.2,0.0,612.4,18.1,1.08,-2.52,33.12,-77.17,-100.0,0.094,0.0301,0.0,892000.0,4792000.0,0
BG_00051,Background_Point,Regional_Background,1.0,Background_Control,0,0,0,0,0.0498,0.0559,0.0,0.13,101067.0,0.0012,1168.4,18.52,-1.01,14.28,38.32,-78.54,-7.79,0.1944,0.2459,0.0,712000.0,4092000.0,0
BG_00052,Background_Point,Regional_Background,1.0,Background_Control,0,0,0,0,0.0,0.0006,0.0277,0.2102,68804.9,0.0102,512.7,14.23,6.16,-10.18,30.83,-83.28,2.22,0.217,0.052,0.0685,250000.0,4424000.0,0
BG_00053,Background_Point,Regional_Background,1.0,Background_Control,0,0,0,0,0.0262,0.0004,0.0,0.08,315398.2,0.0,722.2,17.65,8.92,3.86,37.38,-90.84,-100.0,0.1744,0.0298,0.0653,970000.0,4076000.0,0
BG_00054,Background_Point,Regional_Background,1.0,Background_Control,0,0,0,0,0.028,0.0012,0.0,0.1974,214671.8,0.0,562.5,17.05,-9.4,17.31,35.04,-80.15,-100.0,0.0655,0.1047,0.0,658000.0,4640000.0,0
BG_00055,Background_Point,Regional_Background,1.0,Background_Control,0,0,0,0,0.0,0.07,0.0008,0.0422,100717.4,0.0012,506.5,12.28,5.24,-5.52,28.66,-81.59,-13.89,0.1735,0.0613,0.0,480000.0,4808000.0,0
BG_00056,Background_Point,Regional_Background,1.0,Background_Control,0,0,0,0,0.0078,0.0851,0.0317,0.2112,90688.2,0.0024,963.2,20.21,3.78,-3.51,41.14,-76.39,-6.31,0.2098,0.1074,0.0,322000.0,4660000.0,0
BG_00057,Background_Point,Regional_Background,1.0,Background_Control,0,0,0,0,0.0,0.0025,0.0994,0.0332,114678.0,0.0005,765.3,12.0,12.26,3.16,29.03,-74.66,-46.77,0.1749,0.1027,0.0202,264000.0,4494000.0,0
BG_00058,Background_Point,Regional_Background,1.0,Background_Control,0,0,0,0,0.0,0.0004,0.0,0.0828,292827.6,0.0,30.9,14.98,13.43,10.98,34.25,-77.57,-100.0,0.1838,0.1394,0.0,798000.0,4468000.0,0
BG_00059,Background_Point,Regional_Background,1.0,Background_Control,0,0,0,0,0.0,0.026,0.031,0.0977,57047.2,0.0223,675.5,21.62,3.53,-0.21,42.09,-75.66,20.77,0.0225,0.0244,0.0,174000.0,4732000.0,0
BG_00060,Background_Point,Regional_Background,1.0,Background_Control,0,0,0,0,0.0,0.0033,0.0003,0.0727,68410.5,0.0105,482.7,12.28,-7.85,18.7,28.17,-80.68,7.21,0.0669,0.066,0.0224,534000.0,4562000.0,0
BG_00061,Background_Point,Regional_Background,1.0,Background_Control,0,0,0,0,0.0561,0.0084,0.0016,0.0531,120033.3,0.0003,559.0,14.11,8.31,11.04,32.97,-76.48,-29.88,0.1372,0.0607,0.008,358000.0,4062000.0,0
BG_00062,Background_Point,Regional_Background,1.0,Background_Control,0,0,0,0,0.0188,0.0823,0.0027,0.1146,132626.8,0.0001,751.3,16.49,2.4,19.28,36.28,-81.29,-57.61,0.3299,0.0847,0.0,452000.0,4708000.0,0
BG_00063,Background_Point,Regional_Background,1.0,Background_Control,0,0,0,0,0.0341,0.0003,0.0,0.1604,313209.2,0.0,691.2,18.35,-6.66,10.9,36.86,-79.98,-100.0,0.0338,0.1167,0.0748,980000.0,4110000.0,0
BG_00064,Background_Point,Regional_Background,1.0,Background_Control,0,0,0,0,0.0,0.0001,0.0007,0.1999,68458.2,0.0104,291.9,11.49,-8.33,1.42,24.07,-83.26,15.39,0.1503,0.0053,0.0,178000.0,4366000.0,0
BG_00065,Background_Point,Regional_Background,1.0,Background_Control,0,0,0,0,0.0241,0.0002,0.0,0.0112,116841.8,0.0004,523.1,11.14,2.71,5.54,24.42,-78.36,-29.53,0.1429,0.0994,0.0677,164000.0,4034000.0,0
BG_00066,Background_Point,Regional_Background,1.0,Background_Control,0,0,0,0,0.0263,0.0584,0.0,0.0257,74000.0,0.0072,596.2,22.1,5.86,9.61,45.77,-80.29,5.63,0.0794,0.059,0.0,656000.0,4270000.0,0
BG_00067,Background_Point,Regional_Background,1.0,Background_Control,0,0,0,0,0.0734,0.0162,0.2297,0.1915,32322.6,0.1159,384.9,14.05,2.34,-8.25,31.85,-71.36,41.08,0.2559,0.4138,0.205,384000.0,4214000.0,0
BG_00068,Background_Point,Regional_Background,1.0,Background_Control,0,0,0,0,0.0077,0.2052,0.0001,0.2051,34258.8,0.1019,914.9,15.97,18.89,8.78,33.79,-80.28,45.29,0.3948,0.1954,0.0,636000.0,4206000.0,0
BG_00069,Background_Point,Regional_Background,1.0,Background_Control,0,0,0,0,0.0326,0.0003,0.0,0.0087,339187.3,0.0,656.5,12.57,3.65,-3.67,28.01,-79.35,-100.0,0.043,0.2516,0.0212,978000.0,4038000.0,0
BG_00070,Background_Point,Regional_Background,1.0,Background_Control,0,0,0,0,0.0,0.0,0.0,0.0137,496588.4,0.0,699.3,12.49,-2.52,-11.55,28.55,-83.7,-100.0,0.0658,0.0296,0.0,918000.0,4754000.0,0
BG_00071,Background_Point,Regional_Background,1.0,Background_Control,0,0,0,0,0.2655,0.0002,0.0009,0.3792,12865.0,0.4242,344.4,15.09,3.11,5.9,28.98,-69.07,133.58,0.239,0.133,0.2691,162000.0,4170000.0,0
BG_00072,Background_Point,Regional_Background,1.0,Background_Control,0,0,0,0,0.0674,0.0078,0.0094,0.1655,84970.6,0.0035,539.6,12.01,10.53,2.71,26.8,-85.6,7.98,0.1186,0.0785,0.0,342000.0,4104000.0,0
BG_00073,Background_Point,Regional_Background,1.0,Background_Control,0,0,0,0,0.0,0.0348,0.0,0.0364,91760.6,0.0022,665.2,16.09,1.25,17.78,30.49,-81.21,-1.92,0.1192,0.2517,0.0164,518000.0,3994000.0,0
BG_00074,Background_Point,Regional_Background,1.0,Background_Control,0,0,0,0,0.0,0.0097,0.0,0.2022,136894.1,0.0001,678.8,12.05,-0.62,2.31,29.09,-82.11,-48.76,0.0075,0.0724,0.0,538000.0,4644000.0,0
BG_00075,Background_Point,Regional_Background,1.0,Background_Control,0,0,0,0,0.0262,0.0003,0.0,0.0519,320306.1,0.0,733.4,11.18,-1.97,15.72,28.69,-85.18,-100.0,0.1879,0.0918,0.0322,970000.0,4064000.0,0
BG_00076,Background_Point,Regional_Background,1.0,Background_Control,0,0,0,0,0.0,0.0937,0.0001,0.0758,44045.4,0.0531,833.0,19.78,20.73,15.31,42.09,-87.38,33.47,0.2196,0.2611,0.0501,548000.0,4036000.0,0
BG_00077,Background_Point,Regional_Background,1.0,Background_Control,0,0,0,0,0.0256,0.0001,0.0004,0.139,47175.1,0.0431,190.7,15.5,16.91,10.42,34.58,-74.39,44.37,0.3783,0.0748,0.0406,162000.0,4326000.0,0
BG_00078,Background_Point,Regional_Background,1.0,Background_Control,0,0,0,0,0.0326,0.0002,0.0,0.0367,316966.9,0.0,263.6,17.14,6.79,7.63,31.8,-79.33,-100.0,0.014,0.138,0.0121,978000.0,4308000.0,0
BG_00079,Background_Point,Regional_Background,1.0,Background_Control,0,0,0,0,0.0,0.0373,0.0007,0.1866,152118.4,0.0,760.1,14.91,3.82,-8.33,30.73,-71.73,-86.32,0.1032,0.0505,0.0374,474000.0,4672000.0,0
BG_00080,Background_Point,Regional_Background,1.0,Background_Control,0,0,0,0,0.0,0.0099,0.0002,0.191,164450.6,0.0,75.8,16.5,24.04,8.69,34.35,-85.46,-100.0,0.0389,0.039,0.009,598000.0,4380000.0,0
BG_00081,Background_Point,Regional_Background,1.0,Background_Control,0,0,0,0,0.0229,0.1128,0.0001,0.1199,42520.6,0.0587,795.8,11.83,11.45,27.28,28.96,-78.27,53.5,0.055,0.3747,0.0357,652000.0,4232000.0,0
BG_00082,Background_Point,Regional_Background,1.0,Background_Control,0,0,0,0,0.0,0.0006,0.0,0.199,264272.6,0.0,79.4,11.27,4.7,6.93,25.6,-78.52,-100.0,0.0167,0.237,0.0,848000.0,4404000.0,0
BG_00083,Background_Point,Regional_Background,1.0,Background_Control,0,0,0,0,0.0478,0.0286,0.0,0.0049,146283.1,0.0001,851.5,18.37,3.23,17.47,38.83,-79.12,-53.11,0.0017,0.1443,0.0243,692000.0,4012000.0,0
BG_00084,Background_Point,Regional_Background,1.0,Background_Control,0,0,0,0,0.0098,0.3851,0.5025,0.1513,28768.5,0.1469,618.6,16.0,0.58,-19.87,31.07,-58.96,35.51,0.2722,0.5261,0.1384,324000.0,4740000.0,0
BG_00085,Background_Point,Regional_Background,1.0,Background_Control,0,0,0,0,0.0,0.2332,0.3226,0.2419,8213.1,0.5784,530.4,15.16,14.58,-6.38,30.58,-70.41,95.76,0.5499,0.2273,0.419,282000.0,4754000.0,0
BG_00086,Background_Point,Regional_Background,1.0,Background_Control,0,0,0,0,0.0,0.0013,0.0001,0.0233,107200.7,0.0008,287.3,12.76,5.99,23.1,31.08,-74.59,-40.44,0.0024,0.1138,0.0064,584000.0,4546000.0,0
BG_00087,Background_Point,Regional_Background,1.0,Background_Control,0,0,0,0,0.0356,0.0007,0.0,0.0127,188679.6,0.0,42.1,20.63,-7.68,10.72,41.27,-80.68,-94.26,0.1255,0.0279,0.0394,668000.0,4504000.0,0
BG_00088,Background_Point,Regional_Background,1.0,Background_Control,0,0,0,0,0.0,0.0,0.0,0.0289,444558.2,0.0,769.0,11.71,-1.78,8.03,25.87,-81.41,-100.0,0.0972,0.4163,0.0099,864000.0,4744000.0,0
BG_00089,Background_Point,Regional_Background,1.0,Background_Control,0,0,0,0,0.0543,0.0116,0.1153,0.1831,17204.7,0.3176,281.0,16.38,13.9,30.15,34.0,-73.66,72.2,0.5067,0.0691,0.2219,410000.0,4294000.0,0
BG_00090,Background_Point,Regional_Background,1.0,Background_Control,0,0,0,0,0.0336,0.0036,0.116,0.2255,72539.2,0.0079,245.5,13.78,10.62,3.25,30.23,-70.81,5.7,0.3925,0.0263,0.0037,436000.0,4392000.0,0
BG_00091,Background_Point,Regional_Background,1.0,Background_Control,0,0,0,0,0.0,0.0001,0.0,0.0927,360849.0,0.0,270.3,25.76,11.25,0.11,49.94,-79.13,-100.0,0.0061,0.0902,0.0,926000.0,4464000.0,0
BG_00092,Background_Point,Regional_Background,1.0,Background_Control,0,0,0,0,0.0,0.0044,0.0,0.1961,153153.5,0.0,639.7,13.63,-3.44,10.83,30.47,-81.27,-60.8,0.0807,0.1405,0.0,580000.0,4636000.0,0
BG_00093,Background_Point,Regional_Background,1.0,Background_Control,0,0,0,0,0.0483,0.0002,0.0,0.1289,328006.1,0.0,482.2,12.02,-2.38,18.57,28.92,-72.95,-100.0,0.0945,0.4636,0.065,1008000.0,4198000.0,0
BG_00094,Background_Point,Regional_Background,1.0,Background_Control,0,0,0,0,0.0384,0.001,0.2287,0.4418,5749.9,0.6816,384.5,14.56,6.88,15.1,30.6,-69.91,73.61,0.8601,0.0562,0.3974,354000.0,4412000.0,0
BG_00095,Background_Point,Regional_Background,1.0,Background_Control,0,0,0,0,0.0075,0.0,0.0,0.0305,446806.4,0.0,611.6,17.87,11.19,5.4,38.94,-75.78,-100.0,0.0824,0.1242,0.0,950000.0,4556000.0,0
BG_00096,Background_Point,Regional_Background,1.0,Background_Control,0,0,0,0,0.0,0.0787,0.1545,0.0932,40873.1,0.0656,566.1,15.64,0.6,-3.7,28.84,-71.66,23.49,0.0946,0.1092,0.0881,226000.0,4752000.0,0
BG_00097,Background_Point,Regional_Background,1.0,Background_Control,0,0,0,0,0.0,0.0068,0.0,0.0003,208120.7,0.0,873.4,11.7,-0.84,9.46,29.34,-82.39,-100.0,0.0539,0.0475,0.0209,794000.0,4022000.0,0
BG_00098,Background_Point,Regional_Background,1.0,Background_Control,0,0,0,0,0.042,0.0624,0.008,0.2021,130684.8,0.0002,930.6,11.1,14.07,6.82,26.73,-81.86,-62.94,0.0423,0.2066,0.0114,364000.0,4642000.0,0
BG_00099,Background_Point,Regional_Background,1.0,Background_Control,0,0,0,0,0.0226,0.0019,0.0335,0.2662,9827.9,0.5193,432.9,11.32,2.2,29.65,23.75,-74.39,79.89,0.2982,0.0958,0.2807,448000.0,4482000.0,0
BG_00100,Background_Point,Regional_Background,1.0,Background_Control,0,0,0,0,0.0,0.0005,0.0181,0.3402,22129.7,0.2287,357.9,13.8,10.48,12.92,28.28,-81.75,64.6,0.2081,0.0986,0.0513,280000.0,4388000.0,0
BG_00101,Background_Point,Regional_Background,1.0,Background_Control,0,0,0,0,0.0341,0.0001,0.0,0.1535,339063.4,0.0,212.5,11.47,12.91,7.22,27.41,-77.71,-100.0,0.1187,0.0409,0.0,980000.0,4358000.0,0
BG_00102,Background_Point,Regional_Background,1.0,Background_Control,0,0,0,0,0.0326,0.0029,0.0249,0.2193,11870.7,0.4532,502.2,11.12,6.29,-9.05,23.01,-75.48,64.91,0.2945,0.0824,0.2731,436000.0,4500000.0,0
BG_00103,Background_Point,Regional_Background,1.0,Background_Control,0,0,0,0,0.0,0.045,0.0001,0.0217,80000.0,0.0048,724.8,13.76,1.76,-18.64,28.86,-74.79,-4.66,0.1748,0.0501,0.0333,502000.0,4016000.0,0
BG_00104,Background_Point,Regional_Background,1.0,Background_Control,0,0,0,0,0.034,0.0267,0.0,0.1082,70342.0,0.0092,896.0,11.73,7.18,8.91,28.2,-79.79,33.79,0.1205,0.2544,0.0059,748000.0,4218000.0,0
BG_00105,Background_Point,Regional_Background,1.0,Background_Control,0,0,0,0,0.2016,0.0003,0.0007,0.3236,24976.2,0.1892,426.0,12.17,6.78,18.02,25.12,-74.02,87.93,0.1645,0.1179,0.1976,170000.0,4132000.0,0
BG_00106,Background_Point,Regional_Background,1.0,Background_Control,0,0,0,0,0.0,0.0043,0.0,0.1562,120283.0,0.0003,551.3,12.2,-1.72,-5.16,26.18,-83.15,-40.41,0.287,0.1762,0.0062,562000.0,4608000.0,0
BG_00107,Background_Point,Regional_Background,1.0,Background_Control,0,0,0,0,0.3811,0.0008,0.0048,0.2825,38443.5,0.0771,365.2,11.88,0.54,3.46,27.54,-55.71,98.15,0.0415,0.2349,0.1437,222000.0,4142000.0,0
BG_00108,Background_Point,Regional_Background,1.0,Background_Control,0,0,0,0,0.0,0.0033,0.0,0.0268,174837.1,0.0,382.1,15.95,0.54,22.5,35.92,-73.81,-85.43,0.0188,0.1224,0.0,822000.0,4302000.0,0
BG_00109,Background_Point,Regional_Background,1.0,Background_Control,0,0,0,0,0.0484,0.0246,0.0,0.0285,97015.5,0.0016,446.6,25.42,10.0,20.21,52.27,-74.45,-1.81,0.0666,0.1642,0.0338,694000.0,4296000.0,0
BG_00110,Background_Point,Regional_Background,1.0,Background_Control,0,0,0,0,0.0,0.0044,0.0,0.1789,171976.7,0.0,920.1,11.19,9.42,7.72,23.11,-78.92,-100.0,0.0061,0.0927,0.0,850000.0,4174000.0,0
BG_00111,Background_Point,Regional_Background,1.0,Background_Control,0,0,0,0,0.0,0.1516,0.3524,0.2132,14071.3,0.3914,574.3,11.83,19.79,4.55,27.93,-67.48,65.06,0.6083,0.1198,0.2904,262000.0,4746000.0,0
BG_00112,Background_Point,Regional_Background,1.0,Background_Control,0,0,0,0,0.0,0.2019,0.0011,0.1938,22360.7,0.2252,754.7,13.72,13.22,14.24,29.01,-80.49,34.21,0.219,0.3258,0.1277,580000.0,4230000.0,0
BG_00113,Background_Point,Regional_Background,1.0,Background_Control,0,0,0,0,0.0,0.0,0.0,0.1488,446461.6,0.0,765.2,16.73,6.35,10.46,36.32,-78.29,-100.0,0.0337,0.043,0.0,892000.0,4692000.0,0
BG_00114,Background_Point,Regional_Background,1.0,Background_Control,0,0,0,0,0.0,0.0123,0.0108,0.2573,46818.8,0.0441,996.8,11.48,0.51,25.87,25.11,-80.16,38.09,0.0629,0.0664,0.0614,184000.0,4636000.0,0
BG_00115,Background_Point,Regional_Background,1.0,Background_Control,0,0,0,0,0.0208,0.0024,0.0,0.1971,205912.6,0.0,50.4,17.54,12.85,16.69,38.06,-77.75,-100.0,0.018,0.0898,0.0,764000.0,4388000.0,0
BG_00116,Background_Point,Regional_Background,1.0,Background_Control,0,0,0,0,0.0035,0.0002,0.0013,0.2187,20475.0,0.2554,208.0,14.45,4.04,13.58,30.86,-77.35,54.24,0.1281,0.0041,0.0977,200000.0,4322000.0,0
BG_00117,Background_Point,Regional_Background,1.0,Background_Control,0,0,0,0,0.0488,0.0004,0.0,0.1551,234000.0,0.0,472.9,14.65,-14.0,3.08,32.51,-74.38,-100.0,0.0041,0.1777,0.0,696000.0,4610000.0,0
BG_00118,Background_Point,Regional_Background,1.0,Background_Control,0,0,0,0,0.0,0.0002,0.0,0.1769,328207.3,0.0,166.3,11.15,11.24,6.74,24.08,-84.35,-100.0,0.014,0.0116,0.0222,918000.0,4426000.0,0
BG_00119,Background_Point,Regional_Background,1.0,Background_Control,0,0,0,0,0.0117,0.0936,0.0314,0.2085,89994.3,0.0025,931.4,11.38,-2.42,10.61,24.72,-79.06,-28.79,0.0359,0.2484,0.075,326000.0,4664000.0,0
BG_00120,Background_Point,Regional_Background,1.0,Background_Control,0,0,0,0,0.0,0.053,0.001,0.1131,148822.0,0.0,773.7,24.58,4.57,30.16,44.68,-81.98,-69.85,0.2132,0.3541,0.0,478000.0,4708000.0,0
BG_00121,Background_Point,Regional_Background,1.0,Background_Control,0,0,0,0,0.0,0.0015,0.0156,0.1582,50620.6,0.0342,271.9,16.62,3.96,6.07,41.39,-80.67,22.3,0.0855,0.0725,0.0018,486000.0,4460000.0,0
BG_00122,Background_Point,Regional_Background,1.0,Background_Control,0,0,0,0,0.0,0.0382,0.0187,0.0327,76655.1,0.006,370.3,17.4,-7.15,11.08,37.48,-78.83,-7.56,0.1349,0.1408,0.0115,496000.0,4290000.0,0
BG_00123,Background_Point,Regional_Background,1.0,Background_Control,0,0,0,0,0.0,0.023,0.003,0.093,115190.1,0.0005,236.3,11.75,5.38,-23.09,26.25,-80.36,-37.32,0.2984,0.1403,0.0,524000.0,4330000.0,0
BG_00124,Background_Point,Regional_Background,1.0,Background_Control,0,0,0,0,0.0,0.0002,0.0046,0.2527,46854.0,0.044,336.9,11.16,2.19,-17.1,25.11,-81.71,23.98,0.0878,0.0183,0.0,230000.0,4380000.0,0
BG_00125,Background_Point,Regional_Background,1.0,Background_Control,0,0,0,0,0.0,0.0007,0.0,0.0167,252926.9,0.0,384.1,15.18,5.43,-3.37,33.69,-74.65,-100.0,0.0686,0.0334,0.0,914000.0,4296000.0,0
BG_00126,Background_Point,Regional_Background,1.0,Background_Control,0,0,0,0,0.0263,0.0008,0.1183,0.4838,1351.9,0.9138,402.0,16.66,11.78,21.9,34.62,-81.4,82.51,0.8213,0.263,0.5596,338000.0,4408000.0,0
BG_00127,Background_Point,Regional_Background,1.0,Background_Control,0,0,0,0,0.0,0.0004,0.0,0.0635,299386.0,0.0,67.3,21.52,2.35,13.64,45.12,-82.06,-100.0,0.0635,0.0209,0.0805,796000.0,4476000.0,0
BG_00128,Background_Point,Regional_Background,1.0,Background_Control,0,0,0,0,0.0,0.0004,0.0309,0.3198,27502.1,0.1599,402.2,11.96,-4.04,8.73,28.52,-79.56,50.81,0.0871,0.282,0.0,286000.0,4400000.0,0
BG_00129,Background_Point,Regional_Background,1.0,Background_Control,0,0,0,0,0.0175,0.0211,0.013,0.1055,145575.8,0.0001,979.9,15.84,10.16,12.65,34.83,-78.25,-70.22,0.0633,0.1569,0.0192,332000.0,4588000.0,0
BG_00130,Background_Point,Regional_Background,1.0,Background_Control,0,0,0,0,0.0396,0.0015,0.0,0.0054,299666.5,0.0,799.7,11.53,12.08,32.8,26.51,-71.97,-100.0,0.0129,0.035,0.0,674000.0,4762000.0,0
BG_00131,Background_Point,Regional_Background,1.0,Background_Control,0,0,0,0,0.0,0.0076,0.0,0.0085,132378.2,0.0001,617.4,15.5,-2.12,3.37,32.34,-82.04,-44.09,0.0953,0.1683,0.0643,798000.0,4260000.0,0
BG_00132,Background_Point,Regional_Background,1.0,Background_Control,0,0,0,0,0.0296,0.0116,0.0,0.155,159260.8,0.0,135.6,15.43,11.95,12.33,33.51,-77.36,-77.7,0.0033,0.0273,0.0728,660000.0,4358000.0,0
BG_00133,Background_Point,Regional_Background,1.0,Background_Control,0,0,0,0,0.0,0.0,0.0,0.0051,483143.9,0.0,626.5,13.11,8.47,12.37,34.61,-76.5,-100.0,0.2654,0.0833,0.0,882000.0,4788000.0,0
BG_00134,Background_Point,Regional_Background,1.0,Background_Control,0,0,0,0,0.0,0.0538,0.0289,0.2119,92627.0,0.0021,984.3,14.82,19.99,2.75,33.27,-77.83,-19.45,0.0406,0.3509,0.0766,302000.0,4642000.0,0
BG_00135,Background_Point,Regional_Background,1.0,Background_Control,0,0,0,0,0.0479,0.0373,0.0026,0.1733,140270.9,0.0001,927.1,14.89,15.88,28.35,33.03,-76.34,-36.38,0.0792,0.1052,0.0,378000.0,4618000.0,0
BG_00136,Background_Point,Regional_Background,1.0,Background_Control,0,0,0,0,0.0,0.0552,0.0004,0.0738,108074.0,0.0007,460.6,12.06,-0.17,-9.36,28.2,-86.03,-39.97,0.0785,0.0795,0.0,488000.0,4824000.0,0
BG_00137,Background_Point,Regional_Background,1.0,Background_Control,0,0,0,0,0.0263,0.1621,0.0,0.1833,57214.0,0.0221,1131.0,15.35,-0.37,16.17,30.69,-78.24,18.1,0.0295,0.3989,0.0054,656000.0,4100000.0,0
BG_00138,Background_Point,Regional_Background,1.0,Background_Control,0,0,0,0,0.0128,0.0116,0.0134,0.1352,70455.7,0.0091,229.2,15.06,13.35,29.26,31.88,-75.75,10.32,0.3545,0.0158,0.0,460000.0,4338000.0,0
BG_00139,Background_Point,Regional_Background,1.0,Background_Control,0,0,0,0,0.0071,0.0165,0.0022,0.0726,145946.0,0.0001,187.7,13.2,6.57,3.1,26.68,-77.14,-66.8,0.0534,0.0188,0.0,150000.0,4826000.0,0
BG_00140,Background_Point,Regional_Background,1.0,Background_Control,0,0,0,0,0.0,0.0007,0.0002,0.006,144515.3,0.0001,498.5,12.37,8.99,-5.07,25.39,-80.28,-68.76,0.0254,0.4443,0.0834,238000.0,4032000.0,0
BG_00141,Background_Point,Regional_Background,1.0,Background_Control,0,0,0,0,0.0058,0.3116,0.0,0.3345,21708.8,0.2352,1121.8,15.98,4.55,24.98,35.26,-82.86,61.21,0.1228,0.2287,0.1072,634000.0,4128000.0,0
BG_00142,Background_Point,Regional_Background,1.0,Background_Control,0,0,0,0,0.0384,0.0267,0.0,0.0246,145948.0,0.0001,731.4,13.13,0.57,-2.3,31.34,-79.44,-67.9,0.0789,0.378,0.0,672000.0,3994000.0,0
BG_00143,Background_Point,Regional_Background,1.0,Background_Control,0,0,0,0,0.0361,0.0045,0.163,0.0342,70954.6,0.0088,763.2,15.76,2.4,30.35,30.5,-78.38,13.56,0.0765,0.0429,0.1032,354000.0,4510000.0,0
BG_00144,Background_Point,Regional_Background,1.0,Background_Control,0,0,0,0,0.0471,0.0,0.0,0.1925,536257.4,0.0,875.7,14.63,2.54,8.73,30.83,-78.5,-100.0,0.1763,0.1471,0.0678,1004000.0,4634000.0,0
BG_00145,Background_Point,Regional_Background,1.0,Background_Control,0,0,0,0,0.0,0.0034,0.0,0.2002,190672.5,0.0,941.0,11.98,-4.6,0.51,31.79,-80.35,-100.0,0.0198,0.0672,0.0203,864000.0,4150000.0,0
BG_00146,Background_Point,Regional_Background,1.0,Background_Control,0,0,0,0,0.0,0.0282,0.0036,0.0715,104994.5,0.0009,301.4,21.87,15.25,11.42,46.76,-84.32,-6.92,0.4133,0.0406,0.0719,526000.0,4320000.0,0
BG_00147,Background_Point,Regional_Background,1.0,Background_Control,0,0,0,0,0.0,0.0001,0.0,0.0045,382125.6,0.0,316.1,14.27,14.91,-6.22,34.18,-84.86,-100.0,0.0954,0.2469,0.0242,862000.0,4536000.0,0
BG_00148,Background_Point,Regional_Background,1.0,Background_Control,0,0,0,0,0.0,0.0008,0.0,0.0051,288534.2,0.0,748.5,11.7,9.15,5.75,27.56,-83.83,-100.0,0.0151,0.1938,0.069,916000.0,4034000.0,0
BG_00149,Background_Point,Regional_Background,1.0,Background_Control,0,0,0,0,0.0,0.0,0.0,0.0476,488016.4,0.0,619.3,13.43,15.53,10.82,27.37,-83.12,-100.0,0.3367,0.0106,0.0,868000.0,4816000.0,0
BG_00150,Background_Point,Regional_Background,1.0,Background_Control,0,0,0,0,0.0,0.0,0.0,0.0735,368282.5,0.0,411.1,12.39,18.4,18.94,25.14,-87.94,-100.0,0.0781,0.0224,0.022,844000.0,4576000.0,0
BG_00151,Background_Point,Regional_Background,1.0,Background_Control,0,0,0,0,0.0368,0.0006,0.0,0.0458,266443.2,0.0,21.3,11.35,0.74,21.78,23.1,-82.53,-100.0,0.1022,0.0731,0.0442,744000.0,4484000.0,0
BG_00152,Background_Point,Regional_Background,1.0,Background_Control,0,0,0,0,0.0931,0.0001,0.0001,0.182,55027.3,0.0255,504.1,13.09,13.52,25.16,28.26,-76.72,31.62,0.0403,0.1051,0.0749,132000.0,4098000.0,0
BG_00153,Background_Point,Regional_Background,1.0,Background_Control,0,0,0,0,0.0,0.0004,0.0025,0.1836,114043.2,0.0005,509.8,28.96,10.8,-5.81,55.36,-81.26,-53.48,0.0324,0.0165,0.006,180000.0,4426000.0,0
BG_00154,Background_Point,Regional_Background,1.0,Background_Control,0,0,0,0,0.0655,0.0037,0.2115,0.1474,22691.9,0.2203,255.3,24.17,5.81,7.48,51.26,-73.37,64.63,0.2066,0.0544,0.2365,322000.0,4258000.0,0
BG_00155,Background_Point,Regional_Background,1.0,Background_Control,0,0,0,0,0.0,0.0,0.0,0.1952,447146.5,0.0,733.3,12.88,10.36,5.61,25.16,-83.45,-100.0,0.0937,0.1433,0.0,904000.0,4662000.0,0
BG_00156,Background_Point,Regional_Background,1.0,Background_Control,0,0,0,0,0.0038,0.3816,0.07,0.1413,34907.5,0.0976,235.6,11.91,-5.23,-10.35,24.2,-78.82,47.45,0.161,0.3311,0.0152,318000.0,4816000.0,0
BG_00157,Background_Point,Regional_Background,1.0,Background_Control,0,0,0,0,0.0371,0.1461,0.04,0.1789,92617.3,0.0021,857.2,11.96,23.79,-18.52,25.03,-72.06,6.36,0.1667,0.3237,0.0146,356000.0,4684000.0,0
BG_00158,Background_Point,Regional_Background,1.0,Background_Control,0,0,0,0,0.0396,0.0014,0.0,0.0849,294244.8,0.0,734.6,24.02,17.31,35.47,48.19,-79.57,-100.0,0.1599,0.2097,0.0758,674000.0,4832000.0,0
BG_00159,Background_Point,Regional_Background,1.0,Background_Control,0,0,0,0,0.0388,0.0001,0.0002,0.1997,117505.6,0.0004,326.3,12.51,-6.45,19.29,28.38,-79.26,-21.34,0.3592,0.2673,0.0133,122000.0,4384000.0,0
BG_00160,Background_Point,Regional_Background,1.0,Background_Control,0,0,0,0,0.0,0.0307,0.0004,0.0803,107200.7,0.0008,277.2,12.77,1.93,27.39,29.35,-79.85,-42.9,0.0331,0.0764,0.0,586000.0,4324000.0,0
BG_00161,Background_Point,Regional_Background,1.0,Background_Control,0,0,0,0,0.0363,0.0001,0.0,0.0095,118067.8,0.0004,540.4,14.12,-1.19,-3.35,31.85,-84.44,-51.49,0.3894,0.1276,0.02,146000.0,4032000.0,0
BG_00162,Background_Point,Regional_Background,1.0,Background_Control,0,0,0,0,0.0,0.0434,0.0,0.0375,84000.0,0.0037,669.4,12.01,2.19,1.08,27.74,-77.13,23.87,0.2632,0.034,0.0,550000.0,3996000.0,0
BG_00163,Background_Point,Regional_Background,1.0,Background_Control,0,0,0,0,0.0,0.0074,0.0,0.2002,158808.1,0.0,721.2,17.92,4.56,-0.1,39.76,-77.61,-72.87,0.0669,0.0056,0.0,562000.0,4656000.0,0
BG_00164,Background_Point,Regional_Background,1.0,Background_Control,0,0,0,0,0.0,0.0466,0.0005,0.0104,135955.9,0.0001,686.1,16.11,17.34,-2.61,34.41,-88.13,-74.86,0.0242,0.052,0.0794,502000.0,4760000.0,0
BG_00165,Background_Point,Regional_Background,1.0,Background_Control,0,0,0,0,0.0342,0.0016,0.0,0.101,267320.0,0.0,753.8,17.08,6.99,13.78,37.29,-80.41,-100.0,0.1184,0.0703,0.0637,666000.0,4712000.0,0
BG_00166,Background_Point,Regional_Background,1.0,Background_Control,0,0,0,0,0.0,0.0044,0.0,0.0356,240208.2,0.0,724.5,13.76,-5.38,9.65,29.15,-81.55,-100.0,0.0724,0.049,0.0045,620000.0,4810000.0,0
BG_00167,Background_Point,Regional_Background,1.0,Background_Control,0,0,0,0,0.1164,0.0002,0.0002,0.2393,40050.0,0.0693,495.9,12.57,-4.02,1.73,24.07,-81.51,55.62,0.2778,0.1232,0.1408,148000.0,4110000.0,0
BG_00168,Background_Point,Regional_Background,1.0,Background_Control,0,0,0,0,0.0,0.0,0.0,0.1905,373202.4,0.0,627.7,13.31,6.87,-4.82,26.32,-78.38,-100.0,0.0043,0.1048,0.0,836000.0,4632000.0,0
BG_00169,Background_Point,Regional_Background,1.0,Background_Control,0,0,0,0,0.0,0.0,0.0,0.0574,503849.2,0.0,722.1,11.6,10.53,-8.67,29.81,-82.71,-100.0,0.0623,0.2469,0.0,938000.0,4730000.0,0
BG_00170,Background_Point,Regional_Background,1.0,Background_Control,0,0,0,0,0.0,0.0007,0.0,0.0003,298026.8,0.0,718.8,15.15,-5.64,-2.01,30.62,-74.68,-100.0,0.1602,0.1684,0.0,916000.0,4018000.0,0
BG_00171,Background_Point,Regional_Background,1.0,Background_Control,0,0,0,0,0.0,0.0018,0.4783,0.1136,68192.4,0.0106,643.9,17.56,-5.32,3.83,34.88,-69.15,6.16,0.2268,0.2825,0.0711,306000.0,4468000.0,0
BG_00172,Background_Point,Regional_Background,1.0,Background_Control,0,0,0,0,0.0546,0.0082,0.0002,0.0028,166012.0,0.0,577.9,14.1,4.11,9.49,31.99,-78.57,-75.81,0.0288,0.0747,0.0,382000.0,4014000.0,0
BG_00173,Background_Point,Regional_Background,1.0,Background_Control,0,0,0,0,0.0,0.0009,0.0002,0.0241,113771.7,0.0005,146.7,13.31,6.29,13.8,30.58,-80.21,-21.09,0.1013,0.4637,0.0284,592000.0,4500000.0,0
BG_00174,Background_Point,Regional_Background,1.0,Background_Control,0,0,0,0,0.0484,0.0915,0.0,0.311,19799.0,0.2672,1083.7,18.34,4.18,28.38,39.05,-75.47,81.56,0.4618,0.089,0.0874,694000.0,4186000.0,0
BG_00175,Background_Point,Regional_Background,1.0,Background_Control,0,0,0,0,0.0,0.0008,0.0,0.0003,294401.1,0.0,720.2,11.37,-4.76,-19.51,26.06,-84.63,-100.0,0.0055,0.0213,0.0,916000.0,4024000.0,0
BG_00176,Background_Point,Regional_Background,1.0,Background_Control,0,0,0,0,0.0,0.0047,0.0,0.2008,175863.6,0.0,982.3,11.84,11.87,45.6,26.88,-75.14,-100.0,0.1339,0.0461,0.0301,848000.0,4148000.0,0
BG_00177,Background_Point,Regional_Background,1.0,Background_Control,0,0,0,0,0.0,0.0081,0.0001,0.1975,177730.1,0.0,47.4,13.68,0.21,20.3,31.27,-79.33,-95.29,0.065,0.1031,0.0209,618000.0,4388000.0,0
BG_00178,Background_Point,Regional_Background,1.0,Background_Control,0,0,0,0,0.0,0.0008,0.0,0.1294,272616.9,0.0,838.2,13.21,9.72,8.75,29.96,-86.55,-100.0,0.0045,0.0205,0.0391,932000.0,4096000.0,0
BG_00179,Background_Point,Regional_Background,1.0,Background_Control,0,0,0,0,0.0,0.0486,0.0225,0.2055,98584.3,0.0014,980.2,20.01,-6.55,34.68,41.8,-80.57,-7.36,0.0379,0.116,0.0,304000.0,4636000.0,0
BG_00180,Background_Point,Regional_Background,1.0,Background_Control,0,0,0,0,0.0,0.0021,0.0,0.0256,265435.7,0.0,703.1,11.75,4.18,4.17,25.28,-80.34,-100.0,0.0573,0.2917,0.0672,846000.0,3992000.0,0
BG_00181,Background_Point,Regional_Background,1.0,Background_Control,0,0,0,0,0.0891,0.0015,0.0035,0.1473,93714.1,0.0019,432.7,15.9,-1.29,8.98,33.61,-73.0,4.89,0.0288,0.1094,0.0,258000.0,4098000.0,0
BG_00182,Background_Point,Regional_Background,1.0,Background_Control,0,0,0,0,0.0418,0.0,0.0,0.0121,435614.5,0.0,598.9,15.15,3.49,-2.05,32.01,-83.54,-100.0,0.1188,0.0799,0.0908,992000.0,4504000.0,0
BG_00183,Background_Point,Regional_Background,1.0,Background_Control,0,0,0,0,0.0,0.0001,0.0,0.1858,328274.3,0.0,544.9,11.73,16.84,10.35,27.32,-86.56,-100.0,0.0255,0.0348,0.0293,790000.0,4628000.0,0
BG_00184,Background_Point,Regional_Background,1.0,Background_Control,0,0,0,0,0.0417,0.0004,0.0,0.0054,352278.3,0.0,788.3,16.38,7.16,8.44,31.69,-79.52,-100.0,0.1483,0.327,0.0043,736000.0,4762000.0,0
BG_00185,Background_Point,Regional_Background,1.0,Background_Control,0,0,0,0,0.0,0.0553,0.0024,0.0384,72443.1,0.008,408.5,16.48,-0.52,8.69,35.15,-80.3,17.94,0.0031,0.2071,0.0,552000.0,4292000.0,0
BG_00186,Background_Point,Regional_Background,1.0,Background_Control,0,0,0,0,0.3879,0.0012,0.0111,0.2788,40004.1,0.0695,350.8,14.21,1.05,17.39,32.51,-60.93,84.35,0.0789,0.5142,0.2397,242000.0,4150000.0,0
BG_00187,Background_Point,Regional_Background,1.0,Background_Control,0,0,0,0,0.0,0.0001,0.0,0.0044,366344.1,0.0,279.6,11.64,0.59,5.04,24.28,-79.98,-100.0,0.0682,0.1171,0.0,872000.0,4512000.0,0
BG_00188,Background_Point,Regional_Background,1.0,Background_Control,0,0,0,0,0.0,0.005,0.0003,0.1032,64899.9,0.0132,543.6,13.08,5.53,9.44,23.91,-76.91,13.68,0.2718,0.0307,0.0288,516000.0,4574000.0,0
BG_00189,Background_Point,Regional_Background,1.0,Background_Control,0,0,0,0,0.0,0.0003,0.0,0.0338,320306.1,0.0,75.9,14.06,13.91,-15.34,30.06,-80.53,-100.0,0.0001,0.1632,0.0,816000.0,4490000.0,0
BG_00190,Background_Point,Regional_Background,1.0,Background_Control,0,0,0,0,0.0155,0.0196,0.0,0.1043,140684.0,0.0001,235.3,14.41,3.82,13.04,34.11,-82.95,-62.47,0.017,0.249,0.0,644000.0,4336000.0,0
BG_00191,Background_Point,Regional_Background,1.0,Background_Control,0,0,0,0,0.0,0.0365,0.0021,0.0583,93059.1,0.002,357.8,14.64,1.12,28.67,31.43,-77.56,-21.6,0.1123,0.0686,0.0,546000.0,4312000.0,0
BG_00192,Background_Point,Regional_Background,1.0,Background_Control,0,0,0,0,0.0594,0.0073,0.0667,0.1212,35506.2,0.0938,240.6,15.92,8.8,23.5,35.98,-75.89,68.6,0.1451,0.0421,0.0785,388000.0,4304000.0,0
BG_00193,Background_Point,Regional_Background,1.0,Background_Control,0,0,0,0,0.0,0.0,0.0,0.0355,520311.4,0.0,545.8,21.95,11.47,0.61,44.14,-81.82,-100.0,0.057,0.0937,0.0,912000.0,4810000.0,0
BG_00194,Background_Point,Regional_Background,1.0,Background_Control,0,0,0,0,0.0171,0.0066,0.0,0.0405,218409.5,0.0,648.7,11.89,5.14,11.41,26.75,-72.52,-100.0,0.1579,0.0187,0.0194,768000.0,3984000.0,0
BG_00195,Background_Point,Regional_Background,1.0,Background_Control,0,0,0,0,0.0,0.0673,0.001,0.0214,122588.7,0.0003,690.5,14.14,-1.64,-0.59,30.81,-83.97,-37.46,0.0316,0.0985,0.0,482000.0,4752000.0,0
BG_00196,Background_Point,Regional_Background,1.0,Background_Control,0,0,0,0,0.0743,0.011,0.1956,0.1932,21602.6,0.2369,320.6,15.87,-5.87,-19.67,31.48,-64.49,101.94,0.1916,0.1307,0.1691,370000.0,4232000.0,0
BG_00197,Background_Point,Regional_Background,1.0,Background_Control,0,0,0,0,0.0328,0.186,0.0,0.3146,28863.2,0.146,1147.8,13.42,1.85,14.7,27.03,-76.31,61.13,0.1466,0.2176,0.1131,664000.0,4146000.0,0
BG_00198,Background_Point,Regional_Background,1.0,Background_Control,0,0,0,0,0.0,0.0035,0.0271,0.2113,82845.8,0.004,207.3,15.2,13.05,23.12,32.47,-77.53,5.73,0.0884,0.0497,0.0,480000.0,4414000.0,0
BG_00199,Background_Point,Regional_Background,1.0,Background_Control,0,0,0,0,0.0219,0.0001,0.0002,0.1526,63504.8,0.0145,237.9,14.55,12.61,-16.95,28.43,-79.76,24.76,0.0722,0.1042,0.0715,156000.0,4342000.0,0
BG_00200,Background_Point,Regional_Background,1.0,Background_Control,0,0,0,0,0.0052,0.0212,0.0003,0.1917,106920.5,0.0008,780.6,18.57,6.19,-6.12,37.7,-77.53,-40.35,0.0832,0.0273,0.0,466000.0,4626000.0,0
BG_00201,Background_Point,Regional_Background,1.0,Background_Control,0,0,0,0,0.0131,0.1152,0.0023,0.0195,85906.9,0.0033,550.7,16.6,15.79,11.12,32.33,-77.64,-22.51,0.0603,0.1876,0.0203,458000.0,4784000.0,0
BG_00202,Background_Point,Regional_Background,1.0,Background_Control,0,0,0,0,0.1255,0.0004,0.0007,0.183,60674.2,0.0175,445.9,12.93,8.21,24.84,26.2,-73.48,38.87,0.0167,0.134,0.0112,190000.0,4102000.0,0
BG_00203,Background_Point,Regional_Background,1.0,Background_Control,0,0,0,0,0.0588,0.0059,0.0513,0.1055,42571.5,0.0585,239.3,11.96,9.42,-0.93,27.9,-77.19,48.3,0.1192,0.0402,0.0784,376000.0,4306000.0,0
BG_00204,Background_Point,Regional_Background,1.0,Background_Control,0,0,0,0,0.0497,0.0004,0.0,0.1997,264007.6,0.0,570.1,11.21,4.68,10.8,23.81,-73.86,-100.0,0.0013,0.1666,0.0624,712000.0,4646000.0,0
BG_00205,Background_Point,Regional_Background,1.0,Background_Control,0,0,0,0,0.0209,0.0012,0.0456,0.3407,19137.8,0.2792,294.1,16.47,20.93,3.31,37.6,-71.94,69.55,0.4219,0.1964,0.1682,328000.0,4374000.0,0
BG_00206,Background_Point,Regional_Background,1.0,Background_Control,0,0,0,0,0.0,0.0027,0.0103,0.0024,162443.8,0.0,883.5,16.85,2.54,16.42,33.02,-77.04,-67.74,0.1978,0.1594,0.0,212000.0,4518000.0,0
BG_00207,Background_Point,Regional_Background,1.0,Background_Control,0,0,0,0,0.0172,0.0448,0.1444,0.0828,47508.0,0.0421,460.7,19.04,-5.22,11.23,40.43,-77.11,27.1,0.099,0.0661,0.0,458000.0,4246000.0,0
BG_00208,Background_Point,Regional_Background,1.0,Background_Control,0,0,0,0,0.0367,0.1903,0.0081,0.0302,79649.2,0.0049,604.4,12.41,2.99,-13.23,25.2,-79.71,6.62,0.0469,0.1919,0.0,430000.0,4758000.0,0
BG_00209,Background_Point,Regional_Background,1.0,Background_Control,0,0,0,0,0.0446,0.0151,0.0001,0.005,144941.4,0.0001,591.5,13.23,6.66,-16.09,31.22,-73.94,-41.18,0.1096,0.1257,0.0,422000.0,4012000.0,0
BG_00210,Background_Point,Regional_Background,1.0,Background_Control,0,0,0,0,0.0012,0.0365,0.0007,0.194,146342.1,0.0001,790.9,13.18,16.71,0.8,26.75,-77.96,-62.15,0.1315,0.147,0.0109,470000.0,4666000.0,0
BG_00211,Background_Point,Regional_Background,1.0,Background_Control,0,0,0,0,0.0483,0.0,0.0,0.0609,608266.4,0.0,323.4,14.15,-0.54,-7.0,32.62,-81.63,-100.0,0.1264,0.1119,0.0239,1008000.0,4822000.0,0
BG_00212,Background_Point,Regional_Background,1.0,Background_Control,0,0,0,0,0.0422,0.0012,0.2407,0.3416,12808.9,0.4257,465.9,15.99,0.09,-2.87,35.59,-67.09,84.58,0.3076,0.1492,0.2782,362000.0,4442000.0,0
BG_00213,Background_Point,Regional_Background,1.0,Background_Control,0,0,0,0,0.0406,0.0083,0.0,0.0892,142351.7,0.0001,276.4,14.58,4.34,28.79,31.36,-75.82,-61.84,0.0779,0.1186,0.0336,738000.0,4330000.0,0
BG_00214,Background_Point,Regional_Background,1.0,Background_Control,0,0,0,0,0.0358,0.0012,0.1269,0.2584,24834.3,0.191,368.2,11.31,-10.33,-6.51,27.75,-76.61,60.11,0.1336,0.0668,0.1555,432000.0,4450000.0,0
BG_00215,Background_Point,Regional_Background,1.0,Background_Control,0,0,0,0,0.0,0.0851,0.0002,0.0761,49517.7,0.0368,818.7,15.8,5.5,-17.13,38.09,-76.85,36.88,0.0629,0.119,0.1119,514000.0,4046000.0,0
BG_00216,Background_Point,Regional_Background,1.0,Background_Control,0,0,0,0,0.0296,0.0019,0.0,0.029,287360.4,0.0,781.9,14.91,5.74,-14.61,30.59,-79.15,-100.0,0.2086,0.1199,0.0,660000.0,4744000.0,0
BG_00217,Background_Point,Regional_Background,1.0,Background_Control,0,0,0,0,0.0,0.0055,0.0017,0.0881,102956.3,0.001,1041.7,14.77,-5.32,-11.28,33.19,-81.67,-37.62,0.1407,0.0373,0.0,186000.0,4578000.0,0
BG_00218,Background_Point,Regional_Background,1.0,Background_Control,0,0,0,0,0.0075,0.0003,0.0,0.0625,295465.7,0.0,270.3,21.63,-11.72,8.04,46.47,-83.16,-100.0,0.2035,0.0186,0.0,950000.0,4320000.0,0
BG_00219,Background_Point,Regional_Background,1.0,Background_Control,0,0,0,0,0.057,0.0051,0.029,0.118,56204.9,0.0236,226.6,13.17,6.27,25.75,30.75,-72.41,44.86,0.0908,0.224,0.0132,382000.0,4324000.0,0
BG_00220,Background_Point,Regional_Background,1.0,Background_Control,0,0,0,0,0.0,0.0008,0.0,0.0102,129259.4,0.0002,230.3,12.82,-2.51,4.45,29.28,-78.42,-42.04,0.1516,0.5072,0.0317,608000.0,4538000.0,0
BG_00221,Background_Point,Regional_Background,1.0,Background_Control,0,0,0,0,0.0,0.0048,0.0,0.0261,156320.2,0.0,685.4,11.88,8.52,-10.79,24.75,-74.21,-89.36,0.057,0.2575,0.0,830000.0,4244000.0,0
BG_00222,Background_Point,Regional_Background,1.0,Background_Control,0,0,0,0,0.0484,0.0015,0.0,0.1128,223365.2,0.0,0.0,12.65,8.93,11.46,25.2,-82.3,-100.0,0.0041,0.0397,0.0642,694000.0,4456000.0,0
BG_00223,Background_Point,Regional_Background,1.0,Background_Control,0,0,0,0,0.0,0.0017,0.0,0.0326,273803.2,0.0,647.6,15.08,10.65,13.16,33.9,-79.49,-100.0,0.0123,0.0057,0.0,854000.0,3988000.0,0
BG_00224,Background_Point,Regional_Background,1.0,Background_Control,0,0,0,0,0.0311,0.0318,0.2224,0.1052,33941.1,0.1041,413.2,13.79,19.59,3.89,29.41,-73.27,62.65,0.2091,0.143,0.1447,444000.0,4256000.0,0
BG_00225,Background_Point,Regional_Background,1.0,Background_Control,0,0,0,0,0.0495,0.0002,0.0,0.0948,354231.6,0.0,644.0,13.86,-2.55,29.56,31.71,-69.81,-100.0,0.0416,0.0801,0.0,1014000.0,4082000.0,0
BG_00226,Background_Point,Regional_Background,1.0,Background_Control,0,0,0,0,0.0,0.0896,0.4846,0.2888,18282.9,0.2956,820.7,11.57,8.74,-19.88,29.32,-71.98,56.21,0.3342,0.1605,0.3436,258000.0,4702000.0,0
BG_00227,Background_Point,Regional_Background,1.0,Background_Control,0,0,0,0,0.0,0.0003,0.0,0.1656,289032.9,0.0,200.9,13.41,11.39,3.69,33.35,-81.21,-100.0,0.1277,0.0048,0.009,918000.0,4364000.0,0
BG_00228,Background_Point,Regional_Background,1.0,Background_Control,0,0,0,0,0.0,0.0052,0.0249,0.2099,98751.0,0.0014,196.6,12.87,10.4,-16.3,26.85,-85.59,-30.82,0.0218,0.1702,0.0033,478000.0,4392000.0,0
BG_00229,Background_Point,Regional_Background,1.0,Background_Control,0,0,0,0,0.0,0.1079,0.2949,0.1555,25096.3,0.1877,562.9,16.02,-12.35,13.53,34.16,-66.86,60.99,0.1936,0.0831,0.242,244000.0,4746000.0,0
BG_00230,Background_Point,Regional_Background,1.0,Background_Control,0,0,0,0,0.0,0.0387,0.0001,0.0162,89106.7,0.0026,700.9,11.52,5.21,10.99,25.94,-83.75,-14.36,0.0182,0.0871,0.0458,488000.0,4016000.0,0
BG_00231,Background_Point,Regional_Background,1.0,Background_Control,0,0,0,0,0.0,0.0022,0.6029,0.0897,73145.1,0.0076,695.3,16.89,0.38,-11.59,35.32,-69.08,-8.58,0.2804,0.1048,0.2228,308000.0,4476000.0,0
BG_00232,Background_Point,Regional_Background,1.0,Background_Control,0,0,0,0,0.0,0.0001,0.0,0.1082,319756.2,0.0,413.3,13.83,-0.57,22.58,29.0,-81.98,-100.0,0.2808,0.0756,0.0,792000.0,4590000.0,0
BG_00233,Background_Point,Regional_Background,1.0,Background_Control,0,0,0,0,0.0035,0.0007,0.0,0.1867,276101.4,0.0,755.9,15.45,6.3,6.83,33.48,-76.87,-100.0,0.1741,0.0375,0.0125,946000.0,4126000.0,0
BG_00234,Background_Point,Regional_Background,1.0,Background_Control,0,0,0,0,0.0014,0.0081,0.0,0.0049,130000.0,0.0002,534.1,28.89,-1.11,9.9,57.44,-74.25,-50.99,0.1242,0.0222,0.0824,784000.0,4278000.0,0
BG_00235,Background_Point,Regional_Background,1.0,Background_Control,0,0,0,0,0.0407,0.0001,0.0,0.0039,133221.6,0.0001,534.0,17.51,-3.58,8.12,35.66,-81.3,-31.75,0.1036,0.1541,0.0213,132000.0,4018000.0,0
BG_00236,Background_Point,Regional_Background,1.0,Background_Control,0,0,0,0,0.0282,0.0001,0.0,0.0066,122065.6,0.0003,527.5,13.81,1.33,5.64,28.55,-78.16,-17.44,0.1248,0.0577,0.0,154000.0,4028000.0,0
BG_00237,Background_Point,Regional_Background,1.0,Background_Control,0,0,0,0,0.2563,0.0016,0.07,0.3358,6515.3,0.6477,268.5,12.99,0.48,1.26,23.32,-59.79,104.97,0.5193,0.2167,0.391,264000.0,4212000.0,0
BG_00238,Background_Point,Regional_Background,1.0,Background_Control,0,0,0,0,0.0,0.0307,0.0273,0.0501,63561.0,0.0144,336.0,19.68,9.8,-18.14,37.56,-72.2,2.85,0.5136,0.1116,0.0168,482000.0,4294000.0,0
BG_00239,Background_Point,Regional_Background,1.0,Background_Control,0,0,0,0,0.0,0.0058,0.0009,0.1129,45122.1,0.0494,573.0,11.74,8.82,8.36,28.05,-72.6,36.43,0.0946,0.2158,0.0375,490000.0,4564000.0,0
BG_00240,Background_Point,Regional_Background,1.0,Background_Control,0,0,0,0,0.0,0.601,0.0002,0.4396,5894.0,0.6751,1060.5,12.32,6.98,20.83,24.34,-85.19,84.99,0.3946,0.4294,0.2895,598000.0,4132000.0,0
BG_00241,Background_Point,Regional_Background,1.0,Background_Control,0,0,0,0,0.0281,0.1149,0.0333,0.1974,94737.9,0.0018,925.8,19.25,22.12,15.75,40.22,-70.57,-19.13,0.0167,0.1247,0.0444,344000.0,4672000.0,0
BG_00242,Background_Point,Regional_Background,1.0,Background_Control,0,0,0,0,0.0628,0.0142,0.3934,0.2292,8727.5,0.5589,335.2,12.28,6.09,-4.24,28.3,-68.07,95.85,0.4793,0.0486,0.4878,398000.0,4260000.0,0
BG_00243,Background_Point,Regional_Background,1.0,Background_Control,0,0,0,0,0.0413,0.0035,0.1608,0.0656,56668.0,0.0229,681.2,11.88,10.39,18.05,23.33,-71.65,26.74,0.1452,0.2149,0.0579,362000.0,4498000.0,0
BG_00244,Background_Point,Regional_Background,1.0,Background_Control,0,0,0,0,0.0055,0.0,0.0,0.1181,473814.3,0.0,714.8,17.82,2.88,17.45,33.53,-76.2,-100.0,0.0381,0.0738,0.0,948000.0,4594000.0,0
BG_00245,Background_Point,Regional_Background,1.0,Background_Control,0,0,0,0,0.0,0.0025,0.0,0.0752,227982.5,0.0,954.5,13.41,5.56,-15.82,27.78,-84.31,-100.0,0.0106,0.2519,0.0,870000.0,4074000.0,0
BG_00246,Background_Point,Regional_Background,1.0,Background_Control,0,0,0,0,0.132,0.0001,0.0001,0.3168,28284.3,0.1517,468.8,19.72,1.41,4.63,41.01,-71.01,60.36,0.2203,0.0875,0.1192,122000.0,4146000.0,0
BG_00247,Background_Point,Regional_Background,1.0,Background_Control,0,0,0,0,0.0498,0.0021,0.1493,0.2519,45014.0,0.0497,264.5,12.57,14.87,3.97,31.21,-68.28,36.06,0.158,0.1403,0.0225,372000.0,4376000.0,0
BG_00248,Background_Point,Regional_Background,1.0,Background_Control,0,0,0,0,0.0,0.0034,0.0,0.1607,182701.9,0.0,883.1,14.59,-5.72,26.3,31.44,-84.3,-95.04,0.0558,0.0212,0.0179,862000.0,4184000.0,0
BG_00249,Background_Point,Regional_Background,1.0,Background_Control,0,0,0,0,0.0,0.0003,0.0,0.197,304217.0,0.0,168.7,12.55,11.38,26.02,28.8,-82.41,-100.0,0.0478,0.1347,0.0851,902000.0,4408000.0,0
BG_00250,Background_Point,Regional_Background,1.0,Background_Control,0,0,0,0,0.0294,0.0298,0.0,0.1958,104651.8,0.0009,1153.6,18.29,16.73,17.26,40.2,-78.57,-22.21,0.0936,0.1144,0.0927,754000.0,4126000.0,0
BG_00251,Background_Point,Regional_Background,1.0,Background_Control,0,0,0,0,0.0,0.0096,0.0033,0.1877,141183.6,0.0001,141.0,12.65,5.81,-3.55,27.44,-81.14,-49.67,0.086,0.0655,0.0,526000.0,4376000.0,0
BG_00252,Background_Point,Regional_Background,1.0,Background_Control,0,0,0,0,0.0033,0.0087,0.001,0.1162,55317.3,0.025,660.7,12.58,8.35,2.38,27.71,-78.91,5.53,0.2072,0.0482,0.0244,468000.0,4574000.0,0
BG_00253,Background_Point,Regional_Background,1.0,Background_Control,0,0,0,0,0.0174,0.0242,0.0,0.076,128576.8,0.0002,282.7,14.22,-4.29,28.23,28.34,-80.17,-49.38,0.0466,0.0378,0.0486,646000.0,4324000.0,0
BG_00254,Background_Point,Regional_Background,1.0,Background_Control,0,0,0,0,0.0,0.0006,0.0,0.0018,258681.3,0.0,373.0,14.86,6.77,0.35,35.34,-82.2,-100.0,0.2494,0.1492,0.0,926000.0,4280000.0,0
BG_00255,Background_Point,Regional_Background,1.0,Background_Control,0,0,0,0,0.0,0.0169,0.0001,0.2016,139714.0,0.0001,741.3,12.13,-3.74,-18.36,28.71,-79.55,-68.82,0.0957,0.0439,0.0,512000.0,4656000.0,0
BG_00256,Background_Point,Regional_Background,1.0,Background_Control,0,0,0,0,0.0,0.0003,0.0,0.0146,310522.1,0.0,91.1,11.15,1.3,-10.92,25.31,-83.54,-100.0,0.0842,0.2094,0.0378,790000.0,4502000.0,0
BG_00257,Background_Point,Regional_Background,1.0,Background_Control,0,0,0,0,0.0406,0.002,0.0,0.1882,225583.7,0.0,0.0,11.95,-1.72,1.01,22.37,-82.12,-100.0,0.0704,0.0747,0.0,738000.0,4418000.0,0
BG_00258,Background_Point,Regional_Background,1.0,Background_Control,0,0,0,0,0.0,0.1777,0.0008,0.1413,32249.0,0.1165,740.8,18.13,15.03,10.97,41.69,-81.36,43.03,0.1621,0.1314,0.0639,588000.0,4236000.0,0
BG_00259,Background_Point,Regional_Background,1.0,Background_Control,0,0,0,0,0.0341,0.0,0.0,0.1789,523770.9,0.0,812.7,19.8,11.98,22.33,38.62,-77.81,-100.0,0.1054,0.0245,0.0,980000.0,4676000.0,0
BG_00260,Background_Point,Regional_Background,1.0,Background_Control,0,0,0,0,0.0,0.3154,0.082,0.1144,41593.8,0.0625,207.7,15.57,7.73,9.65,29.43,-78.42,39.84,0.1739,0.4041,0.0946,302000.0,4812000.0,0
BG_00261,Background_Point,Regional_Background,1.0,Background_Control,0,0,0,0,0.0,0.0006,0.0,0.0023,258062.0,0.0,453.0,12.32,-7.13,13.79,27.82,-88.9,-100.0,0.0105,0.0658,0.0089,930000.0,4264000.0,0
BG_00262,Background_Point,Regional_Background,1.0,Background_Control,0,0,0,0,0.0,0.0018,0.0,0.0797,210770.0,0.0,697.9,11.93,7.82,19.27,21.9,-76.21,-100.0,0.1491,0.0519,0.0547,890000.0,4218000.0,0
BG_00263,Background_Point,Regional_Background,1.0,Background_Control,0,0,0,0,0.4144,0.0004,0.0021,0.4608,2939.9,0.822,359.8,11.91,1.72,5.5,24.92,-52.22,150.37,0.5197,0.2924,0.5931,186000.0,4166000.0,0
BG_00264,Background_Point,Regional_Background,1.0,Background_Control,0,0,0,0,0.0,0.0007,0.0,0.0024,294108.8,0.0,744.9,20.51,-2.38,1.31,41.18,-84.81,-100.0,0.0229,0.0059,0.0147,920000.0,4030000.0,0
BG_00265,Background_Point,Regional_Background,1.0,Background_Control,0,0,0,0,0.0492,0.0004,0.0,0.1551,235847.4,0.0,427.4,14.0,4.73,17.45,30.85,-81.98,-100.0,0.0021,0.1908,0.0238,698000.0,4610000.0,0
BG_00266,Background_Point,Regional_Background,1.0,Background_Control,0,0,0,0,0.0,0.0008,0.0,0.0001,246738.7,0.0,431.9,14.15,1.89,20.25,31.26,-81.25,-100.0,0.1288,0.0594,0.0911,916000.0,4272000.0,0
BG_00267,Background_Point,Regional_Background,1.0,Background_Control,0,0,0,0,0.0,0.0178,0.0001,0.1622,172800.5,0.0,760.9,13.67,12.95,22.11,27.78,-75.99,-90.84,0.1741,0.1133,0.0329,528000.0,4686000.0,0
BG_00268,Background_Point,Regional_Background,1.0,Background_Control,0,0,0,0,0.0,0.0001,0.0,0.0882,329878.8,0.0,382.8,15.71,12.61,22.63,32.7,-90.48,-100.0,0.0452,0.1116,0.0,804000.0,4582000.0,0
BG_00269,Background_Point,Regional_Background,1.0,Background_Control,0,0,0,0,0.0,0.0076,0.0,0.0121,132423.6,0.0001,658.8,14.22,-8.65,14.0,30.72,-80.13,-60.73,0.0202,0.1294,0.0,800000.0,4256000.0,0
BG_00270,Background_Point,Regional_Background,1.0,Background_Control,0,0,0,0,0.0196,0.0029,0.0004,0.0019,166769.3,0.0,513.2,15.18,19.43,17.92,31.65,-76.12,-88.96,0.0515,0.0651,0.0,316000.0,4026000.0,0
BG_00271,Background_Point,Regional_Background,1.0,Background_Control,0,0,0,0,0.0,0.0417,0.0,0.0394,86000.0,0.0032,678.9,21.62,-4.08,3.51,46.9,-67.5,9.86,0.0229,0.0835,0.0378,550000.0,3994000.0,0
BG_00272,Background_Point,Regional_Background,1.0,Background_Control,0,0,0,0,0.0113,0.0002,0.0,0.0949,394324.7,0.0,722.4,16.68,-2.07,-0.26,30.67,-81.32,-100.0,0.1272,0.0521,0.0185,774000.0,4836000.0,0
BG_00273,Background_Point,Regional_Background,1.0,Background_Control,0,0,0,0,0.0,0.0101,0.0,0.0241,118186.3,0.0004,716.6,12.2,6.53,0.13,27.65,-83.88,-50.78,0.4317,0.1951,0.052,788000.0,4248000.0,0
BG_00274,Background_Point,Regional_Background,1.0,Background_Control,0,0,0,0,0.0,0.0123,0.0066,0.1013,108240.5,0.0007,1024.5,12.46,11.61,-5.27,27.86,-77.51,-35.74,0.0074,0.0643,0.0,250000.0,4584000.0,0
BG_00275,Background_Point,Regional_Background,1.0,Background_Control,0,0,0,0,0.0378,0.0001,0.0,0.0041,128561.3,0.0002,536.1,17.58,-5.32,27.12,39.88,-73.58,-50.5,0.0529,0.1642,0.0,138000.0,4022000.0,0
BG_00276,Background_Point,Regional_Background,1.0,Background_Control,0,0,0,0,0.031,0.0025,0.0,0.2001,208806.1,0.0,11.4,13.98,-18.61,17.64,31.19,-78.25,-100.0,0.0983,0.1888,0.0296,752000.0,4396000.0,0
BG_00277,Background_Point,Regional_Background,1.0,Background_Control,0,0,0,0,0.0,0.0,0.0,0.0164,457230.8,0.0,730.7,11.66,-1.95,2.16,27.96,-79.69,-100.0,0.023,0.0038,0.0027,874000.0,4752000.0,0
BG_00278,Background_Point,Regional_Background,1.0,Background_Control,0,0,0,0,0.0,0.0005,0.0,0.0074,268812.2,0.0,370.2,11.36,7.07,-13.01,25.04,-85.9,-100.0,0.1413,0.0092,0.1229,934000.0,4288000.0,0
BG_00279,Background_Point,Regional_Background,1.0,Background_Control,0,0,0,0,0.0504,0.0017,0.1717,0.2804,14055.3,0.3918,503.2,11.82,-2.63,-5.92,27.88,-77.5,87.17,0.4204,0.0738,0.2333,388000.0,4464000.0,0
BG_00280,Background_Point,Regional_Background,1.0,Background_Control,0,0,0,0,0.05,0.2546,0.0091,0.2521,18439.1,0.2925,248.9,13.44,-1.31,-8.93,28.62,-75.92,36.8,0.1534,0.2197,0.2457,392000.0,4834000.0,0
BG_00281,Background_Point,Regional_Background,1.0,Background_Control,0,0,0,0,0.0478,0.0222,0.0,0.0385,104690.0,0.0009,406.5,11.27,6.53,16.73,29.28,-75.76,-13.85,0.0634,0.0978,0.0414,692000.0,4304000.0,0
BG_00282,Background_Point,Regional_Background,1.0,Background_Control,0,0,0,0,0.0439,0.0008,0.0,0.1995,242404.6,0.0,634.9,11.48,-5.84,4.29,25.08,-75.38,-100.0,0.321,0.0625,0.0,682000.0,4654000.0,0
BG_00283,Background_Point,Regional_Background,1.0,Background_Control,0,0,0,0,0.0456,0.0175,0.0,0.0037,170708.3,0.0,831.8,16.38,6.0,-1.19,35.7,-82.41,-88.85,0.0012,0.0351,0.0625,728000.0,4012000.0,0
BG_00284,Background_Point,Regional_Background,1.0,Background_Control,0,0,0,0,0.0407,0.0,0.0,0.0301,425868.5,0.0,518.3,21.56,1.42,7.23,42.3,-79.08,-100.0,0.2029,0.0461,0.0,990000.0,4492000.0,0
BG_00285,Background_Point,Regional_Background,1.0,Background_Control,0,0,0,0,0.0,0.0004,0.006,0.1957,94644.3,0.0018,508.4,11.31,17.65,32.5,24.1,-83.48,0.62,0.0548,0.0405,0.0,206000.0,4422000.0,0
BG_00286,Background_Point,Regional_Background,1.0,Background_Control,0,0,0,0,0.0,0.0188,0.0249,0.2575,30463.1,0.1312,850.1,11.99,-0.69,-1.64,26.64,-79.74,62.01,0.0689,0.0852,0.1376,172000.0,4692000.0,0
BG_00287,Background_Point,Regional_Background,1.0,Background_Control,0,0,0,0,0.0866,0.0104,0.1657,0.2897,26076.8,0.1758,420.2,11.59,12.02,2.6,28.85,-76.52,79.7,0.3378,0.5543,0.2099,354000.0,4182000.0,0
BG_00288,Background_Point,Regional_Background,1.0,Background_Control,0,0,0,0,0.0294,0.0091,0.0,0.0406,130919.8,0.0002,379.8,14.5,-15.69,2.24,27.57,-74.12,-40.29,0.1996,0.1342,0.0237,754000.0,4308000.0,0
BG_00289,Background_Point,Regional_Background,1.0,Background_Control,0,0,0,0,0.0014,0.016,0.0,0.1751,133686.2,0.0001,1126.2,17.47,10.34,-0.98,37.6,-80.11,-40.66,0.1027,0.1525,0.0,784000.0,4116000.0,0
BG_00290,Background_Point,Regional_Background,1.0,Background_Control,0,0,0,0,0.0362,0.0023,0.185,0.2447,51227.7,0.0329,303.1,13.39,14.17,-4.6,32.2,-73.44,33.36,0.0943,0.1316,0.2619,432000.0,4416000.0,0
BG_00291,Background_Point,Regional_Background,1.0,Background_Control,0,0,0,0,0.0477,0.0004,0.0,0.1936,281602.6,0.0,663.9,11.23,12.88,3.41,25.72,-73.39,-100.0,0.2473,0.057,0.0137,722000.0,4664000.0,0
BG_00292,Background_Point,Regional_Background,1.0,Background_Control,0,0,0,0,0.028,0.045,0.001,0.0796,104307.2,0.001,724.3,12.98,2.46,1.92,30.57,-72.84,-28.24,0.1994,0.0544,0.057,446000.0,4072000.0,0
BG_00293,Background_Point,Regional_Background,1.0,Background_Control,0,0,0,0,0.0209,0.0002,0.0,0.029,353208.2,0.0,613.0,11.82,-3.51,-2.52,24.67,-75.12,-100.0,0.2092,0.1851,0.0,964000.0,3990000.0,0
BG_00294,Background_Point,Regional_Background,1.0,Background_Control,0,0,0,0,0.0,0.0881,0.0011,0.1269,72111.0,0.0082,833.5,12.38,-1.49,-11.18,28.35,-73.29,26.83,0.0598,0.0915,0.0741,478000.0,4084000.0,0
BG_00295,Background_Point,Regional_Background,1.0,Background_Control,0,0,0,0,0.0,0.0073,0.04,0.017,149030.6,0.0,967.1,11.57,4.1,-16.98,24.29,-76.91,-59.33,0.2709,0.0527,0.0,274000.0,4546000.0,0
BG_00296,Background_Point,Regional_Background,1.0,Background_Control,0,0,0,0,0.0,0.0538,0.0,0.0302,79699.4,0.0049,729.7,12.9,3.72,22.31,27.58,-72.89,18.19,0.0187,0.1086,0.0,574000.0,4004000.0,0
BG_00297,Background_Point,Regional_Background,1.0,Background_Control,0,0,0,0,0.0461,0.0059,0.0007,0.0133,143610.6,0.0001,539.0,14.32,7.79,26.07,29.2,-78.64,-42.82,0.1965,0.2095,0.0421,348000.0,4040000.0,0
BG_00298,Background_Point,Regional_Background,1.0,Background_Control,0,0,0,0,0.0,0.0007,0.0,0.0672,253314.0,0.0,283.4,17.22,3.67,18.52,37.8,-90.15,-100.0,0.0429,0.1917,0.0,902000.0,4322000.0,0
BG_00299,Background_Point,Regional_Background,1.0,Background_Control,0,0,0,0,0.0,0.0076,0.0,0.2003,157784.7,0.0,664.7,13.01,-5.79,-1.2,26.11,-72.87,-70.99,0.1979,0.0257,0.0071,560000.0,4656000.0,0
BG_00300,Background_Point,Regional_Background,1.0,Background_Control,0,0,0,0,0.0,0.0851,0.173,0.2332,47899.3,0.041,884.6,11.1,6.66,7.17,21.28,-76.4,21.95,0.145,0.0815,0.0862,278000.0,4680000.0,0
BG_00301,Background_Point,Regional_Background,1.0,Background_Control,0,0,0,0,0.1475,0.0003,0.0035,0.1216,30463.1,0.1312,219.1,15.54,11.48,14.63,32.87,-74.09,67.51,0.0877,0.0785,0.1258,192000.0,4252000.0,0
BG_00302,Background_Point,Regional_Background,1.0,Background_Control,0,0,0,0,0.0151,0.0015,0.0157,0.1293,45055.8,0.0496,234.1,15.82,8.87,-0.17,34.14,-74.33,38.58,0.1545,0.0737,0.0872,302000.0,4320000.0,0
BG_00303,Background_Point,Regional_Background,1.0,Background_Control,0,0,0,0,0.0,0.016,0.0,0.1939,110724.9,0.0006,1064.0,11.65,15.64,-0.17,24.7,-79.31,-26.72,0.0657,0.0278,0.0,786000.0,4168000.0,0
BG_00304,Background_Point,Regional_Background,1.0,Background_Control,0,0,0,0,0.0,0.0011,0.0014,0.065,61741.4,0.0163,222.6,13.75,9.37,-12.96,27.58,-74.04,31.76,0.0736,0.112,0.0,536000.0,4494000.0,0
BG_00305,Background_Point,Regional_Background,1.0,Background_Control,0,0,0,0,0.0,0.0005,0.0282,0.2407,54732.1,0.026,442.7,11.3,-2.83,2.21,25.87,-79.49,28.51,0.1035,0.048,0.0,260000.0,4414000.0,0
BG_00306,Background_Point,Regional_Background,1.0,Background_Control,0,0,0,0,0.1257,0.0031,0.3004,0.3435,3833.5,0.7745,270.4,14.97,9.91,2.33,30.81,-67.19,100.44,0.7435,0.0859,0.5548,300000.0,4218000.0,0
BG_00307,Background_Point,Regional_Background,1.0,Background_Control,0,0,0,0,0.0,0.0027,0.0005,0.0581,58137.8,0.0207,406.2,20.24,-7.86,7.79,40.68,-74.59,23.95,0.3054,0.0043,0.0292,532000.0,4546000.0,0
BG_00308,Background_Point,Regional_Background,1.0,Background_Control,0,0,0,0,0.1418,0.0001,0.0003,0.1153,68161.7,0.0106,323.1,13.21,-7.24,8.72,30.25,-66.72,31.26,0.055,0.088,0.0864,130000.0,4216000.0,0
BG_00309,Background_Point,Regional_Background,1.0,Background_Control,0,0,0,0,0.0153,0.0001,0.0,0.1368,371214.2,0.0,325.9,13.64,-4.16,24.19,26.14,-79.64,-100.0,0.0922,0.0487,0.0,958000.0,4446000.0,0
BG_00310,Background_Point,Regional_Background,1.0,Background_Control,0,0,0,0,0.0154,0.0005,0.0,0.0013,164048.8,0.0,137.5,23.52,-2.12,25.0,47.17,-80.89,-81.64,0.0595,0.1121,0.0,644000.0,4524000.0,0
BG_00311,Background_Point,Regional_Background,1.0,Background_Control,0,0,0,0,0.0095,0.0,0.0,0.1772,482895.4,0.0,808.0,16.35,-3.48,6.39,35.56,-80.5,-100.0,0.0663,0.1132,0.0,952000.0,4622000.0,0
BG_00312,Background_Point,Regional_Background,1.0,Background_Control,0,0,0,0,0.0033,0.0028,0.0006,0.0465,126649.1,0.0002,968.5,20.37,14.56,4.0,38.47,-87.22,-51.2,0.1421,0.0429,0.017,154000.0,4562000.0,0
BG_00313,Background_Point,Regional_Background,1.0,Background_Control,0,0,0,0,0.0014,0.0001,0.0,0.1668,318797.7,0.0,488.0,11.69,-10.33,-6.34,23.79,-83.51,-100.0,0.1358,0.0769,0.0694,784000.0,4616000.0,0
BG_00314,Background_Point,Regional_Background,1.0,Background_Control,0,0,0,0,0.0,0.0184,0.0001,0.1863,156678.0,0.0,758.2,13.63,12.15,4.08,32.92,-80.45,-65.09,0.113,0.0402,0.009,518000.0,4672000.0,0
BG_00315,Background_Point,Regional_Background,1.0,Background_Control,0,0,0,0,0.0,0.0001,0.0,0.0124,382753.2,0.0,368.9,12.6,0.92,-0.66,28.42,-79.73,-100.0,0.0276,0.0231,0.0127,862000.0,4544000.0,0
BG_00316,Background_Point,Regional_Background,1.0,Background_Control,0,0,0,0,0.0,0.0034,0.0,0.0445,248370.0,0.0,635.7,14.97,5.88,1.3,32.57,-79.76,-100.0,0.1458,0.1838,0.0043,810000.0,3982000.0,0
BG_00317,Background_Point,Regional_Background,1.0,Background_Control,0,0,0,0,0.0,0.0007,0.0,0.1919,255976.6,0.0,117.7,17.98,19.22,-8.05,36.58,-78.42,-100.0,0.2041,0.0455,0.0441,860000.0,4382000.0,0
BG_00318,Background_Point,Regional_Background,1.0,Background_Control,0,0,0,0,0.0,0.0001,0.0,0.188,339299.3,0.0,210.2,11.69,3.16,-15.03,28.55,-89.88,-100.0,0.2931,0.0961,0.0,940000.0,4418000.0,0
BG_00319,Background_Point,Regional_Background,1.0,Background_Control,0,0,0,0,0.0091,0.005,0.0018,0.1663,88814.4,0.0027,1009.9,16.36,-7.01,-3.41,33.21,-82.86,-15.71,0.0525,0.1209,0.0162,148000.0,4608000.0,0
BG_00320,Background_Point,Regional_Background,1.0,Background_Control,0,0,0,0,0.0188,0.1179,0.0034,0.0323,101823.4,0.0011,678.6,14.42,6.26,11.64,31.0,-82.63,-5.74,0.0635,0.1572,0.0535,452000.0,4748000.0,0
BG_00321,Background_Point,Regional_Background,1.0,Background_Control,0,0,0,0,0.0075,0.0002,0.0,0.1164,305063.9,0.0,236.0,11.52,1.42,-9.91,24.23,-80.91,-100.0,0.1844,0.1785,0.0,950000.0,4342000.0,0
BG_00322,Background_Point,Regional_Background,1.0,Background_Control,0,0,0,0,0.0,0.0681,0.0,0.033,67052.2,0.0114,798.9,17.08,8.65,16.62,36.01,-78.65,31.31,0.0382,0.144,0.0,570000.0,4016000.0,0
BG_00323,Background_Point,Regional_Background,1.0,Background_Control,0,0,0,0,0.0074,0.0058,0.0,0.051,150333.0,0.0,315.4,14.31,-1.92,-6.65,33.23,-77.87,-72.22,0.1789,0.0533,0.0,778000.0,4314000.0,0
BG_00324,Background_Point,Regional_Background,1.0,Background_Control,0,0,0,0,0.0132,0.0007,0.0,0.1077,273912.4,0.0,0.0,12.59,0.84,15.59,28.3,-77.92,-100.0,0.1943,0.0167,0.0,772000.0,4458000.0,0
BG_00325,Background_Point,Regional_Background,1.0,Background_Control,0,0,0,0,0.0494,0.0014,0.4783,0.3383,22596.9,0.2217,372.4,11.64,-7.21,-0.88,29.09,-59.64,75.71,0.3341,0.029,0.3404,376000.0,4408000.0,0
BG_00326,Background_Point,Regional_Background,1.0,Background_Control,0,0,0,0,0.0471,0.0154,0.0046,0.0979,90593.2,0.0024,822.5,12.19,-7.43,20.59,26.51,-78.27,-6.59,0.7654,0.202,0.0891,410000.0,4580000.0,0
BG_00327,Background_Point,Regional_Background,1.0,Background_Control,0,0,0,0,0.0089,0.0013,0.0105,0.1771,35923.6,0.0912,241.1,14.3,0.49,14.06,34.76,-80.61,51.64,0.0821,0.0278,0.0,300000.0,4330000.0,0
BG_00328,Background_Point,Regional_Background,1.0,Background_Control,0,0,0,0,0.0276,0.0317,0.0009,0.198,120166.6,0.0003,809.5,14.23,14.59,8.19,31.82,-70.05,-34.84,0.0457,0.0693,0.0354,442000.0,4634000.0,0
BG_00329,Background_Point,Regional_Background,1.0,Background_Control,0,0,0,0,0.0,0.0207,0.0001,0.0018,168807.6,0.0,664.6,21.78,7.93,13.0,43.37,-84.09,-78.63,0.0623,0.1745,0.022,544000.0,4780000.0,0
BG_00330,Background_Point,Regional_Background,1.0,Background_Control,0,0,0,0,0.0,0.3851,0.003,0.2575,38627.5,0.0761,878.9,12.06,12.15,8.78,26.59,-78.56,27.44,0.0451,0.3106,0.0298,540000.0,4176000.0,0
BG_00331,Background_Point,Regional_Background,1.0,Background_Control,0,0,0,0,0.0465,0.0999,0.0,0.3431,12806.2,0.4258,1010.3,11.94,-0.35,-8.89,24.1,-75.54,75.96,0.499,0.2285,0.2823,688000.0,4190000.0,0
BG_00332,Background_Point,Regional_Background,1.0,Background_Control,0,0,0,0,0.0,0.1646,0.0067,0.2417,59030.5,0.0195,831.1,18.55,0.94,4.44,36.87,-86.76,30.42,0.084,0.2242,0.0167,490000.0,4144000.0,0
BG_00333,Background_Point,Regional_Background,1.0,Background_Control,0,0,0,0,0.0,0.005,0.0,0.0084,153388.4,0.0,624.0,12.84,7.57,10.44,29.15,-78.82,-80.2,0.1199,0.0483,0.0068,822000.0,4258000.0,0
BG_00334,Background_Point,Regional_Background,1.0,Background_Control,0,0,0,0,0.0,0.0,0.0,0.1972,438730.0,0.0,740.5,13.02,12.05,12.54,27.55,-86.86,-100.0,0.0513,0.1846,0.0706,902000.0,4640000.0,0
BG_00335,Background_Point,Regional_Background,1.0,Background_Control,0,0,0,0,0.0343,0.2465,0.0983,0.1354,69649.0,0.0096,767.1,11.86,5.33,1.86,26.4,-72.09,1.75,0.0454,0.3763,0.0,352000.0,4710000.0,0
BG_00336,Background_Point,Regional_Background,1.0,Background_Control,0,0,0,0,0.0,0.0267,0.0398,0.2687,44045.4,0.0531,1001.7,12.3,4.12,37.36,28.58,-81.13,42.22,0.2366,0.1036,0.0768,228000.0,4646000.0,0
BG_00337,Background_Point,Regional_Background,1.0,Background_Control,0,0,0,0,0.0501,0.0148,0.0084,0.081,95912.8,0.0017,857.6,19.2,2.91,40.07,39.6,-77.47,10.17,0.1701,0.0474,0.0,394000.0,4574000.0,0
BG_00338,Background_Point,Regional_Background,1.0,Background_Control,0,0,0,0,0.0,0.0023,0.0004,0.0472,64622.0,0.0135,387.5,11.27,12.91,13.95,25.16,-82.07,14.78,0.1301,0.0094,0.0186,540000.0,4544000.0,0
BG_00339,Background_Point,Regional_Background,1.0,Background_Control,0,0,0,0,0.0,0.5847,0.0002,0.4376,5356.9,0.6997,1102.4,14.62,-6.03,19.09,30.52,-80.52,73.89,0.6789,0.5276,0.3452,592000.0,4126000.0,0
BG_00340,Background_Point,Regional_Background,1.0,Background_Control,0,0,0,0,0.0,0.0542,0.0566,0.0606,52511.2,0.0302,446.5,17.44,23.65,26.23,33.37,-79.3,-0.08,0.0597,0.1963,0.0,480000.0,4256000.0,0
BG_00341,Background_Point,Regional_Background,1.0,Background_Control,0,0,0,0,0.0,0.0011,0.0,0.1989,237621.5,0.0,70.5,20.56,-1.28,10.45,39.61,-80.41,-100.0,0.0185,0.0797,0.0959,820000.0,4392000.0,0
BG_00342,Background_Point,Regional_Background,1.0,Background_Control,0,0,0,0,0.0228,0.0023,0.0,0.0394,272117.6,0.0,731.0,15.24,18.83,15.46,33.32,-82.63,-100.0,0.0212,0.0266,0.0153,652000.0,4812000.0,0
BG_00343,Background_Point,Regional_Background,1.0,Background_Control,0,0,0,0,0.0208,0.0014,0.0239,0.2473,32225.6,0.1167,266.6,11.52,17.1,-1.3,20.68,-77.18,62.66,0.0772,0.0198,0.1239,324000.0,4354000.0,0
BG_00344,Background_Point,Regional_Background,1.0,Background_Control,0,0,0,0,0.03,0.0006,0.0004,0.0505,191482.0,0.0,660.3,14.18,-0.64,10.73,28.89,-80.93,-96.87,0.1038,0.0844,0.0629,126000.0,4482000.0,0
BG_00345,Background_Point,Regional_Background,1.0,Background_Control,0,0,0,0,0.0168,0.0078,0.0045,0.2334,63906.2,0.0141,943.9,14.78,3.74,-1.22,30.13,-74.59,8.26,0.0662,0.1319,0.0236,140000.0,4658000.0,0
BG_00346,Background_Point,Regional_Background,1.0,Background_Control,0,0,0,0,0.0495,0.0001,0.0,0.0,341672.4,0.0,314.3,12.83,2.2,11.25,27.4,-74.07,-100.0,0.2637,0.0445,0.0585,1014000.0,4272000.0,0
BG_00347,Background_Point,Regional_Background,1.0,Background_Control,0,0,0,0,0.0418,0.0003,0.0,0.1521,325852.7,0.0,688.1,17.35,16.21,1.37,41.14,-79.05,-100.0,0.1995,0.1618,0.0008,992000.0,4106000.0,0
BG_00348,Background_Point,Regional_Background,1.0,Background_Control,0,0,0,0,0.0208,0.0018,0.0,0.1983,222468.0,0.0,9.0,14.04,-5.06,29.88,28.89,-72.22,-100.0,0.081,0.1489,0.0175,764000.0,4406000.0,0
BG_00349,Background_Point,Regional_Background,1.0,Background_Control,0,0,0,0,0.0,0.0,0.0,0.1032,433368.2,0.0,624.6,11.23,1.8,-3.51,28.17,-76.68,-100.0,0.0727,0.1407,0.0,908000.0,4588000.0,0
BG_00350,Background_Point,Regional_Background,1.0,Background_Control,0,0,0,0,0.0,0.0011,0.0,0.0564,266187.9,0.0,840.5,21.91,3.99,23.98,45.4,-75.68,-100.0,0.1798,0.0099,0.0355,910000.0,4066000.0,0
BG_00351,Background_Point,Regional_Background,1.0,Background_Control,0,0,0,0,0.0153,0.0005,0.0,0.1962,281154.8,0.0,707.6,15.44,13.4,-10.36,32.4,-83.9,-100.0,0.0695,0.0133,0.1139,958000.0,4158000.0,0
BG_00352,Background_Point,Regional_Background,1.0,Background_Control,0,0,0,0,0.0,0.01,0.0,0.0705,120415.9,0.0003,811.3,22.88,2.66,2.0,43.24,-74.24,-39.78,0.0868,0.1837,0.0083,798000.0,4224000.0,0
BG_00353,Background_Point,Regional_Background,1.0,Background_Control,0,0,0,0,0.0074,0.0005,0.0,0.0589,294767.7,0.0,33.4,14.88,12.6,6.54,37.18,-81.36,-100.0,0.0579,0.0413,0.0,778000.0,4478000.0,0
BG_00354,Background_Point,Regional_Background,1.0,Background_Control,0,0,0,0,0.0,0.3161,0.1253,0.1096,35787.9,0.092,271.3,15.57,1.5,5.03,35.84,-70.16,62.13,0.1057,0.3217,0.0,296000.0,4800000.0,0
BG_00355,Background_Point,Regional_Background,1.0,Background_Control,0,0,0,0,0.2189,0.0024,0.0393,0.256,48390.4,0.0397,365.6,11.71,7.93,29.5,25.34,-72.71,59.38,0.0541,0.1553,0.2103,278000.0,4158000.0,0
BG_00356,Background_Point,Regional_Background,1.0,Background_Control,0,0,0,0,0.2301,0.0014,0.0091,0.2331,60486.5,0.0177,386.4,11.12,11.23,5.21,26.6,-70.2,55.3,0.2652,0.1166,0.1059,252000.0,4132000.0,0
BG_00357,Background_Point,Regional_Background,1.0,Background_Control,0,0,0,0,0.0,0.024,0.0363,0.2025,35609.0,0.0931,777.0,11.6,-1.11,-15.87,26.97,-80.44,51.5,0.0578,0.019,0.0599,178000.0,4708000.0,0
BG_00358,Background_Point,Regional_Background,1.0,Background_Control,0,0,0,0,0.0224,0.0424,0.0013,0.2016,139714.0,0.0001,853.8,12.02,-1.98,-1.7,29.49,-78.39,-60.74,0.0704,0.2552,0.046,448000.0,4656000.0,0
BG_00359,Background_Point,Regional_Background,1.0,Background_Control,0,0,0,0,0.0382,0.0002,0.0,0.1858,283386.7,0.0,514.9,14.31,9.22,-6.01,33.06,-71.68,-100.0,0.1242,0.065,0.011,742000.0,4628000.0,0
BG_00360,Background_Point,Regional_Background,1.0,Background_Control,0,0,0,0,0.0488,0.0008,0.0,0.034,218073.4,0.0,13.0,12.22,12.19,-0.04,25.14,-65.58,-100.0,0.0755,0.1913,0.0116,696000.0,4490000.0,0
BG_00361,Background_Point,Regional_Background,1.0,Background_Control,0,0,0,0,0.0,0.0013,0.0011,0.0509,59665.7,0.0187,265.2,13.68,1.22,3.87,28.32,-84.89,24.23,0.071,0.0834,0.0172,538000.0,4506000.0,0
BG_00362,Background_Point,Regional_Background,1.0,Background_Control,0,0,0,0,0.0336,0.0002,0.0012,0.2095,14728.1,0.3746,211.1,18.07,6.68,22.41,34.34,-82.59,59.21,0.2215,0.0479,0.2383,184000.0,4302000.0,0
BG_00363,Background_Point,Regional_Background,1.0,Background_Control,0,0,0,0,0.8029,0.0008,0.0109,0.3929,9547.3,0.5291,316.3,14.5,2.22,31.28,30.74,-22.39,199.78,0.2885,0.4177,0.6908,226000.0,4176000.0,0
BG_00364,Background_Point,Regional_Background,1.0,Background_Control,0,0,0,0,0.0428,0.0004,0.0,0.1257,312474.0,0.0,750.7,14.38,6.58,10.41,30.79,-79.32,-100.0,0.2368,0.2994,0.0637,734000.0,4702000.0,0
BG_00365,Background_Point,Regional_Background,1.0,Background_Control,0,0,0,0,0.0,0.0241,0.0001,0.0083,158858.4,0.0,642.7,22.98,12.52,13.15,45.27,-81.08,-84.14,0.1332,0.0608,0.0071,536000.0,4790000.0,0
BG_00366,Background_Point,Regional_Background,1.0,Background_Control,0,0,0,0,0.0,0.0008,0.0,0.0817,245935.0,0.0,257.2,12.62,2.4,10.08,30.39,-77.64,-100.0,0.3874,0.069,0.0,890000.0,4328000.0,0
BG_00367,Background_Point,Regional_Background,1.0,Background_Control,0,0,0,0,0.0,0.0153,0.0,0.1712,136499.1,0.0001,1157.9,17.11,4.34,19.95,37.36,-82.09,-46.54,0.0038,0.1575,0.0,786000.0,4114000.0,0
BG_00368,Background_Point,Regional_Background,1.0,Background_Control,0,0,0,0,0.043,0.0052,0.0004,0.0023,157289.5,0.0,533.0,19.28,3.42,26.68,40.2,-83.77,-70.05,0.122,0.0551,0.0431,348000.0,4026000.0,0
BG_00369,Background_Point,Regional_Background,1.0,Background_Control,0,0,0,0,0.0497,0.0008,0.0,0.0459,234776.5,0.0,0.0,18.78,9.34,19.49,41.18,-74.18,-100.0,0.4368,0.2397,0.0,712000.0,4484000.0,0
BG_00370,Background_Point,Regional_Background,1.0,Background_Control,0,0,0,0,0.0278,0.0,0.0,0.1925,505034.7,0.0,858.5,13.38,1.26,10.81,29.24,-74.73,-100.0,0.0442,0.0504,0.0,972000.0,4634000.0,0
BG_00371,Background_Point,Regional_Background,1.0,Background_Control,0,0,0,0,0.0,0.0011,0.0007,0.0395,71805.3,0.0083,220.7,14.39,17.56,19.99,32.1,-77.33,15.47,0.0745,0.0046,0.0673,550000.0,4504000.0,0
BG_00372,Background_Point,Regional_Background,1.0,Background_Control,0,0,0,0,0.0,0.0083,0.0,0.044,185630.5,0.0,1004.3,13.32,6.16,10.54,30.57,-77.25,-100.0,0.0969,0.0088,0.0,802000.0,4060000.0,0
BG_00373,Background_Point,Regional_Background,1.0,Background_Control,0,0,0,0,0.0633,0.0234,0.0046,0.17,78102.5,0.0055,633.8,11.4,-1.98,7.14,25.95,-73.04,9.43,0.0299,0.3001,0.035,398000.0,4104000.0,0
BG_00374,Background_Point,Regional_Background,1.0,Background_Control,0,0,0,0,0.0464,0.0001,0.0,0.049,341584.5,0.0,247.3,21.17,-0.01,19.48,44.48,-72.62,-100.0,0.0412,0.0413,0.0592,1002000.0,4314000.0,0
BG_00375,Background_Point,Regional_Background,1.0,Background_Control,0,0,0,0,0.0354,0.0002,0.0,0.0271,268164.1,0.0,224.7,16.27,7.9,15.08,32.55,-81.14,-100.0,0.0425,0.0308,0.0,746000.0,4554000.0,0
BG_00376,Background_Point,Regional_Background,1.0,Background_Control,0,0,0,0,0.0224,0.1067,0.0037,0.0729,115948.7,0.0004,748.9,17.68,17.75,-6.51,39.22,-83.82,-39.4,0.0166,0.2128,0.027,448000.0,4726000.0,0
BG_00377,Background_Point,Regional_Background,1.0,Background_Control,0,0,0,0,0.0263,0.1585,0.0,0.1766,58671.5,0.02,1139.5,12.15,0.12,2.73,26.3,-76.93,21.78,0.0206,0.2051,0.041,656000.0,4098000.0,0
BG_00378,Background_Point,Regional_Background,1.0,Background_Control,0,0,0,0,0.0092,0.1012,0.0016,0.0433,83546.4,0.0038,480.2,14.57,5.58,0.45,28.51,-73.02,-11.38,0.1109,0.1787,0.0519,462000.0,4804000.0,0
BG_00379,Background_Point,Regional_Background,1.0,Background_Control,0,0,0,0,0.0,0.0186,0.0158,0.0927,68818.6,0.0102,283.5,11.73,14.36,9.63,27.19,-76.96,16.39,0.0763,0.023,0.0,476000.0,4320000.0,0
BG_00380,Background_Point,Regional_Background,1.0,Background_Control,0,0,0,0,0.0,0.0,0.0,0.064,443788.2,0.0,614.9,16.88,3.66,20.63,38.6,-77.91,-100.0,0.2669,0.2054,0.0727,922000.0,4572000.0,0
BG_00381,Background_Point,Regional_Background,1.0,Background_Control,0,0,0,0,0.0266,0.0003,0.0004,0.1646,150288.2,0.0,453.2,12.05,5.03,19.16,25.13,-86.22,-64.76,0.0746,0.0975,0.0,132000.0,4434000.0,0
BG_00382,Background_Point,Regional_Background,1.0,Background_Control,0,0,0,0,0.0471,0.0475,0.0172,0.2562,49463.2,0.037,644.7,14.22,-1.84,0.2,28.35,-68.31,38.04,0.1029,0.1241,0.0,428000.0,4140000.0,0
BG_00383,Background_Point,Regional_Background,1.0,Background_Control,0,0,0,0,0.0,0.0029,0.0013,0.0241,133416.6,0.0001,944.5,13.05,-8.15,-9.81,29.26,-73.47,-46.92,0.0998,0.0597,0.0,170000.0,4550000.0,0
BG_00384,Background_Point,Regional_Background,1.0,Background_Control,0,0,0,0,0.0095,0.0,0.0,0.0158,547784.6,0.0,525.0,20.43,2.32,52.28,42.65,-75.95,-100.0,0.1296,0.014,0.0881,952000.0,4798000.0,0
BG_00385,Background_Point,Regional_Background,1.0,Background_Control,0,0,0,0,0.0395,0.0003,0.0,0.1192,308006.5,0.0,510.8,13.55,17.16,4.44,31.87,-76.67,-100.0,0.0154,0.104,0.0,988000.0,4202000.0,0
BG_00386,Background_Point,Regional_Background,1.0,Background_Control,0,0,0,0,0.0,0.0,0.0,0.0999,514315.1,0.0,512.2,12.55,-0.78,0.1,30.38,-84.45,-100.0,0.0687,0.0625,0.0,894000.0,4838000.0,0
BG_00387,Background_Point,Regional_Background,1.0,Background_Control,0,0,0,0,0.07,0.0145,0.009,0.189,70455.7,0.0091,579.6,11.17,-0.72,11.22,20.94,-81.67,22.95,0.0886,0.0451,0.0,372000.0,4110000.0,0
BG_00388,Background_Point,Regional_Background,1.0,Background_Control,0,0,0,0,0.0449,0.0004,0.0,0.0786,212084.9,0.0,318.8,15.04,13.1,-0.53,33.21,-75.06,-100.0,0.0566,0.4602,0.0191,684000.0,4578000.0,0
BG_00389,Background_Point,Regional_Background,1.0,Background_Control,0,0,0,0,0.0348,0.008,0.0286,0.1546,65969.7,0.0123,230.4,13.9,2.99,21.96,26.84,-78.29,9.59,0.0157,0.3824,0.0921,436000.0,4344000.0,0
BG_00390,Background_Point,Regional_Background,1.0,Background_Control,0,0,0,0,0.0,0.0001,0.0,0.1978,352164.7,0.0,643.3,15.56,3.97,-0.26,33.98,-79.94,-100.0,0.3517,0.0779,0.0495,804000.0,4658000.0,0
BG_00391,Background_Point,Regional_Background,1.0,Background_Control,0,0,0,0,0.0448,0.0284,0.0,0.0524,67941.2,0.0108,748.5,14.56,-0.27,-9.71,31.57,-74.18,26.48,0.0455,0.0794,0.1478,730000.0,4246000.0,0
BG_00392,Background_Point,Regional_Background,1.0,Background_Control,0,0,0,0,0.044,0.0125,0.0661,0.1562,26683.3,0.1688,278.1,16.78,9.31,-7.05,35.11,-72.46,48.72,0.1384,0.1956,0.0804,426000.0,4306000.0,0
BG_00393,Background_Point,Regional_Background,1.0,Background_Control,0,0,0,0,0.0,0.001,0.0001,0.0268,134164.1,0.0001,75.7,11.57,16.32,-0.89,29.57,-75.71,-53.5,0.259,0.2668,0.0356,612000.0,4496000.0,0
BG_00394,Background_Point,Regional_Background,1.0,Background_Control,0,0,0,0,0.028,0.0007,0.0,0.1087,191269.4,0.0,368.1,11.22,-17.94,-1.21,23.74,-78.6,-100.0,0.0668,0.3025,0.0602,658000.0,4590000.0,0
BG_00395,Background_Point,Regional_Background,1.0,Background_Control,0,0,0,0,0.0418,0.0001,0.0,0.1403,347056.2,0.0,281.1,12.55,11.54,3.66,28.87,-90.43,-100.0,0.1432,0.0318,0.0406,992000.0,4352000.0,0
BG_00396,Background_Point,Regional_Background,1.0,Background_Control,0,0,0,0,0.0,0.0,0.0,0.0192,505371.2,0.0,661.9,18.81,8.64,4.52,41.16,-81.43,-100.0,0.0046,0.0141,0.0667,930000.0,4750000.0,0
BG_00397,Background_Point,Regional_Background,1.0,Background_Control,0,0,0,0,0.0,0.0021,0.0,0.0298,195887.7,0.0,367.3,23.43,0.12,15.42,46.9,-79.28,-100.0,0.1086,0.0898,0.1031,846000.0,4304000.0,0
BG_00398,Background_Point,Regional_Background,1.0,Background_Control,0,0,0,0,0.0449,0.0012,0.0,0.0164,308933.6,0.0,806.4,12.17,23.98,16.1,27.53,-84.74,-100.0,0.0738,0.0552,0.0221,684000.0,4752000.0,0
BG_00399,Background_Point,Regional_Background,1.0,Background_Control,0,0,0,0,0.0057,0.003,0.0,0.0763,254007.9,0.0,783.9,12.81,5.35,1.01,28.43,-87.41,-100.0,0.0577,0.0801,0.0,634000.0,4722000.0,0
BG_00400,Background_Point,Regional_Background,1.0,Background_Control,0,0,0,0,0.0,0.0272,0.0013,0.0897,108295.9,0.0007,276.7,24.78,8.0,29.78,51.05,-77.3,-23.07,0.2296,0.295,0.0,552000.0,4328000.0,0
BG_00401,Background_Point,Regional_Background,1.0,Background_Control,0,0,0,0,0.0405,0.0023,0.0026,0.0897,123871.8,0.0003,469.0,12.59,7.31,25.63,27.47,-74.93,-43.31,0.252,0.0424,0.0028,286000.0,4078000.0,0
BG_00402,Background_Point,Regional_Background,1.0,Background_Control,0,0,0,0,0.0783,0.0127,0.1922,0.2039,31622.8,0.1215,398.7,15.0,3.62,27.28,32.61,-68.56,66.39,0.1209,0.0652,0.1551,370000.0,4210000.0,0
BG_00403,Background_Point,Regional_Background,1.0,Background_Control,0,0,0,0,0.099,0.0007,0.0014,0.1437,82559.6,0.0041,438.3,12.18,2.58,-18.69,28.71,-73.02,0.85,0.1955,0.147,0.0599,224000.0,4094000.0,0
BG_00404,Background_Point,Regional_Background,1.0,Background_Control,0,0,0,0,0.0012,0.0274,0.0005,0.204,126396.2,0.0002,796.2,18.97,15.62,17.73,41.26,-78.54,-54.18,0.0569,0.0343,0.0,470000.0,4646000.0,0
BG_00405,Background_Point,Regional_Background,1.0,Background_Control,0,0,0,0,0.0277,0.0002,0.0,0.0046,276463.4,0.0,149.7,16.18,-7.68,12.69,34.71,-77.88,-100.0,0.0125,0.0489,0.0,756000.0,4536000.0,0
BG_00406,Background_Point,Regional_Background,1.0,Background_Control,0,0,0,0,0.0,0.0037,0.0,0.052,248008.1,0.0,743.9,11.83,8.42,-0.89,28.0,-80.37,-100.0,0.0698,0.0961,0.0,628000.0,4818000.0,0
BG_00407,Background_Point,Regional_Background,1.0,Background_Control,0,0,0,0,0.0114,0.0,0.0,0.1987,493124.7,0.0,821.8,14.29,13.96,15.62,30.74,-77.32,-100.0,0.0241,0.2659,0.0,954000.0,4656000.0,0
BG_00408,Background_Point,Regional_Background,1.0,Background_Control,0,0,0,0,0.0418,0.0,0.0,0.0476,591405.1,0.0,370.5,13.52,4.2,0.5,28.93,-75.77,-100.0,0.0151,0.2046,0.0,992000.0,4816000.0,0
BG_00409,Background_Point,Regional_Background,1.0,Background_Control,0,0,0,0,0.0368,0.0002,0.0,0.1999,293393.9,0.0,611.4,16.97,16.05,3.37,34.7,-75.14,-100.0,0.1421,0.0606,0.0,744000.0,4648000.0,0
BG_00410,Background_Point,Regional_Background,1.0,Background_Control,0,0,0,0,0.0,0.0371,0.0888,0.2301,25280.3,0.1854,754.9,16.29,3.18,5.49,33.77,-77.66,54.24,0.3511,0.0965,0.0584,200000.0,4712000.0,0
BG_00411,Background_Point,Regional_Background,1.0,Background_Control,0,0,0,0,0.0271,0.033,0.186,0.0981,35609.0,0.0931,397.8,15.8,2.76,19.03,33.66,-69.68,49.67,0.1398,0.0402,0.1195,448000.0,4258000.0,0
BG_00412,Background_Point,Regional_Background,1.0,Background_Control,0,0,0,0,0.0,0.0008,0.0,0.1998,262053.4,0.0,758.6,15.99,2.99,-12.64,33.63,-91.25,-100.0,0.1468,0.0083,0.0,936000.0,4144000.0,0
BG_00413,Background_Point,Regional_Background,1.0,Background_Control,0,0,0,0,0.0,0.0168,0.0116,0.1025,127001.0,0.0002,1005.4,20.04,-1.03,5.84,43.87,-80.76,-51.27,0.0194,0.2536,0.0284,286000.0,4586000.0,0
BG_00414,Background_Point,Regional_Background,1.0,Background_Control,0,0,0,0,0.0,0.001,0.1447,0.2214,46947.0,0.0437,511.3,17.0,21.13,21.68,33.59,-75.97,25.21,0.3165,0.0875,0.154,300000.0,4436000.0,0
BG_00415,Background_Point,Regional_Background,1.0,Background_Control,0,0,0,0,0.0262,0.0004,0.0,0.1093,290062.1,0.0,531.0,14.36,4.77,28.72,31.81,-76.54,-100.0,0.0398,0.658,0.0553,970000.0,4206000.0,0
BG_00416,Background_Point,Regional_Background,1.0,Background_Control,0,0,0,0,0.0,0.0009,0.0,0.0796,244663.0,0.0,609.2,19.72,9.55,6.93,38.4,-89.82,-100.0,0.0372,0.1134,0.0,924000.0,4218000.0,0
BG_00417,Background_Point,Regional_Background,1.0,Background_Control,0,0,0,0,0.0,0.0,0.0,0.0192,503591.1,0.0,685.6,12.83,6.74,-4.39,26.89,-83.27,-100.0,0.0284,0.0714,0.0409,928000.0,4750000.0,0
BG_00418,Background_Point,Regional_Background,1.0,Background_Control,0,0,0,0,0.0354,0.0006,0.0,0.0544,268990.7,0.0,11.5,19.38,-4.3,10.72,40.37,-79.4,-100.0,0.0682,0.032,0.0281,746000.0,4480000.0,0
BG_00419,Background_Point,Regional_Background,1.0,Background_Control,0,0,0,0,0.0228,0.0021,0.0,0.0999,272594.9,0.0,747.3,14.87,-1.3,-14.03,32.28,-75.52,-100.0,0.0857,0.1049,0.0,652000.0,4838000.0,0
BG_00420,Background_Point,Regional_Background,1.0,Background_Control,0,0,0,0,0.0,0.0,0.0,0.111,441977.4,0.0,760.0,17.9,-6.83,23.7,37.04,-83.5,-100.0,0.043,0.0764,0.0645,880000.0,4708000.0,0
BG_00421,Background_Point,Regional_Background,1.0,Background_Control,0,0,0,0,0.0,0.0056,0.0,0.121,154013.0,0.0,870.3,15.97,1.85,15.02,35.81,-81.73,-84.43,0.0479,0.1264,0.049,834000.0,4202000.0,0
BG_00422,Background_Point,Regional_Background,1.0,Background_Control,0,0,0,0,0.0382,0.0254,0.2428,0.1434,22627.4,0.2212,380.7,12.44,-5.46,1.51,27.37,-66.0,44.01,0.4205,0.3305,0.1565,436000.0,4264000.0,0
BG_00423,Background_Point,Regional_Background,1.0,Background_Control,0,0,0,0,0.0,0.5459,0.0009,0.239,43081.3,0.0566,932.5,31.72,19.88,-3.69,64.67,-73.64,16.78,0.206,0.4668,0.0238,576000.0,4180000.0,0
BG_00424,Background_Point,Regional_Background,1.0,Background_Control,0,0,0,0,0.0,0.0205,0.0061,0.0942,95015.8,0.0018,259.3,12.42,-6.44,22.52,25.47,-75.26,-4.54,0.0392,0.1393,0.0,502000.0,4328000.0,0
BG_00425,Background_Point,Regional_Background,1.0,Background_Control,0,0,0,0,0.1592,0.0003,0.0031,0.1182,32984.8,0.1109,222.4,14.24,14.66,-7.91,31.64,-72.67,79.41,0.043,0.2479,0.0894,188000.0,4248000.0,0
BG_00426,Background_Point,Regional_Background,1.0,Background_Control,0,0,0,0,0.0393,0.1761,0.0094,0.0538,92968.2,0.002,691.4,12.4,2.17,-8.79,22.96,-78.64,-12.11,0.057,0.2456,0.0245,426000.0,4738000.0,0
BG_00427,Background_Point,Regional_Background,1.0,Background_Control,0,0,0,0,0.0,0.3723,0.0023,0.2688,26039.6,0.1762,867.6,13.57,-4.12,25.52,30.99,-82.41,53.44,0.3854,0.328,0.0803,554000.0,4192000.0,0
BG_00428,Background_Point,Regional_Background,1.0,Background_Control,0,0,0,0,0.0,0.0042,0.0,0.0002,227116.9,0.0,806.8,14.9,-1.62,8.81,29.46,-76.95,-100.0,0.056,0.0092,0.0,822000.0,4022000.0,0
BG_00429,Background_Point,Regional_Background,1.0,Background_Control,0,0,0,0,0.0189,0.0005,0.0,0.0416,288013.9,0.0,66.1,12.08,1.32,15.25,25.22,-78.56,-100.0,0.3904,0.052,0.0166,766000.0,4486000.0,0
BG_00430,Background_Point,Regional_Background,1.0,Background_Control,0,0,0,0,0.0,0.0002,0.0,0.0121,342607.6,0.0,186.6,14.1,10.09,9.51,33.55,-81.95,-100.0,0.133,0.1316,0.0112,838000.0,4504000.0,0
BG_00431,Background_Point,Regional_Background,1.0,Background_Control,0,0,0,0,0.0596,0.0085,0.0035,0.0993,103846.0,0.001,522.2,18.17,9.43,25.37,37.81,-87.62,-12.79,0.0409,0.1057,0.0,352000.0,4080000.0,0
BG_00432,Background_Point,Regional_Background,1.0,Background_Control,0,0,0,0,0.0,0.0469,0.0559,0.0427,60166.4,0.0181,434.5,19.67,1.06,0.77,43.27,-77.17,20.68,0.1756,0.1124,0.0021,478000.0,4264000.0,0
BG_00433,Background_Point,Regional_Background,1.0,Background_Control,0,0,0,0,0.0,0.0011,0.0,0.1405,231041.1,0.0,189.4,12.46,15.24,5.56,27.58,-80.95,-100.0,0.0071,0.1721,0.017,854000.0,4352000.0,0
BG_00434,Background_Point,Regional_Background,1.0,Background_Control,0,0,0,0,0.0,0.0,0.0,0.064,423206.8,0.0,540.1,11.77,-4.5,4.71,25.98,-81.21,-100.0,0.158,0.0184,0.1046,900000.0,4572000.0,0
BG_00435,Background_Point,Regional_Background,1.0,Background_Control,0,0,0,0,0.0074,0.0003,0.0018,0.2461,13274.3,0.4127,222.0,12.66,17.34,-9.5,26.23,-79.31,69.75,0.2685,0.1637,0.2722,204000.0,4316000.0,0
BG_00436,Background_Point,Regional_Background,1.0,Background_Control,0,0,0,0,0.0409,0.0318,0.0046,0.1533,142445.0,0.0001,925.5,12.0,-1.01,11.37,26.87,-73.72,-60.1,0.0759,0.1405,0.1196,362000.0,4608000.0,0
BG_00437,Background_Point,Regional_Background,1.0,Background_Control,0,0,0,0,0.0424,0.0012,0.266,0.3859,14058.2,0.3917,344.0,16.3,11.15,17.94,33.87,-70.48,82.0,0.3689,0.0546,0.3786,360000.0,4406000.0,0
BG_00438,Background_Point,Regional_Background,1.0,Background_Control,0,0,0,0,0.0,0.0039,0.0,0.2007,175727.1,0.0,675.8,24.01,10.96,8.87,50.8,-79.41,-88.62,0.0673,0.0135,0.0283,596000.0,4652000.0,0
BG_00439,Background_Point,Regional_Background,1.0,Background_Control,0,0,0,0,0.0,0.0159,0.0001,0.0078,185946.2,0.0,712.7,12.63,11.05,1.71,29.06,-79.42,-91.55,0.1363,0.0508,0.0,556000.0,4760000.0,0
BG_00440,Background_Point,Regional_Background,1.0,Background_Control,0,0,0,0,0.0,0.0767,0.0,0.0528,52952.8,0.0293,811.8,12.6,7.67,12.46,27.47,-87.17,18.71,0.1304,0.1264,0.0197,540000.0,4028000.0,0
BG_00441,Background_Point,Regional_Background,1.0,Background_Control,0,0,0,0,0.0,0.0023,0.0,0.0801,230243.3,0.0,937.6,16.0,-0.36,-3.83,36.94,-79.64,-100.0,0.0499,0.038,0.0,874000.0,4076000.0,0
BG_00442,Background_Point,Regional_Background,1.0,Background_Control,0,0,0,0,0.0244,0.0019,0.0354,0.272,9036.0,0.5475,421.0,15.71,-5.92,-0.25,31.56,-78.77,72.12,0.3703,0.0235,0.2089,446000.0,4482000.0,0
BG_00443,Background_Point,Regional_Background,1.0,Background_Control,0,0,0,0,0.0355,0.0,0.0,0.1488,530648.7,0.0,792.6,13.38,7.36,13.29,32.14,-76.03,-100.0,0.1192,0.7099,0.0629,982000.0,4692000.0,0
BG_00444,Background_Point,Regional_Background,1.0,Background_Control,0,0,0,0,0.0226,0.0208,0.0,0.1029,83546.4,0.0038,902.5,12.6,9.16,4.87,24.54,-78.94,-10.43,0.0205,0.0401,0.0,762000.0,4216000.0,0
BG_00445,Background_Point,Regional_Background,1.0,Background_Control,0,0,0,0,0.0037,0.0023,0.0001,0.1284,167344.0,0.0,10.7,13.71,-2.43,-5.7,29.28,-81.62,-78.65,0.2156,0.0743,0.0,632000.0,4450000.0,0
BG_00446,Background_Point,Regional_Background,1.0,Background_Control,0,0,0,0,0.0277,0.0103,0.0,0.0217,122441.8,0.0003,482.4,15.94,-3.08,13.86,27.17,-74.65,-43.57,0.0096,0.2544,0.071,756000.0,4296000.0,0
BG_00447,Background_Point,Regional_Background,1.0,Background_Control,0,0,0,0,0.0429,0.0002,0.0,0.0183,317647.6,0.0,399.3,13.23,-3.6,7.49,28.45,-71.3,-100.0,0.0022,0.0618,0.0,994000.0,4248000.0,0
BG_00448,Background_Point,Regional_Background,1.0,Background_Control,0,0,0,0,0.0499,0.0008,0.0,0.0564,324000.0,0.0,778.5,19.22,3.77,16.91,39.76,-70.61,-100.0,0.021,0.2904,0.0529,704000.0,4820000.0,0
BG_00449,Background_Point,Regional_Background,1.0,Background_Control,0,0,0,0,0.0,0.1354,0.0351,0.0712,71397.2,0.0086,196.3,15.53,1.63,40.97,31.39,-76.24,4.48,0.0274,0.1045,0.0097,256000.0,4814000.0,0
BG_00450,Background_Point,Regional_Background,1.0,Background_Control,0,0,0,0,0.3318,0.0016,0.0224,0.2759,39752.1,0.0706,308.4,15.35,7.62,-17.63,29.02,-56.83,79.44,0.151,0.1687,0.124,258000.0,4158000.0,0
BG_00451,Background_Point,Regional_Background,1.0,Background_Control,0,0,0,0,0.0,0.001,0.0,0.1518,244294.9,0.0,710.7,15.91,2.3,13.18,33.33,-78.2,-100.0,0.1725,0.1341,0.0639,924000.0,4188000.0,0
BG_00452,Background_Point,Regional_Background,1.0,Background_Control,0,0,0,0,0.0368,0.0004,0.0,0.0486,339841.1,0.0,785.1,21.13,13.35,13.21,43.58,-80.78,-100.0,0.0164,0.0292,0.0,744000.0,4734000.0,0
BG_00453,Background_Point,Regional_Background,1.0,Background_Control,0,0,0,0,0.0,0.0001,0.0,0.1159,392825.7,0.0,759.8,12.95,3.66,7.05,26.53,-82.42,-100.0,0.1434,0.1721,0.0373,826000.0,4706000.0,0
BG_00454,Background_Point,Regional_Background,1.0,Background_Control,0,0,0,0,0.052,0.0001,0.0,0.0072,123693.2,0.0003,538.8,13.62,3.32,0.63,31.55,-81.03,-59.26,0.062,0.0419,0.0682,120000.0,4030000.0,0
BG_00455,Background_Point,Regional_Background,1.0,Background_Control,0,0,0,0,0.0472,0.0051,0.0001,0.0121,178907.8,0.0,556.4,11.43,-1.78,1.82,26.85,-77.68,-94.47,0.0122,0.1276,0.0898,362000.0,4002000.0,0
BG_00456,Background_Point,Regional_Background,1.0,Background_Control,0,0,0,0,0.0429,0.0002,0.0,0.1294,330774.8,0.0,650.5,12.4,2.73,10.96,28.56,-78.74,-100.0,0.1553,0.0922,0.0192,994000.0,4096000.0,0
BG_00457,Background_Point,Regional_Background,1.0,Background_Control,0,0,0,0,0.0606,0.0033,0.1613,0.1132,29849.7,0.1367,235.7,12.59,4.72,6.24,29.96,-69.74,53.86,0.1351,0.404,0.1165,318000.0,4264000.0,0
BG_00458,Background_Point,Regional_Background,1.0,Background_Control,0,0,0,0,0.0,0.3931,0.0007,0.283,30658.1,0.1295,963.8,30.15,-9.06,10.59,58.53,-80.64,53.44,0.0933,0.2947,0.0417,546000.0,4118000.0,0
BG_00459,Background_Point,Regional_Background,1.0,Background_Control,0,0,0,0,0.0,0.0427,0.0003,0.0482,124145.1,0.0003,541.5,13.22,5.05,26.56,29.41,-79.4,-39.46,0.0737,0.2404,0.0375,504000.0,4814000.0,0
BG_00460,Background_Point,Regional_Background,1.0,Background_Control,0,0,0,0,0.0483,0.0,0.0,0.0003,585053.8,0.0,525.6,11.92,-3.76,13.52,23.87,-77.42,-100.0,0.0395,0.1334,0.0,1008000.0,4772000.0,0
BG_00461,Background_Point,Regional_Background,1.0,Background_Control,0,0,0,0,0.0325,0.0229,0.0,0.0633,144482.7,0.0001,1067.0,22.14,3.93,-1.38,47.67,-79.45,-60.38,0.079,0.3321,0.0013,750000.0,4068000.0,0
BG_00462,Background_Point,Regional_Background,1.0,Background_Control,0,0,0,0,0.0,0.0538,0.001,0.0395,77278.7,0.0058,397.5,13.41,3.19,8.9,31.04,-84.44,1.59,0.175,0.1852,0.0753,574000.0,4296000.0,0
BG_00463,Background_Point,Regional_Background,1.0,Background_Control,0,0,0,0,0.0,0.0062,0.004,0.2048,124006.8,0.0003,154.0,12.33,9.78,4.41,28.83,-86.92,-27.37,0.2187,0.1076,0.04,526000.0,4398000.0,0
BG_00464,Background_Point,Regional_Background,1.0,Background_Control,0,0,0,0,0.0131,0.019,0.0005,0.175,96540.1,0.0016,788.2,19.33,-6.52,23.65,37.71,-74.68,-18.56,0.12,0.1352,0.0,458000.0,4614000.0,0
BG_00465,Background_Point,Regional_Background,1.0,Background_Control,0,0,0,0,0.0,0.0047,0.0201,0.0066,149452.3,0.0,947.6,14.57,10.37,14.23,31.41,-73.58,-65.96,0.1015,0.0171,0.0,240000.0,4536000.0,0
BG_00466,Background_Point,Regional_Background,1.0,Background_Control,0,0,0,0,0.0,0.0031,0.0,0.0267,178101.1,0.0,393.7,15.12,10.13,-2.33,30.13,-77.13,-95.02,0.0701,0.2565,0.0,826000.0,4302000.0,0
BG_00467,Background_Point,Regional_Background,1.0,Background_Control,0,0,0,0,0.0366,0.0019,0.2364,0.1668,38182.9,0.0784,574.6,12.43,3.39,2.75,24.07,-73.34,50.93,0.2645,0.1914,0.2038,354000.0,4468000.0,0
BG_00468,Background_Point,Regional_Background,1.0,Background_Control,0,0,0,0,0.0395,0.0,0.0,0.0982,493821.8,0.0,787.1,15.57,9.8,14.78,29.67,-76.05,-100.0,0.0192,0.0733,0.0,988000.0,4586000.0,0
BG_00469,Background_Point,Regional_Background,1.0,Background_Control,0,0,0,0,0.0488,0.0,0.0,0.106,563027.5,0.0,768.0,18.48,11.02,-5.79,39.47,-84.16,-100.0,0.0536,0.1708,0.0,1010000.0,4710000.0,0
BG_00470,Background_Point,Regional_Background,1.0,Background_Control,0,0,0,0,0.0341,0.0,0.0,0.0703,586204.7,0.0,365.7,15.07,-0.65,24.21,30.88,-69.12,-100.0,0.1102,0.0881,0.0294,980000.0,4826000.0,0
BG_00471,Background_Point,Regional_Background,1.0,Background_Control,0,0,0,0,0.0,0.0061,0.0,0.188,180277.6,0.0,723.0,16.46,4.95,20.37,34.48,-84.14,-75.91,0.0478,0.0212,0.078,580000.0,4670000.0,0
BG_00472,Background_Point,Regional_Background,1.0,Background_Control,0,0,0,0,0.0368,0.03,0.0,0.1144,125707.9,0.0002,1116.5,12.51,3.23,6.15,28.52,-79.92,-44.28,0.0479,0.1168,0.0198,744000.0,4088000.0,0
BG_00473,Background_Point,Regional_Background,1.0,Background_Control,0,0,0,0,0.0354,0.0242,0.0002,0.0085,123693.2,0.0003,662.4,23.69,-1.84,9.17,48.82,-88.93,-39.98,0.0046,0.2283,0.0132,436000.0,4032000.0,0
BG_00474,Background_Point,Regional_Background,1.0,Background_Control,0,0,0,0,0.0,0.0063,0.0,0.0076,141364.8,0.0001,614.9,16.32,-0.36,28.32,37.01,-83.84,-40.22,0.0831,0.0197,0.0,808000.0,4260000.0,0
BG_00475,Background_Point,Regional_Background,1.0,Background_Control,0,0,0,0,0.0,0.0032,0.0,0.0012,175328.3,0.0,509.2,12.11,-8.26,14.46,27.86,-80.53,-95.2,0.0811,0.0661,0.0765,838000.0,4276000.0,0
BG_00476,Background_Point,Regional_Background,1.0,Background_Control,0,0,0,0,0.0207,0.0086,0.002,0.097,53254.1,0.0287,683.8,12.22,1.31,10.85,24.29,-75.67,32.73,0.2588,0.0554,0.0187,450000.0,4564000.0,0
BG_00477,Background_Point,Regional_Background,1.0,Background_Control,0,0,0,0,0.0,0.1777,0.0007,0.2099,36055.5,0.0904,900.0,22.19,2.76,27.85,45.42,-81.45,37.65,0.0413,0.3031,0.0457,516000.0,4092000.0,0
BG_00478,Background_Point,Regional_Background,1.0,Background_Control,0,0,0,0,0.0,0.3263,0.2567,0.1485,21234.3,0.2428,401.3,13.45,11.75,16.86,29.37,-71.07,51.65,0.2824,0.4641,0.2042,294000.0,4780000.0,0
BG_00479,Background_Point,Regional_Background,1.0,Background_Control,0,0,0,0,0.0,0.0,0.0,0.062,497562.1,0.0,740.0,12.69,-9.7,1.59,30.0,-78.45,-100.0,0.0518,0.1409,0.0,932000.0,4728000.0,0
BG_00480,Background_Point,Regional_Background,1.0,Background_Control,0,0,0,0,0.0531,0.0399,0.0131,0.2402,55553.6,0.0246,635.8,13.62,-6.73,12.18,28.85,-78.12,22.12,0.0179,0.2016,0.042,420000.0,4132000.0,0
BG_00481,Background_Point,Regional_Background,1.0,Background_Control,0,0,0,0,0.0,0.2183,0.0001,0.2189,22052.1,0.2299,1017.9,13.06,-5.68,-3.95,27.81,-73.51,48.89,0.1698,0.4482,0.0501,576000.0,4074000.0,0
BG_00482,Background_Point,Regional_Background,1.0,Background_Control,0,0,0,0,0.0,0.0142,0.0001,0.2028,137927.5,0.0001,735.6,16.1,13.02,-2.46,31.78,-77.01,-53.47,0.082,0.1939,0.0343,520000.0,4652000.0,0
BG_00483,Background_Point,Regional_Background,1.0,Background_Control,0,0,0,0,0.0,0.008,0.0035,0.0879,103576.1,0.001,1049.4,12.93,3.55,7.24,26.78,-76.91,-14.46,0.1647,0.0698,0.0531,218000.0,4578000.0,0
BG_00484,Background_Point,Regional_Background,1.0,Background_Control,0,0,0,0,0.0441,0.044,0.1611,0.3512,8352.5,0.573,528.5,11.32,7.76,17.35,27.49,-74.89,65.89,0.5246,0.2145,0.3995,432000.0,4200000.0,0
BG_00485,Background_Point,Regional_Background,1.0,Background_Control,0,0,0,0,0.0174,0.1005,0.0001,0.0714,55605.8,0.0245,751.2,11.15,-3.43,21.61,25.89,-71.49,18.64,0.014,0.0925,0.0597,646000.0,4244000.0,0
BG_00486,Background_Point,Regional_Background,1.0,Background_Control,0,0,0,0,0.0,0.0089,0.0,0.1108,170082.3,0.0,1081.2,29.49,4.88,0.04,57.78,-77.77,-73.05,0.1229,0.016,0.0088,808000.0,4088000.0,0
BG_00487,Background_Point,Regional_Background,1.0,Background_Control,0,0,0,0,0.0092,0.0237,0.0004,0.1956,111463.0,0.0006,784.0,15.83,-0.28,32.73,33.64,-78.06,-41.99,0.0356,0.0952,0.0247,462000.0,4630000.0,0
BG_00488,Background_Point,Regional_Background,1.0,Background_Control,0,0,0,0,0.0,0.0009,0.0,0.0057,239941.7,0.0,386.3,12.18,5.77,17.35,24.8,-84.29,-100.0,0.0182,0.0834,0.0139,904000.0,4286000.0,0
BG_00489,Background_Point,Regional_Background,1.0,Background_Control,0,0,0,0,0.0,0.1529,0.1169,0.1899,53713.1,0.0279,826.5,15.51,10.0,5.85,34.92,-78.32,11.83,0.3473,0.2887,0.0817,308000.0,4696000.0,0
BG_00490,Background_Point,Regional_Background,1.0,Background_Control,0,0,0,0,0.0075,0.0,0.0,0.08,563027.5,0.0,414.9,19.84,7.71,-18.22,46.01,-77.66,-100.0,0.104,0.1698,0.0823,950000.0,4830000.0,0
BG_00491,Background_Point,Regional_Background,1.0,Background_Control,0,0,0,0,0.0,0.0429,0.0,0.021,111691.5,0.0006,722.3,16.32,9.67,19.85,37.8,-77.45,-45.07,0.0381,0.1493,0.0,628000.0,4000000.0,0
BG_00492,Background_Point,Regional_Background,1.0,Background_Control,0,0,0,0,0.0,0.0013,0.0,0.0042,220617.3,0.0,424.1,16.1,-1.45,-3.73,33.33,-73.45,-100.0,0.1833,0.0093,0.0805,884000.0,4284000.0,0
BG_00493,Background_Point,Regional_Background,1.0,Background_Control,0,0,0,0,0.0,0.0103,0.0,0.1385,124064.5,0.0003,972.7,15.49,16.88,25.52,31.22,-83.06,-39.96,0.0137,0.0866,0.0,804000.0,4196000.0,0
BG_00494,Background_Point,Regional_Background,1.0,Background_Control,0,0,0,0,0.0,0.1587,0.4133,0.2383,20351.0,0.2575,706.7,17.03,15.63,-0.51,32.48,-64.71,64.81,0.3053,0.1187,0.2665,282000.0,4718000.0,0
BG_00495,Background_Point,Regional_Background,1.0,Background_Control,0,0,0,0,0.0,0.0,0.0,0.0505,374833.3,0.0,412.7,13.75,11.55,-1.26,32.01,-78.12,-100.0,0.2171,0.0192,0.0093,852000.0,4566000.0,0
BG_00496,Background_Point,Regional_Background,1.0,Background_Control,0,0,0,0,0.0,0.2571,0.0001,0.2168,28264.6,0.1519,1071.2,11.86,12.93,13.84,26.08,-77.97,39.2,0.1817,0.1861,0.231,596000.0,4084000.0,0
BG_00497,Background_Point,Regional_Background,1.0,Background_Control,0,0,0,0,0.0,0.0001,0.0,0.0714,408573.1,0.0,748.0,12.33,-0.38,4.13,27.75,-78.89,-100.0,0.0401,0.0978,0.0,834000.0,4724000.0,0
BG_00498,Background_Point,Regional_Background,1.0,Background_Control,0,0,0,0,0.0227,0.0016,0.0443,0.2405,17491.7,0.3116,401.3,15.42,4.12,3.41,33.02,-71.22,55.94,0.3103,0.0747,0.1142,448000.0,4472000.0,0
BG_00499,Background_Point,Regional_Background,1.0,Background_Control,0,0,0,0,0.0055,0.0,0.0,0.199,484148.7,0.0,810.6,11.87,22.28,12.71,24.39,-74.21,-100.0,0.0115,0.155,0.0498,948000.0,4644000.0,0
BG_00500,Background_Point,Regional_Background,1.0,Background_Control,0,0,0,0,0.0,0.0001,0.0,0.1858,356740.8,0.0,574.0,12.1,8.08,6.2,22.93,-76.84,-100.0,0.0859,0.1005,0.0,820000.0,4628000.0,0
BG_00501,Background_Point,Regional_Background,1.0,Background_Control,0,0,0,0,0.0,0.0045,0.0,0.1686,188732.6,0.0,1033.1,17.39,12.41,1.3,34.84,-75.55,-100.0,0.0396,0.0289,0.0,848000.0,4114000.0,0
BG_00502,Background_Point,Regional_Background,1.0,Background_Control,0,0,0,0,0.0,0.0008,0.0,0.0168,147105.4,0.0001,69.7,14.05,14.28,15.44,29.74,-81.12,-61.17,0.0222,0.0444,0.0617,626000.0,4502000.0,0
BG_00503,Background_Point,Regional_Background,1.0,Background_Control,0,0,0,0,0.0527,0.0026,0.2169,0.2412,54146.1,0.0271,287.7,11.28,11.62,-0.3,30.35,-64.63,38.27,0.2719,0.0348,0.1067,394000.0,4382000.0,0
BG_00504,Background_Point,Regional_Background,1.0,Background_Control,0,0,0,0,0.0314,0.0138,0.0268,0.0563,118439.8,0.0004,914.7,14.35,15.29,14.19,29.85,-76.56,-37.7,0.0927,0.0281,0.0,348000.0,4566000.0,0
BG_00505,Background_Point,Regional_Background,1.0,Background_Control,0,0,0,0,0.0,0.0279,0.0038,0.0714,105440.4,0.0009,299.2,12.42,5.22,-1.51,29.96,-73.39,-14.06,0.0682,0.0506,0.0,524000.0,4320000.0,0
BG_00506,Background_Point,Regional_Background,1.0,Background_Control,0,0,0,0,0.0,0.2753,0.0001,0.252,21371.7,0.2406,1028.1,12.59,-5.63,-4.16,27.51,-84.07,67.85,0.1973,0.2275,0.1059,588000.0,4086000.0,0
BG_00507,Background_Point,Regional_Background,1.0,Background_Control,0,0,0,0,0.044,0.0938,0.0,0.1341,82190.2,0.0042,1158.7,11.83,5.05,-9.3,27.49,-75.32,4.38,0.1461,0.3308,0.0,682000.0,4090000.0,0
BG_00508,Background_Point,Regional_Background,1.0,Background_Control,0,0,0,0,0.0,0.0001,0.0,0.0121,352278.3,0.0,191.9,11.89,3.41,-12.1,25.81,-83.8,-100.0,0.2365,0.0021,0.0,858000.0,4504000.0,0
BG_00509,Background_Point,Regional_Background,1.0,Background_Control,0,0,0,0,0.0,0.0374,0.0002,0.0098,137317.2,0.0001,643.4,14.03,10.79,8.03,31.32,-81.69,-51.58,0.0155,0.0793,0.0,514000.0,4790000.0,0
BG_00510,Background_Point,Regional_Background,1.0,Background_Control,0,0,0,0,0.0,0.0015,0.0,0.0704,249359.2,0.0,875.5,13.73,6.72,-0.03,27.59,-75.44,-100.0,0.1107,0.1397,0.0453,894000.0,4072000.0,0
BG_00511,Background_Point,Regional_Background,1.0,Background_Control,0,0,0,0,0.0242,0.0085,0.0024,0.0916,54037.0,0.0273,703.4,13.82,1.21,22.28,31.17,-76.13,29.75,0.2106,0.0486,0.0027,446000.0,4562000.0,0
BG_00512,Background_Point,Regional_Background,1.0,Background_Control,0,0,0,0,0.0,0.0001,0.0,0.0098,360188.8,0.0,272.1,12.16,-2.15,11.26,20.77,-83.94,-100.0,0.1028,0.1865,0.0487,870000.0,4506000.0,0
BG_00513,Background_Point,Regional_Background,1.0,Background_Control,0,0,0,0,0.0,0.0244,0.0003,0.1916,149090.6,0.0,765.3,14.75,10.46,-1.83,29.37,-77.72,-76.06,0.0344,0.0623,0.0,498000.0,4668000.0,0
BG_00514,Background_Point,Regional_Background,1.0,Background_Control,0,0,0,0,0.0132,0.0215,0.0,0.2082,102859.1,0.0011,1093.5,16.06,10.98,18.53,33.05,-80.63,-4.79,0.0187,0.0234,0.0201,772000.0,4154000.0,0
BG_00515,Background_Point,Regional_Background,1.0,Background_Control,0,0,0,0,0.0303,0.0004,0.0039,0.2379,9140.8,0.5437,193.9,22.44,8.78,23.49,45.23,-77.63,65.63,0.323,0.1556,0.268,214000.0,4296000.0,0
BG_00516,Background_Point,Regional_Background,1.0,Background_Control,0,0,0,0,0.0,0.163,0.0005,0.1005,45694.6,0.0475,743.1,20.98,-2.6,0.53,42.63,-82.57,31.93,0.0555,0.2013,0.0,602000.0,4238000.0,0
BG_00517,Background_Point,Regional_Background,1.0,Background_Control,0,0,0,0,0.0464,0.0004,0.0,0.1917,286062.9,0.0,665.4,19.48,11.35,8.98,39.76,-78.9,-100.0,0.1786,0.0719,0.0213,726000.0,4666000.0,0
BG_00518,Background_Point,Regional_Background,1.0,Background_Control,0,0,0,0,0.0097,0.0416,0.0001,0.0281,106620.8,0.0008,457.7,11.93,-7.62,17.75,25.38,-87.27,-20.44,0.1472,0.0984,0.0788,638000.0,4298000.0,0
BG_00519,Background_Point,Regional_Background,1.0,Background_Control,0,0,0,0,0.05,0.0007,0.0,0.111,293972.8,0.0,769.3,19.51,3.51,1.97,40.95,-85.64,-100.0,0.4353,0.1483,0.0133,706000.0,4708000.0,0
BG_00520,Background_Point,Regional_Background,1.0,Background_Control,0,0,0,0,0.0189,0.0022,0.0224,0.2894,4375.5,0.747,450.0,12.43,-4.68,10.14,28.72,-76.62,84.79,0.4526,0.2088,0.2908,452000.0,4492000.0,0
BG_00521,Background_Point,Regional_Background,1.0,Background_Control,0,0,0,0,0.0,0.0058,0.02,0.0149,143568.8,0.0001,941.5,12.48,2.12,11.87,25.27,-75.76,-75.29,0.1356,0.0692,0.0,246000.0,4544000.0,0
BG_00522,Background_Point,Regional_Background,1.0,Background_Control,0,0,0,0,0.0015,0.0,0.0,0.0124,433626.6,0.0,585.2,13.08,-8.89,7.05,25.17,-70.56,-100.0,0.0658,0.0128,0.0,944000.0,4544000.0,0
BG_00523,Background_Point,Regional_Background,1.0,Background_Control,0,0,0,0,0.0,0.0002,0.0,0.0416,328694.4,0.0,136.4,11.11,11.56,-7.87,25.19,-75.98,-100.0,0.22,0.0044,0.0,842000.0,4486000.0,0
BG_00524,Background_Point,Regional_Background,1.0,Background_Control,0,0,0,0,0.0057,0.0025,0.0001,0.1424,171732.3,0.0,0.0,15.66,1.25,22.67,34.7,-81.66,-65.05,0.2438,0.1086,0.0,634000.0,4444000.0,0
BG_00525,Background_Point,Regional_Background,1.0,Background_Control,0,0,0,0,0.0335,0.0018,0.0388,0.2268,40605.3,0.0667,268.4,13.85,8.12,24.17,31.84,-82.11,38.05,0.133,0.105,0.0981,340000.0,4356000.0,0
BG_00526,Background_Point,Regional_Background,1.0,Background_Control,0,0,0,0,0.0486,0.0454,0.0149,0.2477,52952.1,0.0293,652.5,14.59,8.36,2.14,31.99,-75.17,38.59,0.0215,0.1344,0.0287,426000.0,4136000.0,0
BG_00527,Background_Point,Regional_Background,1.0,Background_Control,0,0,0,0,0.0153,0.0001,0.0,0.1903,352051.1,0.0,236.2,16.62,0.85,6.18,29.83,-79.14,-100.0,0.0068,0.0174,0.0,958000.0,4416000.0,0
BG_00528,Background_Point,Regional_Background,1.0,Background_Control,0,0,0,0,0.0,0.0106,0.0,0.1564,124579.3,0.0002,992.7,18.95,-2.88,13.13,38.72,-79.38,-44.83,0.1524,0.0862,0.018,804000.0,4188000.0,0
BG_00529,Background_Point,Regional_Background,1.0,Background_Control,0,0,0,0,0.0328,0.0087,0.0,0.1802,172742.6,0.0,87.0,11.21,8.8,-4.82,25.62,-75.19,-90.66,0.0366,0.0778,0.0138,664000.0,4372000.0,0
BG_00530,Background_Point,Regional_Background,1.0,Background_Control,0,0,0,0,0.0395,0.0003,0.0,0.1093,308058.4,0.0,518.9,19.52,3.96,27.09,39.22,-82.96,-100.0,0.1259,0.0987,0.0529,988000.0,4206000.0,0
BG_00531,Background_Point,Regional_Background,1.0,Background_Control,0,0,0,0,0.0,0.2433,0.0003,0.1453,50358.7,0.0348,852.8,16.42,-13.73,19.75,32.31,-78.74,22.58,0.122,0.2133,0.076,610000.0,4214000.0,0
BG_00532,Background_Point,Regional_Background,1.0,Background_Control,0,0,0,0,0.0716,0.0088,0.1805,0.2615,6668.6,0.6411,325.5,16.34,1.82,21.63,33.71,-68.51,97.44,0.4434,0.126,0.3839,364000.0,4246000.0,0
BG_00533,Background_Point,Regional_Background,1.0,Background_Control,0,0,0,0,0.0,0.1116,0.0033,0.0962,36878.2,0.0856,573.0,11.29,16.81,-6.67,25.22,-82.86,51.94,0.0686,0.1649,0.1157,552000.0,4256000.0,0
BG_00534,Background_Point,Regional_Background,1.0,Background_Control,0,0,0,0,0.0,0.0437,0.0006,0.1076,155563.5,0.0,741.0,11.28,0.16,3.26,24.85,-82.47,-71.1,0.0097,0.1944,0.0347,490000.0,4710000.0,0
BG_00535,Background_Point,Regional_Background,1.0,Background_Control,0,0,0,0,0.0,0.0027,0.0,0.1784,195734.5,0.0,875.6,11.61,7.49,13.04,26.18,-78.47,-100.0,0.31,0.1379,0.0135,874000.0,4174000.0,0
BG_00536,Background_Point,Regional_Background,1.0,Background_Control,0,0,0,0,0.0,0.0022,0.0007,0.053,53851.6,0.0276,386.4,22.1,2.88,3.55,47.38,-75.33,43.38,0.0151,0.0945,0.0,532000.0,4534000.0,0
BG_00537,Background_Point,Regional_Background,1.0,Background_Control,0,0,0,0,0.0,0.0009,0.0,0.1813,259976.9,0.0,822.9,14.15,15.04,-4.77,34.01,-74.99,-100.0,0.1393,0.042,0.0,928000.0,4122000.0,0
BG_00538,Background_Point,Regional_Background,1.0,Background_Control,0,0,0,0,0.0116,0.0007,0.0,0.0318,164000.0,0.0,269.1,11.7,15.17,5.14,24.05,-76.7,-70.38,0.1274,0.116,0.0,640000.0,4556000.0,0
BG_00539,Background_Point,Regional_Background,1.0,Background_Control,0,0,0,0,0.0,0.0009,0.0,0.1948,253179.8,0.0,783.1,11.11,10.27,4.74,23.81,-76.08,-100.0,0.1477,0.0211,0.0702,930000.0,4160000.0,0
BG_00540,Background_Point,Regional_Background,1.0,Background_Control,0,0,0,0,0.0,0.002,0.0001,0.0666,111803.4,0.0006,402.4,12.27,7.5,0.85,29.7,-85.06,-32.1,0.113,0.0159,0.0,580000.0,4570000.0,0
BG_00541,Background_Point,Regional_Background,1.0,Background_Control,0,0,0,0,0.0,0.0,0.0,0.1689,398421.9,0.0,747.5,21.23,0.77,1.96,40.75,-81.41,-100.0,0.0635,0.0606,0.0584,844000.0,4682000.0,0
BG_00542,Background_Point,Regional_Background,1.0,Background_Control,0,0,0,0,0.0449,0.3535,0.0816,0.0892,63339.5,0.0147,675.2,16.99,-8.68,15.58,35.98,-70.64,32.93,0.0759,0.319,0.1178,370000.0,4732000.0,0
BG_00543,Background_Point,Regional_Background,1.0,Background_Control,0,0,0,0,0.031,0.0003,0.0,0.0091,361425.0,0.0,782.7,13.62,4.6,3.79,30.82,-68.05,-100.0,0.1124,0.0222,0.0,752000.0,4758000.0,0
BG_00544,Background_Point,Regional_Background,1.0,Background_Control,0,0,0,0,0.0246,0.1098,0.0001,0.1231,41231.1,0.064,797.5,14.21,4.73,3.44,28.56,-78.58,29.66,0.0473,0.2781,0.0463,654000.0,4232000.0,0
BG_00545,Background_Point,Regional_Background,1.0,Background_Control,0,0,0,0,0.0,0.0008,0.0,0.1942,256281.1,0.0,55.9,15.61,-11.44,-4.24,33.29,-72.8,-100.0,0.3141,0.025,0.0,824000.0,4412000.0,0
BG_00546,Background_Point,Regional_Background,1.0,Background_Control,0,0,0,0,0.0,0.0037,0.0,0.0658,212424.1,0.0,952.1,13.01,7.52,27.18,29.23,-73.57,-100.0,0.0883,0.0089,0.0365,848000.0,4070000.0,0
BG_00547,Background_Point,Regional_Background,1.0,Background_Control,0,0,0,0,0.0,0.0043,0.0025,0.1919,115568.6,0.0005,118.4,12.69,-2.93,-2.23,29.33,-78.77,-37.02,0.0654,0.0361,0.0,540000.0,4420000.0,0
BG_00548,Background_Point,Regional_Background,1.0,Background_Control,0,0,0,0,0.1527,0.0035,0.1832,0.2613,29034.9,0.1443,346.5,13.87,6.45,29.22,31.11,-69.97,62.84,0.25,0.1179,0.1903,300000.0,4190000.0,0
BG_00549,Background_Point,Regional_Background,1.0,Background_Control,0,0,0,0,0.0,0.0498,0.0,0.0168,103215.5,0.001,778.9,11.58,13.54,15.15,26.58,-75.41,-2.76,0.0383,0.1331,0.081,622000.0,4006000.0,0
BG_00550,Background_Point,Regional_Background,1.0,Background_Control,0,0,0,0,0.0,0.0045,0.0075,0.2034,104375.5,0.001,165.8,11.35,9.13,32.11,29.45,-73.78,-18.4,0.1645,0.1296,0.0475,512000.0,4412000.0,0
BG_00551,Background_Point,Regional_Background,1.0,Background_Control,0,0,0,0,0.028,0.0021,0.0,0.0009,282460.6,0.0,769.6,12.66,11.27,-0.98,26.66,-75.82,-100.0,0.1913,0.0688,0.1162,658000.0,4770000.0,0
BG_00552,Background_Point,Regional_Background,1.0,Background_Control,0,0,0,0,0.0943,0.0078,0.1126,0.2574,44271.9,0.0523,418.1,14.26,-0.03,4.9,31.77,-61.42,38.36,0.1313,0.1476,0.0259,338000.0,4166000.0,0
BG_00553,Background_Point,Regional_Background,1.0,Background_Control,0,0,0,0,0.0488,0.0153,0.0,0.0765,125028.0,0.0002,328.0,13.41,13.25,18.81,27.09,-79.4,-41.29,0.0964,0.1039,0.0,696000.0,4324000.0,0
BG_00554,Background_Point,Regional_Background,1.0,Background_Control,0,0,0,0,0.0499,0.0008,0.0,0.062,305679.6,0.0,776.8,17.76,4.77,19.69,38.59,-75.53,-100.0,0.0116,0.0422,0.0,704000.0,4728000.0,0
BG_00555,Background_Point,Regional_Background,1.0,Background_Control,0,0,0,0,0.0,0.0026,0.2244,0.0449,99016.6,0.0014,766.3,13.96,-0.42,9.03,31.05,-69.43,-20.96,0.2763,0.0544,0.0663,284000.0,4490000.0,0
BG_00556,Background_Point,Regional_Background,1.0,Background_Control,0,0,0,0,0.0488,0.0192,0.0,0.0302,165162.7,0.0,709.7,16.48,-0.62,-3.92,39.5,-70.89,-88.75,0.0287,0.377,0.104,696000.0,3990000.0,0
BG_00557,Background_Point,Regional_Background,1.0,Background_Control,0,0,0,0,0.0014,0.0004,0.0001,0.0134,124338.2,0.0003,464.0,14.01,2.74,14.51,31.13,-72.69,-38.14,0.0028,0.0691,0.0,204000.0,4038000.0,0
BG_00558,Background_Point,Regional_Background,1.0,Background_Control,0,0,0,0,0.0281,0.1245,0.0385,0.1931,91566.1,0.0022,903.2,15.44,1.91,3.16,32.65,-80.28,-0.68,0.0225,0.2248,0.0,344000.0,4676000.0,0
BG_00559,Background_Point,Regional_Background,1.0,Background_Control,0,0,0,0,0.043,0.0009,0.0,0.1995,240740.5,0.0,614.4,15.98,3.43,7.43,33.62,-77.84,-100.0,0.2673,0.1016,0.0415,680000.0,4654000.0,0
BG_00560,Background_Point,Regional_Background,1.0,Background_Control,0,0,0,0,0.0,0.0014,0.0004,0.0238,76236.5,0.0062,310.7,11.24,-2.92,-3.47,24.7,-83.73,7.75,0.0433,0.2151,0.0,556000.0,4526000.0,0
BG_00561,Background_Point,Regional_Background,1.0,Background_Control,0,0,0,0,0.0491,0.3181,0.025,0.0468,64039.3,0.014,601.9,14.57,5.9,17.8,29.93,-85.1,16.37,0.0501,0.2777,0.0366,402000.0,4756000.0,0
BG_00562,Background_Point,Regional_Background,1.0,Background_Control,0,0,0,0,0.0,0.0,0.0,0.062,481269.2,0.0,743.0,11.28,-0.38,-31.91,23.31,-79.69,-100.0,0.1091,0.0058,0.0251,914000.0,4728000.0,0
BG_00563,Background_Point,Regional_Background,1.0,Background_Control,0,0,0,0,0.0,0.0,0.0,0.1896,404079.2,0.0,689.5,11.56,-3.72,-3.63,29.42,-85.16,-100.0,0.0892,0.02,0.0004,856000.0,4668000.0,0
BG_00564,Background_Point,Regional_Background,1.0,Background_Control,0,0,0,0,0.0369,0.0,0.0,0.1176,396146.4,0.0,407.2,13.78,7.32,11.18,30.16,-81.45,-100.0,0.1166,0.0678,0.0032,984000.0,4454000.0,0
BG_00565,Background_Point,Regional_Background,1.0,Background_Control,0,0,0,0,0.0368,0.0003,0.0,0.111,324098.8,0.0,753.9,15.14,-1.05,19.81,34.84,-79.91,-100.0,0.0557,0.1041,0.0486,744000.0,4708000.0,0
BG_00566,Background_Point,Regional_Background,1.0,Background_Control,0,0,0,0,0.0,0.0042,0.0011,0.0919,106282.6,0.0008,990.1,23.18,21.25,19.17,47.71,-84.71,-36.09,0.155,0.0071,0.0797,164000.0,4580000.0,0
BG_00567,Background_Point,Regional_Background,1.0,Background_Control,0,0,0,0,0.0,0.0001,0.0,0.0012,373063.0,0.0,317.7,16.75,6.27,5.22,33.5,-80.07,-100.0,0.211,0.0163,0.0116,854000.0,4530000.0,0
BG_00568,Background_Point,Regional_Background,1.0,Background_Control,0,0,0,0,0.0238,0.0005,0.0003,0.0478,107199.1,0.0008,494.7,15.6,9.69,-9.83,34.53,-75.67,-14.52,0.0162,0.0148,0.1365,206000.0,4058000.0,0
BG_00569,Background_Point,Regional_Background,1.0,Background_Control,0,0,0,0,0.0226,0.0001,0.0,0.0882,288735.2,0.0,324.8,20.03,9.56,26.12,39.25,-69.76,-100.0,0.0125,0.0412,0.0369,762000.0,4582000.0,0
BG_00570,Background_Point,Regional_Background,1.0,Background_Control,0,0,0,0,0.0,0.0251,0.0,0.0484,108240.5,0.0007,620.7,19.38,12.33,9.07,37.79,-77.2,-24.78,0.3123,0.1843,0.0454,500000.0,3984000.0,0
BG_00571,Background_Point,Regional_Background,1.0,Background_Control,0,0,0,0,0.0,0.1211,0.1702,0.0942,36528.4,0.0876,489.3,14.94,-4.9,11.01,33.6,-74.98,34.11,0.1074,0.2285,0.0568,246000.0,4762000.0,0
BG_00572,Background_Point,Regional_Background,1.0,Background_Control,0,0,0,0,0.0,0.0095,0.0514,0.0269,136190.7,0.0001,955.9,11.68,11.67,-13.63,22.45,-78.63,-49.1,0.0857,0.0084,0.0197,302000.0,4552000.0,0
BG_00573,Background_Point,Regional_Background,1.0,Background_Control,0,0,0,0,0.0,0.7647,0.0004,0.3222,26351.8,0.1726,1044.9,15.21,-9.97,9.82,28.95,-79.96,67.7,0.1315,0.5471,0.1278,574000.0,4138000.0,0
BG_00574,Background_Point,Regional_Background,1.0,Background_Control,0,0,0,0,0.0,0.0058,0.0,0.0816,149090.6,0.0,798.4,14.36,8.97,3.94,32.28,-80.79,-90.55,0.2426,0.0114,0.0043,828000.0,4218000.0,0
BG_00575,Background_Point,Regional_Background,1.0,Background_Control,0,0,0,0,0.0,0.0001,0.0,0.0176,377041.1,0.0,365.0,12.64,-3.66,4.76,28.2,-80.0,-100.0,0.0465,0.0954,0.0439,856000.0,4548000.0,0
BG_00576,Background_Point,Regional_Background,1.0,Background_Control,0,0,0,0,0.0456,0.0002,0.0,0.1197,337733.6,0.0,668.6,11.19,12.29,9.62,24.13,-75.83,-100.0,0.0629,0.0831,0.0357,1000000.0,4092000.0,0
BG_00577,Background_Point,Regional_Background,1.0,Background_Control,0,0,0,0,0.0323,0.0099,0.0012,0.0493,155245.1,0.0,271.0,14.06,8.53,8.64,29.56,-77.25,-75.05,0.1603,0.0944,0.0329,122000.0,4816000.0,0
BG_00578,Background_Point,Regional_Background,1.0,Background_Control,0,0,0,0,0.0,0.0015,0.0007,0.0762,94826.2,0.0018,119.6,13.37,-2.52,-14.84,32.39,-79.17,-3.63,0.043,0.1856,0.0765,564000.0,4476000.0,0
BG_00579,Background_Point,Regional_Background,1.0,Background_Control,0,0,0,0,0.0158,0.0023,0.0001,0.033,200569.2,0.0,514.3,11.14,14.2,-10.68,23.38,-78.99,-100.0,0.0065,0.3293,0.0,322000.0,3988000.0,0
BG_00580,Background_Point,Regional_Background,1.0,Background_Control,0,0,0,0,0.0,0.0026,0.0009,0.1396,110634.5,0.0006,56.5,13.89,-5.83,3.9,29.7,-81.54,-37.87,0.0039,0.0642,0.1585,564000.0,4448000.0,0
BG_00581,Background_Point,Regional_Background,1.0,Background_Control,0,0,0,0,0.0497,0.04,0.0,0.0438,126048.4,0.0002,1060.8,12.68,7.76,0.36,30.4,-71.71,-26.96,0.1311,0.0916,0.1064,712000.0,4058000.0,0
BG_00582,Background_Point,Regional_Background,1.0,Background_Control,0,0,0,0,0.0,0.0022,0.0,0.1994,211518.3,0.0,907.0,11.78,15.72,11.72,26.87,-89.16,-100.0,0.1602,0.05,0.0782,886000.0,4152000.0,0
BG_00583,Background_Point,Regional_Background,1.0,Background_Control,0,0,0,0,0.0429,0.0002,0.0,0.08,337597.4,0.0,667.1,11.22,9.59,-5.45,30.53,-74.11,-100.0,0.0013,0.1273,0.0706,994000.0,4076000.0,0
BG_00584,Background_Point,Regional_Background,1.0,Background_Control,0,0,0,0,0.0116,0.0017,0.0,0.0937,169517.0,0.0,0.0,12.97,13.81,-2.21,24.44,-79.41,-81.71,0.1959,0.0921,0.0049,640000.0,4464000.0,0
BG_00585,Background_Point,Regional_Background,1.0,Background_Control,0,0,0,0,0.0,0.0588,0.0002,0.0246,85603.7,0.0033,482.1,11.59,4.54,-4.09,23.62,-78.78,-12.21,0.0686,0.3638,0.0278,612000.0,4288000.0,0
BG_00586,Background_Point,Regional_Background,1.0,Background_Control,0,0,0,0,0.0,0.0163,0.0188,0.2509,34928.5,0.0974,866.8,17.76,-12.39,0.74,37.09,-85.28,40.63,0.0431,0.0187,0.1021,166000.0,4688000.0,0
BG_00587,Background_Point,Regional_Background,1.0,Background_Control,0,0,0,0,0.0,0.0009,0.0001,0.0245,127906.2,0.0002,127.1,17.29,9.96,41.64,35.86,-92.63,-57.67,0.0815,0.106,0.0691,606000.0,4498000.0,0
BG_00588,Background_Point,Regional_Background,1.0,Background_Control,0,0,0,0,0.0,0.0,0.0,0.1982,382005.2,0.0,652.7,14.07,-7.35,27.74,28.0,-75.56,-100.0,0.0115,0.0774,0.0,842000.0,4642000.0,0
BG_00589,Background_Point,Regional_Background,1.0,Background_Control,0,0,0,0,0.05,0.0076,0.0,0.155,160461.8,0.0,161.1,12.58,3.73,37.7,29.38,-72.5,-84.37,0.04,0.1194,0.0813,708000.0,4358000.0,0
BG_00590,Background_Point,Regional_Background,1.0,Background_Control,0,0,0,0,0.0,0.0046,0.0,0.0041,227790.7,0.0,816.1,12.36,-1.3,12.7,30.13,-74.18,-100.0,0.0188,0.0829,0.0,810000.0,4010000.0,0
BG_00591,Background_Point,Regional_Background,1.0,Background_Control,0,0,0,0,0.0,0.0004,0.0121,0.2359,62174.0,0.0158,431.1,11.44,1.88,20.4,23.19,-77.68,21.36,0.0849,0.0665,0.0,238000.0,4406000.0,0
BG_00592,Background_Point,Regional_Background,1.0,Background_Control,0,0,0,0,0.0457,0.0338,0.0,0.0221,82219.2,0.0042,541.0,12.79,5.09,-9.24,24.72,-79.59,0.28,0.0826,0.1152,0.0,686000.0,4282000.0,0
BG_00593,Background_Point,Regional_Background,1.0,Background_Control,0,0,0,0,0.0406,0.0004,0.0,0.0564,358000.0,0.0,753.0,21.6,11.7,1.71,43.82,-77.57,-100.0,0.2363,0.0504,0.0288,738000.0,4820000.0,0
BG_00594,Background_Point,Regional_Background,1.0,Background_Control,0,0,0,0,0.0,0.0141,0.0001,0.067,199529.4,0.0,765.2,28.77,15.69,-3.79,57.11,-79.75,-100.0,0.0146,0.0103,0.0,556000.0,4726000.0,0
BG_00595,Background_Point,Regional_Background,1.0,Background_Control,0,0,0,0,0.0,0.0302,0.0183,0.0491,72801.1,0.0078,334.0,11.35,-1.45,9.02,24.17,-82.36,-1.37,0.0781,0.0852,0.021,490000.0,4300000.0,0
BG_00596,Background_Point,Regional_Background,1.0,Background_Control,0,0,0,0,0.0171,0.0191,0.0,0.1124,141987.4,0.0001,1134.6,11.91,6.6,-10.92,23.65,-80.51,-62.96,0.0868,0.0552,0.0563,768000.0,4088000.0,0
BG_00597,Background_Point,Regional_Background,1.0,Background_Control,0,0,0,0,0.2508,0.0003,0.0011,0.3201,26550.9,0.1703,398.8,13.39,-2.71,3.93,27.05,-66.49,82.61,0.1148,0.2513,0.1969,182000.0,4136000.0,0
BG_00598,Background_Point,Regional_Background,1.0,Background_Control,0,0,0,0,0.0311,0.0019,0.0229,0.1853,46354.0,0.0455,248.4,17.82,17.66,12.01,37.62,-75.03,49.39,0.0319,0.029,0.0,334000.0,4344000.0,0
BG_00599,Background_Point,Regional_Background,1.0,Background_Control,0,0,0,0,0.019,0.0001,0.0,0.1999,345722.4,0.0,235.2,13.88,-0.81,3.42,29.09,-84.04,-100.0,0.1878,0.1176,0.0,962000.0,4400000.0,0
BG_00600,Background_Point,Regional_Background,1.0,Background_Control,0,0,0,0,0.0172,0.0,0.0,0.0778,388973.0,0.0,372.9,11.23,17.8,9.42,24.42,-81.56,-100.0,0.0653,0.0956,0.0,960000.0,4470000.0,0
BG_00601,Background_Point,Regional_Background,1.0,Background_Control,0,0,0,0,0.0,0.0018,0.0,0.1641,168629.8,0.0,500.9,13.99,9.19,1.43,25.92,-78.92,-84.4,0.0402,0.0997,0.0141,620000.0,4614000.0,0
BG_00602,Background_Point,Regional_Background,1.0,Background_Control,0,0,0,0,0.0,0.1884,0.0006,0.2261,29732.1,0.1378,911.3,14.42,0.71,7.04,32.5,-79.21,59.04,0.0519,0.1341,0.1062,522000.0,4090000.0,0
BG_00603,Background_Point,Regional_Background,1.0,Background_Control,0,0,0,0,0.0189,0.0224,0.0,0.1693,123044.7,0.0003,1155.1,14.11,9.3,13.01,29.61,-74.45,-38.24,0.2316,0.0643,0.0,766000.0,4112000.0,0
BG_00604,Background_Point,Regional_Background,1.0,Background_Control,0,0,0,0,0.0,0.1131,0.0004,0.1322,45122.1,0.0494,851.2,19.86,2.88,42.52,41.8,-80.88,34.36,0.1842,0.244,0.1024,506000.0,4070000.0,0
BG_00605,Background_Point,Regional_Background,1.0,Background_Control,0,0,0,0,0.0,0.0144,0.0,0.0325,180399.6,0.0,654.3,13.19,9.46,16.91,30.37,-85.33,-94.07,0.0167,0.0416,0.0,560000.0,4808000.0,0
BG_00606,Background_Point,Regional_Background,1.0,Background_Control,0,0,0,0,0.0,0.0025,0.0,0.0051,241933.9,0.0,847.8,11.56,-10.23,12.73,29.21,-83.18,-100.0,0.0268,0.1368,0.0,856000.0,4034000.0,0
BG_00607,Background_Point,Regional_Background,1.0,Background_Control,0,0,0,0,0.0,0.006,0.0005,0.2,151644.3,0.0,79.0,13.89,0.17,21.93,29.05,-74.51,-65.59,0.0489,0.5086,0.0421,580000.0,4406000.0,0
BG_00608,Background_Point,Regional_Background,1.0,Background_Control,0,0,0,0,0.1447,0.0024,0.0163,0.2163,74433.9,0.007,373.6,12.11,11.75,9.74,24.9,-82.81,41.7,0.0866,0.2611,0.016,280000.0,4130000.0,0
BG_00609,Background_Point,Regional_Background,1.0,Background_Control,0,0,0,0,0.0118,0.0001,0.0003,0.1705,64656.1,0.0134,265.4,11.22,13.87,6.77,26.7,-81.0,17.18,0.0663,0.0347,0.0381,164000.0,4350000.0,0
BG_00610,Background_Point,Regional_Background,1.0,Background_Control,0,0,0,0,0.0,0.0001,0.0,0.006,348855.3,0.0,185.8,15.56,8.93,8.73,31.43,-82.46,-100.0,0.1461,0.0376,0.148,840000.0,4510000.0,0
BG_00611,Background_Point,Regional_Background,1.0,Background_Control,0,0,0,0,0.028,0.1955,0.0,0.4371,4381.8,0.7467,1081.9,13.62,-9.23,11.33,29.05,-78.8,60.45,0.7202,0.2735,0.3272,658000.0,4174000.0,0
BG_00612,Background_Point,Regional_Background,1.0,Background_Control,0,0,0,0,0.5698,0.0011,0.0219,0.4072,4813.2,0.7255,283.8,12.25,-2.28,14.2,25.64,-46.59,162.28,0.4638,0.4133,0.5857,240000.0,4188000.0,0
BG_00613,Background_Point,Regional_Background,1.0,Background_Control,0,0,0,0,0.0,0.0058,0.0001,0.1339,88204.3,0.0028,602.5,11.28,7.25,-6.53,23.9,-80.95,0.66,0.011,0.3523,0.0,528000.0,4594000.0,0
BG_00614,Background_Point,Regional_Background,1.0,Background_Control,0,0,0,0,0.0,0.0039,0.0746,0.0058,130593.2,0.0002,877.5,13.51,-7.26,16.75,27.97,-77.65,-41.71,0.2542,0.0772,0.028,266000.0,4516000.0,0
BG_00615,Background_Point,Regional_Background,1.0,Background_Control,0,0,0,0,0.0,0.0024,0.0,0.1979,181372.5,0.0,607.8,11.79,23.28,6.47,28.21,-82.85,-90.25,0.1856,0.1126,0.0294,616000.0,4640000.0,0
BG_00616,Background_Point,Regional_Background,1.0,Background_Control,0,0,0,0,0.3713,0.0003,0.0018,0.3807,11280.7,0.4714,341.7,14.15,5.35,-0.23,29.2,-54.97,126.94,0.4474,0.2378,0.4527,178000.0,4176000.0,0
BG_00617,Background_Point,Regional_Background,1.0,Background_Control,0,0,0,0,0.0,0.0761,0.2561,0.26,33359.0,0.1082,890.2,24.34,14.12,-4.3,47.84,-70.11,37.34,0.1983,0.2998,0.0652,262000.0,4686000.0,0
BG_00618,Background_Point,Regional_Background,1.0,Background_Control,0,0,0,0,0.0449,0.6586,0.0609,0.154,20715.8,0.2513,429.2,15.05,-1.2,-6.32,30.43,-81.07,81.89,0.1721,0.4933,0.1532,370000.0,4786000.0,0
BG_00619,Background_Point,Regional_Background,1.0,Background_Control,0,0,0,0,0.1381,0.0033,0.2746,0.2996,12880.5,0.4237,267.5,12.73,11.94,22.41,29.17,-66.35,100.69,0.6116,0.0939,0.384,300000.0,4208000.0,0
BG_00620,Background_Point,Regional_Background,1.0,Background_Control,0,0,0,0,0.0241,0.0093,0.0055,0.1691,69857.0,0.0095,837.1,12.11,0.91,4.95,27.96,-85.74,17.46,0.1258,0.1678,0.0,132000.0,4696000.0,0
BG_00621,Background_Point,Regional_Background,1.0,Background_Control,0,0,0,0,0.0,0.0006,0.0,0.0491,258495.6,0.0,288.1,12.77,-2.02,-5.0,27.77,-86.87,-100.0,0.0454,0.1971,0.0163,912000.0,4314000.0,0
BG_00622,Background_Point,Regional_Background,1.0,Background_Control,0,0,0,0,0.0489,0.5247,0.0468,0.0903,36024.5,0.0906,471.1,15.14,2.18,15.52,31.24,-71.4,51.63,0.0608,0.4569,0.1162,382000.0,4776000.0,0
BG_00623,Background_Point,Regional_Background,1.0,Background_Control,0,0,0,0,0.0326,0.0003,0.0,0.1429,298107.4,0.0,551.9,11.44,4.33,21.61,26.43,-88.56,-100.0,0.0314,0.2499,0.0,978000.0,4192000.0,0
BG_00624,Background_Point,Regional_Background,1.0,Background_Control,0,0,0,0,0.0246,0.0013,0.0,0.1985,212508.8,0.0,589.9,11.76,-0.41,19.22,26.07,-81.18,-100.0,0.0078,0.1517,0.0378,654000.0,4642000.0,0
BG_00625,Background_Point,Regional_Background,1.0,Background_Control,0,0,0,0,0.1092,0.0005,0.0009,0.1557,72992.9,0.0077,447.0,13.69,20.6,9.61,27.44,-79.72,35.96,0.1574,0.064,0.0625,206000.0,4096000.0,0
BG_00626,Background_Point,Regional_Background,1.0,Background_Control,0,0,0,0,0.0488,0.0,0.0,0.1883,541294.7,0.0,870.8,23.69,-4.48,29.14,48.95,-78.0,-100.0,0.0113,0.1542,0.0,1010000.0,4630000.0,0
BG_00627,Background_Point,Regional_Background,1.0,Background_Control,0,0,0,0,0.0312,0.0005,0.0,0.0554,188223.3,0.0,310.4,22.44,3.42,20.92,47.54,-78.52,-100.0,0.0042,0.231,0.0,662000.0,4568000.0,0
BG_00628,Background_Point,Regional_Background,1.0,Background_Control,0,0,0,0,0.0,0.0013,0.0,0.0428,124595.3,0.0002,316.4,11.1,-5.54,-19.07,22.79,-81.07,-35.59,0.0135,0.0896,0.0,598000.0,4560000.0,0
BG_00629,Background_Point,Regional_Background,1.0,Background_Control,0,0,0,0,0.0,0.0336,0.0,0.0557,98183.5,0.0014,619.1,14.39,-11.97,6.43,29.89,-75.5,-17.4,0.239,0.0988,0.0,556000.0,3982000.0,0
BG_00630,Background_Point,Regional_Background,1.0,Background_Control,0,0,0,0,0.0304,0.0001,0.0003,0.1316,53755.3,0.0278,247.2,12.38,-4.71,33.26,27.69,-84.8,36.05,0.0198,0.166,0.0945,154000.0,4328000.0,0
BG_00631,Background_Point,Regional_Background,1.0,Background_Control,0,0,0,0,0.044,0.0784,0.0113,0.2042,123665.6,0.0003,916.1,11.26,6.47,12.21,26.33,-84.83,-56.36,0.0463,0.0929,0.0,368000.0,4654000.0,0
BG_00632,Background_Point,Regional_Background,1.0,Background_Control,0,0,0,0,0.0,0.0,0.0,0.1257,494695.9,0.0,774.4,15.98,11.82,9.53,35.04,-81.53,-100.0,0.0465,0.0634,0.0044,940000.0,4702000.0,0
BG_00633,Background_Point,Regional_Background,1.0,Background_Control,0,0,0,0,0.0,0.123,0.0001,0.1472,28635.6,0.1482,867.7,15.8,9.66,28.67,31.42,-76.41,52.89,0.06,0.1368,0.0547,538000.0,4054000.0,0
BG_00634,Background_Point,Regional_Background,1.0,Background_Control,0,0,0,0,0.0,0.0036,0.0,0.1699,137186.0,0.0001,574.0,13.77,11.75,-6.7,28.13,-83.83,-57.69,0.0873,0.1039,0.0,578000.0,4616000.0,0
BG_00635,Background_Point,Regional_Background,1.0,Background_Control,0,0,0,0,0.0341,0.0,0.0,0.0666,540773.5,0.0,733.2,14.47,-3.91,11.12,30.68,-75.93,-100.0,0.3631,0.0846,0.0125,980000.0,4726000.0,0
BG_00636,Background_Point,Regional_Background,1.0,Background_Control,0,0,0,0,0.0111,0.0365,0.0002,0.016,99297.5,0.0013,688.5,12.15,1.7,28.82,24.55,-75.73,-6.77,0.0805,0.0345,0.1539,462000.0,4034000.0,0
BG_00637,Background_Point,Regional_Background,1.0,Background_Control,0,0,0,0,0.0356,0.0017,0.0,0.0091,294598.0,0.0,800.3,14.21,9.93,23.66,29.76,-76.63,-100.0,0.0104,0.0369,0.046,668000.0,4758000.0,0
BG_00638,Background_Point,Regional_Background,1.0,Background_Control,0,0,0,0,0.285,0.0018,0.07,0.3488,9979.6,0.5141,296.0,11.15,1.76,-10.54,26.83,-61.46,119.69,0.2899,0.4154,0.3999,268000.0,4196000.0,0
BG_00639,Background_Point,Regional_Background,1.0,Background_Control,0,0,0,0,0.0375,0.0019,0.1983,0.25,42327.0,0.0595,295.9,15.48,-11.63,10.02,32.75,-71.23,39.39,0.1478,0.1227,0.1103,430000.0,4426000.0,0
BG_00640,Background_Point,Regional_Background,1.0,Background_Control,0,0,0,0,0.0,0.0004,0.0027,0.3492,6977.6,0.628,266.6,11.17,2.08,8.25,22.44,-79.73,64.34,0.4009,0.0266,0.2722,244000.0,4340000.0,0
BG_00641,Background_Point,Regional_Background,1.0,Background_Control,0,0,0,0,0.0,0.0014,0.0005,0.0699,99317.7,0.0013,110.3,13.04,15.76,25.7,29.31,-75.48,-13.71,0.0947,0.0012,0.0759,570000.0,4478000.0,0
BG_00642,Background_Point,Regional_Background,1.0,Background_Control,0,0,0,0,0.0,0.0012,0.0065,0.0477,150576.8,0.0,749.7,11.98,3.89,14.09,27.4,-81.52,-100.0,0.1225,0.0758,0.0117,194000.0,4484000.0,0
BG_00643,Background_Point,Regional_Background,1.0,Background_Control,0,0,0,0,0.0923,0.0002,0.0012,0.171,16970.6,0.3226,225.5,14.86,8.41,-0.73,34.22,-73.12,67.54,0.2075,0.1459,0.2091,168000.0,4268000.0,0
BG_00644,Background_Point,Regional_Background,1.0,Background_Control,0,0,0,0,0.0,0.0007,0.0267,0.1824,81597.2,0.0043,553.9,11.93,21.87,-10.18,23.65,-80.15,5.73,0.0665,0.0088,0.0205,242000.0,4434000.0,0
BG_00645,Background_Point,Regional_Background,1.0,Background_Control,0,0,0,0,0.0,0.019,0.0003,0.1349,130230.6,0.0002,205.4,12.5,4.19,19.29,26.39,-78.89,-52.4,0.029,0.1742,0.0405,584000.0,4348000.0,0
BG_00646,Background_Point,Regional_Background,1.0,Background_Control,0,0,0,0,0.0,0.0445,0.121,0.2961,29700.1,0.1381,919.1,18.3,7.69,10.1,38.48,-75.59,55.22,0.1402,0.0418,0.0808,238000.0,4672000.0,0
BG_00647,Background_Point,Regional_Background,1.0,Background_Control,0,0,0,0,0.0833,0.0125,0.0995,0.3365,19697.7,0.269,449.7,17.66,7.86,22.91,35.73,-74.87,94.76,0.1617,0.1409,0.153,362000.0,4172000.0,0
BG_00648,Background_Point,Regional_Background,1.0,Background_Control,0,0,0,0,0.0227,0.0,0.0,0.0121,417387.1,0.0,507.6,12.46,0.45,20.59,24.77,-75.35,-100.0,0.0138,0.2726,0.0,966000.0,4504000.0,0
BG_00649,Background_Point,Regional_Background,1.0,Background_Control,0,0,0,0,0.0,0.0001,0.0,0.1758,346161.8,0.0,703.0,11.76,5.56,0.49,26.27,-80.99,-100.0,0.1388,0.0434,0.0,788000.0,4678000.0,0
BG_00650,Background_Point,Regional_Background,1.0,Background_Control,0,0,0,0,0.0,0.2101,0.1442,0.0948,34782.5,0.0984,389.7,13.2,2.06,6.26,28.86,-76.32,49.19,0.1039,0.1697,0.0639,272000.0,4780000.0,0
BG_00651,Background_Point,Regional_Background,1.0,Background_Control,0,0,0,0,0.0472,0.0363,0.0,0.025,74672.6,0.0069,586.1,11.55,11.12,11.84,24.93,-89.84,27.27,0.0558,0.0557,0.1296,690000.0,4274000.0,0
BG_00652,Background_Point,Regional_Background,1.0,Background_Control,0,0,0,0,0.0438,0.0002,0.0,0.1705,270384.9,0.0,492.2,17.02,10.8,8.5,35.92,-74.16,-100.0,0.0656,0.0285,0.0,732000.0,4618000.0,0
BG_00653,Background_Point,Regional_Background,1.0,Background_Control,0,0,0,0,0.0354,0.0002,0.0,0.0062,266608.3,0.0,167.6,11.46,6.39,15.54,24.6,-76.89,-100.0,0.0004,0.135,0.0418,746000.0,4538000.0,0
BG_00654,Background_Point,Regional_Background,1.0,Background_Control,0,0,0,0,0.0055,0.0003,0.0,0.0293,287471.7,0.0,303.7,12.54,-13.09,11.97,28.07,-85.64,-100.0,0.1415,0.1138,0.0,948000.0,4304000.0,0
BG_00655,Background_Point,Regional_Background,1.0,Background_Control,0,0,0,0,0.0208,0.0001,0.0,0.0096,144013.9,0.0001,519.9,19.66,18.6,-14.37,40.82,-80.43,-52.15,0.0728,0.0486,0.049,152000.0,4006000.0,0
BG_00656,Background_Point,Regional_Background,1.0,Background_Control,0,0,0,0,0.0,0.0159,0.0002,0.1896,104172.9,0.001,778.2,12.05,19.62,15.28,26.87,-84.79,-24.29,0.0054,0.3278,0.0403,486000.0,4624000.0,0
BG_00657,Background_Point,Regional_Background,1.0,Background_Control,0,0,0,0,0.0169,0.0888,0.0027,0.0905,125946.3,0.0002,746.7,12.91,8.95,10.5,27.17,-76.98,-36.63,0.0602,0.5236,0.0,454000.0,4718000.0,0
BG_00658,Background_Point,Regional_Background,1.0,Background_Control,0,0,0,0,0.0,0.0003,0.0,0.1822,296438.9,0.0,175.6,14.92,6.17,24.58,29.74,-82.53,-100.0,0.0056,0.0631,0.0,920000.0,4374000.0,0
BG_00659,Background_Point,Regional_Background,1.0,Background_Control,0,0,0,0,0.0,0.1268,0.0209,0.1084,83499.6,0.0038,62.7,11.65,0.76,-3.8,25.79,-77.36,12.72,0.1606,0.168,0.0222,262000.0,4834000.0,0
BG_00660,Background_Point,Regional_Background,1.0,Background_Control,0,0,0,0,0.0877,0.0002,0.0002,0.1538,61188.2,0.0169,476.1,18.22,3.72,11.76,40.27,-73.32,33.21,0.2008,0.0466,0.0548,162000.0,4090000.0,0
BG_00661,Background_Point,Regional_Background,1.0,Background_Control,0,0,0,0,0.0492,0.0,0.0,0.1159,563577.9,0.0,805.6,20.03,5.3,8.05,38.78,-68.22,-100.0,0.0947,0.0875,0.0,1012000.0,4706000.0,0
BG_00662,Background_Point,Regional_Background,1.0,Background_Control,0,0,0,0,0.0394,0.0405,0.0,0.2162,84852.8,0.0035,1144.2,17.27,-1.77,-0.07,31.1,-75.17,-5.89,0.2587,0.0597,0.0393,740000.0,4140000.0,0
BG_00663,Background_Point,Regional_Background,1.0,Background_Control,0,0,0,0,0.0,0.0058,0.0063,0.0391,123628.5,0.0003,991.6,14.94,6.73,-5.48,33.34,-84.11,-44.78,0.1269,0.0285,0.0102,220000.0,4558000.0,0
BG_00664,Background_Point,Regional_Background,1.0,Background_Control,0,0,0,0,0.0478,0.0002,0.0,0.0651,326882.2,0.0,396.6,15.78,4.65,-5.5,31.27,-75.35,-100.0,0.1521,0.1059,0.0045,1006000.0,4224000.0,0
BG_00665,Background_Point,Regional_Background,1.0,Background_Control,0,0,0,0,0.0179,0.0002,0.0005,0.2034,120930.8,0.0003,409.3,21.77,3.55,30.64,46.2,-76.61,-51.89,0.0485,0.239,0.0,144000.0,4406000.0,0
BG_00666,Background_Point,Regional_Background,1.0,Background_Control,0,0,0,0,0.0492,0.0004,0.0,0.1592,236617.8,0.0,470.3,17.66,-1.3,13.67,38.84,-77.67,-100.0,0.0028,0.0378,0.0,698000.0,4612000.0,0
BG_00667,Background_Point,Regional_Background,1.0,Background_Control,0,0,0,0,0.1482,0.0025,0.1864,0.34,3681.6,0.7824,283.5,21.4,1.42,32.45,44.33,-62.71,101.73,0.5417,0.4203,0.4389,288000.0,4220000.0,0
BG_00668,Background_Point,Regional_Background,1.0,Background_Control,0,0,0,0,0.0035,0.0,0.0,0.064,457318.3,0.0,663.3,21.94,10.52,5.59,42.74,-86.44,-100.0,0.0946,0.0313,0.0,946000.0,4572000.0,0
BG_00669,Background_Point,Regional_Background,1.0,Background_Control,0,0,0,0,0.0573,0.0113,0.0005,0.0113,142126.7,0.0001,611.0,14.59,1.01,24.84,31.22,-70.77,-56.7,0.0107,0.038,0.0132,386000.0,4038000.0,0
BG_00670,Background_Point,Regional_Background,1.0,Background_Control,0,0,0,0,0.0206,0.105,0.0035,0.0683,115602.8,0.0004,712.4,12.02,10.04,-12.43,27.66,-76.08,-55.33,0.0851,0.1959,0.0,450000.0,4728000.0,0
BG_00671,Background_Point,Regional_Background,1.0,Background_Control,0,0,0,0,0.0,0.0014,0.0,0.0157,219763.5,0.0,562.4,12.39,13.36,5.64,27.13,-79.88,-100.0,0.2614,0.3349,0.0,894000.0,4250000.0,0
BG_00672,Background_Point,Regional_Background,1.0,Background_Control,0,0,0,0,0.0406,0.0509,0.0977,0.4113,4338.8,0.7488,587.8,22.37,-2.27,6.07,43.71,-72.97,95.19,0.5517,0.4806,0.4371,436000.0,4188000.0,0
BG_00673,Background_Point,Regional_Background,1.0,Background_Control,0,0,0,0,0.0093,0.0002,0.0,0.0811,357233.8,0.0,762.6,15.91,-6.77,16.51,33.79,-85.42,-100.0,0.2368,0.0211,0.005,776000.0,4720000.0,0
BG_00674,Background_Point,Regional_Background,1.0,Background_Control,0,0,0,0,0.0,0.0006,0.0,0.0054,307350.0,0.0,682.3,12.53,2.32,2.38,23.48,-81.64,-100.0,0.031,0.0319,0.0904,920000.0,4008000.0,0
BG_00675,Background_Point,Regional_Background,1.0,Background_Control,0,0,0,0,0.0069,0.0376,0.0002,0.0155,96747.1,0.0016,692.9,19.17,10.22,0.06,36.12,-76.94,-5.22,0.0037,0.0714,0.0289,466000.0,4032000.0,0
BG_00676,Background_Point,Regional_Background,1.0,Background_Control,0,0,0,0,0.0478,0.0608,0.0,0.1332,36055.5,0.0904,837.8,22.22,-1.88,27.46,45.45,-77.5,39.66,0.2478,0.0834,0.0,692000.0,4234000.0,0
BG_00677,Background_Point,Regional_Background,1.0,Background_Control,0,0,0,0,0.0449,0.665,0.0731,0.1153,28686.3,0.1477,456.3,16.62,12.46,29.5,31.21,-76.03,49.82,0.4386,0.5537,0.0893,370000.0,4776000.0,0
BG_00678,Background_Point,Regional_Background,1.0,Background_Control,0,0,0,0,0.1062,0.0018,0.105,0.1312,30101.0,0.1344,210.6,11.79,8.02,-18.08,28.97,-73.55,50.97,0.1968,0.098,0.1216,280000.0,4246000.0,0
BG_00679,Background_Point,Regional_Background,1.0,Background_Control,0,0,0,0,0.0,0.0079,0.0004,0.2,166192.7,0.0,56.5,11.39,3.67,-2.2,22.89,-77.71,-100.0,0.126,0.5135,0.0,586000.0,4392000.0,0
BG_00680,Background_Point,Regional_Background,1.0,Background_Control,0,0,0,0,0.0,0.1167,0.0233,0.0853,81746.2,0.0043,142.3,12.06,7.04,18.66,22.77,-76.37,10.03,0.1251,0.1274,0.0872,252000.0,4824000.0,0
BG_00681,Background_Point,Regional_Background,1.0,Background_Control,0,0,0,0,0.0034,0.0002,0.0,0.0394,402079.6,0.0,727.4,20.87,3.29,-10.15,45.19,-74.13,-100.0,0.2862,0.0884,0.0,782000.0,4812000.0,0
BG_00682,Background_Point,Regional_Background,1.0,Background_Control,0,0,0,0,0.0093,0.018,0.0256,0.096,55605.8,0.0245,298.7,12.82,6.53,30.05,30.29,-77.13,32.39,0.0172,0.1073,0.0969,464000.0,4314000.0,0
BG_00683,Background_Point,Regional_Background,1.0,Background_Control,0,0,0,0,0.0,0.0,0.0,0.0811,466994.6,0.0,751.6,17.94,9.34,11.99,33.5,-76.87,-100.0,0.0103,0.0709,0.0381,902000.0,4720000.0,0
BG_00684,Background_Point,Regional_Background,1.0,Background_Control,0,0,0,0,0.0,0.0028,0.0052,0.1699,89089.1,0.0026,161.2,20.26,1.13,-3.84,41.15,-74.18,-19.96,0.0559,0.1615,0.0,520000.0,4438000.0,0
BG_00685,Background_Point,Regional_Background,1.0,Background_Control,0,0,0,0,0.0,0.0001,0.0,0.0762,373363.1,0.0,760.3,11.21,4.85,-10.16,25.59,-85.3,-100.0,0.1301,0.0707,0.0,794000.0,4722000.0,0
BG_00686,Background_Point,Regional_Background,1.0,Background_Control,0,0,0,0,0.0,0.002,0.0,0.0216,246454.9,0.0,845.7,20.68,3.26,15.18,42.74,-74.9,-100.0,0.0648,0.0926,0.0323,874000.0,4048000.0,0
BG_00687,Background_Point,Regional_Background,1.0,Background_Control,0,0,0,0,0.0,0.0015,0.0,0.1451,217788.9,0.0,124.1,14.88,0.45,1.9,33.88,-85.93,-100.0,0.2811,0.0088,0.0317,834000.0,4354000.0,0
BG_00688,Background_Point,Regional_Background,1.0,Background_Control,0,0,0,0,0.0,0.0021,0.0,0.0444,267356.4,0.0,610.7,14.7,-0.94,11.25,31.77,-78.22,-100.0,0.0105,0.0431,0.0425,838000.0,3982000.0,0
BG_00689,Background_Point,Regional_Background,1.0,Background_Control,0,0,0,0,0.0,0.0329,0.0,0.0523,96519.4,0.0016,609.0,12.61,9.23,4.9,32.29,-80.08,-5.45,0.1398,0.0685,0.0,540000.0,3984000.0,0
BG_00690,Background_Point,Regional_Background,1.0,Background_Control,0,0,0,0,0.0,0.0005,0.0,0.0369,187675.9,0.0,517.5,11.46,-0.1,16.4,22.14,-76.87,-92.1,0.0034,0.0174,0.0,242000.0,3986000.0,0
BG_00691,Background_Point,Regional_Background,1.0,Background_Control,0,0,0,0,0.0,0.0051,0.0,0.0015,237065.4,0.0,754.4,16.21,2.1,-0.85,32.2,-74.94,-100.0,0.064,0.3643,0.0,614000.0,4782000.0,0
BG_00692,Background_Point,Regional_Background,1.0,Background_Control,0,0,0,0,0.0055,0.0,0.0,0.163,477346.8,0.0,733.0,12.3,1.04,-0.92,24.35,-73.45,-100.0,0.1779,0.0896,0.0,948000.0,4614000.0,0
BG_00693,Background_Point,Regional_Background,1.0,Background_Control,0,0,0,0,0.0,0.0057,0.0,0.1924,162049.4,0.0,958.0,13.65,21.57,12.78,29.77,-77.24,-69.85,0.19,0.0077,0.0,838000.0,4164000.0,0
BG_00694,Background_Point,Regional_Background,1.0,Background_Control,0,0,0,0,0.0,0.0031,0.0,0.1243,116516.1,0.0004,507.1,12.29,10.46,18.09,27.05,-81.15,-47.39,0.0628,0.0489,0.0,570000.0,4594000.0,0
BG_00695,Background_Point,Regional_Background,1.0,Background_Control,0,0,0,0,0.0015,0.0007,0.0,0.1949,272125.0,0.0,762.8,13.68,0.88,3.05,28.41,-80.98,-100.0,0.2099,0.1191,0.0135,944000.0,4134000.0,0
BG_00696,Background_Point,Regional_Background,1.0,Background_Control,0,0,0,0,0.0,0.1189,0.0,0.066,53601.5,0.0281,933.2,13.24,-2.21,4.37,29.3,-78.42,37.56,0.0151,0.1832,0.0,590000.0,4044000.0,0
BG_00697,Background_Point,Regional_Background,1.0,Background_Control,0,0,0,0,0.0,0.0115,0.0048,0.1669,121753.9,0.0003,152.1,14.47,10.48,-0.66,28.92,-82.68,-51.61,0.0871,0.0274,0.0252,510000.0,4362000.0,0
BG_00698,Background_Point,Regional_Background,1.0,Background_Control,0,0,0,0,0.0137,0.0351,0.0065,0.1669,130681.6,0.0002,986.8,14.95,9.04,33.16,31.03,-76.87,-47.62,0.1585,0.0857,0.0585,328000.0,4614000.0,0
BG_00699,Background_Point,Regional_Background,1.0,Background_Control,0,0,0,0,0.0,0.0021,0.0,0.175,209380.0,0.0,828.8,12.94,5.56,4.09,28.4,-81.47,-100.0,0.0142,0.0552,0.0917,888000.0,4176000.0,0
BG_00700,Background_Point,Regional_Background,1.0,Background_Control,0,0,0,0,0.0,0.0225,0.0092,0.1269,130171.6,0.0002,1021.7,15.8,7.33,24.36,35.05,-73.53,-44.25,0.1869,0.1209,0.0947,304000.0,4596000.0,0
BG_00701,Background_Point,Regional_Background,1.0,Background_Control,0,0,0,0,0.0193,0.6992,0.2719,0.2177,9668.0,0.5249,459.4,14.19,1.45,16.69,28.38,-70.57,87.97,0.9379,0.5699,0.3993,334000.0,4772000.0,0
BG_00702,Background_Point,Regional_Background,1.0,Background_Control,0,0,0,0,0.0341,0.0,0.0,0.0462,471694.8,0.0,746.7,12.16,2.92,3.2,27.33,-76.32,-100.0,0.02,0.2343,0.0,980000.0,4564000.0,0
BG_00703,Background_Point,Regional_Background,1.0,Background_Control,0,0,0,0,0.0,0.0319,0.0134,0.0173,100340.7,0.0012,330.0,11.65,3.03,-7.3,27.46,-86.99,-14.76,0.4165,0.1431,0.0,178000.0,4790000.0,0
BG_00704,Background_Point,Regional_Background,1.0,Background_Control,0,0,0,0,0.0,0.0118,0.0,0.0406,205104.9,0.0,772.1,12.75,11.17,20.8,28.39,-87.82,-100.0,0.0272,0.1696,0.0509,568000.0,4738000.0,0
BG_00705,Background_Point,Regional_Background,1.0,Background_Control,0,0,0,0,0.0,0.1061,0.7765,0.3626,1396.1,0.9111,724.5,20.64,-4.59,12.87,40.63,-60.18,83.7,0.8532,0.1852,0.7113,254000.0,4722000.0,0
BG_00706,Background_Point,Regional_Background,1.0,Background_Control,0,0,0,0,0.0,0.0504,0.0008,0.0981,148499.2,0.0001,770.8,13.52,0.45,-6.7,26.9,-79.63,-85.6,0.0261,0.0514,0.0503,484000.0,4714000.0,0
BG_00707,Background_Point,Regional_Background,1.0,Background_Control,0,0,0,0,0.0227,0.0004,0.0,0.0559,287367.4,0.0,486.8,16.48,-4.64,29.43,39.41,-75.25,-100.0,0.101,0.0406,0.0819,966000.0,4228000.0,0
BG_00708,Background_Point,Regional_Background,1.0,Background_Control,0,0,0,0,0.026,0.0001,0.0,0.0342,280585.1,0.0,234.1,16.29,-4.68,19.54,34.75,-80.2,-100.0,0.2825,0.0374,0.0167,758000.0,4558000.0,0
BG_00709,Background_Point,Regional_Background,1.0,Background_Control,0,0,0,0,0.0,0.0414,0.0005,0.1026,157035.0,0.0,776.6,22.63,17.3,6.34,44.93,-78.84,-67.33,0.0647,0.078,0.0287,494000.0,4712000.0,0
BG_00710,Background_Point,Regional_Background,1.0,Background_Control,0,0,0,0,0.0533,0.0073,0.0002,0.0021,164109.7,0.0,567.4,11.45,16.88,4.3,26.32,-73.06,-71.28,0.0479,0.0425,0.0564,374000.0,4016000.0,0
BG_00711,Background_Point,Regional_Background,1.0,Background_Control,0,0,0,0,0.0,0.001,0.0183,0.1093,114380.0,0.0005,654.8,16.12,-3.01,7.25,32.78,-80.27,-29.34,0.0459,0.0373,0.0427,222000.0,4460000.0,0
BG_00712,Background_Point,Regional_Background,1.0,Background_Control,0,0,0,0,0.0,0.0157,0.0,0.0761,172185.9,0.0,572.6,17.35,-8.17,27.03,36.6,-79.79,-92.04,0.0371,0.2233,0.0,552000.0,4828000.0,0
BG_00713,Background_Point,Regional_Background,1.0,Background_Control,0,0,0,0,0.053,0.0066,0.0001,0.0409,184878.3,0.0,524.0,19.56,0.95,19.75,41.13,-79.75,-100.0,0.1089,0.1398,0.0,392000.0,3984000.0,0
BG_00714,Background_Point,Regional_Background,1.0,Background_Control,0,0,0,0,0.0156,0.4701,0.0738,0.172,24477.6,0.1956,229.5,14.07,-6.06,1.45,29.86,-68.54,65.42,0.1087,0.4328,0.0939,330000.0,4812000.0,0
BG_00715,Background_Point,Regional_Background,1.0,Background_Control,0,0,0,0,0.0277,0.0132,0.0,0.0087,107480.2,0.0008,562.1,11.62,13.51,11.6,25.95,-74.73,-21.81,0.1888,0.064,0.0146,756000.0,4276000.0,0
BG_00716,Background_Point,Regional_Background,1.0,Background_Control,0,0,0,0,0.0,0.0004,0.0106,0.3218,24637.3,0.1935,368.9,11.39,3.47,33.01,25.37,-81.54,60.99,0.1238,0.0074,0.1534,266000.0,4380000.0,0
BG_00717,Background_Point,Regional_Background,1.0,Background_Control,0,0,0,0,0.0,0.0002,0.0,0.0098,320306.1,0.0,155.5,11.5,-4.48,13.24,24.74,-77.08,-100.0,0.1712,0.0617,0.0,800000.0,4506000.0,0
BG_00718,Background_Point,Regional_Background,1.0,Background_Control,0,0,0,0,0.0369,0.0,0.0,0.003,437049.2,0.0,549.4,12.04,-9.18,16.65,21.29,-85.6,-100.0,0.1306,0.1726,0.0,984000.0,4514000.0,0
BG_00719,Background_Point,Regional_Background,1.0,Background_Control,0,0,0,0,0.0634,0.006,0.1088,0.1553,19799.7,0.2671,261.0,11.36,17.67,3.19,24.46,-71.73,76.89,0.2234,0.0431,0.2242,354000.0,4270000.0,0
BG_00720,Background_Point,Regional_Background,1.0,Background_Control,0,0,0,0,0.0,0.0008,0.0,0.1829,255264.6,0.0,44.7,12.6,20.31,10.23,28.75,-73.7,-100.0,0.0983,0.1073,0.0012,806000.0,4422000.0,0
BG_00721,Background_Point,Regional_Background,1.0,Background_Control,0,0,0,0,0.0,0.0541,0.0587,0.2277,71219.5,0.0087,991.3,15.96,8.47,11.24,36.18,-74.55,12.54,0.1096,0.141,0.0179,280000.0,4652000.0,0
BG_00722,Background_Point,Regional_Background,1.0,Background_Control,0,0,0,0,0.0,0.0013,0.0001,0.0227,199555.3,0.0,492.3,15.15,-0.82,0.72,31.25,-74.91,-100.0,0.1084,0.0099,0.0,286000.0,3994000.0,0
BG_00723,Background_Point,Regional_Background,1.0,Background_Control,0,0,0,0,0.0472,0.0181,0.2133,0.2488,5656.9,0.6858,329.9,17.0,30.68,4.38,38.45,-72.45,79.1,0.6707,0.0769,0.4295,424000.0,4276000.0,0
BG_00724,Background_Point,Regional_Background,1.0,Background_Control,0,0,0,0,0.0,0.0009,0.0,0.1197,266833.3,0.0,850.8,13.26,-3.05,19.87,28.41,-80.29,-100.0,0.1148,0.012,0.0484,924000.0,4092000.0,0
BG_00725,Background_Point,Regional_Background,1.0,Background_Control,0,0,0,0,0.0,0.2097,0.0022,0.3034,6324.6,0.656,730.1,18.28,6.02,-6.39,39.68,-80.29,77.63,0.4664,0.1615,0.291,562000.0,4226000.0,0
BG_00726,Background_Point,Regional_Background,1.0,Background_Control,0,0,0,0,0.0,0.0023,0.0,0.0434,194987.2,0.0,669.1,14.58,5.8,14.35,34.59,-83.61,-100.0,0.0571,0.2962,0.0022,872000.0,4234000.0,0
BG_00727,Background_Point,Regional_Background,1.0,Background_Control,0,0,0,0,0.0883,0.0006,0.001,0.1333,83572.2,0.0038,440.0,12.81,6.87,19.99,25.34,-80.18,25.57,0.0476,0.1527,0.0228,218000.0,4090000.0,0
BG_00728,Background_Point,Regional_Background,1.0,Background_Control,0,0,0,0,0.0,0.0041,0.0,0.0758,167200.5,0.0,764.7,11.36,13.44,12.84,23.57,-79.07,-100.0,0.0933,0.1528,0.0227,846000.0,4220000.0,0
BG_00729,Background_Point,Regional_Background,1.0,Background_Control,0,0,0,0,0.0325,0.0003,0.0,0.0403,347021.6,0.0,783.2,12.19,7.73,18.41,27.46,-79.97,-100.0,0.0,0.0627,0.0599,750000.0,4738000.0,0
BG_00730,Background_Point,Regional_Background,1.0,Background_Control,0,0,0,0,0.0493,0.063,0.0061,0.2024,139809.0,0.0001,914.6,13.24,5.24,14.22,27.39,-71.38,-38.5,0.0191,0.1041,0.0293,384000.0,4646000.0,0
BG_00731,Background_Point,Regional_Background,1.0,Background_Control,0,0,0,0,0.0,0.4599,0.0021,0.2496,44256.1,0.0523,920.5,12.68,11.82,12.83,27.18,-79.94,32.99,0.0599,0.6009,0.0,548000.0,4172000.0,0
BG_00732,Background_Point,Regional_Background,1.0,Background_Control,0,0,0,0,0.0348,0.0611,0.0495,0.3284,21306.6,0.2416,621.6,12.35,5.69,4.05,29.98,-80.24,55.12,0.1396,0.2127,0.2089,442000.0,4172000.0,0
BG_00733,Background_Point,Regional_Background,1.0,Background_Control,0,0,0,0,0.028,0.006,0.0,0.1999,195243.4,0.0,51.2,11.92,3.07,5.38,26.78,-67.83,-100.0,0.1555,0.0491,0.0,658000.0,4394000.0,0
BG_00734,Background_Point,Regional_Background,1.0,Background_Control,0,0,0,0,0.0,0.03,0.0002,0.079,112160.6,0.0006,318.8,16.09,21.29,21.25,33.31,-86.02,-53.94,0.0467,0.0801,0.0,602000.0,4324000.0,0
BG_00735,Background_Point,Regional_Background,1.0,Background_Control,0,0,0,0,0.0,0.3478,0.0021,0.2776,21057.5,0.2457,835.7,13.73,3.76,24.92,31.95,-79.82,69.87,0.2979,0.3532,0.1566,558000.0,4198000.0,0
BG_00736,Background_Point,Regional_Background,1.0,Background_Control,0,0,0,0,0.0472,0.0008,0.0,0.0379,212424.1,0.0,0.4,15.94,20.2,29.48,38.8,-74.0,-100.0,0.4397,0.0862,0.0316,690000.0,4488000.0,0
BG_00737,Background_Point,Regional_Background,1.0,Background_Control,0,0,0,0,0.0492,0.0037,0.004,0.1053,120000.0,0.0003,481.4,14.28,5.19,-1.12,30.91,-74.24,-34.37,0.2054,0.0419,0.0219,308000.0,4084000.0,0
BG_00738,Background_Point,Regional_Background,1.0,Background_Control,0,0,0,0,0.0,0.1107,0.0253,0.0691,79119.6,0.0051,150.1,12.2,13.86,29.69,27.75,-87.4,1.59,0.0596,0.4184,0.0,246000.0,4816000.0,0
BG_00739,Background_Point,Regional_Background,1.0,Background_Control,0,0,0,0,0.031,0.0001,0.0,0.1132,281368.1,0.0,378.2,19.51,21.41,-3.14,41.99,-80.24,-100.0,0.2212,0.0414,0.0055,752000.0,4592000.0,0
BG_00740,Background_Point,Regional_Background,1.0,Background_Control,0,0,0,0,0.0394,0.0004,0.0,0.0282,360272.1,0.0,764.2,11.27,7.8,12.36,25.56,-72.77,-100.0,0.0447,0.0286,0.0,740000.0,4806000.0,0
BG_00741,Background_Point,Regional_Background,1.0,Background_Control,0,0,0,0,0.0,0.0016,0.0073,0.0249,157423.2,0.0,776.4,18.39,19.0,0.65,38.98,-78.62,-76.78,0.0875,0.2151,0.0,198000.0,4496000.0,0
BG_00742,Background_Point,Regional_Background,1.0,Background_Control,0,0,0,0,0.0,0.0006,0.0,0.0193,310438.4,0.0,653.7,16.25,7.58,8.14,33.96,-77.48,-100.0,0.2996,0.0445,0.0078,914000.0,3996000.0,0
BG_00743,Background_Point,Regional_Background,1.0,Background_Control,0,0,0,0,0.0,0.0001,0.0,0.0233,358357.4,0.0,247.3,23.83,-1.62,15.61,50.3,-76.91,-100.0,0.2588,0.2897,0.031,882000.0,4496000.0,0
BG_00744,Background_Point,Regional_Background,1.0,Background_Control,0,0,0,0,0.0209,0.0,0.0,0.0289,533321.7,0.0,672.7,12.37,-2.19,-9.22,26.84,-76.73,-100.0,0.051,0.0345,0.0,964000.0,4744000.0,0
BG_00745,Background_Point,Regional_Background,1.0,Background_Control,0,0,0,0,0.0488,0.0006,0.0,0.0216,338479.0,0.0,761.4,11.64,9.66,8.91,27.48,-80.64,-100.0,0.0137,0.0371,0.0219,718000.0,4802000.0,0
BG_00746,Background_Point,Regional_Background,1.0,Background_Control,0,0,0,0,0.0,0.023,0.0,0.0288,114769.3,0.0005,609.4,15.1,10.26,30.48,31.45,-78.67,-53.68,0.19,0.3003,0.0817,474000.0,3994000.0,0
BG_00747,Background_Point,Regional_Background,1.0,Background_Control,0,0,0,0,0.0495,0.0513,0.0,0.1774,36769.6,0.0862,938.6,14.99,15.9,6.2,30.62,-70.93,53.86,0.1472,0.0787,0.0658,714000.0,4214000.0,0
BG_00748,Background_Point,Regional_Background,1.0,Background_Control,0,0,0,0,0.0406,0.0155,0.0,0.0025,176014.4,0.0,850.0,18.17,20.33,5.09,35.32,-77.35,-84.67,0.1008,0.0481,0.0,738000.0,4014000.0,0
BG_00749,Background_Point,Regional_Background,1.0,Background_Control,0,0,0,0,0.0,0.0001,0.0,0.086,384842.8,0.0,772.5,13.4,2.45,20.41,29.1,-80.15,-100.0,0.0689,0.064,0.0345,810000.0,4718000.0,0
BG_00750,Background_Point,Regional_Background,1.0,Background_Control,0,0,0,0,0.098,0.0001,0.0003,0.0529,57271.3,0.022,283.1,14.73,3.36,8.14,33.41,-79.24,44.54,0.0287,0.1228,0.0442,128000.0,4256000.0,0
BG_00751,Background_Point,Regional_Background,1.0,Background_Control,0,0,0,0,0.043,0.023,0.0,0.0484,110000.0,0.0007,417.4,14.93,0.97,2.29,29.39,-68.18,-12.9,0.0316,0.1294,0.048,680000.0,4310000.0,0
BG_00752,Background_Point,Regional_Background,1.0,Background_Control,0,0,0,0,0.0,0.0015,0.0,0.2,226742.1,0.0,55.2,11.4,1.2,10.98,23.98,-82.09,-100.0,0.0222,0.0074,0.0,794000.0,4396000.0,0
BG_00753,Background_Point,Regional_Background,1.0,Background_Control,0,0,0,0,0.0,0.0005,0.0,0.0,269785.1,0.0,411.6,11.76,0.81,4.65,29.88,-77.86,-100.0,0.0826,0.0239,0.0498,940000.0,4272000.0,0
BG_00754,Background_Point,Regional_Background,1.0,Background_Control,0,0,0,0,0.0,0.1785,0.0003,0.1028,52952.8,0.0293,759.0,12.66,-0.5,21.52,27.36,-82.97,20.6,0.0454,0.2302,0.0,612000.0,4230000.0,0
BG_00755,Background_Point,Regional_Background,1.0,Background_Control,0,0,0,0,0.0227,0.0002,0.0,0.1536,326741.5,0.0,178.2,11.57,4.4,10.7,26.53,-73.08,-100.0,0.0233,0.0184,0.0112,966000.0,4358000.0,0
BG_00756,Background_Point,Regional_Background,1.0,Background_Control,0,0,0,0,0.0278,0.0004,0.0,0.0998,314197.4,0.0,718.3,13.64,2.23,19.56,27.79,-72.23,-100.0,0.184,0.0317,0.06,972000.0,4084000.0,0
BG_00757,Background_Point,Regional_Background,1.0,Background_Control,0,0,0,0,0.0,0.0057,0.0,0.1902,161616.8,0.0,978.2,25.2,4.14,-0.0,51.59,-81.9,-70.68,0.083,0.0897,0.0373,838000.0,4166000.0,0
BG_00758,Background_Point,Regional_Background,1.0,Background_Control,0,0,0,0,0.019,0.0,0.0,0.0999,577449.6,0.0,343.4,13.89,8.35,2.53,27.2,-74.41,-100.0,0.0704,0.1716,0.0244,962000.0,4838000.0,0
BG_00759,Background_Point,Regional_Background,1.0,Background_Control,0,0,0,0,0.0495,0.0007,0.0,0.1613,275601.2,0.0,703.0,21.29,14.27,9.19,43.25,-80.42,-100.0,0.0173,0.0971,0.0309,700000.0,4686000.0,0
BG_00760,Background_Point,Regional_Background,1.0,Background_Control,0,0,0,0,0.0,0.0056,0.0002,0.1982,165614.0,0.0,19.6,11.64,-0.05,-4.12,25.67,-84.06,-82.72,0.0674,0.0184,0.0,602000.0,4408000.0,0
BG_00761,Background_Point,Regional_Background,1.0,Background_Control,0,0,0,0,0.0,0.4599,0.002,0.2416,56626.3,0.0229,928.9,12.21,14.25,-1.88,27.81,-87.31,43.59,0.0687,0.3635,0.0,542000.0,4158000.0,0
BG_00762,Background_Point,Regional_Background,1.0,Background_Control,0,0,0,0,0.0517,0.0019,0.4682,0.2794,39710.0,0.0708,303.9,13.76,19.18,-4.02,27.45,-65.59,45.06,0.5327,0.1922,0.204,396000.0,4402000.0,0
BG_00763,Background_Point,Regional_Background,1.0,Background_Control,0,0,0,0,0.0,0.0,0.0,0.1419,391126.6,0.0,554.4,14.06,1.54,7.16,28.12,-78.6,-100.0,0.2093,0.0625,0.0,862000.0,4604000.0,0
BG_00764,Background_Point,Regional_Background,1.0,Background_Control,0,0,0,0,0.0498,0.026,0.0,0.0196,82462.1,0.0041,590.3,15.08,12.91,15.71,33.9,-66.16,-3.11,0.2892,0.1397,0.1522,712000.0,4276000.0,0
BG_00765,Background_Point,Regional_Background,1.0,Background_Control,0,0,0,0,0.052,0.0038,0.0209,0.1064,64857.2,0.0132,237.7,12.09,-2.92,10.79,29.04,-77.67,17.52,0.0327,0.0344,0.0,362000.0,4324000.0,0
BG_00766,Background_Point,Regional_Background,1.0,Background_Control,0,0,0,0,0.0703,0.0188,0.2823,0.1976,30588.4,0.1301,429.9,12.08,5.11,22.53,26.83,-73.07,49.48,0.1702,0.0534,0.1789,392000.0,4214000.0,0
BG_00767,Background_Point,Regional_Background,1.0,Background_Control,0,0,0,0,0.0489,0.1852,0.0314,0.1386,94377.4,0.0019,775.7,16.02,5.58,-11.76,37.33,-75.52,-12.2,0.0243,0.1827,0.0,382000.0,4702000.0,0
BG_00768,Background_Point,Regional_Background,1.0,Background_Control,0,0,0,0,0.0495,0.0102,0.0,0.1043,140185.6,0.0001,232.6,15.79,8.15,29.65,34.94,-88.5,-58.2,0.009,0.2398,0.0263,714000.0,4336000.0,0
BG_00769,Background_Point,Regional_Background,1.0,Background_Control,0,0,0,0,0.0488,0.0001,0.0,0.049,349136.1,0.0,248.0,19.0,8.91,15.45,36.98,-68.22,-100.0,0.0562,0.025,0.0015,1010000.0,4314000.0,0
BG_00770,Background_Point,Regional_Background,1.0,Background_Control,0,0,0,0,0.0,0.0001,0.0,0.0594,343656.8,0.0,375.3,11.81,-2.65,-5.33,24.33,-74.7,-100.0,0.0036,0.0001,0.0042,820000.0,4570000.0,0
BG_00771,Background_Point,Regional_Background,1.0,Background_Control,0,0,0,0,0.0,0.3714,0.0002,0.251,34480.0,0.1004,960.5,17.2,-7.14,-1.64,35.35,-81.11,48.95,0.0437,0.7012,0.0319,614000.0,4186000.0,0
BG_00772,Background_Point,Regional_Background,1.0,Background_Control,0,0,0,0,0.0468,0.0001,0.0001,0.1174,73539.1,0.0074,233.2,14.01,18.17,12.33,33.35,-78.89,3.62,0.1384,0.0266,0.0,128000.0,4332000.0,0
BG_00773,Background_Point,Regional_Background,1.0,Background_Control,0,0,0,0,0.0,0.5438,0.0001,0.4649,3453.0,0.7944,1100.3,12.62,-2.59,22.77,29.79,-83.25,81.82,0.4685,0.4247,0.3605,608000.0,4138000.0,0
BG_00774,Background_Point,Regional_Background,1.0,Background_Control,0,0,0,0,0.0,0.0128,0.0004,0.1749,149090.6,0.0,127.6,19.82,5.66,33.0,41.44,-87.67,-62.83,0.0255,0.0188,0.0,578000.0,4368000.0,0
BG_00775,Background_Point,Regional_Background,1.0,Background_Control,0,0,0,0,0.0407,0.0165,0.0001,0.0055,139671.0,0.0001,635.0,15.52,-1.56,-5.5,31.36,-79.36,-70.79,0.0234,0.1083,0.0586,428000.0,4012000.0,0
BG_00776,Background_Point,Regional_Background,1.0,Background_Control,0,0,0,0,0.0,0.0615,0.0008,0.012,123547.6,0.0003,657.5,15.08,14.15,22.17,27.98,-73.52,-28.57,0.0949,0.2068,0.0844,488000.0,4760000.0,0
BG_00777,Background_Point,Regional_Background,1.0,Background_Control,0,0,0,0,0.0,0.0031,0.0075,0.1849,90268.5,0.0024,161.4,14.75,7.46,24.0,31.99,-76.72,-5.39,0.0119,0.1224,0.0,512000.0,4430000.0,0
BG_00778,Background_Point,Regional_Background,1.0,Background_Control,0,0,0,0,0.0,0.0043,0.0,0.1152,199138.1,0.0,1027.2,16.09,-6.55,5.13,35.82,-83.5,-100.0,0.1706,0.0325,0.0306,846000.0,4090000.0,0
BG_00779,Background_Point,Regional_Background,1.0,Background_Control,0,0,0,0,0.0054,0.0009,0.0,0.1587,256312.3,0.0,0.0,15.04,0.0,20.48,32.5,-76.89,-100.0,0.0817,0.0771,0.0,780000.0,4436000.0,0
BG_00780,Background_Point,Regional_Background,1.0,Background_Control,0,0,0,0,0.0093,0.0022,0.0006,0.0234,140014.3,0.0001,917.7,22.66,10.14,-11.59,49.13,-80.52,-74.16,0.0005,0.2132,0.0171,148000.0,4550000.0,0
BG_00781,Background_Point,Regional_Background,1.0,Background_Control,0,0,0,0,0.0,0.0003,0.0,0.1919,296445.6,0.0,180.7,13.33,5.96,-9.13,29.63,-80.52,-100.0,0.3083,0.028,0.0221,914000.0,4382000.0,0
BG_00782,Background_Point,Regional_Background,1.0,Background_Control,0,0,0,0,0.0209,0.0002,0.0,0.1213,318421.1,0.0,238.8,22.72,3.11,11.91,43.81,-83.04,-100.0,0.0037,0.0263,0.0454,964000.0,4344000.0,0
BG_00783,Background_Point,Regional_Background,1.0,Background_Control,0,0,0,0,0.0,0.0281,0.0069,0.1509,125946.5,0.0002,1016.4,15.0,3.33,13.27,33.69,-84.0,-33.56,0.0497,0.3185,0.019,310000.0,4606000.0,0
BG_00784,Background_Point,Regional_Background,1.0,Background_Control,0,0,0,0,0.0,0.0006,0.0058,0.2736,11909.2,0.4521,232.3,11.94,2.42,-2.84,25.81,-81.01,62.12,0.2438,0.0694,0.2007,254000.0,4324000.0,0
BG_00785,Background_Point,Regional_Background,1.0,Background_Control,0,0,0,0,0.0033,0.0048,0.0033,0.1459,23323.8,0.2112,577.6,12.66,-4.04,-0.98,25.02,-79.23,51.91,0.1653,0.0572,0.1326,468000.0,4540000.0,0
BG_00786,Background_Point,Regional_Background,1.0,Background_Control,0,0,0,0,0.0476,0.0034,0.0258,0.0825,59148.5,0.0194,221.1,14.18,9.25,-27.64,31.43,-70.52,13.87,0.076,0.0455,0.108,346000.0,4310000.0,0
BG_00787,Background_Point,Regional_Background,1.0,Background_Control,0,0,0,0,0.0354,0.0002,0.0,0.155,280813.1,0.0,433.8,11.52,11.19,1.96,25.35,-73.6,-100.0,0.1141,0.0994,0.0367,746000.0,4610000.0,0
BG_00788,Background_Point,Regional_Background,1.0,Background_Control,0,0,0,0,0.0246,0.1098,0.0,0.0822,79359.4,0.005,1083.0,15.83,-3.08,2.78,33.62,-80.92,10.2,0.1541,0.1363,0.0,654000.0,4068000.0,0
BG_00789,Background_Point,Regional_Background,1.0,Background_Control,0,0,0,0,0.0406,0.0002,0.0,0.0932,265819.5,0.0,333.3,15.13,17.25,2.54,32.13,-78.75,-100.0,0.0967,0.0936,0.0,738000.0,4584000.0,0
BG_00790,Background_Point,Regional_Background,1.0,Background_Control,0,0,0,0,0.0,0.0025,0.0,0.0046,187829.7,0.0,450.5,14.46,1.11,-5.71,31.75,-80.71,-100.0,0.0639,0.1256,0.0293,848000.0,4284000.0,0
BG_00791,Background_Point,Regional_Background,1.0,Background_Control,0,0,0,0,0.05,0.0038,0.0,0.2004,199699.8,0.0,0.0,15.51,23.17,-3.99,35.41,-79.44,-91.87,0.1412,0.146,0.0,706000.0,4398000.0,0
BG_00792,Background_Point,Regional_Background,1.0,Background_Control,0,0,0,0,0.0077,0.3044,0.0,0.3373,21595.2,0.237,1123.0,21.52,9.91,-10.34,43.27,-85.01,75.19,0.287,0.4071,0.0993,636000.0,4130000.0,0
BG_00793,Background_Point,Regional_Background,1.0,Background_Control,0,0,0,0,0.0,0.0096,0.0,0.0003,207171.4,0.0,742.6,11.97,3.47,-8.32,29.31,-84.04,-100.0,0.0516,0.2081,0.0729,582000.0,4774000.0,0
BG_00794,Background_Point,Regional_Background,1.0,Background_Control,0,0,0,0,0.0495,0.0696,0.0,0.1332,92927.7,0.002,1159.5,20.09,20.06,14.36,41.37,-76.3,1.37,0.0469,0.225,0.1069,700000.0,4092000.0,0
BG_00795,Background_Point,Regional_Background,1.0,Background_Control,0,0,0,0,0.0,0.0095,0.0006,0.1286,64124.9,0.0139,682.0,11.27,-8.43,-5.08,25.28,-76.18,8.59,0.0074,0.0243,0.0,476000.0,4584000.0,0
BG_00796,Background_Point,Regional_Background,1.0,Background_Control,0,0,0,0,0.034,0.0067,0.0,0.1034,152052.6,0.0,214.9,15.55,14.17,17.61,28.17,-78.57,-72.55,0.0016,0.0776,0.0,748000.0,4336000.0,0
BG_00797,Background_Point,Regional_Background,1.0,Background_Control,0,0,0,0,0.0,0.0,0.0,0.1966,399344.5,0.0,707.0,16.06,-2.81,7.62,32.82,-83.46,-100.0,0.2167,0.0177,0.0551,854000.0,4660000.0,0
BG_00798,Background_Point,Regional_Background,1.0,Background_Control,0,0,0,0,0.0371,0.0002,0.0002,0.1928,143684.0,0.0001,386.6,12.96,-2.38,24.9,31.4,-76.54,-72.12,0.2292,0.058,0.0,120000.0,4416000.0,0
BG_00799,Background_Point,Regional_Background,1.0,Background_Control,0,0,0,0,0.0,0.1055,0.1125,0.062,47735.0,0.0415,442.1,22.04,-0.69,-1.78,45.47,-70.67,41.84,0.15,0.0776,0.003,238000.0,4770000.0,0
BG_00800,Background_Point,Regional_Background,1.0,Background_Control,0,0,0,0,0.0472,0.1104,0.0,0.2788,39123.0,0.0737,1157.0,11.92,-8.03,-17.44,24.34,-76.35,44.89,0.1021,0.1964,0.0344,690000.0,4156000.0,0
BG_00801,Background_Point,Regional_Background,1.0,Background_Control,0,0,0,0,0.0408,0.001,0.0,0.1936,243211.8,0.0,674.2,20.05,9.63,-2.38,36.83,-67.14,-100.0,0.2855,0.0231,0.0179,676000.0,4664000.0,0
BG_00802,Background_Point,Regional_Background,1.0,Background_Control,0,0,0,0,0.0,0.1568,0.0001,0.1897,21540.7,0.2379,943.7,12.41,3.64,28.67,21.84,-70.49,66.4,0.2777,0.2,0.1065,558000.0,4060000.0,0
BG_00803,Background_Point,Regional_Background,1.0,Background_Control,0,0,0,0,0.0,0.0008,0.0,0.1762,250511.5,0.0,163.6,15.16,-3.63,12.99,31.72,-82.21,-100.0,0.3413,0.0932,0.0675,864000.0,4370000.0,0
BG_00804,Background_Point,Regional_Background,1.0,Background_Control,0,0,0,0,0.0,0.0676,0.0,0.0417,59228.4,0.0193,757.9,12.22,13.96,-3.28,24.66,-77.07,33.28,0.0148,0.2076,0.0295,538000.0,4022000.0,0
BG_00805,Background_Point,Regional_Background,1.0,Background_Control,0,0,0,0,0.0,0.0081,0.0,0.071,181019.3,0.0,1037.6,18.09,6.11,19.51,42.17,-83.97,-85.83,0.5443,0.0243,0.0,808000.0,4072000.0,0
BG_00806,Background_Point,Regional_Background,1.0,Background_Control,0,0,0,0,0.0,0.0006,0.0,0.0138,312410.0,0.0,650.5,11.71,-3.06,-1.42,26.3,-76.12,-100.0,0.0454,0.1029,0.0673,920000.0,4000000.0,0
BG_00807,Background_Point,Regional_Background,1.0,Background_Control,0,0,0,0,0.0,0.0707,0.0002,0.0223,79246.5,0.0051,537.4,14.75,10.39,16.95,31.15,-77.83,2.35,0.0786,0.0683,0.1517,614000.0,4278000.0,0
BG_00808,Background_Point,Regional_Background,1.0,Background_Control,0,0,0,0,0.0155,0.087,0.0001,0.0451,64899.9,0.0132,678.3,20.81,0.66,7.66,45.44,-76.65,28.06,0.0168,0.21,0.0,644000.0,4254000.0,0
BG_00809,Background_Point,Regional_Background,1.0,Background_Control,0,0,0,0,0.0,0.0034,0.0,0.2005,191760.3,0.0,966.4,11.52,5.49,-9.1,23.81,-80.02,-100.0,0.0872,0.0086,0.0768,864000.0,4146000.0,0
BG_00810,Background_Point,Regional_Background,1.0,Background_Control,0,0,0,0,0.0449,0.0995,0.0,0.1624,76193.5,0.0062,1155.8,24.76,4.77,12.34,49.48,-85.73,-4.14,0.0281,0.246,0.0,684000.0,4100000.0,0
BG_00811,Background_Point,Regional_Background,1.0,Background_Control,0,0,0,0,0.0479,0.0052,0.0001,0.0145,180709.7,0.0,529.6,13.44,-5.33,9.52,27.44,-76.6,-100.0,0.1436,0.1366,0.0224,364000.0,4000000.0,0
BG_00812,Background_Point,Regional_Background,1.0,Background_Control,0,0,0,0,0.0,0.0712,0.1832,0.2495,42100.0,0.0604,877.3,11.38,8.24,5.16,27.46,-72.5,30.2,0.1272,0.1284,0.0863,266000.0,4678000.0,0
BG_00813,Background_Point,Regional_Background,1.0,Background_Control,0,0,0,0,0.0488,0.0008,0.0,0.1488,276115.9,0.0,733.8,28.04,25.72,6.37,57.33,-83.29,-100.0,0.0362,0.049,0.0436,696000.0,4692000.0,0
BG_00814,Background_Point,Regional_Background,1.0,Background_Control,0,0,0,0,0.0,0.001,0.0011,0.0566,69079.7,0.01,229.5,14.22,-11.51,3.29,28.78,-79.55,12.01,0.0897,0.2162,0.0891,544000.0,4494000.0,0
BG_00815,Background_Point,Regional_Background,1.0,Background_Control,0,0,0,0,0.0,0.004,0.0,0.0657,242033.1,0.0,698.1,13.14,2.82,5.46,26.95,-81.23,-100.0,0.0687,0.1168,0.0222,622000.0,4824000.0,0
BG_00816,Background_Point,Regional_Background,1.0,Background_Control,0,0,0,0,0.0293,0.0001,0.0,0.0043,134059.7,0.0001,521.1,17.02,-7.17,8.17,34.58,-78.63,-66.91,0.0588,0.0359,0.0,146000.0,4016000.0,0
BG_00817,Background_Point,Regional_Background,1.0,Background_Control,0,0,0,0,0.0,0.0725,0.0692,0.1695,27995.6,0.1547,555.4,11.2,0.64,24.04,23.62,-83.88,48.24,0.1143,0.075,0.0509,476000.0,4230000.0,0
BG_00818,Background_Point,Regional_Background,1.0,Background_Control,0,0,0,0,0.0409,0.0002,0.0009,0.1799,19365.6,0.275,213.0,14.82,21.11,7.23,34.14,-73.36,74.07,0.1551,0.0811,0.1048,174000.0,4300000.0,0
BG_00819,Background_Point,Regional_Background,1.0,Background_Control,0,0,0,0,0.0457,0.0407,0.0,0.0065,128990.4,0.0002,935.5,15.08,-2.43,-10.92,31.45,-82.6,-41.34,0.0654,0.18,0.047,686000.0,4030000.0,0
BG_00820,Background_Point,Regional_Background,1.0,Background_Control,0,0,0,0,0.0,0.0055,0.0,0.1986,165939.7,0.0,974.3,14.99,6.28,26.16,31.42,-82.71,-89.25,0.0807,0.1056,0.0,840000.0,4156000.0,0
BG_00821,Background_Point,Regional_Background,1.0,Background_Control,0,0,0,0,0.0341,0.0,0.0,0.1131,493623.3,0.0,817.1,14.48,7.8,0.43,33.71,-74.61,-100.0,0.019,0.1242,0.1474,980000.0,4592000.0,0
BG_00822,Background_Point,Regional_Background,1.0,Background_Control,0,0,0,0,0.0862,0.0097,0.0648,0.2743,41231.1,0.064,468.7,12.94,2.25,2.2,24.67,-73.13,42.53,0.0847,0.0854,0.0789,348000.0,4154000.0,0
BG_00823,Background_Point,Regional_Background,1.0,Background_Control,0,0,0,0,0.0192,0.0005,0.0,0.0091,169186.3,0.0,190.9,18.04,-15.84,-6.87,41.5,-75.27,-95.89,0.2122,0.0493,0.0,648000.0,4540000.0,0
BG_00824,Background_Point,Regional_Background,1.0,Background_Control,0,0,0,0,0.0,0.0612,0.0478,0.2208,79820.8,0.0049,972.4,19.04,11.74,-2.81,38.5,-71.71,0.2,0.0387,0.1476,0.0262,294000.0,4652000.0,0
BG_00825,Background_Point,Regional_Background,1.0,Background_Control,0,0,0,0,0.0,0.1465,0.0971,0.069,44205.6,0.0525,399.0,11.65,4.06,-11.17,24.39,-72.89,60.94,0.0894,0.1574,0.0,254000.0,4778000.0,0
BG_00826,Background_Point,Regional_Background,1.0,Background_Control,0,0,0,0,0.0256,0.0159,0.0,0.0287,136235.1,0.0001,610.8,17.0,9.42,9.14,36.19,-77.79,-33.85,0.006,0.1889,0.0,446000.0,3992000.0,0
BG_00827,Background_Point,Regional_Background,1.0,Background_Control,0,0,0,0,0.0,0.0009,0.0821,0.1819,67470.7,0.0111,552.9,18.74,8.01,34.78,37.62,-76.62,30.36,0.0482,0.0332,0.0264,272000.0,4440000.0,0
BG_00828,Background_Point,Regional_Background,1.0,Background_Control,0,0,0,0,0.021,0.003,0.0005,0.0037,163082.8,0.0,503.4,18.4,7.46,-0.15,36.48,-73.36,-77.79,0.0123,0.2328,0.0,316000.0,4030000.0,0
BG_00829,Background_Point,Regional_Background,1.0,Background_Control,0,0,0,0,0.0,0.1982,0.0335,0.1182,65954.8,0.0123,108.6,12.62,13.71,3.41,25.74,-81.9,8.26,0.0739,0.2981,0.0685,288000.0,4832000.0,0
BG_00830,Background_Point,Regional_Background,1.0,Background_Control,0,0,0,0,0.0497,0.0111,0.0168,0.0499,88433.2,0.0028,833.5,12.32,-0.46,10.32,24.77,-80.11,-0.86,0.0573,0.1549,0.0,386000.0,4558000.0,0
BG_00831,Background_Point,Regional_Background,1.0,Background_Control,0,0,0,0,0.0,0.0018,0.0,0.0199,204948.8,0.0,376.9,12.89,16.55,0.39,28.42,-83.5,-100.0,0.0164,0.32,0.0,860000.0,4298000.0,0
BG_00832,Background_Point,Regional_Background,1.0,Background_Control,0,0,0,0,0.051,0.0088,0.0001,0.03,169811.7,0.0,581.4,12.9,-11.7,-19.6,28.93,-78.02,-92.41,0.0057,0.5394,0.0152,406000.0,3990000.0,0
BG_00833,Background_Point,Regional_Background,1.0,Background_Control,0,0,0,0,0.0,0.0085,0.0,0.0053,210447.1,0.0,695.8,13.87,-0.78,7.06,30.2,-80.94,-100.0,0.3799,0.0405,0.044,588000.0,4788000.0,0
BG_00834,Background_Point,Regional_Background,1.0,Background_Control,0,0,0,0,0.0418,0.0028,0.2064,0.2423,58731.3,0.0199,245.1,11.35,0.51,31.83,27.86,-68.25,17.16,0.1042,0.1114,0.108,424000.0,4400000.0,0
BG_00835,Background_Point,Regional_Background,1.0,Background_Control,0,0,0,0,0.0327,0.0008,0.0,0.1633,206620.4,0.0,460.6,14.01,11.32,7.72,28.04,-78.96,-100.0,0.1044,0.3556,0.0391,664000.0,4614000.0,0
BG_00836,Background_Point,Regional_Background,1.0,Background_Control,0,0,0,0,0.0,0.0001,0.0,0.0124,338851.0,0.0,296.4,13.53,4.08,-5.73,28.5,-73.12,-100.0,0.2229,0.1374,0.0,818000.0,4544000.0,0
BG_00837,Background_Point,Regional_Background,1.0,Background_Control,0,0,0,0,0.0037,0.0359,0.0,0.031,120283.0,0.0003,712.9,11.73,-4.9,0.21,24.92,-77.96,-36.64,0.0284,0.23,0.0,632000.0,3992000.0,0
BG_00838,Background_Point,Regional_Background,1.0,Background_Control,0,0,0,0,0.0134,0.0004,0.0,0.0355,311306.9,0.0,742.7,14.18,-2.69,14.46,30.78,-81.6,-100.0,0.1765,0.2466,0.03,956000.0,4056000.0,0
BG_00839,Background_Point,Regional_Background,1.0,Background_Control,0,0,0,0,0.0365,0.0083,0.0259,0.15,61611.7,0.0164,243.0,15.0,-3.4,16.51,28.34,-74.15,26.27,0.0721,0.2838,0.0347,434000.0,4340000.0,0
BG_00840,Background_Point,Regional_Background,1.0,Background_Control,0,0,0,0,0.0368,0.0156,0.0,0.0009,174211.4,0.0,888.5,12.63,11.29,-1.68,26.74,-84.94,-93.87,0.0002,0.2071,0.023,744000.0,4022000.0,0
BG_00841,Background_Point,Regional_Background,1.0,Background_Control,0,0,0,0,0.0396,0.0009,0.0,0.1984,229172.4,0.0,608.4,12.17,11.8,-4.77,26.06,-76.25,-100.0,0.0673,0.0407,0.0487,674000.0,4642000.0,0
BG_00842,Background_Point,Regional_Background,1.0,Background_Control,0,0,0,0,0.0424,0.0528,0.048,0.3237,23458.7,0.2093,616.1,11.14,4.51,11.0,26.4,-81.25,76.34,0.1261,0.2067,0.1882,434000.0,4168000.0,0
BG_00843,Background_Point,Regional_Background,1.0,Background_Control,0,0,0,0,0.0349,0.0029,0.2673,0.0856,55022.6,0.0255,647.0,13.94,2.73,-17.83,27.97,-72.52,25.16,0.119,0.0809,0.0646,352000.0,4488000.0,0
BG_00844,Background_Point,Regional_Background,1.0,Background_Control,0,0,0,0,0.0,0.0,0.0,0.1373,371171.1,0.0,540.5,11.29,8.07,7.38,26.55,-84.64,-100.0,0.0129,0.1716,0.0,842000.0,4602000.0,0
BG_00845,Background_Point,Regional_Background,1.0,Background_Control,0,0,0,0,0.0,0.1534,0.0187,0.3732,4999.3,0.7166,679.3,13.91,6.61,10.4,29.94,-75.25,81.42,0.7603,0.2109,0.3821,502000.0,4202000.0,0
BG_00846,Background_Point,Regional_Background,1.0,Background_Control,0,0,0,0,0.0501,0.0089,0.018,0.0417,75633.5,0.0065,755.6,16.92,-1.47,16.64,37.14,-78.49,19.82,0.0472,0.0895,0.071,394000.0,4548000.0,0
BG_00847,Background_Point,Regional_Background,1.0,Background_Control,0,0,0,0,0.0308,0.0001,0.0002,0.1849,96246.9,0.0016,279.1,17.93,-2.62,-4.35,36.27,-79.2,-9.16,0.2136,0.1319,0.0,136000.0,4368000.0,0
BG_00848,Background_Point,Regional_Background,1.0,Background_Control,0,0,0,0,0.0473,0.0407,0.0031,0.1796,144628.2,0.0001,903.0,11.19,4.01,10.64,24.34,-73.39,-48.75,0.0249,0.1303,0.0,376000.0,4622000.0,0
BG_00849,Background_Point,Regional_Background,1.0,Background_Control,0,0,0,0,0.0135,0.0042,0.0,0.1908,192509.7,0.0,0.0,13.17,15.41,-14.24,26.69,-75.64,-100.0,0.0044,0.0233,0.012,642000.0,4416000.0,0
BG_00850,Background_Point,Regional_Background,1.0,Background_Control,0,0,0,0,0.0319,0.0013,0.0821,0.3286,23127.4,0.214,305.7,15.94,-0.14,3.06,29.49,-75.18,43.22,0.3634,0.1767,0.178,342000.0,4380000.0,0
BG_00851,Background_Point,Regional_Background,1.0,Background_Control,0,0,0,0,0.0371,0.4633,0.1545,0.0955,46865.0,0.044,634.5,11.72,11.13,23.67,26.49,-69.27,48.88,0.4585,0.4436,0.0911,356000.0,4742000.0,0
BG_00852,Background_Point,Regional_Background,1.0,Background_Control,0,0,0,0,0.2847,0.0011,0.0347,0.2079,23276.4,0.2119,240.4,13.67,12.86,24.06,30.84,-63.45,106.26,0.1199,0.2062,0.2282,246000.0,4222000.0,0
BG_00853,Background_Point,Regional_Background,1.0,Background_Control,0,0,0,0,0.0707,0.0106,0.2323,0.231,10740.8,0.4887,314.2,16.38,8.13,23.21,34.72,-63.98,96.46,0.3381,0.0696,0.3374,374000.0,4246000.0,0
BG_00854,Background_Point,Regional_Background,1.0,Background_Control,0,0,0,0,0.0043,0.0215,0.0,0.028,118827.6,0.0004,605.8,11.71,0.61,23.14,30.97,-77.21,-41.94,0.0577,0.0981,0.0,468000.0,3994000.0,0
BG_00855,Background_Point,Regional_Background,1.0,Background_Control,0,0,0,0,0.0,0.0007,0.0001,0.0092,136367.2,0.0001,132.3,15.93,7.62,-28.8,31.35,-76.83,-43.88,0.1114,0.1098,0.0,616000.0,4510000.0,0
BG_00856,Background_Point,Regional_Background,1.0,Background_Control,0,0,0,0,0.0136,0.0888,0.0001,0.0438,66030.3,0.0123,669.0,25.96,10.15,-9.78,51.94,-75.64,29.4,0.2462,0.2403,0.0,642000.0,4254000.0,0
BG_00857,Background_Point,Regional_Background,1.0,Background_Control,0,0,0,0,0.0,0.0018,0.0003,0.0298,76157.7,0.0062,347.4,12.14,1.52,22.89,25.68,-75.55,7.32,0.0139,0.0891,0.0051,554000.0,4538000.0,0
BG_00858,Background_Point,Regional_Background,1.0,Background_Control,0,0,0,0,0.0,0.0001,0.0,0.0132,416691.7,0.0,752.5,12.7,3.7,0.35,26.46,-80.29,-100.0,0.2625,0.0151,0.0,796000.0,4796000.0,0
BG_00859,Background_Point,Regional_Background,1.0,Background_Control,0,0,0,0,0.0,0.0357,0.0002,0.0138,138463.0,0.0001,609.6,11.13,-3.25,5.76,23.54,-76.95,-42.6,0.0898,0.5359,0.0,516000.0,4794000.0,0
BG_00860,Background_Point,Regional_Background,1.0,Background_Control,0,0,0,0,0.0,0.0,0.0,0.0476,484016.5,0.0,626.5,13.03,-2.87,-5.62,29.44,-72.46,-100.0,0.3192,0.0593,0.0,864000.0,4816000.0,0
BG_00861,Background_Point,Regional_Background,1.0,Background_Control,0,0,0,0,0.0,0.0038,0.0013,0.1792,119331.5,0.0004,87.3,13.72,-3.67,10.04,27.57,-75.26,-39.24,0.2229,0.0583,0.0315,556000.0,4428000.0,0
BG_00862,Background_Point,Regional_Background,1.0,Background_Control,0,0,0,0,0.0053,0.0021,0.0002,0.0033,184390.9,0.0,505.7,12.52,-2.86,-13.2,25.7,-82.93,-92.95,0.1476,0.1859,0.0453,304000.0,4012000.0,0
BG_00863,Background_Point,Regional_Background,1.0,Background_Control,0,0,0,0,0.0227,0.0001,0.0,0.18,363279.5,0.0,272.7,15.58,10.39,5.73,32.84,-86.12,-100.0,0.1899,0.0379,0.0,966000.0,4424000.0,0
BG_00864,Background_Point,Regional_Background,1.0,Background_Control,0,0,0,0,0.0776,0.0111,0.2369,0.1826,30661.4,0.1295,364.8,11.62,13.49,5.97,24.84,-72.16,92.36,0.6085,0.1135,0.2201,366000.0,4220000.0,0
BG_00865,Background_Point,Regional_Background,1.0,Background_Control,0,0,0,0,0.0,0.0,0.0,0.1858,453060.7,0.0,766.7,15.45,-5.01,-14.93,34.84,-89.46,-100.0,0.1829,0.0071,0.0344,920000.0,4628000.0,0
BG_00866,Background_Point,Regional_Background,1.0,Background_Control,0,0,0,0,0.0,0.0008,0.0001,0.0059,118067.8,0.0004,198.2,18.34,10.49,8.47,38.13,-81.97,-27.27,0.2024,0.3058,0.0401,598000.0,4524000.0,0
BG_00867,Background_Point,Regional_Background,1.0,Background_Control,0,0,0,0,0.0,0.0228,0.0144,0.0743,74242.8,0.0071,281.7,13.52,18.83,-2.36,26.91,-81.45,27.24,0.2853,0.2318,0.0137,486000.0,4314000.0,0
BG_00868,Background_Point,Regional_Background,1.0,Background_Control,0,0,0,0,0.0,0.0087,0.0,0.1809,138463.0,0.0001,1011.4,12.06,4.18,8.21,25.7,-76.62,-73.26,0.0079,0.0985,0.0,816000.0,4174000.0,0
BG_00869,Background_Point,Regional_Background,1.0,Background_Control,0,0,0,0,0.0,0.0031,0.0003,0.1571,142056.3,0.0001,16.1,19.42,13.97,14.86,41.99,-78.09,-66.9,0.2316,0.0689,0.048,596000.0,4438000.0,0
BG_00870,Background_Point,Regional_Background,1.0,Background_Control,0,0,0,0,0.0,0.0198,0.0076,0.1291,116651.5,0.0004,1024.2,14.97,3.91,25.62,32.45,-87.13,-25.86,0.0481,0.1008,0.0,282000.0,4596000.0,0
BG_00871,Background_Point,Regional_Background,1.0,Background_Control,0,0,0,0,0.0,0.1398,0.0294,0.0897,75636.4,0.0065,146.7,13.56,-1.24,21.52,29.43,-80.98,-11.06,0.0861,0.2609,0.021,262000.0,4824000.0,0
BG_00872,Background_Point,Regional_Background,1.0,Background_Control,0,0,0,0,0.2391,0.0023,0.059,0.2719,35798.0,0.0919,329.7,15.89,-6.72,-7.7,34.62,-64.18,92.57,0.1973,0.2239,0.1376,278000.0,4172000.0,0
BG_00873,Background_Point,Regional_Background,1.0,Background_Control,0,0,0,0,0.0794,0.0154,0.0648,0.3641,16124.5,0.3413,477.6,16.85,7.91,18.4,35.15,-80.16,66.2,0.2174,0.0607,0.2173,372000.0,4166000.0,0
BG_00874,Background_Point,Regional_Background,1.0,Background_Control,0,0,0,0,0.0,0.0,0.0,0.064,437104.1,0.0,582.1,13.81,6.65,8.06,31.0,-86.47,-100.0,0.0065,0.0489,0.0011,914000.0,4572000.0,0
BG_00875,Background_Point,Regional_Background,1.0,Background_Control,0,0,0,0,0.0567,0.005,0.0371,0.1005,50526.3,0.0344,249.0,26.77,5.47,10.91,53.34,-76.31,28.62,0.2198,0.3118,0.0,370000.0,4312000.0,0
BG_00876,Background_Point,Regional_Background,1.0,Background_Control,0,0,0,0,0.0281,0.6338,0.2473,0.1316,26870.8,0.1667,547.8,12.41,12.24,31.76,26.23,-70.55,70.48,0.2458,0.7509,0.1322,344000.0,4758000.0,0
BG_00877,Background_Point,Regional_Background,1.0,Background_Control,0,0,0,0,0.0,0.1373,0.3226,0.1793,19418.5,0.274,566.5,12.84,0.21,5.92,26.13,-75.3,50.98,0.2993,0.1343,0.2161,256000.0,4748000.0,0
BG_00878,Background_Point,Regional_Background,1.0,Background_Control,0,0,0,0,0.0194,0.0001,0.0003,0.2023,100908.7,0.0012,314.1,12.81,-5.08,11.92,27.05,-77.28,-13.32,0.0084,0.1016,0.0,146000.0,4382000.0,0
BG_00879,Background_Point,Regional_Background,1.0,Background_Control,0,0,0,0,0.0382,0.0177,0.0,0.0135,93509.4,0.002,625.5,12.32,-0.48,22.47,27.66,-77.95,-7.45,0.1523,0.0671,0.0529,742000.0,4270000.0,0
BG_00880,Background_Point,Regional_Background,1.0,Background_Control,0,0,0,0,0.0,0.0001,0.0,0.0267,377004.0,0.0,349.3,19.97,3.27,-0.43,41.99,-77.15,-100.0,0.0082,0.0495,0.0175,916000.0,4494000.0,0
BG_00881,Background_Point,Regional_Background,1.0,Background_Control,0,0,0,0,0.0,0.0003,0.0013,0.2391,25645.8,0.1809,230.2,13.1,8.96,-12.04,28.51,-78.13,75.02,0.0852,0.1335,0.0782,214000.0,4340000.0,0
BG_00882,Background_Point,Regional_Background,1.0,Background_Control,0,0,0,0,0.0268,0.0002,0.0,0.0133,114629.8,0.0005,499.9,11.49,15.11,-3.57,27.25,-87.89,-26.7,0.2772,0.023,0.0166,162000.0,4036000.0,0
BG_00883,Background_Point,Regional_Background,1.0,Background_Control,0,0,0,0,0.0395,0.0,0.0,0.163,516003.9,0.0,842.1,14.86,5.6,-2.08,30.33,-76.49,-100.0,0.0369,0.2729,0.0,988000.0,4614000.0,0
BG_00884,Background_Point,Regional_Background,1.0,Background_Control,0,0,0,0,0.0,0.001,0.0,0.198,240840.2,0.0,69.3,14.06,-0.07,1.49,31.64,-81.24,-100.0,0.0982,0.0031,0.0514,828000.0,4390000.0,0
BG_00885,Background_Point,Regional_Background,1.0,Background_Control,0,0,0,0,0.0243,0.0003,0.0,0.0216,380426.1,0.0,779.1,17.06,7.39,8.79,38.55,-79.59,-100.0,0.275,0.0847,0.0795,760000.0,4802000.0,0
BG_00886,Background_Point,Regional_Background,1.0,Background_Control,0,0,0,0,0.0483,0.0013,0.0,0.1225,249447.4,0.0,0.0,19.78,-1.38,39.23,39.35,-75.22,-100.0,0.0062,0.174,0.0,720000.0,4452000.0,0
BG_00887,Background_Point,Regional_Background,1.0,Background_Control,0,0,0,0,0.05,0.0007,0.0,0.0326,318226.3,0.0,790.1,17.47,7.14,16.42,36.06,-75.4,-100.0,0.3156,0.0554,0.0389,708000.0,4742000.0,0
BG_00888,Background_Point,Regional_Background,1.0,Background_Control,0,0,0,0,0.0087,0.0298,0.0001,0.0091,106018.9,0.0009,667.1,11.18,17.12,9.51,25.75,-78.93,-10.28,0.1574,0.1519,0.0,464000.0,4018000.0,0
BG_00889,Background_Point,Regional_Background,1.0,Background_Control,0,0,0,0,0.0941,0.0001,0.0004,0.065,47539.5,0.042,254.2,18.72,-7.8,9.34,37.02,-73.53,43.43,0.1671,0.0586,0.1628,136000.0,4262000.0,0
BG_00890,Background_Point,Regional_Background,1.0,Background_Control,0,0,0,0,0.0,0.0743,0.0559,0.2195,77195.7,0.0058,954.1,15.25,-2.49,-17.28,33.17,-77.7,3.16,0.3232,0.1925,0.0,300000.0,4660000.0,0
BG_00891,Background_Point,Regional_Background,1.0,Background_Control,0,0,0,0,0.0,0.0053,0.0,0.0025,234776.5,0.0,741.4,16.98,-7.2,6.88,35.62,-77.41,-100.0,0.0526,0.0399,0.0668,612000.0,4784000.0,0
BG_00892,Background_Point,Regional_Background,1.0,Background_Control,0,0,0,0,0.0152,0.0063,0.0,0.0446,221236.2,0.0,629.9,11.6,13.59,-2.89,22.36,-77.74,-100.0,0.0924,0.1922,0.0,770000.0,3982000.0,0
BG_00893,Background_Point,Regional_Background,1.0,Background_Control,0,0,0,0,0.0227,0.0017,0.0376,0.2514,13318.7,0.4115,425.6,14.52,-6.55,1.59,29.51,-77.91,82.11,0.4483,0.1126,0.0992,448000.0,4478000.0,0
BG_00894,Background_Point,Regional_Background,1.0,Background_Control,0,0,0,0,0.006,0.002,0.0002,0.0118,192010.4,0.0,531.4,15.56,4.83,28.43,33.12,-80.47,-100.0,0.0361,0.012,0.0,308000.0,4002000.0,0
BG_00895,Background_Point,Regional_Background,1.0,Background_Control,0,0,0,0,0.0,0.003,0.0034,0.0088,142351.7,0.0001,933.4,19.09,5.21,22.69,35.12,-82.25,-69.5,0.0022,0.043,0.0,190000.0,4538000.0,0
BG_00896,Background_Point,Regional_Background,1.0,Background_Control,0,0,0,0,0.0,0.0,0.0,0.0137,482535.0,0.0,712.2,12.97,-1.31,5.42,25.86,-84.92,-100.0,0.0674,0.0755,0.0,902000.0,4754000.0,0
BG_00897,Background_Point,Regional_Background,1.0,Background_Control,0,0,0,0,0.0276,0.1493,0.0033,0.0603,64031.2,0.014,470.9,20.47,9.04,13.14,41.15,-83.9,34.93,0.1942,0.2122,0.0533,442000.0,4804000.0,0
BG_00898,Background_Point,Regional_Background,1.0,Background_Control,0,0,0,0,0.0567,0.0199,0.001,0.0577,118456.7,0.0004,651.7,18.41,10.02,8.52,41.32,-78.08,-38.79,0.0312,0.1043,0.0657,404000.0,4064000.0,0
BG_00899,Background_Point,Regional_Background,1.0,Background_Control,0,0,0,0,0.0551,0.0135,0.0003,0.0057,149345.2,0.0,613.9,11.41,3.89,17.0,25.92,-75.29,-67.18,0.1208,0.1536,0.0,400000.0,4032000.0,0
BG_00900,Background_Point,Regional_Background,1.0,Background_Control,0,0,0,0,0.023,0.0189,0.0159,0.0913,137129.7,0.0001,956.3,15.05,-7.32,16.13,30.8,-77.17,-44.73,0.1398,0.0592,0.047,338000.0,4582000.0,0
BG_00901,Background_Point,Regional_Background,1.0,Background_Control,0,0,0,0,0.0207,0.0034,0.0116,0.1879,14522.5,0.3798,505.4,18.42,-1.52,14.21,37.2,-75.7,66.77,0.3511,0.1664,0.2022,450000.0,4514000.0,0
BG_00902,Background_Point,Regional_Background,1.0,Background_Control,0,0,0,0,0.0,0.0034,0.0,0.0028,238529.6,0.0,788.7,11.87,-1.24,-6.75,27.04,-89.79,-100.0,0.1376,0.0997,0.0015,828000.0,4012000.0,0
BG_00903,Background_Point,Regional_Background,1.0,Background_Control,0,0,0,0,0.0077,0.1465,0.0,0.1056,64210.5,0.0138,1091.2,14.49,16.29,-1.26,31.73,-81.08,14.68,0.0528,0.1308,0.0296,636000.0,4072000.0,0
BG_00904,Background_Point,Regional_Background,1.0,Background_Control,0,0,0,0,0.0456,0.0005,0.0,0.091,316101.2,0.0,733.2,13.63,13.14,-1.16,31.91,-75.12,-100.0,0.0403,0.1612,0.0,728000.0,4716000.0,0
BG_00905,Background_Point,Regional_Background,1.0,Background_Control,0,0,0,0,0.0,0.0293,0.0001,0.0729,118338.5,0.0004,315.0,24.85,-1.69,11.37,50.13,-87.34,-33.34,0.0311,0.2646,0.0461,620000.0,4322000.0,0
BG_00906,Background_Point,Regional_Background,1.0,Background_Control,0,0,0,0,0.0,0.2183,0.138,0.0907,36682.8,0.0867,343.1,11.23,4.38,7.17,23.83,-76.3,43.16,0.1458,0.2068,0.0325,274000.0,4784000.0,0
BG_00907,Background_Point,Regional_Background,1.0,Background_Control,0,0,0,0,0.0407,0.0002,0.0,0.014,323938.3,0.0,281.4,15.89,22.0,-3.21,38.71,-74.94,-100.0,0.1138,0.0759,0.0,990000.0,4294000.0,0
BG_00908,Background_Point,Regional_Background,1.0,Background_Control,0,0,0,0,0.0,0.018,0.0001,0.1803,161554.9,0.0,757.8,12.73,20.73,12.0,26.88,-78.9,-60.48,0.0443,0.0159,0.0334,522000.0,4676000.0,0
BG_00909,Background_Point,Regional_Background,1.0,Background_Control,0,0,0,0,0.0439,0.0011,0.0,0.1352,269236.0,0.0,753.0,11.21,4.3,15.22,27.11,-80.71,-100.0,0.2333,0.0554,0.0505,682000.0,4698000.0,0
BG_00910,Background_Point,Regional_Background,1.0,Background_Control,0,0,0,0,0.0343,0.12,0.0,0.257,18371.9,0.2938,926.8,15.97,5.87,1.06,35.37,-81.85,57.88,0.2495,0.1237,0.1497,666000.0,4212000.0,0
BG_00911,Background_Point,Regional_Background,1.0,Background_Control,0,0,0,0,0.0596,0.0075,0.0046,0.1153,100657.8,0.0012,525.5,11.36,16.12,13.54,24.89,-78.79,8.82,0.0142,0.1175,0.0,344000.0,4086000.0,0
BG_00912,Background_Point,Regional_Background,1.0,Background_Control,0,0,0,0,0.0438,0.0013,0.0,0.1368,251435.9,0.0,0.0,13.71,-4.78,11.38,32.09,-74.57,-100.0,0.1071,0.1376,0.0911,732000.0,4446000.0,0
BG_00913,Background_Point,Regional_Background,1.0,Background_Control,0,0,0,0,0.0438,0.0003,0.0,0.1987,286356.4,0.0,618.2,11.9,5.58,22.49,26.86,-71.52,-100.0,0.0296,0.1789,0.1146,732000.0,4656000.0,0
BG_00914,Background_Point,Regional_Background,1.0,Background_Control,0,0,0,0,0.1647,0.0002,0.001,0.0988,52801.5,0.0296,252.1,14.88,8.25,24.52,33.07,-66.88,46.43,0.2658,0.1712,0.1201,158000.0,4232000.0,0
BG_00915,Background_Point,Regional_Background,1.0,Background_Control,0,0,0,0,0.032,0.0011,0.1255,0.3988,12326.8,0.4396,347.9,13.69,1.34,-21.55,30.13,-68.62,82.61,0.4239,0.1385,0.209,344000.0,4396000.0,0
BG_00916,Background_Point,Regional_Background,1.0,Background_Control,0,0,0,0,0.0,0.0271,0.0003,0.0931,114560.0,0.0005,272.8,20.13,-12.8,31.95,39.63,-83.47,-36.91,0.0289,0.1932,0.0135,592000.0,4330000.0,0
BG_00917,Background_Point,Regional_Background,1.0,Background_Control,0,0,0,0,0.0244,0.0,0.0,0.0977,389343.0,0.0,366.6,11.78,4.59,24.93,25.49,-79.09,-100.0,0.0181,0.0346,0.0002,968000.0,4462000.0,0
BG_00918,Background_Point,Regional_Background,1.0,Background_Control,0,0,0,0,0.0488,0.0335,0.0,0.0037,138717.0,0.0001,894.1,13.75,3.35,-2.85,31.02,-79.67,-69.47,0.0611,0.1704,0.0067,696000.0,4026000.0,0
BG_00919,Background_Point,Regional_Background,1.0,Background_Control,0,0,0,0,0.0,0.029,0.0053,0.0655,125594.7,0.0002,127.7,12.57,5.42,-3.62,24.22,-79.01,-58.48,0.2406,0.0474,0.0508,178000.0,4822000.0,0
BG_00920,Background_Point,Regional_Background,1.0,Background_Control,0,0,0,0,0.0244,0.0014,0.0355,0.2724,29903.2,0.1362,273.5,19.69,-0.45,-8.64,39.83,-70.85,39.28,0.1228,0.0261,0.0435,330000.0,4362000.0,0
BG_00921,Background_Point,Regional_Background,1.0,Background_Control,0,0,0,0,0.0,0.0013,0.0002,0.0013,172726.3,0.0,545.2,18.32,-2.34,-8.87,40.86,-78.09,-95.61,0.2368,0.0021,0.0,274000.0,4018000.0,0
BG_00922,Background_Point,Regional_Background,1.0,Background_Control,0,0,0,0,0.042,0.4125,0.0273,0.2648,11592.5,0.4617,245.9,12.45,6.15,5.17,29.78,-69.53,55.6,0.3023,0.3779,0.2442,364000.0,4822000.0,0
BG_00923,Background_Point,Regional_Background,1.0,Background_Control,0,0,0,0,0.0,0.0439,0.0364,0.0257,74728.4,0.0069,462.3,23.8,2.41,31.67,46.93,-84.12,12.93,0.0281,0.1746,0.027,194000.0,4770000.0,0
BG_00924,Background_Point,Regional_Background,1.0,Background_Control,0,0,0,0,0.0,0.0441,0.0006,0.0482,89286.1,0.0026,355.1,17.75,0.88,20.94,35.07,-83.53,-4.96,0.0313,0.0887,0.014,584000.0,4306000.0,0
BG_00925,Background_Point,Regional_Background,1.0,Background_Control,0,0,0,0,0.0396,0.0537,0.0,0.0151,114975.3,0.0005,967.5,18.04,9.41,32.23,35.04,-84.75,-65.04,0.0134,0.0584,0.0849,674000.0,4038000.0,0
BG_00926,Background_Point,Regional_Background,1.0,Background_Control,0,0,0,0,0.0,0.0807,0.0407,0.1357,32759.7,0.1126,530.2,12.53,11.75,-6.15,23.4,-79.67,57.33,0.065,0.2141,0.1098,490000.0,4238000.0,0
BG_00927,Background_Point,Regional_Background,1.0,Background_Control,0,0,0,0,0.0453,0.0053,0.0636,0.1758,78000.0,0.0055,243.3,19.8,7.1,0.77,41.93,-84.34,0.95,0.1888,0.1819,0.0559,420000.0,4358000.0,0
BG_00928,Background_Point,Regional_Background,1.0,Background_Control,0,0,0,0,0.0437,0.2494,0.0094,0.0755,46043.5,0.0464,471.1,13.64,4.3,9.12,30.69,-79.31,46.6,0.0437,0.2443,0.1159,418000.0,4794000.0,0
BG_00929,Background_Point,Regional_Background,1.0,Background_Control,0,0,0,0,0.016,0.0015,0.0188,0.111,47302.8,0.0427,185.2,12.94,5.83,1.87,30.02,-76.46,50.54,0.2372,0.2389,0.0045,298000.0,4314000.0,0
BG_00930,Background_Point,Regional_Background,1.0,Background_Control,0,0,0,0,0.0,0.0046,0.0656,0.0033,135568.3,0.0001,867.0,12.04,4.53,-9.89,30.09,-81.33,-52.75,0.0595,0.0659,0.0726,268000.0,4524000.0,0
BG_00931,Background_Point,Regional_Background,1.0,Background_Control,0,0,0,0,0.0262,0.0,0.0,0.1326,494064.8,0.0,760.4,25.14,18.23,15.24,49.69,-82.25,-100.0,0.009,0.1258,0.0624,970000.0,4600000.0,0
BG_00932,Background_Point,Regional_Background,1.0,Background_Control,0,0,0,0,0.4893,0.001,0.0099,0.304,31058.3,0.1261,353.2,24.77,5.51,15.95,52.03,-49.53,119.53,0.4486,0.2833,0.3651,234000.0,4156000.0,0
BG_00933,Background_Point,Regional_Background,1.0,Background_Control,0,0,0,0,0.0215,0.0062,0.1425,0.0129,94647.4,0.0018,812.9,13.84,-3.66,16.99,29.97,-73.96,-7.83,0.1658,0.0572,0.0834,336000.0,4526000.0,0
BG_00934,Background_Point,Regional_Background,1.0,Background_Control,0,0,0,0,0.0132,0.0003,0.0,0.0121,292438.0,0.0,90.4,26.83,0.23,11.65,58.65,-73.73,-100.0,0.1866,0.0084,0.0,772000.0,4504000.0,0
BG_00935,Background_Point,Regional_Background,1.0,Background_Control,0,0,0,0,0.0152,0.0002,0.0,0.1952,322899.4,0.0,643.2,19.08,7.66,13.32,41.75,-81.41,-100.0,0.0192,0.0569,0.0,770000.0,4662000.0,0
BG_00936,Background_Point,Regional_Background,1.0,Background_Control,0,0,0,0,0.0465,0.0458,0.0,0.0448,60531.0,0.0177,672.4,11.52,5.17,24.18,28.36,-78.6,47.0,0.2566,0.2515,0.0,688000.0,4260000.0,0
BG_00937,Background_Point,Regional_Background,1.0,Background_Control,0,0,0,0,0.0525,0.0259,0.665,0.12,37842.3,0.0802,435.8,16.54,-2.8,6.99,35.48,-54.63,59.71,0.3339,0.0928,0.3989,420000.0,4238000.0,0
BG_00938,Background_Point,Regional_Background,1.0,Background_Control,0,0,0,0,0.0478,0.086,0.0,0.3252,12000.0,0.4493,977.2,20.31,3.66,-1.21,41.64,-76.3,81.0,0.2372,0.1337,0.2928,692000.0,4200000.0,0
BG_00939,Background_Point,Regional_Background,1.0,Background_Control,0,0,0,0,0.0,0.002,0.0,0.1046,206155.3,0.0,739.7,13.75,-4.1,3.33,29.33,-85.89,-100.0,0.0327,0.165,0.0326,886000.0,4208000.0,0
BG_00940,Background_Point,Regional_Background,1.0,Background_Control,0,0,0,0,0.0489,0.0023,0.1045,0.2318,48770.5,0.0387,267.3,17.61,0.95,11.24,34.96,-75.09,14.93,0.2824,0.1225,0.1653,368000.0,4368000.0,0
BG_00941,Background_Point,Regional_Background,1.0,Background_Control,0,0,0,0,0.0,0.0002,0.0,0.0454,171813.9,0.0,509.9,11.85,-7.97,18.57,23.54,-80.24,-100.0,0.0119,0.0891,0.039,186000.0,3982000.0,0
BG_00942,Background_Point,Regional_Background,1.0,Background_Control,0,0,0,0,0.0,0.0106,0.0399,0.0368,142120.3,0.0001,956.3,21.72,12.29,2.62,42.02,-79.25,-49.08,0.2528,0.1303,0.0748,300000.0,4558000.0,0
BG_00943,Background_Point,Regional_Background,1.0,Background_Control,0,0,0,0,0.0243,0.0002,0.0,0.1896,316708.1,0.0,684.7,18.54,-1.34,13.42,36.55,-74.62,-100.0,0.0726,0.043,0.0372,760000.0,4668000.0,0
BG_00944,Background_Point,Regional_Background,1.0,Background_Control,0,0,0,0,0.0418,0.0256,0.0,0.0341,145265.0,0.0001,1034.5,12.16,2.7,-11.61,29.02,-77.21,-62.75,0.1225,0.0469,0.0165,736000.0,4054000.0,0
BG_00945,Background_Point,Regional_Background,1.0,Background_Control,0,0,0,0,0.0,0.0,0.0,0.1326,347338.5,0.0,464.2,11.48,-1.37,-11.06,25.9,-75.7,-100.0,0.1678,0.1069,0.0,818000.0,4600000.0,0
BG_00946,Background_Point,Regional_Background,1.0,Background_Control,0,0,0,0,0.0,0.0023,0.0001,0.056,92130.3,0.0022,434.0,13.42,14.13,35.87,28.07,-75.93,-5.57,0.1012,0.0222,0.0,562000.0,4562000.0,0
BG_00947,Background_Point,Regional_Background,1.0,Background_Control,0,0,0,0,0.0,0.0001,0.0,0.1181,334293.3,0.0,440.1,14.61,9.17,-18.21,32.21,-76.12,-100.0,0.1694,0.1071,0.0481,806000.0,4594000.0,0
BG_00948,Background_Point,Regional_Background,1.0,Background_Control,0,0,0,0,0.0852,0.0052,0.0209,0.2026,83546.4,0.0038,453.1,12.77,11.47,-6.05,26.16,-74.62,1.03,0.2151,0.2959,0.0259,318000.0,4124000.0,0
BG_00949,Background_Point,Regional_Background,1.0,Background_Control,0,0,0,0,0.0,0.0028,0.0,0.11,218833.3,0.0,978.4,12.51,-2.43,24.43,29.21,-81.59,-100.0,0.0954,0.125,0.0,868000.0,4088000.0,0
BG_00950,Background_Point,Regional_Background,1.0,Background_Control,0,0,0,0,0.019,0.0004,0.0,0.1048,304171.0,0.0,758.7,11.12,6.42,18.95,22.39,-76.55,-100.0,0.1248,0.2284,0.0,962000.0,4086000.0,0
BG_00951,Background_Point,Regional_Background,1.0,Background_Control,0,0,0,0,0.0614,0.0331,0.0442,0.3273,24098.4,0.2006,582.3,11.1,7.63,-4.4,27.47,-80.51,61.11,0.1477,0.1814,0.1678,410000.0,4162000.0,0
BG_00952,Background_Point,Regional_Background,1.0,Background_Control,0,0,0,0,0.0037,0.0167,0.0001,0.1332,146860.5,0.0001,177.2,11.74,7.16,9.82,26.05,-79.58,-50.38,0.0081,0.0508,0.0,632000.0,4348000.0,0
BG_00953,Background_Point,Regional_Background,1.0,Background_Control,0,0,0,0,0.0011,0.0003,0.0001,0.0096,125538.8,0.0002,502.9,16.69,2.69,3.45,31.95,-76.46,-42.63,0.4694,0.147,0.0,198000.0,4034000.0,0
BG_00954,Background_Point,Regional_Background,1.0,Background_Control,0,0,0,0,0.0014,0.0013,0.0,0.1942,236135.6,0.0,13.5,20.49,13.03,-14.22,39.87,-80.21,-100.0,0.2379,0.0769,0.0,784000.0,4412000.0,0
BG_00955,Background_Point,Regional_Background,1.0,Background_Control,0,0,0,0,0.0,0.0006,0.0127,0.1802,92483.5,0.0021,528.2,11.64,9.88,6.8,24.21,-82.36,-8.35,0.0464,0.105,0.0,222000.0,4432000.0,0
BG_00956,Background_Point,Regional_Background,1.0,Background_Control,0,0,0,0,0.0327,0.0225,0.0,0.0506,150811.7,0.0,645.3,16.11,10.94,10.56,35.99,-76.81,-78.03,0.0056,0.2923,0.0,664000.0,3980000.0,0
BG_00957,Background_Point,Regional_Background,1.0,Background_Control,0,0,0,0,0.0243,0.0061,0.0043,0.091,40152.8,0.0688,619.9,12.25,18.35,32.8,26.69,-75.68,43.95,0.1485,0.0327,0.0366,446000.0,4544000.0,0
BG_00958,Background_Point,Regional_Background,1.0,Background_Control,0,0,0,0,0.067,0.0029,0.006,0.1422,108463.2,0.0007,476.7,11.68,5.3,2.48,26.69,-74.31,-22.67,0.2025,0.2517,0.1319,292000.0,4098000.0,0
BG_00959,Background_Point,Regional_Background,1.0,Background_Control,0,0,0,0,0.0,0.0044,0.0,0.0706,204900.0,0.0,1019.8,13.11,11.08,11.24,26.05,-80.78,-100.0,0.1611,0.0433,0.0381,840000.0,4072000.0,0
BG_00960,Background_Point,Regional_Background,1.0,Background_Control,0,0,0,0,0.0074,0.0004,0.0,0.0302,299312.5,0.0,32.6,16.67,10.98,27.39,34.94,-79.27,-100.0,0.1053,0.0119,0.0,778000.0,4492000.0,0
BG_00961,Background_Point,Regional_Background,1.0,Background_Control,0,0,0,0,0.0,0.0057,0.0018,0.2019,131520.9,0.0002,100.7,14.25,11.13,4.24,35.63,-77.22,-54.74,0.0935,0.0521,0.0476,548000.0,4406000.0,0
BG_00962,Background_Point,Regional_Background,1.0,Background_Control,0,0,0,0,0.0,0.0001,0.0,0.0282,462916.8,0.0,662.3,11.7,2.83,16.06,23.51,-76.72,-100.0,0.0372,0.0162,0.0,844000.0,4806000.0,0
BG_00963,Background_Point,Regional_Background,1.0,Background_Control,0,0,0,0,0.0,0.002,0.0015,0.085,38000.0,0.0794,339.0,11.71,9.43,5.34,28.41,-78.06,59.78,0.1304,0.1983,0.1421,518000.0,4520000.0,0
BG_00964,Background_Point,Regional_Background,1.0,Background_Control,0,0,0,0,0.0,0.0025,0.0043,0.0019,154207.7,0.0,887.9,12.48,2.21,-13.14,28.21,-82.07,-73.08,0.0063,0.2045,0.0257,192000.0,4526000.0,0
BG_00965,Background_Point,Regional_Background,1.0,Background_Control,0,0,0,0,0.0,0.0142,0.0242,0.0661,149309.3,0.0,975.8,15.45,-5.46,14.9,34.16,-79.62,-71.79,0.1186,0.1389,0.0,306000.0,4572000.0,0
BG_00966,Background_Point,Regional_Background,1.0,Background_Control,0,0,0,0,0.0519,0.0071,0.0015,0.0439,125634.4,0.0002,566.2,12.51,-11.94,-1.52,31.15,-79.84,-23.66,0.0112,0.0442,0.0,350000.0,4058000.0,0
BG_00967,Background_Point,Regional_Background,1.0,Background_Control,0,0,0,0,0.0035,0.0001,0.0,0.1941,340147.0,0.0,239.0,11.54,8.65,8.44,22.96,-78.94,-100.0,0.0041,0.0306,0.014,946000.0,4412000.0,0
BG_00968,Background_Point,Regional_Background,1.0,Background_Control,0,0,0,0,0.0216,0.0757,0.0065,0.2078,72673.8,0.0079,742.6,14.77,8.21,10.78,33.07,-85.76,-7.98,0.197,0.2576,0.0,454000.0,4122000.0,0
BG_00969,Background_Point,Regional_Background,1.0,Background_Control,0,0,0,0,0.0,0.001,0.0001,0.0198,191680.0,0.0,524.2,28.72,15.2,22.22,59.94,-80.6,-100.0,0.0274,0.0278,0.0,272000.0,3996000.0,0
BG_00970,Background_Point,Regional_Background,1.0,Background_Control,0,0,0,0,0.0488,0.0013,0.2957,0.3654,7541.3,0.6049,460.4,16.44,20.13,-5.79,33.9,-69.65,73.68,0.6832,0.2189,0.5012,378000.0,4448000.0,0
BG_00971,Background_Point,Regional_Background,1.0,Background_Control,0,0,0,0,0.0456,0.0499,0.0,0.2265,54589.4,0.0263,1093.2,14.06,-6.17,7.08,32.71,-74.81,40.52,0.0491,0.3947,0.0,728000.0,4174000.0,0
BG_00972,Background_Point,Regional_Background,1.0,Background_Control,0,0,0,0,0.0,0.0034,0.0001,0.1253,111946.4,0.0006,527.8,11.68,-12.71,6.52,27.29,-81.25,-28.65,0.0246,0.0035,0.0,564000.0,4594000.0,0
BG_00973,Background_Point,Regional_Background,1.0,Background_Control,0,0,0,0,0.0394,0.0144,0.0028,0.1076,82219.2,0.0042,800.0,21.62,-5.77,0.11,46.16,-80.62,-8.51,0.0295,0.0596,0.0425,426000.0,4582000.0,0
BG_00974,Background_Point,Regional_Background,1.0,Background_Control,0,0,0,0,0.0,0.1164,0.3181,0.1666,22639.1,0.2211,589.6,14.78,10.29,-15.1,34.27,-70.84,61.24,0.5265,0.1279,0.2352,248000.0,4746000.0,0
BG_00975,Background_Point,Regional_Background,1.0,Background_Control,0,0,0,0,0.0,0.0022,0.0,0.1996,190031.6,0.0,600.1,11.12,-9.06,8.76,23.75,-82.19,-100.0,0.044,0.0173,0.0087,624000.0,4644000.0,0
BG_00976,Background_Point,Regional_Background,1.0,Background_Control,0,0,0,0,0.0,0.0392,0.0007,0.058,93744.3,0.0019,353.9,12.01,2.1,-1.38,29.54,-83.64,-20.69,0.1201,0.179,0.0264,578000.0,4312000.0,0
BG_00977,Background_Point,Regional_Background,1.0,Background_Control,0,0,0,0,0.0,0.0082,0.0003,0.141,77201.0,0.0058,659.0,11.99,-2.13,14.2,25.66,-76.82,11.7,0.2294,0.0091,0.0871,502000.0,4594000.0,0
BG_00978,Background_Point,Regional_Background,1.0,Background_Control,0,0,0,0,0.0,0.0057,0.0,0.1534,203578.0,0.0,740.1,13.89,-5.24,-0.38,29.78,-76.94,-100.0,0.1857,0.0182,0.0228,592000.0,4690000.0,0
BG_00979,Background_Point,Regional_Background,1.0,Background_Control,0,0,0,0,0.0326,0.0,0.0,0.0223,547711.6,0.0,657.3,11.1,4.48,3.87,24.92,-83.35,-100.0,0.0788,0.0795,0.0859,978000.0,4748000.0,0
BG_00980,Background_Point,Regional_Background,1.0,Background_Control,0,0,0,0,0.0483,0.0004,0.0,0.1966,277848.9,0.0,633.6,12.25,6.19,11.72,27.17,-74.66,-100.0,0.7026,0.1021,0.0,720000.0,4660000.0,0
BG_00981,Background_Point,Regional_Background,1.0,Background_Control,0,0,0,0,0.0,0.0141,0.0,0.1901,115948.3,0.0004,1063.5,12.53,-1.57,18.54,28.52,-77.89,-35.0,0.2029,0.2843,0.0,792000.0,4170000.0,0
BG_00982,Background_Point,Regional_Background,1.0,Background_Control,0,0,0,0,0.0,0.0,0.0,0.0054,512706.5,0.0,645.4,11.49,-3.91,11.74,29.01,-83.55,-100.0,0.1039,0.0857,0.0004,932000.0,4762000.0,0
BG_00983,Background_Point,Regional_Background,1.0,Background_Control,0,0,0,0,0.043,0.0005,0.0,0.1084,211896.2,0.0,353.9,28.02,12.36,5.02,56.53,-73.61,-100.0,0.0649,0.1061,0.0495,680000.0,4590000.0,0
BG_00984,Background_Point,Regional_Background,1.0,Background_Control,0,0,0,0,0.0037,0.0034,0.0,0.052,252007.9,0.0,721.4,16.4,7.95,-0.52,32.26,-90.85,-100.0,0.2132,0.0125,0.0,632000.0,4818000.0,0
BG_00985,Background_Point,Regional_Background,1.0,Background_Control,0,0,0,0,0.0055,0.0004,0.0,0.0,277503.2,0.0,393.4,15.6,3.06,4.96,34.85,-77.37,-100.0,0.0029,0.2782,0.0,948000.0,4272000.0,0
BG_00986,Background_Point,Regional_Background,1.0,Background_Control,0,0,0,0,0.0483,0.0033,0.0713,0.0718,45323.9,0.0487,217.6,15.27,6.85,1.9,30.07,-72.46,48.03,0.1888,0.246,0.0245,328000.0,4286000.0,0
BG_00987,Background_Point,Regional_Background,1.0,Background_Control,0,0,0,0,0.0,0.001,0.0002,0.0019,169321.6,0.0,494.4,20.79,23.19,19.32,40.33,-79.1,-100.0,0.0325,0.245,0.0,262000.0,4016000.0,0
BG_00988,Background_Point,Regional_Background,1.0,Background_Control,0,0,0,0,0.0014,0.0001,0.0004,0.178,49981.7,0.0357,255.1,15.82,3.04,2.5,35.4,-78.64,40.01,0.1407,0.0075,0.0,180000.0,4344000.0,0
BG_00989,Background_Point,Regional_Background,1.0,Background_Control,0,0,0,0,0.0,0.0001,0.0,0.0355,452110.6,0.0,707.7,15.59,5.62,-1.98,34.66,-81.66,-100.0,0.0809,0.0281,0.0077,832000.0,4810000.0,0
BG_00990,Background_Point,Regional_Background,1.0,Background_Control,0,0,0,0,0.0277,0.0014,0.0003,0.0096,157429.3,0.0,829.6,11.98,8.56,22.89,24.29,-73.78,-74.77,0.0584,0.1909,0.0,128000.0,4540000.0,0
BG_00991,Background_Point,Regional_Background,1.0,Background_Control,0,0,0,0,0.0472,0.2332,0.0475,0.12,82795.0,0.004,745.9,15.1,2.52,19.34,30.98,-79.83,5.59,0.0388,0.2256,0.0938,376000.0,4712000.0,0
BG_00992,Background_Point,Regional_Background,1.0,Background_Control,0,0,0,0,0.0095,0.0004,0.0,0.0186,312570.0,0.0,744.3,12.84,7.83,0.14,29.02,-76.51,-100.0,0.1063,0.2002,0.0,952000.0,4046000.0,0
BG_00993,Background_Point,Regional_Background,1.0,Background_Control,0,0,0,0,0.0492,0.0,0.0,0.0216,602119.6,0.0,422.1,25.27,1.34,16.48,49.93,-79.58,-100.0,0.0344,0.0768,0.0,1012000.0,4802000.0,0
BG_00994,Background_Point,Regional_Background,1.0,Background_Control,0,0,0,0,0.0,0.0071,0.0,0.032,216333.1,0.0,717.3,16.06,15.71,-7.19,32.7,-80.84,-100.0,0.226,0.0603,0.0191,596000.0,4808000.0,0
BG_00995,Background_Point,Regional_Background,1.0,Background_Control,0,0,0,0,0.0607,0.0041,0.0066,0.1372,109343.5,0.0007,464.9,11.51,-4.01,8.23,23.99,-71.26,-13.07,0.0977,0.1095,0.0519,310000.0,4096000.0,0
BG_00996,Background_Point,Regional_Background,1.0,Background_Control,0,0,0,0,0.0579,0.005,0.0059,0.1286,105394.5,0.0009,507.2,11.85,10.79,10.32,23.35,-77.83,-7.35,0.1261,0.1065,0.0,322000.0,4092000.0,0
BG_00997,Background_Point,Regional_Background,1.0,Background_Control,0,0,0,0,0.0,0.5042,0.0013,0.2544,51232.1,0.0329,961.4,13.35,13.22,3.41,25.66,-83.24,30.72,0.1651,0.3978,0.0,546000.0,4146000.0,0
BG_00998,Background_Point,Regional_Background,1.0,Background_Control,0,0,0,0,0.0,0.0092,0.0,0.1907,166373.1,0.0,735.4,11.14,-9.1,-0.38,24.8,-80.18,-92.94,0.0285,0.0591,0.0,556000.0,4668000.0,0
BG_00999,Background_Point,Regional_Background,1.0,Background_Control,0,0,0,0,0.0,0.0,0.0,0.0255,476944.4,0.0,725.3,14.6,-3.12,10.37,35.22,-77.24,-100.0,0.043,0.0777,0.0,900000.0,4746000.0,0
BG_01000,Background_Point,Regional_Background,1.0,Background_Control,0,0,0,0,0.0,0.0012,0.0,0.2,235193.5,0.0,65.3,13.66,8.54,24.08,28.9,-75.79,-100.0,0.0544,0.1134,0.0,810000.0,4396000.0,0
BG_01001,Background_Point,Regional_Background,1.0,Background_Control,0,0,0,0,0.0228,0.0025,0.0,0.1508,189694.5,0.0,0.0,11.49,11.27,-5.85,28.83,-81.01,-98.15,0.2972,0.0662,0.0873,652000.0,4440000.0,0
BG_01002,Background_Point,Regional_Background,1.0,Background_Control,0,0,0,0,0.0,0.0001,0.0,0.062,381659.5,0.0,779.5,14.53,-7.19,9.11,32.12,-81.14,-100.0,0.0214,0.0582,0.0,800000.0,4728000.0,0
BG_01003,Background_Point,Regional_Background,1.0,Background_Control,0,0,0,0,0.0,0.0002,0.0,0.0133,150625.4,0.0,521.8,15.62,3.17,12.78,33.02,-77.31,-70.66,0.0482,0.0218,0.0011,178000.0,4002000.0,0
BG_01004,Background_Point,Regional_Background,1.0,Background_Control,0,0,0,0,0.0,0.0099,0.0,0.1996,152970.6,0.0,712.5,17.09,12.13,6.37,36.15,-79.63,-74.06,0.0241,0.0776,0.0,546000.0,4658000.0,0
BG_01005,Background_Point,Regional_Background,1.0,Background_Control,0,0,0,0,0.0243,0.0001,0.0,0.1278,290661.3,0.0,407.6,17.87,-2.99,-9.09,35.71,-79.6,-100.0,0.1174,0.105,0.052,760000.0,4598000.0,0
BG_01006,Background_Point,Regional_Background,1.0,Background_Control,0,0,0,0,0.0,0.0403,0.0003,0.0144,132574.5,0.0001,583.2,15.06,2.28,-13.28,33.31,-75.48,-52.53,0.1698,0.201,0.0,510000.0,4794000.0,0
BG_01007,Background_Point,Regional_Background,1.0,Background_Control,0,0,0,0,0.0067,0.0123,0.0114,0.1319,74027.0,0.0072,247.4,13.01,-3.0,12.03,29.71,-79.23,27.31,0.0574,0.0442,0.0313,466000.0,4338000.0,0
BG_01008,Background_Point,Regional_Background,1.0,Background_Control,0,0,0,0,0.0,0.0038,0.0,0.0194,239438.6,0.0,678.2,11.47,-5.4,27.11,20.19,-81.78,-100.0,0.1218,0.0537,0.0,812000.0,3996000.0,0
BG_01009,Background_Point,Regional_Background,1.0,Background_Control,0,0,0,0,0.028,0.0516,0.0,0.0218,79120.2,0.0051,575.3,16.42,11.75,15.56,34.45,-81.51,7.19,0.017,0.3374,0.0377,658000.0,4276000.0,0
BG_01010,Background_Point,Regional_Background,1.0,Background_Control,0,0,0,0,0.0031,0.0186,0.0033,0.0509,135594.7,0.0001,190.5,12.28,1.87,-13.19,26.02,-80.42,-59.34,0.019,0.0819,0.1364,154000.0,4816000.0,0
BG_01011,Background_Point,Regional_Background,1.0,Background_Control,0,0,0,0,0.0,0.0001,0.0,0.0124,396913.1,0.0,384.4,13.75,6.53,-5.71,32.27,-81.59,-100.0,0.296,0.1681,0.047,878000.0,4544000.0,0
BG_01012,Background_Point,Regional_Background,1.0,Background_Control,0,0,0,0,0.0,0.0033,0.0,0.1894,189082.0,0.0,904.9,17.07,14.93,24.31,33.75,-68.11,-100.0,0.0634,0.0076,0.0,866000.0,4166000.0,0
BG_01013,Background_Point,Regional_Background,1.0,Background_Control,0,0,0,0,0.0,0.0001,0.0,0.0544,342934.4,0.0,216.2,14.22,9.98,1.16,31.98,-73.94,-100.0,0.0151,0.0437,0.075,878000.0,4480000.0,0
BG_01014,Background_Point,Regional_Background,1.0,Background_Control,0,0,0,0,0.0095,0.0002,0.0,0.131,309657.9,0.0,232.4,20.65,1.16,32.41,43.64,-80.99,-100.0,0.0019,0.1315,0.0546,952000.0,4348000.0,0
BG_01015,Background_Point,Regional_Background,1.0,Background_Control,0,0,0,0,0.0484,0.3447,0.017,0.3281,4000.0,0.7659,262.2,31.59,18.02,5.34,57.67,-73.27,94.19,0.8974,0.511,0.4418,380000.0,4824000.0,0
BG_01016,Background_Point,Regional_Background,1.0,Background_Control,0,0,0,0,0.0227,0.0004,0.0,0.1962,289067.5,0.0,678.6,11.61,8.07,11.74,26.67,-80.53,-100.0,0.0677,0.0309,0.0,966000.0,4158000.0,0
BG_01017,Background_Point,Regional_Background,1.0,Background_Control,0,0,0,0,0.0034,0.0001,0.0,0.1905,322099.4,0.0,558.6,15.28,3.19,18.11,32.35,-81.99,-100.0,0.0943,0.1279,0.1156,782000.0,4632000.0,0
BG_01018,Background_Point,Regional_Background,1.0,Background_Control,0,0,0,0,0.0,0.0035,0.0106,0.0031,151076.1,0.0,895.3,11.37,-11.5,11.18,25.67,-82.24,-78.81,0.0359,0.0068,0.0474,218000.0,4530000.0,0
BG_01019,Background_Point,Regional_Background,1.0,Background_Control,0,0,0,0,0.0325,0.0003,0.0,0.1758,312832.2,0.0,690.9,11.48,2.96,1.24,28.46,-80.05,-100.0,0.1767,0.0216,0.0552,750000.0,4678000.0,0
BG_01020,Background_Point,Regional_Background,1.0,Background_Control,0,0,0,0,0.0117,0.3543,0.0448,0.1551,37927.5,0.0798,167.7,13.28,-6.57,0.47,27.19,-84.87,50.93,0.1482,0.2665,0.0539,326000.0,4826000.0,0
BG_01021,Background_Point,Regional_Background,1.0,Background_Control,0,0,0,0,0.0,0.0024,0.0024,0.1458,92455.4,0.0021,126.2,14.69,4.68,-4.54,37.33,-78.01,-16.92,0.0118,0.079,0.0224,538000.0,4448000.0,0
BG_01022,Background_Point,Regional_Background,1.0,Background_Control,0,0,0,0,0.3821,0.0004,0.002,0.4048,11080.0,0.4778,386.2,25.11,9.82,12.6,50.81,-53.16,141.37,0.297,0.2462,0.3822,188000.0,4156000.0,0
BG_01023,Background_Point,Regional_Background,1.0,Background_Control,0,0,0,0,0.0,0.1388,0.0143,0.2728,39730.1,0.0707,769.9,16.67,-0.02,-12.58,34.67,-70.98,37.47,0.0824,0.1355,0.0853,482000.0,4162000.0,0
BG_01024,Background_Point,Regional_Background,1.0,Background_Control,0,0,0,0,0.0,0.0183,0.0002,0.1393,132981.2,0.0001,174.9,12.94,-1.14,13.54,28.3,-85.38,-50.92,0.0085,0.065,0.0287,588000.0,4350000.0,0
BG_01025,Background_Point,Regional_Background,1.0,Background_Control,0,0,0,0,0.0,0.0023,0.0032,0.0019,154828.9,0.0,901.1,12.12,2.6,-3.34,25.44,-85.18,-75.12,0.1079,0.0682,0.0,184000.0,4526000.0,0
BG_01026,Background_Point,Regional_Background,1.0,Background_Control,0,0,0,0,0.0,0.0024,0.0,0.0072,255149.3,0.0,765.0,14.12,-0.14,-14.07,33.09,-83.05,-100.0,0.0106,0.2928,0.0475,846000.0,4006000.0,0
BG_01027,Background_Point,Regional_Background,1.0,Background_Control,0,0,0,0,0.0,0.0035,0.0002,0.1684,150426.1,0.0,18.5,18.04,-2.06,12.5,38.15,-83.33,-84.63,0.0016,0.0104,0.0,602000.0,4432000.0,0
BG_01028,Background_Point,Regional_Background,1.0,Background_Control,0,0,0,0,0.0,0.0022,0.0,0.1452,200249.8,0.0,174.7,11.19,-5.76,9.63,22.65,-77.79,-100.0,0.0027,0.1123,0.0799,808000.0,4354000.0,0
BG_01029,Background_Point,Regional_Background,1.0,Background_Control,0,0,0,0,0.2339,0.0003,0.0019,0.1186,54504.2,0.0264,269.1,12.43,12.25,20.85,25.35,-69.64,55.6,0.1314,0.1391,0.0566,174000.0,4222000.0,0
BG_01030,Background_Point,Regional_Background,1.0,Background_Control,0,0,0,0,0.0,0.0,0.0,0.0811,501597.4,0.0,721.8,12.03,15.66,-5.51,25.71,-73.71,-100.0,0.0989,0.3383,0.0337,940000.0,4720000.0,0
BG_01031,Background_Point,Regional_Background,1.0,Background_Control,0,0,0,0,0.0464,0.0002,0.0,0.0883,253692.7,0.0,326.2,14.98,3.26,15.06,31.2,-83.02,-100.0,0.0273,0.1202,0.0253,726000.0,4582000.0,0
BG_01032,Background_Point,Regional_Background,1.0,Background_Control,0,0,0,0,0.0296,0.0015,0.0,0.1759,239507.8,0.0,701.5,13.62,8.59,-5.99,29.53,-79.04,-100.0,0.3081,0.0862,0.0,660000.0,4678000.0,0
BG_01033,Background_Point,Regional_Background,1.0,Background_Control,0,0,0,0,0.0,0.0001,0.0,0.0005,384962.3,0.0,362.2,14.26,-4.31,-15.17,30.36,-82.18,-100.0,0.0186,0.1346,0.0171,894000.0,4520000.0,0
BG_01034,Background_Point,Regional_Background,1.0,Background_Control,0,0,0,0,0.0,0.0001,0.0,0.0164,428280.3,0.0,766.8,13.21,-5.27,13.92,28.73,-76.56,-100.0,0.1824,0.1289,0.0243,840000.0,4752000.0,0
BG_01035,Background_Point,Regional_Background,1.0,Background_Control,0,0,0,0,0.0034,0.0001,0.0,0.0505,305483.2,0.0,309.8,13.43,2.84,4.02,31.43,-71.41,-100.0,0.099,0.0838,0.0,782000.0,4566000.0,0
BG_01036,Background_Point,Regional_Background,1.0,Background_Control,0,0,0,0,0.0,0.006,0.0,0.173,155563.5,0.0,944.6,14.19,9.02,-0.82,33.01,-74.3,-78.55,0.0135,0.0114,0.0464,834000.0,4178000.0,0
BG_01037,Background_Point,Regional_Background,1.0,Background_Control,0,0,0,0,0.0,0.0038,0.0023,0.184,112159.9,0.0006,131.3,14.94,3.37,19.09,27.5,-84.73,-27.93,0.0211,0.0086,0.0141,542000.0,4426000.0,0
BG_01038,Background_Point,Regional_Background,1.0,Background_Control,0,0,0,0,0.0,0.0008,0.0002,0.0143,102313.2,0.0011,186.5,14.02,6.58,3.84,32.55,-79.34,-12.09,0.1763,0.0961,0.0,582000.0,4512000.0,0
BG_01039,Background_Point,Regional_Background,1.0,Background_Control,0,0,0,0,0.0,0.0422,0.0163,0.1946,106125.5,0.0008,1003.8,15.94,3.43,16.24,32.93,-80.65,-21.46,0.0167,0.0581,0.0,306000.0,4628000.0,0
BG_01040,Background_Point,Regional_Background,1.0,Background_Control,0,0,0,0,0.0,0.0122,0.0,0.1991,126491.1,0.0002,1079.5,11.34,11.8,0.74,22.34,-73.67,-43.68,0.2062,0.0812,0.0394,800000.0,4160000.0,0
BG_01041,Background_Point,Regional_Background,1.0,Background_Control,0,0,0,0,0.0,0.0907,0.0024,0.0611,48041.6,0.0406,564.6,13.69,1.57,0.5,30.19,-81.23,45.45,0.0521,0.1274,0.0604,558000.0,4268000.0,0
BG_01042,Background_Point,Regional_Background,1.0,Background_Control,0,0,0,0,0.0281,0.0016,0.1045,0.2328,37169.4,0.0839,336.1,13.68,25.26,8.19,27.53,-73.48,58.98,0.2073,0.1783,0.0908,442000.0,4442000.0,0
BG_01043,Background_Point,Regional_Background,1.0,Background_Control,0,0,0,0,0.0,0.0128,0.0001,0.1814,99297.5,0.0013,711.3,11.45,-0.59,23.17,28.04,-84.1,-20.55,0.0888,0.1607,0.0,496000.0,4618000.0,0
BG_01044,Background_Point,Regional_Background,1.0,Background_Control,0,0,0,0,0.0,0.0242,0.0001,0.0014,162086.4,0.0,678.7,14.36,10.0,20.27,34.31,-75.61,-96.25,0.0066,0.1697,0.0305,536000.0,4776000.0,0
BG_01045,Background_Point,Regional_Background,1.0,Background_Control,0,0,0,0,0.0293,0.0001,0.0,0.0158,150333.0,0.0,508.7,19.62,3.35,1.56,42.87,-77.42,-59.52,0.0281,0.1781,0.0,140000.0,4000000.0,0
BG_01046,Background_Point,Regional_Background,1.0,Background_Control,0,0,0,0,0.0,0.0356,0.0003,0.0632,102528.0,0.0011,346.2,16.8,0.79,8.87,41.76,-71.77,-7.91,0.2799,0.0859,0.0385,596000.0,4316000.0,0
BG_01047,Background_Point,Regional_Background,1.0,Background_Control,0,0,0,0,0.0482,0.2466,0.0082,0.1867,26076.8,0.1758,331.9,12.14,-13.86,5.85,29.52,-77.05,50.31,0.074,0.3318,0.1417,406000.0,4822000.0,0
BG_01048,Background_Point,Regional_Background,1.0,Background_Control,0,0,0,0,0.0492,0.0001,0.0,0.0579,352346.4,0.0,240.4,11.38,-0.38,4.2,28.9,-79.9,-100.0,0.128,0.31,0.0407,1012000.0,4318000.0,0
BG_01049,Background_Point,Regional_Background,1.0,Background_Control,0,0,0,0,0.0263,0.0811,0.0,0.0379,93942.1,0.0019,1009.7,20.64,-0.21,23.23,41.44,-75.9,-16.03,0.0755,0.1056,0.0,656000.0,4050000.0,0
BG_01050,Background_Point,Regional_Background,1.0,Background_Control,0,0,0,0,0.0,0.0018,0.0,0.1892,225787.5,0.0,896.4,21.92,6.58,1.21,41.26,-78.56,-100.0,0.0394,0.0129,0.0133,894000.0,4128000.0,0
BG_01051,Background_Point,Regional_Background,1.0,Background_Control,0,0,0,0,0.0338,0.0001,0.0003,0.1266,46254.9,0.0458,212.5,11.74,-1.62,-7.41,28.53,-77.82,42.44,0.2388,0.3969,0.0578,156000.0,4320000.0,0
BG_01052,Background_Point,Regional_Background,1.0,Background_Control,0,0,0,0,0.0,0.0318,0.0224,0.0205,82971.6,0.004,453.9,17.67,10.72,-7.28,33.98,-78.05,-0.04,0.0698,0.3803,0.0231,178000.0,4768000.0,0
BG_01053,Background_Point,Regional_Background,1.0,Background_Control,0,0,0,0,0.0368,0.0011,0.0,0.1274,258062.0,0.0,0.0,11.26,-0.45,-3.01,27.77,-72.25,-100.0,0.0061,0.1356,0.0,744000.0,4450000.0,0
BG_01054,Background_Point,Regional_Background,1.0,Background_Control,0,0,0,0,0.0,0.1936,0.0,0.1513,50082.9,0.0355,1113.2,14.03,6.66,13.94,33.51,-75.48,6.86,0.0633,0.6342,0.0,626000.0,4082000.0,0
BG_01055,Background_Point,Regional_Background,1.0,Background_Control,0,0,0,0,0.0,0.0219,0.0003,0.2039,130384.0,0.0002,761.9,14.59,10.42,27.86,29.78,-81.99,-37.98,0.0865,0.1096,0.0,490000.0,4650000.0,0
BG_01056,Background_Point,Regional_Background,1.0,Background_Control,0,0,0,0,0.0396,0.0914,0.0,0.1966,24738.6,0.1922,893.4,14.85,6.27,-1.67,32.41,-70.62,44.59,0.1785,0.1701,0.0502,674000.0,4224000.0,0
BG_01057,Background_Point,Regional_Background,1.0,Background_Control,0,0,0,0,0.0382,0.0004,0.0,0.0186,362552.1,0.0,785.9,21.06,21.58,21.42,43.72,-77.87,-100.0,0.047,0.0444,0.005,742000.0,4800000.0,0
BG_01058,Background_Point,Regional_Background,1.0,Background_Control,0,0,0,0,0.0226,0.0154,0.0,0.0247,97097.9,0.0015,675.3,17.73,-2.74,17.07,38.46,-77.97,-41.17,0.0257,0.0362,0.0552,762000.0,4252000.0,0
BG_01059,Background_Point,Regional_Background,1.0,Background_Control,0,0,0,0,0.0,0.0251,0.0201,0.0648,67230.9,0.0113,324.4,13.13,-0.01,2.47,29.72,-76.78,-5.16,0.1997,0.1418,0.087,482000.0,4306000.0,0
BG_01060,Background_Point,Regional_Background,1.0,Background_Control,0,0,0,0,0.0037,0.0034,0.0,0.0435,252071.4,0.0,717.4,13.92,15.13,-1.79,27.72,-84.2,-100.0,0.0414,0.0578,0.0246,632000.0,4814000.0,0
BG_01061,Background_Point,Regional_Background,1.0,Background_Control,0,0,0,0,0.0,0.0016,0.0,0.0068,212084.9,0.0,566.2,14.91,8.85,-10.08,33.88,-84.12,-100.0,0.1336,0.0381,0.0,884000.0,4258000.0,0
BG_01062,Background_Point,Regional_Background,1.0,Background_Control,0,0,0,0,0.0432,0.0339,0.392,0.1275,39523.9,0.0717,461.4,19.82,-2.02,8.61,39.95,-66.57,38.08,0.4051,0.1772,0.1995,432000.0,4232000.0,0
BG_01063,Background_Point,Regional_Background,1.0,Background_Control,0,0,0,0,0.0,0.0008,0.0,0.0994,252198.3,0.0,647.9,11.6,8.87,10.23,25.02,-78.47,-100.0,0.0712,0.0637,0.0,932000.0,4210000.0,0
BG_01064,Background_Point,Regional_Background,1.0,Background_Control,0,0,0,0,0.0294,0.0001,0.0,0.0594,278524.7,0.0,282.1,11.96,12.47,8.4,26.1,-79.63,-100.0,0.1574,0.0479,0.0114,754000.0,4570000.0,0
BG_01065,Background_Point,Regional_Background,1.0,Background_Control,0,0,0,0,0.009,0.0144,0.0113,0.1274,63245.6,0.0148,736.8,11.65,-1.66,-1.88,23.52,-79.97,25.4,0.1164,0.0504,0.0,148000.0,4716000.0,0
BG_01066,Background_Point,Regional_Background,1.0,Background_Control,0,0,0,0,0.0312,0.0009,0.0,0.1633,204841.4,0.0,474.4,11.86,11.44,25.26,24.25,-78.19,-100.0,0.2111,0.1127,0.0938,662000.0,4614000.0,0
BG_01067,Background_Point,Regional_Background,1.0,Background_Control,0,0,0,0,0.0483,0.0002,0.0,0.0506,244368.6,0.0,259.5,15.98,4.25,22.3,32.97,-73.51,-100.0,0.0538,0.0528,0.0,720000.0,4566000.0,0
BG_01068,Background_Point,Regional_Background,1.0,Background_Control,0,0,0,0,0.0,0.1268,0.0051,0.1343,29292.6,0.1419,602.8,13.11,1.95,4.52,25.73,-78.97,46.74,0.0961,0.2725,0.0183,542000.0,4246000.0,0
BG_01069,Background_Point,Regional_Background,1.0,Background_Control,0,0,0,0,0.0506,0.0027,0.0738,0.1972,57794.3,0.0212,229.0,15.67,15.17,28.64,31.21,-73.51,35.43,0.0454,0.1219,0.0,370000.0,4358000.0,0
BG_01070,Background_Point,Regional_Background,1.0,Background_Control,0,0,0,0,0.0,0.0351,0.0004,0.0973,163131.8,0.0,768.6,13.06,5.62,-11.48,26.69,-75.91,-76.69,0.1127,0.3116,0.0,504000.0,4714000.0,0
BG_01071,Background_Point,Regional_Background,1.0,Background_Control,0,0,0,0,0.015,0.0238,0.0005,0.1912,108683.0,0.0007,803.8,16.89,5.46,27.58,34.23,-77.62,-38.22,0.0101,0.2362,0.0868,456000.0,4626000.0,0
BG_01072,Background_Point,Regional_Background,1.0,Background_Control,0,0,0,0,0.0477,0.0399,0.0,0.0804,121073.8,0.0003,1138.0,15.73,1.93,-10.73,35.36,-71.87,-30.08,0.0487,0.2407,0.0,722000.0,4074000.0,0
BG_01073,Background_Point,Regional_Background,1.0,Background_Control,0,0,0,0,0.0667,0.0081,0.0086,0.1605,85906.9,0.0033,507.6,11.51,9.51,-18.54,27.01,-73.89,18.0,0.1694,0.0613,0.0209,344000.0,4102000.0,0
BG_01074,Background_Point,Regional_Background,1.0,Background_Control,0,0,0,0,0.0,0.0,0.0,0.1591,367695.5,0.0,552.3,12.38,0.03,-9.57,25.25,-82.61,-100.0,0.0159,0.0954,0.0327,836000.0,4612000.0,0
BG_01075,Background_Point,Regional_Background,1.0,Background_Control,0,0,0,0,0.0,0.0095,0.03,0.0365,145890.4,0.0001,983.2,13.4,6.52,16.89,28.78,-68.28,-57.89,0.1151,0.1869,0.0402,280000.0,4558000.0,0
BG_01076,Background_Point,Regional_Background,1.0,Background_Control,0,0,0,0,0.0404,0.0242,0.0003,0.0152,126491.1,0.0002,665.6,14.92,9.91,4.21,31.32,-75.34,-49.34,0.1051,0.0568,0.0149,430000.0,4040000.0,0
BG_01077,Background_Point,Regional_Background,1.0,Background_Control,0,0,0,0,0.0173,0.0024,0.0,0.0763,261457.5,0.0,763.2,14.5,5.94,-3.45,28.93,-82.07,-100.0,0.1138,0.3036,0.0814,646000.0,4722000.0,0
BG_01078,Background_Point,Regional_Background,1.0,Background_Control,0,0,0,0,0.0,0.0026,0.0316,0.2033,69373.8,0.0098,225.1,13.3,6.42,-0.32,30.35,-79.74,29.38,0.0686,0.3109,0.0,476000.0,4428000.0,0
BG_01079,Background_Point,Regional_Background,1.0,Background_Control,0,0,0,0,0.0358,0.001,0.0011,0.0775,111949.8,0.0006,474.7,11.71,-12.53,12.77,25.11,-77.91,-20.2,0.0878,0.0875,0.005,246000.0,4072000.0,0
BG_01080,Background_Point,Regional_Background,1.0,Background_Control,0,0,0,0,0.0,0.009,0.0,0.1996,131483.8,0.0002,696.0,13.54,12.76,34.92,25.04,-76.58,-33.33,0.021,0.1441,0.0,538000.0,4638000.0,0
BG_01081,Background_Point,Regional_Background,1.0,Background_Control,0,0,0,0,0.0,0.0009,0.0004,0.0219,134513.8,0.0001,497.4,26.49,-11.14,1.26,56.84,-81.7,-54.4,0.0208,0.14,0.0,244000.0,4046000.0,0
BG_01082,Background_Point,Regional_Background,1.0,Background_Control,0,0,0,0,0.0,0.0,0.0,0.1398,466476.2,0.0,759.8,13.0,15.82,13.17,31.4,-80.02,-100.0,0.2282,0.0079,0.0,912000.0,4696000.0,0
BG_01083,Background_Point,Regional_Background,1.0,Background_Control,0,0,0,0,0.0,0.0206,0.0001,0.0011,169799.9,0.0,699.2,20.52,14.52,29.89,43.47,-77.05,-94.71,0.0037,0.1628,0.0,544000.0,4776000.0,0
BG_01084,Background_Point,Regional_Background,1.0,Background_Control,0,0,0,0,0.0,0.1022,0.07,0.0442,58447.6,0.0203,349.6,13.58,5.09,1.94,27.06,-80.18,32.89,0.0361,0.0961,0.0943,236000.0,4782000.0,0
BG_01085,Background_Point,Regional_Background,1.0,Background_Control,0,0,0,0,0.0077,0.0013,0.0,0.1515,179108.9,0.0,485.1,11.19,-5.75,5.81,27.75,-82.53,-100.0,0.0037,0.174,0.033,636000.0,4608000.0,0
BG_01086,Background_Point,Regional_Background,1.0,Background_Control,0,0,0,0,0.0226,0.0239,0.0,0.1621,82389.3,0.0041,1029.7,17.62,-0.22,16.33,39.27,-83.03,-10.52,0.0373,0.058,0.0189,762000.0,4192000.0,0
BG_01087,Background_Point,Regional_Background,1.0,Background_Control,0,0,0,0,0.0,0.0001,0.0,0.0529,404079.2,0.0,768.1,13.47,4.93,12.33,29.09,-83.6,-100.0,0.0285,0.0262,0.0,824000.0,4732000.0,0
BG_01088,Background_Point,Regional_Background,1.0,Background_Control,0,0,0,0,0.0559,0.0261,0.0019,0.1104,100226.2,0.0013,639.9,21.51,5.01,-3.47,45.25,-80.08,-15.24,0.0796,0.2133,0.0824,410000.0,4084000.0,0
BG_01089,Background_Point,Regional_Background,1.0,Background_Control,0,0,0,0,0.0234,0.0018,0.0111,0.1544,46857.0,0.044,225.2,15.67,5.84,6.11,31.13,-71.93,36.79,0.3205,0.141,0.0135,320000.0,4332000.0,0
BG_01090,Background_Point,Regional_Background,1.0,Background_Control,0,0,0,0,0.0499,0.326,0.032,0.0548,66663.9,0.0117,605.3,22.04,3.54,-1.48,44.76,-75.18,25.42,0.0234,0.2807,0.0,396000.0,4748000.0,0
BG_01091,Background_Point,Regional_Background,1.0,Background_Control,0,0,0,0,0.0466,0.02,0.0086,0.1041,117778.3,0.0004,895.1,18.83,2.68,3.63,38.95,-74.75,-23.98,0.0909,0.0802,0.0,374000.0,4586000.0,0
BG_01092,Background_Point,Regional_Background,1.0,Background_Control,0,0,0,0,0.0,0.0052,0.0,0.0812,236381.0,0.0,774.2,11.74,5.94,-1.68,22.02,-84.5,-100.0,0.1273,0.1952,0.0603,606000.0,4720000.0,0
BG_01093,Background_Point,Regional_Background,1.0,Background_Control,0,0,0,0,0.0,0.1422,0.0445,0.0624,65080.1,0.0131,217.5,17.82,11.73,13.1,37.44,-78.84,30.96,0.3095,0.1835,0.1602,256000.0,4806000.0,0
BG_01094,Background_Point,Regional_Background,1.0,Background_Control,0,0,0,0,0.0438,0.0012,0.0,0.1225,257309.2,0.0,0.0,15.48,11.5,17.18,31.95,-70.52,-100.0,0.1354,0.1211,0.0627,732000.0,4452000.0,0
BG_01095,Background_Point,Regional_Background,1.0,Background_Control,0,0,0,0,0.1069,0.0059,0.1138,0.2326,57723.5,0.0213,404.3,12.18,-4.26,-3.33,25.48,-71.01,17.44,0.5634,0.179,0.1126,324000.0,4166000.0,0
BG_01096,Background_Point,Regional_Background,1.0,Background_Control,0,0,0,0,0.0357,0.1701,0.0,0.3424,21253.4,0.2425,1099.5,17.48,-4.27,15.29,36.29,-82.55,65.14,0.1389,0.1456,0.1567,668000.0,4160000.0,0
BG_01097,Background_Point,Regional_Background,1.0,Background_Control,0,0,0,0,0.0135,0.0112,0.0,0.1704,167451.5,0.0,136.5,12.75,-8.51,5.73,25.69,-81.46,-86.48,0.2306,0.1109,0.0267,642000.0,4366000.0,0
BG_01098,Background_Point,Regional_Background,1.0,Background_Control,0,0,0,0,0.0442,0.0028,0.0225,0.132,64057.4,0.014,238.5,11.26,12.48,-3.11,24.85,-73.31,23.41,0.0177,0.0986,0.0627,350000.0,4334000.0,0
BG_01099,Background_Point,Regional_Background,1.0,Background_Control,0,0,0,0,0.0077,0.0051,0.0001,0.1975,192041.7,0.0,11.5,11.55,-0.37,23.19,25.9,-84.05,-100.0,0.0882,0.0753,0.0674,636000.0,4408000.0,0
BG_01100,Background_Point,Regional_Background,1.0,Background_Control,0,0,0,0,0.0,0.0082,0.0,0.1533,165323.9,0.0,1099.8,12.52,8.4,6.11,29.99,-78.05,-87.13,0.2516,0.0441,0.0,816000.0,4106000.0,0
BG_01101,Background_Point,Regional_Background,1.0,Background_Control,0,0,0,0,0.0,0.0007,0.0163,0.1774,90269.3,0.0024,566.5,12.74,2.5,-9.13,24.17,-77.15,-7.56,0.1359,0.0299,0.0,228000.0,4434000.0,0
BG_01102,Background_Point,Regional_Background,1.0,Background_Control,0,0,0,0,0.0,0.002,0.0002,0.1061,134164.1,0.0001,21.9,15.1,-12.07,25.4,34.14,-84.45,-71.5,0.0188,0.1647,0.0,600000.0,4460000.0,0
BG_01103,Background_Point,Regional_Background,1.0,Background_Control,0,0,0,0,0.0113,0.0638,0.1051,0.1965,24760.7,0.1919,506.9,14.64,13.64,25.08,28.77,-73.81,61.58,0.1655,0.103,0.1282,464000.0,4224000.0,0
BG_01104,Background_Point,Regional_Background,1.0,Background_Control,0,0,0,0,0.1706,0.0002,0.0013,0.1022,48703.2,0.0389,262.5,19.73,4.7,29.05,39.26,-68.31,52.02,0.0262,0.1769,0.0,164000.0,4234000.0,0
BG_01105,Background_Point,Regional_Background,1.0,Background_Control,0,0,0,0,0.0,0.0,0.0,0.0164,465875.5,0.0,737.9,13.17,31.63,21.38,26.15,-88.83,-100.0,0.0417,0.0052,0.0046,884000.0,4752000.0,0
BG_01106,Background_Point,Regional_Background,1.0,Background_Control,0,0,0,0,0.0,0.0001,0.0,0.199,346917.9,0.0,616.1,14.55,0.94,16.13,31.6,-75.85,-100.0,0.1231,0.0295,0.0,804000.0,4644000.0,0
BG_01107,Background_Point,Regional_Background,1.0,Background_Control,0,0,0,0,0.0595,0.0246,0.0027,0.1341,91112.6,0.0023,663.6,16.84,11.42,20.69,36.22,-71.7,-1.26,0.0162,0.3813,0.0738,404000.0,4092000.0,0
BG_01108,Background_Point,Regional_Background,1.0,Background_Control,0,0,0,0,0.0,0.0005,0.019,0.2449,55049.3,0.0255,458.6,20.34,16.48,12.91,43.41,-81.15,38.49,0.0824,0.158,0.0278,252000.0,4408000.0,0
BG_01109,Background_Point,Regional_Background,1.0,Background_Control,0,0,0,0,0.0,0.0015,0.0033,0.1104,66603.3,0.0118,243.0,12.41,-1.97,6.67,26.92,-68.25,32.52,0.0328,0.0806,0.0499,524000.0,4470000.0,0
BG_01110,Background_Point,Regional_Background,1.0,Background_Control,0,0,0,0,0.0471,0.0371,0.0,0.0701,125380.1,0.0002,1107.8,23.76,12.65,25.02,45.71,-71.74,-38.87,0.0071,0.1239,0.0,724000.0,4070000.0,0
BG_01111,Background_Point,Regional_Background,1.0,Background_Control,0,0,0,0,0.0,0.0316,0.0001,0.0593,117643.5,0.0004,302.3,16.35,26.86,-4.5,35.2,-84.28,-37.36,0.0119,0.0239,0.0663,628000.0,4316000.0,0
BG_01112,Background_Point,Regional_Background,1.0,Background_Control,0,0,0,0,0.019,0.0003,0.0,0.0009,292588.4,0.0,351.0,14.63,14.11,17.6,31.3,-79.75,-100.0,0.0023,0.0653,0.0769,962000.0,4278000.0,0
BG_01113,Background_Point,Regional_Background,1.0,Background_Control,0,0,0,0,0.0,0.0235,0.0001,0.0264,156818.4,0.0,641.6,13.87,17.34,5.57,32.78,-80.14,-71.11,0.0306,0.3127,0.0,536000.0,4804000.0,0
BG_01114,Background_Point,Regional_Background,1.0,Background_Control,0,0,0,0,0.0,0.0196,0.0002,0.2006,116068.9,0.0004,780.6,17.7,24.38,24.37,38.17,-76.22,-37.1,0.2989,0.0638,0.0715,484000.0,4636000.0,0
BG_01115,Background_Point,Regional_Background,1.0,Background_Control,0,0,0,0,0.0,0.0774,0.0108,0.1003,100687.0,0.0012,59.4,13.15,3.61,15.29,27.75,-73.92,-17.92,0.0806,0.1181,0.0973,234000.0,4834000.0,0
BG_01116,Background_Point,Regional_Background,1.0,Background_Control,0,0,0,0,0.0449,0.0018,0.0,0.1323,216333.1,0.0,0.0,11.3,1.49,10.5,28.71,-80.19,-100.0,0.0636,0.2593,0.0768,684000.0,4448000.0,0
BG_01117,Background_Point,Regional_Background,1.0,Background_Control,0,0,0,0,0.0603,0.0181,0.65,0.1645,20989.0,0.2468,356.6,12.56,7.41,22.07,25.04,-56.44,82.44,0.3815,0.0549,0.2972,406000.0,4250000.0,0
BG_01118,Background_Point,Regional_Background,1.0,Background_Control,0,0,0,0,0.0484,0.0856,0.0,0.1686,80039.8,0.0048,1160.0,12.52,-2.16,26.02,28.54,-74.61,12.68,0.0519,0.1239,0.0086,694000.0,4104000.0,0
BG_01119,Background_Point,Regional_Background,1.0,Background_Control,0,0,0,0,0.0,0.002,0.0,0.0748,117183.6,0.0004,418.7,12.8,1.3,8.65,26.42,-81.65,-26.8,0.0215,0.05,0.0,584000.0,4574000.0,0
BG_01120,Background_Point,Regional_Background,1.0,Background_Control,0,0,0,0,0.0,0.6916,0.0009,0.2507,49416.6,0.0371,956.8,11.89,-0.99,0.66,29.05,-75.13,35.44,0.0658,0.4897,0.0,566000.0,4162000.0,0
BG_01121,Background_Point,Regional_Background,1.0,Background_Control,0,0,0,0,0.0,0.0,0.0,0.0932,403112.9,0.0,535.8,11.12,-7.61,16.98,26.8,-81.98,-100.0,0.066,0.0678,0.0185,878000.0,4584000.0,0
BG_01122,Background_Point,Regional_Background,1.0,Background_Control,0,0,0,0,0.0226,0.0018,0.0,0.1972,223580.0,0.0,0.0,14.23,0.83,2.58,29.65,-79.28,-100.0,0.2221,0.1361,0.0,762000.0,4408000.0,0
BG_01123,Background_Point,Regional_Background,1.0,Background_Control,0,0,0,0,0.0,0.2518,0.0038,0.3387,6770.3,0.6368,793.0,17.45,-1.37,22.84,38.24,-85.29,74.46,0.4765,0.4709,0.3702,546000.0,4210000.0,0
BG_01124,Background_Point,Regional_Background,1.0,Background_Control,0,0,0,0,0.0,0.0027,0.0001,0.147,167296.1,0.0,2.3,13.61,5.85,4.7,32.13,-75.19,-94.63,0.1457,0.122,0.0,628000.0,4442000.0,0
BG_01125,Background_Point,Regional_Background,1.0,Background_Control,0,0,0,0,0.0,0.0,0.0,0.08,518096.5,0.0,523.8,11.65,0.19,10.72,26.5,-79.75,-100.0,0.2816,0.0449,0.0,898000.0,4830000.0,0
BG_01126,Background_Point,Regional_Background,1.0,Background_Control,0,0,0,0,0.0,0.0008,0.0,0.1066,242989.7,0.0,228.3,11.11,7.01,15.04,28.2,-80.21,-100.0,0.1371,0.1418,0.0,880000.0,4338000.0,0
BG_01127,Background_Point,Regional_Background,1.0,Background_Control,0,0,0,0,0.0,0.0386,0.0203,0.1974,97536.1,0.0015,1010.8,11.31,9.57,3.89,23.42,-75.24,-17.08,0.1326,0.1197,0.0,292000.0,4628000.0,0
BG_01128,Background_Point,Regional_Background,1.0,Background_Control,0,0,0,0,0.0,0.0007,0.0,0.0067,293993.2,0.0,777.3,20.04,-7.08,7.04,40.85,-82.93,-100.0,0.1244,0.1289,0.0747,924000.0,4036000.0,0
BG_01129,Background_Point,Regional_Background,1.0,Background_Control,0,0,0,0,0.1183,0.005,0.116,0.2331,55819.2,0.0242,348.0,16.11,3.78,18.8,31.29,-64.82,38.94,0.1203,0.1697,0.1078,316000.0,4168000.0,0
BG_01130,Background_Point,Regional_Background,1.0,Background_Control,0,0,0,0,0.0,0.0,0.0,0.1082,360854.5,0.0,489.9,11.78,-5.74,-3.98,23.7,-77.05,-100.0,0.0159,0.0647,0.0115,834000.0,4590000.0,0
BG_01131,Background_Point,Regional_Background,1.0,Background_Control,0,0,0,0,0.0,0.0008,0.0,0.1865,256007.8,0.0,732.9,12.52,7.75,9.31,28.78,-78.48,-100.0,0.0939,0.22,0.0,934000.0,4168000.0,0
BG_01132,Background_Point,Regional_Background,1.0,Background_Control,0,0,0,0,0.0449,0.2159,0.051,0.1342,83855.8,0.0037,783.3,15.06,7.43,17.38,32.15,-76.53,0.62,0.0655,0.4312,0.1335,370000.0,4706000.0,0
BG_01133,Background_Point,Regional_Background,1.0,Background_Control,0,0,0,0,0.1942,0.0002,0.0004,0.4404,6324.6,0.656,434.7,12.1,1.7,-2.86,31.33,-72.47,110.38,0.701,0.1777,0.3938,148000.0,4156000.0,0
BG_01134,Background_Point,Regional_Background,1.0,Background_Control,0,0,0,0,0.0293,0.0001,0.0,0.004,130015.4,0.0002,556.1,11.82,6.16,-8.32,26.34,-77.25,-38.52,0.0221,0.2699,0.0014,148000.0,4020000.0,0
BG_01135,Background_Point,Regional_Background,1.0,Background_Control,0,0,0,0,0.0261,0.0178,0.0,0.037,158718.8,0.0,1057.0,13.3,-3.64,-3.99,28.07,-78.47,-83.1,0.1052,0.0964,0.0545,758000.0,4056000.0,0
BG_01136,Background_Point,Regional_Background,1.0,Background_Control,0,0,0,0,0.0,0.0004,0.0,0.0334,178941.3,0.0,492.0,28.44,9.35,14.91,54.55,-81.5,-91.18,0.1944,0.0697,0.0598,226000.0,3988000.0,0
BG_01137,Background_Point,Regional_Background,1.0,Background_Control,0,0,0,0,0.0368,0.0003,0.0,0.1531,314000.0,0.0,706.3,12.72,5.71,11.84,27.73,-70.43,-100.0,0.0563,0.0496,0.0,744000.0,4690000.0,0
BG_01138,Background_Point,Regional_Background,1.0,Background_Control,0,0,0,0,0.0098,0.1422,0.0728,0.1891,71397.2,0.0086,899.2,13.07,8.03,20.29,25.9,-70.87,16.83,0.141,0.1878,0.0,324000.0,4686000.0,0
BG_01139,Background_Point,Regional_Background,1.0,Background_Control,0,0,0,0,0.0,0.0,0.0,0.0394,511531.0,0.0,544.0,11.52,2.88,7.46,22.7,-70.47,-100.0,0.0531,0.0058,0.0,900000.0,4812000.0,0
BG_01140,Background_Point,Regional_Background,1.0,Background_Control,0,0,0,0,0.0244,0.0004,0.0,0.08,313560.2,0.0,720.6,13.76,3.48,5.74,31.67,-80.55,-100.0,0.0194,0.426,0.087,968000.0,4076000.0,0
BG_01141,Background_Point,Regional_Background,1.0,Background_Control,0,0,0,0,0.0398,0.0149,0.0195,0.0661,114007.1,0.0005,903.2,16.78,10.92,0.47,34.45,-71.22,-10.83,0.0307,0.0917,0.0,360000.0,4570000.0,0
BG_01142,Background_Point,Regional_Background,1.0,Background_Control,0,0,0,0,0.0,0.0028,0.0166,0.1925,77774.8,0.0056,221.5,13.57,2.99,7.28,28.43,-83.18,-14.16,0.0434,0.1868,0.0733,492000.0,4430000.0,0
BG_01143,Background_Point,Regional_Background,1.0,Background_Control,0,0,0,0,0.0464,0.0,0.0,0.0877,417660.1,0.0,449.8,22.26,9.69,8.44,45.48,-82.84,-100.0,0.0526,0.2367,0.0323,1002000.0,4466000.0,0
BG_01144,Background_Point,Regional_Background,1.0,Background_Control,0,0,0,0,0.0,0.034,0.0002,0.0426,136235.1,0.0001,560.9,16.11,7.5,30.07,31.69,-88.28,-45.55,0.098,0.3138,0.0,516000.0,4812000.0,0
BG_01145,Background_Point,Regional_Background,1.0,Background_Control,0,0,0,0,0.0,0.0284,0.0098,0.057,87315.5,0.003,295.7,13.71,2.79,30.28,34.25,-80.3,-8.67,0.111,0.0551,0.0,502000.0,4310000.0,0
BG_01146,Background_Point,Regional_Background,1.0,Background_Control,0,0,0,0,0.0,0.0512,0.06,0.0547,54884.3,0.0258,459.1,13.02,4.72,4.5,27.82,-78.2,37.0,0.1935,0.1652,0.0695,478000.0,4258000.0,0
BG_01147,Background_Point,Regional_Background,1.0,Background_Control,0,0,0,0,0.0459,0.0027,0.0358,0.1619,60041.7,0.0183,241.7,15.74,-1.67,5.62,33.6,-68.75,32.79,0.2002,0.0258,0.0344,356000.0,4344000.0,0
BG_01148,Background_Point,Regional_Background,1.0,Background_Control,0,0,0,0,0.0,0.0019,0.0013,0.1121,90906.5,0.0023,117.3,11.32,4.52,15.51,23.28,-78.27,-0.37,0.0044,0.0829,0.0297,550000.0,4462000.0,0
BG_01149,Background_Point,Regional_Background,1.0,Background_Control,0,0,0,0,0.0705,0.024,0.0414,0.3436,20664.9,0.2522,556.1,22.89,7.46,18.73,45.91,-71.72,55.93,0.1907,0.069,0.1562,394000.0,4162000.0,0
BG_01150,Background_Point,Regional_Background,1.0,Background_Control,0,0,0,0,0.0,0.0,0.0,0.199,399719.9,0.0,698.9,14.81,-4.98,-15.64,29.71,-81.83,-100.0,0.1443,0.0059,0.013,860000.0,4644000.0,0
BG_01151,Background_Point,Regional_Background,1.0,Background_Control,0,0,0,0,0.0,0.0493,0.0007,0.0833,147187.0,0.0001,766.4,16.02,6.03,8.39,34.86,-85.11,-55.72,0.2987,0.0731,0.0039,488000.0,4720000.0,0
BG_01152,Background_Point,Regional_Background,1.0,Background_Control,0,0,0,0,0.0,0.002,0.0063,0.1452,71529.8,0.0085,186.5,22.56,-6.96,-1.14,48.81,-78.41,16.58,0.1299,0.054,0.0,512000.0,4454000.0,0
BG_01153,Background_Point,Regional_Background,1.0,Background_Control,0,0,0,0,0.0439,0.0002,0.0,0.0041,326974.0,0.0,325.5,16.89,6.19,-2.97,37.18,-70.67,-100.0,0.031,0.1708,0.0253,996000.0,4284000.0,0
BG_01154,Background_Point,Regional_Background,1.0,Background_Control,0,0,0,0,0.0,0.0232,0.0055,0.0367,123143.2,0.0003,236.0,11.19,4.92,8.19,25.01,-79.32,-47.38,0.0492,0.0732,0.0,164000.0,4808000.0,0
BG_01155,Background_Point,Regional_Background,1.0,Background_Control,0,0,0,0,0.0,0.0,0.0,0.091,488999.0,0.0,754.8,13.29,-1.53,11.02,26.77,-80.13,-100.0,0.5081,0.1173,0.1054,928000.0,4716000.0,0
BG_01156,Background_Point,Regional_Background,1.0,Background_Control,0,0,0,0,0.0399,0.0064,0.0821,0.0205,81247.6,0.0044,786.4,11.64,-0.2,8.37,27.1,-67.25,12.75,0.0666,0.0297,0.0259,360000.0,4528000.0,0
BG_01157,Background_Point,Regional_Background,1.0,Background_Control,0,0,0,0,0.0495,0.0002,0.0,0.0207,235915.2,0.0,207.4,12.7,-4.08,2.89,25.17,-71.87,-100.0,0.1227,0.3894,0.0075,714000.0,4550000.0,0
BG_01158,Background_Point,Regional_Background,1.0,Background_Control,0,0,0,0,0.0,0.0006,0.0,0.1942,265601.2,0.0,66.8,21.93,6.5,21.25,46.72,-80.16,-100.0,0.025,0.0123,0.0,840000.0,4412000.0,0
BG_01159,Background_Point,Regional_Background,1.0,Background_Control,0,0,0,0,0.0,0.1149,0.0002,0.1336,36055.5,0.0904,869.5,12.63,-0.44,10.34,28.98,-79.37,38.42,0.1581,0.1288,0.0964,520000.0,4060000.0,0
BG_01160,Background_Point,Regional_Background,1.0,Background_Control,0,0,0,0,0.0,0.1366,0.087,0.1947,62447.0,0.0156,850.8,11.75,10.46,30.07,23.78,-75.22,4.75,0.0478,0.1655,0.0429,312000.0,4688000.0,0
BG_01161,Background_Point,Regional_Background,1.0,Background_Control,0,0,0,0,0.0,0.0,0.0,0.0003,449319.5,0.0,721.6,23.53,11.07,13.43,48.06,-78.37,-100.0,0.0598,0.8757,0.0,852000.0,4772000.0,0
BG_01162,Background_Point,Regional_Background,1.0,Background_Control,0,0,0,0,0.0189,0.0193,0.0,0.1023,143573.1,0.0001,1104.6,12.1,4.25,-9.46,27.03,-74.05,-71.61,0.0352,0.03,0.0257,766000.0,4084000.0,0
BG_01163,Background_Point,Regional_Background,1.0,Background_Control,0,0,0,0,0.0,0.0001,0.0,0.1701,332415.4,0.0,194.4,14.37,5.79,-8.21,28.19,-78.97,-100.0,0.0024,0.0412,0.0,920000.0,4430000.0,0
BG_01164,Background_Point,Regional_Background,1.0,Background_Control,0,0,0,0,0.0093,0.0006,0.0714,0.3601,17436.2,0.3127,449.1,11.9,-5.71,-0.82,26.97,-78.98,73.06,0.1859,0.1058,0.1747,320000.0,4414000.0,0
BG_01165,Background_Point,Regional_Background,1.0,Background_Control,0,0,0,0,0.0465,0.091,0.0,0.1547,80393.8,0.0047,1168.1,16.59,3.65,11.76,32.39,-71.84,-1.83,0.0057,0.2819,0.0,688000.0,4098000.0,0
BG_01166,Background_Point,Regional_Background,1.0,Background_Control,0,0,0,0,0.0095,0.0004,0.0,0.0074,285881.1,0.0,351.1,12.77,-4.63,10.15,27.2,-71.31,-100.0,0.0191,0.1543,0.0167,952000.0,4288000.0,0
BG_01167,Background_Point,Regional_Background,1.0,Background_Control,0,0,0,0,0.0498,0.1134,0.0143,0.1818,117012.6,0.0004,860.1,14.45,-4.16,-4.74,27.05,-76.31,-39.72,0.1238,0.1274,0.0813,388000.0,4678000.0,0
BG_01168,Background_Point,Regional_Background,1.0,Background_Control,0,0,0,0,0.0,0.0101,0.0,0.0409,118270.9,0.0004,778.9,14.95,18.53,14.45,31.49,-80.74,-45.34,0.0165,0.0481,0.0336,792000.0,4238000.0,0
BG_01169,Background_Point,Regional_Background,1.0,Background_Control,0,0,0,0,0.0464,0.0016,0.2151,0.3069,30382.1,0.1319,280.8,12.14,19.32,24.46,25.14,-70.82,57.61,0.4711,0.2797,0.1866,366000.0,4390000.0,0
BG_01170,Background_Point,Regional_Background,1.0,Background_Control,0,0,0,0,0.0379,0.0021,0.2287,0.1521,40003.7,0.0695,590.4,14.02,-6.67,-1.04,31.45,-70.18,51.82,0.1302,0.1468,0.1331,356000.0,4472000.0,0
BG_01171,Background_Point,Regional_Background,1.0,Background_Control,0,0,0,0,0.0,0.0323,0.0097,0.0324,110158.6,0.0006,256.6,16.31,1.3,2.31,34.41,-73.64,-11.26,0.3443,0.0346,0.0254,180000.0,4804000.0,0
BG_01172,Background_Point,Regional_Background,1.0,Background_Control,0,0,0,0,0.0382,0.0002,0.0,0.1326,273941.6,0.0,418.2,14.93,8.59,-3.48,35.63,-81.14,-100.0,0.1356,0.1498,0.0442,742000.0,4600000.0,0
BG_01173,Background_Point,Regional_Background,1.0,Background_Control,0,0,0,0,0.0,0.0007,0.0,0.1368,271977.9,0.0,1.1,13.17,8.38,2.6,28.93,-86.45,-100.0,0.0327,0.1711,0.0,796000.0,4446000.0,0
BG_01174,Background_Point,Regional_Background,1.0,Background_Control,0,0,0,0,0.0492,0.0003,0.0,0.0064,218741.9,0.0,143.6,11.66,6.79,21.69,25.25,-75.36,-100.0,0.2091,0.0539,0.0303,698000.0,4538000.0,0
BG_01175,Background_Point,Regional_Background,1.0,Background_Control,0,0,0,0,0.0,0.0,0.0,0.0529,474046.4,0.0,747.6,23.0,14.07,23.8,42.26,-77.71,-100.0,0.3845,0.0228,0.0695,904000.0,4732000.0,0
BG_01176,Background_Point,Regional_Background,1.0,Background_Control,0,0,0,0,0.0456,0.0005,0.0005,0.082,97205.3,0.0015,510.5,20.15,13.67,18.03,38.04,-75.91,-24.86,0.2958,0.0348,0.0,212000.0,4072000.0,0
BG_01177,Background_Point,Regional_Background,1.0,Background_Control,0,0,0,0,0.0068,0.0136,0.0135,0.1212,69426.2,0.0098,237.8,16.1,1.13,-2.54,32.67,-73.46,9.71,0.0505,0.1877,0.0365,466000.0,4332000.0,0
BG_01178,Background_Point,Regional_Background,1.0,Background_Control,0,0,0,0,0.0354,0.0097,0.0,0.033,200549.9,0.0,708.3,16.86,9.69,13.74,35.12,-76.93,-100.0,0.0401,0.2046,0.0,746000.0,3988000.0,0
BG_01179,Background_Point,Regional_Background,1.0,Background_Control,0,0,0,0,0.0447,0.0026,0.0,0.1984,211981.1,0.0,0.0,19.63,12.25,19.98,41.3,-80.45,-100.0,0.0155,0.0741,0.05,730000.0,4406000.0,0
BG_01180,Background_Point,Regional_Background,1.0,Background_Control,0,0,0,0,0.0297,0.8657,0.1305,0.2486,6078.5,0.6668,358.0,15.45,4.85,12.81,31.89,-78.51,67.42,1.0,0.6874,0.3237,346000.0,4786000.0,0
BG_01181,Background_Point,Regional_Background,1.0,Background_Control,0,0,0,0,0.0,0.0006,0.0017,0.0995,153379.7,0.0,603.0,15.61,19.09,3.03,33.91,-81.54,-81.95,0.028,0.354,0.0,162000.0,4462000.0,0
BG_01182,Background_Point,Regional_Background,1.0,Background_Control,0,0,0,0,0.0512,0.0014,0.7975,0.3313,22657.8,0.2208,358.9,12.01,-8.32,-5.7,28.37,-55.52,55.57,0.4142,0.1432,0.3366,386000.0,4416000.0,0
BG_01183,Background_Point,Regional_Background,1.0,Background_Control,0,0,0,0,0.0497,0.2573,0.0275,0.0734,80540.4,0.0047,701.6,15.8,-5.64,15.11,34.7,-77.2,19.18,0.044,0.2379,0.0,398000.0,4732000.0,0
BG_01184,Background_Point,Regional_Background,1.0,Background_Control,0,0,0,0,0.0789,0.0001,0.0004,0.0843,38209.9,0.0783,217.1,18.22,1.64,2.38,35.78,-77.96,64.77,0.1593,0.1385,0.0897,142000.0,4276000.0,0
BG_01185,Background_Point,Regional_Background,1.0,Background_Control,0,0,0,0,0.0429,0.0,0.0,0.1758,537736.0,0.0,835.5,21.73,2.6,17.35,46.97,-70.93,-100.0,0.1564,0.0678,0.0945,994000.0,4678000.0,0
BG_01186,Background_Point,Regional_Background,1.0,Background_Control,0,0,0,0,0.0,0.0054,0.0002,0.1969,165758.9,0.0,23.2,14.86,-13.96,6.91,29.71,-76.3,-63.79,0.0054,0.0217,0.0017,604000.0,4410000.0,0
BG_01187,Background_Point,Regional_Background,1.0,Background_Control,0,0,0,0,0.0464,0.0001,0.0,0.0965,348769.3,0.0,221.1,17.07,-2.03,26.67,37.1,-75.09,-100.0,0.3745,0.2754,0.0232,1002000.0,4334000.0,0
BG_01188,Background_Point,Regional_Background,1.0,Background_Control,0,0,0,0,0.0382,0.0003,0.0,0.1478,320705.5,0.0,672.1,12.94,5.84,0.5,30.48,-71.38,-100.0,0.2788,0.1477,0.0966,986000.0,4104000.0,0
BG_01189,Background_Point,Regional_Background,1.0,Background_Control,0,0,0,0,0.1749,0.0004,0.0009,0.234,47132.9,0.0432,439.4,16.2,10.46,30.19,36.52,-73.5,56.53,0.0152,0.1224,0.0694,188000.0,4116000.0,0
BG_01190,Background_Point,Regional_Background,1.0,Background_Control,0,0,0,0,0.0,0.0703,0.0001,0.0499,58137.8,0.0207,770.3,17.46,5.7,16.16,36.37,-83.81,25.04,0.0645,0.2839,0.0756,512000.0,4036000.0,0
BG_01191,Background_Point,Regional_Background,1.0,Background_Control,0,0,0,0,0.0,0.3717,0.0014,0.2664,23409.4,0.21,870.5,12.78,1.6,7.15,24.91,-82.18,70.04,0.1471,0.5184,0.1032,568000.0,4198000.0,0
BG_01192,Background_Point,Regional_Background,1.0,Background_Control,0,0,0,0,0.0028,0.1152,0.0144,0.2646,45359.5,0.0486,767.9,11.53,2.95,0.39,23.15,-88.54,33.18,0.0872,0.1938,0.059,472000.0,4154000.0,0
BG_01193,Background_Point,Regional_Background,1.0,Background_Control,0,0,0,0,0.0,0.0264,0.0002,0.1452,176567.3,0.0,742.7,12.47,12.19,14.51,28.67,-81.09,-89.41,0.101,0.1523,0.0,510000.0,4694000.0,0
BG_01194,Background_Point,Regional_Background,1.0,Background_Control,0,0,0,0,0.0,0.0008,0.0,0.1044,250128.0,0.0,650.4,17.36,16.16,1.04,35.09,-79.19,-100.0,0.1478,0.091,0.0,930000.0,4208000.0,0
BG_01195,Background_Point,Regional_Background,1.0,Background_Control,0,0,0,0,0.0,0.0119,0.0102,0.2595,46518.8,0.045,995.6,21.25,9.46,20.65,43.02,-78.62,37.97,0.0319,0.1341,0.0,180000.0,4638000.0,0
BG_01196,Background_Point,Regional_Background,1.0,Background_Control,0,0,0,0,0.0447,0.0004,0.0,0.0099,250391.7,0.0,40.0,12.48,2.16,-2.37,27.4,-78.57,-100.0,0.0628,0.1227,0.0,730000.0,4506000.0,0
BG_01197,Background_Point,Regional_Background,1.0,Background_Control,0,0,0,0,0.0,0.0024,0.0,0.1951,177234.3,0.0,588.0,22.34,9.4,0.84,46.12,-81.47,-96.68,0.0223,0.064,0.0387,614000.0,4636000.0,0
BG_01198,Background_Point,Regional_Background,1.0,Background_Control,0,0,0,0,0.0,0.0024,0.0034,0.0024,152643.4,0.0,889.3,13.78,5.7,-2.35,30.36,-81.04,-67.2,0.0325,0.0169,0.0071,186000.0,4528000.0,0
BG_01199,Background_Point,Regional_Background,1.0,Background_Control,0,0,0,0,0.0,0.0028,0.0194,0.1944,75332.8,0.0066,208.4,30.92,29.84,31.41,59.47,-78.17,10.23,0.0462,0.0391,0.0519,488000.0,4430000.0,0
BG_01200,Background_Point,Regional_Background,1.0,Background_Control,0,0,0,0,0.0151,0.0059,0.0034,0.1071,35383.6,0.0945,594.5,14.71,10.05,-3.27,32.96,-79.08,47.4,0.0737,0.0335,0.0909,456000.0,4546000.0,0
BG_01201,Background_Point,Regional_Background,1.0,Background_Control,0,0,0,0,0.0,0.0043,0.0011,0.0714,111085.6,0.0006,1000.5,11.78,21.19,-2.85,27.3,-78.93,-23.4,0.0592,0.0166,0.0,174000.0,4572000.0,0
BG_01202,Background_Point,Regional_Background,1.0,Background_Control,0,0,0,0,0.0,0.0042,0.0001,0.1361,107517.4,0.0008,569.1,16.58,2.67,-0.5,35.13,-77.83,-38.4,0.0721,0.1126,0.0301,554000.0,4598000.0,0
BG_01203,Background_Point,Regional_Background,1.0,Background_Control,0,0,0,0,0.0295,0.0,0.0,0.073,400524.7,0.0,412.0,12.74,2.07,14.26,29.68,-80.85,-100.0,0.0358,0.0195,0.0643,974000.0,4472000.0,0
BG_01204,Background_Point,Regional_Background,1.0,Background_Control,0,0,0,0,0.0113,0.0129,0.0,0.0291,172513.3,0.0,1015.2,14.66,5.53,4.09,32.95,-79.14,-99.17,0.0829,0.0217,0.0,774000.0,4052000.0,0
BG_01205,Background_Point,Regional_Background,1.0,Background_Control,0,0,0,0,0.0478,0.0,0.0,0.199,540418.4,0.0,877.4,12.31,1.77,16.04,29.61,-73.99,-100.0,0.0371,0.0303,0.0247,1006000.0,4644000.0,0
BG_01206,Background_Point,Regional_Background,1.0,Background_Control,0,0,0,0,0.0498,0.0747,0.0076,0.2021,134371.5,0.0001,891.1,16.21,-4.56,-8.47,35.4,-81.81,-42.51,0.145,0.0882,0.0,388000.0,4656000.0,0
BG_01207,Background_Point,Regional_Background,1.0,Background_Control,0,0,0,0,0.0,0.2363,0.0007,0.2501,29732.1,0.1378,937.6,11.45,13.53,0.12,25.89,-77.36,58.88,0.2534,0.1855,0.0108,528000.0,4100000.0,0
BG_01208,Background_Point,Regional_Background,1.0,Background_Control,0,0,0,0,0.0158,0.0007,0.0008,0.0507,181490.2,0.0,666.2,14.38,3.87,2.67,31.6,-77.72,-100.0,0.1375,0.1548,0.0,142000.0,4482000.0,0
BG_01209,Background_Point,Regional_Background,1.0,Background_Control,0,0,0,0,0.0,0.0001,0.0,0.1789,370448.4,0.0,740.3,11.53,3.17,3.49,26.66,-83.67,-100.0,0.1654,0.1527,0.0227,816000.0,4676000.0,0
BG_01210,Background_Point,Regional_Background,1.0,Background_Control,0,0,0,0,0.0227,0.0004,0.0,0.0894,286342.5,0.0,541.3,20.82,13.58,-7.8,43.41,-81.1,-100.0,0.0594,0.1064,0.0566,966000.0,4214000.0,0
BG_01211,Background_Point,Regional_Background,1.0,Background_Control,0,0,0,0,0.0,0.0008,0.0,0.0183,248676.5,0.0,515.9,11.77,9.77,-0.0,24.71,-74.24,-100.0,0.066,0.0079,0.0,924000.0,4248000.0,0
BG_01212,Background_Point,Regional_Background,1.0,Background_Control,0,0,0,0,0.0478,0.0,0.0,0.0363,570154.4,0.0,653.4,12.92,-6.89,15.79,29.53,-83.83,-100.0,0.0063,0.0264,0.0,1006000.0,4740000.0,0
BG_01213,Background_Point,Regional_Background,1.0,Background_Control,0,0,0,0,0.017,0.0001,0.0,0.0549,291972.6,0.0,318.2,12.24,-4.84,1.27,28.23,-75.12,-100.0,0.1103,0.0358,0.0085,768000.0,4568000.0,0
BG_01214,Background_Point,Regional_Background,1.0,Background_Control,0,0,0,0,0.0,0.0008,0.0,0.1986,262937.3,0.0,785.0,16.19,9.48,27.77,30.35,-79.03,-100.0,0.0226,0.2034,0.0372,936000.0,4140000.0,0
BG_01215,Background_Point,Regional_Background,1.0,Background_Control,0,0,0,0,0.0,0.0001,0.0,0.0132,412698.4,0.0,734.3,11.36,14.51,3.11,24.17,-79.2,-100.0,0.1005,0.0883,0.0,792000.0,4796000.0,0
BG_01216,Background_Point,Regional_Background,1.0,Background_Control,0,0,0,0,0.0464,0.0001,0.0,0.0259,337769.2,0.0,261.5,11.96,-4.53,2.57,23.74,-82.54,-100.0,0.032,0.063,0.0,1002000.0,4302000.0,0
BG_01217,Background_Point,Regional_Background,1.0,Background_Control,0,0,0,0,0.4496,0.0011,0.0121,0.295,33692.5,0.1058,369.8,15.26,3.98,-6.59,33.53,-46.89,119.96,0.1012,0.321,0.1933,240000.0,4156000.0,0
BG_01218,Background_Point,Regional_Background,1.0,Background_Control,0,0,0,0,0.05,0.0007,0.0,0.0363,316834.3,0.0,799.1,12.13,11.17,-10.93,28.0,-71.82,-100.0,0.3321,0.0725,0.0557,708000.0,4740000.0,0
BG_01219,Background_Point,Regional_Background,1.0,Background_Control,0,0,0,0,0.0497,0.0275,0.0,0.0036,148092.9,0.0001,921.5,15.98,3.36,-9.67,32.71,-84.58,-40.85,0.2451,0.0993,0.0445,712000.0,4028000.0,0
BG_01220,Background_Point,Regional_Background,1.0,Background_Control,0,0,0,0,0.0438,0.0005,0.0,0.0122,252507.4,0.0,28.0,11.82,-0.7,16.02,26.68,-81.22,-100.0,0.0058,0.0404,0.0532,732000.0,4504000.0,0
BG_01221,Background_Point,Regional_Background,1.0,Background_Control,0,0,0,0,0.0,0.0284,0.0609,0.4291,3847.1,0.7738,919.9,15.37,-3.78,1.5,30.9,-79.85,79.27,0.7386,0.1454,0.4555,200000.0,4684000.0,0
BG_01222,Background_Point,Regional_Background,1.0,Background_Control,0,0,0,0,0.0,0.03,0.0,0.0217,100896.0,0.0012,650.0,13.62,1.24,5.71,30.3,-82.23,-30.91,0.1042,0.0459,0.0,486000.0,4002000.0,0
BG_01223,Background_Point,Regional_Background,1.0,Background_Control,0,0,0,0,0.0499,0.0001,0.0,0.0132,373105.9,0.0,614.1,11.19,-7.06,0.94,23.88,-73.75,-100.0,0.0978,0.0362,0.0,1018000.0,4042000.0,0
BG_01224,Background_Point,Regional_Background,1.0,Background_Control,0,0,0,0,0.0,0.0,0.0,0.0054,518003.9,0.0,618.4,14.87,13.91,-18.68,29.66,-84.2,-100.0,0.0111,0.2489,0.0,938000.0,4762000.0,0
BG_01225,Background_Point,Regional_Background,1.0,Background_Control,0,0,0,0,0.0209,0.0343,0.1398,0.0867,38470.8,0.0769,409.8,14.03,12.82,14.97,33.6,-73.54,33.7,0.2709,0.0613,0.0562,454000.0,4262000.0,0
BG_01226,Background_Point,Regional_Background,1.0,Background_Control,0,0,0,0,0.0489,0.0105,0.0597,0.1508,30066.6,0.1347,248.1,12.61,-7.13,-10.31,26.07,-75.45,69.34,0.1608,0.0471,0.0994,418000.0,4310000.0,0
BG_01227,Background_Point,Regional_Background,1.0,Background_Control,0,0,0,0,0.0,0.0059,0.0,0.1959,169387.1,0.0,1035.9,17.55,0.52,-12.92,37.3,-76.96,-77.62,0.0024,0.2234,0.0,836000.0,4134000.0,0
BG_01228,Background_Point,Regional_Background,1.0,Background_Control,0,0,0,0,0.0,0.0014,0.0002,0.0641,121490.7,0.0003,90.2,13.36,16.85,-4.83,28.97,-77.8,-34.96,0.1378,0.0032,0.0315,594000.0,4478000.0,0
BG_01229,Background_Point,Regional_Background,1.0,Background_Control,0,0,0,0,0.0,0.0003,0.0047,0.292,27678.9,0.158,332.6,14.21,12.71,-2.82,31.32,-84.48,54.45,0.3629,0.0131,0.0218,246000.0,4368000.0,0
BG_01230,Background_Point,Regional_Background,1.0,Background_Control,0,0,0,0,0.0212,0.4973,0.3524,0.1333,29820.5,0.137,595.4,23.44,6.03,1.93,49.88,-60.48,40.83,0.3101,0.3619,0.1159,336000.0,4748000.0,0
BG_01231,Background_Point,Regional_Background,1.0,Background_Control,0,0,0,0,0.0497,0.2428,0.0266,0.0804,83672.2,0.0038,704.3,15.61,-6.8,5.47,32.95,-73.7,11.9,0.0493,0.2424,0.0624,398000.0,4728000.0,0
BG_01232,Background_Point,Regional_Background,1.0,Background_Control,0,0,0,0,0.0,0.0002,0.0018,0.2221,66868.8,0.0116,359.3,11.29,-4.56,-12.81,26.59,-77.36,29.58,0.1352,0.211,0.053,198000.0,4380000.0,0
BG_01233,Background_Point,Regional_Background,1.0,Background_Control,0,0,0,0,0.0,0.0003,0.0,0.1626,309127.8,0.0,136.4,18.25,10.37,6.91,36.82,-81.56,-100.0,0.0918,0.0987,0.0,882000.0,4434000.0,0
BG_01234,Background_Point,Regional_Background,1.0,Background_Control,0,0,0,0,0.0275,0.0114,0.0018,0.0307,143674.8,0.0001,299.4,11.85,17.55,9.42,29.19,-75.77,-70.13,0.0375,0.0618,0.0527,128000.0,4806000.0,0
BG_01235,Background_Point,Regional_Background,1.0,Background_Control,0,0,0,0,0.0,0.0114,0.0,0.0577,208432.2,0.0,782.3,15.53,8.59,-18.55,32.05,-74.43,-100.0,0.0513,0.0338,0.072,568000.0,4730000.0,0
BG_01236,Background_Point,Regional_Background,1.0,Background_Control,0,0,0,0,0.0,0.0,0.0,0.1463,360410.9,0.0,511.5,19.0,7.74,0.31,38.62,-78.26,-100.0,0.0512,0.0212,0.0418,830000.0,4606000.0,0
BG_01237,Background_Point,Regional_Background,1.0,Background_Control,0,0,0,0,0.0429,0.0,0.0,0.0403,558318.9,0.0,685.1,19.94,12.31,0.98,41.61,-75.55,-100.0,0.1331,0.0633,0.0616,994000.0,4738000.0,0
BG_01238,Background_Point,Regional_Background,1.0,Background_Control,0,0,0,0,0.016,0.0001,0.0002,0.1603,61267.3,0.0168,265.1,11.78,-9.37,20.06,27.45,-78.45,20.45,0.0309,0.3662,0.0,162000.0,4344000.0,0
BG_01239,Background_Point,Regional_Background,1.0,Background_Control,0,0,0,0,0.0439,0.0007,0.0,0.196,233940.2,0.0,547.2,13.67,6.46,3.73,27.01,-76.11,-100.0,0.1281,0.485,0.0373,682000.0,4638000.0,0
BG_01240,Background_Point,Regional_Background,1.0,Background_Control,0,0,0,0,0.0,0.0051,0.0036,0.0435,120066.6,0.0003,1016.1,13.39,-8.77,6.26,24.9,-78.85,-41.95,0.0089,0.0666,0.0624,204000.0,4560000.0,0
BG_01241,Background_Point,Regional_Background,1.0,Background_Control,0,0,0,0,0.0,0.0004,0.0049,0.3125,22177.4,0.228,311.6,13.67,-11.5,6.59,26.79,-82.7,41.97,0.1837,0.0327,0.0933,252000.0,4366000.0,0
BG_01242,Background_Point,Regional_Background,1.0,Background_Control,0,0,0,0,0.0727,0.0207,0.1077,0.4003,5644.0,0.6864,489.6,11.61,5.26,3.15,23.18,-80.77,90.05,0.4365,0.469,0.452,390000.0,4188000.0,0
BG_01243,Background_Point,Regional_Background,1.0,Background_Control,0,0,0,0,0.0,0.4672,0.0018,0.2421,58333.3,0.0205,920.6,15.76,10.27,15.43,32.88,-79.18,11.66,0.1665,0.3672,0.0,542000.0,4152000.0,0
BG_01244,Background_Point,Regional_Background,1.0,Background_Control,0,0,0,0,0.0495,0.0,0.0,0.0062,475184.2,0.0,703.5,14.75,-6.48,-5.46,32.23,-79.36,-100.0,0.0285,0.0714,0.0359,1014000.0,4538000.0,0
BG_01245,Background_Point,Regional_Background,1.0,Background_Control,0,0,0,0,0.0055,0.0,0.0,0.0087,541302.1,0.0,527.2,17.33,1.21,-1.52,38.79,-79.24,-100.0,0.2411,0.0067,0.0272,948000.0,4792000.0,0
BG_01246,Background_Point,Regional_Background,1.0,Background_Control,0,0,0,0,0.0,0.0041,0.0013,0.185,122441.8,0.0003,117.2,21.78,2.23,30.82,42.54,-81.13,-40.8,0.0462,0.0506,0.0,556000.0,4424000.0,0
BG_01247,Background_Point,Regional_Background,1.0,Background_Control,0,0,0,0,0.0,0.3982,0.0002,0.4327,1548.9,0.9019,1026.5,12.78,6.75,-6.07,28.61,-81.03,66.51,0.5749,0.2906,0.4847,578000.0,4104000.0,0
BG_01248,Background_Point,Regional_Background,1.0,Background_Control,0,0,0,0,0.0244,0.0012,0.0005,0.0011,172011.6,0.0,796.3,15.9,7.27,6.82,32.59,-75.64,-94.66,0.1803,0.0875,0.0,132000.0,4522000.0,0
BG_01249,Background_Point,Regional_Background,1.0,Background_Control,0,0,0,0,0.0448,0.0412,0.0,0.1706,50159.7,0.0353,974.0,14.24,0.56,8.04,28.95,-81.56,37.88,0.15,0.1555,0.092,730000.0,4204000.0,0
BG_01250,Background_Point,Regional_Background,1.0,Background_Control,0,0,0,0,0.0244,0.0,0.0,0.1689,514186.7,0.0,818.5,22.62,-1.02,14.36,48.34,-82.1,-100.0,0.0526,0.1701,0.0,968000.0,4682000.0,0
BG_01251,Background_Point,Regional_Background,1.0,Background_Control,0,0,0,0,0.0,0.025,0.0002,0.0539,172185.9,0.0,743.6,17.31,3.38,8.77,35.6,-77.09,-95.14,0.3153,0.023,0.0312,528000.0,4732000.0,0
BG_01252,Background_Point,Regional_Background,1.0,Background_Control,0,0,0,0,0.0268,0.0031,0.1051,0.2299,68105.2,0.0107,258.1,12.07,0.57,19.51,28.8,-70.78,21.12,0.2855,0.0912,0.0475,444000.0,4404000.0,0
BG_01253,Background_Point,Regional_Background,1.0,Background_Control,0,0,0,0,0.0208,0.0001,0.0,0.155,297919.5,0.0,465.1,12.53,8.55,-2.37,29.01,-78.85,-100.0,0.0414,0.0279,0.0125,764000.0,4610000.0,0
BG_01254,Background_Point,Regional_Background,1.0,Background_Control,0,0,0,0,0.0406,0.0001,0.0,0.0594,262800.3,0.0,295.1,13.89,4.31,-3.89,27.63,-77.29,-100.0,0.4678,0.0635,0.0,738000.0,4570000.0,0
BG_01255,Background_Point,Regional_Background,1.0,Background_Control,0,0,0,0,0.0,0.0001,0.0,0.0833,339346.4,0.0,395.5,12.15,11.66,7.16,27.23,-82.05,-100.0,0.0149,0.0847,0.035,814000.0,4580000.0,0
BG_01256,Background_Point,Regional_Background,1.0,Background_Control,0,0,0,0,0.0,0.1874,0.2348,0.1994,30522.0,0.1307,762.6,13.11,3.93,-10.11,30.03,-71.12,23.38,0.3163,0.198,0.1065,296000.0,4716000.0,0
BG_01257,Background_Point,Regional_Background,1.0,Background_Control,0,0,0,0,0.0463,0.1982,0.0154,0.0758,92276.4,0.0021,711.2,13.88,3.78,15.64,31.03,-80.86,-8.63,0.0743,0.3319,0.0,412000.0,4728000.0,0
BG_01258,Background_Point,Regional_Background,1.0,Background_Control,0,0,0,0,0.0011,0.0162,0.0153,0.1568,53254.1,0.0287,784.8,22.3,1.3,6.48,44.16,-76.89,40.6,0.0668,0.1427,0.0928,156000.0,4710000.0,0
BG_01259,Background_Point,Regional_Background,1.0,Background_Control,0,0,0,0,0.0266,0.0687,0.0597,0.3567,13272.9,0.4128,625.0,11.39,1.95,5.56,26.19,-82.46,96.03,0.3656,0.1266,0.1946,450000.0,4182000.0,0
BG_01260,Background_Point,Regional_Background,1.0,Background_Control,0,0,0,0,0.046,0.0023,0.0683,0.2143,50031.2,0.0356,244.0,17.84,2.33,25.38,37.16,-75.42,38.86,0.1346,0.1808,0.0,360000.0,4360000.0,0
BG_01261,Background_Point,Regional_Background,1.0,Background_Control,0,0,0,0,0.0,0.0029,0.1493,0.0278,110260.0,0.0006,804.4,13.63,2.98,5.01,27.3,-77.97,-28.6,0.1335,0.2621,0.0082,276000.0,4498000.0,0
BG_01262,Background_Point,Regional_Background,1.0,Background_Control,0,0,0,0,0.0,0.0003,0.0,0.0234,167140.7,0.0,486.9,19.65,2.14,17.53,39.2,-71.11,-70.88,0.0146,0.1714,0.0,210000.0,3994000.0,0
BG_01263,Background_Point,Regional_Background,1.0,Background_Control,0,0,0,0,0.0,0.0499,0.005,0.0351,76360.7,0.0062,400.3,11.29,-11.58,-6.53,25.62,-77.6,17.29,0.2922,0.0721,0.098,532000.0,4292000.0,0
BG_01264,Background_Point,Regional_Background,1.0,Background_Control,0,0,0,0,0.0612,0.0116,0.002,0.0731,110290.5,0.0006,584.1,14.41,-2.59,-7.34,32.41,-74.58,-33.21,0.056,0.169,0.0,372000.0,4070000.0,0
BG_01265,Background_Point,Regional_Background,1.0,Background_Control,0,0,0,0,0.0208,0.0121,0.0,0.0021,183363.4,0.0,902.5,15.29,9.37,-16.09,31.54,-82.01,-91.91,0.1209,0.0626,0.0,764000.0,4028000.0,0
BG_01266,Background_Point,Regional_Background,1.0,Background_Control,0,0,0,0,0.0,0.0468,0.0014,0.0454,82024.4,0.0042,350.6,21.42,24.92,33.7,43.97,-79.89,18.46,0.1082,0.1298,0.0,562000.0,4302000.0,0
BG_01267,Background_Point,Regional_Background,1.0,Background_Control,0,0,0,0,0.0,0.0266,0.0068,0.1465,125068.7,0.0002,1009.5,14.29,-1.27,16.1,28.55,-78.28,-60.65,0.0374,0.1365,0.0133,306000.0,4604000.0,0
BG_01268,Background_Point,Regional_Background,1.0,Background_Control,0,0,0,0,0.0489,0.4599,0.0287,0.2009,15437.1,0.3573,366.8,18.28,0.15,13.7,39.62,-73.21,87.36,0.2041,0.384,0.2266,382000.0,4802000.0,0
BG_01269,Background_Point,Regional_Background,1.0,Background_Control,0,0,0,0,0.0192,0.0086,0.0,0.1882,180853.5,0.0,67.3,26.07,-5.1,18.04,54.13,-75.66,-88.48,0.1887,0.1046,0.0,648000.0,4378000.0,0
BG_01270,Background_Point,Regional_Background,1.0,Background_Control,0,0,0,0,0.0,0.055,0.0,0.0155,97565.8,0.0015,798.5,12.62,2.11,-9.44,26.31,-75.86,-20.68,0.0121,0.1146,0.0254,618000.0,4010000.0,0
BG_01271,Background_Point,Regional_Background,1.0,Background_Control,0,0,0,0,0.0,0.0328,0.0811,0.4265,4564.5,0.7376,914.7,30.88,11.35,5.27,62.18,-78.69,71.85,0.4736,0.1139,0.4226,210000.0,4682000.0,0
BG_01272,Background_Point,Regional_Background,1.0,Background_Control,0,0,0,0,0.0173,0.0007,0.0,0.009,166433.2,0.0,100.5,11.87,3.86,-11.88,26.9,-78.66,-73.46,0.0498,0.0355,0.0,646000.0,4508000.0,0
BG_01273,Background_Point,Regional_Background,1.0,Background_Control,0,0,0,0,0.0,0.0786,0.0373,0.2141,87378.3,0.003,950.9,15.71,4.49,8.47,31.97,-76.97,0.86,0.2821,0.2947,0.0083,314000.0,4658000.0,0
BG_01274,Background_Point,Regional_Background,1.0,Background_Control,0,0,0,0,0.0405,0.1066,0.0064,0.1445,124894.0,0.0002,803.8,15.31,3.68,19.61,35.75,-75.96,-31.45,0.0561,0.1249,0.0888,424000.0,4696000.0,0
BG_01275,Background_Point,Regional_Background,1.0,Background_Control,0,0,0,0,0.0,0.0988,0.0,0.0361,74159.2,0.0071,939.3,11.65,-2.79,15.92,29.89,-80.26,-1.0,0.0289,0.0768,0.0894,616000.0,4040000.0,0
BG_01276,Background_Point,Regional_Background,1.0,Background_Control,0,0,0,0,0.0,0.0011,0.0,0.1762,234827.6,0.0,115.7,11.47,10.65,-15.72,23.66,-79.9,-100.0,0.0615,0.1262,0.0,842000.0,4370000.0,0
BG_01277,Background_Point,Regional_Background,1.0,Background_Control,0,0,0,0,0.0,0.0272,0.0066,0.0652,96933.0,0.0016,277.9,14.78,-8.2,26.04,31.47,-78.63,-13.83,0.038,0.174,0.0,510000.0,4316000.0,0
BG_01278,Background_Point,Regional_Background,1.0,Background_Control,0,0,0,0,0.0093,0.0007,0.0,0.1127,273408.1,0.0,16.2,13.25,3.37,7.05,25.91,-88.99,-100.0,0.0381,0.0127,0.0,776000.0,4456000.0,0
BG_01279,Background_Point,Regional_Background,1.0,Background_Control,0,0,0,0,0.0,0.0004,0.0,0.1881,289178.1,0.0,85.0,11.44,-2.29,-10.21,25.46,-81.54,-100.0,0.0589,0.0307,0.0,870000.0,4418000.0,0
BG_01280,Background_Point,Regional_Background,1.0,Background_Control,0,0,0,0,0.0,0.0026,0.0018,0.0106,142393.8,0.0001,929.0,16.67,7.95,4.4,33.38,-75.47,-62.92,0.0088,0.0032,0.0,174000.0,4540000.0,0
BG_01281,Background_Point,Regional_Background,1.0,Background_Control,0,0,0,0,0.0222,0.0001,0.0,0.0271,158050.6,0.0,513.3,11.54,2.96,-25.33,26.34,-78.14,-81.16,0.0134,0.0164,0.0,146000.0,3992000.0,0
BG_01282,Background_Point,Regional_Background,1.0,Background_Control,0,0,0,0,0.0382,0.0307,0.0,0.1254,63561.0,0.0144,911.4,17.78,17.56,-22.71,36.65,-74.33,31.08,0.6379,0.1143,0.0275,742000.0,4214000.0,0
BG_01283,Background_Point,Regional_Background,1.0,Background_Control,0,0,0,0,0.0451,0.0066,0.0591,0.0246,76535.2,0.0061,761.3,11.52,4.01,-7.92,25.19,-79.97,13.81,0.2228,0.1569,0.0,370000.0,4530000.0,0
BG_01284,Background_Point,Regional_Background,1.0,Background_Control,0,0,0,0,0.0356,0.0016,0.0,0.0486,284850.8,0.0,779.8,16.1,-6.21,7.75,34.35,-81.35,-100.0,0.0776,0.1417,0.0,668000.0,4734000.0,0
BG_01285,Background_Point,Regional_Background,1.0,Background_Control,0,0,0,0,0.0,0.0492,0.0,0.0315,75312.7,0.0066,734.5,19.25,5.43,-9.51,40.56,-86.11,-4.47,0.0071,0.1574,0.012,536000.0,4006000.0,0
BG_01286,Background_Point,Regional_Background,1.0,Background_Control,0,0,0,0,0.0495,0.0023,0.116,0.2358,48419.4,0.0396,259.4,18.8,7.23,14.88,41.44,-72.67,47.36,0.1178,0.0923,0.0,370000.0,4370000.0,0
BG_01287,Background_Point,Regional_Background,1.0,Background_Control,0,0,0,0,0.0418,0.0177,0.0,0.0011,168778.8,0.0,911.0,16.64,22.53,12.31,32.24,-85.2,-64.93,0.0728,0.0641,0.0118,736000.0,4022000.0,0
BG_01288,Background_Point,Regional_Background,1.0,Background_Control,0,0,0,0,0.0,0.0062,0.0,0.0715,235669.3,0.0,760.3,11.93,6.6,18.35,26.71,-80.78,-100.0,0.1198,0.1336,0.0,598000.0,4724000.0,0
BG_01289,Background_Point,Regional_Background,1.0,Background_Control,0,0,0,0,0.0,0.0027,0.0,0.09,223033.6,0.0,963.5,13.66,-2.97,15.62,30.04,-82.21,-100.0,0.0228,0.0295,0.055,868000.0,4080000.0,0
BG_01290,Background_Point,Regional_Background,1.0,Background_Control,0,0,0,0,0.0483,0.0343,0.0,0.039,132943.3,0.0001,1064.5,12.84,12.13,23.91,31.25,-78.03,-47.45,0.0824,0.0715,0.0585,720000.0,4056000.0,0
BG_01291,Background_Point,Regional_Background,1.0,Background_Control,0,0,0,0,0.0357,0.147,0.0,0.2099,56523.4,0.0231,1185.3,13.54,16.67,5.97,27.32,-77.63,39.7,0.0699,0.2287,0.1163,668000.0,4112000.0,0
BG_01292,Background_Point,Regional_Background,1.0,Background_Control,0,0,0,0,0.0,0.0,0.0,0.1872,438456.4,0.0,777.1,16.57,6.93,23.53,33.35,-79.3,-100.0,0.0635,0.0931,0.0,892000.0,4670000.0,0
BG_01293,Background_Point,Regional_Background,1.0,Background_Control,0,0,0,0,0.0,0.0,0.0,0.1905,434676.9,0.0,704.1,18.87,-4.66,24.38,37.41,-85.72,-100.0,0.034,0.1942,0.022,900000.0,4632000.0,0
BG_01294,Background_Point,Regional_Background,1.0,Background_Control,0,0,0,0,0.0,0.0026,0.0,0.1651,149305.1,0.0,527.8,15.37,7.35,13.3,33.86,-85.04,-57.78,0.059,0.0315,0.0,596000.0,4614000.0,0
BG_01295,Background_Point,Regional_Background,1.0,Background_Control,0,0,0,0,0.0463,0.1881,0.0148,0.0838,95430.3,0.0017,695.0,11.15,17.81,9.47,26.54,-69.51,-26.09,0.318,0.1678,0.0401,412000.0,4724000.0,0
BG_01296,Background_Point,Regional_Background,1.0,Background_Control,0,0,0,0,0.0077,0.0008,0.0,0.0137,156818.4,0.0,56.5,11.63,12.84,26.4,24.65,-88.21,-68.24,0.0696,0.048,0.0,636000.0,4504000.0,0
BG_01297,Background_Point,Regional_Background,1.0,Background_Control,0,0,0,0,0.0,0.0016,0.0,0.1095,216083.3,0.0,701.0,12.76,19.51,15.08,31.28,-75.99,-100.0,0.2468,0.1849,0.0292,896000.0,4206000.0,0
BG_01298,Background_Point,Regional_Background,1.0,Background_Control,0,0,0,0,0.0037,0.0056,0.0001,0.1995,191206.7,0.0,26.9,20.65,9.24,-2.72,40.3,-68.53,-100.0,0.1161,0.1342,0.0323,632000.0,4404000.0,0
BG_01299,Background_Point,Regional_Background,1.0,Background_Control,0,0,0,0,0.0,0.0037,0.0,0.1437,201444.8,0.0,994.1,14.81,19.63,19.55,29.94,-80.26,-100.0,0.0239,0.0365,0.0467,856000.0,4102000.0,0
BG_01300,Background_Point,Regional_Background,1.0,Background_Control,0,0,0,0,0.0296,0.0188,0.0,0.095,133506.6,0.0001,251.1,17.58,2.8,21.03,35.78,-71.39,-65.94,0.0668,0.047,0.009,660000.0,4332000.0,0
BG_01301,Background_Point,Regional_Background,1.0,Background_Control,0,0,0,0,0.0,0.002,0.0,0.1867,176816.3,0.0,571.8,13.55,-9.8,10.14,27.99,-74.09,-91.75,0.0624,0.1902,0.0,620000.0,4628000.0,0
BG_01302,Background_Point,Regional_Background,1.0,Background_Control,0,0,0,0,0.0,0.0,0.0,0.0462,402412.7,0.0,488.9,21.84,-6.02,13.51,44.87,-77.47,-100.0,0.0114,0.0056,0.0,880000.0,4564000.0,0
BG_01303,Background_Point,Regional_Background,1.0,Background_Control,0,0,0,0,0.0747,0.0078,0.3012,0.2545,9387.8,0.5348,309.6,12.39,11.81,24.02,26.69,-67.2,82.83,0.5899,0.1491,0.4077,354000.0,4238000.0,0
BG_01304,Background_Point,Regional_Background,1.0,Background_Control,0,0,0,0,0.3204,0.001,0.0273,0.2091,24066.1,0.201,209.7,19.04,8.49,12.97,38.41,-62.76,98.11,0.103,0.3711,0.1903,240000.0,4220000.0,0
BG_01305,Background_Point,Regional_Background,1.0,Background_Control,0,0,0,0,0.0,0.0001,0.0,0.0778,350821.9,0.0,234.9,11.85,8.61,12.91,25.94,-75.72,-100.0,0.0251,0.2553,0.0,904000.0,4470000.0,0
BG_01306,Background_Point,Regional_Background,1.0,Background_Control,0,0,0,0,0.0,0.0002,0.0028,0.235,55306.5,0.025,341.0,16.26,13.6,21.28,36.61,-77.53,25.75,0.0518,0.0721,0.1127,214000.0,4378000.0,0
BG_01307,Background_Point,Regional_Background,1.0,Background_Control,0,0,0,0,0.0,0.0003,0.0,0.1995,290330.8,0.0,146.7,15.7,-1.37,-18.71,37.44,-81.55,-100.0,0.2117,0.0008,0.0,896000.0,4394000.0,0
BG_01308,Background_Point,Regional_Background,1.0,Background_Control,0,0,0,0,0.0313,0.1108,0.0289,0.1984,98761.9,0.0014,902.5,11.57,12.62,21.53,25.33,-74.16,0.82,0.1366,0.1146,0.0417,348000.0,4670000.0,0
BG_01309,Background_Point,Regional_Background,1.0,Background_Control,0,0,0,0,0.0134,0.0005,0.0,0.1559,276354.8,0.0,643.8,18.45,-7.96,11.4,38.78,-81.23,-100.0,0.0467,0.1408,0.0,956000.0,4186000.0,0
BG_01310,Background_Point,Regional_Background,1.0,Background_Control,0,0,0,0,0.0,0.0233,0.0093,0.0113,105430.1,0.0009,350.7,18.13,12.3,11.73,39.04,-79.48,-22.47,0.2936,0.0925,0.0,162000.0,4784000.0,0
BG_01311,Background_Point,Regional_Background,1.0,Background_Control,0,0,0,0,0.0,0.0045,0.0001,0.1891,168404.3,0.0,21.4,19.16,0.98,14.44,40.4,-82.82,-75.78,0.1416,0.0184,0.0121,614000.0,4418000.0,0
BG_01312,Background_Point,Regional_Background,1.0,Background_Control,0,0,0,0,0.0,0.0001,0.0,0.1872,364313.1,0.0,726.5,12.3,7.97,-3.25,28.97,-85.75,-100.0,0.4484,0.358,0.0,812000.0,4670000.0,0
BG_01313,Background_Point,Regional_Background,1.0,Background_Control,0,0,0,0,0.0,0.0003,0.0113,0.2845,36882.2,0.0855,357.7,11.71,2.2,-3.88,23.0,-75.98,44.97,0.0734,0.1714,0.052,256000.0,4388000.0,0
BG_01314,Background_Point,Regional_Background,1.0,Background_Control,0,0,0,0,0.0256,0.0001,0.0,0.0067,140014.3,0.0001,522.7,13.56,-0.75,21.8,29.52,-80.96,-76.39,0.1411,0.1308,0.0,148000.0,4010000.0,0
BG_01315,Background_Point,Regional_Background,1.0,Background_Control,0,0,0,0,0.0,0.0037,0.0,0.0255,169799.9,0.0,637.7,18.91,19.76,39.33,37.49,-80.56,-91.05,0.0268,0.2857,0.0224,844000.0,4244000.0,0
BG_01316,Background_Point,Regional_Background,1.0,Background_Control,0,0,0,0,0.0286,0.002,0.0122,0.139,52295.2,0.0306,249.3,17.52,3.16,5.61,35.68,-77.56,27.09,0.0487,0.1117,0.0,326000.0,4330000.0,0
BG_01317,Background_Point,Regional_Background,1.0,Background_Control,0,0,0,0,0.0428,0.0007,0.0,0.059,257449.0,0.0,0.0,15.77,7.22,13.05,37.37,-73.2,-100.0,0.0479,0.0903,0.025,734000.0,4478000.0,0
BG_01318,Background_Point,Regional_Background,1.0,Background_Control,0,0,0,0,0.0095,0.0,0.0,0.0087,544764.2,0.0,540.7,27.81,11.19,16.61,55.77,-82.99,-100.0,0.0781,0.0652,0.0,952000.0,4792000.0,0
BG_01319,Background_Point,Regional_Background,1.0,Background_Control,0,0,0,0,0.0,0.0002,0.0023,0.2265,64766.7,0.0133,360.2,15.28,5.69,-15.18,31.56,-80.71,-4.1,0.08,0.1793,0.0191,204000.0,4382000.0,0
BG_01320,Background_Point,Regional_Background,1.0,Background_Control,0,0,0,0,0.0492,0.0031,0.0,0.1926,214755.7,0.0,0.0,20.28,14.28,7.3,41.99,-78.03,-100.0,0.0434,0.0423,0.0538,698000.0,4414000.0,0
BG_01321,Background_Point,Regional_Background,1.0,Background_Control,0,0,0,0,0.0,0.0,0.0,0.1444,469438.0,0.0,791.1,13.52,2.63,4.58,26.78,-82.4,-100.0,0.2658,0.0478,0.0407,916000.0,4694000.0,0
BG_01322,Background_Point,Regional_Background,1.0,Background_Control,0,0,0,0,0.0075,0.0,0.0,0.0282,550178.2,0.0,478.0,17.37,-11.4,-8.14,36.03,-68.21,-100.0,0.5699,0.2066,0.0458,950000.0,4806000.0,0
BG_01323,Background_Point,Regional_Background,1.0,Background_Control,0,0,0,0,0.0488,0.0559,0.0,0.2251,38833.0,0.0751,1024.7,15.72,18.56,25.79,35.2,-78.62,45.58,0.1179,0.0677,0.0406,718000.0,4192000.0,0
BG_01324,Background_Point,Regional_Background,1.0,Background_Control,0,0,0,0,0.1468,0.0005,0.0074,0.0889,40303.0,0.0681,196.5,11.29,-5.36,3.08,27.21,-71.99,68.62,0.1829,0.0906,0.0279,212000.0,4254000.0,0
BG_01325,Background_Point,Regional_Background,1.0,Background_Control,0,0,0,0,0.0653,0.0266,0.1564,0.3646,8461.2,0.5689,525.6,12.96,-3.39,20.51,30.98,-67.5,70.94,0.5366,0.1692,0.3838,404000.0,4194000.0,0
BG_01326,Background_Point,Regional_Background,1.0,Background_Control,0,0,0,0,0.0,0.0001,0.0,0.0078,357754.1,0.0,245.4,18.02,8.09,2.92,39.28,-81.84,-100.0,0.0128,0.0099,0.0,862000.0,4508000.0,0
BG_01327,Background_Point,Regional_Background,1.0,Background_Control,0,0,0,0,0.0,0.0013,0.0,0.0623,139283.9,0.0001,339.1,12.99,-2.88,-2.12,25.41,-75.48,-55.62,0.1684,0.0285,0.0,610000.0,4570000.0,0
BG_01328,Background_Point,Regional_Background,1.0,Background_Control,0,0,0,0,0.0,0.0129,0.0,0.1169,110163.5,0.0006,920.0,12.48,7.99,-3.59,27.3,-80.27,-26.74,0.0186,0.334,0.0,790000.0,4206000.0,0
BG_01329,Background_Point,Regional_Background,1.0,Background_Control,0,0,0,0,0.1333,0.0001,0.0002,0.1384,65299.3,0.0129,349.3,11.2,-8.36,-13.82,20.86,-67.26,27.29,0.1921,0.0874,0.062,120000.0,4208000.0,0
BG_01330,Background_Point,Regional_Background,1.0,Background_Control,0,0,0,0,0.0,0.0001,0.0,0.0544,354857.7,0.0,247.3,11.76,-0.07,-4.2,24.78,-79.18,-100.0,0.2246,0.0267,0.0047,898000.0,4480000.0,0
BG_01331,Background_Point,Regional_Background,1.0,Background_Control,0,0,0,0,0.0,0.0001,0.0,0.1176,356393.0,0.0,261.5,11.78,7.59,4.35,29.52,-79.79,-100.0,0.117,0.0295,0.0278,930000.0,4454000.0,0
BG_01332,Background_Point,Regional_Background,1.0,Background_Control,0,0,0,0,0.055,0.0241,0.0013,0.0828,109990.7,0.0007,668.0,21.76,12.12,13.39,41.45,-79.73,-22.41,0.0531,0.0487,0.0,410000.0,4074000.0,0
BG_01333,Background_Point,Regional_Background,1.0,Background_Control,0,0,0,0,0.0,0.0574,0.1882,0.2847,29476.5,0.1401,915.6,11.66,4.34,-0.6,24.2,-71.19,49.23,0.3326,0.2153,0.0894,248000.0,4680000.0,0
BG_01334,Background_Point,Regional_Background,1.0,Background_Control,0,0,0,0,0.0,0.0099,0.0001,0.1886,167630.5,0.0,79.4,13.78,14.25,24.37,31.15,-79.49,-81.87,0.1717,0.0341,0.0,616000.0,4378000.0,0
BG_01335,Background_Point,Regional_Background,1.0,Background_Control,0,0,0,0,0.0041,0.0002,0.0006,0.2075,92535.8,0.0021,327.0,17.08,5.14,19.92,35.89,-76.45,-2.01,0.1066,0.0973,0.024,162000.0,4384000.0,0
BG_01336,Background_Point,Regional_Background,1.0,Background_Control,0,0,0,0,0.0,0.0015,0.0081,0.1368,57511.1,0.0216,274.4,13.81,-6.42,15.0,30.62,-76.25,22.52,0.0528,0.0514,0.0,502000.0,4464000.0,0
BG_01337,Background_Point,Regional_Background,1.0,Background_Control,0,0,0,0,0.0077,0.0942,0.0001,0.04,69656.3,0.0096,696.4,13.22,7.04,23.39,28.27,-79.12,0.4,0.0926,0.1578,0.0216,636000.0,4254000.0,0
BG_01338,Background_Point,Regional_Background,1.0,Background_Control,0,0,0,0,0.0,0.0081,0.0,0.009,128825.5,0.0002,638.2,20.5,-3.1,5.72,41.93,-80.85,-41.26,0.0556,0.0452,0.0235,794000.0,4260000.0,0
BG_01339,Background_Point,Regional_Background,1.0,Background_Control,0,0,0,0,0.0,0.0001,0.0,0.0519,448004.5,0.0,688.1,20.22,15.99,9.42,43.8,-80.37,-100.0,0.3747,0.001,0.0,828000.0,4818000.0,0
BG_01340,Background_Point,Regional_Background,1.0,Background_Control,0,0,0,0,0.0,0.0513,0.0001,0.0269,72718.6,0.0078,742.6,18.52,16.52,8.94,40.23,-78.71,-1.34,0.0807,0.1291,0.1142,512000.0,4018000.0,0
BG_01341,Background_Point,Regional_Background,1.0,Background_Control,0,0,0,0,0.0,0.0043,0.0,0.1609,192353.8,0.0,1039.4,13.78,10.59,2.52,28.12,-81.02,-98.37,0.0408,0.1547,0.0,850000.0,4110000.0,0
BG_01342,Background_Point,Regional_Background,1.0,Background_Control,0,0,0,0,0.0,0.0018,0.0089,0.1728,21575.2,0.2373,353.3,14.46,2.92,21.66,32.34,-78.83,52.21,0.4359,0.0532,0.1228,482000.0,4494000.0,0
BG_01343,Background_Point,Regional_Background,1.0,Background_Control,0,0,0,0,0.0512,0.0063,0.0342,0.1487,58855.8,0.0198,248.0,11.89,-3.21,27.61,27.65,-73.37,60.94,0.0367,0.0652,0.0,410000.0,4338000.0,0
BG_01344,Background_Point,Regional_Background,1.0,Background_Control,0,0,0,0,0.0417,0.1232,0.0079,0.1268,117353.3,0.0004,779.7,18.84,-0.94,-1.21,37.31,-73.64,-25.12,0.044,0.1542,0.0268,422000.0,4704000.0,0
BG_01345,Background_Point,Regional_Background,1.0,Background_Control,0,0,0,0,0.0076,0.0013,0.278,0.2017,43804.4,0.0539,541.7,11.91,17.13,12.41,25.21,-69.67,21.51,0.3122,0.0124,0.1119,320000.0,4448000.0,0
BG_01346,Background_Point,Regional_Background,1.0,Background_Control,0,0,0,0,0.0077,0.002,0.0,0.1981,208278.7,0.0,656.4,11.87,-1.95,18.1,25.34,-85.34,-100.0,0.1486,0.3612,0.0082,636000.0,4658000.0,0
BG_01347,Background_Point,Regional_Background,1.0,Background_Control,0,0,0,0,0.0396,0.0006,0.0,0.0064,194257.6,0.0,65.5,25.03,13.57,-7.78,50.62,-75.84,-100.0,0.0097,0.0718,0.0823,674000.0,4510000.0,0
BG_01348,Background_Point,Regional_Background,1.0,Background_Control,0,0,0,0,0.0137,0.1342,0.06,0.1919,77005.8,0.0059,875.7,12.84,2.49,-3.95,29.83,-71.76,-11.25,0.0654,0.1376,0.0159,328000.0,4682000.0,0
BG_01349,Background_Point,Regional_Background,1.0,Background_Control,0,0,0,0,0.0295,0.0,0.0,0.1987,512378.8,0.0,841.9,24.01,3.0,-4.09,47.89,-83.33,-100.0,0.0109,0.046,0.0,974000.0,4656000.0,0
BG_01350,Background_Point,Regional_Background,1.0,Background_Control,0,0,0,0,0.0809,0.0098,0.3181,0.1906,32589.0,0.1139,361.8,22.21,-9.28,-2.47,44.74,-75.82,51.23,0.19,0.0654,0.1768,358000.0,4214000.0,0
BG_01351,Background_Point,Regional_Background,1.0,Background_Control,0,0,0,0,0.0,0.0007,0.0,0.1968,257526.7,0.0,92.8,20.46,4.41,27.22,43.07,-78.52,-100.0,0.0478,0.27,0.011,856000.0,4388000.0,0
BG_01352,Background_Point,Regional_Background,1.0,Background_Control,0,0,0,0,0.0429,0.0002,0.0,0.1521,327768.2,0.0,667.0,20.74,25.05,19.04,39.66,-83.97,-100.0,0.0174,0.1293,0.0,994000.0,4106000.0,0
BG_01353,Background_Point,Regional_Background,1.0,Background_Control,0,0,0,0,0.0,0.0025,0.0027,0.1504,92800.9,0.0021,137.1,14.79,-6.26,-7.37,29.94,-80.26,-5.56,0.1767,0.1915,0.0061,536000.0,4446000.0,0
BG_01354,Background_Point,Regional_Background,1.0,Background_Control,0,0,0,0,0.0535,0.003,0.1146,0.2077,61600.2,0.0165,261.3,11.28,6.38,-9.73,24.95,-80.8,24.23,0.1737,0.3553,0.0736,386000.0,4366000.0,0
BG_01355,Background_Point,Regional_Background,1.0,Background_Control,0,0,0,0,0.0,0.0003,0.0,0.1459,310161.2,0.0,131.1,19.35,7.72,8.54,37.83,-78.37,-100.0,0.0785,0.0282,0.0279,874000.0,4442000.0,0
BG_01356,Background_Point,Regional_Background,1.0,Background_Control,0,0,0,0,0.0,0.0007,0.0,0.0472,254023.6,0.0,543.5,26.13,13.27,-2.8,51.96,-77.97,-100.0,0.1951,0.0846,0.0,932000.0,4232000.0,0
BG_01357,Background_Point,Regional_Background,1.0,Background_Control,0,0,0,0,0.0205,0.0111,0.0069,0.1344,70682.4,0.009,772.3,17.46,2.86,-2.17,34.49,-80.13,12.05,0.1105,0.267,0.0373,136000.0,4710000.0,0
BG_01358,Background_Point,Regional_Background,1.0,Background_Control,0,0,0,0,0.0259,0.0031,0.0002,0.0079,181041.4,0.0,543.7,15.3,-6.59,21.65,32.08,-81.14,-98.45,0.2798,0.0888,0.0,330000.0,4006000.0,0
BG_01359,Background_Point,Regional_Background,1.0,Background_Control,0,0,0,0,0.0209,0.0,0.0,0.0003,545673.9,0.0,608.0,12.01,9.56,-9.78,27.48,-83.25,-100.0,0.0523,0.1646,0.0,964000.0,4772000.0,0
BG_01360,Background_Point,Regional_Background,1.0,Background_Control,0,0,0,0,0.1277,0.0035,0.3282,0.2955,12752.0,0.4274,285.1,22.21,-0.37,35.78,44.93,-64.54,91.42,0.5563,0.175,0.403,304000.0,4210000.0,0
BG_01361,Background_Point,Regional_Background,1.0,Background_Control,0,0,0,0,0.0,0.0011,0.0,0.1985,246333.1,0.0,799.1,11.34,7.86,6.65,21.67,-85.53,-100.0,0.0127,0.2174,0.0,922000.0,4154000.0,0
BG_01362,Background_Point,Regional_Background,1.0,Background_Control,0,0,0,0,0.0171,0.0012,0.0,0.1702,246260.0,0.0,0.0,13.18,7.31,36.73,28.02,-78.94,-100.0,0.1253,0.3048,0.0249,768000.0,4430000.0,0
BG_01363,Background_Point,Regional_Background,1.0,Background_Control,0,0,0,0,0.0,0.0327,0.0002,0.0424,138231.7,0.0001,544.7,12.9,0.94,22.81,26.3,-88.44,-54.53,0.0155,0.0317,0.0,518000.0,4812000.0,0
BG_01364,Background_Point,Regional_Background,1.0,Background_Control,0,0,0,0,0.04,0.001,0.239,0.3687,10690.8,0.4903,460.8,18.78,12.87,-0.34,39.32,-70.33,60.2,0.3813,0.0294,0.3156,358000.0,4436000.0,0
BG_01365,Background_Point,Regional_Background,1.0,Background_Control,0,0,0,0,0.0,0.0,0.0,0.0108,518339.7,0.0,585.6,11.55,2.11,-12.42,25.72,-81.48,-100.0,0.1366,0.0133,0.0,920000.0,4794000.0,0
BG_01366,Background_Point,Regional_Background,1.0,Background_Control,0,0,0,0,0.034,0.0011,0.0,0.1321,257153.7,0.0,0.0,11.8,10.49,-18.58,23.44,-68.51,-100.0,0.1496,0.1911,0.0,748000.0,4448000.0,0
BG_01367,Background_Point,Regional_Background,1.0,Background_Control,0,0,0,0,0.0,0.0026,0.0011,0.1451,107517.4,0.0008,95.6,12.36,5.39,2.76,27.47,-82.56,-32.54,0.0539,0.0613,0.0,558000.0,4446000.0,0
BG_01368,Background_Point,Regional_Background,1.0,Background_Control,0,0,0,0,0.0301,0.0005,0.0004,0.0595,188371.3,0.0,648.7,13.15,8.65,9.18,28.21,-74.27,-100.0,0.0067,0.1678,0.0,126000.0,4478000.0,0
BG_01369,Background_Point,Regional_Background,1.0,Background_Control,0,0,0,0,0.0,0.0509,0.0004,0.1028,109178.8,0.0007,457.9,14.51,4.97,19.19,27.75,-76.19,-15.09,0.0821,0.1436,0.0,488000.0,4836000.0,0
BG_01370,Background_Point,Regional_Background,1.0,Background_Control,0,0,0,0,0.0,0.0009,0.0523,0.1738,76307.1,0.0062,541.4,19.33,6.24,17.61,37.22,-81.43,3.59,0.084,0.1651,0.0597,258000.0,4440000.0,0
BG_01371,Background_Point,Regional_Background,1.0,Background_Control,0,0,0,0,0.0436,0.0019,0.0634,0.0516,53818.2,0.0277,204.3,13.34,2.19,1.98,28.26,-73.65,36.82,0.0423,0.1068,0.0721,296000.0,4280000.0,0
BG_01372,Background_Point,Regional_Background,1.0,Background_Control,0,0,0,0,0.0,0.1778,0.0118,0.2773,34973.4,0.0971,771.1,12.35,-3.18,26.47,26.98,-82.29,37.65,0.1263,0.1917,0.0826,496000.0,4170000.0,0
BG_01373,Background_Point,Regional_Background,1.0,Background_Control,0,0,0,0,0.0,0.0051,0.0,0.0008,237394.2,0.0,751.0,11.39,3.44,-5.85,24.57,-79.14,-100.0,0.0195,0.5364,0.0,614000.0,4780000.0,0
BG_01374,Background_Point,Regional_Background,1.0,Background_Control,0,0,0,0,0.0074,0.0041,0.0,0.1125,170891.8,0.0,227.3,12.53,9.39,-7.47,25.87,-73.14,-71.59,0.0628,0.0077,0.0175,778000.0,4340000.0,0
BG_01375,Background_Point,Regional_Background,1.0,Background_Control,0,0,0,0,0.0,0.0039,0.0,0.0218,219244.2,0.0,925.5,13.36,-1.92,9.33,30.12,-78.23,-100.0,0.0017,0.0803,0.0,838000.0,4048000.0,0
BG_01376,Background_Point,Regional_Background,1.0,Background_Control,0,0,0,0,0.0,0.0586,0.0067,0.0344,67473.2,0.0111,445.1,16.2,13.13,8.1,36.28,-84.33,-0.11,0.0089,0.2746,0.0427,528000.0,4282000.0,0
BG_01377,Background_Point,Regional_Background,1.0,Background_Control,0,0,0,0,0.0,0.0,0.0,0.0001,416984.4,0.0,520.2,12.81,-4.75,-1.15,28.21,-77.37,-100.0,0.0889,0.0043,0.0,940000.0,4526000.0,0
BG_01378,Background_Point,Regional_Background,1.0,Background_Control,0,0,0,0,0.0451,0.0116,0.0246,0.0455,98391.1,0.0014,851.2,17.03,7.53,3.19,33.14,-79.96,-12.28,0.0925,0.1839,0.0,370000.0,4558000.0,0
BG_01379,Background_Point,Regional_Background,1.0,Background_Control,0,0,0,0,0.0,0.0001,0.0,0.038,368179.3,0.0,380.9,12.71,-1.26,-10.13,32.26,-82.32,-100.0,0.1012,0.0396,0.0247,846000.0,4560000.0,0
BG_01380,Background_Point,Regional_Background,1.0,Background_Control,0,0,0,0,0.0407,0.0002,0.0,0.0017,320156.2,0.0,319.8,11.11,0.65,5.24,25.28,-72.36,-100.0,0.0315,0.1035,0.0509,990000.0,4280000.0,0
BG_01381,Background_Point,Regional_Background,1.0,Background_Control,0,0,0,0,0.0,0.1342,0.0172,0.2655,12810.5,0.4257,671.8,11.68,-5.04,3.42,26.8,-74.3,74.33,0.3882,0.3242,0.2187,510000.0,4222000.0,0
BG_01382,Background_Point,Regional_Background,1.0,Background_Control,0,0,0,0,0.0521,0.038,0.0069,0.1996,71162.9,0.0087,653.2,12.05,8.32,-6.66,26.3,-73.04,31.12,0.0516,0.1685,0.0134,420000.0,4116000.0,0
BG_01383,Background_Point,Regional_Background,1.0,Background_Control,0,0,0,0,0.0,0.0052,0.0,0.0219,208009.6,0.0,963.1,12.93,6.73,26.88,27.85,-72.24,-100.0,0.005,0.0173,0.0441,822000.0,4048000.0,0
BG_01384,Background_Point,Regional_Background,1.0,Background_Control,0,0,0,0,0.0,0.119,0.0002,0.0499,70439.3,0.0091,725.4,11.3,0.07,-4.29,26.47,-77.47,-3.53,0.1738,0.1309,0.0885,626000.0,4246000.0,0
BG_01385,Background_Point,Regional_Background,1.0,Background_Control,0,0,0,0,0.0,0.0156,0.0001,0.1802,163817.0,0.0,734.3,18.23,19.34,5.02,36.8,-79.85,-91.35,0.1712,0.096,0.0034,530000.0,4676000.0,0
BG_01386,Background_Point,Regional_Background,1.0,Background_Control,0,0,0,0,0.0,0.3476,0.7494,0.2614,5751.0,0.6815,534.3,12.15,4.28,-0.55,24.01,-56.15,72.5,0.6846,0.3028,0.5279,304000.0,4754000.0,0
BG_01387,Background_Point,Regional_Background,1.0,Background_Control,0,0,0,0,0.0,0.0002,0.0,0.0457,338396.2,0.0,184.0,16.92,-12.85,19.92,35.66,-78.12,-100.0,0.0027,0.0318,0.0,864000.0,4484000.0,0
BG_01388,Background_Point,Regional_Background,1.0,Background_Control,0,0,0,0,0.0414,0.0001,0.0,0.0041,135484.3,0.0001,546.1,14.94,0.7,11.31,29.58,-76.74,-44.13,0.1898,0.1156,0.0471,130000.0,4016000.0,0
BG_01389,Background_Point,Regional_Background,1.0,Background_Control,0,0,0,0,0.0,0.0016,0.0,0.0001,264764.0,0.0,778.2,19.34,12.73,2.42,40.98,-81.42,-100.0,0.1034,0.1047,0.1117,876000.0,4022000.0,0
BG_01390,Background_Point,Regional_Background,1.0,Background_Control,0,0,0,0,0.0492,0.0004,0.0,0.1374,232912.0,0.0,397.3,13.11,5.83,-8.51,26.2,-72.6,-100.0,0.1072,0.1716,0.0474,698000.0,4602000.0,0
BG_01391,Background_Point,Regional_Background,1.0,Background_Control,0,0,0,0,0.0,0.1371,0.0007,0.1687,46389.7,0.0454,841.0,15.52,5.98,24.32,34.49,-79.29,30.31,0.0142,0.103,0.1038,504000.0,4086000.0,0
BG_01392,Background_Point,Regional_Background,1.0,Background_Control,0,0,0,0,0.0,0.0002,0.0,0.1321,324967.7,0.0,146.1,12.95,18.24,-14.28,30.4,-73.47,-100.0,0.1911,0.2052,0.0794,890000.0,4448000.0,0
BG_01393,Background_Point,Regional_Background,1.0,Background_Control,0,0,0,0,0.0259,0.0343,0.001,0.2018,125283.7,0.0002,832.8,16.82,0.63,38.79,34.3,-80.83,-36.33,0.0332,0.0735,0.0404,444000.0,4640000.0,0
BG_01394,Background_Point,Regional_Background,1.0,Background_Control,0,0,0,0,0.0449,0.0096,0.0,0.1551,158050.6,0.0,156.8,13.22,-0.63,3.58,27.25,-80.84,-76.73,0.3431,0.0897,0.0289,684000.0,4358000.0,0
BG_01395,Background_Point,Regional_Background,1.0,Background_Control,0,0,0,0,0.0,0.0,0.0,0.1972,459930.4,0.0,780.2,21.36,4.49,4.44,42.03,-80.54,-100.0,0.2394,0.3105,0.0,924000.0,4640000.0,0
BG_01396,Background_Point,Regional_Background,1.0,Background_Control,0,0,0,0,0.0488,0.0436,0.0,0.1321,44944.4,0.05,883.2,22.68,11.63,3.33,46.96,-78.63,51.51,0.1123,0.0878,0.0973,718000.0,4224000.0,0
BG_01397,Background_Point,Regional_Background,1.0,Background_Control,0,0,0,0,0.0055,0.0,0.0,0.0394,551623.1,0.0,468.5,23.85,-3.03,15.89,49.65,-83.63,-100.0,0.043,0.1331,0.0,948000.0,4812000.0,0
BG_01398,Background_Point,Regional_Background,1.0,Background_Control,0,0,0,0,0.0,0.0019,0.0,0.006,201295.8,0.0,416.5,15.97,17.49,22.03,33.9,-76.59,-100.0,0.1026,0.0097,0.041,862000.0,4286000.0,0
BG_01399,Background_Point,Regional_Background,1.0,Background_Control,0,0,0,0,0.0,0.0096,0.0,0.111,167092.8,0.0,1083.5,12.18,-0.65,27.47,27.1,-72.76,-97.71,0.1857,0.0764,0.0376,804000.0,4088000.0,0
BG_01400,Background_Point,Regional_Background,1.0,Background_Control,0,0,0,0,0.0394,0.0004,0.0,0.006,260192.2,0.0,30.7,18.22,5.9,5.02,39.86,-78.4,-100.0,0.0097,0.1256,0.0132,740000.0,4510000.0,0
BG_01401,Background_Point,Regional_Background,1.0,Background_Control,0,0,0,0,0.0488,0.0009,0.0,0.0519,316006.3,0.0,746.9,11.98,12.07,5.78,24.55,-77.82,-100.0,0.1566,0.1649,0.0014,696000.0,4818000.0,0
BG_01402,Background_Point,Regional_Background,1.0,Background_Control,0,0,0,0,0.0399,0.0076,0.0638,0.0208,87494.1,0.0029,805.5,16.56,15.15,11.66,37.6,-79.69,-2.66,0.4629,0.0291,0.0532,360000.0,4536000.0,0
BG_01403,Background_Point,Regional_Background,1.0,Background_Control,0,0,0,0,0.0096,0.0007,0.0,0.0075,158316.1,0.0,99.3,25.29,9.86,-18.31,53.48,-73.45,-70.7,0.0608,0.0574,0.1045,638000.0,4510000.0,0
BG_01404,Background_Point,Regional_Background,1.0,Background_Control,0,0,0,0,0.0,0.0002,0.0,0.1769,323882.7,0.0,194.4,13.06,2.65,-2.41,31.34,-77.63,-100.0,0.0231,0.0117,0.0124,912000.0,4426000.0,0
BG_01405,Background_Point,Regional_Background,1.0,Background_Control,0,0,0,0,0.0072,0.0033,0.0007,0.0799,115395.0,0.0005,959.4,11.16,1.69,11.49,24.78,-91.3,-22.37,0.0245,0.0176,0.0685,150000.0,4576000.0,0
BG_01406,Background_Point,Regional_Background,1.0,Background_Control,0,0,0,0,0.1517,0.0035,0.1937,0.2639,27234.5,0.1627,330.9,17.98,-12.32,24.12,33.58,-64.8,69.07,0.3586,0.2427,0.1772,300000.0,4192000.0,0
BG_01407,Background_Point,Regional_Background,1.0,Background_Control,0,0,0,0,0.0,0.0025,0.0,0.192,206475.2,0.0,654.5,18.41,-0.91,-1.98,38.45,-78.96,-100.0,0.3396,0.236,0.0,626000.0,4666000.0,0
BG_01408,Background_Point,Regional_Background,1.0,Background_Control,0,0,0,0,0.025,0.0322,0.0003,0.0186,109562.8,0.0007,715.6,12.07,2.33,6.57,28.01,-82.23,-21.49,0.0006,0.0354,0.0,448000.0,4040000.0,0
BG_01409,Background_Point,Regional_Background,1.0,Background_Control,0,0,0,0,0.0498,0.0005,0.0,0.1832,246008.1,0.0,513.5,14.1,8.65,-5.49,34.16,-74.44,-100.0,0.1178,0.2509,0.1002,702000.0,4626000.0,0
BG_01410,Background_Point,Regional_Background,1.0,Background_Control,0,0,0,0,0.0,0.2525,0.4701,0.2486,10370.0,0.5009,595.1,13.22,6.33,7.52,26.64,-65.98,65.5,0.4592,0.3001,0.3162,294000.0,4740000.0,0
BG_01411,Background_Point,Regional_Background,1.0,Background_Control,0,0,0,0,0.0247,0.7536,0.1353,0.2923,1485.7,0.9057,358.6,11.13,-1.92,-0.0,28.31,-73.73,92.49,0.6044,0.64,0.4452,340000.0,4790000.0,0
BG_01412,Background_Point,Regional_Background,1.0,Background_Control,0,0,0,0,0.0694,0.0179,0.0089,0.2012,66030.3,0.0123,556.1,16.6,-6.23,24.85,33.16,-78.24,21.75,0.2592,0.115,0.059,382000.0,4114000.0,0
BG_01413,Background_Point,Regional_Background,1.0,Background_Control,0,0,0,0,0.0,0.0008,0.0038,0.1004,140888.4,0.0001,658.0,12.65,9.5,9.88,28.74,-78.85,-58.31,0.1329,0.3174,0.0196,182000.0,4462000.0,0
BG_01414,Background_Point,Regional_Background,1.0,Background_Control,0,0,0,0,0.0,0.0,0.0,0.0564,525950.6,0.0,531.6,22.67,-2.98,40.54,46.17,-73.9,-100.0,0.0622,0.3162,0.0,912000.0,4820000.0,0
BG_01415,Background_Point,Regional_Background,1.0,Background_Control,0,0,0,0,0.0266,0.0093,0.0619,0.0235,106541.5,0.0008,880.4,18.04,11.22,15.03,36.58,-75.81,-18.49,0.3073,0.2108,0.1039,342000.0,4546000.0,0
BG_01416,Background_Point,Regional_Background,1.0,Background_Control,0,0,0,0,0.0,0.0007,0.0082,0.4221,3787.1,0.7769,275.4,17.65,5.66,6.38,35.86,-75.16,64.32,0.7683,0.2821,0.3054,286000.0,4360000.0,0
BG_01417,Background_Point,Regional_Background,1.0,Background_Control,0,0,0,0,0.0143,0.0006,0.0077,0.1778,20413.9,0.2564,214.0,16.63,5.15,16.11,36.97,-85.4,54.16,0.1837,0.1777,0.1436,240000.0,4302000.0,0
BG_01418,Background_Point,Regional_Background,1.0,Background_Control,0,0,0,0,0.0562,0.0078,0.0025,0.0774,112089.3,0.0006,531.8,14.08,1.16,2.01,28.66,-76.03,-13.88,0.3731,0.21,0.0712,350000.0,4072000.0,0
BG_01419,Background_Point,Regional_Background,1.0,Background_Control,0,0,0,0,0.0355,0.0027,0.031,0.2278,11499.8,0.4646,496.4,11.98,7.97,3.33,32.75,-76.27,72.93,0.3602,0.0257,0.2571,432000.0,4496000.0,0
BG_01420,Background_Point,Regional_Background,1.0,Background_Control,0,0,0,0,0.0,0.0007,0.0,0.1066,252958.5,0.0,210.0,14.13,6.1,25.01,34.39,-73.6,-100.0,0.0221,0.0458,0.0,892000.0,4338000.0,0
BG_01421,Background_Point,Regional_Background,1.0,Background_Control,0,0,0,0,0.0418,0.0,0.0,0.1959,525421.7,0.0,876.1,11.63,7.14,-16.64,27.2,-75.75,-100.0,0.0956,0.0359,0.0615,992000.0,4638000.0,0
BG_01422,Background_Point,Regional_Background,1.0,Background_Control,0,0,0,0,0.0,0.0,0.0,0.0999,502322.6,0.0,569.3,23.65,13.55,9.77,48.57,-84.0,-100.0,0.0456,0.1285,0.0,882000.0,4838000.0,0
BG_01423,Background_Point,Regional_Background,1.0,Background_Control,0,0,0,0,0.0492,0.0034,0.0756,0.089,44206.2,0.0525,646.2,11.69,8.84,16.35,25.97,-69.95,40.32,0.2338,0.2289,0.0,382000.0,4498000.0,0
BG_01424,Background_Point,Regional_Background,1.0,Background_Control,0,0,0,0,0.0,0.0013,0.0,0.1976,240141.6,0.0,875.7,11.2,12.06,-2.39,25.17,-80.47,-100.0,0.1174,0.0282,0.0052,912000.0,4138000.0,0
BG_01425,Background_Point,Regional_Background,1.0,Background_Control,0,0,0,0,0.0477,0.0033,0.0,0.2004,202405.5,0.0,0.0,11.15,-1.76,1.26,23.13,-75.84,-100.0,0.0187,0.0367,0.0304,722000.0,4398000.0,0
BG_01426,Background_Point,Regional_Background,1.0,Background_Control,0,0,0,0,0.0508,0.0199,0.0004,0.0216,138185.2,0.0001,663.9,17.97,11.57,-11.58,36.43,-78.66,-56.79,0.046,0.3688,0.0,414000.0,4046000.0,0
BG_01427,Background_Point,Regional_Background,1.0,Background_Control,0,0,0,0,0.0,0.0927,0.0005,0.1077,58855.8,0.0198,819.4,13.22,10.8,12.68,27.14,-80.62,27.1,0.0613,0.1087,0.0493,492000.0,4070000.0,0
BG_01428,Background_Point,Regional_Background,1.0,Background_Control,0,0,0,0,0.0541,0.0094,0.0658,0.1454,30463.1,0.1312,242.7,11.83,-9.06,5.71,26.99,-71.78,36.91,0.1164,0.1467,0.0947,408000.0,4308000.0,0
BG_01429,Background_Point,Regional_Background,1.0,Background_Control,0,0,0,0,0.0,0.0013,0.0,0.1876,226459.7,0.0,115.5,16.99,4.83,44.61,35.59,-77.54,-100.0,0.1299,0.012,0.106,820000.0,4378000.0,0
BG_01430,Background_Point,Regional_Background,1.0,Background_Control,0,0,0,0,0.0472,0.0227,0.0,0.0209,156686.2,0.0,734.4,14.06,-8.4,18.24,29.54,-75.79,-73.52,0.0179,0.0724,0.0258,690000.0,3996000.0,0
BG_01431,Background_Point,Regional_Background,1.0,Background_Control,0,0,0,0,0.0266,0.0674,0.068,0.3744,9512.4,0.5304,614.4,14.55,0.78,-0.79,32.69,-80.84,73.87,0.3847,0.4288,0.299,450000.0,4186000.0,0
BG_01432,Background_Point,Regional_Background,1.0,Background_Control,0,0,0,0,0.0,0.0,0.0,0.0882,402800.2,0.0,547.7,14.35,13.35,-10.18,32.45,-80.99,-100.0,0.005,0.0275,0.0877,878000.0,4582000.0,0
BG_01433,Background_Point,Regional_Background,1.0,Background_Control,0,0,0,0,0.0,0.0583,0.0002,0.024,86833.2,0.0031,488.1,20.16,2.7,16.62,41.7,-76.83,-5.09,0.1387,0.0597,0.0716,614000.0,4288000.0,0
BG_01434,Background_Point,Regional_Background,1.0,Background_Control,0,0,0,0,0.0501,0.0118,0.0127,0.0581,87830.8,0.0029,807.9,12.8,15.64,-14.49,29.42,-76.89,5.72,0.0698,0.0474,0.1065,392000.0,4562000.0,0
BG_01435,Background_Point,Regional_Background,1.0,Background_Control,0,0,0,0,0.0,0.0,0.0,0.1789,453665.1,0.0,760.1,23.0,2.8,9.35,46.43,-86.24,-100.0,0.0636,0.0134,0.0238,906000.0,4676000.0,0
BG_01436,Background_Point,Regional_Background,1.0,Background_Control,0,0,0,0,0.0355,0.0,0.0,0.1883,513910.5,0.0,846.5,11.66,-9.66,8.69,23.94,-75.69,-100.0,0.1798,0.2545,0.0741,982000.0,4630000.0,0
BG_01437,Background_Point,Regional_Background,1.0,Background_Control,0,0,0,0,0.015,0.0024,0.0004,0.0458,131483.8,0.0002,921.3,14.69,14.89,-0.07,33.86,-74.99,-46.79,0.1808,0.074,0.0,142000.0,4562000.0,0
BG_01438,Background_Point,Regional_Background,1.0,Background_Control,0,0,0,0,0.0,0.0005,0.0,0.0227,265548.5,0.0,335.3,16.2,2.66,7.79,31.73,-79.53,-100.0,0.0264,0.0174,0.0359,926000.0,4300000.0,0
BG_01439,Background_Point,Regional_Background,1.0,Background_Control,0,0,0,0,0.0,0.0,0.0,0.1925,400564.6,0.0,668.4,15.17,0.77,10.8,37.18,-82.42,-100.0,0.1043,0.0254,0.0,864000.0,4634000.0,0
BG_01440,Background_Point,Regional_Background,1.0,Background_Control,0,0,0,0,0.0015,0.0004,0.0,0.0407,286000.0,0.0,307.3,21.74,10.1,22.2,45.97,-75.25,-100.0,0.0547,0.0099,0.0,944000.0,4310000.0,0
BG_01441,Background_Point,Regional_Background,1.0,Background_Control,0,0,0,0,0.0,0.004,0.0018,0.0434,121062.0,0.0003,992.9,12.04,1.34,12.78,27.31,-83.1,-47.24,0.0122,0.1475,0.0,184000.0,4560000.0,0
BG_01442,Background_Point,Regional_Background,1.0,Background_Control,0,0,0,0,0.0512,0.0029,0.0587,0.1776,62526.6,0.0155,252.2,16.69,0.2,2.78,33.86,-82.08,5.71,0.1362,0.066,0.0512,370000.0,4352000.0,0
BG_01443,Background_Point,Regional_Background,1.0,Background_Control,0,0,0,0,0.0,0.1713,0.0,0.1331,37645.1,0.0813,999.1,13.49,4.5,5.93,29.24,-75.44,49.19,0.3052,0.1448,0.0284,586000.0,4062000.0,0
BG_01444,Background_Point,Regional_Background,1.0,Background_Control,0,0,0,0,0.0,0.0029,0.0024,0.013,139169.0,0.0001,915.4,12.39,10.33,26.2,29.68,-84.07,-48.66,0.0544,0.1237,0.0,182000.0,4542000.0,0
BG_01445,Background_Point,Regional_Background,1.0,Background_Control,0,0,0,0,0.3545,0.0015,0.0221,0.282,37028.2,0.0847,344.6,11.29,5.37,24.58,26.09,-48.64,99.46,0.1823,0.2233,0.2921,256000.0,4160000.0,0
BG_01446,Background_Point,Regional_Background,1.0,Background_Control,0,0,0,0,0.0,0.0013,0.0,0.0626,221350.4,0.0,302.0,11.76,0.56,5.45,23.16,-79.76,-100.0,0.0703,0.1791,0.0,866000.0,4320000.0,0
BG_01447,Background_Point,Regional_Background,1.0,Background_Control,0,0,0,0,0.0,0.002,0.0,0.1901,209914.3,0.0,88.4,12.29,-0.63,33.89,25.44,-85.73,-100.0,0.0558,0.1475,0.024,788000.0,4380000.0,0
BG_01448,Background_Point,Regional_Background,1.0,Background_Control,0,0,0,0,0.0522,0.0204,0.0006,0.0318,131894.0,0.0002,648.5,14.95,5.29,-20.35,31.8,-79.93,-39.37,0.1178,0.1556,0.0,412000.0,4052000.0,0
BG_01449,Background_Point,Regional_Background,1.0,Background_Control,0,0,0,0,0.0293,0.0003,0.0004,0.1334,163678.1,0.0,486.5,23.77,22.14,15.27,50.34,-78.74,-59.59,0.1028,0.1446,0.0167,128000.0,4448000.0,0
BG_01450,Background_Point,Regional_Background,1.0,Background_Control,0,0,0,0,0.0,0.1701,0.005,0.2417,13671.1,0.402,709.5,12.48,6.49,1.62,29.64,-84.17,64.8,0.2175,0.1472,0.1576,542000.0,4230000.0,0
BG_01451,Background_Point,Regional_Background,1.0,Background_Control,0,0,0,0,0.0547,0.0001,0.0001,0.0911,70455.7,0.0091,222.9,11.45,-1.07,3.85,25.98,-78.78,17.04,0.127,0.083,0.1092,122000.0,4320000.0,0
BG_01452,Background_Point,Regional_Background,1.0,Background_Control,0,0,0,0,0.0054,0.0005,0.0,0.0779,287923.6,0.0,26.3,12.87,6.96,23.8,31.72,-79.7,-100.0,0.1261,0.1185,0.0,780000.0,4470000.0,0
BG_01453,Background_Point,Regional_Background,1.0,Background_Control,0,0,0,0,0.0483,0.0002,0.0,0.1992,331493.6,0.0,597.5,32.84,-0.62,14.91,60.26,-74.14,-100.0,0.1146,0.0389,0.0809,1008000.0,4152000.0,0
BG_01454,Background_Point,Regional_Background,1.0,Background_Control,0,0,0,0,0.0062,0.0068,0.0274,0.189,102859.1,0.0011,215.2,17.2,-13.35,17.7,38.77,-77.92,-35.29,0.1577,0.2088,0.0406,466000.0,4372000.0,0
BG_01455,Background_Point,Regional_Background,1.0,Background_Control,0,0,0,0,0.0,0.0003,0.004,0.2856,28424.4,0.1503,325.3,11.78,-2.45,-1.8,26.87,-81.56,59.37,0.1595,0.0842,0.0959,242000.0,4366000.0,0
BG_01456,Background_Point,Regional_Background,1.0,Background_Control,0,0,0,0,0.0395,0.0002,0.0,0.0393,339157.8,0.0,651.8,11.9,4.3,4.37,28.78,-76.66,-100.0,0.0062,0.17,0.0,988000.0,4058000.0,0
BG_01457,Background_Point,Regional_Background,1.0,Background_Control,0,0,0,0,0.0,0.0,0.0,0.0714,501378.1,0.0,757.8,14.71,6.3,14.62,32.55,-81.85,-100.0,0.0847,0.0262,0.0,938000.0,4724000.0,0
BG_01458,Background_Point,Regional_Background,1.0,Background_Control,0,0,0,0,0.0472,0.08,0.0,0.1252,89080.8,0.0026,1121.6,11.96,1.69,28.28,24.8,-78.88,10.67,0.1152,0.5551,0.0096,690000.0,4088000.0,0
BG_01459,Background_Point,Regional_Background,1.0,Background_Control,0,0,0,0,0.0311,0.0,0.0,0.0121,424301.8,0.0,520.4,34.24,16.49,21.0,71.09,-76.71,-100.0,0.0324,0.0202,0.0279,976000.0,4504000.0,0
BG_01460,Background_Point,Regional_Background,1.0,Background_Control,0,0,0,0,0.0712,0.0232,0.0348,0.3306,24086.4,0.2007,563.4,17.72,6.3,6.49,39.82,-72.15,61.5,0.2499,0.0859,0.0993,392000.0,4158000.0,0
BG_01461,Background_Point,Regional_Background,1.0,Background_Control,0,0,0,0,0.0,0.0183,0.0001,0.0328,168428.0,0.0,633.8,11.17,-0.71,-6.08,26.19,-79.73,-80.69,0.2004,0.0144,0.0,548000.0,4808000.0,0
BG_01462,Background_Point,Regional_Background,1.0,Background_Control,0,0,0,0,0.0,0.0,0.0,0.1978,432601.4,0.0,744.3,12.46,-3.04,-17.53,31.13,-78.79,-100.0,0.0982,0.0252,0.0,890000.0,4658000.0,0
BG_01463,Background_Point,Regional_Background,1.0,Background_Control,0,0,0,0,0.1321,0.0003,0.0031,0.1346,26000.0,0.1767,183.9,12.37,-0.67,-17.4,24.71,-76.71,88.82,0.0928,0.091,0.121,190000.0,4256000.0,0
BG_01464,Background_Point,Regional_Background,1.0,Background_Control,0,0,0,0,0.0,0.0018,0.0,0.1386,212084.9,0.0,788.8,17.94,4.65,15.13,40.73,-84.59,-100.0,0.0479,0.2854,0.0,892000.0,4194000.0,0
BG_01465,Background_Point,Regional_Background,1.0,Background_Control,0,0,0,0,0.0289,0.0002,0.0008,0.1671,25924.9,0.1776,216.0,13.17,-0.47,5.9,27.87,-81.68,55.06,0.1374,0.1063,0.1489,176000.0,4310000.0,0
BG_01466,Background_Point,Regional_Background,1.0,Background_Control,0,0,0,0,0.0342,0.0119,0.0,0.1466,154635.1,0.0,195.1,12.58,-4.57,15.41,27.33,-76.06,-57.8,0.1788,0.0336,0.0,666000.0,4354000.0,0
BG_01467,Background_Point,Regional_Background,1.0,Background_Control,0,0,0,0,0.0,0.0312,0.0072,0.0493,118059.5,0.0004,172.3,15.64,-11.44,-4.41,30.72,-74.96,-32.42,0.1094,0.0468,0.0082,180000.0,4814000.0,0
BG_01468,Background_Point,Regional_Background,1.0,Background_Control,0,0,0,0,0.0,0.0051,0.0018,0.0669,110453.6,0.0006,990.0,18.24,-3.81,24.11,36.78,-85.45,-22.79,0.041,0.0501,0.0,190000.0,4570000.0,0
BG_01469,Background_Point,Regional_Background,1.0,Background_Control,0,0,0,0,0.0,0.0486,0.0001,0.0235,79649.2,0.0049,723.6,24.02,-1.2,19.4,48.5,-79.48,2.49,0.0412,0.0376,0.0,488000.0,4030000.0,0
BG_01470,Background_Point,Regional_Background,1.0,Background_Control,0,0,0,0,0.0646,0.028,0.0142,0.2521,49677.5,0.0364,623.1,19.11,-5.74,21.35,37.65,-74.45,42.23,0.0719,0.1441,0.0,402000.0,4134000.0,0
BG_01471,Background_Point,Regional_Background,1.0,Background_Control,0,0,0,0,0.0,0.0035,0.0,0.0707,175385.3,0.0,744.5,16.05,9.02,2.97,35.08,-85.44,-88.63,0.1687,0.3684,0.0051,854000.0,4222000.0,0
BG_01472,Background_Point,Regional_Background,1.0,Background_Control,0,0,0,0,0.0,0.0157,0.017,0.2283,39849.7,0.0702,879.6,12.95,-2.54,12.18,28.4,-80.5,44.12,0.1409,0.0597,0.1024,162000.0,4692000.0,0
BG_01473,Background_Point,Regional_Background,1.0,Background_Control,0,0,0,0,0.0,0.0063,0.0002,0.1293,79649.2,0.0049,593.4,14.05,11.74,-4.87,30.92,-87.98,9.35,0.0978,0.0085,0.0,518000.0,4590000.0,0
BG_01474,Background_Point,Regional_Background,1.0,Background_Control,0,0,0,0,0.0384,0.5804,0.0523,0.2983,3143.1,0.811,300.5,14.32,13.34,5.29,30.09,-72.82,95.19,0.5758,0.4631,0.4492,358000.0,4806000.0,0
BG_01475,Background_Point,Regional_Background,1.0,Background_Control,0,0,0,0,0.0,0.0077,0.004,0.1905,71693.8,0.0084,1027.8,14.16,1.93,-18.79,30.26,-78.11,-7.98,0.132,0.0225,0.0205,172000.0,4614000.0,0
BG_01476,Background_Point,Regional_Background,1.0,Background_Control,0,0,0,0,0.0439,0.0,0.0,0.1739,525600.6,0.0,870.3,25.15,7.4,-3.44,53.35,-81.26,-100.0,0.0095,0.0559,0.0,996000.0,4620000.0,0
BG_01477,Background_Point,Regional_Background,1.0,Background_Control,0,0,0,0,0.0,0.0,0.0,0.1987,375494.3,0.0,674.4,17.06,3.96,10.78,35.63,-80.19,-100.0,0.5124,0.0383,0.0258,830000.0,4656000.0,0
BG_01478,Background_Point,Regional_Background,1.0,Background_Control,0,0,0,0,0.0484,0.0021,0.0,0.1588,229895.6,0.0,0.0,11.35,2.76,-1.36,27.31,-76.77,-100.0,0.0038,0.0525,0.0,694000.0,4436000.0,0
BG_01479,Background_Point,Regional_Background,1.0,Background_Control,0,0,0,0,0.0,0.0029,0.0,0.139,212941.3,0.0,947.6,14.76,14.62,25.94,31.2,-74.19,-100.0,0.036,0.1338,0.0,868000.0,4100000.0,0
BG_01480,Background_Point,Regional_Background,1.0,Background_Control,0,0,0,0,0.034,0.0003,0.0,0.0762,335601.0,0.0,754.6,16.19,10.01,4.03,30.81,-78.38,-100.0,0.0197,0.1526,0.027,748000.0,4722000.0,0
BG_01481,Background_Point,Regional_Background,1.0,Background_Control,0,0,0,0,0.0,0.6167,0.001,0.2395,49030.6,0.0381,970.5,12.83,-4.51,2.72,29.48,-79.03,39.03,0.0165,0.4506,0.0141,570000.0,4172000.0,0
BG_01482,Background_Point,Regional_Background,1.0,Background_Control,0,0,0,0,0.0522,0.0021,0.3524,0.2699,43443.7,0.0552,295.7,11.69,-10.52,34.31,27.15,-67.73,20.37,0.2989,0.031,0.1363,392000.0,4394000.0,0
BG_01483,Background_Point,Regional_Background,1.0,Background_Control,0,0,0,0,0.0472,0.0174,0.0,0.0497,168442.9,0.0,652.2,12.45,12.26,14.0,26.21,-73.85,-74.82,0.3564,0.0891,0.0521,690000.0,3980000.0,0
BG_01484,Background_Point,Regional_Background,1.0,Background_Control,0,0,0,0,0.0,0.0036,0.0,0.1998,188223.3,0.0,940.6,11.86,-9.16,5.58,25.85,-75.81,-100.0,0.0142,0.1523,0.0447,862000.0,4152000.0,0
BG_01485,Background_Point,Regional_Background,1.0,Background_Control,0,0,0,0,0.0372,0.0013,0.1162,0.2732,18751.0,0.2865,387.3,14.59,-1.51,-3.13,31.47,-74.78,61.19,0.5592,0.0877,0.2158,430000.0,4456000.0,0
BG_01486,Background_Point,Regional_Background,1.0,Background_Control,0,0,0,0,0.0495,0.0002,0.0,0.1148,351647.6,0.0,639.7,13.3,-4.7,3.37,33.5,-71.76,-100.0,0.048,0.1565,0.0079,1014000.0,4090000.0,0
BG_01487,Background_Point,Regional_Background,1.0,Background_Control,0,0,0,0,0.0074,0.0158,0.0,0.1055,98732.0,0.0014,917.6,33.03,14.42,11.16,66.03,-79.1,-12.82,0.0233,0.1274,0.0,778000.0,4212000.0,0
BG_01488,Background_Point,Regional_Background,1.0,Background_Control,0,0,0,0,0.0077,0.003,0.0,0.062,260000.0,0.0,767.7,24.11,22.36,-8.69,49.93,-85.6,-100.0,0.1114,0.0424,0.0,636000.0,4728000.0,0
BG_01489,Background_Point,Regional_Background,1.0,Background_Control,0,0,0,0,0.0154,0.0009,0.0,0.104,177538.7,0.0,397.6,18.1,-0.02,-15.81,36.1,-79.16,-88.24,0.1658,0.2598,0.056,644000.0,4588000.0,0
BG_01490,Background_Point,Regional_Background,1.0,Background_Control,0,0,0,0,0.0,0.0047,0.0023,0.1468,24083.2,0.2008,523.8,15.0,-4.56,16.1,28.72,-86.48,64.45,0.4185,0.1494,0.0064,478000.0,4544000.0,0
BG_01491,Background_Point,Regional_Background,1.0,Background_Control,0,0,0,0,0.0385,0.063,0.0088,0.2026,127001.9,0.0002,934.0,11.76,11.32,3.37,28.6,-81.36,-34.44,0.0565,0.1413,0.0389,358000.0,4642000.0,0
BG_01492,Background_Point,Regional_Background,1.0,Background_Control,0,0,0,0,0.0,0.001,0.0241,0.1213,106198.2,0.0008,643.1,12.73,-0.59,24.78,26.07,-80.41,-17.45,0.3578,0.0069,0.0,230000.0,4456000.0,0
BG_01493,Background_Point,Regional_Background,1.0,Background_Control,0,0,0,0,0.0,0.004,0.0085,0.0087,142898.6,0.0001,937.0,13.25,17.75,4.23,27.2,-80.25,-72.74,0.0115,0.0138,0.0,216000.0,4538000.0,0
BG_01494,Background_Point,Regional_Background,1.0,Background_Control,0,0,0,0,0.0276,0.0604,0.0023,0.1837,153314.3,0.0,833.5,16.49,-9.69,22.03,36.5,-80.86,-77.62,0.1076,0.0756,0.151,442000.0,4674000.0,0
BG_01495,Background_Point,Regional_Background,1.0,Background_Control,0,0,0,0,0.0342,0.0016,0.0,0.0667,277546.4,0.0,792.4,16.27,-2.62,25.64,32.58,-79.27,-100.0,0.1088,0.2579,0.0398,666000.0,4726000.0,0
BG_01496,Background_Point,Regional_Background,1.0,Background_Control,0,0,0,0,0.0357,0.0927,0.0,0.1537,32311.0,0.116,820.7,16.82,-2.93,33.14,35.21,-86.38,68.98,0.0888,0.2296,0.0181,668000.0,4230000.0,0
BG_01497,Background_Point,Regional_Background,1.0,Background_Control,0,0,0,0,0.0218,0.0024,0.0001,0.0489,206155.3,0.0,498.5,22.16,4.34,10.56,46.41,-74.33,-100.0,0.1411,0.1642,0.0,330000.0,3980000.0,0
BG_01498,Background_Point,Regional_Background,1.0,Background_Control,0,0,0,0,0.0035,0.0,0.0,0.006,408480.1,0.0,493.8,13.22,3.85,-4.76,30.05,-84.72,-100.0,0.0396,0.0129,0.0043,946000.0,4510000.0,0
BG_01499,Background_Point,Regional_Background,1.0,Background_Control,0,0,0,0,0.0,0.0,0.0,0.0067,467786.3,0.0,682.3,11.64,4.87,10.16,27.53,-78.47,-100.0,0.0831,0.0361,0.0,862000.0,4790000.0,0
BG_01500,Background_Point,Regional_Background,1.0,Background_Control,0,0,0,0,0.0,0.0,0.0,0.1573,484086.8,0.0,816.9,19.16,3.9,-19.48,39.76,-76.71,-100.0,0.0048,0.3495,0.0,934000.0,4688000.0,0
BG_01501,Background_Point,Regional_Background,1.0,Background_Control,0,0,0,0,0.0084,0.0006,0.0011,0.079,167110.1,0.0,618.7,31.87,9.59,22.91,65.39,-78.8,-84.66,0.0598,0.407,0.021,150000.0,4470000.0,0
BG_01502,Background_Point,Regional_Background,1.0,Background_Control,0,0,0,0,0.0395,0.0,0.0,0.0666,548178.8,0.0,717.6,15.85,2.86,-9.3,30.94,-75.14,-100.0,0.0587,0.0981,0.069,988000.0,4726000.0,0
BG_01503,Background_Point,Regional_Background,1.0,Background_Control,0,0,0,0,0.0,0.0005,0.0,0.1115,265849.6,0.0,217.8,12.34,7.81,-8.83,26.48,-80.93,-100.0,0.1189,0.2826,0.0599,906000.0,4340000.0,0
BG_01504,Background_Point,Regional_Background,1.0,Background_Control,0,0,0,0,0.0456,0.0001,0.0,0.0293,336475.9,0.0,265.2,13.38,16.45,25.02,32.99,-78.55,-100.0,0.0638,0.1456,0.0671,1000000.0,4304000.0,0
BG_01505,Background_Point,Regional_Background,1.0,Background_Control,0,0,0,0,0.0373,0.0039,0.0001,0.0144,183183.0,0.0,547.5,13.15,1.11,-8.81,25.07,-79.15,-99.13,0.0653,0.2842,0.0,346000.0,4000000.0,0
BG_01506,Background_Point,Regional_Background,1.0,Background_Control,0,0,0,0,0.0,0.1232,0.4783,0.2487,23357.7,0.2107,785.2,14.97,7.77,23.97,32.71,-61.14,69.18,0.5304,0.1667,0.2866,274000.0,4708000.0,0
BG_01507,Background_Point,Regional_Background,1.0,Background_Control,0,0,0,0,0.0408,0.0014,0.0,0.0444,291671.0,0.0,794.4,16.45,-10.11,27.57,31.01,-81.02,-100.0,0.1787,0.036,0.0448,676000.0,4736000.0,0
BG_01508,Background_Point,Regional_Background,1.0,Background_Control,0,0,0,0,0.0681,0.0238,0.0129,0.25,49896.6,0.0359,573.2,12.81,5.78,7.28,28.92,-77.9,42.25,0.0745,0.2358,0.0628,394000.0,4132000.0,0
BG_01509,Background_Point,Regional_Background,1.0,Background_Control,0,0,0,0,0.0,0.0001,0.0,0.0574,381082.7,0.0,764.7,20.34,19.86,19.47,42.35,-75.81,-100.0,0.0146,0.1836,0.086,798000.0,4730000.0,0
BG_01510,Background_Point,Regional_Background,1.0,Background_Control,0,0,0,0,0.019,0.0,0.0,0.1789,506616.2,0.0,805.1,14.06,14.22,-3.46,32.13,-78.73,-100.0,0.0392,0.0171,0.0782,962000.0,4676000.0,0
BG_01511,Background_Point,Regional_Background,1.0,Background_Control,0,0,0,0,0.0021,0.0007,0.0328,0.4501,5203.1,0.7069,359.6,17.78,10.43,14.15,35.83,-68.61,70.28,0.5011,0.0603,0.33,310000.0,4390000.0,0
BG_01512,Background_Point,Regional_Background,1.0,Background_Control,0,0,0,0,0.0,0.0167,0.0001,0.0625,191541.1,0.0,776.6,19.48,-7.3,24.24,39.24,-78.48,-100.0,0.0107,0.1853,0.0312,548000.0,4728000.0,0
BG_01513,Background_Point,Regional_Background,1.0,Background_Control,0,0,0,0,0.002,0.0121,0.0375,0.0454,135246.5,0.0001,933.8,18.91,16.19,-0.49,37.0,-74.49,-44.41,0.0399,0.0924,0.0351,316000.0,4562000.0,0
BG_01514,Background_Point,Regional_Background,1.0,Background_Control,0,0,0,0,0.0,0.0008,0.0,0.0095,135203.6,0.0001,248.8,14.82,17.72,1.47,33.93,-79.68,-53.01,0.0719,0.0327,0.0239,614000.0,4538000.0,0
BG_01515,Background_Point,Regional_Background,1.0,Background_Control,0,0,0,0,0.0535,0.0102,0.0773,0.1554,26000.0,0.1767,253.9,12.12,6.91,0.2,28.41,-72.92,61.98,0.1213,0.0955,0.1133,410000.0,4304000.0,0
BG_01516,Background_Point,Regional_Background,1.0,Background_Control,0,0,0,0,0.0051,0.0021,0.0004,0.0024,173261.5,0.0,500.4,15.13,22.08,-1.87,32.78,-78.95,-92.75,0.0468,0.1794,0.0,296000.0,4028000.0,0
BG_01517,Background_Point,Regional_Background,1.0,Background_Control,0,0,0,0,0.6813,0.0006,0.0058,0.3945,10970.6,0.4812,287.6,15.34,-13.83,-1.51,35.09,-35.18,170.55,0.2594,0.3516,0.4822,212000.0,4168000.0,0
BG_01518,Background_Point,Regional_Background,1.0,Background_Control,0,0,0,0,0.0,0.0019,0.0005,0.0392,63561.0,0.0144,327.7,13.08,4.69,4.11,30.55,-78.21,1.64,0.1258,0.1033,0.0665,542000.0,4534000.0,0
BG_01519,Background_Point,Regional_Background,1.0,Background_Control,0,0,0,0,0.0155,0.0636,0.0,0.0114,101976.5,0.0011,923.9,14.46,-4.91,3.94,31.9,-80.71,-31.03,0.1978,0.2983,0.0043,644000.0,4028000.0,0
BG_01520,Background_Point,Regional_Background,1.0,Background_Control,0,0,0,0,0.0448,0.0042,0.1039,0.2015,78108.2,0.0055,235.8,14.25,1.37,-10.98,29.28,-68.8,1.08,0.0463,0.1115,0.1348,420000.0,4372000.0,0
BG_01521,Background_Point,Regional_Background,1.0,Background_Control,0,0,0,0,0.0072,0.0315,0.0006,0.2038,130980.9,0.0002,815.0,11.11,4.52,0.87,22.15,-78.54,-41.71,0.0464,0.1008,0.0331,464000.0,4650000.0,0
BG_01522,Background_Point,Regional_Background,1.0,Background_Control,0,0,0,0,0.0709,0.0002,0.001,0.2028,12000.0,0.4493,211.7,15.01,-0.13,-0.43,31.48,-68.43,64.24,0.3848,0.4863,0.2178,168000.0,4280000.0,0
BG_01523,Background_Point,Regional_Background,1.0,Background_Control,0,0,0,0,0.0,0.0016,0.0,0.1386,162246.7,0.0,452.2,11.45,1.97,23.44,25.43,-83.31,-100.0,0.0356,0.0392,0.0,620000.0,4602000.0,0
BG_01524,Background_Point,Regional_Background,1.0,Background_Control,0,0,0,0,0.0486,0.0021,0.0901,0.2495,13613.9,0.4035,534.9,12.9,-16.03,-2.15,26.79,-73.15,72.17,0.3747,0.1808,0.3246,406000.0,4478000.0,0
BG_01525,Background_Point,Regional_Background,1.0,Background_Control,0,0,0,0,0.0259,0.0008,0.1232,0.4318,6757.5,0.6373,371.9,13.55,10.85,-0.21,30.32,-74.61,76.93,0.4653,0.0157,0.3234,338000.0,4414000.0,0
BG_01526,Background_Point,Regional_Background,1.0,Background_Control,0,0,0,0,0.0605,0.0127,0.0013,0.0535,118000.0,0.0004,608.0,16.52,22.69,10.38,32.42,-75.95,-6.59,0.0382,0.0884,0.0677,380000.0,4062000.0,0
BG_01527,Background_Point,Regional_Background,1.0,Background_Control,0,0,0,0,0.0,0.0015,0.0002,0.0023,181550.8,0.0,495.5,11.91,15.66,28.89,25.31,-72.04,-93.89,0.0076,0.0104,0.0609,286000.0,4014000.0,0
BG_01528,Background_Point,Regional_Background,1.0,Background_Control,0,0,0,0,0.0421,0.0112,0.0298,0.041,100606.3,0.0012,856.4,22.43,3.19,24.24,43.05,-84.23,-4.61,0.1213,0.0639,0.0281,364000.0,4556000.0,0
BG_01529,Background_Point,Regional_Background,1.0,Background_Control,0,0,0,0,0.0212,0.0196,0.0149,0.096,139944.6,0.0001,957.7,11.36,-1.31,19.51,26.9,-81.19,-53.41,0.0633,0.1465,0.0,336000.0,4584000.0,0
BG_01530,Background_Point,Regional_Background,1.0,Background_Control,0,0,0,0,0.065,0.0106,0.0052,0.1345,90244.1,0.0024,556.9,11.32,6.64,3.31,26.79,-76.92,7.3,0.0543,0.0715,0.0289,360000.0,4092000.0,0
BG_01531,Background_Point,Regional_Background,1.0,Background_Control,0,0,0,0,0.0,0.007,0.019,0.0267,138159.3,0.0001,940.2,11.73,8.88,5.19,25.15,-84.78,-62.65,0.0973,0.0051,0.0,252000.0,4552000.0,0
BG_01532,Background_Point,Regional_Background,1.0,Background_Control,0,0,0,0,0.0602,0.0118,0.0014,0.0534,118067.8,0.0004,613.5,11.79,25.97,14.69,28.94,-79.06,-41.65,0.0505,0.1337,0.0,376000.0,4062000.0,0
BG_01533,Background_Point,Regional_Background,1.0,Background_Control,0,0,0,0,0.0,0.0,0.0,0.042,402199.0,0.0,462.6,14.62,18.64,3.92,32.55,-77.34,-100.0,0.1023,0.014,0.0312,880000.0,4562000.0,0
BG_01534,Background_Point,Regional_Background,1.0,Background_Control,0,0,0,0,0.0,0.0028,0.4388,0.0499,87774.5,0.0029,697.3,17.29,-6.17,9.57,36.24,-63.64,-23.17,0.3353,0.0983,0.0886,302000.0,4490000.0,0
BG_01535,Background_Point,Regional_Background,1.0,Background_Control,0,0,0,0,0.0488,0.0001,0.0,0.029,391152.1,0.0,544.1,16.09,7.39,0.07,33.59,-82.29,-100.0,0.1263,0.0271,0.0,1010000.0,3990000.0,0
BG_01536,Background_Point,Regional_Background,1.0,Background_Control,0,0,0,0,0.0,0.025,0.0002,0.1497,174951.4,0.0,772.7,11.91,10.47,14.49,30.44,-73.76,-94.38,0.067,0.24,0.0395,512000.0,4692000.0,0
BG_01537,Background_Point,Regional_Background,1.0,Background_Control,0,0,0,0,0.0,0.0182,0.0001,0.1582,174722.6,0.0,748.4,19.75,5.44,0.7,40.63,-73.8,-95.06,0.062,0.0183,0.0145,528000.0,4688000.0,0
BG_01538,Background_Point,Regional_Background,1.0,Background_Control,0,0,0,0,0.0,0.0466,0.0003,0.0623,118000.0,0.0004,531.3,11.83,-0.87,28.48,27.98,-77.79,-29.61,0.0885,0.2547,0.0116,498000.0,4820000.0,0
BG_01539,Background_Point,Regional_Background,1.0,Background_Control,0,0,0,0,0.0,0.1386,0.0242,0.1061,79469.8,0.005,97.5,14.75,3.53,10.49,32.93,-79.38,-12.55,0.0115,0.4202,0.0,266000.0,4832000.0,0
BG_01540,Background_Point,Regional_Background,1.0,Background_Control,0,0,0,0,0.0212,0.2805,0.1922,0.1364,53501.9,0.0282,735.5,14.03,14.12,15.76,33.51,-68.31,22.73,0.1711,0.2696,0.0583,336000.0,4718000.0,0
BG_01541,Background_Point,Regional_Background,1.0,Background_Control,0,0,0,0,0.0,0.0046,0.0027,0.1963,117505.6,0.0004,88.2,14.85,-1.87,4.5,31.46,-73.4,-41.0,0.1595,0.0547,0.0,538000.0,4416000.0,0
BG_01542,Background_Point,Regional_Background,1.0,Background_Control,0,0,0,0,0.0,0.0111,0.0,0.0481,192041.7,0.0,646.0,12.18,8.5,-0.4,27.28,-79.71,-100.0,0.17,0.0897,0.0238,572000.0,4816000.0,0
BG_01543,Background_Point,Regional_Background,1.0,Background_Control,0,0,0,0,0.0404,0.006,0.0509,0.1727,76419.9,0.0061,242.8,14.44,4.84,3.31,31.02,-76.64,2.19,0.0729,0.0287,0.0,428000.0,4356000.0,0
BG_01544,Background_Point,Regional_Background,1.0,Background_Control,0,0,0,0,0.0097,0.0332,0.0001,0.0466,117745.5,0.0004,357.8,12.95,6.54,8.28,24.66,-78.78,-38.24,0.0415,0.369,0.0,638000.0,4310000.0,0
BG_01545,Background_Point,Regional_Background,1.0,Background_Control,0,0,0,0,0.0,0.0316,0.0002,0.0378,159511.8,0.0,724.7,15.67,-2.07,19.57,32.15,-75.62,-91.22,0.0596,0.048,0.0778,518000.0,4740000.0,0
BG_01546,Background_Point,Regional_Background,1.0,Background_Control,0,0,0,0,0.0,0.0001,0.0,0.0421,346554.5,0.0,343.5,13.35,1.71,-3.37,28.87,-71.87,-100.0,0.0186,0.1067,0.0672,824000.0,4562000.0,0
BG_01547,Background_Point,Regional_Background,1.0,Background_Control,0,0,0,0,0.0169,0.1107,0.0018,0.073,74108.0,0.0072,436.4,11.23,-2.06,1.23,24.4,-78.17,-14.74,0.1704,0.1356,0.0443,454000.0,4816000.0,0
BG_01548,Background_Point,Regional_Background,1.0,Background_Control,0,0,0,0,0.0,0.0,0.0,0.1758,420789.7,0.0,727.7,13.14,6.61,37.42,32.45,-81.61,-100.0,0.0013,0.1947,0.0,870000.0,4678000.0,0
BG_01549,Background_Point,Regional_Background,1.0,Background_Control,0,0,0,0,0.0,0.0792,0.0967,0.0536,53185.0,0.0288,456.3,11.35,9.25,-3.97,22.85,-74.23,16.07,0.0735,0.1768,0.0,224000.0,4766000.0,0
BG_01550,Background_Point,Regional_Background,1.0,Background_Control,0,0,0,0,0.0,0.0031,0.0,0.1541,134714.5,0.0001,530.1,16.42,4.24,-8.58,32.8,-79.41,-53.73,0.0611,0.3326,0.0085,582000.0,4608000.0,0
BG_01551,Background_Point,Regional_Background,1.0,Background_Control,0,0,0,0,0.0492,0.0068,0.0,0.1771,170950.3,0.0,86.2,12.19,8.74,8.24,26.56,-74.88,-72.97,0.028,0.1402,0.0384,698000.0,4370000.0,0
BG_01552,Background_Point,Regional_Background,1.0,Background_Control,0,0,0,0,0.0114,0.0,0.0,0.0735,465244.0,0.0,703.7,11.9,11.03,-12.05,28.7,-73.98,-100.0,0.0229,0.0339,0.0187,954000.0,4576000.0,0
BG_01553,Background_Point,Regional_Background,1.0,Background_Control,0,0,0,0,0.0,0.0006,0.0,0.0016,306809.4,0.0,714.9,18.13,6.21,14.93,39.14,-74.29,-100.0,0.1403,0.0122,0.0,924000.0,4014000.0,0
BG_01554,Background_Point,Regional_Background,1.0,Background_Control,0,0,0,0,0.0055,0.0,0.0,0.0173,402273.5,0.0,415.6,14.38,-6.65,-3.94,31.96,-78.87,-100.0,0.085,0.4587,0.0,948000.0,4500000.0,0
BG_01555,Background_Point,Regional_Background,1.0,Background_Control,0,0,0,0,0.0656,0.0031,0.0063,0.1417,110194.6,0.0006,463.1,20.3,6.59,0.31,39.75,-71.12,-14.4,0.0982,0.1496,0.0732,296000.0,4098000.0,0
BG_01556,Background_Point,Regional_Background,1.0,Background_Control,0,0,0,0,0.0,0.0001,0.0,0.0301,381811.5,0.0,322.5,12.73,7.1,11.31,27.78,-85.24,-100.0,0.0239,0.0387,0.0,926000.0,4492000.0,0
BG_01557,Background_Point,Regional_Background,1.0,Background_Control,0,0,0,0,0.0092,0.0458,0.0011,0.1836,155048.4,0.0,798.3,12.19,3.99,10.62,28.8,-80.8,-83.57,0.1873,0.2088,0.0724,462000.0,4674000.0,0
BG_01558,Background_Point,Regional_Background,1.0,Background_Control,0,0,0,0,0.0,0.0198,0.0001,0.0577,162000.0,0.0,596.4,12.34,-2.97,-0.35,28.74,-76.76,-81.51,0.0017,0.1236,0.1249,542000.0,4820000.0,0
BG_01559,Background_Point,Regional_Background,1.0,Background_Control,0,0,0,0,0.0,0.0322,0.0001,0.0648,112871.6,0.0005,302.0,37.05,12.7,12.97,69.61,-84.61,-36.72,0.0779,0.0888,0.0,616000.0,4318000.0,0
BG_01560,Background_Point,Regional_Background,1.0,Background_Control,0,0,0,0,0.0,0.1395,0.0,0.0807,54386.4,0.0266,962.8,17.93,11.96,10.33,36.26,-80.73,25.86,0.3205,0.2074,0.0,602000.0,4054000.0,0
BG_01561,Background_Point,Regional_Background,1.0,Background_Control,0,0,0,0,0.0,0.0005,0.0,0.0193,324222.1,0.0,628.4,16.46,1.67,-13.67,33.74,-83.29,-100.0,0.3266,0.105,0.0464,932000.0,3996000.0,0
BG_01562,Background_Point,Regional_Background,1.0,Background_Control,0,0,0,0,0.0,0.0,0.0,0.1398,488786.3,0.0,799.7,11.85,-0.16,22.0,28.55,-75.31,-100.0,0.0477,0.3191,0.0301,936000.0,4696000.0,0
BG_01563,Background_Point,Regional_Background,1.0,Background_Control,0,0,0,0,0.0,0.0035,0.0,0.0165,242033.5,0.0,721.3,11.26,7.38,3.96,25.67,-74.71,-100.0,0.0048,0.1397,0.1469,818000.0,3998000.0,0
BG_01564,Background_Point,Regional_Background,1.0,Background_Control,0,0,0,0,0.0,0.0,0.0,0.1507,347332.7,0.0,493.8,12.84,-3.03,5.15,28.59,-81.75,-100.0,0.2715,0.1234,0.0,816000.0,4608000.0,0
BG_01565,Background_Point,Regional_Background,1.0,Background_Control,0,0,0,0,0.0,0.0066,0.0,0.0167,141675.7,0.0001,431.7,23.09,1.29,14.4,48.04,-78.09,-57.1,0.0284,0.1225,0.0647,786000.0,4294000.0,0
BG_01566,Background_Point,Regional_Background,1.0,Background_Control,0,0,0,0,0.0,0.0054,0.028,0.0081,151221.7,0.0,946.8,12.69,6.04,-1.32,31.34,-80.23,-60.94,0.0196,0.0066,0.0,252000.0,4538000.0,0
BG_01567,Background_Point,Regional_Background,1.0,Background_Control,0,0,0,0,0.026,0.0002,0.0,0.1444,327963.4,0.0,731.1,15.91,-9.04,8.34,34.01,-73.64,-100.0,0.0035,0.0202,0.0,758000.0,4694000.0,0
BG_01568,Background_Point,Regional_Background,1.0,Background_Control,0,0,0,0,0.0,0.026,0.0001,0.0774,146219.0,0.0001,543.2,13.25,2.13,4.91,29.55,-79.11,-71.42,0.0212,0.0594,0.0188,526000.0,4828000.0,0
BG_01569,Background_Point,Regional_Background,1.0,Background_Control,0,0,0,0,0.0357,0.172,0.0,0.3204,27181.9,0.1633,1126.8,11.31,1.3,-3.69,22.74,-81.11,41.73,0.1708,0.1553,0.0763,668000.0,4152000.0,0
BG_01570,Background_Point,Regional_Background,1.0,Background_Control,0,0,0,0,0.0,0.0052,0.0,0.1719,122441.8,0.0003,594.2,12.24,-5.52,2.24,29.62,-85.96,-36.94,0.0247,0.1385,0.0121,556000.0,4616000.0,0
BG_01571,Background_Point,Regional_Background,1.0,Background_Control,0,0,0,0,0.031,0.0014,0.0003,0.0116,157543.6,0.0,849.4,20.58,3.55,29.9,44.32,-83.17,-69.27,0.0884,0.033,0.0843,124000.0,4542000.0,0
BG_01572,Background_Point,Regional_Background,1.0,Background_Control,0,0,0,0,0.0,0.0532,0.0001,0.0287,70710.7,0.009,734.9,24.98,7.74,19.42,50.68,-72.26,4.54,0.1275,0.2248,0.0025,516000.0,4018000.0,0
BG_01573,Background_Point,Regional_Background,1.0,Background_Control,0,0,0,0,0.0,0.0049,0.0001,0.1382,100896.0,0.0012,595.3,11.4,21.5,9.96,30.14,-72.7,-20.28,0.029,0.2451,0.0,544000.0,4598000.0,0
BG_01574,Background_Point,Regional_Background,1.0,Background_Control,0,0,0,0,0.0625,0.0064,0.0864,0.1383,23437.7,0.2096,251.2,13.21,-6.01,-4.76,32.53,-73.72,87.25,0.1586,0.0463,0.2497,362000.0,4278000.0,0
BG_01575,Background_Point,Regional_Background,1.0,Background_Control,0,0,0,0,0.0152,0.0184,0.0,0.1089,90796.5,0.0024,911.5,12.58,-6.61,14.42,28.74,-80.0,-13.5,0.047,0.3833,0.0,770000.0,4212000.0,0
BG_01576,Background_Point,Regional_Background,1.0,Background_Control,0,0,0,0,0.0447,0.1376,0.0101,0.1231,112088.4,0.0006,777.5,11.62,7.9,-3.71,28.75,-70.79,-25.52,0.0219,0.1283,0.0204,416000.0,4706000.0,0
BG_01577,Background_Point,Regional_Background,1.0,Background_Control,0,0,0,0,0.0153,0.0,0.0,0.1959,492349.5,0.0,807.3,11.42,2.37,17.91,22.95,-75.07,-100.0,0.035,0.1326,0.0311,958000.0,4638000.0,0
BG_01578,Background_Point,Regional_Background,1.0,Background_Control,0,0,0,0,0.0006,0.003,0.5847,0.0497,81856.1,0.0043,730.5,17.53,6.76,13.19,32.76,-62.61,12.34,0.3496,0.3539,0.246,314000.0,4492000.0,0
BG_01579,Background_Point,Regional_Background,1.0,Background_Control,0,0,0,0,0.0,0.0063,0.0001,0.1495,96041.7,0.0017,595.3,25.91,9.57,-7.33,49.28,-81.2,-4.15,0.1348,0.013,0.0,530000.0,4602000.0,0
BG_01580,Background_Point,Regional_Background,1.0,Background_Control,0,0,0,0,0.0447,0.0155,0.0001,0.0041,144013.9,0.0001,628.6,13.24,17.99,-0.92,27.29,-72.75,-51.91,0.1429,0.5813,0.0493,422000.0,4014000.0,0
BG_01581,Background_Point,Regional_Background,1.0,Background_Control,0,0,0,0,0.0499,0.0,0.0,0.1724,561287.8,0.0,842.3,12.55,10.19,12.96,25.76,-76.95,-100.0,0.0357,0.1562,0.0,1018000.0,4680000.0,0
BG_01582,Background_Point,Regional_Background,1.0,Background_Control,0,0,0,0,0.0488,0.0006,0.0,0.0434,338053.3,0.0,784.4,15.5,10.07,7.25,31.02,-77.37,-100.0,0.0501,0.1366,0.0136,718000.0,4814000.0,0
BG_01583,Background_Point,Regional_Background,1.0,Background_Control,0,0,0,0,0.0312,0.0073,0.0,0.1926,182887.9,0.0,66.9,13.2,10.55,12.38,29.59,-78.59,-95.14,0.0242,0.0599,0.0,662000.0,4382000.0,0
BG_01584,Background_Point,Regional_Background,1.0,Background_Control,0,0,0,0,0.0113,0.0086,0.0,0.0115,128763.3,0.0002,497.7,15.34,4.0,13.2,32.91,-74.98,-47.99,0.3075,0.0587,0.0452,774000.0,4288000.0,0
BG_01585,Background_Point,Regional_Background,1.0,Background_Control,0,0,0,0,0.0,0.0977,0.0019,0.1578,76157.7,0.0062,801.1,17.64,-2.95,-1.84,37.74,-80.14,-2.41,0.1083,0.1131,0.0,476000.0,4098000.0,0
BG_01586,Background_Point,Regional_Background,1.0,Background_Control,0,0,0,0,0.0083,0.0387,0.0846,0.0617,48083.3,0.0405,422.2,13.01,4.6,24.96,29.97,-76.03,37.33,0.3492,0.2138,0.0875,466000.0,4266000.0,0
BG_01587,Background_Point,Regional_Background,1.0,Background_Control,0,0,0,0,0.0784,0.0161,0.0919,0.4224,4472.1,0.7422,432.7,11.09,9.15,-3.84,28.29,-78.28,98.46,0.479,0.1236,0.4078,376000.0,4182000.0,0
BG_01588,Background_Point,Regional_Background,1.0,Background_Control,0,0,0,0,0.0021,0.0085,0.0769,0.0176,121235.8,0.0003,883.4,14.52,9.37,6.17,32.03,-73.27,-40.47,0.0362,0.2554,0.0991,316000.0,4544000.0,0
BG_01589,Background_Point,Regional_Background,1.0,Background_Control,0,0,0,0,0.0,0.0045,0.0,0.01,158240.3,0.0,618.6,16.84,-2.21,-6.65,34.74,-77.88,-85.17,0.0645,0.0751,0.0573,828000.0,4256000.0,0
BG_01590,Background_Point,Regional_Background,1.0,Background_Control,0,0,0,0,0.0,0.0036,0.0,0.116,234008.5,0.0,763.2,14.24,6.77,10.15,29.24,-75.52,-100.0,0.0183,0.0147,0.0,622000.0,4706000.0,0
BG_01591,Background_Point,Regional_Background,1.0,Background_Control,0,0,0,0,0.0,0.0008,0.0,0.0016,295797.2,0.0,730.3,13.36,-16.76,5.93,25.22,-77.76,-100.0,0.1377,0.0477,0.0723,910000.0,4014000.0,0
BG_01592,Background_Point,Regional_Background,1.0,Background_Control,0,0,0,0,0.0,0.0004,0.0,0.0544,303848.6,0.0,65.4,21.55,10.77,-14.27,43.5,-80.06,-100.0,0.0561,0.0722,0.0,798000.0,4480000.0,0
BG_01593,Background_Point,Regional_Background,1.0,Background_Control,0,0,0,0,0.0499,0.3044,0.0388,0.0711,72467.2,0.008,674.4,22.34,1.75,4.63,43.12,-69.82,37.66,0.0981,0.3663,0.0525,390000.0,4736000.0,0
BG_01594,Background_Point,Regional_Background,1.0,Background_Control,0,0,0,0,0.0471,0.0002,0.0,0.0035,329878.8,0.0,341.9,16.2,10.16,9.66,35.16,-79.14,-100.0,0.0758,0.1264,0.0085,1004000.0,4262000.0,0
BG_01595,Background_Point,Regional_Background,1.0,Background_Control,0,0,0,0,0.0132,0.0211,0.0,0.1957,96767.8,0.0016,1094.5,14.75,1.46,4.76,32.62,-79.53,-18.03,0.0666,0.1712,0.0,772000.0,4170000.0,0
BG_01596,Background_Point,Regional_Background,1.0,Background_Control,0,0,0,0,0.0172,0.0004,0.0,0.0213,283753.4,0.0,419.8,11.91,-4.02,-0.28,26.19,-73.71,-100.0,0.0553,0.034,0.0626,960000.0,4246000.0,0
BG_01597,Background_Point,Regional_Background,1.0,Background_Control,0,0,0,0,0.0,0.0019,0.0,0.082,203342.1,0.0,257.4,12.24,1.37,26.18,30.5,-73.82,-100.0,0.0144,0.3647,0.0,838000.0,4328000.0,0
BG_01598,Background_Point,Regional_Background,1.0,Background_Control,0,0,0,0,0.0457,0.0499,0.0,0.0215,118699.4,0.0004,983.8,21.69,1.74,4.47,45.06,-76.63,-41.24,0.0568,0.1546,0.1017,686000.0,4044000.0,0
BG_01599,Background_Point,Regional_Background,1.0,Background_Control,0,0,0,0,0.0488,0.0403,0.0,0.1044,49679.0,0.0364,834.9,17.87,11.84,-10.78,39.36,-76.18,39.93,0.0127,0.1725,0.082,718000.0,4232000.0,0
BG_01600,Background_Point,Regional_Background,1.0,Background_Control,0,0,0,0,0.0478,0.0008,0.0,0.1613,269258.2,0.0,719.9,21.6,19.45,18.24,42.87,-71.72,-100.0,0.0204,0.0293,0.0,692000.0,4686000.0,0
BG_01601,Background_Point,Regional_Background,1.0,Background_Control,0,0,0,0,0.0313,0.2368,0.1038,0.1413,68767.8,0.0102,788.9,16.25,3.46,16.27,32.08,-80.2,5.51,0.0481,0.3288,0.0669,348000.0,4708000.0,0
BG_01602,Background_Point,Regional_Background,1.0,Background_Control,0,0,0,0,0.0,0.0295,0.0193,0.1921,90009.4,0.0025,1036.7,17.66,-4.56,13.21,35.65,-83.47,-18.18,0.0755,0.0455,0.0,272000.0,4622000.0,0
BG_01603,Background_Point,Regional_Background,1.0,Background_Control,0,0,0,0,0.1247,0.0002,0.0014,0.1291,27856.8,0.1561,216.2,17.26,1.02,7.43,33.2,-76.02,65.57,0.1072,0.1815,0.1492,170000.0,4254000.0,0
BG_01604,Background_Point,Regional_Background,1.0,Background_Control,0,0,0,0,0.031,0.0005,0.0,0.0302,273437.4,0.0,57.3,23.92,-4.99,11.14,47.17,-77.76,-100.0,0.1203,0.1054,0.0363,752000.0,4492000.0,0
BG_01605,Background_Point,Regional_Background,1.0,Background_Control,0,0,0,0,0.0,0.0188,0.0096,0.0962,82097.5,0.0042,280.6,15.66,3.59,-5.05,31.88,-77.52,-5.19,0.0281,0.0954,0.0512,488000.0,4326000.0,0
BG_01606,Background_Point,Regional_Background,1.0,Background_Control,0,0,0,0,0.021,0.0031,0.0,0.1706,192353.8,0.0,0.0,13.17,3.42,9.78,29.28,-79.93,-100.0,0.0769,0.5462,0.0173,650000.0,4430000.0,0
BG_01607,Background_Point,Regional_Background,1.0,Background_Control,0,0,0,0,0.0,0.0227,0.0249,0.106,57536.7,0.0216,692.2,11.33,9.29,-8.59,26.46,-79.68,13.93,0.0181,0.1085,0.0,168000.0,4728000.0,0
BG_01608,Background_Point,Regional_Background,1.0,Background_Control,0,0,0,0,0.0,0.0002,0.0,0.1701,318276.6,0.0,161.4,14.88,17.17,10.06,32.34,-76.1,-100.0,0.01,0.0705,0.031,900000.0,4430000.0,0
BG_01609,Background_Point,Regional_Background,1.0,Background_Control,0,0,0,0,0.0341,0.0001,0.0,0.1736,376807.6,0.0,317.5,18.9,15.11,-7.4,39.69,-80.99,-100.0,0.0272,0.166,0.0,980000.0,4428000.0,0
BG_01610,Background_Point,Regional_Background,1.0,Background_Control,0,0,0,0,0.0498,0.0576,0.0,0.0887,106039.8,0.0009,1117.1,11.96,11.26,-10.03,27.62,-75.93,4.06,0.0423,0.1606,0.034,702000.0,4076000.0,0
BG_01611,Background_Point,Regional_Background,1.0,Background_Control,0,0,0,0,0.0074,0.017,0.0,0.1403,98020.4,0.0015,964.0,14.59,6.99,33.81,33.72,-73.83,-19.45,0.2531,0.0298,0.0427,778000.0,4198000.0,0
BG_01612,Background_Point,Regional_Background,1.0,Background_Control,0,0,0,0,0.1809,0.001,0.0037,0.2028,67960.6,0.0108,404.6,11.44,4.65,-14.79,26.14,-72.15,38.1,0.1417,0.3053,0.0502,236000.0,4116000.0,0
BG_01613,Background_Point,Regional_Background,1.0,Background_Control,0,0,0,0,0.0493,0.0017,0.1461,0.3382,5404.6,0.6975,467.2,14.83,6.28,4.83,30.39,-72.94,72.61,0.4874,0.117,0.3415,404000.0,4466000.0,0
BG_01614,Background_Point,Regional_Background,1.0,Background_Control,0,0,0,0,0.0,0.0058,0.0,0.0114,234887.2,0.0,775.6,30.28,18.7,17.62,56.89,-82.22,-100.0,0.1408,0.0611,0.0708,606000.0,4756000.0,0
BG_01615,Background_Point,Regional_Background,1.0,Background_Control,0,0,0,0,0.0473,0.0033,0.0369,0.134,28317.4,0.1514,581.4,12.43,5.84,12.8,26.49,-83.82,70.74,0.1265,0.0681,0.0689,410000.0,4500000.0,0
BG_01616,Background_Point,Regional_Background,1.0,Background_Control,0,0,0,0,0.0075,0.0001,0.0,0.2,334819.4,0.0,223.1,11.99,10.28,-12.35,26.89,-74.78,-100.0,0.008,0.0542,0.0753,950000.0,4398000.0,0
BG_01617,Background_Point,Regional_Background,1.0,Background_Control,0,0,0,0,0.0,0.0004,0.0,0.0625,280919.9,0.0,280.1,16.55,-3.08,-9.36,31.98,-81.38,-100.0,0.0005,0.0845,0.0405,934000.0,4320000.0,0
BG_01618,Background_Point,Regional_Background,1.0,Background_Control,0,0,0,0,0.0017,0.0048,0.0001,0.1948,184835.1,0.0,0.0,14.3,4.68,11.84,29.05,-84.04,-100.0,0.0713,0.1104,0.0235,630000.0,4412000.0,0
BG_01619,Background_Point,Regional_Background,1.0,Background_Control,0,0,0,0,0.0,0.2287,0.1063,0.083,43731.5,0.0542,278.3,13.81,-4.54,12.5,27.71,-78.52,42.52,0.125,0.3155,0.0025,278000.0,4796000.0,0
BG_01620,Background_Point,Regional_Background,1.0,Background_Control,0,0,0,0,0.0,0.0017,0.0,0.1068,208278.7,0.0,244.0,16.47,-1.94,7.2,34.74,-79.94,-100.0,0.1955,0.1787,0.0,836000.0,4338000.0,0
BG_01621,Background_Point,Regional_Background,1.0,Background_Control,0,0,0,0,0.0456,0.0001,0.0,0.0195,334670.0,0.0,287.1,14.69,-2.72,17.58,30.65,-76.35,-100.0,0.0206,0.1504,0.0565,1000000.0,4298000.0,0
BG_01622,Background_Point,Regional_Background,1.0,Background_Control,0,0,0,0,0.0244,0.0021,0.0295,0.3021,3781.8,0.7771,470.3,21.64,12.68,17.14,43.4,-78.13,85.47,0.4651,0.1364,0.4612,446000.0,4488000.0,0
BG_01623,Background_Point,Regional_Background,1.0,Background_Control,0,0,0,0,0.0,0.0,0.0,0.0849,474151.9,0.0,618.1,13.04,6.03,17.24,28.11,-76.8,-100.0,0.0718,0.0255,0.0,854000.0,4832000.0,0
BG_01624,Background_Point,Regional_Background,1.0,Background_Control,0,0,0,0,0.0077,0.2287,0.0001,0.2453,28399.8,0.1506,972.8,12.52,-3.91,7.23,26.19,-75.37,49.74,0.187,0.403,0.1181,636000.0,4198000.0,0
BG_01625,Background_Point,Regional_Background,1.0,Background_Control,0,0,0,0,0.0,0.0,0.0,0.1398,472038.1,0.0,770.6,16.05,8.48,12.38,33.11,-76.96,-100.0,0.0118,0.0078,0.0,918000.0,4696000.0,0
BG_01626,Background_Point,Regional_Background,1.0,Background_Control,0,0,0,0,0.0244,0.0,0.0,0.0849,579213.3,0.0,368.1,18.2,10.76,15.99,37.74,-72.97,-100.0,0.2841,0.1842,0.1179,968000.0,4832000.0,0
BG_01627,Background_Point,Regional_Background,1.0,Background_Control,0,0,0,0,0.0464,0.0002,0.0,0.0515,323394.5,0.0,423.4,11.86,17.88,1.27,27.32,-81.91,-100.0,0.0228,0.2217,0.0,1002000.0,4230000.0,0
BG_01628,Background_Point,Regional_Background,1.0,Background_Control,0,0,0,0,0.0,0.0053,0.0,0.2007,171406.0,0.0,1000.9,18.99,-1.07,17.23,37.56,-84.27,-91.27,0.0355,0.1596,0.0,842000.0,4144000.0,0
BG_01629,Background_Point,Regional_Background,1.0,Background_Control,0,0,0,0,0.0276,0.0184,0.0652,0.1241,31622.8,0.1215,312.9,14.3,7.18,9.71,27.52,-76.99,49.96,0.1255,0.1284,0.1323,446000.0,4298000.0,0
BG_01630,Background_Point,Regional_Background,1.0,Background_Control,0,0,0,0,0.4399,0.0012,0.0328,0.4132,2116.9,0.8684,291.2,14.77,18.56,5.95,32.24,-46.1,124.7,0.5893,0.4006,0.6009,248000.0,4196000.0,0
BG_01631,Background_Point,Regional_Background,1.0,Background_Control,0,0,0,0,0.0262,0.0004,0.0,0.1947,292745.6,0.0,663.1,13.64,10.21,-1.3,27.57,-81.51,-100.0,0.1248,0.1264,0.0,970000.0,4160000.0,0
BG_01632,Background_Point,Regional_Background,1.0,Background_Control,0,0,0,0,0.0,0.0316,0.0,0.0498,120432.6,0.0003,661.6,12.16,7.79,7.2,26.06,-78.28,-38.92,0.0849,0.2347,0.1346,620000.0,3982000.0,0
BG_01633,Background_Point,Regional_Background,1.0,Background_Control,0,0,0,0,0.0,0.0123,0.0,0.0765,206707.5,0.0,764.6,19.4,9.63,7.16,42.22,-75.49,-97.03,0.0984,0.0567,0.0106,562000.0,4722000.0,0
BG_01634,Background_Point,Regional_Background,1.0,Background_Control,0,0,0,0,0.0277,0.0002,0.0,0.1739,293557.5,0.0,512.0,22.99,11.39,5.86,46.65,-77.66,-100.0,0.1313,0.2644,0.0072,756000.0,4620000.0,0
BG_01635,Background_Point,Regional_Background,1.0,Background_Control,0,0,0,0,0.0186,0.0016,0.0187,0.1112,49380.5,0.0372,202.9,15.12,-0.31,-0.46,34.94,-79.5,39.39,0.098,0.0391,0.0482,304000.0,4316000.0,0
BG_01636,Background_Point,Regional_Background,1.0,Background_Control,0,0,0,0,0.0,0.0008,0.0,0.0699,252958.5,0.0,579.4,12.13,12.28,12.95,26.64,-76.45,-100.0,0.0166,0.1456,0.0167,932000.0,4222000.0,0
BG_01637,Background_Point,Regional_Background,1.0,Background_Control,0,0,0,0,0.0311,0.0,0.0,0.1758,520557.4,0.0,855.8,18.5,-5.19,4.86,34.78,-80.47,-100.0,0.0112,0.019,0.0,976000.0,4678000.0,0
BG_01638,Background_Point,Regional_Background,1.0,Background_Control,0,0,0,0,0.0,0.0,0.0,0.0072,446067.3,0.0,737.7,12.4,-13.17,7.98,29.02,-73.77,-100.0,0.1947,0.1438,0.0,856000.0,4760000.0,0
BG_01639,Background_Point,Regional_Background,1.0,Background_Control,0,0,0,0,0.0,0.0128,0.0,0.1313,112000.0,0.0006,954.3,11.68,14.23,-4.07,24.71,-77.49,-34.48,0.1805,0.0388,0.0153,792000.0,4200000.0,0
BG_01640,Background_Point,Regional_Background,1.0,Background_Control,0,0,0,0,0.0407,0.0016,0.1094,0.2901,32189.8,0.117,294.2,13.69,6.45,4.96,29.32,-75.15,47.15,0.1571,0.6024,0.1372,354000.0,4378000.0,0
BG_01641,Background_Point,Regional_Background,1.0,Background_Control,0,0,0,0,0.0,0.0072,0.0708,0.0116,133064.0,0.0001,930.9,16.39,-0.65,33.16,33.58,-80.62,-51.18,0.047,0.0855,0.0993,292000.0,4540000.0,0
BG_01642,Background_Point,Regional_Background,1.0,Background_Control,0,0,0,0,0.0397,0.8062,0.089,0.1775,16151.3,0.3407,417.0,12.44,6.65,12.86,24.74,-70.62,62.72,0.1919,0.6715,0.1979,360000.0,4784000.0,0
BG_01643,Background_Point,Regional_Background,1.0,Background_Control,0,0,0,0,0.0253,0.0001,0.0003,0.205,112180.8,0.0006,344.3,11.34,3.5,10.39,24.17,-79.71,-41.99,0.0566,0.0361,0.0,138000.0,4390000.0,0
BG_01644,Background_Point,Regional_Background,1.0,Background_Control,0,0,0,0,0.0354,0.0002,0.0,0.1419,278948.0,0.0,460.6,22.05,1.45,8.94,44.58,-79.64,-100.0,0.2009,0.0339,0.037,746000.0,4604000.0,0
BG_01645,Background_Point,Regional_Background,1.0,Background_Control,0,0,0,0,0.044,0.0129,0.0,0.1191,142014.1,0.0001,208.8,11.5,3.03,11.79,28.02,-76.58,-70.86,0.0415,0.0574,0.0,682000.0,4342000.0,0
BG_01646,Background_Point,Regional_Background,1.0,Background_Control,0,0,0,0,0.0,0.0007,0.0019,0.0844,156827.6,0.0,634.1,11.91,1.53,6.14,26.35,-86.11,-59.29,0.0407,0.0768,0.0726,164000.0,4468000.0,0
BG_01647,Background_Point,Regional_Background,1.0,Background_Control,0,0,0,0,0.0,0.001,0.0,0.1311,234580.5,0.0,192.8,17.69,14.2,11.91,35.91,-76.66,-100.0,0.0814,0.0174,0.0235,862000.0,4348000.0,0
BG_01648,Background_Point,Regional_Background,1.0,Background_Control,0,0,0,0,0.0448,0.0001,0.0,0.1656,357798.8,0.0,236.3,15.19,8.67,-6.56,30.97,-79.69,-100.0,0.0597,0.0663,0.0698,998000.0,4364000.0,0
BG_01649,Background_Point,Regional_Background,1.0,Background_Control,0,0,0,0,0.0,0.0001,0.0,0.0001,346005.8,0.0,216.6,12.4,9.93,1.24,28.48,-90.28,-100.0,0.0038,0.0622,0.0,826000.0,4522000.0,0
BG_01650,Background_Point,Regional_Background,1.0,Background_Control,0,0,0,0,0.0,0.5936,0.0002,0.3816,14924.8,0.3697,1048.7,18.11,7.91,3.48,38.9,-77.37,61.36,0.2374,0.6395,0.2127,606000.0,4152000.0,0
BG_01651,Background_Point,Regional_Background,1.0,Background_Control,0,0,0,0,0.0008,0.1147,0.0239,0.2981,28202.4,0.1526,728.4,13.23,3.87,-1.62,31.19,-72.69,45.37,0.2349,0.0909,0.1918,474000.0,4172000.0,0
BG_01652,Background_Point,Regional_Background,1.0,Background_Control,0,0,0,0,0.0244,0.0,0.0,0.0403,534479.2,0.0,703.3,11.14,-10.16,3.84,23.25,-75.97,-100.0,0.0555,0.0647,0.0,968000.0,4738000.0,0
BG_01653,Background_Point,Regional_Background,1.0,Background_Control,0,0,0,0,0.0114,0.0,0.0,0.0609,562032.0,0.0,395.0,12.45,-12.2,20.99,23.09,-80.33,-100.0,0.0427,0.1019,0.0,954000.0,4822000.0,0
BG_01654,Background_Point,Regional_Background,1.0,Background_Control,0,0,0,0,0.0186,0.0112,0.0074,0.1478,67230.9,0.0113,812.4,13.63,-1.73,-10.29,31.26,-77.17,27.0,0.0209,0.1014,0.0379,138000.0,4706000.0,0
BG_01655,Background_Point,Regional_Background,1.0,Background_Control,0,0,0,0,0.0374,0.0002,0.0002,0.1969,140602.4,0.0001,377.7,14.67,-0.14,10.8,31.32,-78.08,-49.05,0.1246,0.1585,0.0687,120000.0,4412000.0,0
BG_01656,Background_Point,Regional_Background,1.0,Background_Control,0,0,0,0,0.0069,0.0003,0.0001,0.0085,123369.4,0.0003,466.4,16.93,-1.64,12.85,34.64,-74.91,-37.87,0.0247,0.0541,0.0,186000.0,4032000.0,0
BG_01657,Background_Point,Regional_Background,1.0,Background_Control,0,0,0,0,0.1691,0.0004,0.0049,0.1036,37735.9,0.0808,226.2,11.76,-10.02,12.72,24.71,-72.02,70.71,0.0565,0.0864,0.131,200000.0,4248000.0,0
BG_01658,Background_Point,Regional_Background,1.0,Background_Control,0,0,0,0,0.0226,0.0252,0.0,0.1881,113172.4,0.0005,1176.8,17.06,2.61,1.63,35.44,-75.75,-22.21,0.2305,0.0909,0.0304,762000.0,4122000.0,0
BG_01659,Background_Point,Regional_Background,1.0,Background_Control,0,0,0,0,0.0,0.0039,0.0,0.1787,193328.7,0.0,1017.5,13.74,-9.82,13.48,29.38,-78.89,-100.0,0.0294,0.0184,0.0237,856000.0,4120000.0,0
BG_01660,Background_Point,Regional_Background,1.0,Background_Control,0,0,0,0,0.1203,0.0002,0.0011,0.119,30528.7,0.1306,220.6,11.24,7.03,14.26,23.15,-78.52,70.22,0.3117,0.0954,0.0881,164000.0,4254000.0,0
BG_01661,Background_Point,Regional_Background,1.0,Background_Control,0,0,0,0,0.0,0.0075,0.0,0.1931,148431.8,0.0001,1032.3,13.62,-7.08,5.23,28.18,-82.43,-81.29,0.2466,0.0076,0.054,824000.0,4164000.0,0
BG_01662,Background_Point,Regional_Background,1.0,Background_Control,0,0,0,0,0.0785,0.0095,0.0254,0.2327,59363.3,0.0191,513.4,12.29,8.25,12.48,25.34,-73.11,34.21,0.4729,0.1729,0.0213,348000.0,4130000.0,0
BG_01663,Background_Point,Regional_Background,1.0,Background_Control,0,0,0,0,0.0609,0.0051,0.0069,0.1394,102078.4,0.0011,474.1,12.18,12.2,18.5,28.01,-72.33,-22.82,0.198,0.0479,0.0251,322000.0,4096000.0,0
BG_01664,Background_Point,Regional_Background,1.0,Background_Control,0,0,0,0,0.0,0.0006,0.0003,0.0199,128491.3,0.0002,502.6,12.74,8.63,21.72,27.04,-73.13,-24.2,0.0121,0.243,0.0,226000.0,4044000.0,0
BG_01665,Background_Point,Regional_Background,1.0,Background_Control,0,0,0,0,0.0417,0.0132,0.0037,0.0944,79999.0,0.0048,785.8,14.5,18.78,10.8,30.49,-74.2,21.2,0.1138,0.2434,0.0312,422000.0,4576000.0,0
BG_01666,Background_Point,Regional_Background,1.0,Background_Control,0,0,0,0,0.0,0.0128,0.0121,0.2774,40496.9,0.0672,976.7,14.67,4.36,-2.01,31.18,-73.76,36.45,0.0353,0.0391,0.0,178000.0,4646000.0,0
BG_01667,Background_Point,Regional_Background,1.0,Background_Control,0,0,0,0,0.0299,0.0226,0.0001,0.0049,123547.6,0.0003,675.5,21.57,4.23,3.5,41.83,-73.88,-54.13,0.0932,0.1615,0.0,442000.0,4020000.0,0
BG_01668,Background_Point,Regional_Background,1.0,Background_Control,0,0,0,0,0.0342,0.0237,0.163,0.1496,20880.6,0.2486,369.9,20.78,20.52,26.3,38.62,-76.67,83.85,0.2089,0.1306,0.1643,440000.0,4274000.0,0
BG_01669,Background_Point,Regional_Background,1.0,Background_Control,0,0,0,0,0.0439,0.0002,0.0,0.16,316404.8,0.0,535.3,14.49,-7.62,14.97,33.42,-73.72,-100.0,0.0016,0.0856,0.0135,996000.0,4184000.0,0
BG_01670,Background_Point,Regional_Background,1.0,Background_Control,0,0,0,0,0.0,0.0009,0.0002,0.013,102176.3,0.0011,212.2,11.53,-3.14,4.62,24.99,-72.63,-14.33,0.0309,0.0755,0.0,582000.0,4514000.0,0
BG_01671,Background_Point,Regional_Background,1.0,Background_Control,0,0,0,0,0.0,0.0001,0.0,0.0113,389610.1,0.0,784.3,11.53,-1.73,-1.0,25.96,-81.97,-100.0,0.0157,0.0171,0.0,790000.0,4756000.0,0
BG_01672,Background_Point,Regional_Background,1.0,Background_Control,0,0,0,0,0.0116,0.0009,0.0,0.028,162098.7,0.0,56.1,11.39,-0.21,8.81,26.64,-81.01,-78.99,0.0594,0.4081,0.0,640000.0,4494000.0,0
BG_01673,Background_Point,Regional_Background,1.0,Background_Control,0,0,0,0,0.0,0.0047,0.0,0.1963,150572.2,0.0,629.4,13.85,9.83,-6.09,26.92,-86.85,-72.51,0.2363,0.1832,0.0,576000.0,4636000.0,0
BG_01674,Background_Point,Regional_Background,1.0,Background_Control,0,0,0,0,0.0706,0.0174,0.3226,0.1624,36880.1,0.0855,403.8,13.62,-2.39,8.95,30.93,-65.94,66.02,0.2091,0.1565,0.1542,390000.0,4220000.0,0
BG_01675,Background_Point,Regional_Background,1.0,Background_Control,0,0,0,0,0.0406,0.0243,0.0,0.0427,75286.1,0.0066,748.3,12.43,5.63,19.96,26.6,-85.57,28.15,0.0607,0.3575,0.0,738000.0,4248000.0,0
BG_01676,Background_Point,Regional_Background,1.0,Background_Control,0,0,0,0,0.0,0.0001,0.0,0.2,360272.1,0.0,645.5,17.92,1.11,21.1,38.38,-75.88,-100.0,0.0428,0.4038,0.0,816000.0,4650000.0,0
BG_01677,Background_Point,Regional_Background,1.0,Background_Control,0,0,0,0,0.2841,0.0004,0.0014,0.33,24752.0,0.192,412.0,11.87,9.27,9.78,27.24,-64.94,84.35,0.1005,0.1735,0.1866,186000.0,4140000.0,0
BG_01678,Background_Point,Regional_Background,1.0,Background_Control,0,0,0,0,0.0,0.0767,0.0009,0.0704,92000.0,0.0022,477.4,18.94,1.96,11.83,37.78,-81.77,-15.9,0.2342,0.1514,0.0423,472000.0,4820000.0,0
BG_01679,Background_Point,Regional_Background,1.0,Background_Control,0,0,0,0,0.0,0.0,0.0,0.0751,464069.0,0.0,622.7,11.11,-3.24,10.04,26.74,-79.95,-100.0,0.3287,0.0452,0.0427,844000.0,4828000.0,0
BG_01680,Background_Point,Regional_Background,1.0,Background_Control,0,0,0,0,0.0,0.0024,0.0,0.0033,190546.6,0.0,447.1,15.32,9.71,-6.62,34.72,-81.54,-89.81,0.0501,0.2496,0.0,852000.0,4282000.0,0
BG_01681,Background_Point,Regional_Background,1.0,Background_Control,0,0,0,0,0.0,0.0081,0.0035,0.1291,88000.0,0.0028,1044.9,18.61,8.61,4.24,40.07,-78.57,0.32,0.1813,0.04,0.0018,200000.0,4592000.0,0
BG_01682,Background_Point,Regional_Background,1.0,Background_Control,0,0,0,0,0.0,0.0037,0.087,0.0089,126203.5,0.0002,828.6,18.47,18.89,20.96,39.42,-78.0,-32.1,0.0644,0.1404,0.0501,268000.0,4512000.0,0
BG_01683,Background_Point,Regional_Background,1.0,Background_Control,0,0,0,0,0.0074,0.0006,0.0713,0.3531,18720.9,0.2871,451.1,13.79,0.26,6.22,27.19,-76.09,67.05,0.1688,0.2908,0.111,318000.0,4414000.0,0
BG_01684,Background_Point,Regional_Background,1.0,Background_Control,0,0,0,0,0.1805,0.0031,0.11,0.2624,34573.0,0.0998,339.6,12.62,5.56,20.75,29.67,-61.61,50.96,0.1213,0.2632,0.1343,292000.0,4180000.0,0
BG_01685,Background_Point,Regional_Background,1.0,Background_Control,0,0,0,0,0.0278,0.0003,0.0,0.0434,323827.1,0.0,711.1,13.36,-9.15,-1.21,31.22,-71.71,-100.0,0.063,0.0509,0.0368,972000.0,4060000.0,0
BG_01686,Background_Point,Regional_Background,1.0,Background_Control,0,0,0,0,0.0,0.1657,0.0003,0.2345,18973.7,0.2823,910.1,14.56,5.73,12.91,31.7,-84.05,58.67,0.3335,0.1308,0.1219,532000.0,4074000.0,0
BG_01687,Background_Point,Regional_Background,1.0,Background_Control,0,0,0,0,0.0478,0.0001,0.0,0.1693,365830.6,0.0,233.7,30.81,8.86,33.07,58.86,-73.41,-100.0,0.0325,0.0275,0.0136,1006000.0,4366000.0,0
BG_01688,Background_Point,Regional_Background,1.0,Background_Control,0,0,0,0,0.0,0.0012,0.0146,0.1552,38842.4,0.0751,309.2,24.62,14.34,13.76,50.56,-81.47,38.98,0.2187,0.0398,0.0449,482000.0,4472000.0,0
BG_01689,Background_Point,Regional_Background,1.0,Background_Control,0,0,0,0,0.0488,0.0001,0.0,0.1015,356925.8,0.0,244.6,18.45,5.82,13.74,35.76,-77.97,-100.0,0.0219,0.2042,0.0336,1010000.0,4336000.0,0
BG_01690,Background_Point,Regional_Background,1.0,Background_Control,0,0,0,0,0.0247,0.151,0.0592,0.1813,81244.1,0.0044,861.2,16.25,5.49,13.55,34.8,-72.79,-12.93,0.0563,0.1302,0.0411,340000.0,4686000.0,0
BG_01691,Background_Point,Regional_Background,1.0,Background_Control,0,0,0,0,0.0,0.0002,0.0,0.1903,315525.0,0.0,145.7,11.16,2.43,5.97,23.97,-81.94,-100.0,0.2328,0.0218,0.0,910000.0,4416000.0,0
BG_01692,Background_Point,Regional_Background,1.0,Background_Control,0,0,0,0,0.0483,0.0291,0.0,0.0352,70455.7,0.0091,684.6,12.76,6.42,14.84,25.06,-79.03,26.83,0.1384,0.063,0.0,720000.0,4258000.0,0
BG_01693,Background_Point,Regional_Background,1.0,Background_Control,0,0,0,0,0.0,0.0096,0.0,0.2003,139140.2,0.0001,1045.3,11.76,-6.01,0.88,27.64,-72.14,-61.31,0.1062,0.109,0.0,812000.0,4156000.0,0
BG_01694,Background_Point,Regional_Background,1.0,Background_Control,0,0,0,0,0.0096,0.0029,0.0,0.0899,258379.6,0.0,712.4,29.15,5.48,3.24,62.01,-77.47,-100.0,0.0314,0.0117,0.0,638000.0,4834000.0,0
BG_01695,Background_Point,Regional_Background,1.0,Background_Control,0,0,0,0,0.0,0.1256,0.0032,0.1947,76941.5,0.0059,832.9,14.16,-3.84,18.41,32.35,-77.38,10.45,0.274,0.188,0.0919,482000.0,4116000.0,0
BG_01696,Background_Point,Regional_Background,1.0,Background_Control,0,0,0,0,0.0157,0.0008,0.0008,0.0344,187721.3,0.0,704.0,13.12,10.92,17.93,27.54,-80.26,-100.0,0.0071,0.0534,0.1521,142000.0,4490000.0,0
BG_01697,Background_Point,Regional_Background,1.0,Background_Control,0,0,0,0,0.0038,0.2693,0.0001,0.2767,25241.6,0.1859,995.0,11.84,-0.78,20.1,24.86,-78.59,63.26,0.1057,0.3988,0.0,632000.0,4190000.0,0
BG_01698,Background_Point,Regional_Background,1.0,Background_Control,0,0,0,0,0.0135,0.0022,0.0,0.1489,236279.5,0.0,728.2,17.96,-6.43,18.44,40.16,-77.4,-100.0,0.1276,0.1342,0.0,642000.0,4692000.0,0
BG_01699,Background_Point,Regional_Background,1.0,Background_Control,0,0,0,0,0.0,0.0651,0.173,0.1385,33504.2,0.1071,637.0,28.81,15.89,13.4,54.37,-75.4,57.42,0.1259,0.1702,0.0481,220000.0,4738000.0,0
BG_01700,Background_Point,Regional_Background,1.0,Background_Control,0,0,0,0,0.0,0.0061,0.0,0.007,207329.4,0.0,912.6,14.62,0.11,-5.04,31.41,-78.42,-100.0,0.0429,0.1054,0.0089,808000.0,4036000.0,0
BG_01701,Background_Point,Regional_Background,1.0,Background_Control,0,0,0,0,0.0,0.0005,0.0,0.0024,312320.3,0.0,720.2,12.05,-10.55,-4.14,26.43,-83.1,-100.0,0.1355,0.2167,0.0673,942000.0,4030000.0,0
BG_01702,Background_Point,Regional_Background,1.0,Background_Control,0,0,0,0,0.0095,0.0,0.0,0.1847,495871.0,0.0,811.6,13.45,10.36,10.14,31.07,-80.86,-100.0,0.0524,0.193,0.0399,952000.0,4672000.0,0
BG_01703,Background_Point,Regional_Background,1.0,Background_Control,0,0,0,0,0.0,0.0001,0.0,0.0301,364400.9,0.0,284.3,27.69,11.15,4.71,53.37,-74.11,-100.0,0.1936,0.0473,0.0261,898000.0,4492000.0,0
BG_01704,Background_Point,Regional_Background,1.0,Background_Control,0,0,0,0,0.0,0.0727,0.0008,0.0598,96083.3,0.0017,481.9,17.47,1.67,37.37,38.27,-75.85,0.38,0.0862,0.1801,0.022,476000.0,4816000.0,0
BG_01705,Background_Point,Regional_Background,1.0,Background_Control,0,0,0,0,0.0464,0.0511,0.0,0.1969,88521.8,0.0027,1195.9,13.8,-2.25,17.89,28.9,-81.08,4.07,0.3582,0.0614,0.0,726000.0,4122000.0,0
BG_01706,Background_Point,Regional_Background,1.0,Background_Control,0,0,0,0,0.0511,0.0099,0.0605,0.1489,30594.1,0.1301,274.5,15.35,0.91,2.64,33.24,-75.29,37.73,0.1743,0.0557,0.1143,414000.0,4310000.0,0
BG_01707,Background_Point,Regional_Background,1.0,Background_Control,0,0,0,0,0.0171,0.0173,0.0,0.077,152276.3,0.0,1106.1,12.39,12.69,19.01,26.14,-78.34,-65.06,0.1259,0.0923,0.0,768000.0,4074000.0,0
BG_01708,Background_Point,Regional_Background,1.0,Background_Control,0,0,0,0,0.0,0.0,0.0,0.0564,516139.5,0.0,561.9,13.67,6.17,2.21,27.77,-75.0,-100.0,0.1838,0.1436,0.0035,900000.0,4820000.0,0
BG_01709,Background_Point,Regional_Background,1.0,Background_Control,0,0,0,0,0.0,0.07,0.0007,0.0881,94339.8,0.0019,435.3,14.79,1.38,5.11,35.22,-83.17,-7.31,0.133,0.1884,0.0,474000.0,4828000.0,0
BG_01710,Background_Point,Regional_Background,1.0,Background_Control,0,0,0,0,0.0,0.0021,0.003,0.1419,23409.4,0.21,386.2,18.66,7.37,-0.88,39.68,-72.8,55.89,0.2408,0.1793,0.173,502000.0,4512000.0,0
BG_01711,Background_Point,Regional_Background,1.0,Background_Control,0,0,0,0,0.0,0.0317,0.0004,0.1702,162443.8,0.0,798.6,12.75,14.1,-0.92,29.31,-75.58,-74.64,0.0909,0.0655,0.0751,492000.0,4682000.0,0
BG_01712,Background_Point,Regional_Background,1.0,Background_Control,0,0,0,0,0.0,0.0002,0.0,0.0977,326006.1,0.0,147.9,17.13,-0.78,11.82,34.19,-86.5,-100.0,0.0261,0.0247,0.0321,874000.0,4462000.0,0
BG_01713,Background_Point,Regional_Background,1.0,Background_Control,0,0,0,0,0.0,0.0705,0.0011,0.0193,119816.5,0.0003,665.1,13.54,2.35,2.02,30.74,-85.61,-45.46,0.0634,0.2108,0.0,480000.0,4754000.0,0
BG_01714,Background_Point,Regional_Background,1.0,Background_Control,0,0,0,0,0.0,0.0007,0.0434,0.1955,69972.3,0.0094,527.7,12.74,-4.0,-6.22,29.67,-80.1,21.96,0.347,0.0742,0.0,258000.0,4432000.0,0
BG_01715,Background_Point,Regional_Background,1.0,Background_Control,0,0,0,0,0.0226,0.0003,0.0,0.0519,382005.2,0.0,792.1,12.54,-9.52,-3.26,24.54,-81.53,-100.0,0.0625,0.018,0.028,762000.0,4818000.0,0
BG_01716,Background_Point,Regional_Background,1.0,Background_Control,0,0,0,0,0.0,0.0,0.0,0.0982,389630.6,0.0,520.6,17.46,8.12,11.04,34.38,-81.2,-100.0,0.2156,0.0007,0.0,864000.0,4586000.0,0
BG_01717,Background_Point,Regional_Background,1.0,Background_Control,0,0,0,0,0.0457,0.0909,0.0,0.3354,8485.3,0.568,962.9,11.49,3.38,7.0,28.52,-81.41,83.71,0.4094,0.3544,0.3007,686000.0,4206000.0,0
BG_01718,Background_Point,Regional_Background,1.0,Background_Control,0,0,0,0,0.0483,0.0002,0.0,0.168,339087.0,0.0,636.2,15.83,9.26,3.6,35.74,-76.24,-100.0,0.0092,0.2005,0.011,1008000.0,4114000.0,0
BG_01719,Background_Point,Regional_Background,1.0,Background_Control,0,0,0,0,0.0,0.0037,0.0,0.0249,220780.4,0.0,943.4,15.88,5.61,-10.31,32.38,-79.52,-100.0,0.0719,0.0949,0.0779,842000.0,4050000.0,0
BG_01720,Background_Point,Regional_Background,1.0,Background_Control,0,0,0,0,0.0381,0.0255,0.001,0.1714,107424.4,0.0008,829.8,11.6,11.18,4.86,26.05,-79.26,-12.12,0.0051,0.3522,0.035,428000.0,4614000.0,0
BG_01721,Background_Point,Regional_Background,1.0,Background_Control,0,0,0,0,0.0,0.0027,0.0,0.0318,231767.1,0.0,911.4,11.6,2.63,20.59,22.18,-81.89,-100.0,0.0521,0.0422,0.0,860000.0,4054000.0,0
BG_01722,Background_Point,Regional_Background,1.0,Background_Control,0,0,0,0,0.0246,0.0353,0.0,0.0178,129326.3,0.0002,759.3,12.32,9.42,22.79,28.38,-73.77,-42.16,0.3155,0.1533,0.0,654000.0,4000000.0,0
BG_01723,Background_Point,Regional_Background,1.0,Background_Control,0,0,0,0,0.0,0.0003,0.0,0.0267,307102.6,0.0,84.2,12.44,13.17,1.08,28.93,-84.01,-100.0,0.2434,0.1336,0.0,786000.0,4494000.0,0
BG_01724,Background_Point,Regional_Background,1.0,Background_Control,0,0,0,0,0.0536,0.0126,0.1351,0.2051,12806.2,0.4258,297.1,12.66,7.89,7.4,29.89,-71.65,73.6,0.3369,0.2791,0.3602,412000.0,4290000.0,0
BG_01725,Background_Point,Regional_Background,1.0,Background_Control,0,0,0,0,0.0,0.0001,0.0,0.1652,375686.0,0.0,714.6,17.59,5.92,-10.37,38.68,-84.57,-100.0,0.1379,0.017,0.0,818000.0,4684000.0,0
BG_01726,Background_Point,Regional_Background,1.0,Background_Control,0,0,0,0,0.021,0.0067,0.0,0.1984,192353.8,0.0,11.9,17.03,4.07,4.45,32.98,-86.92,-100.0,0.0793,0.0794,0.0,650000.0,4390000.0,0
BG_01727,Background_Point,Regional_Background,1.0,Background_Control,0,0,0,0,0.0,0.0031,0.0,0.0873,181041.4,0.0,270.8,12.02,5.6,6.85,23.61,-78.76,-100.0,0.082,0.2077,0.0,806000.0,4330000.0,0
BG_01728,Background_Point,Regional_Background,1.0,Background_Control,0,0,0,0,0.1047,0.0002,0.0002,0.2117,46389.7,0.0454,505.4,13.3,14.3,-13.28,28.38,-68.95,50.02,0.1427,0.2049,0.0105,144000.0,4104000.0,0
BG_01729,Background_Point,Regional_Background,1.0,Background_Control,0,0,0,0,0.0,0.0029,0.0,0.0477,225228.8,0.0,927.7,19.95,5.13,25.3,37.55,-79.62,-100.0,0.1089,0.0868,0.0495,858000.0,4062000.0,0
BG_01730,Background_Point,Regional_Background,1.0,Background_Control,0,0,0,0,0.0,0.0,0.0,0.1444,467581.0,0.0,780.2,13.29,10.63,3.24,28.47,-81.56,-100.0,0.009,0.0082,0.0,914000.0,4694000.0,0
BG_01731,Background_Point,Regional_Background,1.0,Background_Control,0,0,0,0,0.0,0.0017,0.0015,0.1052,85276.0,0.0034,142.8,13.52,9.42,16.31,27.35,-75.8,3.0,0.0491,0.0063,0.072,546000.0,4466000.0,0
BG_01732,Background_Point,Regional_Background,1.0,Background_Control,0,0,0,0,0.0,0.0069,0.0,0.0097,136894.1,0.0001,616.9,13.35,11.19,23.51,28.71,-80.54,-55.84,0.0373,0.098,0.0,804000.0,4258000.0,0
BG_01733,Background_Point,Regional_Background,1.0,Background_Control,0,0,0,0,0.0326,0.0001,0.0,0.1875,347113.8,0.0,238.7,11.53,11.66,36.63,23.79,-75.78,-100.0,0.391,0.0562,0.0245,978000.0,4378000.0,0
BG_01734,Background_Point,Regional_Background,1.0,Background_Control,0,0,0,0,0.0247,0.2246,0.1188,0.1498,65433.7,0.0127,799.3,12.47,3.93,10.18,28.57,-72.7,29.21,0.1793,0.2047,0.0428,340000.0,4706000.0,0
BG_01735,Background_Point,Regional_Background,1.0,Background_Control,0,0,0,0,0.0246,0.0557,0.0,0.0083,110220.5,0.0006,899.9,11.69,7.5,0.78,29.17,-75.75,-35.29,0.207,0.0731,0.0651,654000.0,4026000.0,0
BG_01736,Background_Point,Regional_Background,1.0,Background_Control,0,0,0,0,0.0,0.0032,0.0,0.0217,226556.8,0.0,914.4,25.2,-5.38,16.58,49.69,-71.31,-100.0,0.0108,0.2077,0.0531,848000.0,4048000.0,0
BG_01737,Background_Point,Regional_Background,1.0,Background_Control,0,0,0,0,0.0,0.0003,0.0019,0.2059,101551.7,0.0011,432.9,12.06,8.45,-2.98,28.37,-82.59,-15.81,0.0062,0.1106,0.006,180000.0,4410000.0,0
BG_01738,Background_Point,Regional_Background,1.0,Background_Control,0,0,0,0,0.0408,0.0013,0.0,0.0949,296432.1,0.0,737.6,18.39,2.41,5.14,37.12,-79.34,-100.0,0.097,0.1832,0.0028,676000.0,4836000.0,0
BG_01739,Background_Point,Regional_Background,1.0,Background_Control,0,0,0,0,0.0499,0.0725,0.0,0.2559,43863.4,0.0537,1109.6,16.69,12.94,-11.52,33.25,-83.05,43.73,0.0943,0.2063,0.0471,710000.0,4168000.0,0
BG_01740,Background_Point,Regional_Background,1.0,Background_Control,0,0,0,0,0.0072,0.0816,0.002,0.0667,124579.3,0.0002,723.9,18.41,10.69,24.33,36.82,-84.11,-43.0,0.0104,0.0943,0.0,464000.0,4728000.0,0
BG_01741,Background_Point,Regional_Background,1.0,Background_Control,0,0,0,0,0.0498,0.012,0.0102,0.0635,85624.5,0.0033,803.1,11.53,4.01,2.1,24.12,-76.29,1.57,0.0955,0.2852,0.0,398000.0,4564000.0,0
BG_01742,Background_Point,Regional_Background,1.0,Background_Control,0,0,0,0,0.0447,0.0302,0.0012,0.1765,117047.0,0.0004,846.3,14.25,11.95,11.16,29.87,-78.06,-22.6,0.1872,0.3801,0.0,416000.0,4618000.0,0
BG_01743,Background_Point,Regional_Background,1.0,Background_Control,0,0,0,0,0.0295,0.0,0.0,0.1076,391152.1,0.0,349.8,31.26,9.96,3.76,62.45,-73.94,-100.0,0.0185,0.1214,0.1105,974000.0,4458000.0,0
BG_01744,Background_Point,Regional_Background,1.0,Background_Control,0,0,0,0,0.0,0.0023,0.0,0.1965,213803.6,0.0,933.8,22.21,9.18,25.08,46.62,-83.02,-100.0,0.0821,0.1699,0.0518,884000.0,4136000.0,0
BG_01745,Background_Point,Regional_Background,1.0,Background_Control,0,0,0,0,0.0,0.3816,0.0001,0.3817,6898.4,0.6313,1063.7,12.05,-0.33,14.59,25.15,-82.01,72.31,0.5275,0.3379,0.2945,584000.0,4102000.0,0
BG_01746,Background_Point,Regional_Background,1.0,Background_Control,0,0,0,0,0.0,0.0655,0.0006,0.0534,102176.3,0.0011,524.9,27.31,9.51,8.35,54.54,-85.58,-23.32,0.2322,0.1269,0.0009,482000.0,4814000.0,0
BG_01747,Background_Point,Regional_Background,1.0,Background_Control,0,0,0,0,0.0,0.0036,0.0,0.1102,176102.2,0.0,801.4,22.21,10.29,9.41,44.46,-79.52,-91.68,0.2122,0.0867,0.051,856000.0,4206000.0,0
BG_01748,Background_Point,Regional_Background,1.0,Background_Control,0,0,0,0,0.0665,0.0101,0.0068,0.1515,85440.0,0.0034,541.4,16.03,-1.2,18.84,35.6,-76.71,18.01,0.1884,0.066,0.0213,356000.0,4098000.0,0
BG_01749,Background_Point,Regional_Background,1.0,Background_Control,0,0,0,0,0.0,0.0018,0.0,0.017,204000.0,0.0,366.3,17.57,8.4,1.57,37.27,-77.39,-100.0,0.0437,0.1527,0.0,860000.0,4296000.0,0
BG_01750,Background_Point,Regional_Background,1.0,Background_Control,0,0,0,0,0.0,0.0792,0.0,0.0282,71218.0,0.0087,859.5,18.38,6.17,-1.64,38.81,-84.54,-7.53,0.088,0.2186,0.0,594000.0,4024000.0,0
BG_01751,Background_Point,Regional_Background,1.0,Background_Control,0,0,0,0,0.0,0.0007,0.0106,0.4483,2172.9,0.8651,290.9,14.31,13.35,13.87,30.38,-83.22,74.83,0.5724,0.0664,0.419,290000.0,4366000.0,0
BG_01752,Background_Point,Regional_Background,1.0,Background_Control,0,0,0,0,0.0,0.0182,0.0001,0.0096,172290.5,0.0,661.3,16.52,1.4,8.7,35.64,-90.62,-82.23,0.0119,0.0556,0.0,550000.0,4792000.0,0
BG_01753,Background_Point,Regional_Background,1.0,Background_Control,0,0,0,0,0.0242,0.0209,0.0007,0.1705,98081.6,0.0014,795.9,12.43,-2.66,12.12,23.33,-79.78,-4.68,0.0753,0.1419,0.0,446000.0,4612000.0,0
BG_01754,Background_Point,Regional_Background,1.0,Background_Control,0,0,0,0,0.0,0.0008,0.0,0.0014,246981.8,0.0,456.5,24.93,12.23,21.27,49.56,-77.06,-100.0,0.0765,0.08,0.0,918000.0,4266000.0,0
BG_01755,Background_Point,Regional_Background,1.0,Background_Control,0,0,0,0,0.0,0.0049,0.0,0.135,162049.4,0.0,880.9,13.01,0.19,12.55,30.14,-80.12,-74.99,0.1948,0.0052,0.0111,842000.0,4196000.0,0
BG_01756,Background_Point,Regional_Background,1.0,Background_Control,0,0,0,0,0.0,0.0001,0.0,0.0751,444072.1,0.0,661.5,19.66,2.31,0.99,40.34,-82.97,-100.0,0.0087,0.2486,0.0,824000.0,4828000.0,0
BG_01757,Background_Point,Regional_Background,1.0,Background_Control,0,0,0,0,0.0464,0.0005,0.0,0.0666,320861.3,0.0,762.0,11.16,-4.5,-3.79,23.65,-75.11,-100.0,0.0159,0.1595,0.0,726000.0,4726000.0,0
BG_01758,Background_Point,Regional_Background,1.0,Background_Control,0,0,0,0,0.0262,0.0004,0.0,0.1474,290172.4,0.0,592.3,12.63,1.07,21.16,28.97,-73.16,-100.0,0.0874,0.0807,0.062,970000.0,4190000.0,0
BG_01759,Background_Point,Regional_Background,1.0,Background_Control,0,0,0,0,0.0172,0.0005,0.0,0.1093,280064.3,0.0,566.7,13.25,7.05,-0.31,30.0,-75.88,-100.0,0.0172,0.2262,0.0225,960000.0,4206000.0,0
BG_01760,Background_Point,Regional_Background,1.0,Background_Control,0,0,0,0,0.0,0.0017,0.0,0.1451,212207.4,0.0,168.7,12.11,10.33,28.49,29.81,-79.79,-100.0,0.3167,0.3505,0.0224,826000.0,4354000.0,0
BG_01761,Background_Point,Regional_Background,1.0,Background_Control,0,0,0,0,0.0,0.0001,0.0,0.0443,387737.0,0.0,773.5,12.09,-1.42,4.75,28.28,-84.44,-100.0,0.0792,0.02,0.0055,802000.0,4736000.0,0
BG_01762,Background_Point,Regional_Background,1.0,Background_Control,0,0,0,0,0.0431,0.0574,0.0067,0.1992,135078.8,0.0001,937.0,13.38,16.71,29.37,28.02,-72.15,-40.69,0.0233,0.2237,0.0,366000.0,4638000.0,0
BG_01763,Background_Point,Regional_Background,1.0,Background_Control,0,0,0,0,0.0292,0.1439,0.0055,0.0408,96829.7,0.0016,673.9,11.61,8.63,21.94,25.55,-79.58,-4.97,0.0083,0.2793,0.0747,440000.0,4744000.0,0
BG_01764,Background_Point,Regional_Background,1.0,Background_Control,0,0,0,0,0.0116,0.0018,0.0,0.199,209990.5,0.0,621.0,13.02,14.21,14.34,30.19,-74.67,-100.0,0.0813,0.0449,0.0,640000.0,4656000.0,0
BG_01765,Background_Point,Regional_Background,1.0,Background_Control,0,0,0,0,0.0,0.0026,0.0,0.0319,188297.6,0.0,669.7,23.05,9.67,16.9,48.48,-82.56,-98.71,0.1749,0.0067,0.0027,864000.0,4240000.0,0
BG_01766,Background_Point,Regional_Background,1.0,Background_Control,0,0,0,0,0.0,0.1075,0.163,0.217,50519.2,0.0345,876.6,16.13,3.73,24.71,31.71,-72.86,19.12,0.154,0.0785,0.0018,290000.0,4686000.0,0
BG_01767,Background_Point,Regional_Background,1.0,Background_Control,0,0,0,0,0.0,0.0003,0.0052,0.2949,27802.5,0.1567,315.9,21.81,-16.74,28.4,41.29,-82.19,63.21,0.3293,0.0969,0.1022,248000.0,4370000.0,0
BG_01768,Background_Point,Regional_Background,1.0,Background_Control,0,0,0,0,0.0,0.0017,0.0,0.1216,210836.4,0.0,193.2,27.61,9.48,34.14,50.83,-80.47,-100.0,0.3431,0.179,0.0048,834000.0,4344000.0,0
BG_01769,Background_Point,Regional_Background,1.0,Background_Control,0,0,0,0,0.0156,0.0026,0.0714,0.2221,63156.5,0.0148,252.1,18.57,-9.41,10.98,36.72,-73.66,14.22,0.033,0.0186,0.0143,456000.0,4420000.0,0
BG_01770,Background_Point,Regional_Background,1.0,Background_Control,0,0,0,0,0.048,0.001,0.4701,0.4275,4587.8,0.7365,428.4,22.07,18.14,18.15,45.51,-67.87,86.08,0.7913,0.0626,0.5881,374000.0,4430000.0,0
BG_01771,Background_Point,Regional_Background,1.0,Background_Control,0,0,0,0,0.0,0.0001,0.0,0.0108,424325.3,0.0,733.2,17.71,-7.86,-14.93,35.07,-86.33,-100.0,0.1366,0.3957,0.0,804000.0,4794000.0,0
BG_01772,Background_Point,Regional_Background,1.0,Background_Control,0,0,0,0,0.0,0.0369,0.0136,0.0259,101742.7,0.0011,272.8,14.49,15.72,11.63,32.46,-82.8,-1.52,0.106,0.0727,0.0,186000.0,4798000.0,0
BG_01773,Background_Point,Regional_Background,1.0,Background_Control,0,0,0,0,0.0015,0.0002,0.0,0.1577,308700.5,0.0,154.6,12.42,-10.35,6.51,30.15,-82.23,-100.0,0.3532,0.1405,0.0,944000.0,4360000.0,0
BG_01774,Background_Point,Regional_Background,1.0,Background_Control,0,0,0,0,0.0,0.0045,0.0,0.1824,194010.3,0.0,690.5,14.78,8.05,2.6,29.19,-79.35,-100.0,0.0097,0.035,0.1106,598000.0,4674000.0,0
BG_01775,Background_Point,Regional_Background,1.0,Background_Control,0,0,0,0,0.0,0.0071,0.0,0.0033,135911.7,0.0001,583.4,14.16,14.13,21.37,28.44,-72.49,-50.89,0.0681,0.0332,0.0,794000.0,4274000.0,0
BG_01776,Background_Point,Regional_Background,1.0,Background_Control,0,0,0,0,0.0074,0.0182,0.0,0.1784,100020.0,0.0013,1027.3,11.28,3.6,-2.6,24.26,-78.55,-15.53,0.038,0.1007,0.0,778000.0,4180000.0,0
BG_01777,Background_Point,Regional_Background,1.0,Background_Control,0,0,0,0,0.0,0.0012,0.0167,0.0775,126190.0,0.0002,717.7,17.95,6.34,8.42,36.02,-74.9,-53.46,0.5402,0.0554,0.0295,218000.0,4472000.0,0
BG_01778,Background_Point,Regional_Background,1.0,Background_Control,0,0,0,0,0.0371,0.1098,0.0,0.2584,17204.7,0.3176,905.4,15.76,-2.67,13.84,32.53,-78.0,60.45,0.1786,0.2102,0.1705,670000.0,4214000.0,0
BG_01779,Background_Point,Regional_Background,1.0,Background_Control,0,0,0,0,0.2384,0.0003,0.0034,0.1069,50636.0,0.0342,241.8,11.55,6.19,3.65,24.45,-64.73,40.69,0.0384,0.1694,0.1142,188000.0,4230000.0,0
BG_01780,Background_Point,Regional_Background,1.0,Background_Control,0,0,0,0,0.0525,0.0388,0.0088,0.2153,65296.2,0.0129,650.1,11.15,5.84,7.89,29.64,-71.2,22.59,0.0652,0.1058,0.0676,420000.0,4122000.0,0
BG_01781,Background_Point,Regional_Background,1.0,Background_Control,0,0,0,0,0.0354,0.0004,0.0,0.0016,363675.7,0.0,817.7,11.47,10.52,4.82,25.26,-75.37,-100.0,0.0038,0.1484,0.0,746000.0,4768000.0,0
BG_01782,Background_Point,Regional_Background,1.0,Background_Control,0,0,0,0,0.1389,0.0001,0.0006,0.0858,58412.3,0.0204,295.1,25.46,24.14,-18.83,47.35,-71.16,34.51,0.1004,0.0769,0.1097,144000.0,4234000.0,0
BG_01783,Background_Point,Regional_Background,1.0,Background_Control,0,0,0,0,0.0382,0.0,0.0,0.0101,458911.8,0.0,669.1,22.39,2.29,17.49,44.03,-75.62,-100.0,0.015,0.0852,0.0,986000.0,4542000.0,0
BG_01784,Background_Point,Regional_Background,1.0,Background_Control,0,0,0,0,0.0475,0.0102,0.0504,0.1456,34000.0,0.1037,247.7,12.53,4.03,-21.98,28.5,-78.72,61.27,0.1355,0.2147,0.1044,420000.0,4314000.0,0
BG_01785,Background_Point,Regional_Background,1.0,Background_Control,0,0,0,0,0.0,0.0976,0.0023,0.1648,79120.2,0.0051,801.6,20.27,16.56,15.66,38.08,-78.3,0.13,0.2152,0.0704,0.0735,474000.0,4102000.0,0
BG_01786,Background_Point,Regional_Background,1.0,Background_Control,0,0,0,0,0.0,0.0123,0.0293,0.0526,148379.3,0.0001,963.6,13.3,-8.66,19.13,29.03,-80.7,-62.76,0.0487,0.0771,0.0,300000.0,4566000.0,0
BG_01787,Background_Point,Regional_Background,1.0,Background_Control,0,0,0,0,0.0448,0.0002,0.0,0.1563,331040.8,0.0,680.9,16.77,-2.66,15.93,35.86,-76.05,-100.0,0.0356,0.0334,0.0,998000.0,4108000.0,0
BG_01788,Background_Point,Regional_Background,1.0,Background_Control,0,0,0,0,0.0,0.0,0.0,0.1208,493578.8,0.0,763.9,11.23,-1.93,15.42,25.0,-83.76,-100.0,0.0721,0.2081,0.0415,938000.0,4704000.0,0
BG_01789,Background_Point,Regional_Background,1.0,Background_Control,0,0,0,0,0.0,0.0001,0.0,0.0457,354400.9,0.0,242.5,11.2,7.36,29.24,23.56,-82.41,-100.0,0.0513,0.0135,0.0748,892000.0,4484000.0,0
BG_01790,Background_Point,Regional_Background,1.0,Background_Control,0,0,0,0,0.0,0.0584,0.0005,0.0322,111157.5,0.0006,533.2,12.49,12.16,26.3,27.81,-77.32,-28.49,0.2418,0.0858,0.0,490000.0,4804000.0,0
BG_01791,Background_Point,Regional_Background,1.0,Background_Control,0,0,0,0,0.0394,0.0003,0.0,0.1531,310644.5,0.0,716.5,12.39,5.56,-0.44,29.91,-76.27,-100.0,0.2375,0.1433,0.0645,740000.0,4690000.0,0
BG_01792,Background_Point,Regional_Background,1.0,Background_Control,0,0,0,0,0.0354,0.0095,0.0039,0.0789,62874.1,0.0151,729.8,12.71,6.58,7.8,27.74,-76.93,28.48,0.0672,0.0364,0.0199,432000.0,4562000.0,0
BG_01793,Background_Point,Regional_Background,1.0,Background_Control,0,0,0,0,0.0328,0.0484,0.0,0.0229,77666.0,0.0056,557.6,12.6,4.56,7.42,26.43,-79.69,-6.38,0.1264,0.2198,0.0,664000.0,4276000.0,0
BG_01794,Background_Point,Regional_Background,1.0,Background_Control,0,0,0,0,0.0,0.0091,0.0001,0.1735,100657.8,0.0012,670.7,15.73,-1.42,11.09,33.69,-75.12,-42.25,0.0319,0.0261,0.0915,516000.0,4614000.0,0
BG_01795,Background_Point,Regional_Background,1.0,Background_Control,0,0,0,0,0.0281,0.0015,0.1012,0.2329,35629.8,0.093,335.1,21.11,23.18,18.25,41.46,-73.02,58.09,0.1592,0.0307,0.1355,442000.0,4444000.0,0
BG_01796,Background_Point,Regional_Background,1.0,Background_Control,0,0,0,0,0.0,0.0004,0.0024,0.1759,118395.7,0.0004,463.7,11.1,3.3,-3.13,25.88,-75.46,-43.52,0.1714,0.0844,0.0,178000.0,4430000.0,0
BG_01797,Background_Point,Regional_Background,1.0,Background_Control,0,0,0,0,0.0,0.0,0.0,0.0216,527674.1,0.0,562.4,12.35,2.77,7.21,27.31,-80.28,-100.0,0.152,0.1681,0.0,926000.0,4802000.0,0
BG_01798,Background_Point,Regional_Background,1.0,Background_Control,0,0,0,0,0.0,0.0038,0.0,0.1937,182011.0,0.0,942.3,11.46,0.87,15.18,25.9,-81.23,-97.68,0.0163,0.0189,0.0446,858000.0,4162000.0,0
BG_01799,Background_Point,Regional_Background,1.0,Background_Control,0,0,0,0,0.0,0.007,0.0217,0.1903,108406.6,0.0007,192.2,15.53,3.86,4.06,35.2,-80.83,-31.18,0.1313,0.0216,0.1047,474000.0,4374000.0,0
BG_01800,Background_Point,Regional_Background,1.0,Background_Control,0,0,0,0,0.043,0.0004,0.0,0.0552,205679.4,0.0,254.7,11.25,-6.0,-18.31,24.56,-79.76,-100.0,0.0235,0.0437,0.0343,680000.0,4568000.0,0
BG_01801,Background_Point,Regional_Background,1.0,Background_Control,0,0,0,0,0.0,0.0032,0.0035,0.0108,140228.4,0.0001,951.2,11.94,5.78,19.34,24.11,-83.53,-61.65,0.0739,0.3195,0.0,192000.0,4540000.0,0
BG_01802,Background_Point,Regional_Background,1.0,Background_Control,0,0,0,0,0.0711,0.0154,0.0109,0.2068,64280.6,0.0138,569.8,13.24,10.91,8.48,26.88,-69.84,25.53,0.4182,0.1971,0.1162,374000.0,4116000.0,0
BG_01803,Background_Point,Regional_Background,1.0,Background_Control,0,0,0,0,0.0211,0.0437,0.0001,0.022,94868.3,0.0018,511.1,11.22,8.49,21.21,26.57,-73.6,-21.34,0.0091,0.0546,0.0,650000.0,4290000.0,0
BG_01804,Background_Point,Regional_Background,1.0,Background_Control,0,0,0,0,0.0,0.2246,0.1225,0.0853,40212.9,0.0685,323.0,15.73,-5.85,7.23,31.71,-81.53,43.47,0.0742,0.1692,0.0411,276000.0,4790000.0,0
BG_01805,Background_Point,Regional_Background,1.0,Background_Control,0,0,0,0,0.0278,0.0001,0.0,0.1999,353926.5,0.0,243.7,17.09,11.15,27.59,37.08,-87.54,-100.0,0.0776,0.085,0.0,972000.0,4400000.0,0
BG_01806,Background_Point,Regional_Background,1.0,Background_Control,0,0,0,0,0.0,0.0099,0.0016,0.1894,152126.8,0.0,125.9,22.01,26.5,11.0,43.41,-72.63,-58.21,0.3719,0.0837,0.0314,546000.0,4378000.0,0
BG_01807,Background_Point,Regional_Background,1.0,Background_Control,0,0,0,0,0.0,0.0001,0.0,0.0072,411285.8,0.0,776.5,16.32,0.47,-1.27,34.65,-83.55,-100.0,0.1663,0.1405,0.0,814000.0,4760000.0,0
BG_01808,Background_Point,Regional_Background,1.0,Background_Control,0,0,0,0,0.0,0.0001,0.0,0.0054,410838.2,0.0,776.9,17.23,-7.76,11.35,38.26,-83.31,-100.0,0.0277,0.0718,0.055,812000.0,4762000.0,0
BG_01809,Background_Point,Regional_Background,1.0,Background_Control,0,0,0,0,0.0483,0.0001,0.0,0.0113,383129.2,0.0,582.5,29.9,-2.57,18.28,56.82,-75.6,-100.0,0.2164,0.0575,0.0105,1008000.0,4002000.0,0
BG_01810,Background_Point,Regional_Background,1.0,Background_Control,0,0,0,0,0.0244,0.0003,0.0,0.0017,298904.7,0.0,344.1,13.27,0.4,13.28,28.35,-84.1,-100.0,0.0865,0.0281,0.0382,968000.0,4280000.0,0
BG_01811,Background_Point,Regional_Background,1.0,Background_Control,0,0,0,0,0.0655,0.0051,0.0088,0.1546,98407.3,0.0014,482.7,15.19,12.17,17.08,30.91,-75.68,-5.06,0.2849,0.0751,0.0518,320000.0,4102000.0,0
BG_01812,Background_Point,Regional_Background,1.0,Background_Control,0,0,0,0,0.0,0.0168,0.0001,0.0076,176567.3,0.0,685.9,18.16,10.29,-17.7,40.73,-79.59,-99.86,0.1567,0.0725,0.0,554000.0,4790000.0,0
BG_01813,Background_Point,Regional_Background,1.0,Background_Control,0,0,0,0,0.0,0.0024,0.0002,0.051,80498.4,0.0047,411.1,15.47,7.83,0.36,29.93,-75.33,3.94,0.023,0.0475,0.0355,552000.0,4556000.0,0
BG_01814,Background_Point,Regional_Background,1.0,Background_Control,0,0,0,0,0.0449,0.0004,0.0,0.0835,212640.5,0.0,351.2,13.89,2.33,19.74,27.85,-76.32,-100.0,0.0634,0.1109,0.0794,684000.0,4580000.0,0
BG_01815,Background_Point,Regional_Background,1.0,Background_Control,0,0,0,0,0.034,0.0002,0.0,0.1181,278028.8,0.0,410.7,11.96,7.19,18.45,28.01,-75.94,-100.0,0.1265,0.0291,0.0016,748000.0,4594000.0,0
BG_01816,Background_Point,Regional_Background,1.0,Background_Control,0,0,0,0,0.1975,0.0004,0.0011,0.2446,45251.8,0.049,405.6,13.18,7.07,-2.68,33.01,-66.95,49.48,0.1234,0.3062,0.0829,192000.0,4120000.0,0
BG_01817,Background_Point,Regional_Background,1.0,Background_Control,0,0,0,0,0.0,0.001,0.0001,0.0289,146328.4,0.0001,68.2,11.55,3.14,-5.35,24.86,-81.02,-69.12,0.0566,0.3797,0.0,624000.0,4494000.0,0
BG_01818,Background_Point,Regional_Background,1.0,Background_Control,0,0,0,0,0.034,0.0102,0.0,0.0375,125936.5,0.0002,423.4,14.8,12.61,-16.89,31.81,-74.25,-43.61,0.2146,0.3232,0.0,748000.0,4306000.0,0
BG_01819,Background_Point,Regional_Background,1.0,Background_Control,0,0,0,0,0.0492,0.0308,0.0,0.0217,80050.0,0.0048,564.5,20.73,10.31,12.71,41.9,-80.08,9.85,0.0167,0.1908,0.0501,698000.0,4278000.0,0
BG_01820,Background_Point,Regional_Background,1.0,Background_Control,0,0,0,0,0.0,0.0107,0.0,0.091,166901.2,0.0,1086.4,16.23,2.92,12.98,36.08,-79.1,-100.0,0.1054,0.1827,0.0087,796000.0,4080000.0,0
BG_01821,Background_Point,Regional_Background,1.0,Background_Control,0,0,0,0,0.0013,0.0132,0.0005,0.153,80622.6,0.0046,744.3,16.1,-3.19,-2.89,36.79,-72.21,11.84,0.0728,0.1282,0.0001,470000.0,4600000.0,0
BG_01822,Background_Point,Regional_Background,1.0,Background_Control,0,0,0,0,0.0472,0.003,0.0,0.1882,218229.2,0.0,0.0,18.84,3.3,10.89,39.9,-77.22,-100.0,0.0236,0.0696,0.0984,690000.0,4418000.0,0
BG_01823,Background_Point,Regional_Background,1.0,Background_Control,0,0,0,0,0.0799,0.0149,0.1038,0.3918,8246.2,0.5771,428.0,19.49,6.27,8.14,37.97,-72.55,89.56,0.3596,0.3369,0.3521,372000.0,4182000.0,0
BG_01824,Background_Point,Regional_Background,1.0,Background_Control,0,0,0,0,0.036,0.0079,0.0679,0.0198,92771.6,0.0021,833.0,15.58,-2.64,-11.5,31.05,-72.05,-1.94,0.1495,0.0875,0.0685,354000.0,4538000.0,0
BG_01825,Background_Point,Regional_Background,1.0,Background_Control,0,0,0,0,0.0338,0.0094,0.001,0.0579,159625.2,0.0,221.0,11.32,1.16,19.33,26.54,-75.98,-83.07,0.0094,0.1001,0.0821,120000.0,4820000.0,0
BG_01826,Background_Point,Regional_Background,1.0,Background_Control,0,0,0,0,0.0226,0.0001,0.0,0.1032,290082.7,0.0,359.2,11.92,-3.11,8.66,27.95,-76.38,-100.0,0.0286,0.0213,0.0,762000.0,4588000.0,0
BG_01827,Background_Point,Regional_Background,1.0,Background_Control,0,0,0,0,0.0,0.0076,0.0,0.0016,217347.6,0.0,734.9,15.73,-2.71,17.26,31.53,-75.77,-100.0,0.0158,0.0369,0.0246,594000.0,4782000.0,0
BG_01828,Background_Point,Regional_Background,1.0,Background_Control,0,0,0,0,0.0497,0.065,0.0052,0.2023,143663.0,0.0001,902.4,14.69,-8.19,14.27,31.14,-81.65,-56.02,0.0079,0.2989,0.0131,398000.0,4652000.0,0
BG_01829,Background_Point,Regional_Background,1.0,Background_Control,0,0,0,0,0.0,0.0344,0.0165,0.0392,77666.0,0.0056,345.5,16.04,5.55,17.57,36.32,-81.44,14.07,0.1272,0.0513,0.0141,496000.0,4296000.0,0
BG_01830,Background_Point,Regional_Background,1.0,Background_Control,0,0,0,0,0.0014,0.0004,0.0,0.0544,298690.5,0.0,29.3,15.54,18.14,-0.91,31.85,-76.76,-100.0,0.0228,0.2317,0.0,784000.0,4480000.0,0
BG_01831,Background_Point,Regional_Background,1.0,Background_Control,0,0,0,0,0.0,0.019,0.0001,0.0367,166300.9,0.0,601.0,16.12,-2.97,27.84,34.12,-81.2,-74.74,0.0259,0.0443,0.0,546000.0,4810000.0,0
BG_01832,Background_Point,Regional_Background,1.0,Background_Control,0,0,0,0,0.0,0.003,0.0296,0.2073,75275.8,0.0066,231.1,12.79,-1.26,10.12,29.72,-81.72,2.26,0.0437,0.0514,0.0115,478000.0,4422000.0,0
BG_01833,Background_Point,Regional_Background,1.0,Background_Control,0,0,0,0,0.0189,0.0002,0.0,0.1613,330684.1,0.0,688.1,24.99,11.85,18.95,47.35,-68.76,-100.0,0.0121,0.1297,0.0084,766000.0,4686000.0,0
BG_01834,Background_Point,Regional_Background,1.0,Background_Control,0,0,0,0,0.0382,0.0038,0.0187,0.1293,26276.7,0.1735,554.8,16.54,4.83,18.94,38.22,-78.75,66.63,0.1242,0.0764,0.0833,428000.0,4512000.0,0
BG_01835,Background_Point,Regional_Background,1.0,Background_Control,0,0,0,0,0.0,0.0019,0.0,0.0946,208345.9,0.0,758.6,15.11,9.67,20.26,33.71,-81.86,-100.0,0.0357,0.1713,0.0031,888000.0,4212000.0,0
BG_01836,Background_Point,Regional_Background,1.0,Background_Control,0,0,0,0,0.0,0.0038,0.0018,0.1459,23323.8,0.2112,482.5,11.15,5.73,-12.92,24.82,-85.74,56.25,0.0944,0.0201,0.1528,492000.0,4540000.0,0
BG_01837,Background_Point,Regional_Background,1.0,Background_Control,0,0,0,0,0.0,0.0027,0.0001,0.1434,150585.5,0.0,43.9,14.77,21.53,2.9,32.77,-77.98,-81.01,0.2044,0.0189,0.0,610000.0,4444000.0,0
BG_01838,Background_Point,Regional_Background,1.0,Background_Control,0,0,0,0,0.0,0.0216,0.0075,0.1391,114728.0,0.0005,1055.5,18.3,9.6,15.53,38.01,-75.4,-24.64,0.3132,0.0511,0.0106,284000.0,4600000.0,0
BG_01839,Background_Point,Regional_Background,1.0,Background_Control,0,0,0,0,0.0649,0.0174,0.0037,0.1356,88204.3,0.0028,609.5,14.26,-1.23,30.77,31.21,-78.99,-1.0,0.039,0.1167,0.0702,386000.0,4092000.0,0
BG_01840,Background_Point,Regional_Background,1.0,Background_Control,0,0,0,0,0.0054,0.0181,0.0,0.1977,105622.0,0.0009,1066.6,15.73,1.15,19.13,34.71,-84.54,-17.85,0.1743,0.0279,0.0343,780000.0,4166000.0,0
BG_01841,Background_Point,Regional_Background,1.0,Background_Control,0,0,0,0,0.0,0.0138,0.0001,0.145,186096.7,0.0,751.8,11.53,1.74,-11.99,28.4,-80.99,-100.0,0.1142,0.1185,0.0063,546000.0,4694000.0,0
BG_01842,Background_Point,Regional_Background,1.0,Background_Control,0,0,0,0,0.0,0.2025,0.0036,0.3089,6226.2,0.6603,709.5,17.69,-0.78,16.22,36.19,-80.39,96.27,0.428,0.3252,0.2552,550000.0,4224000.0,0
BG_01843,Background_Point,Regional_Background,1.0,Background_Control,0,0,0,0,0.0,0.0004,0.0022,0.3191,12507.7,0.4344,291.8,11.19,-1.27,-29.24,27.84,-81.79,77.84,0.2318,0.1228,0.3091,240000.0,4344000.0,0
BG_01844,Background_Point,Regional_Background,1.0,Background_Control,0,0,0,0,0.0,0.0005,0.0031,0.3644,3963.2,0.7678,228.7,15.4,1.43,14.92,34.66,-79.12,86.48,0.4512,0.0722,0.355,244000.0,4336000.0,0
BG_01845,Background_Point,Regional_Background,1.0,Background_Control,0,0,0,0,0.0391,0.0065,0.0426,0.1669,72691.1,0.0079,232.1,13.4,10.02,-5.16,31.38,-72.82,1.02,0.1248,0.2145,0.1506,430000.0,4352000.0,0
BG_01846,Background_Point,Regional_Background,1.0,Background_Control,0,0,0,0,0.0295,0.0,0.0,0.0594,472584.4,0.0,728.3,11.21,-6.23,18.7,27.28,-81.97,-100.0,0.1078,0.0642,0.0311,974000.0,4570000.0,0
BG_01847,Background_Point,Regional_Background,1.0,Background_Control,0,0,0,0,0.0189,0.0002,0.0,0.0564,386000.0,0.0,721.6,15.39,2.43,-4.71,29.6,-82.24,-100.0,0.0161,0.0569,0.0684,766000.0,4820000.0,0
BG_01848,Background_Point,Regional_Background,1.0,Background_Control,0,0,0,0,0.043,0.0013,0.0,0.0355,300166.6,0.0,786.5,13.38,1.22,-0.17,30.35,-80.98,-100.0,0.1267,0.1524,0.0,680000.0,4810000.0,0
BG_01849,Background_Point,Regional_Background,1.0,Background_Control,0,0,0,0,0.0,0.0462,0.0217,0.2036,98938.1,0.0014,990.5,17.72,4.43,17.47,35.63,-75.37,-27.09,0.0667,0.0534,0.0232,302000.0,4634000.0,0
BG_01850,Background_Point,Regional_Background,1.0,Background_Control,0,0,0,0,0.0,0.0055,0.0,0.0004,233803.3,0.0,760.3,13.97,-0.21,-9.23,26.86,-83.42,-100.0,0.1221,0.1992,0.0,610000.0,4778000.0,0
BG_01851,Background_Point,Regional_Background,1.0,Background_Control,0,0,0,0,0.5515,0.0005,0.0037,0.4045,7098.3,0.623,323.3,17.98,8.12,23.25,35.63,-49.2,148.75,0.4145,0.4069,0.5487,196000.0,4180000.0,0
BG_01852,Background_Point,Regional_Background,1.0,Background_Control,0,0,0,0,0.2406,0.0002,0.0015,0.1463,49869.2,0.036,298.8,15.2,-3.9,8.71,29.12,-69.28,75.89,0.0136,0.1265,0.0192,168000.0,4214000.0,0
BG_01853,Background_Point,Regional_Background,1.0,Background_Control,0,0,0,0,0.0,0.0,0.0,0.1444,450923.5,0.0,751.5,12.82,-7.62,8.16,28.47,-82.56,-100.0,0.0439,0.0569,0.0,896000.0,4694000.0,0
BG_01854,Background_Point,Regional_Background,1.0,Background_Control,0,0,0,0,0.0014,0.0169,0.0,0.2052,113719.0,0.0005,1089.9,11.12,7.76,-5.91,25.21,-80.96,-19.5,0.003,0.2107,0.0,784000.0,4154000.0,0
BG_01855,Background_Point,Regional_Background,1.0,Background_Control,0,0,0,0,0.0,0.0014,0.0002,0.006,186084.5,0.0,505.8,17.94,23.89,12.24,37.22,-78.16,-100.0,0.1316,0.2562,0.0142,284000.0,4008000.0,0
BG_01856,Background_Point,Regional_Background,1.0,Background_Control,0,0,0,0,0.0,0.0001,0.0,0.1959,350462.6,0.0,623.7,12.74,2.63,10.56,26.16,-88.01,-100.0,0.0205,0.0572,0.0201,810000.0,4638000.0,0
BG_01857,Background_Point,Regional_Background,1.0,Background_Control,0,0,0,0,0.0,0.0056,0.0499,0.0057,143367.5,0.0001,935.4,11.87,-8.79,22.7,24.56,-83.36,-65.46,0.3045,0.014,0.0483,268000.0,4534000.0,0
BG_01858,Background_Point,Regional_Background,1.0,Background_Control,0,0,0,0,0.023,0.2233,0.1242,0.1512,64205.1,0.0138,760.3,12.53,5.08,-5.12,28.17,-66.05,30.72,0.5649,0.1745,0.1636,338000.0,4706000.0,0
BG_01859,Background_Point,Regional_Background,1.0,Background_Control,0,0,0,0,0.0015,0.0002,0.0,0.1728,312921.7,0.0,202.2,14.62,1.83,23.71,32.1,-79.51,-100.0,0.2135,0.0131,0.0319,944000.0,4368000.0,0
BG_01860,Background_Point,Regional_Background,1.0,Background_Control,0,0,0,0,0.0,0.003,0.0,0.0069,234776.5,0.0,857.0,13.81,8.16,-0.16,26.66,-76.1,-100.0,0.0383,0.2257,0.0,848000.0,4036000.0,0
BG_01861,Background_Point,Regional_Background,1.0,Background_Control,0,0,0,0,0.0584,0.0078,0.0661,0.1273,34705.4,0.0989,258.4,13.82,16.36,2.62,32.79,-76.72,62.5,0.069,0.1098,0.0563,394000.0,4306000.0,0
BG_01862,Background_Point,Regional_Background,1.0,Background_Control,0,0,0,0,0.0,0.0375,0.0007,0.0616,95036.8,0.0018,328.6,13.09,1.35,-0.97,27.64,-82.95,-4.76,0.1304,0.0556,0.0298,574000.0,4314000.0,0
BG_01863,Background_Point,Regional_Background,1.0,Background_Control,0,0,0,0,0.03,0.0441,0.2244,0.1465,34491.9,0.1003,468.2,22.3,-6.4,5.3,42.85,-74.81,58.32,0.1351,0.1051,0.1037,446000.0,4230000.0,0
BG_01864,Background_Point,Regional_Background,1.0,Background_Control,0,0,0,0,0.0,0.0001,0.0,0.0476,446017.9,0.0,678.3,13.85,0.39,13.77,34.91,-72.22,-100.0,0.0188,0.0069,0.0047,826000.0,4816000.0,0
BG_01865,Background_Point,Regional_Background,1.0,Background_Control,0,0,0,0,0.0,0.0184,0.0002,0.2039,129553.1,0.0002,724.9,15.87,-17.37,2.98,34.13,-80.58,-58.76,0.0084,0.0552,0.0494,500000.0,4648000.0,0
BG_01866,Background_Point,Regional_Background,1.0,Background_Control,0,0,0,0,0.0,0.0025,0.0016,0.0105,143178.2,0.0001,922.4,15.21,-4.24,-6.03,28.67,-77.07,-77.26,0.0446,0.037,0.0,170000.0,4540000.0,0
BG_01867,Background_Point,Regional_Background,1.0,Background_Control,0,0,0,0,0.0153,0.0005,0.0,0.1521,293462.1,0.0,779.6,11.87,11.11,-0.33,27.09,-76.81,-100.0,0.0234,0.154,0.0,958000.0,4106000.0,0
BG_01868,Background_Point,Regional_Background,1.0,Background_Control,0,0,0,0,0.0449,0.1012,0.0,0.3874,4472.1,0.7422,1006.6,11.32,3.81,9.09,26.16,-76.1,79.42,0.5101,0.1393,0.3257,684000.0,4198000.0,0
BG_01869,Background_Point,Regional_Background,1.0,Background_Control,0,0,0,0,0.0325,0.011,0.0,0.025,120432.6,0.0003,443.2,18.02,5.79,23.45,36.17,-77.58,-31.86,0.0461,0.334,0.0,750000.0,4298000.0,0
BG_01870,Background_Point,Regional_Background,1.0,Background_Control,0,0,0,0,0.0,0.0084,0.0101,0.0556,122196.6,0.0003,976.5,12.54,-4.05,-1.69,30.16,-84.76,-39.01,0.054,0.0453,0.0359,244000.0,4566000.0,0
BG_01871,Background_Point,Regional_Background,1.0,Background_Control,0,0,0,0,0.0,0.0581,0.2323,0.2952,12278.4,0.4411,756.2,17.52,6.47,16.07,36.4,-78.2,67.72,0.384,0.0482,0.4094,224000.0,4714000.0,0
BG_01872,Background_Point,Regional_Background,1.0,Background_Control,0,0,0,0,0.0492,0.0,0.0,0.0363,575694.4,0.0,687.1,15.63,-0.27,29.66,34.58,-76.41,-100.0,0.0383,0.1708,0.0348,1012000.0,4740000.0,0
BG_01873,Background_Point,Regional_Background,1.0,Background_Control,0,0,0,0,0.0,0.4174,0.4846,0.2715,3175.3,0.8092,499.6,13.69,9.69,10.47,26.23,-71.22,73.29,0.6941,0.3102,0.5702,308000.0,4768000.0,0
BG_01874,Background_Point,Regional_Background,1.0,Background_Control,0,0,0,0,0.0,0.0012,0.0,0.1714,235031.9,0.0,786.6,11.53,4.65,-2.08,27.8,-83.84,-100.0,0.0427,0.0535,0.0,914000.0,4178000.0,0
BG_01875,Background_Point,Regional_Background,1.0,Background_Control,0,0,0,0,0.0275,0.0054,0.0022,0.2181,81412.5,0.0044,948.0,14.0,0.81,1.75,26.09,-79.87,1.42,0.1291,0.0505,0.0,128000.0,4642000.0,0
BG_01876,Background_Point,Regional_Background,1.0,Background_Control,0,0,0,0,0.0,0.0014,0.0004,0.005,160112.5,0.0,498.1,13.77,8.22,8.61,31.37,-77.72,-73.55,0.0493,0.0278,0.0,274000.0,4032000.0,0
BG_01877,Background_Point,Regional_Background,1.0,Background_Control,0,0,0,0,0.0779,0.0001,0.0001,0.1225,71470.3,0.0085,525.2,12.06,-5.36,3.59,25.6,-69.8,34.15,0.0123,0.3994,0.0295,128000.0,4082000.0,0
BG_01878,Background_Point,Regional_Background,1.0,Background_Control,0,0,0,0,0.0,0.0023,0.0,0.0364,263064.7,0.0,656.3,16.11,2.38,19.43,33.8,-73.88,-100.0,0.1146,0.0386,0.0,836000.0,3986000.0,0
BG_01879,Background_Point,Regional_Background,1.0,Background_Control,0,0,0,0,0.0694,0.0149,0.0081,0.1833,72249.6,0.0081,576.2,12.13,9.61,8.05,28.73,-76.32,27.04,0.2913,0.1452,0.0575,374000.0,4108000.0,0
BG_01880,Background_Point,Regional_Background,1.0,Background_Control,0,0,0,0,0.0,0.0719,0.0097,0.0995,103159.2,0.001,61.4,14.33,17.82,-2.07,31.17,-84.76,-31.1,0.0111,0.2272,0.0182,230000.0,4834000.0,0
BG_01881,Background_Point,Regional_Background,1.0,Background_Control,0,0,0,0,0.0,0.0,0.0,0.0443,481202.7,0.0,715.4,14.47,7.51,0.81,32.51,-76.92,-100.0,0.2271,0.1413,0.0238,910000.0,4736000.0,0
BG_01882,Background_Point,Regional_Background,1.0,Background_Control,0,0,0,0,0.0,0.0033,0.0195,0.0021,156175.8,0.0,890.8,45.0,19.89,26.66,88.4,-85.39,-66.72,0.0517,0.0322,0.0807,230000.0,4520000.0,0
BG_01883,Background_Point,Regional_Background,1.0,Background_Control,0,0,0,0,0.0394,0.0407,0.0,0.2192,82073.1,0.0042,1169.9,20.84,12.7,-7.25,43.16,-78.99,13.93,0.0806,0.4695,0.0279,740000.0,4144000.0,0
BG_01884,Background_Point,Regional_Background,1.0,Background_Control,0,0,0,0,0.0277,0.0011,0.0906,0.3899,13392.9,0.4095,382.6,14.75,-11.8,-0.51,30.66,-75.6,56.16,0.2494,0.0284,0.3067,338000.0,4390000.0,0
BG_01885,Background_Point,Regional_Background,1.0,Background_Control,0,0,0,0,0.0,0.0095,0.0,0.0119,120830.5,0.0003,634.0,16.8,-2.54,10.13,33.4,-82.63,-36.0,0.0334,0.0398,0.0,786000.0,4258000.0,0
BG_01886,Background_Point,Regional_Background,1.0,Background_Control,0,0,0,0,0.0407,0.0001,0.0,0.0326,375558.3,0.0,581.1,16.44,1.6,14.44,34.06,-83.88,-100.0,0.0285,0.0553,0.0427,990000.0,3988000.0,0
BG_01887,Background_Point,Regional_Background,1.0,Background_Control,0,0,0,0,0.0396,0.0189,0.0001,0.0035,134164.1,0.0001,650.2,12.37,10.83,-0.84,23.37,-76.59,-36.25,0.005,0.0972,0.0231,430000.0,4020000.0,0
BG_01888,Background_Point,Regional_Background,1.0,Background_Control,0,0,0,0,0.0172,0.0003,0.0,0.033,299392.7,0.0,299.2,23.4,11.46,24.32,48.74,-77.76,-100.0,0.0983,0.0649,0.0779,960000.0,4306000.0,0
BG_01889,Background_Point,Regional_Background,1.0,Background_Control,0,0,0,0,0.0,0.1065,0.0011,0.0671,46518.8,0.045,611.5,14.23,11.61,1.71,32.74,-79.19,0.37,0.1661,0.1157,0.0914,580000.0,4262000.0,0
BG_01890,Background_Point,Regional_Background,1.0,Background_Control,0,0,0,0,0.0193,0.0371,0.0003,0.0256,102528.0,0.0011,704.0,13.35,16.36,16.82,27.39,-75.48,-10.45,0.0041,0.0397,0.0134,454000.0,4044000.0,0
BG_01891,Background_Point,Regional_Background,1.0,Background_Control,0,0,0,0,0.0,0.0006,0.0001,0.023,180492.0,0.0,485.4,19.41,10.25,-0.47,40.49,-83.85,-89.27,0.0057,0.106,0.0,242000.0,3994000.0,0
BG_01892,Background_Point,Regional_Background,1.0,Background_Control,0,0,0,0,0.0,0.006,0.0005,0.2001,150333.0,0.0,38.8,20.48,-1.77,1.92,38.41,-86.16,-73.88,0.0276,0.1787,0.0109,578000.0,4406000.0,0
BG_01893,Background_Point,Regional_Background,1.0,Background_Control,0,0,0,0,0.0824,0.0008,0.0195,0.0583,49459.6,0.037,171.2,27.07,16.48,18.1,53.97,-78.18,57.36,0.0361,0.0431,0.0672,244000.0,4268000.0,0
BG_01894,Background_Point,Regional_Background,1.0,Background_Control,0,0,0,0,0.0,0.0005,0.0256,0.2656,44773.4,0.0505,400.7,12.93,-3.43,-14.13,25.07,-82.75,33.72,0.0546,0.1847,0.0,266000.0,4406000.0,0
BG_01895,Background_Point,Regional_Background,1.0,Background_Control,0,0,0,0,0.0341,0.0001,0.0,0.0096,144679.0,0.0001,518.4,16.77,5.41,-4.05,31.93,-73.95,-56.32,0.043,0.0238,0.0,136000.0,4006000.0,0
BG_01896,Background_Point,Regional_Background,1.0,Background_Control,0,0,0,0,0.0,0.0015,0.0,0.0025,213803.6,0.0,529.3,13.37,15.91,-2.86,29.01,-76.31,-100.0,0.364,0.0141,0.0,884000.0,4264000.0,0
BG_01897,Background_Point,Regional_Background,1.0,Background_Control,0,0,0,0,0.0212,0.3823,0.2949,0.1254,40880.6,0.0655,657.1,12.88,-1.16,11.44,27.3,-75.46,42.7,0.1782,0.3046,0.2099,336000.0,4734000.0,0
BG_01898,Background_Point,Regional_Background,1.0,Background_Control,0,0,0,0,0.0,0.0387,0.0518,0.237,62468.1,0.0155,1006.1,13.98,-12.96,6.49,30.89,-85.34,27.21,0.0517,0.2848,0.1026,258000.0,4646000.0,0
BG_01899,Background_Point,Regional_Background,1.0,Background_Control,0,0,0,0,0.0,0.0311,0.0,0.0443,97406.4,0.0015,604.3,13.48,4.43,-0.27,24.9,-75.86,-29.73,0.0043,0.3348,0.113,518000.0,3988000.0,0
BG_01900,Background_Point,Regional_Background,1.0,Background_Control,0,0,0,0,0.0,0.0004,0.0014,0.1579,134631.3,0.0001,523.8,12.72,4.96,-15.41,28.22,-70.82,-44.54,0.0913,0.0993,0.0,162000.0,4438000.0,0
BG_01901,Background_Point,Regional_Background,1.0,Background_Control,0,0,0,0,0.0,0.0009,0.0,0.1829,252356.9,0.0,0.0,13.94,10.45,-3.11,31.12,-84.71,-100.0,0.2313,0.0616,0.0892,800000.0,4422000.0,0
BG_01902,Background_Point,Regional_Background,1.0,Background_Control,0,0,0,0,0.0471,0.0,0.0,0.1131,508566.6,0.0,827.3,22.41,5.47,36.51,44.47,-77.9,-100.0,0.0811,0.0563,0.0086,1004000.0,4592000.0,0
BG_01903,Background_Point,Regional_Background,1.0,Background_Control,0,0,0,0,0.0035,0.0005,0.0,0.013,271035.1,0.0,457.0,20.36,-7.98,23.83,38.28,-80.09,-100.0,0.1797,0.0974,0.0156,946000.0,4252000.0,0
BG_01904,Background_Point,Regional_Background,1.0,Background_Control,0,0,0,0,0.016,0.0237,0.059,0.091,39849.7,0.0702,317.3,12.25,-1.59,-0.97,29.76,-80.37,49.86,0.0542,0.0469,0.1522,458000.0,4292000.0,0
BG_01905,Background_Point,Regional_Background,1.0,Background_Control,0,0,0,0,0.0,0.0001,0.0,0.0098,346236.9,0.0,211.9,11.48,0.49,-2.86,26.06,-83.49,-100.0,0.0103,0.0316,0.0014,842000.0,4506000.0,0
BG_01906,Background_Point,Regional_Background,1.0,Background_Control,0,0,0,0,0.0,0.0037,0.0,0.0237,168807.6,0.0,375.5,14.67,14.87,-12.37,30.72,-81.46,-87.15,0.099,0.0123,0.001,816000.0,4300000.0,0
BG_01907,Background_Point,Regional_Background,1.0,Background_Control,0,0,0,0,0.05,0.0038,0.0,0.2004,199970.0,0.0,13.2,24.15,-4.52,36.32,48.11,-77.66,-92.9,0.0101,0.1227,0.0,708000.0,4398000.0,0
BG_01908,Background_Point,Regional_Background,1.0,Background_Control,0,0,0,0,0.0,0.0007,0.0,0.08,282651.7,0.0,805.0,11.65,6.23,1.31,25.7,-77.6,-100.0,0.0667,0.0722,0.0,934000.0,4076000.0,0
BG_01909,Background_Point,Regional_Background,1.0,Background_Control,0,0,0,0,0.0369,0.0002,0.0,0.0016,356387.4,0.0,621.3,19.08,13.85,14.69,40.35,-81.86,-100.0,0.0196,0.2641,0.0027,984000.0,4014000.0,0
BG_01910,Background_Point,Regional_Background,1.0,Background_Control,0,0,0,0,0.0,0.0289,0.0,0.0429,101133.6,0.0012,653.3,11.38,-7.62,7.55,24.68,-75.8,-21.84,0.0138,0.2378,0.0,508000.0,3988000.0,0
BG_01911,Background_Point,Regional_Background,1.0,Background_Control,0,0,0,0,0.0499,0.0004,0.0,0.1705,244499.5,0.0,470.3,12.31,-24.73,4.83,25.31,-80.46,-100.0,0.0747,0.0548,0.0018,704000.0,4618000.0,0
BG_01912,Background_Point,Regional_Background,1.0,Background_Control,0,0,0,0,0.0,0.4384,0.0022,0.2439,54248.9,0.0269,901.6,11.74,-0.34,15.61,29.04,-76.32,35.35,0.022,0.3242,0.0337,540000.0,4160000.0,0
BG_01913,Background_Point,Regional_Background,1.0,Background_Control,0,0,0,0,0.0,0.0122,0.0001,0.18,168617.9,0.0,748.0,30.96,1.94,9.23,62.85,-83.89,-63.08,0.0281,0.0441,0.0678,544000.0,4676000.0,0
BG_01914,Background_Point,Regional_Background,1.0,Background_Control,0,0,0,0,0.0,0.0004,0.0001,0.0036,151168.8,0.0,490.6,16.98,5.17,1.4,35.06,-74.84,-67.18,0.0238,0.0346,0.0,216000.0,4014000.0,0
BG_01915,Background_Point,Regional_Background,1.0,Background_Control,0,0,0,0,0.0,0.0003,0.0,0.1996,291382.9,0.0,159.7,14.29,5.11,2.26,26.6,-82.7,-100.0,0.3628,0.0003,0.0,890000.0,4402000.0,0
BG_01916,Background_Point,Regional_Background,1.0,Background_Control,0,0,0,0,0.0,0.0,0.0,0.0137,459969.6,0.0,715.4,14.85,15.91,8.53,31.5,-81.61,-100.0,0.0009,0.1551,0.0087,876000.0,4754000.0,0
BG_01917,Background_Point,Regional_Background,1.0,Background_Control,0,0,0,0,0.0,0.8657,0.0004,0.3347,23966.8,0.2023,1048.7,13.15,-9.89,10.74,30.6,-80.38,49.48,0.0895,0.813,0.1325,584000.0,4144000.0,0
BG_01918,Background_Point,Regional_Background,1.0,Background_Control,0,0,0,0,0.0,0.0014,0.0,0.0895,222441.0,0.0,676.5,11.39,8.96,-16.69,23.88,-76.72,-100.0,0.1987,0.0438,0.0277,902000.0,4214000.0,0
BG_01919,Background_Point,Regional_Background,1.0,Background_Control,0,0,0,0,0.0,0.0296,0.0659,0.4003,6320.1,0.6562,856.7,12.4,1.9,2.59,28.79,-81.35,89.59,0.4537,0.0424,0.403,200000.0,4688000.0,0
BG_01920,Background_Point,Regional_Background,1.0,Background_Control,0,0,0,0,0.0,0.1386,0.665,0.2911,10010.1,0.5131,700.4,12.09,5.33,3.97,24.85,-63.07,69.62,0.5487,0.1383,0.492,270000.0,4722000.0,0
BG_01921,Background_Point,Regional_Background,1.0,Background_Control,0,0,0,0,0.0,0.0,0.0,0.0443,472288.0,0.0,724.3,24.71,-11.67,2.57,49.04,-77.4,-100.0,0.0295,0.1923,0.065,900000.0,4736000.0,0
BG_01922,Background_Point,Regional_Background,1.0,Background_Control,0,0,0,0,0.0,0.0215,0.0095,0.0102,101585.8,0.0011,433.7,13.13,-6.15,0.44,30.46,-86.33,-40.92,0.2026,0.0387,0.0245,158000.0,4776000.0,0
BG_01923,Background_Point,Regional_Background,1.0,Background_Control,0,0,0,0,0.0153,0.0005,0.0,0.1985,284401.1,0.0,711.3,18.12,-10.97,11.22,36.76,-74.18,-100.0,0.2572,0.2906,0.0082,958000.0,4140000.0,0
BG_01924,Background_Point,Regional_Background,1.0,Background_Control,0,0,0,0,0.0578,0.0136,0.2348,0.2695,3253.3,0.805,310.7,18.17,-10.56,-12.67,36.85,-66.34,98.63,0.5802,0.086,0.5229,406000.0,4276000.0,0
BG_01925,Background_Point,Regional_Background,1.0,Background_Control,0,0,0,0,0.0,0.0001,0.0,0.1321,336879.8,0.0,199.6,12.55,-0.72,13.83,28.97,-81.24,-100.0,0.024,0.1698,0.1052,908000.0,4448000.0,0
BG_01926,Background_Point,Regional_Background,1.0,Background_Control,0,0,0,0,0.0,0.0002,0.0041,0.2415,55096.1,0.0254,363.2,14.45,9.45,14.3,29.55,-84.56,38.14,0.0533,0.0427,0.0226,222000.0,4384000.0,0
BG_01927,Background_Point,Regional_Background,1.0,Background_Control,0,0,0,0,0.0,0.0054,0.0,0.0565,228000.0,0.0,682.9,15.27,4.69,16.63,32.3,-80.8,-100.0,0.2175,0.166,0.0,608000.0,4820000.0,0
BG_01928,Background_Point,Regional_Background,1.0,Background_Control,0,0,0,0,0.0,0.004,0.0,0.1526,174413.3,0.0,879.5,11.58,7.25,-4.71,26.44,-84.36,-100.0,0.001,0.2534,0.0215,854000.0,4188000.0,0
BG_01929,Background_Point,Regional_Background,1.0,Background_Control,0,0,0,0,0.0312,0.0004,0.0,0.0052,182701.9,0.0,147.1,12.67,11.0,-16.33,26.76,-71.98,-92.31,0.0527,0.1068,0.0904,662000.0,4536000.0,0
BG_01930,Background_Point,Regional_Background,1.0,Background_Control,0,0,0,0,0.0456,0.0003,0.0,0.0002,248072.6,0.0,127.7,11.19,14.48,22.54,29.22,-82.44,-100.0,0.0387,0.294,0.0,728000.0,4526000.0,0
BG_01931,Background_Point,Regional_Background,1.0,Background_Control,0,0,0,0,0.0095,0.0,0.0,0.0005,419981.0,0.0,513.9,17.91,9.37,1.4,36.78,-81.77,-100.0,0.0917,0.0351,0.0561,952000.0,4520000.0,0
BG_01932,Background_Point,Regional_Background,1.0,Background_Control,0,0,0,0,0.0,0.0539,0.0003,0.031,86093.0,0.0032,437.8,22.99,6.86,8.16,42.68,-82.66,-13.48,0.0639,0.0637,0.0,604000.0,4294000.0,0
BG_01933,Background_Point,Regional_Background,1.0,Background_Control,0,0,0,0,0.0784,0.0103,0.0266,0.2402,55569.8,0.0246,505.7,16.29,-6.49,-17.53,34.42,-67.58,39.84,0.0342,0.0663,0.0668,352000.0,4132000.0,0
BG_01934,Background_Point,Regional_Background,1.0,Background_Control,0,0,0,0,0.7791,0.0008,0.0126,0.4402,1616.2,0.8979,317.4,17.96,4.28,27.88,39.11,-37.33,186.9,0.6841,0.6427,0.8115,226000.0,4186000.0,0
BG_01935,Background_Point,Regional_Background,1.0,Background_Control,0,0,0,0,0.0,0.0,0.0,0.0363,425318.7,0.0,740.7,13.4,3.39,10.71,29.63,-79.36,-100.0,0.1006,0.094,0.0173,844000.0,4740000.0,0
BG_01936,Background_Point,Regional_Background,1.0,Background_Control,0,0,0,0,0.0,0.0321,0.0014,0.0731,100179.8,0.0013,295.8,12.84,12.71,-9.5,25.17,-77.91,-11.56,0.0184,0.0618,0.0459,554000.0,4320000.0,0
BG_01937,Background_Point,Regional_Background,1.0,Background_Control,0,0,0,0,0.0,0.0,0.0,0.0656,551376.5,0.0,449.4,21.29,14.51,22.19,50.13,-84.51,-100.0,0.0228,0.041,0.0,940000.0,4824000.0,0
BG_01938,Background_Point,Regional_Background,1.0,Background_Control,0,0,0,0,0.0,0.0022,0.0,0.1914,217568.4,0.0,922.9,11.8,0.74,3.82,29.34,-83.31,-100.0,0.1679,0.0861,0.0698,886000.0,4130000.0,0
BG_01939,Background_Point,Regional_Background,1.0,Background_Control,0,0,0,0,0.0,0.0849,0.0,0.0298,70767.2,0.0089,876.3,13.4,-3.36,13.84,30.7,-75.8,-4.56,0.0151,0.0595,0.0,598000.0,4028000.0,0
BG_01940,Background_Point,Regional_Background,1.0,Background_Control,0,0,0,0,0.0,0.0003,0.0034,0.2279,70002.2,0.0094,356.5,11.43,14.31,16.75,26.79,-76.34,3.77,0.1261,0.0757,0.0,208000.0,4392000.0,0
BG_01941,Background_Point,Regional_Background,1.0,Background_Control,0,0,0,0,0.0054,0.0067,0.0,0.014,214790.2,0.0,777.0,17.34,11.89,18.79,36.72,-71.35,-100.0,0.019,0.0288,0.0,780000.0,4000000.0,0
BG_01942,Background_Point,Regional_Background,1.0,Background_Control,0,0,0,0,0.0,0.0,0.0,0.111,416806.9,0.0,753.2,12.66,8.82,16.76,26.37,-88.12,-100.0,0.0855,0.0213,0.0,852000.0,4708000.0,0
BG_01943,Background_Point,Regional_Background,1.0,Background_Control,0,0,0,0,0.0492,0.2034,0.0333,0.1255,90864.3,0.0023,765.7,15.12,-8.84,25.39,32.76,-80.7,-15.94,0.0771,0.3819,0.0,384000.0,4708000.0,0
BG_01944,Background_Point,Regional_Background,1.0,Background_Control,0,0,0,0,0.0437,0.0114,0.0523,0.1461,32557.6,0.1141,258.8,17.75,-6.68,-9.39,39.93,-72.93,45.57,0.2102,0.1573,0.123,426000.0,4312000.0,0
BG_01945,Background_Point,Regional_Background,1.0,Background_Control,0,0,0,0,0.0,0.0007,0.0,0.0039,134238.6,0.0001,204.8,12.16,9.87,29.9,24.53,-76.14,-45.08,0.0485,0.341,0.0327,614000.0,4528000.0,0
BG_01946,Background_Point,Regional_Background,1.0,Background_Control,0,0,0,0,0.0092,0.0002,0.0,0.0039,130230.6,0.0002,514.8,24.24,17.88,17.15,44.76,-76.19,-45.71,0.2413,0.0691,0.015,174000.0,4022000.0,0
BG_01947,Background_Point,Regional_Background,1.0,Background_Control,0,0,0,0,0.0,0.0,0.0,0.0216,466806.2,0.0,682.1,15.46,8.11,19.75,33.56,-78.98,-100.0,0.1534,0.0188,0.0782,852000.0,4802000.0,0
BG_01948,Background_Point,Regional_Background,1.0,Background_Control,0,0,0,0,0.0371,0.2177,0.0741,0.144,76850.0,0.006,807.4,15.88,-5.77,20.01,31.5,-79.18,0.4,0.1815,0.2533,0.0,356000.0,4704000.0,0
BG_01949,Background_Point,Regional_Background,1.0,Background_Control,0,0,0,0,0.0,0.0455,0.0006,0.0735,149036.9,0.0,716.6,21.69,-2.7,7.56,42.11,-77.33,-83.22,0.0329,0.1403,0.0,494000.0,4724000.0,0
BG_01950,Background_Point,Regional_Background,1.0,Background_Control,0,0,0,0,0.0276,0.1521,0.0035,0.0528,65146.0,0.013,487.5,15.48,-7.63,10.96,31.31,-76.4,16.41,0.0663,0.3253,0.0651,442000.0,4800000.0,0
BG_01951,Background_Point,Regional_Background,1.0,Background_Control,0,0,0,0,0.0,0.0006,0.0,0.0027,304867.2,0.0,685.6,13.12,-0.61,26.8,27.54,-81.18,-100.0,0.0229,0.0391,0.0149,920000.0,4012000.0,0
BG_01952,Background_Point,Regional_Background,1.0,Background_Control,0,0,0,0,0.0,0.0043,0.0,0.1919,175727.1,0.0,947.4,13.57,11.83,-6.16,26.41,-80.77,-93.38,0.1706,0.0189,0.0,852000.0,4164000.0,0
BG_01953,Background_Point,Regional_Background,1.0,Background_Control,0,0,0,0,0.0246,0.0015,0.0,0.1918,227138.7,0.0,637.9,16.63,8.21,-12.38,34.55,-79.81,-100.0,0.1028,0.1243,0.0,654000.0,4666000.0,0
BG_01954,Background_Point,Regional_Background,1.0,Background_Control,0,0,0,0,0.0341,0.0,0.0,0.1943,513279.7,0.0,849.3,11.09,-2.84,-0.58,18.88,-75.43,-100.0,0.0007,0.0595,0.0,980000.0,4636000.0,0
BG_01955,Background_Point,Regional_Background,1.0,Background_Control,0,0,0,0,0.0,0.0001,0.0,0.0635,357994.4,0.0,260.1,17.99,0.27,2.87,38.33,-79.82,-100.0,0.085,0.2931,0.0088,908000.0,4476000.0,0
BG_01956,Background_Point,Regional_Background,1.0,Background_Control,0,0,0,0,0.0,0.0001,0.0,0.1819,342566.8,0.0,695.2,13.68,15.32,-2.9,31.03,-80.78,-100.0,0.0048,0.1054,0.0,786000.0,4674000.0,0
BG_01957,Background_Point,Regional_Background,1.0,Background_Control,0,0,0,0,0.0688,0.0116,0.0081,0.17,78102.5,0.0055,540.0,13.59,16.36,7.22,28.23,-73.23,21.14,0.0502,0.1164,0.0,362000.0,4104000.0,0
BG_01958,Background_Point,Regional_Background,1.0,Background_Control,0,0,0,0,0.0228,0.0059,0.0,0.2003,197989.9,0.0,40.8,12.98,-2.05,5.32,28.33,-72.92,-100.0,0.2254,0.0728,0.0,652000.0,4396000.0,0
BG_01959,Background_Point,Regional_Background,1.0,Background_Control,0,0,0,0,0.0,0.087,0.0001,0.0683,46690.5,0.0445,839.0,13.44,-2.34,19.91,29.98,-78.91,30.31,0.023,0.0803,0.1052,542000.0,4034000.0,0
BG_01960,Background_Point,Regional_Background,1.0,Background_Control,0,0,0,0,0.0135,0.0013,0.0,0.06,167355.9,0.0,28.1,13.88,6.01,9.41,33.4,-78.42,-85.08,0.0097,0.0508,0.0,642000.0,4478000.0,0
BG_01961,Background_Point,Regional_Background,1.0,Background_Control,0,0,0,0,0.0,0.0009,0.0385,0.1641,84059.0,0.0037,572.7,13.79,0.62,-2.49,29.13,-80.64,-14.96,0.1883,0.0756,0.0,248000.0,4442000.0,0
BG_01962,Background_Point,Regional_Background,1.0,Background_Control,0,0,0,0,0.0,0.0003,0.0,0.1968,293972.8,0.0,159.0,14.06,2.89,8.29,31.81,-82.98,-100.0,0.0314,0.2522,0.01,906000.0,4388000.0,0
BG_01963,Background_Point,Regional_Background,1.0,Background_Control,0,0,0,0,0.0,0.0786,0.0175,0.0625,90173.0,0.0025,184.4,11.49,-6.3,18.38,25.6,-80.72,-7.09,0.011,0.1163,0.0,228000.0,4816000.0,0
BG_01964,Background_Point,Regional_Background,1.0,Background_Control,0,0,0,0,0.0034,0.0001,0.0,0.1917,335440.0,0.0,671.3,11.73,-4.22,33.47,23.71,-80.98,-100.0,0.0965,0.0654,0.0111,782000.0,4666000.0,0
BG_01965,Background_Point,Regional_Background,1.0,Background_Control,0,0,0,0,0.0054,0.0002,0.0,0.0363,372021.5,0.0,794.6,11.86,6.53,8.13,26.52,-69.88,-100.0,0.0306,0.0784,0.0,780000.0,4740000.0,0
BG_01966,Background_Point,Regional_Background,1.0,Background_Control,0,0,0,0,0.0,0.0445,0.0,0.025,79649.2,0.0049,694.0,14.3,-3.85,21.34,30.63,-78.71,15.88,0.0543,0.0683,0.0,512000.0,4010000.0,0
BG_01967,Background_Point,Regional_Background,1.0,Background_Control,0,0,0,0,0.0,0.0045,0.0,0.052,238008.4,0.0,721.7,17.67,0.1,3.5,37.14,-75.18,-100.0,0.0207,0.0725,0.0022,618000.0,4818000.0,0
BG_01968,Background_Point,Regional_Background,1.0,Background_Control,0,0,0,0,0.0,0.0088,0.0055,0.2214,61773.8,0.0163,1015.8,13.62,1.64,17.1,31.0,-80.71,12.69,0.1989,0.0533,0.0,170000.0,4626000.0,0
BG_01969,Background_Point,Regional_Background,1.0,Background_Control,0,0,0,0,0.0,0.0,0.0,0.1966,454118.9,0.0,761.9,16.41,6.34,4.34,37.08,-90.1,-100.0,0.0924,0.1694,0.0,912000.0,4660000.0,0
BG_01970,Background_Point,Regional_Background,1.0,Background_Control,0,0,0,0,0.031,0.016,0.0001,0.0195,137200.6,0.0001,608.5,12.01,3.64,7.71,25.36,-75.29,-47.59,0.1212,0.2059,0.0,440000.0,3998000.0,0
BG_01971,Background_Point,Regional_Background,1.0,Background_Control,0,0,0,0,0.0186,0.0144,0.005,0.0078,110698.8,0.0006,433.2,11.17,3.26,28.63,27.83,-74.12,-17.43,0.058,0.1083,0.0,138000.0,4772000.0,0
BG_01972,Background_Point,Regional_Background,1.0,Background_Control,0,0,0,0,0.0,0.1403,0.0,0.1159,36878.2,0.0856,916.3,21.95,8.17,10.96,44.14,-77.91,52.89,0.0514,0.1794,0.0,574000.0,4052000.0,0
BG_01973,Background_Point,Regional_Background,1.0,Background_Control,0,0,0,0,0.0012,0.0282,0.0005,0.2041,128390.0,0.0002,782.2,14.79,13.16,25.17,31.14,-81.88,-53.28,0.1004,0.1173,0.043,470000.0,4648000.0,0
BG_01974,Background_Point,Regional_Background,1.0,Background_Control,0,0,0,0,0.0456,0.0,0.0,0.1739,528015.2,0.0,860.6,11.91,1.29,-2.65,25.94,-75.37,-100.0,0.014,0.1033,0.0,1000000.0,4620000.0,0
BG_01975,Background_Point,Regional_Background,1.0,Background_Control,0,0,0,0,0.0357,0.0354,0.0,0.0252,92779.3,0.0021,470.0,16.14,17.84,5.11,32.69,-77.03,-8.56,0.0577,0.0573,0.0508,668000.0,4292000.0,0
BG_01976,Background_Point,Regional_Background,1.0,Background_Control,0,0,0,0,0.0,0.0342,0.0347,0.2208,72808.2,0.0078,1023.7,19.17,9.49,-14.43,42.07,-81.22,20.92,0.0602,0.1741,0.0,262000.0,4636000.0,0
BG_01977,Background_Point,Regional_Background,1.0,Background_Control,0,0,0,0,0.0471,0.0013,0.0,0.1321,251873.0,0.0,0.0,12.35,18.52,39.34,23.61,-71.56,-100.0,0.0405,0.0949,0.0,724000.0,4448000.0,0
BG_01978,Background_Point,Regional_Background,1.0,Background_Control,0,0,0,0,0.0,0.0018,0.0009,0.1004,94868.3,0.0018,128.6,13.05,-12.18,24.44,29.24,-83.49,-14.62,0.1322,0.1553,0.0594,558000.0,4466000.0,0
BG_01979,Background_Point,Regional_Background,1.0,Background_Control,0,0,0,0,0.0,0.0129,0.0,0.0717,204000.0,0.0,748.6,11.41,-3.22,-4.37,22.52,-71.96,-100.0,0.0308,0.0984,0.0,560000.0,4724000.0,0
BG_01980,Background_Point,Regional_Background,1.0,Background_Control,0,0,0,0,0.0,0.0005,0.0113,0.2139,76272.2,0.0062,473.9,16.26,3.91,27.35,35.86,-80.78,9.5,0.3137,0.0557,0.0303,228000.0,4416000.0,0
BG_01981,Background_Point,Regional_Background,1.0,Background_Control,0,0,0,0,0.0018,0.0005,0.0002,0.0179,124238.5,0.0003,476.0,16.25,-17.12,-4.47,33.46,-79.99,-57.34,0.0329,0.0938,0.0,212000.0,4042000.0,0
BG_01982,Background_Point,Regional_Background,1.0,Background_Control,0,0,0,0,0.0,0.0005,0.0,0.0866,269436.4,0.0,246.8,14.27,1.81,23.94,32.57,-86.43,-100.0,0.0703,0.0784,0.0248,916000.0,4330000.0,0
BG_01983,Background_Point,Regional_Background,1.0,Background_Control,0,0,0,0,0.0492,0.0149,0.0,0.0765,125299.6,0.0002,278.4,13.02,-8.75,1.7,27.75,-80.6,-29.78,0.0846,0.0982,0.1196,698000.0,4324000.0,0
BG_01984,Background_Point,Regional_Background,1.0,Background_Control,0,0,0,0,0.0,0.001,0.0,0.0751,269295.4,0.0,825.1,15.79,6.2,11.82,30.99,-80.19,-100.0,0.0624,0.1415,0.0,918000.0,4074000.0,0
BG_01985,Background_Point,Regional_Background,1.0,Background_Control,0,0,0,0,0.0,0.0008,0.0,0.0014,293646.0,0.0,734.6,36.02,14.24,16.07,70.61,-77.34,-100.0,0.0126,0.1799,0.1004,918000.0,4028000.0,0
