mineID,site,ancientName,province,country,region,miningDistrict,romanianRANID,sanchezPalenciaAndOrejasID,domergueID,spainMapSheet,lambertX,lambertY,latitude,longitude,coordinateAccuracy,locationDataSource,locationNotes,notBeforeOpeningDate,notAfterOpeningDate,notBeforeClosingDate,notAfterClosingDate,inUseDate,metalMinedGold,metalMinedSilver,metalMinedLead,metalMinedCopper,metalMinedTin,metalMinedIron,metalMinedMercuryCinnabar,metalMinedZinc,metalMinedOther,description,references,techniqueOpencast,techniqueUnderground,techniqueHydraulic,techniqueHushing,techniqueGroundSluicing,techniqueRuinaMontium,techniqueRakeComb,techniqueGoldWashing,techniqueOther,notes,geology,depositType,exploitationType,Flag_Au_Oro,Status_Au_Oro,Flag_Ag_Plata,Status_Ag_Plata,Flag_Cu_Cobre,Status_Cu_Cobre,Flag_Pb_Plomo,Status_Pb_Plomo,Flag_Hg_Cinabrio,Status_Hg_Cinabrio,Flag_Sn_Estano,Status_Sn_Estano,Flag_Fe_Hierro,Status_Fe_Hierro,Tech_Ruina_Montium,Tech_Subterranea,Tech_Cielo_Abierto,Tech_Lavado_Placer,Certainty_Spatial,Certainty_Archaeological,Certainty_Metallogenic,Certainty_Score,Certainty_Grade,Real_Elevation_MDT_m,Real_IGME_Lithology_General,Real_IGME_Lithology_Detailed,Real_IGME_Era,Real_IGME_Sistema,Real_IGME_Dominio,Coord_X,Coord_Y,Real_IGME_Dist_Fault_m,Real_IGME_Dist_Contact_m,Real_IGME_Fault_Density_5km
1,Aljustrel,Vipasca,Lusitania,Portugal,Beja,Alentejo,,,POR 2,538.0,197.6,99.6,37.880874,-8.175981,1000.0,Google Earth,,,,,,,?,1.0,0.0,1.0,0.0,1.0,0.0,0.0,0.0,"A copper mining district with also extraction of silver, iron, and perhaps gold. Two bronze tablets were found here detailing the laws and regulations as well as the imperial administration's role in managing the town, granting leases, and overseeing the mining works.",Domergue 1983: 5-193; Domergue 1990: 62,0.0,1.0,False,False,False,0.0,0.0,0.0,0.0,,Pyrite,,,1,Hipotetico,1,Confirmado,1,Confirmado,0,No,0,No,0,No,1,Confirmado,0,1,0,0,0.7,0.9,1.0,0.845,Alta Certeza (Grado I),160.0,Macizo Ibérico (Zona Ossa-Morena / Centroibérica),"Pizarras, esquistos y metavulcanitas hercínicas",PALEOZOICO,DEVONICO-CARBONIFERO,ZONA CENTROIBERICA / OSSA MORENA (LNEG),44675.23319184652,4205245.661545674,52917.3,54599.4,0
2,Atalaia de Alte,,Lusitania,Portugal,Faro,Algarve,,,POR 24,587.0,195.2,30.8,37.24315224,-8.187164537,,,,,,,,,FALSE,0.0,0.0,1.0,0.0,0.0,0.0,0.0,0.0,,Domergue 1990: 62,,,False,False,False,0.0,0.0,0.0,,,,,,0,No,0,No,1,Confirmado,0,No,0,No,0,No,0,No,0,0,0,0,0.5,0.9,1.0,0.765,Media Certeza (Grado II),300.0,Macizo Ibérico (Zona Ossa-Morena / Centroibérica),"Pizarras, esquistos y metavulcanitas hercínicas",PALEOZOICO,DEVONICO-CARBONIFERO,ZONA CENTROIBERICA / OSSA MORENA (LNEG),39771.04327943211,4134474.4109190875,63976.4,59012.3,0
3,Avintes,,Lusitania,Portugal,Northern Portugal,Northern Portugal,,NP-01,,,,,41.099158,-8.544675,1000.0,"Placename, Google Earth",,,,,,,TRUE,0.0,0.0,0.0,0.0,0.0,0.0,0.0,0.0,,"Sanchez-Palencia and Orejas 1994, 198",1.0,,True,False,False,0.0,0.0,0.0,0.0,,,Secondary,Selective - Extensive,1,Confirmado,0,No,0,No,0,No,0,No,0,No,0,No,1,0,1,0,0.7,0.9,1.0,0.845,Alta Certeza (Grado I),82.0,Macizo Ibérico (Zona Ossa-Morena / Centroibérica),"Pizarras, esquistos y metavulcanitas hercínicas",PALEOZOICO,DEVONICO-CARBONIFERO,ZONA CENTROIBERICA / OSSA MORENA (LNEG),34284.56997864728,4564602.787981567,187840.0,185110.7,0
4,Belmonte - Colmeal - Maçainhas,,Hispania Tarraconensis,Portugal,Castelo Branco,Trás-os-montes,,,POR 15,214.0,267.3,380.4,40.38963823,-7.340493633,,,,,,,,,FALSE,0.0,0.0,0.0,1.0,0.0,0.0,0.0,0.0,,Domergue 1990: 41,,,False,False,False,0.0,0.0,0.0,,,Hard rock,Primary,,0,No,0,No,0,No,0,No,0,No,1,Confirmado,0,No,0,0,0,0,0.5,0.9,1.0,0.765,Media Certeza (Grado II),497.0,Macizo Ibérico (Zona Ossa-Morena / Centroibérica),"Pizarras, esquistos y metavulcanitas hercínicas",PALEOZOICO,DEVONICO-CARBONIFERO,ZONA CENTROIBERICA / OSSA MORENA (LNEG),131554.21920597675,4480057.353227729,160468.4,153531.8,0
5,Brancanes,,Lusitania,Portugal,Beja,Alentejo,,,POR 3,564.0,210.3,65.7,37.55756281,-8.016500588,,,,,,,,,FALSE,0.0,0.0,1.0,0.0,0.0,0.0,0.0,0.0,,Domergue 1990: 62,0.0,1.0,False,False,False,0.0,0.0,0.0,0.0,,Hard rock,,,0,No,0,No,1,Confirmado,0,No,0,No,0,No,0,No,0,1,0,0,0.5,0.9,1.0,0.765,Media Certeza (Grado II),245.0,Macizo Ibérico (Zona Ossa-Morena / Centroibérica),"Pizarras, esquistos y metavulcanitas hercínicas",PALEOZOICO,DEVONICO-CARBONIFERO,ZONA CENTROIBERICA / OSSA MORENA (LNEG),56785.29103229882,4168571.843903654,33520.3,39225.3,0
6,Buraco dos Mouros de Urros,,Hispania Tarraconensis,Portugal,Northern Portugal,Northern Portugal,,NP-17,,,,,41.07721,-7.040592,50.0,http://www.cm-moncorvo.pt/o-que-visitar/patrimonio/geologico/buraco-dos-mouros-de-urros,,,,,,,TRUE,0.0,0.0,0.0,0.0,0.0,0.0,0.0,0.0,,"Sanchez-Palencia and Orejas 1994, 199",0.0,1.0,False,False,False,0.0,0.0,0.0,0.0,,,Primary,Extensive,1,Confirmado,0,No,0,No,0,No,0,No,0,No,0,No,0,1,0,0,1.0,0.9,1.0,0.965,Alta Certeza (Grado I),641.0,Macizo Ibérico (Zona Ossa-Morena / Centroibérica),"Pizarras, esquistos y metavulcanitas hercínicas",PALEOZOICO,DEVONICO-CARBONIFERO,ZONA CENTROIBERICA / OSSA MORENA (LNEG),160538.05665583606,4555200.181969162,153201.2,139990.7,0
7,Cabeço de Mua,,Hispania Tarraconensis,Portugal,Braga,Trás-os-montes,,,POR 13,119.0,298.7,470.0,41.19318578,-6.956601638,,,,,,,,,FALSE,0.0,0.0,0.0,0.0,1.0,0.0,0.0,0.0,,Domergue 1990: 41,,,False,False,False,0.0,0.0,0.0,,,Hard rock,Primary,,0,No,0,No,0,No,0,No,0,No,0,No,1,Confirmado,0,0,0,0,0.5,0.9,1.0,0.765,Media Certeza (Grado II),840.0,Macizo Ibérico (Zona Ossa-Morena / Centroibérica),"Pizarras, esquistos y metavulcanitas hercínicas",PALEOZOICO,DEVONICO-CARBONIFERO,ZONA CENTROIBERICA / OSSA MORENA (LNEG),168181.88233844162,4567754.882654462,150723.9,131903.2,0
8,Carvalhelos,,Hispania Tarraconensis,Portugal,Viano do Castelo,Trás-os-montes,,,POR 41,41.0,232.8,524.2,41.68652096,-7.739182189,,,,,,,,,FALSE,0.0,0.0,0.0,1.0,0.0,0.0,0.0,0.0,,Domergue 1990: 41,,,False,False,False,0.0,0.0,0.0,,,Hard rock,Primary,,0,No,0,No,0,No,0,No,0,No,1,Confirmado,0,No,0,0,0,0,0.5,0.9,1.0,0.765,Media Certeza (Grado II),869.0,Macizo Ibérico (Zona Ossa-Morena / Centroibérica),"Pizarras, esquistos y metavulcanitas hercínicas",PALEOZOICO,DEVONICO-CARBONIFERO,ZONA CENTROIBERICA / OSSA MORENA (LNEG),105539.34169691574,4625834.704956497,105380.1,105380.1,0
9,Cerro da Mina,,Lusitania,Portugal,Faro,Algarve,,,POR 23,574.0,233.4,53.6,37.44799935,-7.755615659,,,,,,,,,FALSE,0.0,0.0,1.0,0.0,0.0,0.0,0.0,0.0,,Domergue 1990: 62,0.0,1.0,False,False,False,0.0,0.0,0.0,0.0,,,,,0,No,0,No,1,Confirmado,0,No,0,No,0,No,0,No,0,1,0,0,0.5,0.9,1.0,0.765,Media Certeza (Grado II),299.0,Macizo Ibérico (Zona Ossa-Morena / Centroibérica),"Pizarras, esquistos y metavulcanitas hercínicas",PALEOZOICO,DEVONICO-CARBONIFERO,ZONA CENTROIBERICA / OSSA MORENA (LNEG),79232.66144533776,4155203.858930377,21865.9,21323.5,0
10,Cisterna dos Cães,,Lusitania,Portugal,Faro,Algarve,,,POR 26,595.0,172.9,25.0,37.19050854,-8.438280827,,,,,,,,,FALSE,0.0,0.0,1.0,0.0,0.0,0.0,0.0,0.0,,Domergue 1990: 62,,,False,False,False,0.0,0.0,0.0,,,,,,0,No,0,No,1,Confirmado,0,No,0,No,0,No,0,No,0,0,0,0,0.5,0.9,1.0,0.765,Media Certeza (Grado II),51.0,Macizo Ibérico (Zona Ossa-Morena / Centroibérica),"Pizarras, esquistos y metavulcanitas hercínicas",PALEOZOICO,DEVONICO-CARBONIFERO,ZONA CENTROIBERICA / OSSA MORENA (LNEG),17136.621876935125,4129882.0765051665,85191.2,80835.3,0
11,Corta da Torre,,Hispania Tarraconensis,Portugal,Northern Portugal,Northern Portugal,,NP-19,,,,,41.69245,-8.670924,5000.0,"Guessed from Google Earth and Sanchez-Palencia and Orejas 1994, fig. 12",,,,,,,TRUE,0.0,0.0,0.0,0.0,0.0,0.0,0.0,0.0,,"Sanchez-Palencia and Orejas 1994, 199",,,,False,False,0.0,0.0,0.0,0.0,,,Primary,Extensive,1,Confirmado,0,No,0,No,0,No,0,No,0,No,0,No,0,0,0,0,0.5,0.9,1.0,0.765,Media Certeza (Grado II),296.0,Macizo Ibérico (Zona Ossa-Morena / Centroibérica),"Pizarras, esquistos y metavulcanitas hercínicas",PALEOZOICO,DEVONICO-CARBONIFERO,ZONA CENTROIBERICA / OSSA MORENA (LNEG),28003.549642255763,4631193.586418149,137538.4,129942.9,0
12,Corta do Penedo das Bruxas,,Hispania Tarraconensis,Portugal,Northern Portugal,Northern Portugal,,NP-11,,,,,41.737828,-7.573834,1000.0,"Guessed from Google Earth and Sanchez-Palencia and Orejas 1994, fig. 12",,,,,,,TRUE,0.0,0.0,0.0,0.0,0.0,0.0,0.0,0.0,,"Sanchez-Palencia and Orejas 1994, 198",,,,False,False,0.0,0.0,0.0,0.0,,,Primary,Extensive,1,Confirmado,0,No,0,No,0,No,0,No,0,No,0,No,0,0,0,0,0.7,0.9,1.0,0.845,Alta Certeza (Grado I),667.0,Macizo Ibérico (Zona Ossa-Morena / Centroibérica),"Pizarras, esquistos y metavulcanitas hercínicas",PALEOZOICO,DEVONICO-CARBONIFERO,ZONA CENTROIBERICA / OSSA MORENA (LNEG),119608.68929797091,4630787.364660125,98831.7,98877.9,0
13,Covas de Mouros de Monte da Nó,,Hispania Tarraconensis,Portugal,Northern Portugal,Northern Portugal,,NP-20,,,,,41.708911,-8.59835,2000.0,"Guessed from Google Earth and Sanchez-Palencia and Orejas 1994, fig. 12",,,,,,,TRUE,0.0,0.0,0.0,0.0,0.0,0.0,0.0,0.0,,"Sanchez-Palencia and Orejas 1994, 199",,,,False,False,0.0,0.0,0.0,0.0,,,Primary,Selective,1,Confirmado,0,No,0,No,0,No,0,No,0,No,0,No,0,0,0,0,0.5,0.9,1.0,0.765,Media Certeza (Grado II),503.0,Macizo Ibérico (Zona Ossa-Morena / Centroibérica),"Pizarras, esquistos y metavulcanitas hercínicas",PALEOZOICO,DEVONICO-CARBONIFERO,ZONA CENTROIBERICA / OSSA MORENA (LNEG),34165.40951870009,4632625.597054143,132251.4,125192.0,0
14,Crugeira,,Hispania Baetica,Portugal,Beja,Picos de Aroche,,,POR 10,513.0,271.5,127.4,38.11068367,-7.317816557,,,,,,,,,FALSE,0.0,0.0,1.0,0.0,0.0,0.0,0.0,0.0,,Domergue 1990: 61,,,False,False,False,0.0,0.0,0.0,,,Hard rock,Primary,,0,No,0,No,1,Confirmado,0,No,0,No,0,No,0,No,0,0,0,0,0.5,0.9,1.0,0.765,Media Certeza (Grado II),154.0,Macizo Ibérico (Zona Ossa-Morena / Centroibérica),"Pizarras, esquistos y metavulcanitas hercínicas",PALEOZOICO,DEVONICO-CARBONIFERO,ZONA CENTROIBERICA / OSSA MORENA (LNEG),121391.69521422149,4226909.848094804,5008.1,153.6,0
15,Ervedosa,,Hispania Tarraconensis,Portugal,Bragança,Trás-os-montes,,,POR 14,49.0,286.3,529.0,41.7257388,-7.095970035,,,,,,,,,FALSE,0.0,0.0,0.0,1.0,0.0,0.0,0.0,0.0,,Domergue 1990: 41,,,False,False,False,0.0,0.0,0.0,,,Hard rock,Primary,,0,No,0,No,0,No,0,No,0,No,1,Confirmado,0,No,0,0,0,0,0.5,0.9,1.0,0.765,Media Certeza (Grado II),491.0,Macizo Ibérico (Zona Ossa-Morena / Centroibérica),"Pizarras, esquistos y metavulcanitas hercínicas",PALEOZOICO,DEVONICO-CARBONIFERO,ZONA CENTROIBERICA / OSSA MORENA (LNEG),159295.30419894133,4627438.779208347,101851.8,102082.4,0
16,Escadia Grande,,Hispania Tarraconensis,Portugal,Coimbra,Beiras,,,POR 20,253.0,201.5,345.5,40.07804448,-8.11552781,,,,,,,,,TRUE,1.0,0.0,0.0,0.0,0.0,0.0,0.0,0.0,,Domergue 1990: 41,,,,,,,,,,,Hard rock,,,1,Confirmado,1,Confirmado,0,No,0,No,0,No,0,No,0,No,0,0,0,0,0.5,0.9,1.0,0.765,Media Certeza (Grado II),648.0,Macizo Ibérico (Zona Ossa-Morena / Centroibérica),"Pizarras, esquistos y metavulcanitas hercínicas",PALEOZOICO,DEVONICO-CARBONIFERO,ZONA CENTROIBERICA / OSSA MORENA (LNEG),63737.78722712828,4448976.524939367,143903.8,131052.3,0
18,Folgadouro,,Hispania Tarraconensis,Portugal,Viano do Castelo,Trás-os-montes,,,POR 39,27.0,148.3,533.5,41.7692345,-8.754909308,,,,,,,,,FALSE,0.0,0.0,0.0,1.0,0.0,0.0,0.0,0.0,,Domergue 1990: 41,,,False,False,False,0.0,0.0,0.0,,,Hard rock,Primary,,0,No,0,No,0,No,0,No,0,No,1,Confirmado,0,No,0,0,0,0,0.5,0.9,1.0,0.765,Media Certeza (Grado II),252.0,Macizo Ibérico (Zona Ossa-Morena / Centroibérica),"Pizarras, esquistos y metavulcanitas hercínicas",PALEOZOICO,DEVONICO-CARBONIFERO,ZONA CENTROIBERICA / OSSA MORENA (LNEG),21582.916287567,4640188.684979921,136028.2,126971.6,0
19,Forca,,Hispania Tarraconensis,Portugal,Northern Portugal,Northern Portugal,,NP-24,,,,,41.836843,-8.260849,5000.0,"Guessed from Google Earth and Sanchez-Palencia and Orejas 1994, fig. 12",,,,,,,TRUE,0.0,0.0,0.0,0.0,0.0,0.0,0.0,0.0,,"Sanchez-Palencia and Orejas 1994, 199",,,,False,False,0.0,0.0,0.0,0.0,,,Primary,Extensive,1,Confirmado,0,No,0,No,0,No,0,No,0,No,0,No,0,0,0,0,0.5,0.9,1.0,0.765,Media Certeza (Grado II),407.0,Macizo Ibérico (Zona Ossa-Morena / Centroibérica),"Pizarras, esquistos y metavulcanitas hercínicas",PALEOZOICO,DEVONICO-CARBONIFERO,ZONA CENTROIBERICA / OSSA MORENA (LNEG),63129.60797171766,4645059.290305735,104220.2,99910.8,0
20,França,,Hispania Tarraconensis,Portugal,Northern Portugal,Northern Portugal,,NP-18,,,,,41.9014042,-6.7373962,1000.0,https://wiki.city/en/portugal_braganca_braganca_franca,,,,,,,TRUE,0.0,0.0,0.0,0.0,0.0,0.0,0.0,0.0,,"Sanchez-Palencia and Orejas 1994, 199",,,,False,False,0.0,0.0,0.0,0.0,,,Primary,Selective,1,Confirmado,0,No,0,No,0,No,0,No,0,No,0,No,0,0,0,0,0.7,0.9,1.0,0.845,Alta Certeza (Grado I),664.0,Macizo Ibérico (Zona Ossa-Morena / Centroibérica),"Pizarras, esquistos y metavulcanitas hercínicas",PALEOZOICO,DEVONICO-CARBONIFERO,ZONA CENTROIBERICA / OSSA MORENA (LNEG),189976.33430697862,4645587.333976032,84433.6,84673.2,0
21,Furados de Pombeiro,,Hispania Tarraconensis,Portugal,Coimbra,Beiras,,,POR 19,232.0,201.9,363.7,40.24195054,-8.110787612,,,,,,,,,TRUE,0.0,0.0,0.0,0.0,0.0,0.0,0.0,0.0,,Domergue 1990: 41,,,,,,,,,,,River placer deposits,,,1,Confirmado,0,No,0,No,0,No,0,No,0,No,0,No,0,0,0,0,0.5,0.9,1.0,0.765,Media Certeza (Grado II),173.0,Macizo Ibérico (Zona Ossa-Morena / Centroibérica),"Pizarras, esquistos y metavulcanitas hercínicas",PALEOZOICO,DEVONICO-CARBONIFERO,ZONA CENTROIBERICA / OSSA MORENA (LNEG),65192.29597995448,4467157.912694668,160840.8,148411.5,0
22,Grovelas,,Hispania Tarraconensis,Portugal,Northern Portugal,Northern Portugal,,NP-22,,,,,41.751727,-8.437788,1000.0,Google Earth,,,,,,,TRUE,0.0,0.0,0.0,0.0,0.0,0.0,0.0,0.0,,"Sanchez-Palencia and Orejas 1994, 199",,,,False,False,0.0,0.0,0.0,0.0,,,Primary,Selective,1,Confirmado,0,No,0,No,0,No,0,No,0,No,0,No,0,0,0,0,0.7,0.9,1.0,0.845,Alta Certeza (Grado I),283.0,Macizo Ibérico (Zona Ossa-Morena / Centroibérica),"Pizarras, esquistos y metavulcanitas hercínicas",PALEOZOICO,DEVONICO-CARBONIFERO,ZONA CENTROIBERICA / OSSA MORENA (LNEG),47831.66454775439,4636522.545930811,120324.1,114572.6,0
23,Herdade da Tinoca,,Lusitania,Portugal,Portalegre,Alentejo,,,POR 29,386.0,285.7,235.0,39.07860132,-7.142712111,,,,,,,,,FALSE,0.0,0.0,1.0,0.0,0.0,0.0,0.0,0.0,,Domergue 1990: 62,,,False,False,False,0.0,0.0,0.0,,,Hard rock,,,0,No,0,No,1,Confirmado,0,No,0,No,0,No,0,No,0,0,0,0,0.5,0.9,1.0,0.765,Media Certeza (Grado II),273.0,Macizo Ibérico (Zona Ossa-Morena / Centroibérica),"Pizarras, esquistos y metavulcanitas hercínicas",PALEOZOICO,DEVONICO-CARBONIFERO,ZONA CENTROIBERICA / OSSA MORENA (LNEG),141607.8815647459,4333674.680550051,13831.4,11402.8,0
24,Herdade do Montinho,,Lusitania,Portugal,Beja,Alentejo,,,POR 11,538.0,197.6,99.6,37.86304358,-8.160350225,,,,,,,,,FALSE,0.0,0.0,1.0,0.0,0.0,0.0,0.0,0.0,,Domergue 1990: 62,,,False,False,False,0.0,0.0,0.0,,,Pyrite,,,0,No,0,No,1,Confirmado,0,No,0,No,0,No,0,No,0,0,0,0,0.5,0.9,1.0,0.765,Media Certeza (Grado II),179.0,Macizo Ibérico (Zona Ossa-Morena / Centroibérica),"Pizarras, esquistos y metavulcanitas hercínicas",PALEOZOICO,DEVONICO-CARBONIFERO,ZONA CENTROIBERICA / OSSA MORENA (LNEG),45941.38223749539,4203188.981248161,50940.1,53316.7,0
25,Jales,,Hispania Tarraconensis,Portugal,Vila Real,Trás-os-montes,,NP-08,POR 44,88.0,245.6,499.7,41.46531351,-7.587303241,,,,,,,,,TRUE,1.0,0.0,0.0,0.0,0.0,0.0,0.0,0.0,,"Domergue 1990: 41; Sanchez-Palencia and Orejas 1994, 198",0.0,1.0,False,False,False,0.0,0.0,0.0,0.0,,Hard rock,Primary,Selective - Extensive,1,Confirmado,1,Confirmado,0,No,0,No,0,No,0,No,0,No,0,1,0,0,0.5,1.0,1.0,0.8,Alta Certeza (Grado I),840.0,Macizo Ibérico (Zona Ossa-Morena / Centroibérica),"Pizarras, esquistos y metavulcanitas hercínicas",PALEOZOICO,DEVONICO-CARBONIFERO,ZONA CENTROIBERICA / OSSA MORENA (LNEG),116875.85641644092,4600580.720877053,129161.4,129185.0,0
26,Juliana,,Lusitania,Portugal,Beja,Alentejo,,,POR 6,530.0,207.7,104.5,37.90716138,-8.045521077,,,,,,,,,FALSE,0.0,0.0,1.0,0.0,0.0,0.0,0.0,0.0,,Domergue 1990: 62,0.0,1.0,False,False,False,0.0,0.0,0.0,0.0,,Hard rock,,,0,No,0,No,1,Confirmado,0,No,0,No,0,No,0,No,0,1,0,0,0.5,0.9,1.0,0.765,Media Certeza (Grado II),141.0,Macizo Ibérico (Zona Ossa-Morena / Centroibérica),"Pizarras, esquistos y metavulcanitas hercínicas",PALEOZOICO,DEVONICO-CARBONIFERO,ZONA CENTROIBERICA / OSSA MORENA (LNEG),56317.36249050358,4207534.378139321,42772.2,42980.8,0
27,Lagares,,Hispania Tarraconensis,Portugal,Northern Portugal,Northern Portugal,,NP-13,,,,,41.807087,-7.455047,1000.0,"Guessed from Google Earth and Sanchez-Palencia and Orejas 1994, fig. 12",,,,,,,TRUE,0.0,0.0,0.0,0.0,0.0,0.0,0.0,0.0,,"Sanchez-Palencia and Orejas 1994, 198",,,,False,False,0.0,0.0,0.0,0.0,,,Primary,Selective,1,Confirmado,0,No,0,No,0,No,0,No,0,No,0,No,0,0,0,0,0.7,0.9,1.0,0.845,Alta Certeza (Grado I),421.0,Macizo Ibérico (Zona Ossa-Morena / Centroibérica),"Pizarras, esquistos y metavulcanitas hercínicas",PALEOZOICO,DEVONICO-CARBONIFERO,ZONA CENTROIBERICA / OSSA MORENA (LNEG),129889.37623222114,4637960.0370289525,91216.7,91209.2,0
28,Macedinho,,Hispania Tarraconensis,Portugal,Northern Portugal,Northern Portugal,,NP-15,,,,,41.405245,-7.104955,2000.0,Google Earth,,,,,,,TRUE,0.0,0.0,0.0,0.0,0.0,0.0,0.0,0.0,,"Sanchez-Palencia and Orejas 1994, 199",,,,False,False,0.0,0.0,0.0,0.0,,,Primary,Extensive,1,Confirmado,0,No,0,No,0,No,0,No,0,No,0,No,0,0,0,0,0.5,0.9,1.0,0.765,Media Certeza (Grado II),406.0,Macizo Ibérico (Zona Ossa-Morena / Centroibérica),"Pizarras, esquistos y metavulcanitas hercínicas",PALEOZOICO,DEVONICO-CARBONIFERO,ZONA CENTROIBERICA / OSSA MORENA (LNEG),156852.99442428,4591882.079207157,137487.4,137673.7,0
29,Malhada,,Hispania Tarraconensis,Portugal,Aveiro,Beiras,,,POR 1,175.0,177.4,419.2,40.74143642,-8.400695101,,,,,,,,,FALSE,1.0,1.0,0.0,0.0,0.0,0.0,0.0,0.0,,Domergue 1990: 42,0.0,1.0,False,False,False,0.0,0.0,0.0,0.0,,Hard rock,,,0,No,1,Confirmado,0,No,1,Confirmado,0,No,0,No,0,No,0,1,0,0,0.5,0.9,1.0,0.765,Media Certeza (Grado II),186.0,Macizo Ibérico (Zona Ossa-Morena / Centroibérica),"Pizarras, esquistos y metavulcanitas hercínicas",PALEOZOICO,DEVONICO-CARBONIFERO,ZONA CENTROIBERICA / OSSA MORENA (LNEG),43922.21232720249,4524105.797759157,220557.5,208735.5,0
30,Meimoa,,Hispania Tarraconensis,Portugal,Castelo Branco,Beiras,,,POR 18,248.0,286.0,359.5,40.19973244,-7.123086066,,,,,,,,,TRUE,0.0,0.0,0.0,0.0,0.0,0.0,0.0,0.0,,Domergue 1990: 41,0.0,0.0,True,True,True,0.0,1.0,0.0,0.0,,Tertiary alluvium,,,1,Confirmado,0,No,0,No,0,No,0,No,0,No,0,No,1,0,1,0,0.5,0.9,1.0,0.765,Media Certeza (Grado II),529.0,Macizo Ibérico (Zona Ossa-Morena / Centroibérica),"Pizarras, esquistos y metavulcanitas hercínicas",PALEOZOICO,DEVONICO-CARBONIFERO,ZONA CENTROIBERICA / OSSA MORENA (LNEG),149031.16844700614,4458084.4998694,138081.4,134266.7,0
32,Milreu,,Hispania Tarraconensis,Portugal,Santarem,Beiras,,,POR 35,311.0,199.2,294.5,39.61872097,-8.142422005,,,,,,,,,TRUE,0.0,0.0,0.0,0.0,0.0,0.0,0.0,0.0,,Domergue 1990: 41,,,,,,,,,,,Tertiary alluvium,,,1,Confirmado,0,No,0,No,0,No,0,No,0,No,0,No,0,0,0,0,0.5,0.9,1.0,0.765,Media Certeza (Grado II),256.0,Macizo Ibérico (Zona Ossa-Morena / Centroibérica),"Pizarras, esquistos y metavulcanitas hercínicas",PALEOZOICO,DEVONICO-CARBONIFERO,ZONA CENTROIBERICA / OSSA MORENA (LNEG),58501.29554184625,4398093.190145055,99585.8,84443.4,0
33,Mina da Cabranca,,Lusitania,Portugal,Northern Portugal,Northern Portugal,,NP-07,,,,,41.012513,-8.361867,200.0,Carvalho and da Veiga Ferreira 1954,,,,,,,TRUE,0.0,0.0,0.0,0.0,0.0,0.0,0.0,0.0,,"Carvalho and da Veiga Ferreira 1954; Sanchez-Palencia and Orejas 1994, 198",,,,False,False,0.0,0.0,0.0,0.0,,,Primary,Selective,1,Confirmado,0,No,0,No,0,No,0,No,0,No,0,No,0,0,0,0,0.85,0.9,1.0,0.905,Alta Certeza (Grado I),65.0,Macizo Ibérico (Zona Ossa-Morena / Centroibérica),"Pizarras, esquistos y metavulcanitas hercínicas",PALEOZOICO,DEVONICO-CARBONIFERO,ZONA CENTROIBERICA / OSSA MORENA (LNEG),49052.094183065754,4554014.48498904,190928.5,189894.2,0
34,Mina do Bugalho,,Hispania Baetica,Portugal,Évora,Picos de Aroche,,,POR 21,441.0,270.9,191.1,38.68452182,-7.318251199,,,,,,,,,FALSE,0.0,0.0,1.0,0.0,0.0,0.0,0.0,0.0,,Domergue 1990: 61,,,False,False,False,0.0,0.0,0.0,,,Hard rock,Primary,,0,No,0,No,1,Confirmado,0,No,0,No,0,No,0,No,0,0,0,0,0.5,0.9,1.0,0.765,Media Certeza (Grado II),221.0,Macizo Ibérico (Zona Ossa-Morena / Centroibérica),"Pizarras, esquistos y metavulcanitas hercínicas",PALEOZOICO,DEVONICO-CARBONIFERO,ZONA CENTROIBERICA / OSSA MORENA (LNEG),124341.85816079052,4290626.059102087,799.9,655.3,14
35,Mina do Portal,,Lusitania,Portugal,Northern Portugal,Northern Portugal,,NP-06,,,,,41.039901,-8.404394,300.0,Carvalho and da Veiga Ferreira 1954,,,,,,,TRUE,0.0,0.0,0.0,0.0,0.0,0.0,0.0,0.0,,"Carvalho and da Veiga Ferreira 1954; Sanchez-Palencia and Orejas 1994, 198",,,,False,False,0.0,0.0,0.0,0.0,,,Primary,Selective,1,Confirmado,0,No,0,No,0,No,0,No,0,No,0,No,0,0,0,0,0.85,0.9,1.0,0.905,Alta Certeza (Grado I),180.0,Macizo Ibérico (Zona Ossa-Morena / Centroibérica),"Pizarras, esquistos y metavulcanitas hercínicas",PALEOZOICO,DEVONICO-CARBONIFERO,ZONA CENTROIBERICA / OSSA MORENA (LNEG),45662.91443634214,4557277.961216562,189311.8,187864.2,0
36,Minancos,,Hispania Baetica,Portugal,Beja,Picos de Aroche,,,POR 5,503.0,286.9,133.5,38.16428271,-7.141500915,,,,,,,,,FALSE,0.0,0.0,1.0,0.0,0.0,0.0,0.0,0.0,,Domergue 1990: 61,,,False,False,False,0.0,0.0,0.0,,,Hard rock,Primary,,0,No,0,No,1,Confirmado,0,No,0,No,0,No,0,No,0,0,0,0,0.5,0.9,1.0,0.765,Media Certeza (Grado II),170.0,Macizo Ibérico (Zona Ossa-Morena / Centroibérica),"Pizarras, esquistos y metavulcanitas hercínicas",PALEOZOICO,DEVONICO-CARBONIFERO,ZONA CENTROIBERICA / OSSA MORENA (LNEG),137124.6404171181,4232154.639986312,5910.9,590.9,0
37,Monfortinho 1,,Hispania Tarraconensis,Portugal,Castelo Branco,Beiras,,,POR 17.1,271.0,307.5,339.0,40.01267954,-6.874035303,,,"Location is actually slightly to the N of this point, at confluence of rio Erges and ribeiro do Segundo Areijo",,,,,,TRUE,0.0,0.0,0.0,0.0,0.0,0.0,0.0,0.0,,Domergue 1990: 41,0.0,0.0,True,False,False,0.0,1.0,0.0,0.0,,Quaternary terrace,,,1,Confirmado,0,No,0,No,0,No,0,No,0,No,0,No,1,0,1,0,0.5,0.9,1.0,0.765,Media Certeza (Grado II),290.0,Macizo Ibérico (Zona Ossa-Morena / Centroibérica),"Pizarras, esquistos y metavulcanitas hercínicas",PALEOZOICO,DEVONICO-CARBONIFERO,ZONA CENTROIBERICA / OSSA MORENA (LNEG),169330.60776436114,4436358.176485722,118956.0,112394.2,0
38,Monfortinho 2,,Hispania Tarraconensis,Portugal,Castelo Branco,Beiras,,,POR 17.2,271.0,307.5,339.0,40.01267954,-6.874035303,,,,,,,,,TRUE,0.0,0.0,0.0,0.0,0.0,0.0,0.0,0.0,,Domergue 1990: 41,0.0,0.0,True,False,False,0.0,1.0,0.0,0.0,,Quaternary terrace,,,1,Confirmado,0,No,0,No,0,No,0,No,0,No,0,No,1,0,1,0,0.5,0.9,1.0,0.765,Media Certeza (Grado II),290.0,Macizo Ibérico (Zona Ossa-Morena / Centroibérica),"Pizarras, esquistos y metavulcanitas hercínicas",PALEOZOICO,DEVONICO-CARBONIFERO,ZONA CENTROIBERICA / OSSA MORENA (LNEG),169330.60776436114,4436358.176485722,118956.0,112394.2,0
39,Monfortinho 3 (Fonte Santa),,Hispania Tarraconensis,Portugal,Castelo Branco,Beiras,,,POR 17.3,271.0,307.2,337.2,39.99651051,-6.877844815,,,,,,,,,TRUE,0.0,0.0,0.0,0.0,0.0,0.0,0.0,0.0,,Domergue 1990: 41,0.0,0.0,True,False,False,0.0,1.0,0.0,0.0,,Quaternary terrace,,,1,Confirmado,0,No,0,No,0,No,0,No,0,No,0,No,1,0,1,0,0.5,0.9,1.0,0.765,Media Certeza (Grado II),270.0,Macizo Ibérico (Zona Ossa-Morena / Centroibérica),"Pizarras, esquistos y metavulcanitas hercínicas",PALEOZOICO,DEVONICO-CARBONIFERO,ZONA CENTROIBERICA / OSSA MORENA (LNEG),168927.12657888484,4434577.020552364,117129.8,110587.2,0
40,Monte Judeu,,Hispania Baetica,Portugal,Beja,Picos de Aroche,,,POR 9,524.0,268.5,119.9,38.04335366,-7.352737619,,,,,,,,,FALSE,0.0,0.0,1.0,0.0,0.0,0.0,0.0,0.0,,Domergue 1990: 61,,,False,False,False,0.0,0.0,0.0,,,Hard rock,Primary,,0,No,0,No,1,Confirmado,0,No,0,No,0,No,0,No,0,0,0,0,0.5,0.9,1.0,0.765,Media Certeza (Grado II),240.0,Macizo Ibérico (Zona Ossa-Morena / Centroibérica),"Pizarras, esquistos y metavulcanitas hercínicas",PALEOZOICO,DEVONICO-CARBONIFERO,ZONA CENTROIBERICA / OSSA MORENA (LNEG),117977.30086702813,4219577.490210949,8431.8,341.1,0
133,Nogueirinha,,Lusitania,Portugal,Évora,Alentejo,,,POR 22,459.0,200.4,174.0,38.53331052,-8.128499598,,,,,,,,,FALSE,0.0,0.0,0.0,0.0,1.0,0.0,0.0,0.0,,Domergue 1990: 62,,,False,False,False,0.0,0.0,0.0,,,,,,0,No,0,No,0,No,0,No,0,No,0,No,1,Confirmado,0,0,0,0,0.5,0.9,1.0,0.765,Media Certeza (Grado II),339.0,Macizo Ibérico (Zona Ossa-Morena / Centroibérica),"Pizarras, esquistos y metavulcanitas hercínicas",PALEOZOICO,DEVONICO-CARBONIFERO,ZONA CENTROIBERICA / OSSA MORENA (LNEG),52877.225410944084,4277474.430896554,44481.0,43925.4,0
134,Outeiro Machado,,Hispania Tarraconensis,Portugal,Northern Portugal,Northern Portugal,,NP-12,,,,,41.750612,-7.515958,500.0,Location is for the rock art site of Outeiro Machado; mines are said to be nearby,,,,,,,TRUE,0.0,0.0,0.0,0.0,0.0,0.0,0.0,0.0,,"Sanchez-Palencia and Orejas 1994, 198",1.0,,,False,False,0.0,0.0,0.0,0.0,,,Primary,Extensive,1,Confirmado,0,No,0,No,0,No,0,No,0,No,0,No,0,0,1,0,0.85,0.9,1.0,0.905,Alta Certeza (Grado I),452.0,Macizo Ibérico (Zona Ossa-Morena / Centroibérica),"Pizarras, esquistos y metavulcanitas hercínicas",PALEOZOICO,DEVONICO-CARBONIFERO,ZONA CENTROIBERICA / OSSA MORENA (LNEG),124497.86179222574,4631952.417304267,97323.9,97459.0,0
135,Paulinos,,Hispania Tarraconensis,Portugal,Braga,Trás-os-montes,,,POR 12,70.0,169.9,508.9,41.5488674,-8.493903507,,,,,,,,,FALSE,0.0,0.0,0.0,1.0,0.0,0.0,0.0,0.0,,Domergue 1990: 41,,,False,False,False,0.0,0.0,0.0,,,Hard rock,Primary,,0,No,0,No,0,No,0,No,0,No,1,Confirmado,0,No,0,0,0,0,0.5,0.9,1.0,0.765,Media Certeza (Grado II),130.0,Macizo Ibérico (Zona Ossa-Morena / Centroibérica),"Pizarras, esquistos y metavulcanitas hercínicas",PALEOZOICO,DEVONICO-CARBONIFERO,ZONA CENTROIBERICA / OSSA MORENA (LNEG),41723.47558308096,4614286.003918589,141702.2,136997.2,0
136,Picalto,,Lusitania,Portugal,Faro,Algarve,,,POR 25,587.0,190.5,33.0,37.26293846,-8.240163649,,,,,,,,,FALSE,0.0,0.0,1.0,0.0,0.0,0.0,0.0,0.0,,Domergue 1990: 62,,,False,False,False,0.0,0.0,0.0,,,,,,0,No,0,No,1,Confirmado,0,No,0,No,0,No,0,No,0,0,0,0,0.5,0.9,1.0,0.765,Media Certeza (Grado II),236.0,Macizo Ibérico (Zona Ossa-Morena / Centroibérica),"Pizarras, esquistos y metavulcanitas hercínicas",PALEOZOICO,DEVONICO-CARBONIFERO,ZONA CENTROIBERICA / OSSA MORENA (LNEG),35187.22267904837,4136931.793767972,66202.5,63999.8,0
137,Pirâmide de Santa Justa,,Hispania Tarraconensis,Portugal,Northern Portugal,Northern Portugal,,NP-03,,,,,41.171439,-8.494012,1000.0,"Guessed from Google Earth and Sanchez-Palencia and Orejas 1994, fig. 12",,,,,,,TRUE,0.0,0.0,0.0,0.0,0.0,0.0,0.0,0.0,,"Sanchez-Palencia and Orejas 1994, 198",,,,False,False,0.0,0.0,0.0,0.0,,,Primary,Selective - Extensive,1,Confirmado,0,No,0,No,0,No,0,No,0,No,0,No,0,0,0,0,0.7,0.9,1.0,0.845,Alta Certeza (Grado I),366.0,Macizo Ibérico (Zona Ossa-Morena / Centroibérica),"Pizarras, esquistos y metavulcanitas hercínicas",PALEOZOICO,DEVONICO-CARBONIFERO,ZONA CENTROIBERICA / OSSA MORENA (LNEG),39049.72943967115,4572361.397330069,178747.9,176110.3,0
138,Poço das Freitas,,Hispania Tarraconensis,Portugal,Vila Real,Trás-os-montes,,NP-10,POR 42,46.0,244.5,529.9,41.73727222,-7.598234313,,,,,,,,,TRUE,0.0,0.0,0.0,0.0,0.0,0.0,0.0,0.0,,"Domergue 1990: 41; Sanchez-Palencia and Orejas 1994, 198",1.0,1.0,False,False,False,0.0,0.0,0.0,0.0,,Gold-bearing quartz arsenopyrite veins in granite.,Primary,Extensive,1,Confirmado,0,No,0,No,0,No,0,No,0,No,0,No,0,1,1,0,0.5,1.0,1.0,0.8,Alta Certeza (Grado I),542.0,Macizo Ibérico (Zona Ossa-Morena / Centroibérica),"Pizarras, esquistos y metavulcanitas hercínicas",PALEOZOICO,DEVONICO-CARBONIFERO,ZONA CENTROIBERICA / OSSA MORENA (LNEG),117575.59226259001,4630834.028497595,98945.2,98945.2,0
139,Batocas (Poço das Freitas),,Hispania Tarraconensis,Portugal,Vila Real,Trás-os-montes,,,POR 42,33.0,244.3,531.9,41.75528934,-7.600489841,,,,,,,,,TRUE,0.0,0.0,0.0,0.0,0.0,0.0,0.0,0.0,,Domergue 1990: 41; Lima et al. 2014,0.0,1.0,False,False,False,0.0,0.0,0.0,0.0,,Hard rock,Primary,,1,Confirmado,0,No,0,No,0,No,0,No,0,No,0,No,0,1,0,0,0.5,0.9,1.0,0.765,Media Certeza (Grado II),556.0,Macizo Ibérico (Zona Ossa-Morena / Centroibérica),"Pizarras, esquistos y metavulcanitas hercínicas",PALEOZOICO,DEVONICO-CARBONIFERO,ZONA CENTROIBERICA / OSSA MORENA (LNEG),117495.17271520861,4632845.143528942,96944.0,96944.0,0
140,Quarta Feira,,Hispania Tarraconensis,Portugal,Guarda,Beiras,,,POR 28,226.0,279.0,377.2,40.35979926,-7.203108594,,,,,,,,,FALSE,0.0,0.0,1.0,0.0,0.0,0.0,0.0,0.0,,Domergue 1990: 42,,,False,False,False,0.0,0.0,0.0,,,Hard rock,,,0,No,0,No,1,Confirmado,0,No,0,No,0,No,0,No,0,0,0,0,0.5,0.9,1.0,0.765,Media Certeza (Grado II),577.0,Macizo Ibérico (Zona Ossa-Morena / Centroibérica),"Pizarras, esquistos y metavulcanitas hercínicas",PALEOZOICO,DEVONICO-CARBONIFERO,ZONA CENTROIBERICA / OSSA MORENA (LNEG),143061.9240054643,4476179.231309585,156095.6,142079.1,0
141,Recarei,,Hispania Tarraconensis,Portugal,Northern Portugal,Northern Portugal,,NP-04,,,,,41.157252,-8.434914,1000.0,"Placename, Google Earth",,,,,,,TRUE,0.0,0.0,0.0,0.0,0.0,0.0,0.0,0.0,,"Sanchez-Palencia and Orejas 1994, 198",,,,False,False,0.0,0.0,0.0,0.0,,,Primary,Extensive,1,Confirmado,0,No,0,No,0,No,0,No,0,No,0,No,0,0,0,0,0.7,0.9,1.0,0.845,Alta Certeza (Grado I),176.0,Macizo Ibérico (Zona Ossa-Morena / Centroibérica),"Pizarras, esquistos y metavulcanitas hercínicas",PALEOZOICO,DEVONICO-CARBONIFERO,ZONA CENTROIBERICA / OSSA MORENA (LNEG),43911.37664591026,4570473.123287622,178169.6,176059.1,0
142,Río Miño 3: Rio Mouro,,Hispania Tarraconensis,Portugal,Viano do Castelo,Cuenca media del Miño,,,POR 37,3.0,177.5,567.5,42.07670386,-8.405047143,,,,,,,,,TRUE,0.0,0.0,0.0,0.0,0.0,0.0,0.0,0.0,,Domergue 1990: 41,,,,,,,,,,,Quaternary terrace,,,1,Confirmado,0,No,0,No,0,No,0,No,0,No,0,No,0,0,0,0,0.5,0.9,1.0,0.765,Media Certeza (Grado II),44.0,Macizo Ibérico (Zona Ossa-Morena / Centroibérica),"Pizarras, esquistos y metavulcanitas hercínicas",PALEOZOICO,DEVONICO-CARBONIFERO,ZONA CENTROIBERICA / OSSA MORENA (LNEG),52836.746031969145,4672448.959439153,91349.6,82138.8,0
143,Río Miño 4: Monção,,Hispania Tarraconensis,Portugal,Viano do Castelo,Cuenca media del Miño,,,POR 38,2.0,167.7,567.3,42.07456039,-8.523459902,,,,,,,,,TRUE,0.0,0.0,0.0,0.0,0.0,0.0,0.0,0.0,,Domergue 1990: 41,,,,,,,,,,,Quaternary terrace,,,1,Confirmado,0,No,0,No,0,No,0,No,0,No,0,No,0,0,0,0,0.5,0.9,1.0,0.765,Media Certeza (Grado II),15.0,Macizo Ibérico (Zona Ossa-Morena / Centroibérica),"Pizarras, esquistos y metavulcanitas hercínicas",PALEOZOICO,DEVONICO-CARBONIFERO,ZONA CENTROIBERICA / OSSA MORENA (LNEG),43021.90453456994,4672839.0477306815,97992.5,88456.8,0
144,Río Ponsul,,Hispania Tarraconensis,Portugal,Castelo Branco,Beiras,,,POR 16,293.0,265.0,316.0,39.80988767,-7.374041294,,,,,,,,,TRUE,0.0,0.0,0.0,0.0,0.0,0.0,0.0,0.0,,Domergue 1990: 41,0.0,0.0,True,False,False,0.0,1.0,0.0,0.0,,Quaternary terrace,,,1,Confirmado,0,No,0,No,0,No,0,No,0,No,0,No,1,0,1,0,0.5,0.9,1.0,0.765,Media Certeza (Grado II),149.0,Macizo Ibérico (Zona Ossa-Morena / Centroibérica),"Pizarras, esquistos y metavulcanitas hercínicas",PALEOZOICO,DEVONICO-CARBONIFERO,ZONA CENTROIBERICA / OSSA MORENA (LNEG),125533.66576805548,4415818.127322464,97532.7,90627.2,0
145,Ruy Gomes,,Hispania Baetica,Portugal,Beja,Picos de Aroche,,,POR 8,513.0,266.4,127.8,38.11467547,-7.375926245,,,,,,,,,FALSE,0.0,0.0,1.0,0.0,0.0,0.0,0.0,0.0,,Domergue 1990: 61,,,False,False,False,0.0,0.0,0.0,,,Hard rock,Primary,,0,No,0,No,1,Confirmado,0,No,0,No,0,No,0,No,0,0,0,0,0.5,0.9,1.0,0.765,Media Certeza (Grado II),171.0,Macizo Ibérico (Zona Ossa-Morena / Centroibérica),"Pizarras, esquistos y metavulcanitas hercínicas",PALEOZOICO,DEVONICO-CARBONIFERO,ZONA CENTROIBERICA / OSSA MORENA (LNEG),116314.91730211861,4227592.222118505,939.7,1425.5,13
146,San Domingos,,Hispania Baetica,Portugal,Beja,Huelva,,,POR 7,559.0,256.7,78.2,37.66849754,-7.49041657,,,,,,,,,FALSE,1.0,0.0,1.0,0.0,0.0,0.0,0.0,0.0,,Domergue 1990: 62,0.0,1.0,False,False,False,0.0,0.0,0.0,0.0,,Pyrite,,,0,No,1,Confirmado,1,Confirmado,0,No,0,No,0,No,0,No,0,1,0,0,0.5,0.9,1.0,0.765,Media Certeza (Grado II),114.0,Macizo Ibérico (Zona Ossa-Morena / Centroibérica),"Pizarras, esquistos y metavulcanitas hercínicas",PALEOZOICO,DEVONICO-CARBONIFERO,ZONA CENTROIBERICA / OSSA MORENA (LNEG),103881.91492285277,4178531.823979372,3762.5,4984.4,1
148,Santo Estevão,,Lusitania,Portugal,Faro,Algarve,,,POR 27,595.0,178.8,28.2,37.2194949,-8.371923707,,,,,,,,,FALSE,0.0,0.0,1.0,0.0,0.0,0.0,0.0,0.0,,Domergue 1990: 62,,,False,False,False,0.0,0.0,0.0,,,,,,0,No,0,No,1,Confirmado,0,No,0,No,0,No,0,No,0,0,0,0,0.5,0.9,1.0,0.765,Media Certeza (Grado II),67.0,Macizo Ibérico (Zona Ossa-Morena / Centroibérica),"Pizarras, esquistos y metavulcanitas hercínicas",PALEOZOICO,DEVONICO-CARBONIFERO,ZONA CENTROIBERICA / OSSA MORENA (LNEG),23216.202322039695,4132764.304871941,78504.3,75091.1,0
149,Seixo,,Hispania Tarraconensis,Portugal,Northern Portugal,Northern Portugal,,NP-14,,,,,41.19008,-7.26548,2000.0,Google Earth,,,,,,,TRUE,0.0,0.0,0.0,0.0,0.0,0.0,0.0,0.0,,"Sanchez-Palencia and Orejas 1994, 198",,,,False,False,0.0,0.0,0.0,0.0,,,Primary,Extensive,1,Confirmado,0,No,0,No,0,No,0,No,0,No,0,No,0,0,0,0,0.5,0.9,1.0,0.765,Media Certeza (Grado II),659.0,Macizo Ibérico (Zona Ossa-Morena / Centroibérica),"Pizarras, esquistos y metavulcanitas hercínicas",PALEOZOICO,DEVONICO-CARBONIFERO,ZONA CENTROIBERICA / OSSA MORENA (LNEG),142254.88789297553,4568636.483408719,160715.0,156983.7,0
150,Serra de Arga,,Hispania Tarraconensis,Portugal,Northern Portugal,Northern Portugal,,NP-21,,,,,41.806046,-8.713685,3000.0,Google Earth,,,,,,,TRUE,0.0,0.0,0.0,0.0,0.0,0.0,0.0,0.0,,"Sanchez-Palencia and Orejas 1994, 199",,,,False,False,0.0,0.0,0.0,0.0,,,Primary,Selective - Extensive,1,Confirmado,0,No,0,No,0,No,0,No,0,No,0,No,0,0,0,0,0.5,0.9,1.0,0.765,Media Certeza (Grado II),650.0,Macizo Ibérico (Zona Ossa-Morena / Centroibérica),"Pizarras, esquistos y metavulcanitas hercínicas",PALEOZOICO,DEVONICO-CARBONIFERO,ZONA CENTROIBERICA / OSSA MORENA (LNEG),25283.901054030925,4644048.610485761,130703.0,121629.5,0
151,Serra de Banjas / Mias das Banjas,,Hispania Tarraconensis,Portugal,Porto,Trás-os-montes,,NP-05,POR 30,134.0,178.6,458.2,41.09264776,-8.387838816,200.0,"Converted in QGIS from Lambert coords, Madrid 1870",,,,,,,TRUE,0.0,0.0,0.0,0.0,0.0,0.0,0.0,0.0,,"Domergue 1990: 41; Sanchez-Palencia and Orejas 1994, 198",0.0,1.0,False,False,False,0.0,0.0,0.0,0.0,,Hard rock,Primary,Selective - Extensive,1,Confirmado,0,No,0,No,0,No,0,No,0,No,0,No,0,1,0,0,0.85,1.0,1.0,0.94,Alta Certeza (Grado I),218.0,Macizo Ibérico (Zona Ossa-Morena / Centroibérica),"Pizarras, esquistos y metavulcanitas hercínicas",PALEOZOICO,DEVONICO-CARBONIFERO,ZONA CENTROIBERICA / OSSA MORENA (LNEG),47418.259721254115,4563050.614123151,183332.6,181834.7,0
152,Serra de Caveira,,Lusitania,Portugal,Setubal,Alentejo,,,POR 36,506.0,167.2,127.9,38.11740938,-8.50711216,,,,,,,,,FALSE,0.0,0.0,1.0,0.0,0.0,0.0,0.0,0.0,,Domergue 1990: 62,0.0,1.0,False,False,False,0.0,0.0,0.0,0.0,,Pyrite,,,0,No,0,No,1,Confirmado,0,No,0,No,0,No,0,No,0,1,0,0,0.5,0.9,1.0,0.765,Media Certeza (Grado II),173.0,Macizo Ibérico (Zona Ossa-Morena / Centroibérica),"Pizarras, esquistos y metavulcanitas hercínicas",PALEOZOICO,DEVONICO-CARBONIFERO,ZONA CENTROIBERICA / OSSA MORENA (LNEG),17084.13900556037,4233192.778375262,78865.1,79397.5,0
153,Serra de Queiriga,,Hispania Tarraconensis,Portugal,Guarda,Beiras,,,POR 46,167.0,233.0,424.0,40.78431492,-7.742175823,,,,,,,,,FALSE,0.0,0.0,0.0,1.0,0.0,0.0,0.0,0.0,,Domergue 1990: 42,,,False,False,False,0.0,0.0,0.0,,,Hard rock,,,0,No,0,No,0,No,0,No,0,No,1,Confirmado,0,No,0,0,0,0,0.5,0.9,1.0,0.765,Media Certeza (Grado II),616.0,Macizo Ibérico (Zona Ossa-Morena / Centroibérica),"Pizarras, esquistos y metavulcanitas hercínicas",PALEOZOICO,DEVONICO-CARBONIFERO,ZONA CENTROIBERICA / OSSA MORENA (LNEG),99810.90737148165,4525645.749768593,205085.2,190783.9,0
154,Serra de Santa Justa / Fojo das Pombas,,Hispania Tarraconensis,Portugal,Porto,Trás-os-montes,,NP-02,POR 31,123.0,169.4,468.2,41.18239405,-8.497837306,100.0,"Converted in QGIS from Lambert coords, Madrid 1870",,,,,,,TRUE,0.0,0.0,0.0,0.0,0.0,0.0,0.0,0.0,"Open trenches and underground galleries, with stepped descent. Some shafts up to 70 m deep. Large exploitation chamber.","Domergue 1990: 41; Sanchez-Palencia and Orejas 1994, 198; http://arqueologia.patrimoniocultural.pt/index.php?sid=sitios.resultados&subsid=47630 ; https://aesda.org/tag/valongo/",0.0,1.0,False,False,False,0.0,0.0,0.0,0.0,,Hard rock,Primary,Selective - Extensive,1,Confirmado,0,No,0,No,0,No,0,No,0,No,0,No,0,1,0,0,1.0,1.0,1.0,1.0,Alta Certeza (Grado I),264.0,Macizo Ibérico (Zona Ossa-Morena / Centroibérica),"Pizarras, esquistos y metavulcanitas hercínicas",PALEOZOICO,DEVONICO-CARBONIFERO,ZONA CENTROIBERICA / OSSA MORENA (LNEG),38805.77023868088,4573598.632571525,177777.7,175063.7,0
155,Tagus 1: Mouriscas,,Hispania Tarraconensis,Portugal,Santarem,Beiras,,,POR 33,332.0,203.0,277.5,39.46560039,-8.098241904,,,,,,,,,TRUE,0.0,0.0,0.0,0.0,0.0,0.0,0.0,0.0,,Domergue 1990: 41,0.0,0.0,True,False,False,0.0,1.0,0.0,0.0,,Quaternary terrace,,,1,Confirmado,0,No,0,No,0,No,0,No,0,No,0,No,1,0,1,0,0.5,0.9,1.0,0.765,Media Certeza (Grado II),96.0,Macizo Ibérico (Zona Ossa-Morena / Centroibérica),"Pizarras, esquistos y metavulcanitas hercínicas",PALEOZOICO,DEVONICO-CARBONIFERO,ZONA CENTROIBERICA / OSSA MORENA (LNEG),61330.257205499394,4380870.014144328,82958.5,67785.5,0
156,Tagus 2: Abrantes,,Hispania Tarraconensis,Portugal,Santarem,Beiras,,,POR 32,331.0,195.0,278.5,39.47459709,-8.191211683,,,,,,,,,TRUE,0.0,0.0,0.0,0.0,0.0,0.0,0.0,0.0,,Domergue 1990: 41,0.0,0.0,True,False,False,0.0,1.0,0.0,0.0,,Quaternary terrace,,,1,Confirmado,0,No,0,No,0,No,0,No,0,No,0,No,1,0,1,0,0.5,0.9,1.0,0.765,Media Certeza (Grado II),52.0,Macizo Ibérico (Zona Ossa-Morena / Centroibérica),"Pizarras, esquistos y metavulcanitas hercínicas",PALEOZOICO,DEVONICO-CARBONIFERO,ZONA CENTROIBERICA / OSSA MORENA (LNEG),53384.36440877424,4382327.290981154,88130.3,73156.9,0
157,Tagus 3: Confluence Zêzere-Tagus,,Hispania Tarraconensis,Portugal,Santarem,Beiras,,,POR 34,331.0,185.0,279.0,39.4789832,-8.307440301,,,,,,,,,TRUE,0.0,0.0,0.0,0.0,0.0,0.0,0.0,0.0,,Domergue 1990: 41,0.0,0.0,True,False,False,0.0,1.0,0.0,0.0,,Quaternary terrace,,,1,Confirmado,0,No,0,No,0,No,0,No,0,No,0,No,1,0,1,0,0.5,0.9,1.0,0.765,Media Certeza (Grado II),48.0,Macizo Ibérico (Zona Ossa-Morena / Centroibérica),"Pizarras, esquistos y metavulcanitas hercínicas",PALEOZOICO,DEVONICO-CARBONIFERO,ZONA CENTROIBERICA / OSSA MORENA (LNEG),43408.20833554241,4383398.847706002,94586.0,79748.3,0
158,Tinas,,Hispania Tarraconensis,Portugal,Northern Portugal,Northern Portugal,,NP-23,,,,,41.795201,-8.337281,5000.0,"Guessed from Google Earth and Sanchez-Palencia and Orejas 1994, fig. 12",,,,,,,TRUE,0.0,0.0,0.0,0.0,0.0,0.0,0.0,0.0,,"Sanchez-Palencia and Orejas 1994, 199",,,,False,False,0.0,0.0,0.0,0.0,,,Primary,Extensive,1,Confirmado,0,No,0,No,0,No,0,No,0,No,0,No,0,0,0,0,0.5,0.9,1.0,0.765,Media Certeza (Grado II),236.0,Macizo Ibérico (Zona Ossa-Morena / Centroibérica),"Pizarras, esquistos y metavulcanitas hercínicas",PALEOZOICO,DEVONICO-CARBONIFERO,ZONA CENTROIBERICA / OSSA MORENA (LNEG),56492.4268842992,4640826.545327286,111574.8,106636.2,0
159,Três Minas - Corta de Covas,,Hispania Tarraconensis,Portugal,Vila Real,Trás-os-montes,,NP-09,POR 45,75.0,251.3,502.9,41.496453,-7.525246,0.0,Google Earth,,-20.0,50.0,120.0,230.0,,TRUE,0.0,0.0,0.0,0.0,0.0,0.0,0.0,0.0,"Work started shortly after conquest in the 1st century BC then lasted until the 3rd century AD. Corta de Covas opencast, 430 m in length, 2.3 million m³ removed. Traces of firesetting at the base. Underground galleries for ore extraction, and prospection. Peak extraction dates to first half of second century AD. Anvil stones from Roman water-powered ore-crushing machines have been found.","Domergue 1990: 41; Wahl 1993: 123-157; Sanchez-Palencia and Orejas 1994, 198",1.0,1.0,False,False,False,0.0,0.0,0.0,0.0,Ore-crushing anvils from machines,Hard rock,Primary,Extensive,1,Confirmado,0,No,0,No,0,No,0,No,0,No,0,No,0,1,1,0,1.0,1.0,1.0,1.0,Alta Certeza (Grado I),812.0,Macizo Ibérico (Zona Ossa-Morena / Centroibérica),"Pizarras, esquistos y metavulcanitas hercínicas",PALEOZOICO,DEVONICO-CARBONIFERO,ZONA CENTROIBERICA / OSSA MORENA (LNEG),122241.41960142512,4603765.55107267,125588.5,125732.7,0
160,Trincheiras,,Hispania Tarraconensis,Portugal,Vila Real,Trás-os-montes,,,POR 43,34.0,257.7,335.2,39.98332173,-7.457592038,,,,,,,,,TRUE,0.0,0.0,0.0,0.0,0.0,0.0,0.0,0.0,,Domergue 1990: 41,0.0,1.0,False,False,False,0.0,0.0,0.0,0.0,,Hard rock,Primary,,1,Confirmado,0,No,0,No,0,No,0,No,0,No,0,No,0,1,0,0,0.5,0.9,1.0,0.765,Media Certeza (Grado II),406.0,Macizo Ibérico (Zona Ossa-Morena / Centroibérica),"Pizarras, esquistos y metavulcanitas hercínicas",PALEOZOICO,DEVONICO-CARBONIFERO,ZONA CENTROIBERICA / OSSA MORENA (LNEG),119341.23683349596,4435431.435981141,117991.4,109532.1,0
161,Vila Mou,,Hispania Tarraconensis,Portugal,Viano do Castelo,Trás-os-montes,,,POR 40,41.0,153.0,529.5,41.73351537,-8.698071507,,,,,,,,,FALSE,0.0,0.0,0.0,1.0,0.0,0.0,0.0,0.0,,Domergue 1990: 41,,,False,False,False,0.0,0.0,0.0,,,Hard rock,Primary,,0,No,0,No,0,No,0,No,0,No,1,Confirmado,0,No,0,0,0,0,0.5,0.9,1.0,0.765,Media Certeza (Grado II),43.0,Macizo Ibérico (Zona Ossa-Morena / Centroibérica),"Pizarras, esquistos y metavulcanitas hercínicas",PALEOZOICO,DEVONICO-CARBONIFERO,ZONA CENTROIBERICA / OSSA MORENA (LNEG),26046.062691168452,4635905.031827155,135618.0,127397.0,0
162,Zambujal,,Lusitania,Portugal,Beja,Alentejo,,,POR 4,488.0,209.8,143.9,38.26209908,-8.021107841,,,,,,,,,FALSE,0.0,0.0,0.0,0.0,1.0,0.0,0.0,0.0,,Domergue 1990: 62,,,False,False,False,0.0,0.0,0.0,,,,,,0,No,0,No,0,No,0,No,0,No,0,No,1,Confirmado,0,0,0,0,0.5,0.9,1.0,0.765,Media Certeza (Grado II),240.0,Macizo Ibérico (Zona Ossa-Morena / Centroibérica),"Pizarras, esquistos y metavulcanitas hercínicas",PALEOZOICO,DEVONICO-CARBONIFERO,ZONA CENTROIBERICA / OSSA MORENA (LNEG),60601.781059684,4246836.105950309,33259.0,34892.5,0
391,Arroyo del Salgueral,,Hispania Tarraconensis,Spain,León,Cuenca Alta del Tuerto,,AT-13,LE 58,160.0,,,42.587941,-6.10518,50.0,"Google Earth and Domergue 1988 vol. II, 343",,,,,,,TRUE,0.0,0.0,0.0,0.0,0.0,0.0,0.0,0.0,,"Domergue 1988, 343; Sanchez-Palencia and Orejas 1994, 190",1.0,0.0,True,False,False,0.0,1.0,0.0,0.0,,Colluvial deposits,Secondary - Primary,Extensive,1,Confirmado,0,No,0,No,0,No,0,No,0,No,0,No,1,0,1,0,1.0,1.0,1.0,1.0,Alta Certeza (Grado I),1073.0,Cuarcitas; pizarras; areniscas; calizas y vulcanitas,"Areniscas, pizarras, cuarcitas o calizas y conglomerados",PALEOZOICO,CAMBRICO-ORDOVICICO, ,245206.5178464793,4719732.71344073,12959.6,18991.0,0
429,Barranco de Santa Filomena,,Hispania Tarraconensis,Spain,Cuenca,,,,CU 1,665.0,801.0,581.5,39.80928761,-1.33769529,100.0,"Converted in QGIS from Lambert coords, Madrid 1870",,,,,,,FALSE,0.0,0.0,1.0,0.0,0.0,0.0,0.0,0.0,,Domergue 1990: 64,,,False,False,False,0.0,0.0,0.0,,,,,,0,No,0,No,1,Confirmado,0,No,0,No,0,No,0,No,0,0,0,0,1.0,0.9,1.0,0.965,Alta Certeza (Grado I),1025.0,Calizas; dolomias y margas; Conglomerados y areniscas,"Calizas, margas, calizas nodulosas y radiolaritas. Rocas volcánicas",MESOZOICO,JURASICO-CRETACICO, ,642291.4292888341,4407912.087375764,18639.8,234.5,0
430,Barranco Hondillo,,Hispania Baetica,Spain,Jaén,,,,J 27,863.0,643.2,420.5,38.38035345,-3.19315217,100.0,"Converted in QGIS from Lambert coords, Madrid 1870",,,,,,,FALSE,1.0,1.0,0.0,0.0,0.0,0.0,0.0,0.0,,Domergue 1990: 49,,,False,False,False,0.0,0.0,0.0,,,Hard rock,Primary,,0,No,1,Confirmado,0,No,1,Confirmado,0,No,0,No,0,No,0,0,0,0,1.0,0.9,1.0,0.965,Alta Certeza (Grado I),686.0,Cuarcitas; pizarras; areniscas; calizas y vulcanitas,"Pizarras, areniscas, cuarcitas y calizas o rocas vulcanoclásticas",PALEOZOICO,ORDOVICICO, ,483129.7099087535,4248035.050692075,1149.9,3138.4,1
431,Barreiro,,Hispania Tarraconensis,Spain,Lugo,Cuenca media del Sil,,MS-045,,,,,42.455589,-7.327043,500.0,"Estimated from Google Earth, IGN map, and Sanchez-Palencia and Orejas 1994, fig. 16","Is this Monte Barreiro, = Domergue LU 13.2.1?",,,,,,TRUE,0.0,0.0,0.0,0.0,0.0,0.0,0.0,0.0,,"Sanchez-Palencia and Orejas 1994, 195",1.0,0.0,True,,,,,,,,,Secondary,Extensive,1,Confirmado,0,No,0,No,0,No,0,No,0,No,0,No,1,0,1,0,0.85,0.9,1.0,0.905,Alta Certeza (Grado I),310.0,Areniscas; pizarras y calizas,"Pizarras, esquistos, areniscas, calizas, ampelitas y liditas",PALEOZOICO,SILURICO-DEVONICO, ,144181.71474877762,4709440.321416882,19901.5,19999.1,0
432,Barrio Nuevo,,Hispania Baetica,Spain,Badajoz,La Serena,,,BA 41,805.0,438.5,465.3,38.770177,-5.54812106,100.0,"Converted in QGIS from Lambert coords, Madrid 1870",,,,,,,FALSE,1.0,1.0,0.0,0.0,0.0,0.0,0.0,0.0,,Domergue 1990: 45,,,False,False,False,0.0,0.0,0.0,,,Hard rock,Primary,,0,No,1,Confirmado,0,No,1,Confirmado,0,No,0,No,0,No,0,0,0,0,1.0,0.9,1.0,0.965,Alta Certeza (Grado I),391.0,Gneises; esquistos; marmoles y vulcanitas,"Pizarras, grauwacas, conglomerados o porfiroides",PROTEROZOICO, , ,278625.81192325125,4294357.037930647,5558.1,3175.8,0
433,Begega - El Valle,,Hispania Tarraconensis,Spain,Oviedo,Cuenca del Narcea,,NA-42,,,,,43.28577,-6.299792,500.0,"Estimated from Sanchez-Palencia and Orejas 1994, fig. 13, and Google Earth",,,,,,,TRUE,0.0,0.0,0.0,0.0,0.0,0.0,0.0,0.0,,"Sanchez-Palencia and Orejas 1994, 198",,,,,,,,,,Apparently destroyed by modern mine.,,Primary,Extensive,1,Confirmado,0,No,0,No,0,No,0,No,0,No,0,No,0,0,0,0,0.85,0.9,1.0,0.905,Alta Certeza (Grado I),490.0,Cuarcitas; pizarras; areniscas; calizas y vulcanitas,"Areniscas, pizarras, cuarcitas o calizas y conglomerados",PALEOZOICO,CAMBRICO-ORDOVICICO, ,232280.147243704,4797838.674955801,9897.9,8541.9,0
434,Benllera,,Hispania Tarraconensis,Spain,León,Cuenca Alta del Orbigo,,AO-30,,,,,42.769431,-5.739137,500.0,Guessed: probable opencast on Google Earth,,,,,,,TRUE,0.0,0.0,0.0,0.0,0.0,0.0,0.0,0.0,,"Sanchez-Palencia and Orejas 1994, 189",1.0,0.0,True,,,,,,,,,Secondary,Extensive,1,Confirmado,0,No,0,No,0,No,0,No,0,No,0,No,1,0,1,0,0.85,0.9,1.0,0.905,Alta Certeza (Grado I),1100.0,Conglomerados; gravas; arenas y limos,"Conglomerados, gravas, arenas, areniscas, limos y arcillas. Terrazas fluviales y marinas",CENOZOICO,CUATERNARIO, ,275897.6910142535,4738850.018473669,9629.1,1448.8,0
435,Berrocoso,,Hispania Baetica,Spain,Córdoba,Los Pedroches,,,CO 15,858.0,494.7,422.0,38.38853471,-4.89415277,100.0,"Converted in QGIS from Lambert coords, Madrid 1870",,,,,,,FALSE,0.0,0.0,1.0,0.0,0.0,0.0,0.0,0.0,,Domergue 1990: 47,0.0,1.0,False,False,False,0.0,0.0,0.0,0.0,,Hard rock,Primary,,0,No,0,No,1,Confirmado,0,No,0,No,0,No,0,No,0,1,0,0,1.0,0.9,1.0,0.965,Alta Certeza (Grado I),606.0,Granitoides de emplazamiento epi-mesozonal,Granitoides biotíticos,PALEOZOICO,DEVONICO-CARBONIFERO-PERMICO,ROCAS PLUTONICAS HERCINICAS,334572.71689974127,4250623.597046704,14960.3,11342.1,0
436,Besullo,,Hispania Tarraconensis,Spain,Oviedo,Cuenca del Narcea,,NA-23,,,,,43.187648,-6.62437,1000.0,"Estimated from Sanchez-Palencia and Orejas 1994, fig. 13 and Google Earth",,,,,,,TRUE,0.0,0.0,0.0,0.0,0.0,0.0,0.0,0.0,,"Sanchez-Palencia and Orejas 1994, 197",1.0,0.0,True,,,,,,,,,Secondary,Selective,1,Confirmado,0,No,0,No,0,No,0,No,0,No,0,No,1,0,1,0,0.7,0.9,1.0,0.845,Alta Certeza (Grado I),559.0,Cuarcitas; pizarras; areniscas; calizas y vulcanitas,"Pizarras, grauwacas o arcosas, conglomerados y calizas",PROTEROZOICO-PALEOZOICO,VENDIENSE-CAMBRICO, ,205471.4683303453,4788032.998541533,665.1,1139.2,14
437,Braña de Avelleras,,Hispania Tarraconensis,Spain,Oviedo,Cuenca del Narcea,,NA-10,,,,,43.137245,-6.668311,1500.0,"Estimated from Sanchez-Palencia and Orejas 1994, fig. 13 and Google Earth",,,,,,,TRUE,0.0,0.0,0.0,0.0,0.0,0.0,0.0,0.0,,"Sanchez-Palencia and Orejas 1994, 197",,,,,,,,,,,,Primary,Extensive,1,Confirmado,0,No,0,No,0,No,0,No,0,No,0,No,0,0,0,0,0.5,0.9,1.0,0.765,Media Certeza (Grado II),809.0,Cuarcitas; pizarras; areniscas; calizas y vulcanitas,"Areniscas, pizarras, cuarcitas o calizas y conglomerados",PALEOZOICO,CAMBRICO-ORDOVICICO, ,201654.84850496135,4782590.676767497,2723.3,5372.5,6
438,Brañalebrel,,Hispania Tarraconensis,Spain,Oviedo,Cuenca del Porcia,,PO-01,,,,,43.424806,-6.890274,1000.0,"Placename ""Brañalibel"", Google Earth.",,,,,,,TRUE,0.0,0.0,0.0,0.0,0.0,0.0,0.0,0.0,,"Sanchez-Palencia and Orejas 1994, 201",,,,,,,,,,,,Primary,,1,Confirmado,0,No,0,No,0,No,0,No,0,No,0,No,0,0,0,0,0.7,0.9,1.0,0.845,Alta Certeza (Grado I),653.0,Cuarcitas; pizarras; areniscas; calizas y vulcanitas,"Areniscas, pizarras, cuarcitas o calizas y conglomerados",PALEOZOICO,CAMBRICO-ORDOVICICO, ,185089.7942419435,4815345.327981839,3007.6,3940.3,15
439,Brués,,Hispania Tarraconensis,Spain,Orense,Cuenca media del Miño,,MM-02,,,,,42.455979,-8.158613,100.0,Google Earth,,,,,,,TRUE,0.0,0.0,0.0,0.0,0.0,0.0,0.0,0.0,,"Sanchez-Palencia and Orejas 1994, 194",1.0,,,,,,,,,Google Earth appears to show extensive traces of trenches following veins,,Primary,Selective - Extensive,1,Confirmado,0,No,0,No,0,No,0,No,0,No,0,No,0,0,1,0,1.0,0.9,1.0,0.965,Alta Certeza (Grado I),528.0,Areniscas; pizarras y calizas,"Pizarras, esquistos, areniscas, calizas, ampelitas y liditas",PALEOZOICO,SILURICO-DEVONICO, ,75788.2138665205,4713314.269340313,46001.7,37023.2,0
440,Buiran,,Hispania Tarraconensis,Spain,Lugo,Cuenca Alta del Miño,,AN-07,,,,,42.930757,-7.072386,2000.0,Google Earth,"A guess, on the basis that ""Buiran"" might be a typo for the actual Buisan.",,,,,,TRUE,0.0,0.0,0.0,0.0,0.0,0.0,0.0,0.0,,"Sanchez-Palencia and Orejas 1994, 188",1.0,0.0,True,,,,,,,,,Secondary,Selective,1,Confirmado,0,No,0,No,0,No,0,No,0,No,0,No,1,0,1,0,0.5,0.9,1.0,0.765,Media Certeza (Grado II),531.0,Cuarcitas; pizarras; areniscas; calizas y vulcanitas,"Areniscas, pizarras, cuarcitas o calizas y conglomerados",PALEOZOICO,CAMBRICO-ORDOVICICO, ,167673.51083607605,4761176.762071975,1400.8,2407.8,24
441,Buñola,,Hispania Tarraconensis,Spain,Balearics,Balearics,,,PM 1,670.0,1147.0,586.9,39.70497528,2.703042203,100.0,"Converted in QGIS from Lambert coords, Madrid 1870",,,,,,,FALSE,1.0,1.0,0.0,0.0,0.0,0.0,0.0,0.0,,Domergue 1990: 64,,,False,False,False,0.0,0.0,0.0,,,,,,0,No,1,Confirmado,0,No,1,Confirmado,0,No,0,No,0,No,0,0,0,0,1.0,0.9,1.0,0.965,Alta Certeza (Grado I),367.0,Calizas; dolomias y margas; Conglomerados y areniscas,"Dolomías, calizas y calizas nodulosas",MESOZOICO,JURASICO, ,989047.8107351746,4410590.18484382,265016.1,258286.0,0
442,Burbia,,Hispania Tarraconensis,Spain,León,Cuencas de Cúa y Burbia,,CB-07,,,,,42.792992,-6.774636,1500.0,"Placename, Google Earth.",,,,,,,TRUE,0.0,0.0,0.0,0.0,0.0,0.0,0.0,0.0,,"Sanchez-Palencia and Orejas 1994, 191",,,,,,,,,,,,Primary,Selective - Extensive,1,Confirmado,0,No,0,No,0,No,0,No,0,No,0,No,0,0,0,0,0.5,0.9,1.0,0.765,Media Certeza (Grado II),899.0,Cuarcitas; pizarras; areniscas; calizas y vulcanitas,"Areniscas, pizarras, cuarcitas o calizas y conglomerados",PALEOZOICO,CAMBRICO-ORDOVICICO, ,191287.33641107695,4744740.859088364,763.8,1866.5,21
444,Bustiello de Paredes,,Hispania Tarraconensis,Spain,Oviedo,Cuenca del Esba o Canero,,ES-06,,,,,43.444587,-6.497716,500.0,"Estimated from Sanchez-Palencia and Orejas 1994, fig. 13, and Google Earth",,,,,,,TRUE,0.0,0.0,0.0,0.0,0.0,0.0,0.0,0.0,,"Sanchez-Palencia and Orejas 1994, 193",,,,,,,,,,,,Primary,Extensive,1,Confirmado,0,No,0,No,0,No,0,No,0,No,0,No,0,0,0,0,0.85,0.9,1.0,0.905,Alta Certeza (Grado I),156.0,Cuarcitas; pizarras; areniscas; calizas y vulcanitas,"Pizarras, grauwacas o arcosas, conglomerados y calizas",PROTEROZOICO-PALEOZOICO,VENDIENSE-CAMBRICO, ,216961.25658821827,4816131.996196942,917.2,1013.1,13
445,Cabeza del Agua,,Hispania Baetica,Spain,Huelva,Huelva,,,H 18,959.0,315.1,332.3,37.53989078,-6.91306989,100.0,"Converted in QGIS from Lambert coords, Madrid 1870",,,,,,,FALSE,0.0,0.0,1.0,0.0,0.0,0.0,0.0,0.0,,Domergue 1990: 61,0.0,1.0,False,False,False,0.0,0.0,0.0,0.0,,Pyrite,Primary,,0,No,0,No,1,Confirmado,0,No,0,No,0,No,0,No,0,1,0,0,1.0,0.9,1.0,0.965,Alta Certeza (Grado I),126.0,Conglomerados; areniscas; pizarras; calizas y vulcanitas; Carbon,Pizarras y grauwacas; conglomerados y calizas,PALEOZOICO,DEVONICO-CARBONIFERO, ,154237.76943899796,4161967.531534605,20630.8,27385.9,0
446,Cabezas del Pasto,,Hispania Baetica,Spain,Huelva,Huelva,,,H 39,958.0,278.4,341.3,37.6082037,-7.33224915,100.0,"Converted in QGIS from Lambert coords, Madrid 1870",,,,,,,FALSE,1.0,1.0,1.0,0.0,0.0,0.0,0.0,0.0,,Domergue 1990: 62,0.0,1.0,False,False,False,0.0,0.0,0.0,0.0,,Pyrite,Primary,,0,No,1,Confirmado,1,Confirmado,1,Confirmado,0,No,0,No,0,No,0,1,0,0,1.0,0.9,1.0,0.965,Alta Certeza (Grado I),165.0,Conglomerados; areniscas; pizarras; calizas y vulcanitas; Carbon,Vulcanitas y rocas vulcanoclásticas,PALEOZOICO,CARBONIFERO, ,117531.70546184888,4171179.5212346227,6486.7,5912.8,0
447,Cabezo de la Reina,,Hispania Tarraconensis,Spain,Segovia,,,,SG 2,508.0,558.5,679.7,40.7175583,-4.179631046,100.0,"Converted in QGIS from Lambert coords, Madrid 1870",,,,,,,FALSE,0.0,0.0,1.0,0.0,0.0,0.0,0.0,0.0,,Domergue 1990: 64,,,False,False,False,0.0,0.0,0.0,,,,,,0,No,0,No,1,Confirmado,0,No,0,No,0,No,0,No,0,0,0,0,1.0,0.9,1.0,0.965,Alta Certeza (Grado I),1420.0,Granitoides de emplazamiento epi-mesozonal,Granitoides biotíticos,PALEOZOICO,DEVONICO-CARBONIFERO-PERMICO,ROCAS PLUTONICAS HERCINICAS,400367.8703856394,4508073.228649484,5514.4,7002.5,0
448,Cabezo de los Silos,,Hispania Baetica,Spain,Huelva,Huelva,,,H 41,936.0,276.4,350.1,37.6867135,-7.35899187,100.0,"Converted in QGIS from Lambert coords, Madrid 1870",,,,,,,FALSE,0.0,0.0,1.0,0.0,0.0,0.0,0.0,0.0,,Domergue 1990: 62,0.0,1.0,False,False,False,0.0,0.0,0.0,0.0,,Pyrite,Primary,,0,No,0,No,1,Confirmado,0,No,0,No,0,No,0,No,0,1,0,0,1.0,0.9,1.0,0.965,Alta Certeza (Grado I),146.0,Conglomerados; areniscas; pizarras; calizas y vulcanitas; Carbon,Vulcanitas y rocas vulcanoclásticas,PALEOZOICO,CARBONIFERO, ,115575.43399524898,4180005.8066230426,2136.5,125.6,11
449,Cabezo Hueca,,Hispania Baetica,Spain,Huelva,Huelva,,,H 8,959.0,300.5,338.4,37.58994716,-7.0808167,100.0,"Converted in QGIS from Lambert coords, Madrid 1870",,,,,,,FALSE,0.0,0.0,1.0,0.0,0.0,0.0,0.0,0.0,,Domergue 1990: 62,0.0,1.0,False,False,False,0.0,0.0,0.0,0.0,,Pyrite,Primary,,0,No,0,No,1,Confirmado,0,No,0,No,0,No,0,No,0,1,0,0,1.0,0.9,1.0,0.965,Alta Certeza (Grado I),264.0,Conglomerados; areniscas; pizarras; calizas y vulcanitas; Carbon,Vulcanitas y rocas vulcanoclásticas,PALEOZOICO,CARBONIFERO, ,139650.87064902368,4168155.9518124606,18594.9,21661.6,0
450,Cabezo Rajado,,Hispania Tarraconensis,Spain,Murcia,Cartagena-Mazarrón,,,MU 4,977.0,846.0,339.5,37.61656939,-0.900306875,100.0,"Converted in QGIS from Lambert coords, Madrid 1870",,,,,,,FALSE,1.0,1.0,0.0,0.0,0.0,0.0,0.0,0.0,,Domergue 1990: 64,0.0,1.0,False,False,False,0.0,0.0,0.0,0.0,,,,,0,No,1,Confirmado,0,No,1,Confirmado,0,No,0,No,0,No,0,1,0,0,1.0,0.9,1.0,0.965,Alta Certeza (Grado I),179.0,Conglomerados; gravas; arenas y limos,"Gravas, arenas, arcillas y limos. Aluvial, playas, flechas litorales",CENOZOICO,CUATERNARIO, ,685313.8096294804,4165347.0736093367,33503.2,30211.3,0
451,Cabo de la Nao,,Hispania Tarraconensis,Spain,Alicante,,,,A 1,823.0,940.0,468.0,38.74237138,0.22764936,100.0,"Converted in QGIS from Lambert coords, Madrid 1870",,-330.0,,,300.0,"Hellenistic-Republican, Roman",FALSE,0.0,0.0,0.0,0.0,1.0,0.0,0.0,0.0,,Domergue 1990: 64,,,False,False,False,0.0,0.0,0.0,,,,,,0,No,0,No,0,No,0,No,0,No,0,No,1,Confirmado,0,0,0,0,1.0,0.9,1.0,0.965,Alta Certeza (Grado I),115.0,Calizas; dolomias y margas; Areniscas,Margas y arcillas con niveles turbidíticos. Margocalizas y calizas margosas (Capas rojas),MESOZOICO,CRETACICO, ,780530.9783197695,4293135.785091267,29902.1,24473.2,0
452,Cádiz,,Hispania Baetica,Spain,Córdoba,Posadas,,,CO 83,943.0,477.3,359.7,37.82466729,-5.08227721,100.0,"Converted in QGIS from Lambert coords, Madrid 1870",,,,,,,FALSE,1.0,1.0,0.0,0.0,0.0,0.0,0.0,0.0,,Domergue 1990: 45,,,False,False,False,0.0,0.0,0.0,,,Hard rock,Primary,,0,No,1,Confirmado,0,No,1,Confirmado,0,No,0,No,0,No,0,0,0,0,1.0,0.9,1.0,0.965,Alta Certeza (Grado I),107.0,Gneises; esquistos; marmoles y vulcanitas,"Esquistos o pizarras, grauwacas y liditas",PROTEROZOICO,RIFEENSE, ,316737.11831003486,4188404.4807049013,12160.2,7524.2,0
453,Cala Reona,,Hispania Tarraconensis,Spain,Murcia,Cartagena-Mazarrón,,,MU 7,978.0,862.0,339.9,37.61551691,-0.718976529,100.0,"Converted in QGIS from Lambert coords, Madrid 1870",,,,,,,FALSE,1.0,1.0,1.0,0.0,0.0,0.0,0.0,0.0,,Domergue 1990: 64,,,False,False,False,0.0,0.0,0.0,,,,,,0,No,1,Confirmado,1,Confirmado,1,Confirmado,0,No,0,No,0,No,0,0,0,0,1.0,0.9,1.0,0.965,Alta Certeza (Grado I),60.0,Rocas metamorficas,"Gneises, migmatitas, micasquistos, esquistos, filitas, mármoles, calizas, y dolomías (M. Alpujárride)",PALEOZOICO-MESOZOICO,TRIASICO,BLOQUE DE ALBORAN,701322.5128253682,4165603.9469215204,35360.9,30973.1,0
454,Calamón,,Hispania Baetica,Spain,Córdoba,Posadas,,,CO 82,922.0,477.5,362.2,37.84722783,-5.08044861,100.0,"Converted in QGIS from Lambert coords, Madrid 1870",,,,,,,FALSE,1.0,1.0,0.0,0.0,0.0,0.0,0.0,0.0,,Domergue 1990: 45,,,False,False,False,0.0,0.0,0.0,,,Hard rock,Primary,,0,No,1,Confirmado,0,No,1,Confirmado,0,No,0,No,0,No,0,0,0,0,1.0,0.9,1.0,0.965,Alta Certeza (Grado I),227.0,Gneises; esquistos; marmoles y vulcanitas,"Esquistos o pizarras, grauwacas y liditas",PROTEROZOICO,RIFEENSE, ,316953.85747613374,4190904.3746320535,9973.1,9999.9,0
455,Callejón de Matajaca,,Hispania Baetica,Spain,Córdoba,Los Pedroches,,,CO 88,859.0,499.6,420.7,38.37739882,-4.83783744,100.0,"Converted in QGIS from Lambert coords, Madrid 1870",,,,,,,FALSE,0.0,0.0,1.0,0.0,0.0,0.0,0.0,0.0,,Domergue 1990: 48,,,False,False,False,0.0,0.0,0.0,,,Hard rock,Primary,,0,No,0,No,1,Confirmado,0,No,0,No,0,No,0,No,0,0,0,0,1.0,0.9,1.0,0.965,Alta Certeza (Grado I),666.0,Granitoides de emplazamiento epi-mesozonal,Granitoides biotíticos,PALEOZOICO,DEVONICO-CARBONIFERO-PERMICO,ROCAS PLUTONICAS HERCINICAS,339466.8339895189,4249288.305670186,10316.6,13279.2,0
456,Campanario,,Hispania Baetica,Spain,Huelva,Huelva,,,H 45,960.0,322.5,332.4,37.54317278,-6.82941041,100.0,"Converted in QGIS from Lambert coords, Madrid 1870",,,,,,,FALSE,0.0,0.0,1.0,0.0,0.0,0.0,0.0,0.0,,Domergue 1990: 62,,,False,False,False,0.0,0.0,0.0,,,Pyrite,Primary,,0,No,0,No,1,Confirmado,0,No,0,No,0,No,0,No,0,0,0,0,1.0,0.9,1.0,0.965,Alta Certeza (Grado I),191.0,Conglomerados; areniscas; pizarras; calizas y vulcanitas; Carbon,Vulcanitas y rocas vulcanoclásticas,PALEOZOICO,CARBONIFERO, ,161647.73620984645,4162026.9429970845,22750.8,26630.1,0
457,Campo Antigua,,Hispania Tarraconensis,Spain,Oviedo,Cuenca del Navia,,NV-64,,,,,43.337309,-6.709717,500.0,"Guessed from Sanchez-Palencia and Orejas 1994, fig. 13; and Google Earth.",,,,,,,TRUE,0.0,0.0,0.0,0.0,0.0,0.0,0.0,0.0,,"Sanchez-Palencia and Orejas 1994, 200",,,,,,,,,,,,Primary,Extensive,1,Confirmado,0,No,0,No,0,No,0,No,0,No,0,No,0,0,0,0,0.85,0.9,1.0,0.905,Alta Certeza (Grado I),1075.0,Cuarcitas; pizarras; areniscas; calizas y vulcanitas,"Pizarras, areniscas, cuarcitas y calizas o rocas vulcanoclásticas",PALEOZOICO,ORDOVICICO, ,199273.91028399533,4804959.745190172,11985.5,10560.1,0
458,Campo la Peral,,Hispania Tarraconensis,Spain,León,Cuenca del Boeza,,BO-22,,,,,42.56722,-6.258764,500.0,"Estimated from Sanchez-Palencia and Orejas 1994, fig. 14, IGN map, and Google Earth",,,,,,,TRUE,0.0,0.0,0.0,0.0,0.0,0.0,0.0,0.0,,"Sanchez-Palencia and Orejas 1994, 191",1.0,0.0,True,,,,,,,,,Primary,Extensive,1,Confirmado,0,No,0,No,0,No,0,No,0,No,0,No,1,0,1,0,0.85,0.9,1.0,0.905,Alta Certeza (Grado I),1148.0,Cuarcitas; pizarras; areniscas; calizas y vulcanitas,"Areniscas, pizarras, cuarcitas o calizas y conglomerados",PALEOZOICO,CAMBRICO-ORDOVICICO, ,232514.5046895233,4717905.687364695,13450.6,14558.1,0
459,Camporredondo,,Hispania Tarraconensis,Spain,Palencia,León,,,P 1,106.0,513.0,921.0,42.88780177,-4.752831906,100.0,"Converted in QGIS from Lambert coords, Madrid 1870",,,,,,,TRUE,0.0,0.0,0.0,0.0,0.0,0.0,0.0,0.0,,Domergue 1990: 42,,,,,,,,,,,Quaternary terrace,,,1,Confirmado,0,No,0,No,0,No,0,No,0,No,0,No,0,0,0,0,1.0,0.9,1.0,0.965,Alta Certeza (Grado I),1215.0,Areniscas; pizarras y calizas,"Pizarras, esquistos, areniscas, calizas, ampelitas y liditas",PALEOZOICO,SILURICO-DEVONICO, ,356868.1963644896,4749845.762768153,2333.7,212.4,5
460,Canadá,,Hispania Baetica,Spain,Córdoba,Los Pedroches,,,CO 18,858.0,492.8,420.7,38.37658115,-4.91570948,100.0,"Converted in QGIS from Lambert coords, Madrid 1870",,,,,,,FALSE,0.0,0.0,1.0,0.0,0.0,0.0,0.0,0.0,,Domergue 1990: 47,0.0,1.0,False,False,False,0.0,0.0,0.0,0.0,,Hard rock,Primary,,0,No,0,No,1,Confirmado,0,No,0,No,0,No,0,No,0,1,0,0,1.0,0.9,1.0,0.965,Alta Certeza (Grado I),620.0,Granitoides de emplazamiento epi-mesozonal,Granitoides biotíticos,PALEOZOICO,DEVONICO-CARBONIFERO-PERMICO,ROCAS PLUTONICAS HERCINICAS,332662.3343444547,4249335.954557577,13781.1,12895.2,0
461,Cancho Blanco,,Hispania Baetica,Spain,Badajoz,La Serena,,,BA 50,831.0,414.8,451.3,38.63919229,-5.81715282,100.0,"Converted in QGIS from Lambert coords, Madrid 1870",,,,,,,FALSE,1.0,1.0,0.0,0.0,0.0,0.0,0.0,0.0,,Domergue 1990: 45,,,False,False,False,0.0,0.0,0.0,,,Hard rock,Primary,,0,No,1,Confirmado,0,No,1,Confirmado,0,No,0,No,0,No,0,0,0,0,1.0,0.9,1.0,0.965,Alta Certeza (Grado I),479.0,Areniscas; pizarras y calizas,"Pizarras, esquistos, areniscas, calizas, ampelitas y liditas",PALEOZOICO,SILURICO-DEVONICO, ,254801.7612631159,4280504.285972278,2037.4,732.0,5
462,Candelaria,,Hispania Tarraconensis,Spain,Ciudad Real,Alcudia,,,CR 16,835.0,527.6,449.9,38.64346632,-4.5202936,100.0,"Converted in QGIS from Lambert coords, Madrid 1870",,,,,,,FALSE,1.0,1.0,1.0,0.0,0.0,0.0,0.0,0.0,,Domergue 1990: 46,0.0,1.0,False,False,False,0.0,0.0,0.0,0.0,,,,,0,No,1,Confirmado,1,Confirmado,1,Confirmado,0,No,0,No,0,No,0,1,0,0,1.0,0.9,1.0,0.965,Alta Certeza (Grado I),640.0,Gneises; esquistos; marmoles y vulcanitas,"Pizarras, grauwacas, conglomerados o porfiroides",PROTEROZOICO, , ,367693.54649916675,4278309.160142852,3965.1,5218.4,1
463,Candín I,,Hispania Tarraconensis,Spain,León,Cuencas de Cúa y Burbia,,CB-05,,,,,42.817285,-6.760416,1000.0,"Estimated from Sanchez-Palencia and Orejas 1994, fig. 14, and Google Earth",,,,,,,TRUE,0.0,0.0,0.0,0.0,0.0,0.0,0.0,0.0,,"Sanchez-Palencia and Orejas 1994, 191",,,,,,,,,,,,Primary,Extensive,1,Confirmado,0,No,0,No,0,No,0,No,0,No,0,No,0,0,0,0,0.7,0.9,1.0,0.845,Alta Certeza (Grado I),1339.0,Cuarcitas; pizarras; areniscas; calizas y vulcanitas,"Areniscas, pizarras, cuarcitas o calizas y conglomerados",PALEOZOICO,CAMBRICO-ORDOVICICO, ,192570.9640146579,4747386.879492594,1953.7,1626.4,21
464,Candín II,,Hispania Tarraconensis,Spain,León,Cuencas de Cúa y Burbia,,CB-06,,,,,42.808749,-6.769527,1000.0,"Estimated from Sanchez-Palencia and Orejas 1994, fig. 14, and Google Earth",,,,,,,TRUE,0.0,0.0,0.0,0.0,0.0,0.0,0.0,0.0,,"Sanchez-Palencia and Orejas 1994, 191",,,,,,,,,,,,Primary,Extensive,1,Confirmado,0,No,0,No,0,No,0,No,0,No,0,No,0,0,0,0,0.7,0.9,1.0,0.845,Alta Certeza (Grado I),1223.0,Cuarcitas; pizarras; areniscas; calizas y vulcanitas,"Areniscas, pizarras, cuarcitas o calizas y conglomerados",PALEOZOICO,CAMBRICO-ORDOVICICO, ,191783.57083139342,4746472.162407753,1964.0,2720.1,18
465,Cantos Blancos,,Hispania Baetica,Spain,Córdoba,Los Pedroches,,,CO 5,858.0,489.7,424.4,38.40954651,-4.95181017,100.0,"Converted in QGIS from Lambert coords, Madrid 1870",,,,,,,FALSE,0.0,0.0,1.0,0.0,0.0,0.0,0.0,0.0,,Domergue 1990: 47,0.0,1.0,False,False,False,0.0,0.0,0.0,0.0,,Hard rock,Primary,,0,No,0,No,1,Confirmado,0,No,0,No,0,No,0,No,0,1,0,0,1.0,0.9,1.0,0.965,Alta Certeza (Grado I),601.0,Granitoides de emplazamiento epi-mesozonal,Granitoides biotíticos,PALEOZOICO,DEVONICO-CARBONIFERO-PERMICO,ROCAS PLUTONICAS HERCINICAS,329586.0782351721,4253060.370475209,15275.1,10580.3,0
466,Cara de Oso,,Hispania Tarraconensis,Spain,León,Cuenca del Eria,,ER-11,,,,,42.250813,-6.316238,300.0,"Estimated from Sanchez-Palencia and Orejas 1994, fig. 17 and Google Earth",,,,,,,TRUE,0.0,0.0,0.0,0.0,0.0,0.0,0.0,0.0,,"Sanchez-Palencia and Orejas 1994, 193",1.0,0.0,True,False,False,0.0,0.0,0.0,0.0,,,Secondary,Selective,1,Confirmado,0,No,0,No,0,No,0,No,0,No,0,No,1,0,1,0,0.85,0.9,1.0,0.905,Alta Certeza (Grado I),1044.0,Cuarcitas; pizarras; areniscas; calizas y vulcanitas,"Ortocuarcitas, areniscas y pizarras",PALEOZOICO,ORDOVICICO, ,226423.3258371342,4682950.804992438,47301.7,46727.4,0
467,Carbueiro,,Hispania Tarraconensis,Spain,Oviedo,Cuenca del Navia,,NV-24,,,,,43.026133,-6.869433,500.0,"Google Earth, IGN map, and Sanchez-Palencia and Orejas 1994, fig. 13.",,,,,,,TRUE,0.0,0.0,0.0,0.0,0.0,0.0,0.0,0.0,,"Sanchez-Palencia and Orejas 1994, 199",1.0,0.0,True,,,,,,,,,Secondary,Selective - Extensive,1,Confirmado,0,No,0,No,0,No,0,No,0,No,0,No,1,0,1,0,0.85,0.9,1.0,0.905,Alta Certeza (Grado I),413.0,Cuarcitas; pizarras; areniscas; calizas y vulcanitas,Pizarras y areniscas,PALEOZOICO,ORDOVICICO, ,184725.7881434054,4770986.631239506,646.1,3234.1,30
468,Carcabón de Orúa,,Hispania Tarraconensis,Spain,Oviedo,Cuenca del Navia,,NV-41,O 4,50.0,355.3,964.9,43.25032292,-6.700265757,100.0,"Converted in QGIS from Lambert coords, Madrid 1870",,,,,,,TRUE,0.0,0.0,0.0,0.0,0.0,0.0,0.0,0.0,,"Domergue 1990: 42; Sanchez-Palencia and Orejas 1994, 200",,,,,,,,,,,Hard rock,Primary,Selective - Extensive,1,Confirmado,0,No,0,No,0,No,0,No,0,No,0,No,0,0,0,0,1.0,1.0,1.0,1.0,Alta Certeza (Grado I),713.0,Cuarcitas; pizarras; areniscas; calizas y vulcanitas,"Areniscas, pizarras, cuarcitas o calizas y conglomerados",PALEOZOICO,CAMBRICO-ORDOVICICO, ,199611.66666771425,4795264.322537106,8871.4,7163.2,0
469,Carcabonas de Merás,,Hispania Tarraconensis,Spain,Oviedo,Cuenca del Esba o Canero,,ES-09,,,,,43.473629,-6.474357,3000.0,Placename Meras on Google Earth,,,,,,,TRUE,0.0,0.0,0.0,0.0,0.0,0.0,0.0,0.0,,"Sanchez-Palencia and Orejas 1994, 194",1.0,0.0,True,,,,,,,,,Secondary,Extensive,1,Confirmado,0,No,0,No,0,No,0,No,0,No,0,No,1,0,1,0,0.5,0.9,1.0,0.765,Media Certeza (Grado II),214.0,Cuarcitas; pizarras; areniscas; calizas y vulcanitas,"Areniscas, pizarras, cuarcitas o calizas y conglomerados",PALEOZOICO,CAMBRICO-ORDOVICICO, ,218986.32562775147,4819278.456685264,1411.3,3800.3,9
470,Cárcobas de Miudes,,Hispania Tarraconensis,Spain,Oviedo,Cuenca del Porcia,,PO-17,,,,,43.523363,-6.809106,1000.0,"Guessed after Sanchez-Palencia and Orejas 1994, fig. 13; and Google Earth.",,,,,,,TRUE,0.0,0.0,0.0,0.0,0.0,0.0,0.0,0.0,,"Sanchez-Palencia and Orejas 1994, 201",,,,,,,,,,,,Primary,Selective - Extensive,1,Confirmado,0,No,0,No,0,No,0,No,0,No,0,No,0,0,0,0,0.7,0.9,1.0,0.845,Alta Certeza (Grado I),169.0,Cuarcitas; pizarras; areniscas; calizas y vulcanitas,"Areniscas, pizarras, cuarcitas o calizas y conglomerados",PALEOZOICO,CAMBRICO-ORDOVICICO, ,192162.19172685198,4825988.184754897,6801.2,566.2,0
471,Cárcobas de Pena,,Hispania Tarraconensis,Spain,Oviedo,Cuenca del Porcia,,PO-09,,,,,43.489375,-6.815335,1000.0,Guessed from Sanchez Palencia and Orejas 1994: fig. 13 in relation to other sites.,,,,,,,TRUE,0.0,0.0,0.0,0.0,0.0,0.0,0.0,0.0,,"Sanchez-Palencia and Orejas 1994, 201",,,,,,,,,,,,Primary,Selective - Extensive,1,Confirmado,0,No,0,No,0,No,0,No,0,No,0,No,0,0,0,0,0.7,0.9,1.0,0.845,Alta Certeza (Grado I),450.0,Cuarcitas; pizarras; areniscas; calizas y vulcanitas,"Pizarras, grauwacas o arcosas, conglomerados y calizas",PROTEROZOICO-PALEOZOICO,VENDIENSE-CAMBRICO, ,191485.42927434458,4822236.199080461,7264.4,4372.5,0
472,Carmelita,,Hispania Baetica,Spain,Badajoz,Azuaga-Fuenteovejuna,,,BA 5,878.0,419.5,408.6,38.25530611,-5.75177293,100.0,"Converted in QGIS from Lambert coords, Madrid 1870",,,,,,,FALSE,1.0,1.0,0.0,0.0,0.0,0.0,0.0,0.0,,Domergue 1990: 46,0.0,1.0,False,False,False,0.0,0.0,0.0,0.0,,Hard rock,Primary,,0,No,1,Confirmado,0,No,1,Confirmado,0,No,0,No,0,No,0,1,0,0,1.0,0.9,1.0,0.965,Alta Certeza (Grado I),582.0,Conglomerados; areniscas; arcillas; calizas y evaporitas; Vulcanitas basicas,"Calcarenitas, arenas y limos amarillos",CENOZOICO,NEOGENO, ,259219.87421130118,4237723.972604959,6718.2,6578.1,0
473,"Carmino del Palo (I, II) - Arroyo del Cabrito (I, II, III)",,Hispania Tarraconensis,Spain,León,Sierra del Teleno,,TE-03,,,,,42.385861,-6.388739,500.0,"Estimated from Sanchez-Palencia and Orejas 1994, fig. 17, IGN map, and Google Earth",,,,,,,TRUE,0.0,0.0,0.0,0.0,0.0,0.0,0.0,0.0,,"Sanchez-Palencia and Orejas 1994, 201",1.0,0.0,True,,,,,,,,,Secondary,Selective - Extensive,1,Confirmado,0,No,0,No,0,No,0,No,0,No,0,No,1,0,1,0,0.85,0.9,1.0,0.905,Alta Certeza (Grado I),1210.0,Cuarcitas; pizarras; areniscas; calizas y vulcanitas,"Pizarras, areniscas, cuarcitas y calizas o rocas vulcanoclásticas",PALEOZOICO,ORDOVICICO, ,221039.4981832489,4698183.951594111,31967.5,31153.2,0
474,Carris,,Hispania Tarraconensis,Spain,Lugo,Cuenca del Masma,,,LU 6,6.0,306.8,1000.2,43.55140204,-7.314383074,100.0,"Converted in QGIS from Lambert coords, Madrid 1870",,,,,,,TRUE,0.0,0.0,0.0,0.0,0.0,0.0,0.0,0.0,,Domergue 1990: 40,,,,,,,,,,,Hard rock,,,1,Confirmado,0,No,0,No,0,No,0,No,0,No,0,No,0,0,0,0,1.0,0.9,1.0,0.965,Alta Certeza (Grado I),116.0,Cuarcitas; pizarras; areniscas; calizas y vulcanitas,"Pizarras, grauwacas o arcosas, conglomerados y calizas",PROTEROZOICO-PALEOZOICO,VENDIENSE-CAMBRICO, ,151485.65252155683,4831099.68841092,536.2,535.2,14
475,Carrua de la Rata - El Lago,,Hispania Tarraconensis,Spain,León,Cuencas de Cúa y Burbia,,CB-35,LE 56,,,,42.551531,-6.781019,100.0,"Estimated from Sanchez-Palencia and Orejas 1994, fig. 14, IGN map, and Google Earth",,,,,,,TRUE,0.0,0.0,0.0,0.0,0.0,0.0,0.0,0.0,,"Sanchez-Palencia and Orejas 1994, 192",1.0,0.0,True,,,,,,,,,Secondary,Extensive,1,Confirmado,0,No,0,No,0,No,0,No,0,No,0,No,1,0,1,0,1.0,1.0,1.0,1.0,Alta Certeza (Grado I),515.0,Cuarcitas; pizarras; areniscas; calizas y vulcanitas,"Pizarras, grauwacas o arcosas, conglomerados y calizas",PROTEROZOICO-PALEOZOICO,VENDIENSE-CAMBRICO, ,189563.97905863018,4717947.193674886,12818.2,13027.6,0
476,Casa de las Grobas I,,Hispania Tarraconensis,Spain,Oviedo,Cuenca del Navia,,NV-60,,,,,43.147794,-6.801395,1000.0,"Placename, IGN map, Google Earth, and Sanchez-Palencia and Orejas 1994, fig. 13.",,,,,,,TRUE,0.0,0.0,0.0,0.0,0.0,0.0,0.0,0.0,,"Sanchez-Palencia and Orejas 1994, 200",,,,,,,,,,,,Primary,Extensive,1,Confirmado,0,No,0,No,0,No,0,No,0,No,0,No,0,0,0,0,0.7,0.9,1.0,0.845,Alta Certeza (Grado I),445.0,Cuarcitas; pizarras; areniscas; calizas y vulcanitas,"Pizarras, areniscas, cuarcitas y calizas o rocas vulcanoclásticas",PALEOZOICO,ORDOVICICO, ,190883.28589404403,4784245.47871974,788.5,1012.4,12
477,Casa de las Grobas II,,Hispania Tarraconensis,Spain,Oviedo,Cuenca del Navia,,NV-59,,,,,43.143913,-6.803618,1000.0,"Placename, IGN map, Google Earth, and Sanchez-Palencia and Orejas 1994, fig. 13.",,,,,,,TRUE,0.0,0.0,0.0,0.0,0.0,0.0,0.0,0.0,,"Sanchez-Palencia and Orejas 1994, 200",,,,,,,,,,,,Primary,Extensive,1,Confirmado,0,No,0,No,0,No,0,No,0,No,0,No,0,0,0,0,0.7,0.9,1.0,0.845,Alta Certeza (Grado I),519.0,Cuarcitas; pizarras; areniscas; calizas y vulcanitas,"Pizarras, areniscas, cuarcitas y calizas o rocas vulcanoclásticas",PALEOZOICO,ORDOVICICO, ,190682.90365405695,4783822.644357367,834.1,1145.6,18
478,Casales,,Hispania Tarraconensis,Spain,León,Cuenca media del Sil,,MS-071,,,,,42.41467,-6.673559,500.0,"Guessed from Google Earth and Sanchez-Palencia and Orejas 1994, fig. 16",,,,,,,TRUE,0.0,0.0,0.0,0.0,0.0,0.0,0.0,0.0,,"Sanchez-Palencia and Orejas 1994, 196",1.0,0.0,True,,,,,,,,,Secondary,Selective,1,Confirmado,0,No,0,No,0,No,0,No,0,No,0,No,1,0,1,0,0.85,0.9,1.0,0.905,Alta Certeza (Grado I),494.0,Cuarcitas; pizarras; areniscas; calizas y vulcanitas,"Pizarras, areniscas, cuarcitas y calizas o rocas vulcanoclásticas",PALEOZOICO,ORDOVICICO, ,197728.82928685594,4702358.876689998,27152.9,27381.7,0
479,Casilla del Cobre,,Hispania Baetica,Spain,Córdoba,Córdoba,,,CO 40,923.0,498.0,368.0,37.90215104,-4.84830355,100.0,"Converted in QGIS from Lambert coords, Madrid 1870",,,,,,,FALSE,0.0,0.0,1.0,0.0,0.0,0.0,0.0,0.0,,Domergue 1990: 47,0.0,1.0,False,False,False,0.0,0.0,0.0,0.0,,Hard rock,,,0,No,0,No,1,Confirmado,0,No,0,No,0,No,0,No,0,1,0,0,1.0,0.9,1.0,0.965,Alta Certeza (Grado I),295.0,Cuarcitas; pizarras; areniscas; calizas y vulcanitas,"Areniscas, pizarras y calizas",PALEOZOICO,CAMBRICO, ,337501.5250247908,4196569.01109435,3903.0,1048.0,1
480,Castañedo,,Hispania Tarraconensis,Spain,Oviedo,Cuenca del Narcea,,NA-54,,,,,43.359767,-6.230038,3000.0,Guessed from placename on Google Earth,,,,,,,TRUE,0.0,0.0,0.0,0.0,0.0,0.0,0.0,0.0,,"Sanchez-Palencia and Orejas 1994, 198",1.0,0.0,True,,,,,,,,,Secondary,Selective - Extensive,1,Confirmado,0,No,0,No,0,No,0,No,0,No,0,No,1,0,1,0,0.5,0.9,1.0,0.765,Media Certeza (Grado II),240.0,Cuarcitas; pizarras; areniscas; calizas y vulcanitas,"Areniscas, pizarras, cuarcitas o calizas y conglomerados",PALEOZOICO,CAMBRICO-ORDOVICICO, ,238258.0440485523,4805835.795267867,1741.2,4997.5,1
481,Castellar,,Hispania Tarraconensis,Spain,Ciudad Real,Alcudia,,,CR 1,809.0,535.2,469.1,38.81718902,-4.43477306,100.0,"Converted in QGIS from Lambert coords, Madrid 1870",,,,,,,TRUE,1.0,0.0,0.0,0.0,0.0,0.0,0.0,0.0,,Domergue 1990: 47,,,,,,,,,,,,,,1,Confirmado,1,Confirmado,0,No,0,No,0,No,0,No,0,No,0,0,0,0,1.0,0.9,1.0,0.965,Alta Certeza (Grado I),662.0,Cuarcitas; pizarras; areniscas; calizas y vulcanitas,"Conglomerados, areniscas, cuarcitas y pizarras",PALEOZOICO,ORDOVICICO, ,375438.5999432749,4297467.902533813,903.0,3672.0,33
482,Castillo Buitrón,,Hispania Baetica,Spain,Huelva,Huelva,,,H 47,960.0,328.1,342.4,37.63500856,-6.76997865,100.0,"Converted in QGIS from Lambert coords, Madrid 1870",,,,,,,FALSE,0.0,0.0,1.0,0.0,0.0,0.0,0.0,0.0,,Domergue 1990: 62,,,False,False,False,0.0,0.0,0.0,,,Pyrite,Primary,,0,No,0,No,1,Confirmado,0,No,0,No,0,No,0,No,0,0,0,0,1.0,0.9,1.0,0.965,Alta Certeza (Grado I),329.0,Conglomerados; areniscas; pizarras; calizas y vulcanitas; Carbon,Vulcanitas y rocas vulcanoclásticas,PALEOZOICO,CARBONIFERO, ,167310.64475362573,4172008.685937966,16640.5,17406.9,0
483,Castillo de las Guardas,,Hispania Baetica,Spain,Huelva,Huelva,,,SE 4,939.0,363.7,348.0,37.69582718,-6.368615491,100.0,"Converted in QGIS from Lambert coords, Madrid 1870",,,,,,,FALSE,0.0,0.0,1.0,0.0,0.0,0.0,0.0,0.0,,Domergue 1990: 62,,,False,False,False,0.0,0.0,0.0,,,Pyrite,Primary,,0,No,0,No,1,Confirmado,0,No,0,No,0,No,0,No,0,0,0,0,1.0,0.9,1.0,0.965,Alta Certeza (Grado I),369.0,Conglomerados; areniscas; pizarras; calizas y vulcanitas; Carbon,Vulcanitas y rocas vulcanoclásticas,PALEOZOICO,CARBONIFERO, ,202983.61606905708,4177409.709025439,4344.2,3039.1,1
484,Castripicón,,Hispania Baetica,Spain,Córdoba,Córdoba,,,CO 43,922.0,490.6,374.4,37.95893796,-4.9334936,100.0,"Converted in QGIS from Lambert coords, Madrid 1870",,,,,,,FALSE,0.0,0.0,1.0,0.0,0.0,0.0,0.0,0.0,,Domergue 1990: 47,0.0,1.0,False,False,False,0.0,0.0,0.0,0.0,,Hard rock,,,0,No,0,No,1,Confirmado,0,No,0,No,0,No,0,No,0,1,0,0,1.0,0.9,1.0,0.965,Alta Certeza (Grado I),298.0,Conglomerados; areniscas; pizarras; calizas y vulcanitas; Carbon,Vulcanitas y rocas vulcanoclásticas,PALEOZOICO,CARBONIFERO, ,330141.8944665361,4203022.36315099,1804.5,805.5,17
486,Castro del Río,,Hispania Tarraconensis,Spain,León,Cuenca del Boeza,,BO-07,,,,,42.71996123,-6.408303869,20.0,https://servicios.jcyl.es/pweb/datosYacimiento.do?numero=102282&tipo=yacimiento&ruta=,,,,,,,TRUE,0.0,0.0,0.0,0.0,0.0,0.0,0.0,0.0,Castro adjacent to mine,"Sanchez-Palencia and Orejas 1994, 190",1.0,0.0,True,,,,,,,,,Secondary,Extensive,1,Confirmado,0,No,0,No,0,No,0,No,0,No,0,No,1,0,1,0,1.0,0.9,1.0,0.965,Alta Certeza (Grado I),949.0,Conglomerados; areniscas; arcillas; calizas y evaporitas; Vulcanitas basicas,"Calizas arrecifales, calcarenitas y conglomerados. Arcillas con olistolitos",CENOZOICO,NEOGENO, ,220923.16598117392,4735352.465365973,431.4,79.9,12
487,Castropetre,,Hispania Tarraconensis,Spain,León,Cuenca media del Sil,,MS-053,,,,,42.534458,-6.932606,200.0,"Google Earth, placename","IGN map shows ""Mina de El Riego - abandonada""",,,,,,TRUE,0.0,0.0,0.0,0.0,0.0,0.0,0.0,0.0,,"Sanchez-Palencia and Orejas 1994, 196",1.0,0.0,True,,,,,,,,,Secondary,Selective - Extensive,1,Confirmado,0,No,0,No,0,No,0,No,0,No,0,No,1,0,1,0,0.85,0.9,1.0,0.905,Alta Certeza (Grado I),585.0,Cuarcitas; pizarras; areniscas; calizas y vulcanitas,"Areniscas, pizarras, cuarcitas o calizas y conglomerados",PALEOZOICO,CAMBRICO-ORDOVICICO, ,177028.3239099682,4716618.522163999,13186.2,14279.7,0
488,Castropodame / Los Valles - Las Gándaras,,Hispania Tarraconensis,Spain,León,Cuenca del Boeza,,BO-29,LE 11,159.0,371.5,888.8,42.572454,-6.46915,0.0,"Converted in QGIS from Lambert coords, Madrid 1870; adjusted with reference to Google Earth and site visit 27/09/2021.",,,,,,,TRUE,0.0,0.0,0.0,0.0,0.0,0.0,0.0,0.0,,"Domergue 1990: 43; Sanchez-Palencia and Orejas 1994, 191",1.0,0.0,True,True,False,0.0,0.0,0.0,0.0,,"Alterites, tertiary deposits, and terrace",Secondary,Extensive,1,Confirmado,0,No,0,No,0,No,0,No,0,No,0,No,1,0,1,0,1.0,1.0,1.0,1.0,Alta Certeza (Grado I),820.0,Cuarcitas; pizarras; areniscas; calizas y vulcanitas,"Areniscas, pizarras, cuarcitas o calizas y conglomerados",PALEOZOICO,CAMBRICO-ORDOVICICO, ,215267.70721460757,4719173.678794373,11733.9,10673.5,0
489,Cavón del Pozo - Muro de la T.,,Hispania Tarraconensis,Spain,León,Cuenca Alta del Orbigo,,AO-26,,,,,42.782281,-5.687959,1000.0,"Estimated from Sanchez-Palencia and Orejas 1994, fig. 15, and features on Google Earth",,,,,,,TRUE,0.0,0.0,0.0,0.0,0.0,0.0,0.0,0.0,,"Sanchez-Palencia and Orejas 1994, 189",1.0,0.0,True,,,,,,,,,Secondary,Extensive,1,Confirmado,0,No,0,No,0,No,0,No,0,No,0,No,1,0,1,0,0.7,0.9,1.0,0.845,Alta Certeza (Grado I),1155.0,Conglomerados; areniscas; arcillas; calizas y evaporitas; Vulcanitas basicas,"Calizas arrecifales, calcarenitas y conglomerados. Arcillas con olistolitos",CENOZOICO,NEOGENO, ,280130.56084093323,4740142.289753165,13281.2,510.1,0
490,Cecos I,,Hispania Tarraconensis,Spain,Oviedo,Cuenca del Navia,,NV-20,,,,,43.019984,-6.855363,500.0,"Guessed in relation to Villarcebollín and other Cecos sites from Google Earth and Sanchez-Palencia and Orejas 1994, fig. 13.",,,,,,,TRUE,0.0,0.0,0.0,0.0,0.0,0.0,0.0,0.0,,"Sanchez-Palencia and Orejas 1994, 199",1.0,0.0,True,,,,,,,,,Secondary,Extensive,1,Confirmado,0,No,0,No,0,No,0,No,0,No,0,No,1,0,1,0,0.85,0.9,1.0,0.905,Alta Certeza (Grado I),326.0,Cuarcitas; pizarras; areniscas; calizas y vulcanitas,Pizarras y areniscas,PALEOZOICO,ORDOVICICO, ,185840.90380423603,4770250.867655008,1114.4,2598.5,28
491,Cecos II,,Hispania Tarraconensis,Spain,Oviedo,Cuenca del Navia,,NV-15,,,,,43.028404,-6.857919,500.0,"Guessed in relation to Villarcebollín and other Cecos sites from Google Earth and Sanchez-Palencia and Orejas 1994, fig. 13.",,,,,,,TRUE,0.0,0.0,0.0,0.0,0.0,0.0,0.0,0.0,,"Sanchez-Palencia and Orejas 1994, 199",,,,,,,,,,,,Primary,Selective,1,Confirmado,0,No,0,No,0,No,0,No,0,No,0,No,0,0,0,0,0.85,0.9,1.0,0.905,Alta Certeza (Grado I),405.0,Cuarcitas; pizarras; areniscas; calizas y vulcanitas,Pizarras y areniscas,PALEOZOICO,ORDOVICICO, ,185675.63245136652,4771195.626548231,1552.1,2292.9,28
492,Cecos III,,Hispania Tarraconensis,Spain,Oviedo,Cuenca del Navia,,NV-14,,,,,43.036072,-6.856443,1000.0,"Guessed in relation to Villarcebollín and other Cecos sites from Google Earth and Sanchez-Palencia and Orejas 1994, fig. 13.",,,,,,,TRUE,0.0,0.0,0.0,0.0,0.0,0.0,0.0,0.0,,"Sanchez-Palencia and Orejas 1994, 199",,,,,,,,,,,,Primary,Extensive,1,Confirmado,0,No,0,No,0,No,0,No,0,No,0,No,0,0,0,0,0.7,0.9,1.0,0.845,Alta Certeza (Grado I),645.0,Cuarcitas; pizarras; areniscas; calizas y vulcanitas,Pizarras y areniscas,PALEOZOICO,ORDOVICICO, ,185835.07962609263,4772041.750487728,1599.8,1801.4,30
493,Cecos IV,,Hispania Tarraconensis,Spain,Oviedo,Cuenca del Navia,,NV-13,,,,,43.025647,-6.853488,1000.0,"Guessed in relation to Villarcebollín and other Cecos sites from Google Earth and Sanchez-Palencia and Orejas 1994, fig. 13.",,,,,,,TRUE,0.0,0.0,0.0,0.0,0.0,0.0,0.0,0.0,,"Sanchez-Palencia and Orejas 1994, 199",,,,,,,,,,,,Primary,Extensive,1,Confirmado,0,No,0,No,0,No,0,No,0,No,0,No,0,0,0,0,0.7,0.9,1.0,0.845,Alta Certeza (Grado I),334.0,Cuarcitas; pizarras; areniscas; calizas y vulcanitas,Pizarras y areniscas,PALEOZOICO,ORDOVICICO, ,186022.61260180402,4770872.812146013,1695.3,2162.4,28
494,Cecos V,,Hispania Tarraconensis,Spain,Oviedo,Cuenca del Navia,,NV-12,,,,,43.034238,-6.846678,1000.0,"Guessed in relation to Villarcebollín and other Cecos sites from Google Earth and Sanchez-Palencia and Orejas 1994, fig. 13.",,,,,,,TRUE,0.0,0.0,0.0,0.0,0.0,0.0,0.0,0.0,,"Sanchez-Palencia and Orejas 1994, 199",,,,,,,,,,,,Primary,Extensive,1,Confirmado,0,No,0,No,0,No,0,No,0,No,0,No,0,0,0,0,0.7,0.9,1.0,0.845,Alta Certeza (Grado I),696.0,Cuarcitas; pizarras; areniscas; calizas y vulcanitas,Pizarras y areniscas,PALEOZOICO,ORDOVICICO, ,186621.32056979148,4771801.500609354,2411.3,1172.5,28
495,Cecos VI,,Hispania Tarraconensis,Spain,Oviedo,Cuenca del Navia,,NV-11,,,,,43.023443,-6.851769,1000.0,"Guessed in relation to Villarcebollín from Google Earth and Sanchez-Palencia and Orejas 1994, fig. 13.",,,,,,,TRUE,0.0,0.0,0.0,0.0,0.0,0.0,0.0,0.0,,"Sanchez-Palencia and Orejas 1994, 199",,,,,,,,,,,,Primary,Extensive,1,Confirmado,0,No,0,No,0,No,0,No,0,No,0,No,0,0,0,0,0.7,0.9,1.0,0.845,Alta Certeza (Grado I),337.0,Cuarcitas; pizarras; areniscas; calizas y vulcanitas,Pizarras y areniscas,PALEOZOICO,ORDOVICICO, ,186151.44389027503,4770621.585551923,1596.9,2162.0,28
496,Cerdanya - All Guilleteres sector 1 NE - 1,,Hispania Tarraconensis,Spain,Gerona,Pyrenees,,,,,,,42.39786735,1.820130111,0.0,Google Earth,,,,,,,TRUE,0.0,0.0,0.0,0.0,0.0,0.0,0.0,0.0,Hydraulic opencast mining visible on Google Earth,,1.0,0.0,True,True,False,0.0,0.0,0.0,0.0,,,,,1,Confirmado,0,No,0,No,0,No,0,No,0,No,0,No,1,0,1,0,1.0,0.4,1.0,0.79,Media Certeza (Grado II),1180.0,Areniscas; pizarras y calizas,"Areniscas, pizarras, calizas, cuarcitas y rocas vulcanoclásticas",PALEOZOICO,DEVONICO-CARBONIFERO, ,896738.2831155426,4705218.9577029385,282538.1,246963.7,0
497,Cerdanya - All Guilleteres sector 1 NE - 2,,Hispania Tarraconensis,Spain,Gerona,Pyrenees,,,,,,,42.39853497,1.826364395,0.0,Google Earth,,,,,,,TRUE,0.0,0.0,0.0,0.0,0.0,0.0,0.0,0.0,,,1.0,0.0,True,True,False,0.0,0.0,0.0,0.0,,,,,1,Confirmado,0,No,0,No,0,No,0,No,0,No,0,No,1,0,1,0,1.0,0.4,1.0,0.79,Media Certeza (Grado II),1169.0,Conglomerados; areniscas; arcillas; calizas y evaporitas; Vulcanitas basicas,"Calizas arrecifales, calcarenitas y conglomerados. Arcillas con olistolitos",CENOZOICO,NEOGENO, ,897247.3065772152,4705322.313899705,283053.1,247482.3,0
498,Cerdanya - All Guilleteres sector 1 NE - 3,,Hispania Tarraconensis,Spain,Gerona,Pyrenees,,,,,,,42.39639938,1.82934192,0.0,Google Earth,,,,,,,TRUE,0.0,0.0,0.0,0.0,0.0,0.0,0.0,0.0,,,1.0,0.0,True,True,False,0.0,0.0,0.0,0.0,,,,,1,Confirmado,0,No,0,No,0,No,0,No,0,No,0,No,1,0,1,0,1.0,0.4,1.0,0.79,Media Certeza (Grado II),1127.0,Conglomerados; areniscas; arcillas; calizas y evaporitas; Vulcanitas basicas,"Calizas arrecifales, calcarenitas y conglomerados. Arcillas con olistolitos",CENOZOICO,NEOGENO, ,897505.9458898648,4705099.069041777,283225.4,247676.6,0
499,Cerdanya - All Guilleteres sector 1 NE - 4,,Hispania Tarraconensis,Spain,Gerona,Pyrenees,,,,,,,42.40234069,1.833771284,0.0,Google Earth,,,,,,,TRUE,0.0,0.0,0.0,0.0,0.0,0.0,0.0,0.0,,,1.0,0.0,True,True,False,0.0,0.0,0.0,0.0,,,,,1,Confirmado,0,No,0,No,0,No,0,No,0,No,0,No,1,0,1,0,1.0,0.4,1.0,0.79,Media Certeza (Grado II),1160.0,Conglomerados; areniscas; arcillas; calizas y evaporitas; Vulcanitas basicas,"Calizas arrecifales, calcarenitas y conglomerados. Arcillas con olistolitos",CENOZOICO,NEOGENO, ,897832.9773581936,4705779.769014579,283755.7,248164.5,0
500,Cerdanya - All Guilleteres sector 1 NE - new?,,Hispania Tarraconensis,Spain,Gerona,Pyrenees,,,,,,,42.4029556,1.815050524,0.0,Google Earth,,,,,,,TRUE,0.0,0.0,0.0,0.0,0.0,0.0,0.0,0.0,,,1.0,0.0,True,True,False,0.0,0.0,0.0,0.0,,,,,1,Confirmado,0,No,0,No,0,No,0,No,0,No,0,No,1,0,1,0,1.0,0.4,1.0,0.79,Media Certeza (Grado II),1260.0,Areniscas; pizarras y calizas,"Ampelitas, cuarcitas, liditas y rocas vulcanoclásticas",PALEOZOICO,SILURICO, ,896287.9973199754,4705760.356096041,282289.0,246665.0,0
501,Cerro Castaño,,Hispania Baetica,Spain,Córdoba,Posadas,,,CO 120,922.0,477.3,372.0,37.93552871,-5.08446693,100.0,"Converted in QGIS from Lambert coords, Madrid 1870",,,,,,,FALSE,0.0,0.0,1.0,0.0,0.0,0.0,0.0,0.0,,Domergue 1990: 45,,,False,False,False,0.0,0.0,0.0,,,Hard rock,Primary,,0,No,0,No,1,Confirmado,0,No,0,No,0,No,0,No,0,0,0,0,1.0,0.9,1.0,0.965,Alta Certeza (Grado I),533.0,Cuarcitas; pizarras; areniscas; calizas y vulcanitas,"Areniscas, pizarras y calizas",PALEOZOICO,CAMBRICO, ,316819.3067329278,4200710.855711532,6515.8,6631.3,0
502,Cerro de la Mina,,Hispania Baetica,Spain,Badajoz,,,,BA 60,829.0,354.4,449.3,38.60604095,-6.51042667,100.0,"Converted in QGIS from Lambert coords, Madrid 1870",,,,,,,FALSE,1.0,1.0,0.0,0.0,0.0,0.0,0.0,0.0,,Domergue 1990: 48,0.0,1.0,False,False,False,0.0,0.0,0.0,0.0,,,,,0,No,1,Confirmado,0,No,1,Confirmado,0,No,0,No,0,No,0,1,0,0,1.0,0.9,1.0,0.965,Alta Certeza (Grado I),326.0,Conglomerados; areniscas; arcillas; calizas y evaporitas; Vulcanitas basicas,"Conglomerados, areniscas, arcillas, calizas y yesos",CENOZOICO,NEOGENO, ,194304.84127378557,4278907.341575939,1522.5,2112.3,5
503,Cerro de la Mina,,Hispania Tarraconensis,Spain,Cuenca,,,,CU 2,665.0,802.4,584.0,39.83148876,-1.32055691,100.0,"Converted in QGIS from Lambert coords, Madrid 1870",,,,,,,FALSE,0.0,0.0,0.0,0.0,1.0,0.0,0.0,0.0,,Domergue 1990: 64,,,False,False,False,0.0,0.0,0.0,,,,,,0,No,0,No,0,No,0,No,0,No,0,No,1,Confirmado,0,0,0,0,1.0,0.9,1.0,0.965,Alta Certeza (Grado I),1107.0,Conglomerados; areniscas; calizas; yesos y arcillas versicolores,"Conglomerados, areniscas, arcillas, dolomías, calizas y margas",MESOZOICO,TRIASICO, ,643712.2629008222,4410403.713562686,15795.7,382.9,0
504,Cerro de la Minas,,Hispania Baetica,Spain,Badajoz,Picos de Aroche,,,BA 53,875.0,328.5,419.0,38.32523434,-6.79570879,100.0,"Converted in QGIS from Lambert coords, Madrid 1870",,,,,,,FALSE,0.0,0.0,1.0,0.0,0.0,0.0,0.0,0.0,,Domergue 1990: 61,,,False,False,False,0.0,0.0,0.0,,,Hard rock,Primary,,0,No,0,No,1,Confirmado,0,No,0,No,0,No,0,No,0,0,0,0,1.0,0.9,1.0,0.965,Alta Certeza (Grado I),440.0,Cuarcitas; pizarras; areniscas; calizas y vulcanitas,Calizas y dolomías,PALEOZOICO,CAMBRICO, ,168167.54196638515,4248723.19151628,1990.6,4789.2,5
505,Cerro de la Minillas,,Hispania Baetica,Spain,Córdoba,Los Pedroches,,,CO 61,858.0,481.2,425.2,38.41563006,-5.04933271,100.0,"Converted in QGIS from Lambert coords, Madrid 1870",,,,,,,FALSE,0.0,0.0,1.0,0.0,0.0,0.0,0.0,0.0,,Domergue 1990: 48,,,False,False,False,0.0,0.0,0.0,,,Hard rock,Primary,,0,No,0,No,1,Confirmado,0,No,0,No,0,No,0,No,0,0,0,0,1.0,0.9,1.0,0.965,Alta Certeza (Grado I),578.0,Granitoides de emplazamiento epi-mesozonal,Granitoides biotíticos,PALEOZOICO,DEVONICO-CARBONIFERO-PERMICO,ROCAS PLUTONICAS HERCINICAS,321085.5102008211,4253920.303296318,11724.9,11654.2,0
506,Cerro de la Orden,,Hispania Baetica,Spain,Badajoz,Azuaga-Fuenteovejuna,,,BA 27,878.0,415.4,414.3,38.30581558,-5.80017903,100.0,"Converted in QGIS from Lambert coords, Madrid 1870",,,,,,,FALSE,1.0,1.0,0.0,0.0,0.0,0.0,0.0,0.0,,Domergue 1990: 46,0.0,1.0,False,False,False,0.0,0.0,0.0,0.0,,Hard rock,Primary,,0,No,1,Confirmado,0,No,1,Confirmado,0,No,0,No,0,No,0,1,0,0,1.0,0.9,1.0,0.965,Alta Certeza (Grado I),541.0,Gneises; esquistos; marmoles y vulcanitas,Gneises y anfibolitas,PROTEROZOICO, , ,255153.4224452918,4243457.1251882445,1659.8,1979.5,8
507,Cerro de las Cruces,,Hispania Baetica,Spain,Badajoz,La Serena,,,BA 51,830.0,392.3,441.8,38.54842637,-6.07279323,100.0,"Converted in QGIS from Lambert coords, Madrid 1870",,,,,,,FALSE,1.0,1.0,0.0,0.0,0.0,0.0,0.0,0.0,,Domergue 1990: 45,,,False,False,False,0.0,0.0,0.0,,,Hard rock,Primary,,0,No,1,Confirmado,0,No,1,Confirmado,0,No,0,No,0,No,0,0,0,0,1.0,0.9,1.0,0.965,Alta Certeza (Grado I),454.0,Gneises; esquistos; marmoles y vulcanitas,"Esquistos o pizarras, grauwacas y liditas",PROTEROZOICO,RIFEENSE, ,232209.5149470134,4271144.251947225,7998.6,3309.7,0
508,Cerro de las Minillas,,Hispania Baetica,Spain,Córdoba,Montoro Andújar,,,CO 30,882.0,547.7,415.4,38.33386997,-4.28655637,100.0,"Converted in QGIS from Lambert coords, Madrid 1870",,,,,,,FALSE,0.0,0.0,1.0,0.0,0.0,0.0,0.0,0.0,,Domergue 1990: 47,,,False,False,False,0.0,0.0,0.0,,,Hard rock,,,0,No,0,No,1,Confirmado,0,No,0,No,0,No,0,No,0,0,0,0,1.0,0.9,1.0,0.965,Alta Certeza (Grado I),683.0,Conglomerados; areniscas; pizarras; calizas y vulcanitas; Carbon,Pizarras y grauwacas; conglomerados y calizas,PALEOZOICO,DEVONICO-CARBONIFERO, ,387555.61461745005,4243642.7412629565,1382.9,364.3,11
509,Cerro de los Almadenes,,Hispania Tarraconensis,Spain,Segovia,,,,SG 1,507.0,554.7,690.6,40.81562208,-4.22543114,100.0,"Converted in QGIS from Lambert coords, Madrid 1870",,,,,,,FALSE,0.0,0.0,1.0,0.0,0.0,0.0,0.0,0.0,,Domergue 1990: 64,,,False,False,False,0.0,0.0,0.0,,,,,,0,No,0,No,1,Confirmado,0,No,0,No,0,No,0,No,0,0,0,0,1.0,0.9,1.0,0.965,Alta Certeza (Grado I),1073.0,Calizas; dolomias y margas; Areniscas,"Gravas, arenas, areniscas y arcillas. Carbón",MESOZOICO,CRETACICO, ,396651.54202715034,4519012.138998084,9789.7,402.9,0
510,Cerro de los Venados,,Hispania Baetica,Spain,Jaén,Montoro Andújar,,,J 2,883.0,556.3,406.4,38.25320766,-4.18754703,100.0,"Converted in QGIS from Lambert coords, Madrid 1870",,,,,,,FALSE,0.0,0.0,1.0,0.0,0.0,0.0,0.0,0.0,,Domergue 1990: 47,,,False,False,False,0.0,0.0,0.0,,,Hard rock,,,0,No,0,No,1,Confirmado,0,No,0,No,0,No,0,No,0,0,0,0,1.0,0.9,1.0,0.965,Alta Certeza (Grado I),703.0,Granitoides de emplazamiento epi-mesozonal,Granitoides de dos micas,PALEOZOICO,DEVONICO-CARBONIFERO-PERMICO,ROCAS PLUTONICAS HERCINICAS,396094.3042076953,4234576.288003934,1925.3,3485.5,14
511,Cerro de Valfrío,,Hispania Baetica,Spain,Córdoba,Córdoba,,,CO 116,902.0,498.4,382.5,38.03289831,-4.84589638,100.0,"Converted in QGIS from Lambert coords, Madrid 1870",,,,,,,FALSE,0.0,0.0,1.0,0.0,0.0,0.0,0.0,0.0,,Domergue 1990: 47,,,False,False,False,0.0,0.0,0.0,,,Hard rock,,,0,No,0,No,1,Confirmado,0,No,0,No,0,No,0,No,0,0,0,0,1.0,0.9,1.0,0.965,Alta Certeza (Grado I),628.0,Gneises; esquistos; marmoles y vulcanitas,"Cuarcitas, gneises, esquistos, pizarras y grauwacas",PROTEROZOICO-PALEOZOICO,RIFEENSE-VENDIENSE-CAMBRICO, ,338000.83870123676,4211073.266798146,2649.0,2978.8,4
512,Cerro del Conjuro,,Hispania Baetica,Spain,Granada,Almería,,,GR 1,1042.0,636.3,259.8,36.93229745,-3.28059057,100.0,"Converted in QGIS from Lambert coords, Madrid 1870",,,,,,,FALSE,0.0,0.0,0.0,0.0,1.0,0.0,0.0,0.0,,Domergue 1990: 64,,,False,False,False,0.0,0.0,0.0,,,,,,0,No,0,No,0,No,0,No,0,No,0,No,1,Confirmado,0,0,0,0,1.0,0.9,1.0,0.965,Alta Certeza (Grado I),1356.0,Rocas metamorficas,Micaesquistos grafitosos con granates (M. del Veleta),PROTEROZOICO-PALEOZOICO, ,BLOQUE DE ALBORAN,475012.0090455322,4087398.714318467,25217.1,25217.1,0
513,Cerro del Cuerno,,Hispania Tarraconensis,Spain,León,Cuencas del Turienzo y Jerega,,TJ-26,,,,,42.493513,-6.248132,500.0,"Estimated from Sanchez-Palencia and Orejas 1994, fig. 17 and Google Earth",,,,,,,TRUE,0.0,0.0,0.0,0.0,0.0,0.0,0.0,0.0,,"Sanchez-Palencia and Orejas 1994, 202",1.0,0.0,True,,,,,,,,,Secondary,Selective,1,Confirmado,0,No,0,No,0,No,0,No,0,No,0,No,1,0,1,0,0.85,0.9,1.0,0.905,Alta Certeza (Grado I),1202.0,Conglomerados; areniscas; arcillas; calizas y evaporitas; Vulcanitas basicas,"Conglomerados, areniscas, arenas arcósicas, arcillas, calizas y yesos",CENOZOICO,NEOGENO, ,233073.25804654462,4709686.614739241,21646.7,22607.7,0
514,Cerro del Cura,,Hispania Baetica,Spain,Córdoba,Los Pedroches,,,CO 37,860.0,528.8,425.4,38.42267476,-4.50392006,100.0,"Converted in QGIS from Lambert coords, Madrid 1870",,,,,,,FALSE,0.0,0.0,1.0,0.0,0.0,0.0,0.0,0.0,,Domergue 1990: 48,0.0,1.0,False,False,False,0.0,0.0,0.0,0.0,,Hard rock,Primary,,0,No,0,No,1,Confirmado,0,No,0,No,0,No,0,No,0,1,0,0,1.0,0.9,1.0,0.965,Alta Certeza (Grado I),598.0,Conglomerados; areniscas; pizarras; calizas y vulcanitas; Carbon,Pizarras y grauwacas; conglomerados y calizas,PALEOZOICO,DEVONICO-CARBONIFERO, ,368717.8224102729,4253784.246367883,544.4,740.6,10
515,Cerro del Esparto,,Hispania Baetica,Spain,Córdoba,Posadas,,,CO 71,921.0,462.5,370.0,37.9152865,-5.25248305,100.0,"Converted in QGIS from Lambert coords, Madrid 1870",,,,,,,FALSE,0.0,0.0,1.0,0.0,0.0,0.0,0.0,0.0,,Domergue 1990: 45,,,False,False,False,0.0,0.0,0.0,,,Hard rock,Primary,,0,No,0,No,1,Confirmado,0,No,0,No,0,No,0,No,0,0,0,0,1.0,0.9,1.0,0.965,Alta Certeza (Grado I),479.0,Cuarcitas; pizarras; areniscas; calizas y vulcanitas,"Pizarras, grauwacas o arcosas, conglomerados y calizas",PROTEROZOICO-PALEOZOICO,VENDIENSE-CAMBRICO, ,301998.12147404975,4198808.293084689,14027.0,7023.7,0
516,Cerro del Hierro,,Hispania Baetica,Spain,Sevilla,Sevilla,,,SE 6,920.0,430.8,274.4,37.04831911,-5.589874277,100.0,"Converted in QGIS from Lambert coords, Madrid 1870",,,,,,,FALSE,0.0,0.0,0.0,0.0,1.0,0.0,0.0,0.0,,Domergue 1990: 48,,,False,False,False,0.0,0.0,0.0,,,Hard rock,Primary,,0,No,0,No,0,No,0,No,0,No,0,No,1,Confirmado,0,0,0,0,1.0,0.9,1.0,0.965,Alta Certeza (Grado I),142.0,Conglomerados; areniscas; arcillas; calizas y evaporitas; Vulcanitas basicas,"Calcarenitas, arenas y limos amarillos",CENOZOICO,NEOGENO, ,269687.38200899865,4103369.9314025627,26183.6,116.2,0
517,Cerro Minado,,Hispania Baetica,Spain,Almería,Almería,,,AL 6,996.0,754.0,309.3,37.36552808,-1.94916604,100.0,"Converted in QGIS from Lambert coords, Madrid 1870",,,,,,,FALSE,0.0,0.0,1.0,0.0,0.0,0.0,0.0,0.0,,Domergue 1990: 64,,,False,False,False,0.0,0.0,0.0,,,,,,0,No,0,No,1,Confirmado,0,No,0,No,0,No,0,No,0,0,0,0,1.0,0.9,1.0,0.965,Alta Certeza (Grado I),290.0,Rocas metamorficas,"Gneises, migmatitas, micasquistos, esquistos, filitas, mármoles, calizas, y dolomías (M. Alpujárride)",PALEOZOICO-MESOZOICO,TRIASICO,BLOQUE DE ALBORAN,593050.9892017986,4135940.741615802,12768.2,1722.9,0
518,Cerro Muriano,,Hispania Baetica,Spain,Córdoba,Córdoba,,,CO 39,902.0,504.2,379.3,38.00471301,-4.77935278,100.0,"Converted in QGIS from Lambert coords, Madrid 1870",,,,,,,FALSE,0.0,0.0,1.0,0.0,0.0,0.0,0.0,0.0,,Domergue 1990: 47,0.0,1.0,False,False,False,0.0,0.0,0.0,0.0,,Hard rock,,,0,No,0,No,1,Confirmado,0,No,0,No,0,No,0,No,0,1,0,0,1.0,0.9,1.0,0.965,Alta Certeza (Grado I),502.0,Conglomerados; areniscas; pizarras; calizas y vulcanitas; Carbon,Pizarras y grauwacas; conglomerados y calizas,PALEOZOICO,DEVONICO-CARBONIFERO, ,343781.44566316786,4207831.7939683385,355.3,355.3,20
519,Ceruñales,,Hispania Tarraconensis,Spain,León,Cuenca del Boeza,,BO-11,,,,,42.688215,-6.412375,200.0,"Estimated from Sanchez-Palencia and Orejas 1994, fig. 14, IGN map, and Google Earth",,-19.0,230.0,50.0,250.0,Roman,TRUE,0.0,0.0,0.0,0.0,0.0,0.0,0.0,0.0,"Hydraulic mining, partly re-using ditch of castro (misinterpreted by Fanzul Perada as evidence for pre-Roman hydraulic mining)","Alvarez González 1993; Sanchez-Palencia and Orejas 1994, 190; Fanjul Peraza 2013",1.0,0.0,True,True,False,0.0,0.0,0.0,0.0,,,Secondary,Extensive,1,Confirmado,0,No,0,No,0,No,0,No,0,No,0,No,1,0,1,0,0.85,0.9,1.0,0.905,Alta Certeza (Grado I),791.0,Conglomerados; areniscas; arcillas; calizas y evaporitas; Vulcanitas basicas,"Calizas arrecifales, calcarenitas y conglomerados. Arcillas con olistolitos",CENOZOICO,NEOGENO, ,220447.2035392486,4731840.253959615,1772.2,805.6,18
520,Cexo-Fontechid,,Hispania Tarraconensis,Spain,Orense,Cuenca media del Miño,,MM-20,,,,,42.10923,-8.00608,500.0,"Google Earth, placename",,,,,,,TRUE,0.0,0.0,0.0,0.0,0.0,0.0,0.0,0.0,,"Sanchez-Palencia and Orejas 1994, 194",,,,,,,,,,,,Primary,Selective - Extensive,1,Confirmado,0,No,0,No,0,No,0,No,0,No,0,No,0,0,0,0,0.85,0.9,1.0,0.905,Alta Certeza (Grado I),761.0,Granitoides de emplazamiento meso-catazonal,Complejos migmatíticos-anatécticos,PALEOZOICO,DEVONICO-CARBONIFERO-PERMICO,ROCAS PLUTONICAS HERCINICAS,86064.5855256195,4674046.048875696,67313.1,64304.6,0
521,Cha da Veiga,,Hispania Tarraconensis,Spain,Lugo,Cuenca media del Sil,,MS-100,,,,,42.58465,-7.40935,500.0,Estimated from Google Earth and IGN map,,,,,,,TRUE,0.0,0.0,0.0,0.0,0.0,0.0,0.0,0.0,,"Sanchez-Palencia and Orejas 1994, 197",1.0,0.0,True,,,,,,,,,Secondary,Extensive,1,Confirmado,0,No,0,No,0,No,0,No,0,No,0,No,1,0,1,0,0.85,0.9,1.0,0.905,Alta Certeza (Grado I),409.0,Conglomerados; areniscas; arcillas y calizas; Evaporitas,"Turbiditas calcáreas. Calizas, calizas arenosas, areniscas y margas arenosas",CENOZOICO,PALEOGENO-NEOGENO, ,138159.3724726616,4724123.868562322,5874.2,5720.7,0
523,Chan do Cubeiro,,Hispania Tarraconensis,Spain,Oviedo,Cuenca del Navia,,NV-82,,,,,43.059666,-7.004095,1000.0,"Placename, IGN map, Google Earth, and Sanchez-Palencia and Orejas 1994, fig. 13.",,,,,,,TRUE,0.0,0.0,0.0,0.0,0.0,0.0,0.0,0.0,,"Sanchez-Palencia and Orejas 1994, 201",,,,,,,,,,,,Primary,Extensive,1,Confirmado,0,No,0,No,0,No,0,No,0,No,0,No,0,0,0,0,0.7,0.9,1.0,0.845,Alta Certeza (Grado I),603.0,Cuarcitas; pizarras; areniscas; calizas y vulcanitas,"Areniscas, pizarras, cuarcitas o calizas y conglomerados",PALEOZOICO,CAMBRICO-ORDOVICICO, ,173930.5048072791,4775226.339823656,1313.6,667.3,42
524,Chana de Chamarada,,Hispania Tarraconensis,Spain,León,Cuenca Alta del Tuerto,,AT-16,,,,,42.52996221,-6.21957755,10.0,"Estimated from Sanchez-Palencia and Orejas 1994, fig. 15, IGN map, and Google Earth; corrected with https://servicios.jcyl.es/pweb/datosGIS.do?tipo=Yacimiento&numero=94468",https://servicios.jcyl.es/pweb/datosGIS.do?tipo=Yacimiento&numero=94468,,,,,,TRUE,0.0,0.0,0.0,0.0,0.0,0.0,0.0,0.0,,"Sanchez-Palencia and Orejas 1994, 190",1.0,0.0,True,,,,,,,,,Secondary,Extensive,1,Confirmado,0,No,0,No,0,No,0,No,0,No,0,No,1,0,1,0,1.0,0.9,1.0,0.965,Alta Certeza (Grado I),1173.0,Cuarcitas; pizarras; areniscas; calizas y vulcanitas,"Pizarras, areniscas, cuarcitas y calizas o rocas vulcanoclásticas",PALEOZOICO,ORDOVICICO, ,235573.90557392384,4713644.882994405,18316.7,19465.8,0
525,Chana de Reguera,,Hispania Tarraconensis,Spain,León,Cuenca Alta del Tuerto,,AT-18,,,,,42.50995074,-6.20838762,20.0,"Estimated from Sanchez-Palencia and Orejas 1994, fig. 15, IGN map, and Google Earth; corrected with https://servicios.jcyl.es/pweb/datosGIS.do?tipo=Yacimiento&numero=94300",,,,,,,TRUE,0.0,0.0,0.0,0.0,0.0,0.0,0.0,0.0,,"Sanchez-Palencia and Orejas 1994, 190",1.0,0.0,True,,,,,,,,,Secondary,Selective - Extensive,1,Confirmado,0,No,0,No,0,No,0,No,0,No,0,No,1,0,1,0,1.0,0.9,1.0,0.965,Alta Certeza (Grado I),1083.0,Conglomerados; gravas; arenas y limos,"Conglomerados, gravas, arenas, areniscas, limos y arcillas. Terrazas fluviales y marinas",CENOZOICO,CUATERNARIO, ,236408.83157289104,4711387.636117294,20654.3,21870.0,0
527,Chaparro Barrenado,,Hispania Baetica,Spain,Córdoba,Los Pedroches,,,CO 4,880.0,493.5,415.2,38.32708502,-4.90683199,100.0,"Converted in QGIS from Lambert coords, Madrid 1870",,,,,,,FALSE,1.0,1.0,1.0,0.0,0.0,0.0,0.0,0.0,,Domergue 1990: 48,0.0,1.0,False,False,False,0.0,0.0,0.0,0.0,,Hard rock,Primary,,0,No,1,Confirmado,1,Confirmado,1,Confirmado,0,No,0,No,0,No,0,1,0,0,1.0,0.9,1.0,0.965,Alta Certeza (Grado I),605.0,Conglomerados; areniscas; pizarras; calizas y vulcanitas; Carbon,Pizarras y grauwacas; conglomerados y calizas,PALEOZOICO,DEVONICO-CARBONIFERO, ,333324.3834165549,4243827.152933894,9826.5,9826.5,0
528,Cheices,,Hispania Tarraconensis,Spain,León,Cuenca media del Sil,,MS-012,,,,,42.439722,-6.826583,1000.0,"Guessed from Google Earth and Sanchez-Palencia and Orejas 1994, fig. 16",,,,,,,TRUE,0.0,0.0,0.0,0.0,0.0,0.0,0.0,0.0,,"Sanchez-Palencia and Orejas 1994, 195",1.0,0.0,True,,,,,,,,,Secondary,Selective,1,Confirmado,0,No,0,No,0,No,0,No,0,No,0,No,1,0,1,0,0.7,0.9,1.0,0.845,Alta Certeza (Grado I),477.0,Areniscas; pizarras y calizas,"Pizarras, esquistos, areniscas, calizas, ampelitas y liditas",PALEOZOICO,SILURICO-DEVONICO, ,185261.44967037882,4705697.872091701,24207.0,25279.3,0
529,Chinflón,,Hispania Baetica,Spain,Huelva,Huelva,,,H 50,960.0,339.4,339.8,37.61503519,-6.64101067,100.0,"Converted in QGIS from Lambert coords, Madrid 1870",,,,,,,FALSE,0.0,0.0,1.0,0.0,0.0,0.0,0.0,0.0,,Domergue 1990: 61,,,False,False,False,0.0,0.0,0.0,,,Pyrite,Primary,,0,No,0,No,1,Confirmado,0,No,0,No,0,No,0,No,0,0,0,0,1.0,0.9,1.0,0.965,Alta Certeza (Grado I),361.0,Conglomerados; areniscas; pizarras; calizas y vulcanitas; Carbon,Vulcanitas y rocas vulcanoclásticas,PALEOZOICO,CARBONIFERO, ,178609.54508878064,4169341.350215345,16467.5,8364.9,0
530,Cimera de la Collada / Los Collados - Las Vallinas,,Hispania Tarraconensis,Spain,León,Cuenca Alta del Orbigo,,AO-17,LE 20,128.0,418.3,901.7,42.69839759,-5.905742865,100.0,"Converted in QGIS from Lambert coords, Madrid 1870",,,,,,,TRUE,0.0,0.0,0.0,0.0,0.0,0.0,0.0,0.0,Google Earth shows extensive stone dumps or murias.,"Domergue 1990: 42; Sanchez-Palencia and Orejas 1994, 189",1.0,0.0,True,,,,,,,,Tertiary alluvium,Secondary,Extensive,1,Confirmado,0,No,0,No,0,No,0,No,0,No,0,No,1,0,1,0,1.0,1.0,1.0,1.0,Alta Certeza (Grado I),1015.0,Cuarcitas; pizarras; areniscas; calizas y vulcanitas,"Areniscas, pizarras, cuarcitas o calizas y conglomerados",PALEOZOICO,CAMBRICO-ORDOVICICO, ,261994.22787012733,4731417.793332645,1433.3,15719.8,17
531,Cirujales,,Hispania Tarraconensis,Spain,León,Cuenca Alta del Orbigo,,,LE 51,128.0,405.3,911.8,42.78627194,-6.067636653,100.0,"Converted in QGIS from Lambert coords, Madrid 1870",,,,,,,TRUE,0.0,0.0,0.0,0.0,0.0,0.0,0.0,0.0,,Domergue 1990: 43,,,,,,,,,,,Quaternary terrace and river placer deposits,,,1,Confirmado,0,No,0,No,0,No,0,No,0,No,0,No,0,0,0,0,1.0,0.9,1.0,0.965,Alta Certeza (Grado I),1100.0,Gneises; esquistos; marmoles y vulcanitas,"Pizarras, grauwacas, conglomerados o porfiroides",PROTEROZOICO, , ,249087.66758927613,4741645.9879586175,5555.2,5654.7,0
532,Cobas de Fornas,,Hispania Tarraconensis,Spain,La Coruña,Galicia,,,C 8,95.0,207.9,927.0,42.85145789,-8.48684587,100.0,"Converted in QGIS from Lambert coords, Madrid 1870",,,,,,,FALSE,0.0,0.0,1.0,0.0,0.0,0.0,0.0,0.0,,Domergue 1990: 41,,,False,False,False,0.0,0.0,0.0,,,Hard rock,,,0,No,0,No,1,Confirmado,0,No,0,No,0,No,0,No,0,0,0,0,1.0,0.9,1.0,0.965,Alta Certeza (Grado I),273.0,Rocas metamorficas,Esquistos gneiseofélsicos y metabasitas,PROTEROZOICO-PALEOZOICO, ,UNIDADES ALOCTONAS DEL MACIZO HESPERICO,51648.655626998865,4758943.291040388,47486.7,47994.9,0
533,Cobatillas,,Hispania Tarraconensis,Spain,Ciudad Real,Alcudia,,,CR 18,808.0,524.4,452.8,38.66933798,-4.55740568,100.0,"Converted in QGIS from Lambert coords, Madrid 1870",,,,,,,FALSE,1.0,1.0,0.0,0.0,0.0,0.0,0.0,0.0,,Domergue 1990: 46,,,False,False,False,0.0,0.0,0.0,,,,,,0,No,1,Confirmado,0,No,1,Confirmado,0,No,0,No,0,No,0,0,0,0,1.0,0.9,1.0,0.965,Alta Certeza (Grado I),557.0,Gneises; esquistos; marmoles y vulcanitas,"Pizarras, grauwacas, conglomerados o porfiroides",PROTEROZOICO, , ,364512.38241770095,4281234.417826493,6391.5,2457.1,0
535,Cogorderos I,,Hispania Tarraconensis,Spain,León,Cuenca Alta del Tuerto,,AT-27,,,,,42.541842,-6.023149,500.0,"Estimated from Sanchez-Palencia and Orejas 1994, fig. 15, and Google Earth",,,,,,,TRUE,0.0,0.0,0.0,0.0,0.0,0.0,0.0,0.0,,"Sanchez-Palencia and Orejas 1994, 190",1.0,0.0,True,,,,,,,,,Secondary,Extensive,1,Confirmado,0,No,0,No,0,No,0,No,0,No,0,No,1,0,1,0,0.85,0.9,1.0,0.905,Alta Certeza (Grado I),930.0,Conglomerados; gravas; arenas y limos,"Conglomerados, gravas, arenas, areniscas, limos y arcillas. Terrazas fluviales y marinas",CENOZOICO,CUATERNARIO, ,251755.16916336177,4714369.419628319,15189.8,27388.3,0
536,Cogorderos II,,Hispania Tarraconensis,Spain,León,Cuenca Alta del Tuerto,,AT-26,,,,,42.549609,-6.02227,500.0,"Estimated from Sanchez-Palencia and Orejas 1994, fig. 15, and Google Earth",,,,,,,TRUE,0.0,0.0,0.0,0.0,0.0,0.0,0.0,0.0,,"Sanchez-Palencia and Orejas 1994, 190",1.0,0.0,True,,,,,,,,,Secondary,Extensive,1,Confirmado,0,No,0,No,0,No,0,No,0,No,0,No,1,0,1,0,0.85,0.9,1.0,0.905,Alta Certeza (Grado I),936.0,Conglomerados; gravas; arenas y limos,"Conglomerados, gravas, arenas, areniscas, limos y arcillas. Terrazas fluviales y marinas",CENOZOICO,CUATERNARIO, ,251858.14736460202,4715229.390128212,14323.8,26755.2,0
537,Collada,,Hispania Tarraconensis,Spain,Oviedo,Cuenca del Esba o Canero,,ES-01,,,,,43.364638,-6.568056,500.0,Guessed from Google Eaerh,,,,,,,TRUE,0.0,0.0,0.0,0.0,0.0,0.0,0.0,0.0,,"Sanchez-Palencia and Orejas 1994, 193",,,,,,,,,,,,Primary,Selective,1,Confirmado,0,No,0,No,0,No,0,No,0,No,0,No,0,0,0,0,0.85,0.9,1.0,0.905,Alta Certeza (Grado I),411.0,Cuarcitas; pizarras; areniscas; calizas y vulcanitas,"Areniscas, pizarras, cuarcitas o calizas y conglomerados",PALEOZOICO,CAMBRICO-ORDOVICICO, ,210888.39581481105,4807493.861979078,2238.8,2699.4,13
538,Collado de Trasmundo,,Hispania Tarraconensis,Spain,León,Cuenca Alta del Sil,,AS-03,,,,,42.891095,-6.336247,500.0,"Estimated from Sanchez-Palencia and Orejas 1994, fig. 14, and Google Earth",,,,,,,TRUE,0.0,0.0,0.0,0.0,0.0,0.0,0.0,0.0,Fed by aqueduct channel.," Sanchez-Palencia and Orejas 1994, 189; Matías Rodríguez 2013",1.0,0.0,True,,,,,,,,,Primary,Extensive,1,Confirmado,0,No,0,No,0,No,0,No,0,No,0,No,1,0,1,0,0.85,0.9,1.0,0.905,Alta Certeza (Grado I),1630.0,Cuarcitas; pizarras; areniscas; calizas y vulcanitas,"Pizarras, grauwacas o arcosas, conglomerados y calizas",PROTEROZOICO-PALEOZOICO,VENDIENSE-CAMBRICO, ,227576.6930340752,4754122.547896451,9823.3,10532.3,0
539,Colmenarejo,,Hispania Tarraconensis,Spain,Madrid,,,,M 1,533.0,574.0,658.5,40.52705831,-3.995123268,100.0,"Converted in QGIS from Lambert coords, Madrid 1870",,,,,,,FALSE,0.0,0.0,1.0,0.0,0.0,0.0,0.0,0.0,,Domergue 1990: 64,0.0,1.0,False,False,False,0.0,0.0,0.0,0.0,,,,,0,No,0,No,1,Confirmado,0,No,0,No,0,No,0,No,0,1,0,0,1.0,0.9,1.0,0.965,Alta Certeza (Grado I),784.0,Granitoides de emplazamiento epi-mesozonal,Granitoides biotíticos,PALEOZOICO,DEVONICO-CARBONIFERO-PERMICO,ROCAS PLUTONICAS HERCINICAS,415712.58733316866,4486733.865142463,6405.4,4406.8,0
540,Comba,,Hispania Tarraconensis,Spain,Oviedo,Cuenca del Narcea,,NA-24,,,,,43.203938,-6.645396,1000.0,"Google Earth, placename",,,,,,,TRUE,0.0,0.0,0.0,0.0,0.0,0.0,0.0,0.0,,"Sanchez-Palencia and Orejas 1994, 197",,,,,,,,,,,,Primary,Extensive,1,Confirmado,0,No,0,No,0,No,0,No,0,No,0,No,0,0,0,0,0.7,0.9,1.0,0.845,Alta Certeza (Grado I),597.0,Cuarcitas; pizarras; areniscas; calizas y vulcanitas,"Areniscas, pizarras, cuarcitas o calizas y conglomerados",PALEOZOICO,CAMBRICO-ORDOVICICO, ,203841.57914289174,4789916.564126105,2280.3,2280.3,8
541,Compuerto,,Hispania Tarraconensis,Spain,Palencia,León,,,P 3,106.0,505.7,916.3,42.84468253,-4.841430979,100.0,"Converted in QGIS from Lambert coords, Madrid 1870",,,,,,,TRUE,0.0,0.0,0.0,0.0,0.0,0.0,0.0,0.0,,Domergue 1990: 42,,,,,,,,,,,Quaternary terrace,,,1,Confirmado,0,No,0,No,0,No,0,No,0,No,0,No,0,0,0,0,1.0,0.9,1.0,0.965,Alta Certeza (Grado I),1137.0,Areniscas; pizarras y calizas,"Pizarras, esquistos, areniscas, calizas, ampelitas y liditas",PALEOZOICO,SILURICO-DEVONICO, ,349528.50893779134,4745211.860657456,954.9,16.6,21
542,Concepción,,Hispania Baetica,Spain,Huelva,Huelva,,,H 6,938.0,337.0,357.3,37.77196159,-6.67482944,100.0,"Converted in QGIS from Lambert coords, Madrid 1870",,,,,,,FALSE,0.0,0.0,1.0,0.0,0.0,0.0,0.0,0.0,,Domergue 1990: 62,0.0,1.0,False,False,False,0.0,0.0,0.0,0.0,,Pyrite,Primary,,0,No,0,No,1,Confirmado,0,No,0,No,0,No,0,No,0,1,0,0,1.0,0.9,1.0,0.965,Alta Certeza (Grado I),392.0,Plutonismo orogeénico calcoalcalino toleitico,Granitoides s.l. indiferenciado,PALEOZOICO,DEVONICO-CARBONIFERO-PERMICO,ROCAS PLUTONICAS HERCINICAS,176307.40466851054,4186877.3768851506,2265.3,2265.3,10
543,Constantín,,Hispania Tarraconensis,Spain,Lugo,Cuenca Alta del Miño,,AM-02,,,,,42.89268,-7.241494,500.0,"Placename, Google Earth",,,,,,,TRUE,0.0,0.0,0.0,0.0,0.0,0.0,0.0,0.0,,"Sanchez-Palencia and Orejas 1994, 188",1.0,0.0,True,,,,,,,,,Secondary,Extensive,1,Confirmado,0,No,0,No,0,No,0,No,0,No,0,No,1,0,1,0,0.85,0.9,1.0,0.905,Alta Certeza (Grado I),512.0,Cuarcitas; pizarras; areniscas; calizas y vulcanitas,"Pizarras, grauwacas o arcosas, conglomerados y calizas",PROTEROZOICO-PALEOZOICO,VENDIENSE-CAMBRICO, ,153658.1251197848,4757630.833493271,1537.7,249.1,12
545,Corcoesto,,Hispania Tarraconensis,Spain,La Coruña,Cuenca del Allones,,AL-01,C 2,44.0,181.9,970.3,43.22747548,-8.83494566,100.0,"Converted in QGIS from Lambert coords, Madrid 1870",,,,,,,TRUE,0.0,0.0,0.0,0.0,0.0,0.0,0.0,0.0,,"Domergue 1990: 40; Sanchez-Palencia and Orejas 1994, 188",0.0,1.0,False,False,False,0.0,0.0,0.0,0.0,Modern exploitation estimates quartz veins at up to 148.5 g Au/t and silicified breccia veins at up to 46 g Au/t in narrow zones,Hard rock,Primary,Selective,1,Confirmado,0,No,0,No,0,No,0,No,0,No,0,No,0,1,0,0,1.0,1.0,1.0,1.0,Alta Certeza (Grado I),66.0,Granitoides de emplazamiento meso-catazonal,Granitoides alcalinos (marco extensional),PALEOZOICO,CAMBRICO-ORDOVICICO,ROCAS PLUTONICAS PREHERCINICAS,26110.457765792205,4802632.466410945,74157.6,70446.9,0
547,Corno,,Hispania Tarraconensis,Spain,Orense,Cuenca media del Miño,,MM-19,,,,,42.24882,-7.661514,2000.0,Guessed from Google Earth and Sanchez-Palencia and Orejas 1994 fig. 12,,,,,,,TRUE,0.0,0.0,0.0,0.0,0.0,0.0,0.0,0.0,,"Sanchez-Palencia and Orejas 1994, 194",1.0,0.0,True,,,,,,,,,Secondary,Selective - Extensive,1,Confirmado,0,No,0,No,0,No,0,No,0,No,0,No,1,0,1,0,0.5,0.9,1.0,0.765,Media Certeza (Grado II),534.0,Granitoides de emplazamiento meso-catazonal,Granitoides de dos micas,PALEOZOICO,DEVONICO-CARBONIFERO-PERMICO,ROCAS PLUTONICAS HERCINICAS,115410.96985484916,4687934.118978112,42531.2,42531.2,0
548,Cornollo,,Hispania Tarraconensis,Spain,Oviedo,Cuenca del Navia,,NV-51,,,,,43.175748,-6.819351,1000.0,"Placename, Google Earth, and Sanchez-Palencia and Orejas 1994, fig. 13.",,,,,,,TRUE,0.0,0.0,0.0,0.0,0.0,0.0,0.0,0.0,,"Sanchez-Palencia and Orejas 1994, 200",,,,,,,,,,,,Primary,Extensive,1,Confirmado,0,No,0,No,0,No,0,No,0,No,0,No,0,0,0,0,0.7,0.9,1.0,0.845,Alta Certeza (Grado I),622.0,Cuarcitas; pizarras; areniscas; calizas y vulcanitas,"Pizarras, areniscas, cuarcitas y calizas o rocas vulcanoclásticas",PALEOZOICO,ORDOVICICO, ,189564.81150316214,4787416.771304645,3031.0,3681.8,5
549,Corpiño,,Hispania Tarraconensis,Spain,Pontevedra,Galicia,,,PO 2,121.0,228.2,915.2,42.75495611,-8.231481851,100.0,"Converted in QGIS from Lambert coords, Madrid 1870",,,,,,,FALSE,0.0,0.0,0.0,1.0,0.0,0.0,0.0,0.0,"""As in the case of San Finx, these mines were worked by the ancients,  the method being to open up a trench or cast on the back of the lode,  thus forming a pile on either side""""; """"cavernous workings were sometimes resorted to"""". (Borlase 1897: 17). (This is what Borlase refers to as the ""Tyre and Sidon"" reservation near Fontao and Merza.)""",Borlase 1897: 17; Domergue 1990: 41,,,False,False,False,0.0,0.0,0.0,,,,,,0,No,0,No,0,No,0,No,0,No,1,Confirmado,0,No,0,0,0,0,1.0,0.9,1.0,0.965,Alta Certeza (Grado I),282.0,Granitoides de emplazamiento meso-catazonal,Granitoides alcalinos (marco extensional),PALEOZOICO,CAMBRICO-ORDOVICICO,ROCAS PLUTONICAS PREHERCINICAS,71852.94163587148,4746892.2877334105,32268.4,32268.4,0
550,Corralín I,,Hispania Tarraconensis,Spain,Oviedo,Cuenca del Navia,,NV-06,,,,,42.9651,-6.676629,0.0,"Google Earth, confirmed by photo at http://www.loasturiano.com/lugar-el-corralin-ruta-514",,,,,,,TRUE,0.0,0.0,0.0,0.0,0.0,0.0,0.0,0.0,,"Sanchez-Palencia and Orejas 1994, 199",1.0,0.0,True,True,False,0.0,0.0,0.0,0.0,,,Primary,Extensive,1,Confirmado,0,No,0,No,0,No,0,No,0,No,0,No,1,0,1,0,1.0,0.9,1.0,0.965,Alta Certeza (Grado I),825.0,Cuarcitas; pizarras; areniscas; calizas y vulcanitas,"Areniscas, pizarras, cuarcitas o calizas y conglomerados",PALEOZOICO,CAMBRICO-ORDOVICICO, ,200139.5983479629,4763501.075773412,446.6,907.5,58
551,Corralín II,,Hispania Tarraconensis,Spain,Oviedo,Cuenca del Navia,,NV-05,,,,,42.969956,-6.670889,100.0,"Sanchez-Palencia and Orejas 1994, fig. 13; IGN map, and Google Earth.",,,,,,,TRUE,0.0,0.0,0.0,0.0,0.0,0.0,0.0,0.0,,"Sanchez-Palencia and Orejas 1994, 199",,,,,,,,,,,,Primary,Extensive,1,Confirmado,0,No,0,No,0,No,0,No,0,No,0,No,0,0,0,0,1.0,0.9,1.0,0.965,Alta Certeza (Grado I),777.0,Cuarcitas; pizarras; areniscas; calizas y vulcanitas,"Pizarras, areniscas, cuarcitas y calizas o rocas vulcanoclásticas",PALEOZOICO,ORDOVICICO, ,200631.3742444825,4764019.914231526,505.2,816.7,57
552,Corralín III,,Hispania Tarraconensis,Spain,Oviedo,Cuenca del Navia,,NV-04,,,,,42.974329,-6.667113,500.0,"Guessed in relation to Corralín I and II from Google Earth and Sanchez-Palencia and Orejas 1994, fig. 13.",,,,,,,TRUE,0.0,0.0,0.0,0.0,0.0,0.0,0.0,0.0,,"Sanchez-Palencia and Orejas 1994, 199",,,,,,,,,,,,Primary,Extensive,1,Confirmado,0,No,0,No,0,No,0,No,0,No,0,No,0,0,0,0,0.85,0.9,1.0,0.905,Alta Certeza (Grado I),950.0,Cuarcitas; pizarras; areniscas; calizas y vulcanitas,"Pizarras, areniscas, cuarcitas y calizas o rocas vulcanoclásticas",PALEOZOICO,ORDOVICICO, ,200960.5631911992,4764492.136550935,1044.9,467.4,57
553,Corrego de Brañal,,Hispania Tarraconensis,Spain,Oviedo,Cuenca del Navia,,NV-55,,,,,43.127573,-6.792312,1000.0,"Placename, Google Earth, and Sanchez-Palencia and Orejas 1994, fig. 13.",,,,,,,TRUE,0.0,0.0,0.0,0.0,0.0,0.0,0.0,0.0,,"Sanchez-Palencia and Orejas 1994, 200",1.0,0.0,True,,,,,,,,,Secondary,Extensive,1,Confirmado,0,No,0,No,0,No,0,No,0,No,0,No,1,0,1,0,0.7,0.9,1.0,0.845,Alta Certeza (Grado I),1035.0,Cuarcitas; pizarras; areniscas; calizas y vulcanitas,"Pizarras, areniscas, cuarcitas y calizas o rocas vulcanoclásticas",PALEOZOICO,ORDOVICICO, ,191520.16497862997,4781966.06776001,451.6,929.7,35
554,Pozos / Corta Valladar,,Hispania Tarraconensis,Spain,León,Cuenca del Eria,,ER-13,,,,,42.281831,-6.334052,0.0,Google Earth,,,,,,,TRUE,0.0,0.0,0.0,0.0,0.0,0.0,0.0,0.0,,"Sanchez-Palencia and Orejas 1994, 193",1.0,0.0,False,False,False,0.0,0.0,0.0,0.0,Pozos; ore-crushing anvils now lying in the village.,,Primary,Extensive,1,Confirmado,0,No,0,No,0,No,0,No,0,No,0,No,0,0,1,0,1.0,0.9,1.0,0.965,Alta Certeza (Grado I),1316.0,Cuarcitas; pizarras; areniscas; calizas y vulcanitas,"Ortocuarcitas, areniscas y pizarras",PALEOZOICO,ORDOVICICO, ,225088.5468460524,4686452.837327393,43775.2,43099.2,0
555,Cortas de Xuan Rata I,,Hispania Tarraconensis,Spain,Oviedo,Cuenca del Navia,,NV-38,,,,,43.276106,-6.690412,1000.0,"Guessed, very approximate after Sanchez-Palencia and Orejas 1994, fig. 13.",,,,,,,TRUE,0.0,0.0,0.0,0.0,0.0,0.0,0.0,0.0,,"Sanchez-Palencia and Orejas 1994, 200",,,,,,,,,,,,Primary,Selective - Extensive,1,Confirmado,0,No,0,No,0,No,0,No,0,No,0,No,0,0,0,0,0.7,0.9,1.0,0.845,Alta Certeza (Grado I),926.0,Cuarcitas; pizarras; areniscas; calizas y vulcanitas,"Areniscas, pizarras, cuarcitas o calizas y conglomerados",PALEOZOICO,CAMBRICO-ORDOVICICO, ,200538.25288960576,4798092.584411854,9814.3,6720.3,0
556,Cortas de Xuan Rata II,,Hispania Tarraconensis,Spain,Oviedo,Cuenca del Navia,,NV-37,,,,,43.271021,-6.688449,1000.0,"Guessed, very approximate after Sanchez-Palencia and Orejas 1994, fig. 13.",,,,,,,TRUE,0.0,0.0,0.0,0.0,0.0,0.0,0.0,0.0,,"Sanchez-Palencia and Orejas 1994, 200",1.0,0.0,True,True,False,0.0,0.0,0.0,0.0,,,Primary,Selective - Extensive,1,Confirmado,0,No,0,No,0,No,0,No,0,No,0,No,1,0,1,0,0.7,0.9,1.0,0.845,Alta Certeza (Grado I),872.0,Cuarcitas; pizarras; areniscas; calizas y vulcanitas,"Areniscas, pizarras, cuarcitas o calizas y conglomerados",PALEOZOICO,CAMBRICO-ORDOVICICO, ,200672.598202647,4797520.763433146,9442.7,6461.3,0
557,Cortijo de Peralbo,,Hispania Baetica,Spain,Córdoba,Los Pedroches,,,CO 49,859.0,501.2,424.1,38.40823539,-4.82000889,100.0,"Converted in QGIS from Lambert coords, Madrid 1870",,,,,,,FALSE,0.0,0.0,1.0,0.0,0.0,0.0,0.0,0.0,,Domergue 1990: 48,,,False,False,False,0.0,0.0,0.0,,,Hard rock,Primary,,0,No,0,No,1,Confirmado,0,No,0,No,0,No,0,No,0,0,0,0,1.0,0.9,1.0,0.965,Alta Certeza (Grado I),643.0,Granitoides de emplazamiento epi-mesozonal,Granitoides biotíticos,PALEOZOICO,DEVONICO-CARBONIFERO-PERMICO,ROCAS PLUTONICAS HERCINICAS,341091.7922491515,4252679.440324557,8181.0,9658.1,0
558,Coto Fortuna,,Hispania Tarraconensis,Spain,Murcia,Cartagena-Mazarrón,,,MU 12,976.0,801.1,336.1,37.59743527,-1.409844499,100.0,"Converted in QGIS from Lambert coords, Madrid 1870",,,,,,Late Republican/early Julio-Claudia,FALSE,1.0,1.0,0.0,0.0,0.0,0.0,0.0,0.0,"Located in the Mazarron region it was a huge mining area as indicated by the archaeological remains of buildings, workings and mining waste (over 2.4 million tons). It had galleries measuring over 2 km in length. It was opened in the Republican period and was leased to mining companies.",Domergue 1990: 64,0.0,1.0,False,False,False,0.0,0.0,0.0,0.0,Five ingots of the societas argentifodinarum Ilucronensium found here in the early 20th c.,,,,0,No,1,Confirmado,0,No,1,Confirmado,0,No,0,No,0,No,0,1,0,0,1.0,0.9,1.0,0.965,Alta Certeza (Grado I),232.0,Conglomerados; areniscas; arcillas; calizas y evaporitas; Vulcanitas basicas,"Rocas volcánicas calcoalcalinas (andesitas, dacitas, riolitas, shoshonitas, lamproitas)",CENOZOICO,NEOGENO, ,640375.7768794543,4162339.797697232,27889.4,21789.1,0
559,Cotofia,,Hispania Tarraconensis,Spain,Ciudad Real,Alcudia,,,CR 27,835.0,552.0,443.0,38.58296146,-4.23929458,100.0,"Converted in QGIS from Lambert coords, Madrid 1870",,,,,,,FALSE,1.0,1.0,0.0,0.0,0.0,0.0,0.0,0.0,,Domergue 1990: 46,,,False,False,False,0.0,0.0,0.0,,,,,,0,No,1,Confirmado,0,No,1,Confirmado,0,No,0,No,0,No,0,0,0,0,1.0,0.9,1.0,0.965,Alta Certeza (Grado I),732.0,Gneises; esquistos; marmoles y vulcanitas,"Pizarras, grauwacas, conglomerados o porfiroides",PROTEROZOICO, , ,392058.32298131636,4271227.119786851,2799.3,798.7,17
560,Couso / Vega Misada - Los Lagos,,Hispania Tarraconensis,Spain,León,Cuencas de Cúa y Burbia,,CB-32,LE 4,158.0,350.7,898.7,42.656124,-6.726638,100.0,"Converted in QGIS from Lambert coords, Madrid 1870, adjusted with Google Earth.",,,,,,,TRUE,0.0,0.0,0.0,0.0,0.0,0.0,0.0,0.0,,"Domergue 1990: 44; Sanchez-Palencia and Orejas 1994, 192",1.0,0.0,True,,,,,,,,Terrace,Secondary,Extensive,1,Confirmado,0,No,0,No,0,No,0,No,0,No,0,No,1,0,1,0,1.0,1.0,1.0,1.0,Alta Certeza (Grado I),581.0,Cuarcitas; pizarras; areniscas; calizas y vulcanitas,"Areniscas, pizarras, cuarcitas o calizas y conglomerados",PALEOZOICO,CAMBRICO-ORDOVICICO, ,194541.5816090305,4729365.208294091,2140.0,2038.5,3
561,Cousos,,Hispania Tarraconensis,Spain,León,Cuenca Alta del Orbigo,,,LE 52,128.0,405.4,910.4,42.77369785,-6.0659586,100.0,"Converted in QGIS from Lambert coords, Madrid 1870",,,,,,,TRUE,0.0,0.0,0.0,0.0,0.0,0.0,0.0,0.0,,Domergue 1990: 42,,,,,,,,,,,Hard rock,,,1,Confirmado,0,No,0,No,0,No,0,No,0,No,0,No,0,0,0,0,1.0,0.9,1.0,0.965,Alta Certeza (Grado I),1265.0,Cuarcitas; pizarras; areniscas; calizas y vulcanitas,"Pizarras, grauwacas o arcosas, conglomerados y calizas",PROTEROZOICO-PALEOZOICO,VENDIENSE-CAMBRICO, ,249174.13077154383,4740244.557740298,4408.0,6939.3,5
563,Covas / Covarradeiras,,Hispania Tarraconensis,Spain,La Coruña,Zona de Prior y Valdoviños,,PV-01,C 5,21.0,229.6,1003.2,43.54639773,-8.2696313,100.0,"Converted in QGIS from Lambert coords, Madrid 1870",,,,,,,?,0.0,0.0,1.0,0.0,0.0,0.0,0.0,0.0,,"Domergue 1990: 41; Sanchez-Palencia and Orejas 1994, 201",,,,,,,,,,,Hard rock,Primary,Selective,1,Hipotetico,0,No,1,Confirmado,0,No,0,No,0,No,0,No,0,0,0,0,1.0,1.0,1.0,1.0,Alta Certeza (Grado I),54.0,Rocas metamorficas,"Serpentinitas, metabasitas y metavulcanitas ácidas (Metasedimentos septentrionales)",PROTEROZOICO-PALEOZOICO, ,UNIDADES ALOCTONAS DEL MACIZO HESPERICO,74275.75321188953,4835001.612061992,25581.9,25581.9,0
564,Covas,,Hispania Tarraconensis,Spain,Oviedo,Cuenca del Navia,,NV-81,,,,,43.04589,-6.991571,500.0,"Placename, IGN map, Google Earth, and Sanchez-Palencia and Orejas 1994, fig. 13.",,,,,,,TRUE,0.0,0.0,0.0,0.0,0.0,0.0,0.0,0.0,,"Sanchez-Palencia and Orejas 1994, 201",,,,,,,,,,,,Primary,Extensive,1,Confirmado,0,No,0,No,0,No,0,No,0,No,0,No,0,0,0,0,0.85,0.9,1.0,0.905,Alta Certeza (Grado I),486.0,Cuarcitas; pizarras; areniscas; calizas y vulcanitas,"Areniscas, pizarras, cuarcitas o calizas y conglomerados",PALEOZOICO,CAMBRICO-ORDOVICICO, ,174877.60965436994,4773647.597664078,1722.9,1100.2,32
566,Cruz de la Curiaoz,,Hispania Baetica,Spain,Córdoba,Los Pedroches,,,CO 103,859.0,513.4,425.4,38.42126628,-4.68039707,100.0,"Converted in QGIS from Lambert coords, Madrid 1870",,,,,,,FALSE,0.0,0.0,1.0,0.0,0.0,0.0,0.0,0.0,,Domergue 1990: 48,,,False,False,False,0.0,0.0,0.0,,,Hard rock,Primary,,0,No,0,No,1,Confirmado,0,No,0,No,0,No,0,No,0,0,0,0,1.0,0.9,1.0,0.965,Alta Certeza (Grado I),615.0,Granitoides de emplazamiento epi-mesozonal,Granitoides biotíticos,PALEOZOICO,DEVONICO-CARBONIFERO-PERMICO,ROCAS PLUTONICAS HERCINICAS,353308.7461310765,4253894.070299031,890.6,2677.2,38
567,Cuartín de los Moros,,Hispania Tarraconensis,Spain,León,Cuenca Alta del Orbigo,,AO-04,,,,,42.744506,-6.087344,1000.0,"Estimated from Sanchez-Palencia and Orejas 1994, fig. 15, IGN map placename, and Google Earth",,,,,,,TRUE,0.0,0.0,0.0,0.0,0.0,0.0,0.0,0.0,,"Sanchez-Palencia and Orejas 1994, 188; Melcón 2010",,,,,,,,,,,,Primary,Extensive,1,Confirmado,0,No,0,No,0,No,0,No,0,No,0,No,0,0,0,0,0.7,0.9,1.0,0.845,Alta Certeza (Grado I),1480.0,Cuarcitas; pizarras; areniscas; calizas y vulcanitas,"Areniscas, pizarras, cuarcitas o calizas y conglomerados",PALEOZOICO,CAMBRICO-ORDOVICICO, ,247305.74414412456,4737066.481510214,1334.0,10567.5,30
568,Cubillas,,Hispania Tarraconensis,Spain,León,Cuenca del Boeza,,BO-18,,,,,42.645041,-6.285813,500.0,"Estimated from Sanchez-Palencia and Orejas 1994, fig. 14, IGN map, and Google Earth",,,,,,,TRUE,0.0,0.0,0.0,0.0,0.0,0.0,0.0,0.0,,"Sanchez-Palencia and Orejas 1994, 191",1.0,0.0,True,,,,,,,,,Secondary,Extensive,1,Confirmado,0,No,0,No,0,No,0,No,0,No,0,No,1,0,1,0,0.85,0.9,1.0,0.905,Alta Certeza (Grado I),983.0,Conglomerados; areniscas; arcillas; calizas y evaporitas; Vulcanitas basicas,"Calizas arrecifales, calcarenitas y conglomerados. Arcillas con olistolitos",CENOZOICO,NEOGENO, ,230629.9545490822,4726634.061614522,4524.8,5645.4,1
569,Cuenca del Oro,,Hispania Tarraconensis,Spain,Oviedo,Cuenca del Navia,,NV-18,,,,,43.03506,-6.862859,500.0,"Guessed in relation to Villarcebollín and other Cecos sites from Google Earth and Sanchez-Palencia and Orejas 1994, fig. 13.",,,,,,,TRUE,0.0,0.0,0.0,0.0,0.0,0.0,0.0,0.0,,"Sanchez-Palencia and Orejas 1994, 199",,,,,,,,,,,,Primary,Selective - Extensive,1,Confirmado,0,No,0,No,0,No,0,No,0,No,0,No,0,0,0,0,0.85,0.9,1.0,0.905,Alta Certeza (Grado I),496.0,Cuarcitas; pizarras; areniscas; calizas y vulcanitas,Pizarras y areniscas,PALEOZOICO,ORDOVICICO, ,185307.1663840072,4771953.41940244,1092.3,2334.1,32
570,Cuentas,,Hispania Tarraconensis,Spain,Oviedo,Cuenca del Navia,,NV-25,,,,,43.029604,-6.872695,500.0,"Google Earth, IGN map, and Sanchez-Palencia and Orejas 1994, fig. 13.",,,,,,,TRUE,0.0,0.0,0.0,0.0,0.0,0.0,0.0,0.0,,"Sanchez-Palencia and Orejas 1994, 199",1.0,0.0,True,,,,,,,,,Secondary,Extensive,1,Confirmado,0,No,0,No,0,No,0,No,0,No,0,No,1,0,1,0,0.85,0.9,1.0,0.905,Alta Certeza (Grado I),349.0,Cuarcitas; pizarras; areniscas; calizas y vulcanitas,Pizarras y areniscas,PALEOZOICO,ORDOVICICO, ,184477.7858879487,4771384.415752966,849.1,3215.5,32
571,Cuesta de Romo,,Hispania Baetica,Spain,Córdoba,Los Pedroches,,,CO 90,859.0,501.7,420.0,38.37132984,-4.81368711,100.0,"Converted in QGIS from Lambert coords, Madrid 1870",,,,,,,FALSE,0.0,0.0,1.0,0.0,0.0,0.0,0.0,0.0,,Domergue 1990: 48,,,False,False,False,0.0,0.0,0.0,,,Hard rock,Primary,,0,No,0,No,1,Confirmado,0,No,0,No,0,No,0,No,0,0,0,0,1.0,0.9,1.0,0.965,Alta Certeza (Grado I),641.0,Granitoides de emplazamiento epi-mesozonal,Granitoides biotíticos,PALEOZOICO,DEVONICO-CARBONIFERO-PERMICO,ROCAS PLUTONICAS HERCINICAS,341563.2647465782,4248573.067920858,8221.9,13501.7,0
572,Cuesta del Caballo,,Hispania Tarraconensis,Spain,León,Cuenca Alta del Orbigo,,AO-32,,,,,42.76759,-5.763846,500.0,"Estimated from Sanchez-Palencia and Orejas 1994, fig. 15, and features on Google Earth",,,,,,,TRUE,0.0,0.0,0.0,0.0,0.0,0.0,0.0,0.0,,"Sanchez-Palencia and Orejas 1994, 189",1.0,0.0,True,,,,,,,,,Secondary,Extensive,1,Confirmado,0,No,0,No,0,No,0,No,0,No,0,No,1,0,1,0,0.85,0.9,1.0,0.905,Alta Certeza (Grado I),1019.0,Conglomerados; areniscas; arcillas y calizas; Evaporitas,"Turbiditas calcáreas. Calizas, calizas arenosas, areniscas y margas arenosas",CENOZOICO,PALEOGENO-NEOGENO, ,273869.3002772932,4738711.545744694,8089.0,3384.5,0
573,Cueva de la Lapa,,Hispania Baetica,Spain,Huelva,Picos de Aroche,,,H 32,895.0,316.3,396.7,38.12040179,-6.92596891,100.0,"Converted in QGIS from Lambert coords, Madrid 1870",,,,,,,FALSE,0.0,0.0,1.0,0.0,0.0,0.0,0.0,0.0,,Domergue 1990: 61,,,False,False,False,0.0,0.0,0.0,,,Hard rock,Primary,,0,No,0,No,1,Confirmado,0,No,0,No,0,No,0,No,0,0,0,0,1.0,0.9,1.0,0.965,Alta Certeza (Grado I),351.0,Areniscas; pizarras y calizas,"Ampelitas, cuarcitas, liditas y rocas vulcanoclásticas",PALEOZOICO,SILURICO, ,155810.1336752844,4226459.889250271,1628.4,464.5,27
574,Cueva de la Mora,,Hispania Baetica,Spain,Huelva,Huelva,,,H 2,938.0,324.2,358.9,37.78241534,-6.82072052,100.0,"Converted in QGIS from Lambert coords, Madrid 1870",,,,,,,FALSE,1.0,0.0,1.0,0.0,0.0,0.0,0.0,0.0,,Domergue 1990: 62,,,False,False,False,0.0,0.0,0.0,,,Pyrite,Primary,,0,No,1,Confirmado,1,Confirmado,0,No,0,No,0,No,0,No,0,0,0,0,1.0,0.9,1.0,0.965,Alta Certeza (Grado I),202.0,Areniscas; pizarras y calizas,"Areniscas, pizarras, calizas, cuarcitas y rocas vulcanoclásticas",PALEOZOICO,DEVONICO-CARBONIFERO, ,163499.55873573112,4188553.644040298,934.8,1067.0,24
575,Cueva de la Paloma,,Hispania Baetica,Spain,Almería,Almería,,,AL 5,995.0,709.9,305.4,37.33702823,-2.44762284,100.0,"Converted in QGIS from Lambert coords, Madrid 1870",,,,,,,FALSE,0.0,0.0,1.0,0.0,0.0,0.0,0.0,0.0,,Domergue 1990: 64,,,False,False,False,0.0,0.0,0.0,,,,,,0,No,0,No,1,Confirmado,0,No,0,No,0,No,0,No,0,0,0,0,1.0,0.9,1.0,0.965,Alta Certeza (Grado I),773.0,Rocas metamorficas,"Gneises, migmatitas, micasquistos, esquistos, filitas, mármoles, calizas, y dolomías (M. Alpujárride)",PALEOZOICO-MESOZOICO,TRIASICO,BLOQUE DE ALBORAN,548930.77573395,4132404.1286119497,3825.7,3063.6,5
576,Cueva de Xuan Rata,,Hispania Tarraconensis,Spain,Oviedo,Cuenca del Navia,,NV-36,,,,,43.277882,-6.690545,0.0,"GPS, site visit 2010",,,,,,,TRUE,0.0,0.0,0.0,0.0,0.0,0.0,0.0,0.0,Underground adit driven into hillside; prospection?,"Sanchez-Palencia and Orejas 1994, 200",0.0,1.0,False,False,False,0.0,0.0,0.0,0.0,,Hard rock,Primary,Selective,1,Confirmado,0,No,0,No,0,No,0,No,0,No,0,No,0,1,0,0,1.0,0.9,1.0,0.965,Alta Certeza (Grado I),858.0,Cuarcitas; pizarras; areniscas; calizas y vulcanitas,"Areniscas, pizarras, cuarcitas o calizas y conglomerados",PALEOZOICO,CAMBRICO-ORDOVICICO, ,200536.18180643226,4798290.317972092,9908.6,6776.8,0
577,Cueva del Hierro,,Hispania Tarraconensis,Spain,Cuenca,,,,,,,,40.58513,-2.037399,0.0,http://www.cuevadelhierro.com/como-llegar-accesos-a-la-mina/,,,,,,,FALSE,0.0,0.0,0.0,0.0,1.0,0.0,0.0,0.0,,http://www.cuevadelhierro.com/,0.0,1.0,False,False,False,0.0,0.0,0.0,0.0,,,,,0,No,0,No,0,No,0,No,0,No,0,No,1,Confirmado,0,1,0,0,1.0,0.75,1.0,0.9125,Alta Certeza (Grado I),1332.0,Conglomerados; areniscas; calizas; yesos y arcillas versicolores,Arcillas versicolores y yesos,MESOZOICO,TRIASICO, ,581462.297778341,4493149.434332121,2055.4,76.3,25
578,Cueva del Monje,,Hispania Baetica,Spain,Huelva,Huelva,,,H 35,961.0,354.5,327.9,37.51221271,-6.46581346,100.0,"Converted in QGIS from Lambert coords, Madrid 1870",,,,,,,FALSE,0.0,0.0,1.0,0.0,0.0,0.0,0.0,0.0,,Domergue 1990: 61,,,False,False,False,0.0,0.0,0.0,,,Pyrite,Primary,,0,No,0,No,1,Confirmado,0,No,0,No,0,No,0,No,0,0,0,0,1.0,0.9,1.0,0.965,Alta Certeza (Grado I),207.0,Areniscas; pizarras y calizas,"Areniscas, pizarras, calizas, cuarcitas y rocas vulcanoclásticas",PALEOZOICO,DEVONICO-CARBONIFERO, ,193657.69835324347,4157342.0982726826,13876.7,13876.7,0
579,Dehesa,,Hispania Baetica,Spain,Badajoz,Azuaga-Fuenteovejuna,,,BA 25,878.0,415.2,409.1,38.25890445,-5.80105636,100.0,"Converted in QGIS from Lambert coords, Madrid 1870",,,,,,,FALSE,1.0,1.0,0.0,0.0,0.0,0.0,0.0,0.0,,Domergue 1990: 46,0.0,1.0,False,False,False,0.0,0.0,0.0,0.0,,Hard rock,Primary,,0,No,1,Confirmado,0,No,1,Confirmado,0,No,0,No,0,No,0,1,0,0,1.0,0.9,1.0,0.965,Alta Certeza (Grado I),569.0,Gneises; esquistos; marmoles y vulcanitas,"Cuarcitas, gneises, esquistos, pizarras y grauwacas",PROTEROZOICO-PALEOZOICO,RIFEENSE-VENDIENSE-CAMBRICO, ,254918.8720653508,4238252.855217886,3956.1,4859.7,3
580,Dehesa Boyal,,Hispania Baetica,Spain,Córdoba,Los Pedroches,,,CO 91,859.0,500.7,417.4,38.34777592,-4.82475832,100.0,"Converted in QGIS from Lambert coords, Madrid 1870",,,,,,,FALSE,0.0,0.0,1.0,0.0,0.0,0.0,0.0,0.0,,Domergue 1990: 48,,,False,False,False,0.0,0.0,0.0,,,Hard rock,Primary,,0,No,0,No,1,Confirmado,0,No,0,No,0,No,0,No,0,0,0,0,1.0,0.9,1.0,0.965,Alta Certeza (Grado I),692.0,Granitoides de emplazamiento epi-mesozonal,Granitoides biotíticos,PALEOZOICO,DEVONICO-CARBONIFERO-PERMICO,ROCAS PLUTONICAS HERCINICAS,340544.3717764304,4245978.313611747,9694.0,14586.5,0
581,Dehesa de Covatillas,,Hispania Baetica,Spain,Córdoba,Posadas,,,CO 8,922.0,485.3,364.2,37.86631756,-4.99212838,100.0,"Converted in QGIS from Lambert coords, Madrid 1870",,,,,,,FALSE,1.0,1.0,,0.0,0.0,0.0,0.0,0.0,,Domergue 1990: 45,,,False,False,False,0.0,0.0,0.0,,,Hard rock,Primary,,0,No,1,Confirmado,0,No,1,Confirmado,0,No,0,No,0,No,0,0,0,0,1.0,0.9,1.0,0.965,Alta Certeza (Grado I),263.0,Gneises; esquistos; marmoles y vulcanitas,Vulcanitas y/o rocas vulcanoclásticas y metasedimentos,PROTEROZOICO,VENDIENSE, ,324770.6387631251,4192853.149852637,6190.1,6183.7,0
582,Dehesa de la Mesa,,Hispania Baetica,Spain,Badajoz,Azuaga-Fuenteovejuna,,,BA 17,878.0,434.9,401.2,38.19168364,-5.57395462,100.0,"Converted in QGIS from Lambert coords, Madrid 1870",,,,,,,FALSE,1.0,1.0,0.0,0.0,0.0,0.0,0.0,0.0,,Domergue 1990: 46,0.0,1.0,False,False,False,0.0,0.0,0.0,0.0,,Hard rock,Primary,,0,No,1,Confirmado,0,No,1,Confirmado,0,No,0,No,0,No,0,1,0,0,1.0,0.9,1.0,0.965,Alta Certeza (Grado I),422.0,Gneises; esquistos; marmoles y vulcanitas,"Cuarcitas, gneises, esquistos, pizarras y grauwacas",PROTEROZOICO-PALEOZOICO,RIFEENSE-VENDIENSE-CAMBRICO, ,274585.12456710625,4230214.841922596,3937.2,7270.5,1
583,Dehesa de los Llanos,,Hispania Baetica,Spain,Córdoba,Córdoba,,,CO 118,902.0,501.8,381.4,38.0233743,-4.80699259,100.0,"Converted in QGIS from Lambert coords, Madrid 1870",,,,,,,FALSE,0.0,0.0,1.0,0.0,0.0,0.0,0.0,0.0,,Domergue 1990: 47,,,False,False,False,0.0,0.0,0.0,,,Hard rock,,,0,No,0,No,1,Confirmado,0,No,0,No,0,No,0,No,0,0,0,0,1.0,0.9,1.0,0.965,Alta Certeza (Grado I),578.0,Conglomerados; areniscas; pizarras; calizas y vulcanitas; Carbon,Pizarras y grauwacas; conglomerados y calizas,PALEOZOICO,DEVONICO-CARBONIFERO, ,341394.84283182747,4209949.340056545,977.2,1670.3,8
584,Dehesa de Quirós,,Hispania Baetica,Spain,Córdoba,Los Pedroches,,,CO 95,881.0,504.0,415.4,38.33011872,-4.78670049,100.0,"Converted in QGIS from Lambert coords, Madrid 1870",,,,,,,FALSE,0.0,0.0,1.0,0.0,0.0,0.0,0.0,0.0,,Domergue 1990: 48,,,False,False,False,0.0,0.0,0.0,,,Hard rock,Primary,,0,No,0,No,1,Confirmado,0,No,0,No,0,No,0,No,0,0,0,0,1.0,0.9,1.0,0.965,Alta Certeza (Grado I),668.0,Granitoides de emplazamiento epi-mesozonal,Granitoides biotíticos,PALEOZOICO,DEVONICO-CARBONIFERO-PERMICO,ROCAS PLUTONICAS HERCINICAS,343832.3750174566,4243953.820304997,7150.3,11292.6,0
585,Dehesa Lavera,,Hispania Baetica,Spain,Córdoba,Los Pedroches,,,CO 64,858.0,483.4,433.5,38.49075602,-5.02555274,100.0,"Converted in QGIS from Lambert coords, Madrid 1870",,,,,,,FALSE,0.0,0.0,1.0,0.0,0.0,0.0,0.0,0.0,,Domergue 1990: 48,,,False,False,False,0.0,0.0,0.0,,,Hard rock,Primary,,0,No,0,No,1,Confirmado,0,No,0,No,0,No,0,No,0,0,0,0,1.0,0.9,1.0,0.965,Alta Certeza (Grado I),501.0,Granitoides de emplazamiento epi-mesozonal,Granitoides biotíticos,PALEOZOICO,DEVONICO-CARBONIFERO-PERMICO,ROCAS PLUTONICAS HERCINICAS,323345.1613064271,4262211.625728438,14520.3,7562.6,0
586,Dehesa Quebradillas,,Hispania Baetica,Spain,Córdoba,Los Pedroches,,,CO 34,860.0,529.3,421.7,38.38935788,-4.49780491,100.0,"Converted in QGIS from Lambert coords, Madrid 1870",,,,,,,FALSE,0.0,0.0,1.0,0.0,0.0,0.0,0.0,0.0,,Domergue 1990: 47,0.0,1.0,False,False,False,0.0,0.0,0.0,0.0,,Hard rock,Primary,,0,No,0,No,1,Confirmado,0,No,0,No,0,No,0,No,0,1,0,0,1.0,0.9,1.0,0.965,Alta Certeza (Grado I),634.0,Granitoides de emplazamiento epi-mesozonal,Granitoides biotíticos,PALEOZOICO,DEVONICO-CARBONIFERO-PERMICO,ROCAS PLUTONICAS HERCINICAS,369191.6072273026,4250078.429300165,2331.6,1233.9,14
587,Diana,,Hispania Baetica,Spain,Sevilla,Sevilla,,,SE 5,939.0,373.8,353.1,37.74445608,-6.255768279,100.0,"Converted in QGIS from Lambert coords, Madrid 1870",,,,,,,FALSE,1.0,1.0,0.0,0.0,0.0,0.0,0.0,0.0,,Domergue 1990: 48,,,False,False,False,0.0,0.0,0.0,,,Hard rock,Primary,,0,No,1,Confirmado,0,No,1,Confirmado,0,No,0,No,0,No,0,0,0,0,1.0,0.9,1.0,0.965,Alta Certeza (Grado I),179.0,Plutonismo orogenico calcoalcalino toleitico,Rocas básicas y ultrabásicas,PALEOZOICO,DEVONICO-CARBONIFERO-PERMICO,ROCAS PLUTONICAS HERCINICAS,213124.15537992405,4182454.931362534,5632.5,9334.0,0
588,Diógenes,,Hispania Tarraconensis,Spain,Ciudad Real,Alcudia,,,CR 39,862.0,593.7,425.8,38.42919649,-3.76014518,100.0,"Converted in QGIS from Lambert coords, Madrid 1870",,,,,,,FALSE,1.0,1.0,0.0,0.0,0.0,0.0,0.0,0.0,,Domergue 1990: 46,1.0,1.0,False,False,False,0.0,0.0,0.0,0.0,,,,,0,No,1,Confirmado,0,No,1,Confirmado,0,No,0,No,0,No,0,1,1,0,1.0,0.9,1.0,0.965,Alta Certeza (Grado I),940.0,Gneises; esquistos; marmoles y vulcanitas,"Pizarras, grauwacas, conglomerados o porfiroides",PROTEROZOICO, , ,433651.67448841745,4253710.572771767,1635.3,248.6,32
589,Dolores,,Hispania Baetica,Spain,Ciudad Real,,,,CR 21,682.0,497.2,545.5,39.5023367,-4.88450842,100.0,"Converted in QGIS from Lambert coords, Madrid 1870",,,,,,,FALSE,1.0,1.0,0.0,0.0,0.0,0.0,0.0,0.0,,Domergue 1990: 49,,,False,False,False,0.0,0.0,0.0,,,Hard rock,Primary,,0,No,1,Confirmado,0,No,1,Confirmado,0,No,0,No,0,No,0,0,0,0,1.0,0.9,1.0,0.965,Alta Certeza (Grado I),572.0,Gneises; esquistos; marmoles y vulcanitas,"Pizarras, grauwacas, conglomerados o porfiroides",PROTEROZOICO, , ,337971.61266789807,4374219.1692971615,13309.0,9173.6,0
590,Dozón,,Hispania Tarraconensis,Spain,Pontevedra,Cuenca del Deza,,DE-01,,,,,42.570297,-8.048891,1000.0,"Placename, Google Earth",,,,,,,TRUE,0.0,0.0,0.0,0.0,0.0,0.0,0.0,0.0,,"Sanchez-Palencia and Orejas 1994, 192",,,,,,,,,,,,Primary,Selective,1,Confirmado,0,No,0,No,0,No,0,No,0,No,0,No,0,0,0,0,0.7,0.9,1.0,0.845,Alta Certeza (Grado I),753.0,Areniscas; pizarras y calizas,"Pizarras, esquistos, areniscas, calizas, ampelitas y liditas",PALEOZOICO,SILURICO-DEVONICO, ,85571.25985402736,4725468.1751258,30487.1,22221.7,0
591,El Aramo,,Hispania Tarraconensis,Spain,Oviedo,Asturias,,,O 20,52.0,420.4,956.0,43.1874306,-5.896539862,100.0,"Converted in QGIS from Lambert coords, Madrid 1870",,,,,,,FALSE,0.0,0.0,1.0,0.0,0.0,0.0,0.0,0.0,,Domergue 1990: 42,,,False,False,False,0.0,0.0,0.0,,,Hard rock,,,0,No,0,No,1,Confirmado,0,No,0,No,0,No,0,No,0,0,0,0,1.0,0.9,1.0,0.965,Alta Certeza (Grado I),1072.0,Conglomerados; areniscas; pizarras; calizas y vulcanitas; Carbon,"Pizarras, areniscas, conglomerados, carbón y calizas",PALEOZOICO,CARBONIFERO, ,264620.20414176234,4785702.696798581,864.3,3350.7,29
592,El Aro la Gándara,,Hispania Tarraconensis,Spain,León,Cuenca del Boeza,,BO-16,,,,,42.652513,-6.34146,200.0,"Estimated from Sanchez-Palencia and Orejas 1994, fig. 14, IGN map, and Google Earth",,,,,,,TRUE,0.0,0.0,0.0,0.0,0.0,0.0,0.0,0.0,,"Sanchez-Palencia and Orejas 1994, 191",1.0,0.0,True,,,,,,,,,Secondary,Extensive,1,Confirmado,0,No,0,No,0,No,0,No,0,No,0,No,1,0,1,0,0.85,0.9,1.0,0.905,Alta Certeza (Grado I),934.0,Conglomerados; areniscas; arcillas y calizas; Evaporitas,"Turbiditas calcáreas. Calizas, calizas arenosas, areniscas y margas arenosas",CENOZOICO,PALEOGENO-NEOGENO, ,226100.42734690558,4727642.833586956,2855.5,3805.7,1
593,El Bachicón de Fresnedo,,Hispania Tarraconensis,Spain,Oviedo,Cuenca del Narcea,,NA-26,O 1,50.0,361.7,965.3,43.25583997,-6.621699584,100.0,"Converted in QGIS from Lambert coords, Madrid 1870",,,,,,,TRUE,0.0,0.0,0.0,0.0,0.0,0.0,0.0,0.0,,"Domergue 1990: 42; Sanchez-Palencia and Orejas 1994, 197",1.0,0.0,False,False,False,0.0,0.0,0.0,0.0,,Hard rock,Primary,Selective - Extensive,1,Confirmado,0,No,0,No,0,No,0,No,0,No,0,No,0,0,1,0,1.0,1.0,1.0,1.0,Alta Certeza (Grado I),779.0,Cuarcitas; pizarras; areniscas; calizas y vulcanitas,"Areniscas, pizarras, cuarcitas o calizas y conglomerados",PALEOZOICO,CAMBRICO-ORDOVICICO, ,206016.7912711564,4795597.443323115,3813.9,1244.0,10
594,El Barrero,,Hispania Tarraconensis,Spain,León,Cuenca Alta del Tuerto,,AT-20,,,,,42.500821,-6.166731,500.0,"Estimated from Sanchez-Palencia and Orejas 1994, figs 8 and 15, IGN map, and Google Earth",,,,,,,TRUE,0.0,0.0,0.0,0.0,0.0,0.0,0.0,0.0,,"Sanchez-Palencia and Orejas 1994, 190; 224 fig. 8",1.0,0.0,True,,,,,,,,,Secondary,Selective - Extensive,1,Confirmado,0,No,0,No,0,No,0,No,0,No,0,No,1,0,1,0,0.85,0.9,1.0,0.905,Alta Certeza (Grado I),1002.0,Cuarcitas; pizarras; areniscas; calizas y vulcanitas,Pizarras y areniscas,PALEOZOICO,ORDOVICICO, ,239793.61739732584,4710244.944173165,22272.5,24166.6,0
595,El Barrero,,Hispania Tarraconensis,Spain,León,Cuenca media del Sil,,MS-080,,,,,42.433849,-6.717874,500.0,"Guessed from Google Earth and Sanchez-Palencia and Orejas 1994, fig. 16",,,,,,,TRUE,0.0,0.0,0.0,0.0,0.0,0.0,0.0,0.0,,"Sanchez-Palencia and Orejas 1994, 196",1.0,0.0,True,,,,,,,,,Secondary,Extensive,1,Confirmado,0,No,0,No,0,No,0,No,0,No,0,No,1,0,1,0,0.85,0.9,1.0,0.905,Alta Certeza (Grado I),723.0,Cuarcitas; pizarras; areniscas; calizas y vulcanitas,"Pizarras, areniscas, cuarcitas y calizas o rocas vulcanoclásticas",PALEOZOICO,ORDOVICICO, ,194175.37137575238,4704647.746209274,25476.7,25769.5,0
596,El Borracho,,Hispania Tarraconensis,Spain,Badajoz,Alcudia,,,BA 46,781.0,492.3,477.0,38.88410269,-4.93042278,100.0,"Converted in QGIS from Lambert coords, Madrid 1870",,,,,,,FALSE,1.0,1.0,1.0,0.0,0.0,0.0,0.0,0.0,,Domergue 1990: 46,,,False,False,False,0.0,0.0,0.0,,,,,,0,No,1,Confirmado,1,Confirmado,1,Confirmado,0,No,0,No,0,No,0,0,0,0,1.0,0.9,1.0,0.965,Alta Certeza (Grado I),410.0,Cuarcitas; pizarras; areniscas; calizas y vulcanitas,"Pizarras, areniscas, cuarcitas y calizas o rocas vulcanoclásticas",PALEOZOICO,ORDOVICICO, ,332562.1650110347,4305686.507586144,2280.0,650.1,17
597,El Bronce,,Hispania Tarraconensis,Spain,Oviedo,Cuenca del Narcea,,NA-45,,,,,43.303133,-6.257703,1000.0,"Estimated from Sanchez-Palencia and Orejas 1994, fig. 13, IGN map, and Google Earth",Location guessed,,,,,,TRUE,0.0,0.0,0.0,0.0,0.0,0.0,0.0,0.0,,"Sanchez-Palencia and Orejas 1994, 198",,,,,,,,,,,,Secondary - Primary,Selective - Extensive,1,Confirmado,0,No,0,No,0,No,0,No,0,No,0,No,0,0,0,0,0.7,0.9,1.0,0.845,Alta Certeza (Grado I),687.0,Cuarcitas; pizarras; areniscas; calizas y vulcanitas,"Areniscas, pizarras, cuarcitas o calizas y conglomerados",PALEOZOICO,CAMBRICO-ORDOVICICO, ,235770.42205041635,4799632.958168041,7743.8,5837.5,0
598,El Buho,,Hispania Baetica,Spain,Badajoz,La Serena,,,BA 34,805.0,439.4,462.7,38.74690711,-5.53713651,100.0,"Converted in QGIS from Lambert coords, Madrid 1870",,,,,,,FALSE,1.0,1.0,0.0,0.0,0.0,0.0,0.0,0.0,,Domergue 1990: 45,,,False,False,False,0.0,0.0,0.0,,,Hard rock,Primary,,0,No,1,Confirmado,0,No,1,Confirmado,0,No,0,No,0,No,0,0,0,0,1.0,0.9,1.0,0.965,Alta Certeza (Grado I),443.0,Gneises; esquistos; marmoles y vulcanitas,"Pizarras, grauwacas, conglomerados o porfiroides",PROTEROZOICO, , ,279508.6120424991,4291747.767154341,2805.6,2894.1,5
599,El Burcio,,Hispania Tarraconensis,Spain,Ciudad Real,Alcudia,,,CR 35,836.0,573.6,439.7,38.55414094,-3.99105831,100.0,"Converted in QGIS from Lambert coords, Madrid 1870",,,,,,,FALSE,1.0,1.0,0.0,0.0,0.0,0.0,0.0,0.0,,Domergue 1990: 46,,,False,False,False,0.0,0.0,0.0,,,,,,0,No,1,Confirmado,0,No,1,Confirmado,0,No,0,No,0,No,0,0,0,0,1.0,0.9,1.0,0.965,Alta Certeza (Grado I),685.0,Gneises; esquistos; marmoles y vulcanitas,"Pizarras, areniscas, conglomerados y calizas",PROTEROZOICO,VENDIENSE, ,413645.57866324263,4267766.518405153,2536.7,953.8,8
601,El Cabrucal de Trelles,,Hispania Tarraconensis,Spain,Oviedo,Cuenca del Navia,,NV-80,O 8.ii,26.0,354.0,991.0,43.48458266,-6.727207833,100.0,"Converted in QGIS from Lambert coords, Madrid 1870; Placename, IGN map, Google Earth, and Sanchez-Palencia and Orejas 1994, fig. 13.",The same as Domergue's Rio Navia 2 site O 8.ii,,,,,,TRUE,0.0,0.0,0.0,0.0,0.0,0.0,0.0,0.0,,"Domergue 1990:42; Sanchez-Palencia and Orejas 1994, 201",1.0,0.0,True,False,True,0.0,1.0,0.0,0.0,,Quaternary Terrace,Secondary,Selective - Extensive,1,Confirmado,0,No,0,No,0,No,0,No,0,No,0,No,1,0,1,0,1.0,1.0,1.0,1.0,Alta Certeza (Grado I),74.0,Cuarcitas; pizarras; areniscas; calizas y vulcanitas,Pizarras y areniscas,PALEOZOICO,ORDOVICICO, ,198588.2228423563,4821380.608983182,7417.4,6481.4,0
602,El Calvo,,Hispania Baetica,Spain,Badajoz,Azuaga-Fuenteovejuna,,,BA 26,878.0,413.7,411.7,38.28201657,-5.81891239,100.0,"Converted in QGIS from Lambert coords, Madrid 1870",,,,,,,FALSE,1.0,1.0,0.0,0.0,0.0,0.0,0.0,0.0,,Domergue 1990: 46,0.0,1.0,False,False,False,0.0,0.0,0.0,0.0,,Hard rock,Primary,,0,No,1,Confirmado,0,No,1,Confirmado,0,No,0,No,0,No,0,1,0,0,1.0,0.9,1.0,0.965,Alta Certeza (Grado I),548.0,Conglomerados; areniscas; arcillas; calizas y evaporitas; Vulcanitas basicas,"Calcarenitas, arenas y limos amarillos",CENOZOICO,NEOGENO, ,253434.4779737822,4240865.533273442,1457.0,2059.9,10
603,El Campillo,,Hispania Baetica,Spain,Huelva,Picos de Aroche,,,H 27,895.0,319.0,389.6,38.05731622,-6.89226707,100.0,"Converted in QGIS from Lambert coords, Madrid 1870",,,,,,,FALSE,0.0,0.0,1.0,0.0,0.0,0.0,0.0,0.0,,Domergue 1990: 61,,,False,False,False,0.0,0.0,0.0,,,Hard rock,Primary,,0,No,0,No,1,Confirmado,0,No,0,No,0,No,0,No,0,0,0,0,1.0,0.9,1.0,0.965,Alta Certeza (Grado I),375.0,Areniscas; pizarras y calizas,"Areniscas, pizarras, calizas, cuarcitas y rocas vulcanoclásticas",PALEOZOICO,DEVONICO-CARBONIFERO, ,158471.92048465536,4219331.737938557,1465.0,1259.1,36
604,El Canalón,,Hispania Tarraconensis,Spain,León,Sierra del Teleno,,TE-05,,,,,42.321874,-6.329764,500.0,"Estimated from Sanchez-Palencia and Orejas 1994, fig. 17, IGN map, and Google Earth",,,,,,,TRUE,0.0,0.0,0.0,0.0,0.0,0.0,0.0,0.0,,"Sanchez-Palencia and Orejas 1994, 201",,,,,,,,,,,,Secondary - Primary,Selective - Extensive,1,Confirmado,0,No,0,No,0,No,0,No,0,No,0,No,0,0,0,0,0.85,0.9,1.0,0.905,Alta Certeza (Grado I),1348.0,Cuarcitas; pizarras; areniscas; calizas y vulcanitas,"Ortocuarcitas, areniscas y pizarras",PALEOZOICO,ORDOVICICO, ,225616.286203811,4690885.865580618,39348.5,38753.3,0
605,El Carbedón - Las Lastras,,Hispania Tarraconensis,Spain,León,Cuencas de Cúa y Burbia,,CB-25,,,,,42.667622,-6.82623,500.0,"Estimated from Sanchez-Palencia and Orejas 1994, fig. 14, IGN map, and Google Earth",,,,,,,TRUE,0.0,0.0,0.0,0.0,0.0,0.0,0.0,0.0,,"Sanchez-Palencia and Orejas 1994, 192",1.0,0.0,True,,,,,,,,,Secondary,Selective - Extensive,1,Confirmado,0,No,0,No,0,No,0,No,0,No,0,No,1,0,1,0,0.85,0.9,1.0,0.905,Alta Certeza (Grado I),834.0,Cuarcitas; pizarras; areniscas; calizas y vulcanitas,"Areniscas, pizarras, cuarcitas o calizas y conglomerados",PALEOZOICO,CAMBRICO-ORDOVICICO, ,186435.29146243242,4731007.354451293,601.3,454.1,20
606,El Cardal - Los Regueiricos,,Hispania Tarraconensis,Spain,León,Sierra del Teleno,,TE-10,,,,,42.328407,-6.410587,200.0,"Estimated from Sanchez-Palencia and Orejas 1994, fig. 17, IGN map, and Google Earth",,,,,,,TRUE,0.0,0.0,0.0,0.0,0.0,0.0,0.0,0.0,,"Sanchez-Palencia and Orejas 1994, 202",1.0,0.0,True,,,,,,,,,Secondary,Selective - Extensive,1,Confirmado,0,No,0,No,0,No,0,No,0,No,0,No,1,0,1,0,0.85,0.9,1.0,0.905,Alta Certeza (Grado I),1474.0,Cuarcitas; pizarras; areniscas; calizas y vulcanitas,"Pizarras, areniscas, cuarcitas y calizas o rocas vulcanoclásticas",PALEOZOICO,ORDOVICICO, ,218984.5803934859,4691875.478979856,38290.3,37503.5,0
607,El Carpio,,Hispania Baetica,Spain,Huelva,Huelva,,,H 24,937.0,310.7,362.7,37.81226434,-6.97552107,100.0,"Converted in QGIS from Lambert coords, Madrid 1870",,,,,,,FALSE,0.0,0.0,1.0,0.0,0.0,0.0,0.0,0.0,,Domergue 1990: 62,0.0,1.0,False,False,False,0.0,0.0,0.0,0.0,,Pyrite,Primary,,0,No,0,No,1,Confirmado,0,No,0,No,0,No,0,No,0,1,0,0,1.0,0.9,1.0,0.965,Alta Certeza (Grado I),339.0,Areniscas; pizarras y calizas,"Areniscas, pizarras, calizas, cuarcitas y rocas vulcanoclásticas",PALEOZOICO,DEVONICO-CARBONIFERO, ,150001.64581066335,4192436.733774912,1463.4,1463.4,7
608,El Carril,,Hispania Tarraconensis,Spain,León,Cuenca del Eria,,ER-17,,,,,42.255556,-6.28292,200.0,"Estimated from Sanchez-Palencia and Orejas 1994, fig. 17 and Google Earth",,,,,,,TRUE,0.0,0.0,0.0,0.0,0.0,0.0,0.0,0.0,,"Sanchez-Palencia and Orejas 1994, 193",1.0,0.0,True,False,False,0.0,0.0,0.0,0.0,,,Secondary,Extensive,1,Confirmado,0,No,0,No,0,No,0,No,0,No,0,No,1,0,1,0,0.85,0.9,1.0,0.905,Alta Certeza (Grado I),1011.0,Cuarcitas; pizarras; areniscas; calizas y vulcanitas,"Ortocuarcitas, areniscas y pizarras",PALEOZOICO,ORDOVICICO, ,229192.53903976543,4683370.962818159,47054.0,46728.8,0
609,El Carrozo de la Fucarona,,Hispania Tarraconensis,Spain,León,Cuencas del Turienzo y Jerega,,TJ-18,LE 35,192.0,389.0,878.3,42.480441,-6.251635,0.0,"Converted in QGIS from Lambert coords, Madrid 1870, adjusted with Google Earth.",,,,,,,TRUE,0.0,0.0,0.0,0.0,0.0,0.0,0.0,0.0,,"Domergue 1990: 43; Sanchez-Palencia and Orejas 1994, 202",1.0,0.0,True,,,,,,,,,Secondary,Extensive,1,Confirmado,0,No,0,No,0,No,0,No,0,No,0,No,1,0,1,0,1.0,1.0,1.0,1.0,Alta Certeza (Grado I),1107.0,Cuarcitas; pizarras; areniscas; calizas y vulcanitas,"Areniscas, pizarras, cuarcitas o calizas y conglomerados",PALEOZOICO,CAMBRICO-ORDOVICICO, ,232729.65340108104,4708245.9571203375,23027.9,23920.0,0
610,El Castillo,,Hispania Tarraconensis,Spain,Jaén,Linares - La Carolina,,,J 19,884.0,607.8,411.2,38.29755179,-3.59870814,100.0,"Converted in QGIS from Lambert coords, Madrid 1870",,,,,,,FALSE,1.0,1.0,0.0,0.0,0.0,0.0,0.0,0.0,,Domergue 1990: 45,0.0,1.0,False,False,False,0.0,0.0,0.0,0.0,,Hard rock,,,0,No,1,Confirmado,0,No,1,Confirmado,0,No,0,No,0,No,0,1,0,0,1.0,0.9,1.0,0.965,Alta Certeza (Grado I),579.0,Cuarcitas; pizarras; areniscas; calizas y vulcanitas,"Pizarras, areniscas, cuarcitas y calizas o rocas vulcanoclásticas",PALEOZOICO,ORDOVICICO, ,447647.901316483,4238999.366573889,6813.7,906.1,0
612,El Centenillo,,Hispania Tarraconensis,Spain,Jaén,Linares - La Carolina,,,J 12,862.0,595.7,415.8,38.33904894,-3.73715927,100.0,"Converted in QGIS from Lambert coords, Madrid 1870",,-300.0,-200.0,,,,FALSE,1.0,1.0,0.0,0.0,0.0,0.0,0.0,0.0,Large underground Roman silver and lead mine. Based on archeaological finds including coins the mining started in the 2nd century BC. Five Archimedes’ screws have been found along with mining tools. The mines went to a depth of 225 metres.,Domergue 1971: 265-363; Domergue 1990: 45,0.0,1.0,False,False,False,0.0,0.0,0.0,0.0,,Hard rock,,,0,No,1,Confirmado,0,No,1,Confirmado,0,No,0,No,0,No,0,1,0,0,1.0,0.9,1.0,0.965,Alta Certeza (Grado I),822.0,Conglomerados; areniscas; pizarras; calizas y vulcanitas; Carbon,Pizarras y grauwacas; conglomerados y calizas,PALEOZOICO,DEVONICO-CARBONIFERO, ,435578.08117724134,4243691.371968687,2103.5,833.0,20
613,El Charcón,,Hispania Baetica,Spain,Murcia,Almería,,,MU 1,997.0,780.5,320.6,37.46227813,-1.647137774,100.0,"Converted in QGIS from Lambert coords, Madrid 1870",,,,,,,FALSE,1.0,1.0,0.0,0.0,0.0,0.0,0.0,0.0,,Domergue 1990: 64,0.0,1.0,False,False,False,0.0,0.0,0.0,0.0,,,,,0,No,1,Confirmado,0,No,1,Confirmado,0,No,0,No,0,No,0,1,0,0,1.0,0.9,1.0,0.965,Alta Certeza (Grado I),216.0,Rocas metamorficas,"Gneises, migmatitas, micasquistos, esquistos, filitas, mármoles, calizas, y dolomías (M. Alpujárride)",PALEOZOICO-MESOZOICO,TRIASICO,BLOQUE DE ALBORAN,619642.6414552187,4147015.6166673056,7320.3,398.9,0
614,El Chaves,,Hispania Tarraconensis,Spain,Jaén,Linares - La Carolina,,,J 22,905.0,602.9,393.5,38.13800816,-3.65483854,100.0,"Converted in QGIS from Lambert coords, Madrid 1870",,,,,,,FALSE,1.0,1.0,0.0,0.0,0.0,0.0,0.0,0.0,,Domergue 1990: 45,0.0,1.0,False,False,False,0.0,0.0,0.0,0.0,,Hard rock,,,0,No,1,Confirmado,0,No,1,Confirmado,0,No,0,No,0,No,0,1,0,0,1.0,0.9,1.0,0.965,Alta Certeza (Grado I),467.0,Conglomerados; areniscas; calizas; yesos y arcillas versicolores,"Conglomerados, areniscas, arcillas, dolomías, calizas y margas",MESOZOICO,TRIASICO, ,442614.53771068144,4221330.013966577,2157.3,161.2,3
615,El Chorrillo,,Hispania Tarraconensis,Spain,Ciudad Real,Alcudia,,,CR 41,861.0,579.0,426.0,38.43076709,-3.9286322,100.0,"Converted in QGIS from Lambert coords, Madrid 1870",,,,,,,FALSE,1.0,1.0,0.0,0.0,0.0,0.0,0.0,0.0,,Domergue 1990: 46,,,False,False,False,0.0,0.0,0.0,,,,,,0,No,1,Confirmado,0,No,1,Confirmado,0,No,0,No,0,No,0,0,0,0,1.0,0.9,1.0,0.965,Alta Certeza (Grado I),654.0,Cuarcitas; pizarras; areniscas; calizas y vulcanitas,"Ortocuarcitas, areniscas y pizarras",PALEOZOICO,ORDOVICICO, ,418946.9814685633,4254019.572660483,6963.9,812.9,0
616,El Cobacho - La Rozada,,Hispania Tarraconensis,Spain,"León, Orense, Lugo",Cuenca media del Sil,,MS-001,,,,,42.506399,-6.700063,100.0,Google Earth (located) and IGN map,"CHECK to see if this is the same as Domergue's Ermita de la Estrella, which is nearby",,,,,,TRUE,0.0,0.0,0.0,0.0,0.0,0.0,0.0,0.0,,"Sanchez-Palencia and Orejas 1994, 194",1.0,0.0,True,,,1.0,,,,Imagery on Google Earth suggests this is a ruina montium mine.,,Secondary,Selective - Extensive,1,Confirmado,0,No,0,No,0,No,0,No,0,No,0,No,1,0,1,0,1.0,0.9,1.0,0.965,Alta Certeza (Grado I),511.0,Conglomerados; areniscas; arcillas; calizas y evaporitas; Vulcanitas basicas,"Calizas arrecifales, calcarenitas y conglomerados. Arcillas con olistolitos",CENOZOICO,NEOGENO, ,195992.47148369707,4712640.959655309,17281.1,17578.5,0
617,El Corón - El Barrial - Fascias,,Hispania Tarraconensis,Spain,León,Cuenca del Boeza,,BO-15,,,,,42.649196,-6.360162,100.0,"Estimated from Sanchez-Palencia and Orejas 1994, fig. 14, IGN map, and Google Earth",,,,,,,TRUE,0.0,0.0,0.0,0.0,0.0,0.0,0.0,0.0,Castro immediately adjacent to mine.,"Sanchez-Palencia and Orejas 1994, 191",1.0,0.0,True,,,,,,,,,Secondary,Extensive,1,Confirmado,0,No,0,No,0,No,0,No,0,No,0,No,1,0,1,0,1.0,0.9,1.0,0.965,Alta Certeza (Grado I),846.0,Conglomerados; areniscas; arcillas y calizas; Evaporitas,"Turbiditas calcáreas. Calizas, calizas arenosas, areniscas y margas arenosas",CENOZOICO,PALEOGENO-NEOGENO, ,224552.62455076375,4727335.277034238,2911.5,4000.4,4
618,El Corón de Losada,,Hispania Tarraconensis,Spain,León,Cuenca del Boeza,,BO-12,,,,,42.666101,-6.434502,100.0,"Guessed from Sanchez-Palencia and Orejas 1994, fig. 14, IGN map, Google Earth, and IGN LiDAR mapping; confirmed by site visit 24/09/2021.",,,,,,,TRUE,0.0,0.0,0.0,0.0,0.0,0.0,0.0,0.0,"Castro immediately adjacent to mine, possible gully issuing from ditch at South.","Sanchez-Palencia and Orejas 1994, 191",1.0,0.0,True,,,,,,,,,Secondary,Extensive,1,Confirmado,0,No,0,No,0,No,0,No,0,No,0,No,1,0,1,0,1.0,0.9,1.0,0.965,Alta Certeza (Grado I),793.0,Areniscas; pizarras y calizas,"Pizarras, esquistos, areniscas, calizas, ampelitas y liditas",PALEOZOICO,SILURICO-DEVONICO, ,218534.39730036224,4729457.83905282,944.0,1195.8,13
619,El Corón de Pombía,,Hispania Tarraconensis,Spain,León,Cuenca del Boeza,,BO-17,,,,,42.636584,-6.312041,200.0,"Estimated from Sanchez-Palencia and Orejas 1994, fig. 14, IGN map, and Google Earth",,,,,,,TRUE,0.0,0.0,0.0,0.0,0.0,0.0,0.0,0.0,,"Sanchez-Palencia and Orejas 1994, 191",1.0,0.0,True,,,,,,,,,Secondary,Extensive,1,Confirmado,0,No,0,No,0,No,0,No,0,No,0,No,1,0,1,0,0.85,0.9,1.0,0.905,Alta Certeza (Grado I),867.0,Conglomerados; areniscas; arcillas; calizas y evaporitas; Vulcanitas basicas,"Calizas arrecifales, calcarenitas y conglomerados. Arcillas con olistolitos",CENOZOICO,NEOGENO, ,228442.77344281704,4725778.824519759,5514.3,5872.2,0
620,El Corón de San Justo,,Hispania Tarraconensis,Spain,León,Cuenca del Boeza,,BO-04,,,,,42.697321,-6.364151,0.0,"From Sanchez-Palencia and Orejas 1994, fig. 14, IGN map, and Google Earth, refined by site visit 23/09/2021.",,,,,,,TRUE,0.0,0.0,0.0,0.0,0.0,0.0,0.0,0.0,Castro immediately adjacent to mine.,"Alvarez González 1993; Sanchez-Palencia and Orejas 1994, 190",1.0,0.0,True,True,True,0.0,0.0,0.0,0.0,,,Secondary,Extensive,1,Confirmado,0,No,0,No,0,No,0,No,0,No,0,No,1,0,1,0,1.0,0.9,1.0,0.965,Alta Certeza (Grado I),904.0,Conglomerados; areniscas; arcillas; calizas y evaporitas; Vulcanitas basicas,"Calizas arrecifales, calcarenitas y conglomerados. Arcillas con olistolitos",CENOZOICO,NEOGENO, ,224438.5518912794,4732692.944816514,1693.5,168.6,8
623,El Covanallo,,Hispania Tarraconensis,Spain,León,Cuenca del Eria,,ER-20,,,,,42.24081,-6.268568,300.0,"Estimated from Sanchez-Palencia and Orejas 1994, fig. 17,  Fernández-Lozano et al. 2015, fig. 6, and Google Earth",,,,,,,TRUE,0.0,0.0,0.0,0.0,0.0,0.0,0.0,0.0,,"Sanchez-Palencia and Orejas 1994, 193",1.0,0.0,True,False,False,0.0,0.0,0.0,0.0,,,Secondary,Extensive,1,Confirmado,0,No,0,No,0,No,0,No,0,No,0,No,1,0,1,0,0.85,0.9,1.0,0.905,Alta Certeza (Grado I),990.0,Cuarcitas; pizarras; areniscas; calizas y vulcanitas,"Ortocuarcitas, areniscas y pizarras",PALEOZOICO,ORDOVICICO, ,230313.67950092413,4681687.83181131,48842.2,48592.8,0
624,El Cubanallo Fondo,,Hispania Tarraconensis,Spain,León,Cuenca del Eria,,ER-08,,,,,42.237656,-6.332945,300.0,"Estimated from Sanchez-Palencia and Orejas 1994, fig. 17 and Google Earth",,,,,,,TRUE,0.0,0.0,0.0,0.0,0.0,0.0,0.0,0.0,,"Sanchez-Palencia and Orejas 1994, 193",1.0,0.0,True,False,False,0.0,0.0,0.0,0.0,,,Secondary,Selective - Extensive,1,Confirmado,0,No,0,No,0,No,0,No,0,No,0,No,1,0,1,0,0.85,0.9,1.0,0.905,Alta Certeza (Grado I),1065.0,Cuarcitas; pizarras; areniscas; calizas y vulcanitas,"Ortocuarcitas, areniscas y pizarras",PALEOZOICO,ORDOVICICO, ,224987.7076311448,4681543.534711751,48684.1,47977.5,0
625,El Cuerno de Bobia - Las Canalejas,,Hispania Tarraconensis,Spain,León,Cuenca Alta del Orbigo,,AO-24,,,,,42.785835,-5.854274,500.0,"Estimated from Sanchez-Palencia and Orejas 1994, fig. 15, and features on Google Earth",Check to see if same as Domergue's Reguera de las Fuentes,,,,,,TRUE,0.0,0.0,0.0,0.0,0.0,0.0,0.0,0.0,,"Sanchez-Palencia and Orejas 1994, 189",1.0,0.0,True,,,,,,,,,Secondary,Selective - Extensive,1,Confirmado,0,No,0,No,0,No,0,No,0,No,0,No,1,0,1,0,0.85,0.9,1.0,0.905,Alta Certeza (Grado I),1172.0,Conglomerados; areniscas; pizarras; calizas y vulcanitas; Carbon,"Conglomerados, areniscas, lutitas y carbón",PALEOZOICO,CARBONIFERO, ,266538.8480608392,4740984.260772098,8637.1,9883.3,0
626,El Desierto,,Hispania Baetica,Spain,Córdoba,Córdoba,,,CO 47,923.0,500.2,369.6,37.91682821,-4.82351069,100.0,"Converted in QGIS from Lambert coords, Madrid 1870",,,,,,,FALSE,0.0,0.0,1.0,0.0,0.0,0.0,0.0,0.0,,Domergue 1990: 47,,,False,False,False,0.0,0.0,0.0,,,Hard rock,,,0,No,0,No,1,Confirmado,0,No,0,No,0,No,0,No,0,0,0,0,1.0,0.9,1.0,0.965,Alta Certeza (Grado I),493.0,Cuarcitas; pizarras; areniscas; calizas y vulcanitas,"Areniscas, pizarras y calizas",PALEOZOICO,CAMBRICO, ,339713.2962996657,4198154.727755966,6143.8,1016.2,0
627,El Escalerón,,Hispania Tarraconensis,Spain,León,Cuenca del Eria,,ER-10,,,,,42.245249,-6.319171,200.0,"Estimated from Sanchez-Palencia and Orejas 1994, fig. 17 and Google Earth",,,,,,,TRUE,0.0,0.0,0.0,0.0,0.0,0.0,0.0,0.0,,"Sanchez-Palencia and Orejas 1994, 193",1.0,0.0,True,False,False,0.0,0.0,0.0,0.0,,,Secondary,Selective,1,Confirmado,0,No,0,No,0,No,0,No,0,No,0,No,1,0,1,0,0.85,0.9,1.0,0.905,Alta Certeza (Grado I),1046.0,Cuarcitas; pizarras; areniscas; calizas y vulcanitas,"Ortocuarcitas, areniscas y pizarras",PALEOZOICO,ORDOVICICO, ,226157.24515589786,4682342.3450522395,47902.1,47300.5,0
629,El Francés,,Hispania Baetica,Spain,Córdoba,Posadas,,,CO 10,922.0,480.5,366.0,37.88189495,-5.04701024,100.0,"Converted in QGIS from Lambert coords, Madrid 1870",,,,,,,FALSE,1.0,1.0,1.0,0.0,0.0,0.0,0.0,0.0,,Domergue 1990: 45,,,False,False,False,0.0,0.0,0.0,,,Hard rock,Primary,,0,No,1,Confirmado,1,Confirmado,1,Confirmado,0,No,0,No,0,No,0,0,0,0,1.0,0.9,1.0,0.965,Alta Certeza (Grado I),178.0,Gneises; esquistos; marmoles y vulcanitas,Vulcanitas y/o rocas vulcanoclásticas y metasedimentos,PROTEROZOICO,VENDIENSE, ,319980.60876791505,4194686.232390807,5130.6,7714.8,0
630,El Fresnillo,,Hispania Baetica,Spain,Jaén,Montoro Andújar,,,J 5,883.0,564.1,404.0,38.23192951,-4.09824722,100.0,"Converted in QGIS from Lambert coords, Madrid 1870",,,,,,,FALSE,0.0,0.0,1.0,0.0,0.0,0.0,0.0,0.0,,Domergue 1990: 47,,,False,False,False,0.0,0.0,0.0,,,Hard rock,,,0,No,0,No,1,Confirmado,0,No,0,No,0,No,0,No,0,0,0,0,1.0,0.9,1.0,0.965,Alta Certeza (Grado I),602.0,Granitoides de emplazamiento epi-mesozonal,Granitoides de dos micas,PALEOZOICO,DEVONICO-CARBONIFERO-PERMICO,ROCAS PLUTONICAS HERCINICAS,403879.9042396473,4232118.720670518,2245.2,952.2,8
631,El Fucarón de Villalaín I,,Hispania Tarraconensis,Spain,Oviedo,Cuenca del Navia,,NV-54,,,,,43.1299,-6.813383,1000.0,"Placename, Google Earth, and Sanchez-Palencia and Orejas 1994, fig. 13.",,,,,,,TRUE,0.0,0.0,0.0,0.0,0.0,0.0,0.0,0.0,,"Sanchez-Palencia and Orejas 1994, 200",,,,,,,,,,,,Primary,Extensive,1,Confirmado,0,No,0,No,0,No,0,No,0,No,0,No,0,0,0,0,0.7,0.9,1.0,0.845,Alta Certeza (Grado I),714.0,Cuarcitas; pizarras; areniscas; calizas y vulcanitas,"Pizarras, areniscas, cuarcitas y calizas o rocas vulcanoclásticas",PALEOZOICO,ORDOVICICO, ,189817.78738833516,4782302.413460017,1244.4,2149.6,30
632,El Fucarón de Villalaín II,,Hispania Tarraconensis,Spain,Oviedo,Cuenca del Navia,,NV-53,,,,,43.122773,-6.826052,1000.0,"Placename, Google Earth, and Sanchez-Palencia and Orejas 1994, fig. 13.",,,,,,,TRUE,0.0,0.0,0.0,0.0,0.0,0.0,0.0,0.0,,"Sanchez-Palencia and Orejas 1994, 200",,,,,,,,,,,,Primary,Extensive,1,Confirmado,0,No,0,No,0,No,0,No,0,No,0,No,0,0,0,0,0.7,0.9,1.0,0.845,Alta Certeza (Grado I),1157.0,Cuarcitas; pizarras; areniscas; calizas y vulcanitas,"Pizarras, areniscas, cuarcitas y calizas o rocas vulcanoclásticas",PALEOZOICO,ORDOVICICO, ,188750.99561013107,4781557.879736524,1730.0,2076.5,24
633,El Fucarón de Villalaín III,,Hispania Tarraconensis,Spain,Oviedo,Cuenca del Navia,,NV-52,,,,,43.123558,-6.813899,1000.0,"Placename, Google Earth, and Sanchez-Palencia and Orejas 1994, fig. 13.",,,,,,,TRUE,0.0,0.0,0.0,0.0,0.0,0.0,0.0,0.0,,"Sanchez-Palencia and Orejas 1994, 200",,,,,,,,,,,,Primary,Extensive,1,Confirmado,0,No,0,No,0,No,0,No,0,No,0,No,0,0,0,0,0.7,0.9,1.0,0.845,Alta Certeza (Grado I),735.0,Cuarcitas; pizarras; areniscas; calizas y vulcanitas,"Pizarras, areniscas, cuarcitas y calizas o rocas vulcanoclásticas",PALEOZOICO,ORDOVICICO, ,189743.71090796083,4781599.939141594,1421.3,1505.2,31
634,El Galayo,,Hispania Baetica,Spain,Sevilla,Sevilla,,,SE 14,942.0,446.7,356.2,37.78827228,-5.429153002,100.0,"Converted in QGIS from Lambert coords, Madrid 1870",,,,,,,FALSE,1.0,1.0,0.0,0.0,0.0,0.0,0.0,0.0,,Domergue 1990: 48,,,False,False,False,0.0,0.0,0.0,,,Hard rock,Primary,,0,No,1,Confirmado,0,No,1,Confirmado,0,No,0,No,0,No,0,0,0,0,1.0,0.9,1.0,0.965,Alta Certeza (Grado I),232.0,Areniscas; pizarras y calizas,"Ampelitas, cuarcitas, liditas y rocas vulcanoclásticas",PALEOZOICO,SILURICO, ,286099.02403517824,4185103.1585564483,6314.2,532.0,0
635,El Gallo,,Hispania Tarraconensis,Spain,Ciudad Real,Alcudia,,,CR 20,835.0,542.5,439.4,38.54992087,-4.34810714,100.0,"Converted in QGIS from Lambert coords, Madrid 1870",,,,,,,FALSE,1.0,1.0,0.0,0.0,0.0,0.0,0.0,0.0,,Domergue 1990: 46,0.0,1.0,False,False,False,0.0,0.0,0.0,0.0,,,,,0,No,1,Confirmado,0,No,1,Confirmado,0,No,0,No,0,No,0,1,0,0,1.0,0.9,1.0,0.965,Alta Certeza (Grado I),717.0,Gneises; esquistos; marmoles y vulcanitas,"Pizarras, grauwacas, conglomerados o porfiroides",PROTEROZOICO, , ,382526.6576269166,4267694.100296667,3773.0,286.2,12
636,El Ganso,,Hispania Tarraconensis,Spain,León,Cuencas del Turienzo y Jerega,,TJ-22,LE 38,192.0,391.7,876.8,42.46790375,-6.221617692,100.0,"Converted in QGIS from Lambert coords, Madrid 1870",,,,,,,TRUE,0.0,0.0,0.0,0.0,0.0,0.0,0.0,0.0,,"Domergue 1990: 43, Sanchez-Palencia and Orejas 1994, 202",1.0,0.0,True,True,False,0.0,0.0,0.0,0.0,,Tertiary alluvium,Secondary,Extensive,1,Confirmado,0,No,0,No,0,No,0,No,0,No,0,No,1,0,1,0,1.0,1.0,1.0,1.0,Alta Certeza (Grado I),1035.0,Cuarcitas; pizarras; areniscas; calizas y vulcanitas,"Areniscas, pizarras, cuarcitas o calizas y conglomerados",PALEOZOICO,CAMBRICO-ORDOVICICO, ,235144.25903045677,4706759.412314231,24899.0,26002.1,0
637,El Hambre,,Hispania Baetica,Spain,Córdoba,Azuaga-Fuenteovejuna,,,CO 59,879.0,440.7,398.8,38.17113815,-5.50715773,100.0,"Converted in QGIS from Lambert coords, Madrid 1870",,,,,,,FALSE,1.0,1.0,0.0,0.0,0.0,0.0,0.0,0.0,,Domergue 1990: 46,0.0,1.0,False,False,False,0.0,0.0,0.0,0.0,,Hard rock,Primary,,0,No,1,Confirmado,0,No,1,Confirmado,0,No,0,No,0,No,0,1,0,0,1.0,0.9,1.0,0.965,Alta Certeza (Grado I),433.0,Gneises; esquistos; marmoles y vulcanitas,"Cuarcitas, gneises, esquistos, pizarras y grauwacas",PROTEROZOICO-PALEOZOICO,RIFEENSE-VENDIENSE-CAMBRICO, ,280374.06547194225,4227774.18046833,3048.7,4679.6,9
638,El Hondillo,,Hispania Baetica,Spain,Jaén,,,,J 29,885.0,632.7,399.4,38.19058564,-3.31442386,100.0,"Converted in QGIS from Lambert coords, Madrid 1870",,,,,,,FALSE,0.0,0.0,1.0,0.0,0.0,0.0,0.0,0.0,,Domergue 1990: 48,,,False,False,False,0.0,0.0,0.0,,,Hard rock,Primary,,0,No,0,No,1,Confirmado,0,No,0,No,0,No,0,No,0,0,0,0,1.0,0.9,1.0,0.965,Alta Certeza (Grado I),646.0,Conglomerados; areniscas; calizas; yesos y arcillas versicolores,Arcillas versicolores y yesos,MESOZOICO,TRIASICO, ,472465.98856688064,4227007.947405361,5281.2,21.0,0
639,El Humiliadero,,Hispania Baetica,Spain,Jaén,Montoro Andújar,,,J 6,883.0,567.7,403.2,38.22485907,-4.05706472,100.0,"Converted in QGIS from Lambert coords, Madrid 1870",,,,,,,FALSE,0.0,0.0,1.0,0.0,0.0,0.0,0.0,0.0,,Domergue 1990: 47,,,False,False,False,0.0,0.0,0.0,,,Hard rock,,,0,No,0,No,1,Confirmado,0,No,0,No,0,No,0,No,0,0,0,0,1.0,0.9,1.0,0.965,Alta Certeza (Grado I),740.0,Granitoides de emplazamiento epi-mesozonal,Granitoides de dos micas,PALEOZOICO,DEVONICO-CARBONIFERO-PERMICO,ROCAS PLUTONICAS HERCINICAS,407475.3938279574,4231292.218956986,3816.6,675.7,1
640,El Infierno,,Hispania Baetica,Spain,Badajoz,Azuaga-Fuenteovejuna,,,BA 24,878.0,432.7,406.2,38.2363282,-5.60030384,100.0,"Converted in QGIS from Lambert coords, Madrid 1870",,,,,,,FALSE,1.0,1.0,0.0,0.0,0.0,0.0,0.0,0.0,,Domergue 1990: 46,0.0,1.0,False,False,False,0.0,0.0,0.0,0.0,,Hard rock,Primary,,0,No,1,Confirmado,0,No,1,Confirmado,0,No,0,No,0,No,0,1,0,0,1.0,0.9,1.0,0.965,Alta Certeza (Grado I),411.0,Gneises; esquistos; marmoles y vulcanitas,Gneises y anfibolitas,PROTEROZOICO, , ,272416.4086817665,4235234.115315722,1700.8,3938.5,8
641,El Ingertal,,Hispania Baetica,Spain,Córdoba,Posadas,,,CO 9,922.0,487.0,361.5,37.8422045,-4.97235898,100.0,"Converted in QGIS from Lambert coords, Madrid 1870",,,,,,,FALSE,1.0,1.0,,0.0,0.0,0.0,0.0,0.0,,Domergue 1990: 45,,,False,False,False,0.0,0.0,0.0,,,Hard rock,Primary,,0,No,1,Confirmado,0,No,1,Confirmado,0,No,0,No,0,No,0,0,0,0,1.0,0.9,1.0,0.965,Alta Certeza (Grado I),159.0,Gneises; esquistos; marmoles y vulcanitas,Vulcanitas y/o rocas vulcanoclásticas y metasedimentos,PROTEROZOICO,VENDIENSE, ,326453.1983130141,4190140.4802423143,7759.2,7989.2,0
642,El Judío,,Hispania Baetica,Spain,Badajoz,,,,BA 54,777.0,375.5,481.6,38.90292698,-6.27886994,100.0,"Converted in QGIS from Lambert coords, Madrid 1870",,,,,,,FALSE,1.0,0.0,0.0,0.0,0.0,0.0,0.0,0.0,,Domergue 1990: 48,,,False,False,False,0.0,0.0,0.0,,,Hard rock,Primary,,0,No,1,Confirmado,0,No,0,No,0,No,0,No,0,No,0,0,0,0,1.0,0.9,1.0,0.965,Alta Certeza (Grado I),283.0,Conglomerados; areniscas; arcillas; calizas y evaporitas; Vulcanitas basicas,"Conglomerados, areniscas, arcillas, calizas y yesos",CENOZOICO,NEOGENO, ,215656.2543529194,4311116.9667199515,8974.7,1010.5,0
643,El Juncal,,Hispania Baetica,Spain,Huelva,Picos de Aroche,,,H 31,895.0,320.4,394.3,38.1001121,-6.87823353,100.0,"Converted in QGIS from Lambert coords, Madrid 1870",,,,,,,FALSE,0.0,0.0,1.0,0.0,0.0,0.0,0.0,0.0,,Domergue 1990: 61,,,False,False,False,0.0,0.0,0.0,,,Hard rock,Primary,,0,No,0,No,1,Confirmado,0,No,0,No,0,No,0,No,0,0,0,0,1.0,0.9,1.0,0.965,Alta Certeza (Grado I),323.0,Areniscas; pizarras y calizas,"Ampelitas, cuarcitas, liditas y rocas vulcanoclásticas",PALEOZOICO,SILURICO, ,159902.39300366922,4224031.142620355,1386.8,39.8,34
644,El Saldonal,,Hispania Tarraconensis,Spain,León,Cuencas del Turienzo y Jerega,,TJ-16,LE 47.2,193.0,398.0,874.2,42.448522,-6.145288,0.0,Google Earth,1 km to E of LE 47.1.,,,,,,TRUE,0.0,0.0,0.0,0.0,0.0,0.0,0.0,0.0,"Piriform opencast. Castro of El Saldonal nearby (42.446088, -6.144155).","Domergue 1988, 339.",1.0,0.0,True,True,False,0.0,0.0,0.0,0.0,,Tertiary alluvium,Secondary - Primary,Extensive,1,Confirmado,0,No,0,No,0,No,0,No,0,No,0,No,1,0,1,0,1.0,1.0,1.0,1.0,Alta Certeza (Grado I),956.0,Cuarcitas; pizarras; areniscas; calizas y vulcanitas,"Areniscas, pizarras, cuarcitas o calizas y conglomerados",PALEOZOICO,CAMBRICO-ORDOVICICO, ,241340.20553117595,4704371.340684003,27982.6,30167.7,0
645,El Lagunazo,,Hispania Baetica,Spain,Huelva,Huelva,,,H 9,959.0,293.2,342.9,37.62794056,-7.16541952,100.0,"Converted in QGIS from Lambert coords, Madrid 1870",,,,,,,FALSE,0.0,0.0,1.0,0.0,0.0,0.0,0.0,0.0,,Domergue 1990: 62,0.0,1.0,False,False,False,0.0,0.0,0.0,0.0,,Pyrite,Primary,,0,No,0,No,1,Confirmado,0,No,0,No,0,No,0,No,0,1,0,0,1.0,0.9,1.0,0.965,Alta Certeza (Grado I),213.0,Conglomerados; areniscas; pizarras; calizas y vulcanitas; Carbon,Vulcanitas y rocas vulcanoclásticas,PALEOZOICO,CARBONIFERO, ,132364.2930486842,4172702.641574214,12736.3,13073.1,0
646,El Lirio,,Hispania Baetica,Spain,Badajoz,Azuaga-Fuenteovejuna,,,BA 23,878.0,431.7,405.4,38.22892347,-5.61153374,100.0,"Converted in QGIS from Lambert coords, Madrid 1870",,,,,,,FALSE,1.0,1.0,0.0,0.0,0.0,0.0,0.0,0.0,,Domergue 1990: 46,0.0,1.0,False,False,False,0.0,0.0,0.0,0.0,,Hard rock,Primary,,0,No,1,Confirmado,0,No,1,Confirmado,0,No,0,No,0,No,0,1,0,0,1.0,0.9,1.0,0.965,Alta Certeza (Grado I),487.0,Gneises; esquistos; marmoles y vulcanitas,"Cuarcitas, gneises, esquistos, pizarras y grauwacas",PROTEROZOICO-PALEOZOICO,RIFEENSE-VENDIENSE-CAMBRICO, ,271410.1888395928,4234440.001294607,2968.0,5049.0,5
647,El Mico,,Hispania Baetica,Spain,Córdoba,Córdoba,,,CO 41,923.0,499.5,376.8,37.98164667,-4.83252668,100.0,"Converted in QGIS from Lambert coords, Madrid 1870",,,,,,,FALSE,0.0,0.0,1.0,0.0,0.0,0.0,0.0,0.0,,Domergue 1990: 47,,,False,False,False,0.0,0.0,0.0,,,Hard rock,,,0,No,0,No,1,Confirmado,0,No,0,No,0,No,0,No,0,0,0,0,1.0,0.9,1.0,0.965,Alta Certeza (Grado I),448.0,Granitoides alcalinos postcinematicos,Granitoides de tendencia alcalina postcinematicos,PALEOZOICO,DEVONICO-CARBONIFERO-PERMICO,ROCAS PLUTONICAS HERCINICAS,339062.24138546805,4205362.858063836,1520.4,859.5,21
648,El Miédalo I,,Hispania Tarraconensis,Spain,León,Cuenca media del Sil,,MS-058,,,,,42.409456,-6.647353,500.0,"Guessed from Google Earth, IGN map, and Sanchez-Palencia and Orejas 1994, fig. 16",,,,,,,TRUE,0.0,0.0,0.0,0.0,0.0,0.0,0.0,0.0,,"Sanchez-Palencia and Orejas 1994, 196",1.0,0.0,True,,,,,,,,,Secondary,Selective,1,Confirmado,0,No,0,No,0,No,0,No,0,No,0,No,1,0,1,0,0.85,0.9,1.0,0.905,Alta Certeza (Grado I),545.0,Cuarcitas; pizarras; areniscas; calizas y vulcanitas,"Pizarras, areniscas, cuarcitas y calizas o rocas vulcanoclásticas",PALEOZOICO,ORDOVICICO, ,199860.5060740909,4701686.7666730415,27712.9,27905.5,0
649,El Miédalo II,,Hispania Tarraconensis,Spain,León,Cuenca media del Sil,,MS-057,,,,,42.404725,-6.644943,500.0,"Guessed from Google Earth, IGN map, and Sanchez-Palencia and Orejas 1994, fig. 16",,,,,,,TRUE,0.0,0.0,0.0,0.0,0.0,0.0,0.0,0.0,,"Sanchez-Palencia and Orejas 1994, 196",1.0,0.0,True,,,,,,,,,Secondary,Selective,1,Confirmado,0,No,0,No,0,No,0,No,0,No,0,No,1,0,1,0,0.85,0.9,1.0,0.905,Alta Certeza (Grado I),642.0,Cuarcitas; pizarras; areniscas; calizas y vulcanitas,Pizarras y areniscas,PALEOZOICO,ORDOVICICO, ,200036.27650219394,4701152.830403208,28245.2,28434.6,0
650,El Mochuelo,,Hispania Tarraconensis,Spain,Ciudad Real,Alcudia,,,CR 19,834.0,522.7,442.7,38.57812384,-4.57579891,100.0,"Converted in QGIS from Lambert coords, Madrid 1870",,,,,,,FALSE,1.0,1.0,0.0,0.0,0.0,0.0,0.0,0.0,,Domergue 1990: 46,0.0,1.0,False,False,False,0.0,0.0,0.0,0.0,,,,,0,No,1,Confirmado,0,No,1,Confirmado,0,No,0,No,0,No,0,1,0,0,1.0,0.9,1.0,0.965,Alta Certeza (Grado I),706.0,Gneises; esquistos; marmoles y vulcanitas,"Pizarras, grauwacas, conglomerados o porfiroides",PROTEROZOICO, , ,362738.3432946152,4271139.431642107,1774.8,595.1,40
651,El Morte,,Hispania Baetica,Spain,Jaén,,,,J 16,864.0,667.8,420.0,38.37426398,-2.91146018,100.0,"Converted in QGIS from Lambert coords, Madrid 1870",,,,,,,FALSE,1.0,1.0,0.0,0.0,0.0,0.0,0.0,0.0,,Domergue 1990: 48,,,False,False,False,0.0,0.0,0.0,,,Hard rock,Primary,,0,No,1,Confirmado,0,No,1,Confirmado,0,No,0,No,0,No,0,0,0,0,1.0,0.9,1.0,0.965,Alta Certeza (Grado I),597.0,Cuarcitas; pizarras; areniscas; calizas y vulcanitas,"Pizarras, areniscas, cuarcitas y calizas o rocas vulcanoclásticas",PALEOZOICO,ORDOVICICO, ,507733.8874314475,4247345.422062157,5348.1,487.5,0
652,El Nido,,Hispania Tarraconensis,Spain,Ciudad Real,Alcudia,,,CR 23,835.0,543.5,446.5,38.61400244,-4.33722013,100.0,"Converted in QGIS from Lambert coords, Madrid 1870",,,,,,,FALSE,1.0,1.0,0.0,0.0,0.0,0.0,0.0,0.0,,Domergue 1990: 46,,,False,False,False,0.0,0.0,0.0,,,,,,0,No,1,Confirmado,0,No,1,Confirmado,0,No,0,No,0,No,0,0,0,0,1.0,0.9,1.0,0.965,Alta Certeza (Grado I),745.0,Gneises; esquistos; marmoles y vulcanitas,"Pizarras, grauwacas, conglomerados o porfiroides",PROTEROZOICO, , ,383578.9057123098,4274791.368093904,2313.9,1543.9,34
653,El Pedregal / Las Medorras,,Hispania Tarraconensis,Spain,León,Cuenca media del Sil,,MS-054,LE 14,157.0,337.0,888.3,42.5555517,-6.891479513,100.0,"Converted in QGIS from Lambert coords, Madrid 1870","Domergue's ""El Pedregal "" = Sanchez-Palencia & Orejas ""Las Medorras""",,,,,,TRUE,0.0,0.0,0.0,0.0,0.0,0.0,0.0,0.0,,"Domergue 1990: 44; Sanchez-Palencia and Orejas 1994, 196",1.0,0.0,True,,,,,,,,Terrace,Secondary,Extensive,1,Confirmado,0,No,0,No,0,No,0,No,0,No,0,No,1,0,1,0,1.0,1.0,1.0,1.0,Alta Certeza (Grado I),471.0,Cuarcitas; pizarras; areniscas; calizas y vulcanitas,"Areniscas, pizarras, cuarcitas o calizas y conglomerados",PALEOZOICO,CAMBRICO-ORDOVICICO, ,180514.1107217343,4718805.05392703,11362.8,12129.9,0
654,El Pedregalón,,Hispania Tarraconensis,Spain,León,Cuencas del Turienzo y Jerega,,TJ-09,,,,,42.451955,-6.28557,300.0,"Estimated from Sanchez-Palencia and Orejas 1994, fig. 17, IGN map, and Google Earth",,,,,,,TRUE,0.0,0.0,0.0,0.0,0.0,0.0,0.0,0.0,,"Sanchez-Palencia and Orejas 1994, 202",,,,,,,,,,,,Primary,Extensive,1,Confirmado,0,No,0,No,0,No,0,No,0,No,0,No,0,0,0,0,0.85,0.9,1.0,0.905,Alta Certeza (Grado I),1107.0,Cuarcitas; pizarras; areniscas; calizas y vulcanitas,"Areniscas, pizarras, cuarcitas o calizas y conglomerados",PALEOZOICO,CAMBRICO-ORDOVICICO, ,229817.45930339769,4705190.056026966,25518.4,25782.2,0
655,El Pedroso,,Hispania Baetica,Spain,Sevilla,Sevilla,,,SE 11,920.0,416.4,364.4,37.85630479,-5.775372282,100.0,"Converted in QGIS from Lambert coords, Madrid 1870",,,,,,,FALSE,0.0,0.0,0.0,0.0,1.0,0.0,0.0,0.0,,Domergue 1990: 48,,,False,False,False,0.0,0.0,0.0,,,Hard rock,Primary,,0,No,0,No,0,No,0,No,0,No,0,No,1,Confirmado,0,0,0,0,1.0,0.9,1.0,0.965,Alta Certeza (Grado I),509.0,Granitoides de emplazamiento epi-mesozonal,Granitoides de dos micas,PALEOZOICO,DEVONICO-CARBONIFERO-PERMICO,ROCAS PLUTONICAS HERCINICAS,255831.24622311344,4193502.6747770132,958.6,4551.2,8
656,El Peligro I,,Hispania Tarraconensis,Spain,Oviedo,Cuenca del Narcea,,NA-36,,,,,43.315115,-6.479588,1000.0,"Estimated from Sanchez-Palencia and Orejas 1994, fig. 13, IGN map, and Google Earth",,,,,,,TRUE,0.0,0.0,0.0,0.0,0.0,0.0,0.0,0.0,,"Sanchez-Palencia and Orejas 1994, 198",,,,,,,,,,,,Primary,Extensive,1,Confirmado,0,No,0,No,0,No,0,No,0,No,0,No,0,0,0,0,0.7,0.9,1.0,0.845,Alta Certeza (Grado I),557.0,Gneises; esquistos; marmoles y vulcanitas,"Pizarras, grauwacas, conglomerados o porfiroides",PROTEROZOICO, , ,217827.73326129577,4801690.366229785,4684.3,4722.9,1
657,El Peligro II,,Hispania Tarraconensis,Spain,Oviedo,Cuenca del Narcea,,NA-37,,,,,43.311711,-6.474524,1000.0,"Estimated from Sanchez-Palencia and Orejas 1994, fig. 13, IGN map, and Google Earth",,,,,,,TRUE,0.0,0.0,0.0,0.0,0.0,0.0,0.0,0.0,,"Sanchez-Palencia and Orejas 1994, 198",,,,,,,,,,,,Primary,Extensive,1,Confirmado,0,No,0,No,0,No,0,No,0,No,0,No,0,0,0,0,0.7,0.9,1.0,0.845,Alta Certeza (Grado I),592.0,Gneises; esquistos; marmoles y vulcanitas,"Pizarras, grauwacas, conglomerados o porfiroides",PROTEROZOICO, , ,218222.67417145125,4801295.176839373,4883.7,5169.5,1
658,El Piconcillo,,Hispania Baetica,Spain,Córdoba,Azuaga-Fuenteovejuna,,,CO 60,,446.0,396.0,38.14685916,-5.44601668,100.0,"Converted in QGIS from Lambert coords, Madrid 1870",Trapezoid defined by points given by Domergue; coord here is approx. centroid,,,,,,FALSE,1.0,1.0,1.0,0.0,0.0,0.0,0.0,0.0,,Domergue 1990: 46,0.0,1.0,False,False,False,0.0,0.0,0.0,0.0,,Hard rock,Primary,,0,No,1,Confirmado,1,Confirmado,1,Confirmado,0,No,0,No,0,No,0,1,0,0,1.0,0.9,1.0,0.965,Alta Certeza (Grado I),407.0,Gneises; esquistos; marmoles y vulcanitas,"Cuarcitas, gneises, esquistos, pizarras y grauwacas",PROTEROZOICO-PALEOZOICO,RIFEENSE-VENDIENSE-CAMBRICO, ,285659.6659630793,4224936.531222825,1695.2,4354.6,18
659,El Pisón,,Hispania Tarraconensis,Spain,León,Cuencas del Turienzo y Jerega,,TJ-08,,,,,42.461708,-6.29778,300.0,"Estimated from Sanchez-Palencia and Orejas 1994, fig. 17, IGN map, and Google Earth",,,,,,,TRUE,0.0,0.0,0.0,0.0,0.0,0.0,0.0,0.0,,"Sanchez-Palencia and Orejas 1994, 202",,,,,,,,,,,,Primary,Extensive,1,Confirmado,0,No,0,No,0,No,0,No,0,No,0,No,0,0,0,0,0.85,0.9,1.0,0.905,Alta Certeza (Grado I),1109.0,Cuarcitas; pizarras; areniscas; calizas y vulcanitas,"Areniscas, pizarras, cuarcitas o calizas y conglomerados",PALEOZOICO,CAMBRICO-ORDOVICICO, ,228855.42293024878,4706312.150406785,24242.5,24399.4,0
660,El Pleito,,Hispania Tarraconensis,Spain,Ciudad Real,Alcudia,,,CR 26,809.0,542.9,467.7,38.8051128,-4.34591322,100.0,"Converted in QGIS from Lambert coords, Madrid 1870",,,,,,,FALSE,1.0,1.0,0.0,0.0,0.0,0.0,0.0,0.0,,Domergue 1990: 46,,,False,False,False,0.0,0.0,0.0,,,,,,0,No,1,Confirmado,0,No,1,Confirmado,0,No,0,No,0,No,0,0,0,0,1.0,0.9,1.0,0.965,Alta Certeza (Grado I),607.0,Gneises; esquistos; marmoles y vulcanitas,"Pizarras, areniscas, conglomerados y calizas",PROTEROZOICO,VENDIENSE, ,383133.64746424113,4296010.382876997,517.1,1196.5,32
661,El Plonción / Los Vallados - Las Simonas,,Hispania Tarraconensis,Spain,León,Cuenca Alta del Orbigo,,AO-16,LE 46,128.0,416.5,903.5,42.7141919,-5.928256284,100.0,"Converted in QGIS from Lambert coords, Madrid 1870",,,,,,,TRUE,0.0,0.0,0.0,0.0,0.0,0.0,0.0,0.0,,"Domergue 1990: 42; Sanchez-Palencia and Orejas 1994, 189",1.0,0.0,True,,,,,,,,Tertiary alluvium,Secondary,Extensive,1,Confirmado,0,No,0,No,0,No,0,No,0,No,0,No,1,0,1,0,1.0,1.0,1.0,1.0,Alta Certeza (Grado I),1025.0,Cuarcitas; pizarras; areniscas; calizas y vulcanitas,"Areniscas, pizarras, cuarcitas o calizas y conglomerados",PALEOZOICO,CAMBRICO-ORDOVICICO, ,260210.9052001509,4733235.54598016,1172.8,13617.6,15
662,El Prindero,,Hispania Tarraconensis,Spain,León,Cuenca Alta del Orbigo,,AO-13,,,,,42.772139,-5.937221,0.0,"Estimated from Sanchez-Palencia and Orejas 1994, fig. 15, and features on Google Earth",,,,,,,TRUE,0.0,0.0,0.0,0.0,0.0,0.0,0.0,0.0,Google Earth shows an area worked out by hushing or ground-sluicing; and a possible corona to the East.,"Sanchez-Palencia and Orejas 1994, 188",1.0,0.0,True,,,,0.0,0.0,0.0,,,Secondary,Extensive,1,Confirmado,0,No,0,No,0,No,0,No,0,No,0,No,1,0,1,0,1.0,0.9,1.0,0.965,Alta Certeza (Grado I),1068.0,Gneises; esquistos; marmoles y vulcanitas,"Pizarras, grauwacas, conglomerados o porfiroides",PROTEROZOICO, , ,259700.85613499762,4739696.373247872,6366.6,7150.1,0
663,El Regueral o Las Torcas,,Hispania Tarraconensis,Spain,León,Cuenca del Boeza,,BO-23,,,,,42.579683,-6.348329,200.0,"Estimated from Sanchez-Palencia and Orejas 1994, fig. 14, IGN map, and Google Earth",,,,,,,TRUE,0.0,0.0,0.0,0.0,0.0,0.0,0.0,0.0,Castro immediately adjacent to mine.,"Sanchez-Palencia and Orejas 1994, 191",1.0,0.0,True,,,,,,,,,Secondary,Extensive,1,Confirmado,0,No,0,No,0,No,0,No,0,No,0,No,1,0,1,0,0.85,0.9,1.0,0.905,Alta Certeza (Grado I),946.0,Conglomerados; areniscas; pizarras; calizas y vulcanitas; Carbon,"Conglomerados, areniscas, lutitas y carbón",PALEOZOICO,CARBONIFERO, ,225216.91630969237,4719576.865333739,10655.8,10720.9,0
664,El Revolveredo,,Hispania Tarraconensis,Spain,León,Cuenca del Boeza,,BO-30,,,,,42.569888,-6.50221,200.0,"Estimated from Sanchez-Palencia and Orejas 1994, fig. 14, IGN map, and Google Earth",,,,,,,TRUE,0.0,0.0,0.0,0.0,0.0,0.0,0.0,0.0,,"Sanchez-Palencia and Orejas 1994, 191",1.0,0.0,True,,,,,,,,Google Earth suggests that the site is developed in a shape similar to a corona on the slope of the hill,Secondary,Extensive,1,Confirmado,0,No,0,No,0,No,0,No,0,No,0,No,1,0,1,0,0.85,0.9,1.0,0.905,Alta Certeza (Grado I),702.0,Conglomerados; areniscas; arcillas; calizas y evaporitas; Vulcanitas basicas,"Calizas arrecifales, calcarenitas y conglomerados. Arcillas con olistolitos",CENOZOICO,NEOGENO, ,212542.2038196234,4719000.532168465,12462.3,10503.0,0
665,El Rincón,,Hispania Baetica,Spain,Córdoba,Posadas,,,CO 70,921.0,462.5,366.3,37.8819387,-5.25174452,100.0,"Converted in QGIS from Lambert coords, Madrid 1870",,,,,,,FALSE,1.0,1.0,0.0,0.0,0.0,0.0,0.0,0.0,,Domergue 1990: 45,,,False,False,False,0.0,0.0,0.0,,,Hard rock,Primary,,0,No,1,Confirmado,0,No,1,Confirmado,0,No,0,No,0,No,0,0,0,0,1.0,0.9,1.0,0.965,Alta Certeza (Grado I),315.0,Gneises; esquistos; marmoles y vulcanitas,"Esquistos o pizarras, grauwacas y liditas",PROTEROZOICO,RIFEENSE, ,301973.6659930278,4195106.072511024,14207.9,8262.4,0
666,El Rosico de Trevías,,Hispania Tarraconensis,Spain,Oviedo,Cuenca del Esba o Canero,,ES-11,,,,,43.503115,-6.421858,1000.0,"Guessed from Sanchez-Palencia and Orejas 1994, fig. 13, and Google Earth",,,,,,,TRUE,0.0,0.0,0.0,0.0,0.0,0.0,0.0,0.0,,"Sanchez-Palencia and Orejas 1994, 194",,,,,,,,,,,,Primary,Extensive,1,Confirmado,0,No,0,No,0,No,0,No,0,No,0,No,0,0,0,0,0.7,0.9,1.0,0.845,Alta Certeza (Grado I),176.0,Cuarcitas; pizarras; areniscas; calizas y vulcanitas,"Pizarras, grauwacas o arcosas, conglomerados y calizas",PROTEROZOICO-PALEOZOICO,VENDIENSE-CAMBRICO, ,223367.60327041283,4822377.377989692,864.5,1740.3,15
667,El Saldonal / Vallecillo,,Hispania Tarraconensis,Spain,León,Cuencas del Turienzo y Jerega,,TJ-15,LE 47.1,193.0,398.0,874.2,42.447189,-6.15944,500.0,Estimated from Domergue's description.,"To the S. of the Astorga-Santa Colomba road, betweek Km 8 and 9.",,,,,,TRUE,0.0,0.0,0.0,0.0,0.0,0.0,0.0,0.0,,"Domergue 1990: 43; Sanchez-Palencia and Orejas 1994, 202",,,,,,,,,,,Tertiary alluvium,Secondary - Primary,Extensive,1,Confirmado,0,No,0,No,0,No,0,No,0,No,0,No,0,0,0,0,0.85,1.0,1.0,0.94,Alta Certeza (Grado I),962.0,Cuarcitas; pizarras; areniscas; calizas y vulcanitas,"Areniscas, pizarras, cuarcitas o calizas y conglomerados",PALEOZOICO,CAMBRICO-ORDOVICICO, ,240170.76317054644,4704266.572434824,28261.5,29834.3,0
668,El Secuello,,Hispania Tarraconensis,Spain,León,Cuencas del Turienzo y Jerega,,TJ-05,,,,,42.466982,-6.326313,200.0,Google Earth and http://cartographic.info/espana/map.php?id=533988,,,,,,,TRUE,0.0,0.0,0.0,0.0,0.0,0.0,0.0,0.0,,"Sanchez-Palencia and Orejas 1994, 202",,,,,,,,,,,,Primary,Selective - Extensive,1,Confirmado,0,No,0,No,0,No,0,No,0,No,0,No,0,0,0,0,0.85,0.9,1.0,0.905,Alta Certeza (Grado I),1264.0,Cuarcitas; pizarras; areniscas; calizas y vulcanitas,"Areniscas, pizarras, cuarcitas o calizas y conglomerados",PALEOZOICO,CAMBRICO-ORDOVICICO, ,226532.1776030762,4706989.516285081,23296.2,23075.3,0
669,El Soldado,,Hispania Baetica,Spain,Córdoba,Los Pedroches,,,CO 109,858.0,485.0,420.2,38.37106981,-5.00494637,100.0,"Converted in QGIS from Lambert coords, Madrid 1870",,,,,,,FALSE,1.0,1.0,0.0,0.0,0.0,0.0,0.0,0.0,,Domergue 1990: 48,0.0,1.0,False,False,False,0.0,0.0,0.0,0.0,,Hard rock,Primary,,0,No,1,Confirmado,0,No,1,Confirmado,0,No,0,No,0,No,0,1,0,0,1.0,0.9,1.0,0.965,Alta Certeza (Grado I),626.0,Conglomerados; areniscas; pizarras; calizas y vulcanitas; Carbon,Pizarras y grauwacas; conglomerados y calizas,PALEOZOICO,DEVONICO-CARBONIFERO, ,324853.4596483895,4248889.986121447,9348.0,7675.2,0
670,El Soutón,,Hispania Tarraconensis,Spain,Oviedo,Cuenca del Navia,,NV-76,,,,,43.351726,-6.693113,500.0,"Guessed from Sanchez-Palencia and Orejas 1994, fig. 13; and Google Earth.",,,,,,,TRUE,0.0,0.0,0.0,0.0,0.0,0.0,0.0,0.0,,"Sanchez-Palencia and Orejas 1994, 201",1.0,0.0,True,True,False,0.0,0.0,0.0,0.0,,,Secondary,Selective,1,Confirmado,0,No,0,No,0,No,0,No,0,No,0,No,1,0,1,0,0.85,0.9,1.0,0.905,Alta Certeza (Grado I),771.0,Cuarcitas; pizarras; areniscas; calizas y vulcanitas,"Pizarras, areniscas, cuarcitas y calizas o rocas vulcanoclásticas",PALEOZOICO,ORDOVICICO, ,200690.9564751463,4806501.256158851,10807.4,10073.5,0
671,El Sumidero y Las Lagunas,,Hispania Tarraconensis,Spain,León,Cuenca Alta del Orbigo,,AO-05,,,,,42.767247,-6.036392,2000.0,"Guessed from Sanchez-Palencia and Orejas 1994, fig. 15, IGN map placename, and Google Earth",,,,,,,TRUE,0.0,0.0,0.0,0.0,0.0,0.0,0.0,0.0,,"Sanchez-Palencia and Orejas 1994, 188",,,,,,,,,,,,Primary,Selective - Extensive,1,Confirmado,0,No,0,No,0,No,0,No,0,No,0,No,0,0,0,0,0.5,0.9,1.0,0.765,Media Certeza (Grado II),1321.0,Cuarcitas; pizarras; areniscas; calizas y vulcanitas,"Areniscas, pizarras, cuarcitas o calizas y conglomerados",PALEOZOICO,CAMBRICO-ORDOVICICO, ,251567.34600075067,4739440.585464655,4694.1,7415.2,5
672,El Taragudo o Valdolla,,Hispania Tarraconensis,Spain,León,Cuenca del Boeza,,BO-19,,,,,42.613897,-6.329689,100.0,"Estimated from Sanchez-Palencia and Orejas 1994, fig. 14, IGN map, and Google Earth",,,,,,,TRUE,0.0,0.0,0.0,0.0,0.0,0.0,0.0,0.0,Google Earth suggests that the mine is adjacent to/imbircated with a corona.,"Sanchez-Palencia and Orejas 1994, 191",1.0,0.0,True,,,,,,,,,Secondary,Extensive,1,Confirmado,0,No,0,No,0,No,0,No,0,No,0,No,1,0,1,0,1.0,0.9,1.0,0.965,Alta Certeza (Grado I),835.0,Conglomerados; areniscas; pizarras; calizas y vulcanitas; Carbon,"Conglomerados, areniscas, lutitas y carbón",PALEOZOICO,CARBONIFERO, ,226896.39378934703,4723316.156203281,7197.7,8199.1,0
673,El Turialego,,Hispania Tarraconensis,Spain,León,Cuenca del Boeza,,BO-14,,,,,42.649237,-6.373113,500.0,"Estimated from Sanchez-Palencia and Orejas 1994, fig. 14, IGN map, and Google Earth",,,,,,,TRUE,0.0,0.0,0.0,0.0,0.0,0.0,0.0,0.0,,"Sanchez-Palencia and Orejas 1994, 191",1.0,0.0,True,,,,,,,,,Secondary,Extensive,1,Confirmado,0,No,0,No,0,No,0,No,0,No,0,No,1,0,1,0,0.85,0.9,1.0,0.905,Alta Certeza (Grado I),791.0,Conglomerados; areniscas; arcillas y calizas; Evaporitas,"Turbiditas calcáreas. Calizas, calizas arenosas, areniscas y margas arenosas",CENOZOICO,PALEOGENO-NEOGENO, ,223491.0539423474,4727382.1473492775,3169.3,3342.7,7
674,El Valgón,,Hispania Tarraconensis,Spain,León,Cuencas de Cúa y Burbia,,CB-03,,,,,42.742404,-6.665571,1000.0,"Estimated from Sanchez-Palencia and Orejas 1994, fig. 14, and Google Earth",,,,,,,TRUE,0.0,0.0,0.0,0.0,0.0,0.0,0.0,0.0,,"Sanchez-Palencia and Orejas 1994, 191",1.0,0.0,True,,,,,,,,,Secondary,Extensive,1,Confirmado,0,No,0,No,0,No,0,No,0,No,0,No,1,0,1,0,0.7,0.9,1.0,0.845,Alta Certeza (Grado I),740.0,Areniscas; pizarras y calizas,"Pizarras, esquistos, areniscas, calizas, ampelitas y liditas",PALEOZOICO,SILURICO-DEVONICO, ,199963.8868542671,4738728.418729678,633.3,600.0,44
675,El Vallejo del Castro (La Chana) - Valdedillo - Peña Ceterera,,Hispania Tarraconensis,Spain,León,Valduerna,,DU-06,,,,,42.360782,-6.335473,200.0,"Estimated from Sanchez-Palencia and Orejas 1994, fig. 17 and Google Earth",,,,,,,TRUE,0.0,0.0,0.0,0.0,0.0,0.0,0.0,0.0,"Numerous channels and stone dumps from ground sluicing, visible on Google Earth.","Sanchez-Palencia and Orejas 1994, 192",1.0,0.0,True,False,True,0.0,0.0,0.0,0.0,,,Secondary,Selective - Extensive,1,Confirmado,0,No,0,No,0,No,0,No,0,No,0,No,1,0,1,0,0.85,0.9,1.0,0.905,Alta Certeza (Grado I),1260.0,Cuarcitas; pizarras; areniscas; calizas y vulcanitas,"Pizarras, areniscas, cuarcitas y calizas o rocas vulcanoclásticas",PALEOZOICO,ORDOVICICO, ,225315.41090293252,4695225.16795991,35005.0,34411.2,0
676,Entredicho,,Hispania Tarraconensis,Spain,Ciudad Real,Alcudia,,,CR 6,808.0,514.4,459.2,38.72610389,-4.67321927,100.0,"Converted in QGIS from Lambert coords, Madrid 1870",,,,,,,FALSE,0.0,0.0,0.0,0.0,0.0,1.0,0.0,0.0,,Domergue 1990: 46,,,False,False,False,0.0,0.0,0.0,,,,,,0,No,0,No,0,No,0,No,1,Confirmado,0,No,0,No,0,0,0,0,1.0,0.9,1.0,0.965,Alta Certeza (Grado I),450.0,Cuarcitas; pizarras; areniscas; calizas y vulcanitas,"Pizarras, areniscas, cuarcitas y calizas o rocas vulcanoclásticas",PALEOZOICO,ORDOVICICO, ,354551.53696204757,4287711.595725961,216.7,216.7,31
677,Entrepeñas,,Hispania Tarraconensis,Spain,León,Cuencas del Turienzo y Jerega,,TJ-28,,,,,42.487623,-6.211819,500.0,"Estimated from Sanchez-Palencia and Orejas 1994, fig. 17 and Google Earth",,,,,,,TRUE,0.0,0.0,0.0,0.0,0.0,0.0,0.0,0.0,,"Sanchez-Palencia and Orejas 1994, 202",1.0,0.0,True,,,,,,,,,Secondary,Selective - Extensive,1,Confirmado,0,No,0,No,0,No,0,No,0,No,0,No,1,0,1,0,0.85,0.9,1.0,0.905,Alta Certeza (Grado I),1039.0,Conglomerados; areniscas; arcillas; calizas y evaporitas; Vulcanitas basicas,"Conglomerados, areniscas, arenas arcósicas, arcillas, calizas y yesos",CENOZOICO,NEOGENO, ,236032.89177557867,4708918.736755256,23013.7,24130.6,0
678,Ermita de Andamies,,Hispania Tarraconensis,Spain,Oviedo,Cuenca del Esba o Canero,,ES-05,O 25,27.0,370.6,983.7,43.42387171,-6.519398065,100.0,"Converted in QGIS from Lambert coords, Madrid 1870",,,,,,,TRUE,0.0,0.0,0.0,0.0,0.0,0.0,0.0,0.0,,"Domergue 1990: 42; Sanchez-Palencia and Orejas 1994, 193",1.0,0.0,True,,,,,,,,Hard rock,Secondary,Selective - Extensive,1,Confirmado,0,No,0,No,0,No,0,No,0,No,0,No,1,0,1,0,1.0,1.0,1.0,1.0,Alta Certeza (Grado I),281.0,Cuarcitas; pizarras; areniscas; calizas y vulcanitas,"Pizarras, grauwacas o arcosas, conglomerados y calizas",PROTEROZOICO-PALEOZOICO,VENDIENSE-CAMBRICO, ,215109.31179158355,4813905.16179157,649.3,708.2,15
680,Ermita de la Estrella,,Hispania Tarraconensis,Spain,León,Bierzo,,,LE 1,158.0,350.8,882.7,42.50950582,-6.72119809,100.0,"Converted in QGIS from Lambert coords, Madrid 1870",,,,,,,TRUE,0.0,0.0,0.0,0.0,0.0,0.0,0.0,0.0,,Domergue 1990: 43,0.0,0.0,True,False,True,0.0,0.0,0.0,0.0,,Tertiary alluvium,,,1,Confirmado,0,No,0,No,0,No,0,No,0,No,0,No,1,0,0,0,1.0,0.9,1.0,0.965,Alta Certeza (Grado I),623.0,Conglomerados; areniscas; arcillas; calizas y evaporitas; Vulcanitas basicas,"Calizas arrecifales, calcarenitas y conglomerados. Arcillas con olistolitos",CENOZOICO,NEOGENO, ,194270.90310203563,4713062.104572556,17299.1,17721.6,0
681,Escarranchal,,Hispania Baetica,Spain,Badajoz,Azuaga-Fuenteovejuna,,,BA 8,878.0,417.0,407.5,38.24486628,-5.78005231,100.0,"Converted in QGIS from Lambert coords, Madrid 1870",,,,,,,FALSE,1.0,1.0,0.0,0.0,0.0,0.0,0.0,0.0,,Domergue 1990: 46,1.0,0.0,False,False,False,0.0,0.0,0.0,0.0,,Hard rock,Primary,,0,No,1,Confirmado,0,No,1,Confirmado,0,No,0,No,0,No,0,0,1,0,1.0,0.9,1.0,0.965,Alta Certeza (Grado I),565.0,Gneises; esquistos; marmoles y vulcanitas,"Cuarcitas, gneises, esquistos, pizarras y grauwacas",PROTEROZOICO-PALEOZOICO,RIFEENSE-VENDIENSE-CAMBRICO, ,256710.14029064134,4236639.31342271,6061.0,4264.6,0
682,Esgueba,,Hispania Tarraconensis,Spain,Orense,Cuenca media del Miño,,MM-07,,,,,42.464683,-8.096352,500.0,"Google Earth, placename",,,,,,,TRUE,0.0,0.0,0.0,0.0,0.0,0.0,0.0,0.0,,"Sanchez-Palencia and Orejas 1994, 194",,,,,,,,,,,,Primary,Extensive,1,Confirmado,0,No,0,No,0,No,0,No,0,No,0,No,0,0,0,0,0.85,0.9,1.0,0.905,Alta Certeza (Grado I),576.0,Granitoides de emplazamiento meso-catazonal,Granitoides de dos micas,PALEOZOICO,DEVONICO-CARBONIFERO-PERMICO,ROCAS PLUTONICAS HERCINICAS,80967.57549852674,4713970.884906508,42073.2,32597.1,0
683,Esperanza,,Hispania Baetica,Spain,Badajoz,Azuaga-Fuenteovejuna,,,BA 11,878.0,427.7,404.7,38.22182674,-5.65706056,100.0,"Converted in QGIS from Lambert coords, Madrid 1870",,,,,,,FALSE,1.0,1.0,0.0,0.0,0.0,0.0,0.0,0.0,,Domergue 1990: 46,0.0,1.0,False,False,False,0.0,0.0,0.0,0.0,,Hard rock,Primary,,0,No,1,Confirmado,0,No,1,Confirmado,0,No,0,No,0,No,0,1,0,0,1.0,0.9,1.0,0.965,Alta Certeza (Grado I),506.0,Gneises; esquistos; marmoles y vulcanitas,"Cuarcitas, gneises, esquistos, pizarras y grauwacas",PROTEROZOICO-PALEOZOICO,RIFEENSE-VENDIENSE-CAMBRICO, ,267401.9008595657,4233765.850377886,6904.4,8004.8,0
684,Espiñeira,,Hispania Tarraconensis,Spain,Lugo,Cuenca del Masma,,,LU 5,9.0,310.2,998.6,43.53826004,-7.271580557,100.0,"Converted in QGIS from Lambert coords, Madrid 1870",,,,,,,TRUE,0.0,0.0,0.0,0.0,0.0,0.0,0.0,0.0,,Domergue 1990: 41,,,,,,,,,,,Quaternary terrace,,,1,Confirmado,0,No,0,No,0,No,0,No,0,No,0,No,0,0,0,0,1.0,0.9,1.0,0.965,Alta Certeza (Grado I),38.0,Cobertera / Sedimentos no diferenciados,Aluviales o no cartografiados a 1M,CENOZOICO,CUATERNARIO,CUENCAS TERCIARIAS,154868.43721417565,4829461.09390792,1690.6,808.1,12
686,Espinosa de la Ribera,,Hispania Tarraconensis,Spain,León,Cuenca Alta del Orbigo,,AO-34,,,,,42.695854,-5.803444,1000.0,Guessed: possible opencast on Google Earth,,,,,,,TRUE,0.0,0.0,0.0,0.0,0.0,0.0,0.0,0.0,,"Sanchez-Palencia and Orejas 1994, 189",1.0,0.0,True,,,,,,,,,Secondary,Extensive,1,Confirmado,0,No,0,No,0,No,0,No,0,No,0,No,1,0,1,0,0.7,0.9,1.0,0.845,Alta Certeza (Grado I),1042.0,Conglomerados; gravas; arenas y limos,"Gravas, arenas, arcillas y limos. Aluvial, playas, flechas litorales",CENOZOICO,CUATERNARIO, ,270364.57520643575,4730851.963558401,1780.7,10885.2,5
687,Espinoso de Compludo,,Hispania Tarraconensis,Spain,León,Cuenca del Boeza,,BO-31,LE 36,192.0,369.2,881.0,42.49963508,-6.496735864,100.0,"Converted in QGIS from Lambert coords, Madrid 1870",,,,,,,TRUE,0.0,0.0,0.0,0.0,0.0,0.0,0.0,0.0,,"Domergue 1990: 43; Sanchez-Palencia and Orejas 1994, 191",1.0,0.0,True,False,True,0.0,0.0,0.0,0.0,,Tertiary alluvium,Secondary,Extensive,1,Confirmado,0,No,0,No,0,No,0,No,0,No,0,No,1,0,1,0,1.0,1.0,1.0,1.0,Alta Certeza (Grado I),919.0,Cuarcitas; pizarras; areniscas; calizas y vulcanitas,"Pizarras, grauwacas o arcosas, conglomerados y calizas",PROTEROZOICO-PALEOZOICO,VENDIENSE-CAMBRICO, ,212669.25956451695,4711179.846336518,20035.6,18323.9,0
688,Estercolados,,Hispania Baetica,Spain,Córdoba,Los Pedroches,,,CO 36,860.0,530.5,423.4,38.40478197,-4.48423365,100.0,"Converted in QGIS from Lambert coords, Madrid 1870",,,,,,,FALSE,0.0,0.0,1.0,0.0,0.0,0.0,0.0,0.0,,Domergue 1990: 47,0.0,1.0,False,False,False,0.0,0.0,0.0,0.0,,Hard rock,Primary,,0,No,0,No,1,Confirmado,0,No,0,No,0,No,0,No,0,1,0,0,1.0,0.9,1.0,0.965,Alta Certeza (Grado I),629.0,Conglomerados; areniscas; pizarras; calizas y vulcanitas; Carbon,Pizarras y grauwacas; conglomerados y calizas,PALEOZOICO,DEVONICO-CARBONIFERO, ,370404.4380151264,4251770.853637054,2296.5,828.1,10
689,Estrella,,Hispania Tarraconensis,Spain,Guadalajara,,,,GU 2,489.0,746.1,704.3,40.92752392,-1.95146894,100.0,"Converted in QGIS from Lambert coords, Madrid 1870",,,,,,,FALSE,0.0,0.0,1.0,0.0,0.0,0.0,0.0,0.0,Remains of a mine and smelteries found,Domergue 1990: L䀀,,,False,False,False,0.0,0.0,0.0,,,,,,0,No,0,No,1,Confirmado,0,No,0,No,0,No,0,No,0,0,0,0,1.0,0.9,1.0,0.965,Alta Certeza (Grado I),1317.0,Conglomerados; areniscas; pizarras; calizas y vulcanitas; Carbon,"Pizarras, areniscas, conglomerados, carbón y calizas",PALEOZOICO,CARBONIFERO, ,588280.3006802533,4531240.791007953,3842.5,134.2,11
690,Estrella (Beiras),,Hispania Tarraconensis,Spain,Salamanca,Beiras,,,SA 1,528.0,437.2,666.8,40.58644066,-5.613212268,100.0,"Converted in QGIS from Lambert coords, Madrid 1870",,,,,,,FALSE,1.0,1.0,0.0,0.0,0.0,0.0,0.0,0.0,,Domergue 1990: 42,,,False,False,False,0.0,0.0,0.0,,,Hard rock,,,0,No,1,Confirmado,0,No,1,Confirmado,0,No,0,No,0,No,0,0,0,0,1.0,0.9,1.0,0.965,Alta Certeza (Grado I),891.0,Cuarcitas; pizarras; areniscas; calizas y vulcanitas,"Pizarras, grauwacas o arcosas, conglomerados y calizas",PROTEROZOICO-PALEOZOICO,VENDIENSE-CAMBRICO, ,278844.991835076,4496132.111103194,24577.0,16323.7,0
692,Faidiel I,,Hispania Tarraconensis,Spain,Oviedo,Cuenca del Narcea,,NA-22,O 9,50.0,,,43.191422,-6.639669,1000.0,"Estimated from Sanchez-Palencia and Orejas 1994, fig. 13 and Google Earth",,,,,,,TRUE,0.0,0.0,0.0,0.0,0.0,0.0,0.0,0.0,,"Domergue 1990: 42; Sanchez-Palencia and Orejas 1994, 197",,,,,,,,,,,Hard rock,Primary,Extensive,1,Confirmado,0,No,0,No,0,No,0,No,0,No,0,No,0,0,0,0,0.7,1.0,1.0,0.8799999999999999,Alta Certeza (Grado I),695.0,Cuarcitas; pizarras; areniscas; calizas y vulcanitas,"Pizarras, grauwacas o arcosas, conglomerados y calizas",PROTEROZOICO-PALEOZOICO,VENDIENSE-CAMBRICO, ,204246.36189146974,4788506.177396774,1574.6,1798.6,10
693,Faidiel II,,Hispania Tarraconensis,Spain,Oviedo,Cuenca del Narcea,,NA-21,O 9,50.0,359.8,957.5,43.1851336,-6.641892652,100.0,"Converted in QGIS from Lambert coords, Madrid 1870",,,,,,,TRUE,0.0,0.0,0.0,0.0,0.0,0.0,0.0,0.0,,"Domergue 1990: 42; Sanchez-Palencia and Orejas 1994, 197",,,,,,,,,,,Hard rock,Primary,Extensive,1,Confirmado,0,No,0,No,0,No,0,No,0,No,0,No,0,0,0,0,1.0,1.0,1.0,1.0,Alta Certeza (Grado I),671.0,Cuarcitas; pizarras; areniscas; calizas y vulcanitas,"Areniscas, pizarras, cuarcitas o calizas y conglomerados",PALEOZOICO,CAMBRICO-ORDOVICICO, ,204035.23140111804,4787815.617594282,1623.5,2291.0,9
694,Fana de Cornollo,,Hispania Tarraconensis,Spain,Oviedo,Cuenca del Navia,,NV-50,,,,,43.164981,-6.809488,1000.0,"Placename, Google Earth, and Sanchez-Palencia and Orejas 1994, fig. 13.",,,,,,,TRUE,0.0,0.0,0.0,0.0,0.0,0.0,0.0,0.0,,"Sanchez-Palencia and Orejas 1994, 200",1.0,0.0,True,,,,,,,,,Secondary,Extensive,1,Confirmado,0,No,0,No,0,No,0,No,0,No,0,No,1,0,1,0,0.7,0.9,1.0,0.845,Alta Certeza (Grado I),381.0,Cuarcitas; pizarras; areniscas; calizas y vulcanitas,"Pizarras, areniscas, cuarcitas y calizas o rocas vulcanoclásticas",PALEOZOICO,ORDOVICICO, ,190312.06825439289,4786184.332085095,1758.3,2758.4,6
695,Fana de la Freita (Alto del Palo),,Hispania Tarraconensis,Spain,Oviedo,Cuenca del Navia,,NV-35,O 5,50.0,356.5,968.5,43.28598263,-6.67932256,0.0,Google Earth,,,,,,,TRUE,0.0,0.0,0.0,0.0,0.0,0.0,0.0,0.0,"Large and deep opencast fed by multiple aqueducts, with hushing tanks.","Domergue 1990: 42; Sanchez-Palencia and Orejas 1994, 200",1.0,0.0,True,True,False,0.0,0.0,0.0,0.0,,Hard rock and colluvium,Secondary - Primary,Selective - Extensive,1,Confirmado,0,No,0,No,0,No,0,No,0,No,0,No,1,0,1,0,1.0,1.0,1.0,1.0,Alta Certeza (Grado I),1102.0,Cuarcitas; pizarras; areniscas; calizas y vulcanitas,"Areniscas, pizarras, cuarcitas o calizas y conglomerados",PALEOZOICO,CAMBRICO-ORDOVICICO, ,201486.5521223828,4799149.827932358,9314.9,6213.7,0
696,Fastias: Los Fornones,,Hispania Tarraconensis,Spain,Oviedo,Cuenca del Esba o Canero,,ES-14,O 24,27.0,376.7,982.4,43.41390299,-6.443659151,100.0,"Converted in QGIS from Lambert coords, Madrid 1870",,,,,,,TRUE,0.0,0.0,0.0,0.0,0.0,0.0,0.0,0.0,,"Domergue 1990: 42; Sanchez-Palencia and Orejas 1994, 194",,,,,,,,,,,Hard rock,Primary,Extensive,1,Confirmado,0,No,0,No,0,No,0,No,0,No,0,No,0,0,0,0,1.0,1.0,1.0,1.0,Alta Certeza (Grado I),408.0,Cuarcitas; pizarras; areniscas; calizas y vulcanitas,"Pizarras, grauwacas o arcosas, conglomerados y calizas",PROTEROZOICO-PALEOZOICO,VENDIENSE-CAMBRICO, ,221194.89995039522,4812541.541527113,2560.2,866.8,10
697,Ferminera,,Hispania Baetica,Spain,Badajoz,Azuaga-Fuenteovejuna,,,BA 6,878.0,424.3,407.5,38.24638005,-5.69662526,100.0,"Converted in QGIS from Lambert coords, Madrid 1870",,,,,,,FALSE,1.0,1.0,0.0,0.0,0.0,0.0,0.0,0.0,,Domergue 1990: 46,0.0,1.0,False,False,False,0.0,0.0,0.0,0.0,,Hard rock,Primary,,0,No,1,Confirmado,0,No,1,Confirmado,0,No,0,No,0,No,0,1,0,0,1.0,0.9,1.0,0.965,Alta Certeza (Grado I),559.0,Gneises; esquistos; marmoles y vulcanitas,"Cuarcitas, gneises, esquistos, pizarras y grauwacas",PROTEROZOICO-PALEOZOICO,RIFEENSE-VENDIENSE-CAMBRICO, ,264017.25444839627,4236591.118156369,7165.9,9133.3,0
698,Ferreras,,Hispania Tarraconensis,Spain,León,Cuenca Alta del Orbigo,,AO-20,,,,,42.641296,-5.943973,0.0,Guessed: opencasts on Google Earth,,,,,,,TRUE,0.0,0.0,0.0,0.0,0.0,0.0,0.0,0.0,,"Sanchez-Palencia and Orejas 1994, 189",1.0,0.0,True,,,,,,,,,Secondary,Extensive,1,Confirmado,0,No,0,No,0,No,0,No,0,No,0,No,1,0,1,0,1.0,0.9,1.0,0.965,Alta Certeza (Grado I),1011.0,Conglomerados; areniscas; arcillas; calizas y evaporitas; Vulcanitas basicas,"Conglomerados, areniscas, arenas arcósicas, arcillas, calizas y yesos",CENOZOICO,NEOGENO, ,258641.58649002953,4725184.939058338,4245.7,21527.3,1
699,Figueirido,,Hispania Tarraconensis,Spain,Lugo,Cuenca media del Sil,,MS-038,,,,,42.415691,-7.229515,1000.0,"Google Earth, placename",,,,,,,TRUE,0.0,0.0,0.0,0.0,0.0,0.0,0.0,0.0,,"Sanchez-Palencia and Orejas 1994, 195",1.0,0.0,True,,,,,,,,,Secondary,Extensive,1,Confirmado,0,No,0,No,0,No,0,No,0,No,0,No,1,0,1,0,0.7,0.9,1.0,0.845,Alta Certeza (Grado I),390.0,Cuarcitas; pizarras; areniscas; calizas y vulcanitas,"Pizarras, areniscas, cuarcitas y calizas o rocas vulcanoclásticas",PALEOZOICO,ORDOVICICO, ,151981.75430988293,4704604.012922727,25373.3,25373.3,0
700,Figueras,,Hispania Tarraconensis,Spain,Oviedo,Cuenca del Narcea,,NA-27,,,,,43.254151,-6.581698,1500.0,"Google Earth, placename",,,,,,,TRUE,0.0,0.0,0.0,0.0,0.0,0.0,0.0,0.0,,"Sanchez-Palencia and Orejas 1994, 197",,,,,,,,,,,,Primary,Extensive,1,Confirmado,0,No,0,No,0,No,0,No,0,No,0,No,0,0,0,0,0.5,0.9,1.0,0.765,Media Certeza (Grado II),572.0,Gneises; esquistos; marmoles y vulcanitas,"Pizarras, grauwacas, conglomerados o porfiroides",PROTEROZOICO, , ,209256.04449101677,4795269.787788422,993.3,948.4,23
701,Filón del Cobre,,Hispania Tarraconensis,Spain,Jaén,Linares-La Carolina,,,J 9,905.0,597.0,392.3,38.12718959,-3.72217537,100.0,"Converted in QGIS from Lambert coords, Madrid 1870",,,,,,,FALSE,1.0,1.0,1.0,0.0,0.0,0.0,0.0,0.0,,Domergue 1990: 45,0.0,1.0,False,False,False,0.0,0.0,0.0,0.0,,Hard rock,,,0,No,1,Confirmado,1,Confirmado,1,Confirmado,0,No,0,No,0,No,0,1,0,0,1.0,0.9,1.0,0.965,Alta Certeza (Grado I),327.0,Conglomerados; areniscas; calizas; yesos y arcillas versicolores,"Conglomerados, areniscas, arcillas, dolomías, calizas y margas",MESOZOICO,TRIASICO, ,436704.19508536113,4220173.414644395,7567.1,3371.6,0
702,Filón Zumajo: Cortijo de los Chinches,,Hispania Baetica,Spain,Córdoba,Los Pedroches,,,CO 32,860.0,527.6,417.8,38.35405627,-4.51686181,100.0,"Converted in QGIS from Lambert coords, Madrid 1870",,,,,,,FALSE,1.0,1.0,1.0,0.0,0.0,0.0,0.0,0.0,,Domergue 1990: 48,0.0,1.0,False,False,False,0.0,0.0,0.0,0.0,,Hard rock,Primary,,0,No,1,Confirmado,1,Confirmado,1,Confirmado,0,No,0,No,0,No,0,1,0,0,1.0,0.9,1.0,0.965,Alta Certeza (Grado I),677.0,Granitoides de emplazamiento epi-mesozonal,Granitoides biotíticos,PALEOZOICO,DEVONICO-CARBONIFERO-PERMICO,ROCAS PLUTONICAS HERCINICAS,367462.82050716726,4246188.2735899305,2178.5,3276.7,21
703,Filón Zumajo: San Cayetano,,Hispania Baetica,Spain,Córdoba,Los Pedroches,,,CO 32,882.0,537.2,410.5,38.28899455,-4.40628096,100.0,"Converted in QGIS from Lambert coords, Madrid 1870",,,,,,,FALSE,1.0,1.0,1.0,0.0,0.0,0.0,0.0,0.0,,Domergue 1990: 48,0.0,1.0,False,False,False,0.0,0.0,0.0,0.0,,Hard rock,Primary,,0,No,1,Confirmado,1,Confirmado,1,Confirmado,0,No,0,No,0,No,0,1,0,0,1.0,0.9,1.0,0.965,Alta Certeza (Grado I),772.0,Granitoides de emplazamiento epi-mesozonal,Granitoides de dos micas,PALEOZOICO,DEVONICO-CARBONIFERO-PERMICO,ROCAS PLUTONICAS HERCINICAS,377015.49164757226,4238815.654628109,1060.3,3887.2,10
705,Folgoso,,Hispania Tarraconensis,Spain,Oviedo,Cuenca del Navia,,NV-27,,,,,43.05083,-6.875523,500.0,"Google Earth, IGN map, and Sanchez-Palencia and Orejas 1994, fig. 13.",,,,,,,TRUE,0.0,0.0,0.0,0.0,0.0,0.0,0.0,0.0,,"Sanchez-Palencia and Orejas 1994, 199",1.0,0.0,True,,,,,,,,,Secondary,Extensive,1,Confirmado,0,No,0,No,0,No,0,No,0,No,0,No,1,0,1,0,0.85,0.9,1.0,0.905,Alta Certeza (Grado I),305.0,Cuarcitas; pizarras; areniscas; calizas y vulcanitas,Pizarras y areniscas,PALEOZOICO,ORDOVICICO, ,184356.35682325606,4773752.564946593,492.2,1034.4,32
706,Fombuena,,Hispania Tarraconensis,Spain,Zaragoza,Fombuena,,,Z 4,466.0,812.5,730.3,41.14748302,-1.153847049,100.0,"Converted in QGIS from Lambert coords, Madrid 1870",,,,,,,FALSE,0.0,0.0,1.0,0.0,0.0,0.0,0.0,0.0,,Domergue 1990: 64,,,False,False,False,0.0,0.0,0.0,,,,,,0,No,0,No,1,Confirmado,0,No,0,No,0,No,0,No,0,0,0,0,1.0,0.9,1.0,0.965,Alta Certeza (Grado I),978.0,Cuarcitas; pizarras; areniscas; calizas y vulcanitas,"Ortocuarcitas, areniscas y pizarras",PALEOZOICO,ORDOVICICO, ,654921.3308333906,4556771.889291049,5763.6,4227.0,0
707,Fongasoiro,,Hispania Tarraconensis,Spain,León,Cuencas de Cúa y Burbia,,CB-10,,,,,42.728349,-6.813498,1000.0,"Estimated from Sanchez-Palencia and Orejas 1994, fig. 14, and Google Earth",,,,,,,TRUE,0.0,0.0,0.0,0.0,0.0,0.0,0.0,0.0,,"Sanchez-Palencia and Orejas 1994, 191",,,,,,,,,,,,Primary,Extensive,1,Confirmado,0,No,0,No,0,No,0,No,0,No,0,No,0,0,0,0,0.7,0.9,1.0,0.845,Alta Certeza (Grado I),977.0,Cuarcitas; pizarras; areniscas; calizas y vulcanitas,"Areniscas, pizarras, cuarcitas o calizas y conglomerados",PALEOZOICO,CAMBRICO-ORDOVICICO, ,187783.68995284796,4737704.618076222,1048.2,2335.6,52
708,Fontanar,,Hispania Baetica,Spain,Córdoba,Los Pedroches,,,CO 17,858.0,494.5,417.4,38.34704078,-4.89572955,100.0,"Converted in QGIS from Lambert coords, Madrid 1870",,,,,,,FALSE,0.0,0.0,1.0,0.0,0.0,0.0,0.0,0.0,,Domergue 1990: 47,,,False,False,False,0.0,0.0,0.0,,,Hard rock,Primary,,0,No,0,No,1,Confirmado,0,No,0,No,0,No,0,No,0,0,0,0,1.0,0.9,1.0,0.965,Alta Certeza (Grado I),635.0,Conglomerados; areniscas; pizarras; calizas y vulcanitas; Carbon,Pizarras y grauwacas; conglomerados y calizas,PALEOZOICO,DEVONICO-CARBONIFERO, ,334340.39351901185,4246021.715565758,12151.8,12181.5,0
709,Forcadas,,Hispania Tarraconensis,Spain,Lugo,Cuenca media del Sil,,MS-103,,,,,42.587954,-7.451319,500.0,Google Earth and IGN map,,,,,,,TRUE,0.0,0.0,0.0,0.0,0.0,0.0,0.0,0.0,,"Sanchez-Palencia and Orejas 1994, 197",1.0,0.0,True,,,,,,,,,Secondary,Extensive,1,Confirmado,0,No,0,No,0,No,0,No,0,No,0,No,1,0,1,0,0.85,0.9,1.0,0.905,Alta Certeza (Grado I),342.0,Conglomerados; gravas; arenas y limos,"Conglomerados, gravas, arenas, areniscas, limos y arcillas. Terrazas fluviales y marinas",CENOZOICO,CUATERNARIO, ,134734.05636148725,4724671.437438812,6154.0,5051.7,0
710,Forcadín,,Hispania Tarraconensis,Spain,Oviedo,Cuenca del Narcea,,NA-09,,,,,43.139214,-6.674443,1000.0,Guessed from Sanchez-Palencia and Orejas 1994 fig. 13 and Google Earth,,,,,,,TRUE,0.0,0.0,0.0,0.0,0.0,0.0,0.0,0.0,,"Sanchez-Palencia and Orejas 1994, 197",,,,,,,,,,,,Primary,Extensive,1,Confirmado,0,No,0,No,0,No,0,No,0,No,0,No,0,0,0,0,0.7,0.9,1.0,0.845,Alta Certeza (Grado I),941.0,Cuarcitas; pizarras; areniscas; calizas y vulcanitas,"Areniscas, pizarras, cuarcitas o calizas y conglomerados",PALEOZOICO,CAMBRICO-ORDOVICICO, ,201165.68852785765,4782831.248190172,3144.7,5198.9,5
711,Fornaza,,Hispania Tarraconensis,Spain,Lugo,Galicia,,,LU 4,74.0,334.5,940.4,43.02341913,-6.945084042,100.0,"Converted in QGIS from Lambert coords, Madrid 1870",,,,,,,FALSE,1.0,1.0,0.0,0.0,0.0,0.0,0.0,0.0,,Domergue 1990: 41,,,False,False,False,0.0,0.0,0.0,,,Hard rock,,,0,No,1,Confirmado,0,No,1,Confirmado,0,No,0,No,0,No,0,0,0,0,1.0,0.9,1.0,0.965,Alta Certeza (Grado I),738.0,Cuarcitas; pizarras; areniscas; calizas y vulcanitas,"Areniscas, pizarras, cuarcitas o calizas y conglomerados",PALEOZOICO,CAMBRICO-ORDOVICICO, ,178547.02845212363,4770972.503345015,496.2,3440.5,46
712,Fornaza,,Hispania Tarraconensis,Spain,Oviedo,Cuenca del Navia,,NV-01,,,,,43.076049,-6.956886,1000.0,"Placename ""A Fornaza"""" on Googe Earth.""","Possibly a duplicate of Domergue's ""Riodeporcos"""" which is next to it.""",,,,,,TRUE,0.0,0.0,0.0,0.0,0.0,0.0,0.0,0.0,,"Sanchez-Palencia and Orejas 1994, 199",,,,,,,,,,,,Primary,Extensive,1,Confirmado,0,No,0,No,0,No,0,No,0,No,0,No,0,0,0,0,0.7,0.9,1.0,0.845,Alta Certeza (Grado I),457.0,Cuarcitas; pizarras; areniscas; calizas y vulcanitas,Pizarras y areniscas,PALEOZOICO,ORDOVICICO, ,177861.29125227878,4776863.293162811,1497.6,297.3,56
713,Fornelos,,Hispania Tarraconensis,Spain,Orense,Cuenca del Bibei,,BI-03,,,,,42.12365,-7.17851,2000.0,"Google Earth, placename",,,,,,,TRUE,0.0,0.0,0.0,0.0,0.0,0.0,0.0,0.0,,"Sanchez-Palencia and Orejas 1994, 190",1.0,0.0,True,,,,,,,,,Secondary,Selective,1,Confirmado,0,No,0,No,0,No,0,No,0,No,0,No,1,0,1,0,0.5,0.9,1.0,0.765,Media Certeza (Grado II),790.0,Cuarcitas; pizarras; areniscas; calizas y vulcanitas,"Areniscas, pizarras, cuarcitas o calizas y conglomerados",PALEOZOICO,CAMBRICO-ORDOVICICO, ,154585.41085780336,4671961.116401579,57817.6,57817.6,0
715,Fuente de las Mulleres,,Hispania Tarraconensis,Spain,Oviedo,Cuenca del Navia,,NV-40,,,,,43.274329,-6.669248,500.0,Google Earth and name on IGN map.,,,,,,,TRUE,0.0,0.0,0.0,0.0,0.0,0.0,0.0,0.0,,"Sanchez-Palencia and Orejas 1994, 200",,,,,,,,,,,,Primary,Selective,1,Confirmado,0,No,0,No,0,No,0,No,0,No,0,No,0,0,0,0,0.85,0.9,1.0,0.905,Alta Certeza (Grado I),1051.0,Cuarcitas; pizarras; areniscas; calizas y vulcanitas,"Pizarras, areniscas, cuarcitas y calizas o rocas vulcanoclásticas",PALEOZOICO,ORDOVICICO, ,202247.09129167005,4797819.495085951,8173.3,5003.1,0
716,Fuente del Charco,,Hispania Baetica,Spain,Córdoba,Los Pedroches,,,CO 69,832.0,454.6,441.5,38.55849655,-5.35759038,100.0,"Converted in QGIS from Lambert coords, Madrid 1870",,,,,,,FALSE,1.0,1.0,0.0,0.0,0.0,0.0,0.0,0.0,,Domergue 1990: 48,0.0,1.0,False,False,False,0.0,0.0,0.0,0.0,,Hard rock,Primary,,0,No,1,Confirmado,0,No,1,Confirmado,0,No,0,No,0,No,0,1,0,0,1.0,0.9,1.0,0.965,Alta Certeza (Grado I),445.0,Conglomerados; areniscas; pizarras; calizas y vulcanitas; Carbon,Pizarras y grauwacas; conglomerados y calizas,PALEOZOICO,DEVONICO-CARBONIFERO, ,294576.44605710835,4270419.503967826,3881.2,1685.6,5
717,Fuente del Estanco,,Hispania Tarraconensis,Spain,León,Cuencas del Turienzo y Jerega,,TJ-07,,,,,42.466133,-6.300965,300.0,"Estimated from Sanchez-Palencia and Orejas 1994, fig. 17, IGN map, and Google Earth",,,,,,,TRUE,0.0,0.0,0.0,0.0,0.0,0.0,0.0,0.0,,"Sanchez-Palencia and Orejas 1994, 202",,,,,,,,,,,,Primary,Selective - Extensive,1,Confirmado,0,No,0,No,0,No,0,No,0,No,0,No,0,0,0,0,0.85,0.9,1.0,0.905,Alta Certeza (Grado I),1158.0,Cuarcitas; pizarras; areniscas; calizas y vulcanitas,"Areniscas, pizarras, cuarcitas o calizas y conglomerados",PALEOZOICO,CAMBRICO-ORDOVICICO, ,228612.66055125842,4706813.758773145,23708.4,23845.8,0
718,Fuente la Zarza,,Hispania Baetica,Spain,Badajoz,La Serena,,,BA 28,832.0,461.0,451.3,38.64790148,-5.28613175,100.0,"Converted in QGIS from Lambert coords, Madrid 1870",,,,,,,FALSE,1.0,1.0,0.0,0.0,0.0,0.0,0.0,0.0,,Domergue 1990: 45,,,False,False,False,0.0,0.0,0.0,,,Hard rock,Primary,,0,No,1,Confirmado,0,No,1,Confirmado,0,No,0,No,0,No,0,0,0,0,1.0,0.9,1.0,0.965,Alta Certeza (Grado I),484.0,Conglomerados; areniscas; pizarras; calizas y vulcanitas; Carbon,Pizarras y grauwacas; conglomerados y calizas,PALEOZOICO,DEVONICO-CARBONIFERO, ,301050.74530647916,4280184.575922644,3297.6,2362.6,6
719,Fuentes Torres,,Hispania Tarraconensis,Spain,León,Cuenca del Boeza,,BO-05,,,,,42.70861,-6.380232,0.0,"Estimated from Sanchez-Palencia and Orejas 1994, fig. 14, IGN map, and Google Earth, refined by site visit 23/09/2021",,,,,,,TRUE,0.0,0.0,0.0,0.0,0.0,0.0,0.0,0.0,,"Sanchez-Palencia and Orejas 1994, 190",1.0,0.0,True,False,True,0.0,0.0,0.0,0.0,,,Secondary,Extensive,1,Confirmado,0,No,0,No,0,No,0,No,0,No,0,No,1,0,1,0,1.0,0.9,1.0,0.965,Alta Certeza (Grado I),902.0,Conglomerados; gravas; arenas y limos,"Conglomerados, gravas, arenas, areniscas, limos y arcillas. Terrazas fluviales y marinas",CENOZOICO,CUATERNARIO, ,223171.4368793285,4733999.31923747,680.3,511.7,11
720,Gamonita,,Hispania Baetica,Spain,Badajoz,La Serena,,,BA 32,806.0,441.1,460.3,38.72558762,-5.51700075,100.0,"Converted in QGIS from Lambert coords, Madrid 1870",,,,,,,FALSE,1.0,1.0,0.0,0.0,0.0,0.0,0.0,0.0,,Domergue 1990: 45,,,False,False,False,0.0,0.0,0.0,,,Hard rock,Primary,,0,No,1,Confirmado,0,No,1,Confirmado,0,No,0,No,0,No,0,0,0,0,1.0,0.9,1.0,0.965,Alta Certeza (Grado I),493.0,Cuarcitas; pizarras; areniscas; calizas y vulcanitas,"Ortocuarcitas, areniscas y pizarras",PALEOZOICO,ORDOVICICO, ,281193.68279625307,4289333.183049145,941.8,941.8,10
721,Gándara Mediana,,Hispania Tarraconensis,Spain,León,Cuenca del Boeza,,BO-28,,,,,42.571448,-6.446029,1000.0,"Estimated from Sanchez-Palencia and Orejas 1994, fig. 14, IGN map, and Google Earth",,,,,,,TRUE,0.0,0.0,0.0,0.0,0.0,0.0,0.0,0.0,,"Sanchez-Palencia and Orejas 1994, 191",1.0,0.0,True,,,,,,,,,Secondary,Extensive,1,Confirmado,0,No,0,No,0,No,0,No,0,No,0,No,1,0,1,0,0.7,0.9,1.0,0.845,Alta Certeza (Grado I),949.0,Cuarcitas; pizarras; areniscas; calizas y vulcanitas,"Areniscas, pizarras, cuarcitas o calizas y conglomerados",PALEOZOICO,CAMBRICO-ORDOVICICO, ,217161.02040626906,4718984.379013628,11436.8,10965.7,0
722,Gargalellas,,Hispania Tarraconensis,Spain,Oviedo,Cuenca del Navia,,NV-65,,,,,43.329492,-6.694209,50.0,"Sanchez-Palencia and Orejas 1994, fig. 13; and Google Earth and IGN map.",,,,,,,TRUE,0.0,0.0,0.0,0.0,0.0,0.0,0.0,0.0,,"Sanchez-Palencia and Orejas 1994, 200",1.0,0.0,True,True,False,0.0,0.0,0.0,0.0,,,Secondary - Primary,Selective - Extensive,1,Confirmado,0,No,0,No,0,No,0,No,0,No,0,No,1,0,1,0,1.0,0.9,1.0,0.965,Alta Certeza (Grado I),787.0,Cuarcitas; pizarras; areniscas; calizas y vulcanitas,"Pizarras, areniscas, cuarcitas y calizas o rocas vulcanoclásticas",PALEOZOICO,ORDOVICICO, ,200492.69069662975,4804035.695837528,10736.1,9054.3,0
723,Gera I,,Hispania Tarraconensis,Spain,Oviedo,Cuenca del Narcea,,NA-38,,,,,43.300691,-6.500639,1000.0,"Estimated from Sanchez-Palencia and Orejas 1994, fig. 13, IGN map, and Google Earth",,,,,,,TRUE,0.0,0.0,0.0,0.0,0.0,0.0,0.0,0.0,,"Sanchez-Palencia and Orejas 1994, 198",,,,,,,,,,,,Primary,Extensive,1,Confirmado,0,No,0,No,0,No,0,No,0,No,0,No,0,0,0,0,0.7,0.9,1.0,0.845,Alta Certeza (Grado I),410.0,Gneises; esquistos; marmoles y vulcanitas,"Pizarras, grauwacas, conglomerados o porfiroides",PROTEROZOICO, , ,216053.2840609962,4800159.769418927,3484.0,3484.0,5
724,Gera II,,Hispania Tarraconensis,Spain,Oviedo,Cuenca del Narcea,,NA-39,,,,,43.307079,-6.493312,1000.0,"Estimated from Sanchez-Palencia and Orejas 1994, fig. 13, IGN map, and Google Earth",,,,,,,TRUE,0.0,0.0,0.0,0.0,0.0,0.0,0.0,0.0,,"Sanchez-Palencia and Orejas 1994, 198",,,,,,,,,,,,Primary,Extensive,1,Confirmado,0,No,0,No,0,No,0,No,0,No,0,No,0,0,0,0,0.7,0.9,1.0,0.845,Alta Certeza (Grado I),417.0,Gneises; esquistos; marmoles y vulcanitas,"Pizarras, grauwacas, conglomerados o porfiroides",PROTEROZOICO, , ,216677.34809765907,4800844.352999698,4396.4,3793.2,5
725,Gibla,,Hispania Baetica,Spain,Sevilla,Sevilla,,,SE 7,920.0,438.6,362.7,37.8453868,-5.522648628,100.0,"Converted in QGIS from Lambert coords, Madrid 1870",,,,,,,FALSE,0.0,0.0,1.0,0.0,0.0,0.0,0.0,0.0,,Domergue 1990: 48,,,False,False,False,0.0,0.0,0.0,,,Hard rock,Primary,,0,No,0,No,1,Confirmado,0,No,0,No,0,No,0,No,0,0,0,0,1.0,0.9,1.0,0.965,Alta Certeza (Grado I),390.0,Cuarcitas; pizarras; areniscas; calizas y vulcanitas,Calizas y dolomías,PALEOZOICO,CAMBRICO, ,278036.099384162,4191659.6367300255,4704.2,1571.1,3
726,Godán I,,Hispania Tarraconensis,Spain,Oviedo,Cuenca del Narcea,,NA-58,,,,,43.382872,-6.236199,2000.0,"Guessed from Google Earth and Sanchez-Palencia and Orejas 1994, fig. 13",,,,,,,TRUE,0.0,0.0,0.0,0.0,0.0,0.0,0.0,0.0,,"Sanchez-Palencia and Orejas 1994, 198",,,,,,,,,,,,Primary,Extensive,1,Confirmado,0,No,0,No,0,No,0,No,0,No,0,No,0,0,0,0,0.5,0.9,1.0,0.765,Media Certeza (Grado II),352.0,Areniscas; pizarras y calizas,"Pizarras, esquistos, areniscas, calizas, ampelitas y liditas",PALEOZOICO,SILURICO-DEVONICO, ,237858.4072729206,4808421.334532138,2249.4,3102.0,1
727,Godán II,,Hispania Tarraconensis,Spain,Oviedo,Cuenca del Narcea,,NA-57,,,,,43.389072,-6.256572,2000.0,"Guessed from Google Earth and Sanchez-Palencia and Orejas 1994, fig. 13",,,,,,,TRUE,0.0,0.0,0.0,0.0,0.0,0.0,0.0,0.0,,"Sanchez-Palencia and Orejas 1994, 198",,,,,,,,,,,,Primary,Extensive,1,Confirmado,0,No,0,No,0,No,0,No,0,No,0,No,0,0,0,0,0.5,0.9,1.0,0.765,Media Certeza (Grado II),234.0,Areniscas; pizarras y calizas,"Pizarras, esquistos, areniscas, calizas, ampelitas y liditas",PALEOZOICO,SILURICO-DEVONICO, ,236234.94721894077,4809174.243186451,4003.7,4130.0,1
728,Golpejas,,Hispania Tarraconensis,Spain,Salamanca,Beiras,,,SA 3,477.0,413.0,713.4,41.0013409,-5.913045079,100.0,"Converted in QGIS from Lambert coords, Madrid 1870",,,,,,,FALSE,0.0,0.0,0.0,1.0,0.0,0.0,0.0,0.0,,Domergue 1990: 42,,,False,False,False,0.0,0.0,0.0,,,Hard rock,,,0,No,0,No,0,No,0,No,0,No,1,Confirmado,0,No,0,0,0,0,1.0,0.9,1.0,0.965,Alta Certeza (Grado I),788.0,Cuarcitas; pizarras; areniscas; calizas y vulcanitas,"Ortocuarcitas, areniscas y pizarras",PALEOZOICO,ORDOVICICO, ,254998.5350980275,4542993.995251058,61362.4,45453.4,0
730,Guadalperal,,Hispania Tarraconensis,Spain,Ciudad Real,Alcudia,,,CR 8,808.0,508.3,464.9,38.77686662,-4.74420309,100.0,"Converted in QGIS from Lambert coords, Madrid 1870",,,,,,,FALSE,0.0,0.0,0.0,0.0,0.0,1.0,0.0,0.0,,Domergue 1990: 47,,,False,False,False,0.0,0.0,0.0,,,,,,0,No,0,No,0,No,0,No,1,Confirmado,0,No,0,No,0,0,0,0,1.0,0.9,1.0,0.965,Alta Certeza (Grado I),462.0,Areniscas; pizarras y calizas,"Areniscas, pizarras, calizas, cuarcitas y rocas vulcanoclásticas",PALEOZOICO,DEVONICO-CARBONIFERO, ,348488.0743683622,4293460.284629889,2105.3,2109.2,15
731,Guaditoca,,Hispania Baetica,Spain,Badajoz,Azuaga-Fuenteovejuna,,,BA 10,878.0,424.4,399.0,38.16978845,-5.69329653,100.0,"Converted in QGIS from Lambert coords, Madrid 1870",,,,,,,FALSE,1.0,1.0,0.0,0.0,0.0,0.0,0.0,0.0,,Domergue 1990: 46,0.0,1.0,False,False,False,0.0,0.0,0.0,0.0,,Hard rock,Primary,,0,No,1,Confirmado,0,No,1,Confirmado,0,No,0,No,0,No,0,1,0,0,1.0,0.9,1.0,0.965,Alta Certeza (Grado I),460.0,Gneises; esquistos; marmoles y vulcanitas,"Cuarcitas, gneises, esquistos, pizarras y grauwacas",PROTEROZOICO-PALEOZOICO,RIFEENSE-VENDIENSE-CAMBRICO, ,264061.2699938412,4228082.104149218,5019.3,4205.5,0
732,Guijuelo,,Hispania Tarraconensis,Spain,Salamanca,Beiras,,,SA 4,528.0,431.3,661.8,40.54020398,-5.68164048,100.0,"Converted in QGIS from Lambert coords, Madrid 1870",,,,,,,FALSE,1.0,1.0,0.0,0.0,0.0,0.0,0.0,0.0,,Domergue 1990: 42,,,False,False,False,0.0,0.0,0.0,,,Hard rock,,,0,No,1,Confirmado,0,No,1,Confirmado,0,No,0,No,0,No,0,0,0,0,1.0,0.9,1.0,0.965,Alta Certeza (Grado I),978.0,Cuarcitas; pizarras; areniscas; calizas y vulcanitas,"Pizarras, grauwacas o arcosas, conglomerados y calizas",PROTEROZOICO-PALEOZOICO,VENDIENSE-CAMBRICO, ,272896.9470974532,4491173.145989815,30459.6,16268.6,0
733,Guisatecha,,Hispania Tarraconensis,Spain,León,Cuenca Alta del Orbigo,,AO-11,,,,,42.785404,-6.009757,1000.0,Guessed: placename on Google Earth,,,,,,,TRUE,0.0,0.0,0.0,0.0,0.0,0.0,0.0,0.0,,"Sanchez-Palencia and Orejas 1994, 188",1.0,0.0,True,,,,,,,,,Secondary,Selective,1,Confirmado,0,No,0,No,0,No,0,No,0,No,0,No,1,0,1,0,0.7,0.9,1.0,0.845,Alta Certeza (Grado I),1075.0,Gneises; esquistos; marmoles y vulcanitas,"Pizarras, grauwacas, conglomerados o porfiroides",PROTEROZOICO, , ,253818.7412252811,4741378.875762718,6117.2,5737.1,0
734,Herrerías (Almería),,Hispania Baetica,Spain,Almería,Almería,,,AL 3,1015.0,767.9,299.0,37.27017742,-1.7947398,100.0,"Converted in QGIS from Lambert coords, Madrid 1870",,,,,,,FALSE,1.0,0.0,0.0,0.0,0.0,0.0,0.0,0.0,"Sizeable mining zone, largely destroyed by 19th/20th-c. works",Domergue 1990: 64,,,False,False,False,0.0,0.0,0.0,,,,,,0,No,1,Confirmado,0,No,0,No,0,No,0,No,0,No,0,0,0,0,1.0,0.9,1.0,0.965,Alta Certeza (Grado I),33.0,Conglomerados; gravas; arenas y limos,"Gravas, arenas, arcillas y limos. Aluvial, playas, flechas litorales",CENOZOICO,CUATERNARIO, ,606860.8092874156,4125525.406360612,460.7,2798.6,5
735,Herrerías (Huelva),,Hispania Baetica,Spain,Huelva,Huelva,,,H 40,958.0,281.3,342.3,37.61827285,-7.29988195,100.0,"Converted in QGIS from Lambert coords, Madrid 1870",,,,,,,FALSE,1.0,0.0,1.0,0.0,0.0,0.0,0.0,0.0,,Domergue 1990: 62,0.0,1.0,False,False,False,0.0,0.0,0.0,0.0,,Pyrite,Primary,,0,No,1,Confirmado,1,Confirmado,0,No,0,No,0,No,0,No,0,1,0,0,1.0,0.9,1.0,0.965,Alta Certeza (Grado I),166.0,Conglomerados; areniscas; pizarras; calizas y vulcanitas; Carbon,Pizarras y grauwacas; conglomerados y calizas,PALEOZOICO,DEVONICO-CARBONIFERO, ,120441.89478474879,4172165.772529848,6297.7,6826.0,0
736,Herrerías de los Confesionarios,,Hispania Baetica,Spain,Huelva,Huelva,,,H 25,937.0,318.7,360.1,37.7914656,-6.88362989,100.0,"Converted in QGIS from Lambert coords, Madrid 1870",,,,,,,FALSE,0.0,0.0,1.0,0.0,0.0,0.0,0.0,0.0,,Domergue 1990: 62,0.0,1.0,False,False,False,0.0,0.0,0.0,0.0,,Pyrite,Primary,,0,No,0,No,1,Confirmado,0,No,0,No,0,No,0,No,0,1,0,0,1.0,0.9,1.0,0.965,Alta Certeza (Grado I),348.0,Conglomerados; areniscas; pizarras; calizas y vulcanitas; Carbon,Vulcanitas y rocas vulcanoclásticas,PALEOZOICO,CARBONIFERO, ,157998.65225083486,4189786.990206026,2997.9,1210.6,16
737,Hervederas / Río Bárcena,,Hispania Tarraconensis,Spain,Oviedo,Cuenca del Esba o Canero,,ES-13,O 32,26.0,368.65,976.0,43.35408141,-6.540409963,100.0,"Converted in QGIS from Lambert coords, Madrid 1870","Assumed that Domergue's  ""Hervederas"" = Sanchez Palencia & Orejas' ""Río Bárcena"" since locations roughly match",,,,,,TRUE,0.0,0.0,0.0,0.0,0.0,0.0,0.0,0.0,,"Domergue 1990: 42; Sanchez-Palencia and Orejas 1994, 194",1.0,0.0,True,,,,,,,,Hard rock and colluvium,Secondary,Selective,1,Confirmado,0,No,0,No,0,No,0,No,0,No,0,No,1,0,1,0,1.0,1.0,1.0,1.0,Alta Certeza (Grado I),466.0,Gneises; esquistos; marmoles y vulcanitas,"Pizarras, grauwacas, conglomerados o porfiroides",PROTEROZOICO, , ,213078.85155858134,4806225.820721482,785.4,1125.5,13
738,Horno de Arriba - Teso de la Collada,,Hispania Tarraconensis,Spain,León,Valduerna,,DU-10,,,,,42.355029,-6.304187,500.0,"Estimated from Sanchez-Palencia and Orejas 1994, fig. 17 and Google Earth",,,,,,,TRUE,0.0,0.0,0.0,0.0,0.0,0.0,0.0,0.0,,"Sanchez-Palencia and Orejas 1994, 192",1.0,0.0,True,False,False,0.0,0.0,0.0,0.0,,,Secondary,Selective - Extensive,1,Confirmado,0,No,0,No,0,No,0,No,0,No,0,No,1,0,1,0,0.85,0.9,1.0,0.905,Alta Certeza (Grado I),1178.0,Cuarcitas; pizarras; areniscas; calizas y vulcanitas,"Ortocuarcitas, areniscas y pizarras",PALEOZOICO,ORDOVICICO, ,227867.30700089724,4694485.567328157,35866.1,35564.0,0
739,Hoyo de la Campana,,Hispania Tarraconensis,Spain,Granada,Granada,,,GR 2,1026.0,612.3,285.7,37.167656,-3.551073,0.0,"Converted in QGIS from Lambert coords, Madrid 1870, checked on Google Earth and confirmed on site, Nov. 2017.",,,,,,,TRUE,0.0,0.0,0.0,0.0,0.0,0.0,0.0,0.0,"Large alluvial ruina montium mine, with some reworking of the downhill parts in the late 19th century.",Domergue 1990: 64; García-Pulido 2008a; 2008b; 2011; 2014,1.0,0.0,True,False,False,1.0,0.0,0.0,0.0,,Alluvial deposits,Secondary,,1,Confirmado,0,No,0,No,0,No,0,No,0,No,0,No,1,0,1,0,1.0,0.9,1.0,0.965,Alta Certeza (Grado I),852.0,Conglomerados; areniscas; arcillas; calizas y evaporitas; Vulcanitas basicas,"Conglomerados, areniscas, arcillas, calizas y/o yesos",CENOZOICO,NEOGENO-CUATERNARIO, ,451075.35052764724,4113613.4054661347,49542.1,35541.1,0
740,Hoyo de los Colgazidos de Castrofrio,,Hispania Tarraconensis,Spain,Avila,,,,AV 1,576.0,437.0,629.0,40.24567301,-5.60595927,100.0,"Converted in QGIS from Lambert coords, Madrid 1870",,,,,,,FALSE,0.0,0.0,1.0,0.0,0.0,0.0,0.0,0.0,,Domergue 1990: 64,,,False,False,False,0.0,0.0,0.0,,,,,,0,No,0,No,1,Confirmado,0,No,0,No,0,No,0,No,0,0,0,0,1.0,0.9,1.0,0.965,Alta Certeza (Grado I),1734.0,Granitoides de emplazamiento meso-catazonal,Granitoides biotíticos,PALEOZOICO,DEVONICO-CARBONIFERO-PERMICO,ROCAS PLUTONICAS HERCINICAS,278342.54946487234,4458282.999981343,31603.2,18349.7,0
741,Huerta de Juan Abad,,Hispania Baetica,Spain,Córdoba,Montoro Andújar,,,CO 75,903.0,541.0,394.5,38.14501878,-4.3614333,100.0,"Converted in QGIS from Lambert coords, Madrid 1870",,,,,,,FALSE,1.0,1.0,0.0,0.0,0.0,0.0,0.0,0.0,,Domergue 1990: 47,0.0,1.0,False,False,False,0.0,0.0,0.0,0.0,,Hard rock,,,0,No,1,Confirmado,0,No,1,Confirmado,0,No,0,No,0,No,0,1,0,0,1.0,0.9,1.0,0.965,Alta Certeza (Grado I),458.0,Conglomerados; areniscas; pizarras; calizas y vulcanitas; Carbon,Pizarras y grauwacas; conglomerados y calizas,PALEOZOICO,DEVONICO-CARBONIFERO, ,380702.87222256034,4222780.871802347,2102.8,1104.4,5
742,Ibollo,,Hispania Tarraconensis,Spain,Oviedo,Asturias,,,O 2,50.0,360.4,961.2,43.21858537,-6.636023685,100.0,"Converted in QGIS from Lambert coords, Madrid 1870",,,,,,,TRUE,0.0,0.0,0.0,0.0,0.0,0.0,0.0,0.0,,Domergue 1990: 42,,,,,,,,,,,Hard rock,,,1,Confirmado,0,No,0,No,0,No,0,No,0,No,0,No,0,0,0,0,1.0,0.9,1.0,0.965,Alta Certeza (Grado I),792.0,Cuarcitas; pizarras; areniscas; calizas y vulcanitas,"Areniscas, pizarras, cuarcitas o calizas y conglomerados",PALEOZOICO,CAMBRICO-ORDOVICICO, ,204673.850346005,4791510.226997909,2762.2,1764.0,13
743,Irixo,,Hispania Tarraconensis,Spain,Orense,Cuenca media del Miño,,MM-01,,,,,42.511982,-8.118764,1000.0,"Google Earth, placename",,,,,,,TRUE,0.0,0.0,0.0,0.0,0.0,0.0,0.0,0.0,,"Sanchez-Palencia and Orejas 1994, 194",,,,,,,,,,,,Primary,Selective - Extensive,1,Confirmado,0,No,0,No,0,No,0,No,0,No,0,No,0,0,0,0,0.7,0.9,1.0,0.845,Alta Certeza (Grado I),508.0,Areniscas; pizarras y calizas,"Pizarras, esquistos, areniscas, calizas, ampelitas y liditas",PALEOZOICO,SILURICO-DEVONICO, ,79442.2696432608,4719335.952384998,39155.3,30590.3,0
744,Iboyo-Abaniella,,Hispania Tarraconensis,Spain,Oviedo,Cuenca del Narcea,,NA-25,,,,,43.212434,-6.62141,1500.0,"Estimated from Sanchez-Palencia and Orejas 1994, fig. 13 and Google Earth",,,,,,,TRUE,0.0,0.0,0.0,0.0,0.0,0.0,0.0,0.0,,"Sanchez-Palencia and Orejas 1994, 197",,,,,,,,,,,,Primary,Selective - Extensive,1,Confirmado,0,No,0,No,0,No,0,No,0,No,0,No,0,0,0,0,0.5,0.9,1.0,0.765,Media Certeza (Grado II),699.0,Cuarcitas; pizarras; areniscas; calizas y vulcanitas,"Areniscas, pizarras, cuarcitas o calizas y conglomerados",PALEOZOICO,CAMBRICO-ORDOVICICO, ,205831.29801891738,4790775.464470749,1716.2,425.8,16
745,Juan Teniente,,Hispania Baetica,Spain,Sevilla,Sevilla,,,SE 12,920.0,416.2,365.5,37.86617539,-5.777938529,100.0,"Converted in QGIS from Lambert coords, Madrid 1870",,,,,,,FALSE,0.0,0.0,1.0,0.0,0.0,0.0,0.0,0.0,,Domergue 1990: 48,,,False,False,False,0.0,0.0,0.0,,,Hard rock,Primary,,0,No,0,No,1,Confirmado,0,No,0,No,0,No,0,No,0,0,0,0,1.0,0.9,1.0,0.965,Alta Certeza (Grado I),536.0,Granitoides de emplazamiento epi-mesozonal,Granitoides de dos micas,PALEOZOICO,DEVONICO-CARBONIFERO-PERMICO,ROCAS PLUTONICAS HERCINICAS,255638.05521895696,4194604.853800114,1889.9,5639.0,5
746,Justicia,,Hispania Baetica,Spain,Badajoz,Azuaga-Fuenteovejuna,,,BA 13,878.0,429.6,404.4,38.21949903,-5.63527857,100.0,"Converted in QGIS from Lambert coords, Madrid 1870",,,,,,,FALSE,1.0,1.0,0.0,0.0,0.0,0.0,0.0,0.0,,Domergue 1990: 46,0.0,1.0,False,False,False,0.0,0.0,0.0,0.0,,Hard rock,Primary,,0,No,1,Confirmado,0,No,1,Confirmado,0,No,0,No,0,No,0,1,0,0,1.0,0.9,1.0,0.965,Alta Certeza (Grado I),512.0,Gneises; esquistos; marmoles y vulcanitas,"Cuarcitas, gneises, esquistos, pizarras y grauwacas",PROTEROZOICO-PALEOZOICO,RIFEENSE-VENDIENSE-CAMBRICO, ,269301.6508950579,4233452.977811203,5287.3,6997.4,0
747,La Alondra,,Hispania Baetica,Spain,Badajoz,La Serena,,,BA 36,806.0,441.3,463.8,38.75717683,-5.51552515,100.0,"Converted in QGIS from Lambert coords, Madrid 1870",,,,,,,FALSE,1.0,1.0,0.0,0.0,0.0,0.0,0.0,0.0,,Domergue 1990: 45,,,False,False,False,0.0,0.0,0.0,,,Hard rock,Primary,,0,No,1,Confirmado,0,No,1,Confirmado,0,No,0,No,0,No,0,0,0,0,1.0,0.9,1.0,0.965,Alta Certeza (Grado I),440.0,Gneises; esquistos; marmoles y vulcanitas,"Pizarras, grauwacas, conglomerados o porfiroides",PROTEROZOICO, , ,281418.3703573231,4292835.728295691,3962.9,4353.5,3
748,La Arenera,,Hispania Tarraconensis,Spain,Oviedo,Cuenca del Navia,,NV-08,,,,,43.018637,-6.826936,500.0,IGN map and Google Earth,,,,,,,TRUE,0.0,0.0,0.0,0.0,0.0,0.0,0.0,0.0,,"Sanchez-Palencia and Orejas 1994, 199",,,,,,,,,,,,Primary,Extensive,1,Confirmado,0,No,0,No,0,No,0,No,0,No,0,No,0,0,0,0,0.85,0.9,1.0,0.905,Alta Certeza (Grado I),634.0,Cuarcitas; pizarras; areniscas; calizas y vulcanitas,Pizarras y areniscas,PALEOZOICO,ORDOVICICO, ,188150.72695806017,4769995.1410889225,3028.6,1369.9,16
749,La Argentera,,Hispania Tarraconensis,Spain,Balearics,,,,PM 2,773.0,1053.3,503.8,39.01230651,1.554060351,100.0,"Converted in QGIS from Lambert coords, Madrid 1870",,,,,,,FALSE,1.0,1.0,0.0,0.0,0.0,0.0,0.0,0.0,,Domergue 1990: 64,0.0,1.0,False,False,False,0.0,0.0,0.0,0.0,,,,,0,No,1,Confirmado,0,No,1,Confirmado,0,No,0,No,0,No,0,1,0,0,1.0,0.9,1.0,0.965,Alta Certeza (Grado I),57.0,Calizas; dolomias y margas; Conglomerados y areniscas,"Dolomías, calizas, calizas ooliticas y nodulosas",MESOZOICO,JURASICO-CRETACICO, ,894362.598770276,4328019.542337591,147519.5,141282.9,0
750,La Atalaya,,Hispania Baetica,Spain,Córdoba,Los Pedroches,,,CO 12,881.0,498.2,411.1,38.29069017,-4.85243374,100.0,"Converted in QGIS from Lambert coords, Madrid 1870",,,,,,,FALSE,1.0,1.0,1.0,0.0,0.0,0.0,0.0,0.0,,Domergue 1990: 48,,,False,False,False,0.0,0.0,0.0,,,Hard rock,Primary,,0,No,1,Confirmado,1,Confirmado,1,Confirmado,0,No,0,No,0,No,0,0,0,0,1.0,0.9,1.0,0.965,Alta Certeza (Grado I),659.0,Conglomerados; areniscas; pizarras; calizas y vulcanitas; Carbon,Pizarras y grauwacas; conglomerados y calizas,PALEOZOICO,DEVONICO-CARBONIFERO, ,337998.7360762715,4239691.582523876,10119.7,10233.2,0
752,La Cabra,,Hispania Tarraconensis,Spain,Ciudad Real,Alcudia,,,CR 14,835.0,535.4,449.7,38.64228441,-4.43060527,100.0,"Converted in QGIS from Lambert coords, Madrid 1870",,,,,,,FALSE,1.0,1.0,0.0,0.0,0.0,0.0,0.0,0.0,,Domergue 1990: 46,,,False,False,False,0.0,0.0,0.0,,,,,,0,No,1,Confirmado,0,No,1,Confirmado,0,No,0,No,0,No,0,0,0,0,1.0,0.9,1.0,0.965,Alta Certeza (Grado I),649.0,Gneises; esquistos; marmoles y vulcanitas,"Pizarras, grauwacas, conglomerados o porfiroides",PROTEROZOICO, , ,375497.17128399457,4278052.449758027,3621.0,3304.1,1
753,La Calabaza / Los Fuchacos - Matarrubia - Torneros,,Hispania Tarraconensis,Spain,León,Cuencas del Duerna y Jamuz,,DU-20,LE 31,231.0,394.8,856.1,42.28235218,-6.176901495,100.0,"Converted in QGIS from Lambert coords, Madrid 1870",,,,,,,TRUE,0.0,0.0,0.0,0.0,0.0,0.0,0.0,0.0,,"Domergue 1990: 43; Sanchez-Palencia and Orejas 1994, 193",1.0,0.0,True,,,,,,,,Terrace,Secondary,Selective,1,Confirmado,0,No,0,No,0,No,0,No,0,No,0,No,1,0,1,0,1.0,1.0,1.0,1.0,Alta Certeza (Grado I),918.0,Conglomerados; gravas; arenas y limos,"Conglomerados, gravas, arenas, areniscas, limos y arcillas. Terrazas fluviales y marinas",CENOZOICO,CUATERNARIO, ,238049.96081119793,4686014.791445542,45815.6,46637.1,0
754,La Calera,,Hispania Baetica,Spain,Córdoba,Córdoba,,,CO 106,901.0,495.3,393.0,38.12717881,-4.88282771,100.0,"Converted in QGIS from Lambert coords, Madrid 1870",,,,,,,FALSE,0.0,0.0,1.0,0.0,0.0,0.0,0.0,0.0,,Domergue 1990: 47,,,False,False,False,0.0,0.0,0.0,,,Hard rock,,,0,No,0,No,1,Confirmado,0,No,0,No,0,No,0,No,0,0,0,0,1.0,0.9,1.0,0.965,Alta Certeza (Grado I),597.0,Gneises; esquistos; marmoles y vulcanitas,"Cuarcitas, gneises, esquistos, pizarras y grauwacas",PROTEROZOICO-PALEOZOICO,RIFEENSE-VENDIENSE-CAMBRICO, ,334971.51890786807,4221600.398732776,1742.8,1641.0,10
755,La Canalina,,Hispania Tarraconensis,Spain,León,Cuenca Alta del Tuerto,,AT-03,,,,,42.598516,-6.186611,500.0,"Estimated from Sanchez-Palencia and Orejas 1994, fig. 15, IGN map, and Google Earth",,,,,,,TRUE,0.0,0.0,0.0,0.0,0.0,0.0,0.0,0.0,,"Sanchez-Palencia and Orejas 1994, 189",1.0,0.0,True,,,,,,,,,Secondary,Extensive,1,Confirmado,0,No,0,No,0,No,0,No,0,No,0,No,1,0,1,0,0.85,0.9,1.0,0.905,Alta Certeza (Grado I),1106.0,Cuarcitas; pizarras; areniscas; calizas y vulcanitas,"Pizarras, areniscas, cuarcitas y calizas o rocas vulcanoclásticas",PALEOZOICO,ORDOVICICO, ,238568.42321971653,4721155.662101757,11300.5,13882.8,0
757,La Carcabona de Larna,,Hispania Tarraconensis,Spain,Oviedo,Cuenca del Narcea,,NA-03,,,,,43.07739,-6.60234,500.0,"Estimated from Sanchez-Palencia and Orejas 1994, fig. 13, IGN map, and Google Earth",,,,,,,TRUE,0.0,0.0,0.0,0.0,0.0,0.0,0.0,0.0,,"Sanchez-Palencia and Orejas 1994, 197",1.0,0.0,True,,,,,,,,,Secondary,Extensive,1,Confirmado,0,No,0,No,0,No,0,No,0,No,0,No,1,0,1,0,0.85,0.9,1.0,0.905,Alta Certeza (Grado I),885.0,Gneises; esquistos; marmoles y vulcanitas,"Pizarras, grauwacas, conglomerados o porfiroides",PROTEROZOICO, , ,206734.76161694137,4775709.772900787,1509.1,404.1,32
758,La Cárcoba de Antoñana,,Hispania Tarraconensis,Spain,Oviedo,Cuenca del Narcea,,NA-51,,,,,43.323334,-6.261031,1000.0,"Estimated from Sanchez-Palencia and Orejas 1994, fig. 13, IGN map, and Google Earth",,,,,,,TRUE,0.0,0.0,0.0,0.0,0.0,0.0,0.0,0.0,,"Sanchez-Palencia and Orejas 1994, 198",,,,,,,,,,,,Primary,Selective - Extensive,1,Confirmado,0,No,0,No,0,No,0,No,0,No,0,No,0,0,0,0,0.7,0.9,1.0,0.845,Alta Certeza (Grado I),750.0,Cuarcitas; pizarras; areniscas; calizas y vulcanitas,"Areniscas, pizarras, cuarcitas o calizas y conglomerados",PALEOZOICO,CAMBRICO-ORDOVICICO, ,235588.16736510477,4801887.129798547,6462.8,6242.5,0
759,La Carrasquilla,,Hispania Baetica,Spain,Murcia,Almería,,,MU 9,975.0,782.4,331.7,37.56189619,-1.622756111,100.0,"Converted in QGIS from Lambert coords, Madrid 1870",,,,,,,FALSE,0.0,0.0,0.0,0.0,1.0,0.0,0.0,0.0,,Domergue 1990: 64,,,False,False,False,0.0,0.0,0.0,,,,,,0,No,0,No,0,No,0,No,0,No,0,No,1,Confirmado,0,0,0,0,1.0,0.9,1.0,0.965,Alta Certeza (Grado I),473.0,Rocas metamorficas,"Anfibolitas, serpentinitas, micaesquistos y mármoles (M. del Mulhacén)",PALEOZOICO-MESOZOICO,TRIASICO,BLOQUE DE ALBORAN,621637.1714109303,4158099.617085395,14596.0,8426.4,0
760,La Chaquerona de Villavaser,,Hispania Tarraconensis,Spain,Oviedo,Cuenca del Narcea,,NA-28,,,,,43.239908,-6.5671,500.0,"Estimated from Sanchez-Palencia and Orejas 1994, fig. 13, IGN map, and Google Earth",,,,,,,TRUE,0.0,0.0,0.0,0.0,0.0,0.0,0.0,0.0,,"Sanchez-Palencia and Orejas 1994, 197",1.0,0.0,True,,,,,,,,,Secondary,Extensive,1,Confirmado,0,No,0,No,0,No,0,No,0,No,0,No,1,0,1,0,0.85,0.9,1.0,0.905,Alta Certeza (Grado I),545.0,Gneises; esquistos; marmoles y vulcanitas,"Pizarras, grauwacas, conglomerados o porfiroides",PROTEROZOICO, , ,210373.5647669133,4793637.141133848,369.4,1505.4,24
762,La Corona - Barrera Blanca,,Hispania Tarraconensis,Spain,León,Valduerna,,DU-13,,,,,42.32887,-6.294745,0.0,Google Earth,,,,,,,TRUE,0.0,0.0,0.0,0.0,0.0,0.0,0.0,0.0,Extensive area of rake/comb workings along tributary of the Rio Duerna,"Sanchez-Palencia and Orejas 1994, 192",1.0,0.0,True,False,True,0.0,1.0,0.0,0.0,,,Secondary,Selective - Extensive,1,Confirmado,0,No,0,No,0,No,0,No,0,No,0,No,1,0,1,0,1.0,0.9,1.0,0.965,Alta Certeza (Grado I),1158.0,Conglomerados; areniscas; arcillas; calizas y evaporitas; Vulcanitas basicas,"Conglomerados, areniscas, arenas arcósicas, arcillas, calizas y yesos",CENOZOICO,NEOGENO, ,228532.38685068802,4691550.331717176,38848.7,38573.0,0
763,La Corona de la Torca,,Hispania Tarraconensis,Spain,León,Cuenca del Boeza,,BO-26,,,,,42.58311,-6.404319,200.0,"Estimated from Sanchez-Palencia and Orejas 1994, fig. 14, IGN map, and Google Earth",,,,,,,TRUE,0.0,0.0,0.0,0.0,0.0,0.0,0.0,0.0,Corona immediately adjacent to mine.,"Sanchez-Palencia and Orejas 1994, 191",1.0,0.0,True,,,,,,,,,Secondary,Extensive,1,Confirmado,0,No,0,No,0,No,0,No,0,No,0,No,1,0,1,0,0.85,0.9,1.0,0.905,Alta Certeza (Grado I),822.0,Conglomerados; areniscas; pizarras; calizas y vulcanitas; Carbon,"Conglomerados, areniscas, lutitas y carbón",PALEOZOICO,CARBONIFERO, ,220636.91714639036,4720140.893440471,10017.2,9196.2,0
764,La Corona de Valdecastrillo,,Hispania Tarraconensis,Spain,León,Cuenca del Boeza,,BO-25,,,,,42.580209,-6.390039,300.0,"Estimated from Sanchez-Palencia and Orejas 1994, fig. 14, IGN map, and Google Earth",,,,,,,TRUE,0.0,0.0,0.0,0.0,0.0,0.0,0.0,0.0,Corona immediately adjacent to mine.,"Sanchez-Palencia and Orejas 1994, 191",1.0,0.0,True,,,,,,,,,Secondary,Extensive,1,Confirmado,0,No,0,No,0,No,0,No,0,No,0,No,1,0,1,0,0.85,0.9,1.0,0.905,Alta Certeza (Grado I),841.0,Conglomerados; areniscas; pizarras; calizas y vulcanitas; Carbon,"Conglomerados, areniscas, lutitas y carbón",PALEOZOICO,CARBONIFERO, ,221795.95686426258,4719771.642976086,10386.0,9618.3,0
765,La Cruz,,Hispania Tarraconensis,Spain,Jaén,Linares - La Carolina,,,J 24,905.0,604.8,394.5,38.14701494,-3.63314509,100.0,"Converted in QGIS from Lambert coords, Madrid 1870",,,,,,,FALSE,1.0,1.0,1.0,0.0,0.0,0.0,0.0,0.0,,Domergue 1990: 45,0.0,1.0,False,False,False,0.0,0.0,0.0,0.0,,Hard rock,,,0,No,1,Confirmado,1,Confirmado,1,Confirmado,0,No,0,No,0,No,0,1,0,0,1.0,0.9,1.0,0.965,Alta Certeza (Grado I),519.0,Conglomerados; areniscas; calizas; yesos y arcillas versicolores,"Conglomerados, areniscas, arcillas, dolomías, calizas y margas",MESOZOICO,TRIASICO, ,444522.43946799956,4222316.177476254,1286.8,160.0,6
767,La Cruz del Rañadero,,Hispania Tarraconensis,Spain,León,Cuenca del Boeza,,BO-01,,,,,42.700005,-6.306113,200.0,"Estimated from Sanchez-Palencia and Orejas 1994, fig. 14, IGN map, and Google Earth",,,,,,,TRUE,0.0,0.0,0.0,0.0,0.0,0.0,0.0,0.0,,"Sanchez-Palencia and Orejas 1994, 190",1.0,0.0,True,,,,,,,,,Secondary,Extensive,1,Confirmado,0,No,0,No,0,No,0,No,0,No,0,No,1,0,1,0,0.85,0.9,1.0,0.905,Alta Certeza (Grado I),985.0,Conglomerados; areniscas; arcillas; calizas y evaporitas; Vulcanitas basicas,"Calizas arrecifales, calcarenitas y conglomerados. Arcillas con olistolitos",CENOZOICO,NEOGENO, ,229204.620399579,4732803.13939769,1838.8,292.2,11
768,La Cuquillera,,Hispania Tarraconensis,Spain,León,Cuencas del Turienzo y Jerega,,TJ-25,,,,,42.468836,-6.183466,500.0,"Estimated from Sanchez-Palencia and Orejas 1994, fig. 17 and Google Earth",,,,,,,TRUE,0.0,0.0,0.0,0.0,0.0,0.0,0.0,0.0,,"Sanchez-Palencia and Orejas 1994, 202",1.0,0.0,True,,,,,,,,,Secondary,Selective - Extensive,1,Confirmado,0,No,0,No,0,No,0,No,0,No,0,No,1,0,1,0,0.85,0.9,1.0,0.905,Alta Certeza (Grado I),970.0,Conglomerados; gravas; arenas y limos,"Conglomerados, gravas, arenas, areniscas, limos y arcillas. Terrazas fluviales y marinas",CENOZOICO,CUATERNARIO, ,238284.96530582695,4706744.437317802,25529.0,26867.3,0
769,La Devesa,,Hispania Tarraconensis,Spain,León,Cuenca del Eria,,ER-02,,,,,42.291301,-6.463884,0.0,"Estimated from Sanchez-Palencia and Orejas 1994, fig. 17 and opencast located on Google Earth",,,,,,,TRUE,0.0,0.0,0.0,0.0,0.0,0.0,0.0,0.0,,"Sanchez-Palencia and Orejas 1994, 193",1.0,0.0,True,True,False,0.0,0.0,0.0,0.0,"Several aqueducts visible on Google Earth, feeding the opencast from the east.",,Secondary,Extensive,1,Confirmado,0,No,0,No,0,No,0,No,0,No,0,No,1,0,1,0,1.0,0.9,1.0,0.965,Alta Certeza (Grado I),1255.0,Cuarcitas; pizarras; areniscas; calizas y vulcanitas,Pizarras y areniscas,PALEOZOICO,ORDOVICICO, ,214424.77012763306,4687932.337466876,42543.0,41612.0,0
770,La Devesa I,,Hispania Tarraconensis,Spain,León,Cuenca Alta del Tuerto,,AT-11,LE 58,160.0,,,42.585197,-6.091631,500.0,"Estimated from Sanchez-Palencia and Orejas 1994, fig. 15, IGN map, and Google Earth",,,,,,,TRUE,0.0,0.0,0.0,0.0,0.0,0.0,0.0,0.0,,"Sanchez-Palencia and Orejas 1994, 190",1.0,0.0,True,,,,,,,,,Secondary,Selective,1,Confirmado,0,No,0,No,0,No,0,No,0,No,0,No,1,0,1,0,0.85,1.0,1.0,0.94,Alta Certeza (Grado I),975.0,Cuarcitas; pizarras; areniscas; calizas y vulcanitas,"Areniscas, pizarras, cuarcitas o calizas y conglomerados",PALEOZOICO,CAMBRICO-ORDOVICICO, ,246307.22624735415,4719387.252794662,12530.7,20011.7,0
772,La Encinilla,,Hispania Baetica,Spain,Córdoba,Los Pedroches,,,CO 22,833.0,482.5,440.5,38.55374099,-5.03709116,100.0,"Converted in QGIS from Lambert coords, Madrid 1870",,,,,,,FALSE,0.0,0.0,1.0,0.0,0.0,0.0,0.0,0.0,,Domergue 1990: 47,0.0,1.0,False,False,False,0.0,0.0,0.0,0.0,,Hard rock,Primary,,0,No,0,No,1,Confirmado,0,No,0,No,0,No,0,No,0,1,0,0,1.0,0.9,1.0,0.965,Alta Certeza (Grado I),507.0,Conglomerados; areniscas; pizarras; calizas y vulcanitas; Carbon,Pizarras y grauwacas; conglomerados y calizas,PALEOZOICO,DEVONICO-CARBONIFERO, ,322493.6116500794,4269223.779348217,8112.6,999.3,0
773,La Fana - El Caleiro,,Hispania Tarraconensis,Spain,Oviedo,Cuenca del Narcea,,NA-01,,,,,43.071779,-6.650749,500.0,"Estimated from Sanchez-Palencia and Orejas 1994, fig. 13, IGN map, and Google Earth",,,,,,,TRUE,0.0,0.0,0.0,0.0,0.0,0.0,0.0,0.0,,"Sanchez-Palencia and Orejas 1994, 197",1.0,0.0,True,True,,0.0,0.0,0.0,,,,Primary,Extensive,1,Confirmado,0,No,0,No,0,No,0,No,0,No,0,No,1,0,1,0,0.85,0.9,1.0,0.905,Alta Certeza (Grado I),827.0,Cuarcitas; pizarras; areniscas; calizas y vulcanitas,"Areniscas, pizarras, cuarcitas o calizas y conglomerados",PALEOZOICO,CAMBRICO-ORDOVICICO, ,202766.2870567976,4775257.19774632,1034.2,1336.2,19
774,La Folgueriza,,Hispania Tarraconensis,Spain,Oviedo,Cuenca del Navia,,NV-75,,,,,43.34725,-6.696434,100.0,Google Earth and IGN map.,,,,,,,TRUE,0.0,0.0,0.0,0.0,0.0,0.0,0.0,0.0,,"Sanchez-Palencia and Orejas 1994, 200",1.0,0.0,True,True,False,0.0,0.0,0.0,0.0,,,Secondary,Selective,1,Confirmado,0,No,0,No,0,No,0,No,0,No,0,No,1,0,1,0,1.0,0.9,1.0,0.965,Alta Certeza (Grado I),778.0,Cuarcitas; pizarras; areniscas; calizas y vulcanitas,"Pizarras, areniscas, cuarcitas y calizas o rocas vulcanoclásticas",PALEOZOICO,ORDOVICICO, ,200399.73640003364,4806016.045400934,10996.8,10050.7,0
775,La Fontanilla / Las Cuevas,,Hispania Tarraconensis,Spain,León,Cuencas del Turienzo y Jerega,,TJ-17,LE 48,193.0,400.2,873.8,42.442171,-6.119396,100.0,"Converted in QGIS from Lambert coords, Madrid 1870, adjusted with reference to Google Earth.",,,,,,,TRUE,0.0,0.0,0.0,0.0,0.0,0.0,0.0,0.0,"Several hydraulic opencasts; two on the N side of the valley; a large one on the S side, and a smaller piriform opencast to the S of that. In the main, S, opencast there are subterranean galleries opening off the side of the opencast.","Domergue 1990: 43; Sanchez-Palencia and Orejas 1994, 202",1.0,1.0,True,True,False,0.0,0.0,0.0,0.0,,Hard rock,Secondary - Primary,Extensive,1,Confirmado,0,No,0,No,0,No,0,No,0,No,0,No,1,1,1,0,1.0,1.0,1.0,1.0,Alta Certeza (Grado I),906.0,Cuarcitas; pizarras; areniscas; calizas y vulcanitas,"Areniscas, pizarras, cuarcitas o calizas y conglomerados",PALEOZOICO,CAMBRICO-ORDOVICICO, ,243443.74176865097,4703587.394608083,27836.1,31744.6,0
776,La Fontanona - La Gándara,,Hispania Tarraconensis,Spain,León,Cuencas del Turienzo y Jerega,,TJ-23,,,,,42.473679,-6.209227,100.0,"Estimated from Sanchez-Palencia and Orejas 1994, fig. 17 and Google Earth",,,,,,,TRUE,0.0,0.0,0.0,0.0,0.0,0.0,0.0,0.0,,"Sanchez-Palencia and Orejas 1994, 202",1.0,0.0,True,,,,,,,,,Secondary,Selective - Extensive,1,Confirmado,0,No,0,No,0,No,0,No,0,No,0,No,1,0,1,0,1.0,0.9,1.0,0.965,Alta Certeza (Grado I),1024.0,Conglomerados; areniscas; arcillas; calizas y evaporitas; Vulcanitas basicas,"Conglomerados, areniscas, arenas arcósicas, arcillas, calizas y yesos",CENOZOICO,NEOGENO, ,236187.30015783414,4707362.132121127,24556.5,25674.5,0
777,La Fortuna,,Hispania Tarraconensis,Spain,Ciudad Real,Alcudia,,,CR 9,809.0,546.0,460.4,38.73949196,-4.30960585,100.0,"Converted in QGIS from Lambert coords, Madrid 1870",,,,,,,FALSE,1.0,1.0,0.0,0.0,0.0,0.0,0.0,0.0,,Domergue 1990: 46,,,False,False,False,0.0,0.0,0.0,,,,,,0,No,1,Confirmado,0,No,1,Confirmado,0,No,0,No,0,No,0,0,0,0,1.0,0.9,1.0,0.965,Alta Certeza (Grado I),675.0,Gneises; esquistos; marmoles y vulcanitas,"Pizarras, grauwacas, conglomerados o porfiroides",PROTEROZOICO, , ,386182.1040200846,4288682.444558612,1064.9,903.2,11
778,La Freitarbosa,,Hispania Tarraconensis,Spain,Oviedo,Cuenca del Navia,,NV-70,,,,,43.351497,-6.676958,0.0,"Sanchez-Palencia and Orejas 1994, fig. 13; and Google Earth and IGN map.",,,,,,,TRUE,0.0,0.0,0.0,0.0,0.0,0.0,0.0,0.0,Large hydraulic opencast.,"Sanchez-Palencia and Orejas 1994, 200",1.0,0.0,True,True,False,0.0,0.0,0.0,0.0,,,Primary,Extensive,1,Confirmado,0,No,0,No,0,No,0,No,0,No,0,No,1,0,1,0,1.0,0.9,1.0,0.965,Alta Certeza (Grado I),731.0,Cuarcitas; pizarras; areniscas; calizas y vulcanitas,"Pizarras, areniscas, cuarcitas y calizas o rocas vulcanoclásticas",PALEOZOICO,ORDOVICICO, ,201999.22426081938,4806417.929864491,9515.6,8978.4,0
779,La Fucarona,,Hispania Tarraconensis,Spain,León,Cuencas del Turienzo y Jerega,,TJ-19,LE 35,192.0,389.0,878.3,42.482916,-6.247223,300.0,"Estimated from Sanchez-Palencia and Orejas 1994, fig. 17 and Google Earth",,,,,,,TRUE,0.0,0.0,0.0,0.0,0.0,0.0,0.0,0.0,,"Domergue 1990: 43; Sanchez-Palencia and Orejas 1994, 202",1.0,0.0,True,True,False,0.0,0.0,0.0,0.0,,Tertiary alluvium,Secondary,Selective - Extensive,1,Confirmado,0,No,0,No,0,No,0,No,0,No,0,No,1,0,1,0,0.85,1.0,1.0,0.94,Alta Certeza (Grado I),1088.0,Cuarcitas; pizarras; areniscas; calizas y vulcanitas,"Areniscas, pizarras, cuarcitas o calizas y conglomerados",PALEOZOICO,CAMBRICO-ORDOVICICO, ,233102.86700048385,4708506.910044921,22818.4,23756.2,0
780,La Gándara I,,Hispania Tarraconensis,Spain,León,Cuenca del Eria,,ER-21,,,,,42.233059,-6.264385,300.0,"Estimated from Sanchez-Palencia and Orejas 1994, fig. 17,  Fernández-Lozano et al. 2015, fig. 6, and Google Earth",,,,,,,TRUE,0.0,0.0,0.0,0.0,0.0,0.0,0.0,0.0,,"Sanchez-Palencia and Orejas 1994, 193",1.0,0.0,True,False,False,0.0,0.0,0.0,0.0,,,Secondary,Selective - Extensive,1,Confirmado,0,No,0,No,0,No,0,No,0,No,0,No,1,0,1,0,0.85,0.9,1.0,0.905,Alta Certeza (Grado I),994.0,Cuarcitas; pizarras; areniscas; calizas y vulcanitas,"Ortocuarcitas, areniscas y pizarras",PALEOZOICO,ORDOVICICO, ,230625.8498754325,4680813.8319435045,49745.9,49511.3,0
781,La Gándara II,,Hispania Tarraconensis,Spain,León,Cuenca del Eria,,ER-22,,,,,42.230177,-6.2608,300.0,"Estimated from Sanchez-Palencia and Orejas 1994, fig. 17,  Fernández-Lozano et al. 2015, fig. 6, and Google Earth",,,,,,,TRUE,0.0,0.0,0.0,0.0,0.0,0.0,0.0,0.0,,"Sanchez-Palencia and Orejas 1994, 193",1.0,0.0,True,False,False,0.0,0.0,0.0,0.0,,,Secondary,Extensive,1,Confirmado,0,No,0,No,0,No,0,No,0,No,0,No,1,0,1,0,0.85,0.9,1.0,0.905,Alta Certeza (Grado I),993.0,Cuarcitas; pizarras; areniscas; calizas y vulcanitas,"Ortocuarcitas, areniscas y pizarras",PALEOZOICO,ORDOVICICO, ,230909.45623698574,4680482.446972231,50108.4,49892.9,0
782,La Garvachana I,,Hispania Tarraconensis,Spain,León,Cuenca Alta del Sil,,AS-13,,,,,42.800928,-6.530024,500.0,"Estimated from Sanchez-Palencia and Orejas 1994, fig. 14, and Google Earth",,,,,,,TRUE,0.0,0.0,0.0,0.0,0.0,0.0,0.0,0.0,,"Sanchez-Palencia and Orejas 1994, 189",1.0,0.0,True,,,,,,,,,Secondary,Extensive,1,Confirmado,0,No,0,No,0,No,0,No,0,No,0,No,1,0,1,0,0.85,0.9,1.0,0.905,Alta Certeza (Grado I),945.0,Conglomerados; areniscas; pizarras; calizas y vulcanitas; Carbon,"Conglomerados, areniscas, lutitas y carbón",PALEOZOICO,CARBONIFERO, ,211332.16822577541,4744754.603871844,5613.5,6080.0,0
783,La Garvachana II,,Hispania Tarraconensis,Spain,León,Cuenca Alta del Sil,,AS-12,,,,,42.796606,-6.534496,500.0,"Estimated from Sanchez-Palencia and Orejas 1994, fig. 14, and Google Earth",,,,,,,TRUE,0.0,0.0,0.0,0.0,0.0,0.0,0.0,0.0,,"Sanchez-Palencia and Orejas 1994, 189",1.0,0.0,True,,,,,,,,,Secondary,Extensive,1,Confirmado,0,No,0,No,0,No,0,No,0,No,0,No,1,0,1,0,0.85,0.9,1.0,0.905,Alta Certeza (Grado I),882.0,Conglomerados; areniscas; pizarras; calizas y vulcanitas; Carbon,"Conglomerados, areniscas, lutitas y carbón",PALEOZOICO,CARBONIFERO, ,210946.2902634479,4744289.938413043,5477.0,5884.7,0
784,La Garvachana III,,Hispania Tarraconensis,Spain,León,Cuenca Alta del Sil,,AS-11,,,,,42.800509,-6.542769,500.0,"Estimated from Sanchez-Palencia and Orejas 1994, fig. 14, and Google Earth",,,,,,,TRUE,0.0,0.0,0.0,0.0,0.0,0.0,0.0,0.0,,"Sanchez-Palencia and Orejas 1994, 189",1.0,0.0,True,,,,,,,,,Secondary,Extensive,1,Confirmado,0,No,0,No,0,No,0,No,0,No,0,No,1,0,1,0,0.85,0.9,1.0,0.905,Alta Certeza (Grado I),900.0,Conglomerados; areniscas; arcillas; calizas y evaporitas; Vulcanitas basicas,"Calizas arrecifales, calcarenitas y conglomerados. Arcillas con olistolitos",CENOZOICO,NEOGENO, ,210287.88506187568,4744751.837325706,4683.7,5098.9,6
785,La Gran Mina,,Hispania Baetica,Spain,Córdoba,Córdoba,,,CO 114,901.0,490.8,387.7,38.07884801,-4.93333237,100.0,"Converted in QGIS from Lambert coords, Madrid 1870",,,,,,,FALSE,1.0,0.0,1.0,0.0,0.0,0.0,0.0,0.0,,Domergue 1990: 47,,,False,False,False,0.0,0.0,0.0,,,Hard rock,,,0,No,1,Confirmado,1,Confirmado,0,No,0,No,0,No,0,No,0,0,0,0,1.0,0.9,1.0,0.965,Alta Certeza (Grado I),431.0,Gneises; esquistos; marmoles y vulcanitas,"Cuarcitas, gneises, esquistos, pizarras y grauwacas",PROTEROZOICO-PALEOZOICO,RIFEENSE-VENDIENSE-CAMBRICO, ,330432.70810063457,4216328.226681087,5215.5,5897.5,0
786,La Groba Roja,,Hispania Tarraconensis,Spain,Oviedo,Cuenca del Navia,,NV-61,,,,,43.15226,-6.792316,100.0,"Placename, Google Earth, and Sanchez-Palencia and Orejas 1994, fig. 13.",,,,,,,TRUE,0.0,0.0,0.0,0.0,0.0,0.0,0.0,0.0,Aqueduct and hushing opencast visible on Google Earth.,"Sanchez-Palencia and Orejas 1994, 200",1.0,0.0,True,True,False,0.0,0.0,0.0,0.0,,,Secondary - Primary,Extensive,1,Confirmado,0,No,0,No,0,No,0,No,0,No,0,No,1,0,1,0,1.0,0.9,1.0,0.965,Alta Certeza (Grado I),522.0,Cuarcitas; pizarras; areniscas; calizas y vulcanitas,"Pizarras, areniscas, cuarcitas y calizas o rocas vulcanoclásticas",PALEOZOICO,ORDOVICICO, ,191644.1168279503,4784707.9939273335,1549.7,848.7,11
787,La Grueba de Courio,,Hispania Tarraconensis,Spain,Oviedo,Cuenca del Narcea,,NA-53,,,,,43.338721,-6.231608,3000.0,"Guessed from Sanchez-Palencia and Orejas 1994, fig. 13, IGN map, and Google Earth",,,,,,,TRUE,0.0,0.0,0.0,0.0,0.0,0.0,0.0,0.0,,"Sanchez-Palencia and Orejas 1994, 198",,,,,,,,,,,,Primary,Selective - Extensive,1,Confirmado,0,No,0,No,0,No,0,No,0,No,0,No,0,0,0,0,0.5,0.9,1.0,0.765,Media Certeza (Grado II),776.0,Areniscas; pizarras y calizas,"Pizarras, esquistos, areniscas, calizas, ampelitas y liditas",PALEOZOICO,SILURICO-DEVONICO, ,238040.216446456,4803503.242312058,3793.7,4531.9,1
788,La Herreria,,Hispania Baetica,Spain,Córdoba,Montoro Andújar,,,CO 76,903.0,537.4,395.5,38.15378104,-4.40261769,100.0,"Converted in QGIS from Lambert coords, Madrid 1870",,,,,,,FALSE,1.0,1.0,1.0,0.0,0.0,0.0,0.0,0.0,,Domergue 1990: 47,0.0,1.0,False,False,False,0.0,0.0,0.0,0.0,,Hard rock,,,0,No,1,Confirmado,1,Confirmado,1,Confirmado,0,No,0,No,0,No,0,1,0,0,1.0,0.9,1.0,0.965,Alta Certeza (Grado I),551.0,Granitoides de emplazamiento epi-mesozonal,Granitoides biotíticos,PALEOZOICO,DEVONICO-CARBONIFERO-PERMICO,ROCAS PLUTONICAS HERCINICAS,377108.5792225155,4223806.935958343,1938.2,1010.3,9
789,La Hilera - Valdemeda,,Hispania Tarraconensis,Spain,León,Cuenca del Eria,,ER-15,,,,,42.270529,-6.303967,400.0,"Estimated from Sanchez-Palencia and Orejas 1994, fig. 17 and Google Earth",,,,,,,TRUE,0.0,0.0,0.0,0.0,0.0,0.0,0.0,0.0,,"Sanchez-Palencia and Orejas 1994, 193",1.0,0.0,True,True,False,0.0,0.0,0.0,0.0,,,Secondary,Selective - Extensive,1,Confirmado,0,No,0,No,0,No,0,No,0,No,0,No,1,0,1,0,0.85,0.9,1.0,0.905,Alta Certeza (Grado I),1156.0,Cuarcitas; pizarras; areniscas; calizas y vulcanitas,"Ortocuarcitas, areniscas y pizarras",PALEOZOICO,ORDOVICICO, ,227520.74791743472,4685100.930556064,45203.5,44745.9,0
790,La Jagueta,,Hispania Tarraconensis,Spain,León,Cuenca Alta del Tuerto,,AT-02,,,,,42.630514,-6.209409,200.0,"Estimated from Sanchez-Palencia and Orejas 1994, fig. 14, and Google Earth",,,,,,,TRUE,0.0,0.0,0.0,0.0,0.0,0.0,0.0,0.0,,"Sanchez-Palencia and Orejas 1994, 189",1.0,0.0,True,,,,,,,,,Secondary,Selective - Extensive,1,Confirmado,0,No,0,No,0,No,0,No,0,No,0,No,1,0,1,0,0.85,0.9,1.0,0.905,Alta Certeza (Grado I),1076.0,Conglomerados; areniscas; arcillas; calizas y evaporitas; Vulcanitas basicas,"Conglomerados, areniscas, arcillas, calizas y/o yesos",CENOZOICO,NEOGENO-CUATERNARIO, ,236832.80780365883,4724779.957159239,7717.1,9870.0,0
791,La Joya,,Hispania Baetica,Spain,Huelva,Huelva,,,H 22,937.0,306.5,357.6,37.76491981,-7.02103919,100.0,"Converted in QGIS from Lambert coords, Madrid 1870",,,,,,,FALSE,0.0,0.0,1.0,0.0,0.0,0.0,0.0,0.0,,Domergue 1990: 62,0.0,1.0,False,False,False,0.0,0.0,0.0,0.0,,Pyrite,Primary,,0,No,0,No,1,Confirmado,0,No,0,No,0,No,0,No,0,1,0,0,1.0,0.9,1.0,0.965,Alta Certeza (Grado I),274.0,Conglomerados; areniscas; pizarras; calizas y vulcanitas; Carbon,Vulcanitas y rocas vulcanoclásticas,PALEOZOICO,CARBONIFERO, ,145766.27129097213,4187352.4991583126,6854.5,7000.0,0
792,La Lagunilla,,Hispania Baetica,Spain,Córdoba,Azuaga-Fuenteovejuna,,,CO 58,900.0,441.6,397.1,38.15598041,-5.49648864,100.0,"Converted in QGIS from Lambert coords, Madrid 1870",,,,,,,FALSE,1.0,1.0,0.0,0.0,0.0,0.0,0.0,0.0,,Domergue 1990: 46,0.0,1.0,False,False,False,0.0,0.0,0.0,0.0,,Hard rock,Primary,,0,No,1,Confirmado,0,No,1,Confirmado,0,No,0,No,0,No,0,1,0,0,1.0,0.9,1.0,0.965,Alta Certeza (Grado I),525.0,Gneises; esquistos; marmoles y vulcanitas,"Cuarcitas, gneises, esquistos, pizarras y grauwacas",PROTEROZOICO-PALEOZOICO,RIFEENSE-VENDIENSE-CAMBRICO, ,281263.4945058467,4226066.728985816,2905.9,5178.5,3
793,La Lancha,,Hispania Baetica,Spain,Huelva,Huelva,,,H 23,937.0,310.7,356.1,37.75281361,-6.97275838,100.0,"Converted in QGIS from Lambert coords, Madrid 1870",,,,,,,FALSE,0.0,0.0,1.0,0.0,0.0,0.0,0.0,0.0,,Domergue 1990: 62,,,False,False,False,0.0,0.0,0.0,,,Pyrite,Primary,,0,No,0,No,1,Confirmado,0,No,0,No,0,No,0,No,0,0,0,0,1.0,0.9,1.0,0.965,Alta Certeza (Grado I),292.0,Areniscas; pizarras y calizas,"Areniscas, pizarras, calizas, cuarcitas y rocas vulcanoclásticas",PALEOZOICO,DEVONICO-CARBONIFERO, ,149964.1418761678,4185826.4518981073,3762.4,6005.3,3
794,La Lapilla,,Hispania Baetica,Spain,Huelva,Huelva,,,H 10,959.0,298.8,336.8,37.5749524,-7.09936299,100.0,"Converted in QGIS from Lambert coords, Madrid 1870",,,,,,,FALSE,0.0,0.0,1.0,0.0,0.0,0.0,0.0,0.0,,Domergue 1990: 62,,,False,False,False,0.0,0.0,0.0,,,Pyrite,Primary,,0,No,0,No,1,Confirmado,0,No,0,No,0,No,0,No,0,0,0,0,1.0,0.9,1.0,0.965,Alta Certeza (Grado I),218.0,Conglomerados; areniscas; pizarras; calizas y vulcanitas; Carbon,Vulcanitas y rocas vulcanoclásticas,PALEOZOICO,CARBONIFERO, ,137939.69003263302,4166562.7407502574,20694.0,21185.3,0
795,La Leitosa,,Hispania Tarraconensis,Spain,León,Cuencas de Cúa y Burbia,,CB-22,LE 25,126.0,348.0,903.0,42.694997,-6.765394,0.0,"Converted in QGIS from Lambert coords, Madrid 1870; refined by Google Earth and site visit 26/09/2021.",,,,,,,TRUE,0.0,0.0,0.0,0.0,0.0,0.0,0.0,0.0,Very large opencase worked by ruina montium technique; one tunnel still visible towards northern end of east face of opencast. Mine supplied by aqueduct said to be c. 40 km long.,"Domergue 1990: 43; Sanchez-Palencia and Orejas 1994, 192",1.0,0.0,True,False,False,1.0,0.0,0.0,0.0,,Tertiary alluvium,Secondary,Selective - Extensive,1,Confirmado,0,No,0,No,0,No,0,No,0,No,0,No,1,0,1,0,1.0,1.0,1.0,1.0,Alta Certeza (Grado I),796.0,Cuarcitas; pizarras; areniscas; calizas y vulcanitas,"Areniscas, pizarras, cuarcitas o calizas y conglomerados",PALEOZOICO,CAMBRICO-ORDOVICICO, ,191557.1255827538,4733823.458100106,271.7,1535.5,41
796,La Lisea,,Hispania Baetica,Spain,Jaén,Montoro Andújar,,,J 4,883.0,558.8,399.7,38.19292738,-4.15856145,100.0,"Converted in QGIS from Lambert coords, Madrid 1870",,,,,,,FALSE,0.0,0.0,1.0,0.0,0.0,0.0,0.0,0.0,,Domergue 1990: 47,,,False,False,False,0.0,0.0,0.0,,,Hard rock,,,0,No,0,No,1,Confirmado,0,No,0,No,0,No,0,No,0,0,0,0,1.0,0.9,1.0,0.965,Alta Certeza (Grado I),485.0,Granitoides de emplazamiento epi-mesozonal,Granitoides de dos micas,PALEOZOICO,DEVONICO-CARBONIFERO-PERMICO,ROCAS PLUTONICAS HERCINICAS,398546.81557058764,4227855.333670502,234.6,4015.0,22
797,La Loba,,Hispania Baetica,Spain,Córdoba,Azuaga-Fuenteovejuna,,,CO 55,879.0,454.0,413.0,38.30148131,-5.35834637,100.0,"Converted in QGIS from Lambert coords, Madrid 1870",,,,,,,FALSE,1.0,1.0,1.0,0.0,0.0,0.0,0.0,0.0,,Domergue 1990: 46,0.0,1.0,False,False,False,0.0,0.0,0.0,0.0,,Hard rock,Primary,,0,No,1,Confirmado,1,Confirmado,1,Confirmado,0,No,0,No,0,No,0,1,0,0,1.0,0.9,1.0,0.965,Alta Certeza (Grado I),519.0,Conglomerados; areniscas; arcillas; calizas y evaporitas; Vulcanitas basicas,"Calcarenitas, arenas y limos amarillos",CENOZOICO,NEOGENO, ,293780.39598338597,4241897.179915688,3262.2,3317.2,2
798,La Luz (Alcudia),,Hispania Tarraconensis,Spain,Ciudad Real,Alcudia,,,CR 10,809.0,546.7,460.4,38.7395357,-4.30154746,100.0,"Converted in QGIS from Lambert coords, Madrid 1870",,,,,,,FALSE,1.0,1.0,0.0,0.0,0.0,0.0,0.0,0.0,,Domergue 1990: 46,,,False,False,False,0.0,0.0,0.0,,,,,,0,No,1,Confirmado,0,No,1,Confirmado,0,No,0,No,0,No,0,0,0,0,1.0,0.9,1.0,0.965,Alta Certeza (Grado I),664.0,Gneises; esquistos; marmoles y vulcanitas,"Pizarras, grauwacas, conglomerados o porfiroides",PROTEROZOICO, , ,386882.55450927385,4288677.3097185185,1647.6,225.6,8
799,La Luz (Linares),,Hispania Tarraconensis,Spain,Jaén,Linares - La Carolina,,,J 26,905.0,606.1,393.5,38.13799154,-3.61831402,100.0,"Converted in QGIS from Lambert coords, Madrid 1870",,,,,,,FALSE,1.0,1.0,0.0,0.0,0.0,0.0,0.0,0.0,,Domergue 1990: 45,0.0,1.0,False,False,False,0.0,0.0,0.0,0.0,,Hard rock,,,0,No,1,Confirmado,0,No,1,Confirmado,0,No,0,No,0,No,0,1,0,0,1.0,0.9,1.0,0.965,Alta Certeza (Grado I),417.0,Conglomerados; areniscas; calizas; yesos y arcillas versicolores,"Conglomerados, areniscas, arcillas, dolomías, calizas y margas",MESOZOICO,TRIASICO, ,445815.3091621284,4221306.207475396,2771.9,61.0,9
800,La Marta,,Hispania Tarraconensis,Spain,Oviedo,Cuenca del Navia,,NV-34,,,,,43.295693,-6.673351,100.0,"Guessed from Sanchez-Palencia and Orejas 1994, fig. 13; and Google Earth.",,,,,,,TRUE,0.0,0.0,0.0,0.0,0.0,0.0,0.0,0.0,,"Sanchez-Palencia and Orejas 1994, 200",1.0,0.0,True,True,False,0.0,0.0,0.0,0.0,,,Primary,Extensive,1,Confirmado,0,No,0,No,0,No,0,No,0,No,0,No,1,0,1,0,1.0,0.9,1.0,0.965,Alta Certeza (Grado I),1020.0,Cuarcitas; pizarras; areniscas; calizas y vulcanitas,"Areniscas, pizarras, cuarcitas o calizas y conglomerados",PALEOZOICO,CAMBRICO-ORDOVICICO, ,202018.55983150838,4800206.991540149,9285.5,6331.2,0
802,La Mata del Fraile,,Hispania Tarraconensis,Spain,León,Cuenca del Boeza,,BO-13,,,,,42.647829,-6.390663,500.0,"Estimated from Sanchez-Palencia and Orejas 1994, fig. 14, IGN map, and Google Earth",,,,,,,TRUE,0.0,0.0,0.0,0.0,0.0,0.0,0.0,0.0,,"Sanchez-Palencia and Orejas 1994, 191",1.0,0.0,True,,,,,,,,,Secondary,Extensive,1,Confirmado,0,No,0,No,0,No,0,No,0,No,0,No,1,0,1,0,0.85,0.9,1.0,0.905,Alta Certeza (Grado I),719.0,Conglomerados; areniscas; arcillas y calizas; Evaporitas,"Turbiditas calcáreas. Calizas, calizas arenosas, areniscas y margas arenosas",CENOZOICO,PALEOGENO-NEOGENO, ,222045.9874064927,4727283.382705168,2941.1,2412.3,8
803,La Matilla,,Hispania Baetica,Spain,Badajoz,La Serena,,,BA 52,830.0,392.5,437.3,38.50791545,-6.06911791,100.0,"Converted in QGIS from Lambert coords, Madrid 1870",,,,,,,FALSE,1.0,1.0,0.0,0.0,0.0,0.0,0.0,0.0,,Domergue 1990: 45,,,False,False,False,0.0,0.0,0.0,,,Hard rock,Primary,,0,No,1,Confirmado,0,No,1,Confirmado,0,No,0,No,0,No,0,0,0,0,1.0,0.9,1.0,0.965,Alta Certeza (Grado I),400.0,Conglomerados; areniscas; pizarras; calizas y vulcanitas; Carbon,Vulcanitas y rocas vulcanoclásticas,PALEOZOICO,CARBONIFERO, ,232379.70292742027,4266636.907187682,5171.4,3765.2,0
805,La Mortera I,,Hispania Tarraconensis,Spain,Oviedo,Cuenca del Narcea,,NA-34,O 28,50.0,365.0,972.5,43.3291,-6.583859,1000.0,"Estimated from Sanchez-Palencia and Orejas 1994, fig. 13, IGN map, and Google Earth",,,,,,,TRUE,0.0,0.0,0.0,0.0,0.0,0.0,0.0,0.0,,"Domergue 1990: 42; Sanchez-Palencia and Orejas 1994, 198",1.0,0.0,True,,,0.0,0.0,0.0,0.0,,Hard rock,Primary,Selective - Extensive,1,Confirmado,0,No,0,No,0,No,0,No,0,No,0,No,1,0,1,0,0.7,1.0,1.0,0.8799999999999999,Alta Certeza (Grado I),635.0,Cuarcitas; pizarras; areniscas; calizas y vulcanitas,"Areniscas, pizarras, cuarcitas o calizas y conglomerados",PALEOZOICO,CAMBRICO-ORDOVICICO, ,209438.12418760348,4803601.685353722,1859.0,1195.2,5
806,La Mortera II,,Hispania Tarraconensis,Spain,Oviedo,Cuenca del Narcea,,NA-33,O 28,50.0,365.0,972.5,43.321252,-6.591589,1000.0,"Estimated from Sanchez-Palencia and Orejas 1994, fig. 13, IGN map, and Google Earth",,,,,,,TRUE,0.0,0.0,0.0,0.0,0.0,0.0,0.0,0.0,,"Domergue 1990: 42; Sanchez-Palencia and Orejas 1994, 198",1.0,0.0,True,,,0.0,0.0,0.0,0.0,,Hard rock,Primary,Extensive,1,Confirmado,0,No,0,No,0,No,0,No,0,No,0,No,1,0,1,0,0.7,1.0,1.0,0.8799999999999999,Alta Certeza (Grado I),784.0,Cuarcitas; pizarras; areniscas; calizas y vulcanitas,"Areniscas, pizarras, cuarcitas o calizas y conglomerados",PALEOZOICO,CAMBRICO-ORDOVICICO, ,208773.82491759787,4802756.99261739,2798.9,1656.1,4
807,La Muela,,Hispania Tarraconensis,Spain,León,Valduerna,,DU-02,,,,,42.400217,-6.392956,500.0,"Estimated from Sanchez-Palencia and Orejas 1994, fig. 17 and Google Earth",,,,,,,TRUE,0.0,0.0,0.0,0.0,0.0,0.0,0.0,0.0,,"Sanchez-Palencia and Orejas 1994, 192",,,,,,,,,,,,Secondary - Primary,Extensive,1,Confirmado,0,No,0,No,0,No,0,No,0,No,0,No,0,0,0,0,0.85,0.9,1.0,0.905,Alta Certeza (Grado I),1255.0,Areniscas; pizarras y calizas,"Pizarras, esquistos, areniscas, calizas, ampelitas y liditas",PALEOZOICO,SILURICO-DEVONICO, ,220756.04637436493,4699792.115918996,30360.8,29543.9,0
808,La Najerilla,,Hispania Tarraconensis,Spain,La Rioja,,,,LO 1,240.0,660.4,841.5,42.17442906,-2.956599594,100.0,"Converted in QGIS from Lambert coords, Madrid 1870",,,,,,,FALSE,1.0,1.0,0.0,0.0,0.0,0.0,0.0,0.0,,Domergue 1990: 64,,,False,False,False,0.0,0.0,0.0,,,,,,0,No,1,Confirmado,0,No,1,Confirmado,0,No,0,No,0,No,0,0,0,0,1.0,0.9,1.0,0.965,Alta Certeza (Grado I),1151.0,Cuarcitas; pizarras; areniscas; calizas y vulcanitas,Pizarras y/o esquistos arenosos,PALEOZOICO,CAMBRICO, ,503584.48564278806,4669144.090209327,48407.9,26397.8,0
809,La Omañuela,,Hispania Tarraconensis,Spain,León,Cuenca Alta del Orbigo,,AO-12,,,,,42.777847,-5.989934,1000.0,Guessed: placename on Google Earth,,,,,,,TRUE,0.0,0.0,0.0,0.0,0.0,0.0,0.0,0.0,,"Sanchez-Palencia and Orejas 1994, 188",1.0,0.0,True,,,,,,,,,Secondary,Selective,1,Confirmado,0,No,0,No,0,No,0,No,0,No,0,No,1,0,1,0,0.7,0.9,1.0,0.845,Alta Certeza (Grado I),1040.0,Gneises; esquistos; marmoles y vulcanitas,"Pizarras, grauwacas, conglomerados o porfiroides",PROTEROZOICO, , ,255410.49392167013,4740481.905246927,5454.0,6260.4,0
810,La Onza,,Hispania Baetica,Spain,Sevilla,Sevilla,,,SE 1,899.0,437.0,487.5,38.97002695,-5.57079368,100.0,"Converted in QGIS from Lambert coords, Madrid 1870","Rectangle of 24 km2 limited by 439,484; 435,484; 435, 391; 439, 391",,,,,,FALSE,1.0,1.0,1.0,0.0,0.0,0.0,0.0,0.0,,Domergue 1990: 48,,,False,False,False,0.0,0.0,0.0,,,Hard rock,Primary,,0,No,1,Confirmado,1,Confirmado,1,Confirmado,0,No,0,No,0,No,0,0,0,0,1.0,0.9,1.0,0.965,Alta Certeza (Grado I),360.0,Gneises; esquistos; marmoles y vulcanitas,"Pizarras, grauwacas, conglomerados o porfiroides",PROTEROZOICO, , ,277280.79963416,4316594.03783698,12632.6,1093.2,0
811,La Osi,,Hispania Baetica,Spain,Córdoba,Los Pedroches,,,CO 94,889.0,509.6,415.5,38.33162443,-4.72262528,100.0,"Converted in QGIS from Lambert coords, Madrid 1870",,,,,,,FALSE,0.0,0.0,1.0,0.0,0.0,0.0,0.0,0.0,,Domergue 1990: 48,,,False,False,False,0.0,0.0,0.0,,,Hard rock,Primary,,0,No,0,No,1,Confirmado,0,No,0,No,0,No,0,No,0,0,0,0,1.0,0.9,1.0,0.965,Alta Certeza (Grado I),685.0,Granitoides de emplazamiento epi-mesozonal,Granitoides biotíticos,PALEOZOICO,DEVONICO-CARBONIFERO-PERMICO,ROCAS PLUTONICAS HERCINICAS,349436.4242633522,4244014.496139193,2157.4,8296.8,8
812,La Panadera,,Hispania Baetica,Spain,Murcia,Cartagena-Mazarrón,,,MU 2,976.0,800.8,326.6,37.51191118,-1.415983892,100.0,"Converted in QGIS from Lambert coords, Madrid 1870",,,,,,,FALSE,0.0,0.0,1.0,0.0,0.0,0.0,0.0,0.0,,Domergue 1987: 358,,,False,False,False,0.0,0.0,0.0,,,,,,0,No,0,No,1,Confirmado,0,No,0,No,0,No,0,No,0,0,0,0,1.0,0.9,1.0,0.965,Alta Certeza (Grado I),41.0,Rocas sedimentarias (Beticas; zonas internas),"Dolomías, areniscas, conglomerados, arcillas, y margas",PALEOZOICO-MESOZOICO,TRIASICO,BLOQUE DE ALBORAN,639993.7121970924,4152841.3378748423,25453.4,18672.4,0
813,La Pastora,,Hispania Baetica,Spain,Córdoba,Azuaga-Fuenteovejuna,,,CO 25,879.0,464.6,405.4,38.23469858,-5.23558598,100.0,"Converted in QGIS from Lambert coords, Madrid 1870",,,,,,,FALSE,0.0,0.0,1.0,0.0,0.0,0.0,0.0,0.0,,Domergue 1990: 46,0.0,1.0,False,False,False,0.0,0.0,0.0,0.0,,Hard rock,Primary,,0,No,0,No,1,Confirmado,0,No,0,No,0,No,0,No,0,1,0,0,1.0,0.9,1.0,0.965,Alta Certeza (Grado I),519.0,Gneises; esquistos; marmoles y vulcanitas,"Cuarcitas, gneises, esquistos, pizarras y grauwacas",PROTEROZOICO-PALEOZOICO,RIFEENSE-VENDIENSE-CAMBRICO, ,304336.9833161916,4234218.93029976,7451.1,3488.0,0
814,La Pedreda,,Hispania Tarraconensis,Spain,León,Cuencas del Turienzo y Jerega,,TJ-21,,,,,42.466681,-6.234659,1000.0,"Guessed from Sanchez-Palencia and Orejas 1994, fig. 17 and Google Earth",,,,,,,TRUE,0.0,0.0,0.0,0.0,0.0,0.0,0.0,0.0,,"Sanchez-Palencia and Orejas 1994, 202",1.0,0.0,True,,,,,,,,,Secondary,Extensive,1,Confirmado,0,No,0,No,0,No,0,No,0,No,0,No,1,0,1,0,0.7,0.9,1.0,0.845,Alta Certeza (Grado I),1049.0,Cuarcitas; pizarras; areniscas; calizas y vulcanitas,"Areniscas, pizarras, cuarcitas o calizas y conglomerados",PALEOZOICO,CAMBRICO-ORDOVICICO, ,234066.82350978593,4706664.4539557565,24787.9,25784.8,0
816,La Peña,,Hispania Tarraconensis,Spain,Oviedo,Asturias,,,O 18,53.0,430.0,966.0,43.27946179,-5.781417689,100.0,"Converted in QGIS from Lambert coords, Madrid 1870",,,,,,,FALSE,0.0,0.0,0.0,0.0,0.0,1.0,0.0,0.0,,Domergue 1990: 42,,,False,False,False,0.0,0.0,0.0,,,,,,0,No,0,No,0,No,0,No,1,Confirmado,0,No,0,No,0,0,0,0,1.0,0.9,1.0,0.965,Alta Certeza (Grado I),631.0,Conglomerados; areniscas; pizarras; calizas y vulcanitas; Carbon,"Pizarras, areniscas, conglomerados, carbón y calizas",PALEOZOICO,CARBONIFERO, ,274315.93140989187,4795606.261207182,810.4,810.4,32
817,La Perdiz,,Hispania Baetica,Spain,Badajoz,La Serena,,,BA 56,804.0,404.1,455.1,38.67107372,-5.94122217,100.0,"Converted in QGIS from Lambert coords, Madrid 1870",,,,,,,FALSE,1.0,1.0,0.0,0.0,0.0,0.0,0.0,0.0,,Domergue 1990: 45,,,False,False,False,0.0,0.0,0.0,,,Hard rock,Primary,,0,No,1,Confirmado,0,No,1,Confirmado,0,No,0,No,0,No,0,0,0,0,1.0,0.9,1.0,0.965,Alta Certeza (Grado I),480.0,Cuarcitas; pizarras; areniscas; calizas y vulcanitas,"Pizarras, areniscas, cuarcitas y calizas o rocas vulcanoclásticas",PALEOZOICO,ORDOVICICO, ,244114.56915120367,4284382.216405956,2009.9,147.2,11
818,La Pililla,,Hispania Baetica,Spain,Córdoba,Los Pedroches,,,CO 48,859.0,502.7,426.0,38.42553505,-4.80309575,100.0,"Converted in QGIS from Lambert coords, Madrid 1870",,,,,,,FALSE,0.0,0.0,1.0,0.0,0.0,0.0,0.0,0.0,,Domergue 1990: 48,,,False,False,False,0.0,0.0,0.0,,,Hard rock,Primary,,0,No,0,No,1,Confirmado,0,No,0,No,0,No,0,No,0,0,0,0,1.0,0.9,1.0,0.965,Alta Certeza (Grado I),630.0,Granitoides de emplazamiento epi-mesozonal,Granitoides biotíticos,PALEOZOICO,DEVONICO-CARBONIFERO-PERMICO,ROCAS PLUTONICAS HERCINICAS,342606.17486844386,4254570.210260501,6646.5,7419.3,0
820,La Posidilla,,Hispania Baetica,Spain,Córdoba,Los Pedroches,,,CO 107,881.0,520.5,411.0,38.2921275,-4.59735153,100.0,"Converted in QGIS from Lambert coords, Madrid 1870",,,,,,,FALSE,0.0,0.0,1.0,0.0,0.0,0.0,0.0,0.0,,Domergue 1990: 48,,,False,False,False,0.0,0.0,0.0,,,Hard rock,Primary,,0,No,0,No,1,Confirmado,0,No,0,No,0,No,0,No,0,0,0,0,1.0,0.9,1.0,0.965,Alta Certeza (Grado I),669.0,Granitoides de emplazamiento epi-mesozonal,Granitoides biotíticos,PALEOZOICO,DEVONICO-CARBONIFERO-PERMICO,ROCAS PLUTONICAS HERCINICAS,360310.7114225409,4239434.781619053,1172.7,5669.8,21
821,La Preciosa,,Hispania Baetica,Spain,Sevilla,Sevilla,,,SE 13,942.0,454.0,348.3,37.71833119,-5.344590145,100.0,"Converted in QGIS from Lambert coords, Madrid 1870",,,,,,,FALSE,0.0,0.0,1.0,0.0,0.0,0.0,0.0,0.0,,Domergue 1990: 48,,,False,False,False,0.0,0.0,0.0,,,Hard rock,Primary,,0,No,0,No,1,Confirmado,0,No,0,No,0,No,0,No,0,0,0,0,1.0,0.9,1.0,0.965,Alta Certeza (Grado I),102.0,Conglomerados; areniscas; arcillas; calizas y evaporitas; Vulcanitas basicas,"Conglomerados, arenas, arrecifes, limos amarillos, yesos y sales haloideas. Conglomerados, arenas y calizas lacustres",CENOZOICO,NEOGENO, ,293351.7697484825,4177151.5215113196,11792.9,9491.6,0
822,La Presa,,Hispania Tarraconensis,Spain,León,Valduerna,,DU-11,LE 18,192.0,376.4,862.0,42.345102,-6.32875,100.0,"Estimated from Sanchez-Palencia and Orejas 1994, fig. 17 and Google Earth",,,,,,,TRUE,0.0,0.0,0.0,0.0,0.0,0.0,0.0,0.0,,"Domergue 1990: 43; Sanchez-Palencia and Orejas 1994, 192",1.0,0.0,True,False,True,0.0,1.0,0.0,0.0,"Rake/comb workings, channels, and stone dumps",Tertiary alluvium,Secondary,Selective - Extensive,1,Confirmado,0,No,0,No,0,No,0,No,0,No,0,No,1,0,1,0,1.0,1.0,1.0,1.0,Alta Certeza (Grado I),1266.0,Cuarcitas; pizarras; areniscas; calizas y vulcanitas,"Ortocuarcitas, areniscas y pizarras",PALEOZOICO,ORDOVICICO, ,225800.89234538696,4693462.131111072,36776.8,36223.7,0
823,La Presa,,Hispania Tarraconensis,Spain,Oviedo,Cuenca del Navia,,NV-46,,,,,43.184306,-6.774191,500.0,"Placename, Google Earth.",,,,,,,TRUE,0.0,0.0,0.0,0.0,0.0,0.0,0.0,0.0,,"Sanchez-Palencia and Orejas 1994, 200",1.0,0.0,True,,,,,,,,,Secondary,Extensive,1,Confirmado,0,No,0,No,0,No,0,No,0,No,0,No,1,0,1,0,0.85,0.9,1.0,0.905,Alta Certeza (Grado I),551.0,Cuarcitas; pizarras; areniscas; calizas y vulcanitas,"Pizarras, areniscas, cuarcitas y calizas o rocas vulcanoclásticas",PALEOZOICO,ORDOVICICO, ,193278.64751363348,4788200.593166995,4914.7,4558.6,1
824,La Profunda,,Hispania Tarraconensis,Spain,León,León,,,LE 6,103.0,443.4,930.4,42.9619103,-5.607018598,100.0,"Converted in QGIS from Lambert coords, Madrid 1870",,,,,,,FALSE,0.0,0.0,1.0,0.0,0.0,0.0,0.0,0.0,,Domergue 1990: 43,,,False,False,False,0.0,0.0,0.0,,,Hard rock,,,0,No,0,No,1,Confirmado,0,No,0,No,0,No,0,No,0,0,0,0,1.0,0.9,1.0,0.965,Alta Certeza (Grado I),1420.0,Conglomerados; areniscas; pizarras; calizas y vulcanitas; Carbon,"Pizarras, areniscas, conglomerados, carbón y calizas",PALEOZOICO,CARBONIFERO, ,287369.6665379981,4759882.981905373,194.5,243.8,45
825,La Puebla,,Hispania Tarraconensis,Spain,León,Cuenca Alta del Orbigo,,AO-10,,,,,42.785947,-6.033642,500.0,"Estimated from Sanchez-Palencia and Orejas 1994, fig. 15, IGN map placename, and Google Earth",,,,,,,TRUE,0.0,0.0,0.0,0.0,0.0,0.0,0.0,0.0,,"Sanchez-Palencia and Orejas 1994, 188",1.0,0.0,True,,,,,,,,,Secondary,Selective,1,Confirmado,0,No,0,No,0,No,0,No,0,No,0,No,1,0,1,0,0.85,0.9,1.0,0.905,Alta Certeza (Grado I),1076.0,Gneises; esquistos; marmoles y vulcanitas,"Pizarras, grauwacas, conglomerados o porfiroides",PROTEROZOICO, , ,251867.11035482612,4741509.235601796,5699.0,5371.9,0
826,La Quemada,,Hispania Tarraconensis,Spain,Orense,Cuenca del Bibei,,,OR 12,266.0,322.6,849.6,42.20250611,-7.048953572,100.0,"Converted in QGIS from Lambert coords, Madrid 1870",,,,,,,TRUE,0.0,0.0,0.0,0.0,0.0,0.0,0.0,0.0,"""Rafas"" or open trenches",Domergue 1990: 40,1.0,0.0,False,,,,,,,,Hard rock,,,1,Confirmado,0,No,0,No,0,No,0,No,0,No,0,No,0,0,1,0,1.0,0.9,1.0,0.965,Alta Certeza (Grado I),1196.0,Granitoides de emplazamiento meso-catazonal,Granitoides peraluminicos (marco colisional),PROTEROZOICO, ,ROCAS PLUTONICAS PREHERCINICAS,165713.08041735942,4680202.1161023155,48984.5,49638.3,0
827,La Reforma,,Hispania Baetica,Spain,Huelva,Huelva,,,H 51,939.0,370.2,357.7,37.78495938,-6.29814114,100.0,"Converted in QGIS from Lambert coords, Madrid 1870",,,,,,,FALSE,0.0,0.0,1.0,0.0,0.0,0.0,0.0,0.0,,Domergue 1990: 61,,,False,False,False,0.0,0.0,0.0,,,Pyrite,Primary,,0,No,0,No,1,Confirmado,0,No,0,No,0,No,0,No,0,0,0,0,1.0,0.9,1.0,0.965,Alta Certeza (Grado I),479.0,Plutonismo orogeénico calcoalcalino toleitico,Granitoides s.l. indiferenciado,PALEOZOICO,DEVONICO-CARBONIFERO-PERMICO,ROCAS PLUTONICAS HERCINICAS,209548.1775154756,4187081.4478470185,2502.7,4918.1,5
828,La Reguera de las Llastras,,Hispania Tarraconensis,Spain,León,Cuencas del Turienzo y Jerega,,TJ-20,,,,,42.474926,-6.23992,500.0,"Estimated from Sanchez-Palencia and Orejas 1994, fig. 17 and Google Earth",,,,,,,TRUE,0.0,0.0,0.0,0.0,0.0,0.0,0.0,0.0,,"Sanchez-Palencia and Orejas 1994, 202",1.0,0.0,True,,,,,,,,,Secondary,Selective,1,Confirmado,0,No,0,No,0,No,0,No,0,No,0,No,1,0,1,0,0.85,0.9,1.0,0.905,Alta Certeza (Grado I),1070.0,Cuarcitas; pizarras; areniscas; calizas y vulcanitas,"Areniscas, pizarras, cuarcitas o calizas y conglomerados",PALEOZOICO,CAMBRICO-ORDOVICICO, ,233669.2542691871,4707596.612213672,23803.2,24780.8,0
829,La Romana,,Hispania Baetica,Spain,Córdoba,Los Pedroches,,,CO 93,859.0,507.1,417.3,38.34758658,-4.75148252,100.0,"Converted in QGIS from Lambert coords, Madrid 1870",,,,,,,FALSE,0.0,0.0,1.0,0.0,0.0,0.0,0.0,0.0,,Domergue 1990: 48,,,False,False,False,0.0,0.0,0.0,,,Hard rock,Primary,,0,No,0,No,1,Confirmado,0,No,0,No,0,No,0,No,0,0,0,0,1.0,0.9,1.0,0.965,Alta Certeza (Grado I),641.0,Granitoides de emplazamiento epi-mesozonal,Granitoides biotíticos,PALEOZOICO,DEVONICO-CARBONIFERO-PERMICO,ROCAS PLUTONICAS HERCINICAS,346947.6170119373,4245833.2690541465,3816.1,9512.1,4
830,La Romana,,Hispania Tarraconensis,Spain,Ciudad Real,Alcudia,,,CR 12,835.0,541.7,448.8,38.63461989,-4.35810314,100.0,"Converted in QGIS from Lambert coords, Madrid 1870",,,,,,,FALSE,1.0,1.0,0.0,0.0,0.0,0.0,0.0,0.0,,Domergue 1990: 46,0.0,1.0,False,False,False,0.0,0.0,0.0,0.0,,,,,0,No,1,Confirmado,0,No,1,Confirmado,0,No,0,No,0,No,0,1,0,0,1.0,0.9,1.0,0.965,Alta Certeza (Grado I),741.0,Gneises; esquistos; marmoles y vulcanitas,"Pizarras, grauwacas, conglomerados o porfiroides",PROTEROZOICO, , ,381794.57153078413,4277105.998489698,936.6,936.6,38
831,La Romanera,,Hispania Baetica,Spain,Huelva,Huelva,,,H 37,936.0,278.4,350.2,37.68835401,-7.33637486,100.0,"Converted in QGIS from Lambert coords, Madrid 1870",,,,,,,FALSE,0.0,0.0,1.0,0.0,0.0,0.0,0.0,0.0,,Domergue 1990: 62,,,False,False,False,0.0,0.0,0.0,,,Pyrite,Primary,,0,No,0,No,1,Confirmado,0,No,0,No,0,No,0,No,0,0,0,0,1.0,0.9,1.0,0.965,Alta Certeza (Grado I),151.0,Areniscas; pizarras y calizas,"Areniscas, pizarras, calizas, cuarcitas y rocas vulcanoclásticas",PALEOZOICO,DEVONICO-CARBONIFERO, ,117579.46762679977,4180095.1932767984,2300.7,479.2,11
832,La Rozada,,Hispania Tarraconensis,Spain,Oviedo,Cuenca del Narcea,,NA-41,,,,,43.287769,-6.270359,1000.0,"Estimated from Sanchez-Palencia and Orejas 1994, fig. 13, and Google Earth",,,,,,,TRUE,0.0,0.0,0.0,0.0,0.0,0.0,0.0,0.0,,"Sanchez-Palencia and Orejas 1994, 198",,,,,,,,,,,,Primary,Extensive,1,Confirmado,0,No,0,No,0,No,0,No,0,No,0,No,0,0,0,0,0.7,0.9,1.0,0.845,Alta Certeza (Grado I),804.0,Cuarcitas; pizarras; areniscas; calizas y vulcanitas,"Areniscas, pizarras, cuarcitas o calizas y conglomerados",PALEOZOICO,CAMBRICO-ORDOVICICO, ,234676.97209390474,4797966.709750587,8052.0,6487.4,0
833,La Serrana,,Hispania Baetica,Spain,Badajoz,Azuaga-Fuenteovejuna,,,BA 9,878.0,419.3,402.6,38.20118577,-5.75247022,100.0,"Converted in QGIS from Lambert coords, Madrid 1870",,,,,,,FALSE,1.0,1.0,0.0,0.0,0.0,0.0,0.0,0.0,,Domergue 1990: 46,0.0,1.0,False,False,False,0.0,0.0,0.0,0.0,,Hard rock,Primary,,0,No,1,Confirmado,0,No,1,Confirmado,0,No,0,No,0,No,0,1,0,0,1.0,0.9,1.0,0.965,Alta Certeza (Grado I),485.0,Gneises; esquistos; marmoles y vulcanitas,"Cuarcitas, gneises, esquistos, pizarras y grauwacas",PROTEROZOICO-PALEOZOICO,RIFEENSE-VENDIENSE-CAMBRICO, ,258980.15405005778,4231719.153324434,8002.5,3167.3,0
836,La Torrecilla,,Hispania Tarraconensis,Spain,Jaén,Linares - La Carolina,,,J 17,884.0,604.6,407.4,38.26331517,-3.63534127,100.0,"Converted in QGIS from Lambert coords, Madrid 1870",,,,,,,FALSE,1.0,1.0,0.0,0.0,0.0,0.0,0.0,0.0,,Domergue 1990: 45,0.0,1.0,False,False,False,0.0,0.0,0.0,0.0,,Hard rock,,,0,No,1,Confirmado,0,No,1,Confirmado,0,No,0,No,0,No,0,1,0,0,1.0,0.9,1.0,0.965,Alta Certeza (Grado I),534.0,Conglomerados; areniscas; arcillas; calizas y evaporitas; Vulcanitas basicas,"Conglomerados, arenas, arrecifes, limos amarillos, yesos y sales haloideas. Conglomerados, arenas y calizas lacustres",CENOZOICO,NEOGENO, ,444418.5079019799,4235221.885707063,6718.2,2004.2,0
837,La Vallada,,Hispania Tarraconensis,Spain,León,Cuenca media del Sil,,MS-070,,,,,42.41317,-6.665928,500.0,"Guessed from Google Earth, IGN map, and Sanchez-Palencia and Orejas 1994, fig. 16",,,,,,,TRUE,0.0,0.0,0.0,0.0,0.0,0.0,0.0,0.0,,"Sanchez-Palencia and Orejas 1994, 196",1.0,0.0,True,,,,,,,,,Secondary,Selective,1,Confirmado,0,No,0,No,0,No,0,No,0,No,0,No,1,0,1,0,0.85,0.9,1.0,0.905,Alta Certeza (Grado I),538.0,Cuarcitas; pizarras; areniscas; calizas y vulcanitas,"Pizarras, areniscas, cuarcitas y calizas o rocas vulcanoclásticas",PALEOZOICO,ORDOVICICO, ,198349.60936160607,4702165.123823293,27296.3,27514.6,0
838,La Vega Grande,,Hispania Tarraconensis,Spain,León,Sierra del Teleno,,TE-04,,,,,42.344753,-6.386178,200.0,"Estimated from Sanchez-Palencia and Orejas 1994, fig. 17, IGN map, and Google Earth",,,,,,,TRUE,0.0,0.0,0.0,0.0,0.0,0.0,0.0,0.0,Large reservoir for collecting meltwater.,"Sanchez-Palencia and Orejas 1994, 201",1.0,0.0,True,,,,,,,,,Secondary,Extensive,1,Confirmado,0,No,0,No,0,No,0,No,0,No,0,No,1,0,1,0,0.85,0.9,1.0,0.905,Alta Certeza (Grado I),2082.0,Cuarcitas; pizarras; areniscas; calizas y vulcanitas,"Ortocuarcitas, areniscas y pizarras",PALEOZOICO,ORDOVICICO, ,221068.32020216313,4693610.331030239,36540.6,35726.9,0
839,La Veguellina de Cepeda,,Hispania Tarraconensis,Spain,León,Cuenca Alta del Tuerto,,AT-24,,,,,42.641016,-6.015349,500.0,"Estimated from Sanchez-Palencia and Orejas 1994, fig. 15, and Google Earth",,,,,,,TRUE,0.0,0.0,0.0,0.0,0.0,0.0,0.0,0.0,,"Sanchez-Palencia and Orejas 1994, 190",1.0,0.0,True,,,,,,,,,Secondary,Extensive,1,Confirmado,0,No,0,No,0,No,0,No,0,No,0,No,1,0,1,0,0.85,0.9,1.0,0.905,Alta Certeza (Grado I),1002.0,Conglomerados; areniscas; arcillas; calizas y evaporitas; Vulcanitas basicas,"Conglomerados, areniscas, arenas arcósicas, arcillas, calizas y yesos",CENOZOICO,NEOGENO, ,252788.34797566832,4725360.192487266,4186.7,20378.1,1
840,La Victoria,,Hispania Tarraconensis,Spain,Ciudad Real,Alcudia,,,CR 11,809.0,539.4,468.6,38.8129877,-4.38632405,100.0,"Converted in QGIS from Lambert coords, Madrid 1870",,,,,,,FALSE,1.0,1.0,0.0,0.0,0.0,0.0,0.0,0.0,,Domergue 1990: 46,0.0,1.0,False,False,False,0.0,0.0,0.0,0.0,,,,,0,No,1,Confirmado,0,No,1,Confirmado,0,No,0,No,0,No,0,1,0,0,1.0,0.9,1.0,0.965,Alta Certeza (Grado I),634.0,Gneises; esquistos; marmoles y vulcanitas,"Pizarras, grauwacas, conglomerados o porfiroides",PROTEROZOICO, , ,379637.8623095974,4296936.737672924,2156.6,2380.6,30
841,La Viliella,,Hispania Tarraconensis,Spain,Oviedo,Cuenca del Navia,,NV-03,,,,,42.986524,-6.637741,1000.0,"Placename ""La Viliella"""" on Googe Earth.""",,,,,,,TRUE,0.0,0.0,0.0,0.0,0.0,0.0,0.0,0.0,,"Sanchez-Palencia and Orejas 1994, 199",,,,,,,,,,,,Primary,Extensive,1,Confirmado,0,No,0,No,0,No,0,No,0,No,0,No,0,0,0,0,0.7,0.9,1.0,0.845,Alta Certeza (Grado I),845.0,Cuarcitas; pizarras; areniscas; calizas y vulcanitas,"Areniscas, pizarras, cuarcitas o calizas y conglomerados",PALEOZOICO,CAMBRICO-ORDOVICICO, ,203414.6764487698,4765742.327795719,1084.0,2448.7,42
842,La Zarza,,Hispania Baetica,Spain,Huelva,Huelva,,,H 19,938.0,321.3,350.9,37.70942825,-6.85041111,100.0,"Converted in QGIS from Lambert coords, Madrid 1870",,,,,,,FALSE,0.0,0.0,1.0,0.0,0.0,0.0,0.0,0.0,,Domergue 1990: 62,0.0,1.0,False,False,False,0.0,0.0,0.0,0.0,,Pyrite,Primary,,0,No,0,No,1,Confirmado,0,No,0,No,0,No,0,No,0,1,0,0,1.0,0.9,1.0,0.965,Alta Certeza (Grado I),210.0,Conglomerados; areniscas; pizarras; calizas y vulcanitas; Carbon,Vulcanitas y rocas vulcanoclásticas,PALEOZOICO,CARBONIFERO, ,160549.82439733995,4180558.7610894255,8324.2,8380.5,0
843,Lagar de la Cruz,,Hispania Baetica,Spain,Córdoba,Córdoba,,,CO 46,923.0,500.4,372.1,37.9393854,-4.821597,100.0,"Converted in QGIS from Lambert coords, Madrid 1870",,,,,,,FALSE,0.0,0.0,1.0,0.0,0.0,0.0,0.0,0.0,,Domergue 1990: 47,,,False,False,False,0.0,0.0,0.0,,,Hard rock,,,0,No,0,No,1,Confirmado,0,No,0,No,0,No,0,No,0,0,0,0,1.0,0.9,1.0,0.965,Alta Certeza (Grado I),566.0,Cuarcitas; pizarras; areniscas; calizas y vulcanitas,Calizas y dolomías,PALEOZOICO,CAMBRICO, ,339930.45545341534,4200654.486792197,3880.3,957.1,7
844,Lago,,Hispania Tarraconensis,Spain,Orense,Cuenca media del Miño,,MM-09,OR 6,187.0,242.0,875.8,42.40685074,-8.039627332,100.0,"Converted in QGIS from Lambert coords, Madrid 1870",,,,,,,TRUE,0.0,0.0,0.0,0.0,0.0,0.0,0.0,0.0,,"Domergue 1990: 40; Sanchez-Palencia and Orejas 1994, 194",,,,,,,,,,,Hard rock,Primary,Extensive,1,Confirmado,0,No,0,No,0,No,0,No,0,No,0,No,0,0,0,0,1.0,1.0,1.0,1.0,Alta Certeza (Grado I),406.0,Granitoides de emplazamiento meso-catazonal,Granitoides de dos micas,PALEOZOICO,DEVONICO-CARBONIFERO-PERMICO,ROCAS PLUTONICAS HERCINICAS,85250.41111884057,4707267.798802055,44818.8,34745.7,0
845,Lago,,Hispania Tarraconensis,Spain,Oviedo,Cuenca del Navia,,NV-42,,,,,43.243693,-6.730794,1000.0,"Placename, Google Earth.",,,,,,,TRUE,0.0,0.0,0.0,0.0,0.0,0.0,0.0,0.0,,"Sanchez-Palencia and Orejas 1994, 200",1.0,0.0,True,,,,,,,,,Secondary,Selective,1,Confirmado,0,No,0,No,0,No,0,No,0,No,0,No,1,0,1,0,0.7,0.9,1.0,0.845,Alta Certeza (Grado I),665.0,Cuarcitas; pizarras; areniscas; calizas y vulcanitas,"Pizarras, areniscas, cuarcitas y calizas o rocas vulcanoclásticas",PALEOZOICO,ORDOVICICO, ,197100.2639424067,4794638.235801257,10464.5,8346.0,0
848,Lagos de Salave / Lagos de Silva,,Hispania Tarraconensis,Spain,Oviedo,Cuenca del Porcia,,PO-19,O 23,10.0,339.3,1000.5,43.56532899,-6.912913527,100.0,"Converted in QGIS from Lambert coords, Madrid 1870","""on the Cantabrian coast, a league and a half to the east of Ribadeo"". (Borlase 1897)",,,,,,TRUE,0.0,0.0,0.0,1.0,0.0,0.0,0.0,0.0,,"Borlase 1897: 14–15; Domergue 1990: 42; Sanchez-Palencia and Orejas 1994, 201",1.0,0.0,,,,,,,,,"Borlase says this is a tin mine, and does not mention gold.",Hard rock,,1,Confirmado,0,No,0,No,0,No,0,No,1,Confirmado,0,No,0,0,1,0,1.0,1.0,1.0,1.0,Alta Certeza (Grado I),46.0,Conglomerados; areniscas; arcillas; calizas y evaporitas; Vulcanitas basicas,"Conglomerados, areniscas, arcillas, calizas y/o yesos",CENOZOICO,NEOGENO-CUATERNARIO, ,183991.8304042443,4831039.384821126,3968.4,1279.9,2
849,Lagueiro I,,Hispania Tarraconensis,Spain,Oviedo,Cuenca del Navia,,NV-22,,,,,43.02386,-6.86042,100.0,"Google Earth and Sanchez-Palencia and Orejas 1994, fig. 13.",probably same as Domergue Rio Ibias,,,,,,TRUE,0.0,0.0,0.0,0.0,0.0,0.0,0.0,0.0,,"Sanchez-Palencia and Orejas 1994, 199",1.0,0.0,True,,,,,,,,,Secondary,Extensive,1,Confirmado,0,No,0,No,0,No,0,No,0,No,0,No,1,0,1,0,1.0,0.9,1.0,0.965,Alta Certeza (Grado I),322.0,Cuarcitas; pizarras; areniscas; calizas y vulcanitas,Pizarras y areniscas,PALEOZOICO,ORDOVICICO, ,185448.6042779166,4770700.321555326,1099.4,2754.3,28
850,Lagueiro II,,Hispania Tarraconensis,Spain,Oviedo,Cuenca del Navia,,NV-21,,,,,43.021935,-6.857337,100.0,"Google Earth and Sanchez-Palencia and Orejas 1994, fig. 13.",,,,,,,TRUE,0.0,0.0,0.0,0.0,0.0,0.0,0.0,0.0,,"Sanchez-Palencia and Orejas 1994, 199",1.0,0.0,True,,,,,,,,,Secondary,Extensive,1,Confirmado,0,No,0,No,0,No,0,No,0,No,0,No,1,0,1,0,1.0,0.9,1.0,0.965,Alta Certeza (Grado I),309.0,Cuarcitas; pizarras; areniscas; calizas y vulcanitas,Pizarras y areniscas,PALEOZOICO,ORDOVICICO, ,185690.0012520104,4770474.956372997,1197.4,2645.1,29
851,Laguna de Valseco,,Hispania Tarraconensis,Spain,León,Cuencas del Turienzo y Jerega,,TJ-23?,LE 39,192.0,393.2,877.8,42.478356,-6.201948,50.0,"Converted in QGIS from Lambert coords, Madrid 1870, adjusted with Google Earth.",,,,,,,TRUE,0.0,0.0,0.0,0.0,0.0,0.0,0.0,0.0,,Domergue 1990: 43,,,,,,,,,,,Tertiary alluvium,,,1,Confirmado,0,No,0,No,0,No,0,No,0,No,0,No,0,0,0,0,1.0,1.0,1.0,1.0,Alta Certeza (Grado I),1026.0,Conglomerados; areniscas; arcillas; calizas y evaporitas; Vulcanitas basicas,"Conglomerados, areniscas, arenas arcósicas, arcillas, calizas y yesos",CENOZOICO,NEOGENO, ,236805.34334415535,4707858.89816514,24204.9,25360.2,0
853,Lamelas,,Hispania Tarraconensis,Spain,Orense,Cuenca media del Miño,,MM-16,,,,,42.251258,-7.590977,500.0,"Google Earth, placename",,,,,,,TRUE,0.0,0.0,0.0,0.0,0.0,0.0,0.0,0.0,,"Sanchez-Palencia and Orejas 1994, 194",1.0,0.0,True,,,,,,,,,Secondary,Selective - Extensive,1,Confirmado,0,No,0,No,0,No,0,No,0,No,0,No,1,0,1,0,0.85,0.9,1.0,0.905,Alta Certeza (Grado I),576.0,Conglomerados; gravas; arenas y limos,"Conglomerados, gravas, arenas, areniscas, limos y arcillas. Terrazas fluviales y marinas",CENOZOICO,CUATERNARIO, ,121246.3119007147,4687888.2158191055,41773.3,41773.3,0
854,Lanestosa,,Hispania Tarraconensis,Spain,Bilbao,Lanestosa,,,BI 1,60.0,620.5,958.5,43.22968462,-3.43570562,100.0,"Converted in QGIS from Lambert coords, Madrid 1870",,,,,,,FALSE,0.0,1.0,0.0,0.0,0.0,0.0,1.0,0.0,Calamine was also mined here.,Domergue 1990: 64,0.0,1.0,False,False,False,0.0,0.0,0.0,0.0,,,,,0,No,0,No,0,No,1,Confirmado,0,No,0,No,0,No,0,1,0,0,1.0,0.9,1.0,0.965,Alta Certeza (Grado I),595.0,Calizas; dolomias y margas; Areniscas,"Margas y margocalizas. Margas arcillosas turbidíticas. Calizas arenosas, areniscas, arenas y margas.",MESOZOICO,CRETACICO, ,464618.899239465,4786413.538465174,27612.0,14552.4,0
855,Las Alquitones,,Hispania Baetica,Spain,Badajoz,Azuaga-Fuenteovejuna,,,BA 19,878.0,435.4,403.1,38.20890437,-5.56870248,100.0,"Converted in QGIS from Lambert coords, Madrid 1870",,,,,,,FALSE,1.0,1.0,0.0,0.0,0.0,0.0,0.0,0.0,,Domergue 1990: 46,0.0,1.0,False,False,False,0.0,0.0,0.0,0.0,,Hard rock,Primary,,0,No,1,Confirmado,0,No,1,Confirmado,0,No,0,No,0,No,0,1,0,0,1.0,0.9,1.0,0.965,Alta Certeza (Grado I),460.0,Gneises; esquistos; marmoles y vulcanitas,"Cuarcitas, gneises, esquistos, pizarras y grauwacas",PROTEROZOICO-PALEOZOICO,RIFEENSE-VENDIENSE-CAMBRICO, ,275098.1791008406,4232113.265188047,3286.8,5321.8,5
856,Las Balinas,,Hispania Tarraconensis,Spain,León,Cuencas de Cúa y Burbia,,CB-15,,,,,42.722711,-6.738225,1000.0,"Estimated from Sanchez-Palencia and Orejas 1994, fig. 14, and Google Earth",,,,,,,TRUE,0.0,0.0,0.0,0.0,0.0,0.0,0.0,0.0,,"Sanchez-Palencia and Orejas 1994, 191",1.0,0.0,True,,,,,,,,,Secondary,Extensive,1,Confirmado,0,No,0,No,0,No,0,No,0,No,0,No,1,0,1,0,0.7,0.9,1.0,0.845,Alta Certeza (Grado I),889.0,Cuarcitas; pizarras; areniscas; calizas y vulcanitas,"Pizarras, areniscas, cuarcitas y calizas o rocas vulcanoclásticas",PALEOZOICO,ORDOVICICO, ,193919.34124319738,4736802.448893747,629.6,1380.7,51
857,Las Cárcabas de Bustantigo,,Hispania Tarraconensis,Spain,Oviedo,Cuenca del Navia,,NV-77,,,,,43.358364,-6.693805,0.0,Google Earth and IGN map.,,,,,,,TRUE,0.0,0.0,0.0,0.0,0.0,0.0,0.0,0.0,,"Sanchez-Palencia and Orejas 1994, 201",1.0,0.0,True,True,False,0.0,0.0,0.0,0.0,,,Primary,Extensive,1,Confirmado,0,No,0,No,0,No,0,No,0,No,0,No,1,0,1,0,1.0,0.9,1.0,0.965,Alta Certeza (Grado I),814.0,Cuarcitas; pizarras; areniscas; calizas y vulcanitas,"Pizarras, areniscas, cuarcitas y calizas o rocas vulcanoclásticas",PALEOZOICO,ORDOVICICO, ,200667.5453122714,4807241.015423153,11017.8,10532.5,0
859,Las Coronas,,Hispania Tarraconensis,Spain,León,Cuencas de Cúa y Burbia,,CB-37,,,,,42.633493,-6.861837,500.0,"Estimated from Sanchez-Palencia and Orejas 1994, fig. 14, IGN map, and Google Earth",,,,,,,TRUE,0.0,0.0,0.0,0.0,0.0,0.0,0.0,0.0,,"Sanchez-Palencia and Orejas 1994, 192",1.0,0.0,True,,,,,,,,,Secondary,Extensive,1,Confirmado,0,No,0,No,0,No,0,No,0,No,0,No,1,0,1,0,0.85,0.9,1.0,0.905,Alta Certeza (Grado I),733.0,Cuarcitas; pizarras; areniscas; calizas y vulcanitas,"Areniscas, pizarras, cuarcitas o calizas y conglomerados",PALEOZOICO,CAMBRICO-ORDOVICICO, ,183343.52878091583,4727349.808350328,3011.6,4970.0,10
860,Las Cuevas,,Hispania Tarraconensis,Spain,Ciudad Real,Alcudia,,,CR 4,808.0,506.8,469.5,38.81817985,-4.76211797,100.0,"Converted in QGIS from Lambert coords, Madrid 1870",,,,,,,FALSE,0.0,0.0,0.0,0.0,0.0,1.0,0.0,0.0,,Domergue 1990: 46,,,False,False,False,0.0,0.0,0.0,,,,,,0,No,0,No,0,No,0,No,1,Confirmado,0,No,0,No,0,0,0,0,1.0,0.9,1.0,0.965,Alta Certeza (Grado I),543.0,Areniscas; pizarras y calizas,"Ampelitas, cuarcitas, liditas y rocas vulcanoclásticas",PALEOZOICO,SILURICO, ,347020.1531621413,4298075.002958503,1278.9,464.3,21
865,Las Gandarias I,,Hispania Tarraconensis,Spain,León,Cuenca del Boeza,,BO-02,,,,,42.712221,-6.35826,0.0,"From Sanchez-Palencia and Orejas 1994, fig. 14, IGN map, and Google Earth, refined by site visit 23/09/2021.",,,,,,,TRUE,0.0,0.0,0.0,0.0,0.0,0.0,0.0,0.0,,"Sanchez-Palencia and Orejas 1994, 190",1.0,0.0,True,,,,,,,,,Secondary,Extensive,1,Confirmado,0,No,0,No,0,No,0,No,0,No,0,No,1,0,1,0,1.0,0.9,1.0,0.965,Alta Certeza (Grado I),1047.0,Cuarcitas; pizarras; areniscas; calizas y vulcanitas,Pizarras y areniscas,PALEOZOICO,ORDOVICICO, ,224986.99204520258,4734328.489433894,160.8,160.8,6
866,Las Gandarias II,,Hispania Tarraconensis,Spain,León,Cuenca del Boeza,,BO-03,,,,,42.712631,-6.367476,0.0,"From Sanchez-Palencia and Orejas 1994, fig. 14, IGN map, and Google Earth, refined by site visit 23/09/2021.",,,,,,,TRUE,0.0,0.0,0.0,0.0,0.0,0.0,0.0,0.0,,"Sanchez-Palencia and Orejas 1994, 190",1.0,0.0,True,,,,,,,,,Secondary,Extensive,1,Confirmado,0,No,0,No,0,No,0,No,0,No,0,No,1,0,1,0,1.0,0.9,1.0,0.965,Alta Certeza (Grado I),1037.0,Conglomerados; areniscas; arcillas; calizas y evaporitas; Vulcanitas basicas,"Calizas arrecifales, calcarenitas y conglomerados. Arcillas con olistolitos",CENOZOICO,NEOGENO, ,224234.02715252235,4734404.107836381,851.1,822.3,6
867,Las Grobas de Fonteta,,Hispania Tarraconensis,Spain,Oviedo,Cuenca del Navia,,NV-58,,,,,43.136053,-6.807,1000.0,"Placename, Google Earth.",,,,,,,TRUE,0.0,0.0,0.0,0.0,0.0,0.0,0.0,0.0,,"Sanchez-Palencia and Orejas 1994, 200",,,,,,,,,,,,Primary,Extensive,1,Confirmado,0,No,0,No,0,No,0,No,0,No,0,No,0,0,0,0,0.7,0.9,1.0,0.845,Alta Certeza (Grado I),542.0,Cuarcitas; pizarras; areniscas; calizas y vulcanitas,"Pizarras, areniscas, cuarcitas y calizas o rocas vulcanoclásticas",PALEOZOICO,ORDOVICICO, ,190368.1249282179,4782962.167380043,1060.4,1723.3,28
868,Las Grobas de Tremado I,,Hispania Tarraconensis,Spain,Oviedo,Cuenca del Navia,,NV-49,,,,,43.166569,-6.78908,500.0,"Placename, Google Earth, and Sanchez-Palencia and Orejas 1994, fig. 13.",,,,,,,TRUE,0.0,0.0,0.0,0.0,0.0,0.0,0.0,0.0,,"Sanchez-Palencia and Orejas 1994, 200",1.0,0.0,True,,,,,,,,,Secondary,Extensive,1,Confirmado,0,No,0,No,0,No,0,No,0,No,0,No,1,0,1,0,0.85,0.9,1.0,0.905,Alta Certeza (Grado I),306.0,Cuarcitas; pizarras; areniscas; calizas y vulcanitas,"Pizarras, areniscas, cuarcitas y calizas o rocas vulcanoclásticas",PALEOZOICO,ORDOVICICO, ,191979.26103674155,4786285.3297798,2623.0,2410.9,3
869,Las Grobas de Tremado II,,Hispania Tarraconensis,Spain,Oviedo,Cuenca del Navia,,NV-48,,,,,43.168922,-6.785964,500.0,"Placename, Google Earth, and Sanchez-Palencia and Orejas 1994, fig. 13.",,,,,,,TRUE,0.0,0.0,0.0,0.0,0.0,0.0,0.0,0.0,,"Sanchez-Palencia and Orejas 1994, 200",1.0,0.0,True,,,,,,,,,Secondary,Extensive,1,Confirmado,0,No,0,No,0,No,0,No,0,No,0,No,1,0,1,0,0.85,0.9,1.0,0.905,Alta Certeza (Grado I),317.0,Cuarcitas; pizarras; areniscas; calizas y vulcanitas,"Pizarras, areniscas, cuarcitas y calizas o rocas vulcanoclásticas",PALEOZOICO,ORDOVICICO, ,192244.4213192832,4786535.197794596,2987.2,2688.5,2
870,Las Lagunas,,Hispania Tarraconensis,Spain,León,Cuencas de Cúa y Burbia,,CB-08,,,,,42.743986,-6.826471,500.0,"Estimated from Sanchez-Palencia and Orejas 1994, fig. 14, and Google Earth",,,,,,,TRUE,0.0,0.0,0.0,0.0,0.0,0.0,0.0,0.0,,"Sanchez-Palencia and Orejas 1994, 191",,,,,,,,,,,,Primary,Extensive,1,Confirmado,0,No,0,No,0,No,0,No,0,No,0,No,0,0,0,0,0.85,0.9,1.0,0.905,Alta Certeza (Grado I),1251.0,Cuarcitas; pizarras; areniscas; calizas y vulcanitas,"Areniscas, pizarras, cuarcitas o calizas y conglomerados",PALEOZOICO,CAMBRICO-ORDOVICICO, ,186800.27412862115,4739489.43472934,913.2,1676.2,44
871,Las Lamas del Picón,,Hispania Tarraconensis,Spain,León,Cuencas de Cúa y Burbia,,CB-33,,,,,42.639734,-6.715576,500.0,"Estimated from Sanchez-Palencia and Orejas 1994, fig. 14, IGN map, and Google Earth",,,,,,,TRUE,0.0,0.0,0.0,0.0,0.0,0.0,0.0,0.0,,"Sanchez-Palencia and Orejas 1994, 192",1.0,0.0,True,,,,,,,Castro near or adjacent to mines,,Secondary,Extensive,1,Confirmado,0,No,0,No,0,No,0,No,0,No,0,No,1,0,1,0,0.85,0.9,1.0,0.905,Alta Certeza (Grado I),609.0,Conglomerados; areniscas; arcillas y calizas; Evaporitas,"Turbiditas calcáreas. Calizas, calizas arenosas, areniscas y margas arenosas",CENOZOICO,PALEOGENO-NEOGENO, ,195368.3102438947,4727504.958744638,3474.4,4063.0,3
872,Las Madroñeras,,Hispania Tarraconensis,Spain,León,Cuenca del Eria,,ER-23,,,,,42.227116,-6.253406,100.0,"Estimated from Sanchez-Palencia and Orejas 1994, fig. 17,  Fernández-Lozano et al. 2015, fig. 6, and Google Earth",,,,,,,TRUE,0.0,0.0,0.0,0.0,0.0,0.0,0.0,0.0,,"Sanchez-Palencia and Orejas 1994, 193",1.0,0.0,True,False,False,0.0,0.0,0.0,0.0,,,Secondary,Extensive,1,Confirmado,0,No,0,No,0,No,0,No,0,No,0,No,1,0,1,0,1.0,0.9,1.0,0.965,Alta Certeza (Grado I),975.0,Cuarcitas; pizarras; areniscas; calizas y vulcanitas,"Ortocuarcitas, areniscas y pizarras",PALEOZOICO,ORDOVICICO, ,231506.70768460084,4680119.179406242,50543.8,50372.5,0
873,Las Mayadicas / Arroyo de las Mayadicas,,Hispania Tarraconensis,Spain,León,Sierra del Teleno,,TE-08,,,,,42.299566,-6.315066,500.0,"Estimated from Sanchez-Palencia and Orejas 1994, fig. 17, IGN map, and Google Earth",,,,,,,TRUE,0.0,0.0,0.0,0.0,0.0,0.0,0.0,0.0,,"Sanchez-Palencia and Orejas 1994, 202",1.0,0.0,True,True,False,0.0,0.0,0.0,0.0,,,Secondary,Selective - Extensive,1,Confirmado,0,No,0,No,0,No,0,No,0,No,0,No,1,0,1,0,0.85,0.9,1.0,0.905,Alta Certeza (Grado I),1520.0,Cuarcitas; pizarras; areniscas; calizas y vulcanitas,"Ortocuarcitas, areniscas y pizarras",PALEOZOICO,ORDOVICICO, ,226730.98257603933,4688361.160368702,41907.0,41404.9,0
875,Las Médulas,,Hispania Tarraconensis,Spain,León,Cuenca media del Sil,,MS-085,LE 7,,,,42.45954964,-6.7593122,0.0,Google Earth,,1.0,225.0,50.0,250.0,,TRUE,0.0,0.0,0.0,0.0,0.0,0.0,0.0,0.0,,"Domergue 1990: 43; Sanchez-Palencia and Orejas 1994, 196; Sanchez-Palencia 2000.",1.0,0.0,True,True,False,1.0,0.0,0.0,0.0,,Tertiary alluvium,Secondary,Selective - Extensive,1,Confirmado,0,No,0,No,0,No,0,No,0,No,0,No,1,0,1,0,1.0,1.0,1.0,1.0,Alta Certeza (Grado I),809.0,Cuarcitas; pizarras; areniscas; calizas y vulcanitas,Pizarras y areniscas,PALEOZOICO,ORDOVICICO, ,190892.88824571233,4707652.340690783,23032.7,23407.8,0
876,Las Médulas de la Omañas (Miédolas),,Hispania Tarraconensis,Spain,León,Cuenca Alta del Orbigo,,AO-18,LE 15,,,,42.669059,-5.87628,0.0,Google Earth,,1.0,225.0,50.0,250.0,,TRUE,0.0,0.0,0.0,0.0,0.0,0.0,0.0,0.0,"3 main aqueducts fed this mine; one is 21.5 km long from Murias de Ponjos, and another 17.5 km from Ponjos. http://www.diariodeleon.es/noticias/cultura/identifican-mas-50-kilometros-canalizacion-romana-omana_535566.html","Domergue 1990: 42; Sanchez-Palencia and Orejas 1994, 189",0.0,0.0,True,False,True,0.0,1.0,0.0,0.0,,Alluvium and Quaternary terraces,Secondary,Selective - Extensive,1,Confirmado,0,No,0,No,0,No,0,No,0,No,0,No,1,0,1,0,1.0,1.0,1.0,1.0,Alta Certeza (Grado I),1009.0,Conglomerados; areniscas; arcillas; calizas y evaporitas; Vulcanitas basicas,"Conglomerados, areniscas, arenas arcósicas, arcillas, calizas y yesos",CENOZOICO,NEOGENO, ,264296.68010402896,4728076.984510668,3239.0,17254.2,5
878,Las Miédulas - Las Lagunas,,Hispania Tarraconensis,Spain,León,Cuencas del Turienzo y Jerega,,TJ-11,,,,,42.44679,-6.234369,500.0,"Estimated from Sanchez-Palencia and Orejas 1994, fig. 17 and Google Earth",,,,,,,TRUE,0.0,0.0,0.0,0.0,0.0,0.0,0.0,0.0,,"Sanchez-Palencia and Orejas 1994, 202",1.0,0.0,True,,,0.0,0.0,0.0,0.0,,,Secondary,Selective - Extensive,1,Confirmado,0,No,0,No,0,No,0,No,0,No,0,No,1,0,1,0,0.85,0.9,1.0,0.905,Alta Certeza (Grado I),1006.0,Cuarcitas; pizarras; areniscas; calizas y vulcanitas,"Areniscas, pizarras, cuarcitas o calizas y conglomerados",PALEOZOICO,CAMBRICO-ORDOVICICO, ,234006.4029859738,4704454.576332694,26959.5,27906.3,0
879,Las Minillas,,Hispania Tarraconensis,Spain,Badajoz,Alcudia,,,BA 45,781.0,483.2,475.1,38.86578022,-5.03505856,100.0,"Converted in QGIS from Lambert coords, Madrid 1870",,,,,,,FALSE,1.0,1.0,1.0,0.0,0.0,0.0,0.0,0.0,,Domergue 1990: 46,0.0,1.0,False,False,False,0.0,0.0,0.0,0.0,,,,,0,No,1,Confirmado,1,Confirmado,1,Confirmado,0,No,0,No,0,No,0,1,0,0,1.0,0.9,1.0,0.965,Alta Certeza (Grado I),535.0,Areniscas; pizarras y calizas,"Ampelitas, cuarcitas, liditas y rocas vulcanoclásticas",PALEOZOICO,SILURICO, ,323440.29265144625,4303850.264505269,1873.0,227.5,37
880,Las Minillas,,Hispania Baetica,Spain,Badajoz,Azuaga-Fuenteovejuna,,,BA 48,878.0,431.6,411.4,38.28298501,-5.61415806,100.0,"Converted in QGIS from Lambert coords, Madrid 1870",,,,,,,FALSE,0.0,0.0,1.0,0.0,0.0,0.0,0.0,0.0,,Domergue 1990: 46,,,False,False,False,0.0,0.0,0.0,,,Hard rock,Primary,,0,No,0,No,1,Confirmado,0,No,0,No,0,No,0,No,0,0,0,0,1.0,0.9,1.0,0.965,Alta Certeza (Grado I),543.0,Gneises; esquistos; marmoles y vulcanitas,"Cuarcitas, gneises, esquistos, pizarras y grauwacas",PROTEROZOICO-PALEOZOICO,RIFEENSE-VENDIENSE-CAMBRICO, ,271350.0618072322,4240446.461175914,438.7,860.4,8
881,Las Monjas,,Hispania Baetica,Spain,Córdoba,Los Pedroches,,,CO 122,833.0,487.3,450.1,38.64093214,-4.9835869,100.0,"Converted in QGIS from Lambert coords, Madrid 1870",,,,,,,FALSE,1.0,1.0,0.0,0.0,0.0,0.0,0.0,0.0,,Domergue 1990: 48,0.0,1.0,False,False,False,0.0,0.0,0.0,0.0,,Hard rock,Primary,,0,No,1,Confirmado,0,No,1,Confirmado,0,No,0,No,0,No,0,1,0,0,1.0,0.9,1.0,0.965,Alta Certeza (Grado I),517.0,Areniscas; pizarras y calizas,"Areniscas, pizarras, calizas, cuarcitas y rocas vulcanoclásticas",PALEOZOICO,DEVONICO-CARBONIFERO, ,327365.31650938094,4278798.100266506,2044.6,766.7,19
882,Las Moracas,,Hispania Tarraconensis,Spain,León,Cuencas de Cúa y Burbia,,CB-04,,,,,42.816687,-6.719624,0.0,"Estimated from Sanchez-Palencia and Orejas 1994, fig. 14, IGN map, and Google Earth",Stone dumps visible on Google Earth.,,,,,,TRUE,0.0,0.0,0.0,0.0,0.0,0.0,0.0,0.0,,"Sanchez-Palencia and Orejas 1994, 191",1.0,0.0,True,False,True,0.0,0.0,0.0,0.0,,,Secondary,Selective - Extensive,1,Confirmado,0,No,0,No,0,No,0,No,0,No,0,No,1,0,1,0,1.0,0.9,1.0,0.965,Alta Certeza (Grado I),868.0,Cuarcitas; pizarras; areniscas; calizas y vulcanitas,"Pizarras, areniscas, cuarcitas y calizas o rocas vulcanoclásticas",PALEOZOICO,ORDOVICICO, ,195903.3004266707,4747172.281461632,576.4,968.0,27
884,Las Morenas,,Hispania Baetica,Spain,Badajoz,Azuaga-Fuenteovejuna,,,BA 20,878.0,434.3,404.7,38.22311594,-5.58165595,100.0,"Converted in QGIS from Lambert coords, Madrid 1870",,,,,,,FALSE,1.0,1.0,0.0,0.0,0.0,0.0,0.0,0.0,,Domergue 1990: 46,0.0,1.0,False,False,False,0.0,0.0,0.0,0.0,,Hard rock,Primary,,0,No,1,Confirmado,0,No,1,Confirmado,0,No,0,No,0,No,0,1,0,0,1.0,0.9,1.0,0.965,Alta Certeza (Grado I),402.0,Gneises; esquistos; marmoles y vulcanitas,Gneises y anfibolitas,PROTEROZOICO, , ,274007.8559085985,4233722.061102202,2280.3,4546.3,10
885,Las Morras,,Hispania Baetica,Spain,Córdoba,Los Pedroches,,,CO 110,858.0,486.4,417.4,38.3460133,-4.9884477,100.0,"Converted in QGIS from Lambert coords, Madrid 1870",,,,,,,FALSE,1.0,1.0,0.0,0.0,0.0,0.0,0.0,0.0,,Domergue 1990: 48,,,False,False,False,0.0,0.0,0.0,,,Hard rock,Primary,,0,No,1,Confirmado,0,No,1,Confirmado,0,No,0,No,0,No,0,0,0,0,1.0,0.9,1.0,0.965,Alta Certeza (Grado I),641.0,Conglomerados; areniscas; pizarras; calizas y vulcanitas; Carbon,Pizarras y grauwacas; conglomerados y calizas,PALEOZOICO,DEVONICO-CARBONIFERO, ,326234.96085292345,4246078.161339129,7664.0,6421.5,0
886,Las Murias - Los Tallares,,Hispania Tarraconensis,Spain,León,Cuenca del Eria,,ER-25,LE 9,230.0,391.0,847.0,42.19946187,-6.21983439,0.0,Google Earth,Huge zone 4.6 km x 500 m worked by hydraulic mining to a depth of 10 m,,,,,,TRUE,0.0,0.0,0.0,0.0,0.0,0.0,0.0,0.0,,"Domergue 1990: 43; Sanchez-Palencia and Orejas 1994, 193",1.0,0.0,True,False,True,0.0,1.0,0.0,0.0,,Colluvial deposits and river terrace,Secondary,Selective - Extensive,1,Confirmado,0,No,0,No,0,No,0,No,0,No,0,No,1,0,1,0,1.0,1.0,1.0,1.0,Alta Certeza (Grado I),951.0,Conglomerados; gravas; arenas y limos,"Gravas, arenas, arcillas y limos. Aluvial, playas, flechas litorales",CENOZOICO,CUATERNARIO, ,234161.47481455072,4676942.873248804,54085.9,54075.3,0
887,Las Musas,,Hispania Baetica,Spain,Badajoz,Azuaga-Fuenteovejuna,,,BA 2,878.0,426.0,407.9,38.25032907,-5.67729857,100.0,"Converted in QGIS from Lambert coords, Madrid 1870",,,,,,,FALSE,1.0,1.0,0.0,0.0,0.0,0.0,0.0,0.0,,Domergue 1990: 46,0.0,1.0,False,False,False,0.0,0.0,0.0,0.0,,Hard rock,Primary,,0,No,1,Confirmado,0,No,1,Confirmado,0,No,0,No,0,No,0,1,0,0,1.0,0.9,1.0,0.965,Alta Certeza (Grado I),539.0,Gneises; esquistos; marmoles y vulcanitas,Gneises y anfibolitas,PROTEROZOICO, , ,265721.51969932695,4236980.257094629,5678.5,7466.4,0
888,Las Pedrizas de San Payo,,Hispania Tarraconensis,Spain,León,Cuencas de Cúa y Burbia,,CB-18,,,,,42.709842,-6.715109,1000.0,"Estimated from Sanchez-Palencia and Orejas 1994, fig. 14, and Google Earth",,,,,,,TRUE,0.0,0.0,0.0,0.0,0.0,0.0,0.0,0.0,,"Sanchez-Palencia and Orejas 1994, 191",1.0,0.0,True,,,,,,,,,Secondary,Extensive,1,Confirmado,0,No,0,No,0,No,0,No,0,No,0,No,1,0,1,0,0.7,0.9,1.0,0.845,Alta Certeza (Grado I),624.0,Cuarcitas; pizarras; areniscas; calizas y vulcanitas,"Pizarras, areniscas, cuarcitas y calizas o rocas vulcanoclásticas",PALEOZOICO,ORDOVICICO, ,195749.3045908978,4735289.5474469,302.8,302.8,55
889,Las Pozas,,Hispania Tarraconensis,Spain,Ciudad Real,Alcudia,,,CR 36,836.0,565.4,436.7,38.52680156,-4.08505448,100.0,"Converted in QGIS from Lambert coords, Madrid 1870",,,,,,,FALSE,1.0,1.0,0.0,0.0,0.0,0.0,0.0,0.0,,Domergue 1990: 46,0.0,1.0,False,False,False,0.0,0.0,0.0,0.0,,,,,0,No,1,Confirmado,0,No,1,Confirmado,0,No,0,No,0,No,0,1,0,0,1.0,0.9,1.0,0.965,Alta Certeza (Grado I),661.0,Gneises; esquistos; marmoles y vulcanitas,"Pizarras, grauwacas, conglomerados o porfiroides",PROTEROZOICO, , ,405419.3468852529,4264825.249214049,7271.5,753.3,0
890,Las Reguillinas,,Hispania Tarraconensis,Spain,León,Sierra del Teleno,,TE-02,,,,,42.35597,-6.386252,500.0,"Estimated from Sanchez-Palencia and Orejas 1994, fig. 17, IGN map, and Google Earth",,,,,,,TRUE,0.0,0.0,0.0,0.0,0.0,0.0,0.0,0.0,,"Sanchez-Palencia and Orejas 1994, 201",1.0,0.0,True,,,,,,,,,Secondary,Extensive,1,Confirmado,0,No,0,No,0,No,0,No,0,No,0,No,1,0,1,0,0.85,0.9,1.0,0.905,Alta Certeza (Grado I),1786.0,Cuarcitas; pizarras; areniscas; calizas y vulcanitas,"Ortocuarcitas, areniscas y pizarras",PALEOZOICO,ORDOVICICO, ,221111.87834509904,4694856.264493844,35294.4,34481.4,0
893,Las Tarafinas,,Hispania Tarraconensis,Spain,León,Cuenca del Boeza,,BO-10,,,,,42.685658,-6.396074,0.0,"From Sanchez-Palencia and Orejas 1994, fig. 14 and Google Earth, refined by site visit 23/09/2021.",,,,,,,TRUE,0.0,0.0,0.0,0.0,0.0,0.0,0.0,0.0,,"Sanchez-Palencia and Orejas 1994, 191",1.0,0.0,True,False,True,0.0,0.0,0.0,0.0,,Alluvial deposits,Secondary,Extensive,1,Confirmado,0,No,0,No,0,No,0,No,0,No,0,No,1,0,1,0,1.0,0.9,1.0,0.965,Alta Certeza (Grado I),796.0,Conglomerados; areniscas; arcillas; calizas y evaporitas; Vulcanitas basicas,"Calizas arrecifales, calcarenitas y conglomerados. Arcillas con olistolitos",CENOZOICO,NEOGENO, ,221771.33662807324,4731502.413069569,1406.6,196.6,12
895,Las Tobosas,,Hispania Baetica,Spain,Córdoba,Los Pedroches,,,CO 68,832.0,456.2,441.6,38.55966676,-5.33924282,100.0,"Converted in QGIS from Lambert coords, Madrid 1870",,,,,,,FALSE,1.0,1.0,0.0,0.0,0.0,0.0,0.0,0.0,,Domergue 1990: 48,0.0,1.0,False,False,False,0.0,0.0,0.0,0.0,,Hard rock,Primary,,0,No,1,Confirmado,0,No,1,Confirmado,0,No,0,No,0,No,0,1,0,0,1.0,0.9,1.0,0.965,Alta Certeza (Grado I),429.0,Conglomerados; areniscas; pizarras; calizas y vulcanitas; Carbon,Pizarras y grauwacas; conglomerados y calizas,PALEOZOICO,DEVONICO-CARBONIFERO, ,296178.62881928496,4270508.506638148,4729.3,932.5,1
896,Las Torcas,,Hispania Baetica,Spain,Córdoba,Los Pedroches,,,CO 104,859.0,518.9,432.5,38.48581222,-4.61821957,100.0,"Converted in QGIS from Lambert coords, Madrid 1870",,,,,,,FALSE,1.0,1.0,0.0,0.0,0.0,0.0,0.0,0.0,,Domergue 1990: 48,0.0,1.0,False,False,False,0.0,0.0,0.0,0.0,,Hard rock,Primary,,0,No,1,Confirmado,0,No,1,Confirmado,0,No,0,No,0,No,0,1,0,0,1.0,0.9,1.0,0.965,Alta Certeza (Grado I),594.0,Conglomerados; areniscas; pizarras; calizas y vulcanitas; Carbon,Pizarras y grauwacas; conglomerados y calizas,PALEOZOICO,DEVONICO-CARBONIFERO, ,358862.7449760417,4260959.655744868,3806.0,2499.2,10
897,Las Torcas - El Teso de Piqueras,,Hispania Tarraconensis,Spain,León,Cuenca del Boeza,,BO-24,,,,,42.575444,-6.380819,500.0,"Estimated from Sanchez-Palencia and Orejas 1994, fig. 14, IGN map, and Google Earth",,,,,,,TRUE,0.0,0.0,0.0,0.0,0.0,0.0,0.0,0.0,,"Sanchez-Palencia and Orejas 1994, 191",1.0,0.0,True,,,,,,,,,Secondary,Extensive,1,Confirmado,0,No,0,No,0,No,0,No,0,No,0,No,1,0,1,0,0.85,0.9,1.0,0.905,Alta Certeza (Grado I),848.0,Conglomerados; areniscas; pizarras; calizas y vulcanitas; Carbon,"Conglomerados, areniscas, lutitas y carbón",PALEOZOICO,CARBONIFERO, ,222531.5210984744,4719212.16957364,10997.2,10274.5,0
899,Las Traviesas,,Hispania Tarraconensis,Spain,León,Cuenca Alta del Tuerto,,AT-22,,,,,42.659876,-6.017965,500.0,"Estimated from Sanchez-Palencia and Orejas 1994, fig. 15, and Google Earth",,,,,,,TRUE,0.0,0.0,0.0,0.0,0.0,0.0,0.0,0.0,,"Sanchez-Palencia and Orejas 1994, 190",1.0,0.0,True,,,,,,,,,Secondary,Selective - Extensive,1,Confirmado,0,No,0,No,0,No,0,No,0,No,0,No,1,0,1,0,0.85,0.9,1.0,0.905,Alta Certeza (Grado I),1058.0,Cuarcitas; pizarras; areniscas; calizas y vulcanitas,Pizarras y areniscas,PALEOZOICO,ORDOVICICO, ,252648.67670721313,4727462.333875927,2278.4,19170.9,4
900,Las Traviesas I,,Hispania Tarraconensis,Spain,León,Cuenca del Boeza,,BO-08,,,,,42.724353,-6.465042,200.0,"Estimated from Sanchez-Palencia and Orejas 1994, fig. 14, IGN map, and Google Earth",Immediately North of Villar de las Traviesas.,,,,,,TRUE,0.0,0.0,0.0,0.0,0.0,0.0,0.0,0.0,Extensive hydraulic mining in alluvial deposits. Castro immediately adjacent to mine.,"Alvarez González 1993; Sanchez-Palencia and Orejas 1994, 190",1.0,0.0,True,True,False,0.0,0.0,0.0,0.0,,Alluvial deposits,Secondary,Extensive,1,Confirmado,0,No,0,No,0,No,0,No,0,No,0,No,1,0,1,0,0.85,0.9,1.0,0.905,Alta Certeza (Grado I),1077.0,Conglomerados; areniscas; pizarras; calizas y vulcanitas; Carbon,"Conglomerados, areniscas, lutitas y carbón",PALEOZOICO,CARBONIFERO, ,216296.95089534018,4736029.506759501,967.6,1751.1,19
901,Las Traviesas II,,Hispania Tarraconensis,Spain,León,Cuenca del Boeza,,BO-09,,,,,42.705133,-6.465437,200.0,"Estimated from Sanchez-Palencia and Orejas 1994, fig. 14, IGN map, and Google Earth",,,,,,,TRUE,0.0,0.0,0.0,0.0,0.0,0.0,0.0,0.0,Castro immediately adjacent to mine.,"Sanchez-Palencia and Orejas 1994, 190",1.0,0.0,True,,,,,,,,,Secondary,Extensive,1,Confirmado,0,No,0,No,0,No,0,No,0,No,0,No,1,0,1,0,0.85,0.9,1.0,0.905,Alta Certeza (Grado I),924.0,Conglomerados; areniscas; pizarras; calizas y vulcanitas; Carbon,"Conglomerados, areniscas, lutitas y carbón",PALEOZOICO,CARBONIFERO, ,216176.92098439223,4733896.278660067,86.7,155.6,17
902,Las Trelas,,Hispania Tarraconensis,Spain,Oviedo,Cuenca del Navia,,NV-47,,,,,43.174814,-6.782002,500.0,Google Earth and name on IGN map.,,,,,,,TRUE,0.0,0.0,0.0,0.0,0.0,0.0,0.0,0.0,,"Sanchez-Palencia and Orejas 1994, 200",,,,,,,,,,,,Primary,Extensive,1,Confirmado,0,No,0,No,0,No,0,No,0,No,0,No,0,0,0,0,0.85,0.9,1.0,0.905,Alta Certeza (Grado I),496.0,Cuarcitas; pizarras; areniscas; calizas y vulcanitas,"Pizarras, areniscas, cuarcitas y calizas o rocas vulcanoclásticas",PALEOZOICO,ORDOVICICO, ,192596.1145880756,4787175.031536981,3692.9,3384.3,1
904,Las Valiñas,,Hispania Tarraconensis,Spain,León,Cuencas de Cúa y Burbia,,CB-36,,,,,42.642246,-6.878455,500.0,"Estimated from Sanchez-Palencia and Orejas 1994, fig. 14, IGN map, and Google Earth",,,,,,,TRUE,0.0,0.0,0.0,0.0,0.0,0.0,0.0,0.0,,"Sanchez-Palencia and Orejas 1994, 192",1.0,0.0,True,,,,,,,,,Secondary,Extensive,1,Confirmado,0,No,0,No,0,No,0,No,0,No,0,No,1,0,1,0,0.85,0.9,1.0,0.905,Alta Certeza (Grado I),587.0,Cuarcitas; pizarras; areniscas; calizas y vulcanitas,"Areniscas, pizarras, cuarcitas o calizas y conglomerados",PALEOZOICO,CAMBRICO-ORDOVICICO, ,182025.3835403733,4728384.38070328,3287.3,3364.4,22
905,Las Ventas - Fondelur,,Hispania Tarraconensis,Spain,León,Cuenca Alta del Tuerto,,AT-15,,,,,42.536312,-6.151134,500.0,"Estimated from Sanchez-Palencia and Orejas 1994, fig. 15, IGN map, and Google Earth",,,,,,,TRUE,0.0,0.0,0.0,0.0,0.0,0.0,0.0,0.0,,"Sanchez-Palencia and Orejas 1994, 190",1.0,0.0,True,,,,,,,,,Secondary,Selective,1,Confirmado,0,No,0,No,0,No,0,No,0,No,0,No,1,0,1,0,0.85,0.9,1.0,0.905,Alta Certeza (Grado I),1041.0,Cuarcitas; pizarras; areniscas; calizas y vulcanitas,"Areniscas, pizarras, cuarcitas o calizas y conglomerados",PALEOZOICO,CAMBRICO-ORDOVICICO, ,241221.96494827082,4714138.559999737,18580.6,21342.1,0
906,Lavadoira,,Hispania Tarraconensis,Spain,Oviedo,Cuenca del Narcea,,NA-30,O 31,50.0,363.2,969.8,43.29674687,-6.605058403,100.0,"Converted in QGIS from Lambert coords, Madrid 1870",,,,,,,TRUE,0.0,0.0,0.0,0.0,0.0,0.0,0.0,0.0,,"Domergue 1990: 42; Sanchez-Palencia and Orejas 1994, 197",1.0,0.0,True,True,False,0.0,0.0,0.0,0.0,,Hard rock,Primary,Extensive,1,Confirmado,0,No,0,No,0,No,0,No,0,No,0,No,1,0,1,0,1.0,1.0,1.0,1.0,Alta Certeza (Grado I),841.0,Cuarcitas; pizarras; areniscas; calizas y vulcanitas,"Areniscas, pizarras, cuarcitas o calizas y conglomerados",PALEOZOICO,CAMBRICO-ORDOVICICO, ,207563.94193880196,4800082.3950344045,5020.4,1010.8,0
908,Leoneza,,Hispania Tarraconensis,Spain,León,Cuenca Alta del Sil,,AS-05,,,,,42.835042,-6.494671,500.0,"Estimated from Sanchez-Palencia and Orejas 1994, fig. 14, and Google Earth",Assumed to be destroyed by modern mine.,,,,,,TRUE,0.0,0.0,0.0,0.0,0.0,0.0,0.0,0.0,,"Sanchez-Palencia and Orejas 1994, 189",1.0,0.0,True,,,,,,,,,Secondary,Extensive,1,Confirmado,0,No,0,No,0,No,0,No,0,No,0,No,1,0,1,0,0.85,0.9,1.0,0.905,Alta Certeza (Grado I),918.0,Cuarcitas; pizarras; areniscas; calizas y vulcanitas,"Pizarras, areniscas, cuarcitas y calizas o rocas vulcanoclásticas",PALEOZOICO,ORDOVICICO, ,214380.70036387554,4748422.749510517,7482.0,8684.7,0
909,Leras,,Hispania Tarraconensis,Spain,León,Cuenca Alta del Orbigo,,AO-28,,,,,42.792581,-5.725108,300.0,"Estimated from Sanchez-Palencia and Orejas 1994, fig. 15, and features on Google Earth",,,,,,,TRUE,0.0,0.0,0.0,0.0,0.0,0.0,0.0,0.0,,"Sanchez-Palencia and Orejas 1994, 189",1.0,0.0,True,,,,,,,,,Secondary,Extensive,1,Confirmado,0,No,0,No,0,No,0,No,0,No,0,No,1,0,1,0,0.85,0.9,1.0,0.905,Alta Certeza (Grado I),1224.0,Areniscas; pizarras y calizas,"Pizarras, esquistos, areniscas, calizas, ampelitas y liditas",PALEOZOICO,SILURICO-DEVONICO, ,277128.65491639276,4741383.721059698,11980.6,434.9,0
910,Llano Tabernero,,Hispania Baetica,Spain,Córdoba,Los Pedroches,,,CO 92,859.0,504.5,418.4,38.35721971,-4.78139954,100.0,"Converted in QGIS from Lambert coords, Madrid 1870",,,,,,,FALSE,0.0,0.0,1.0,0.0,0.0,0.0,0.0,0.0,,Domergue 1990: 48,,,False,False,False,0.0,0.0,0.0,,,Hard rock,Primary,,0,No,0,No,1,Confirmado,0,No,0,No,0,No,0,No,0,0,0,0,1.0,0.9,1.0,0.965,Alta Certeza (Grado I),675.0,Granitoides de emplazamiento epi-mesozonal,Granitoides biotíticos,PALEOZOICO,DEVONICO-CARBONIFERO-PERMICO,ROCAS PLUTONICAS HERCINICAS,344353.7695966002,4246952.294904546,5773.7,11452.2,0
911,Lomo de Perro,,Hispania Baetica,Spain,Badajoz,La Serena,,,BA 42,806.0,449.0,464.0,38.76036878,-5.42692009,100.0,"Converted in QGIS from Lambert coords, Madrid 1870",,,,,,,FALSE,1.0,1.0,1.0,0.0,0.0,0.0,0.0,0.0,,Domergue 1990: 45,,,False,False,False,0.0,0.0,0.0,,,Hard rock,Primary,,0,No,1,Confirmado,1,Confirmado,1,Confirmado,0,No,0,No,0,No,0,0,0,0,1.0,0.9,1.0,0.965,Alta Certeza (Grado I),462.0,Gneises; esquistos; marmoles y vulcanitas,"Pizarras, grauwacas, conglomerados o porfiroides",PROTEROZOICO, , ,289127.95677673124,4292981.955100721,9335.2,7414.9,0
912,Longrey,,Hispania Tarraconensis,Spain,Oviedo,Cuenca del Esba o Canero,,ES-08,,,,,43.452082,-6.499408,500.0,Placename on Google Earth,,,,,,,TRUE,0.0,0.0,0.0,0.0,0.0,0.0,0.0,0.0,,"Sanchez-Palencia and Orejas 1994, 193",,,,,,,,,,,,Primary,Extensive,1,Confirmado,0,No,0,No,0,No,0,No,0,No,0,No,0,0,0,0,0.85,0.9,1.0,0.905,Alta Certeza (Grado I),177.0,Cuarcitas; pizarras; areniscas; calizas y vulcanitas,"Areniscas, pizarras, cuarcitas o calizas y conglomerados",PALEOZOICO,CAMBRICO-ORDOVICICO, ,216859.33763357438,4816970.210888326,1625.2,1854.1,10
913,Los Alemanes,,Hispania Tarraconensis,Spain,Jaén,Linares - La Carolina,,,J 23,905.0,604.5,394.7,38.1488196,-3.63656838,100.0,"Converted in QGIS from Lambert coords, Madrid 1870",,,,,,,FALSE,1.0,1.0,0.0,0.0,0.0,0.0,0.0,0.0,,Domergue 1990: 45,,,False,False,False,0.0,0.0,0.0,,,Hard rock,,,0,No,1,Confirmado,0,No,1,Confirmado,0,No,0,No,0,No,0,0,0,0,1.0,0.9,1.0,0.965,Alta Certeza (Grado I),431.0,Granitoides de emplazamiento epi-mesozonal,Granitoides biotíticos,PALEOZOICO,DEVONICO-CARBONIFERO-PERMICO,ROCAS PLUTONICAS HERCINICAS,444223.8545849035,4222518.469306383,936.2,219.0,5
914,Los Almadenes,,Hispania Baetica,Spain,Córdoba,Los Pedroches,,,CO 65,858.0,476.3,426.8,38.42936535,-5.10576681,100.0,"Converted in QGIS from Lambert coords, Madrid 1870",,,,,,,FALSE,1.0,1.0,0.0,0.0,0.0,0.0,0.0,0.0,,Domergue 1990: 48,0.0,1.0,False,False,False,0.0,0.0,0.0,0.0,,Hard rock,Primary,,0,No,1,Confirmado,0,No,1,Confirmado,0,No,0,No,0,No,0,1,0,0,1.0,0.9,1.0,0.965,Alta Certeza (Grado I),575.0,Conglomerados; areniscas; pizarras; calizas y vulcanitas; Carbon,Pizarras y grauwacas; conglomerados y calizas,PALEOZOICO,DEVONICO-CARBONIFERO, ,316192.92758794595,4255555.675605312,10442.8,8882.5,0
915,Los Arrayanes,,Hispania Tarraconensis,Spain,Jaén,Linares - La Carolina,,,J 25,905.0,605.6,393.5,38.13799491,-3.62402098,100.0,"Converted in QGIS from Lambert coords, Madrid 1870",,,,,,,FALSE,1.0,1.0,1.0,0.0,0.0,0.0,0.0,0.0,,Domergue 1990: 45,,,False,False,False,0.0,0.0,0.0,,,Hard rock,,,0,No,1,Confirmado,1,Confirmado,1,Confirmado,0,No,0,No,0,No,0,0,0,0,1.0,0.9,1.0,0.965,Alta Certeza (Grado I),496.0,Conglomerados; areniscas; calizas; yesos y arcillas versicolores,"Conglomerados, areniscas, arcillas, dolomías, calizas y margas",MESOZOICO,TRIASICO, ,445315.1891314356,4221309.929950433,2564.2,282.9,7
918,Los Barriales - Los Testeros,,Hispania Tarraconensis,Spain,León,Valduerna,,DU-18,,,,,42.326311,-6.173298,0.0,"Estimated from Sanchez-Palencia and Orejas 1994, fig. 17 and Google Earth",,,,,,,TRUE,0.0,0.0,0.0,0.0,0.0,0.0,0.0,0.0,,"Sanchez-Palencia and Orejas 1994, 192",1.0,0.0,True,False,True,0.0,1.0,0.0,0.0,"Extensive area of rake/comb workings on S bank of Rio Duerna, overgrown, visible on Google Earth.",,Secondary,Selective,1,Confirmado,0,No,0,No,0,No,0,No,0,No,0,No,1,0,1,0,1.0,0.9,1.0,0.965,Alta Certeza (Grado I),938.0,Conglomerados; gravas; arenas y limos,"Conglomerados, gravas, arenas, areniscas, limos y arcillas. Terrazas fluviales y marinas",CENOZOICO,CUATERNARIO, ,238529.27874539982,4690885.371589065,41129.9,42182.6,0
919,Los Barrieros,,Hispania Tarraconensis,Spain,León,Cuenca media del Sil,,MS-074,,,,,42.415444,-6.690579,500.0,"Guessed from Google Earth and Sanchez-Palencia and Orejas 1994, fig. 16",,,,,,,TRUE,0.0,0.0,0.0,0.0,0.0,0.0,0.0,0.0,,"Sanchez-Palencia and Orejas 1994, 196",1.0,0.0,True,,,,,,,,,Secondary,Selective,1,Confirmado,0,No,0,No,0,No,0,No,0,No,0,No,1,0,1,0,0.85,0.9,1.0,0.905,Alta Certeza (Grado I),575.0,Cuarcitas; pizarras; areniscas; calizas y vulcanitas,Pizarras y areniscas,PALEOZOICO,ORDOVICICO, ,196331.93796934624,4702505.631028159,27171.1,27423.0,0
920,Los Bueyes,,Hispania Baetica,Spain,Huelva,Huelva,,,H 48,960.0,327.7,342.2,37.63308229,-6.77443064,100.0,"Converted in QGIS from Lambert coords, Madrid 1870",,,,,,,FALSE,0.0,0.0,1.0,0.0,0.0,0.0,0.0,0.0,,Domergue 1990: 62,,,False,False,False,0.0,0.0,0.0,,,Pyrite,Primary,,0,No,0,No,1,Confirmado,0,No,0,No,0,No,0,No,0,0,0,0,1.0,0.9,1.0,0.965,Alta Certeza (Grado I),252.0,Conglomerados; areniscas; pizarras; calizas y vulcanitas; Carbon,Vulcanitas y rocas vulcanoclásticas,PALEOZOICO,CARBONIFERO, ,166909.01070882776,4171810.6801384324,16830.8,17490.3,0
921,Los Caborcos y Las Pedrizas,,Hispania Tarraconensis,Spain,León,Cuencas de Cúa y Burbia,,CB-12,LE 49,,,,42.715937,-6.710058,500.0,"Estimated from Sanchez-Palencia and Orejas 1994, fig. 14, and Google Earth",,,,,,,TRUE,0.0,0.0,0.0,0.0,0.0,0.0,0.0,0.0,,"Sanchez-Palencia and Orejas 1994, 191",1.0,0.0,True,,,,,,,,,Secondary,Extensive,1,Confirmado,0,No,0,No,0,No,0,No,0,No,0,No,1,0,1,0,0.85,1.0,1.0,0.94,Alta Certeza (Grado I),643.0,Cuarcitas; pizarras; areniscas; calizas y vulcanitas,"Pizarras, areniscas, cuarcitas y calizas o rocas vulcanoclásticas",PALEOZOICO,ORDOVICICO, ,196192.77987301134,4735948.259192389,412.4,412.4,55
922,Los Cabuercos - Las Coronas,,Hispania Tarraconensis,Spain,León,Valduerna,,DU-17,,,,,42.336879,-6.173628,100.0,"Estimated from Sanchez-Palencia and Orejas 1994, fig. 17 and Google Earth",,,,,,,TRUE,0.0,0.0,0.0,0.0,0.0,0.0,0.0,0.0,,"Sanchez-Palencia and Orejas 1994, 192",1.0,0.0,True,True,False,0.0,0.0,0.0,0.0,"Several hushing workings (exploratory?) on upper terrace on N bank of Rio Duerna, visible on Google Earth. Corona at E end.",,Secondary,Selective,1,Confirmado,0,No,0,No,0,No,0,No,0,No,0,No,1,0,1,0,1.0,0.9,1.0,0.965,Alta Certeza (Grado I),992.0,Conglomerados; gravas; arenas y limos,"Conglomerados, gravas, arenas, areniscas, limos y arcillas. Terrazas fluviales y marinas",CENOZOICO,CUATERNARIO, ,238545.9061750253,4692059.977581043,39985.8,41057.0,0
923,Los Cachicobos,,Hispania Tarraconensis,Spain,León,Cuencas de Cúa y Burbia,,CB-38,,,,,42.619721,-6.837096,500.0,"Estimated from Sanchez-Palencia and Orejas 1994, fig. 14, IGN map, and Google Earth",,,,,,,TRUE,0.0,0.0,0.0,0.0,0.0,0.0,0.0,0.0,,"Sanchez-Palencia and Orejas 1994, 192",,,,,,,,,,,,Primary,Extensive,1,Confirmado,0,No,0,No,0,No,0,No,0,No,0,No,0,0,0,0,0.85,0.9,1.0,0.905,Alta Certeza (Grado I),561.0,Cuarcitas; pizarras; areniscas; calizas y vulcanitas,"Areniscas, pizarras, cuarcitas o calizas y conglomerados",PALEOZOICO,CAMBRICO-ORDOVICICO, ,185302.9789037431,4725727.797331362,4190.6,5575.4,3
924,Los Campos,,Hispania Tarraconensis,Spain,León,Cuenca Alta del Tuerto,,AT-01,,,,,42.63545,-6.221751,500.0,"Estimated from Sanchez-Palencia and Orejas 1994, fig. 14, and Google Earth",,,,,,,TRUE,0.0,0.0,0.0,0.0,0.0,0.0,0.0,0.0,,"Sanchez-Palencia and Orejas 1994, 189",1.0,0.0,True,,,,,,,,,Secondary,Selective - Extensive,1,Confirmado,0,No,0,No,0,No,0,No,0,No,0,No,1,0,1,0,0.85,0.9,1.0,0.905,Alta Certeza (Grado I),1074.0,Conglomerados; areniscas; arcillas; calizas y evaporitas; Vulcanitas basicas,"Conglomerados, areniscas, arcillas, calizas y/o yesos",CENOZOICO,NEOGENO-CUATERNARIO, ,235841.59051525622,4725366.640041123,6822.3,8892.9,0
925,Los Carriles,,Hispania Tarraconensis,Spain,León,Cuenca Alta del Tuerto,,AT-17,,,,,42.522252,-6.194796,500.0,"Estimated from Sanchez-Palencia and Orejas 1994, fig. 15, IGN map, and Google Earth",,,,,,,TRUE,0.0,0.0,0.0,0.0,0.0,0.0,0.0,0.0,,"Sanchez-Palencia and Orejas 1994, 190",1.0,0.0,True,,,,,,,,,Secondary,Extensive,1,Confirmado,0,No,0,No,0,No,0,No,0,No,0,No,1,0,1,0,0.85,0.9,1.0,0.905,Alta Certeza (Grado I),1129.0,Cuarcitas; pizarras; areniscas; calizas y vulcanitas,"Pizarras, areniscas, cuarcitas y calizas o rocas vulcanoclásticas",PALEOZOICO,ORDOVICICO, ,237577.11049867643,4712711.530473997,19533.5,21022.9,0
926,Los Casares,,Hispania Tarraconensis,Spain,León,Cuenca del Eria,,ER-05,,,,,42.239704,-6.398898,100.0,"Estimated from Sanchez-Palencia and Orejas 1994, fig. 17 and Google Earth",,,,,,,TRUE,0.0,0.0,0.0,0.0,0.0,0.0,0.0,0.0,,"Sanchez-Palencia and Orejas 1994, 193",1.0,0.0,True,False,False,0.0,1.0,0.0,0.0,Apparent traces of rake/comb workings and stone dumps on Google Earth (poor quality image).,,Secondary,Selective,1,Confirmado,0,No,0,No,0,No,0,No,0,No,0,No,1,0,1,0,1.0,0.9,1.0,0.965,Alta Certeza (Grado I),1086.0,Cuarcitas; pizarras; areniscas; calizas y vulcanitas,"Pizarras, areniscas, cuarcitas y calizas o rocas vulcanoclásticas",PALEOZOICO,ORDOVICICO, ,219554.17289959255,4681986.147017355,48174.9,47365.7,0
927,Los Cáscaros,,Hispania Tarraconensis,Spain,León,Cuenca Alta del Orbigo,,AO-15,,,,,42.717953,-5.911294,200.0,"Estimated from Sanchez-Palencia and Orejas 1994, fig. 15 and Google Earth",Stone dumps visible on Google Earth,,,,,,TRUE,0.0,0.0,0.0,0.0,0.0,0.0,0.0,0.0,,"Sanchez-Palencia and Orejas 1994, 189",1.0,0.0,True,,,,,,,,,Secondary,Extensive,1,Confirmado,0,No,0,No,0,No,0,No,0,No,0,No,1,0,1,0,0.85,0.9,1.0,0.905,Alta Certeza (Grado I),1128.0,Cuarcitas; pizarras; areniscas; calizas y vulcanitas,"Areniscas, pizarras, cuarcitas o calizas y conglomerados",PALEOZOICO,CAMBRICO-ORDOVICICO, ,261614.4196646909,4733605.172071165,2624.0,13503.2,13
929,Los Castillos - Alto de la Mina,,Hispania Tarraconensis,Spain,León,Cuenca Alta del Tuerto,,AT-06,LE 58,160.0,,,42.608387,-6.147774,1000.0,"Estimated from Sanchez-Palencia and Orejas 1994, fig. 15, IGN map, and Google Earth",,,,,,,TRUE,0.0,0.0,0.0,0.0,0.0,0.0,0.0,0.0,,"Sanchez-Palencia and Orejas 1994, 189",,,,,,,,,,,,Secondary - Primary,Extensive,1,Confirmado,0,No,0,No,0,No,0,No,0,No,0,No,0,0,0,0,0.7,1.0,1.0,0.8799999999999999,Alta Certeza (Grado I),1091.0,Cuarcitas; pizarras; areniscas; calizas y vulcanitas,"Areniscas, pizarras, cuarcitas o calizas y conglomerados",PALEOZOICO,CAMBRICO-ORDOVICICO, ,241795.71791997683,4722132.538504447,10864.0,14916.1,0
930,Los Cavenes,,Lusitania,Spain,Salamanca,Beiras,,,SA 2,527.0,392.5,665.6,40.56572807,-6.141205928,100.0,"Converted in QGIS from Lambert coords, Madrid 1870",,,,,,,TRUE,0.0,0.0,0.0,0.0,0.0,0.0,0.0,0.0,"Located in the Salamanca district, over 40km of hydraulic channels have been recorded. Dossier IV. Mostly exploitation was by hushing but also some open cast and underground mines were worked. Approximately 2.5 million cubic metres of material were moved.",Domergue 1990: 41,0.0,0.0,True,False,False,0.0,1.0,0.0,0.0,,Quaternary terraǾ䀀,,,1,Confirmado,0,No,0,No,0,No,0,No,0,No,0,No,1,0,1,0,1.0,0.9,1.0,0.965,Alta Certeza (Grado I),1000.0,Cuarcitas; pizarras; areniscas; calizas y vulcanitas,"Pizarras, grauwacas o arcosas, conglomerados y calizas",PROTEROZOICO-PALEOZOICO,VENDIENSE-CAMBRICO, ,234072.67196149385,4495293.762064718,68971.6,53219.2,0
932,Los Cubanallos,,Hispania Tarraconensis,Spain,León,Sierra del Teleno,,TE-12,,,,,42.321607,-6.392307,500.0,"Estimated from Sanchez-Palencia and Orejas 1994, fig. 17, IGN map, and Google Earth",,,,,,,TRUE,0.0,0.0,0.0,0.0,0.0,0.0,0.0,0.0,,"Sanchez-Palencia and Orejas 1994, 202",1.0,0.0,True,True,False,0.0,0.0,0.0,0.0,,,Secondary,Selective - Extensive,1,Confirmado,0,No,0,No,0,No,0,No,0,No,0,No,1,0,1,0,0.85,0.9,1.0,0.905,Alta Certeza (Grado I),1528.0,Cuarcitas; pizarras; areniscas; calizas y vulcanitas,"Pizarras, areniscas, cuarcitas y calizas o rocas vulcanoclásticas",PALEOZOICO,ORDOVICICO, ,220460.78678236873,4691060.025668412,39095.6,38277.3,0
933,Los Culeritos,,Hispania Baetica,Spain,Huelva,Picos de Aroche,,,H 29,895.0,314.0,393.0,38.0863122,-6.95065167,100.0,"Converted in QGIS from Lambert coords, Madrid 1870",,,,,,,FALSE,0.0,0.0,1.0,0.0,0.0,0.0,0.0,0.0,,Domergue 1990: 61,,,False,False,False,0.0,0.0,0.0,,,Hard rock,Primary,,0,No,0,No,1,Confirmado,0,No,0,No,0,No,0,No,0,0,0,0,1.0,0.9,1.0,0.965,Alta Certeza (Grado I),425.0,Areniscas; pizarras y calizas,"Areniscas, pizarras, calizas, cuarcitas y rocas vulcanoclásticas",PALEOZOICO,DEVONICO-CARBONIFERO, ,153484.09107423277,4222767.353997558,435.1,627.0,21
934,Los Dolores,,Hispania Tarraconensis,Spain,Ciudad Real,Alcudia,,,CR 13,835.0,538.4,446.2,38.61094749,-4.39579808,100.0,"Converted in QGIS from Lambert coords, Madrid 1870",,,,,,,FALSE,1.0,1.0,0.0,0.0,0.0,0.0,0.0,0.0,,Domergue 1990: 46,,,False,False,False,0.0,0.0,0.0,,,,,,0,No,1,Confirmado,0,No,1,Confirmado,0,No,0,No,0,No,0,0,0,0,1.0,0.9,1.0,0.965,Alta Certeza (Grado I),719.0,Gneises; esquistos; marmoles y vulcanitas,"Pizarras, grauwacas, conglomerados o porfiroides",PROTEROZOICO, , ,378473.615086403,4274528.282694141,3035.7,4353.1,9
935,Los Eneros,,Hispania Baetica,Spain,Córdoba,Azuaga-Fuenteovejuna,,,CO 52,879.0,452.5,410.25,38.27643785,-5.37490862,100.0,"Converted in QGIS from Lambert coords, Madrid 1870","RECTANGLE of 31 km2, defined by points given by Domergue. Coord here is est. centroid",,,,,,FALSE,1.0,1.0,1.0,0.0,0.0,0.0,0.0,0.0,,Domergue 1990: 46,0.0,1.0,False,False,False,0.0,0.0,0.0,0.0,,Hard rock,Primary,,0,No,1,Confirmado,1,Confirmado,1,Confirmado,0,No,0,No,0,No,0,1,0,0,1.0,0.9,1.0,0.965,Alta Certeza (Grado I),528.0,Conglomerados; areniscas; arcillas; calizas y evaporitas; Vulcanitas basicas,"Calcarenitas, arenas y limos amarillos",CENOZOICO,NEOGENO, ,292260.53478746116,4239154.962319405,4804.0,3754.7,2
936,Los Engarbos,,Hispania Baetica,Spain,Jaén,,,,J 28,864.0,644.0,418.0,38.35777354,-3.18415148,100.0,"Converted in QGIS from Lambert coords, Madrid 1870",,,,,,,FALSE,1.0,1.0,0.0,0.0,0.0,0.0,0.0,0.0,,Domergue 1990: 49,,,False,False,False,0.0,0.0,0.0,,,Hard rock,Primary,,0,No,1,Confirmado,0,No,1,Confirmado,0,No,0,No,0,No,0,0,0,0,1.0,0.9,1.0,0.965,Alta Certeza (Grado I),649.0,Cuarcitas; pizarras; areniscas; calizas y vulcanitas,"Pizarras, areniscas, cuarcitas y calizas o rocas vulcanoclásticas",PALEOZOICO,ORDOVICICO, ,483910.8500161045,4245527.994752769,3770.1,4117.4,3
937,Los Escoriales,,Hispania Baetica,Spain,Jaén,Montoro Andújar,,,J 8,883.0,579.3,398.3,38.18103892,-3.92435169,100.0,"Converted in QGIS from Lambert coords, Madrid 1870",,,,,,,FALSE,0.0,0.0,1.0,0.0,0.0,0.0,0.0,0.0,,Domergue 1990: 47,0.0,1.0,False,False,False,0.0,0.0,0.0,0.0,,Hard rock,,,0,No,0,No,1,Confirmado,0,No,0,No,0,No,0,No,0,1,0,0,1.0,0.9,1.0,0.965,Alta Certeza (Grado I),618.0,Granitoides de emplazamiento epi-mesozonal,Granitoides de dos micas,PALEOZOICO,DEVONICO-CARBONIFERO-PERMICO,ROCAS PLUTONICAS HERCINICAS,419043.4703555939,4226305.666605578,4436.1,2503.2,3
938,Los Estancos,,Hispania Tarraconensis,Spain,León,Cuencas del Turienzo y Jerega,,TJ-24,,,,,42.471098,-6.205953,500.0,"Estimated from Sanchez-Palencia and Orejas 1994, fig. 17 and Google Earth",,,,,,,TRUE,0.0,0.0,0.0,0.0,0.0,0.0,0.0,0.0,,"Sanchez-Palencia and Orejas 1994, 202",1.0,0.0,True,,,,,,,,,Secondary,Extensive,1,Confirmado,0,No,0,No,0,No,0,No,0,No,0,No,1,0,1,0,0.85,0.9,1.0,0.905,Alta Certeza (Grado I),1004.0,Conglomerados; areniscas; arcillas; calizas y evaporitas; Vulcanitas basicas,"Conglomerados, areniscas, arenas arcósicas, arcillas, calizas y yesos",CENOZOICO,NEOGENO, ,236445.62162617542,4707065.317117242,24910.2,26027.5,0
941,Los Fuellos,,Hispania Tarraconensis,Spain,León,Cuencas del Turienzo y Jerega,,TJ-12,,,,,42.44272,-6.21592,500.0,"Estimated from Sanchez-Palencia and Orejas 1994, fig. 17 and Google Earth",,,,,,,TRUE,0.0,0.0,0.0,0.0,0.0,0.0,0.0,0.0,,"Sanchez-Palencia and Orejas 1994, 202",1.0,0.0,True,,,0.0,0.0,0.0,0.0,,,Secondary,Selective,1,Confirmado,0,No,0,No,0,No,0,No,0,No,0,No,1,0,1,0,0.85,0.9,1.0,0.905,Alta Certeza (Grado I),995.0,Cuarcitas; pizarras; areniscas; calizas y vulcanitas,"Areniscas, pizarras, cuarcitas o calizas y conglomerados",PALEOZOICO,CAMBRICO-ORDOVICICO, ,235506.6482206037,4703944.882652198,27727.7,28797.3,0
942,Los Galayos,,Hispania Tarraconensis,Spain,Ciudad Real,Alcudia,,,CR 37,861.0,579.6,430.2,38.46864925,-3.92188162,100.0,"Converted in QGIS from Lambert coords, Madrid 1870",,,,,,,FALSE,1.0,1.0,0.0,0.0,0.0,0.0,0.0,0.0,,Domergue 1990: 46,,,False,False,False,0.0,0.0,0.0,,,,,,0,No,1,Confirmado,0,No,1,Confirmado,0,No,0,No,0,No,0,0,0,0,1.0,0.9,1.0,0.965,Alta Certeza (Grado I),470.0,Gneises; esquistos; marmoles y vulcanitas,"Pizarras, grauwacas, conglomerados o porfiroides",PROTEROZOICO, , ,419578.25906603725,4258217.209771044,3589.1,1452.5,7
943,Los Guijarros,,Hispania Baetica,Spain,Huelva,Picos de Aroche,,,H 30,895.0,316.5,398.8,38.13938667,-6.92455813,100.0,"Converted in QGIS from Lambert coords, Madrid 1870",,,,,,,FALSE,0.0,0.0,1.0,0.0,0.0,0.0,0.0,0.0,,Domergue 1990: 61,,,False,False,False,0.0,0.0,0.0,,,Hard rock,Primary,,0,No,0,No,1,Confirmado,0,No,0,No,0,No,0,No,0,0,0,0,1.0,0.9,1.0,0.965,Alta Certeza (Grado I),234.0,Areniscas; pizarras y calizas,"Ampelitas, cuarcitas, liditas y rocas vulcanoclásticas",PALEOZOICO,SILURICO, ,156023.14209508052,4228562.288986332,1686.4,232.8,33
944,Los Guindos,,Hispania Tarraconensis,Spain,Jaén,Linares - La Carolina,,,J 13,884.0,599.7,412.8,38.31201215,-3.69137155,100.0,"Converted in QGIS from Lambert coords, Madrid 1870",,,,,,,FALSE,1.0,1.0,0.0,0.0,0.0,0.0,0.0,0.0,,Domergue 1990: 45,,,False,False,False,0.0,0.0,0.0,,,Hard rock,,,0,No,1,Confirmado,0,No,1,Confirmado,0,No,0,No,0,No,0,0,0,0,1.0,0.9,1.0,0.965,Alta Certeza (Grado I),759.0,Areniscas; pizarras y calizas,"Ampelitas, cuarcitas, liditas y rocas vulcanoclásticas",PALEOZOICO,SILURICO, ,439557.16441866447,4240660.420734919,422.5,352.9,9
945,Los Lagunales - Teso las Pilas,,Hispania Tarraconensis,Spain,León,Cuencas del Turienzo y Jerega,,TJ-13,,,,,42.431208,-6.175599,500.0,"Estimated from Sanchez-Palencia and Orejas 1994, fig. 17 and Google Earth",,,,,,,TRUE,0.0,0.0,0.0,0.0,0.0,0.0,0.0,0.0,,"Sanchez-Palencia and Orejas 1994, 202",1.0,0.0,True,,,0.0,0.0,0.0,0.0,,,Secondary,Selective - Extensive,1,Confirmado,0,No,0,No,0,No,0,No,0,No,0,No,1,0,1,0,0.85,0.9,1.0,0.905,Alta Certeza (Grado I),936.0,Cuarcitas; pizarras; areniscas; calizas y vulcanitas,"Areniscas, pizarras, cuarcitas o calizas y conglomerados",PALEOZOICO,CAMBRICO-ORDOVICICO, ,238775.295301213,4702541.475888288,29753.9,31019.1,0
946,Los Mayadones I,,Hispania Tarraconensis,Spain,León,Sierra del Teleno,,TE-06,,,,,42.318736,-6.358224,1000.0,"Estimated from Sanchez-Palencia and Orejas 1994, fig. 17, IGN map, and Google Earth",,,,,,,TRUE,0.0,0.0,0.0,0.0,0.0,0.0,0.0,0.0,,"Sanchez-Palencia and Orejas 1994, 201",1.0,0.0,True,True,False,0.0,0.0,0.0,0.0,,,Secondary - Primary,Extensive,1,Confirmado,0,No,0,No,0,No,0,No,0,No,0,No,1,0,1,0,0.7,0.9,1.0,0.845,Alta Certeza (Grado I),1765.0,Cuarcitas; pizarras; areniscas; calizas y vulcanitas,"Ortocuarcitas, areniscas y pizarras",PALEOZOICO,ORDOVICICO, ,223257.06659541,4690629.653150172,39564.2,38785.6,0
947,Los Mayadones II,,Hispania Tarraconensis,Spain,León,Sierra del Teleno,,TE-07,,,,,42.31273,-6.341954,500.0,"Estimated from Sanchez-Palencia and Orejas 1994, fig. 17, IGN map, and Google Earth",,,,,,,TRUE,0.0,0.0,0.0,0.0,0.0,0.0,0.0,0.0,,"Sanchez-Palencia and Orejas 1994, 201",1.0,0.0,True,True,False,0.0,0.0,0.0,0.0,,,Secondary,Selective - Extensive,1,Confirmado,0,No,0,No,0,No,0,No,0,No,0,No,1,0,1,0,0.85,0.9,1.0,0.905,Alta Certeza (Grado I),1641.0,Cuarcitas; pizarras; areniscas; calizas y vulcanitas,"Ortocuarcitas, areniscas y pizarras",PALEOZOICO,ORDOVICICO, ,224571.76047549245,4689909.8234804645,40319.0,39608.2,0
948,Los Milagros del Monte Medo,,Hispania Tarraconensis,Spain,Orense,Cuenca media del Miño,,MM-14,,,,,42.23208,-7.629413,1000.0,"Google Earth, placename",,,,,,,TRUE,0.0,0.0,0.0,0.0,0.0,0.0,0.0,0.0,,"Sanchez-Palencia and Orejas 1994, 194",1.0,0.0,True,,,,,,,,,Secondary,Selective - Extensive,1,Confirmado,0,No,0,No,0,No,0,No,0,No,0,No,1,0,1,0,0.7,0.9,1.0,0.845,Alta Certeza (Grado I),606.0,Conglomerados; areniscas; arcillas y calizas; Evaporitas,"Turbiditas calcáreas. Calizas, calizas arenosas, areniscas y margas arenosas",CENOZOICO,PALEOGENO-NEOGENO, ,117958.74392954452,4685930.106966453,44066.1,44066.1,0
950,Los Moruecos de Larón,,Hispania Tarraconensis,Spain,Oviedo,Cuenca del Navia,,NV-02,,,,,42.98355,-6.634177,500.0,"Guessed from Sanchez-Palencia and Orejas 1994, fig. 13; IGN map, and Google Earth.",,,,,,,TRUE,0.0,0.0,0.0,0.0,0.0,0.0,0.0,0.0,,"Sanchez-Palencia and Orejas 1994, 199",1.0,0.0,True,,,,,,,,,Secondary,Selective,1,Confirmado,0,No,0,No,0,No,0,No,0,No,0,No,1,0,1,0,0.85,0.9,1.0,0.905,Alta Certeza (Grado I),710.0,Cuarcitas; pizarras; areniscas; calizas y vulcanitas,"Areniscas, pizarras, cuarcitas o calizas y conglomerados",PALEOZOICO,CAMBRICO-ORDOVICICO, ,203690.97373868077,4765399.432871655,816.8,2415.0,47
951,Los Muriacales - Los Cubanallos,,Hispania Tarraconensis,Spain,León,Cuenca del Eria,,ER-07,,,,,42.233705,-6.346199,300.0,"Estimated from Sanchez-Palencia and Orejas 1994, fig. 17 and Google Earth",,,,,,,TRUE,0.0,0.0,0.0,0.0,0.0,0.0,0.0,0.0,,"Sanchez-Palencia and Orejas 1994, 193",1.0,0.0,True,False,False,0.0,0.0,0.0,0.0,,,Secondary,Selective - Extensive,1,Confirmado,0,No,0,No,0,No,0,No,0,No,0,No,1,0,1,0,0.85,0.9,1.0,0.905,Alta Certeza (Grado I),1105.0,Cuarcitas; pizarras; areniscas; calizas y vulcanitas,"Pizarras, areniscas, cuarcitas y calizas o rocas vulcanoclásticas",PALEOZOICO,ORDOVICICO, ,223876.71122701454,4681147.671412865,49065.1,48287.8,0
952,Los Palazuelos,,Hispania Tarraconensis,Spain,Jaén,Linares - La Carolina,,,J 14,884.0,609.1,399.3,38.19025394,-3.58399511,100.0,"Converted in QGIS from Lambert coords, Madrid 1870",,,,,,,FALSE,1.0,1.0,1.0,0.0,0.0,0.0,0.0,0.0,,Domergue 1990: 45,0.0,1.0,False,False,False,0.0,0.0,0.0,0.0,,Hard rock,,,0,No,1,Confirmado,1,Confirmado,1,Confirmado,0,No,0,No,0,No,0,1,0,0,1.0,0.9,1.0,0.965,Alta Certeza (Grado I),448.0,Conglomerados; areniscas; pizarras; calizas y vulcanitas; Carbon,Pizarras y grauwacas; conglomerados y calizas,PALEOZOICO,DEVONICO-CARBONIFERO, ,448859.3263122774,4227085.575941356,1640.3,1078.1,11
953,Los Patalos,,Hispania Baetica,Spain,Córdoba,Montoro Andújar,,,CO 79,882.0,548.4,397.5,38.1725365,-4.27719014,100.0,"Converted in QGIS from Lambert coords, Madrid 1870",,,,,,,FALSE,0.0,0.0,1.0,0.0,0.0,0.0,0.0,0.0,,Domergue 1990: 47,,,False,False,False,0.0,0.0,0.0,,,Hard rock,,,0,No,0,No,1,Confirmado,0,No,0,No,0,No,0,No,0,0,0,0,1.0,0.9,1.0,0.965,Alta Certeza (Grado I),697.0,Granitoides de emplazamiento epi-mesozonal,Granitoides de dos micas,PALEOZOICO,DEVONICO-CARBONIFERO-PERMICO,ROCAS PLUTONICAS HERCINICAS,388127.1364957937,4225729.273338278,821.3,2011.3,6
954,Los Pobos,,Hispania Baetica,Spain,Córdoba,Los Pedroches,,,CO 1,881.0,524.2,401.9,38.21042193,-4.554018,100.0,"Converted in QGIS from Lambert coords, Madrid 1870",,,,,,,FALSE,0.0,0.0,1.0,0.0,0.0,0.0,0.0,0.0,,Domergue 1990: 47,,,False,False,False,0.0,0.0,0.0,,,Hard rock,Primary,,0,No,0,No,1,Confirmado,0,No,0,No,0,No,0,No,0,0,0,0,1.0,0.9,1.0,0.965,Alta Certeza (Grado I),579.0,Granitoides de emplazamiento epi-mesozonal,Granitoides biotíticos,PALEOZOICO,DEVONICO-CARBONIFERO-PERMICO,ROCAS PLUTONICAS HERCINICAS,363948.19028428895,4230303.60398411,2065.0,2949.9,7
955,Los Poliñeiros,,Hispania Tarraconensis,Spain,León,Cuencas de Cúa y Burbia,,CB-31,LE 5,126.0,350.6,900.2,42.66691589,-6.730899562,100.0,"Converted in QGIS from Lambert coords, Madrid 1870",,,,,,,TRUE,0.0,0.0,0.0,0.0,0.0,0.0,0.0,0.0,,"Domergue 1990: 43; Sanchez-Palencia and Orejas 1994, 192",,,,,,,,,,,Hard rock,Primary,Extensive,1,Confirmado,0,No,0,No,0,No,0,No,0,No,0,No,0,0,0,0,1.0,1.0,1.0,1.0,Alta Certeza (Grado I),643.0,Cuarcitas; pizarras; areniscas; calizas y vulcanitas,"Areniscas, pizarras, cuarcitas o calizas y conglomerados",PALEOZOICO,CAMBRICO-ORDOVICICO, ,194245.2012184366,4730579.194981421,930.6,790.4,15
956,Los Prados del Castro,,Hispania Tarraconensis,Spain,León,Cuenca del Eria,,ER-04,,,,,42.244728,-6.41975,300.0,"Estimated from Sanchez-Palencia and Orejas 1994, fig. 17 and Google Earth",,,,,,,TRUE,0.0,0.0,0.0,0.0,0.0,0.0,0.0,0.0,,"Sanchez-Palencia and Orejas 1994, 193",1.0,0.0,True,False,False,0.0,0.0,0.0,0.0,,,Secondary,Selective,1,Confirmado,0,No,0,No,0,No,0,No,0,No,0,No,1,0,1,0,0.85,0.9,1.0,0.905,Alta Certeza (Grado I),1106.0,Cuarcitas; pizarras; areniscas; calizas y vulcanitas,"Pizarras, areniscas, cuarcitas y calizas o rocas vulcanoclásticas",PALEOZOICO,ORDOVICICO, ,217855.87303419097,4682612.987635688,47579.5,46814.4,0
957,Los Rubiales,,Hispania Baetica,Spain,Córdoba,Los Pedroches,,,CO 105,859.0,514.2,432.3,38.48355401,-4.67210267,100.0,"Converted in QGIS from Lambert coords, Madrid 1870",,,,,,,FALSE,1.0,1.0,0.0,0.0,0.0,0.0,0.0,0.0,,Domergue 1990: 48,0.0,1.0,False,False,False,0.0,0.0,0.0,0.0,,Hard rock,Primary,,0,No,1,Confirmado,0,No,1,Confirmado,0,No,0,No,0,No,0,1,0,0,1.0,0.9,1.0,0.965,Alta Certeza (Grado I),568.0,Conglomerados; areniscas; pizarras; calizas y vulcanitas; Carbon,Pizarras y grauwacas; conglomerados y calizas,PALEOZOICO,DEVONICO-CARBONIFERO, ,354158.3379380298,4260793.062544573,1735.3,947.6,24
958,Los Rudicales,,Hispania Tarraconensis,Spain,León,Cuencas de Cúa y Burbia,,CB-29,,,,,42.659775,-6.784792,500.0,"Estimated from Sanchez-Palencia and Orejas 1994, fig. 14, IGN map, and Google Earth",,,,,,,TRUE,0.0,0.0,0.0,0.0,0.0,0.0,0.0,0.0,,"Sanchez-Palencia and Orejas 1994, 192",1.0,0.0,True,,,,,,,,,Secondary,Extensive,1,Confirmado,0,No,0,No,0,No,0,No,0,No,0,No,1,0,1,0,0.85,0.9,1.0,0.905,Alta Certeza (Grado I),783.0,Cuarcitas; pizarras; areniscas; calizas y vulcanitas,"Areniscas, pizarras, cuarcitas o calizas y conglomerados",PALEOZOICO,CAMBRICO-ORDOVICICO, ,189792.52764751593,4729982.742210848,3237.6,1845.8,20
963,Louviño,,Hispania Tarraconensis,Spain,Orense,Galicia,,,OR 11,264.0,279.0,836.5,42.06865661,-7.569685714,100.0,"Converted in QGIS from Lambert coords, Madrid 1870",,,,,,,FALSE,0.0,0.0,0.0,1.0,0.0,0.0,0.0,0.0,,Domergue 1990: 41,,,False,False,False,0.0,0.0,0.0,,,Hard rock,,,0,No,0,No,0,No,0,No,0,No,1,Confirmado,0,No,0,0,0,0,1.0,0.9,1.0,0.965,Alta Certeza (Grado I),738.0,Granitoides de emplazamiento meso-catazonal,Granitoides de dos micas,PALEOZOICO,DEVONICO-CARBONIFERO-PERMICO,ROCAS PLUTONICAS HERCINICAS,121915.17825856397,4667512.569492354,62064.9,62088.8,0
964,Lozacio,,Hispania Tarraconensis,Spain,Zamorra,Trás-os-montes,,,ZA 1,339.0,405.4,792.5,41.7122223,-6.028141918,100.0,"Converted in QGIS from Lambert coords, Madrid 1870",,,,,,,FALSE,1.0,1.0,0.0,0.0,0.0,0.0,0.0,0.0,,Domergue 1990: 41,0.0,1.0,False,False,False,0.0,0.0,0.0,0.0,,Hard rock,,,0,No,1,Confirmado,0,No,1,Confirmado,0,No,0,No,0,No,0,1,0,0,1.0,0.9,1.0,0.965,Alta Certeza (Grado I),778.0,Cuarcitas; pizarras; areniscas; calizas y vulcanitas,"Ortocuarcitas, areniscas y pizarras",PALEOZOICO,ORDOVICICO, ,248076.09846409698,4622257.241989602,107315.1,42983.2,0
965,Madarnas,,Hispania Tarraconensis,Spain,Orense,Cuenca media del Miño,,MM-06?,OR 2,187.0,238.4,881.3,42.45472777,-8.086613216,100.0,"Converted in QGIS from Lambert coords, Madrid 1870",,,,,,,TRUE,0.0,0.0,0.0,0.0,0.0,0.0,0.0,0.0,,Domergue 1990: 40,1.0,0.0,False,False,False,0.0,0.0,0.0,0.0,,Hard rock,,,1,Confirmado,0,No,0,No,0,No,0,No,0,No,0,No,0,0,1,0,1.0,1.0,1.0,1.0,Alta Certeza (Grado I),494.0,Granitoides de emplazamiento meso-catazonal,Granitoides de dos micas,PALEOZOICO,DEVONICO-CARBONIFERO-PERMICO,ROCAS PLUTONICAS HERCINICAS,81702.0560596555,4712816.912760872,42521.1,32842.0,0
966,Madereros,,Hispania Baetica,Spain,Córdoba,Posadas,,,CO 7,922.0,482.6,362.5,37.85063496,-5.02253464,100.0,"Converted in QGIS from Lambert coords, Madrid 1870",,,,,,,FALSE,1.0,1.0,1.0,0.0,0.0,0.0,0.0,0.0,,Domergue 1990: 45,,,False,False,False,0.0,0.0,0.0,,,Hard rock,Primary,,0,No,1,Confirmado,1,Confirmado,1,Confirmado,0,No,0,No,0,No,0,0,0,0,1.0,0.9,1.0,0.965,Alta Certeza (Grado I),210.0,Gneises; esquistos; marmoles y vulcanitas,"Esquistos o pizarras, grauwacas y liditas",PROTEROZOICO,RIFEENSE, ,322058.0866668679,4191170.4506305684,7692.3,8914.2,0
967,Majada Hermosa,,Hispania Baetica,Spain,Badajoz,La Serena,,,BA 29,806.0,460.4,458.5,38.71271398,-5.29452087,100.0,"Converted in QGIS from Lambert coords, Madrid 1870",,,,,,,FALSE,1.0,1.0,0.0,0.0,0.0,0.0,0.0,0.0,,Domergue 1990: 45,,,False,False,False,0.0,0.0,0.0,,,Hard rock,Primary,,0,No,1,Confirmado,0,No,1,Confirmado,0,No,0,No,0,No,0,0,0,0,1.0,0.9,1.0,0.965,Alta Certeza (Grado I),534.0,Gneises; esquistos; marmoles y vulcanitas,"Pizarras, grauwacas, conglomerados o porfiroides",PROTEROZOICO, , ,300500.73113922996,4287396.0063375,2470.7,1827.1,7
968,Malapiedra - Las Iruelas,,Hispania Tarraconensis,Spain,León,Cuencas del Turienzo y Jerega,,TJ-04,,,,,42.467212,-6.336276,100.0,Google Earth and http://cartographic.info/espana/map.php?id=533984,,,,,,,TRUE,0.0,0.0,0.0,0.0,0.0,0.0,0.0,0.0,,"Sanchez-Palencia and Orejas 1994, 202",,,,,,,,,,,,Primary,Selective - Extensive,1,Confirmado,0,No,0,No,0,No,0,No,0,No,0,No,0,0,0,0,1.0,0.9,1.0,0.965,Alta Certeza (Grado I),1286.0,Cuarcitas; pizarras; areniscas; calizas y vulcanitas,"Areniscas, pizarras, cuarcitas o calizas y conglomerados",PALEOZOICO,CAMBRICO-ORDOVICICO, ,225714.00728469423,4707047.252532148,23195.1,22828.6,0
969,Manzanal del Puerto / La Cantera / La Bajada de Lloroso,,Hispania Tarraconensis,Spain,León,Cuenca del Boeza,,BO-21,LE 57,159.0,389.7,890.3,42.58889496,-6.250651362,100.0,"Converted in QGIS from Lambert coords, Madrid 1870",,,,,,,TRUE,0.0,0.0,0.0,0.0,0.0,0.0,0.0,0.0,,"Domergue 1990: 43; Sanchez-Palencia and Orejas 1994, 191",1.0,0.0,True,,,0.0,,0.0,0.0,,Colluvial deposits,Secondary,Extensive,1,Confirmado,0,No,0,No,0,No,0,No,0,No,0,No,1,0,1,0,1.0,1.0,1.0,1.0,Alta Certeza (Grado I),1208.0,Cuarcitas; pizarras; areniscas; calizas y vulcanitas,"Areniscas, pizarras, cuarcitas o calizas y conglomerados",PALEOZOICO,CAMBRICO-ORDOVICICO, ,233272.9670207798,4720287.190463044,11327.1,12440.3,0
970,Manzaneda / El Follacón,,Hispania Tarraconensis,Spain,León,Cuenca del Eria,,ER-12,LE 44,230.0,383.0,853.8,42.25859447,-6.319124815,100.0,"Converted in QGIS from Lambert coords, Madrid 1870",,,,,,,TRUE,0.0,0.0,0.0,0.0,0.0,0.0,0.0,0.0,Opencast pit nearly 20 m deep; volume of earth extracted calculated at 1083 m3 from LiDAR survey.,"Domergue 1990: 43; Sanchez-Palencia and Orejas 1994, 193;  Fernández-Lozano et al. 2015, 364, 366–7",1.0,0.0,True,True,True,0.0,1.0,0.0,0.0,,Colluvial deposits,Secondary,Selective - Extensive,1,Confirmado,0,No,0,No,0,No,0,No,0,No,0,No,1,0,1,0,1.0,1.0,1.0,1.0,Alta Certeza (Grado I),1084.0,Cuarcitas; pizarras; areniscas; calizas y vulcanitas,"Ortocuarcitas, areniscas y pizarras",PALEOZOICO,ORDOVICICO, ,226218.8485511517,4683824.235224921,46422.5,45835.8,0
971,Manzarnoso II,,Hispania Tarraconensis,Spain,León,Cuenca Alta del Tuerto,,AT-04,LE 58,160.0,395.0,890.0,42.58754942,-6.185997468,100.0,"Converted in QGIS from Lambert coords, Madrid 1870",need to add details of sub-sites,,,,,,TRUE,0.0,0.0,0.0,0.0,0.0,0.0,0.0,0.0,,"Domergue 1990: 43; Sanchez-Palencia and Orejas 1994, 189",1.0,0.0,True,False,False,0.0,1.0,0.0,0.0,,Colluvial deposits,Secondary,Selective - Extensive,1,Confirmado,0,No,0,No,0,No,0,No,0,No,0,No,1,0,1,0,1.0,1.0,1.0,1.0,Alta Certeza (Grado I),1137.0,Cuarcitas; pizarras; areniscas; calizas y vulcanitas,"Areniscas, pizarras, cuarcitas o calizas y conglomerados",PALEOZOICO,CAMBRICO-ORDOVICICO, ,238572.8810139045,4719935.871791643,12518.6,14971.1,0
972,La Devesa II,,Hispania Tarraconensis,Spain,León,Cuenca Alta del Tuerto,,AT-10,LE 58,160.0,402.8,890.2,42.59127997,-6.091062034,100.0,"Converted in QGIS from Lambert coords, Madrid 1870",need to add details of sub-sites,,,,,,TRUE,0.0,0.0,0.0,0.0,0.0,0.0,0.0,0.0,,"Domergue 1990: 43; Sanchez-Palencia and Orejas 1994, 190",1.0,0.0,True,False,False,0.0,1.0,0.0,0.0,,Colluvial deposits,Secondary,Selective,1,Confirmado,0,No,0,No,0,No,0,No,0,No,0,No,1,0,1,0,1.0,1.0,1.0,1.0,Alta Certeza (Grado I),973.0,Cuarcitas; pizarras; areniscas; calizas y vulcanitas,"Areniscas, pizarras, cuarcitas o calizas y conglomerados",PALEOZOICO,CAMBRICO-ORDOVICICO, ,246378.60545726836,4720061.085048024,11953.6,19598.2,0
973,Manzarnoso I / Peñasturón,,Hispania Tarraconensis,Spain,León,Cuenca Alta del Tuerto,,AT-05,LE 58,160.0,397.0,888.5,42.57455126,-6.161131708,100.0,"Converted in QGIS from Lambert coords, Madrid 1870",need to add details of sub-sites,,,,,,TRUE,0.0,0.0,0.0,0.0,0.0,0.0,0.0,0.0,,"Domergue 1990: 43; Sanchez-Palencia and Orejas 1994, 189",1.0,0.0,True,False,False,0.0,1.0,0.0,0.0,,Colluvial deposits,Secondary,Selective - Extensive,1,Confirmado,0,No,0,No,0,No,0,No,0,No,0,No,1,0,1,0,1.0,1.0,1.0,1.0,Alta Certeza (Grado I),1158.0,Cuarcitas; pizarras; areniscas; calizas y vulcanitas,"Areniscas, pizarras, cuarcitas o calizas y conglomerados",PALEOZOICO,CAMBRICO-ORDOVICICO, ,240559.4758527292,4718415.802485676,14253.3,17244.2,0
974,Marco del Abuelo,,Hispania Tarraconensis,Spain,Oviedo,Cuenca del Navia,,NV-57,,,,,43.135688,-6.786064,1000.0,"Placename, IGN map, Google Earth, and Sanchez-Palencia and Orejas 1994, fig. 13.",,,,,,,TRUE,0.0,0.0,0.0,0.0,0.0,0.0,0.0,0.0,,"Sanchez-Palencia and Orejas 1994, 200",,,,,,,,,,,,Primary,Selective,1,Confirmado,0,No,0,No,0,No,0,No,0,No,0,No,0,0,0,0,0.7,0.9,1.0,0.845,Alta Certeza (Grado I),867.0,Cuarcitas; pizarras; areniscas; calizas y vulcanitas,"Pizarras, areniscas, cuarcitas y calizas o rocas vulcanoclásticas",PALEOZOICO,ORDOVICICO, ,192069.2258105207,4782844.361841137,1229.2,978.8,31
977,Mazarrón,,Hispania Tarraconensis,Spain,Murcia,Cartagena-Mazarrón,,,MU 10,976.0,808.2,336.4,37.59847407,-1.329361505,100.0,"Converted in QGIS from Lambert coords, Madrid 1870",,,,,,,FALSE,1.0,1.0,0.0,0.0,0.0,0.0,0.0,0.0,,Domergue 1990: 64,0.0,1.0,False,False,False,0.0,0.0,0.0,0.0,,,,,0,No,1,Confirmado,0,No,1,Confirmado,0,No,0,No,0,No,0,1,0,0,1.0,0.9,1.0,0.965,Alta Certeza (Grado I),132.0,Conglomerados; areniscas; arcillas; calizas y evaporitas; Vulcanitas basicas,"Conglomerados, calcarenitas, calizas arrecifales, areniscas y margas con niveles turbidíticos",CENOZOICO,NEOGENO, ,647479.1120292597,4162578.450795043,29817.3,27011.4,0
978,Medela,,Hispania Tarraconensis,Spain,Orense,Cuenca media del Miño,,MM-08,,,,,42.452409,-8.10176,500.0,"Google Earth, placename",,,,,,,TRUE,0.0,0.0,0.0,0.0,0.0,0.0,0.0,0.0,,"Sanchez-Palencia and Orejas 1994, 194",,,,,,,,,,,,Primary,Extensive,1,Confirmado,0,No,0,No,0,No,0,No,0,No,0,No,0,0,0,0,0.85,0.9,1.0,0.905,Alta Certeza (Grado I),587.0,Areniscas; pizarras y calizas,"Pizarras, esquistos, areniscas, calizas, ampelitas y liditas",PALEOZOICO,SILURICO-DEVONICO, ,80440.64699376246,4712634.322157676,43443.6,33884.8,0
979,Meiriña - La Raña,,Hispania Tarraconensis,Spain,"León, Orense, Lugo",Cuenca media del Sil,,MS-002,,,,,42.536257,-6.776897,1000.0,IGN map and Google Earth,Coordinates are for a point between the two toponyms Meiriña and La Raña on the IGN map,,,,,,TRUE,0.0,0.0,0.0,0.0,0.0,0.0,0.0,0.0,,"Sanchez-Palencia and Orejas 1994, 194",1.0,0.0,True,,,,,,,,,Secondary,Extensive,1,Confirmado,0,No,0,No,0,No,0,No,0,No,0,No,1,0,1,0,0.7,0.9,1.0,0.845,Alta Certeza (Grado I),423.0,Conglomerados; gravas; arenas y limos,"Conglomerados, gravas, arenas, areniscas, limos y arcillas. Terrazas fluviales y marinas",CENOZOICO,CUATERNARIO, ,189826.7343377191,4716235.739629696,14514.0,14758.6,0
980,Melgoto,,Hispania Tarraconensis,Spain,León,Cuenca media del Sil,,MS-010,,,,,42.446163,-6.826435,1000.0,"Guessed from Google Earth and Sanchez-Palencia and Orejas 1994, fig. 16",,,,,,,TRUE,0.0,0.0,0.0,0.0,0.0,0.0,0.0,0.0,,"Sanchez-Palencia and Orejas 1994, 195",1.0,0.0,True,,,,,,,,,Secondary,Selective,1,Confirmado,0,No,0,No,0,No,0,No,0,No,0,No,1,0,1,0,0.7,0.9,1.0,0.845,Alta Certeza (Grado I),512.0,Areniscas; pizarras y calizas,"Pizarras, esquistos, areniscas, calizas, ampelitas y liditas",PALEOZOICO,SILURICO-DEVONICO, ,185305.91250940872,4706412.658546576,23492.9,24563.4,0
981,Mesa del Castaño,,Hispania Baetica,Spain,Badajoz,Azuaga-Fuenteovejuna,,,BA 18,878.0,435.6,400.6,38.18640885,-5.56581619,100.0,"Converted in QGIS from Lambert coords, Madrid 1870",,,,,,,FALSE,0.0,0.0,1.0,0.0,0.0,0.0,0.0,0.0,,Domergue 1990: 46,0.0,1.0,False,False,False,0.0,0.0,0.0,0.0,,Hard rock,Primary,,0,No,0,No,1,Confirmado,0,No,0,No,0,No,0,No,0,1,0,0,1.0,0.9,1.0,0.965,Alta Certeza (Grado I),453.0,Gneises; esquistos; marmoles y vulcanitas,"Cuarcitas, gneises, esquistos, pizarras y grauwacas",PROTEROZOICO-PALEOZOICO,RIFEENSE-VENDIENSE-CAMBRICO, ,275281.74446755974,4229609.652575589,3558.0,7624.7,1
982,Milagros,,Hispania Tarraconensis,Spain,Oviedo,Asturias,,,O 19,55.0,496.0,972.0,43.34467329,-4.969865368,100.0,"Converted in QGIS from Lambert coords, Madrid 1870",,,,,,,FALSE,0.0,0.0,1.0,0.0,0.0,0.0,0.0,0.0,,Domergue 1990: 42,,,False,False,False,0.0,0.0,0.0,,,Hard rock,,,0,No,0,No,1,Confirmado,0,No,0,No,0,No,0,No,0,0,0,0,1.0,0.9,1.0,0.965,Alta Certeza (Grado I),404.0,Conglomerados; areniscas; pizarras; calizas y vulcanitas; Carbon,Calizas y dolomías,PALEOZOICO,CARBONIFERO, ,340338.0311772957,4800975.60151018,1127.6,330.2,29
983,Míllera,,Hispania Tarraconensis,Spain,Oviedo,Cuenca del Narcea,,NA-52,,,,,43.332594,-6.250447,500.0,"Estimated from Sanchez-Palencia and Orejas 1994, fig. 13, IGN map, and Google Earth",,,,,,,TRUE,0.0,0.0,0.0,0.0,0.0,0.0,0.0,0.0,,"Sanchez-Palencia and Orejas 1994, 198",,,,,,,,,,,,Primary,Selective - Extensive,1,Confirmado,0,No,0,No,0,No,0,No,0,No,0,No,0,0,0,0,0.85,0.9,1.0,0.905,Alta Certeza (Grado I),703.0,Cuarcitas; pizarras; areniscas; calizas y vulcanitas,"Areniscas, pizarras, cuarcitas o calizas y conglomerados",PALEOZOICO,CAMBRICO-ORDOVICICO, ,236486.47565929766,4802882.098222469,5126.3,5654.8,0
984,Mina de la Lomba,,Hispania Tarraconensis,Spain,León,Cuenca Alta del Orbigo,,AO-06,,,,,42.752509,-5.999323,500.0,"Estimated from Sanchez-Palencia and Orejas 1994, fig. 15, IGN map placename, and Google Earth",,,,,,,TRUE,0.0,0.0,0.0,0.0,0.0,0.0,0.0,0.0,,"Sanchez-Palencia and Orejas 1994, 188",,,,,,,,,,,,Primary,Selective,1,Confirmado,0,No,0,No,0,No,0,No,0,No,0,No,0,0,0,0,0.85,0.9,1.0,0.905,Alta Certeza (Grado I),1221.0,Cuarcitas; pizarras; areniscas; calizas y vulcanitas,"Areniscas, pizarras, cuarcitas o calizas y conglomerados",PALEOZOICO,CAMBRICO-ORDOVICICO, ,254542.2674770874,4737695.264569772,2535.4,9157.3,4
985,Mina Teuler,,Hispania Baetica,Spain,Huelva,Huelva,,,H 44,918.0,371.9,374.0,37.93227464,-6.28423372,100.0,"Converted in QGIS from Lambert coords, Madrid 1870",,,,,,,FALSE,0.0,0.0,1.0,0.0,0.0,0.0,0.0,0.0,,Domergue 1990: 61,,,False,False,False,0.0,0.0,0.0,,,Pyrite,Primary,,0,No,0,No,1,Confirmado,0,No,0,No,0,No,0,No,0,0,0,0,1.0,0.9,1.0,0.965,Alta Certeza (Grado I),648.0,Cuarcitas; pizarras; areniscas; calizas y vulcanitas,"Pizarras, grauwacas o arcosas, conglomerados y calizas",PROTEROZOICO-PALEOZOICO,VENDIENSE-CAMBRICO, ,211349.12449223618,4203389.502198057,531.3,531.3,22
986,Mina Valquemado,,Hispania Baetica,Spain,Jaén,Montoro Andújar,,,J 3,883.0,560.3,405.3,38.24348353,-4.14175311,100.0,"Converted in QGIS from Lambert coords, Madrid 1870",,,,,,,FALSE,0.0,0.0,1.0,0.0,0.0,0.0,0.0,0.0,,Domergue 1990: 47,,,False,False,False,0.0,0.0,0.0,,,Hard rock,,,0,No,0,No,1,Confirmado,0,No,0,No,0,No,0,No,0,0,0,0,1.0,0.9,1.0,0.965,Alta Certeza (Grado I),673.0,Granitoides de emplazamiento epi-mesozonal,Granitoides de dos micas,PALEOZOICO,DEVONICO-CARBONIFERO-PERMICO,ROCAS PLUTONICAS HERCINICAS,400087.9068057835,4233446.844438533,458.3,1696.7,9
987,Minas de Cala,,Hispania Baetica,Spain,Huelva,Huelva,,,H 16,918.0,366.2,375.8,37.94697837,-6.34968618,100.0,"Converted in QGIS from Lambert coords, Madrid 1870",,,,,,,FALSE,0.0,0.0,1.0,0.0,0.0,0.0,0.0,0.0,,Domergue 1990: 61,0.0,1.0,False,False,False,0.0,0.0,0.0,0.0,,Pyrite,Primary,,0,No,0,No,1,Confirmado,0,No,0,No,0,No,0,No,0,1,0,0,1.0,0.9,1.0,0.965,Alta Certeza (Grado I),550.0,Cuarcitas; pizarras; areniscas; calizas y vulcanitas,Pizarras y/o esquistos arenosos,PALEOZOICO,CAMBRICO, ,205653.65170769184,4205226.591188056,1960.4,2616.8,17
988,Mirabueno,,Hispania Baetica,Spain,Córdoba,Córdoba,,,CO 113,901.0,489.3,386.0,38.06333387,-4.95016262,100.0,"Converted in QGIS from Lambert coords, Madrid 1870",,,,,,,FALSE,1.0,1.0,0.0,0.0,0.0,0.0,0.0,0.0,,Domergue 1990: 47,,,False,False,False,0.0,0.0,0.0,,,Hard rock,,,0,No,1,Confirmado,0,No,1,Confirmado,0,No,0,No,0,No,0,0,0,0,1.0,0.9,1.0,0.965,Alta Certeza (Grado I),503.0,Conglomerados; areniscas; pizarras; calizas y vulcanitas; Carbon,Pizarras y grauwacas; conglomerados y calizas,PALEOZOICO,DEVONICO-CARBONIFERO, ,328920.2883947117,4214637.506666683,4250.4,4357.5,1
989,Miraflores,,Hispania Baetica,Spain,Badajoz,La Serena,,,BA 39,805.0,440.6,465.3,38.77056956,-5.52393981,100.0,"Converted in QGIS from Lambert coords, Madrid 1870",,,,,,,FALSE,1.0,1.0,1.0,0.0,0.0,0.0,0.0,0.0,,Domergue 1990: 45,,,False,False,False,0.0,0.0,0.0,,,Hard rock,Primary,,0,No,1,Confirmado,1,Confirmado,1,Confirmado,0,No,0,No,0,No,0,0,0,0,1.0,0.9,1.0,0.965,Alta Certeza (Grado I),418.0,Gneises; esquistos; marmoles y vulcanitas,"Pizarras, grauwacas, conglomerados o porfiroides",PROTEROZOICO, , ,280728.1165796729,4294342.333992544,5317.5,4671.7,0
990,Moeche,,Hispania Tarraconensis,Spain,La Coruña,Galicia,,,C 6,7.0,253.5,1002.0,43.54630608,-7.97375636,100.0,"Converted in QGIS from Lambert coords, Madrid 1870",,,,,,,FALSE,0.0,0.0,1.0,0.0,0.0,0.0,0.0,0.0,,Domergue 1990: 41,,,False,False,False,0.0,0.0,0.0,,,Hard rock,,,0,No,0,No,1,Confirmado,0,No,0,No,0,No,0,No,0,0,0,0,1.0,0.9,1.0,0.965,Alta Certeza (Grado I),160.0,Rocas metamorficas,"Serpentinitas, metabasitas y metavulcanitas ácidas (Metasedimentos septentrionales)",PROTEROZOICO-PALEOZOICO, ,UNIDADES ALOCTONAS DEL MACIZO HESPERICO,98181.46469357936,4833515.206137344,5536.5,3666.5,0
993,Moncelos,,Hispania Tarraconensis,Spain,Lugo,Galicia,,,LU 1,48.0,290.8,971.0,43.28296659,-7.496621083,100.0,"Converted in QGIS from Lambert coords, Madrid 1870",,,,,,,TRUE,0.0,0.0,0.0,0.0,0.0,0.0,0.0,0.0,,Domergue 1990: 41,0.0,0.0,True,False,False,0.0,1.0,0.0,0.0,,Quaternary terrace,,,1,Confirmado,0,No,0,No,0,No,0,No,0,No,0,No,1,0,1,0,1.0,0.9,1.0,0.965,Alta Certeza (Grado I),449.0,Conglomerados; gravas; arenas y limos,"Conglomerados, gravas, arenas, areniscas, limos y arcillas. Terrazas fluviales y marinas",CENOZOICO,CUATERNARIO, ,135151.3866269443,4802064.625888396,1049.5,252.5,16
995,Monte dos Castros,,Hispania Tarraconensis,Spain,Lugo,Cuenca del Masma,,MA-02,,,,,43.544684,-7.350896,500.0,IGN Map and Google Earth,Toponym  Coto dos Castros on the IGN map,,,,,,TRUE,0.0,0.0,0.0,0.0,0.0,0.0,0.0,0.0,,"Sanchez-Palencia and Orejas 1994, 194",1.0,0.0,True,,,,,,,,,Secondary,Selective - Extensive,1,Confirmado,0,No,0,No,0,No,0,No,0,No,0,No,1,0,1,0,0.85,0.9,1.0,0.905,Alta Certeza (Grado I),245.0,Granitoides postcinematicos de emplazamiento epizonal,Granitoides biotíticos,PALEOZOICO,DEVONICO-CARBONIFERO-PERMICO,ROCAS PLUTONICAS HERCINICAS,148496.7489853254,4830507.4641583245,1963.4,814.8,6
996,Monte Los Pedregales,,Hispania Tarraconensis,Spain,"León, Orense, Lugo",Cuenca media del Sil,,MS-086,,,,,42.676812,-7.162755,1000.0,"Guessed from Google Earth and Sanchez-Palencia and Orejas 1994, fig. 16",,,,,,,TRUE,0.0,0.0,0.0,0.0,0.0,0.0,0.0,0.0,,"Sanchez-Palencia and Orejas 1994, 196",,,,,,,,,,,,Primary,Extensive,1,Confirmado,0,No,0,No,0,No,0,No,0,No,0,No,0,0,0,0,0.7,0.9,1.0,0.845,Alta Certeza (Grado I),1380.0,Cuarcitas; pizarras; areniscas; calizas y vulcanitas,"Pizarras, grauwacas o arcosas, conglomerados y calizas",PROTEROZOICO-PALEOZOICO,VENDIENSE-CAMBRICO, ,158903.15325371613,4733333.464260788,3484.6,457.2,12
997,Monte Lourido,,Hispania Tarraconensis,Spain,La Coruña,Cuenca del Mero,,ME-01,,,,,43.227798,-8.338858,500.0,IGN Map and Google Earth,Covas de Lourido,,,,,,TRUE,0.0,0.0,0.0,0.0,0.0,0.0,0.0,0.0,,"Sanchez-Palencia and Orejas 1994, 194",1.0,0.0,True,,,,,,,,,Secondary,Extensive,1,Confirmado,0,No,0,No,0,No,0,No,0,No,0,No,1,0,1,0,0.85,0.9,1.0,0.905,Alta Certeza (Grado I),121.0,Rocas metamorficas,"Serpentinitas, metabasitas y metavulcanitas ácidas (Metasedimentos septentrionales)",PROTEROZOICO-PALEOZOICO, ,UNIDADES ALOCTONAS DEL MACIZO HESPERICO,66410.32565519447,4799968.424114324,33803.2,30263.0,0
998,Monte Neme,,Hispania Tarraconensis,Spain,La Coruña,Galicia,,,C 4,44.0,191.0,975.0,43.27436828,-8.72642841,100.0,"Converted in QGIS from Lambert coords, Madrid 1870",,,,,,,FALSE,0.0,0.0,0.0,1.0,0.0,0.0,0.0,0.0,,Domergue 1990: 41,,,False,False,False,0.0,0.0,0.0,,,Hard rock,,,0,No,0,No,0,No,0,No,0,No,1,Confirmado,0,No,0,0,0,0,1.0,0.9,1.0,0.965,Alta Certeza (Grado I),273.0,Areniscas; pizarras y calizas,"Pizarras, esquistos, areniscas, calizas, ampelitas y liditas",PALEOZOICO,SILURICO-DEVONICO, ,35283.501485009736,4807230.417946173,65337.2,62225.0,0
999,Monte Oucedo - Las Peneliñas,,Hispania Tarraconensis,Spain,León,Cuencas de Cúa y Burbia,,CB-34,LE 56,,,,42.564687,-6.77063,500.0,"Estimated from Sanchez-Palencia and Orejas 1994, fig. 14, IGN map, and Google Earth",,,,,,,TRUE,0.0,0.0,0.0,0.0,0.0,0.0,0.0,0.0,,"Sanchez-Palencia and Orejas 1994, 192",1.0,0.0,True,,,,,,,,,Secondary,Selective - Extensive,1,Confirmado,0,No,0,No,0,No,0,No,0,No,0,No,1,0,1,0,0.85,1.0,1.0,0.94,Alta Certeza (Grado I),519.0,Conglomerados; areniscas; arcillas y calizas; Evaporitas,"Turbiditas calcáreas. Calizas, calizas arenosas, areniscas y margas arenosas",CENOZOICO,PALEOGENO-NEOGENO, ,190482.1898342871,4719370.230835333,11901.2,11784.8,0
1000,Monte Romero,,Hispania Baetica,Spain,Huelva,Huelva,,,H 3,938.0,326.0,358.6,37.78028111,-6.80017225,100.0,"Converted in QGIS from Lambert coords, Madrid 1870",,,,,,,FALSE,0.0,0.0,1.0,0.0,0.0,0.0,0.0,0.0,,Domergue 1990: 62,,,False,False,False,0.0,0.0,0.0,,,Pyrite,Primary,,0,No,0,No,1,Confirmado,0,No,0,No,0,No,0,No,0,0,0,0,1.0,0.9,1.0,0.965,Alta Certeza (Grado I),276.0,Conglomerados; areniscas; pizarras; calizas y vulcanitas; Carbon,Vulcanitas y rocas vulcanoclásticas,PALEOZOICO,CARBONIFERO, ,165300.3227592809,4188242.8497468554,1545.8,1418.3,24
1001,Monte Triano,,Hispania Tarraconensis,Spain,Bilbao,,,,BI 2,61.0,650.6,964.5,43.28233686,-3.06484578,100.0,"Converted in QGIS from Lambert coords, Madrid 1870",,,,,,,FALSE,0.0,0.0,0.0,0.0,1.0,0.0,0.0,0.0,,Domergue 1990: 64,,,False,False,False,0.0,0.0,0.0,,,,,,0,No,0,No,0,No,0,No,0,No,0,No,1,Confirmado,0,0,0,0,1.0,0.9,1.0,0.965,Alta Certeza (Grado I),468.0,Calizas; dolomias y margas; Areniscas,"Margas y margocalizas. Margas arcillosas turbidíticas. Calizas arenosas, areniscas, arenas y margas.",MESOZOICO,CRETACICO, ,494738.7921185294,4792170.641652765,56279.1,42278.1,0
1002,Monte Venero,,Hispania Baetica,Spain,Jaén,,,,J 31,863.0,631.3,417.5,38.35381938,-3.32958398,100.0,"Converted in QGIS from Lambert coords, Madrid 1870",,,,,,,FALSE,1.0,1.0,0.0,0.0,0.0,0.0,0.0,0.0,,Domergue 1990: 49,,,False,False,False,0.0,0.0,0.0,,,Hard rock,Primary,,0,No,1,Confirmado,0,No,1,Confirmado,0,No,0,No,0,No,0,0,0,0,1.0,0.9,1.0,0.965,Alta Certeza (Grado I),650.0,Cuarcitas; pizarras; areniscas; calizas y vulcanitas,"Pizarras, areniscas, cuarcitas y calizas o rocas vulcanoclásticas",PALEOZOICO,ORDOVICICO, ,471202.9511167785,4245124.595099005,2258.8,2827.7,2
1003,Montefurado,,Hispania Tarraconensis,Spain,Lugo,Cuenca media del Sil,,MS-035,LU 11.e,,311.3,871.4,42.395616,-7.201249,0.0,"Google Earth, visit 4/08/2010 [AIW]",,,,,,,TRUE,0.0,0.0,0.0,0.0,0.0,0.0,0.0,0.0,,"Sanchez-Palencia and Orejas 1994, 195",1.0,0.0,True,False,False,1.0,0.0,0.0,0.0,,Alluvial deposits worked by ruina montium,Secondary,Extensive,1,Confirmado,0,No,0,No,0,No,0,No,0,No,0,No,1,0,1,0,1.0,1.0,1.0,1.0,Alta Certeza (Grado I),300.0,Areniscas; pizarras y calizas,"Pizarras, esquistos, areniscas, calizas, ampelitas y liditas",PALEOZOICO,SILURICO-DEVONICO, ,154197.5003233318,4702258.756920081,27884.2,27884.2,0
1004,Montefurado: Boca do Monte,,Hispania Tarraconensis,Spain,Lugo,Cuenca media del Sil,,MS-034,LU 10,189.0,310.4,871.0,42.3914,-7.206688,0.0,"Google Earth, visit 4/08/2010 [AIW]",,,,,,,TRUE,0.0,0.0,0.0,0.0,0.0,0.0,0.0,0.0,The river Sil was diverted to expose the placer deposits. Where the river made a sharp turn it was diverted through a rock-cut tunnel.,Lewis and Jones 1970; Domergue 1990: 40-41.,1.0,0.0,True,False,False,0.0,0.0,0.0,1.0,,"Placer deposits, mined in riverbed after diversion of river",Secondary,Selective,1,Confirmado,0,No,0,No,0,No,0,No,0,No,0,No,1,0,1,0,1.0,1.0,1.0,1.0,Alta Certeza (Grado I),282.0,Areniscas; pizarras y calizas,"Pizarras, esquistos, areniscas, calizas, ampelitas y liditas",PALEOZOICO,SILURICO-DEVONICO, ,153726.52499897993,4701812.702633578,28421.8,28421.8,0
1005,Monterroso,,Hispania Tarraconensis,Spain,Oviedo,Cuenca del Narcea,,NA-07,O 12,75.0,356.2,951.5,43.127027,-6.689333,300.0,"Converted in QGIS from Lambert coords, Madrid 1870; adjusted by comparison with Google Earth",,,,,,,TRUE,0.0,0.0,0.0,0.0,0.0,0.0,0.0,0.0,,"Domergue 1990: 42; Sanchez-Palencia and Orejas 1994, 197",1.0,0.0,True,,,,,,,,Hard rock,Primary,Selective - Extensive,1,Confirmado,0,No,0,No,0,No,0,No,0,No,0,No,1,0,1,0,0.85,1.0,1.0,0.94,Alta Certeza (Grado I),1164.0,Cuarcitas; pizarras; areniscas; calizas y vulcanitas,"Areniscas, pizarras, cuarcitas o calizas y conglomerados",PALEOZOICO,CAMBRICO-ORDOVICICO, ,199894.9361861908,4781530.974366091,3943.1,3383.2,5
1007,Moreda I,,Hispania Tarraconensis,Spain,León,Cuencas de Cúa y Burbia,,CB-14,,,,,42.728424,-6.728143,1000.0,"Estimated from Sanchez-Palencia and Orejas 1994, fig. 14, and Google Earth",,,,,,,TRUE,0.0,0.0,0.0,0.0,0.0,0.0,0.0,0.0,,"Sanchez-Palencia and Orejas 1994, 191",1.0,0.0,True,,,,,,,,,Secondary,Extensive,1,Confirmado,0,No,0,No,0,No,0,No,0,No,0,No,1,0,1,0,0.7,0.9,1.0,0.845,Alta Certeza (Grado I),848.0,Cuarcitas; pizarras; areniscas; calizas y vulcanitas,"Pizarras, areniscas, cuarcitas y calizas o rocas vulcanoclásticas",PALEOZOICO,ORDOVICICO, ,194772.98650335398,4737400.39737538,608.1,747.8,48
1008,Moreda II,,Hispania Tarraconensis,Spain,León,Cuencas de Cúa y Burbia,,CB-13,,,,,42.727809,-6.73267,100.0,"Estimated from Sanchez-Palencia and Orejas 1994, fig. 14, and Google Earth; seen from below village of Moreda 26/09/2021.",,,,,,,TRUE,0.0,0.0,0.0,0.0,0.0,0.0,0.0,0.0,,"Sanchez-Palencia and Orejas 1994, 191",1.0,0.0,True,,,,,,,,,Secondary,Extensive,1,Confirmado,0,No,0,No,0,No,0,No,0,No,0,No,1,0,1,0,1.0,0.9,1.0,0.965,Alta Certeza (Grado I),874.0,Cuarcitas; pizarras; areniscas; calizas y vulcanitas,"Pizarras, areniscas, cuarcitas y calizas o rocas vulcanoclásticas",PALEOZOICO,ORDOVICICO, ,194399.2907601805,4737348.492906275,534.2,1019.3,49
1009,Morla / Olleiro,,Hispania Tarraconensis,Spain,León,Cuenca del Eria,,ER-18,LE 10,230.0,387.0,854.0,42.26144846,-6.27072134,100.0,"Converted in QGIS from Lambert coords, Madrid 1870",,,,,,,TRUE,0.0,0.0,0.0,0.0,0.0,0.0,0.0,0.0,,"Domergue 1990: 43; Sanchez-Palencia and Orejas 1994, 193",1.0,0.0,True,False,False,0.0,0.0,0.0,0.0,,,Secondary,Extensive,1,Confirmado,0,No,0,No,0,No,0,No,0,No,0,No,1,0,1,0,1.0,1.0,1.0,1.0,Alta Certeza (Grado I),1174.0,Cuarcitas; pizarras; areniscas; calizas y vulcanitas,"Ortocuarcitas, areniscas y pizarras",PALEOZOICO,ORDOVICICO, ,230224.05762839882,4683986.583514152,46548.0,46322.6,0
1010,Moros,,Hispania Tarraconensis,Spain,Zaragoza,,,,Z 3,409.0,755.5,756.6,41.39711223,-1.82679945,100.0,"Converted in QGIS from Lambert coords, Madrid 1870",,,,,,,FALSE,0.0,0.0,0.0,0.0,1.0,0.0,0.0,0.0,,Domergue 1990: 64,,,False,False,False,0.0,0.0,0.0,,,,,,0,No,0,No,0,No,0,No,0,No,0,No,1,Confirmado,0,0,0,0,1.0,0.9,1.0,0.965,Alta Certeza (Grado I),686.0,Cuarcitas; pizarras; areniscas; calizas y vulcanitas,Calizas y dolomías,PALEOZOICO,CAMBRICO, ,598074.2630970199,4583505.842427299,784.9,6138.0,15
1011,Mortecino,,Hispania Baetica,Spain,Córdoba,Los Pedroches,,,CO 35,860.0,529.4,421.5,38.38756294,-4.49663869,100.0,"Converted in QGIS from Lambert coords, Madrid 1870",,,,,,,FALSE,0.0,0.0,1.0,0.0,0.0,0.0,0.0,0.0,,Domergue 1990: 47,0.0,1.0,False,False,False,0.0,0.0,0.0,0.0,,Hard rock,Primary,,0,No,0,No,1,Confirmado,0,No,0,No,0,No,0,No,0,1,0,0,1.0,0.9,1.0,0.965,Alta Certeza (Grado I),636.0,Granitoides de emplazamiento epi-mesozonal,Granitoides biotíticos,PALEOZOICO,DEVONICO-CARBONIFERO-PERMICO,ROCAS PLUTONICAS HERCINICAS,369290.2308694034,4249877.59480335,2502.4,1367.0,14
1012,Motilla,,Hispania Baetica,Spain,Córdoba,Los Pedroches,,,CO 13,881.0,498.7,415.8,38.33311948,-4.84741417,100.0,"Converted in QGIS from Lambert coords, Madrid 1870",,,,,,,FALSE,0.0,0.0,1.0,0.0,0.0,0.0,0.0,0.0,,Domergue 1990: 47,0.0,1.0,False,False,False,0.0,0.0,0.0,0.0,,Hard rock,Primary,,0,No,0,No,1,Confirmado,0,No,0,No,0,No,0,No,0,1,0,0,1.0,0.9,1.0,0.965,Alta Certeza (Grado I),704.0,Granitoides de emplazamiento epi-mesozonal,Granitoides biotíticos,PALEOZOICO,DEVONICO-CARBONIFERO-PERMICO,ROCAS PLUTONICAS HERCINICAS,338531.89955890464,4244391.238893888,12127.8,13700.4,0
1013,Murial de Irrondo,,Hispania Tarraconensis,Spain,Oviedo,Cuenca del Narcea,,NA-19,,,,,43.170378,-6.63186,1000.0,"Estimated from Sanchez-Palencia and Orejas 1994, fig. 13 and Google Earth",,,,,,,TRUE,0.0,0.0,0.0,0.0,0.0,0.0,0.0,0.0,,"Sanchez-Palencia and Orejas 1994, 197",1.0,0.0,True,,,,,,,,,Secondary,Selective,1,Confirmado,0,No,0,No,0,No,0,No,0,No,0,No,1,0,1,0,0.7,0.9,1.0,0.845,Alta Certeza (Grado I),635.0,Cuarcitas; pizarras; areniscas; calizas y vulcanitas,"Pizarras, grauwacas o arcosas, conglomerados y calizas",PROTEROZOICO-PALEOZOICO,VENDIENSE-CAMBRICO, ,204779.44302370754,4786141.301412428,410.7,3139.5,10
1015,Nava de Ricomalillo,,Hispania Tarraconensis,Spain,Toledo,,,,TO 2,682.0,491.4,563.2,39.66120691,-4.954938589,100.0,"Converted in QGIS from Lambert coords, Madrid 1870",,,,,,,TRUE,0.0,0.0,0.0,0.0,0.0,0.0,0.0,0.0,,Domergue 1990: 64,,,,,,,,,,,,,,1,Confirmado,0,No,0,No,0,No,0,No,0,No,0,No,0,0,0,0,1.0,0.9,1.0,0.965,Alta Certeza (Grado I),873.0,Cuarcitas; pizarras; areniscas; calizas y vulcanitas,"Areniscas, pizarras y calizas",PALEOZOICO,CAMBRICO, ,332299.1609069634,4391982.006202814,356.1,982.6,11
1016,Nava del Jadraque,,Hispania Tarraconensis,Spain,Guadalajara,,,,GU 1,460.0,646.3,721.2,41.09139712,-3.13633498,100.0,"Converted in QGIS from Lambert coords, Madrid 1870",,,,,,,TRUE,0.0,0.0,0.0,0.0,0.0,0.0,0.0,0.0,,Domergue 1990: 64,0.0,1.0,False,False,False,0.0,0.0,0.0,0.0,,Hard rock and alluvium,Primary - Secondary,,1,Confirmado,0,No,0,No,0,No,0,No,0,No,0,No,0,1,0,0,1.0,0.9,1.0,0.965,Alta Certeza (Grado I),1232.0,Cuarcitas; pizarras; areniscas; calizas y vulcanitas,"Pizarras, areniscas, cuarcitas y calizas o rocas vulcanoclásticas",PALEOZOICO,ORDOVICICO, ,488549.8713301701,4548912.0435845805,2393.6,1701.3,7
1017,Navafría,,Hispania Baetica,Spain,Córdoba,Córdoba,,,CO 50,880.0,489.5,398.2,38.17333312,-4.9498517,100.0,"Converted in QGIS from Lambert coords, Madrid 1870",,,,,,,FALSE,0.0,0.0,1.0,0.0,0.0,0.0,0.0,0.0,,Domergue 1990: 47,,,False,False,False,0.0,0.0,0.0,,,Hard rock,,,0,No,0,No,1,Confirmado,0,No,0,No,0,No,0,No,0,0,0,0,1.0,0.9,1.0,0.965,Alta Certeza (Grado I),657.0,Gneises; esquistos; marmoles y vulcanitas,"Cuarcitas, gneises, esquistos, pizarras y grauwacas",PROTEROZOICO-PALEOZOICO,RIFEENSE-VENDIENSE-CAMBRICO, ,329204.09174932167,4226843.523948482,1924.7,727.7,10
1018,Navalamoheda,,Hispania Baetica,Spain,Córdoba,Montoro Andújar,,,CO 80,882.0,552.0,397.6,38.17364508,-4.23608769,100.0,"Converted in QGIS from Lambert coords, Madrid 1870",,,,,,,FALSE,0.0,0.0,1.0,0.0,0.0,0.0,0.0,0.0,,Domergue 1990: 47,,,False,False,False,0.0,0.0,0.0,,,Hard rock,,,0,No,0,No,1,Confirmado,0,No,0,No,0,No,0,No,0,0,0,0,1.0,0.9,1.0,0.965,Alta Certeza (Grado I),736.0,Conglomerados; areniscas; pizarras; calizas y vulcanitas; Carbon,Pizarras y grauwacas; conglomerados y calizas,PALEOZOICO,DEVONICO-CARBONIFERO, ,391729.19756401906,4225803.471566916,1122.6,1253.7,7
1019,Navalasno,,Hispania Baetica,Spain,Jaén,Montoro Andújar,,,J 7,883.0,565.4,399.2,38.18870872,-4.08314622,100.0,"Converted in QGIS from Lambert coords, Madrid 1870",,,,,,,FALSE,0.0,0.0,1.0,0.0,0.0,0.0,0.0,0.0,,Domergue 1990: 47,,,False,False,False,0.0,0.0,0.0,,,Hard rock,,,0,No,0,No,1,Confirmado,0,No,0,No,0,No,0,No,0,0,0,0,1.0,0.9,1.0,0.965,Alta Certeza (Grado I),585.0,Granitoides de emplazamiento epi-mesozonal,Granitoides de dos micas,PALEOZOICO,DEVONICO-CARBONIFERO-PERMICO,ROCAS PLUTONICAS HERCINICAS,405145.516000538,4227307.33658463,2666.5,4686.2,12
1020,Navalespino,,Hispania Baetica,Spain,Córdoba,Azuaga-Fuenteovejuna,,,CO 57,856.0,438.7,424.4,38.40152014,-5.53605208,100.0,"Converted in QGIS from Lambert coords, Madrid 1870",,,,,,,FALSE,1.0,1.0,1.0,0.0,0.0,0.0,0.0,0.0,,Domergue 1990: 46,0.0,1.0,False,False,False,0.0,0.0,0.0,0.0,,Hard rock,Primary,,0,No,1,Confirmado,1,Confirmado,1,Confirmado,0,No,0,No,0,No,0,1,0,0,1.0,0.9,1.0,0.965,Alta Certeza (Grado I),542.0,Conglomerados; areniscas; arcillas; calizas y evaporitas; Vulcanitas basicas,"Calcarenitas, arenas y limos amarillos",CENOZOICO,NEOGENO, ,278544.20940176665,4253411.559597058,4579.0,454.9,1
1021,Navelgas,,Hispania Tarraconensis,Spain,Oviedo,Asturias,,,O 26,26.0,369.0,982.5,43.41262417,-6.538659739,100.0,"Converted in QGIS from Lambert coords, Madrid 1870",,,,,,,TRUE,0.0,0.0,0.0,0.0,0.0,0.0,0.0,0.0,,Domergue 1990: 42,,,,,,,,,,,Hard rock,,,1,Confirmado,0,No,0,No,0,No,0,No,0,No,0,No,0,0,0,0,1.0,0.9,1.0,0.965,Alta Certeza (Grado I),374.0,Cuarcitas; pizarras; areniscas; calizas y vulcanitas,"Areniscas, pizarras, cuarcitas o calizas y conglomerados",PALEOZOICO,CAMBRICO-ORDOVICICO, ,213496.89614796086,4812722.019527253,1604.8,1736.3,17
1022,Navelgas Norte: Mina de Entrepeñas,,Hispania Tarraconensis,Spain,Oviedo,Cuenca del Esba o Canero,,ES-03,O 26,26.0,369.0,982.5,43.41262417,-6.538659739,50.0,"Converted in QGIS from Lambert coords, Madrid 1870",Location from Domergue's entry for Navelgas (does not distinguish between Navelgas Nord and Sur). I have assumed that Navelgas Nord = the Mina de Entrepeñas.,,,,,,TRUE,0.0,0.0,0.0,0.0,0.0,0.0,0.0,0.0,"I have assumed that Navelgas Nord = the Mina de Entrepeñas, underground gallery; usually flooded.","Domergue 1990: 42; Sanchez-Palencia and Orejas 1994, 193",,,,,,,,,,,,Secondary - Primary,Extensive,1,Confirmado,0,No,0,No,0,No,0,No,0,No,0,No,0,0,0,0,1.0,1.0,1.0,1.0,Alta Certeza (Grado I),374.0,Cuarcitas; pizarras; areniscas; calizas y vulcanitas,"Areniscas, pizarras, cuarcitas o calizas y conglomerados",PALEOZOICO,CAMBRICO-ORDOVICICO, ,213496.89614796086,4812722.019527253,1604.8,1736.3,17
1023,Navelgas Norte: Mina la Moura,,Hispania Tarraconensis,Spain,Oviedo,Cuenca del Esba o Canero,,ES-03,O 26,26.0,369.0,982.5,43.411108,-6.541224,200.0,"Converted in QGIS from Lambert coords, Madrid 1870","Mina la Moura marked on the IGN 1:25,000 map; see also https://cartographic.info/espana/map.php?id=121345",,,,,,TRUE,0.0,0.0,0.0,0.0,0.0,0.0,0.0,0.0,,"Domergue 1990: 42; Sanchez-Palencia and Orejas 1994, 193",,1.0,,,,,,,,,Hard rock,Primary,Extensive,1,Confirmado,0,No,0,No,0,No,0,No,0,No,0,No,0,1,0,0,0.85,1.0,1.0,0.94,Alta Certeza (Grado I),334.0,Cuarcitas; pizarras; areniscas; calizas y vulcanitas,"Areniscas, pizarras, cuarcitas o calizas y conglomerados",PALEOZOICO,CAMBRICO-ORDOVICICO, ,213282.10719751357,4812562.448411051,1772.4,1826.4,17
1024,Nueva Concepción,,Hispania Tarraconensis,Spain,Ciudad Real,Alcudia,,,CR 7,808.0,510.1,459.8,38.73107427,-4.72278933,100.0,"Converted in QGIS from Lambert coords, Madrid 1870",,,,,,,FALSE,0.0,0.0,0.0,0.0,0.0,1.0,0.0,0.0,,Domergue 1990: 47,,,False,False,False,0.0,0.0,0.0,,,,,,0,No,0,No,0,No,0,No,1,Confirmado,0,No,0,No,0,0,0,0,1.0,0.9,1.0,0.965,Alta Certeza (Grado I),576.0,Cuarcitas; pizarras; areniscas; calizas y vulcanitas,"Pizarras, areniscas, cuarcitas y calizas o rocas vulcanoclásticas",PALEOZOICO,ORDOVICICO, ,350252.6432649855,4288343.111011947,1336.8,287.3,27
1025,O Foio,,Hispania Tarraconensis,Spain,Orense,Cuenca media del Sil,,MS-019,,,,,42.417614,-6.911044,100.0,"Estimated from Google Earth, IGN map and Sanchez-Palencia and Orejas 1994, fig. 16",,,,,,,TRUE,0.0,0.0,0.0,0.0,0.0,0.0,0.0,0.0,,"Sanchez-Palencia and Orejas 1994, 195",1.0,0.0,True,,,,,,,,,Secondary,Extensive,1,Confirmado,0,No,0,No,0,No,0,No,0,No,0,No,1,0,1,0,1.0,0.9,1.0,0.965,Alta Certeza (Grado I),426.0,Areniscas; pizarras y calizas,"Pizarras, esquistos, areniscas, calizas, ampelitas y liditas",PALEOZOICO,SILURICO-DEVONICO, ,178200.27248094114,4703559.617219233,26238.6,27369.6,0
1026,O Penedo,,Hispania Tarraconensis,Spain,Orense,Cuenca del Bibei,,BI-04,OR 13,266.0,315.2,841.5,42.12705731,-7.134731569,100.0,"Converted in QGIS from Lambert coords, Madrid 1870",,,,,,,TRUE,0.0,0.0,0.0,0.0,0.0,0.0,0.0,0.0,,"Domergue 1990: 41; Sanchez-Palencia and Orejas 1994, 190",1.0,0.0,True,,,,,,,,Quaternary terrace,Secondary,Selective,1,Confirmado,0,No,0,No,0,No,0,No,0,No,0,No,1,0,1,0,1.0,1.0,1.0,1.0,Alta Certeza (Grado I),668.0,Granitoides de emplazamiento meso-catazonal,Granitoides de dos micas,PALEOZOICO,DEVONICO-CARBONIFERO-PERMICO,ROCAS PLUTONICAS HERCINICAS,158223.32041261636,4672163.096505444,57328.3,57384.8,0
1029,Ochadoiro,,Hispania Tarraconensis,Spain,León,Cuenca Alta del Sil,,AS-04,,,,,42.894529,-6.352401,500.0,Matías Rodríguez 2013 fig. 1,,,,,,,TRUE,0.0,0.0,0.0,0.0,0.0,0.0,0.0,0.0,Fed by aqueduct channel.," Sanchez-Palencia and Orejas 1994, 189; Matías Rodríguez 2013",1.0,0.0,True,,,,,,,,,Primary,Extensive,1,Confirmado,0,No,0,No,0,No,0,No,0,No,0,No,1,0,1,0,0.85,0.9,1.0,0.905,Alta Certeza (Grado I),,Cuarcitas; pizarras; areniscas; calizas y vulcanitas,"Pizarras, grauwacas o arcosas, conglomerados y calizas",PROTEROZOICO-PALEOZOICO,VENDIENSE-CAMBRICO, ,226272.721859748,4754556.395731694,9885.2,9693.2,0
1030,Oencia,,Hispania Tarraconensis,Spain,León,Cuenca media del Sil,,MS-052,,,,,42.538629,-6.966786,1000.0,"Google Earth, placename, and IGN map",,,,,,,TRUE,0.0,0.0,0.0,0.0,0.0,0.0,0.0,0.0,,"Sanchez-Palencia and Orejas 1994, 196",1.0,0.0,True,,,,,,,,,Secondary,Extensive,1,Confirmado,0,No,0,No,0,No,0,No,0,No,0,No,1,0,1,0,0.7,0.9,1.0,0.845,Alta Certeza (Grado I),,Cuarcitas; pizarras; areniscas; calizas y vulcanitas,"Areniscas, pizarras, cuarcitas o calizas y conglomerados",PALEOZOICO,CAMBRICO-ORDOVICICO, ,174242.56638720026,4717212.807526215,12845.2,13727.9,0
1031,Morla,,Hispania Tarraconensis,Spain,León,Cuenca del Eria,,ER-19,,,,,42.248576,-6.277165,100.0,"Estimated from Sanchez-Palencia and Orejas 1994, fig. 17 and Google Earth",,,,,,,TRUE,0.0,0.0,0.0,0.0,0.0,0.0,0.0,0.0,,"Sanchez-Palencia and Orejas 1994, 193",1.0,0.0,True,False,True,0.0,1.0,0.0,0.0,,Colluvial deposits,Secondary,Selective,1,Confirmado,0,No,0,No,0,No,0,No,0,No,0,No,1,0,1,0,1.0,0.9,1.0,0.965,Alta Certeza (Grado I),,Cuarcitas; pizarras; areniscas; calizas y vulcanitas,"Ortocuarcitas, areniscas y pizarras",PALEOZOICO,ORDOVICICO, ,229637.47416704375,4682577.527283705,47886.3,47590.3,0
1032,Orellana Vieja,,Hispania Baetica,Spain,Badajoz,,,,BA 58,778.0,440.5,490.6,38.99863371,-5.53111628,100.0,"Converted in QGIS from Lambert coords, Madrid 1870",,,,,,,FALSE,1.0,1.0,0.0,0.0,0.0,0.0,0.0,0.0,,Domergue 1990: 48,,,False,False,False,0.0,0.0,0.0,,,Hard rock,Primary,,0,No,1,Confirmado,0,No,1,Confirmado,0,No,0,No,0,No,0,0,0,0,1.0,0.9,1.0,0.965,Alta Certeza (Grado I),,,,,,,280807.0042332454,4319672.875946994,11891.0,490.1,0
1033,Os Medos,,Hispania Tarraconensis,Spain,Pontevedra,Cuenca Baja del Miño,,BM-01,,,,,41.977349,-8.782069,500.0,"Google Earth, IGN, placename",,,,,,,TRUE,0.0,0.0,0.0,0.0,0.0,0.0,0.0,0.0,,"Sanchez-Palencia and Orejas 1994, 190",1.0,0.0,True,,,,,,,,,Secondary,Selective - Extensive,1,Confirmado,0,No,0,No,0,No,0,No,0,No,0,No,1,0,1,0,0.85,0.9,1.0,0.905,Alta Certeza (Grado I),,Areniscas; pizarras y calizas,"Pizarras, esquistos, areniscas, calizas, ampelitas y liditas",PALEOZOICO,SILURICO-DEVONICO, ,20886.85880839906,4663459.66965225,120092.4,111081.1,0
1034,Os Pozos da Barreira,,Hispania Tarraconensis,Spain,Orense,Cuenca media del Miño,,MM-06,,,,,42.450154,-8.086909,500.0,"Google Earth, placename, and IGN map","Possibly the same as Domergue's Madarnas, which is close by ",,,,,,TRUE,0.0,0.0,0.0,0.0,0.0,0.0,0.0,0.0,,"Sanchez-Palencia and Orejas 1994, 194",,,,,,,,,,,,Primary,Extensive,1,Confirmado,0,No,0,No,0,No,0,No,0,No,0,No,0,0,0,0,0.85,0.9,1.0,0.905,Alta Certeza (Grado I),,Granitoides de emplazamiento meso-catazonal,Granitoides de dos micas,PALEOZOICO,DEVONICO-CARBONIFERO-PERMICO,ROCAS PLUTONICAS HERCINICAS,81647.20073608076,4712310.335942219,42957.0,33234.7,0
1035,Osseja ?,,Hispania Tarraconensis,Spain,Gerona,Pyrenees,,,,,,,42.406806,1.978388,0.0,Google Earth,,,,,,,TRUE,0.0,0.0,0.0,0.0,0.0,0.0,0.0,0.0,Possible hydraulic opencast mining visible on Google Earth,,1.0,0.0,True,False,False,0.0,0.0,0.0,0.0,,,,,1,Confirmado,0,No,0,No,0,No,0,No,0,No,0,No,1,0,1,0,1.0,0.4,1.0,0.79,Media Certeza (Grado II),,Cuarcitas; pizarras; areniscas; calizas y vulcanitas,Esquistos y paragneises,PALEOZOICO,CAMBRICO-ORDOVICICO, ,909708.8749723076,4706964.859040133,295383.0,259960.8,0
1036,Outerio de Baltar,,Hispania Tarraconensis,Spain,Orense,Cuenca del Limia,,,OR 1,302.0,264.0,822.0,41.93215209,-7.742859615,100.0,"Converted in QGIS from Lambert coords, Madrid 1870","Possibly = A Veiga da Boullosa; if not, it is not far away",,,,,,FALSE,0.0,0.0,0.0,1.0,0.0,0.0,0.0,0.0,,Domergue 1990: 41,,,,,,,,,,,Hard rock,,,0,No,0,No,0,No,0,No,0,No,1,Confirmado,0,No,0,0,0,0,1.0,0.9,1.0,0.965,Alta Certeza (Grado I),,Conglomerados; gravas; arenas y limos,"Conglomerados, gravas, arenas, areniscas, limos y arcillas. Terrazas fluviales y marinas",CENOZOICO,CUATERNARIO, ,106742.17154994898,4653133.259205095,78381.7,78381.7,0
1038,Paradeseca,,Hispania Tarraconensis,Spain,León,Cuencas de Cúa y Burbia,,CB-24,LE 23,126.0,345.5,901.8,42.67972855,-6.793755395,100.0,"Converted in QGIS from Lambert coords, Madrid 1870",,,,,,,TRUE,0.0,0.0,0.0,0.0,0.0,0.0,0.0,0.0,,"Domergue 1990: 43; Sanchez-Palencia and Orejas 1994, 192",1.0,0.0,True,False,True,0.0,0.0,0.0,0.0,,Tertiary alluvium,Secondary,Extensive,1,Confirmado,0,No,0,No,0,No,0,No,0,No,0,No,1,0,1,0,1.0,1.0,1.0,1.0,Alta Certeza (Grado I),,Conglomerados; areniscas; arcillas; calizas y evaporitas; Vulcanitas basicas,"Conglomerados, areniscas, arenas arcósicas, arcillas, calizas y yesos",CENOZOICO,NEOGENO, ,189157.38434373908,4732231.797591099,938.3,798.2,35
1040,Páramo del Sil I,,Hispania Tarraconensis,Spain,León,Cuenca Alta del Sil,,AS-09,,,,,42.818039,-6.505949,500.0,"Estimated from Sanchez-Palencia and Orejas 1994, fig. 14, and Google Earth",Assumed to be destroyed by modern mine.,,,,,,TRUE,0.0,0.0,0.0,0.0,0.0,0.0,0.0,0.0,,"Sanchez-Palencia and Orejas 1994, 189",1.0,0.0,True,,,,,,,,,Secondary,Extensive,1,Confirmado,0,No,0,No,0,No,0,No,0,No,0,No,1,0,1,0,0.85,0.9,1.0,0.905,Alta Certeza (Grado I),,Cuarcitas; pizarras; areniscas; calizas y vulcanitas,"Pizarras, areniscas, cuarcitas y calizas o rocas vulcanoclásticas",PALEOZOICO,ORDOVICICO, ,213380.21479749453,4746572.718307356,6334.1,7520.1,0
1041,Páramo del Sil II,,Hispania Tarraconensis,Spain,León,Cuenca Alta del Sil,,AS-08,,,,,42.82601,-6.486087,500.0,"Estimated from Sanchez-Palencia and Orejas 1994, fig. 14, and Google Earth",,,,,,,TRUE,0.0,0.0,0.0,0.0,0.0,0.0,0.0,0.0,,"Sanchez-Palencia and Orejas 1994, 189",1.0,0.0,True,,,,,,,,,Secondary,Extensive,1,Confirmado,0,No,0,No,0,No,0,No,0,No,0,No,1,0,1,0,0.85,0.9,1.0,0.905,Alta Certeza (Grado I),,Cuarcitas; pizarras; areniscas; calizas y vulcanitas,"Pizarras, areniscas, cuarcitas y calizas o rocas vulcanoclásticas",PALEOZOICO,ORDOVICICO, ,215040.79315842618,4747390.552099941,6864.6,7483.9,0
1042,Páramo del Sil III,,Hispania Tarraconensis,Spain,León,Cuenca Alta del Sil,,AS-07,,,,,42.831397,-6.485114,500.0,"Estimated from Sanchez-Palencia and Orejas 1994, fig. 14, and Google Earth",,,,,,,TRUE,0.0,0.0,0.0,0.0,0.0,0.0,0.0,0.0,,"Sanchez-Palencia and Orejas 1994, 189",1.0,0.0,True,,,,,,,,,Secondary,Extensive,1,Confirmado,0,No,0,No,0,No,0,No,0,No,0,No,1,0,1,0,0.85,0.9,1.0,0.905,Alta Certeza (Grado I),,,,,,,215145.10561232793,4747985.542798902,7456.7,8011.8,0
1043,Pardellán,,Hispania Tarraconensis,Spain,Orense,Galicia,,,OR 10,191.0,341.0,877.0,42.45515087,-6.83793526,100.0,"Converted in QGIS from Lambert coords, Madrid 1870",,,,,,,FALSE,0.0,0.0,0.0,0.0,1.0,0.0,0.0,0.0,,Domergue 1990: 41,,,False,False,False,0.0,0.0,0.0,,,Hard rock,,,0,No,0,No,0,No,0,No,0,No,0,No,1,Confirmado,0,0,0,0,1.0,0.9,1.0,0.965,Alta Certeza (Grado I),,Areniscas; pizarras y calizas,"Pizarras, esquistos, areniscas, calizas, ampelitas y liditas",PALEOZOICO,SILURICO-DEVONICO, ,184405.17799201718,4707453.6147839315,22455.5,23631.8,0
1044,Pedredo,,Hispania Tarraconensis,Spain,Leon,Cuencas del Turienzo y Jerega,,,LE 37.4,,,,42.44166,-6.194307,0.0,Google Earth,,-20.0,200.0,15.0,300.0,,TRUE,0.0,0.0,0.0,0.0,0.0,0.0,0.0,0.0,"Hydraulic mining - opencast and hushing tank, directly next to earlier castro.",,1.0,0.0,True,True,False,0.0,0.0,0.0,0.0,,,,,1,Confirmado,0,No,0,No,0,No,0,No,0,No,0,No,1,0,1,0,1.0,0.7,1.0,0.895,Alta Certeza (Grado I),,Conglomerados; areniscas; arcillas; calizas y evaporitas; Vulcanitas basicas,"Conglomerados, areniscas, arenas arcósicas, arcillas, calizas y yesos",CENOZOICO,NEOGENO, ,237279.94276121643,4703759.984682181,28318.7,29436.2,0
1045,Pedregales de la Bocaada - Valle del Hellidero (Sanguiñal Norte),,Hispania Tarraconensis,Spain,León,Cuencas del Duerna y Jamuz,,DU-19,,,,,42.321773,-6.276117,1000.0,"Estimated from Sanchez-Palencia and Orejas 1994, fig. 17 and Google Earth",,,,,,,TRUE,0.0,0.0,0.0,0.0,0.0,0.0,0.0,0.0,,"Sanchez-Palencia and Orejas 1994, 193",,,,,,,,,,,,Secondary - Primary,Extensive - Selective,1,Confirmado,0,No,0,No,0,No,0,No,0,No,0,No,0,0,0,0,0.7,0.9,1.0,0.845,Alta Certeza (Grado I),,Cuarcitas; pizarras; areniscas; calizas y vulcanitas,"Pizarras, areniscas, cuarcitas y calizas o rocas vulcanoclásticas",PALEOZOICO,ORDOVICICO, ,230037.00516998017,4690702.857203985,39858.9,39727.0,0
1046,Pedreras Viejas,,Hispania Tarraconensis,Spain,Murcia,Cartagena-Mazarrón,,,MU 11,976.0,805.7,335.7,37.59275974,-1.357876824,100.0,"Converted in QGIS from Lambert coords, Madrid 1870",,,,,,,FALSE,1.0,1.0,0.0,0.0,0.0,0.0,0.0,0.0,,Domergue 1990: 64,0.0,1.0,False,False,False,0.0,0.0,0.0,0.0,,,,,0,No,1,Confirmado,0,No,1,Confirmado,0,No,0,No,0,No,0,1,0,0,1.0,0.9,1.0,0.965,Alta Certeza (Grado I),,Conglomerados; areniscas; arcillas; calizas y evaporitas; Vulcanitas basicas,"Rocas volcánicas calcoalcalinas (andesitas, dacitas, riolitas, shoshonitas, lamproitas)",CENOZOICO,NEOGENO, ,644972.7726274481,4161899.994894502,30917.6,25440.2,0
1047,Pedrosa,,Hispania Tarraconensis,Spain,León,Cuenca del Eria,,ER-01,,,,,42.319017,-6.442601,500.0,"Estimated from Sanchez-Palencia and Orejas 1994, fig. 17 and Google Earth",,,,,,,TRUE,0.0,0.0,0.0,0.0,0.0,0.0,0.0,0.0,,"Sanchez-Palencia and Orejas 1994, 193",1.0,0.0,True,,False,0.0,0.0,0.0,0.0,Location guessed.,,Secondary,Selective,1,Confirmado,0,No,0,No,0,No,0,No,0,No,0,No,1,0,1,0,0.85,0.9,1.0,0.905,Alta Certeza (Grado I),,Cuarcitas; pizarras; areniscas; calizas y vulcanitas,Pizarras y areniscas,PALEOZOICO,ORDOVICICO, ,216304.2497540349,4690939.049225566,39359.1,38656.8,0
1048,Peites,,Hispania Tarraconensis,Spain,Lugo,Cuenca media del Sil,,MS-037,,,,,42.403314,-7.225497,500.0,"Google Earth, placename",,,,,,,TRUE,0.0,0.0,0.0,0.0,0.0,0.0,0.0,0.0,,"Sanchez-Palencia and Orejas 1994, 195",1.0,0.0,True,,,,,,,,,Secondary,Extensive,1,Confirmado,0,No,0,No,0,No,0,No,0,No,0,No,1,0,1,0,0.85,0.9,1.0,0.905,Alta Certeza (Grado I),,Cuarcitas; pizarras; areniscas; calizas y vulcanitas,"Pizarras, areniscas, cuarcitas y calizas o rocas vulcanoclásticas",PALEOZOICO,ORDOVICICO, ,152243.92569049489,4703212.883454405,26787.8,26787.8,0
1049,Peña Aguda - Boinás,,Hispania Tarraconensis,Spain,Oviedo,Cuenca del Narcea,,NA-43,,,,,43.275744,-6.309999,500.0,"Estimated from Sanchez-Palencia and Orejas 1994, fig. 13, and Google Earth",,,,,,,TRUE,0.0,0.0,0.0,0.0,0.0,0.0,0.0,0.0,,"Sanchez-Palencia and Orejas 1994, 198",,,,,,,,,,Apparently destroyed by modern mine.,,Secondary - Primary,Selective - Extensive,1,Confirmado,0,No,0,No,0,No,0,No,0,No,0,No,0,0,0,0,0.85,0.9,1.0,0.905,Alta Certeza (Grado I),,Cuarcitas; pizarras; areniscas; calizas y vulcanitas,"Areniscas, pizarras, cuarcitas o calizas y conglomerados",PALEOZOICO,CAMBRICO-ORDOVICICO, ,231407.82150539476,4796757.925997328,8586.0,9008.3,0
1051,Peña de Hierro,,Hispania Baetica,Spain,Huelva,Huelva,,,H 34,938.0,347.3,351.9,37.72636262,-6.5559622,100.0,"Converted in QGIS from Lambert coords, Madrid 1870",,,,,,,FALSE,0.0,0.0,1.0,0.0,0.0,0.0,0.0,0.0,,Domergue 1990: 62,,,False,False,False,0.0,0.0,0.0,,,Pyrite,Primary,,0,No,0,No,1,Confirmado,0,No,0,No,0,No,0,No,0,0,0,0,1.0,0.9,1.0,0.965,Alta Certeza (Grado I),,Conglomerados; areniscas; pizarras; calizas y vulcanitas; Carbon,Pizarras y grauwacas; conglomerados y calizas,PALEOZOICO,DEVONICO-CARBONIFERO, ,186588.54228489735,4181410.4786664243,9642.8,5092.3,0
1052,Pena de la Cruz,,Hispania Tarraconensis,Spain,Oviedo,Cuenca del Narcea,,NA-46,,,,,43.305517,-6.25657,1000.0,"Estimated from Sanchez-Palencia and Orejas 1994, fig. 13, IGN map, and Google Earth",,,,,,,TRUE,0.0,0.0,0.0,0.0,0.0,0.0,0.0,0.0,,"Sanchez-Palencia and Orejas 1994, 198",,,,,,,,,,,,Secondary - Primary,Selective - Extensive,1,Confirmado,0,No,0,No,0,No,0,No,0,No,0,No,0,0,0,0,0.7,0.9,1.0,0.845,Alta Certeza (Grado I),,Cuarcitas; pizarras; areniscas; calizas y vulcanitas,"Areniscas, pizarras, cuarcitas o calizas y conglomerados",PALEOZOICO,CAMBRICO-ORDOVICICO, ,235872.65791745682,4799894.150095749,7718.5,5737.3,0
1053,Peña del Águila,,Hispania Baetica,Spain,Córdoba,Posadas,,,CO 11,943.0,482.2,358.7,37.81633143,-5.02643251,100.0,"Converted in QGIS from Lambert coords, Madrid 1870",,,,,,,FALSE,1.0,1.0,1.0,0.0,0.0,0.0,0.0,0.0,,Domergue 1990: 45,,,False,False,False,0.0,0.0,0.0,,,Hard rock,Primary,,0,No,1,Confirmado,1,Confirmado,1,Confirmado,0,No,0,No,0,No,0,0,0,0,1.0,0.9,1.0,0.965,Alta Certeza (Grado I),,Conglomerados; areniscas; arcillas; calizas y evaporitas; Vulcanitas basicas,"Conglomerados, arenas, arrecifes, limos amarillos, yesos y sales haloideas. Conglomerados, arenas y calizas lacustres",CENOZOICO,NEOGENO, ,321632.50569648837,4187371.354720238,11514.8,7441.2,0
1054,Peña del Cuervo,,Hispania Baetica,Spain,Córdoba,Los Pedroches,,,CO 21,833.0,472.6,444.7,38.59019713,-5.15153656,100.0,"Converted in QGIS from Lambert coords, Madrid 1870",,,,,,,FALSE,0.0,0.0,1.0,0.0,0.0,0.0,0.0,0.0,,Domergue 1990: 47,0.0,1.0,False,False,False,0.0,0.0,0.0,0.0,,Hard rock,Primary,,0,No,0,No,1,Confirmado,0,No,0,No,0,No,0,No,0,1,0,0,1.0,0.9,1.0,0.965,Alta Certeza (Grado I),,Conglomerados; areniscas; pizarras; calizas y vulcanitas; Carbon,Pizarras y grauwacas; conglomerados y calizas,PALEOZOICO,DEVONICO-CARBONIFERO, ,312614.906406281,4273497.012124721,13737.9,8225.3,0
1055,Peña del Cuervo I,,Hispania Tarraconensis,Spain,Oviedo,Cuenca del Navia,,NV-17,,,,,43.03245,-6.86407,1000.0,"Guessed in relation to Villarcebollín and other Cecos sites from Google Earth and Sanchez-Palencia and Orejas 1994, fig. 13.",,,,,,,TRUE,0.0,0.0,0.0,0.0,0.0,0.0,0.0,0.0,,"Sanchez-Palencia and Orejas 1994, 199",,,,,,,,,,,,Primary,Selective - Extensive,1,Confirmado,0,No,0,No,0,No,0,No,0,No,0,No,0,0,0,0,0.7,0.9,1.0,0.845,Alta Certeza (Grado I),,Cuarcitas; pizarras; areniscas; calizas y vulcanitas,Pizarras y areniscas,PALEOZOICO,ORDOVICICO, ,185195.13850954332,4771668.083164814,1090.7,2526.0,30
1056,Peña del Cuervo II,,Hispania Tarraconensis,Spain,Oviedo,Cuenca del Navia,,NV-16,,,,,43.030147,-6.864208,500.0,"Sanchez-Palencia and Orejas 1994, fig. 13; IGN map, and Google Earth.",,,,,,,TRUE,0.0,0.0,0.0,0.0,0.0,0.0,0.0,0.0,,"Sanchez-Palencia and Orejas 1994, 199",,,,,,,,,,,,Primary,Extensive,1,Confirmado,0,No,0,No,0,No,0,No,0,No,0,No,0,0,0,0,0.85,0.9,1.0,0.905,Alta Certeza (Grado I),,Cuarcitas; pizarras; areniscas; calizas y vulcanitas,Pizarras y areniscas,PALEOZOICO,ORDOVICICO, ,185172.1044610329,4771412.815380149,1217.9,2645.6,31
1057,Peña Furada,,Hispania Tarraconensis,Spain,León,Cuenca Alta del Orbigo,,AO-01,,,,,42.771567,-6.209696,500.0,"Estimated from Sanchez-Palencia and Orejas 1994, fig. 15, IGN map placename, and Google Earth",,,,,,,TRUE,0.0,0.0,0.0,0.0,0.0,0.0,0.0,0.0,,"Sanchez-Palencia and Orejas 1994, 188",,,,,,,,,,,,Primary,Selective - Extensive,1,Confirmado,0,No,0,No,0,No,0,No,0,No,0,No,0,0,0,0,0.85,0.9,1.0,0.905,Alta Certeza (Grado I),,Cuarcitas; pizarras; areniscas; calizas y vulcanitas,"Areniscas, pizarras, cuarcitas o calizas y conglomerados",PALEOZOICO,CAMBRICO-ORDOVICICO, ,237405.0247004616,4740445.726022228,760.6,1614.7,29
1058,Peña María,,Hispania Tarraconensis,Spain,Palencia,León,,,P 2,106.0,515.0,926.7,42.93931416,-4.729168812,100.0,"Converted in QGIS from Lambert coords, Madrid 1870",,,,,,,FALSE,1.0,1.0,0.0,0.0,0.0,0.0,0.0,0.0,,Domergue 1990: 43,,,False,False,False,0.0,0.0,0.0,,,Hard rock,,,0,No,1,Confirmado,0,No,1,Confirmado,0,No,0,No,0,No,0,0,0,0,1.0,0.9,1.0,0.965,Alta Certeza (Grado I),,Areniscas; pizarras y calizas,"Pizarras, esquistos, areniscas, calizas, ampelitas y liditas",PALEOZOICO,SILURICO-DEVONICO, ,358918.0959073756,4755526.261231769,999.2,675.0,12
1059,Peña Roya,,Hispania Tarraconensis,Spain,León,Cuenca Alta del Tuerto,,AT-21,,,,,42.48761236,-6.12686429,10.0,Estimated from IGN map and Google Earth; checked on site.,CHECK WHETHER DOMERGUE'S PENA ROYA REFERS TO THIS OR TO WHAT I HAVE CALLED LA CIBRERA,,,,,,TRUE,0.0,0.0,0.0,0.0,0.0,0.0,0.0,0.0,,"Sanchez-Palencia and Orejas 1994, 190",1.0,0.0,True,False,True,0.0,0.0,0.0,0.0,"Small opencast workings, with a channel/ditch from the NW converging with a gully from the NE into a wider, shallow area of exploitation. ",Alluvium,Secondary,Extensive,1,Confirmado,0,No,0,No,0,No,0,No,0,No,0,No,1,0,1,0,1.0,0.9,1.0,0.965,Alta Certeza (Grado I),,Cuarcitas; pizarras; areniscas; calizas y vulcanitas,Pizarras y areniscas,PALEOZOICO,ORDOVICICO, ,243015.5738450094,4708656.400143234,23403.7,27050.2,0
1060,Penamil,,Hispania Tarraconensis,Spain,Lugo,Cuenca Alta del Miño,,AN-10,,,,,42.941415,-7.057694,1000.0,Google Earth and IGN map,,,,,,,TRUE,0.0,0.0,0.0,0.0,0.0,0.0,0.0,0.0,,"Sanchez-Palencia and Orejas 1994, 188",1.0,0.0,True,,,,,,,,,Secondary,Selective - Extensive,1,Confirmado,0,No,0,No,0,No,0,No,0,No,0,No,1,0,1,0,0.7,0.9,1.0,0.845,Alta Certeza (Grado I),,Cuarcitas; pizarras; areniscas; calizas y vulcanitas,"Areniscas, pizarras, cuarcitas o calizas y conglomerados",PALEOZOICO,CAMBRICO-ORDOVICICO, ,168929.7975688813,4762302.474978405,1951.3,1630.7,35
1061,Penedela,,Hispania Tarraconensis,Spain,Oviedo,Asturias,,,O 13,74.0,337.0,943.0,43.04762024,-6.915595531,100.0,"Converted in QGIS from Lambert coords, Madrid 1870",,,,,,,FALSE,1.0,1.0,0.0,0.0,0.0,0.0,0.0,0.0,,Domergue 1990: 42,,,False,False,False,0.0,0.0,0.0,,,Hard rock,,,0,No,1,Confirmado,0,No,1,Confirmado,0,No,0,No,0,No,0,0,0,0,1.0,0.9,1.0,0.965,Alta Certeza (Grado I),,Cuarcitas; pizarras; areniscas; calizas y vulcanitas,"Pizarras, areniscas, cuarcitas y calizas o rocas vulcanoclásticas",PALEOZOICO,ORDOVICICO, ,181075.62859877764,4773547.798028824,842.9,1472.0,55
1062,Peñón del Fucarón,,Hispania Tarraconensis,Spain,Oviedo,Cuenca del Navia,,NV-63,,,,,43.334402,-6.703245,500.0,Google Earth and IGN map.,,,,,,,TRUE,0.0,0.0,0.0,0.0,0.0,0.0,0.0,0.0,,"Sanchez-Palencia and Orejas 1994, 200",,,,,,,,,,,,Primary,Extensive,1,Confirmado,0,No,0,No,0,No,0,No,0,No,0,No,0,0,0,0,0.85,0.9,1.0,0.905,Alta Certeza (Grado I),,Cuarcitas; pizarras; areniscas; calizas y vulcanitas,"Pizarras, areniscas, cuarcitas y calizas o rocas vulcanoclásticas",PALEOZOICO,ORDOVICICO, ,199784.2604282181,4804613.541837017,11455.8,9949.6,0
1063,Peñón de los Cuartos,,Hispania Tarraconensis,Spain,Oviedo,Cuenca del Narcea,,NA-13,,,,,43.14574,-6.661965,1000.0,Guessed from Sanchez-Palencia and Orejas 1994 fig. 13 and Google Earth,,,,,,,TRUE,0.0,0.0,0.0,0.0,0.0,0.0,0.0,0.0,,"Sanchez-Palencia and Orejas 1994, 197",,,,,,,,,,,,Primary,Extensive,1,Confirmado,0,No,0,No,0,No,0,No,0,No,0,No,0,0,0,0,0.7,0.9,1.0,0.845,Alta Certeza (Grado I),,Cuarcitas; pizarras; areniscas; calizas y vulcanitas,"Areniscas, pizarras, cuarcitas o calizas y conglomerados",PALEOZOICO,CAMBRICO-ORDOVICICO, ,202212.30896688148,4783511.574705384,2055.8,6412.6,6
1064,Peñón del Moro,,Hispania Baetica,Spain,Badajoz,Azuaga-Fuenteovejuna,,,BA 59,877.0,395.0,415.0,38.30752585,-6.03370937,100.0,"Converted in QGIS from Lambert coords, Madrid 1870",,,,,,,FALSE,1.0,1.0,0.0,0.0,0.0,0.0,0.0,0.0,,Domergue 1990: 46,0.0,1.0,False,False,False,0.0,0.0,0.0,0.0,,Hard rock,Primary,,0,No,1,Confirmado,0,No,1,Confirmado,0,No,0,No,0,No,0,1,0,0,1.0,0.9,1.0,0.965,Alta Certeza (Grado I),,Gneises; esquistos; marmoles y vulcanitas,Gneises y anfibolitas,PROTEROZOICO, , ,234735.57139005547,4244292.044664899,637.2,637.2,10
1065,Peñón Redondo,,Hispania Tarraconensis,Spain,León,Cuenca del Eria,,ER-24,,,,,42.213924,-6.257329,300.0,"Estimated from Sanchez-Palencia and Orejas 1994, fig. 17 and Google Earth",,,,,,,TRUE,0.0,0.0,0.0,0.0,0.0,0.0,0.0,0.0,,"Sanchez-Palencia and Orejas 1994, 193",1.0,0.0,True,False,False,0.0,0.0,0.0,0.0,,,Secondary,Extensive,1,Confirmado,0,No,0,No,0,No,0,No,0,No,0,No,1,0,1,0,0.85,0.9,1.0,0.905,Alta Certeza (Grado I),,Cuarcitas; pizarras; areniscas; calizas y vulcanitas,"Ortocuarcitas, areniscas y pizarras",PALEOZOICO,ORDOVICICO, ,231126.8932001603,4678666.57515121,51937.2,51715.3,0
1066,Petaca,,Hispania Tarraconensis,Spain,Ciudad Real,Alcudia,,,CR 28,835.0,550.5,439.6,38.55222117,-4.25627498,100.0,"Converted in QGIS from Lambert coords, Madrid 1870",,,,,,,FALSE,1.0,1.0,0.0,0.0,0.0,0.0,0.0,0.0,,Domergue 1990: 46,,,False,False,False,0.0,0.0,0.0,,,,,,0,No,1,Confirmado,0,No,1,Confirmado,0,No,0,No,0,No,0,0,0,0,1.0,0.9,1.0,0.965,Alta Certeza (Grado I),,Gneises; esquistos; marmoles y vulcanitas,"Pizarras, grauwacas, conglomerados o porfiroides",PROTEROZOICO, , ,390532.65197842626,4267835.996400192,2081.1,2438.7,9
1067,Pico Corona,,Hispania Tarraconensis,Spain,Oviedo,Cuenca del Narcea,,NA-40,,,,,43.278892,-6.264425,500.0,"Estimated from Sanchez-Palencia and Orejas 1994, fig. 13, IGN map, and Google Earth",,,,,,,TRUE,0.0,0.0,0.0,0.0,0.0,0.0,0.0,0.0,,"Sanchez-Palencia and Orejas 1994, 198",,,,,,,,,,,,Primary,Extensive,1,Confirmado,0,No,0,No,0,No,0,No,0,No,0,No,0,0,0,0,0.85,0.9,1.0,0.905,Alta Certeza (Grado I),,Areniscas; pizarras y calizas,"Pizarras, esquistos, areniscas, calizas, ampelitas y liditas",PALEOZOICO,SILURICO-DEVONICO, ,235119.87251052714,4796961.941421469,7066.2,5598.9,0
1068,Pico de la Beiral I,,Hispania Tarraconensis,Spain,Oviedo,Cuenca del Porcia,,PO-16,,,,,43.523936,-6.792276,1000.0,"Guessed after Sanchez-Palencia and Orejas 1994, fig. 13; and Google Earth.",,,,,,,TRUE,0.0,0.0,0.0,0.0,0.0,0.0,0.0,0.0,,"Sanchez-Palencia and Orejas 1994, 201",,,,,,,,,,,,Primary,Extensive,1,Confirmado,0,No,0,No,0,No,0,No,0,No,0,No,0,0,0,0,0.7,0.9,1.0,0.845,Alta Certeza (Grado I),,Cuarcitas; pizarras; areniscas; calizas y vulcanitas,"Areniscas, pizarras, cuarcitas o calizas y conglomerados",PALEOZOICO,CAMBRICO-ORDOVICICO, ,193525.33873716294,4825989.59910902,8140.4,1024.1,0
1069,Pico de la Beiral II,,Hispania Tarraconensis,Spain,Oviedo,Cuenca del Porcia,,PO-15,,,,,43.51915,-6.790988,1000.0,"Guessed after Sanchez-Palencia and Orejas 1994, fig. 13; and Google Earth.",,,,,,,TRUE,0.0,0.0,0.0,0.0,0.0,0.0,0.0,0.0,,"Sanchez-Palencia and Orejas 1994, 201",,,,,,,,,,,,Primary,Extensive,1,Confirmado,0,No,0,No,0,No,0,No,0,No,0,No,0,0,0,0,0.7,0.9,1.0,0.845,Alta Certeza (Grado I),,Cuarcitas; pizarras; areniscas; calizas y vulcanitas,"Areniscas, pizarras, cuarcitas o calizas y conglomerados",PALEOZOICO,CAMBRICO-ORDOVICICO, ,193605.1806208135,4825453.261322202,8325.9,1432.5,0
1070,Pico de Lirio,,Hispania Baetica,Spain,Badajoz,La Serena,,,BA 40,805.0,436.6,467.2,38.78694566,-5.57046121,100.0,"Converted in QGIS from Lambert coords, Madrid 1870",,,,,,,FALSE,1.0,1.0,0.0,0.0,0.0,0.0,0.0,0.0,,Domergue 1990: 45,,,False,False,False,0.0,0.0,0.0,,,Hard rock,Primary,,0,No,1,Confirmado,0,No,1,Confirmado,0,No,0,No,0,No,0,0,0,0,1.0,0.9,1.0,0.965,Alta Certeza (Grado I),,Gneises; esquistos; marmoles y vulcanitas,"Pizarras, grauwacas, conglomerados o porfiroides",PROTEROZOICO, , ,276737.0060459781,4296272.542847685,8041.1,486.9,0
1071,Pico del Aguila,,Hispania Baetica,Spain,Huelva,Picos de Aroche,,,H 28,895.0,317.0,391.4,38.07288219,-6.91579679,100.0,"Converted in QGIS from Lambert coords, Madrid 1870",,,,,,,FALSE,0.0,0.0,1.0,0.0,0.0,0.0,0.0,0.0,,Domergue 1990: 61,,,False,False,False,0.0,0.0,0.0,,,Hard rock,Primary,,0,No,0,No,1,Confirmado,0,No,0,No,0,No,0,No,0,0,0,0,1.0,0.9,1.0,0.965,Alta Certeza (Grado I),,Areniscas; pizarras y calizas,"Areniscas, pizarras, calizas, cuarcitas y rocas vulcanoclásticas",PALEOZOICO,DEVONICO-CARBONIFERO, ,156479.45583093318,4221146.697653431,484.3,453.2,38
1072,Pico del Gallo,,Hispania Tarraconensis,Spain,Oviedo,Cuenca del Narcea,,NA-44,,,,,43.299026,-6.250924,200.0,"Estimated from Sanchez-Palencia and Orejas 1994, fig. 13, IGN map, and Google Earth",,,,,,,TRUE,0.0,0.0,0.0,0.0,0.0,0.0,0.0,0.0,,"Sanchez-Palencia and Orejas 1994, 198",,,,,,,,,,,,Secondary - Primary,Selective - Extensive,1,Confirmado,0,No,0,No,0,No,0,No,0,No,0,No,0,0,0,0,0.85,0.9,1.0,0.905,Alta Certeza (Grado I),,Cuarcitas; pizarras; areniscas; calizas y vulcanitas,"Areniscas, pizarras, cuarcitas o calizas y conglomerados",PALEOZOICO,CAMBRICO-ORDOVICICO, ,236302.52722294902,4799155.370435288,7112.6,5300.6,0
1073,Pico Montouto,,Hispania Tarraconensis,Spain,Oviedo,Cuenca del Narcea,,NA-32,O 29,50.0,364.8,970.8,43.30737,-6.572723,100.0,IGN map and Google Earth,,,,,,,TRUE,0.0,0.0,0.0,0.0,0.0,0.0,0.0,0.0,,"Domergue 1990: 42; Sanchez-Palencia and Orejas 1994, 198",1.0,0.0,True,,,,,,,,,Secondary,Extensive,1,Confirmado,0,No,0,No,0,No,0,No,0,No,0,No,1,0,1,0,1.0,1.0,1.0,1.0,Alta Certeza (Grado I),,Conglomerados; areniscas; arcillas; calizas y evaporitas; Vulcanitas basicas,"Conglomerados, areniscas, arcillas, calizas y/o yesos",CENOZOICO,NEOGENO-CUATERNARIO, ,210237.66408659884,4801149.446466852,3114.0,651.2,8
1074,Pilar de Jaravía,,Hispania Baetica,Spain,Almería,Almería,,,AL 4,997.0,776.0,311.6,37.38210676,-1.7002681,100.0,"Converted in QGIS from Lambert coords, Madrid 1870",Mining may extend over a large area,,,,,,FALSE,1.0,1.0,0.0,0.0,0.0,0.0,0.0,0.0,,Domergue 1990: 64,,,False,False,False,0.0,0.0,0.0,,,,,,0,No,1,Confirmado,0,No,1,Confirmado,0,No,0,No,0,No,0,0,0,0,1.0,0.9,1.0,0.965,Alta Certeza (Grado I),,Rocas metamorficas,"Gneises, migmatitas, micasquistos, esquistos, filitas, mármoles, calizas, y dolomías (M. Alpujárride)",PALEOZOICO-MESOZOICO,TRIASICO,BLOQUE DE ALBORAN,615066.3939466905,4138054.535571521,818.9,1400.2,22
1075,Pin de Abaixo,,Hispania Tarraconensis,Spain,Lugo,Cuenca Alta del Miño,,AN-11,,,,,42.956742,-7.031026,2000.0,"Placename, Google Earth",,,,,,,TRUE,0.0,0.0,0.0,0.0,0.0,0.0,0.0,0.0,,"Sanchez-Palencia and Orejas 1994, 188",1.0,0.0,True,,,,,,,,,Secondary,Extensive,1,Confirmado,0,No,0,No,0,No,0,No,0,No,0,No,1,0,1,0,0.5,0.9,1.0,0.765,Media Certeza (Grado II),,Cuarcitas; pizarras; areniscas; calizas y vulcanitas,"Pizarras, areniscas, cuarcitas y calizas o rocas vulcanoclásticas",PALEOZOICO,ORDOVICICO, ,171187.65793705644,4763899.981712992,1029.3,511.2,37
1076,Piñeira,,Hispania Tarraconensis,Spain,Lugo,Cuenca media del Sil,,MS-040,,,,,42.429687,-7.230877,500.0,"Google Earth, placename",,,,,,,TRUE,0.0,0.0,0.0,0.0,0.0,0.0,0.0,0.0,,"Sanchez-Palencia and Orejas 1994, 195",1.0,0.0,True,,,,,,,,,Secondary,Extensive,1,Confirmado,0,No,0,No,0,No,0,No,0,No,0,No,1,0,1,0,0.85,0.9,1.0,0.905,Alta Certeza (Grado I),,Areniscas; pizarras y calizas,"Pizarras, esquistos, areniscas, calizas, ampelitas y liditas",PALEOZOICO,SILURICO-DEVONICO, ,151947.24165288353,4706164.06354971,23847.5,23847.5,0
1079,Plasenzuela,,Lusitania,Spain,Cáceres,,,,CC 2,705.0,394.0,540.0,39.43399889,-6.08357984,100.0,"Converted in QGIS from Lambert coords, Madrid 1870",Point in middle of large quadrilateral 6 x 3 or 4 km,,,,,,FALSE,1.0,1.0,0.0,0.0,0.0,0.0,0.0,0.0,,Domergue 1990: 64,,,False,False,False,0.0,0.0,0.0,,,,,,0,No,1,Confirmado,0,No,1,Confirmado,0,No,0,No,0,No,0,0,0,0,1.0,0.9,1.0,0.965,Alta Certeza (Grado I),,Gneises; esquistos; marmoles y vulcanitas,"Pizarras, grauwacas, conglomerados o porfiroides",PROTEROZOICO, , ,234601.27736345498,4369478.4525121525,68823.5,48679.3,0
1080,Playa de Cadavedo,,Hispania Tarraconensis,Spain,Oviedo,Cuenca del Esba o Canero,,ES-12,,,,,43.552034,-6.372357,1000.0,"Guessed from Sanchez-Palencia and Orejas 1994, fig. 13, and Google Earth",,,,,,,TRUE,0.0,0.0,0.0,0.0,0.0,0.0,0.0,0.0,,"Sanchez-Palencia and Orejas 1994, 194",1.0,0.0,True,,,,,,,,,Secondary,Extensive,1,Confirmado,0,No,0,No,0,No,0,No,0,No,0,No,1,0,1,0,0.7,0.9,1.0,0.845,Alta Certeza (Grado I),,Cuarcitas; pizarras; areniscas; calizas y vulcanitas,"Pizarras, grauwacas o arcosas, conglomerados y calizas",PROTEROZOICO-PALEOZOICO,VENDIENSE-CAMBRICO, ,227590.1513640188,4827647.208091737,1746.6,383.8,13
1081,Pobladura de Somoza / Los Torgales,,Hispania Tarraconensis,Spain,León,Cuencas de Cúa y Burbia,,CB-28,LE 55,158.0,346.5,898.7,42.655199,-6.781144,100.0,"Converted in QGIS from Lambert coords, Madrid 1870",,,,,,,TRUE,0.0,0.0,0.0,0.0,0.0,0.0,0.0,0.0,,"Domergue 1990: 43; Sanchez-Palencia and Orejas 1994, 192",1.0,0.0,True,False,True,0.0,0.0,0.0,0.0,,Tertiary alluvium,Secondary,Extensive,1,Confirmado,0,No,0,No,0,No,0,No,0,No,0,No,1,0,1,0,1.0,1.0,1.0,1.0,Alta Certeza (Grado I),,Cuarcitas; pizarras; areniscas; calizas y vulcanitas,"Areniscas, pizarras, cuarcitas o calizas y conglomerados",PALEOZOICO,CAMBRICO-ORDOVICICO, ,190068.79941335437,4729461.125552507,3803.5,2425.1,17
1082,Poderosa,,Hispania Baetica,Spain,Huelva,Huelva,,,H 21,938.0,338.5,354.7,37.74899062,-6.65682344,100.0,"Converted in QGIS from Lambert coords, Madrid 1870",,,,,,,FALSE,0.0,0.0,1.0,0.0,0.0,0.0,0.0,0.0,,Domergue 1990: 62,,,False,False,False,0.0,0.0,0.0,,,Pyrite,Primary,,0,No,0,No,1,Confirmado,0,No,0,No,0,No,0,No,0,0,0,0,1.0,0.9,1.0,0.965,Alta Certeza (Grado I),,Conglomerados; areniscas; pizarras; calizas y vulcanitas; Carbon,Vulcanitas y rocas vulcanoclásticas,PALEOZOICO,CARBONIFERO, ,177794.18851922633,4184265.233468102,4913.0,4913.0,1
1083,Pontigo,,Hispania Tarraconensis,Spain,Oviedo,Cuenca del Narcea,,NA-48,,,,,43.30639,-6.28068,2000.0,"Estimated from Sanchez-Palencia and Orejas 1994, fig. 13, and Google Earth",,,,,,,TRUE,0.0,0.0,0.0,0.0,0.0,0.0,0.0,0.0,,"Sanchez-Palencia and Orejas 1994, 198",,,,,,,,,,,,Primary,Selective - Extensive,1,Confirmado,0,No,0,No,0,No,0,No,0,No,0,No,0,0,0,0,0.5,0.9,1.0,0.765,Media Certeza (Grado II),,Cuarcitas; pizarras; areniscas; calizas y vulcanitas,"Areniscas, pizarras, cuarcitas o calizas y conglomerados",PALEOZOICO,CAMBRICO-ORDOVICICO, ,233920.87669890188,4800067.713542605,8925.4,7690.9,0
1084,Porciles,,Hispania Tarraconensis,Spain,Oviedo,Cuenca del Narcea,,NA-31,O 30,50.0,364.4,970.7,43.303328,-6.601768,100.0,IGN map and Google Earth,,,,,,,TRUE,0.0,0.0,0.0,0.0,0.0,0.0,0.0,0.0,,"Domergue 1990: 42; Sanchez-Palencia and Orejas 1994, 197",,,,,,,,,,,Hard rock,Primary,Extensive,1,Confirmado,0,No,0,No,0,No,0,No,0,No,0,No,0,0,0,0,1.0,1.0,1.0,1.0,Alta Certeza (Grado I),,Cuarcitas; pizarras; areniscas; calizas y vulcanitas,"Areniscas, pizarras, cuarcitas o calizas y conglomerados",PALEOZOICO,CAMBRICO-ORDOVICICO, ,207862.42964963365,4800801.8158179065,4713.8,1093.6,2
1085,Portiella,,Hispania Tarraconensis,Spain,Oviedo,Cuenca del Narcea,,NA-06,,,,,43.251669,-6.485643,1000.0,"Estimated from Sanchez-Palencia and Orejas 1994, fig. 13, IGN map, and Google Earth",,,,,,,TRUE,0.0,0.0,0.0,0.0,0.0,0.0,0.0,0.0,,"Sanchez-Palencia and Orejas 1994, 197",1.0,0.0,True,,,,,,,,,Secondary,Selective,1,Confirmado,0,No,0,No,0,No,0,No,0,No,0,No,1,0,1,0,0.7,0.9,1.0,0.845,Alta Certeza (Grado I),,Gneises; esquistos; marmoles y vulcanitas,"Pizarras, grauwacas, conglomerados o porfiroides",PROTEROZOICO, , ,217042.39489146136,4794664.153162578,5108.2,2458.0,0
1086,Posadoiro,,Hispania Tarraconensis,Spain,Oviedo,Cuenca del Navia,,NV-07,,,,,42.958655,-6.675247,300.0,IGN map,,,,,,,TRUE,0.0,0.0,0.0,0.0,0.0,0.0,0.0,0.0,,"Sanchez-Palencia and Orejas 1994, 199",,,,,,,,,,,,Primary,Extensive,1,Confirmado,0,No,0,No,0,No,0,No,0,No,0,No,0,0,0,0,0.85,0.9,1.0,0.905,Alta Certeza (Grado I),,Cuarcitas; pizarras; areniscas; calizas y vulcanitas,"Areniscas, pizarras, cuarcitas o calizas y conglomerados",PALEOZOICO,CAMBRICO-ORDOVICICO, ,200220.9880582557,4762780.332323808,652.9,501.2,56
1087,Potosí,,Hispania Baetica,Spain,Sevilla,Sevilla,,,SE 9,899.0,414.0,392.0,38.1045283,-5.810118332,100.0,"Converted in QGIS from Lambert coords, Madrid 1870",,,,,,,FALSE,0.0,0.0,1.0,0.0,0.0,0.0,0.0,0.0,,Domergue 1990: 48,,,False,False,False,0.0,0.0,0.0,,,Hard rock,Primary,,0,No,0,No,1,Confirmado,0,No,0,No,0,No,0,No,0,0,0,0,1.0,0.9,1.0,0.965,Alta Certeza (Grado I),,Cuarcitas; pizarras; areniscas; calizas y vulcanitas,"Areniscas, pizarras y calizas",PALEOZOICO,CAMBRICO, ,253605.95393341212,4221143.133594418,407.0,407.0,17
1089,Pozo de la Griega / Molino de la Griega,,Hispania Tarraconensis,Spain,León,Cuenca Alta del Orbigo,,AO-35,LE 13,129.0,426.0,899.5,42.68028535,-5.81115461,100.0,"Converted in QGIS from Lambert coords, Madrid 1870",,,,,,,TRUE,0.0,0.0,0.0,0.0,0.0,0.0,0.0,0.0,,"Domergue 1990: 42; Sanchez-Palencia and Orejas 1994, 189",1.0,0.0,True,True,False,0.0,0.0,0.0,0.0,,Tertiary deposits,Secondary,Extensive,1,Confirmado,0,No,0,No,0,No,0,No,0,No,0,No,1,0,1,0,1.0,1.0,1.0,1.0,Alta Certeza (Grado I),,Conglomerados; gravas; arenas y limos,"Gravas, arenas, arcillas y limos. Aluvial, playas, flechas litorales",CENOZOICO,CUATERNARIO, ,269675.38212131837,4729144.018176857,2071.2,12436.0,5
1090,Pozo Limideiro,,Hispania Tarraconensis,Spain,La Coruña,Cuenca del Xallas,,XA-01,C 9,68.0,172.4,946.8,43.01289316,-8.93707518,0.0,"Converted in QGIS from Lambert coords, Madrid 1870; corrected with Google Satellite",,,,,,,TRUE,0.0,0.0,0.0,0.0,0.0,0.0,0.0,0.0,"Opencast pit from hard rock mining, now flooded.","Domergue 1990: 40; Sanchez-Palencia and Orejas 1994, 202",1.0,0.0,False,False,False,0.0,0.0,0.0,,,Hard rock,Primary,Extensive,1,Confirmado,0,No,0,No,0,No,0,No,0,No,0,No,0,0,1,0,1.0,1.0,1.0,1.0,Alta Certeza (Grado I),,Granitoides de emplazamiento meso-catazonal,Granitoides alcalinos (marco extensional),PALEOZOICO,CAMBRICO-ORDOVICICO,ROCAS PLUTONICAS PREHERCINICAS,16119.646530772385,4779380.459482545,83224.5,81044.6,0
1091,Pozo Rico (Alcudia),,Hispania Tarraconensis,Spain,Ciudad Real,Alcudia,,,CR 42,861.0,,,38.434231,-3.941203,500.0,"Guessed from Google Earth & description in Domergue 1987, 84",Domergue does not give coordinates,,,,,,FALSE,1.0,1.0,0.0,0.0,0.0,0.0,0.0,0.0,,Domergue 1990: 46,0.0,1.0,False,False,False,0.0,0.0,0.0,0.0,,,,,0,No,1,Confirmado,0,No,1,Confirmado,0,No,0,No,0,No,0,1,0,0,0.85,0.9,1.0,0.905,Alta Certeza (Grado I),,Cuarcitas; pizarras; areniscas; calizas y vulcanitas,"Ortocuarcitas, areniscas y pizarras",PALEOZOICO,ORDOVICICO, ,417853.67756499944,4254415.070484174,7538.0,1170.9,0
1092,Pozo Rico (Sevilla),,Hispania Baetica,Spain,Sevilla,Sevilla,,,SE 8,899.0,416.6,391.7,38.10237861,-5.780384097,100.0,"Converted in QGIS from Lambert coords, Madrid 1870",,,,,,,FALSE,1.0,0.0,1.0,0.0,0.0,0.0,0.0,0.0,,Domergue 1990: 48,,,False,False,False,0.0,0.0,0.0,,,Hard rock,Primary,,0,No,1,Confirmado,1,Confirmado,0,No,0,No,0,No,0,No,0,0,0,0,1.0,0.9,1.0,0.965,Alta Certeza (Grado I),,Gneises; esquistos; marmoles y vulcanitas,Vulcanitas y/o rocas vulcanoclásticas y metasedimentos,PROTEROZOICO,VENDIENSE, ,256206.4265685643,4220825.981453153,719.3,1440.1,18
1093,Pradela / Las Curiscadas,,Hispania Tarraconensis,Spain,León,Cuencas de Cúa y Burbia,,CB-26,LE 41,158.0,340.8,399.4,42.654675,-6.843729,0.0,Google Earth,,,,,,,TRUE,0.0,0.0,0.0,0.0,0.0,0.0,0.0,0.0,,"Domergue 1990: 43; Sanchez-Palencia and Orejas 1994, 192",1.0,0.0,True,False,True,0.0,0.0,0.0,0.0,,Tertiary alluvium,Secondary,Selective - Extensive,1,Confirmado,0,No,0,No,0,No,0,No,0,No,0,No,1,0,1,0,1.0,1.0,1.0,1.0,Alta Certeza (Grado I),,Cuarcitas; pizarras; areniscas; calizas y vulcanitas,"Areniscas, pizarras, cuarcitas o calizas y conglomerados",PALEOZOICO,CAMBRICO-ORDOVICICO, ,184935.57992923702,4729634.590905332,268.2,2411.7,19
1094,Pradera de Campo,,Hispania Tarraconensis,Spain,León,Cuenca del Eria,,ER-16,,,,,42.258443,-6.303296,300.0,"Estimated from Sanchez-Palencia and Orejas 1994, fig. 17 and Google Earth",,,,,,,TRUE,0.0,0.0,0.0,0.0,0.0,0.0,0.0,0.0,,"Sanchez-Palencia and Orejas 1994, 193; Fernández-Lozano et al. 2015,  fig. 10.",1.0,0.0,True,True,False,0.0,0.0,0.0,0.0,Hydraulic erosion and stone dumps apparently visible on Google Earth,,Secondary,Extensive,1,Confirmado,0,No,0,No,0,No,0,No,0,No,0,No,1,0,1,0,0.85,0.9,1.0,0.905,Alta Certeza (Grado I),,Cuarcitas; pizarras; areniscas; calizas y vulcanitas,"Ortocuarcitas, areniscas y pizarras",PALEOZOICO,ORDOVICICO, ,227523.9905711144,4683756.609516396,46545.7,46075.8,0
1095,A Xisterna II (Prado de Paradiña),,Hispania Tarraconensis,Spain,León,Cuencas de Cúa y Burbia,,CB-16,LE 26,126.0,349.5,904.6,42.708339,-6.742289,0.0,"Converted in QGIS from Lambert coords, Madrid 1870, adjusted with Google Earth",,,,,,,TRUE,0.0,0.0,0.0,0.0,0.0,0.0,0.0,0.0,,"Domergue 1990: 43; Sanchez-Palencia and Orejas 1994, 191",1.0,0.0,True,True,True,0.0,0.0,0.0,1.0,Four channels following side of ridge - zanjas/ground sluicing,Tertiary alluvium,Secondary,Extensive,1,Confirmado,0,No,0,No,0,No,0,No,0,No,0,No,1,0,1,0,1.0,1.0,1.0,1.0,Alta Certeza (Grado I),,Cuarcitas; pizarras; areniscas; calizas y vulcanitas,"Pizarras, areniscas, cuarcitas y calizas o rocas vulcanoclásticas",PALEOZOICO,ORDOVICICO, ,193515.72505477892,4735221.028113048,383.0,962.0,50
1096,Prado de Rollos,,Hispania Tarraconensis,Spain,León,Cuencas del Turienzo y Jerega,,TJ-03,,,,,42.464868,-6.35012,100.0,Google Earth and http://cartographic.info/espana/map.php?id=533979,,,,,,,TRUE,0.0,0.0,0.0,0.0,0.0,0.0,0.0,0.0,,"Sanchez-Palencia and Orejas 1994, 202",,,,,,,,,,,,Primary,Selective - Extensive,1,Confirmado,0,No,0,No,0,No,0,No,0,No,0,No,0,0,0,0,1.0,0.9,1.0,0.965,Alta Certeza (Grado I),,Cuarcitas; pizarras; areniscas; calizas y vulcanitas,"Areniscas, pizarras, cuarcitas o calizas y conglomerados",PALEOZOICO,CAMBRICO-ORDOVICICO, ,224565.44378137606,4706831.834538587,23397.9,22820.5,0
1097,La Cruz de Hierro / Prado de Valdefrancos,,Hispania Tarraconensis,Spain,León,Cuencas del Turienzo y Jerega,,TJ-02,LE 34,192.0,379.5,877.5,42.468354,-6.366098,100.0,"Estimated from Sanchez-Palencia and Orejas 1994, fig. 17, IGN map, and Google Earth",,,,,,,TRUE,0.0,0.0,0.0,0.0,0.0,0.0,0.0,0.0,,"Domergue 1990: 43; Sanchez-Palencia and Orejas 1994, 202",1.0,0.0,True,,,0.0,0.0,0.0,0.0,,Quartz veins with gold-bearing arsenopyrites,Primary,Selective - Extensive,1,Confirmado,0,No,0,No,0,No,0,No,0,No,0,No,1,0,1,0,1.0,1.0,1.0,1.0,Alta Certeza (Grado I),,Cuarcitas; pizarras; areniscas; calizas y vulcanitas,"Areniscas, pizarras, cuarcitas o calizas y conglomerados",PALEOZOICO,CAMBRICO-ORDOVICICO, ,223267.03029261902,4707271.01888069,22955.7,22204.9,0
1098,Prado Luengo - Casares,,Hispania Tarraconensis,Spain,León,Cuencas del Turienzo y Jerega,,TJ-27,,,,,42.493191,-6.227156,10.0,https://servicios.jcyl.es/pweb/datosGIS.do?tipo=Yacimiento&numero=94440 ,,,,,,,TRUE,0.0,0.0,0.0,0.0,0.0,0.0,0.0,0.0,,"Sanchez-Palencia and Orejas 1994, 202",1.0,0.0,True,,,,,,,,,Secondary,Extensive,1,Confirmado,0,No,0,No,0,No,0,No,0,No,0,No,1,0,1,0,1.0,0.9,1.0,0.965,Alta Certeza (Grado I),,Conglomerados; areniscas; arcillas; calizas y evaporitas; Vulcanitas basicas,"Conglomerados, areniscas, arenas arcósicas, arcillas, calizas y yesos",CENOZOICO,NEOGENO, ,234795.8348651633,4709584.979920489,22064.9,23185.1,0
1099,Prado Posadillas Huergas,,Hispania Tarraconensis,Spain,León,Astorga,,,LE 19,230.0,387.0,860.0,42.31546244,-6.272830572,100.0,"Converted in QGIS from Lambert coords, Madrid 1870",,,,,,,TRUE,0.0,0.0,0.0,0.0,0.0,0.0,0.0,0.0,,Domergue 1990: 43,0.0,0.0,True,False,False,0.0,1.0,0.0,0.0,,Colluvial deposits,,,1,Confirmado,0,No,0,No,0,No,0,No,0,No,0,No,1,0,1,0,1.0,0.9,1.0,0.965,Alta Certeza (Grado I),,Conglomerados; areniscas; arcillas; calizas y evaporitas; Vulcanitas basicas,"Conglomerados, areniscas, arenas arcósicas, arcillas, calizas y yesos",CENOZOICO,NEOGENO, ,230280.8651756685,4689991.622544382,40595.9,40475.6,0
1100,Prado Vicioso,,Hispania Baetica,Spain,Huelva,Huelva,,,H 11,959.0,299.5,338.1,37.58690171,-7.09200445,100.0,"Converted in QGIS from Lambert coords, Madrid 1870",,,,,,,FALSE,0.0,0.0,1.0,0.0,0.0,0.0,0.0,0.0,,Domergue 1990: 62,,,False,False,False,0.0,0.0,0.0,,,Pyrite,Primary,,0,No,0,No,1,Confirmado,0,No,0,No,0,No,0,No,0,0,0,0,1.0,0.9,1.0,0.965,Alta Certeza (Grado I),,Conglomerados; areniscas; pizarras; calizas y vulcanitas; Carbon,Vulcanitas y rocas vulcanoclásticas,PALEOZOICO,CARBONIFERO, ,138647.77072384313,4167860.9275545203,19473.1,20985.3,0
1101,Pradorrey,,Hispania Tarraconensis,Spain,León,Astorga,,,LE 2,193.0,400.0,879.1,42.49160118,-6.12386389,100.0,"Converted in QGIS from Lambert coords, Madrid 1870, adjusted from satellite imagery and site visit.",Immediately east of the motorway intersection at Pradorrey.,,,,,,TRUE,0.0,0.0,0.0,0.0,0.0,0.0,0.0,0.0,,Domergue 1990: 43,,,,,,,,,,,Tertiary alluvium,,,1,Confirmado,0,No,0,No,0,No,0,No,0,No,0,No,0,0,0,0,1.0,0.9,1.0,0.965,Alta Certeza (Grado I),,Cuarcitas; pizarras; areniscas; calizas y vulcanitas,Pizarras y areniscas,PALEOZOICO,ORDOVICICO, ,243278.51594532822,4709090.2755624065,22897.5,26782.7,0
1102,Cha do Castro / Puebla del Brollón,,Hispania Tarraconensis,Spain,Lugo,Galicia,,MS-101,LU 9,159.0,296.2,892.0,42.57461492,-7.389792601,100.0,"Converted in QGIS from Lambert coords, Madrid 1870",,,,,,,TRUE,0.0,0.0,0.0,0.0,0.0,0.0,0.0,0.0,,"Domergue 1990: 41; Sanchez-Palencia and Orejas 1994, 197",1.0,0.0,True,False,False,0.0,1.0,0.0,0.0,,Quaternary terrace,Secondary,Selective,1,Confirmado,0,No,0,No,0,No,0,No,0,No,0,No,1,0,1,0,1.0,1.0,1.0,1.0,Alta Certeza (Grado I),,Conglomerados; gravas; arenas y limos,"Conglomerados, gravas, arenas, areniscas, limos y arcillas. Terrazas fluviales y marinas",CENOZOICO,CUATERNARIO, ,139706.6669682677,4722925.723107925,6652.1,6739.8,0
1103,Puente del Plantao,,Hispania Tarraconensis,Spain,Oviedo,Cuenca del Navia,,NV-73,,,,,43.364735,-6.680765,300.0,"Guessed from Sanchez-Palencia and Orejas 1994, fig. 13; and Google Earth.",,,,,,,TRUE,0.0,0.0,0.0,0.0,0.0,0.0,0.0,0.0,,"Sanchez-Palencia and Orejas 1994, 200",1.0,0.0,True,True,False,0.0,0.0,0.0,0.0,,,Primary,Extensive,1,Confirmado,0,No,0,No,0,No,0,No,0,No,0,No,1,0,1,0,0.85,0.9,1.0,0.905,Alta Certeza (Grado I),,Cuarcitas; pizarras; areniscas; calizas y vulcanitas,"Pizarras, areniscas, cuarcitas y calizas o rocas vulcanoclásticas",PALEOZOICO,ORDOVICICO, ,201755.5986394171,4807901.875559296,10206.9,9994.7,0
1104,Puerto del Palo,,Hispania Tarraconensis,Spain,Oviedo,Cuenca del Navia,,NV-39,,,,,43.272862,-6.678937,0.0,Google Earth,By car park at the pass on the road.,,,,,,TRUE,0.0,0.0,0.0,0.0,0.0,0.0,0.0,0.0,"Hushing tank and hush gulley, aqueduct channels for collecting snow melt.","Sanchez-Palencia and Orejas 1994, 200",1.0,0.0,True,True,False,0.0,0.0,0.0,0.0,,,Primary,Selective,1,Confirmado,0,No,0,No,0,No,0,No,0,No,0,No,1,0,1,0,1.0,0.9,1.0,0.965,Alta Certeza (Grado I),,Cuarcitas; pizarras; areniscas; calizas y vulcanitas,"Areniscas, pizarras, cuarcitas o calizas y conglomerados",PALEOZOICO,CAMBRICO-ORDOVICICO, ,201453.5990710979,4797691.170622724,8817.1,5733.6,0
1108,Pumar de las Montañas,,Hispania Tarraconensis,Spain,Oviedo,Cuenca del Narcea,,NA-20,O 10,50.0,359.3,956.8,43.17868934,-6.647751338,100.0,"Converted in QGIS from Lambert coords, Madrid 1870",,,,,,,TRUE,0.0,0.0,0.0,0.0,0.0,0.0,0.0,0.0,,"Domergue 1990: 42; Sanchez-Palencia and Orejas 1994, 197",,,,,,,,,,,Hard rock,Primary,Selective - Extensive,1,Confirmado,0,No,0,No,0,No,0,No,0,No,0,No,0,0,0,0,1.0,1.0,1.0,1.0,Alta Certeza (Grado I),,Cuarcitas; pizarras; areniscas; calizas y vulcanitas,"Areniscas, pizarras, cuarcitas o calizas y conglomerados",PALEOZOICO,CAMBRICO-ORDOVICICO, ,203527.84862855438,4787120.6349284295,1909.4,3110.2,7
1109,Quilos,,Hispania Tarraconensis,Spain,León,Bierzo,,,LE 3,158.0,351.3,396.0,38.12484797,-6.526528617,100.0,"Converted in QGIS from Lambert coords, Madrid 1870",,,,,,,TRUE,0.0,0.0,0.0,0.0,0.0,0.0,0.0,0.0,,Domergue 1990: 44,,,,,,,,,,,Terrace,,,1,Confirmado,0,No,0,No,0,No,0,No,0,No,0,No,0,0,0,0,1.0,0.9,1.0,0.965,Alta Certeza (Grado I),,Cuarcitas; pizarras; areniscas; calizas y vulcanitas,Vulcanitas ácidas y rocas vulcanoclásticas,PROTEROZOICO,VENDIENSE, ,190859.04680567334,4225545.060911051,474.2,1703.5,46
1110,Quintanilla de Flórez / La Pedrer - El Sardonal,,Hispania Tarraconensis,Spain,León,Cuencas del Duerna y Jamuz,,DU-21,LE 32,231.0,401.8,855.7,42.28048116,-6.091906439,100.0,"Converted in QGIS from Lambert coords, Madrid 1870",,,,,,,TRUE,0.0,0.0,0.0,0.0,0.0,0.0,0.0,0.0,,"Domergue 1990: 43; Sanchez-Palencia and Orejas 1994, 193",1.0,0.0,True,False,False,0.0,0.0,0.0,0.0,,Terrace,Secondary,Selective,1,Confirmado,0,No,0,No,0,No,0,No,0,No,0,No,1,0,1,0,1.0,1.0,1.0,1.0,Alta Certeza (Grado I),,Conglomerados; gravas; arenas y limos,"Conglomerados, gravas, arenas, areniscas, limos y arcillas. Terrazas fluviales y marinas",CENOZOICO,CUATERNARIO, ,245051.30196207896,4685548.792465219,44736.9,49115.2,0
1111,Quinto del Hierro,,Hispania Tarraconensis,Spain,Ciudad Real,Alcudia,,,CR 5,808.0,507.6,460.0,38.73261216,-4.75159193,100.0,"Converted in QGIS from Lambert coords, Madrid 1870",,,,,,,FALSE,1.0,1.0,0.0,0.0,0.0,0.0,0.0,0.0,,Laurent 1975: 61-69; Domergue 1990: 46,0.0,1.0,False,False,False,0.0,0.0,0.0,0.0,,,,,0,No,1,Confirmado,0,No,1,Confirmado,0,No,0,No,0,No,0,1,0,0,1.0,0.9,1.0,0.965,Alta Certeza (Grado I),,Gneises; esquistos; marmoles y vulcanitas,"Pizarras, grauwacas, conglomerados o porfiroides",PROTEROZOICO, , ,347752.1752072878,4288561.292445626,2202.4,864.3,11
1112,Quinto del Huerto,,Hispania Baetica,Spain,Córdoba,Los Pedroches,,,CO 23,833.0,480.8,442.5,38.57153808,-5.05696044,100.0,"Converted in QGIS from Lambert coords, Madrid 1870",,,,,,,FALSE,0.0,0.0,1.0,0.0,0.0,0.0,0.0,0.0,,Domergue 1990: 47,0.0,1.0,False,False,False,0.0,0.0,0.0,0.0,,Hard rock,Primary,,0,No,0,No,1,Confirmado,0,No,0,No,0,No,0,No,0,1,0,0,1.0,0.9,1.0,0.965,Alta Certeza (Grado I),,Granitoides de emplazamiento epi-mesozonal,Granitoides de dos micas,PALEOZOICO,DEVONICO-CARBONIFERO-PERMICO,ROCAS PLUTONICAS HERCINICAS,320806.31250270025,4271237.45210976,7484.3,275.7,0
1113,Quinto Rascarroña,,Hispania Baetica,Spain,Badajoz,La Serena,,,BA 30,806.0,466.6,468.6,38.80475582,-5.22518723,100.0,"Converted in QGIS from Lambert coords, Madrid 1870",,,,,,,FALSE,1.0,1.0,0.0,0.0,0.0,0.0,0.0,0.0,,Domergue 1990: 45,,,False,False,False,0.0,0.0,0.0,,,Hard rock,Primary,,0,No,1,Confirmado,0,No,1,Confirmado,0,No,0,No,0,No,0,0,0,0,1.0,0.9,1.0,0.965,Alta Certeza (Grado I),,Gneises; esquistos; marmoles y vulcanitas,"Pizarras, grauwacas, conglomerados o porfiroides",PROTEROZOICO, , ,306778.18035331083,4297462.44935322,7151.6,6867.1,0
1115,Raposeras,,Hispania Tarraconensis,Spain,León,Cuenca Alta del Orbigo,,AO-27,,,,,42.794298,-5.710476,100.0,"Estimated from Sanchez-Palencia and Orejas 1994, fig. 15, and features on Google Earth",,,,,,,TRUE,0.0,0.0,0.0,0.0,0.0,0.0,0.0,0.0,,"Sanchez-Palencia and Orejas 1994, 189",1.0,0.0,True,,,,,,,,,Secondary,Extensive,1,Confirmado,0,No,0,No,0,No,0,No,0,No,0,No,1,0,1,0,1.0,0.9,1.0,0.965,Alta Certeza (Grado I),,Conglomerados; areniscas; arcillas y calizas; Evaporitas,"Turbiditas calcáreas. Calizas, calizas arenosas, areniscas y margas arenosas",CENOZOICO,PALEOGENO-NEOGENO, ,278331.5271530814,4741535.807474646,11766.8,142.1,0
1117,Rebelde Julia,,Hispania Baetica,Spain,Badajoz,La Serena,,,BA 35,805.0,439.8,463.5,38.75419376,-5.53272272,100.0,"Converted in QGIS from Lambert coords, Madrid 1870",,,,,,,FALSE,1.0,1.0,0.0,0.0,0.0,0.0,0.0,0.0,,Domergue 1990: 45,,,False,False,False,0.0,0.0,0.0,,,Hard rock,Primary,,0,No,1,Confirmado,0,No,1,Confirmado,0,No,0,No,0,No,0,0,0,0,1.0,0.9,1.0,0.965,Alta Certeza (Grado I),,Gneises; esquistos; marmoles y vulcanitas,"Pizarras, grauwacas, conglomerados o porfiroides",PROTEROZOICO, , ,279914.6415644983,4292545.88232038,3517.8,3786.5,3
1118,Regia,,Hispania Tarraconensis,Spain,Tarragona,,,,T 1,471.0,972.0,738.4,41.1642222,0.750551075,100.0,"Converted in QGIS from Lambert coords, Madrid 1870",NB Domergue has map number wrong: 471 (not 741) is correct,,,,,,FALSE,0.0,1.0,0.0,0.0,0.0,0.0,0.0,0.0,,Domergue 1990: 64,,,False,False,False,0.0,0.0,0.0,,,,,,0,No,0,No,0,No,1,Confirmado,0,No,0,No,0,No,0,0,0,0,1.0,0.9,1.0,0.965,Alta Certeza (Grado I),,Conglomerados; areniscas; pizarras; calizas y vulcanitas; Carbon,"Pizarras, areniscas, conglomerados, carbón y calizas",PALEOZOICO,CARBONIFERO, ,814673.2397006977,4563771.865014176,164211.8,162462.6,0
1119,Reguera de las Fuentes,,Hispania Tarraconensis,Spain,León,León,,,LE 40,129.0,423.5,912.5,42.79674039,-5.845487694,100.0,"Converted in QGIS from Lambert coords, Madrid 1870",,,,,,,TRUE,0.0,0.0,0.0,0.0,0.0,0.0,0.0,0.0,,Domergue 1990: 42,0.0,0.0,True,False,False,0.0,1.0,0.0,0.0,,Colluvium and slope deposits,,,1,Confirmado,0,No,0,No,0,No,0,No,0,No,0,No,1,0,1,0,1.0,0.9,1.0,0.965,Alta Certeza (Grado I),,Conglomerados; areniscas; pizarras; calizas y vulcanitas; Carbon,"Conglomerados, areniscas, lutitas y carbón",PALEOZOICO,CARBONIFERO, ,267298.4508945419,4742171.055874145,9664.7,9908.9,0
1120,Reguera del Vallón,,Hispania Tarraconensis,Spain,Oviedo,Cuenca del Navia,,NV-72,,,,,43.360851,-6.679528,0.0,"Guessed from Sanchez-Palencia and Orejas 1994, fig. 13; and Google Earth.",,,,,,,TRUE,0.0,0.0,0.0,0.0,0.0,0.0,0.0,0.0,,"Sanchez-Palencia and Orejas 1994, 200",1.0,0.0,True,True,False,0.0,0.0,0.0,0.0,,,Secondary,Selective,1,Confirmado,0,No,0,No,0,No,0,No,0,No,0,No,1,0,1,0,1.0,0.9,1.0,0.965,Alta Certeza (Grado I),,Cuarcitas; pizarras; areniscas; calizas y vulcanitas,"Pizarras, areniscas, cuarcitas y calizas o rocas vulcanoclásticas",PALEOZOICO,ORDOVICICO, ,201836.78978292155,4807466.057902273,9976.3,9713.0,0
1121,Reguerón de la Mata,,Hispania Tarraconensis,Spain,León,Cuenca Alta del Orbigo,,AO-31,,,,,42.760872,-5.737246,100.0,"Estimated from Sanchez-Palencia and Orejas 1994, fig. 15, and features on Google Earth",,,,,,,TRUE,0.0,0.0,0.0,0.0,0.0,0.0,0.0,0.0,,"Sanchez-Palencia and Orejas 1994, 189",1.0,0.0,True,,,,,,,,,Secondary,Extensive,1,Confirmado,0,No,0,No,0,No,0,No,0,No,0,No,1,0,1,0,1.0,0.9,1.0,0.965,Alta Certeza (Grado I),,Conglomerados; gravas; arenas y limos,"Conglomerados, gravas, arenas, areniscas, limos y arcillas. Terrazas fluviales y marinas",CENOZOICO,CUATERNARIO, ,276021.55586677673,4737894.484273943,9137.9,2041.2,0
1122,Reocín,,Hispania Tarraconensis,Spain,Santander,,,,S 1,34.0,567.5,970.6,43.3381496,-4.088488287,100.0,"Converted in QGIS from Lambert coords, Madrid 1870",,,,,,,FALSE,0.0,1.0,0.0,0.0,0.0,0.0,1.0,0.0,Calamine also mined here,Domergue 1990: _x001A_耀,,,False,False,False,0.0,0.0,0.0,,,,,,0,No,0,No,0,No,1,Confirmado,0,No,0,No,0,No,0,0,0,0,1.0,0.9,1.0,0.965,Alta Certeza (Grado I),,Calizas; dolomias y margas; Areniscas,"Margas y margocalizas. Margas arcillosas turbidíticas. Calizas arenosas, areniscas, arenas y margas.",MESOZOICO,CRETACICO, ,411766.8731530236,4798942.083091846,682.3,1419.3,20
1123,Requeja,,Hispania Baetica,Spain,Córdoba,Los Pedroches,,,CO 16,858.0,497.3,423.2,38.39966628,-4.86455465,100.0,"Converted in QGIS from Lambert coords, Madrid 1870",,,,,,,FALSE,0.0,0.0,1.0,0.0,0.0,0.0,0.0,0.0,,Domergue 1990: 47,0.0,1.0,False,False,False,0.0,0.0,0.0,0.0,,Hard rock,Primary,,0,No,0,No,1,Confirmado,0,No,0,No,0,No,0,No,0,1,0,0,1.0,0.9,1.0,0.965,Alta Certeza (Grado I),,Granitoides de emplazamiento epi-mesozonal,Granitoides biotíticos,PALEOZOICO,DEVONICO-CARBONIFERO-PERMICO,ROCAS PLUTONICAS HERCINICAS,337182.8796915677,4251806.225119371,12175.8,10281.2,0
1124,Ría de Foz / As Covas,,Hispania Tarraconensis,Spain,Lugo,Cuenca del Masma,,MA-01,LU 2,9.0,311.8,999.3,43.54512753,-7.252162177,100.0,"Converted in QGIS from Lambert coords, Madrid 1870",,,,,,,TRUE,0.0,0.0,0.0,0.0,0.0,0.0,0.0,0.0,,"Domergue 1990: 41; Sanchez-Palencia and Orejas 1994, 194",1.0,0.0,True,False,False,0.0,1.0,0.0,0.0,,Quaternary terrace,Secondary,Selective - Extensive,1,Confirmado,0,No,0,No,0,No,0,No,0,No,0,No,1,0,1,0,1.0,1.0,1.0,1.0,Alta Certeza (Grado I),,Cuarcitas; pizarras; areniscas; calizas y vulcanitas,"Areniscas, pizarras, cuarcitas o calizas y conglomerados",PALEOZOICO,CAMBRICO-ORDOVICICO, ,156476.60542428028,4830143.349993586,2257.6,380.6,6
1125,Ribón,,Hispania Tarraconensis,Spain,León,Cuencas de Cúa y Burbia,,CB-23,LE 24,126.0,346.4,902.6,42.693059,-6.783663,100.0,"Converted in QGIS from Lambert coords, Madrid 1870; adjusted with reference to apparent feature on Google Earth.",,,,,,,TRUE,0.0,0.0,0.0,0.0,0.0,0.0,0.0,0.0,,"Domergue 1990: 43; Sanchez-Palencia and Orejas 1994, 192",1.0,0.0,True,False,True,0.0,0.0,0.0,0.0,,Tertiary alluvium,Secondary,Extensive,1,Confirmado,0,No,0,No,0,No,0,No,0,No,0,No,1,0,1,0,1.0,1.0,1.0,1.0,Alta Certeza (Grado I),,Cuarcitas; pizarras; areniscas; calizas y vulcanitas,"Areniscas, pizarras, cuarcitas o calizas y conglomerados",PALEOZOICO,CAMBRICO-ORDOVICICO, ,190050.78918262228,4733675.176523362,684.3,2232.6,39
1126,Riner,,Hispania Tarraconensis,Spain,Lérida,,,,L 1,330.0,1035.0,828.6,41.94498984,1.56397534,100.0,"Converted in QGIS from Lambert coords, Madrid 1870",,,,,,,FALSE,0.0,0.0,1.0,0.0,0.0,0.0,0.0,0.0,,Domergue 1990: 64,,,False,False,False,0.0,0.0,0.0,,,,,,0,No,0,No,1,Confirmado,0,No,0,No,0,No,0,No,0,0,0,0,1.0,0.9,1.0,0.965,Alta Certeza (Grado I),,Conglomerados; areniscas; arcillas y calizas; Evaporitas,"Turbiditas calcáreas. Calizas, calizas arenosas, areniscas y margas arenosas",CENOZOICO,PALEOGENO-NEOGENO, ,878346.0071523335,4653752.113423488,245870.6,220875.5,0
1127,Río Ancares / Los Moracales del Valle,,Hispania Tarraconensis,Spain,León,Cuencas de Cúa y Burbia,,CB-11,LE 49,126.0,352.5,906.2,42.72148236,-6.710216453,100.0,"Converted in QGIS from Lambert coords, Madrid 1870",,,,,,,TRUE,0.0,0.0,0.0,0.0,0.0,0.0,0.0,0.0,,"Domergue 1990: 44; Sanchez-Palencia and Orejas 1994, 191",1.0,0.0,True,False,,0.0,,,,,Terrace,,,1,Confirmado,0,No,0,No,0,No,0,No,0,No,0,No,1,0,1,0,1.0,1.0,1.0,1.0,Alta Certeza (Grado I),,Cuarcitas; pizarras; areniscas; calizas y vulcanitas,Pizarras y areniscas,PALEOZOICO,ORDOVICICO, ,196206.8967176876,4736564.70640508,302.9,302.9,56
1129,Río Burbia,,Hispania Tarraconensis,Spain,León,Cuencas de Cúa y Burbia,,CB-27,,,,,42.659737,-6.803756,500.0,"Estimated from Sanchez-Palencia and Orejas 1994, fig. 14, IGN map, and Google Earth",,,,,,,TRUE,0.0,0.0,0.0,0.0,0.0,0.0,0.0,0.0,,"Sanchez-Palencia and Orejas 1994, 192",1.0,0.0,True,,,,,,,,,Secondary,Extensive,1,Confirmado,0,No,0,No,0,No,0,No,0,No,0,No,1,0,1,0,0.85,0.9,1.0,0.905,Alta Certeza (Grado I),,Cuarcitas; pizarras; areniscas; calizas y vulcanitas,"Areniscas, pizarras, cuarcitas o calizas y conglomerados",PALEOZOICO,CAMBRICO-ORDOVICICO, ,188237.83089487196,4730048.383570488,2289.7,888.1,18
1130,Río Cabrera: below Pombriego / Las Suertes,,Hispania Tarraconensis,Spain,León,Cuenca media del Sil,,MS-079,LE 30.b,191.0,350.7,873.2,42.42398053,-6.718484432,100.0,"Converted in QGIS from Lambert coords, Madrid 1870",,,,,,,TRUE,0.0,0.0,0.0,0.0,0.0,0.0,0.0,0.0,,"Domergue 1990: 44; Sanchez-Palencia and Orejas 1994, 196",1.0,0.0,True,,,,,,,,Terrace,Secondary,Selective,1,Confirmado,0,No,0,No,0,No,0,No,0,No,0,No,1,0,1,0,1.0,1.0,1.0,1.0,Alta Certeza (Grado I),,Areniscas; pizarras y calizas,"Pizarras, esquistos, areniscas, calizas, ampelitas y liditas",PALEOZOICO,SILURICO-DEVONICO, ,194077.09553006937,4703553.971949525,26563.1,26853.2,0
1131,Río Cabrera: Castroquilame,,Hispania Tarraconensis,Spain,León,Cuenca media del Sil,,MS-082,LE 30.a,191.0,348.6,873.3,42.42423498,-6.744034238,100.0,"Converted in QGIS from Lambert coords, Madrid 1870",,,,,,,TRUE,0.0,0.0,0.0,0.0,0.0,0.0,0.0,0.0,,Domergue 1990: 44; Sanchez-Palencia and Orejas 1994: 196,1.0,0.0,True,,,,,,,,Terrace,Secondary,Extensive,1,Confirmado,0,No,0,No,0,No,0,No,0,No,0,No,1,0,1,0,1.0,1.0,1.0,1.0,Alta Certeza (Grado I),,Areniscas; pizarras y calizas,"Pizarras, esquistos, areniscas, calizas, ampelitas y liditas",PALEOZOICO,SILURICO-DEVONICO, ,191976.06845290563,4703674.720687157,26959.1,27331.8,0
1132,Río Cabrera: Llamas de Cabrera / El Covallón de Miédalo,,Hispania Tarraconensis,Spain,León,Cuenca media del Sil,,MS-059,LE 30.d,191.0,357.0,871.3,42.4087844,-6.641192062,100.0,"Converted in QGIS from Lambert coords, Madrid 1870",,,,,,,TRUE,0.0,0.0,0.0,0.0,0.0,0.0,0.0,0.0,,"Domergue 1990: 44; Sanchez-Palencia and Orejas 1994, 196",1.0,0.0,True,,,,,,,,Terrace,Secondary,Selective - Extensive,1,Confirmado,0,No,0,No,0,No,0,No,0,No,0,No,1,0,1,0,1.0,1.0,1.0,1.0,Alta Certeza (Grado I),,Cuarcitas; pizarras; areniscas; calizas y vulcanitas,"Pizarras, areniscas, cuarcitas y calizas o rocas vulcanoclásticas",PALEOZOICO,ORDOVICICO, ,200364.34884455858,4701590.400658653,27807.4,27991.4,0
1133,Río Cabrera: Santalavilla,,Hispania Tarraconensis,Spain,León,Cuenca media del Sil,,MS-068,LE 30.c,191.0,355.5,872.6,42.42003568,-6.659935142,100.0,"Converted in QGIS from Lambert coords, Madrid 1870",,,,,,,TRUE,0.0,0.0,0.0,0.0,0.0,0.0,0.0,0.0,,"Domergue 1990: 44; Sanchez-Palencia and Orejas 1994, 196",1.0,0.0,True,,,,,,,,Terrace,Secondary,Selective - Extensive,1,Confirmado,0,No,0,No,0,No,0,No,0,No,0,No,1,0,1,0,1.0,1.0,1.0,1.0,Alta Certeza (Grado I),,Cuarcitas; pizarras; areniscas; calizas y vulcanitas,"Pizarras, areniscas, cuarcitas y calizas o rocas vulcanoclásticas",PALEOZOICO,ORDOVICICO, ,198875.68999781966,4702906.314853937,26525.1,26735.3,0
1134,Río Cervos,,Hispania Tarraconensis,Spain,Oviedo,Cuenca del Navia,,NV-09,,,,,43.019741,-6.839674,500.0,"Guessed in relation to La Arenera and Villarcebollín from Google Earth and Sanchez-Palencia and Orejas 1994, fig. 13.",,,,,,,TRUE,0.0,0.0,0.0,0.0,0.0,0.0,0.0,0.0,,"Sanchez-Palencia and Orejas 1994, 199",,,,,,,,,,,,Primary,Selective - Extensive,1,Confirmado,0,No,0,No,0,No,0,No,0,No,0,No,0,0,0,0,0.85,0.9,1.0,0.905,Alta Certeza (Grado I),,Cuarcitas; pizarras; areniscas; calizas y vulcanitas,Pizarras y areniscas,PALEOZOICO,ORDOVICICO, ,187118.2394812632,4770165.212640167,2178.7,1635.6,25
1135,Río Ciurana,,Hispania Tarraconensis,Spain,Tarragona,,,,T 2,471.0,969.7,736.4,41.14724628,0.721974085,100.0,"Converted in QGIS from Lambert coords, Madrid 1870",,,,,,,FALSE,0.0,1.0,0.0,0.0,0.0,0.0,0.0,0.0,,Domergue 1990: 64,0.0,1.0,False,False,False,0.0,0.0,0.0,0.0,,,,,0,No,0,No,0,No,1,Confirmado,0,No,0,No,0,No,0,1,0,0,1.0,0.9,1.0,0.965,Alta Certeza (Grado I),,Conglomerados; areniscas; arcillas y calizas; Evaporitas,"Turbiditas calcáreas. Calizas, calizas arenosas, areniscas y margas arenosas",CENOZOICO,PALEOGENO-NEOGENO, ,812355.863050034,4561783.710080376,161866.5,159954.7,0
1136,Río Corumbel,,Hispania Baetica,Spain,Huelva,Huelva,,,H 36,983.0,353.5,322.1,37.45968507,-6.47506987,100.0,"Converted in QGIS from Lambert coords, Madrid 1870",,,,,,,FALSE,1.0,1.0,1.0,0.0,0.0,0.0,0.0,0.0,,Domergue 1990: 62,0.0,1.0,False,False,False,0.0,0.0,0.0,0.0,,Hard rock,Primary,,0,No,1,Confirmado,1,Confirmado,1,Confirmado,0,No,0,No,0,No,0,1,0,0,1.0,0.9,1.0,0.965,Alta Certeza (Grado I),,Areniscas; pizarras y calizas,"Areniscas, pizarras, calizas, cuarcitas y rocas vulcanoclásticas",PALEOZOICO,DEVONICO-CARBONIFERO, ,192623.79918898607,4151541.979835753,19699.4,15536.1,0
1137,Río Crispinejo,,Hispania Baetica,Spain,Huelva,Huelva,,,SE 3,961.0,374.0,328.0,37.51837238,-6.245326356,100.0,"Converted in QGIS from Lambert coords, Madrid 1870",,,,,,,FALSE,0.0,0.0,1.0,0.0,0.0,0.0,0.0,0.0,,Domergue 1990: 62,0.0,1.0,False,False,False,0.0,0.0,0.0,0.0,,Pyrite,Primary,,0,No,0,No,1,Confirmado,0,No,0,No,0,No,0,No,0,1,0,0,1.0,0.9,1.0,0.965,Alta Certeza (Grado I),,Areniscas; pizarras y calizas,"Areniscas, pizarras, calizas, cuarcitas y rocas vulcanoclásticas",PALEOZOICO,DEVONICO-CARBONIFERO, ,213175.70956816833,4157329.7335622627,15372.0,1951.6,0
1138,Río de Mosteiro,,Hispania Tarraconensis,Spain,Lugo,Cuenca Alta del Miño,,AN-14,,,,,42.983977,-6.98657,2000.0,"Guessed, from Río de Mosteiro on IGN map + Google Earth",,,,,,,TRUE,0.0,0.0,0.0,0.0,0.0,0.0,0.0,0.0,,"Sanchez-Palencia and Orejas 1994, 188",1.0,0.0,True,,,,,,,,,Secondary,Selective,1,Confirmado,0,No,0,No,0,No,0,No,0,No,0,No,1,0,1,0,0.5,0.9,1.0,0.765,Media Certeza (Grado II),,Cuarcitas; pizarras; areniscas; calizas y vulcanitas,"Areniscas, pizarras, cuarcitas o calizas y conglomerados",PALEOZOICO,CAMBRICO-ORDOVICICO, ,174958.06685058872,4766751.689427956,1029.2,3341.1,28
1139,Río de Ojén,,Hispania Tarraconensis,Spain,Madrid,,,,MA 1,1066.0,501.0,217.5,36.54648941,-4.792955069,100.0,"Converted in QGIS from Lambert coords, Madrid 1870",,,,,,,FALSE,1.0,1.0,0.0,0.0,0.0,0.0,0.0,0.0,,Domergue 1990: 64,0.0,1.0,False,False,False,0.0,0.0,0.0,0.0,,,,,0,No,1,Confirmado,0,No,1,Confirmado,0,No,0,No,0,No,0,1,0,0,1.0,0.9,1.0,0.965,Alta Certeza (Grado I),,Rocas plutonicas alpinas,Metagranitos,MESOZOICO-CENOZOICO, ,ROCAS PLUTONICAS ALPINAS,339519.78781615704,4046060.3798871827,33296.6,31921.0,0
1140,Río del Mazo,,Hispania Tarraconensis,Spain,Oviedo,Cuenca del Porcia,,PO-12,,,,,43.505363,-6.837463,500.0,"Guessed in relation to Andina II, after Sanchez-Palencia and Orejas 1994, fig. 13; and Google Earth.",,,,,,,TRUE,0.0,0.0,0.0,0.0,0.0,0.0,0.0,0.0,,"Sanchez-Palencia and Orejas 1994, 201",,,,,,,,,,,,Primary,Extensive,1,Confirmado,0,No,0,No,0,No,0,No,0,No,0,No,0,0,0,0,0.85,0.9,1.0,0.905,Alta Certeza (Grado I),,Cuarcitas; pizarras; areniscas; calizas y vulcanitas,"Areniscas, pizarras, cuarcitas o calizas y conglomerados",PALEOZOICO,CAMBRICO-ORDOVICICO, ,189777.96916401392,4824094.375272781,4904.2,3536.8,1
1141,Río del Oro,,Hispania Tarraconensis,Spain,Oviedo,Asturias,,,O 3,50.0,353.5,964.0,43.24168094,-6.722030241,100.0,"Converted in QGIS from Lambert coords, Madrid 1870",,,,,,,TRUE,0.0,0.0,0.0,0.0,0.0,0.0,0.0,0.0,,Domergue 1990: 42,,,,,,,,,,,Quaternary terrace,,,1,Confirmado,0,No,0,No,0,No,0,No,0,No,0,No,0,0,0,0,1.0,0.9,1.0,0.965,Alta Certeza (Grado I),,Cuarcitas; pizarras; areniscas; calizas y vulcanitas,"Pizarras, areniscas, cuarcitas y calizas o rocas vulcanoclásticas",PALEOZOICO,ORDOVICICO, ,197801.88780122472,4794383.009474212,9736.0,8836.8,0
1142,Río Donsal I,,Hispania Tarraconensis,Spain,Lugo,Cuenca Alta del Miño,,AN-05,,,,,42.912341,-7.073296,2000.0,"Guessed, from Rio Donsal on IGN map + Google Earth",,,,,,,TRUE,0.0,0.0,0.0,0.0,0.0,0.0,0.0,0.0,,"Sanchez-Palencia and Orejas 1994, 188",1.0,0.0,True,,,,,,,,,Secondary,Extensive,1,Confirmado,0,No,0,No,0,No,0,No,0,No,0,No,1,0,1,0,0.5,0.9,1.0,0.765,Media Certeza (Grado II),,Cuarcitas; pizarras; areniscas; calizas y vulcanitas,"Areniscas, pizarras, cuarcitas o calizas y conglomerados",PALEOZOICO,CAMBRICO-ORDOVICICO, ,167500.04707651096,4759134.948325233,1825.1,1667.5,20
1143,Río Donsal II,,Hispania Tarraconensis,Spain,Lugo,Cuenca Alta del Miño,,AN-06,,,,,42.920038,-7.074451,2000.0,"Guessed, from Rio Donsal on IGN map + Google Earth",,,,,,,TRUE,0.0,0.0,0.0,0.0,0.0,0.0,0.0,0.0,,"Sanchez-Palencia and Orejas 1994, 188",1.0,0.0,True,,,,,,,,,Secondary,Extensive,1,Confirmado,0,No,0,No,0,No,0,No,0,No,0,No,1,0,1,0,0.5,0.9,1.0,0.765,Media Certeza (Grado II),,Cuarcitas; pizarras; areniscas; calizas y vulcanitas,"Areniscas, pizarras, cuarcitas o calizas y conglomerados",PALEOZOICO,CAMBRICO-ORDOVICICO, ,167447.21970939747,4759994.405864757,1593.5,1865.2,18
1144,Rio Duerna I - Las Moraceras (Moracedas),,Hispania Tarraconensis,Spain,León,Valduerna,,DU-14,LE 17,,,,42.33500258,-6.225078172,0.0,Google Earth,,-20.0,200.0,15.0,300.0,,TRUE,0.0,0.0,0.0,0.0,0.0,0.0,0.0,0.0,,"Jones and Bird 1972; Domergue 1990: 43; Sanchez-Palencia and Orejas 1994, 192",1.0,0.0,True,False,True,0.0,1.0,0.0,0.0,"Dam for hushing reservoir at  42.331434°,  -6.230175°","Alterites, tertiary deposits, and terraces",Secondary,Extensive,1,Confirmado,0,No,0,No,0,No,0,No,0,No,0,No,1,0,1,0,1.0,1.0,1.0,1.0,Alta Certeza (Grado I),,Areniscas; pizarras y calizas,"Pizarras, esquistos, areniscas, calizas, ampelitas y liditas",PALEOZOICO,SILURICO-DEVONICO, ,234298.94375090091,4692011.182911086,39334.8,39698.1,0
1145,Rio Duerna II,,Hispania Tarraconensis,Spain,León,Valduerna,,DU-14,LE 17,,,,42.33438157,-6.242122507,0.0,Google Earth,,-20.0,200.0,15.0,300.0,,TRUE,0.0,0.0,0.0,0.0,0.0,0.0,0.0,0.0,,"Jones and Bird 1972; Domergue 1990: 43; Sanchez-Palencia and Orejas 1994, 192",1.0,0.0,True,False,True,0.0,1.0,0.0,0.0,,"Alterites, tertiary deposits, and terraces",Secondary,Extensive,1,Confirmado,0,No,0,No,0,No,0,No,0,No,0,No,1,0,1,0,1.0,1.0,1.0,1.0,Alta Certeza (Grado I),,Cuarcitas; pizarras; areniscas; calizas y vulcanitas,"Ortocuarcitas, areniscas y pizarras",PALEOZOICO,ORDOVICICO, ,232891.9589449173,4691995.652615953,39061.0,39256.0,0
1146,Rio Duerna III,,Hispania Tarraconensis,Spain,León,Valduerna,,DU-12,LE 17,,,,42.33620392,-6.269647663,0.0,Google Earth,,-20.0,200.0,15.0,300.0,,TRUE,0.0,0.0,0.0,0.0,0.0,0.0,0.0,0.0,,"Jones and Bird 1972; Domergue 1990: 43; Sanchez-Palencia and Orejas 1994, 192",1.0,0.0,True,False,True,0.0,1.0,0.0,0.0,,"Alterites, tertiary deposits, and terraces",Secondary,Extensive,1,Confirmado,0,No,0,No,0,No,0,No,0,No,0,No,1,0,1,0,1.0,1.0,1.0,1.0,Alta Certeza (Grado I),,Conglomerados; areniscas; arcillas; calizas y evaporitas; Vulcanitas basicas,"Conglomerados, areniscas, arenas arcósicas, arcillas, calizas y yesos",CENOZOICO,NEOGENO, ,230631.8057257774,4692284.916557458,38375.1,38338.8,0
1147,Rio Duerna IV,,Hispania Tarraconensis,Spain,León,Valduerna,,DU-12,LE 17,,,,42.34235037,-6.249094717,0.0,Google Earth,,-20.0,200.0,15.0,300.0,,TRUE,0.0,0.0,0.0,0.0,0.0,0.0,0.0,0.0,"Rake ground-sluicing, and hushing using ditches of pre-Roman castro","Jones and Bird 1972; Domergue 1990: 43; Sanchez-Palencia and Orejas 1994, 192",1.0,0.0,True,False,True,0.0,1.0,0.0,0.0,,"Alterites, tertiary deposits, and terraces",Secondary,Extensive,1,Confirmado,0,No,0,No,0,No,0,No,0,No,0,No,1,0,1,0,1.0,1.0,1.0,1.0,Alta Certeza (Grado I),,Conglomerados; areniscas; arcillas; calizas y evaporitas; Vulcanitas basicas,"Conglomerados, areniscas, arenas arcósicas, arcillas, calizas y yesos",CENOZOICO,NEOGENO, ,232351.31855199253,4692902.544778692,38064.1,38227.2,0
1148,Rio Duerna IX - El Castillo - Los Arrotos - Carcuevas - Los Gandarales,,Hispania Tarraconensis,Spain,León,Valduerna,,DU-08,LE 17,,,,42.35531073,-6.277635411,0.0,Google Earth,,-20.0,200.0,15.0,300.0,,TRUE,0.0,0.0,0.0,0.0,0.0,0.0,0.0,0.0,,"Jones and Bird 1972; Domergue 1990: 43; Sanchez-Palencia and Orejas 1994, 192",1.0,0.0,True,True,False,0.0,0.0,0.0,0.0,,"Alterites, tertiary deposits, and terraces",Secondary,Extensive,1,Confirmado,0,No,0,No,0,No,0,No,0,No,0,No,1,0,1,0,1.0,1.0,1.0,1.0,Alta Certeza (Grado I),,Conglomerados; areniscas; arcillas; calizas y evaporitas; Vulcanitas basicas,"Conglomerados, areniscas, arenas arcósicas, arcillas, calizas y yesos",CENOZOICO,NEOGENO, ,230055.52522374416,4694432.130211162,36166.7,36115.6,0
1150,Rio Duerna - Molinaferrera,,Hispania Tarraconensis,Spain,León,Valduerna,,DU-03,LE 17,,,,42.39152656,-6.357687984,0.0,Google Earth,,-20.0,200.0,15.0,300.0,,TRUE,0.0,0.0,0.0,0.0,0.0,0.0,0.0,0.0,Overgrown; stone piles visible on Google Earth,"Sanchez-Palencia and Orejas 1994, 192",1.0,0.0,True,False,True,0.0,1.0,0.0,0.0,,,Secondary,Selective - Extensive,1,Confirmado,0,No,0,No,0,No,0,No,0,No,0,No,1,0,1,0,1.0,1.0,1.0,1.0,Alta Certeza (Grado I),,Cuarcitas; pizarras; areniscas; calizas y vulcanitas,"Pizarras, areniscas, cuarcitas y calizas o rocas vulcanoclásticas",PALEOZOICO,ORDOVICICO, ,223620.77025672066,4698711.558856143,31517.3,30756.1,0
1151,Rio Duerna V,,Hispania Tarraconensis,Spain,León,Valduerna,,DU-12,LE 17,,,,42.34630418,-6.24916967,0.0,Google Earth,,-20.0,200.0,15.0,300.0,,TRUE,0.0,0.0,0.0,0.0,0.0,0.0,0.0,0.0,,"Jones and Bird 1972; Domergue 1990: 43; Sanchez-Palencia and Orejas 1994, 192",1.0,0.0,True,False,True,0.0,1.0,0.0,0.0,,"Alterites, tertiary deposits, and terraces",Secondary,Extensive,1,Confirmado,0,No,0,No,0,No,0,No,0,No,0,No,1,0,1,0,1.0,1.0,1.0,1.0,Alta Certeza (Grado I),,Conglomerados; areniscas; arcillas; calizas y evaporitas; Vulcanitas basicas,"Conglomerados, areniscas, arenas arcósicas, arcillas, calizas y yesos",CENOZOICO,NEOGENO, ,232361.93369841238,4693341.860564531,37635.6,37812.0,0
1152,Rio Duerna VI - Los Castellones,,Hispania Tarraconensis,Spain,León,Valduerna,,DU-12,LE 17,,,,42.34639828,-6.257719707,0.0,Google Earth,,-20.0,200.0,15.0,300.0,,TRUE,0.0,0.0,0.0,0.0,0.0,0.0,0.0,0.0,"Hushing, developed out of ditches of Los Castellones hillfort","Jones and Bird 1972; Domergue 1990: 43; Sanchez-Palencia and Orejas 1994, 192",1.0,0.0,True,True,False,0.0,0.0,0.0,0.0,,"Alterites, tertiary deposits, and terraces",Secondary,Extensive,1,Confirmado,0,No,0,No,0,No,0,No,0,No,0,No,1,0,1,0,1.0,1.0,1.0,1.0,Alta Certeza (Grado I),,Conglomerados; areniscas; arcillas; calizas y evaporitas; Vulcanitas basicas,"Conglomerados, areniscas, arenas arcósicas, arcillas, calizas y yesos",CENOZOICO,NEOGENO, ,231657.98645684368,4693379.280942552,37465.3,37566.5,0
1153,Rio Duerna VII,,Hispania Tarraconensis,Spain,León,Valduerna,,DU-12,LE 17,,,,42.33757264,-6.275154026,0.0,Google Earth,,-20.0,200.0,15.0,300.0,,TRUE,0.0,0.0,0.0,0.0,0.0,0.0,0.0,0.0,"Hushing, developed out of ditches of hillfort","Jones and Bird 1972; Domergue 1990: 43; Sanchez-Palencia and Orejas 1994, 192",1.0,0.0,True,True,False,0.0,0.0,0.0,0.0,,"Alterites, tertiary deposits, and terraces",Secondary,Extensive,1,Confirmado,0,No,0,No,0,No,0,No,0,No,0,No,1,0,1,0,1.0,1.0,1.0,1.0,Alta Certeza (Grado I),,Conglomerados; areniscas; arcillas; calizas y evaporitas; Vulcanitas basicas,"Conglomerados, areniscas, arenas arcósicas, arcillas, calizas y yesos",CENOZOICO,NEOGENO, ,230183.97866516083,4692454.386507571,38142.8,38062.0,0
1154,Rio Duerna VIII - El Castillo - Los Arrotos - Carcuevas - Los Gandarales,,Hispania Tarraconensis,Spain,León,Valduerna,,DU-08,LE 17,,,,42.35027844,-6.269133468,0.0,Google Earth,,-20.0,200.0,15.0,300.0,,TRUE,0.0,0.0,0.0,0.0,0.0,0.0,0.0,0.0,,"Jones and Bird 1972; Domergue 1990: 43; Sanchez-Palencia and Orejas 1994, 192",1.0,0.0,True,True,False,0.0,0.0,0.0,0.0,,"Alterites, tertiary deposits, and terraces",Secondary,Extensive,1,Confirmado,0,No,0,No,0,No,0,No,0,No,0,No,1,0,1,0,1.0,1.0,1.0,1.0,Alta Certeza (Grado I),,Cuarcitas; pizarras; areniscas; calizas y vulcanitas,"Pizarras, grauwacas o arcosas, conglomerados y calizas",PROTEROZOICO-PALEOZOICO,VENDIENSE-CAMBRICO, ,230734.30702466908,4693846.297072348,36848.2,36859.6,0
1155,Rio Duerna X - El Castillo - Los Arrotos - Carcuevas - Los Gandarales,,Hispania Tarraconensis,Spain,León,Valduerna,,DU-08,LE 17,,,,42.36069607,-6.282185769,0.0,Google Earth,,-20.0,200.0,15.0,300.0,,TRUE,0.0,0.0,0.0,0.0,0.0,0.0,0.0,0.0,,"Jones and Bird 1972; Domergue 1990: 43; Sanchez-Palencia and Orejas 1994, 192",1.0,0.0,True,False,True,0.0,1.0,0.0,0.0,,"Alterites, tertiary deposits, and terraces",Secondary,Extensive,1,Confirmado,0,No,0,No,0,No,0,No,0,No,0,No,1,0,1,0,1.0,1.0,1.0,1.0,Alta Certeza (Grado I),,Conglomerados; areniscas; arcillas; calizas y evaporitas; Vulcanitas basicas,"Conglomerados, areniscas, arenas arcósicas, arcillas, calizas y yesos",CENOZOICO,NEOGENO, ,229703.82998471142,4695044.6585473055,35511.2,35433.8,0
1156,Rio Duerna XI,,Hispania Tarraconensis,Spain,León,Valduerna,,,LE 17,,,,42.35842534,-6.298081887,0.0,Google Earth,,-20.0,200.0,15.0,300.0,,TRUE,0.0,0.0,0.0,0.0,0.0,0.0,0.0,0.0,"Hushing, developed out of ditches of hillfort",Jones and Bird 1972; Domergue 1990: 43,1.0,0.0,True,True,False,0.0,0.0,0.0,0.0,,"Alterites, tertiary deposits, and terraces",Secondary,Extensive,1,Confirmado,0,No,0,No,0,No,0,No,0,No,0,No,1,0,1,0,1.0,0.9,1.0,0.965,Alta Certeza (Grado I),,Conglomerados; areniscas; arcillas; calizas y evaporitas; Vulcanitas basicas,"Conglomerados, areniscas, arenas arcósicas, arcillas, calizas y yesos",CENOZOICO,NEOGENO, ,228384.8196290016,4694843.199336849,35556.9,35321.5,0
1157,Rio Duerna XII - El Castillo - Los Arrotos - Carcuevas - Los Gandarales,,Hispania Tarraconensis,Spain,León,Valduerna,,DU-08,LE 17,,,,42.36546279,-6.290063387,0.0,Google Earth,,-20.0,200.0,15.0,300.0,,TRUE,0.0,0.0,0.0,0.0,0.0,0.0,0.0,0.0,,"Jones and Bird 1972; Domergue 1990: 43; Sanchez-Palencia and Orejas 1994, 192",1.0,0.0,True,True,True,0.0,0.0,0.0,0.0,,"Alterites, tertiary deposits, and terraces",Secondary,Extensive,1,Confirmado,0,No,0,No,0,No,0,No,0,No,0,No,1,0,1,0,1.0,1.0,1.0,1.0,Alta Certeza (Grado I),,Conglomerados; areniscas; arcillas; calizas y evaporitas; Vulcanitas basicas,"Conglomerados, areniscas, arenas arcósicas, arcillas, calizas y yesos",CENOZOICO,NEOGENO, ,229075.52725050232,4695599.117566037,34880.9,34742.1,0
1158,Rio Duerna XIII - La Braña - El Valle,,Hispania Tarraconensis,Spain,León,Valduerna,,DU-07,LE 17,,,,42.3652755,-6.303436006,0.0,Google Earth,,-20.0,200.0,15.0,300.0,,TRUE,0.0,0.0,0.0,0.0,0.0,0.0,0.0,0.0,,"Jones and Bird 1972; Domergue 1990: 43; Sanchez-Palencia and Orejas 1994, 192",1.0,0.0,True,True,True,0.0,0.0,0.0,0.0,,"Alterites, tertiary deposits, and terraces",Secondary,Extensive,1,Confirmado,0,No,0,No,0,No,0,No,0,No,0,No,1,0,1,0,1.0,1.0,1.0,1.0,Alta Certeza (Grado I),,Conglomerados; areniscas; arcillas; calizas y evaporitas; Vulcanitas basicas,"Conglomerados, areniscas, arenas arcósicas, arcillas, calizas y yesos",CENOZOICO,NEOGENO, ,227973.41973583202,4695621.066719371,34743.9,34474.1,0
1159,Rio Duerna XIV - La Braña - El Valle,,Hispania Tarraconensis,Spain,León,Valduerna,,DU-07,LE 17,,,,42.37245524,-6.301548879,0.0,Google Earth,,-20.0,200.0,15.0,300.0,,TRUE,0.0,0.0,0.0,0.0,0.0,0.0,0.0,0.0,,"Jones and Bird 1972; Domergue 1990: 43; Sanchez-Palencia and Orejas 1994, 192",1.0,0.0,True,True,False,0.0,0.0,0.0,0.0,,"Alterites, tertiary deposits, and terraces",Secondary,Extensive,1,Confirmado,0,No,0,No,0,No,0,No,0,No,0,No,1,0,1,0,1.0,1.0,1.0,1.0,Alta Certeza (Grado I),,Conglomerados; areniscas; arcillas; calizas y evaporitas; Vulcanitas basicas,"Conglomerados, areniscas, arenas arcósicas, arcillas, calizas y yesos",CENOZOICO,NEOGENO, ,228159.83078182954,4696412.356367555,33973.3,33740.9,0
1160,Rio Duerna XIX - Piozadera,,Hispania Tarraconensis,Spain,León,Valduerna,,DU-15,LE 17,,,,42.35862622,-6.246786721,0.0,Google Earth,,-20.0,200.0,15.0,300.0,,TRUE,0.0,0.0,0.0,0.0,0.0,0.0,0.0,0.0,,"Jones and Bird 1972; Domergue 1990: 43; Sanchez-Palencia and Orejas 1994, 192",1.0,0.0,True,False,False,0.0,0.0,0.0,0.0,,"Alterites, tertiary deposits, and terraces",Secondary,Extensive,1,Confirmado,0,No,0,No,0,No,0,No,0,No,0,No,1,0,1,0,1.0,1.0,1.0,1.0,Alta Certeza (Grado I),,Conglomerados; gravas; arenas y limos,"Conglomerados, gravas, arenas, areniscas, limos y arcillas. Terrazas fluviales y marinas",CENOZOICO,CUATERNARIO, ,232610.53589843423,4694702.74825352,36354.8,36598.5,0
1161,Rio Duerna XV - La Braña - El Valle,,Hispania Tarraconensis,Spain,León,Valduerna,,DU-07,LE 17,,,,42.37621587,-6.312830908,0.0,Google Earth,,-20.0,200.0,15.0,300.0,,TRUE,0.0,0.0,0.0,0.0,0.0,0.0,0.0,0.0,,"Jones and Bird 1972; Domergue 1990: 43; Sanchez-Palencia and Orejas 1994, 192",1.0,0.0,True,True,True,0.0,1.0,0.0,0.0,,"Alterites, tertiary deposits, and terraces",Secondary,Extensive,1,Confirmado,0,No,0,No,0,No,0,No,0,No,0,No,1,0,1,0,1.0,1.0,1.0,1.0,Alta Certeza (Grado I),,Conglomerados; areniscas; arcillas; calizas y evaporitas; Vulcanitas basicas,"Conglomerados, areniscas, arenas arcósicas, arcillas, calizas y yesos",CENOZOICO,NEOGENO, ,227247.09763816505,4696866.167503587,33444.8,33107.9,0
1162,Rio Duerna XVI - Los Vallejos,,Hispania Tarraconensis,Spain,León,Valduerna,,DU-05,LE 17,,,,42.37762908,-6.324448755,0.0,Google Earth,,-20.0,200.0,15.0,300.0,,TRUE,0.0,0.0,0.0,0.0,0.0,0.0,0.0,0.0,,"Jones and Bird 1972; Domergue 1990: 43; Sanchez-Palencia and Orejas 1994, 192",1.0,0.0,True,False,True,0.0,0.0,0.0,0.0,,"Alterites, tertiary deposits, and terraces",Secondary,Extensive,1,Confirmado,0,No,0,No,0,No,0,No,0,No,0,No,1,0,1,0,1.0,1.0,1.0,1.0,Alta Certeza (Grado I),,Cuarcitas; pizarras; areniscas; calizas y vulcanitas,"Pizarras, areniscas, cuarcitas y calizas o rocas vulcanoclásticas",PALEOZOICO,ORDOVICICO, ,226296.61928053724,4697060.496739102,33197.0,32743.8,0
1163,Rio Duerna XVII - Las Escrita - Los Vallelos,,Hispania Tarraconensis,Spain,León,Valduerna,,DU-04,LE 17,,,,42.38355,-6.336530028,0.0,Google Earth,,-20.0,200.0,15.0,300.0,,TRUE,0.0,0.0,0.0,0.0,0.0,0.0,0.0,0.0,,"Jones and Bird 1972; Domergue 1990: 43; Sanchez-Palencia and Orejas 1994, 192",1.0,0.0,True,True,True,0.0,0.0,0.0,0.0,,"Alterites, tertiary deposits, and terraces",Secondary,Extensive,1,Confirmado,0,No,0,No,0,No,0,No,0,No,0,No,1,0,1,0,1.0,1.0,1.0,1.0,Alta Certeza (Grado I),,Cuarcitas; pizarras; areniscas; calizas y vulcanitas,"Pizarras, areniscas, cuarcitas y calizas o rocas vulcanoclásticas",PALEOZOICO,ORDOVICICO, ,225327.6981897034,4697757.054640657,32473.5,31904.9,0
1164,Rio Duerna XVIII,,Hispania Tarraconensis,Spain,León,Valduerna,,,LE 17,,,,42.38926663,-6.34697293,0.0,Google Earth,,-20.0,200.0,15.0,300.0,,TRUE,0.0,0.0,0.0,0.0,0.0,0.0,0.0,0.0,,Jones and Bird 1972; Domergue 1990: 43,1.0,0.0,True,False,True,0.0,1.0,0.0,0.0,,"Alterites, tertiary deposits, and terraces",Secondary,Extensive,1,Confirmado,0,No,0,No,0,No,0,No,0,No,0,No,1,0,1,0,1.0,0.9,1.0,0.965,Alta Certeza (Grado I),,Cuarcitas; pizarras; areniscas; calizas y vulcanitas,"Pizarras, areniscas, cuarcitas y calizas o rocas vulcanoclásticas",PALEOZOICO,ORDOVICICO, ,224492.94873311132,4698425.750087593,31804.3,31132.6,0
1165,Rio Duerna XX - Fucochicos [Fogochico (Fuco Chico) - El Chano],,Hispania Tarraconensis,Spain,León,Valduerna,,DU-16,LE 17,,,,42.35630258,-6.22700977,0.0,Google Earth,,-20.0,200.0,15.0,300.0,,TRUE,0.0,0.0,0.0,0.0,0.0,0.0,0.0,0.0,,"Jones and Bird 1972; Domergue 1990: 43; Sanchez-Palencia and Orejas 1994, 192",1.0,0.0,True,True,False,0.0,0.0,0.0,0.0,,"Alterites, tertiary deposits, and terraces",Secondary,Extensive,1,Confirmado,0,No,0,No,0,No,0,No,0,No,0,No,1,0,1,0,1.0,1.0,1.0,1.0,Alta Certeza (Grado I),,Conglomerados; areniscas; arcillas; calizas y evaporitas; Vulcanitas basicas,"Conglomerados, areniscas, arenas arcósicas, arcillas, calizas y yesos",CENOZOICO,NEOGENO, ,234229.62724269193,4694382.633729662,36971.0,37452.1,0
1166,Rio Duerna XXI,,Hispania Tarraconensis,Spain,León,Valduerna,,,LE 17,,,,42.3464626,-6.21936529,0.0,Google Earth,,-20.0,200.0,15.0,300.0,,TRUE,0.0,0.0,0.0,0.0,0.0,0.0,0.0,0.0,,Jones and Bird 1972; Domergue 1990: 43,1.0,0.0,True,False,True,0.0,1.0,0.0,0.0,,"Alterites, tertiary deposits, and terraces",Secondary,Extensive,1,Confirmado,0,No,0,No,0,No,0,No,0,No,0,No,1,0,1,0,1.0,0.9,1.0,0.965,Alta Certeza (Grado I),,Conglomerados; gravas; arenas y limos,"Conglomerados, gravas, arenas, areniscas, limos y arcillas. Terrazas fluviales y marinas",CENOZOICO,CUATERNARIO, ,234817.8663671654,4693265.993625529,38151.6,38705.8,0
1167,Rio Golopón: arroyo Morax / arroyo Uclias,,Hispania Tarraconensis,Spain,Granada,,,,GR 3.2,994.0,687.5,310.2,37.38280435,-2.69980225,100.0,"Converted in QGIS from Lambert coords, Madrid 1870",,,,,,,TRUE,0.0,0.0,0.0,0.0,0.0,0.0,0.0,0.0,,Domergue 1990: 64,,,,,,,,,,,,,,1,Confirmado,0,No,0,No,0,No,0,No,0,No,0,No,0,0,0,0,1.0,0.9,1.0,0.965,Alta Certeza (Grado I),,Conglomerados; gravas; arenas y limos,"Conglomerados, gravas, arenas, areniscas, limos y arcillas. Terrazas fluviales y marinas",CENOZOICO,CUATERNARIO, ,526575.9486430504,4137381.745944131,7448.7,32.3,0
1168,Rio Golopón: tierra de los Cantaros,,Hispania Tarraconensis,Spain,Granada,,,,GR 3.1,994.0,687.5,313.5,37.41254183,-2.69938897,100.0,"Converted in QGIS from Lambert coords, Madrid 1870",,,,,,,TRUE,0.0,0.0,0.0,0.0,0.0,0.0,0.0,0.0,,Domergue 1990: 64,,,,,,,,,,,,,,1,Confirmado,0,No,0,No,0,No,0,No,0,No,0,No,0,0,0,0,1.0,0.9,1.0,0.965,Alta Certeza (Grado I),,Conglomerados; gravas; arenas y limos,"Conglomerados, gravas, arenas, areniscas, limos y arcillas. Terrazas fluviales y marinas",CENOZOICO,CUATERNARIO, ,526602.0228652218,4140680.971773548,7036.0,655.8,0
1169,Río Ibias,,Hispania Tarraconensis,Spain,Oviedo,Cuenca del Navia,,,O 15,74.0,341.4,940.2,43.0238595,-6.860420204,100.0,"Converted in QGIS from Lambert coords, Madrid 1870",,,,,,,TRUE,0.0,0.0,0.0,0.0,0.0,0.0,0.0,0.0,,Domergue 1990: 42,,,,,,,,,,,Quaternary terrace,,,1,Confirmado,0,No,0,No,0,No,0,No,0,No,0,No,0,0,0,0,1.0,0.9,1.0,0.965,Alta Certeza (Grado I),,Cuarcitas; pizarras; areniscas; calizas y vulcanitas,Pizarras y areniscas,PALEOZOICO,ORDOVICICO, ,185448.5850971776,4770700.266787544,1099.3,2754.4,28
1170,Río Lor 1: Lama / A Filpeira,,Hispania Tarraconensis,Spain,Lugo,Cuenca media del Sil,,MS-095,LU 8.1,156.0,299.7,885.3,42.51563994,-7.343846061,100.0,"Converted in QGIS from Lambert coords, Madrid 1870",,,,,,,TRUE,0.0,0.0,0.0,0.0,0.0,0.0,0.0,0.0,,"Domergue 1990: 41; Sanchez-Palencia and Orejas 1994, 197",1.0,0.0,True,,,,,,,,Quaternary terrace,Secondary,Extensive,1,Confirmado,0,No,0,No,0,No,0,No,0,No,0,No,1,0,1,0,1.0,1.0,1.0,1.0,Alta Certeza (Grado I),,Cuarcitas; pizarras; areniscas; calizas y vulcanitas,"Pizarras, areniscas, cuarcitas y calizas o rocas vulcanoclásticas",PALEOZOICO,ORDOVICICO, ,143141.92409125954,4716180.690148237,13168.8,13517.9,0
1171,Río Lor 1: Margarida / A Couriscada de Margarida,,Hispania Tarraconensis,Spain,Lugo,Cuenca media del Sil,,MS-097,LU 8.3,156.0,300.0,881.5,42.48156271,-7.338304408,100.0,"Converted in QGIS from Lambert coords, Madrid 1870",,,,,,,TRUE,0.0,0.0,0.0,0.0,0.0,0.0,0.0,0.0,,"Domergue 1990: 41; Sanchez-Palencia and Orejas 1994, 197",1.0,0.0,True,,,,,,,,Quaternary terrace,Secondary,Selective - Extensive,1,Confirmado,0,No,0,No,0,No,0,No,0,No,0,No,1,0,1,0,1.0,1.0,1.0,1.0,Alta Certeza (Grado I),,Areniscas; pizarras y calizas,"Pizarras, esquistos, areniscas, calizas, ampelitas y liditas",PALEOZOICO,SILURICO-DEVONICO, ,143403.28273823083,4712372.492224142,16974.5,17199.0,0
1172,Río Lor 1: Parada,,Hispania Tarraconensis,Spain,Lugo,Cuenca media del Sil,,MS-099,LU 8.5,189.0,299.0,879.8,42.46589856,-7.349609362,100.0,"Converted in QGIS from Lambert coords, Madrid 1870",,,,,,,TRUE,0.0,0.0,0.0,0.0,0.0,0.0,0.0,0.0,,"Domergue 1990: 41; Sanchez-Palencia and Orejas 1994, 197",1.0,0.0,True,,,,,,,,Quaternary terrace,Secondary,Selective,1,Confirmado,0,No,0,No,0,No,0,No,0,No,0,No,1,0,1,0,1.0,1.0,1.0,1.0,Alta Certeza (Grado I),,Areniscas; pizarras y calizas,"Pizarras, esquistos, areniscas, calizas, ampelitas y liditas",PALEOZOICO,SILURICO-DEVONICO, ,142384.5333800664,4710680.410306276,18682.0,19051.4,0
1173,Río Lor 1: San Pedro,,Hispania Tarraconensis,Spain,Lugo,Cuenca media del Sil,,MS-096x,LU 8.2,156.0,299.0,882.9,42.49378906,-7.351158313,100.0,"Converted in QGIS from Lambert coords, Madrid 1870",,,,,,,TRUE,0.0,0.0,0.0,0.0,0.0,0.0,0.0,0.0,,Domergue 1990: 41,,,,,,,,,,,Quaternary terrace,,,1,Confirmado,0,No,0,No,0,No,0,No,0,No,0,No,0,0,0,0,1.0,1.0,1.0,1.0,Alta Certeza (Grado I),,Areniscas; pizarras y calizas,"Pizarras, esquistos, areniscas, calizas, ampelitas y liditas",PALEOZOICO,SILURICO-DEVONICO, ,142416.33688234974,4713784.6530550895,15578.9,15990.5,0
1174,Río Lor 1: Santa Andrea,,Hispania Tarraconensis,Spain,Lugo,Cuenca media del Sil,,,LU 8.4,156.0,299.9,880.8,42.47522794,-7.339171134,100.0,"Converted in QGIS from Lambert coords, Madrid 1870",,,,,,,TRUE,0.0,0.0,0.0,0.0,0.0,0.0,0.0,0.0,,Domergue 1990: 41,,,,,,,,,,,Quaternary terrace,,,1,Confirmado,0,No,0,No,0,No,0,No,0,No,0,No,0,0,0,0,1.0,0.9,1.0,0.965,Alta Certeza (Grado I),,Areniscas; pizarras y calizas,"Pizarras, esquistos, areniscas, calizas, ampelitas y liditas",PALEOZOICO,SILURICO-DEVONICO, ,143295.9754791205,4711672.563537731,17675.3,17907.0,0
1175,Río Lor 2: Castro Portela,,Hispania Tarraconensis,Spain,Lugo,Cuenca media del Sil,,MS-094,LU 13.1,156.0,,,42.539504,-7.271668,100.0,"Google Earth & description in Domergue 1987, 352",Domergue does not give coordinates,,,,,,TRUE,0.0,0.0,0.0,0.0,0.0,0.0,0.0,0.0,,Domergue 1987: 352; Domergue 1990: 41; Sanchez-Palencia and Orejas 1994: 197,1.0,0.0,True,False,False,0.0,1.0,0.0,0.0,,Quaternary terrace,Primary,Extensive,1,Confirmado,0,No,0,No,0,No,0,No,0,No,0,No,1,0,1,0,1.0,1.0,1.0,1.0,Alta Certeza (Grado I),,Cuarcitas; pizarras; areniscas; calizas y vulcanitas,"Areniscas, pizarras, cuarcitas o calizas y conglomerados",PALEOZOICO,CAMBRICO-ORDOVICICO, ,149206.32069754187,4718529.274210273,11188.5,11188.5,0
1176,Río Lor 2: Froxán,,Hispania Tarraconensis,Spain,Lugo,Cuenca media del Sil,,MS-093,LU 13.[3],156.0,,,42.548857,-7.249596,1000.0,"Guessed, Google Earth",Domergue does not give coordinates,,,,,,TRUE,0.0,0.0,0.0,0.0,0.0,0.0,0.0,0.0,,Domergue 1987: 353; Domergue 1990: 41; Sanchez-Palencia and Orejas 1994: 196.,1.0,0.0,True,False,False,0.0,1.0,0.0,0.0,,Quaternary terrace,Secondary,Selective,1,Confirmado,0,No,0,No,0,No,0,No,0,No,0,No,1,0,1,0,0.7,1.0,1.0,0.8799999999999999,Alta Certeza (Grado I),,Cuarcitas; pizarras; areniscas; calizas y vulcanitas,"Ortocuarcitas, areniscas y pizarras",PALEOZOICO,ORDOVICICO, ,151071.3751696188,4719476.759570194,10954.5,10954.5,0
1177,Río Lor 2: Millares,,Hispania Tarraconensis,Spain,Lugo,Cuenca media del Sil,,MS-092,LU 13.2.5,156.0,320.3,899.4,42.647318,-7.099299,100.0,"Converted in QGIS from Lambert coords, Madrid 1870; adjusted with reference to IGN map and Google Earth",,,,,,,TRUE,0.0,0.0,0.0,0.0,0.0,0.0,0.0,0.0,,Domergue 1987: 352; Domergue 1990: 41; Sanchez-Palencia and Orejas 1994: 196,1.0,0.0,True,False,False,0.0,1.0,0.0,0.0,,Quaternary terrace,Primary,Extensive,1,Confirmado,0,No,0,No,0,No,0,No,0,No,0,No,1,0,1,0,1.0,1.0,1.0,1.0,Alta Certeza (Grado I),,Cuarcitas; pizarras; areniscas; calizas y vulcanitas,"Pizarras, grauwacas o arcosas, conglomerados y calizas",PROTEROZOICO-PALEOZOICO,VENDIENSE-CAMBRICO, ,163944.37917700777,4729803.106093618,737.0,1176.6,10
1178,Río Lor 2: Mina de Toca,,Hispania Tarraconensis,Spain,Lugo,Cuenca media del Sil,,MS-089,LU 13.2.2,156.0,318.8,900.3,42.659236,-7.130851,0.0,"Converted in QGIS from Lambert coords, Madrid 1870; adjusted with reference to IGN map and Google Earth","Checked on ground by AIW, September 2018",,,,,,TRUE,0.0,0.0,0.0,0.0,0.0,0.0,0.0,0.0,,Domergue 1987: 352; Domergue 1990: 41; Sanchez-Palencia and Orejas 1994: 196,1.0,0.0,False,False,False,0.0,0.0,0.0,0.0,,Quaternary terrace,Primary,Extensive,1,Confirmado,0,No,0,No,0,No,0,No,0,No,0,No,0,0,1,0,1.0,1.0,1.0,1.0,Alta Certeza (Grado I),,Gneises; esquistos; marmoles y vulcanitas,"Pizarras, grauwacas, conglomerados o porfiroides",PROTEROZOICO, , ,161422.19013396522,4731252.8778321035,497.3,216.1,6
1179,Río Lor 2: Monte Barreiro,,Hispania Tarraconensis,Spain,Lugo,Cuenca media del Sil,,MS-088,LU 13.2.1,156.0,318.2,900.7,42.664408,-7.143739,100.0,"Converted in QGIS from Lambert coords, Madrid 1870; adjusted with reference to IGN map and Google Earth",Is this = MS-088 ?,,,,,,TRUE,0.0,0.0,0.0,0.0,0.0,0.0,0.0,0.0,,"Domergue 1987: 352; Domergue 1990: 41; Sanchez-Palencia and Orejas 1994, 196",1.0,0.0,True,False,False,0.0,1.0,0.0,0.0,,Quaternary terrace,Primary,Extensive,1,Confirmado,0,No,0,No,0,No,0,No,0,No,0,No,1,0,1,0,1.0,1.0,1.0,1.0,Alta Certeza (Grado I),,Cuarcitas; pizarras; areniscas; calizas y vulcanitas,"Pizarras, grauwacas o arcosas, conglomerados y calizas",PROTEROZOICO-PALEOZOICO,VENDIENSE-CAMBRICO, ,160393.89987108915,4731879.095751909,1670.6,571.4,4
1180,Río Lor 2: Torubio East,,Hispania Tarraconensis,Spain,Lugo,Cuenca media del Sil,,MS-091,LU 13.2.4,156.0,320.2,899.7,42.656215,-7.105088,100.0,"Converted in QGIS from Lambert coords, Madrid 1870; adjusted with reference to IGN map and Google Earth",,,,,,,TRUE,0.0,0.0,0.0,0.0,0.0,0.0,0.0,0.0,,Domergue 1987: 352; Domergue 1990: 41; Sanchez-Palencia and Orejas 1994: 196,1.0,0.0,True,False,False,0.0,1.0,0.0,0.0,,Quaternary terrace,Primary,Extensive,1,Confirmado,0,No,0,No,0,No,0,No,0,No,0,No,1,0,1,0,1.0,1.0,1.0,1.0,Alta Certeza (Grado I),,Cuarcitas; pizarras; areniscas; calizas y vulcanitas,"Pizarras, grauwacas o arcosas, conglomerados y calizas",PROTEROZOICO-PALEOZOICO,VENDIENSE-CAMBRICO, ,163517.78817113664,4730814.31452346,1813.0,534.4,10
1181,Río Lor 2: Torubio West,,Hispania Tarraconensis,Spain,Lugo,Cuenca media del Sil,,MS-090,LU 13.2.3,156.0,319.6,899.9,42.652669,-7.114141,0.0,"Converted in QGIS from Lambert coords, Madrid 1870; adjusted with reference to IGN map and Google Earth","Checked on ground by AIW, September 2018",,,,,,TRUE,0.0,0.0,0.0,0.0,0.0,0.0,0.0,0.0,,Domergue 1987: 352; Domergue 1990: 41; Sanchez-Palencia and Orejas 1994: 196,1.0,0.0,True,False,False,0.0,1.0,0.0,0.0,,Quaternary terrace,Primary,Extensive,1,Confirmado,0,No,0,No,0,No,0,No,0,No,0,No,1,0,1,0,1.0,1.0,1.0,1.0,Alta Certeza (Grado I),,Gneises; esquistos; marmoles y vulcanitas,"Pizarras, grauwacas, conglomerados o porfiroides",PROTEROZOICO, , ,162756.44039715233,4730456.609493641,1120.5,187.1,9
1182,Río Miño 1: Astariz / Razamonde,,Hispania Tarraconensis,Spain,Orense,Cuenca media del Miño,,MM-12,OR 3.c,225.0,241.4,867.3,42.33013178,-8.041866241,100.0,"Converted in QGIS from Lambert coords, Madrid 1870",,,,,,,TRUE,0.0,0.0,0.0,0.0,0.0,0.0,0.0,0.0,,"Domergue 1990: 41; Sanchez-Palencia and Orejas 1994, 194",1.0,0.0,True,False,False,0.0,1.0,0.0,0.0,,Quaternary terrace,Secondary,Extensive,1,Confirmado,0,No,0,No,0,No,0,No,0,No,0,No,1,0,1,0,1.0,1.0,1.0,1.0,Alta Certeza (Grado I),,,,,,,84559.45598087262,4698757.162960247,50148.1,42313.9,0
1183,Río Miño 1: Carretera / Puga,,Hispania Tarraconensis,Spain,Orense,Cuenca media del Miño,,MM-10,OR 3.a,225.0,243.9,866.6,42.32493061,-8.011148454,100.0,"Converted in QGIS from Lambert coords, Madrid 1870",,,,,,,TRUE,0.0,0.0,0.0,0.0,0.0,0.0,0.0,0.0,,"Domergue 1990: 41; Sanchez-Palencia and Orejas 1994, 194",1.0,0.0,True,False,False,0.0,1.0,0.0,0.0,,Quaternary terrace,Secondary,Extensive,1,Confirmado,0,No,0,No,0,No,0,No,0,No,0,No,1,0,1,0,1.0,1.0,1.0,1.0,Alta Certeza (Grado I),,Granitoides de emplazamiento meso-catazonal,Granitoides de dos micas,PALEOZOICO,DEVONICO-CARBONIFERO-PERMICO,ROCAS PLUTONICAS HERCINICAS,87057.03533908876,4698029.492011181,48670.0,41798.0,0
1184,Río Miño 1: Layas,,Hispania Tarraconensis,Spain,Orense,Cuenca media del Miño,,MM-11,OR 3.b,225.0,242.5,867.3,42.33061473,-8.028531771,100.0,"Converted in QGIS from Lambert coords, Madrid 1870",,,,,,,TRUE,0.0,0.0,0.0,0.0,0.0,0.0,0.0,0.0,,"Domergue 1990: 41; Sanchez-Palencia and Orejas 1994, 194",1.0,0.0,True,False,False,0.0,1.0,0.0,0.0,,Quaternary terrace,Secondary,Selective,1,Confirmado,0,No,0,No,0,No,0,No,0,No,0,No,1,0,1,0,1.0,1.0,1.0,1.0,Alta Certeza (Grado I),,Granitoides de emplazamiento meso-catazonal,Granitoides de dos micas,PALEOZOICO,DEVONICO-CARBONIFERO-PERMICO,ROCAS PLUTONICAS HERCINICAS,85661.63290133007,4698745.600058866,49290.3,41793.9,0
1185,Río Miño 1: Prado,,Hispania Tarraconensis,Spain,Orense,Cuenca media del Miño,,,OR 3.d,225.0,239.5,886.0,42.49748585,-8.07606624,100.0,"Converted in QGIS from Lambert coords, Madrid 1870",This is almost certainly misplaced and should be with the other OR 3 sites,,,,,,TRUE,0.0,0.0,0.0,0.0,0.0,0.0,0.0,0.0,,Domergue 1990: 41,1.0,0.0,True,False,False,0.0,1.0,0.0,0.0,,Quaternary terrace,,,1,Confirmado,0,No,0,No,0,No,0,No,0,No,0,No,1,0,1,0,1.0,0.9,1.0,0.965,Alta Certeza (Grado I),,Granitoides de emplazamiento meso-catazonal,Granitoides de dos micas,PALEOZOICO,DEVONICO-CARBONIFERO-PERMICO,ROCAS PLUTONICAS HERCINICAS,82854.47739098,4717514.2598649645,38144.0,28867.1,0
1186,Río Miño 1: Seijo / Grova - Seixo - Chavola,,Hispania Tarraconensis,Spain,Orense,Cuenca media del Miño,,MM-13,OR 3.e,225.0,237.5,865.3,42.31041778,-8.087943747,100.0,"Converted in QGIS from Lambert coords, Madrid 1870",,,,,,,TRUE,0.0,0.0,0.0,0.0,0.0,0.0,0.0,0.0,,"Domergue 1990: 41; Sanchez-Palencia and Orejas 1994, 194",1.0,0.0,True,False,False,0.0,1.0,0.0,0.0,,Quaternary terrace,Secondary,Selective,1,Confirmado,0,No,0,No,0,No,0,No,0,No,0,No,1,0,1,0,1.0,1.0,1.0,1.0,Alta Certeza (Grado I),,Areniscas; pizarras y calizas,"Pizarras, esquistos, areniscas, calizas, ampelitas y liditas",PALEOZOICO,SILURICO-DEVONICO, ,80630.56372051401,4696794.069926519,54461.1,46019.2,0
1187,Río Miño 2: Salvatierra,,Hispania Tarraconensis,Spain,Pontevedra,Cuenca media del Miño,,,PO 1.f,262.0,201.5,842.5,42.0885725,-8.509139932,100.0,"Converted in QGIS from Lambert coords, Madrid 1870",,,,,,,TRUE,0.0,0.0,0.0,0.0,0.0,0.0,0.0,0.0,,Domergue 1990: 41,1.0,0.0,True,False,False,0.0,1.0,0.0,0.0,,Quaternary terrace,,,1,Confirmado,0,No,0,No,0,No,0,No,0,No,0,No,1,0,1,0,1.0,0.9,1.0,0.965,Alta Certeza (Grado I),,Granitoides postcinematicos de emplazamiento epizonal,Granitoides biotíticos,PALEOZOICO,DEVONICO-CARBONIFERO-PERMICO,ROCAS PLUTONICAS HERCINICAS,44307.637646745716,4674318.852137032,96032.1,86500.9,0
1188,Río Miño 2: Salvatierra: Las Nieves,,Hispania Tarraconensis,Spain,Pontevedra,Cuenca media del Miño,,,PO 1.c,262.0,208.7,840.5,42.07405709,-8.420913246,100.0,"Converted in QGIS from Lambert coords, Madrid 1870",,,,,,,TRUE,0.0,0.0,0.0,0.0,0.0,0.0,0.0,0.0,,Domergue 1990: 41,1.0,0.0,True,False,False,0.0,1.0,0.0,0.0,,Quaternary terrace,,,1,Confirmado,0,No,0,No,0,No,0,No,0,No,0,No,1,0,1,0,1.0,0.9,1.0,0.965,Alta Certeza (Grado I),,Conglomerados; gravas; arenas y limos,"Conglomerados, gravas, arenas, areniscas, limos y arcillas. Terrazas fluviales y marinas",CENOZOICO,CUATERNARIO, ,51505.03949723899,4672238.3295923,92523.1,83156.8,0
1189,Río Miño 2: Salvatierra: Las Nieves,,Hispania Tarraconensis,Spain,Pontevedra,Cuenca media del Miño,,,PO 1.d,262.0,208.0,840.6,42.07462164,-8.429428437,100.0,"Converted in QGIS from Lambert coords, Madrid 1870",,,,,,,TRUE,0.0,0.0,0.0,0.0,0.0,0.0,0.0,0.0,,Domergue 1990: 41,1.0,0.0,True,False,False,0.0,1.0,0.0,0.0,,Quaternary terrace,,,1,Confirmado,0,No,0,No,0,No,0,No,0,No,0,No,1,0,1,0,1.0,0.9,1.0,0.965,Alta Certeza (Grado I),,Conglomerados; gravas; arenas y limos,"Conglomerados, gravas, arenas, areniscas, limos y arcillas. Terrazas fluviales y marinas",CENOZOICO,CUATERNARIO, ,50804.32218265068,4672345.888549586,93007.9,83530.6,0
1190,Río Miño 2: Salvatierra: Medanes,,Hispania Tarraconensis,Spain,Pontevedra,Cuenca media del Miño,,,PO 1.b,262.0,211.8,841.0,42.08003087,-8.383805077,100.0,"Converted in QGIS from Lambert coords, Madrid 1870",,,,,,,TRUE,0.0,0.0,0.0,0.0,0.0,0.0,0.0,0.0,,Domergue 1990: 41,1.0,0.0,True,False,False,0.0,1.0,0.0,0.0,,Quaternary terrace,,,1,Confirmado,0,No,0,No,0,No,0,No,0,No,0,No,1,0,1,0,1.0,0.9,1.0,0.965,Alta Certeza (Grado I),,Cobertera / Sedimentos no diferenciados,Aluviales o no cartografiados a 1M,CENOZOICO,CUATERNARIO,CUENCAS TERCIARIAS,54617.98317524785,4672707.283492723,89802.6,80810.5,0
1191,Río Miño 2: Salvatierra: San Juan de Barcela,,Hispania Tarraconensis,Spain,Pontevedra,Cuenca media del Miño,,,PO 1.a,262.0,215.6,841.8,42.08902083,-8.338426528,100.0,"Converted in QGIS from Lambert coords, Madrid 1870",,,,,,,TRUE,0.0,0.0,0.0,0.0,0.0,0.0,0.0,0.0,,Domergue 1990: 41,1.0,0.0,True,False,False,0.0,1.0,0.0,0.0,,Quaternary terrace,,,1,Confirmado,0,No,0,No,0,No,0,No,0,No,0,No,1,0,1,0,1.0,0.9,1.0,0.965,Alta Certeza (Grado I),,Cobertera / Sedimentos no diferenciados,Aluviales o no cartografiados a 1M,CENOZOICO,CUATERNARIO,CUENCAS TERCIARIAS,58435.62788019318,4673469.718285551,86384.1,77860.7,0
1192,Río Miño 2: Salvatierra: Santa Maria de Oleiros,,Hispania Tarraconensis,Spain,Pontevedra,Cuenca media del Miño,,,PO 1.e,262.0,205.4,842.4,42.08956293,-8.461982174,100.0,"Converted in QGIS from Lambert coords, Madrid 1870",,,,,,,TRUE,0.0,0.0,0.0,0.0,0.0,0.0,0.0,0.0,,Domergue 1990: 41,1.0,0.0,True,False,False,0.0,1.0,0.0,0.0,,Quaternary terrace,,,1,Confirmado,0,No,0,No,0,No,0,No,0,No,0,No,1,0,1,0,1.0,0.9,1.0,0.965,Alta Certeza (Grado I),,Conglomerados; gravas; arenas y limos,"Conglomerados, gravas, arenas, areniscas, limos y arcillas. Terrazas fluviales y marinas",CENOZOICO,CUATERNARIO, ,48216.57379019505,4674177.701699998,93610.7,83892.0,0
1193,Río Navia 1: arroyo Santa Marina,,Hispania Tarraconensis,Spain,Lugo,Cuenca Alta del Miño,,,LU 3.3,99.0,323.5,925.3,42.888246,-7.073463,100.0,"Converted in QGIS from Lambert coords, Madrid 1870, adjusted with reference to Google Earth and IGN map",,,,,,,TRUE,0.0,0.0,0.0,0.0,0.0,0.0,0.0,0.0,,Domergue 1990: 41,0.0,0.0,True,False,False,0.0,1.0,0.0,0.0,,Quaternary terrace,,,1,Confirmado,0,No,0,No,0,No,0,No,0,No,0,No,1,0,1,0,1.0,0.9,1.0,0.965,Alta Certeza (Grado I),,Cuarcitas; pizarras; areniscas; calizas y vulcanitas,"Areniscas, pizarras, cuarcitas o calizas y conglomerados",PALEOZOICO,CAMBRICO-ORDOVICICO, ,167356.67690346524,4756459.447280824,2984.1,236.3,18
1194,Río Navia 1: Cervantes,,Hispania Tarraconensis,Spain,Lugo,Cuenca Alta del Miño,,,LU 3.1,99.0,323.0,923.8,42.87026019,-7.078290018,100.0,"Converted in QGIS from Lambert coords, Madrid 1870",,,,,,,TRUE,0.0,0.0,0.0,0.0,0.0,0.0,0.0,0.0,,Domergue 1990: 41,0.0,0.0,True,False,False,0.0,1.0,0.0,0.0,,Quaternary terrace,,,1,Confirmado,0,No,0,No,0,No,0,No,0,No,0,No,1,0,1,0,1.0,0.9,1.0,0.965,Alta Certeza (Grado I),,Cuarcitas; pizarras; areniscas; calizas y vulcanitas,"Ortocuarcitas, areniscas y pizarras",PALEOZOICO,ORDOVICICO, ,166865.52919337206,4754480.936701683,3594.4,443.8,34
1195,Río Navia 1: Frayan de Arriba / Fraián,,Hispania Tarraconensis,Spain,Lugo,Cuenca Alta del Miño,,AN-03,LU 3.4,99.0,324.0,927.0,42.8993839,-7.067546514,100.0,"Converted in QGIS from Lambert coords, Madrid 1870",,,,,,,TRUE,0.0,0.0,0.0,0.0,0.0,0.0,0.0,0.0,,"Domergue 1990: 41; Sanchez-Palencia and Orejas 1994, 188",1.0,0.0,True,False,False,0.0,1.0,0.0,0.0,,Quaternary terrace,Secondary,Extensive,1,Confirmado,0,No,0,No,0,No,0,No,0,No,0,No,1,0,1,0,1.0,1.0,1.0,1.0,Alta Certeza (Grado I),,Cuarcitas; pizarras; areniscas; calizas y vulcanitas,"Areniscas, pizarras, cuarcitas o calizas y conglomerados",PALEOZOICO,CAMBRICO-ORDOVICICO, ,167899.7594964633,4757673.097548965,2936.3,1209.8,17
1196,Río Navia 1: sub-site 2 / Vilachá,,Hispania Tarraconensis,Spain,Lugo,Cuenca Alta del Miño,,AN-02,LU 3.2,99.0,323.0,924.4,42.87565687,-7.078569229,100.0,"Converted in QGIS from Lambert coords, Madrid 1870",,,,,,,TRUE,0.0,0.0,0.0,0.0,0.0,0.0,0.0,0.0,,"Domergue 1990: 41; Sanchez-Palencia and Orejas 1994, 188",1.0,0.0,True,False,False,0.0,1.0,0.0,0.0,,Quaternary terrace,Secondary,Selective,1,Confirmado,0,No,0,No,0,No,0,No,0,No,0,No,1,0,1,0,1.0,1.0,1.0,1.0,Alta Certeza (Grado I),,Cuarcitas; pizarras; areniscas; calizas y vulcanitas,"Ortocuarcitas, areniscas y pizarras",PALEOZOICO,ORDOVICICO, ,166871.79828644037,4755081.4357655905,3276.5,440.4,34
1197,Río Navia 1: sub-site 5,,Hispania Tarraconensis,Spain,Lugo,Cuenca Alta del Miño,,,LU 3.5,99.0,324.8,927.1,42.90055588,-7.057806165,100.0,"Converted in QGIS from Lambert coords, Madrid 1870",,,,,,,TRUE,0.0,0.0,0.0,0.0,0.0,0.0,0.0,0.0,,Domergue 1990: 41,0.0,0.0,True,False,False,0.0,1.0,0.0,0.0,,Quaternary terrace,,,1,Confirmado,0,No,0,No,0,No,0,No,0,No,0,No,1,0,1,0,1.0,0.9,1.0,0.965,Alta Certeza (Grado I),,Cuarcitas; pizarras; areniscas; calizas y vulcanitas,"Areniscas, pizarras, cuarcitas o calizas y conglomerados",PALEOZOICO,CAMBRICO-ORDOVICICO, ,168701.40740950173,4757764.810925123,3245.1,1982.1,17
1200,Río Sil 1: El Carril / La Sufreira,,Hispania Tarraconensis,Spain,León,Cuenca media del Sil,,MS-006,LE 8.4,158.0,341.6,882.5,42.50483568,-6.833003242,100.0,"Converted in QGIS from Lambert coords, Madrid 1870","Domergue's ""Río Sil 1: El Carril"" = Sanchez-Palencia & Orejas "" La Sufreira""",,,,,,TRUE,0.0,0.0,0.0,0.0,0.0,0.0,0.0,0.0,,"Domergue 1990: 44; Sanchez-Palencia and Orejas 1994, 195",1.0,0.0,True,,,,,,,,Terrace,Secondary,Selective - Extensive,1,Confirmado,0,No,0,No,0,No,0,No,0,No,0,No,1,0,1,0,1.0,1.0,1.0,1.0,Alta Certeza (Grado I),,Areniscas; pizarras y calizas,"Pizarras, esquistos, areniscas, calizas, ampelitas y liditas",PALEOZOICO,SILURICO-DEVONICO, ,185060.46532282495,4712953.2658920465,16949.9,18094.3,0
1201,Río Sil 1: Friera / Las Valiñas,,Hispania Tarraconensis,Spain,León,Cuenca media del Sil,,MS-004,LE 8.2,158.0,343.0,882.5,42.50527917,-6.815977444,100.0,"Converted in QGIS from Lambert coords, Madrid 1870","Domergue's ""Río Sil 1: Friera"" = Sanchez-Palencia & Orejas ""Las Valiñas"" ",,,,,,TRUE,0.0,0.0,0.0,0.0,0.0,0.0,0.0,0.0,,"Domergue 1990: 44; Sanchez-Palencia and Orejas 1994, 194",1.0,0.0,True,,,,,,,,Terrace,Secondary,Extensive,1,Confirmado,0,No,0,No,0,No,0,No,0,No,0,No,1,0,1,0,1.0,1.0,1.0,1.0,Alta Certeza (Grado I),,Areniscas; pizarras y calizas,"Pizarras, esquistos, areniscas, calizas, ampelitas y liditas",PALEOZOICO,SILURICO-DEVONICO, ,186461.79522577726,4712939.326048234,17031.4,17965.7,0
1202,Río Sil 1: Requejo de Portela / O Trave,,Hispania Tarraconensis,Spain,León,Cuenca media del Sil,,MS-003,LE 8.1,158.0,343.5,883.5,42.51443574,-6.810322927,100.0,"Converted in QGIS from Lambert coords, Madrid 1870","Domergue's ""Río Sil 1: Requejo de Portela"" =  Sanchez-Palencia & Orejas ""O Trave""",,,,,,TRUE,0.0,0.0,0.0,0.0,0.0,0.0,0.0,0.0,,"Domergue 1990: 44; Sanchez-Palencia and Orejas 1994, 194",1.0,0.0,True,,,,,,,,Terrace,Secondary,Selective,1,Confirmado,0,No,0,No,0,No,0,No,0,No,0,No,1,0,1,0,1.0,1.0,1.0,1.0,Alta Certeza (Grado I),,Conglomerados; gravas; arenas y limos,"Conglomerados, gravas, arenas, areniscas, limos y arcillas. Terrazas fluviales y marinas",CENOZOICO,CUATERNARIO, ,186972.2221236967,4713935.332310024,16096.1,16945.4,0
1203,Río Sil 1: Valina / El Cabalón,,Hispania Tarraconensis,Spain,León,Cuenca media del Sil,,MS-005,LE 8.3,158.0,343.9,882.2,42.50286336,-6.804904535,100.0,"Converted in QGIS from Lambert coords, Madrid 1870","Domergue's ""Río Sil 1: Valina"" =  Sanchez-Palencia & Orejas ""El Cabalón""",,,,,,TRUE,0.0,0.0,0.0,0.0,0.0,0.0,0.0,0.0,,"Domergue 1990: 44; Sanchez-Palencia and Orejas 1994, 194",1.0,0.0,True,,,,,,,,Terrace,Secondary,Extensive,1,Confirmado,0,No,0,No,0,No,0,No,0,No,0,No,1,0,1,0,1.0,1.0,1.0,1.0,Alta Certeza (Grado I),,Areniscas; pizarras y calizas,"Pizarras, esquistos, areniscas, calizas, ampelitas y liditas",PALEOZOICO,SILURICO-DEVONICO, ,187359.6577047899,4712630.078290007,17441.2,18240.7,0
1204,Río Sil 2: Arroyo de Balén / La Tiñosa,,Hispania Tarraconensis,Spain,León,Cuenca media del Sil,,MS-007,LE 29.2,191.0,343.2,878.3,42.469031,-6.807225,500.0,"Converted in QGIS from Lambert coords, Madrid 1870, adjusted with Google Earth","Domergue's ""Río Sil 2: arroyo de Balén"" must = Sanchez-Palencia & Orejas ""La Tiñosa""",,,,,,TRUE,0.0,0.0,0.0,0.0,0.0,0.0,0.0,0.0,,"Domergue 1990: 44; Sanchez-Palencia and Orejas 1994, 195",1.0,0.0,True,,,,,,,,Terrace,Secondary,Selective,1,Confirmado,0,No,0,No,0,No,0,No,0,No,0,No,1,0,1,0,0.85,1.0,1.0,0.94,Alta Certeza (Grado I),,,,,,,187000.08245599555,4708881.226989268,21122.1,21996.1,0
1205,Río Sil 2: Arroyo de Balouta,,Hispania Tarraconensis,Spain,León,Cuenca media del Sil,,MS-009,LE 29.6,191.0,342.7,876.0,42.44669072,-6.8168499,100.0,"Converted in QGIS from Lambert coords, Madrid 1870",,,,,,,TRUE,0.0,0.0,0.0,0.0,0.0,0.0,0.0,0.0,,"Domergue 1990: 44; Sanchez-Palencia and Orejas 1994, 195",1.0,0.0,True,,,,,,,,Terrace,Secondary,Selective,1,Confirmado,0,No,0,No,0,No,0,No,0,No,0,No,1,0,1,0,1.0,1.0,1.0,1.0,Alta Certeza (Grado I),,Areniscas; pizarras y calizas,"Pizarras, esquistos, areniscas, calizas, ampelitas y liditas",PALEOZOICO,SILURICO-DEVONICO, ,186096.95510204684,4706435.723302022,23495.5,24479.4,0
1206,Río Sil 2: La Peña del Cuervo / O Subreiral,,Hispania Tarraconensis,Spain,León,Cuenca media del Sil,,MS-015,LE 29.5,191.0,341.1,872.6,42.41558576,-6.83483159,100.0,"Converted in QGIS from Lambert coords, Madrid 1870","Domergue's ""Río Sil 2: La Peña del Cuervo"" = Sanchez-Palencia & Orejas ""O Subreiral""",,,,,,TRUE,0.0,0.0,0.0,0.0,0.0,0.0,0.0,0.0,,"Domergue 1990: 44; Sanchez-Palencia and Orejas 1994, 195",1.0,0.0,True,,,,,,,,Terrace,Secondary,Extensive,1,Confirmado,0,No,0,No,0,No,0,No,0,No,0,No,1,0,1,0,1.0,1.0,1.0,1.0,Alta Certeza (Grado I),,Areniscas; pizarras y calizas,"Pizarras, esquistos, areniscas, calizas, ampelitas y liditas",PALEOZOICO,SILURICO-DEVONICO, ,184461.684004755,4703047.96830215,26859.0,27997.1,0
1207,Río Sil 2: nr Covas,,Hispania Tarraconensis,Spain,León,Cuenca media del Sil,,MS---,LE 29.1,191.0,342.3,878.7,42.47086192,-6.822864394,100.0,"Converted in QGIS from Lambert coords, Madrid 1870",,,,,,,TRUE,0.0,0.0,0.0,0.0,0.0,0.0,0.0,0.0,,Domergue 1990: 44,,,,,,,,,,,Terrace,,,1,Confirmado,0,No,0,No,0,No,0,No,0,No,0,No,0,0,0,0,1.0,1.0,1.0,1.0,Alta Certeza (Grado I),,,,,,,185723.34019605006,4709142.466949151,20775.0,21807.2,0
1208,Río Sil 2: nr Sobredo,,Hispania Tarraconensis,Spain,León,Cuenca media del Sil,,MS---,LE 29.3,191.0,342.2,874.0,42.4285339,-6.822070367,100.0,"Converted in QGIS from Lambert coords, Madrid 1870",,,,,,,TRUE,0.0,0.0,0.0,0.0,0.0,0.0,0.0,0.0,,Domergue 1990: 44,,,,,,,,,,,Terrace,,,1,Confirmado,0,No,0,No,0,No,0,No,0,No,0,No,0,0,0,0,1.0,1.0,1.0,1.0,Alta Certeza (Grado I),,Areniscas; pizarras y calizas,"Pizarras, esquistos, areniscas, calizas, ampelitas y liditas",PALEOZOICO,SILURICO-DEVONICO, ,185576.65454903897,4704438.5806392925,25472.1,26507.6,0
1209,Río Sil 2: Quereño / Foi Pidriña,,Hispania Tarraconensis,Spain,León,Cuenca media del Sil,,MS-014,LE 29.4,191.0,341.6,873.7,42.42564393,-6.82923019,100.0,"Converted in QGIS from Lambert coords, Madrid 1870","Domergue's ""Río Sil 2: Quereño"" = Sanchez-Palencia & Orejas ""Foi Pidriña""",,,,,,TRUE,0.0,0.0,0.0,0.0,0.0,0.0,0.0,0.0,,"Domergue 1990: 44; Sanchez-Palencia and Orejas 1994, 195",1.0,0.0,True,,,,,,,,Terrace,Secondary,Extensive,1,Confirmado,0,No,0,No,0,No,0,No,0,No,0,No,1,0,1,0,1.0,1.0,1.0,1.0,Alta Certeza (Grado I),,Areniscas; pizarras y calizas,"Pizarras, esquistos, areniscas, calizas, ampelitas y liditas",PALEOZOICO,SILURICO-DEVONICO, ,184973.07780611364,4704144.198328975,25758.5,26853.3,0
1210,Río Sil 2: Río Cabrera / A Meana,,Hispania Tarraconensis,Spain,León,Cuenca media del Sil,,MS-013,LE 29.8,191.0,341.9,872.6,42.41583965,-6.825115744,100.0,"Converted in QGIS from Lambert coords, Madrid 1870","Domergue's ""Río Sil 2: Río Cabrera"" = Sanchez-Palencia & Orejas ""A Meana""",,,,,,TRUE,0.0,0.0,0.0,0.0,0.0,0.0,0.0,0.0,,"Domergue 1990: 44; Sanchez-Palencia and Orejas 1994, 195",1.0,0.0,True,,,,,,,,Terrace,Secondary,Selective,1,Confirmado,0,No,0,No,0,No,0,No,0,No,0,No,1,0,1,0,1.0,1.0,1.0,1.0,Alta Certeza (Grado I),,Areniscas; pizarras y calizas,"Pizarras, esquistos, areniscas, calizas, ampelitas y liditas",PALEOZOICO,SILURICO-DEVONICO, ,185262.50466377975,4703040.061319902,26864.6,27926.7,0
1211,Río Sil 2: Salas de Ribera / Valdefuentes,,Hispania Tarraconensis,Spain,León,Cuenca media del Sil,,MS-011,LE 29.7,191.0,343.0,875.0,42.43778615,-6.812778588,100.0,"Converted in QGIS from Lambert coords, Madrid 1870",,,,,,,TRUE,0.0,0.0,0.0,0.0,0.0,0.0,0.0,0.0,,"Domergue 1990: 44; Sanchez-Palencia and Orejas 1994, 195",1.0,0.0,True,,,,,,,,Terrace,Secondary,Selective - Extensive,1,Confirmado,0,No,0,No,0,No,0,No,0,No,0,No,1,0,1,0,1.0,1.0,1.0,1.0,Alta Certeza (Grado I),,Areniscas; pizarras y calizas,"Pizarras, esquistos, areniscas, calizas, ampelitas y liditas",PALEOZOICO,SILURICO-DEVONICO, ,186387.3525217902,4705431.715013659,24513.7,25466.2,0
1212,Río Sil 3: arroyo de Candis,,Hispania Tarraconensis,Spain,Orense,Cuenca media del Sil,,MS---,OR 4.c,190.0,333.4,873.0,42.41670161,-6.928519422,100.0,"Converted in QGIS from Lambert coords, Madrid 1870",,,,,,,TRUE,0.0,0.0,0.0,0.0,0.0,0.0,0.0,0.0,,Domergue 1987: 409; Domergue 1990: 41,0.0,0.0,True,False,False,0.0,1.0,0.0,0.0,,Quaternary terrace,,,1,Confirmado,0,No,0,No,0,No,0,No,0,No,0,No,1,0,1,0,1.0,1.0,1.0,1.0,Alta Certeza (Grado I),,Cuarcitas; pizarras; areniscas; calizas y vulcanitas,Pizarras y areniscas,PALEOZOICO,ORDOVICICO, ,176757.50133815582,4703524.753346513,26280.9,27339.0,0
1213,Río Sil 3: Carbayal / La Portela,,Hispania Tarraconensis,Spain,Orense,Cuenca media del Sil,,MS-024,OR 4.[i],190.0,325.5,874.3,42.42577595,-7.025048543,100.0,"Converted in QGIS from Lambert coords, Madrid 1870",,,,,,,TRUE,0.0,0.0,0.0,0.0,0.0,0.0,0.0,0.0,,"Domergue 1987: 409; Domergue 1990: 41; Sanchez-Palencia and Orejas 1994, 195",1.0,0.0,True,False,False,0.0,1.0,0.0,0.0,,Quaternary terrace,Secondary,,1,Confirmado,0,No,0,No,0,No,0,No,0,No,0,No,1,0,1,0,1.0,1.0,1.0,1.0,Alta Certeza (Grado I),,Areniscas; pizarras y calizas,"Pizarras, esquistos, areniscas, calizas, ampelitas y liditas",PALEOZOICO,SILURICO-DEVONICO, ,168861.65686350793,4704905.067462406,24683.8,26063.1,0
1214,Río Sil 3: Corgormo / Arcos,,Hispania Tarraconensis,Spain,Orense,Cuenca media del Sil,,MS-025,OR 4.h,190.0,324.6,874.0,42.42277251,-7.035842697,100.0,"Converted in QGIS from Lambert coords, Madrid 1870",,,,,,,TRUE,0.0,0.0,0.0,0.0,0.0,0.0,0.0,0.0,,"Domergue 1987: 409; Domergue 1990: 41; Sanchez-Palencia and Orejas 1994, 195",1.0,0.0,True,False,False,0.0,1.0,0.0,0.0,,Quaternary terrace,Secondary,Selective - Extensive,1,Confirmado,0,No,0,No,0,No,0,No,0,No,0,No,1,0,1,0,1.0,1.0,1.0,1.0,Alta Certeza (Grado I),,Conglomerados; areniscas; arcillas y calizas; Evaporitas,"Turbiditas calcáreas. Calizas, calizas arenosas, areniscas y margas arenosas",CENOZOICO,PALEOGENO-NEOGENO, ,167957.61848245614,4704613.71864714,24821.6,26124.7,0
1215,Río Sil 3: Cortes,,Hispania Tarraconensis,Spain,Orense,Cuenca media del Sil,,MS-023,OR 4.g,190.0,329.8,872.4,42.41011596,-6.971970294,100.0,"Converted in QGIS from Lambert coords, Madrid 1870",,,,,,,TRUE,0.0,0.0,0.0,0.0,0.0,0.0,0.0,0.0,,Domergue 1987: 409; Domergue 1990: 41; Sanchez-Palencia and Orejas 1994: 195,1.0,0.0,True,False,False,0.0,1.0,0.0,0.0,,Quaternary terrace,Secondary,Selective,1,Confirmado,0,No,0,No,0,No,0,No,0,No,0,No,1,0,1,0,1.0,1.0,1.0,1.0,Alta Certeza (Grado I),,Areniscas; pizarras y calizas,"Pizarras, esquistos, areniscas, calizas, ampelitas y liditas",PALEOZOICO,SILURICO-DEVONICO, ,173147.54958410503,4702959.8948112605,26998.3,28017.4,0
1216,Río Sil 3: Entoma 1,,Hispania Tarraconensis,Spain,Orense,Cuenca media del Sil,,MS-020,OR 4.e,190.0,333.0,873.5,42.42107013,-6.933598417,100.0,"Converted in QGIS from Lambert coords, Madrid 1870","Domergue's ""Entoma 1"" = Sanchez-Palencia & Orejas ""Entoma II""",,,,,,TRUE,0.0,0.0,0.0,0.0,0.0,0.0,0.0,0.0,,Domergue 1987: 409; Domergue 1990: 41; Sanchez-Palencia and Orejas 1994: 195,1.0,0.0,True,False,False,0.0,1.0,0.0,0.0,,Quaternary terrace,Secondary,Extensive,1,Confirmado,0,No,0,No,0,No,0,No,0,No,0,No,1,0,1,0,1.0,1.0,1.0,1.0,Alta Certeza (Grado I),,Areniscas; pizarras y calizas,"Pizarras, esquistos, areniscas, calizas, ampelitas y liditas",PALEOZOICO,SILURICO-DEVONICO, ,176362.04109948926,4704029.297940296,25792.8,26824.1,0
1217,Río Sil 3: Entoma 2,,Hispania Tarraconensis,Spain,Orense,Cuenca media del Sil,,MS-021,OR 4.f,190.0,332.0,873.5,42.4207417,-6.945743643,100.0,"Converted in QGIS from Lambert coords, Madrid 1870","Domergue's ""Entoma 2"" = Sanchez-Palencia & Orejas ""Entoma I""",,,,,,TRUE,0.0,0.0,0.0,0.0,0.0,0.0,0.0,0.0,,Domergue 1987: 409; Domergue 1990: 41; Sanchez-Palencia and Orejas 1994: 195,1.0,0.0,True,False,False,0.0,1.0,0.0,0.0,,Quaternary terrace,Secondary,Selective - Extensive,1,Confirmado,0,No,0,No,0,No,0,No,0,No,0,No,1,0,1,0,1.0,1.0,1.0,1.0,Alta Certeza (Grado I),,Areniscas; pizarras y calizas,"Pizarras, esquistos, areniscas, calizas, ampelitas y liditas",PALEOZOICO,SILURICO-DEVONICO, ,175360.94905317423,4704039.251621092,25850.8,26813.1,0
1218,Río Sil 3: La Rúa / San Miguel de Otero,,Hispania Tarraconensis,Spain,Orense,Cuenca media del Sil,,MS---,OR 4.[j],190.0,,,42.3977,-7.095665,1100.0,Guessed: Google Earth,between La Rúa and San Miguel de Otero on the right bank of the Sil (Domergue does not give coordinates),,,,,,TRUE,0.0,0.0,0.0,0.0,0.0,0.0,0.0,0.0,,Domergue 1987: 409 n. 786 bis; Domergue 1990: 41,0.0,0.0,True,False,False,0.0,1.0,0.0,0.0,,Quaternary terrace,,,1,Confirmado,0,No,0,No,0,No,0,No,0,No,0,No,1,0,1,0,0.5,1.0,1.0,0.8,Alta Certeza (Grado I),,,,,,,162900.60518346215,4702065.138703668,27138.5,27599.0,0
1219,Río Sil 3: Medua (A Medua Grande - A Medua Pequena - Os Chaos),,Hispania Tarraconensis,Spain,Orense,Cuenca media del Sil,,MS-016,OR 4.a,190.0,337.7,871.2,42.40189885,-6.875514832,100.0,"Converted in QGIS from Lambert coords, Madrid 1870",,,,,,,TRUE,0.0,0.0,0.0,0.0,0.0,0.0,0.0,0.0,,"Domergue 1987: 409; Domergue 1990: 41; Sanchez-Palencia and Orejas 1994, 195",1.0,0.0,True,False,False,0.0,1.0,0.0,0.0,,Quaternary terrace,Secondary,Extensive,1,Confirmado,0,No,0,No,0,No,0,No,0,No,0,No,1,0,1,0,1.0,1.0,1.0,1.0,Alta Certeza (Grado I),,Cuarcitas; pizarras; areniscas; calizas y vulcanitas,Pizarras y areniscas,PALEOZOICO,ORDOVICICO, ,181044.2681566333,4701680.076557415,28320.0,29254.5,0
1220,Río Sil 3: Millaroso / Santurjo (Santurxo),,Hispania Tarraconensis,Spain,Orense,Cuenca media del Sil,,MS-022,OR 4.d,190.0,331.0,873.2,42.41771234,-6.957755032,100.0,"Converted in QGIS from Lambert coords, Madrid 1870",Santurjop = Santurxo,,,,,,TRUE,0.0,0.0,0.0,0.0,0.0,0.0,0.0,0.0,,"Domergue 1987: 409; Domergue 1990: 41; Sanchez-Palencia and Orejas 1994, 195",1.0,0.0,True,False,False,0.0,1.0,0.0,0.0,,Quaternary terrace,Secondary,Selective,1,Confirmado,0,No,0,No,0,No,0,No,0,No,0,No,1,0,1,0,1.0,1.0,1.0,1.0,Alta Certeza (Grado I),,Areniscas; pizarras y calizas,"Pizarras, esquistos, areniscas, calizas, ampelitas y liditas",PALEOZOICO,SILURICO-DEVONICO, ,174356.85899483762,4703748.866699488,26245.8,27139.5,0
1221,Río Sil 3: Sobradelo / A Lagua,,Hispania Tarraconensis,Spain,Orense,Cuenca media del Sil,,MS-018,OR 4.b,190.0,335.4,872.8,42.41555394,-6.904142487,100.0,"Converted in QGIS from Lambert coords, Madrid 1870",,,,,,,TRUE,0.0,0.0,0.0,0.0,0.0,0.0,0.0,0.0,,"Domergue 1987: 409; Domergue 1990: 41; Sanchez-Palencia and Orejas 1994, 195",1.0,0.0,True,False,False,0.0,1.0,0.0,0.0,,Quaternary terrace,Secondary,Extensive,1,Confirmado,0,No,0,No,0,No,0,No,0,No,0,No,1,0,1,0,1.0,1.0,1.0,1.0,Alta Certeza (Grado I),,Cuarcitas; pizarras; areniscas; calizas y vulcanitas,Pizarras y areniscas,PALEOZOICO,ORDOVICICO, ,178757.6750304193,4703304.658531581,26511.7,27602.8,0
1222,Río Sil 4: Montefurado meander,,Hispania Tarraconensis,Spain,Lugo,Cuenca media del Sil,,MS---,LU 11.f,,310.5,870.6,42.38728903,-7.205445683,100.0,"Converted in QGIS from Lambert coords, Madrid 1870",,,,,,,TRUE,0.0,0.0,0.0,0.0,0.0,0.0,0.0,0.0,,Domergue 1990: 41,0.0,0.0,True,False,False,0.0,1.0,0.0,0.0,,Quaternary terrace,,,1,Confirmado,0,No,0,No,0,No,0,No,0,No,0,No,1,0,1,0,1.0,1.0,1.0,1.0,Alta Certeza (Grado I),,Areniscas; pizarras y calizas,"Pizarras, esquistos, areniscas, calizas, ampelitas y liditas",PALEOZOICO,SILURICO-DEVONICO, ,153806.16925613687,4701351.051307711,28854.6,28854.6,0
1223,Río Sil 4: Montefurado meander b,,Hispania Tarraconensis,Spain,Lugo,Cuenca media del Sil,,MS---,LU 11.g,,311.0,871.0,42.39106584,-7.199568201,100.0,"Converted in QGIS from Lambert coords, Madrid 1870",,,,,,,TRUE,0.0,0.0,0.0,0.0,0.0,0.0,0.0,0.0,,Domergue 1990: 41,0.0,0.0,True,False,False,0.0,1.0,0.0,0.0,,Quaternary terrace,,,1,Confirmado,0,No,0,No,0,No,0,No,0,No,0,No,1,0,1,0,1.0,1.0,1.0,1.0,Alta Certeza (Grado I),,Areniscas; pizarras y calizas,"Pizarras, esquistos, areniscas, calizas, ampelitas y liditas",PALEOZOICO,SILURICO-DEVONICO, ,154310.84992058552,4701746.546931917,28361.9,28361.9,0
1224,Río Sil 4: San Martin de Albaredos,,Hispania Tarraconensis,Spain,Lugo,Cuenca media del Sil,,MS-031,LU 11.b,,312.4,870.5,42.387062,-7.182336261,100.0,"Converted in QGIS from Lambert coords, Madrid 1870",,,,,,,TRUE,0.0,0.0,0.0,0.0,0.0,0.0,0.0,0.0,,"Domergue 1990: 41; Sanchez-Palencia and Orejas 1994, 195",1.0,0.0,True,False,False,0.0,1.0,0.0,0.0,,Quaternary terrace,Secondary,Selective - Extensive,1,Confirmado,0,No,0,No,0,No,0,No,0,No,0,No,1,0,1,0,1.0,1.0,1.0,1.0,Alta Certeza (Grado I),,Areniscas; pizarras y calizas,"Pizarras, esquistos, areniscas, calizas, ampelitas y liditas",PALEOZOICO,SILURICO-DEVONICO, ,155707.6125750785,4701231.779329457,28620.4,28620.4,0
1225,Río Sil 4: sub-site c,,Hispania Tarraconensis,Spain,Lugo,Cuenca media del Sil,,MS---,LU 11.c,,312.3,871.2,42.39332556,-7.183883438,100.0,"Converted in QGIS from Lambert coords, Madrid 1870",,,,,,,TRUE,0.0,0.0,0.0,0.0,0.0,0.0,0.0,0.0,,Domergue 1990: 41,0.0,0.0,True,False,False,0.0,1.0,0.0,0.0,,Quaternary terrace,,,1,Confirmado,0,No,0,No,0,No,0,No,0,No,0,No,1,0,1,0,1.0,1.0,1.0,1.0,Alta Certeza (Grado I),,Areniscas; pizarras y calizas,"Pizarras, esquistos, areniscas, calizas, ampelitas y liditas",PALEOZOICO,SILURICO-DEVONICO, ,155614.5357438787,4701933.713661176,27941.5,27941.5,0
1226,Río Sil 4: Villamuz,,Hispania Tarraconensis,Spain,Lugo,Cuenca media del Sil,,MS-030 or MS-032,LU 11.d,,311.7,870.4,42.38591481,-7.190784935,100.0,"Converted in QGIS from Lambert coords, Madrid 1870",,,,,,,TRUE,0.0,0.0,0.0,0.0,0.0,0.0,0.0,0.0,,Domergue 1990: 41,0.0,0.0,True,False,False,0.0,1.0,0.0,0.0,,Quaternary terrace,,,1,Confirmado,0,No,0,No,0,No,0,No,0,No,0,No,1,0,1,0,1.0,1.0,1.0,1.0,Alta Certeza (Grado I),,Areniscas; pizarras y calizas,"Pizarras, esquistos, areniscas, calizas, ampelitas y liditas",PALEOZOICO,SILURICO-DEVONICO, ,155005.7056287374,4701138.6946426425,28827.3,28827.3,0
1227,Río Sil 4: Viña Grande / Las Chozas,,Hispania Tarraconensis,Spain,Lugo,Cuenca media del Sil,,MS-029,LU 11.a,,313.6,870.9,42.39108403,-7.167960512,100.0,"Converted in QGIS from Lambert coords, Madrid 1870","Assuming Las Chozas = As Chouzas on the IGN map, in which case it is the same as Domergue's Río Sil 4: Viña Grande",,,,,,TRUE,0.0,0.0,0.0,0.0,0.0,0.0,0.0,0.0,,"Domergue 1990: 41; Sanchez-Palencia and Orejas 1994, 195",1.0,0.0,True,False,False,0.0,1.0,0.0,0.0,,Quaternary terrace,Secondary,Extensive,1,Confirmado,0,No,0,No,0,No,0,No,0,No,0,No,1,0,1,0,1.0,1.0,1.0,1.0,Alta Certeza (Grado I),,Areniscas; pizarras y calizas,"Pizarras, esquistos, areniscas, calizas, ampelitas y liditas",PALEOZOICO,SILURICO-DEVONICO, ,156913.17009258777,4701620.231680633,28075.7,28075.7,0
1228,Río Sil 5: Aguasmestas,,Hispania Tarraconensis,Spain,Lugo,Cuenca media del Sil,,MS-046,LU 12.5,189.0,299.2,879.0,42.45877481,-7.346779839,100.0,"Converted in QGIS from Lambert coords, Madrid 1870",,,,,,,TRUE,0.0,0.0,0.0,0.0,0.0,0.0,0.0,0.0,,Domergue 1987: 352; Domergue 1990: 41; Sanchez-Palencia and Orejas 1994: 195,1.0,0.0,True,False,False,0.0,0.0,0.0,0.0,,Quaternary terrace,Secondary,Selective,1,Confirmado,0,No,0,No,0,No,0,No,0,No,0,No,1,0,1,0,1.0,1.0,1.0,1.0,Alta Certeza (Grado I),,Areniscas; pizarras y calizas,"Pizarras, esquistos, areniscas, calizas, ampelitas y liditas",PALEOZOICO,SILURICO-DEVONICO, ,142576.60828439222,4709877.256833079,19478.7,19801.4,0
1229,Río Sil 5: Nocedo,,Hispania Tarraconensis,Spain,Lugo,Cuenca media del Sil,,MS---,LU 12.3,189.0,302.7,880.0,42.46905787,-7.304747156,100.0,"Converted in QGIS from Lambert coords, Madrid 1870",,,,,,,TRUE,0.0,0.0,0.0,0.0,0.0,0.0,0.0,0.0,,Domergue 1990: 41,1.0,0.0,True,False,False,0.0,0.0,0.0,0.0,,Quaternary terrace,,,1,Confirmado,0,No,0,No,0,No,0,No,0,No,0,No,1,0,1,0,1.0,1.0,1.0,1.0,Alta Certeza (Grado I),,Cuarcitas; pizarras; areniscas; calizas y vulcanitas,"Pizarras, areniscas, cuarcitas y calizas o rocas vulcanoclásticas",PALEOZOICO,ORDOVICICO, ,146091.45923352952,4710842.83496523,18486.6,18487.0,0
1230,Río Sil 5: Pacío Viejo / A Meda,,Hispania Tarraconensis,Spain,Lugo,Cuenca media del Sil,,MS-042,LU 12.2,189.0,306.0,879.5,42.4657579,-7.264400336,100.0,"Converted in QGIS from Lambert coords, Madrid 1870",,,,,,,TRUE,0.0,0.0,0.0,0.0,0.0,0.0,0.0,0.0,,"Domergue 1990: 41; Sanchez-Palencia and Orejas 1994, 195",1.0,0.0,True,False,True,0.0,1.0,0.0,0.0,,Quaternary terrace,Secondary,Selective - Extensive,1,Confirmado,0,No,0,No,0,No,0,No,0,No,0,No,1,0,1,0,1.0,1.0,1.0,1.0,Alta Certeza (Grado I),,Areniscas; pizarras y calizas,"Pizarras, esquistos, areniscas, calizas, ampelitas y liditas",PALEOZOICO,SILURICO-DEVONICO, ,149390.60791528004,4710308.499665884,19272.7,19272.7,0
1231,Río Sil 5: Rairos,,Hispania Tarraconensis,Spain,Lugo,Cuenca media del Sil,,MS-044,LU 12.4,189.0,301.4,879.5,42.46408339,-7.320297123,100.0,"Converted in QGIS from Lambert coords, Madrid 1870",,,,,,,TRUE,0.0,0.0,0.0,0.0,0.0,0.0,0.0,0.0,,"Domergue 1990: 41; Sanchez-Palencia and Orejas 1994, 195",1.0,0.0,True,False,False,0.0,0.0,0.0,0.0,,Quaternary terrace,Secondary,Extensive,1,Confirmado,0,No,0,No,0,No,0,No,0,No,0,No,1,0,1,0,1.0,1.0,1.0,1.0,Alta Certeza (Grado I),,Cuarcitas; pizarras; areniscas; calizas y vulcanitas,"Pizarras, areniscas, cuarcitas y calizas o rocas vulcanoclásticas",PALEOZOICO,ORDOVICICO, ,144784.64598049835,4710355.443358395,18986.1,19032.4,0
1232,Río Sil 5: Sequeiros,,Hispania Tarraconensis,Spain,Lugo,Cuenca media del Sil,,MS-041,LU 12.1,189.0,307.5,877.4,42.44740344,-7.245153564,100.0,"Converted in QGIS from Lambert coords, Madrid 1870",,,,,,,TRUE,0.0,0.0,0.0,0.0,0.0,0.0,0.0,0.0,,"Domergue 1990: 41; Sanchez-Palencia and Orejas 1994, 195",1.0,0.0,True,False,False,0.0,0.0,0.0,0.0,,Quaternary terrace,Secondary,Extensive,1,Confirmado,0,No,0,No,0,No,0,No,0,No,0,No,1,0,1,0,1.0,1.0,1.0,1.0,Alta Certeza (Grado I),,Areniscas; pizarras y calizas,"Pizarras, esquistos, areniscas, calizas, ampelitas y liditas",PALEOZOICO,SILURICO-DEVONICO, ,150871.14758254448,4708190.464938782,21630.8,21630.8,0
1233,Río Tejeira,,Hispania Tarraconensis,Spain,León,Cuencas de Cúa y Burbia,,CB-09,,,,,42.73659,-6.83448,1000.0,"Estimated from Sanchez-Palencia and Orejas 1994, fig. 14, and Google Earth",,,,,,,TRUE,0.0,0.0,0.0,0.0,0.0,0.0,0.0,0.0,,"Sanchez-Palencia and Orejas 1994, 191",,,,,,,,,,,,Primary,Extensive,1,Confirmado,0,No,0,No,0,No,0,No,0,No,0,No,0,0,0,0,0.7,0.9,1.0,0.845,Alta Certeza (Grado I),,Cuarcitas; pizarras; areniscas; calizas y vulcanitas,"Areniscas, pizarras, cuarcitas o calizas y conglomerados",PALEOZOICO,CAMBRICO-ORDOVICICO, ,186107.2883829545,4738697.80621978,1037.1,766.9,46
1234,Los Arrotos - Laguna Cernea (Río Turienzo),,Hispania Tarraconensis,Spain,León,Cuencas del Turienzo y Jerega,,TJ-10,LE 37,192.0,389.0,876.0,42.452458,-6.245522,100.0,"Converted in QGIS from Lambert coords, Madrid 1870",Mines over a length of 9 km; need to add detail from Domergue as separate sites,,,,,,TRUE,0.0,0.0,0.0,0.0,0.0,0.0,0.0,0.0,,"Domergue 1990: 43; Sanchez-Palencia and Orejas 1994, 202",1.0,0.0,True,False,False,0.0,0.0,0.0,0.0,,"Alterites, Tertiary deposits, and terraces",Secondary,Selective,1,Confirmado,0,No,0,No,0,No,0,No,0,No,0,No,1,0,1,0,1.0,1.0,1.0,1.0,Alta Certeza (Grado I),,Cuarcitas; pizarras; areniscas; calizas y vulcanitas,"Areniscas, pizarras, cuarcitas o calizas y conglomerados",PALEOZOICO,CAMBRICO-ORDOVICICO, ,233113.1863697585,4705119.074457224,26178.2,27053.1,0
1235,Los Barriales (Río Turienzo),,Hispania Tarraconensis,Spain,León,Cuencas del Turienzo y Jerega,,TJ-14,LE 37,193.0,397.6,871.0,42.42551,-6.156194,500.0,"Converted in QGIS from Lambert coords, Madrid 1870 and then adjusted with Google Earth",Mines over a length of 9 km; need to add detail from Domergue as separate sites,,,,,,TRUE,0.0,0.0,0.0,0.0,0.0,0.0,0.0,0.0,,"Domergue 1990: 43; Sanchez-Palencia and Orejas 1994, 202",1.0,0.0,True,False,False,0.0,0.0,0.0,0.0,,"Alterites, Tertiary deposits, and terraces",Secondary,Selective - Extensive,1,Confirmado,0,No,0,No,0,No,0,No,0,No,0,No,1,0,1,0,0.85,1.0,1.0,0.94,Alta Certeza (Grado I),,Cuarcitas; pizarras; areniscas; calizas y vulcanitas,"Areniscas, pizarras, cuarcitas o calizas y conglomerados",PALEOZOICO,CAMBRICO-ORDOVICICO, ,240348.15609395524,4701849.122286745,30683.5,32167.5,0
1236,Río Valledor,,Hispania Tarraconensis,Spain,Oviedo,Cuenca del Navia,,NV-56,,,,,43.132623,-6.801538,1000.0,"Placename, Google Earth, and Sanchez-Palencia and Orejas 1994, fig. 13.",,,,,,,TRUE,0.0,0.0,0.0,0.0,0.0,0.0,0.0,0.0,,"Sanchez-Palencia and Orejas 1994, 200",1.0,0.0,True,,,,,,,,,Secondary,Selective,1,Confirmado,0,No,0,No,0,No,0,No,0,No,0,No,1,0,1,0,0.7,0.9,1.0,0.845,Alta Certeza (Grado I),,Cuarcitas; pizarras; areniscas; calizas y vulcanitas,"Pizarras, areniscas, cuarcitas y calizas o rocas vulcanoclásticas",PALEOZOICO,ORDOVICICO, ,190795.09716537222,4782561.008266644,483.0,1674.2,33
1237,Río Valmayor,,Hispania Tarraconensis,Spain,Ciudad Real,Alcudia,,,CR 34,861.0,557.6,423.4,38.40653916,-4.1737441,100.0,"Converted in QGIS from Lambert coords, Madrid 1870",,,,,,,FALSE,1.0,1.0,0.0,0.0,0.0,0.0,0.0,0.0,,Domergue 1990: 46,0.0,1.0,False,False,False,0.0,0.0,0.0,0.0,,,,,0,No,1,Confirmado,0,No,1,Confirmado,0,No,0,No,0,No,0,1,0,0,1.0,0.9,1.0,0.965,Alta Certeza (Grado I),,Gneises; esquistos; marmoles y vulcanitas,"Pizarras, grauwacas, conglomerados o porfiroides",PROTEROZOICO, , ,397518.24248815584,4251575.116637951,3616.9,135.3,36
1238,Riocabo,,Hispania Tarraconensis,Spain,Oviedo,Cuenca del Porcia,,PO-07,,,,,43.46762,-6.831393,500.0,"Placename, Riucabo, IGN map, compared with Google Earth.",,,,,,,TRUE,0.0,0.0,0.0,0.0,0.0,0.0,0.0,0.0,,"Sanchez-Palencia and Orejas 1994, 201",1.0,0.0,True,,,,,,,,,Secondary,Selective,1,Confirmado,0,No,0,No,0,No,0,No,0,No,0,No,1,0,1,0,0.85,0.9,1.0,0.905,Alta Certeza (Grado I),,Cuarcitas; pizarras; areniscas; calizas y vulcanitas,"Pizarras, grauwacas o arcosas, conglomerados y calizas",PROTEROZOICO-PALEOZOICO,VENDIENSE-CAMBRICO, ,190075.49991741823,4819879.5761446925,7429.1,6365.3,0
1239,Riodeporcos,,Hispania Tarraconensis,Spain,Oviedo,Cuenca del Navia,,,O 14,74.0,335.0,946.0,43.07394556,-6.941462001,100.0,"Converted in QGIS from Lambert coords, Madrid 1870",,,,,,,FALSE,1.0,1.0,0.0,0.0,0.0,0.0,0.0,0.0,,Domergue 1990: 42,,,False,False,False,0.0,0.0,0.0,,,Hard rock,,,0,No,1,Confirmado,0,No,1,Confirmado,0,No,0,No,0,No,0,0,0,0,1.0,0.9,1.0,0.965,Alta Certeza (Grado I),,Cuarcitas; pizarras; areniscas; calizas y vulcanitas,Pizarras y areniscas,PALEOZOICO,ORDOVICICO, ,179106.13342405274,4776570.4571320675,945.5,959.7,54
1240,Riospaso,,Hispania Tarraconensis,Spain,Oviedo,Asturias,,,O 16,77.0,421.5,457.5,43.019944,-5.879568,2000.0,Placename on Google Earth,,,,,,,FALSE,0.0,0.0,1.0,0.0,0.0,0.0,0.0,0.0,,Domergue 1990: 42,,,False,False,False,0.0,0.0,0.0,,,Hard rock,,,0,No,0,No,1,Confirmado,0,No,0,No,0,No,0,No,0,0,0,0,0.5,0.9,1.0,0.765,Media Certeza (Grado II),,Areniscas; pizarras y calizas,"Pizarras, esquistos, areniscas, calizas, ampelitas y liditas",PALEOZOICO,SILURICO-DEVONICO, ,265360.11030949594,4767054.051113657,412.9,573.5,58
1241,Riotinto,Urium (?),Hispania Baetica,Spain,Huelva,Huelva,,,H 43,938.0,344.6,349.5,37.70395454,-6.58569922,100.0,"Converted in QGIS from Lambert coords, Madrid 1870",,-100.0,,200.0,,,FALSE,1.0,0.0,1.0,0.0,1.0,0.0,0.0,0.0,"Originally a Punic mine, Riotinto was one of the largest mines in the Roman empire. It may be the site that Ptolemy refers to as Urium. Silver and copper mine which produced an estimated 16,000,000 tons of slag. 16 pairs of water wheels found in the mine draining depths of 100m. It is surrounded by an extensive settlement with cemeteries.",Jones 1980: 146-165; Rothenberg 1981; Domergue 1990: 62.,0.0,1.0,False,False,False,0.0,0.0,0.0,0.0,,Pyrite,Primary,,0,No,1,Confirmado,1,Confirmado,0,No,0,No,0,No,1,Confirmado,0,1,0,0,1.0,0.9,1.0,0.965,Alta Certeza (Grado I),,Conglomerados; areniscas; pizarras; calizas y vulcanitas; Carbon,Pizarras y grauwacas; conglomerados y calizas,PALEOZOICO,DEVONICO-CARBONIFERO, ,183871.4015792503,4179023.2540438166,11139.5,3487.3,0
1242,Riscos de Guadanuño,,Hispania Baetica,Spain,Córdoba,Córdoba,,,CO 119,902.0,498.9,379.0,38.00140764,-4.83968301,100.0,"Converted in QGIS from Lambert coords, Madrid 1870",,,,,,,FALSE,0.0,0.0,1.0,0.0,0.0,0.0,0.0,0.0,,Domergue 1990: 47,,,False,False,False,0.0,0.0,0.0,,,Hard rock,,,0,No,0,No,1,Confirmado,0,No,0,No,0,No,0,No,0,0,0,0,1.0,0.9,1.0,0.965,Alta Certeza (Grado I),,Gneises; esquistos; marmoles y vulcanitas,Vulcanitas y/o rocas vulcanoclásticas y metasedimentos,PROTEROZOICO,VENDIENSE, ,338477.0530525992,4207568.052089914,2390.7,1314.3,14
1243,As Grovas de Rivas,,Hispania Tarraconensis,Spain,Orense,Cuenca media del Miño,,MM-04,OR 5.0,187.0,239.7,885.2,42.49037963,-8.073157016,100.0,"Converted in QGIS from Lambert coords, Madrid 1870",,,,,,,TRUE,0.0,0.0,0.0,0.0,0.0,0.0,0.0,0.0,,"Domergue 1990: 40; Sanchez-Palencia and Orejas 1994, 194",,,,,,,,,,,Hard rock,Primary,Extensive,1,Confirmado,0,No,0,No,0,No,0,No,0,No,0,No,0,0,0,0,1.0,1.0,1.0,1.0,Alta Certeza (Grado I),,Granitoides de emplazamiento meso-catazonal,Granitoides de dos micas,PALEOZOICO,DEVONICO-CARBONIFERO-PERMICO,ROCAS PLUTONICAS HERCINICAS,83046.27235597628,4716710.5797665445,38636.7,29231.2,0
1244,Rivas: La Peña das Covas,,Hispania Tarraconensis,Spain,Orense,Cuenca media del Miño,,MM-03,OR 5.2,154.0,238.9,887.5,42.51070985,-8.084257619,100.0,"Converted in QGIS from Lambert coords, Madrid 1870",,,,,,,TRUE,0.0,0.0,0.0,0.0,0.0,0.0,0.0,0.0,,"Domergue 1990: 40; Sanchez-Palencia and Orejas 1994, 194",,,,,,,,,,,Hard rock,Primary,Selective - Extensive,1,Confirmado,0,No,0,No,0,No,0,No,0,No,0,No,0,0,0,0,1.0,1.0,1.0,1.0,Alta Certeza (Grado I),,Granitoides de emplazamiento meso-catazonal,Granitoides de dos micas,PALEOZOICO,DEVONICO-CARBONIFERO-PERMICO,ROCAS PLUTONICAS HERCINICAS,82269.4645526883,4719023.575953923,37402.5,28418.2,0
1245,Rivas: Larouce,,Hispania Tarraconensis,Spain,Orense,Cuenca media del Miño,,,OR 5.1,187.0,242.0,885.0,42.48959611,-8.045089494,100.0,"Converted in QGIS from Lambert coords, Madrid 1870",,,,,,,TRUE,0.0,0.0,0.0,0.0,0.0,0.0,0.0,0.0,,Domergue 1990: 40,,,,,,,,,,,Hard rock,,,1,Confirmado,0,No,0,No,0,No,0,No,0,No,0,No,0,0,0,0,1.0,0.9,1.0,0.965,Alta Certeza (Grado I),,Cuarcitas; pizarras; areniscas; calizas y vulcanitas,Esquistos y paragneises,PALEOZOICO,CAMBRICO-ORDOVICICO, ,85348.42389237357,4716485.572715454,37396.1,27670.8,0
1246,Robledo I,,Hispania Tarraconensis,Spain,Oviedo,Cuenca del Navia,,NV-45,,,,,43.185507,-6.76863,500.0,"Guessed, in relation to Villasonte and La Presa, after Sanchez-Palencia and Orejas 1994, fig. 13.",,,,,,,TRUE,0.0,0.0,0.0,0.0,0.0,0.0,0.0,0.0,,"Sanchez-Palencia and Orejas 1994, 200",1.0,0.0,True,,,,,,,,,Secondary,Extensive,1,Confirmado,0,No,0,No,0,No,0,No,0,No,0,No,1,0,1,0,0.85,0.9,1.0,0.905,Alta Certeza (Grado I),,Cuarcitas; pizarras; areniscas; calizas y vulcanitas,"Pizarras, areniscas, cuarcitas y calizas o rocas vulcanoclásticas",PALEOZOICO,ORDOVICICO, ,193736.63433331024,4788313.595712824,5303.0,4828.0,0
1247,Robledo II,,Hispania Tarraconensis,Spain,Oviedo,Cuenca del Navia,,NV-44,,,,,43.187871,-6.766993,500.0,"Guessed, in relation to Villasonte and La Presa, after Sanchez-Palencia and Orejas 1994, fig. 13.",,,,,,,TRUE,0.0,0.0,0.0,0.0,0.0,0.0,0.0,0.0,,"Sanchez-Palencia and Orejas 1994, 200",1.0,0.0,True,,,,,,,,,Secondary,Extensive,1,Confirmado,0,No,0,No,0,No,0,No,0,No,0,No,1,0,1,0,0.85,0.9,1.0,0.905,Alta Certeza (Grado I),,Cuarcitas; pizarras; areniscas; calizas y vulcanitas,"Pizarras, areniscas, cuarcitas y calizas o rocas vulcanoclásticas",PALEOZOICO,ORDOVICICO, ,193881.5111343359,4788570.162568989,5589.8,5121.1,0
1248,Rocabruna,,Hispania Tarraconensis,Spain,Gerona,Rocabruna,,,GE 1,218.0,1106.5,879.1,42.35774763,2.46672221,100.0,"Converted in QGIS from Lambert coords, Madrid 1870",,,,,,,FALSE,1.0,0.0,1.0,0.0,0.0,0.0,0.0,0.0,,Domergue 1990: 64,,,False,False,False,0.0,0.0,0.0,,,,,,0,No,1,Confirmado,1,Confirmado,0,No,0,No,0,No,0,No,0,0,0,0,1.0,0.9,1.0,0.965,Alta Certeza (Grado I),,Calizas; dolomias y margas; Areniscas,Margas y arcillas con niveles turbidíticos. Margocalizas y calizas margosas (Capas rojas),MESOZOICO,CRETACICO, ,950259.6082457479,4703993.356200718,331920.6,298812.2,0
1249,Román,,Hispania Tarraconensis,Spain,Oviedo,Cuenca del Navia,,NV-23,,,,,43.024431,-6.863934,100.0,"Google Earth, IGN map, and Sanchez-Palencia and Orejas 1994, fig. 13.",,,,,,,TRUE,0.0,0.0,0.0,0.0,0.0,0.0,0.0,0.0,,"Sanchez-Palencia and Orejas 1994, 199",1.0,0.0,True,,,,,,,,,Secondary,Extensive,1,Confirmado,0,No,0,No,0,No,0,No,0,No,0,No,1,0,1,0,1.0,0.9,1.0,0.965,Alta Certeza (Grado I),,Cuarcitas; pizarras; areniscas; calizas y vulcanitas,Pizarras y areniscas,PALEOZOICO,ORDOVICICO, ,185165.1719975841,4770776.930727448,892.4,2946.0,28
1250,Romanilla,,Hispania Tarraconensis,Spain,Ciudad Real,Alcudia,,,CR 22,835.0,544.6,446.2,38.61136908,-4.32455507,100.0,"Converted in QGIS from Lambert coords, Madrid 1870",,,,,,,FALSE,1.0,1.0,0.0,0.0,0.0,0.0,0.0,0.0,,Domergue 1990: 46,0.0,1.0,False,False,False,0.0,0.0,0.0,0.0,,,,,0,No,1,Confirmado,0,No,1,Confirmado,0,No,0,No,0,No,0,1,0,0,1.0,0.9,1.0,0.965,Alta Certeza (Grado I),,Gneises; esquistos; marmoles y vulcanitas,"Pizarras, grauwacas, conglomerados o porfiroides",PROTEROZOICO, , ,384677.3789918587,4274483.155628195,2941.1,1219.2,33
1251,Rosal,,Hispania Tarraconensis,Spain,Pontevedra,Cuenca Baja del Miño,,BM-02,,,,,41.936641,-8.83615,1000.0,"Google Earth, placename",,,,,,,TRUE,0.0,0.0,0.0,0.0,0.0,0.0,0.0,0.0,,"Sanchez-Palencia and Orejas 1994, 190",,,,,,,,,,,,Primary,Extensive,1,Confirmado,0,No,0,No,0,No,0,No,0,No,0,No,0,0,0,0,0.7,0.9,1.0,0.845,Alta Certeza (Grado I),,Granitoides de emplazamiento meso-catazonal,Granitoides de dos micas,PALEOZOICO,DEVONICO-CARBONIFERO-PERMICO,ROCAS PLUTONICAS HERCINICAS,16094.950841733837,4659242.507876524,126470.4,117463.8,0
1252,Rosalía,,Hispania Baetica,Spain,Córdoba,Azuaga-Fuenteovejuna,,,CO 53,879.0,454.5,407.8,38.25469231,-5.35151691,100.0,"Converted in QGIS from Lambert coords, Madrid 1870",,,,,,,FALSE,1.0,1.0,0.0,0.0,0.0,0.0,0.0,0.0,,Domergue 1990: 46,0.0,1.0,False,False,False,0.0,0.0,0.0,0.0,,Hard rock,Primary,,0,No,1,Confirmado,0,No,1,Confirmado,0,No,0,No,0,No,0,1,0,0,1.0,0.9,1.0,0.965,Alta Certeza (Grado I),,Conglomerados; areniscas; arcillas; calizas y evaporitas; Vulcanitas basicas,"Calcarenitas, arenas y limos amarillos",CENOZOICO,NEOGENO, ,294245.5651790387,4236689.346689632,3799.0,2744.7,13
1253,Rubieros,,Hispania Tarraconensis,Spain,Oviedo,Cuenca del Narcea,,NA-05,,,,,43.233056,-6.518363,500.0,"Estimated from Sanchez-Palencia and Orejas 1994, fig. 13, IGN map, and Google Earth",,,,,,,TRUE,0.0,0.0,0.0,0.0,0.0,0.0,0.0,0.0,,"Sanchez-Palencia and Orejas 1994, 197",1.0,0.0,True,,,,,,,,,Secondary,Selective,1,Confirmado,0,No,0,No,0,No,0,No,0,No,0,No,1,0,1,0,0.85,0.9,1.0,0.905,Alta Certeza (Grado I),,Conglomerados; areniscas; arcillas; calizas y evaporitas; Vulcanitas basicas,"Calizas arrecifales, calcarenitas y conglomerados. Arcillas con olistolitos",CENOZOICO,NEOGENO, ,214298.96626067575,4792708.269824069,2666.4,219.6,13
1254,Salas de Galiarda,,Hispania Baetica,Spain,Jaén,Montoro Andújar,,,J 10,883.0,584.8,399.8,38.194676,-3.86157025,100.0,"Converted in QGIS from Lambert coords, Madrid 1870",,,,,,,FALSE,0.0,0.0,1.0,0.0,0.0,0.0,0.0,0.0,,Domergue 1990: 47,0.0,1.0,False,False,False,0.0,0.0,0.0,0.0,,Hard rock,,,0,No,0,No,1,Confirmado,0,No,0,No,0,No,0,No,0,1,0,0,1.0,0.9,1.0,0.965,Alta Certeza (Grado I),,Conglomerados; areniscas; pizarras; calizas y vulcanitas; Carbon,Pizarras y grauwacas; conglomerados y calizas,PALEOZOICO,DEVONICO-CARBONIFERO, ,424556.16238048737,4227765.840631288,2842.8,537.7,4
1255,Salientes I,,Hispania Tarraconensis,Spain,León,Cuenca Alta del Sil,,AS-01,,,,,42.864137,-6.323479,500.0,"Estimated from Sanchez-Palencia and Orejas 1994, fig. 14, IGN map, and Google Earth",,,,,,,TRUE,0.0,0.0,0.0,0.0,0.0,0.0,0.0,0.0,,"Sanchez-Palencia and Orejas 1994, 189",,,,,,,,,,,,Primary,Selective - Extensive,1,Confirmado,0,No,0,No,0,No,0,No,0,No,0,No,0,0,0,0,0.85,0.9,1.0,0.905,Alta Certeza (Grado I),,Cuarcitas; pizarras; areniscas; calizas y vulcanitas,"Pizarras, grauwacas o arcosas, conglomerados y calizas",PROTEROZOICO-PALEOZOICO,VENDIENSE-CAMBRICO, ,228501.05722511467,4751087.304266033,6754.4,10531.0,0
1257,Salto del Burro,,Hispania Baetica,Spain,Badajoz,Azuaga-Fuenteovejuna,,,BA 14,878.0,430.3,402.9,38.20611661,-5.62690863,100.0,"Converted in QGIS from Lambert coords, Madrid 1870",,,,,,,FALSE,1.0,1.0,0.0,0.0,0.0,0.0,0.0,0.0,,Domergue 1990: 46,0.0,1.0,False,False,False,0.0,0.0,0.0,0.0,,Hard rock,Primary,,0,No,1,Confirmado,0,No,1,Confirmado,0,No,0,No,0,No,0,1,0,0,1.0,0.9,1.0,0.965,Alta Certeza (Grado I),,Gneises; esquistos; marmoles y vulcanitas,"Cuarcitas, gneises, esquistos, pizarras y grauwacas",PROTEROZOICO-PALEOZOICO,RIFEENSE-VENDIENSE-CAMBRICO, ,269992.34398878104,4231946.911726677,5654.8,7911.3,0
1258,Sampayo,,Hispania Tarraconensis,Spain,Orense,Cuenca media del Sil,,MS-028,,,,,42.379346,-7.089137,1000.0,Guessed from IGN map,Assuming Sampayo = San Paio,,,,,,TRUE,0.0,0.0,0.0,0.0,0.0,0.0,0.0,0.0,,"Sanchez-Palencia and Orejas 1994, 195",1.0,0.0,True,,,,,,,,,Secondary,Extensive,1,Confirmado,0,No,0,No,0,No,0,No,0,No,0,No,1,0,1,0,0.7,0.9,1.0,0.845,Alta Certeza (Grado I),,Cuarcitas; pizarras; areniscas; calizas y vulcanitas,"Pizarras, areniscas, cuarcitas y calizas o rocas vulcanoclásticas",PALEOZOICO,ORDOVICICO, ,163339.7399930429,4700000.775069969,29182.3,29698.4,0
1259,San Antolín de Ibias II,,Hispania Tarraconensis,Spain,Oviedo,Cuenca del Navia,,NV-19,,,,,43.037832,-6.867154,1000.0,"Google Earth and Sanchez-Palencia and Orejas 1994, fig. 13.",,,,,,,TRUE,0.0,0.0,0.0,0.0,0.0,0.0,0.0,0.0,,"Sanchez-Palencia and Orejas 1994, 199",,,,,,,,,,,,Secondary - Primary,Extensive,1,Confirmado,0,No,0,No,0,No,0,No,0,No,0,No,0,0,0,0,0.7,0.9,1.0,0.845,Alta Certeza (Grado I),,Cuarcitas; pizarras; areniscas; calizas y vulcanitas,Pizarras y areniscas,PALEOZOICO,ORDOVICICO, ,184971.4351850155,4772277.429995037,732.3,2219.4,32
1260,San Antolín de Ibias I,,Hispania Tarraconensis,Spain,Oviedo,Cuenca del Navia,,NV-26,,,,,43.043902,-6.8751,500.0,"Google Earth, IGN map, and Sanchez-Palencia and Orejas 1994, fig. 13.",,,,,,,TRUE,0.0,0.0,0.0,0.0,0.0,0.0,0.0,0.0,,"Sanchez-Palencia and Orejas 1994, 199",1.0,0.0,True,,,,,,,,,Secondary,Extensive,1,Confirmado,0,No,0,No,0,No,0,No,0,No,0,No,1,0,1,0,0.85,0.9,1.0,0.905,Alta Certeza (Grado I),,Cuarcitas; pizarras; areniscas; calizas y vulcanitas,Pizarras y areniscas,PALEOZOICO,ORDOVICICO, ,184355.2334043802,4772981.501339844,789.1,1671.1,32
1261,San Clodio,,Hispania Tarraconensis,Spain,Lugo,Cuenca media del Sil,,MS-043,,,,,42.462386,-7.287404,500.0,"Estimated from Google Earth, IGN map, and Sanchez-Palencia and Orejas 1994, fig. 16",,,,,,,TRUE,0.0,0.0,0.0,0.0,0.0,0.0,0.0,0.0,,"Sanchez-Palencia and Orejas 1994, 195",1.0,0.0,True,,,,,,,,,Secondary,Extensive,1,Confirmado,0,No,0,No,0,No,0,No,0,No,0,No,1,0,1,0,0.85,0.9,1.0,0.905,Alta Certeza (Grado I),,Cuarcitas; pizarras; areniscas; calizas y vulcanitas,"Pizarras, areniscas, cuarcitas y calizas o rocas vulcanoclásticas",PALEOZOICO,ORDOVICICO, ,147480.0307635147,4710029.486296849,19336.5,19336.5,0
1262,San Eduardo,,Hispania Baetica,Spain,Huelva,Huelva,,,H 14,938.0,338.7,356.1,37.76166281,-6.65508336,100.0,"Converted in QGIS from Lambert coords, Madrid 1870",,,,,,,FALSE,0.0,0.0,1.0,0.0,0.0,0.0,0.0,0.0,,Domergue 1990: 62,,,False,False,False,0.0,0.0,0.0,,,Pyrite,Primary,,0,No,0,No,1,Confirmado,0,No,0,No,0,No,0,No,0,0,0,0,1.0,0.9,1.0,0.965,Alta Certeza (Grado I),,Conglomerados; areniscas; pizarras; calizas y vulcanitas; Carbon,Vulcanitas y rocas vulcanoclásticas,PALEOZOICO,CARBONIFERO, ,178002.58062608488,4185665.9023999264,3612.7,3612.7,7
1264,San Félix de las Montañas I,,Hispania Tarraconensis,Spain,Oviedo,Cuenca del Narcea,,NA-17,O 11,75.0,357.0,954.3,43.160535,-6.673844,1000.0,Guessed from Sanchez-Palencia and Orejas 1994 fig. 13 and Google Earth,"Unclear which of the two sites,  San Félix de las Montañas I and II, is the one referred to by Domergue.",,,,,,TRUE,0.0,0.0,0.0,0.0,0.0,0.0,0.0,0.0,,"Domergue 1990: 42; Sanchez-Palencia and Orejas 1994, 197",,1.0,,,,,,,,,Hard rock,Primary,Extensive,1,Confirmado,0,No,0,No,0,No,0,No,0,No,0,No,0,1,0,0,0.7,1.0,1.0,0.8799999999999999,Alta Certeza (Grado I),,Cuarcitas; pizarras; areniscas; calizas y vulcanitas,"Areniscas, pizarras, cuarcitas o calizas y conglomerados",PALEOZOICO,CAMBRICO-ORDOVICICO, ,201318.39667344547,4785197.15063153,3259.2,6038.4,5
1265,San Félix de las Montañas II,,Hispania Tarraconensis,Spain,Oviedo,Cuenca del Narcea,,NA-16,O 11,75.0,357.0,954.3,43.15551657,-6.674982843,100.0,"Converted in QGIS from Lambert coords, Madrid 1870","NB coordinates from Domergue's ""San Félix de las Montañas"""" - same as San Félix de las Montañas I""",,,,,,TRUE,0.0,0.0,0.0,0.0,0.0,0.0,0.0,0.0,,"Domergue 1990: 42; Sanchez-Palencia and Orejas 1994, 197",,1.0,,,,,,,,,Hard rock,Primary,Extensive,1,Confirmado,0,No,0,No,0,No,0,No,0,No,0,No,0,1,0,0,1.0,1.0,1.0,1.0,Alta Certeza (Grado I),,Cuarcitas; pizarras; areniscas; calizas y vulcanitas,"Areniscas, pizarras, cuarcitas o calizas y conglomerados",PALEOZOICO,CAMBRICO-ORDOVICICO, ,201201.31347503117,4784643.8399703475,3282.1,6492.0,5
1266,San Gabriel,,Hispania Tarraconensis,Spain,Jaén,Linares - La Carolina,,,J 30,884.0,611.5,413.4,38.31734513,-3.55634363,100.0,"Converted in QGIS from Lambert coords, Madrid 1870",,,,,,,FALSE,1.0,1.0,0.0,0.0,0.0,0.0,0.0,0.0,,Domergue 1990: 45,0.0,1.0,False,False,False,0.0,0.0,0.0,0.0,,Hard rock,,,0,No,1,Confirmado,0,No,1,Confirmado,0,No,0,No,0,No,0,1,0,0,1.0,0.9,1.0,0.965,Alta Certeza (Grado I),,Granitoides de emplazamiento epi-mesozonal,Granitoides biotíticos,PALEOZOICO,DEVONICO-CARBONIFERO-PERMICO,ROCAS PLUTONICAS HERCINICAS,451365.57711904234,4241172.476243873,9221.2,907.7,0
1267,San Juan Bautista,,Hispania Tarraconensis,Spain,Ciudad Real,Alcudia,,,CR 15,835.0,532.0,446.0,38.60866219,-4.46931815,100.0,"Converted in QGIS from Lambert coords, Madrid 1870",,,,,,,FALSE,1.0,1.0,0.0,0.0,0.0,0.0,0.0,0.0,,Domergue 1990: 46,,,False,False,False,0.0,0.0,0.0,,,,,,0,No,1,Confirmado,0,No,1,Confirmado,0,No,0,No,0,No,0,0,0,0,1.0,0.9,1.0,0.965,Alta Certeza (Grado I),,Gneises; esquistos; marmoles y vulcanitas,"Pizarras, grauwacas, conglomerados o porfiroides",PROTEROZOICO, , ,372068.1606559167,4274374.577627239,1224.3,1224.3,23
1268,San Marcos,,Hispania Tarraconensis,Spain,Ciudad Real,Alcudia,,,CR 17,835.0,530.4,448.5,38.63107476,-4.4879604,100.0,"Converted in QGIS from Lambert coords, Madrid 1870",,,,,,,FALSE,1.0,1.0,0.0,0.0,0.0,0.0,0.0,0.0,,Domergue 1990: 46,0.0,1.0,False,False,False,0.0,0.0,0.0,0.0,,,,,0,No,1,Confirmado,0,No,1,Confirmado,0,No,0,No,0,No,0,1,0,0,1.0,0.9,1.0,0.965,Alta Certeza (Grado I),,Gneises; esquistos; marmoles y vulcanitas,"Pizarras, grauwacas, conglomerados o porfiroides",PROTEROZOICO, , ,370485.2442109628,4276887.89541998,2271.2,3970.9,4
1269,San Miguel (Huelva),,Hispania Baetica,Spain,Huelva,Huelva,,,H 4,938.0,330.3,356.3,37.76090411,-6.75047215,100.0,"Converted in QGIS from Lambert coords, Madrid 1870",,,,,,,FALSE,0.0,0.0,1.0,0.0,0.0,0.0,0.0,0.0,,Domergue 1990: 62,,,False,False,False,0.0,0.0,0.0,,,Pyrite,Primary,,0,No,0,No,1,Confirmado,0,No,0,No,0,No,0,No,0,0,0,0,1.0,0.9,1.0,0.965,Alta Certeza (Grado I),,Conglomerados; areniscas; pizarras; calizas y vulcanitas; Carbon,Vulcanitas y rocas vulcanoclásticas,PALEOZOICO,CARBONIFERO, ,169592.8677426338,4185914.8322777967,3535.1,3498.3,6
1270,San Miguel (Sevilla),,Hispania Baetica,Spain,Sevilla,Sevilla,,,SE 2,191.0,396.8,368.5,37.88889274,-5.999327232,100.0,"Converted in QGIS from Lambert coords, Madrid 1870",,,,,,,FALSE,1.0,0.0,1.0,0.0,0.0,0.0,0.0,0.0,,Domergue 1990: 48,,,False,False,False,0.0,0.0,0.0,,,Hard rock,Primary,,0,No,1,Confirmado,1,Confirmado,0,No,0,No,0,No,0,No,0,0,0,0,1.0,0.9,1.0,0.965,Alta Certeza (Grado I),,Cuarcitas; pizarras; areniscas; calizas y vulcanitas,Pizarras y/o esquistos; metavulcanitas,PALEOZOICO,ORDOVICICO, ,236240.40619271505,4197729.509370016,1555.2,110.7,23
1271,San Pedro de las Montañas I,,Hispania Tarraconensis,Spain,Oviedo,Cuenca del Narcea,,NA-18,,,,,43.1619,-6.658458,1000.0,Guessed from Sanchez-Palencia and Orejas 1994 fig. 13 and Google Earth,need coordinates for II and III,,,,,,TRUE,0.0,0.0,0.0,0.0,0.0,0.0,0.0,0.0,,"Sanchez-Palencia and Orejas 1994, 197",,,,,,,,,,,,Primary,Extensive,1,Confirmado,0,No,0,No,0,No,0,No,0,No,0,No,0,0,0,0,0.7,0.9,1.0,0.845,Alta Certeza (Grado I),,Cuarcitas; pizarras; areniscas; calizas y vulcanitas,"Areniscas, pizarras, cuarcitas o calizas y conglomerados",PALEOZOICO,CAMBRICO-ORDOVICICO, ,202576.0119225327,4785293.925627205,2026.7,5063.5,7
1272,San Pedro de las Montañas II,,Hispania Tarraconensis,Spain,Oviedo,Cuenca del Narcea,,NA-15,,,,,43.155428,-6.655847,1000.0,Guessed from Sanchez-Palencia and Orejas 1994 fig. 13 and Google Earth,,,,,,,TRUE,0.0,0.0,0.0,0.0,0.0,0.0,0.0,0.0,,"Sanchez-Palencia and Orejas 1994, 197",1.0,0.0,True,,,,,,,,,Secondary,Selective,1,Confirmado,0,No,0,No,0,No,0,No,0,No,0,No,1,0,1,0,0.7,0.9,1.0,0.845,Alta Certeza (Grado I),,Cuarcitas; pizarras; areniscas; calizas y vulcanitas,"Pizarras, grauwacas o arcosas, conglomerados y calizas",PROTEROZOICO-PALEOZOICO,VENDIENSE-CAMBRICO, ,202756.88292813167,4784565.823888466,1726.0,5519.8,7
1273,San Pedro de las Montañas III,,Hispania Tarraconensis,Spain,Oviedo,Cuenca del Narcea,,NA-14,,,,,43.150385,-6.660487,1000.0,Guessed from Sanchez-Palencia and Orejas 1994 fig. 13 and Google Earth,,,,,,,TRUE,0.0,0.0,0.0,0.0,0.0,0.0,0.0,0.0,,"Sanchez-Palencia and Orejas 1994, 197",1.0,0.0,True,,,,,,,,,Secondary,Selective,1,Confirmado,0,No,0,No,0,No,0,No,0,No,0,No,1,0,1,0,0.7,0.9,1.0,0.845,Alta Certeza (Grado I),,Cuarcitas; pizarras; areniscas; calizas y vulcanitas,"Areniscas, pizarras, cuarcitas o calizas y conglomerados",PALEOZOICO,CAMBRICO-ORDOVICICO, ,202355.08086259617,4784022.2166288085,2015.9,6195.7,7
1274,San Platón,,Hispania Baetica,Spain,Huelva,Huelva,,,H 5,938.0,336.9,356.6,37.7656253,-6.67569792,100.0,"Converted in QGIS from Lambert coords, Madrid 1870",,,,,,,FALSE,0.0,0.0,1.0,0.0,0.0,0.0,0.0,0.0,,Domergue 1990: 62,,,False,False,False,0.0,0.0,0.0,,,Pyrite,Primary,,0,No,0,No,1,Confirmado,0,No,0,No,0,No,0,No,0,0,0,0,1.0,0.9,1.0,0.965,Alta Certeza (Grado I),,Conglomerados; areniscas; pizarras; calizas y vulcanitas; Carbon,Vulcanitas y rocas vulcanoclásticas,PALEOZOICO,CARBONIFERO, ,176203.20446317823,4186177.026876912,2971.4,2971.4,8
1275,San Quintín,,Hispania Tarraconensis,Spain,Ciudad Real,Alcudia,,,CR 43,809.0,547.8,468.7,38.81444168,-4.28952914,100.0,"Converted in QGIS from Lambert coords, Madrid 1870",,,,,,,FALSE,1.0,1.0,0.0,0.0,0.0,0.0,0.0,0.0,,Domergue 1990: 46,0.0,1.0,False,False,False,0.0,0.0,0.0,0.0,,,,,0,No,1,Confirmado,0,No,1,Confirmado,0,No,0,No,0,No,0,1,0,0,1.0,0.9,1.0,0.965,Alta Certeza (Grado I),,Cuarcitas; pizarras; areniscas; calizas y vulcanitas,"Conglomerados, areniscas, cuarcitas y pizarras",PALEOZOICO,ORDOVICICO, ,388044.2955176495,4296975.064521509,297.1,297.1,3
1276,San Rafael,,Hispania Baetica,Spain,Badajoz,Azuaga-Fuenteovejuna,,,BA 22,878.0,433.0,405.5,38.23007674,-5.59670435,100.0,"Converted in QGIS from Lambert coords, Madrid 1870",,,,,,,FALSE,1.0,1.0,0.0,0.0,0.0,0.0,0.0,0.0,,Domergue 1990: 46,0.0,1.0,False,False,False,0.0,0.0,0.0,0.0,,Hard rock,Primary,,0,No,1,Confirmado,0,No,1,Confirmado,0,No,0,No,0,No,0,1,0,0,1.0,0.9,1.0,0.965,Alta Certeza (Grado I),,Gneises; esquistos; marmoles y vulcanitas,Gneises y anfibolitas,PROTEROZOICO, , ,272712.02084553475,4234531.456753245,1911.7,4430.7,8
1277,San Roque,,Hispania Tarraconensis,Spain,Jaén,Linares - La Carolina,,,J 21,905.0,602.95,393.8,38.14071256,-3.65426655,100.0,"Converted in QGIS from Lambert coords, Madrid 1870",,,,,,,FALSE,1.0,1.0,0.0,0.0,0.0,0.0,0.0,0.0,,Domergue 1990: 45,0.0,1.0,False,False,False,0.0,0.0,0.0,0.0,,Hard rock,,,0,No,1,Confirmado,0,No,1,Confirmado,0,No,0,No,0,No,0,1,0,0,1.0,0.9,1.0,0.965,Alta Certeza (Grado I),,Conglomerados; areniscas; calizas; yesos y arcillas versicolores,"Conglomerados, areniscas, arcillas, dolomías, calizas y margas",MESOZOICO,TRIASICO, ,442666.77967149543,4221629.730935953,1870.3,30.0,3
1278,San Salvador de Padreiro,,Hispania Tarraconensis,Spain,La Coruña,Galicia,,,C 7,69.0,182.7,954.1,43.08236207,-8.81366366,100.0,"Converted in QGIS from Lambert coords, Madrid 1870",,,,,,,FALSE,0.0,0.0,0.0,1.0,0.0,0.0,0.0,0.0,,Domergue 1990: 41,,,False,False,False,0.0,0.0,0.0,,,Hard rock,,,0,No,0,No,0,No,0,No,0,No,1,Confirmado,0,No,0,0,0,0,1.0,0.9,1.0,0.965,Alta Certeza (Grado I),,Areniscas; pizarras y calizas,"Pizarras, esquistos, areniscas, calizas, ampelitas y liditas",PALEOZOICO,SILURICO-DEVONICO, ,26716.606577257044,4786391.358866583,74143.8,69581.5,0
1279,San Serafín,,Hispania Tarraconensis,Spain,Ciudad Real,Alcudia,,,CR 24,860.0,532.0,431.7,38.47973262,-4.4678804,100.0,"Converted in QGIS from Lambert coords, Madrid 1870",,,,,,,FALSE,1.0,1.0,1.0,0.0,0.0,0.0,0.0,0.0,,Domergue 1990: 46,0.0,1.0,False,False,False,0.0,0.0,0.0,0.0,,,,,0,No,1,Confirmado,1,Confirmado,1,Confirmado,0,No,0,No,0,No,0,1,0,0,1.0,0.9,1.0,0.965,Alta Certeza (Grado I),,Areniscas; pizarras y calizas,"Ampelitas, cuarcitas, liditas y rocas vulcanoclásticas",PALEOZOICO,SILURICO, ,371964.89818491833,4260065.180464549,2462.5,386.6,30
1280,San Telmo,,Hispania Baetica,Spain,Huelva,Huelva,,,H 26,937.0,311.2,361.0,37.79711712,-6.96913343,100.0,"Converted in QGIS from Lambert coords, Madrid 1870",,,,,,,FALSE,0.0,0.0,1.0,0.0,0.0,0.0,0.0,0.0,,Domergue 1990: 62,0.0,1.0,False,False,False,0.0,0.0,0.0,0.0,,Pyrite,Primary,,0,No,0,No,1,Confirmado,0,No,0,No,0,No,0,No,0,1,0,0,1.0,0.9,1.0,0.965,Alta Certeza (Grado I),,Conglomerados; areniscas; pizarras; calizas y vulcanitas; Carbon,Vulcanitas y rocas vulcanoclásticas,PALEOZOICO,CARBONIFERO, ,150492.70778217644,4190731.213798112,1058.8,1228.4,7
1281,As Borreas de Caldesiños / San Xé,,Hispania Tarraconensis,Spain,Orense,Cuenca del Bibei,,BI-05,OR 14,266.0,316.7,844.0,42.15007978,-7.117759406,100.0,"Converted in QGIS from Lambert coords, Madrid 1870",,,,,,,TRUE,0.0,0.0,0.0,0.0,0.0,0.0,0.0,0.0,"Large ruina montium workings, with a front of c. 995 m supplied by an aqueduct 18.3 km long and 1.5 m wide, feeding at least 5 reservoirs. Several vertical shafts for ruina montium working have been traced along the summit behind the working face, and remains of a gallery in the opencast face confirm ruina montium technique.","Domergue 1990: 40; Sanchez-Palencia and Orejas 1994, 190",1.0,0.0,True,False,False,1.0,0.0,0.0,0.0,,Tertiary alluvium,Secondary,Extensive,1,Confirmado,0,No,0,No,0,No,0,No,0,No,0,No,1,0,1,0,1.0,1.0,1.0,1.0,Alta Certeza (Grado I),,Granitoides de emplazamiento meso-catazonal,Granitoides de dos micas,PALEOZOICO,DEVONICO-CARBONIFERO-PERMICO,ROCAS PLUTONICAS HERCINICAS,159749.9851005036,4674652.079975788,54705.6,54867.1,0
1282,Sanfitorio,,Hispania Tarraconensis,Spain,Orense,Galicia,,,OR 8,189.0,302.3,873.0,42.40592937,-7.306153169,100.0,"Converted in QGIS from Lambert coords, Madrid 1870",,,,,,,TRUE,0.0,0.0,0.0,0.0,0.0,0.0,0.0,0.0,,Domergue 1990: 41,0.0,0.0,True,False,False,0.0,1.0,0.0,0.0,,Quaternary terrace,,,1,Confirmado,0,No,0,No,0,No,0,No,0,No,0,No,1,0,1,0,1.0,0.9,1.0,0.965,Alta Certeza (Grado I),,Granitoides de emplazamiento meso-catazonal,Granitoides peraluminicos (marco colisional),PROTEROZOICO, ,ROCAS PLUTONICAS PREHERCINICAS,145619.59143569396,4703837.308594808,25496.7,25500.1,0
1283,Santa Bárbara,,Hispania Baetica,Spain,Córdoba,Azuaga-Fuenteovejuna,,,CO 56,856.0,439.6,420.0,38.36202602,-5.52470447,100.0,"Converted in QGIS from Lambert coords, Madrid 1870",,,,,,,FALSE,1.0,1.0,0.0,0.0,0.0,0.0,0.0,0.0,,Domergue 1990: 46,0.0,1.0,False,False,False,0.0,0.0,0.0,0.0,,Hard rock,Primary,,0,No,1,Confirmado,0,No,1,Confirmado,0,No,0,No,0,No,0,1,0,0,1.0,0.9,1.0,0.965,Alta Certeza (Grado I),,Areniscas; pizarras y calizas,"Pizarras, esquistos, areniscas, calizas, ampelitas y liditas",PALEOZOICO,SILURICO-DEVONICO, ,279415.2641764396,4249001.130418668,7183.7,114.4,0
1284,Santa Eufemia,,Hispania Baetica,Spain,Córdoba,Los Pedroches,,,CO 102,833.0,492.5,449.5,38.63618847,-4.92371766,100.0,"Converted in QGIS from Lambert coords, Madrid 1870",,,,,,,FALSE,1.0,1.0,0.0,0.0,0.0,0.0,0.0,0.0,,Domergue 1990: 48,0.0,1.0,False,False,False,0.0,0.0,0.0,0.0,,Hard rock,Primary,,0,No,1,Confirmado,0,No,1,Confirmado,0,No,0,No,0,No,0,1,0,0,1.0,0.9,1.0,0.965,Alta Certeza (Grado I),,Cuarcitas; pizarras; areniscas; calizas y vulcanitas,"Pizarras, areniscas, cuarcitas y calizas o rocas vulcanoclásticas",PALEOZOICO,ORDOVICICO, ,332565.2318645693,4278160.662388896,2846.8,139.9,12
1285,Santa María,,Hispania Baetica,Spain,Badajoz,Azuaga-Fuenteovejuna,,,BA 7,878.0,424.6,408.2,38.25275026,-5.69337669,100.0,"Converted in QGIS from Lambert coords, Madrid 1870",,,,,,,FALSE,1.0,1.0,0.0,0.0,0.0,0.0,0.0,0.0,,Domergue 1990: 46,1.0,0.0,False,False,False,0.0,0.0,0.0,0.0,,Hard rock,Primary,,0,No,1,Confirmado,0,No,1,Confirmado,0,No,0,No,0,No,0,0,1,0,1.0,0.9,1.0,0.965,Alta Certeza (Grado I),,Gneises; esquistos; marmoles y vulcanitas,"Cuarcitas, gneises, esquistos, pizarras y grauwacas",PROTEROZOICO-PALEOZOICO,RIFEENSE-VENDIENSE-CAMBRICO, ,264322.1781171642,4237289.834999499,6487.8,8543.4,0
1286,Santa Quitería: Colón,,Hispania Tarraconensis,Spain,Toledo,,,,TO 1.2,708.0,489.8,541.4,39.46444104,-4.969944988,100.0,"Converted in QGIS from Lambert coords, Madrid 1870",,,,,,,FALSE,1.0,1.0,0.0,0.0,0.0,0.0,0.0,0.0,,Domergue 1990: 64,,,False,False,False,0.0,0.0,0.0,,,,,,0,No,1,Confirmado,0,No,1,Confirmado,0,No,0,No,0,No,0,0,0,0,1.0,0.9,1.0,0.965,Alta Certeza (Grado I),,Gneises; esquistos; marmoles y vulcanitas,"Pizarras, grauwacas, conglomerados o porfiroides",PROTEROZOICO, , ,330533.31385166594,4370170.260888852,19249.2,14903.8,0
1287,Santa Quitería: Postuero,,Hispania Tarraconensis,Spain,Toledo,,,,TO 1.1,708.0,488.1,539.6,39.44798919,-4.989413337,100.0,"Converted in QGIS from Lambert coords, Madrid 1870",,,,,,,FALSE,1.0,1.0,0.0,0.0,0.0,0.0,0.0,0.0,,Domergue 1990: 64,,,False,False,False,0.0,0.0,0.0,,,,,,0,No,1,Confirmado,0,No,1,Confirmado,0,No,0,No,0,No,0,0,0,0,1.0,0.9,1.0,0.965,Alta Certeza (Grado I),,Gneises; esquistos; marmoles y vulcanitas,"Pizarras, grauwacas, conglomerados o porfiroides",PROTEROZOICO, , ,328818.08929986693,4368381.021851048,21620.7,15083.0,0
1289,Santiago Cerredo,,Hispania Tarraconensis,Spain,Oviedo,Cuenca del Narcea,,NA-35,O 27,26.0,365.9,974.0,43.33530236,-6.573495024,100.0,"Converted in QGIS from Lambert coords, Madrid 1870",,,,,,,TRUE,0.0,0.0,0.0,0.0,0.0,0.0,0.0,0.0,,"Domergue 1990: 42; Sanchez-Palencia and Orejas 1994, 198",,,,,,,,,,,Hard rock,Primary,Extensive,1,Confirmado,0,No,0,No,0,No,0,No,0,No,0,No,0,0,0,0,1.0,1.0,1.0,1.0,Alta Certeza (Grado I),,Cuarcitas; pizarras; areniscas; calizas y vulcanitas,"Areniscas, pizarras, cuarcitas o calizas y conglomerados",PALEOZOICO,CAMBRICO-ORDOVICICO, ,210307.97168369073,4804254.503494223,933.2,1105.8,8
1290,Santo Cristo,,Hispania Baetica,Spain,Badajoz,La Serena,,,BA 49,831.0,417.0,453.4,38.65859293,-5.79243915,100.0,"Converted in QGIS from Lambert coords, Madrid 1870",,,,,,,FALSE,1.0,1.0,0.0,0.0,0.0,0.0,0.0,0.0,,Domergue 1990: 45,,,False,False,False,0.0,0.0,0.0,,,Hard rock,Primary,,0,No,1,Confirmado,0,No,1,Confirmado,0,No,0,No,0,No,0,0,0,0,1.0,0.9,1.0,0.965,Alta Certeza (Grado I),,Granitoides de emplazamiento meso-catazonal,Granitoides calcoalcalinos,PROTEROZOICO, ,ROCAS PLUTONICAS PREHERCINICAS,257018.75734967465,4282591.818979154,2181.6,880.7,10
1292,Sarreaus,,Hispania Tarraconensis,Spain,Orense,Cuenca media del Miño,,MM-17,,,,,42.261214,-7.601567,500.0,"Google Earth, placename",,,,,,,TRUE,0.0,0.0,0.0,0.0,0.0,0.0,0.0,0.0,,"Sanchez-Palencia and Orejas 1994, 194",1.0,0.0,True,,,,,,,,,Secondary,Selective - Extensive,1,Confirmado,0,No,0,No,0,No,0,No,0,No,0,No,1,0,1,0,0.85,0.9,1.0,0.905,Alta Certeza (Grado I),,Conglomerados; gravas; arenas y limos,"Conglomerados, gravas, arenas, areniscas, limos y arcillas. Terrazas fluviales y marinas",CENOZOICO,CUATERNARIO, ,120432.31019925483,4689041.247701926,40689.0,40689.0,0
1293,Segunda Pepe,,Hispania Baetica,Spain,Badajoz,Azuaga-Fuenteovejuna,,,BA 12,878.0,427.8,403.7,38.21283336,-5.65566584,100.0,"Converted in QGIS from Lambert coords, Madrid 1870",,,,,,,FALSE,1.0,1.0,0.0,0.0,0.0,0.0,0.0,0.0,,Domergue 1990: 46,0.0,1.0,False,False,False,0.0,0.0,0.0,0.0,,Hard rock,Primary,,0,No,1,Confirmado,0,No,1,Confirmado,0,No,0,No,0,No,0,1,0,0,1.0,0.9,1.0,0.965,Alta Certeza (Grado I),,Gneises; esquistos; marmoles y vulcanitas,"Cuarcitas, gneises, esquistos, pizarras y grauwacas",PROTEROZOICO-PALEOZOICO,RIFEENSE-VENDIENSE-CAMBRICO, ,267495.37359267037,4232764.220100659,7206.9,8701.0,0
1294,Segunderalejo,,Hispania Baetica,Spain,Huelva,Huelva,,,H 46,960.0,335.5,336.2,37.58143387,-6.68380114,100.0,"Converted in QGIS from Lambert coords, Madrid 1870",,,,,,,FALSE,0.0,0.0,1.0,0.0,0.0,0.0,0.0,0.0,,Domergue 1990: 61,,,False,False,False,0.0,0.0,0.0,,,Pyrite,Primary,,0,No,0,No,1,Confirmado,0,No,0,No,0,No,0,No,0,0,0,0,1.0,0.9,1.0,0.965,Alta Certeza (Grado I),,Areniscas; pizarras y calizas,"Areniscas, pizarras, calizas, cuarcitas y rocas vulcanoclásticas",PALEOZOICO,DEVONICO-CARBONIFERO, ,174684.604094223,4165759.1010307926,21281.2,13672.1,0
1295,Serandinas,,Hispania Tarraconensis,Spain,Oviedo,Cuenca del Navia,,NV-78,O 8.i,26.0,,,43.44273877,-6.745011606,100.0,"Converted in QGIS from Lambert coords, Madrid 1870; Placename, IGN map, Google Earth, and Sanchez-Palencia and Orejas 1994, fig. 13.",The same as Domergue's Rio Navia 2 site O 8.i,,,,,,TRUE,0.0,0.0,0.0,0.0,0.0,0.0,0.0,0.0,,"Domergue 1990:42; Sanchez-Palencia and Orejas 1994, 201",1.0,0.0,True,False,True,0.0,1.0,0.0,0.0,,Quaternary Terrace,Secondary,Selective,1,Confirmado,0,No,0,No,0,No,0,No,0,No,0,No,1,0,1,0,1.0,1.0,1.0,1.0,Alta Certeza (Grado I),,Cuarcitas; pizarras; areniscas; calizas y vulcanitas,"Pizarras, areniscas, cuarcitas y calizas o rocas vulcanoclásticas",PALEOZOICO,ORDOVICICO, ,196939.089332096,4816797.70116924,10219.3,10627.0,0
1296,Sésamo / Las Tierras Rubias,,Hispania Tarraconensis,Spain,León,Cuencas de Cúa y Burbia,,CB-02,LE 50,126.0,354.7,909.4,42.753376,-6.685831,100.0,"Converted in QGIS from Lambert coords, Madrid 1870, adjusted with Google Earth",,,,,,,TRUE,0.0,0.0,0.0,0.0,0.0,0.0,0.0,0.0,,"Domergue 1990: 43; Sanchez-Palencia and Orejas 1994, 191",1.0,0.0,True,True,False,0.0,0.0,0.0,0.0,,"Colluvium, slope deposits, and alluvium",Secondary - Primary,Selective - Extensive,1,Confirmado,0,No,0,No,0,No,0,No,0,No,0,No,1,0,1,0,1.0,1.0,1.0,1.0,Alta Certeza (Grado I),,Cuarcitas; pizarras; areniscas; calizas y vulcanitas,Pizarras y areniscas,PALEOZOICO,ORDOVICICO, ,198358.65730990225,4740019.300244584,639.5,1232.0,44
1297,Sierra Almagrera,,Hispania Baetica,Spain,Almería,Almería,,,AL 2,1015.0,771.0,303.0,37.284267,-1.760024,0.0,Domergue 1987 fig 3,Large mining zone,,,,,,FALSE,1.0,1.0,1.0,0.0,0.0,0.0,0.0,0.0,,Domergue 1990: 64; Domergue 2008: 158.,,,False,False,False,0.0,0.0,0.0,,,,,,0,No,1,Confirmado,1,Confirmado,1,Confirmado,0,No,0,No,0,No,0,0,0,0,1.0,0.9,1.0,0.965,Alta Certeza (Grado I),,Rocas metamorficas,Micaesquistos grafitosos con granates (M. del Veleta),PROTEROZOICO-PALEOZOICO, ,BLOQUE DE ALBORAN,609918.4169948491,4127128.3628434464,2947.6,2150.9,4
1298,Antoñana I / Sierra de Begega,,Hispania Tarraconensis,Spain,Oviedo,Cuenca del Narcea,,NA-50,O 7,51.0,390.7,972.2,43.326523,-6.266114,100.0,"Converted in QGIS from Lambert coords, Madrid 1870",,,,,,,TRUE,0.0,0.0,0.0,0.0,0.0,0.0,0.0,0.0,,"Domergue 1990: 42; Sanchez-Palencia and Orejas 1994, 198",,,,,,,,,,,Hard rock,Primary,Extensive,1,Confirmado,0,No,0,No,0,No,0,No,0,No,0,No,0,0,0,0,1.0,1.0,1.0,1.0,Alta Certeza (Grado I),,Cuarcitas; pizarras; areniscas; calizas y vulcanitas,"Areniscas, pizarras, cuarcitas o calizas y conglomerados",PALEOZOICO,CAMBRICO-ORDOVICICO, ,235189.86796922784,4802257.442804923,6440.2,6710.0,0
1299,Sierra de Cartagena,,Hispania Tarraconensis,Spain,Murcia,Cartagena-Mazarrón,,,MU 3,977.0,849.8,338.9,37.6100851,-0.857490443,100.0,"Converted in QGIS from Lambert coords, Madrid 1870",need to add detail from sub-sites,,,,,,FALSE,1.0,1.0,1.0,1.0,1.0,0.0,0.0,0.0,,Domergue 1990: 64,0.0,1.0,False,False,False,0.0,0.0,0.0,0.0,,,,,0,No,1,Confirmado,1,Confirmado,1,Confirmado,0,No,1,Confirmado,1,Confirmado,0,1,0,0,1.0,0.9,1.0,0.965,Alta Certeza (Grado I),,Rocas metamorficas,"Anfibolitas, serpentinitas, micaesquistos y mármoles (M. del Mulhacén)",PALEOZOICO-MESOZOICO,TRIASICO,BLOQUE DE ALBORAN,689109.5615344287,4164712.9836401874,36646.8,30314.0,0
1300,Sierra de Gador,,Hispania Baetica,Spain,Almería,Almería,,,AL 1,1043.0,672.7,256.3,36.8985174,-2.87249648,0.0,"Converted in QGIS from Lambert coords, Madrid 1870",Large mining zone 20 x 10 km,,,,,,FALSE,1.0,1.0,0.0,0.0,0.0,0.0,0.0,0.0,,Domergue 1990: 64,,,False,False,False,0.0,0.0,0.0,,,,,,0,No,1,Confirmado,0,No,1,Confirmado,0,No,0,No,0,No,0,0,0,0,1.0,0.9,1.0,0.965,Alta Certeza (Grado I),,Rocas metamorficas,"Gneises, migmatitas, micasquistos, esquistos, filitas, mármoles, calizas, y dolomías (M. Alpujárride)",PALEOZOICO-MESOZOICO,TRIASICO,BLOQUE DE ALBORAN,511359.8235653966,4083622.2609782005,10652.1,10635.5,0
1301,Sierra de las Estrellas,,Hispania Baetica,Spain,Badajoz,Sevilla,,,BA 62,919.0,383.5,879.15,42.48691543,-6.3221468,100.0,"Converted in QGIS from Lambert coords, Madrid 1870",,,,,,,FALSE,0.0,0.0,0.0,0.0,1.0,0.0,0.0,0.0,,Domergue 1990: 48,,,False,False,False,0.0,0.0,0.0,,,Hard rock,Primary,,0,No,0,No,0,No,0,No,0,No,0,No,1,Confirmado,0,0,0,0,1.0,0.9,1.0,0.965,Alta Certeza (Grado I),,Cuarcitas; pizarras; areniscas; calizas y vulcanitas,"Areniscas, pizarras, cuarcitas o calizas y conglomerados",PALEOZOICO,CAMBRICO-ORDOVICICO, ,226961.50546260038,4709189.78491565,21139.9,21073.6,0
1302,Sierra Jayona,,Hispania Baetica,Spain,Badajoz,Sevilla,,,BA 44,898.0,403.0,394.0,38.1201223,-5.93614727,100.0,"Converted in QGIS from Lambert coords, Madrid 1870",,,,,,,FALSE,0.0,0.0,0.0,0.0,1.0,0.0,0.0,0.0,,Domergue 1990: 48,,,False,False,False,0.0,0.0,0.0,,,Hard rock,Primary,,0,No,0,No,0,No,0,No,0,No,0,No,1,Confirmado,0,0,0,0,1.0,0.9,1.0,0.965,Alta Certeza (Grado I),,Cuarcitas; pizarras; areniscas; calizas y vulcanitas,"Areniscas, pizarras y calizas",PALEOZOICO,CAMBRICO, ,242608.12320734817,4223216.209372781,5606.8,5269.2,0
1303,Sierrecilla,,Hispania Baetica,Spain,Huelva,Huelva,,,H 42,936.0,286.8,348.7,37.67790242,-7.24050428,100.0,"Converted in QGIS from Lambert coords, Madrid 1870",,,,,,,FALSE,1.0,1.0,1.0,0.0,0.0,0.0,0.0,0.0,,Domergue 1990: 62,,,False,False,False,0.0,0.0,0.0,,,Hard rock,Primary,,0,No,1,Confirmado,1,Confirmado,1,Confirmado,0,No,0,No,0,No,0,0,0,0,1.0,0.9,1.0,0.965,Alta Certeza (Grado I),,Conglomerados; areniscas; pizarras; calizas y vulcanitas; Carbon,Pizarras y grauwacas; conglomerados y calizas,PALEOZOICO,DEVONICO-CARBONIFERO, ,125985.5656488213,4178547.0295824283,4993.6,4799.5,1
1304,Socorro,,Hispania Tarraconensis,Spain,Ciudad Real,Alcudia,,,CR 29,837.0,593.5,440.0,38.55722606,-3.76257372,100.0,"Converted in QGIS from Lambert coords, Madrid 1870",,,,,,,FALSE,1.0,1.0,1.0,0.0,0.0,0.0,0.0,0.0,,Domergue 1990: 46,0.0,1.0,False,False,False,0.0,0.0,0.0,0.0,,,,,0,No,1,Confirmado,1,Confirmado,1,Confirmado,0,No,0,No,0,No,0,1,0,0,1.0,0.9,1.0,0.965,Alta Certeza (Grado I),,Cuarcitas; pizarras; areniscas; calizas y vulcanitas,"Pizarras, areniscas, cuarcitas y calizas o rocas vulcanoclásticas",PALEOZOICO,ORDOVICICO, ,433557.3953092336,4267918.953996758,4489.0,651.2,1
1305,Solana Ballesteros,,Hispania Tarraconensis,Spain,Ciudad Real,Alcudia,,,CR 30,807.0,498.5,457.2,38.70634005,-4.85591187,100.0,"Converted in QGIS from Lambert coords, Madrid 1870",,,,,,,FALSE,1.0,1.0,0.0,0.0,0.0,0.0,0.0,0.0,,Domergue 1990: 46,0.0,1.0,False,False,False,0.0,0.0,0.0,0.0,,,,,0,No,1,Confirmado,0,No,1,Confirmado,0,No,0,No,0,No,0,1,0,0,1.0,0.9,1.0,0.965,Alta Certeza (Grado I),,Cuarcitas; pizarras; areniscas; calizas y vulcanitas,"Pizarras, areniscas, cuarcitas y calizas o rocas vulcanoclásticas",PALEOZOICO,ORDOVICICO, ,338624.94713281665,4285824.3315457385,5063.2,243.7,0
1306,Solana de la Belalcázar,,Hispania Baetica,Spain,Córdoba,Los Pedroches,,,CO 19,833.0,477.9,448.3,38.62342098,-5.09131042,100.0,"Converted in QGIS from Lambert coords, Madrid 1870",,,,,,,FALSE,1.0,1.0,1.0,0.0,0.0,0.0,0.0,0.0,,Domergue 1990: 48,,,False,False,False,0.0,0.0,0.0,,,Hard rock,Primary,,0,No,1,Confirmado,1,Confirmado,1,Confirmado,0,No,0,No,0,No,0,0,0,0,1.0,0.9,1.0,0.965,Alta Certeza (Grado I),,Conglomerados; areniscas; pizarras; calizas y vulcanitas; Carbon,Pizarras y grauwacas; conglomerados y calizas,PALEOZOICO,DEVONICO-CARBONIFERO, ,317944.761861346,4277062.991744783,7574.1,5162.5,0
1307,Solano del Bepo,,Hispania Tarraconensis,Spain,Tarragona,,,,T 4,417.0,982.3,758.3,41.3386581,0.885404145,100.0,"Converted in QGIS from Lambert coords, Madrid 1870",,,,,,,FALSE,0.0,0.0,1.0,0.0,0.0,0.0,0.0,0.0,,Domergue 1990: 64,,,False,False,False,0.0,0.0,0.0,,,,,,0,No,0,No,1,Confirmado,0,No,0,No,0,No,0,No,0,0,0,0,1.0,0.9,1.0,0.965,Alta Certeza (Grado I),,Turbiditas calcareas,"Turbiditas calcáreas, calizas, margas, conglomerados, areniscas y arcillas. Calizas lacustres",CENOZOICO,PALEOGENO, ,825122.302337764,4583639.711398633,176158.9,173072.8,0
1308,Solmayor,,Hispania Tarraconensis,Spain,Oviedo,Asturias,,,O 22,25.0,322.4,985.4,43.4239372,-7.114596613,100.0,"Converted in QGIS from Lambert coords, Madrid 1870",,,,,,,TRUE,0.0,0.0,0.0,0.0,0.0,0.0,0.0,0.0,,Domergue 1990: 42,,,,,,,,,,,Quaternary terrace,,,1,Confirmado,0,No,0,No,0,No,0,No,0,No,0,No,0,0,0,0,1.0,0.9,1.0,0.965,Alta Certeza (Grado I),,Cuarcitas; pizarras; areniscas; calizas y vulcanitas,"Areniscas, pizarras, cuarcitas o calizas y conglomerados",PALEOZOICO,CAMBRICO-ORDOVICICO, ,166924.85546953342,4816122.290439976,2752.3,1067.2,15
1309,Sortijón del Cuzna,,Hispania Baetica,Spain,Córdoba,Los Pedroches,,,CO 99,881.0,499.0,406.4,38.24841405,-4.84258713,100.0,"Converted in QGIS from Lambert coords, Madrid 1870",,,,,,,FALSE,1.0,1.0,1.0,0.0,0.0,0.0,0.0,0.0,,Domergue 1990: 48,0.0,1.0,False,False,False,0.0,0.0,0.0,0.0,,Hard rock,Primary,,0,No,1,Confirmado,1,Confirmado,1,Confirmado,0,No,0,No,0,No,0,1,0,0,1.0,0.9,1.0,0.965,Alta Certeza (Grado I),,Conglomerados; areniscas; pizarras; calizas y vulcanitas; Carbon,Pizarras y grauwacas; conglomerados y calizas,PALEOZOICO,DEVONICO-CARBONIFERO, ,338766.4465585676,4234982.959770341,6782.8,9227.6,0
1310,Sotiel Coronada,,Hispania Baetica,Spain,Huelva,Huelva,,,H 20,959.0,320.4,338.7,37.59924828,-6.85569731,100.0,"Converted in QGIS from Lambert coords, Madrid 1870",,,,,,,FALSE,0.0,0.0,1.0,0.0,0.0,0.0,0.0,0.0,"A large Roman mine noted for its many shafts - 100 twin shafts and 50 single shafts. To drain the mines water-lifting devices were used; remains of an Archimedes screw and a pump have been found. Smelting activities produced an estimated 40,000 tons of slag.",Domergue 1990: 62; Hirt 2010: 39.,0.0,1.0,False,False,False,0.0,0.0,0.0,0.0,,Pyrite,PrimaǾ䀀,,0,No,0,No,1,Confirmado,0,No,0,No,0,No,0,No,0,1,0,0,1.0,0.9,1.0,0.965,Alta Certeza (Grado I),,Areniscas; pizarras y calizas,"Areniscas, pizarras, calizas, cuarcitas y rocas vulcanoclásticas",PALEOZOICO,DEVONICO-CARBONIFERO, ,159580.0326180872,4168346.918945368,16196.1,20575.6,0
1311,Souto,,Hispania Tarraconensis,Spain,Lugo,Cuenca Alta del Miño,,AN-08,,,,,42.928925,-7.055279,1000.0,Google Earth,,,,,,,TRUE,0.0,0.0,0.0,0.0,0.0,0.0,0.0,0.0,,"Sanchez-Palencia and Orejas 1994, 188",1.0,0.0,True,,,,,,,,,Secondary,Selective,1,Confirmado,0,No,0,No,0,No,0,No,0,No,0,No,1,0,1,0,0.7,0.9,1.0,0.845,Alta Certeza (Grado I),,Cuarcitas; pizarras; areniscas; calizas y vulcanitas,"Areniscas, pizarras, cuarcitas o calizas y conglomerados",PALEOZOICO,CAMBRICO-ORDOVICICO, ,169059.86946184566,4760905.723908017,1020.0,1947.4,31
1312,Souto Castillo,,Hispania Tarraconensis,Spain,León,Cuenca media del Sil,,MS-073,,,,,42.411092,-6.684136,500.0,"Guessed from Google Earth and Sanchez-Palencia and Orejas 1994, fig. 16",,,,,,,TRUE,0.0,0.0,0.0,0.0,0.0,0.0,0.0,0.0,,"Sanchez-Palencia and Orejas 1994, 196",1.0,0.0,True,,,,,,,,,Secondary,Extensive,1,Confirmado,0,No,0,No,0,No,0,No,0,No,0,No,1,0,1,0,0.85,0.9,1.0,0.905,Alta Certeza (Grado I),,Cuarcitas; pizarras; areniscas; calizas y vulcanitas,Pizarras y areniscas,PALEOZOICO,ORDOVICICO, ,196841.15681265295,4701999.259766262,27605.5,27848.0,0
1313,Sta Bárbara,,Hispania Baetica,Spain,Córdoba,Posadas,,,CO 81,922.0,472.8,366.7,37.88711175,-5.1346965,100.0,"Converted in QGIS from Lambert coords, Madrid 1870",,,,,,,FALSE,1.0,1.0,0.0,0.0,0.0,0.0,0.0,0.0,,Domergue 1990: 45,,,False,False,False,0.0,0.0,0.0,,,Hard rock,Primary,,0,No,1,Confirmado,0,No,1,Confirmado,0,No,0,No,0,No,0,0,0,0,1.0,0.9,1.0,0.965,Alta Certeza (Grado I),,Gneises; esquistos; marmoles y vulcanitas,Vulcanitas y/o rocas vulcanoclásticas y metasedimentos,PROTEROZOICO,VENDIENSE, ,312281.6348183127,4195438.025076612,11278.9,13020.0,0
1315,Suerte,,Hispania Baetica,Spain,Sevilla,Sevilla,,,SE 10,940.0,382.9,347.0,37.6918097,-6.150605816,100.0,"Converted in QGIS from Lambert coords, Madrid 1870",,,,,,,FALSE,1.0,1.0,0.0,0.0,0.0,0.0,0.0,0.0,,Domergue 1990: 48,,,False,False,False,0.0,0.0,0.0,,,Hard rock,Primary,,0,No,1,Confirmado,0,No,1,Confirmado,0,No,0,No,0,No,0,0,0,0,1.0,0.9,1.0,0.965,Alta Certeza (Grado I),,Areniscas; pizarras y calizas,"Areniscas, pizarras, calizas, cuarcitas y rocas vulcanoclásticas",PALEOZOICO,DEVONICO-CARBONIFERO, ,222195.97511731467,4176294.2200600067,11636.5,9424.4,0
1316,Sultana,,Hispania Baetica,Spain,Huelva,Huelva,,,H 17,918.0,372.2,377.8,37.966594,-6.2820794,100.0,"Converted in QGIS from Lambert coords, Madrid 1870",,,,,,,?,0.0,0.0,1.0,0.0,0.0,0.0,0.0,0.0,,Domergue 1990: 61,0.0,1.0,False,False,False,0.0,0.0,0.0,0.0,,Pyrite,Primary,,1,Hipotetico,0,No,1,Confirmado,0,No,0,No,0,No,0,No,0,1,0,0,1.0,0.9,1.0,0.965,Alta Certeza (Grado I),,Gneises; esquistos; marmoles y vulcanitas,"Esquistos o pizarras, grauwacas y liditas",PROTEROZOICO,RIFEENSE, ,211672.85746009165,4207192.129478102,460.6,2831.9,27
1317,Susañe del Sil / Corbón del Sil,,Hispania Tarraconensis,Spain,León,Cuenca Alta del Sil,,AS-06,LE 28,101.0,369.0,918.0,42.82646182,-6.50783301,100.0,"Converted in QGIS from Lambert coords, Madrid 1870; corrected with https://servicios.jcyl.es/pweb/datosGIS.do?tipo=Yacimiento&numero=103478",,,,,,,TRUE,0.0,0.0,0.0,0.0,0.0,0.0,0.0,0.0,Probably largely destroyed by modern mine.,"Domergue 1990: 42; Sanchez-Palencia and Orejas 1994, 189",1.0,0.0,True,,,,,,,,Tertiary alluvium,Secondary,Selective - Extensive,1,Confirmado,0,No,0,No,0,No,0,No,0,No,0,No,1,0,1,0,1.0,1.0,1.0,1.0,Alta Certeza (Grado I),,Cuarcitas; pizarras; areniscas; calizas y vulcanitas,"Pizarras, areniscas, cuarcitas y calizas o rocas vulcanoclásticas",PALEOZOICO,ORDOVICICO, ,213265.15523198835,4747514.580064706,6436.2,7760.3,0
1318,Suspirón,,Hispania Tarraconensis,Spain,León,Cuenca Alta del Orbigo,,AO-02,,,,,42.767762,-6.177308,500.0,"Estimated from Sanchez-Palencia and Orejas 1994, fig. 15, IGN map placename, and Google Earth",,,,,,,TRUE,0.0,0.0,0.0,0.0,0.0,0.0,0.0,0.0,,"Sanchez-Palencia and Orejas 1994, 188",,,,,,,,,,,,Primary,Selective - Extensive,1,Confirmado,0,No,0,No,0,No,0,No,0,No,0,No,0,0,0,0,0.85,0.9,1.0,0.905,Alta Certeza (Grado I),,Cuarcitas; pizarras; areniscas; calizas y vulcanitas,"Areniscas, pizarras, cuarcitas o calizas y conglomerados",PALEOZOICO,CAMBRICO-ORDOVICICO, ,240039.07132421914,4739922.747308248,1606.2,3716.5,21
1319,Tamarindo,,Hispania Baetica,Spain,Badajoz,La Serena,,,BA 33,806.0,441.0,461.4,38.7354855,-5.51841148,100.0,"Converted in QGIS from Lambert coords, Madrid 1870",,,,,,,FALSE,1.0,1.0,0.0,0.0,0.0,0.0,0.0,0.0,,Domergue 1990: 45,,,False,False,False,0.0,0.0,0.0,,,Hard rock,Primary,,0,No,1,Confirmado,0,No,1,Confirmado,0,No,0,No,0,No,0,0,0,0,1.0,0.9,1.0,0.965,Alta Certeza (Grado I),,Gneises; esquistos; marmoles y vulcanitas,"Pizarras, grauwacas, conglomerados o porfiroides",PROTEROZOICO, , ,281101.2594208226,4290435.117140394,1623.6,1936.4,9
1320,Tapia de la Ribera,,Hispania Tarraconensis,Spain,León,Cuenca Alta del Orbigo,,AO-33,,,,,42.746624,-5.765745,500.0,Guessed: probable opencast on Google Earth,,,,,,,TRUE,0.0,0.0,0.0,0.0,0.0,0.0,0.0,0.0,,"Sanchez-Palencia and Orejas 1994, 189",1.0,0.0,True,,,,,,,,,Secondary,Extensive,1,Confirmado,0,No,0,No,0,No,0,No,0,No,0,No,1,0,1,0,0.85,0.9,1.0,0.905,Alta Certeza (Grado I),,Conglomerados; areniscas; arcillas; calizas y evaporitas; Vulcanitas basicas,"Calizas arrecifales, calcarenitas y conglomerados. Arcillas con olistolitos",CENOZOICO,NEOGENO, ,273637.55720939697,4736388.2855191985,6324.3,4751.5,0
1321,Teixedo,,Hispania Tarraconensis,Spain,Oviedo,Cuenca del Navia,,NV-66,,,,,43.335137,-6.687584,0.0,"Sanchez-Palencia and Orejas 1994, fig. 13; and Google Earth and IGN map.",,,,,,,TRUE,0.0,0.0,0.0,0.0,0.0,0.0,0.0,0.0,,"Sanchez-Palencia and Orejas 1994, 200",1.0,0.0,True,True,False,0.0,0.0,0.0,0.0,,,Primary,Selective - Extensive,1,Confirmado,0,No,0,No,0,No,0,No,0,No,0,No,1,0,1,0,1.0,0.9,1.0,0.965,Alta Certeza (Grado I),,Cuarcitas; pizarras; areniscas; calizas y vulcanitas,"Pizarras, areniscas, cuarcitas y calizas o rocas vulcanoclásticas",PALEOZOICO,ORDOVICICO, ,201057.58486661996,4804638.899158856,10185.2,8806.8,0
1322,Las Rubias,,Hispania Tarraconensis,Spain,León,Sierra del Teleno,,TE-13,LE 42,230.0,378.0,861.0,42.32206444,-6.382352907,100.0,"Converted in QGIS from Lambert coords, Madrid 1870",,,,,,,TRUE,0.0,0.0,0.0,0.0,0.0,0.0,0.0,0.0,,"Domergue 1990: 43; Sanchez-Palencia and Orejas 1994, 202",1.0,0.0,True,True,False,0.0,0.0,0.0,0.0,,"Hard rock; alterites, colluvium",Secondary,Selective - Extensive,1,Confirmado,0,No,0,No,0,No,0,No,0,No,0,No,1,0,1,0,1.0,1.0,1.0,1.0,Alta Certeza (Grado I),,Cuarcitas; pizarras; areniscas; calizas y vulcanitas,"Pizarras, areniscas, cuarcitas y calizas o rocas vulcanoclásticas",PALEOZOICO,ORDOVICICO, ,221283.15410780493,4691078.1337187,39071.6,38261.2,0
1323,Tharsis,,Hispania Baetica,Spain,Huelva,Huelva,,,H 12,959.0,297.8,339.1,37.59532133,-7.11167808,100.0,"Converted in QGIS from Lambert coords, Madrid 1870",,,,,,,?,1.0,0.0,1.0,0.0,0.0,0.0,0.0,0.0,"Extraction started at Tharsis in the Iron Age, circa 2500 BC. The zenith of production was under Trajan but coins which have been found suggest mining could have continued until AD 350. The site has large slag piles and an estimated 4,000,000 tonnes of slag were produced. Other finds include remains of a water wheel with a rope still attached. After the Visigoths invaded the difficulty in draining the mine may have made it unworkable and been the cause of its closure.",Domergue 1990: 62; Domergue 2004: 87-105.,0.0,1.0,False,False,False,0.0,0.0,0.0,0.0,,Pyrite,Primary,,1,Hipotetico,1,Confirmado,1,Confirmado,0,No,0,No,0,No,0,No,0,1,0,0,1.0,0.9,1.0,0.965,Alta Certeza (Grado I),,Conglomerados; areniscas; pizarras; calizas y vulcanitas; Carbon,Vulcanitas y rocas vulcanoclásticas,PALEOZOICO,CARBONIFERO, ,136950.67785617546,4168871.685291652,18606.0,19014.4,0
1324,Tinto Santa Rosa,,Hispania Baetica,Spain,Huelva,Huelva,,,H 49,960.0,325.4,342.7,37.63686541,-6.80067763,100.0,"Converted in QGIS from Lambert coords, Madrid 1870",,,,,,,FALSE,0.0,0.0,1.0,0.0,0.0,0.0,0.0,0.0,,Domergue 1990: 62,,,False,False,False,0.0,0.0,0.0,,,Pyrite,Primary,,0,No,0,No,1,Confirmado,0,No,0,No,0,No,0,No,0,0,0,0,1.0,0.9,1.0,0.965,Alta Certeza (Grado I),,Conglomerados; areniscas; pizarras; calizas y vulcanitas; Carbon,Vulcanitas y rocas vulcanoclásticas,PALEOZOICO,CARBONIFERO, ,164608.90037444298,4172324.302590913,16078.9,16539.7,0
1325,Tojeirosvellos,,Hispania Tarraconensis,Spain,Lugo,Cuenca Alta del Miño,,AM-01,,,,,43.195529,-7.396401,,"Placename, Google Earth and IGN map",,,,,,,TRUE,0.0,0.0,0.0,0.0,0.0,0.0,0.0,0.0,,"Sanchez-Palencia and Orejas 1994, 188",,,,,,,,,,,,Primary,Selective,1,Confirmado,0,No,0,No,0,No,0,No,0,No,0,No,0,0,0,0,0.5,0.9,1.0,0.765,Media Certeza (Grado II),,Cuarcitas; pizarras; areniscas; calizas y vulcanitas,"Pizarras, grauwacas o arcosas, conglomerados y calizas",PROTEROZOICO-PALEOZOICO,VENDIENSE-CAMBRICO, ,142772.53496266523,4791919.062628277,5743.3,1752.6,0
1326,Toral de los Vados,,Hispania Tarraconensis,Spain,León,Cuencas de Cúa y Burbia,,,LE 56,158.0,346.5,888.5,42.56036946,-6.775940924,100.0,"Converted in QGIS from Lambert coords, Madrid 1870",,,,,,,TRUE,0.0,0.0,0.0,0.0,0.0,0.0,0.0,0.0,,Domergue 1990: 44,1.0,0.0,True,,,0.0,,,0.0,,Terrace,Secondary,Extensive,1,Confirmado,0,No,0,No,0,No,0,No,0,No,0,No,1,0,1,0,1.0,0.9,1.0,0.965,Alta Certeza (Grado I),,Conglomerados; areniscas; arcillas y calizas; Evaporitas,"Turbiditas calcáreas. Calizas, calizas arenosas, areniscas y margas arenosas",CENOZOICO,PALEOGENO-NEOGENO, ,190024.77484858554,4718910.173686852,12111.2,12145.5,0
1327,Torril de Medioduro,,Hispania Baetica,Spain,Córdoba,Los Pedroches,,,CO 14,858.0,493.2,422.8,38.39556253,-4.91145894,100.0,"Converted in QGIS from Lambert coords, Madrid 1870",,,,,,,FALSE,0.0,0.0,1.0,0.0,0.0,0.0,0.0,0.0,,Domergue 1990: 47,0.0,1.0,False,False,False,0.0,0.0,0.0,0.0,,Hard rock,Primary,,0,No,0,No,1,Confirmado,0,No,0,No,0,No,0,No,0,1,0,0,1.0,0.9,1.0,0.965,Alta Certeza (Grado I),,Granitoides de emplazamiento epi-mesozonal,Granitoides biotíticos,PALEOZOICO,DEVONICO-CARBONIFERO-PERMICO,ROCAS PLUTONICAS HERCINICAS,333077.3049150445,4251434.685885892,15734.1,10756.0,0
1328,Tres Arroyos,,Hispania Baetica,Spain,Jaén,,,,BA 1,727.0,306.5,523.7,39.26142036,-7.09306382,100.0,"Converted in QGIS from Lambert coords, Madrid 1870",,,,,,,FALSE,0.0,0.0,0.0,1.0,0.0,0.0,0.0,0.0,,Domergue 1990: 48,,,False,False,False,0.0,0.0,0.0,,,Hard rock,Primary,,0,No,0,No,0,No,0,No,0,No,1,Confirmado,0,No,0,0,0,0,1.0,0.9,1.0,0.965,Alta Certeza (Grado I),,Cuarcitas; pizarras; areniscas; calizas y vulcanitas,"Pizarras, areniscas, cuarcitas y calizas o rocas vulcanoclásticas",PALEOZOICO,ORDOVICICO, ,146822.0295626964,4353778.430895872,33792.8,30924.0,0
1329,Tres Puentes,,Hispania Baetica,Spain,Córdoba,Córdoba,,,CO 117,902.0,501.6,379.7,38.00802774,-4.80902784,100.0,"Converted in QGIS from Lambert coords, Madrid 1870",,,,,,,FALSE,0.0,0.0,1.0,0.0,0.0,0.0,0.0,0.0,,Domergue 1990: 47,,,False,False,False,0.0,0.0,0.0,,,Hard rock,,,0,No,0,No,1,Confirmado,0,No,0,No,0,No,0,No,0,0,0,0,1.0,0.9,1.0,0.965,Alta Certeza (Grado I),,Granitoides de emplazamiento epi-mesozonal,Granitoides de dos micas,PALEOZOICO,DEVONICO-CARBONIFERO-PERMICO,ROCAS PLUTONICAS HERCINICAS,341183.0628660794,4208249.869665102,1041.5,493.7,18
1330,Trevías,,Hispania Tarraconensis,Spain,Oviedo,Cuenca del Esba o Canero,,ES-10,,,,,43.500359,-6.435729,1000.0,Placename on Google Earth,,,,,,,TRUE,0.0,0.0,0.0,0.0,0.0,0.0,0.0,0.0,,"Sanchez-Palencia and Orejas 1994, 194",,,,,,,,,,,,Primary,Extensive,1,Confirmado,0,No,0,No,0,No,0,No,0,No,0,No,0,0,0,0,0.7,0.9,1.0,0.845,Alta Certeza (Grado I),,Cuarcitas; pizarras; areniscas; calizas y vulcanitas,"Areniscas, pizarras, cuarcitas o calizas y conglomerados",PALEOZOICO,CAMBRICO-ORDOVICICO, ,222233.5116134286,4822117.5271143075,1393.3,1393.3,12
1331,Trinidad,,Hispania Baetica,Spain,Huelva,Huelva,,,H 33,983.0,362.6,325.6,37.4937306,-6.37343315,100.0,"Converted in QGIS from Lambert coords, Madrid 1870",,,,,,,FALSE,0.0,0.0,1.0,0.0,0.0,0.0,0.0,0.0,,Domergue 1990: 61,,,False,False,False,0.0,0.0,0.0,,,Pyrite,Primary,,0,No,0,No,1,Confirmado,0,No,0,No,0,No,0,No,0,0,0,0,1.0,0.9,1.0,0.965,Alta Certeza (Grado I),,Conglomerados; areniscas; arcillas; calizas y evaporitas; Vulcanitas basicas,"Conglomerados, arenas, arrecifes, limos amarillos, yesos y sales haloideas. Conglomerados, arenas y calizas lacustres",CENOZOICO,NEOGENO, ,201752.0409659582,4154993.510490893,15117.7,5907.9,0
1332,Triunfo,,Hispania Baetica,Spain,Badajoz,Azuaga-Fuenteovejuna,,,BA 3,878.0,421.7,409.0,38.25936781,-5.72673158,100.0,"Converted in QGIS from Lambert coords, Madrid 1870",in vicinity of bifurcation of roads for Berlanga and Valverde de Llerena,,,,,,FALSE,1.0,1.0,0.0,0.0,0.0,0.0,0.0,0.0,"c. 20 ""rafas"""" in the area around.""",Domergue 1990: 46,1.0,0.0,False,False,False,0.0,0.0,0.0,0.0,FALSE,,Hard rock,Primary,0,No,1,Confirmado,0,No,1,Confirmado,0,No,0,No,0,No,0,0,1,0,1.0,0.9,1.0,0.965,Alta Certeza (Grado I),,Conglomerados; areniscas; arcillas; calizas y evaporitas; Vulcanitas basicas,"Calcarenitas, arenas y limos amarillos",CENOZOICO,NEOGENO, ,261424.67728617592,4238109.844262473,8312.1,8443.7,0
1333,Triunfo - Nueva Estrella,,Hispania Baetica,Spain,Badajoz,La Serena,,,BA 38,806.0,442.6,465.2,38.77003716,-5.50088639,100.0,"Converted in QGIS from Lambert coords, Madrid 1870",,,,,,,FALSE,1.0,1.0,0.0,0.0,0.0,0.0,0.0,0.0,,Domergue 1990: 45,,,False,False,False,0.0,0.0,0.0,,,Hard rock,Primary,,0,No,1,Confirmado,0,No,1,Confirmado,0,No,0,No,0,No,0,0,0,0,1.0,0.9,1.0,0.965,Alta Certeza (Grado I),,Gneises; esquistos; marmoles y vulcanitas,"Pizarras, grauwacas, conglomerados o porfiroides",PROTEROZOICO, , ,282729.5866744041,4294228.204880373,5740.3,6041.8,0
1334,Turienzo Castañedo 1 / Las Barreras,,Hispania Tarraconensis,Spain,León,Cuenca del Boeza,,BO-27,LE 12.1,159.0,375.1,889.4,42.57688563,-6.428121235,100.0,"Converted in QGIS from Lambert coords, Madrid 1870",,,,,,,TRUE,0.0,0.0,0.0,0.0,0.0,0.0,0.0,0.0,,Domergue 1990: 43,0.0,0.0,True,False,True,0.0,0.0,0.0,0.0,,Tertiary alluvium,Secondary,Extensive,1,Confirmado,0,No,0,No,0,No,0,No,0,No,0,No,1,0,0,0,1.0,1.0,1.0,1.0,Alta Certeza (Grado I),,Conglomerados; areniscas; arcillas; calizas y evaporitas; Vulcanitas basicas,"Calizas arrecifales, calcarenitas y conglomerados. Arcillas con olistolitos",CENOZOICO,NEOGENO, ,218655.4568780589,4719528.539140977,10673.2,10034.7,0
1335,Turienzo Castañedo 2 / Las Torcas,,Hispania Tarraconensis,Spain,León,Cuenca del Boeza,,BO-27,LE 12.2,159.0,375.5,889.1,42.57243,-6.424116,100.0,"Converted in QGIS from Lambert coords, Madrid 1870; adjusted with reference to Google Earth",,,,,,,TRUE,0.0,0.0,0.0,0.0,0.0,0.0,0.0,0.0,,"Domergue 1990: 43; Sanchez-Palencia and Orejas 1994, 191",0.0,0.0,True,False,True,0.0,0.0,0.0,0.0,,Tertiary alluvium,Secondary,Extensive,1,Confirmado,0,No,0,No,0,No,0,No,0,No,0,No,1,0,0,0,1.0,1.0,1.0,1.0,Alta Certeza (Grado I),,Conglomerados; areniscas; arcillas; calizas y evaporitas; Vulcanitas basicas,"Calizas arrecifales, calcarenitas y conglomerados. Arcillas con olistolitos",CENOZOICO,NEOGENO, ,218964.16742278077,4719020.3941742815,11158.0,10474.1,0
1336,Udías,,Hispania Tarraconensis,Spain,Santander,Udias,,,S 2,33.0,556.9,973.0,43.3592414,-4.219302626,100.0,"Converted in QGIS from Lambert coords, Madrid 1870",,,,,,,FALSE,0.0,1.0,0.0,0.0,0.0,0.0,1.0,0.0,Calamine also mined here,Domergue 1990: _x001A_耀,,,False,False,False,0.0,0.0,0.0,,,,,,0,No,0,No,0,No,1,Confirmado,0,No,0,No,0,No,0,0,0,0,1.0,0.9,1.0,0.965,Alta Certeza (Grado I),,Calizas; dolomias y margas; Areniscas,"Margas y margocalizas. Margas arcillosas turbidíticas. Calizas arenosas, areniscas, arenas y margas.",MESOZOICO,CRETACICO, ,401197.1629425733,4801431.050147055,320.0,982.2,17
1337,Urbiola,,Hispania Tarraconensis,Spain,Navarra,,,,NA 1,172.0,728.6,892.0,42.62123865,-2.120186574,100.0,"Converted in QGIS from Lambert coords, Madrid 1870",,,,,,,FALSE,0.0,0.0,1.0,0.0,0.0,0.0,0.0,0.0,,Domergue 1990: 64,,,False,False,False,0.0,0.0,0.0,,,,,,0,No,0,No,1,Confirmado,0,No,0,No,0,No,0,No,0,0,0,0,1.0,0.9,1.0,0.965,Alta Certeza (Grado I),,Conglomerados; areniscas; arcillas y calizas; Evaporitas,"Turbiditas calcáreas. Calizas, calizas arenosas, areniscas y margas arenosas",CENOZOICO,PALEOGENO-NEOGENO, ,572151.2861845063,4719130.5206843,89682.0,72498.3,0
1338,Uría I,,Hispania Tarraconensis,Spain,Oviedo,Cuenca del Navia,,NV-31,,,,,43.070722,-6.861667,1000.0,"Placename on Google Earth; guessed in relation to Sanchez-Palencia and Orejas 1994, fig. 13.",,,,,,,TRUE,0.0,0.0,0.0,0.0,0.0,0.0,0.0,0.0,,"Sanchez-Palencia and Orejas 1994, 199",,,,,,,,,,,,Primary,Extensive,1,Confirmado,0,No,0,No,0,No,0,No,0,No,0,No,0,0,0,0,0.7,0.9,1.0,0.845,Alta Certeza (Grado I),,Cuarcitas; pizarras; areniscas; calizas y vulcanitas,Pizarras y areniscas,PALEOZOICO,ORDOVICICO, ,185586.80695838341,4775909.804395659,1776.7,315.3,31
1339,Uría II,,Hispania Tarraconensis,Spain,Oviedo,Cuenca del Navia,,NV-30,,,,,43.07378,-6.857687,1000.0,"Placename on Google Earth; guessed in relation to Sanchez-Palencia and Orejas 1994, fig. 13.",,,,,,,TRUE,0.0,0.0,0.0,0.0,0.0,0.0,0.0,0.0,,"Sanchez-Palencia and Orejas 1994, 199",,,,,,,,,,,,Primary,Extensive,1,Confirmado,0,No,0,No,0,No,0,No,0,No,0,No,0,0,0,0,0.7,0.9,1.0,0.845,Alta Certeza (Grado I),,Cuarcitas; pizarras; areniscas; calizas y vulcanitas,"Pizarras, areniscas, cuarcitas y calizas o rocas vulcanoclásticas",PALEOZOICO,ORDOVICICO, ,185926.52870045148,4776234.515383295,2038.1,275.0,28
1340,Uría III,,Hispania Tarraconensis,Spain,Oviedo,Cuenca del Navia,,NV-29,,,,,43.0719,-6.848868,1000.0,"Placename on Google Earth; guessed in relation to Sanchez-Palencia and Orejas 1994, fig. 13.",,,,,,,TRUE,0.0,0.0,0.0,0.0,0.0,0.0,0.0,0.0,,"Sanchez-Palencia and Orejas 1994, 199",,,,,,,,,,,,Primary,Extensive,1,Confirmado,0,No,0,No,0,No,0,No,0,No,0,No,0,0,0,0,0.7,0.9,1.0,0.845,Alta Certeza (Grado I),,Cuarcitas; pizarras; areniscas; calizas y vulcanitas,"Pizarras, areniscas, cuarcitas y calizas o rocas vulcanoclásticas",PALEOZOICO,ORDOVICICO, ,186635.0069582117,4775992.67920772,1747.0,737.7,24
1341,Uría IV,,Hispania Tarraconensis,Spain,Oviedo,Cuenca del Navia,,NV-28,,,,,43.074788,-6.846314,1000.0,"Placename on Google Earth; guessed in relation to Sanchez-Palencia and Orejas 1994, fig. 13.",,,,,,,TRUE,0.0,0.0,0.0,0.0,0.0,0.0,0.0,0.0,,"Sanchez-Palencia and Orejas 1994, 199",,,,,,,,,,,,Primary,Extensive,1,Confirmado,0,No,0,No,0,No,0,No,0,No,0,No,0,0,0,0,0.7,0.9,1.0,0.845,Alta Certeza (Grado I),,Cuarcitas; pizarras; areniscas; calizas y vulcanitas,"Pizarras, areniscas, cuarcitas y calizas o rocas vulcanoclásticas",PALEOZOICO,ORDOVICICO, ,186857.69615208148,4776303.888453626,1962.8,1019.2,26
1342,Valados,,Hispania Tarraconensis,Spain,Orense,Galicia,,,OR 9,189.0,304.5,872.0,42.39773248,-7.27895426,100.0,"Converted in QGIS from Lambert coords, Madrid 1870",,,,,,,TRUE,0.0,0.0,0.0,0.0,0.0,0.0,0.0,0.0,,Domergue 1990: 40,,,,,,,,,,,Hard rock,,,1,Confirmado,0,No,0,No,0,No,0,No,0,No,0,No,0,0,0,0,1.0,0.9,1.0,0.965,Alta Certeza (Grado I),,Granitoides de emplazamiento meso-catazonal,Granitoides de dos micas,PALEOZOICO,DEVONICO-CARBONIFERO-PERMICO,ROCAS PLUTONICAS HERCINICAS,147812.40689440654,4702813.597942244,26559.4,26559.4,0
1343,Valcavao,,Hispania Tarraconensis,Spain,León,Sierra del Teleno,,TE-09,,,,,42.329438,-6.417238,500.0,"Estimated from Sanchez-Palencia and Orejas 1994, fig. 17, IGN map, and Google Earth",,,,,,,TRUE,0.0,0.0,0.0,0.0,0.0,0.0,0.0,0.0,,"Sanchez-Palencia and Orejas 1994, 202",1.0,0.0,True,,,,,,,,,Secondary,Extensive,1,Confirmado,0,No,0,No,0,No,0,No,0,No,0,No,1,0,1,0,0.85,0.9,1.0,0.905,Alta Certeza (Grado I),,Cuarcitas; pizarras; areniscas; calizas y vulcanitas,"Pizarras, areniscas, cuarcitas y calizas o rocas vulcanoclásticas",PALEOZOICO,ORDOVICICO, ,218441.11385463102,4692011.991759633,38166.2,37397.2,0
1344,Valcomesa I,,Hispania Tarraconensis,Spain,León,Cuenca media del Sil,,MS-064,,,,,42.421567,-6.647761,500.0,"Guessed from Google Earth, IGN map, and Sanchez-Palencia and Orejas 1994, fig. 16",,,,,,,TRUE,0.0,0.0,0.0,0.0,0.0,0.0,0.0,0.0,,"Sanchez-Palencia and Orejas 1994, 196",1.0,0.0,True,,,,,,,,,Secondary,Selective,1,Confirmado,0,No,0,No,0,No,0,No,0,No,0,No,1,0,1,0,0.85,0.9,1.0,0.905,Alta Certeza (Grado I),,Cuarcitas; pizarras; areniscas; calizas y vulcanitas,"Ortocuarcitas, areniscas y pizarras",PALEOZOICO,ORDOVICICO, ,199884.76474116812,4703033.226937494,26366.3,26558.9,0
1345,Valcomesa II,,Hispania Tarraconensis,Spain,León,Cuenca media del Sil,,MS-063,,,,,42.412513,-6.657378,500.0,"Guessed from Google Earth, IGN map, and Sanchez-Palencia and Orejas 1994, fig. 16",,,,,,,TRUE,0.0,0.0,0.0,0.0,0.0,0.0,0.0,0.0,,"Sanchez-Palencia and Orejas 1994, 196",1.0,0.0,True,,,,,,,,,Secondary,Selective,1,Confirmado,0,No,0,No,0,No,0,No,0,No,0,No,1,0,1,0,0.85,0.9,1.0,0.905,Alta Certeza (Grado I),,Cuarcitas; pizarras; areniscas; calizas y vulcanitas,"Pizarras, areniscas, cuarcitas y calizas o rocas vulcanoclásticas",PALEOZOICO,ORDOVICICO, ,199050.08634765237,4702061.78841051,27360.6,27567.0,0
1346,Valcomesa III,,Hispania Tarraconensis,Spain,León,Cuenca media del Sil,,MS-062,,,,,42.416699,-6.646839,500.0,"Guessed from Google Earth, IGN map, and Sanchez-Palencia and Orejas 1994, fig. 16",,,,,,,TRUE,0.0,0.0,0.0,0.0,0.0,0.0,0.0,0.0,,"Sanchez-Palencia and Orejas 1994, 196",1.0,0.0,True,,,,,,,,,Secondary,Selective,1,Confirmado,0,No,0,No,0,No,0,No,0,No,0,No,1,0,1,0,0.85,0.9,1.0,0.905,Alta Certeza (Grado I),,Cuarcitas; pizarras; areniscas; calizas y vulcanitas,"Pizarras, areniscas, cuarcitas y calizas o rocas vulcanoclásticas",PALEOZOICO,ORDOVICICO, ,199937.38727828342,4702489.336919076,26909.5,27101.0,0
1347,Valcomesa IV,,Hispania Tarraconensis,Spain,León,Cuenca media del Sil,,MS-061,,,,,42.410552,-6.65309,500.0,"Guessed from Google Earth, IGN map, and Sanchez-Palencia and Orejas 1994, fig. 16",,,,,,,TRUE,0.0,0.0,0.0,0.0,0.0,0.0,0.0,0.0,,"Sanchez-Palencia and Orejas 1994, 196",1.0,0.0,True,,,,,,,,,Secondary,Selective,1,Confirmado,0,No,0,No,0,No,0,No,0,No,0,No,1,0,1,0,0.85,0.9,1.0,0.905,Alta Certeza (Grado I),,Cuarcitas; pizarras; areniscas; calizas y vulcanitas,"Pizarras, areniscas, cuarcitas y calizas o rocas vulcanoclásticas",PALEOZOICO,ORDOVICICO, ,199393.5930830771,4701828.800076164,27580.9,27781.4,0
1348,Valcouso I,,Hispania Tarraconensis,Spain,León,Cuenca media del Sil,,MS-069,,,,,42.41252,-6.662644,500.0,"Guessed from Google Earth, IGN map, and Sanchez-Palencia and Orejas 1994, fig. 16",,,,,,,TRUE,0.0,0.0,0.0,0.0,0.0,0.0,0.0,0.0,,"Sanchez-Palencia and Orejas 1994, 196",1.0,0.0,True,,,,,,,,,Secondary,Selective,1,Confirmado,0,No,0,No,0,No,0,No,0,No,0,No,1,0,1,0,0.85,0.9,1.0,0.905,Alta Certeza (Grado I),,Cuarcitas; pizarras; areniscas; calizas y vulcanitas,"Pizarras, areniscas, cuarcitas y calizas o rocas vulcanoclásticas",PALEOZOICO,ORDOVICICO, ,198616.74970803712,4702081.262825052,27363.0,27576.8,0
1349,Valcouso II,,Hispania Tarraconensis,Spain,León,Cuenca media del Sil,,MS-066,,,,,42.412096,-6.660329,500.0,"Guessed from Google Earth, IGN map, and Sanchez-Palencia and Orejas 1994, fig. 16",,,,,,,TRUE,0.0,0.0,0.0,0.0,0.0,0.0,0.0,0.0,,"Sanchez-Palencia and Orejas 1994, 196",1.0,0.0,True,,,,,,,,,Secondary,Selective,1,Confirmado,0,No,0,No,0,No,0,No,0,No,0,No,1,0,1,0,0.85,0.9,1.0,0.905,Alta Certeza (Grado I),,Cuarcitas; pizarras; areniscas; calizas y vulcanitas,"Pizarras, areniscas, cuarcitas y calizas o rocas vulcanoclásticas",PALEOZOICO,ORDOVICICO, ,198805.233004093,4702025.951662144,27407.9,27618.4,0
1350,Valdeconejos,,Hispania Tarraconensis,Spain,Zamorra,Trás-os-montes,,,ZA 2,339.0,404.2,794.2,41.72724956,-6.043106115,100.0,"Converted in QGIS from Lambert coords, Madrid 1870",,,,,,,FALSE,1.0,1.0,0.0,0.0,0.0,0.0,0.0,0.0,,Domergue 1990: 41,0.0,1.0,False,False,False,0.0,0.0,0.0,0.0,,Hard rock,,,0,No,1,Confirmado,0,No,1,Confirmado,0,No,0,No,0,No,0,1,0,0,1.0,0.9,1.0,0.965,Alta Certeza (Grado I),,Cuarcitas; pizarras; areniscas; calizas y vulcanitas,"Ortocuarcitas, areniscas y pizarras",PALEOZOICO,ORDOVICICO, ,246890.06369343778,4623969.826374652,105676.1,44175.4,0
1351,Valdecucrillos,,Hispania Tarraconensis,Spain,León,Cuenca media del Sil,,MS-076,,,,,42.420787,-6.693249,500.0,"Guessed from Google Earth and Sanchez-Palencia and Orejas 1994, fig. 16",,,,,,,TRUE,0.0,0.0,0.0,0.0,0.0,0.0,0.0,0.0,,"Sanchez-Palencia and Orejas 1994, 196",1.0,0.0,True,,,,,,,,,Secondary,Selective,1,Confirmado,0,No,0,No,0,No,0,No,0,No,0,No,1,0,1,0,0.85,0.9,1.0,0.905,Alta Certeza (Grado I),,Cuarcitas; pizarras; areniscas; calizas y vulcanitas,"Pizarras, areniscas, cuarcitas y calizas o rocas vulcanoclásticas",PALEOZOICO,ORDOVICICO, ,196138.0538659164,4703108.576646255,26603.6,26860.0,0
1352,Valdefrola,,Hispania Tarraconensis,Spain,León,Cuenca media del Sil,,MS-081,,,,,42.426872,-6.727729,500.0,"Guessed from Google Earth, IGN map, and Sanchez-Palencia and Orejas 1994, fig. 16",,,,,,,TRUE,0.0,0.0,0.0,0.0,0.0,0.0,0.0,0.0,,"Sanchez-Palencia and Orejas 1994, 196",1.0,0.0,True,,,,,,,,,Secondary,Extensive,1,Confirmado,0,No,0,No,0,No,0,No,0,No,0,No,1,0,1,0,0.85,0.9,1.0,0.905,Alta Certeza (Grado I),,Areniscas; pizarras y calizas,"Pizarras, esquistos, areniscas, calizas, ampelitas y liditas",PALEOZOICO,SILURICO-DEVONICO, ,193330.55467806332,4703908.485943955,26403.1,26705.8,0
1354,Valdeinfierno,,Hispania Tarraconensis,Spain,Ciudad Real,Alcudia,,,CR 2,809.0,530.5,467.0,38.79788627,-4.48872135,100.0,"Converted in QGIS from Lambert coords, Madrid 1870",,,,,,,FALSE,1.0,1.0,0.0,0.0,0.0,0.0,0.0,0.0,,Domergue 1990: 46,,,False,False,False,0.0,0.0,0.0,,,,,,0,No,1,Confirmado,0,No,1,Confirmado,0,No,0,No,0,No,0,0,0,0,1.0,0.9,1.0,0.965,Alta Certeza (Grado I),,Areniscas; pizarras y calizas,"Areniscas, pizarras, calizas, cuarcitas y rocas vulcanoclásticas",PALEOZOICO,DEVONICO-CARBONIFERO, ,370719.9059233606,4295400.689751416,1315.8,95.0,36
1355,Valdeinfierno,,Hispania Tarraconensis,Spain,Jaén,Linares - La Carolina,,,J 15,884.0,609.6,398.2,38.18033163,-3.57829937,100.0,"Converted in QGIS from Lambert coords, Madrid 1870",,,,,,,FALSE,1.0,1.0,0.0,0.0,0.0,0.0,0.0,0.0,,Domergue 1990: 45,0.0,1.0,False,False,False,0.0,0.0,0.0,0.0,,,,,0,No,1,Confirmado,0,No,1,Confirmado,0,No,0,No,0,No,0,1,0,0,1.0,0.9,1.0,0.965,Alta Certeza (Grado I),,Conglomerados; areniscas; pizarras; calizas y vulcanitas; Carbon,Pizarras y grauwacas; conglomerados y calizas,PALEOZOICO,DEVONICO-CARBONIFERO, ,449351.2386517657,4225981.498834225,1142.6,975.8,13
1356,Valdelperal,,Hispania Tarraconensis,Spain,León,Valduerna,,DU-01,,,,,42.411357,-6.410039,50.0,"Orejas 1996, 140 fig. 48, and Google Earth",,,,,,,TRUE,0.0,0.0,0.0,0.0,0.0,0.0,0.0,0.0,,"Sanchez-Palencia and Orejas 1994, 192; Orejas 1996, 140, 142",1.0,0.0,True,True,False,0.0,0.0,0.0,0.0,"Small hydraulic workings, associated with castro of Valdeperal, whose ditches are worked by hydraulic means, fed by a rock-cut channel.",,Secondary,Extensive,1,Confirmado,0,No,0,No,0,No,0,No,0,No,0,No,1,0,1,0,1.0,0.9,1.0,0.965,Alta Certeza (Grado I),,Cuarcitas; pizarras; areniscas; calizas y vulcanitas,"Pizarras, areniscas, cuarcitas y calizas o rocas vulcanoclásticas",PALEOZOICO,ORDOVICICO, ,219399.65916551847,4701085.621091176,29076.0,28284.1,0
1357,Valdesedilla I,,Hispania Tarraconensis,Spain,León,Cuenca media del Sil,,MS-075,,,,,42.41182,-6.691573,500.0,"Guessed from Google Earth and Sanchez-Palencia and Orejas 1994, fig. 16",,,,,,,TRUE,0.0,0.0,0.0,0.0,0.0,0.0,0.0,0.0,,"Sanchez-Palencia and Orejas 1994, 196",1.0,0.0,True,,,,,,,,,Secondary,Extensive,1,Confirmado,0,No,0,No,0,No,0,No,0,No,0,No,1,0,1,0,0.85,0.9,1.0,0.905,Alta Certeza (Grado I),,Cuarcitas; pizarras; areniscas; calizas y vulcanitas,Pizarras y areniscas,PALEOZOICO,ORDOVICICO, ,196232.62484518514,4702106.716472897,27580.2,27832.6,0
1358,Valdesedilla II,,Hispania Tarraconensis,Spain,León,Cuenca media del Sil,,MS-072,,,,,42.41482,-6.68393,500.0,"Guessed from Google Earth and Sanchez-Palencia and Orejas 1994, fig. 16",,,,,,,TRUE,0.0,0.0,0.0,0.0,0.0,0.0,0.0,0.0,,"Sanchez-Palencia and Orejas 1994, 196",1.0,0.0,True,,,,,,,,,Secondary,Selective,1,Confirmado,0,No,0,No,0,No,0,No,0,No,0,No,1,0,1,0,0.85,0.9,1.0,0.905,Alta Certeza (Grado I),,Cuarcitas; pizarras; areniscas; calizas y vulcanitas,Pizarras y areniscas,PALEOZOICO,ORDOVICICO, ,196876.0897354068,4702412.547069721,27191.0,27433.9,0
1359,Valdetallín - Alto Morueco - La Gándara,,Hispania Tarraconensis,Spain,León,Cuenca del Boeza,,BO-20,,,,,42.625082,-6.263232,1000.0,"Estimated from Sanchez-Palencia and Orejas 1994, fig. 14, IGN map, and Google Earth",,,,,,,TRUE,0.0,0.0,0.0,0.0,0.0,0.0,0.0,0.0,,"Sanchez-Palencia and Orejas 1994, 191",1.0,0.0,True,,,,,,,,,Secondary,Selective - Extensive,1,Confirmado,0,No,0,No,0,No,0,No,0,No,0,No,1,0,1,0,0.7,0.9,1.0,0.845,Alta Certeza (Grado I),,Conglomerados; areniscas; pizarras; calizas y vulcanitas; Carbon,"Conglomerados, areniscas, lutitas y carbón",PALEOZOICO,CARBONIFERO, ,232395.70493286726,4724345.731665941,7201.3,8307.0,0
1360,Valdevecios I,,Hispania Tarraconensis,Spain,León,Sierra del Teleno,,TE-14,,,,,42.31479,-6.37128,1000.0,"Guessed from Sanchez-Palencia and Orejas 1994, fig. 17, IGN map, and Google Earth","Spelled Valdevecios on the IGN map, and Valdevercios by Sanchez-Palencia and Orejas",,,,,,TRUE,0.0,0.0,0.0,0.0,0.0,0.0,0.0,0.0,,"Sanchez-Palencia and Orejas 1994, 202",1.0,0.0,True,,,,,,,,,Secondary,Selective - Extensive,1,Confirmado,0,No,0,No,0,No,0,No,0,No,0,No,1,0,1,0,0.7,0.9,1.0,0.845,Alta Certeza (Grado I),,Cuarcitas; pizarras; areniscas; calizas y vulcanitas,"Pizarras, areniscas, cuarcitas y calizas o rocas vulcanoclásticas",PALEOZOICO,ORDOVICICO, ,222163.657699875,4690234.030001178,39923.1,39126.5,0
1361,Valdevecios II,,Hispania Tarraconensis,Spain,León,Sierra del Teleno,,TE-15,,,,,42.300943,-6.372105,1000.0,"Guessed from Sanchez-Palencia and Orejas 1994, fig. 17, IGN map, and Google Earth","Spelled Valdevecios on the IGN map, and Valdevercios by Sanchez-Palencia and Orejas",,,,,,TRUE,0.0,0.0,0.0,0.0,0.0,0.0,0.0,0.0,,"Sanchez-Palencia and Orejas 1994, 202",1.0,0.0,True,,,,,,,,,Secondary,Extensive,1,Confirmado,0,No,0,No,0,No,0,No,0,No,0,No,1,0,1,0,0.7,0.9,1.0,0.845,Alta Certeza (Grado I),,Cuarcitas; pizarras; areniscas; calizas y vulcanitas,"Pizarras, areniscas, cuarcitas y calizas o rocas vulcanoclásticas",PALEOZOICO,ORDOVICICO, ,222034.66981026338,4688698.974524607,41455.6,40656.5,0
1362,Valdevila,,Hispania Tarraconensis,Spain,Orense,Cuenca media del Sil,,MS-017,,,,,42.41024,-6.880418,500.0,"Estimated from Google Earth, IGN map and Sanchez-Palencia and Orejas 1994, fig. 16",,,,,,,TRUE,0.0,0.0,0.0,0.0,0.0,0.0,0.0,0.0,,"Sanchez-Palencia and Orejas 1994, 195",1.0,0.0,True,,,,,,,,,Secondary,Extensive,1,Confirmado,0,No,0,No,0,No,0,No,0,No,0,No,1,0,1,0,0.85,0.9,1.0,0.905,Alta Certeza (Grado I),,Cuarcitas; pizarras; areniscas; calizas y vulcanitas,Pizarras y areniscas,PALEOZOICO,ORDOVICICO, ,180683.0554114987,4702624.893090055,27339.5,28294.2,0
1363,Valilongo,,Hispania Tarraconensis,Spain,León,Cuenca media del Sil,,MS-084,,,,,42.415773,-6.793456,500.0,"Guessed from Google Earth and Sanchez-Palencia and Orejas 1994, fig. 16",,,,,,,TRUE,0.0,0.0,0.0,0.0,0.0,0.0,0.0,0.0,,"Sanchez-Palencia and Orejas 1994, 196",1.0,0.0,True,,,,,,,,,Secondary,Extensive,1,Confirmado,0,No,0,No,0,No,0,No,0,No,0,No,1,0,1,0,0.85,0.9,1.0,0.905,Alta Certeza (Grado I),,Areniscas; pizarras y calizas,"Pizarras, esquistos, areniscas, calizas, ampelitas y liditas",PALEOZOICO,SILURICO-DEVONICO, ,187867.54224974278,4702915.649851231,27145.3,27951.6,0
1365,Valle Canales,,Hispania Tarraconensis,Spain,León,Cuenca Alta del Orbigo,,AO-14,,,,,42.723848,-5.935249,200.0,"Estimated from Sanchez-Palencia and Orejas 1994, fig. 15 and Google Earth",,,,,,,TRUE,0.0,0.0,0.0,0.0,0.0,0.0,0.0,0.0,,"Sanchez-Palencia and Orejas 1994, 188",1.0,0.0,True,,,,,,,,,Secondary,Selective,1,Confirmado,0,No,0,No,0,No,0,No,0,No,0,No,1,0,1,0,0.85,0.9,1.0,0.905,Alta Certeza (Grado I),,Cuarcitas; pizarras; areniscas; calizas y vulcanitas,"Areniscas, pizarras, cuarcitas o calizas y conglomerados",PALEOZOICO,CAMBRICO-ORDOVICICO, ,259675.54700147675,4734327.794878358,1232.1,12473.3,13
1366,La Cruz de Hierro / Valle Cuevo - La Cabuercona,,Hispania Tarraconensis,Spain,León,Cuencas del Turienzo y Jerega,,TJ-01,LE 34,192.0,379.5,877.5,42.469503,-6.373253,100.0,"Estimated from Sanchez-Palencia and Orejas 1994, fig. 17, IGN map, and Google Earth",,,,,,,TRUE,0.0,0.0,0.0,0.0,0.0,0.0,0.0,0.0,,"Domergue 1990: 43; Sanchez-Palencia and Orejas 1994, 202",1.0,0.0,True,,,0.0,0.0,0.0,0.0,,Quartz veins with gold-bearing arsenopyrites,Primary,Extensive,1,Confirmado,0,No,0,No,0,No,0,No,0,No,0,No,1,0,1,0,1.0,1.0,1.0,1.0,Alta Certeza (Grado I),,Cuarcitas; pizarras; areniscas; calizas y vulcanitas,"Areniscas, pizarras, cuarcitas o calizas y conglomerados",PALEOZOICO,CAMBRICO-ORDOVICICO, ,222683.8225463148,4707422.008543433,22764.6,21996.7,0
1367,Valle de las Forcadas,,Hispania Tarraconensis,Spain,León,Cuenca Alta del Orbigo,,AO-23,,,,,42.68365,-5.920964,0.0,"Estimated from Sanchez-Palencia and Orejas 1994, fig. 15, and features on Google Earth",,,,,,,TRUE,0.0,0.0,0.0,0.0,0.0,0.0,0.0,0.0,,"Sanchez-Palencia and Orejas 1994, 189",1.0,0.0,True,False,True,0.0,0.0,0.0,0.0,,,Secondary,Extensive,1,Confirmado,0,No,0,No,0,No,0,No,0,No,0,No,1,0,1,0,1.0,0.9,1.0,0.965,Alta Certeza (Grado I),,Conglomerados; areniscas; arcillas; calizas y evaporitas; Vulcanitas basicas,"Conglomerados, areniscas, arcillas, calizas y/o yesos",CENOZOICO,NEOGENO-CUATERNARIO, ,260690.7333640295,4729823.043302189,2077.6,17063.4,14
1368,Valle de los Ganados,,Hispania Tarraconensis,Spain,Oviedo,Cuenca del Navia,,NV-74,,,,,43.343283,-6.700014,300.0,Google Earth and IGN map.,,,,,,,TRUE,0.0,0.0,0.0,0.0,0.0,0.0,0.0,0.0,,"Sanchez-Palencia and Orejas 1994, 200",1.0,0.0,True,True,False,0.0,0.0,0.0,0.0,,,Secondary,Selective,1,Confirmado,0,No,0,No,0,No,0,No,0,No,0,No,1,0,1,0,0.85,0.9,1.0,0.905,Alta Certeza (Grado I),,Cuarcitas; pizarras; areniscas; calizas y vulcanitas,"Pizarras, areniscas, cuarcitas y calizas o rocas vulcanoclásticas",PALEOZOICO,ORDOVICICO, ,200089.99216241622,4805588.311181894,11237.4,10103.6,0
1369,Valle de Valdeluengo,,Hispania Tarraconensis,Spain,León,Cuenca Alta del Orbigo,,AO-22,,,,,42.689483,-5.939732,1000.0,"Estimated from Sanchez-Palencia and Orejas 1994, fig. 15 and Google Earth",,,,,,,TRUE,0.0,0.0,0.0,0.0,0.0,0.0,0.0,0.0,,"Sanchez-Palencia and Orejas 1994, 189",1.0,0.0,True,,,,,,,,,Secondary,Extensive,1,Confirmado,0,No,0,No,0,No,0,No,0,No,0,No,1,0,1,0,0.7,0.9,1.0,0.845,Alta Certeza (Grado I),,Cuarcitas; pizarras; areniscas; calizas y vulcanitas,"Areniscas, pizarras, cuarcitas o calizas y conglomerados",PALEOZOICO,CAMBRICO-ORDOVICICO, ,259175.5486613931,4730524.1875147205,1213.0,16235.9,13
1370,Valle Gordo,,Hispania Tarraconensis,Spain,León,Cuenca Alta del Orbigo,,AO-29,,,,,42.780307,-5.733243,1000.0,"Estimated from Sanchez-Palencia and Orejas 1994, fig. 15, and features on Google Earth",,,,,,,TRUE,0.0,0.0,0.0,0.0,0.0,0.0,0.0,0.0,,"Sanchez-Palencia and Orejas 1994, 189",1.0,0.0,True,,,,,,,,,Secondary,Extensive,1,Confirmado,0,No,0,No,0,No,0,No,0,No,0,No,1,0,1,0,0.7,0.9,1.0,0.845,Alta Certeza (Grado I),,Areniscas; pizarras y calizas,"Pizarras, esquistos, areniscas, calizas, ampelitas y liditas",PALEOZOICO,SILURICO-DEVONICO, ,276419.0966137664,4740042.190248319,10815.1,836.8,0
1371,Valle Rabón / Mina del Couto / Salientes II,,Hispania Tarraconensis,Spain,León,Cuenca Alta del Sil,,AS-02,LE 21,101.0,384.4,922.7,42.878973,-6.324726,100.0,"Converted in QGIS from Lambert coords, Madrid 1870; adjusted with reference to http://www.milmadreñasrojas.es/esp/06/06_03.html",,,,,,,TRUE,0.0,0.0,0.0,0.0,0.0,0.0,0.0,0.0,"Fed by aqueduct channel. Matias mentions 7 reservoir tanks, and an anvil stone with 4 stamp depressions.","Domergue 1990: 42; Sanchez-Palencia and Orejas 1994, 189; Matías Rodríguez 2013",1.0,0.0,True,,,,,,,,Hard rock,Primary,Extensive,1,Confirmado,0,No,0,No,0,No,0,No,0,No,0,No,1,0,1,0,1.0,1.0,1.0,1.0,Alta Certeza (Grado I),,Cuarcitas; pizarras; areniscas; calizas y vulcanitas,"Pizarras, grauwacas o arcosas, conglomerados y calizas",PROTEROZOICO-PALEOZOICO,VENDIENSE-CAMBRICO, ,228464.30276322004,4752739.014066856,8405.6,12129.2,0
1373,Vallegordo I,,Hispania Tarraconensis,Spain,León,Cuenca Alta del Orbigo,,AO-08,,,,,42.783425,-6.131616,500.0,"Estimated from Sanchez-Palencia and Orejas 1994, fig. 15, IGN map placename, and Google Earth",,,,,,,TRUE,0.0,0.0,0.0,0.0,0.0,0.0,0.0,0.0,,"Sanchez-Palencia and Orejas 1994, 188",1.0,0.0,True,,,,,,,,,Secondary,Selective,1,Confirmado,0,No,0,No,0,No,0,No,0,No,0,No,1,0,1,0,0.85,0.9,1.0,0.905,Alta Certeza (Grado I),,Cuarcitas; pizarras; areniscas; calizas y vulcanitas,"Pizarras, grauwacas o arcosas, conglomerados y calizas",PROTEROZOICO-PALEOZOICO,VENDIENSE-CAMBRICO, ,243842.42751648815,4741522.320934154,4309.5,7804.2,5
1374,Vallegordo II,,Hispania Tarraconensis,Spain,León,Cuenca Alta del Orbigo,,AO-07,,,,,42.787068,-6.145248,500.0,"Estimated from Sanchez-Palencia and Orejas 1994, fig. 15, IGN map placename, and Google Earth",,,,,,,TRUE,0.0,0.0,0.0,0.0,0.0,0.0,0.0,0.0,,"Sanchez-Palencia and Orejas 1994, 188",1.0,0.0,True,,,,,,,,,Secondary,Selective,1,Confirmado,0,No,0,No,0,No,0,No,0,No,0,No,1,0,1,0,0.85,0.9,1.0,0.905,Alta Certeza (Grado I),,Cuarcitas; pizarras; areniscas; calizas y vulcanitas,"Pizarras, grauwacas o arcosas, conglomerados y calizas",PROTEROZOICO-PALEOZOICO,VENDIENSE-CAMBRICO, ,242742.38090978886,4741968.433825086,4534.1,6929.5,4
1375,Vallegordo III,,Hispania Tarraconensis,Spain,León,Cuenca Alta del Orbigo,,AO-09,,,,,42.780269,-6.137186,100.0,"Estimated from Sanchez-Palencia and Orejas 1994, fig. 15, IGN map placename, and Google Earth",,,,,,,TRUE,0.0,0.0,0.0,0.0,0.0,0.0,0.0,0.0,,"Sanchez-Palencia and Orejas 1994, 188",1.0,0.0,True,,,,,,,,,Secondary,Selective,1,Confirmado,0,No,0,No,0,No,0,No,0,No,0,No,1,0,1,0,1.0,0.9,1.0,0.965,Alta Certeza (Grado I),,Cuarcitas; pizarras; areniscas; calizas y vulcanitas,"Areniscas, pizarras, cuarcitas o calizas y conglomerados",PALEOZOICO,CAMBRICO-ORDOVICICO, ,243373.73325996372,4741188.772371409,3857.1,7259.3,6
1376,Vallina de la Hierba,,Hispania Tarraconensis,Spain,Oviedo,Cuenca del Narcea,,NA-08,,,,,43.134684,-6.680217,1000.0,Guessed from Sanchez-Palencia and Orejas 1994 fig. 13 and Google Earth,,,,,,,TRUE,0.0,0.0,0.0,0.0,0.0,0.0,0.0,0.0,,"Sanchez-Palencia and Orejas 1994, 197",,,,,,,,,,,,Primary,Extensive,1,Confirmado,0,No,0,No,0,No,0,No,0,No,0,No,0,0,0,0,0.7,0.9,1.0,0.845,Alta Certeza (Grado I),,Cuarcitas; pizarras; areniscas; calizas y vulcanitas,"Areniscas, pizarras, cuarcitas o calizas y conglomerados",PALEOZOICO,CAMBRICO-ORDOVICICO, ,200673.93239650567,4782348.757381116,3732.7,4511.5,6
1377,Valquemado,,Hispania Baetica,Spain,Jaén,Montoro Andújar,,,J 1,883.0,556.4,403.7,38.22887108,-4.18623123,100.0,"Converted in QGIS from Lambert coords, Madrid 1870",,,,,,,FALSE,0.0,0.0,1.0,0.0,0.0,0.0,0.0,0.0,,Domergue 1990: 47,0.0,1.0,False,False,False,0.0,0.0,0.0,0.0,,Hard rock,,,0,No,0,No,1,Confirmado,0,No,0,No,0,No,0,No,0,1,0,0,1.0,0.9,1.0,0.965,Alta Certeza (Grado I),,Granitoides de emplazamiento epi-mesozonal,Granitoides de dos micas,PALEOZOICO,DEVONICO-CARBONIFERO-PERMICO,ROCAS PLUTONICAS HERCINICAS,396174.82438808435,4231874.369254563,906.6,5152.1,13
1378,Valsolomón - La Muria,,Hispania Tarraconensis,Spain,León,Cuenca Alta del Orbigo,,AO-25,,,,,42.792414,-5.694127,1000.0,"Estimated from Sanchez-Palencia and Orejas 1994, fig. 15, and features on Google Earth",,,,,,,TRUE,0.0,0.0,0.0,0.0,0.0,0.0,0.0,0.0,,"Sanchez-Palencia and Orejas 1994, 189",1.0,0.0,True,,,,,,,,,Secondary,Extensive,1,Confirmado,0,No,0,No,0,No,0,No,0,No,0,No,1,0,1,0,0.7,0.9,1.0,0.845,Alta Certeza (Grado I),,Conglomerados; gravas; arenas y limos,"Conglomerados, gravas, arenas, areniscas, limos y arcillas. Terrazas fluviales y marinas",CENOZOICO,CUATERNARIO, ,279661.9718402706,4741283.705839422,12091.1,531.8,0
1379,Valvonor - El Valle,,Hispania Tarraconensis,Spain,León,Cuenca Alta del Tuerto,,AT-19,,,,,42.514959,-6.187362,500.0,"Estimated from Sanchez-Palencia and Orejas 1994, fig. 15, IGN map, and Google Earth",,,,,,,TRUE,0.0,0.0,0.0,0.0,0.0,0.0,0.0,0.0,,"Sanchez-Palencia and Orejas 1994, 190",1.0,0.0,True,,,,,,,,,Secondary,Selective - Extensive,1,Confirmado,0,No,0,No,0,No,0,No,0,No,0,No,1,0,1,0,0.85,0.9,1.0,0.905,Alta Certeza (Grado I),,Conglomerados; gravas; arenas y limos,"Conglomerados, gravas, arenas, areniscas, limos y arcillas. Terrazas fluviales y marinas",CENOZOICO,CUATERNARIO, ,238157.3183163707,4711878.601557003,20467.0,22013.7,0
1380,Vaovellón I,,Hispania Tarraconensis,Spain,Oviedo,Cuenca del Porcia,,PO-05,,,,,43.437173,-6.867772,1000.0,Guessed from Sanchez Palencia and Orejas 1994: fig. 13.,,,,,,,TRUE,0.0,0.0,0.0,0.0,0.0,0.0,0.0,0.0,,"Sanchez-Palencia and Orejas 1994, 201",,,,,,,,,,,,Primary,Extensive,1,Confirmado,0,No,0,No,0,No,0,No,0,No,0,No,0,0,0,0,0.7,0.9,1.0,0.845,Alta Certeza (Grado I),,Cuarcitas; pizarras; areniscas; calizas y vulcanitas,"Pizarras, grauwacas o arcosas, conglomerados y calizas",PROTEROZOICO-PALEOZOICO,VENDIENSE-CAMBRICO, ,186975.28686776868,4816634.032982965,4859.9,4833.7,1
1381,Vaovellón II,,Hispania Tarraconensis,Spain,Oviedo,Cuenca del Porcia,,PO-04,,,,,43.42976,-6.868014,1000.0,Guessed from Sanchez Palencia and Orejas 1994: fig. 13.,,,,,,,TRUE,0.0,0.0,0.0,0.0,0.0,0.0,0.0,0.0,,"Sanchez-Palencia and Orejas 1994, 201",,,,,,,,,,,,Primary,Extensive,1,Confirmado,0,No,0,No,0,No,0,No,0,No,0,No,0,0,0,0,0.7,0.9,1.0,0.845,Alta Certeza (Grado I),,Cuarcitas; pizarras; areniscas; calizas y vulcanitas,"Areniscas, pizarras, cuarcitas o calizas y conglomerados",PALEOZOICO,CAMBRICO-ORDOVICICO, ,186917.42582641897,4815811.57588607,4765.5,5209.8,1
1382,Vaovellón III,,Hispania Tarraconensis,Spain,Oviedo,Cuenca del Porcia,,PO-03,,,,,43.429956,-6.872681,1000.0,Guessed from Sanchez Palencia and Orejas 1994: fig. 13.,,,,,,,TRUE,0.0,0.0,0.0,0.0,0.0,0.0,0.0,0.0,,"Sanchez-Palencia and Orejas 1994, 201",,,,,,,,,,,,Secondary - Primary,Selective - Extensive,1,Confirmado,0,No,0,No,0,No,0,No,0,No,0,No,0,0,0,0,0.7,0.9,1.0,0.845,Alta Certeza (Grado I),,Cuarcitas; pizarras; areniscas; calizas y vulcanitas,"Areniscas, pizarras, cuarcitas o calizas y conglomerados",PALEOZOICO,CAMBRICO-ORDOVICICO, ,186540.65349974897,4815850.916414253,4387.5,4871.6,1
1383,Vega de Boado,,Hispania Tarraconensis,Spain,León,Cuenca media del Sil,,MS-055,,,,,42.529108,-6.857014,500.0,"Estimated from Google Earth, IGN map and Sanchez-Palencia and Orejas 1994, fig. 16",,,,,,,TRUE,0.0,0.0,0.0,0.0,0.0,0.0,0.0,0.0,,"Sanchez-Palencia and Orejas 1994, 196",1.0,0.0,True,,,,,,,,,Secondary,Extensive,1,Confirmado,0,No,0,No,0,No,0,No,0,No,0,No,1,0,1,0,0.85,0.9,1.0,0.905,Alta Certeza (Grado I),,Areniscas; pizarras y calizas,"Pizarras, esquistos, areniscas, calizas, ampelitas y liditas",PALEOZOICO,SILURICO-DEVONICO, ,183210.1803144585,4715738.571384992,14269.5,15594.3,0
1384,Vega de la Mula,,Hispania Tarraconensis,Spain,Oviedo,Cuenca del Narcea,,NA-11,,,,,43.140756,-6.662806,1000.0,Guessed from Sanchez-Palencia and Orejas 1994 fig. 13 and Google Earth,,,,,,,TRUE,0.0,0.0,0.0,0.0,0.0,0.0,0.0,0.0,,"Sanchez-Palencia and Orejas 1994, 197",,,,,,,,,,,,Primary,Selective - Extensive,1,Confirmado,0,No,0,No,0,No,0,No,0,No,0,No,0,0,0,0,0.7,0.9,1.0,0.845,Alta Certeza (Grado I),,Cuarcitas; pizarras; areniscas; calizas y vulcanitas,"Areniscas, pizarras, cuarcitas o calizas y conglomerados",PALEOZOICO,CAMBRICO-ORDOVICICO, ,202119.68142523506,4782961.015620258,2182.9,5965.6,7
1385,Vega de Ouria,,Hispania Tarraconensis,Spain,Oviedo,Cuenca del Porcia,,PO-06,,,,,43.440778,-6.882559,1000.0,"Placename, Google Earth.",,,,,,,TRUE,0.0,0.0,0.0,0.0,0.0,0.0,0.0,0.0,,"Sanchez-Palencia and Orejas 1994, 201",,,,,,,,,,,,Primary,Extensive,1,Confirmado,0,No,0,No,0,No,0,No,0,No,0,No,0,0,0,0,0.7,0.9,1.0,0.845,Alta Certeza (Grado I),,Cuarcitas; pizarras; areniscas; calizas y vulcanitas,"Areniscas, pizarras, cuarcitas o calizas y conglomerados",PALEOZOICO,CAMBRICO-ORDOVICICO, ,185797.13669830648,4817090.185173764,3798.8,3580.2,13
1386,Vega Grande Ouria,,Hispania Tarraconensis,Spain,Oviedo,Cuenca del Porcia,,PO-02,,,,,43.428684,-6.879883,1000.0,Guessed from Sanchez Palencia and Orejas 1994: fig. 13.,,,,,,,TRUE,0.0,0.0,0.0,0.0,0.0,0.0,0.0,0.0,,"Sanchez-Palencia and Orejas 1994, 201",,,,,,,,,,,,Secondary - Primary,Selective - Extensive,1,Confirmado,0,No,0,No,0,No,0,No,0,No,0,No,0,0,0,0,0.7,0.9,1.0,0.845,Alta Certeza (Grado I),,Cuarcitas; pizarras; areniscas; calizas y vulcanitas,"Areniscas, pizarras, cuarcitas o calizas y conglomerados",PALEOZOICO,CAMBRICO-ORDOVICICO, ,185951.07876199618,4815736.790673697,3804.7,4461.7,5
1388,Vegas del Condado,,Hispania Tarraconensis,Spain,León,León,,,LE 53,130.0,463.5,899.5,42.68746016,-5.353686168,100.0,"Converted in QGIS from Lambert coords, Madrid 1870",,,,,,,TRUE,0.0,0.0,0.0,0.0,0.0,0.0,0.0,0.0,,Domergue 1990: 42,0.0,0.0,True,True,False,0.0,0.0,0.0,0.0,,Tertiary alluvium,,,1,Confirmado,0,No,0,No,0,No,0,No,0,No,0,No,1,0,0,0,1.0,0.9,1.0,0.965,Alta Certeza (Grado I),,Conglomerados; gravas; arenas y limos,"Gravas, arenas, arcillas y limos. Aluvial, playas, flechas litorales",CENOZOICO,CUATERNARIO, ,307180.970745696,4728794.708692044,18560.7,2993.2,0
1389,Veigadepope,,Hispania Tarraconensis,Spain,Oviedo,Cuenca del Narcea,,NA-04,,,,,43.134716,-6.580023,1000.0,"Estimated from Sanchez-Palencia and Orejas 1994, fig. 13, IGN map, and Google Earth",,,,,,,TRUE,0.0,0.0,0.0,0.0,0.0,0.0,0.0,0.0,,"Sanchez-Palencia and Orejas 1994, 197",1.0,0.0,True,,,,,,,,,Secondary,Selective - Extensive,1,Confirmado,0,No,0,No,0,No,0,No,0,No,0,No,1,0,1,0,0.7,0.9,1.0,0.845,Alta Certeza (Grado I),,Gneises; esquistos; marmoles y vulcanitas,"Pizarras, grauwacas, conglomerados o porfiroides",PROTEROZOICO, , ,208823.9518622976,4781998.795094495,687.0,4883.5,22
1390,Chamborros (Veneiro - Los Eiros),,Hispania Tarraconensis,Spain,León,Sierra del Teleno,,TE-11,,,,,42.3274,-6.393324,200.0,"Estimated from Sanchez-Palencia and Orejas 1994, fig. 17, IGN map, and Google Earth",Chamborros is the name on the IGN map,,,,,,TRUE,0.0,0.0,0.0,0.0,0.0,0.0,0.0,0.0,,"Sanchez-Palencia and Orejas 1994, 202",1.0,0.0,True,True,False,0.0,0.0,0.0,0.0,,,Secondary,Selective - Extensive,1,Confirmado,0,No,0,No,0,No,0,No,0,No,0,No,1,0,1,0,0.85,0.9,1.0,0.905,Alta Certeza (Grado I),,Cuarcitas; pizarras; areniscas; calizas y vulcanitas,"Pizarras, areniscas, cuarcitas y calizas o rocas vulcanoclásticas",PALEOZOICO,ORDOVICICO, ,220402.6576576291,4691706.704436259,38449.8,37631.2,0
1391,Venta Nueva,,Hispania Tarraconensis,Spain,Oviedo,Cuenca del Narcea,,NA-02,,,,,43.056568,-6.61855,500.0,"Estimated from Sanchez-Palencia and Orejas 1994, fig. 13, IGN map, and Google Earth",,,,,,,TRUE,0.0,0.0,0.0,0.0,0.0,0.0,0.0,0.0,,"Sanchez-Palencia and Orejas 1994, 197",1.0,0.0,True,,,,,,,,,Secondary,Extensive,1,Confirmado,0,No,0,No,0,No,0,No,0,No,0,No,1,0,1,0,0.85,0.9,1.0,0.905,Alta Certeza (Grado I),,Conglomerados; areniscas; pizarras; calizas y vulcanitas; Carbon,"Conglomerados, areniscas, lutitas y carbón",PALEOZOICO,CARBONIFERO, ,205315.12612532137,4773454.058336885,1189.9,1031.3,26
1392,Venta Quemada,,Hispania Tarraconensis,Spain,Jaén,Linares - La Carolina,,,J 18,884.0,608.5,414.5,38.32729724,-3.59065906,100.0,"Converted in QGIS from Lambert coords, Madrid 1870",,,,,,,FALSE,1.0,1.0,0.0,0.0,0.0,0.0,0.0,0.0,,Domergue 1990: 45,0.0,1.0,False,False,False,0.0,0.0,0.0,0.0,,Hard rock,Primary,,0,No,1,Confirmado,0,No,1,Confirmado,0,No,0,No,0,No,0,1,0,0,1.0,0.9,1.0,0.965,Alta Certeza (Grado I),,Cuarcitas; pizarras; areniscas; calizas y vulcanitas,"Pizarras, areniscas, cuarcitas y calizas o rocas vulcanoclásticas",PALEOZOICO,ORDOVICICO, ,448372.8275466825,4242295.375579919,7305.0,2291.5,0
1393,Venus,,Hispania Baetica,Spain,Badajoz,Azuaga-Fuenteovejuna,,,BA 16,878.0,432.3,400.0,38.18036786,-5.60335206,100.0,"Converted in QGIS from Lambert coords, Madrid 1870",,,,,,,FALSE,1.0,1.0,0.0,0.0,0.0,0.0,0.0,0.0,,Domergue 1990: 46,0.0,1.0,False,False,False,0.0,0.0,0.0,0.0,,Hard rock,Primary,,0,No,1,Confirmado,0,No,1,Confirmado,0,No,0,No,0,No,0,1,0,0,1.0,0.9,1.0,0.965,Alta Certeza (Grado I),,Gneises; esquistos; marmoles y vulcanitas,"Cuarcitas, gneises, esquistos, pizarras y grauwacas",PROTEROZOICO-PALEOZOICO,RIFEENSE-VENDIENSE-CAMBRICO, ,271974.91472818394,4229030.963630722,6794.5,9545.6,0
1394,Vicaria,,Hispania Baetica,Spain,Badajoz,Huelva,,,BA 31,897.0,367.0,383.0,38.01206989,-6.34302469,100.0,"Converted in QGIS from Lambert coords, Madrid 1870",,,,,,,FALSE,0.0,0.0,1.0,0.0,0.0,0.0,0.0,0.0,,Domergue 1990: 61,0.0,1.0,False,False,False,0.0,0.0,0.0,0.0,,Hard rock,Primary,,0,No,0,No,1,Confirmado,0,No,0,No,0,No,0,No,0,1,0,0,1.0,0.9,1.0,0.965,Alta Certeza (Grado I),,Cuarcitas; pizarras; areniscas; calizas y vulcanitas,Vulcanitas ácidas y rocas vulcanoclásticas,PROTEROZOICO,VENDIENSE, ,206498.89344822994,4212430.5588243995,579.4,351.4,28
1395,Vidrosa,,Hispania Tarraconensis,Spain,Oviedo,Cuenca del Porcia,,PO-08,,,,,43.493108,-6.803597,1000.0,"Placename, IGN map and Google Earth; cf. Sanchez Palencia and Orejas 1994: fig. 13.",,,,,,,TRUE,0.0,0.0,0.0,0.0,0.0,0.0,0.0,0.0,,"Sanchez-Palencia and Orejas 1994, 201",,,,,,,,,,,,Primary,Selective - Extensive,1,Confirmado,0,No,0,No,0,No,0,No,0,No,0,No,0,0,0,0,0.7,0.9,1.0,0.845,Alta Certeza (Grado I),,Cuarcitas; pizarras; areniscas; calizas y vulcanitas,"Areniscas, pizarras, cuarcitas o calizas y conglomerados",PALEOZOICO,CAMBRICO-ORDOVICICO, ,192453.6306828544,4822607.327443609,7952.7,3916.5,0
1396,Vieiros I,,Hispania Tarraconensis,Spain,León,Cuenca media del Sil,,MS-049,,,,,42.572755,-7.079755,2000.0,"Google Earth, placename",,,,,,,TRUE,0.0,0.0,0.0,0.0,0.0,0.0,0.0,0.0,,"Sanchez-Palencia and Orejas 1994, 196",,,,,,,,,,,,Primary,Extensive,1,Confirmado,0,No,0,No,0,No,0,No,0,No,0,No,0,0,0,0,0.5,0.9,1.0,0.765,Media Certeza (Grado II),,Cuarcitas; pizarras; areniscas; calizas y vulcanitas,"Pizarras, areniscas, cuarcitas y calizas o rocas vulcanoclásticas",PALEOZOICO,ORDOVICICO, ,165146.90685905743,4721444.193404261,7767.1,9119.9,0
1397,Vieiros II,,Hispania Tarraconensis,Spain,León,Cuenca media del Sil,,MS-048,,,,,42.572755,-7.079755,2000.0,"Google Earth, placename",,,,,,,TRUE,0.0,0.0,0.0,0.0,0.0,0.0,0.0,0.0,,"Sanchez-Palencia and Orejas 1994, 195",,,,,,,,,,,,Primary,Extensive,1,Confirmado,0,No,0,No,0,No,0,No,0,No,0,No,0,0,0,0,0.5,0.9,1.0,0.765,Media Certeza (Grado II),,Cuarcitas; pizarras; areniscas; calizas y vulcanitas,"Pizarras, areniscas, cuarcitas y calizas o rocas vulcanoclásticas",PALEOZOICO,ORDOVICICO, ,165146.90685905743,4721444.193404261,7767.1,9119.9,0
1399,Vilarantón,,Hispania Tarraconensis,Spain,Lugo,Cuenca Alta del Miño,,AN-13,,,,,42.967585,-6.984041,1000.0,Google Earth,,,,,,,TRUE,0.0,0.0,0.0,0.0,0.0,0.0,0.0,0.0,,"Sanchez-Palencia and Orejas 1994, 188",1.0,0.0,True,,,,,,,,,Secondary,Selective,1,Confirmado,0,No,0,No,0,No,0,No,0,No,0,No,1,0,1,0,0.7,0.9,1.0,0.845,Alta Certeza (Grado I),,Cuarcitas; pizarras; areniscas; calizas y vulcanitas,"Areniscas, pizarras, cuarcitas o calizas y conglomerados",PALEOZOICO,CAMBRICO-ORDOVICICO, ,175077.85156930058,4764921.283646068,1638.4,2881.6,34
1400,Villagutiérrez,,Hispania Tarraconensis,Spain,Ciudad Real,Alcudia,,,CR 3,783.0,536.5,472.0,38.84343458,-4.42006548,100.0,"Converted in QGIS from Lambert coords, Madrid 1870",,,,,,,FALSE,1.0,1.0,0.0,0.0,0.0,0.0,0.0,0.0,,Domergue 1990: 46,,,False,False,False,0.0,0.0,0.0,,,,,,0,No,1,Confirmado,0,No,1,Confirmado,0,No,0,No,0,No,0,0,0,0,1.0,0.9,1.0,0.965,Alta Certeza (Grado I),,Gneises; esquistos; marmoles y vulcanitas,"Pizarras, grauwacas, conglomerados o porfiroides",PROTEROZOICO, , ,376760.7841934884,4300360.563862899,2474.2,4897.7,12
1401,Villaiz,,Hispania Tarraconensis,Spain,Lugo,Cuenca Alta del Miño,,AN-04,,,,,42.908301,-7.081878,1000.0,Google Earth,,,,,,,TRUE,0.0,0.0,0.0,0.0,0.0,0.0,0.0,0.0,,"Sanchez-Palencia and Orejas 1994, 188",1.0,0.0,True,,,,,,,,,Secondary,Selective - Extensive,1,Confirmado,0,No,0,No,0,No,0,No,0,No,0,No,1,0,1,0,0.7,0.9,1.0,0.845,Alta Certeza (Grado I),,Cuarcitas; pizarras; areniscas; calizas y vulcanitas,"Areniscas, pizarras, cuarcitas o calizas y conglomerados",PALEOZOICO,CAMBRICO-ORDOVICICO, ,166777.6162965921,4758720.24409854,1410.4,952.9,21
1402,Villamejil,,Hispania Tarraconensis,Spain,León,Cuenca Alta del Tuerto,,AT-25,,,,,42.562331,-6.016481,500.0,"Estimated from Sanchez-Palencia and Orejas 1994, fig. 15, and Google Earth",,,,,,,TRUE,0.0,0.0,0.0,0.0,0.0,0.0,0.0,0.0,,"Sanchez-Palencia and Orejas 1994, 190",1.0,0.0,True,,,,,,,,,Secondary,Extensive,1,Confirmado,0,No,0,No,0,No,0,No,0,No,0,No,1,0,1,0,0.85,0.9,1.0,0.905,Alta Certeza (Grado I),,Conglomerados; gravas; arenas y limos,"Conglomerados, gravas, arenas, areniscas, limos y arcillas. Terrazas fluviales y marinas",CENOZOICO,CUATERNARIO, ,252383.83978025426,4716625.251076866,12873.4,25983.5,0
1404,Villar de Frades,,Hispania Tarraconensis,Spain,Lugo,Cuenca Alta del Miño,,AN-01,,,,,42.88452,-7.145092,500.0,Google Earth,,,,,,,TRUE,0.0,0.0,0.0,0.0,0.0,0.0,0.0,0.0,,"Sanchez-Palencia and Orejas 1994, 188",,,,,,,,,,,,Primary,Selective - Extensive,1,Confirmado,0,No,0,No,0,No,0,No,0,No,0,No,0,0,0,0,0.85,0.9,1.0,0.905,Alta Certeza (Grado I),,Cuarcitas; pizarras; areniscas; calizas y vulcanitas,"Areniscas, pizarras, cuarcitas o calizas y conglomerados",PALEOZOICO,CAMBRICO-ORDOVICICO, ,161486.2158342771,4756331.648192425,1864.0,431.6,25
1405,Villar del Monte: La Mata,,Hispania Tarraconensis,Spain,León,Cuenca del Eria,,ER-09,LE 43.6,230.0,382.4,851.7,42.23952955,-6.325642464,100.0,"Converted in QGIS from Lambert coords, Madrid 1870",need to add detail from Domergue for LE 43.4-5,,,,,,TRUE,0.0,0.0,0.0,0.0,0.0,0.0,0.0,0.0,,"Domergue 1990: 43; Sanchez-Palencia and Orejas 1994, 193",1.0,0.0,True,False,True,0.0,0.0,0.0,0.0,,Colluvial deposits and river terrace,Secondary,Selective,1,Confirmado,0,No,0,No,0,No,0,No,0,No,0,No,1,0,1,0,1.0,1.0,1.0,1.0,Alta Certeza (Grado I),,Cuarcitas; pizarras; areniscas; calizas y vulcanitas,"Ortocuarcitas, areniscas y pizarras",PALEOZOICO,ORDOVICICO, ,225598.45721383236,4681728.030520484,48504.8,47851.3,0
1406,Villar del Monte: San Justo / La Corona,,Hispania Tarraconensis,Spain,León,Cuenca del Eria,,ER-06,LE 43.3,230.0,379.5,851.8,42.23965186,-6.36081109,100.0,"Converted in QGIS from Lambert coords, Madrid 1870",,,,,,,TRUE,0.0,0.0,0.0,0.0,0.0,0.0,0.0,0.0,,"Domergue 1990: 43; Sanchez-Palencia and Orejas 1994, 193",1.0,0.0,True,False,True,0.0,1.0,0.0,0.0,Probable traces of rake/comb workings on Google Earth (poor quality image).,Colluvial deposits and river terrace,Secondary,Selective,1,Confirmado,0,No,0,No,0,No,0,No,0,No,0,No,1,0,1,0,1.0,1.0,1.0,1.0,Alta Certeza (Grado I),,Cuarcitas; pizarras; areniscas; calizas y vulcanitas,"Pizarras, areniscas, cuarcitas y calizas o rocas vulcanoclásticas",PALEOZOICO,ORDOVICICO, ,222696.87860761624,4681855.578691989,48311.8,47519.2,0
1407,Villar del Monte: Truchas / Cogolla,,Hispania Tarraconensis,Spain,León,Cuenca del Eria,,ER-03,LE 43.1,230.0,374.0,853.7,42.255197,-6.43174,0.0,"Converted in QGIS from Lambert coords, Madrid 1870",need to add detail from Domergue for LE 43.2,,,,,,TRUE,0.0,0.0,0.0,0.0,0.0,0.0,0.0,0.0,,"Domergue 1990: 43; Sanchez-Palencia and Orejas 1994, 193; Fernández-Lozano et al. 2015",1.0,0.0,True,False,True,0.0,0.0,0.0,0.0,Domergue's Truchas is assumed to be the same as Sanchez Palencia & Orejas's Cogolla (Cogolla is a small hill 600 m south of Truchas),Colluvial deposits and river terrace,Secondary,Selective,1,Confirmado,0,No,0,No,0,No,0,No,0,No,0,No,1,0,1,0,1.0,1.0,1.0,1.0,Alta Certeza (Grado I),,Cuarcitas; pizarras; areniscas; calizas y vulcanitas,"Pizarras, areniscas, cuarcitas y calizas o rocas vulcanoclásticas",PALEOZOICO,ORDOVICICO, ,216913.408328299,4683815.418244519,46422.6,45684.5,0
1408,Villarcebollín,,Hispania Tarraconensis,Spain,Oviedo,Cuenca del Navia,,NV-10,,,,,43.023638,-6.845831,1000.0,"Google Earth, placename",,,,,,,TRUE,0.0,0.0,0.0,0.0,0.0,0.0,0.0,0.0,,"Sanchez-Palencia and Orejas 1994, 199",,,,,,,,,,,,Primary,Extensive,1,Confirmado,0,No,0,No,0,No,0,No,0,No,0,No,0,0,0,0,0.7,0.9,1.0,0.845,Alta Certeza (Grado I),,Cuarcitas; pizarras; areniscas; calizas y vulcanitas,Pizarras y areniscas,PALEOZOICO,ORDOVICICO, ,186636.3259904972,4770621.031869809,1960.8,1722.0,29
1409,Villardecás,,Hispania Tarraconensis,Spain,Orense,Cuenca media del Miño,,MM-15,,,,,42.245763,-7.588989,500.0,"Google Earth, placename",,,,,,,TRUE,0.0,0.0,0.0,0.0,0.0,0.0,0.0,0.0,,"Sanchez-Palencia and Orejas 1994, 194",1.0,0.0,True,,,,,,,,,Secondary,Selective - Extensive,1,Confirmado,0,No,0,No,0,No,0,No,0,No,0,No,1,0,1,0,0.85,0.9,1.0,0.905,Alta Certeza (Grado I),,Conglomerados; gravas; arenas y limos,"Conglomerados, gravas, arenas, areniscas, limos y arcillas. Terrazas fluviales y marinas",CENOZOICO,CUATERNARIO, ,121377.41800994083,4687269.041841248,42382.3,42382.3,0
1410,Villarino,,Hispania Tarraconensis,Spain,León,Cuenca Alta del Sil,,,LE 22,101.0,382.6,926.4,42.91185895,-6.350256915,100.0,"Converted in QGIS from Lambert coords, Madrid 1870",,,,,,,TRUE,0.0,0.0,0.0,0.0,0.0,0.0,0.0,0.0,,Domergue 1990: 42,,,,,,,,,,,Hard rock,,,1,Confirmado,0,No,0,No,0,No,0,No,0,No,0,No,0,0,0,0,1.0,0.9,1.0,0.965,Alta Certeza (Grado I),,Gneises; esquistos; marmoles y vulcanitas,"Pizarras, grauwacas, conglomerados o porfiroides",PROTEROZOICO, , ,226524.50548265647,4756474.090373881,8599.7,7957.9,0
1411,Villarubín,,Hispania Tarraconensis,Spain,León,Cuenca media del Sil,,MS-050,,,,,42.575839,-7.03065,100.0,"Google Earth, placename, and IGN map",,,,,,,TRUE,0.0,0.0,0.0,0.0,0.0,0.0,0.0,0.0,,"Sanchez-Palencia and Orejas 1994, 196",1.0,0.0,True,,,,,,,,,Secondary,Selective,1,Confirmado,0,No,0,No,0,No,0,No,0,No,0,No,1,0,1,0,1.0,0.9,1.0,0.965,Alta Certeza (Grado I),,Cuarcitas; pizarras; areniscas; calizas y vulcanitas,"Areniscas, pizarras, cuarcitas o calizas y conglomerados",PALEOZOICO,CAMBRICO-ORDOVICICO, ,169194.18510159268,4721593.37746463,8939.7,10770.1,0
1412,Villasonte,,Hispania Tarraconensis,Spain,Oviedo,Cuenca del Navia,,NV-43,,,,,43.19056,-6.764656,1000.0,"Placename, Google Earth.",,,,,,,TRUE,0.0,0.0,0.0,0.0,0.0,0.0,0.0,0.0,,"Sanchez-Palencia and Orejas 1994, 200",1.0,0.0,True,,,,,,,,,Secondary,Extensive,1,Confirmado,0,No,0,No,0,No,0,No,0,No,0,No,1,0,1,0,0.7,0.9,1.0,0.845,Alta Certeza (Grado I),,Cuarcitas; pizarras; areniscas; calizas y vulcanitas,"Pizarras, areniscas, cuarcitas y calizas o rocas vulcanoclásticas",PALEOZOICO,ORDOVICICO, ,194084.8911472186,4788860.266728239,5941.4,5468.8,0
1413,Villaverde,,Hispania Tarraconensis,Spain,Oviedo,Cuenca del Narcea,,NA-49,,,,,43.315988,-6.270986,1000.0,"Estimated from Sanchez-Palencia and Orejas 1994, fig. 13, IGN map, and Google Earth",,,,,,,TRUE,0.0,0.0,0.0,0.0,0.0,0.0,0.0,0.0,,"Sanchez-Palencia and Orejas 1994, 198",,,,,,,,,,,,Primary,Extensive,1,Confirmado,0,No,0,No,0,No,0,No,0,No,0,No,0,0,0,0,0.7,0.9,1.0,0.845,Alta Certeza (Grado I),,Cuarcitas; pizarras; areniscas; calizas y vulcanitas,"Areniscas, pizarras, cuarcitas o calizas y conglomerados",PALEOZOICO,CAMBRICO-ORDOVICICO, ,234748.95023372892,4801102.849154402,7599.9,6965.7,0
1414,Villavilleiro I,,Hispania Tarraconensis,Spain,Oviedo,Cuenca del Navia,,NV-33,,,,,43.161779,-6.896421,1000.0,https://vivirasturias.com/la-prida-del-castro,,,,,,,TRUE,0.0,0.0,0.0,0.0,0.0,0.0,0.0,0.0,Hydraulic mine apparently re-using ditches of the Castro de Pelou (Sanchez-Palencia quoted as saying that the castro owes its existence to the mines and that its ditches were excavated by hydraulic means; which must be wrong: ditches re-used as hushing reservoirs.,"Sanchez-Palencia and Orejas 1994, 200",1.0,0.0,True,True,False,0.0,0.0,0.0,0.0,,,Primary,Extensive,1,Confirmado,0,No,0,No,0,No,0,No,0,No,0,No,1,0,1,0,0.7,0.9,1.0,0.845,Alta Certeza (Grado I),,Cuarcitas; pizarras; areniscas; calizas y vulcanitas,Pizarras y areniscas,PALEOZOICO,ORDOVICICO, ,183227.6838013715,4786154.330632232,364.2,1859.1,24
1415,Villavilleiro II,,Hispania Tarraconensis,Spain,Oviedo,Cuenca del Navia,,NV-32,,,,,43.169452,-6.896323,1000.0,"Sanchez-Palencia and Orejas 1994, fig. 13, and relative relationship to Villavilleiro I.",,,,,,,TRUE,0.0,0.0,0.0,0.0,0.0,0.0,0.0,0.0,,"Sanchez-Palencia and Orejas 1994, 200",1.0,0.0,True,True,False,0.0,0.0,0.0,0.0,,,Primary,Extensive,1,Confirmado,0,No,0,No,0,No,0,No,0,No,0,No,1,0,1,0,0.7,0.9,1.0,0.845,Alta Certeza (Grado I),,Cuarcitas; pizarras; areniscas; calizas y vulcanitas,Pizarras y areniscas,PALEOZOICO,ORDOVICICO, ,183275.36062633095,4787006.185380645,363.8,1982.4,24
1416,Vuelta Falsa,,Hispania Baetica,Spain,Huelva,Huelva,,,H 38,936.0,269.9,351.95,37.7009372,-7.43352605,100.0,"Converted in QGIS from Lambert coords, Madrid 1870",,,,,,,FALSE,0.0,0.0,1.0,0.0,0.0,0.0,0.0,0.0,,Domergue 1990: 62,,,False,False,False,0.0,0.0,0.0,,,Pyrite,Primary,,0,No,0,No,1,Confirmado,0,No,0,No,0,No,0,No,0,0,0,0,1.0,0.9,1.0,0.965,Alta Certeza (Grado I),,Areniscas; pizarras y calizas,"Areniscas, pizarras, calizas, cuarcitas y rocas vulcanoclásticas",PALEOZOICO,DEVONICO-CARBONIFERO, ,109073.74653233873,4181894.176935741,1189.7,219.0,14
1417,Vulcano (Huelva),,Hispania Baetica,Spain,Huelva,Huelva,,,H 13,959.0,297.5,337.4,37.57990684,-7.11433356,100.0,"Converted in QGIS from Lambert coords, Madrid 1870",,,,,,,FALSE,0.0,0.0,1.0,0.0,0.0,0.0,0.0,0.0,,Domergue 1990: 62,0.0,1.0,False,False,False,0.0,0.0,0.0,0.0,,Pyrite,Primary,,0,No,0,No,1,Confirmado,0,No,0,No,0,No,0,No,0,1,0,0,1.0,0.9,1.0,0.965,Alta Certeza (Grado I),,Conglomerados; areniscas; pizarras; calizas y vulcanitas; Carbon,Vulcanitas y rocas vulcanoclásticas,PALEOZOICO,CARBONIFERO, ,136641.01618770103,4167170.6908020624,19283.2,19792.5,0
1418,A Xisterna I,,Hispania Tarraconensis,Spain,León,Cuencas de Cúa y Burbia,,CB-17,,,,,42.710794,-6.738149,0.0,"Estimated from Sanchez-Palencia and Orejas 1994, fig. 14, and Google Earth, refined by site visit 26/09/2021.",,,,,,,TRUE,0.0,0.0,0.0,0.0,0.0,0.0,0.0,0.0,,"Sanchez-Palencia and Orejas 1994, 191",1.0,0.0,True,True,True,0.0,0.0,0.0,0.0,,,Secondary,Extensive,1,Confirmado,0,No,0,No,0,No,0,No,0,No,0,No,1,0,1,0,1.0,0.9,1.0,0.965,Alta Certeza (Grado I),,Cuarcitas; pizarras; areniscas; calizas y vulcanitas,"Pizarras, areniscas, cuarcitas y calizas o rocas vulcanoclásticas",PALEOZOICO,ORDOVICICO, ,193866.90287962212,4735478.649231943,767.6,1381.1,52
1420,Zardaín,,Hispania Tarraconensis,Spain,Oviedo,Cuenca del Esba o Canero,,ES-02,,,,,43.392984,-6.553396,500.0,Guessed from Google Earth,,,,,,,TRUE,0.0,0.0,0.0,0.0,0.0,0.0,0.0,0.0,,"Sanchez-Palencia and Orejas 1994, 193",1.0,0.0,True,,,,,,,,,Secondary,Extensive,1,Confirmado,0,No,0,No,0,No,0,No,0,No,0,No,1,0,1,0,0.85,0.9,1.0,0.905,Alta Certeza (Grado I),,Cuarcitas; pizarras; areniscas; calizas y vulcanitas,"Areniscas, pizarras, cuarcitas o calizas y conglomerados",PALEOZOICO,CAMBRICO-ORDOVICICO, ,212210.6288653775,4810591.436127694,2196.5,2222.7,16
1437,Munigua,,Hispania Baetica,Spain,,,,,,,,,37.71323,-5.740789,1000.0,Google Earth (site of ancient town),,,,,,4th c. BC to 2nd/3rd c. AD (?),FALSE,0.0,0.0,1.0,0.0,1.0,0.0,0.0,0.0,,"Thomas G. Schattner, various articles; http://www.haaretz.com/archaeology/1.774629",0.0,1.0,False,False,False,0.0,0.0,0.0,0.0,,,,,0,No,0,No,1,Confirmado,0,No,0,No,0,No,1,Confirmado,0,1,0,0,0.7,0.75,1.0,0.7925,Media Certeza (Grado II),,Granitoides de emplazamiento epi-mesozonal,Granitoides de dos micas,PALEOZOICO,DEVONICO-CARBONIFERO-PERMICO,ROCAS PLUTONICAS HERCINICAS,258408.62225998665,4177534.2778244703,2115.9,1061.9,9
1447,El Corón de San Pedro,,Hispania Tarraconensis,Spain,León,Cuenca del Boeza,,BO-06,,,,,42.7182,-6.393549,0.0,"From Sanchez-Palencia and Orejas 1994, fig. 14, IGN map, and Google Earth, refined by site visit 23/09/2021.",From Google Earth,-19.0,230.0,50.0,250.0,Roman,TRUE,0.0,0.0,0.0,0.0,0.0,0.0,0.0,0.0,Castro immediately adjacent to mine.,"Alvarez González 1993; Sanchez-Palencia and Orejas 1994, 190",1.0,0.0,True,,True,0.0,0.0,0.0,0.0,,Alluvial deposits,Secondary,Extensive,1,Confirmado,0,No,0,No,0,No,0,No,0,No,0,No,1,0,1,0,1.0,0.9,1.0,0.965,Alta Certeza (Grado I),,Conglomerados; gravas; arenas y limos,"Conglomerados, gravas, arenas, areniscas, limos y arcillas. Terrazas fluviales y marinas",CENOZOICO,CUATERNARIO, ,222123.56120759674,4735108.152632966,988.6,944.6,8
1449,Morredero,,Hispania Tarraconensis,Spain,León,Sierra del Teleno,,,,,,,42.407902,-6.514921,0.0,Google Earth/site visit,Immediately to west of ski-lift station,-19.0,230.0,50.0,250.0,Roman,TRUE,0.0,0.0,0.0,0.0,0.0,0.0,0.0,0.0,Hydraulic mining,http://www.diariodeleon.es/noticias/cultura/hallan-mina-oro-romana-morredero_1186378.html,1.0,0.0,True,True,False,0.0,0.0,0.0,0.0,"Newly discovered mine identified by Roberto Matias, August 2017",Alluvial deposits,Secondary,,1,Confirmado,0,No,0,No,0,No,0,No,0,No,0,No,1,0,1,0,1.0,0.75,1.0,0.9125,Alta Certeza (Grado I),,Cuarcitas; pizarras; areniscas; calizas y vulcanitas,Pizarras y areniscas,PALEOZOICO,ORDOVICICO, ,210752.41340654064,4701054.151662528,30237.5,28508.0,0
1504,Ruiseñada,,Hispania Tarraconensis,Spain,,,,,,,,,43.3639,-4.29054,2000.0,	dare.ht.lu.se/places/38316,,-30.0,-30.0,300.0,300.0,Roman,FALSE,0.0,1.0,0.0,0.0,0.0,0.0,0.0,0.0,,,,,False,False,False,0.0,0.0,0.0,0.0,,,,,0,No,0,No,0,No,1,Confirmado,0,No,0,No,0,No,0,0,0,0,0.5,0.4,1.0,0.59,Baja Certeza / Exploratoria (Grado III),,Calizas; dolomias y margas; Conglomerados y areniscas,"Conglomerados, areniscas, arenas y margas",MESOZOICO,JURASICO-CRETACICO, ,395432.5846836136,4802035.240132121,1138.4,372.1,25
1627,Navelgas Sur,,Hispania Tarraconensis,Spain,Oviedo,Cuenca del Esba o Canero,,ES-04,,,,,43.401996,-6.547813,500.0,"Converted in QGIS from Lambert coords, Madrid 1870",,,,,,,TRUE,0.0,0.0,0.0,0.0,0.0,0.0,0.0,0.0,,"Sanchez-Palencia and Orejas 1994, 193",,,,,,,,,,,,Primary,Extensive,1,Confirmado,0,No,0,No,0,No,0,No,0,No,0,No,0,0,0,0,0.85,0.9,1.0,0.905,Alta Certeza (Grado I),,Cuarcitas; pizarras; areniscas; calizas y vulcanitas,"Areniscas, pizarras, cuarcitas o calizas y conglomerados",PALEOZOICO,CAMBRICO-ORDOVICICO, ,212705.46688828163,4811573.1059159385,2164.6,2164.6,16
1628,Arroyo de Bouza,,Hispania Tarraconensis,Spain,León,Cuenca Alta del Tuerto,,,LE 58,160.0,,,42.56528,-6.150903,50.0,"Google Earth and Domergue 1988 vol. II, 343",,,,,,,TRUE,0.0,0.0,0.0,0.0,0.0,0.0,0.0,0.0,,"Domergue 1988, 343",1.0,0.0,True,False,False,0.0,1.0,0.0,0.0,,Colluvial deposits,Secondary,,1,Confirmado,0,No,0,No,0,No,0,No,0,No,0,No,1,0,1,0,1.0,0.9,1.0,0.965,Alta Certeza (Grado I),,Cuarcitas; pizarras; areniscas; calizas y vulcanitas,"Areniscas, pizarras, cuarcitas o calizas y conglomerados",PALEOZOICO,CAMBRICO-ORDOVICICO, ,241360.69618835673,4717354.869294851,15423.3,18563.5,0
1631,Três Minas - Corta de Ribeirinha,,Hispania Tarraconensis,Portugal,Vila Real,Trás-os-montes,,NP-09,POR 45,75.0,251.3,502.9,41.49378078,-7.518805876,0.0,Google Earth,,-20.0,150.0,170.0,230.0,,TRUE,0.0,0.0,0.0,0.0,0.0,0.0,0.0,0.0,"Work started shortly after conquest in the 1st century BC then lasted until the 3rd century AD. Corta de Ribeirinha, large opencast 370 m in length, 2.5 million m³ removed,  Traces of firesetting at the base. Underground galleries for ore extraction, and prospection. Peak extraction dates to first half of second century AD. Anvil stones from Roman water-powered ore-crushing machines have been found.","Domergue 1990: 41; Wahl 1993: 123-157; Sanchez-Palencia and Orejas 1994, 198",1.0,1.0,False,False,False,0.0,0.0,0.0,0.0,Ore-crushing anvils from machines,Hard rock,Primary,Extensive,1,Confirmado,0,No,0,No,0,No,0,No,0,No,0,No,0,1,1,0,1.0,1.0,1.0,1.0,Alta Certeza (Grado I),,Macizo Ibérico (Zona Ossa-Morena / Centroibérica),"Pizarras, esquistos y metavulcanitas hercínicas",PALEOZOICO,DEVONICO-CARBONIFERO,ZONA CENTROIBERICA / OSSA MORENA (LNEG),122763.62438287836,4603440.591155314,125886.0,126023.5,0
1632,Três Minas - Lagoinhos,,Hispania Tarraconensis,Portugal,Vila Real,Trás-os-montes,,NP-09,POR 45,75.0,251.3,502.9,41.49318,-7.514978,0.0,Google Earth,,-20.0,150.0,170.0,230.0,,TRUE,0.0,0.0,0.0,0.0,0.0,0.0,0.0,0.0,"A large underground exploitation chamber, whose roof has collapsed so that it now resembles an opencast. Further prospection galleries, shafts, and underground workings.","Domergue 1990: 41; Wahl 1993: 123-157; Sanchez-Palencia and Orejas 1994, 198",0.0,1.0,False,False,False,0.0,0.0,0.0,0.0,Ore-crushing anvils from machines,Hard rock,Primary,Extensive,1,Confirmado,0,No,0,No,0,No,0,No,0,No,0,No,0,1,0,0,1.0,1.0,1.0,1.0,Alta Certeza (Grado I),,Macizo Ibérico (Zona Ossa-Morena / Centroibérica),"Pizarras, esquistos y metavulcanitas hercínicas",PALEOZOICO,DEVONICO-CARBONIFERO,ZONA CENTROIBERICA / OSSA MORENA (LNEG),123079.77119923651,4603357.137821071,125954.2,126087.5,0
1633,Gralheira,,Hispania Tarraconensis,Portugal,Vila Real,Trás-os-montes,,,,,,,41.468756,-7.575301,,Google Earth,,-20.0,100.0,150.0,230.0,,TRUE,0.0,0.0,0.0,0.0,0.0,0.0,0.0,0.0,"Trench mining along a vein, for c. 3.5 km; splits into several trenches towards the west.",,1.0,0.0,False,False,False,0.0,0.0,0.0,0.0,,Hard rock,Primary,,1,Confirmado,0,No,0,No,0,No,0,No,0,No,0,No,0,0,1,0,0.5,0.4,1.0,0.59,Baja Certeza / Exploratoria (Grado III),,Macizo Ibérico (Zona Ossa-Morena / Centroibérica),"Pizarras, esquistos y metavulcanitas hercínicas",PALEOZOICO,DEVONICO-CARBONIFERO,ZONA CENTROIBERICA / OSSA MORENA (LNEG),117898.78797115036,4600909.850129979,128741.5,128802.8,0
1634,Forno dos Mouros,,Hispania Tarraconensis,Portugal,Vila Real,Trás-os-montes,,,,,,,41.471817,-7.56867,,Google Earth,,,,,,,TRUE,0.0,0.0,0.0,0.0,0.0,0.0,0.0,0.0,"Mining dumps and a large spread of slag from smelting, together with ore-crushing anvils, indicating an underground mine whose entrance remains obscured by vegetations.",,0.0,1.0,False,False,False,0.0,0.0,0.0,0.0,Ore-crushing anvils from machines,Hard rock,Primary,,1,Confirmado,0,No,0,No,0,No,0,No,0,No,0,No,0,1,0,0,0.5,0.4,1.0,0.59,Baja Certeza / Exploratoria (Grado III),,Macizo Ibérico (Zona Ossa-Morena / Centroibérica),"Pizarras, esquistos y metavulcanitas hercínicas",PALEOZOICO,DEVONICO-CARBONIFERO,ZONA CENTROIBERICA / OSSA MORENA (LNEG),118470.70360857702,4601220.4783376325,128383.9,128466.1,0
1635,Los Corralones,,Hispania Tarraconensis,Spain,León,,,,,,,,42.10977,-6.377308,0.0,Google Earth and ground visit.,,,,,,,TRUE,0.0,0.0,0.0,0.0,0.0,0.0,0.0,0.0,"Castro with double ditches, later worked by hydraulic means with additional channels, deepening of ditches, and opencast on eastern side.",,1.0,0.0,True,,,0.0,0.0,0.0,,,Alluvial deposits,Secondary,,1,Confirmado,0,No,0,No,0,No,0,No,0,No,0,No,1,0,1,0,1.0,0.4,1.0,0.79,Media Certeza (Grado II),,Granitoides de emplazamiento meso-catazonal,Granitoides peraluminicos (marco colisional),PROTEROZOICO, ,ROCAS PLUTONICAS PREHERCINICAS,220764.0684080827,4667485.879586543,62666.6,61850.2,0
1636,Portillo de Xandequín,,Hispania Tarraconensis,Spain,León,Sierra del Teleno,,TE-07,,,,,42.30098,-6.338022,0.0,IGN map and Google Earth,,,,,,,TRUE,0.0,0.0,0.0,0.0,0.0,0.0,0.0,0.0,,"Sanchez-Palencia and Orejas 1994, 201",1.0,0.0,True,True,False,0.0,0.0,0.0,0.0,,,Secondary,Selective - Extensive,1,Confirmado,0,No,0,No,0,No,0,No,0,No,0,No,1,0,1,0,1.0,0.9,1.0,0.965,Alta Certeza (Grado I),,Cuarcitas; pizarras; areniscas; calizas y vulcanitas,"Ortocuarcitas, areniscas y pizarras",PALEOZOICO,ORDOVICICO, ,224844.62415361544,4688592.221334817,41635.4,40946.2,0
1637,Peña Canales,,Hispania Tarraconensis,Spain,León,Sierra del Teleno,,TE-08,,,,,42.302075,-6.35066,0.0,Google Earth and ground visit,,,,,,,TRUE,0.0,0.0,0.0,0.0,0.0,0.0,0.0,0.0,,"Sanchez-Palencia and Orejas 1994, 202",1.0,0.0,True,True,False,0.0,0.0,0.0,0.0,,,Secondary,Selective - Extensive,1,Confirmado,0,No,0,No,0,No,0,No,0,No,0,No,1,0,1,0,1.0,0.9,1.0,0.965,Alta Certeza (Grado I),,Cuarcitas; pizarras; areniscas; calizas y vulcanitas,"Ortocuarcitas, areniscas y pizarras",PALEOZOICO,ORDOVICICO, ,223807.54429331305,4688754.800191233,41465.5,40694.1,0
1638,Arroyo de Xandellamas,,Hispania Tarraconensis,Spain,León,Sierra del Teleno,,TE-08,,,,,42.305767,-6.343668,300.0,"Estimated from Sanchez-Palencia and Orejas 1994, fig. 17, IGN map, and Google Earth",,,,,,,TRUE,0.0,0.0,0.0,0.0,0.0,0.0,0.0,0.0,,"Sanchez-Palencia and Orejas 1994, 202",1.0,0.0,True,True,False,0.0,0.0,0.0,0.0,,,Secondary,Selective - Extensive,1,Confirmado,0,No,0,No,0,No,0,No,0,No,0,No,1,0,1,0,0.85,0.9,1.0,0.905,Alta Certeza (Grado I),,Cuarcitas; pizarras; areniscas; calizas y vulcanitas,"Ortocuarcitas, areniscas y pizarras",PALEOZOICO,ORDOVICICO, ,224400.07494822284,4689142.117615955,41088.3,40356.7,0
1639,Pico de Valteleno,,Hispania Tarraconensis,Spain,León,Sierra del Teleno,,,,,,,42.297216,-6.334933,100.0,Google Earth and ground visit nearby,,,,,,,TRUE,0.0,0.0,0.0,0.0,0.0,0.0,0.0,0.0,,"Personal communication, Regula Wahl 2018",1.0,0.0,False,False,False,0.0,0.0,0.0,0.0,"Hard rock mine on peak, non-hydraulic opencast.",,Primary,Selective,1,Confirmado,0,No,0,No,0,No,0,No,0,No,0,No,0,0,1,0,1.0,0.75,1.0,0.9125,Alta Certeza (Grado I),,Cuarcitas; pizarras; areniscas; calizas y vulcanitas,"Ortocuarcitas, areniscas y pizarras",PALEOZOICO,ORDOVICICO, ,225082.88708238793,4688164.227528932,42063.8,41396.2,0
1764,Las Llameras,,Hispania Tarraconensis,Spain,León,Cuenca del Boeza,,,,,,,42.70395,-6.363748,0.0,"Site visit 23/09/2021. Name taken from nearest toponym on IGN 1:25,000 map.",,,,,,,TRUE,0.0,0.0,0.0,0.0,0.0,0.0,0.0,0.0,,,1.0,0.0,True,False,True,0.0,0.0,0.0,0.0,,,Secondary,Extensive,1,Confirmado,0,No,0,No,0,No,0,No,0,No,0,No,1,0,1,0,1.0,0.4,1.0,0.79,Media Certeza (Grado II),,Conglomerados; areniscas; arcillas; calizas y evaporitas; Vulcanitas basicas,"Calizas arrecifales, calcarenitas y conglomerados. Arcillas con olistolitos",CENOZOICO,NEOGENO, ,224500.91044748173,4733427.832611013,1024.5,230.6,9
1767,Fuente Encalada,,Hispania Tarraconensis,Spain,León,Cuencas de Cúa y Burbia,,,LE 56,158.0,345.0,888.4,42.558406,-6.795227,100.0,Google Earth,1.5 km SW of Otero,,,,,,TRUE,0.0,0.0,0.0,0.0,0.0,0.0,0.0,0.0,,Domergue 1990: 44,1.0,0.0,True,,,0.0,,,0.0,,Terrace,Secondary,Extensive,1,Confirmado,0,No,0,No,0,No,0,No,0,No,0,No,1,0,1,0,1.0,0.9,1.0,0.965,Alta Certeza (Grado I),,Cuarcitas; pizarras; areniscas; calizas y vulcanitas,"Pizarras, grauwacas o arcosas, conglomerados y calizas",PROTEROZOICO-PALEOZOICO,VENDIENSE-CAMBRICO, ,188431.55675943953,4718762.97499685,11673.8,12116.2,0
1768,Sorbrera,,Hispania Tarraconensis,Spain,León,,,,,,,,42.71811525,-6.442887381,10.0,https://servicios.jcyl.es/pweb/datosGIS.do?tipo=Yacimiento&numero=102391,"N of Robledo de las Traviesas, on left bank of the Arroyo de Sorbrera.",,,,,Roman,TRUE,0.0,0.0,0.0,0.0,0.0,0.0,0.0,0.0,"Alluvial hydraulic gold mining site; there were three large zanja-channels in the NE part of the zone, uniting to form a large zanja in the central part, with the stone dumps towards the Arroyo de Velasco in the SW. Now destroyed by modern quarrying.",https://servicios.jcyl.es/pweb/datosGIS.do?tipo=Yacimiento&numero=102391,1.0,0.0,True,,True,0.0,,0.0,0.0,,,Secondary,,1,Confirmado,0,No,0,No,0,No,0,No,0,No,0,No,1,0,1,0,1.0,0.75,1.0,0.9125,Alta Certeza (Grado I),,Conglomerados; areniscas; arcillas; calizas y evaporitas; Vulcanitas basicas,"Calizas arrecifales, calcarenitas y conglomerados. Arcillas con olistolitos",CENOZOICO,NEOGENO, ,218082.77786265034,4735262.460327467,1123.3,402.5,14
1769,Castro de Rivas,,Hispania Tarraconensis,Spain,León,,,,,,,,42.68561071,-6.371449279,10.0,https://servicios.jcyl.es/pweb/datosYacimiento.do?numero=102437,,,,,,,TRUE,0.0,0.0,0.0,0.0,0.0,0.0,0.0,0.0,"Hydraulic mining with channels, reusing ditch of Castro de Rivas",,1.0,0.0,True,,True,0.0,0.0,0.0,0.0,,,Secondary,,1,Confirmado,0,No,0,No,0,No,0,No,0,No,0,No,1,0,1,0,1.0,0.4,1.0,0.79,Media Certeza (Grado II),,Conglomerados; areniscas; arcillas; calizas y evaporitas; Vulcanitas basicas,"Calizas arrecifales, calcarenitas y conglomerados. Arcillas con olistolitos",CENOZOICO,NEOGENO, ,223788.73642715707,4731416.281967941,1618.2,119.8,10
1770,La Salina,,Hispania Tarraconensis,Spain,León,,,,,,,,42.68597057,-6.36460443,10.0,"https://servicios.jcyl.es/pweb/datosYacimiento.do?numero=102413_x000D_
",,,,,,,TRUE,0.0,0.0,0.0,0.0,0.0,0.0,0.0,0.0,"Hydraulic mining with channels, reusing ditches of castro of La Salina.",,1.0,0.0,True,,True,0.0,0.0,0.0,0.0,,,Secondary,,1,Confirmado,0,No,0,No,0,No,0,No,0,No,0,No,1,0,1,0,1.0,0.4,1.0,0.79,Media Certeza (Grado II),,Conglomerados; areniscas; arcillas; calizas y evaporitas; Vulcanitas basicas,"Calizas arrecifales, calcarenitas y conglomerados. Arcillas con olistolitos",CENOZOICO,NEOGENO, ,224351.15709564224,4731433.870359029,1319.8,359.8,8
1771,Zufreiral,,Hispania Tarraconensis,Spain,León,,,,,,,,42.70385923,-6.447879387,10.0,https://servicios.jcyl.es/pweb/datosYacimiento.do?numero=102402,https://vici.org/vici/84014/,,,,,,TRUE,0.0,0.0,0.0,0.0,0.0,0.0,0.0,0.0,"Hydraulic mining; four fan-shaped channels, roughly S-N, uniting to form a long single channel discharging into the Arroyo de Paradilla",https://servicios.jcyl.es/pweb/datosYacimiento.do?numero=102402,1.0,0.0,True,,True,0.0,0.0,0.0,0.0,,,Secondary,,1,Confirmado,0,No,0,No,0,No,0,No,0,No,0,No,1,0,1,0,1.0,0.75,1.0,0.9125,Alta Certeza (Grado I),,Conglomerados; areniscas; arcillas; calizas y evaporitas; Vulcanitas basicas,"Calizas arrecifales, calcarenitas y conglomerados. Arcillas con olistolitos",CENOZOICO,NEOGENO, ,217609.2689815524,4733695.898826188,1360.2,213.3,21
1772,La Poza del Castro,,Hispania Tarraconensis,Spain,León,,,,,,,,42.85106255,-6.20349361,10.0,https://servicios.jcyl.es/pweb/datosYacimiento.do?numero=102130,"Between Murias de Pedredo and Montrondo, to W of Castro de Murias / El Cubichón",,,,,,TRUE,0.0,0.0,0.0,0.0,0.0,0.0,0.0,0.0,,https://servicios.jcyl.es/pweb/datosYacimiento.do?numero=102130,1.0,0.0,True,,True,0.0,0.0,0.0,0.0,,,Secondary,,1,Confirmado,0,No,0,No,0,No,0,No,0,No,0,No,1,0,1,0,1.0,0.75,1.0,0.9125,Alta Certeza (Grado I),,Gneises; esquistos; marmoles y vulcanitas,"Pizarras, grauwacas, conglomerados o porfiroides",PROTEROZOICO, , ,238248.31324568958,4749255.042417216,7003.9,4231.3,0
1775,La Corona de Matachana,,Hispania Tarraconensis,Spain,León,Cuenca del Boeza,,,,,,,42.59900419,-6.42438552,100.0,https://servicios.jcyl.es/pweb/datosYacimiento.do?numero=97339,,,,,,Roman,TRUE,0.0,0.0,0.0,0.0,0.0,0.0,0.0,0.0,"The Catálogo de bienes protegidos for Castilla y Leon says that the ditches of the Corona were made with hydraulic power [this is clearly wrong, and there are ""murias"" (clearance piles of stones) from Roman mining operations.",https://servicios.jcyl.es/pweb/datosYacimiento.do?numero=97339,1.0,0.0,True,,True,0.0,,0.0,0.0,,,,,1,Confirmado,0,No,0,No,0,No,0,No,0,No,0,No,1,0,1,0,1.0,0.75,1.0,0.9125,Alta Certeza (Grado I),,Conglomerados; areniscas; arcillas; calizas y evaporitas; Vulcanitas basicas,"Calizas arrecifales, calcarenitas y conglomerados. Arcillas con olistolitos",CENOZOICO,NEOGENO, ,219061.547124376,4721972.543668436,8205.3,7561.1,0
1776,Las Ferreiruscas,,Hispania Tarraconensis,Spain,León,,,,,,,,42.4237,-6.81653,500.0,https://www.dices.net/espana/movil/mapa-Leon-Ferreiruscas-136182,In (or very near to) Puente de Domingo Flórez.,,,,,Roman,TRUE,0.0,0.0,0.0,0.0,0.0,0.0,0.0,0.0,Underground mine with a chamber covering about 30 m2 and three galleries leading off it. Waste dumps outside. Discovered in 2022.,https://astures.es/descubierta-una-nueva-mina-de-oro-romana-en-leon-las-ferreiruscas/,0.0,1.0,False,False,False,0.0,0.0,0.0,0.0,,,,,1,Confirmado,0,No,0,No,0,No,0,No,0,No,0,No,0,1,0,0,0.85,0.75,1.0,0.8525,Alta Certeza (Grado I),,Areniscas; pizarras y calizas,"Pizarras, esquistos, areniscas, calizas, ampelitas y liditas",PALEOZOICO,SILURICO-DEVONICO, ,186008.3337178044,4703881.1991191115,26043.4,27034.6,0
1777,Salas de la Ribera,,Hispania Tarraconensis,Spain,León,,,,,,,,42.432746,-6.80394886,1000.0,Guessed from description.,North of Puente de Domingo Flórez on the bank of the Sil.,,,,,Roman,TRUE,0.0,0.0,0.0,0.0,0.0,0.0,0.0,0.0,"Underground mine with several connected galleries, some up to 2 m in height. Discovered in 2023 (reported 14 August 2023). Alluvial mine in old river terrace so earth from the underground mine had to be taken out to be washed outside the mine.",https://astures.es/descubierta-una-nueva-mina-de-oro-romana-en-leon-las-ferreiruscas/,0.0,1.0,False,False,False,0.0,0.0,1.0,0.0,,,,,1,Confirmado,0,No,0,No,0,No,0,No,0,No,0,No,0,1,0,1,0.7,0.75,1.0,0.7925,Media Certeza (Grado II),,Areniscas; pizarras y calizas,"Pizarras, esquistos, areniscas, calizas, ampelitas y liditas",PALEOZOICO,SILURICO-DEVONICO, ,187088.60762938776,4704839.331270293,25155.2,26034.9,0
1778,La Cibrera,,Hispania Tarraconensis,Spain,León,Cuenca Alta del Tuerto,,,,,,,42.49213723,-6.1333211,10.0,Satellite imagery and site visit,On the south slope of the ridge immediately W of the motorway intersection W of Pradorrey.,,,,,,TRUE,0.0,0.0,0.0,0.0,0.0,0.0,0.0,0.0,"A series of small scale workings along the slope of the ridge to the W of the motorway intersection by Pradorrey. A channel comes from the W, and at least six small-scale ditches divert from it down the slope to the south. These look either like prospections, or were very small-scale mining operations. Probably the channel continued eastward to feed the mine at Pradorrey, but the intervening stretch has been destroyed by the motorway intersection.",,1.0,0.0,True,False,True,0.0,0.0,0.0,0.0,,Alluvial deposits,Secondary,,1,Confirmado,0,No,0,No,0,No,0,No,0,No,0,No,1,0,1,0,1.0,0.4,1.0,0.79,Media Certeza (Grado II),,Cuarcitas; pizarras; areniscas; calizas y vulcanitas,Pizarras y areniscas,PALEOZOICO,ORDOVICICO, ,242503.4480313732,4709178.503240163,23187.3,26344.3,0
1779,Devesa de Pradorrey,,Hispania Tarraconensis,Spain,León,Cuenca Alta del Tuerto,,,,,,,42.50314712,-6.15031566,10.0,Satellite imagery and site visit,"NW of Brazuelo, on the south side of the Arroyo del Bosque.",,,,,,TRUE,0.0,0.0,0.0,0.0,0.0,0.0,0.0,0.0,"Small hydraulic mine working; a channel coming from the S bifurcates around an oval area in the centre of the working (resembling a corona, but the ditches are too shallow), and converge again in two exit ditches towards the stream. The eastern side is also fed by another ditch from the SE.",,1.0,0.0,True,False,True,0.0,0.0,0.0,0.0,,Alluvial deposits,,,1,Confirmado,0,No,0,No,0,No,0,No,0,No,0,No,1,0,1,0,1.0,0.4,1.0,0.79,Media Certeza (Grado II),,Conglomerados; gravas; arenas y limos,"Conglomerados, gravas, arenas, areniscas, limos y arcillas. Terrazas fluviales y marinas",CENOZOICO,CUATERNARIO, ,241152.17177755138,4710452.976846839,22223.8,24580.3,0
1780,La Forcada,,Hispania Tarraconensis,Spain,León,,,,,,,,42.7752842,-5.89543723,10.0,Satellite imagery and https://servicios.jcyl.es/pweb/datosGIS.do?tipo=Yacimiento&numero=109842,,,,,,,TRUE,0.0,0.0,0.0,0.0,0.0,0.0,0.0,0.0,"Large hydraulic opencast associated with (and partly destroying) the castro of Los Castros - La Forcada. Apparently ground sluicing in the northern part and deeper workings, with hushing, to the south.",,1.0,0.0,True,True,True,0.0,0.0,0.0,,,,,,1,Confirmado,0,No,0,No,0,No,0,No,0,No,0,No,1,0,1,0,1.0,0.4,1.0,0.79,Media Certeza (Grado II),,Gneises; esquistos; marmoles y vulcanitas,"Pizarras, grauwacas, conglomerados o porfiroides",PROTEROZOICO, , ,263131.48748335324,4739927.395579838,7810.9,8238.1,0
