id,site_name,latitude,longitude,target_class,target_source,flag_Au,flag_Cu,flag_Ag,flag_Pb,Real_Elevation_MDT_m,Real_Slope_Deg,Real_TPI_1km,Real_TRI_Roughness,Real_IGME_Dist_Fault_m,Real_IGME_Dist_Contact_m,Real_IGME_Fault_Length_Density_5km,Coord_X,Coord_Y,Real_IGME_Lithology_General,Real_IGME_Era,Real_IGME_Dominio,dem_qa_status,igme_qa_status
MINE_0000,Aljustrel,37.880874,-8.175981,1,OxREP_v3_Roman_Exploitation,1,1,1,0,550.0,,,,79836.1,78621.7,0.0,44675.23319184652,4205245.661545674,Turbiditas calcareas,CENOZOICO,,OBSERVED_POINT_ONLY,OBSERVED_IGME_1M
MINE_0001,Atalaia de Alte,37.24315224,-8.187164537,1,OxREP_v3_Roman_Exploitation,0,1,0,0,300.0,,,,142512.1,141687.7,0.0,39771.04327943211,4134474.4109190875,Conglomerados; areniscas; calizas; yesos y arcillas versicolores,MESOZOICO,,OBSERVED_POINT_ONLY,OBSERVED_IGME_1M
MINE_0002,Avintes,41.099158,-8.544675,1,OxREP_v3_Roman_Exploitation,1,0,0,0,550.0,,,,186463.0,175933.0,0.0,34284.56997864728,4564602.787981567,Cuarcitas; pizarras; areniscas; calizas y vulcanitas,PROTEROZOICO-PALEOZOICO,,OBSERVED_POINT_ONLY,OBSERVED_IGME_1M
MINE_0003,Belmonte - Colmeal - Maçainhas,40.38963823,-7.340493633,1,OxREP_v3_Roman_Exploitation,0,0,0,0,497.0,,,,78034.4,76888.6,0.0,131554.21920597675,4480057.353227729,Granitoides de emplazamiento epi-mesozonal,PALEOZOICO,ROCAS PLUTONICAS HERCINICAS,OBSERVED_POINT_ONLY,OBSERVED_IGME_1M
MINE_0004,Brancanes,37.55756281,-8.016500588,1,OxREP_v3_Roman_Exploitation,0,1,0,0,550.0,,,,104447.0,103645.8,0.0,56785.29103229882,4168571.843903654,Conglomerados; areniscas; pizarras; calizas y vulcanitas; Carbon,PALEOZOICO,,OBSERVED_POINT_ONLY,OBSERVED_IGME_1M
MINE_0005,Buraco dos Mouros de Urros,41.07721,-7.040592,1,OxREP_v3_Roman_Exploitation,1,0,0,0,550.0,,,,156837.8,154945.4,0.0,160538.05665583606,4555200.181969162,Cuarcitas; pizarras; areniscas; calizas y vulcanitas,PROTEROZOICO-PALEOZOICO,,OBSERVED_POINT_ONLY,OBSERVED_IGME_1M
MINE_0006,Cabeço de Mua,41.19318578,-6.956601638,1,OxREP_v3_Roman_Exploitation,0,0,0,0,550.0,,,,170833.5,168816.8,0.0,168181.88233844162,4567754.882654462,Granitoides de emplazamiento meso-catazonal,PALEOZOICO,ROCAS PLUTONICAS HERCINICAS,OBSERVED_POINT_ONLY,OBSERVED_IGME_1M
MINE_0007,Carvalhelos,41.68652096,-7.739182189,1,OxREP_v3_Roman_Exploitation,0,0,0,0,869.0,,,,137340.5,137197.9,0.0,105539.34169691574,4625834.704956497,Granitoides de emplazamiento meso-catazonal,PALEOZOICO,ROCAS PLUTONICAS HERCINICAS,OBSERVED_POINT_ONLY,OBSERVED_IGME_1M
MINE_0008,Cerro da Mina,37.44799935,-7.755615659,1,OxREP_v3_Roman_Exploitation,0,1,0,0,299.0,,,,110874.3,110427.0,0.0,79232.66144533776,4155203.858930377,Conglomerados; areniscas; pizarras; calizas y vulcanitas; Carbon,PALEOZOICO,,OBSERVED_POINT_ONLY,OBSERVED_IGME_1M
MINE_0009,Cisterna dos Cães,37.19050854,-8.438280827,1,OxREP_v3_Roman_Exploitation,0,1,0,0,51.0,,,,157111.7,156124.6,0.0,17136.621876935125,4129882.0765051665,Conglomerados; areniscas; pizarras; calizas y vulcanitas; Carbon,PALEOZOICO,,OBSERVED_POINT_ONLY,OBSERVED_IGME_1M
MINE_0010,Corta da Torre,41.69245,-8.670924,1,OxREP_v3_Roman_Exploitation,1,0,0,0,296.0,,,,137506.6,137506.6,0.0,28003.549642255763,4631193.586418149,Granitoides de emplazamiento epi-mesozonal,PALEOZOICO,ROCAS PLUTONICAS HERCINICAS,OBSERVED_POINT_ONLY,OBSERVED_IGME_1M
MINE_0011,Corta do Penedo das Bruxas,41.737828,-7.573834,1,OxREP_v3_Roman_Exploitation,1,0,0,0,667.0,,,,133126.2,131971.6,0.0,119608.68929797091,4630787.364660125,Granitoides de emplazamiento meso-catazonal,PALEOZOICO,ROCAS PLUTONICAS HERCINICAS,OBSERVED_POINT_ONLY,OBSERVED_IGME_1M
MINE_0012,Covas de Mouros de Monte da Nó,41.708911,-8.59835,1,OxREP_v3_Roman_Exploitation,1,0,0,0,550.0,,,,134781.3,134781.3,0.0,34165.40951870009,4632625.597054143,Areniscas; pizarras y calizas,PALEOZOICO,,OBSERVED_POINT_ONLY,OBSERVED_IGME_1M
MINE_0013,Crugeira,38.11068367,-7.317816557,1,OxREP_v3_Roman_Exploitation,0,1,0,0,154.0,,,,35992.4,35623.1,0.0,121391.69521422149,4226909.848094804,Turbiditas calcareas,CENOZOICO,,OBSERVED_POINT_ONLY,OBSERVED_IGME_1M
MINE_0014,Ervedosa,41.7257388,-7.095970035,1,OxREP_v3_Roman_Exploitation,0,0,0,0,491.0,,,,135319.5,135627.3,0.0,159295.30419894133,4627438.779208347,Granitoides de emplazamiento meso-catazonal,PALEOZOICO,ROCAS PLUTONICAS HERCINICAS,OBSERVED_POINT_ONLY,OBSERVED_IGME_1M
MINE_0015,Escadia Grande,40.07804448,-8.11552781,1,OxREP_v3_Roman_Exploitation,1,0,1,0,550.0,,,,77817.7,59600.3,0.0,63737.78722712828,4448976.524939367,Gneises; esquistos; marmoles y vulcanitas,PROTEROZOICO,,OBSERVED_POINT_ONLY,OBSERVED_IGME_1M
MINE_0016,Folgadouro,41.7692345,-8.754909308,1,OxREP_v3_Roman_Exploitation,0,0,0,0,252.0,,,,130545.9,130545.9,0.0,21582.916287567,4640188.684979921,Areniscas; pizarras y calizas,PALEOZOICO,,OBSERVED_POINT_ONLY,OBSERVED_IGME_1M
MINE_0017,Forca,41.836843,-8.260849,1,OxREP_v3_Roman_Exploitation,1,0,0,0,407.0,,,,119798.8,119798.8,0.0,63129.60797171766,4645059.290305735,Granitoides de emplazamiento meso-catazonal,PALEOZOICO,ROCAS PLUTONICAS HERCINICAS,OBSERVED_POINT_ONLY,OBSERVED_IGME_1M
MINE_0018,França,41.9014042,-6.7373962,1,OxREP_v3_Roman_Exploitation,1,0,0,0,664.0,,,,117142.6,117589.5,0.0,189976.33430697862,4645587.333976032,Cuarcitas; pizarras; areniscas; calizas y vulcanitas,PALEOZOICO,,OBSERVED_POINT_ONLY,OBSERVED_IGME_1M
MINE_0019,Furados de Pombeiro,40.24195054,-8.110787612,1,OxREP_v3_Roman_Exploitation,1,0,0,0,550.0,,,,88923.2,74315.1,0.0,65192.29597995448,4467157.912694668,Gneises; esquistos; marmoles y vulcanitas,PROTEROZOICO,,OBSERVED_POINT_ONLY,OBSERVED_IGME_1M
MINE_0020,Grovelas,41.751727,-8.437788,1,OxREP_v3_Roman_Exploitation,1,0,0,0,283.0,,,,128919.6,128919.6,0.0,47831.66454775439,4636522.545930811,Granitoides de emplazamiento epi-mesozonal,PALEOZOICO,ROCAS PLUTONICAS HERCINICAS,OBSERVED_POINT_ONLY,OBSERVED_IGME_1M
MINE_0021,Herdade da Tinoca,39.07860132,-7.142712111,1,OxREP_v3_Roman_Exploitation,0,1,0,0,550.0,,,,3316.5,3591.8,0.0214,141607.8815647459,4333674.680550051,Gneises; esquistos; marmoles y vulcanitas,PROTEROZOICO,,OBSERVED_POINT_ONLY,OBSERVED_IGME_1M
MINE_0022,Herdade do Montinho,37.86304358,-8.160350225,1,OxREP_v3_Roman_Exploitation,0,1,0,0,179.0,,,,80544.6,79362.1,0.0,45941.38223749539,4203188.981248161,Conglomerados; areniscas; pizarras; calizas y vulcanitas; Carbon,PALEOZOICO,,OBSERVED_POINT_ONLY,OBSERVED_IGME_1M
MINE_0023,Jales,41.46531351,-7.587303241,1,OxREP_v3_Roman_Exploitation,1,0,1,0,840.0,,,,163039.7,162252.5,0.0,116875.85641644092,4600580.720877053,Granitoides de emplazamiento meso-catazonal,PALEOZOICO,ROCAS PLUTONICAS HERCINICAS,OBSERVED_POINT_ONLY,OBSERVED_IGME_1M
MINE_0024,Juliana,37.90716138,-8.045521077,1,OxREP_v3_Roman_Exploitation,0,1,0,0,141.0,,,,70683.5,69586.1,0.0,56317.36249050358,4207534.378139321,Rocas metamorficas,PROTEROZOICO-PALEOZOICO,UNIDADES ALOCTONAS DEL MACIZO HESPERICO,OBSERVED_POINT_ONLY,OBSERVED_IGME_1M
MINE_0025,Lagares,41.807087,-7.455047,1,OxREP_v3_Roman_Exploitation,1,0,0,0,550.0,,,,125787.6,124925.0,0.0,129889.37623222114,4637960.0370289525,Granitoides de emplazamiento meso-catazonal,PALEOZOICO,ROCAS PLUTONICAS HERCINICAS,OBSERVED_POINT_ONLY,OBSERVED_IGME_1M
MINE_0026,Macedinho,41.405245,-7.104955,1,OxREP_v3_Roman_Exploitation,1,0,0,0,550.0,,,,170842.9,171197.9,0.0,156852.99442428,4591882.079207157,Areniscas; pizarras y calizas,PALEOZOICO,,OBSERVED_POINT_ONLY,OBSERVED_IGME_1M
MINE_0027,Malhada,40.74143642,-8.400695101,1,OxREP_v3_Roman_Exploitation,0,0,1,1,186.0,,,,146911.2,134871.7,0.0,43922.21232720249,4524105.797759157,Gneises; esquistos; marmoles y vulcanitas,PROTEROZOICO,,OBSERVED_POINT_ONLY,OBSERVED_IGME_1M
MINE_0028,Meimoa,40.19973244,-7.123086066,1,OxREP_v3_Roman_Exploitation,1,0,0,0,529.0,,,,60442.0,57920.9,0.0,149031.16844700614,4458084.4998694,Gneises; esquistos; marmoles y vulcanitas,PROTEROZOICO,,OBSERVED_POINT_ONLY,OBSERVED_IGME_1M
MINE_0029,Milreu,39.61872097,-8.142422005,1,OxREP_v3_Roman_Exploitation,1,0,0,0,550.0,,,,55120.2,40837.2,0.0,58501.29554184625,4398093.190145055,Cuarcitas; pizarras; areniscas; calizas y vulcanitas,PALEOZOICO,,OBSERVED_POINT_ONLY,OBSERVED_IGME_1M
MINE_0030,Mina da Cabranca,41.012513,-8.361867,1,OxREP_v3_Roman_Exploitation,1,0,0,0,65.0,,,,170155.2,160940.9,0.0,49052.094183065754,4554014.48498904,Cuarcitas; pizarras; areniscas; calizas y vulcanitas,PROTEROZOICO-PALEOZOICO,,OBSERVED_POINT_ONLY,OBSERVED_IGME_1M
MINE_0031,Mina do Bugalho,38.68452182,-7.318251199,1,OxREP_v3_Roman_Exploitation,0,1,0,0,221.0,,,,552.1,603.9,0.1262,124341.85816079052,4290626.059102087,Cuarcitas; pizarras; areniscas; calizas y vulcanitas,PALEOZOICO,,OBSERVED_POINT_ONLY,OBSERVED_IGME_1M
MINE_0032,Mina do Portal,41.039901,-8.404394,1,OxREP_v3_Roman_Exploitation,1,0,0,0,550.0,,,,174604.9,165113.1,0.0,45662.91443634214,4557277.961216562,Cuarcitas; pizarras; areniscas; calizas y vulcanitas,PROTEROZOICO-PALEOZOICO,,OBSERVED_POINT_ONLY,OBSERVED_IGME_1M
MINE_0033,Minancos,38.16428271,-7.141500915,1,OxREP_v3_Roman_Exploitation,0,1,0,0,170.0,,,,32746.9,30595.5,0.0,137124.6404171181,4232154.639986312,Areniscas; pizarras y calizas,PALEOZOICO,,OBSERVED_POINT_ONLY,OBSERVED_IGME_1M
MINE_0034,Monfortinho 1,40.01267954,-6.874035303,1,OxREP_v3_Roman_Exploitation,1,0,0,0,550.0,,,,47005.2,48209.6,0.0,169330.60776436114,4436358.176485722,Cuarcitas; pizarras; areniscas; calizas y vulcanitas,PALEOZOICO,,OBSERVED_POINT_ONLY,OBSERVED_IGME_1M
MINE_0035,Monfortinho 2,40.01267954,-6.874035303,1,OxREP_v3_Roman_Exploitation,1,0,0,0,550.0,,,,47005.2,48209.6,0.0,169330.60776436114,4436358.176485722,Cuarcitas; pizarras; areniscas; calizas y vulcanitas,PALEOZOICO,,OBSERVED_POINT_ONLY,OBSERVED_IGME_1M
MINE_0036,Monfortinho 3 (Fonte Santa),39.99651051,-6.877844815,1,OxREP_v3_Roman_Exploitation,1,0,0,0,550.0,,,,45859.9,47052.7,0.0,168927.12657888484,4434577.020552364,Conglomerados; areniscas; arcillas; calizas y evaporitas; Vulcanitas basicas,CENOZOICO,,OBSERVED_POINT_ONLY,OBSERVED_IGME_1M
MINE_0037,Monte Judeu,38.04335366,-7.352737619,1,OxREP_v3_Roman_Exploitation,0,1,0,0,240.0,,,,43650.3,42941.8,0.0,117977.30086702813,4219577.490210949,Turbiditas calcareas,CENOZOICO,,OBSERVED_POINT_ONLY,OBSERVED_IGME_1M
MINE_0038,Nogueirinha,38.53331052,-8.128499598,1,OxREP_v3_Roman_Exploitation,0,0,0,0,339.0,,,,47211.2,43925.4,0.0,52877.225410944084,4277474.430896554,Gneises; esquistos; marmoles y vulcanitas,PROTEROZOICO,,OBSERVED_POINT_ONLY,OBSERVED_IGME_1M
MINE_0039,Outeiro Machado,41.750612,-7.515958,1,OxREP_v3_Roman_Exploitation,1,0,0,0,550.0,,,,132265.1,130763.4,0.0,124497.86179222574,4631952.417304267,Granitoides de emplazamiento meso-catazonal,PALEOZOICO,ROCAS PLUTONICAS HERCINICAS,OBSERVED_POINT_ONLY,OBSERVED_IGME_1M
MINE_0040,Paulinos,41.5488674,-8.493903507,1,OxREP_v3_Roman_Exploitation,0,0,0,0,130.0,,,,151696.4,151696.4,0.0,41723.47558308096,4614286.003918589,Areniscas; pizarras y calizas,PALEOZOICO,,OBSERVED_POINT_ONLY,OBSERVED_IGME_1M
MINE_0041,Picalto,37.26293846,-8.240163649,1,OxREP_v3_Roman_Exploitation,0,1,0,0,236.0,,,,142246.8,141371.6,0.0,35187.22267904837,4136931.793767972,Conglomerados; areniscas; calizas; yesos y arcillas versicolores,MESOZOICO,,OBSERVED_POINT_ONLY,OBSERVED_IGME_1M
MINE_0042,Pirâmide de Santa Justa,41.171439,-8.494012,1,OxREP_v3_Roman_Exploitation,1,0,0,0,366.0,,,,191043.0,181531.2,0.0,39049.72943967115,4572361.397330069,Cuarcitas; pizarras; areniscas; calizas y vulcanitas,PROTEROZOICO-PALEOZOICO,,OBSERVED_POINT_ONLY,OBSERVED_IGME_1M
MINE_0043,Poço das Freitas,41.73727222,-7.598234313,1,OxREP_v3_Roman_Exploitation,1,0,0,0,542.0,,,,132905.2,131995.7,0.0,117575.59226259001,4630834.028497595,Granitoides de emplazamiento meso-catazonal,PALEOZOICO,ROCAS PLUTONICAS HERCINICAS,OBSERVED_POINT_ONLY,OBSERVED_IGME_1M
MINE_0044,Batocas (Poço das Freitas),41.75528934,-7.600489841,1,OxREP_v3_Roman_Exploitation,1,0,0,0,556.0,,,,130894.0,129989.9,0.0,117495.17271520861,4632845.143528942,Granitoides de emplazamiento meso-catazonal,PALEOZOICO,ROCAS PLUTONICAS HERCINICAS,OBSERVED_POINT_ONLY,OBSERVED_IGME_1M
MINE_0045,Quarta Feira,40.35979926,-7.203108594,1,OxREP_v3_Roman_Exploitation,0,1,0,0,577.0,,,,75909.3,74060.7,0.0,143061.9240054643,4476179.231309585,Granitoides de emplazamiento epi-mesozonal,PALEOZOICO,ROCAS PLUTONICAS HERCINICAS,OBSERVED_POINT_ONLY,OBSERVED_IGME_1M
MINE_0046,Recarei,41.157252,-8.434914,1,OxREP_v3_Roman_Exploitation,1,0,0,0,176.0,,,,187182.2,178182.1,0.0,43911.37664591026,4570473.123287622,Cuarcitas; pizarras; areniscas; calizas y vulcanitas,PALEOZOICO,,OBSERVED_POINT_ONLY,OBSERVED_IGME_1M
MINE_0047,Río Miño 3: Rio Mouro,42.07670386,-8.405047143,1,OxREP_v3_Roman_Exploitation,1,0,0,0,44.0,,,,92688.1,92688.1,0.0,52836.746031969145,4672448.959439153,Conglomerados; gravas; arenas y limos,CENOZOICO,,OBSERVED_POINT_ONLY,OBSERVED_IGME_1M
MINE_0048,Río Miño 4: Monção,42.07456039,-8.523459902,1,OxREP_v3_Roman_Exploitation,1,0,0,0,15.0,,,,93616.9,93616.9,0.0,43021.90453456994,4672839.0477306815,Conglomerados; gravas; arenas y limos,CENOZOICO,,OBSERVED_POINT_ONLY,OBSERVED_IGME_1M
MINE_0049,Río Ponsul,39.80988767,-7.374041294,1,OxREP_v3_Roman_Exploitation,1,0,0,0,149.0,,,,13599.6,13499.1,0.0,125533.66576805548,4415818.127322464,Turbiditas calcareas,CENOZOICO,,OBSERVED_POINT_ONLY,OBSERVED_IGME_1M
MINE_0050,Ruy Gomes,38.11467547,-7.375926245,1,OxREP_v3_Roman_Exploitation,0,1,0,0,171.0,,,,36049.9,35051.1,0.0,116314.91730211861,4227592.222118505,Cuarcitas; pizarras; areniscas; calizas y vulcanitas,PALEOZOICO,,OBSERVED_POINT_ONLY,OBSERVED_IGME_1M
MINE_0051,San Domingos,37.66849754,-7.49041657,1,OxREP_v3_Roman_Exploitation,0,1,1,0,114.0,,,,86087.1,85416.7,0.0,103881.91492285277,4178531.823979372,Conglomerados; areniscas; pizarras; calizas y vulcanitas; Carbon,PALEOZOICO,,OBSERVED_POINT_ONLY,OBSERVED_IGME_1M
MINE_0052,Santo Estevão,37.2194949,-8.371923707,1,OxREP_v3_Roman_Exploitation,0,1,0,0,67.0,,,,151550.2,150595.4,0.0,23216.202322039695,4132764.304871941,Conglomerados; areniscas; calizas; yesos y arcillas versicolores,MESOZOICO,,OBSERVED_POINT_ONLY,OBSERVED_IGME_1M
MINE_0053,Seixo,41.19008,-7.26548,1,OxREP_v3_Roman_Exploitation,1,0,0,0,659.0,,,,167209.0,165871.8,0.0,142254.88789297553,4568636.483408719,Granitoides de emplazamiento meso-catazonal,PALEOZOICO,ROCAS PLUTONICAS HERCINICAS,OBSERVED_POINT_ONLY,OBSERVED_IGME_1M
MINE_0054,Serra de Arga,41.806046,-8.713685,1,OxREP_v3_Roman_Exploitation,1,0,0,0,650.0,,,,125782.5,125782.5,0.0,25283.901054030925,4644048.610485761,Granitoides de emplazamiento meso-catazonal,PALEOZOICO,ROCAS PLUTONICAS HERCINICAS,OBSERVED_POINT_ONLY,OBSERVED_IGME_1M
MINE_0055,Serra de Banjas / Mias das Banjas,41.09264776,-8.387838816,1,OxREP_v3_Roman_Exploitation,1,0,0,0,218.0,,,,178973.6,170040.8,0.0,47418.259721254115,4563050.614123151,Cuarcitas; pizarras; areniscas; calizas y vulcanitas,PROTEROZOICO-PALEOZOICO,,OBSERVED_POINT_ONLY,OBSERVED_IGME_1M
MINE_0056,Serra de Caveira,38.11740938,-8.50711216,1,OxREP_v3_Roman_Exploitation,0,1,0,0,173.0,,,,86972.8,85398.0,0.0,17084.13900556037,4233192.778375262,Conglomerados; areniscas; pizarras; calizas y vulcanitas; Carbon,PALEOZOICO,,OBSERVED_POINT_ONLY,OBSERVED_IGME_1M
MINE_0057,Serra de Queiriga,40.78431492,-7.742175823,1,OxREP_v3_Roman_Exploitation,0,0,0,0,616.0,,,,126157.8,124552.1,0.0,99810.90737148165,4525645.749768593,Cuarcitas; pizarras; areniscas; calizas y vulcanitas,PALEOZOICO,,OBSERVED_POINT_ONLY,OBSERVED_IGME_1M
MINE_0058,Serra de Santa Justa / Fojo das Pombas,41.18239405,-8.497837306,1,OxREP_v3_Roman_Exploitation,1,0,0,0,264.0,,,,192256.1,182779.5,0.0,38805.77023868088,4573598.632571525,Cuarcitas; pizarras; areniscas; calizas y vulcanitas,PROTEROZOICO-PALEOZOICO,,OBSERVED_POINT_ONLY,OBSERVED_IGME_1M
MINE_0059,Tagus 1: Mouriscas,39.46560039,-8.098241904,1,OxREP_v3_Roman_Exploitation,1,0,0,0,96.0,,,,42461.4,41053.7,0.0,61330.257205499394,4380870.014144328,Conglomerados; gravas; arenas y limos,CENOZOICO,,OBSERVED_POINT_ONLY,OBSERVED_IGME_1M
MINE_0060,Tagus 2: Abrantes,39.47459709,-8.191211683,1,OxREP_v3_Roman_Exploitation,1,0,0,0,52.0,,,,50162.0,48354.4,0.0,53384.36440877424,4382327.290981154,Gneises; esquistos; marmoles y vulcanitas,PROTEROZOICO,,OBSERVED_POINT_ONLY,OBSERVED_IGME_1M
MINE_0061,Tagus 3: Confluence Zêzere-Tagus,39.4789832,-8.307440301,1,OxREP_v3_Roman_Exploitation,1,0,0,0,48.0,,,,59668.7,57100.8,0.0,43408.20833554241,4383398.847706002,UNMAPPED_OR_NODATA,UNMAPPED_OR_NODATA,UNMAPPED_OR_NODATA,OBSERVED_POINT_ONLY,NODATA_ERROR
MINE_0062,Tinas,41.795201,-8.337281,1,OxREP_v3_Roman_Exploitation,1,0,0,0,236.0,,,,124062.5,124062.5,0.0,56492.4268842992,4640826.545327286,Granitoides de emplazamiento meso-catazonal,PALEOZOICO,ROCAS PLUTONICAS HERCINICAS,OBSERVED_POINT_ONLY,OBSERVED_IGME_1M
MINE_0063,Três Minas - Corta de Covas,41.496453,-7.525246,1,OxREP_v3_Roman_Exploitation,1,0,0,0,812.0,,,,160275.8,158947.9,0.0,122241.41960142512,4603765.55107267,Areniscas; pizarras y calizas,PALEOZOICO,,OBSERVED_POINT_ONLY,OBSERVED_IGME_1M
MINE_0064,Trincheiras,39.98332173,-7.457592038,1,OxREP_v3_Roman_Exploitation,1,0,0,0,406.0,,,,33857.2,33857.2,0.0,119341.23683349596,4435431.435981141,Granitoides de emplazamiento epi-mesozonal,PALEOZOICO,ROCAS PLUTONICAS HERCINICAS,OBSERVED_POINT_ONLY,OBSERVED_IGME_1M
MINE_0065,Vila Mou,41.73351537,-8.698071507,1,OxREP_v3_Roman_Exploitation,0,0,0,0,43.0,,,,133423.1,133423.1,0.0,26046.062691168452,4635905.031827155,Areniscas; pizarras y calizas,PALEOZOICO,,OBSERVED_POINT_ONLY,OBSERVED_IGME_1M
MINE_0066,Zambujal,38.26209908,-8.021107841,1,OxREP_v3_Roman_Exploitation,0,0,0,0,240.0,,,,41560.1,40020.1,0.0,60601.781059684,4246836.105950309,Plutonismo orogenico calcoalcalino toleitico,PALEOZOICO,ROCAS PLUTONICAS HERCINICAS,OBSERVED_POINT_ONLY,OBSERVED_IGME_1M
MINE_0067,Arroyo del Salgueral,42.587941,-6.10518,1,OxREP_v3_Roman_Exploitation,1,0,0,0,1073.0,,,,44010.4,46289.1,0.0,245206.5178464793,4719732.71344073,Cuarcitas; pizarras; areniscas; calizas y vulcanitas,PALEOZOICO,,OBSERVED_POINT_ONLY,OBSERVED_IGME_1M
MINE_0068,Barranco de Santa Filomena,39.80928761,-1.33769529,1,OxREP_v3_Roman_Exploitation,0,1,0,0,1025.0,,,,16228.2,221.8,0.0,642291.4292888341,4407912.087375764,Calizas; dolomias y margas; Conglomerados y areniscas,MESOZOICO,,OBSERVED_POINT_ONLY,OBSERVED_IGME_1M
MINE_0069,Barranco Hondillo,38.38035345,-3.19315217,1,OxREP_v3_Roman_Exploitation,0,0,1,1,686.0,,,,49612.9,33949.2,0.0,483129.7099087535,4248035.050692075,Cuarcitas; pizarras; areniscas; calizas y vulcanitas,PALEOZOICO,,OBSERVED_POINT_ONLY,OBSERVED_IGME_1M
MINE_0070,Barreiro,42.455589,-7.327043,1,OxREP_v3_Roman_Exploitation,1,0,0,0,310.0,,,,53888.0,54081.3,0.0,144181.71474877762,4709440.321416882,Areniscas; pizarras y calizas,PALEOZOICO,,OBSERVED_POINT_ONLY,OBSERVED_IGME_1M
MINE_0071,Barrio Nuevo,38.770177,-5.54812106,1,OxREP_v3_Roman_Exploitation,0,0,1,1,391.0,,,,5558.1,4088.2,0.0,278625.81192325125,4294357.037930647,Gneises; esquistos; marmoles y vulcanitas,PROTEROZOICO,,OBSERVED_POINT_ONLY,OBSERVED_IGME_1M
MINE_0072,Begega - El Valle,43.28577,-6.299792,1,OxREP_v3_Roman_Exploitation,1,0,0,0,490.0,,,,9897.9,8541.9,0.0,232280.147243704,4797838.674955801,Cuarcitas; pizarras; areniscas; calizas y vulcanitas,PALEOZOICO,,OBSERVED_POINT_ONLY,OBSERVED_IGME_1M
MINE_0073,Benllera,42.769431,-5.739137,1,OxREP_v3_Roman_Exploitation,1,0,0,0,1100.0,,,,25041.3,25374.5,0.0,275897.6910142535,4738850.018473669,Conglomerados; gravas; arenas y limos,CENOZOICO,,OBSERVED_POINT_ONLY,OBSERVED_IGME_1M
MINE_0074,Berrocoso,38.38853471,-4.89415277,1,OxREP_v3_Roman_Exploitation,0,1,0,0,606.0,,,,19735.1,11342.1,0.0,334572.71689974127,4250623.597046704,Granitoides de emplazamiento epi-mesozonal,PALEOZOICO,ROCAS PLUTONICAS HERCINICAS,OBSERVED_POINT_ONLY,OBSERVED_IGME_1M
MINE_0075,Besullo,43.187648,-6.62437,1,OxREP_v3_Roman_Exploitation,1,0,0,0,559.0,,,,230.7,1138.5,0.1781,205471.4683303453,4788032.998541533,Cuarcitas; pizarras; areniscas; calizas y vulcanitas,PROTEROZOICO-PALEOZOICO,,OBSERVED_POINT_ONLY,OBSERVED_IGME_1M
MINE_0076,Braña de Avelleras,43.137245,-6.668311,1,OxREP_v3_Roman_Exploitation,1,0,0,0,809.0,,,,2601.5,5372.5,0.0992,201654.84850496135,4782590.676767497,Cuarcitas; pizarras; areniscas; calizas y vulcanitas,PALEOZOICO,,OBSERVED_POINT_ONLY,OBSERVED_IGME_1M
MINE_0077,Brañalebrel,43.424806,-6.890274,1,OxREP_v3_Roman_Exploitation,1,0,0,0,653.0,,,,3007.6,3855.0,0.0779,185089.7942419435,4815345.327981839,Cuarcitas; pizarras; areniscas; calizas y vulcanitas,PALEOZOICO,,OBSERVED_POINT_ONLY,OBSERVED_IGME_1M
MINE_0078,Brués,42.455979,-8.158613,1,OxREP_v3_Roman_Exploitation,1,0,0,0,528.0,,,,51072.3,51714.1,0.0,75788.2138665205,4713314.269340313,Areniscas; pizarras y calizas,PALEOZOICO,,OBSERVED_POINT_ONLY,OBSERVED_IGME_1M
MINE_0079,Buiran,42.930757,-7.072386,1,OxREP_v3_Roman_Exploitation,1,0,0,0,531.0,,,,3778.1,3778.1,0.0357,167673.51083607605,4761176.762071975,Cuarcitas; pizarras; areniscas; calizas y vulcanitas,PALEOZOICO,,OBSERVED_POINT_ONLY,OBSERVED_IGME_1M
MINE_0080,Buñola,39.70497528,2.703042203,1,OxREP_v3_Roman_Exploitation,0,0,1,1,367.0,,,,139448.3,116701.9,0.0,989047.8107351746,4410590.18484382,Calizas; dolomias y margas; Conglomerados y areniscas,MESOZOICO,,OBSERVED_POINT_ONLY,OBSERVED_IGME_1M
MINE_0081,Burbia,42.792992,-6.774636,1,OxREP_v3_Roman_Exploitation,1,0,0,0,899.0,,,,18723.1,19417.4,0.0,191287.33641107695,4744740.859088364,Cuarcitas; pizarras; areniscas; calizas y vulcanitas,PALEOZOICO,,OBSERVED_POINT_ONLY,OBSERVED_IGME_1M
MINE_0082,Bustiello de Paredes,43.444587,-6.497716,1,OxREP_v3_Roman_Exploitation,1,0,0,0,156.0,,,,598.9,1013.1,0.126,216961.25658821827,4816131.996196942,Cuarcitas; pizarras; areniscas; calizas y vulcanitas,PROTEROZOICO-PALEOZOICO,,OBSERVED_POINT_ONLY,OBSERVED_IGME_1M
MINE_0083,Cabeza del Agua,37.53989078,-6.91306989,1,OxREP_v3_Roman_Exploitation,0,1,0,0,126.0,,,,98023.1,98472.0,0.0,154237.76943899796,4161967.531534605,Conglomerados; areniscas; pizarras; calizas y vulcanitas; Carbon,PALEOZOICO,,OBSERVED_POINT_ONLY,OBSERVED_IGME_1M
MINE_0084,Cabezas del Pasto,37.6082037,-7.33224915,1,OxREP_v3_Roman_Exploitation,0,1,1,1,165.0,,,,91856.1,91332.3,0.0,117531.70546184888,4171179.5212346227,Conglomerados; areniscas; pizarras; calizas y vulcanitas; Carbon,PALEOZOICO,,OBSERVED_POINT_ONLY,OBSERVED_IGME_1M
MINE_0085,Cabezo de la Reina,40.7175583,-4.179631046,1,OxREP_v3_Roman_Exploitation,0,1,0,0,1420.0,,,,54894.3,69729.3,0.0,400367.8703856394,4508073.228649484,Granitoides de emplazamiento epi-mesozonal,PALEOZOICO,ROCAS PLUTONICAS HERCINICAS,OBSERVED_POINT_ONLY,OBSERVED_IGME_1M
MINE_0086,Cabezo de los Silos,37.6867135,-7.35899187,1,OxREP_v3_Roman_Exploitation,0,1,0,0,146.0,,,,83230.5,82581.0,0.0,115575.43399524898,4180005.8066230426,Conglomerados; areniscas; pizarras; calizas y vulcanitas; Carbon,PALEOZOICO,,OBSERVED_POINT_ONLY,OBSERVED_IGME_1M
MINE_0087,Cabezo Hueca,37.58994716,-7.0808167,1,OxREP_v3_Roman_Exploitation,0,1,0,0,264.0,,,,93007.3,93674.9,0.0,139650.87064902368,4168155.9518124606,Conglomerados; areniscas; pizarras; calizas y vulcanitas; Carbon,PALEOZOICO,,OBSERVED_POINT_ONLY,OBSERVED_IGME_1M
MINE_0088,Cabezo Rajado,37.61656939,-0.900306875,1,OxREP_v3_Roman_Exploitation,0,0,1,1,179.0,,,,33503.2,30211.3,0.0,685313.8096294804,4165347.0736093367,Conglomerados; gravas; arenas y limos,CENOZOICO,,OBSERVED_POINT_ONLY,OBSERVED_IGME_1M
MINE_0089,Cabo de la Nao,38.74237138,0.22764936,1,OxREP_v3_Roman_Exploitation,0,0,0,0,115.0,,,,2374.8,83.0,0.056,780530.9783197695,4293135.785091267,Calizas; dolomias y margas; Areniscas,MESOZOICO,,OBSERVED_POINT_ONLY,OBSERVED_IGME_1M
MINE_0090,Cádiz,37.82466729,-5.08227721,1,OxREP_v3_Roman_Exploitation,0,0,1,1,107.0,,,,76520.6,75860.9,0.0,316737.11831003486,4188404.4807049013,Gneises; esquistos; marmoles y vulcanitas,PROTEROZOICO,,OBSERVED_POINT_ONLY,OBSERVED_IGME_1M
MINE_0091,Cala Reona,37.61551691,-0.718976529,1,OxREP_v3_Roman_Exploitation,0,1,1,1,60.0,,,,35360.9,30973.1,0.0,701322.5128253682,4165603.9469215204,Rocas metamorficas,PALEOZOICO-MESOZOICO,BLOQUE DE ALBORAN,OBSERVED_POINT_ONLY,OBSERVED_IGME_1M
MINE_0092,Calamón,37.84722783,-5.08044861,1,OxREP_v3_Roman_Exploitation,0,0,1,1,227.0,,,,74263.6,73385.1,0.0,316953.85747613374,4190904.3746320535,Gneises; esquistos; marmoles y vulcanitas,PROTEROZOICO,,OBSERVED_POINT_ONLY,OBSERVED_IGME_1M
MINE_0093,Callejón de Matajaca,38.37739882,-4.83783744,1,OxREP_v3_Roman_Exploitation,0,1,0,0,666.0,,,,21217.3,13279.2,0.0,339466.8339895189,4249288.305670186,Granitoides de emplazamiento epi-mesozonal,PALEOZOICO,ROCAS PLUTONICAS HERCINICAS,OBSERVED_POINT_ONLY,OBSERVED_IGME_1M
MINE_0094,Campanario,37.54317278,-6.82941041,1,OxREP_v3_Roman_Exploitation,0,1,0,0,191.0,,,,98233.3,98573.3,0.0,161647.73620984645,4162026.9429970845,Conglomerados; areniscas; pizarras; calizas y vulcanitas; Carbon,PALEOZOICO,,OBSERVED_POINT_ONLY,OBSERVED_IGME_1M
MINE_0095,Campo Antigua,43.337309,-6.709717,1,OxREP_v3_Roman_Exploitation,1,0,0,0,1075.0,,,,11985.5,10560.1,0.0,199273.91028399533,4804959.745190172,Cuarcitas; pizarras; areniscas; calizas y vulcanitas,PALEOZOICO,,OBSERVED_POINT_ONLY,OBSERVED_IGME_1M
MINE_0096,Campo la Peral,42.56722,-6.258764,1,OxREP_v3_Roman_Exploitation,1,0,0,0,1148.0,,,,45021.5,46823.4,0.0,232514.5046895233,4717905.687364695,Cuarcitas; pizarras; areniscas; calizas y vulcanitas,PALEOZOICO,,OBSERVED_POINT_ONLY,OBSERVED_IGME_1M
MINE_0097,Camporredondo,42.88780177,-4.752831906,1,OxREP_v3_Roman_Exploitation,1,0,0,0,1215.0,,,,13364.7,14487.6,0.0,356868.1963644896,4749845.762768153,Areniscas; pizarras y calizas,PALEOZOICO,,OBSERVED_POINT_ONLY,OBSERVED_IGME_1M
MINE_0098,Canadá,38.37658115,-4.91570948,1,OxREP_v3_Roman_Exploitation,0,1,0,0,620.0,,,,21265.8,12895.2,0.0,332662.3343444547,4249335.954557577,Granitoides de emplazamiento epi-mesozonal,PALEOZOICO,ROCAS PLUTONICAS HERCINICAS,OBSERVED_POINT_ONLY,OBSERVED_IGME_1M
MINE_0099,Cancho Blanco,38.63919229,-5.81715282,1,OxREP_v3_Roman_Exploitation,0,0,1,1,479.0,,,,147.8,713.6,0.1687,254801.7612631159,4280504.285972278,Areniscas; pizarras y calizas,PALEOZOICO,,OBSERVED_POINT_ONLY,OBSERVED_IGME_1M
MINE_0100,Candelaria,38.64346632,-4.5202936,1,OxREP_v3_Roman_Exploitation,0,1,1,1,640.0,,,,6928.1,5259.7,0.0,367693.54649916675,4278309.160142852,Gneises; esquistos; marmoles y vulcanitas,PROTEROZOICO,,OBSERVED_POINT_ONLY,OBSERVED_IGME_1M
MINE_0101,Candín I,42.817285,-6.760416,1,OxREP_v3_Roman_Exploitation,1,0,0,0,1339.0,,,,16683.7,17469.8,0.0,192570.9640146579,4747386.879492594,Cuarcitas; pizarras; areniscas; calizas y vulcanitas,PALEOZOICO,,OBSERVED_POINT_ONLY,OBSERVED_IGME_1M
MINE_0102,Candín II,42.808749,-6.769527,1,OxREP_v3_Roman_Exploitation,1,0,0,0,1223.0,,,,17238.2,17977.8,0.0,191783.57083139342,4746472.162407753,Cuarcitas; pizarras; areniscas; calizas y vulcanitas,PALEOZOICO,,OBSERVED_POINT_ONLY,OBSERVED_IGME_1M
MINE_0103,Cantos Blancos,38.40954651,-4.95181017,1,OxREP_v3_Roman_Exploitation,0,1,0,0,601.0,,,,18502.7,10580.3,0.0,329586.0782351721,4253060.370475209,Granitoides de emplazamiento epi-mesozonal,PALEOZOICO,ROCAS PLUTONICAS HERCINICAS,OBSERVED_POINT_ONLY,OBSERVED_IGME_1M
MINE_0104,Cara de Oso,42.250813,-6.316238,1,OxREP_v3_Roman_Exploitation,1,0,0,0,1044.0,,,,80416.8,80969.2,0.0,226423.3258371342,4682950.804992438,Cuarcitas; pizarras; areniscas; calizas y vulcanitas,PALEOZOICO,,OBSERVED_POINT_ONLY,OBSERVED_IGME_1M
MINE_0105,Carbueiro,43.026133,-6.869433,1,OxREP_v3_Roman_Exploitation,1,0,0,0,413.0,,,,117.1,3487.6,0.416,184725.7881434054,4770986.631239506,Cuarcitas; pizarras; areniscas; calizas y vulcanitas,PALEOZOICO,,OBSERVED_POINT_ONLY,OBSERVED_IGME_1M
MINE_0106,Carcabón de Orúa,43.25032292,-6.700265757,1,OxREP_v3_Roman_Exploitation,1,0,0,0,713.0,,,,8871.4,7163.2,0.0,199611.66666771425,4795264.322537106,Cuarcitas; pizarras; areniscas; calizas y vulcanitas,PALEOZOICO,,OBSERVED_POINT_ONLY,OBSERVED_IGME_1M
MINE_0107,Carcabonas de Merás,43.473629,-6.474357,1,OxREP_v3_Roman_Exploitation,1,0,0,0,214.0,,,,1291.5,3797.5,0.1215,218986.32562775147,4819278.456685264,Cuarcitas; pizarras; areniscas; calizas y vulcanitas,PALEOZOICO,,OBSERVED_POINT_ONLY,OBSERVED_IGME_1M
MINE_0108,Cárcobas de Miudes,43.523363,-6.809106,1,OxREP_v3_Roman_Exploitation,1,0,0,0,169.0,,,,6800.2,566.2,0.0,192162.19172685198,4825988.184754897,Cuarcitas; pizarras; areniscas; calizas y vulcanitas,PALEOZOICO,,OBSERVED_POINT_ONLY,OBSERVED_IGME_1M
MINE_0109,Cárcobas de Pena,43.489375,-6.815335,1,OxREP_v3_Roman_Exploitation,1,0,0,0,450.0,,,,7264.4,4372.5,0.0,191485.42927434458,4822236.199080461,Cuarcitas; pizarras; areniscas; calizas y vulcanitas,PROTEROZOICO-PALEOZOICO,,OBSERVED_POINT_ONLY,OBSERVED_IGME_1M
MINE_0110,Carmelita,38.25530611,-5.75177293,1,OxREP_v3_Roman_Exploitation,0,0,1,1,582.0,,,,26640.5,26310.2,0.0,259219.87421130118,4237723.972604959,Conglomerados; areniscas; arcillas; calizas y evaporitas; Vulcanitas basicas,CENOZOICO,,OBSERVED_POINT_ONLY,OBSERVED_IGME_1M
MINE_0111,"Carmino del Palo (I, II) - Arroyo del Cabrito (I, II, III)",42.385861,-6.388739,1,OxREP_v3_Roman_Exploitation,1,0,0,0,1210.0,,,,66164.8,65517.3,0.0,221039.4981832489,4698183.951594111,Cuarcitas; pizarras; areniscas; calizas y vulcanitas,PALEOZOICO,,OBSERVED_POINT_ONLY,OBSERVED_IGME_1M
MINE_0112,Carris,43.55140204,-7.314383074,1,OxREP_v3_Roman_Exploitation,1,0,0,0,116.0,,,,101.4,533.0,0.1514,151485.65252155683,4831099.68841092,Cuarcitas; pizarras; areniscas; calizas y vulcanitas,PROTEROZOICO-PALEOZOICO,,OBSERVED_POINT_ONLY,OBSERVED_IGME_1M
MINE_0113,Carrua de la Rata - El Lago,42.551531,-6.781019,1,OxREP_v3_Roman_Exploitation,1,0,0,0,515.0,,,,44864.0,45362.5,0.0,189563.97905863018,4717947.193674886,Cuarcitas; pizarras; areniscas; calizas y vulcanitas,PROTEROZOICO-PALEOZOICO,,OBSERVED_POINT_ONLY,OBSERVED_IGME_1M
MINE_0114,Casa de las Grobas I,43.147794,-6.801395,1,OxREP_v3_Roman_Exploitation,1,0,0,0,445.0,,,,635.5,1012.4,0.1504,190883.28589404403,4784245.47871974,Cuarcitas; pizarras; areniscas; calizas y vulcanitas,PALEOZOICO,,OBSERVED_POINT_ONLY,OBSERVED_IGME_1M
MINE_0115,Casa de las Grobas II,43.143913,-6.803618,1,OxREP_v3_Roman_Exploitation,1,0,0,0,519.0,,,,289.9,1145.6,0.1845,190682.90365405695,4783822.644357367,Cuarcitas; pizarras; areniscas; calizas y vulcanitas,PALEOZOICO,,OBSERVED_POINT_ONLY,OBSERVED_IGME_1M
MINE_0116,Casales,42.41467,-6.673559,1,OxREP_v3_Roman_Exploitation,1,0,0,0,494.0,,,,60391.9,61102.8,0.0,197728.82928685594,4702358.876689998,Cuarcitas; pizarras; areniscas; calizas y vulcanitas,PALEOZOICO,,OBSERVED_POINT_ONLY,OBSERVED_IGME_1M
MINE_0117,Casilla del Cobre,37.90215104,-4.84830355,1,OxREP_v3_Roman_Exploitation,0,1,0,0,295.0,,,,70877.4,65398.6,0.0,337501.5250247908,4196569.01109435,Cuarcitas; pizarras; areniscas; calizas y vulcanitas,PALEOZOICO,,OBSERVED_POINT_ONLY,OBSERVED_IGME_1M
MINE_0118,Castañedo,43.359767,-6.230038,1,OxREP_v3_Roman_Exploitation,1,0,0,0,240.0,,,,1741.2,4997.5,0.0414,238258.0440485523,4805835.795267867,Cuarcitas; pizarras; areniscas; calizas y vulcanitas,PALEOZOICO,,OBSERVED_POINT_ONLY,OBSERVED_IGME_1M
MINE_0119,Castellar,38.81718902,-4.43477306,1,OxREP_v3_Roman_Exploitation,1,0,1,0,662.0,,,,3484.6,4143.6,0.0263,375438.5999432749,4297467.902533813,Cuarcitas; pizarras; areniscas; calizas y vulcanitas,PALEOZOICO,,OBSERVED_POINT_ONLY,OBSERVED_IGME_1M
MINE_0120,Castillo Buitrón,37.63500856,-6.76997865,1,OxREP_v3_Roman_Exploitation,0,1,0,0,329.0,,,,88928.0,89163.6,0.0,167310.64475362573,4172008.685937966,Conglomerados; areniscas; pizarras; calizas y vulcanitas; Carbon,PALEOZOICO,,OBSERVED_POINT_ONLY,OBSERVED_IGME_1M
MINE_0121,Castillo de las Guardas,37.69582718,-6.368615491,1,OxREP_v3_Roman_Exploitation,0,1,0,0,369.0,,,,84868.0,82764.1,0.0,202983.61606905708,4177409.709025439,Conglomerados; areniscas; pizarras; calizas y vulcanitas; Carbon,PALEOZOICO,,OBSERVED_POINT_ONLY,OBSERVED_IGME_1M
MINE_0122,Castripicón,37.95893796,-4.9334936,1,OxREP_v3_Roman_Exploitation,0,1,0,0,298.0,,,,67362.0,59147.5,0.0,330141.8944665361,4203022.36315099,Conglomerados; areniscas; pizarras; calizas y vulcanitas; Carbon,PALEOZOICO,,OBSERVED_POINT_ONLY,OBSERVED_IGME_1M
MINE_0123,Castro del Río,42.71996123,-6.408303869,1,OxREP_v3_Roman_Exploitation,1,0,0,0,949.0,,,,29645.6,28355.8,0.0,220923.16598117392,4735352.465365973,Conglomerados; areniscas; arcillas; calizas y evaporitas; Vulcanitas basicas,CENOZOICO,,OBSERVED_POINT_ONLY,OBSERVED_IGME_1M
MINE_0124,Castropetre,42.534458,-6.932606,1,OxREP_v3_Roman_Exploitation,1,0,0,0,585.0,,,,46384.5,47103.8,0.0,177028.3239099682,4716618.522163999,Cuarcitas; pizarras; areniscas; calizas y vulcanitas,PALEOZOICO,,OBSERVED_POINT_ONLY,OBSERVED_IGME_1M
MINE_0125,Castropodame / Los Valles - Las Gándaras,42.572454,-6.46915,1,OxREP_v3_Roman_Exploitation,1,0,0,0,820.0,,,,44763.8,44116.1,0.0,215267.70721460757,4719173.678794373,Cuarcitas; pizarras; areniscas; calizas y vulcanitas,PALEOZOICO,,OBSERVED_POINT_ONLY,OBSERVED_IGME_1M
MINE_0126,Cavón del Pozo - Muro de la T.,42.782281,-5.687959,1,OxREP_v3_Roman_Exploitation,1,0,0,0,1155.0,,,,23798.2,23798.2,0.0,280130.56084093323,4740142.289753165,Conglomerados; areniscas; arcillas; calizas y evaporitas; Vulcanitas basicas,CENOZOICO,,OBSERVED_POINT_ONLY,OBSERVED_IGME_1M
MINE_0127,Cecos I,43.019984,-6.855363,1,OxREP_v3_Roman_Exploitation,1,0,0,0,326.0,,,,976.7,3958.1,0.3092,185840.90380423603,4770250.867655008,Cuarcitas; pizarras; areniscas; calizas y vulcanitas,PALEOZOICO,,OBSERVED_POINT_ONLY,OBSERVED_IGME_1M
MINE_0128,Cecos II,43.028404,-6.857919,1,OxREP_v3_Roman_Exploitation,1,0,0,0,405.0,,,,1087.2,3033.0,0.3311,185675.63245136652,4771195.626548231,Cuarcitas; pizarras; areniscas; calizas y vulcanitas,PALEOZOICO,,OBSERVED_POINT_ONLY,OBSERVED_IGME_1M
MINE_0129,Cecos III,43.036072,-6.856443,1,OxREP_v3_Roman_Exploitation,1,0,0,0,645.0,,,,1480.9,2173.7,0.3298,185835.07962609263,4772041.750487728,Cuarcitas; pizarras; areniscas; calizas y vulcanitas,PALEOZOICO,,OBSERVED_POINT_ONLY,OBSERVED_IGME_1M
MINE_0130,Cecos IV,43.025647,-6.853488,1,OxREP_v3_Roman_Exploitation,1,0,0,0,334.0,,,,1327.9,3329.6,0.3132,186022.61260180402,4770872.812146013,Cuarcitas; pizarras; areniscas; calizas y vulcanitas,PALEOZOICO,,OBSERVED_POINT_ONLY,OBSERVED_IGME_1M
MINE_0131,Cecos V,43.034238,-6.846678,1,OxREP_v3_Roman_Exploitation,1,0,0,0,696.0,,,,2166.2,2461.5,0.3006,186621.32056979148,4771801.500609354,Cuarcitas; pizarras; areniscas; calizas y vulcanitas,PALEOZOICO,,OBSERVED_POINT_ONLY,OBSERVED_IGME_1M
MINE_0132,Cecos VI,43.023443,-6.851769,1,OxREP_v3_Roman_Exploitation,1,0,0,0,337.0,,,,1379.9,3581.2,0.307,186151.44389027503,4770621.585551923,Cuarcitas; pizarras; areniscas; calizas y vulcanitas,PALEOZOICO,,OBSERVED_POINT_ONLY,OBSERVED_IGME_1M
MINE_0133,Cerdanya - All Guilleteres sector 1 NE - 1,42.39786735,1.820130111,1,OxREP_v3_Roman_Exploitation,1,0,0,0,1180.0,,,,81667.9,90746.9,0.0,896738.2831155426,4705218.9577029385,Areniscas; pizarras y calizas,PALEOZOICO,,OBSERVED_POINT_ONLY,OBSERVED_IGME_1M
MINE_0134,Cerdanya - All Guilleteres sector 1 NE - 2,42.39853497,1.826364395,1,OxREP_v3_Roman_Exploitation,1,0,0,0,1169.0,,,,82042.7,91254.3,0.0,897247.3065772152,4705322.313899705,Conglomerados; areniscas; arcillas; calizas y evaporitas; Vulcanitas basicas,CENOZOICO,,OBSERVED_POINT_ONLY,OBSERVED_IGME_1M
MINE_0135,Cerdanya - All Guilleteres sector 1 NE - 3,42.39639938,1.82934192,1,OxREP_v3_Roman_Exploitation,1,0,0,0,1127.0,,,,82380.6,91516.3,0.0,897505.9458898648,4705099.069041777,Conglomerados; areniscas; arcillas; calizas y evaporitas; Vulcanitas basicas,CENOZOICO,,OBSERVED_POINT_ONLY,OBSERVED_IGME_1M
MINE_0136,Cerdanya - All Guilleteres sector 1 NE - 4,42.40234069,1.833771284,1,OxREP_v3_Roman_Exploitation,1,0,0,0,1160.0,,,,82297.4,91636.8,0.0,897832.9773581936,4705779.769014579,Conglomerados; areniscas; arcillas; calizas y evaporitas; Vulcanitas basicas,CENOZOICO,,OBSERVED_POINT_ONLY,OBSERVED_IGME_1M
MINE_0137,Cerdanya - All Guilleteres sector 1 NE - new?,42.4029556,1.815050524,1,OxREP_v3_Roman_Exploitation,1,0,0,0,1260.0,,,,80997.7,90290.1,0.0,896287.9973199754,4705760.356096041,Areniscas; pizarras y calizas,PALEOZOICO,,OBSERVED_POINT_ONLY,OBSERVED_IGME_1M
MINE_0138,Cerro Castaño,37.93552871,-5.08446693,1,OxREP_v3_Roman_Exploitation,0,1,0,0,533.0,,,,65174.0,63976.4,0.0,316819.3067329278,4200710.855711532,Cuarcitas; pizarras; areniscas; calizas y vulcanitas,PALEOZOICO,,OBSERVED_POINT_ONLY,OBSERVED_IGME_1M
MINE_0139,Cerro de la Mina,38.60604095,-6.51042667,1,OxREP_v3_Roman_Exploitation,0,0,1,1,326.0,,,,1522.5,2112.3,0.0473,194304.84127378557,4278907.341575939,Conglomerados; areniscas; arcillas; calizas y evaporitas; Vulcanitas basicas,CENOZOICO,,OBSERVED_POINT_ONLY,OBSERVED_IGME_1M
MINE_0140,Cerro de la Mina,39.83148876,-1.32055691,1,OxREP_v3_Roman_Exploitation,0,0,0,0,1107.0,,,,14806.4,382.9,0.0,643712.2629008222,4410403.713562686,Conglomerados; areniscas; calizas; yesos y arcillas versicolores,MESOZOICO,,OBSERVED_POINT_ONLY,OBSERVED_IGME_1M
MINE_0141,Cerro de la Minas,38.32523434,-6.79570879,1,OxREP_v3_Roman_Exploitation,0,1,0,0,440.0,,,,15458.2,16858.0,0.0,168167.54196638515,4248723.19151628,Cuarcitas; pizarras; areniscas; calizas y vulcanitas,PALEOZOICO,,OBSERVED_POINT_ONLY,OBSERVED_IGME_1M
MINE_0142,Cerro de la Minillas,38.41563006,-5.04933271,1,OxREP_v3_Roman_Exploitation,0,1,0,0,578.0,,,,22381.9,16094.6,0.0,321085.5102008211,4253920.303296318,Granitoides de emplazamiento epi-mesozonal,PALEOZOICO,ROCAS PLUTONICAS HERCINICAS,OBSERVED_POINT_ONLY,OBSERVED_IGME_1M
MINE_0143,Cerro de la Orden,38.30581558,-5.80017903,1,OxREP_v3_Roman_Exploitation,0,0,1,1,541.0,,,,21810.6,19884.4,0.0,255153.4224452918,4243457.1251882445,Gneises; esquistos; marmoles y vulcanitas,PROTEROZOICO,,OBSERVED_POINT_ONLY,OBSERVED_IGME_1M
MINE_0144,Cerro de las Cruces,38.54842637,-6.07279323,1,OxREP_v3_Roman_Exploitation,0,0,1,1,454.0,,,,7998.6,3309.7,0.0,232209.5149470134,4271144.251947225,Gneises; esquistos; marmoles y vulcanitas,PROTEROZOICO,,OBSERVED_POINT_ONLY,OBSERVED_IGME_1M
MINE_0145,Cerro de las Minillas,38.33386997,-4.28655637,1,OxREP_v3_Roman_Exploitation,0,1,0,0,683.0,,,,18121.7,18279.5,0.0,387555.61461745005,4243642.7412629565,Conglomerados; areniscas; pizarras; calizas y vulcanitas; Carbon,PALEOZOICO,,OBSERVED_POINT_ONLY,OBSERVED_IGME_1M
MINE_0146,Cerro de los Almadenes,40.81562208,-4.22543114,1,OxREP_v3_Roman_Exploitation,0,1,0,0,1073.0,,,,56671.2,70497.4,0.0,396651.54202715034,4519012.138998084,Calizas; dolomias y margas; Areniscas,MESOZOICO,,OBSERVED_POINT_ONLY,OBSERVED_IGME_1M
MINE_0147,Cerro de los Venados,38.25320766,-4.18754703,1,OxREP_v3_Roman_Exploitation,0,1,0,0,703.0,,,,27987.5,28106.8,0.0,396094.3042076953,4234576.288003934,Granitoides de emplazamiento epi-mesozonal,PALEOZOICO,ROCAS PLUTONICAS HERCINICAS,OBSERVED_POINT_ONLY,OBSERVED_IGME_1M
MINE_0148,Cerro de Valfrío,38.03289831,-4.84589638,1,OxREP_v3_Roman_Exploitation,0,1,0,0,628.0,,,,56941.6,50926.7,0.0,338000.83870123676,4211073.266798146,Gneises; esquistos; marmoles y vulcanitas,PROTEROZOICO-PALEOZOICO,,OBSERVED_POINT_ONLY,OBSERVED_IGME_1M
MINE_0149,Cerro del Conjuro,36.93229745,-3.28059057,1,OxREP_v3_Roman_Exploitation,0,0,0,0,1356.0,,,,123955.7,116301.5,0.0,475012.0090455322,4087398.714318467,Rocas metamorficas,PROTEROZOICO-PALEOZOICO,BLOQUE DE ALBORAN,OBSERVED_POINT_ONLY,OBSERVED_IGME_1M
MINE_0150,Cerro del Cuerno,42.493513,-6.248132,1,OxREP_v3_Roman_Exploitation,1,0,0,0,550.0,,,,53184.3,55007.7,0.0,233073.25804654462,4709686.614739241,Conglomerados; areniscas; arcillas; calizas y evaporitas; Vulcanitas basicas,CENOZOICO,,OBSERVED_POINT_ONLY,OBSERVED_IGME_1M
MINE_0151,Cerro del Cura,38.42267476,-4.50392006,1,OxREP_v3_Roman_Exploitation,0,1,0,0,550.0,,,,9349.9,8779.4,0.0,368717.8224102729,4253784.246367883,Conglomerados; areniscas; pizarras; calizas y vulcanitas; Carbon,PALEOZOICO,,OBSERVED_POINT_ONLY,OBSERVED_IGME_1M
MINE_0152,Cerro del Esparto,37.9152865,-5.25248305,1,OxREP_v3_Roman_Exploitation,0,1,0,0,550.0,,,,62437.1,63049.0,0.0,301998.12147404975,4198808.293084689,Cuarcitas; pizarras; areniscas; calizas y vulcanitas,PROTEROZOICO-PALEOZOICO,,OBSERVED_POINT_ONLY,OBSERVED_IGME_1M
MINE_0153,Cerro del Hierro,37.04831911,-5.589874277,1,OxREP_v3_Roman_Exploitation,0,0,0,0,550.0,,,,157771.5,157761.5,0.0,269687.38200899865,4103369.9314025627,Conglomerados; areniscas; arcillas; calizas y evaporitas; Vulcanitas basicas,CENOZOICO,,OBSERVED_POINT_ONLY,OBSERVED_IGME_1M
MINE_0154,Cerro Minado,37.36552808,-1.94916604,1,OxREP_v3_Roman_Exploitation,0,1,0,0,550.0,,,,15543.5,8454.6,0.0,593050.9892017986,4135940.741615802,Rocas metamorficas,PALEOZOICO-MESOZOICO,BLOQUE DE ALBORAN,OBSERVED_POINT_ONLY,OBSERVED_IGME_1M
MINE_0155,Cerro Muriano,38.00471301,-4.77935278,1,OxREP_v3_Roman_Exploitation,0,1,0,0,550.0,,,,58365.7,53972.5,0.0,343781.44566316786,4207831.7939683385,Conglomerados; areniscas; pizarras; calizas y vulcanitas; Carbon,PALEOZOICO,,OBSERVED_POINT_ONLY,OBSERVED_IGME_1M
MINE_0156,Ceruñales,42.688215,-6.412375,1,OxREP_v3_Roman_Exploitation,1,0,0,0,550.0,,,,32924.7,31855.9,0.0,220447.2035392486,4731840.253959615,Conglomerados; areniscas; arcillas; calizas y evaporitas; Vulcanitas basicas,CENOZOICO,,OBSERVED_POINT_ONLY,OBSERVED_IGME_1M
MINE_0157,Cexo-Fontechid,42.10923,-8.00608,1,OxREP_v3_Roman_Exploitation,1,0,0,0,550.0,,,,88857.4,88857.4,0.0,86064.5855256195,4674046.048875696,Granitoides de emplazamiento meso-catazonal,PALEOZOICO,ROCAS PLUTONICAS HERCINICAS,OBSERVED_POINT_ONLY,OBSERVED_IGME_1M
MINE_0158,Cha da Veiga,42.58465,-7.40935,1,OxREP_v3_Roman_Exploitation,1,0,0,0,550.0,,,,39298.6,39190.6,0.0,138159.3724726616,4724123.868562322,Conglomerados; areniscas; arcillas y calizas; Evaporitas,CENOZOICO,,OBSERVED_POINT_ONLY,OBSERVED_IGME_1M
MINE_0159,Chan do Cubeiro,43.059666,-7.004095,1,OxREP_v3_Roman_Exploitation,1,0,0,0,550.0,,,,1313.6,667.3,0.2644,173930.5048072791,4775226.339823656,Cuarcitas; pizarras; areniscas; calizas y vulcanitas,PALEOZOICO,,OBSERVED_POINT_ONLY,OBSERVED_IGME_1M
MINE_0160,Chana de Chamarada,42.52996221,-6.21957755,1,OxREP_v3_Roman_Exploitation,1,0,0,0,550.0,,,,49143.7,51635.8,0.0,235573.90557392384,4713644.882994405,Cuarcitas; pizarras; areniscas; calizas y vulcanitas,PALEOZOICO,,OBSERVED_POINT_ONLY,OBSERVED_IGME_1M
MINE_0161,Chana de Reguera,42.50995074,-6.20838762,1,OxREP_v3_Roman_Exploitation,1,0,0,0,550.0,,,,51399.4,54026.0,0.0,236408.83157289104,4711387.636117294,Conglomerados; gravas; arenas y limos,CENOZOICO,,OBSERVED_POINT_ONLY,OBSERVED_IGME_1M
MINE_0162,Chaparro Barrenado,38.32708502,-4.90683199,1,OxREP_v3_Roman_Exploitation,0,1,1,1,550.0,,,,26624.1,18227.5,0.0,333324.3834165549,4243827.152933894,Conglomerados; areniscas; pizarras; calizas y vulcanitas; Carbon,PALEOZOICO,,OBSERVED_POINT_ONLY,OBSERVED_IGME_1M
MINE_0163,Cheices,42.439722,-6.826583,1,OxREP_v3_Roman_Exploitation,1,0,0,0,550.0,,,,56962.4,57369.2,0.0,185261.44967037882,4705697.872091701,Areniscas; pizarras y calizas,PALEOZOICO,,OBSERVED_POINT_ONLY,OBSERVED_IGME_1M
MINE_0164,Chinflón,37.61503519,-6.64101067,1,OxREP_v3_Roman_Exploitation,0,1,0,0,550.0,,,,93667.5,93869.2,0.0,178609.54508878064,4169341.350215345,Conglomerados; areniscas; pizarras; calizas y vulcanitas; Carbon,PALEOZOICO,,OBSERVED_POINT_ONLY,OBSERVED_IGME_1M
MINE_0165,Cimera de la Collada / Los Collados - Las Vallinas,42.69839759,-5.905742865,1,OxREP_v3_Roman_Exploitation,1,0,0,0,550.0,,,,31562.4,31562.4,0.0,261994.22787012733,4731417.793332645,Cuarcitas; pizarras; areniscas; calizas y vulcanitas,PALEOZOICO,,OBSERVED_POINT_ONLY,OBSERVED_IGME_1M
MINE_0166,Cirujales,42.78627194,-6.067636653,1,OxREP_v3_Roman_Exploitation,1,0,0,0,550.0,,,,22406.9,24099.7,0.0,249087.66758927613,4741645.9879586175,Gneises; esquistos; marmoles y vulcanitas,PROTEROZOICO,,OBSERVED_POINT_ONLY,OBSERVED_IGME_1M
MINE_0167,Cobas de Fornas,42.85145789,-8.48684587,1,OxREP_v3_Roman_Exploitation,0,1,0,0,550.0,,,,10552.9,9338.0,0.0,51648.655626998865,4758943.291040388,Rocas metamorficas,PROTEROZOICO-PALEOZOICO,UNIDADES ALOCTONAS DEL MACIZO HESPERICO,OBSERVED_POINT_ONLY,OBSERVED_IGME_1M
MINE_0168,Cobatillas,38.66933798,-4.55740568,1,OxREP_v3_Roman_Exploitation,0,0,1,1,550.0,,,,8991.5,3349.8,0.0,364512.38241770095,4281234.417826493,Gneises; esquistos; marmoles y vulcanitas,PROTEROZOICO,,OBSERVED_POINT_ONLY,OBSERVED_IGME_1M
MINE_0169,Cogorderos I,42.541842,-6.023149,1,OxREP_v3_Roman_Exploitation,1,0,0,0,550.0,,,,49520.2,50013.4,0.0,251755.16916336177,4714369.419628319,Conglomerados; gravas; arenas y limos,CENOZOICO,,OBSERVED_POINT_ONLY,OBSERVED_IGME_1M
MINE_0170,Cogorderos II,42.549609,-6.02227,1,OxREP_v3_Roman_Exploitation,1,0,0,0,550.0,,,,48660.3,49153.9,0.0,251858.14736460202,4715229.390128212,Conglomerados; gravas; arenas y limos,CENOZOICO,,OBSERVED_POINT_ONLY,OBSERVED_IGME_1M
MINE_0171,Collada,43.364638,-6.568056,1,OxREP_v3_Roman_Exploitation,1,0,0,0,550.0,,,,2149.5,2699.4,0.0964,210888.39581481105,4807493.861979078,Cuarcitas; pizarras; areniscas; calizas y vulcanitas,PALEOZOICO,,OBSERVED_POINT_ONLY,OBSERVED_IGME_1M
MINE_0172,Collado de Trasmundo,42.891095,-6.336247,1,OxREP_v3_Roman_Exploitation,1,0,0,0,550.0,,,,10168.2,10532.3,0.0,227576.6930340752,4754122.547896451,Cuarcitas; pizarras; areniscas; calizas y vulcanitas,PROTEROZOICO-PALEOZOICO,,OBSERVED_POINT_ONLY,OBSERVED_IGME_1M
MINE_0173,Colmenarejo,40.52705831,-3.995123268,1,OxREP_v3_Roman_Exploitation,0,1,0,0,550.0,,,,52181.1,47133.3,0.0,415712.58733316866,4486733.865142463,Granitoides de emplazamiento epi-mesozonal,PALEOZOICO,ROCAS PLUTONICAS HERCINICAS,OBSERVED_POINT_ONLY,OBSERVED_IGME_1M
MINE_0174,Comba,43.203938,-6.645396,1,OxREP_v3_Roman_Exploitation,1,0,0,0,550.0,,,,2280.3,2280.3,0.0788,203841.57914289174,4789916.564126105,Cuarcitas; pizarras; areniscas; calizas y vulcanitas,PALEOZOICO,,OBSERVED_POINT_ONLY,OBSERVED_IGME_1M
MINE_0175,Compuerto,42.84468253,-4.841430979,1,OxREP_v3_Roman_Exploitation,1,0,0,0,550.0,,,,17976.7,20745.3,0.0,349528.50893779134,4745211.860657456,Areniscas; pizarras y calizas,PALEOZOICO,,OBSERVED_POINT_ONLY,OBSERVED_IGME_1M
MINE_0176,Concepción,37.77196159,-6.67482944,1,OxREP_v3_Roman_Exploitation,0,1,0,0,550.0,,,,76116.3,76353.3,0.0,176307.40466851054,4186877.3768851506,Plutonismo orogeénico calcoalcalino toleitico,PALEOZOICO,ROCAS PLUTONICAS HERCINICAS,OBSERVED_POINT_ONLY,OBSERVED_IGME_1M
MINE_0177,Constantín,42.89268,-7.241494,1,OxREP_v3_Roman_Exploitation,1,0,0,0,550.0,,,,5711.6,7655.8,0.0,153658.1251197848,4757630.833493271,Cuarcitas; pizarras; areniscas; calizas y vulcanitas,PROTEROZOICO-PALEOZOICO,,OBSERVED_POINT_ONLY,OBSERVED_IGME_1M
MINE_0178,Corcoesto,43.22747548,-8.83494566,1,OxREP_v3_Roman_Exploitation,1,0,0,0,550.0,,,,21270.2,19937.8,0.0,26110.457765792205,4802632.466410945,Granitoides de emplazamiento meso-catazonal,PALEOZOICO,ROCAS PLUTONICAS PREHERCINICAS,OBSERVED_POINT_ONLY,OBSERVED_IGME_1M
MINE_0179,Corno,42.24882,-7.661514,1,OxREP_v3_Roman_Exploitation,1,0,0,0,550.0,,,,75846.1,75179.2,0.0,115410.96985484916,4687934.118978112,Granitoides de emplazamiento meso-catazonal,PALEOZOICO,ROCAS PLUTONICAS HERCINICAS,OBSERVED_POINT_ONLY,OBSERVED_IGME_1M
MINE_0180,Cornollo,43.175748,-6.819351,1,OxREP_v3_Roman_Exploitation,1,0,0,0,550.0,,,,3031.0,3681.8,0.0378,189564.81150316214,4787416.771304645,Cuarcitas; pizarras; areniscas; calizas y vulcanitas,PALEOZOICO,,OBSERVED_POINT_ONLY,OBSERVED_IGME_1M
MINE_0181,Corpiño,42.75495611,-8.231481851,1,OxREP_v3_Roman_Exploitation,0,0,0,0,550.0,,,,18493.1,20889.8,0.0,71852.94163587148,4746892.2877334105,Granitoides de emplazamiento meso-catazonal,PALEOZOICO,ROCAS PLUTONICAS PREHERCINICAS,OBSERVED_POINT_ONLY,OBSERVED_IGME_1M
MINE_0182,Corralín I,42.9651,-6.676629,1,OxREP_v3_Roman_Exploitation,1,0,0,0,550.0,,,,371.7,1411.2,0.2132,200139.5983479629,4763501.075773412,Cuarcitas; pizarras; areniscas; calizas y vulcanitas,PALEOZOICO,,OBSERVED_POINT_ONLY,OBSERVED_IGME_1M
MINE_0183,Corralín II,42.969956,-6.670889,1,OxREP_v3_Roman_Exploitation,1,0,0,0,550.0,,,,330.4,778.7,0.222,200631.3742444825,4764019.914231526,Cuarcitas; pizarras; areniscas; calizas y vulcanitas,PALEOZOICO,,OBSERVED_POINT_ONLY,OBSERVED_IGME_1M
MINE_0184,Corralín III,42.974329,-6.667113,1,OxREP_v3_Roman_Exploitation,1,0,0,0,550.0,,,,873.2,226.4,0.2308,200960.5631911992,4764492.136550935,Cuarcitas; pizarras; areniscas; calizas y vulcanitas,PALEOZOICO,,OBSERVED_POINT_ONLY,OBSERVED_IGME_1M
MINE_0185,Corrego de Brañal,43.127573,-6.792312,1,OxREP_v3_Roman_Exploitation,1,0,0,0,550.0,,,,338.0,879.1,0.3242,191520.16497862997,4781966.06776001,Cuarcitas; pizarras; areniscas; calizas y vulcanitas,PALEOZOICO,,OBSERVED_POINT_ONLY,OBSERVED_IGME_1M
MINE_0186,Pozos / Corta Valladar,42.281831,-6.334052,1,OxREP_v3_Roman_Exploitation,1,0,0,0,550.0,,,,77120.1,77408.3,0.0,225088.5468460524,4686452.837327393,Cuarcitas; pizarras; areniscas; calizas y vulcanitas,PALEOZOICO,,OBSERVED_POINT_ONLY,OBSERVED_IGME_1M
MINE_0187,Cortas de Xuan Rata I,43.276106,-6.690412,1,OxREP_v3_Roman_Exploitation,1,0,0,0,550.0,,,,9781.2,6720.3,0.0,200538.25288960576,4798092.584411854,Cuarcitas; pizarras; areniscas; calizas y vulcanitas,PALEOZOICO,,OBSERVED_POINT_ONLY,OBSERVED_IGME_1M
MINE_0188,Cortas de Xuan Rata II,43.271021,-6.688449,1,OxREP_v3_Roman_Exploitation,1,0,0,0,550.0,,,,9437.0,6461.3,0.0,200672.598202647,4797520.763433146,Cuarcitas; pizarras; areniscas; calizas y vulcanitas,PALEOZOICO,,OBSERVED_POINT_ONLY,OBSERVED_IGME_1M
MINE_0189,Cortijo de Peralbo,38.40823539,-4.82000889,1,OxREP_v3_Roman_Exploitation,0,1,0,0,550.0,,,,18222.2,9658.1,0.0,341091.7922491515,4252679.440324557,Granitoides de emplazamiento epi-mesozonal,PALEOZOICO,ROCAS PLUTONICAS HERCINICAS,OBSERVED_POINT_ONLY,OBSERVED_IGME_1M
MINE_0190,Coto Fortuna,37.59743527,-1.409844499,1,OxREP_v3_Roman_Exploitation,0,0,1,1,550.0,,,,27889.4,21789.1,0.0,640375.7768794543,4162339.797697232,Conglomerados; areniscas; arcillas; calizas y evaporitas; Vulcanitas basicas,CENOZOICO,,OBSERVED_POINT_ONLY,OBSERVED_IGME_1M
MINE_0191,Cotofia,38.58296146,-4.23929458,1,OxREP_v3_Roman_Exploitation,0,0,1,1,550.0,,,,3188.7,3096.3,0.0456,392058.32298131636,4271227.119786851,Gneises; esquistos; marmoles y vulcanitas,PROTEROZOICO,,OBSERVED_POINT_ONLY,OBSERVED_IGME_1M
MINE_0192,Couso / Vega Misada - Los Lagos,42.656124,-6.726638,1,OxREP_v3_Roman_Exploitation,1,0,0,0,550.0,,,,33935.8,34769.0,0.0,194541.5816090305,4729365.208294091,Cuarcitas; pizarras; areniscas; calizas y vulcanitas,PALEOZOICO,,OBSERVED_POINT_ONLY,OBSERVED_IGME_1M
MINE_0193,Cousos,42.77369785,-6.0659586,1,OxREP_v3_Roman_Exploitation,1,0,0,0,550.0,,,,23789.0,25492.4,0.0,249174.13077154383,4740244.557740298,Cuarcitas; pizarras; areniscas; calizas y vulcanitas,PROTEROZOICO-PALEOZOICO,,OBSERVED_POINT_ONLY,OBSERVED_IGME_1M
MINE_0194,Covas / Covarradeiras,43.54639773,-8.2696313,1,OxREP_v3_Roman_Exploitation,1,1,0,0,550.0,,,,880.7,774.7,0.0767,74275.75321188953,4835001.612061992,Rocas metamorficas,PROTEROZOICO-PALEOZOICO,UNIDADES ALOCTONAS DEL MACIZO HESPERICO,OBSERVED_POINT_ONLY,OBSERVED_IGME_1M
MINE_0195,Covas,43.04589,-6.991571,1,OxREP_v3_Roman_Exploitation,1,0,0,0,550.0,,,,1497.1,1099.8,0.2446,174877.60965436994,4773647.597664078,Cuarcitas; pizarras; areniscas; calizas y vulcanitas,PALEOZOICO,,OBSERVED_POINT_ONLY,OBSERVED_IGME_1M
MINE_0196,Cruz de la Curiaoz,38.42126628,-4.68039707,1,OxREP_v3_Roman_Exploitation,0,1,0,0,550.0,,,,11473.6,12015.3,0.0,353308.7461310765,4253894.070299031,Granitoides de emplazamiento epi-mesozonal,PALEOZOICO,ROCAS PLUTONICAS HERCINICAS,OBSERVED_POINT_ONLY,OBSERVED_IGME_1M
MINE_0197,Cuartín de los Moros,42.744506,-6.087344,1,OxREP_v3_Roman_Exploitation,1,0,0,0,550.0,,,,27195.0,28828.7,0.0,247305.74414412456,4737066.481510214,Cuarcitas; pizarras; areniscas; calizas y vulcanitas,PALEOZOICO,,OBSERVED_POINT_ONLY,OBSERVED_IGME_1M
MINE_0198,Cubillas,42.645041,-6.285813,1,OxREP_v3_Roman_Exploitation,1,0,0,0,550.0,,,,36560.1,37896.3,0.0,230629.9545490822,4726634.061614522,Conglomerados; areniscas; arcillas; calizas y evaporitas; Vulcanitas basicas,CENOZOICO,,OBSERVED_POINT_ONLY,OBSERVED_IGME_1M
MINE_0199,Cuenca del Oro,43.03506,-6.862859,1,OxREP_v3_Roman_Exploitation,1,0,0,0,550.0,,,,949.6,2376.6,0.3813,185307.1663840072,4771953.41940244,Cuarcitas; pizarras; areniscas; calizas y vulcanitas,PALEOZOICO,,OBSERVED_POINT_ONLY,OBSERVED_IGME_1M
MINE_0200,Cuentas,43.029604,-6.872695,1,OxREP_v3_Roman_Exploitation,1,0,0,0,550.0,,,,7.4,3215.5,0.4296,184477.7858879487,4771384.415752966,Cuarcitas; pizarras; areniscas; calizas y vulcanitas,PALEOZOICO,,OBSERVED_POINT_ONLY,OBSERVED_IGME_1M
MINE_0201,Cuesta de Romo,38.37132984,-4.81368711,1,OxREP_v3_Roman_Exploitation,0,1,0,0,550.0,,,,21523.8,13501.7,0.0,341563.2647465782,4248573.067920858,Granitoides de emplazamiento epi-mesozonal,PALEOZOICO,ROCAS PLUTONICAS HERCINICAS,OBSERVED_POINT_ONLY,OBSERVED_IGME_1M
MINE_0202,Cuesta del Caballo,42.76759,-5.763846,1,OxREP_v3_Roman_Exploitation,1,0,0,0,550.0,,,,24798.9,25051.5,0.0,273869.3002772932,4738711.545744694,Conglomerados; areniscas; arcillas y calizas; Evaporitas,CENOZOICO,,OBSERVED_POINT_ONLY,OBSERVED_IGME_1M
MINE_0203,Cueva de la Lapa,38.12040179,-6.92596891,1,OxREP_v3_Roman_Exploitation,0,1,0,0,550.0,,,,33561.5,33967.2,0.0,155810.1336752844,4226459.889250271,Areniscas; pizarras y calizas,PALEOZOICO,,OBSERVED_POINT_ONLY,OBSERVED_IGME_1M
MINE_0204,Cueva de la Mora,37.78241534,-6.82072052,1,OxREP_v3_Roman_Exploitation,0,1,1,0,550.0,,,,72017.5,72283.9,0.0,163499.55873573112,4188553.644040298,Areniscas; pizarras y calizas,PALEOZOICO,,OBSERVED_POINT_ONLY,OBSERVED_IGME_1M
MINE_0205,Cueva de la Paloma,37.33702823,-2.44762284,1,OxREP_v3_Roman_Exploitation,0,1,0,0,550.0,,,,52313.5,48726.7,0.0,548930.77573395,4132404.1286119497,Rocas metamorficas,PALEOZOICO-MESOZOICO,BLOQUE DE ALBORAN,OBSERVED_POINT_ONLY,OBSERVED_IGME_1M
MINE_0206,Cueva de Xuan Rata,43.277882,-6.690545,1,OxREP_v3_Roman_Exploitation,1,0,0,0,550.0,,,,9859.3,6776.8,0.0,200536.18180643226,4798290.317972092,Cuarcitas; pizarras; areniscas; calizas y vulcanitas,PALEOZOICO,,OBSERVED_POINT_ONLY,OBSERVED_IGME_1M
MINE_0207,Cueva del Hierro,40.58513,-2.037399,1,OxREP_v3_Roman_Exploitation,0,0,0,0,550.0,,,,20069.4,20069.4,0.0,581462.297778341,4493149.434332121,Conglomerados; areniscas; calizas; yesos y arcillas versicolores,MESOZOICO,,OBSERVED_POINT_ONLY,OBSERVED_IGME_1M
MINE_0208,Cueva del Monje,37.51221271,-6.46581346,1,OxREP_v3_Roman_Exploitation,0,1,0,0,550.0,,,,106624.8,103191.7,0.0,193657.69835324347,4157342.0982726826,Areniscas; pizarras y calizas,PALEOZOICO,,OBSERVED_POINT_ONLY,OBSERVED_IGME_1M
MINE_0209,Dehesa,38.25890445,-5.80105636,1,OxREP_v3_Roman_Exploitation,0,0,1,1,550.0,,,,26875.5,25013.5,0.0,254918.8720653508,4238252.855217886,Gneises; esquistos; marmoles y vulcanitas,PROTEROZOICO-PALEOZOICO,,OBSERVED_POINT_ONLY,OBSERVED_IGME_1M
MINE_0210,Dehesa Boyal,38.34777592,-4.82475832,1,OxREP_v3_Roman_Exploitation,0,1,0,0,550.0,,,,24282.8,16254.9,0.0,340544.3717764304,4245978.313611747,Granitoides de emplazamiento epi-mesozonal,PALEOZOICO,ROCAS PLUTONICAS HERCINICAS,OBSERVED_POINT_ONLY,OBSERVED_IGME_1M
MINE_0211,Dehesa de Covatillas,37.86631756,-4.99212838,1,OxREP_v3_Roman_Exploitation,0,0,1,1,550.0,,,,75720.7,69896.5,0.0,324770.6387631251,4192853.149852637,Gneises; esquistos; marmoles y vulcanitas,PROTEROZOICO,,OBSERVED_POINT_ONLY,OBSERVED_IGME_1M
MINE_0212,Dehesa de la Mesa,38.19168364,-5.57395462,1,OxREP_v3_Roman_Exploitation,0,0,1,1,550.0,,,,30879.4,30956.3,0.0,274585.12456710625,4230214.841922596,Gneises; esquistos; marmoles y vulcanitas,PROTEROZOICO-PALEOZOICO,,OBSERVED_POINT_ONLY,OBSERVED_IGME_1M
MINE_0213,Dehesa de los Llanos,38.0233743,-4.80699259,1,OxREP_v3_Roman_Exploitation,0,1,0,0,550.0,,,,56942.3,51932.1,0.0,341394.84283182747,4209949.340056545,Conglomerados; areniscas; pizarras; calizas y vulcanitas; Carbon,PALEOZOICO,,OBSERVED_POINT_ONLY,OBSERVED_IGME_1M
MINE_0214,Dehesa de Quirós,38.33011872,-4.78670049,1,OxREP_v3_Roman_Exploitation,0,1,0,0,550.0,,,,24750.0,17853.6,0.0,343832.3750174566,4243953.820304997,Granitoides de emplazamiento epi-mesozonal,PALEOZOICO,ROCAS PLUTONICAS HERCINICAS,OBSERVED_POINT_ONLY,OBSERVED_IGME_1M
MINE_0215,Dehesa Lavera,38.49075602,-5.02555274,1,OxREP_v3_Roman_Exploitation,0,1,0,0,550.0,,,,14520.3,7562.6,0.0,323345.1613064271,4262211.625728438,Granitoides de emplazamiento epi-mesozonal,PALEOZOICO,ROCAS PLUTONICAS HERCINICAS,OBSERVED_POINT_ONLY,OBSERVED_IGME_1M
MINE_0216,Dehesa Quebradillas,38.38935788,-4.49780491,1,OxREP_v3_Roman_Exploitation,0,1,0,0,550.0,,,,12407.6,12317.1,0.0,369191.6072273026,4250078.429300165,Granitoides de emplazamiento epi-mesozonal,PALEOZOICO,ROCAS PLUTONICAS HERCINICAS,OBSERVED_POINT_ONLY,OBSERVED_IGME_1M
MINE_0217,Diana,37.74445608,-6.255768279,1,OxREP_v3_Roman_Exploitation,0,0,1,1,550.0,,,,78141.9,78064.8,0.0,213124.15537992405,4182454.931362534,Plutonismo orogenico calcoalcalino toleitico,PALEOZOICO,ROCAS PLUTONICAS HERCINICAS,OBSERVED_POINT_ONLY,OBSERVED_IGME_1M
MINE_0218,Diógenes,38.42919649,-3.76014518,1,OxREP_v3_Roman_Exploitation,0,0,1,1,550.0,,,,14224.0,14717.0,0.0,433651.67448841745,4253710.572771767,Gneises; esquistos; marmoles y vulcanitas,PROTEROZOICO,,OBSERVED_POINT_ONLY,OBSERVED_IGME_1M
MINE_0219,Dolores,39.5023367,-4.88450842,1,OxREP_v3_Roman_Exploitation,0,0,1,1,550.0,,,,10769.9,5062.1,0.0,337971.61266789807,4374219.1692971615,Gneises; esquistos; marmoles y vulcanitas,PROTEROZOICO,,OBSERVED_POINT_ONLY,OBSERVED_IGME_1M
MINE_0220,Dozón,42.570297,-8.048891,1,OxREP_v3_Roman_Exploitation,1,0,0,0,550.0,,,,37839.0,37839.0,0.0,85571.25985402736,4725468.1751258,Areniscas; pizarras y calizas,PALEOZOICO,,OBSERVED_POINT_ONLY,OBSERVED_IGME_1M
MINE_0221,El Aramo,43.1874306,-5.896539862,1,OxREP_v3_Roman_Exploitation,0,1,0,0,550.0,,,,728.5,3350.7,0.2951,264620.20414176234,4785702.696798581,Conglomerados; areniscas; pizarras; calizas y vulcanitas; Carbon,PALEOZOICO,,OBSERVED_POINT_ONLY,OBSERVED_IGME_1M
MINE_0222,El Aro la Gándara,42.652513,-6.34146,1,OxREP_v3_Roman_Exploitation,1,0,0,0,550.0,,,,36278.4,36314.5,0.0,226100.42734690558,4727642.833586956,Conglomerados; areniscas; arcillas y calizas; Evaporitas,CENOZOICO,,OBSERVED_POINT_ONLY,OBSERVED_IGME_1M
MINE_0223,El Bachicón de Fresnedo,43.25583997,-6.621699584,1,OxREP_v3_Roman_Exploitation,1,0,0,0,550.0,,,,3764.3,1244.0,0.0735,206016.7912711564,4795597.443323115,Cuarcitas; pizarras; areniscas; calizas y vulcanitas,PALEOZOICO,,OBSERVED_POINT_ONLY,OBSERVED_IGME_1M
MINE_0224,El Barrero,42.500821,-6.166731,1,OxREP_v3_Roman_Exploitation,1,0,0,0,550.0,,,,52672.3,56020.6,0.0,239793.61739732584,4710244.944173165,Cuarcitas; pizarras; areniscas; calizas y vulcanitas,PALEOZOICO,,OBSERVED_POINT_ONLY,OBSERVED_IGME_1M
MINE_0225,El Barrero,42.433849,-6.717874,1,OxREP_v3_Roman_Exploitation,1,0,0,0,550.0,,,,58422.8,59155.1,0.0,194175.37137575238,4704647.746209274,Cuarcitas; pizarras; areniscas; calizas y vulcanitas,PALEOZOICO,,OBSERVED_POINT_ONLY,OBSERVED_IGME_1M
MINE_0226,El Borracho,38.88410269,-4.93042278,1,OxREP_v3_Roman_Exploitation,0,1,1,1,550.0,,,,2274.2,635.8,0.1565,332562.1650110347,4305686.507586144,Cuarcitas; pizarras; areniscas; calizas y vulcanitas,PALEOZOICO,,OBSERVED_POINT_ONLY,OBSERVED_IGME_1M
MINE_0227,El Bronce,43.303133,-6.257703,1,OxREP_v3_Roman_Exploitation,1,0,0,0,550.0,,,,7743.8,5836.9,0.0,235770.42205041635,4799632.958168041,Cuarcitas; pizarras; areniscas; calizas y vulcanitas,PALEOZOICO,,OBSERVED_POINT_ONLY,OBSERVED_IGME_1M
MINE_0228,El Buho,38.74690711,-5.53713651,1,OxREP_v3_Roman_Exploitation,0,0,1,1,550.0,,,,2805.6,2894.1,0.0293,279508.6120424991,4291747.767154341,Gneises; esquistos; marmoles y vulcanitas,PROTEROZOICO,,OBSERVED_POINT_ONLY,OBSERVED_IGME_1M
MINE_0229,El Burcio,38.55414094,-3.99105831,1,OxREP_v3_Roman_Exploitation,0,0,1,1,550.0,,,,2536.7,2991.6,0.0535,413645.57866324263,4267766.518405153,Gneises; esquistos; marmoles y vulcanitas,PROTEROZOICO,,OBSERVED_POINT_ONLY,OBSERVED_IGME_1M
MINE_0230,El Cabrucal de Trelles,43.48458266,-6.727207833,1,OxREP_v3_Roman_Exploitation,1,0,0,0,550.0,,,,7417.4,6481.4,0.0,198588.2228423563,4821380.608983182,Cuarcitas; pizarras; areniscas; calizas y vulcanitas,PALEOZOICO,,OBSERVED_POINT_ONLY,OBSERVED_IGME_1M
MINE_0231,El Calvo,38.28201657,-5.81891239,1,OxREP_v3_Roman_Exploitation,0,0,1,1,550.0,,,,24815.8,22283.2,0.0,253434.4779737822,4240865.533273442,Conglomerados; areniscas; arcillas; calizas y evaporitas; Vulcanitas basicas,CENOZOICO,,OBSERVED_POINT_ONLY,OBSERVED_IGME_1M
MINE_0232,El Campillo,38.05731622,-6.89226707,1,OxREP_v3_Roman_Exploitation,0,1,0,0,550.0,,,,40864.9,41181.6,0.0,158471.92048465536,4219331.737938557,Areniscas; pizarras y calizas,PALEOZOICO,,OBSERVED_POINT_ONLY,OBSERVED_IGME_1M
MINE_0233,El Canalón,42.321874,-6.329764,1,OxREP_v3_Roman_Exploitation,1,0,0,0,550.0,,,,72657.2,73012.7,0.0,225616.286203811,4690885.865580618,Cuarcitas; pizarras; areniscas; calizas y vulcanitas,PALEOZOICO,,OBSERVED_POINT_ONLY,OBSERVED_IGME_1M
MINE_0234,El Carbedón - Las Lastras,42.667622,-6.82623,1,OxREP_v3_Roman_Exploitation,1,0,0,0,550.0,,,,31655.3,32096.8,0.0,186435.29146243242,4731007.354451293,Cuarcitas; pizarras; areniscas; calizas y vulcanitas,PALEOZOICO,,OBSERVED_POINT_ONLY,OBSERVED_IGME_1M
MINE_0235,El Cardal - Los Regueiricos,42.328407,-6.410587,1,OxREP_v3_Roman_Exploitation,1,0,0,0,550.0,,,,72258.2,71641.5,0.0,218984.5803934859,4691875.478979856,Cuarcitas; pizarras; areniscas; calizas y vulcanitas,PALEOZOICO,,OBSERVED_POINT_ONLY,OBSERVED_IGME_1M
MINE_0236,El Carpio,37.81226434,-6.97552107,1,OxREP_v3_Roman_Exploitation,0,1,0,0,550.0,,,,67695.2,68237.7,0.0,150001.64581066335,4192436.733774912,Areniscas; pizarras y calizas,PALEOZOICO,,OBSERVED_POINT_ONLY,OBSERVED_IGME_1M
MINE_0237,El Carril,42.255556,-6.28292,1,OxREP_v3_Roman_Exploitation,1,0,0,0,550.0,,,,79712.9,80694.3,0.0,229192.53903976543,4683370.962818159,Cuarcitas; pizarras; areniscas; calizas y vulcanitas,PALEOZOICO,,OBSERVED_POINT_ONLY,OBSERVED_IGME_1M
MINE_0238,El Carrozo de la Fucarona,42.480441,-6.251635,1,OxREP_v3_Roman_Exploitation,1,0,0,0,550.0,,,,54642.7,56370.6,0.0,232729.65340108104,4708245.9571203375,Cuarcitas; pizarras; areniscas; calizas y vulcanitas,PALEOZOICO,,OBSERVED_POINT_ONLY,OBSERVED_IGME_1M
MINE_0239,El Castillo,38.29755179,-3.59870814,1,OxREP_v3_Roman_Exploitation,0,0,1,1,550.0,,,,34489.5,34932.8,0.0,447647.901316483,4238999.366573889,Cuarcitas; pizarras; areniscas; calizas y vulcanitas,PALEOZOICO,,OBSERVED_POINT_ONLY,OBSERVED_IGME_1M
MINE_0240,El Centenillo,38.33904894,-3.73715927,1,OxREP_v3_Roman_Exploitation,0,0,1,1,550.0,,,,23112.8,23395.2,0.0,435578.08117724134,4243691.371968687,Conglomerados; areniscas; pizarras; calizas y vulcanitas; Carbon,PALEOZOICO,,OBSERVED_POINT_ONLY,OBSERVED_IGME_1M
MINE_0241,El Charcón,37.46227813,-1.647137774,1,OxREP_v3_Roman_Exploitation,0,0,1,1,550.0,,,,7320.3,398.7,0.0,619642.6414552187,4147015.6166673056,Rocas metamorficas,PALEOZOICO-MESOZOICO,BLOQUE DE ALBORAN,OBSERVED_POINT_ONLY,OBSERVED_IGME_1M
MINE_0242,El Chaves,38.13800816,-3.65483854,1,OxREP_v3_Roman_Exploitation,0,0,1,1,550.0,,,,46111.3,46274.3,0.0,442614.53771068144,4221330.013966577,Conglomerados; areniscas; calizas; yesos y arcillas versicolores,MESOZOICO,,OBSERVED_POINT_ONLY,OBSERVED_IGME_1M
MINE_0243,El Chorrillo,38.43076709,-3.9286322,1,OxREP_v3_Roman_Exploitation,0,0,1,1,550.0,,,,8578.2,9315.9,0.0,418946.9814685633,4254019.572660483,Cuarcitas; pizarras; areniscas; calizas y vulcanitas,PALEOZOICO,,OBSERVED_POINT_ONLY,OBSERVED_IGME_1M
MINE_0244,El Cobacho - La Rozada,42.506399,-6.700063,1,OxREP_v3_Roman_Exploitation,1,0,0,0,550.0,,,,50277.3,51030.2,0.0,195992.47148369707,4712640.959655309,Conglomerados; areniscas; arcillas; calizas y evaporitas; Vulcanitas basicas,CENOZOICO,,OBSERVED_POINT_ONLY,OBSERVED_IGME_1M
MINE_0245,El Corón - El Barrial - Fascias,42.649196,-6.360162,1,OxREP_v3_Roman_Exploitation,1,0,0,0,550.0,,,,36840.7,36547.8,0.0,224552.62455076375,4727335.277034238,Conglomerados; areniscas; arcillas y calizas; Evaporitas,CENOZOICO,,OBSERVED_POINT_ONLY,OBSERVED_IGME_1M
MINE_0246,El Corón de Losada,42.666101,-6.434502,1,OxREP_v3_Roman_Exploitation,1,0,0,0,550.0,,,,34883.2,34256.4,0.0,218534.39730036224,4729457.83905282,Areniscas; pizarras y calizas,PALEOZOICO,,OBSERVED_POINT_ONLY,OBSERVED_IGME_1M
MINE_0247,El Corón de Pombía,42.636584,-6.312041,1,OxREP_v3_Roman_Exploitation,1,0,0,0,550.0,,,,37786.6,38399.6,0.0,228442.77344281704,4725778.824519759,Conglomerados; areniscas; arcillas; calizas y evaporitas; Vulcanitas basicas,CENOZOICO,,OBSERVED_POINT_ONLY,OBSERVED_IGME_1M
MINE_0248,El Corón de San Justo,42.697321,-6.364151,1,OxREP_v3_Roman_Exploitation,1,0,0,0,550.0,,,,31618.7,31189.0,0.0,224438.5518912794,4732692.944816514,Conglomerados; areniscas; arcillas; calizas y evaporitas; Vulcanitas basicas,CENOZOICO,,OBSERVED_POINT_ONLY,OBSERVED_IGME_1M
MINE_0249,El Covanallo,42.24081,-6.268568,1,OxREP_v3_Roman_Exploitation,1,0,0,0,550.0,,,,81302.7,82457.3,0.0,230313.67950092413,4681687.83181131,Cuarcitas; pizarras; areniscas; calizas y vulcanitas,PALEOZOICO,,OBSERVED_POINT_ONLY,OBSERVED_IGME_1M
MINE_0250,El Cubanallo Fondo,42.237656,-6.332945,1,OxREP_v3_Roman_Exploitation,1,0,0,0,550.0,,,,81995.9,82301.4,0.0,224987.7076311448,4681543.534711751,Cuarcitas; pizarras; areniscas; calizas y vulcanitas,PALEOZOICO,,OBSERVED_POINT_ONLY,OBSERVED_IGME_1M
MINE_0251,El Cuerno de Bobia - Las Canalejas,42.785835,-5.854274,1,OxREP_v3_Roman_Exploitation,1,0,0,0,550.0,,,,22048.7,22131.4,0.0,266538.8480608392,4740984.260772098,Conglomerados; areniscas; pizarras; calizas y vulcanitas; Carbon,PALEOZOICO,,OBSERVED_POINT_ONLY,OBSERVED_IGME_1M
MINE_0252,El Desierto,37.91682821,-4.82351069,1,OxREP_v3_Roman_Exploitation,0,1,0,0,550.0,,,,68750.4,63809.8,0.0,339713.2962996657,4198154.727755966,Cuarcitas; pizarras; areniscas; calizas y vulcanitas,PALEOZOICO,,OBSERVED_POINT_ONLY,OBSERVED_IGME_1M
MINE_0253,El Escalerón,42.245249,-6.319171,1,OxREP_v3_Roman_Exploitation,1,0,0,0,550.0,,,,81053.0,81568.5,0.0,226157.24515589786,4682342.3450522395,Cuarcitas; pizarras; areniscas; calizas y vulcanitas,PALEOZOICO,,OBSERVED_POINT_ONLY,OBSERVED_IGME_1M
MINE_0254,El Francés,37.88189495,-5.04701024,1,OxREP_v3_Roman_Exploitation,0,1,1,1,550.0,,,,71967.6,68994.8,0.0,319980.60876791505,4194686.232390807,Gneises; esquistos; marmoles y vulcanitas,PROTEROZOICO,,OBSERVED_POINT_ONLY,OBSERVED_IGME_1M
MINE_0255,El Fresnillo,38.23192951,-4.09824722,1,OxREP_v3_Roman_Exploitation,0,1,0,0,550.0,,,,33032.0,33120.1,0.0,403879.9042396473,4232118.720670518,Granitoides de emplazamiento epi-mesozonal,PALEOZOICO,ROCAS PLUTONICAS HERCINICAS,OBSERVED_POINT_ONLY,OBSERVED_IGME_1M
MINE_0256,El Fucarón de Villalaín I,43.1299,-6.813383,1,OxREP_v3_Roman_Exploitation,1,0,0,0,550.0,,,,1086.6,2149.6,0.2928,189817.78738833516,4782302.413460017,Cuarcitas; pizarras; areniscas; calizas y vulcanitas,PALEOZOICO,,OBSERVED_POINT_ONLY,OBSERVED_IGME_1M
MINE_0257,El Fucarón de Villalaín II,43.122773,-6.826052,1,OxREP_v3_Roman_Exploitation,1,0,0,0,550.0,,,,1312.5,2076.5,0.259,188750.99561013107,4781557.879736524,Cuarcitas; pizarras; areniscas; calizas y vulcanitas,PALEOZOICO,,OBSERVED_POINT_ONLY,OBSERVED_IGME_1M
MINE_0258,El Fucarón de Villalaín III,43.123558,-6.813899,1,OxREP_v3_Roman_Exploitation,1,0,0,0,550.0,,,,1421.3,1505.2,0.312,189743.71090796083,4781599.939141594,Cuarcitas; pizarras; areniscas; calizas y vulcanitas,PALEOZOICO,,OBSERVED_POINT_ONLY,OBSERVED_IGME_1M
MINE_0259,El Galayo,37.78827228,-5.429153002,1,OxREP_v3_Roman_Exploitation,0,0,1,1,550.0,,,,75051.7,75480.9,0.0,286099.02403517824,4185103.1585564483,Areniscas; pizarras y calizas,PALEOZOICO,,OBSERVED_POINT_ONLY,OBSERVED_IGME_1M
MINE_0260,El Gallo,38.54992087,-4.34810714,1,OxREP_v3_Roman_Exploitation,0,0,1,1,550.0,,,,4942.1,2935.9,0.0078,382526.6576269166,4267694.100296667,Gneises; esquistos; marmoles y vulcanitas,PROTEROZOICO,,OBSERVED_POINT_ONLY,OBSERVED_IGME_1M
MINE_0261,El Ganso,42.46790375,-6.221617692,1,OxREP_v3_Roman_Exploitation,1,0,0,0,550.0,,,,56034.3,58268.4,0.0,235144.25903045677,4706759.412314231,Cuarcitas; pizarras; areniscas; calizas y vulcanitas,PALEOZOICO,,OBSERVED_POINT_ONLY,OBSERVED_IGME_1M
MINE_0262,El Hambre,38.17113815,-5.50715773,1,OxREP_v3_Roman_Exploitation,0,0,1,1,550.0,,,,33657.1,33112.6,0.0,280374.06547194225,4227774.18046833,Gneises; esquistos; marmoles y vulcanitas,PROTEROZOICO-PALEOZOICO,,OBSERVED_POINT_ONLY,OBSERVED_IGME_1M
MINE_0263,El Hondillo,38.19058564,-3.31442386,1,OxREP_v3_Roman_Exploitation,0,1,0,0,550.0,,,,61270.6,55184.7,0.0,472465.98856688064,4227007.947405361,Conglomerados; areniscas; calizas; yesos y arcillas versicolores,MESOZOICO,,OBSERVED_POINT_ONLY,OBSERVED_IGME_1M
MINE_0264,El Humiliadero,38.22485907,-4.05706472,1,OxREP_v3_Roman_Exploitation,0,1,0,0,550.0,,,,33809.2,34720.9,0.0,407475.3938279574,4231292.218956986,Granitoides de emplazamiento epi-mesozonal,PALEOZOICO,ROCAS PLUTONICAS HERCINICAS,OBSERVED_POINT_ONLY,OBSERVED_IGME_1M
MINE_0265,El Infierno,38.2363282,-5.60030384,1,OxREP_v3_Roman_Exploitation,0,0,1,1,550.0,,,,25892.7,26450.8,0.0,272416.4086817665,4235234.115315722,Gneises; esquistos; marmoles y vulcanitas,PROTEROZOICO,,OBSERVED_POINT_ONLY,OBSERVED_IGME_1M
MINE_0266,El Ingertal,37.8422045,-4.97235898,1,OxREP_v3_Roman_Exploitation,0,0,1,1,550.0,,,,78903.9,72351.1,0.0,326453.1983130141,4190140.4802423143,Gneises; esquistos; marmoles y vulcanitas,PROTEROZOICO,,OBSERVED_POINT_ONLY,OBSERVED_IGME_1M
MINE_0267,El Judío,38.90292698,-6.27886994,1,OxREP_v3_Roman_Exploitation,0,0,1,0,550.0,,,,8974.0,1010.5,0.0,215656.2543529194,4311116.9667199515,Conglomerados; areniscas; arcillas; calizas y evaporitas; Vulcanitas basicas,CENOZOICO,,OBSERVED_POINT_ONLY,OBSERVED_IGME_1M
MINE_0268,El Juncal,38.1001121,-6.87823353,1,OxREP_v3_Roman_Exploitation,0,1,0,0,550.0,,,,36382.0,36625.6,0.0,159902.39300366922,4224031.142620355,Areniscas; pizarras y calizas,PALEOZOICO,,OBSERVED_POINT_ONLY,OBSERVED_IGME_1M
MINE_0269,El Saldonal,42.448522,-6.145288,1,OxREP_v3_Roman_Exploitation,1,0,0,0,550.0,,,,58651.2,62035.5,0.0,241340.20553117595,4704371.340684003,Cuarcitas; pizarras; areniscas; calizas y vulcanitas,PALEOZOICO,,OBSERVED_POINT_ONLY,OBSERVED_IGME_1M
MINE_0270,El Lagunazo,37.62794056,-7.16541952,1,OxREP_v3_Roman_Exploitation,0,1,0,0,550.0,,,,90019.9,90120.1,0.0,132364.2930486842,4172702.641574214,Conglomerados; areniscas; pizarras; calizas y vulcanitas; Carbon,PALEOZOICO,,OBSERVED_POINT_ONLY,OBSERVED_IGME_1M
MINE_0271,El Lirio,38.22892347,-5.61153374,1,OxREP_v3_Roman_Exploitation,0,0,1,1,550.0,,,,26759.3,27480.8,0.0,271410.1888395928,4234440.001294607,Gneises; esquistos; marmoles y vulcanitas,PROTEROZOICO-PALEOZOICO,,OBSERVED_POINT_ONLY,OBSERVED_IGME_1M
MINE_0272,El Mico,37.98164667,-4.83252668,1,OxREP_v3_Roman_Exploitation,0,1,0,0,550.0,,,,62009.6,56678.4,0.0,339062.24138546805,4205362.858063836,Granitoides alcalinos postcinematicos,PALEOZOICO,ROCAS PLUTONICAS HERCINICAS,OBSERVED_POINT_ONLY,OBSERVED_IGME_1M
MINE_0273,El Miédalo I,42.409456,-6.647353,1,OxREP_v3_Roman_Exploitation,1,0,0,0,550.0,,,,60981.2,61659.6,0.0,199860.5060740909,4701686.7666730415,Cuarcitas; pizarras; areniscas; calizas y vulcanitas,PALEOZOICO,,OBSERVED_POINT_ONLY,OBSERVED_IGME_1M
MINE_0274,El Miédalo II,42.404725,-6.644943,1,OxREP_v3_Roman_Exploitation,1,0,0,0,550.0,,,,61511.7,62187.1,0.0,200036.27650219394,4701152.830403208,Cuarcitas; pizarras; areniscas; calizas y vulcanitas,PALEOZOICO,,OBSERVED_POINT_ONLY,OBSERVED_IGME_1M
MINE_0275,El Mochuelo,38.57812384,-4.57579891,1,OxREP_v3_Roman_Exploitation,0,0,1,1,550.0,,,,1774.8,1343.2,0.0965,362738.3432946152,4271139.431642107,Gneises; esquistos; marmoles y vulcanitas,PROTEROZOICO,,OBSERVED_POINT_ONLY,OBSERVED_IGME_1M
MINE_0276,El Morte,38.37426398,-2.91146018,1,OxREP_v3_Roman_Exploitation,0,0,1,1,550.0,,,,67667.7,35485.8,0.0,507733.8874314475,4247345.422062157,Cuarcitas; pizarras; areniscas; calizas y vulcanitas,PALEOZOICO,,OBSERVED_POINT_ONLY,OBSERVED_IGME_1M
MINE_0277,El Nido,38.61400244,-4.33722013,1,OxREP_v3_Roman_Exploitation,0,0,1,1,550.0,,,,2436.8,2326.9,0.0799,383578.9057123098,4274791.368093904,Gneises; esquistos; marmoles y vulcanitas,PROTEROZOICO,,OBSERVED_POINT_ONLY,OBSERVED_IGME_1M
MINE_0278,El Pedregal / Las Medorras,42.5555517,-6.891479513,1,OxREP_v3_Roman_Exploitation,1,0,0,0,550.0,,,,44175.7,44474.1,0.0,180514.1107217343,4718805.05392703,Cuarcitas; pizarras; areniscas; calizas y vulcanitas,PALEOZOICO,,OBSERVED_POINT_ONLY,OBSERVED_IGME_1M
MINE_0279,El Pedregalón,42.451955,-6.28557,1,OxREP_v3_Roman_Exploitation,1,0,0,0,550.0,,,,57935.2,59010.0,0.0,229817.45930339769,4705190.056026966,Cuarcitas; pizarras; areniscas; calizas y vulcanitas,PALEOZOICO,,OBSERVED_POINT_ONLY,OBSERVED_IGME_1M
MINE_0280,El Pedroso,37.85630479,-5.775372282,1,OxREP_v3_Roman_Exploitation,0,0,0,0,550.0,,,,69949.4,69706.2,0.0,255831.24622311344,4193502.6747770132,Granitoides de emplazamiento epi-mesozonal,PALEOZOICO,ROCAS PLUTONICAS HERCINICAS,OBSERVED_POINT_ONLY,OBSERVED_IGME_1M
MINE_0281,El Peligro I,43.315115,-6.479588,1,OxREP_v3_Roman_Exploitation,1,0,0,0,550.0,,,,4684.3,4722.9,0.004,217827.73326129577,4801690.366229785,Gneises; esquistos; marmoles y vulcanitas,PROTEROZOICO,,OBSERVED_POINT_ONLY,OBSERVED_IGME_1M
MINE_0282,El Peligro II,43.311711,-6.474524,1,OxREP_v3_Roman_Exploitation,1,0,0,0,550.0,,,,4883.7,5169.5,0.0014,218222.67417145125,4801295.176839373,Gneises; esquistos; marmoles y vulcanitas,PROTEROZOICO,,OBSERVED_POINT_ONLY,OBSERVED_IGME_1M
MINE_0283,El Piconcillo,38.14685916,-5.44601668,1,OxREP_v3_Roman_Exploitation,0,1,1,1,550.0,,,,35376.1,35753.9,0.0,285659.6659630793,4224936.531222825,Gneises; esquistos; marmoles y vulcanitas,PROTEROZOICO-PALEOZOICO,,OBSERVED_POINT_ONLY,OBSERVED_IGME_1M
MINE_0284,El Pisón,42.461708,-6.29778,1,OxREP_v3_Roman_Exploitation,1,0,0,0,550.0,,,,56933.8,57798.7,0.0,228855.42293024878,4706312.150406785,Cuarcitas; pizarras; areniscas; calizas y vulcanitas,PALEOZOICO,,OBSERVED_POINT_ONLY,OBSERVED_IGME_1M
MINE_0285,El Pleito,38.8051128,-4.34591322,1,OxREP_v3_Roman_Exploitation,0,0,1,1,550.0,,,,448.8,1196.5,0.1839,383133.64746424113,4296010.382876997,Gneises; esquistos; marmoles y vulcanitas,PROTEROZOICO,,OBSERVED_POINT_ONLY,OBSERVED_IGME_1M
MINE_0286,El Plonción / Los Vallados - Las Simonas,42.7141919,-5.928256284,1,OxREP_v3_Roman_Exploitation,1,0,0,0,550.0,,,,29903.3,29903.3,0.0,260210.9052001509,4733235.54598016,Cuarcitas; pizarras; areniscas; calizas y vulcanitas,PALEOZOICO,,OBSERVED_POINT_ONLY,OBSERVED_IGME_1M
MINE_0287,El Prindero,42.772139,-5.937221,1,OxREP_v3_Roman_Exploitation,1,0,0,0,550.0,,,,23580.2,23580.2,0.0,259700.85613499762,4739696.373247872,Gneises; esquistos; marmoles y vulcanitas,PROTEROZOICO,,OBSERVED_POINT_ONLY,OBSERVED_IGME_1M
MINE_0288,El Regueral o Las Torcas,42.579683,-6.348329,1,OxREP_v3_Roman_Exploitation,1,0,0,0,550.0,,,,44387.6,44323.4,0.0,225216.91630969237,4719576.865333739,Conglomerados; areniscas; pizarras; calizas y vulcanitas; Carbon,PALEOZOICO,,OBSERVED_POINT_ONLY,OBSERVED_IGME_1M
MINE_0289,El Revolveredo,42.569888,-6.50221,1,OxREP_v3_Roman_Exploitation,1,0,0,0,550.0,,,,44871.2,44151.6,0.0,212542.2038196234,4719000.532168465,Conglomerados; areniscas; arcillas; calizas y evaporitas; Vulcanitas basicas,CENOZOICO,,OBSERVED_POINT_ONLY,OBSERVED_IGME_1M
MINE_0290,El Rincón,37.8819387,-5.25174452,1,OxREP_v3_Roman_Exploitation,0,0,1,1,550.0,,,,66068.4,66672.5,0.0,301973.6659930278,4195106.072511024,Gneises; esquistos; marmoles y vulcanitas,PROTEROZOICO,,OBSERVED_POINT_ONLY,OBSERVED_IGME_1M
MINE_0291,El Rosico de Trevías,43.503115,-6.421858,1,OxREP_v3_Roman_Exploitation,1,0,0,0,550.0,,,,863.8,1740.3,0.1715,223367.60327041283,4822377.377989692,Cuarcitas; pizarras; areniscas; calizas y vulcanitas,PROTEROZOICO-PALEOZOICO,,OBSERVED_POINT_ONLY,OBSERVED_IGME_1M
MINE_0292,El Saldonal / Vallecillo,42.447189,-6.15944,1,OxREP_v3_Roman_Exploitation,1,0,0,0,550.0,,,,58662.4,61867.6,0.0,240170.76317054644,4704266.572434824,Cuarcitas; pizarras; areniscas; calizas y vulcanitas,PALEOZOICO,,OBSERVED_POINT_ONLY,OBSERVED_IGME_1M
MINE_0293,El Secuello,42.466982,-6.326313,1,OxREP_v3_Roman_Exploitation,1,0,0,0,550.0,,,,56607.1,56957.0,0.0,226532.1776030762,4706989.516285081,Cuarcitas; pizarras; areniscas; calizas y vulcanitas,PALEOZOICO,,OBSERVED_POINT_ONLY,OBSERVED_IGME_1M
MINE_0294,El Soldado,38.37106981,-5.00494637,1,OxREP_v3_Roman_Exploitation,0,0,1,1,550.0,,,,24287.5,16737.7,0.0,324853.4596483895,4248889.986121447,Conglomerados; areniscas; pizarras; calizas y vulcanitas; Carbon,PALEOZOICO,,OBSERVED_POINT_ONLY,OBSERVED_IGME_1M
MINE_0295,El Soutón,43.351726,-6.693113,1,OxREP_v3_Roman_Exploitation,1,0,0,0,550.0,,,,10807.4,10073.5,0.0,200690.9564751463,4806501.256158851,Cuarcitas; pizarras; areniscas; calizas y vulcanitas,PALEOZOICO,,OBSERVED_POINT_ONLY,OBSERVED_IGME_1M
MINE_0296,El Sumidero y Las Lagunas,42.767247,-6.036392,1,OxREP_v3_Roman_Exploitation,1,0,0,0,550.0,,,,24450.1,26253.9,0.0,251567.34600075067,4739440.585464655,Cuarcitas; pizarras; areniscas; calizas y vulcanitas,PALEOZOICO,,OBSERVED_POINT_ONLY,OBSERVED_IGME_1M
MINE_0297,El Taragudo o Valdolla,42.613897,-6.329689,1,OxREP_v3_Roman_Exploitation,1,0,0,0,550.0,,,,40465.6,40688.9,0.0,226896.39378934703,4723316.156203281,Conglomerados; areniscas; pizarras; calizas y vulcanitas; Carbon,PALEOZOICO,,OBSERVED_POINT_ONLY,OBSERVED_IGME_1M
MINE_0298,El Turialego,42.649237,-6.373113,1,OxREP_v3_Roman_Exploitation,1,0,0,0,550.0,,,,37008.3,36479.4,0.0,223491.0539423474,4727382.1473492775,Conglomerados; areniscas; arcillas y calizas; Evaporitas,CENOZOICO,,OBSERVED_POINT_ONLY,OBSERVED_IGME_1M
MINE_0299,El Valgón,42.742404,-6.665571,1,OxREP_v3_Roman_Exploitation,1,0,0,0,550.0,,,,23954.9,24669.1,0.0,199963.8868542671,4738728.418729678,Areniscas; pizarras y calizas,PALEOZOICO,,OBSERVED_POINT_ONLY,OBSERVED_IGME_1M
MINE_0300,El Vallejo del Castro (La Chana) - Valdedillo - Peña Ceterera,42.360782,-6.335473,1,OxREP_v3_Roman_Exploitation,1,0,0,0,550.0,,,,68412.7,68666.9,0.0,225315.41090293252,4695225.16795991,Cuarcitas; pizarras; areniscas; calizas y vulcanitas,PALEOZOICO,,OBSERVED_POINT_ONLY,OBSERVED_IGME_1M
MINE_0301,Entredicho,38.72610389,-4.67321927,1,OxREP_v3_Roman_Exploitation,0,0,0,0,550.0,,,,117.7,216.7,0.0549,354551.53696204757,4287711.595725961,Cuarcitas; pizarras; areniscas; calizas y vulcanitas,PALEOZOICO,,OBSERVED_POINT_ONLY,OBSERVED_IGME_1M
MINE_0302,Entrepeñas,42.487623,-6.211819,1,OxREP_v3_Roman_Exploitation,1,0,0,0,550.0,,,,53867.3,56343.2,0.0,236032.89177557867,4708918.736755256,Conglomerados; areniscas; arcillas; calizas y evaporitas; Vulcanitas basicas,CENOZOICO,,OBSERVED_POINT_ONLY,OBSERVED_IGME_1M
MINE_0303,Ermita de Andamies,43.42387171,-6.519398065,1,OxREP_v3_Roman_Exploitation,1,0,0,0,550.0,,,,649.3,708.2,0.1242,215109.31179158355,4813905.16179157,Cuarcitas; pizarras; areniscas; calizas y vulcanitas,PROTEROZOICO-PALEOZOICO,,OBSERVED_POINT_ONLY,OBSERVED_IGME_1M
MINE_0304,Ermita de la Estrella,42.50950582,-6.72119809,1,OxREP_v3_Roman_Exploitation,1,0,0,0,550.0,,,,50065.1,50848.0,0.0,194270.90310203563,4713062.104572556,Conglomerados; areniscas; arcillas; calizas y evaporitas; Vulcanitas basicas,CENOZOICO,,OBSERVED_POINT_ONLY,OBSERVED_IGME_1M
MINE_0305,Escarranchal,38.24486628,-5.78005231,1,OxREP_v3_Roman_Exploitation,0,0,1,1,550.0,,,,28061.9,26864.3,0.0,256710.14029064134,4236639.31342271,Gneises; esquistos; marmoles y vulcanitas,PROTEROZOICO-PALEOZOICO,,OBSERVED_POINT_ONLY,OBSERVED_IGME_1M
MINE_0306,Esgueba,42.464683,-8.096352,1,OxREP_v3_Roman_Exploitation,1,0,0,0,550.0,,,,49810.6,49896.7,0.0,80967.57549852674,4713970.884906508,Granitoides de emplazamiento meso-catazonal,PALEOZOICO,ROCAS PLUTONICAS HERCINICAS,OBSERVED_POINT_ONLY,OBSERVED_IGME_1M
MINE_0307,Esperanza,38.22182674,-5.65706056,1,OxREP_v3_Roman_Exploitation,0,0,1,1,550.0,,,,28075.5,28576.3,0.0,267401.9008595657,4233765.850377886,Gneises; esquistos; marmoles y vulcanitas,PROTEROZOICO-PALEOZOICO,,OBSERVED_POINT_ONLY,OBSERVED_IGME_1M
MINE_0308,Espiñeira,43.53826004,-7.271580557,1,OxREP_v3_Roman_Exploitation,1,0,0,0,550.0,,,,1666.8,808.1,0.1474,154868.43721417565,4829461.09390792,UNMAPPED_OR_NODATA,UNMAPPED_OR_NODATA,UNMAPPED_OR_NODATA,OBSERVED_POINT_ONLY,NODATA_ERROR
MINE_0309,Espinosa de la Ribera,42.695854,-5.803444,1,OxREP_v3_Roman_Exploitation,1,0,0,0,550.0,,,,32331.9,32466.7,0.0,270364.57520643575,4730851.963558401,Conglomerados; gravas; arenas y limos,CENOZOICO,,OBSERVED_POINT_ONLY,OBSERVED_IGME_1M
MINE_0310,Espinoso de Compludo,42.49963508,-6.496735864,1,OxREP_v3_Roman_Exploitation,1,0,0,0,550.0,,,,52691.2,51973.3,0.0,212669.25956451695,4711179.846336518,Cuarcitas; pizarras; areniscas; calizas y vulcanitas,PROTEROZOICO-PALEOZOICO,,OBSERVED_POINT_ONLY,OBSERVED_IGME_1M
MINE_0311,Estercolados,38.40478197,-4.48423365,1,OxREP_v3_Roman_Exploitation,0,1,0,0,550.0,,,,10390.9,10508.3,0.0,370404.4380151264,4251770.853637054,Conglomerados; areniscas; pizarras; calizas y vulcanitas; Carbon,PALEOZOICO,,OBSERVED_POINT_ONLY,OBSERVED_IGME_1M
MINE_0312,Estrella,40.92752392,-1.95146894,1,OxREP_v3_Roman_Exploitation,0,1,0,0,550.0,,,,3784.3,111.0,0.0983,588280.3006802533,4531240.791007953,Conglomerados; areniscas; pizarras; calizas y vulcanitas; Carbon,PALEOZOICO,,OBSERVED_POINT_ONLY,OBSERVED_IGME_1M
MINE_0313,Estrella (Beiras),40.58644066,-5.613212268,1,OxREP_v3_Roman_Exploitation,0,0,1,1,550.0,,,,96575.2,92441.3,0.0,278844.991835076,4496132.111103194,Cuarcitas; pizarras; areniscas; calizas y vulcanitas,PROTEROZOICO-PALEOZOICO,,OBSERVED_POINT_ONLY,OBSERVED_IGME_1M
MINE_0314,Faidiel I,43.191422,-6.639669,1,OxREP_v3_Roman_Exploitation,1,0,0,0,550.0,,,,1515.8,1798.6,0.1359,204246.36189146974,4788506.177396774,Cuarcitas; pizarras; areniscas; calizas y vulcanitas,PROTEROZOICO-PALEOZOICO,,OBSERVED_POINT_ONLY,OBSERVED_IGME_1M
MINE_0315,Faidiel II,43.1851336,-6.641892652,1,OxREP_v3_Roman_Exploitation,1,0,0,0,550.0,,,,1613.5,2291.0,0.1366,204035.23140111804,4787815.617594282,Cuarcitas; pizarras; areniscas; calizas y vulcanitas,PALEOZOICO,,OBSERVED_POINT_ONLY,OBSERVED_IGME_1M
MINE_0316,Fana de Cornollo,43.164981,-6.809488,1,OxREP_v3_Roman_Exploitation,1,0,0,0,550.0,,,,1758.3,2758.4,0.0513,190312.06825439289,4786184.332085095,Cuarcitas; pizarras; areniscas; calizas y vulcanitas,PALEOZOICO,,OBSERVED_POINT_ONLY,OBSERVED_IGME_1M
MINE_0317,Fana de la Freita (Alto del Palo),43.28598263,-6.67932256,1,OxREP_v3_Roman_Exploitation,1,0,0,0,550.0,,,,9313.4,6213.7,0.0,201486.5521223828,4799149.827932358,Cuarcitas; pizarras; areniscas; calizas y vulcanitas,PALEOZOICO,,OBSERVED_POINT_ONLY,OBSERVED_IGME_1M
MINE_0318,Fastias: Los Fornones,43.41390299,-6.443659151,1,OxREP_v3_Roman_Exploitation,1,0,0,0,550.0,,,,2559.9,863.7,0.1172,221194.89995039522,4812541.541527113,Cuarcitas; pizarras; areniscas; calizas y vulcanitas,PROTEROZOICO-PALEOZOICO,,OBSERVED_POINT_ONLY,OBSERVED_IGME_1M
MINE_0319,Ferminera,38.24638005,-5.69662526,1,OxREP_v3_Roman_Exploitation,0,0,1,1,550.0,,,,26402.4,26126.3,0.0,264017.25444839627,4236591.118156369,Gneises; esquistos; marmoles y vulcanitas,PROTEROZOICO-PALEOZOICO,,OBSERVED_POINT_ONLY,OBSERVED_IGME_1M
MINE_0320,Ferreras,42.641296,-5.943973,1,OxREP_v3_Roman_Exploitation,1,0,0,0,550.0,,,,38087.2,38087.2,0.0,258641.58649002953,4725184.939058338,Conglomerados; areniscas; arcillas; calizas y evaporitas; Vulcanitas basicas,CENOZOICO,,OBSERVED_POINT_ONLY,OBSERVED_IGME_1M
MINE_0321,Figueirido,42.415691,-7.229515,1,OxREP_v3_Roman_Exploitation,1,0,0,0,550.0,,,,58275.9,58887.6,0.0,151981.75430988293,4704604.012922727,Cuarcitas; pizarras; areniscas; calizas y vulcanitas,PALEOZOICO,,OBSERVED_POINT_ONLY,OBSERVED_IGME_1M
MINE_0322,Figueras,43.254151,-6.581698,1,OxREP_v3_Roman_Exploitation,1,0,0,0,550.0,,,,648.9,945.2,0.1445,209256.04449101677,4795269.787788422,Gneises; esquistos; marmoles y vulcanitas,PROTEROZOICO,,OBSERVED_POINT_ONLY,OBSERVED_IGME_1M
MINE_0323,Filón del Cobre,38.12718959,-3.72217537,1,OxREP_v3_Roman_Exploitation,0,1,1,1,550.0,,,,45008.2,45063.1,0.0,436704.19508536113,4220173.414644395,Conglomerados; areniscas; calizas; yesos y arcillas versicolores,MESOZOICO,,OBSERVED_POINT_ONLY,OBSERVED_IGME_1M
MINE_0324,Filón Zumajo: Cortijo de los Chinches,38.35405627,-4.51686181,1,OxREP_v3_Roman_Exploitation,0,1,1,1,550.0,,,,16663.5,16458.3,0.0,367462.82050716726,4246188.2735899305,Granitoides de emplazamiento epi-mesozonal,PALEOZOICO,ROCAS PLUTONICAS HERCINICAS,OBSERVED_POINT_ONLY,OBSERVED_IGME_1M
MINE_0325,Filón Zumajo: San Cayetano,38.28899455,-4.40628096,1,OxREP_v3_Roman_Exploitation,0,1,1,1,550.0,,,,22936.2,24056.3,0.0,377015.49164757226,4238815.654628109,Granitoides de emplazamiento epi-mesozonal,PALEOZOICO,ROCAS PLUTONICAS HERCINICAS,OBSERVED_POINT_ONLY,OBSERVED_IGME_1M
MINE_0326,Folgoso,43.05083,-6.875523,1,OxREP_v3_Roman_Exploitation,1,0,0,0,550.0,,,,492.2,1034.4,0.4261,184356.35682325606,4773752.564946593,Cuarcitas; pizarras; areniscas; calizas y vulcanitas,PALEOZOICO,,OBSERVED_POINT_ONLY,OBSERVED_IGME_1M
MINE_0327,Fombuena,41.14748302,-1.153847049,1,OxREP_v3_Roman_Exploitation,0,1,0,0,550.0,,,,150.8,148.9,0.2007,654921.3308333906,4556771.889291049,Cuarcitas; pizarras; areniscas; calizas y vulcanitas,PALEOZOICO,,OBSERVED_POINT_ONLY,OBSERVED_IGME_1M
MINE_0328,Fongasoiro,42.728349,-6.813498,1,OxREP_v3_Roman_Exploitation,1,0,0,0,550.0,,,,25027.4,25528.4,0.0,187783.68995284796,4737704.618076222,Cuarcitas; pizarras; areniscas; calizas y vulcanitas,PALEOZOICO,,OBSERVED_POINT_ONLY,OBSERVED_IGME_1M
MINE_0329,Fontanar,38.34704078,-4.89572955,1,OxREP_v3_Roman_Exploitation,0,1,0,0,550.0,,,,24339.8,15948.9,0.0,334340.39351901185,4246021.715565758,Conglomerados; areniscas; pizarras; calizas y vulcanitas; Carbon,PALEOZOICO,,OBSERVED_POINT_ONLY,OBSERVED_IGME_1M
MINE_0330,Forcadas,42.587954,-7.451319,1,OxREP_v3_Roman_Exploitation,1,0,0,0,550.0,,,,38982.8,38738.4,0.0,134734.05636148725,4724671.437438812,Conglomerados; gravas; arenas y limos,CENOZOICO,,OBSERVED_POINT_ONLY,OBSERVED_IGME_1M
MINE_0331,Forcadín,43.139214,-6.674443,1,OxREP_v3_Roman_Exploitation,1,0,0,0,550.0,,,,3092.8,5198.9,0.0892,201165.68852785765,4782831.248190172,Cuarcitas; pizarras; areniscas; calizas y vulcanitas,PALEOZOICO,,OBSERVED_POINT_ONLY,OBSERVED_IGME_1M
MINE_0332,Fornaza,43.02341913,-6.945084042,1,OxREP_v3_Roman_Exploitation,0,0,1,1,550.0,,,,406.6,3440.5,0.4948,178547.02845212363,4770972.503345015,Cuarcitas; pizarras; areniscas; calizas y vulcanitas,PALEOZOICO,,OBSERVED_POINT_ONLY,OBSERVED_IGME_1M
MINE_0333,Fornaza,43.076049,-6.956886,1,OxREP_v3_Roman_Exploitation,1,0,0,0,550.0,,,,1467.7,254.9,0.4912,177861.29125227878,4776863.293162811,Cuarcitas; pizarras; areniscas; calizas y vulcanitas,PALEOZOICO,,OBSERVED_POINT_ONLY,OBSERVED_IGME_1M
MINE_0334,Fornelos,42.12365,-7.17851,1,OxREP_v3_Roman_Exploitation,1,0,0,0,550.0,,,,90777.9,91214.1,0.0,154585.41085780336,4671961.116401579,Cuarcitas; pizarras; areniscas; calizas y vulcanitas,PALEOZOICO,,OBSERVED_POINT_ONLY,OBSERVED_IGME_1M
MINE_0335,Fuente de las Mulleres,43.274329,-6.669248,1,OxREP_v3_Roman_Exploitation,1,0,0,0,550.0,,,,8099.1,5003.1,0.0,202247.09129167005,4797819.495085951,Cuarcitas; pizarras; areniscas; calizas y vulcanitas,PALEOZOICO,,OBSERVED_POINT_ONLY,OBSERVED_IGME_1M
MINE_0336,Fuente del Charco,38.55849655,-5.35759038,1,OxREP_v3_Roman_Exploitation,0,0,1,1,550.0,,,,3814.6,1685.6,0.0754,294576.44605710835,4270419.503967826,Conglomerados; areniscas; pizarras; calizas y vulcanitas; Carbon,PALEOZOICO,,OBSERVED_POINT_ONLY,OBSERVED_IGME_1M
MINE_0337,Fuente del Estanco,42.466133,-6.300965,1,OxREP_v3_Roman_Exploitation,1,0,0,0,550.0,,,,56467.8,57277.4,0.0,228612.66055125842,4706813.758773145,Cuarcitas; pizarras; areniscas; calizas y vulcanitas,PALEOZOICO,,OBSERVED_POINT_ONLY,OBSERVED_IGME_1M
MINE_0338,Fuente la Zarza,38.64790148,-5.28613175,1,OxREP_v3_Roman_Exploitation,0,0,1,1,550.0,,,,3297.6,2323.5,0.0194,301050.74530647916,4280184.575922644,Conglomerados; areniscas; pizarras; calizas y vulcanitas; Carbon,PALEOZOICO,,OBSERVED_POINT_ONLY,OBSERVED_IGME_1M
MINE_0339,Fuentes Torres,42.70861,-6.380232,1,OxREP_v3_Roman_Exploitation,1,0,0,0,550.0,,,,30663.7,29863.8,0.0,223171.4368793285,4733999.31923747,Conglomerados; gravas; arenas y limos,CENOZOICO,,OBSERVED_POINT_ONLY,OBSERVED_IGME_1M
MINE_0340,Gamonita,38.72558762,-5.51700075,1,OxREP_v3_Roman_Exploitation,0,0,1,1,550.0,,,,900.6,941.8,0.0551,281193.68279625307,4289333.183049145,Cuarcitas; pizarras; areniscas; calizas y vulcanitas,PALEOZOICO,,OBSERVED_POINT_ONLY,OBSERVED_IGME_1M
MINE_0341,Gándara Mediana,42.571448,-6.446029,1,OxREP_v3_Roman_Exploitation,1,0,0,0,550.0,,,,45095.3,44498.0,0.0,217161.02040626906,4718984.379013628,Cuarcitas; pizarras; areniscas; calizas y vulcanitas,PALEOZOICO,,OBSERVED_POINT_ONLY,OBSERVED_IGME_1M
MINE_0342,Gargalellas,43.329492,-6.694209,1,OxREP_v3_Roman_Exploitation,1,0,0,0,550.0,,,,10736.1,9054.3,0.0,200492.69069662975,4804035.695837528,Cuarcitas; pizarras; areniscas; calizas y vulcanitas,PALEOZOICO,,OBSERVED_POINT_ONLY,OBSERVED_IGME_1M
MINE_0343,Gera I,43.300691,-6.500639,1,OxREP_v3_Roman_Exploitation,1,0,0,0,550.0,,,,3484.0,3484.0,0.0156,216053.2840609962,4800159.769418927,Gneises; esquistos; marmoles y vulcanitas,PROTEROZOICO,,OBSERVED_POINT_ONLY,OBSERVED_IGME_1M
MINE_0344,Gera II,43.307079,-6.493312,1,OxREP_v3_Roman_Exploitation,1,0,0,0,550.0,,,,4396.4,3793.2,0.0156,216677.34809765907,4800844.352999698,Gneises; esquistos; marmoles y vulcanitas,PROTEROZOICO,,OBSERVED_POINT_ONLY,OBSERVED_IGME_1M
MINE_0345,Gibla,37.8453868,-5.522648628,1,OxREP_v3_Roman_Exploitation,0,1,0,0,550.0,,,,69418.5,69204.2,0.0,278036.099384162,4191659.6367300255,Cuarcitas; pizarras; areniscas; calizas y vulcanitas,PALEOZOICO,,OBSERVED_POINT_ONLY,OBSERVED_IGME_1M
MINE_0346,Godán I,43.382872,-6.236199,1,OxREP_v3_Roman_Exploitation,1,0,0,0,550.0,,,,2249.4,3102.0,0.053,237858.4072729206,4808421.334532138,Areniscas; pizarras y calizas,PALEOZOICO,,OBSERVED_POINT_ONLY,OBSERVED_IGME_1M
MINE_0347,Godán II,43.389072,-6.256572,1,OxREP_v3_Roman_Exploitation,1,0,0,0,550.0,,,,4003.7,4130.0,0.0273,236234.94721894077,4809174.243186451,Areniscas; pizarras y calizas,PALEOZOICO,,OBSERVED_POINT_ONLY,OBSERVED_IGME_1M
MINE_0348,Golpejas,41.0013409,-5.913045079,1,OxREP_v3_Roman_Exploitation,0,0,0,0,550.0,,,,144203.0,138253.8,0.0,254998.5350980275,4542993.995251058,Cuarcitas; pizarras; areniscas; calizas y vulcanitas,PALEOZOICO,,OBSERVED_POINT_ONLY,OBSERVED_IGME_1M
MINE_0349,Guadalperal,38.77686662,-4.74420309,1,OxREP_v3_Roman_Exploitation,0,0,0,0,550.0,,,,2077.5,2109.2,0.0745,348488.0743683622,4293460.284629889,Areniscas; pizarras y calizas,PALEOZOICO,,OBSERVED_POINT_ONLY,OBSERVED_IGME_1M
MINE_0350,Guaditoca,38.16978845,-5.69329653,1,OxREP_v3_Roman_Exploitation,0,0,1,1,550.0,,,,34430.8,34531.4,0.0,264061.2699938412,4228082.104149218,Gneises; esquistos; marmoles y vulcanitas,PROTEROZOICO-PALEOZOICO,,OBSERVED_POINT_ONLY,OBSERVED_IGME_1M
MINE_0351,Guijuelo,40.54020398,-5.68164048,1,OxREP_v3_Roman_Exploitation,0,0,1,1,550.0,,,,91378.7,86703.2,0.0,272896.9470974532,4491173.145989815,Cuarcitas; pizarras; areniscas; calizas y vulcanitas,PROTEROZOICO-PALEOZOICO,,OBSERVED_POINT_ONLY,OBSERVED_IGME_1M
MINE_0352,Guisatecha,42.785404,-6.009757,1,OxREP_v3_Roman_Exploitation,1,0,0,0,550.0,,,,22602.3,23714.8,0.0,253818.7412252811,4741378.875762718,Gneises; esquistos; marmoles y vulcanitas,PROTEROZOICO,,OBSERVED_POINT_ONLY,OBSERVED_IGME_1M
MINE_0353,Herrerías (Almería),37.27017742,-1.7947398,1,OxREP_v3_Roman_Exploitation,0,0,1,0,550.0,,,,460.7,2796.8,0.0848,606860.8092874156,4125525.406360612,Conglomerados; gravas; arenas y limos,CENOZOICO,,OBSERVED_POINT_ONLY,OBSERVED_IGME_1M
MINE_0354,Herrerías (Huelva),37.61827285,-7.29988195,1,OxREP_v3_Roman_Exploitation,0,1,1,0,550.0,,,,90710.3,90326.3,0.0,120441.89478474879,4172165.772529848,Conglomerados; areniscas; pizarras; calizas y vulcanitas; Carbon,PALEOZOICO,,OBSERVED_POINT_ONLY,OBSERVED_IGME_1M
MINE_0355,Herrerías de los Confesionarios,37.7914656,-6.88362989,1,OxREP_v3_Roman_Exploitation,0,1,0,0,550.0,,,,70297.1,70674.1,0.0,157998.65225083486,4189786.990206026,Conglomerados; areniscas; pizarras; calizas y vulcanitas; Carbon,PALEOZOICO,,OBSERVED_POINT_ONLY,OBSERVED_IGME_1M
MINE_0356,Hervederas / Río Bárcena,43.35408141,-6.540409963,1,OxREP_v3_Roman_Exploitation,1,0,0,0,550.0,,,,380.7,1125.5,0.0985,213078.85155858134,4806225.820721482,Gneises; esquistos; marmoles y vulcanitas,PROTEROZOICO,,OBSERVED_POINT_ONLY,OBSERVED_IGME_1M
MINE_0357,Horno de Arriba - Teso de la Collada,42.355029,-6.304187,1,OxREP_v3_Roman_Exploitation,1,0,0,0,550.0,,,,68792.1,69516.6,0.0,227867.30700089724,4694485.567328157,Cuarcitas; pizarras; areniscas; calizas y vulcanitas,PALEOZOICO,,OBSERVED_POINT_ONLY,OBSERVED_IGME_1M
MINE_0358,Hoyo de la Campana,37.167656,-3.551073,1,OxREP_v3_Roman_Exploitation,1,0,0,0,550.0,,,,147844.3,139077.3,0.0,451075.35052764724,4113613.4054661347,Conglomerados; areniscas; arcillas; calizas y evaporitas; Vulcanitas basicas,CENOZOICO,,OBSERVED_POINT_ONLY,OBSERVED_IGME_1M
MINE_0359,Hoyo de los Colgazidos de Castrofrio,40.24567301,-5.60595927,1,OxREP_v3_Roman_Exploitation,0,1,0,0,550.0,,,,58825.5,55350.5,0.0,278342.54946487234,4458282.999981343,Granitoides de emplazamiento meso-catazonal,PALEOZOICO,ROCAS PLUTONICAS HERCINICAS,OBSERVED_POINT_ONLY,OBSERVED_IGME_1M
MINE_0360,Huerta de Juan Abad,38.14501878,-4.3614333,1,OxREP_v3_Roman_Exploitation,0,0,1,1,550.0,,,,39349.6,39989.1,0.0,380702.87222256034,4222780.871802347,Conglomerados; areniscas; pizarras; calizas y vulcanitas; Carbon,PALEOZOICO,,OBSERVED_POINT_ONLY,OBSERVED_IGME_1M
MINE_0361,Ibollo,43.21858537,-6.636023685,1,OxREP_v3_Roman_Exploitation,1,0,0,0,550.0,,,,2762.2,1764.0,0.0978,204673.850346005,4791510.226997909,Cuarcitas; pizarras; areniscas; calizas y vulcanitas,PALEOZOICO,,OBSERVED_POINT_ONLY,OBSERVED_IGME_1M
MINE_0362,Irixo,42.511982,-8.118764,1,OxREP_v3_Roman_Exploitation,1,0,0,0,550.0,,,,44600.3,44961.1,0.0,79442.2696432608,4719335.952384998,Areniscas; pizarras y calizas,PALEOZOICO,,OBSERVED_POINT_ONLY,OBSERVED_IGME_1M
MINE_0363,Iboyo-Abaniella,43.212434,-6.62141,1,OxREP_v3_Roman_Exploitation,1,0,0,0,550.0,,,,1716.2,425.8,0.1414,205831.29801891738,4790775.464470749,Cuarcitas; pizarras; areniscas; calizas y vulcanitas,PALEOZOICO,,OBSERVED_POINT_ONLY,OBSERVED_IGME_1M
MINE_0364,Juan Teniente,37.86617539,-5.777938529,1,OxREP_v3_Roman_Exploitation,0,1,0,0,550.0,,,,68935.9,68595.4,0.0,255638.05521895696,4194604.853800114,Granitoides de emplazamiento epi-mesozonal,PALEOZOICO,ROCAS PLUTONICAS HERCINICAS,OBSERVED_POINT_ONLY,OBSERVED_IGME_1M
MINE_0365,Justicia,38.21949903,-5.63527857,1,OxREP_v3_Roman_Exploitation,0,0,1,1,550.0,,,,28008.2,28874.9,0.0,269301.6508950579,4233452.977811203,Gneises; esquistos; marmoles y vulcanitas,PROTEROZOICO-PALEOZOICO,,OBSERVED_POINT_ONLY,OBSERVED_IGME_1M
MINE_0366,La Alondra,38.75717683,-5.51552515,1,OxREP_v3_Roman_Exploitation,0,0,1,1,550.0,,,,3962.9,4353.5,0.0199,281418.3703573231,4292835.728295691,Gneises; esquistos; marmoles y vulcanitas,PROTEROZOICO,,OBSERVED_POINT_ONLY,OBSERVED_IGME_1M
MINE_0367,La Arenera,43.018637,-6.826936,1,OxREP_v3_Roman_Exploitation,1,0,0,0,550.0,,,,3028.6,3779.4,0.1889,188150.72695806017,4769995.1410889225,Cuarcitas; pizarras; areniscas; calizas y vulcanitas,PALEOZOICO,,OBSERVED_POINT_ONLY,OBSERVED_IGME_1M
MINE_0368,La Argentera,39.01230651,1.554060351,1,OxREP_v3_Roman_Exploitation,0,0,1,1,550.0,,,,18241.1,45.3,0.0,894362.598770276,4328019.542337591,Calizas; dolomias y margas; Conglomerados y areniscas,MESOZOICO,,OBSERVED_POINT_ONLY,OBSERVED_IGME_1M
MINE_0369,La Atalaya,38.29069017,-4.85243374,1,OxREP_v3_Roman_Exploitation,0,1,1,1,550.0,,,,30629.4,22392.3,0.0,337998.7360762715,4239691.582523876,Conglomerados; areniscas; pizarras; calizas y vulcanitas; Carbon,PALEOZOICO,,OBSERVED_POINT_ONLY,OBSERVED_IGME_1M
MINE_0370,La Cabra,38.64228441,-4.43060527,1,OxREP_v3_Roman_Exploitation,0,0,1,1,550.0,,,,5144.5,4529.3,0.0,375497.17128399457,4278052.449758027,Gneises; esquistos; marmoles y vulcanitas,PROTEROZOICO,,OBSERVED_POINT_ONLY,OBSERVED_IGME_1M
MINE_0371,La Calabaza / Los Fuchacos - Matarrubia - Torneros,42.28235218,-6.176901495,1,OxREP_v3_Roman_Exploitation,1,0,0,0,550.0,,,,76796.5,79187.3,0.0,238049.96081119793,4686014.791445542,Conglomerados; gravas; arenas y limos,CENOZOICO,,OBSERVED_POINT_ONLY,OBSERVED_IGME_1M
MINE_0372,La Calera,38.12717881,-4.88282771,1,OxREP_v3_Roman_Exploitation,0,1,0,0,550.0,,,,48530.5,40336.4,0.0,334971.51890786807,4221600.398732776,Gneises; esquistos; marmoles y vulcanitas,PROTEROZOICO-PALEOZOICO,,OBSERVED_POINT_ONLY,OBSERVED_IGME_1M
MINE_0373,La Canalina,42.598516,-6.186611,1,OxREP_v3_Roman_Exploitation,1,0,0,0,550.0,,,,41704.7,45265.4,0.0,238568.42321971653,4721155.662101757,Cuarcitas; pizarras; areniscas; calizas y vulcanitas,PALEOZOICO,,OBSERVED_POINT_ONLY,OBSERVED_IGME_1M
MINE_0374,La Carcabona de Larna,43.07739,-6.60234,1,OxREP_v3_Roman_Exploitation,1,0,0,0,550.0,,,,1491.1,384.7,0.342,206734.76161694137,4775709.772900787,Gneises; esquistos; marmoles y vulcanitas,PROTEROZOICO,,OBSERVED_POINT_ONLY,OBSERVED_IGME_1M
MINE_0375,La Cárcoba de Antoñana,43.323334,-6.261031,1,OxREP_v3_Roman_Exploitation,1,0,0,0,550.0,,,,6462.8,6242.5,0.0,235588.16736510477,4801887.129798547,Cuarcitas; pizarras; areniscas; calizas y vulcanitas,PALEOZOICO,,OBSERVED_POINT_ONLY,OBSERVED_IGME_1M
MINE_0376,La Carrasquilla,37.56189619,-1.622756111,1,OxREP_v3_Roman_Exploitation,0,0,0,0,550.0,,,,14596.0,8426.4,0.0,621637.1714109303,4158099.617085395,Rocas metamorficas,PALEOZOICO-MESOZOICO,BLOQUE DE ALBORAN,OBSERVED_POINT_ONLY,OBSERVED_IGME_1M
MINE_0377,La Chaquerona de Villavaser,43.239908,-6.5671,1,OxREP_v3_Roman_Exploitation,1,0,0,0,550.0,,,,366.8,1505.4,0.1732,210373.5647669133,4793637.141133848,Gneises; esquistos; marmoles y vulcanitas,PROTEROZOICO,,OBSERVED_POINT_ONLY,OBSERVED_IGME_1M
MINE_0378,La Corona - Barrera Blanca,42.32887,-6.294745,1,OxREP_v3_Roman_Exploitation,1,0,0,0,550.0,,,,71634.1,72488.8,0.0,228532.38685068802,4691550.331717176,Conglomerados; areniscas; arcillas; calizas y evaporitas; Vulcanitas basicas,CENOZOICO,,OBSERVED_POINT_ONLY,OBSERVED_IGME_1M
MINE_0379,La Corona de la Torca,42.58311,-6.404319,1,OxREP_v3_Roman_Exploitation,1,0,0,0,550.0,,,,44422.0,43556.8,0.0,220636.91714639036,4720140.893440471,Conglomerados; areniscas; pizarras; calizas y vulcanitas; Carbon,PALEOZOICO,,OBSERVED_POINT_ONLY,OBSERVED_IGME_1M
MINE_0380,La Corona de Valdecastrillo,42.580209,-6.390039,1,OxREP_v3_Roman_Exploitation,1,0,0,0,550.0,,,,44805.3,43958.4,0.0,221795.95686426258,4719771.642976086,Conglomerados; areniscas; pizarras; calizas y vulcanitas; Carbon,PALEOZOICO,,OBSERVED_POINT_ONLY,OBSERVED_IGME_1M
MINE_0381,La Cruz,38.14701494,-3.63314509,1,OxREP_v3_Roman_Exploitation,0,1,1,1,550.0,,,,46086.2,46287.4,0.0,444522.43946799956,4222316.177476254,Conglomerados; areniscas; calizas; yesos y arcillas versicolores,MESOZOICO,,OBSERVED_POINT_ONLY,OBSERVED_IGME_1M
MINE_0382,La Cruz del Rañadero,42.700005,-6.306113,1,OxREP_v3_Roman_Exploitation,1,0,0,0,550.0,,,,30760.6,31570.8,0.0,229204.620399579,4732803.13939769,Conglomerados; areniscas; arcillas; calizas y evaporitas; Vulcanitas basicas,CENOZOICO,,OBSERVED_POINT_ONLY,OBSERVED_IGME_1M
MINE_0383,La Cuquillera,42.468836,-6.183466,1,OxREP_v3_Roman_Exploitation,1,0,0,0,550.0,,,,56085.0,58986.2,0.0,238284.96530582695,4706744.437317802,Conglomerados; gravas; arenas y limos,CENOZOICO,,OBSERVED_POINT_ONLY,OBSERVED_IGME_1M
MINE_0384,La Devesa,42.291301,-6.463884,1,OxREP_v3_Roman_Exploitation,1,0,0,0,550.0,,,,75895.3,75261.4,0.0,214424.77012763306,4687932.337466876,Cuarcitas; pizarras; areniscas; calizas y vulcanitas,PALEOZOICO,,OBSERVED_POINT_ONLY,OBSERVED_IGME_1M
MINE_0385,La Devesa I,42.585197,-6.091631,1,OxREP_v3_Roman_Exploitation,1,0,0,0,550.0,,,,44588.0,46513.9,0.0,246307.22624735415,4719387.252794662,Cuarcitas; pizarras; areniscas; calizas y vulcanitas,PALEOZOICO,,OBSERVED_POINT_ONLY,OBSERVED_IGME_1M
MINE_0386,La Encinilla,38.55374099,-5.03709116,1,OxREP_v3_Roman_Exploitation,0,1,0,0,550.0,,,,8112.6,832.7,0.0,322493.6116500794,4269223.779348217,Conglomerados; areniscas; pizarras; calizas y vulcanitas; Carbon,PALEOZOICO,,OBSERVED_POINT_ONLY,OBSERVED_IGME_1M
MINE_0387,La Fana - El Caleiro,43.071779,-6.650749,1,OxREP_v3_Roman_Exploitation,1,0,0,0,550.0,,,,1034.2,1336.2,0.1366,202766.2870567976,4775257.19774632,Cuarcitas; pizarras; areniscas; calizas y vulcanitas,PALEOZOICO,,OBSERVED_POINT_ONLY,OBSERVED_IGME_1M
MINE_0388,La Folgueriza,43.34725,-6.696434,1,OxREP_v3_Roman_Exploitation,1,0,0,0,550.0,,,,10996.8,10050.7,0.0,200399.73640003364,4806016.045400934,Cuarcitas; pizarras; areniscas; calizas y vulcanitas,PALEOZOICO,,OBSERVED_POINT_ONLY,OBSERVED_IGME_1M
MINE_0389,La Fontanilla / Las Cuevas,42.442171,-6.119396,1,OxREP_v3_Roman_Exploitation,1,0,0,0,550.0,,,,59655.1,62529.6,0.0,243443.74176865097,4703587.394608083,Cuarcitas; pizarras; areniscas; calizas y vulcanitas,PALEOZOICO,,OBSERVED_POINT_ONLY,OBSERVED_IGME_1M
MINE_0390,La Fontanona - La Gándara,42.473679,-6.209227,1,OxREP_v3_Roman_Exploitation,1,0,0,0,550.0,,,,55423.9,57895.8,0.0,236187.30015783414,4707362.132121127,Conglomerados; areniscas; arcillas; calizas y evaporitas; Vulcanitas basicas,CENOZOICO,,OBSERVED_POINT_ONLY,OBSERVED_IGME_1M
MINE_0391,La Fortuna,38.73949196,-4.30960585,1,OxREP_v3_Roman_Exploitation,0,0,1,1,550.0,,,,3774.0,903.2,0.0285,386182.1040200846,4288682.444558612,Gneises; esquistos; marmoles y vulcanitas,PROTEROZOICO,,OBSERVED_POINT_ONLY,OBSERVED_IGME_1M
MINE_0392,La Freitarbosa,43.351497,-6.676958,1,OxREP_v3_Roman_Exploitation,1,0,0,0,550.0,,,,9515.6,8978.4,0.0,201999.22426081938,4806417.929864491,Cuarcitas; pizarras; areniscas; calizas y vulcanitas,PALEOZOICO,,OBSERVED_POINT_ONLY,OBSERVED_IGME_1M
MINE_0393,La Fucarona,42.482916,-6.247223,1,OxREP_v3_Roman_Exploitation,1,0,0,0,550.0,,,,54360.5,56175.1,0.0,233102.86700048385,4708506.910044921,Cuarcitas; pizarras; areniscas; calizas y vulcanitas,PALEOZOICO,,OBSERVED_POINT_ONLY,OBSERVED_IGME_1M
MINE_0394,La Gándara I,42.233059,-6.264385,1,OxREP_v3_Roman_Exploitation,1,0,0,0,550.0,,,,82153.2,83354.2,0.0,230625.8498754325,4680813.8319435045,Cuarcitas; pizarras; areniscas; calizas y vulcanitas,PALEOZOICO,,OBSERVED_POINT_ONLY,OBSERVED_IGME_1M
MINE_0395,La Gándara II,42.230177,-6.2608,1,OxREP_v3_Roman_Exploitation,1,0,0,0,550.0,,,,82465.6,83708.7,0.0,230909.45623698574,4680482.446972231,Cuarcitas; pizarras; areniscas; calizas y vulcanitas,PALEOZOICO,,OBSERVED_POINT_ONLY,OBSERVED_IGME_1M
MINE_0396,La Garvachana I,42.800928,-6.530024,1,OxREP_v3_Roman_Exploitation,1,0,0,0,550.0,,,,19174.5,18391.1,0.0,211332.16822577541,4744754.603871844,Conglomerados; areniscas; pizarras; calizas y vulcanitas; Carbon,PALEOZOICO,,OBSERVED_POINT_ONLY,OBSERVED_IGME_1M
MINE_0397,La Garvachana II,42.796606,-6.534496,1,OxREP_v3_Roman_Exploitation,1,0,0,0,550.0,,,,19670.9,18860.9,0.0,210946.2902634479,4744289.938413043,Conglomerados; areniscas; pizarras; calizas y vulcanitas; Carbon,PALEOZOICO,,OBSERVED_POINT_ONLY,OBSERVED_IGME_1M
MINE_0398,La Garvachana III,42.800509,-6.542769,1,OxREP_v3_Roman_Exploitation,1,0,0,0,550.0,,,,19286.7,18426.5,0.0,210287.88506187568,4744751.837325706,Conglomerados; areniscas; arcillas; calizas y evaporitas; Vulcanitas basicas,CENOZOICO,,OBSERVED_POINT_ONLY,OBSERVED_IGME_1M
MINE_0399,La Gran Mina,38.07884801,-4.93333237,1,OxREP_v3_Roman_Exploitation,0,1,1,0,550.0,,,,54274.0,45877.5,0.0,330432.70810063457,4216328.226681087,Gneises; esquistos; marmoles y vulcanitas,PROTEROZOICO-PALEOZOICO,,OBSERVED_POINT_ONLY,OBSERVED_IGME_1M
MINE_0400,La Groba Roja,43.15226,-6.792316,1,OxREP_v3_Roman_Exploitation,1,0,0,0,550.0,,,,1514.8,848.7,0.0964,191644.1168279503,4784707.9939273335,Cuarcitas; pizarras; areniscas; calizas y vulcanitas,PALEOZOICO,,OBSERVED_POINT_ONLY,OBSERVED_IGME_1M
MINE_0401,La Grueba de Courio,43.338721,-6.231608,1,OxREP_v3_Roman_Exploitation,1,0,0,0,550.0,,,,3793.7,4531.9,0.0164,238040.216446456,4803503.242312058,Areniscas; pizarras y calizas,PALEOZOICO,,OBSERVED_POINT_ONLY,OBSERVED_IGME_1M
MINE_0402,La Herreria,38.15378104,-4.40261769,1,OxREP_v3_Roman_Exploitation,0,1,1,1,550.0,,,,37870.2,38937.9,0.0,377108.5792225155,4223806.935958343,Granitoides de emplazamiento epi-mesozonal,PALEOZOICO,ROCAS PLUTONICAS HERCINICAS,OBSERVED_POINT_ONLY,OBSERVED_IGME_1M
MINE_0403,La Hilera - Valdemeda,42.270529,-6.303967,1,OxREP_v3_Roman_Exploitation,1,0,0,0,550.0,,,,78154.9,78867.5,0.0,227520.74791743472,4685100.930556064,Cuarcitas; pizarras; areniscas; calizas y vulcanitas,PALEOZOICO,,OBSERVED_POINT_ONLY,OBSERVED_IGME_1M
MINE_0404,La Jagueta,42.630514,-6.209409,1,OxREP_v3_Roman_Exploitation,1,0,0,0,550.0,,,,38013.5,41273.3,0.0,236832.80780365883,4724779.957159239,Conglomerados; areniscas; arcillas; calizas y evaporitas; Vulcanitas basicas,CENOZOICO,,OBSERVED_POINT_ONLY,OBSERVED_IGME_1M
MINE_0405,La Joya,37.76491981,-7.02103919,1,OxREP_v3_Roman_Exploitation,0,1,0,0,550.0,,,,73146.3,73761.2,0.0,145766.27129097213,4187352.4991583126,Conglomerados; areniscas; pizarras; calizas y vulcanitas; Carbon,PALEOZOICO,,OBSERVED_POINT_ONLY,OBSERVED_IGME_1M
MINE_0406,La Lagunilla,38.15598041,-5.49648864,1,OxREP_v3_Roman_Exploitation,0,0,1,1,550.0,,,,35069.0,34865.5,0.0,281263.4945058467,4226066.728985816,Gneises; esquistos; marmoles y vulcanitas,PROTEROZOICO-PALEOZOICO,,OBSERVED_POINT_ONLY,OBSERVED_IGME_1M
MINE_0407,La Lancha,37.75281361,-6.97275838,1,OxREP_v3_Roman_Exploitation,0,1,0,0,550.0,,,,74295.1,74829.1,0.0,149964.1418761678,4185826.4518981073,Areniscas; pizarras y calizas,PALEOZOICO,,OBSERVED_POINT_ONLY,OBSERVED_IGME_1M
MINE_0408,La Lapilla,37.5749524,-7.09936299,1,OxREP_v3_Roman_Exploitation,0,1,0,0,550.0,,,,94862.2,95549.7,0.0,137939.69003263302,4166562.7407502574,Conglomerados; areniscas; pizarras; calizas y vulcanitas; Carbon,PALEOZOICO,,OBSERVED_POINT_ONLY,OBSERVED_IGME_1M
MINE_0409,La Leitosa,42.694997,-6.765394,1,OxREP_v3_Roman_Exploitation,1,0,0,0,550.0,,,,29393.0,29998.0,0.0,191557.1255827538,4733823.458100106,Cuarcitas; pizarras; areniscas; calizas y vulcanitas,PALEOZOICO,,OBSERVED_POINT_ONLY,OBSERVED_IGME_1M
MINE_0410,La Lisea,38.19292738,-4.15856145,1,OxREP_v3_Roman_Exploitation,0,1,0,0,550.0,,,,35113.6,35230.1,0.0,398546.81557058764,4227855.333670502,Granitoides de emplazamiento epi-mesozonal,PALEOZOICO,ROCAS PLUTONICAS HERCINICAS,OBSERVED_POINT_ONLY,OBSERVED_IGME_1M
MINE_0411,La Loba,38.30148131,-5.35834637,1,OxREP_v3_Roman_Exploitation,0,1,1,1,550.0,,,,18575.0,19205.6,0.0,293780.39598338597,4241897.179915688,Conglomerados; areniscas; arcillas; calizas y evaporitas; Vulcanitas basicas,CENOZOICO,,OBSERVED_POINT_ONLY,OBSERVED_IGME_1M
MINE_0412,La Luz (Alcudia),38.7395357,-4.30154746,1,OxREP_v3_Roman_Exploitation,0,0,1,1,550.0,,,,4450.7,213.8,0.0155,386882.55450927385,4288677.3097185185,Gneises; esquistos; marmoles y vulcanitas,PROTEROZOICO,,OBSERVED_POINT_ONLY,OBSERVED_IGME_1M
MINE_0413,La Luz (Linares),38.13799154,-3.61831402,1,OxREP_v3_Roman_Exploitation,0,0,1,1,550.0,,,,47589.5,47801.9,0.0,445815.3091621284,4221306.207475396,Conglomerados; areniscas; calizas; yesos y arcillas versicolores,MESOZOICO,,OBSERVED_POINT_ONLY,OBSERVED_IGME_1M
MINE_0414,La Marta,43.295693,-6.673351,1,OxREP_v3_Roman_Exploitation,1,0,0,0,550.0,,,,9285.5,6331.2,0.0,202018.55983150838,4800206.991540149,Cuarcitas; pizarras; areniscas; calizas y vulcanitas,PALEOZOICO,,OBSERVED_POINT_ONLY,OBSERVED_IGME_1M
MINE_0415,La Mata del Fraile,42.647829,-6.390663,1,OxREP_v3_Roman_Exploitation,1,0,0,0,550.0,,,,37441.3,36467.6,0.0,222045.9874064927,4727283.382705168,Conglomerados; areniscas; arcillas y calizas; Evaporitas,CENOZOICO,,OBSERVED_POINT_ONLY,OBSERVED_IGME_1M
MINE_0416,La Matilla,38.50791545,-6.06911791,1,OxREP_v3_Roman_Exploitation,0,0,1,1,550.0,,,,5171.4,4200.6,0.0,232379.70292742027,4266636.907187682,Conglomerados; areniscas; pizarras; calizas y vulcanitas; Carbon,PALEOZOICO,,OBSERVED_POINT_ONLY,OBSERVED_IGME_1M
MINE_0417,La Mortera I,43.3291,-6.583859,1,OxREP_v3_Roman_Exploitation,1,0,0,0,550.0,,,,1859.0,1195.2,0.0441,209438.12418760348,4803601.685353722,Cuarcitas; pizarras; areniscas; calizas y vulcanitas,PALEOZOICO,,OBSERVED_POINT_ONLY,OBSERVED_IGME_1M
MINE_0418,La Mortera II,43.321252,-6.591589,1,OxREP_v3_Roman_Exploitation,1,0,0,0,550.0,,,,2798.9,1656.1,0.0298,208773.82491759787,4802756.99261739,Cuarcitas; pizarras; areniscas; calizas y vulcanitas,PALEOZOICO,,OBSERVED_POINT_ONLY,OBSERVED_IGME_1M
MINE_0419,La Muela,42.400217,-6.392956,1,OxREP_v3_Roman_Exploitation,1,0,0,0,550.0,,,,64567.5,63905.3,0.0,220756.04637436493,4699792.115918996,Areniscas; pizarras y calizas,PALEOZOICO,,OBSERVED_POINT_ONLY,OBSERVED_IGME_1M
MINE_0420,La Najerilla,42.17442906,-2.956599594,1,OxREP_v3_Roman_Exploitation,0,0,1,1,550.0,,,,7848.3,2694.8,0.0,503584.48564278806,4669144.090209327,Cuarcitas; pizarras; areniscas; calizas y vulcanitas,PALEOZOICO,,OBSERVED_POINT_ONLY,OBSERVED_IGME_1M
MINE_0421,La Omañuela,42.777847,-5.989934,1,OxREP_v3_Roman_Exploitation,1,0,0,0,550.0,,,,23647.6,23935.8,0.0,255410.49392167013,4740481.905246927,Gneises; esquistos; marmoles y vulcanitas,PROTEROZOICO,,OBSERVED_POINT_ONLY,OBSERVED_IGME_1M
MINE_0422,La Onza,38.97002695,-5.57079368,1,OxREP_v3_Roman_Exploitation,0,1,1,1,550.0,,,,9050.1,9050.1,0.0,277280.79963416,4316594.03783698,Gneises; esquistos; marmoles y vulcanitas,PROTEROZOICO,,OBSERVED_POINT_ONLY,OBSERVED_IGME_1M
MINE_0423,La Osi,38.33162443,-4.72262528,1,OxREP_v3_Roman_Exploitation,0,1,0,0,550.0,,,,22084.7,18524.8,0.0,349436.4242633522,4244014.496139193,Granitoides de emplazamiento epi-mesozonal,PALEOZOICO,ROCAS PLUTONICAS HERCINICAS,OBSERVED_POINT_ONLY,OBSERVED_IGME_1M
MINE_0424,La Panadera,37.51191118,-1.415983892,1,OxREP_v3_Roman_Exploitation,0,1,0,0,550.0,,,,25453.4,18672.4,0.0,639993.7121970924,4152841.3378748423,Rocas sedimentarias (Beticas; zonas internas),PALEOZOICO-MESOZOICO,BLOQUE DE ALBORAN,OBSERVED_POINT_ONLY,OBSERVED_IGME_1M
MINE_0425,La Pastora,38.23469858,-5.23558598,1,OxREP_v3_Roman_Exploitation,0,1,0,0,550.0,,,,29606.8,29773.2,0.0,304336.9833161916,4234218.93029976,Gneises; esquistos; marmoles y vulcanitas,PROTEROZOICO-PALEOZOICO,,OBSERVED_POINT_ONLY,OBSERVED_IGME_1M
MINE_0426,La Pedreda,42.466681,-6.234659,1,OxREP_v3_Roman_Exploitation,1,0,0,0,550.0,,,,56157.5,58157.7,0.0,234066.82350978593,4706664.4539557565,Cuarcitas; pizarras; areniscas; calizas y vulcanitas,PALEOZOICO,,OBSERVED_POINT_ONLY,OBSERVED_IGME_1M
MINE_0427,La Peña,43.27946179,-5.781417689,1,OxREP_v3_Roman_Exploitation,0,0,0,0,550.0,,,,280.5,810.4,0.3433,274315.93140989187,4795606.261207182,Conglomerados; areniscas; pizarras; calizas y vulcanitas; Carbon,PALEOZOICO,,OBSERVED_POINT_ONLY,OBSERVED_IGME_1M
MINE_0428,La Perdiz,38.67107372,-5.94122217,1,OxREP_v3_Roman_Exploitation,0,0,1,1,550.0,,,,2009.9,88.8,0.0691,244114.56915120367,4284382.216405956,Cuarcitas; pizarras; areniscas; calizas y vulcanitas,PALEOZOICO,,OBSERVED_POINT_ONLY,OBSERVED_IGME_1M
MINE_0429,La Pililla,38.42553505,-4.80309575,1,OxREP_v3_Roman_Exploitation,0,1,0,0,550.0,,,,15955.7,7419.3,0.0,342606.17486844386,4254570.210260501,Granitoides de emplazamiento epi-mesozonal,PALEOZOICO,ROCAS PLUTONICAS HERCINICAS,OBSERVED_POINT_ONLY,OBSERVED_IGME_1M
MINE_0430,La Posidilla,38.2921275,-4.59735153,1,OxREP_v3_Roman_Exploitation,0,1,0,0,550.0,,,,25256.3,25157.4,0.0,360310.7114225409,4239434.781619053,Granitoides de emplazamiento epi-mesozonal,PALEOZOICO,ROCAS PLUTONICAS HERCINICAS,OBSERVED_POINT_ONLY,OBSERVED_IGME_1M
MINE_0431,La Preciosa,37.71833119,-5.344590145,1,OxREP_v3_Roman_Exploitation,0,1,0,0,550.0,,,,82980.2,83481.0,0.0,293351.7697484825,4177151.5215113196,Conglomerados; areniscas; arcillas; calizas y evaporitas; Vulcanitas basicas,CENOZOICO,,OBSERVED_POINT_ONLY,OBSERVED_IGME_1M
MINE_0432,La Presa,42.345102,-6.32875,1,OxREP_v3_Roman_Exploitation,1,0,0,0,550.0,,,,70081.5,70443.0,0.0,225800.89234538696,4693462.131111072,Cuarcitas; pizarras; areniscas; calizas y vulcanitas,PALEOZOICO,,OBSERVED_POINT_ONLY,OBSERVED_IGME_1M
MINE_0433,La Presa,43.184306,-6.774191,1,OxREP_v3_Roman_Exploitation,1,0,0,0,550.0,,,,4914.7,4558.6,0.0022,193278.64751363348,4788200.593166995,Cuarcitas; pizarras; areniscas; calizas y vulcanitas,PALEOZOICO,,OBSERVED_POINT_ONLY,OBSERVED_IGME_1M
MINE_0434,La Profunda,42.9619103,-5.607018598,1,OxREP_v3_Roman_Exploitation,0,1,0,0,550.0,,,,4065.1,7086.4,0.0701,287369.6665379981,4759882.981905373,Conglomerados; areniscas; pizarras; calizas y vulcanitas; Carbon,PALEOZOICO,,OBSERVED_POINT_ONLY,OBSERVED_IGME_1M
MINE_0435,La Puebla,42.785947,-6.033642,1,OxREP_v3_Roman_Exploitation,1,0,0,0,550.0,,,,22380.6,24188.4,0.0,251867.11035482612,4741509.235601796,Gneises; esquistos; marmoles y vulcanitas,PROTEROZOICO,,OBSERVED_POINT_ONLY,OBSERVED_IGME_1M
MINE_0436,La Quemada,42.20250611,-7.048953572,1,OxREP_v3_Roman_Exploitation,1,0,0,0,550.0,,,,83063.3,83131.2,0.0,165713.08041735942,4680202.1161023155,Granitoides de emplazamiento meso-catazonal,PROTEROZOICO,ROCAS PLUTONICAS PREHERCINICAS,OBSERVED_POINT_ONLY,OBSERVED_IGME_1M
MINE_0437,La Reforma,37.78495938,-6.29814114,1,OxREP_v3_Roman_Exploitation,0,1,0,0,550.0,,,,74077.7,73261.7,0.0,209548.1775154756,4187081.4478470185,Plutonismo orogeénico calcoalcalino toleitico,PALEOZOICO,ROCAS PLUTONICAS HERCINICAS,OBSERVED_POINT_ONLY,OBSERVED_IGME_1M
MINE_0438,La Reguera de las Llastras,42.474926,-6.23992,1,OxREP_v3_Roman_Exploitation,1,0,0,0,550.0,,,,55241.9,57169.6,0.0,233669.2542691871,4707596.612213672,Cuarcitas; pizarras; areniscas; calizas y vulcanitas,PALEOZOICO,,OBSERVED_POINT_ONLY,OBSERVED_IGME_1M
MINE_0439,La Romana,38.34758658,-4.75148252,1,OxREP_v3_Roman_Exploitation,0,1,0,0,550.0,,,,21519.8,16193.0,0.0,346947.6170119373,4245833.2690541465,Granitoides de emplazamiento epi-mesozonal,PALEOZOICO,ROCAS PLUTONICAS HERCINICAS,OBSERVED_POINT_ONLY,OBSERVED_IGME_1M
MINE_0440,La Romana,38.63461989,-4.35810314,1,OxREP_v3_Roman_Exploitation,0,0,1,1,550.0,,,,1769.7,2110.9,0.0941,381794.57153078413,4277105.998489698,Gneises; esquistos; marmoles y vulcanitas,PROTEROZOICO,,OBSERVED_POINT_ONLY,OBSERVED_IGME_1M
MINE_0441,La Romanera,37.68835401,-7.33637486,1,OxREP_v3_Roman_Exploitation,0,1,0,0,550.0,,,,82961.5,82418.0,0.0,117579.46762679977,4180095.1932767984,Areniscas; pizarras y calizas,PALEOZOICO,,OBSERVED_POINT_ONLY,OBSERVED_IGME_1M
MINE_0442,La Rozada,43.287769,-6.270359,1,OxREP_v3_Roman_Exploitation,1,0,0,0,550.0,,,,8052.0,6487.4,0.0,234676.97209390474,4797966.709750587,Cuarcitas; pizarras; areniscas; calizas y vulcanitas,PALEOZOICO,,OBSERVED_POINT_ONLY,OBSERVED_IGME_1M
MINE_0443,La Serrana,38.20118577,-5.75247022,1,OxREP_v3_Roman_Exploitation,0,0,1,1,550.0,,,,32642.5,32065.5,0.0,258980.15405005778,4231719.153324434,Gneises; esquistos; marmoles y vulcanitas,PROTEROZOICO-PALEOZOICO,,OBSERVED_POINT_ONLY,OBSERVED_IGME_1M
MINE_0444,La Torrecilla,38.26331517,-3.63534127,1,OxREP_v3_Roman_Exploitation,0,0,1,1,550.0,,,,35152.3,35490.8,0.0,444418.5079019799,4235221.885707063,Conglomerados; areniscas; arcillas; calizas y evaporitas; Vulcanitas basicas,CENOZOICO,,OBSERVED_POINT_ONLY,OBSERVED_IGME_1M
MINE_0445,La Vallada,42.41317,-6.665928,1,OxREP_v3_Roman_Exploitation,1,0,0,0,550.0,,,,60553.6,61255.1,0.0,198349.60936160607,4702165.123823293,Cuarcitas; pizarras; areniscas; calizas y vulcanitas,PALEOZOICO,,OBSERVED_POINT_ONLY,OBSERVED_IGME_1M
MINE_0446,La Vega Grande,42.344753,-6.386178,1,OxREP_v3_Roman_Exploitation,1,0,0,0,550.0,,,,70680.9,70090.8,0.0,221068.32020216313,4693610.331030239,Cuarcitas; pizarras; areniscas; calizas y vulcanitas,PALEOZOICO,,OBSERVED_POINT_ONLY,OBSERVED_IGME_1M
MINE_0447,La Veguellina de Cepeda,42.641016,-6.015349,1,OxREP_v3_Roman_Exploitation,1,0,0,0,550.0,,,,38542.5,39127.9,0.0,252788.34797566832,4725360.192487266,Conglomerados; areniscas; arcillas; calizas y evaporitas; Vulcanitas basicas,CENOZOICO,,OBSERVED_POINT_ONLY,OBSERVED_IGME_1M
MINE_0448,La Victoria,38.8129877,-4.38632405,1,OxREP_v3_Roman_Exploitation,0,0,1,1,550.0,,,,2050.3,2380.6,0.1363,379637.8623095974,4296936.737672924,Gneises; esquistos; marmoles y vulcanitas,PROTEROZOICO,,OBSERVED_POINT_ONLY,OBSERVED_IGME_1M
MINE_0449,La Viliella,42.986524,-6.637741,1,OxREP_v3_Roman_Exploitation,1,0,0,0,550.0,,,,867.3,2448.7,0.2391,203414.6764487698,4765742.327795719,Cuarcitas; pizarras; areniscas; calizas y vulcanitas,PALEOZOICO,,OBSERVED_POINT_ONLY,OBSERVED_IGME_1M
MINE_0450,La Zarza,37.70942825,-6.85041111,1,OxREP_v3_Roman_Exploitation,0,1,0,0,550.0,,,,79671.6,80009.0,0.0,160549.82439733995,4180558.7610894255,Conglomerados; areniscas; pizarras; calizas y vulcanitas; Carbon,PALEOZOICO,,OBSERVED_POINT_ONLY,OBSERVED_IGME_1M
MINE_0451,Lagar de la Cruz,37.9393854,-4.821597,1,OxREP_v3_Roman_Exploitation,0,1,0,0,550.0,,,,66281.5,61301.0,0.0,339930.45545341534,4200654.486792197,Cuarcitas; pizarras; areniscas; calizas y vulcanitas,PALEOZOICO,,OBSERVED_POINT_ONLY,OBSERVED_IGME_1M
MINE_0452,Lago,42.40685074,-8.039627332,1,OxREP_v3_Roman_Exploitation,1,0,0,0,550.0,,,,55901.2,55901.2,0.0,85250.41111884057,4707267.798802055,Granitoides de emplazamiento meso-catazonal,PALEOZOICO,ROCAS PLUTONICAS HERCINICAS,OBSERVED_POINT_ONLY,OBSERVED_IGME_1M
MINE_0453,Lago,43.243693,-6.730794,1,OxREP_v3_Roman_Exploitation,1,0,0,0,550.0,,,,10464.5,8346.0,0.0,197100.2639424067,4794638.235801257,Cuarcitas; pizarras; areniscas; calizas y vulcanitas,PALEOZOICO,,OBSERVED_POINT_ONLY,OBSERVED_IGME_1M
MINE_0454,Lagos de Salave / Lagos de Silva,43.56532899,-6.912913527,1,OxREP_v3_Roman_Exploitation,1,0,0,0,550.0,,,,3968.4,1233.2,0.0149,183991.8304042443,4831039.384821126,Conglomerados; areniscas; arcillas; calizas y evaporitas; Vulcanitas basicas,CENOZOICO,,OBSERVED_POINT_ONLY,OBSERVED_IGME_1M
MINE_0455,Lagueiro I,43.02386,-6.86042,1,OxREP_v3_Roman_Exploitation,1,0,0,0,550.0,,,,728.6,3557.5,0.3723,185448.6042779166,4770700.321555326,Cuarcitas; pizarras; areniscas; calizas y vulcanitas,PALEOZOICO,,OBSERVED_POINT_ONLY,OBSERVED_IGME_1M
MINE_0456,Lagueiro II,43.021935,-6.857337,1,OxREP_v3_Roman_Exploitation,1,0,0,0,550.0,,,,895.8,3747.0,0.3433,185690.0012520104,4770474.956372997,Cuarcitas; pizarras; areniscas; calizas y vulcanitas,PALEOZOICO,,OBSERVED_POINT_ONLY,OBSERVED_IGME_1M
MINE_0457,Laguna de Valseco,42.478356,-6.201948,1,OxREP_v3_Roman_Exploitation,1,0,0,0,550.0,,,,54931.9,57549.8,0.0,236805.34334415535,4707858.89816514,Conglomerados; areniscas; arcillas; calizas y evaporitas; Vulcanitas basicas,CENOZOICO,,OBSERVED_POINT_ONLY,OBSERVED_IGME_1M
MINE_0458,Lamelas,42.251258,-7.590977,1,OxREP_v3_Roman_Exploitation,1,0,0,0,550.0,,,,76738.0,74847.4,0.0,121246.3119007147,4687888.2158191055,Conglomerados; gravas; arenas y limos,CENOZOICO,,OBSERVED_POINT_ONLY,OBSERVED_IGME_1M
MINE_0459,Lanestosa,43.22968462,-3.43570562,1,OxREP_v3_Roman_Exploitation,0,0,0,1,550.0,,,,4537.5,3965.7,0.0267,464618.899239465,4786413.538465174,Calizas; dolomias y margas; Areniscas,MESOZOICO,,OBSERVED_POINT_ONLY,OBSERVED_IGME_1M
MINE_0460,Las Alquitones,38.20890437,-5.56870248,1,OxREP_v3_Roman_Exploitation,0,0,1,1,550.0,,,,28998.7,29005.2,0.0,275098.1791008406,4232113.265188047,Gneises; esquistos; marmoles y vulcanitas,PROTEROZOICO-PALEOZOICO,,OBSERVED_POINT_ONLY,OBSERVED_IGME_1M
MINE_0461,Las Balinas,42.722711,-6.738225,1,OxREP_v3_Roman_Exploitation,1,0,0,0,550.0,,,,26839.9,27732.9,0.0,193919.34124319738,4736802.448893747,Cuarcitas; pizarras; areniscas; calizas y vulcanitas,PALEOZOICO,,OBSERVED_POINT_ONLY,OBSERVED_IGME_1M
MINE_0462,Las Cárcabas de Bustantigo,43.358364,-6.693805,1,OxREP_v3_Roman_Exploitation,1,0,0,0,550.0,,,,11017.8,10532.5,0.0,200667.5453122714,4807241.015423153,Cuarcitas; pizarras; areniscas; calizas y vulcanitas,PALEOZOICO,,OBSERVED_POINT_ONLY,OBSERVED_IGME_1M
MINE_0463,Las Coronas,42.633493,-6.861837,1,OxREP_v3_Roman_Exploitation,1,0,0,0,550.0,,,,35396.3,35748.4,0.0,183343.52878091583,4727349.808350328,Cuarcitas; pizarras; areniscas; calizas y vulcanitas,PALEOZOICO,,OBSERVED_POINT_ONLY,OBSERVED_IGME_1M
MINE_0464,Las Cuevas,38.81817985,-4.76211797,1,OxREP_v3_Roman_Exploitation,0,0,0,0,550.0,,,,1237.9,464.3,0.1631,347020.1531621413,4298075.002958503,Areniscas; pizarras y calizas,PALEOZOICO,,OBSERVED_POINT_ONLY,OBSERVED_IGME_1M
MINE_0465,Las Gandarias I,42.712221,-6.35826,1,OxREP_v3_Roman_Exploitation,1,0,0,0,550.0,,,,29902.8,29575.0,0.0,224986.99204520258,4734328.489433894,Cuarcitas; pizarras; areniscas; calizas y vulcanitas,PALEOZOICO,,OBSERVED_POINT_ONLY,OBSERVED_IGME_1M
MINE_0466,Las Gandarias II,42.712631,-6.367476,1,OxREP_v3_Roman_Exploitation,1,0,0,0,550.0,,,,30001.1,29473.3,0.0,224234.02715252235,4734404.107836381,Conglomerados; areniscas; arcillas; calizas y evaporitas; Vulcanitas basicas,CENOZOICO,,OBSERVED_POINT_ONLY,OBSERVED_IGME_1M
MINE_0467,Las Grobas de Fonteta,43.136053,-6.807,1,OxREP_v3_Roman_Exploitation,1,0,0,0,550.0,,,,327.4,1670.0,0.2743,190368.1249282179,4782962.167380043,Cuarcitas; pizarras; areniscas; calizas y vulcanitas,PALEOZOICO,,OBSERVED_POINT_ONLY,OBSERVED_IGME_1M
MINE_0468,Las Grobas de Tremado I,43.166569,-6.78908,1,OxREP_v3_Roman_Exploitation,1,0,0,0,550.0,,,,2623.0,2410.9,0.0431,191979.26103674155,4786285.3297798,Cuarcitas; pizarras; areniscas; calizas y vulcanitas,PALEOZOICO,,OBSERVED_POINT_ONLY,OBSERVED_IGME_1M
MINE_0469,Las Grobas de Tremado II,43.168922,-6.785964,1,OxREP_v3_Roman_Exploitation,1,0,0,0,550.0,,,,2987.2,2688.5,0.0389,192244.4213192832,4786535.197794596,Cuarcitas; pizarras; areniscas; calizas y vulcanitas,PALEOZOICO,,OBSERVED_POINT_ONLY,OBSERVED_IGME_1M
MINE_0470,Las Lagunas,42.743986,-6.826471,1,OxREP_v3_Roman_Exploitation,1,0,0,0,550.0,,,,23187.2,23655.5,0.0,186800.27412862115,4739489.43472934,Cuarcitas; pizarras; areniscas; calizas y vulcanitas,PALEOZOICO,,OBSERVED_POINT_ONLY,OBSERVED_IGME_1M
MINE_0471,Las Lamas del Picón,42.639734,-6.715576,1,OxREP_v3_Roman_Exploitation,1,0,0,0,550.0,,,,35619.4,36425.7,0.0,195368.3102438947,4727504.958744638,Conglomerados; areniscas; arcillas y calizas; Evaporitas,CENOZOICO,,OBSERVED_POINT_ONLY,OBSERVED_IGME_1M
MINE_0472,Las Madroñeras,42.227116,-6.253406,1,OxREP_v3_Roman_Exploitation,1,0,0,0,550.0,,,,82793.1,84124.7,0.0,231506.70768460084,4680119.179406242,Cuarcitas; pizarras; areniscas; calizas y vulcanitas,PALEOZOICO,,OBSERVED_POINT_ONLY,OBSERVED_IGME_1M
MINE_0473,Las Mayadicas / Arroyo de las Mayadicas,42.299566,-6.315066,1,OxREP_v3_Roman_Exploitation,1,0,0,0,550.0,,,,75009.4,75574.6,0.0,226730.98257603933,4688361.160368702,Cuarcitas; pizarras; areniscas; calizas y vulcanitas,PALEOZOICO,,OBSERVED_POINT_ONLY,OBSERVED_IGME_1M
MINE_0474,Las Médulas,42.45954964,-6.7593122,1,OxREP_v3_Roman_Exploitation,1,0,0,0,550.0,,,,55235.5,55740.2,0.0,190892.88824571233,4707652.340690783,Cuarcitas; pizarras; areniscas; calizas y vulcanitas,PALEOZOICO,,OBSERVED_POINT_ONLY,OBSERVED_IGME_1M
MINE_0475,Las Médulas de la Omañas (Miédolas),42.669059,-5.87628,1,OxREP_v3_Roman_Exploitation,1,0,0,0,550.0,,,,34861.7,34861.7,0.0,264296.68010402896,4728076.984510668,Conglomerados; areniscas; arcillas; calizas y evaporitas; Vulcanitas basicas,CENOZOICO,,OBSERVED_POINT_ONLY,OBSERVED_IGME_1M
MINE_0476,Las Miédulas - Las Lagunas,42.44679,-6.234369,1,OxREP_v3_Roman_Exploitation,1,0,0,0,550.0,,,,58368.2,60322.3,0.0,234006.4029859738,4704454.576332694,Cuarcitas; pizarras; areniscas; calizas y vulcanitas,PALEOZOICO,,OBSERVED_POINT_ONLY,OBSERVED_IGME_1M
MINE_0477,Las Minillas,38.86578022,-5.03505856,1,OxREP_v3_Roman_Exploitation,0,1,1,1,550.0,,,,1870.9,226.7,0.1871,323440.29265144625,4303850.264505269,Areniscas; pizarras y calizas,PALEOZOICO,,OBSERVED_POINT_ONLY,OBSERVED_IGME_1M
MINE_0478,Las Minillas,38.28298501,-5.61415806,1,OxREP_v3_Roman_Exploitation,0,1,0,0,550.0,,,,20792.8,21790.7,0.0,271350.0618072322,4240446.461175914,Gneises; esquistos; marmoles y vulcanitas,PROTEROZOICO-PALEOZOICO,,OBSERVED_POINT_ONLY,OBSERVED_IGME_1M
MINE_0479,Las Monjas,38.64093214,-4.9835869,1,OxREP_v3_Roman_Exploitation,0,0,1,1,550.0,,,,1967.3,765.4,0.1534,327365.31650938094,4278798.100266506,Areniscas; pizarras y calizas,PALEOZOICO,,OBSERVED_POINT_ONLY,OBSERVED_IGME_1M
MINE_0480,Las Moracas,42.816687,-6.719624,1,OxREP_v3_Roman_Exploitation,1,0,0,0,550.0,,,,16341.9,17277.3,0.0,195903.3004266707,4747172.281461632,Cuarcitas; pizarras; areniscas; calizas y vulcanitas,PALEOZOICO,,OBSERVED_POINT_ONLY,OBSERVED_IGME_1M
MINE_0481,Las Morenas,38.22311594,-5.58165595,1,OxREP_v3_Roman_Exploitation,0,0,1,1,550.0,,,,27364.2,27587.3,0.0,274007.8559085985,4233722.061102202,Gneises; esquistos; marmoles y vulcanitas,PROTEROZOICO,,OBSERVED_POINT_ONLY,OBSERVED_IGME_1M
MINE_0482,Las Morras,38.3460133,-4.9884477,1,OxREP_v3_Roman_Exploitation,0,0,1,1,550.0,,,,26233.1,18290.3,0.0,326234.96085292345,4246078.161339129,Conglomerados; areniscas; pizarras; calizas y vulcanitas; Carbon,PALEOZOICO,,OBSERVED_POINT_ONLY,OBSERVED_IGME_1M
MINE_0483,Las Murias - Los Tallares,42.19946187,-6.21983439,1,OxREP_v3_Roman_Exploitation,1,0,0,0,550.0,,,,85864.5,87568.2,0.0,234161.47481455072,4676942.873248804,Conglomerados; gravas; arenas y limos,CENOZOICO,,OBSERVED_POINT_ONLY,OBSERVED_IGME_1M
MINE_0484,Las Musas,38.25032907,-5.67729857,1,OxREP_v3_Roman_Exploitation,0,0,1,1,550.0,,,,25445.9,25497.3,0.0,265721.51969932695,4236980.257094629,Gneises; esquistos; marmoles y vulcanitas,PROTEROZOICO,,OBSERVED_POINT_ONLY,OBSERVED_IGME_1M
MINE_0485,Las Pedrizas de San Payo,42.709842,-6.715109,1,OxREP_v3_Roman_Exploitation,1,0,0,0,550.0,,,,27889.8,28723.9,0.0,195749.3045908978,4735289.5474469,Cuarcitas; pizarras; areniscas; calizas y vulcanitas,PALEOZOICO,,OBSERVED_POINT_ONLY,OBSERVED_IGME_1M
MINE_0486,Las Pozas,38.52680156,-4.08505448,1,OxREP_v3_Roman_Exploitation,0,0,1,1,550.0,,,,9178.4,9009.3,0.0,405419.3468852529,4264825.249214049,Gneises; esquistos; marmoles y vulcanitas,PROTEROZOICO,,OBSERVED_POINT_ONLY,OBSERVED_IGME_1M
MINE_0487,Las Reguillinas,42.35597,-6.386252,1,OxREP_v3_Roman_Exploitation,1,0,0,0,550.0,,,,69442.2,68845.8,0.0,221111.87834509904,4694856.264493844,Cuarcitas; pizarras; areniscas; calizas y vulcanitas,PALEOZOICO,,OBSERVED_POINT_ONLY,OBSERVED_IGME_1M
MINE_0488,Las Tarafinas,42.685658,-6.396074,1,OxREP_v3_Roman_Exploitation,1,0,0,0,550.0,,,,33452.7,32239.9,0.0,221771.33662807324,4731502.413069569,Conglomerados; areniscas; arcillas; calizas y evaporitas; Vulcanitas basicas,CENOZOICO,,OBSERVED_POINT_ONLY,OBSERVED_IGME_1M
MINE_0489,Las Tobosas,38.55966676,-5.33924282,1,OxREP_v3_Roman_Exploitation,0,0,1,1,550.0,,,,4729.3,932.5,0.0093,296178.62881928496,4270508.506638148,Conglomerados; areniscas; pizarras; calizas y vulcanitas; Carbon,PALEOZOICO,,OBSERVED_POINT_ONLY,OBSERVED_IGME_1M
MINE_0490,Las Torcas,38.48581222,-4.61821957,1,OxREP_v3_Roman_Exploitation,0,0,1,1,550.0,,,,3806.0,7299.7,0.0309,358862.7449760417,4260959.655744868,Conglomerados; areniscas; pizarras; calizas y vulcanitas; Carbon,PALEOZOICO,,OBSERVED_POINT_ONLY,OBSERVED_IGME_1M
MINE_0491,Las Torcas - El Teso de Piqueras,42.575444,-6.380819,1,OxREP_v3_Roman_Exploitation,1,0,0,0,550.0,,,,45200.9,44553.4,0.0,222531.5210984744,4719212.16957364,Conglomerados; areniscas; pizarras; calizas y vulcanitas; Carbon,PALEOZOICO,,OBSERVED_POINT_ONLY,OBSERVED_IGME_1M
MINE_0492,Las Traviesas,42.659876,-6.017965,1,OxREP_v3_Roman_Exploitation,1,0,0,0,550.0,,,,36437.5,37155.2,0.0,252648.67670721313,4727462.333875927,Cuarcitas; pizarras; areniscas; calizas y vulcanitas,PALEOZOICO,,OBSERVED_POINT_ONLY,OBSERVED_IGME_1M
MINE_0493,Las Traviesas I,42.724353,-6.465042,1,OxREP_v3_Roman_Exploitation,1,0,0,0,550.0,,,,28056.8,27504.2,0.0,216296.95089534018,4736029.506759501,Conglomerados; areniscas; pizarras; calizas y vulcanitas; Carbon,PALEOZOICO,,OBSERVED_POINT_ONLY,OBSERVED_IGME_1M
MINE_0494,Las Traviesas II,42.705133,-6.465437,1,OxREP_v3_Roman_Exploitation,1,0,0,0,550.0,,,,30161.2,29590.9,0.0,216176.92098439223,4733896.278660067,Conglomerados; areniscas; pizarras; calizas y vulcanitas; Carbon,PALEOZOICO,,OBSERVED_POINT_ONLY,OBSERVED_IGME_1M
MINE_0495,Las Trelas,43.174814,-6.782002,1,OxREP_v3_Roman_Exploitation,1,0,0,0,550.0,,,,3692.9,3384.3,0.0271,192596.1145880756,4787175.031536981,Cuarcitas; pizarras; areniscas; calizas y vulcanitas,PALEOZOICO,,OBSERVED_POINT_ONLY,OBSERVED_IGME_1M
MINE_0496,Las Valiñas,42.642246,-6.878455,1,OxREP_v3_Roman_Exploitation,1,0,0,0,550.0,,,,34485.7,34797.5,0.0,182025.3835403733,4728384.38070328,Cuarcitas; pizarras; areniscas; calizas y vulcanitas,PALEOZOICO,,OBSERVED_POINT_ONLY,OBSERVED_IGME_1M
MINE_0497,Las Ventas - Fondelur,42.536312,-6.151134,1,OxREP_v3_Roman_Exploitation,1,0,0,0,550.0,,,,48918.6,52423.8,0.0,241221.96494827082,4714138.559999737,Cuarcitas; pizarras; areniscas; calizas y vulcanitas,PALEOZOICO,,OBSERVED_POINT_ONLY,OBSERVED_IGME_1M
MINE_0498,Lavadoira,43.29674687,-6.605058403,1,OxREP_v3_Roman_Exploitation,1,0,0,0,550.0,,,,5020.4,1010.8,0.0,207563.94193880196,4800082.3950344045,Cuarcitas; pizarras; areniscas; calizas y vulcanitas,PALEOZOICO,,OBSERVED_POINT_ONLY,OBSERVED_IGME_1M
MINE_0499,Leoneza,42.835042,-6.494671,1,OxREP_v3_Roman_Exploitation,1,0,0,0,550.0,,,,15526.1,14966.3,0.0,214380.70036387554,4748422.749510517,Cuarcitas; pizarras; areniscas; calizas y vulcanitas,PALEOZOICO,,OBSERVED_POINT_ONLY,OBSERVED_IGME_1M
MINE_0500,Leras,42.792581,-5.725108,1,OxREP_v3_Roman_Exploitation,1,0,0,0,550.0,,,,22781.4,22942.0,0.0,277128.65491639276,4741383.721059698,Areniscas; pizarras y calizas,PALEOZOICO,,OBSERVED_POINT_ONLY,OBSERVED_IGME_1M
MINE_0501,Llano Tabernero,38.35721971,-4.78139954,1,OxREP_v3_Roman_Exploitation,0,1,0,0,550.0,,,,21762.8,14850.2,0.0,344353.7695966002,4246952.294904546,Granitoides de emplazamiento epi-mesozonal,PALEOZOICO,ROCAS PLUTONICAS HERCINICAS,OBSERVED_POINT_ONLY,OBSERVED_IGME_1M
MINE_0502,Lomo de Perro,38.76036878,-5.42692009,1,OxREP_v3_Roman_Exploitation,0,1,1,1,550.0,,,,9335.2,7414.9,0.0,289127.95677673124,4292981.955100721,Gneises; esquistos; marmoles y vulcanitas,PROTEROZOICO,,OBSERVED_POINT_ONLY,OBSERVED_IGME_1M
MINE_0503,Longrey,43.452082,-6.499408,1,OxREP_v3_Roman_Exploitation,1,0,0,0,550.0,,,,1167.1,1854.1,0.1217,216859.33763357438,4816970.210888326,Cuarcitas; pizarras; areniscas; calizas y vulcanitas,PALEOZOICO,,OBSERVED_POINT_ONLY,OBSERVED_IGME_1M
MINE_0504,Los Alemanes,38.1488196,-3.63656838,1,OxREP_v3_Roman_Exploitation,0,0,1,1,550.0,,,,45767.7,45965.9,0.0,444223.8545849035,4222518.469306383,Granitoides de emplazamiento epi-mesozonal,PALEOZOICO,ROCAS PLUTONICAS HERCINICAS,OBSERVED_POINT_ONLY,OBSERVED_IGME_1M
MINE_0505,Los Almadenes,38.42936535,-5.10576681,1,OxREP_v3_Roman_Exploitation,0,0,1,1,550.0,,,,23159.0,15573.8,0.0,316192.92758794595,4255555.675605312,Conglomerados; areniscas; pizarras; calizas y vulcanitas; Carbon,PALEOZOICO,,OBSERVED_POINT_ONLY,OBSERVED_IGME_1M
MINE_0506,Los Arrayanes,38.13799491,-3.62402098,1,OxREP_v3_Roman_Exploitation,0,1,1,1,550.0,,,,47347.3,47552.3,0.0,445315.1891314356,4221309.929950433,Conglomerados; areniscas; calizas; yesos y arcillas versicolores,MESOZOICO,,OBSERVED_POINT_ONLY,OBSERVED_IGME_1M
MINE_0507,Los Barriales - Los Testeros,42.326311,-6.173298,1,OxREP_v3_Roman_Exploitation,1,0,0,0,550.0,,,,71942.4,74498.6,0.0,238529.27874539982,4690885.371589065,Conglomerados; gravas; arenas y limos,CENOZOICO,,OBSERVED_POINT_ONLY,OBSERVED_IGME_1M
MINE_0508,Los Barrieros,42.415444,-6.690579,1,OxREP_v3_Roman_Exploitation,1,0,0,0,550.0,,,,60340.4,61072.1,0.0,196331.93796934624,4702505.631028159,Cuarcitas; pizarras; areniscas; calizas y vulcanitas,PALEOZOICO,,OBSERVED_POINT_ONLY,OBSERVED_IGME_1M
MINE_0509,Los Bueyes,37.63308229,-6.77443064,1,OxREP_v3_Roman_Exploitation,0,1,0,0,550.0,,,,89066.5,89309.1,0.0,166909.01070882776,4171810.6801384324,Conglomerados; areniscas; pizarras; calizas y vulcanitas; Carbon,PALEOZOICO,,OBSERVED_POINT_ONLY,OBSERVED_IGME_1M
MINE_0510,Los Caborcos y Las Pedrizas,42.715937,-6.710058,1,OxREP_v3_Roman_Exploitation,1,0,0,0,550.0,,,,27159.6,27985.1,0.0,196192.77987301134,4735948.259192389,Cuarcitas; pizarras; areniscas; calizas y vulcanitas,PALEOZOICO,,OBSERVED_POINT_ONLY,OBSERVED_IGME_1M
MINE_0511,Los Cabuercos - Las Coronas,42.336879,-6.173628,1,OxREP_v3_Roman_Exploitation,1,0,0,0,550.0,,,,70769.0,73351.7,0.0,238545.9061750253,4692059.977581043,Conglomerados; gravas; arenas y limos,CENOZOICO,,OBSERVED_POINT_ONLY,OBSERVED_IGME_1M
MINE_0512,Los Cachicobos,42.619721,-6.837096,1,OxREP_v3_Roman_Exploitation,1,0,0,0,550.0,,,,36933.5,37340.5,0.0,185302.9789037431,4725727.797331362,Cuarcitas; pizarras; areniscas; calizas y vulcanitas,PALEOZOICO,,OBSERVED_POINT_ONLY,OBSERVED_IGME_1M
MINE_0513,Los Campos,42.63545,-6.221751,1,OxREP_v3_Roman_Exploitation,1,0,0,0,550.0,,,,37420.1,40406.5,0.0,235841.59051525622,4725366.640041123,Conglomerados; areniscas; arcillas; calizas y evaporitas; Vulcanitas basicas,CENOZOICO,,OBSERVED_POINT_ONLY,OBSERVED_IGME_1M
MINE_0514,Los Carriles,42.522252,-6.194796,1,OxREP_v3_Roman_Exploitation,1,0,0,0,550.0,,,,50096.9,53037.0,0.0,237577.11049867643,4712711.530473997,Cuarcitas; pizarras; areniscas; calizas y vulcanitas,PALEOZOICO,,OBSERVED_POINT_ONLY,OBSERVED_IGME_1M
MINE_0515,Los Casares,42.239704,-6.398898,1,OxREP_v3_Roman_Exploitation,1,0,0,0,550.0,,,,82160.6,81538.5,0.0,219554.17289959255,4681986.147017355,Cuarcitas; pizarras; areniscas; calizas y vulcanitas,PALEOZOICO,,OBSERVED_POINT_ONLY,OBSERVED_IGME_1M
MINE_0516,Los Cáscaros,42.717953,-5.911294,1,OxREP_v3_Roman_Exploitation,1,0,0,0,550.0,,,,29403.1,29403.1,0.0,261614.4196646909,4733605.172071165,Cuarcitas; pizarras; areniscas; calizas y vulcanitas,PALEOZOICO,,OBSERVED_POINT_ONLY,OBSERVED_IGME_1M
MINE_0517,Los Castillos - Alto de la Mina,42.608387,-6.147774,1,OxREP_v3_Roman_Exploitation,1,0,0,0,550.0,,,,41053.6,44467.8,0.0,241795.71791997683,4722132.538504447,Cuarcitas; pizarras; areniscas; calizas y vulcanitas,PALEOZOICO,,OBSERVED_POINT_ONLY,OBSERVED_IGME_1M
MINE_0518,Los Cavenes,40.56572807,-6.141205928,1,OxREP_v3_Roman_Exploitation,1,0,0,0,550.0,,,,101004.2,94044.4,0.0,234072.67196149385,4495293.762064718,Cuarcitas; pizarras; areniscas; calizas y vulcanitas,PROTEROZOICO-PALEOZOICO,,OBSERVED_POINT_ONLY,OBSERVED_IGME_1M
MINE_0519,Los Cubanallos,42.321607,-6.392307,1,OxREP_v3_Roman_Exploitation,1,0,0,0,550.0,,,,73210.0,72616.3,0.0,220460.78678236873,4691060.025668412,Cuarcitas; pizarras; areniscas; calizas y vulcanitas,PALEOZOICO,,OBSERVED_POINT_ONLY,OBSERVED_IGME_1M
MINE_0520,Los Culeritos,38.0863122,-6.95065167,1,OxREP_v3_Roman_Exploitation,0,1,0,0,550.0,,,,37233.9,37731.3,0.0,153484.09107423277,4222767.353997558,Areniscas; pizarras y calizas,PALEOZOICO,,OBSERVED_POINT_ONLY,OBSERVED_IGME_1M
MINE_0521,Los Dolores,38.61094749,-4.39579808,1,OxREP_v3_Roman_Exploitation,0,0,1,1,550.0,,,,5812.0,6020.6,0.0,378473.615086403,4274528.282694141,Gneises; esquistos; marmoles y vulcanitas,PROTEROZOICO,,OBSERVED_POINT_ONLY,OBSERVED_IGME_1M
MINE_0522,Los Eneros,38.27643785,-5.37490862,1,OxREP_v3_Roman_Exploitation,0,1,1,1,550.0,,,,21038.8,21601.5,0.0,292260.53478746116,4239154.962319405,Conglomerados; areniscas; arcillas; calizas y evaporitas; Vulcanitas basicas,CENOZOICO,,OBSERVED_POINT_ONLY,OBSERVED_IGME_1M
MINE_0523,Los Engarbos,38.35777354,-3.18415148,1,OxREP_v3_Roman_Exploitation,0,0,1,1,550.0,,,,52098.1,36412.1,0.0,483910.8500161045,4245527.994752769,Cuarcitas; pizarras; areniscas; calizas y vulcanitas,PALEOZOICO,,OBSERVED_POINT_ONLY,OBSERVED_IGME_1M
MINE_0524,Los Escoriales,38.18103892,-3.92435169,1,OxREP_v3_Roman_Exploitation,0,1,0,0,550.0,,,,36155.7,36615.2,0.0,419043.4703555939,4226305.666605578,Granitoides de emplazamiento epi-mesozonal,PALEOZOICO,ROCAS PLUTONICAS HERCINICAS,OBSERVED_POINT_ONLY,OBSERVED_IGME_1M
MINE_0525,Los Estancos,42.471098,-6.205953,1,OxREP_v3_Roman_Exploitation,1,0,0,0,550.0,,,,55721.9,58242.0,0.0,236445.62162617542,4707065.317117242,Conglomerados; areniscas; arcillas; calizas y evaporitas; Vulcanitas basicas,CENOZOICO,,OBSERVED_POINT_ONLY,OBSERVED_IGME_1M
MINE_0526,Los Fuellos,42.44272,-6.21592,1,OxREP_v3_Roman_Exploitation,1,0,0,0,550.0,,,,58843.9,61099.2,0.0,235506.6482206037,4703944.882652198,Cuarcitas; pizarras; areniscas; calizas y vulcanitas,PALEOZOICO,,OBSERVED_POINT_ONLY,OBSERVED_IGME_1M
MINE_0527,Los Galayos,38.46864925,-3.92188162,1,OxREP_v3_Roman_Exploitation,0,0,1,1,550.0,,,,4344.5,5213.8,0.0259,419578.25906603725,4258217.209771044,Gneises; esquistos; marmoles y vulcanitas,PROTEROZOICO,,OBSERVED_POINT_ONLY,OBSERVED_IGME_1M
MINE_0528,Los Guijarros,38.13938667,-6.92455813,1,OxREP_v3_Roman_Exploitation,0,1,0,0,550.0,,,,31471.6,31865.5,0.0,156023.14209508052,4228562.288986332,Areniscas; pizarras y calizas,PALEOZOICO,,OBSERVED_POINT_ONLY,OBSERVED_IGME_1M
MINE_0529,Los Guindos,38.31201215,-3.69137155,1,OxREP_v3_Roman_Exploitation,0,0,1,1,550.0,,,,27880.4,28207.0,0.0,439557.16441866447,4240660.420734919,Areniscas; pizarras y calizas,PALEOZOICO,,OBSERVED_POINT_ONLY,OBSERVED_IGME_1M
MINE_0530,Los Lagunales - Teso las Pilas,42.431208,-6.175599,1,OxREP_v3_Roman_Exploitation,1,0,0,0,550.0,,,,60304.9,63181.4,0.0,238775.295301213,4702541.475888288,Cuarcitas; pizarras; areniscas; calizas y vulcanitas,PALEOZOICO,,OBSERVED_POINT_ONLY,OBSERVED_IGME_1M
MINE_0531,Los Mayadones I,42.318736,-6.358224,1,OxREP_v3_Roman_Exploitation,1,0,0,0,550.0,,,,73286.5,73136.3,0.0,223257.06659541,4690629.653150172,Cuarcitas; pizarras; areniscas; calizas y vulcanitas,PALEOZOICO,,OBSERVED_POINT_ONLY,OBSERVED_IGME_1M
MINE_0532,Los Mayadones II,42.31273,-6.341954,1,OxREP_v3_Roman_Exploitation,1,0,0,0,550.0,,,,73778.9,73925.3,0.0,224571.76047549245,4689909.8234804645,Cuarcitas; pizarras; areniscas; calizas y vulcanitas,PALEOZOICO,,OBSERVED_POINT_ONLY,OBSERVED_IGME_1M
MINE_0533,Los Milagros del Monte Medo,42.23208,-7.629413,1,OxREP_v3_Roman_Exploitation,1,0,0,0,550.0,,,,78149.2,76958.0,0.0,117958.74392954452,4685930.106966453,Conglomerados; areniscas; arcillas y calizas; Evaporitas,CENOZOICO,,OBSERVED_POINT_ONLY,OBSERVED_IGME_1M
MINE_0534,Los Moruecos de Larón,42.98355,-6.634177,1,OxREP_v3_Roman_Exploitation,1,0,0,0,550.0,,,,429.2,2415.0,0.2259,203690.97373868077,4765399.432871655,Cuarcitas; pizarras; areniscas; calizas y vulcanitas,PALEOZOICO,,OBSERVED_POINT_ONLY,OBSERVED_IGME_1M
MINE_0535,Los Muriacales - Los Cubanallos,42.233705,-6.346199,1,OxREP_v3_Roman_Exploitation,1,0,0,0,550.0,,,,82545.0,82636.8,0.0,223876.71122701454,4681147.671412865,Cuarcitas; pizarras; areniscas; calizas y vulcanitas,PALEOZOICO,,OBSERVED_POINT_ONLY,OBSERVED_IGME_1M
MINE_0536,Los Palazuelos,38.19025394,-3.58399511,1,OxREP_v3_Roman_Exploitation,0,1,1,1,550.0,,,,44328.3,44639.4,0.0,448859.3263122774,4227085.575941356,Conglomerados; areniscas; pizarras; calizas y vulcanitas; Carbon,PALEOZOICO,,OBSERVED_POINT_ONLY,OBSERVED_IGME_1M
MINE_0537,Los Patalos,38.1725365,-4.27719014,1,OxREP_v3_Roman_Exploitation,0,1,0,0,550.0,,,,35978.5,36130.5,0.0,388127.1364957937,4225729.273338278,Granitoides de emplazamiento epi-mesozonal,PALEOZOICO,ROCAS PLUTONICAS HERCINICAS,OBSERVED_POINT_ONLY,OBSERVED_IGME_1M
MINE_0538,Los Pobos,38.21042193,-4.554018,1,OxREP_v3_Roman_Exploitation,0,1,0,0,550.0,,,,32797.4,32727.1,0.0,363948.19028428895,4230303.60398411,Granitoides de emplazamiento epi-mesozonal,PALEOZOICO,ROCAS PLUTONICAS HERCINICAS,OBSERVED_POINT_ONLY,OBSERVED_IGME_1M
MINE_0539,Los Poliñeiros,42.66691589,-6.730899562,1,OxREP_v3_Roman_Exploitation,1,0,0,0,550.0,,,,32806.8,33652.7,0.0,194245.2012184366,4730579.194981421,Cuarcitas; pizarras; areniscas; calizas y vulcanitas,PALEOZOICO,,OBSERVED_POINT_ONLY,OBSERVED_IGME_1M
MINE_0540,Los Prados del Castro,42.244728,-6.41975,1,OxREP_v3_Roman_Exploitation,1,0,0,0,550.0,,,,81413.3,80767.1,0.0,217855.87303419097,4682612.987635688,Cuarcitas; pizarras; areniscas; calizas y vulcanitas,PALEOZOICO,,OBSERVED_POINT_ONLY,OBSERVED_IGME_1M
MINE_0541,Los Rubiales,38.48355401,-4.67210267,1,OxREP_v3_Roman_Exploitation,0,0,1,1,550.0,,,,5076.3,7352.3,0.0,354158.3379380298,4260793.062544573,Conglomerados; areniscas; pizarras; calizas y vulcanitas; Carbon,PALEOZOICO,,OBSERVED_POINT_ONLY,OBSERVED_IGME_1M
MINE_0542,Los Rudicales,42.659775,-6.784792,1,OxREP_v3_Roman_Exploitation,1,0,0,0,550.0,,,,32911.4,33447.8,0.0,189792.52764751593,4729982.742210848,Cuarcitas; pizarras; areniscas; calizas y vulcanitas,PALEOZOICO,,OBSERVED_POINT_ONLY,OBSERVED_IGME_1M
MINE_0543,Louviño,42.06865661,-7.569685714,1,OxREP_v3_Roman_Exploitation,0,0,0,0,550.0,,,,96946.3,95206.5,0.0,121915.17825856397,4667512.569492354,Granitoides de emplazamiento meso-catazonal,PALEOZOICO,ROCAS PLUTONICAS HERCINICAS,OBSERVED_POINT_ONLY,OBSERVED_IGME_1M
MINE_0544,Lozacio,41.7122223,-6.028141918,1,OxREP_v3_Roman_Exploitation,0,0,1,1,550.0,,,,141040.0,141542.2,0.0,248076.09846409698,4622257.241989602,Cuarcitas; pizarras; areniscas; calizas y vulcanitas,PALEOZOICO,,OBSERVED_POINT_ONLY,OBSERVED_IGME_1M
MINE_0545,Madarnas,42.45472777,-8.086613216,1,OxREP_v3_Roman_Exploitation,1,0,0,0,550.0,,,,50908.2,50908.2,0.0,81702.0560596555,4712816.912760872,Granitoides de emplazamiento meso-catazonal,PALEOZOICO,ROCAS PLUTONICAS HERCINICAS,OBSERVED_POINT_ONLY,OBSERVED_IGME_1M
MINE_0546,Madereros,37.85063496,-5.02253464,1,OxREP_v3_Roman_Exploitation,0,1,1,1,550.0,,,,76031.1,72013.5,0.0,322058.0866668679,4191170.4506305684,Gneises; esquistos; marmoles y vulcanitas,PROTEROZOICO,,OBSERVED_POINT_ONLY,OBSERVED_IGME_1M
MINE_0547,Majada Hermosa,38.71271398,-5.29452087,1,OxREP_v3_Roman_Exploitation,0,0,1,1,550.0,,,,2470.7,1827.1,0.048,300500.73113922996,4287396.0063375,Gneises; esquistos; marmoles y vulcanitas,PROTEROZOICO,,OBSERVED_POINT_ONLY,OBSERVED_IGME_1M
MINE_0548,Malapiedra - Las Iruelas,42.467212,-6.336276,1,OxREP_v3_Roman_Exploitation,1,0,0,0,550.0,,,,56694.0,56862.9,0.0,225714.00728469423,4707047.252532148,Cuarcitas; pizarras; areniscas; calizas y vulcanitas,PALEOZOICO,,OBSERVED_POINT_ONLY,OBSERVED_IGME_1M
MINE_0549,Manzanal del Puerto / La Cantera / La Bajada de Lloroso,42.58889496,-6.250651362,1,OxREP_v3_Roman_Exploitation,1,0,0,0,550.0,,,,42591.2,44646.3,0.0,233272.9670207798,4720287.190463044,Cuarcitas; pizarras; areniscas; calizas y vulcanitas,PALEOZOICO,,OBSERVED_POINT_ONLY,OBSERVED_IGME_1M
MINE_0550,Manzaneda / El Follacón,42.25859447,-6.319124815,1,OxREP_v3_Roman_Exploitation,1,0,0,0,550.0,,,,79574.8,80089.3,0.0,226218.8485511517,4683824.235224921,Cuarcitas; pizarras; areniscas; calizas y vulcanitas,PALEOZOICO,,OBSERVED_POINT_ONLY,OBSERVED_IGME_1M
MINE_0551,Manzarnoso II,42.58754942,-6.185997468,1,OxREP_v3_Roman_Exploitation,1,0,0,0,550.0,,,,42922.7,46419.6,0.0,238572.8810139045,4719935.871791643,Cuarcitas; pizarras; areniscas; calizas y vulcanitas,PALEOZOICO,,OBSERVED_POINT_ONLY,OBSERVED_IGME_1M
MINE_0552,La Devesa II,42.59127997,-6.091062034,1,OxREP_v3_Roman_Exploitation,1,0,0,0,550.0,,,,43949.1,45836.3,0.0,246378.60545726836,4720061.085048024,Cuarcitas; pizarras; areniscas; calizas y vulcanitas,PALEOZOICO,,OBSERVED_POINT_ONLY,OBSERVED_IGME_1M
MINE_0553,Manzarnoso I / Peñasturón,42.57455126,-6.161131708,1,OxREP_v3_Roman_Exploitation,1,0,0,0,550.0,,,,44595.9,48359.6,0.0,240559.4758527292,4718415.802485676,Cuarcitas; pizarras; areniscas; calizas y vulcanitas,PALEOZOICO,,OBSERVED_POINT_ONLY,OBSERVED_IGME_1M
MINE_0554,Marco del Abuelo,43.135688,-6.786064,1,OxREP_v3_Roman_Exploitation,1,0,0,0,550.0,,,,1202.4,87.1,0.263,192069.2258105207,4782844.361841137,Cuarcitas; pizarras; areniscas; calizas y vulcanitas,PALEOZOICO,,OBSERVED_POINT_ONLY,OBSERVED_IGME_1M
MINE_0555,Mazarrón,37.59847407,-1.329361505,1,OxREP_v3_Roman_Exploitation,0,0,1,1,550.0,,,,29817.3,27011.4,0.0,647479.1120292597,4162578.450795043,Conglomerados; areniscas; arcillas; calizas y evaporitas; Vulcanitas basicas,CENOZOICO,,OBSERVED_POINT_ONLY,OBSERVED_IGME_1M
MINE_0556,Medela,42.452409,-8.10176,1,OxREP_v3_Roman_Exploitation,1,0,0,0,550.0,,,,51181.5,51307.0,0.0,80440.64699376246,4712634.322157676,Areniscas; pizarras y calizas,PALEOZOICO,,OBSERVED_POINT_ONLY,OBSERVED_IGME_1M
MINE_0557,Meiriña - La Raña,42.536257,-6.776897,1,OxREP_v3_Roman_Exploitation,1,0,0,0,550.0,,,,46591.4,47092.0,0.0,189826.7343377191,4716235.739629696,Conglomerados; gravas; arenas y limos,CENOZOICO,,OBSERVED_POINT_ONLY,OBSERVED_IGME_1M
MINE_0558,Melgoto,42.446163,-6.826435,1,OxREP_v3_Roman_Exploitation,1,0,0,0,550.0,,,,56247.2,56654.8,0.0,185305.91250940872,4706412.658546576,Areniscas; pizarras y calizas,PALEOZOICO,,OBSERVED_POINT_ONLY,OBSERVED_IGME_1M
MINE_0559,Mesa del Castaño,38.18640885,-5.56581619,1,OxREP_v3_Roman_Exploitation,0,1,0,0,550.0,,,,31507.9,31466.0,0.0,275281.74446755974,4229609.652575589,Gneises; esquistos; marmoles y vulcanitas,PROTEROZOICO-PALEOZOICO,,OBSERVED_POINT_ONLY,OBSERVED_IGME_1M
MINE_0560,Milagros,43.34467329,-4.969865368,1,OxREP_v3_Roman_Exploitation,0,1,0,0,550.0,,,,1126.1,274.3,0.3816,340338.0311772957,4800975.60151018,Conglomerados; areniscas; pizarras; calizas y vulcanitas; Carbon,PALEOZOICO,,OBSERVED_POINT_ONLY,OBSERVED_IGME_1M
MINE_0561,Míllera,43.332594,-6.250447,1,OxREP_v3_Roman_Exploitation,1,0,0,0,550.0,,,,5126.3,5654.8,0.0,236486.47565929766,4802882.098222469,Cuarcitas; pizarras; areniscas; calizas y vulcanitas,PALEOZOICO,,OBSERVED_POINT_ONLY,OBSERVED_IGME_1M
MINE_0562,Mina de la Lomba,42.752509,-5.999323,1,OxREP_v3_Roman_Exploitation,1,0,0,0,550.0,,,,26338.9,26851.0,0.0,254542.2674770874,4737695.264569772,Cuarcitas; pizarras; areniscas; calizas y vulcanitas,PALEOZOICO,,OBSERVED_POINT_ONLY,OBSERVED_IGME_1M
MINE_0563,Mina Teuler,37.93227464,-6.28423372,1,OxREP_v3_Roman_Exploitation,0,1,0,0,550.0,,,,57711.3,57057.1,0.0,211349.12449223618,4203389.502198057,Cuarcitas; pizarras; areniscas; calizas y vulcanitas,PROTEROZOICO-PALEOZOICO,,OBSERVED_POINT_ONLY,OBSERVED_IGME_1M
MINE_0564,Mina Valquemado,38.24348353,-4.14175311,1,OxREP_v3_Roman_Exploitation,0,1,0,0,550.0,,,,30283.9,30386.2,0.0,400087.9068057835,4233446.844438533,Granitoides de emplazamiento epi-mesozonal,PALEOZOICO,ROCAS PLUTONICAS HERCINICAS,OBSERVED_POINT_ONLY,OBSERVED_IGME_1M
MINE_0565,Minas de Cala,37.94697837,-6.34968618,1,OxREP_v3_Roman_Exploitation,0,1,0,0,550.0,,,,57291.6,55046.5,0.0,205653.65170769184,4205226.591188056,Cuarcitas; pizarras; areniscas; calizas y vulcanitas,PALEOZOICO,,OBSERVED_POINT_ONLY,OBSERVED_IGME_1M
MINE_0566,Mirabueno,38.06333387,-4.95016262,1,OxREP_v3_Roman_Exploitation,0,0,1,1,550.0,,,,56135.4,47740.7,0.0,328920.2883947117,4214637.506666683,Conglomerados; areniscas; pizarras; calizas y vulcanitas; Carbon,PALEOZOICO,,OBSERVED_POINT_ONLY,OBSERVED_IGME_1M
MINE_0567,Miraflores,38.77056956,-5.52393981,1,OxREP_v3_Roman_Exploitation,0,1,1,1,418.0,,,,5317.5,5758.0,0.0,280728.1165796729,4294342.333992544,Gneises; esquistos; marmoles y vulcanitas,PROTEROZOICO,,OBSERVED_POINT_ONLY,OBSERVED_IGME_1M
MINE_0568,Moeche,43.54630608,-7.97375636,1,OxREP_v3_Roman_Exploitation,0,1,0,0,550.0,,,,1030.9,3666.5,0.1779,98181.46469357936,4833515.206137344,Rocas metamorficas,PROTEROZOICO-PALEOZOICO,UNIDADES ALOCTONAS DEL MACIZO HESPERICO,OBSERVED_POINT_ONLY,OBSERVED_IGME_1M
MINE_0569,Moncelos,43.28296659,-7.496621083,1,OxREP_v3_Roman_Exploitation,1,0,0,0,550.0,,,,1049.5,251.9,0.149,135151.3866269443,4802064.625888396,Conglomerados; gravas; arenas y limos,CENOZOICO,,OBSERVED_POINT_ONLY,OBSERVED_IGME_1M
MINE_0570,Monte dos Castros,43.544684,-7.350896,1,OxREP_v3_Roman_Exploitation,1,0,0,0,550.0,,,,1963.4,814.8,0.1031,148496.7489853254,4830507.4641583245,Granitoides postcinematicos de emplazamiento epizonal,PALEOZOICO,ROCAS PLUTONICAS HERCINICAS,OBSERVED_POINT_ONLY,OBSERVED_IGME_1M
MINE_0571,Monte Los Pedregales,42.676812,-7.162755,1,OxREP_v3_Roman_Exploitation,1,0,0,0,550.0,,,,29510.5,29732.7,0.0,158903.15325371613,4733333.464260788,Cuarcitas; pizarras; areniscas; calizas y vulcanitas,PROTEROZOICO-PALEOZOICO,,OBSERVED_POINT_ONLY,OBSERVED_IGME_1M
MINE_0572,Monte Lourido,43.227798,-8.338858,1,OxREP_v3_Roman_Exploitation,1,0,0,0,121.0,,,,635.0,1995.2,0.2208,66410.32565519447,4799968.424114324,Rocas metamorficas,PROTEROZOICO-PALEOZOICO,UNIDADES ALOCTONAS DEL MACIZO HESPERICO,OBSERVED_POINT_ONLY,OBSERVED_IGME_1M
MINE_0573,Monte Neme,43.27436828,-8.72642841,1,OxREP_v3_Roman_Exploitation,0,0,0,0,550.0,,,,12166.4,13399.5,0.0,35283.501485009736,4807230.417946173,Areniscas; pizarras y calizas,PALEOZOICO,,OBSERVED_POINT_ONLY,OBSERVED_IGME_1M
MINE_0574,Monte Oucedo - Las Peneliñas,42.564687,-6.77063,1,OxREP_v3_Roman_Exploitation,1,0,0,0,550.0,,,,43534.1,44055.0,0.0,190482.1898342871,4719370.230835333,Conglomerados; areniscas; arcillas y calizas; Evaporitas,CENOZOICO,,OBSERVED_POINT_ONLY,OBSERVED_IGME_1M
MINE_0575,Monte Romero,37.78028111,-6.80017225,1,OxREP_v3_Roman_Exploitation,0,1,0,0,276.0,,,,72575.0,72805.8,0.0,165300.3227592809,4188242.8497468554,Conglomerados; areniscas; pizarras; calizas y vulcanitas; Carbon,PALEOZOICO,,OBSERVED_POINT_ONLY,OBSERVED_IGME_1M
MINE_0576,Monte Triano,43.28233686,-3.06484578,1,OxREP_v3_Roman_Exploitation,0,0,0,0,550.0,,,,28434.9,23331.7,0.0,494738.7921185294,4792170.641652765,Calizas; dolomias y margas; Areniscas,MESOZOICO,,OBSERVED_POINT_ONLY,OBSERVED_IGME_1M
MINE_0577,Monte Venero,38.35381938,-3.32958398,1,OxREP_v3_Roman_Exploitation,0,0,1,1,650.0,,,,46236.1,37880.1,0.0,471202.9511167785,4245124.595099005,Cuarcitas; pizarras; areniscas; calizas y vulcanitas,PALEOZOICO,,OBSERVED_POINT_ONLY,OBSERVED_IGME_1M
MINE_0578,Montefurado,42.395616,-7.201249,1,OxREP_v3_Roman_Exploitation,1,0,0,0,550.0,,,,60499.7,61000.4,0.0,154197.5003233318,4702258.756920081,Areniscas; pizarras y calizas,PALEOZOICO,,OBSERVED_POINT_ONLY,OBSERVED_IGME_1M
MINE_0579,Montefurado: Boca do Monte,42.3914,-7.206688,1,OxREP_v3_Roman_Exploitation,1,0,0,0,550.0,,,,60963.1,61484.0,0.0,153726.52499897993,4701812.702633578,Areniscas; pizarras y calizas,PALEOZOICO,,OBSERVED_POINT_ONLY,OBSERVED_IGME_1M
MINE_0580,Monterroso,43.127027,-6.689333,1,OxREP_v3_Roman_Exploitation,1,0,0,0,1164.0,,,,3943.1,3383.2,0.07,199894.9361861908,4781530.974366091,Cuarcitas; pizarras; areniscas; calizas y vulcanitas,PALEOZOICO,,OBSERVED_POINT_ONLY,OBSERVED_IGME_1M
MINE_0581,Moreda I,42.728424,-6.728143,1,OxREP_v3_Roman_Exploitation,1,0,0,0,550.0,,,,26042.9,26917.7,0.0,194772.98650335398,4737400.39737538,Cuarcitas; pizarras; areniscas; calizas y vulcanitas,PALEOZOICO,,OBSERVED_POINT_ONLY,OBSERVED_IGME_1M
MINE_0582,Moreda II,42.727809,-6.73267,1,OxREP_v3_Roman_Exploitation,1,0,0,0,550.0,,,,26186.8,27071.4,0.0,194399.2907601805,4737348.492906275,Cuarcitas; pizarras; areniscas; calizas y vulcanitas,PALEOZOICO,,OBSERVED_POINT_ONLY,OBSERVED_IGME_1M
MINE_0583,Morla / Olleiro,42.26144846,-6.27072134,1,OxREP_v3_Roman_Exploitation,1,0,0,0,1174.0,,,,79016.5,80158.9,0.0,230224.05762839882,4683986.583514152,Cuarcitas; pizarras; areniscas; calizas y vulcanitas,PALEOZOICO,,OBSERVED_POINT_ONLY,OBSERVED_IGME_1M
MINE_0584,Moros,41.39711223,-1.82679945,1,OxREP_v3_Roman_Exploitation,0,0,0,0,686.0,,,,704.9,6138.0,0.2459,598074.2630970199,4583505.842427299,Cuarcitas; pizarras; areniscas; calizas y vulcanitas,PALEOZOICO,,OBSERVED_POINT_ONLY,OBSERVED_IGME_1M
MINE_0585,Mortecino,38.38756294,-4.49663869,1,OxREP_v3_Roman_Exploitation,0,1,0,0,636.0,,,,12556.6,12502.0,0.0,369290.2308694034,4249877.59480335,Granitoides de emplazamiento epi-mesozonal,PALEOZOICO,ROCAS PLUTONICAS HERCINICAS,OBSERVED_POINT_ONLY,OBSERVED_IGME_1M
MINE_0586,Motilla,38.33311948,-4.84741417,1,OxREP_v3_Roman_Exploitation,0,1,0,0,704.0,,,,25976.8,17817.8,0.0,338531.89955890464,4244391.238893888,Granitoides de emplazamiento epi-mesozonal,PALEOZOICO,ROCAS PLUTONICAS HERCINICAS,OBSERVED_POINT_ONLY,OBSERVED_IGME_1M
MINE_0587,Murial de Irrondo,43.170378,-6.63186,1,OxREP_v3_Roman_Exploitation,1,0,0,0,635.0,,,,347.9,3137.9,0.1903,204779.44302370754,4786141.301412428,Cuarcitas; pizarras; areniscas; calizas y vulcanitas,PROTEROZOICO-PALEOZOICO,,OBSERVED_POINT_ONLY,OBSERVED_IGME_1M
MINE_0588,Nava de Ricomalillo,39.66120691,-4.954938589,1,OxREP_v3_Roman_Exploitation,1,0,0,0,873.0,,,,203.1,982.6,0.0779,332299.1609069634,4391982.006202814,Cuarcitas; pizarras; areniscas; calizas y vulcanitas,PALEOZOICO,,OBSERVED_POINT_ONLY,OBSERVED_IGME_1M
MINE_0589,Nava del Jadraque,41.09139712,-3.13633498,1,OxREP_v3_Roman_Exploitation,1,0,0,0,1232.0,,,,2393.6,1701.3,0.0443,488549.8713301701,4548912.0435845805,Cuarcitas; pizarras; areniscas; calizas y vulcanitas,PALEOZOICO,,OBSERVED_POINT_ONLY,OBSERVED_IGME_1M
MINE_0590,Navafría,38.17333312,-4.9498517,1,OxREP_v3_Roman_Exploitation,0,1,0,0,657.0,,,,44019.8,35636.3,0.0,329204.09174932167,4226843.523948482,Gneises; esquistos; marmoles y vulcanitas,PROTEROZOICO-PALEOZOICO,,OBSERVED_POINT_ONLY,OBSERVED_IGME_1M
MINE_0591,Navalamoheda,38.17364508,-4.23608769,1,OxREP_v3_Roman_Exploitation,0,1,0,0,736.0,,,,35980.7,36122.2,0.0,391729.19756401906,4225803.471566916,Conglomerados; areniscas; pizarras; calizas y vulcanitas; Carbon,PALEOZOICO,,OBSERVED_POINT_ONLY,OBSERVED_IGME_1M
MINE_0592,Navalasno,38.18870872,-4.08314622,1,OxREP_v3_Roman_Exploitation,0,1,0,0,585.0,,,,37916.9,38009.2,0.0,405145.516000538,4227307.33658463,Granitoides de emplazamiento epi-mesozonal,PALEOZOICO,ROCAS PLUTONICAS HERCINICAS,OBSERVED_POINT_ONLY,OBSERVED_IGME_1M
MINE_0593,Navalespino,38.40152014,-5.53605208,1,OxREP_v3_Roman_Exploitation,0,1,1,1,542.0,,,,8985.5,7458.6,0.0,278544.20940176665,4253411.559597058,Conglomerados; areniscas; arcillas; calizas y evaporitas; Vulcanitas basicas,CENOZOICO,,OBSERVED_POINT_ONLY,OBSERVED_IGME_1M
MINE_0594,Navelgas,43.41262417,-6.538659739,1,OxREP_v3_Roman_Exploitation,1,0,0,0,374.0,,,,1604.8,1736.3,0.1159,213496.89614796086,4812722.019527253,Cuarcitas; pizarras; areniscas; calizas y vulcanitas,PALEOZOICO,,OBSERVED_POINT_ONLY,OBSERVED_IGME_1M
MINE_0595,Navelgas Norte: Mina de Entrepeñas,43.41262417,-6.538659739,1,OxREP_v3_Roman_Exploitation,1,0,0,0,374.0,,,,1604.8,1736.3,0.1159,213496.89614796086,4812722.019527253,Cuarcitas; pizarras; areniscas; calizas y vulcanitas,PALEOZOICO,,OBSERVED_POINT_ONLY,OBSERVED_IGME_1M
MINE_0596,Navelgas Norte: Mina la Moura,43.411108,-6.541224,1,OxREP_v3_Roman_Exploitation,1,0,0,0,334.0,,,,1768.0,1826.4,0.1143,213282.10719751357,4812562.448411051,Cuarcitas; pizarras; areniscas; calizas y vulcanitas,PALEOZOICO,,OBSERVED_POINT_ONLY,OBSERVED_IGME_1M
MINE_0597,Nueva Concepción,38.73107427,-4.72278933,1,OxREP_v3_Roman_Exploitation,0,0,0,0,576.0,,,,2797.6,280.9,0.0665,350252.6432649855,4288343.111011947,Cuarcitas; pizarras; areniscas; calizas y vulcanitas,PALEOZOICO,,OBSERVED_POINT_ONLY,OBSERVED_IGME_1M
MINE_0598,O Foio,42.417614,-6.911044,1,OxREP_v3_Roman_Exploitation,1,0,0,0,426.0,,,,59437.2,59878.3,0.0,178200.27248094114,4703559.617219233,Areniscas; pizarras y calizas,PALEOZOICO,,OBSERVED_POINT_ONLY,OBSERVED_IGME_1M
MINE_0599,O Penedo,42.12705731,-7.134731569,1,OxREP_v3_Roman_Exploitation,1,0,0,0,668.0,,,,90582.4,90906.5,0.0,158223.32041261636,4672163.096505444,Granitoides de emplazamiento meso-catazonal,PALEOZOICO,ROCAS PLUTONICAS HERCINICAS,OBSERVED_POINT_ONLY,OBSERVED_IGME_1M
MINE_0600,Ochadoiro,42.894529,-6.352401,1,OxREP_v3_Roman_Exploitation,1,0,0,0,1482.0,,,,10354.6,9693.2,0.0,226272.721859748,4754556.395731694,Cuarcitas; pizarras; areniscas; calizas y vulcanitas,PROTEROZOICO-PALEOZOICO,,OBSERVED_POINT_ONLY,OBSERVED_IGME_1M
MINE_0601,Oencia,42.538629,-6.966786,1,OxREP_v3_Roman_Exploitation,1,0,0,0,629.0,,,,45924.8,47067.5,0.0,174242.56638720026,4717212.807526215,Cuarcitas; pizarras; areniscas; calizas y vulcanitas,PALEOZOICO,,OBSERVED_POINT_ONLY,OBSERVED_IGME_1M
MINE_0602,Morla,42.248576,-6.277165,1,OxREP_v3_Roman_Exploitation,1,0,0,0,1012.0,,,,80466.6,81517.6,0.0,229637.47416704375,4682577.527283705,Cuarcitas; pizarras; areniscas; calizas y vulcanitas,PALEOZOICO,,OBSERVED_POINT_ONLY,OBSERVED_IGME_1M
MINE_0603,Orellana Vieja,38.99863371,-5.53111628,1,OxREP_v3_Roman_Exploitation,0,0,1,1,336.0,,,,4996.3,4936.4,0.0,280807.0042332454,4319672.875946994,UNMAPPED_OR_NODATA,UNMAPPED_OR_NODATA,UNMAPPED_OR_NODATA,OBSERVED_POINT_ONLY,NODATA_ERROR
MINE_0604,Os Medos,41.977349,-8.782069,1,OxREP_v3_Roman_Exploitation,1,0,0,0,99.0,,,,108799.7,108573.3,0.0,20886.85880839906,4663459.66965225,Areniscas; pizarras y calizas,PALEOZOICO,,OBSERVED_POINT_ONLY,OBSERVED_IGME_1M
MINE_0605,Os Pozos da Barreira,42.450154,-8.086909,1,OxREP_v3_Roman_Exploitation,1,0,0,0,467.0,,,,51417.0,51417.0,0.0,81647.20073608076,4712310.335942219,Granitoides de emplazamiento meso-catazonal,PALEOZOICO,ROCAS PLUTONICAS HERCINICAS,OBSERVED_POINT_ONLY,OBSERVED_IGME_1M
MINE_0606,Osseja ?,42.406806,1.978388,1,OxREP_v3_Roman_Exploitation,1,0,0,0,1260.0,,,,92062.1,101129.2,0.0,909708.8749723076,4706964.859040133,Cuarcitas; pizarras; areniscas; calizas y vulcanitas,PALEOZOICO,,OBSERVED_POINT_ONLY,OBSERVED_IGME_1M
MINE_0607,Outerio de Baltar,41.93215209,-7.742859615,1,OxREP_v3_Roman_Exploitation,0,0,0,0,864.0,,,,110141.4,109884.0,0.0,106742.17154994898,4653133.259205095,Conglomerados; gravas; arenas y limos,CENOZOICO,,OBSERVED_POINT_ONLY,OBSERVED_IGME_1M
MINE_0608,Paradeseca,42.67972855,-6.793755395,1,OxREP_v3_Roman_Exploitation,1,0,0,0,671.0,,,,30604.6,31131.1,0.0,189157.38434373908,4732231.797591099,Conglomerados; areniscas; arcillas; calizas y evaporitas; Vulcanitas basicas,CENOZOICO,,OBSERVED_POINT_ONLY,OBSERVED_IGME_1M
MINE_0609,Páramo del Sil I,42.818039,-6.505949,1,OxREP_v3_Roman_Exploitation,1,0,0,0,796.0,,,,17307.0,16657.8,0.0,213380.21479749453,4746572.718307356,Cuarcitas; pizarras; areniscas; calizas y vulcanitas,PALEOZOICO,,OBSERVED_POINT_ONLY,OBSERVED_IGME_1M
MINE_0610,Páramo del Sil II,42.82601,-6.486087,1,OxREP_v3_Roman_Exploitation,1,0,0,0,886.0,,,,16628.4,16107.3,0.0,215040.79315842618,4747390.552099941,Cuarcitas; pizarras; areniscas; calizas y vulcanitas,PALEOZOICO,,OBSERVED_POINT_ONLY,OBSERVED_IGME_1M
MINE_0611,Páramo del Sil III,42.831397,-6.485114,1,OxREP_v3_Roman_Exploitation,1,0,0,0,910.0,,,,16053.6,15548.8,0.0,215145.10561232793,4747985.542798902,UNMAPPED_OR_NODATA,UNMAPPED_OR_NODATA,UNMAPPED_OR_NODATA,OBSERVED_POINT_ONLY,NODATA_ERROR
MINE_0612,Pardellán,42.45515087,-6.83793526,1,OxREP_v3_Roman_Exploitation,0,0,0,0,727.0,,,,55222.5,55614.0,0.0,184405.17799201718,4707453.6147839315,Areniscas; pizarras y calizas,PALEOZOICO,,OBSERVED_POINT_ONLY,OBSERVED_IGME_1M
MINE_0613,Pedredo,42.44166,-6.194307,1,OxREP_v3_Roman_Exploitation,1,0,0,0,970.0,,,,59038.2,61650.0,0.0,237279.94276121643,4703759.984682181,Conglomerados; areniscas; arcillas; calizas y evaporitas; Vulcanitas basicas,CENOZOICO,,OBSERVED_POINT_ONLY,OBSERVED_IGME_1M
MINE_0614,Pedregales de la Bocaada - Valle del Hellidero (Sanguiñal Norte),42.321773,-6.276117,1,OxREP_v3_Roman_Exploitation,1,0,0,0,1170.0,,,,72335.8,73451.2,0.0,230037.00516998017,4690702.857203985,Cuarcitas; pizarras; areniscas; calizas y vulcanitas,PALEOZOICO,,OBSERVED_POINT_ONLY,OBSERVED_IGME_1M
MINE_0615,Pedreras Viejas,37.59275974,-1.357876824,1,OxREP_v3_Roman_Exploitation,0,0,1,1,92.0,,,,30917.6,25440.2,0.0,644972.7726274481,4161899.994894502,Conglomerados; areniscas; arcillas; calizas y evaporitas; Vulcanitas basicas,CENOZOICO,,OBSERVED_POINT_ONLY,OBSERVED_IGME_1M
MINE_0616,Pedrosa,42.319017,-6.442601,1,OxREP_v3_Roman_Exploitation,1,0,0,0,1304.0,,,,73014.6,72352.5,0.0,216304.2497540349,4690939.049225566,Cuarcitas; pizarras; areniscas; calizas y vulcanitas,PALEOZOICO,,OBSERVED_POINT_ONLY,OBSERVED_IGME_1M
MINE_0617,Peites,42.403314,-7.225497,1,OxREP_v3_Roman_Exploitation,1,0,0,0,370.0,,,,59645.2,60238.7,0.0,152243.92569049489,4703212.883454405,Cuarcitas; pizarras; areniscas; calizas y vulcanitas,PALEOZOICO,,OBSERVED_POINT_ONLY,OBSERVED_IGME_1M
MINE_0618,Peña Aguda - Boinás,43.275744,-6.309999,1,OxREP_v3_Roman_Exploitation,1,0,0,0,388.0,,,,8586.0,9008.3,0.0,231407.82150539476,4796757.925997328,Cuarcitas; pizarras; areniscas; calizas y vulcanitas,PALEOZOICO,,OBSERVED_POINT_ONLY,OBSERVED_IGME_1M
MINE_0619,Peña de Hierro,37.72636262,-6.5559622,1,OxREP_v3_Roman_Exploitation,0,1,0,0,469.0,,,,82612.4,80313.0,0.0,186588.54228489735,4181410.4786664243,Conglomerados; areniscas; pizarras; calizas y vulcanitas; Carbon,PALEOZOICO,,OBSERVED_POINT_ONLY,OBSERVED_IGME_1M
MINE_0620,Pena de la Cruz,43.305517,-6.25657,1,OxREP_v3_Roman_Exploitation,1,0,0,0,706.0,,,,7718.5,5737.0,0.0,235872.65791745682,4799894.150095749,Cuarcitas; pizarras; areniscas; calizas y vulcanitas,PALEOZOICO,,OBSERVED_POINT_ONLY,OBSERVED_IGME_1M
MINE_0621,Peña del Águila,37.81633143,-5.02643251,1,OxREP_v3_Roman_Exploitation,0,1,1,1,157.0,,,,79318.3,75826.1,0.0,321632.50569648837,4187371.354720238,Conglomerados; areniscas; arcillas; calizas y evaporitas; Vulcanitas basicas,CENOZOICO,,OBSERVED_POINT_ONLY,OBSERVED_IGME_1M
MINE_0622,Peña del Cuervo,38.59019713,-5.15153656,1,OxREP_v3_Roman_Exploitation,0,1,0,0,471.0,,,,13699.8,8225.3,0.0,312614.906406281,4273497.012124721,Conglomerados; areniscas; pizarras; calizas y vulcanitas; Carbon,PALEOZOICO,,OBSERVED_POINT_ONLY,OBSERVED_IGME_1M
MINE_0623,Peña del Cuervo I,43.03245,-6.86407,1,OxREP_v3_Roman_Exploitation,1,0,0,0,401.0,,,,761.0,2682.9,0.3912,185195.13850954332,4771668.083164814,Cuarcitas; pizarras; areniscas; calizas y vulcanitas,PALEOZOICO,,OBSERVED_POINT_ONLY,OBSERVED_IGME_1M
MINE_0624,Peña del Cuervo II,43.030147,-6.864208,1,OxREP_v3_Roman_Exploitation,1,0,0,0,382.0,,,,666.3,2932.2,0.393,185172.1044610329,4771412.815380149,Cuarcitas; pizarras; areniscas; calizas y vulcanitas,PALEOZOICO,,OBSERVED_POINT_ONLY,OBSERVED_IGME_1M
MINE_0625,Peña Furada,42.771567,-6.209696,1,OxREP_v3_Roman_Exploitation,1,0,0,0,1449.0,,,,22379.6,27196.0,0.0,237405.0247004616,4740445.726022228,Cuarcitas; pizarras; areniscas; calizas y vulcanitas,PALEOZOICO,,OBSERVED_POINT_ONLY,OBSERVED_IGME_1M
MINE_0626,Peña María,42.93931416,-4.729168812,1,OxREP_v3_Roman_Exploitation,0,0,1,1,1711.0,,,,8752.4,8882.9,0.0,358918.0959073756,4755526.261231769,Areniscas; pizarras y calizas,PALEOZOICO,,OBSERVED_POINT_ONLY,OBSERVED_IGME_1M
MINE_0627,Peña Roya,42.48761236,-6.12686429,1,OxREP_v3_Roman_Exploitation,1,0,0,0,954.0,,,,54572.4,57554.5,0.0,243015.5738450094,4708656.400143234,Cuarcitas; pizarras; areniscas; calizas y vulcanitas,PALEOZOICO,,OBSERVED_POINT_ONLY,OBSERVED_IGME_1M
MINE_0628,Penamil,42.941415,-7.057694,1,OxREP_v3_Roman_Exploitation,1,0,0,0,487.0,,,,2401.1,2520.2,0.0926,168929.7975688813,4762302.474978405,Cuarcitas; pizarras; areniscas; calizas y vulcanitas,PALEOZOICO,,OBSERVED_POINT_ONLY,OBSERVED_IGME_1M
MINE_0629,Penedela,43.04762024,-6.915595531,1,OxREP_v3_Roman_Exploitation,0,0,1,1,803.0,,,,840.9,1472.0,0.5792,181075.62859877764,4773547.798028824,Cuarcitas; pizarras; areniscas; calizas y vulcanitas,PALEOZOICO,,OBSERVED_POINT_ONLY,OBSERVED_IGME_1M
MINE_0630,Peñón del Fucarón,43.334402,-6.703245,1,OxREP_v3_Roman_Exploitation,1,0,0,0,921.0,,,,11455.8,9949.6,0.0,199784.2604282181,4804613.541837017,Cuarcitas; pizarras; areniscas; calizas y vulcanitas,PALEOZOICO,,OBSERVED_POINT_ONLY,OBSERVED_IGME_1M
MINE_0631,Peñón de los Cuartos,43.14574,-6.661965,1,OxREP_v3_Roman_Exploitation,1,0,0,0,867.0,,,,2055.8,6412.6,0.1071,202212.30896688148,4783511.574705384,Cuarcitas; pizarras; areniscas; calizas y vulcanitas,PALEOZOICO,,OBSERVED_POINT_ONLY,OBSERVED_IGME_1M
MINE_0632,Peñón del Moro,38.30752585,-6.03370937,1,OxREP_v3_Roman_Exploitation,0,0,1,1,573.0,,,,17694.7,18520.0,0.0,234735.57139005547,4244292.044664899,Gneises; esquistos; marmoles y vulcanitas,PROTEROZOICO,,OBSERVED_POINT_ONLY,OBSERVED_IGME_1M
MINE_0633,Peñón Redondo,42.213924,-6.257329,1,OxREP_v3_Roman_Exploitation,1,0,0,0,1024.0,,,,84265.0,85536.6,0.0,231126.8932001603,4678666.57515121,Cuarcitas; pizarras; areniscas; calizas y vulcanitas,PALEOZOICO,,OBSERVED_POINT_ONLY,OBSERVED_IGME_1M
MINE_0634,Petaca,38.55222117,-4.25627498,1,OxREP_v3_Roman_Exploitation,0,0,1,1,626.0,,,,4583.6,5735.2,0.0061,390532.65197842626,4267835.996400192,Gneises; esquistos; marmoles y vulcanitas,PROTEROZOICO,,OBSERVED_POINT_ONLY,OBSERVED_IGME_1M
MINE_0635,Pico Corona,43.278892,-6.264425,1,OxREP_v3_Roman_Exploitation,1,0,0,0,785.0,,,,7066.2,5598.9,0.0,235119.87251052714,4796961.941421469,Areniscas; pizarras y calizas,PALEOZOICO,,OBSERVED_POINT_ONLY,OBSERVED_IGME_1M
MINE_0636,Pico de la Beiral I,43.523936,-6.792276,1,OxREP_v3_Roman_Exploitation,1,0,0,0,275.0,,,,8140.4,1024.1,0.0,193525.33873716294,4825989.59910902,Cuarcitas; pizarras; areniscas; calizas y vulcanitas,PALEOZOICO,,OBSERVED_POINT_ONLY,OBSERVED_IGME_1M
MINE_0637,Pico de la Beiral II,43.51915,-6.790988,1,OxREP_v3_Roman_Exploitation,1,0,0,0,390.0,,,,8317.8,1432.5,0.0,193605.1806208135,4825453.261322202,Cuarcitas; pizarras; areniscas; calizas y vulcanitas,PALEOZOICO,,OBSERVED_POINT_ONLY,OBSERVED_IGME_1M
MINE_0638,Pico de Lirio,38.78694566,-5.57046121,1,OxREP_v3_Roman_Exploitation,0,0,1,1,359.0,,,,8041.1,1780.4,0.0,276737.0060459781,4296272.542847685,Gneises; esquistos; marmoles y vulcanitas,PROTEROZOICO,,OBSERVED_POINT_ONLY,OBSERVED_IGME_1M
MINE_0639,Pico del Aguila,38.07288219,-6.91579679,1,OxREP_v3_Roman_Exploitation,0,1,0,0,369.0,,,,38900.9,39286.1,0.0,156479.45583093318,4221146.697653431,Areniscas; pizarras y calizas,PALEOZOICO,,OBSERVED_POINT_ONLY,OBSERVED_IGME_1M
MINE_0640,Pico del Gallo,43.299026,-6.250924,1,OxREP_v3_Roman_Exploitation,1,0,0,0,448.0,,,,7112.6,5300.6,0.0,236302.52722294902,4799155.370435288,Cuarcitas; pizarras; areniscas; calizas y vulcanitas,PALEOZOICO,,OBSERVED_POINT_ONLY,OBSERVED_IGME_1M
MINE_0641,Pico Montouto,43.30737,-6.572723,1,OxREP_v3_Roman_Exploitation,1,0,0,0,674.0,,,,3114.0,623.4,0.0402,210237.66408659884,4801149.446466852,Conglomerados; areniscas; arcillas; calizas y evaporitas; Vulcanitas basicas,CENOZOICO,,OBSERVED_POINT_ONLY,OBSERVED_IGME_1M
MINE_0642,Pilar de Jaravía,37.38210676,-1.7002681,1,OxREP_v3_Roman_Exploitation,0,0,1,1,144.0,,,,794.0,1048.4,0.1325,615066.3939466905,4138054.535571521,Rocas metamorficas,PALEOZOICO-MESOZOICO,BLOQUE DE ALBORAN,OBSERVED_POINT_ONLY,OBSERVED_IGME_1M
MINE_0643,Pin de Abaixo,42.956742,-7.031026,1,OxREP_v3_Roman_Exploitation,1,0,0,0,550.0,,,,1020.9,1029.3,0.117,171187.65793705644,4763899.981712992,Cuarcitas; pizarras; areniscas; calizas y vulcanitas,PALEOZOICO,,OBSERVED_POINT_ONLY,OBSERVED_IGME_1M
MINE_0644,Piñeira,42.429687,-7.230877,1,OxREP_v3_Roman_Exploitation,1,0,0,0,462.0,,,,56722.7,57343.4,0.0,151947.24165288353,4706164.06354971,Areniscas; pizarras y calizas,PALEOZOICO,,OBSERVED_POINT_ONLY,OBSERVED_IGME_1M
MINE_0645,Plasenzuela,39.43399889,-6.08357984,1,OxREP_v3_Roman_Exploitation,0,0,1,1,322.0,,,,4284.1,15749.5,0.0585,234601.27736345498,4369478.4525121525,Gneises; esquistos; marmoles y vulcanitas,PROTEROZOICO,,OBSERVED_POINT_ONLY,OBSERVED_IGME_1M
MINE_0646,Playa de Cadavedo,43.552034,-6.372357,1,OxREP_v3_Roman_Exploitation,1,0,0,0,17.0,,,,1316.6,373.2,0.1245,227590.1513640188,4827647.208091737,Cuarcitas; pizarras; areniscas; calizas y vulcanitas,PROTEROZOICO-PALEOZOICO,,OBSERVED_POINT_ONLY,OBSERVED_IGME_1M
MINE_0647,Pobladura de Somoza / Los Torgales,42.655199,-6.781144,1,OxREP_v3_Roman_Exploitation,1,0,0,0,840.0,,,,33463.0,34005.0,0.0,190068.79941335437,4729461.125552507,Cuarcitas; pizarras; areniscas; calizas y vulcanitas,PALEOZOICO,,OBSERVED_POINT_ONLY,OBSERVED_IGME_1M
MINE_0648,Poderosa,37.74899062,-6.65682344,1,OxREP_v3_Roman_Exploitation,0,1,0,0,370.0,,,,79032.3,79272.1,0.0,177794.18851922633,4184265.233468102,Conglomerados; areniscas; pizarras; calizas y vulcanitas; Carbon,PALEOZOICO,,OBSERVED_POINT_ONLY,OBSERVED_IGME_1M
MINE_0649,Pontigo,43.30639,-6.28068,1,OxREP_v3_Roman_Exploitation,1,0,0,0,809.0,,,,8925.4,7690.9,0.0,233920.87669890188,4800067.713542605,Cuarcitas; pizarras; areniscas; calizas y vulcanitas,PALEOZOICO,,OBSERVED_POINT_ONLY,OBSERVED_IGME_1M
MINE_0650,Porciles,43.303328,-6.601768,1,OxREP_v3_Roman_Exploitation,1,0,0,0,883.0,,,,4713.8,1093.6,0.0043,207862.42964963365,4800801.8158179065,Cuarcitas; pizarras; areniscas; calizas y vulcanitas,PALEOZOICO,,OBSERVED_POINT_ONLY,OBSERVED_IGME_1M
MINE_0651,Portiella,43.251669,-6.485643,1,OxREP_v3_Roman_Exploitation,1,0,0,0,388.0,,,,5108.2,2458.0,0.0,217042.39489146136,4794664.153162578,Gneises; esquistos; marmoles y vulcanitas,PROTEROZOICO,,OBSERVED_POINT_ONLY,OBSERVED_IGME_1M
MINE_0652,Posadoiro,42.958655,-6.675247,1,OxREP_v3_Roman_Exploitation,1,0,0,0,689.0,,,,652.9,1700.4,0.1723,200220.9880582557,4762780.332323808,Cuarcitas; pizarras; areniscas; calizas y vulcanitas,PALEOZOICO,,OBSERVED_POINT_ONLY,OBSERVED_IGME_1M
MINE_0653,Potosí,38.1045283,-5.810118332,1,OxREP_v3_Roman_Exploitation,0,1,0,0,703.0,,,,43758.1,41993.4,0.0,253605.95393341212,4221143.133594418,Cuarcitas; pizarras; areniscas; calizas y vulcanitas,PALEOZOICO,,OBSERVED_POINT_ONLY,OBSERVED_IGME_1M
MINE_0654,Pozo de la Griega / Molino de la Griega,42.68028535,-5.81115461,1,OxREP_v3_Roman_Exploitation,1,0,0,0,550.0,,,,34009.6,34153.3,0.0,269675.38212131837,4729144.018176857,Conglomerados; gravas; arenas y limos,CENOZOICO,,OBSERVED_POINT_ONLY,OBSERVED_IGME_1M
MINE_0655,Pozo Limideiro,43.01289316,-8.93707518,1,OxREP_v3_Roman_Exploitation,1,0,0,0,301.0,,,,31618.0,30964.0,0.0,16119.646530772385,4779380.459482545,Granitoides de emplazamiento meso-catazonal,PALEOZOICO,ROCAS PLUTONICAS PREHERCINICAS,OBSERVED_POINT_ONLY,OBSERVED_IGME_1M
MINE_0656,Pozo Rico (Alcudia),38.434231,-3.941203,1,OxREP_v3_Roman_Exploitation,0,0,1,1,550.0,,,,8487.1,9382.6,0.0,417853.67756499944,4254415.070484174,Cuarcitas; pizarras; areniscas; calizas y vulcanitas,PALEOZOICO,,OBSERVED_POINT_ONLY,OBSERVED_IGME_1M
MINE_0657,Pozo Rico (Sevilla),38.10237861,-5.780384097,1,OxREP_v3_Roman_Exploitation,0,1,1,0,601.0,,,,43770.8,42480.5,0.0,256206.4265685643,4220825.981453153,Gneises; esquistos; marmoles y vulcanitas,PROTEROZOICO,,OBSERVED_POINT_ONLY,OBSERVED_IGME_1M
MINE_0658,Pradela / Las Curiscadas,42.654675,-6.843729,1,OxREP_v3_Roman_Exploitation,1,0,0,0,976.0,,,,33035.3,33431.2,0.0,184935.57992923702,4729634.590905332,Cuarcitas; pizarras; areniscas; calizas y vulcanitas,PALEOZOICO,,OBSERVED_POINT_ONLY,OBSERVED_IGME_1M
MINE_0659,Pradera de Campo,42.258443,-6.303296,1,OxREP_v3_Roman_Exploitation,1,0,0,0,550.0,,,,79490.9,80210.4,0.0,227523.9905711144,4683756.609516396,Cuarcitas; pizarras; areniscas; calizas y vulcanitas,PALEOZOICO,,OBSERVED_POINT_ONLY,OBSERVED_IGME_1M
MINE_0660,A Xisterna II (Prado de Paradiña),42.708339,-6.742289,1,OxREP_v3_Roman_Exploitation,1,0,0,0,862.0,,,,28471.6,29157.3,0.0,193515.72505477892,4735221.028113048,Cuarcitas; pizarras; areniscas; calizas y vulcanitas,PALEOZOICO,,OBSERVED_POINT_ONLY,OBSERVED_IGME_1M
MINE_0661,Prado de Rollos,42.464868,-6.35012,1,OxREP_v3_Roman_Exploitation,1,0,0,0,1361.0,,,,57109.3,57045.1,0.0,224565.44378137606,4706831.834538587,Cuarcitas; pizarras; areniscas; calizas y vulcanitas,PALEOZOICO,,OBSERVED_POINT_ONLY,OBSERVED_IGME_1M
MINE_0662,La Cruz de Hierro / Prado de Valdefrancos,42.468354,-6.366098,1,OxREP_v3_Roman_Exploitation,1,0,0,0,1421.0,,,,56845.7,56517.1,0.0,223267.03029261902,4707271.01888069,Cuarcitas; pizarras; areniscas; calizas y vulcanitas,PALEOZOICO,,OBSERVED_POINT_ONLY,OBSERVED_IGME_1M
MINE_0663,Prado Luengo - Casares,42.493191,-6.227156,1,OxREP_v3_Roman_Exploitation,1,0,0,0,1088.0,,,,53216.4,55430.3,0.0,234795.8348651633,4709584.979920489,Conglomerados; areniscas; arcillas; calizas y evaporitas; Vulcanitas basicas,CENOZOICO,,OBSERVED_POINT_ONLY,OBSERVED_IGME_1M
MINE_0664,Prado Posadillas Huergas,42.31546244,-6.272830572,1,OxREP_v3_Roman_Exploitation,1,0,0,0,1194.0,,,,73024.8,74181.3,0.0,230280.8651756685,4689991.622544382,Conglomerados; areniscas; arcillas; calizas y evaporitas; Vulcanitas basicas,CENOZOICO,,OBSERVED_POINT_ONLY,OBSERVED_IGME_1M
MINE_0665,Prado Vicioso,37.58690171,-7.09200445,1,OxREP_v3_Roman_Exploitation,0,1,0,0,227.0,,,,93462.1,94143.1,0.0,138647.77072384313,4167860.9275545203,Conglomerados; areniscas; pizarras; calizas y vulcanitas; Carbon,PALEOZOICO,,OBSERVED_POINT_ONLY,OBSERVED_IGME_1M
MINE_0666,Pradorrey,42.49160118,-6.12386389,1,OxREP_v3_Roman_Exploitation,1,0,0,0,955.0,,,,54176.4,57089.5,0.0,243278.51594532822,4709090.2755624065,Cuarcitas; pizarras; areniscas; calizas y vulcanitas,PALEOZOICO,,OBSERVED_POINT_ONLY,OBSERVED_IGME_1M
MINE_0667,Cha do Castro / Puebla del Brollón,42.57461492,-7.389792601,1,OxREP_v3_Roman_Exploitation,1,0,0,0,447.0,,,,40491.0,40442.6,0.0,139706.6669682677,4722925.723107925,Conglomerados; gravas; arenas y limos,CENOZOICO,,OBSERVED_POINT_ONLY,OBSERVED_IGME_1M
MINE_0668,Puente del Plantao,43.364735,-6.680765,1,OxREP_v3_Roman_Exploitation,1,0,0,0,474.0,,,,10206.9,9994.7,0.0,201755.5986394171,4807901.875559296,Cuarcitas; pizarras; areniscas; calizas y vulcanitas,PALEOZOICO,,OBSERVED_POINT_ONLY,OBSERVED_IGME_1M
MINE_0669,Puerto del Palo,43.272862,-6.678937,1,OxREP_v3_Roman_Exploitation,1,0,0,0,1145.0,,,,8781.9,5733.6,0.0,201453.5990710979,4797691.170622724,Cuarcitas; pizarras; areniscas; calizas y vulcanitas,PALEOZOICO,,OBSERVED_POINT_ONLY,OBSERVED_IGME_1M
MINE_0670,Pumar de las Montañas,43.17868934,-6.647751338,1,OxREP_v3_Roman_Exploitation,1,0,0,0,550.0,,,,1876.2,3110.2,0.1039,203527.84862855438,4787120.6349284295,Cuarcitas; pizarras; areniscas; calizas y vulcanitas,PALEOZOICO,,OBSERVED_POINT_ONLY,OBSERVED_IGME_1M
MINE_0671,Quilos,38.12484797,-6.526528617,1,OxREP_v3_Roman_Exploitation,1,0,0,0,640.0,,,,40064.8,36468.1,0.0,190859.04680567334,4225545.060911051,Cuarcitas; pizarras; areniscas; calizas y vulcanitas,PROTEROZOICO,,OBSERVED_POINT_ONLY,OBSERVED_IGME_1M
MINE_0672,Quintanilla de Flórez / La Pedrer - El Sardonal,42.28048116,-6.091906439,1,OxREP_v3_Roman_Exploitation,1,0,0,0,871.0,,,,77756.7,79602.0,0.0,245051.30196207896,4685548.792465219,Conglomerados; gravas; arenas y limos,CENOZOICO,,OBSERVED_POINT_ONLY,OBSERVED_IGME_1M
MINE_0673,Quinto del Hierro,38.73261216,-4.75159193,1,OxREP_v3_Roman_Exploitation,0,0,1,1,550.0,,,,2230.6,864.3,0.0364,347752.1752072878,4288561.292445626,Gneises; esquistos; marmoles y vulcanitas,PROTEROZOICO,,OBSERVED_POINT_ONLY,OBSERVED_IGME_1M
MINE_0674,Quinto del Huerto,38.57153808,-5.05696044,1,OxREP_v3_Roman_Exploitation,0,1,0,0,550.0,,,,7484.3,243.8,0.0,320806.31250270025,4271237.45210976,Granitoides de emplazamiento epi-mesozonal,PALEOZOICO,ROCAS PLUTONICAS HERCINICAS,OBSERVED_POINT_ONLY,OBSERVED_IGME_1M
MINE_0675,Quinto Rascarroña,38.80475582,-5.22518723,1,OxREP_v3_Roman_Exploitation,0,0,1,1,492.0,,,,7151.6,6867.1,0.0,306778.18035331083,4297462.44935322,Gneises; esquistos; marmoles y vulcanitas,PROTEROZOICO,,OBSERVED_POINT_ONLY,OBSERVED_IGME_1M
MINE_0676,Raposeras,42.794298,-5.710476,1,OxREP_v3_Roman_Exploitation,1,0,0,0,1183.0,,,,22591.2,22591.2,0.0,278331.5271530814,4741535.807474646,Conglomerados; areniscas; arcillas y calizas; Evaporitas,CENOZOICO,,OBSERVED_POINT_ONLY,OBSERVED_IGME_1M
MINE_0677,Rebelde Julia,38.75419376,-5.53272272,1,OxREP_v3_Roman_Exploitation,0,0,1,1,550.0,,,,3517.8,3786.5,0.0214,279914.6415644983,4292545.88232038,Gneises; esquistos; marmoles y vulcanitas,PROTEROZOICO,,OBSERVED_POINT_ONLY,OBSERVED_IGME_1M
MINE_0678,Regia,41.1642222,0.750551075,1,OxREP_v3_Roman_Exploitation,0,0,0,1,550.0,,,,24625.1,15835.5,0.0,814673.2397006977,4563771.865014176,Conglomerados; areniscas; pizarras; calizas y vulcanitas; Carbon,PALEOZOICO,,OBSERVED_POINT_ONLY,OBSERVED_IGME_1M
MINE_0679,Reguera de las Fuentes,42.79674039,-5.845487694,1,OxREP_v3_Roman_Exploitation,1,0,0,0,1135.0,,,,20894.7,21071.0,0.0,267298.4508945419,4742171.055874145,Conglomerados; areniscas; pizarras; calizas y vulcanitas; Carbon,PALEOZOICO,,OBSERVED_POINT_ONLY,OBSERVED_IGME_1M
MINE_0680,Reguera del Vallón,43.360851,-6.679528,1,OxREP_v3_Roman_Exploitation,1,0,0,0,559.0,,,,9976.3,9713.0,0.0,201836.78978292155,4807466.057902273,Cuarcitas; pizarras; areniscas; calizas y vulcanitas,PALEOZOICO,,OBSERVED_POINT_ONLY,OBSERVED_IGME_1M
MINE_0681,Reguerón de la Mata,42.760872,-5.737246,1,OxREP_v3_Roman_Exploitation,1,0,0,0,550.0,,,,26002.7,26331.4,0.0,276021.55586677673,4737894.484273943,Conglomerados; gravas; arenas y limos,CENOZOICO,,OBSERVED_POINT_ONLY,OBSERVED_IGME_1M
MINE_0682,Reocín,43.3381496,-4.088488287,1,OxREP_v3_Roman_Exploitation,0,0,0,1,91.0,,,,411.1,1419.3,0.1254,411766.8731530236,4798942.083091846,Calizas; dolomias y margas; Areniscas,MESOZOICO,,OBSERVED_POINT_ONLY,OBSERVED_IGME_1M
MINE_0683,Requeja,38.39966628,-4.86455465,1,OxREP_v3_Roman_Exploitation,0,1,0,0,640.0,,,,18489.3,10281.2,0.0,337182.8796915677,4251806.225119371,Granitoides de emplazamiento epi-mesozonal,PALEOZOICO,ROCAS PLUTONICAS HERCINICAS,OBSERVED_POINT_ONLY,OBSERVED_IGME_1M
MINE_0684,Ría de Foz / As Covas,43.54512753,-7.252162177,1,OxREP_v3_Roman_Exploitation,1,0,0,0,550.0,,,,2257.6,380.6,0.1062,156476.60542428028,4830143.349993586,Cuarcitas; pizarras; areniscas; calizas y vulcanitas,PALEOZOICO,,OBSERVED_POINT_ONLY,OBSERVED_IGME_1M
MINE_0685,Ribón,42.693059,-6.783663,1,OxREP_v3_Roman_Exploitation,1,0,0,0,550.0,,,,29284.8,29844.4,0.0,190050.78918262228,4733675.176523362,Cuarcitas; pizarras; areniscas; calizas y vulcanitas,PALEOZOICO,,OBSERVED_POINT_ONLY,OBSERVED_IGME_1M
MINE_0686,Riner,41.94498984,1.56397534,1,OxREP_v3_Roman_Exploitation,0,1,0,0,609.0,,,,89431.4,81120.4,0.0,878346.0071523335,4653752.113423488,Conglomerados; areniscas; arcillas y calizas; Evaporitas,CENOZOICO,,OBSERVED_POINT_ONLY,OBSERVED_IGME_1M
MINE_0687,Río Ancares / Los Moracales del Valle,42.72148236,-6.710216453,1,OxREP_v3_Roman_Exploitation,1,0,0,0,662.0,,,,26551.0,27379.7,0.0,196206.8967176876,4736564.70640508,Cuarcitas; pizarras; areniscas; calizas y vulcanitas,PALEOZOICO,,OBSERVED_POINT_ONLY,OBSERVED_IGME_1M
MINE_0688,Río Burbia,42.659737,-6.803756,1,OxREP_v3_Roman_Exploitation,1,0,0,0,601.0,,,,32696.1,33189.1,0.0,188237.83089487196,4730048.383570488,Cuarcitas; pizarras; areniscas; calizas y vulcanitas,PALEOZOICO,,OBSERVED_POINT_ONLY,OBSERVED_IGME_1M
MINE_0689,Río Cabrera: below Pombriego / Las Suertes,42.42398053,-6.718484432,1,OxREP_v3_Roman_Exploitation,1,0,0,0,493.0,,,,59520.5,60220.4,0.0,194077.09553006937,4703553.971949525,Areniscas; pizarras y calizas,PALEOZOICO,,OBSERVED_POINT_ONLY,OBSERVED_IGME_1M
MINE_0690,Río Cabrera: Castroquilame,42.42423498,-6.744034238,1,OxREP_v3_Roman_Exploitation,1,0,0,0,475.0,,,,59299.7,59815.1,0.0,191976.06845290563,4703674.720687157,Areniscas; pizarras y calizas,PALEOZOICO,,OBSERVED_POINT_ONLY,OBSERVED_IGME_1M
MINE_0691,Río Cabrera: Llamas de Cabrera / El Covallón de Miédalo,42.4087844,-6.641192062,1,OxREP_v3_Roman_Exploitation,1,0,0,0,573.0,,,,61069.2,61739.8,0.0,200364.34884455858,4701590.400658653,Cuarcitas; pizarras; areniscas; calizas y vulcanitas,PALEOZOICO,,OBSERVED_POINT_ONLY,OBSERVED_IGME_1M
MINE_0692,Río Cabrera: Santalavilla,42.42003568,-6.659935142,1,OxREP_v3_Roman_Exploitation,1,0,0,0,657.0,,,,59791.0,60485.1,0.0,198875.68999781966,4702906.314853937,Cuarcitas; pizarras; areniscas; calizas y vulcanitas,PALEOZOICO,,OBSERVED_POINT_ONLY,OBSERVED_IGME_1M
MINE_0693,Río Cervos,43.019741,-6.839674,1,OxREP_v3_Roman_Exploitation,1,0,0,0,589.0,,,,2176.8,4169.0,0.2766,187118.2394812632,4770165.212640167,Cuarcitas; pizarras; areniscas; calizas y vulcanitas,PALEOZOICO,,OBSERVED_POINT_ONLY,OBSERVED_IGME_1M
MINE_0694,Río Ciurana,41.14724628,0.721974085,1,OxREP_v3_Roman_Exploitation,0,0,0,1,550.0,,,,21611.4,12808.0,0.0,812355.863050034,4561783.710080376,Conglomerados; areniscas; arcillas y calizas; Evaporitas,CENOZOICO,,OBSERVED_POINT_ONLY,OBSERVED_IGME_1M
MINE_0695,Río Corumbel,37.45968507,-6.47506987,1,OxREP_v3_Roman_Exploitation,0,1,1,1,550.0,,,,112491.2,109059.5,0.0,192623.79918898607,4151541.979835753,Areniscas; pizarras y calizas,PALEOZOICO,,OBSERVED_POINT_ONLY,OBSERVED_IGME_1M
MINE_0696,Río Crispinejo,37.51837238,-6.245326356,1,OxREP_v3_Roman_Exploitation,0,1,0,0,550.0,,,,103132.4,103142.5,0.0,213175.70956816833,4157329.7335622627,Areniscas; pizarras y calizas,PALEOZOICO,,OBSERVED_POINT_ONLY,OBSERVED_IGME_1M
MINE_0697,Río de Mosteiro,42.983977,-6.98657,1,OxREP_v3_Roman_Exploitation,1,0,0,0,550.0,,,,716.2,3647.0,0.2705,174958.06685058872,4766751.689427956,Cuarcitas; pizarras; areniscas; calizas y vulcanitas,PALEOZOICO,,OBSERVED_POINT_ONLY,OBSERVED_IGME_1M
MINE_0698,Río de Ojén,36.54648941,-4.792955069,1,OxREP_v3_Roman_Exploitation,0,0,1,1,550.0,,,,218214.3,215793.9,0.0,339519.78781615704,4046060.3798871827,Rocas plutonicas alpinas,MESOZOICO-CENOZOICO,ROCAS PLUTONICAS ALPINAS,OBSERVED_POINT_ONLY,OBSERVED_IGME_1M
MINE_0699,Río del Mazo,43.505363,-6.837463,1,OxREP_v3_Roman_Exploitation,1,0,0,0,550.0,,,,4904.2,3536.8,0.0074,189777.96916401392,4824094.375272781,Cuarcitas; pizarras; areniscas; calizas y vulcanitas,PALEOZOICO,,OBSERVED_POINT_ONLY,OBSERVED_IGME_1M
MINE_0700,Río del Oro,43.24168094,-6.722030241,1,OxREP_v3_Roman_Exploitation,1,0,0,0,550.0,,,,9736.0,8836.8,0.0,197801.88780122472,4794383.009474212,Cuarcitas; pizarras; areniscas; calizas y vulcanitas,PALEOZOICO,,OBSERVED_POINT_ONLY,OBSERVED_IGME_1M
MINE_0701,Río Donsal I,42.912341,-7.073296,1,OxREP_v3_Roman_Exploitation,1,0,0,0,370.0,,,,5827.3,5827.3,0.0,167500.04707651096,4759134.948325233,Cuarcitas; pizarras; areniscas; calizas y vulcanitas,PALEOZOICO,,OBSERVED_POINT_ONLY,OBSERVED_IGME_1M
MINE_0702,Río Donsal II,42.920038,-7.074451,1,OxREP_v3_Roman_Exploitation,1,0,0,0,405.0,,,,4977.0,4977.0,0.0003,167447.21970939747,4759994.405864757,Cuarcitas; pizarras; areniscas; calizas y vulcanitas,PALEOZOICO,,OBSERVED_POINT_ONLY,OBSERVED_IGME_1M
MINE_0703,Rio Duerna I - Las Moraceras (Moracedas),42.33500258,-6.225078172,1,OxREP_v3_Roman_Exploitation,1,0,0,0,1014.0,,,,70797.1,72653.0,0.0,234298.94375090091,4692011.182911086,Areniscas; pizarras y calizas,PALEOZOICO,,OBSERVED_POINT_ONLY,OBSERVED_IGME_1M
MINE_0704,Rio Duerna II,42.33438157,-6.242122507,1,OxREP_v3_Roman_Exploitation,1,0,0,0,550.0,,,,70862.0,72474.4,0.0,232891.9589449173,4691995.652615953,Cuarcitas; pizarras; areniscas; calizas y vulcanitas,PALEOZOICO,,OBSERVED_POINT_ONLY,OBSERVED_IGME_1M
MINE_0705,Rio Duerna III,42.33620392,-6.269647663,1,OxREP_v3_Roman_Exploitation,1,0,0,0,1090.0,,,,70711.1,71931.1,0.0,230631.8057257774,4692284.916557458,Conglomerados; areniscas; arcillas; calizas y evaporitas; Vulcanitas basicas,CENOZOICO,,OBSERVED_POINT_ONLY,OBSERVED_IGME_1M
MINE_0706,Rio Duerna IV,42.34235037,-6.249094717,1,OxREP_v3_Roman_Exploitation,1,0,0,0,1063.0,,,,69982.7,71506.8,0.0,232351.31855199253,4692902.544778692,Conglomerados; areniscas; arcillas; calizas y evaporitas; Vulcanitas basicas,CENOZOICO,,OBSERVED_POINT_ONLY,OBSERVED_IGME_1M
MINE_0707,Rio Duerna IX - El Castillo - Los Arrotos - Carcuevas - Los Gandarales,42.35531073,-6.277635411,1,OxREP_v3_Roman_Exploitation,1,0,0,0,550.0,,,,68618.6,69738.8,0.0,230055.52522374416,4694432.130211162,Conglomerados; areniscas; arcillas; calizas y evaporitas; Vulcanitas basicas,CENOZOICO,,OBSERVED_POINT_ONLY,OBSERVED_IGME_1M
MINE_0708,Rio Duerna - Molinaferrera,42.39152656,-6.357687984,1,OxREP_v3_Roman_Exploitation,1,0,0,0,1163.0,,,,65274.1,65082.8,0.0,223620.77025672066,4698711.558856143,Cuarcitas; pizarras; areniscas; calizas y vulcanitas,PALEOZOICO,,OBSERVED_POINT_ONLY,OBSERVED_IGME_1M
MINE_0709,Rio Duerna V,42.34630418,-6.24916967,1,OxREP_v3_Roman_Exploitation,1,0,0,0,550.0,,,,69543.5,71072.1,0.0,232361.93369841238,4693341.860564531,Conglomerados; areniscas; arcillas; calizas y evaporitas; Vulcanitas basicas,CENOZOICO,,OBSERVED_POINT_ONLY,OBSERVED_IGME_1M
MINE_0710,Rio Duerna VI - Los Castellones,42.34639828,-6.257719707,1,OxREP_v3_Roman_Exploitation,1,0,0,0,550.0,,,,69547.3,70951.5,0.0,231657.98645684368,4693379.280942552,Conglomerados; areniscas; arcillas; calizas y evaporitas; Vulcanitas basicas,CENOZOICO,,OBSERVED_POINT_ONLY,OBSERVED_IGME_1M
MINE_0711,Rio Duerna VII,42.33757264,-6.275154026,1,OxREP_v3_Roman_Exploitation,1,0,0,0,550.0,,,,70578.1,71719.9,0.0,230183.97866516083,4692454.386507571,Conglomerados; areniscas; arcillas; calizas y evaporitas; Vulcanitas basicas,CENOZOICO,,OBSERVED_POINT_ONLY,OBSERVED_IGME_1M
MINE_0712,Rio Duerna VIII - El Castillo - Los Arrotos - Carcuevas - Los Gandarales,42.35027844,-6.269133468,1,OxREP_v3_Roman_Exploitation,1,0,0,0,1081.0,,,,69146.5,70387.8,0.0,230734.30702466908,4693846.297072348,Cuarcitas; pizarras; areniscas; calizas y vulcanitas,PROTEROZOICO-PALEOZOICO,,OBSERVED_POINT_ONLY,OBSERVED_IGME_1M
MINE_0713,Rio Duerna X - El Castillo - Los Arrotos - Carcuevas - Los Gandarales,42.36069607,-6.282185769,1,OxREP_v3_Roman_Exploitation,1,0,0,0,1073.0,,,,68040.5,69096.9,0.0,229703.82998471142,4695044.6585473055,Conglomerados; areniscas; arcillas; calizas y evaporitas; Vulcanitas basicas,CENOZOICO,,OBSERVED_POINT_ONLY,OBSERVED_IGME_1M
MINE_0714,Rio Duerna XI,42.35842534,-6.298081887,1,OxREP_v3_Roman_Exploitation,1,0,0,0,1155.0,,,,68376.9,69193.6,0.0,228384.8196290016,4694843.199336849,Conglomerados; areniscas; arcillas; calizas y evaporitas; Vulcanitas basicas,CENOZOICO,,OBSERVED_POINT_ONLY,OBSERVED_IGME_1M
MINE_0715,Rio Duerna XII - El Castillo - Los Arrotos - Carcuevas - Los Gandarales,42.36546279,-6.290063387,1,OxREP_v3_Roman_Exploitation,1,0,0,0,1084.0,,,,67550.8,68491.4,0.0,229075.52725050232,4695599.117566037,Conglomerados; areniscas; arcillas; calizas y evaporitas; Vulcanitas basicas,CENOZOICO,,OBSERVED_POINT_ONLY,OBSERVED_IGME_1M
MINE_0716,Rio Duerna XIII - La Braña - El Valle,42.3652755,-6.303436006,1,OxREP_v3_Roman_Exploitation,1,0,0,0,1127.0,,,,67652.1,68390.0,0.0,227973.41973583202,4695621.066719371,Conglomerados; areniscas; arcillas; calizas y evaporitas; Vulcanitas basicas,CENOZOICO,,OBSERVED_POINT_ONLY,OBSERVED_IGME_1M
MINE_0717,Rio Duerna XIV - La Braña - El Valle,42.37245524,-6.301548879,1,OxREP_v3_Roman_Exploitation,1,0,0,0,1114.0,,,,66844.2,67612.7,0.0,228159.83078182954,4696412.356367555,Conglomerados; areniscas; arcillas; calizas y evaporitas; Vulcanitas basicas,CENOZOICO,,OBSERVED_POINT_ONLY,OBSERVED_IGME_1M
MINE_0718,Rio Duerna XIX - Piozadera,42.35862622,-6.246786721,1,OxREP_v3_Roman_Exploitation,1,0,0,0,550.0,,,,68171.5,69753.6,0.0,232610.53589843423,4694702.74825352,Conglomerados; gravas; arenas y limos,CENOZOICO,,OBSERVED_POINT_ONLY,OBSERVED_IGME_1M
MINE_0719,Rio Duerna XV - La Braña - El Valle,42.37621587,-6.312830908,1,OxREP_v3_Roman_Exploitation,1,0,0,0,1107.0,,,,66508.7,67104.0,0.0,227247.09763816505,4696866.167503587,Conglomerados; areniscas; arcillas; calizas y evaporitas; Vulcanitas basicas,CENOZOICO,,OBSERVED_POINT_ONLY,OBSERVED_IGME_1M
MINE_0720,Rio Duerna XVI - Los Vallejos,42.37762908,-6.324448755,1,OxREP_v3_Roman_Exploitation,1,0,0,0,1144.0,,,,66449.3,66864.7,0.0,226296.61928053724,4697060.496739102,Cuarcitas; pizarras; areniscas; calizas y vulcanitas,PALEOZOICO,,OBSERVED_POINT_ONLY,OBSERVED_IGME_1M
MINE_0721,Rio Duerna XVII - Las Escrita - Los Vallelos,42.38355,-6.336530028,1,OxREP_v3_Roman_Exploitation,1,0,0,0,1161.0,,,,65911.5,66136.2,0.0,225327.6981897034,4697757.054640657,Cuarcitas; pizarras; areniscas; calizas y vulcanitas,PALEOZOICO,,OBSERVED_POINT_ONLY,OBSERVED_IGME_1M
MINE_0722,Rio Duerna XVIII,42.38926663,-6.34697293,1,OxREP_v3_Roman_Exploitation,1,0,0,0,1150.0,,,,65394.6,65422.5,0.0,224492.94873311132,4698425.750087593,Cuarcitas; pizarras; areniscas; calizas y vulcanitas,PALEOZOICO,,OBSERVED_POINT_ONLY,OBSERVED_IGME_1M
MINE_0723,Rio Duerna XX - Fucochicos [Fogochico (Fuco Chico) - El Chano],42.35630258,-6.22700977,1,OxREP_v3_Roman_Exploitation,1,0,0,0,1025.0,,,,68428.3,70297.8,0.0,234229.62724269193,4694382.633729662,Conglomerados; areniscas; arcillas; calizas y evaporitas; Vulcanitas basicas,CENOZOICO,,OBSERVED_POINT_ONLY,OBSERVED_IGME_1M
MINE_0724,Rio Duerna XXI,42.3464626,-6.21936529,1,OxREP_v3_Roman_Exploitation,1,0,0,0,985.0,,,,69531.4,71491.8,0.0,234817.8663671654,4693265.993625529,Conglomerados; gravas; arenas y limos,CENOZOICO,,OBSERVED_POINT_ONLY,OBSERVED_IGME_1M
MINE_0725,Rio Golopón: arroyo Morax / arroyo Uclias,37.38280435,-2.69980225,1,OxREP_v3_Roman_Exploitation,1,0,0,0,1026.0,,,,71593.0,70947.0,0.0,526575.9486430504,4137381.745944131,Conglomerados; gravas; arenas y limos,CENOZOICO,,OBSERVED_POINT_ONLY,OBSERVED_IGME_1M
MINE_0726,Rio Golopón: tierra de los Cantaros,37.41254183,-2.69938897,1,OxREP_v3_Roman_Exploitation,1,0,0,0,550.0,,,,70798.2,70771.7,0.0,526602.0228652218,4140680.971773548,Conglomerados; gravas; arenas y limos,CENOZOICO,,OBSERVED_POINT_ONLY,OBSERVED_IGME_1M
MINE_0727,Río Ibias,43.0238595,-6.860420204,1,OxREP_v3_Roman_Exploitation,1,0,0,0,550.0,,,,728.5,3557.6,0.3723,185448.5850971776,4770700.266787544,Cuarcitas; pizarras; areniscas; calizas y vulcanitas,PALEOZOICO,,OBSERVED_POINT_ONLY,OBSERVED_IGME_1M
MINE_0728,Río Lor 1: Lama / A Filpeira,42.51563994,-7.343846061,1,OxREP_v3_Roman_Exploitation,1,0,0,0,550.0,,,,47230.4,47323.3,0.0,143141.92409125954,4716180.690148237,Cuarcitas; pizarras; areniscas; calizas y vulcanitas,PALEOZOICO,,OBSERVED_POINT_ONLY,OBSERVED_IGME_1M
MINE_0729,Río Lor 1: Margarida / A Couriscada de Margarida,42.48156271,-7.338304408,1,OxREP_v3_Roman_Exploitation,1,0,0,0,550.0,,,,51008.2,51140.4,0.0,143403.28273823083,4712372.492224142,Areniscas; pizarras y calizas,PALEOZOICO,,OBSERVED_POINT_ONLY,OBSERVED_IGME_1M
MINE_0730,Río Lor 1: Parada,42.46589856,-7.349609362,1,OxREP_v3_Roman_Exploitation,1,0,0,0,550.0,,,,52774.7,52774.9,0.0,142384.5333800664,4710680.410306276,Areniscas; pizarras y calizas,PALEOZOICO,,OBSERVED_POINT_ONLY,OBSERVED_IGME_1M
MINE_0731,Río Lor 1: San Pedro,42.49378906,-7.351158313,1,OxREP_v3_Roman_Exploitation,1,0,0,0,550.0,,,,49680.0,49675.3,0.0,142416.33688234974,4713784.6530550895,Areniscas; pizarras y calizas,PALEOZOICO,,OBSERVED_POINT_ONLY,OBSERVED_IGME_1M
MINE_0732,Río Lor 1: Santa Andrea,42.47522794,-7.339171134,1,OxREP_v3_Roman_Exploitation,1,0,0,0,550.0,,,,51713.9,51832.2,0.0,143295.9754791205,4711672.563537731,Areniscas; pizarras y calizas,PALEOZOICO,,OBSERVED_POINT_ONLY,OBSERVED_IGME_1M
MINE_0733,Río Lor 2: Castro Portela,42.539504,-7.271668,1,OxREP_v3_Roman_Exploitation,1,0,0,0,373.0,,,,44656.2,45136.8,0.0,149206.32069754187,4718529.274210273,Cuarcitas; pizarras; areniscas; calizas y vulcanitas,PALEOZOICO,,OBSERVED_POINT_ONLY,OBSERVED_IGME_1M
MINE_0734,Río Lor 2: Froxán,42.548857,-7.249596,1,OxREP_v3_Roman_Exploitation,1,0,0,0,506.0,,,,43555.3,44313.3,0.0,151071.3751696188,4719476.759570194,Cuarcitas; pizarras; areniscas; calizas y vulcanitas,PALEOZOICO,,OBSERVED_POINT_ONLY,OBSERVED_IGME_1M
MINE_0735,Río Lor 2: Millares,42.647318,-7.099299,1,OxREP_v3_Roman_Exploitation,1,0,0,0,933.0,,,,33809.5,33620.9,0.0,163944.37917700777,4729803.106093618,Cuarcitas; pizarras; areniscas; calizas y vulcanitas,PROTEROZOICO-PALEOZOICO,,OBSERVED_POINT_ONLY,OBSERVED_IGME_1M
MINE_0736,Río Lor 2: Mina de Toca,42.659236,-7.130851,1,OxREP_v3_Roman_Exploitation,1,0,0,0,1014.0,,,,31894.2,31901.3,0.0,161422.19013396522,4731252.8778321035,Gneises; esquistos; marmoles y vulcanitas,PROTEROZOICO,,OBSERVED_POINT_ONLY,OBSERVED_IGME_1M
MINE_0737,Río Lor 2: Monte Barreiro,42.664408,-7.143739,1,OxREP_v3_Roman_Exploitation,1,0,0,0,1116.0,,,,31122.7,31215.7,0.0,160393.89987108915,4731879.095751909,Cuarcitas; pizarras; areniscas; calizas y vulcanitas,PROTEROZOICO-PALEOZOICO,,OBSERVED_POINT_ONLY,OBSERVED_IGME_1M
MINE_0738,Río Lor 2: Torubio East,42.656215,-7.105088,1,OxREP_v3_Roman_Exploitation,1,0,0,0,550.0,,,,32728.2,32559.5,0.0,163517.78817113664,4730814.31452346,Cuarcitas; pizarras; areniscas; calizas y vulcanitas,PROTEROZOICO-PALEOZOICO,,OBSERVED_POINT_ONLY,OBSERVED_IGME_1M
MINE_0739,Río Lor 2: Torubio West,42.652669,-7.114141,1,OxREP_v3_Roman_Exploitation,1,0,0,0,550.0,,,,32918.0,32819.2,0.0,162756.44039715233,4730456.609493641,Gneises; esquistos; marmoles y vulcanitas,PROTEROZOICO,,OBSERVED_POINT_ONLY,OBSERVED_IGME_1M
MINE_0740,Río Miño 1: Astariz / Razamonde,42.33013178,-8.041866241,1,OxREP_v3_Roman_Exploitation,1,0,0,0,550.0,,,,64427.8,64427.8,0.0,84559.45598087262,4698757.162960247,UNMAPPED_OR_NODATA,UNMAPPED_OR_NODATA,UNMAPPED_OR_NODATA,OBSERVED_POINT_ONLY,NODATA_ERROR
MINE_0741,Río Miño 1: Carretera / Puga,42.32493061,-8.011148454,1,OxREP_v3_Roman_Exploitation,1,0,0,0,550.0,,,,64875.0,64875.0,0.0,87057.03533908876,4698029.492011181,Granitoides de emplazamiento meso-catazonal,PALEOZOICO,ROCAS PLUTONICAS HERCINICAS,OBSERVED_POINT_ONLY,OBSERVED_IGME_1M
MINE_0742,Río Miño 1: Layas,42.33061473,-8.028531771,1,OxREP_v3_Roman_Exploitation,1,0,0,0,116.0,,,,64305.0,64305.0,0.0,85661.63290133007,4698745.600058866,Granitoides de emplazamiento meso-catazonal,PALEOZOICO,ROCAS PLUTONICAS HERCINICAS,OBSERVED_POINT_ONLY,OBSERVED_IGME_1M
MINE_0743,Río Miño 1: Prado,42.49748585,-8.07606624,1,OxREP_v3_Roman_Exploitation,1,0,0,0,550.0,,,,46087.8,46087.8,0.0,82854.47739098,4717514.2598649645,Granitoides de emplazamiento meso-catazonal,PALEOZOICO,ROCAS PLUTONICAS HERCINICAS,OBSERVED_POINT_ONLY,OBSERVED_IGME_1M
MINE_0744,Río Miño 1: Seijo / Grova - Seixo - Chavola,42.31041778,-8.087943747,1,OxREP_v3_Roman_Exploitation,1,0,0,0,550.0,,,,66910.9,66910.9,0.0,80630.56372051401,4696794.069926519,Areniscas; pizarras y calizas,PALEOZOICO,,OBSERVED_POINT_ONLY,OBSERVED_IGME_1M
MINE_0745,Río Miño 2: Salvatierra,42.0885725,-8.509139932,1,OxREP_v3_Roman_Exploitation,1,0,0,0,550.0,,,,91929.4,91929.4,0.0,44307.637646745716,4674318.852137032,Granitoides postcinematicos de emplazamiento epizonal,PALEOZOICO,ROCAS PLUTONICAS HERCINICAS,OBSERVED_POINT_ONLY,OBSERVED_IGME_1M
MINE_0746,Río Miño 2: Salvatierra: Las Nieves,42.07405709,-8.420913246,1,OxREP_v3_Roman_Exploitation,1,0,0,0,550.0,,,,93016.0,93016.0,0.0,51505.03949723899,4672238.3295923,Conglomerados; gravas; arenas y limos,CENOZOICO,,OBSERVED_POINT_ONLY,OBSERVED_IGME_1M
MINE_0747,Río Miño 2: Salvatierra: Las Nieves,42.07462164,-8.429428437,1,OxREP_v3_Roman_Exploitation,1,0,0,0,40.0,,,,92978.7,92978.7,0.0,50804.32218265068,4672345.888549586,Conglomerados; gravas; arenas y limos,CENOZOICO,,OBSERVED_POINT_ONLY,OBSERVED_IGME_1M
MINE_0748,Río Miño 2: Salvatierra: Medanes,42.08003087,-8.383805077,1,OxREP_v3_Roman_Exploitation,1,0,0,0,65.0,,,,92301.8,92301.8,0.0,54617.98317524785,4672707.283492723,UNMAPPED_OR_NODATA,UNMAPPED_OR_NODATA,UNMAPPED_OR_NODATA,OBSERVED_POINT_ONLY,NODATA_ERROR
MINE_0749,Río Miño 2: Salvatierra: San Juan de Barcela,42.08902083,-8.338426528,1,OxREP_v3_Roman_Exploitation,1,0,0,0,83.0,,,,91378.8,91378.8,0.0,58435.62788019318,4673469.718285551,UNMAPPED_OR_NODATA,UNMAPPED_OR_NODATA,UNMAPPED_OR_NODATA,OBSERVED_POINT_ONLY,NODATA_ERROR
MINE_0750,Río Miño 2: Salvatierra: Santa Maria de Oleiros,42.08956293,-8.461982174,1,OxREP_v3_Roman_Exploitation,1,0,0,0,25.0,,,,91465.8,91465.8,0.0,48216.57379019505,4674177.701699998,Conglomerados; gravas; arenas y limos,CENOZOICO,,OBSERVED_POINT_ONLY,OBSERVED_IGME_1M
MINE_0751,Río Navia 1: arroyo Santa Marina,42.888246,-7.073463,1,OxREP_v3_Roman_Exploitation,1,0,0,0,380.0,,,,8451.5,8505.7,0.0,167356.67690346524,4756459.447280824,Cuarcitas; pizarras; areniscas; calizas y vulcanitas,PALEOZOICO,,OBSERVED_POINT_ONLY,OBSERVED_IGME_1M
MINE_0752,Río Navia 1: Cervantes,42.87026019,-7.078290018,1,OxREP_v3_Roman_Exploitation,1,0,0,0,550.0,,,,10489.9,10521.0,0.0,166865.52919337206,4754480.936701683,Cuarcitas; pizarras; areniscas; calizas y vulcanitas,PALEOZOICO,,OBSERVED_POINT_ONLY,OBSERVED_IGME_1M
MINE_0753,Río Navia 1: Frayan de Arriba / Fraián,42.8993839,-7.067546514,1,OxREP_v3_Roman_Exploitation,1,0,0,0,427.0,,,,7143.5,7252.1,0.0,167899.7594964633,4757673.097548965,Cuarcitas; pizarras; areniscas; calizas y vulcanitas,PALEOZOICO,,OBSERVED_POINT_ONLY,OBSERVED_IGME_1M
MINE_0754,Río Navia 1: sub-site 2 / Vilachá,42.87565687,-7.078569229,1,OxREP_v3_Roman_Exploitation,1,0,0,0,403.0,,,,9908.0,9923.5,0.0,166871.79828644037,4755081.4357655905,Cuarcitas; pizarras; areniscas; calizas y vulcanitas,PALEOZOICO,,OBSERVED_POINT_ONLY,OBSERVED_IGME_1M
MINE_0755,Río Navia 1: sub-site 5,42.90055588,-7.057806165,1,OxREP_v3_Roman_Exploitation,1,0,0,0,370.0,,,,6917.9,6999.0,0.0,168701.40740950173,4757764.810925123,Cuarcitas; pizarras; areniscas; calizas y vulcanitas,PALEOZOICO,,OBSERVED_POINT_ONLY,OBSERVED_IGME_1M
MINE_0756,Río Sil 1: El Carril / La Sufreira,42.50483568,-6.833003242,1,OxREP_v3_Roman_Exploitation,1,0,0,0,397.0,,,,49710.2,50112.8,0.0,185060.46532282495,4712953.2658920465,Areniscas; pizarras y calizas,PALEOZOICO,,OBSERVED_POINT_ONLY,OBSERVED_IGME_1M
MINE_0757,Río Sil 1: Friera / Las Valiñas,42.50527917,-6.815977444,1,OxREP_v3_Roman_Exploitation,1,0,0,0,550.0,,,,49721.6,50151.8,0.0,186461.79522577726,4712939.326048234,Areniscas; pizarras y calizas,PALEOZOICO,,OBSERVED_POINT_ONLY,OBSERVED_IGME_1M
MINE_0758,Río Sil 1: Requejo de Portela / O Trave,42.51443574,-6.810322927,1,OxREP_v3_Roman_Exploitation,1,0,0,0,550.0,,,,48734.8,49175.5,0.0,186972.2221236967,4713935.332310024,Conglomerados; gravas; arenas y limos,CENOZOICO,,OBSERVED_POINT_ONLY,OBSERVED_IGME_1M
MINE_0759,Río Sil 1: Valina / El Cabalón,42.50286336,-6.804904535,1,OxREP_v3_Roman_Exploitation,1,0,0,0,672.0,,,,50049.9,50497.3,0.0,187359.6577047899,4712630.078290007,Areniscas; pizarras y calizas,PALEOZOICO,,OBSERVED_POINT_ONLY,OBSERVED_IGME_1M
MINE_0760,Río Sil 2: Arroyo de Balén / La Tiñosa,42.469031,-6.807225,1,OxREP_v3_Roman_Exploitation,1,0,0,0,423.0,,,,53788.3,54226.5,0.0,187000.08245599555,4708881.226989268,UNMAPPED_OR_NODATA,UNMAPPED_OR_NODATA,UNMAPPED_OR_NODATA,OBSERVED_POINT_ONLY,NODATA_ERROR
MINE_0761,Río Sil 2: Arroyo de Balouta,42.44669072,-6.8168499,1,OxREP_v3_Roman_Exploitation,1,0,0,0,446.0,,,,56222.0,56643.4,0.0,186096.95510204684,4706435.723302022,Areniscas; pizarras y calizas,PALEOZOICO,,OBSERVED_POINT_ONLY,OBSERVED_IGME_1M
MINE_0762,Río Sil 2: La Peña del Cuervo / O Subreiral,42.41558576,-6.83483159,1,OxREP_v3_Roman_Exploitation,1,0,0,0,422.0,,,,59625.4,60019.1,0.0,184461.684004755,4703047.96830215,Areniscas; pizarras y calizas,PALEOZOICO,,OBSERVED_POINT_ONLY,OBSERVED_IGME_1M
MINE_0763,Río Sil 2: nr Covas,42.47086192,-6.822864394,1,OxREP_v3_Roman_Exploitation,1,0,0,0,405.0,,,,53514.9,53930.1,0.0,185723.34019605006,4709142.466949151,UNMAPPED_OR_NODATA,UNMAPPED_OR_NODATA,UNMAPPED_OR_NODATA,OBSERVED_POINT_ONLY,NODATA_ERROR
MINE_0764,Río Sil 2: nr Sobredo,42.4285339,-6.822070367,1,OxREP_v3_Roman_Exploitation,1,0,0,0,387.0,,,,58219.3,58631.5,0.0,185576.65454903897,4704438.5806392925,Areniscas; pizarras y calizas,PALEOZOICO,,OBSERVED_POINT_ONLY,OBSERVED_IGME_1M
MINE_0765,Río Sil 2: Quereño / Foi Pidriña,42.42564393,-6.82923019,1,OxREP_v3_Roman_Exploitation,1,0,0,0,408.0,,,,58519.6,58921.6,0.0,184973.07780611364,4704144.198328975,Areniscas; pizarras y calizas,PALEOZOICO,,OBSERVED_POINT_ONLY,OBSERVED_IGME_1M
MINE_0766,Río Sil 2: Río Cabrera / A Meana,42.41583965,-6.825115744,1,OxREP_v3_Roman_Exploitation,1,0,0,0,382.0,,,,59620.1,60027.0,0.0,185262.50466377975,4703040.061319902,Areniscas; pizarras y calizas,PALEOZOICO,,OBSERVED_POINT_ONLY,OBSERVED_IGME_1M
MINE_0767,Río Sil 2: Salas de Ribera / Valdefuentes,42.43778615,-6.812778588,1,OxREP_v3_Roman_Exploitation,1,0,0,0,402.0,,,,57228.0,57654.1,0.0,186387.3525217902,4705431.715013659,Areniscas; pizarras y calizas,PALEOZOICO,,OBSERVED_POINT_ONLY,OBSERVED_IGME_1M
MINE_0768,Río Sil 3: arroyo de Candis,42.41670161,-6.928519422,1,OxREP_v3_Roman_Exploitation,1,0,0,0,347.0,,,,59481.0,60090.6,0.0,176757.50133815582,4703524.753346513,Cuarcitas; pizarras; areniscas; calizas y vulcanitas,PALEOZOICO,,OBSERVED_POINT_ONLY,OBSERVED_IGME_1M
MINE_0769,Río Sil 3: Carbayal / La Portela,42.42577595,-7.025048543,1,OxREP_v3_Roman_Exploitation,1,0,0,0,440.0,,,,58781.9,58982.6,0.0,168861.65686350793,4704905.067462406,Areniscas; pizarras y calizas,PALEOZOICO,,OBSERVED_POINT_ONLY,OBSERVED_IGME_1M
MINE_0770,Río Sil 3: Corgormo / Arcos,42.42277251,-7.035842697,1,OxREP_v3_Roman_Exploitation,1,0,0,0,433.0,,,,59214.1,59127.0,0.0,167957.61848245614,4704613.71864714,Conglomerados; areniscas; arcillas y calizas; Evaporitas,CENOZOICO,,OBSERVED_POINT_ONLY,OBSERVED_IGME_1M
MINE_0771,Río Sil 3: Cortes,42.41011596,-6.971970294,1,OxREP_v3_Roman_Exploitation,1,0,0,0,320.0,,,,60219.7,61237.5,0.0,173147.54958410503,4702959.8948112605,Areniscas; pizarras y calizas,PALEOZOICO,,OBSERVED_POINT_ONLY,OBSERVED_IGME_1M
MINE_0772,Río Sil 3: Entoma 1,42.42107013,-6.933598417,1,OxREP_v3_Roman_Exploitation,1,0,0,0,370.0,,,,58985.2,59645.8,0.0,176362.04109948926,4704029.297940296,Areniscas; pizarras y calizas,PALEOZOICO,,OBSERVED_POINT_ONLY,OBSERVED_IGME_1M
MINE_0773,Río Sil 3: Entoma 2,42.4207417,-6.945743643,1,OxREP_v3_Roman_Exploitation,1,0,0,0,355.0,,,,59009.0,59786.9,0.0,175360.94905317423,4704039.251621092,Areniscas; pizarras y calizas,PALEOZOICO,,OBSERVED_POINT_ONLY,OBSERVED_IGME_1M
MINE_0774,Río Sil 3: La Rúa / San Miguel de Otero,42.3977,-7.095665,1,OxREP_v3_Roman_Exploitation,1,0,0,0,313.0,,,,61022.9,61122.1,0.0,162900.60518346215,4702065.138703668,UNMAPPED_OR_NODATA,UNMAPPED_OR_NODATA,UNMAPPED_OR_NODATA,OBSERVED_POINT_ONLY,NODATA_ERROR
MINE_0775,Río Sil 3: Medua (A Medua Grande - A Medua Pequena - Os Chaos),42.40189885,-6.875514832,1,OxREP_v3_Roman_Exploitation,1,0,0,0,419.0,,,,61166.3,61504.5,0.0,181044.2681566333,4701680.076557415,Cuarcitas; pizarras; areniscas; calizas y vulcanitas,PALEOZOICO,,OBSERVED_POINT_ONLY,OBSERVED_IGME_1M
MINE_0776,Río Sil 3: Millaroso / Santurjo (Santurxo),42.41771234,-6.957755032,1,OxREP_v3_Roman_Exploitation,1,0,0,0,332.0,,,,59349.7,60240.6,0.0,174356.85899483762,4703748.866699488,Areniscas; pizarras y calizas,PALEOZOICO,,OBSERVED_POINT_ONLY,OBSERVED_IGME_1M
MINE_0777,Río Sil 3: Sobradelo / A Lagua,42.41555394,-6.904142487,1,OxREP_v3_Roman_Exploitation,1,0,0,0,351.0,,,,59698.0,60072.4,0.0,178757.6750304193,4703304.658531581,Cuarcitas; pizarras; areniscas; calizas y vulcanitas,PALEOZOICO,,OBSERVED_POINT_ONLY,OBSERVED_IGME_1M
MINE_0778,Río Sil 4: Montefurado meander,42.38728903,-7.205445683,1,OxREP_v3_Roman_Exploitation,1,0,0,0,264.0,,,,61421.2,61937.2,0.0,153806.16925613687,4701351.051307711,Areniscas; pizarras y calizas,PALEOZOICO,,OBSERVED_POINT_ONLY,OBSERVED_IGME_1M
MINE_0779,Río Sil 4: Montefurado meander b,42.39106584,-7.199568201,1,OxREP_v3_Roman_Exploitation,1,0,0,0,311.0,,,,61007.9,61502.2,0.0,154310.84992058552,4701746.546931917,Areniscas; pizarras y calizas,PALEOZOICO,,OBSERVED_POINT_ONLY,OBSERVED_IGME_1M
MINE_0780,Río Sil 4: San Martin de Albaredos,42.387062,-7.182336261,1,OxREP_v3_Roman_Exploitation,1,0,0,0,303.0,,,,61494.4,61924.3,0.0,155707.6125750785,4701231.779329457,Areniscas; pizarras y calizas,PALEOZOICO,,OBSERVED_POINT_ONLY,OBSERVED_IGME_1M
MINE_0781,Río Sil 4: sub-site c,42.39332556,-7.183883438,1,OxREP_v3_Roman_Exploitation,1,0,0,0,272.0,,,,60793.4,61228.6,0.0,155614.5357438787,4701933.713661176,Areniscas; pizarras y calizas,PALEOZOICO,,OBSERVED_POINT_ONLY,OBSERVED_IGME_1M
MINE_0782,Río Sil 4: Villamuz,42.38591481,-7.190784935,1,OxREP_v3_Roman_Exploitation,1,0,0,0,292.0,,,,61597.6,62059.1,0.0,155005.7056287374,4701138.6946426425,Areniscas; pizarras y calizas,PALEOZOICO,,OBSERVED_POINT_ONLY,OBSERVED_IGME_1M
MINE_0783,Río Sil 4: Viña Grande / Las Chozas,42.39108403,-7.167960512,1,OxREP_v3_Roman_Exploitation,1,0,0,0,296.0,,,,61107.3,61482.8,0.0,156913.17009258777,4701620.231680633,Areniscas; pizarras y calizas,PALEOZOICO,,OBSERVED_POINT_ONLY,OBSERVED_IGME_1M
MINE_0784,Río Sil 5: Aguasmestas,42.45877481,-7.346779839,1,OxREP_v3_Roman_Exploitation,1,0,0,0,292.0,,,,53558.9,53585.9,0.0,142576.60828439222,4709877.256833079,Areniscas; pizarras y calizas,PALEOZOICO,,OBSERVED_POINT_ONLY,OBSERVED_IGME_1M
MINE_0785,Río Sil 5: Nocedo,42.46905787,-7.304747156,1,OxREP_v3_Roman_Exploitation,1,0,0,0,226.0,,,,52421.1,52668.7,0.0,146091.45923352952,4710842.83496523,Cuarcitas; pizarras; areniscas; calizas y vulcanitas,PALEOZOICO,,OBSERVED_POINT_ONLY,OBSERVED_IGME_1M
MINE_0786,Río Sil 5: Pacío Viejo / A Meda,42.4657579,-7.264400336,1,OxREP_v3_Roman_Exploitation,1,0,0,0,248.0,,,,52861.4,53346.5,0.0,149390.60791528004,4710308.499665884,Areniscas; pizarras y calizas,PALEOZOICO,,OBSERVED_POINT_ONLY,OBSERVED_IGME_1M
MINE_0787,Río Sil 5: Rairos,42.46408339,-7.320297123,1,OxREP_v3_Roman_Exploitation,1,0,0,0,235.0,,,,52945.9,53155.8,0.0,144784.64598049835,4710355.443358395,Cuarcitas; pizarras; areniscas; calizas y vulcanitas,PALEOZOICO,,OBSERVED_POINT_ONLY,OBSERVED_IGME_1M
MINE_0788,Río Sil 5: Sequeiros,42.44740344,-7.245153564,1,OxREP_v3_Roman_Exploitation,1,0,0,0,269.0,,,,54797.4,55481.5,0.0,150871.14758254448,4708190.464938782,Areniscas; pizarras y calizas,PALEOZOICO,,OBSERVED_POINT_ONLY,OBSERVED_IGME_1M
MINE_0789,Río Tejeira,42.73659,-6.83448,1,OxREP_v3_Roman_Exploitation,1,0,0,0,1012.0,,,,23960.8,24399.5,0.0,186107.2883829545,4738697.80621978,Cuarcitas; pizarras; areniscas; calizas y vulcanitas,PALEOZOICO,,OBSERVED_POINT_ONLY,OBSERVED_IGME_1M
MINE_0790,Los Arrotos - Laguna Cernea (Río Turienzo),42.452458,-6.245522,1,OxREP_v3_Roman_Exploitation,1,0,0,0,1033.0,,,,57743.1,59518.4,0.0,233113.1863697585,4705119.074457224,Cuarcitas; pizarras; areniscas; calizas y vulcanitas,PALEOZOICO,,OBSERVED_POINT_ONLY,OBSERVED_IGME_1M
MINE_0791,Los Barriales (Río Turienzo),42.42551,-6.156194,1,OxREP_v3_Roman_Exploitation,1,0,0,0,922.0,,,,61086.3,64245.9,0.0,240348.15609395524,4701849.122286745,Cuarcitas; pizarras; areniscas; calizas y vulcanitas,PALEOZOICO,,OBSERVED_POINT_ONLY,OBSERVED_IGME_1M
MINE_0792,Río Valledor,43.132623,-6.801538,1,OxREP_v3_Roman_Exploitation,1,0,0,0,563.0,,,,84.2,1386.7,0.3004,190795.09716537222,4782561.008266644,Cuarcitas; pizarras; areniscas; calizas y vulcanitas,PALEOZOICO,,OBSERVED_POINT_ONLY,OBSERVED_IGME_1M
MINE_0793,Río Valmayor,38.40653916,-4.1737441,1,OxREP_v3_Roman_Exploitation,0,0,1,1,752.0,,,,13119.5,13170.3,0.0,397518.24248815584,4251575.116637951,Gneises; esquistos; marmoles y vulcanitas,PROTEROZOICO,,OBSERVED_POINT_ONLY,OBSERVED_IGME_1M
MINE_0794,Riocabo,43.46762,-6.831393,1,OxREP_v3_Roman_Exploitation,1,0,0,0,424.0,,,,7429.1,6364.8,0.0,190075.49991741823,4819879.5761446925,Cuarcitas; pizarras; areniscas; calizas y vulcanitas,PROTEROZOICO-PALEOZOICO,,OBSERVED_POINT_ONLY,OBSERVED_IGME_1M
MINE_0795,Riodeporcos,43.07394556,-6.941462001,1,OxREP_v3_Roman_Exploitation,0,0,1,1,425.0,,,,331.9,954.9,0.5377,179106.13342405274,4776570.4571320675,Cuarcitas; pizarras; areniscas; calizas y vulcanitas,PALEOZOICO,,OBSERVED_POINT_ONLY,OBSERVED_IGME_1M
MINE_0796,Riospaso,43.019944,-5.879568,1,OxREP_v3_Roman_Exploitation,0,1,0,0,882.0,,,,353.0,430.9,0.4283,265360.11030949594,4767054.051113657,Areniscas; pizarras y calizas,PALEOZOICO,,OBSERVED_POINT_ONLY,OBSERVED_IGME_1M
MINE_0797,Riotinto,37.70395454,-6.58569922,1,OxREP_v3_Roman_Exploitation,0,1,1,0,329.0,,,,84768.4,83214.7,0.0,183871.4015792503,4179023.2540438166,Conglomerados; areniscas; pizarras; calizas y vulcanitas; Carbon,PALEOZOICO,,OBSERVED_POINT_ONLY,OBSERVED_IGME_1M
MINE_0798,Riscos de Guadanuño,38.00140764,-4.83968301,1,OxREP_v3_Roman_Exploitation,0,1,0,0,450.0,,,,60092.1,54452.4,0.0,338477.0530525992,4207568.052089914,Gneises; esquistos; marmoles y vulcanitas,PROTEROZOICO,,OBSERVED_POINT_ONLY,OBSERVED_IGME_1M
MINE_0799,As Grovas de Rivas,42.49037963,-8.073157016,1,OxREP_v3_Roman_Exploitation,1,0,0,0,695.0,,,,46853.5,46853.5,0.0,83046.27235597628,4716710.5797665445,Granitoides de emplazamiento meso-catazonal,PALEOZOICO,ROCAS PLUTONICAS HERCINICAS,OBSERVED_POINT_ONLY,OBSERVED_IGME_1M
MINE_0800,Rivas: La Peña das Covas,42.51070985,-8.084257619,1,OxREP_v3_Roman_Exploitation,1,0,0,0,788.0,,,,44686.7,44693.8,0.0,82269.4645526883,4719023.575953923,Granitoides de emplazamiento meso-catazonal,PALEOZOICO,ROCAS PLUTONICAS HERCINICAS,OBSERVED_POINT_ONLY,OBSERVED_IGME_1M
MINE_0801,Rivas: Larouce,42.48959611,-8.045089494,1,OxREP_v3_Roman_Exploitation,1,0,0,0,480.0,,,,46772.5,46772.5,0.0,85348.42389237357,4716485.572715454,Cuarcitas; pizarras; areniscas; calizas y vulcanitas,PALEOZOICO,,OBSERVED_POINT_ONLY,OBSERVED_IGME_1M
MINE_0802,Robledo I,43.185507,-6.76863,1,OxREP_v3_Roman_Exploitation,1,0,0,0,551.0,,,,5303.0,4828.0,0.0,193736.63433331024,4788313.595712824,Cuarcitas; pizarras; areniscas; calizas y vulcanitas,PALEOZOICO,,OBSERVED_POINT_ONLY,OBSERVED_IGME_1M
MINE_0803,Robledo II,43.187871,-6.766993,1,OxREP_v3_Roman_Exploitation,1,0,0,0,561.0,,,,5589.8,5121.1,0.0,193881.5111343359,4788570.162568989,Cuarcitas; pizarras; areniscas; calizas y vulcanitas,PALEOZOICO,,OBSERVED_POINT_ONLY,OBSERVED_IGME_1M
MINE_0804,Rocabruna,42.35774763,2.46672221,1,OxREP_v3_Roman_Exploitation,0,1,1,0,1359.0,,,,130457.7,138974.4,0.0,950259.6082457479,4703993.356200718,Calizas; dolomias y margas; Areniscas,MESOZOICO,,OBSERVED_POINT_ONLY,OBSERVED_IGME_1M
MINE_0805,Román,43.024431,-6.863934,1,OxREP_v3_Roman_Exploitation,1,0,0,0,365.0,,,,478.7,3544.3,0.3927,185165.1719975841,4770776.930727448,Cuarcitas; pizarras; areniscas; calizas y vulcanitas,PALEOZOICO,,OBSERVED_POINT_ONLY,OBSERVED_IGME_1M
MINE_0806,Romanilla,38.61136908,-4.32455507,1,OxREP_v3_Roman_Exploitation,0,0,1,1,741.0,,,,2936.1,1888.9,0.0838,384677.3789918587,4274483.155628195,Gneises; esquistos; marmoles y vulcanitas,PROTEROZOICO,,OBSERVED_POINT_ONLY,OBSERVED_IGME_1M
MINE_0807,Rosal,41.936641,-8.83615,1,OxREP_v3_Roman_Exploitation,1,0,0,0,42.0,,,,114507.0,113969.0,0.0,16094.950841733837,4659242.507876524,Granitoides de emplazamiento meso-catazonal,PALEOZOICO,ROCAS PLUTONICAS HERCINICAS,OBSERVED_POINT_ONLY,OBSERVED_IGME_1M
MINE_0808,Rosalía,38.25469231,-5.35151691,1,OxREP_v3_Roman_Exploitation,0,0,1,1,632.0,,,,23773.1,24383.6,0.0,294245.5651790387,4236689.346689632,Conglomerados; areniscas; arcillas; calizas y evaporitas; Vulcanitas basicas,CENOZOICO,,OBSERVED_POINT_ONLY,OBSERVED_IGME_1M
MINE_0809,Rubieros,43.233056,-6.518363,1,OxREP_v3_Roman_Exploitation,1,0,0,0,440.0,,,,2666.4,191.3,0.0967,214298.96626067575,4792708.269824069,Conglomerados; areniscas; arcillas; calizas y evaporitas; Vulcanitas basicas,CENOZOICO,,OBSERVED_POINT_ONLY,OBSERVED_IGME_1M
MINE_0810,Salas de Galiarda,38.194676,-3.86157025,1,OxREP_v3_Roman_Exploitation,0,1,0,0,709.0,,,,34877.9,35117.3,0.0,424556.16238048737,4227765.840631288,Conglomerados; areniscas; pizarras; calizas y vulcanitas; Carbon,PALEOZOICO,,OBSERVED_POINT_ONLY,OBSERVED_IGME_1M
MINE_0811,Salientes I,42.864137,-6.323479,1,OxREP_v3_Roman_Exploitation,1,0,0,0,1450.0,,,,12782.0,13694.7,0.0,228501.05722511467,4751087.304266033,Cuarcitas; pizarras; areniscas; calizas y vulcanitas,PROTEROZOICO-PALEOZOICO,,OBSERVED_POINT_ONLY,OBSERVED_IGME_1M
MINE_0812,Salto del Burro,38.20611661,-5.62690863,1,OxREP_v3_Roman_Exploitation,0,0,1,1,500.0,,,,29396.0,30275.6,0.0,269992.34398878104,4231946.911726677,Gneises; esquistos; marmoles y vulcanitas,PROTEROZOICO-PALEOZOICO,,OBSERVED_POINT_ONLY,OBSERVED_IGME_1M
MINE_0813,Sampayo,42.379346,-7.089137,1,OxREP_v3_Roman_Exploitation,1,0,0,0,509.0,,,,63123.2,63210.8,0.0,163339.7399930429,4700000.775069969,Cuarcitas; pizarras; areniscas; calizas y vulcanitas,PALEOZOICO,,OBSERVED_POINT_ONLY,OBSERVED_IGME_1M
MINE_0814,San Antolín de Ibias II,43.037832,-6.867154,1,OxREP_v3_Roman_Exploitation,1,0,0,0,321.0,,,,720.0,2219.4,0.4077,184971.4351850155,4772277.429995037,Cuarcitas; pizarras; areniscas; calizas y vulcanitas,PALEOZOICO,,OBSERVED_POINT_ONLY,OBSERVED_IGME_1M
MINE_0815,San Antolín de Ibias I,43.043902,-6.8751,1,OxREP_v3_Roman_Exploitation,1,0,0,0,396.0,,,,329.7,1671.1,0.4327,184355.2334043802,4772981.501339844,Cuarcitas; pizarras; areniscas; calizas y vulcanitas,PALEOZOICO,,OBSERVED_POINT_ONLY,OBSERVED_IGME_1M
MINE_0816,San Clodio,42.462386,-7.287404,1,OxREP_v3_Roman_Exploitation,1,0,0,0,269.0,,,,53224.3,53517.4,0.0,147480.0307635147,4710029.486296849,Cuarcitas; pizarras; areniscas; calizas y vulcanitas,PALEOZOICO,,OBSERVED_POINT_ONLY,OBSERVED_IGME_1M
MINE_0817,San Eduardo,37.76166281,-6.65508336,1,OxREP_v3_Roman_Exploitation,0,1,0,0,373.0,,,,77744.3,77986.4,0.0,178002.58062608488,4185665.9023999264,Conglomerados; areniscas; pizarras; calizas y vulcanitas; Carbon,PALEOZOICO,,OBSERVED_POINT_ONLY,OBSERVED_IGME_1M
MINE_0818,San Félix de las Montañas I,43.160535,-6.673844,1,OxREP_v3_Roman_Exploitation,1,0,0,0,929.0,,,,3248.4,6038.4,0.0864,201318.39667344547,4785197.15063153,Cuarcitas; pizarras; areniscas; calizas y vulcanitas,PALEOZOICO,,OBSERVED_POINT_ONLY,OBSERVED_IGME_1M
MINE_0819,San Félix de las Montañas II,43.15551657,-6.674982843,1,OxREP_v3_Roman_Exploitation,1,0,0,0,887.0,,,,3257.0,6492.0,0.0851,201201.31347503117,4784643.8399703475,Cuarcitas; pizarras; areniscas; calizas y vulcanitas,PALEOZOICO,,OBSERVED_POINT_ONLY,OBSERVED_IGME_1M
MINE_0820,San Gabriel,38.31734513,-3.55634363,1,OxREP_v3_Roman_Exploitation,0,0,1,1,703.0,,,,35886.3,35941.5,0.0,451365.57711904234,4241172.476243873,Granitoides de emplazamiento epi-mesozonal,PALEOZOICO,ROCAS PLUTONICAS HERCINICAS,OBSERVED_POINT_ONLY,OBSERVED_IGME_1M
MINE_0821,San Juan Bautista,38.60866219,-4.46931815,1,OxREP_v3_Roman_Exploitation,0,0,1,1,711.0,,,,4721.3,4721.3,0.0163,372068.1606559167,4274374.577627239,Gneises; esquistos; marmoles y vulcanitas,PROTEROZOICO,,OBSERVED_POINT_ONLY,OBSERVED_IGME_1M
MINE_0822,San Marcos,38.63107476,-4.4879604,1,OxREP_v3_Roman_Exploitation,0,0,1,1,666.0,,,,6092.9,5995.8,0.0,370485.2442109628,4276887.89541998,Gneises; esquistos; marmoles y vulcanitas,PROTEROZOICO,,OBSERVED_POINT_ONLY,OBSERVED_IGME_1M
MINE_0823,San Miguel (Huelva),37.76090411,-6.75047215,1,OxREP_v3_Roman_Exploitation,0,1,0,0,212.0,,,,75567.5,75776.8,0.0,169592.8677426338,4185914.8322777967,Conglomerados; areniscas; pizarras; calizas y vulcanitas; Carbon,PALEOZOICO,,OBSERVED_POINT_ONLY,OBSERVED_IGME_1M
MINE_0824,San Miguel (Sevilla),37.88889274,-5.999327232,1,OxREP_v3_Roman_Exploitation,0,1,1,0,451.0,,,,63253.9,63253.9,0.0,236240.40619271505,4197729.509370016,Cuarcitas; pizarras; areniscas; calizas y vulcanitas,PALEOZOICO,,OBSERVED_POINT_ONLY,OBSERVED_IGME_1M
MINE_0825,San Pedro de las Montañas I,43.1619,-6.658458,1,OxREP_v3_Roman_Exploitation,1,0,0,0,830.0,,,,2026.4,5063.5,0.1105,202576.0119225327,4785293.925627205,Cuarcitas; pizarras; areniscas; calizas y vulcanitas,PALEOZOICO,,OBSERVED_POINT_ONLY,OBSERVED_IGME_1M
MINE_0826,San Pedro de las Montañas II,43.155428,-6.655847,1,OxREP_v3_Roman_Exploitation,1,0,0,0,810.0,,,,1718.2,5519.8,0.1141,202756.88292813167,4784565.823888466,Cuarcitas; pizarras; areniscas; calizas y vulcanitas,PROTEROZOICO-PALEOZOICO,,OBSERVED_POINT_ONLY,OBSERVED_IGME_1M
MINE_0827,San Pedro de las Montañas III,43.150385,-6.660487,1,OxREP_v3_Roman_Exploitation,1,0,0,0,781.0,,,,2000.7,6195.7,0.1088,202355.08086259617,4784022.2166288085,Cuarcitas; pizarras; areniscas; calizas y vulcanitas,PALEOZOICO,,OBSERVED_POINT_ONLY,OBSERVED_IGME_1M
MINE_0828,San Platón,37.7656253,-6.67569792,1,OxREP_v3_Roman_Exploitation,0,1,0,0,264.0,,,,76764.6,77000.5,0.0,176203.20446317823,4186177.026876912,Conglomerados; areniscas; pizarras; calizas y vulcanitas; Carbon,PALEOZOICO,,OBSERVED_POINT_ONLY,OBSERVED_IGME_1M
MINE_0829,San Quintín,38.81444168,-4.28952914,1,OxREP_v3_Roman_Exploitation,0,0,1,1,648.0,,,,297.1,12.4,0.06,388044.2955176495,4296975.064521509,Cuarcitas; pizarras; areniscas; calizas y vulcanitas,PALEOZOICO,,OBSERVED_POINT_ONLY,OBSERVED_IGME_1M
MINE_0830,San Rafael,38.23007674,-5.59670435,1,OxREP_v3_Roman_Exploitation,0,0,1,1,421.0,,,,26579.8,27062.1,0.0,272712.02084553475,4234531.456753245,Gneises; esquistos; marmoles y vulcanitas,PROTEROZOICO,,OBSERVED_POINT_ONLY,OBSERVED_IGME_1M
MINE_0831,San Roque,38.14071256,-3.65426655,1,OxREP_v3_Roman_Exploitation,0,0,1,1,469.0,,,,45863.0,46029.2,0.0,442666.77967149543,4221629.730935953,Conglomerados; areniscas; calizas; yesos y arcillas versicolores,MESOZOICO,,OBSERVED_POINT_ONLY,OBSERVED_IGME_1M
MINE_0832,San Salvador de Padreiro,43.08236207,-8.81366366,1,OxREP_v3_Roman_Exploitation,0,0,0,0,380.0,,,,22422.9,21066.9,0.0,26716.606577257044,4786391.358866583,Areniscas; pizarras y calizas,PALEOZOICO,,OBSERVED_POINT_ONLY,OBSERVED_IGME_1M
MINE_0833,San Serafín,38.47973262,-4.4678804,1,OxREP_v3_Roman_Exploitation,0,1,1,1,657.0,,,,2460.1,2400.6,0.0584,371964.89818491833,4260065.180464549,Areniscas; pizarras y calizas,PALEOZOICO,,OBSERVED_POINT_ONLY,OBSERVED_IGME_1M
MINE_0834,San Telmo,37.79711712,-6.96913343,1,OxREP_v3_Roman_Exploitation,0,1,0,0,311.0,,,,69368.0,69898.2,0.0,150492.70778217644,4190731.213798112,Conglomerados; areniscas; pizarras; calizas y vulcanitas; Carbon,PALEOZOICO,,OBSERVED_POINT_ONLY,OBSERVED_IGME_1M
MINE_0835,As Borreas de Caldesiños / San Xé,42.15007978,-7.117759406,1,OxREP_v3_Roman_Exploitation,1,0,0,0,700.0,,,,88141.5,88416.5,0.0,159749.9851005036,4674652.079975788,Granitoides de emplazamiento meso-catazonal,PALEOZOICO,ROCAS PLUTONICAS HERCINICAS,OBSERVED_POINT_ONLY,OBSERVED_IGME_1M
MINE_0836,Sanfitorio,42.40592937,-7.306153169,1,OxREP_v3_Roman_Exploitation,1,0,0,0,914.0,,,,59434.6,59670.4,0.0,145619.59143569396,4703837.308594808,Granitoides de emplazamiento meso-catazonal,PROTEROZOICO,ROCAS PLUTONICAS PREHERCINICAS,OBSERVED_POINT_ONLY,OBSERVED_IGME_1M
MINE_0837,Santa Bárbara,38.36202602,-5.52470447,1,OxREP_v3_Roman_Exploitation,0,0,1,1,568.0,,,,13296.1,11864.2,0.0,279415.2641764396,4249001.130418668,Areniscas; pizarras y calizas,PALEOZOICO,,OBSERVED_POINT_ONLY,OBSERVED_IGME_1M
MINE_0838,Santa Eufemia,38.63618847,-4.92371766,1,OxREP_v3_Roman_Exploitation,0,0,1,1,603.0,,,,2846.7,136.1,0.0988,332565.2318645693,4278160.662388896,Cuarcitas; pizarras; areniscas; calizas y vulcanitas,PALEOZOICO,,OBSERVED_POINT_ONLY,OBSERVED_IGME_1M
MINE_0839,Santa María,38.25275026,-5.69337669,1,OxREP_v3_Roman_Exploitation,0,0,1,1,580.0,,,,25640.3,25385.8,0.0,264322.1781171642,4237289.834999499,Gneises; esquistos; marmoles y vulcanitas,PROTEROZOICO-PALEOZOICO,,OBSERVED_POINT_ONLY,OBSERVED_IGME_1M
MINE_0840,Santa Quitería: Colón,39.46444104,-4.969944988,1,OxREP_v3_Roman_Exploitation,0,0,1,1,457.0,,,,10522.5,3856.1,0.0,330533.31385166594,4370170.260888852,Gneises; esquistos; marmoles y vulcanitas,PROTEROZOICO,,OBSERVED_POINT_ONLY,OBSERVED_IGME_1M
MINE_0841,Santa Quitería: Postuero,39.44798919,-4.989413337,1,OxREP_v3_Roman_Exploitation,0,0,1,1,506.0,,,,8599.9,1386.3,0.0,328818.08929986693,4368381.021851048,Gneises; esquistos; marmoles y vulcanitas,PROTEROZOICO,,OBSERVED_POINT_ONLY,OBSERVED_IGME_1M
MINE_0842,Santiago Cerredo,43.33530236,-6.573495024,1,OxREP_v3_Roman_Exploitation,1,0,0,0,584.0,,,,933.2,1105.8,0.0586,210307.97168369073,4804254.503494223,Cuarcitas; pizarras; areniscas; calizas y vulcanitas,PALEOZOICO,,OBSERVED_POINT_ONLY,OBSERVED_IGME_1M
MINE_0843,Santo Cristo,38.65859293,-5.79243915,1,OxREP_v3_Roman_Exploitation,0,0,1,1,404.0,,,,2141.4,880.5,0.2307,257018.75734967465,4282591.818979154,Granitoides de emplazamiento meso-catazonal,PROTEROZOICO,ROCAS PLUTONICAS PREHERCINICAS,OBSERVED_POINT_ONLY,OBSERVED_IGME_1M
MINE_0844,Sarreaus,42.261214,-7.601567,1,OxREP_v3_Roman_Exploitation,1,0,0,0,554.0,,,,75463.1,73720.7,0.0,120432.31019925483,4689041.247701926,Conglomerados; gravas; arenas y limos,CENOZOICO,,OBSERVED_POINT_ONLY,OBSERVED_IGME_1M
MINE_0845,Segunda Pepe,38.21283336,-5.65566584,1,OxREP_v3_Roman_Exploitation,0,0,1,1,501.0,,,,29030.4,29573.6,0.0,267495.37359267037,4232764.220100659,Gneises; esquistos; marmoles y vulcanitas,PROTEROZOICO-PALEOZOICO,,OBSERVED_POINT_ONLY,OBSERVED_IGME_1M
MINE_0846,Segunderalejo,37.58143387,-6.68380114,1,OxREP_v3_Roman_Exploitation,0,1,0,0,223.0,,,,96317.9,96531.8,0.0,174684.604094223,4165759.1010307926,Areniscas; pizarras y calizas,PALEOZOICO,,OBSERVED_POINT_ONLY,OBSERVED_IGME_1M
MINE_0847,Serandinas,43.44273877,-6.745011606,1,OxREP_v3_Roman_Exploitation,1,0,0,0,88.0,,,,10219.3,10627.0,0.0,196939.089332096,4816797.70116924,Cuarcitas; pizarras; areniscas; calizas y vulcanitas,PALEOZOICO,,OBSERVED_POINT_ONLY,OBSERVED_IGME_1M
MINE_0848,Sésamo / Las Tierras Rubias,42.753376,-6.685831,1,OxREP_v3_Roman_Exploitation,1,0,0,0,903.0,,,,22804.8,23583.0,0.0,198358.65730990225,4740019.300244584,Cuarcitas; pizarras; areniscas; calizas y vulcanitas,PALEOZOICO,,OBSERVED_POINT_ONLY,OBSERVED_IGME_1M
MINE_0849,Sierra Almagrera,37.284267,-1.760024,1,OxREP_v3_Roman_Exploitation,0,1,1,1,193.0,,,,2530.4,2150.9,0.0854,609918.4169948491,4127128.3628434464,Rocas metamorficas,PROTEROZOICO-PALEOZOICO,BLOQUE DE ALBORAN,OBSERVED_POINT_ONLY,OBSERVED_IGME_1M
MINE_0850,Antoñana I / Sierra de Begega,43.326523,-6.266114,1,OxREP_v3_Roman_Exploitation,1,0,0,0,647.0,,,,6440.2,6710.0,0.0,235189.86796922784,4802257.442804923,Cuarcitas; pizarras; areniscas; calizas y vulcanitas,PALEOZOICO,,OBSERVED_POINT_ONLY,OBSERVED_IGME_1M
MINE_0851,Sierra de Cartagena,37.6100851,-0.857490443,1,OxREP_v3_Roman_Exploitation,0,1,1,1,317.0,,,,36646.8,30314.0,0.0,689109.5615344287,4164712.9836401874,Rocas metamorficas,PALEOZOICO-MESOZOICO,BLOQUE DE ALBORAN,OBSERVED_POINT_ONLY,OBSERVED_IGME_1M
MINE_0852,Sierra de Gador,36.8985174,-2.87249648,1,OxREP_v3_Roman_Exploitation,0,0,1,1,1828.0,,,,88509.2,81516.2,0.0,511359.8235653966,4083622.2609782005,Rocas metamorficas,PALEOZOICO-MESOZOICO,BLOQUE DE ALBORAN,OBSERVED_POINT_ONLY,OBSERVED_IGME_1M
MINE_0853,Sierra de las Estrellas,42.48691543,-6.3221468,1,OxREP_v3_Roman_Exploitation,0,0,0,0,1272.0,,,,54366.0,54784.5,0.0,226961.50546260038,4709189.78491565,Cuarcitas; pizarras; areniscas; calizas y vulcanitas,PALEOZOICO,,OBSERVED_POINT_ONLY,OBSERVED_IGME_1M
MINE_0854,Sierra Jayona,38.1201223,-5.93614727,1,OxREP_v3_Roman_Exploitation,0,0,0,0,657.0,,,,38921.2,40802.6,0.0,242608.12320734817,4223216.209372781,Cuarcitas; pizarras; areniscas; calizas y vulcanitas,PALEOZOICO,,OBSERVED_POINT_ONLY,OBSERVED_IGME_1M
MINE_0855,Sierrecilla,37.67790242,-7.24050428,1,OxREP_v3_Roman_Exploitation,0,1,1,1,226.0,,,,84280.1,84183.1,0.0,125985.5656488213,4178547.0295824283,Conglomerados; areniscas; pizarras; calizas y vulcanitas; Carbon,PALEOZOICO,,OBSERVED_POINT_ONLY,OBSERVED_IGME_1M
MINE_0856,Socorro,38.55722606,-3.76257372,1,OxREP_v3_Roman_Exploitation,0,1,1,1,678.0,,,,11746.1,6996.7,0.0,433557.3953092336,4267918.953996758,Cuarcitas; pizarras; areniscas; calizas y vulcanitas,PALEOZOICO,,OBSERVED_POINT_ONLY,OBSERVED_IGME_1M
MINE_0857,Solana Ballesteros,38.70634005,-4.85591187,1,OxREP_v3_Roman_Exploitation,0,0,1,1,420.0,,,,5063.2,232.2,0.0,338624.94713281665,4285824.3315457385,Cuarcitas; pizarras; areniscas; calizas y vulcanitas,PALEOZOICO,,OBSERVED_POINT_ONLY,OBSERVED_IGME_1M
MINE_0858,Solana de la Belalcázar,38.62342098,-5.09131042,1,OxREP_v3_Roman_Exploitation,0,1,1,1,451.0,,,,7434.6,5162.5,0.0,317944.761861346,4277062.991744783,Conglomerados; areniscas; pizarras; calizas y vulcanitas; Carbon,PALEOZOICO,,OBSERVED_POINT_ONLY,OBSERVED_IGME_1M
MINE_0859,Solano del Bepo,41.3386581,0.885404145,1,OxREP_v3_Roman_Exploitation,0,1,0,0,744.0,,,,45442.2,32380.2,0.0,825122.302337764,4583639.711398633,Turbiditas calcareas,CENOZOICO,,OBSERVED_POINT_ONLY,OBSERVED_IGME_1M
MINE_0860,Solmayor,43.4239372,-7.114596613,1,OxREP_v3_Roman_Exploitation,1,0,0,0,57.0,,,,2743.4,1066.5,0.1204,166924.85546953342,4816122.290439976,Cuarcitas; pizarras; areniscas; calizas y vulcanitas,PALEOZOICO,,OBSERVED_POINT_ONLY,OBSERVED_IGME_1M
MINE_0861,Sortijón del Cuzna,38.24841405,-4.84258713,1,OxREP_v3_Roman_Exploitation,0,1,1,1,489.0,,,,34957.8,27158.9,0.0,338766.4465585676,4234982.959770341,Conglomerados; areniscas; pizarras; calizas y vulcanitas; Carbon,PALEOZOICO,,OBSERVED_POINT_ONLY,OBSERVED_IGME_1M
MINE_0862,Sotiel Coronada,37.59924828,-6.85569731,1,OxREP_v3_Roman_Exploitation,0,1,0,0,215.0,,,,91791.4,92157.4,0.0,159580.0326180872,4168346.918945368,Areniscas; pizarras y calizas,PALEOZOICO,,OBSERVED_POINT_ONLY,OBSERVED_IGME_1M
MINE_0863,Souto,42.928925,-7.055279,1,OxREP_v3_Roman_Exploitation,1,0,0,0,427.0,,,,3756.6,3841.7,0.0433,169059.86946184566,4760905.723908017,Cuarcitas; pizarras; areniscas; calizas y vulcanitas,PALEOZOICO,,OBSERVED_POINT_ONLY,OBSERVED_IGME_1M
MINE_0864,Souto Castillo,42.411092,-6.684136,1,OxREP_v3_Roman_Exploitation,1,0,0,0,529.0,,,,60807.1,61530.8,0.0,196841.15681265295,4701999.259766262,Cuarcitas; pizarras; areniscas; calizas y vulcanitas,PALEOZOICO,,OBSERVED_POINT_ONLY,OBSERVED_IGME_1M
MINE_0865,Sta Bárbara,37.88711175,-5.1346965,1,OxREP_v3_Roman_Exploitation,0,0,1,1,550.0,,,,68392.1,68825.8,0.0,312281.6348183127,4195438.025076612,Gneises; esquistos; marmoles y vulcanitas,PROTEROZOICO,,OBSERVED_POINT_ONLY,OBSERVED_IGME_1M
MINE_0866,Suerte,37.6918097,-6.150605816,1,OxREP_v3_Roman_Exploitation,0,0,1,1,550.0,,,,83670.6,83695.5,0.0,222195.97511731467,4176294.2200600067,Areniscas; pizarras y calizas,PALEOZOICO,,OBSERVED_POINT_ONLY,OBSERVED_IGME_1M
MINE_0867,Sultana,37.966594,-6.2820794,1,OxREP_v3_Roman_Exploitation,1,1,0,0,550.0,,,,53917.5,53288.7,0.0,211672.85746009165,4207192.129478102,Gneises; esquistos; marmoles y vulcanitas,PROTEROZOICO,,OBSERVED_POINT_ONLY,OBSERVED_IGME_1M
MINE_0868,Susañe del Sil / Corbón del Sil,42.82646182,-6.50783301,1,OxREP_v3_Roman_Exploitation,1,0,0,0,550.0,,,,16362.1,15709.2,0.0,213265.15523198835,4747514.580064706,Cuarcitas; pizarras; areniscas; calizas y vulcanitas,PALEOZOICO,,OBSERVED_POINT_ONLY,OBSERVED_IGME_1M
MINE_0869,Suspirón,42.767762,-6.177308,1,OxREP_v3_Roman_Exploitation,1,0,0,0,550.0,,,,23203.8,27905.9,0.0,240039.07132421914,4739922.747308248,Cuarcitas; pizarras; areniscas; calizas y vulcanitas,PALEOZOICO,,OBSERVED_POINT_ONLY,OBSERVED_IGME_1M
MINE_0870,Tamarindo,38.7354855,-5.51841148,1,OxREP_v3_Roman_Exploitation,0,0,1,1,550.0,,,,1623.6,1936.4,0.0538,281101.2594208226,4290435.117140394,Gneises; esquistos; marmoles y vulcanitas,PROTEROZOICO,,OBSERVED_POINT_ONLY,OBSERVED_IGME_1M
MINE_0871,Tapia de la Ribera,42.746624,-5.765745,1,OxREP_v3_Roman_Exploitation,1,0,0,0,550.0,,,,27062.1,27294.6,0.0,273637.55720939697,4736388.2855191985,Conglomerados; areniscas; arcillas; calizas y evaporitas; Vulcanitas basicas,CENOZOICO,,OBSERVED_POINT_ONLY,OBSERVED_IGME_1M
MINE_0872,Teixedo,43.335137,-6.687584,1,OxREP_v3_Roman_Exploitation,1,0,0,0,550.0,,,,10185.2,8806.8,0.0,201057.58486661996,4804638.899158856,Cuarcitas; pizarras; areniscas; calizas y vulcanitas,PALEOZOICO,,OBSERVED_POINT_ONLY,OBSERVED_IGME_1M
MINE_0873,Las Rubias,42.32206444,-6.382352907,1,OxREP_v3_Roman_Exploitation,1,0,0,0,550.0,,,,73156.4,72626.3,0.0,221283.15410780493,4691078.1337187,Cuarcitas; pizarras; areniscas; calizas y vulcanitas,PALEOZOICO,,OBSERVED_POINT_ONLY,OBSERVED_IGME_1M
MINE_0874,Tharsis,37.59532133,-7.11167808,1,OxREP_v3_Roman_Exploitation,1,1,1,0,550.0,,,,92769.6,93477.0,0.0,136950.67785617546,4168871.685291652,Conglomerados; areniscas; pizarras; calizas y vulcanitas; Carbon,PALEOZOICO,,OBSERVED_POINT_ONLY,OBSERVED_IGME_1M
MINE_0875,Tinto Santa Rosa,37.63686541,-6.80067763,1,OxREP_v3_Roman_Exploitation,0,1,0,0,550.0,,,,88261.8,88541.3,0.0,164608.90037444298,4172324.302590913,Conglomerados; areniscas; pizarras; calizas y vulcanitas; Carbon,PALEOZOICO,,OBSERVED_POINT_ONLY,OBSERVED_IGME_1M
MINE_0876,Tojeirosvellos,43.195529,-7.396401,1,OxREP_v3_Roman_Exploitation,1,0,0,0,550.0,,,,5743.3,1730.3,0.0,142772.53496266523,4791919.062628277,Cuarcitas; pizarras; areniscas; calizas y vulcanitas,PROTEROZOICO-PALEOZOICO,,OBSERVED_POINT_ONLY,OBSERVED_IGME_1M
MINE_0877,Toral de los Vados,42.56036946,-6.775940924,1,OxREP_v3_Roman_Exploitation,1,0,0,0,550.0,,,,43945.7,44455.9,0.0,190024.77484858554,4718910.173686852,Conglomerados; areniscas; arcillas y calizas; Evaporitas,CENOZOICO,,OBSERVED_POINT_ONLY,OBSERVED_IGME_1M
MINE_0878,Torril de Medioduro,38.39556253,-4.91145894,1,OxREP_v3_Roman_Exploitation,0,1,0,0,550.0,,,,19126.9,10756.0,0.0,333077.3049150445,4251434.685885892,Granitoides de emplazamiento epi-mesozonal,PALEOZOICO,ROCAS PLUTONICAS HERCINICAS,OBSERVED_POINT_ONLY,OBSERVED_IGME_1M
MINE_0879,Tres Arroyos,39.26142036,-7.09306382,1,OxREP_v3_Roman_Exploitation,0,0,0,0,550.0,,,,3364.8,54.0,0.0509,146822.0295626964,4353778.430895872,Cuarcitas; pizarras; areniscas; calizas y vulcanitas,PALEOZOICO,,OBSERVED_POINT_ONLY,OBSERVED_IGME_1M
MINE_0880,Tres Puentes,38.00802774,-4.80902784,1,OxREP_v3_Roman_Exploitation,0,1,0,0,550.0,,,,58632.5,53640.8,0.0,341183.0628660794,4208249.869665102,Granitoides de emplazamiento epi-mesozonal,PALEOZOICO,ROCAS PLUTONICAS HERCINICAS,OBSERVED_POINT_ONLY,OBSERVED_IGME_1M
MINE_0881,Trevías,43.500359,-6.435729,1,OxREP_v3_Roman_Exploitation,1,0,0,0,550.0,,,,1321.6,1393.3,0.1489,222233.5116134286,4822117.5271143075,Cuarcitas; pizarras; areniscas; calizas y vulcanitas,PALEOZOICO,,OBSERVED_POINT_ONLY,OBSERVED_IGME_1M
MINE_0882,Trinidad,37.4937306,-6.37343315,1,OxREP_v3_Roman_Exploitation,0,1,0,0,550.0,,,,107049.3,105179.0,0.0,201752.0409659582,4154993.510490893,Conglomerados; areniscas; arcillas; calizas y evaporitas; Vulcanitas basicas,CENOZOICO,,OBSERVED_POINT_ONLY,OBSERVED_IGME_1M
MINE_0883,Triunfo,38.25936781,-5.72673158,1,OxREP_v3_Roman_Exploitation,0,0,1,1,550.0,,,,26130.5,25239.8,0.0,261424.67728617592,4238109.844262473,Conglomerados; areniscas; arcillas; calizas y evaporitas; Vulcanitas basicas,CENOZOICO,,OBSERVED_POINT_ONLY,OBSERVED_IGME_1M
MINE_0884,Triunfo - Nueva Estrella,38.77003716,-5.50088639,1,OxREP_v3_Roman_Exploitation,0,0,1,1,550.0,,,,5740.3,6041.8,0.0,282729.5866744041,4294228.204880373,Gneises; esquistos; marmoles y vulcanitas,PROTEROZOICO,,OBSERVED_POINT_ONLY,OBSERVED_IGME_1M
MINE_0885,Turienzo Castañedo 1 / Las Barreras,42.57688563,-6.428121235,1,OxREP_v3_Roman_Exploitation,1,0,0,0,550.0,,,,44723.8,44169.2,0.0,218655.4568780589,4719528.539140977,Conglomerados; areniscas; arcillas; calizas y evaporitas; Vulcanitas basicas,CENOZOICO,,OBSERVED_POINT_ONLY,OBSERVED_IGME_1M
MINE_0886,Turienzo Castañedo 2 / Las Torcas,42.57243,-6.424116,1,OxREP_v3_Roman_Exploitation,1,0,0,0,550.0,,,,45268.5,44680.3,0.0,218964.16742278077,4719020.3941742815,Conglomerados; areniscas; arcillas; calizas y evaporitas; Vulcanitas basicas,CENOZOICO,,OBSERVED_POINT_ONLY,OBSERVED_IGME_1M
MINE_0887,Udías,43.3592414,-4.219302626,1,OxREP_v3_Roman_Exploitation,0,0,0,1,550.0,,,,320.0,855.2,0.1722,401197.1629425733,4801431.050147055,Calizas; dolomias y margas; Areniscas,MESOZOICO,,OBSERVED_POINT_ONLY,OBSERVED_IGME_1M
MINE_0888,Urbiola,42.62123865,-2.120186574,1,OxREP_v3_Roman_Exploitation,0,1,0,0,550.0,,,,1669.4,1468.6,0.0838,572151.2861845063,4719130.5206843,Conglomerados; areniscas; arcillas y calizas; Evaporitas,CENOZOICO,,OBSERVED_POINT_ONLY,OBSERVED_IGME_1M
MINE_0889,Uría I,43.070722,-6.861667,1,OxREP_v3_Roman_Exploitation,1,0,0,0,550.0,,,,1763.9,314.7,0.3475,185586.80695838341,4775909.804395659,Cuarcitas; pizarras; areniscas; calizas y vulcanitas,PALEOZOICO,,OBSERVED_POINT_ONLY,OBSERVED_IGME_1M
MINE_0890,Uría II,43.07378,-6.857687,1,OxREP_v3_Roman_Exploitation,1,0,0,0,550.0,,,,2030.6,73.1,0.3336,185926.52870045148,4776234.515383295,Cuarcitas; pizarras; areniscas; calizas y vulcanitas,PALEOZOICO,,OBSERVED_POINT_ONLY,OBSERVED_IGME_1M
MINE_0891,Uría III,43.0719,-6.848868,1,OxREP_v3_Roman_Exploitation,1,0,0,0,550.0,,,,1679.4,736.5,0.3183,186635.0069582117,4775992.67920772,Cuarcitas; pizarras; areniscas; calizas y vulcanitas,PALEOZOICO,,OBSERVED_POINT_ONLY,OBSERVED_IGME_1M
MINE_0892,Uría IV,43.074788,-6.846314,1,OxREP_v3_Roman_Exploitation,1,0,0,0,550.0,,,,1951.3,1003.0,0.3133,186857.69615208148,4776303.888453626,Cuarcitas; pizarras; areniscas; calizas y vulcanitas,PALEOZOICO,,OBSERVED_POINT_ONLY,OBSERVED_IGME_1M
MINE_0893,Valados,42.39773248,-7.27895426,1,OxREP_v3_Roman_Exploitation,1,0,0,0,550.0,,,,60413.7,60740.7,0.0,147812.40689440654,4702813.597942244,Granitoides de emplazamiento meso-catazonal,PALEOZOICO,ROCAS PLUTONICAS HERCINICAS,OBSERVED_POINT_ONLY,OBSERVED_IGME_1M
MINE_0894,Valcavao,42.329438,-6.417238,1,OxREP_v3_Roman_Exploitation,1,0,0,0,550.0,,,,72077.9,71452.2,0.0,218441.11385463102,4692011.991759633,Cuarcitas; pizarras; areniscas; calizas y vulcanitas,PALEOZOICO,,OBSERVED_POINT_ONLY,OBSERVED_IGME_1M
MINE_0895,Valcomesa I,42.421567,-6.647761,1,OxREP_v3_Roman_Exploitation,1,0,0,0,550.0,,,,59634.6,60313.1,0.0,199884.76474116812,4703033.226937494,Cuarcitas; pizarras; areniscas; calizas y vulcanitas,PALEOZOICO,,OBSERVED_POINT_ONLY,OBSERVED_IGME_1M
MINE_0896,Valcomesa II,42.412513,-6.657378,1,OxREP_v3_Roman_Exploitation,1,0,0,0,550.0,,,,60628.7,61319.6,0.0,199050.08634765237,4702061.78841051,Cuarcitas; pizarras; areniscas; calizas y vulcanitas,PALEOZOICO,,OBSERVED_POINT_ONLY,OBSERVED_IGME_1M
MINE_0897,Valcomesa III,42.416699,-6.646839,1,OxREP_v3_Roman_Exploitation,1,0,0,0,550.0,,,,60177.3,60854.8,0.0,199937.38727828342,4702489.336919076,Cuarcitas; pizarras; areniscas; calizas y vulcanitas,PALEOZOICO,,OBSERVED_POINT_ONLY,OBSERVED_IGME_1M
MINE_0898,Valcomesa IV,42.410552,-6.65309,1,OxREP_v3_Roman_Exploitation,1,0,0,0,550.0,,,,60850.8,61536.3,0.0,199393.5930830771,4701828.800076164,Cuarcitas; pizarras; areniscas; calizas y vulcanitas,PALEOZOICO,,OBSERVED_POINT_ONLY,OBSERVED_IGME_1M
MINE_0899,Valcouso I,42.41252,-6.662644,1,OxREP_v3_Roman_Exploitation,1,0,0,0,550.0,,,,60625.7,61323.1,0.0,198616.74970803712,4702081.262825052,Cuarcitas; pizarras; areniscas; calizas y vulcanitas,PALEOZOICO,,OBSERVED_POINT_ONLY,OBSERVED_IGME_1M
MINE_0900,Valcouso II,42.412096,-6.660329,1,OxREP_v3_Roman_Exploitation,1,0,0,0,550.0,,,,60673.5,61367.9,0.0,198805.233004093,4702025.951662144,Cuarcitas; pizarras; areniscas; calizas y vulcanitas,PALEOZOICO,,OBSERVED_POINT_ONLY,OBSERVED_IGME_1M
MINE_0901,Valdeconejos,41.72724956,-6.043106115,1,OxREP_v3_Roman_Exploitation,0,0,1,1,550.0,,,,139236.6,139977.8,0.0,246890.06369343778,4623969.826374652,Cuarcitas; pizarras; areniscas; calizas y vulcanitas,PALEOZOICO,,OBSERVED_POINT_ONLY,OBSERVED_IGME_1M
MINE_0902,Valdecucrillos,42.420787,-6.693249,1,OxREP_v3_Roman_Exploitation,1,0,0,0,550.0,,,,59755.3,60490.6,0.0,196138.0538659164,4703108.576646255,Cuarcitas; pizarras; areniscas; calizas y vulcanitas,PALEOZOICO,,OBSERVED_POINT_ONLY,OBSERVED_IGME_1M
MINE_0903,Valdefrola,42.426872,-6.727729,1,OxREP_v3_Roman_Exploitation,1,0,0,0,550.0,,,,59223.0,59759.8,0.0,193330.55467806332,4703908.485943955,Areniscas; pizarras y calizas,PALEOZOICO,,OBSERVED_POINT_ONLY,OBSERVED_IGME_1M
MINE_0904,Valdeinfierno,38.79788627,-4.48872135,1,OxREP_v3_Roman_Exploitation,0,0,1,1,550.0,,,,4338.9,57.7,0.063,370719.9059233606,4295400.689751416,Areniscas; pizarras y calizas,PALEOZOICO,,OBSERVED_POINT_ONLY,OBSERVED_IGME_1M
MINE_0905,Valdeinfierno,38.18033163,-3.57829937,1,OxREP_v3_Roman_Exploitation,0,0,1,1,550.0,,,,45511.9,45818.5,0.0,449351.2386517657,4225981.498834225,Conglomerados; areniscas; pizarras; calizas y vulcanitas; Carbon,PALEOZOICO,,OBSERVED_POINT_ONLY,OBSERVED_IGME_1M
MINE_0906,Valdelperal,42.411357,-6.410039,1,OxREP_v3_Roman_Exploitation,1,0,0,0,550.0,,,,63128.4,62536.2,0.0,219399.65916551847,4701085.621091176,Cuarcitas; pizarras; areniscas; calizas y vulcanitas,PALEOZOICO,,OBSERVED_POINT_ONLY,OBSERVED_IGME_1M
MINE_0907,Valdesedilla I,42.41182,-6.691573,1,OxREP_v3_Roman_Exploitation,1,0,0,0,550.0,,,,60746.0,61478.6,0.0,196232.62484518514,4702106.716472897,Cuarcitas; pizarras; areniscas; calizas y vulcanitas,PALEOZOICO,,OBSERVED_POINT_ONLY,OBSERVED_IGME_1M
MINE_0908,Valdesedilla II,42.41482,-6.68393,1,OxREP_v3_Roman_Exploitation,1,0,0,0,550.0,,,,60392.4,61116.0,0.0,196876.0897354068,4702412.547069721,Cuarcitas; pizarras; areniscas; calizas y vulcanitas,PALEOZOICO,,OBSERVED_POINT_ONLY,OBSERVED_IGME_1M
MINE_0909,Valdetallín - Alto Morueco - La Gándara,42.625082,-6.263232,1,OxREP_v3_Roman_Exploitation,1,0,0,0,550.0,,,,38616.2,40494.1,0.0,232395.70493286726,4724345.731665941,Conglomerados; areniscas; pizarras; calizas y vulcanitas; Carbon,PALEOZOICO,,OBSERVED_POINT_ONLY,OBSERVED_IGME_1M
MINE_0910,Valdevecios I,42.31479,-6.37128,1,OxREP_v3_Roman_Exploitation,1,0,0,0,550.0,,,,73874.1,73491.0,0.0,222163.657699875,4690234.030001178,Cuarcitas; pizarras; areniscas; calizas y vulcanitas,PALEOZOICO,,OBSERVED_POINT_ONLY,OBSERVED_IGME_1M
MINE_0911,Valdevecios II,42.300943,-6.372105,1,OxREP_v3_Roman_Exploitation,1,0,0,0,550.0,,,,75406.2,75021.8,0.0,222034.66981026338,4688698.974524607,Cuarcitas; pizarras; areniscas; calizas y vulcanitas,PALEOZOICO,,OBSERVED_POINT_ONLY,OBSERVED_IGME_1M
MINE_0912,Valdevila,42.41024,-6.880418,1,OxREP_v3_Roman_Exploitation,1,0,0,0,550.0,,,,60254.3,60585.4,0.0,180683.0554114987,4702624.893090055,Cuarcitas; pizarras; areniscas; calizas y vulcanitas,PALEOZOICO,,OBSERVED_POINT_ONLY,OBSERVED_IGME_1M
MINE_0913,Valilongo,42.415773,-6.793456,1,OxREP_v3_Roman_Exploitation,1,0,0,0,550.0,,,,59775.6,60224.9,0.0,187867.54224974278,4702915.649851231,Areniscas; pizarras y calizas,PALEOZOICO,,OBSERVED_POINT_ONLY,OBSERVED_IGME_1M
MINE_0914,Valle Canales,42.723848,-5.935249,1,OxREP_v3_Roman_Exploitation,1,0,0,0,550.0,,,,28888.6,28888.6,0.0,259675.54700147675,4734327.794878358,Cuarcitas; pizarras; areniscas; calizas y vulcanitas,PALEOZOICO,,OBSERVED_POINT_ONLY,OBSERVED_IGME_1M
MINE_0915,La Cruz de Hierro / Valle Cuevo - La Cabuercona,42.469503,-6.373253,1,OxREP_v3_Roman_Exploitation,1,0,0,0,550.0,,,,56783.4,56335.4,0.0,222683.8225463148,4707422.008543433,Cuarcitas; pizarras; areniscas; calizas y vulcanitas,PALEOZOICO,,OBSERVED_POINT_ONLY,OBSERVED_IGME_1M
MINE_0916,Valle de las Forcadas,42.68365,-5.920964,1,OxREP_v3_Roman_Exploitation,1,0,0,0,550.0,,,,33247.8,33247.8,0.0,260690.7333640295,4729823.043302189,Conglomerados; areniscas; arcillas; calizas y evaporitas; Vulcanitas basicas,CENOZOICO,,OBSERVED_POINT_ONLY,OBSERVED_IGME_1M
MINE_0917,Valle de los Ganados,43.343283,-6.700014,1,OxREP_v3_Roman_Exploitation,1,0,0,0,550.0,,,,11237.4,10103.6,0.0,200089.99216241622,4805588.311181894,Cuarcitas; pizarras; areniscas; calizas y vulcanitas,PALEOZOICO,,OBSERVED_POINT_ONLY,OBSERVED_IGME_1M
MINE_0918,Valle de Valdeluengo,42.689483,-5.939732,1,OxREP_v3_Roman_Exploitation,1,0,0,0,550.0,,,,32724.8,32724.8,0.0,259175.5486613931,4730524.1875147205,Cuarcitas; pizarras; areniscas; calizas y vulcanitas,PALEOZOICO,,OBSERVED_POINT_ONLY,OBSERVED_IGME_1M
MINE_0919,Valle Gordo,42.780307,-5.733243,1,OxREP_v3_Roman_Exploitation,1,0,0,0,550.0,,,,23972.9,24360.2,0.0,276419.0966137664,4740042.190248319,Areniscas; pizarras y calizas,PALEOZOICO,,OBSERVED_POINT_ONLY,OBSERVED_IGME_1M
MINE_0920,Valle Rabón / Mina del Couto / Salientes II,42.878973,-6.324726,1,OxREP_v3_Roman_Exploitation,1,0,0,0,550.0,,,,11191.0,12152.6,0.0,228464.30276322004,4752739.014066856,Cuarcitas; pizarras; areniscas; calizas y vulcanitas,PROTEROZOICO-PALEOZOICO,,OBSERVED_POINT_ONLY,OBSERVED_IGME_1M
MINE_0921,Vallegordo I,42.783425,-6.131616,1,OxREP_v3_Roman_Exploitation,1,0,0,0,550.0,,,,22636.9,25135.6,0.0,243842.42751648815,4741522.320934154,Cuarcitas; pizarras; areniscas; calizas y vulcanitas,PROTEROZOICO-PALEOZOICO,,OBSERVED_POINT_ONLY,OBSERVED_IGME_1M
MINE_0922,Vallegordo II,42.787068,-6.145248,1,OxREP_v3_Roman_Exploitation,1,0,0,0,550.0,,,,21858.3,25037.2,0.0,242742.38090978886,4741968.433825086,Cuarcitas; pizarras; areniscas; calizas y vulcanitas,PROTEROZOICO-PALEOZOICO,,OBSERVED_POINT_ONLY,OBSERVED_IGME_1M
MINE_0923,Vallegordo III,42.780269,-6.137186,1,OxREP_v3_Roman_Exploitation,1,0,0,0,550.0,,,,22796.2,25587.7,0.0,243373.73325996372,4741188.772371409,Cuarcitas; pizarras; areniscas; calizas y vulcanitas,PALEOZOICO,,OBSERVED_POINT_ONLY,OBSERVED_IGME_1M
MINE_0924,Vallina de la Hierba,43.134684,-6.680217,1,OxREP_v3_Roman_Exploitation,1,0,0,0,550.0,,,,3580.2,4511.5,0.0797,200673.93239650567,4782348.757381116,Cuarcitas; pizarras; areniscas; calizas y vulcanitas,PALEOZOICO,,OBSERVED_POINT_ONLY,OBSERVED_IGME_1M
MINE_0925,Valquemado,38.22887108,-4.18623123,1,OxREP_v3_Roman_Exploitation,0,1,0,0,550.0,,,,30630.9,30752.8,0.0,396174.82438808435,4231874.369254563,Granitoides de emplazamiento epi-mesozonal,PALEOZOICO,ROCAS PLUTONICAS HERCINICAS,OBSERVED_POINT_ONLY,OBSERVED_IGME_1M
MINE_0926,Valsolomón - La Muria,42.792414,-5.694127,1,OxREP_v3_Roman_Exploitation,1,0,0,0,550.0,,,,22692.7,22692.7,0.0,279661.9718402706,4741283.705839422,Conglomerados; gravas; arenas y limos,CENOZOICO,,OBSERVED_POINT_ONLY,OBSERVED_IGME_1M
MINE_0927,Valvonor - El Valle,42.514959,-6.187362,1,OxREP_v3_Roman_Exploitation,1,0,0,0,550.0,,,,50949.8,53994.5,0.0,238157.3183163707,4711878.601557003,Conglomerados; gravas; arenas y limos,CENOZOICO,,OBSERVED_POINT_ONLY,OBSERVED_IGME_1M
MINE_0928,Vaovellón I,43.437173,-6.867772,1,OxREP_v3_Roman_Exploitation,1,0,0,0,550.0,,,,4859.9,4833.7,0.0018,186975.28686776868,4816634.032982965,Cuarcitas; pizarras; areniscas; calizas y vulcanitas,PROTEROZOICO-PALEOZOICO,,OBSERVED_POINT_ONLY,OBSERVED_IGME_1M
MINE_0929,Vaovellón II,43.42976,-6.868014,1,OxREP_v3_Roman_Exploitation,1,0,0,0,550.0,,,,4765.5,5209.8,0.0029,186917.42582641897,4815811.57588607,Cuarcitas; pizarras; areniscas; calizas y vulcanitas,PALEOZOICO,,OBSERVED_POINT_ONLY,OBSERVED_IGME_1M
MINE_0930,Vaovellón III,43.429956,-6.872681,1,OxREP_v3_Roman_Exploitation,1,0,0,0,550.0,,,,4387.5,4871.0,0.0078,186540.65349974897,4815850.916414253,Cuarcitas; pizarras; areniscas; calizas y vulcanitas,PALEOZOICO,,OBSERVED_POINT_ONLY,OBSERVED_IGME_1M
MINE_0931,Vega de Boado,42.529108,-6.857014,1,OxREP_v3_Roman_Exploitation,1,0,0,0,550.0,,,,46992.9,47356.1,0.0,183210.1803144585,4715738.571384992,Areniscas; pizarras y calizas,PALEOZOICO,,OBSERVED_POINT_ONLY,OBSERVED_IGME_1M
MINE_0932,Vega de la Mula,43.140756,-6.662806,1,OxREP_v3_Roman_Exploitation,1,0,0,0,550.0,,,,2140.0,5965.6,0.1065,202119.68142523506,4782961.015620258,Cuarcitas; pizarras; areniscas; calizas y vulcanitas,PALEOZOICO,,OBSERVED_POINT_ONLY,OBSERVED_IGME_1M
MINE_0933,Vega de Ouria,43.440778,-6.882559,1,OxREP_v3_Roman_Exploitation,1,0,0,0,550.0,,,,3798.8,3580.2,0.0782,185797.13669830648,4817090.185173764,Cuarcitas; pizarras; areniscas; calizas y vulcanitas,PALEOZOICO,,OBSERVED_POINT_ONLY,OBSERVED_IGME_1M
MINE_0934,Vega Grande Ouria,43.428684,-6.879883,1,OxREP_v3_Roman_Exploitation,1,0,0,0,550.0,,,,3804.7,4437.6,0.017,185951.07876199618,4815736.790673697,Cuarcitas; pizarras; areniscas; calizas y vulcanitas,PALEOZOICO,,OBSERVED_POINT_ONLY,OBSERVED_IGME_1M
MINE_0935,Vegas del Condado,42.68746016,-5.353686168,1,OxREP_v3_Roman_Exploitation,1,0,0,0,550.0,,,,34181.1,36323.8,0.0,307180.970745696,4728794.708692044,Conglomerados; gravas; arenas y limos,CENOZOICO,,OBSERVED_POINT_ONLY,OBSERVED_IGME_1M
MINE_0936,Veigadepope,43.134716,-6.580023,1,OxREP_v3_Roman_Exploitation,1,0,0,0,550.0,,,,627.1,4883.5,0.3186,208823.9518622976,4781998.795094495,Gneises; esquistos; marmoles y vulcanitas,PROTEROZOICO,,OBSERVED_POINT_ONLY,OBSERVED_IGME_1M
MINE_0937,Chamborros (Veneiro - Los Eiros),42.3274,-6.393324,1,OxREP_v3_Roman_Exploitation,1,0,0,0,550.0,,,,72560.7,71967.4,0.0,220402.6576576291,4691706.704436259,Cuarcitas; pizarras; areniscas; calizas y vulcanitas,PALEOZOICO,,OBSERVED_POINT_ONLY,OBSERVED_IGME_1M
MINE_0938,Venta Nueva,43.056568,-6.61855,1,OxREP_v3_Roman_Exploitation,1,0,0,0,550.0,,,,253.7,1005.6,0.2281,205315.12612532137,4773454.058336885,Conglomerados; areniscas; pizarras; calizas y vulcanitas; Carbon,PALEOZOICO,,OBSERVED_POINT_ONLY,OBSERVED_IGME_1M
MINE_0939,Venta Quemada,38.32729724,-3.59065906,1,OxREP_v3_Roman_Exploitation,0,0,1,1,550.0,,,,32841.2,33345.3,0.0,448372.8275466825,4242295.375579919,Cuarcitas; pizarras; areniscas; calizas y vulcanitas,PALEOZOICO,,OBSERVED_POINT_ONLY,OBSERVED_IGME_1M
MINE_0940,Venus,38.18036786,-5.60335206,1,OxREP_v3_Roman_Exploitation,0,0,1,1,550.0,,,,32111.0,32588.4,0.0,271974.91472818394,4229030.963630722,Gneises; esquistos; marmoles y vulcanitas,PROTEROZOICO-PALEOZOICO,,OBSERVED_POINT_ONLY,OBSERVED_IGME_1M
MINE_0941,Vicaria,38.01206989,-6.34302469,1,OxREP_v3_Roman_Exploitation,0,1,0,0,550.0,,,,50167.9,47891.8,0.0,206498.89344822994,4212430.5588243995,Cuarcitas; pizarras; areniscas; calizas y vulcanitas,PROTEROZOICO,,OBSERVED_POINT_ONLY,OBSERVED_IGME_1M
MINE_0942,Vidrosa,43.493108,-6.803597,1,OxREP_v3_Roman_Exploitation,1,0,0,0,550.0,,,,7952.7,3914.4,0.0,192453.6306828544,4822607.327443609,Cuarcitas; pizarras; areniscas; calizas y vulcanitas,PALEOZOICO,,OBSERVED_POINT_ONLY,OBSERVED_IGME_1M
MINE_0943,Vieiros I,42.572755,-7.079755,1,OxREP_v3_Roman_Exploitation,1,0,0,0,550.0,,,,42228.9,42065.8,0.0,165146.90685905743,4721444.193404261,Cuarcitas; pizarras; areniscas; calizas y vulcanitas,PALEOZOICO,,OBSERVED_POINT_ONLY,OBSERVED_IGME_1M
MINE_0944,Vieiros II,42.572755,-7.079755,1,OxREP_v3_Roman_Exploitation,1,0,0,0,550.0,,,,42228.9,42065.8,0.0,165146.90685905743,4721444.193404261,Cuarcitas; pizarras; areniscas; calizas y vulcanitas,PALEOZOICO,,OBSERVED_POINT_ONLY,OBSERVED_IGME_1M
MINE_0945,Vilarantón,42.967585,-6.984041,1,OxREP_v3_Roman_Exploitation,1,0,0,0,550.0,,,,1496.0,3575.3,0.2325,175077.85156930058,4764921.283646068,Cuarcitas; pizarras; areniscas; calizas y vulcanitas,PALEOZOICO,,OBSERVED_POINT_ONLY,OBSERVED_IGME_1M
MINE_0946,Villagutiérrez,38.84343458,-4.42006548,1,OxREP_v3_Roman_Exploitation,0,0,1,1,550.0,,,,5226.1,6446.9,0.0,376760.7841934884,4300360.563862899,Gneises; esquistos; marmoles y vulcanitas,PROTEROZOICO,,OBSERVED_POINT_ONLY,OBSERVED_IGME_1M
MINE_0947,Villaiz,42.908301,-7.081878,1,OxREP_v3_Roman_Exploitation,1,0,0,0,550.0,,,,6338.7,6338.7,0.0,166777.6162965921,4758720.24409854,Cuarcitas; pizarras; areniscas; calizas y vulcanitas,PALEOZOICO,,OBSERVED_POINT_ONLY,OBSERVED_IGME_1M
MINE_0948,Villamejil,42.562331,-6.016481,1,OxREP_v3_Roman_Exploitation,1,0,0,0,550.0,,,,47268.2,47672.8,0.0,252383.83978025426,4716625.251076866,Conglomerados; gravas; arenas y limos,CENOZOICO,,OBSERVED_POINT_ONLY,OBSERVED_IGME_1M
MINE_0949,Villar de Frades,42.88452,-7.145092,1,OxREP_v3_Roman_Exploitation,1,0,0,0,550.0,,,,8267.2,7161.3,0.0,161486.2158342771,4756331.648192425,Cuarcitas; pizarras; areniscas; calizas y vulcanitas,PALEOZOICO,,OBSERVED_POINT_ONLY,OBSERVED_IGME_1M
MINE_0950,Villar del Monte: La Mata,42.23952955,-6.325642464,1,OxREP_v3_Roman_Exploitation,1,0,0,0,550.0,,,,81732.5,82156.7,0.0,225598.45721383236,4681728.030520484,Cuarcitas; pizarras; areniscas; calizas y vulcanitas,PALEOZOICO,,OBSERVED_POINT_ONLY,OBSERVED_IGME_1M
MINE_0951,Villar del Monte: San Justo / La Corona,42.23965186,-6.36081109,1,OxREP_v3_Roman_Exploitation,1,0,0,0,550.0,,,,82029.1,81882.1,0.0,222696.87860761624,4681855.578691989,Cuarcitas; pizarras; areniscas; calizas y vulcanitas,PALEOZOICO,,OBSERVED_POINT_ONLY,OBSERVED_IGME_1M
MINE_0952,Villar del Monte: Truchas / Cogolla,42.255197,-6.43174,1,OxREP_v3_Roman_Exploitation,1,0,0,0,550.0,,,,80159.7,79500.7,0.0,216913.408328299,4683815.418244519,Cuarcitas; pizarras; areniscas; calizas y vulcanitas,PALEOZOICO,,OBSERVED_POINT_ONLY,OBSERVED_IGME_1M
MINE_0953,Villarcebollín,43.023638,-6.845831,1,OxREP_v3_Roman_Exploitation,1,0,0,0,550.0,,,,1844.6,3624.4,0.2957,186636.3259904972,4770621.031869809,Cuarcitas; pizarras; areniscas; calizas y vulcanitas,PALEOZOICO,,OBSERVED_POINT_ONLY,OBSERVED_IGME_1M
MINE_0954,Villardecás,42.245763,-7.588989,1,OxREP_v3_Roman_Exploitation,1,0,0,0,550.0,,,,77370.5,75463.2,0.0,121377.41800994083,4687269.041841248,Conglomerados; gravas; arenas y limos,CENOZOICO,,OBSERVED_POINT_ONLY,OBSERVED_IGME_1M
MINE_0955,Villarino,42.91185895,-6.350256915,1,OxREP_v3_Roman_Exploitation,1,0,0,0,550.0,,,,8599.7,7957.9,0.0,226524.50548265647,4756474.090373881,Gneises; esquistos; marmoles y vulcanitas,PROTEROZOICO,,OBSERVED_POINT_ONLY,OBSERVED_IGME_1M
MINE_0956,Villarubín,42.575839,-7.03065,1,OxREP_v3_Roman_Exploitation,1,0,0,0,550.0,,,,42297.4,42695.1,0.0,169194.18510159268,4721593.37746463,Cuarcitas; pizarras; areniscas; calizas y vulcanitas,PALEOZOICO,,OBSERVED_POINT_ONLY,OBSERVED_IGME_1M
MINE_0957,Villasonte,43.19056,-6.764656,1,OxREP_v3_Roman_Exploitation,1,0,0,0,550.0,,,,5941.4,5468.8,0.0,194084.8911472186,4788860.266728239,Cuarcitas; pizarras; areniscas; calizas y vulcanitas,PALEOZOICO,,OBSERVED_POINT_ONLY,OBSERVED_IGME_1M
MINE_0958,Villaverde,43.315988,-6.270986,1,OxREP_v3_Roman_Exploitation,1,0,0,0,550.0,,,,7599.9,6965.7,0.0,234748.95023372892,4801102.849154402,Cuarcitas; pizarras; areniscas; calizas y vulcanitas,PALEOZOICO,,OBSERVED_POINT_ONLY,OBSERVED_IGME_1M
MINE_0959,Villavilleiro I,43.161779,-6.896421,1,OxREP_v3_Roman_Exploitation,1,0,0,0,550.0,,,,359.6,1839.6,0.2348,183227.6838013715,4786154.330632232,Cuarcitas; pizarras; areniscas; calizas y vulcanitas,PALEOZOICO,,OBSERVED_POINT_ONLY,OBSERVED_IGME_1M
MINE_0960,Villavilleiro II,43.169452,-6.896323,1,OxREP_v3_Roman_Exploitation,1,0,0,0,550.0,,,,308.1,1982.4,0.2144,183275.36062633095,4787006.185380645,Cuarcitas; pizarras; areniscas; calizas y vulcanitas,PALEOZOICO,,OBSERVED_POINT_ONLY,OBSERVED_IGME_1M
MINE_0961,Vuelta Falsa,37.7009372,-7.43352605,1,OxREP_v3_Roman_Exploitation,0,1,0,0,550.0,,,,82283.1,81279.7,0.0,109073.74653233873,4181894.176935741,Areniscas; pizarras y calizas,PALEOZOICO,,OBSERVED_POINT_ONLY,OBSERVED_IGME_1M
MINE_0962,Vulcano (Huelva),37.57990684,-7.11433356,1,OxREP_v3_Roman_Exploitation,0,1,0,0,550.0,,,,94498.5,95205.5,0.0,136641.01618770103,4167170.6908020624,Conglomerados; areniscas; pizarras; calizas y vulcanitas; Carbon,PALEOZOICO,,OBSERVED_POINT_ONLY,OBSERVED_IGME_1M
MINE_0963,A Xisterna I,42.710794,-6.738149,1,OxREP_v3_Roman_Exploitation,1,0,0,0,550.0,,,,28130.7,29015.4,0.0,193866.90287962212,4735478.649231943,Cuarcitas; pizarras; areniscas; calizas y vulcanitas,PALEOZOICO,,OBSERVED_POINT_ONLY,OBSERVED_IGME_1M
MINE_0964,Zardaín,43.392984,-6.553396,1,OxREP_v3_Roman_Exploitation,1,0,0,0,550.0,,,,2190.4,2222.7,0.1165,212210.6288653775,4810591.436127694,Cuarcitas; pizarras; areniscas; calizas y vulcanitas,PALEOZOICO,,OBSERVED_POINT_ONLY,OBSERVED_IGME_1M
MINE_0965,Munigua,37.71323,-5.740789,1,OxREP_v3_Roman_Exploitation,0,1,0,0,550.0,,,,84970.3,85390.4,0.0,258408.62225998665,4177534.2778244703,Granitoides de emplazamiento epi-mesozonal,PALEOZOICO,ROCAS PLUTONICAS HERCINICAS,OBSERVED_POINT_ONLY,OBSERVED_IGME_1M
MINE_0966,El Corón de San Pedro,42.7182,-6.393549,1,OxREP_v3_Roman_Exploitation,1,0,0,0,550.0,,,,29907.5,28664.4,0.0,222123.56120759674,4735108.152632966,Conglomerados; gravas; arenas y limos,CENOZOICO,,OBSERVED_POINT_ONLY,OBSERVED_IGME_1M
MINE_0967,Morredero,42.407902,-6.514921,1,OxREP_v3_Roman_Exploitation,1,0,0,0,550.0,,,,62347.1,62094.8,0.0,210752.41340654064,4701054.151662528,Cuarcitas; pizarras; areniscas; calizas y vulcanitas,PALEOZOICO,,OBSERVED_POINT_ONLY,OBSERVED_IGME_1M
MINE_0968,Ruiseñada,43.3639,-4.29054,1,OxREP_v3_Roman_Exploitation,0,0,0,1,550.0,,,,1068.2,372.1,0.2414,395432.5846836136,4802035.240132121,Calizas; dolomias y margas; Conglomerados y areniscas,MESOZOICO,,OBSERVED_POINT_ONLY,OBSERVED_IGME_1M
MINE_0969,Navelgas Sur,43.401996,-6.547813,1,OxREP_v3_Roman_Exploitation,1,0,0,0,550.0,,,,2065.3,2164.6,0.1153,212705.46688828163,4811573.1059159385,Cuarcitas; pizarras; areniscas; calizas y vulcanitas,PALEOZOICO,,OBSERVED_POINT_ONLY,OBSERVED_IGME_1M
MINE_0970,Arroyo de Bouza,42.56528,-6.150903,1,OxREP_v3_Roman_Exploitation,1,0,0,0,550.0,,,,45737.2,49238.0,0.0,241360.69618835673,4717354.869294851,Cuarcitas; pizarras; areniscas; calizas y vulcanitas,PALEOZOICO,,OBSERVED_POINT_ONLY,OBSERVED_IGME_1M
MINE_0971,Três Minas - Corta de Ribeirinha,41.49378078,-7.518805876,1,OxREP_v3_Roman_Exploitation,1,0,0,0,550.0,,,,160649.2,159270.4,0.0,122763.62438287836,4603440.591155314,Areniscas; pizarras y calizas,PALEOZOICO,,OBSERVED_POINT_ONLY,OBSERVED_IGME_1M
MINE_0972,Três Minas - Lagoinhos,41.49318,-7.514978,1,OxREP_v3_Roman_Exploitation,1,0,0,0,550.0,,,,160763.2,159353.1,0.0,123079.77119923651,4603357.137821071,Areniscas; pizarras y calizas,PALEOZOICO,,OBSERVED_POINT_ONLY,OBSERVED_IGME_1M
MINE_0973,Gralheira,41.468756,-7.575301,1,OxREP_v3_Roman_Exploitation,1,0,0,0,550.0,,,,162775.4,161887.0,0.0,117898.78797115036,4600909.850129979,Granitoides de emplazamiento meso-catazonal,PALEOZOICO,ROCAS PLUTONICAS HERCINICAS,OBSERVED_POINT_ONLY,OBSERVED_IGME_1M
MINE_0974,Forno dos Mouros,41.471817,-7.56867,1,OxREP_v3_Roman_Exploitation,1,0,0,0,550.0,,,,162504.2,161558.8,0.0,118470.70360857702,4601220.4783376325,Cuarcitas; pizarras; areniscas; calizas y vulcanitas,PROTEROZOICO-PALEOZOICO,,OBSERVED_POINT_ONLY,OBSERVED_IGME_1M
MINE_0975,Los Corralones,42.10977,-6.377308,1,OxREP_v3_Roman_Exploitation,1,0,0,0,550.0,,,,96522.6,96088.1,0.0,220764.0684080827,4667485.879586543,Granitoides de emplazamiento meso-catazonal,PROTEROZOICO,ROCAS PLUTONICAS PREHERCINICAS,OBSERVED_POINT_ONLY,OBSERVED_IGME_1M
MINE_0976,Portillo de Xandequín,42.30098,-6.338022,1,OxREP_v3_Roman_Exploitation,1,0,0,0,550.0,,,,75039.3,75257.6,0.0,224844.62415361544,4688592.221334817,Cuarcitas; pizarras; areniscas; calizas y vulcanitas,PALEOZOICO,,OBSERVED_POINT_ONLY,OBSERVED_IGME_1M
MINE_0977,Peña Canales,42.302075,-6.35066,1,OxREP_v3_Roman_Exploitation,1,0,0,0,550.0,,,,75041.2,75035.4,0.0,223807.54429331305,4688754.800191233,Cuarcitas; pizarras; areniscas; calizas y vulcanitas,PALEOZOICO,,OBSERVED_POINT_ONLY,OBSERVED_IGME_1M
MINE_0978,Arroyo de Xandellamas,42.305767,-6.343668,1,OxREP_v3_Roman_Exploitation,1,0,0,0,550.0,,,,74564.0,74681.2,0.0,224400.07494822284,4689142.117615955,Cuarcitas; pizarras; areniscas; calizas y vulcanitas,PALEOZOICO,,OBSERVED_POINT_ONLY,OBSERVED_IGME_1M
MINE_0979,Pico de Valteleno,42.297216,-6.334933,1,OxREP_v3_Roman_Exploitation,1,0,0,0,550.0,,,,75427.4,75700.3,0.0,225082.88708238793,4688164.227528932,Cuarcitas; pizarras; areniscas; calizas y vulcanitas,PALEOZOICO,,OBSERVED_POINT_ONLY,OBSERVED_IGME_1M
MINE_0980,Las Llameras,42.70395,-6.363748,1,OxREP_v3_Roman_Exploitation,1,0,0,0,550.0,,,,30888.5,30456.2,0.0,224500.91044748173,4733427.832611013,Conglomerados; areniscas; arcillas; calizas y evaporitas; Vulcanitas basicas,CENOZOICO,,OBSERVED_POINT_ONLY,OBSERVED_IGME_1M
MINE_0981,Fuente Encalada,42.558406,-6.795227,1,OxREP_v3_Roman_Exploitation,1,0,0,0,550.0,,,,43970.1,44446.0,0.0,188431.55675943953,4718762.97499685,Cuarcitas; pizarras; areniscas; calizas y vulcanitas,PROTEROZOICO-PALEOZOICO,,OBSERVED_POINT_ONLY,OBSERVED_IGME_1M
MINE_0982,Sorbrera,42.71811525,-6.442887381,1,OxREP_v3_Roman_Exploitation,1,0,0,0,550.0,,,,29087.3,28477.6,0.0,218082.77786265034,4735262.460327467,Conglomerados; areniscas; arcillas; calizas y evaporitas; Vulcanitas basicas,CENOZOICO,,OBSERVED_POINT_ONLY,OBSERVED_IGME_1M
MINE_0983,Castro de Rivas,42.68561071,-6.371449279,1,OxREP_v3_Roman_Exploitation,1,0,0,0,550.0,,,,33009.5,32454.7,0.0,223788.73642715707,4731416.281967941,Conglomerados; areniscas; arcillas; calizas y evaporitas; Vulcanitas basicas,CENOZOICO,,OBSERVED_POINT_ONLY,OBSERVED_IGME_1M
MINE_0984,La Salina,42.68597057,-6.36460443,1,OxREP_v3_Roman_Exploitation,1,0,0,0,550.0,,,,32866.4,32445.5,0.0,224351.15709564224,4731433.870359029,Conglomerados; areniscas; arcillas; calizas y evaporitas; Vulcanitas basicas,CENOZOICO,,OBSERVED_POINT_ONLY,OBSERVED_IGME_1M
MINE_0985,Zufreiral,42.70385923,-6.447879387,1,OxREP_v3_Roman_Exploitation,1,0,0,0,550.0,,,,30551.7,30038.5,0.0,217609.2689815524,4733695.898826188,Conglomerados; areniscas; arcillas; calizas y evaporitas; Vulcanitas basicas,CENOZOICO,,OBSERVED_POINT_ONLY,OBSERVED_IGME_1M
MINE_0986,La Poza del Castro,42.85106255,-6.20349361,1,OxREP_v3_Roman_Exploitation,1,0,0,0,550.0,,,,13703.9,20652.8,0.0,238248.31324568958,4749255.042417216,Gneises; esquistos; marmoles y vulcanitas,PROTEROZOICO,,OBSERVED_POINT_ONLY,OBSERVED_IGME_1M
MINE_0987,La Corona de Matachana,42.59900419,-6.42438552,1,OxREP_v3_Roman_Exploitation,1,0,0,0,550.0,,,,42359.7,41727.0,0.0,219061.547124376,4721972.543668436,Conglomerados; areniscas; arcillas; calizas y evaporitas; Vulcanitas basicas,CENOZOICO,,OBSERVED_POINT_ONLY,OBSERVED_IGME_1M
MINE_0988,Las Ferreiruscas,42.4237,-6.81653,1,OxREP_v3_Roman_Exploitation,1,0,0,0,550.0,,,,58776.2,59195.6,0.0,186008.3337178044,4703881.1991191115,Areniscas; pizarras y calizas,PALEOZOICO,,OBSERVED_POINT_ONLY,OBSERVED_IGME_1M
MINE_0989,Salas de la Ribera,42.432746,-6.80394886,1,OxREP_v3_Roman_Exploitation,1,0,0,0,550.0,,,,57831.1,58268.8,0.0,187088.60762938776,4704839.331270293,Areniscas; pizarras y calizas,PALEOZOICO,,OBSERVED_POINT_ONLY,OBSERVED_IGME_1M
MINE_0990,La Cibrera,42.49213723,-6.1333211,1,OxREP_v3_Roman_Exploitation,1,0,0,0,550.0,,,,53991.2,57109.0,0.0,242503.4480313732,4709178.503240163,Cuarcitas; pizarras; areniscas; calizas y vulcanitas,PALEOZOICO,,OBSERVED_POINT_ONLY,OBSERVED_IGME_1M
MINE_0991,Devesa de Pradorrey,42.50314712,-6.15031566,1,OxREP_v3_Roman_Exploitation,1,0,0,0,550.0,,,,52578.4,56063.8,0.0,241152.17177755138,4710452.976846839,Conglomerados; gravas; arenas y limos,CENOZOICO,,OBSERVED_POINT_ONLY,OBSERVED_IGME_1M
MINE_0992,La Forcada,42.7752842,-5.89543723,1,OxREP_v3_Roman_Exploitation,1,0,0,0,550.0,,,,23013.5,23013.5,0.0,263131.48748335324,4739927.395579838,Gneises; esquistos; marmoles y vulcanitas,PROTEROZOICO,,OBSERVED_POINT_ONLY,OBSERVED_IGME_1M
BG_0000,Background_Point_0,43.421408659623125,-4.008542982266714,0,Spatial_Background_Buffered,0,0,0,0,,,,,2365.7,142.1,0.0927,418359.1010202581,4808107.160448428,Calizas; dolomias y margas; Areniscas,MESOZOICO,,NODATA_API_LIMIT,OBSERVED_IGME_1M
BG_0001,Background_Point_1,40.70070167514955,-0.37001788069969627,0,Spatial_Background_Buffered,0,0,0,0,,,,,13740.2,3865.6,0.0,722194.8505396943,4508859.711567481,Calizas; dolomias y margas; Areniscas,MESOZOICO,,NODATA_API_LIMIT,OBSERVED_IGME_1M
BG_0002,Background_Point_2,37.301569707586914,-6.016708169445034,0,Spatial_Background_Buffered,0,0,0,0,,,,,127589.6,127589.6,0.0,232615.84437607104,4132595.3422857723,UNMAPPED_OR_NODATA,UNMAPPED_OR_NODATA,UNMAPPED_OR_NODATA,NODATA_API_LIMIT,NODATA_ERROR
BG_0003,Background_Point_3,42.69871870622908,-7.280574115113129,0,Spatial_Background_Buffered,0,0,0,0,,,,,26941.3,27541.9,0.0,149371.07034296956,4736249.723908694,Cuarcitas; pizarras; areniscas; calizas y vulcanitas,PROTEROZOICO-PALEOZOICO,,NODATA_API_LIMIT,OBSERVED_IGME_1M
BG_0004,Background_Point_4,41.56073476508214,-1.669462303992221,0,Spatial_Background_Buffered,0,0,0,0,,,,,640.8,1727.7,0.2988,610947.7599817275,4601861.691126639,Cuarcitas; pizarras; areniscas; calizas y vulcanitas,PALEOZOICO,,NODATA_API_LIMIT,OBSERVED_IGME_1M
BG_0005,Background_Point_5,43.47486147639125,-7.729102448474356,0,Spatial_Background_Buffered,0,0,0,0,,,,,732.3,1147.1,0.2278,117496.82015143208,4824423.374337696,Cuarcitas; pizarras; areniscas; calizas y vulcanitas,PALEOZOICO,,NODATA_API_LIMIT,OBSERVED_IGME_1M
BG_0006,Background_Point_6,37.51737927976797,-5.77724208683654,0,Spatial_Background_Buffered,0,0,0,0,,,,,106951.5,107244.1,0.0,254551.2221260355,4155893.8333754186,Conglomerados; areniscas; arcillas; calizas y evaporitas; Vulcanitas basicas,CENOZOICO,,NODATA_API_LIMIT,OBSERVED_IGME_1M
BG_0007,Background_Point_7,40.152846313579,-4.660118059112373,0,Spatial_Background_Buffered,0,0,0,0,,,,,46901.3,43942.6,0.0,358605.906515607,4446042.966887402,Granitoides de emplazamiento epi-mesozonal,PALEOZOICO,ROCAS PLUTONICAS HERCINICAS,NODATA_API_LIMIT,OBSERVED_IGME_1M
BG_0008,Background_Point_8,37.20588551738236,-1.646857164643589,0,Spatial_Background_Buffered,0,0,0,0,,,,,13844.0,13891.6,0.0,620074.9605140225,4118569.7815542356,UNMAPPED_OR_NODATA,UNMAPPED_OR_NODATA,UNMAPPED_OR_NODATA,NODATA_API_LIMIT,NODATA_ERROR
BG_0009,Background_Point_9,38.938496109191234,-4.750061960542898,0,Spatial_Background_Buffered,0,0,0,0,,,,,879.6,1053.8,0.1789,348322.95125493547,4311407.566799638,Gneises; esquistos; marmoles y vulcanitas,PROTEROZOICO,,NODATA_API_LIMIT,OBSERVED_IGME_1M
BG_0010,Background_Point_10,42.158628142401405,-3.1493798633272676,0,Spatial_Background_Buffered,0,0,0,0,,,,,6188.0,245.9,0.0,487659.48658448056,4667399.567184062,Calizas; dolomias y margas; Conglomerados y areniscas,MESOZOICO,,NODATA_API_LIMIT,OBSERVED_IGME_1M
BG_0011,Background_Point_11,40.05270413656669,-5.6996315165288,0,Spatial_Background_Buffered,0,0,0,0,,,,,37371.1,32726.3,0.0,269722.7148346058,4437099.27265157,Granitoides de emplazamiento meso-catazonal,PALEOZOICO,ROCAS PLUTONICAS HERCINICAS,NODATA_API_LIMIT,OBSERVED_IGME_1M
BG_0012,Background_Point_12,43.33275083704883,-7.251875974333192,0,Spatial_Background_Buffered,0,0,0,0,,,,,1180.7,421.3,0.1304,155293.8540374876,4806552.706665333,Cuarcitas; pizarras; areniscas; calizas y vulcanitas,PALEOZOICO,,NODATA_API_LIMIT,OBSERVED_IGME_1M
BG_0013,Background_Point_13,42.2230321790783,2.0980761488910975,0,Spatial_Background_Buffered,0,0,0,0,,,,,111688.7,116421.0,0.0,920787.2281133755,4687137.745898992,Conglomerados; areniscas; arcillas y calizas; Evaporitas,CENOZOICO,,NODATA_API_LIMIT,OBSERVED_IGME_1M
BG_0014,Background_Point_14,36.882622006173335,-4.583088722762723,0,Spatial_Background_Buffered,0,0,0,0,,,,,179152.7,179380.9,0.0,358921.7037973651,4083021.2969054263,Conglomerados; areniscas; arcillas; calizas y evaporitas; Vulcanitas basicas,CENOZOICO,,NODATA_API_LIMIT,OBSERVED_IGME_1M
BG_0015,Background_Point_15,39.497619337190024,-0.888043498664079,0,Spatial_Background_Buffered,0,0,0,0,,,,,1012.7,1373.2,0.1795,681598.0725353333,4374129.619678661,Calizas; dolomias y margas; Conglomerados y areniscas,MESOZOICO,,NODATA_API_LIMIT,OBSERVED_IGME_1M
BG_0016,Background_Point_16,39.88643049669843,-6.464699807241098,0,Spatial_Background_Buffered,0,0,0,0,,,,,22571.4,22003.6,0.0,203732.499618062,4420900.373594579,Gneises; esquistos; marmoles y vulcanitas,PROTEROZOICO,,NODATA_API_LIMIT,OBSERVED_IGME_1M
BG_0017,Background_Point_17,43.01848767535843,-7.549885142272754,0,Spatial_Background_Buffered,0,0,0,0,,,,,701.9,313.2,0.1707,129230.24294793564,4772922.341766965,Gneises; esquistos; marmoles y vulcanitas,PROTEROZOICO,,NODATA_API_LIMIT,OBSERVED_IGME_1M
BG_0018,Background_Point_18,41.19965793073352,-5.147135365843843,0,Spatial_Background_Buffered,0,0,0,0,,,,,138783.0,126888.8,0.0,319962.9843600144,4563143.941700885,Conglomerados; areniscas; arcillas; calizas y evaporitas; Vulcanitas basicas,CENOZOICO,,NODATA_API_LIMIT,OBSERVED_IGME_1M
BG_0019,Background_Point_19,40.11800006748361,-4.584773229905523,0,Spatial_Background_Buffered,0,0,0,0,,,,,42939.0,41551.3,0.0,364954.4146759993,4442057.818001139,Granitoides de emplazamiento epi-mesozonal,PALEOZOICO,ROCAS PLUTONICAS HERCINICAS,NODATA_API_LIMIT,OBSERVED_IGME_1M
BG_0020,Background_Point_20,37.55888402379294,-2.2674045779786267,0,Spatial_Background_Buffered,0,0,0,0,,,,,31134.5,32670.6,0.0,564703.7374417877,4157126.287196698,Conglomerados; gravas; arenas y limos,CENOZOICO,,NODATA_API_LIMIT,OBSERVED_IGME_1M
BG_0021,Background_Point_21,41.9675816547952,2.118134573620306,0,Spatial_Background_Buffered,0,0,0,0,,,,,131950.7,125708.9,0.0,924146.9335998747,4658862.899856947,Conglomerados; areniscas; arcillas y calizas; Evaporitas,CENOZOICO,,NODATA_API_LIMIT,OBSERVED_IGME_1M
BG_0022,Background_Point_22,43.1973633222033,-1.668081661895193,0,Spatial_Background_Buffered,0,0,0,0,,,,,35923.0,31959.2,0.0,608214.9819894223,4783593.099769649,Conglomerados; areniscas; pizarras; calizas y vulcanitas; Carbon,PALEOZOICO,,NODATA_API_LIMIT,OBSERVED_IGME_1M
BG_0023,Background_Point_23,38.56369979195528,-7.149237403072938,0,Spatial_Background_Buffered,0,0,0,0,,,,,11322.7,5852.6,0.0,138443.19557395735,4276530.781148775,Cuarcitas; pizarras; areniscas; calizas y vulcanitas,PALEOZOICO,,NODATA_API_LIMIT,OBSERVED_IGME_1M
BG_0024,Background_Point_24,38.22110611514679,-3.795399688005959,0,Spatial_Background_Buffered,0,0,0,0,,,,,33203.2,33203.3,0.0,430375.6962360597,4230646.677007811,Conglomerados; areniscas; pizarras; calizas y vulcanitas; Carbon,PALEOZOICO,,NODATA_API_LIMIT,OBSERVED_IGME_1M
BG_0025,Background_Point_25,40.28658594036174,-4.896440095877014,0,Spatial_Background_Buffered,0,0,0,0,,,,,61822.2,59690.1,0.0,338794.33323427365,4461291.670684511,Granitoides de emplazamiento epi-mesozonal,PALEOZOICO,ROCAS PLUTONICAS HERCINICAS,NODATA_API_LIMIT,OBSERVED_IGME_1M
BG_0026,Background_Point_26,43.62648885490966,-7.17249294105014,0,Spatial_Background_Buffered,0,0,0,0,,,,,9235.0,7738.1,0.0,163368.04712780518,4838853.89611044,UNMAPPED_OR_NODATA,UNMAPPED_OR_NODATA,UNMAPPED_OR_NODATA,NODATA_API_LIMIT,NODATA_ERROR
BG_0027,Background_Point_27,42.29021413078383,-7.794528946683768,0,Spatial_Background_Buffered,0,0,0,0,,,,,70084.6,69949.1,0.0,104693.79955506204,4693142.214186609,Granitoides postcinematicos de emplazamiento epizonal,PALEOZOICO,ROCAS PLUTONICAS HERCINICAS,NODATA_API_LIMIT,OBSERVED_IGME_1M
BG_0028,Background_Point_28,41.7033557156652,-0.586309623957458,0,Spatial_Background_Buffered,0,0,0,0,,,,,59242.3,546.1,0.0,700828.7422704746,4619656.09283484,Conglomerados; gravas; arenas y limos,CENOZOICO,,NODATA_API_LIMIT,OBSERVED_IGME_1M
BG_0029,Background_Point_29,37.02776117770055,-4.0714933146983086,0,Spatial_Background_Buffered,0,0,0,0,,,,,163941.2,164079.9,0.0,404695.8692626317,4098488.7005963605,Conglomerados; areniscas; arcillas; calizas y evaporitas; Vulcanitas basicas,CENOZOICO,,NODATA_API_LIMIT,OBSERVED_IGME_1M
BG_0030,Background_Point_30,40.85138544753431,0.9577483955609798,0,Spatial_Background_Buffered,0,0,0,0,,,,,34264.7,32010.9,0.0,833637.9119942544,4529803.407803425,UNMAPPED_OR_NODATA,UNMAPPED_OR_NODATA,UNMAPPED_OR_NODATA,NODATA_API_LIMIT,NODATA_ERROR
BG_0031,Background_Point_31,40.99879363328933,-0.38232554892107157,0,Spatial_Background_Buffered,0,0,0,0,,,,,3736.4,1413.7,0.0224,720165.2515873545,4541923.850651931,Conglomerados; areniscas; arcillas y calizas; Evaporitas,CENOZOICO,,NODATA_API_LIMIT,OBSERVED_IGME_1M
BG_0032,Background_Point_32,41.55235066870498,-6.577186319149859,0,Spatial_Background_Buffered,0,0,0,0,,,,,156397.5,157048.8,0.0,201655.10904755644,4606258.069139546,Areniscas; pizarras y calizas,PALEOZOICO,,NODATA_API_LIMIT,OBSERVED_IGME_1M
BG_0033,Background_Point_33,40.40786244023767,-0.09309192711642907,0,Spatial_Background_Buffered,0,0,0,0,,,,,36495.0,35794.8,0.0,746667.2913243629,4477085.617934071,Calizas; dolomias y margas; Areniscas,MESOZOICO,,NODATA_API_LIMIT,OBSERVED_IGME_1M
BG_0034,Background_Point_34,39.88917964797086,-0.01393286239342967,0,Spatial_Background_Buffered,0,0,0,0,,,,,59044.5,53336.6,0.0,755322.1029613769,4419726.256909732,UNMAPPED_OR_NODATA,UNMAPPED_OR_NODATA,UNMAPPED_OR_NODATA,NODATA_API_LIMIT,NODATA_ERROR
BG_0035,Background_Point_35,39.419074414607564,-2.485089548045626,0,Spatial_Background_Buffered,0,0,0,0,,,,,9065.1,4094.7,0.0,544322.904974695,4363409.865604768,Conglomerados; areniscas; arcillas; calizas y evaporitas; Vulcanitas basicas,CENOZOICO,,NODATA_API_LIMIT,OBSERVED_IGME_1M
BG_0036,Background_Point_36,40.93441195804505,-7.433481943652054,0,Spatial_Background_Buffered,0,0,0,0,,,,,138726.2,137818.7,0.0,126714.80783372412,4540948.849574214,Granitoides postcinematicos de emplazamiento epizonal,PALEOZOICO,ROCAS PLUTONICAS HERCINICAS,NODATA_API_LIMIT,OBSERVED_IGME_1M
BG_0037,Background_Point_37,40.030341381296466,-4.556394662705547,0,Spatial_Background_Buffered,0,0,0,0,,,,,33498.7,31732.3,0.0,367202.5839148777,4432285.087489997,Conglomerados; areniscas; arcillas; calizas y evaporitas; Vulcanitas basicas,CENOZOICO,,NODATA_API_LIMIT,OBSERVED_IGME_1M
BG_0038,Background_Point_38,41.93027034088383,-3.617243487391272,0,Spatial_Background_Buffered,0,0,0,0,,,,,47615.9,1050.6,0.0,448825.48458028527,4642218.467761591,Conglomerados; areniscas; arcillas; calizas y evaporitas; Vulcanitas basicas,CENOZOICO,,NODATA_API_LIMIT,OBSERVED_IGME_1M
BG_0039,Background_Point_39,36.712367015844656,-5.30103507377794,0,Spatial_Background_Buffered,0,0,0,0,,,,,194680.6,195165.4,0.0,294478.44066787907,4065432.923354474,Calizas; dolomias y margas; Areniscas,MESOZOICO,,NODATA_API_LIMIT,OBSERVED_IGME_1M
BG_0040,Background_Point_40,37.367347096896076,-4.735873599242724,0,Spatial_Background_Buffered,0,0,0,0,,,,,127538.1,124780.5,0.0,346288.73497670284,4137038.0941659035,Conglomerados; areniscas; arcillas; calizas y evaporitas; Vulcanitas basicas,CENOZOICO,,NODATA_API_LIMIT,OBSERVED_IGME_1M
BG_0041,Background_Point_41,42.23675635838092,1.7291266263857132,0,Spatial_Background_Buffered,0,0,0,0,,,,,88079.2,86509.7,0.0,890243.004491187,4686902.322629754,Calizas; dolomias y margas; Areniscas,MESOZOICO,,NODATA_API_LIMIT,OBSERVED_IGME_1M
BG_0042,Background_Point_42,42.80672440222405,-1.3074128027246845,0,Spatial_Background_Buffered,0,0,0,0,,,,,11113.9,11929.4,0.0,638393.19303386,4740741.50165956,Conglomerados; areniscas; arcillas y calizas; Evaporitas,CENOZOICO,,NODATA_API_LIMIT,OBSERVED_IGME_1M
BG_0043,Background_Point_43,36.97908237543189,-4.45721923575463,0,Spatial_Background_Buffered,0,0,0,0,,,,,168039.0,168719.7,0.0,370302.9537260843,4093544.1358485254,Turbiditas calcareas,CENOZOICO,,NODATA_API_LIMIT,OBSERVED_IGME_1M
BG_0044,Background_Point_44,39.39223613281167,-5.395068927602796,0,Spatial_Background_Buffered,0,0,0,0,,,,,8870.5,1582.7,0.0,293744.88816065044,4363041.620332317,Gneises; esquistos; marmoles y vulcanitas,PROTEROZOICO,,NODATA_API_LIMIT,OBSERVED_IGME_1M
BG_0045,Background_Point_45,39.96553127979871,-7.613625187066257,0,Spatial_Background_Buffered,0,0,0,0,,,,,37679.5,33708.9,0.0,105909.3109515121,4434135.207190931,Gneises; esquistos; marmoles y vulcanitas,PROTEROZOICO,,NODATA_API_LIMIT,OBSERVED_IGME_1M
BG_0046,Background_Point_46,37.845447322251516,-3.513751362808301,0,Spatial_Background_Buffered,0,0,0,0,,,,,80786.7,80916.8,0.0,454799.35267646215,4188791.6389001207,Conglomerados; areniscas; arcillas; calizas y evaporitas; Vulcanitas basicas,CENOZOICO,,NODATA_API_LIMIT,OBSERVED_IGME_1M
BG_0047,Background_Point_47,38.68117469304846,-6.426978192366989,0,Spatial_Background_Buffered,0,0,0,0,,,,,185.8,1194.3,0.0868,201885.5622336304,4286972.895693084,Granitoides de emplazamiento meso-catazonal,PALEOZOICO,ROCAS PLUTONICAS PREHERCINICAS,NODATA_API_LIMIT,OBSERVED_IGME_1M
BG_0048,Background_Point_48,41.528692907635765,-2.5088820510460064,0,Spatial_Background_Buffered,0,0,0,0,,,,,19714.8,5553.7,0.0,540972.0284818611,4597566.115060901,Conglomerados; gravas; arenas y limos,CENOZOICO,,NODATA_API_LIMIT,OBSERVED_IGME_1M
BG_0049,Background_Point_49,38.449722917917974,-2.740297799582599,0,Spatial_Background_Buffered,0,0,0,0,,,,,75817.1,36596.9,0.0,522661.23000852764,4255746.563344254,Conglomerados; areniscas; calizas; yesos y arcillas versicolores,MESOZOICO,,NODATA_API_LIMIT,OBSERVED_IGME_1M
BG_0050,Background_Point_50,39.987415587951446,-1.6163730433434718,0,Spatial_Background_Buffered,0,0,0,0,,,,,19397.1,795.1,0.0,618129.6838829124,4427277.169744533,Conglomerados; areniscas; calizas; yesos y arcillas versicolores,MESOZOICO,,NODATA_API_LIMIT,OBSERVED_IGME_1M
BG_0051,Background_Point_51,38.20913209041222,-7.0683347789943625,0,Spatial_Background_Buffered,0,0,0,0,,,,,25460.2,26409.2,0.0,143756.93856249095,4236849.494601119,Cuarcitas; pizarras; areniscas; calizas y vulcanitas,PALEOZOICO,,NODATA_API_LIMIT,OBSERVED_IGME_1M
BG_0052,Background_Point_52,39.84922462931608,-6.235791944207078,0,Spatial_Background_Buffered,0,0,0,0,,,,,22064.3,14315.1,0.0,223160.64127753963,4416034.846235929,Cuarcitas; pizarras; areniscas; calizas y vulcanitas,PALEOZOICO,,NODATA_API_LIMIT,OBSERVED_IGME_1M
BG_0053,Background_Point_53,41.95977263601015,-0.9327657665705913,0,Spatial_Background_Buffered,0,0,0,0,,,,,51943.0,2732.0,0.0,671315.2152949967,4647376.67302941,Conglomerados; areniscas; arcillas; calizas y evaporitas; Vulcanitas basicas,CENOZOICO,,NODATA_API_LIMIT,OBSERVED_IGME_1M
BG_0054,Background_Point_54,41.69801321149306,-5.379595122399843,0,Spatial_Background_Buffered,0,0,0,0,,,,,143744.6,127102.3,0.0,301991.9123935397,4618983.89632008,Conglomerados; gravas; arenas y limos,CENOZOICO,,NODATA_API_LIMIT,OBSERVED_IGME_1M
BG_0055,Background_Point_55,40.98363512443666,-4.038768885704081,0,Spatial_Background_Buffered,0,0,0,0,,,,,42671.3,49279.5,0.0,412615.66281136527,4537459.956004542,Granitoides de emplazamiento meso-catazonal,PROTEROZOICO,ROCAS PLUTONICAS PREHERCINICAS,NODATA_API_LIMIT,OBSERVED_IGME_1M
BG_0056,Background_Point_56,40.23767287249308,-1.3718291352207659,0,Spatial_Background_Buffered,0,0,0,0,,,,,28724.5,1486.9,0.0,638500.2541467604,4455408.481463545,Calizas; dolomias y margas; Conglomerados y areniscas,MESOZOICO,,NODATA_API_LIMIT,OBSERVED_IGME_1M
BG_0057,Background_Point_57,42.47493934358216,-6.932301766364866,0,Spatial_Background_Buffered,0,0,0,0,,,,,53000.1,53676.3,0.0,176746.30454624706,4710007.121250852,Cuarcitas; pizarras; areniscas; calizas y vulcanitas,PALEOZOICO,,NODATA_API_LIMIT,OBSERVED_IGME_1M
BG_0058,Background_Point_58,37.56510057842937,-4.441838217366906,0,Spatial_Background_Buffered,0,0,0,0,,,,,103011.0,103735.0,0.0,372663.05522597546,4158540.733839876,Conglomerados; areniscas; arcillas; calizas y evaporitas; Vulcanitas basicas,CENOZOICO,,NODATA_API_LIMIT,OBSERVED_IGME_1M
BG_0059,Background_Point_59,40.59045266384508,-7.316802951245002,0,Spatial_Background_Buffered,0,0,0,0,,,,,100413.0,99167.4,0.0,134658.87032154933,4502259.001710005,Granitoides de emplazamiento epi-mesozonal,PALEOZOICO,ROCAS PLUTONICAS HERCINICAS,NODATA_API_LIMIT,OBSERVED_IGME_1M
BG_0060,Background_Point_60,37.87950128831753,-2.5988320497803192,0,Spatial_Background_Buffered,0,0,0,0,,,,,64847.1,52921.9,0.0,535279.0995543888,4192521.408918247,Conglomerados; gravas; arenas y limos,CENOZOICO,,NODATA_API_LIMIT,OBSERVED_IGME_1M
BG_0061,Background_Point_61,37.46888376797783,-1.321872943170051,0,Spatial_Background_Buffered,0,0,0,0,,,,,31427.3,24466.6,0.0,648396.8718480323,4148211.4646542426,UNMAPPED_OR_NODATA,UNMAPPED_OR_NODATA,UNMAPPED_OR_NODATA,NODATA_API_LIMIT,NODATA_ERROR
BG_0062,Background_Point_62,39.08755514539879,-0.8344454775672149,0,Spatial_Background_Buffered,0,0,0,0,,,,,1028.7,1075.8,0.4855,687297.077387096,4328725.044355457,Calizas; dolomias y margas; Areniscas,MESOZOICO,,NODATA_API_LIMIT,OBSERVED_IGME_1M
BG_0063,Background_Point_63,37.00779253439395,-4.237439034967265,0,Spatial_Background_Buffered,0,0,0,0,,,,,165241.9,165390.5,0.0,389906.39839271974,4096452.493054501,Calizas; dolomias y margas; Conglomerados y areniscas,MESOZOICO,,NODATA_API_LIMIT,OBSERVED_IGME_1M
BG_0064,Background_Point_64,41.18007832893221,-5.1549909526399205,0,Spatial_Background_Buffered,0,0,0,0,,,,,138878.0,128615.0,0.0,319250.3835578823,4560986.439129053,Conglomerados; areniscas; arcillas; calizas y evaporitas; Vulcanitas basicas,CENOZOICO,,NODATA_API_LIMIT,OBSERVED_IGME_1M
BG_0065,Background_Point_65,40.345832829499706,0.4689513723948261,0,Spatial_Background_Buffered,0,0,0,0,,,,,48195.9,45879.3,0.0,794638.8701710334,4471920.689859543,UNMAPPED_OR_NODATA,UNMAPPED_OR_NODATA,UNMAPPED_OR_NODATA,NODATA_API_LIMIT,NODATA_ERROR
BG_0066,Background_Point_66,37.996441845152944,-2.4282244864319265,0,Spatial_Background_Buffered,0,0,0,0,,,,,53789.3,39014.7,0.0,550202.9916026054,4205574.447265384,Turbiditas calcareas,CENOZOICO,,NODATA_API_LIMIT,OBSERVED_IGME_1M
BG_0067,Background_Point_67,42.03838047312478,1.2768922244081,0,Spatial_Background_Buffered,0,0,0,0,,,,,65488.9,55570.3,0.0,854023.4606253497,4662894.213978981,Conglomerados; areniscas; arcillas y calizas; Evaporitas,CENOZOICO,,NODATA_API_LIMIT,OBSERVED_IGME_1M
BG_0068,Background_Point_68,42.98127992203514,-6.220847456910699,0,Spatial_Background_Buffered,0,0,0,0,,,,,1297.7,9816.0,0.1332,237384.4069804217,4763771.060248017,Conglomerados; areniscas; pizarras; calizas y vulcanitas; Carbon,PALEOZOICO,,NODATA_API_LIMIT,OBSERVED_IGME_1M
BG_0069,Background_Point_69,41.16641951703117,-6.73966463007578,0,Spatial_Background_Buffered,0,0,0,0,,,,,165312.8,165534.0,0.0,186250.8114361273,4563976.503741847,Granitoides de emplazamiento meso-catazonal,PALEOZOICO,ROCAS PLUTONICAS HERCINICAS,NODATA_API_LIMIT,OBSERVED_IGME_1M
BG_0070,Background_Point_70,37.29265340991076,-7.463196029901776,0,Spatial_Background_Buffered,0,0,0,0,,,,,127653.0,126729.1,0.0,104302.34626928589,4136686.8437048737,Conglomerados; areniscas; pizarras; calizas y vulcanitas; Carbon,PALEOZOICO,,NODATA_API_LIMIT,OBSERVED_IGME_1M
BG_0071,Background_Point_71,41.44182624533901,-2.2048658654225406,0,Spatial_Background_Buffered,0,0,0,0,,,,,15017.9,3397.7,0.0,566423.7209615982,4588110.918038789,Conglomerados; areniscas; arcillas; calizas y evaporitas; Vulcanitas basicas,CENOZOICO,,NODATA_API_LIMIT,OBSERVED_IGME_1M
BG_0072,Background_Point_72,37.85008728084272,-1.2476868219259403,0,Spatial_Background_Buffered,0,0,0,0,,,,,6471.7,1916.3,0.0,654167.0705772104,4190628.9130414757,Rocas sedimentarias (Beticas; zonas internas),PALEOZOICO-MESOZOICO,BLOQUE DE ALBORAN,NODATA_API_LIMIT,OBSERVED_IGME_1M
BG_0073,Background_Point_73,37.93935340055341,-0.6631468493550412,0,Spatial_Background_Buffered,0,0,0,0,,,,,3209.3,3840.7,0.0201,705352.3381454055,4201661.72437228,UNMAPPED_OR_NODATA,UNMAPPED_OR_NODATA,UNMAPPED_OR_NODATA,NODATA_API_LIMIT,NODATA_ERROR
BG_0074,Background_Point_74,41.85294660721202,-4.486708206898515,0,Spatial_Background_Buffered,0,0,0,0,,,,,99555.1,52460.7,0.0,376589.74343537755,4634517.694350321,Conglomerados; areniscas; arcillas; calizas y evaporitas; Vulcanitas basicas,CENOZOICO,,NODATA_API_LIMIT,OBSERVED_IGME_1M
BG_0075,Background_Point_75,42.633977611030815,-1.1438613563312536,0,Spatial_Background_Buffered,0,0,0,0,,,,,15037.2,8674.4,0.0,652187.9641901325,4721839.898920052,Conglomerados; areniscas; arcillas y calizas; Evaporitas,CENOZOICO,,NODATA_API_LIMIT,OBSERVED_IGME_1M
BG_0076,Background_Point_76,40.48304487421452,-1.1244045460218324,0,Spatial_Background_Buffered,0,0,0,0,,,,,37423.4,26388.9,0.0,658970.9584552918,4483062.312835151,Conglomerados; areniscas; arcillas; calizas y evaporitas; Vulcanitas basicas,CENOZOICO,,NODATA_API_LIMIT,OBSERVED_IGME_1M
BG_0077,Background_Point_77,38.903491227544585,-6.694289649405972,0,Spatial_Background_Buffered,0,0,0,0,,,,,21332.0,15686.9,0.0,179623.5526538786,4312558.432600519,Conglomerados; gravas; arenas y limos,CENOZOICO,,NODATA_API_LIMIT,OBSERVED_IGME_1M
BG_0078,Background_Point_78,37.997395134566446,-4.988252392173034,0,Spatial_Background_Buffered,0,0,0,0,,,,,63535.5,55451.1,0.0,325422.01252946665,4207391.196872221,Conglomerados; areniscas; pizarras; calizas y vulcanitas; Carbon,PALEOZOICO,,NODATA_API_LIMIT,OBSERVED_IGME_1M
BG_0079,Background_Point_79,40.90088415762504,1.252680569608247,0,Spatial_Background_Buffered,0,0,0,0,,,,,57484.7,53642.0,0.0,858239.5719005463,4536467.832097674,UNMAPPED_OR_NODATA,UNMAPPED_OR_NODATA,UNMAPPED_OR_NODATA,NODATA_API_LIMIT,NODATA_ERROR
BG_0080,Background_Point_80,39.91303482531223,-1.9426744114965224,0,Spatial_Background_Buffered,0,0,0,0,,,,,5821.7,5289.8,0.0,590368.3019324052,4418640.039746034,Calizas; dolomias y margas; Areniscas,MESOZOICO,,NODATA_API_LIMIT,OBSERVED_IGME_1M
BG_0081,Background_Point_81,41.64415683787487,-5.81027356267763,0,Spatial_Background_Buffered,0,0,0,0,,,,,148866.4,148866.4,0.0,265956.53962833784,4614084.29797228,Conglomerados; areniscas; arcillas y calizas; Evaporitas,CENOZOICO,,NODATA_API_LIMIT,OBSERVED_IGME_1M
BG_0082,Background_Point_82,37.48985924644391,-1.3185242083848352,0,Spatial_Background_Buffered,0,0,0,0,,,,,32366.2,25396.1,0.0,648651.4515210927,4150544.0774959917,UNMAPPED_OR_NODATA,UNMAPPED_OR_NODATA,UNMAPPED_OR_NODATA,NODATA_API_LIMIT,NODATA_ERROR
BG_0083,Background_Point_83,43.15539158873591,-7.757936694551934,0,Spatial_Background_Buffered,0,0,0,0,,,,,770.8,2255.3,0.3325,113138.12404953732,4789070.7781995665,Cuarcitas; pizarras; areniscas; calizas y vulcanitas,PALEOZOICO,,NODATA_API_LIMIT,OBSERVED_IGME_1M
BG_0084,Background_Point_84,39.08227730907516,-4.730966956945256,0,Spatial_Background_Buffered,0,0,0,0,,,,,3801.6,5013.0,0.0203,350281.5582591478,4327333.0693116365,Cuarcitas; pizarras; areniscas; calizas y vulcanitas,PALEOZOICO,,NODATA_API_LIMIT,OBSERVED_IGME_1M
BG_0085,Background_Point_85,40.370839138714885,-6.014411734592362,0,Spatial_Background_Buffered,0,0,0,0,,,,,77930.5,70963.9,0.0,244068.8346831786,4473281.073089598,Cuarcitas; pizarras; areniscas; calizas y vulcanitas,PROTEROZOICO-PALEOZOICO,,NODATA_API_LIMIT,OBSERVED_IGME_1M
BG_0086,Background_Point_86,41.37881077127023,1.731917201318755,0,Spatial_Background_Buffered,0,0,0,0,,,,,108137.8,95178.8,0.0,895731.5580366638,4591625.327173727,Conglomerados; gravas; arenas y limos,CENOZOICO,,NODATA_API_LIMIT,OBSERVED_IGME_1M
BG_0087,Background_Point_87,36.88558241043151,-2.051154140270923,0,Spatial_Background_Buffered,0,0,0,0,,,,,22317.6,17815.7,0.0,584551.9945759602,4082600.019705153,Conglomerados; areniscas; arcillas; calizas y evaporitas; Vulcanitas basicas,CENOZOICO,,NODATA_API_LIMIT,OBSERVED_IGME_1M
BG_0088,Background_Point_88,40.0686676024223,-6.294103042402795,0,Spatial_Background_Buffered,0,0,0,0,,,,,46561.2,39075.7,0.0,219071.41295104544,4440580.204509176,Conglomerados; gravas; arenas y limos,CENOZOICO,,NODATA_API_LIMIT,OBSERVED_IGME_1M
BG_0089,Background_Point_89,41.74344911841297,1.1579625835907612,0,Spatial_Background_Buffered,0,0,0,0,,,,,62501.0,45462.2,0.0,845767.1111387621,4629653.325091073,Conglomerados; areniscas; arcillas y calizas; Evaporitas,CENOZOICO,,NODATA_API_LIMIT,OBSERVED_IGME_1M
BG_0090,Background_Point_90,41.50252226898338,-0.6940087060068694,0,Spatial_Background_Buffered,0,0,0,0,,,,,45006.6,6381.5,0.0,692463.3798459778,4597111.471389043,Conglomerados; areniscas; arcillas; calizas y evaporitas; Vulcanitas basicas,CENOZOICO,,NODATA_API_LIMIT,OBSERVED_IGME_1M
BG_0091,Background_Point_91,38.389206033808385,-4.081298978162486,0,Spatial_Background_Buffered,0,0,0,0,,,,,19835.2,20412.2,0.0,405567.47853679187,4249553.067624819,Cuarcitas; pizarras; areniscas; calizas y vulcanitas,PALEOZOICO,,NODATA_API_LIMIT,OBSERVED_IGME_1M
BG_0092,Background_Point_92,42.296394700840104,0.4930518685403867,0,Spatial_Background_Buffered,0,0,0,0,,,,,14124.6,16893.1,0.0,787956.9821567365,4688596.3854773035,Conglomerados; areniscas; arcillas y calizas; Evaporitas,CENOZOICO,,NODATA_API_LIMIT,OBSERVED_IGME_1M
BG_0093,Background_Point_93,39.98606012868468,-2.594258806662145,0,Spatial_Background_Buffered,0,0,0,0,,,,,10302.4,6512.4,0.0,534641.0390317971,4426288.85048412,Conglomerados; gravas; arenas y limos,CENOZOICO,,NODATA_API_LIMIT,OBSERVED_IGME_1M
BG_0094,Background_Point_94,41.075789751933186,0.31562413046752097,0,Spatial_Background_Buffered,0,0,0,0,,,,,12531.2,11951.1,0.0,778550.9021217589,4552469.3411611,Conglomerados; areniscas; arcillas y calizas; Evaporitas,CENOZOICO,,NODATA_API_LIMIT,OBSERVED_IGME_1M
BG_0095,Background_Point_95,42.21524565834673,-0.6172623891603328,0,Spatial_Background_Buffered,0,0,0,0,,,,,31619.1,11577.9,0.0,696671.8456690478,4676423.769020686,Conglomerados; gravas; arenas y limos,CENOZOICO,,NODATA_API_LIMIT,OBSERVED_IGME_1M
BG_0096,Background_Point_96,36.86144005767098,-3.9059459646318517,0,Spatial_Background_Buffered,0,0,0,0,,,,,180207.9,172563.2,0.0,419245.5097439524,4079884.6488647386,Conglomerados; areniscas; arcillas; calizas y evaporitas; Vulcanitas basicas,CENOZOICO,,NODATA_API_LIMIT,OBSERVED_IGME_1M
BG_0097,Background_Point_97,40.30172614565398,-3.0499122638755742,0,Spatial_Background_Buffered,0,0,0,0,,,,,24462.3,13894.1,0.0,495758.31541259115,4461247.93950144,Conglomerados; areniscas; arcillas; calizas y evaporitas; Vulcanitas basicas,CENOZOICO,,NODATA_API_LIMIT,OBSERVED_IGME_1M
BG_0098,Background_Point_98,40.65591989307401,-4.850492612531623,0,Spatial_Background_Buffered,0,0,0,0,,,,,102703.0,99675.8,0.0,343560.0643090417,4502208.271483659,Granitoides postcinematicos de emplazamiento epizonal,PALEOZOICO,ROCAS PLUTONICAS HERCINICAS,NODATA_API_LIMIT,OBSERVED_IGME_1M
BG_0099,Background_Point_99,40.09482381604331,-6.425192844805621,0,Spatial_Background_Buffered,0,0,0,0,,,,,45938.1,44264.7,0.0,208001.43575410207,4443906.771046584,Gneises; esquistos; marmoles y vulcanitas,PROTEROZOICO,,NODATA_API_LIMIT,OBSERVED_IGME_1M
BG_0100,Background_Point_100,40.139779631909306,-7.179316419550534,0,Spatial_Background_Buffered,0,0,0,0,,,,,52596.6,50276.2,0.0,143929.46299331653,4451651.436832925,Granitoides de emplazamiento epi-mesozonal,PALEOZOICO,ROCAS PLUTONICAS HERCINICAS,NODATA_API_LIMIT,OBSERVED_IGME_1M
BG_0101,Background_Point_101,41.02537442733303,-2.2917787804558714,0,Spatial_Background_Buffered,0,0,0,0,,,,,372.2,374.0,0.2442,559539.8533685906,4541815.416273476,Conglomerados; areniscas; calizas; yesos y arcillas versicolores,MESOZOICO,,NODATA_API_LIMIT,OBSERVED_IGME_1M
BG_0102,Background_Point_102,38.61828408081587,-2.553671007058839,0,Spatial_Background_Buffered,0,0,0,0,,,,,69577.0,37744.4,0.0,538855.296056016,4274513.002000059,Conglomerados; areniscas; calizas; yesos y arcillas versicolores,MESOZOICO,,NODATA_API_LIMIT,OBSERVED_IGME_1M
BG_0103,Background_Point_103,36.745547077684016,-3.3010390103632306,0,Spatial_Background_Buffered,0,0,0,0,,,,,129583.3,123036.8,0.0,473125.7075997907,4066687.924140926,Rocas metamorficas,PALEOZOICO-MESOZOICO,BLOQUE DE ALBORAN,NODATA_API_LIMIT,OBSERVED_IGME_1M
BG_0104,Background_Point_104,43.421528295509816,-7.67490129279699,0,Spatial_Background_Buffered,0,0,0,0,,,,,1399.8,2844.6,0.3728,121548.13190313888,4818251.152476236,Cuarcitas; pizarras; areniscas; calizas y vulcanitas,PROTEROZOICO-PALEOZOICO,,NODATA_API_LIMIT,OBSERVED_IGME_1M
BG_0105,Background_Point_105,41.41574486891793,0.7160752462495559,0,Spatial_Background_Buffered,0,0,0,0,,,,,44165.6,15815.0,0.0,810583.102435375,4591578.075179643,Conglomerados; areniscas; arcillas y calizas; Evaporitas,CENOZOICO,,NODATA_API_LIMIT,OBSERVED_IGME_1M
BG_0106,Background_Point_106,37.471102440726874,-3.5924825575636197,0,Spatial_Background_Buffered,0,0,0,0,,,,,118237.8,118284.6,0.0,447610.0027521294,4147300.172060219,Conglomerados; areniscas; arcillas; calizas y evaporitas; Vulcanitas basicas,CENOZOICO,,NODATA_API_LIMIT,OBSERVED_IGME_1M
BG_0107,Background_Point_107,38.02273658968524,-6.0420112304720055,0,Spatial_Background_Buffered,0,0,0,0,,,,,47935.8,47935.8,0.0,232971.48627042313,4212706.463439906,Gneises; esquistos; marmoles y vulcanitas,PROTEROZOICO,,NODATA_API_LIMIT,OBSERVED_IGME_1M
BG_0108,Background_Point_108,41.61557795752336,-2.197707016445327,0,Spatial_Background_Buffered,0,0,0,0,,,,,5677.5,5102.4,0.0,566842.6650002024,4607406.534295053,Conglomerados; areniscas; arcillas y calizas; Evaporitas,CENOZOICO,,NODATA_API_LIMIT,OBSERVED_IGME_1M
BG_0109,Background_Point_109,38.27509669912721,-1.1574905502428237,0,Spatial_Background_Buffered,0,0,0,0,,,,,1082.8,201.5,0.1742,661167.7702100716,4237943.812404051,Conglomerados; areniscas; calizas; yesos y arcillas versicolores,MESOZOICO,,NODATA_API_LIMIT,OBSERVED_IGME_1M
BG_0110,Background_Point_110,41.69020022199162,1.9457508773299828,0,Spatial_Background_Buffered,0,0,0,0,,,,,125955.7,109336.7,0.0,911635.488563715,4627212.379191403,Conglomerados; areniscas; arcillas y calizas; Evaporitas,CENOZOICO,,NODATA_API_LIMIT,OBSERVED_IGME_1M
BG_0111,Background_Point_111,40.82760258854818,-2.1555938555719845,0,Spatial_Background_Buffered,0,0,0,0,,,,,1477.4,186.8,0.1252,571200.9446346906,4519962.634299199,Calizas; dolomias y margas; Conglomerados y areniscas,MESOZOICO,,NODATA_API_LIMIT,OBSERVED_IGME_1M
BG_0112,Background_Point_112,38.04183055518837,-3.4939154879408894,0,Spatial_Background_Buffered,0,0,0,0,,,,,62371.8,62638.5,0.0,456660.0530636214,4210571.341075984,Conglomerados; areniscas; arcillas; calizas y evaporitas; Vulcanitas basicas,CENOZOICO,,NODATA_API_LIMIT,OBSERVED_IGME_1M
BG_0113,Background_Point_113,41.943483256039414,-4.17531025544687,0,Spatial_Background_Buffered,0,0,0,0,,,,,75539.1,30329.6,0.0,402576.77685357234,4644169.193894714,Conglomerados; areniscas; arcillas; calizas y evaporitas; Vulcanitas basicas,CENOZOICO,,NODATA_API_LIMIT,OBSERVED_IGME_1M
BG_0114,Background_Point_114,41.46787228077639,0.9172943713084476,0,Spatial_Background_Buffered,0,0,0,0,,,,,57942.3,28603.4,0.0,827141.4964093561,4598109.18047302,Conglomerados; areniscas; arcillas y calizas; Evaporitas,CENOZOICO,,NODATA_API_LIMIT,OBSERVED_IGME_1M
BG_0115,Background_Point_115,36.89440511070649,-2.965793598019253,0,Spatial_Background_Buffered,0,0,0,0,,,,,96767.5,89667.3,0.0,503047.7547242264,4083159.036553351,Conglomerados; areniscas; arcillas; calizas y evaporitas; Vulcanitas basicas,CENOZOICO,,NODATA_API_LIMIT,OBSERVED_IGME_1M
BG_0116,Background_Point_116,39.77180387563104,-2.7913028185517885,0,Spatial_Background_Buffered,0,0,0,0,,,,,2365.5,42.5,0.299,517873.49384930753,4402451.0051634805,Calizas; dolomias y margas; Areniscas,MESOZOICO,,NODATA_API_LIMIT,OBSERVED_IGME_1M
BG_0117,Background_Point_117,39.43145231156692,-5.93686723776121,0,Spatial_Background_Buffered,0,0,0,0,,,,,7539.0,13567.8,0.0,247221.5894235129,4368773.901852277,Gneises; esquistos; marmoles y vulcanitas,PROTEROZOICO,,NODATA_API_LIMIT,OBSERVED_IGME_1M
BG_0118,Background_Point_118,40.860021155353,-3.726997064621431,0,Spatial_Background_Buffered,0,0,0,0,,,,,14416.4,28752.7,0.0,438729.02423776744,4523472.583344384,Granitoides postcinematicos de emplazamiento epizonal,PALEOZOICO,ROCAS PLUTONICAS HERCINICAS,NODATA_API_LIMIT,OBSERVED_IGME_1M
BG_0119,Background_Point_119,40.93488657928848,-3.969049752761997,0,Spatial_Background_Buffered,0,0,0,0,,,,,35601.4,45366.4,0.0,418420.7224325005,4531980.928357101,Granitoides de emplazamiento meso-catazonal,PROTEROZOICO,ROCAS PLUTONICAS PREHERCINICAS,NODATA_API_LIMIT,OBSERVED_IGME_1M
BG_0120,Background_Point_120,42.704141383269864,-2.6621932702371573,0,Spatial_Background_Buffered,0,0,0,0,,,,,10651.0,3739.5,0.0,527665.8197930746,4728016.365010074,Conglomerados; areniscas; arcillas y calizas; Evaporitas,CENOZOICO,,NODATA_API_LIMIT,OBSERVED_IGME_1M
BG_0121,Background_Point_121,37.37942184542942,-1.1940705943845027,0,Spatial_Background_Buffered,0,0,0,0,,,,,41812.3,35318.9,0.0,659889.5868761033,4138494.2630192153,UNMAPPED_OR_NODATA,UNMAPPED_OR_NODATA,UNMAPPED_OR_NODATA,NODATA_API_LIMIT,NODATA_ERROR
BG_0122,Background_Point_122,40.99481510912456,-7.042140389620955,0,Spatial_Background_Buffered,0,0,0,0,,,,,147804.2,145871.9,0.0,159983.43529036536,4546056.386475368,Cuarcitas; pizarras; areniscas; calizas y vulcanitas,PROTEROZOICO-PALEOZOICO,,NODATA_API_LIMIT,OBSERVED_IGME_1M
BG_0123,Background_Point_123,40.545947465283824,-7.457057539895434,0,Spatial_Background_Buffered,0,0,0,0,,,,,95745.3,95050.1,0.0,122534.61396037854,4497909.244082443,Granitoides de emplazamiento meso-catazonal,PALEOZOICO,ROCAS PLUTONICAS HERCINICAS,NODATA_API_LIMIT,OBSERVED_IGME_1M
BG_0124,Background_Point_124,41.06939004538842,-3.8338590015800147,0,Spatial_Background_Buffered,0,0,0,0,,,,,31807.5,30713.2,0.0,429944.43727554363,4546794.985676,Granitoides de emplazamiento meso-catazonal,PROTEROZOICO,ROCAS PLUTONICAS PREHERCINICAS,NODATA_API_LIMIT,OBSERVED_IGME_1M
BG_0125,Background_Point_125,40.32443158775935,-3.1234197104409707,0,Spatial_Background_Buffered,0,0,0,0,,,,,30322.3,16309.6,0.0,489514.9569177891,4463774.270918544,Conglomerados; areniscas; arcillas; calizas y evaporitas; Vulcanitas basicas,CENOZOICO,,NODATA_API_LIMIT,OBSERVED_IGME_1M
BG_0126,Background_Point_126,36.6475651865807,-5.6128988678499425,0,Spatial_Background_Buffered,0,0,0,0,,,,,202266.0,202290.5,0.0,266422.46457090194,4058957.1057438906,Turbiditas calcareas,CENOZOICO,,NODATA_API_LIMIT,OBSERVED_IGME_1M
BG_0127,Background_Point_127,41.31309916271591,-6.819402410064724,0,Spatial_Background_Buffered,0,0,0,0,,,,,182186.8,182567.7,0.0,180276.51664253912,4580555.757403904,Cuarcitas; pizarras; areniscas; calizas y vulcanitas,PALEOZOICO,,NODATA_API_LIMIT,OBSERVED_IGME_1M
BG_0128,Background_Point_128,38.52383213217762,-6.893930637809106,0,Spatial_Background_Buffered,0,0,0,0,,,,,603.8,388.6,0.1898,160510.35119119464,4271129.285749697,Granitoides de emplazamiento meso-catazonal,PALEOZOICO,ROCAS PLUTONICAS PREHERCINICAS,NODATA_API_LIMIT,OBSERVED_IGME_1M
BG_0129,Background_Point_129,41.42575697423744,-6.584757715589904,0,Spatial_Background_Buffered,0,0,0,0,,,,,170429.5,171087.6,0.0,200440.10347840784,4592226.590559528,Areniscas; pizarras y calizas,PALEOZOICO,,NODATA_API_LIMIT,OBSERVED_IGME_1M
BG_0130,Background_Point_130,42.85339610791676,-1.3525468570276793,0,Spatial_Background_Buffered,0,0,0,0,,,,,11920.4,13989.4,0.0,634601.4197629014,4745851.211497995,Conglomerados; areniscas; arcillas y calizas; Evaporitas,CENOZOICO,,NODATA_API_LIMIT,OBSERVED_IGME_1M
BG_0131,Background_Point_131,42.26645088473842,-0.2741746447069002,0,Spatial_Background_Buffered,0,0,0,0,,,,,17187.6,14316.1,0.0,724810.3872333029,4682958.790827122,Conglomerados; areniscas; arcillas y calizas; Evaporitas,CENOZOICO,,NODATA_API_LIMIT,OBSERVED_IGME_1M
BG_0132,Background_Point_132,37.49043423632437,-4.81290916581605,0,Spatial_Background_Buffered,0,0,0,0,,,,,115111.8,111071.1,0.0,339729.3866856105,4150823.6122127646,Conglomerados; areniscas; arcillas; calizas y evaporitas; Vulcanitas basicas,CENOZOICO,,NODATA_API_LIMIT,OBSERVED_IGME_1M
BG_0133,Background_Point_133,42.288175138277495,-0.11299780159860763,0,Spatial_Background_Buffered,0,0,0,0,,,,,12082.9,939.7,0.0,738022.5388947296,4685809.528377174,Turbiditas calcareas,CENOZOICO,,NODATA_API_LIMIT,OBSERVED_IGME_1M
BG_0134,Background_Point_134,42.08716856898502,-4.013054643636453,0,Spatial_Background_Buffered,0,0,0,0,,,,,54822.1,21910.5,0.0,416215.3729238657,4659951.016630697,Conglomerados; gravas; arenas y limos,CENOZOICO,,NODATA_API_LIMIT,OBSERVED_IGME_1M
BG_0135,Background_Point_135,43.2650314101581,-4.359292971990152,0,Spatial_Background_Buffered,0,0,0,0,,,,,645.4,679.3,0.0958,389683.00921506516,4791143.7267630305,Calizas; dolomias y margas; Conglomerados y areniscas,MESOZOICO,,NODATA_API_LIMIT,OBSERVED_IGME_1M
BG_0136,Background_Point_136,41.88829250608709,-0.12846198021433053,0,Spatial_Background_Buffered,0,0,0,0,,,,,30529.3,7308.6,0.0,738240.4076227727,4641361.44297198,Conglomerados; areniscas; arcillas; calizas y evaporitas; Vulcanitas basicas,CENOZOICO,,NODATA_API_LIMIT,OBSERVED_IGME_1M
BG_0137,Background_Point_137,42.47418485518926,-2.6415507689262894,0,Spatial_Background_Buffered,0,0,0,0,,,,,13598.1,4544.9,0.0,529464.5165806785,4702488.84619158,Conglomerados; areniscas; arcillas; calizas y evaporitas; Vulcanitas basicas,CENOZOICO,,NODATA_API_LIMIT,OBSERVED_IGME_1M
BG_0138,Background_Point_138,42.9926570155922,-4.569672957892934,0,Spatial_Background_Buffered,0,0,0,0,,,,,4622.9,6124.5,0.0481,372042.16087602,4761194.74422177,Areniscas; pizarras y calizas,PALEOZOICO,,NODATA_API_LIMIT,OBSERVED_IGME_1M
BG_0139,Background_Point_139,43.40983457891549,-4.588133275382382,0,Spatial_Background_Buffered,0,0,0,0,,,,,2171.8,1500.8,0.1155,371416.59195185266,4807552.671993184,UNMAPPED_OR_NODATA,UNMAPPED_OR_NODATA,UNMAPPED_OR_NODATA,NODATA_API_LIMIT,NODATA_ERROR
BG_0140,Background_Point_140,39.56936511635878,-1.404323135076866,0,Spatial_Background_Buffered,0,0,0,0,,,,,23550.1,4044.8,0.0,637061.6303443294,4381178.693681572,Conglomerados; areniscas; arcillas; calizas y evaporitas; Vulcanitas basicas,CENOZOICO,,NODATA_API_LIMIT,OBSERVED_IGME_1M
BG_0141,Background_Point_141,38.650026816324555,-4.732606879051716,0,Spatial_Background_Buffered,0,0,0,0,,,,,1509.3,1727.0,0.0639,349229.1559433548,4279364.863564429,Gneises; esquistos; marmoles y vulcanitas,PROTEROZOICO,,NODATA_API_LIMIT,OBSERVED_IGME_1M
BG_0142,Background_Point_142,41.88896991020993,-0.9311281204416471,0,Spatial_Background_Buffered,0,0,0,0,,,,,49552.4,321.6,0.0,671640.6876654826,4639518.350022028,Conglomerados; areniscas; arcillas; calizas y evaporitas; Vulcanitas basicas,CENOZOICO,,NODATA_API_LIMIT,OBSERVED_IGME_1M
BG_0143,Background_Point_143,42.14519335664989,0.30182664111081137,0,Spatial_Background_Buffered,0,0,0,0,,,,,11274.1,6755.4,0.0,772842.1871669713,4671175.421375371,Conglomerados; areniscas; arcillas; calizas y evaporitas; Vulcanitas basicas,CENOZOICO,,NODATA_API_LIMIT,OBSERVED_IGME_1M
BG_0144,Background_Point_144,39.87109516070103,-6.770264146243809,0,Spatial_Background_Buffered,0,0,0,0,,,,,29430.9,30588.5,0.0,177525.1875913868,4420257.2589971945,Granitoides postcinematicos de emplazamiento epizonal,PALEOZOICO,ROCAS PLUTONICAS HERCINICAS,NODATA_API_LIMIT,OBSERVED_IGME_1M
BG_0145,Background_Point_145,40.2806973998163,-7.129257951289722,0,Spatial_Background_Buffered,0,0,0,0,,,,,68824.2,66499.8,0.0,148924.94601414763,4467099.549975175,Gneises; esquistos; marmoles y vulcanitas,PROTEROZOICO,,NODATA_API_LIMIT,OBSERVED_IGME_1M
BG_0146,Background_Point_146,42.94317132231515,-3.3027461073877187,0,Spatial_Background_Buffered,0,0,0,0,,,,,26736.7,14036.3,0.0,475300.92616737046,4754548.555344555,Calizas; dolomias y margas; Areniscas,MESOZOICO,,NODATA_API_LIMIT,OBSERVED_IGME_1M
BG_0147,Background_Point_147,37.036264913300336,-4.143776325232071,0,Spatial_Background_Buffered,0,0,0,0,,,,,162441.5,162584.6,0.0,398277.76066926686,4099506.963963465,Calizas; dolomias y margas; Conglomerados y areniscas,MESOZOICO,,NODATA_API_LIMIT,OBSERVED_IGME_1M
BG_0148,Background_Point_148,41.92841004640421,-6.358321874104801,0,Spatial_Background_Buffered,0,0,0,0,,,,,116412.9,116278.6,0.0,221542.92974491048,4647284.036959851,Cuarcitas; pizarras; areniscas; calizas y vulcanitas,PALEOZOICO,,NODATA_API_LIMIT,OBSERVED_IGME_1M
BG_0149,Background_Point_149,41.44677641194309,-6.932392225536237,0,Spatial_Background_Buffered,0,0,0,0,,,,,167292.9,167704.2,0.0,171490.7851977478,4595823.761740252,Cuarcitas; pizarras; areniscas; calizas y vulcanitas,PALEOZOICO,,NODATA_API_LIMIT,OBSERVED_IGME_1M
BG_0150,Background_Point_150,43.628501912904134,-7.064257249672961,0,Spatial_Background_Buffered,0,0,0,0,,,,,12799.4,7976.6,0.0,172112.05697241315,4838643.641725999,UNMAPPED_OR_NODATA,UNMAPPED_OR_NODATA,UNMAPPED_OR_NODATA,NODATA_API_LIMIT,NODATA_ERROR
BG_0151,Background_Point_151,38.98057526064197,-3.9452016240005885,0,Spatial_Background_Buffered,0,0,0,0,,,,,5134.2,1515.0,0.0,418130.17639270227,4315045.8250068575,Conglomerados; areniscas; arcillas; calizas y evaporitas; Vulcanitas basicas,CENOZOICO,,NODATA_API_LIMIT,OBSERVED_IGME_1M
BG_0152,Background_Point_152,41.79412022063276,2.2721475392278285,0,Spatial_Background_Buffered,0,0,0,0,,,,,149947.6,137576.3,0.0,938100.9042494403,4640371.4574701,Turbiditas calcareas,CENOZOICO,,NODATA_API_LIMIT,OBSERVED_IGME_1M
BG_0153,Background_Point_153,36.78118663864636,-3.89855512283032,0,Spatial_Background_Buffered,0,0,0,0,,,,,180859.5,173540.3,0.0,419820.6477012784,4070975.6091938685,Conglomerados; areniscas; arcillas; calizas y evaporitas; Vulcanitas basicas,CENOZOICO,,NODATA_API_LIMIT,OBSERVED_IGME_1M
BG_0154,Background_Point_154,40.38165897532488,0.06958939215696361,0,Spatial_Background_Buffered,0,0,0,0,,,,,37537.6,37448.8,0.0,760574.8785383212,4474643.612275435,Calizas; dolomias y margas; Areniscas,MESOZOICO,,NODATA_API_LIMIT,OBSERVED_IGME_1M
BG_0155,Background_Point_155,43.08530167481793,-3.4841945379632033,0,Spatial_Background_Buffered,0,0,0,0,,,,,21046.0,11618.8,0.0,460588.7078599298,4770401.227330525,Calizas; dolomias y margas; Areniscas,MESOZOICO,,NODATA_API_LIMIT,OBSERVED_IGME_1M
BG_0156,Background_Point_156,39.86365824222647,-6.571252991070424,0,Spatial_Background_Buffered,0,0,0,0,,,,,19951.8,20570.7,0.0,194517.85996022864,4418731.3386472305,Gneises; esquistos; marmoles y vulcanitas,PROTEROZOICO,,NODATA_API_LIMIT,OBSERVED_IGME_1M
BG_0157,Background_Point_157,39.64596262169333,-7.5486898592457505,0,Spatial_Background_Buffered,0,0,0,0,,,,,14694.5,6864.5,0.0,109650.5980523062,4398361.545695007,Gneises; esquistos; marmoles y vulcanitas,PROTEROZOICO,,NODATA_API_LIMIT,OBSERVED_IGME_1M
BG_0158,Background_Point_158,36.98919440160927,-6.956283667595968,0,Spatial_Background_Buffered,0,0,0,0,,,,,159128.8,159629.9,0.0,147857.78432956175,4100995.228827861,UNMAPPED_OR_NODATA,UNMAPPED_OR_NODATA,UNMAPPED_OR_NODATA,NODATA_API_LIMIT,NODATA_ERROR
BG_0159,Background_Point_159,41.06236879663153,-6.571386237591374,0,Spatial_Background_Buffered,0,0,0,0,,,,,152761.9,151736.3,0.0,199897.30976053915,4551828.756798654,Granitoides de emplazamiento meso-catazonal,PALEOZOICO,ROCAS PLUTONICAS HERCINICAS,NODATA_API_LIMIT,OBSERVED_IGME_1M
BG_0160,Background_Point_160,40.58045214573716,-0.23364123641840887,0,Spatial_Background_Buffered,0,0,0,0,,,,,21262.6,17331.7,0.0,734138.1473756098,4495863.450332586,Calizas; dolomias y margas; Conglomerados y areniscas,MESOZOICO,,NODATA_API_LIMIT,OBSERVED_IGME_1M
BG_0161,Background_Point_161,42.78121475301843,-4.921127860144698,0,Spatial_Background_Buffered,0,0,0,0,,,,,25754.8,29584.9,0.0,342855.2733395816,4738309.258961041,Conglomerados; areniscas; arcillas; calizas y evaporitas; Vulcanitas basicas,CENOZOICO,,NODATA_API_LIMIT,OBSERVED_IGME_1M
BG_0162,Background_Point_162,43.492099216116614,-5.596499724763059,0,Spatial_Background_Buffered,0,0,0,0,,,,,7238.6,61.0,0.0,290056.46274153475,4818739.15852452,Calizas; dolomias y margas; Conglomerados y areniscas,MESOZOICO,,NODATA_API_LIMIT,OBSERVED_IGME_1M
BG_0163,Background_Point_163,43.470930935685146,-7.817369840944698,0,Spatial_Background_Buffered,0,0,0,0,,,,,7017.4,6422.2,0.0,110331.3034863439,4824397.002701493,Cuarcitas; pizarras; areniscas; calizas y vulcanitas,PALEOZOICO,,NODATA_API_LIMIT,OBSERVED_IGME_1M
BG_0164,Background_Point_164,42.88336987311967,-7.448644401473695,0,Spatial_Background_Buffered,0,0,0,0,,,,,6402.6,5897.3,0.0,136685.9251579897,4757471.64664336,Granitoides postcinematicos de emplazamiento epizonal,PALEOZOICO,ROCAS PLUTONICAS HERCINICAS,NODATA_API_LIMIT,OBSERVED_IGME_1M
BG_0165,Background_Point_165,40.31941747105355,-6.969233273388329,0,Spatial_Background_Buffered,0,0,0,0,,,,,77795.5,74847.6,0.0,162727.08002508903,4470776.141741123,Gneises; esquistos; marmoles y vulcanitas,PROTEROZOICO,,NODATA_API_LIMIT,OBSERVED_IGME_1M
BG_0166,Background_Point_166,41.462719872219324,-1.383599531651176,0,Spatial_Background_Buffered,0,0,0,0,,,,,1765.8,657.5,0.0655,634988.8424149732,4591386.385636925,Conglomerados; gravas; arenas y limos,CENOZOICO,,NODATA_API_LIMIT,OBSERVED_IGME_1M
BG_0167,Background_Point_167,40.951847717366014,-3.162068126450783,0,Spatial_Background_Buffered,0,0,0,0,,,,,13109.4,412.6,0.0,486359.90505260724,4533424.368071454,Conglomerados; areniscas; arcillas; calizas y evaporitas; Vulcanitas basicas,CENOZOICO,,NODATA_API_LIMIT,OBSERVED_IGME_1M
BG_0168,Background_Point_168,43.04039835398475,-1.813249511968055,0,Spatial_Background_Buffered,0,0,0,0,,,,,17020.3,18436.9,0.0,596667.1651346353,4765984.308917341,Calizas; dolomias y margas; Conglomerados y areniscas,MESOZOICO,,NODATA_API_LIMIT,OBSERVED_IGME_1M
BG_0169,Background_Point_169,38.224791233465965,-7.127753886672075,0,Spatial_Background_Buffered,0,0,0,0,,,,,26384.2,24035.8,0.0,138629.42329023918,4238818.7111533955,Areniscas; pizarras y calizas,PALEOZOICO,,NODATA_API_LIMIT,OBSERVED_IGME_1M
BG_0170,Background_Point_170,40.89500550236302,-3.1506711099307596,0,Spatial_Background_Buffered,0,0,0,0,,,,,19344.5,189.4,0.0,487308.23986785597,4527112.708131306,Conglomerados; areniscas; arcillas y calizas; Evaporitas,CENOZOICO,,NODATA_API_LIMIT,OBSERVED_IGME_1M
BG_0171,Background_Point_171,37.571534153672424,-4.859659775457104,0,Spatial_Background_Buffered,0,0,0,0,,,,,106887.9,102032.0,0.0,335774.00553396274,4159902.9857651973,Conglomerados; areniscas; arcillas; calizas y evaporitas; Vulcanitas basicas,CENOZOICO,,NODATA_API_LIMIT,OBSERVED_IGME_1M
BG_0172,Background_Point_172,38.851947347524366,-3.067491366714027,0,Spatial_Background_Buffered,0,0,0,0,,,,,38823.8,356.8,0.0,494143.64419898484,4300349.393822145,Calizas; dolomias y margas; Conglomerados y areniscas,MESOZOICO,,NODATA_API_LIMIT,OBSERVED_IGME_1M
BG_0173,Background_Point_173,40.229251361916205,-0.7263330241197054,0,Spatial_Background_Buffered,0,0,0,0,,,,,33403.1,6870.3,0.0,693437.4569167834,4455681.9113925025,Calizas; dolomias y margas; Areniscas,MESOZOICO,,NODATA_API_LIMIT,OBSERVED_IGME_1M
BG_0174,Background_Point_174,42.36575694574994,-4.662581404119264,0,Spatial_Background_Buffered,0,0,0,0,,,,,71689.7,71337.0,0.0,363098.4738433786,4691725.766750907,Conglomerados; gravas; arenas y limos,CENOZOICO,,NODATA_API_LIMIT,OBSERVED_IGME_1M
BG_0175,Background_Point_175,42.35457640487011,1.5442987758049025,0,Spatial_Background_Buffered,0,0,0,0,,,,,68175.4,68689.1,0.0,874288.1068197661,4699156.656484693,Areniscas; pizarras y calizas,PALEOZOICO,,NODATA_API_LIMIT,OBSERVED_IGME_1M
BG_0176,Background_Point_176,41.59952062475742,1.8871607816547586,0,Spatial_Background_Buffered,0,0,0,0,,,,,124590.9,104238.1,0.0,907329.9262981354,4616861.582130106,Conglomerados; areniscas; arcillas y calizas; Evaporitas,CENOZOICO,,NODATA_API_LIMIT,OBSERVED_IGME_1M
BG_0177,Background_Point_177,39.34047294657676,-1.591236819120963,0,Spatial_Background_Buffered,0,0,0,0,,,,,34739.6,4063.6,0.0,621402.9165454214,4355506.580847026,Conglomerados; areniscas; arcillas; calizas y evaporitas; Vulcanitas basicas,CENOZOICO,,NODATA_API_LIMIT,OBSERVED_IGME_1M
BG_0178,Background_Point_178,42.34888262733883,-3.9713718052077476,0,Spatial_Background_Buffered,0,0,0,0,,,,,30918.8,17451.9,0.0,419993.86184634216,4688970.3311645575,Conglomerados; areniscas; arcillas; calizas y evaporitas; Vulcanitas basicas,CENOZOICO,,NODATA_API_LIMIT,OBSERVED_IGME_1M
BG_0179,Background_Point_179,39.05658930546666,-1.7863366681737503,0,Spatial_Background_Buffered,0,0,0,0,,,,,15757.2,522.2,0.0,605011.1080493149,4323757.228136368,Conglomerados; areniscas; arcillas; calizas y evaporitas; Vulcanitas basicas,CENOZOICO,,NODATA_API_LIMIT,OBSERVED_IGME_1M
BG_0180,Background_Point_180,42.478166274045726,2.1630602926376223,0,Spatial_Background_Buffered,0,0,0,0,,,,,102159.6,110598.7,0.0,924427.2381424127,4715801.0846653525,Granitoides de emplazamiento meso-catazonal,PROTEROZOICO,ROCAS PLUTONICAS PREHERCINICAS,NODATA_API_LIMIT,OBSERVED_IGME_1M
BG_0181,Background_Point_181,38.23831697127266,-3.5416744778297664,0,Spatial_Background_Buffered,0,0,0,0,,,,,42658.7,43078.8,0.0,452596.5769870154,4232396.0111411,Conglomerados; areniscas; pizarras; calizas y vulcanitas; Carbon,PALEOZOICO,,NODATA_API_LIMIT,OBSERVED_IGME_1M
BG_0182,Background_Point_182,42.6869586442402,-7.29748421052347,0,Spatial_Background_Buffered,0,0,0,0,,,,,28259.3,28602.3,0.0,147919.17215328803,4735014.019816795,Cuarcitas; pizarras; areniscas; calizas y vulcanitas,PROTEROZOICO-PALEOZOICO,,NODATA_API_LIMIT,OBSERVED_IGME_1M
BG_0183,Background_Point_183,37.13427665948763,-3.1918216458258786,0,Spatial_Background_Buffered,0,0,0,0,,,,,115744.8,107037.4,0.0,482962.5150135795,4109785.5028787707,Rocas metamorficas,PROTEROZOICO-PALEOZOICO,BLOQUE DE ALBORAN,NODATA_API_LIMIT,OBSERVED_IGME_1M
BG_0184,Background_Point_184,41.26377081399199,-5.455016238098913,0,Spatial_Background_Buffered,0,0,0,0,,,,,165560.1,146225.3,0.0,294346.3846779433,4570945.581744978,Conglomerados; areniscas; arcillas y calizas; Evaporitas,CENOZOICO,,NODATA_API_LIMIT,OBSERVED_IGME_1M
BG_0185,Background_Point_185,38.879863166946826,-1.5541958580255264,0,Spatial_Background_Buffered,0,0,0,0,,,,,4912.4,74.8,0.0048,625409.0043892114,4304438.310327915,Conglomerados; areniscas; arcillas; calizas y evaporitas; Vulcanitas basicas,CENOZOICO,,NODATA_API_LIMIT,OBSERVED_IGME_1M
BG_0186,Background_Point_186,41.23200514758603,-6.620856002379992,0,Spatial_Background_Buffered,0,0,0,0,,,,,171764.1,171029.9,0.0,196523.95336968466,4570837.2162538795,Gneises; esquistos; marmoles y vulcanitas,PROTEROZOICO,,NODATA_API_LIMIT,OBSERVED_IGME_1M
BG_0187,Background_Point_187,42.0591574354458,-2.4892308097505444,0,Spatial_Background_Buffered,0,0,0,0,,,,,22125.3,12497.4,0.0,542261.5457682243,4656470.632975293,Calizas; dolomias y margas; Conglomerados y areniscas,MESOZOICO,,NODATA_API_LIMIT,OBSERVED_IGME_1M
BG_0188,Background_Point_188,42.67050596709695,-2.485750181861481,0,Spatial_Background_Buffered,0,0,0,0,,,,,4803.3,1902.3,0.0206,542138.9759451944,4724354.275270759,Calizas; dolomias y margas; Areniscas,MESOZOICO,,NODATA_API_LIMIT,OBSERVED_IGME_1M
BG_0189,Background_Point_189,40.43895149584451,-2.1850025435869966,0,Spatial_Background_Buffered,0,0,0,0,,,,,31581.1,14019.0,0.0,569120.8129583127,4476797.275805078,Conglomerados; areniscas; arcillas; calizas y evaporitas; Vulcanitas basicas,CENOZOICO,,NODATA_API_LIMIT,OBSERVED_IGME_1M
BG_0190,Background_Point_190,40.86074573410618,-0.13031760347109037,0,Spatial_Background_Buffered,0,0,0,0,,,,,11740.8,332.8,0.0,741866.6673225762,4527263.118650445,Calizas; dolomias y margas; Conglomerados y areniscas,MESOZOICO,,NODATA_API_LIMIT,OBSERVED_IGME_1M
BG_0191,Background_Point_191,37.754976698092534,-0.7471002356132262,0,Spatial_Background_Buffered,0,0,0,0,,,,,20077.6,15528.4,0.0,698467.80288434,4181019.537282574,UNMAPPED_OR_NODATA,UNMAPPED_OR_NODATA,UNMAPPED_OR_NODATA,NODATA_API_LIMIT,NODATA_ERROR
BG_0192,Background_Point_192,40.6574349257355,-4.206587488478324,0,Spatial_Background_Buffered,0,0,0,0,,,,,59264.9,69808.1,0.0,397999.42498560745,4501430.033826438,Granitoides postcinematicos de emplazamiento epizonal,PALEOZOICO,ROCAS PLUTONICAS HERCINICAS,NODATA_API_LIMIT,OBSERVED_IGME_1M
BG_0193,Background_Point_193,39.49371903333997,-3.7744468556307122,0,Spatial_Background_Buffered,0,0,0,0,,,,,10647.6,2920.4,0.0,433407.4383347725,4371853.68372017,Conglomerados; areniscas; arcillas; calizas y evaporitas; Vulcanitas basicas,CENOZOICO,,NODATA_API_LIMIT,OBSERVED_IGME_1M
BG_0194,Background_Point_194,42.14619783155434,-2.5535275568610665,0,Spatial_Background_Buffered,0,0,0,0,,,,,12435.3,9289.1,0.0,536891.0657858392,4666105.060829972,Calizas; dolomias y margas; Conglomerados y areniscas,MESOZOICO,,NODATA_API_LIMIT,OBSERVED_IGME_1M
BG_0195,Background_Point_195,40.90764533703286,-3.7473196848039296,0,Spatial_Background_Buffered,0,0,0,0,,,,,16744.7,29979.8,0.0,437061.36497307965,4528773.695193692,Granitoides de emplazamiento meso-catazonal,PROTEROZOICO,ROCAS PLUTONICAS PREHERCINICAS,NODATA_API_LIMIT,OBSERVED_IGME_1M
BG_0196,Background_Point_196,43.19111264858751,-6.384115247971962,0,Spatial_Background_Buffered,0,0,0,0,,,,,686.2,1859.2,0.2195,225012.45878968225,4787599.481387271,Gneises; esquistos; marmoles y vulcanitas,PROTEROZOICO,,NODATA_API_LIMIT,OBSERVED_IGME_1M
BG_0197,Background_Point_197,38.1232242357973,-2.7912288124183013,0,Spatial_Background_Buffered,0,0,0,0,,,,,79115.0,65255.2,0.0,518298.84911760746,4219507.730054115,Calizas; dolomias y margas; Conglomerados y areniscas,MESOZOICO,,NODATA_API_LIMIT,OBSERVED_IGME_1M
BG_0198,Background_Point_198,38.66332877813186,-2.784767370483886,0,Spatial_Background_Buffered,0,0,0,0,,,,,64046.8,22742.9,0.0,518725.3798939392,4279438.868744382,Calizas; dolomias y margas; Conglomerados y areniscas,MESOZOICO,,NODATA_API_LIMIT,OBSERVED_IGME_1M
BG_0199,Background_Point_199,37.97420255453379,-1.4243484010382803,0,Spatial_Background_Buffered,0,0,0,0,,,,,5580.3,891.2,0.0,638390.7261692169,4204123.775961464,Conglomerados; areniscas; arcillas; calizas y evaporitas; Vulcanitas basicas,CENOZOICO,,NODATA_API_LIMIT,OBSERVED_IGME_1M
BG_0200,Background_Point_200,37.07219845296887,-6.773678665722341,0,Spatial_Background_Buffered,0,0,0,0,,,,,150782.2,151128.6,0.0,164483.82889236434,4109547.763624052,UNMAPPED_OR_NODATA,UNMAPPED_OR_NODATA,UNMAPPED_OR_NODATA,NODATA_API_LIMIT,NODATA_ERROR
BG_0201,Background_Point_201,37.26313215167988,-6.283218669157504,0,Spatial_Background_Buffered,0,0,0,0,,,,,131629.9,131203.1,0.0,208838.96311410656,4129117.2894854504,Conglomerados; areniscas; arcillas; calizas y evaporitas; Vulcanitas basicas,CENOZOICO,,NODATA_API_LIMIT,OBSERVED_IGME_1M
BG_0202,Background_Point_202,41.0051269182315,-6.3530436587229335,0,Spatial_Background_Buffered,0,0,0,0,,,,,147036.6,143126.9,0.0,218003.09675199862,4544743.533082733,Gneises; esquistos; marmoles y vulcanitas,PROTEROZOICO,,NODATA_API_LIMIT,OBSERVED_IGME_1M
BG_0203,Background_Point_203,38.75896363402477,-5.82420284418869,0,Spatial_Background_Buffered,0,0,0,0,,,,,1463.4,360.3,0.1833,254598.0717392731,4293817.1908252835,Cuarcitas; pizarras; areniscas; calizas y vulcanitas,PALEOZOICO,,NODATA_API_LIMIT,OBSERVED_IGME_1M
BG_0204,Background_Point_204,37.449961352399086,-1.1072027644674545,0,Spatial_Background_Buffered,0,0,0,0,,,,,43472.8,42932.0,0.0,667424.0777428731,4146471.8905213852,UNMAPPED_OR_NODATA,UNMAPPED_OR_NODATA,UNMAPPED_OR_NODATA,NODATA_API_LIMIT,NODATA_ERROR
BG_0205,Background_Point_205,36.42872761916216,-5.638740228681477,0,Spatial_Background_Buffered,0,0,0,0,,,,,226587.6,226652.1,0.0,263445.6659873702,4034738.323826507,Conglomerados; areniscas; arcillas y calizas; Evaporitas,CENOZOICO,,NODATA_API_LIMIT,OBSERVED_IGME_1M
BG_0206,Background_Point_206,38.242684441621144,-5.929802503051895,0,Spatial_Background_Buffered,0,0,0,0,,,,,25743.0,27659.4,0.0,243594.80361133986,4236801.788177165,Conglomerados; areniscas; arcillas; calizas y evaporitas; Vulcanitas basicas,CENOZOICO,,NODATA_API_LIMIT,OBSERVED_IGME_1M
BG_0207,Background_Point_207,36.79154387570275,-5.796653153875953,0,Spatial_Background_Buffered,0,0,0,0,,,,,186320.2,186320.2,0.0,250458.9116352348,4075397.153693497,Conglomerados; areniscas; arcillas; calizas y evaporitas; Vulcanitas basicas,CENOZOICO,,NODATA_API_LIMIT,OBSERVED_IGME_1M
BG_0208,Background_Point_208,39.62305453487887,-6.465396921378525,0,Spatial_Background_Buffered,0,0,0,0,,,,,5631.2,7444.8,0.0,202540.4904355107,4391661.952827817,Granitoides postcinematicos de emplazamiento epizonal,PALEOZOICO,ROCAS PLUTONICAS HERCINICAS,NODATA_API_LIMIT,OBSERVED_IGME_1M
BG_0209,Background_Point_209,38.90684531771256,-5.590387462987176,0,Spatial_Background_Buffered,0,0,0,0,,,,,7444.2,7444.2,0.0,275383.6606449236,4309629.381890864,Gneises; esquistos; marmoles y vulcanitas,PROTEROZOICO,,NODATA_API_LIMIT,OBSERVED_IGME_1M
BG_0210,Background_Point_210,41.432601882446335,-2.6660094316379737,0,Spatial_Background_Buffered,0,0,0,0,,,,,18168.0,9809.9,0.0,527904.6802266283,4586835.604334961,Conglomerados; areniscas; arcillas; calizas y evaporitas; Vulcanitas basicas,CENOZOICO,,NODATA_API_LIMIT,OBSERVED_IGME_1M
BG_0211,Background_Point_211,42.18173239948527,-7.438620902714864,0,Spatial_Background_Buffered,0,0,0,0,,,,,84103.6,83787.9,0.0,133415.3188649341,4679498.839072687,Cuarcitas; pizarras; areniscas; calizas y vulcanitas,PALEOZOICO,,NODATA_API_LIMIT,OBSERVED_IGME_1M
BG_0212,Background_Point_212,38.19880470616555,-6.974627634308927,0,Spatial_Background_Buffered,0,0,0,0,,,,,24766.8,25381.0,0.0,151916.2658766342,4235346.000925123,Cuarcitas; pizarras; areniscas; calizas y vulcanitas,PALEOZOICO,,NODATA_API_LIMIT,OBSERVED_IGME_1M
BG_0213,Background_Point_213,41.824714367852074,0.43492779518554137,0,Spatial_Background_Buffered,0,0,0,0,,,,,19980.9,1563.4,0.0,785271.0878241021,4636020.73682611,Conglomerados; gravas; arenas y limos,CENOZOICO,,NODATA_API_LIMIT,OBSERVED_IGME_1M
BG_0214,Background_Point_214,39.85236245984382,-3.9947943270265345,0,Spatial_Background_Buffered,0,0,0,0,,,,,10280.9,4054.3,0.0,414901.2873726747,4411844.537412368,Conglomerados; gravas; arenas y limos,CENOZOICO,,NODATA_API_LIMIT,OBSERVED_IGME_1M
BG_0215,Background_Point_215,38.962170906680704,-1.5512828901384867,0,Spatial_Background_Buffered,0,0,0,0,,,,,774.3,97.4,0.487,625516.5558007516,4313576.593634306,Calizas; dolomias y margas; Areniscas,MESOZOICO,,NODATA_API_LIMIT,OBSERVED_IGME_1M
BG_0216,Background_Point_216,41.87003936684708,-3.0824897879721376,0,Spatial_Background_Buffered,0,0,0,0,,,,,21737.2,3074.2,0.0,493154.5087131757,4635350.297413693,Calizas; dolomias y margas; Conglomerados y areniscas,MESOZOICO,,NODATA_API_LIMIT,OBSERVED_IGME_1M
BG_0217,Background_Point_217,38.003826529968826,-7.2001041885104025,0,Spatial_Background_Buffered,0,0,0,0,,,,,48759.0,48434.6,0.0,131180.7224570082,4214571.402692418,Cuarcitas; pizarras; areniscas; calizas y vulcanitas,PALEOZOICO,,NODATA_API_LIMIT,OBSERVED_IGME_1M
BG_0218,Background_Point_218,40.220361669710506,-2.5895174495657503,0,Spatial_Background_Buffered,0,0,0,0,,,,,23481.2,14034.0,0.0,534925.8257983162,4452296.462475519,Conglomerados; areniscas; arcillas; calizas y evaporitas; Vulcanitas basicas,CENOZOICO,,NODATA_API_LIMIT,OBSERVED_IGME_1M
BG_0219,Background_Point_219,39.51683348553295,-6.593195752491487,0,Spatial_Background_Buffered,0,0,0,0,,,,,11391.5,11104.2,0.0,191096.20963880964,4380300.511799936,Gneises; esquistos; marmoles y vulcanitas,PROTEROZOICO,,NODATA_API_LIMIT,OBSERVED_IGME_1M
BG_0220,Background_Point_220,38.00103456189608,-2.3994671321882843,0,Spatial_Background_Buffered,0,0,0,0,,,,,51368.9,36710.3,0.0,552724.6764867697,4206099.92808952,Conglomerados; areniscas; arcillas; calizas y evaporitas; Vulcanitas basicas,CENOZOICO,,NODATA_API_LIMIT,OBSERVED_IGME_1M
BG_0221,Background_Point_221,39.01852509796334,-4.976871660514921,0,Spatial_Background_Buffered,0,0,0,0,,,,,5079.2,4988.4,0.0,328856.74630697386,4320691.538638929,Gneises; esquistos; marmoles y vulcanitas,PROTEROZOICO,,NODATA_API_LIMIT,OBSERVED_IGME_1M
BG_0222,Background_Point_222,38.52992158358459,-7.392461622008632,0,Spatial_Background_Buffered,0,0,0,0,,,,,2732.1,1550.5,0.0325,117060.51811106742,4273767.290745702,Cuarcitas; pizarras; areniscas; calizas y vulcanitas,PALEOZOICO,,NODATA_API_LIMIT,OBSERVED_IGME_1M
BG_0223,Background_Point_223,38.62654702718818,-5.530334775736609,0,Spatial_Background_Buffered,0,0,0,0,,,,,5758.3,135.7,0.0,279730.8059470629,4278372.749351228,Conglomerados; areniscas; arcillas; calizas y evaporitas; Vulcanitas basicas,CENOZOICO,,NODATA_API_LIMIT,OBSERVED_IGME_1M
BG_0224,Background_Point_224,42.90686105753819,-6.652850843108481,0,Spatial_Background_Buffered,0,0,0,0,,,,,5745.1,6364.5,0.0,201797.81204636354,4756948.188628911,Cuarcitas; pizarras; areniscas; calizas y vulcanitas,PALEOZOICO,,NODATA_API_LIMIT,OBSERVED_IGME_1M
BG_0225,Background_Point_225,41.33984153737399,-1.7503893962782207,0,Spatial_Background_Buffered,0,0,0,0,,,,,364.8,865.6,0.1172,604553.5855209413,4577236.971272816,Conglomerados; areniscas; arcillas; calizas y evaporitas; Vulcanitas basicas,CENOZOICO,,NODATA_API_LIMIT,OBSERVED_IGME_1M
BG_0226,Background_Point_226,40.19587863569649,-6.831000966125563,0,Spatial_Background_Buffered,0,0,0,0,,,,,62302.9,63255.6,0.0,173882.24487431016,4456540.560545766,Granitoides de emplazamiento epi-mesozonal,PALEOZOICO,ROCAS PLUTONICAS HERCINICAS,NODATA_API_LIMIT,OBSERVED_IGME_1M
BG_0227,Background_Point_227,41.84834793370461,-1.8096683494068568,0,Spatial_Background_Buffered,0,0,0,0,,,,,6790.0,548.0,0.0,598814.9503177472,4633623.553056681,Conglomerados; gravas; arenas y limos,CENOZOICO,,NODATA_API_LIMIT,OBSERVED_IGME_1M
BG_0228,Background_Point_228,37.121747400043304,-3.3724848581033084,0,Spatial_Background_Buffered,0,0,0,0,,,,,131656.9,123037.2,0.0,466910.6142952275,4108443.2573762294,Rocas metamorficas,PROTEROZOICO-PALEOZOICO,BLOQUE DE ALBORAN,NODATA_API_LIMIT,OBSERVED_IGME_1M
BG_0229,Background_Point_229,38.91212928490095,-4.831453225897264,0,Spatial_Background_Buffered,0,0,0,0,,,,,4519.3,2647.6,0.0097,341209.5199289158,4308619.95193884,Gneises; esquistos; marmoles y vulcanitas,PROTEROZOICO,,NODATA_API_LIMIT,OBSERVED_IGME_1M
BG_0230,Background_Point_230,40.50379177165713,-1.2411477004717142,0,Spatial_Background_Buffered,0,0,0,0,,,,,35698.4,25034.7,0.0,649029.655131861,4485161.558968575,Conglomerados; gravas; arenas y limos,CENOZOICO,,NODATA_API_LIMIT,OBSERVED_IGME_1M
BG_0231,Background_Point_231,37.955124503941875,-1.6920308247390055,0,Spatial_Background_Buffered,0,0,0,0,,,,,2212.3,1329.5,0.1103,614908.596453354,4201642.772975596,Calizas; dolomias y margas; Conglomerados y areniscas,MESOZOICO,,NODATA_API_LIMIT,OBSERVED_IGME_1M
BG_0232,Background_Point_232,37.26320229406226,-6.5348697246094085,0,Spatial_Background_Buffered,0,0,0,0,,,,,133836.4,131194.2,0.0,186515.10172734316,4129930.2683066824,Conglomerados; areniscas; arcillas; calizas y evaporitas; Vulcanitas basicas,CENOZOICO,,NODATA_API_LIMIT,OBSERVED_IGME_1M
BG_0233,Background_Point_233,37.35629871069359,-5.155890904474118,0,Spatial_Background_Buffered,0,0,0,0,,,,,124960.6,125542.3,0.0,309064.06912683195,4136579.167270622,Conglomerados; gravas; arenas y limos,CENOZOICO,,NODATA_API_LIMIT,OBSERVED_IGME_1M
BG_0234,Background_Point_234,42.97098651816935,-6.0979006354048995,0,Spatial_Background_Buffered,0,0,0,0,,,,,4290.4,4828.3,0.0472,247367.5560005416,4762250.610932461,Cuarcitas; pizarras; areniscas; calizas y vulcanitas,PALEOZOICO,,NODATA_API_LIMIT,OBSERVED_IGME_1M
BG_0235,Background_Point_235,40.097419264184126,-6.892118149168154,0,Spatial_Background_Buffered,0,0,0,0,,,,,55425.1,56645.3,0.0,168198.68381239587,4445834.681134717,Gneises; esquistos; marmoles y vulcanitas,PROTEROZOICO,,NODATA_API_LIMIT,OBSERVED_IGME_1M
BG_0236,Background_Point_236,39.13946806246438,-6.526060858963539,0,Spatial_Background_Buffered,0,0,0,0,,,,,7780.7,3097.5,0.0,195233.06684284448,4338177.25918888,Areniscas; pizarras y calizas,PALEOZOICO,,NODATA_API_LIMIT,OBSERVED_IGME_1M
BG_0237,Background_Point_237,41.22641452155067,-6.039259028720132,0,Spatial_Background_Buffered,0,0,0,0,,,,,170659.4,164354.6,0.0,245254.44928155595,4568346.736935766,Conglomerados; areniscas; arcillas y calizas; Evaporitas,CENOZOICO,,NODATA_API_LIMIT,OBSERVED_IGME_1M
BG_0238,Background_Point_238,38.28580388931095,-2.018131441165884,0,Spatial_Background_Buffered,0,0,0,0,,,,,11217.9,7894.6,0.0,585870.7860494149,4237982.229611241,Calizas; dolomias y margas; Areniscas,MESOZOICO,,NODATA_API_LIMIT,OBSERVED_IGME_1M
BG_0239,Background_Point_239,39.39505652728159,-4.450153121292713,0,Spatial_Background_Buffered,0,0,0,0,,,,,279.8,473.6,0.2604,375127.3509436071,4361620.972823954,Cuarcitas; pizarras; areniscas; calizas y vulcanitas,PALEOZOICO,,NODATA_API_LIMIT,OBSERVED_IGME_1M
BG_0240,Background_Point_240,38.00155607234109,-2.641567262134223,0,Spatial_Background_Buffered,0,0,0,0,,,,,70285.5,57455.8,0.0,531468.8218817867,4206048.272552818,Calizas; dolomias y margas; Areniscas,MESOZOICO,,NODATA_API_LIMIT,OBSERVED_IGME_1M
BG_0241,Background_Point_241,40.766614113223596,-6.582563497530067,0,Spatial_Background_Buffered,0,0,0,0,,,,,119948.5,119756.7,0.0,197611.301028323,4519027.036075388,Conglomerados; areniscas; arcillas y calizas; Evaporitas,CENOZOICO,,NODATA_API_LIMIT,OBSERVED_IGME_1M
BG_0242,Background_Point_242,40.582817963152195,-4.827493061399873,0,Spatial_Background_Buffered,0,0,0,0,,,,,94604.1,91422.7,0.0,345335.9702542174,4494052.488209221,Conglomerados; gravas; arenas y limos,CENOZOICO,,NODATA_API_LIMIT,OBSERVED_IGME_1M
BG_0243,Background_Point_243,39.788241989164064,-6.138966926162005,0,Spatial_Background_Buffered,0,0,0,0,,,,,14800.2,7887.6,0.0,231208.30798307195,4408969.086576595,UNMAPPED_OR_NODATA,UNMAPPED_OR_NODATA,UNMAPPED_OR_NODATA,NODATA_API_LIMIT,NODATA_ERROR
BG_0244,Background_Point_244,37.167754535896144,-4.282760663279991,0,Spatial_Background_Buffered,0,0,0,0,,,,,147471.9,147623.0,0.0,386113.63646483247,4114252.475398128,Conglomerados; areniscas; calizas; yesos y arcillas versicolores,MESOZOICO,,NODATA_API_LIMIT,OBSERVED_IGME_1M
BG_0245,Background_Point_245,43.64559023693077,-7.291586626010468,0,Spatial_Background_Buffered,0,0,0,0,,,,,3944.2,5274.3,0.0155,153868.72490185258,4841466.197531453,UNMAPPED_OR_NODATA,UNMAPPED_OR_NODATA,UNMAPPED_OR_NODATA,NODATA_API_LIMIT,NODATA_ERROR
BG_0246,Background_Point_246,42.33759820990283,-4.529500061167936,0,Spatial_Background_Buffered,0,0,0,0,,,,,73835.6,62792.9,0.0,374000.7682285145,4688393.2789764395,Conglomerados; areniscas; arcillas; calizas y evaporitas; Vulcanitas basicas,CENOZOICO,,NODATA_API_LIMIT,OBSERVED_IGME_1M
BG_0247,Background_Point_247,41.344088042037896,-5.19392611167515,0,Spatial_Background_Buffered,0,0,0,0,,,,,146843.7,122634.7,0.0,316444.5565491993,4579277.31389034,Conglomerados; areniscas; arcillas y calizas; Evaporitas,CENOZOICO,,NODATA_API_LIMIT,OBSERVED_IGME_1M
BG_0248,Background_Point_248,40.670790725108425,-0.08729747621375561,0,Spatial_Background_Buffered,0,0,0,0,,,,,7351.4,6590.3,0.0,746193.6809062336,4506292.9295166675,Calizas; dolomias y margas; Areniscas,MESOZOICO,,NODATA_API_LIMIT,OBSERVED_IGME_1M
BG_0249,Background_Point_249,39.299963661419746,-2.99026081999061,0,Spatial_Background_Buffered,0,0,0,0,,,,,14798.2,3648.9,0.0,500839.76026763464,4350064.777025178,Conglomerados; gravas; arenas y limos,CENOZOICO,,NODATA_API_LIMIT,OBSERVED_IGME_1M
BG_0250,Background_Point_250,43.25660569619938,-4.274652583499873,0,Spatial_Background_Buffered,0,0,0,0,,,,,2336.3,835.8,0.0453,396538.026561546,4790099.772610652,Conglomerados; gravas; arenas y limos,CENOZOICO,,NODATA_API_LIMIT,OBSERVED_IGME_1M
BG_0251,Background_Point_251,41.688496329773486,-6.536703223781254,0,Spatial_Background_Buffered,0,0,0,0,,,,,141489.6,142024.0,0.0,205652.639962713,4621237.353923097,Cuarcitas; pizarras; areniscas; calizas y vulcanitas,PALEOZOICO,,NODATA_API_LIMIT,OBSERVED_IGME_1M
BG_0252,Background_Point_252,42.58735782529854,-1.9238279928864215,0,Spatial_Background_Buffered,0,0,0,0,,,,,11909.3,4746.4,0.0,588302.1462029251,4715554.460244531,Conglomerados; areniscas; arcillas; calizas y evaporitas; Vulcanitas basicas,CENOZOICO,,NODATA_API_LIMIT,OBSERVED_IGME_1M
BG_0253,Background_Point_253,42.18541265000302,-6.405037411305927,0,Spatial_Background_Buffered,0,0,0,0,,,,,88096.8,87457.2,0.0,218806.52013234608,4675977.215080907,Cuarcitas; pizarras; areniscas; calizas y vulcanitas,PALEOZOICO,,NODATA_API_LIMIT,OBSERVED_IGME_1M
BG_0254,Background_Point_254,37.370550119472334,-5.581770220470066,0,Spatial_Background_Buffered,0,0,0,0,,,,,122003.8,121986.7,0.0,271383.22204058286,4139107.5514358487,Conglomerados; gravas; arenas y limos,CENOZOICO,,NODATA_API_LIMIT,OBSERVED_IGME_1M
BG_0255,Background_Point_255,40.13551742061834,-1.0583304791891215,0,Spatial_Background_Buffered,0,0,0,0,,,,,23632.1,600.0,0.0,665417.6375917702,4444605.611053752,Calizas; dolomias y margas; Conglomerados y areniscas,MESOZOICO,,NODATA_API_LIMIT,OBSERVED_IGME_1M
BG_0256,Background_Point_256,42.857267477920544,-4.162758286988912,0,Spatial_Background_Buffered,0,0,0,0,,,,,23817.9,21055.2,0.0,405005.9115049771,4745620.459691142,Calizas; dolomias y margas; Conglomerados y areniscas,MESOZOICO,,NODATA_API_LIMIT,OBSERVED_IGME_1M
BG_0257,Background_Point_257,42.39644061011363,-3.807049513871146,0,Spatial_Background_Buffered,0,0,0,0,,,,,17102.7,10698.9,0.0,433578.3413092401,4694109.52355084,Conglomerados; areniscas; arcillas; calizas y evaporitas; Vulcanitas basicas,CENOZOICO,,NODATA_API_LIMIT,OBSERVED_IGME_1M
BG_0258,Background_Point_258,39.03226774840768,-3.30889146645928,0,Spatial_Background_Buffered,0,0,0,0,,,,,32573.6,10405.6,0.0,473264.67228468566,4320402.765011172,Conglomerados; gravas; arenas y limos,CENOZOICO,,NODATA_API_LIMIT,OBSERVED_IGME_1M
BG_0259,Background_Point_259,38.45381225043439,-3.077041947330801,0,Spatial_Background_Buffered,0,0,0,0,,,,,50829.1,24825.6,0.0,493277.8178191655,4256171.193039521,Cuarcitas; pizarras; areniscas; calizas y vulcanitas,PALEOZOICO,,NODATA_API_LIMIT,OBSERVED_IGME_1M
BG_0260,Background_Point_260,39.96319490482832,-0.24312991437106682,0,Spatial_Background_Buffered,0,0,0,0,,,,,39436.0,32962.2,0.0,735467.9731498135,4427312.331578608,Conglomerados; gravas; arenas y limos,CENOZOICO,,NODATA_API_LIMIT,OBSERVED_IGME_1M
BG_0261,Background_Point_261,43.007421893973735,-5.486114284604368,0,Spatial_Background_Buffered,0,0,0,0,,,,,800.7,4231.1,0.193,297380.7908747947,4764638.387283383,Conglomerados; areniscas; pizarras; calizas y vulcanitas; Carbon,PALEOZOICO,,NODATA_API_LIMIT,OBSERVED_IGME_1M
BG_0262,Background_Point_262,40.30544187826258,-3.8671875310012527,0,Spatial_Background_Buffered,0,0,0,0,,,,,60724.9,22293.6,0.0,426307.5381672297,4462019.93194689,Conglomerados; areniscas; arcillas; calizas y evaporitas; Vulcanitas basicas,CENOZOICO,,NODATA_API_LIMIT,OBSERVED_IGME_1M
BG_0263,Background_Point_263,38.70057984942636,-1.4641766551761592,0,Spatial_Background_Buffered,0,0,0,0,,,,,6075.9,229.6,0.0,633551.8451107052,4284669.7724585235,Conglomerados; gravas; arenas y limos,CENOZOICO,,NODATA_API_LIMIT,OBSERVED_IGME_1M
BG_0264,Background_Point_264,42.175767665230396,-6.4096675314833185,0,Spatial_Background_Buffered,0,0,0,0,,,,,89122.7,88476.4,0.0,218381.26176387916,4674921.410879752,Cuarcitas; pizarras; areniscas; calizas y vulcanitas,PALEOZOICO,,NODATA_API_LIMIT,OBSERVED_IGME_1M
BG_0265,Background_Point_265,40.22177475166218,-1.506639906165993,0,Spatial_Background_Buffered,0,0,0,0,,,,,17434.4,18.0,0.0,627061.8425392365,4453441.928179873,Calizas; dolomias y margas; Areniscas,MESOZOICO,,NODATA_API_LIMIT,OBSERVED_IGME_1M
BG_0266,Background_Point_266,42.10233402649443,1.351142681175594,0,Spatial_Background_Buffered,0,0,0,0,,,,,70016.7,60827.7,0.0,859808.695593314,4670307.629540851,Turbiditas calcareas,CENOZOICO,,NODATA_API_LIMIT,OBSERVED_IGME_1M
BG_0267,Background_Point_267,41.82058799141862,-5.273076456048652,0,Spatial_Background_Buffered,0,0,0,0,,,,,130626.1,117565.9,0.0,311215.76884229586,4632354.348686775,Conglomerados; areniscas; arcillas; calizas y evaporitas; Vulcanitas basicas,CENOZOICO,,NODATA_API_LIMIT,OBSERVED_IGME_1M
BG_0268,Background_Point_268,40.42734960119525,-7.378880718029055,0,Spatial_Background_Buffered,0,0,0,0,,,,,82221.2,81249.4,0.0,128502.56952541247,4484406.232140619,Granitoides de emplazamiento epi-mesozonal,PALEOZOICO,ROCAS PLUTONICAS HERCINICAS,NODATA_API_LIMIT,OBSERVED_IGME_1M
BG_0269,Background_Point_269,42.42724670341752,-4.327836913590392,0,Spatial_Background_Buffered,0,0,0,0,,,,,55484.2,48059.5,0.0,390769.48640852136,4698068.708971211,Conglomerados; gravas; arenas y limos,CENOZOICO,,NODATA_API_LIMIT,OBSERVED_IGME_1M
BG_0270,Background_Point_270,39.139618196171696,-6.374168108707118,0,Spatial_Background_Buffered,0,0,0,0,,,,,3942.7,779.4,0.0241,208365.36298218503,4337694.196976312,Gneises; esquistos; marmoles y vulcanitas,PROTEROZOICO,,NODATA_API_LIMIT,OBSERVED_IGME_1M
BG_0271,Background_Point_271,41.65059106965827,-5.463443747657964,0,Spatial_Background_Buffered,0,0,0,0,,,,,149034.7,134671.9,0.0,294863.6859477452,4613914.683134106,Conglomerados; areniscas; arcillas; calizas y evaporitas; Vulcanitas basicas,CENOZOICO,,NODATA_API_LIMIT,OBSERVED_IGME_1M
BG_0272,Background_Point_272,41.028411803071194,-0.4778988020775659,0,Spatial_Background_Buffered,0,0,0,0,,,,,6233.2,26.2,0.0,712031.0560641632,4544975.487952502,Conglomerados; areniscas; calizas; yesos y arcillas versicolores,MESOZOICO,,NODATA_API_LIMIT,OBSERVED_IGME_1M
BG_0273,Background_Point_273,40.280789602989756,-0.7667293418923372,0,Spatial_Background_Buffered,0,0,0,0,,,,,39447.0,13546.1,0.0,689856.177797035,4461315.776845457,Calizas; dolomias y margas; Areniscas,MESOZOICO,,NODATA_API_LIMIT,OBSERVED_IGME_1M
BG_0274,Background_Point_274,38.77370882238118,-5.1407622424947075,0,Spatial_Background_Buffered,0,0,0,0,,,,,2260.0,307.2,0.2503,314029.2000709098,4293841.5944783315,Cuarcitas; pizarras; areniscas; calizas y vulcanitas,PALEOZOICO,,NODATA_API_LIMIT,OBSERVED_IGME_1M
BG_0275,Background_Point_275,43.062591027043325,-6.0166703644323585,0,Spatial_Background_Buffered,0,0,0,0,,,,,999.3,2723.7,0.4144,254358.0592812118,4772182.977133584,Cuarcitas; pizarras; areniscas; calizas y vulcanitas,PALEOZOICO,,NODATA_API_LIMIT,OBSERVED_IGME_1M
BG_0276,Background_Point_276,39.21049811180959,-1.889416178327934,0,Spatial_Background_Buffered,0,0,0,0,,,,,33677.7,1107.9,0.0,595883.0255512025,4340723.704249094,Conglomerados; gravas; arenas y limos,CENOZOICO,,NODATA_API_LIMIT,OBSERVED_IGME_1M
BG_0277,Background_Point_277,43.39956079878404,-3.0900867817533024,0,Spatial_Background_Buffered,0,0,0,0,,,,,25484.1,18806.8,0.0,492704.9330975128,4805190.838670043,UNMAPPED_OR_NODATA,UNMAPPED_OR_NODATA,UNMAPPED_OR_NODATA,NODATA_API_LIMIT,NODATA_ERROR
BG_0278,Background_Point_278,40.82810327707554,-2.6441476084009743,0,Spatial_Background_Buffered,0,0,0,0,,,,,17679.8,10301.1,0.0,530005.3770517961,4519736.100119451,Conglomerados; gravas; arenas y limos,CENOZOICO,,NODATA_API_LIMIT,OBSERVED_IGME_1M
BG_0279,Background_Point_279,42.727861677671626,-7.697510611985405,0,Spatial_Background_Buffered,0,0,0,0,,,,,23105.2,22778.1,0.0,115393.65624771443,4741305.322602529,Areniscas; pizarras y calizas,PALEOZOICO,,NODATA_API_LIMIT,OBSERVED_IGME_1M
BG_0280,Background_Point_280,40.787449243322115,-1.9351292920368337,0,Spatial_Background_Buffered,0,0,0,0,,,,,1346.4,356.8,0.199,589845.1061417912,4515707.789425427,Conglomerados; areniscas; calizas; yesos y arcillas versicolores,MESOZOICO,,NODATA_API_LIMIT,OBSERVED_IGME_1M
BG_0281,Background_Point_281,41.784666818751106,-3.47521855646246,0,Spatial_Background_Buffered,0,0,0,0,,,,,48287.0,1392.3,0.0,460511.07060702814,4625977.600281014,Conglomerados; areniscas; arcillas; calizas y evaporitas; Vulcanitas basicas,CENOZOICO,,NODATA_API_LIMIT,OBSERVED_IGME_1M
BG_0282,Background_Point_282,37.01228961727378,-3.1886937565672335,0,Spatial_Background_Buffered,0,0,0,0,,,,,115160.9,107089.2,0.0,483213.4656935123,4096252.338964642,Rocas metamorficas,PROTEROZOICO-PALEOZOICO,BLOQUE DE ALBORAN,NODATA_API_LIMIT,OBSERVED_IGME_1M
BG_0283,Background_Point_283,42.44657012475735,2.3146853538094225,0,Spatial_Background_Buffered,0,0,0,0,,,,,115057.9,123416.6,0.0,937115.0191179843,4713063.373479044,Granitoides de emplazamiento meso-catazonal,PROTEROZOICO,ROCAS PLUTONICAS PREHERCINICAS,NODATA_API_LIMIT,OBSERVED_IGME_1M
BG_0284,Background_Point_284,39.19557544453071,-1.81205304126895,0,Spatial_Background_Buffered,0,0,0,0,,,,,28191.9,772.4,0.0,602584.1203831899,4339152.298289611,Conglomerados; areniscas; arcillas; calizas y evaporitas; Vulcanitas basicas,CENOZOICO,,NODATA_API_LIMIT,OBSERVED_IGME_1M
BG_0285,Background_Point_285,38.64234962245751,-7.0607056418211105,0,Spatial_Background_Buffered,0,0,0,0,,,,,11079.3,3712.0,0.0,146547.39299872663,4284917.655399016,Cuarcitas; pizarras; areniscas; calizas y vulcanitas,PALEOZOICO,,NODATA_API_LIMIT,OBSERVED_IGME_1M
BG_0286,Background_Point_286,39.18743143745396,-4.349232118784493,0,Spatial_Background_Buffered,0,0,0,0,,,,,441.1,520.9,0.0936,383474.29593747255,4338443.389552302,Cuarcitas; pizarras; areniscas; calizas y vulcanitas,PALEOZOICO,,NODATA_API_LIMIT,OBSERVED_IGME_1M
BG_0287,Background_Point_287,43.18753212562841,-2.301179538643381,0,Spatial_Background_Buffered,0,0,0,0,,,,,49016.0,38636.6,0.0,556786.2624972344,4781877.273950847,Calizas; dolomias y margas; Conglomerados y areniscas,MESOZOICO,,NODATA_API_LIMIT,OBSERVED_IGME_1M
BG_0288,Background_Point_288,38.79662252106686,-4.216090284420003,0,Spatial_Background_Buffered,0,0,0,0,,,,,6864.7,1946.4,0.0,394394.09521106706,4294910.221611793,Gneises; esquistos; marmoles y vulcanitas,PROTEROZOICO,,NODATA_API_LIMIT,OBSERVED_IGME_1M
BG_0289,Background_Point_289,39.579177398284486,-0.3584404931651215,0,Spatial_Background_Buffered,0,0,0,0,,,,,33674.4,24579.5,0.0,726876.0608932861,4384385.249756336,Conglomerados; areniscas; arcillas; calizas y evaporitas; Vulcanitas basicas,CENOZOICO,,NODATA_API_LIMIT,OBSERVED_IGME_1M
BG_0290,Background_Point_290,39.58539589224888,-5.434667811681477,0,Spatial_Background_Buffered,0,0,0,0,,,,,464.5,456.7,0.2638,290914.09949898464,4384573.588712789,Gneises; esquistos; marmoles y vulcanitas,PROTEROZOICO,,NODATA_API_LIMIT,OBSERVED_IGME_1M
BG_0291,Background_Point_291,37.453779491043015,-6.168471964260501,0,Spatial_Background_Buffered,0,0,0,0,,,,,110089.4,110137.7,0.0,219728.46732282988,4149928.9385302896,Conglomerados; areniscas; arcillas; calizas y evaporitas; Vulcanitas basicas,CENOZOICO,,NODATA_API_LIMIT,OBSERVED_IGME_1M
BG_0292,Background_Point_292,39.35390342676274,-2.7259408546428867,0,Spatial_Background_Buffered,0,0,0,0,,,,,16222.7,4185.3,0.0,523612.6068285578,4356086.632078866,Conglomerados; gravas; arenas y limos,CENOZOICO,,NODATA_API_LIMIT,OBSERVED_IGME_1M
BG_0293,Background_Point_293,40.98263914530154,-1.888548854386166,0,Spatial_Background_Buffered,0,0,0,0,,,,,1922.3,1341.9,0.1355,593500.097736337,4537424.644731601,Calizas; dolomias y margas; Conglomerados y areniscas,MESOZOICO,,NODATA_API_LIMIT,OBSERVED_IGME_1M
BG_0294,Background_Point_294,41.13418651565165,-7.632536247025805,0,Spatial_Background_Buffered,0,0,0,0,,,,,162459.0,161968.3,0.0,111130.28810008359,4564006.766214204,Cuarcitas; pizarras; areniscas; calizas y vulcanitas,PALEOZOICO,,NODATA_API_LIMIT,OBSERVED_IGME_1M
BG_0295,Background_Point_295,43.463778851725635,-6.073986233912096,0,Spatial_Background_Buffered,0,0,0,0,,,,,229.0,1067.9,0.2394,251330.57183928872,4816909.769849037,Areniscas; pizarras y calizas,PALEOZOICO,,NODATA_API_LIMIT,OBSERVED_IGME_1M
BG_0296,Background_Point_296,39.27804406666205,-6.17220700755769,0,Spatial_Background_Buffered,0,0,0,0,,,,,13643.5,11750.2,0.0,226363.31859014602,4352430.50516797,Gneises; esquistos; marmoles y vulcanitas,PROTEROZOICO,,NODATA_API_LIMIT,OBSERVED_IGME_1M
BG_0297,Background_Point_297,43.70682667212914,-7.064153831886106,0,Spatial_Background_Buffered,0,0,0,0,,,,,20894.7,16658.6,0.0,172547.2178668473,4847343.114069056,UNMAPPED_OR_NODATA,UNMAPPED_OR_NODATA,UNMAPPED_OR_NODATA,NODATA_API_LIMIT,NODATA_ERROR
BG_0298,Background_Point_298,40.70516696828666,-2.6819688344105628,0,Spatial_Background_Buffered,0,0,0,0,,,,,28394.9,21489.4,0.0,526865.7587815563,4506077.264722037,Conglomerados; areniscas; arcillas; calizas y evaporitas; Vulcanitas basicas,CENOZOICO,,NODATA_API_LIMIT,OBSERVED_IGME_1M
BG_0299,Background_Point_299,41.81484362485729,-7.129098530627888,0,Spatial_Background_Buffered,0,0,0,0,,,,,125259.8,125615.9,0.0,157015.00578016337,4637466.399839301,Areniscas; pizarras y calizas,PALEOZOICO,,NODATA_API_LIMIT,OBSERVED_IGME_1M
BG_0300,Background_Point_300,42.99051061922175,-5.718006124677272,0,Spatial_Background_Buffered,0,0,0,0,,,,,1517.8,3090.8,0.2065,278419.7541312479,4763346.146024607,Cuarcitas; pizarras; areniscas; calizas y vulcanitas,PROTEROZOICO-PALEOZOICO,,NODATA_API_LIMIT,OBSERVED_IGME_1M
BG_0301,Background_Point_301,37.578183211674116,-5.555124607486518,0,Spatial_Background_Buffered,0,0,0,0,,,,,99002.7,98880.5,0.0,274368.6944097061,4162084.5625641164,Conglomerados; areniscas; arcillas; calizas y evaporitas; Vulcanitas basicas,CENOZOICO,,NODATA_API_LIMIT,OBSERVED_IGME_1M
BG_0302,Background_Point_302,39.681476001573564,-7.301420190127025,0,Spatial_Background_Buffered,0,0,0,0,,,,,5211.9,113.6,0.0,131067.21767088065,4401256.9033435,Turbiditas calcareas,CENOZOICO,,NODATA_API_LIMIT,OBSERVED_IGME_1M
BG_0303,Background_Point_303,39.578208624074264,0.017791285007837356,0,Spatial_Background_Buffered,0,0,0,0,,,,,58187.8,45948.2,0.0,759198.474190759,4385295.509535823,UNMAPPED_OR_NODATA,UNMAPPED_OR_NODATA,UNMAPPED_OR_NODATA,NODATA_API_LIMIT,NODATA_ERROR
BG_0304,Background_Point_304,39.520262125212255,-2.4679528697268966,0,Spatial_Background_Buffered,0,0,0,0,,,,,7456.0,25.0,0.0,545731.728928443,4374648.334897494,Conglomerados; areniscas; arcillas; calizas y evaporitas; Vulcanitas basicas,CENOZOICO,,NODATA_API_LIMIT,OBSERVED_IGME_1M
BG_0305,Background_Point_305,40.42976988511065,-3.6997129547147485,0,Spatial_Background_Buffered,0,0,0,0,,,,,48989.6,23320.9,0.0,440648.6017440271,4475694.2816119855,Conglomerados; areniscas; arcillas; calizas y evaporitas; Vulcanitas basicas,CENOZOICO,,NODATA_API_LIMIT,OBSERVED_IGME_1M
BG_0306,Background_Point_306,37.49979781228723,-6.032154854866019,0,Spatial_Background_Buffered,0,0,0,0,,,,,105548.9,105548.9,0.0,231954.20904110564,4154638.9109209804,Conglomerados; gravas; arenas y limos,CENOZOICO,,NODATA_API_LIMIT,OBSERVED_IGME_1M
BG_0307,Background_Point_307,39.26363324567259,-1.2914562040918152,0,Spatial_Background_Buffered,0,0,0,0,,,,,13643.5,45.3,0.0,647399.6117531634,4347424.045433382,Conglomerados; gravas; arenas y limos,CENOZOICO,,NODATA_API_LIMIT,OBSERVED_IGME_1M
BG_0308,Background_Point_308,37.264266434218044,-7.266826910486219,0,Spatial_Background_Buffered,0,0,0,0,,,,,130098.3,129773.5,0.0,121578.40231129313,4132729.7077612616,Conglomerados; areniscas; arcillas; calizas y evaporitas; Vulcanitas basicas,CENOZOICO,,NODATA_API_LIMIT,OBSERVED_IGME_1M
BG_0309,Background_Point_309,41.16528626514715,-0.5138295456180403,0,Spatial_Background_Buffered,0,0,0,0,,,,,7762.5,3973.0,0.0,708576.3945202879,4560085.350623629,Conglomerados; areniscas; arcillas; calizas y evaporitas; Vulcanitas basicas,CENOZOICO,,NODATA_API_LIMIT,OBSERVED_IGME_1M
BG_0310,Background_Point_310,37.76773823893475,-7.279154800576846,0,Spatial_Background_Buffered,0,0,0,0,,,,,74135.2,73891.2,0.0,123031.59362796097,4188676.337643007,Rocas metamorficas,PROTEROZOICO-PALEOZOICO,UNIDADES ALOCTONAS DEL MACIZO HESPERICO,NODATA_API_LIMIT,OBSERVED_IGME_1M
BG_0311,Background_Point_311,41.26576343804856,-5.430414751013076,0,Spatial_Background_Buffered,0,0,0,0,,,,,163625.4,144261.6,0.0,296413.57709986065,4571108.83205892,Conglomerados; areniscas; arcillas y calizas; Evaporitas,CENOZOICO,,NODATA_API_LIMIT,OBSERVED_IGME_1M
BG_0312,Background_Point_312,37.956516111742204,-1.2375675015153296,0,Spatial_Background_Buffered,0,0,0,0,,,,,2330.8,2263.1,0.0859,654834.1916740935,4202455.3638897175,Conglomerados; gravas; arenas y limos,CENOZOICO,,NODATA_API_LIMIT,OBSERVED_IGME_1M
BG_0313,Background_Point_313,37.95311276576598,-6.590354203889123,0,Spatial_Background_Buffered,0,0,0,0,,,,,57248.5,56289.2,0.0,184525.1838454434,4206696.362349536,Areniscas; pizarras y calizas,PALEOZOICO,,NODATA_API_LIMIT,OBSERVED_IGME_1M
BG_0314,Background_Point_314,42.668809413229,-0.389451537514029,0,Spatial_Background_Buffered,0,0,0,0,,,,,16772.8,16173.7,0.0,713926.8920773102,4727341.997890343,Conglomerados; areniscas; arcillas y calizas; Evaporitas,CENOZOICO,,NODATA_API_LIMIT,OBSERVED_IGME_1M
BG_0315,Background_Point_315,37.70000109701516,-1.0957765590399957,0,Spatial_Background_Buffered,0,0,0,0,,,,,16421.1,16635.1,0.0,667872.3660850492,4174236.6511034477,Conglomerados; gravas; arenas y limos,CENOZOICO,,NODATA_API_LIMIT,OBSERVED_IGME_1M
BG_0316,Background_Point_316,42.994684015292066,-4.8502343153991285,0,Spatial_Background_Buffered,0,0,0,0,,,,,3629.3,8568.9,0.0885,349175.57072186127,4761885.445742952,Areniscas; pizarras y calizas,PALEOZOICO,,NODATA_API_LIMIT,OBSERVED_IGME_1M
BG_0317,Background_Point_317,36.32214692912958,-5.487482908610495,0,Spatial_Background_Buffered,0,0,0,0,,,,,237872.5,238294.7,0.0,276703.31687412324,4022552.373292747,Conglomerados; areniscas; arcillas; calizas y evaporitas; Vulcanitas basicas,CENOZOICO,,NODATA_API_LIMIT,OBSERVED_IGME_1M
BG_0318,Background_Point_318,40.57457540051923,-5.903634505769405,0,Spatial_Background_Buffered,0,0,0,0,,,,,97403.6,91052.6,0.0,254220.11982632772,4495585.3268242385,Cuarcitas; pizarras; areniscas; calizas y vulcanitas,PROTEROZOICO-PALEOZOICO,,NODATA_API_LIMIT,OBSERVED_IGME_1M
BG_0319,Background_Point_319,42.98044748890479,-3.5125345685512466,0,Spatial_Background_Buffered,0,0,0,0,,,,,26315.5,8187.4,0.0,458210.86800362327,4758770.954415428,Conglomerados; areniscas; arcillas; calizas y evaporitas; Vulcanitas basicas,CENOZOICO,,NODATA_API_LIMIT,OBSERVED_IGME_1M
BG_0320,Background_Point_320,39.035285941258664,-5.073766951332388,0,Spatial_Background_Buffered,0,0,0,0,,,,,7449.2,6588.5,0.0,320509.9184165986,4322738.546942177,Gneises; esquistos; marmoles y vulcanitas,PROTEROZOICO,,NODATA_API_LIMIT,OBSERVED_IGME_1M
BG_0321,Background_Point_321,38.19288264435778,-1.838041830161277,0,Spatial_Background_Buffered,0,0,0,0,,,,,7476.1,5572.3,0.0,601750.7011375865,4227854.094699445,Conglomerados; areniscas; arcillas; calizas y evaporitas; Vulcanitas basicas,CENOZOICO,,NODATA_API_LIMIT,OBSERVED_IGME_1M
BG_0322,Background_Point_322,39.2715254394384,-1.486856128963184,0,Spatial_Background_Buffered,0,0,0,0,,,,,23227.6,174.9,0.0,630526.5716717639,4347999.904362555,Conglomerados; gravas; arenas y limos,CENOZOICO,,NODATA_API_LIMIT,OBSERVED_IGME_1M
BG_0323,Background_Point_323,39.483183554734744,-2.194885111289588,0,Spatial_Background_Buffered,0,0,0,0,,,,,30144.5,4525.3,0.0,569240.1037241833,4370707.549765019,Conglomerados; areniscas; arcillas; calizas y evaporitas; Vulcanitas basicas,CENOZOICO,,NODATA_API_LIMIT,OBSERVED_IGME_1M
BG_0324,Background_Point_324,43.3936093949346,-4.848496598484723,0,Spatial_Background_Buffered,0,0,0,0,,,,,298.5,1344.8,0.3869,350295.89561063005,4806185.310917833,Conglomerados; areniscas; pizarras; calizas y vulcanitas; Carbon,PALEOZOICO,,NODATA_API_LIMIT,OBSERVED_IGME_1M
BG_0325,Background_Point_325,42.188012594181146,1.363813131149594,0,Spatial_Background_Buffered,0,0,0,0,,,,,66242.5,60572.8,0.0,860369.3928599777,4679876.967555217,Calizas; dolomias y margas; Areniscas,MESOZOICO,,NODATA_API_LIMIT,OBSERVED_IGME_1M
BG_0326,Background_Point_326,40.27638589927277,-5.018693632598149,0,Spatial_Background_Buffered,0,0,0,0,,,,,62252.1,61063.0,0.0,328375.75547720416,4460389.082461737,Granitoides de emplazamiento epi-mesozonal,PALEOZOICO,ROCAS PLUTONICAS HERCINICAS,NODATA_API_LIMIT,OBSERVED_IGME_1M
BG_0327,Background_Point_327,38.11006123124386,-1.42068364365219,0,Spatial_Background_Buffered,0,0,0,0,,,,,6107.6,1879.4,0.0,638456.4868522251,4219204.532618222,Conglomerados; areniscas; arcillas; calizas y evaporitas; Vulcanitas basicas,CENOZOICO,,NODATA_API_LIMIT,OBSERVED_IGME_1M
BG_0328,Background_Point_328,38.19527630050277,-5.901269900912713,0,Spatial_Background_Buffered,0,0,0,0,,,,,31503.5,32251.9,0.0,245927.39297105797,4231461.227541463,Gneises; esquistos; marmoles y vulcanitas,PROTEROZOICO,,NODATA_API_LIMIT,OBSERVED_IGME_1M
BG_0329,Background_Point_329,43.04971688818521,-7.71912655553099,0,Spatial_Background_Buffered,0,0,0,0,,,,,2488.2,1002.3,0.1188,115632.07506534673,4777153.985576424,Conglomerados; areniscas; arcillas y calizas; Evaporitas,CENOZOICO,,NODATA_API_LIMIT,OBSERVED_IGME_1M
BG_0330,Background_Point_330,40.506874528228586,-6.5394596796408315,0,Spatial_Background_Buffered,0,0,0,0,,,,,90984.8,90894.8,0.0,200088.42045661996,4490039.0041871155,Cuarcitas; pizarras; areniscas; calizas y vulcanitas,PROTEROZOICO-PALEOZOICO,,NODATA_API_LIMIT,OBSERVED_IGME_1M
BG_0331,Background_Point_331,40.37331367210305,-4.967743252930277,0,Spatial_Background_Buffered,0,0,0,0,,,,,72028.9,70432.4,0.0,332946.9375841251,4471051.3021384245,Granitoides de emplazamiento epi-mesozonal,PALEOZOICO,ROCAS PLUTONICAS HERCINICAS,NODATA_API_LIMIT,OBSERVED_IGME_1M
BG_0332,Background_Point_332,42.48462560907252,-1.1297982316134714,0,Spatial_Background_Buffered,0,0,0,0,,,,,20799.0,15015.0,0.0,653707.3300990845,4705280.533151122,Conglomerados; areniscas; arcillas y calizas; Evaporitas,CENOZOICO,,NODATA_API_LIMIT,OBSERVED_IGME_1M
BG_0333,Background_Point_333,36.20291251157988,-5.497550566984205,0,Spatial_Background_Buffered,0,0,0,0,,,,,251127.6,251535.6,0.0,275458.0809965127,4009346.4543597084,Conglomerados; areniscas; arcillas; calizas y evaporitas; Vulcanitas basicas,CENOZOICO,,NODATA_API_LIMIT,OBSERVED_IGME_1M
BG_0334,Background_Point_334,42.98492492232788,-6.478973654891981,0,Spatial_Background_Buffered,0,0,0,0,,,,,3708.0,826.6,0.0209,216352.78555848618,4765015.845570889,Cuarcitas; pizarras; areniscas; calizas y vulcanitas,PALEOZOICO,,NODATA_API_LIMIT,OBSERVED_IGME_1M
BG_0335,Background_Point_335,41.23138961210383,-1.682229419099377,0,Spatial_Background_Buffered,0,0,0,0,,,,,5287.8,3880.1,0.0,610439.3313686054,4565281.173364317,Cuarcitas; pizarras; areniscas; calizas y vulcanitas,PALEOZOICO,,NODATA_API_LIMIT,OBSERVED_IGME_1M
BG_0336,Background_Point_336,43.10642367731929,-6.083861681793735,0,Spatial_Background_Buffered,0,0,0,0,,,,,724.4,2732.5,0.2783,249065.58682993214,4777250.1540362155,Cuarcitas; pizarras; areniscas; calizas y vulcanitas,PALEOZOICO,,NODATA_API_LIMIT,OBSERVED_IGME_1M
BG_0337,Background_Point_337,39.07900906455992,-3.509217246528799,0,Spatial_Background_Buffered,0,0,0,0,,,,,32933.1,13388.0,0.0,455954.94615826214,4325667.749012073,Conglomerados; areniscas; arcillas; calizas y evaporitas; Vulcanitas basicas,CENOZOICO,,NODATA_API_LIMIT,OBSERVED_IGME_1M
BG_0338,Background_Point_338,41.75567202899565,-6.111188908710559,0,Spatial_Background_Buffered,0,0,0,0,,,,,135559.6,137437.3,0.0,241340.8634426675,4627328.573962415,Cuarcitas; pizarras; areniscas; calizas y vulcanitas,PALEOZOICO,,NODATA_API_LIMIT,OBSERVED_IGME_1M
BG_0339,Background_Point_339,40.69910425138002,-6.901178717310549,0,Spatial_Background_Buffered,0,0,0,0,,,,,116901.0,116506.2,0.0,170378.8677363575,4512679.29304643,Granitoides de emplazamiento epi-mesozonal,PALEOZOICO,ROCAS PLUTONICAS HERCINICAS,NODATA_API_LIMIT,OBSERVED_IGME_1M
BG_0340,Background_Point_340,39.10624872902278,-5.2141888095977365,0,Spatial_Background_Buffered,0,0,0,0,,,,,4266.2,4105.4,0.0123,308546.74322912283,4330901.27193568,Gneises; esquistos; marmoles y vulcanitas,PROTEROZOICO,,NODATA_API_LIMIT,OBSERVED_IGME_1M
BG_0341,Background_Point_341,38.396277952445374,-0.5816784920329513,0,Spatial_Background_Buffered,0,0,0,0,,,,,6071.8,529.2,0.0,711189.0194066087,4252553.458279699,Conglomerados; areniscas; calizas; yesos y arcillas versicolores,MESOZOICO,,NODATA_API_LIMIT,OBSERVED_IGME_1M
BG_0342,Background_Point_342,39.7878420497749,-2.04881879611034,0,Spatial_Background_Buffered,0,0,0,0,,,,,9885.8,1643.5,0.0,581443.9442523626,4404642.841869235,Conglomerados; areniscas; arcillas y calizas; Evaporitas,CENOZOICO,,NODATA_API_LIMIT,OBSERVED_IGME_1M
BG_0343,Background_Point_343,38.07699093865481,-7.2575618698640145,0,Spatial_Background_Buffered,0,0,0,0,,,,,39956.4,40160.5,0.0,126505.66480209197,4222924.437654851,Cuarcitas; pizarras; areniscas; calizas y vulcanitas,PALEOZOICO,,NODATA_API_LIMIT,OBSERVED_IGME_1M
BG_0344,Background_Point_344,40.71647670888248,-2.7405745915592417,0,Spatial_Background_Buffered,0,0,0,0,,,,,31472.1,25043.5,0.0,521911.3101210509,4507316.421579355,Conglomerados; areniscas; arcillas; calizas y evaporitas; Vulcanitas basicas,CENOZOICO,,NODATA_API_LIMIT,OBSERVED_IGME_1M
BG_0345,Background_Point_345,42.04098651979572,-4.4002566818684885,0,Spatial_Background_Buffered,0,0,0,0,,,,,79895.9,51539.9,0.0,384107.3071944167,4655275.373183949,Conglomerados; areniscas; arcillas; calizas y evaporitas; Vulcanitas basicas,CENOZOICO,,NODATA_API_LIMIT,OBSERVED_IGME_1M
BG_0346,Background_Point_346,39.912321356028976,-0.4382760682811244,0,Spatial_Background_Buffered,0,0,0,0,,,,,22655.8,17511.5,0.0,718960.4427730629,4421167.618775269,Conglomerados; areniscas; calizas; yesos y arcillas versicolores,MESOZOICO,,NODATA_API_LIMIT,OBSERVED_IGME_1M
BG_0347,Background_Point_347,39.45610689081827,-0.8481114885550495,0,Spatial_Background_Buffered,0,0,0,0,,,,,1152.7,346.2,0.1711,685142.0369635756,4369603.237813184,Calizas; dolomias y margas; Areniscas,MESOZOICO,,NODATA_API_LIMIT,OBSERVED_IGME_1M
BG_0348,Background_Point_348,42.395055740756064,-5.315256488620849,0,Spatial_Background_Buffered,0,0,0,0,,,,,66794.7,67612.4,0.0,309441.7282532408,4696236.9700230695,Conglomerados; areniscas; arcillas; calizas y evaporitas; Vulcanitas basicas,CENOZOICO,,NODATA_API_LIMIT,OBSERVED_IGME_1M
BG_0349,Background_Point_349,41.41738409763424,0.3443532157791494,0,Spatial_Background_Buffered,0,0,0,0,,,,,20244.0,2336.3,0.0,779503.4971236323,4590492.000226263,Conglomerados; areniscas; arcillas y calizas; Evaporitas,CENOZOICO,,NODATA_API_LIMIT,OBSERVED_IGME_1M
BG_0350,Background_Point_350,40.64889855843333,-4.995019896792312,0,Spatial_Background_Buffered,0,0,0,0,,,,,102670.5,100776.2,0.0,331323.3666454683,4501696.066838724,Granitoides postcinematicos de emplazamiento epizonal,PALEOZOICO,ROCAS PLUTONICAS HERCINICAS,NODATA_API_LIMIT,OBSERVED_IGME_1M
BG_0351,Background_Point_351,36.841910913755534,-4.044984209334789,0,Spatial_Background_Buffered,0,0,0,0,,,,,184694.4,184832.9,0.0,406827.81239902275,4077844.762327639,Conglomerados; areniscas; arcillas; calizas y evaporitas; Vulcanitas basicas,CENOZOICO,,NODATA_API_LIMIT,OBSERVED_IGME_1M
BG_0352,Background_Point_352,40.26084996003322,-5.853214889438202,0,Spatial_Background_Buffered,0,0,0,0,,,,,62389.8,55945.7,0.0,257362.9895128267,4460615.805271604,Granitoides de emplazamiento meso-catazonal,PALEOZOICO,ROCAS PLUTONICAS HERCINICAS,NODATA_API_LIMIT,OBSERVED_IGME_1M
BG_0353,Background_Point_353,41.67983392827631,1.1086584826687975,0,Spatial_Background_Buffered,0,0,0,0,,,,,62636.4,39829.9,0.0,842003.960494947,4622391.153448127,Conglomerados; gravas; arenas y limos,CENOZOICO,,NODATA_API_LIMIT,OBSERVED_IGME_1M
BG_0354,Background_Point_354,41.14076436878199,0.40259950727569876,0,Spatial_Background_Buffered,0,0,0,0,,,,,12353.9,13876.6,0.0,785576.9756822323,4559965.861704109,Conglomerados; areniscas; arcillas y calizas; Evaporitas,CENOZOICO,,NODATA_API_LIMIT,OBSERVED_IGME_1M
BG_0355,Background_Point_355,42.625752718709975,-0.7020993616069306,0,Spatial_Background_Buffered,0,0,0,0,,,,,5863.3,18796.4,0.0,688435.0798401746,4721816.303830521,Conglomerados; areniscas; arcillas y calizas; Evaporitas,CENOZOICO,,NODATA_API_LIMIT,OBSERVED_IGME_1M
BG_0356,Background_Point_356,39.8733803151309,-5.19574558868789,0,Spatial_Background_Buffered,0,0,0,0,,,,,17166.9,17481.0,0.0,312217.807530308,4416011.219096669,Conglomerados; areniscas; arcillas; calizas y evaporitas; Vulcanitas basicas,CENOZOICO,,NODATA_API_LIMIT,OBSERVED_IGME_1M
BG_0357,Background_Point_357,40.458905085516186,-5.907265292552142,0,Spatial_Background_Buffered,0,0,0,0,,,,,84863.9,78385.3,0.0,253489.0433582335,4482753.445969735,Cuarcitas; pizarras; areniscas; calizas y vulcanitas,PROTEROZOICO-PALEOZOICO,,NODATA_API_LIMIT,OBSERVED_IGME_1M
BG_0358,Background_Point_358,38.40217086028309,-0.7919635492201811,0,Spatial_Background_Buffered,0,0,0,0,,,,,9659.0,1108.3,0.0,692807.227159814,4252746.656266668,Calizas; dolomias y margas; Conglomerados y areniscas,MESOZOICO,,NODATA_API_LIMIT,OBSERVED_IGME_1M
BG_0359,Background_Point_359,42.54153486738165,1.0519439823890133,0,Spatial_Background_Buffered,0,0,0,0,,,,,31568.8,29018.4,0.0,832736.2533409164,4717866.98875481,Plutonismo orogennico colisional peraluminico,PALEOZOICO,ROCAS PLUTONICAS HERCINICAS,NODATA_API_LIMIT,OBSERVED_IGME_1M
BG_0360,Background_Point_360,42.48285244172951,-4.5666794596186575,0,Spatial_Background_Buffered,0,0,0,0,,,,,60842.2,58636.7,0.0,371235.40225676727,4704578.153028076,Conglomerados; areniscas; arcillas; calizas y evaporitas; Vulcanitas basicas,CENOZOICO,,NODATA_API_LIMIT,OBSERVED_IGME_1M
BG_0361,Background_Point_361,40.630088399681355,-7.357209182461655,0,Spatial_Background_Buffered,0,0,0,0,,,,,104749.7,103658.2,0.0,131456.4895081687,4506829.396709745,Granitoides de emplazamiento epi-mesozonal,PALEOZOICO,ROCAS PLUTONICAS HERCINICAS,NODATA_API_LIMIT,OBSERVED_IGME_1M
BG_0362,Background_Point_362,37.04630237416827,-5.299510847992692,0,Spatial_Background_Buffered,0,0,0,0,,,,,157677.7,158172.2,0.0,295507.5116945476,4102481.852910687,Conglomerados; areniscas; arcillas; calizas y evaporitas; Vulcanitas basicas,CENOZOICO,,NODATA_API_LIMIT,OBSERVED_IGME_1M
BG_0363,Background_Point_363,41.40852006626003,-7.0028102637751815,0,Spatial_Background_Buffered,0,0,0,0,,,,,171124.1,171338.5,0.0,165410.22138482778,4591845.459496419,Granitoides de emplazamiento meso-catazonal,PALEOZOICO,ROCAS PLUTONICAS HERCINICAS,NODATA_API_LIMIT,OBSERVED_IGME_1M
BG_0364,Background_Point_364,41.688491631844286,-4.335071982477831,0,Spatial_Background_Buffered,0,0,0,0,,,,,88301.0,41783.1,0.0,388893.71920285624,4616051.755799447,Conglomerados; areniscas; arcillas; calizas y evaporitas; Vulcanitas basicas,CENOZOICO,,NODATA_API_LIMIT,OBSERVED_IGME_1M
BG_0365,Background_Point_365,38.493765493253704,-6.949127185410422,0,Spatial_Background_Buffered,0,0,0,0,,,,,3049.5,2923.3,0.056,155552.889679101,4267996.787156018,Granitoides de emplazamiento meso-catazonal,PALEOZOICO,ROCAS PLUTONICAS PREHERCINICAS,NODATA_API_LIMIT,OBSERVED_IGME_1M
BG_0366,Background_Point_366,42.19899809903296,-2.2905996069625814,0,Spatial_Background_Buffered,0,0,0,0,,,,,5914.2,7835.6,0.0,558567.5985190367,4672114.690113119,Calizas; dolomias y margas; Conglomerados y areniscas,MESOZOICO,,NODATA_API_LIMIT,OBSERVED_IGME_1M
BG_0367,Background_Point_367,40.92900939772284,-4.53290830157177,0,Spatial_Background_Buffered,0,0,0,0,,,,,82575.3,91197.9,0.0,370939.62749225943,4532007.669971458,Conglomerados; gravas; arenas y limos,CENOZOICO,,NODATA_API_LIMIT,OBSERVED_IGME_1M
BG_0368,Background_Point_368,36.31053047067631,-5.249773257022273,0,Spatial_Background_Buffered,0,0,0,0,,,,,239456.7,239949.3,0.0,298015.5535405887,4020740.6643230575,Conglomerados; areniscas; arcillas; calizas y evaporitas; Vulcanitas basicas,CENOZOICO,,NODATA_API_LIMIT,OBSERVED_IGME_1M
BG_0369,Background_Point_369,42.161514830903194,1.8198874619681447,0,Spatial_Background_Buffered,0,0,0,0,,,,,99323.0,96253.0,0.0,898207.5437359618,4678965.750407616,Calizas; dolomias y margas; Areniscas,MESOZOICO,,NODATA_API_LIMIT,OBSERVED_IGME_1M
BG_0370,Background_Point_370,39.18747836227405,-0.08105907193224038,0,Spatial_Background_Buffered,0,0,0,0,,,,,19136.7,10808.1,0.0,752110.0455914579,4341641.276567856,UNMAPPED_OR_NODATA,UNMAPPED_OR_NODATA,UNMAPPED_OR_NODATA,NODATA_API_LIMIT,NODATA_ERROR
BG_0371,Background_Point_371,40.95152057621834,-2.906202663758538,0,Spatial_Background_Buffered,0,0,0,0,,,,,15825.5,6735.7,0.0,507894.2772583225,4533379.643735615,Conglomerados; gravas; arenas y limos,CENOZOICO,,NODATA_API_LIMIT,OBSERVED_IGME_1M
BG_0372,Background_Point_372,39.308343364919025,-0.06534454819515025,0,Spatial_Background_Buffered,0,0,0,0,,,,,29037.3,17531.5,0.0,753032.4017848405,4355101.764842234,UNMAPPED_OR_NODATA,UNMAPPED_OR_NODATA,UNMAPPED_OR_NODATA,NODATA_API_LIMIT,NODATA_ERROR
BG_0373,Background_Point_373,41.79325859702995,-3.5036578298523917,0,Spatial_Background_Buffered,0,0,0,0,,,,,49136.0,1490.5,0.0,458153.4519355096,4626944.9563505575,Conglomerados; gravas; arenas y limos,CENOZOICO,,NODATA_API_LIMIT,OBSERVED_IGME_1M
BG_0374,Background_Point_374,36.97062141821008,-5.213516518028884,0,Spatial_Background_Buffered,0,0,0,0,,,,,166669.9,167196.6,0.0,302960.573903057,4093902.9961616853,Conglomerados; areniscas; calizas; yesos y arcillas versicolores,MESOZOICO,,NODATA_API_LIMIT,OBSERVED_IGME_1M
BG_0375,Background_Point_375,38.340102864433575,-4.127924730952581,0,Spatial_Background_Buffered,0,0,0,0,,,,,21401.1,21465.2,0.0,401428.83399466006,4244153.142905969,Conglomerados; areniscas; pizarras; calizas y vulcanitas; Carbon,PALEOZOICO,,NODATA_API_LIMIT,OBSERVED_IGME_1M
BG_0376,Background_Point_376,37.92259880924104,-4.685443366222787,0,Spatial_Background_Buffered,0,0,0,0,,,,,66223.7,63690.6,0.0,351861.90238759154,4198566.5883924235,Conglomerados; areniscas; arcillas; calizas y evaporitas; Vulcanitas basicas,CENOZOICO,,NODATA_API_LIMIT,OBSERVED_IGME_1M
BG_0377,Background_Point_377,41.34746100354144,-3.876445750356418,0,Spatial_Background_Buffered,0,0,0,0,,,,,37495.8,35828.1,0.0,426677.65008572943,4577700.190289109,UNMAPPED_OR_NODATA,UNMAPPED_OR_NODATA,UNMAPPED_OR_NODATA,NODATA_API_LIMIT,NODATA_ERROR
BG_0378,Background_Point_378,43.38942055037245,-5.648169356707406,0,Spatial_Background_Buffered,0,0,0,0,,,,,1012.0,178.2,0.3981,285515.8046853045,4807467.006357691,Calizas; dolomias y margas; Areniscas,MESOZOICO,,NODATA_API_LIMIT,OBSERVED_IGME_1M
BG_0379,Background_Point_379,42.8765223900923,-3.5516778313065123,0,Spatial_Background_Buffered,0,0,0,0,,,,,14633.0,1733.8,0.0,454943.65941718913,4747250.56142784,Calizas; dolomias y margas; Areniscas,MESOZOICO,,NODATA_API_LIMIT,OBSERVED_IGME_1M
BG_0380,Background_Point_380,37.416661920643584,-1.6281041456256915,0,Spatial_Background_Buffered,0,0,0,0,,,,,3921.9,1569.7,0.0138,621399.6808291015,4141978.854178264,Conglomerados; gravas; arenas y limos,CENOZOICO,,NODATA_API_LIMIT,OBSERVED_IGME_1M
BG_0381,Background_Point_381,40.064265136177234,-1.6330339065149377,0,Spatial_Background_Buffered,0,0,0,0,,,,,10962.0,358.6,0.0,616576.2756470302,4435785.234364033,Calizas; dolomias y margas; Conglomerados y areniscas,MESOZOICO,,NODATA_API_LIMIT,OBSERVED_IGME_1M
BG_0382,Background_Point_382,37.47484861349825,-5.306230340916447,0,Spatial_Background_Buffered,0,0,0,0,,,,,110184.1,110695.0,0.0,296069.3399600949,4150048.827204682,Conglomerados; areniscas; arcillas; calizas y evaporitas; Vulcanitas basicas,CENOZOICO,,NODATA_API_LIMIT,OBSERVED_IGME_1M
BG_0383,Background_Point_383,37.548759110671426,-5.406479308623293,0,Spatial_Background_Buffered,0,0,0,0,,,,,101616.9,102065.8,0.0,287413.27770964906,4158472.522822616,Conglomerados; gravas; arenas y limos,CENOZOICO,,NODATA_API_LIMIT,OBSERVED_IGME_1M
BG_0384,Background_Point_384,38.78810234700055,0.023857441003079943,0,Spatial_Background_Buffered,0,0,0,0,,,,,1192.8,1784.6,0.0328,762646.8025317403,4297606.470291721,Turbiditas calcareas,CENOZOICO,,NODATA_API_LIMIT,OBSERVED_IGME_1M
BG_0385,Background_Point_385,43.48421293259979,-7.338267055802974,0,Spatial_Background_Buffered,0,0,0,0,,,,,2509.5,401.7,0.1733,149166.27507888692,4823737.235619689,Granitoides postcinematicos de emplazamiento epizonal,PALEOZOICO,ROCAS PLUTONICAS HERCINICAS,NODATA_API_LIMIT,OBSERVED_IGME_1M
BG_0386,Background_Point_386,41.949971271678905,-3.762454231263963,0,Spatial_Background_Buffered,0,0,0,0,,,,,57926.7,2278.0,0.0,436805.71606725996,4644502.704348478,Conglomerados; areniscas; arcillas; calizas y evaporitas; Vulcanitas basicas,CENOZOICO,,NODATA_API_LIMIT,OBSERVED_IGME_1M
BG_0387,Background_Point_387,40.23204398831091,-5.465546220674997,0,Spatial_Background_Buffered,0,0,0,0,,,,,59491.2,55006.8,0.0,290244.97259922966,4456428.2594594015,Gneises; esquistos; marmoles y vulcanitas,PROTEROZOICO,,NODATA_API_LIMIT,OBSERVED_IGME_1M
BG_0388,Background_Point_388,40.581918240701015,-1.7711586814090832,0,Spatial_Background_Buffered,0,0,0,0,,,,,22360.2,19195.8,0.0,603998.9446154477,4493073.276662139,Conglomerados; areniscas; calizas; yesos y arcillas versicolores,MESOZOICO,,NODATA_API_LIMIT,OBSERVED_IGME_1M
BG_0389,Background_Point_389,42.79731715334511,-6.940243424688387,0,Spatial_Background_Buffered,0,0,0,0,,,,,17154.2,18630.8,0.0,177763.81178809164,4745841.733235823,Cuarcitas; pizarras; areniscas; calizas y vulcanitas,PALEOZOICO,,NODATA_API_LIMIT,OBSERVED_IGME_1M
BG_0390,Background_Point_390,37.120928770855905,-4.961284513454352,0,Spatial_Background_Buffered,0,0,0,0,,,,,154202.6,152153.3,0.0,325760.03620040015,4110087.6830903837,Conglomerados; gravas; arenas y limos,CENOZOICO,,NODATA_API_LIMIT,OBSERVED_IGME_1M
BG_0391,Background_Point_391,42.273988571866255,1.035608868456283,0,Spatial_Background_Buffered,0,0,0,0,,,,,37779.2,32567.5,0.0,832808.474675633,4688088.663516146,Conglomerados; areniscas; arcillas; calizas y evaporitas; Vulcanitas basicas,CENOZOICO,,NODATA_API_LIMIT,OBSERVED_IGME_1M
BG_0392,Background_Point_392,40.349860338901486,-1.1518291715526825,0,Spatial_Background_Buffered,0,0,0,0,,,,,41165.6,11502.8,0.0,656955.6835431685,4468228.765017768,Conglomerados; areniscas; arcillas; calizas y evaporitas; Vulcanitas basicas,CENOZOICO,,NODATA_API_LIMIT,OBSERVED_IGME_1M
BG_0393,Background_Point_393,39.21275522543087,-6.776283160479638,0,Spatial_Background_Buffered,0,0,0,0,,,,,5878.5,5447.3,0.0,173938.7459246986,4347185.231110094,Areniscas; pizarras y calizas,PALEOZOICO,,NODATA_API_LIMIT,OBSERVED_IGME_1M
BG_0394,Background_Point_394,38.131135603864394,-3.949488007516107,0,Spatial_Background_Buffered,0,0,0,0,,,,,41814.3,42336.1,0.0,416785.2394604669,4220790.716196277,Granitoides de emplazamiento epi-mesozonal,PALEOZOICO,ROCAS PLUTONICAS HERCINICAS,NODATA_API_LIMIT,OBSERVED_IGME_1M
BG_0395,Background_Point_395,39.91630020986479,-0.48554705058848313,0,Spatial_Background_Buffered,0,0,0,0,,,,,18591.0,13622.3,0.0,714907.0966352972,4421494.374816955,Calizas; dolomias y margas; Conglomerados y areniscas,MESOZOICO,,NODATA_API_LIMIT,OBSERVED_IGME_1M
BG_0396,Background_Point_396,40.682763339696656,-2.899429104193029,0,Spatial_Background_Buffered,0,0,0,0,,,,,40508.8,22267.1,0.0,508498.5907276508,4503546.61696059,Conglomerados; areniscas; arcillas; calizas y evaporitas; Vulcanitas basicas,CENOZOICO,,NODATA_API_LIMIT,OBSERVED_IGME_1M
BG_0397,Background_Point_397,40.45982600737742,-0.9205186554229892,0,Spatial_Background_Buffered,0,0,0,0,,,,,40226.2,27331.0,0.0,676313.729675204,4480872.169396423,Calizas; dolomias y margas; Conglomerados y areniscas,MESOZOICO,,NODATA_API_LIMIT,OBSERVED_IGME_1M
BG_0398,Background_Point_398,42.85452352572798,-5.117774139738084,0,Spatial_Background_Buffered,0,0,0,0,,,,,16690.4,16690.4,0.0,326974.02964400814,4746835.488401884,Areniscas; pizarras y calizas,PALEOZOICO,,NODATA_API_LIMIT,OBSERVED_IGME_1M
BG_0399,Background_Point_399,41.14092444708395,0.31010479817203485,0,Spatial_Background_Buffered,0,0,0,0,,,,,17984.1,18783.2,0.0,777812.1183658888,4559684.059459662,Conglomerados; areniscas; arcillas y calizas; Evaporitas,CENOZOICO,,NODATA_API_LIMIT,OBSERVED_IGME_1M
BG_0400,Background_Point_400,42.529120011523986,-0.5391695599298174,0,Spatial_Background_Buffered,0,0,0,0,,,,,22985.8,18958.9,0.0,702108.5302077796,4711461.329109121,Conglomerados; areniscas; arcillas y calizas; Evaporitas,CENOZOICO,,NODATA_API_LIMIT,OBSERVED_IGME_1M
BG_0401,Background_Point_401,41.33149778167276,-0.6954244841073122,0,Spatial_Background_Buffered,0,0,0,0,,,,,30021.0,917.9,0.0,692850.742418891,4578119.655996256,Conglomerados; areniscas; arcillas; calizas y evaporitas; Vulcanitas basicas,CENOZOICO,,NODATA_API_LIMIT,OBSERVED_IGME_1M
BG_0402,Background_Point_402,41.900209901549474,-1.4831491803007573,0,Spatial_Background_Buffered,0,0,0,0,,,,,20989.4,3255.0,0.0,625819.6714829067,4639809.143623995,Conglomerados; areniscas; arcillas; calizas y evaporitas; Vulcanitas basicas,CENOZOICO,,NODATA_API_LIMIT,OBSERVED_IGME_1M
BG_0403,Background_Point_403,41.83135970553504,-4.3867215393020045,0,Spatial_Background_Buffered,0,0,0,0,,,,,95960.8,43997.5,0.0,384851.0261202706,4631982.017847867,Conglomerados; areniscas; arcillas; calizas y evaporitas; Vulcanitas basicas,CENOZOICO,,NODATA_API_LIMIT,OBSERVED_IGME_1M
BG_0404,Background_Point_404,38.25725052043704,-7.508829140604901,0,Spatial_Background_Buffered,0,0,0,0,,,,,21674.7,22094.3,0.0,105427.99095930855,4243982.413198676,Cuarcitas; pizarras; areniscas; calizas y vulcanitas,PALEOZOICO,,NODATA_API_LIMIT,OBSERVED_IGME_1M
BG_0405,Background_Point_405,38.124948886478215,-1.4365054039979763,0,Spatial_Background_Buffered,0,0,0,0,,,,,4763.4,275.8,0.0415,637041.4979641681,4220833.0439045355,Calizas; dolomias y margas; Conglomerados y areniscas,MESOZOICO,,NODATA_API_LIMIT,OBSERVED_IGME_1M
BG_0406,Background_Point_406,40.26983823184677,-1.3662995452886484,0,Spatial_Background_Buffered,0,0,0,0,,,,,30507.2,1057.7,0.0,638904.8476346696,4458987.572758477,Calizas; dolomias y margas; Conglomerados y areniscas,MESOZOICO,,NODATA_API_LIMIT,OBSERVED_IGME_1M
BG_0407,Background_Point_407,40.25475961334623,-0.09723239452897871,0,Spatial_Background_Buffered,0,0,0,0,,,,,53501.2,46067.2,0.0,746873.7171267238,4460076.5918746935,Conglomerados; gravas; arenas y limos,CENOZOICO,,NODATA_API_LIMIT,OBSERVED_IGME_1M
BG_0408,Background_Point_408,43.2576489197492,-6.854426771811377,0,Spatial_Background_Buffered,0,0,0,0,,,,,5936.1,2583.9,0.0,187133.26879207738,4796644.214150984,Cuarcitas; pizarras; areniscas; calizas y vulcanitas,PALEOZOICO,,NODATA_API_LIMIT,OBSERVED_IGME_1M
BG_0409,Background_Point_409,41.55619508276854,-4.728951894783894,0,Spatial_Background_Buffered,0,0,0,0,,,,,112339.3,77639.7,0.0,355819.0319047938,4601946.275348489,Conglomerados; areniscas; arcillas; calizas y evaporitas; Vulcanitas basicas,CENOZOICO,,NODATA_API_LIMIT,OBSERVED_IGME_1M
BG_0410,Background_Point_410,40.53348736708325,-7.046527084435404,0,Spatial_Background_Buffered,0,0,0,0,,,,,97766.6,95465.1,0.0,157248.01124845594,4494844.891149832,Granitoides de emplazamiento epi-mesozonal,PALEOZOICO,ROCAS PLUTONICAS HERCINICAS,NODATA_API_LIMIT,OBSERVED_IGME_1M
BG_0411,Background_Point_411,40.894233593863255,-4.258350161004579,0,Spatial_Background_Buffered,0,0,0,0,,,,,59248.2,69803.7,0.0,394000.59841001325,4527778.190102356,Conglomerados; areniscas; arcillas; calizas y evaporitas; Vulcanitas basicas,CENOZOICO,,NODATA_API_LIMIT,OBSERVED_IGME_1M
BG_0412,Background_Point_412,42.73477842809479,-7.411181398936215,0,Spatial_Background_Buffered,0,0,0,0,,,,,22606.4,22544.0,0.0,138880.7287406359,4740806.28522952,Conglomerados; areniscas; arcillas; calizas y evaporitas; Vulcanitas basicas,CENOZOICO,,NODATA_API_LIMIT,OBSERVED_IGME_1M
BG_0413,Background_Point_413,38.54236399109864,-7.373214997038117,0,Spatial_Background_Buffered,0,0,0,0,,,,,4848.9,351.9,0.0021,118805.01879964766,4275068.68627711,Areniscas; pizarras y calizas,PALEOZOICO,,NODATA_API_LIMIT,OBSERVED_IGME_1M
BG_0414,Background_Point_414,42.045514544715346,-2.8145605044523228,0,Spatial_Background_Buffered,0,0,0,0,,,,,5449.9,1720.4,0.0,515346.71184396587,4654846.305136625,Calizas; dolomias y margas; Conglomerados y areniscas,MESOZOICO,,NODATA_API_LIMIT,OBSERVED_IGME_1M
BG_0415,Background_Point_415,39.54179825159862,-0.8959785757661072,0,Spatial_Background_Buffered,0,0,0,0,,,,,3893.8,4840.0,0.075,680801.0701155295,4379017.300420236,Calizas; dolomias y margas; Areniscas,MESOZOICO,,NODATA_API_LIMIT,OBSERVED_IGME_1M
BG_0416,Background_Point_416,39.602018220017904,-3.4396554832970327,0,Spatial_Background_Buffered,0,0,0,0,,,,,35298.8,519.2,0.0,462254.106900577,4383678.970680224,Conglomerados; areniscas; arcillas; calizas y evaporitas; Vulcanitas basicas,CENOZOICO,,NODATA_API_LIMIT,OBSERVED_IGME_1M
BG_0417,Background_Point_417,42.18893500884814,-6.159739336975504,0,Spatial_Background_Buffered,0,0,0,0,,,,,87249.5,89631.3,0.0,239080.2480129188,4675588.11643744,Conglomerados; gravas; arenas y limos,CENOZOICO,,NODATA_API_LIMIT,OBSERVED_IGME_1M
BG_0418,Background_Point_418,37.81660853522763,-0.8456220240600731,0,Spatial_Background_Buffered,0,0,0,0,,,,,15757.6,7496.4,0.0,689629.8919142653,4187654.170870446,Conglomerados; gravas; arenas y limos,CENOZOICO,,NODATA_API_LIMIT,OBSERVED_IGME_1M
BG_0419,Background_Point_419,41.28981995947088,-6.940451527595608,0,Spatial_Background_Buffered,0,0,0,0,,,,,181508.4,179629.5,0.0,170023.8887734663,4578424.406763506,Cuarcitas; pizarras; areniscas; calizas y vulcanitas,PROTEROZOICO-PALEOZOICO,,NODATA_API_LIMIT,OBSERVED_IGME_1M
BG_0420,Background_Point_420,38.2248462462335,-1.2139716094941495,0,Spatial_Background_Buffered,0,0,0,0,,,,,4543.6,60.3,0.0295,656334.532138965,4232270.597948478,Conglomerados; areniscas; arcillas; calizas y evaporitas; Vulcanitas basicas,CENOZOICO,,NODATA_API_LIMIT,OBSERVED_IGME_1M
BG_0421,Background_Point_421,43.37082235474651,-3.4013430930726267,0,Spatial_Background_Buffered,0,0,0,0,,,,,220.5,709.0,0.1322,467484.58088621165,4802073.532142459,Calizas; dolomias y margas; Conglomerados y areniscas,MESOZOICO,,NODATA_API_LIMIT,OBSERVED_IGME_1M
BG_0422,Background_Point_422,41.034795167147685,-3.51431232985366,0,Spatial_Background_Buffered,0,0,0,0,,,,,9386.7,6795.3,0.0,456768.219387204,4542747.055514473,Cuarcitas; pizarras; areniscas; calizas y vulcanitas,PROTEROZOICO-PALEOZOICO,,NODATA_API_LIMIT,OBSERVED_IGME_1M
BG_0423,Background_Point_423,38.24361596718381,-3.7090293695218786,0,Spatial_Background_Buffered,0,0,0,0,,,,,33504.8,33690.6,0.0,437955.23826837516,4233082.92199637,UNMAPPED_OR_NODATA,UNMAPPED_OR_NODATA,UNMAPPED_OR_NODATA,NODATA_API_LIMIT,NODATA_ERROR
BG_0424,Background_Point_424,36.35839748759378,-5.439210110022671,0,Spatial_Background_Buffered,0,0,0,0,,,,,233759.0,234195.7,0.0,281138.9984213208,4026463.9704518346,Turbiditas calcareas,CENOZOICO,,NODATA_API_LIMIT,OBSERVED_IGME_1M
BG_0425,Background_Point_425,38.954677349189424,-1.2236934366776049,0,Spatial_Background_Buffered,0,0,0,0,,,,,8320.9,790.6,0.0,653916.8015695023,4313247.392165197,Calizas; dolomias y margas; Areniscas,MESOZOICO,,NODATA_API_LIMIT,OBSERVED_IGME_1M
BG_0426,Background_Point_426,42.02024741033129,1.0861694111645512,0,Spatial_Background_Buffered,0,0,0,0,,,,,49594.2,40707.5,0.0,838329.6927622692,4660107.324872981,Conglomerados; areniscas; arcillas y calizas; Evaporitas,CENOZOICO,,NODATA_API_LIMIT,OBSERVED_IGME_1M
BG_0427,Background_Point_427,42.57278890259486,0.11039825363871739,0,Spatial_Background_Buffered,0,0,0,0,,,,,11918.3,17941.7,0.0,755283.5679474442,4718065.743899355,Turbiditas calcareas,CENOZOICO,,NODATA_API_LIMIT,OBSERVED_IGME_1M
BG_0428,Background_Point_428,40.9044545506209,-0.06902794697691012,0,Spatial_Background_Buffered,0,0,0,0,,,,,17391.1,1612.2,0.0,746870.3923015491,4532287.273386703,Conglomerados; areniscas; arcillas y calizas; Evaporitas,CENOZOICO,,NODATA_API_LIMIT,OBSERVED_IGME_1M
BG_0429,Background_Point_429,37.05588560033717,-6.37686401507751,0,Spatial_Background_Buffered,0,0,0,0,,,,,155298.3,153785.0,0.0,199711.9606180353,4106407.923372168,Conglomerados; gravas; arenas y limos,CENOZOICO,,NODATA_API_LIMIT,OBSERVED_IGME_1M
BG_0430,Background_Point_430,39.42201578744023,-0.8771736365900923,0,Spatial_Background_Buffered,0,0,0,0,,,,,5620.9,1134.6,0.0,682730.4941446256,4365760.010664543,Calizas; dolomias y margas; Areniscas,MESOZOICO,,NODATA_API_LIMIT,OBSERVED_IGME_1M
BG_0431,Background_Point_431,39.879707693516565,-5.684373433319708,0,Spatial_Background_Buffered,0,0,0,0,,,,,18124.8,14676.1,0.0,270446.0176952862,4417855.364730221,Conglomerados; areniscas; arcillas; calizas y evaporitas; Vulcanitas basicas,CENOZOICO,,NODATA_API_LIMIT,OBSERVED_IGME_1M
BG_0432,Background_Point_432,40.530859345687425,-7.0778861106776105,0,Spatial_Background_Buffered,0,0,0,0,,,,,96783.0,94590.7,0.0,154577.59651386397,4494675.691627239,Granitoides de emplazamiento epi-mesozonal,PALEOZOICO,ROCAS PLUTONICAS HERCINICAS,NODATA_API_LIMIT,OBSERVED_IGME_1M
BG_0433,Background_Point_433,42.23471964526679,-5.076676492215682,0,Spatial_Background_Buffered,0,0,0,0,,,,,85551.6,85551.6,0.0,328644.393769833,4677925.23554161,Conglomerados; gravas; arenas y limos,CENOZOICO,,NODATA_API_LIMIT,OBSERVED_IGME_1M
BG_0434,Background_Point_434,39.621369663816715,-4.586743349225868,0,Spatial_Background_Buffered,0,0,0,0,,,,,1261.1,342.1,0.0894,363807.6650850377,4386937.126719531,Cuarcitas; pizarras; areniscas; calizas y vulcanitas,PALEOZOICO,,NODATA_API_LIMIT,OBSERVED_IGME_1M
BG_0435,Background_Point_435,39.818927789986006,-3.775606842346222,0,Spatial_Background_Buffered,0,0,0,0,,,,,12134.8,9864.2,0.0,433619.5229456821,4407948.009509555,Granitoides de emplazamiento meso-catazonal,PALEOZOICO,ROCAS PLUTONICAS HERCINICAS,NODATA_API_LIMIT,OBSERVED_IGME_1M
BG_0436,Background_Point_436,38.37264878899688,-1.7405390543768875,0,Spatial_Background_Buffered,0,0,0,0,,,,,12075.2,6410.8,0.0,610017.4659014081,4247913.191902908,Calizas; dolomias y margas; Conglomerados y areniscas,MESOZOICO,,NODATA_API_LIMIT,OBSERVED_IGME_1M
BG_0437,Background_Point_437,42.70875962454091,-0.6709603603570438,0,Spatial_Background_Buffered,0,0,0,0,,,,,8462.4,9484.0,0.0,690734.6032075612,4731104.037610824,Conglomerados; areniscas; arcillas y calizas; Evaporitas,CENOZOICO,,NODATA_API_LIMIT,OBSERVED_IGME_1M
BG_0438,Background_Point_438,36.94874457422489,-2.905308781269384,0,Spatial_Background_Buffered,0,0,0,0,,,,,90545.3,83078.1,0.0,508430.9051691546,4089190.6516554486,Rocas metamorficas,PALEOZOICO-MESOZOICO,BLOQUE DE ALBORAN,NODATA_API_LIMIT,OBSERVED_IGME_1M
BG_0439,Background_Point_439,39.92070110212982,-6.263015095065143,0,Spatial_Background_Buffered,0,0,0,0,,,,,30333.3,22469.4,0.0,221121.21146628624,4424054.930433652,Gneises; esquistos; marmoles y vulcanitas,PROTEROZOICO,,NODATA_API_LIMIT,OBSERVED_IGME_1M
BG_0440,Background_Point_440,41.515675241700066,-1.496804542493026,0,Spatial_Background_Buffered,0,0,0,0,,,,,1227.6,128.7,0.1516,625432.3741704013,4597095.224962489,Areniscas; pizarras y calizas,PALEOZOICO,,NODATA_API_LIMIT,OBSERVED_IGME_1M
BG_0441,Background_Point_441,40.101879832755166,-4.437308270758342,0,Spatial_Background_Buffered,0,0,0,0,,,,,43764.4,34128.7,0.0,377492.1120073931,4440054.896877005,Conglomerados; areniscas; arcillas; calizas y evaporitas; Vulcanitas basicas,CENOZOICO,,NODATA_API_LIMIT,OBSERVED_IGME_1M
BG_0442,Background_Point_442,38.77105925175343,-6.744246182912618,0,Spatial_Background_Buffered,0,0,0,0,,,,,22627.5,15076.2,0.0,174686.52427310834,4298032.891527804,Conglomerados; areniscas; arcillas; calizas y evaporitas; Vulcanitas basicas,CENOZOICO,,NODATA_API_LIMIT,OBSERVED_IGME_1M
BG_0443,Background_Point_443,37.15958260405923,-3.705202640955437,0,Spatial_Background_Buffered,0,0,0,0,,,,,150548.9,150766.4,0.0,437384.7847713567,4112808.3909366014,Conglomerados; areniscas; arcillas; calizas y evaporitas; Vulcanitas basicas,CENOZOICO,,NODATA_API_LIMIT,OBSERVED_IGME_1M
BG_0444,Background_Point_444,41.42174048047286,-2.0138095015126583,0,Spatial_Background_Buffered,0,0,0,0,,,,,11670.3,852.8,0.0,582409.7210223244,4586045.223766676,Conglomerados; areniscas; arcillas y calizas; Evaporitas,MESOZOICO-CENOZOICO,,NODATA_API_LIMIT,OBSERVED_IGME_1M
BG_0445,Background_Point_445,36.91078824107376,-5.891887290960067,0,Spatial_Background_Buffered,0,0,0,0,,,,,171959.9,171959.9,0.0,242360.1949202093,4088882.6642842405,Conglomerados; areniscas; arcillas; calizas y evaporitas; Vulcanitas basicas,CENOZOICO,,NODATA_API_LIMIT,OBSERVED_IGME_1M
BG_0446,Background_Point_446,41.54378611949994,-1.3099259117147812,0,Spatial_Background_Buffered,0,0,0,0,,,,,12406.9,2697.8,0.0,640965.7121120911,4600504.367513866,Conglomerados; gravas; arenas y limos,CENOZOICO,,NODATA_API_LIMIT,OBSERVED_IGME_1M
BG_0447,Background_Point_447,43.222497283871256,-7.594383772475566,0,Spatial_Background_Buffered,0,0,0,0,,,,,207.2,1599.2,0.3863,126848.22310179574,4795780.409307136,Cuarcitas; pizarras; areniscas; calizas y vulcanitas,PROTEROZOICO-PALEOZOICO,,NODATA_API_LIMIT,OBSERVED_IGME_1M
BG_0448,Background_Point_448,40.21581544203653,-7.181101055364678,0,Spatial_Background_Buffered,0,0,0,0,,,,,60680.2,58523.7,0.0,144175.59110375156,4460101.88500591,Gneises; esquistos; marmoles y vulcanitas,PROTEROZOICO,,NODATA_API_LIMIT,OBSERVED_IGME_1M
BG_0449,Background_Point_449,42.7886465282402,-0.5216592728330528,0,Spatial_Background_Buffered,0,0,0,0,,,,,2844.8,746.4,0.0303,702701.4415332789,4740323.755184173,Areniscas; pizarras y calizas,PALEOZOICO,,NODATA_API_LIMIT,OBSERVED_IGME_1M
BG_0450,Background_Point_450,42.25798011298675,-0.49076425986181554,0,Spatial_Background_Buffered,0,0,0,0,,,,,33276.3,11556.0,0.0,706973.8923125636,4681468.870609323,Conglomerados; areniscas; arcillas; calizas y evaporitas; Vulcanitas basicas,CENOZOICO,,NODATA_API_LIMIT,OBSERVED_IGME_1M
BG_0451,Background_Point_451,42.37770307768554,-4.353962044769975,0,Spatial_Background_Buffered,0,0,0,0,,,,,58720.4,48908.1,0.0,388532.66366138513,4692601.346684535,Conglomerados; gravas; arenas y limos,CENOZOICO,,NODATA_API_LIMIT,OBSERVED_IGME_1M
BG_0452,Background_Point_452,42.40186810918049,-2.204645143797916,0,Spatial_Background_Buffered,0,0,0,0,,,,,8951.5,989.3,0.0,565453.5197306757,4694703.104468119,Conglomerados; areniscas; arcillas; calizas y evaporitas; Vulcanitas basicas,CENOZOICO,,NODATA_API_LIMIT,OBSERVED_IGME_1M
BG_0453,Background_Point_453,41.74706530401945,-2.429402873276233,0,Spatial_Background_Buffered,0,0,0,0,,,,,4056.7,5115.2,0.0329,547442.2617956962,4621851.093492032,Calizas; dolomias y margas; Areniscas,MESOZOICO,,NODATA_API_LIMIT,OBSERVED_IGME_1M
BG_0454,Background_Point_454,37.347795526917494,-5.144656262695087,0,Spatial_Background_Buffered,0,0,0,0,,,,,126067.4,126653.6,0.0,310037.7489086245,4135612.97809621,Conglomerados; gravas; arenas y limos,CENOZOICO,,NODATA_API_LIMIT,OBSERVED_IGME_1M
BG_0455,Background_Point_455,42.154944043014126,-5.967796880434936,0,Spatial_Background_Buffered,0,0,0,0,,,,,92121.6,92121.6,0.0,254800.22833539438,4671243.731071107,Conglomerados; gravas; arenas y limos,CENOZOICO,,NODATA_API_LIMIT,OBSERVED_IGME_1M
BG_0456,Background_Point_456,39.94622776177761,-1.1282583753483495,0,Spatial_Background_Buffered,0,0,0,0,,,,,10503.6,487.1,0.0,659901.6091757447,4423466.358985168,Calizas; dolomias y margas; Conglomerados y areniscas,MESOZOICO,,NODATA_API_LIMIT,OBSERVED_IGME_1M
BG_0457,Background_Point_457,41.650383119476146,-2.134631780792996,0,Spatial_Background_Buffered,0,0,0,0,,,,,2024.0,107.2,0.0862,572059.0182969866,4611321.511531424,Conglomerados; areniscas; arcillas; calizas y evaporitas; Vulcanitas basicas,CENOZOICO,,NODATA_API_LIMIT,OBSERVED_IGME_1M
BG_0458,Background_Point_458,41.32231554178133,-5.752730685666872,0,Spatial_Background_Buffered,0,0,0,0,,,,,178411.6,166929.2,0.0,269611.0832897733,4578194.006066598,Conglomerados; areniscas; arcillas y calizas; Evaporitas,CENOZOICO,,NODATA_API_LIMIT,OBSERVED_IGME_1M
BG_0459,Background_Point_459,39.669733856295586,-5.109862658818777,0,Spatial_Background_Buffered,0,0,0,0,,,,,2094.3,3288.7,0.1276,319030.45523453166,4393229.513228419,Gneises; esquistos; marmoles y vulcanitas,PROTEROZOICO,,NODATA_API_LIMIT,OBSERVED_IGME_1M
BG_0460,Background_Point_460,41.642918172566795,1.0586237488313548,0,Spatial_Background_Buffered,0,0,0,0,,,,,61821.7,35170.3,0.0,838031.6295971235,4618093.709301362,Conglomerados; gravas; arenas y limos,CENOZOICO,,NODATA_API_LIMIT,OBSERVED_IGME_1M
BG_0461,Background_Point_461,39.373536823963974,-0.3148560316985794,0,Spatial_Background_Buffered,0,0,0,0,,,,,29462.3,9765.4,0.0,731300.5430199839,4361669.334280864,Conglomerados; gravas; arenas y limos,CENOZOICO,,NODATA_API_LIMIT,OBSERVED_IGME_1M
BG_0462,Background_Point_462,38.981029126876194,-4.223272125170729,0,Spatial_Background_Buffered,0,0,0,0,,,,,1853.2,51.2,0.1292,394044.74366491847,4315382.948536912,Cuarcitas; pizarras; areniscas; calizas y vulcanitas,PALEOZOICO,,NODATA_API_LIMIT,OBSERVED_IGME_1M
BG_0463,Background_Point_463,41.69954099212321,-3.3266213354619287,0,Spatial_Background_Buffered,0,0,0,0,,,,,44112.6,386.2,0.0,472823.1063111519,4616469.011352866,Conglomerados; areniscas; arcillas; calizas y evaporitas; Vulcanitas basicas,CENOZOICO,,NODATA_API_LIMIT,OBSERVED_IGME_1M
BG_0464,Background_Point_464,42.83413636459971,-2.8327534723782475,0,Spatial_Background_Buffered,0,0,0,0,,,,,22539.8,10802.0,0.0,513668.60021099745,4742409.752369411,Calizas; dolomias y margas; Areniscas,MESOZOICO,,NODATA_API_LIMIT,OBSERVED_IGME_1M
BG_0465,Background_Point_465,40.665923962847586,-4.948441702328362,0,Spatial_Background_Buffered,0,0,0,0,,,,,104152.8,101871.8,0.0,335303.62764979387,4503497.779304358,Granitoides postcinematicos de emplazamiento epizonal,PALEOZOICO,ROCAS PLUTONICAS HERCINICAS,NODATA_API_LIMIT,OBSERVED_IGME_1M
BG_0466,Background_Point_466,40.97232748998375,-1.4606077212597295,0,Spatial_Background_Buffered,0,0,0,0,,,,,8342.4,63.7,0.0,629521.5960289603,4536826.187078643,Conglomerados; gravas; arenas y limos,CENOZOICO,,NODATA_API_LIMIT,OBSERVED_IGME_1M
BG_0467,Background_Point_467,37.93116983641384,-5.8134587514788825,0,Spatial_Background_Buffered,0,0,0,0,,,,,61808.1,61201.7,0.0,252730.64253970567,4201911.826185296,Areniscas; pizarras y calizas,PALEOZOICO,,NODATA_API_LIMIT,OBSERVED_IGME_1M
BG_0468,Background_Point_468,42.79026097588594,-5.321323039451982,0,Spatial_Background_Buffered,0,0,0,0,,,,,23677.2,24644.1,0.0,310146.4132427005,4740137.416081634,Conglomerados; gravas; arenas y limos,CENOZOICO,,NODATA_API_LIMIT,OBSERVED_IGME_1M
BG_0469,Background_Point_469,40.0883592480263,-3.2520894826702844,0,Spatial_Background_Buffered,0,0,0,0,,,,,29939.9,9535.2,0.0,478509.46675226564,4437594.750840236,Conglomerados; areniscas; arcillas; calizas y evaporitas; Vulcanitas basicas,CENOZOICO,,NODATA_API_LIMIT,OBSERVED_IGME_1M
BG_0470,Background_Point_470,40.68153236822545,-4.120060182331153,0,Spatial_Background_Buffered,0,0,0,0,,,,,51482.7,66373.2,0.0,405348.36398980086,4504008.223719688,Granitoides postcinematicos de emplazamiento epizonal,PALEOZOICO,ROCAS PLUTONICAS HERCINICAS,NODATA_API_LIMIT,OBSERVED_IGME_1M
BG_0471,Background_Point_471,39.101869361592456,-6.018243018936339,0,Spatial_Background_Buffered,0,0,0,0,,,,,9432.3,391.5,0.0,238995.29169726936,4332419.306153997,Conglomerados; gravas; arenas y limos,CENOZOICO,,NODATA_API_LIMIT,OBSERVED_IGME_1M
BG_0472,Background_Point_472,38.62212520036284,-1.1824303317584093,0,Spatial_Background_Buffered,0,0,0,0,,,,,54.1,1565.0,0.0659,658226.1648600984,4276411.554590991,Calizas; dolomias y margas; Areniscas,MESOZOICO,,NODATA_API_LIMIT,OBSERVED_IGME_1M
BG_0473,Background_Point_473,36.687010901418105,-5.231294247877062,0,Spatial_Background_Buffered,0,0,0,0,,,,,197879.7,198388.0,0.0,300642.89384449436,4062472.2352305106,Conglomerados; areniscas; arcillas y calizas; Evaporitas,MESOZOICO-CENOZOICO,,NODATA_API_LIMIT,OBSERVED_IGME_1M
BG_0474,Background_Point_474,40.08774297393009,-5.999232795544666,0,Spatial_Background_Buffered,0,0,0,0,,,,,48863.9,40358.2,0.0,244294.21932440964,4441807.8562726155,Granitoides de emplazamiento meso-catazonal,PALEOZOICO,ROCAS PLUTONICAS HERCINICAS,NODATA_API_LIMIT,OBSERVED_IGME_1M
BG_0475,Background_Point_475,42.48498785312775,-4.381580949187452,0,Spatial_Background_Buffered,0,0,0,0,,,,,59222.0,54342.8,0.0,386452.69996659335,4704550.861000218,Conglomerados; areniscas; arcillas; calizas y evaporitas; Vulcanitas basicas,CENOZOICO,,NODATA_API_LIMIT,OBSERVED_IGME_1M
BG_0476,Background_Point_476,38.04977173830767,-3.384617385867678,0,Spatial_Background_Buffered,0,0,0,0,,,,,67404.7,67769.5,0.0,466254.39511253504,4211407.131699486,Conglomerados; areniscas; arcillas; calizas y evaporitas; Vulcanitas basicas,CENOZOICO,,NODATA_API_LIMIT,OBSERVED_IGME_1M
BG_0477,Background_Point_477,41.54881392284669,-1.5063379457959096,0,Spatial_Background_Buffered,0,0,0,0,,,,,380.9,1088.9,0.1163,624573.2386134255,4600760.634352629,Areniscas; pizarras y calizas,PALEOZOICO,,NODATA_API_LIMIT,OBSERVED_IGME_1M
BG_0478,Background_Point_478,37.39316718120886,-5.914561794397365,0,Spatial_Background_Buffered,0,0,0,0,,,,,118715.9,118715.9,0.0,241985.62171580739,4142476.33384507,Conglomerados; gravas; arenas y limos,CENOZOICO,,NODATA_API_LIMIT,OBSERVED_IGME_1M
BG_0479,Background_Point_479,41.69975881877147,-7.432222324520028,0,Spatial_Background_Buffered,0,0,0,0,,,,,137697.1,136995.7,0.0,131170.71289351152,4625941.712805795,Areniscas; pizarras y calizas,PALEOZOICO,,NODATA_API_LIMIT,OBSERVED_IGME_1M
BG_0480,Background_Point_480,39.76502775471024,-1.082601031375106,0,Spatial_Background_Buffered,0,0,0,0,,,,,8146.2,2523.3,0.0,664233.8484785344,4403436.244387342,UNMAPPED_OR_NODATA,UNMAPPED_OR_NODATA,UNMAPPED_OR_NODATA,NODATA_API_LIMIT,NODATA_ERROR
BG_0481,Background_Point_481,42.25097297249983,0.8491487748117086,0,Spatial_Background_Buffered,0,0,0,0,,,,,27601.1,22949.3,0.0,817544.8816238176,4684819.630007545,Conglomerados; areniscas; arcillas; calizas y evaporitas; Vulcanitas basicas,CENOZOICO,,NODATA_API_LIMIT,OBSERVED_IGME_1M
BG_0482,Background_Point_482,42.78861061511525,-1.8072627613470558,0,Spatial_Background_Buffered,0,0,0,0,,,,,3446.7,769.9,0.0564,597551.2097372394,4738030.58843627,Conglomerados; gravas; arenas y limos,CENOZOICO,,NODATA_API_LIMIT,OBSERVED_IGME_1M
BG_0483,Background_Point_483,36.97540903680149,-5.528120070392021,0,Spatial_Background_Buffered,0,0,0,0,,,,,165601.2,165774.4,0.0,274965.028531253,4095131.676488069,Conglomerados; areniscas; arcillas; calizas y evaporitas; Vulcanitas basicas,CENOZOICO,,NODATA_API_LIMIT,OBSERVED_IGME_1M
BG_0484,Background_Point_484,36.5669119035306,-4.907768489467082,0,Spatial_Background_Buffered,0,0,0,0,,,,,215173.7,213498.5,0.0,329287.16978944116,4048523.8276759177,Rocas metamorficas,PALEOZOICO-MESOZOICO,BLOQUE DE ALBORAN,NODATA_API_LIMIT,OBSERVED_IGME_1M
BG_0485,Background_Point_485,43.31610839086178,-2.364971016358671,0,Spatial_Background_Buffered,0,0,0,0,,,,,62262.1,53168.5,0.0,551494.0988008772,4796114.838450717,UNMAPPED_OR_NODATA,UNMAPPED_OR_NODATA,UNMAPPED_OR_NODATA,NODATA_API_LIMIT,NODATA_ERROR
BG_0486,Background_Point_486,37.00884908663001,-7.119229541845086,0,Spatial_Background_Buffered,0,0,0,0,,,,,157593.4,158222.3,0.0,133442.00956823322,4103793.426908523,UNMAPPED_OR_NODATA,UNMAPPED_OR_NODATA,UNMAPPED_OR_NODATA,NODATA_API_LIMIT,NODATA_ERROR
BG_0487,Background_Point_487,43.2968085537611,-3.192699729108479,0,Spatial_Background_Buffered,0,0,0,0,,,,,17989.7,12839.0,0.0,484369.17404092,4793793.764898719,Calizas; dolomias y margas; Conglomerados y areniscas,MESOZOICO,,NODATA_API_LIMIT,OBSERVED_IGME_1M
BG_0488,Background_Point_488,40.02035393913395,-4.538238103483328,0,Spatial_Background_Buffered,0,0,0,0,,,,,32674.6,30460.2,0.0,368732.6892302379,4431149.587385134,Conglomerados; gravas; arenas y limos,CENOZOICO,,NODATA_API_LIMIT,OBSERVED_IGME_1M
BG_0489,Background_Point_489,37.21007178886643,-7.10882025554075,0,Spatial_Background_Buffered,0,0,0,0,,,,,135245.3,135886.0,0.0,135336.93019283327,4126091.7208177755,UNMAPPED_OR_NODATA,UNMAPPED_OR_NODATA,UNMAPPED_OR_NODATA,NODATA_API_LIMIT,NODATA_ERROR
BG_0490,Background_Point_490,43.32993809814189,-7.881811322356085,0,Spatial_Background_Buffered,0,0,0,0,,,,,3092.2,4344.3,0.0328,104198.98379424817,4809040.017609753,Cuarcitas; pizarras; areniscas; calizas y vulcanitas,PALEOZOICO,,NODATA_API_LIMIT,OBSERVED_IGME_1M
BG_0491,Background_Point_491,42.77872860832409,-1.2487800402123206,0,Spatial_Background_Buffered,0,0,0,0,,,,,11322.8,9708.1,0.0,643251.9471431753,4737730.550342019,Conglomerados; gravas; arenas y limos,CENOZOICO,,NODATA_API_LIMIT,OBSERVED_IGME_1M
BG_0492,Background_Point_492,40.094488998821944,-3.1580339641940065,0,Spatial_Background_Buffered,0,0,0,0,,,,,22058.2,8710.5,0.0,486528.87728878023,4438256.6242923625,Conglomerados; gravas; arenas y limos,CENOZOICO,,NODATA_API_LIMIT,OBSERVED_IGME_1M
BG_0493,Background_Point_493,41.25277476470557,-2.814756511680493,0,Spatial_Background_Buffered,0,0,0,0,,,,,3136.7,1667.2,0.0676,515519.59321838216,4566834.618914189,Calizas; dolomias y margas; Conglomerados y areniscas,MESOZOICO,,NODATA_API_LIMIT,OBSERVED_IGME_1M
BG_0494,Background_Point_494,41.530521328330636,-4.657291577346797,0,Spatial_Background_Buffered,0,0,0,0,,,,,105800.9,73239.9,0.0,361740.4503525123,4598978.648326149,Conglomerados; areniscas; arcillas; calizas y evaporitas; Vulcanitas basicas,CENOZOICO,,NODATA_API_LIMIT,OBSERVED_IGME_1M
BG_0495,Background_Point_495,41.270900526695875,-5.7271185579832995,0,Spatial_Background_Buffered,0,0,0,0,,,,,172619.5,166906.4,0.0,271575.4343045061,4572417.56832618,Conglomerados; areniscas; arcillas y calizas; Evaporitas,CENOZOICO,,NODATA_API_LIMIT,OBSERVED_IGME_1M
BG_0496,Background_Point_496,39.52718875505548,-1.0021629409061272,0,Spatial_Background_Buffered,0,0,0,0,,,,,3462.5,2394.3,0.0327,671711.8004913573,4377187.686408886,Conglomerados; areniscas; arcillas; calizas y evaporitas; Vulcanitas basicas,CENOZOICO,,NODATA_API_LIMIT,OBSERVED_IGME_1M
BG_0497,Background_Point_497,42.540929596183965,-0.701597454522649,0,Spatial_Background_Buffered,0,0,0,0,,,,,13179.2,15346.0,0.0,688732.0593922399,4712397.996200894,Conglomerados; areniscas; arcillas y calizas; Evaporitas,CENOZOICO,,NODATA_API_LIMIT,OBSERVED_IGME_1M
BG_0498,Background_Point_498,41.277728485601,1.8104135219614714,0,Spatial_Background_Buffered,0,0,0,0,,,,,110003.9,103798.6,0.0,902922.0865529197,4580760.824046199,Calizas; dolomias y margas; Areniscas,MESOZOICO,,NODATA_API_LIMIT,OBSERVED_IGME_1M
BG_0499,Background_Point_499,40.87729275033007,-2.7317913752203635,0,Spatial_Background_Buffered,0,0,0,0,,,,,14896.0,9370.5,0.0,522598.5494071632,4525170.154171032,Conglomerados; areniscas; arcillas; calizas y evaporitas; Vulcanitas basicas,CENOZOICO,,NODATA_API_LIMIT,OBSERVED_IGME_1M
BG_0500,Background_Point_500,43.18183595009881,-7.603866052831639,0,Spatial_Background_Buffered,0,0,0,0,,,,,3138.3,84.2,0.1981,125829.00074231133,4791306.391180931,Conglomerados; areniscas; arcillas y calizas; Evaporitas,CENOZOICO,,NODATA_API_LIMIT,OBSERVED_IGME_1M
BG_0501,Background_Point_501,41.30533255359493,-0.777007539701194,0,Spatial_Background_Buffered,0,0,0,0,,,,,29994.8,3978.4,0.0,686097.738376827,4575036.37791066,Calizas; dolomias y margas; Conglomerados y areniscas,MESOZOICO,,NODATA_API_LIMIT,OBSERVED_IGME_1M
BG_0502,Background_Point_502,41.16286835960702,-5.582613188450323,0,Spatial_Background_Buffered,0,0,0,0,,,,,160652.4,156336.2,0.0,283323.8795380596,4560052.649697758,Conglomerados; areniscas; arcillas y calizas; Evaporitas,CENOZOICO,,NODATA_API_LIMIT,OBSERVED_IGME_1M
BG_0503,Background_Point_503,41.13061890753525,-3.7769674502789696,0,Spatial_Background_Buffered,0,0,0,0,,,,,26841.6,26249.8,0.0,434784.7448060347,4553548.030485269,Granitoides de emplazamiento meso-catazonal,PROTEROZOICO,ROCAS PLUTONICAS PREHERCINICAS,NODATA_API_LIMIT,OBSERVED_IGME_1M
BG_0504,Background_Point_504,41.12487085023686,-6.685456302250476,0,Spatial_Background_Buffered,0,0,0,0,,,,,160258.4,160408.7,0.0,190604.07576179213,4559168.508912581,Gneises; esquistos; marmoles y vulcanitas,PROTEROZOICO,,NODATA_API_LIMIT,OBSERVED_IGME_1M
BG_0505,Background_Point_505,42.06366878323331,1.1108373962491978,0,Spatial_Background_Buffered,0,0,0,0,,,,,52054.7,41526.3,0.0,840140.4327866703,4665027.661449533,Calizas; dolomias y margas; Areniscas,MESOZOICO,,NODATA_API_LIMIT,OBSERVED_IGME_1M
BG_0506,Background_Point_506,41.79676335819543,-2.0134479361222226,0,Spatial_Background_Buffered,0,0,0,0,,,,,1232.5,1780.6,0.1052,581963.8218386676,4627681.827863628,Calizas; dolomias y margas; Conglomerados y areniscas,MESOZOICO,,NODATA_API_LIMIT,OBSERVED_IGME_1M
BG_0507,Background_Point_507,41.24929489297093,-4.456367377995697,0,Spatial_Background_Buffered,0,0,0,0,,,,,84758.7,79139.3,0.0,377978.1873287529,4567454.377729047,Conglomerados; gravas; arenas y limos,CENOZOICO,,NODATA_API_LIMIT,OBSERVED_IGME_1M
BG_0508,Background_Point_508,41.93139096666493,0.45751053620990534,0,Spatial_Background_Buffered,0,0,0,0,,,,,8046.2,526.6,0.0,786669.0506500698,4647942.3645601235,Conglomerados; areniscas; arcillas; calizas y evaporitas; Vulcanitas basicas,CENOZOICO,,NODATA_API_LIMIT,OBSERVED_IGME_1M
BG_0509,Background_Point_509,38.94359586662932,-4.432017570895826,0,Spatial_Background_Buffered,0,0,0,0,,,,,3580.3,687.2,0.0583,375897.9554152298,4311492.304640688,Gneises; esquistos; marmoles y vulcanitas,PROTEROZOICO,,NODATA_API_LIMIT,OBSERVED_IGME_1M
BG_0510,Background_Point_510,41.46942860929834,-3.7575025081259423,0,Spatial_Background_Buffered,0,0,0,0,,,,,35018.6,31757.6,0.0,436746.7878678671,4591147.125686383,Conglomerados; areniscas; calizas; yesos y arcillas versicolores,MESOZOICO,,NODATA_API_LIMIT,OBSERVED_IGME_1M
BG_0511,Background_Point_511,39.57938543531996,-3.81188004446998,0,Spatial_Background_Buffered,0,0,0,0,,,,,10541.8,343.0,0.0,430274.38607979385,4381389.579229151,Conglomerados; areniscas; arcillas; calizas y evaporitas; Vulcanitas basicas,CENOZOICO,,NODATA_API_LIMIT,OBSERVED_IGME_1M
BG_0512,Background_Point_512,38.9819757459485,-5.286894107687346,0,Spatial_Background_Buffered,0,0,0,0,,,,,1305.5,191.6,0.0284,301912.51124317833,4317264.022884939,Cuarcitas; pizarras; areniscas; calizas y vulcanitas,PALEOZOICO,,NODATA_API_LIMIT,OBSERVED_IGME_1M
BG_0513,Background_Point_513,36.68311335752416,-5.314701709169377,0,Spatial_Background_Buffered,0,0,0,0,,,,,197870.2,198349.7,0.0,293179.18317367876,4062216.535203177,Conglomerados; areniscas; arcillas y calizas; Evaporitas,MESOZOICO-CENOZOICO,,NODATA_API_LIMIT,OBSERVED_IGME_1M
BG_0514,Background_Point_514,41.25535734674666,-1.6520032015984163,0,Spatial_Background_Buffered,0,0,0,0,,,,,5698.8,1409.7,0.0,612931.3043741712,4567980.878771763,Conglomerados; areniscas; arcillas; calizas y evaporitas; Vulcanitas basicas,CENOZOICO,,NODATA_API_LIMIT,OBSERVED_IGME_1M
BG_0515,Background_Point_515,39.68619408027277,-1.5240183223579624,0,Spatial_Background_Buffered,0,0,0,0,,,,,30571.6,396.1,0.0,626566.7941081723,4393969.937230486,Calizas; dolomias y margas; Areniscas,MESOZOICO,,NODATA_API_LIMIT,OBSERVED_IGME_1M
BG_0516,Background_Point_516,42.75314307012076,-3.9431521206449154,0,Spatial_Background_Buffered,0,0,0,0,,,,,30536.2,27391.7,0.0,422817.91315234534,4733833.602136051,Calizas; dolomias y margas; Areniscas,MESOZOICO,,NODATA_API_LIMIT,OBSERVED_IGME_1M
BG_0517,Background_Point_517,39.81472353231728,-2.5184080852393507,0,Spatial_Background_Buffered,0,0,0,0,,,,,16759.8,1058.3,0.0,541219.5173657853,4407304.595985271,Conglomerados; areniscas; arcillas y calizas; Evaporitas,MESOZOICO-CENOZOICO,,NODATA_API_LIMIT,OBSERVED_IGME_1M
BG_0518,Background_Point_518,39.19685629543915,-3.8897734882597366,0,Spatial_Background_Buffered,0,0,0,0,,,,,16634.2,3063.0,0.0,423166.2759679785,4338999.363762366,Cuarcitas; pizarras; areniscas; calizas y vulcanitas,PALEOZOICO,,NODATA_API_LIMIT,OBSERVED_IGME_1M
BG_0519,Background_Point_519,40.22731424358847,-1.9051485371192978,0,Spatial_Background_Buffered,0,0,0,0,,,,,11087.9,7355.1,0.0,593146.5138432324,4453562.164717847,Calizas; dolomias y margas; Areniscas,MESOZOICO,,NODATA_API_LIMIT,OBSERVED_IGME_1M
BG_0520,Background_Point_520,41.99472281531509,-1.590777792804936,0,Spatial_Background_Buffered,0,0,0,0,,,,,22107.1,2552.9,0.0,616719.3288744279,4650150.772310809,Conglomerados; gravas; arenas y limos,CENOZOICO,,NODATA_API_LIMIT,OBSERVED_IGME_1M
BG_0521,Background_Point_521,41.59232127157072,0.4917422507720899,0,Spatial_Background_Buffered,0,0,0,0,,,,,32387.8,157.8,0.0,791037.8779086794,4610404.61479252,Conglomerados; areniscas; arcillas y calizas; Evaporitas,CENOZOICO,,NODATA_API_LIMIT,OBSERVED_IGME_1M
BG_0522,Background_Point_522,36.17449035718026,-5.5972170064939,0,Spatial_Background_Buffered,0,0,0,0,,,,,254714.9,254739.3,0.0,266411.28783101414,4006428.4437314207,Conglomerados; areniscas; arcillas; calizas y evaporitas; Vulcanitas basicas,CENOZOICO,,NODATA_API_LIMIT,OBSERVED_IGME_1M
BG_0523,Background_Point_523,43.0077425223663,-1.1551517723466593,0,Spatial_Background_Buffered,0,0,0,0,,,,,14659.7,14416.3,0.0,650353.5070314126,4763325.966607489,Turbiditas calcareas,CENOZOICO,,NODATA_API_LIMIT,OBSERVED_IGME_1M
BG_0524,Background_Point_524,43.21991677005233,-5.3767977338638975,0,Spatial_Background_Buffered,0,0,0,0,,,,,1242.4,2916.6,0.2735,306959.9520898544,4787979.363076861,Conglomerados; areniscas; pizarras; calizas y vulcanitas; Carbon,PALEOZOICO,,NODATA_API_LIMIT,OBSERVED_IGME_1M
BG_0525,Background_Point_525,43.22059256136309,-7.294121935843984,0,Spatial_Background_Buffered,0,0,0,0,,,,,284.7,366.8,0.198,151227.2817461267,4794270.622784687,Cuarcitas; pizarras; areniscas; calizas y vulcanitas,PALEOZOICO,,NODATA_API_LIMIT,OBSERVED_IGME_1M
BG_0526,Background_Point_526,36.916467826611886,-4.135231891904424,0,Spatial_Background_Buffered,0,0,0,0,,,,,175753.6,175896.8,0.0,398879.2841536892,4086207.704181834,Conglomerados; areniscas; arcillas; calizas y evaporitas; Vulcanitas basicas,CENOZOICO,,NODATA_API_LIMIT,OBSERVED_IGME_1M
BG_0527,Background_Point_527,38.112071581025624,-2.8518085065303427,0,Spatial_Background_Buffered,0,0,0,0,,,,,84560.4,64842.8,0.0,512990.9953083768,4218260.082562432,Calizas; dolomias y margas; Conglomerados y areniscas,MESOZOICO,,NODATA_API_LIMIT,OBSERVED_IGME_1M
BG_0528,Background_Point_528,38.48514045049959,-4.809902322334266,0,Spatial_Background_Buffered,0,0,0,0,,,,,10763.8,1528.5,0.0,342141.96666763443,4261196.470187344,Granitoides de emplazamiento epi-mesozonal,PALEOZOICO,ROCAS PLUTONICAS HERCINICAS,NODATA_API_LIMIT,OBSERVED_IGME_1M
BG_0529,Background_Point_529,40.22738184149098,0.32109912559907905,0,Spatial_Background_Buffered,0,0,0,0,,,,,56110.0,57716.5,0.0,782572.0131577639,4458287.085173966,UNMAPPED_OR_NODATA,UNMAPPED_OR_NODATA,UNMAPPED_OR_NODATA,NODATA_API_LIMIT,NODATA_ERROR
BG_0530,Background_Point_530,40.80890555607287,-4.6051633682579345,0,Spatial_Background_Buffered,0,0,0,0,,,,,88669.7,100537.7,0.0,364611.5442826031,4518783.71581428,Conglomerados; areniscas; arcillas; calizas y evaporitas; Vulcanitas basicas,CENOZOICO,,NODATA_API_LIMIT,OBSERVED_IGME_1M
BG_0531,Background_Point_531,38.20935265706424,-0.6159841297405704,0,Spatial_Background_Buffered,0,0,0,0,,,,,18173.7,3763.2,0.0,708728.0730897145,4231730.400623504,Conglomerados; gravas; arenas y limos,CENOZOICO,,NODATA_API_LIMIT,OBSERVED_IGME_1M
BG_0532,Background_Point_532,37.07744850831754,-3.5454537538893875,0,Spatial_Background_Buffered,0,0,0,0,,,,,146830.8,138405.5,0.0,451516.7362965488,4103603.1793364054,Conglomerados; areniscas; arcillas; calizas y evaporitas; Vulcanitas basicas,CENOZOICO,,NODATA_API_LIMIT,OBSERVED_IGME_1M
BG_0533,Background_Point_533,41.32450109776254,-5.939608080634063,0,Spatial_Background_Buffered,0,0,0,0,,,,,180057.4,174209.7,0.0,253976.94710447825,4578950.175870235,Granitoides de emplazamiento meso-catazonal,PALEOZOICO,ROCAS PLUTONICAS HERCINICAS,NODATA_API_LIMIT,OBSERVED_IGME_1M
BG_0534,Background_Point_534,40.13191953079373,-5.8846650100304485,0,Spatial_Background_Buffered,0,0,0,0,,,,,49235.0,42394.7,0.0,254222.5955412829,4446388.876117001,Granitoides de emplazamiento meso-catazonal,PALEOZOICO,ROCAS PLUTONICAS HERCINICAS,NODATA_API_LIMIT,OBSERVED_IGME_1M
BG_0535,Background_Point_535,38.10678485029366,-2.0622261938080455,0,Spatial_Background_Buffered,0,0,0,0,,,,,20808.4,9631.6,0.0,582215.386684568,4218078.366146159,Conglomerados; gravas; arenas y limos,CENOZOICO,,NODATA_API_LIMIT,OBSERVED_IGME_1M
BG_0536,Background_Point_536,40.31112024079014,0.3548704217148272,0,Spatial_Background_Buffered,0,0,0,0,,,,,48063.8,48862.9,0.0,785093.6673088844,4467692.560832823,Calizas; dolomias y margas; Conglomerados y areniscas,MESOZOICO,,NODATA_API_LIMIT,OBSERVED_IGME_1M
BG_0537,Background_Point_537,40.91411242192947,-7.3112164031051785,0,Spatial_Background_Buffered,0,0,0,0,,,,,136394.5,135151.0,0.0,136900.6529265963,4538178.6692549195,Granitoides de emplazamiento meso-catazonal,PALEOZOICO,ROCAS PLUTONICAS HERCINICAS,NODATA_API_LIMIT,OBSERVED_IGME_1M
BG_0538,Background_Point_538,39.285519105129794,-1.6163285076256264,0,Spatial_Background_Buffered,0,0,0,0,,,,,30416.4,465.9,0.0,619333.840523343,4349374.199335699,Conglomerados; areniscas; arcillas; calizas y evaporitas; Vulcanitas basicas,CENOZOICO,,NODATA_API_LIMIT,OBSERVED_IGME_1M
BG_0539,Background_Point_539,37.95420495571883,-4.133615002418476,0,Spatial_Background_Buffered,0,0,0,0,,,,,61390.9,61518.7,0.0,400408.1724073104,4201339.97512831,Conglomerados; areniscas; arcillas; calizas y evaporitas; Vulcanitas basicas,CENOZOICO,,NODATA_API_LIMIT,OBSERVED_IGME_1M
BG_0540,Background_Point_540,39.59585725531908,-1.4826888337677002,0,Spatial_Background_Buffered,0,0,0,0,,,,,28482.5,3518.2,0.0,630280.4259750871,4384002.526926645,Calizas; dolomias y margas; Areniscas,MESOZOICO,,NODATA_API_LIMIT,OBSERVED_IGME_1M
BG_0541,Background_Point_541,37.4268782257336,-1.8854001586919045,0,Spatial_Background_Buffered,0,0,0,0,,,,,6980.0,1700.9,0.0,598617.1936991529,4142812.076583134,Conglomerados; gravas; arenas y limos,CENOZOICO,,NODATA_API_LIMIT,OBSERVED_IGME_1M
BG_0542,Background_Point_542,42.71954793126106,-0.23570007226362608,0,Spatial_Background_Buffered,0,0,0,0,,,,,17242.6,4766.2,0.0,726342.6832025548,4733377.515911744,Areniscas; pizarras y calizas,PALEOZOICO,,NODATA_API_LIMIT,OBSERVED_IGME_1M
BG_0543,Background_Point_543,36.853521073928164,-5.420208504565624,0,Spatial_Background_Buffered,0,0,0,0,,,,,178791.4,179233.2,0.0,284228.83007715933,4081357.3721921374,Conglomerados; areniscas; calizas; yesos y arcillas versicolores,MESOZOICO,,NODATA_API_LIMIT,OBSERVED_IGME_1M
BG_0544,Background_Point_544,40.97381335939324,-7.514797249311305,0,Spatial_Background_Buffered,0,0,0,0,,,,,143570.4,142864.1,0.0,120092.79813938594,4545675.775376776,Granitoides de emplazamiento meso-catazonal,PALEOZOICO,ROCAS PLUTONICAS HERCINICAS,NODATA_API_LIMIT,OBSERVED_IGME_1M
BG_0545,Background_Point_545,40.32470936733719,-1.634224244268493,0,Spatial_Background_Buffered,0,0,0,0,,,,,16130.6,2812.0,0.0,616029.9306754636,4464692.800806959,Calizas; dolomias y margas; Conglomerados y areniscas,MESOZOICO,,NODATA_API_LIMIT,OBSERVED_IGME_1M
BG_0546,Background_Point_546,39.115997224840555,-5.346244484877277,0,Spatial_Background_Buffered,0,0,0,0,,,,,8075.1,6182.6,0.0,297155.0316985791,4332270.096519687,Gneises; esquistos; marmoles y vulcanitas,PROTEROZOICO,,NODATA_API_LIMIT,OBSERVED_IGME_1M
BG_0547,Background_Point_547,39.94384423466422,-1.7673656131109123,0,Spatial_Background_Buffered,0,0,0,0,,,,,8557.5,664.4,0.0,605304.884908247,4422251.830030294,Calizas; dolomias y margas; Areniscas,MESOZOICO,,NODATA_API_LIMIT,OBSERVED_IGME_1M
BG_0548,Background_Point_548,39.221359161969076,-0.7889202133875473,0,Spatial_Background_Buffered,0,0,0,0,,,,,5729.0,3783.9,0.0,690872.8709404548,4343670.952888648,Calizas; dolomias y margas; Areniscas,MESOZOICO,,NODATA_API_LIMIT,OBSERVED_IGME_1M
BG_0549,Background_Point_549,41.64054602133455,-3.4326295885777403,0,Spatial_Background_Buffered,0,0,0,0,,,,,42179.9,1492.0,0.0,463969.67268677254,4609958.100809449,Conglomerados; areniscas; arcillas; calizas y evaporitas; Vulcanitas basicas,CENOZOICO,,NODATA_API_LIMIT,OBSERVED_IGME_1M
BG_0550,Background_Point_550,36.89762527532943,-6.264154863490428,0,Spatial_Background_Buffered,0,0,0,0,,,,,172058.7,171813.7,0.0,209135.14603600645,4088493.2019765414,UNMAPPED_OR_NODATA,UNMAPPED_OR_NODATA,UNMAPPED_OR_NODATA,NODATA_API_LIMIT,NODATA_ERROR
BG_0551,Background_Point_551,40.547354558546246,-0.4528635987090041,0,Spatial_Background_Buffered,0,0,0,0,,,,,25426.2,20489.2,0.0,715687.9945594299,4491628.879455448,Calizas; dolomias y margas; Areniscas,MESOZOICO,,NODATA_API_LIMIT,OBSERVED_IGME_1M
BG_0552,Background_Point_552,36.738611397345345,-4.870020938333265,0,Spatial_Background_Buffered,0,0,0,0,,,,,197328.6,194442.4,0.0,333036.566575835,4067506.4636406386,Rocas plutonicas alpinas,MESOZOICO-CENOZOICO,ROCAS PLUTONICAS ALPINAS,NODATA_API_LIMIT,OBSERVED_IGME_1M
BG_0553,Background_Point_553,38.59068913449253,-5.720141246631618,0,Spatial_Background_Buffered,0,0,0,0,,,,,442.8,67.3,0.1273,263087.2260109315,4274865.827798192,Cuarcitas; pizarras; areniscas; calizas y vulcanitas,PALEOZOICO,,NODATA_API_LIMIT,OBSERVED_IGME_1M
BG_0554,Background_Point_554,38.84012273094398,-5.388961615428583,0,Spatial_Background_Buffered,0,0,0,0,,,,,17064.4,15745.4,0.0,292657.94189293985,4301746.859957146,Gneises; esquistos; marmoles y vulcanitas,PROTEROZOICO,,NODATA_API_LIMIT,OBSERVED_IGME_1M
BG_0555,Background_Point_555,40.0521023917316,-6.997216519188742,0,Spatial_Background_Buffered,0,0,0,0,,,,,51111.4,47429.4,0.0,159010.26633417935,4441200.82227203,Cuarcitas; pizarras; areniscas; calizas y vulcanitas,PALEOZOICO,,NODATA_API_LIMIT,OBSERVED_IGME_1M
BG_0556,Background_Point_556,42.19984844190922,-7.148596205714269,0,Spatial_Background_Buffered,0,0,0,0,,,,,82430.0,82777.9,0.0,157470.67905338266,4680303.031649007,Granitoides de emplazamiento meso-catazonal,PALEOZOICO,ROCAS PLUTONICAS HERCINICAS,NODATA_API_LIMIT,OBSERVED_IGME_1M
BG_0557,Background_Point_557,40.257348457875025,-5.3675796762048265,0,Spatial_Background_Buffered,0,0,0,0,,,,,62067.8,57652.3,0.0,298655.26962386805,4459010.1274138335,Granitoides de emplazamiento meso-catazonal,PALEOZOICO,ROCAS PLUTONICAS HERCINICAS,NODATA_API_LIMIT,OBSERVED_IGME_1M
BG_0558,Background_Point_558,41.0560162018689,1.1416635203454564,0,Spatial_Background_Buffered,0,0,0,0,,,,,49109.3,43577.7,0.0,848067.2244272395,4553245.763690115,UNMAPPED_OR_NODATA,UNMAPPED_OR_NODATA,UNMAPPED_OR_NODATA,NODATA_API_LIMIT,NODATA_ERROR
BG_0559,Background_Point_559,38.62810027214606,-2.3909474283976246,0,Spatial_Background_Buffered,0,0,0,0,,,,,58448.4,35434.4,0.0,553014.1185686351,4275683.6901480695,Calizas; dolomias y margas; Conglomerados y areniscas,MESOZOICO,,NODATA_API_LIMIT,OBSERVED_IGME_1M
BG_0560,Background_Point_560,41.264538922577565,-4.396140595414455,0,Spatial_Background_Buffered,0,0,0,0,,,,,79721.2,74646.7,0.0,383051.62609946827,4569063.911918461,Conglomerados; gravas; arenas y limos,CENOZOICO,,NODATA_API_LIMIT,OBSERVED_IGME_1M
BG_0561,Background_Point_561,41.73783626866991,-2.1087239752733318,0,Spatial_Background_Buffered,0,0,0,0,,,,,3150.3,513.0,0.0265,574115.9047645212,4621052.933703359,Conglomerados; gravas; arenas y limos,CENOZOICO,,NODATA_API_LIMIT,OBSERVED_IGME_1M
BG_0562,Background_Point_562,41.39092035013573,-6.002031788457723,0,Spatial_Background_Buffered,0,0,0,0,,,,,176755.3,177040.9,0.0,249007.5010040107,4586504.157197566,Plutonismo orogenico colisional peraluminico,PALEOZOICO,ROCAS PLUTONICAS HERCINICAS,NODATA_API_LIMIT,OBSERVED_IGME_1M
BG_0563,Background_Point_563,40.21817758822183,-5.693608478199264,0,Spatial_Background_Buffered,0,0,0,0,,,,,55668.3,51001.5,0.0,270793.635360198,4455453.531802119,Granitoides de emplazamiento meso-catazonal,PALEOZOICO,ROCAS PLUTONICAS HERCINICAS,NODATA_API_LIMIT,OBSERVED_IGME_1M
BG_0564,Background_Point_564,39.5361940917327,-6.6979692594289295,0,Spatial_Background_Buffered,0,0,0,0,,,,,11970.1,11965.0,0.0,182174.98219971167,4382815.295819458,Gneises; esquistos; marmoles y vulcanitas,PROTEROZOICO,,NODATA_API_LIMIT,OBSERVED_IGME_1M
BG_0565,Background_Point_565,38.77426894593541,-0.2058426755967466,0,Spatial_Background_Buffered,0,0,0,0,,,,,4109.8,5459.4,0.0475,742738.8295609591,4295435.795603135,Calizas; dolomias y margas; Areniscas,MESOZOICO,,NODATA_API_LIMIT,OBSERVED_IGME_1M
BG_0566,Background_Point_566,42.219914722337094,-0.9986921606473452,0,Spatial_Background_Buffered,0,0,0,0,,,,,24980.2,19210.4,0.0,665174.9658141353,4676132.466671269,Conglomerados; areniscas; arcillas; calizas y evaporitas; Vulcanitas basicas,CENOZOICO,,NODATA_API_LIMIT,OBSERVED_IGME_1M
BG_0567,Background_Point_567,37.31064853972475,-3.6836607651546456,0,Spatial_Background_Buffered,0,0,0,0,,,,,134189.5,134365.9,0.0,439418.52843791194,4129553.6113308547,Conglomerados; areniscas; arcillas; calizas y evaporitas; Vulcanitas basicas,CENOZOICO,,NODATA_API_LIMIT,OBSERVED_IGME_1M
BG_0568,Background_Point_568,42.59172369960077,-2.2813363788874916,0,Spatial_Background_Buffered,0,0,0,0,,,,,10025.3,667.5,0.0,558963.5607384756,4715728.300219958,Conglomerados; areniscas; arcillas; calizas y evaporitas; Vulcanitas basicas,CENOZOICO,,NODATA_API_LIMIT,OBSERVED_IGME_1M
BG_0569,Background_Point_569,40.920423683344204,-2.491533513861818,0,Spatial_Background_Buffered,0,0,0,0,,,,,3239.1,5892.0,0.0235,542814.2806812358,4530047.834802345,Calizas; dolomias y margas; Conglomerados y areniscas,MESOZOICO,,NODATA_API_LIMIT,OBSERVED_IGME_1M
BG_0570,Background_Point_570,41.86328494148962,-6.906473482712149,0,Spatial_Background_Buffered,0,0,0,0,,,,,121034.0,121428.1,0.0,175755.76729861414,4641979.857422287,Rocas metamorficas,PROTEROZOICO-PALEOZOICO,UNIDADES ALOCTONAS DEL MACIZO HESPERICO,NODATA_API_LIMIT,OBSERVED_IGME_1M
BG_0571,Background_Point_571,41.52978002413519,0.1730153586689604,0,Spatial_Background_Buffered,0,0,0,0,,,,,5469.9,1824.8,0.0,764723.874519828,4602432.99308153,Conglomerados; areniscas; arcillas; calizas y evaporitas; Vulcanitas basicas,CENOZOICO,,NODATA_API_LIMIT,OBSERVED_IGME_1M
BG_0572,Background_Point_572,38.390924175915245,-7.227524939090609,0,Spatial_Background_Buffered,0,0,0,0,,,,,8445.0,7509.4,0.0,130736.3234460478,4257659.10255353,Areniscas; pizarras y calizas,PALEOZOICO,,NODATA_API_LIMIT,OBSERVED_IGME_1M
BG_0573,Background_Point_573,43.25023523602679,-7.009607616691762,0,Spatial_Background_Buffered,0,0,0,0,,,,,174.6,1172.3,0.3315,174496.33474926278,4796414.149576403,Cuarcitas; pizarras; areniscas; calizas y vulcanitas,PALEOZOICO,,NODATA_API_LIMIT,OBSERVED_IGME_1M
BG_0574,Background_Point_574,38.48279338968368,-2.1890335857458703,0,Spatial_Background_Buffered,0,0,0,0,,,,,34692.1,30453.3,0.0,570731.9046055198,4259695.66405932,Conglomerados; areniscas; arcillas; calizas y evaporitas; Vulcanitas basicas,CENOZOICO,,NODATA_API_LIMIT,OBSERVED_IGME_1M
BG_0575,Background_Point_575,39.56851885685297,-3.7283978088158656,0,Spatial_Background_Buffered,0,0,0,0,,,,,14982.6,1128.2,0.0,437434.2895131409,4380122.159429111,Cuarcitas; pizarras; areniscas; calizas y vulcanitas,PALEOZOICO,,NODATA_API_LIMIT,OBSERVED_IGME_1M
BG_0576,Background_Point_576,40.08798242381573,-1.7037713146470024,0,Spatial_Background_Buffered,0,0,0,0,,,,,7263.3,272.1,0.0,610505.1833565247,4438327.5135420235,Calizas; dolomias y margas; Conglomerados y areniscas,MESOZOICO,,NODATA_API_LIMIT,OBSERVED_IGME_1M
BG_0577,Background_Point_577,43.23895339223495,-5.743635915573801,0,Spatial_Background_Buffered,0,0,0,0,,,,,3708.1,5175.8,0.1277,277233.93720373546,4791005.932447329,Conglomerados; areniscas; pizarras; calizas y vulcanitas; Carbon,PALEOZOICO,,NODATA_API_LIMIT,OBSERVED_IGME_1M
BG_0578,Background_Point_578,42.34748241926803,-6.655283844059933,0,Spatial_Background_Buffered,0,0,0,0,,,,,67858.9,68547.5,0.0,198911.43820265468,4694832.252217513,Cuarcitas; pizarras; areniscas; calizas y vulcanitas,PALEOZOICO,,NODATA_API_LIMIT,OBSERVED_IGME_1M
BG_0579,Background_Point_579,42.865267645766295,-3.9361425212957917,0,Spatial_Background_Buffered,0,0,0,0,,,,,18317.9,17740.1,0.0,423529.79945509305,4746278.172378309,Calizas; dolomias y margas; Conglomerados y areniscas,MESOZOICO,,NODATA_API_LIMIT,OBSERVED_IGME_1M
BG_0580,Background_Point_580,42.24440623979609,1.0947924551554835,0,Spatial_Background_Buffered,0,0,0,0,,,,,43660.4,38450.6,0.0,837848.1865913328,4685036.590099978,Calizas; dolomias y margas; Areniscas,MESOZOICO,,NODATA_API_LIMIT,OBSERVED_IGME_1M
BG_0581,Background_Point_581,39.16897889578001,-6.833612483420213,0,Spatial_Background_Buffered,0,0,0,0,,,,,6509.1,4114.2,0.0,168781.39059356437,4342533.151950387,Areniscas; pizarras y calizas,PALEOZOICO,,NODATA_API_LIMIT,OBSERVED_IGME_1M
BG_0582,Background_Point_582,41.42826504180991,-6.021841714412759,0,Spatial_Background_Buffered,0,0,0,0,,,,,172455.9,172986.6,0.0,247495.83773853237,4590708.425567092,Granitoides de emplazamiento meso-catazonal,PALEOZOICO,ROCAS PLUTONICAS HERCINICAS,NODATA_API_LIMIT,OBSERVED_IGME_1M
BG_0583,Background_Point_583,42.43077882536566,-1.2393631403409089,0,Spatial_Background_Buffered,0,0,0,0,,,,,27540.3,7402.9,0.0,644826.2657435322,4699108.479089207,Conglomerados; areniscas; arcillas; calizas y evaporitas; Vulcanitas basicas,CENOZOICO,,NODATA_API_LIMIT,OBSERVED_IGME_1M
BG_0584,Background_Point_584,41.994367460046114,-1.6077405179435373,0,Spatial_Background_Buffered,0,0,0,0,,,,,20729.6,3099.4,0.0,615314.9970883308,4650088.330767546,Conglomerados; gravas; arenas y limos,CENOZOICO,,NODATA_API_LIMIT,OBSERVED_IGME_1M
BG_0585,Background_Point_585,39.957434410916356,-5.942977540516594,0,Spatial_Background_Buffered,0,0,0,0,,,,,34158.0,26524.5,0.0,248612.83317135068,4427181.164993926,Gneises; esquistos; marmoles y vulcanitas,PROTEROZOICO,,NODATA_API_LIMIT,OBSERVED_IGME_1M
BG_0586,Background_Point_586,37.26432224025885,-3.6895004886943172,0,Spatial_Background_Buffered,0,0,0,0,,,,,139202.9,139392.3,0.0,438863.5736064661,4124417.893337912,Conglomerados; gravas; arenas y limos,CENOZOICO,,NODATA_API_LIMIT,OBSERVED_IGME_1M
BG_0587,Background_Point_587,37.10406068276335,-7.253739788383075,0,Spatial_Background_Buffered,0,0,0,0,,,,,147928.3,147615.3,0.0,121940.12090706395,4114891.345781599,UNMAPPED_OR_NODATA,UNMAPPED_OR_NODATA,UNMAPPED_OR_NODATA,NODATA_API_LIMIT,NODATA_ERROR
BG_0588,Background_Point_588,40.011405214049674,-4.581258374294143,0,Spatial_Background_Buffered,0,0,0,0,,,,,31158.5,29812.9,0.0,365043.71312247065,4430220.583414207,Conglomerados; gravas; arenas y limos,CENOZOICO,,NODATA_API_LIMIT,OBSERVED_IGME_1M
BG_0589,Background_Point_589,37.78860454742852,-1.356622163473992,0,Spatial_Background_Buffered,0,0,0,0,,,,,9883.5,11981.7,0.0,644702.3674866753,4183632.4551331596,Conglomerados; gravas; arenas y limos,CENOZOICO,,NODATA_API_LIMIT,OBSERVED_IGME_1M
BG_0590,Background_Point_590,41.11546079621605,-1.4914732769911059,0,Spatial_Background_Buffered,0,0,0,0,,,,,6096.9,125.3,0.0,626649.7616631552,4552670.9285384305,Cuarcitas; pizarras; areniscas; calizas y vulcanitas,PALEOZOICO,,NODATA_API_LIMIT,OBSERVED_IGME_1M
BG_0591,Background_Point_591,36.576409510925934,-6.02616036762331,0,Spatial_Background_Buffered,0,0,0,0,,,,,207846.8,207846.8,0.0,229221.1251593509,4052147.183044068,Conglomerados; areniscas; calizas; yesos y arcillas versicolores,MESOZOICO,,NODATA_API_LIMIT,OBSERVED_IGME_1M
BG_0592,Background_Point_592,39.62665210567732,0.07172070825628118,0,Spatial_Background_Buffered,0,0,0,0,,,,,65097.9,53000.9,0.0,763647.3481581738,4390830.360203922,UNMAPPED_OR_NODATA,UNMAPPED_OR_NODATA,UNMAPPED_OR_NODATA,NODATA_API_LIMIT,NODATA_ERROR
BG_0593,Background_Point_593,43.68095736837213,-7.349059108552325,0,Spatial_Background_Buffered,0,0,0,0,,,,,4016.7,2972.0,0.0583,149439.22617965442,4845636.369594302,UNMAPPED_OR_NODATA,UNMAPPED_OR_NODATA,UNMAPPED_OR_NODATA,NODATA_API_LIMIT,NODATA_ERROR
BG_0594,Background_Point_594,41.39200653285254,-7.196666474202805,0,Spatial_Background_Buffered,0,0,0,0,,,,,172091.7,172572.2,0.0,149113.47684691165,4590779.94452977,Areniscas; pizarras y calizas,PALEOZOICO,,NODATA_API_LIMIT,OBSERVED_IGME_1M
BG_0595,Background_Point_595,37.03335136639774,-6.13760090730087,0,Spatial_Background_Buffered,0,0,0,0,,,,,156798.7,156819.9,0.0,220911.96338411677,4103177.1985090645,Conglomerados; gravas; arenas y limos,CENOZOICO,,NODATA_API_LIMIT,OBSERVED_IGME_1M
BG_0596,Background_Point_596,36.908291810065634,-4.59639042198939,0,Spatial_Background_Buffered,0,0,0,0,,,,,176395.8,176432.1,0.0,357783.8754324562,4085888.93935905,Conglomerados; areniscas; arcillas; calizas y evaporitas; Vulcanitas basicas,CENOZOICO,,NODATA_API_LIMIT,OBSERVED_IGME_1M
BG_0597,Background_Point_597,40.805566538429055,0.4600451587394906,0,Spatial_Background_Buffered,0,0,0,0,,,,,6503.5,5996.9,0.0,791874.729080116,4522936.522496359,Conglomerados; gravas; arenas y limos,CENOZOICO,,NODATA_API_LIMIT,OBSERVED_IGME_1M
BG_0598,Background_Point_598,40.911989522684,-4.658664419253166,0,Spatial_Background_Buffered,0,0,0,0,,,,,93026.7,101953.3,0.0,360315.5776686199,4530311.460847893,Conglomerados; areniscas; arcillas; calizas y evaporitas; Vulcanitas basicas,CENOZOICO,,NODATA_API_LIMIT,OBSERVED_IGME_1M
BG_0599,Background_Point_599,39.40771466866767,-2.442633934470885,0,Spatial_Background_Buffered,0,0,0,0,,,,,12400.2,2601.2,0.0,547985.2443249039,4362170.876306816,Conglomerados; gravas; arenas y limos,CENOZOICO,,NODATA_API_LIMIT,OBSERVED_IGME_1M
BG_0600,Background_Point_600,42.88046798153344,-6.5373563856731955,0,Spatial_Background_Buffered,0,0,0,0,,,,,10400.8,9536.3,0.0,211103.82022916956,4753613.5829543965,Cuarcitas; pizarras; areniscas; calizas y vulcanitas,PALEOZOICO,,NODATA_API_LIMIT,OBSERVED_IGME_1M
BG_0601,Background_Point_601,37.63582454561722,-3.2004204363199475,0,Spatial_Background_Buffered,0,0,0,0,,,,,113183.7,110140.5,0.0,482316.95149812417,4165429.1350476504,Conglomerados; areniscas; arcillas; calizas y evaporitas; Vulcanitas basicas,CENOZOICO,,NODATA_API_LIMIT,OBSERVED_IGME_1M
BG_0602,Background_Point_602,39.31307978408174,-4.013859236650811,0,Spatial_Background_Buffered,0,0,0,0,,,,,522.1,12406.4,0.0511,412595.4482456962,4352010.289649588,Cuarcitas; pizarras; areniscas; calizas y vulcanitas,PALEOZOICO,,NODATA_API_LIMIT,OBSERVED_IGME_1M
BG_0603,Background_Point_603,41.706084944839105,0.6465389336191423,0,Spatial_Background_Buffered,0,0,0,0,,,,,35203.0,3819.6,0.0,803407.2112318431,4623572.223477192,Conglomerados; areniscas; arcillas y calizas; Evaporitas,CENOZOICO,,NODATA_API_LIMIT,OBSERVED_IGME_1M
BG_0604,Background_Point_604,39.83102285373724,-3.540716625045966,0,Spatial_Background_Buffered,0,0,0,0,,,,,29623.8,782.4,0.0,453730.89845279726,4409142.528890025,Conglomerados; areniscas; arcillas; calizas y evaporitas; Vulcanitas basicas,CENOZOICO,,NODATA_API_LIMIT,OBSERVED_IGME_1M
BG_0605,Background_Point_605,37.79200331741438,-2.3751659955184903,0,Spatial_Background_Buffered,0,0,0,0,,,,,42985.4,35624.7,0.0,555013.611734703,4182921.5912146517,Conglomerados; areniscas; arcillas; calizas y evaporitas; Vulcanitas basicas,CENOZOICO,,NODATA_API_LIMIT,OBSERVED_IGME_1M
BG_0606,Background_Point_606,37.909285617062565,-7.432054583086073,0,Spatial_Background_Buffered,0,0,0,0,,,,,59394.0,58215.6,0.0,110302.65844730928,4205021.23895961,Rocas metamorficas,PROTEROZOICO-PALEOZOICO,UNIDADES ALOCTONAS DEL MACIZO HESPERICO,NODATA_API_LIMIT,OBSERVED_IGME_1M
BG_0607,Background_Point_607,42.16600098821897,2.1988309552452017,0,Spatial_Background_Buffered,0,0,0,0,,,,,122166.7,126051.3,0.0,929492.6916735457,4681306.545100541,Conglomerados; areniscas; arcillas y calizas; Evaporitas,CENOZOICO,,NODATA_API_LIMIT,OBSERVED_IGME_1M
BG_0608,Background_Point_608,40.28613748878411,-6.608026139543785,0,Spatial_Background_Buffered,0,0,0,0,,,,,66850.9,67106.7,0.0,193275.76887587798,4465765.565627639,Granitoides de emplazamiento epi-mesozonal,PALEOZOICO,ROCAS PLUTONICAS HERCINICAS,NODATA_API_LIMIT,OBSERVED_IGME_1M
BG_0609,Background_Point_609,42.61164267294958,-3.1679992318403465,0,Spatial_Background_Buffered,0,0,0,0,,,,,8924.0,1512.1,0.0,486220.7343759668,4717703.5203286735,Conglomerados; areniscas; arcillas; calizas y evaporitas; Vulcanitas basicas,CENOZOICO,,NODATA_API_LIMIT,OBSERVED_IGME_1M
BG_0610,Background_Point_610,39.82607069784248,-6.699522629848657,0,Spatial_Background_Buffered,0,0,0,0,,,,,21599.9,22771.0,0.0,183370.1936666079,4415004.966468511,Gneises; esquistos; marmoles y vulcanitas,PROTEROZOICO,,NODATA_API_LIMIT,OBSERVED_IGME_1M
BG_0611,Background_Point_611,38.590474491614096,-6.1281710100129025,0,Spatial_Background_Buffered,0,0,0,0,,,,,6189.2,1927.0,0.0,227541.3649898866,4275974.537856551,Gneises; esquistos; marmoles y vulcanitas,PROTEROZOICO,,NODATA_API_LIMIT,OBSERVED_IGME_1M
BG_0612,Background_Point_612,39.76129551314536,-0.35292104205252667,0,Spatial_Background_Buffered,0,0,0,0,,,,,35235.6,27090.7,0.0,726753.5157796297,4404615.409963451,Conglomerados; areniscas; calizas; yesos y arcillas versicolores,MESOZOICO,,NODATA_API_LIMIT,OBSERVED_IGME_1M
BG_0613,Background_Point_613,39.163237545727355,-3.931727778156114,0,Spatial_Background_Buffered,0,0,0,0,,,,,16067.2,2588.4,0.0,419505.0423739039,4335304.83678453,Cuarcitas; pizarras; areniscas; calizas y vulcanitas,PALEOZOICO,,NODATA_API_LIMIT,OBSERVED_IGME_1M
BG_0614,Background_Point_614,42.15744770625953,-3.114633638700716,0,Spatial_Background_Buffered,0,0,0,0,,,,,4655.7,920.5,0.0223,490529.7531450886,4667264.0622614985,Calizas; dolomias y margas; Conglomerados y areniscas,MESOZOICO,,NODATA_API_LIMIT,OBSERVED_IGME_1M
BG_0615,Background_Point_615,39.4774006339346,-0.8501004403587954,0,Spatial_Background_Buffered,0,0,0,0,,,,,806.8,82.9,0.1775,684914.5001735608,4371962.6554470835,Calizas; dolomias y margas; Conglomerados y areniscas,MESOZOICO,,NODATA_API_LIMIT,OBSERVED_IGME_1M
BG_0616,Background_Point_616,42.56326554558292,-5.235851208257374,0,Spatial_Background_Buffered,0,0,0,0,,,,,49117.9,48508.5,0.0,316470.0287391435,4714740.842512034,Conglomerados; areniscas; arcillas; calizas y evaporitas; Vulcanitas basicas,CENOZOICO,,NODATA_API_LIMIT,OBSERVED_IGME_1M
BG_0617,Background_Point_617,42.96247719090103,-7.503673874992817,0,Spatial_Background_Buffered,0,0,0,0,,,,,1595.0,788.6,0.1132,132662.39661797625,4766497.69331511,Gneises; esquistos; marmoles y vulcanitas,PROTEROZOICO,,NODATA_API_LIMIT,OBSERVED_IGME_1M
BG_0618,Background_Point_618,41.02576447192401,-3.0921168979040576,0,Spatial_Background_Buffered,0,0,0,0,,,,,4499.8,1588.2,0.0116,492255.844931024,4541621.255287038,Cuarcitas; pizarras; areniscas; calizas y vulcanitas,PALEOZOICO,,NODATA_API_LIMIT,OBSERVED_IGME_1M
BG_0619,Background_Point_619,42.983396492352966,-1.032037541305276,0,Spatial_Background_Buffered,0,0,0,0,,,,,17357.5,16515.7,0.0,660450.8338749153,4760850.079600556,Turbiditas calcareas,CENOZOICO,,NODATA_API_LIMIT,OBSERVED_IGME_1M
BG_0620,Background_Point_620,40.83548463416654,-1.3256342324240844,0,Spatial_Background_Buffered,0,0,0,0,,,,,3510.8,4216.6,0.0195,641169.2298421263,4521843.547046052,Conglomerados; gravas; arenas y limos,CENOZOICO,,NODATA_API_LIMIT,OBSERVED_IGME_1M
BG_0621,Background_Point_621,40.04616786861287,-7.024477432006907,0,Spatial_Background_Buffered,0,0,0,0,,,,,49185.9,45609.5,0.0,156654.23447658645,4440646.818653423,Gneises; esquistos; marmoles y vulcanitas,PROTEROZOICO,,NODATA_API_LIMIT,OBSERVED_IGME_1M
BG_0622,Background_Point_622,41.74651039923485,-6.275454665116626,0,Spatial_Background_Buffered,0,0,0,0,,,,,136228.6,137088.1,0.0,227643.6506944854,4626818.703413263,Areniscas; pizarras y calizas,PALEOZOICO,,NODATA_API_LIMIT,OBSERVED_IGME_1M
BG_0623,Background_Point_623,41.35446531158418,-2.576941254998194,0,Spatial_Background_Buffered,0,0,0,0,,,,,10841.8,6451.0,0.0,535388.6326907733,4578193.612327101,Conglomerados; areniscas; arcillas; calizas y evaporitas; Vulcanitas basicas,CENOZOICO,,NODATA_API_LIMIT,OBSERVED_IGME_1M
BG_0624,Background_Point_624,41.686517104569354,1.9621714181049725,0,Spatial_Background_Buffered,0,0,0,0,,,,,127385.0,110676.9,0.0,913026.1885545581,4626882.105540156,Conglomerados; areniscas; arcillas y calizas; Evaporitas,CENOZOICO,,NODATA_API_LIMIT,OBSERVED_IGME_1M
BG_0625,Background_Point_625,42.07144886207182,-4.242085544137525,0,Spatial_Background_Buffered,0,0,0,0,,,,,68005.0,39155.1,0.0,397247.7452839721,4658455.501504005,Conglomerados; gravas; arenas y limos,CENOZOICO,,NODATA_API_LIMIT,OBSERVED_IGME_1M
BG_0626,Background_Point_626,37.54949644075178,-1.1642171513413668,0,Spatial_Background_Buffered,0,0,0,0,,,,,32019.0,31831.7,0.0,662165.0194098522,4157416.2326873476,UNMAPPED_OR_NODATA,UNMAPPED_OR_NODATA,UNMAPPED_OR_NODATA,NODATA_API_LIMIT,NODATA_ERROR
BG_0627,Background_Point_627,36.86507390714509,-5.826989584472223,0,Spatial_Background_Buffered,0,0,0,0,,,,,177825.0,177825.0,0.0,247992.9350339717,4083636.3022563877,Conglomerados; areniscas; arcillas; calizas y evaporitas; Vulcanitas basicas,CENOZOICO,,NODATA_API_LIMIT,OBSERVED_IGME_1M
BG_0628,Background_Point_628,41.982957779436084,-1.0534217070416492,0,Spatial_Background_Buffered,0,0,0,0,,,,,48230.3,2521.4,0.0,661257.3117461374,4649716.762888475,Conglomerados; areniscas; arcillas; calizas y evaporitas; Vulcanitas basicas,CENOZOICO,,NODATA_API_LIMIT,OBSERVED_IGME_1M
BG_0629,Background_Point_629,43.48413616661209,-7.082569567367027,0,Spatial_Background_Buffered,0,0,0,0,,,,,3377.1,1530.1,0.0803,169845.91735496325,4822681.029618276,Cuarcitas; pizarras; areniscas; calizas y vulcanitas,PALEOZOICO,,NODATA_API_LIMIT,OBSERVED_IGME_1M
BG_0630,Background_Point_630,42.022510545177326,-4.798190438087626,0,Spatial_Background_Buffered,0,0,0,0,,,,,108067.9,81574.3,0.0,351128.0608558072,4653839.675662413,Conglomerados; areniscas; arcillas; calizas y evaporitas; Vulcanitas basicas,CENOZOICO,,NODATA_API_LIMIT,OBSERVED_IGME_1M
BG_0631,Background_Point_631,39.061113183155456,-1.4863028422485491,0,Spatial_Background_Buffered,0,0,0,0,,,,,5524.3,2206.6,0.0,630964.0335261242,4324648.693704962,Calizas; dolomias y margas; Areniscas,MESOZOICO,,NODATA_API_LIMIT,OBSERVED_IGME_1M
BG_0632,Background_Point_632,37.04784376967538,-5.531993143196211,0,Spatial_Background_Buffered,0,0,0,0,,,,,157601.2,157733.5,0.0,274834.17286622187,4103178.4554354954,Conglomerados; areniscas; arcillas; calizas y evaporitas; Vulcanitas basicas,CENOZOICO,,NODATA_API_LIMIT,OBSERVED_IGME_1M
BG_0633,Background_Point_633,42.068425563223194,-1.5161208878634995,0,Spatial_Background_Buffered,0,0,0,0,,,,,28343.4,4220.0,0.0,622761.0228330366,4658438.71354212,Conglomerados; areniscas; arcillas; calizas y evaporitas; Vulcanitas basicas,CENOZOICO,,NODATA_API_LIMIT,OBSERVED_IGME_1M
BG_0634,Background_Point_634,40.19427845254839,-1.2692727367386576,0,Spatial_Background_Buffered,0,0,0,0,,,,,22900.0,250.6,0.0,647318.615509961,4450756.813261785,Calizas; dolomias y margas; Conglomerados y areniscas,MESOZOICO,,NODATA_API_LIMIT,OBSERVED_IGME_1M
BG_0635,Background_Point_635,43.47307691296238,-7.504451258133628,0,Spatial_Background_Buffered,0,0,0,0,,,,,377.0,523.7,0.3084,135658.53991689082,4823215.460955226,Granitoides postcinematicos de emplazamiento epizonal,PALEOZOICO,ROCAS PLUTONICAS HERCINICAS,NODATA_API_LIMIT,OBSERVED_IGME_1M
BG_0636,Background_Point_636,41.868967086971374,-1.8545410309535657,0,Spatial_Background_Buffered,0,0,0,0,,,,,10415.1,1319.4,0.0,595059.2594761595,4635862.202515102,Conglomerados; areniscas; arcillas; calizas y evaporitas; Vulcanitas basicas,CENOZOICO,,NODATA_API_LIMIT,OBSERVED_IGME_1M
BG_0637,Background_Point_637,41.1215800399925,0.4543343213805445,0,Spatial_Background_Buffered,0,0,0,0,,,,,8198.0,9037.5,0.0,790004.3198766169,4558006.816231777,Conglomerados; areniscas; arcillas y calizas; Evaporitas,CENOZOICO,,NODATA_API_LIMIT,OBSERVED_IGME_1M
BG_0638,Background_Point_638,38.688490921452775,-6.346919211193021,0,Spatial_Background_Buffered,0,0,0,0,,,,,6541.6,5814.3,0.0,208881.38441127003,4287527.380095324,Conglomerados; areniscas; arcillas; calizas y evaporitas; Vulcanitas basicas,CENOZOICO,,NODATA_API_LIMIT,OBSERVED_IGME_1M
BG_0639,Background_Point_639,39.45089009006751,-3.972312231796649,0,Spatial_Background_Buffered,0,0,0,0,,,,,613.7,428.2,0.3876,416341.9702618863,4367265.350502566,Cuarcitas; pizarras; areniscas; calizas y vulcanitas,PALEOZOICO,,NODATA_API_LIMIT,OBSERVED_IGME_1M
BG_0640,Background_Point_640,40.839597290483596,-3.3144026049121593,0,Spatial_Background_Buffered,0,0,0,0,,,,,20419.6,9328.7,0.0,473494.24124028435,4520998.645120347,Conglomerados; gravas; arenas y limos,CENOZOICO,,NODATA_API_LIMIT,OBSERVED_IGME_1M
BG_0641,Background_Point_641,37.609904140070924,-6.36141864668136,0,Spatial_Background_Buffered,0,0,0,0,,,,,94143.9,92326.3,0.0,203276.16985578035,4167849.9163809465,Plutonismo orogeénico calcoalcalino toleitico,PALEOZOICO,ROCAS PLUTONICAS HERCINICAS,NODATA_API_LIMIT,OBSERVED_IGME_1M
BG_0642,Background_Point_642,41.014819552663894,1.2082571301322118,0,Spatial_Background_Buffered,0,0,0,0,,,,,53827.6,48767.5,0.0,853886.165177879,4548939.190756925,UNMAPPED_OR_NODATA,UNMAPPED_OR_NODATA,UNMAPPED_OR_NODATA,NODATA_API_LIMIT,NODATA_ERROR
BG_0643,Background_Point_643,42.37842697336099,-4.906787716974443,0,Spatial_Background_Buffered,0,0,0,0,,,,,69983.7,72071.4,0.0,343020.77085328614,4693554.898123325,Conglomerados; areniscas; arcillas; calizas y evaporitas; Vulcanitas basicas,CENOZOICO,,NODATA_API_LIMIT,OBSERVED_IGME_1M
BG_0644,Background_Point_644,42.55678459164685,1.0459687288595994,0,Spatial_Background_Buffered,0,0,0,0,,,,,29831.7,29194.3,0.0,832164.4969089206,4719537.187886736,Plutonismo orogennico colisional peraluminico,PALEOZOICO,ROCAS PLUTONICAS HERCINICAS,NODATA_API_LIMIT,OBSERVED_IGME_1M
BG_0645,Background_Point_645,39.63875971360562,-0.18245531493299433,0,Spatial_Background_Buffered,0,0,0,0,,,,,49978.4,39895.2,0.0,741785.6394343366,4391458.572683019,UNMAPPED_OR_NODATA,UNMAPPED_OR_NODATA,UNMAPPED_OR_NODATA,NODATA_API_LIMIT,NODATA_ERROR
BG_0646,Background_Point_646,41.662164419449745,0.7916589812096598,0,Spatial_Background_Buffered,0,0,0,0,,,,,45217.2,13634.5,0.0,815698.7699565523,4619217.075587371,Conglomerados; gravas; arenas y limos,CENOZOICO,,NODATA_API_LIMIT,OBSERVED_IGME_1M
BG_0647,Background_Point_647,41.12932303128856,0.0971235329586463,0,Spatial_Background_Buffered,0,0,0,0,,,,,18824.0,17472.9,0.0,759980.329524766,4557737.562028911,Conglomerados; areniscas; arcillas y calizas; Evaporitas,CENOZOICO,,NODATA_API_LIMIT,OBSERVED_IGME_1M
BG_0648,Background_Point_648,40.282833707674015,-5.931159132647345,0,Spatial_Background_Buffered,0,0,0,0,,,,,66410.5,59617.1,0.0,250814.45404925084,4463272.881062398,Granitoides de emplazamiento meso-catazonal,PALEOZOICO,ROCAS PLUTONICAS HERCINICAS,NODATA_API_LIMIT,OBSERVED_IGME_1M
BG_0649,Background_Point_649,37.33648296326155,-7.10035697953792,0,Spatial_Background_Buffered,0,0,0,0,,,,,121193.9,121842.3,0.0,136697.67542745994,4140092.5933700213,Conglomerados; gravas; arenas y limos,CENOZOICO,,NODATA_API_LIMIT,OBSERVED_IGME_1M
BG_0650,Background_Point_650,41.6534543713082,-6.4589363005262745,0,Spatial_Background_Buffered,0,0,0,0,,,,,145974.6,146061.1,0.0,211969.45743637762,4617082.923487501,Cuarcitas; pizarras; areniscas; calizas y vulcanitas,PALEOZOICO,,NODATA_API_LIMIT,OBSERVED_IGME_1M
BG_0651,Background_Point_651,42.583212254191544,-2.634708358058629,0,Spatial_Background_Buffered,0,0,0,0,,,,,2803.1,2815.5,0.117,529974.7890090547,4714597.57380952,Conglomerados; areniscas; arcillas; calizas y evaporitas; Vulcanitas basicas,CENOZOICO,,NODATA_API_LIMIT,OBSERVED_IGME_1M
BG_0652,Background_Point_652,40.26891573327736,-0.37875644862856117,0,Spatial_Background_Buffered,0,0,0,0,,,,,46760.1,23436.5,0.0,722881.313051313,4460901.624668071,Calizas; dolomias y margas; Areniscas,MESOZOICO,,NODATA_API_LIMIT,OBSERVED_IGME_1M
BG_0653,Background_Point_653,40.03304288626507,-1.8068917980689927,0,Spatial_Background_Buffered,0,0,0,0,,,,,4983.7,1057.6,0.0002,601795.536889957,4432106.464878838,Calizas; dolomias y margas; Areniscas,MESOZOICO,,NODATA_API_LIMIT,OBSERVED_IGME_1M
BG_0654,Background_Point_654,40.46007915170623,-4.7347625943906655,0,Spatial_Background_Buffered,0,0,0,0,,,,,81311.8,77514.5,0.0,352916.1836209975,4480268.693930164,Granitoides de emplazamiento epi-mesozonal,PALEOZOICO,ROCAS PLUTONICAS HERCINICAS,NODATA_API_LIMIT,OBSERVED_IGME_1M
BG_0655,Background_Point_655,42.810994571597256,-0.7305056667080811,0,Spatial_Background_Buffered,0,0,0,0,,,,,2592.2,2592.2,0.0385,685552.5067425771,4742324.478481687,Turbiditas calcareas,CENOZOICO,,NODATA_API_LIMIT,OBSERVED_IGME_1M
BG_0656,Background_Point_656,41.961991877191394,-1.3003413000332318,0,Spatial_Background_Buffered,0,0,0,0,,,,,34284.4,3322.3,0.0,640847.6508823609,4646953.306486684,Conglomerados; areniscas; arcillas; calizas y evaporitas; Vulcanitas basicas,CENOZOICO,,NODATA_API_LIMIT,OBSERVED_IGME_1M
BG_0657,Background_Point_657,39.639999714854476,-6.075710986309248,0,Spatial_Background_Buffered,0,0,0,0,,,,,6840.2,6914.6,0.0,236060.88971138705,4392323.853256822,Gneises; esquistos; marmoles y vulcanitas,PROTEROZOICO,,NODATA_API_LIMIT,OBSERVED_IGME_1M
BG_0658,Background_Point_658,37.95010331920349,-7.461475235603875,0,Spatial_Background_Buffered,0,0,0,0,,,,,55516.0,54086.7,0.0,107931.8768530293,4209677.03484338,Plutonismo orogeénico calcoalcalino toleitico,PALEOZOICO,ROCAS PLUTONICAS HERCINICAS,NODATA_API_LIMIT,OBSERVED_IGME_1M
BG_0659,Background_Point_659,39.163389524265796,-6.653741117730093,0,Spatial_Background_Buffered,0,0,0,0,,,,,8244.0,6678.5,0.0,184301.3846491335,4341270.168482095,Areniscas; pizarras y calizas,PALEOZOICO,,NODATA_API_LIMIT,OBSERVED_IGME_1M
BG_0660,Background_Point_660,41.756578335348074,-2.1360551947832165,0,Spatial_Background_Buffered,0,0,0,0,,,,,268.5,149.3,0.0664,571822.2069069433,4623110.601625224,Calizas; dolomias y margas; Areniscas,MESOZOICO,,NODATA_API_LIMIT,OBSERVED_IGME_1M
BG_0661,Background_Point_661,42.14200890483743,-4.185024575293573,0,Spatial_Background_Buffered,0,0,0,0,,,,,59150.3,37334.6,0.0,402076.8833828785,4666223.016812587,Conglomerados; areniscas; arcillas; calizas y evaporitas; Vulcanitas basicas,CENOZOICO,,NODATA_API_LIMIT,OBSERVED_IGME_1M
BG_0662,Background_Point_662,37.277578603752474,-4.377357921009123,0,Spatial_Background_Buffered,0,0,0,0,,,,,135047.0,135764.4,0.0,377891.87388736726,4126554.842782578,Conglomerados; areniscas; arcillas y calizas; Evaporitas,MESOZOICO-CENOZOICO,,NODATA_API_LIMIT,OBSERVED_IGME_1M
BG_0663,Background_Point_663,42.846099662675876,-4.7162190245300115,0,Spatial_Background_Buffered,0,0,0,0,,,,,18700.9,18961.0,0.0,359763.5831666826,4745153.14755397,Conglomerados; areniscas; pizarras; calizas y vulcanitas; Carbon,PALEOZOICO,,NODATA_API_LIMIT,OBSERVED_IGME_1M
BG_0664,Background_Point_664,41.67538819635925,-3.2244304208197274,0,Spatial_Background_Buffered,0,0,0,0,,,,,36738.1,133.0,0.0,481319.0363113612,4613760.297472326,Conglomerados; areniscas; arcillas; calizas y evaporitas; Vulcanitas basicas,CENOZOICO,,NODATA_API_LIMIT,OBSERVED_IGME_1M
BG_0665,Background_Point_665,39.303336288985676,-3.7794260311493235,0,Spatial_Background_Buffered,0,0,0,0,,,,,9315.9,1213.2,0.0,432796.84345115494,4350728.56472133,Cuarcitas; pizarras; areniscas; calizas y vulcanitas,PALEOZOICO,,NODATA_API_LIMIT,OBSERVED_IGME_1M
BG_0666,Background_Point_666,38.85924220165391,-1.5403005133660561,0,Spatial_Background_Buffered,0,0,0,0,,,,,3570.8,636.1,0.1221,626650.9368408646,4302169.058875154,Calizas; dolomias y margas; Areniscas,MESOZOICO,,NODATA_API_LIMIT,OBSERVED_IGME_1M
BG_0667,Background_Point_667,39.82355841995645,-1.8318317023767767,0,Spatial_Background_Buffered,0,0,0,0,,,,,2178.0,611.5,0.0818,599971.9269061319,4408826.956403205,Calizas; dolomias y margas; Areniscas,MESOZOICO,,NODATA_API_LIMIT,OBSERVED_IGME_1M
BG_0668,Background_Point_668,40.44081057487324,-1.90358223244327,0,Spatial_Background_Buffered,0,0,0,0,,,,,30778.7,9907.3,0.0,592986.2193139116,4477261.899765595,Conglomerados; areniscas; calizas; yesos y arcillas versicolores,MESOZOICO,,NODATA_API_LIMIT,OBSERVED_IGME_1M
BG_0669,Background_Point_669,40.76408480868151,-2.092891235948848,0,Spatial_Background_Buffered,0,0,0,0,,,,,1170.6,1170.6,0.0578,576561.0802537453,4512964.5166069865,Calizas; dolomias y margas; Areniscas,MESOZOICO,,NODATA_API_LIMIT,OBSERVED_IGME_1M
BG_0670,Background_Point_670,42.290751348166914,-0.877306465585432,0,Spatial_Background_Buffered,0,0,0,0,,,,,14967.7,11405.6,0.0,674997.7466424078,4684240.649728654,Conglomerados; areniscas; arcillas; calizas y evaporitas; Vulcanitas basicas,CENOZOICO,,NODATA_API_LIMIT,OBSERVED_IGME_1M
BG_0671,Background_Point_671,42.44517993085324,-5.075065887720406,0,Spatial_Background_Buffered,0,0,0,0,,,,,62262.5,62262.5,0.0,329347.61210898217,4701291.998653052,Conglomerados; gravas; arenas y limos,CENOZOICO,,NODATA_API_LIMIT,OBSERVED_IGME_1M
BG_0672,Background_Point_672,36.73492327564952,-2.7366010536783985,0,Spatial_Background_Buffered,0,0,0,0,,,,,82437.4,77465.3,0.0,523517.3299239356,4065499.5372641813,Conglomerados; gravas; arenas y limos,CENOZOICO,,NODATA_API_LIMIT,OBSERVED_IGME_1M
BG_0673,Background_Point_673,38.63630004783225,-7.023376516835628,0,Spatial_Background_Buffered,0,0,0,0,,,,,7774.5,4081.6,0.0,149768.2898573823,4284102.570891651,Gneises; esquistos; marmoles y vulcanitas,PROTEROZOICO,,NODATA_API_LIMIT,OBSERVED_IGME_1M
BG_0674,Background_Point_674,41.52083849196578,0.20179922269555034,0,Spatial_Background_Buffered,0,0,0,0,,,,,6940.2,4334.3,0.0,767162.4305447474,4601528.794529779,Conglomerados; areniscas; arcillas; calizas y evaporitas; Vulcanitas basicas,CENOZOICO,,NODATA_API_LIMIT,OBSERVED_IGME_1M
BG_0675,Background_Point_675,40.0640257707241,0.1695481156365664,0,Spatial_Background_Buffered,0,0,0,0,,,,,72435.7,68962.4,0.0,770322.7199715455,4439678.697975368,UNMAPPED_OR_NODATA,UNMAPPED_OR_NODATA,UNMAPPED_OR_NODATA,NODATA_API_LIMIT,NODATA_ERROR
BG_0676,Background_Point_676,37.27423513903869,-3.2913617318435535,0,Spatial_Background_Buffered,0,0,0,0,,,,,125351.1,117443.8,0.0,474169.148262167,4125334.6477003414,Conglomerados; areniscas; arcillas; calizas y evaporitas; Vulcanitas basicas,CENOZOICO,,NODATA_API_LIMIT,OBSERVED_IGME_1M
BG_0677,Background_Point_677,39.46132080529267,-4.406933722915907,0,Spatial_Background_Buffered,0,0,0,0,,,,,3000.4,2905.4,0.0927,378963.8405679148,4368916.461247794,Cuarcitas; pizarras; areniscas; calizas y vulcanitas,PALEOZOICO,,NODATA_API_LIMIT,OBSERVED_IGME_1M
BG_0678,Background_Point_678,41.772253334917565,-1.694652137817699,0,Spatial_Background_Buffered,0,0,0,0,,,,,2114.2,1729.2,0.0383,608491.499954178,4625313.6471033115,Conglomerados; gravas; arenas y limos,CENOZOICO,,NODATA_API_LIMIT,OBSERVED_IGME_1M
BG_0679,Background_Point_679,39.35964448824131,-1.3032694503666733,0,Spatial_Background_Buffered,0,0,0,0,,,,,22789.0,586.0,0.0,646180.4196049127,4358060.845299961,Conglomerados; areniscas; arcillas; calizas y evaporitas; Vulcanitas basicas,CENOZOICO,,NODATA_API_LIMIT,OBSERVED_IGME_1M
BG_0680,Background_Point_680,42.14971856889689,-1.2964996070758692,0,Spatial_Background_Buffered,0,0,0,0,,,,,46279.7,2990.8,0.0,640750.7600019978,4667803.875368197,Conglomerados; gravas; arenas y limos,CENOZOICO,,NODATA_API_LIMIT,OBSERVED_IGME_1M
BG_0681,Background_Point_681,39.2334453484352,-6.468769300349781,0,Spatial_Background_Buffered,0,0,0,0,,,,,2874.4,2239.5,0.0858,200585.76228487922,4348419.156241845,Areniscas; pizarras y calizas,PALEOZOICO,,NODATA_API_LIMIT,OBSERVED_IGME_1M
BG_0682,Background_Point_682,40.64279984925849,-1.981824493878756,0,Spatial_Background_Buffered,0,0,0,0,,,,,12906.0,12906.0,0.0,586091.4305431086,4499603.956732868,Calizas; dolomias y margas; Areniscas,MESOZOICO,,NODATA_API_LIMIT,OBSERVED_IGME_1M
BG_0683,Background_Point_683,38.88633249610581,-5.803805557614875,0,Spatial_Background_Buffered,0,0,0,0,,,,,9363.6,81.6,0.0,256804.81516359345,4307900.125404445,Granitoides de emplazamiento epi-mesozonal,PALEOZOICO,ROCAS PLUTONICAS HERCINICAS,NODATA_API_LIMIT,OBSERVED_IGME_1M
BG_0684,Background_Point_684,42.421976693107986,-7.611741721272938,0,Spatial_Background_Buffered,0,0,0,0,,,,,57846.5,55829.6,0.0,120562.99930765196,4706942.487124408,Cuarcitas; pizarras; areniscas; calizas y vulcanitas,PALEOZOICO,,NODATA_API_LIMIT,OBSERVED_IGME_1M
BG_0685,Background_Point_685,40.09686123930282,-4.969569936247617,0,Spatial_Background_Buffered,0,0,0,0,,,,,41895.9,40833.8,0.0,332110.18847689056,4440366.951302993,Granitoides de emplazamiento epi-mesozonal,PALEOZOICO,ROCAS PLUTONICAS HERCINICAS,NODATA_API_LIMIT,OBSERVED_IGME_1M
BG_0686,Background_Point_686,43.334851294597364,-4.802047862211675,0,Spatial_Background_Buffered,0,0,0,0,,,,,207.2,1537.3,0.2895,353916.7375504571,4799577.35834804,Cuarcitas; pizarras; areniscas; calizas y vulcanitas,PALEOZOICO,,NODATA_API_LIMIT,OBSERVED_IGME_1M
BG_0687,Background_Point_687,39.41770602566208,-5.086307172726485,0,Spatial_Background_Buffered,0,0,0,0,,,,,2859.8,1180.1,0.0452,320402.2450359077,4365208.290828095,Conglomerados; areniscas; arcillas; calizas y evaporitas; Vulcanitas basicas,CENOZOICO,,NODATA_API_LIMIT,OBSERVED_IGME_1M
BG_0688,Background_Point_688,42.517602018218916,1.160963147734774,0,Spatial_Background_Buffered,0,0,0,0,,,,,36219.8,36947.2,0.0,841820.7129119115,4715643.531773037,Cuarcitas; pizarras; areniscas; calizas y vulcanitas,PALEOZOICO,,NODATA_API_LIMIT,OBSERVED_IGME_1M
BG_0689,Background_Point_689,42.254964222814735,-5.931442277050697,0,Spatial_Background_Buffered,0,0,0,0,,,,,80875.6,80875.6,0.0,258186.2051693357,4682246.813326354,Cuarcitas; pizarras; areniscas; calizas y vulcanitas,PALEOZOICO,,NODATA_API_LIMIT,OBSERVED_IGME_1M
BG_0690,Background_Point_690,39.84466044731985,-3.1232121418828913,0,Spatial_Background_Buffered,0,0,0,0,,,,,23800.1,3001.2,0.0,489458.85372720874,4410523.541272552,Conglomerados; areniscas; arcillas; calizas y evaporitas; Vulcanitas basicas,CENOZOICO,,NODATA_API_LIMIT,OBSERVED_IGME_1M
BG_0691,Background_Point_691,36.71909996973825,-6.2081926365128295,0,Spatial_Background_Buffered,0,0,0,0,,,,,191704.7,191774.8,0.0,213457.9765535522,4068511.286693556,Conglomerados; areniscas; arcillas; calizas y evaporitas; Vulcanitas basicas,CENOZOICO,,NODATA_API_LIMIT,OBSERVED_IGME_1M
BG_0692,Background_Point_692,39.91979612400203,-0.4404780143651724,0,Spatial_Background_Buffered,0,0,0,0,,,,,22413.8,17044.7,0.0,718748.4109277005,4421991.979502005,Calizas; dolomias y margas; Conglomerados y areniscas,MESOZOICO,,NODATA_API_LIMIT,OBSERVED_IGME_1M
BG_0693,Background_Point_693,41.73203030635391,-3.3448225541118988,0,Spatial_Background_Buffered,0,0,0,0,,,,,46160.7,18.0,0.0,471323.09722290264,4620081.994354537,Conglomerados; gravas; arenas y limos,CENOZOICO,,NODATA_API_LIMIT,OBSERVED_IGME_1M
BG_0694,Background_Point_694,37.174352182845546,-1.6630043670752852,0,Spatial_Background_Buffered,0,0,0,0,,,,,13829.0,13485.4,0.0,618691.3770559952,4115050.969936033,UNMAPPED_OR_NODATA,UNMAPPED_OR_NODATA,UNMAPPED_OR_NODATA,NODATA_API_LIMIT,NODATA_ERROR
BG_0695,Background_Point_695,41.1419336483498,-0.15618397022357836,0,Spatial_Background_Buffered,0,0,0,0,,,,,25932.8,2237.7,0.0,738668.8231246888,4558411.882827069,Conglomerados; areniscas; arcillas y calizas; Evaporitas,CENOZOICO,,NODATA_API_LIMIT,OBSERVED_IGME_1M
BG_0696,Background_Point_696,38.238050913366244,-7.015821439114204,0,Spatial_Background_Buffered,0,0,0,0,,,,,20971.9,21828.6,0.0,148496.51297856617,4239859.01348922,Cuarcitas; pizarras; areniscas; calizas y vulcanitas,PALEOZOICO,,NODATA_API_LIMIT,OBSERVED_IGME_1M
BG_0697,Background_Point_697,38.01970359437751,-5.022711977399312,0,Spatial_Background_Buffered,0,0,0,0,,,,,59776.0,53590.6,0.0,322449.8311755201,4209931.9792112,Plutonismo orogeénico calcoalcalino toleitico,PALEOZOICO,ROCAS PLUTONICAS HERCINICAS,NODATA_API_LIMIT,OBSERVED_IGME_1M
BG_0698,Background_Point_698,41.9433105429943,-5.036876147731834,0,Spatial_Background_Buffered,0,0,0,0,,,,,118072.5,99004.9,0.0,331157.26720933634,4645488.523055269,Conglomerados; areniscas; arcillas; calizas y evaporitas; Vulcanitas basicas,CENOZOICO,,NODATA_API_LIMIT,OBSERVED_IGME_1M
BG_0699,Background_Point_699,42.093718417334316,-3.2142924915142133,0,Spatial_Background_Buffered,0,0,0,0,,,,,9837.9,3924.4,0.0,482278.866082959,4660203.973411904,Calizas; dolomias y margas; Conglomerados y areniscas,MESOZOICO,,NODATA_API_LIMIT,OBSERVED_IGME_1M
BG_0700,Background_Point_700,39.810146247033835,-7.023421340515675,0,Spatial_Background_Buffered,0,0,0,0,,,,,27197.7,27145.1,0.0,155561.23392972746,4414435.514622376,Gneises; esquistos; marmoles y vulcanitas,PROTEROZOICO,,NODATA_API_LIMIT,OBSERVED_IGME_1M
BG_0701,Background_Point_701,39.2926603412264,-2.3905253206164576,0,Spatial_Background_Buffered,0,0,0,0,,,,,25269.3,6397.0,0.0,552557.5799339346,4349431.2622106,Conglomerados; gravas; arenas y limos,CENOZOICO,,NODATA_API_LIMIT,OBSERVED_IGME_1M
BG_0702,Background_Point_702,43.029188557273706,-4.285845859922447,0,Spatial_Background_Buffered,0,0,0,0,,,,,10540.9,5728.9,0.0,395241.8273200163,4764858.343834181,Conglomerados; areniscas; calizas; yesos y arcillas versicolores,MESOZOICO,,NODATA_API_LIMIT,OBSERVED_IGME_1M
BG_0703,Background_Point_703,41.1396297398881,-7.544549587242249,0,Spatial_Background_Buffered,0,0,0,0,,,,,162165.2,161472.5,0.0,118549.88725916608,4564221.233249251,Cuarcitas; pizarras; areniscas; calizas y vulcanitas,PROTEROZOICO-PALEOZOICO,,NODATA_API_LIMIT,OBSERVED_IGME_1M
BG_0704,Background_Point_704,38.13699364097926,-3.5023811404469605,0,Spatial_Background_Buffered,0,0,0,0,,,,,53368.6,53711.5,0.0,455974.3212130372,4221134.1223177435,Conglomerados; gravas; arenas y limos,CENOZOICO,,NODATA_API_LIMIT,OBSERVED_IGME_1M
BG_0705,Background_Point_705,41.13536005885311,-5.167820476821072,0,Spatial_Background_Buffered,0,0,0,0,,,,,138815.1,132266.3,0.0,318050.5530776107,4556048.411252963,Conglomerados; areniscas; arcillas; calizas y evaporitas; Vulcanitas basicas,CENOZOICO,,NODATA_API_LIMIT,OBSERVED_IGME_1M
BG_0706,Background_Point_706,40.443186320639725,-5.730996270470763,0,Spatial_Background_Buffered,0,0,0,0,,,,,80813.8,75702.2,0.0,268382.9878457791,4480530.716385868,Granitoides de emplazamiento epi-mesozonal,PALEOZOICO,ROCAS PLUTONICAS HERCINICAS,NODATA_API_LIMIT,OBSERVED_IGME_1M
BG_0707,Background_Point_707,38.814702151727815,-1.6495084735178853,0,Spatial_Background_Buffered,0,0,0,0,,,,,7425.1,202.9,0.0,617248.1817919966,4297080.416273796,Conglomerados; areniscas; arcillas; calizas y evaporitas; Vulcanitas basicas,CENOZOICO,,NODATA_API_LIMIT,OBSERVED_IGME_1M
BG_0708,Background_Point_708,37.25433440909948,-6.416488295943182,0,Spatial_Background_Buffered,0,0,0,0,,,,,133907.9,131718.8,0.0,196981.41715474337,4128559.8044246943,Conglomerados; areniscas; arcillas; calizas y evaporitas; Vulcanitas basicas,CENOZOICO,,NODATA_API_LIMIT,OBSERVED_IGME_1M
BG_0709,Background_Point_709,38.0436407727901,-5.375810048643102,0,Spatial_Background_Buffered,0,0,0,0,,,,,46766.2,47264.5,0.0,291519.39045854984,4213321.662139254,Gneises; esquistos; marmoles y vulcanitas,PROTEROZOICO-PALEOZOICO,,NODATA_API_LIMIT,OBSERVED_IGME_1M
BG_0710,Background_Point_710,37.02309644222314,-2.4954182837369943,0,Spatial_Background_Buffered,0,0,0,0,,,,,53489.5,45708.4,0.0,544882.2746682115,4097553.541088835,Conglomerados; areniscas; arcillas; calizas y evaporitas; Vulcanitas basicas,CENOZOICO,,NODATA_API_LIMIT,OBSERVED_IGME_1M
BG_0711,Background_Point_711,41.61255640155326,0.9737711731868671,0,Spatial_Background_Buffered,0,0,0,0,,,,,59014.7,27987.3,0.0,831118.7393470197,4614392.157727211,Conglomerados; gravas; arenas y limos,CENOZOICO,,NODATA_API_LIMIT,OBSERVED_IGME_1M
BG_0712,Background_Point_712,41.493375959553646,-7.10255801848113,0,Spatial_Background_Buffered,0,0,0,0,,,,,161069.1,161413.3,0.0,157518.10761500135,4601659.832645304,Cuarcitas; pizarras; areniscas; calizas y vulcanitas,PALEOZOICO,,NODATA_API_LIMIT,OBSERVED_IGME_1M
BG_0713,Background_Point_713,36.768947699007704,-2.3052008192225384,0,Spatial_Background_Buffered,0,0,0,0,,,,,47546.5,43129.8,0.0,562007.4847412491,4069466.5438847616,UNMAPPED_OR_NODATA,UNMAPPED_OR_NODATA,UNMAPPED_OR_NODATA,NODATA_API_LIMIT,NODATA_ERROR
BG_0714,Background_Point_714,39.85789107120886,-3.1221053845788456,0,Spatial_Background_Buffered,0,0,0,0,,,,,23689.4,4295.1,0.0,489555.54529935797,4411991.84406054,Conglomerados; areniscas; arcillas; calizas y evaporitas; Vulcanitas basicas,CENOZOICO,,NODATA_API_LIMIT,OBSERVED_IGME_1M
BG_0715,Background_Point_715,41.205170940657254,0.8459679255373448,0,Spatial_Background_Buffered,0,0,0,0,,,,,33839.9,25047.4,0.0,822479.0657585626,4568668.986729742,Conglomerados; areniscas; pizarras; calizas y vulcanitas; Carbon,PALEOZOICO,,NODATA_API_LIMIT,OBSERVED_IGME_1M
BG_0716,Background_Point_716,39.299358071938094,-3.0817479429636316,0,Spatial_Background_Buffered,0,0,0,0,,,,,20100.0,6006.6,0.0,492951.2268505161,4350000.710346832,Conglomerados; gravas; arenas y limos,CENOZOICO,,NODATA_API_LIMIT,OBSERVED_IGME_1M
BG_0717,Background_Point_717,40.30900775787887,-1.1956383477648955,0,Spatial_Background_Buffered,0,0,0,0,,,,,36016.4,6398.6,0.0,653327.447078311,4463617.088995869,Calizas; dolomias y margas; Conglomerados y areniscas,MESOZOICO,,NODATA_API_LIMIT,OBSERVED_IGME_1M
BG_0718,Background_Point_718,39.99953439673868,-7.06531944807921,0,Spatial_Background_Buffered,0,0,0,0,,,,,42941.6,39365.0,0.0,152932.13999960278,4435627.251454782,Gneises; esquistos; marmoles y vulcanitas,PROTEROZOICO,,NODATA_API_LIMIT,OBSERVED_IGME_1M
BG_0719,Background_Point_719,42.08644052244357,-7.302045081520751,0,Spatial_Background_Buffered,0,0,0,0,,,,,94961.4,95156.2,0.0,144163.09092112817,4668336.469476428,Areniscas; pizarras y calizas,PALEOZOICO,,NODATA_API_LIMIT,OBSERVED_IGME_1M
BG_0720,Background_Point_720,38.09730138116738,-5.60970113626813,0,Spatial_Background_Buffered,0,0,0,0,,,,,41347.2,41768.6,0.0,271159.2148155782,4219827.709654833,Gneises; esquistos; marmoles y vulcanitas,PROTEROZOICO-PALEOZOICO,,NODATA_API_LIMIT,OBSERVED_IGME_1M
BG_0721,Background_Point_721,38.63658218795019,-5.9870682225154255,0,Spatial_Background_Buffered,0,0,0,0,,,,,1940.2,743.5,0.1741,240000.4004174515,4280682.805140773,Conglomerados; areniscas; arcillas; calizas y evaporitas; Vulcanitas basicas,CENOZOICO,,NODATA_API_LIMIT,OBSERVED_IGME_1M
BG_0722,Background_Point_722,40.08846727291121,-0.14694395350894734,0,Spatial_Background_Buffered,0,0,0,0,,,,,50630.2,42497.3,0.0,743238.7798353398,4441477.980578347,Calizas; dolomias y margas; Areniscas,MESOZOICO,,NODATA_API_LIMIT,OBSERVED_IGME_1M
BG_0723,Background_Point_723,42.83463084148085,-5.763410797515833,0,Spatial_Background_Buffered,0,0,0,0,,,,,17535.4,17863.6,0.0,274149.08302810567,4746155.566429235,Areniscas; pizarras y calizas,PALEOZOICO,,NODATA_API_LIMIT,OBSERVED_IGME_1M
BG_0724,Background_Point_724,39.579068829184294,-5.294011797103838,0,Spatial_Background_Buffered,0,0,0,0,,,,,1311.1,497.9,0.0491,302976.7796743084,4383553.44255384,Cuarcitas; pizarras; areniscas; calizas y vulcanitas,PALEOZOICO,,NODATA_API_LIMIT,OBSERVED_IGME_1M
BG_0725,Background_Point_725,41.93665148150905,2.273537998357754,0,Spatial_Background_Buffered,0,0,0,0,,,,,143493.2,139000.2,0.0,937241.2077197438,4656210.604863492,Conglomerados; areniscas; arcillas y calizas; Evaporitas,CENOZOICO,,NODATA_API_LIMIT,OBSERVED_IGME_1M
BG_0726,Background_Point_726,43.108240453644136,-3.0695424387324195,0,Spatial_Background_Buffered,0,0,0,0,,,,,33558.2,15433.7,0.0,494341.67029048287,4772837.174982326,Calizas; dolomias y margas; Areniscas,MESOZOICO,,NODATA_API_LIMIT,OBSERVED_IGME_1M
BG_0727,Background_Point_727,39.95642367170508,-2.322168111920712,0,Spatial_Background_Buffered,0,0,0,0,,,,,24633.6,4577.8,0.0,557896.528259807,4423140.631829146,Conglomerados; areniscas; arcillas; calizas y evaporitas; Vulcanitas basicas,CENOZOICO,,NODATA_API_LIMIT,OBSERVED_IGME_1M
BG_0728,Background_Point_728,41.116368900575466,-6.6963097084064085,0,Spatial_Background_Buffered,0,0,0,0,,,,,159400.7,159569.0,0.0,189652.644963136,4558263.08901565,Gneises; esquistos; marmoles y vulcanitas,PROTEROZOICO,,NODATA_API_LIMIT,OBSERVED_IGME_1M
BG_0729,Background_Point_729,40.12322464537882,-5.661600735904537,0,Spatial_Background_Buffered,0,0,0,0,,,,,45047.1,41029.7,0.0,273201.4902585357,4444830.186515531,Granitoides de emplazamiento meso-catazonal,PALEOZOICO,ROCAS PLUTONICAS HERCINICAS,NODATA_API_LIMIT,OBSERVED_IGME_1M
BG_0730,Background_Point_730,42.201954473333885,-4.888795058658793,0,Spatial_Background_Buffered,0,0,0,0,,,,,89326.0,91398.1,0.0,344067.2643718892,4673926.256178764,Conglomerados; areniscas; arcillas; calizas y evaporitas; Vulcanitas basicas,CENOZOICO,,NODATA_API_LIMIT,OBSERVED_IGME_1M
BG_0731,Background_Point_731,41.000673693182875,-1.9185152409752553,0,Spatial_Background_Buffered,0,0,0,0,,,,,1573.1,71.9,0.144,590954.360998984,4539395.054917758,Calizas; dolomias y margas; Conglomerados y areniscas,MESOZOICO,,NODATA_API_LIMIT,OBSERVED_IGME_1M
BG_0732,Background_Point_732,41.43124563681549,-6.180348042634676,0,Spatial_Background_Buffered,0,0,0,0,,,,,171281.3,172686.3,0.0,234261.5994100458,4591514.250443482,Granitoides de emplazamiento meso-catazonal,PALEOZOICO,ROCAS PLUTONICAS HERCINICAS,NODATA_API_LIMIT,OBSERVED_IGME_1M
BG_0733,Background_Point_733,37.64979540945239,-6.178190856638666,0,Spatial_Background_Buffered,0,0,0,0,,,,,88325.8,88389.9,0.0,219604.79884144466,4171713.3181421165,Plutonismo orogeénico calcoalcalino toleitico,PALEOZOICO,ROCAS PLUTONICAS HERCINICAS,NODATA_API_LIMIT,OBSERVED_IGME_1M
BG_0734,Background_Point_734,42.952773027185195,-5.983923320626907,0,Spatial_Background_Buffered,0,0,0,0,,,,,5532.6,7589.4,0.0,256591.1133523222,4759891.25350669,Conglomerados; areniscas; pizarras; calizas y vulcanitas; Carbon,PALEOZOICO,,NODATA_API_LIMIT,OBSERVED_IGME_1M
BG_0735,Background_Point_735,37.29712013114952,-1.238244107019629,0,Spatial_Background_Buffered,0,0,0,0,,,,,39490.3,33805.1,0.0,656148.6694762176,4129288.640738932,UNMAPPED_OR_NODATA,UNMAPPED_OR_NODATA,UNMAPPED_OR_NODATA,NODATA_API_LIMIT,NODATA_ERROR
BG_0736,Background_Point_736,40.857680976034736,-3.305225600285455,0,Spatial_Background_Buffered,0,0,0,0,,,,,21096.6,7826.5,0.0,474274.90561309666,4523003.321309332,Conglomerados; areniscas; arcillas; calizas y evaporitas; Vulcanitas basicas,CENOZOICO,,NODATA_API_LIMIT,OBSERVED_IGME_1M
BG_0737,Background_Point_737,42.83225853798682,-7.025888103549646,0,Spatial_Background_Buffered,0,0,0,0,,,,,14656.5,14678.8,0.0,170944.4722409758,4750053.913146238,Cuarcitas; pizarras; areniscas; calizas y vulcanitas,PALEOZOICO,,NODATA_API_LIMIT,OBSERVED_IGME_1M
BG_0738,Background_Point_738,37.405851903257926,-1.424130377623801,0,Spatial_Background_Buffered,0,0,0,0,,,,,21404.8,14766.0,0.0,639470.5822658503,4141061.6610014173,UNMAPPED_OR_NODATA,UNMAPPED_OR_NODATA,UNMAPPED_OR_NODATA,NODATA_API_LIMIT,NODATA_ERROR
BG_0739,Background_Point_739,40.18156736210534,-2.1097265748416594,0,Spatial_Background_Buffered,0,0,0,0,,,,,6275.2,153.6,0.0,575792.3310926252,4448289.678804275,Conglomerados; areniscas; arcillas; calizas y evaporitas; Vulcanitas basicas,CENOZOICO,,NODATA_API_LIMIT,OBSERVED_IGME_1M
BG_0740,Background_Point_740,41.678291221715234,-6.994461982844211,0,Spatial_Background_Buffered,0,0,0,0,,,,,141400.2,141546.0,0.0,167495.5969465751,4621772.016789308,Granitoides de emplazamiento meso-catazonal,PALEOZOICO,ROCAS PLUTONICAS HERCINICAS,NODATA_API_LIMIT,OBSERVED_IGME_1M
BG_0741,Background_Point_741,38.5298798804986,-0.6630414927633861,0,Spatial_Background_Buffered,0,0,0,0,,,,,9734.9,1969.3,0.0,703706.3788298148,4267197.596206186,Conglomerados; areniscas; arcillas; calizas y evaporitas; Vulcanitas basicas,CENOZOICO,,NODATA_API_LIMIT,OBSERVED_IGME_1M
BG_0742,Background_Point_742,42.43784347502261,-2.9940093704124573,0,Spatial_Background_Buffered,0,0,0,0,,,,,11078.5,688.1,0.0,500492.7140928924,4698391.363053901,Conglomerados; areniscas; arcillas; calizas y evaporitas; Vulcanitas basicas,CENOZOICO,,NODATA_API_LIMIT,OBSERVED_IGME_1M
BG_0743,Background_Point_743,38.88596999074924,-3.110971035744194,0,Spatial_Background_Buffered,0,0,0,0,,,,,36144.3,1492.6,0.0,490375.4175972318,4304128.525526625,Cuarcitas; pizarras; areniscas; calizas y vulcanitas,PALEOZOICO,,NODATA_API_LIMIT,OBSERVED_IGME_1M
BG_0744,Background_Point_744,42.488201060139346,-2.755656011424206,0,Spatial_Background_Buffered,0,0,0,0,,,,,13057.1,84.0,0.0,520080.5801627549,4704011.864571636,Conglomerados; gravas; arenas y limos,CENOZOICO,,NODATA_API_LIMIT,OBSERVED_IGME_1M
BG_0745,Background_Point_745,37.46900171968882,-4.301311625138656,0,Spatial_Background_Buffered,0,0,0,0,,,,,114074.2,114227.0,0.0,384926.8402652418,4147697.354165382,Conglomerados; areniscas; arcillas; calizas y evaporitas; Vulcanitas basicas,CENOZOICO,,NODATA_API_LIMIT,OBSERVED_IGME_1M
BG_0746,Background_Point_746,42.44390900193194,-0.5047763447190202,0,Spatial_Background_Buffered,0,0,0,0,,,,,30600.9,10860.0,0.0,705211.9172811636,4702081.480801869,Conglomerados; areniscas; arcillas y calizas; Evaporitas,CENOZOICO,,NODATA_API_LIMIT,OBSERVED_IGME_1M
BG_0747,Background_Point_747,37.92824778135235,-6.577580195250646,0,Spatial_Background_Buffered,0,0,0,0,,,,,60149.2,58721.0,0.0,185541.85674500332,4203892.995842553,Cuarcitas; pizarras; areniscas; calizas y vulcanitas,PALEOZOICO,,NODATA_API_LIMIT,OBSERVED_IGME_1M
BG_0748,Background_Point_748,38.76627714065632,-6.214836723206271,0,Spatial_Background_Buffered,0,0,0,0,,,,,782.0,257.5,0.1453,220676.1912968448,4295750.199844842,Areniscas; pizarras y calizas,PALEOZOICO,,NODATA_API_LIMIT,OBSERVED_IGME_1M
BG_0749,Background_Point_749,41.880258576339635,-3.2073171445810402,0,Spatial_Background_Buffered,0,0,0,0,,,,,26232.4,289.5,0.0,482798.33206960076,4636502.38641881,Calizas; dolomias y margas; Conglomerados y areniscas,MESOZOICO,,NODATA_API_LIMIT,OBSERVED_IGME_1M
BG_0750,Background_Point_750,40.88680912694324,-1.178274666216387,0,Spatial_Background_Buffered,0,0,0,0,,,,,2682.1,147.9,0.0616,653475.447149423,4527789.282356666,Conglomerados; areniscas; arcillas; calizas y evaporitas; Vulcanitas basicas,CENOZOICO,,NODATA_API_LIMIT,OBSERVED_IGME_1M
BG_0751,Background_Point_751,42.582950146188246,-4.224515850159399,0,Spatial_Background_Buffered,0,0,0,0,,,,,47003.4,45353.8,0.0,399518.70461820625,4715230.420122046,Conglomerados; areniscas; arcillas; calizas y evaporitas; Vulcanitas basicas,CENOZOICO,,NODATA_API_LIMIT,OBSERVED_IGME_1M
BG_0752,Background_Point_752,38.61836452218215,-0.9927290628754568,0,Spatial_Background_Buffered,0,0,0,0,,,,,13344.4,2528.4,0.0,674750.9277641189,4276338.413116944,Conglomerados; gravas; arenas y limos,CENOZOICO,,NODATA_API_LIMIT,OBSERVED_IGME_1M
BG_0753,Background_Point_753,42.528066083736604,-5.519092784745139,0,Spatial_Background_Buffered,0,0,0,0,,,,,52132.1,53676.4,0.0,293102.62346998765,4711484.956456499,Conglomerados; gravas; arenas y limos,CENOZOICO,,NODATA_API_LIMIT,OBSERVED_IGME_1M
BG_0754,Background_Point_754,41.05304679440856,-4.935060653807447,0,Spatial_Background_Buffered,0,0,0,0,,,,,117891.2,122710.2,0.0,337384.67518624885,4546449.623549902,Conglomerados; areniscas; arcillas; calizas y evaporitas; Vulcanitas basicas,CENOZOICO,,NODATA_API_LIMIT,OBSERVED_IGME_1M
BG_0755,Background_Point_755,40.050648541166936,-0.7722481808708994,0,Spatial_Background_Buffered,0,0,0,0,,,,,14767.7,1234.3,0.0,690027.9874833564,4435756.540173295,Calizas; dolomias y margas; Conglomerados y areniscas,MESOZOICO,,NODATA_API_LIMIT,OBSERVED_IGME_1M
BG_0756,Background_Point_756,37.76327193996983,-4.594950590903412,0,Spatial_Background_Buffered,0,0,0,0,,,,,82072.9,82319.6,0.0,359514.07519222156,4180747.719915432,Conglomerados; areniscas; arcillas; calizas y evaporitas; Vulcanitas basicas,CENOZOICO,,NODATA_API_LIMIT,OBSERVED_IGME_1M
BG_0757,Background_Point_757,38.396127970217584,-7.25673019183506,0,Spatial_Background_Buffered,0,0,0,0,,,,,6099.3,6612.7,0.0,128210.95137806228,4258354.441054615,Areniscas; pizarras y calizas,PALEOZOICO,,NODATA_API_LIMIT,OBSERVED_IGME_1M
BG_0758,Background_Point_758,41.938879182379324,1.1074227565807244,0,Spatial_Background_Buffered,0,0,0,0,,,,,51785.3,45516.6,0.0,840523.8099235942,4651155.060055007,Conglomerados; areniscas; arcillas y calizas; Evaporitas,CENOZOICO,,NODATA_API_LIMIT,OBSERVED_IGME_1M
BG_0759,Background_Point_759,41.193443435462655,0.2217590599674695,0,Spatial_Background_Buffered,0,0,0,0,,,,,16651.7,20246.7,0.0,770180.2417653039,4565237.167954596,Conglomerados; areniscas; arcillas y calizas; Evaporitas,CENOZOICO,,NODATA_API_LIMIT,OBSERVED_IGME_1M
BG_0760,Background_Point_760,43.07169250325974,-5.195619942849879,0,Spatial_Background_Buffered,0,0,0,0,,,,,90.6,623.9,0.7997,321243.82893110253,4771115.776099956,Conglomerados; areniscas; pizarras; calizas y vulcanitas; Carbon,PALEOZOICO,,NODATA_API_LIMIT,OBSERVED_IGME_1M
BG_0761,Background_Point_761,40.42062154713751,-0.9947005798532711,0,Spatial_Background_Buffered,0,0,0,0,,,,,43865.7,21573.4,0.0,670122.465119959,4476374.536333374,Calizas; dolomias y margas; Conglomerados y areniscas,MESOZOICO,,NODATA_API_LIMIT,OBSERVED_IGME_1M
BG_0762,Background_Point_762,39.51526573514144,-6.555380808378785,0,Spatial_Background_Buffered,0,0,0,0,,,,,11700.0,12594.6,0.0,194341.0488314589,4379997.212235462,Granitoides postcinematicos de emplazamiento epizonal,PALEOZOICO,ROCAS PLUTONICAS HERCINICAS,NODATA_API_LIMIT,OBSERVED_IGME_1M
BG_0763,Background_Point_763,42.76639232245064,-3.106280196366736,0,Spatial_Background_Buffered,0,0,0,0,,,,,13670.9,4782.2,0.0,491304.53052163735,4734879.068094269,Calizas; dolomias y margas; Areniscas,MESOZOICO,,NODATA_API_LIMIT,OBSERVED_IGME_1M
BG_0764,Background_Point_764,39.05675550822454,-2.252788804332457,0,Spatial_Background_Buffered,0,0,0,0,,,,,53916.7,8500.5,0.0,564650.9871596203,4323340.466624849,Calizas; dolomias y margas; Conglomerados y areniscas,MESOZOICO,,NODATA_API_LIMIT,OBSERVED_IGME_1M
BG_0765,Background_Point_765,42.701740000710394,-4.977566519170552,0,Spatial_Background_Buffered,0,0,0,0,,,,,33994.6,35928.5,0.0,338031.730117916,4729590.425279252,Conglomerados; areniscas; arcillas; calizas y evaporitas; Vulcanitas basicas,CENOZOICO,,NODATA_API_LIMIT,OBSERVED_IGME_1M
BG_0766,Background_Point_766,43.10495275272582,-4.863262256640339,0,Spatial_Background_Buffered,0,0,0,0,,,,,1852.5,3462.2,0.5398,348385.4958926131,4774154.637397328,Conglomerados; areniscas; pizarras; calizas y vulcanitas; Carbon,PALEOZOICO,,NODATA_API_LIMIT,OBSERVED_IGME_1M
BG_0767,Background_Point_767,42.272561699617,-0.07921416587849793,0,Spatial_Background_Buffered,0,0,0,0,,,,,10480.3,1753.3,0.0,740867.6180572663,4684170.760315223,Conglomerados; areniscas; arcillas y calizas; Evaporitas,CENOZOICO,,NODATA_API_LIMIT,OBSERVED_IGME_1M
BG_0768,Background_Point_768,43.41958875326306,-7.751852064141272,0,Spatial_Background_Buffered,0,0,0,0,,,,,1482.0,815.6,0.1505,115305.57226038633,4818388.803512922,Conglomerados; areniscas; arcillas y calizas; Evaporitas,CENOZOICO,,NODATA_API_LIMIT,OBSERVED_IGME_1M
BG_0769,Background_Point_769,38.45311241556587,-0.5055162936240234,0,Spatial_Background_Buffered,0,0,0,0,,,,,2958.9,1205.0,0.0176,717670.3432597747,4259038.431078213,Calizas; dolomias y margas; Areniscas,MESOZOICO,,NODATA_API_LIMIT,OBSERVED_IGME_1M
BG_0770,Background_Point_770,40.26336807837711,-0.6699754802874872,0,Spatial_Background_Buffered,0,0,0,0,,,,,37231.9,8765.0,0.0,698133.0808416763,4459593.7051481735,Calizas; dolomias y margas; Areniscas,MESOZOICO,,NODATA_API_LIMIT,OBSERVED_IGME_1M
BG_0771,Background_Point_771,37.942477708672634,-6.617943461166558,0,Spatial_Background_Buffered,0,0,0,0,,,,,58120.1,57667.8,0.0,182054.2996661247,4205609.754020013,Cuarcitas; pizarras; areniscas; calizas y vulcanitas,PALEOZOICO,,NODATA_API_LIMIT,OBSERVED_IGME_1M
BG_0772,Background_Point_772,39.64718861851924,-7.538370178151898,0,Spatial_Background_Buffered,0,0,0,0,,,,,13797.0,7752.3,0.0,110543.43083571758,4398452.77064483,Gneises; esquistos; marmoles y vulcanitas,PROTEROZOICO,,NODATA_API_LIMIT,OBSERVED_IGME_1M
BG_0773,Background_Point_773,40.715787820482674,-4.703982196455918,0,Spatial_Background_Buffered,0,0,0,0,,,,,98172.2,100653.3,0.0,356075.4716460003,4508603.861653095,Granitoides postcinematicos de emplazamiento epizonal,PALEOZOICO,ROCAS PLUTONICAS HERCINICAS,NODATA_API_LIMIT,OBSERVED_IGME_1M
BG_0774,Background_Point_774,40.67199987522155,-1.016626921471566,0,Spatial_Background_Buffered,0,0,0,0,,,,,15912.1,10070.9,0.0,667633.9807424456,4504238.334591277,Calizas; dolomias y margas; Conglomerados y areniscas,MESOZOICO,,NODATA_API_LIMIT,OBSERVED_IGME_1M
BG_0775,Background_Point_775,37.91891315558364,-6.7865696208291295,0,Spatial_Background_Buffered,0,0,0,0,,,,,57745.6,57959.0,0.0,167123.7878622043,4203583.644423108,Gneises; esquistos; marmoles y vulcanitas,PROTEROZOICO,,NODATA_API_LIMIT,OBSERVED_IGME_1M
BG_0776,Background_Point_776,37.0190850478766,-1.7731902765641903,0,Spatial_Background_Buffered,0,0,0,0,,,,,8144.3,8465.7,0.0,609131.731950629,4097693.047500632,UNMAPPED_OR_NODATA,UNMAPPED_OR_NODATA,UNMAPPED_OR_NODATA,NODATA_API_LIMIT,NODATA_ERROR
BG_0777,Background_Point_777,42.47799753969392,-0.9461388705085391,0,Spatial_Background_Buffered,0,0,0,0,,,,,6118.9,1416.6,0.0,668820.2234973666,4704893.779419242,Conglomerados; areniscas; arcillas y calizas; Evaporitas,CENOZOICO,,NODATA_API_LIMIT,OBSERVED_IGME_1M
BG_0778,Background_Point_778,39.4414001591851,-2.5371438232604264,0,Spatial_Background_Buffered,0,0,0,0,,,,,5006.9,1129.5,0.0,539829.398991785,4365863.298772842,Conglomerados; areniscas; arcillas; calizas y evaporitas; Vulcanitas basicas,CENOZOICO,,NODATA_API_LIMIT,OBSERVED_IGME_1M
BG_0779,Background_Point_779,39.46433825490168,-4.518111783746282,0,Spatial_Background_Buffered,0,0,0,0,,,,,322.4,321.5,0.1381,369404.5996224514,4369406.566729905,Cuarcitas; pizarras; areniscas; calizas y vulcanitas,PALEOZOICO,,NODATA_API_LIMIT,OBSERVED_IGME_1M
BG_0780,Background_Point_780,40.715303642571406,0.05200213457821983,0,Spatial_Background_Buffered,0,0,0,0,,,,,1580.8,2303.3,0.0804,757797.7073706329,4511634.916362862,Calizas; dolomias y margas; Areniscas,MESOZOICO,,NODATA_API_LIMIT,OBSERVED_IGME_1M
BG_0781,Background_Point_781,40.97242334617669,-1.6209974677815875,0,Spatial_Background_Buffered,0,0,0,0,,,,,10418.5,1090.5,0.0,616026.1419109409,4536611.420128191,Calizas; dolomias y margas; Areniscas,MESOZOICO,,NODATA_API_LIMIT,OBSERVED_IGME_1M
BG_0782,Background_Point_782,41.52017413673082,-1.7662334839814142,0,Spatial_Background_Buffered,0,0,0,0,,,,,3265.4,865.5,0.1127,602942.5879603766,4597238.707122689,Conglomerados; areniscas; arcillas; calizas y evaporitas; Vulcanitas basicas,CENOZOICO,,NODATA_API_LIMIT,OBSERVED_IGME_1M
BG_0783,Background_Point_783,40.04654520834216,-5.323190061183759,0,Spatial_Background_Buffered,0,0,0,0,,,,,38648.8,34855.1,0.0,301818.44811858534,4435509.210913922,Conglomerados; areniscas; arcillas; calizas y evaporitas; Vulcanitas basicas,CENOZOICO,,NODATA_API_LIMIT,OBSERVED_IGME_1M
BG_0784,Background_Point_784,39.0351105769718,-6.597573961789145,0,Spatial_Background_Buffered,0,0,0,0,,,,,11396.4,472.6,0.0,188591.08238709552,4326834.62849809,Conglomerados; areniscas; arcillas; calizas y evaporitas; Vulcanitas basicas,CENOZOICO,,NODATA_API_LIMIT,OBSERVED_IGME_1M
BG_0785,Background_Point_785,41.140699236695,-2.827018775082246,0,Spatial_Background_Buffered,0,0,0,0,,,,,3685.0,95.0,0.0751,514517.00832807476,4554390.620613651,Conglomerados; areniscas; calizas; yesos y arcillas versicolores,MESOZOICO,,NODATA_API_LIMIT,OBSERVED_IGME_1M
BG_0786,Background_Point_786,39.991261478733236,-0.28197332120785684,0,Spatial_Background_Buffered,0,0,0,0,,,,,36584.2,29717.9,0.0,732054.8287500758,4430326.1505709225,Conglomerados; areniscas; calizas; yesos y arcillas versicolores,MESOZOICO,,NODATA_API_LIMIT,OBSERVED_IGME_1M
BG_0787,Background_Point_787,38.897847207551486,-5.119077622271006,0,Spatial_Background_Buffered,0,0,0,0,,,,,1494.8,1373.4,0.0812,316232.84371556994,4307575.129224367,Gneises; esquistos; marmoles y vulcanitas,PROTEROZOICO,,NODATA_API_LIMIT,OBSERVED_IGME_1M
BG_0788,Background_Point_788,38.221758663533244,-6.2096128870857745,0,Spatial_Background_Buffered,0,0,0,0,,,,,24979.6,25168.5,0.0,219020.48292032004,4235292.16162261,Gneises; esquistos; marmoles y vulcanitas,PROTEROZOICO,,NODATA_API_LIMIT,OBSERVED_IGME_1M
BG_0789,Background_Point_789,37.64724531124611,-2.8896472966236337,0,Spatial_Background_Buffered,0,0,0,0,,,,,85744.1,83712.8,0.0,509734.89939527016,4166683.055827634,Conglomerados; gravas; arenas y limos,CENOZOICO,,NODATA_API_LIMIT,OBSERVED_IGME_1M
BG_0790,Background_Point_790,38.28739353209392,-1.6374438150767903,0,Spatial_Background_Buffered,0,0,0,0,,,,,6275.1,6331.3,0.0,619163.060414403,4238580.733188578,Conglomerados; gravas; arenas y limos,CENOZOICO,,NODATA_API_LIMIT,OBSERVED_IGME_1M
BG_0791,Background_Point_791,40.0722676089737,-5.627461455146201,0,Spatial_Background_Buffered,0,0,0,0,,,,,39483.9,36335.0,0.0,275943.69167266274,4439086.734179082,Granitoides de emplazamiento meso-catazonal,PALEOZOICO,ROCAS PLUTONICAS HERCINICAS,NODATA_API_LIMIT,OBSERVED_IGME_1M
BG_0792,Background_Point_792,36.40231583509925,-5.384061302411717,0,Spatial_Background_Buffered,0,0,0,0,,,,,228875.7,229329.4,0.0,286208.48773657915,4031213.158125698,Conglomerados; gravas; arenas y limos,CENOZOICO,,NODATA_API_LIMIT,OBSERVED_IGME_1M
BG_0793,Background_Point_793,38.687251745278864,-6.542933323927196,0,Spatial_Background_Buffered,0,0,0,0,,,,,7380.8,1602.9,0.0,191821.8910110877,4288031.551937939,Conglomerados; areniscas; arcillas; calizas y evaporitas; Vulcanitas basicas,CENOZOICO,,NODATA_API_LIMIT,OBSERVED_IGME_1M
BG_0794,Background_Point_794,40.4789304848202,0.329063096498657,0,Spatial_Background_Buffered,0,0,0,0,,,,,29711.0,30131.2,0.0,782197.8276428409,4486241.346863906,Conglomerados; gravas; arenas y limos,CENOZOICO,,NODATA_API_LIMIT,OBSERVED_IGME_1M
BG_0795,Background_Point_795,38.392688656875045,-2.590419245078273,0,Spatial_Background_Buffered,0,0,0,0,,,,,62465.0,50636.2,0.0,535767.567062954,4249465.499726904,Conglomerados; areniscas; calizas; yesos y arcillas versicolores,MESOZOICO,,NODATA_API_LIMIT,OBSERVED_IGME_1M
BG_0796,Background_Point_796,40.80685987643694,-6.864232817820172,0,Spatial_Background_Buffered,0,0,0,0,,,,,127690.4,128254.2,0.0,174028.85177640576,4524506.538700131,Granitoides de emplazamiento epi-mesozonal,PALEOZOICO,ROCAS PLUTONICAS HERCINICAS,NODATA_API_LIMIT,OBSERVED_IGME_1M
BG_0797,Background_Point_797,38.73760433477743,-6.488597646896446,0,Spatial_Background_Buffered,0,0,0,0,,,,,2688.2,6813.6,0.0295,196762.6344551112,4293439.671381438,Conglomerados; areniscas; arcillas; calizas y evaporitas; Vulcanitas basicas,CENOZOICO,,NODATA_API_LIMIT,OBSERVED_IGME_1M
BG_0798,Background_Point_798,42.83973607234327,-2.616982630312748,0,Spatial_Background_Buffered,0,0,0,0,,,,,14928.7,13645.0,0.0,531300.1479101375,4743089.1459824,Conglomerados; gravas; arenas y limos,CENOZOICO,,NODATA_API_LIMIT,OBSERVED_IGME_1M
BG_0799,Background_Point_799,41.52368345837195,-2.7661028918694393,0,Spatial_Background_Buffered,0,0,0,0,,,,,15478.2,14915.4,0.0,519514.59328910086,4596919.9511269145,Conglomerados; areniscas; arcillas; calizas y evaporitas; Vulcanitas basicas,CENOZOICO,,NODATA_API_LIMIT,OBSERVED_IGME_1M
