mineID,commodity_code,commodity_name,source_column,source_raw_value,status,confirmed_present
132,Au,Gold,metalMinedGold,FALSE,absent,False
391,Au,Gold,metalMinedGold,TRUE,present,True
429,Au,Gold,metalMinedGold,FALSE,absent,False
430,Au,Gold,metalMinedGold,FALSE,absent,False
431,Au,Gold,metalMinedGold,TRUE,present,True
432,Au,Gold,metalMinedGold,FALSE,absent,False
433,Au,Gold,metalMinedGold,TRUE,present,True
434,Au,Gold,metalMinedGold,TRUE,present,True
435,Au,Gold,metalMinedGold,FALSE,absent,False
436,Au,Gold,metalMinedGold,TRUE,present,True
437,Au,Gold,metalMinedGold,TRUE,present,True
438,Au,Gold,metalMinedGold,TRUE,present,True
439,Au,Gold,metalMinedGold,TRUE,present,True
440,Au,Gold,metalMinedGold,TRUE,present,True
441,Au,Gold,metalMinedGold,FALSE,absent,False
442,Au,Gold,metalMinedGold,TRUE,present,True
444,Au,Gold,metalMinedGold,TRUE,present,True
445,Au,Gold,metalMinedGold,FALSE,absent,False
446,Au,Gold,metalMinedGold,FALSE,absent,False
447,Au,Gold,metalMinedGold,FALSE,absent,False
448,Au,Gold,metalMinedGold,FALSE,absent,False
449,Au,Gold,metalMinedGold,FALSE,absent,False
450,Au,Gold,metalMinedGold,FALSE,absent,False
451,Au,Gold,metalMinedGold,FALSE,absent,False
452,Au,Gold,metalMinedGold,FALSE,absent,False
453,Au,Gold,metalMinedGold,FALSE,absent,False
454,Au,Gold,metalMinedGold,FALSE,absent,False
455,Au,Gold,metalMinedGold,FALSE,absent,False
456,Au,Gold,metalMinedGold,FALSE,absent,False
457,Au,Gold,metalMinedGold,TRUE,present,True
458,Au,Gold,metalMinedGold,TRUE,present,True
459,Au,Gold,metalMinedGold,TRUE,present,True
460,Au,Gold,metalMinedGold,FALSE,absent,False
461,Au,Gold,metalMinedGold,FALSE,absent,False
462,Au,Gold,metalMinedGold,FALSE,absent,False
463,Au,Gold,metalMinedGold,TRUE,present,True
464,Au,Gold,metalMinedGold,TRUE,present,True
465,Au,Gold,metalMinedGold,FALSE,absent,False
466,Au,Gold,metalMinedGold,TRUE,present,True
467,Au,Gold,metalMinedGold,TRUE,present,True
468,Au,Gold,metalMinedGold,TRUE,present,True
469,Au,Gold,metalMinedGold,TRUE,present,True
470,Au,Gold,metalMinedGold,TRUE,present,True
471,Au,Gold,metalMinedGold,TRUE,present,True
472,Au,Gold,metalMinedGold,FALSE,absent,False
473,Au,Gold,metalMinedGold,TRUE,present,True
474,Au,Gold,metalMinedGold,TRUE,present,True
475,Au,Gold,metalMinedGold,TRUE,present,True
476,Au,Gold,metalMinedGold,TRUE,present,True
477,Au,Gold,metalMinedGold,TRUE,present,True
478,Au,Gold,metalMinedGold,TRUE,present,True
479,Au,Gold,metalMinedGold,FALSE,absent,False
480,Au,Gold,metalMinedGold,TRUE,present,True
481,Au,Gold,metalMinedGold,TRUE,present,True
482,Au,Gold,metalMinedGold,FALSE,absent,False
483,Au,Gold,metalMinedGold,FALSE,absent,False
484,Au,Gold,metalMinedGold,FALSE,absent,False
486,Au,Gold,metalMinedGold,TRUE,present,True
487,Au,Gold,metalMinedGold,TRUE,present,True
488,Au,Gold,metalMinedGold,TRUE,present,True
489,Au,Gold,metalMinedGold,TRUE,present,True
490,Au,Gold,metalMinedGold,TRUE,present,True
491,Au,Gold,metalMinedGold,TRUE,present,True
492,Au,Gold,metalMinedGold,TRUE,present,True
493,Au,Gold,metalMinedGold,TRUE,present,True
494,Au,Gold,metalMinedGold,TRUE,present,True
495,Au,Gold,metalMinedGold,TRUE,present,True
496,Au,Gold,metalMinedGold,TRUE,present,True
497,Au,Gold,metalMinedGold,TRUE,present,True
498,Au,Gold,metalMinedGold,TRUE,present,True
499,Au,Gold,metalMinedGold,TRUE,present,True
500,Au,Gold,metalMinedGold,TRUE,present,True
501,Au,Gold,metalMinedGold,FALSE,absent,False
502,Au,Gold,metalMinedGold,FALSE,absent,False
503,Au,Gold,metalMinedGold,FALSE,absent,False
504,Au,Gold,metalMinedGold,FALSE,absent,False
505,Au,Gold,metalMinedGold,FALSE,absent,False
506,Au,Gold,metalMinedGold,FALSE,absent,False
507,Au,Gold,metalMinedGold,FALSE,absent,False
508,Au,Gold,metalMinedGold,FALSE,absent,False
509,Au,Gold,metalMinedGold,FALSE,absent,False
510,Au,Gold,metalMinedGold,FALSE,absent,False
511,Au,Gold,metalMinedGold,FALSE,absent,False
512,Au,Gold,metalMinedGold,FALSE,absent,False
513,Au,Gold,metalMinedGold,TRUE,present,True
514,Au,Gold,metalMinedGold,FALSE,absent,False
515,Au,Gold,metalMinedGold,FALSE,absent,False
516,Au,Gold,metalMinedGold,FALSE,absent,False
517,Au,Gold,metalMinedGold,FALSE,absent,False
518,Au,Gold,metalMinedGold,FALSE,absent,False
519,Au,Gold,metalMinedGold,TRUE,present,True
520,Au,Gold,metalMinedGold,TRUE,present,True
521,Au,Gold,metalMinedGold,TRUE,present,True
523,Au,Gold,metalMinedGold,TRUE,present,True
524,Au,Gold,metalMinedGold,TRUE,present,True
525,Au,Gold,metalMinedGold,TRUE,present,True
526,Au,Gold,metalMinedGold,TRUE,present,True
527,Au,Gold,metalMinedGold,FALSE,absent,False
528,Au,Gold,metalMinedGold,TRUE,present,True
529,Au,Gold,metalMinedGold,FALSE,absent,False
530,Au,Gold,metalMinedGold,TRUE,present,True
531,Au,Gold,metalMinedGold,TRUE,present,True
532,Au,Gold,metalMinedGold,FALSE,absent,False
533,Au,Gold,metalMinedGold,FALSE,absent,False
535,Au,Gold,metalMinedGold,TRUE,present,True
536,Au,Gold,metalMinedGold,TRUE,present,True
537,Au,Gold,metalMinedGold,TRUE,present,True
538,Au,Gold,metalMinedGold,TRUE,present,True
539,Au,Gold,metalMinedGold,FALSE,absent,False
540,Au,Gold,metalMinedGold,TRUE,present,True
541,Au,Gold,metalMinedGold,TRUE,present,True
542,Au,Gold,metalMinedGold,FALSE,absent,False
543,Au,Gold,metalMinedGold,TRUE,present,True
545,Au,Gold,metalMinedGold,TRUE,present,True
547,Au,Gold,metalMinedGold,TRUE,present,True
548,Au,Gold,metalMinedGold,TRUE,present,True
549,Au,Gold,metalMinedGold,FALSE,absent,False
550,Au,Gold,metalMinedGold,TRUE,present,True
551,Au,Gold,metalMinedGold,TRUE,present,True
552,Au,Gold,metalMinedGold,TRUE,present,True
553,Au,Gold,metalMinedGold,TRUE,present,True
554,Au,Gold,metalMinedGold,TRUE,present,True
555,Au,Gold,metalMinedGold,TRUE,present,True
556,Au,Gold,metalMinedGold,TRUE,present,True
557,Au,Gold,metalMinedGold,FALSE,absent,False
558,Au,Gold,metalMinedGold,FALSE,absent,False
559,Au,Gold,metalMinedGold,FALSE,absent,False
560,Au,Gold,metalMinedGold,TRUE,present,True
561,Au,Gold,metalMinedGold,TRUE,present,True
563,Au,Gold,metalMinedGold,?,unknown,
564,Au,Gold,metalMinedGold,TRUE,present,True
565,Au,Gold,metalMinedGold,TRUE,present,True
566,Au,Gold,metalMinedGold,FALSE,absent,False
567,Au,Gold,metalMinedGold,TRUE,present,True
568,Au,Gold,metalMinedGold,TRUE,present,True
569,Au,Gold,metalMinedGold,TRUE,present,True
570,Au,Gold,metalMinedGold,TRUE,present,True
571,Au,Gold,metalMinedGold,FALSE,absent,False
572,Au,Gold,metalMinedGold,TRUE,present,True
573,Au,Gold,metalMinedGold,FALSE,absent,False
574,Au,Gold,metalMinedGold,FALSE,absent,False
575,Au,Gold,metalMinedGold,FALSE,absent,False
576,Au,Gold,metalMinedGold,TRUE,present,True
577,Au,Gold,metalMinedGold,FALSE,absent,False
578,Au,Gold,metalMinedGold,FALSE,absent,False
579,Au,Gold,metalMinedGold,FALSE,absent,False
580,Au,Gold,metalMinedGold,FALSE,absent,False
581,Au,Gold,metalMinedGold,FALSE,absent,False
582,Au,Gold,metalMinedGold,FALSE,absent,False
583,Au,Gold,metalMinedGold,FALSE,absent,False
584,Au,Gold,metalMinedGold,FALSE,absent,False
585,Au,Gold,metalMinedGold,FALSE,absent,False
586,Au,Gold,metalMinedGold,FALSE,absent,False
587,Au,Gold,metalMinedGold,FALSE,absent,False
588,Au,Gold,metalMinedGold,FALSE,absent,False
589,Au,Gold,metalMinedGold,FALSE,absent,False
590,Au,Gold,metalMinedGold,TRUE,present,True
591,Au,Gold,metalMinedGold,FALSE,absent,False
592,Au,Gold,metalMinedGold,TRUE,present,True
593,Au,Gold,metalMinedGold,TRUE,present,True
594,Au,Gold,metalMinedGold,TRUE,present,True
595,Au,Gold,metalMinedGold,TRUE,present,True
596,Au,Gold,metalMinedGold,FALSE,absent,False
597,Au,Gold,metalMinedGold,TRUE,present,True
598,Au,Gold,metalMinedGold,FALSE,absent,False
599,Au,Gold,metalMinedGold,FALSE,absent,False
601,Au,Gold,metalMinedGold,TRUE,present,True
602,Au,Gold,metalMinedGold,FALSE,absent,False
603,Au,Gold,metalMinedGold,FALSE,absent,False
604,Au,Gold,metalMinedGold,TRUE,present,True
605,Au,Gold,metalMinedGold,TRUE,present,True
606,Au,Gold,metalMinedGold,TRUE,present,True
607,Au,Gold,metalMinedGold,FALSE,absent,False
608,Au,Gold,metalMinedGold,TRUE,present,True
609,Au,Gold,metalMinedGold,TRUE,present,True
610,Au,Gold,metalMinedGold,FALSE,absent,False
612,Au,Gold,metalMinedGold,FALSE,absent,False
613,Au,Gold,metalMinedGold,FALSE,absent,False
614,Au,Gold,metalMinedGold,FALSE,absent,False
615,Au,Gold,metalMinedGold,FALSE,absent,False
616,Au,Gold,metalMinedGold,TRUE,present,True
617,Au,Gold,metalMinedGold,TRUE,present,True
618,Au,Gold,metalMinedGold,TRUE,present,True
619,Au,Gold,metalMinedGold,TRUE,present,True
620,Au,Gold,metalMinedGold,TRUE,present,True
623,Au,Gold,metalMinedGold,TRUE,present,True
624,Au,Gold,metalMinedGold,TRUE,present,True
625,Au,Gold,metalMinedGold,TRUE,present,True
626,Au,Gold,metalMinedGold,FALSE,absent,False
627,Au,Gold,metalMinedGold,TRUE,present,True
629,Au,Gold,metalMinedGold,FALSE,absent,False
630,Au,Gold,metalMinedGold,FALSE,absent,False
631,Au,Gold,metalMinedGold,TRUE,present,True
632,Au,Gold,metalMinedGold,TRUE,present,True
633,Au,Gold,metalMinedGold,TRUE,present,True
634,Au,Gold,metalMinedGold,FALSE,absent,False
635,Au,Gold,metalMinedGold,FALSE,absent,False
636,Au,Gold,metalMinedGold,TRUE,present,True
637,Au,Gold,metalMinedGold,FALSE,absent,False
638,Au,Gold,metalMinedGold,FALSE,absent,False
639,Au,Gold,metalMinedGold,FALSE,absent,False
640,Au,Gold,metalMinedGold,FALSE,absent,False
641,Au,Gold,metalMinedGold,FALSE,absent,False
642,Au,Gold,metalMinedGold,FALSE,absent,False
643,Au,Gold,metalMinedGold,FALSE,absent,False
644,Au,Gold,metalMinedGold,TRUE,present,True
645,Au,Gold,metalMinedGold,FALSE,absent,False
646,Au,Gold,metalMinedGold,FALSE,absent,False
647,Au,Gold,metalMinedGold,FALSE,absent,False
648,Au,Gold,metalMinedGold,TRUE,present,True
649,Au,Gold,metalMinedGold,TRUE,present,True
650,Au,Gold,metalMinedGold,FALSE,absent,False
651,Au,Gold,metalMinedGold,FALSE,absent,False
652,Au,Gold,metalMinedGold,FALSE,absent,False
653,Au,Gold,metalMinedGold,TRUE,present,True
654,Au,Gold,metalMinedGold,TRUE,present,True
655,Au,Gold,metalMinedGold,FALSE,absent,False
656,Au,Gold,metalMinedGold,TRUE,present,True
657,Au,Gold,metalMinedGold,TRUE,present,True
658,Au,Gold,metalMinedGold,FALSE,absent,False
659,Au,Gold,metalMinedGold,TRUE,present,True
660,Au,Gold,metalMinedGold,FALSE,absent,False
661,Au,Gold,metalMinedGold,TRUE,present,True
662,Au,Gold,metalMinedGold,TRUE,present,True
663,Au,Gold,metalMinedGold,TRUE,present,True
664,Au,Gold,metalMinedGold,TRUE,present,True
665,Au,Gold,metalMinedGold,FALSE,absent,False
666,Au,Gold,metalMinedGold,TRUE,present,True
667,Au,Gold,metalMinedGold,TRUE,present,True
668,Au,Gold,metalMinedGold,TRUE,present,True
669,Au,Gold,metalMinedGold,FALSE,absent,False
670,Au,Gold,metalMinedGold,TRUE,present,True
671,Au,Gold,metalMinedGold,TRUE,present,True
672,Au,Gold,metalMinedGold,TRUE,present,True
673,Au,Gold,metalMinedGold,TRUE,present,True
674,Au,Gold,metalMinedGold,TRUE,present,True
675,Au,Gold,metalMinedGold,TRUE,present,True
676,Au,Gold,metalMinedGold,FALSE,absent,False
677,Au,Gold,metalMinedGold,TRUE,present,True
678,Au,Gold,metalMinedGold,TRUE,present,True
680,Au,Gold,metalMinedGold,TRUE,present,True
681,Au,Gold,metalMinedGold,FALSE,absent,False
682,Au,Gold,metalMinedGold,TRUE,present,True
683,Au,Gold,metalMinedGold,FALSE,absent,False
684,Au,Gold,metalMinedGold,TRUE,present,True
686,Au,Gold,metalMinedGold,TRUE,present,True
687,Au,Gold,metalMinedGold,TRUE,present,True
688,Au,Gold,metalMinedGold,FALSE,absent,False
689,Au,Gold,metalMinedGold,FALSE,absent,False
690,Au,Gold,metalMinedGold,FALSE,absent,False
692,Au,Gold,metalMinedGold,TRUE,present,True
693,Au,Gold,metalMinedGold,TRUE,present,True
694,Au,Gold,metalMinedGold,TRUE,present,True
695,Au,Gold,metalMinedGold,TRUE,present,True
696,Au,Gold,metalMinedGold,TRUE,present,True
697,Au,Gold,metalMinedGold,FALSE,absent,False
698,Au,Gold,metalMinedGold,TRUE,present,True
699,Au,Gold,metalMinedGold,TRUE,present,True
700,Au,Gold,metalMinedGold,TRUE,present,True
701,Au,Gold,metalMinedGold,FALSE,absent,False
702,Au,Gold,metalMinedGold,FALSE,absent,False
703,Au,Gold,metalMinedGold,FALSE,absent,False
705,Au,Gold,metalMinedGold,TRUE,present,True
706,Au,Gold,metalMinedGold,FALSE,absent,False
707,Au,Gold,metalMinedGold,TRUE,present,True
708,Au,Gold,metalMinedGold,FALSE,absent,False
709,Au,Gold,metalMinedGold,TRUE,present,True
710,Au,Gold,metalMinedGold,TRUE,present,True
711,Au,Gold,metalMinedGold,FALSE,absent,False
712,Au,Gold,metalMinedGold,TRUE,present,True
713,Au,Gold,metalMinedGold,TRUE,present,True
715,Au,Gold,metalMinedGold,TRUE,present,True
716,Au,Gold,metalMinedGold,FALSE,absent,False
717,Au,Gold,metalMinedGold,TRUE,present,True
718,Au,Gold,metalMinedGold,FALSE,absent,False
719,Au,Gold,metalMinedGold,TRUE,present,True
720,Au,Gold,metalMinedGold,FALSE,absent,False
721,Au,Gold,metalMinedGold,TRUE,present,True
722,Au,Gold,metalMinedGold,TRUE,present,True
723,Au,Gold,metalMinedGold,TRUE,present,True
724,Au,Gold,metalMinedGold,TRUE,present,True
725,Au,Gold,metalMinedGold,FALSE,absent,False
726,Au,Gold,metalMinedGold,TRUE,present,True
727,Au,Gold,metalMinedGold,TRUE,present,True
728,Au,Gold,metalMinedGold,FALSE,absent,False
730,Au,Gold,metalMinedGold,FALSE,absent,False
731,Au,Gold,metalMinedGold,FALSE,absent,False
732,Au,Gold,metalMinedGold,FALSE,absent,False
733,Au,Gold,metalMinedGold,TRUE,present,True
734,Au,Gold,metalMinedGold,FALSE,absent,False
735,Au,Gold,metalMinedGold,FALSE,absent,False
736,Au,Gold,metalMinedGold,FALSE,absent,False
737,Au,Gold,metalMinedGold,TRUE,present,True
738,Au,Gold,metalMinedGold,TRUE,present,True
739,Au,Gold,metalMinedGold,TRUE,present,True
740,Au,Gold,metalMinedGold,FALSE,absent,False
741,Au,Gold,metalMinedGold,FALSE,absent,False
742,Au,Gold,metalMinedGold,TRUE,present,True
743,Au,Gold,metalMinedGold,TRUE,present,True
744,Au,Gold,metalMinedGold,TRUE,present,True
745,Au,Gold,metalMinedGold,FALSE,absent,False
746,Au,Gold,metalMinedGold,FALSE,absent,False
747,Au,Gold,metalMinedGold,FALSE,absent,False
748,Au,Gold,metalMinedGold,TRUE,present,True
749,Au,Gold,metalMinedGold,FALSE,absent,False
750,Au,Gold,metalMinedGold,FALSE,absent,False
752,Au,Gold,metalMinedGold,FALSE,absent,False
753,Au,Gold,metalMinedGold,TRUE,present,True
754,Au,Gold,metalMinedGold,FALSE,absent,False
755,Au,Gold,metalMinedGold,TRUE,present,True
757,Au,Gold,metalMinedGold,TRUE,present,True
758,Au,Gold,metalMinedGold,TRUE,present,True
759,Au,Gold,metalMinedGold,FALSE,absent,False
760,Au,Gold,metalMinedGold,TRUE,present,True
762,Au,Gold,metalMinedGold,TRUE,present,True
763,Au,Gold,metalMinedGold,TRUE,present,True
764,Au,Gold,metalMinedGold,TRUE,present,True
765,Au,Gold,metalMinedGold,FALSE,absent,False
767,Au,Gold,metalMinedGold,TRUE,present,True
768,Au,Gold,metalMinedGold,TRUE,present,True
769,Au,Gold,metalMinedGold,TRUE,present,True
770,Au,Gold,metalMinedGold,TRUE,present,True
772,Au,Gold,metalMinedGold,FALSE,absent,False
773,Au,Gold,metalMinedGold,TRUE,present,True
774,Au,Gold,metalMinedGold,TRUE,present,True
775,Au,Gold,metalMinedGold,TRUE,present,True
776,Au,Gold,metalMinedGold,TRUE,present,True
777,Au,Gold,metalMinedGold,FALSE,absent,False
778,Au,Gold,metalMinedGold,TRUE,present,True
779,Au,Gold,metalMinedGold,TRUE,present,True
780,Au,Gold,metalMinedGold,TRUE,present,True
781,Au,Gold,metalMinedGold,TRUE,present,True
782,Au,Gold,metalMinedGold,TRUE,present,True
783,Au,Gold,metalMinedGold,TRUE,present,True
784,Au,Gold,metalMinedGold,TRUE,present,True
785,Au,Gold,metalMinedGold,FALSE,absent,False
786,Au,Gold,metalMinedGold,TRUE,present,True
787,Au,Gold,metalMinedGold,TRUE,present,True
788,Au,Gold,metalMinedGold,FALSE,absent,False
789,Au,Gold,metalMinedGold,TRUE,present,True
790,Au,Gold,metalMinedGold,TRUE,present,True
791,Au,Gold,metalMinedGold,FALSE,absent,False
792,Au,Gold,metalMinedGold,FALSE,absent,False
793,Au,Gold,metalMinedGold,FALSE,absent,False
794,Au,Gold,metalMinedGold,FALSE,absent,False
795,Au,Gold,metalMinedGold,TRUE,present,True
796,Au,Gold,metalMinedGold,FALSE,absent,False
797,Au,Gold,metalMinedGold,FALSE,absent,False
798,Au,Gold,metalMinedGold,FALSE,absent,False
799,Au,Gold,metalMinedGold,FALSE,absent,False
800,Au,Gold,metalMinedGold,TRUE,present,True
802,Au,Gold,metalMinedGold,TRUE,present,True
803,Au,Gold,metalMinedGold,FALSE,absent,False
805,Au,Gold,metalMinedGold,TRUE,present,True
806,Au,Gold,metalMinedGold,TRUE,present,True
807,Au,Gold,metalMinedGold,TRUE,present,True
808,Au,Gold,metalMinedGold,FALSE,absent,False
809,Au,Gold,metalMinedGold,TRUE,present,True
810,Au,Gold,metalMinedGold,FALSE,absent,False
811,Au,Gold,metalMinedGold,FALSE,absent,False
812,Au,Gold,metalMinedGold,FALSE,absent,False
813,Au,Gold,metalMinedGold,FALSE,absent,False
814,Au,Gold,metalMinedGold,TRUE,present,True
816,Au,Gold,metalMinedGold,FALSE,absent,False
817,Au,Gold,metalMinedGold,FALSE,absent,False
818,Au,Gold,metalMinedGold,FALSE,absent,False
820,Au,Gold,metalMinedGold,FALSE,absent,False
821,Au,Gold,metalMinedGold,FALSE,absent,False
822,Au,Gold,metalMinedGold,TRUE,present,True
823,Au,Gold,metalMinedGold,TRUE,present,True
824,Au,Gold,metalMinedGold,FALSE,absent,False
825,Au,Gold,metalMinedGold,TRUE,present,True
826,Au,Gold,metalMinedGold,TRUE,present,True
827,Au,Gold,metalMinedGold,FALSE,absent,False
828,Au,Gold,metalMinedGold,TRUE,present,True
829,Au,Gold,metalMinedGold,FALSE,absent,False
830,Au,Gold,metalMinedGold,FALSE,absent,False
831,Au,Gold,metalMinedGold,FALSE,absent,False
832,Au,Gold,metalMinedGold,TRUE,present,True
833,Au,Gold,metalMinedGold,FALSE,absent,False
836,Au,Gold,metalMinedGold,FALSE,absent,False
837,Au,Gold,metalMinedGold,TRUE,present,True
838,Au,Gold,metalMinedGold,TRUE,present,True
839,Au,Gold,metalMinedGold,TRUE,present,True
840,Au,Gold,metalMinedGold,FALSE,absent,False
841,Au,Gold,metalMinedGold,TRUE,present,True
842,Au,Gold,metalMinedGold,FALSE,absent,False
843,Au,Gold,metalMinedGold,FALSE,absent,False
844,Au,Gold,metalMinedGold,TRUE,present,True
845,Au,Gold,metalMinedGold,TRUE,present,True
846,Au,Gold,metalMinedGold,TRUE,present,True
848,Au,Gold,metalMinedGold,TRUE,present,True
849,Au,Gold,metalMinedGold,TRUE,present,True
850,Au,Gold,metalMinedGold,TRUE,present,True
851,Au,Gold,metalMinedGold,TRUE,present,True
853,Au,Gold,metalMinedGold,TRUE,present,True
854,Au,Gold,metalMinedGold,FALSE,absent,False
855,Au,Gold,metalMinedGold,FALSE,absent,False
856,Au,Gold,metalMinedGold,TRUE,present,True
857,Au,Gold,metalMinedGold,TRUE,present,True
859,Au,Gold,metalMinedGold,TRUE,present,True
860,Au,Gold,metalMinedGold,FALSE,absent,False
865,Au,Gold,metalMinedGold,TRUE,present,True
866,Au,Gold,metalMinedGold,TRUE,present,True
867,Au,Gold,metalMinedGold,TRUE,present,True
868,Au,Gold,metalMinedGold,TRUE,present,True
869,Au,Gold,metalMinedGold,TRUE,present,True
870,Au,Gold,metalMinedGold,TRUE,present,True
871,Au,Gold,metalMinedGold,TRUE,present,True
872,Au,Gold,metalMinedGold,TRUE,present,True
873,Au,Gold,metalMinedGold,TRUE,present,True
875,Au,Gold,metalMinedGold,TRUE,present,True
876,Au,Gold,metalMinedGold,TRUE,present,True
878,Au,Gold,metalMinedGold,TRUE,present,True
879,Au,Gold,metalMinedGold,FALSE,absent,False
880,Au,Gold,metalMinedGold,FALSE,absent,False
881,Au,Gold,metalMinedGold,FALSE,absent,False
882,Au,Gold,metalMinedGold,TRUE,present,True
884,Au,Gold,metalMinedGold,FALSE,absent,False
885,Au,Gold,metalMinedGold,FALSE,absent,False
886,Au,Gold,metalMinedGold,TRUE,present,True
887,Au,Gold,metalMinedGold,FALSE,absent,False
888,Au,Gold,metalMinedGold,TRUE,present,True
889,Au,Gold,metalMinedGold,FALSE,absent,False
890,Au,Gold,metalMinedGold,TRUE,present,True
893,Au,Gold,metalMinedGold,TRUE,present,True
895,Au,Gold,metalMinedGold,FALSE,absent,False
896,Au,Gold,metalMinedGold,FALSE,absent,False
897,Au,Gold,metalMinedGold,TRUE,present,True
899,Au,Gold,metalMinedGold,TRUE,present,True
900,Au,Gold,metalMinedGold,TRUE,present,True
901,Au,Gold,metalMinedGold,TRUE,present,True
902,Au,Gold,metalMinedGold,TRUE,present,True
904,Au,Gold,metalMinedGold,TRUE,present,True
905,Au,Gold,metalMinedGold,TRUE,present,True
906,Au,Gold,metalMinedGold,TRUE,present,True
908,Au,Gold,metalMinedGold,TRUE,present,True
909,Au,Gold,metalMinedGold,TRUE,present,True
910,Au,Gold,metalMinedGold,FALSE,absent,False
911,Au,Gold,metalMinedGold,FALSE,absent,False
912,Au,Gold,metalMinedGold,TRUE,present,True
913,Au,Gold,metalMinedGold,FALSE,absent,False
914,Au,Gold,metalMinedGold,FALSE,absent,False
915,Au,Gold,metalMinedGold,FALSE,absent,False
918,Au,Gold,metalMinedGold,TRUE,present,True
919,Au,Gold,metalMinedGold,TRUE,present,True
920,Au,Gold,metalMinedGold,FALSE,absent,False
921,Au,Gold,metalMinedGold,TRUE,present,True
922,Au,Gold,metalMinedGold,TRUE,present,True
923,Au,Gold,metalMinedGold,TRUE,present,True
924,Au,Gold,metalMinedGold,TRUE,present,True
925,Au,Gold,metalMinedGold,TRUE,present,True
926,Au,Gold,metalMinedGold,TRUE,present,True
927,Au,Gold,metalMinedGold,TRUE,present,True
929,Au,Gold,metalMinedGold,TRUE,present,True
930,Au,Gold,metalMinedGold,TRUE,present,True
932,Au,Gold,metalMinedGold,TRUE,present,True
933,Au,Gold,metalMinedGold,FALSE,absent,False
934,Au,Gold,metalMinedGold,FALSE,absent,False
935,Au,Gold,metalMinedGold,FALSE,absent,False
936,Au,Gold,metalMinedGold,FALSE,absent,False
937,Au,Gold,metalMinedGold,FALSE,absent,False
938,Au,Gold,metalMinedGold,TRUE,present,True
941,Au,Gold,metalMinedGold,TRUE,present,True
942,Au,Gold,metalMinedGold,FALSE,absent,False
943,Au,Gold,metalMinedGold,FALSE,absent,False
944,Au,Gold,metalMinedGold,FALSE,absent,False
945,Au,Gold,metalMinedGold,TRUE,present,True
946,Au,Gold,metalMinedGold,TRUE,present,True
947,Au,Gold,metalMinedGold,TRUE,present,True
948,Au,Gold,metalMinedGold,TRUE,present,True
950,Au,Gold,metalMinedGold,TRUE,present,True
951,Au,Gold,metalMinedGold,TRUE,present,True
952,Au,Gold,metalMinedGold,FALSE,absent,False
953,Au,Gold,metalMinedGold,FALSE,absent,False
954,Au,Gold,metalMinedGold,FALSE,absent,False
955,Au,Gold,metalMinedGold,TRUE,present,True
956,Au,Gold,metalMinedGold,TRUE,present,True
957,Au,Gold,metalMinedGold,FALSE,absent,False
958,Au,Gold,metalMinedGold,TRUE,present,True
963,Au,Gold,metalMinedGold,FALSE,absent,False
964,Au,Gold,metalMinedGold,FALSE,absent,False
965,Au,Gold,metalMinedGold,TRUE,present,True
966,Au,Gold,metalMinedGold,FALSE,absent,False
967,Au,Gold,metalMinedGold,FALSE,absent,False
968,Au,Gold,metalMinedGold,TRUE,present,True
969,Au,Gold,metalMinedGold,TRUE,present,True
970,Au,Gold,metalMinedGold,TRUE,present,True
971,Au,Gold,metalMinedGold,TRUE,present,True
972,Au,Gold,metalMinedGold,TRUE,present,True
973,Au,Gold,metalMinedGold,TRUE,present,True
974,Au,Gold,metalMinedGold,TRUE,present,True
977,Au,Gold,metalMinedGold,FALSE,absent,False
978,Au,Gold,metalMinedGold,TRUE,present,True
979,Au,Gold,metalMinedGold,TRUE,present,True
980,Au,Gold,metalMinedGold,TRUE,present,True
981,Au,Gold,metalMinedGold,FALSE,absent,False
982,Au,Gold,metalMinedGold,FALSE,absent,False
983,Au,Gold,metalMinedGold,TRUE,present,True
984,Au,Gold,metalMinedGold,TRUE,present,True
985,Au,Gold,metalMinedGold,FALSE,absent,False
986,Au,Gold,metalMinedGold,FALSE,absent,False
987,Au,Gold,metalMinedGold,FALSE,absent,False
988,Au,Gold,metalMinedGold,FALSE,absent,False
989,Au,Gold,metalMinedGold,FALSE,absent,False
990,Au,Gold,metalMinedGold,FALSE,absent,False
993,Au,Gold,metalMinedGold,TRUE,present,True
995,Au,Gold,metalMinedGold,TRUE,present,True
996,Au,Gold,metalMinedGold,TRUE,present,True
997,Au,Gold,metalMinedGold,TRUE,present,True
998,Au,Gold,metalMinedGold,FALSE,absent,False
999,Au,Gold,metalMinedGold,TRUE,present,True
1000,Au,Gold,metalMinedGold,FALSE,absent,False
1001,Au,Gold,metalMinedGold,FALSE,absent,False
1002,Au,Gold,metalMinedGold,FALSE,absent,False
1003,Au,Gold,metalMinedGold,TRUE,present,True
1004,Au,Gold,metalMinedGold,TRUE,present,True
1005,Au,Gold,metalMinedGold,TRUE,present,True
1007,Au,Gold,metalMinedGold,TRUE,present,True
1008,Au,Gold,metalMinedGold,TRUE,present,True
1009,Au,Gold,metalMinedGold,TRUE,present,True
1010,Au,Gold,metalMinedGold,FALSE,absent,False
1011,Au,Gold,metalMinedGold,FALSE,absent,False
1012,Au,Gold,metalMinedGold,FALSE,absent,False
1013,Au,Gold,metalMinedGold,TRUE,present,True
1015,Au,Gold,metalMinedGold,TRUE,present,True
1016,Au,Gold,metalMinedGold,TRUE,present,True
1017,Au,Gold,metalMinedGold,FALSE,absent,False
1018,Au,Gold,metalMinedGold,FALSE,absent,False
1019,Au,Gold,metalMinedGold,FALSE,absent,False
1020,Au,Gold,metalMinedGold,FALSE,absent,False
1021,Au,Gold,metalMinedGold,TRUE,present,True
1022,Au,Gold,metalMinedGold,TRUE,present,True
1023,Au,Gold,metalMinedGold,TRUE,present,True
1024,Au,Gold,metalMinedGold,FALSE,absent,False
1025,Au,Gold,metalMinedGold,TRUE,present,True
1026,Au,Gold,metalMinedGold,TRUE,present,True
1029,Au,Gold,metalMinedGold,TRUE,present,True
1030,Au,Gold,metalMinedGold,TRUE,present,True
1031,Au,Gold,metalMinedGold,TRUE,present,True
1032,Au,Gold,metalMinedGold,FALSE,absent,False
1033,Au,Gold,metalMinedGold,TRUE,present,True
1034,Au,Gold,metalMinedGold,TRUE,present,True
1035,Au,Gold,metalMinedGold,TRUE,present,True
1036,Au,Gold,metalMinedGold,FALSE,absent,False
1038,Au,Gold,metalMinedGold,TRUE,present,True
1040,Au,Gold,metalMinedGold,TRUE,present,True
1041,Au,Gold,metalMinedGold,TRUE,present,True
1042,Au,Gold,metalMinedGold,TRUE,present,True
1043,Au,Gold,metalMinedGold,FALSE,absent,False
1044,Au,Gold,metalMinedGold,TRUE,present,True
1045,Au,Gold,metalMinedGold,TRUE,present,True
1046,Au,Gold,metalMinedGold,FALSE,absent,False
1047,Au,Gold,metalMinedGold,TRUE,present,True
1048,Au,Gold,metalMinedGold,TRUE,present,True
1049,Au,Gold,metalMinedGold,TRUE,present,True
1051,Au,Gold,metalMinedGold,FALSE,absent,False
1052,Au,Gold,metalMinedGold,TRUE,present,True
1053,Au,Gold,metalMinedGold,FALSE,absent,False
1054,Au,Gold,metalMinedGold,FALSE,absent,False
1055,Au,Gold,metalMinedGold,TRUE,present,True
1056,Au,Gold,metalMinedGold,TRUE,present,True
1057,Au,Gold,metalMinedGold,TRUE,present,True
1058,Au,Gold,metalMinedGold,FALSE,absent,False
1059,Au,Gold,metalMinedGold,TRUE,present,True
1060,Au,Gold,metalMinedGold,TRUE,present,True
1061,Au,Gold,metalMinedGold,FALSE,absent,False
1062,Au,Gold,metalMinedGold,TRUE,present,True
1063,Au,Gold,metalMinedGold,TRUE,present,True
1064,Au,Gold,metalMinedGold,FALSE,absent,False
1065,Au,Gold,metalMinedGold,TRUE,present,True
1066,Au,Gold,metalMinedGold,FALSE,absent,False
1067,Au,Gold,metalMinedGold,TRUE,present,True
1068,Au,Gold,metalMinedGold,TRUE,present,True
1069,Au,Gold,metalMinedGold,TRUE,present,True
1070,Au,Gold,metalMinedGold,FALSE,absent,False
1071,Au,Gold,metalMinedGold,FALSE,absent,False
1072,Au,Gold,metalMinedGold,TRUE,present,True
1073,Au,Gold,metalMinedGold,TRUE,present,True
1074,Au,Gold,metalMinedGold,FALSE,absent,False
1075,Au,Gold,metalMinedGold,TRUE,present,True
1076,Au,Gold,metalMinedGold,TRUE,present,True
1077,Au,Gold,metalMinedGold,TRUE,present,True
1079,Au,Gold,metalMinedGold,FALSE,absent,False
1080,Au,Gold,metalMinedGold,TRUE,present,True
1081,Au,Gold,metalMinedGold,TRUE,present,True
1082,Au,Gold,metalMinedGold,FALSE,absent,False
1083,Au,Gold,metalMinedGold,TRUE,present,True
1084,Au,Gold,metalMinedGold,TRUE,present,True
1085,Au,Gold,metalMinedGold,TRUE,present,True
1086,Au,Gold,metalMinedGold,TRUE,present,True
1087,Au,Gold,metalMinedGold,FALSE,absent,False
1089,Au,Gold,metalMinedGold,TRUE,present,True
1090,Au,Gold,metalMinedGold,TRUE,present,True
1091,Au,Gold,metalMinedGold,FALSE,absent,False
1092,Au,Gold,metalMinedGold,FALSE,absent,False
1093,Au,Gold,metalMinedGold,TRUE,present,True
1094,Au,Gold,metalMinedGold,TRUE,present,True
1095,Au,Gold,metalMinedGold,TRUE,present,True
1096,Au,Gold,metalMinedGold,TRUE,present,True
1097,Au,Gold,metalMinedGold,TRUE,present,True
1098,Au,Gold,metalMinedGold,TRUE,present,True
1099,Au,Gold,metalMinedGold,TRUE,present,True
1100,Au,Gold,metalMinedGold,FALSE,absent,False
1101,Au,Gold,metalMinedGold,TRUE,present,True
1102,Au,Gold,metalMinedGold,TRUE,present,True
1103,Au,Gold,metalMinedGold,TRUE,present,True
1104,Au,Gold,metalMinedGold,TRUE,present,True
1108,Au,Gold,metalMinedGold,TRUE,present,True
1109,Au,Gold,metalMinedGold,TRUE,present,True
1110,Au,Gold,metalMinedGold,TRUE,present,True
1111,Au,Gold,metalMinedGold,FALSE,absent,False
1112,Au,Gold,metalMinedGold,FALSE,absent,False
1113,Au,Gold,metalMinedGold,FALSE,absent,False
1115,Au,Gold,metalMinedGold,TRUE,present,True
1117,Au,Gold,metalMinedGold,FALSE,absent,False
1118,Au,Gold,metalMinedGold,FALSE,absent,False
1119,Au,Gold,metalMinedGold,TRUE,present,True
1120,Au,Gold,metalMinedGold,TRUE,present,True
1121,Au,Gold,metalMinedGold,TRUE,present,True
1122,Au,Gold,metalMinedGold,FALSE,absent,False
1123,Au,Gold,metalMinedGold,FALSE,absent,False
1124,Au,Gold,metalMinedGold,TRUE,present,True
1125,Au,Gold,metalMinedGold,TRUE,present,True
1126,Au,Gold,metalMinedGold,FALSE,absent,False
1127,Au,Gold,metalMinedGold,TRUE,present,True
1129,Au,Gold,metalMinedGold,TRUE,present,True
1130,Au,Gold,metalMinedGold,TRUE,present,True
1131,Au,Gold,metalMinedGold,TRUE,present,True
1132,Au,Gold,metalMinedGold,TRUE,present,True
1133,Au,Gold,metalMinedGold,TRUE,present,True
1134,Au,Gold,metalMinedGold,TRUE,present,True
1135,Au,Gold,metalMinedGold,FALSE,absent,False
1136,Au,Gold,metalMinedGold,FALSE,absent,False
1137,Au,Gold,metalMinedGold,FALSE,absent,False
1138,Au,Gold,metalMinedGold,TRUE,present,True
1139,Au,Gold,metalMinedGold,FALSE,absent,False
1140,Au,Gold,metalMinedGold,TRUE,present,True
1141,Au,Gold,metalMinedGold,TRUE,present,True
1142,Au,Gold,metalMinedGold,TRUE,present,True
1143,Au,Gold,metalMinedGold,TRUE,present,True
1144,Au,Gold,metalMinedGold,TRUE,present,True
1145,Au,Gold,metalMinedGold,TRUE,present,True
1146,Au,Gold,metalMinedGold,TRUE,present,True
1147,Au,Gold,metalMinedGold,TRUE,present,True
1148,Au,Gold,metalMinedGold,TRUE,present,True
1150,Au,Gold,metalMinedGold,TRUE,present,True
1151,Au,Gold,metalMinedGold,TRUE,present,True
1152,Au,Gold,metalMinedGold,TRUE,present,True
1153,Au,Gold,metalMinedGold,TRUE,present,True
1154,Au,Gold,metalMinedGold,TRUE,present,True
1155,Au,Gold,metalMinedGold,TRUE,present,True
1156,Au,Gold,metalMinedGold,TRUE,present,True
1157,Au,Gold,metalMinedGold,TRUE,present,True
1158,Au,Gold,metalMinedGold,TRUE,present,True
1159,Au,Gold,metalMinedGold,TRUE,present,True
1160,Au,Gold,metalMinedGold,TRUE,present,True
1161,Au,Gold,metalMinedGold,TRUE,present,True
1162,Au,Gold,metalMinedGold,TRUE,present,True
1163,Au,Gold,metalMinedGold,TRUE,present,True
1164,Au,Gold,metalMinedGold,TRUE,present,True
1165,Au,Gold,metalMinedGold,TRUE,present,True
1166,Au,Gold,metalMinedGold,TRUE,present,True
1167,Au,Gold,metalMinedGold,TRUE,present,True
1168,Au,Gold,metalMinedGold,TRUE,present,True
1169,Au,Gold,metalMinedGold,TRUE,present,True
1170,Au,Gold,metalMinedGold,TRUE,present,True
1171,Au,Gold,metalMinedGold,TRUE,present,True
1172,Au,Gold,metalMinedGold,TRUE,present,True
1173,Au,Gold,metalMinedGold,TRUE,present,True
1174,Au,Gold,metalMinedGold,TRUE,present,True
1175,Au,Gold,metalMinedGold,TRUE,present,True
1176,Au,Gold,metalMinedGold,TRUE,present,True
1177,Au,Gold,metalMinedGold,TRUE,present,True
1178,Au,Gold,metalMinedGold,TRUE,present,True
1179,Au,Gold,metalMinedGold,TRUE,present,True
1180,Au,Gold,metalMinedGold,TRUE,present,True
1181,Au,Gold,metalMinedGold,TRUE,present,True
1182,Au,Gold,metalMinedGold,TRUE,present,True
1183,Au,Gold,metalMinedGold,TRUE,present,True
1184,Au,Gold,metalMinedGold,TRUE,present,True
1185,Au,Gold,metalMinedGold,TRUE,present,True
1186,Au,Gold,metalMinedGold,TRUE,present,True
1187,Au,Gold,metalMinedGold,TRUE,present,True
1188,Au,Gold,metalMinedGold,TRUE,present,True
1189,Au,Gold,metalMinedGold,TRUE,present,True
1190,Au,Gold,metalMinedGold,TRUE,present,True
1191,Au,Gold,metalMinedGold,TRUE,present,True
1192,Au,Gold,metalMinedGold,TRUE,present,True
1193,Au,Gold,metalMinedGold,TRUE,present,True
1194,Au,Gold,metalMinedGold,TRUE,present,True
1195,Au,Gold,metalMinedGold,TRUE,present,True
1196,Au,Gold,metalMinedGold,TRUE,present,True
1197,Au,Gold,metalMinedGold,TRUE,present,True
1200,Au,Gold,metalMinedGold,TRUE,present,True
1201,Au,Gold,metalMinedGold,TRUE,present,True
1202,Au,Gold,metalMinedGold,TRUE,present,True
1203,Au,Gold,metalMinedGold,TRUE,present,True
1204,Au,Gold,metalMinedGold,TRUE,present,True
1205,Au,Gold,metalMinedGold,TRUE,present,True
1206,Au,Gold,metalMinedGold,TRUE,present,True
1207,Au,Gold,metalMinedGold,TRUE,present,True
1208,Au,Gold,metalMinedGold,TRUE,present,True
1209,Au,Gold,metalMinedGold,TRUE,present,True
1210,Au,Gold,metalMinedGold,TRUE,present,True
1211,Au,Gold,metalMinedGold,TRUE,present,True
1212,Au,Gold,metalMinedGold,TRUE,present,True
1213,Au,Gold,metalMinedGold,TRUE,present,True
1214,Au,Gold,metalMinedGold,TRUE,present,True
1215,Au,Gold,metalMinedGold,TRUE,present,True
1216,Au,Gold,metalMinedGold,TRUE,present,True
1217,Au,Gold,metalMinedGold,TRUE,present,True
1218,Au,Gold,metalMinedGold,TRUE,present,True
1219,Au,Gold,metalMinedGold,TRUE,present,True
1220,Au,Gold,metalMinedGold,TRUE,present,True
1221,Au,Gold,metalMinedGold,TRUE,present,True
1222,Au,Gold,metalMinedGold,TRUE,present,True
1223,Au,Gold,metalMinedGold,TRUE,present,True
1224,Au,Gold,metalMinedGold,TRUE,present,True
1225,Au,Gold,metalMinedGold,TRUE,present,True
1226,Au,Gold,metalMinedGold,TRUE,present,True
1227,Au,Gold,metalMinedGold,TRUE,present,True
1228,Au,Gold,metalMinedGold,TRUE,present,True
1229,Au,Gold,metalMinedGold,TRUE,present,True
1230,Au,Gold,metalMinedGold,TRUE,present,True
1231,Au,Gold,metalMinedGold,TRUE,present,True
1232,Au,Gold,metalMinedGold,TRUE,present,True
1233,Au,Gold,metalMinedGold,TRUE,present,True
1234,Au,Gold,metalMinedGold,TRUE,present,True
1235,Au,Gold,metalMinedGold,TRUE,present,True
1236,Au,Gold,metalMinedGold,TRUE,present,True
1237,Au,Gold,metalMinedGold,FALSE,absent,False
1238,Au,Gold,metalMinedGold,TRUE,present,True
1239,Au,Gold,metalMinedGold,FALSE,absent,False
1240,Au,Gold,metalMinedGold,FALSE,absent,False
1241,Au,Gold,metalMinedGold,FALSE,absent,False
1242,Au,Gold,metalMinedGold,FALSE,absent,False
1243,Au,Gold,metalMinedGold,TRUE,present,True
1244,Au,Gold,metalMinedGold,TRUE,present,True
1245,Au,Gold,metalMinedGold,TRUE,present,True
1246,Au,Gold,metalMinedGold,TRUE,present,True
1247,Au,Gold,metalMinedGold,TRUE,present,True
1248,Au,Gold,metalMinedGold,FALSE,absent,False
1249,Au,Gold,metalMinedGold,TRUE,present,True
1250,Au,Gold,metalMinedGold,FALSE,absent,False
1251,Au,Gold,metalMinedGold,TRUE,present,True
1252,Au,Gold,metalMinedGold,FALSE,absent,False
1253,Au,Gold,metalMinedGold,TRUE,present,True
1254,Au,Gold,metalMinedGold,FALSE,absent,False
1255,Au,Gold,metalMinedGold,TRUE,present,True
1257,Au,Gold,metalMinedGold,FALSE,absent,False
1258,Au,Gold,metalMinedGold,TRUE,present,True
1259,Au,Gold,metalMinedGold,TRUE,present,True
1260,Au,Gold,metalMinedGold,TRUE,present,True
1261,Au,Gold,metalMinedGold,TRUE,present,True
1262,Au,Gold,metalMinedGold,FALSE,absent,False
1264,Au,Gold,metalMinedGold,TRUE,present,True
1265,Au,Gold,metalMinedGold,TRUE,present,True
1266,Au,Gold,metalMinedGold,FALSE,absent,False
1267,Au,Gold,metalMinedGold,FALSE,absent,False
1268,Au,Gold,metalMinedGold,FALSE,absent,False
1269,Au,Gold,metalMinedGold,FALSE,absent,False
1270,Au,Gold,metalMinedGold,FALSE,absent,False
1271,Au,Gold,metalMinedGold,TRUE,present,True
1272,Au,Gold,metalMinedGold,TRUE,present,True
1273,Au,Gold,metalMinedGold,TRUE,present,True
1274,Au,Gold,metalMinedGold,FALSE,absent,False
1275,Au,Gold,metalMinedGold,FALSE,absent,False
1276,Au,Gold,metalMinedGold,FALSE,absent,False
1277,Au,Gold,metalMinedGold,FALSE,absent,False
1278,Au,Gold,metalMinedGold,FALSE,absent,False
1279,Au,Gold,metalMinedGold,FALSE,absent,False
1280,Au,Gold,metalMinedGold,FALSE,absent,False
1281,Au,Gold,metalMinedGold,TRUE,present,True
1282,Au,Gold,metalMinedGold,TRUE,present,True
1283,Au,Gold,metalMinedGold,FALSE,absent,False
1284,Au,Gold,metalMinedGold,FALSE,absent,False
1285,Au,Gold,metalMinedGold,FALSE,absent,False
1286,Au,Gold,metalMinedGold,FALSE,absent,False
1287,Au,Gold,metalMinedGold,FALSE,absent,False
1289,Au,Gold,metalMinedGold,TRUE,present,True
1290,Au,Gold,metalMinedGold,FALSE,absent,False
1292,Au,Gold,metalMinedGold,TRUE,present,True
1293,Au,Gold,metalMinedGold,FALSE,absent,False
1294,Au,Gold,metalMinedGold,FALSE,absent,False
1295,Au,Gold,metalMinedGold,TRUE,present,True
1296,Au,Gold,metalMinedGold,TRUE,present,True
1297,Au,Gold,metalMinedGold,FALSE,absent,False
1298,Au,Gold,metalMinedGold,TRUE,present,True
1299,Au,Gold,metalMinedGold,FALSE,absent,False
1300,Au,Gold,metalMinedGold,FALSE,absent,False
1301,Au,Gold,metalMinedGold,FALSE,absent,False
1302,Au,Gold,metalMinedGold,FALSE,absent,False
1303,Au,Gold,metalMinedGold,FALSE,absent,False
1304,Au,Gold,metalMinedGold,FALSE,absent,False
1305,Au,Gold,metalMinedGold,FALSE,absent,False
1306,Au,Gold,metalMinedGold,FALSE,absent,False
1307,Au,Gold,metalMinedGold,FALSE,absent,False
1308,Au,Gold,metalMinedGold,TRUE,present,True
1309,Au,Gold,metalMinedGold,FALSE,absent,False
1310,Au,Gold,metalMinedGold,FALSE,absent,False
1311,Au,Gold,metalMinedGold,TRUE,present,True
1312,Au,Gold,metalMinedGold,TRUE,present,True
1313,Au,Gold,metalMinedGold,FALSE,absent,False
1314,Au,Gold,metalMinedGold,TRUE,present,True
1315,Au,Gold,metalMinedGold,FALSE,absent,False
1316,Au,Gold,metalMinedGold,?,unknown,
1317,Au,Gold,metalMinedGold,TRUE,present,True
1318,Au,Gold,metalMinedGold,TRUE,present,True
1319,Au,Gold,metalMinedGold,FALSE,absent,False
1320,Au,Gold,metalMinedGold,TRUE,present,True
1321,Au,Gold,metalMinedGold,TRUE,present,True
1322,Au,Gold,metalMinedGold,TRUE,present,True
1323,Au,Gold,metalMinedGold,?,unknown,
1324,Au,Gold,metalMinedGold,FALSE,absent,False
1325,Au,Gold,metalMinedGold,TRUE,present,True
1326,Au,Gold,metalMinedGold,TRUE,present,True
1327,Au,Gold,metalMinedGold,FALSE,absent,False
1328,Au,Gold,metalMinedGold,FALSE,absent,False
1329,Au,Gold,metalMinedGold,FALSE,absent,False
1330,Au,Gold,metalMinedGold,TRUE,present,True
1331,Au,Gold,metalMinedGold,FALSE,absent,False
1332,Au,Gold,metalMinedGold,FALSE,absent,False
1333,Au,Gold,metalMinedGold,FALSE,absent,False
1334,Au,Gold,metalMinedGold,TRUE,present,True
1335,Au,Gold,metalMinedGold,TRUE,present,True
1336,Au,Gold,metalMinedGold,FALSE,absent,False
1337,Au,Gold,metalMinedGold,FALSE,absent,False
1338,Au,Gold,metalMinedGold,TRUE,present,True
1339,Au,Gold,metalMinedGold,TRUE,present,True
1340,Au,Gold,metalMinedGold,TRUE,present,True
1341,Au,Gold,metalMinedGold,TRUE,present,True
1342,Au,Gold,metalMinedGold,TRUE,present,True
1343,Au,Gold,metalMinedGold,TRUE,present,True
1344,Au,Gold,metalMinedGold,TRUE,present,True
1345,Au,Gold,metalMinedGold,TRUE,present,True
1346,Au,Gold,metalMinedGold,TRUE,present,True
1347,Au,Gold,metalMinedGold,TRUE,present,True
1348,Au,Gold,metalMinedGold,TRUE,present,True
1349,Au,Gold,metalMinedGold,TRUE,present,True
1350,Au,Gold,metalMinedGold,FALSE,absent,False
1351,Au,Gold,metalMinedGold,TRUE,present,True
1352,Au,Gold,metalMinedGold,TRUE,present,True
1354,Au,Gold,metalMinedGold,FALSE,absent,False
1355,Au,Gold,metalMinedGold,FALSE,absent,False
1356,Au,Gold,metalMinedGold,TRUE,present,True
1357,Au,Gold,metalMinedGold,TRUE,present,True
1358,Au,Gold,metalMinedGold,TRUE,present,True
1359,Au,Gold,metalMinedGold,TRUE,present,True
1360,Au,Gold,metalMinedGold,TRUE,present,True
1361,Au,Gold,metalMinedGold,TRUE,present,True
1362,Au,Gold,metalMinedGold,TRUE,present,True
1363,Au,Gold,metalMinedGold,TRUE,present,True
1364,Au,Gold,metalMinedGold,TRUE,present,True
1365,Au,Gold,metalMinedGold,TRUE,present,True
1366,Au,Gold,metalMinedGold,TRUE,present,True
1367,Au,Gold,metalMinedGold,TRUE,present,True
1368,Au,Gold,metalMinedGold,TRUE,present,True
1369,Au,Gold,metalMinedGold,TRUE,present,True
1370,Au,Gold,metalMinedGold,TRUE,present,True
1371,Au,Gold,metalMinedGold,TRUE,present,True
1373,Au,Gold,metalMinedGold,TRUE,present,True
1374,Au,Gold,metalMinedGold,TRUE,present,True
1375,Au,Gold,metalMinedGold,TRUE,present,True
1376,Au,Gold,metalMinedGold,TRUE,present,True
1377,Au,Gold,metalMinedGold,FALSE,absent,False
1378,Au,Gold,metalMinedGold,TRUE,present,True
1379,Au,Gold,metalMinedGold,TRUE,present,True
1380,Au,Gold,metalMinedGold,TRUE,present,True
1381,Au,Gold,metalMinedGold,TRUE,present,True
1382,Au,Gold,metalMinedGold,TRUE,present,True
1383,Au,Gold,metalMinedGold,TRUE,present,True
1384,Au,Gold,metalMinedGold,TRUE,present,True
1385,Au,Gold,metalMinedGold,TRUE,present,True
1386,Au,Gold,metalMinedGold,TRUE,present,True
1388,Au,Gold,metalMinedGold,TRUE,present,True
1389,Au,Gold,metalMinedGold,TRUE,present,True
1390,Au,Gold,metalMinedGold,TRUE,present,True
1391,Au,Gold,metalMinedGold,TRUE,present,True
1392,Au,Gold,metalMinedGold,FALSE,absent,False
1393,Au,Gold,metalMinedGold,FALSE,absent,False
1394,Au,Gold,metalMinedGold,FALSE,absent,False
1395,Au,Gold,metalMinedGold,TRUE,present,True
1396,Au,Gold,metalMinedGold,TRUE,present,True
1397,Au,Gold,metalMinedGold,TRUE,present,True
1399,Au,Gold,metalMinedGold,TRUE,present,True
1400,Au,Gold,metalMinedGold,FALSE,absent,False
1401,Au,Gold,metalMinedGold,TRUE,present,True
1402,Au,Gold,metalMinedGold,TRUE,present,True
1403,Au,Gold,metalMinedGold,TRUE,present,True
1404,Au,Gold,metalMinedGold,TRUE,present,True
1405,Au,Gold,metalMinedGold,TRUE,present,True
1406,Au,Gold,metalMinedGold,TRUE,present,True
1407,Au,Gold,metalMinedGold,TRUE,present,True
1408,Au,Gold,metalMinedGold,TRUE,present,True
1409,Au,Gold,metalMinedGold,TRUE,present,True
1410,Au,Gold,metalMinedGold,TRUE,present,True
1411,Au,Gold,metalMinedGold,TRUE,present,True
1412,Au,Gold,metalMinedGold,TRUE,present,True
1413,Au,Gold,metalMinedGold,TRUE,present,True
1414,Au,Gold,metalMinedGold,TRUE,present,True
1415,Au,Gold,metalMinedGold,TRUE,present,True
1416,Au,Gold,metalMinedGold,FALSE,absent,False
1417,Au,Gold,metalMinedGold,FALSE,absent,False
1418,Au,Gold,metalMinedGold,TRUE,present,True
1420,Au,Gold,metalMinedGold,TRUE,present,True
1437,Au,Gold,metalMinedGold,FALSE,absent,False
1447,Au,Gold,metalMinedGold,TRUE,present,True
1449,Au,Gold,metalMinedGold,TRUE,present,True
1504,Au,Gold,metalMinedGold,FALSE,absent,False
1627,Au,Gold,metalMinedGold,TRUE,present,True
1628,Au,Gold,metalMinedGold,TRUE,present,True
1635,Au,Gold,metalMinedGold,TRUE,present,True
1636,Au,Gold,metalMinedGold,TRUE,present,True
1637,Au,Gold,metalMinedGold,TRUE,present,True
1638,Au,Gold,metalMinedGold,TRUE,present,True
1639,Au,Gold,metalMinedGold,TRUE,present,True
1764,Au,Gold,metalMinedGold,TRUE,present,True
1767,Au,Gold,metalMinedGold,TRUE,present,True
1768,Au,Gold,metalMinedGold,TRUE,present,True
1769,Au,Gold,metalMinedGold,TRUE,present,True
1770,Au,Gold,metalMinedGold,TRUE,present,True
1771,Au,Gold,metalMinedGold,TRUE,present,True
1772,Au,Gold,metalMinedGold,TRUE,present,True
1775,Au,Gold,metalMinedGold,TRUE,present,True
1776,Au,Gold,metalMinedGold,TRUE,present,True
1777,Au,Gold,metalMinedGold,TRUE,present,True
1778,Au,Gold,metalMinedGold,TRUE,present,True
1779,Au,Gold,metalMinedGold,TRUE,present,True
1780,Au,Gold,metalMinedGold,TRUE,present,True
132,Ag,Silver,metalMinedSilver,0.0,absent,False
391,Ag,Silver,metalMinedSilver,0.0,absent,False
429,Ag,Silver,metalMinedSilver,0.0,absent,False
430,Ag,Silver,metalMinedSilver,1.0,present,True
431,Ag,Silver,metalMinedSilver,0.0,absent,False
432,Ag,Silver,metalMinedSilver,1.0,present,True
433,Ag,Silver,metalMinedSilver,0.0,absent,False
434,Ag,Silver,metalMinedSilver,0.0,absent,False
435,Ag,Silver,metalMinedSilver,0.0,absent,False
436,Ag,Silver,metalMinedSilver,0.0,absent,False
437,Ag,Silver,metalMinedSilver,0.0,absent,False
438,Ag,Silver,metalMinedSilver,0.0,absent,False
439,Ag,Silver,metalMinedSilver,0.0,absent,False
440,Ag,Silver,metalMinedSilver,0.0,absent,False
441,Ag,Silver,metalMinedSilver,1.0,present,True
442,Ag,Silver,metalMinedSilver,0.0,absent,False
444,Ag,Silver,metalMinedSilver,0.0,absent,False
445,Ag,Silver,metalMinedSilver,0.0,absent,False
446,Ag,Silver,metalMinedSilver,1.0,present,True
447,Ag,Silver,metalMinedSilver,0.0,absent,False
448,Ag,Silver,metalMinedSilver,0.0,absent,False
449,Ag,Silver,metalMinedSilver,0.0,absent,False
450,Ag,Silver,metalMinedSilver,1.0,present,True
451,Ag,Silver,metalMinedSilver,0.0,absent,False
452,Ag,Silver,metalMinedSilver,1.0,present,True
453,Ag,Silver,metalMinedSilver,1.0,present,True
454,Ag,Silver,metalMinedSilver,1.0,present,True
455,Ag,Silver,metalMinedSilver,0.0,absent,False
456,Ag,Silver,metalMinedSilver,0.0,absent,False
457,Ag,Silver,metalMinedSilver,0.0,absent,False
458,Ag,Silver,metalMinedSilver,0.0,absent,False
459,Ag,Silver,metalMinedSilver,0.0,absent,False
460,Ag,Silver,metalMinedSilver,0.0,absent,False
461,Ag,Silver,metalMinedSilver,1.0,present,True
462,Ag,Silver,metalMinedSilver,1.0,present,True
463,Ag,Silver,metalMinedSilver,0.0,absent,False
464,Ag,Silver,metalMinedSilver,0.0,absent,False
465,Ag,Silver,metalMinedSilver,0.0,absent,False
466,Ag,Silver,metalMinedSilver,0.0,absent,False
467,Ag,Silver,metalMinedSilver,0.0,absent,False
468,Ag,Silver,metalMinedSilver,0.0,absent,False
469,Ag,Silver,metalMinedSilver,0.0,absent,False
470,Ag,Silver,metalMinedSilver,0.0,absent,False
471,Ag,Silver,metalMinedSilver,0.0,absent,False
472,Ag,Silver,metalMinedSilver,1.0,present,True
473,Ag,Silver,metalMinedSilver,0.0,absent,False
474,Ag,Silver,metalMinedSilver,0.0,absent,False
475,Ag,Silver,metalMinedSilver,0.0,absent,False
476,Ag,Silver,metalMinedSilver,0.0,absent,False
477,Ag,Silver,metalMinedSilver,0.0,absent,False
478,Ag,Silver,metalMinedSilver,0.0,absent,False
479,Ag,Silver,metalMinedSilver,0.0,absent,False
480,Ag,Silver,metalMinedSilver,0.0,absent,False
481,Ag,Silver,metalMinedSilver,1.0,present,True
482,Ag,Silver,metalMinedSilver,0.0,absent,False
483,Ag,Silver,metalMinedSilver,0.0,absent,False
484,Ag,Silver,metalMinedSilver,0.0,absent,False
486,Ag,Silver,metalMinedSilver,0.0,absent,False
487,Ag,Silver,metalMinedSilver,0.0,absent,False
488,Ag,Silver,metalMinedSilver,0.0,absent,False
489,Ag,Silver,metalMinedSilver,0.0,absent,False
490,Ag,Silver,metalMinedSilver,0.0,absent,False
491,Ag,Silver,metalMinedSilver,0.0,absent,False
492,Ag,Silver,metalMinedSilver,0.0,absent,False
493,Ag,Silver,metalMinedSilver,0.0,absent,False
494,Ag,Silver,metalMinedSilver,0.0,absent,False
495,Ag,Silver,metalMinedSilver,0.0,absent,False
496,Ag,Silver,metalMinedSilver,0.0,absent,False
497,Ag,Silver,metalMinedSilver,0.0,absent,False
498,Ag,Silver,metalMinedSilver,0.0,absent,False
499,Ag,Silver,metalMinedSilver,0.0,absent,False
500,Ag,Silver,metalMinedSilver,0.0,absent,False
501,Ag,Silver,metalMinedSilver,0.0,absent,False
502,Ag,Silver,metalMinedSilver,1.0,present,True
503,Ag,Silver,metalMinedSilver,0.0,absent,False
504,Ag,Silver,metalMinedSilver,0.0,absent,False
505,Ag,Silver,metalMinedSilver,0.0,absent,False
506,Ag,Silver,metalMinedSilver,1.0,present,True
507,Ag,Silver,metalMinedSilver,1.0,present,True
508,Ag,Silver,metalMinedSilver,0.0,absent,False
509,Ag,Silver,metalMinedSilver,0.0,absent,False
510,Ag,Silver,metalMinedSilver,0.0,absent,False
511,Ag,Silver,metalMinedSilver,0.0,absent,False
512,Ag,Silver,metalMinedSilver,0.0,absent,False
513,Ag,Silver,metalMinedSilver,0.0,absent,False
514,Ag,Silver,metalMinedSilver,0.0,absent,False
515,Ag,Silver,metalMinedSilver,0.0,absent,False
516,Ag,Silver,metalMinedSilver,0.0,absent,False
517,Ag,Silver,metalMinedSilver,0.0,absent,False
518,Ag,Silver,metalMinedSilver,0.0,absent,False
519,Ag,Silver,metalMinedSilver,0.0,absent,False
520,Ag,Silver,metalMinedSilver,0.0,absent,False
521,Ag,Silver,metalMinedSilver,0.0,absent,False
523,Ag,Silver,metalMinedSilver,0.0,absent,False
524,Ag,Silver,metalMinedSilver,0.0,absent,False
525,Ag,Silver,metalMinedSilver,0.0,absent,False
526,Ag,Silver,metalMinedSilver,0.0,absent,False
527,Ag,Silver,metalMinedSilver,1.0,present,True
528,Ag,Silver,metalMinedSilver,0.0,absent,False
529,Ag,Silver,metalMinedSilver,0.0,absent,False
530,Ag,Silver,metalMinedSilver,0.0,absent,False
531,Ag,Silver,metalMinedSilver,0.0,absent,False
532,Ag,Silver,metalMinedSilver,0.0,absent,False
533,Ag,Silver,metalMinedSilver,1.0,present,True
535,Ag,Silver,metalMinedSilver,0.0,absent,False
536,Ag,Silver,metalMinedSilver,0.0,absent,False
537,Ag,Silver,metalMinedSilver,0.0,absent,False
538,Ag,Silver,metalMinedSilver,0.0,absent,False
539,Ag,Silver,metalMinedSilver,0.0,absent,False
540,Ag,Silver,metalMinedSilver,0.0,absent,False
541,Ag,Silver,metalMinedSilver,0.0,absent,False
542,Ag,Silver,metalMinedSilver,0.0,absent,False
543,Ag,Silver,metalMinedSilver,0.0,absent,False
545,Ag,Silver,metalMinedSilver,0.0,absent,False
547,Ag,Silver,metalMinedSilver,0.0,absent,False
548,Ag,Silver,metalMinedSilver,0.0,absent,False
549,Ag,Silver,metalMinedSilver,0.0,absent,False
550,Ag,Silver,metalMinedSilver,0.0,absent,False
551,Ag,Silver,metalMinedSilver,0.0,absent,False
552,Ag,Silver,metalMinedSilver,0.0,absent,False
553,Ag,Silver,metalMinedSilver,0.0,absent,False
554,Ag,Silver,metalMinedSilver,0.0,absent,False
555,Ag,Silver,metalMinedSilver,0.0,absent,False
556,Ag,Silver,metalMinedSilver,0.0,absent,False
557,Ag,Silver,metalMinedSilver,0.0,absent,False
558,Ag,Silver,metalMinedSilver,1.0,present,True
559,Ag,Silver,metalMinedSilver,1.0,present,True
560,Ag,Silver,metalMinedSilver,0.0,absent,False
561,Ag,Silver,metalMinedSilver,0.0,absent,False
563,Ag,Silver,metalMinedSilver,0.0,absent,False
564,Ag,Silver,metalMinedSilver,0.0,absent,False
565,Ag,Silver,metalMinedSilver,0.0,absent,False
566,Ag,Silver,metalMinedSilver,0.0,absent,False
567,Ag,Silver,metalMinedSilver,0.0,absent,False
568,Ag,Silver,metalMinedSilver,0.0,absent,False
569,Ag,Silver,metalMinedSilver,0.0,absent,False
570,Ag,Silver,metalMinedSilver,0.0,absent,False
571,Ag,Silver,metalMinedSilver,0.0,absent,False
572,Ag,Silver,metalMinedSilver,0.0,absent,False
573,Ag,Silver,metalMinedSilver,0.0,absent,False
574,Ag,Silver,metalMinedSilver,1.0,present,True
575,Ag,Silver,metalMinedSilver,0.0,absent,False
576,Ag,Silver,metalMinedSilver,0.0,absent,False
577,Ag,Silver,metalMinedSilver,0.0,absent,False
578,Ag,Silver,metalMinedSilver,0.0,absent,False
579,Ag,Silver,metalMinedSilver,1.0,present,True
580,Ag,Silver,metalMinedSilver,0.0,absent,False
581,Ag,Silver,metalMinedSilver,1.0,present,True
582,Ag,Silver,metalMinedSilver,1.0,present,True
583,Ag,Silver,metalMinedSilver,0.0,absent,False
584,Ag,Silver,metalMinedSilver,0.0,absent,False
585,Ag,Silver,metalMinedSilver,0.0,absent,False
586,Ag,Silver,metalMinedSilver,0.0,absent,False
587,Ag,Silver,metalMinedSilver,1.0,present,True
588,Ag,Silver,metalMinedSilver,1.0,present,True
589,Ag,Silver,metalMinedSilver,1.0,present,True
590,Ag,Silver,metalMinedSilver,0.0,absent,False
591,Ag,Silver,metalMinedSilver,0.0,absent,False
592,Ag,Silver,metalMinedSilver,0.0,absent,False
593,Ag,Silver,metalMinedSilver,0.0,absent,False
594,Ag,Silver,metalMinedSilver,0.0,absent,False
595,Ag,Silver,metalMinedSilver,0.0,absent,False
596,Ag,Silver,metalMinedSilver,1.0,present,True
597,Ag,Silver,metalMinedSilver,0.0,absent,False
598,Ag,Silver,metalMinedSilver,1.0,present,True
599,Ag,Silver,metalMinedSilver,1.0,present,True
601,Ag,Silver,metalMinedSilver,0.0,absent,False
602,Ag,Silver,metalMinedSilver,1.0,present,True
603,Ag,Silver,metalMinedSilver,0.0,absent,False
604,Ag,Silver,metalMinedSilver,0.0,absent,False
605,Ag,Silver,metalMinedSilver,0.0,absent,False
606,Ag,Silver,metalMinedSilver,0.0,absent,False
607,Ag,Silver,metalMinedSilver,0.0,absent,False
608,Ag,Silver,metalMinedSilver,0.0,absent,False
609,Ag,Silver,metalMinedSilver,0.0,absent,False
610,Ag,Silver,metalMinedSilver,1.0,present,True
612,Ag,Silver,metalMinedSilver,1.0,present,True
613,Ag,Silver,metalMinedSilver,1.0,present,True
614,Ag,Silver,metalMinedSilver,1.0,present,True
615,Ag,Silver,metalMinedSilver,1.0,present,True
616,Ag,Silver,metalMinedSilver,0.0,absent,False
617,Ag,Silver,metalMinedSilver,0.0,absent,False
618,Ag,Silver,metalMinedSilver,0.0,absent,False
619,Ag,Silver,metalMinedSilver,0.0,absent,False
620,Ag,Silver,metalMinedSilver,0.0,absent,False
623,Ag,Silver,metalMinedSilver,0.0,absent,False
624,Ag,Silver,metalMinedSilver,0.0,absent,False
625,Ag,Silver,metalMinedSilver,0.0,absent,False
626,Ag,Silver,metalMinedSilver,0.0,absent,False
627,Ag,Silver,metalMinedSilver,0.0,absent,False
629,Ag,Silver,metalMinedSilver,1.0,present,True
630,Ag,Silver,metalMinedSilver,0.0,absent,False
631,Ag,Silver,metalMinedSilver,0.0,absent,False
632,Ag,Silver,metalMinedSilver,0.0,absent,False
633,Ag,Silver,metalMinedSilver,0.0,absent,False
634,Ag,Silver,metalMinedSilver,1.0,present,True
635,Ag,Silver,metalMinedSilver,1.0,present,True
636,Ag,Silver,metalMinedSilver,0.0,absent,False
637,Ag,Silver,metalMinedSilver,1.0,present,True
638,Ag,Silver,metalMinedSilver,0.0,absent,False
639,Ag,Silver,metalMinedSilver,0.0,absent,False
640,Ag,Silver,metalMinedSilver,1.0,present,True
641,Ag,Silver,metalMinedSilver,1.0,present,True
642,Ag,Silver,metalMinedSilver,1.0,present,True
643,Ag,Silver,metalMinedSilver,0.0,absent,False
644,Ag,Silver,metalMinedSilver,0.0,absent,False
645,Ag,Silver,metalMinedSilver,0.0,absent,False
646,Ag,Silver,metalMinedSilver,1.0,present,True
647,Ag,Silver,metalMinedSilver,0.0,absent,False
648,Ag,Silver,metalMinedSilver,0.0,absent,False
649,Ag,Silver,metalMinedSilver,0.0,absent,False
650,Ag,Silver,metalMinedSilver,1.0,present,True
651,Ag,Silver,metalMinedSilver,1.0,present,True
652,Ag,Silver,metalMinedSilver,1.0,present,True
653,Ag,Silver,metalMinedSilver,0.0,absent,False
654,Ag,Silver,metalMinedSilver,0.0,absent,False
655,Ag,Silver,metalMinedSilver,0.0,absent,False
656,Ag,Silver,metalMinedSilver,0.0,absent,False
657,Ag,Silver,metalMinedSilver,0.0,absent,False
658,Ag,Silver,metalMinedSilver,1.0,present,True
659,Ag,Silver,metalMinedSilver,0.0,absent,False
660,Ag,Silver,metalMinedSilver,1.0,present,True
661,Ag,Silver,metalMinedSilver,0.0,absent,False
662,Ag,Silver,metalMinedSilver,0.0,absent,False
663,Ag,Silver,metalMinedSilver,0.0,absent,False
664,Ag,Silver,metalMinedSilver,0.0,absent,False
665,Ag,Silver,metalMinedSilver,1.0,present,True
666,Ag,Silver,metalMinedSilver,0.0,absent,False
667,Ag,Silver,metalMinedSilver,0.0,absent,False
668,Ag,Silver,metalMinedSilver,0.0,absent,False
669,Ag,Silver,metalMinedSilver,1.0,present,True
670,Ag,Silver,metalMinedSilver,0.0,absent,False
671,Ag,Silver,metalMinedSilver,0.0,absent,False
672,Ag,Silver,metalMinedSilver,0.0,absent,False
673,Ag,Silver,metalMinedSilver,0.0,absent,False
674,Ag,Silver,metalMinedSilver,0.0,absent,False
675,Ag,Silver,metalMinedSilver,0.0,absent,False
676,Ag,Silver,metalMinedSilver,0.0,absent,False
677,Ag,Silver,metalMinedSilver,0.0,absent,False
678,Ag,Silver,metalMinedSilver,0.0,absent,False
680,Ag,Silver,metalMinedSilver,0.0,absent,False
681,Ag,Silver,metalMinedSilver,1.0,present,True
682,Ag,Silver,metalMinedSilver,0.0,absent,False
683,Ag,Silver,metalMinedSilver,1.0,present,True
684,Ag,Silver,metalMinedSilver,0.0,absent,False
686,Ag,Silver,metalMinedSilver,0.0,absent,False
687,Ag,Silver,metalMinedSilver,0.0,absent,False
688,Ag,Silver,metalMinedSilver,0.0,absent,False
689,Ag,Silver,metalMinedSilver,0.0,absent,False
690,Ag,Silver,metalMinedSilver,1.0,present,True
692,Ag,Silver,metalMinedSilver,0.0,absent,False
693,Ag,Silver,metalMinedSilver,0.0,absent,False
694,Ag,Silver,metalMinedSilver,0.0,absent,False
695,Ag,Silver,metalMinedSilver,0.0,absent,False
696,Ag,Silver,metalMinedSilver,0.0,absent,False
697,Ag,Silver,metalMinedSilver,1.0,present,True
698,Ag,Silver,metalMinedSilver,0.0,absent,False
699,Ag,Silver,metalMinedSilver,0.0,absent,False
700,Ag,Silver,metalMinedSilver,0.0,absent,False
701,Ag,Silver,metalMinedSilver,1.0,present,True
702,Ag,Silver,metalMinedSilver,1.0,present,True
703,Ag,Silver,metalMinedSilver,1.0,present,True
705,Ag,Silver,metalMinedSilver,0.0,absent,False
706,Ag,Silver,metalMinedSilver,0.0,absent,False
707,Ag,Silver,metalMinedSilver,0.0,absent,False
708,Ag,Silver,metalMinedSilver,0.0,absent,False
709,Ag,Silver,metalMinedSilver,0.0,absent,False
710,Ag,Silver,metalMinedSilver,0.0,absent,False
711,Ag,Silver,metalMinedSilver,1.0,present,True
712,Ag,Silver,metalMinedSilver,0.0,absent,False
713,Ag,Silver,metalMinedSilver,0.0,absent,False
715,Ag,Silver,metalMinedSilver,0.0,absent,False
716,Ag,Silver,metalMinedSilver,1.0,present,True
717,Ag,Silver,metalMinedSilver,0.0,absent,False
718,Ag,Silver,metalMinedSilver,1.0,present,True
719,Ag,Silver,metalMinedSilver,0.0,absent,False
720,Ag,Silver,metalMinedSilver,1.0,present,True
721,Ag,Silver,metalMinedSilver,0.0,absent,False
722,Ag,Silver,metalMinedSilver,0.0,absent,False
723,Ag,Silver,metalMinedSilver,0.0,absent,False
724,Ag,Silver,metalMinedSilver,0.0,absent,False
725,Ag,Silver,metalMinedSilver,0.0,absent,False
726,Ag,Silver,metalMinedSilver,0.0,absent,False
727,Ag,Silver,metalMinedSilver,0.0,absent,False
728,Ag,Silver,metalMinedSilver,0.0,absent,False
730,Ag,Silver,metalMinedSilver,0.0,absent,False
731,Ag,Silver,metalMinedSilver,1.0,present,True
732,Ag,Silver,metalMinedSilver,1.0,present,True
733,Ag,Silver,metalMinedSilver,0.0,absent,False
734,Ag,Silver,metalMinedSilver,1.0,present,True
735,Ag,Silver,metalMinedSilver,1.0,present,True
736,Ag,Silver,metalMinedSilver,0.0,absent,False
737,Ag,Silver,metalMinedSilver,0.0,absent,False
738,Ag,Silver,metalMinedSilver,0.0,absent,False
739,Ag,Silver,metalMinedSilver,0.0,absent,False
740,Ag,Silver,metalMinedSilver,0.0,absent,False
741,Ag,Silver,metalMinedSilver,1.0,present,True
742,Ag,Silver,metalMinedSilver,0.0,absent,False
743,Ag,Silver,metalMinedSilver,0.0,absent,False
744,Ag,Silver,metalMinedSilver,0.0,absent,False
745,Ag,Silver,metalMinedSilver,0.0,absent,False
746,Ag,Silver,metalMinedSilver,1.0,present,True
747,Ag,Silver,metalMinedSilver,1.0,present,True
748,Ag,Silver,metalMinedSilver,0.0,absent,False
749,Ag,Silver,metalMinedSilver,1.0,present,True
750,Ag,Silver,metalMinedSilver,1.0,present,True
752,Ag,Silver,metalMinedSilver,1.0,present,True
753,Ag,Silver,metalMinedSilver,0.0,absent,False
754,Ag,Silver,metalMinedSilver,0.0,absent,False
755,Ag,Silver,metalMinedSilver,0.0,absent,False
757,Ag,Silver,metalMinedSilver,0.0,absent,False
758,Ag,Silver,metalMinedSilver,0.0,absent,False
759,Ag,Silver,metalMinedSilver,0.0,absent,False
760,Ag,Silver,metalMinedSilver,0.0,absent,False
762,Ag,Silver,metalMinedSilver,0.0,absent,False
763,Ag,Silver,metalMinedSilver,0.0,absent,False
764,Ag,Silver,metalMinedSilver,0.0,absent,False
765,Ag,Silver,metalMinedSilver,1.0,present,True
767,Ag,Silver,metalMinedSilver,0.0,absent,False
768,Ag,Silver,metalMinedSilver,0.0,absent,False
769,Ag,Silver,metalMinedSilver,0.0,absent,False
770,Ag,Silver,metalMinedSilver,0.0,absent,False
772,Ag,Silver,metalMinedSilver,0.0,absent,False
773,Ag,Silver,metalMinedSilver,0.0,absent,False
774,Ag,Silver,metalMinedSilver,0.0,absent,False
775,Ag,Silver,metalMinedSilver,0.0,absent,False
776,Ag,Silver,metalMinedSilver,0.0,absent,False
777,Ag,Silver,metalMinedSilver,1.0,present,True
778,Ag,Silver,metalMinedSilver,0.0,absent,False
779,Ag,Silver,metalMinedSilver,0.0,absent,False
780,Ag,Silver,metalMinedSilver,0.0,absent,False
781,Ag,Silver,metalMinedSilver,0.0,absent,False
782,Ag,Silver,metalMinedSilver,0.0,absent,False
783,Ag,Silver,metalMinedSilver,0.0,absent,False
784,Ag,Silver,metalMinedSilver,0.0,absent,False
785,Ag,Silver,metalMinedSilver,1.0,present,True
786,Ag,Silver,metalMinedSilver,0.0,absent,False
787,Ag,Silver,metalMinedSilver,0.0,absent,False
788,Ag,Silver,metalMinedSilver,1.0,present,True
789,Ag,Silver,metalMinedSilver,0.0,absent,False
790,Ag,Silver,metalMinedSilver,0.0,absent,False
791,Ag,Silver,metalMinedSilver,0.0,absent,False
792,Ag,Silver,metalMinedSilver,1.0,present,True
793,Ag,Silver,metalMinedSilver,0.0,absent,False
794,Ag,Silver,metalMinedSilver,0.0,absent,False
795,Ag,Silver,metalMinedSilver,0.0,absent,False
796,Ag,Silver,metalMinedSilver,0.0,absent,False
797,Ag,Silver,metalMinedSilver,1.0,present,True
798,Ag,Silver,metalMinedSilver,1.0,present,True
799,Ag,Silver,metalMinedSilver,1.0,present,True
800,Ag,Silver,metalMinedSilver,0.0,absent,False
802,Ag,Silver,metalMinedSilver,0.0,absent,False
803,Ag,Silver,metalMinedSilver,1.0,present,True
805,Ag,Silver,metalMinedSilver,0.0,absent,False
806,Ag,Silver,metalMinedSilver,0.0,absent,False
807,Ag,Silver,metalMinedSilver,0.0,absent,False
808,Ag,Silver,metalMinedSilver,1.0,present,True
809,Ag,Silver,metalMinedSilver,0.0,absent,False
810,Ag,Silver,metalMinedSilver,1.0,present,True
811,Ag,Silver,metalMinedSilver,0.0,absent,False
812,Ag,Silver,metalMinedSilver,0.0,absent,False
813,Ag,Silver,metalMinedSilver,0.0,absent,False
814,Ag,Silver,metalMinedSilver,0.0,absent,False
816,Ag,Silver,metalMinedSilver,0.0,absent,False
817,Ag,Silver,metalMinedSilver,1.0,present,True
818,Ag,Silver,metalMinedSilver,0.0,absent,False
820,Ag,Silver,metalMinedSilver,0.0,absent,False
821,Ag,Silver,metalMinedSilver,0.0,absent,False
822,Ag,Silver,metalMinedSilver,0.0,absent,False
823,Ag,Silver,metalMinedSilver,0.0,absent,False
824,Ag,Silver,metalMinedSilver,0.0,absent,False
825,Ag,Silver,metalMinedSilver,0.0,absent,False
826,Ag,Silver,metalMinedSilver,0.0,absent,False
827,Ag,Silver,metalMinedSilver,0.0,absent,False
828,Ag,Silver,metalMinedSilver,0.0,absent,False
829,Ag,Silver,metalMinedSilver,0.0,absent,False
830,Ag,Silver,metalMinedSilver,1.0,present,True
831,Ag,Silver,metalMinedSilver,0.0,absent,False
832,Ag,Silver,metalMinedSilver,0.0,absent,False
833,Ag,Silver,metalMinedSilver,1.0,present,True
836,Ag,Silver,metalMinedSilver,1.0,present,True
837,Ag,Silver,metalMinedSilver,0.0,absent,False
838,Ag,Silver,metalMinedSilver,0.0,absent,False
839,Ag,Silver,metalMinedSilver,0.0,absent,False
840,Ag,Silver,metalMinedSilver,1.0,present,True
841,Ag,Silver,metalMinedSilver,0.0,absent,False
842,Ag,Silver,metalMinedSilver,0.0,absent,False
843,Ag,Silver,metalMinedSilver,0.0,absent,False
844,Ag,Silver,metalMinedSilver,0.0,absent,False
845,Ag,Silver,metalMinedSilver,0.0,absent,False
846,Ag,Silver,metalMinedSilver,0.0,absent,False
848,Ag,Silver,metalMinedSilver,0.0,absent,False
849,Ag,Silver,metalMinedSilver,0.0,absent,False
850,Ag,Silver,metalMinedSilver,0.0,absent,False
851,Ag,Silver,metalMinedSilver,0.0,absent,False
853,Ag,Silver,metalMinedSilver,0.0,absent,False
854,Ag,Silver,metalMinedSilver,0.0,absent,False
855,Ag,Silver,metalMinedSilver,1.0,present,True
856,Ag,Silver,metalMinedSilver,0.0,absent,False
857,Ag,Silver,metalMinedSilver,0.0,absent,False
859,Ag,Silver,metalMinedSilver,0.0,absent,False
860,Ag,Silver,metalMinedSilver,0.0,absent,False
865,Ag,Silver,metalMinedSilver,0.0,absent,False
866,Ag,Silver,metalMinedSilver,0.0,absent,False
867,Ag,Silver,metalMinedSilver,0.0,absent,False
868,Ag,Silver,metalMinedSilver,0.0,absent,False
869,Ag,Silver,metalMinedSilver,0.0,absent,False
870,Ag,Silver,metalMinedSilver,0.0,absent,False
871,Ag,Silver,metalMinedSilver,0.0,absent,False
872,Ag,Silver,metalMinedSilver,0.0,absent,False
873,Ag,Silver,metalMinedSilver,0.0,absent,False
875,Ag,Silver,metalMinedSilver,0.0,absent,False
876,Ag,Silver,metalMinedSilver,0.0,absent,False
878,Ag,Silver,metalMinedSilver,0.0,absent,False
879,Ag,Silver,metalMinedSilver,1.0,present,True
880,Ag,Silver,metalMinedSilver,0.0,absent,False
881,Ag,Silver,metalMinedSilver,1.0,present,True
882,Ag,Silver,metalMinedSilver,0.0,absent,False
884,Ag,Silver,metalMinedSilver,1.0,present,True
885,Ag,Silver,metalMinedSilver,1.0,present,True
886,Ag,Silver,metalMinedSilver,0.0,absent,False
887,Ag,Silver,metalMinedSilver,1.0,present,True
888,Ag,Silver,metalMinedSilver,0.0,absent,False
889,Ag,Silver,metalMinedSilver,1.0,present,True
890,Ag,Silver,metalMinedSilver,0.0,absent,False
893,Ag,Silver,metalMinedSilver,0.0,absent,False
895,Ag,Silver,metalMinedSilver,1.0,present,True
896,Ag,Silver,metalMinedSilver,1.0,present,True
897,Ag,Silver,metalMinedSilver,0.0,absent,False
899,Ag,Silver,metalMinedSilver,0.0,absent,False
900,Ag,Silver,metalMinedSilver,0.0,absent,False
901,Ag,Silver,metalMinedSilver,0.0,absent,False
902,Ag,Silver,metalMinedSilver,0.0,absent,False
904,Ag,Silver,metalMinedSilver,0.0,absent,False
905,Ag,Silver,metalMinedSilver,0.0,absent,False
906,Ag,Silver,metalMinedSilver,0.0,absent,False
908,Ag,Silver,metalMinedSilver,0.0,absent,False
909,Ag,Silver,metalMinedSilver,0.0,absent,False
910,Ag,Silver,metalMinedSilver,0.0,absent,False
911,Ag,Silver,metalMinedSilver,1.0,present,True
912,Ag,Silver,metalMinedSilver,0.0,absent,False
913,Ag,Silver,metalMinedSilver,1.0,present,True
914,Ag,Silver,metalMinedSilver,1.0,present,True
915,Ag,Silver,metalMinedSilver,1.0,present,True
918,Ag,Silver,metalMinedSilver,0.0,absent,False
919,Ag,Silver,metalMinedSilver,0.0,absent,False
920,Ag,Silver,metalMinedSilver,0.0,absent,False
921,Ag,Silver,metalMinedSilver,0.0,absent,False
922,Ag,Silver,metalMinedSilver,0.0,absent,False
923,Ag,Silver,metalMinedSilver,0.0,absent,False
924,Ag,Silver,metalMinedSilver,0.0,absent,False
925,Ag,Silver,metalMinedSilver,0.0,absent,False
926,Ag,Silver,metalMinedSilver,0.0,absent,False
927,Ag,Silver,metalMinedSilver,0.0,absent,False
929,Ag,Silver,metalMinedSilver,0.0,absent,False
930,Ag,Silver,metalMinedSilver,0.0,absent,False
932,Ag,Silver,metalMinedSilver,0.0,absent,False
933,Ag,Silver,metalMinedSilver,0.0,absent,False
934,Ag,Silver,metalMinedSilver,1.0,present,True
935,Ag,Silver,metalMinedSilver,1.0,present,True
936,Ag,Silver,metalMinedSilver,1.0,present,True
937,Ag,Silver,metalMinedSilver,0.0,absent,False
938,Ag,Silver,metalMinedSilver,0.0,absent,False
941,Ag,Silver,metalMinedSilver,0.0,absent,False
942,Ag,Silver,metalMinedSilver,1.0,present,True
943,Ag,Silver,metalMinedSilver,0.0,absent,False
944,Ag,Silver,metalMinedSilver,1.0,present,True
945,Ag,Silver,metalMinedSilver,0.0,absent,False
946,Ag,Silver,metalMinedSilver,0.0,absent,False
947,Ag,Silver,metalMinedSilver,0.0,absent,False
948,Ag,Silver,metalMinedSilver,0.0,absent,False
950,Ag,Silver,metalMinedSilver,0.0,absent,False
951,Ag,Silver,metalMinedSilver,0.0,absent,False
952,Ag,Silver,metalMinedSilver,1.0,present,True
953,Ag,Silver,metalMinedSilver,0.0,absent,False
954,Ag,Silver,metalMinedSilver,0.0,absent,False
955,Ag,Silver,metalMinedSilver,0.0,absent,False
956,Ag,Silver,metalMinedSilver,0.0,absent,False
957,Ag,Silver,metalMinedSilver,1.0,present,True
958,Ag,Silver,metalMinedSilver,0.0,absent,False
963,Ag,Silver,metalMinedSilver,0.0,absent,False
964,Ag,Silver,metalMinedSilver,1.0,present,True
965,Ag,Silver,metalMinedSilver,0.0,absent,False
966,Ag,Silver,metalMinedSilver,1.0,present,True
967,Ag,Silver,metalMinedSilver,1.0,present,True
968,Ag,Silver,metalMinedSilver,0.0,absent,False
969,Ag,Silver,metalMinedSilver,0.0,absent,False
970,Ag,Silver,metalMinedSilver,0.0,absent,False
971,Ag,Silver,metalMinedSilver,0.0,absent,False
972,Ag,Silver,metalMinedSilver,0.0,absent,False
973,Ag,Silver,metalMinedSilver,0.0,absent,False
974,Ag,Silver,metalMinedSilver,0.0,absent,False
977,Ag,Silver,metalMinedSilver,1.0,present,True
978,Ag,Silver,metalMinedSilver,0.0,absent,False
979,Ag,Silver,metalMinedSilver,0.0,absent,False
980,Ag,Silver,metalMinedSilver,0.0,absent,False
981,Ag,Silver,metalMinedSilver,0.0,absent,False
982,Ag,Silver,metalMinedSilver,0.0,absent,False
983,Ag,Silver,metalMinedSilver,0.0,absent,False
984,Ag,Silver,metalMinedSilver,0.0,absent,False
985,Ag,Silver,metalMinedSilver,0.0,absent,False
986,Ag,Silver,metalMinedSilver,0.0,absent,False
987,Ag,Silver,metalMinedSilver,0.0,absent,False
988,Ag,Silver,metalMinedSilver,1.0,present,True
989,Ag,Silver,metalMinedSilver,1.0,present,True
990,Ag,Silver,metalMinedSilver,0.0,absent,False
993,Ag,Silver,metalMinedSilver,0.0,absent,False
995,Ag,Silver,metalMinedSilver,0.0,absent,False
996,Ag,Silver,metalMinedSilver,0.0,absent,False
997,Ag,Silver,metalMinedSilver,0.0,absent,False
998,Ag,Silver,metalMinedSilver,0.0,absent,False
999,Ag,Silver,metalMinedSilver,0.0,absent,False
1000,Ag,Silver,metalMinedSilver,0.0,absent,False
1001,Ag,Silver,metalMinedSilver,0.0,absent,False
1002,Ag,Silver,metalMinedSilver,1.0,present,True
1003,Ag,Silver,metalMinedSilver,0.0,absent,False
1004,Ag,Silver,metalMinedSilver,0.0,absent,False
1005,Ag,Silver,metalMinedSilver,0.0,absent,False
1007,Ag,Silver,metalMinedSilver,0.0,absent,False
1008,Ag,Silver,metalMinedSilver,0.0,absent,False
1009,Ag,Silver,metalMinedSilver,0.0,absent,False
1010,Ag,Silver,metalMinedSilver,0.0,absent,False
1011,Ag,Silver,metalMinedSilver,0.0,absent,False
1012,Ag,Silver,metalMinedSilver,0.0,absent,False
1013,Ag,Silver,metalMinedSilver,0.0,absent,False
1015,Ag,Silver,metalMinedSilver,0.0,absent,False
1016,Ag,Silver,metalMinedSilver,0.0,absent,False
1017,Ag,Silver,metalMinedSilver,0.0,absent,False
1018,Ag,Silver,metalMinedSilver,0.0,absent,False
1019,Ag,Silver,metalMinedSilver,0.0,absent,False
1020,Ag,Silver,metalMinedSilver,1.0,present,True
1021,Ag,Silver,metalMinedSilver,0.0,absent,False
1022,Ag,Silver,metalMinedSilver,0.0,absent,False
1023,Ag,Silver,metalMinedSilver,0.0,absent,False
1024,Ag,Silver,metalMinedSilver,0.0,absent,False
1025,Ag,Silver,metalMinedSilver,0.0,absent,False
1026,Ag,Silver,metalMinedSilver,0.0,absent,False
1029,Ag,Silver,metalMinedSilver,0.0,absent,False
1030,Ag,Silver,metalMinedSilver,0.0,absent,False
1031,Ag,Silver,metalMinedSilver,0.0,absent,False
1032,Ag,Silver,metalMinedSilver,1.0,present,True
1033,Ag,Silver,metalMinedSilver,0.0,absent,False
1034,Ag,Silver,metalMinedSilver,0.0,absent,False
1035,Ag,Silver,metalMinedSilver,0.0,absent,False
1036,Ag,Silver,metalMinedSilver,0.0,absent,False
1038,Ag,Silver,metalMinedSilver,0.0,absent,False
1040,Ag,Silver,metalMinedSilver,0.0,absent,False
1041,Ag,Silver,metalMinedSilver,0.0,absent,False
1042,Ag,Silver,metalMinedSilver,0.0,absent,False
1043,Ag,Silver,metalMinedSilver,0.0,absent,False
1044,Ag,Silver,metalMinedSilver,0.0,absent,False
1045,Ag,Silver,metalMinedSilver,0.0,absent,False
1046,Ag,Silver,metalMinedSilver,1.0,present,True
1047,Ag,Silver,metalMinedSilver,0.0,absent,False
1048,Ag,Silver,metalMinedSilver,0.0,absent,False
1049,Ag,Silver,metalMinedSilver,0.0,absent,False
1051,Ag,Silver,metalMinedSilver,0.0,absent,False
1052,Ag,Silver,metalMinedSilver,0.0,absent,False
1053,Ag,Silver,metalMinedSilver,1.0,present,True
1054,Ag,Silver,metalMinedSilver,0.0,absent,False
1055,Ag,Silver,metalMinedSilver,0.0,absent,False
1056,Ag,Silver,metalMinedSilver,0.0,absent,False
1057,Ag,Silver,metalMinedSilver,0.0,absent,False
1058,Ag,Silver,metalMinedSilver,1.0,present,True
1059,Ag,Silver,metalMinedSilver,0.0,absent,False
1060,Ag,Silver,metalMinedSilver,0.0,absent,False
1061,Ag,Silver,metalMinedSilver,1.0,present,True
1062,Ag,Silver,metalMinedSilver,0.0,absent,False
1063,Ag,Silver,metalMinedSilver,0.0,absent,False
1064,Ag,Silver,metalMinedSilver,1.0,present,True
1065,Ag,Silver,metalMinedSilver,0.0,absent,False
1066,Ag,Silver,metalMinedSilver,1.0,present,True
1067,Ag,Silver,metalMinedSilver,0.0,absent,False
1068,Ag,Silver,metalMinedSilver,0.0,absent,False
1069,Ag,Silver,metalMinedSilver,0.0,absent,False
1070,Ag,Silver,metalMinedSilver,1.0,present,True
1071,Ag,Silver,metalMinedSilver,0.0,absent,False
1072,Ag,Silver,metalMinedSilver,0.0,absent,False
1073,Ag,Silver,metalMinedSilver,0.0,absent,False
1074,Ag,Silver,metalMinedSilver,1.0,present,True
1075,Ag,Silver,metalMinedSilver,0.0,absent,False
1076,Ag,Silver,metalMinedSilver,0.0,absent,False
1077,Ag,Silver,metalMinedSilver,0.0,absent,False
1079,Ag,Silver,metalMinedSilver,1.0,present,True
1080,Ag,Silver,metalMinedSilver,0.0,absent,False
1081,Ag,Silver,metalMinedSilver,0.0,absent,False
1082,Ag,Silver,metalMinedSilver,0.0,absent,False
1083,Ag,Silver,metalMinedSilver,0.0,absent,False
1084,Ag,Silver,metalMinedSilver,0.0,absent,False
1085,Ag,Silver,metalMinedSilver,0.0,absent,False
1086,Ag,Silver,metalMinedSilver,0.0,absent,False
1087,Ag,Silver,metalMinedSilver,0.0,absent,False
1089,Ag,Silver,metalMinedSilver,0.0,absent,False
1090,Ag,Silver,metalMinedSilver,0.0,absent,False
1091,Ag,Silver,metalMinedSilver,1.0,present,True
1092,Ag,Silver,metalMinedSilver,1.0,present,True
1093,Ag,Silver,metalMinedSilver,0.0,absent,False
1094,Ag,Silver,metalMinedSilver,0.0,absent,False
1095,Ag,Silver,metalMinedSilver,0.0,absent,False
1096,Ag,Silver,metalMinedSilver,0.0,absent,False
1097,Ag,Silver,metalMinedSilver,0.0,absent,False
1098,Ag,Silver,metalMinedSilver,0.0,absent,False
1099,Ag,Silver,metalMinedSilver,0.0,absent,False
1100,Ag,Silver,metalMinedSilver,0.0,absent,False
1101,Ag,Silver,metalMinedSilver,0.0,absent,False
1102,Ag,Silver,metalMinedSilver,0.0,absent,False
1103,Ag,Silver,metalMinedSilver,0.0,absent,False
1104,Ag,Silver,metalMinedSilver,0.0,absent,False
1108,Ag,Silver,metalMinedSilver,0.0,absent,False
1109,Ag,Silver,metalMinedSilver,0.0,absent,False
1110,Ag,Silver,metalMinedSilver,0.0,absent,False
1111,Ag,Silver,metalMinedSilver,1.0,present,True
1112,Ag,Silver,metalMinedSilver,0.0,absent,False
1113,Ag,Silver,metalMinedSilver,1.0,present,True
1115,Ag,Silver,metalMinedSilver,0.0,absent,False
1117,Ag,Silver,metalMinedSilver,1.0,present,True
1118,Ag,Silver,metalMinedSilver,0.0,absent,False
1119,Ag,Silver,metalMinedSilver,0.0,absent,False
1120,Ag,Silver,metalMinedSilver,0.0,absent,False
1121,Ag,Silver,metalMinedSilver,0.0,absent,False
1122,Ag,Silver,metalMinedSilver,0.0,absent,False
1123,Ag,Silver,metalMinedSilver,0.0,absent,False
1124,Ag,Silver,metalMinedSilver,0.0,absent,False
1125,Ag,Silver,metalMinedSilver,0.0,absent,False
1126,Ag,Silver,metalMinedSilver,0.0,absent,False
1127,Ag,Silver,metalMinedSilver,0.0,absent,False
1129,Ag,Silver,metalMinedSilver,0.0,absent,False
1130,Ag,Silver,metalMinedSilver,0.0,absent,False
1131,Ag,Silver,metalMinedSilver,0.0,absent,False
1132,Ag,Silver,metalMinedSilver,0.0,absent,False
1133,Ag,Silver,metalMinedSilver,0.0,absent,False
1134,Ag,Silver,metalMinedSilver,0.0,absent,False
1135,Ag,Silver,metalMinedSilver,0.0,absent,False
1136,Ag,Silver,metalMinedSilver,1.0,present,True
1137,Ag,Silver,metalMinedSilver,0.0,absent,False
1138,Ag,Silver,metalMinedSilver,0.0,absent,False
1139,Ag,Silver,metalMinedSilver,1.0,present,True
1140,Ag,Silver,metalMinedSilver,0.0,absent,False
1141,Ag,Silver,metalMinedSilver,0.0,absent,False
1142,Ag,Silver,metalMinedSilver,0.0,absent,False
1143,Ag,Silver,metalMinedSilver,0.0,absent,False
1144,Ag,Silver,metalMinedSilver,0.0,absent,False
1145,Ag,Silver,metalMinedSilver,0.0,absent,False
1146,Ag,Silver,metalMinedSilver,0.0,absent,False
1147,Ag,Silver,metalMinedSilver,0.0,absent,False
1148,Ag,Silver,metalMinedSilver,0.0,absent,False
1150,Ag,Silver,metalMinedSilver,0.0,absent,False
1151,Ag,Silver,metalMinedSilver,0.0,absent,False
1152,Ag,Silver,metalMinedSilver,0.0,absent,False
1153,Ag,Silver,metalMinedSilver,0.0,absent,False
1154,Ag,Silver,metalMinedSilver,0.0,absent,False
1155,Ag,Silver,metalMinedSilver,0.0,absent,False
1156,Ag,Silver,metalMinedSilver,0.0,absent,False
1157,Ag,Silver,metalMinedSilver,0.0,absent,False
1158,Ag,Silver,metalMinedSilver,0.0,absent,False
1159,Ag,Silver,metalMinedSilver,0.0,absent,False
1160,Ag,Silver,metalMinedSilver,0.0,absent,False
1161,Ag,Silver,metalMinedSilver,0.0,absent,False
1162,Ag,Silver,metalMinedSilver,0.0,absent,False
1163,Ag,Silver,metalMinedSilver,0.0,absent,False
1164,Ag,Silver,metalMinedSilver,0.0,absent,False
1165,Ag,Silver,metalMinedSilver,0.0,absent,False
1166,Ag,Silver,metalMinedSilver,0.0,absent,False
1167,Ag,Silver,metalMinedSilver,0.0,absent,False
1168,Ag,Silver,metalMinedSilver,0.0,absent,False
1169,Ag,Silver,metalMinedSilver,0.0,absent,False
1170,Ag,Silver,metalMinedSilver,0.0,absent,False
1171,Ag,Silver,metalMinedSilver,0.0,absent,False
1172,Ag,Silver,metalMinedSilver,0.0,absent,False
1173,Ag,Silver,metalMinedSilver,0.0,absent,False
1174,Ag,Silver,metalMinedSilver,0.0,absent,False
1175,Ag,Silver,metalMinedSilver,0.0,absent,False
1176,Ag,Silver,metalMinedSilver,0.0,absent,False
1177,Ag,Silver,metalMinedSilver,0.0,absent,False
1178,Ag,Silver,metalMinedSilver,0.0,absent,False
1179,Ag,Silver,metalMinedSilver,0.0,absent,False
1180,Ag,Silver,metalMinedSilver,0.0,absent,False
1181,Ag,Silver,metalMinedSilver,0.0,absent,False
1182,Ag,Silver,metalMinedSilver,0.0,absent,False
1183,Ag,Silver,metalMinedSilver,0.0,absent,False
1184,Ag,Silver,metalMinedSilver,0.0,absent,False
1185,Ag,Silver,metalMinedSilver,0.0,absent,False
1186,Ag,Silver,metalMinedSilver,0.0,absent,False
1187,Ag,Silver,metalMinedSilver,0.0,absent,False
1188,Ag,Silver,metalMinedSilver,0.0,absent,False
1189,Ag,Silver,metalMinedSilver,0.0,absent,False
1190,Ag,Silver,metalMinedSilver,0.0,absent,False
1191,Ag,Silver,metalMinedSilver,0.0,absent,False
1192,Ag,Silver,metalMinedSilver,0.0,absent,False
1193,Ag,Silver,metalMinedSilver,0.0,absent,False
1194,Ag,Silver,metalMinedSilver,0.0,absent,False
1195,Ag,Silver,metalMinedSilver,0.0,absent,False
1196,Ag,Silver,metalMinedSilver,0.0,absent,False
1197,Ag,Silver,metalMinedSilver,0.0,absent,False
1200,Ag,Silver,metalMinedSilver,0.0,absent,False
1201,Ag,Silver,metalMinedSilver,0.0,absent,False
1202,Ag,Silver,metalMinedSilver,0.0,absent,False
1203,Ag,Silver,metalMinedSilver,0.0,absent,False
1204,Ag,Silver,metalMinedSilver,0.0,absent,False
1205,Ag,Silver,metalMinedSilver,0.0,absent,False
1206,Ag,Silver,metalMinedSilver,0.0,absent,False
1207,Ag,Silver,metalMinedSilver,0.0,absent,False
1208,Ag,Silver,metalMinedSilver,0.0,absent,False
1209,Ag,Silver,metalMinedSilver,0.0,absent,False
1210,Ag,Silver,metalMinedSilver,0.0,absent,False
1211,Ag,Silver,metalMinedSilver,0.0,absent,False
1212,Ag,Silver,metalMinedSilver,0.0,absent,False
1213,Ag,Silver,metalMinedSilver,0.0,absent,False
1214,Ag,Silver,metalMinedSilver,0.0,absent,False
1215,Ag,Silver,metalMinedSilver,0.0,absent,False
1216,Ag,Silver,metalMinedSilver,0.0,absent,False
1217,Ag,Silver,metalMinedSilver,0.0,absent,False
1218,Ag,Silver,metalMinedSilver,0.0,absent,False
1219,Ag,Silver,metalMinedSilver,0.0,absent,False
1220,Ag,Silver,metalMinedSilver,0.0,absent,False
1221,Ag,Silver,metalMinedSilver,0.0,absent,False
1222,Ag,Silver,metalMinedSilver,0.0,absent,False
1223,Ag,Silver,metalMinedSilver,0.0,absent,False
1224,Ag,Silver,metalMinedSilver,0.0,absent,False
1225,Ag,Silver,metalMinedSilver,0.0,absent,False
1226,Ag,Silver,metalMinedSilver,0.0,absent,False
1227,Ag,Silver,metalMinedSilver,0.0,absent,False
1228,Ag,Silver,metalMinedSilver,0.0,absent,False
1229,Ag,Silver,metalMinedSilver,0.0,absent,False
1230,Ag,Silver,metalMinedSilver,0.0,absent,False
1231,Ag,Silver,metalMinedSilver,0.0,absent,False
1232,Ag,Silver,metalMinedSilver,0.0,absent,False
1233,Ag,Silver,metalMinedSilver,0.0,absent,False
1234,Ag,Silver,metalMinedSilver,0.0,absent,False
1235,Ag,Silver,metalMinedSilver,0.0,absent,False
1236,Ag,Silver,metalMinedSilver,0.0,absent,False
1237,Ag,Silver,metalMinedSilver,1.0,present,True
1238,Ag,Silver,metalMinedSilver,0.0,absent,False
1239,Ag,Silver,metalMinedSilver,1.0,present,True
1240,Ag,Silver,metalMinedSilver,0.0,absent,False
1241,Ag,Silver,metalMinedSilver,1.0,present,True
1242,Ag,Silver,metalMinedSilver,0.0,absent,False
1243,Ag,Silver,metalMinedSilver,0.0,absent,False
1244,Ag,Silver,metalMinedSilver,0.0,absent,False
1245,Ag,Silver,metalMinedSilver,0.0,absent,False
1246,Ag,Silver,metalMinedSilver,0.0,absent,False
1247,Ag,Silver,metalMinedSilver,0.0,absent,False
1248,Ag,Silver,metalMinedSilver,1.0,present,True
1249,Ag,Silver,metalMinedSilver,0.0,absent,False
1250,Ag,Silver,metalMinedSilver,1.0,present,True
1251,Ag,Silver,metalMinedSilver,0.0,absent,False
1252,Ag,Silver,metalMinedSilver,1.0,present,True
1253,Ag,Silver,metalMinedSilver,0.0,absent,False
1254,Ag,Silver,metalMinedSilver,0.0,absent,False
1255,Ag,Silver,metalMinedSilver,0.0,absent,False
1257,Ag,Silver,metalMinedSilver,1.0,present,True
1258,Ag,Silver,metalMinedSilver,0.0,absent,False
1259,Ag,Silver,metalMinedSilver,0.0,absent,False
1260,Ag,Silver,metalMinedSilver,0.0,absent,False
1261,Ag,Silver,metalMinedSilver,0.0,absent,False
1262,Ag,Silver,metalMinedSilver,0.0,absent,False
1264,Ag,Silver,metalMinedSilver,0.0,absent,False
1265,Ag,Silver,metalMinedSilver,0.0,absent,False
1266,Ag,Silver,metalMinedSilver,1.0,present,True
1267,Ag,Silver,metalMinedSilver,1.0,present,True
1268,Ag,Silver,metalMinedSilver,1.0,present,True
1269,Ag,Silver,metalMinedSilver,0.0,absent,False
1270,Ag,Silver,metalMinedSilver,1.0,present,True
1271,Ag,Silver,metalMinedSilver,0.0,absent,False
1272,Ag,Silver,metalMinedSilver,0.0,absent,False
1273,Ag,Silver,metalMinedSilver,0.0,absent,False
1274,Ag,Silver,metalMinedSilver,0.0,absent,False
1275,Ag,Silver,metalMinedSilver,1.0,present,True
1276,Ag,Silver,metalMinedSilver,1.0,present,True
1277,Ag,Silver,metalMinedSilver,1.0,present,True
1278,Ag,Silver,metalMinedSilver,0.0,absent,False
1279,Ag,Silver,metalMinedSilver,1.0,present,True
1280,Ag,Silver,metalMinedSilver,0.0,absent,False
1281,Ag,Silver,metalMinedSilver,0.0,absent,False
1282,Ag,Silver,metalMinedSilver,0.0,absent,False
1283,Ag,Silver,metalMinedSilver,1.0,present,True
1284,Ag,Silver,metalMinedSilver,1.0,present,True
1285,Ag,Silver,metalMinedSilver,1.0,present,True
1286,Ag,Silver,metalMinedSilver,1.0,present,True
1287,Ag,Silver,metalMinedSilver,1.0,present,True
1289,Ag,Silver,metalMinedSilver,0.0,absent,False
1290,Ag,Silver,metalMinedSilver,1.0,present,True
1292,Ag,Silver,metalMinedSilver,0.0,absent,False
1293,Ag,Silver,metalMinedSilver,1.0,present,True
1294,Ag,Silver,metalMinedSilver,0.0,absent,False
1295,Ag,Silver,metalMinedSilver,0.0,absent,False
1296,Ag,Silver,metalMinedSilver,0.0,absent,False
1297,Ag,Silver,metalMinedSilver,1.0,present,True
1298,Ag,Silver,metalMinedSilver,0.0,absent,False
1299,Ag,Silver,metalMinedSilver,1.0,present,True
1300,Ag,Silver,metalMinedSilver,1.0,present,True
1301,Ag,Silver,metalMinedSilver,0.0,absent,False
1302,Ag,Silver,metalMinedSilver,0.0,absent,False
1303,Ag,Silver,metalMinedSilver,1.0,present,True
1304,Ag,Silver,metalMinedSilver,1.0,present,True
1305,Ag,Silver,metalMinedSilver,1.0,present,True
1306,Ag,Silver,metalMinedSilver,1.0,present,True
1307,Ag,Silver,metalMinedSilver,0.0,absent,False
1308,Ag,Silver,metalMinedSilver,0.0,absent,False
1309,Ag,Silver,metalMinedSilver,1.0,present,True
1310,Ag,Silver,metalMinedSilver,0.0,absent,False
1311,Ag,Silver,metalMinedSilver,0.0,absent,False
1312,Ag,Silver,metalMinedSilver,0.0,absent,False
1313,Ag,Silver,metalMinedSilver,1.0,present,True
1314,Ag,Silver,metalMinedSilver,0.0,absent,False
1315,Ag,Silver,metalMinedSilver,1.0,present,True
1316,Ag,Silver,metalMinedSilver,0.0,absent,False
1317,Ag,Silver,metalMinedSilver,0.0,absent,False
1318,Ag,Silver,metalMinedSilver,0.0,absent,False
1319,Ag,Silver,metalMinedSilver,1.0,present,True
1320,Ag,Silver,metalMinedSilver,0.0,absent,False
1321,Ag,Silver,metalMinedSilver,0.0,absent,False
1322,Ag,Silver,metalMinedSilver,0.0,absent,False
1323,Ag,Silver,metalMinedSilver,1.0,present,True
1324,Ag,Silver,metalMinedSilver,0.0,absent,False
1325,Ag,Silver,metalMinedSilver,0.0,absent,False
1326,Ag,Silver,metalMinedSilver,0.0,absent,False
1327,Ag,Silver,metalMinedSilver,0.0,absent,False
1328,Ag,Silver,metalMinedSilver,0.0,absent,False
1329,Ag,Silver,metalMinedSilver,0.0,absent,False
1330,Ag,Silver,metalMinedSilver,0.0,absent,False
1331,Ag,Silver,metalMinedSilver,0.0,absent,False
1332,Ag,Silver,metalMinedSilver,1.0,present,True
1333,Ag,Silver,metalMinedSilver,1.0,present,True
1334,Ag,Silver,metalMinedSilver,0.0,absent,False
1335,Ag,Silver,metalMinedSilver,0.0,absent,False
1336,Ag,Silver,metalMinedSilver,0.0,absent,False
1337,Ag,Silver,metalMinedSilver,0.0,absent,False
1338,Ag,Silver,metalMinedSilver,0.0,absent,False
1339,Ag,Silver,metalMinedSilver,0.0,absent,False
1340,Ag,Silver,metalMinedSilver,0.0,absent,False
1341,Ag,Silver,metalMinedSilver,0.0,absent,False
1342,Ag,Silver,metalMinedSilver,0.0,absent,False
1343,Ag,Silver,metalMinedSilver,0.0,absent,False
1344,Ag,Silver,metalMinedSilver,0.0,absent,False
1345,Ag,Silver,metalMinedSilver,0.0,absent,False
1346,Ag,Silver,metalMinedSilver,0.0,absent,False
1347,Ag,Silver,metalMinedSilver,0.0,absent,False
1348,Ag,Silver,metalMinedSilver,0.0,absent,False
1349,Ag,Silver,metalMinedSilver,0.0,absent,False
1350,Ag,Silver,metalMinedSilver,1.0,present,True
1351,Ag,Silver,metalMinedSilver,0.0,absent,False
1352,Ag,Silver,metalMinedSilver,0.0,absent,False
1354,Ag,Silver,metalMinedSilver,1.0,present,True
1355,Ag,Silver,metalMinedSilver,1.0,present,True
1356,Ag,Silver,metalMinedSilver,0.0,absent,False
1357,Ag,Silver,metalMinedSilver,0.0,absent,False
1358,Ag,Silver,metalMinedSilver,0.0,absent,False
1359,Ag,Silver,metalMinedSilver,0.0,absent,False
1360,Ag,Silver,metalMinedSilver,0.0,absent,False
1361,Ag,Silver,metalMinedSilver,0.0,absent,False
1362,Ag,Silver,metalMinedSilver,0.0,absent,False
1363,Ag,Silver,metalMinedSilver,0.0,absent,False
1364,Ag,Silver,metalMinedSilver,0.0,absent,False
1365,Ag,Silver,metalMinedSilver,0.0,absent,False
1366,Ag,Silver,metalMinedSilver,0.0,absent,False
1367,Ag,Silver,metalMinedSilver,0.0,absent,False
1368,Ag,Silver,metalMinedSilver,0.0,absent,False
1369,Ag,Silver,metalMinedSilver,0.0,absent,False
1370,Ag,Silver,metalMinedSilver,0.0,absent,False
1371,Ag,Silver,metalMinedSilver,0.0,absent,False
1373,Ag,Silver,metalMinedSilver,0.0,absent,False
1374,Ag,Silver,metalMinedSilver,0.0,absent,False
1375,Ag,Silver,metalMinedSilver,0.0,absent,False
1376,Ag,Silver,metalMinedSilver,0.0,absent,False
1377,Ag,Silver,metalMinedSilver,0.0,absent,False
1378,Ag,Silver,metalMinedSilver,0.0,absent,False
1379,Ag,Silver,metalMinedSilver,0.0,absent,False
1380,Ag,Silver,metalMinedSilver,0.0,absent,False
1381,Ag,Silver,metalMinedSilver,0.0,absent,False
1382,Ag,Silver,metalMinedSilver,0.0,absent,False
1383,Ag,Silver,metalMinedSilver,0.0,absent,False
1384,Ag,Silver,metalMinedSilver,0.0,absent,False
1385,Ag,Silver,metalMinedSilver,0.0,absent,False
1386,Ag,Silver,metalMinedSilver,0.0,absent,False
1388,Ag,Silver,metalMinedSilver,0.0,absent,False
1389,Ag,Silver,metalMinedSilver,0.0,absent,False
1390,Ag,Silver,metalMinedSilver,0.0,absent,False
1391,Ag,Silver,metalMinedSilver,0.0,absent,False
1392,Ag,Silver,metalMinedSilver,1.0,present,True
1393,Ag,Silver,metalMinedSilver,1.0,present,True
1394,Ag,Silver,metalMinedSilver,0.0,absent,False
1395,Ag,Silver,metalMinedSilver,0.0,absent,False
1396,Ag,Silver,metalMinedSilver,0.0,absent,False
1397,Ag,Silver,metalMinedSilver,0.0,absent,False
1399,Ag,Silver,metalMinedSilver,0.0,absent,False
1400,Ag,Silver,metalMinedSilver,1.0,present,True
1401,Ag,Silver,metalMinedSilver,0.0,absent,False
1402,Ag,Silver,metalMinedSilver,0.0,absent,False
1403,Ag,Silver,metalMinedSilver,0.0,absent,False
1404,Ag,Silver,metalMinedSilver,0.0,absent,False
1405,Ag,Silver,metalMinedSilver,0.0,absent,False
1406,Ag,Silver,metalMinedSilver,0.0,absent,False
1407,Ag,Silver,metalMinedSilver,0.0,absent,False
1408,Ag,Silver,metalMinedSilver,0.0,absent,False
1409,Ag,Silver,metalMinedSilver,0.0,absent,False
1410,Ag,Silver,metalMinedSilver,0.0,absent,False
1411,Ag,Silver,metalMinedSilver,0.0,absent,False
1412,Ag,Silver,metalMinedSilver,0.0,absent,False
1413,Ag,Silver,metalMinedSilver,0.0,absent,False
1414,Ag,Silver,metalMinedSilver,0.0,absent,False
1415,Ag,Silver,metalMinedSilver,0.0,absent,False
1416,Ag,Silver,metalMinedSilver,0.0,absent,False
1417,Ag,Silver,metalMinedSilver,0.0,absent,False
1418,Ag,Silver,metalMinedSilver,0.0,absent,False
1420,Ag,Silver,metalMinedSilver,0.0,absent,False
1437,Ag,Silver,metalMinedSilver,0.0,absent,False
1447,Ag,Silver,metalMinedSilver,0.0,absent,False
1449,Ag,Silver,metalMinedSilver,0.0,absent,False
1504,Ag,Silver,metalMinedSilver,0.0,absent,False
1627,Ag,Silver,metalMinedSilver,0.0,absent,False
1628,Ag,Silver,metalMinedSilver,0.0,absent,False
1635,Ag,Silver,metalMinedSilver,0.0,absent,False
1636,Ag,Silver,metalMinedSilver,0.0,absent,False
1637,Ag,Silver,metalMinedSilver,0.0,absent,False
1638,Ag,Silver,metalMinedSilver,0.0,absent,False
1639,Ag,Silver,metalMinedSilver,0.0,absent,False
1764,Ag,Silver,metalMinedSilver,0.0,absent,False
1767,Ag,Silver,metalMinedSilver,0.0,absent,False
1768,Ag,Silver,metalMinedSilver,0.0,absent,False
1769,Ag,Silver,metalMinedSilver,0.0,absent,False
1770,Ag,Silver,metalMinedSilver,0.0,absent,False
1771,Ag,Silver,metalMinedSilver,0.0,absent,False
1772,Ag,Silver,metalMinedSilver,0.0,absent,False
1775,Ag,Silver,metalMinedSilver,0.0,absent,False
1776,Ag,Silver,metalMinedSilver,0.0,absent,False
1777,Ag,Silver,metalMinedSilver,0.0,absent,False
1778,Ag,Silver,metalMinedSilver,0.0,absent,False
1779,Ag,Silver,metalMinedSilver,0.0,absent,False
1780,Ag,Silver,metalMinedSilver,0.0,absent,False
132,Pb,Lead,metalMinedLead,0.0,absent,False
391,Pb,Lead,metalMinedLead,0.0,absent,False
429,Pb,Lead,metalMinedLead,0.0,absent,False
430,Pb,Lead,metalMinedLead,1.0,present,True
431,Pb,Lead,metalMinedLead,0.0,absent,False
432,Pb,Lead,metalMinedLead,1.0,present,True
433,Pb,Lead,metalMinedLead,0.0,absent,False
434,Pb,Lead,metalMinedLead,0.0,absent,False
435,Pb,Lead,metalMinedLead,0.0,absent,False
436,Pb,Lead,metalMinedLead,0.0,absent,False
437,Pb,Lead,metalMinedLead,0.0,absent,False
438,Pb,Lead,metalMinedLead,0.0,absent,False
439,Pb,Lead,metalMinedLead,0.0,absent,False
440,Pb,Lead,metalMinedLead,0.0,absent,False
441,Pb,Lead,metalMinedLead,1.0,present,True
442,Pb,Lead,metalMinedLead,0.0,absent,False
444,Pb,Lead,metalMinedLead,0.0,absent,False
445,Pb,Lead,metalMinedLead,0.0,absent,False
446,Pb,Lead,metalMinedLead,1.0,present,True
447,Pb,Lead,metalMinedLead,0.0,absent,False
448,Pb,Lead,metalMinedLead,0.0,absent,False
449,Pb,Lead,metalMinedLead,0.0,absent,False
450,Pb,Lead,metalMinedLead,1.0,present,True
451,Pb,Lead,metalMinedLead,0.0,absent,False
452,Pb,Lead,metalMinedLead,1.0,present,True
453,Pb,Lead,metalMinedLead,1.0,present,True
454,Pb,Lead,metalMinedLead,1.0,present,True
455,Pb,Lead,metalMinedLead,0.0,absent,False
456,Pb,Lead,metalMinedLead,0.0,absent,False
457,Pb,Lead,metalMinedLead,0.0,absent,False
458,Pb,Lead,metalMinedLead,0.0,absent,False
459,Pb,Lead,metalMinedLead,0.0,absent,False
460,Pb,Lead,metalMinedLead,0.0,absent,False
461,Pb,Lead,metalMinedLead,1.0,present,True
462,Pb,Lead,metalMinedLead,1.0,present,True
463,Pb,Lead,metalMinedLead,0.0,absent,False
464,Pb,Lead,metalMinedLead,0.0,absent,False
465,Pb,Lead,metalMinedLead,0.0,absent,False
466,Pb,Lead,metalMinedLead,0.0,absent,False
467,Pb,Lead,metalMinedLead,0.0,absent,False
468,Pb,Lead,metalMinedLead,0.0,absent,False
469,Pb,Lead,metalMinedLead,0.0,absent,False
470,Pb,Lead,metalMinedLead,0.0,absent,False
471,Pb,Lead,metalMinedLead,0.0,absent,False
472,Pb,Lead,metalMinedLead,1.0,present,True
473,Pb,Lead,metalMinedLead,0.0,absent,False
474,Pb,Lead,metalMinedLead,0.0,absent,False
475,Pb,Lead,metalMinedLead,0.0,absent,False
476,Pb,Lead,metalMinedLead,0.0,absent,False
477,Pb,Lead,metalMinedLead,0.0,absent,False
478,Pb,Lead,metalMinedLead,0.0,absent,False
479,Pb,Lead,metalMinedLead,0.0,absent,False
480,Pb,Lead,metalMinedLead,0.0,absent,False
481,Pb,Lead,metalMinedLead,0.0,absent,False
482,Pb,Lead,metalMinedLead,0.0,absent,False
483,Pb,Lead,metalMinedLead,0.0,absent,False
484,Pb,Lead,metalMinedLead,0.0,absent,False
486,Pb,Lead,metalMinedLead,0.0,absent,False
487,Pb,Lead,metalMinedLead,0.0,absent,False
488,Pb,Lead,metalMinedLead,0.0,absent,False
489,Pb,Lead,metalMinedLead,0.0,absent,False
490,Pb,Lead,metalMinedLead,0.0,absent,False
491,Pb,Lead,metalMinedLead,0.0,absent,False
492,Pb,Lead,metalMinedLead,0.0,absent,False
493,Pb,Lead,metalMinedLead,0.0,absent,False
494,Pb,Lead,metalMinedLead,0.0,absent,False
495,Pb,Lead,metalMinedLead,0.0,absent,False
496,Pb,Lead,metalMinedLead,0.0,absent,False
497,Pb,Lead,metalMinedLead,0.0,absent,False
498,Pb,Lead,metalMinedLead,0.0,absent,False
499,Pb,Lead,metalMinedLead,0.0,absent,False
500,Pb,Lead,metalMinedLead,0.0,absent,False
501,Pb,Lead,metalMinedLead,0.0,absent,False
502,Pb,Lead,metalMinedLead,1.0,present,True
503,Pb,Lead,metalMinedLead,0.0,absent,False
504,Pb,Lead,metalMinedLead,0.0,absent,False
505,Pb,Lead,metalMinedLead,0.0,absent,False
506,Pb,Lead,metalMinedLead,1.0,present,True
507,Pb,Lead,metalMinedLead,1.0,present,True
508,Pb,Lead,metalMinedLead,0.0,absent,False
509,Pb,Lead,metalMinedLead,0.0,absent,False
510,Pb,Lead,metalMinedLead,0.0,absent,False
511,Pb,Lead,metalMinedLead,0.0,absent,False
512,Pb,Lead,metalMinedLead,0.0,absent,False
513,Pb,Lead,metalMinedLead,0.0,absent,False
514,Pb,Lead,metalMinedLead,0.0,absent,False
515,Pb,Lead,metalMinedLead,0.0,absent,False
516,Pb,Lead,metalMinedLead,0.0,absent,False
517,Pb,Lead,metalMinedLead,0.0,absent,False
518,Pb,Lead,metalMinedLead,0.0,absent,False
519,Pb,Lead,metalMinedLead,0.0,absent,False
520,Pb,Lead,metalMinedLead,0.0,absent,False
521,Pb,Lead,metalMinedLead,0.0,absent,False
523,Pb,Lead,metalMinedLead,0.0,absent,False
524,Pb,Lead,metalMinedLead,0.0,absent,False
525,Pb,Lead,metalMinedLead,0.0,absent,False
526,Pb,Lead,metalMinedLead,0.0,absent,False
527,Pb,Lead,metalMinedLead,1.0,present,True
528,Pb,Lead,metalMinedLead,0.0,absent,False
529,Pb,Lead,metalMinedLead,0.0,absent,False
530,Pb,Lead,metalMinedLead,0.0,absent,False
531,Pb,Lead,metalMinedLead,0.0,absent,False
532,Pb,Lead,metalMinedLead,0.0,absent,False
533,Pb,Lead,metalMinedLead,1.0,present,True
535,Pb,Lead,metalMinedLead,0.0,absent,False
536,Pb,Lead,metalMinedLead,0.0,absent,False
537,Pb,Lead,metalMinedLead,0.0,absent,False
538,Pb,Lead,metalMinedLead,0.0,absent,False
539,Pb,Lead,metalMinedLead,0.0,absent,False
540,Pb,Lead,metalMinedLead,0.0,absent,False
541,Pb,Lead,metalMinedLead,0.0,absent,False
542,Pb,Lead,metalMinedLead,0.0,absent,False
543,Pb,Lead,metalMinedLead,0.0,absent,False
545,Pb,Lead,metalMinedLead,0.0,absent,False
547,Pb,Lead,metalMinedLead,0.0,absent,False
548,Pb,Lead,metalMinedLead,0.0,absent,False
549,Pb,Lead,metalMinedLead,0.0,absent,False
550,Pb,Lead,metalMinedLead,0.0,absent,False
551,Pb,Lead,metalMinedLead,0.0,absent,False
552,Pb,Lead,metalMinedLead,0.0,absent,False
553,Pb,Lead,metalMinedLead,0.0,absent,False
554,Pb,Lead,metalMinedLead,0.0,absent,False
555,Pb,Lead,metalMinedLead,0.0,absent,False
556,Pb,Lead,metalMinedLead,0.0,absent,False
557,Pb,Lead,metalMinedLead,0.0,absent,False
558,Pb,Lead,metalMinedLead,1.0,present,True
559,Pb,Lead,metalMinedLead,1.0,present,True
560,Pb,Lead,metalMinedLead,0.0,absent,False
561,Pb,Lead,metalMinedLead,0.0,absent,False
563,Pb,Lead,metalMinedLead,0.0,absent,False
564,Pb,Lead,metalMinedLead,0.0,absent,False
565,Pb,Lead,metalMinedLead,0.0,absent,False
566,Pb,Lead,metalMinedLead,0.0,absent,False
567,Pb,Lead,metalMinedLead,0.0,absent,False
568,Pb,Lead,metalMinedLead,0.0,absent,False
569,Pb,Lead,metalMinedLead,0.0,absent,False
570,Pb,Lead,metalMinedLead,0.0,absent,False
571,Pb,Lead,metalMinedLead,0.0,absent,False
572,Pb,Lead,metalMinedLead,0.0,absent,False
573,Pb,Lead,metalMinedLead,0.0,absent,False
574,Pb,Lead,metalMinedLead,0.0,absent,False
575,Pb,Lead,metalMinedLead,0.0,absent,False
576,Pb,Lead,metalMinedLead,0.0,absent,False
577,Pb,Lead,metalMinedLead,0.0,absent,False
578,Pb,Lead,metalMinedLead,0.0,absent,False
579,Pb,Lead,metalMinedLead,1.0,present,True
580,Pb,Lead,metalMinedLead,0.0,absent,False
581,Pb,Lead,metalMinedLead,1.0,present,True
582,Pb,Lead,metalMinedLead,1.0,present,True
583,Pb,Lead,metalMinedLead,0.0,absent,False
584,Pb,Lead,metalMinedLead,0.0,absent,False
585,Pb,Lead,metalMinedLead,0.0,absent,False
586,Pb,Lead,metalMinedLead,0.0,absent,False
587,Pb,Lead,metalMinedLead,1.0,present,True
588,Pb,Lead,metalMinedLead,1.0,present,True
589,Pb,Lead,metalMinedLead,1.0,present,True
590,Pb,Lead,metalMinedLead,0.0,absent,False
591,Pb,Lead,metalMinedLead,0.0,absent,False
592,Pb,Lead,metalMinedLead,0.0,absent,False
593,Pb,Lead,metalMinedLead,0.0,absent,False
594,Pb,Lead,metalMinedLead,0.0,absent,False
595,Pb,Lead,metalMinedLead,0.0,absent,False
596,Pb,Lead,metalMinedLead,1.0,present,True
597,Pb,Lead,metalMinedLead,0.0,absent,False
598,Pb,Lead,metalMinedLead,1.0,present,True
599,Pb,Lead,metalMinedLead,1.0,present,True
601,Pb,Lead,metalMinedLead,0.0,absent,False
602,Pb,Lead,metalMinedLead,1.0,present,True
603,Pb,Lead,metalMinedLead,0.0,absent,False
604,Pb,Lead,metalMinedLead,0.0,absent,False
605,Pb,Lead,metalMinedLead,0.0,absent,False
606,Pb,Lead,metalMinedLead,0.0,absent,False
607,Pb,Lead,metalMinedLead,0.0,absent,False
608,Pb,Lead,metalMinedLead,0.0,absent,False
609,Pb,Lead,metalMinedLead,0.0,absent,False
610,Pb,Lead,metalMinedLead,1.0,present,True
612,Pb,Lead,metalMinedLead,1.0,present,True
613,Pb,Lead,metalMinedLead,1.0,present,True
614,Pb,Lead,metalMinedLead,1.0,present,True
615,Pb,Lead,metalMinedLead,1.0,present,True
616,Pb,Lead,metalMinedLead,0.0,absent,False
617,Pb,Lead,metalMinedLead,0.0,absent,False
618,Pb,Lead,metalMinedLead,0.0,absent,False
619,Pb,Lead,metalMinedLead,0.0,absent,False
620,Pb,Lead,metalMinedLead,0.0,absent,False
623,Pb,Lead,metalMinedLead,0.0,absent,False
624,Pb,Lead,metalMinedLead,0.0,absent,False
625,Pb,Lead,metalMinedLead,0.0,absent,False
626,Pb,Lead,metalMinedLead,0.0,absent,False
627,Pb,Lead,metalMinedLead,0.0,absent,False
629,Pb,Lead,metalMinedLead,1.0,present,True
630,Pb,Lead,metalMinedLead,0.0,absent,False
631,Pb,Lead,metalMinedLead,0.0,absent,False
632,Pb,Lead,metalMinedLead,0.0,absent,False
633,Pb,Lead,metalMinedLead,0.0,absent,False
634,Pb,Lead,metalMinedLead,1.0,present,True
635,Pb,Lead,metalMinedLead,1.0,present,True
636,Pb,Lead,metalMinedLead,0.0,absent,False
637,Pb,Lead,metalMinedLead,1.0,present,True
638,Pb,Lead,metalMinedLead,0.0,absent,False
639,Pb,Lead,metalMinedLead,0.0,absent,False
640,Pb,Lead,metalMinedLead,1.0,present,True
641,Pb,Lead,metalMinedLead,1.0,present,True
642,Pb,Lead,metalMinedLead,0.0,absent,False
643,Pb,Lead,metalMinedLead,0.0,absent,False
644,Pb,Lead,metalMinedLead,0.0,absent,False
645,Pb,Lead,metalMinedLead,0.0,absent,False
646,Pb,Lead,metalMinedLead,1.0,present,True
647,Pb,Lead,metalMinedLead,0.0,absent,False
648,Pb,Lead,metalMinedLead,0.0,absent,False
649,Pb,Lead,metalMinedLead,0.0,absent,False
650,Pb,Lead,metalMinedLead,1.0,present,True
651,Pb,Lead,metalMinedLead,1.0,present,True
652,Pb,Lead,metalMinedLead,1.0,present,True
653,Pb,Lead,metalMinedLead,0.0,absent,False
654,Pb,Lead,metalMinedLead,0.0,absent,False
655,Pb,Lead,metalMinedLead,0.0,absent,False
656,Pb,Lead,metalMinedLead,0.0,absent,False
657,Pb,Lead,metalMinedLead,0.0,absent,False
658,Pb,Lead,metalMinedLead,1.0,present,True
659,Pb,Lead,metalMinedLead,0.0,absent,False
660,Pb,Lead,metalMinedLead,1.0,present,True
661,Pb,Lead,metalMinedLead,0.0,absent,False
662,Pb,Lead,metalMinedLead,0.0,absent,False
663,Pb,Lead,metalMinedLead,0.0,absent,False
664,Pb,Lead,metalMinedLead,0.0,absent,False
665,Pb,Lead,metalMinedLead,1.0,present,True
666,Pb,Lead,metalMinedLead,0.0,absent,False
667,Pb,Lead,metalMinedLead,0.0,absent,False
668,Pb,Lead,metalMinedLead,0.0,absent,False
669,Pb,Lead,metalMinedLead,1.0,present,True
670,Pb,Lead,metalMinedLead,0.0,absent,False
671,Pb,Lead,metalMinedLead,0.0,absent,False
672,Pb,Lead,metalMinedLead,0.0,absent,False
673,Pb,Lead,metalMinedLead,0.0,absent,False
674,Pb,Lead,metalMinedLead,0.0,absent,False
675,Pb,Lead,metalMinedLead,0.0,absent,False
676,Pb,Lead,metalMinedLead,0.0,absent,False
677,Pb,Lead,metalMinedLead,0.0,absent,False
678,Pb,Lead,metalMinedLead,0.0,absent,False
680,Pb,Lead,metalMinedLead,0.0,absent,False
681,Pb,Lead,metalMinedLead,1.0,present,True
682,Pb,Lead,metalMinedLead,0.0,absent,False
683,Pb,Lead,metalMinedLead,1.0,present,True
684,Pb,Lead,metalMinedLead,0.0,absent,False
686,Pb,Lead,metalMinedLead,0.0,absent,False
687,Pb,Lead,metalMinedLead,0.0,absent,False
688,Pb,Lead,metalMinedLead,0.0,absent,False
689,Pb,Lead,metalMinedLead,0.0,absent,False
690,Pb,Lead,metalMinedLead,1.0,present,True
692,Pb,Lead,metalMinedLead,0.0,absent,False
693,Pb,Lead,metalMinedLead,0.0,absent,False
694,Pb,Lead,metalMinedLead,0.0,absent,False
695,Pb,Lead,metalMinedLead,0.0,absent,False
696,Pb,Lead,metalMinedLead,0.0,absent,False
697,Pb,Lead,metalMinedLead,1.0,present,True
698,Pb,Lead,metalMinedLead,0.0,absent,False
699,Pb,Lead,metalMinedLead,0.0,absent,False
700,Pb,Lead,metalMinedLead,0.0,absent,False
701,Pb,Lead,metalMinedLead,1.0,present,True
702,Pb,Lead,metalMinedLead,1.0,present,True
703,Pb,Lead,metalMinedLead,1.0,present,True
705,Pb,Lead,metalMinedLead,0.0,absent,False
706,Pb,Lead,metalMinedLead,0.0,absent,False
707,Pb,Lead,metalMinedLead,0.0,absent,False
708,Pb,Lead,metalMinedLead,0.0,absent,False
709,Pb,Lead,metalMinedLead,0.0,absent,False
710,Pb,Lead,metalMinedLead,0.0,absent,False
711,Pb,Lead,metalMinedLead,1.0,present,True
712,Pb,Lead,metalMinedLead,0.0,absent,False
713,Pb,Lead,metalMinedLead,0.0,absent,False
715,Pb,Lead,metalMinedLead,0.0,absent,False
716,Pb,Lead,metalMinedLead,1.0,present,True
717,Pb,Lead,metalMinedLead,0.0,absent,False
718,Pb,Lead,metalMinedLead,1.0,present,True
719,Pb,Lead,metalMinedLead,0.0,absent,False
720,Pb,Lead,metalMinedLead,1.0,present,True
721,Pb,Lead,metalMinedLead,0.0,absent,False
722,Pb,Lead,metalMinedLead,0.0,absent,False
723,Pb,Lead,metalMinedLead,0.0,absent,False
724,Pb,Lead,metalMinedLead,0.0,absent,False
725,Pb,Lead,metalMinedLead,0.0,absent,False
726,Pb,Lead,metalMinedLead,0.0,absent,False
727,Pb,Lead,metalMinedLead,0.0,absent,False
728,Pb,Lead,metalMinedLead,0.0,absent,False
730,Pb,Lead,metalMinedLead,0.0,absent,False
731,Pb,Lead,metalMinedLead,1.0,present,True
732,Pb,Lead,metalMinedLead,1.0,present,True
733,Pb,Lead,metalMinedLead,0.0,absent,False
734,Pb,Lead,metalMinedLead,0.0,absent,False
735,Pb,Lead,metalMinedLead,0.0,absent,False
736,Pb,Lead,metalMinedLead,0.0,absent,False
737,Pb,Lead,metalMinedLead,0.0,absent,False
738,Pb,Lead,metalMinedLead,0.0,absent,False
739,Pb,Lead,metalMinedLead,0.0,absent,False
740,Pb,Lead,metalMinedLead,0.0,absent,False
741,Pb,Lead,metalMinedLead,1.0,present,True
742,Pb,Lead,metalMinedLead,0.0,absent,False
743,Pb,Lead,metalMinedLead,0.0,absent,False
744,Pb,Lead,metalMinedLead,0.0,absent,False
745,Pb,Lead,metalMinedLead,0.0,absent,False
746,Pb,Lead,metalMinedLead,1.0,present,True
747,Pb,Lead,metalMinedLead,1.0,present,True
748,Pb,Lead,metalMinedLead,0.0,absent,False
749,Pb,Lead,metalMinedLead,1.0,present,True
750,Pb,Lead,metalMinedLead,1.0,present,True
752,Pb,Lead,metalMinedLead,1.0,present,True
753,Pb,Lead,metalMinedLead,0.0,absent,False
754,Pb,Lead,metalMinedLead,0.0,absent,False
755,Pb,Lead,metalMinedLead,0.0,absent,False
757,Pb,Lead,metalMinedLead,0.0,absent,False
758,Pb,Lead,metalMinedLead,0.0,absent,False
759,Pb,Lead,metalMinedLead,0.0,absent,False
760,Pb,Lead,metalMinedLead,0.0,absent,False
762,Pb,Lead,metalMinedLead,0.0,absent,False
763,Pb,Lead,metalMinedLead,0.0,absent,False
764,Pb,Lead,metalMinedLead,0.0,absent,False
765,Pb,Lead,metalMinedLead,1.0,present,True
767,Pb,Lead,metalMinedLead,0.0,absent,False
768,Pb,Lead,metalMinedLead,0.0,absent,False
769,Pb,Lead,metalMinedLead,0.0,absent,False
770,Pb,Lead,metalMinedLead,0.0,absent,False
772,Pb,Lead,metalMinedLead,0.0,absent,False
773,Pb,Lead,metalMinedLead,0.0,absent,False
774,Pb,Lead,metalMinedLead,0.0,absent,False
775,Pb,Lead,metalMinedLead,0.0,absent,False
776,Pb,Lead,metalMinedLead,0.0,absent,False
777,Pb,Lead,metalMinedLead,1.0,present,True
778,Pb,Lead,metalMinedLead,0.0,absent,False
779,Pb,Lead,metalMinedLead,0.0,absent,False
780,Pb,Lead,metalMinedLead,0.0,absent,False
781,Pb,Lead,metalMinedLead,0.0,absent,False
782,Pb,Lead,metalMinedLead,0.0,absent,False
783,Pb,Lead,metalMinedLead,0.0,absent,False
784,Pb,Lead,metalMinedLead,0.0,absent,False
785,Pb,Lead,metalMinedLead,0.0,absent,False
786,Pb,Lead,metalMinedLead,0.0,absent,False
787,Pb,Lead,metalMinedLead,0.0,absent,False
788,Pb,Lead,metalMinedLead,1.0,present,True
789,Pb,Lead,metalMinedLead,0.0,absent,False
790,Pb,Lead,metalMinedLead,0.0,absent,False
791,Pb,Lead,metalMinedLead,0.0,absent,False
792,Pb,Lead,metalMinedLead,1.0,present,True
793,Pb,Lead,metalMinedLead,0.0,absent,False
794,Pb,Lead,metalMinedLead,0.0,absent,False
795,Pb,Lead,metalMinedLead,0.0,absent,False
796,Pb,Lead,metalMinedLead,0.0,absent,False
797,Pb,Lead,metalMinedLead,1.0,present,True
798,Pb,Lead,metalMinedLead,1.0,present,True
799,Pb,Lead,metalMinedLead,1.0,present,True
800,Pb,Lead,metalMinedLead,0.0,absent,False
802,Pb,Lead,metalMinedLead,0.0,absent,False
803,Pb,Lead,metalMinedLead,1.0,present,True
805,Pb,Lead,metalMinedLead,0.0,absent,False
806,Pb,Lead,metalMinedLead,0.0,absent,False
807,Pb,Lead,metalMinedLead,0.0,absent,False
808,Pb,Lead,metalMinedLead,1.0,present,True
809,Pb,Lead,metalMinedLead,0.0,absent,False
810,Pb,Lead,metalMinedLead,1.0,present,True
811,Pb,Lead,metalMinedLead,0.0,absent,False
812,Pb,Lead,metalMinedLead,0.0,absent,False
813,Pb,Lead,metalMinedLead,0.0,absent,False
814,Pb,Lead,metalMinedLead,0.0,absent,False
816,Pb,Lead,metalMinedLead,0.0,absent,False
817,Pb,Lead,metalMinedLead,1.0,present,True
818,Pb,Lead,metalMinedLead,0.0,absent,False
820,Pb,Lead,metalMinedLead,0.0,absent,False
821,Pb,Lead,metalMinedLead,0.0,absent,False
822,Pb,Lead,metalMinedLead,0.0,absent,False
823,Pb,Lead,metalMinedLead,0.0,absent,False
824,Pb,Lead,metalMinedLead,0.0,absent,False
825,Pb,Lead,metalMinedLead,0.0,absent,False
826,Pb,Lead,metalMinedLead,0.0,absent,False
827,Pb,Lead,metalMinedLead,0.0,absent,False
828,Pb,Lead,metalMinedLead,0.0,absent,False
829,Pb,Lead,metalMinedLead,0.0,absent,False
830,Pb,Lead,metalMinedLead,1.0,present,True
831,Pb,Lead,metalMinedLead,0.0,absent,False
832,Pb,Lead,metalMinedLead,0.0,absent,False
833,Pb,Lead,metalMinedLead,1.0,present,True
836,Pb,Lead,metalMinedLead,1.0,present,True
837,Pb,Lead,metalMinedLead,0.0,absent,False
838,Pb,Lead,metalMinedLead,0.0,absent,False
839,Pb,Lead,metalMinedLead,0.0,absent,False
840,Pb,Lead,metalMinedLead,1.0,present,True
841,Pb,Lead,metalMinedLead,0.0,absent,False
842,Pb,Lead,metalMinedLead,0.0,absent,False
843,Pb,Lead,metalMinedLead,0.0,absent,False
844,Pb,Lead,metalMinedLead,0.0,absent,False
845,Pb,Lead,metalMinedLead,0.0,absent,False
846,Pb,Lead,metalMinedLead,0.0,absent,False
848,Pb,Lead,metalMinedLead,0.0,absent,False
849,Pb,Lead,metalMinedLead,0.0,absent,False
850,Pb,Lead,metalMinedLead,0.0,absent,False
851,Pb,Lead,metalMinedLead,0.0,absent,False
853,Pb,Lead,metalMinedLead,0.0,absent,False
854,Pb,Lead,metalMinedLead,1.0,present,True
855,Pb,Lead,metalMinedLead,1.0,present,True
856,Pb,Lead,metalMinedLead,0.0,absent,False
857,Pb,Lead,metalMinedLead,0.0,absent,False
859,Pb,Lead,metalMinedLead,0.0,absent,False
860,Pb,Lead,metalMinedLead,0.0,absent,False
865,Pb,Lead,metalMinedLead,0.0,absent,False
866,Pb,Lead,metalMinedLead,0.0,absent,False
867,Pb,Lead,metalMinedLead,0.0,absent,False
868,Pb,Lead,metalMinedLead,0.0,absent,False
869,Pb,Lead,metalMinedLead,0.0,absent,False
870,Pb,Lead,metalMinedLead,0.0,absent,False
871,Pb,Lead,metalMinedLead,0.0,absent,False
872,Pb,Lead,metalMinedLead,0.0,absent,False
873,Pb,Lead,metalMinedLead,0.0,absent,False
875,Pb,Lead,metalMinedLead,0.0,absent,False
876,Pb,Lead,metalMinedLead,0.0,absent,False
878,Pb,Lead,metalMinedLead,0.0,absent,False
879,Pb,Lead,metalMinedLead,1.0,present,True
880,Pb,Lead,metalMinedLead,0.0,absent,False
881,Pb,Lead,metalMinedLead,1.0,present,True
882,Pb,Lead,metalMinedLead,0.0,absent,False
884,Pb,Lead,metalMinedLead,1.0,present,True
885,Pb,Lead,metalMinedLead,1.0,present,True
886,Pb,Lead,metalMinedLead,0.0,absent,False
887,Pb,Lead,metalMinedLead,1.0,present,True
888,Pb,Lead,metalMinedLead,0.0,absent,False
889,Pb,Lead,metalMinedLead,1.0,present,True
890,Pb,Lead,metalMinedLead,0.0,absent,False
893,Pb,Lead,metalMinedLead,0.0,absent,False
895,Pb,Lead,metalMinedLead,1.0,present,True
896,Pb,Lead,metalMinedLead,1.0,present,True
897,Pb,Lead,metalMinedLead,0.0,absent,False
899,Pb,Lead,metalMinedLead,0.0,absent,False
900,Pb,Lead,metalMinedLead,0.0,absent,False
901,Pb,Lead,metalMinedLead,0.0,absent,False
902,Pb,Lead,metalMinedLead,0.0,absent,False
904,Pb,Lead,metalMinedLead,0.0,absent,False
905,Pb,Lead,metalMinedLead,0.0,absent,False
906,Pb,Lead,metalMinedLead,0.0,absent,False
908,Pb,Lead,metalMinedLead,0.0,absent,False
909,Pb,Lead,metalMinedLead,0.0,absent,False
910,Pb,Lead,metalMinedLead,0.0,absent,False
911,Pb,Lead,metalMinedLead,1.0,present,True
912,Pb,Lead,metalMinedLead,0.0,absent,False
913,Pb,Lead,metalMinedLead,1.0,present,True
914,Pb,Lead,metalMinedLead,1.0,present,True
915,Pb,Lead,metalMinedLead,1.0,present,True
918,Pb,Lead,metalMinedLead,0.0,absent,False
919,Pb,Lead,metalMinedLead,0.0,absent,False
920,Pb,Lead,metalMinedLead,0.0,absent,False
921,Pb,Lead,metalMinedLead,0.0,absent,False
922,Pb,Lead,metalMinedLead,0.0,absent,False
923,Pb,Lead,metalMinedLead,0.0,absent,False
924,Pb,Lead,metalMinedLead,0.0,absent,False
925,Pb,Lead,metalMinedLead,0.0,absent,False
926,Pb,Lead,metalMinedLead,0.0,absent,False
927,Pb,Lead,metalMinedLead,0.0,absent,False
929,Pb,Lead,metalMinedLead,0.0,absent,False
930,Pb,Lead,metalMinedLead,0.0,absent,False
932,Pb,Lead,metalMinedLead,0.0,absent,False
933,Pb,Lead,metalMinedLead,0.0,absent,False
934,Pb,Lead,metalMinedLead,1.0,present,True
935,Pb,Lead,metalMinedLead,1.0,present,True
936,Pb,Lead,metalMinedLead,1.0,present,True
937,Pb,Lead,metalMinedLead,0.0,absent,False
938,Pb,Lead,metalMinedLead,0.0,absent,False
941,Pb,Lead,metalMinedLead,0.0,absent,False
942,Pb,Lead,metalMinedLead,1.0,present,True
943,Pb,Lead,metalMinedLead,0.0,absent,False
944,Pb,Lead,metalMinedLead,1.0,present,True
945,Pb,Lead,metalMinedLead,0.0,absent,False
946,Pb,Lead,metalMinedLead,0.0,absent,False
947,Pb,Lead,metalMinedLead,0.0,absent,False
948,Pb,Lead,metalMinedLead,0.0,absent,False
950,Pb,Lead,metalMinedLead,0.0,absent,False
951,Pb,Lead,metalMinedLead,0.0,absent,False
952,Pb,Lead,metalMinedLead,1.0,present,True
953,Pb,Lead,metalMinedLead,0.0,absent,False
954,Pb,Lead,metalMinedLead,0.0,absent,False
955,Pb,Lead,metalMinedLead,0.0,absent,False
956,Pb,Lead,metalMinedLead,0.0,absent,False
957,Pb,Lead,metalMinedLead,1.0,present,True
958,Pb,Lead,metalMinedLead,0.0,absent,False
963,Pb,Lead,metalMinedLead,0.0,absent,False
964,Pb,Lead,metalMinedLead,1.0,present,True
965,Pb,Lead,metalMinedLead,0.0,absent,False
966,Pb,Lead,metalMinedLead,1.0,present,True
967,Pb,Lead,metalMinedLead,1.0,present,True
968,Pb,Lead,metalMinedLead,0.0,absent,False
969,Pb,Lead,metalMinedLead,0.0,absent,False
970,Pb,Lead,metalMinedLead,0.0,absent,False
971,Pb,Lead,metalMinedLead,0.0,absent,False
972,Pb,Lead,metalMinedLead,0.0,absent,False
973,Pb,Lead,metalMinedLead,0.0,absent,False
974,Pb,Lead,metalMinedLead,0.0,absent,False
977,Pb,Lead,metalMinedLead,1.0,present,True
978,Pb,Lead,metalMinedLead,0.0,absent,False
979,Pb,Lead,metalMinedLead,0.0,absent,False
980,Pb,Lead,metalMinedLead,0.0,absent,False
981,Pb,Lead,metalMinedLead,0.0,absent,False
982,Pb,Lead,metalMinedLead,0.0,absent,False
983,Pb,Lead,metalMinedLead,0.0,absent,False
984,Pb,Lead,metalMinedLead,0.0,absent,False
985,Pb,Lead,metalMinedLead,0.0,absent,False
986,Pb,Lead,metalMinedLead,0.0,absent,False
987,Pb,Lead,metalMinedLead,0.0,absent,False
988,Pb,Lead,metalMinedLead,1.0,present,True
989,Pb,Lead,metalMinedLead,1.0,present,True
990,Pb,Lead,metalMinedLead,0.0,absent,False
993,Pb,Lead,metalMinedLead,0.0,absent,False
995,Pb,Lead,metalMinedLead,0.0,absent,False
996,Pb,Lead,metalMinedLead,0.0,absent,False
997,Pb,Lead,metalMinedLead,0.0,absent,False
998,Pb,Lead,metalMinedLead,0.0,absent,False
999,Pb,Lead,metalMinedLead,0.0,absent,False
1000,Pb,Lead,metalMinedLead,0.0,absent,False
1001,Pb,Lead,metalMinedLead,0.0,absent,False
1002,Pb,Lead,metalMinedLead,1.0,present,True
1003,Pb,Lead,metalMinedLead,0.0,absent,False
1004,Pb,Lead,metalMinedLead,0.0,absent,False
1005,Pb,Lead,metalMinedLead,0.0,absent,False
1007,Pb,Lead,metalMinedLead,0.0,absent,False
1008,Pb,Lead,metalMinedLead,0.0,absent,False
1009,Pb,Lead,metalMinedLead,0.0,absent,False
1010,Pb,Lead,metalMinedLead,0.0,absent,False
1011,Pb,Lead,metalMinedLead,0.0,absent,False
1012,Pb,Lead,metalMinedLead,0.0,absent,False
1013,Pb,Lead,metalMinedLead,0.0,absent,False
1015,Pb,Lead,metalMinedLead,0.0,absent,False
1016,Pb,Lead,metalMinedLead,0.0,absent,False
1017,Pb,Lead,metalMinedLead,0.0,absent,False
1018,Pb,Lead,metalMinedLead,0.0,absent,False
1019,Pb,Lead,metalMinedLead,0.0,absent,False
1020,Pb,Lead,metalMinedLead,1.0,present,True
1021,Pb,Lead,metalMinedLead,0.0,absent,False
1022,Pb,Lead,metalMinedLead,0.0,absent,False
1023,Pb,Lead,metalMinedLead,0.0,absent,False
1024,Pb,Lead,metalMinedLead,0.0,absent,False
1025,Pb,Lead,metalMinedLead,0.0,absent,False
1026,Pb,Lead,metalMinedLead,0.0,absent,False
1029,Pb,Lead,metalMinedLead,0.0,absent,False
1030,Pb,Lead,metalMinedLead,0.0,absent,False
1031,Pb,Lead,metalMinedLead,0.0,absent,False
1032,Pb,Lead,metalMinedLead,1.0,present,True
1033,Pb,Lead,metalMinedLead,0.0,absent,False
1034,Pb,Lead,metalMinedLead,0.0,absent,False
1035,Pb,Lead,metalMinedLead,0.0,absent,False
1036,Pb,Lead,metalMinedLead,0.0,absent,False
1038,Pb,Lead,metalMinedLead,0.0,absent,False
1040,Pb,Lead,metalMinedLead,0.0,absent,False
1041,Pb,Lead,metalMinedLead,0.0,absent,False
1042,Pb,Lead,metalMinedLead,0.0,absent,False
1043,Pb,Lead,metalMinedLead,0.0,absent,False
1044,Pb,Lead,metalMinedLead,0.0,absent,False
1045,Pb,Lead,metalMinedLead,0.0,absent,False
1046,Pb,Lead,metalMinedLead,1.0,present,True
1047,Pb,Lead,metalMinedLead,0.0,absent,False
1048,Pb,Lead,metalMinedLead,0.0,absent,False
1049,Pb,Lead,metalMinedLead,0.0,absent,False
1051,Pb,Lead,metalMinedLead,0.0,absent,False
1052,Pb,Lead,metalMinedLead,0.0,absent,False
1053,Pb,Lead,metalMinedLead,1.0,present,True
1054,Pb,Lead,metalMinedLead,0.0,absent,False
1055,Pb,Lead,metalMinedLead,0.0,absent,False
1056,Pb,Lead,metalMinedLead,0.0,absent,False
1057,Pb,Lead,metalMinedLead,0.0,absent,False
1058,Pb,Lead,metalMinedLead,1.0,present,True
1059,Pb,Lead,metalMinedLead,0.0,absent,False
1060,Pb,Lead,metalMinedLead,0.0,absent,False
1061,Pb,Lead,metalMinedLead,1.0,present,True
1062,Pb,Lead,metalMinedLead,0.0,absent,False
1063,Pb,Lead,metalMinedLead,0.0,absent,False
1064,Pb,Lead,metalMinedLead,1.0,present,True
1065,Pb,Lead,metalMinedLead,0.0,absent,False
1066,Pb,Lead,metalMinedLead,1.0,present,True
1067,Pb,Lead,metalMinedLead,0.0,absent,False
1068,Pb,Lead,metalMinedLead,0.0,absent,False
1069,Pb,Lead,metalMinedLead,0.0,absent,False
1070,Pb,Lead,metalMinedLead,1.0,present,True
1071,Pb,Lead,metalMinedLead,0.0,absent,False
1072,Pb,Lead,metalMinedLead,0.0,absent,False
1073,Pb,Lead,metalMinedLead,0.0,absent,False
1074,Pb,Lead,metalMinedLead,1.0,present,True
1075,Pb,Lead,metalMinedLead,0.0,absent,False
1076,Pb,Lead,metalMinedLead,0.0,absent,False
1077,Pb,Lead,metalMinedLead,0.0,absent,False
1079,Pb,Lead,metalMinedLead,1.0,present,True
1080,Pb,Lead,metalMinedLead,0.0,absent,False
1081,Pb,Lead,metalMinedLead,0.0,absent,False
1082,Pb,Lead,metalMinedLead,0.0,absent,False
1083,Pb,Lead,metalMinedLead,0.0,absent,False
1084,Pb,Lead,metalMinedLead,0.0,absent,False
1085,Pb,Lead,metalMinedLead,0.0,absent,False
1086,Pb,Lead,metalMinedLead,0.0,absent,False
1087,Pb,Lead,metalMinedLead,0.0,absent,False
1089,Pb,Lead,metalMinedLead,0.0,absent,False
1090,Pb,Lead,metalMinedLead,0.0,absent,False
1091,Pb,Lead,metalMinedLead,1.0,present,True
1092,Pb,Lead,metalMinedLead,0.0,absent,False
1093,Pb,Lead,metalMinedLead,0.0,absent,False
1094,Pb,Lead,metalMinedLead,0.0,absent,False
1095,Pb,Lead,metalMinedLead,0.0,absent,False
1096,Pb,Lead,metalMinedLead,0.0,absent,False
1097,Pb,Lead,metalMinedLead,0.0,absent,False
1098,Pb,Lead,metalMinedLead,0.0,absent,False
1099,Pb,Lead,metalMinedLead,0.0,absent,False
1100,Pb,Lead,metalMinedLead,0.0,absent,False
1101,Pb,Lead,metalMinedLead,0.0,absent,False
1102,Pb,Lead,metalMinedLead,0.0,absent,False
1103,Pb,Lead,metalMinedLead,0.0,absent,False
1104,Pb,Lead,metalMinedLead,0.0,absent,False
1108,Pb,Lead,metalMinedLead,0.0,absent,False
1109,Pb,Lead,metalMinedLead,0.0,absent,False
1110,Pb,Lead,metalMinedLead,0.0,absent,False
1111,Pb,Lead,metalMinedLead,1.0,present,True
1112,Pb,Lead,metalMinedLead,0.0,absent,False
1113,Pb,Lead,metalMinedLead,1.0,present,True
1115,Pb,Lead,metalMinedLead,0.0,absent,False
1117,Pb,Lead,metalMinedLead,1.0,present,True
1118,Pb,Lead,metalMinedLead,1.0,present,True
1119,Pb,Lead,metalMinedLead,0.0,absent,False
1120,Pb,Lead,metalMinedLead,0.0,absent,False
1121,Pb,Lead,metalMinedLead,0.0,absent,False
1122,Pb,Lead,metalMinedLead,1.0,present,True
1123,Pb,Lead,metalMinedLead,0.0,absent,False
1124,Pb,Lead,metalMinedLead,0.0,absent,False
1125,Pb,Lead,metalMinedLead,0.0,absent,False
1126,Pb,Lead,metalMinedLead,0.0,absent,False
1127,Pb,Lead,metalMinedLead,0.0,absent,False
1129,Pb,Lead,metalMinedLead,0.0,absent,False
1130,Pb,Lead,metalMinedLead,0.0,absent,False
1131,Pb,Lead,metalMinedLead,0.0,absent,False
1132,Pb,Lead,metalMinedLead,0.0,absent,False
1133,Pb,Lead,metalMinedLead,0.0,absent,False
1134,Pb,Lead,metalMinedLead,0.0,absent,False
1135,Pb,Lead,metalMinedLead,1.0,present,True
1136,Pb,Lead,metalMinedLead,1.0,present,True
1137,Pb,Lead,metalMinedLead,0.0,absent,False
1138,Pb,Lead,metalMinedLead,0.0,absent,False
1139,Pb,Lead,metalMinedLead,1.0,present,True
1140,Pb,Lead,metalMinedLead,0.0,absent,False
1141,Pb,Lead,metalMinedLead,0.0,absent,False
1142,Pb,Lead,metalMinedLead,0.0,absent,False
1143,Pb,Lead,metalMinedLead,0.0,absent,False
1144,Pb,Lead,metalMinedLead,0.0,absent,False
1145,Pb,Lead,metalMinedLead,0.0,absent,False
1146,Pb,Lead,metalMinedLead,0.0,absent,False
1147,Pb,Lead,metalMinedLead,0.0,absent,False
1148,Pb,Lead,metalMinedLead,0.0,absent,False
1150,Pb,Lead,metalMinedLead,0.0,absent,False
1151,Pb,Lead,metalMinedLead,0.0,absent,False
1152,Pb,Lead,metalMinedLead,0.0,absent,False
1153,Pb,Lead,metalMinedLead,0.0,absent,False
1154,Pb,Lead,metalMinedLead,0.0,absent,False
1155,Pb,Lead,metalMinedLead,0.0,absent,False
1156,Pb,Lead,metalMinedLead,0.0,absent,False
1157,Pb,Lead,metalMinedLead,0.0,absent,False
1158,Pb,Lead,metalMinedLead,0.0,absent,False
1159,Pb,Lead,metalMinedLead,0.0,absent,False
1160,Pb,Lead,metalMinedLead,0.0,absent,False
1161,Pb,Lead,metalMinedLead,0.0,absent,False
1162,Pb,Lead,metalMinedLead,0.0,absent,False
1163,Pb,Lead,metalMinedLead,0.0,absent,False
1164,Pb,Lead,metalMinedLead,0.0,absent,False
1165,Pb,Lead,metalMinedLead,0.0,absent,False
1166,Pb,Lead,metalMinedLead,0.0,absent,False
1167,Pb,Lead,metalMinedLead,0.0,absent,False
1168,Pb,Lead,metalMinedLead,0.0,absent,False
1169,Pb,Lead,metalMinedLead,0.0,absent,False
1170,Pb,Lead,metalMinedLead,0.0,absent,False
1171,Pb,Lead,metalMinedLead,0.0,absent,False
1172,Pb,Lead,metalMinedLead,0.0,absent,False
1173,Pb,Lead,metalMinedLead,0.0,absent,False
1174,Pb,Lead,metalMinedLead,0.0,absent,False
1175,Pb,Lead,metalMinedLead,0.0,absent,False
1176,Pb,Lead,metalMinedLead,0.0,absent,False
1177,Pb,Lead,metalMinedLead,0.0,absent,False
1178,Pb,Lead,metalMinedLead,0.0,absent,False
1179,Pb,Lead,metalMinedLead,0.0,absent,False
1180,Pb,Lead,metalMinedLead,0.0,absent,False
1181,Pb,Lead,metalMinedLead,0.0,absent,False
1182,Pb,Lead,metalMinedLead,0.0,absent,False
1183,Pb,Lead,metalMinedLead,0.0,absent,False
1184,Pb,Lead,metalMinedLead,0.0,absent,False
1185,Pb,Lead,metalMinedLead,0.0,absent,False
1186,Pb,Lead,metalMinedLead,0.0,absent,False
1187,Pb,Lead,metalMinedLead,0.0,absent,False
1188,Pb,Lead,metalMinedLead,0.0,absent,False
1189,Pb,Lead,metalMinedLead,0.0,absent,False
1190,Pb,Lead,metalMinedLead,0.0,absent,False
1191,Pb,Lead,metalMinedLead,0.0,absent,False
1192,Pb,Lead,metalMinedLead,0.0,absent,False
1193,Pb,Lead,metalMinedLead,0.0,absent,False
1194,Pb,Lead,metalMinedLead,0.0,absent,False
1195,Pb,Lead,metalMinedLead,0.0,absent,False
1196,Pb,Lead,metalMinedLead,0.0,absent,False
1197,Pb,Lead,metalMinedLead,0.0,absent,False
1200,Pb,Lead,metalMinedLead,0.0,absent,False
1201,Pb,Lead,metalMinedLead,0.0,absent,False
1202,Pb,Lead,metalMinedLead,0.0,absent,False
1203,Pb,Lead,metalMinedLead,0.0,absent,False
1204,Pb,Lead,metalMinedLead,0.0,absent,False
1205,Pb,Lead,metalMinedLead,0.0,absent,False
1206,Pb,Lead,metalMinedLead,0.0,absent,False
1207,Pb,Lead,metalMinedLead,0.0,absent,False
1208,Pb,Lead,metalMinedLead,0.0,absent,False
1209,Pb,Lead,metalMinedLead,0.0,absent,False
1210,Pb,Lead,metalMinedLead,0.0,absent,False
1211,Pb,Lead,metalMinedLead,0.0,absent,False
1212,Pb,Lead,metalMinedLead,0.0,absent,False
1213,Pb,Lead,metalMinedLead,0.0,absent,False
1214,Pb,Lead,metalMinedLead,0.0,absent,False
1215,Pb,Lead,metalMinedLead,0.0,absent,False
1216,Pb,Lead,metalMinedLead,0.0,absent,False
1217,Pb,Lead,metalMinedLead,0.0,absent,False
1218,Pb,Lead,metalMinedLead,0.0,absent,False
1219,Pb,Lead,metalMinedLead,0.0,absent,False
1220,Pb,Lead,metalMinedLead,0.0,absent,False
1221,Pb,Lead,metalMinedLead,0.0,absent,False
1222,Pb,Lead,metalMinedLead,0.0,absent,False
1223,Pb,Lead,metalMinedLead,0.0,absent,False
1224,Pb,Lead,metalMinedLead,0.0,absent,False
1225,Pb,Lead,metalMinedLead,0.0,absent,False
1226,Pb,Lead,metalMinedLead,0.0,absent,False
1227,Pb,Lead,metalMinedLead,0.0,absent,False
1228,Pb,Lead,metalMinedLead,0.0,absent,False
1229,Pb,Lead,metalMinedLead,0.0,absent,False
1230,Pb,Lead,metalMinedLead,0.0,absent,False
1231,Pb,Lead,metalMinedLead,0.0,absent,False
1232,Pb,Lead,metalMinedLead,0.0,absent,False
1233,Pb,Lead,metalMinedLead,0.0,absent,False
1234,Pb,Lead,metalMinedLead,0.0,absent,False
1235,Pb,Lead,metalMinedLead,0.0,absent,False
1236,Pb,Lead,metalMinedLead,0.0,absent,False
1237,Pb,Lead,metalMinedLead,1.0,present,True
1238,Pb,Lead,metalMinedLead,0.0,absent,False
1239,Pb,Lead,metalMinedLead,1.0,present,True
1240,Pb,Lead,metalMinedLead,0.0,absent,False
1241,Pb,Lead,metalMinedLead,0.0,absent,False
1242,Pb,Lead,metalMinedLead,0.0,absent,False
1243,Pb,Lead,metalMinedLead,0.0,absent,False
1244,Pb,Lead,metalMinedLead,0.0,absent,False
1245,Pb,Lead,metalMinedLead,0.0,absent,False
1246,Pb,Lead,metalMinedLead,0.0,absent,False
1247,Pb,Lead,metalMinedLead,0.0,absent,False
1248,Pb,Lead,metalMinedLead,0.0,absent,False
1249,Pb,Lead,metalMinedLead,0.0,absent,False
1250,Pb,Lead,metalMinedLead,1.0,present,True
1251,Pb,Lead,metalMinedLead,0.0,absent,False
1252,Pb,Lead,metalMinedLead,1.0,present,True
1253,Pb,Lead,metalMinedLead,0.0,absent,False
1254,Pb,Lead,metalMinedLead,0.0,absent,False
1255,Pb,Lead,metalMinedLead,0.0,absent,False
1257,Pb,Lead,metalMinedLead,1.0,present,True
1258,Pb,Lead,metalMinedLead,0.0,absent,False
1259,Pb,Lead,metalMinedLead,0.0,absent,False
1260,Pb,Lead,metalMinedLead,0.0,absent,False
1261,Pb,Lead,metalMinedLead,0.0,absent,False
1262,Pb,Lead,metalMinedLead,0.0,absent,False
1264,Pb,Lead,metalMinedLead,0.0,absent,False
1265,Pb,Lead,metalMinedLead,0.0,absent,False
1266,Pb,Lead,metalMinedLead,1.0,present,True
1267,Pb,Lead,metalMinedLead,1.0,present,True
1268,Pb,Lead,metalMinedLead,1.0,present,True
1269,Pb,Lead,metalMinedLead,0.0,absent,False
1270,Pb,Lead,metalMinedLead,0.0,absent,False
1271,Pb,Lead,metalMinedLead,0.0,absent,False
1272,Pb,Lead,metalMinedLead,0.0,absent,False
1273,Pb,Lead,metalMinedLead,0.0,absent,False
1274,Pb,Lead,metalMinedLead,0.0,absent,False
1275,Pb,Lead,metalMinedLead,1.0,present,True
1276,Pb,Lead,metalMinedLead,1.0,present,True
1277,Pb,Lead,metalMinedLead,1.0,present,True
1278,Pb,Lead,metalMinedLead,0.0,absent,False
1279,Pb,Lead,metalMinedLead,1.0,present,True
1280,Pb,Lead,metalMinedLead,0.0,absent,False
1281,Pb,Lead,metalMinedLead,0.0,absent,False
1282,Pb,Lead,metalMinedLead,0.0,absent,False
1283,Pb,Lead,metalMinedLead,1.0,present,True
1284,Pb,Lead,metalMinedLead,1.0,present,True
1285,Pb,Lead,metalMinedLead,1.0,present,True
1286,Pb,Lead,metalMinedLead,1.0,present,True
1287,Pb,Lead,metalMinedLead,1.0,present,True
1289,Pb,Lead,metalMinedLead,0.0,absent,False
1290,Pb,Lead,metalMinedLead,1.0,present,True
1292,Pb,Lead,metalMinedLead,0.0,absent,False
1293,Pb,Lead,metalMinedLead,1.0,present,True
1294,Pb,Lead,metalMinedLead,0.0,absent,False
1295,Pb,Lead,metalMinedLead,0.0,absent,False
1296,Pb,Lead,metalMinedLead,0.0,absent,False
1297,Pb,Lead,metalMinedLead,1.0,present,True
1298,Pb,Lead,metalMinedLead,0.0,absent,False
1299,Pb,Lead,metalMinedLead,1.0,present,True
1300,Pb,Lead,metalMinedLead,1.0,present,True
1301,Pb,Lead,metalMinedLead,0.0,absent,False
1302,Pb,Lead,metalMinedLead,0.0,absent,False
1303,Pb,Lead,metalMinedLead,1.0,present,True
1304,Pb,Lead,metalMinedLead,1.0,present,True
1305,Pb,Lead,metalMinedLead,1.0,present,True
1306,Pb,Lead,metalMinedLead,1.0,present,True
1307,Pb,Lead,metalMinedLead,0.0,absent,False
1308,Pb,Lead,metalMinedLead,0.0,absent,False
1309,Pb,Lead,metalMinedLead,1.0,present,True
1310,Pb,Lead,metalMinedLead,0.0,absent,False
1311,Pb,Lead,metalMinedLead,0.0,absent,False
1312,Pb,Lead,metalMinedLead,0.0,absent,False
1313,Pb,Lead,metalMinedLead,1.0,present,True
1314,Pb,Lead,metalMinedLead,0.0,absent,False
1315,Pb,Lead,metalMinedLead,1.0,present,True
1316,Pb,Lead,metalMinedLead,0.0,absent,False
1317,Pb,Lead,metalMinedLead,0.0,absent,False
1318,Pb,Lead,metalMinedLead,0.0,absent,False
1319,Pb,Lead,metalMinedLead,1.0,present,True
1320,Pb,Lead,metalMinedLead,0.0,absent,False
1321,Pb,Lead,metalMinedLead,0.0,absent,False
1322,Pb,Lead,metalMinedLead,0.0,absent,False
1323,Pb,Lead,metalMinedLead,0.0,absent,False
1324,Pb,Lead,metalMinedLead,0.0,absent,False
1325,Pb,Lead,metalMinedLead,0.0,absent,False
1326,Pb,Lead,metalMinedLead,0.0,absent,False
1327,Pb,Lead,metalMinedLead,0.0,absent,False
1328,Pb,Lead,metalMinedLead,0.0,absent,False
1329,Pb,Lead,metalMinedLead,0.0,absent,False
1330,Pb,Lead,metalMinedLead,0.0,absent,False
1331,Pb,Lead,metalMinedLead,0.0,absent,False
1332,Pb,Lead,metalMinedLead,1.0,present,True
1333,Pb,Lead,metalMinedLead,1.0,present,True
1334,Pb,Lead,metalMinedLead,0.0,absent,False
1335,Pb,Lead,metalMinedLead,0.0,absent,False
1336,Pb,Lead,metalMinedLead,1.0,present,True
1337,Pb,Lead,metalMinedLead,0.0,absent,False
1338,Pb,Lead,metalMinedLead,0.0,absent,False
1339,Pb,Lead,metalMinedLead,0.0,absent,False
1340,Pb,Lead,metalMinedLead,0.0,absent,False
1341,Pb,Lead,metalMinedLead,0.0,absent,False
1342,Pb,Lead,metalMinedLead,0.0,absent,False
1343,Pb,Lead,metalMinedLead,0.0,absent,False
1344,Pb,Lead,metalMinedLead,0.0,absent,False
1345,Pb,Lead,metalMinedLead,0.0,absent,False
1346,Pb,Lead,metalMinedLead,0.0,absent,False
1347,Pb,Lead,metalMinedLead,0.0,absent,False
1348,Pb,Lead,metalMinedLead,0.0,absent,False
1349,Pb,Lead,metalMinedLead,0.0,absent,False
1350,Pb,Lead,metalMinedLead,1.0,present,True
1351,Pb,Lead,metalMinedLead,0.0,absent,False
1352,Pb,Lead,metalMinedLead,0.0,absent,False
1354,Pb,Lead,metalMinedLead,1.0,present,True
1355,Pb,Lead,metalMinedLead,1.0,present,True
1356,Pb,Lead,metalMinedLead,0.0,absent,False
1357,Pb,Lead,metalMinedLead,0.0,absent,False
1358,Pb,Lead,metalMinedLead,0.0,absent,False
1359,Pb,Lead,metalMinedLead,0.0,absent,False
1360,Pb,Lead,metalMinedLead,0.0,absent,False
1361,Pb,Lead,metalMinedLead,0.0,absent,False
1362,Pb,Lead,metalMinedLead,0.0,absent,False
1363,Pb,Lead,metalMinedLead,0.0,absent,False
1364,Pb,Lead,metalMinedLead,0.0,absent,False
1365,Pb,Lead,metalMinedLead,0.0,absent,False
1366,Pb,Lead,metalMinedLead,0.0,absent,False
1367,Pb,Lead,metalMinedLead,0.0,absent,False
1368,Pb,Lead,metalMinedLead,0.0,absent,False
1369,Pb,Lead,metalMinedLead,0.0,absent,False
1370,Pb,Lead,metalMinedLead,0.0,absent,False
1371,Pb,Lead,metalMinedLead,0.0,absent,False
1373,Pb,Lead,metalMinedLead,0.0,absent,False
1374,Pb,Lead,metalMinedLead,0.0,absent,False
1375,Pb,Lead,metalMinedLead,0.0,absent,False
1376,Pb,Lead,metalMinedLead,0.0,absent,False
1377,Pb,Lead,metalMinedLead,0.0,absent,False
1378,Pb,Lead,metalMinedLead,0.0,absent,False
1379,Pb,Lead,metalMinedLead,0.0,absent,False
1380,Pb,Lead,metalMinedLead,0.0,absent,False
1381,Pb,Lead,metalMinedLead,0.0,absent,False
1382,Pb,Lead,metalMinedLead,0.0,absent,False
1383,Pb,Lead,metalMinedLead,0.0,absent,False
1384,Pb,Lead,metalMinedLead,0.0,absent,False
1385,Pb,Lead,metalMinedLead,0.0,absent,False
1386,Pb,Lead,metalMinedLead,0.0,absent,False
1388,Pb,Lead,metalMinedLead,0.0,absent,False
1389,Pb,Lead,metalMinedLead,0.0,absent,False
1390,Pb,Lead,metalMinedLead,0.0,absent,False
1391,Pb,Lead,metalMinedLead,0.0,absent,False
1392,Pb,Lead,metalMinedLead,1.0,present,True
1393,Pb,Lead,metalMinedLead,1.0,present,True
1394,Pb,Lead,metalMinedLead,0.0,absent,False
1395,Pb,Lead,metalMinedLead,0.0,absent,False
1396,Pb,Lead,metalMinedLead,0.0,absent,False
1397,Pb,Lead,metalMinedLead,0.0,absent,False
1399,Pb,Lead,metalMinedLead,0.0,absent,False
1400,Pb,Lead,metalMinedLead,1.0,present,True
1401,Pb,Lead,metalMinedLead,0.0,absent,False
1402,Pb,Lead,metalMinedLead,0.0,absent,False
1403,Pb,Lead,metalMinedLead,0.0,absent,False
1404,Pb,Lead,metalMinedLead,0.0,absent,False
1405,Pb,Lead,metalMinedLead,0.0,absent,False
1406,Pb,Lead,metalMinedLead,0.0,absent,False
1407,Pb,Lead,metalMinedLead,0.0,absent,False
1408,Pb,Lead,metalMinedLead,0.0,absent,False
1409,Pb,Lead,metalMinedLead,0.0,absent,False
1410,Pb,Lead,metalMinedLead,0.0,absent,False
1411,Pb,Lead,metalMinedLead,0.0,absent,False
1412,Pb,Lead,metalMinedLead,0.0,absent,False
1413,Pb,Lead,metalMinedLead,0.0,absent,False
1414,Pb,Lead,metalMinedLead,0.0,absent,False
1415,Pb,Lead,metalMinedLead,0.0,absent,False
1416,Pb,Lead,metalMinedLead,0.0,absent,False
1417,Pb,Lead,metalMinedLead,0.0,absent,False
1418,Pb,Lead,metalMinedLead,0.0,absent,False
1420,Pb,Lead,metalMinedLead,0.0,absent,False
1437,Pb,Lead,metalMinedLead,0.0,absent,False
1447,Pb,Lead,metalMinedLead,0.0,absent,False
1449,Pb,Lead,metalMinedLead,0.0,absent,False
1504,Pb,Lead,metalMinedLead,1.0,present,True
1627,Pb,Lead,metalMinedLead,0.0,absent,False
1628,Pb,Lead,metalMinedLead,0.0,absent,False
1635,Pb,Lead,metalMinedLead,0.0,absent,False
1636,Pb,Lead,metalMinedLead,0.0,absent,False
1637,Pb,Lead,metalMinedLead,0.0,absent,False
1638,Pb,Lead,metalMinedLead,0.0,absent,False
1639,Pb,Lead,metalMinedLead,0.0,absent,False
1764,Pb,Lead,metalMinedLead,0.0,absent,False
1767,Pb,Lead,metalMinedLead,0.0,absent,False
1768,Pb,Lead,metalMinedLead,0.0,absent,False
1769,Pb,Lead,metalMinedLead,0.0,absent,False
1770,Pb,Lead,metalMinedLead,0.0,absent,False
1771,Pb,Lead,metalMinedLead,0.0,absent,False
1772,Pb,Lead,metalMinedLead,0.0,absent,False
1775,Pb,Lead,metalMinedLead,0.0,absent,False
1776,Pb,Lead,metalMinedLead,0.0,absent,False
1777,Pb,Lead,metalMinedLead,0.0,absent,False
1778,Pb,Lead,metalMinedLead,0.0,absent,False
1779,Pb,Lead,metalMinedLead,0.0,absent,False
1780,Pb,Lead,metalMinedLead,0.0,absent,False
132,Cu,Copper,metalMinedCopper,1.0,present,True
391,Cu,Copper,metalMinedCopper,0.0,absent,False
429,Cu,Copper,metalMinedCopper,1.0,present,True
430,Cu,Copper,metalMinedCopper,0.0,absent,False
431,Cu,Copper,metalMinedCopper,0.0,absent,False
432,Cu,Copper,metalMinedCopper,0.0,absent,False
433,Cu,Copper,metalMinedCopper,0.0,absent,False
434,Cu,Copper,metalMinedCopper,0.0,absent,False
435,Cu,Copper,metalMinedCopper,1.0,present,True
436,Cu,Copper,metalMinedCopper,0.0,absent,False
437,Cu,Copper,metalMinedCopper,0.0,absent,False
438,Cu,Copper,metalMinedCopper,0.0,absent,False
439,Cu,Copper,metalMinedCopper,0.0,absent,False
440,Cu,Copper,metalMinedCopper,0.0,absent,False
441,Cu,Copper,metalMinedCopper,0.0,absent,False
442,Cu,Copper,metalMinedCopper,0.0,absent,False
444,Cu,Copper,metalMinedCopper,0.0,absent,False
445,Cu,Copper,metalMinedCopper,1.0,present,True
446,Cu,Copper,metalMinedCopper,1.0,present,True
447,Cu,Copper,metalMinedCopper,1.0,present,True
448,Cu,Copper,metalMinedCopper,1.0,present,True
449,Cu,Copper,metalMinedCopper,1.0,present,True
450,Cu,Copper,metalMinedCopper,0.0,absent,False
451,Cu,Copper,metalMinedCopper,0.0,absent,False
452,Cu,Copper,metalMinedCopper,0.0,absent,False
453,Cu,Copper,metalMinedCopper,1.0,present,True
454,Cu,Copper,metalMinedCopper,0.0,absent,False
455,Cu,Copper,metalMinedCopper,1.0,present,True
456,Cu,Copper,metalMinedCopper,1.0,present,True
457,Cu,Copper,metalMinedCopper,0.0,absent,False
458,Cu,Copper,metalMinedCopper,0.0,absent,False
459,Cu,Copper,metalMinedCopper,0.0,absent,False
460,Cu,Copper,metalMinedCopper,1.0,present,True
461,Cu,Copper,metalMinedCopper,0.0,absent,False
462,Cu,Copper,metalMinedCopper,1.0,present,True
463,Cu,Copper,metalMinedCopper,0.0,absent,False
464,Cu,Copper,metalMinedCopper,0.0,absent,False
465,Cu,Copper,metalMinedCopper,1.0,present,True
466,Cu,Copper,metalMinedCopper,0.0,absent,False
467,Cu,Copper,metalMinedCopper,0.0,absent,False
468,Cu,Copper,metalMinedCopper,0.0,absent,False
469,Cu,Copper,metalMinedCopper,0.0,absent,False
470,Cu,Copper,metalMinedCopper,0.0,absent,False
471,Cu,Copper,metalMinedCopper,0.0,absent,False
472,Cu,Copper,metalMinedCopper,0.0,absent,False
473,Cu,Copper,metalMinedCopper,0.0,absent,False
474,Cu,Copper,metalMinedCopper,0.0,absent,False
475,Cu,Copper,metalMinedCopper,0.0,absent,False
476,Cu,Copper,metalMinedCopper,0.0,absent,False
477,Cu,Copper,metalMinedCopper,0.0,absent,False
478,Cu,Copper,metalMinedCopper,0.0,absent,False
479,Cu,Copper,metalMinedCopper,1.0,present,True
480,Cu,Copper,metalMinedCopper,0.0,absent,False
481,Cu,Copper,metalMinedCopper,0.0,absent,False
482,Cu,Copper,metalMinedCopper,1.0,present,True
483,Cu,Copper,metalMinedCopper,1.0,present,True
484,Cu,Copper,metalMinedCopper,1.0,present,True
486,Cu,Copper,metalMinedCopper,0.0,absent,False
487,Cu,Copper,metalMinedCopper,0.0,absent,False
488,Cu,Copper,metalMinedCopper,0.0,absent,False
489,Cu,Copper,metalMinedCopper,0.0,absent,False
490,Cu,Copper,metalMinedCopper,0.0,absent,False
491,Cu,Copper,metalMinedCopper,0.0,absent,False
492,Cu,Copper,metalMinedCopper,0.0,absent,False
493,Cu,Copper,metalMinedCopper,0.0,absent,False
494,Cu,Copper,metalMinedCopper,0.0,absent,False
495,Cu,Copper,metalMinedCopper,0.0,absent,False
496,Cu,Copper,metalMinedCopper,0.0,absent,False
497,Cu,Copper,metalMinedCopper,0.0,absent,False
498,Cu,Copper,metalMinedCopper,0.0,absent,False
499,Cu,Copper,metalMinedCopper,0.0,absent,False
500,Cu,Copper,metalMinedCopper,0.0,absent,False
501,Cu,Copper,metalMinedCopper,1.0,present,True
502,Cu,Copper,metalMinedCopper,0.0,absent,False
503,Cu,Copper,metalMinedCopper,0.0,absent,False
504,Cu,Copper,metalMinedCopper,1.0,present,True
505,Cu,Copper,metalMinedCopper,1.0,present,True
506,Cu,Copper,metalMinedCopper,0.0,absent,False
507,Cu,Copper,metalMinedCopper,0.0,absent,False
508,Cu,Copper,metalMinedCopper,1.0,present,True
509,Cu,Copper,metalMinedCopper,1.0,present,True
510,Cu,Copper,metalMinedCopper,1.0,present,True
511,Cu,Copper,metalMinedCopper,1.0,present,True
512,Cu,Copper,metalMinedCopper,0.0,absent,False
513,Cu,Copper,metalMinedCopper,0.0,absent,False
514,Cu,Copper,metalMinedCopper,1.0,present,True
515,Cu,Copper,metalMinedCopper,1.0,present,True
516,Cu,Copper,metalMinedCopper,0.0,absent,False
517,Cu,Copper,metalMinedCopper,1.0,present,True
518,Cu,Copper,metalMinedCopper,1.0,present,True
519,Cu,Copper,metalMinedCopper,0.0,absent,False
520,Cu,Copper,metalMinedCopper,0.0,absent,False
521,Cu,Copper,metalMinedCopper,0.0,absent,False
523,Cu,Copper,metalMinedCopper,0.0,absent,False
524,Cu,Copper,metalMinedCopper,0.0,absent,False
525,Cu,Copper,metalMinedCopper,0.0,absent,False
526,Cu,Copper,metalMinedCopper,0.0,absent,False
527,Cu,Copper,metalMinedCopper,1.0,present,True
528,Cu,Copper,metalMinedCopper,0.0,absent,False
529,Cu,Copper,metalMinedCopper,1.0,present,True
530,Cu,Copper,metalMinedCopper,0.0,absent,False
531,Cu,Copper,metalMinedCopper,0.0,absent,False
532,Cu,Copper,metalMinedCopper,1.0,present,True
533,Cu,Copper,metalMinedCopper,0.0,absent,False
535,Cu,Copper,metalMinedCopper,0.0,absent,False
536,Cu,Copper,metalMinedCopper,0.0,absent,False
537,Cu,Copper,metalMinedCopper,0.0,absent,False
538,Cu,Copper,metalMinedCopper,0.0,absent,False
539,Cu,Copper,metalMinedCopper,1.0,present,True
540,Cu,Copper,metalMinedCopper,0.0,absent,False
541,Cu,Copper,metalMinedCopper,0.0,absent,False
542,Cu,Copper,metalMinedCopper,1.0,present,True
543,Cu,Copper,metalMinedCopper,0.0,absent,False
545,Cu,Copper,metalMinedCopper,0.0,absent,False
547,Cu,Copper,metalMinedCopper,0.0,absent,False
548,Cu,Copper,metalMinedCopper,0.0,absent,False
549,Cu,Copper,metalMinedCopper,0.0,absent,False
550,Cu,Copper,metalMinedCopper,0.0,absent,False
551,Cu,Copper,metalMinedCopper,0.0,absent,False
552,Cu,Copper,metalMinedCopper,0.0,absent,False
553,Cu,Copper,metalMinedCopper,0.0,absent,False
554,Cu,Copper,metalMinedCopper,0.0,absent,False
555,Cu,Copper,metalMinedCopper,0.0,absent,False
556,Cu,Copper,metalMinedCopper,0.0,absent,False
557,Cu,Copper,metalMinedCopper,1.0,present,True
558,Cu,Copper,metalMinedCopper,0.0,absent,False
559,Cu,Copper,metalMinedCopper,0.0,absent,False
560,Cu,Copper,metalMinedCopper,0.0,absent,False
561,Cu,Copper,metalMinedCopper,0.0,absent,False
563,Cu,Copper,metalMinedCopper,1.0,present,True
564,Cu,Copper,metalMinedCopper,0.0,absent,False
565,Cu,Copper,metalMinedCopper,0.0,absent,False
566,Cu,Copper,metalMinedCopper,1.0,present,True
567,Cu,Copper,metalMinedCopper,0.0,absent,False
568,Cu,Copper,metalMinedCopper,0.0,absent,False
569,Cu,Copper,metalMinedCopper,0.0,absent,False
570,Cu,Copper,metalMinedCopper,0.0,absent,False
571,Cu,Copper,metalMinedCopper,1.0,present,True
572,Cu,Copper,metalMinedCopper,0.0,absent,False
573,Cu,Copper,metalMinedCopper,1.0,present,True
574,Cu,Copper,metalMinedCopper,1.0,present,True
575,Cu,Copper,metalMinedCopper,1.0,present,True
576,Cu,Copper,metalMinedCopper,0.0,absent,False
577,Cu,Copper,metalMinedCopper,0.0,absent,False
578,Cu,Copper,metalMinedCopper,1.0,present,True
579,Cu,Copper,metalMinedCopper,0.0,absent,False
580,Cu,Copper,metalMinedCopper,1.0,present,True
581,Cu,Copper,metalMinedCopper,,missing,
582,Cu,Copper,metalMinedCopper,0.0,absent,False
583,Cu,Copper,metalMinedCopper,1.0,present,True
584,Cu,Copper,metalMinedCopper,1.0,present,True
585,Cu,Copper,metalMinedCopper,1.0,present,True
586,Cu,Copper,metalMinedCopper,1.0,present,True
587,Cu,Copper,metalMinedCopper,0.0,absent,False
588,Cu,Copper,metalMinedCopper,0.0,absent,False
589,Cu,Copper,metalMinedCopper,0.0,absent,False
590,Cu,Copper,metalMinedCopper,0.0,absent,False
591,Cu,Copper,metalMinedCopper,1.0,present,True
592,Cu,Copper,metalMinedCopper,0.0,absent,False
593,Cu,Copper,metalMinedCopper,0.0,absent,False
594,Cu,Copper,metalMinedCopper,0.0,absent,False
595,Cu,Copper,metalMinedCopper,0.0,absent,False
596,Cu,Copper,metalMinedCopper,1.0,present,True
597,Cu,Copper,metalMinedCopper,0.0,absent,False
598,Cu,Copper,metalMinedCopper,0.0,absent,False
599,Cu,Copper,metalMinedCopper,0.0,absent,False
601,Cu,Copper,metalMinedCopper,0.0,absent,False
602,Cu,Copper,metalMinedCopper,0.0,absent,False
603,Cu,Copper,metalMinedCopper,1.0,present,True
604,Cu,Copper,metalMinedCopper,0.0,absent,False
605,Cu,Copper,metalMinedCopper,0.0,absent,False
606,Cu,Copper,metalMinedCopper,0.0,absent,False
607,Cu,Copper,metalMinedCopper,1.0,present,True
608,Cu,Copper,metalMinedCopper,0.0,absent,False
609,Cu,Copper,metalMinedCopper,0.0,absent,False
610,Cu,Copper,metalMinedCopper,0.0,absent,False
612,Cu,Copper,metalMinedCopper,0.0,absent,False
613,Cu,Copper,metalMinedCopper,0.0,absent,False
614,Cu,Copper,metalMinedCopper,0.0,absent,False
615,Cu,Copper,metalMinedCopper,0.0,absent,False
616,Cu,Copper,metalMinedCopper,0.0,absent,False
617,Cu,Copper,metalMinedCopper,0.0,absent,False
618,Cu,Copper,metalMinedCopper,0.0,absent,False
619,Cu,Copper,metalMinedCopper,0.0,absent,False
620,Cu,Copper,metalMinedCopper,0.0,absent,False
623,Cu,Copper,metalMinedCopper,0.0,absent,False
624,Cu,Copper,metalMinedCopper,0.0,absent,False
625,Cu,Copper,metalMinedCopper,0.0,absent,False
626,Cu,Copper,metalMinedCopper,1.0,present,True
627,Cu,Copper,metalMinedCopper,0.0,absent,False
629,Cu,Copper,metalMinedCopper,1.0,present,True
630,Cu,Copper,metalMinedCopper,1.0,present,True
631,Cu,Copper,metalMinedCopper,0.0,absent,False
632,Cu,Copper,metalMinedCopper,0.0,absent,False
633,Cu,Copper,metalMinedCopper,0.0,absent,False
634,Cu,Copper,metalMinedCopper,0.0,absent,False
635,Cu,Copper,metalMinedCopper,0.0,absent,False
636,Cu,Copper,metalMinedCopper,0.0,absent,False
637,Cu,Copper,metalMinedCopper,0.0,absent,False
638,Cu,Copper,metalMinedCopper,1.0,present,True
639,Cu,Copper,metalMinedCopper,1.0,present,True
640,Cu,Copper,metalMinedCopper,0.0,absent,False
641,Cu,Copper,metalMinedCopper,,missing,
642,Cu,Copper,metalMinedCopper,0.0,absent,False
643,Cu,Copper,metalMinedCopper,1.0,present,True
644,Cu,Copper,metalMinedCopper,0.0,absent,False
645,Cu,Copper,metalMinedCopper,1.0,present,True
646,Cu,Copper,metalMinedCopper,0.0,absent,False
647,Cu,Copper,metalMinedCopper,1.0,present,True
648,Cu,Copper,metalMinedCopper,0.0,absent,False
649,Cu,Copper,metalMinedCopper,0.0,absent,False
650,Cu,Copper,metalMinedCopper,0.0,absent,False
651,Cu,Copper,metalMinedCopper,0.0,absent,False
652,Cu,Copper,metalMinedCopper,0.0,absent,False
653,Cu,Copper,metalMinedCopper,0.0,absent,False
654,Cu,Copper,metalMinedCopper,0.0,absent,False
655,Cu,Copper,metalMinedCopper,0.0,absent,False
656,Cu,Copper,metalMinedCopper,0.0,absent,False
657,Cu,Copper,metalMinedCopper,0.0,absent,False
658,Cu,Copper,metalMinedCopper,1.0,present,True
659,Cu,Copper,metalMinedCopper,0.0,absent,False
660,Cu,Copper,metalMinedCopper,0.0,absent,False
661,Cu,Copper,metalMinedCopper,0.0,absent,False
662,Cu,Copper,metalMinedCopper,0.0,absent,False
663,Cu,Copper,metalMinedCopper,0.0,absent,False
664,Cu,Copper,metalMinedCopper,0.0,absent,False
665,Cu,Copper,metalMinedCopper,0.0,absent,False
666,Cu,Copper,metalMinedCopper,0.0,absent,False
667,Cu,Copper,metalMinedCopper,0.0,absent,False
668,Cu,Copper,metalMinedCopper,0.0,absent,False
669,Cu,Copper,metalMinedCopper,0.0,absent,False
670,Cu,Copper,metalMinedCopper,0.0,absent,False
671,Cu,Copper,metalMinedCopper,0.0,absent,False
672,Cu,Copper,metalMinedCopper,0.0,absent,False
673,Cu,Copper,metalMinedCopper,0.0,absent,False
674,Cu,Copper,metalMinedCopper,0.0,absent,False
675,Cu,Copper,metalMinedCopper,0.0,absent,False
676,Cu,Copper,metalMinedCopper,0.0,absent,False
677,Cu,Copper,metalMinedCopper,0.0,absent,False
678,Cu,Copper,metalMinedCopper,0.0,absent,False
680,Cu,Copper,metalMinedCopper,0.0,absent,False
681,Cu,Copper,metalMinedCopper,0.0,absent,False
682,Cu,Copper,metalMinedCopper,0.0,absent,False
683,Cu,Copper,metalMinedCopper,0.0,absent,False
684,Cu,Copper,metalMinedCopper,0.0,absent,False
686,Cu,Copper,metalMinedCopper,0.0,absent,False
687,Cu,Copper,metalMinedCopper,0.0,absent,False
688,Cu,Copper,metalMinedCopper,1.0,present,True
689,Cu,Copper,metalMinedCopper,1.0,present,True
690,Cu,Copper,metalMinedCopper,0.0,absent,False
692,Cu,Copper,metalMinedCopper,0.0,absent,False
693,Cu,Copper,metalMinedCopper,0.0,absent,False
694,Cu,Copper,metalMinedCopper,0.0,absent,False
695,Cu,Copper,metalMinedCopper,0.0,absent,False
696,Cu,Copper,metalMinedCopper,0.0,absent,False
697,Cu,Copper,metalMinedCopper,0.0,absent,False
698,Cu,Copper,metalMinedCopper,0.0,absent,False
699,Cu,Copper,metalMinedCopper,0.0,absent,False
700,Cu,Copper,metalMinedCopper,0.0,absent,False
701,Cu,Copper,metalMinedCopper,1.0,present,True
702,Cu,Copper,metalMinedCopper,1.0,present,True
703,Cu,Copper,metalMinedCopper,1.0,present,True
705,Cu,Copper,metalMinedCopper,0.0,absent,False
706,Cu,Copper,metalMinedCopper,1.0,present,True
707,Cu,Copper,metalMinedCopper,0.0,absent,False
708,Cu,Copper,metalMinedCopper,1.0,present,True
709,Cu,Copper,metalMinedCopper,0.0,absent,False
710,Cu,Copper,metalMinedCopper,0.0,absent,False
711,Cu,Copper,metalMinedCopper,0.0,absent,False
712,Cu,Copper,metalMinedCopper,0.0,absent,False
713,Cu,Copper,metalMinedCopper,0.0,absent,False
715,Cu,Copper,metalMinedCopper,0.0,absent,False
716,Cu,Copper,metalMinedCopper,0.0,absent,False
717,Cu,Copper,metalMinedCopper,0.0,absent,False
718,Cu,Copper,metalMinedCopper,0.0,absent,False
719,Cu,Copper,metalMinedCopper,0.0,absent,False
720,Cu,Copper,metalMinedCopper,0.0,absent,False
721,Cu,Copper,metalMinedCopper,0.0,absent,False
722,Cu,Copper,metalMinedCopper,0.0,absent,False
723,Cu,Copper,metalMinedCopper,0.0,absent,False
724,Cu,Copper,metalMinedCopper,0.0,absent,False
725,Cu,Copper,metalMinedCopper,1.0,present,True
726,Cu,Copper,metalMinedCopper,0.0,absent,False
727,Cu,Copper,metalMinedCopper,0.0,absent,False
728,Cu,Copper,metalMinedCopper,0.0,absent,False
730,Cu,Copper,metalMinedCopper,0.0,absent,False
731,Cu,Copper,metalMinedCopper,0.0,absent,False
732,Cu,Copper,metalMinedCopper,0.0,absent,False
733,Cu,Copper,metalMinedCopper,0.0,absent,False
734,Cu,Copper,metalMinedCopper,0.0,absent,False
735,Cu,Copper,metalMinedCopper,1.0,present,True
736,Cu,Copper,metalMinedCopper,1.0,present,True
737,Cu,Copper,metalMinedCopper,0.0,absent,False
738,Cu,Copper,metalMinedCopper,0.0,absent,False
739,Cu,Copper,metalMinedCopper,0.0,absent,False
740,Cu,Copper,metalMinedCopper,1.0,present,True
741,Cu,Copper,metalMinedCopper,0.0,absent,False
742,Cu,Copper,metalMinedCopper,0.0,absent,False
743,Cu,Copper,metalMinedCopper,0.0,absent,False
744,Cu,Copper,metalMinedCopper,0.0,absent,False
745,Cu,Copper,metalMinedCopper,1.0,present,True
746,Cu,Copper,metalMinedCopper,0.0,absent,False
747,Cu,Copper,metalMinedCopper,0.0,absent,False
748,Cu,Copper,metalMinedCopper,0.0,absent,False
749,Cu,Copper,metalMinedCopper,0.0,absent,False
750,Cu,Copper,metalMinedCopper,1.0,present,True
752,Cu,Copper,metalMinedCopper,0.0,absent,False
753,Cu,Copper,metalMinedCopper,0.0,absent,False
754,Cu,Copper,metalMinedCopper,1.0,present,True
755,Cu,Copper,metalMinedCopper,0.0,absent,False
757,Cu,Copper,metalMinedCopper,0.0,absent,False
758,Cu,Copper,metalMinedCopper,0.0,absent,False
759,Cu,Copper,metalMinedCopper,0.0,absent,False
760,Cu,Copper,metalMinedCopper,0.0,absent,False
762,Cu,Copper,metalMinedCopper,0.0,absent,False
763,Cu,Copper,metalMinedCopper,0.0,absent,False
764,Cu,Copper,metalMinedCopper,0.0,absent,False
765,Cu,Copper,metalMinedCopper,1.0,present,True
767,Cu,Copper,metalMinedCopper,0.0,absent,False
768,Cu,Copper,metalMinedCopper,0.0,absent,False
769,Cu,Copper,metalMinedCopper,0.0,absent,False
770,Cu,Copper,metalMinedCopper,0.0,absent,False
772,Cu,Copper,metalMinedCopper,1.0,present,True
773,Cu,Copper,metalMinedCopper,0.0,absent,False
774,Cu,Copper,metalMinedCopper,0.0,absent,False
775,Cu,Copper,metalMinedCopper,0.0,absent,False
776,Cu,Copper,metalMinedCopper,0.0,absent,False
777,Cu,Copper,metalMinedCopper,0.0,absent,False
778,Cu,Copper,metalMinedCopper,0.0,absent,False
779,Cu,Copper,metalMinedCopper,0.0,absent,False
780,Cu,Copper,metalMinedCopper,0.0,absent,False
781,Cu,Copper,metalMinedCopper,0.0,absent,False
782,Cu,Copper,metalMinedCopper,0.0,absent,False
783,Cu,Copper,metalMinedCopper,0.0,absent,False
784,Cu,Copper,metalMinedCopper,0.0,absent,False
785,Cu,Copper,metalMinedCopper,1.0,present,True
786,Cu,Copper,metalMinedCopper,0.0,absent,False
787,Cu,Copper,metalMinedCopper,0.0,absent,False
788,Cu,Copper,metalMinedCopper,1.0,present,True
789,Cu,Copper,metalMinedCopper,0.0,absent,False
790,Cu,Copper,metalMinedCopper,0.0,absent,False
791,Cu,Copper,metalMinedCopper,1.0,present,True
792,Cu,Copper,metalMinedCopper,0.0,absent,False
793,Cu,Copper,metalMinedCopper,1.0,present,True
794,Cu,Copper,metalMinedCopper,1.0,present,True
795,Cu,Copper,metalMinedCopper,0.0,absent,False
796,Cu,Copper,metalMinedCopper,1.0,present,True
797,Cu,Copper,metalMinedCopper,1.0,present,True
798,Cu,Copper,metalMinedCopper,0.0,absent,False
799,Cu,Copper,metalMinedCopper,0.0,absent,False
800,Cu,Copper,metalMinedCopper,0.0,absent,False
802,Cu,Copper,metalMinedCopper,0.0,absent,False
803,Cu,Copper,metalMinedCopper,0.0,absent,False
805,Cu,Copper,metalMinedCopper,0.0,absent,False
806,Cu,Copper,metalMinedCopper,0.0,absent,False
807,Cu,Copper,metalMinedCopper,0.0,absent,False
808,Cu,Copper,metalMinedCopper,0.0,absent,False
809,Cu,Copper,metalMinedCopper,0.0,absent,False
810,Cu,Copper,metalMinedCopper,1.0,present,True
811,Cu,Copper,metalMinedCopper,1.0,present,True
812,Cu,Copper,metalMinedCopper,1.0,present,True
813,Cu,Copper,metalMinedCopper,1.0,present,True
814,Cu,Copper,metalMinedCopper,0.0,absent,False
816,Cu,Copper,metalMinedCopper,0.0,absent,False
817,Cu,Copper,metalMinedCopper,0.0,absent,False
818,Cu,Copper,metalMinedCopper,1.0,present,True
820,Cu,Copper,metalMinedCopper,1.0,present,True
821,Cu,Copper,metalMinedCopper,1.0,present,True
822,Cu,Copper,metalMinedCopper,0.0,absent,False
823,Cu,Copper,metalMinedCopper,0.0,absent,False
824,Cu,Copper,metalMinedCopper,1.0,present,True
825,Cu,Copper,metalMinedCopper,0.0,absent,False
826,Cu,Copper,metalMinedCopper,0.0,absent,False
827,Cu,Copper,metalMinedCopper,1.0,present,True
828,Cu,Copper,metalMinedCopper,0.0,absent,False
829,Cu,Copper,metalMinedCopper,1.0,present,True
830,Cu,Copper,metalMinedCopper,0.0,absent,False
831,Cu,Copper,metalMinedCopper,1.0,present,True
832,Cu,Copper,metalMinedCopper,0.0,absent,False
833,Cu,Copper,metalMinedCopper,0.0,absent,False
836,Cu,Copper,metalMinedCopper,0.0,absent,False
837,Cu,Copper,metalMinedCopper,0.0,absent,False
838,Cu,Copper,metalMinedCopper,0.0,absent,False
839,Cu,Copper,metalMinedCopper,0.0,absent,False
840,Cu,Copper,metalMinedCopper,0.0,absent,False
841,Cu,Copper,metalMinedCopper,0.0,absent,False
842,Cu,Copper,metalMinedCopper,1.0,present,True
843,Cu,Copper,metalMinedCopper,1.0,present,True
844,Cu,Copper,metalMinedCopper,0.0,absent,False
845,Cu,Copper,metalMinedCopper,0.0,absent,False
846,Cu,Copper,metalMinedCopper,0.0,absent,False
848,Cu,Copper,metalMinedCopper,0.0,absent,False
849,Cu,Copper,metalMinedCopper,0.0,absent,False
850,Cu,Copper,metalMinedCopper,0.0,absent,False
851,Cu,Copper,metalMinedCopper,0.0,absent,False
853,Cu,Copper,metalMinedCopper,0.0,absent,False
854,Cu,Copper,metalMinedCopper,0.0,absent,False
855,Cu,Copper,metalMinedCopper,0.0,absent,False
856,Cu,Copper,metalMinedCopper,0.0,absent,False
857,Cu,Copper,metalMinedCopper,0.0,absent,False
859,Cu,Copper,metalMinedCopper,0.0,absent,False
860,Cu,Copper,metalMinedCopper,0.0,absent,False
865,Cu,Copper,metalMinedCopper,0.0,absent,False
866,Cu,Copper,metalMinedCopper,0.0,absent,False
867,Cu,Copper,metalMinedCopper,0.0,absent,False
868,Cu,Copper,metalMinedCopper,0.0,absent,False
869,Cu,Copper,metalMinedCopper,0.0,absent,False
870,Cu,Copper,metalMinedCopper,0.0,absent,False
871,Cu,Copper,metalMinedCopper,0.0,absent,False
872,Cu,Copper,metalMinedCopper,0.0,absent,False
873,Cu,Copper,metalMinedCopper,0.0,absent,False
875,Cu,Copper,metalMinedCopper,0.0,absent,False
876,Cu,Copper,metalMinedCopper,0.0,absent,False
878,Cu,Copper,metalMinedCopper,0.0,absent,False
879,Cu,Copper,metalMinedCopper,1.0,present,True
880,Cu,Copper,metalMinedCopper,1.0,present,True
881,Cu,Copper,metalMinedCopper,0.0,absent,False
882,Cu,Copper,metalMinedCopper,0.0,absent,False
884,Cu,Copper,metalMinedCopper,0.0,absent,False
885,Cu,Copper,metalMinedCopper,0.0,absent,False
886,Cu,Copper,metalMinedCopper,0.0,absent,False
887,Cu,Copper,metalMinedCopper,0.0,absent,False
888,Cu,Copper,metalMinedCopper,0.0,absent,False
889,Cu,Copper,metalMinedCopper,0.0,absent,False
890,Cu,Copper,metalMinedCopper,0.0,absent,False
893,Cu,Copper,metalMinedCopper,0.0,absent,False
895,Cu,Copper,metalMinedCopper,0.0,absent,False
896,Cu,Copper,metalMinedCopper,0.0,absent,False
897,Cu,Copper,metalMinedCopper,0.0,absent,False
899,Cu,Copper,metalMinedCopper,0.0,absent,False
900,Cu,Copper,metalMinedCopper,0.0,absent,False
901,Cu,Copper,metalMinedCopper,0.0,absent,False
902,Cu,Copper,metalMinedCopper,0.0,absent,False
904,Cu,Copper,metalMinedCopper,0.0,absent,False
905,Cu,Copper,metalMinedCopper,0.0,absent,False
906,Cu,Copper,metalMinedCopper,0.0,absent,False
908,Cu,Copper,metalMinedCopper,0.0,absent,False
909,Cu,Copper,metalMinedCopper,0.0,absent,False
910,Cu,Copper,metalMinedCopper,1.0,present,True
911,Cu,Copper,metalMinedCopper,1.0,present,True
912,Cu,Copper,metalMinedCopper,0.0,absent,False
913,Cu,Copper,metalMinedCopper,0.0,absent,False
914,Cu,Copper,metalMinedCopper,0.0,absent,False
915,Cu,Copper,metalMinedCopper,1.0,present,True
918,Cu,Copper,metalMinedCopper,0.0,absent,False
919,Cu,Copper,metalMinedCopper,0.0,absent,False
920,Cu,Copper,metalMinedCopper,1.0,present,True
921,Cu,Copper,metalMinedCopper,0.0,absent,False
922,Cu,Copper,metalMinedCopper,0.0,absent,False
923,Cu,Copper,metalMinedCopper,0.0,absent,False
924,Cu,Copper,metalMinedCopper,0.0,absent,False
925,Cu,Copper,metalMinedCopper,0.0,absent,False
926,Cu,Copper,metalMinedCopper,0.0,absent,False
927,Cu,Copper,metalMinedCopper,0.0,absent,False
929,Cu,Copper,metalMinedCopper,0.0,absent,False
930,Cu,Copper,metalMinedCopper,0.0,absent,False
932,Cu,Copper,metalMinedCopper,0.0,absent,False
933,Cu,Copper,metalMinedCopper,1.0,present,True
934,Cu,Copper,metalMinedCopper,0.0,absent,False
935,Cu,Copper,metalMinedCopper,1.0,present,True
936,Cu,Copper,metalMinedCopper,0.0,absent,False
937,Cu,Copper,metalMinedCopper,1.0,present,True
938,Cu,Copper,metalMinedCopper,0.0,absent,False
941,Cu,Copper,metalMinedCopper,0.0,absent,False
942,Cu,Copper,metalMinedCopper,0.0,absent,False
943,Cu,Copper,metalMinedCopper,1.0,present,True
944,Cu,Copper,metalMinedCopper,0.0,absent,False
945,Cu,Copper,metalMinedCopper,0.0,absent,False
946,Cu,Copper,metalMinedCopper,0.0,absent,False
947,Cu,Copper,metalMinedCopper,0.0,absent,False
948,Cu,Copper,metalMinedCopper,0.0,absent,False
950,Cu,Copper,metalMinedCopper,0.0,absent,False
951,Cu,Copper,metalMinedCopper,0.0,absent,False
952,Cu,Copper,metalMinedCopper,1.0,present,True
953,Cu,Copper,metalMinedCopper,1.0,present,True
954,Cu,Copper,metalMinedCopper,1.0,present,True
955,Cu,Copper,metalMinedCopper,0.0,absent,False
956,Cu,Copper,metalMinedCopper,0.0,absent,False
957,Cu,Copper,metalMinedCopper,0.0,absent,False
958,Cu,Copper,metalMinedCopper,0.0,absent,False
963,Cu,Copper,metalMinedCopper,0.0,absent,False
964,Cu,Copper,metalMinedCopper,0.0,absent,False
965,Cu,Copper,metalMinedCopper,0.0,absent,False
966,Cu,Copper,metalMinedCopper,1.0,present,True
967,Cu,Copper,metalMinedCopper,0.0,absent,False
968,Cu,Copper,metalMinedCopper,0.0,absent,False
969,Cu,Copper,metalMinedCopper,0.0,absent,False
970,Cu,Copper,metalMinedCopper,0.0,absent,False
971,Cu,Copper,metalMinedCopper,0.0,absent,False
972,Cu,Copper,metalMinedCopper,0.0,absent,False
973,Cu,Copper,metalMinedCopper,0.0,absent,False
974,Cu,Copper,metalMinedCopper,0.0,absent,False
977,Cu,Copper,metalMinedCopper,0.0,absent,False
978,Cu,Copper,metalMinedCopper,0.0,absent,False
979,Cu,Copper,metalMinedCopper,0.0,absent,False
980,Cu,Copper,metalMinedCopper,0.0,absent,False
981,Cu,Copper,metalMinedCopper,1.0,present,True
982,Cu,Copper,metalMinedCopper,1.0,present,True
983,Cu,Copper,metalMinedCopper,0.0,absent,False
984,Cu,Copper,metalMinedCopper,0.0,absent,False
985,Cu,Copper,metalMinedCopper,1.0,present,True
986,Cu,Copper,metalMinedCopper,1.0,present,True
987,Cu,Copper,metalMinedCopper,1.0,present,True
988,Cu,Copper,metalMinedCopper,0.0,absent,False
989,Cu,Copper,metalMinedCopper,1.0,present,True
990,Cu,Copper,metalMinedCopper,1.0,present,True
993,Cu,Copper,metalMinedCopper,0.0,absent,False
995,Cu,Copper,metalMinedCopper,0.0,absent,False
996,Cu,Copper,metalMinedCopper,0.0,absent,False
997,Cu,Copper,metalMinedCopper,0.0,absent,False
998,Cu,Copper,metalMinedCopper,0.0,absent,False
999,Cu,Copper,metalMinedCopper,0.0,absent,False
1000,Cu,Copper,metalMinedCopper,1.0,present,True
1001,Cu,Copper,metalMinedCopper,0.0,absent,False
1002,Cu,Copper,metalMinedCopper,0.0,absent,False
1003,Cu,Copper,metalMinedCopper,0.0,absent,False
1004,Cu,Copper,metalMinedCopper,0.0,absent,False
1005,Cu,Copper,metalMinedCopper,0.0,absent,False
1007,Cu,Copper,metalMinedCopper,0.0,absent,False
1008,Cu,Copper,metalMinedCopper,0.0,absent,False
1009,Cu,Copper,metalMinedCopper,0.0,absent,False
1010,Cu,Copper,metalMinedCopper,0.0,absent,False
1011,Cu,Copper,metalMinedCopper,1.0,present,True
1012,Cu,Copper,metalMinedCopper,1.0,present,True
1013,Cu,Copper,metalMinedCopper,0.0,absent,False
1015,Cu,Copper,metalMinedCopper,0.0,absent,False
1016,Cu,Copper,metalMinedCopper,0.0,absent,False
1017,Cu,Copper,metalMinedCopper,1.0,present,True
1018,Cu,Copper,metalMinedCopper,1.0,present,True
1019,Cu,Copper,metalMinedCopper,1.0,present,True
1020,Cu,Copper,metalMinedCopper,1.0,present,True
1021,Cu,Copper,metalMinedCopper,0.0,absent,False
1022,Cu,Copper,metalMinedCopper,0.0,absent,False
1023,Cu,Copper,metalMinedCopper,0.0,absent,False
1024,Cu,Copper,metalMinedCopper,0.0,absent,False
1025,Cu,Copper,metalMinedCopper,0.0,absent,False
1026,Cu,Copper,metalMinedCopper,0.0,absent,False
1029,Cu,Copper,metalMinedCopper,0.0,absent,False
1030,Cu,Copper,metalMinedCopper,0.0,absent,False
1031,Cu,Copper,metalMinedCopper,0.0,absent,False
1032,Cu,Copper,metalMinedCopper,0.0,absent,False
1033,Cu,Copper,metalMinedCopper,0.0,absent,False
1034,Cu,Copper,metalMinedCopper,0.0,absent,False
1035,Cu,Copper,metalMinedCopper,0.0,absent,False
1036,Cu,Copper,metalMinedCopper,0.0,absent,False
1038,Cu,Copper,metalMinedCopper,0.0,absent,False
1040,Cu,Copper,metalMinedCopper,0.0,absent,False
1041,Cu,Copper,metalMinedCopper,0.0,absent,False
1042,Cu,Copper,metalMinedCopper,0.0,absent,False
1043,Cu,Copper,metalMinedCopper,0.0,absent,False
1044,Cu,Copper,metalMinedCopper,0.0,absent,False
1045,Cu,Copper,metalMinedCopper,0.0,absent,False
1046,Cu,Copper,metalMinedCopper,0.0,absent,False
1047,Cu,Copper,metalMinedCopper,0.0,absent,False
1048,Cu,Copper,metalMinedCopper,0.0,absent,False
1049,Cu,Copper,metalMinedCopper,0.0,absent,False
1051,Cu,Copper,metalMinedCopper,1.0,present,True
1052,Cu,Copper,metalMinedCopper,0.0,absent,False
1053,Cu,Copper,metalMinedCopper,1.0,present,True
1054,Cu,Copper,metalMinedCopper,1.0,present,True
1055,Cu,Copper,metalMinedCopper,0.0,absent,False
1056,Cu,Copper,metalMinedCopper,0.0,absent,False
1057,Cu,Copper,metalMinedCopper,0.0,absent,False
1058,Cu,Copper,metalMinedCopper,0.0,absent,False
1059,Cu,Copper,metalMinedCopper,0.0,absent,False
1060,Cu,Copper,metalMinedCopper,0.0,absent,False
1061,Cu,Copper,metalMinedCopper,0.0,absent,False
1062,Cu,Copper,metalMinedCopper,0.0,absent,False
1063,Cu,Copper,metalMinedCopper,0.0,absent,False
1064,Cu,Copper,metalMinedCopper,0.0,absent,False
1065,Cu,Copper,metalMinedCopper,0.0,absent,False
1066,Cu,Copper,metalMinedCopper,0.0,absent,False
1067,Cu,Copper,metalMinedCopper,0.0,absent,False
1068,Cu,Copper,metalMinedCopper,0.0,absent,False
1069,Cu,Copper,metalMinedCopper,0.0,absent,False
1070,Cu,Copper,metalMinedCopper,0.0,absent,False
1071,Cu,Copper,metalMinedCopper,1.0,present,True
1072,Cu,Copper,metalMinedCopper,0.0,absent,False
1073,Cu,Copper,metalMinedCopper,0.0,absent,False
1074,Cu,Copper,metalMinedCopper,0.0,absent,False
1075,Cu,Copper,metalMinedCopper,0.0,absent,False
1076,Cu,Copper,metalMinedCopper,0.0,absent,False
1077,Cu,Copper,metalMinedCopper,0.0,absent,False
1079,Cu,Copper,metalMinedCopper,0.0,absent,False
1080,Cu,Copper,metalMinedCopper,0.0,absent,False
1081,Cu,Copper,metalMinedCopper,0.0,absent,False
1082,Cu,Copper,metalMinedCopper,1.0,present,True
1083,Cu,Copper,metalMinedCopper,0.0,absent,False
1084,Cu,Copper,metalMinedCopper,0.0,absent,False
1085,Cu,Copper,metalMinedCopper,0.0,absent,False
1086,Cu,Copper,metalMinedCopper,0.0,absent,False
1087,Cu,Copper,metalMinedCopper,1.0,present,True
1089,Cu,Copper,metalMinedCopper,0.0,absent,False
1090,Cu,Copper,metalMinedCopper,0.0,absent,False
1091,Cu,Copper,metalMinedCopper,0.0,absent,False
1092,Cu,Copper,metalMinedCopper,1.0,present,True
1093,Cu,Copper,metalMinedCopper,0.0,absent,False
1094,Cu,Copper,metalMinedCopper,0.0,absent,False
1095,Cu,Copper,metalMinedCopper,0.0,absent,False
1096,Cu,Copper,metalMinedCopper,0.0,absent,False
1097,Cu,Copper,metalMinedCopper,0.0,absent,False
1098,Cu,Copper,metalMinedCopper,0.0,absent,False
1099,Cu,Copper,metalMinedCopper,0.0,absent,False
1100,Cu,Copper,metalMinedCopper,1.0,present,True
1101,Cu,Copper,metalMinedCopper,0.0,absent,False
1102,Cu,Copper,metalMinedCopper,0.0,absent,False
1103,Cu,Copper,metalMinedCopper,0.0,absent,False
1104,Cu,Copper,metalMinedCopper,0.0,absent,False
1108,Cu,Copper,metalMinedCopper,0.0,absent,False
1109,Cu,Copper,metalMinedCopper,0.0,absent,False
1110,Cu,Copper,metalMinedCopper,0.0,absent,False
1111,Cu,Copper,metalMinedCopper,0.0,absent,False
1112,Cu,Copper,metalMinedCopper,1.0,present,True
1113,Cu,Copper,metalMinedCopper,0.0,absent,False
1115,Cu,Copper,metalMinedCopper,0.0,absent,False
1117,Cu,Copper,metalMinedCopper,0.0,absent,False
1118,Cu,Copper,metalMinedCopper,0.0,absent,False
1119,Cu,Copper,metalMinedCopper,0.0,absent,False
1120,Cu,Copper,metalMinedCopper,0.0,absent,False
1121,Cu,Copper,metalMinedCopper,0.0,absent,False
1122,Cu,Copper,metalMinedCopper,0.0,absent,False
1123,Cu,Copper,metalMinedCopper,1.0,present,True
1124,Cu,Copper,metalMinedCopper,0.0,absent,False
1125,Cu,Copper,metalMinedCopper,0.0,absent,False
1126,Cu,Copper,metalMinedCopper,1.0,present,True
1127,Cu,Copper,metalMinedCopper,0.0,absent,False
1129,Cu,Copper,metalMinedCopper,0.0,absent,False
1130,Cu,Copper,metalMinedCopper,0.0,absent,False
1131,Cu,Copper,metalMinedCopper,0.0,absent,False
1132,Cu,Copper,metalMinedCopper,0.0,absent,False
1133,Cu,Copper,metalMinedCopper,0.0,absent,False
1134,Cu,Copper,metalMinedCopper,0.0,absent,False
1135,Cu,Copper,metalMinedCopper,0.0,absent,False
1136,Cu,Copper,metalMinedCopper,1.0,present,True
1137,Cu,Copper,metalMinedCopper,1.0,present,True
1138,Cu,Copper,metalMinedCopper,0.0,absent,False
1139,Cu,Copper,metalMinedCopper,0.0,absent,False
1140,Cu,Copper,metalMinedCopper,0.0,absent,False
1141,Cu,Copper,metalMinedCopper,0.0,absent,False
1142,Cu,Copper,metalMinedCopper,0.0,absent,False
1143,Cu,Copper,metalMinedCopper,0.0,absent,False
1144,Cu,Copper,metalMinedCopper,0.0,absent,False
1145,Cu,Copper,metalMinedCopper,0.0,absent,False
1146,Cu,Copper,metalMinedCopper,0.0,absent,False
1147,Cu,Copper,metalMinedCopper,0.0,absent,False
1148,Cu,Copper,metalMinedCopper,0.0,absent,False
1150,Cu,Copper,metalMinedCopper,0.0,absent,False
1151,Cu,Copper,metalMinedCopper,0.0,absent,False
1152,Cu,Copper,metalMinedCopper,0.0,absent,False
1153,Cu,Copper,metalMinedCopper,0.0,absent,False
1154,Cu,Copper,metalMinedCopper,0.0,absent,False
1155,Cu,Copper,metalMinedCopper,0.0,absent,False
1156,Cu,Copper,metalMinedCopper,0.0,absent,False
1157,Cu,Copper,metalMinedCopper,0.0,absent,False
1158,Cu,Copper,metalMinedCopper,0.0,absent,False
1159,Cu,Copper,metalMinedCopper,0.0,absent,False
1160,Cu,Copper,metalMinedCopper,0.0,absent,False
1161,Cu,Copper,metalMinedCopper,0.0,absent,False
1162,Cu,Copper,metalMinedCopper,0.0,absent,False
1163,Cu,Copper,metalMinedCopper,0.0,absent,False
1164,Cu,Copper,metalMinedCopper,0.0,absent,False
1165,Cu,Copper,metalMinedCopper,0.0,absent,False
1166,Cu,Copper,metalMinedCopper,0.0,absent,False
1167,Cu,Copper,metalMinedCopper,0.0,absent,False
1168,Cu,Copper,metalMinedCopper,0.0,absent,False
1169,Cu,Copper,metalMinedCopper,0.0,absent,False
1170,Cu,Copper,metalMinedCopper,0.0,absent,False
1171,Cu,Copper,metalMinedCopper,0.0,absent,False
1172,Cu,Copper,metalMinedCopper,0.0,absent,False
1173,Cu,Copper,metalMinedCopper,0.0,absent,False
1174,Cu,Copper,metalMinedCopper,0.0,absent,False
1175,Cu,Copper,metalMinedCopper,0.0,absent,False
1176,Cu,Copper,metalMinedCopper,0.0,absent,False
1177,Cu,Copper,metalMinedCopper,0.0,absent,False
1178,Cu,Copper,metalMinedCopper,0.0,absent,False
1179,Cu,Copper,metalMinedCopper,0.0,absent,False
1180,Cu,Copper,metalMinedCopper,0.0,absent,False
1181,Cu,Copper,metalMinedCopper,0.0,absent,False
1182,Cu,Copper,metalMinedCopper,0.0,absent,False
1183,Cu,Copper,metalMinedCopper,0.0,absent,False
1184,Cu,Copper,metalMinedCopper,0.0,absent,False
1185,Cu,Copper,metalMinedCopper,0.0,absent,False
1186,Cu,Copper,metalMinedCopper,0.0,absent,False
1187,Cu,Copper,metalMinedCopper,0.0,absent,False
1188,Cu,Copper,metalMinedCopper,0.0,absent,False
1189,Cu,Copper,metalMinedCopper,0.0,absent,False
1190,Cu,Copper,metalMinedCopper,0.0,absent,False
1191,Cu,Copper,metalMinedCopper,0.0,absent,False
1192,Cu,Copper,metalMinedCopper,0.0,absent,False
1193,Cu,Copper,metalMinedCopper,0.0,absent,False
1194,Cu,Copper,metalMinedCopper,0.0,absent,False
1195,Cu,Copper,metalMinedCopper,0.0,absent,False
1196,Cu,Copper,metalMinedCopper,0.0,absent,False
1197,Cu,Copper,metalMinedCopper,0.0,absent,False
1200,Cu,Copper,metalMinedCopper,0.0,absent,False
1201,Cu,Copper,metalMinedCopper,0.0,absent,False
1202,Cu,Copper,metalMinedCopper,0.0,absent,False
1203,Cu,Copper,metalMinedCopper,0.0,absent,False
1204,Cu,Copper,metalMinedCopper,0.0,absent,False
1205,Cu,Copper,metalMinedCopper,0.0,absent,False
1206,Cu,Copper,metalMinedCopper,0.0,absent,False
1207,Cu,Copper,metalMinedCopper,0.0,absent,False
1208,Cu,Copper,metalMinedCopper,0.0,absent,False
1209,Cu,Copper,metalMinedCopper,0.0,absent,False
1210,Cu,Copper,metalMinedCopper,0.0,absent,False
1211,Cu,Copper,metalMinedCopper,0.0,absent,False
1212,Cu,Copper,metalMinedCopper,0.0,absent,False
1213,Cu,Copper,metalMinedCopper,0.0,absent,False
1214,Cu,Copper,metalMinedCopper,0.0,absent,False
1215,Cu,Copper,metalMinedCopper,0.0,absent,False
1216,Cu,Copper,metalMinedCopper,0.0,absent,False
1217,Cu,Copper,metalMinedCopper,0.0,absent,False
1218,Cu,Copper,metalMinedCopper,0.0,absent,False
1219,Cu,Copper,metalMinedCopper,0.0,absent,False
1220,Cu,Copper,metalMinedCopper,0.0,absent,False
1221,Cu,Copper,metalMinedCopper,0.0,absent,False
1222,Cu,Copper,metalMinedCopper,0.0,absent,False
1223,Cu,Copper,metalMinedCopper,0.0,absent,False
1224,Cu,Copper,metalMinedCopper,0.0,absent,False
1225,Cu,Copper,metalMinedCopper,0.0,absent,False
1226,Cu,Copper,metalMinedCopper,0.0,absent,False
1227,Cu,Copper,metalMinedCopper,0.0,absent,False
1228,Cu,Copper,metalMinedCopper,0.0,absent,False
1229,Cu,Copper,metalMinedCopper,0.0,absent,False
1230,Cu,Copper,metalMinedCopper,0.0,absent,False
1231,Cu,Copper,metalMinedCopper,0.0,absent,False
1232,Cu,Copper,metalMinedCopper,0.0,absent,False
1233,Cu,Copper,metalMinedCopper,0.0,absent,False
1234,Cu,Copper,metalMinedCopper,0.0,absent,False
1235,Cu,Copper,metalMinedCopper,0.0,absent,False
1236,Cu,Copper,metalMinedCopper,0.0,absent,False
1237,Cu,Copper,metalMinedCopper,0.0,absent,False
1238,Cu,Copper,metalMinedCopper,0.0,absent,False
1239,Cu,Copper,metalMinedCopper,0.0,absent,False
1240,Cu,Copper,metalMinedCopper,1.0,present,True
1241,Cu,Copper,metalMinedCopper,1.0,present,True
1242,Cu,Copper,metalMinedCopper,1.0,present,True
1243,Cu,Copper,metalMinedCopper,0.0,absent,False
1244,Cu,Copper,metalMinedCopper,0.0,absent,False
1245,Cu,Copper,metalMinedCopper,0.0,absent,False
1246,Cu,Copper,metalMinedCopper,0.0,absent,False
1247,Cu,Copper,metalMinedCopper,0.0,absent,False
1248,Cu,Copper,metalMinedCopper,1.0,present,True
1249,Cu,Copper,metalMinedCopper,0.0,absent,False
1250,Cu,Copper,metalMinedCopper,0.0,absent,False
1251,Cu,Copper,metalMinedCopper,0.0,absent,False
1252,Cu,Copper,metalMinedCopper,0.0,absent,False
1253,Cu,Copper,metalMinedCopper,0.0,absent,False
1254,Cu,Copper,metalMinedCopper,1.0,present,True
1255,Cu,Copper,metalMinedCopper,0.0,absent,False
1257,Cu,Copper,metalMinedCopper,0.0,absent,False
1258,Cu,Copper,metalMinedCopper,0.0,absent,False
1259,Cu,Copper,metalMinedCopper,0.0,absent,False
1260,Cu,Copper,metalMinedCopper,0.0,absent,False
1261,Cu,Copper,metalMinedCopper,0.0,absent,False
1262,Cu,Copper,metalMinedCopper,1.0,present,True
1264,Cu,Copper,metalMinedCopper,0.0,absent,False
1265,Cu,Copper,metalMinedCopper,0.0,absent,False
1266,Cu,Copper,metalMinedCopper,0.0,absent,False
1267,Cu,Copper,metalMinedCopper,0.0,absent,False
1268,Cu,Copper,metalMinedCopper,0.0,absent,False
1269,Cu,Copper,metalMinedCopper,1.0,present,True
1270,Cu,Copper,metalMinedCopper,1.0,present,True
1271,Cu,Copper,metalMinedCopper,0.0,absent,False
1272,Cu,Copper,metalMinedCopper,0.0,absent,False
1273,Cu,Copper,metalMinedCopper,0.0,absent,False
1274,Cu,Copper,metalMinedCopper,1.0,present,True
1275,Cu,Copper,metalMinedCopper,0.0,absent,False
1276,Cu,Copper,metalMinedCopper,0.0,absent,False
1277,Cu,Copper,metalMinedCopper,0.0,absent,False
1278,Cu,Copper,metalMinedCopper,0.0,absent,False
1279,Cu,Copper,metalMinedCopper,1.0,present,True
1280,Cu,Copper,metalMinedCopper,1.0,present,True
1281,Cu,Copper,metalMinedCopper,0.0,absent,False
1282,Cu,Copper,metalMinedCopper,0.0,absent,False
1283,Cu,Copper,metalMinedCopper,0.0,absent,False
1284,Cu,Copper,metalMinedCopper,0.0,absent,False
1285,Cu,Copper,metalMinedCopper,0.0,absent,False
1286,Cu,Copper,metalMinedCopper,0.0,absent,False
1287,Cu,Copper,metalMinedCopper,0.0,absent,False
1289,Cu,Copper,metalMinedCopper,0.0,absent,False
1290,Cu,Copper,metalMinedCopper,0.0,absent,False
1292,Cu,Copper,metalMinedCopper,0.0,absent,False
1293,Cu,Copper,metalMinedCopper,0.0,absent,False
1294,Cu,Copper,metalMinedCopper,1.0,present,True
1295,Cu,Copper,metalMinedCopper,0.0,absent,False
1296,Cu,Copper,metalMinedCopper,0.0,absent,False
1297,Cu,Copper,metalMinedCopper,1.0,present,True
1298,Cu,Copper,metalMinedCopper,0.0,absent,False
1299,Cu,Copper,metalMinedCopper,1.0,present,True
1300,Cu,Copper,metalMinedCopper,0.0,absent,False
1301,Cu,Copper,metalMinedCopper,0.0,absent,False
1302,Cu,Copper,metalMinedCopper,0.0,absent,False
1303,Cu,Copper,metalMinedCopper,1.0,present,True
1304,Cu,Copper,metalMinedCopper,1.0,present,True
1305,Cu,Copper,metalMinedCopper,0.0,absent,False
1306,Cu,Copper,metalMinedCopper,1.0,present,True
1307,Cu,Copper,metalMinedCopper,1.0,present,True
1308,Cu,Copper,metalMinedCopper,0.0,absent,False
1309,Cu,Copper,metalMinedCopper,1.0,present,True
1310,Cu,Copper,metalMinedCopper,1.0,present,True
1311,Cu,Copper,metalMinedCopper,0.0,absent,False
1312,Cu,Copper,metalMinedCopper,0.0,absent,False
1313,Cu,Copper,metalMinedCopper,0.0,absent,False
1314,Cu,Copper,metalMinedCopper,0.0,absent,False
1315,Cu,Copper,metalMinedCopper,0.0,absent,False
1316,Cu,Copper,metalMinedCopper,1.0,present,True
1317,Cu,Copper,metalMinedCopper,0.0,absent,False
1318,Cu,Copper,metalMinedCopper,0.0,absent,False
1319,Cu,Copper,metalMinedCopper,0.0,absent,False
1320,Cu,Copper,metalMinedCopper,0.0,absent,False
1321,Cu,Copper,metalMinedCopper,0.0,absent,False
1322,Cu,Copper,metalMinedCopper,0.0,absent,False
1323,Cu,Copper,metalMinedCopper,1.0,present,True
1324,Cu,Copper,metalMinedCopper,1.0,present,True
1325,Cu,Copper,metalMinedCopper,0.0,absent,False
1326,Cu,Copper,metalMinedCopper,0.0,absent,False
1327,Cu,Copper,metalMinedCopper,1.0,present,True
1328,Cu,Copper,metalMinedCopper,0.0,absent,False
1329,Cu,Copper,metalMinedCopper,1.0,present,True
1330,Cu,Copper,metalMinedCopper,0.0,absent,False
1331,Cu,Copper,metalMinedCopper,1.0,present,True
1332,Cu,Copper,metalMinedCopper,0.0,absent,False
1333,Cu,Copper,metalMinedCopper,0.0,absent,False
1334,Cu,Copper,metalMinedCopper,0.0,absent,False
1335,Cu,Copper,metalMinedCopper,0.0,absent,False
1336,Cu,Copper,metalMinedCopper,0.0,absent,False
1337,Cu,Copper,metalMinedCopper,1.0,present,True
1338,Cu,Copper,metalMinedCopper,0.0,absent,False
1339,Cu,Copper,metalMinedCopper,0.0,absent,False
1340,Cu,Copper,metalMinedCopper,0.0,absent,False
1341,Cu,Copper,metalMinedCopper,0.0,absent,False
1342,Cu,Copper,metalMinedCopper,0.0,absent,False
1343,Cu,Copper,metalMinedCopper,0.0,absent,False
1344,Cu,Copper,metalMinedCopper,0.0,absent,False
1345,Cu,Copper,metalMinedCopper,0.0,absent,False
1346,Cu,Copper,metalMinedCopper,0.0,absent,False
1347,Cu,Copper,metalMinedCopper,0.0,absent,False
1348,Cu,Copper,metalMinedCopper,0.0,absent,False
1349,Cu,Copper,metalMinedCopper,0.0,absent,False
1350,Cu,Copper,metalMinedCopper,0.0,absent,False
1351,Cu,Copper,metalMinedCopper,0.0,absent,False
1352,Cu,Copper,metalMinedCopper,0.0,absent,False
1354,Cu,Copper,metalMinedCopper,0.0,absent,False
1355,Cu,Copper,metalMinedCopper,0.0,absent,False
1356,Cu,Copper,metalMinedCopper,0.0,absent,False
1357,Cu,Copper,metalMinedCopper,0.0,absent,False
1358,Cu,Copper,metalMinedCopper,0.0,absent,False
1359,Cu,Copper,metalMinedCopper,0.0,absent,False
1360,Cu,Copper,metalMinedCopper,0.0,absent,False
1361,Cu,Copper,metalMinedCopper,0.0,absent,False
1362,Cu,Copper,metalMinedCopper,0.0,absent,False
1363,Cu,Copper,metalMinedCopper,0.0,absent,False
1364,Cu,Copper,metalMinedCopper,0.0,absent,False
1365,Cu,Copper,metalMinedCopper,0.0,absent,False
1366,Cu,Copper,metalMinedCopper,0.0,absent,False
1367,Cu,Copper,metalMinedCopper,0.0,absent,False
1368,Cu,Copper,metalMinedCopper,0.0,absent,False
1369,Cu,Copper,metalMinedCopper,0.0,absent,False
1370,Cu,Copper,metalMinedCopper,0.0,absent,False
1371,Cu,Copper,metalMinedCopper,0.0,absent,False
1373,Cu,Copper,metalMinedCopper,0.0,absent,False
1374,Cu,Copper,metalMinedCopper,0.0,absent,False
1375,Cu,Copper,metalMinedCopper,0.0,absent,False
1376,Cu,Copper,metalMinedCopper,0.0,absent,False
1377,Cu,Copper,metalMinedCopper,1.0,present,True
1378,Cu,Copper,metalMinedCopper,0.0,absent,False
1379,Cu,Copper,metalMinedCopper,0.0,absent,False
1380,Cu,Copper,metalMinedCopper,0.0,absent,False
1381,Cu,Copper,metalMinedCopper,0.0,absent,False
1382,Cu,Copper,metalMinedCopper,0.0,absent,False
1383,Cu,Copper,metalMinedCopper,0.0,absent,False
1384,Cu,Copper,metalMinedCopper,0.0,absent,False
1385,Cu,Copper,metalMinedCopper,0.0,absent,False
1386,Cu,Copper,metalMinedCopper,0.0,absent,False
1388,Cu,Copper,metalMinedCopper,0.0,absent,False
1389,Cu,Copper,metalMinedCopper,0.0,absent,False
1390,Cu,Copper,metalMinedCopper,0.0,absent,False
1391,Cu,Copper,metalMinedCopper,0.0,absent,False
1392,Cu,Copper,metalMinedCopper,0.0,absent,False
1393,Cu,Copper,metalMinedCopper,0.0,absent,False
1394,Cu,Copper,metalMinedCopper,1.0,present,True
1395,Cu,Copper,metalMinedCopper,0.0,absent,False
1396,Cu,Copper,metalMinedCopper,0.0,absent,False
1397,Cu,Copper,metalMinedCopper,0.0,absent,False
1399,Cu,Copper,metalMinedCopper,0.0,absent,False
1400,Cu,Copper,metalMinedCopper,0.0,absent,False
1401,Cu,Copper,metalMinedCopper,0.0,absent,False
1402,Cu,Copper,metalMinedCopper,0.0,absent,False
1403,Cu,Copper,metalMinedCopper,0.0,absent,False
1404,Cu,Copper,metalMinedCopper,0.0,absent,False
1405,Cu,Copper,metalMinedCopper,0.0,absent,False
1406,Cu,Copper,metalMinedCopper,0.0,absent,False
1407,Cu,Copper,metalMinedCopper,0.0,absent,False
1408,Cu,Copper,metalMinedCopper,0.0,absent,False
1409,Cu,Copper,metalMinedCopper,0.0,absent,False
1410,Cu,Copper,metalMinedCopper,0.0,absent,False
1411,Cu,Copper,metalMinedCopper,0.0,absent,False
1412,Cu,Copper,metalMinedCopper,0.0,absent,False
1413,Cu,Copper,metalMinedCopper,0.0,absent,False
1414,Cu,Copper,metalMinedCopper,0.0,absent,False
1415,Cu,Copper,metalMinedCopper,0.0,absent,False
1416,Cu,Copper,metalMinedCopper,1.0,present,True
1417,Cu,Copper,metalMinedCopper,1.0,present,True
1418,Cu,Copper,metalMinedCopper,0.0,absent,False
1420,Cu,Copper,metalMinedCopper,0.0,absent,False
1437,Cu,Copper,metalMinedCopper,1.0,present,True
1447,Cu,Copper,metalMinedCopper,0.0,absent,False
1449,Cu,Copper,metalMinedCopper,0.0,absent,False
1504,Cu,Copper,metalMinedCopper,0.0,absent,False
1627,Cu,Copper,metalMinedCopper,0.0,absent,False
1628,Cu,Copper,metalMinedCopper,0.0,absent,False
1635,Cu,Copper,metalMinedCopper,0.0,absent,False
1636,Cu,Copper,metalMinedCopper,0.0,absent,False
1637,Cu,Copper,metalMinedCopper,0.0,absent,False
1638,Cu,Copper,metalMinedCopper,0.0,absent,False
1639,Cu,Copper,metalMinedCopper,0.0,absent,False
1764,Cu,Copper,metalMinedCopper,0.0,absent,False
1767,Cu,Copper,metalMinedCopper,0.0,absent,False
1768,Cu,Copper,metalMinedCopper,0.0,absent,False
1769,Cu,Copper,metalMinedCopper,0.0,absent,False
1770,Cu,Copper,metalMinedCopper,0.0,absent,False
1771,Cu,Copper,metalMinedCopper,0.0,absent,False
1772,Cu,Copper,metalMinedCopper,0.0,absent,False
1775,Cu,Copper,metalMinedCopper,0.0,absent,False
1776,Cu,Copper,metalMinedCopper,0.0,absent,False
1777,Cu,Copper,metalMinedCopper,0.0,absent,False
1778,Cu,Copper,metalMinedCopper,0.0,absent,False
1779,Cu,Copper,metalMinedCopper,0.0,absent,False
1780,Cu,Copper,metalMinedCopper,0.0,absent,False
132,Sn,Tin,metalMinedTin,0.0,absent,False
391,Sn,Tin,metalMinedTin,0.0,absent,False
429,Sn,Tin,metalMinedTin,0.0,absent,False
430,Sn,Tin,metalMinedTin,0.0,absent,False
431,Sn,Tin,metalMinedTin,0.0,absent,False
432,Sn,Tin,metalMinedTin,0.0,absent,False
433,Sn,Tin,metalMinedTin,0.0,absent,False
434,Sn,Tin,metalMinedTin,0.0,absent,False
435,Sn,Tin,metalMinedTin,0.0,absent,False
436,Sn,Tin,metalMinedTin,0.0,absent,False
437,Sn,Tin,metalMinedTin,0.0,absent,False
438,Sn,Tin,metalMinedTin,0.0,absent,False
439,Sn,Tin,metalMinedTin,0.0,absent,False
440,Sn,Tin,metalMinedTin,0.0,absent,False
441,Sn,Tin,metalMinedTin,0.0,absent,False
442,Sn,Tin,metalMinedTin,0.0,absent,False
444,Sn,Tin,metalMinedTin,0.0,absent,False
445,Sn,Tin,metalMinedTin,0.0,absent,False
446,Sn,Tin,metalMinedTin,0.0,absent,False
447,Sn,Tin,metalMinedTin,0.0,absent,False
448,Sn,Tin,metalMinedTin,0.0,absent,False
449,Sn,Tin,metalMinedTin,0.0,absent,False
450,Sn,Tin,metalMinedTin,0.0,absent,False
451,Sn,Tin,metalMinedTin,0.0,absent,False
452,Sn,Tin,metalMinedTin,0.0,absent,False
453,Sn,Tin,metalMinedTin,0.0,absent,False
454,Sn,Tin,metalMinedTin,0.0,absent,False
455,Sn,Tin,metalMinedTin,0.0,absent,False
456,Sn,Tin,metalMinedTin,0.0,absent,False
457,Sn,Tin,metalMinedTin,0.0,absent,False
458,Sn,Tin,metalMinedTin,0.0,absent,False
459,Sn,Tin,metalMinedTin,0.0,absent,False
460,Sn,Tin,metalMinedTin,0.0,absent,False
461,Sn,Tin,metalMinedTin,0.0,absent,False
462,Sn,Tin,metalMinedTin,0.0,absent,False
463,Sn,Tin,metalMinedTin,0.0,absent,False
464,Sn,Tin,metalMinedTin,0.0,absent,False
465,Sn,Tin,metalMinedTin,0.0,absent,False
466,Sn,Tin,metalMinedTin,0.0,absent,False
467,Sn,Tin,metalMinedTin,0.0,absent,False
468,Sn,Tin,metalMinedTin,0.0,absent,False
469,Sn,Tin,metalMinedTin,0.0,absent,False
470,Sn,Tin,metalMinedTin,0.0,absent,False
471,Sn,Tin,metalMinedTin,0.0,absent,False
472,Sn,Tin,metalMinedTin,0.0,absent,False
473,Sn,Tin,metalMinedTin,0.0,absent,False
474,Sn,Tin,metalMinedTin,0.0,absent,False
475,Sn,Tin,metalMinedTin,0.0,absent,False
476,Sn,Tin,metalMinedTin,0.0,absent,False
477,Sn,Tin,metalMinedTin,0.0,absent,False
478,Sn,Tin,metalMinedTin,0.0,absent,False
479,Sn,Tin,metalMinedTin,0.0,absent,False
480,Sn,Tin,metalMinedTin,0.0,absent,False
481,Sn,Tin,metalMinedTin,0.0,absent,False
482,Sn,Tin,metalMinedTin,0.0,absent,False
483,Sn,Tin,metalMinedTin,0.0,absent,False
484,Sn,Tin,metalMinedTin,0.0,absent,False
486,Sn,Tin,metalMinedTin,0.0,absent,False
487,Sn,Tin,metalMinedTin,0.0,absent,False
488,Sn,Tin,metalMinedTin,0.0,absent,False
489,Sn,Tin,metalMinedTin,0.0,absent,False
490,Sn,Tin,metalMinedTin,0.0,absent,False
491,Sn,Tin,metalMinedTin,0.0,absent,False
492,Sn,Tin,metalMinedTin,0.0,absent,False
493,Sn,Tin,metalMinedTin,0.0,absent,False
494,Sn,Tin,metalMinedTin,0.0,absent,False
495,Sn,Tin,metalMinedTin,0.0,absent,False
496,Sn,Tin,metalMinedTin,0.0,absent,False
497,Sn,Tin,metalMinedTin,0.0,absent,False
498,Sn,Tin,metalMinedTin,0.0,absent,False
499,Sn,Tin,metalMinedTin,0.0,absent,False
500,Sn,Tin,metalMinedTin,0.0,absent,False
501,Sn,Tin,metalMinedTin,0.0,absent,False
502,Sn,Tin,metalMinedTin,0.0,absent,False
503,Sn,Tin,metalMinedTin,0.0,absent,False
504,Sn,Tin,metalMinedTin,0.0,absent,False
505,Sn,Tin,metalMinedTin,0.0,absent,False
506,Sn,Tin,metalMinedTin,0.0,absent,False
507,Sn,Tin,metalMinedTin,0.0,absent,False
508,Sn,Tin,metalMinedTin,0.0,absent,False
509,Sn,Tin,metalMinedTin,0.0,absent,False
510,Sn,Tin,metalMinedTin,0.0,absent,False
511,Sn,Tin,metalMinedTin,0.0,absent,False
512,Sn,Tin,metalMinedTin,0.0,absent,False
513,Sn,Tin,metalMinedTin,0.0,absent,False
514,Sn,Tin,metalMinedTin,0.0,absent,False
515,Sn,Tin,metalMinedTin,0.0,absent,False
516,Sn,Tin,metalMinedTin,0.0,absent,False
517,Sn,Tin,metalMinedTin,0.0,absent,False
518,Sn,Tin,metalMinedTin,0.0,absent,False
519,Sn,Tin,metalMinedTin,0.0,absent,False
520,Sn,Tin,metalMinedTin,0.0,absent,False
521,Sn,Tin,metalMinedTin,0.0,absent,False
523,Sn,Tin,metalMinedTin,0.0,absent,False
524,Sn,Tin,metalMinedTin,0.0,absent,False
525,Sn,Tin,metalMinedTin,0.0,absent,False
526,Sn,Tin,metalMinedTin,0.0,absent,False
527,Sn,Tin,metalMinedTin,0.0,absent,False
528,Sn,Tin,metalMinedTin,0.0,absent,False
529,Sn,Tin,metalMinedTin,0.0,absent,False
530,Sn,Tin,metalMinedTin,0.0,absent,False
531,Sn,Tin,metalMinedTin,0.0,absent,False
532,Sn,Tin,metalMinedTin,0.0,absent,False
533,Sn,Tin,metalMinedTin,0.0,absent,False
535,Sn,Tin,metalMinedTin,0.0,absent,False
536,Sn,Tin,metalMinedTin,0.0,absent,False
537,Sn,Tin,metalMinedTin,0.0,absent,False
538,Sn,Tin,metalMinedTin,0.0,absent,False
539,Sn,Tin,metalMinedTin,0.0,absent,False
540,Sn,Tin,metalMinedTin,0.0,absent,False
541,Sn,Tin,metalMinedTin,0.0,absent,False
542,Sn,Tin,metalMinedTin,0.0,absent,False
543,Sn,Tin,metalMinedTin,0.0,absent,False
545,Sn,Tin,metalMinedTin,0.0,absent,False
547,Sn,Tin,metalMinedTin,0.0,absent,False
548,Sn,Tin,metalMinedTin,0.0,absent,False
549,Sn,Tin,metalMinedTin,1.0,present,True
550,Sn,Tin,metalMinedTin,0.0,absent,False
551,Sn,Tin,metalMinedTin,0.0,absent,False
552,Sn,Tin,metalMinedTin,0.0,absent,False
553,Sn,Tin,metalMinedTin,0.0,absent,False
554,Sn,Tin,metalMinedTin,0.0,absent,False
555,Sn,Tin,metalMinedTin,0.0,absent,False
556,Sn,Tin,metalMinedTin,0.0,absent,False
557,Sn,Tin,metalMinedTin,0.0,absent,False
558,Sn,Tin,metalMinedTin,0.0,absent,False
559,Sn,Tin,metalMinedTin,0.0,absent,False
560,Sn,Tin,metalMinedTin,0.0,absent,False
561,Sn,Tin,metalMinedTin,0.0,absent,False
563,Sn,Tin,metalMinedTin,0.0,absent,False
564,Sn,Tin,metalMinedTin,0.0,absent,False
565,Sn,Tin,metalMinedTin,0.0,absent,False
566,Sn,Tin,metalMinedTin,0.0,absent,False
567,Sn,Tin,metalMinedTin,0.0,absent,False
568,Sn,Tin,metalMinedTin,0.0,absent,False
569,Sn,Tin,metalMinedTin,0.0,absent,False
570,Sn,Tin,metalMinedTin,0.0,absent,False
571,Sn,Tin,metalMinedTin,0.0,absent,False
572,Sn,Tin,metalMinedTin,0.0,absent,False
573,Sn,Tin,metalMinedTin,0.0,absent,False
574,Sn,Tin,metalMinedTin,0.0,absent,False
575,Sn,Tin,metalMinedTin,0.0,absent,False
576,Sn,Tin,metalMinedTin,0.0,absent,False
577,Sn,Tin,metalMinedTin,0.0,absent,False
578,Sn,Tin,metalMinedTin,0.0,absent,False
579,Sn,Tin,metalMinedTin,0.0,absent,False
580,Sn,Tin,metalMinedTin,0.0,absent,False
581,Sn,Tin,metalMinedTin,0.0,absent,False
582,Sn,Tin,metalMinedTin,0.0,absent,False
583,Sn,Tin,metalMinedTin,0.0,absent,False
584,Sn,Tin,metalMinedTin,0.0,absent,False
585,Sn,Tin,metalMinedTin,0.0,absent,False
586,Sn,Tin,metalMinedTin,0.0,absent,False
587,Sn,Tin,metalMinedTin,0.0,absent,False
588,Sn,Tin,metalMinedTin,0.0,absent,False
589,Sn,Tin,metalMinedTin,0.0,absent,False
590,Sn,Tin,metalMinedTin,0.0,absent,False
591,Sn,Tin,metalMinedTin,0.0,absent,False
592,Sn,Tin,metalMinedTin,0.0,absent,False
593,Sn,Tin,metalMinedTin,0.0,absent,False
594,Sn,Tin,metalMinedTin,0.0,absent,False
595,Sn,Tin,metalMinedTin,0.0,absent,False
596,Sn,Tin,metalMinedTin,0.0,absent,False
597,Sn,Tin,metalMinedTin,0.0,absent,False
598,Sn,Tin,metalMinedTin,0.0,absent,False
599,Sn,Tin,metalMinedTin,0.0,absent,False
601,Sn,Tin,metalMinedTin,0.0,absent,False
602,Sn,Tin,metalMinedTin,0.0,absent,False
603,Sn,Tin,metalMinedTin,0.0,absent,False
604,Sn,Tin,metalMinedTin,0.0,absent,False
605,Sn,Tin,metalMinedTin,0.0,absent,False
606,Sn,Tin,metalMinedTin,0.0,absent,False
607,Sn,Tin,metalMinedTin,0.0,absent,False
608,Sn,Tin,metalMinedTin,0.0,absent,False
609,Sn,Tin,metalMinedTin,0.0,absent,False
610,Sn,Tin,metalMinedTin,0.0,absent,False
612,Sn,Tin,metalMinedTin,0.0,absent,False
613,Sn,Tin,metalMinedTin,0.0,absent,False
614,Sn,Tin,metalMinedTin,0.0,absent,False
615,Sn,Tin,metalMinedTin,0.0,absent,False
616,Sn,Tin,metalMinedTin,0.0,absent,False
617,Sn,Tin,metalMinedTin,0.0,absent,False
618,Sn,Tin,metalMinedTin,0.0,absent,False
619,Sn,Tin,metalMinedTin,0.0,absent,False
620,Sn,Tin,metalMinedTin,0.0,absent,False
623,Sn,Tin,metalMinedTin,0.0,absent,False
624,Sn,Tin,metalMinedTin,0.0,absent,False
625,Sn,Tin,metalMinedTin,0.0,absent,False
626,Sn,Tin,metalMinedTin,0.0,absent,False
627,Sn,Tin,metalMinedTin,0.0,absent,False
629,Sn,Tin,metalMinedTin,0.0,absent,False
630,Sn,Tin,metalMinedTin,0.0,absent,False
631,Sn,Tin,metalMinedTin,0.0,absent,False
632,Sn,Tin,metalMinedTin,0.0,absent,False
633,Sn,Tin,metalMinedTin,0.0,absent,False
634,Sn,Tin,metalMinedTin,0.0,absent,False
635,Sn,Tin,metalMinedTin,0.0,absent,False
636,Sn,Tin,metalMinedTin,0.0,absent,False
637,Sn,Tin,metalMinedTin,0.0,absent,False
638,Sn,Tin,metalMinedTin,0.0,absent,False
639,Sn,Tin,metalMinedTin,0.0,absent,False
640,Sn,Tin,metalMinedTin,0.0,absent,False
641,Sn,Tin,metalMinedTin,0.0,absent,False
642,Sn,Tin,metalMinedTin,0.0,absent,False
643,Sn,Tin,metalMinedTin,0.0,absent,False
644,Sn,Tin,metalMinedTin,0.0,absent,False
645,Sn,Tin,metalMinedTin,0.0,absent,False
646,Sn,Tin,metalMinedTin,0.0,absent,False
647,Sn,Tin,metalMinedTin,0.0,absent,False
648,Sn,Tin,metalMinedTin,0.0,absent,False
649,Sn,Tin,metalMinedTin,0.0,absent,False
650,Sn,Tin,metalMinedTin,0.0,absent,False
651,Sn,Tin,metalMinedTin,0.0,absent,False
652,Sn,Tin,metalMinedTin,0.0,absent,False
653,Sn,Tin,metalMinedTin,0.0,absent,False
654,Sn,Tin,metalMinedTin,0.0,absent,False
655,Sn,Tin,metalMinedTin,0.0,absent,False
656,Sn,Tin,metalMinedTin,0.0,absent,False
657,Sn,Tin,metalMinedTin,0.0,absent,False
658,Sn,Tin,metalMinedTin,0.0,absent,False
659,Sn,Tin,metalMinedTin,0.0,absent,False
660,Sn,Tin,metalMinedTin,0.0,absent,False
661,Sn,Tin,metalMinedTin,0.0,absent,False
662,Sn,Tin,metalMinedTin,0.0,absent,False
663,Sn,Tin,metalMinedTin,0.0,absent,False
664,Sn,Tin,metalMinedTin,0.0,absent,False
665,Sn,Tin,metalMinedTin,0.0,absent,False
666,Sn,Tin,metalMinedTin,0.0,absent,False
667,Sn,Tin,metalMinedTin,0.0,absent,False
668,Sn,Tin,metalMinedTin,0.0,absent,False
669,Sn,Tin,metalMinedTin,0.0,absent,False
670,Sn,Tin,metalMinedTin,0.0,absent,False
671,Sn,Tin,metalMinedTin,0.0,absent,False
672,Sn,Tin,metalMinedTin,0.0,absent,False
673,Sn,Tin,metalMinedTin,0.0,absent,False
674,Sn,Tin,metalMinedTin,0.0,absent,False
675,Sn,Tin,metalMinedTin,0.0,absent,False
676,Sn,Tin,metalMinedTin,0.0,absent,False
677,Sn,Tin,metalMinedTin,0.0,absent,False
678,Sn,Tin,metalMinedTin,0.0,absent,False
680,Sn,Tin,metalMinedTin,0.0,absent,False
681,Sn,Tin,metalMinedTin,0.0,absent,False
682,Sn,Tin,metalMinedTin,0.0,absent,False
683,Sn,Tin,metalMinedTin,0.0,absent,False
684,Sn,Tin,metalMinedTin,0.0,absent,False
686,Sn,Tin,metalMinedTin,0.0,absent,False
687,Sn,Tin,metalMinedTin,0.0,absent,False
688,Sn,Tin,metalMinedTin,0.0,absent,False
689,Sn,Tin,metalMinedTin,0.0,absent,False
690,Sn,Tin,metalMinedTin,0.0,absent,False
692,Sn,Tin,metalMinedTin,0.0,absent,False
693,Sn,Tin,metalMinedTin,0.0,absent,False
694,Sn,Tin,metalMinedTin,0.0,absent,False
695,Sn,Tin,metalMinedTin,0.0,absent,False
696,Sn,Tin,metalMinedTin,0.0,absent,False
697,Sn,Tin,metalMinedTin,0.0,absent,False
698,Sn,Tin,metalMinedTin,0.0,absent,False
699,Sn,Tin,metalMinedTin,0.0,absent,False
700,Sn,Tin,metalMinedTin,0.0,absent,False
701,Sn,Tin,metalMinedTin,0.0,absent,False
702,Sn,Tin,metalMinedTin,0.0,absent,False
703,Sn,Tin,metalMinedTin,0.0,absent,False
705,Sn,Tin,metalMinedTin,0.0,absent,False
706,Sn,Tin,metalMinedTin,0.0,absent,False
707,Sn,Tin,metalMinedTin,0.0,absent,False
708,Sn,Tin,metalMinedTin,0.0,absent,False
709,Sn,Tin,metalMinedTin,0.0,absent,False
710,Sn,Tin,metalMinedTin,0.0,absent,False
711,Sn,Tin,metalMinedTin,0.0,absent,False
712,Sn,Tin,metalMinedTin,0.0,absent,False
713,Sn,Tin,metalMinedTin,0.0,absent,False
715,Sn,Tin,metalMinedTin,0.0,absent,False
716,Sn,Tin,metalMinedTin,0.0,absent,False
717,Sn,Tin,metalMinedTin,0.0,absent,False
718,Sn,Tin,metalMinedTin,0.0,absent,False
719,Sn,Tin,metalMinedTin,0.0,absent,False
720,Sn,Tin,metalMinedTin,0.0,absent,False
721,Sn,Tin,metalMinedTin,0.0,absent,False
722,Sn,Tin,metalMinedTin,0.0,absent,False
723,Sn,Tin,metalMinedTin,0.0,absent,False
724,Sn,Tin,metalMinedTin,0.0,absent,False
725,Sn,Tin,metalMinedTin,0.0,absent,False
726,Sn,Tin,metalMinedTin,0.0,absent,False
727,Sn,Tin,metalMinedTin,0.0,absent,False
728,Sn,Tin,metalMinedTin,1.0,present,True
730,Sn,Tin,metalMinedTin,0.0,absent,False
731,Sn,Tin,metalMinedTin,0.0,absent,False
732,Sn,Tin,metalMinedTin,0.0,absent,False
733,Sn,Tin,metalMinedTin,0.0,absent,False
734,Sn,Tin,metalMinedTin,0.0,absent,False
735,Sn,Tin,metalMinedTin,0.0,absent,False
736,Sn,Tin,metalMinedTin,0.0,absent,False
737,Sn,Tin,metalMinedTin,0.0,absent,False
738,Sn,Tin,metalMinedTin,0.0,absent,False
739,Sn,Tin,metalMinedTin,0.0,absent,False
740,Sn,Tin,metalMinedTin,0.0,absent,False
741,Sn,Tin,metalMinedTin,0.0,absent,False
742,Sn,Tin,metalMinedTin,0.0,absent,False
743,Sn,Tin,metalMinedTin,0.0,absent,False
744,Sn,Tin,metalMinedTin,0.0,absent,False
745,Sn,Tin,metalMinedTin,0.0,absent,False
746,Sn,Tin,metalMinedTin,0.0,absent,False
747,Sn,Tin,metalMinedTin,0.0,absent,False
748,Sn,Tin,metalMinedTin,0.0,absent,False
749,Sn,Tin,metalMinedTin,0.0,absent,False
750,Sn,Tin,metalMinedTin,0.0,absent,False
752,Sn,Tin,metalMinedTin,0.0,absent,False
753,Sn,Tin,metalMinedTin,0.0,absent,False
754,Sn,Tin,metalMinedTin,0.0,absent,False
755,Sn,Tin,metalMinedTin,0.0,absent,False
757,Sn,Tin,metalMinedTin,0.0,absent,False
758,Sn,Tin,metalMinedTin,0.0,absent,False
759,Sn,Tin,metalMinedTin,0.0,absent,False
760,Sn,Tin,metalMinedTin,0.0,absent,False
762,Sn,Tin,metalMinedTin,0.0,absent,False
763,Sn,Tin,metalMinedTin,0.0,absent,False
764,Sn,Tin,metalMinedTin,0.0,absent,False
765,Sn,Tin,metalMinedTin,0.0,absent,False
767,Sn,Tin,metalMinedTin,0.0,absent,False
768,Sn,Tin,metalMinedTin,0.0,absent,False
769,Sn,Tin,metalMinedTin,0.0,absent,False
770,Sn,Tin,metalMinedTin,0.0,absent,False
772,Sn,Tin,metalMinedTin,0.0,absent,False
773,Sn,Tin,metalMinedTin,0.0,absent,False
774,Sn,Tin,metalMinedTin,0.0,absent,False
775,Sn,Tin,metalMinedTin,0.0,absent,False
776,Sn,Tin,metalMinedTin,0.0,absent,False
777,Sn,Tin,metalMinedTin,0.0,absent,False
778,Sn,Tin,metalMinedTin,0.0,absent,False
779,Sn,Tin,metalMinedTin,0.0,absent,False
780,Sn,Tin,metalMinedTin,0.0,absent,False
781,Sn,Tin,metalMinedTin,0.0,absent,False
782,Sn,Tin,metalMinedTin,0.0,absent,False
783,Sn,Tin,metalMinedTin,0.0,absent,False
784,Sn,Tin,metalMinedTin,0.0,absent,False
785,Sn,Tin,metalMinedTin,0.0,absent,False
786,Sn,Tin,metalMinedTin,0.0,absent,False
787,Sn,Tin,metalMinedTin,0.0,absent,False
788,Sn,Tin,metalMinedTin,0.0,absent,False
789,Sn,Tin,metalMinedTin,0.0,absent,False
790,Sn,Tin,metalMinedTin,0.0,absent,False
791,Sn,Tin,metalMinedTin,0.0,absent,False
792,Sn,Tin,metalMinedTin,0.0,absent,False
793,Sn,Tin,metalMinedTin,0.0,absent,False
794,Sn,Tin,metalMinedTin,0.0,absent,False
795,Sn,Tin,metalMinedTin,0.0,absent,False
796,Sn,Tin,metalMinedTin,0.0,absent,False
797,Sn,Tin,metalMinedTin,0.0,absent,False
798,Sn,Tin,metalMinedTin,0.0,absent,False
799,Sn,Tin,metalMinedTin,0.0,absent,False
800,Sn,Tin,metalMinedTin,0.0,absent,False
802,Sn,Tin,metalMinedTin,0.0,absent,False
803,Sn,Tin,metalMinedTin,0.0,absent,False
805,Sn,Tin,metalMinedTin,0.0,absent,False
806,Sn,Tin,metalMinedTin,0.0,absent,False
807,Sn,Tin,metalMinedTin,0.0,absent,False
808,Sn,Tin,metalMinedTin,0.0,absent,False
809,Sn,Tin,metalMinedTin,0.0,absent,False
810,Sn,Tin,metalMinedTin,0.0,absent,False
811,Sn,Tin,metalMinedTin,0.0,absent,False
812,Sn,Tin,metalMinedTin,0.0,absent,False
813,Sn,Tin,metalMinedTin,0.0,absent,False
814,Sn,Tin,metalMinedTin,0.0,absent,False
816,Sn,Tin,metalMinedTin,0.0,absent,False
817,Sn,Tin,metalMinedTin,0.0,absent,False
818,Sn,Tin,metalMinedTin,0.0,absent,False
820,Sn,Tin,metalMinedTin,0.0,absent,False
821,Sn,Tin,metalMinedTin,0.0,absent,False
822,Sn,Tin,metalMinedTin,0.0,absent,False
823,Sn,Tin,metalMinedTin,0.0,absent,False
824,Sn,Tin,metalMinedTin,0.0,absent,False
825,Sn,Tin,metalMinedTin,0.0,absent,False
826,Sn,Tin,metalMinedTin,0.0,absent,False
827,Sn,Tin,metalMinedTin,0.0,absent,False
828,Sn,Tin,metalMinedTin,0.0,absent,False
829,Sn,Tin,metalMinedTin,0.0,absent,False
830,Sn,Tin,metalMinedTin,0.0,absent,False
831,Sn,Tin,metalMinedTin,0.0,absent,False
832,Sn,Tin,metalMinedTin,0.0,absent,False
833,Sn,Tin,metalMinedTin,0.0,absent,False
836,Sn,Tin,metalMinedTin,0.0,absent,False
837,Sn,Tin,metalMinedTin,0.0,absent,False
838,Sn,Tin,metalMinedTin,0.0,absent,False
839,Sn,Tin,metalMinedTin,0.0,absent,False
840,Sn,Tin,metalMinedTin,0.0,absent,False
841,Sn,Tin,metalMinedTin,0.0,absent,False
842,Sn,Tin,metalMinedTin,0.0,absent,False
843,Sn,Tin,metalMinedTin,0.0,absent,False
844,Sn,Tin,metalMinedTin,0.0,absent,False
845,Sn,Tin,metalMinedTin,0.0,absent,False
846,Sn,Tin,metalMinedTin,0.0,absent,False
848,Sn,Tin,metalMinedTin,1.0,present,True
849,Sn,Tin,metalMinedTin,0.0,absent,False
850,Sn,Tin,metalMinedTin,0.0,absent,False
851,Sn,Tin,metalMinedTin,0.0,absent,False
853,Sn,Tin,metalMinedTin,0.0,absent,False
854,Sn,Tin,metalMinedTin,0.0,absent,False
855,Sn,Tin,metalMinedTin,0.0,absent,False
856,Sn,Tin,metalMinedTin,0.0,absent,False
857,Sn,Tin,metalMinedTin,0.0,absent,False
859,Sn,Tin,metalMinedTin,0.0,absent,False
860,Sn,Tin,metalMinedTin,0.0,absent,False
865,Sn,Tin,metalMinedTin,0.0,absent,False
866,Sn,Tin,metalMinedTin,0.0,absent,False
867,Sn,Tin,metalMinedTin,0.0,absent,False
868,Sn,Tin,metalMinedTin,0.0,absent,False
869,Sn,Tin,metalMinedTin,0.0,absent,False
870,Sn,Tin,metalMinedTin,0.0,absent,False
871,Sn,Tin,metalMinedTin,0.0,absent,False
872,Sn,Tin,metalMinedTin,0.0,absent,False
873,Sn,Tin,metalMinedTin,0.0,absent,False
875,Sn,Tin,metalMinedTin,0.0,absent,False
876,Sn,Tin,metalMinedTin,0.0,absent,False
878,Sn,Tin,metalMinedTin,0.0,absent,False
879,Sn,Tin,metalMinedTin,0.0,absent,False
880,Sn,Tin,metalMinedTin,0.0,absent,False
881,Sn,Tin,metalMinedTin,0.0,absent,False
882,Sn,Tin,metalMinedTin,0.0,absent,False
884,Sn,Tin,metalMinedTin,0.0,absent,False
885,Sn,Tin,metalMinedTin,0.0,absent,False
886,Sn,Tin,metalMinedTin,0.0,absent,False
887,Sn,Tin,metalMinedTin,0.0,absent,False
888,Sn,Tin,metalMinedTin,0.0,absent,False
889,Sn,Tin,metalMinedTin,0.0,absent,False
890,Sn,Tin,metalMinedTin,0.0,absent,False
893,Sn,Tin,metalMinedTin,0.0,absent,False
895,Sn,Tin,metalMinedTin,0.0,absent,False
896,Sn,Tin,metalMinedTin,0.0,absent,False
897,Sn,Tin,metalMinedTin,0.0,absent,False
899,Sn,Tin,metalMinedTin,0.0,absent,False
900,Sn,Tin,metalMinedTin,0.0,absent,False
901,Sn,Tin,metalMinedTin,0.0,absent,False
902,Sn,Tin,metalMinedTin,0.0,absent,False
904,Sn,Tin,metalMinedTin,0.0,absent,False
905,Sn,Tin,metalMinedTin,0.0,absent,False
906,Sn,Tin,metalMinedTin,0.0,absent,False
908,Sn,Tin,metalMinedTin,0.0,absent,False
909,Sn,Tin,metalMinedTin,0.0,absent,False
910,Sn,Tin,metalMinedTin,0.0,absent,False
911,Sn,Tin,metalMinedTin,0.0,absent,False
912,Sn,Tin,metalMinedTin,0.0,absent,False
913,Sn,Tin,metalMinedTin,0.0,absent,False
914,Sn,Tin,metalMinedTin,0.0,absent,False
915,Sn,Tin,metalMinedTin,0.0,absent,False
918,Sn,Tin,metalMinedTin,0.0,absent,False
919,Sn,Tin,metalMinedTin,0.0,absent,False
920,Sn,Tin,metalMinedTin,0.0,absent,False
921,Sn,Tin,metalMinedTin,0.0,absent,False
922,Sn,Tin,metalMinedTin,0.0,absent,False
923,Sn,Tin,metalMinedTin,0.0,absent,False
924,Sn,Tin,metalMinedTin,0.0,absent,False
925,Sn,Tin,metalMinedTin,0.0,absent,False
926,Sn,Tin,metalMinedTin,0.0,absent,False
927,Sn,Tin,metalMinedTin,0.0,absent,False
929,Sn,Tin,metalMinedTin,0.0,absent,False
930,Sn,Tin,metalMinedTin,0.0,absent,False
932,Sn,Tin,metalMinedTin,0.0,absent,False
933,Sn,Tin,metalMinedTin,0.0,absent,False
934,Sn,Tin,metalMinedTin,0.0,absent,False
935,Sn,Tin,metalMinedTin,0.0,absent,False
936,Sn,Tin,metalMinedTin,0.0,absent,False
937,Sn,Tin,metalMinedTin,0.0,absent,False
938,Sn,Tin,metalMinedTin,0.0,absent,False
941,Sn,Tin,metalMinedTin,0.0,absent,False
942,Sn,Tin,metalMinedTin,0.0,absent,False
943,Sn,Tin,metalMinedTin,0.0,absent,False
944,Sn,Tin,metalMinedTin,0.0,absent,False
945,Sn,Tin,metalMinedTin,0.0,absent,False
946,Sn,Tin,metalMinedTin,0.0,absent,False
947,Sn,Tin,metalMinedTin,0.0,absent,False
948,Sn,Tin,metalMinedTin,0.0,absent,False
950,Sn,Tin,metalMinedTin,0.0,absent,False
951,Sn,Tin,metalMinedTin,0.0,absent,False
952,Sn,Tin,metalMinedTin,0.0,absent,False
953,Sn,Tin,metalMinedTin,0.0,absent,False
954,Sn,Tin,metalMinedTin,0.0,absent,False
955,Sn,Tin,metalMinedTin,0.0,absent,False
956,Sn,Tin,metalMinedTin,0.0,absent,False
957,Sn,Tin,metalMinedTin,0.0,absent,False
958,Sn,Tin,metalMinedTin,0.0,absent,False
963,Sn,Tin,metalMinedTin,1.0,present,True
964,Sn,Tin,metalMinedTin,0.0,absent,False
965,Sn,Tin,metalMinedTin,0.0,absent,False
966,Sn,Tin,metalMinedTin,0.0,absent,False
967,Sn,Tin,metalMinedTin,0.0,absent,False
968,Sn,Tin,metalMinedTin,0.0,absent,False
969,Sn,Tin,metalMinedTin,0.0,absent,False
970,Sn,Tin,metalMinedTin,0.0,absent,False
971,Sn,Tin,metalMinedTin,0.0,absent,False
972,Sn,Tin,metalMinedTin,0.0,absent,False
973,Sn,Tin,metalMinedTin,0.0,absent,False
974,Sn,Tin,metalMinedTin,0.0,absent,False
977,Sn,Tin,metalMinedTin,0.0,absent,False
978,Sn,Tin,metalMinedTin,0.0,absent,False
979,Sn,Tin,metalMinedTin,0.0,absent,False
980,Sn,Tin,metalMinedTin,0.0,absent,False
981,Sn,Tin,metalMinedTin,0.0,absent,False
982,Sn,Tin,metalMinedTin,0.0,absent,False
983,Sn,Tin,metalMinedTin,0.0,absent,False
984,Sn,Tin,metalMinedTin,0.0,absent,False
985,Sn,Tin,metalMinedTin,0.0,absent,False
986,Sn,Tin,metalMinedTin,0.0,absent,False
987,Sn,Tin,metalMinedTin,0.0,absent,False
988,Sn,Tin,metalMinedTin,0.0,absent,False
989,Sn,Tin,metalMinedTin,0.0,absent,False
990,Sn,Tin,metalMinedTin,0.0,absent,False
993,Sn,Tin,metalMinedTin,0.0,absent,False
995,Sn,Tin,metalMinedTin,0.0,absent,False
996,Sn,Tin,metalMinedTin,0.0,absent,False
997,Sn,Tin,metalMinedTin,0.0,absent,False
998,Sn,Tin,metalMinedTin,1.0,present,True
999,Sn,Tin,metalMinedTin,0.0,absent,False
1000,Sn,Tin,metalMinedTin,0.0,absent,False
1001,Sn,Tin,metalMinedTin,0.0,absent,False
1002,Sn,Tin,metalMinedTin,0.0,absent,False
1003,Sn,Tin,metalMinedTin,0.0,absent,False
1004,Sn,Tin,metalMinedTin,0.0,absent,False
1005,Sn,Tin,metalMinedTin,0.0,absent,False
1007,Sn,Tin,metalMinedTin,0.0,absent,False
1008,Sn,Tin,metalMinedTin,0.0,absent,False
1009,Sn,Tin,metalMinedTin,0.0,absent,False
1010,Sn,Tin,metalMinedTin,0.0,absent,False
1011,Sn,Tin,metalMinedTin,0.0,absent,False
1012,Sn,Tin,metalMinedTin,0.0,absent,False
1013,Sn,Tin,metalMinedTin,0.0,absent,False
1015,Sn,Tin,metalMinedTin,0.0,absent,False
1016,Sn,Tin,metalMinedTin,0.0,absent,False
1017,Sn,Tin,metalMinedTin,0.0,absent,False
1018,Sn,Tin,metalMinedTin,0.0,absent,False
1019,Sn,Tin,metalMinedTin,0.0,absent,False
1020,Sn,Tin,metalMinedTin,0.0,absent,False
1021,Sn,Tin,metalMinedTin,0.0,absent,False
1022,Sn,Tin,metalMinedTin,0.0,absent,False
1023,Sn,Tin,metalMinedTin,0.0,absent,False
1024,Sn,Tin,metalMinedTin,0.0,absent,False
1025,Sn,Tin,metalMinedTin,0.0,absent,False
1026,Sn,Tin,metalMinedTin,0.0,absent,False
1029,Sn,Tin,metalMinedTin,0.0,absent,False
1030,Sn,Tin,metalMinedTin,0.0,absent,False
1031,Sn,Tin,metalMinedTin,0.0,absent,False
1032,Sn,Tin,metalMinedTin,0.0,absent,False
1033,Sn,Tin,metalMinedTin,0.0,absent,False
1034,Sn,Tin,metalMinedTin,0.0,absent,False
1035,Sn,Tin,metalMinedTin,0.0,absent,False
1036,Sn,Tin,metalMinedTin,1.0,present,True
1038,Sn,Tin,metalMinedTin,0.0,absent,False
1040,Sn,Tin,metalMinedTin,0.0,absent,False
1041,Sn,Tin,metalMinedTin,0.0,absent,False
1042,Sn,Tin,metalMinedTin,0.0,absent,False
1043,Sn,Tin,metalMinedTin,0.0,absent,False
1044,Sn,Tin,metalMinedTin,0.0,absent,False
1045,Sn,Tin,metalMinedTin,0.0,absent,False
1046,Sn,Tin,metalMinedTin,0.0,absent,False
1047,Sn,Tin,metalMinedTin,0.0,absent,False
1048,Sn,Tin,metalMinedTin,0.0,absent,False
1049,Sn,Tin,metalMinedTin,0.0,absent,False
1051,Sn,Tin,metalMinedTin,0.0,absent,False
1052,Sn,Tin,metalMinedTin,0.0,absent,False
1053,Sn,Tin,metalMinedTin,0.0,absent,False
1054,Sn,Tin,metalMinedTin,0.0,absent,False
1055,Sn,Tin,metalMinedTin,0.0,absent,False
1056,Sn,Tin,metalMinedTin,0.0,absent,False
1057,Sn,Tin,metalMinedTin,0.0,absent,False
1058,Sn,Tin,metalMinedTin,0.0,absent,False
1059,Sn,Tin,metalMinedTin,0.0,absent,False
1060,Sn,Tin,metalMinedTin,0.0,absent,False
1061,Sn,Tin,metalMinedTin,0.0,absent,False
1062,Sn,Tin,metalMinedTin,0.0,absent,False
1063,Sn,Tin,metalMinedTin,0.0,absent,False
1064,Sn,Tin,metalMinedTin,0.0,absent,False
1065,Sn,Tin,metalMinedTin,0.0,absent,False
1066,Sn,Tin,metalMinedTin,0.0,absent,False
1067,Sn,Tin,metalMinedTin,0.0,absent,False
1068,Sn,Tin,metalMinedTin,0.0,absent,False
1069,Sn,Tin,metalMinedTin,0.0,absent,False
1070,Sn,Tin,metalMinedTin,0.0,absent,False
1071,Sn,Tin,metalMinedTin,0.0,absent,False
1072,Sn,Tin,metalMinedTin,0.0,absent,False
1073,Sn,Tin,metalMinedTin,0.0,absent,False
1074,Sn,Tin,metalMinedTin,0.0,absent,False
1075,Sn,Tin,metalMinedTin,0.0,absent,False
1076,Sn,Tin,metalMinedTin,0.0,absent,False
1077,Sn,Tin,metalMinedTin,0.0,absent,False
1079,Sn,Tin,metalMinedTin,0.0,absent,False
1080,Sn,Tin,metalMinedTin,0.0,absent,False
1081,Sn,Tin,metalMinedTin,0.0,absent,False
1082,Sn,Tin,metalMinedTin,0.0,absent,False
1083,Sn,Tin,metalMinedTin,0.0,absent,False
1084,Sn,Tin,metalMinedTin,0.0,absent,False
1085,Sn,Tin,metalMinedTin,0.0,absent,False
1086,Sn,Tin,metalMinedTin,0.0,absent,False
1087,Sn,Tin,metalMinedTin,0.0,absent,False
1089,Sn,Tin,metalMinedTin,0.0,absent,False
1090,Sn,Tin,metalMinedTin,0.0,absent,False
1091,Sn,Tin,metalMinedTin,0.0,absent,False
1092,Sn,Tin,metalMinedTin,0.0,absent,False
1093,Sn,Tin,metalMinedTin,0.0,absent,False
1094,Sn,Tin,metalMinedTin,0.0,absent,False
1095,Sn,Tin,metalMinedTin,0.0,absent,False
1096,Sn,Tin,metalMinedTin,0.0,absent,False
1097,Sn,Tin,metalMinedTin,0.0,absent,False
1098,Sn,Tin,metalMinedTin,0.0,absent,False
1099,Sn,Tin,metalMinedTin,0.0,absent,False
1100,Sn,Tin,metalMinedTin,0.0,absent,False
1101,Sn,Tin,metalMinedTin,0.0,absent,False
1102,Sn,Tin,metalMinedTin,0.0,absent,False
1103,Sn,Tin,metalMinedTin,0.0,absent,False
1104,Sn,Tin,metalMinedTin,0.0,absent,False
1108,Sn,Tin,metalMinedTin,0.0,absent,False
1109,Sn,Tin,metalMinedTin,0.0,absent,False
1110,Sn,Tin,metalMinedTin,0.0,absent,False
1111,Sn,Tin,metalMinedTin,0.0,absent,False
1112,Sn,Tin,metalMinedTin,0.0,absent,False
1113,Sn,Tin,metalMinedTin,0.0,absent,False
1115,Sn,Tin,metalMinedTin,0.0,absent,False
1117,Sn,Tin,metalMinedTin,0.0,absent,False
1118,Sn,Tin,metalMinedTin,0.0,absent,False
1119,Sn,Tin,metalMinedTin,0.0,absent,False
1120,Sn,Tin,metalMinedTin,0.0,absent,False
1121,Sn,Tin,metalMinedTin,0.0,absent,False
1122,Sn,Tin,metalMinedTin,0.0,absent,False
1123,Sn,Tin,metalMinedTin,0.0,absent,False
1124,Sn,Tin,metalMinedTin,0.0,absent,False
1125,Sn,Tin,metalMinedTin,0.0,absent,False
1126,Sn,Tin,metalMinedTin,0.0,absent,False
1127,Sn,Tin,metalMinedTin,0.0,absent,False
1129,Sn,Tin,metalMinedTin,0.0,absent,False
1130,Sn,Tin,metalMinedTin,0.0,absent,False
1131,Sn,Tin,metalMinedTin,0.0,absent,False
1132,Sn,Tin,metalMinedTin,0.0,absent,False
1133,Sn,Tin,metalMinedTin,0.0,absent,False
1134,Sn,Tin,metalMinedTin,0.0,absent,False
1135,Sn,Tin,metalMinedTin,0.0,absent,False
1136,Sn,Tin,metalMinedTin,0.0,absent,False
1137,Sn,Tin,metalMinedTin,0.0,absent,False
1138,Sn,Tin,metalMinedTin,0.0,absent,False
1139,Sn,Tin,metalMinedTin,0.0,absent,False
1140,Sn,Tin,metalMinedTin,0.0,absent,False
1141,Sn,Tin,metalMinedTin,0.0,absent,False
1142,Sn,Tin,metalMinedTin,0.0,absent,False
1143,Sn,Tin,metalMinedTin,0.0,absent,False
1144,Sn,Tin,metalMinedTin,0.0,absent,False
1145,Sn,Tin,metalMinedTin,0.0,absent,False
1146,Sn,Tin,metalMinedTin,0.0,absent,False
1147,Sn,Tin,metalMinedTin,0.0,absent,False
1148,Sn,Tin,metalMinedTin,0.0,absent,False
1150,Sn,Tin,metalMinedTin,0.0,absent,False
1151,Sn,Tin,metalMinedTin,0.0,absent,False
1152,Sn,Tin,metalMinedTin,0.0,absent,False
1153,Sn,Tin,metalMinedTin,0.0,absent,False
1154,Sn,Tin,metalMinedTin,0.0,absent,False
1155,Sn,Tin,metalMinedTin,0.0,absent,False
1156,Sn,Tin,metalMinedTin,0.0,absent,False
1157,Sn,Tin,metalMinedTin,0.0,absent,False
1158,Sn,Tin,metalMinedTin,0.0,absent,False
1159,Sn,Tin,metalMinedTin,0.0,absent,False
1160,Sn,Tin,metalMinedTin,0.0,absent,False
1161,Sn,Tin,metalMinedTin,0.0,absent,False
1162,Sn,Tin,metalMinedTin,0.0,absent,False
1163,Sn,Tin,metalMinedTin,0.0,absent,False
1164,Sn,Tin,metalMinedTin,0.0,absent,False
1165,Sn,Tin,metalMinedTin,0.0,absent,False
1166,Sn,Tin,metalMinedTin,0.0,absent,False
1167,Sn,Tin,metalMinedTin,0.0,absent,False
1168,Sn,Tin,metalMinedTin,0.0,absent,False
1169,Sn,Tin,metalMinedTin,0.0,absent,False
1170,Sn,Tin,metalMinedTin,0.0,absent,False
1171,Sn,Tin,metalMinedTin,0.0,absent,False
1172,Sn,Tin,metalMinedTin,0.0,absent,False
1173,Sn,Tin,metalMinedTin,0.0,absent,False
1174,Sn,Tin,metalMinedTin,0.0,absent,False
1175,Sn,Tin,metalMinedTin,0.0,absent,False
1176,Sn,Tin,metalMinedTin,0.0,absent,False
1177,Sn,Tin,metalMinedTin,0.0,absent,False
1178,Sn,Tin,metalMinedTin,0.0,absent,False
1179,Sn,Tin,metalMinedTin,0.0,absent,False
1180,Sn,Tin,metalMinedTin,0.0,absent,False
1181,Sn,Tin,metalMinedTin,0.0,absent,False
1182,Sn,Tin,metalMinedTin,0.0,absent,False
1183,Sn,Tin,metalMinedTin,0.0,absent,False
1184,Sn,Tin,metalMinedTin,0.0,absent,False
1185,Sn,Tin,metalMinedTin,0.0,absent,False
1186,Sn,Tin,metalMinedTin,0.0,absent,False
1187,Sn,Tin,metalMinedTin,0.0,absent,False
1188,Sn,Tin,metalMinedTin,0.0,absent,False
1189,Sn,Tin,metalMinedTin,0.0,absent,False
1190,Sn,Tin,metalMinedTin,0.0,absent,False
1191,Sn,Tin,metalMinedTin,0.0,absent,False
1192,Sn,Tin,metalMinedTin,0.0,absent,False
1193,Sn,Tin,metalMinedTin,0.0,absent,False
1194,Sn,Tin,metalMinedTin,0.0,absent,False
1195,Sn,Tin,metalMinedTin,0.0,absent,False
1196,Sn,Tin,metalMinedTin,0.0,absent,False
1197,Sn,Tin,metalMinedTin,0.0,absent,False
1200,Sn,Tin,metalMinedTin,0.0,absent,False
1201,Sn,Tin,metalMinedTin,0.0,absent,False
1202,Sn,Tin,metalMinedTin,0.0,absent,False
1203,Sn,Tin,metalMinedTin,0.0,absent,False
1204,Sn,Tin,metalMinedTin,0.0,absent,False
1205,Sn,Tin,metalMinedTin,0.0,absent,False
1206,Sn,Tin,metalMinedTin,0.0,absent,False
1207,Sn,Tin,metalMinedTin,0.0,absent,False
1208,Sn,Tin,metalMinedTin,0.0,absent,False
1209,Sn,Tin,metalMinedTin,0.0,absent,False
1210,Sn,Tin,metalMinedTin,0.0,absent,False
1211,Sn,Tin,metalMinedTin,0.0,absent,False
1212,Sn,Tin,metalMinedTin,0.0,absent,False
1213,Sn,Tin,metalMinedTin,0.0,absent,False
1214,Sn,Tin,metalMinedTin,0.0,absent,False
1215,Sn,Tin,metalMinedTin,0.0,absent,False
1216,Sn,Tin,metalMinedTin,0.0,absent,False
1217,Sn,Tin,metalMinedTin,0.0,absent,False
1218,Sn,Tin,metalMinedTin,0.0,absent,False
1219,Sn,Tin,metalMinedTin,0.0,absent,False
1220,Sn,Tin,metalMinedTin,0.0,absent,False
1221,Sn,Tin,metalMinedTin,0.0,absent,False
1222,Sn,Tin,metalMinedTin,0.0,absent,False
1223,Sn,Tin,metalMinedTin,0.0,absent,False
1224,Sn,Tin,metalMinedTin,0.0,absent,False
1225,Sn,Tin,metalMinedTin,0.0,absent,False
1226,Sn,Tin,metalMinedTin,0.0,absent,False
1227,Sn,Tin,metalMinedTin,0.0,absent,False
1228,Sn,Tin,metalMinedTin,0.0,absent,False
1229,Sn,Tin,metalMinedTin,0.0,absent,False
1230,Sn,Tin,metalMinedTin,0.0,absent,False
1231,Sn,Tin,metalMinedTin,0.0,absent,False
1232,Sn,Tin,metalMinedTin,0.0,absent,False
1233,Sn,Tin,metalMinedTin,0.0,absent,False
1234,Sn,Tin,metalMinedTin,0.0,absent,False
1235,Sn,Tin,metalMinedTin,0.0,absent,False
1236,Sn,Tin,metalMinedTin,0.0,absent,False
1237,Sn,Tin,metalMinedTin,0.0,absent,False
1238,Sn,Tin,metalMinedTin,0.0,absent,False
1239,Sn,Tin,metalMinedTin,0.0,absent,False
1240,Sn,Tin,metalMinedTin,0.0,absent,False
1241,Sn,Tin,metalMinedTin,0.0,absent,False
1242,Sn,Tin,metalMinedTin,0.0,absent,False
1243,Sn,Tin,metalMinedTin,0.0,absent,False
1244,Sn,Tin,metalMinedTin,0.0,absent,False
1245,Sn,Tin,metalMinedTin,0.0,absent,False
1246,Sn,Tin,metalMinedTin,0.0,absent,False
1247,Sn,Tin,metalMinedTin,0.0,absent,False
1248,Sn,Tin,metalMinedTin,0.0,absent,False
1249,Sn,Tin,metalMinedTin,0.0,absent,False
1250,Sn,Tin,metalMinedTin,0.0,absent,False
1251,Sn,Tin,metalMinedTin,0.0,absent,False
1252,Sn,Tin,metalMinedTin,0.0,absent,False
1253,Sn,Tin,metalMinedTin,0.0,absent,False
1254,Sn,Tin,metalMinedTin,0.0,absent,False
1255,Sn,Tin,metalMinedTin,0.0,absent,False
1257,Sn,Tin,metalMinedTin,0.0,absent,False
1258,Sn,Tin,metalMinedTin,0.0,absent,False
1259,Sn,Tin,metalMinedTin,0.0,absent,False
1260,Sn,Tin,metalMinedTin,0.0,absent,False
1261,Sn,Tin,metalMinedTin,0.0,absent,False
1262,Sn,Tin,metalMinedTin,0.0,absent,False
1264,Sn,Tin,metalMinedTin,0.0,absent,False
1265,Sn,Tin,metalMinedTin,0.0,absent,False
1266,Sn,Tin,metalMinedTin,0.0,absent,False
1267,Sn,Tin,metalMinedTin,0.0,absent,False
1268,Sn,Tin,metalMinedTin,0.0,absent,False
1269,Sn,Tin,metalMinedTin,0.0,absent,False
1270,Sn,Tin,metalMinedTin,0.0,absent,False
1271,Sn,Tin,metalMinedTin,0.0,absent,False
1272,Sn,Tin,metalMinedTin,0.0,absent,False
1273,Sn,Tin,metalMinedTin,0.0,absent,False
1274,Sn,Tin,metalMinedTin,0.0,absent,False
1275,Sn,Tin,metalMinedTin,0.0,absent,False
1276,Sn,Tin,metalMinedTin,0.0,absent,False
1277,Sn,Tin,metalMinedTin,0.0,absent,False
1278,Sn,Tin,metalMinedTin,1.0,present,True
1279,Sn,Tin,metalMinedTin,0.0,absent,False
1280,Sn,Tin,metalMinedTin,0.0,absent,False
1281,Sn,Tin,metalMinedTin,0.0,absent,False
1282,Sn,Tin,metalMinedTin,0.0,absent,False
1283,Sn,Tin,metalMinedTin,0.0,absent,False
1284,Sn,Tin,metalMinedTin,0.0,absent,False
1285,Sn,Tin,metalMinedTin,0.0,absent,False
1286,Sn,Tin,metalMinedTin,0.0,absent,False
1287,Sn,Tin,metalMinedTin,0.0,absent,False
1289,Sn,Tin,metalMinedTin,0.0,absent,False
1290,Sn,Tin,metalMinedTin,0.0,absent,False
1292,Sn,Tin,metalMinedTin,0.0,absent,False
1293,Sn,Tin,metalMinedTin,0.0,absent,False
1294,Sn,Tin,metalMinedTin,0.0,absent,False
1295,Sn,Tin,metalMinedTin,0.0,absent,False
1296,Sn,Tin,metalMinedTin,0.0,absent,False
1297,Sn,Tin,metalMinedTin,0.0,absent,False
1298,Sn,Tin,metalMinedTin,0.0,absent,False
1299,Sn,Tin,metalMinedTin,1.0,present,True
1300,Sn,Tin,metalMinedTin,0.0,absent,False
1301,Sn,Tin,metalMinedTin,0.0,absent,False
1302,Sn,Tin,metalMinedTin,0.0,absent,False
1303,Sn,Tin,metalMinedTin,0.0,absent,False
1304,Sn,Tin,metalMinedTin,0.0,absent,False
1305,Sn,Tin,metalMinedTin,0.0,absent,False
1306,Sn,Tin,metalMinedTin,0.0,absent,False
1307,Sn,Tin,metalMinedTin,0.0,absent,False
1308,Sn,Tin,metalMinedTin,0.0,absent,False
1309,Sn,Tin,metalMinedTin,0.0,absent,False
1310,Sn,Tin,metalMinedTin,0.0,absent,False
1311,Sn,Tin,metalMinedTin,0.0,absent,False
1312,Sn,Tin,metalMinedTin,0.0,absent,False
1313,Sn,Tin,metalMinedTin,0.0,absent,False
1314,Sn,Tin,metalMinedTin,0.0,absent,False
1315,Sn,Tin,metalMinedTin,0.0,absent,False
1316,Sn,Tin,metalMinedTin,0.0,absent,False
1317,Sn,Tin,metalMinedTin,0.0,absent,False
1318,Sn,Tin,metalMinedTin,0.0,absent,False
1319,Sn,Tin,metalMinedTin,0.0,absent,False
1320,Sn,Tin,metalMinedTin,0.0,absent,False
1321,Sn,Tin,metalMinedTin,0.0,absent,False
1322,Sn,Tin,metalMinedTin,0.0,absent,False
1323,Sn,Tin,metalMinedTin,0.0,absent,False
1324,Sn,Tin,metalMinedTin,0.0,absent,False
1325,Sn,Tin,metalMinedTin,0.0,absent,False
1326,Sn,Tin,metalMinedTin,0.0,absent,False
1327,Sn,Tin,metalMinedTin,0.0,absent,False
1328,Sn,Tin,metalMinedTin,1.0,present,True
1329,Sn,Tin,metalMinedTin,0.0,absent,False
1330,Sn,Tin,metalMinedTin,0.0,absent,False
1331,Sn,Tin,metalMinedTin,0.0,absent,False
1332,Sn,Tin,metalMinedTin,0.0,absent,False
1333,Sn,Tin,metalMinedTin,0.0,absent,False
1334,Sn,Tin,metalMinedTin,0.0,absent,False
1335,Sn,Tin,metalMinedTin,0.0,absent,False
1336,Sn,Tin,metalMinedTin,0.0,absent,False
1337,Sn,Tin,metalMinedTin,0.0,absent,False
1338,Sn,Tin,metalMinedTin,0.0,absent,False
1339,Sn,Tin,metalMinedTin,0.0,absent,False
1340,Sn,Tin,metalMinedTin,0.0,absent,False
1341,Sn,Tin,metalMinedTin,0.0,absent,False
1342,Sn,Tin,metalMinedTin,0.0,absent,False
1343,Sn,Tin,metalMinedTin,0.0,absent,False
1344,Sn,Tin,metalMinedTin,0.0,absent,False
1345,Sn,Tin,metalMinedTin,0.0,absent,False
1346,Sn,Tin,metalMinedTin,0.0,absent,False
1347,Sn,Tin,metalMinedTin,0.0,absent,False
1348,Sn,Tin,metalMinedTin,0.0,absent,False
1349,Sn,Tin,metalMinedTin,0.0,absent,False
1350,Sn,Tin,metalMinedTin,0.0,absent,False
1351,Sn,Tin,metalMinedTin,0.0,absent,False
1352,Sn,Tin,metalMinedTin,0.0,absent,False
1354,Sn,Tin,metalMinedTin,0.0,absent,False
1355,Sn,Tin,metalMinedTin,0.0,absent,False
1356,Sn,Tin,metalMinedTin,0.0,absent,False
1357,Sn,Tin,metalMinedTin,0.0,absent,False
1358,Sn,Tin,metalMinedTin,0.0,absent,False
1359,Sn,Tin,metalMinedTin,0.0,absent,False
1360,Sn,Tin,metalMinedTin,0.0,absent,False
1361,Sn,Tin,metalMinedTin,0.0,absent,False
1362,Sn,Tin,metalMinedTin,0.0,absent,False
1363,Sn,Tin,metalMinedTin,0.0,absent,False
1364,Sn,Tin,metalMinedTin,0.0,absent,False
1365,Sn,Tin,metalMinedTin,0.0,absent,False
1366,Sn,Tin,metalMinedTin,0.0,absent,False
1367,Sn,Tin,metalMinedTin,0.0,absent,False
1368,Sn,Tin,metalMinedTin,0.0,absent,False
1369,Sn,Tin,metalMinedTin,0.0,absent,False
1370,Sn,Tin,metalMinedTin,0.0,absent,False
1371,Sn,Tin,metalMinedTin,0.0,absent,False
1373,Sn,Tin,metalMinedTin,0.0,absent,False
1374,Sn,Tin,metalMinedTin,0.0,absent,False
1375,Sn,Tin,metalMinedTin,0.0,absent,False
1376,Sn,Tin,metalMinedTin,0.0,absent,False
1377,Sn,Tin,metalMinedTin,0.0,absent,False
1378,Sn,Tin,metalMinedTin,0.0,absent,False
1379,Sn,Tin,metalMinedTin,0.0,absent,False
1380,Sn,Tin,metalMinedTin,0.0,absent,False
1381,Sn,Tin,metalMinedTin,0.0,absent,False
1382,Sn,Tin,metalMinedTin,0.0,absent,False
1383,Sn,Tin,metalMinedTin,0.0,absent,False
1384,Sn,Tin,metalMinedTin,0.0,absent,False
1385,Sn,Tin,metalMinedTin,0.0,absent,False
1386,Sn,Tin,metalMinedTin,0.0,absent,False
1388,Sn,Tin,metalMinedTin,0.0,absent,False
1389,Sn,Tin,metalMinedTin,0.0,absent,False
1390,Sn,Tin,metalMinedTin,0.0,absent,False
1391,Sn,Tin,metalMinedTin,0.0,absent,False
1392,Sn,Tin,metalMinedTin,0.0,absent,False
1393,Sn,Tin,metalMinedTin,0.0,absent,False
1394,Sn,Tin,metalMinedTin,0.0,absent,False
1395,Sn,Tin,metalMinedTin,0.0,absent,False
1396,Sn,Tin,metalMinedTin,0.0,absent,False
1397,Sn,Tin,metalMinedTin,0.0,absent,False
1399,Sn,Tin,metalMinedTin,0.0,absent,False
1400,Sn,Tin,metalMinedTin,0.0,absent,False
1401,Sn,Tin,metalMinedTin,0.0,absent,False
1402,Sn,Tin,metalMinedTin,0.0,absent,False
1403,Sn,Tin,metalMinedTin,0.0,absent,False
1404,Sn,Tin,metalMinedTin,0.0,absent,False
1405,Sn,Tin,metalMinedTin,0.0,absent,False
1406,Sn,Tin,metalMinedTin,0.0,absent,False
1407,Sn,Tin,metalMinedTin,0.0,absent,False
1408,Sn,Tin,metalMinedTin,0.0,absent,False
1409,Sn,Tin,metalMinedTin,0.0,absent,False
1410,Sn,Tin,metalMinedTin,0.0,absent,False
1411,Sn,Tin,metalMinedTin,0.0,absent,False
1412,Sn,Tin,metalMinedTin,0.0,absent,False
1413,Sn,Tin,metalMinedTin,0.0,absent,False
1414,Sn,Tin,metalMinedTin,0.0,absent,False
1415,Sn,Tin,metalMinedTin,0.0,absent,False
1416,Sn,Tin,metalMinedTin,0.0,absent,False
1417,Sn,Tin,metalMinedTin,0.0,absent,False
1418,Sn,Tin,metalMinedTin,0.0,absent,False
1420,Sn,Tin,metalMinedTin,0.0,absent,False
1437,Sn,Tin,metalMinedTin,0.0,absent,False
1447,Sn,Tin,metalMinedTin,0.0,absent,False
1449,Sn,Tin,metalMinedTin,0.0,absent,False
1504,Sn,Tin,metalMinedTin,0.0,absent,False
1627,Sn,Tin,metalMinedTin,0.0,absent,False
1628,Sn,Tin,metalMinedTin,0.0,absent,False
1635,Sn,Tin,metalMinedTin,0.0,absent,False
1636,Sn,Tin,metalMinedTin,0.0,absent,False
1637,Sn,Tin,metalMinedTin,0.0,absent,False
1638,Sn,Tin,metalMinedTin,0.0,absent,False
1639,Sn,Tin,metalMinedTin,0.0,absent,False
1764,Sn,Tin,metalMinedTin,0.0,absent,False
1767,Sn,Tin,metalMinedTin,0.0,absent,False
1768,Sn,Tin,metalMinedTin,0.0,absent,False
1769,Sn,Tin,metalMinedTin,0.0,absent,False
1770,Sn,Tin,metalMinedTin,0.0,absent,False
1771,Sn,Tin,metalMinedTin,0.0,absent,False
1772,Sn,Tin,metalMinedTin,0.0,absent,False
1775,Sn,Tin,metalMinedTin,0.0,absent,False
1776,Sn,Tin,metalMinedTin,0.0,absent,False
1777,Sn,Tin,metalMinedTin,0.0,absent,False
1778,Sn,Tin,metalMinedTin,0.0,absent,False
1779,Sn,Tin,metalMinedTin,0.0,absent,False
1780,Sn,Tin,metalMinedTin,0.0,absent,False
132,Fe,Iron,metalMinedIron,0.0,absent,False
391,Fe,Iron,metalMinedIron,0.0,absent,False
429,Fe,Iron,metalMinedIron,0.0,absent,False
430,Fe,Iron,metalMinedIron,0.0,absent,False
431,Fe,Iron,metalMinedIron,0.0,absent,False
432,Fe,Iron,metalMinedIron,0.0,absent,False
433,Fe,Iron,metalMinedIron,0.0,absent,False
434,Fe,Iron,metalMinedIron,0.0,absent,False
435,Fe,Iron,metalMinedIron,0.0,absent,False
436,Fe,Iron,metalMinedIron,0.0,absent,False
437,Fe,Iron,metalMinedIron,0.0,absent,False
438,Fe,Iron,metalMinedIron,0.0,absent,False
439,Fe,Iron,metalMinedIron,0.0,absent,False
440,Fe,Iron,metalMinedIron,0.0,absent,False
441,Fe,Iron,metalMinedIron,0.0,absent,False
442,Fe,Iron,metalMinedIron,0.0,absent,False
444,Fe,Iron,metalMinedIron,0.0,absent,False
445,Fe,Iron,metalMinedIron,0.0,absent,False
446,Fe,Iron,metalMinedIron,0.0,absent,False
447,Fe,Iron,metalMinedIron,0.0,absent,False
448,Fe,Iron,metalMinedIron,0.0,absent,False
449,Fe,Iron,metalMinedIron,0.0,absent,False
450,Fe,Iron,metalMinedIron,0.0,absent,False
451,Fe,Iron,metalMinedIron,1.0,present,True
452,Fe,Iron,metalMinedIron,0.0,absent,False
453,Fe,Iron,metalMinedIron,0.0,absent,False
454,Fe,Iron,metalMinedIron,0.0,absent,False
455,Fe,Iron,metalMinedIron,0.0,absent,False
456,Fe,Iron,metalMinedIron,0.0,absent,False
457,Fe,Iron,metalMinedIron,0.0,absent,False
458,Fe,Iron,metalMinedIron,0.0,absent,False
459,Fe,Iron,metalMinedIron,0.0,absent,False
460,Fe,Iron,metalMinedIron,0.0,absent,False
461,Fe,Iron,metalMinedIron,0.0,absent,False
462,Fe,Iron,metalMinedIron,0.0,absent,False
463,Fe,Iron,metalMinedIron,0.0,absent,False
464,Fe,Iron,metalMinedIron,0.0,absent,False
465,Fe,Iron,metalMinedIron,0.0,absent,False
466,Fe,Iron,metalMinedIron,0.0,absent,False
467,Fe,Iron,metalMinedIron,0.0,absent,False
468,Fe,Iron,metalMinedIron,0.0,absent,False
469,Fe,Iron,metalMinedIron,0.0,absent,False
470,Fe,Iron,metalMinedIron,0.0,absent,False
471,Fe,Iron,metalMinedIron,0.0,absent,False
472,Fe,Iron,metalMinedIron,0.0,absent,False
473,Fe,Iron,metalMinedIron,0.0,absent,False
474,Fe,Iron,metalMinedIron,0.0,absent,False
475,Fe,Iron,metalMinedIron,0.0,absent,False
476,Fe,Iron,metalMinedIron,0.0,absent,False
477,Fe,Iron,metalMinedIron,0.0,absent,False
478,Fe,Iron,metalMinedIron,0.0,absent,False
479,Fe,Iron,metalMinedIron,0.0,absent,False
480,Fe,Iron,metalMinedIron,0.0,absent,False
481,Fe,Iron,metalMinedIron,0.0,absent,False
482,Fe,Iron,metalMinedIron,0.0,absent,False
483,Fe,Iron,metalMinedIron,0.0,absent,False
484,Fe,Iron,metalMinedIron,0.0,absent,False
486,Fe,Iron,metalMinedIron,0.0,absent,False
487,Fe,Iron,metalMinedIron,0.0,absent,False
488,Fe,Iron,metalMinedIron,0.0,absent,False
489,Fe,Iron,metalMinedIron,0.0,absent,False
490,Fe,Iron,metalMinedIron,0.0,absent,False
491,Fe,Iron,metalMinedIron,0.0,absent,False
492,Fe,Iron,metalMinedIron,0.0,absent,False
493,Fe,Iron,metalMinedIron,0.0,absent,False
494,Fe,Iron,metalMinedIron,0.0,absent,False
495,Fe,Iron,metalMinedIron,0.0,absent,False
496,Fe,Iron,metalMinedIron,0.0,absent,False
497,Fe,Iron,metalMinedIron,0.0,absent,False
498,Fe,Iron,metalMinedIron,0.0,absent,False
499,Fe,Iron,metalMinedIron,0.0,absent,False
500,Fe,Iron,metalMinedIron,0.0,absent,False
501,Fe,Iron,metalMinedIron,0.0,absent,False
502,Fe,Iron,metalMinedIron,0.0,absent,False
503,Fe,Iron,metalMinedIron,1.0,present,True
504,Fe,Iron,metalMinedIron,0.0,absent,False
505,Fe,Iron,metalMinedIron,0.0,absent,False
506,Fe,Iron,metalMinedIron,0.0,absent,False
507,Fe,Iron,metalMinedIron,0.0,absent,False
508,Fe,Iron,metalMinedIron,0.0,absent,False
509,Fe,Iron,metalMinedIron,0.0,absent,False
510,Fe,Iron,metalMinedIron,0.0,absent,False
511,Fe,Iron,metalMinedIron,0.0,absent,False
512,Fe,Iron,metalMinedIron,1.0,present,True
513,Fe,Iron,metalMinedIron,0.0,absent,False
514,Fe,Iron,metalMinedIron,0.0,absent,False
515,Fe,Iron,metalMinedIron,0.0,absent,False
516,Fe,Iron,metalMinedIron,1.0,present,True
517,Fe,Iron,metalMinedIron,0.0,absent,False
518,Fe,Iron,metalMinedIron,0.0,absent,False
519,Fe,Iron,metalMinedIron,0.0,absent,False
520,Fe,Iron,metalMinedIron,0.0,absent,False
521,Fe,Iron,metalMinedIron,0.0,absent,False
523,Fe,Iron,metalMinedIron,0.0,absent,False
524,Fe,Iron,metalMinedIron,0.0,absent,False
525,Fe,Iron,metalMinedIron,0.0,absent,False
526,Fe,Iron,metalMinedIron,0.0,absent,False
527,Fe,Iron,metalMinedIron,0.0,absent,False
528,Fe,Iron,metalMinedIron,0.0,absent,False
529,Fe,Iron,metalMinedIron,0.0,absent,False
530,Fe,Iron,metalMinedIron,0.0,absent,False
531,Fe,Iron,metalMinedIron,0.0,absent,False
532,Fe,Iron,metalMinedIron,0.0,absent,False
533,Fe,Iron,metalMinedIron,0.0,absent,False
535,Fe,Iron,metalMinedIron,0.0,absent,False
536,Fe,Iron,metalMinedIron,0.0,absent,False
537,Fe,Iron,metalMinedIron,0.0,absent,False
538,Fe,Iron,metalMinedIron,0.0,absent,False
539,Fe,Iron,metalMinedIron,0.0,absent,False
540,Fe,Iron,metalMinedIron,0.0,absent,False
541,Fe,Iron,metalMinedIron,0.0,absent,False
542,Fe,Iron,metalMinedIron,0.0,absent,False
543,Fe,Iron,metalMinedIron,0.0,absent,False
545,Fe,Iron,metalMinedIron,0.0,absent,False
547,Fe,Iron,metalMinedIron,0.0,absent,False
548,Fe,Iron,metalMinedIron,0.0,absent,False
549,Fe,Iron,metalMinedIron,0.0,absent,False
550,Fe,Iron,metalMinedIron,0.0,absent,False
551,Fe,Iron,metalMinedIron,0.0,absent,False
552,Fe,Iron,metalMinedIron,0.0,absent,False
553,Fe,Iron,metalMinedIron,0.0,absent,False
554,Fe,Iron,metalMinedIron,0.0,absent,False
555,Fe,Iron,metalMinedIron,0.0,absent,False
556,Fe,Iron,metalMinedIron,0.0,absent,False
557,Fe,Iron,metalMinedIron,0.0,absent,False
558,Fe,Iron,metalMinedIron,0.0,absent,False
559,Fe,Iron,metalMinedIron,0.0,absent,False
560,Fe,Iron,metalMinedIron,0.0,absent,False
561,Fe,Iron,metalMinedIron,0.0,absent,False
563,Fe,Iron,metalMinedIron,0.0,absent,False
564,Fe,Iron,metalMinedIron,0.0,absent,False
565,Fe,Iron,metalMinedIron,0.0,absent,False
566,Fe,Iron,metalMinedIron,0.0,absent,False
567,Fe,Iron,metalMinedIron,0.0,absent,False
568,Fe,Iron,metalMinedIron,0.0,absent,False
569,Fe,Iron,metalMinedIron,0.0,absent,False
570,Fe,Iron,metalMinedIron,0.0,absent,False
571,Fe,Iron,metalMinedIron,0.0,absent,False
572,Fe,Iron,metalMinedIron,0.0,absent,False
573,Fe,Iron,metalMinedIron,0.0,absent,False
574,Fe,Iron,metalMinedIron,0.0,absent,False
575,Fe,Iron,metalMinedIron,0.0,absent,False
576,Fe,Iron,metalMinedIron,0.0,absent,False
577,Fe,Iron,metalMinedIron,1.0,present,True
578,Fe,Iron,metalMinedIron,0.0,absent,False
579,Fe,Iron,metalMinedIron,0.0,absent,False
580,Fe,Iron,metalMinedIron,0.0,absent,False
581,Fe,Iron,metalMinedIron,0.0,absent,False
582,Fe,Iron,metalMinedIron,0.0,absent,False
583,Fe,Iron,metalMinedIron,0.0,absent,False
584,Fe,Iron,metalMinedIron,0.0,absent,False
585,Fe,Iron,metalMinedIron,0.0,absent,False
586,Fe,Iron,metalMinedIron,0.0,absent,False
587,Fe,Iron,metalMinedIron,0.0,absent,False
588,Fe,Iron,metalMinedIron,0.0,absent,False
589,Fe,Iron,metalMinedIron,0.0,absent,False
590,Fe,Iron,metalMinedIron,0.0,absent,False
591,Fe,Iron,metalMinedIron,0.0,absent,False
592,Fe,Iron,metalMinedIron,0.0,absent,False
593,Fe,Iron,metalMinedIron,0.0,absent,False
594,Fe,Iron,metalMinedIron,0.0,absent,False
595,Fe,Iron,metalMinedIron,0.0,absent,False
596,Fe,Iron,metalMinedIron,0.0,absent,False
597,Fe,Iron,metalMinedIron,0.0,absent,False
598,Fe,Iron,metalMinedIron,0.0,absent,False
599,Fe,Iron,metalMinedIron,0.0,absent,False
601,Fe,Iron,metalMinedIron,0.0,absent,False
602,Fe,Iron,metalMinedIron,0.0,absent,False
603,Fe,Iron,metalMinedIron,0.0,absent,False
604,Fe,Iron,metalMinedIron,0.0,absent,False
605,Fe,Iron,metalMinedIron,0.0,absent,False
606,Fe,Iron,metalMinedIron,0.0,absent,False
607,Fe,Iron,metalMinedIron,0.0,absent,False
608,Fe,Iron,metalMinedIron,0.0,absent,False
609,Fe,Iron,metalMinedIron,0.0,absent,False
610,Fe,Iron,metalMinedIron,0.0,absent,False
612,Fe,Iron,metalMinedIron,0.0,absent,False
613,Fe,Iron,metalMinedIron,0.0,absent,False
614,Fe,Iron,metalMinedIron,0.0,absent,False
615,Fe,Iron,metalMinedIron,0.0,absent,False
616,Fe,Iron,metalMinedIron,0.0,absent,False
617,Fe,Iron,metalMinedIron,0.0,absent,False
618,Fe,Iron,metalMinedIron,0.0,absent,False
619,Fe,Iron,metalMinedIron,0.0,absent,False
620,Fe,Iron,metalMinedIron,0.0,absent,False
623,Fe,Iron,metalMinedIron,0.0,absent,False
624,Fe,Iron,metalMinedIron,0.0,absent,False
625,Fe,Iron,metalMinedIron,0.0,absent,False
626,Fe,Iron,metalMinedIron,0.0,absent,False
627,Fe,Iron,metalMinedIron,0.0,absent,False
629,Fe,Iron,metalMinedIron,0.0,absent,False
630,Fe,Iron,metalMinedIron,0.0,absent,False
631,Fe,Iron,metalMinedIron,0.0,absent,False
632,Fe,Iron,metalMinedIron,0.0,absent,False
633,Fe,Iron,metalMinedIron,0.0,absent,False
634,Fe,Iron,metalMinedIron,0.0,absent,False
635,Fe,Iron,metalMinedIron,0.0,absent,False
636,Fe,Iron,metalMinedIron,0.0,absent,False
637,Fe,Iron,metalMinedIron,0.0,absent,False
638,Fe,Iron,metalMinedIron,0.0,absent,False
639,Fe,Iron,metalMinedIron,0.0,absent,False
640,Fe,Iron,metalMinedIron,0.0,absent,False
641,Fe,Iron,metalMinedIron,0.0,absent,False
642,Fe,Iron,metalMinedIron,0.0,absent,False
643,Fe,Iron,metalMinedIron,0.0,absent,False
644,Fe,Iron,metalMinedIron,0.0,absent,False
645,Fe,Iron,metalMinedIron,0.0,absent,False
646,Fe,Iron,metalMinedIron,0.0,absent,False
647,Fe,Iron,metalMinedIron,0.0,absent,False
648,Fe,Iron,metalMinedIron,0.0,absent,False
649,Fe,Iron,metalMinedIron,0.0,absent,False
650,Fe,Iron,metalMinedIron,0.0,absent,False
651,Fe,Iron,metalMinedIron,0.0,absent,False
652,Fe,Iron,metalMinedIron,0.0,absent,False
653,Fe,Iron,metalMinedIron,0.0,absent,False
654,Fe,Iron,metalMinedIron,0.0,absent,False
655,Fe,Iron,metalMinedIron,1.0,present,True
656,Fe,Iron,metalMinedIron,0.0,absent,False
657,Fe,Iron,metalMinedIron,0.0,absent,False
658,Fe,Iron,metalMinedIron,0.0,absent,False
659,Fe,Iron,metalMinedIron,0.0,absent,False
660,Fe,Iron,metalMinedIron,0.0,absent,False
661,Fe,Iron,metalMinedIron,0.0,absent,False
662,Fe,Iron,metalMinedIron,0.0,absent,False
663,Fe,Iron,metalMinedIron,0.0,absent,False
664,Fe,Iron,metalMinedIron,0.0,absent,False
665,Fe,Iron,metalMinedIron,0.0,absent,False
666,Fe,Iron,metalMinedIron,0.0,absent,False
667,Fe,Iron,metalMinedIron,0.0,absent,False
668,Fe,Iron,metalMinedIron,0.0,absent,False
669,Fe,Iron,metalMinedIron,0.0,absent,False
670,Fe,Iron,metalMinedIron,0.0,absent,False
671,Fe,Iron,metalMinedIron,0.0,absent,False
672,Fe,Iron,metalMinedIron,0.0,absent,False
673,Fe,Iron,metalMinedIron,0.0,absent,False
674,Fe,Iron,metalMinedIron,0.0,absent,False
675,Fe,Iron,metalMinedIron,0.0,absent,False
676,Fe,Iron,metalMinedIron,0.0,absent,False
677,Fe,Iron,metalMinedIron,0.0,absent,False
678,Fe,Iron,metalMinedIron,0.0,absent,False
680,Fe,Iron,metalMinedIron,0.0,absent,False
681,Fe,Iron,metalMinedIron,0.0,absent,False
682,Fe,Iron,metalMinedIron,0.0,absent,False
683,Fe,Iron,metalMinedIron,0.0,absent,False
684,Fe,Iron,metalMinedIron,0.0,absent,False
686,Fe,Iron,metalMinedIron,0.0,absent,False
687,Fe,Iron,metalMinedIron,0.0,absent,False
688,Fe,Iron,metalMinedIron,0.0,absent,False
689,Fe,Iron,metalMinedIron,0.0,absent,False
690,Fe,Iron,metalMinedIron,0.0,absent,False
692,Fe,Iron,metalMinedIron,0.0,absent,False
693,Fe,Iron,metalMinedIron,0.0,absent,False
694,Fe,Iron,metalMinedIron,0.0,absent,False
695,Fe,Iron,metalMinedIron,0.0,absent,False
696,Fe,Iron,metalMinedIron,0.0,absent,False
697,Fe,Iron,metalMinedIron,0.0,absent,False
698,Fe,Iron,metalMinedIron,0.0,absent,False
699,Fe,Iron,metalMinedIron,0.0,absent,False
700,Fe,Iron,metalMinedIron,0.0,absent,False
701,Fe,Iron,metalMinedIron,0.0,absent,False
702,Fe,Iron,metalMinedIron,0.0,absent,False
703,Fe,Iron,metalMinedIron,0.0,absent,False
705,Fe,Iron,metalMinedIron,0.0,absent,False
706,Fe,Iron,metalMinedIron,0.0,absent,False
707,Fe,Iron,metalMinedIron,0.0,absent,False
708,Fe,Iron,metalMinedIron,0.0,absent,False
709,Fe,Iron,metalMinedIron,0.0,absent,False
710,Fe,Iron,metalMinedIron,0.0,absent,False
711,Fe,Iron,metalMinedIron,0.0,absent,False
712,Fe,Iron,metalMinedIron,0.0,absent,False
713,Fe,Iron,metalMinedIron,0.0,absent,False
715,Fe,Iron,metalMinedIron,0.0,absent,False
716,Fe,Iron,metalMinedIron,0.0,absent,False
717,Fe,Iron,metalMinedIron,0.0,absent,False
718,Fe,Iron,metalMinedIron,0.0,absent,False
719,Fe,Iron,metalMinedIron,0.0,absent,False
720,Fe,Iron,metalMinedIron,0.0,absent,False
721,Fe,Iron,metalMinedIron,0.0,absent,False
722,Fe,Iron,metalMinedIron,0.0,absent,False
723,Fe,Iron,metalMinedIron,0.0,absent,False
724,Fe,Iron,metalMinedIron,0.0,absent,False
725,Fe,Iron,metalMinedIron,0.0,absent,False
726,Fe,Iron,metalMinedIron,0.0,absent,False
727,Fe,Iron,metalMinedIron,0.0,absent,False
728,Fe,Iron,metalMinedIron,0.0,absent,False
730,Fe,Iron,metalMinedIron,0.0,absent,False
731,Fe,Iron,metalMinedIron,0.0,absent,False
732,Fe,Iron,metalMinedIron,0.0,absent,False
733,Fe,Iron,metalMinedIron,0.0,absent,False
734,Fe,Iron,metalMinedIron,0.0,absent,False
735,Fe,Iron,metalMinedIron,0.0,absent,False
736,Fe,Iron,metalMinedIron,0.0,absent,False
737,Fe,Iron,metalMinedIron,0.0,absent,False
738,Fe,Iron,metalMinedIron,0.0,absent,False
739,Fe,Iron,metalMinedIron,0.0,absent,False
740,Fe,Iron,metalMinedIron,0.0,absent,False
741,Fe,Iron,metalMinedIron,0.0,absent,False
742,Fe,Iron,metalMinedIron,0.0,absent,False
743,Fe,Iron,metalMinedIron,0.0,absent,False
744,Fe,Iron,metalMinedIron,0.0,absent,False
745,Fe,Iron,metalMinedIron,0.0,absent,False
746,Fe,Iron,metalMinedIron,0.0,absent,False
747,Fe,Iron,metalMinedIron,0.0,absent,False
748,Fe,Iron,metalMinedIron,0.0,absent,False
749,Fe,Iron,metalMinedIron,0.0,absent,False
750,Fe,Iron,metalMinedIron,0.0,absent,False
752,Fe,Iron,metalMinedIron,0.0,absent,False
753,Fe,Iron,metalMinedIron,0.0,absent,False
754,Fe,Iron,metalMinedIron,0.0,absent,False
755,Fe,Iron,metalMinedIron,0.0,absent,False
757,Fe,Iron,metalMinedIron,0.0,absent,False
758,Fe,Iron,metalMinedIron,0.0,absent,False
759,Fe,Iron,metalMinedIron,1.0,present,True
760,Fe,Iron,metalMinedIron,0.0,absent,False
762,Fe,Iron,metalMinedIron,0.0,absent,False
763,Fe,Iron,metalMinedIron,0.0,absent,False
764,Fe,Iron,metalMinedIron,0.0,absent,False
765,Fe,Iron,metalMinedIron,0.0,absent,False
767,Fe,Iron,metalMinedIron,0.0,absent,False
768,Fe,Iron,metalMinedIron,0.0,absent,False
769,Fe,Iron,metalMinedIron,0.0,absent,False
770,Fe,Iron,metalMinedIron,0.0,absent,False
772,Fe,Iron,metalMinedIron,0.0,absent,False
773,Fe,Iron,metalMinedIron,0.0,absent,False
774,Fe,Iron,metalMinedIron,0.0,absent,False
775,Fe,Iron,metalMinedIron,0.0,absent,False
776,Fe,Iron,metalMinedIron,0.0,absent,False
777,Fe,Iron,metalMinedIron,0.0,absent,False
778,Fe,Iron,metalMinedIron,0.0,absent,False
779,Fe,Iron,metalMinedIron,0.0,absent,False
780,Fe,Iron,metalMinedIron,0.0,absent,False
781,Fe,Iron,metalMinedIron,0.0,absent,False
782,Fe,Iron,metalMinedIron,0.0,absent,False
783,Fe,Iron,metalMinedIron,0.0,absent,False
784,Fe,Iron,metalMinedIron,0.0,absent,False
785,Fe,Iron,metalMinedIron,0.0,absent,False
786,Fe,Iron,metalMinedIron,0.0,absent,False
787,Fe,Iron,metalMinedIron,0.0,absent,False
788,Fe,Iron,metalMinedIron,0.0,absent,False
789,Fe,Iron,metalMinedIron,0.0,absent,False
790,Fe,Iron,metalMinedIron,0.0,absent,False
791,Fe,Iron,metalMinedIron,0.0,absent,False
792,Fe,Iron,metalMinedIron,0.0,absent,False
793,Fe,Iron,metalMinedIron,0.0,absent,False
794,Fe,Iron,metalMinedIron,0.0,absent,False
795,Fe,Iron,metalMinedIron,0.0,absent,False
796,Fe,Iron,metalMinedIron,0.0,absent,False
797,Fe,Iron,metalMinedIron,0.0,absent,False
798,Fe,Iron,metalMinedIron,0.0,absent,False
799,Fe,Iron,metalMinedIron,0.0,absent,False
800,Fe,Iron,metalMinedIron,0.0,absent,False
802,Fe,Iron,metalMinedIron,0.0,absent,False
803,Fe,Iron,metalMinedIron,0.0,absent,False
805,Fe,Iron,metalMinedIron,0.0,absent,False
806,Fe,Iron,metalMinedIron,0.0,absent,False
807,Fe,Iron,metalMinedIron,0.0,absent,False
808,Fe,Iron,metalMinedIron,0.0,absent,False
809,Fe,Iron,metalMinedIron,0.0,absent,False
810,Fe,Iron,metalMinedIron,0.0,absent,False
811,Fe,Iron,metalMinedIron,0.0,absent,False
812,Fe,Iron,metalMinedIron,0.0,absent,False
813,Fe,Iron,metalMinedIron,0.0,absent,False
814,Fe,Iron,metalMinedIron,0.0,absent,False
816,Fe,Iron,metalMinedIron,0.0,absent,False
817,Fe,Iron,metalMinedIron,0.0,absent,False
818,Fe,Iron,metalMinedIron,0.0,absent,False
820,Fe,Iron,metalMinedIron,0.0,absent,False
821,Fe,Iron,metalMinedIron,0.0,absent,False
822,Fe,Iron,metalMinedIron,0.0,absent,False
823,Fe,Iron,metalMinedIron,0.0,absent,False
824,Fe,Iron,metalMinedIron,0.0,absent,False
825,Fe,Iron,metalMinedIron,0.0,absent,False
826,Fe,Iron,metalMinedIron,0.0,absent,False
827,Fe,Iron,metalMinedIron,0.0,absent,False
828,Fe,Iron,metalMinedIron,0.0,absent,False
829,Fe,Iron,metalMinedIron,0.0,absent,False
830,Fe,Iron,metalMinedIron,0.0,absent,False
831,Fe,Iron,metalMinedIron,0.0,absent,False
832,Fe,Iron,metalMinedIron,0.0,absent,False
833,Fe,Iron,metalMinedIron,0.0,absent,False
836,Fe,Iron,metalMinedIron,0.0,absent,False
837,Fe,Iron,metalMinedIron,0.0,absent,False
838,Fe,Iron,metalMinedIron,0.0,absent,False
839,Fe,Iron,metalMinedIron,0.0,absent,False
840,Fe,Iron,metalMinedIron,0.0,absent,False
841,Fe,Iron,metalMinedIron,0.0,absent,False
842,Fe,Iron,metalMinedIron,0.0,absent,False
843,Fe,Iron,metalMinedIron,0.0,absent,False
844,Fe,Iron,metalMinedIron,0.0,absent,False
845,Fe,Iron,metalMinedIron,0.0,absent,False
846,Fe,Iron,metalMinedIron,0.0,absent,False
848,Fe,Iron,metalMinedIron,0.0,absent,False
849,Fe,Iron,metalMinedIron,0.0,absent,False
850,Fe,Iron,metalMinedIron,0.0,absent,False
851,Fe,Iron,metalMinedIron,0.0,absent,False
853,Fe,Iron,metalMinedIron,0.0,absent,False
854,Fe,Iron,metalMinedIron,0.0,absent,False
855,Fe,Iron,metalMinedIron,0.0,absent,False
856,Fe,Iron,metalMinedIron,0.0,absent,False
857,Fe,Iron,metalMinedIron,0.0,absent,False
859,Fe,Iron,metalMinedIron,0.0,absent,False
860,Fe,Iron,metalMinedIron,0.0,absent,False
865,Fe,Iron,metalMinedIron,0.0,absent,False
866,Fe,Iron,metalMinedIron,0.0,absent,False
867,Fe,Iron,metalMinedIron,0.0,absent,False
868,Fe,Iron,metalMinedIron,0.0,absent,False
869,Fe,Iron,metalMinedIron,0.0,absent,False
870,Fe,Iron,metalMinedIron,0.0,absent,False
871,Fe,Iron,metalMinedIron,0.0,absent,False
872,Fe,Iron,metalMinedIron,0.0,absent,False
873,Fe,Iron,metalMinedIron,0.0,absent,False
875,Fe,Iron,metalMinedIron,0.0,absent,False
876,Fe,Iron,metalMinedIron,0.0,absent,False
878,Fe,Iron,metalMinedIron,0.0,absent,False
879,Fe,Iron,metalMinedIron,0.0,absent,False
880,Fe,Iron,metalMinedIron,0.0,absent,False
881,Fe,Iron,metalMinedIron,0.0,absent,False
882,Fe,Iron,metalMinedIron,0.0,absent,False
884,Fe,Iron,metalMinedIron,0.0,absent,False
885,Fe,Iron,metalMinedIron,0.0,absent,False
886,Fe,Iron,metalMinedIron,0.0,absent,False
887,Fe,Iron,metalMinedIron,0.0,absent,False
888,Fe,Iron,metalMinedIron,0.0,absent,False
889,Fe,Iron,metalMinedIron,0.0,absent,False
890,Fe,Iron,metalMinedIron,0.0,absent,False
893,Fe,Iron,metalMinedIron,0.0,absent,False
895,Fe,Iron,metalMinedIron,0.0,absent,False
896,Fe,Iron,metalMinedIron,0.0,absent,False
897,Fe,Iron,metalMinedIron,0.0,absent,False
899,Fe,Iron,metalMinedIron,0.0,absent,False
900,Fe,Iron,metalMinedIron,0.0,absent,False
901,Fe,Iron,metalMinedIron,0.0,absent,False
902,Fe,Iron,metalMinedIron,0.0,absent,False
904,Fe,Iron,metalMinedIron,0.0,absent,False
905,Fe,Iron,metalMinedIron,0.0,absent,False
906,Fe,Iron,metalMinedIron,0.0,absent,False
908,Fe,Iron,metalMinedIron,0.0,absent,False
909,Fe,Iron,metalMinedIron,0.0,absent,False
910,Fe,Iron,metalMinedIron,0.0,absent,False
911,Fe,Iron,metalMinedIron,0.0,absent,False
912,Fe,Iron,metalMinedIron,0.0,absent,False
913,Fe,Iron,metalMinedIron,0.0,absent,False
914,Fe,Iron,metalMinedIron,0.0,absent,False
915,Fe,Iron,metalMinedIron,0.0,absent,False
918,Fe,Iron,metalMinedIron,0.0,absent,False
919,Fe,Iron,metalMinedIron,0.0,absent,False
920,Fe,Iron,metalMinedIron,0.0,absent,False
921,Fe,Iron,metalMinedIron,0.0,absent,False
922,Fe,Iron,metalMinedIron,0.0,absent,False
923,Fe,Iron,metalMinedIron,0.0,absent,False
924,Fe,Iron,metalMinedIron,0.0,absent,False
925,Fe,Iron,metalMinedIron,0.0,absent,False
926,Fe,Iron,metalMinedIron,0.0,absent,False
927,Fe,Iron,metalMinedIron,0.0,absent,False
929,Fe,Iron,metalMinedIron,0.0,absent,False
930,Fe,Iron,metalMinedIron,0.0,absent,False
932,Fe,Iron,metalMinedIron,0.0,absent,False
933,Fe,Iron,metalMinedIron,0.0,absent,False
934,Fe,Iron,metalMinedIron,0.0,absent,False
935,Fe,Iron,metalMinedIron,0.0,absent,False
936,Fe,Iron,metalMinedIron,0.0,absent,False
937,Fe,Iron,metalMinedIron,0.0,absent,False
938,Fe,Iron,metalMinedIron,0.0,absent,False
941,Fe,Iron,metalMinedIron,0.0,absent,False
942,Fe,Iron,metalMinedIron,0.0,absent,False
943,Fe,Iron,metalMinedIron,0.0,absent,False
944,Fe,Iron,metalMinedIron,0.0,absent,False
945,Fe,Iron,metalMinedIron,0.0,absent,False
946,Fe,Iron,metalMinedIron,0.0,absent,False
947,Fe,Iron,metalMinedIron,0.0,absent,False
948,Fe,Iron,metalMinedIron,0.0,absent,False
950,Fe,Iron,metalMinedIron,0.0,absent,False
951,Fe,Iron,metalMinedIron,0.0,absent,False
952,Fe,Iron,metalMinedIron,0.0,absent,False
953,Fe,Iron,metalMinedIron,0.0,absent,False
954,Fe,Iron,metalMinedIron,0.0,absent,False
955,Fe,Iron,metalMinedIron,0.0,absent,False
956,Fe,Iron,metalMinedIron,0.0,absent,False
957,Fe,Iron,metalMinedIron,0.0,absent,False
958,Fe,Iron,metalMinedIron,0.0,absent,False
963,Fe,Iron,metalMinedIron,0.0,absent,False
964,Fe,Iron,metalMinedIron,0.0,absent,False
965,Fe,Iron,metalMinedIron,0.0,absent,False
966,Fe,Iron,metalMinedIron,0.0,absent,False
967,Fe,Iron,metalMinedIron,0.0,absent,False
968,Fe,Iron,metalMinedIron,0.0,absent,False
969,Fe,Iron,metalMinedIron,0.0,absent,False
970,Fe,Iron,metalMinedIron,0.0,absent,False
971,Fe,Iron,metalMinedIron,0.0,absent,False
972,Fe,Iron,metalMinedIron,0.0,absent,False
973,Fe,Iron,metalMinedIron,0.0,absent,False
974,Fe,Iron,metalMinedIron,0.0,absent,False
977,Fe,Iron,metalMinedIron,0.0,absent,False
978,Fe,Iron,metalMinedIron,0.0,absent,False
979,Fe,Iron,metalMinedIron,0.0,absent,False
980,Fe,Iron,metalMinedIron,0.0,absent,False
981,Fe,Iron,metalMinedIron,0.0,absent,False
982,Fe,Iron,metalMinedIron,0.0,absent,False
983,Fe,Iron,metalMinedIron,0.0,absent,False
984,Fe,Iron,metalMinedIron,0.0,absent,False
985,Fe,Iron,metalMinedIron,0.0,absent,False
986,Fe,Iron,metalMinedIron,0.0,absent,False
987,Fe,Iron,metalMinedIron,0.0,absent,False
988,Fe,Iron,metalMinedIron,0.0,absent,False
989,Fe,Iron,metalMinedIron,0.0,absent,False
990,Fe,Iron,metalMinedIron,0.0,absent,False
993,Fe,Iron,metalMinedIron,0.0,absent,False
995,Fe,Iron,metalMinedIron,0.0,absent,False
996,Fe,Iron,metalMinedIron,0.0,absent,False
997,Fe,Iron,metalMinedIron,0.0,absent,False
998,Fe,Iron,metalMinedIron,0.0,absent,False
999,Fe,Iron,metalMinedIron,0.0,absent,False
1000,Fe,Iron,metalMinedIron,0.0,absent,False
1001,Fe,Iron,metalMinedIron,1.0,present,True
1002,Fe,Iron,metalMinedIron,0.0,absent,False
1003,Fe,Iron,metalMinedIron,0.0,absent,False
1004,Fe,Iron,metalMinedIron,0.0,absent,False
1005,Fe,Iron,metalMinedIron,0.0,absent,False
1007,Fe,Iron,metalMinedIron,0.0,absent,False
1008,Fe,Iron,metalMinedIron,0.0,absent,False
1009,Fe,Iron,metalMinedIron,0.0,absent,False
1010,Fe,Iron,metalMinedIron,1.0,present,True
1011,Fe,Iron,metalMinedIron,0.0,absent,False
1012,Fe,Iron,metalMinedIron,0.0,absent,False
1013,Fe,Iron,metalMinedIron,0.0,absent,False
1015,Fe,Iron,metalMinedIron,0.0,absent,False
1016,Fe,Iron,metalMinedIron,0.0,absent,False
1017,Fe,Iron,metalMinedIron,0.0,absent,False
1018,Fe,Iron,metalMinedIron,0.0,absent,False
1019,Fe,Iron,metalMinedIron,0.0,absent,False
1020,Fe,Iron,metalMinedIron,0.0,absent,False
1021,Fe,Iron,metalMinedIron,0.0,absent,False
1022,Fe,Iron,metalMinedIron,0.0,absent,False
1023,Fe,Iron,metalMinedIron,0.0,absent,False
1024,Fe,Iron,metalMinedIron,0.0,absent,False
1025,Fe,Iron,metalMinedIron,0.0,absent,False
1026,Fe,Iron,metalMinedIron,0.0,absent,False
1029,Fe,Iron,metalMinedIron,0.0,absent,False
1030,Fe,Iron,metalMinedIron,0.0,absent,False
1031,Fe,Iron,metalMinedIron,0.0,absent,False
1032,Fe,Iron,metalMinedIron,0.0,absent,False
1033,Fe,Iron,metalMinedIron,0.0,absent,False
1034,Fe,Iron,metalMinedIron,0.0,absent,False
1035,Fe,Iron,metalMinedIron,0.0,absent,False
1036,Fe,Iron,metalMinedIron,0.0,absent,False
1038,Fe,Iron,metalMinedIron,0.0,absent,False
1040,Fe,Iron,metalMinedIron,0.0,absent,False
1041,Fe,Iron,metalMinedIron,0.0,absent,False
1042,Fe,Iron,metalMinedIron,0.0,absent,False
1043,Fe,Iron,metalMinedIron,1.0,present,True
1044,Fe,Iron,metalMinedIron,0.0,absent,False
1045,Fe,Iron,metalMinedIron,0.0,absent,False
1046,Fe,Iron,metalMinedIron,0.0,absent,False
1047,Fe,Iron,metalMinedIron,0.0,absent,False
1048,Fe,Iron,metalMinedIron,0.0,absent,False
1049,Fe,Iron,metalMinedIron,0.0,absent,False
1051,Fe,Iron,metalMinedIron,0.0,absent,False
1052,Fe,Iron,metalMinedIron,0.0,absent,False
1053,Fe,Iron,metalMinedIron,0.0,absent,False
1054,Fe,Iron,metalMinedIron,0.0,absent,False
1055,Fe,Iron,metalMinedIron,0.0,absent,False
1056,Fe,Iron,metalMinedIron,0.0,absent,False
1057,Fe,Iron,metalMinedIron,0.0,absent,False
1058,Fe,Iron,metalMinedIron,0.0,absent,False
1059,Fe,Iron,metalMinedIron,0.0,absent,False
1060,Fe,Iron,metalMinedIron,0.0,absent,False
1061,Fe,Iron,metalMinedIron,0.0,absent,False
1062,Fe,Iron,metalMinedIron,0.0,absent,False
1063,Fe,Iron,metalMinedIron,0.0,absent,False
1064,Fe,Iron,metalMinedIron,0.0,absent,False
1065,Fe,Iron,metalMinedIron,0.0,absent,False
1066,Fe,Iron,metalMinedIron,0.0,absent,False
1067,Fe,Iron,metalMinedIron,0.0,absent,False
1068,Fe,Iron,metalMinedIron,0.0,absent,False
1069,Fe,Iron,metalMinedIron,0.0,absent,False
1070,Fe,Iron,metalMinedIron,0.0,absent,False
1071,Fe,Iron,metalMinedIron,0.0,absent,False
1072,Fe,Iron,metalMinedIron,0.0,absent,False
1073,Fe,Iron,metalMinedIron,0.0,absent,False
1074,Fe,Iron,metalMinedIron,0.0,absent,False
1075,Fe,Iron,metalMinedIron,0.0,absent,False
1076,Fe,Iron,metalMinedIron,0.0,absent,False
1077,Fe,Iron,metalMinedIron,0.0,absent,False
1079,Fe,Iron,metalMinedIron,0.0,absent,False
1080,Fe,Iron,metalMinedIron,0.0,absent,False
1081,Fe,Iron,metalMinedIron,0.0,absent,False
1082,Fe,Iron,metalMinedIron,0.0,absent,False
1083,Fe,Iron,metalMinedIron,0.0,absent,False
1084,Fe,Iron,metalMinedIron,0.0,absent,False
1085,Fe,Iron,metalMinedIron,0.0,absent,False
1086,Fe,Iron,metalMinedIron,0.0,absent,False
1087,Fe,Iron,metalMinedIron,0.0,absent,False
1089,Fe,Iron,metalMinedIron,0.0,absent,False
1090,Fe,Iron,metalMinedIron,0.0,absent,False
1091,Fe,Iron,metalMinedIron,0.0,absent,False
1092,Fe,Iron,metalMinedIron,0.0,absent,False
1093,Fe,Iron,metalMinedIron,0.0,absent,False
1094,Fe,Iron,metalMinedIron,0.0,absent,False
1095,Fe,Iron,metalMinedIron,0.0,absent,False
1096,Fe,Iron,metalMinedIron,0.0,absent,False
1097,Fe,Iron,metalMinedIron,0.0,absent,False
1098,Fe,Iron,metalMinedIron,0.0,absent,False
1099,Fe,Iron,metalMinedIron,0.0,absent,False
1100,Fe,Iron,metalMinedIron,0.0,absent,False
1101,Fe,Iron,metalMinedIron,0.0,absent,False
1102,Fe,Iron,metalMinedIron,0.0,absent,False
1103,Fe,Iron,metalMinedIron,0.0,absent,False
1104,Fe,Iron,metalMinedIron,0.0,absent,False
1108,Fe,Iron,metalMinedIron,0.0,absent,False
1109,Fe,Iron,metalMinedIron,0.0,absent,False
1110,Fe,Iron,metalMinedIron,0.0,absent,False
1111,Fe,Iron,metalMinedIron,0.0,absent,False
1112,Fe,Iron,metalMinedIron,0.0,absent,False
1113,Fe,Iron,metalMinedIron,0.0,absent,False
1115,Fe,Iron,metalMinedIron,0.0,absent,False
1117,Fe,Iron,metalMinedIron,0.0,absent,False
1118,Fe,Iron,metalMinedIron,0.0,absent,False
1119,Fe,Iron,metalMinedIron,0.0,absent,False
1120,Fe,Iron,metalMinedIron,0.0,absent,False
1121,Fe,Iron,metalMinedIron,0.0,absent,False
1122,Fe,Iron,metalMinedIron,0.0,absent,False
1123,Fe,Iron,metalMinedIron,0.0,absent,False
1124,Fe,Iron,metalMinedIron,0.0,absent,False
1125,Fe,Iron,metalMinedIron,0.0,absent,False
1126,Fe,Iron,metalMinedIron,0.0,absent,False
1127,Fe,Iron,metalMinedIron,0.0,absent,False
1129,Fe,Iron,metalMinedIron,0.0,absent,False
1130,Fe,Iron,metalMinedIron,0.0,absent,False
1131,Fe,Iron,metalMinedIron,0.0,absent,False
1132,Fe,Iron,metalMinedIron,0.0,absent,False
1133,Fe,Iron,metalMinedIron,0.0,absent,False
1134,Fe,Iron,metalMinedIron,0.0,absent,False
1135,Fe,Iron,metalMinedIron,0.0,absent,False
1136,Fe,Iron,metalMinedIron,0.0,absent,False
1137,Fe,Iron,metalMinedIron,0.0,absent,False
1138,Fe,Iron,metalMinedIron,0.0,absent,False
1139,Fe,Iron,metalMinedIron,0.0,absent,False
1140,Fe,Iron,metalMinedIron,0.0,absent,False
1141,Fe,Iron,metalMinedIron,0.0,absent,False
1142,Fe,Iron,metalMinedIron,0.0,absent,False
1143,Fe,Iron,metalMinedIron,0.0,absent,False
1144,Fe,Iron,metalMinedIron,0.0,absent,False
1145,Fe,Iron,metalMinedIron,0.0,absent,False
1146,Fe,Iron,metalMinedIron,0.0,absent,False
1147,Fe,Iron,metalMinedIron,0.0,absent,False
1148,Fe,Iron,metalMinedIron,0.0,absent,False
1150,Fe,Iron,metalMinedIron,0.0,absent,False
1151,Fe,Iron,metalMinedIron,0.0,absent,False
1152,Fe,Iron,metalMinedIron,0.0,absent,False
1153,Fe,Iron,metalMinedIron,0.0,absent,False
1154,Fe,Iron,metalMinedIron,0.0,absent,False
1155,Fe,Iron,metalMinedIron,0.0,absent,False
1156,Fe,Iron,metalMinedIron,0.0,absent,False
1157,Fe,Iron,metalMinedIron,0.0,absent,False
1158,Fe,Iron,metalMinedIron,0.0,absent,False
1159,Fe,Iron,metalMinedIron,0.0,absent,False
1160,Fe,Iron,metalMinedIron,0.0,absent,False
1161,Fe,Iron,metalMinedIron,0.0,absent,False
1162,Fe,Iron,metalMinedIron,0.0,absent,False
1163,Fe,Iron,metalMinedIron,0.0,absent,False
1164,Fe,Iron,metalMinedIron,0.0,absent,False
1165,Fe,Iron,metalMinedIron,0.0,absent,False
1166,Fe,Iron,metalMinedIron,0.0,absent,False
1167,Fe,Iron,metalMinedIron,0.0,absent,False
1168,Fe,Iron,metalMinedIron,0.0,absent,False
1169,Fe,Iron,metalMinedIron,0.0,absent,False
1170,Fe,Iron,metalMinedIron,0.0,absent,False
1171,Fe,Iron,metalMinedIron,0.0,absent,False
1172,Fe,Iron,metalMinedIron,0.0,absent,False
1173,Fe,Iron,metalMinedIron,0.0,absent,False
1174,Fe,Iron,metalMinedIron,0.0,absent,False
1175,Fe,Iron,metalMinedIron,0.0,absent,False
1176,Fe,Iron,metalMinedIron,0.0,absent,False
1177,Fe,Iron,metalMinedIron,0.0,absent,False
1178,Fe,Iron,metalMinedIron,0.0,absent,False
1179,Fe,Iron,metalMinedIron,0.0,absent,False
1180,Fe,Iron,metalMinedIron,0.0,absent,False
1181,Fe,Iron,metalMinedIron,0.0,absent,False
1182,Fe,Iron,metalMinedIron,0.0,absent,False
1183,Fe,Iron,metalMinedIron,0.0,absent,False
1184,Fe,Iron,metalMinedIron,0.0,absent,False
1185,Fe,Iron,metalMinedIron,0.0,absent,False
1186,Fe,Iron,metalMinedIron,0.0,absent,False
1187,Fe,Iron,metalMinedIron,0.0,absent,False
1188,Fe,Iron,metalMinedIron,0.0,absent,False
1189,Fe,Iron,metalMinedIron,0.0,absent,False
1190,Fe,Iron,metalMinedIron,0.0,absent,False
1191,Fe,Iron,metalMinedIron,0.0,absent,False
1192,Fe,Iron,metalMinedIron,0.0,absent,False
1193,Fe,Iron,metalMinedIron,0.0,absent,False
1194,Fe,Iron,metalMinedIron,0.0,absent,False
1195,Fe,Iron,metalMinedIron,0.0,absent,False
1196,Fe,Iron,metalMinedIron,0.0,absent,False
1197,Fe,Iron,metalMinedIron,0.0,absent,False
1200,Fe,Iron,metalMinedIron,0.0,absent,False
1201,Fe,Iron,metalMinedIron,0.0,absent,False
1202,Fe,Iron,metalMinedIron,0.0,absent,False
1203,Fe,Iron,metalMinedIron,0.0,absent,False
1204,Fe,Iron,metalMinedIron,0.0,absent,False
1205,Fe,Iron,metalMinedIron,0.0,absent,False
1206,Fe,Iron,metalMinedIron,0.0,absent,False
1207,Fe,Iron,metalMinedIron,0.0,absent,False
1208,Fe,Iron,metalMinedIron,0.0,absent,False
1209,Fe,Iron,metalMinedIron,0.0,absent,False
1210,Fe,Iron,metalMinedIron,0.0,absent,False
1211,Fe,Iron,metalMinedIron,0.0,absent,False
1212,Fe,Iron,metalMinedIron,0.0,absent,False
1213,Fe,Iron,metalMinedIron,0.0,absent,False
1214,Fe,Iron,metalMinedIron,0.0,absent,False
1215,Fe,Iron,metalMinedIron,0.0,absent,False
1216,Fe,Iron,metalMinedIron,0.0,absent,False
1217,Fe,Iron,metalMinedIron,0.0,absent,False
1218,Fe,Iron,metalMinedIron,0.0,absent,False
1219,Fe,Iron,metalMinedIron,0.0,absent,False
1220,Fe,Iron,metalMinedIron,0.0,absent,False
1221,Fe,Iron,metalMinedIron,0.0,absent,False
1222,Fe,Iron,metalMinedIron,0.0,absent,False
1223,Fe,Iron,metalMinedIron,0.0,absent,False
1224,Fe,Iron,metalMinedIron,0.0,absent,False
1225,Fe,Iron,metalMinedIron,0.0,absent,False
1226,Fe,Iron,metalMinedIron,0.0,absent,False
1227,Fe,Iron,metalMinedIron,0.0,absent,False
1228,Fe,Iron,metalMinedIron,0.0,absent,False
1229,Fe,Iron,metalMinedIron,0.0,absent,False
1230,Fe,Iron,metalMinedIron,0.0,absent,False
1231,Fe,Iron,metalMinedIron,0.0,absent,False
1232,Fe,Iron,metalMinedIron,0.0,absent,False
1233,Fe,Iron,metalMinedIron,0.0,absent,False
1234,Fe,Iron,metalMinedIron,0.0,absent,False
1235,Fe,Iron,metalMinedIron,0.0,absent,False
1236,Fe,Iron,metalMinedIron,0.0,absent,False
1237,Fe,Iron,metalMinedIron,0.0,absent,False
1238,Fe,Iron,metalMinedIron,0.0,absent,False
1239,Fe,Iron,metalMinedIron,0.0,absent,False
1240,Fe,Iron,metalMinedIron,0.0,absent,False
1241,Fe,Iron,metalMinedIron,1.0,present,True
1242,Fe,Iron,metalMinedIron,0.0,absent,False
1243,Fe,Iron,metalMinedIron,0.0,absent,False
1244,Fe,Iron,metalMinedIron,0.0,absent,False
1245,Fe,Iron,metalMinedIron,0.0,absent,False
1246,Fe,Iron,metalMinedIron,0.0,absent,False
1247,Fe,Iron,metalMinedIron,0.0,absent,False
1248,Fe,Iron,metalMinedIron,0.0,absent,False
1249,Fe,Iron,metalMinedIron,0.0,absent,False
1250,Fe,Iron,metalMinedIron,0.0,absent,False
1251,Fe,Iron,metalMinedIron,0.0,absent,False
1252,Fe,Iron,metalMinedIron,0.0,absent,False
1253,Fe,Iron,metalMinedIron,0.0,absent,False
1254,Fe,Iron,metalMinedIron,0.0,absent,False
1255,Fe,Iron,metalMinedIron,0.0,absent,False
1257,Fe,Iron,metalMinedIron,0.0,absent,False
1258,Fe,Iron,metalMinedIron,0.0,absent,False
1259,Fe,Iron,metalMinedIron,0.0,absent,False
1260,Fe,Iron,metalMinedIron,0.0,absent,False
1261,Fe,Iron,metalMinedIron,0.0,absent,False
1262,Fe,Iron,metalMinedIron,0.0,absent,False
1264,Fe,Iron,metalMinedIron,0.0,absent,False
1265,Fe,Iron,metalMinedIron,0.0,absent,False
1266,Fe,Iron,metalMinedIron,0.0,absent,False
1267,Fe,Iron,metalMinedIron,0.0,absent,False
1268,Fe,Iron,metalMinedIron,0.0,absent,False
1269,Fe,Iron,metalMinedIron,0.0,absent,False
1270,Fe,Iron,metalMinedIron,0.0,absent,False
1271,Fe,Iron,metalMinedIron,0.0,absent,False
1272,Fe,Iron,metalMinedIron,0.0,absent,False
1273,Fe,Iron,metalMinedIron,0.0,absent,False
1274,Fe,Iron,metalMinedIron,0.0,absent,False
1275,Fe,Iron,metalMinedIron,0.0,absent,False
1276,Fe,Iron,metalMinedIron,0.0,absent,False
1277,Fe,Iron,metalMinedIron,0.0,absent,False
1278,Fe,Iron,metalMinedIron,0.0,absent,False
1279,Fe,Iron,metalMinedIron,0.0,absent,False
1280,Fe,Iron,metalMinedIron,0.0,absent,False
1281,Fe,Iron,metalMinedIron,0.0,absent,False
1282,Fe,Iron,metalMinedIron,0.0,absent,False
1283,Fe,Iron,metalMinedIron,0.0,absent,False
1284,Fe,Iron,metalMinedIron,0.0,absent,False
1285,Fe,Iron,metalMinedIron,0.0,absent,False
1286,Fe,Iron,metalMinedIron,0.0,absent,False
1287,Fe,Iron,metalMinedIron,0.0,absent,False
1289,Fe,Iron,metalMinedIron,0.0,absent,False
1290,Fe,Iron,metalMinedIron,0.0,absent,False
1292,Fe,Iron,metalMinedIron,0.0,absent,False
1293,Fe,Iron,metalMinedIron,0.0,absent,False
1294,Fe,Iron,metalMinedIron,0.0,absent,False
1295,Fe,Iron,metalMinedIron,0.0,absent,False
1296,Fe,Iron,metalMinedIron,0.0,absent,False
1297,Fe,Iron,metalMinedIron,0.0,absent,False
1298,Fe,Iron,metalMinedIron,0.0,absent,False
1299,Fe,Iron,metalMinedIron,1.0,present,True
1300,Fe,Iron,metalMinedIron,0.0,absent,False
1301,Fe,Iron,metalMinedIron,1.0,present,True
1302,Fe,Iron,metalMinedIron,1.0,present,True
1303,Fe,Iron,metalMinedIron,0.0,absent,False
1304,Fe,Iron,metalMinedIron,0.0,absent,False
1305,Fe,Iron,metalMinedIron,0.0,absent,False
1306,Fe,Iron,metalMinedIron,0.0,absent,False
1307,Fe,Iron,metalMinedIron,0.0,absent,False
1308,Fe,Iron,metalMinedIron,0.0,absent,False
1309,Fe,Iron,metalMinedIron,0.0,absent,False
1310,Fe,Iron,metalMinedIron,0.0,absent,False
1311,Fe,Iron,metalMinedIron,0.0,absent,False
1312,Fe,Iron,metalMinedIron,0.0,absent,False
1313,Fe,Iron,metalMinedIron,0.0,absent,False
1314,Fe,Iron,metalMinedIron,0.0,absent,False
1315,Fe,Iron,metalMinedIron,0.0,absent,False
1316,Fe,Iron,metalMinedIron,0.0,absent,False
1317,Fe,Iron,metalMinedIron,0.0,absent,False
1318,Fe,Iron,metalMinedIron,0.0,absent,False
1319,Fe,Iron,metalMinedIron,0.0,absent,False
1320,Fe,Iron,metalMinedIron,0.0,absent,False
1321,Fe,Iron,metalMinedIron,0.0,absent,False
1322,Fe,Iron,metalMinedIron,0.0,absent,False
1323,Fe,Iron,metalMinedIron,0.0,absent,False
1324,Fe,Iron,metalMinedIron,0.0,absent,False
1325,Fe,Iron,metalMinedIron,0.0,absent,False
1326,Fe,Iron,metalMinedIron,0.0,absent,False
1327,Fe,Iron,metalMinedIron,0.0,absent,False
1328,Fe,Iron,metalMinedIron,0.0,absent,False
1329,Fe,Iron,metalMinedIron,0.0,absent,False
1330,Fe,Iron,metalMinedIron,0.0,absent,False
1331,Fe,Iron,metalMinedIron,0.0,absent,False
1332,Fe,Iron,metalMinedIron,0.0,absent,False
1333,Fe,Iron,metalMinedIron,0.0,absent,False
1334,Fe,Iron,metalMinedIron,0.0,absent,False
1335,Fe,Iron,metalMinedIron,0.0,absent,False
1336,Fe,Iron,metalMinedIron,0.0,absent,False
1337,Fe,Iron,metalMinedIron,0.0,absent,False
1338,Fe,Iron,metalMinedIron,0.0,absent,False
1339,Fe,Iron,metalMinedIron,0.0,absent,False
1340,Fe,Iron,metalMinedIron,0.0,absent,False
1341,Fe,Iron,metalMinedIron,0.0,absent,False
1342,Fe,Iron,metalMinedIron,0.0,absent,False
1343,Fe,Iron,metalMinedIron,0.0,absent,False
1344,Fe,Iron,metalMinedIron,0.0,absent,False
1345,Fe,Iron,metalMinedIron,0.0,absent,False
1346,Fe,Iron,metalMinedIron,0.0,absent,False
1347,Fe,Iron,metalMinedIron,0.0,absent,False
1348,Fe,Iron,metalMinedIron,0.0,absent,False
1349,Fe,Iron,metalMinedIron,0.0,absent,False
1350,Fe,Iron,metalMinedIron,0.0,absent,False
1351,Fe,Iron,metalMinedIron,0.0,absent,False
1352,Fe,Iron,metalMinedIron,0.0,absent,False
1354,Fe,Iron,metalMinedIron,0.0,absent,False
1355,Fe,Iron,metalMinedIron,0.0,absent,False
1356,Fe,Iron,metalMinedIron,0.0,absent,False
1357,Fe,Iron,metalMinedIron,0.0,absent,False
1358,Fe,Iron,metalMinedIron,0.0,absent,False
1359,Fe,Iron,metalMinedIron,0.0,absent,False
1360,Fe,Iron,metalMinedIron,0.0,absent,False
1361,Fe,Iron,metalMinedIron,0.0,absent,False
1362,Fe,Iron,metalMinedIron,0.0,absent,False
1363,Fe,Iron,metalMinedIron,0.0,absent,False
1364,Fe,Iron,metalMinedIron,0.0,absent,False
1365,Fe,Iron,metalMinedIron,0.0,absent,False
1366,Fe,Iron,metalMinedIron,0.0,absent,False
1367,Fe,Iron,metalMinedIron,0.0,absent,False
1368,Fe,Iron,metalMinedIron,0.0,absent,False
1369,Fe,Iron,metalMinedIron,0.0,absent,False
1370,Fe,Iron,metalMinedIron,0.0,absent,False
1371,Fe,Iron,metalMinedIron,0.0,absent,False
1373,Fe,Iron,metalMinedIron,0.0,absent,False
1374,Fe,Iron,metalMinedIron,0.0,absent,False
1375,Fe,Iron,metalMinedIron,0.0,absent,False
1376,Fe,Iron,metalMinedIron,0.0,absent,False
1377,Fe,Iron,metalMinedIron,0.0,absent,False
1378,Fe,Iron,metalMinedIron,0.0,absent,False
1379,Fe,Iron,metalMinedIron,0.0,absent,False
1380,Fe,Iron,metalMinedIron,0.0,absent,False
1381,Fe,Iron,metalMinedIron,0.0,absent,False
1382,Fe,Iron,metalMinedIron,0.0,absent,False
1383,Fe,Iron,metalMinedIron,0.0,absent,False
1384,Fe,Iron,metalMinedIron,0.0,absent,False
1385,Fe,Iron,metalMinedIron,0.0,absent,False
1386,Fe,Iron,metalMinedIron,0.0,absent,False
1388,Fe,Iron,metalMinedIron,0.0,absent,False
1389,Fe,Iron,metalMinedIron,0.0,absent,False
1390,Fe,Iron,metalMinedIron,0.0,absent,False
1391,Fe,Iron,metalMinedIron,0.0,absent,False
1392,Fe,Iron,metalMinedIron,0.0,absent,False
1393,Fe,Iron,metalMinedIron,0.0,absent,False
1394,Fe,Iron,metalMinedIron,0.0,absent,False
1395,Fe,Iron,metalMinedIron,0.0,absent,False
1396,Fe,Iron,metalMinedIron,0.0,absent,False
1397,Fe,Iron,metalMinedIron,0.0,absent,False
1399,Fe,Iron,metalMinedIron,0.0,absent,False
1400,Fe,Iron,metalMinedIron,0.0,absent,False
1401,Fe,Iron,metalMinedIron,0.0,absent,False
1402,Fe,Iron,metalMinedIron,0.0,absent,False
1403,Fe,Iron,metalMinedIron,0.0,absent,False
1404,Fe,Iron,metalMinedIron,0.0,absent,False
1405,Fe,Iron,metalMinedIron,0.0,absent,False
1406,Fe,Iron,metalMinedIron,0.0,absent,False
1407,Fe,Iron,metalMinedIron,0.0,absent,False
1408,Fe,Iron,metalMinedIron,0.0,absent,False
1409,Fe,Iron,metalMinedIron,0.0,absent,False
1410,Fe,Iron,metalMinedIron,0.0,absent,False
1411,Fe,Iron,metalMinedIron,0.0,absent,False
1412,Fe,Iron,metalMinedIron,0.0,absent,False
1413,Fe,Iron,metalMinedIron,0.0,absent,False
1414,Fe,Iron,metalMinedIron,0.0,absent,False
1415,Fe,Iron,metalMinedIron,0.0,absent,False
1416,Fe,Iron,metalMinedIron,0.0,absent,False
1417,Fe,Iron,metalMinedIron,0.0,absent,False
1418,Fe,Iron,metalMinedIron,0.0,absent,False
1420,Fe,Iron,metalMinedIron,0.0,absent,False
1437,Fe,Iron,metalMinedIron,1.0,present,True
1447,Fe,Iron,metalMinedIron,0.0,absent,False
1449,Fe,Iron,metalMinedIron,0.0,absent,False
1504,Fe,Iron,metalMinedIron,0.0,absent,False
1627,Fe,Iron,metalMinedIron,0.0,absent,False
1628,Fe,Iron,metalMinedIron,0.0,absent,False
1635,Fe,Iron,metalMinedIron,0.0,absent,False
1636,Fe,Iron,metalMinedIron,0.0,absent,False
1637,Fe,Iron,metalMinedIron,0.0,absent,False
1638,Fe,Iron,metalMinedIron,0.0,absent,False
1639,Fe,Iron,metalMinedIron,0.0,absent,False
1764,Fe,Iron,metalMinedIron,0.0,absent,False
1767,Fe,Iron,metalMinedIron,0.0,absent,False
1768,Fe,Iron,metalMinedIron,0.0,absent,False
1769,Fe,Iron,metalMinedIron,0.0,absent,False
1770,Fe,Iron,metalMinedIron,0.0,absent,False
1771,Fe,Iron,metalMinedIron,0.0,absent,False
1772,Fe,Iron,metalMinedIron,0.0,absent,False
1775,Fe,Iron,metalMinedIron,0.0,absent,False
1776,Fe,Iron,metalMinedIron,0.0,absent,False
1777,Fe,Iron,metalMinedIron,0.0,absent,False
1778,Fe,Iron,metalMinedIron,0.0,absent,False
1779,Fe,Iron,metalMinedIron,0.0,absent,False
1780,Fe,Iron,metalMinedIron,0.0,absent,False
132,Hg,Mercury/cinnabar,metalMinedMercuryCinnabar,0.0,absent,False
391,Hg,Mercury/cinnabar,metalMinedMercuryCinnabar,0.0,absent,False
429,Hg,Mercury/cinnabar,metalMinedMercuryCinnabar,0.0,absent,False
430,Hg,Mercury/cinnabar,metalMinedMercuryCinnabar,0.0,absent,False
431,Hg,Mercury/cinnabar,metalMinedMercuryCinnabar,0.0,absent,False
432,Hg,Mercury/cinnabar,metalMinedMercuryCinnabar,0.0,absent,False
433,Hg,Mercury/cinnabar,metalMinedMercuryCinnabar,0.0,absent,False
434,Hg,Mercury/cinnabar,metalMinedMercuryCinnabar,0.0,absent,False
435,Hg,Mercury/cinnabar,metalMinedMercuryCinnabar,0.0,absent,False
436,Hg,Mercury/cinnabar,metalMinedMercuryCinnabar,0.0,absent,False
437,Hg,Mercury/cinnabar,metalMinedMercuryCinnabar,0.0,absent,False
438,Hg,Mercury/cinnabar,metalMinedMercuryCinnabar,0.0,absent,False
439,Hg,Mercury/cinnabar,metalMinedMercuryCinnabar,0.0,absent,False
440,Hg,Mercury/cinnabar,metalMinedMercuryCinnabar,0.0,absent,False
441,Hg,Mercury/cinnabar,metalMinedMercuryCinnabar,0.0,absent,False
442,Hg,Mercury/cinnabar,metalMinedMercuryCinnabar,0.0,absent,False
444,Hg,Mercury/cinnabar,metalMinedMercuryCinnabar,0.0,absent,False
445,Hg,Mercury/cinnabar,metalMinedMercuryCinnabar,0.0,absent,False
446,Hg,Mercury/cinnabar,metalMinedMercuryCinnabar,0.0,absent,False
447,Hg,Mercury/cinnabar,metalMinedMercuryCinnabar,0.0,absent,False
448,Hg,Mercury/cinnabar,metalMinedMercuryCinnabar,0.0,absent,False
449,Hg,Mercury/cinnabar,metalMinedMercuryCinnabar,0.0,absent,False
450,Hg,Mercury/cinnabar,metalMinedMercuryCinnabar,0.0,absent,False
451,Hg,Mercury/cinnabar,metalMinedMercuryCinnabar,0.0,absent,False
452,Hg,Mercury/cinnabar,metalMinedMercuryCinnabar,0.0,absent,False
453,Hg,Mercury/cinnabar,metalMinedMercuryCinnabar,0.0,absent,False
454,Hg,Mercury/cinnabar,metalMinedMercuryCinnabar,0.0,absent,False
455,Hg,Mercury/cinnabar,metalMinedMercuryCinnabar,0.0,absent,False
456,Hg,Mercury/cinnabar,metalMinedMercuryCinnabar,0.0,absent,False
457,Hg,Mercury/cinnabar,metalMinedMercuryCinnabar,0.0,absent,False
458,Hg,Mercury/cinnabar,metalMinedMercuryCinnabar,0.0,absent,False
459,Hg,Mercury/cinnabar,metalMinedMercuryCinnabar,0.0,absent,False
460,Hg,Mercury/cinnabar,metalMinedMercuryCinnabar,0.0,absent,False
461,Hg,Mercury/cinnabar,metalMinedMercuryCinnabar,0.0,absent,False
462,Hg,Mercury/cinnabar,metalMinedMercuryCinnabar,0.0,absent,False
463,Hg,Mercury/cinnabar,metalMinedMercuryCinnabar,0.0,absent,False
464,Hg,Mercury/cinnabar,metalMinedMercuryCinnabar,0.0,absent,False
465,Hg,Mercury/cinnabar,metalMinedMercuryCinnabar,0.0,absent,False
466,Hg,Mercury/cinnabar,metalMinedMercuryCinnabar,0.0,absent,False
467,Hg,Mercury/cinnabar,metalMinedMercuryCinnabar,0.0,absent,False
468,Hg,Mercury/cinnabar,metalMinedMercuryCinnabar,0.0,absent,False
469,Hg,Mercury/cinnabar,metalMinedMercuryCinnabar,0.0,absent,False
470,Hg,Mercury/cinnabar,metalMinedMercuryCinnabar,0.0,absent,False
471,Hg,Mercury/cinnabar,metalMinedMercuryCinnabar,0.0,absent,False
472,Hg,Mercury/cinnabar,metalMinedMercuryCinnabar,0.0,absent,False
473,Hg,Mercury/cinnabar,metalMinedMercuryCinnabar,0.0,absent,False
474,Hg,Mercury/cinnabar,metalMinedMercuryCinnabar,0.0,absent,False
475,Hg,Mercury/cinnabar,metalMinedMercuryCinnabar,0.0,absent,False
476,Hg,Mercury/cinnabar,metalMinedMercuryCinnabar,0.0,absent,False
477,Hg,Mercury/cinnabar,metalMinedMercuryCinnabar,0.0,absent,False
478,Hg,Mercury/cinnabar,metalMinedMercuryCinnabar,0.0,absent,False
479,Hg,Mercury/cinnabar,metalMinedMercuryCinnabar,0.0,absent,False
480,Hg,Mercury/cinnabar,metalMinedMercuryCinnabar,0.0,absent,False
481,Hg,Mercury/cinnabar,metalMinedMercuryCinnabar,0.0,absent,False
482,Hg,Mercury/cinnabar,metalMinedMercuryCinnabar,0.0,absent,False
483,Hg,Mercury/cinnabar,metalMinedMercuryCinnabar,0.0,absent,False
484,Hg,Mercury/cinnabar,metalMinedMercuryCinnabar,0.0,absent,False
486,Hg,Mercury/cinnabar,metalMinedMercuryCinnabar,0.0,absent,False
487,Hg,Mercury/cinnabar,metalMinedMercuryCinnabar,0.0,absent,False
488,Hg,Mercury/cinnabar,metalMinedMercuryCinnabar,0.0,absent,False
489,Hg,Mercury/cinnabar,metalMinedMercuryCinnabar,0.0,absent,False
490,Hg,Mercury/cinnabar,metalMinedMercuryCinnabar,0.0,absent,False
491,Hg,Mercury/cinnabar,metalMinedMercuryCinnabar,0.0,absent,False
492,Hg,Mercury/cinnabar,metalMinedMercuryCinnabar,0.0,absent,False
493,Hg,Mercury/cinnabar,metalMinedMercuryCinnabar,0.0,absent,False
494,Hg,Mercury/cinnabar,metalMinedMercuryCinnabar,0.0,absent,False
495,Hg,Mercury/cinnabar,metalMinedMercuryCinnabar,0.0,absent,False
496,Hg,Mercury/cinnabar,metalMinedMercuryCinnabar,0.0,absent,False
497,Hg,Mercury/cinnabar,metalMinedMercuryCinnabar,0.0,absent,False
498,Hg,Mercury/cinnabar,metalMinedMercuryCinnabar,0.0,absent,False
499,Hg,Mercury/cinnabar,metalMinedMercuryCinnabar,0.0,absent,False
500,Hg,Mercury/cinnabar,metalMinedMercuryCinnabar,0.0,absent,False
501,Hg,Mercury/cinnabar,metalMinedMercuryCinnabar,0.0,absent,False
502,Hg,Mercury/cinnabar,metalMinedMercuryCinnabar,0.0,absent,False
503,Hg,Mercury/cinnabar,metalMinedMercuryCinnabar,0.0,absent,False
504,Hg,Mercury/cinnabar,metalMinedMercuryCinnabar,0.0,absent,False
505,Hg,Mercury/cinnabar,metalMinedMercuryCinnabar,0.0,absent,False
506,Hg,Mercury/cinnabar,metalMinedMercuryCinnabar,0.0,absent,False
507,Hg,Mercury/cinnabar,metalMinedMercuryCinnabar,0.0,absent,False
508,Hg,Mercury/cinnabar,metalMinedMercuryCinnabar,0.0,absent,False
509,Hg,Mercury/cinnabar,metalMinedMercuryCinnabar,0.0,absent,False
510,Hg,Mercury/cinnabar,metalMinedMercuryCinnabar,0.0,absent,False
511,Hg,Mercury/cinnabar,metalMinedMercuryCinnabar,0.0,absent,False
512,Hg,Mercury/cinnabar,metalMinedMercuryCinnabar,0.0,absent,False
513,Hg,Mercury/cinnabar,metalMinedMercuryCinnabar,0.0,absent,False
514,Hg,Mercury/cinnabar,metalMinedMercuryCinnabar,0.0,absent,False
515,Hg,Mercury/cinnabar,metalMinedMercuryCinnabar,0.0,absent,False
516,Hg,Mercury/cinnabar,metalMinedMercuryCinnabar,0.0,absent,False
517,Hg,Mercury/cinnabar,metalMinedMercuryCinnabar,0.0,absent,False
518,Hg,Mercury/cinnabar,metalMinedMercuryCinnabar,0.0,absent,False
519,Hg,Mercury/cinnabar,metalMinedMercuryCinnabar,0.0,absent,False
520,Hg,Mercury/cinnabar,metalMinedMercuryCinnabar,0.0,absent,False
521,Hg,Mercury/cinnabar,metalMinedMercuryCinnabar,0.0,absent,False
523,Hg,Mercury/cinnabar,metalMinedMercuryCinnabar,0.0,absent,False
524,Hg,Mercury/cinnabar,metalMinedMercuryCinnabar,0.0,absent,False
525,Hg,Mercury/cinnabar,metalMinedMercuryCinnabar,0.0,absent,False
526,Hg,Mercury/cinnabar,metalMinedMercuryCinnabar,0.0,absent,False
527,Hg,Mercury/cinnabar,metalMinedMercuryCinnabar,0.0,absent,False
528,Hg,Mercury/cinnabar,metalMinedMercuryCinnabar,0.0,absent,False
529,Hg,Mercury/cinnabar,metalMinedMercuryCinnabar,0.0,absent,False
530,Hg,Mercury/cinnabar,metalMinedMercuryCinnabar,0.0,absent,False
531,Hg,Mercury/cinnabar,metalMinedMercuryCinnabar,0.0,absent,False
532,Hg,Mercury/cinnabar,metalMinedMercuryCinnabar,0.0,absent,False
533,Hg,Mercury/cinnabar,metalMinedMercuryCinnabar,0.0,absent,False
535,Hg,Mercury/cinnabar,metalMinedMercuryCinnabar,0.0,absent,False
536,Hg,Mercury/cinnabar,metalMinedMercuryCinnabar,0.0,absent,False
537,Hg,Mercury/cinnabar,metalMinedMercuryCinnabar,0.0,absent,False
538,Hg,Mercury/cinnabar,metalMinedMercuryCinnabar,0.0,absent,False
539,Hg,Mercury/cinnabar,metalMinedMercuryCinnabar,0.0,absent,False
540,Hg,Mercury/cinnabar,metalMinedMercuryCinnabar,0.0,absent,False
541,Hg,Mercury/cinnabar,metalMinedMercuryCinnabar,0.0,absent,False
542,Hg,Mercury/cinnabar,metalMinedMercuryCinnabar,0.0,absent,False
543,Hg,Mercury/cinnabar,metalMinedMercuryCinnabar,0.0,absent,False
545,Hg,Mercury/cinnabar,metalMinedMercuryCinnabar,0.0,absent,False
547,Hg,Mercury/cinnabar,metalMinedMercuryCinnabar,0.0,absent,False
548,Hg,Mercury/cinnabar,metalMinedMercuryCinnabar,0.0,absent,False
549,Hg,Mercury/cinnabar,metalMinedMercuryCinnabar,0.0,absent,False
550,Hg,Mercury/cinnabar,metalMinedMercuryCinnabar,0.0,absent,False
551,Hg,Mercury/cinnabar,metalMinedMercuryCinnabar,0.0,absent,False
552,Hg,Mercury/cinnabar,metalMinedMercuryCinnabar,0.0,absent,False
553,Hg,Mercury/cinnabar,metalMinedMercuryCinnabar,0.0,absent,False
554,Hg,Mercury/cinnabar,metalMinedMercuryCinnabar,0.0,absent,False
555,Hg,Mercury/cinnabar,metalMinedMercuryCinnabar,0.0,absent,False
556,Hg,Mercury/cinnabar,metalMinedMercuryCinnabar,0.0,absent,False
557,Hg,Mercury/cinnabar,metalMinedMercuryCinnabar,0.0,absent,False
558,Hg,Mercury/cinnabar,metalMinedMercuryCinnabar,0.0,absent,False
559,Hg,Mercury/cinnabar,metalMinedMercuryCinnabar,0.0,absent,False
560,Hg,Mercury/cinnabar,metalMinedMercuryCinnabar,0.0,absent,False
561,Hg,Mercury/cinnabar,metalMinedMercuryCinnabar,0.0,absent,False
563,Hg,Mercury/cinnabar,metalMinedMercuryCinnabar,0.0,absent,False
564,Hg,Mercury/cinnabar,metalMinedMercuryCinnabar,0.0,absent,False
565,Hg,Mercury/cinnabar,metalMinedMercuryCinnabar,0.0,absent,False
566,Hg,Mercury/cinnabar,metalMinedMercuryCinnabar,0.0,absent,False
567,Hg,Mercury/cinnabar,metalMinedMercuryCinnabar,0.0,absent,False
568,Hg,Mercury/cinnabar,metalMinedMercuryCinnabar,0.0,absent,False
569,Hg,Mercury/cinnabar,metalMinedMercuryCinnabar,0.0,absent,False
570,Hg,Mercury/cinnabar,metalMinedMercuryCinnabar,0.0,absent,False
571,Hg,Mercury/cinnabar,metalMinedMercuryCinnabar,0.0,absent,False
572,Hg,Mercury/cinnabar,metalMinedMercuryCinnabar,0.0,absent,False
573,Hg,Mercury/cinnabar,metalMinedMercuryCinnabar,0.0,absent,False
574,Hg,Mercury/cinnabar,metalMinedMercuryCinnabar,0.0,absent,False
575,Hg,Mercury/cinnabar,metalMinedMercuryCinnabar,0.0,absent,False
576,Hg,Mercury/cinnabar,metalMinedMercuryCinnabar,0.0,absent,False
577,Hg,Mercury/cinnabar,metalMinedMercuryCinnabar,0.0,absent,False
578,Hg,Mercury/cinnabar,metalMinedMercuryCinnabar,0.0,absent,False
579,Hg,Mercury/cinnabar,metalMinedMercuryCinnabar,0.0,absent,False
580,Hg,Mercury/cinnabar,metalMinedMercuryCinnabar,0.0,absent,False
581,Hg,Mercury/cinnabar,metalMinedMercuryCinnabar,0.0,absent,False
582,Hg,Mercury/cinnabar,metalMinedMercuryCinnabar,0.0,absent,False
583,Hg,Mercury/cinnabar,metalMinedMercuryCinnabar,0.0,absent,False
584,Hg,Mercury/cinnabar,metalMinedMercuryCinnabar,0.0,absent,False
585,Hg,Mercury/cinnabar,metalMinedMercuryCinnabar,0.0,absent,False
586,Hg,Mercury/cinnabar,metalMinedMercuryCinnabar,0.0,absent,False
587,Hg,Mercury/cinnabar,metalMinedMercuryCinnabar,0.0,absent,False
588,Hg,Mercury/cinnabar,metalMinedMercuryCinnabar,0.0,absent,False
589,Hg,Mercury/cinnabar,metalMinedMercuryCinnabar,0.0,absent,False
590,Hg,Mercury/cinnabar,metalMinedMercuryCinnabar,0.0,absent,False
591,Hg,Mercury/cinnabar,metalMinedMercuryCinnabar,0.0,absent,False
592,Hg,Mercury/cinnabar,metalMinedMercuryCinnabar,0.0,absent,False
593,Hg,Mercury/cinnabar,metalMinedMercuryCinnabar,0.0,absent,False
594,Hg,Mercury/cinnabar,metalMinedMercuryCinnabar,0.0,absent,False
595,Hg,Mercury/cinnabar,metalMinedMercuryCinnabar,0.0,absent,False
596,Hg,Mercury/cinnabar,metalMinedMercuryCinnabar,0.0,absent,False
597,Hg,Mercury/cinnabar,metalMinedMercuryCinnabar,0.0,absent,False
598,Hg,Mercury/cinnabar,metalMinedMercuryCinnabar,0.0,absent,False
599,Hg,Mercury/cinnabar,metalMinedMercuryCinnabar,0.0,absent,False
601,Hg,Mercury/cinnabar,metalMinedMercuryCinnabar,0.0,absent,False
602,Hg,Mercury/cinnabar,metalMinedMercuryCinnabar,0.0,absent,False
603,Hg,Mercury/cinnabar,metalMinedMercuryCinnabar,0.0,absent,False
604,Hg,Mercury/cinnabar,metalMinedMercuryCinnabar,0.0,absent,False
605,Hg,Mercury/cinnabar,metalMinedMercuryCinnabar,0.0,absent,False
606,Hg,Mercury/cinnabar,metalMinedMercuryCinnabar,0.0,absent,False
607,Hg,Mercury/cinnabar,metalMinedMercuryCinnabar,0.0,absent,False
608,Hg,Mercury/cinnabar,metalMinedMercuryCinnabar,0.0,absent,False
609,Hg,Mercury/cinnabar,metalMinedMercuryCinnabar,0.0,absent,False
610,Hg,Mercury/cinnabar,metalMinedMercuryCinnabar,0.0,absent,False
612,Hg,Mercury/cinnabar,metalMinedMercuryCinnabar,0.0,absent,False
613,Hg,Mercury/cinnabar,metalMinedMercuryCinnabar,0.0,absent,False
614,Hg,Mercury/cinnabar,metalMinedMercuryCinnabar,0.0,absent,False
615,Hg,Mercury/cinnabar,metalMinedMercuryCinnabar,0.0,absent,False
616,Hg,Mercury/cinnabar,metalMinedMercuryCinnabar,0.0,absent,False
617,Hg,Mercury/cinnabar,metalMinedMercuryCinnabar,0.0,absent,False
618,Hg,Mercury/cinnabar,metalMinedMercuryCinnabar,0.0,absent,False
619,Hg,Mercury/cinnabar,metalMinedMercuryCinnabar,0.0,absent,False
620,Hg,Mercury/cinnabar,metalMinedMercuryCinnabar,0.0,absent,False
623,Hg,Mercury/cinnabar,metalMinedMercuryCinnabar,0.0,absent,False
624,Hg,Mercury/cinnabar,metalMinedMercuryCinnabar,0.0,absent,False
625,Hg,Mercury/cinnabar,metalMinedMercuryCinnabar,0.0,absent,False
626,Hg,Mercury/cinnabar,metalMinedMercuryCinnabar,0.0,absent,False
627,Hg,Mercury/cinnabar,metalMinedMercuryCinnabar,0.0,absent,False
629,Hg,Mercury/cinnabar,metalMinedMercuryCinnabar,0.0,absent,False
630,Hg,Mercury/cinnabar,metalMinedMercuryCinnabar,0.0,absent,False
631,Hg,Mercury/cinnabar,metalMinedMercuryCinnabar,0.0,absent,False
632,Hg,Mercury/cinnabar,metalMinedMercuryCinnabar,0.0,absent,False
633,Hg,Mercury/cinnabar,metalMinedMercuryCinnabar,0.0,absent,False
634,Hg,Mercury/cinnabar,metalMinedMercuryCinnabar,0.0,absent,False
635,Hg,Mercury/cinnabar,metalMinedMercuryCinnabar,0.0,absent,False
636,Hg,Mercury/cinnabar,metalMinedMercuryCinnabar,0.0,absent,False
637,Hg,Mercury/cinnabar,metalMinedMercuryCinnabar,0.0,absent,False
638,Hg,Mercury/cinnabar,metalMinedMercuryCinnabar,0.0,absent,False
639,Hg,Mercury/cinnabar,metalMinedMercuryCinnabar,0.0,absent,False
640,Hg,Mercury/cinnabar,metalMinedMercuryCinnabar,0.0,absent,False
641,Hg,Mercury/cinnabar,metalMinedMercuryCinnabar,0.0,absent,False
642,Hg,Mercury/cinnabar,metalMinedMercuryCinnabar,0.0,absent,False
643,Hg,Mercury/cinnabar,metalMinedMercuryCinnabar,0.0,absent,False
644,Hg,Mercury/cinnabar,metalMinedMercuryCinnabar,0.0,absent,False
645,Hg,Mercury/cinnabar,metalMinedMercuryCinnabar,0.0,absent,False
646,Hg,Mercury/cinnabar,metalMinedMercuryCinnabar,0.0,absent,False
647,Hg,Mercury/cinnabar,metalMinedMercuryCinnabar,0.0,absent,False
648,Hg,Mercury/cinnabar,metalMinedMercuryCinnabar,0.0,absent,False
649,Hg,Mercury/cinnabar,metalMinedMercuryCinnabar,0.0,absent,False
650,Hg,Mercury/cinnabar,metalMinedMercuryCinnabar,0.0,absent,False
651,Hg,Mercury/cinnabar,metalMinedMercuryCinnabar,0.0,absent,False
652,Hg,Mercury/cinnabar,metalMinedMercuryCinnabar,0.0,absent,False
653,Hg,Mercury/cinnabar,metalMinedMercuryCinnabar,0.0,absent,False
654,Hg,Mercury/cinnabar,metalMinedMercuryCinnabar,0.0,absent,False
655,Hg,Mercury/cinnabar,metalMinedMercuryCinnabar,0.0,absent,False
656,Hg,Mercury/cinnabar,metalMinedMercuryCinnabar,0.0,absent,False
657,Hg,Mercury/cinnabar,metalMinedMercuryCinnabar,0.0,absent,False
658,Hg,Mercury/cinnabar,metalMinedMercuryCinnabar,0.0,absent,False
659,Hg,Mercury/cinnabar,metalMinedMercuryCinnabar,0.0,absent,False
660,Hg,Mercury/cinnabar,metalMinedMercuryCinnabar,0.0,absent,False
661,Hg,Mercury/cinnabar,metalMinedMercuryCinnabar,0.0,absent,False
662,Hg,Mercury/cinnabar,metalMinedMercuryCinnabar,0.0,absent,False
663,Hg,Mercury/cinnabar,metalMinedMercuryCinnabar,0.0,absent,False
664,Hg,Mercury/cinnabar,metalMinedMercuryCinnabar,0.0,absent,False
665,Hg,Mercury/cinnabar,metalMinedMercuryCinnabar,0.0,absent,False
666,Hg,Mercury/cinnabar,metalMinedMercuryCinnabar,0.0,absent,False
667,Hg,Mercury/cinnabar,metalMinedMercuryCinnabar,0.0,absent,False
668,Hg,Mercury/cinnabar,metalMinedMercuryCinnabar,0.0,absent,False
669,Hg,Mercury/cinnabar,metalMinedMercuryCinnabar,0.0,absent,False
670,Hg,Mercury/cinnabar,metalMinedMercuryCinnabar,0.0,absent,False
671,Hg,Mercury/cinnabar,metalMinedMercuryCinnabar,0.0,absent,False
672,Hg,Mercury/cinnabar,metalMinedMercuryCinnabar,0.0,absent,False
673,Hg,Mercury/cinnabar,metalMinedMercuryCinnabar,0.0,absent,False
674,Hg,Mercury/cinnabar,metalMinedMercuryCinnabar,0.0,absent,False
675,Hg,Mercury/cinnabar,metalMinedMercuryCinnabar,0.0,absent,False
676,Hg,Mercury/cinnabar,metalMinedMercuryCinnabar,1.0,present,True
677,Hg,Mercury/cinnabar,metalMinedMercuryCinnabar,0.0,absent,False
678,Hg,Mercury/cinnabar,metalMinedMercuryCinnabar,0.0,absent,False
680,Hg,Mercury/cinnabar,metalMinedMercuryCinnabar,0.0,absent,False
681,Hg,Mercury/cinnabar,metalMinedMercuryCinnabar,0.0,absent,False
682,Hg,Mercury/cinnabar,metalMinedMercuryCinnabar,0.0,absent,False
683,Hg,Mercury/cinnabar,metalMinedMercuryCinnabar,0.0,absent,False
684,Hg,Mercury/cinnabar,metalMinedMercuryCinnabar,0.0,absent,False
686,Hg,Mercury/cinnabar,metalMinedMercuryCinnabar,0.0,absent,False
687,Hg,Mercury/cinnabar,metalMinedMercuryCinnabar,0.0,absent,False
688,Hg,Mercury/cinnabar,metalMinedMercuryCinnabar,0.0,absent,False
689,Hg,Mercury/cinnabar,metalMinedMercuryCinnabar,0.0,absent,False
690,Hg,Mercury/cinnabar,metalMinedMercuryCinnabar,0.0,absent,False
692,Hg,Mercury/cinnabar,metalMinedMercuryCinnabar,0.0,absent,False
693,Hg,Mercury/cinnabar,metalMinedMercuryCinnabar,0.0,absent,False
694,Hg,Mercury/cinnabar,metalMinedMercuryCinnabar,0.0,absent,False
695,Hg,Mercury/cinnabar,metalMinedMercuryCinnabar,0.0,absent,False
696,Hg,Mercury/cinnabar,metalMinedMercuryCinnabar,0.0,absent,False
697,Hg,Mercury/cinnabar,metalMinedMercuryCinnabar,0.0,absent,False
698,Hg,Mercury/cinnabar,metalMinedMercuryCinnabar,0.0,absent,False
699,Hg,Mercury/cinnabar,metalMinedMercuryCinnabar,0.0,absent,False
700,Hg,Mercury/cinnabar,metalMinedMercuryCinnabar,0.0,absent,False
701,Hg,Mercury/cinnabar,metalMinedMercuryCinnabar,0.0,absent,False
702,Hg,Mercury/cinnabar,metalMinedMercuryCinnabar,0.0,absent,False
703,Hg,Mercury/cinnabar,metalMinedMercuryCinnabar,0.0,absent,False
705,Hg,Mercury/cinnabar,metalMinedMercuryCinnabar,0.0,absent,False
706,Hg,Mercury/cinnabar,metalMinedMercuryCinnabar,0.0,absent,False
707,Hg,Mercury/cinnabar,metalMinedMercuryCinnabar,0.0,absent,False
708,Hg,Mercury/cinnabar,metalMinedMercuryCinnabar,0.0,absent,False
709,Hg,Mercury/cinnabar,metalMinedMercuryCinnabar,0.0,absent,False
710,Hg,Mercury/cinnabar,metalMinedMercuryCinnabar,0.0,absent,False
711,Hg,Mercury/cinnabar,metalMinedMercuryCinnabar,0.0,absent,False
712,Hg,Mercury/cinnabar,metalMinedMercuryCinnabar,0.0,absent,False
713,Hg,Mercury/cinnabar,metalMinedMercuryCinnabar,0.0,absent,False
715,Hg,Mercury/cinnabar,metalMinedMercuryCinnabar,0.0,absent,False
716,Hg,Mercury/cinnabar,metalMinedMercuryCinnabar,0.0,absent,False
717,Hg,Mercury/cinnabar,metalMinedMercuryCinnabar,0.0,absent,False
718,Hg,Mercury/cinnabar,metalMinedMercuryCinnabar,0.0,absent,False
719,Hg,Mercury/cinnabar,metalMinedMercuryCinnabar,0.0,absent,False
720,Hg,Mercury/cinnabar,metalMinedMercuryCinnabar,0.0,absent,False
721,Hg,Mercury/cinnabar,metalMinedMercuryCinnabar,0.0,absent,False
722,Hg,Mercury/cinnabar,metalMinedMercuryCinnabar,0.0,absent,False
723,Hg,Mercury/cinnabar,metalMinedMercuryCinnabar,0.0,absent,False
724,Hg,Mercury/cinnabar,metalMinedMercuryCinnabar,0.0,absent,False
725,Hg,Mercury/cinnabar,metalMinedMercuryCinnabar,0.0,absent,False
726,Hg,Mercury/cinnabar,metalMinedMercuryCinnabar,0.0,absent,False
727,Hg,Mercury/cinnabar,metalMinedMercuryCinnabar,0.0,absent,False
728,Hg,Mercury/cinnabar,metalMinedMercuryCinnabar,0.0,absent,False
730,Hg,Mercury/cinnabar,metalMinedMercuryCinnabar,1.0,present,True
731,Hg,Mercury/cinnabar,metalMinedMercuryCinnabar,0.0,absent,False
732,Hg,Mercury/cinnabar,metalMinedMercuryCinnabar,0.0,absent,False
733,Hg,Mercury/cinnabar,metalMinedMercuryCinnabar,0.0,absent,False
734,Hg,Mercury/cinnabar,metalMinedMercuryCinnabar,0.0,absent,False
735,Hg,Mercury/cinnabar,metalMinedMercuryCinnabar,0.0,absent,False
736,Hg,Mercury/cinnabar,metalMinedMercuryCinnabar,0.0,absent,False
737,Hg,Mercury/cinnabar,metalMinedMercuryCinnabar,0.0,absent,False
738,Hg,Mercury/cinnabar,metalMinedMercuryCinnabar,0.0,absent,False
739,Hg,Mercury/cinnabar,metalMinedMercuryCinnabar,0.0,absent,False
740,Hg,Mercury/cinnabar,metalMinedMercuryCinnabar,0.0,absent,False
741,Hg,Mercury/cinnabar,metalMinedMercuryCinnabar,0.0,absent,False
742,Hg,Mercury/cinnabar,metalMinedMercuryCinnabar,0.0,absent,False
743,Hg,Mercury/cinnabar,metalMinedMercuryCinnabar,0.0,absent,False
744,Hg,Mercury/cinnabar,metalMinedMercuryCinnabar,0.0,absent,False
745,Hg,Mercury/cinnabar,metalMinedMercuryCinnabar,0.0,absent,False
746,Hg,Mercury/cinnabar,metalMinedMercuryCinnabar,0.0,absent,False
747,Hg,Mercury/cinnabar,metalMinedMercuryCinnabar,0.0,absent,False
748,Hg,Mercury/cinnabar,metalMinedMercuryCinnabar,0.0,absent,False
749,Hg,Mercury/cinnabar,metalMinedMercuryCinnabar,0.0,absent,False
750,Hg,Mercury/cinnabar,metalMinedMercuryCinnabar,0.0,absent,False
752,Hg,Mercury/cinnabar,metalMinedMercuryCinnabar,0.0,absent,False
753,Hg,Mercury/cinnabar,metalMinedMercuryCinnabar,0.0,absent,False
754,Hg,Mercury/cinnabar,metalMinedMercuryCinnabar,0.0,absent,False
755,Hg,Mercury/cinnabar,metalMinedMercuryCinnabar,0.0,absent,False
757,Hg,Mercury/cinnabar,metalMinedMercuryCinnabar,0.0,absent,False
758,Hg,Mercury/cinnabar,metalMinedMercuryCinnabar,0.0,absent,False
759,Hg,Mercury/cinnabar,metalMinedMercuryCinnabar,0.0,absent,False
760,Hg,Mercury/cinnabar,metalMinedMercuryCinnabar,0.0,absent,False
762,Hg,Mercury/cinnabar,metalMinedMercuryCinnabar,0.0,absent,False
763,Hg,Mercury/cinnabar,metalMinedMercuryCinnabar,0.0,absent,False
764,Hg,Mercury/cinnabar,metalMinedMercuryCinnabar,0.0,absent,False
765,Hg,Mercury/cinnabar,metalMinedMercuryCinnabar,0.0,absent,False
767,Hg,Mercury/cinnabar,metalMinedMercuryCinnabar,0.0,absent,False
768,Hg,Mercury/cinnabar,metalMinedMercuryCinnabar,0.0,absent,False
769,Hg,Mercury/cinnabar,metalMinedMercuryCinnabar,0.0,absent,False
770,Hg,Mercury/cinnabar,metalMinedMercuryCinnabar,0.0,absent,False
772,Hg,Mercury/cinnabar,metalMinedMercuryCinnabar,0.0,absent,False
773,Hg,Mercury/cinnabar,metalMinedMercuryCinnabar,0.0,absent,False
774,Hg,Mercury/cinnabar,metalMinedMercuryCinnabar,0.0,absent,False
775,Hg,Mercury/cinnabar,metalMinedMercuryCinnabar,0.0,absent,False
776,Hg,Mercury/cinnabar,metalMinedMercuryCinnabar,0.0,absent,False
777,Hg,Mercury/cinnabar,metalMinedMercuryCinnabar,0.0,absent,False
778,Hg,Mercury/cinnabar,metalMinedMercuryCinnabar,0.0,absent,False
779,Hg,Mercury/cinnabar,metalMinedMercuryCinnabar,0.0,absent,False
780,Hg,Mercury/cinnabar,metalMinedMercuryCinnabar,0.0,absent,False
781,Hg,Mercury/cinnabar,metalMinedMercuryCinnabar,0.0,absent,False
782,Hg,Mercury/cinnabar,metalMinedMercuryCinnabar,0.0,absent,False
783,Hg,Mercury/cinnabar,metalMinedMercuryCinnabar,0.0,absent,False
784,Hg,Mercury/cinnabar,metalMinedMercuryCinnabar,0.0,absent,False
785,Hg,Mercury/cinnabar,metalMinedMercuryCinnabar,0.0,absent,False
786,Hg,Mercury/cinnabar,metalMinedMercuryCinnabar,0.0,absent,False
787,Hg,Mercury/cinnabar,metalMinedMercuryCinnabar,0.0,absent,False
788,Hg,Mercury/cinnabar,metalMinedMercuryCinnabar,0.0,absent,False
789,Hg,Mercury/cinnabar,metalMinedMercuryCinnabar,0.0,absent,False
790,Hg,Mercury/cinnabar,metalMinedMercuryCinnabar,0.0,absent,False
791,Hg,Mercury/cinnabar,metalMinedMercuryCinnabar,0.0,absent,False
792,Hg,Mercury/cinnabar,metalMinedMercuryCinnabar,0.0,absent,False
793,Hg,Mercury/cinnabar,metalMinedMercuryCinnabar,0.0,absent,False
794,Hg,Mercury/cinnabar,metalMinedMercuryCinnabar,0.0,absent,False
795,Hg,Mercury/cinnabar,metalMinedMercuryCinnabar,0.0,absent,False
796,Hg,Mercury/cinnabar,metalMinedMercuryCinnabar,0.0,absent,False
797,Hg,Mercury/cinnabar,metalMinedMercuryCinnabar,0.0,absent,False
798,Hg,Mercury/cinnabar,metalMinedMercuryCinnabar,0.0,absent,False
799,Hg,Mercury/cinnabar,metalMinedMercuryCinnabar,0.0,absent,False
800,Hg,Mercury/cinnabar,metalMinedMercuryCinnabar,0.0,absent,False
802,Hg,Mercury/cinnabar,metalMinedMercuryCinnabar,0.0,absent,False
803,Hg,Mercury/cinnabar,metalMinedMercuryCinnabar,0.0,absent,False
805,Hg,Mercury/cinnabar,metalMinedMercuryCinnabar,0.0,absent,False
806,Hg,Mercury/cinnabar,metalMinedMercuryCinnabar,0.0,absent,False
807,Hg,Mercury/cinnabar,metalMinedMercuryCinnabar,0.0,absent,False
808,Hg,Mercury/cinnabar,metalMinedMercuryCinnabar,0.0,absent,False
809,Hg,Mercury/cinnabar,metalMinedMercuryCinnabar,0.0,absent,False
810,Hg,Mercury/cinnabar,metalMinedMercuryCinnabar,0.0,absent,False
811,Hg,Mercury/cinnabar,metalMinedMercuryCinnabar,0.0,absent,False
812,Hg,Mercury/cinnabar,metalMinedMercuryCinnabar,0.0,absent,False
813,Hg,Mercury/cinnabar,metalMinedMercuryCinnabar,0.0,absent,False
814,Hg,Mercury/cinnabar,metalMinedMercuryCinnabar,0.0,absent,False
816,Hg,Mercury/cinnabar,metalMinedMercuryCinnabar,1.0,present,True
817,Hg,Mercury/cinnabar,metalMinedMercuryCinnabar,0.0,absent,False
818,Hg,Mercury/cinnabar,metalMinedMercuryCinnabar,0.0,absent,False
820,Hg,Mercury/cinnabar,metalMinedMercuryCinnabar,0.0,absent,False
821,Hg,Mercury/cinnabar,metalMinedMercuryCinnabar,0.0,absent,False
822,Hg,Mercury/cinnabar,metalMinedMercuryCinnabar,0.0,absent,False
823,Hg,Mercury/cinnabar,metalMinedMercuryCinnabar,0.0,absent,False
824,Hg,Mercury/cinnabar,metalMinedMercuryCinnabar,0.0,absent,False
825,Hg,Mercury/cinnabar,metalMinedMercuryCinnabar,0.0,absent,False
826,Hg,Mercury/cinnabar,metalMinedMercuryCinnabar,0.0,absent,False
827,Hg,Mercury/cinnabar,metalMinedMercuryCinnabar,0.0,absent,False
828,Hg,Mercury/cinnabar,metalMinedMercuryCinnabar,0.0,absent,False
829,Hg,Mercury/cinnabar,metalMinedMercuryCinnabar,0.0,absent,False
830,Hg,Mercury/cinnabar,metalMinedMercuryCinnabar,0.0,absent,False
831,Hg,Mercury/cinnabar,metalMinedMercuryCinnabar,0.0,absent,False
832,Hg,Mercury/cinnabar,metalMinedMercuryCinnabar,0.0,absent,False
833,Hg,Mercury/cinnabar,metalMinedMercuryCinnabar,0.0,absent,False
836,Hg,Mercury/cinnabar,metalMinedMercuryCinnabar,0.0,absent,False
837,Hg,Mercury/cinnabar,metalMinedMercuryCinnabar,0.0,absent,False
838,Hg,Mercury/cinnabar,metalMinedMercuryCinnabar,0.0,absent,False
839,Hg,Mercury/cinnabar,metalMinedMercuryCinnabar,0.0,absent,False
840,Hg,Mercury/cinnabar,metalMinedMercuryCinnabar,0.0,absent,False
841,Hg,Mercury/cinnabar,metalMinedMercuryCinnabar,0.0,absent,False
842,Hg,Mercury/cinnabar,metalMinedMercuryCinnabar,0.0,absent,False
843,Hg,Mercury/cinnabar,metalMinedMercuryCinnabar,0.0,absent,False
844,Hg,Mercury/cinnabar,metalMinedMercuryCinnabar,0.0,absent,False
845,Hg,Mercury/cinnabar,metalMinedMercuryCinnabar,0.0,absent,False
846,Hg,Mercury/cinnabar,metalMinedMercuryCinnabar,0.0,absent,False
848,Hg,Mercury/cinnabar,metalMinedMercuryCinnabar,0.0,absent,False
849,Hg,Mercury/cinnabar,metalMinedMercuryCinnabar,0.0,absent,False
850,Hg,Mercury/cinnabar,metalMinedMercuryCinnabar,0.0,absent,False
851,Hg,Mercury/cinnabar,metalMinedMercuryCinnabar,0.0,absent,False
853,Hg,Mercury/cinnabar,metalMinedMercuryCinnabar,0.0,absent,False
854,Hg,Mercury/cinnabar,metalMinedMercuryCinnabar,0.0,absent,False
855,Hg,Mercury/cinnabar,metalMinedMercuryCinnabar,0.0,absent,False
856,Hg,Mercury/cinnabar,metalMinedMercuryCinnabar,0.0,absent,False
857,Hg,Mercury/cinnabar,metalMinedMercuryCinnabar,0.0,absent,False
859,Hg,Mercury/cinnabar,metalMinedMercuryCinnabar,0.0,absent,False
860,Hg,Mercury/cinnabar,metalMinedMercuryCinnabar,1.0,present,True
865,Hg,Mercury/cinnabar,metalMinedMercuryCinnabar,0.0,absent,False
866,Hg,Mercury/cinnabar,metalMinedMercuryCinnabar,0.0,absent,False
867,Hg,Mercury/cinnabar,metalMinedMercuryCinnabar,0.0,absent,False
868,Hg,Mercury/cinnabar,metalMinedMercuryCinnabar,0.0,absent,False
869,Hg,Mercury/cinnabar,metalMinedMercuryCinnabar,0.0,absent,False
870,Hg,Mercury/cinnabar,metalMinedMercuryCinnabar,0.0,absent,False
871,Hg,Mercury/cinnabar,metalMinedMercuryCinnabar,0.0,absent,False
872,Hg,Mercury/cinnabar,metalMinedMercuryCinnabar,0.0,absent,False
873,Hg,Mercury/cinnabar,metalMinedMercuryCinnabar,0.0,absent,False
875,Hg,Mercury/cinnabar,metalMinedMercuryCinnabar,0.0,absent,False
876,Hg,Mercury/cinnabar,metalMinedMercuryCinnabar,0.0,absent,False
878,Hg,Mercury/cinnabar,metalMinedMercuryCinnabar,0.0,absent,False
879,Hg,Mercury/cinnabar,metalMinedMercuryCinnabar,0.0,absent,False
880,Hg,Mercury/cinnabar,metalMinedMercuryCinnabar,0.0,absent,False
881,Hg,Mercury/cinnabar,metalMinedMercuryCinnabar,0.0,absent,False
882,Hg,Mercury/cinnabar,metalMinedMercuryCinnabar,0.0,absent,False
884,Hg,Mercury/cinnabar,metalMinedMercuryCinnabar,0.0,absent,False
885,Hg,Mercury/cinnabar,metalMinedMercuryCinnabar,0.0,absent,False
886,Hg,Mercury/cinnabar,metalMinedMercuryCinnabar,0.0,absent,False
887,Hg,Mercury/cinnabar,metalMinedMercuryCinnabar,0.0,absent,False
888,Hg,Mercury/cinnabar,metalMinedMercuryCinnabar,0.0,absent,False
889,Hg,Mercury/cinnabar,metalMinedMercuryCinnabar,0.0,absent,False
890,Hg,Mercury/cinnabar,metalMinedMercuryCinnabar,0.0,absent,False
893,Hg,Mercury/cinnabar,metalMinedMercuryCinnabar,0.0,absent,False
895,Hg,Mercury/cinnabar,metalMinedMercuryCinnabar,0.0,absent,False
896,Hg,Mercury/cinnabar,metalMinedMercuryCinnabar,0.0,absent,False
897,Hg,Mercury/cinnabar,metalMinedMercuryCinnabar,0.0,absent,False
899,Hg,Mercury/cinnabar,metalMinedMercuryCinnabar,0.0,absent,False
900,Hg,Mercury/cinnabar,metalMinedMercuryCinnabar,0.0,absent,False
901,Hg,Mercury/cinnabar,metalMinedMercuryCinnabar,0.0,absent,False
902,Hg,Mercury/cinnabar,metalMinedMercuryCinnabar,0.0,absent,False
904,Hg,Mercury/cinnabar,metalMinedMercuryCinnabar,0.0,absent,False
905,Hg,Mercury/cinnabar,metalMinedMercuryCinnabar,0.0,absent,False
906,Hg,Mercury/cinnabar,metalMinedMercuryCinnabar,0.0,absent,False
908,Hg,Mercury/cinnabar,metalMinedMercuryCinnabar,0.0,absent,False
909,Hg,Mercury/cinnabar,metalMinedMercuryCinnabar,0.0,absent,False
910,Hg,Mercury/cinnabar,metalMinedMercuryCinnabar,0.0,absent,False
911,Hg,Mercury/cinnabar,metalMinedMercuryCinnabar,0.0,absent,False
912,Hg,Mercury/cinnabar,metalMinedMercuryCinnabar,0.0,absent,False
913,Hg,Mercury/cinnabar,metalMinedMercuryCinnabar,0.0,absent,False
914,Hg,Mercury/cinnabar,metalMinedMercuryCinnabar,0.0,absent,False
915,Hg,Mercury/cinnabar,metalMinedMercuryCinnabar,0.0,absent,False
918,Hg,Mercury/cinnabar,metalMinedMercuryCinnabar,0.0,absent,False
919,Hg,Mercury/cinnabar,metalMinedMercuryCinnabar,0.0,absent,False
920,Hg,Mercury/cinnabar,metalMinedMercuryCinnabar,0.0,absent,False
921,Hg,Mercury/cinnabar,metalMinedMercuryCinnabar,0.0,absent,False
922,Hg,Mercury/cinnabar,metalMinedMercuryCinnabar,0.0,absent,False
923,Hg,Mercury/cinnabar,metalMinedMercuryCinnabar,0.0,absent,False
924,Hg,Mercury/cinnabar,metalMinedMercuryCinnabar,0.0,absent,False
925,Hg,Mercury/cinnabar,metalMinedMercuryCinnabar,0.0,absent,False
926,Hg,Mercury/cinnabar,metalMinedMercuryCinnabar,0.0,absent,False
927,Hg,Mercury/cinnabar,metalMinedMercuryCinnabar,0.0,absent,False
929,Hg,Mercury/cinnabar,metalMinedMercuryCinnabar,0.0,absent,False
930,Hg,Mercury/cinnabar,metalMinedMercuryCinnabar,0.0,absent,False
932,Hg,Mercury/cinnabar,metalMinedMercuryCinnabar,0.0,absent,False
933,Hg,Mercury/cinnabar,metalMinedMercuryCinnabar,0.0,absent,False
934,Hg,Mercury/cinnabar,metalMinedMercuryCinnabar,0.0,absent,False
935,Hg,Mercury/cinnabar,metalMinedMercuryCinnabar,0.0,absent,False
936,Hg,Mercury/cinnabar,metalMinedMercuryCinnabar,0.0,absent,False
937,Hg,Mercury/cinnabar,metalMinedMercuryCinnabar,0.0,absent,False
938,Hg,Mercury/cinnabar,metalMinedMercuryCinnabar,0.0,absent,False
941,Hg,Mercury/cinnabar,metalMinedMercuryCinnabar,0.0,absent,False
942,Hg,Mercury/cinnabar,metalMinedMercuryCinnabar,0.0,absent,False
943,Hg,Mercury/cinnabar,metalMinedMercuryCinnabar,0.0,absent,False
944,Hg,Mercury/cinnabar,metalMinedMercuryCinnabar,0.0,absent,False
945,Hg,Mercury/cinnabar,metalMinedMercuryCinnabar,0.0,absent,False
946,Hg,Mercury/cinnabar,metalMinedMercuryCinnabar,0.0,absent,False
947,Hg,Mercury/cinnabar,metalMinedMercuryCinnabar,0.0,absent,False
948,Hg,Mercury/cinnabar,metalMinedMercuryCinnabar,0.0,absent,False
950,Hg,Mercury/cinnabar,metalMinedMercuryCinnabar,0.0,absent,False
951,Hg,Mercury/cinnabar,metalMinedMercuryCinnabar,0.0,absent,False
952,Hg,Mercury/cinnabar,metalMinedMercuryCinnabar,0.0,absent,False
953,Hg,Mercury/cinnabar,metalMinedMercuryCinnabar,0.0,absent,False
954,Hg,Mercury/cinnabar,metalMinedMercuryCinnabar,0.0,absent,False
955,Hg,Mercury/cinnabar,metalMinedMercuryCinnabar,0.0,absent,False
956,Hg,Mercury/cinnabar,metalMinedMercuryCinnabar,0.0,absent,False
957,Hg,Mercury/cinnabar,metalMinedMercuryCinnabar,0.0,absent,False
958,Hg,Mercury/cinnabar,metalMinedMercuryCinnabar,0.0,absent,False
963,Hg,Mercury/cinnabar,metalMinedMercuryCinnabar,0.0,absent,False
964,Hg,Mercury/cinnabar,metalMinedMercuryCinnabar,0.0,absent,False
965,Hg,Mercury/cinnabar,metalMinedMercuryCinnabar,0.0,absent,False
966,Hg,Mercury/cinnabar,metalMinedMercuryCinnabar,0.0,absent,False
967,Hg,Mercury/cinnabar,metalMinedMercuryCinnabar,0.0,absent,False
968,Hg,Mercury/cinnabar,metalMinedMercuryCinnabar,0.0,absent,False
969,Hg,Mercury/cinnabar,metalMinedMercuryCinnabar,0.0,absent,False
970,Hg,Mercury/cinnabar,metalMinedMercuryCinnabar,0.0,absent,False
971,Hg,Mercury/cinnabar,metalMinedMercuryCinnabar,0.0,absent,False
972,Hg,Mercury/cinnabar,metalMinedMercuryCinnabar,0.0,absent,False
973,Hg,Mercury/cinnabar,metalMinedMercuryCinnabar,0.0,absent,False
974,Hg,Mercury/cinnabar,metalMinedMercuryCinnabar,0.0,absent,False
977,Hg,Mercury/cinnabar,metalMinedMercuryCinnabar,0.0,absent,False
978,Hg,Mercury/cinnabar,metalMinedMercuryCinnabar,0.0,absent,False
979,Hg,Mercury/cinnabar,metalMinedMercuryCinnabar,0.0,absent,False
980,Hg,Mercury/cinnabar,metalMinedMercuryCinnabar,0.0,absent,False
981,Hg,Mercury/cinnabar,metalMinedMercuryCinnabar,0.0,absent,False
982,Hg,Mercury/cinnabar,metalMinedMercuryCinnabar,0.0,absent,False
983,Hg,Mercury/cinnabar,metalMinedMercuryCinnabar,0.0,absent,False
984,Hg,Mercury/cinnabar,metalMinedMercuryCinnabar,0.0,absent,False
985,Hg,Mercury/cinnabar,metalMinedMercuryCinnabar,0.0,absent,False
986,Hg,Mercury/cinnabar,metalMinedMercuryCinnabar,0.0,absent,False
987,Hg,Mercury/cinnabar,metalMinedMercuryCinnabar,0.0,absent,False
988,Hg,Mercury/cinnabar,metalMinedMercuryCinnabar,0.0,absent,False
989,Hg,Mercury/cinnabar,metalMinedMercuryCinnabar,0.0,absent,False
990,Hg,Mercury/cinnabar,metalMinedMercuryCinnabar,0.0,absent,False
993,Hg,Mercury/cinnabar,metalMinedMercuryCinnabar,0.0,absent,False
995,Hg,Mercury/cinnabar,metalMinedMercuryCinnabar,0.0,absent,False
996,Hg,Mercury/cinnabar,metalMinedMercuryCinnabar,0.0,absent,False
997,Hg,Mercury/cinnabar,metalMinedMercuryCinnabar,0.0,absent,False
998,Hg,Mercury/cinnabar,metalMinedMercuryCinnabar,0.0,absent,False
999,Hg,Mercury/cinnabar,metalMinedMercuryCinnabar,0.0,absent,False
1000,Hg,Mercury/cinnabar,metalMinedMercuryCinnabar,0.0,absent,False
1001,Hg,Mercury/cinnabar,metalMinedMercuryCinnabar,0.0,absent,False
1002,Hg,Mercury/cinnabar,metalMinedMercuryCinnabar,0.0,absent,False
1003,Hg,Mercury/cinnabar,metalMinedMercuryCinnabar,0.0,absent,False
1004,Hg,Mercury/cinnabar,metalMinedMercuryCinnabar,0.0,absent,False
1005,Hg,Mercury/cinnabar,metalMinedMercuryCinnabar,0.0,absent,False
1007,Hg,Mercury/cinnabar,metalMinedMercuryCinnabar,0.0,absent,False
1008,Hg,Mercury/cinnabar,metalMinedMercuryCinnabar,0.0,absent,False
1009,Hg,Mercury/cinnabar,metalMinedMercuryCinnabar,0.0,absent,False
1010,Hg,Mercury/cinnabar,metalMinedMercuryCinnabar,0.0,absent,False
1011,Hg,Mercury/cinnabar,metalMinedMercuryCinnabar,0.0,absent,False
1012,Hg,Mercury/cinnabar,metalMinedMercuryCinnabar,0.0,absent,False
1013,Hg,Mercury/cinnabar,metalMinedMercuryCinnabar,0.0,absent,False
1015,Hg,Mercury/cinnabar,metalMinedMercuryCinnabar,0.0,absent,False
1016,Hg,Mercury/cinnabar,metalMinedMercuryCinnabar,0.0,absent,False
1017,Hg,Mercury/cinnabar,metalMinedMercuryCinnabar,0.0,absent,False
1018,Hg,Mercury/cinnabar,metalMinedMercuryCinnabar,0.0,absent,False
1019,Hg,Mercury/cinnabar,metalMinedMercuryCinnabar,0.0,absent,False
1020,Hg,Mercury/cinnabar,metalMinedMercuryCinnabar,0.0,absent,False
1021,Hg,Mercury/cinnabar,metalMinedMercuryCinnabar,0.0,absent,False
1022,Hg,Mercury/cinnabar,metalMinedMercuryCinnabar,0.0,absent,False
1023,Hg,Mercury/cinnabar,metalMinedMercuryCinnabar,0.0,absent,False
1024,Hg,Mercury/cinnabar,metalMinedMercuryCinnabar,1.0,present,True
1025,Hg,Mercury/cinnabar,metalMinedMercuryCinnabar,0.0,absent,False
1026,Hg,Mercury/cinnabar,metalMinedMercuryCinnabar,0.0,absent,False
1029,Hg,Mercury/cinnabar,metalMinedMercuryCinnabar,0.0,absent,False
1030,Hg,Mercury/cinnabar,metalMinedMercuryCinnabar,0.0,absent,False
1031,Hg,Mercury/cinnabar,metalMinedMercuryCinnabar,0.0,absent,False
1032,Hg,Mercury/cinnabar,metalMinedMercuryCinnabar,0.0,absent,False
1033,Hg,Mercury/cinnabar,metalMinedMercuryCinnabar,0.0,absent,False
1034,Hg,Mercury/cinnabar,metalMinedMercuryCinnabar,0.0,absent,False
1035,Hg,Mercury/cinnabar,metalMinedMercuryCinnabar,0.0,absent,False
1036,Hg,Mercury/cinnabar,metalMinedMercuryCinnabar,0.0,absent,False
1038,Hg,Mercury/cinnabar,metalMinedMercuryCinnabar,0.0,absent,False
1040,Hg,Mercury/cinnabar,metalMinedMercuryCinnabar,0.0,absent,False
1041,Hg,Mercury/cinnabar,metalMinedMercuryCinnabar,0.0,absent,False
1042,Hg,Mercury/cinnabar,metalMinedMercuryCinnabar,0.0,absent,False
1043,Hg,Mercury/cinnabar,metalMinedMercuryCinnabar,0.0,absent,False
1044,Hg,Mercury/cinnabar,metalMinedMercuryCinnabar,0.0,absent,False
1045,Hg,Mercury/cinnabar,metalMinedMercuryCinnabar,0.0,absent,False
1046,Hg,Mercury/cinnabar,metalMinedMercuryCinnabar,0.0,absent,False
1047,Hg,Mercury/cinnabar,metalMinedMercuryCinnabar,0.0,absent,False
1048,Hg,Mercury/cinnabar,metalMinedMercuryCinnabar,0.0,absent,False
1049,Hg,Mercury/cinnabar,metalMinedMercuryCinnabar,0.0,absent,False
1051,Hg,Mercury/cinnabar,metalMinedMercuryCinnabar,0.0,absent,False
1052,Hg,Mercury/cinnabar,metalMinedMercuryCinnabar,0.0,absent,False
1053,Hg,Mercury/cinnabar,metalMinedMercuryCinnabar,0.0,absent,False
1054,Hg,Mercury/cinnabar,metalMinedMercuryCinnabar,0.0,absent,False
1055,Hg,Mercury/cinnabar,metalMinedMercuryCinnabar,0.0,absent,False
1056,Hg,Mercury/cinnabar,metalMinedMercuryCinnabar,0.0,absent,False
1057,Hg,Mercury/cinnabar,metalMinedMercuryCinnabar,0.0,absent,False
1058,Hg,Mercury/cinnabar,metalMinedMercuryCinnabar,0.0,absent,False
1059,Hg,Mercury/cinnabar,metalMinedMercuryCinnabar,0.0,absent,False
1060,Hg,Mercury/cinnabar,metalMinedMercuryCinnabar,0.0,absent,False
1061,Hg,Mercury/cinnabar,metalMinedMercuryCinnabar,0.0,absent,False
1062,Hg,Mercury/cinnabar,metalMinedMercuryCinnabar,0.0,absent,False
1063,Hg,Mercury/cinnabar,metalMinedMercuryCinnabar,0.0,absent,False
1064,Hg,Mercury/cinnabar,metalMinedMercuryCinnabar,0.0,absent,False
1065,Hg,Mercury/cinnabar,metalMinedMercuryCinnabar,0.0,absent,False
1066,Hg,Mercury/cinnabar,metalMinedMercuryCinnabar,0.0,absent,False
1067,Hg,Mercury/cinnabar,metalMinedMercuryCinnabar,0.0,absent,False
1068,Hg,Mercury/cinnabar,metalMinedMercuryCinnabar,0.0,absent,False
1069,Hg,Mercury/cinnabar,metalMinedMercuryCinnabar,0.0,absent,False
1070,Hg,Mercury/cinnabar,metalMinedMercuryCinnabar,0.0,absent,False
1071,Hg,Mercury/cinnabar,metalMinedMercuryCinnabar,0.0,absent,False
1072,Hg,Mercury/cinnabar,metalMinedMercuryCinnabar,0.0,absent,False
1073,Hg,Mercury/cinnabar,metalMinedMercuryCinnabar,0.0,absent,False
1074,Hg,Mercury/cinnabar,metalMinedMercuryCinnabar,0.0,absent,False
1075,Hg,Mercury/cinnabar,metalMinedMercuryCinnabar,0.0,absent,False
1076,Hg,Mercury/cinnabar,metalMinedMercuryCinnabar,0.0,absent,False
1077,Hg,Mercury/cinnabar,metalMinedMercuryCinnabar,0.0,absent,False
1079,Hg,Mercury/cinnabar,metalMinedMercuryCinnabar,0.0,absent,False
1080,Hg,Mercury/cinnabar,metalMinedMercuryCinnabar,0.0,absent,False
1081,Hg,Mercury/cinnabar,metalMinedMercuryCinnabar,0.0,absent,False
1082,Hg,Mercury/cinnabar,metalMinedMercuryCinnabar,0.0,absent,False
1083,Hg,Mercury/cinnabar,metalMinedMercuryCinnabar,0.0,absent,False
1084,Hg,Mercury/cinnabar,metalMinedMercuryCinnabar,0.0,absent,False
1085,Hg,Mercury/cinnabar,metalMinedMercuryCinnabar,0.0,absent,False
1086,Hg,Mercury/cinnabar,metalMinedMercuryCinnabar,0.0,absent,False
1087,Hg,Mercury/cinnabar,metalMinedMercuryCinnabar,0.0,absent,False
1089,Hg,Mercury/cinnabar,metalMinedMercuryCinnabar,0.0,absent,False
1090,Hg,Mercury/cinnabar,metalMinedMercuryCinnabar,0.0,absent,False
1091,Hg,Mercury/cinnabar,metalMinedMercuryCinnabar,0.0,absent,False
1092,Hg,Mercury/cinnabar,metalMinedMercuryCinnabar,0.0,absent,False
1093,Hg,Mercury/cinnabar,metalMinedMercuryCinnabar,0.0,absent,False
1094,Hg,Mercury/cinnabar,metalMinedMercuryCinnabar,0.0,absent,False
1095,Hg,Mercury/cinnabar,metalMinedMercuryCinnabar,0.0,absent,False
1096,Hg,Mercury/cinnabar,metalMinedMercuryCinnabar,0.0,absent,False
1097,Hg,Mercury/cinnabar,metalMinedMercuryCinnabar,0.0,absent,False
1098,Hg,Mercury/cinnabar,metalMinedMercuryCinnabar,0.0,absent,False
1099,Hg,Mercury/cinnabar,metalMinedMercuryCinnabar,0.0,absent,False
1100,Hg,Mercury/cinnabar,metalMinedMercuryCinnabar,0.0,absent,False
1101,Hg,Mercury/cinnabar,metalMinedMercuryCinnabar,0.0,absent,False
1102,Hg,Mercury/cinnabar,metalMinedMercuryCinnabar,0.0,absent,False
1103,Hg,Mercury/cinnabar,metalMinedMercuryCinnabar,0.0,absent,False
1104,Hg,Mercury/cinnabar,metalMinedMercuryCinnabar,0.0,absent,False
1108,Hg,Mercury/cinnabar,metalMinedMercuryCinnabar,0.0,absent,False
1109,Hg,Mercury/cinnabar,metalMinedMercuryCinnabar,0.0,absent,False
1110,Hg,Mercury/cinnabar,metalMinedMercuryCinnabar,0.0,absent,False
1111,Hg,Mercury/cinnabar,metalMinedMercuryCinnabar,0.0,absent,False
1112,Hg,Mercury/cinnabar,metalMinedMercuryCinnabar,0.0,absent,False
1113,Hg,Mercury/cinnabar,metalMinedMercuryCinnabar,0.0,absent,False
1115,Hg,Mercury/cinnabar,metalMinedMercuryCinnabar,0.0,absent,False
1117,Hg,Mercury/cinnabar,metalMinedMercuryCinnabar,0.0,absent,False
1118,Hg,Mercury/cinnabar,metalMinedMercuryCinnabar,0.0,absent,False
1119,Hg,Mercury/cinnabar,metalMinedMercuryCinnabar,0.0,absent,False
1120,Hg,Mercury/cinnabar,metalMinedMercuryCinnabar,0.0,absent,False
1121,Hg,Mercury/cinnabar,metalMinedMercuryCinnabar,0.0,absent,False
1122,Hg,Mercury/cinnabar,metalMinedMercuryCinnabar,0.0,absent,False
1123,Hg,Mercury/cinnabar,metalMinedMercuryCinnabar,0.0,absent,False
1124,Hg,Mercury/cinnabar,metalMinedMercuryCinnabar,0.0,absent,False
1125,Hg,Mercury/cinnabar,metalMinedMercuryCinnabar,0.0,absent,False
1126,Hg,Mercury/cinnabar,metalMinedMercuryCinnabar,0.0,absent,False
1127,Hg,Mercury/cinnabar,metalMinedMercuryCinnabar,0.0,absent,False
1129,Hg,Mercury/cinnabar,metalMinedMercuryCinnabar,0.0,absent,False
1130,Hg,Mercury/cinnabar,metalMinedMercuryCinnabar,0.0,absent,False
1131,Hg,Mercury/cinnabar,metalMinedMercuryCinnabar,0.0,absent,False
1132,Hg,Mercury/cinnabar,metalMinedMercuryCinnabar,0.0,absent,False
1133,Hg,Mercury/cinnabar,metalMinedMercuryCinnabar,0.0,absent,False
1134,Hg,Mercury/cinnabar,metalMinedMercuryCinnabar,0.0,absent,False
1135,Hg,Mercury/cinnabar,metalMinedMercuryCinnabar,0.0,absent,False
1136,Hg,Mercury/cinnabar,metalMinedMercuryCinnabar,0.0,absent,False
1137,Hg,Mercury/cinnabar,metalMinedMercuryCinnabar,0.0,absent,False
1138,Hg,Mercury/cinnabar,metalMinedMercuryCinnabar,0.0,absent,False
1139,Hg,Mercury/cinnabar,metalMinedMercuryCinnabar,0.0,absent,False
1140,Hg,Mercury/cinnabar,metalMinedMercuryCinnabar,0.0,absent,False
1141,Hg,Mercury/cinnabar,metalMinedMercuryCinnabar,0.0,absent,False
1142,Hg,Mercury/cinnabar,metalMinedMercuryCinnabar,0.0,absent,False
1143,Hg,Mercury/cinnabar,metalMinedMercuryCinnabar,0.0,absent,False
1144,Hg,Mercury/cinnabar,metalMinedMercuryCinnabar,0.0,absent,False
1145,Hg,Mercury/cinnabar,metalMinedMercuryCinnabar,0.0,absent,False
1146,Hg,Mercury/cinnabar,metalMinedMercuryCinnabar,0.0,absent,False
1147,Hg,Mercury/cinnabar,metalMinedMercuryCinnabar,0.0,absent,False
1148,Hg,Mercury/cinnabar,metalMinedMercuryCinnabar,0.0,absent,False
1150,Hg,Mercury/cinnabar,metalMinedMercuryCinnabar,0.0,absent,False
1151,Hg,Mercury/cinnabar,metalMinedMercuryCinnabar,0.0,absent,False
1152,Hg,Mercury/cinnabar,metalMinedMercuryCinnabar,0.0,absent,False
1153,Hg,Mercury/cinnabar,metalMinedMercuryCinnabar,0.0,absent,False
1154,Hg,Mercury/cinnabar,metalMinedMercuryCinnabar,0.0,absent,False
1155,Hg,Mercury/cinnabar,metalMinedMercuryCinnabar,0.0,absent,False
1156,Hg,Mercury/cinnabar,metalMinedMercuryCinnabar,0.0,absent,False
1157,Hg,Mercury/cinnabar,metalMinedMercuryCinnabar,0.0,absent,False
1158,Hg,Mercury/cinnabar,metalMinedMercuryCinnabar,0.0,absent,False
1159,Hg,Mercury/cinnabar,metalMinedMercuryCinnabar,0.0,absent,False
1160,Hg,Mercury/cinnabar,metalMinedMercuryCinnabar,0.0,absent,False
1161,Hg,Mercury/cinnabar,metalMinedMercuryCinnabar,0.0,absent,False
1162,Hg,Mercury/cinnabar,metalMinedMercuryCinnabar,0.0,absent,False
1163,Hg,Mercury/cinnabar,metalMinedMercuryCinnabar,0.0,absent,False
1164,Hg,Mercury/cinnabar,metalMinedMercuryCinnabar,0.0,absent,False
1165,Hg,Mercury/cinnabar,metalMinedMercuryCinnabar,0.0,absent,False
1166,Hg,Mercury/cinnabar,metalMinedMercuryCinnabar,0.0,absent,False
1167,Hg,Mercury/cinnabar,metalMinedMercuryCinnabar,0.0,absent,False
1168,Hg,Mercury/cinnabar,metalMinedMercuryCinnabar,0.0,absent,False
1169,Hg,Mercury/cinnabar,metalMinedMercuryCinnabar,0.0,absent,False
1170,Hg,Mercury/cinnabar,metalMinedMercuryCinnabar,0.0,absent,False
1171,Hg,Mercury/cinnabar,metalMinedMercuryCinnabar,0.0,absent,False
1172,Hg,Mercury/cinnabar,metalMinedMercuryCinnabar,0.0,absent,False
1173,Hg,Mercury/cinnabar,metalMinedMercuryCinnabar,0.0,absent,False
1174,Hg,Mercury/cinnabar,metalMinedMercuryCinnabar,0.0,absent,False
1175,Hg,Mercury/cinnabar,metalMinedMercuryCinnabar,0.0,absent,False
1176,Hg,Mercury/cinnabar,metalMinedMercuryCinnabar,0.0,absent,False
1177,Hg,Mercury/cinnabar,metalMinedMercuryCinnabar,0.0,absent,False
1178,Hg,Mercury/cinnabar,metalMinedMercuryCinnabar,0.0,absent,False
1179,Hg,Mercury/cinnabar,metalMinedMercuryCinnabar,0.0,absent,False
1180,Hg,Mercury/cinnabar,metalMinedMercuryCinnabar,0.0,absent,False
1181,Hg,Mercury/cinnabar,metalMinedMercuryCinnabar,0.0,absent,False
1182,Hg,Mercury/cinnabar,metalMinedMercuryCinnabar,0.0,absent,False
1183,Hg,Mercury/cinnabar,metalMinedMercuryCinnabar,0.0,absent,False
1184,Hg,Mercury/cinnabar,metalMinedMercuryCinnabar,0.0,absent,False
1185,Hg,Mercury/cinnabar,metalMinedMercuryCinnabar,0.0,absent,False
1186,Hg,Mercury/cinnabar,metalMinedMercuryCinnabar,0.0,absent,False
1187,Hg,Mercury/cinnabar,metalMinedMercuryCinnabar,0.0,absent,False
1188,Hg,Mercury/cinnabar,metalMinedMercuryCinnabar,0.0,absent,False
1189,Hg,Mercury/cinnabar,metalMinedMercuryCinnabar,0.0,absent,False
1190,Hg,Mercury/cinnabar,metalMinedMercuryCinnabar,0.0,absent,False
1191,Hg,Mercury/cinnabar,metalMinedMercuryCinnabar,0.0,absent,False
1192,Hg,Mercury/cinnabar,metalMinedMercuryCinnabar,0.0,absent,False
1193,Hg,Mercury/cinnabar,metalMinedMercuryCinnabar,0.0,absent,False
1194,Hg,Mercury/cinnabar,metalMinedMercuryCinnabar,0.0,absent,False
1195,Hg,Mercury/cinnabar,metalMinedMercuryCinnabar,0.0,absent,False
1196,Hg,Mercury/cinnabar,metalMinedMercuryCinnabar,0.0,absent,False
1197,Hg,Mercury/cinnabar,metalMinedMercuryCinnabar,0.0,absent,False
1200,Hg,Mercury/cinnabar,metalMinedMercuryCinnabar,0.0,absent,False
1201,Hg,Mercury/cinnabar,metalMinedMercuryCinnabar,0.0,absent,False
1202,Hg,Mercury/cinnabar,metalMinedMercuryCinnabar,0.0,absent,False
1203,Hg,Mercury/cinnabar,metalMinedMercuryCinnabar,0.0,absent,False
1204,Hg,Mercury/cinnabar,metalMinedMercuryCinnabar,0.0,absent,False
1205,Hg,Mercury/cinnabar,metalMinedMercuryCinnabar,0.0,absent,False
1206,Hg,Mercury/cinnabar,metalMinedMercuryCinnabar,0.0,absent,False
1207,Hg,Mercury/cinnabar,metalMinedMercuryCinnabar,0.0,absent,False
1208,Hg,Mercury/cinnabar,metalMinedMercuryCinnabar,0.0,absent,False
1209,Hg,Mercury/cinnabar,metalMinedMercuryCinnabar,0.0,absent,False
1210,Hg,Mercury/cinnabar,metalMinedMercuryCinnabar,0.0,absent,False
1211,Hg,Mercury/cinnabar,metalMinedMercuryCinnabar,0.0,absent,False
1212,Hg,Mercury/cinnabar,metalMinedMercuryCinnabar,0.0,absent,False
1213,Hg,Mercury/cinnabar,metalMinedMercuryCinnabar,0.0,absent,False
1214,Hg,Mercury/cinnabar,metalMinedMercuryCinnabar,0.0,absent,False
1215,Hg,Mercury/cinnabar,metalMinedMercuryCinnabar,0.0,absent,False
1216,Hg,Mercury/cinnabar,metalMinedMercuryCinnabar,0.0,absent,False
1217,Hg,Mercury/cinnabar,metalMinedMercuryCinnabar,0.0,absent,False
1218,Hg,Mercury/cinnabar,metalMinedMercuryCinnabar,0.0,absent,False
1219,Hg,Mercury/cinnabar,metalMinedMercuryCinnabar,0.0,absent,False
1220,Hg,Mercury/cinnabar,metalMinedMercuryCinnabar,0.0,absent,False
1221,Hg,Mercury/cinnabar,metalMinedMercuryCinnabar,0.0,absent,False
1222,Hg,Mercury/cinnabar,metalMinedMercuryCinnabar,0.0,absent,False
1223,Hg,Mercury/cinnabar,metalMinedMercuryCinnabar,0.0,absent,False
1224,Hg,Mercury/cinnabar,metalMinedMercuryCinnabar,0.0,absent,False
1225,Hg,Mercury/cinnabar,metalMinedMercuryCinnabar,0.0,absent,False
1226,Hg,Mercury/cinnabar,metalMinedMercuryCinnabar,0.0,absent,False
1227,Hg,Mercury/cinnabar,metalMinedMercuryCinnabar,0.0,absent,False
1228,Hg,Mercury/cinnabar,metalMinedMercuryCinnabar,0.0,absent,False
1229,Hg,Mercury/cinnabar,metalMinedMercuryCinnabar,0.0,absent,False
1230,Hg,Mercury/cinnabar,metalMinedMercuryCinnabar,0.0,absent,False
1231,Hg,Mercury/cinnabar,metalMinedMercuryCinnabar,0.0,absent,False
1232,Hg,Mercury/cinnabar,metalMinedMercuryCinnabar,0.0,absent,False
1233,Hg,Mercury/cinnabar,metalMinedMercuryCinnabar,0.0,absent,False
1234,Hg,Mercury/cinnabar,metalMinedMercuryCinnabar,0.0,absent,False
1235,Hg,Mercury/cinnabar,metalMinedMercuryCinnabar,0.0,absent,False
1236,Hg,Mercury/cinnabar,metalMinedMercuryCinnabar,0.0,absent,False
1237,Hg,Mercury/cinnabar,metalMinedMercuryCinnabar,0.0,absent,False
1238,Hg,Mercury/cinnabar,metalMinedMercuryCinnabar,0.0,absent,False
1239,Hg,Mercury/cinnabar,metalMinedMercuryCinnabar,0.0,absent,False
1240,Hg,Mercury/cinnabar,metalMinedMercuryCinnabar,0.0,absent,False
1241,Hg,Mercury/cinnabar,metalMinedMercuryCinnabar,0.0,absent,False
1242,Hg,Mercury/cinnabar,metalMinedMercuryCinnabar,0.0,absent,False
1243,Hg,Mercury/cinnabar,metalMinedMercuryCinnabar,0.0,absent,False
1244,Hg,Mercury/cinnabar,metalMinedMercuryCinnabar,0.0,absent,False
1245,Hg,Mercury/cinnabar,metalMinedMercuryCinnabar,0.0,absent,False
1246,Hg,Mercury/cinnabar,metalMinedMercuryCinnabar,0.0,absent,False
1247,Hg,Mercury/cinnabar,metalMinedMercuryCinnabar,0.0,absent,False
1248,Hg,Mercury/cinnabar,metalMinedMercuryCinnabar,0.0,absent,False
1249,Hg,Mercury/cinnabar,metalMinedMercuryCinnabar,0.0,absent,False
1250,Hg,Mercury/cinnabar,metalMinedMercuryCinnabar,0.0,absent,False
1251,Hg,Mercury/cinnabar,metalMinedMercuryCinnabar,0.0,absent,False
1252,Hg,Mercury/cinnabar,metalMinedMercuryCinnabar,0.0,absent,False
1253,Hg,Mercury/cinnabar,metalMinedMercuryCinnabar,0.0,absent,False
1254,Hg,Mercury/cinnabar,metalMinedMercuryCinnabar,0.0,absent,False
1255,Hg,Mercury/cinnabar,metalMinedMercuryCinnabar,0.0,absent,False
1257,Hg,Mercury/cinnabar,metalMinedMercuryCinnabar,0.0,absent,False
1258,Hg,Mercury/cinnabar,metalMinedMercuryCinnabar,0.0,absent,False
1259,Hg,Mercury/cinnabar,metalMinedMercuryCinnabar,0.0,absent,False
1260,Hg,Mercury/cinnabar,metalMinedMercuryCinnabar,0.0,absent,False
1261,Hg,Mercury/cinnabar,metalMinedMercuryCinnabar,0.0,absent,False
1262,Hg,Mercury/cinnabar,metalMinedMercuryCinnabar,0.0,absent,False
1264,Hg,Mercury/cinnabar,metalMinedMercuryCinnabar,0.0,absent,False
1265,Hg,Mercury/cinnabar,metalMinedMercuryCinnabar,0.0,absent,False
1266,Hg,Mercury/cinnabar,metalMinedMercuryCinnabar,0.0,absent,False
1267,Hg,Mercury/cinnabar,metalMinedMercuryCinnabar,0.0,absent,False
1268,Hg,Mercury/cinnabar,metalMinedMercuryCinnabar,0.0,absent,False
1269,Hg,Mercury/cinnabar,metalMinedMercuryCinnabar,0.0,absent,False
1270,Hg,Mercury/cinnabar,metalMinedMercuryCinnabar,0.0,absent,False
1271,Hg,Mercury/cinnabar,metalMinedMercuryCinnabar,0.0,absent,False
1272,Hg,Mercury/cinnabar,metalMinedMercuryCinnabar,0.0,absent,False
1273,Hg,Mercury/cinnabar,metalMinedMercuryCinnabar,0.0,absent,False
1274,Hg,Mercury/cinnabar,metalMinedMercuryCinnabar,0.0,absent,False
1275,Hg,Mercury/cinnabar,metalMinedMercuryCinnabar,0.0,absent,False
1276,Hg,Mercury/cinnabar,metalMinedMercuryCinnabar,0.0,absent,False
1277,Hg,Mercury/cinnabar,metalMinedMercuryCinnabar,0.0,absent,False
1278,Hg,Mercury/cinnabar,metalMinedMercuryCinnabar,0.0,absent,False
1279,Hg,Mercury/cinnabar,metalMinedMercuryCinnabar,0.0,absent,False
1280,Hg,Mercury/cinnabar,metalMinedMercuryCinnabar,0.0,absent,False
1281,Hg,Mercury/cinnabar,metalMinedMercuryCinnabar,0.0,absent,False
1282,Hg,Mercury/cinnabar,metalMinedMercuryCinnabar,0.0,absent,False
1283,Hg,Mercury/cinnabar,metalMinedMercuryCinnabar,0.0,absent,False
1284,Hg,Mercury/cinnabar,metalMinedMercuryCinnabar,0.0,absent,False
1285,Hg,Mercury/cinnabar,metalMinedMercuryCinnabar,0.0,absent,False
1286,Hg,Mercury/cinnabar,metalMinedMercuryCinnabar,0.0,absent,False
1287,Hg,Mercury/cinnabar,metalMinedMercuryCinnabar,0.0,absent,False
1289,Hg,Mercury/cinnabar,metalMinedMercuryCinnabar,0.0,absent,False
1290,Hg,Mercury/cinnabar,metalMinedMercuryCinnabar,0.0,absent,False
1292,Hg,Mercury/cinnabar,metalMinedMercuryCinnabar,0.0,absent,False
1293,Hg,Mercury/cinnabar,metalMinedMercuryCinnabar,0.0,absent,False
1294,Hg,Mercury/cinnabar,metalMinedMercuryCinnabar,0.0,absent,False
1295,Hg,Mercury/cinnabar,metalMinedMercuryCinnabar,0.0,absent,False
1296,Hg,Mercury/cinnabar,metalMinedMercuryCinnabar,0.0,absent,False
1297,Hg,Mercury/cinnabar,metalMinedMercuryCinnabar,0.0,absent,False
1298,Hg,Mercury/cinnabar,metalMinedMercuryCinnabar,0.0,absent,False
1299,Hg,Mercury/cinnabar,metalMinedMercuryCinnabar,0.0,absent,False
1300,Hg,Mercury/cinnabar,metalMinedMercuryCinnabar,0.0,absent,False
1301,Hg,Mercury/cinnabar,metalMinedMercuryCinnabar,0.0,absent,False
1302,Hg,Mercury/cinnabar,metalMinedMercuryCinnabar,0.0,absent,False
1303,Hg,Mercury/cinnabar,metalMinedMercuryCinnabar,0.0,absent,False
1304,Hg,Mercury/cinnabar,metalMinedMercuryCinnabar,0.0,absent,False
1305,Hg,Mercury/cinnabar,metalMinedMercuryCinnabar,0.0,absent,False
1306,Hg,Mercury/cinnabar,metalMinedMercuryCinnabar,0.0,absent,False
1307,Hg,Mercury/cinnabar,metalMinedMercuryCinnabar,0.0,absent,False
1308,Hg,Mercury/cinnabar,metalMinedMercuryCinnabar,0.0,absent,False
1309,Hg,Mercury/cinnabar,metalMinedMercuryCinnabar,0.0,absent,False
1310,Hg,Mercury/cinnabar,metalMinedMercuryCinnabar,0.0,absent,False
1311,Hg,Mercury/cinnabar,metalMinedMercuryCinnabar,0.0,absent,False
1312,Hg,Mercury/cinnabar,metalMinedMercuryCinnabar,0.0,absent,False
1313,Hg,Mercury/cinnabar,metalMinedMercuryCinnabar,0.0,absent,False
1314,Hg,Mercury/cinnabar,metalMinedMercuryCinnabar,0.0,absent,False
1315,Hg,Mercury/cinnabar,metalMinedMercuryCinnabar,0.0,absent,False
1316,Hg,Mercury/cinnabar,metalMinedMercuryCinnabar,0.0,absent,False
1317,Hg,Mercury/cinnabar,metalMinedMercuryCinnabar,0.0,absent,False
1318,Hg,Mercury/cinnabar,metalMinedMercuryCinnabar,0.0,absent,False
1319,Hg,Mercury/cinnabar,metalMinedMercuryCinnabar,0.0,absent,False
1320,Hg,Mercury/cinnabar,metalMinedMercuryCinnabar,0.0,absent,False
1321,Hg,Mercury/cinnabar,metalMinedMercuryCinnabar,0.0,absent,False
1322,Hg,Mercury/cinnabar,metalMinedMercuryCinnabar,0.0,absent,False
1323,Hg,Mercury/cinnabar,metalMinedMercuryCinnabar,0.0,absent,False
1324,Hg,Mercury/cinnabar,metalMinedMercuryCinnabar,0.0,absent,False
1325,Hg,Mercury/cinnabar,metalMinedMercuryCinnabar,0.0,absent,False
1326,Hg,Mercury/cinnabar,metalMinedMercuryCinnabar,0.0,absent,False
1327,Hg,Mercury/cinnabar,metalMinedMercuryCinnabar,0.0,absent,False
1328,Hg,Mercury/cinnabar,metalMinedMercuryCinnabar,0.0,absent,False
1329,Hg,Mercury/cinnabar,metalMinedMercuryCinnabar,0.0,absent,False
1330,Hg,Mercury/cinnabar,metalMinedMercuryCinnabar,0.0,absent,False
1331,Hg,Mercury/cinnabar,metalMinedMercuryCinnabar,0.0,absent,False
1332,Hg,Mercury/cinnabar,metalMinedMercuryCinnabar,0.0,absent,False
1333,Hg,Mercury/cinnabar,metalMinedMercuryCinnabar,0.0,absent,False
1334,Hg,Mercury/cinnabar,metalMinedMercuryCinnabar,0.0,absent,False
1335,Hg,Mercury/cinnabar,metalMinedMercuryCinnabar,0.0,absent,False
1336,Hg,Mercury/cinnabar,metalMinedMercuryCinnabar,0.0,absent,False
1337,Hg,Mercury/cinnabar,metalMinedMercuryCinnabar,0.0,absent,False
1338,Hg,Mercury/cinnabar,metalMinedMercuryCinnabar,0.0,absent,False
1339,Hg,Mercury/cinnabar,metalMinedMercuryCinnabar,0.0,absent,False
1340,Hg,Mercury/cinnabar,metalMinedMercuryCinnabar,0.0,absent,False
1341,Hg,Mercury/cinnabar,metalMinedMercuryCinnabar,0.0,absent,False
1342,Hg,Mercury/cinnabar,metalMinedMercuryCinnabar,0.0,absent,False
1343,Hg,Mercury/cinnabar,metalMinedMercuryCinnabar,0.0,absent,False
1344,Hg,Mercury/cinnabar,metalMinedMercuryCinnabar,0.0,absent,False
1345,Hg,Mercury/cinnabar,metalMinedMercuryCinnabar,0.0,absent,False
1346,Hg,Mercury/cinnabar,metalMinedMercuryCinnabar,0.0,absent,False
1347,Hg,Mercury/cinnabar,metalMinedMercuryCinnabar,0.0,absent,False
1348,Hg,Mercury/cinnabar,metalMinedMercuryCinnabar,0.0,absent,False
1349,Hg,Mercury/cinnabar,metalMinedMercuryCinnabar,0.0,absent,False
1350,Hg,Mercury/cinnabar,metalMinedMercuryCinnabar,0.0,absent,False
1351,Hg,Mercury/cinnabar,metalMinedMercuryCinnabar,0.0,absent,False
1352,Hg,Mercury/cinnabar,metalMinedMercuryCinnabar,0.0,absent,False
1354,Hg,Mercury/cinnabar,metalMinedMercuryCinnabar,0.0,absent,False
1355,Hg,Mercury/cinnabar,metalMinedMercuryCinnabar,0.0,absent,False
1356,Hg,Mercury/cinnabar,metalMinedMercuryCinnabar,0.0,absent,False
1357,Hg,Mercury/cinnabar,metalMinedMercuryCinnabar,0.0,absent,False
1358,Hg,Mercury/cinnabar,metalMinedMercuryCinnabar,0.0,absent,False
1359,Hg,Mercury/cinnabar,metalMinedMercuryCinnabar,0.0,absent,False
1360,Hg,Mercury/cinnabar,metalMinedMercuryCinnabar,0.0,absent,False
1361,Hg,Mercury/cinnabar,metalMinedMercuryCinnabar,0.0,absent,False
1362,Hg,Mercury/cinnabar,metalMinedMercuryCinnabar,0.0,absent,False
1363,Hg,Mercury/cinnabar,metalMinedMercuryCinnabar,0.0,absent,False
1364,Hg,Mercury/cinnabar,metalMinedMercuryCinnabar,0.0,absent,False
1365,Hg,Mercury/cinnabar,metalMinedMercuryCinnabar,0.0,absent,False
1366,Hg,Mercury/cinnabar,metalMinedMercuryCinnabar,0.0,absent,False
1367,Hg,Mercury/cinnabar,metalMinedMercuryCinnabar,0.0,absent,False
1368,Hg,Mercury/cinnabar,metalMinedMercuryCinnabar,0.0,absent,False
1369,Hg,Mercury/cinnabar,metalMinedMercuryCinnabar,0.0,absent,False
1370,Hg,Mercury/cinnabar,metalMinedMercuryCinnabar,0.0,absent,False
1371,Hg,Mercury/cinnabar,metalMinedMercuryCinnabar,0.0,absent,False
1373,Hg,Mercury/cinnabar,metalMinedMercuryCinnabar,0.0,absent,False
1374,Hg,Mercury/cinnabar,metalMinedMercuryCinnabar,0.0,absent,False
1375,Hg,Mercury/cinnabar,metalMinedMercuryCinnabar,0.0,absent,False
1376,Hg,Mercury/cinnabar,metalMinedMercuryCinnabar,0.0,absent,False
1377,Hg,Mercury/cinnabar,metalMinedMercuryCinnabar,0.0,absent,False
1378,Hg,Mercury/cinnabar,metalMinedMercuryCinnabar,0.0,absent,False
1379,Hg,Mercury/cinnabar,metalMinedMercuryCinnabar,0.0,absent,False
1380,Hg,Mercury/cinnabar,metalMinedMercuryCinnabar,0.0,absent,False
1381,Hg,Mercury/cinnabar,metalMinedMercuryCinnabar,0.0,absent,False
1382,Hg,Mercury/cinnabar,metalMinedMercuryCinnabar,0.0,absent,False
1383,Hg,Mercury/cinnabar,metalMinedMercuryCinnabar,0.0,absent,False
1384,Hg,Mercury/cinnabar,metalMinedMercuryCinnabar,0.0,absent,False
1385,Hg,Mercury/cinnabar,metalMinedMercuryCinnabar,0.0,absent,False
1386,Hg,Mercury/cinnabar,metalMinedMercuryCinnabar,0.0,absent,False
1388,Hg,Mercury/cinnabar,metalMinedMercuryCinnabar,0.0,absent,False
1389,Hg,Mercury/cinnabar,metalMinedMercuryCinnabar,0.0,absent,False
1390,Hg,Mercury/cinnabar,metalMinedMercuryCinnabar,0.0,absent,False
1391,Hg,Mercury/cinnabar,metalMinedMercuryCinnabar,0.0,absent,False
1392,Hg,Mercury/cinnabar,metalMinedMercuryCinnabar,0.0,absent,False
1393,Hg,Mercury/cinnabar,metalMinedMercuryCinnabar,0.0,absent,False
1394,Hg,Mercury/cinnabar,metalMinedMercuryCinnabar,0.0,absent,False
1395,Hg,Mercury/cinnabar,metalMinedMercuryCinnabar,0.0,absent,False
1396,Hg,Mercury/cinnabar,metalMinedMercuryCinnabar,0.0,absent,False
1397,Hg,Mercury/cinnabar,metalMinedMercuryCinnabar,0.0,absent,False
1399,Hg,Mercury/cinnabar,metalMinedMercuryCinnabar,0.0,absent,False
1400,Hg,Mercury/cinnabar,metalMinedMercuryCinnabar,0.0,absent,False
1401,Hg,Mercury/cinnabar,metalMinedMercuryCinnabar,0.0,absent,False
1402,Hg,Mercury/cinnabar,metalMinedMercuryCinnabar,0.0,absent,False
1403,Hg,Mercury/cinnabar,metalMinedMercuryCinnabar,0.0,absent,False
1404,Hg,Mercury/cinnabar,metalMinedMercuryCinnabar,0.0,absent,False
1405,Hg,Mercury/cinnabar,metalMinedMercuryCinnabar,0.0,absent,False
1406,Hg,Mercury/cinnabar,metalMinedMercuryCinnabar,0.0,absent,False
1407,Hg,Mercury/cinnabar,metalMinedMercuryCinnabar,0.0,absent,False
1408,Hg,Mercury/cinnabar,metalMinedMercuryCinnabar,0.0,absent,False
1409,Hg,Mercury/cinnabar,metalMinedMercuryCinnabar,0.0,absent,False
1410,Hg,Mercury/cinnabar,metalMinedMercuryCinnabar,0.0,absent,False
1411,Hg,Mercury/cinnabar,metalMinedMercuryCinnabar,0.0,absent,False
1412,Hg,Mercury/cinnabar,metalMinedMercuryCinnabar,0.0,absent,False
1413,Hg,Mercury/cinnabar,metalMinedMercuryCinnabar,0.0,absent,False
1414,Hg,Mercury/cinnabar,metalMinedMercuryCinnabar,0.0,absent,False
1415,Hg,Mercury/cinnabar,metalMinedMercuryCinnabar,0.0,absent,False
1416,Hg,Mercury/cinnabar,metalMinedMercuryCinnabar,0.0,absent,False
1417,Hg,Mercury/cinnabar,metalMinedMercuryCinnabar,0.0,absent,False
1418,Hg,Mercury/cinnabar,metalMinedMercuryCinnabar,0.0,absent,False
1420,Hg,Mercury/cinnabar,metalMinedMercuryCinnabar,0.0,absent,False
1437,Hg,Mercury/cinnabar,metalMinedMercuryCinnabar,0.0,absent,False
1447,Hg,Mercury/cinnabar,metalMinedMercuryCinnabar,0.0,absent,False
1449,Hg,Mercury/cinnabar,metalMinedMercuryCinnabar,0.0,absent,False
1504,Hg,Mercury/cinnabar,metalMinedMercuryCinnabar,0.0,absent,False
1627,Hg,Mercury/cinnabar,metalMinedMercuryCinnabar,0.0,absent,False
1628,Hg,Mercury/cinnabar,metalMinedMercuryCinnabar,0.0,absent,False
1635,Hg,Mercury/cinnabar,metalMinedMercuryCinnabar,0.0,absent,False
1636,Hg,Mercury/cinnabar,metalMinedMercuryCinnabar,0.0,absent,False
1637,Hg,Mercury/cinnabar,metalMinedMercuryCinnabar,0.0,absent,False
1638,Hg,Mercury/cinnabar,metalMinedMercuryCinnabar,0.0,absent,False
1639,Hg,Mercury/cinnabar,metalMinedMercuryCinnabar,0.0,absent,False
1764,Hg,Mercury/cinnabar,metalMinedMercuryCinnabar,0.0,absent,False
1767,Hg,Mercury/cinnabar,metalMinedMercuryCinnabar,0.0,absent,False
1768,Hg,Mercury/cinnabar,metalMinedMercuryCinnabar,0.0,absent,False
1769,Hg,Mercury/cinnabar,metalMinedMercuryCinnabar,0.0,absent,False
1770,Hg,Mercury/cinnabar,metalMinedMercuryCinnabar,0.0,absent,False
1771,Hg,Mercury/cinnabar,metalMinedMercuryCinnabar,0.0,absent,False
1772,Hg,Mercury/cinnabar,metalMinedMercuryCinnabar,0.0,absent,False
1775,Hg,Mercury/cinnabar,metalMinedMercuryCinnabar,0.0,absent,False
1776,Hg,Mercury/cinnabar,metalMinedMercuryCinnabar,0.0,absent,False
1777,Hg,Mercury/cinnabar,metalMinedMercuryCinnabar,0.0,absent,False
1778,Hg,Mercury/cinnabar,metalMinedMercuryCinnabar,0.0,absent,False
1779,Hg,Mercury/cinnabar,metalMinedMercuryCinnabar,0.0,absent,False
1780,Hg,Mercury/cinnabar,metalMinedMercuryCinnabar,0.0,absent,False
132,Zn,Zinc,metalMinedZinc,0.0,absent,False
391,Zn,Zinc,metalMinedZinc,0.0,absent,False
429,Zn,Zinc,metalMinedZinc,0.0,absent,False
430,Zn,Zinc,metalMinedZinc,0.0,absent,False
431,Zn,Zinc,metalMinedZinc,0.0,absent,False
432,Zn,Zinc,metalMinedZinc,0.0,absent,False
433,Zn,Zinc,metalMinedZinc,0.0,absent,False
434,Zn,Zinc,metalMinedZinc,0.0,absent,False
435,Zn,Zinc,metalMinedZinc,0.0,absent,False
436,Zn,Zinc,metalMinedZinc,0.0,absent,False
437,Zn,Zinc,metalMinedZinc,0.0,absent,False
438,Zn,Zinc,metalMinedZinc,0.0,absent,False
439,Zn,Zinc,metalMinedZinc,0.0,absent,False
440,Zn,Zinc,metalMinedZinc,0.0,absent,False
441,Zn,Zinc,metalMinedZinc,0.0,absent,False
442,Zn,Zinc,metalMinedZinc,0.0,absent,False
444,Zn,Zinc,metalMinedZinc,0.0,absent,False
445,Zn,Zinc,metalMinedZinc,0.0,absent,False
446,Zn,Zinc,metalMinedZinc,0.0,absent,False
447,Zn,Zinc,metalMinedZinc,0.0,absent,False
448,Zn,Zinc,metalMinedZinc,0.0,absent,False
449,Zn,Zinc,metalMinedZinc,0.0,absent,False
450,Zn,Zinc,metalMinedZinc,0.0,absent,False
451,Zn,Zinc,metalMinedZinc,0.0,absent,False
452,Zn,Zinc,metalMinedZinc,0.0,absent,False
453,Zn,Zinc,metalMinedZinc,0.0,absent,False
454,Zn,Zinc,metalMinedZinc,0.0,absent,False
455,Zn,Zinc,metalMinedZinc,0.0,absent,False
456,Zn,Zinc,metalMinedZinc,0.0,absent,False
457,Zn,Zinc,metalMinedZinc,0.0,absent,False
458,Zn,Zinc,metalMinedZinc,0.0,absent,False
459,Zn,Zinc,metalMinedZinc,0.0,absent,False
460,Zn,Zinc,metalMinedZinc,0.0,absent,False
461,Zn,Zinc,metalMinedZinc,0.0,absent,False
462,Zn,Zinc,metalMinedZinc,0.0,absent,False
463,Zn,Zinc,metalMinedZinc,0.0,absent,False
464,Zn,Zinc,metalMinedZinc,0.0,absent,False
465,Zn,Zinc,metalMinedZinc,0.0,absent,False
466,Zn,Zinc,metalMinedZinc,0.0,absent,False
467,Zn,Zinc,metalMinedZinc,0.0,absent,False
468,Zn,Zinc,metalMinedZinc,0.0,absent,False
469,Zn,Zinc,metalMinedZinc,0.0,absent,False
470,Zn,Zinc,metalMinedZinc,0.0,absent,False
471,Zn,Zinc,metalMinedZinc,0.0,absent,False
472,Zn,Zinc,metalMinedZinc,0.0,absent,False
473,Zn,Zinc,metalMinedZinc,0.0,absent,False
474,Zn,Zinc,metalMinedZinc,0.0,absent,False
475,Zn,Zinc,metalMinedZinc,0.0,absent,False
476,Zn,Zinc,metalMinedZinc,0.0,absent,False
477,Zn,Zinc,metalMinedZinc,0.0,absent,False
478,Zn,Zinc,metalMinedZinc,0.0,absent,False
479,Zn,Zinc,metalMinedZinc,0.0,absent,False
480,Zn,Zinc,metalMinedZinc,0.0,absent,False
481,Zn,Zinc,metalMinedZinc,0.0,absent,False
482,Zn,Zinc,metalMinedZinc,0.0,absent,False
483,Zn,Zinc,metalMinedZinc,0.0,absent,False
484,Zn,Zinc,metalMinedZinc,0.0,absent,False
486,Zn,Zinc,metalMinedZinc,0.0,absent,False
487,Zn,Zinc,metalMinedZinc,0.0,absent,False
488,Zn,Zinc,metalMinedZinc,0.0,absent,False
489,Zn,Zinc,metalMinedZinc,0.0,absent,False
490,Zn,Zinc,metalMinedZinc,0.0,absent,False
491,Zn,Zinc,metalMinedZinc,0.0,absent,False
492,Zn,Zinc,metalMinedZinc,0.0,absent,False
493,Zn,Zinc,metalMinedZinc,0.0,absent,False
494,Zn,Zinc,metalMinedZinc,0.0,absent,False
495,Zn,Zinc,metalMinedZinc,0.0,absent,False
496,Zn,Zinc,metalMinedZinc,0.0,absent,False
497,Zn,Zinc,metalMinedZinc,0.0,absent,False
498,Zn,Zinc,metalMinedZinc,0.0,absent,False
499,Zn,Zinc,metalMinedZinc,0.0,absent,False
500,Zn,Zinc,metalMinedZinc,0.0,absent,False
501,Zn,Zinc,metalMinedZinc,0.0,absent,False
502,Zn,Zinc,metalMinedZinc,0.0,absent,False
503,Zn,Zinc,metalMinedZinc,0.0,absent,False
504,Zn,Zinc,metalMinedZinc,0.0,absent,False
505,Zn,Zinc,metalMinedZinc,0.0,absent,False
506,Zn,Zinc,metalMinedZinc,0.0,absent,False
507,Zn,Zinc,metalMinedZinc,0.0,absent,False
508,Zn,Zinc,metalMinedZinc,0.0,absent,False
509,Zn,Zinc,metalMinedZinc,0.0,absent,False
510,Zn,Zinc,metalMinedZinc,0.0,absent,False
511,Zn,Zinc,metalMinedZinc,0.0,absent,False
512,Zn,Zinc,metalMinedZinc,0.0,absent,False
513,Zn,Zinc,metalMinedZinc,0.0,absent,False
514,Zn,Zinc,metalMinedZinc,0.0,absent,False
515,Zn,Zinc,metalMinedZinc,0.0,absent,False
516,Zn,Zinc,metalMinedZinc,0.0,absent,False
517,Zn,Zinc,metalMinedZinc,0.0,absent,False
518,Zn,Zinc,metalMinedZinc,0.0,absent,False
519,Zn,Zinc,metalMinedZinc,0.0,absent,False
520,Zn,Zinc,metalMinedZinc,0.0,absent,False
521,Zn,Zinc,metalMinedZinc,0.0,absent,False
523,Zn,Zinc,metalMinedZinc,0.0,absent,False
524,Zn,Zinc,metalMinedZinc,0.0,absent,False
525,Zn,Zinc,metalMinedZinc,0.0,absent,False
526,Zn,Zinc,metalMinedZinc,0.0,absent,False
527,Zn,Zinc,metalMinedZinc,0.0,absent,False
528,Zn,Zinc,metalMinedZinc,0.0,absent,False
529,Zn,Zinc,metalMinedZinc,0.0,absent,False
530,Zn,Zinc,metalMinedZinc,0.0,absent,False
531,Zn,Zinc,metalMinedZinc,0.0,absent,False
532,Zn,Zinc,metalMinedZinc,0.0,absent,False
533,Zn,Zinc,metalMinedZinc,0.0,absent,False
535,Zn,Zinc,metalMinedZinc,0.0,absent,False
536,Zn,Zinc,metalMinedZinc,0.0,absent,False
537,Zn,Zinc,metalMinedZinc,0.0,absent,False
538,Zn,Zinc,metalMinedZinc,0.0,absent,False
539,Zn,Zinc,metalMinedZinc,0.0,absent,False
540,Zn,Zinc,metalMinedZinc,0.0,absent,False
541,Zn,Zinc,metalMinedZinc,0.0,absent,False
542,Zn,Zinc,metalMinedZinc,0.0,absent,False
543,Zn,Zinc,metalMinedZinc,0.0,absent,False
545,Zn,Zinc,metalMinedZinc,0.0,absent,False
547,Zn,Zinc,metalMinedZinc,0.0,absent,False
548,Zn,Zinc,metalMinedZinc,0.0,absent,False
549,Zn,Zinc,metalMinedZinc,0.0,absent,False
550,Zn,Zinc,metalMinedZinc,0.0,absent,False
551,Zn,Zinc,metalMinedZinc,0.0,absent,False
552,Zn,Zinc,metalMinedZinc,0.0,absent,False
553,Zn,Zinc,metalMinedZinc,0.0,absent,False
554,Zn,Zinc,metalMinedZinc,0.0,absent,False
555,Zn,Zinc,metalMinedZinc,0.0,absent,False
556,Zn,Zinc,metalMinedZinc,0.0,absent,False
557,Zn,Zinc,metalMinedZinc,0.0,absent,False
558,Zn,Zinc,metalMinedZinc,0.0,absent,False
559,Zn,Zinc,metalMinedZinc,0.0,absent,False
560,Zn,Zinc,metalMinedZinc,0.0,absent,False
561,Zn,Zinc,metalMinedZinc,0.0,absent,False
563,Zn,Zinc,metalMinedZinc,0.0,absent,False
564,Zn,Zinc,metalMinedZinc,0.0,absent,False
565,Zn,Zinc,metalMinedZinc,0.0,absent,False
566,Zn,Zinc,metalMinedZinc,0.0,absent,False
567,Zn,Zinc,metalMinedZinc,0.0,absent,False
568,Zn,Zinc,metalMinedZinc,0.0,absent,False
569,Zn,Zinc,metalMinedZinc,0.0,absent,False
570,Zn,Zinc,metalMinedZinc,0.0,absent,False
571,Zn,Zinc,metalMinedZinc,0.0,absent,False
572,Zn,Zinc,metalMinedZinc,0.0,absent,False
573,Zn,Zinc,metalMinedZinc,0.0,absent,False
574,Zn,Zinc,metalMinedZinc,0.0,absent,False
575,Zn,Zinc,metalMinedZinc,0.0,absent,False
576,Zn,Zinc,metalMinedZinc,0.0,absent,False
577,Zn,Zinc,metalMinedZinc,0.0,absent,False
578,Zn,Zinc,metalMinedZinc,0.0,absent,False
579,Zn,Zinc,metalMinedZinc,0.0,absent,False
580,Zn,Zinc,metalMinedZinc,0.0,absent,False
581,Zn,Zinc,metalMinedZinc,0.0,absent,False
582,Zn,Zinc,metalMinedZinc,0.0,absent,False
583,Zn,Zinc,metalMinedZinc,0.0,absent,False
584,Zn,Zinc,metalMinedZinc,0.0,absent,False
585,Zn,Zinc,metalMinedZinc,0.0,absent,False
586,Zn,Zinc,metalMinedZinc,0.0,absent,False
587,Zn,Zinc,metalMinedZinc,0.0,absent,False
588,Zn,Zinc,metalMinedZinc,0.0,absent,False
589,Zn,Zinc,metalMinedZinc,0.0,absent,False
590,Zn,Zinc,metalMinedZinc,0.0,absent,False
591,Zn,Zinc,metalMinedZinc,0.0,absent,False
592,Zn,Zinc,metalMinedZinc,0.0,absent,False
593,Zn,Zinc,metalMinedZinc,0.0,absent,False
594,Zn,Zinc,metalMinedZinc,0.0,absent,False
595,Zn,Zinc,metalMinedZinc,0.0,absent,False
596,Zn,Zinc,metalMinedZinc,0.0,absent,False
597,Zn,Zinc,metalMinedZinc,0.0,absent,False
598,Zn,Zinc,metalMinedZinc,0.0,absent,False
599,Zn,Zinc,metalMinedZinc,0.0,absent,False
601,Zn,Zinc,metalMinedZinc,0.0,absent,False
602,Zn,Zinc,metalMinedZinc,0.0,absent,False
603,Zn,Zinc,metalMinedZinc,0.0,absent,False
604,Zn,Zinc,metalMinedZinc,0.0,absent,False
605,Zn,Zinc,metalMinedZinc,0.0,absent,False
606,Zn,Zinc,metalMinedZinc,0.0,absent,False
607,Zn,Zinc,metalMinedZinc,0.0,absent,False
608,Zn,Zinc,metalMinedZinc,0.0,absent,False
609,Zn,Zinc,metalMinedZinc,0.0,absent,False
610,Zn,Zinc,metalMinedZinc,0.0,absent,False
612,Zn,Zinc,metalMinedZinc,0.0,absent,False
613,Zn,Zinc,metalMinedZinc,0.0,absent,False
614,Zn,Zinc,metalMinedZinc,0.0,absent,False
615,Zn,Zinc,metalMinedZinc,0.0,absent,False
616,Zn,Zinc,metalMinedZinc,0.0,absent,False
617,Zn,Zinc,metalMinedZinc,0.0,absent,False
618,Zn,Zinc,metalMinedZinc,0.0,absent,False
619,Zn,Zinc,metalMinedZinc,0.0,absent,False
620,Zn,Zinc,metalMinedZinc,0.0,absent,False
623,Zn,Zinc,metalMinedZinc,0.0,absent,False
624,Zn,Zinc,metalMinedZinc,0.0,absent,False
625,Zn,Zinc,metalMinedZinc,0.0,absent,False
626,Zn,Zinc,metalMinedZinc,0.0,absent,False
627,Zn,Zinc,metalMinedZinc,0.0,absent,False
629,Zn,Zinc,metalMinedZinc,0.0,absent,False
630,Zn,Zinc,metalMinedZinc,0.0,absent,False
631,Zn,Zinc,metalMinedZinc,0.0,absent,False
632,Zn,Zinc,metalMinedZinc,0.0,absent,False
633,Zn,Zinc,metalMinedZinc,0.0,absent,False
634,Zn,Zinc,metalMinedZinc,0.0,absent,False
635,Zn,Zinc,metalMinedZinc,0.0,absent,False
636,Zn,Zinc,metalMinedZinc,0.0,absent,False
637,Zn,Zinc,metalMinedZinc,0.0,absent,False
638,Zn,Zinc,metalMinedZinc,0.0,absent,False
639,Zn,Zinc,metalMinedZinc,0.0,absent,False
640,Zn,Zinc,metalMinedZinc,0.0,absent,False
641,Zn,Zinc,metalMinedZinc,0.0,absent,False
642,Zn,Zinc,metalMinedZinc,0.0,absent,False
643,Zn,Zinc,metalMinedZinc,0.0,absent,False
644,Zn,Zinc,metalMinedZinc,0.0,absent,False
645,Zn,Zinc,metalMinedZinc,0.0,absent,False
646,Zn,Zinc,metalMinedZinc,0.0,absent,False
647,Zn,Zinc,metalMinedZinc,0.0,absent,False
648,Zn,Zinc,metalMinedZinc,0.0,absent,False
649,Zn,Zinc,metalMinedZinc,0.0,absent,False
650,Zn,Zinc,metalMinedZinc,0.0,absent,False
651,Zn,Zinc,metalMinedZinc,0.0,absent,False
652,Zn,Zinc,metalMinedZinc,0.0,absent,False
653,Zn,Zinc,metalMinedZinc,0.0,absent,False
654,Zn,Zinc,metalMinedZinc,0.0,absent,False
655,Zn,Zinc,metalMinedZinc,0.0,absent,False
656,Zn,Zinc,metalMinedZinc,0.0,absent,False
657,Zn,Zinc,metalMinedZinc,0.0,absent,False
658,Zn,Zinc,metalMinedZinc,0.0,absent,False
659,Zn,Zinc,metalMinedZinc,0.0,absent,False
660,Zn,Zinc,metalMinedZinc,0.0,absent,False
661,Zn,Zinc,metalMinedZinc,0.0,absent,False
662,Zn,Zinc,metalMinedZinc,0.0,absent,False
663,Zn,Zinc,metalMinedZinc,0.0,absent,False
664,Zn,Zinc,metalMinedZinc,0.0,absent,False
665,Zn,Zinc,metalMinedZinc,0.0,absent,False
666,Zn,Zinc,metalMinedZinc,0.0,absent,False
667,Zn,Zinc,metalMinedZinc,0.0,absent,False
668,Zn,Zinc,metalMinedZinc,0.0,absent,False
669,Zn,Zinc,metalMinedZinc,0.0,absent,False
670,Zn,Zinc,metalMinedZinc,0.0,absent,False
671,Zn,Zinc,metalMinedZinc,0.0,absent,False
672,Zn,Zinc,metalMinedZinc,0.0,absent,False
673,Zn,Zinc,metalMinedZinc,0.0,absent,False
674,Zn,Zinc,metalMinedZinc,0.0,absent,False
675,Zn,Zinc,metalMinedZinc,0.0,absent,False
676,Zn,Zinc,metalMinedZinc,0.0,absent,False
677,Zn,Zinc,metalMinedZinc,0.0,absent,False
678,Zn,Zinc,metalMinedZinc,0.0,absent,False
680,Zn,Zinc,metalMinedZinc,0.0,absent,False
681,Zn,Zinc,metalMinedZinc,0.0,absent,False
682,Zn,Zinc,metalMinedZinc,0.0,absent,False
683,Zn,Zinc,metalMinedZinc,0.0,absent,False
684,Zn,Zinc,metalMinedZinc,0.0,absent,False
686,Zn,Zinc,metalMinedZinc,0.0,absent,False
687,Zn,Zinc,metalMinedZinc,0.0,absent,False
688,Zn,Zinc,metalMinedZinc,0.0,absent,False
689,Zn,Zinc,metalMinedZinc,0.0,absent,False
690,Zn,Zinc,metalMinedZinc,0.0,absent,False
692,Zn,Zinc,metalMinedZinc,0.0,absent,False
693,Zn,Zinc,metalMinedZinc,0.0,absent,False
694,Zn,Zinc,metalMinedZinc,0.0,absent,False
695,Zn,Zinc,metalMinedZinc,0.0,absent,False
696,Zn,Zinc,metalMinedZinc,0.0,absent,False
697,Zn,Zinc,metalMinedZinc,0.0,absent,False
698,Zn,Zinc,metalMinedZinc,0.0,absent,False
699,Zn,Zinc,metalMinedZinc,0.0,absent,False
700,Zn,Zinc,metalMinedZinc,0.0,absent,False
701,Zn,Zinc,metalMinedZinc,0.0,absent,False
702,Zn,Zinc,metalMinedZinc,0.0,absent,False
703,Zn,Zinc,metalMinedZinc,0.0,absent,False
705,Zn,Zinc,metalMinedZinc,0.0,absent,False
706,Zn,Zinc,metalMinedZinc,0.0,absent,False
707,Zn,Zinc,metalMinedZinc,0.0,absent,False
708,Zn,Zinc,metalMinedZinc,0.0,absent,False
709,Zn,Zinc,metalMinedZinc,0.0,absent,False
710,Zn,Zinc,metalMinedZinc,0.0,absent,False
711,Zn,Zinc,metalMinedZinc,0.0,absent,False
712,Zn,Zinc,metalMinedZinc,0.0,absent,False
713,Zn,Zinc,metalMinedZinc,0.0,absent,False
715,Zn,Zinc,metalMinedZinc,0.0,absent,False
716,Zn,Zinc,metalMinedZinc,0.0,absent,False
717,Zn,Zinc,metalMinedZinc,0.0,absent,False
718,Zn,Zinc,metalMinedZinc,0.0,absent,False
719,Zn,Zinc,metalMinedZinc,0.0,absent,False
720,Zn,Zinc,metalMinedZinc,0.0,absent,False
721,Zn,Zinc,metalMinedZinc,0.0,absent,False
722,Zn,Zinc,metalMinedZinc,0.0,absent,False
723,Zn,Zinc,metalMinedZinc,0.0,absent,False
724,Zn,Zinc,metalMinedZinc,0.0,absent,False
725,Zn,Zinc,metalMinedZinc,0.0,absent,False
726,Zn,Zinc,metalMinedZinc,0.0,absent,False
727,Zn,Zinc,metalMinedZinc,0.0,absent,False
728,Zn,Zinc,metalMinedZinc,0.0,absent,False
730,Zn,Zinc,metalMinedZinc,0.0,absent,False
731,Zn,Zinc,metalMinedZinc,0.0,absent,False
732,Zn,Zinc,metalMinedZinc,0.0,absent,False
733,Zn,Zinc,metalMinedZinc,0.0,absent,False
734,Zn,Zinc,metalMinedZinc,0.0,absent,False
735,Zn,Zinc,metalMinedZinc,0.0,absent,False
736,Zn,Zinc,metalMinedZinc,0.0,absent,False
737,Zn,Zinc,metalMinedZinc,0.0,absent,False
738,Zn,Zinc,metalMinedZinc,0.0,absent,False
739,Zn,Zinc,metalMinedZinc,0.0,absent,False
740,Zn,Zinc,metalMinedZinc,0.0,absent,False
741,Zn,Zinc,metalMinedZinc,0.0,absent,False
742,Zn,Zinc,metalMinedZinc,0.0,absent,False
743,Zn,Zinc,metalMinedZinc,0.0,absent,False
744,Zn,Zinc,metalMinedZinc,0.0,absent,False
745,Zn,Zinc,metalMinedZinc,0.0,absent,False
746,Zn,Zinc,metalMinedZinc,0.0,absent,False
747,Zn,Zinc,metalMinedZinc,0.0,absent,False
748,Zn,Zinc,metalMinedZinc,0.0,absent,False
749,Zn,Zinc,metalMinedZinc,0.0,absent,False
750,Zn,Zinc,metalMinedZinc,0.0,absent,False
752,Zn,Zinc,metalMinedZinc,0.0,absent,False
753,Zn,Zinc,metalMinedZinc,0.0,absent,False
754,Zn,Zinc,metalMinedZinc,0.0,absent,False
755,Zn,Zinc,metalMinedZinc,0.0,absent,False
757,Zn,Zinc,metalMinedZinc,0.0,absent,False
758,Zn,Zinc,metalMinedZinc,0.0,absent,False
759,Zn,Zinc,metalMinedZinc,0.0,absent,False
760,Zn,Zinc,metalMinedZinc,0.0,absent,False
762,Zn,Zinc,metalMinedZinc,0.0,absent,False
763,Zn,Zinc,metalMinedZinc,0.0,absent,False
764,Zn,Zinc,metalMinedZinc,0.0,absent,False
765,Zn,Zinc,metalMinedZinc,0.0,absent,False
767,Zn,Zinc,metalMinedZinc,0.0,absent,False
768,Zn,Zinc,metalMinedZinc,0.0,absent,False
769,Zn,Zinc,metalMinedZinc,0.0,absent,False
770,Zn,Zinc,metalMinedZinc,0.0,absent,False
772,Zn,Zinc,metalMinedZinc,0.0,absent,False
773,Zn,Zinc,metalMinedZinc,0.0,absent,False
774,Zn,Zinc,metalMinedZinc,0.0,absent,False
775,Zn,Zinc,metalMinedZinc,0.0,absent,False
776,Zn,Zinc,metalMinedZinc,0.0,absent,False
777,Zn,Zinc,metalMinedZinc,0.0,absent,False
778,Zn,Zinc,metalMinedZinc,0.0,absent,False
779,Zn,Zinc,metalMinedZinc,0.0,absent,False
780,Zn,Zinc,metalMinedZinc,0.0,absent,False
781,Zn,Zinc,metalMinedZinc,0.0,absent,False
782,Zn,Zinc,metalMinedZinc,0.0,absent,False
783,Zn,Zinc,metalMinedZinc,0.0,absent,False
784,Zn,Zinc,metalMinedZinc,0.0,absent,False
785,Zn,Zinc,metalMinedZinc,0.0,absent,False
786,Zn,Zinc,metalMinedZinc,0.0,absent,False
787,Zn,Zinc,metalMinedZinc,0.0,absent,False
788,Zn,Zinc,metalMinedZinc,0.0,absent,False
789,Zn,Zinc,metalMinedZinc,0.0,absent,False
790,Zn,Zinc,metalMinedZinc,0.0,absent,False
791,Zn,Zinc,metalMinedZinc,0.0,absent,False
792,Zn,Zinc,metalMinedZinc,0.0,absent,False
793,Zn,Zinc,metalMinedZinc,0.0,absent,False
794,Zn,Zinc,metalMinedZinc,0.0,absent,False
795,Zn,Zinc,metalMinedZinc,0.0,absent,False
796,Zn,Zinc,metalMinedZinc,0.0,absent,False
797,Zn,Zinc,metalMinedZinc,0.0,absent,False
798,Zn,Zinc,metalMinedZinc,0.0,absent,False
799,Zn,Zinc,metalMinedZinc,0.0,absent,False
800,Zn,Zinc,metalMinedZinc,0.0,absent,False
802,Zn,Zinc,metalMinedZinc,0.0,absent,False
803,Zn,Zinc,metalMinedZinc,0.0,absent,False
805,Zn,Zinc,metalMinedZinc,0.0,absent,False
806,Zn,Zinc,metalMinedZinc,0.0,absent,False
807,Zn,Zinc,metalMinedZinc,0.0,absent,False
808,Zn,Zinc,metalMinedZinc,0.0,absent,False
809,Zn,Zinc,metalMinedZinc,0.0,absent,False
810,Zn,Zinc,metalMinedZinc,0.0,absent,False
811,Zn,Zinc,metalMinedZinc,0.0,absent,False
812,Zn,Zinc,metalMinedZinc,0.0,absent,False
813,Zn,Zinc,metalMinedZinc,0.0,absent,False
814,Zn,Zinc,metalMinedZinc,0.0,absent,False
816,Zn,Zinc,metalMinedZinc,0.0,absent,False
817,Zn,Zinc,metalMinedZinc,0.0,absent,False
818,Zn,Zinc,metalMinedZinc,0.0,absent,False
820,Zn,Zinc,metalMinedZinc,0.0,absent,False
821,Zn,Zinc,metalMinedZinc,0.0,absent,False
822,Zn,Zinc,metalMinedZinc,0.0,absent,False
823,Zn,Zinc,metalMinedZinc,0.0,absent,False
824,Zn,Zinc,metalMinedZinc,0.0,absent,False
825,Zn,Zinc,metalMinedZinc,0.0,absent,False
826,Zn,Zinc,metalMinedZinc,0.0,absent,False
827,Zn,Zinc,metalMinedZinc,0.0,absent,False
828,Zn,Zinc,metalMinedZinc,0.0,absent,False
829,Zn,Zinc,metalMinedZinc,0.0,absent,False
830,Zn,Zinc,metalMinedZinc,0.0,absent,False
831,Zn,Zinc,metalMinedZinc,0.0,absent,False
832,Zn,Zinc,metalMinedZinc,0.0,absent,False
833,Zn,Zinc,metalMinedZinc,0.0,absent,False
836,Zn,Zinc,metalMinedZinc,0.0,absent,False
837,Zn,Zinc,metalMinedZinc,0.0,absent,False
838,Zn,Zinc,metalMinedZinc,0.0,absent,False
839,Zn,Zinc,metalMinedZinc,0.0,absent,False
840,Zn,Zinc,metalMinedZinc,0.0,absent,False
841,Zn,Zinc,metalMinedZinc,0.0,absent,False
842,Zn,Zinc,metalMinedZinc,0.0,absent,False
843,Zn,Zinc,metalMinedZinc,0.0,absent,False
844,Zn,Zinc,metalMinedZinc,0.0,absent,False
845,Zn,Zinc,metalMinedZinc,0.0,absent,False
846,Zn,Zinc,metalMinedZinc,0.0,absent,False
848,Zn,Zinc,metalMinedZinc,0.0,absent,False
849,Zn,Zinc,metalMinedZinc,0.0,absent,False
850,Zn,Zinc,metalMinedZinc,0.0,absent,False
851,Zn,Zinc,metalMinedZinc,0.0,absent,False
853,Zn,Zinc,metalMinedZinc,0.0,absent,False
854,Zn,Zinc,metalMinedZinc,1.0,present,True
855,Zn,Zinc,metalMinedZinc,0.0,absent,False
856,Zn,Zinc,metalMinedZinc,0.0,absent,False
857,Zn,Zinc,metalMinedZinc,0.0,absent,False
859,Zn,Zinc,metalMinedZinc,0.0,absent,False
860,Zn,Zinc,metalMinedZinc,0.0,absent,False
865,Zn,Zinc,metalMinedZinc,0.0,absent,False
866,Zn,Zinc,metalMinedZinc,0.0,absent,False
867,Zn,Zinc,metalMinedZinc,0.0,absent,False
868,Zn,Zinc,metalMinedZinc,0.0,absent,False
869,Zn,Zinc,metalMinedZinc,0.0,absent,False
870,Zn,Zinc,metalMinedZinc,0.0,absent,False
871,Zn,Zinc,metalMinedZinc,0.0,absent,False
872,Zn,Zinc,metalMinedZinc,0.0,absent,False
873,Zn,Zinc,metalMinedZinc,0.0,absent,False
875,Zn,Zinc,metalMinedZinc,0.0,absent,False
876,Zn,Zinc,metalMinedZinc,0.0,absent,False
878,Zn,Zinc,metalMinedZinc,0.0,absent,False
879,Zn,Zinc,metalMinedZinc,0.0,absent,False
880,Zn,Zinc,metalMinedZinc,0.0,absent,False
881,Zn,Zinc,metalMinedZinc,0.0,absent,False
882,Zn,Zinc,metalMinedZinc,0.0,absent,False
884,Zn,Zinc,metalMinedZinc,0.0,absent,False
885,Zn,Zinc,metalMinedZinc,0.0,absent,False
886,Zn,Zinc,metalMinedZinc,0.0,absent,False
887,Zn,Zinc,metalMinedZinc,0.0,absent,False
888,Zn,Zinc,metalMinedZinc,0.0,absent,False
889,Zn,Zinc,metalMinedZinc,0.0,absent,False
890,Zn,Zinc,metalMinedZinc,0.0,absent,False
893,Zn,Zinc,metalMinedZinc,0.0,absent,False
895,Zn,Zinc,metalMinedZinc,0.0,absent,False
896,Zn,Zinc,metalMinedZinc,0.0,absent,False
897,Zn,Zinc,metalMinedZinc,0.0,absent,False
899,Zn,Zinc,metalMinedZinc,0.0,absent,False
900,Zn,Zinc,metalMinedZinc,0.0,absent,False
901,Zn,Zinc,metalMinedZinc,0.0,absent,False
902,Zn,Zinc,metalMinedZinc,0.0,absent,False
904,Zn,Zinc,metalMinedZinc,0.0,absent,False
905,Zn,Zinc,metalMinedZinc,0.0,absent,False
906,Zn,Zinc,metalMinedZinc,0.0,absent,False
908,Zn,Zinc,metalMinedZinc,0.0,absent,False
909,Zn,Zinc,metalMinedZinc,0.0,absent,False
910,Zn,Zinc,metalMinedZinc,0.0,absent,False
911,Zn,Zinc,metalMinedZinc,0.0,absent,False
912,Zn,Zinc,metalMinedZinc,0.0,absent,False
913,Zn,Zinc,metalMinedZinc,0.0,absent,False
914,Zn,Zinc,metalMinedZinc,0.0,absent,False
915,Zn,Zinc,metalMinedZinc,0.0,absent,False
918,Zn,Zinc,metalMinedZinc,0.0,absent,False
919,Zn,Zinc,metalMinedZinc,0.0,absent,False
920,Zn,Zinc,metalMinedZinc,0.0,absent,False
921,Zn,Zinc,metalMinedZinc,0.0,absent,False
922,Zn,Zinc,metalMinedZinc,0.0,absent,False
923,Zn,Zinc,metalMinedZinc,0.0,absent,False
924,Zn,Zinc,metalMinedZinc,0.0,absent,False
925,Zn,Zinc,metalMinedZinc,0.0,absent,False
926,Zn,Zinc,metalMinedZinc,0.0,absent,False
927,Zn,Zinc,metalMinedZinc,0.0,absent,False
929,Zn,Zinc,metalMinedZinc,0.0,absent,False
930,Zn,Zinc,metalMinedZinc,0.0,absent,False
932,Zn,Zinc,metalMinedZinc,0.0,absent,False
933,Zn,Zinc,metalMinedZinc,0.0,absent,False
934,Zn,Zinc,metalMinedZinc,0.0,absent,False
935,Zn,Zinc,metalMinedZinc,0.0,absent,False
936,Zn,Zinc,metalMinedZinc,0.0,absent,False
937,Zn,Zinc,metalMinedZinc,0.0,absent,False
938,Zn,Zinc,metalMinedZinc,0.0,absent,False
941,Zn,Zinc,metalMinedZinc,0.0,absent,False
942,Zn,Zinc,metalMinedZinc,0.0,absent,False
943,Zn,Zinc,metalMinedZinc,0.0,absent,False
944,Zn,Zinc,metalMinedZinc,0.0,absent,False
945,Zn,Zinc,metalMinedZinc,0.0,absent,False
946,Zn,Zinc,metalMinedZinc,0.0,absent,False
947,Zn,Zinc,metalMinedZinc,0.0,absent,False
948,Zn,Zinc,metalMinedZinc,0.0,absent,False
950,Zn,Zinc,metalMinedZinc,0.0,absent,False
951,Zn,Zinc,metalMinedZinc,0.0,absent,False
952,Zn,Zinc,metalMinedZinc,0.0,absent,False
953,Zn,Zinc,metalMinedZinc,0.0,absent,False
954,Zn,Zinc,metalMinedZinc,0.0,absent,False
955,Zn,Zinc,metalMinedZinc,0.0,absent,False
956,Zn,Zinc,metalMinedZinc,0.0,absent,False
957,Zn,Zinc,metalMinedZinc,0.0,absent,False
958,Zn,Zinc,metalMinedZinc,0.0,absent,False
963,Zn,Zinc,metalMinedZinc,0.0,absent,False
964,Zn,Zinc,metalMinedZinc,0.0,absent,False
965,Zn,Zinc,metalMinedZinc,0.0,absent,False
966,Zn,Zinc,metalMinedZinc,0.0,absent,False
967,Zn,Zinc,metalMinedZinc,0.0,absent,False
968,Zn,Zinc,metalMinedZinc,0.0,absent,False
969,Zn,Zinc,metalMinedZinc,0.0,absent,False
970,Zn,Zinc,metalMinedZinc,0.0,absent,False
971,Zn,Zinc,metalMinedZinc,0.0,absent,False
972,Zn,Zinc,metalMinedZinc,0.0,absent,False
973,Zn,Zinc,metalMinedZinc,0.0,absent,False
974,Zn,Zinc,metalMinedZinc,0.0,absent,False
977,Zn,Zinc,metalMinedZinc,0.0,absent,False
978,Zn,Zinc,metalMinedZinc,0.0,absent,False
979,Zn,Zinc,metalMinedZinc,0.0,absent,False
980,Zn,Zinc,metalMinedZinc,0.0,absent,False
981,Zn,Zinc,metalMinedZinc,0.0,absent,False
982,Zn,Zinc,metalMinedZinc,0.0,absent,False
983,Zn,Zinc,metalMinedZinc,0.0,absent,False
984,Zn,Zinc,metalMinedZinc,0.0,absent,False
985,Zn,Zinc,metalMinedZinc,0.0,absent,False
986,Zn,Zinc,metalMinedZinc,0.0,absent,False
987,Zn,Zinc,metalMinedZinc,0.0,absent,False
988,Zn,Zinc,metalMinedZinc,0.0,absent,False
989,Zn,Zinc,metalMinedZinc,0.0,absent,False
990,Zn,Zinc,metalMinedZinc,0.0,absent,False
993,Zn,Zinc,metalMinedZinc,0.0,absent,False
995,Zn,Zinc,metalMinedZinc,0.0,absent,False
996,Zn,Zinc,metalMinedZinc,0.0,absent,False
997,Zn,Zinc,metalMinedZinc,0.0,absent,False
998,Zn,Zinc,metalMinedZinc,0.0,absent,False
999,Zn,Zinc,metalMinedZinc,0.0,absent,False
1000,Zn,Zinc,metalMinedZinc,0.0,absent,False
1001,Zn,Zinc,metalMinedZinc,0.0,absent,False
1002,Zn,Zinc,metalMinedZinc,0.0,absent,False
1003,Zn,Zinc,metalMinedZinc,0.0,absent,False
1004,Zn,Zinc,metalMinedZinc,0.0,absent,False
1005,Zn,Zinc,metalMinedZinc,0.0,absent,False
1007,Zn,Zinc,metalMinedZinc,0.0,absent,False
1008,Zn,Zinc,metalMinedZinc,0.0,absent,False
1009,Zn,Zinc,metalMinedZinc,0.0,absent,False
1010,Zn,Zinc,metalMinedZinc,0.0,absent,False
1011,Zn,Zinc,metalMinedZinc,0.0,absent,False
1012,Zn,Zinc,metalMinedZinc,0.0,absent,False
1013,Zn,Zinc,metalMinedZinc,0.0,absent,False
1015,Zn,Zinc,metalMinedZinc,0.0,absent,False
1016,Zn,Zinc,metalMinedZinc,0.0,absent,False
1017,Zn,Zinc,metalMinedZinc,0.0,absent,False
1018,Zn,Zinc,metalMinedZinc,0.0,absent,False
1019,Zn,Zinc,metalMinedZinc,0.0,absent,False
1020,Zn,Zinc,metalMinedZinc,0.0,absent,False
1021,Zn,Zinc,metalMinedZinc,0.0,absent,False
1022,Zn,Zinc,metalMinedZinc,0.0,absent,False
1023,Zn,Zinc,metalMinedZinc,0.0,absent,False
1024,Zn,Zinc,metalMinedZinc,0.0,absent,False
1025,Zn,Zinc,metalMinedZinc,0.0,absent,False
1026,Zn,Zinc,metalMinedZinc,0.0,absent,False
1029,Zn,Zinc,metalMinedZinc,0.0,absent,False
1030,Zn,Zinc,metalMinedZinc,0.0,absent,False
1031,Zn,Zinc,metalMinedZinc,0.0,absent,False
1032,Zn,Zinc,metalMinedZinc,0.0,absent,False
1033,Zn,Zinc,metalMinedZinc,0.0,absent,False
1034,Zn,Zinc,metalMinedZinc,0.0,absent,False
1035,Zn,Zinc,metalMinedZinc,0.0,absent,False
1036,Zn,Zinc,metalMinedZinc,0.0,absent,False
1038,Zn,Zinc,metalMinedZinc,0.0,absent,False
1040,Zn,Zinc,metalMinedZinc,0.0,absent,False
1041,Zn,Zinc,metalMinedZinc,0.0,absent,False
1042,Zn,Zinc,metalMinedZinc,0.0,absent,False
1043,Zn,Zinc,metalMinedZinc,0.0,absent,False
1044,Zn,Zinc,metalMinedZinc,0.0,absent,False
1045,Zn,Zinc,metalMinedZinc,0.0,absent,False
1046,Zn,Zinc,metalMinedZinc,0.0,absent,False
1047,Zn,Zinc,metalMinedZinc,0.0,absent,False
1048,Zn,Zinc,metalMinedZinc,0.0,absent,False
1049,Zn,Zinc,metalMinedZinc,0.0,absent,False
1051,Zn,Zinc,metalMinedZinc,0.0,absent,False
1052,Zn,Zinc,metalMinedZinc,0.0,absent,False
1053,Zn,Zinc,metalMinedZinc,0.0,absent,False
1054,Zn,Zinc,metalMinedZinc,0.0,absent,False
1055,Zn,Zinc,metalMinedZinc,0.0,absent,False
1056,Zn,Zinc,metalMinedZinc,0.0,absent,False
1057,Zn,Zinc,metalMinedZinc,0.0,absent,False
1058,Zn,Zinc,metalMinedZinc,0.0,absent,False
1059,Zn,Zinc,metalMinedZinc,0.0,absent,False
1060,Zn,Zinc,metalMinedZinc,0.0,absent,False
1061,Zn,Zinc,metalMinedZinc,0.0,absent,False
1062,Zn,Zinc,metalMinedZinc,0.0,absent,False
1063,Zn,Zinc,metalMinedZinc,0.0,absent,False
1064,Zn,Zinc,metalMinedZinc,0.0,absent,False
1065,Zn,Zinc,metalMinedZinc,0.0,absent,False
1066,Zn,Zinc,metalMinedZinc,0.0,absent,False
1067,Zn,Zinc,metalMinedZinc,0.0,absent,False
1068,Zn,Zinc,metalMinedZinc,0.0,absent,False
1069,Zn,Zinc,metalMinedZinc,0.0,absent,False
1070,Zn,Zinc,metalMinedZinc,0.0,absent,False
1071,Zn,Zinc,metalMinedZinc,0.0,absent,False
1072,Zn,Zinc,metalMinedZinc,0.0,absent,False
1073,Zn,Zinc,metalMinedZinc,0.0,absent,False
1074,Zn,Zinc,metalMinedZinc,0.0,absent,False
1075,Zn,Zinc,metalMinedZinc,0.0,absent,False
1076,Zn,Zinc,metalMinedZinc,0.0,absent,False
1077,Zn,Zinc,metalMinedZinc,0.0,absent,False
1079,Zn,Zinc,metalMinedZinc,0.0,absent,False
1080,Zn,Zinc,metalMinedZinc,0.0,absent,False
1081,Zn,Zinc,metalMinedZinc,0.0,absent,False
1082,Zn,Zinc,metalMinedZinc,0.0,absent,False
1083,Zn,Zinc,metalMinedZinc,0.0,absent,False
1084,Zn,Zinc,metalMinedZinc,0.0,absent,False
1085,Zn,Zinc,metalMinedZinc,0.0,absent,False
1086,Zn,Zinc,metalMinedZinc,0.0,absent,False
1087,Zn,Zinc,metalMinedZinc,0.0,absent,False
1089,Zn,Zinc,metalMinedZinc,0.0,absent,False
1090,Zn,Zinc,metalMinedZinc,0.0,absent,False
1091,Zn,Zinc,metalMinedZinc,0.0,absent,False
1092,Zn,Zinc,metalMinedZinc,0.0,absent,False
1093,Zn,Zinc,metalMinedZinc,0.0,absent,False
1094,Zn,Zinc,metalMinedZinc,0.0,absent,False
1095,Zn,Zinc,metalMinedZinc,0.0,absent,False
1096,Zn,Zinc,metalMinedZinc,0.0,absent,False
1097,Zn,Zinc,metalMinedZinc,0.0,absent,False
1098,Zn,Zinc,metalMinedZinc,0.0,absent,False
1099,Zn,Zinc,metalMinedZinc,0.0,absent,False
1100,Zn,Zinc,metalMinedZinc,0.0,absent,False
1101,Zn,Zinc,metalMinedZinc,0.0,absent,False
1102,Zn,Zinc,metalMinedZinc,0.0,absent,False
1103,Zn,Zinc,metalMinedZinc,0.0,absent,False
1104,Zn,Zinc,metalMinedZinc,0.0,absent,False
1108,Zn,Zinc,metalMinedZinc,0.0,absent,False
1109,Zn,Zinc,metalMinedZinc,0.0,absent,False
1110,Zn,Zinc,metalMinedZinc,0.0,absent,False
1111,Zn,Zinc,metalMinedZinc,0.0,absent,False
1112,Zn,Zinc,metalMinedZinc,0.0,absent,False
1113,Zn,Zinc,metalMinedZinc,0.0,absent,False
1115,Zn,Zinc,metalMinedZinc,0.0,absent,False
1117,Zn,Zinc,metalMinedZinc,0.0,absent,False
1118,Zn,Zinc,metalMinedZinc,0.0,absent,False
1119,Zn,Zinc,metalMinedZinc,0.0,absent,False
1120,Zn,Zinc,metalMinedZinc,0.0,absent,False
1121,Zn,Zinc,metalMinedZinc,0.0,absent,False
1122,Zn,Zinc,metalMinedZinc,1.0,present,True
1123,Zn,Zinc,metalMinedZinc,0.0,absent,False
1124,Zn,Zinc,metalMinedZinc,0.0,absent,False
1125,Zn,Zinc,metalMinedZinc,0.0,absent,False
1126,Zn,Zinc,metalMinedZinc,0.0,absent,False
1127,Zn,Zinc,metalMinedZinc,0.0,absent,False
1129,Zn,Zinc,metalMinedZinc,0.0,absent,False
1130,Zn,Zinc,metalMinedZinc,0.0,absent,False
1131,Zn,Zinc,metalMinedZinc,0.0,absent,False
1132,Zn,Zinc,metalMinedZinc,0.0,absent,False
1133,Zn,Zinc,metalMinedZinc,0.0,absent,False
1134,Zn,Zinc,metalMinedZinc,0.0,absent,False
1135,Zn,Zinc,metalMinedZinc,0.0,absent,False
1136,Zn,Zinc,metalMinedZinc,0.0,absent,False
1137,Zn,Zinc,metalMinedZinc,0.0,absent,False
1138,Zn,Zinc,metalMinedZinc,0.0,absent,False
1139,Zn,Zinc,metalMinedZinc,0.0,absent,False
1140,Zn,Zinc,metalMinedZinc,0.0,absent,False
1141,Zn,Zinc,metalMinedZinc,0.0,absent,False
1142,Zn,Zinc,metalMinedZinc,0.0,absent,False
1143,Zn,Zinc,metalMinedZinc,0.0,absent,False
1144,Zn,Zinc,metalMinedZinc,0.0,absent,False
1145,Zn,Zinc,metalMinedZinc,0.0,absent,False
1146,Zn,Zinc,metalMinedZinc,0.0,absent,False
1147,Zn,Zinc,metalMinedZinc,0.0,absent,False
1148,Zn,Zinc,metalMinedZinc,0.0,absent,False
1150,Zn,Zinc,metalMinedZinc,0.0,absent,False
1151,Zn,Zinc,metalMinedZinc,0.0,absent,False
1152,Zn,Zinc,metalMinedZinc,0.0,absent,False
1153,Zn,Zinc,metalMinedZinc,0.0,absent,False
1154,Zn,Zinc,metalMinedZinc,0.0,absent,False
1155,Zn,Zinc,metalMinedZinc,0.0,absent,False
1156,Zn,Zinc,metalMinedZinc,0.0,absent,False
1157,Zn,Zinc,metalMinedZinc,0.0,absent,False
1158,Zn,Zinc,metalMinedZinc,0.0,absent,False
1159,Zn,Zinc,metalMinedZinc,0.0,absent,False
1160,Zn,Zinc,metalMinedZinc,0.0,absent,False
1161,Zn,Zinc,metalMinedZinc,0.0,absent,False
1162,Zn,Zinc,metalMinedZinc,0.0,absent,False
1163,Zn,Zinc,metalMinedZinc,0.0,absent,False
1164,Zn,Zinc,metalMinedZinc,0.0,absent,False
1165,Zn,Zinc,metalMinedZinc,0.0,absent,False
1166,Zn,Zinc,metalMinedZinc,0.0,absent,False
1167,Zn,Zinc,metalMinedZinc,0.0,absent,False
1168,Zn,Zinc,metalMinedZinc,0.0,absent,False
1169,Zn,Zinc,metalMinedZinc,0.0,absent,False
1170,Zn,Zinc,metalMinedZinc,0.0,absent,False
1171,Zn,Zinc,metalMinedZinc,0.0,absent,False
1172,Zn,Zinc,metalMinedZinc,0.0,absent,False
1173,Zn,Zinc,metalMinedZinc,0.0,absent,False
1174,Zn,Zinc,metalMinedZinc,0.0,absent,False
1175,Zn,Zinc,metalMinedZinc,0.0,absent,False
1176,Zn,Zinc,metalMinedZinc,0.0,absent,False
1177,Zn,Zinc,metalMinedZinc,0.0,absent,False
1178,Zn,Zinc,metalMinedZinc,0.0,absent,False
1179,Zn,Zinc,metalMinedZinc,0.0,absent,False
1180,Zn,Zinc,metalMinedZinc,0.0,absent,False
1181,Zn,Zinc,metalMinedZinc,0.0,absent,False
1182,Zn,Zinc,metalMinedZinc,0.0,absent,False
1183,Zn,Zinc,metalMinedZinc,0.0,absent,False
1184,Zn,Zinc,metalMinedZinc,0.0,absent,False
1185,Zn,Zinc,metalMinedZinc,0.0,absent,False
1186,Zn,Zinc,metalMinedZinc,0.0,absent,False
1187,Zn,Zinc,metalMinedZinc,0.0,absent,False
1188,Zn,Zinc,metalMinedZinc,0.0,absent,False
1189,Zn,Zinc,metalMinedZinc,0.0,absent,False
1190,Zn,Zinc,metalMinedZinc,0.0,absent,False
1191,Zn,Zinc,metalMinedZinc,0.0,absent,False
1192,Zn,Zinc,metalMinedZinc,0.0,absent,False
1193,Zn,Zinc,metalMinedZinc,0.0,absent,False
1194,Zn,Zinc,metalMinedZinc,0.0,absent,False
1195,Zn,Zinc,metalMinedZinc,0.0,absent,False
1196,Zn,Zinc,metalMinedZinc,0.0,absent,False
1197,Zn,Zinc,metalMinedZinc,0.0,absent,False
1200,Zn,Zinc,metalMinedZinc,0.0,absent,False
1201,Zn,Zinc,metalMinedZinc,0.0,absent,False
1202,Zn,Zinc,metalMinedZinc,0.0,absent,False
1203,Zn,Zinc,metalMinedZinc,0.0,absent,False
1204,Zn,Zinc,metalMinedZinc,0.0,absent,False
1205,Zn,Zinc,metalMinedZinc,0.0,absent,False
1206,Zn,Zinc,metalMinedZinc,0.0,absent,False
1207,Zn,Zinc,metalMinedZinc,0.0,absent,False
1208,Zn,Zinc,metalMinedZinc,0.0,absent,False
1209,Zn,Zinc,metalMinedZinc,0.0,absent,False
1210,Zn,Zinc,metalMinedZinc,0.0,absent,False
1211,Zn,Zinc,metalMinedZinc,0.0,absent,False
1212,Zn,Zinc,metalMinedZinc,0.0,absent,False
1213,Zn,Zinc,metalMinedZinc,0.0,absent,False
1214,Zn,Zinc,metalMinedZinc,0.0,absent,False
1215,Zn,Zinc,metalMinedZinc,0.0,absent,False
1216,Zn,Zinc,metalMinedZinc,0.0,absent,False
1217,Zn,Zinc,metalMinedZinc,0.0,absent,False
1218,Zn,Zinc,metalMinedZinc,0.0,absent,False
1219,Zn,Zinc,metalMinedZinc,0.0,absent,False
1220,Zn,Zinc,metalMinedZinc,0.0,absent,False
1221,Zn,Zinc,metalMinedZinc,0.0,absent,False
1222,Zn,Zinc,metalMinedZinc,0.0,absent,False
1223,Zn,Zinc,metalMinedZinc,0.0,absent,False
1224,Zn,Zinc,metalMinedZinc,0.0,absent,False
1225,Zn,Zinc,metalMinedZinc,0.0,absent,False
1226,Zn,Zinc,metalMinedZinc,0.0,absent,False
1227,Zn,Zinc,metalMinedZinc,0.0,absent,False
1228,Zn,Zinc,metalMinedZinc,0.0,absent,False
1229,Zn,Zinc,metalMinedZinc,0.0,absent,False
1230,Zn,Zinc,metalMinedZinc,0.0,absent,False
1231,Zn,Zinc,metalMinedZinc,0.0,absent,False
1232,Zn,Zinc,metalMinedZinc,0.0,absent,False
1233,Zn,Zinc,metalMinedZinc,0.0,absent,False
1234,Zn,Zinc,metalMinedZinc,0.0,absent,False
1235,Zn,Zinc,metalMinedZinc,0.0,absent,False
1236,Zn,Zinc,metalMinedZinc,0.0,absent,False
1237,Zn,Zinc,metalMinedZinc,0.0,absent,False
1238,Zn,Zinc,metalMinedZinc,0.0,absent,False
1239,Zn,Zinc,metalMinedZinc,0.0,absent,False
1240,Zn,Zinc,metalMinedZinc,0.0,absent,False
1241,Zn,Zinc,metalMinedZinc,0.0,absent,False
1242,Zn,Zinc,metalMinedZinc,0.0,absent,False
1243,Zn,Zinc,metalMinedZinc,0.0,absent,False
1244,Zn,Zinc,metalMinedZinc,0.0,absent,False
1245,Zn,Zinc,metalMinedZinc,0.0,absent,False
1246,Zn,Zinc,metalMinedZinc,0.0,absent,False
1247,Zn,Zinc,metalMinedZinc,0.0,absent,False
1248,Zn,Zinc,metalMinedZinc,0.0,absent,False
1249,Zn,Zinc,metalMinedZinc,0.0,absent,False
1250,Zn,Zinc,metalMinedZinc,0.0,absent,False
1251,Zn,Zinc,metalMinedZinc,0.0,absent,False
1252,Zn,Zinc,metalMinedZinc,0.0,absent,False
1253,Zn,Zinc,metalMinedZinc,0.0,absent,False
1254,Zn,Zinc,metalMinedZinc,0.0,absent,False
1255,Zn,Zinc,metalMinedZinc,0.0,absent,False
1257,Zn,Zinc,metalMinedZinc,0.0,absent,False
1258,Zn,Zinc,metalMinedZinc,0.0,absent,False
1259,Zn,Zinc,metalMinedZinc,0.0,absent,False
1260,Zn,Zinc,metalMinedZinc,0.0,absent,False
1261,Zn,Zinc,metalMinedZinc,0.0,absent,False
1262,Zn,Zinc,metalMinedZinc,0.0,absent,False
1264,Zn,Zinc,metalMinedZinc,0.0,absent,False
1265,Zn,Zinc,metalMinedZinc,0.0,absent,False
1266,Zn,Zinc,metalMinedZinc,0.0,absent,False
1267,Zn,Zinc,metalMinedZinc,0.0,absent,False
1268,Zn,Zinc,metalMinedZinc,0.0,absent,False
1269,Zn,Zinc,metalMinedZinc,0.0,absent,False
1270,Zn,Zinc,metalMinedZinc,0.0,absent,False
1271,Zn,Zinc,metalMinedZinc,0.0,absent,False
1272,Zn,Zinc,metalMinedZinc,0.0,absent,False
1273,Zn,Zinc,metalMinedZinc,0.0,absent,False
1274,Zn,Zinc,metalMinedZinc,0.0,absent,False
1275,Zn,Zinc,metalMinedZinc,0.0,absent,False
1276,Zn,Zinc,metalMinedZinc,0.0,absent,False
1277,Zn,Zinc,metalMinedZinc,0.0,absent,False
1278,Zn,Zinc,metalMinedZinc,0.0,absent,False
1279,Zn,Zinc,metalMinedZinc,0.0,absent,False
1280,Zn,Zinc,metalMinedZinc,0.0,absent,False
1281,Zn,Zinc,metalMinedZinc,0.0,absent,False
1282,Zn,Zinc,metalMinedZinc,0.0,absent,False
1283,Zn,Zinc,metalMinedZinc,0.0,absent,False
1284,Zn,Zinc,metalMinedZinc,0.0,absent,False
1285,Zn,Zinc,metalMinedZinc,0.0,absent,False
1286,Zn,Zinc,metalMinedZinc,0.0,absent,False
1287,Zn,Zinc,metalMinedZinc,0.0,absent,False
1289,Zn,Zinc,metalMinedZinc,0.0,absent,False
1290,Zn,Zinc,metalMinedZinc,0.0,absent,False
1292,Zn,Zinc,metalMinedZinc,0.0,absent,False
1293,Zn,Zinc,metalMinedZinc,0.0,absent,False
1294,Zn,Zinc,metalMinedZinc,0.0,absent,False
1295,Zn,Zinc,metalMinedZinc,0.0,absent,False
1296,Zn,Zinc,metalMinedZinc,0.0,absent,False
1297,Zn,Zinc,metalMinedZinc,0.0,absent,False
1298,Zn,Zinc,metalMinedZinc,0.0,absent,False
1299,Zn,Zinc,metalMinedZinc,0.0,absent,False
1300,Zn,Zinc,metalMinedZinc,0.0,absent,False
1301,Zn,Zinc,metalMinedZinc,0.0,absent,False
1302,Zn,Zinc,metalMinedZinc,0.0,absent,False
1303,Zn,Zinc,metalMinedZinc,0.0,absent,False
1304,Zn,Zinc,metalMinedZinc,0.0,absent,False
1305,Zn,Zinc,metalMinedZinc,0.0,absent,False
1306,Zn,Zinc,metalMinedZinc,0.0,absent,False
1307,Zn,Zinc,metalMinedZinc,0.0,absent,False
1308,Zn,Zinc,metalMinedZinc,0.0,absent,False
1309,Zn,Zinc,metalMinedZinc,0.0,absent,False
1310,Zn,Zinc,metalMinedZinc,0.0,absent,False
1311,Zn,Zinc,metalMinedZinc,0.0,absent,False
1312,Zn,Zinc,metalMinedZinc,0.0,absent,False
1313,Zn,Zinc,metalMinedZinc,0.0,absent,False
1314,Zn,Zinc,metalMinedZinc,0.0,absent,False
1315,Zn,Zinc,metalMinedZinc,0.0,absent,False
1316,Zn,Zinc,metalMinedZinc,0.0,absent,False
1317,Zn,Zinc,metalMinedZinc,0.0,absent,False
1318,Zn,Zinc,metalMinedZinc,0.0,absent,False
1319,Zn,Zinc,metalMinedZinc,0.0,absent,False
1320,Zn,Zinc,metalMinedZinc,0.0,absent,False
1321,Zn,Zinc,metalMinedZinc,0.0,absent,False
1322,Zn,Zinc,metalMinedZinc,0.0,absent,False
1323,Zn,Zinc,metalMinedZinc,0.0,absent,False
1324,Zn,Zinc,metalMinedZinc,0.0,absent,False
1325,Zn,Zinc,metalMinedZinc,0.0,absent,False
1326,Zn,Zinc,metalMinedZinc,0.0,absent,False
1327,Zn,Zinc,metalMinedZinc,0.0,absent,False
1328,Zn,Zinc,metalMinedZinc,0.0,absent,False
1329,Zn,Zinc,metalMinedZinc,0.0,absent,False
1330,Zn,Zinc,metalMinedZinc,0.0,absent,False
1331,Zn,Zinc,metalMinedZinc,0.0,absent,False
1332,Zn,Zinc,metalMinedZinc,0.0,absent,False
1333,Zn,Zinc,metalMinedZinc,0.0,absent,False
1334,Zn,Zinc,metalMinedZinc,0.0,absent,False
1335,Zn,Zinc,metalMinedZinc,0.0,absent,False
1336,Zn,Zinc,metalMinedZinc,1.0,present,True
1337,Zn,Zinc,metalMinedZinc,0.0,absent,False
1338,Zn,Zinc,metalMinedZinc,0.0,absent,False
1339,Zn,Zinc,metalMinedZinc,0.0,absent,False
1340,Zn,Zinc,metalMinedZinc,0.0,absent,False
1341,Zn,Zinc,metalMinedZinc,0.0,absent,False
1342,Zn,Zinc,metalMinedZinc,0.0,absent,False
1343,Zn,Zinc,metalMinedZinc,0.0,absent,False
1344,Zn,Zinc,metalMinedZinc,0.0,absent,False
1345,Zn,Zinc,metalMinedZinc,0.0,absent,False
1346,Zn,Zinc,metalMinedZinc,0.0,absent,False
1347,Zn,Zinc,metalMinedZinc,0.0,absent,False
1348,Zn,Zinc,metalMinedZinc,0.0,absent,False
1349,Zn,Zinc,metalMinedZinc,0.0,absent,False
1350,Zn,Zinc,metalMinedZinc,0.0,absent,False
1351,Zn,Zinc,metalMinedZinc,0.0,absent,False
1352,Zn,Zinc,metalMinedZinc,0.0,absent,False
1354,Zn,Zinc,metalMinedZinc,0.0,absent,False
1355,Zn,Zinc,metalMinedZinc,0.0,absent,False
1356,Zn,Zinc,metalMinedZinc,0.0,absent,False
1357,Zn,Zinc,metalMinedZinc,0.0,absent,False
1358,Zn,Zinc,metalMinedZinc,0.0,absent,False
1359,Zn,Zinc,metalMinedZinc,0.0,absent,False
1360,Zn,Zinc,metalMinedZinc,0.0,absent,False
1361,Zn,Zinc,metalMinedZinc,0.0,absent,False
1362,Zn,Zinc,metalMinedZinc,0.0,absent,False
1363,Zn,Zinc,metalMinedZinc,0.0,absent,False
1364,Zn,Zinc,metalMinedZinc,0.0,absent,False
1365,Zn,Zinc,metalMinedZinc,0.0,absent,False
1366,Zn,Zinc,metalMinedZinc,0.0,absent,False
1367,Zn,Zinc,metalMinedZinc,0.0,absent,False
1368,Zn,Zinc,metalMinedZinc,0.0,absent,False
1369,Zn,Zinc,metalMinedZinc,0.0,absent,False
1370,Zn,Zinc,metalMinedZinc,0.0,absent,False
1371,Zn,Zinc,metalMinedZinc,0.0,absent,False
1373,Zn,Zinc,metalMinedZinc,0.0,absent,False
1374,Zn,Zinc,metalMinedZinc,0.0,absent,False
1375,Zn,Zinc,metalMinedZinc,0.0,absent,False
1376,Zn,Zinc,metalMinedZinc,0.0,absent,False
1377,Zn,Zinc,metalMinedZinc,0.0,absent,False
1378,Zn,Zinc,metalMinedZinc,0.0,absent,False
1379,Zn,Zinc,metalMinedZinc,0.0,absent,False
1380,Zn,Zinc,metalMinedZinc,0.0,absent,False
1381,Zn,Zinc,metalMinedZinc,0.0,absent,False
1382,Zn,Zinc,metalMinedZinc,0.0,absent,False
1383,Zn,Zinc,metalMinedZinc,0.0,absent,False
1384,Zn,Zinc,metalMinedZinc,0.0,absent,False
1385,Zn,Zinc,metalMinedZinc,0.0,absent,False
1386,Zn,Zinc,metalMinedZinc,0.0,absent,False
1388,Zn,Zinc,metalMinedZinc,0.0,absent,False
1389,Zn,Zinc,metalMinedZinc,0.0,absent,False
1390,Zn,Zinc,metalMinedZinc,0.0,absent,False
1391,Zn,Zinc,metalMinedZinc,0.0,absent,False
1392,Zn,Zinc,metalMinedZinc,0.0,absent,False
1393,Zn,Zinc,metalMinedZinc,0.0,absent,False
1394,Zn,Zinc,metalMinedZinc,0.0,absent,False
1395,Zn,Zinc,metalMinedZinc,0.0,absent,False
1396,Zn,Zinc,metalMinedZinc,0.0,absent,False
1397,Zn,Zinc,metalMinedZinc,0.0,absent,False
1399,Zn,Zinc,metalMinedZinc,0.0,absent,False
1400,Zn,Zinc,metalMinedZinc,0.0,absent,False
1401,Zn,Zinc,metalMinedZinc,0.0,absent,False
1402,Zn,Zinc,metalMinedZinc,0.0,absent,False
1403,Zn,Zinc,metalMinedZinc,0.0,absent,False
1404,Zn,Zinc,metalMinedZinc,0.0,absent,False
1405,Zn,Zinc,metalMinedZinc,0.0,absent,False
1406,Zn,Zinc,metalMinedZinc,0.0,absent,False
1407,Zn,Zinc,metalMinedZinc,0.0,absent,False
1408,Zn,Zinc,metalMinedZinc,0.0,absent,False
1409,Zn,Zinc,metalMinedZinc,0.0,absent,False
1410,Zn,Zinc,metalMinedZinc,0.0,absent,False
1411,Zn,Zinc,metalMinedZinc,0.0,absent,False
1412,Zn,Zinc,metalMinedZinc,0.0,absent,False
1413,Zn,Zinc,metalMinedZinc,0.0,absent,False
1414,Zn,Zinc,metalMinedZinc,0.0,absent,False
1415,Zn,Zinc,metalMinedZinc,0.0,absent,False
1416,Zn,Zinc,metalMinedZinc,0.0,absent,False
1417,Zn,Zinc,metalMinedZinc,0.0,absent,False
1418,Zn,Zinc,metalMinedZinc,0.0,absent,False
1420,Zn,Zinc,metalMinedZinc,0.0,absent,False
1437,Zn,Zinc,metalMinedZinc,0.0,absent,False
1447,Zn,Zinc,metalMinedZinc,0.0,absent,False
1449,Zn,Zinc,metalMinedZinc,0.0,absent,False
1504,Zn,Zinc,metalMinedZinc,0.0,absent,False
1627,Zn,Zinc,metalMinedZinc,0.0,absent,False
1628,Zn,Zinc,metalMinedZinc,0.0,absent,False
1635,Zn,Zinc,metalMinedZinc,0.0,absent,False
1636,Zn,Zinc,metalMinedZinc,0.0,absent,False
1637,Zn,Zinc,metalMinedZinc,0.0,absent,False
1638,Zn,Zinc,metalMinedZinc,0.0,absent,False
1639,Zn,Zinc,metalMinedZinc,0.0,absent,False
1764,Zn,Zinc,metalMinedZinc,0.0,absent,False
1767,Zn,Zinc,metalMinedZinc,0.0,absent,False
1768,Zn,Zinc,metalMinedZinc,0.0,absent,False
1769,Zn,Zinc,metalMinedZinc,0.0,absent,False
1770,Zn,Zinc,metalMinedZinc,0.0,absent,False
1771,Zn,Zinc,metalMinedZinc,0.0,absent,False
1772,Zn,Zinc,metalMinedZinc,0.0,absent,False
1775,Zn,Zinc,metalMinedZinc,0.0,absent,False
1776,Zn,Zinc,metalMinedZinc,0.0,absent,False
1777,Zn,Zinc,metalMinedZinc,0.0,absent,False
1778,Zn,Zinc,metalMinedZinc,0.0,absent,False
1779,Zn,Zinc,metalMinedZinc,0.0,absent,False
1780,Zn,Zinc,metalMinedZinc,0.0,absent,False
132,Other,Other,metalMinedOther,0.0,absent,False
391,Other,Other,metalMinedOther,0.0,absent,False
429,Other,Other,metalMinedOther,0.0,absent,False
430,Other,Other,metalMinedOther,0.0,absent,False
431,Other,Other,metalMinedOther,0.0,absent,False
432,Other,Other,metalMinedOther,0.0,absent,False
433,Other,Other,metalMinedOther,0.0,absent,False
434,Other,Other,metalMinedOther,0.0,absent,False
435,Other,Other,metalMinedOther,0.0,absent,False
436,Other,Other,metalMinedOther,0.0,absent,False
437,Other,Other,metalMinedOther,0.0,absent,False
438,Other,Other,metalMinedOther,0.0,absent,False
439,Other,Other,metalMinedOther,0.0,absent,False
440,Other,Other,metalMinedOther,0.0,absent,False
441,Other,Other,metalMinedOther,0.0,absent,False
442,Other,Other,metalMinedOther,0.0,absent,False
444,Other,Other,metalMinedOther,0.0,absent,False
445,Other,Other,metalMinedOther,0.0,absent,False
446,Other,Other,metalMinedOther,0.0,absent,False
447,Other,Other,metalMinedOther,0.0,absent,False
448,Other,Other,metalMinedOther,0.0,absent,False
449,Other,Other,metalMinedOther,0.0,absent,False
450,Other,Other,metalMinedOther,0.0,absent,False
451,Other,Other,metalMinedOther,0.0,absent,False
452,Other,Other,metalMinedOther,0.0,absent,False
453,Other,Other,metalMinedOther,0.0,absent,False
454,Other,Other,metalMinedOther,0.0,absent,False
455,Other,Other,metalMinedOther,0.0,absent,False
456,Other,Other,metalMinedOther,0.0,absent,False
457,Other,Other,metalMinedOther,0.0,absent,False
458,Other,Other,metalMinedOther,0.0,absent,False
459,Other,Other,metalMinedOther,0.0,absent,False
460,Other,Other,metalMinedOther,0.0,absent,False
461,Other,Other,metalMinedOther,0.0,absent,False
462,Other,Other,metalMinedOther,0.0,absent,False
463,Other,Other,metalMinedOther,0.0,absent,False
464,Other,Other,metalMinedOther,0.0,absent,False
465,Other,Other,metalMinedOther,0.0,absent,False
466,Other,Other,metalMinedOther,0.0,absent,False
467,Other,Other,metalMinedOther,0.0,absent,False
468,Other,Other,metalMinedOther,0.0,absent,False
469,Other,Other,metalMinedOther,0.0,absent,False
470,Other,Other,metalMinedOther,0.0,absent,False
471,Other,Other,metalMinedOther,0.0,absent,False
472,Other,Other,metalMinedOther,0.0,absent,False
473,Other,Other,metalMinedOther,0.0,absent,False
474,Other,Other,metalMinedOther,0.0,absent,False
475,Other,Other,metalMinedOther,0.0,absent,False
476,Other,Other,metalMinedOther,0.0,absent,False
477,Other,Other,metalMinedOther,0.0,absent,False
478,Other,Other,metalMinedOther,0.0,absent,False
479,Other,Other,metalMinedOther,0.0,absent,False
480,Other,Other,metalMinedOther,0.0,absent,False
481,Other,Other,metalMinedOther,0.0,absent,False
482,Other,Other,metalMinedOther,0.0,absent,False
483,Other,Other,metalMinedOther,0.0,absent,False
484,Other,Other,metalMinedOther,0.0,absent,False
486,Other,Other,metalMinedOther,0.0,absent,False
487,Other,Other,metalMinedOther,0.0,absent,False
488,Other,Other,metalMinedOther,0.0,absent,False
489,Other,Other,metalMinedOther,0.0,absent,False
490,Other,Other,metalMinedOther,0.0,absent,False
491,Other,Other,metalMinedOther,0.0,absent,False
492,Other,Other,metalMinedOther,0.0,absent,False
493,Other,Other,metalMinedOther,0.0,absent,False
494,Other,Other,metalMinedOther,0.0,absent,False
495,Other,Other,metalMinedOther,0.0,absent,False
496,Other,Other,metalMinedOther,0.0,absent,False
497,Other,Other,metalMinedOther,0.0,absent,False
498,Other,Other,metalMinedOther,0.0,absent,False
499,Other,Other,metalMinedOther,0.0,absent,False
500,Other,Other,metalMinedOther,0.0,absent,False
501,Other,Other,metalMinedOther,0.0,absent,False
502,Other,Other,metalMinedOther,0.0,absent,False
503,Other,Other,metalMinedOther,0.0,absent,False
504,Other,Other,metalMinedOther,0.0,absent,False
505,Other,Other,metalMinedOther,0.0,absent,False
506,Other,Other,metalMinedOther,0.0,absent,False
507,Other,Other,metalMinedOther,0.0,absent,False
508,Other,Other,metalMinedOther,0.0,absent,False
509,Other,Other,metalMinedOther,0.0,absent,False
510,Other,Other,metalMinedOther,0.0,absent,False
511,Other,Other,metalMinedOther,0.0,absent,False
512,Other,Other,metalMinedOther,0.0,absent,False
513,Other,Other,metalMinedOther,0.0,absent,False
514,Other,Other,metalMinedOther,0.0,absent,False
515,Other,Other,metalMinedOther,0.0,absent,False
516,Other,Other,metalMinedOther,0.0,absent,False
517,Other,Other,metalMinedOther,0.0,absent,False
518,Other,Other,metalMinedOther,0.0,absent,False
519,Other,Other,metalMinedOther,0.0,absent,False
520,Other,Other,metalMinedOther,0.0,absent,False
521,Other,Other,metalMinedOther,0.0,absent,False
523,Other,Other,metalMinedOther,0.0,absent,False
524,Other,Other,metalMinedOther,0.0,absent,False
525,Other,Other,metalMinedOther,0.0,absent,False
526,Other,Other,metalMinedOther,0.0,absent,False
527,Other,Other,metalMinedOther,0.0,absent,False
528,Other,Other,metalMinedOther,0.0,absent,False
529,Other,Other,metalMinedOther,0.0,absent,False
530,Other,Other,metalMinedOther,0.0,absent,False
531,Other,Other,metalMinedOther,0.0,absent,False
532,Other,Other,metalMinedOther,0.0,absent,False
533,Other,Other,metalMinedOther,0.0,absent,False
535,Other,Other,metalMinedOther,0.0,absent,False
536,Other,Other,metalMinedOther,0.0,absent,False
537,Other,Other,metalMinedOther,0.0,absent,False
538,Other,Other,metalMinedOther,0.0,absent,False
539,Other,Other,metalMinedOther,0.0,absent,False
540,Other,Other,metalMinedOther,0.0,absent,False
541,Other,Other,metalMinedOther,0.0,absent,False
542,Other,Other,metalMinedOther,0.0,absent,False
543,Other,Other,metalMinedOther,0.0,absent,False
545,Other,Other,metalMinedOther,0.0,absent,False
547,Other,Other,metalMinedOther,0.0,absent,False
548,Other,Other,metalMinedOther,0.0,absent,False
549,Other,Other,metalMinedOther,0.0,absent,False
550,Other,Other,metalMinedOther,0.0,absent,False
551,Other,Other,metalMinedOther,0.0,absent,False
552,Other,Other,metalMinedOther,0.0,absent,False
553,Other,Other,metalMinedOther,0.0,absent,False
554,Other,Other,metalMinedOther,0.0,absent,False
555,Other,Other,metalMinedOther,0.0,absent,False
556,Other,Other,metalMinedOther,0.0,absent,False
557,Other,Other,metalMinedOther,0.0,absent,False
558,Other,Other,metalMinedOther,0.0,absent,False
559,Other,Other,metalMinedOther,0.0,absent,False
560,Other,Other,metalMinedOther,0.0,absent,False
561,Other,Other,metalMinedOther,0.0,absent,False
563,Other,Other,metalMinedOther,0.0,absent,False
564,Other,Other,metalMinedOther,0.0,absent,False
565,Other,Other,metalMinedOther,0.0,absent,False
566,Other,Other,metalMinedOther,0.0,absent,False
567,Other,Other,metalMinedOther,0.0,absent,False
568,Other,Other,metalMinedOther,0.0,absent,False
569,Other,Other,metalMinedOther,0.0,absent,False
570,Other,Other,metalMinedOther,0.0,absent,False
571,Other,Other,metalMinedOther,0.0,absent,False
572,Other,Other,metalMinedOther,0.0,absent,False
573,Other,Other,metalMinedOther,0.0,absent,False
574,Other,Other,metalMinedOther,0.0,absent,False
575,Other,Other,metalMinedOther,0.0,absent,False
576,Other,Other,metalMinedOther,0.0,absent,False
577,Other,Other,metalMinedOther,0.0,absent,False
578,Other,Other,metalMinedOther,0.0,absent,False
579,Other,Other,metalMinedOther,0.0,absent,False
580,Other,Other,metalMinedOther,0.0,absent,False
581,Other,Other,metalMinedOther,0.0,absent,False
582,Other,Other,metalMinedOther,0.0,absent,False
583,Other,Other,metalMinedOther,0.0,absent,False
584,Other,Other,metalMinedOther,0.0,absent,False
585,Other,Other,metalMinedOther,0.0,absent,False
586,Other,Other,metalMinedOther,0.0,absent,False
587,Other,Other,metalMinedOther,0.0,absent,False
588,Other,Other,metalMinedOther,0.0,absent,False
589,Other,Other,metalMinedOther,0.0,absent,False
590,Other,Other,metalMinedOther,0.0,absent,False
591,Other,Other,metalMinedOther,0.0,absent,False
592,Other,Other,metalMinedOther,0.0,absent,False
593,Other,Other,metalMinedOther,0.0,absent,False
594,Other,Other,metalMinedOther,0.0,absent,False
595,Other,Other,metalMinedOther,0.0,absent,False
596,Other,Other,metalMinedOther,0.0,absent,False
597,Other,Other,metalMinedOther,0.0,absent,False
598,Other,Other,metalMinedOther,0.0,absent,False
599,Other,Other,metalMinedOther,0.0,absent,False
601,Other,Other,metalMinedOther,0.0,absent,False
602,Other,Other,metalMinedOther,0.0,absent,False
603,Other,Other,metalMinedOther,0.0,absent,False
604,Other,Other,metalMinedOther,0.0,absent,False
605,Other,Other,metalMinedOther,0.0,absent,False
606,Other,Other,metalMinedOther,0.0,absent,False
607,Other,Other,metalMinedOther,0.0,absent,False
608,Other,Other,metalMinedOther,0.0,absent,False
609,Other,Other,metalMinedOther,0.0,absent,False
610,Other,Other,metalMinedOther,0.0,absent,False
612,Other,Other,metalMinedOther,0.0,absent,False
613,Other,Other,metalMinedOther,0.0,absent,False
614,Other,Other,metalMinedOther,0.0,absent,False
615,Other,Other,metalMinedOther,0.0,absent,False
616,Other,Other,metalMinedOther,0.0,absent,False
617,Other,Other,metalMinedOther,0.0,absent,False
618,Other,Other,metalMinedOther,0.0,absent,False
619,Other,Other,metalMinedOther,0.0,absent,False
620,Other,Other,metalMinedOther,0.0,absent,False
623,Other,Other,metalMinedOther,0.0,absent,False
624,Other,Other,metalMinedOther,0.0,absent,False
625,Other,Other,metalMinedOther,0.0,absent,False
626,Other,Other,metalMinedOther,0.0,absent,False
627,Other,Other,metalMinedOther,0.0,absent,False
629,Other,Other,metalMinedOther,0.0,absent,False
630,Other,Other,metalMinedOther,0.0,absent,False
631,Other,Other,metalMinedOther,0.0,absent,False
632,Other,Other,metalMinedOther,0.0,absent,False
633,Other,Other,metalMinedOther,0.0,absent,False
634,Other,Other,metalMinedOther,0.0,absent,False
635,Other,Other,metalMinedOther,0.0,absent,False
636,Other,Other,metalMinedOther,0.0,absent,False
637,Other,Other,metalMinedOther,0.0,absent,False
638,Other,Other,metalMinedOther,0.0,absent,False
639,Other,Other,metalMinedOther,0.0,absent,False
640,Other,Other,metalMinedOther,0.0,absent,False
641,Other,Other,metalMinedOther,0.0,absent,False
642,Other,Other,metalMinedOther,0.0,absent,False
643,Other,Other,metalMinedOther,0.0,absent,False
644,Other,Other,metalMinedOther,0.0,absent,False
645,Other,Other,metalMinedOther,0.0,absent,False
646,Other,Other,metalMinedOther,0.0,absent,False
647,Other,Other,metalMinedOther,0.0,absent,False
648,Other,Other,metalMinedOther,0.0,absent,False
649,Other,Other,metalMinedOther,0.0,absent,False
650,Other,Other,metalMinedOther,0.0,absent,False
651,Other,Other,metalMinedOther,0.0,absent,False
652,Other,Other,metalMinedOther,0.0,absent,False
653,Other,Other,metalMinedOther,0.0,absent,False
654,Other,Other,metalMinedOther,0.0,absent,False
655,Other,Other,metalMinedOther,0.0,absent,False
656,Other,Other,metalMinedOther,0.0,absent,False
657,Other,Other,metalMinedOther,0.0,absent,False
658,Other,Other,metalMinedOther,0.0,absent,False
659,Other,Other,metalMinedOther,0.0,absent,False
660,Other,Other,metalMinedOther,0.0,absent,False
661,Other,Other,metalMinedOther,0.0,absent,False
662,Other,Other,metalMinedOther,0.0,absent,False
663,Other,Other,metalMinedOther,0.0,absent,False
664,Other,Other,metalMinedOther,0.0,absent,False
665,Other,Other,metalMinedOther,0.0,absent,False
666,Other,Other,metalMinedOther,0.0,absent,False
667,Other,Other,metalMinedOther,0.0,absent,False
668,Other,Other,metalMinedOther,0.0,absent,False
669,Other,Other,metalMinedOther,0.0,absent,False
670,Other,Other,metalMinedOther,0.0,absent,False
671,Other,Other,metalMinedOther,0.0,absent,False
672,Other,Other,metalMinedOther,0.0,absent,False
673,Other,Other,metalMinedOther,0.0,absent,False
674,Other,Other,metalMinedOther,0.0,absent,False
675,Other,Other,metalMinedOther,0.0,absent,False
676,Other,Other,metalMinedOther,0.0,absent,False
677,Other,Other,metalMinedOther,0.0,absent,False
678,Other,Other,metalMinedOther,0.0,absent,False
680,Other,Other,metalMinedOther,0.0,absent,False
681,Other,Other,metalMinedOther,0.0,absent,False
682,Other,Other,metalMinedOther,0.0,absent,False
683,Other,Other,metalMinedOther,0.0,absent,False
684,Other,Other,metalMinedOther,0.0,absent,False
686,Other,Other,metalMinedOther,0.0,absent,False
687,Other,Other,metalMinedOther,0.0,absent,False
688,Other,Other,metalMinedOther,0.0,absent,False
689,Other,Other,metalMinedOther,0.0,absent,False
690,Other,Other,metalMinedOther,0.0,absent,False
692,Other,Other,metalMinedOther,0.0,absent,False
693,Other,Other,metalMinedOther,0.0,absent,False
694,Other,Other,metalMinedOther,0.0,absent,False
695,Other,Other,metalMinedOther,0.0,absent,False
696,Other,Other,metalMinedOther,0.0,absent,False
697,Other,Other,metalMinedOther,0.0,absent,False
698,Other,Other,metalMinedOther,0.0,absent,False
699,Other,Other,metalMinedOther,0.0,absent,False
700,Other,Other,metalMinedOther,0.0,absent,False
701,Other,Other,metalMinedOther,0.0,absent,False
702,Other,Other,metalMinedOther,0.0,absent,False
703,Other,Other,metalMinedOther,0.0,absent,False
705,Other,Other,metalMinedOther,0.0,absent,False
706,Other,Other,metalMinedOther,0.0,absent,False
707,Other,Other,metalMinedOther,0.0,absent,False
708,Other,Other,metalMinedOther,0.0,absent,False
709,Other,Other,metalMinedOther,0.0,absent,False
710,Other,Other,metalMinedOther,0.0,absent,False
711,Other,Other,metalMinedOther,0.0,absent,False
712,Other,Other,metalMinedOther,0.0,absent,False
713,Other,Other,metalMinedOther,0.0,absent,False
715,Other,Other,metalMinedOther,0.0,absent,False
716,Other,Other,metalMinedOther,0.0,absent,False
717,Other,Other,metalMinedOther,0.0,absent,False
718,Other,Other,metalMinedOther,0.0,absent,False
719,Other,Other,metalMinedOther,0.0,absent,False
720,Other,Other,metalMinedOther,0.0,absent,False
721,Other,Other,metalMinedOther,0.0,absent,False
722,Other,Other,metalMinedOther,0.0,absent,False
723,Other,Other,metalMinedOther,0.0,absent,False
724,Other,Other,metalMinedOther,0.0,absent,False
725,Other,Other,metalMinedOther,0.0,absent,False
726,Other,Other,metalMinedOther,0.0,absent,False
727,Other,Other,metalMinedOther,0.0,absent,False
728,Other,Other,metalMinedOther,0.0,absent,False
730,Other,Other,metalMinedOther,0.0,absent,False
731,Other,Other,metalMinedOther,0.0,absent,False
732,Other,Other,metalMinedOther,0.0,absent,False
733,Other,Other,metalMinedOther,0.0,absent,False
734,Other,Other,metalMinedOther,0.0,absent,False
735,Other,Other,metalMinedOther,0.0,absent,False
736,Other,Other,metalMinedOther,0.0,absent,False
737,Other,Other,metalMinedOther,0.0,absent,False
738,Other,Other,metalMinedOther,0.0,absent,False
739,Other,Other,metalMinedOther,0.0,absent,False
740,Other,Other,metalMinedOther,0.0,absent,False
741,Other,Other,metalMinedOther,0.0,absent,False
742,Other,Other,metalMinedOther,0.0,absent,False
743,Other,Other,metalMinedOther,0.0,absent,False
744,Other,Other,metalMinedOther,0.0,absent,False
745,Other,Other,metalMinedOther,0.0,absent,False
746,Other,Other,metalMinedOther,0.0,absent,False
747,Other,Other,metalMinedOther,0.0,absent,False
748,Other,Other,metalMinedOther,0.0,absent,False
749,Other,Other,metalMinedOther,0.0,absent,False
750,Other,Other,metalMinedOther,0.0,absent,False
752,Other,Other,metalMinedOther,0.0,absent,False
753,Other,Other,metalMinedOther,0.0,absent,False
754,Other,Other,metalMinedOther,0.0,absent,False
755,Other,Other,metalMinedOther,0.0,absent,False
757,Other,Other,metalMinedOther,0.0,absent,False
758,Other,Other,metalMinedOther,0.0,absent,False
759,Other,Other,metalMinedOther,0.0,absent,False
760,Other,Other,metalMinedOther,0.0,absent,False
762,Other,Other,metalMinedOther,0.0,absent,False
763,Other,Other,metalMinedOther,0.0,absent,False
764,Other,Other,metalMinedOther,0.0,absent,False
765,Other,Other,metalMinedOther,0.0,absent,False
767,Other,Other,metalMinedOther,0.0,absent,False
768,Other,Other,metalMinedOther,0.0,absent,False
769,Other,Other,metalMinedOther,0.0,absent,False
770,Other,Other,metalMinedOther,0.0,absent,False
772,Other,Other,metalMinedOther,0.0,absent,False
773,Other,Other,metalMinedOther,0.0,absent,False
774,Other,Other,metalMinedOther,0.0,absent,False
775,Other,Other,metalMinedOther,0.0,absent,False
776,Other,Other,metalMinedOther,0.0,absent,False
777,Other,Other,metalMinedOther,0.0,absent,False
778,Other,Other,metalMinedOther,0.0,absent,False
779,Other,Other,metalMinedOther,0.0,absent,False
780,Other,Other,metalMinedOther,0.0,absent,False
781,Other,Other,metalMinedOther,0.0,absent,False
782,Other,Other,metalMinedOther,0.0,absent,False
783,Other,Other,metalMinedOther,0.0,absent,False
784,Other,Other,metalMinedOther,0.0,absent,False
785,Other,Other,metalMinedOther,0.0,absent,False
786,Other,Other,metalMinedOther,0.0,absent,False
787,Other,Other,metalMinedOther,0.0,absent,False
788,Other,Other,metalMinedOther,0.0,absent,False
789,Other,Other,metalMinedOther,0.0,absent,False
790,Other,Other,metalMinedOther,0.0,absent,False
791,Other,Other,metalMinedOther,0.0,absent,False
792,Other,Other,metalMinedOther,0.0,absent,False
793,Other,Other,metalMinedOther,0.0,absent,False
794,Other,Other,metalMinedOther,0.0,absent,False
795,Other,Other,metalMinedOther,0.0,absent,False
796,Other,Other,metalMinedOther,0.0,absent,False
797,Other,Other,metalMinedOther,0.0,absent,False
798,Other,Other,metalMinedOther,0.0,absent,False
799,Other,Other,metalMinedOther,0.0,absent,False
800,Other,Other,metalMinedOther,0.0,absent,False
802,Other,Other,metalMinedOther,0.0,absent,False
803,Other,Other,metalMinedOther,0.0,absent,False
805,Other,Other,metalMinedOther,0.0,absent,False
806,Other,Other,metalMinedOther,0.0,absent,False
807,Other,Other,metalMinedOther,0.0,absent,False
808,Other,Other,metalMinedOther,0.0,absent,False
809,Other,Other,metalMinedOther,0.0,absent,False
810,Other,Other,metalMinedOther,0.0,absent,False
811,Other,Other,metalMinedOther,0.0,absent,False
812,Other,Other,metalMinedOther,0.0,absent,False
813,Other,Other,metalMinedOther,0.0,absent,False
814,Other,Other,metalMinedOther,0.0,absent,False
816,Other,Other,metalMinedOther,0.0,absent,False
817,Other,Other,metalMinedOther,0.0,absent,False
818,Other,Other,metalMinedOther,0.0,absent,False
820,Other,Other,metalMinedOther,0.0,absent,False
821,Other,Other,metalMinedOther,0.0,absent,False
822,Other,Other,metalMinedOther,0.0,absent,False
823,Other,Other,metalMinedOther,0.0,absent,False
824,Other,Other,metalMinedOther,0.0,absent,False
825,Other,Other,metalMinedOther,0.0,absent,False
826,Other,Other,metalMinedOther,0.0,absent,False
827,Other,Other,metalMinedOther,0.0,absent,False
828,Other,Other,metalMinedOther,0.0,absent,False
829,Other,Other,metalMinedOther,0.0,absent,False
830,Other,Other,metalMinedOther,0.0,absent,False
831,Other,Other,metalMinedOther,0.0,absent,False
832,Other,Other,metalMinedOther,0.0,absent,False
833,Other,Other,metalMinedOther,0.0,absent,False
836,Other,Other,metalMinedOther,0.0,absent,False
837,Other,Other,metalMinedOther,0.0,absent,False
838,Other,Other,metalMinedOther,0.0,absent,False
839,Other,Other,metalMinedOther,0.0,absent,False
840,Other,Other,metalMinedOther,0.0,absent,False
841,Other,Other,metalMinedOther,0.0,absent,False
842,Other,Other,metalMinedOther,0.0,absent,False
843,Other,Other,metalMinedOther,0.0,absent,False
844,Other,Other,metalMinedOther,0.0,absent,False
845,Other,Other,metalMinedOther,0.0,absent,False
846,Other,Other,metalMinedOther,0.0,absent,False
848,Other,Other,metalMinedOther,0.0,absent,False
849,Other,Other,metalMinedOther,0.0,absent,False
850,Other,Other,metalMinedOther,0.0,absent,False
851,Other,Other,metalMinedOther,0.0,absent,False
853,Other,Other,metalMinedOther,0.0,absent,False
854,Other,Other,metalMinedOther,0.0,absent,False
855,Other,Other,metalMinedOther,0.0,absent,False
856,Other,Other,metalMinedOther,0.0,absent,False
857,Other,Other,metalMinedOther,0.0,absent,False
859,Other,Other,metalMinedOther,0.0,absent,False
860,Other,Other,metalMinedOther,0.0,absent,False
865,Other,Other,metalMinedOther,0.0,absent,False
866,Other,Other,metalMinedOther,0.0,absent,False
867,Other,Other,metalMinedOther,0.0,absent,False
868,Other,Other,metalMinedOther,0.0,absent,False
869,Other,Other,metalMinedOther,0.0,absent,False
870,Other,Other,metalMinedOther,0.0,absent,False
871,Other,Other,metalMinedOther,0.0,absent,False
872,Other,Other,metalMinedOther,0.0,absent,False
873,Other,Other,metalMinedOther,0.0,absent,False
875,Other,Other,metalMinedOther,0.0,absent,False
876,Other,Other,metalMinedOther,0.0,absent,False
878,Other,Other,metalMinedOther,0.0,absent,False
879,Other,Other,metalMinedOther,0.0,absent,False
880,Other,Other,metalMinedOther,0.0,absent,False
881,Other,Other,metalMinedOther,0.0,absent,False
882,Other,Other,metalMinedOther,0.0,absent,False
884,Other,Other,metalMinedOther,0.0,absent,False
885,Other,Other,metalMinedOther,0.0,absent,False
886,Other,Other,metalMinedOther,0.0,absent,False
887,Other,Other,metalMinedOther,0.0,absent,False
888,Other,Other,metalMinedOther,0.0,absent,False
889,Other,Other,metalMinedOther,0.0,absent,False
890,Other,Other,metalMinedOther,0.0,absent,False
893,Other,Other,metalMinedOther,0.0,absent,False
895,Other,Other,metalMinedOther,0.0,absent,False
896,Other,Other,metalMinedOther,0.0,absent,False
897,Other,Other,metalMinedOther,0.0,absent,False
899,Other,Other,metalMinedOther,0.0,absent,False
900,Other,Other,metalMinedOther,0.0,absent,False
901,Other,Other,metalMinedOther,0.0,absent,False
902,Other,Other,metalMinedOther,0.0,absent,False
904,Other,Other,metalMinedOther,0.0,absent,False
905,Other,Other,metalMinedOther,0.0,absent,False
906,Other,Other,metalMinedOther,0.0,absent,False
908,Other,Other,metalMinedOther,0.0,absent,False
909,Other,Other,metalMinedOther,0.0,absent,False
910,Other,Other,metalMinedOther,0.0,absent,False
911,Other,Other,metalMinedOther,0.0,absent,False
912,Other,Other,metalMinedOther,0.0,absent,False
913,Other,Other,metalMinedOther,0.0,absent,False
914,Other,Other,metalMinedOther,0.0,absent,False
915,Other,Other,metalMinedOther,0.0,absent,False
918,Other,Other,metalMinedOther,0.0,absent,False
919,Other,Other,metalMinedOther,0.0,absent,False
920,Other,Other,metalMinedOther,0.0,absent,False
921,Other,Other,metalMinedOther,0.0,absent,False
922,Other,Other,metalMinedOther,0.0,absent,False
923,Other,Other,metalMinedOther,0.0,absent,False
924,Other,Other,metalMinedOther,0.0,absent,False
925,Other,Other,metalMinedOther,0.0,absent,False
926,Other,Other,metalMinedOther,0.0,absent,False
927,Other,Other,metalMinedOther,0.0,absent,False
929,Other,Other,metalMinedOther,0.0,absent,False
930,Other,Other,metalMinedOther,0.0,absent,False
932,Other,Other,metalMinedOther,0.0,absent,False
933,Other,Other,metalMinedOther,0.0,absent,False
934,Other,Other,metalMinedOther,0.0,absent,False
935,Other,Other,metalMinedOther,0.0,absent,False
936,Other,Other,metalMinedOther,0.0,absent,False
937,Other,Other,metalMinedOther,0.0,absent,False
938,Other,Other,metalMinedOther,0.0,absent,False
941,Other,Other,metalMinedOther,0.0,absent,False
942,Other,Other,metalMinedOther,0.0,absent,False
943,Other,Other,metalMinedOther,0.0,absent,False
944,Other,Other,metalMinedOther,0.0,absent,False
945,Other,Other,metalMinedOther,0.0,absent,False
946,Other,Other,metalMinedOther,0.0,absent,False
947,Other,Other,metalMinedOther,0.0,absent,False
948,Other,Other,metalMinedOther,0.0,absent,False
950,Other,Other,metalMinedOther,0.0,absent,False
951,Other,Other,metalMinedOther,0.0,absent,False
952,Other,Other,metalMinedOther,0.0,absent,False
953,Other,Other,metalMinedOther,0.0,absent,False
954,Other,Other,metalMinedOther,0.0,absent,False
955,Other,Other,metalMinedOther,0.0,absent,False
956,Other,Other,metalMinedOther,0.0,absent,False
957,Other,Other,metalMinedOther,0.0,absent,False
958,Other,Other,metalMinedOther,0.0,absent,False
963,Other,Other,metalMinedOther,0.0,absent,False
964,Other,Other,metalMinedOther,0.0,absent,False
965,Other,Other,metalMinedOther,0.0,absent,False
966,Other,Other,metalMinedOther,0.0,absent,False
967,Other,Other,metalMinedOther,0.0,absent,False
968,Other,Other,metalMinedOther,0.0,absent,False
969,Other,Other,metalMinedOther,0.0,absent,False
970,Other,Other,metalMinedOther,0.0,absent,False
971,Other,Other,metalMinedOther,0.0,absent,False
972,Other,Other,metalMinedOther,0.0,absent,False
973,Other,Other,metalMinedOther,0.0,absent,False
974,Other,Other,metalMinedOther,0.0,absent,False
977,Other,Other,metalMinedOther,0.0,absent,False
978,Other,Other,metalMinedOther,0.0,absent,False
979,Other,Other,metalMinedOther,0.0,absent,False
980,Other,Other,metalMinedOther,0.0,absent,False
981,Other,Other,metalMinedOther,0.0,absent,False
982,Other,Other,metalMinedOther,0.0,absent,False
983,Other,Other,metalMinedOther,0.0,absent,False
984,Other,Other,metalMinedOther,0.0,absent,False
985,Other,Other,metalMinedOther,0.0,absent,False
986,Other,Other,metalMinedOther,0.0,absent,False
987,Other,Other,metalMinedOther,0.0,absent,False
988,Other,Other,metalMinedOther,0.0,absent,False
989,Other,Other,metalMinedOther,0.0,absent,False
990,Other,Other,metalMinedOther,0.0,absent,False
993,Other,Other,metalMinedOther,0.0,absent,False
995,Other,Other,metalMinedOther,0.0,absent,False
996,Other,Other,metalMinedOther,0.0,absent,False
997,Other,Other,metalMinedOther,0.0,absent,False
998,Other,Other,metalMinedOther,0.0,absent,False
999,Other,Other,metalMinedOther,0.0,absent,False
1000,Other,Other,metalMinedOther,0.0,absent,False
1001,Other,Other,metalMinedOther,0.0,absent,False
1002,Other,Other,metalMinedOther,0.0,absent,False
1003,Other,Other,metalMinedOther,0.0,absent,False
1004,Other,Other,metalMinedOther,0.0,absent,False
1005,Other,Other,metalMinedOther,0.0,absent,False
1007,Other,Other,metalMinedOther,0.0,absent,False
1008,Other,Other,metalMinedOther,0.0,absent,False
1009,Other,Other,metalMinedOther,0.0,absent,False
1010,Other,Other,metalMinedOther,0.0,absent,False
1011,Other,Other,metalMinedOther,0.0,absent,False
1012,Other,Other,metalMinedOther,0.0,absent,False
1013,Other,Other,metalMinedOther,0.0,absent,False
1015,Other,Other,metalMinedOther,0.0,absent,False
1016,Other,Other,metalMinedOther,0.0,absent,False
1017,Other,Other,metalMinedOther,0.0,absent,False
1018,Other,Other,metalMinedOther,0.0,absent,False
1019,Other,Other,metalMinedOther,0.0,absent,False
1020,Other,Other,metalMinedOther,0.0,absent,False
1021,Other,Other,metalMinedOther,0.0,absent,False
1022,Other,Other,metalMinedOther,0.0,absent,False
1023,Other,Other,metalMinedOther,0.0,absent,False
1024,Other,Other,metalMinedOther,0.0,absent,False
1025,Other,Other,metalMinedOther,0.0,absent,False
1026,Other,Other,metalMinedOther,0.0,absent,False
1029,Other,Other,metalMinedOther,0.0,absent,False
1030,Other,Other,metalMinedOther,0.0,absent,False
1031,Other,Other,metalMinedOther,0.0,absent,False
1032,Other,Other,metalMinedOther,0.0,absent,False
1033,Other,Other,metalMinedOther,0.0,absent,False
1034,Other,Other,metalMinedOther,0.0,absent,False
1035,Other,Other,metalMinedOther,0.0,absent,False
1036,Other,Other,metalMinedOther,0.0,absent,False
1038,Other,Other,metalMinedOther,0.0,absent,False
1040,Other,Other,metalMinedOther,0.0,absent,False
1041,Other,Other,metalMinedOther,0.0,absent,False
1042,Other,Other,metalMinedOther,0.0,absent,False
1043,Other,Other,metalMinedOther,0.0,absent,False
1044,Other,Other,metalMinedOther,0.0,absent,False
1045,Other,Other,metalMinedOther,0.0,absent,False
1046,Other,Other,metalMinedOther,0.0,absent,False
1047,Other,Other,metalMinedOther,0.0,absent,False
1048,Other,Other,metalMinedOther,0.0,absent,False
1049,Other,Other,metalMinedOther,0.0,absent,False
1051,Other,Other,metalMinedOther,0.0,absent,False
1052,Other,Other,metalMinedOther,0.0,absent,False
1053,Other,Other,metalMinedOther,0.0,absent,False
1054,Other,Other,metalMinedOther,0.0,absent,False
1055,Other,Other,metalMinedOther,0.0,absent,False
1056,Other,Other,metalMinedOther,0.0,absent,False
1057,Other,Other,metalMinedOther,0.0,absent,False
1058,Other,Other,metalMinedOther,0.0,absent,False
1059,Other,Other,metalMinedOther,0.0,absent,False
1060,Other,Other,metalMinedOther,0.0,absent,False
1061,Other,Other,metalMinedOther,0.0,absent,False
1062,Other,Other,metalMinedOther,0.0,absent,False
1063,Other,Other,metalMinedOther,0.0,absent,False
1064,Other,Other,metalMinedOther,0.0,absent,False
1065,Other,Other,metalMinedOther,0.0,absent,False
1066,Other,Other,metalMinedOther,0.0,absent,False
1067,Other,Other,metalMinedOther,0.0,absent,False
1068,Other,Other,metalMinedOther,0.0,absent,False
1069,Other,Other,metalMinedOther,0.0,absent,False
1070,Other,Other,metalMinedOther,0.0,absent,False
1071,Other,Other,metalMinedOther,0.0,absent,False
1072,Other,Other,metalMinedOther,0.0,absent,False
1073,Other,Other,metalMinedOther,0.0,absent,False
1074,Other,Other,metalMinedOther,0.0,absent,False
1075,Other,Other,metalMinedOther,0.0,absent,False
1076,Other,Other,metalMinedOther,0.0,absent,False
1077,Other,Other,metalMinedOther,0.0,absent,False
1079,Other,Other,metalMinedOther,0.0,absent,False
1080,Other,Other,metalMinedOther,0.0,absent,False
1081,Other,Other,metalMinedOther,0.0,absent,False
1082,Other,Other,metalMinedOther,0.0,absent,False
1083,Other,Other,metalMinedOther,0.0,absent,False
1084,Other,Other,metalMinedOther,0.0,absent,False
1085,Other,Other,metalMinedOther,0.0,absent,False
1086,Other,Other,metalMinedOther,0.0,absent,False
1087,Other,Other,metalMinedOther,0.0,absent,False
1089,Other,Other,metalMinedOther,0.0,absent,False
1090,Other,Other,metalMinedOther,0.0,absent,False
1091,Other,Other,metalMinedOther,0.0,absent,False
1092,Other,Other,metalMinedOther,0.0,absent,False
1093,Other,Other,metalMinedOther,0.0,absent,False
1094,Other,Other,metalMinedOther,0.0,absent,False
1095,Other,Other,metalMinedOther,0.0,absent,False
1096,Other,Other,metalMinedOther,0.0,absent,False
1097,Other,Other,metalMinedOther,0.0,absent,False
1098,Other,Other,metalMinedOther,0.0,absent,False
1099,Other,Other,metalMinedOther,0.0,absent,False
1100,Other,Other,metalMinedOther,0.0,absent,False
1101,Other,Other,metalMinedOther,0.0,absent,False
1102,Other,Other,metalMinedOther,0.0,absent,False
1103,Other,Other,metalMinedOther,0.0,absent,False
1104,Other,Other,metalMinedOther,0.0,absent,False
1108,Other,Other,metalMinedOther,0.0,absent,False
1109,Other,Other,metalMinedOther,0.0,absent,False
1110,Other,Other,metalMinedOther,0.0,absent,False
1111,Other,Other,metalMinedOther,0.0,absent,False
1112,Other,Other,metalMinedOther,0.0,absent,False
1113,Other,Other,metalMinedOther,0.0,absent,False
1115,Other,Other,metalMinedOther,0.0,absent,False
1117,Other,Other,metalMinedOther,0.0,absent,False
1118,Other,Other,metalMinedOther,0.0,absent,False
1119,Other,Other,metalMinedOther,0.0,absent,False
1120,Other,Other,metalMinedOther,0.0,absent,False
1121,Other,Other,metalMinedOther,0.0,absent,False
1122,Other,Other,metalMinedOther,0.0,absent,False
1123,Other,Other,metalMinedOther,0.0,absent,False
1124,Other,Other,metalMinedOther,0.0,absent,False
1125,Other,Other,metalMinedOther,0.0,absent,False
1126,Other,Other,metalMinedOther,0.0,absent,False
1127,Other,Other,metalMinedOther,0.0,absent,False
1129,Other,Other,metalMinedOther,0.0,absent,False
1130,Other,Other,metalMinedOther,0.0,absent,False
1131,Other,Other,metalMinedOther,0.0,absent,False
1132,Other,Other,metalMinedOther,0.0,absent,False
1133,Other,Other,metalMinedOther,0.0,absent,False
1134,Other,Other,metalMinedOther,0.0,absent,False
1135,Other,Other,metalMinedOther,0.0,absent,False
1136,Other,Other,metalMinedOther,0.0,absent,False
1137,Other,Other,metalMinedOther,0.0,absent,False
1138,Other,Other,metalMinedOther,0.0,absent,False
1139,Other,Other,metalMinedOther,0.0,absent,False
1140,Other,Other,metalMinedOther,0.0,absent,False
1141,Other,Other,metalMinedOther,0.0,absent,False
1142,Other,Other,metalMinedOther,0.0,absent,False
1143,Other,Other,metalMinedOther,0.0,absent,False
1144,Other,Other,metalMinedOther,0.0,absent,False
1145,Other,Other,metalMinedOther,0.0,absent,False
1146,Other,Other,metalMinedOther,0.0,absent,False
1147,Other,Other,metalMinedOther,0.0,absent,False
1148,Other,Other,metalMinedOther,0.0,absent,False
1150,Other,Other,metalMinedOther,0.0,absent,False
1151,Other,Other,metalMinedOther,0.0,absent,False
1152,Other,Other,metalMinedOther,0.0,absent,False
1153,Other,Other,metalMinedOther,0.0,absent,False
1154,Other,Other,metalMinedOther,0.0,absent,False
1155,Other,Other,metalMinedOther,0.0,absent,False
1156,Other,Other,metalMinedOther,0.0,absent,False
1157,Other,Other,metalMinedOther,0.0,absent,False
1158,Other,Other,metalMinedOther,0.0,absent,False
1159,Other,Other,metalMinedOther,0.0,absent,False
1160,Other,Other,metalMinedOther,0.0,absent,False
1161,Other,Other,metalMinedOther,0.0,absent,False
1162,Other,Other,metalMinedOther,0.0,absent,False
1163,Other,Other,metalMinedOther,0.0,absent,False
1164,Other,Other,metalMinedOther,0.0,absent,False
1165,Other,Other,metalMinedOther,0.0,absent,False
1166,Other,Other,metalMinedOther,0.0,absent,False
1167,Other,Other,metalMinedOther,0.0,absent,False
1168,Other,Other,metalMinedOther,0.0,absent,False
1169,Other,Other,metalMinedOther,0.0,absent,False
1170,Other,Other,metalMinedOther,0.0,absent,False
1171,Other,Other,metalMinedOther,0.0,absent,False
1172,Other,Other,metalMinedOther,0.0,absent,False
1173,Other,Other,metalMinedOther,0.0,absent,False
1174,Other,Other,metalMinedOther,0.0,absent,False
1175,Other,Other,metalMinedOther,0.0,absent,False
1176,Other,Other,metalMinedOther,0.0,absent,False
1177,Other,Other,metalMinedOther,0.0,absent,False
1178,Other,Other,metalMinedOther,0.0,absent,False
1179,Other,Other,metalMinedOther,0.0,absent,False
1180,Other,Other,metalMinedOther,0.0,absent,False
1181,Other,Other,metalMinedOther,0.0,absent,False
1182,Other,Other,metalMinedOther,0.0,absent,False
1183,Other,Other,metalMinedOther,0.0,absent,False
1184,Other,Other,metalMinedOther,0.0,absent,False
1185,Other,Other,metalMinedOther,0.0,absent,False
1186,Other,Other,metalMinedOther,0.0,absent,False
1187,Other,Other,metalMinedOther,0.0,absent,False
1188,Other,Other,metalMinedOther,0.0,absent,False
1189,Other,Other,metalMinedOther,0.0,absent,False
1190,Other,Other,metalMinedOther,0.0,absent,False
1191,Other,Other,metalMinedOther,0.0,absent,False
1192,Other,Other,metalMinedOther,0.0,absent,False
1193,Other,Other,metalMinedOther,0.0,absent,False
1194,Other,Other,metalMinedOther,0.0,absent,False
1195,Other,Other,metalMinedOther,0.0,absent,False
1196,Other,Other,metalMinedOther,0.0,absent,False
1197,Other,Other,metalMinedOther,0.0,absent,False
1200,Other,Other,metalMinedOther,0.0,absent,False
1201,Other,Other,metalMinedOther,0.0,absent,False
1202,Other,Other,metalMinedOther,0.0,absent,False
1203,Other,Other,metalMinedOther,0.0,absent,False
1204,Other,Other,metalMinedOther,0.0,absent,False
1205,Other,Other,metalMinedOther,0.0,absent,False
1206,Other,Other,metalMinedOther,0.0,absent,False
1207,Other,Other,metalMinedOther,0.0,absent,False
1208,Other,Other,metalMinedOther,0.0,absent,False
1209,Other,Other,metalMinedOther,0.0,absent,False
1210,Other,Other,metalMinedOther,0.0,absent,False
1211,Other,Other,metalMinedOther,0.0,absent,False
1212,Other,Other,metalMinedOther,0.0,absent,False
1213,Other,Other,metalMinedOther,0.0,absent,False
1214,Other,Other,metalMinedOther,0.0,absent,False
1215,Other,Other,metalMinedOther,0.0,absent,False
1216,Other,Other,metalMinedOther,0.0,absent,False
1217,Other,Other,metalMinedOther,0.0,absent,False
1218,Other,Other,metalMinedOther,0.0,absent,False
1219,Other,Other,metalMinedOther,0.0,absent,False
1220,Other,Other,metalMinedOther,0.0,absent,False
1221,Other,Other,metalMinedOther,0.0,absent,False
1222,Other,Other,metalMinedOther,0.0,absent,False
1223,Other,Other,metalMinedOther,0.0,absent,False
1224,Other,Other,metalMinedOther,0.0,absent,False
1225,Other,Other,metalMinedOther,0.0,absent,False
1226,Other,Other,metalMinedOther,0.0,absent,False
1227,Other,Other,metalMinedOther,0.0,absent,False
1228,Other,Other,metalMinedOther,0.0,absent,False
1229,Other,Other,metalMinedOther,0.0,absent,False
1230,Other,Other,metalMinedOther,0.0,absent,False
1231,Other,Other,metalMinedOther,0.0,absent,False
1232,Other,Other,metalMinedOther,0.0,absent,False
1233,Other,Other,metalMinedOther,0.0,absent,False
1234,Other,Other,metalMinedOther,0.0,absent,False
1235,Other,Other,metalMinedOther,0.0,absent,False
1236,Other,Other,metalMinedOther,0.0,absent,False
1237,Other,Other,metalMinedOther,0.0,absent,False
1238,Other,Other,metalMinedOther,0.0,absent,False
1239,Other,Other,metalMinedOther,0.0,absent,False
1240,Other,Other,metalMinedOther,0.0,absent,False
1241,Other,Other,metalMinedOther,0.0,absent,False
1242,Other,Other,metalMinedOther,0.0,absent,False
1243,Other,Other,metalMinedOther,0.0,absent,False
1244,Other,Other,metalMinedOther,0.0,absent,False
1245,Other,Other,metalMinedOther,0.0,absent,False
1246,Other,Other,metalMinedOther,0.0,absent,False
1247,Other,Other,metalMinedOther,0.0,absent,False
1248,Other,Other,metalMinedOther,0.0,absent,False
1249,Other,Other,metalMinedOther,0.0,absent,False
1250,Other,Other,metalMinedOther,0.0,absent,False
1251,Other,Other,metalMinedOther,0.0,absent,False
1252,Other,Other,metalMinedOther,0.0,absent,False
1253,Other,Other,metalMinedOther,0.0,absent,False
1254,Other,Other,metalMinedOther,0.0,absent,False
1255,Other,Other,metalMinedOther,0.0,absent,False
1257,Other,Other,metalMinedOther,0.0,absent,False
1258,Other,Other,metalMinedOther,0.0,absent,False
1259,Other,Other,metalMinedOther,0.0,absent,False
1260,Other,Other,metalMinedOther,0.0,absent,False
1261,Other,Other,metalMinedOther,0.0,absent,False
1262,Other,Other,metalMinedOther,0.0,absent,False
1264,Other,Other,metalMinedOther,0.0,absent,False
1265,Other,Other,metalMinedOther,0.0,absent,False
1266,Other,Other,metalMinedOther,0.0,absent,False
1267,Other,Other,metalMinedOther,0.0,absent,False
1268,Other,Other,metalMinedOther,0.0,absent,False
1269,Other,Other,metalMinedOther,0.0,absent,False
1270,Other,Other,metalMinedOther,0.0,absent,False
1271,Other,Other,metalMinedOther,0.0,absent,False
1272,Other,Other,metalMinedOther,0.0,absent,False
1273,Other,Other,metalMinedOther,0.0,absent,False
1274,Other,Other,metalMinedOther,0.0,absent,False
1275,Other,Other,metalMinedOther,0.0,absent,False
1276,Other,Other,metalMinedOther,0.0,absent,False
1277,Other,Other,metalMinedOther,0.0,absent,False
1278,Other,Other,metalMinedOther,0.0,absent,False
1279,Other,Other,metalMinedOther,0.0,absent,False
1280,Other,Other,metalMinedOther,0.0,absent,False
1281,Other,Other,metalMinedOther,0.0,absent,False
1282,Other,Other,metalMinedOther,0.0,absent,False
1283,Other,Other,metalMinedOther,0.0,absent,False
1284,Other,Other,metalMinedOther,0.0,absent,False
1285,Other,Other,metalMinedOther,0.0,absent,False
1286,Other,Other,metalMinedOther,0.0,absent,False
1287,Other,Other,metalMinedOther,0.0,absent,False
1289,Other,Other,metalMinedOther,0.0,absent,False
1290,Other,Other,metalMinedOther,0.0,absent,False
1292,Other,Other,metalMinedOther,0.0,absent,False
1293,Other,Other,metalMinedOther,0.0,absent,False
1294,Other,Other,metalMinedOther,0.0,absent,False
1295,Other,Other,metalMinedOther,0.0,absent,False
1296,Other,Other,metalMinedOther,0.0,absent,False
1297,Other,Other,metalMinedOther,0.0,absent,False
1298,Other,Other,metalMinedOther,0.0,absent,False
1299,Other,Other,metalMinedOther,0.0,absent,False
1300,Other,Other,metalMinedOther,0.0,absent,False
1301,Other,Other,metalMinedOther,0.0,absent,False
1302,Other,Other,metalMinedOther,0.0,absent,False
1303,Other,Other,metalMinedOther,0.0,absent,False
1304,Other,Other,metalMinedOther,0.0,absent,False
1305,Other,Other,metalMinedOther,0.0,absent,False
1306,Other,Other,metalMinedOther,0.0,absent,False
1307,Other,Other,metalMinedOther,0.0,absent,False
1308,Other,Other,metalMinedOther,0.0,absent,False
1309,Other,Other,metalMinedOther,0.0,absent,False
1310,Other,Other,metalMinedOther,0.0,absent,False
1311,Other,Other,metalMinedOther,0.0,absent,False
1312,Other,Other,metalMinedOther,0.0,absent,False
1313,Other,Other,metalMinedOther,0.0,absent,False
1314,Other,Other,metalMinedOther,0.0,absent,False
1315,Other,Other,metalMinedOther,0.0,absent,False
1316,Other,Other,metalMinedOther,0.0,absent,False
1317,Other,Other,metalMinedOther,0.0,absent,False
1318,Other,Other,metalMinedOther,0.0,absent,False
1319,Other,Other,metalMinedOther,0.0,absent,False
1320,Other,Other,metalMinedOther,0.0,absent,False
1321,Other,Other,metalMinedOther,0.0,absent,False
1322,Other,Other,metalMinedOther,0.0,absent,False
1323,Other,Other,metalMinedOther,0.0,absent,False
1324,Other,Other,metalMinedOther,0.0,absent,False
1325,Other,Other,metalMinedOther,0.0,absent,False
1326,Other,Other,metalMinedOther,0.0,absent,False
1327,Other,Other,metalMinedOther,0.0,absent,False
1328,Other,Other,metalMinedOther,0.0,absent,False
1329,Other,Other,metalMinedOther,0.0,absent,False
1330,Other,Other,metalMinedOther,0.0,absent,False
1331,Other,Other,metalMinedOther,0.0,absent,False
1332,Other,Other,metalMinedOther,0.0,absent,False
1333,Other,Other,metalMinedOther,0.0,absent,False
1334,Other,Other,metalMinedOther,0.0,absent,False
1335,Other,Other,metalMinedOther,0.0,absent,False
1336,Other,Other,metalMinedOther,0.0,absent,False
1337,Other,Other,metalMinedOther,0.0,absent,False
1338,Other,Other,metalMinedOther,0.0,absent,False
1339,Other,Other,metalMinedOther,0.0,absent,False
1340,Other,Other,metalMinedOther,0.0,absent,False
1341,Other,Other,metalMinedOther,0.0,absent,False
1342,Other,Other,metalMinedOther,0.0,absent,False
1343,Other,Other,metalMinedOther,0.0,absent,False
1344,Other,Other,metalMinedOther,0.0,absent,False
1345,Other,Other,metalMinedOther,0.0,absent,False
1346,Other,Other,metalMinedOther,0.0,absent,False
1347,Other,Other,metalMinedOther,0.0,absent,False
1348,Other,Other,metalMinedOther,0.0,absent,False
1349,Other,Other,metalMinedOther,0.0,absent,False
1350,Other,Other,metalMinedOther,0.0,absent,False
1351,Other,Other,metalMinedOther,0.0,absent,False
1352,Other,Other,metalMinedOther,0.0,absent,False
1354,Other,Other,metalMinedOther,0.0,absent,False
1355,Other,Other,metalMinedOther,0.0,absent,False
1356,Other,Other,metalMinedOther,0.0,absent,False
1357,Other,Other,metalMinedOther,0.0,absent,False
1358,Other,Other,metalMinedOther,0.0,absent,False
1359,Other,Other,metalMinedOther,0.0,absent,False
1360,Other,Other,metalMinedOther,0.0,absent,False
1361,Other,Other,metalMinedOther,0.0,absent,False
1362,Other,Other,metalMinedOther,0.0,absent,False
1363,Other,Other,metalMinedOther,0.0,absent,False
1364,Other,Other,metalMinedOther,0.0,absent,False
1365,Other,Other,metalMinedOther,0.0,absent,False
1366,Other,Other,metalMinedOther,0.0,absent,False
1367,Other,Other,metalMinedOther,0.0,absent,False
1368,Other,Other,metalMinedOther,0.0,absent,False
1369,Other,Other,metalMinedOther,0.0,absent,False
1370,Other,Other,metalMinedOther,0.0,absent,False
1371,Other,Other,metalMinedOther,0.0,absent,False
1373,Other,Other,metalMinedOther,0.0,absent,False
1374,Other,Other,metalMinedOther,0.0,absent,False
1375,Other,Other,metalMinedOther,0.0,absent,False
1376,Other,Other,metalMinedOther,0.0,absent,False
1377,Other,Other,metalMinedOther,0.0,absent,False
1378,Other,Other,metalMinedOther,0.0,absent,False
1379,Other,Other,metalMinedOther,0.0,absent,False
1380,Other,Other,metalMinedOther,0.0,absent,False
1381,Other,Other,metalMinedOther,0.0,absent,False
1382,Other,Other,metalMinedOther,0.0,absent,False
1383,Other,Other,metalMinedOther,0.0,absent,False
1384,Other,Other,metalMinedOther,0.0,absent,False
1385,Other,Other,metalMinedOther,0.0,absent,False
1386,Other,Other,metalMinedOther,0.0,absent,False
1388,Other,Other,metalMinedOther,0.0,absent,False
1389,Other,Other,metalMinedOther,0.0,absent,False
1390,Other,Other,metalMinedOther,0.0,absent,False
1391,Other,Other,metalMinedOther,0.0,absent,False
1392,Other,Other,metalMinedOther,0.0,absent,False
1393,Other,Other,metalMinedOther,0.0,absent,False
1394,Other,Other,metalMinedOther,0.0,absent,False
1395,Other,Other,metalMinedOther,0.0,absent,False
1396,Other,Other,metalMinedOther,0.0,absent,False
1397,Other,Other,metalMinedOther,0.0,absent,False
1399,Other,Other,metalMinedOther,0.0,absent,False
1400,Other,Other,metalMinedOther,0.0,absent,False
1401,Other,Other,metalMinedOther,0.0,absent,False
1402,Other,Other,metalMinedOther,0.0,absent,False
1403,Other,Other,metalMinedOther,0.0,absent,False
1404,Other,Other,metalMinedOther,0.0,absent,False
1405,Other,Other,metalMinedOther,0.0,absent,False
1406,Other,Other,metalMinedOther,0.0,absent,False
1407,Other,Other,metalMinedOther,0.0,absent,False
1408,Other,Other,metalMinedOther,0.0,absent,False
1409,Other,Other,metalMinedOther,0.0,absent,False
1410,Other,Other,metalMinedOther,0.0,absent,False
1411,Other,Other,metalMinedOther,0.0,absent,False
1412,Other,Other,metalMinedOther,0.0,absent,False
1413,Other,Other,metalMinedOther,0.0,absent,False
1414,Other,Other,metalMinedOther,0.0,absent,False
1415,Other,Other,metalMinedOther,0.0,absent,False
1416,Other,Other,metalMinedOther,0.0,absent,False
1417,Other,Other,metalMinedOther,0.0,absent,False
1418,Other,Other,metalMinedOther,0.0,absent,False
1420,Other,Other,metalMinedOther,0.0,absent,False
1437,Other,Other,metalMinedOther,0.0,absent,False
1447,Other,Other,metalMinedOther,0.0,absent,False
1449,Other,Other,metalMinedOther,0.0,absent,False
1504,Other,Other,metalMinedOther,0.0,absent,False
1627,Other,Other,metalMinedOther,0.0,absent,False
1628,Other,Other,metalMinedOther,0.0,absent,False
1635,Other,Other,metalMinedOther,0.0,absent,False
1636,Other,Other,metalMinedOther,0.0,absent,False
1637,Other,Other,metalMinedOther,0.0,absent,False
1638,Other,Other,metalMinedOther,0.0,absent,False
1639,Other,Other,metalMinedOther,0.0,absent,False
1764,Other,Other,metalMinedOther,0.0,absent,False
1767,Other,Other,metalMinedOther,0.0,absent,False
1768,Other,Other,metalMinedOther,0.0,absent,False
1769,Other,Other,metalMinedOther,0.0,absent,False
1770,Other,Other,metalMinedOther,0.0,absent,False
1771,Other,Other,metalMinedOther,0.0,absent,False
1772,Other,Other,metalMinedOther,0.0,absent,False
1775,Other,Other,metalMinedOther,0.0,absent,False
1776,Other,Other,metalMinedOther,0.0,absent,False
1777,Other,Other,metalMinedOther,0.0,absent,False
1778,Other,Other,metalMinedOther,0.0,absent,False
1779,Other,Other,metalMinedOther,0.0,absent,False
1780,Other,Other,metalMinedOther,0.0,absent,False
