{
"type": "FeatureCollection",
"name": "OxREP_Hispania_Tecnica_Ruina_Montium",
"crs": { "type": "name", "properties": { "name": "urn:ogc:def:crs:OGC:1.3:CRS84" } },
"features": [
{ "type": "Feature", "properties": { "mineID": 3, "site": "Avintes", "ancientName": null, "province": "Lusitania", "country": "Portugal", "region": "Northern Portugal", "miningDistrict": "Northern Portugal", "romanianRANID": null, "sanchezPalenciaAndOrejasID": "NP-01", "domergueID": null, "spainMapSheet": null, "lambertX": null, "lambertY": null, "latitude": 41.099158, "longitude": -8.544675, "coordinateAccuracy": 1000.0, "locationDataSource": "Placename, Google Earth", "locationNotes": null, "notBeforeOpeningDate": null, "notAfterOpeningDate": null, "notBeforeClosingDate": null, "notAfterClosingDate": null, "inUseDate": null, "metalMinedGold": "TRUE", "metalMinedSilver": 0.0, "metalMinedLead": 0.0, "metalMinedCopper": 0.0, "metalMinedTin": 0.0, "metalMinedIron": 0.0, "metalMinedMercuryCinnabar": 0.0, "metalMinedZinc": 0.0, "metalMinedOther": 0.0, "description": null, "references": "Sanchez-Palencia and Orejas 1994, 198", "techniqueOpencast": 1.0, "techniqueUnderground": null, "techniqueHydraulic": "TRUE", "techniqueHushing": "FALSE", "techniqueGroundSluicing": "FALSE", "techniqueRuinaMontium": 0.0, "techniqueRakeComb": 0.0, "techniqueGoldWashing": 0.0, "techniqueOther": 0.0, "notes": null, "geology": null, "depositType": "Secondary", "exploitationType": "Selective - Extensive", "Flag_Au_Oro": 1, "Status_Au_Oro": "Confirmado", "Flag_Ag_Plata": 0, "Status_Ag_Plata": "No", "Flag_Cu_Cobre": 0, "Status_Cu_Cobre": "No", "Flag_Pb_Plomo": 0, "Status_Pb_Plomo": "No", "Flag_Hg_Cinabrio": 0, "Status_Hg_Cinabrio": "No", "Flag_Sn_Estano": 0, "Status_Sn_Estano": "No", "Flag_Fe_Hierro": 0, "Status_Fe_Hierro": "No", "Tech_Ruina_Montium": 1, "Tech_Subterranea": 0, "Tech_Cielo_Abierto": 1, "Tech_Lavado_Placer": 0, "Certainty_Spatial": 0.7, "Certainty_Archaeological": 0.9, "Certainty_Metallogenic": 1.0, "Certainty_Score": 0.845, "Certainty_Grade": "Alta Certeza (Grado I)" }, "geometry": { "type": "Point", "coordinates": [ -8.544675, 41.099158 ] } },
{ "type": "Feature", "properties": { "mineID": 30, "site": "Meimoa", "ancientName": null, "province": "Hispania Tarraconensis", "country": "Portugal", "region": "Castelo Branco", "miningDistrict": "Beiras", "romanianRANID": null, "sanchezPalenciaAndOrejasID": null, "domergueID": "POR 18", "spainMapSheet": 248.0, "lambertX": 286.0, "lambertY": 359.5, "latitude": 40.19973244, "longitude": -7.123086066, "coordinateAccuracy": null, "locationDataSource": null, "locationNotes": null, "notBeforeOpeningDate": null, "notAfterOpeningDate": null, "notBeforeClosingDate": null, "notAfterClosingDate": null, "inUseDate": null, "metalMinedGold": "TRUE", "metalMinedSilver": 0.0, "metalMinedLead": 0.0, "metalMinedCopper": 0.0, "metalMinedTin": 0.0, "metalMinedIron": 0.0, "metalMinedMercuryCinnabar": 0.0, "metalMinedZinc": 0.0, "metalMinedOther": 0.0, "description": null, "references": "Domergue 1990: 41", "techniqueOpencast": 0.0, "techniqueUnderground": 0.0, "techniqueHydraulic": "TRUE", "techniqueHushing": "TRUE", "techniqueGroundSluicing": "TRUE", "techniqueRuinaMontium": 0.0, "techniqueRakeComb": 1.0, "techniqueGoldWashing": 0.0, "techniqueOther": 0.0, "notes": null, "geology": "Tertiary alluvium", "depositType": null, "exploitationType": null, "Flag_Au_Oro": 1, "Status_Au_Oro": "Confirmado", "Flag_Ag_Plata": 0, "Status_Ag_Plata": "No", "Flag_Cu_Cobre": 0, "Status_Cu_Cobre": "No", "Flag_Pb_Plomo": 0, "Status_Pb_Plomo": "No", "Flag_Hg_Cinabrio": 0, "Status_Hg_Cinabrio": "No", "Flag_Sn_Estano": 0, "Status_Sn_Estano": "No", "Flag_Fe_Hierro": 0, "Status_Fe_Hierro": "No", "Tech_Ruina_Montium": 1, "Tech_Subterranea": 0, "Tech_Cielo_Abierto": 1, "Tech_Lavado_Placer": 0, "Certainty_Spatial": 0.5, "Certainty_Archaeological": 0.9, "Certainty_Metallogenic": 1.0, "Certainty_Score": 0.765, "Certainty_Grade": "Media Certeza (Grado II)" }, "geometry": { "type": "Point", "coordinates": [ -7.123086066, 40.19973244 ] } },
{ "type": "Feature", "properties": { "mineID": 37, "site": "Monfortinho 1", "ancientName": null, "province": "Hispania Tarraconensis", "country": "Portugal", "region": "Castelo Branco", "miningDistrict": "Beiras", "romanianRANID": null, "sanchezPalenciaAndOrejasID": null, "domergueID": "POR 17.1", "spainMapSheet": 271.0, "lambertX": 307.5, "lambertY": 339.0, "latitude": 40.01267954, "longitude": -6.874035303, "coordinateAccuracy": null, "locationDataSource": null, "locationNotes": "Location is actually slightly to the N of this point, at confluence of rio Erges and ribeiro do Segundo Areijo", "notBeforeOpeningDate": null, "notAfterOpeningDate": null, "notBeforeClosingDate": null, "notAfterClosingDate": null, "inUseDate": null, "metalMinedGold": "TRUE", "metalMinedSilver": 0.0, "metalMinedLead": 0.0, "metalMinedCopper": 0.0, "metalMinedTin": 0.0, "metalMinedIron": 0.0, "metalMinedMercuryCinnabar": 0.0, "metalMinedZinc": 0.0, "metalMinedOther": 0.0, "description": null, "references": "Domergue 1990: 41", "techniqueOpencast": 0.0, "techniqueUnderground": 0.0, "techniqueHydraulic": "TRUE", "techniqueHushing": "FALSE", "techniqueGroundSluicing": "FALSE", "techniqueRuinaMontium": 0.0, "techniqueRakeComb": 1.0, "techniqueGoldWashing": 0.0, "techniqueOther": 0.0, "notes": null, "geology": "Quaternary terrace", "depositType": null, "exploitationType": null, "Flag_Au_Oro": 1, "Status_Au_Oro": "Confirmado", "Flag_Ag_Plata": 0, "Status_Ag_Plata": "No", "Flag_Cu_Cobre": 0, "Status_Cu_Cobre": "No", "Flag_Pb_Plomo": 0, "Status_Pb_Plomo": "No", "Flag_Hg_Cinabrio": 0, "Status_Hg_Cinabrio": "No", "Flag_Sn_Estano": 0, "Status_Sn_Estano": "No", "Flag_Fe_Hierro": 0, "Status_Fe_Hierro": "No", "Tech_Ruina_Montium": 1, "Tech_Subterranea": 0, "Tech_Cielo_Abierto": 1, "Tech_Lavado_Placer": 0, "Certainty_Spatial": 0.5, "Certainty_Archaeological": 0.9, "Certainty_Metallogenic": 1.0, "Certainty_Score": 0.765, "Certainty_Grade": "Media Certeza (Grado II)" }, "geometry": { "type": "Point", "coordinates": [ -6.874035303, 40.01267954 ] } },
{ "type": "Feature", "properties": { "mineID": 38, "site": "Monfortinho 2", "ancientName": null, "province": "Hispania Tarraconensis", "country": "Portugal", "region": "Castelo Branco", "miningDistrict": "Beiras", "romanianRANID": null, "sanchezPalenciaAndOrejasID": null, "domergueID": "POR 17.2", "spainMapSheet": 271.0, "lambertX": 307.5, "lambertY": 339.0, "latitude": 40.01267954, "longitude": -6.874035303, "coordinateAccuracy": null, "locationDataSource": null, "locationNotes": null, "notBeforeOpeningDate": null, "notAfterOpeningDate": null, "notBeforeClosingDate": null, "notAfterClosingDate": null, "inUseDate": null, "metalMinedGold": "TRUE", "metalMinedSilver": 0.0, "metalMinedLead": 0.0, "metalMinedCopper": 0.0, "metalMinedTin": 0.0, "metalMinedIron": 0.0, "metalMinedMercuryCinnabar": 0.0, "metalMinedZinc": 0.0, "metalMinedOther": 0.0, "description": null, "references": "Domergue 1990: 41", "techniqueOpencast": 0.0, "techniqueUnderground": 0.0, "techniqueHydraulic": "TRUE", "techniqueHushing": "FALSE", "techniqueGroundSluicing": "FALSE", "techniqueRuinaMontium": 0.0, "techniqueRakeComb": 1.0, "techniqueGoldWashing": 0.0, "techniqueOther": 0.0, "notes": null, "geology": "Quaternary terrace", "depositType": null, "exploitationType": null, "Flag_Au_Oro": 1, "Status_Au_Oro": "Confirmado", "Flag_Ag_Plata": 0, "Status_Ag_Plata": "No", "Flag_Cu_Cobre": 0, "Status_Cu_Cobre": "No", "Flag_Pb_Plomo": 0, "Status_Pb_Plomo": "No", "Flag_Hg_Cinabrio": 0, "Status_Hg_Cinabrio": "No", "Flag_Sn_Estano": 0, "Status_Sn_Estano": "No", "Flag_Fe_Hierro": 0, "Status_Fe_Hierro": "No", "Tech_Ruina_Montium": 1, "Tech_Subterranea": 0, "Tech_Cielo_Abierto": 1, "Tech_Lavado_Placer": 0, "Certainty_Spatial": 0.5, "Certainty_Archaeological": 0.9, "Certainty_Metallogenic": 1.0, "Certainty_Score": 0.765, "Certainty_Grade": "Media Certeza (Grado II)" }, "geometry": { "type": "Point", "coordinates": [ -6.874035303, 40.01267954 ] } },
{ "type": "Feature", "properties": { "mineID": 39, "site": "Monfortinho 3 (Fonte Santa)", "ancientName": null, "province": "Hispania Tarraconensis", "country": "Portugal", "region": "Castelo Branco", "miningDistrict": "Beiras", "romanianRANID": null, "sanchezPalenciaAndOrejasID": null, "domergueID": "POR 17.3", "spainMapSheet": 271.0, "lambertX": 307.2, "lambertY": 337.2, "latitude": 39.99651051, "longitude": -6.877844815, "coordinateAccuracy": null, "locationDataSource": null, "locationNotes": null, "notBeforeOpeningDate": null, "notAfterOpeningDate": null, "notBeforeClosingDate": null, "notAfterClosingDate": null, "inUseDate": null, "metalMinedGold": "TRUE", "metalMinedSilver": 0.0, "metalMinedLead": 0.0, "metalMinedCopper": 0.0, "metalMinedTin": 0.0, "metalMinedIron": 0.0, "metalMinedMercuryCinnabar": 0.0, "metalMinedZinc": 0.0, "metalMinedOther": 0.0, "description": null, "references": "Domergue 1990: 41", "techniqueOpencast": 0.0, "techniqueUnderground": 0.0, "techniqueHydraulic": "TRUE", "techniqueHushing": "FALSE", "techniqueGroundSluicing": "FALSE", "techniqueRuinaMontium": 0.0, "techniqueRakeComb": 1.0, "techniqueGoldWashing": 0.0, "techniqueOther": 0.0, "notes": null, "geology": "Quaternary terrace", "depositType": null, "exploitationType": null, "Flag_Au_Oro": 1, "Status_Au_Oro": "Confirmado", "Flag_Ag_Plata": 0, "Status_Ag_Plata": "No", "Flag_Cu_Cobre": 0, "Status_Cu_Cobre": "No", "Flag_Pb_Plomo": 0, "Status_Pb_Plomo": "No", "Flag_Hg_Cinabrio": 0, "Status_Hg_Cinabrio": "No", "Flag_Sn_Estano": 0, "Status_Sn_Estano": "No", "Flag_Fe_Hierro": 0, "Status_Fe_Hierro": "No", "Tech_Ruina_Montium": 1, "Tech_Subterranea": 0, "Tech_Cielo_Abierto": 1, "Tech_Lavado_Placer": 0, "Certainty_Spatial": 0.5, "Certainty_Archaeological": 0.9, "Certainty_Metallogenic": 1.0, "Certainty_Score": 0.765, "Certainty_Grade": "Media Certeza (Grado II)" }, "geometry": { "type": "Point", "coordinates": [ -6.877844815, 39.99651051 ] } },
{ "type": "Feature", "properties": { "mineID": 144, "site": "Río Ponsul", "ancientName": null, "province": "Hispania Tarraconensis", "country": "Portugal", "region": "Castelo Branco", "miningDistrict": "Beiras", "romanianRANID": null, "sanchezPalenciaAndOrejasID": null, "domergueID": "POR 16", "spainMapSheet": 293.0, "lambertX": 265.0, "lambertY": 316.0, "latitude": 39.80988767, "longitude": -7.374041294, "coordinateAccuracy": null, "locationDataSource": null, "locationNotes": null, "notBeforeOpeningDate": null, "notAfterOpeningDate": null, "notBeforeClosingDate": null, "notAfterClosingDate": null, "inUseDate": null, "metalMinedGold": "TRUE", "metalMinedSilver": 0.0, "metalMinedLead": 0.0, "metalMinedCopper": 0.0, "metalMinedTin": 0.0, "metalMinedIron": 0.0, "metalMinedMercuryCinnabar": 0.0, "metalMinedZinc": 0.0, "metalMinedOther": 0.0, "description": null, "references": "Domergue 1990: 41", "techniqueOpencast": 0.0, "techniqueUnderground": 0.0, "techniqueHydraulic": "TRUE", "techniqueHushing": "FALSE", "techniqueGroundSluicing": "FALSE", "techniqueRuinaMontium": 0.0, "techniqueRakeComb": 1.0, "techniqueGoldWashing": 0.0, "techniqueOther": 0.0, "notes": null, "geology": "Quaternary terrace", "depositType": null, "exploitationType": null, "Flag_Au_Oro": 1, "Status_Au_Oro": "Confirmado", "Flag_Ag_Plata": 0, "Status_Ag_Plata": "No", "Flag_Cu_Cobre": 0, "Status_Cu_Cobre": "No", "Flag_Pb_Plomo": 0, "Status_Pb_Plomo": "No", "Flag_Hg_Cinabrio": 0, "Status_Hg_Cinabrio": "No", "Flag_Sn_Estano": 0, "Status_Sn_Estano": "No", "Flag_Fe_Hierro": 0, "Status_Fe_Hierro": "No", "Tech_Ruina_Montium": 1, "Tech_Subterranea": 0, "Tech_Cielo_Abierto": 1, "Tech_Lavado_Placer": 0, "Certainty_Spatial": 0.5, "Certainty_Archaeological": 0.9, "Certainty_Metallogenic": 1.0, "Certainty_Score": 0.765, "Certainty_Grade": "Media Certeza (Grado II)" }, "geometry": { "type": "Point", "coordinates": [ -7.374041294, 39.80988767 ] } },
{ "type": "Feature", "properties": { "mineID": 155, "site": "Tagus 1: Mouriscas", "ancientName": null, "province": "Hispania Tarraconensis", "country": "Portugal", "region": "Santarem", "miningDistrict": "Beiras", "romanianRANID": null, "sanchezPalenciaAndOrejasID": null, "domergueID": "POR 33", "spainMapSheet": 332.0, "lambertX": 203.0, "lambertY": 277.5, "latitude": 39.46560039, "longitude": -8.098241904, "coordinateAccuracy": null, "locationDataSource": null, "locationNotes": null, "notBeforeOpeningDate": null, "notAfterOpeningDate": null, "notBeforeClosingDate": null, "notAfterClosingDate": null, "inUseDate": null, "metalMinedGold": "TRUE", "metalMinedSilver": 0.0, "metalMinedLead": 0.0, "metalMinedCopper": 0.0, "metalMinedTin": 0.0, "metalMinedIron": 0.0, "metalMinedMercuryCinnabar": 0.0, "metalMinedZinc": 0.0, "metalMinedOther": 0.0, "description": null, "references": "Domergue 1990: 41", "techniqueOpencast": 0.0, "techniqueUnderground": 0.0, "techniqueHydraulic": "TRUE", "techniqueHushing": "FALSE", "techniqueGroundSluicing": "FALSE", "techniqueRuinaMontium": 0.0, "techniqueRakeComb": 1.0, "techniqueGoldWashing": 0.0, "techniqueOther": 0.0, "notes": null, "geology": "Quaternary terrace", "depositType": null, "exploitationType": null, "Flag_Au_Oro": 1, "Status_Au_Oro": "Confirmado", "Flag_Ag_Plata": 0, "Status_Ag_Plata": "No", "Flag_Cu_Cobre": 0, "Status_Cu_Cobre": "No", "Flag_Pb_Plomo": 0, "Status_Pb_Plomo": "No", "Flag_Hg_Cinabrio": 0, "Status_Hg_Cinabrio": "No", "Flag_Sn_Estano": 0, "Status_Sn_Estano": "No", "Flag_Fe_Hierro": 0, "Status_Fe_Hierro": "No", "Tech_Ruina_Montium": 1, "Tech_Subterranea": 0, "Tech_Cielo_Abierto": 1, "Tech_Lavado_Placer": 0, "Certainty_Spatial": 0.5, "Certainty_Archaeological": 0.9, "Certainty_Metallogenic": 1.0, "Certainty_Score": 0.765, "Certainty_Grade": "Media Certeza (Grado II)" }, "geometry": { "type": "Point", "coordinates": [ -8.098241904, 39.46560039 ] } },
{ "type": "Feature", "properties": { "mineID": 156, "site": "Tagus 2: Abrantes", "ancientName": null, "province": "Hispania Tarraconensis", "country": "Portugal", "region": "Santarem", "miningDistrict": "Beiras", "romanianRANID": null, "sanchezPalenciaAndOrejasID": null, "domergueID": "POR 32", "spainMapSheet": 331.0, "lambertX": 195.0, "lambertY": 278.5, "latitude": 39.47459709, "longitude": -8.191211683000001, "coordinateAccuracy": null, "locationDataSource": null, "locationNotes": null, "notBeforeOpeningDate": null, "notAfterOpeningDate": null, "notBeforeClosingDate": null, "notAfterClosingDate": null, "inUseDate": null, "metalMinedGold": "TRUE", "metalMinedSilver": 0.0, "metalMinedLead": 0.0, "metalMinedCopper": 0.0, "metalMinedTin": 0.0, "metalMinedIron": 0.0, "metalMinedMercuryCinnabar": 0.0, "metalMinedZinc": 0.0, "metalMinedOther": 0.0, "description": null, "references": "Domergue 1990: 41", "techniqueOpencast": 0.0, "techniqueUnderground": 0.0, "techniqueHydraulic": "TRUE", "techniqueHushing": "FALSE", "techniqueGroundSluicing": "FALSE", "techniqueRuinaMontium": 0.0, "techniqueRakeComb": 1.0, "techniqueGoldWashing": 0.0, "techniqueOther": 0.0, "notes": null, "geology": "Quaternary terrace", "depositType": null, "exploitationType": null, "Flag_Au_Oro": 1, "Status_Au_Oro": "Confirmado", "Flag_Ag_Plata": 0, "Status_Ag_Plata": "No", "Flag_Cu_Cobre": 0, "Status_Cu_Cobre": "No", "Flag_Pb_Plomo": 0, "Status_Pb_Plomo": "No", "Flag_Hg_Cinabrio": 0, "Status_Hg_Cinabrio": "No", "Flag_Sn_Estano": 0, "Status_Sn_Estano": "No", "Flag_Fe_Hierro": 0, "Status_Fe_Hierro": "No", "Tech_Ruina_Montium": 1, "Tech_Subterranea": 0, "Tech_Cielo_Abierto": 1, "Tech_Lavado_Placer": 0, "Certainty_Spatial": 0.5, "Certainty_Archaeological": 0.9, "Certainty_Metallogenic": 1.0, "Certainty_Score": 0.765, "Certainty_Grade": "Media Certeza (Grado II)" }, "geometry": { "type": "Point", "coordinates": [ -8.191211683, 39.47459709 ] } },
{ "type": "Feature", "properties": { "mineID": 157, "site": "Tagus 3: Confluence Zêzere-Tagus", "ancientName": null, "province": "Hispania Tarraconensis", "country": "Portugal", "region": "Santarem", "miningDistrict": "Beiras", "romanianRANID": null, "sanchezPalenciaAndOrejasID": null, "domergueID": "POR 34", "spainMapSheet": 331.0, "lambertX": 185.0, "lambertY": 279.0, "latitude": 39.4789832, "longitude": -8.307440301, "coordinateAccuracy": null, "locationDataSource": null, "locationNotes": null, "notBeforeOpeningDate": null, "notAfterOpeningDate": null, "notBeforeClosingDate": null, "notAfterClosingDate": null, "inUseDate": null, "metalMinedGold": "TRUE", "metalMinedSilver": 0.0, "metalMinedLead": 0.0, "metalMinedCopper": 0.0, "metalMinedTin": 0.0, "metalMinedIron": 0.0, "metalMinedMercuryCinnabar": 0.0, "metalMinedZinc": 0.0, "metalMinedOther": 0.0, "description": null, "references": "Domergue 1990: 41", "techniqueOpencast": 0.0, "techniqueUnderground": 0.0, "techniqueHydraulic": "TRUE", "techniqueHushing": "FALSE", "techniqueGroundSluicing": "FALSE", "techniqueRuinaMontium": 0.0, "techniqueRakeComb": 1.0, "techniqueGoldWashing": 0.0, "techniqueOther": 0.0, "notes": null, "geology": "Quaternary terrace", "depositType": null, "exploitationType": null, "Flag_Au_Oro": 1, "Status_Au_Oro": "Confirmado", "Flag_Ag_Plata": 0, "Status_Ag_Plata": "No", "Flag_Cu_Cobre": 0, "Status_Cu_Cobre": "No", "Flag_Pb_Plomo": 0, "Status_Pb_Plomo": "No", "Flag_Hg_Cinabrio": 0, "Status_Hg_Cinabrio": "No", "Flag_Sn_Estano": 0, "Status_Sn_Estano": "No", "Flag_Fe_Hierro": 0, "Status_Fe_Hierro": "No", "Tech_Ruina_Montium": 1, "Tech_Subterranea": 0, "Tech_Cielo_Abierto": 1, "Tech_Lavado_Placer": 0, "Certainty_Spatial": 0.5, "Certainty_Archaeological": 0.9, "Certainty_Metallogenic": 1.0, "Certainty_Score": 0.765, "Certainty_Grade": "Media Certeza (Grado II)" }, "geometry": { "type": "Point", "coordinates": [ -8.307440301, 39.4789832 ] } },
{ "type": "Feature", "properties": { "mineID": 391, "site": "Arroyo del Salgueral", "ancientName": null, "province": "Hispania Tarraconensis", "country": "Spain", "region": "León", "miningDistrict": "Cuenca Alta del Tuerto", "romanianRANID": null, "sanchezPalenciaAndOrejasID": "AT-13", "domergueID": "LE 58", "spainMapSheet": 160.0, "lambertX": null, "lambertY": null, "latitude": 42.587941, "longitude": -6.10518, "coordinateAccuracy": 50.0, "locationDataSource": "Google Earth and Domergue 1988 vol. II, 343", "locationNotes": null, "notBeforeOpeningDate": null, "notAfterOpeningDate": null, "notBeforeClosingDate": null, "notAfterClosingDate": null, "inUseDate": null, "metalMinedGold": "TRUE", "metalMinedSilver": 0.0, "metalMinedLead": 0.0, "metalMinedCopper": 0.0, "metalMinedTin": 0.0, "metalMinedIron": 0.0, "metalMinedMercuryCinnabar": 0.0, "metalMinedZinc": 0.0, "metalMinedOther": 0.0, "description": null, "references": "Domergue 1988, 343; Sanchez-Palencia and Orejas 1994, 190", "techniqueOpencast": 1.0, "techniqueUnderground": 0.0, "techniqueHydraulic": "TRUE", "techniqueHushing": "FALSE", "techniqueGroundSluicing": "FALSE", "techniqueRuinaMontium": 0.0, "techniqueRakeComb": 1.0, "techniqueGoldWashing": 0.0, "techniqueOther": 0.0, "notes": null, "geology": "Colluvial deposits", "depositType": "Secondary - Primary", "exploitationType": "Extensive", "Flag_Au_Oro": 1, "Status_Au_Oro": "Confirmado", "Flag_Ag_Plata": 0, "Status_Ag_Plata": "No", "Flag_Cu_Cobre": 0, "Status_Cu_Cobre": "No", "Flag_Pb_Plomo": 0, "Status_Pb_Plomo": "No", "Flag_Hg_Cinabrio": 0, "Status_Hg_Cinabrio": "No", "Flag_Sn_Estano": 0, "Status_Sn_Estano": "No", "Flag_Fe_Hierro": 0, "Status_Fe_Hierro": "No", "Tech_Ruina_Montium": 1, "Tech_Subterranea": 0, "Tech_Cielo_Abierto": 1, "Tech_Lavado_Placer": 0, "Certainty_Spatial": 1.0, "Certainty_Archaeological": 1.0, "Certainty_Metallogenic": 1.0, "Certainty_Score": 1.0, "Certainty_Grade": "Alta Certeza (Grado I)" }, "geometry": { "type": "Point", "coordinates": [ -6.10518, 42.587941 ] } },
{ "type": "Feature", "properties": { "mineID": 431, "site": "Barreiro", "ancientName": null, "province": "Hispania Tarraconensis", "country": "Spain", "region": "Lugo", "miningDistrict": "Cuenca media del Sil", "romanianRANID": null, "sanchezPalenciaAndOrejasID": "MS-045", "domergueID": null, "spainMapSheet": null, "lambertX": null, "lambertY": null, "latitude": 42.455589, "longitude": -7.327043, "coordinateAccuracy": 500.0, "locationDataSource": "Estimated from Google Earth, IGN map, and Sanchez-Palencia and Orejas 1994, fig. 16", "locationNotes": "Is this Monte Barreiro, = Domergue LU 13.2.1?", "notBeforeOpeningDate": null, "notAfterOpeningDate": null, "notBeforeClosingDate": null, "notAfterClosingDate": null, "inUseDate": null, "metalMinedGold": "TRUE", "metalMinedSilver": 0.0, "metalMinedLead": 0.0, "metalMinedCopper": 0.0, "metalMinedTin": 0.0, "metalMinedIron": 0.0, "metalMinedMercuryCinnabar": 0.0, "metalMinedZinc": 0.0, "metalMinedOther": 0.0, "description": null, "references": "Sanchez-Palencia and Orejas 1994, 195", "techniqueOpencast": 1.0, "techniqueUnderground": 0.0, "techniqueHydraulic": "TRUE", "techniqueHushing": null, "techniqueGroundSluicing": null, "techniqueRuinaMontium": null, "techniqueRakeComb": null, "techniqueGoldWashing": null, "techniqueOther": null, "notes": null, "geology": null, "depositType": "Secondary", "exploitationType": "Extensive", "Flag_Au_Oro": 1, "Status_Au_Oro": "Confirmado", "Flag_Ag_Plata": 0, "Status_Ag_Plata": "No", "Flag_Cu_Cobre": 0, "Status_Cu_Cobre": "No", "Flag_Pb_Plomo": 0, "Status_Pb_Plomo": "No", "Flag_Hg_Cinabrio": 0, "Status_Hg_Cinabrio": "No", "Flag_Sn_Estano": 0, "Status_Sn_Estano": "No", "Flag_Fe_Hierro": 0, "Status_Fe_Hierro": "No", "Tech_Ruina_Montium": 1, "Tech_Subterranea": 0, "Tech_Cielo_Abierto": 1, "Tech_Lavado_Placer": 0, "Certainty_Spatial": 0.85, "Certainty_Archaeological": 0.9, "Certainty_Metallogenic": 1.0, "Certainty_Score": 0.905, "Certainty_Grade": "Alta Certeza (Grado I)" }, "geometry": { "type": "Point", "coordinates": [ -7.327043, 42.455589 ] } },
{ "type": "Feature", "properties": { "mineID": 434, "site": "Benllera", "ancientName": null, "province": "Hispania Tarraconensis", "country": "Spain", "region": "León", "miningDistrict": "Cuenca Alta del Orbigo", "romanianRANID": null, "sanchezPalenciaAndOrejasID": "AO-30", "domergueID": null, "spainMapSheet": null, "lambertX": null, "lambertY": null, "latitude": 42.769431, "longitude": -5.739137, "coordinateAccuracy": 500.0, "locationDataSource": "Guessed: probable opencast on Google Earth", "locationNotes": null, "notBeforeOpeningDate": null, "notAfterOpeningDate": null, "notBeforeClosingDate": null, "notAfterClosingDate": null, "inUseDate": null, "metalMinedGold": "TRUE", "metalMinedSilver": 0.0, "metalMinedLead": 0.0, "metalMinedCopper": 0.0, "metalMinedTin": 0.0, "metalMinedIron": 0.0, "metalMinedMercuryCinnabar": 0.0, "metalMinedZinc": 0.0, "metalMinedOther": 0.0, "description": null, "references": "Sanchez-Palencia and Orejas 1994, 189", "techniqueOpencast": 1.0, "techniqueUnderground": 0.0, "techniqueHydraulic": "TRUE", "techniqueHushing": null, "techniqueGroundSluicing": null, "techniqueRuinaMontium": null, "techniqueRakeComb": null, "techniqueGoldWashing": null, "techniqueOther": null, "notes": null, "geology": null, "depositType": "Secondary", "exploitationType": "Extensive", "Flag_Au_Oro": 1, "Status_Au_Oro": "Confirmado", "Flag_Ag_Plata": 0, "Status_Ag_Plata": "No", "Flag_Cu_Cobre": 0, "Status_Cu_Cobre": "No", "Flag_Pb_Plomo": 0, "Status_Pb_Plomo": "No", "Flag_Hg_Cinabrio": 0, "Status_Hg_Cinabrio": "No", "Flag_Sn_Estano": 0, "Status_Sn_Estano": "No", "Flag_Fe_Hierro": 0, "Status_Fe_Hierro": "No", "Tech_Ruina_Montium": 1, "Tech_Subterranea": 0, "Tech_Cielo_Abierto": 1, "Tech_Lavado_Placer": 0, "Certainty_Spatial": 0.85, "Certainty_Archaeological": 0.9, "Certainty_Metallogenic": 1.0, "Certainty_Score": 0.905, "Certainty_Grade": "Alta Certeza (Grado I)" }, "geometry": { "type": "Point", "coordinates": [ -5.739137, 42.769431 ] } },
{ "type": "Feature", "properties": { "mineID": 436, "site": "Besullo", "ancientName": null, "province": "Hispania Tarraconensis", "country": "Spain", "region": "Oviedo", "miningDistrict": "Cuenca del Narcea", "romanianRANID": null, "sanchezPalenciaAndOrejasID": "NA-23", "domergueID": null, "spainMapSheet": null, "lambertX": null, "lambertY": null, "latitude": 43.187648, "longitude": -6.62437, "coordinateAccuracy": 1000.0, "locationDataSource": "Estimated from Sanchez-Palencia and Orejas 1994, fig. 13 and Google Earth", "locationNotes": null, "notBeforeOpeningDate": null, "notAfterOpeningDate": null, "notBeforeClosingDate": null, "notAfterClosingDate": null, "inUseDate": null, "metalMinedGold": "TRUE", "metalMinedSilver": 0.0, "metalMinedLead": 0.0, "metalMinedCopper": 0.0, "metalMinedTin": 0.0, "metalMinedIron": 0.0, "metalMinedMercuryCinnabar": 0.0, "metalMinedZinc": 0.0, "metalMinedOther": 0.0, "description": null, "references": "Sanchez-Palencia and Orejas 1994, 197", "techniqueOpencast": 1.0, "techniqueUnderground": 0.0, "techniqueHydraulic": "TRUE", "techniqueHushing": null, "techniqueGroundSluicing": null, "techniqueRuinaMontium": null, "techniqueRakeComb": null, "techniqueGoldWashing": null, "techniqueOther": null, "notes": null, "geology": null, "depositType": "Secondary", "exploitationType": "Selective", "Flag_Au_Oro": 1, "Status_Au_Oro": "Confirmado", "Flag_Ag_Plata": 0, "Status_Ag_Plata": "No", "Flag_Cu_Cobre": 0, "Status_Cu_Cobre": "No", "Flag_Pb_Plomo": 0, "Status_Pb_Plomo": "No", "Flag_Hg_Cinabrio": 0, "Status_Hg_Cinabrio": "No", "Flag_Sn_Estano": 0, "Status_Sn_Estano": "No", "Flag_Fe_Hierro": 0, "Status_Fe_Hierro": "No", "Tech_Ruina_Montium": 1, "Tech_Subterranea": 0, "Tech_Cielo_Abierto": 1, "Tech_Lavado_Placer": 0, "Certainty_Spatial": 0.7, "Certainty_Archaeological": 0.9, "Certainty_Metallogenic": 1.0, "Certainty_Score": 0.845, "Certainty_Grade": "Alta Certeza (Grado I)" }, "geometry": { "type": "Point", "coordinates": [ -6.62437, 43.187648 ] } },
{ "type": "Feature", "properties": { "mineID": 440, "site": "Buiran", "ancientName": null, "province": "Hispania Tarraconensis", "country": "Spain", "region": "Lugo", "miningDistrict": "Cuenca Alta del Miño", "romanianRANID": null, "sanchezPalenciaAndOrejasID": "AN-07", "domergueID": null, "spainMapSheet": null, "lambertX": null, "lambertY": null, "latitude": 42.930757, "longitude": -7.072386, "coordinateAccuracy": 2000.0, "locationDataSource": "Google Earth", "locationNotes": "A guess, on the basis that \"Buiran\" might be a typo for the actual Buisan.", "notBeforeOpeningDate": null, "notAfterOpeningDate": null, "notBeforeClosingDate": null, "notAfterClosingDate": null, "inUseDate": null, "metalMinedGold": "TRUE", "metalMinedSilver": 0.0, "metalMinedLead": 0.0, "metalMinedCopper": 0.0, "metalMinedTin": 0.0, "metalMinedIron": 0.0, "metalMinedMercuryCinnabar": 0.0, "metalMinedZinc": 0.0, "metalMinedOther": 0.0, "description": null, "references": "Sanchez-Palencia and Orejas 1994, 188", "techniqueOpencast": 1.0, "techniqueUnderground": 0.0, "techniqueHydraulic": "TRUE", "techniqueHushing": null, "techniqueGroundSluicing": null, "techniqueRuinaMontium": null, "techniqueRakeComb": null, "techniqueGoldWashing": null, "techniqueOther": null, "notes": null, "geology": null, "depositType": "Secondary", "exploitationType": "Selective", "Flag_Au_Oro": 1, "Status_Au_Oro": "Confirmado", "Flag_Ag_Plata": 0, "Status_Ag_Plata": "No", "Flag_Cu_Cobre": 0, "Status_Cu_Cobre": "No", "Flag_Pb_Plomo": 0, "Status_Pb_Plomo": "No", "Flag_Hg_Cinabrio": 0, "Status_Hg_Cinabrio": "No", "Flag_Sn_Estano": 0, "Status_Sn_Estano": "No", "Flag_Fe_Hierro": 0, "Status_Fe_Hierro": "No", "Tech_Ruina_Montium": 1, "Tech_Subterranea": 0, "Tech_Cielo_Abierto": 1, "Tech_Lavado_Placer": 0, "Certainty_Spatial": 0.5, "Certainty_Archaeological": 0.9, "Certainty_Metallogenic": 1.0, "Certainty_Score": 0.765, "Certainty_Grade": "Media Certeza (Grado II)" }, "geometry": { "type": "Point", "coordinates": [ -7.072386, 42.930757 ] } },
{ "type": "Feature", "properties": { "mineID": 458, "site": "Campo la Peral", "ancientName": null, "province": "Hispania Tarraconensis", "country": "Spain", "region": "León", "miningDistrict": "Cuenca del Boeza", "romanianRANID": null, "sanchezPalenciaAndOrejasID": "BO-22", "domergueID": null, "spainMapSheet": null, "lambertX": null, "lambertY": null, "latitude": 42.56722, "longitude": -6.258764, "coordinateAccuracy": 500.0, "locationDataSource": "Estimated from Sanchez-Palencia and Orejas 1994, fig. 14, IGN map, and Google Earth", "locationNotes": null, "notBeforeOpeningDate": null, "notAfterOpeningDate": null, "notBeforeClosingDate": null, "notAfterClosingDate": null, "inUseDate": null, "metalMinedGold": "TRUE", "metalMinedSilver": 0.0, "metalMinedLead": 0.0, "metalMinedCopper": 0.0, "metalMinedTin": 0.0, "metalMinedIron": 0.0, "metalMinedMercuryCinnabar": 0.0, "metalMinedZinc": 0.0, "metalMinedOther": 0.0, "description": null, "references": "Sanchez-Palencia and Orejas 1994, 191", "techniqueOpencast": 1.0, "techniqueUnderground": 0.0, "techniqueHydraulic": "TRUE", "techniqueHushing": null, "techniqueGroundSluicing": null, "techniqueRuinaMontium": null, "techniqueRakeComb": null, "techniqueGoldWashing": null, "techniqueOther": null, "notes": null, "geology": null, "depositType": "Primary", "exploitationType": "Extensive", "Flag_Au_Oro": 1, "Status_Au_Oro": "Confirmado", "Flag_Ag_Plata": 0, "Status_Ag_Plata": "No", "Flag_Cu_Cobre": 0, "Status_Cu_Cobre": "No", "Flag_Pb_Plomo": 0, "Status_Pb_Plomo": "No", "Flag_Hg_Cinabrio": 0, "Status_Hg_Cinabrio": "No", "Flag_Sn_Estano": 0, "Status_Sn_Estano": "No", "Flag_Fe_Hierro": 0, "Status_Fe_Hierro": "No", "Tech_Ruina_Montium": 1, "Tech_Subterranea": 0, "Tech_Cielo_Abierto": 1, "Tech_Lavado_Placer": 0, "Certainty_Spatial": 0.85, "Certainty_Archaeological": 0.9, "Certainty_Metallogenic": 1.0, "Certainty_Score": 0.905, "Certainty_Grade": "Alta Certeza (Grado I)" }, "geometry": { "type": "Point", "coordinates": [ -6.258764, 42.56722 ] } },
{ "type": "Feature", "properties": { "mineID": 466, "site": "Cara de Oso", "ancientName": null, "province": "Hispania Tarraconensis", "country": "Spain", "region": "León", "miningDistrict": "Cuenca del Eria", "romanianRANID": null, "sanchezPalenciaAndOrejasID": "ER-11", "domergueID": null, "spainMapSheet": null, "lambertX": null, "lambertY": null, "latitude": 42.250813, "longitude": -6.316238, "coordinateAccuracy": 300.0, "locationDataSource": "Estimated from Sanchez-Palencia and Orejas 1994, fig. 17 and Google Earth", "locationNotes": null, "notBeforeOpeningDate": null, "notAfterOpeningDate": null, "notBeforeClosingDate": null, "notAfterClosingDate": null, "inUseDate": null, "metalMinedGold": "TRUE", "metalMinedSilver": 0.0, "metalMinedLead": 0.0, "metalMinedCopper": 0.0, "metalMinedTin": 0.0, "metalMinedIron": 0.0, "metalMinedMercuryCinnabar": 0.0, "metalMinedZinc": 0.0, "metalMinedOther": 0.0, "description": null, "references": "Sanchez-Palencia and Orejas 1994, 193", "techniqueOpencast": 1.0, "techniqueUnderground": 0.0, "techniqueHydraulic": "TRUE", "techniqueHushing": "FALSE", "techniqueGroundSluicing": "FALSE", "techniqueRuinaMontium": 0.0, "techniqueRakeComb": 0.0, "techniqueGoldWashing": 0.0, "techniqueOther": 0.0, "notes": null, "geology": null, "depositType": "Secondary", "exploitationType": "Selective", "Flag_Au_Oro": 1, "Status_Au_Oro": "Confirmado", "Flag_Ag_Plata": 0, "Status_Ag_Plata": "No", "Flag_Cu_Cobre": 0, "Status_Cu_Cobre": "No", "Flag_Pb_Plomo": 0, "Status_Pb_Plomo": "No", "Flag_Hg_Cinabrio": 0, "Status_Hg_Cinabrio": "No", "Flag_Sn_Estano": 0, "Status_Sn_Estano": "No", "Flag_Fe_Hierro": 0, "Status_Fe_Hierro": "No", "Tech_Ruina_Montium": 1, "Tech_Subterranea": 0, "Tech_Cielo_Abierto": 1, "Tech_Lavado_Placer": 0, "Certainty_Spatial": 0.85, "Certainty_Archaeological": 0.9, "Certainty_Metallogenic": 1.0, "Certainty_Score": 0.905, "Certainty_Grade": "Alta Certeza (Grado I)" }, "geometry": { "type": "Point", "coordinates": [ -6.316238, 42.250813 ] } },
{ "type": "Feature", "properties": { "mineID": 467, "site": "Carbueiro", "ancientName": null, "province": "Hispania Tarraconensis", "country": "Spain", "region": "Oviedo", "miningDistrict": "Cuenca del Navia", "romanianRANID": null, "sanchezPalenciaAndOrejasID": "NV-24", "domergueID": null, "spainMapSheet": null, "lambertX": null, "lambertY": null, "latitude": 43.026133, "longitude": -6.869433, "coordinateAccuracy": 500.0, "locationDataSource": "Google Earth, IGN map, and Sanchez-Palencia and Orejas 1994, fig. 13.", "locationNotes": null, "notBeforeOpeningDate": null, "notAfterOpeningDate": null, "notBeforeClosingDate": null, "notAfterClosingDate": null, "inUseDate": null, "metalMinedGold": "TRUE", "metalMinedSilver": 0.0, "metalMinedLead": 0.0, "metalMinedCopper": 0.0, "metalMinedTin": 0.0, "metalMinedIron": 0.0, "metalMinedMercuryCinnabar": 0.0, "metalMinedZinc": 0.0, "metalMinedOther": 0.0, "description": null, "references": "Sanchez-Palencia and Orejas 1994, 199", "techniqueOpencast": 1.0, "techniqueUnderground": 0.0, "techniqueHydraulic": "TRUE", "techniqueHushing": null, "techniqueGroundSluicing": null, "techniqueRuinaMontium": null, "techniqueRakeComb": null, "techniqueGoldWashing": null, "techniqueOther": null, "notes": null, "geology": null, "depositType": "Secondary", "exploitationType": "Selective - Extensive", "Flag_Au_Oro": 1, "Status_Au_Oro": "Confirmado", "Flag_Ag_Plata": 0, "Status_Ag_Plata": "No", "Flag_Cu_Cobre": 0, "Status_Cu_Cobre": "No", "Flag_Pb_Plomo": 0, "Status_Pb_Plomo": "No", "Flag_Hg_Cinabrio": 0, "Status_Hg_Cinabrio": "No", "Flag_Sn_Estano": 0, "Status_Sn_Estano": "No", "Flag_Fe_Hierro": 0, "Status_Fe_Hierro": "No", "Tech_Ruina_Montium": 1, "Tech_Subterranea": 0, "Tech_Cielo_Abierto": 1, "Tech_Lavado_Placer": 0, "Certainty_Spatial": 0.85, "Certainty_Archaeological": 0.9, "Certainty_Metallogenic": 1.0, "Certainty_Score": 0.905, "Certainty_Grade": "Alta Certeza (Grado I)" }, "geometry": { "type": "Point", "coordinates": [ -6.869433, 43.026133 ] } },
{ "type": "Feature", "properties": { "mineID": 469, "site": "Carcabonas de Merás", "ancientName": null, "province": "Hispania Tarraconensis", "country": "Spain", "region": "Oviedo", "miningDistrict": "Cuenca del Esba o Canero", "romanianRANID": null, "sanchezPalenciaAndOrejasID": "ES-09", "domergueID": null, "spainMapSheet": null, "lambertX": null, "lambertY": null, "latitude": 43.473629, "longitude": -6.474357, "coordinateAccuracy": 3000.0, "locationDataSource": "Placename Meras on Google Earth", "locationNotes": null, "notBeforeOpeningDate": null, "notAfterOpeningDate": null, "notBeforeClosingDate": null, "notAfterClosingDate": null, "inUseDate": null, "metalMinedGold": "TRUE", "metalMinedSilver": 0.0, "metalMinedLead": 0.0, "metalMinedCopper": 0.0, "metalMinedTin": 0.0, "metalMinedIron": 0.0, "metalMinedMercuryCinnabar": 0.0, "metalMinedZinc": 0.0, "metalMinedOther": 0.0, "description": null, "references": "Sanchez-Palencia and Orejas 1994, 194", "techniqueOpencast": 1.0, "techniqueUnderground": 0.0, "techniqueHydraulic": "TRUE", "techniqueHushing": null, "techniqueGroundSluicing": null, "techniqueRuinaMontium": null, "techniqueRakeComb": null, "techniqueGoldWashing": null, "techniqueOther": null, "notes": null, "geology": null, "depositType": "Secondary", "exploitationType": "Extensive", "Flag_Au_Oro": 1, "Status_Au_Oro": "Confirmado", "Flag_Ag_Plata": 0, "Status_Ag_Plata": "No", "Flag_Cu_Cobre": 0, "Status_Cu_Cobre": "No", "Flag_Pb_Plomo": 0, "Status_Pb_Plomo": "No", "Flag_Hg_Cinabrio": 0, "Status_Hg_Cinabrio": "No", "Flag_Sn_Estano": 0, "Status_Sn_Estano": "No", "Flag_Fe_Hierro": 0, "Status_Fe_Hierro": "No", "Tech_Ruina_Montium": 1, "Tech_Subterranea": 0, "Tech_Cielo_Abierto": 1, "Tech_Lavado_Placer": 0, "Certainty_Spatial": 0.5, "Certainty_Archaeological": 0.9, "Certainty_Metallogenic": 1.0, "Certainty_Score": 0.765, "Certainty_Grade": "Media Certeza (Grado II)" }, "geometry": { "type": "Point", "coordinates": [ -6.474357, 43.473629 ] } },
{ "type": "Feature", "properties": { "mineID": 473, "site": "Carmino del Palo (I, II) - Arroyo del Cabrito (I, II, III)", "ancientName": null, "province": "Hispania Tarraconensis", "country": "Spain", "region": "León", "miningDistrict": "Sierra del Teleno", "romanianRANID": null, "sanchezPalenciaAndOrejasID": "TE-03", "domergueID": null, "spainMapSheet": null, "lambertX": null, "lambertY": null, "latitude": 42.385861, "longitude": -6.388739, "coordinateAccuracy": 500.0, "locationDataSource": "Estimated from Sanchez-Palencia and Orejas 1994, fig. 17, IGN map, and Google Earth", "locationNotes": null, "notBeforeOpeningDate": null, "notAfterOpeningDate": null, "notBeforeClosingDate": null, "notAfterClosingDate": null, "inUseDate": null, "metalMinedGold": "TRUE", "metalMinedSilver": 0.0, "metalMinedLead": 0.0, "metalMinedCopper": 0.0, "metalMinedTin": 0.0, "metalMinedIron": 0.0, "metalMinedMercuryCinnabar": 0.0, "metalMinedZinc": 0.0, "metalMinedOther": 0.0, "description": null, "references": "Sanchez-Palencia and Orejas 1994, 201", "techniqueOpencast": 1.0, "techniqueUnderground": 0.0, "techniqueHydraulic": "TRUE", "techniqueHushing": null, "techniqueGroundSluicing": null, "techniqueRuinaMontium": null, "techniqueRakeComb": null, "techniqueGoldWashing": null, "techniqueOther": null, "notes": null, "geology": null, "depositType": "Secondary", "exploitationType": "Selective - Extensive", "Flag_Au_Oro": 1, "Status_Au_Oro": "Confirmado", "Flag_Ag_Plata": 0, "Status_Ag_Plata": "No", "Flag_Cu_Cobre": 0, "Status_Cu_Cobre": "No", "Flag_Pb_Plomo": 0, "Status_Pb_Plomo": "No", "Flag_Hg_Cinabrio": 0, "Status_Hg_Cinabrio": "No", "Flag_Sn_Estano": 0, "Status_Sn_Estano": "No", "Flag_Fe_Hierro": 0, "Status_Fe_Hierro": "No", "Tech_Ruina_Montium": 1, "Tech_Subterranea": 0, "Tech_Cielo_Abierto": 1, "Tech_Lavado_Placer": 0, "Certainty_Spatial": 0.85, "Certainty_Archaeological": 0.9, "Certainty_Metallogenic": 1.0, "Certainty_Score": 0.905, "Certainty_Grade": "Alta Certeza (Grado I)" }, "geometry": { "type": "Point", "coordinates": [ -6.388739, 42.385861 ] } },
{ "type": "Feature", "properties": { "mineID": 475, "site": "Carrua de la Rata - El Lago", "ancientName": null, "province": "Hispania Tarraconensis", "country": "Spain", "region": "León", "miningDistrict": "Cuencas de Cúa y Burbia", "romanianRANID": null, "sanchezPalenciaAndOrejasID": "CB-35", "domergueID": "LE 56", "spainMapSheet": null, "lambertX": null, "lambertY": null, "latitude": 42.551531, "longitude": -6.781019, "coordinateAccuracy": 100.0, "locationDataSource": "Estimated from Sanchez-Palencia and Orejas 1994, fig. 14, IGN map, and Google Earth", "locationNotes": null, "notBeforeOpeningDate": null, "notAfterOpeningDate": null, "notBeforeClosingDate": null, "notAfterClosingDate": null, "inUseDate": null, "metalMinedGold": "TRUE", "metalMinedSilver": 0.0, "metalMinedLead": 0.0, "metalMinedCopper": 0.0, "metalMinedTin": 0.0, "metalMinedIron": 0.0, "metalMinedMercuryCinnabar": 0.0, "metalMinedZinc": 0.0, "metalMinedOther": 0.0, "description": null, "references": "Sanchez-Palencia and Orejas 1994, 192", "techniqueOpencast": 1.0, "techniqueUnderground": 0.0, "techniqueHydraulic": "TRUE", "techniqueHushing": null, "techniqueGroundSluicing": null, "techniqueRuinaMontium": null, "techniqueRakeComb": null, "techniqueGoldWashing": null, "techniqueOther": null, "notes": null, "geology": null, "depositType": "Secondary", "exploitationType": "Extensive", "Flag_Au_Oro": 1, "Status_Au_Oro": "Confirmado", "Flag_Ag_Plata": 0, "Status_Ag_Plata": "No", "Flag_Cu_Cobre": 0, "Status_Cu_Cobre": "No", "Flag_Pb_Plomo": 0, "Status_Pb_Plomo": "No", "Flag_Hg_Cinabrio": 0, "Status_Hg_Cinabrio": "No", "Flag_Sn_Estano": 0, "Status_Sn_Estano": "No", "Flag_Fe_Hierro": 0, "Status_Fe_Hierro": "No", "Tech_Ruina_Montium": 1, "Tech_Subterranea": 0, "Tech_Cielo_Abierto": 1, "Tech_Lavado_Placer": 0, "Certainty_Spatial": 1.0, "Certainty_Archaeological": 1.0, "Certainty_Metallogenic": 1.0, "Certainty_Score": 1.0, "Certainty_Grade": "Alta Certeza (Grado I)" }, "geometry": { "type": "Point", "coordinates": [ -6.781019, 42.551531 ] } },
{ "type": "Feature", "properties": { "mineID": 478, "site": "Casales", "ancientName": null, "province": "Hispania Tarraconensis", "country": "Spain", "region": "León", "miningDistrict": "Cuenca media del Sil", "romanianRANID": null, "sanchezPalenciaAndOrejasID": "MS-071", "domergueID": null, "spainMapSheet": null, "lambertX": null, "lambertY": null, "latitude": 42.41467, "longitude": -6.673559, "coordinateAccuracy": 500.0, "locationDataSource": "Guessed from Google Earth and Sanchez-Palencia and Orejas 1994, fig. 16", "locationNotes": null, "notBeforeOpeningDate": null, "notAfterOpeningDate": null, "notBeforeClosingDate": null, "notAfterClosingDate": null, "inUseDate": null, "metalMinedGold": "TRUE", "metalMinedSilver": 0.0, "metalMinedLead": 0.0, "metalMinedCopper": 0.0, "metalMinedTin": 0.0, "metalMinedIron": 0.0, "metalMinedMercuryCinnabar": 0.0, "metalMinedZinc": 0.0, "metalMinedOther": 0.0, "description": null, "references": "Sanchez-Palencia and Orejas 1994, 196", "techniqueOpencast": 1.0, "techniqueUnderground": 0.0, "techniqueHydraulic": "TRUE", "techniqueHushing": null, "techniqueGroundSluicing": null, "techniqueRuinaMontium": null, "techniqueRakeComb": null, "techniqueGoldWashing": null, "techniqueOther": null, "notes": null, "geology": null, "depositType": "Secondary", "exploitationType": "Selective", "Flag_Au_Oro": 1, "Status_Au_Oro": "Confirmado", "Flag_Ag_Plata": 0, "Status_Ag_Plata": "No", "Flag_Cu_Cobre": 0, "Status_Cu_Cobre": "No", "Flag_Pb_Plomo": 0, "Status_Pb_Plomo": "No", "Flag_Hg_Cinabrio": 0, "Status_Hg_Cinabrio": "No", "Flag_Sn_Estano": 0, "Status_Sn_Estano": "No", "Flag_Fe_Hierro": 0, "Status_Fe_Hierro": "No", "Tech_Ruina_Montium": 1, "Tech_Subterranea": 0, "Tech_Cielo_Abierto": 1, "Tech_Lavado_Placer": 0, "Certainty_Spatial": 0.85, "Certainty_Archaeological": 0.9, "Certainty_Metallogenic": 1.0, "Certainty_Score": 0.905, "Certainty_Grade": "Alta Certeza (Grado I)" }, "geometry": { "type": "Point", "coordinates": [ -6.673559, 42.41467 ] } },
{ "type": "Feature", "properties": { "mineID": 480, "site": "Castañedo", "ancientName": null, "province": "Hispania Tarraconensis", "country": "Spain", "region": "Oviedo", "miningDistrict": "Cuenca del Narcea", "romanianRANID": null, "sanchezPalenciaAndOrejasID": "NA-54", "domergueID": null, "spainMapSheet": null, "lambertX": null, "lambertY": null, "latitude": 43.359767, "longitude": -6.230038, "coordinateAccuracy": 3000.0, "locationDataSource": "Guessed from placename on Google Earth", "locationNotes": null, "notBeforeOpeningDate": null, "notAfterOpeningDate": null, "notBeforeClosingDate": null, "notAfterClosingDate": null, "inUseDate": null, "metalMinedGold": "TRUE", "metalMinedSilver": 0.0, "metalMinedLead": 0.0, "metalMinedCopper": 0.0, "metalMinedTin": 0.0, "metalMinedIron": 0.0, "metalMinedMercuryCinnabar": 0.0, "metalMinedZinc": 0.0, "metalMinedOther": 0.0, "description": null, "references": "Sanchez-Palencia and Orejas 1994, 198", "techniqueOpencast": 1.0, "techniqueUnderground": 0.0, "techniqueHydraulic": "TRUE", "techniqueHushing": null, "techniqueGroundSluicing": null, "techniqueRuinaMontium": null, "techniqueRakeComb": null, "techniqueGoldWashing": null, "techniqueOther": null, "notes": null, "geology": null, "depositType": "Secondary", "exploitationType": "Selective - Extensive", "Flag_Au_Oro": 1, "Status_Au_Oro": "Confirmado", "Flag_Ag_Plata": 0, "Status_Ag_Plata": "No", "Flag_Cu_Cobre": 0, "Status_Cu_Cobre": "No", "Flag_Pb_Plomo": 0, "Status_Pb_Plomo": "No", "Flag_Hg_Cinabrio": 0, "Status_Hg_Cinabrio": "No", "Flag_Sn_Estano": 0, "Status_Sn_Estano": "No", "Flag_Fe_Hierro": 0, "Status_Fe_Hierro": "No", "Tech_Ruina_Montium": 1, "Tech_Subterranea": 0, "Tech_Cielo_Abierto": 1, "Tech_Lavado_Placer": 0, "Certainty_Spatial": 0.5, "Certainty_Archaeological": 0.9, "Certainty_Metallogenic": 1.0, "Certainty_Score": 0.765, "Certainty_Grade": "Media Certeza (Grado II)" }, "geometry": { "type": "Point", "coordinates": [ -6.230038, 43.359767 ] } },
{ "type": "Feature", "properties": { "mineID": 486, "site": "Castro del Río", "ancientName": null, "province": "Hispania Tarraconensis", "country": "Spain", "region": "León", "miningDistrict": "Cuenca del Boeza", "romanianRANID": null, "sanchezPalenciaAndOrejasID": "BO-07", "domergueID": null, "spainMapSheet": null, "lambertX": null, "lambertY": null, "latitude": 42.71996123, "longitude": -6.408303869, "coordinateAccuracy": 20.0, "locationDataSource": "https://servicios.jcyl.es/pweb/datosYacimiento.do?numero=102282&tipo=yacimiento&ruta=", "locationNotes": null, "notBeforeOpeningDate": null, "notAfterOpeningDate": null, "notBeforeClosingDate": null, "notAfterClosingDate": null, "inUseDate": null, "metalMinedGold": "TRUE", "metalMinedSilver": 0.0, "metalMinedLead": 0.0, "metalMinedCopper": 0.0, "metalMinedTin": 0.0, "metalMinedIron": 0.0, "metalMinedMercuryCinnabar": 0.0, "metalMinedZinc": 0.0, "metalMinedOther": 0.0, "description": "Castro adjacent to mine", "references": "Sanchez-Palencia and Orejas 1994, 190", "techniqueOpencast": 1.0, "techniqueUnderground": 0.0, "techniqueHydraulic": "TRUE", "techniqueHushing": null, "techniqueGroundSluicing": null, "techniqueRuinaMontium": null, "techniqueRakeComb": null, "techniqueGoldWashing": null, "techniqueOther": null, "notes": null, "geology": null, "depositType": "Secondary", "exploitationType": "Extensive", "Flag_Au_Oro": 1, "Status_Au_Oro": "Confirmado", "Flag_Ag_Plata": 0, "Status_Ag_Plata": "No", "Flag_Cu_Cobre": 0, "Status_Cu_Cobre": "No", "Flag_Pb_Plomo": 0, "Status_Pb_Plomo": "No", "Flag_Hg_Cinabrio": 0, "Status_Hg_Cinabrio": "No", "Flag_Sn_Estano": 0, "Status_Sn_Estano": "No", "Flag_Fe_Hierro": 0, "Status_Fe_Hierro": "No", "Tech_Ruina_Montium": 1, "Tech_Subterranea": 0, "Tech_Cielo_Abierto": 1, "Tech_Lavado_Placer": 0, "Certainty_Spatial": 1.0, "Certainty_Archaeological": 0.9, "Certainty_Metallogenic": 1.0, "Certainty_Score": 0.965, "Certainty_Grade": "Alta Certeza (Grado I)" }, "geometry": { "type": "Point", "coordinates": [ -6.408303869, 42.71996123 ] } },
{ "type": "Feature", "properties": { "mineID": 487, "site": "Castropetre", "ancientName": null, "province": "Hispania Tarraconensis", "country": "Spain", "region": "León", "miningDistrict": "Cuenca media del Sil", "romanianRANID": null, "sanchezPalenciaAndOrejasID": "MS-053", "domergueID": null, "spainMapSheet": null, "lambertX": null, "lambertY": null, "latitude": 42.534458, "longitude": -6.932606, "coordinateAccuracy": 200.0, "locationDataSource": "Google Earth, placename", "locationNotes": "IGN map shows \"Mina de El Riego - abandonada\"", "notBeforeOpeningDate": null, "notAfterOpeningDate": null, "notBeforeClosingDate": null, "notAfterClosingDate": null, "inUseDate": null, "metalMinedGold": "TRUE", "metalMinedSilver": 0.0, "metalMinedLead": 0.0, "metalMinedCopper": 0.0, "metalMinedTin": 0.0, "metalMinedIron": 0.0, "metalMinedMercuryCinnabar": 0.0, "metalMinedZinc": 0.0, "metalMinedOther": 0.0, "description": null, "references": "Sanchez-Palencia and Orejas 1994, 196", "techniqueOpencast": 1.0, "techniqueUnderground": 0.0, "techniqueHydraulic": "TRUE", "techniqueHushing": null, "techniqueGroundSluicing": null, "techniqueRuinaMontium": null, "techniqueRakeComb": null, "techniqueGoldWashing": null, "techniqueOther": null, "notes": null, "geology": null, "depositType": "Secondary", "exploitationType": "Selective - Extensive", "Flag_Au_Oro": 1, "Status_Au_Oro": "Confirmado", "Flag_Ag_Plata": 0, "Status_Ag_Plata": "No", "Flag_Cu_Cobre": 0, "Status_Cu_Cobre": "No", "Flag_Pb_Plomo": 0, "Status_Pb_Plomo": "No", "Flag_Hg_Cinabrio": 0, "Status_Hg_Cinabrio": "No", "Flag_Sn_Estano": 0, "Status_Sn_Estano": "No", "Flag_Fe_Hierro": 0, "Status_Fe_Hierro": "No", "Tech_Ruina_Montium": 1, "Tech_Subterranea": 0, "Tech_Cielo_Abierto": 1, "Tech_Lavado_Placer": 0, "Certainty_Spatial": 0.85, "Certainty_Archaeological": 0.9, "Certainty_Metallogenic": 1.0, "Certainty_Score": 0.905, "Certainty_Grade": "Alta Certeza (Grado I)" }, "geometry": { "type": "Point", "coordinates": [ -6.932606, 42.534458 ] } },
{ "type": "Feature", "properties": { "mineID": 488, "site": "Castropodame / Los Valles - Las Gándaras", "ancientName": null, "province": "Hispania Tarraconensis", "country": "Spain", "region": "León", "miningDistrict": "Cuenca del Boeza", "romanianRANID": null, "sanchezPalenciaAndOrejasID": "BO-29", "domergueID": "LE 11", "spainMapSheet": 159.0, "lambertX": 371.5, "lambertY": 888.8, "latitude": 42.572454, "longitude": -6.46915, "coordinateAccuracy": 0.0, "locationDataSource": "Converted in QGIS from Lambert coords, Madrid 1870; adjusted with reference to Google Earth and site visit 27/09/2021.", "locationNotes": null, "notBeforeOpeningDate": null, "notAfterOpeningDate": null, "notBeforeClosingDate": null, "notAfterClosingDate": null, "inUseDate": null, "metalMinedGold": "TRUE", "metalMinedSilver": 0.0, "metalMinedLead": 0.0, "metalMinedCopper": 0.0, "metalMinedTin": 0.0, "metalMinedIron": 0.0, "metalMinedMercuryCinnabar": 0.0, "metalMinedZinc": 0.0, "metalMinedOther": 0.0, "description": null, "references": "Domergue 1990: 43; Sanchez-Palencia and Orejas 1994, 191", "techniqueOpencast": 1.0, "techniqueUnderground": 0.0, "techniqueHydraulic": "TRUE", "techniqueHushing": "TRUE", "techniqueGroundSluicing": "FALSE", "techniqueRuinaMontium": 0.0, "techniqueRakeComb": 0.0, "techniqueGoldWashing": 0.0, "techniqueOther": 0.0, "notes": null, "geology": "Alterites, tertiary deposits, and terrace", "depositType": "Secondary", "exploitationType": "Extensive", "Flag_Au_Oro": 1, "Status_Au_Oro": "Confirmado", "Flag_Ag_Plata": 0, "Status_Ag_Plata": "No", "Flag_Cu_Cobre": 0, "Status_Cu_Cobre": "No", "Flag_Pb_Plomo": 0, "Status_Pb_Plomo": "No", "Flag_Hg_Cinabrio": 0, "Status_Hg_Cinabrio": "No", "Flag_Sn_Estano": 0, "Status_Sn_Estano": "No", "Flag_Fe_Hierro": 0, "Status_Fe_Hierro": "No", "Tech_Ruina_Montium": 1, "Tech_Subterranea": 0, "Tech_Cielo_Abierto": 1, "Tech_Lavado_Placer": 0, "Certainty_Spatial": 1.0, "Certainty_Archaeological": 1.0, "Certainty_Metallogenic": 1.0, "Certainty_Score": 1.0, "Certainty_Grade": "Alta Certeza (Grado I)" }, "geometry": { "type": "Point", "coordinates": [ -6.46915, 42.572454 ] } },
{ "type": "Feature", "properties": { "mineID": 489, "site": "Cavón del Pozo - Muro de la T.", "ancientName": null, "province": "Hispania Tarraconensis", "country": "Spain", "region": "León", "miningDistrict": "Cuenca Alta del Orbigo", "romanianRANID": null, "sanchezPalenciaAndOrejasID": "AO-26", "domergueID": null, "spainMapSheet": null, "lambertX": null, "lambertY": null, "latitude": 42.782281, "longitude": -5.687959, "coordinateAccuracy": 1000.0, "locationDataSource": "Estimated from Sanchez-Palencia and Orejas 1994, fig. 15, and features on Google Earth", "locationNotes": null, "notBeforeOpeningDate": null, "notAfterOpeningDate": null, "notBeforeClosingDate": null, "notAfterClosingDate": null, "inUseDate": null, "metalMinedGold": "TRUE", "metalMinedSilver": 0.0, "metalMinedLead": 0.0, "metalMinedCopper": 0.0, "metalMinedTin": 0.0, "metalMinedIron": 0.0, "metalMinedMercuryCinnabar": 0.0, "metalMinedZinc": 0.0, "metalMinedOther": 0.0, "description": null, "references": "Sanchez-Palencia and Orejas 1994, 189", "techniqueOpencast": 1.0, "techniqueUnderground": 0.0, "techniqueHydraulic": "TRUE", "techniqueHushing": null, "techniqueGroundSluicing": null, "techniqueRuinaMontium": null, "techniqueRakeComb": null, "techniqueGoldWashing": null, "techniqueOther": null, "notes": null, "geology": null, "depositType": "Secondary", "exploitationType": "Extensive", "Flag_Au_Oro": 1, "Status_Au_Oro": "Confirmado", "Flag_Ag_Plata": 0, "Status_Ag_Plata": "No", "Flag_Cu_Cobre": 0, "Status_Cu_Cobre": "No", "Flag_Pb_Plomo": 0, "Status_Pb_Plomo": "No", "Flag_Hg_Cinabrio": 0, "Status_Hg_Cinabrio": "No", "Flag_Sn_Estano": 0, "Status_Sn_Estano": "No", "Flag_Fe_Hierro": 0, "Status_Fe_Hierro": "No", "Tech_Ruina_Montium": 1, "Tech_Subterranea": 0, "Tech_Cielo_Abierto": 1, "Tech_Lavado_Placer": 0, "Certainty_Spatial": 0.7, "Certainty_Archaeological": 0.9, "Certainty_Metallogenic": 1.0, "Certainty_Score": 0.845, "Certainty_Grade": "Alta Certeza (Grado I)" }, "geometry": { "type": "Point", "coordinates": [ -5.687959, 42.782281 ] } },
{ "type": "Feature", "properties": { "mineID": 490, "site": "Cecos I", "ancientName": null, "province": "Hispania Tarraconensis", "country": "Spain", "region": "Oviedo", "miningDistrict": "Cuenca del Navia", "romanianRANID": null, "sanchezPalenciaAndOrejasID": "NV-20", "domergueID": null, "spainMapSheet": null, "lambertX": null, "lambertY": null, "latitude": 43.019984, "longitude": -6.855363, "coordinateAccuracy": 500.0, "locationDataSource": "Guessed in relation to Villarcebollín and other Cecos sites from Google Earth and Sanchez-Palencia and Orejas 1994, fig. 13.", "locationNotes": null, "notBeforeOpeningDate": null, "notAfterOpeningDate": null, "notBeforeClosingDate": null, "notAfterClosingDate": null, "inUseDate": null, "metalMinedGold": "TRUE", "metalMinedSilver": 0.0, "metalMinedLead": 0.0, "metalMinedCopper": 0.0, "metalMinedTin": 0.0, "metalMinedIron": 0.0, "metalMinedMercuryCinnabar": 0.0, "metalMinedZinc": 0.0, "metalMinedOther": 0.0, "description": null, "references": "Sanchez-Palencia and Orejas 1994, 199", "techniqueOpencast": 1.0, "techniqueUnderground": 0.0, "techniqueHydraulic": "TRUE", "techniqueHushing": null, "techniqueGroundSluicing": null, "techniqueRuinaMontium": null, "techniqueRakeComb": null, "techniqueGoldWashing": null, "techniqueOther": null, "notes": null, "geology": null, "depositType": "Secondary", "exploitationType": "Extensive", "Flag_Au_Oro": 1, "Status_Au_Oro": "Confirmado", "Flag_Ag_Plata": 0, "Status_Ag_Plata": "No", "Flag_Cu_Cobre": 0, "Status_Cu_Cobre": "No", "Flag_Pb_Plomo": 0, "Status_Pb_Plomo": "No", "Flag_Hg_Cinabrio": 0, "Status_Hg_Cinabrio": "No", "Flag_Sn_Estano": 0, "Status_Sn_Estano": "No", "Flag_Fe_Hierro": 0, "Status_Fe_Hierro": "No", "Tech_Ruina_Montium": 1, "Tech_Subterranea": 0, "Tech_Cielo_Abierto": 1, "Tech_Lavado_Placer": 0, "Certainty_Spatial": 0.85, "Certainty_Archaeological": 0.9, "Certainty_Metallogenic": 1.0, "Certainty_Score": 0.905, "Certainty_Grade": "Alta Certeza (Grado I)" }, "geometry": { "type": "Point", "coordinates": [ -6.855363, 43.019984 ] } },
{ "type": "Feature", "properties": { "mineID": 496, "site": "Cerdanya - All Guilleteres sector 1 NE - 1", "ancientName": null, "province": "Hispania Tarraconensis", "country": "Spain", "region": "Gerona", "miningDistrict": "Pyrenees", "romanianRANID": null, "sanchezPalenciaAndOrejasID": null, "domergueID": null, "spainMapSheet": null, "lambertX": null, "lambertY": null, "latitude": 42.39786735, "longitude": 1.820130111, "coordinateAccuracy": 0.0, "locationDataSource": "Google Earth", "locationNotes": null, "notBeforeOpeningDate": null, "notAfterOpeningDate": null, "notBeforeClosingDate": null, "notAfterClosingDate": null, "inUseDate": null, "metalMinedGold": "TRUE", "metalMinedSilver": 0.0, "metalMinedLead": 0.0, "metalMinedCopper": 0.0, "metalMinedTin": 0.0, "metalMinedIron": 0.0, "metalMinedMercuryCinnabar": 0.0, "metalMinedZinc": 0.0, "metalMinedOther": 0.0, "description": "Hydraulic opencast mining visible on Google Earth", "references": null, "techniqueOpencast": 1.0, "techniqueUnderground": 0.0, "techniqueHydraulic": "TRUE", "techniqueHushing": "TRUE", "techniqueGroundSluicing": "FALSE", "techniqueRuinaMontium": 0.0, "techniqueRakeComb": 0.0, "techniqueGoldWashing": 0.0, "techniqueOther": 0.0, "notes": null, "geology": null, "depositType": null, "exploitationType": null, "Flag_Au_Oro": 1, "Status_Au_Oro": "Confirmado", "Flag_Ag_Plata": 0, "Status_Ag_Plata": "No", "Flag_Cu_Cobre": 0, "Status_Cu_Cobre": "No", "Flag_Pb_Plomo": 0, "Status_Pb_Plomo": "No", "Flag_Hg_Cinabrio": 0, "Status_Hg_Cinabrio": "No", "Flag_Sn_Estano": 0, "Status_Sn_Estano": "No", "Flag_Fe_Hierro": 0, "Status_Fe_Hierro": "No", "Tech_Ruina_Montium": 1, "Tech_Subterranea": 0, "Tech_Cielo_Abierto": 1, "Tech_Lavado_Placer": 0, "Certainty_Spatial": 1.0, "Certainty_Archaeological": 0.4, "Certainty_Metallogenic": 1.0, "Certainty_Score": 0.79, "Certainty_Grade": "Media Certeza (Grado II)" }, "geometry": { "type": "Point", "coordinates": [ 1.820130111, 42.39786735 ] } },
{ "type": "Feature", "properties": { "mineID": 497, "site": "Cerdanya - All Guilleteres sector 1 NE - 2", "ancientName": null, "province": "Hispania Tarraconensis", "country": "Spain", "region": "Gerona", "miningDistrict": "Pyrenees", "romanianRANID": null, "sanchezPalenciaAndOrejasID": null, "domergueID": null, "spainMapSheet": null, "lambertX": null, "lambertY": null, "latitude": 42.39853497, "longitude": 1.826364395, "coordinateAccuracy": 0.0, "locationDataSource": "Google Earth", "locationNotes": null, "notBeforeOpeningDate": null, "notAfterOpeningDate": null, "notBeforeClosingDate": null, "notAfterClosingDate": null, "inUseDate": null, "metalMinedGold": "TRUE", "metalMinedSilver": 0.0, "metalMinedLead": 0.0, "metalMinedCopper": 0.0, "metalMinedTin": 0.0, "metalMinedIron": 0.0, "metalMinedMercuryCinnabar": 0.0, "metalMinedZinc": 0.0, "metalMinedOther": 0.0, "description": null, "references": null, "techniqueOpencast": 1.0, "techniqueUnderground": 0.0, "techniqueHydraulic": "TRUE", "techniqueHushing": "TRUE", "techniqueGroundSluicing": "FALSE", "techniqueRuinaMontium": 0.0, "techniqueRakeComb": 0.0, "techniqueGoldWashing": 0.0, "techniqueOther": 0.0, "notes": null, "geology": null, "depositType": null, "exploitationType": null, "Flag_Au_Oro": 1, "Status_Au_Oro": "Confirmado", "Flag_Ag_Plata": 0, "Status_Ag_Plata": "No", "Flag_Cu_Cobre": 0, "Status_Cu_Cobre": "No", "Flag_Pb_Plomo": 0, "Status_Pb_Plomo": "No", "Flag_Hg_Cinabrio": 0, "Status_Hg_Cinabrio": "No", "Flag_Sn_Estano": 0, "Status_Sn_Estano": "No", "Flag_Fe_Hierro": 0, "Status_Fe_Hierro": "No", "Tech_Ruina_Montium": 1, "Tech_Subterranea": 0, "Tech_Cielo_Abierto": 1, "Tech_Lavado_Placer": 0, "Certainty_Spatial": 1.0, "Certainty_Archaeological": 0.4, "Certainty_Metallogenic": 1.0, "Certainty_Score": 0.79, "Certainty_Grade": "Media Certeza (Grado II)" }, "geometry": { "type": "Point", "coordinates": [ 1.826364395, 42.39853497 ] } },
{ "type": "Feature", "properties": { "mineID": 498, "site": "Cerdanya - All Guilleteres sector 1 NE - 3", "ancientName": null, "province": "Hispania Tarraconensis", "country": "Spain", "region": "Gerona", "miningDistrict": "Pyrenees", "romanianRANID": null, "sanchezPalenciaAndOrejasID": null, "domergueID": null, "spainMapSheet": null, "lambertX": null, "lambertY": null, "latitude": 42.39639938, "longitude": 1.82934192, "coordinateAccuracy": 0.0, "locationDataSource": "Google Earth", "locationNotes": null, "notBeforeOpeningDate": null, "notAfterOpeningDate": null, "notBeforeClosingDate": null, "notAfterClosingDate": null, "inUseDate": null, "metalMinedGold": "TRUE", "metalMinedSilver": 0.0, "metalMinedLead": 0.0, "metalMinedCopper": 0.0, "metalMinedTin": 0.0, "metalMinedIron": 0.0, "metalMinedMercuryCinnabar": 0.0, "metalMinedZinc": 0.0, "metalMinedOther": 0.0, "description": null, "references": null, "techniqueOpencast": 1.0, "techniqueUnderground": 0.0, "techniqueHydraulic": "TRUE", "techniqueHushing": "TRUE", "techniqueGroundSluicing": "FALSE", "techniqueRuinaMontium": 0.0, "techniqueRakeComb": 0.0, "techniqueGoldWashing": 0.0, "techniqueOther": 0.0, "notes": null, "geology": null, "depositType": null, "exploitationType": null, "Flag_Au_Oro": 1, "Status_Au_Oro": "Confirmado", "Flag_Ag_Plata": 0, "Status_Ag_Plata": "No", "Flag_Cu_Cobre": 0, "Status_Cu_Cobre": "No", "Flag_Pb_Plomo": 0, "Status_Pb_Plomo": "No", "Flag_Hg_Cinabrio": 0, "Status_Hg_Cinabrio": "No", "Flag_Sn_Estano": 0, "Status_Sn_Estano": "No", "Flag_Fe_Hierro": 0, "Status_Fe_Hierro": "No", "Tech_Ruina_Montium": 1, "Tech_Subterranea": 0, "Tech_Cielo_Abierto": 1, "Tech_Lavado_Placer": 0, "Certainty_Spatial": 1.0, "Certainty_Archaeological": 0.4, "Certainty_Metallogenic": 1.0, "Certainty_Score": 0.79, "Certainty_Grade": "Media Certeza (Grado II)" }, "geometry": { "type": "Point", "coordinates": [ 1.82934192, 42.39639938 ] } },
{ "type": "Feature", "properties": { "mineID": 499, "site": "Cerdanya - All Guilleteres sector 1 NE - 4", "ancientName": null, "province": "Hispania Tarraconensis", "country": "Spain", "region": "Gerona", "miningDistrict": "Pyrenees", "romanianRANID": null, "sanchezPalenciaAndOrejasID": null, "domergueID": null, "spainMapSheet": null, "lambertX": null, "lambertY": null, "latitude": 42.40234069, "longitude": 1.833771284, "coordinateAccuracy": 0.0, "locationDataSource": "Google Earth", "locationNotes": null, "notBeforeOpeningDate": null, "notAfterOpeningDate": null, "notBeforeClosingDate": null, "notAfterClosingDate": null, "inUseDate": null, "metalMinedGold": "TRUE", "metalMinedSilver": 0.0, "metalMinedLead": 0.0, "metalMinedCopper": 0.0, "metalMinedTin": 0.0, "metalMinedIron": 0.0, "metalMinedMercuryCinnabar": 0.0, "metalMinedZinc": 0.0, "metalMinedOther": 0.0, "description": null, "references": null, "techniqueOpencast": 1.0, "techniqueUnderground": 0.0, "techniqueHydraulic": "TRUE", "techniqueHushing": "TRUE", "techniqueGroundSluicing": "FALSE", "techniqueRuinaMontium": 0.0, "techniqueRakeComb": 0.0, "techniqueGoldWashing": 0.0, "techniqueOther": 0.0, "notes": null, "geology": null, "depositType": null, "exploitationType": null, "Flag_Au_Oro": 1, "Status_Au_Oro": "Confirmado", "Flag_Ag_Plata": 0, "Status_Ag_Plata": "No", "Flag_Cu_Cobre": 0, "Status_Cu_Cobre": "No", "Flag_Pb_Plomo": 0, "Status_Pb_Plomo": "No", "Flag_Hg_Cinabrio": 0, "Status_Hg_Cinabrio": "No", "Flag_Sn_Estano": 0, "Status_Sn_Estano": "No", "Flag_Fe_Hierro": 0, "Status_Fe_Hierro": "No", "Tech_Ruina_Montium": 1, "Tech_Subterranea": 0, "Tech_Cielo_Abierto": 1, "Tech_Lavado_Placer": 0, "Certainty_Spatial": 1.0, "Certainty_Archaeological": 0.4, "Certainty_Metallogenic": 1.0, "Certainty_Score": 0.79, "Certainty_Grade": "Media Certeza (Grado II)" }, "geometry": { "type": "Point", "coordinates": [ 1.833771284, 42.40234069 ] } },
{ "type": "Feature", "properties": { "mineID": 500, "site": "Cerdanya - All Guilleteres sector 1 NE - new?", "ancientName": null, "province": "Hispania Tarraconensis", "country": "Spain", "region": "Gerona", "miningDistrict": "Pyrenees", "romanianRANID": null, "sanchezPalenciaAndOrejasID": null, "domergueID": null, "spainMapSheet": null, "lambertX": null, "lambertY": null, "latitude": 42.4029556, "longitude": 1.815050524, "coordinateAccuracy": 0.0, "locationDataSource": "Google Earth", "locationNotes": null, "notBeforeOpeningDate": null, "notAfterOpeningDate": null, "notBeforeClosingDate": null, "notAfterClosingDate": null, "inUseDate": null, "metalMinedGold": "TRUE", "metalMinedSilver": 0.0, "metalMinedLead": 0.0, "metalMinedCopper": 0.0, "metalMinedTin": 0.0, "metalMinedIron": 0.0, "metalMinedMercuryCinnabar": 0.0, "metalMinedZinc": 0.0, "metalMinedOther": 0.0, "description": null, "references": null, "techniqueOpencast": 1.0, "techniqueUnderground": 0.0, "techniqueHydraulic": "TRUE", "techniqueHushing": "TRUE", "techniqueGroundSluicing": "FALSE", "techniqueRuinaMontium": 0.0, "techniqueRakeComb": 0.0, "techniqueGoldWashing": 0.0, "techniqueOther": 0.0, "notes": null, "geology": null, "depositType": null, "exploitationType": null, "Flag_Au_Oro": 1, "Status_Au_Oro": "Confirmado", "Flag_Ag_Plata": 0, "Status_Ag_Plata": "No", "Flag_Cu_Cobre": 0, "Status_Cu_Cobre": "No", "Flag_Pb_Plomo": 0, "Status_Pb_Plomo": "No", "Flag_Hg_Cinabrio": 0, "Status_Hg_Cinabrio": "No", "Flag_Sn_Estano": 0, "Status_Sn_Estano": "No", "Flag_Fe_Hierro": 0, "Status_Fe_Hierro": "No", "Tech_Ruina_Montium": 1, "Tech_Subterranea": 0, "Tech_Cielo_Abierto": 1, "Tech_Lavado_Placer": 0, "Certainty_Spatial": 1.0, "Certainty_Archaeological": 0.4, "Certainty_Metallogenic": 1.0, "Certainty_Score": 0.79, "Certainty_Grade": "Media Certeza (Grado II)" }, "geometry": { "type": "Point", "coordinates": [ 1.815050524, 42.4029556 ] } },
{ "type": "Feature", "properties": { "mineID": 513, "site": "Cerro del Cuerno", "ancientName": null, "province": "Hispania Tarraconensis", "country": "Spain", "region": "León", "miningDistrict": "Cuencas del Turienzo y Jerega", "romanianRANID": null, "sanchezPalenciaAndOrejasID": "TJ-26", "domergueID": null, "spainMapSheet": null, "lambertX": null, "lambertY": null, "latitude": 42.493513, "longitude": -6.248132, "coordinateAccuracy": 500.0, "locationDataSource": "Estimated from Sanchez-Palencia and Orejas 1994, fig. 17 and Google Earth", "locationNotes": null, "notBeforeOpeningDate": null, "notAfterOpeningDate": null, "notBeforeClosingDate": null, "notAfterClosingDate": null, "inUseDate": null, "metalMinedGold": "TRUE", "metalMinedSilver": 0.0, "metalMinedLead": 0.0, "metalMinedCopper": 0.0, "metalMinedTin": 0.0, "metalMinedIron": 0.0, "metalMinedMercuryCinnabar": 0.0, "metalMinedZinc": 0.0, "metalMinedOther": 0.0, "description": null, "references": "Sanchez-Palencia and Orejas 1994, 202", "techniqueOpencast": 1.0, "techniqueUnderground": 0.0, "techniqueHydraulic": "TRUE", "techniqueHushing": null, "techniqueGroundSluicing": null, "techniqueRuinaMontium": null, "techniqueRakeComb": null, "techniqueGoldWashing": null, "techniqueOther": null, "notes": null, "geology": null, "depositType": "Secondary", "exploitationType": "Selective", "Flag_Au_Oro": 1, "Status_Au_Oro": "Confirmado", "Flag_Ag_Plata": 0, "Status_Ag_Plata": "No", "Flag_Cu_Cobre": 0, "Status_Cu_Cobre": "No", "Flag_Pb_Plomo": 0, "Status_Pb_Plomo": "No", "Flag_Hg_Cinabrio": 0, "Status_Hg_Cinabrio": "No", "Flag_Sn_Estano": 0, "Status_Sn_Estano": "No", "Flag_Fe_Hierro": 0, "Status_Fe_Hierro": "No", "Tech_Ruina_Montium": 1, "Tech_Subterranea": 0, "Tech_Cielo_Abierto": 1, "Tech_Lavado_Placer": 0, "Certainty_Spatial": 0.85, "Certainty_Archaeological": 0.9, "Certainty_Metallogenic": 1.0, "Certainty_Score": 0.905, "Certainty_Grade": "Alta Certeza (Grado I)" }, "geometry": { "type": "Point", "coordinates": [ -6.248132, 42.493513 ] } },
{ "type": "Feature", "properties": { "mineID": 519, "site": "Ceruñales", "ancientName": null, "province": "Hispania Tarraconensis", "country": "Spain", "region": "León", "miningDistrict": "Cuenca del Boeza", "romanianRANID": null, "sanchezPalenciaAndOrejasID": "BO-11", "domergueID": null, "spainMapSheet": null, "lambertX": null, "lambertY": null, "latitude": 42.688215, "longitude": -6.412375, "coordinateAccuracy": 200.0, "locationDataSource": "Estimated from Sanchez-Palencia and Orejas 1994, fig. 14, IGN map, and Google Earth", "locationNotes": null, "notBeforeOpeningDate": -19.0, "notAfterOpeningDate": 230.0, "notBeforeClosingDate": 50.0, "notAfterClosingDate": 250.0, "inUseDate": "Roman", "metalMinedGold": "TRUE", "metalMinedSilver": 0.0, "metalMinedLead": 0.0, "metalMinedCopper": 0.0, "metalMinedTin": 0.0, "metalMinedIron": 0.0, "metalMinedMercuryCinnabar": 0.0, "metalMinedZinc": 0.0, "metalMinedOther": 0.0, "description": "Hydraulic mining, partly re-using ditch of castro (misinterpreted by Fanzul Perada as evidence for pre-Roman hydraulic mining)", "references": "Alvarez González 1993; Sanchez-Palencia and Orejas 1994, 190; Fanjul Peraza 2013", "techniqueOpencast": 1.0, "techniqueUnderground": 0.0, "techniqueHydraulic": "TRUE", "techniqueHushing": "TRUE", "techniqueGroundSluicing": "FALSE", "techniqueRuinaMontium": 0.0, "techniqueRakeComb": 0.0, "techniqueGoldWashing": 0.0, "techniqueOther": 0.0, "notes": null, "geology": null, "depositType": "Secondary", "exploitationType": "Extensive", "Flag_Au_Oro": 1, "Status_Au_Oro": "Confirmado", "Flag_Ag_Plata": 0, "Status_Ag_Plata": "No", "Flag_Cu_Cobre": 0, "Status_Cu_Cobre": "No", "Flag_Pb_Plomo": 0, "Status_Pb_Plomo": "No", "Flag_Hg_Cinabrio": 0, "Status_Hg_Cinabrio": "No", "Flag_Sn_Estano": 0, "Status_Sn_Estano": "No", "Flag_Fe_Hierro": 0, "Status_Fe_Hierro": "No", "Tech_Ruina_Montium": 1, "Tech_Subterranea": 0, "Tech_Cielo_Abierto": 1, "Tech_Lavado_Placer": 0, "Certainty_Spatial": 0.85, "Certainty_Archaeological": 0.9, "Certainty_Metallogenic": 1.0, "Certainty_Score": 0.905, "Certainty_Grade": "Alta Certeza (Grado I)" }, "geometry": { "type": "Point", "coordinates": [ -6.412375, 42.688215 ] } },
{ "type": "Feature", "properties": { "mineID": 521, "site": "Cha da Veiga", "ancientName": null, "province": "Hispania Tarraconensis", "country": "Spain", "region": "Lugo", "miningDistrict": "Cuenca media del Sil", "romanianRANID": null, "sanchezPalenciaAndOrejasID": "MS-100", "domergueID": null, "spainMapSheet": null, "lambertX": null, "lambertY": null, "latitude": 42.58465, "longitude": -7.40935, "coordinateAccuracy": 500.0, "locationDataSource": "Estimated from Google Earth and IGN map", "locationNotes": null, "notBeforeOpeningDate": null, "notAfterOpeningDate": null, "notBeforeClosingDate": null, "notAfterClosingDate": null, "inUseDate": null, "metalMinedGold": "TRUE", "metalMinedSilver": 0.0, "metalMinedLead": 0.0, "metalMinedCopper": 0.0, "metalMinedTin": 0.0, "metalMinedIron": 0.0, "metalMinedMercuryCinnabar": 0.0, "metalMinedZinc": 0.0, "metalMinedOther": 0.0, "description": null, "references": "Sanchez-Palencia and Orejas 1994, 197", "techniqueOpencast": 1.0, "techniqueUnderground": 0.0, "techniqueHydraulic": "TRUE", "techniqueHushing": null, "techniqueGroundSluicing": null, "techniqueRuinaMontium": null, "techniqueRakeComb": null, "techniqueGoldWashing": null, "techniqueOther": null, "notes": null, "geology": null, "depositType": "Secondary", "exploitationType": "Extensive", "Flag_Au_Oro": 1, "Status_Au_Oro": "Confirmado", "Flag_Ag_Plata": 0, "Status_Ag_Plata": "No", "Flag_Cu_Cobre": 0, "Status_Cu_Cobre": "No", "Flag_Pb_Plomo": 0, "Status_Pb_Plomo": "No", "Flag_Hg_Cinabrio": 0, "Status_Hg_Cinabrio": "No", "Flag_Sn_Estano": 0, "Status_Sn_Estano": "No", "Flag_Fe_Hierro": 0, "Status_Fe_Hierro": "No", "Tech_Ruina_Montium": 1, "Tech_Subterranea": 0, "Tech_Cielo_Abierto": 1, "Tech_Lavado_Placer": 0, "Certainty_Spatial": 0.85, "Certainty_Archaeological": 0.9, "Certainty_Metallogenic": 1.0, "Certainty_Score": 0.905, "Certainty_Grade": "Alta Certeza (Grado I)" }, "geometry": { "type": "Point", "coordinates": [ -7.40935, 42.58465 ] } },
{ "type": "Feature", "properties": { "mineID": 524, "site": "Chana de Chamarada", "ancientName": null, "province": "Hispania Tarraconensis", "country": "Spain", "region": "León", "miningDistrict": "Cuenca Alta del Tuerto", "romanianRANID": null, "sanchezPalenciaAndOrejasID": "AT-16", "domergueID": null, "spainMapSheet": null, "lambertX": null, "lambertY": null, "latitude": 42.52996221, "longitude": -6.21957755, "coordinateAccuracy": 10.0, "locationDataSource": "Estimated from Sanchez-Palencia and Orejas 1994, fig. 15, IGN map, and Google Earth; corrected with https://servicios.jcyl.es/pweb/datosGIS.do?tipo=Yacimiento&numero=94468", "locationNotes": "https://servicios.jcyl.es/pweb/datosGIS.do?tipo=Yacimiento&numero=94468", "notBeforeOpeningDate": null, "notAfterOpeningDate": null, "notBeforeClosingDate": null, "notAfterClosingDate": null, "inUseDate": null, "metalMinedGold": "TRUE", "metalMinedSilver": 0.0, "metalMinedLead": 0.0, "metalMinedCopper": 0.0, "metalMinedTin": 0.0, "metalMinedIron": 0.0, "metalMinedMercuryCinnabar": 0.0, "metalMinedZinc": 0.0, "metalMinedOther": 0.0, "description": null, "references": "Sanchez-Palencia and Orejas 1994, 190", "techniqueOpencast": 1.0, "techniqueUnderground": 0.0, "techniqueHydraulic": "TRUE", "techniqueHushing": null, "techniqueGroundSluicing": null, "techniqueRuinaMontium": null, "techniqueRakeComb": null, "techniqueGoldWashing": null, "techniqueOther": null, "notes": null, "geology": null, "depositType": "Secondary", "exploitationType": "Extensive", "Flag_Au_Oro": 1, "Status_Au_Oro": "Confirmado", "Flag_Ag_Plata": 0, "Status_Ag_Plata": "No", "Flag_Cu_Cobre": 0, "Status_Cu_Cobre": "No", "Flag_Pb_Plomo": 0, "Status_Pb_Plomo": "No", "Flag_Hg_Cinabrio": 0, "Status_Hg_Cinabrio": "No", "Flag_Sn_Estano": 0, "Status_Sn_Estano": "No", "Flag_Fe_Hierro": 0, "Status_Fe_Hierro": "No", "Tech_Ruina_Montium": 1, "Tech_Subterranea": 0, "Tech_Cielo_Abierto": 1, "Tech_Lavado_Placer": 0, "Certainty_Spatial": 1.0, "Certainty_Archaeological": 0.9, "Certainty_Metallogenic": 1.0, "Certainty_Score": 0.965, "Certainty_Grade": "Alta Certeza (Grado I)" }, "geometry": { "type": "Point", "coordinates": [ -6.21957755, 42.52996221 ] } },
{ "type": "Feature", "properties": { "mineID": 525, "site": "Chana de Reguera", "ancientName": null, "province": "Hispania Tarraconensis", "country": "Spain", "region": "León", "miningDistrict": "Cuenca Alta del Tuerto", "romanianRANID": null, "sanchezPalenciaAndOrejasID": "AT-18", "domergueID": null, "spainMapSheet": null, "lambertX": null, "lambertY": null, "latitude": 42.50995074, "longitude": -6.20838762, "coordinateAccuracy": 20.0, "locationDataSource": "Estimated from Sanchez-Palencia and Orejas 1994, fig. 15, IGN map, and Google Earth; corrected with https://servicios.jcyl.es/pweb/datosGIS.do?tipo=Yacimiento&numero=94300", "locationNotes": null, "notBeforeOpeningDate": null, "notAfterOpeningDate": null, "notBeforeClosingDate": null, "notAfterClosingDate": null, "inUseDate": null, "metalMinedGold": "TRUE", "metalMinedSilver": 0.0, "metalMinedLead": 0.0, "metalMinedCopper": 0.0, "metalMinedTin": 0.0, "metalMinedIron": 0.0, "metalMinedMercuryCinnabar": 0.0, "metalMinedZinc": 0.0, "metalMinedOther": 0.0, "description": null, "references": "Sanchez-Palencia and Orejas 1994, 190", "techniqueOpencast": 1.0, "techniqueUnderground": 0.0, "techniqueHydraulic": "TRUE", "techniqueHushing": null, "techniqueGroundSluicing": null, "techniqueRuinaMontium": null, "techniqueRakeComb": null, "techniqueGoldWashing": null, "techniqueOther": null, "notes": null, "geology": null, "depositType": "Secondary", "exploitationType": "Selective - Extensive", "Flag_Au_Oro": 1, "Status_Au_Oro": "Confirmado", "Flag_Ag_Plata": 0, "Status_Ag_Plata": "No", "Flag_Cu_Cobre": 0, "Status_Cu_Cobre": "No", "Flag_Pb_Plomo": 0, "Status_Pb_Plomo": "No", "Flag_Hg_Cinabrio": 0, "Status_Hg_Cinabrio": "No", "Flag_Sn_Estano": 0, "Status_Sn_Estano": "No", "Flag_Fe_Hierro": 0, "Status_Fe_Hierro": "No", "Tech_Ruina_Montium": 1, "Tech_Subterranea": 0, "Tech_Cielo_Abierto": 1, "Tech_Lavado_Placer": 0, "Certainty_Spatial": 1.0, "Certainty_Archaeological": 0.9, "Certainty_Metallogenic": 1.0, "Certainty_Score": 0.965, "Certainty_Grade": "Alta Certeza (Grado I)" }, "geometry": { "type": "Point", "coordinates": [ -6.20838762, 42.50995074 ] } },
{ "type": "Feature", "properties": { "mineID": 528, "site": "Cheices", "ancientName": null, "province": "Hispania Tarraconensis", "country": "Spain", "region": "León", "miningDistrict": "Cuenca media del Sil", "romanianRANID": null, "sanchezPalenciaAndOrejasID": "MS-012", "domergueID": null, "spainMapSheet": null, "lambertX": null, "lambertY": null, "latitude": 42.439722, "longitude": -6.826583, "coordinateAccuracy": 1000.0, "locationDataSource": "Guessed from Google Earth and Sanchez-Palencia and Orejas 1994, fig. 16", "locationNotes": null, "notBeforeOpeningDate": null, "notAfterOpeningDate": null, "notBeforeClosingDate": null, "notAfterClosingDate": null, "inUseDate": null, "metalMinedGold": "TRUE", "metalMinedSilver": 0.0, "metalMinedLead": 0.0, "metalMinedCopper": 0.0, "metalMinedTin": 0.0, "metalMinedIron": 0.0, "metalMinedMercuryCinnabar": 0.0, "metalMinedZinc": 0.0, "metalMinedOther": 0.0, "description": null, "references": "Sanchez-Palencia and Orejas 1994, 195", "techniqueOpencast": 1.0, "techniqueUnderground": 0.0, "techniqueHydraulic": "TRUE", "techniqueHushing": null, "techniqueGroundSluicing": null, "techniqueRuinaMontium": null, "techniqueRakeComb": null, "techniqueGoldWashing": null, "techniqueOther": null, "notes": null, "geology": null, "depositType": "Secondary", "exploitationType": "Selective", "Flag_Au_Oro": 1, "Status_Au_Oro": "Confirmado", "Flag_Ag_Plata": 0, "Status_Ag_Plata": "No", "Flag_Cu_Cobre": 0, "Status_Cu_Cobre": "No", "Flag_Pb_Plomo": 0, "Status_Pb_Plomo": "No", "Flag_Hg_Cinabrio": 0, "Status_Hg_Cinabrio": "No", "Flag_Sn_Estano": 0, "Status_Sn_Estano": "No", "Flag_Fe_Hierro": 0, "Status_Fe_Hierro": "No", "Tech_Ruina_Montium": 1, "Tech_Subterranea": 0, "Tech_Cielo_Abierto": 1, "Tech_Lavado_Placer": 0, "Certainty_Spatial": 0.7, "Certainty_Archaeological": 0.9, "Certainty_Metallogenic": 1.0, "Certainty_Score": 0.845, "Certainty_Grade": "Alta Certeza (Grado I)" }, "geometry": { "type": "Point", "coordinates": [ -6.826583, 42.439722 ] } },
{ "type": "Feature", "properties": { "mineID": 530, "site": "Cimera de la Collada / Los Collados - Las Vallinas", "ancientName": null, "province": "Hispania Tarraconensis", "country": "Spain", "region": "León", "miningDistrict": "Cuenca Alta del Orbigo", "romanianRANID": null, "sanchezPalenciaAndOrejasID": "AO-17", "domergueID": "LE 20", "spainMapSheet": 128.0, "lambertX": 418.3, "lambertY": 901.7, "latitude": 42.69839759, "longitude": -5.905742865, "coordinateAccuracy": 100.0, "locationDataSource": "Converted in QGIS from Lambert coords, Madrid 1870", "locationNotes": null, "notBeforeOpeningDate": null, "notAfterOpeningDate": null, "notBeforeClosingDate": null, "notAfterClosingDate": null, "inUseDate": null, "metalMinedGold": "TRUE", "metalMinedSilver": 0.0, "metalMinedLead": 0.0, "metalMinedCopper": 0.0, "metalMinedTin": 0.0, "metalMinedIron": 0.0, "metalMinedMercuryCinnabar": 0.0, "metalMinedZinc": 0.0, "metalMinedOther": 0.0, "description": "Google Earth shows extensive stone dumps or murias.", "references": "Domergue 1990: 42; Sanchez-Palencia and Orejas 1994, 189", "techniqueOpencast": 1.0, "techniqueUnderground": 0.0, "techniqueHydraulic": "TRUE", "techniqueHushing": null, "techniqueGroundSluicing": null, "techniqueRuinaMontium": null, "techniqueRakeComb": null, "techniqueGoldWashing": null, "techniqueOther": null, "notes": null, "geology": "Tertiary alluvium", "depositType": "Secondary", "exploitationType": "Extensive", "Flag_Au_Oro": 1, "Status_Au_Oro": "Confirmado", "Flag_Ag_Plata": 0, "Status_Ag_Plata": "No", "Flag_Cu_Cobre": 0, "Status_Cu_Cobre": "No", "Flag_Pb_Plomo": 0, "Status_Pb_Plomo": "No", "Flag_Hg_Cinabrio": 0, "Status_Hg_Cinabrio": "No", "Flag_Sn_Estano": 0, "Status_Sn_Estano": "No", "Flag_Fe_Hierro": 0, "Status_Fe_Hierro": "No", "Tech_Ruina_Montium": 1, "Tech_Subterranea": 0, "Tech_Cielo_Abierto": 1, "Tech_Lavado_Placer": 0, "Certainty_Spatial": 1.0, "Certainty_Archaeological": 1.0, "Certainty_Metallogenic": 1.0, "Certainty_Score": 1.0, "Certainty_Grade": "Alta Certeza (Grado I)" }, "geometry": { "type": "Point", "coordinates": [ -5.905742865, 42.69839759 ] } },
{ "type": "Feature", "properties": { "mineID": 535, "site": "Cogorderos I", "ancientName": null, "province": "Hispania Tarraconensis", "country": "Spain", "region": "León", "miningDistrict": "Cuenca Alta del Tuerto", "romanianRANID": null, "sanchezPalenciaAndOrejasID": "AT-27", "domergueID": null, "spainMapSheet": null, "lambertX": null, "lambertY": null, "latitude": 42.541842, "longitude": -6.023149, "coordinateAccuracy": 500.0, "locationDataSource": "Estimated from Sanchez-Palencia and Orejas 1994, fig. 15, and Google Earth", "locationNotes": null, "notBeforeOpeningDate": null, "notAfterOpeningDate": null, "notBeforeClosingDate": null, "notAfterClosingDate": null, "inUseDate": null, "metalMinedGold": "TRUE", "metalMinedSilver": 0.0, "metalMinedLead": 0.0, "metalMinedCopper": 0.0, "metalMinedTin": 0.0, "metalMinedIron": 0.0, "metalMinedMercuryCinnabar": 0.0, "metalMinedZinc": 0.0, "metalMinedOther": 0.0, "description": null, "references": "Sanchez-Palencia and Orejas 1994, 190", "techniqueOpencast": 1.0, "techniqueUnderground": 0.0, "techniqueHydraulic": "TRUE", "techniqueHushing": null, "techniqueGroundSluicing": null, "techniqueRuinaMontium": null, "techniqueRakeComb": null, "techniqueGoldWashing": null, "techniqueOther": null, "notes": null, "geology": null, "depositType": "Secondary", "exploitationType": "Extensive", "Flag_Au_Oro": 1, "Status_Au_Oro": "Confirmado", "Flag_Ag_Plata": 0, "Status_Ag_Plata": "No", "Flag_Cu_Cobre": 0, "Status_Cu_Cobre": "No", "Flag_Pb_Plomo": 0, "Status_Pb_Plomo": "No", "Flag_Hg_Cinabrio": 0, "Status_Hg_Cinabrio": "No", "Flag_Sn_Estano": 0, "Status_Sn_Estano": "No", "Flag_Fe_Hierro": 0, "Status_Fe_Hierro": "No", "Tech_Ruina_Montium": 1, "Tech_Subterranea": 0, "Tech_Cielo_Abierto": 1, "Tech_Lavado_Placer": 0, "Certainty_Spatial": 0.85, "Certainty_Archaeological": 0.9, "Certainty_Metallogenic": 1.0, "Certainty_Score": 0.905, "Certainty_Grade": "Alta Certeza (Grado I)" }, "geometry": { "type": "Point", "coordinates": [ -6.023149, 42.541842 ] } },
{ "type": "Feature", "properties": { "mineID": 536, "site": "Cogorderos II", "ancientName": null, "province": "Hispania Tarraconensis", "country": "Spain", "region": "León", "miningDistrict": "Cuenca Alta del Tuerto", "romanianRANID": null, "sanchezPalenciaAndOrejasID": "AT-26", "domergueID": null, "spainMapSheet": null, "lambertX": null, "lambertY": null, "latitude": 42.549609, "longitude": -6.02227, "coordinateAccuracy": 500.0, "locationDataSource": "Estimated from Sanchez-Palencia and Orejas 1994, fig. 15, and Google Earth", "locationNotes": null, "notBeforeOpeningDate": null, "notAfterOpeningDate": null, "notBeforeClosingDate": null, "notAfterClosingDate": null, "inUseDate": null, "metalMinedGold": "TRUE", "metalMinedSilver": 0.0, "metalMinedLead": 0.0, "metalMinedCopper": 0.0, "metalMinedTin": 0.0, "metalMinedIron": 0.0, "metalMinedMercuryCinnabar": 0.0, "metalMinedZinc": 0.0, "metalMinedOther": 0.0, "description": null, "references": "Sanchez-Palencia and Orejas 1994, 190", "techniqueOpencast": 1.0, "techniqueUnderground": 0.0, "techniqueHydraulic": "TRUE", "techniqueHushing": null, "techniqueGroundSluicing": null, "techniqueRuinaMontium": null, "techniqueRakeComb": null, "techniqueGoldWashing": null, "techniqueOther": null, "notes": null, "geology": null, "depositType": "Secondary", "exploitationType": "Extensive", "Flag_Au_Oro": 1, "Status_Au_Oro": "Confirmado", "Flag_Ag_Plata": 0, "Status_Ag_Plata": "No", "Flag_Cu_Cobre": 0, "Status_Cu_Cobre": "No", "Flag_Pb_Plomo": 0, "Status_Pb_Plomo": "No", "Flag_Hg_Cinabrio": 0, "Status_Hg_Cinabrio": "No", "Flag_Sn_Estano": 0, "Status_Sn_Estano": "No", "Flag_Fe_Hierro": 0, "Status_Fe_Hierro": "No", "Tech_Ruina_Montium": 1, "Tech_Subterranea": 0, "Tech_Cielo_Abierto": 1, "Tech_Lavado_Placer": 0, "Certainty_Spatial": 0.85, "Certainty_Archaeological": 0.9, "Certainty_Metallogenic": 1.0, "Certainty_Score": 0.905, "Certainty_Grade": "Alta Certeza (Grado I)" }, "geometry": { "type": "Point", "coordinates": [ -6.02227, 42.549609 ] } },
{ "type": "Feature", "properties": { "mineID": 538, "site": "Collado de Trasmundo", "ancientName": null, "province": "Hispania Tarraconensis", "country": "Spain", "region": "León", "miningDistrict": "Cuenca Alta del Sil", "romanianRANID": null, "sanchezPalenciaAndOrejasID": "AS-03", "domergueID": null, "spainMapSheet": null, "lambertX": null, "lambertY": null, "latitude": 42.891095, "longitude": -6.336247, "coordinateAccuracy": 500.0, "locationDataSource": "Estimated from Sanchez-Palencia and Orejas 1994, fig. 14, and Google Earth", "locationNotes": null, "notBeforeOpeningDate": null, "notAfterOpeningDate": null, "notBeforeClosingDate": null, "notAfterClosingDate": null, "inUseDate": null, "metalMinedGold": "TRUE", "metalMinedSilver": 0.0, "metalMinedLead": 0.0, "metalMinedCopper": 0.0, "metalMinedTin": 0.0, "metalMinedIron": 0.0, "metalMinedMercuryCinnabar": 0.0, "metalMinedZinc": 0.0, "metalMinedOther": 0.0, "description": "Fed by aqueduct channel.", "references": " Sanchez-Palencia and Orejas 1994, 189; Matías Rodríguez 2013", "techniqueOpencast": 1.0, "techniqueUnderground": 0.0, "techniqueHydraulic": "TRUE", "techniqueHushing": null, "techniqueGroundSluicing": null, "techniqueRuinaMontium": null, "techniqueRakeComb": null, "techniqueGoldWashing": null, "techniqueOther": null, "notes": null, "geology": null, "depositType": "Primary", "exploitationType": "Extensive", "Flag_Au_Oro": 1, "Status_Au_Oro": "Confirmado", "Flag_Ag_Plata": 0, "Status_Ag_Plata": "No", "Flag_Cu_Cobre": 0, "Status_Cu_Cobre": "No", "Flag_Pb_Plomo": 0, "Status_Pb_Plomo": "No", "Flag_Hg_Cinabrio": 0, "Status_Hg_Cinabrio": "No", "Flag_Sn_Estano": 0, "Status_Sn_Estano": "No", "Flag_Fe_Hierro": 0, "Status_Fe_Hierro": "No", "Tech_Ruina_Montium": 1, "Tech_Subterranea": 0, "Tech_Cielo_Abierto": 1, "Tech_Lavado_Placer": 0, "Certainty_Spatial": 0.85, "Certainty_Archaeological": 0.9, "Certainty_Metallogenic": 1.0, "Certainty_Score": 0.905, "Certainty_Grade": "Alta Certeza (Grado I)" }, "geometry": { "type": "Point", "coordinates": [ -6.336247, 42.891095 ] } },
{ "type": "Feature", "properties": { "mineID": 543, "site": "Constantín", "ancientName": null, "province": "Hispania Tarraconensis", "country": "Spain", "region": "Lugo", "miningDistrict": "Cuenca Alta del Miño", "romanianRANID": null, "sanchezPalenciaAndOrejasID": "AM-02", "domergueID": null, "spainMapSheet": null, "lambertX": null, "lambertY": null, "latitude": 42.89268, "longitude": -7.241494, "coordinateAccuracy": 500.0, "locationDataSource": "Placename, Google Earth", "locationNotes": null, "notBeforeOpeningDate": null, "notAfterOpeningDate": null, "notBeforeClosingDate": null, "notAfterClosingDate": null, "inUseDate": null, "metalMinedGold": "TRUE", "metalMinedSilver": 0.0, "metalMinedLead": 0.0, "metalMinedCopper": 0.0, "metalMinedTin": 0.0, "metalMinedIron": 0.0, "metalMinedMercuryCinnabar": 0.0, "metalMinedZinc": 0.0, "metalMinedOther": 0.0, "description": null, "references": "Sanchez-Palencia and Orejas 1994, 188", "techniqueOpencast": 1.0, "techniqueUnderground": 0.0, "techniqueHydraulic": "TRUE", "techniqueHushing": null, "techniqueGroundSluicing": null, "techniqueRuinaMontium": null, "techniqueRakeComb": null, "techniqueGoldWashing": null, "techniqueOther": null, "notes": null, "geology": null, "depositType": "Secondary", "exploitationType": "Extensive", "Flag_Au_Oro": 1, "Status_Au_Oro": "Confirmado", "Flag_Ag_Plata": 0, "Status_Ag_Plata": "No", "Flag_Cu_Cobre": 0, "Status_Cu_Cobre": "No", "Flag_Pb_Plomo": 0, "Status_Pb_Plomo": "No", "Flag_Hg_Cinabrio": 0, "Status_Hg_Cinabrio": "No", "Flag_Sn_Estano": 0, "Status_Sn_Estano": "No", "Flag_Fe_Hierro": 0, "Status_Fe_Hierro": "No", "Tech_Ruina_Montium": 1, "Tech_Subterranea": 0, "Tech_Cielo_Abierto": 1, "Tech_Lavado_Placer": 0, "Certainty_Spatial": 0.85, "Certainty_Archaeological": 0.9, "Certainty_Metallogenic": 1.0, "Certainty_Score": 0.905, "Certainty_Grade": "Alta Certeza (Grado I)" }, "geometry": { "type": "Point", "coordinates": [ -7.241494, 42.89268 ] } },
{ "type": "Feature", "properties": { "mineID": 547, "site": "Corno", "ancientName": null, "province": "Hispania Tarraconensis", "country": "Spain", "region": "Orense", "miningDistrict": "Cuenca media del Miño", "romanianRANID": null, "sanchezPalenciaAndOrejasID": "MM-19", "domergueID": null, "spainMapSheet": null, "lambertX": null, "lambertY": null, "latitude": 42.24882, "longitude": -7.661514, "coordinateAccuracy": 2000.0, "locationDataSource": "Guessed from Google Earth and Sanchez-Palencia and Orejas 1994 fig. 12", "locationNotes": null, "notBeforeOpeningDate": null, "notAfterOpeningDate": null, "notBeforeClosingDate": null, "notAfterClosingDate": null, "inUseDate": null, "metalMinedGold": "TRUE", "metalMinedSilver": 0.0, "metalMinedLead": 0.0, "metalMinedCopper": 0.0, "metalMinedTin": 0.0, "metalMinedIron": 0.0, "metalMinedMercuryCinnabar": 0.0, "metalMinedZinc": 0.0, "metalMinedOther": 0.0, "description": null, "references": "Sanchez-Palencia and Orejas 1994, 194", "techniqueOpencast": 1.0, "techniqueUnderground": 0.0, "techniqueHydraulic": "TRUE", "techniqueHushing": null, "techniqueGroundSluicing": null, "techniqueRuinaMontium": null, "techniqueRakeComb": null, "techniqueGoldWashing": null, "techniqueOther": null, "notes": null, "geology": null, "depositType": "Secondary", "exploitationType": "Selective - Extensive", "Flag_Au_Oro": 1, "Status_Au_Oro": "Confirmado", "Flag_Ag_Plata": 0, "Status_Ag_Plata": "No", "Flag_Cu_Cobre": 0, "Status_Cu_Cobre": "No", "Flag_Pb_Plomo": 0, "Status_Pb_Plomo": "No", "Flag_Hg_Cinabrio": 0, "Status_Hg_Cinabrio": "No", "Flag_Sn_Estano": 0, "Status_Sn_Estano": "No", "Flag_Fe_Hierro": 0, "Status_Fe_Hierro": "No", "Tech_Ruina_Montium": 1, "Tech_Subterranea": 0, "Tech_Cielo_Abierto": 1, "Tech_Lavado_Placer": 0, "Certainty_Spatial": 0.5, "Certainty_Archaeological": 0.9, "Certainty_Metallogenic": 1.0, "Certainty_Score": 0.765, "Certainty_Grade": "Media Certeza (Grado II)" }, "geometry": { "type": "Point", "coordinates": [ -7.661514, 42.24882 ] } },
{ "type": "Feature", "properties": { "mineID": 550, "site": "Corralín I", "ancientName": null, "province": "Hispania Tarraconensis", "country": "Spain", "region": "Oviedo", "miningDistrict": "Cuenca del Navia", "romanianRANID": null, "sanchezPalenciaAndOrejasID": "NV-06", "domergueID": null, "spainMapSheet": null, "lambertX": null, "lambertY": null, "latitude": 42.9651, "longitude": -6.676629, "coordinateAccuracy": 0.0, "locationDataSource": "Google Earth, confirmed by photo at http://www.loasturiano.com/lugar-el-corralin-ruta-514", "locationNotes": null, "notBeforeOpeningDate": null, "notAfterOpeningDate": null, "notBeforeClosingDate": null, "notAfterClosingDate": null, "inUseDate": null, "metalMinedGold": "TRUE", "metalMinedSilver": 0.0, "metalMinedLead": 0.0, "metalMinedCopper": 0.0, "metalMinedTin": 0.0, "metalMinedIron": 0.0, "metalMinedMercuryCinnabar": 0.0, "metalMinedZinc": 0.0, "metalMinedOther": 0.0, "description": null, "references": "Sanchez-Palencia and Orejas 1994, 199", "techniqueOpencast": 1.0, "techniqueUnderground": 0.0, "techniqueHydraulic": "TRUE", "techniqueHushing": "TRUE", "techniqueGroundSluicing": "FALSE", "techniqueRuinaMontium": 0.0, "techniqueRakeComb": 0.0, "techniqueGoldWashing": 0.0, "techniqueOther": 0.0, "notes": null, "geology": null, "depositType": "Primary", "exploitationType": "Extensive", "Flag_Au_Oro": 1, "Status_Au_Oro": "Confirmado", "Flag_Ag_Plata": 0, "Status_Ag_Plata": "No", "Flag_Cu_Cobre": 0, "Status_Cu_Cobre": "No", "Flag_Pb_Plomo": 0, "Status_Pb_Plomo": "No", "Flag_Hg_Cinabrio": 0, "Status_Hg_Cinabrio": "No", "Flag_Sn_Estano": 0, "Status_Sn_Estano": "No", "Flag_Fe_Hierro": 0, "Status_Fe_Hierro": "No", "Tech_Ruina_Montium": 1, "Tech_Subterranea": 0, "Tech_Cielo_Abierto": 1, "Tech_Lavado_Placer": 0, "Certainty_Spatial": 1.0, "Certainty_Archaeological": 0.9, "Certainty_Metallogenic": 1.0, "Certainty_Score": 0.965, "Certainty_Grade": "Alta Certeza (Grado I)" }, "geometry": { "type": "Point", "coordinates": [ -6.676629, 42.9651 ] } },
{ "type": "Feature", "properties": { "mineID": 553, "site": "Corrego de Brañal", "ancientName": null, "province": "Hispania Tarraconensis", "country": "Spain", "region": "Oviedo", "miningDistrict": "Cuenca del Navia", "romanianRANID": null, "sanchezPalenciaAndOrejasID": "NV-55", "domergueID": null, "spainMapSheet": null, "lambertX": null, "lambertY": null, "latitude": 43.127573, "longitude": -6.792312, "coordinateAccuracy": 1000.0, "locationDataSource": "Placename, Google Earth, and Sanchez-Palencia and Orejas 1994, fig. 13.", "locationNotes": null, "notBeforeOpeningDate": null, "notAfterOpeningDate": null, "notBeforeClosingDate": null, "notAfterClosingDate": null, "inUseDate": null, "metalMinedGold": "TRUE", "metalMinedSilver": 0.0, "metalMinedLead": 0.0, "metalMinedCopper": 0.0, "metalMinedTin": 0.0, "metalMinedIron": 0.0, "metalMinedMercuryCinnabar": 0.0, "metalMinedZinc": 0.0, "metalMinedOther": 0.0, "description": null, "references": "Sanchez-Palencia and Orejas 1994, 200", "techniqueOpencast": 1.0, "techniqueUnderground": 0.0, "techniqueHydraulic": "TRUE", "techniqueHushing": null, "techniqueGroundSluicing": null, "techniqueRuinaMontium": null, "techniqueRakeComb": null, "techniqueGoldWashing": null, "techniqueOther": null, "notes": null, "geology": null, "depositType": "Secondary", "exploitationType": "Extensive", "Flag_Au_Oro": 1, "Status_Au_Oro": "Confirmado", "Flag_Ag_Plata": 0, "Status_Ag_Plata": "No", "Flag_Cu_Cobre": 0, "Status_Cu_Cobre": "No", "Flag_Pb_Plomo": 0, "Status_Pb_Plomo": "No", "Flag_Hg_Cinabrio": 0, "Status_Hg_Cinabrio": "No", "Flag_Sn_Estano": 0, "Status_Sn_Estano": "No", "Flag_Fe_Hierro": 0, "Status_Fe_Hierro": "No", "Tech_Ruina_Montium": 1, "Tech_Subterranea": 0, "Tech_Cielo_Abierto": 1, "Tech_Lavado_Placer": 0, "Certainty_Spatial": 0.7, "Certainty_Archaeological": 0.9, "Certainty_Metallogenic": 1.0, "Certainty_Score": 0.845, "Certainty_Grade": "Alta Certeza (Grado I)" }, "geometry": { "type": "Point", "coordinates": [ -6.792312, 43.127573 ] } },
{ "type": "Feature", "properties": { "mineID": 556, "site": "Cortas de Xuan Rata II", "ancientName": null, "province": "Hispania Tarraconensis", "country": "Spain", "region": "Oviedo", "miningDistrict": "Cuenca del Navia", "romanianRANID": null, "sanchezPalenciaAndOrejasID": "NV-37", "domergueID": null, "spainMapSheet": null, "lambertX": null, "lambertY": null, "latitude": 43.271021, "longitude": -6.688449, "coordinateAccuracy": 1000.0, "locationDataSource": "Guessed, very approximate after Sanchez-Palencia and Orejas 1994, fig. 13.", "locationNotes": null, "notBeforeOpeningDate": null, "notAfterOpeningDate": null, "notBeforeClosingDate": null, "notAfterClosingDate": null, "inUseDate": null, "metalMinedGold": "TRUE", "metalMinedSilver": 0.0, "metalMinedLead": 0.0, "metalMinedCopper": 0.0, "metalMinedTin": 0.0, "metalMinedIron": 0.0, "metalMinedMercuryCinnabar": 0.0, "metalMinedZinc": 0.0, "metalMinedOther": 0.0, "description": null, "references": "Sanchez-Palencia and Orejas 1994, 200", "techniqueOpencast": 1.0, "techniqueUnderground": 0.0, "techniqueHydraulic": "TRUE", "techniqueHushing": "TRUE", "techniqueGroundSluicing": "FALSE", "techniqueRuinaMontium": 0.0, "techniqueRakeComb": 0.0, "techniqueGoldWashing": 0.0, "techniqueOther": 0.0, "notes": null, "geology": null, "depositType": "Primary", "exploitationType": "Selective - Extensive", "Flag_Au_Oro": 1, "Status_Au_Oro": "Confirmado", "Flag_Ag_Plata": 0, "Status_Ag_Plata": "No", "Flag_Cu_Cobre": 0, "Status_Cu_Cobre": "No", "Flag_Pb_Plomo": 0, "Status_Pb_Plomo": "No", "Flag_Hg_Cinabrio": 0, "Status_Hg_Cinabrio": "No", "Flag_Sn_Estano": 0, "Status_Sn_Estano": "No", "Flag_Fe_Hierro": 0, "Status_Fe_Hierro": "No", "Tech_Ruina_Montium": 1, "Tech_Subterranea": 0, "Tech_Cielo_Abierto": 1, "Tech_Lavado_Placer": 0, "Certainty_Spatial": 0.7, "Certainty_Archaeological": 0.9, "Certainty_Metallogenic": 1.0, "Certainty_Score": 0.845, "Certainty_Grade": "Alta Certeza (Grado I)" }, "geometry": { "type": "Point", "coordinates": [ -6.688449, 43.271021 ] } },
{ "type": "Feature", "properties": { "mineID": 560, "site": "Couso / Vega Misada - Los Lagos", "ancientName": null, "province": "Hispania Tarraconensis", "country": "Spain", "region": "León", "miningDistrict": "Cuencas de Cúa y Burbia", "romanianRANID": null, "sanchezPalenciaAndOrejasID": "CB-32", "domergueID": "LE 4", "spainMapSheet": 158.0, "lambertX": 350.7, "lambertY": 898.7, "latitude": 42.656124, "longitude": -6.726638, "coordinateAccuracy": 100.0, "locationDataSource": "Converted in QGIS from Lambert coords, Madrid 1870, adjusted with Google Earth.", "locationNotes": null, "notBeforeOpeningDate": null, "notAfterOpeningDate": null, "notBeforeClosingDate": null, "notAfterClosingDate": null, "inUseDate": null, "metalMinedGold": "TRUE", "metalMinedSilver": 0.0, "metalMinedLead": 0.0, "metalMinedCopper": 0.0, "metalMinedTin": 0.0, "metalMinedIron": 0.0, "metalMinedMercuryCinnabar": 0.0, "metalMinedZinc": 0.0, "metalMinedOther": 0.0, "description": null, "references": "Domergue 1990: 44; Sanchez-Palencia and Orejas 1994, 192", "techniqueOpencast": 1.0, "techniqueUnderground": 0.0, "techniqueHydraulic": "TRUE", "techniqueHushing": null, "techniqueGroundSluicing": null, "techniqueRuinaMontium": null, "techniqueRakeComb": null, "techniqueGoldWashing": null, "techniqueOther": null, "notes": null, "geology": "Terrace", "depositType": "Secondary", "exploitationType": "Extensive", "Flag_Au_Oro": 1, "Status_Au_Oro": "Confirmado", "Flag_Ag_Plata": 0, "Status_Ag_Plata": "No", "Flag_Cu_Cobre": 0, "Status_Cu_Cobre": "No", "Flag_Pb_Plomo": 0, "Status_Pb_Plomo": "No", "Flag_Hg_Cinabrio": 0, "Status_Hg_Cinabrio": "No", "Flag_Sn_Estano": 0, "Status_Sn_Estano": "No", "Flag_Fe_Hierro": 0, "Status_Fe_Hierro": "No", "Tech_Ruina_Montium": 1, "Tech_Subterranea": 0, "Tech_Cielo_Abierto": 1, "Tech_Lavado_Placer": 0, "Certainty_Spatial": 1.0, "Certainty_Archaeological": 1.0, "Certainty_Metallogenic": 1.0, "Certainty_Score": 1.0, "Certainty_Grade": "Alta Certeza (Grado I)" }, "geometry": { "type": "Point", "coordinates": [ -6.726638, 42.656124 ] } },
{ "type": "Feature", "properties": { "mineID": 568, "site": "Cubillas", "ancientName": null, "province": "Hispania Tarraconensis", "country": "Spain", "region": "León", "miningDistrict": "Cuenca del Boeza", "romanianRANID": null, "sanchezPalenciaAndOrejasID": "BO-18", "domergueID": null, "spainMapSheet": null, "lambertX": null, "lambertY": null, "latitude": 42.645041, "longitude": -6.285813, "coordinateAccuracy": 500.0, "locationDataSource": "Estimated from Sanchez-Palencia and Orejas 1994, fig. 14, IGN map, and Google Earth", "locationNotes": null, "notBeforeOpeningDate": null, "notAfterOpeningDate": null, "notBeforeClosingDate": null, "notAfterClosingDate": null, "inUseDate": null, "metalMinedGold": "TRUE", "metalMinedSilver": 0.0, "metalMinedLead": 0.0, "metalMinedCopper": 0.0, "metalMinedTin": 0.0, "metalMinedIron": 0.0, "metalMinedMercuryCinnabar": 0.0, "metalMinedZinc": 0.0, "metalMinedOther": 0.0, "description": null, "references": "Sanchez-Palencia and Orejas 1994, 191", "techniqueOpencast": 1.0, "techniqueUnderground": 0.0, "techniqueHydraulic": "TRUE", "techniqueHushing": null, "techniqueGroundSluicing": null, "techniqueRuinaMontium": null, "techniqueRakeComb": null, "techniqueGoldWashing": null, "techniqueOther": null, "notes": null, "geology": null, "depositType": "Secondary", "exploitationType": "Extensive", "Flag_Au_Oro": 1, "Status_Au_Oro": "Confirmado", "Flag_Ag_Plata": 0, "Status_Ag_Plata": "No", "Flag_Cu_Cobre": 0, "Status_Cu_Cobre": "No", "Flag_Pb_Plomo": 0, "Status_Pb_Plomo": "No", "Flag_Hg_Cinabrio": 0, "Status_Hg_Cinabrio": "No", "Flag_Sn_Estano": 0, "Status_Sn_Estano": "No", "Flag_Fe_Hierro": 0, "Status_Fe_Hierro": "No", "Tech_Ruina_Montium": 1, "Tech_Subterranea": 0, "Tech_Cielo_Abierto": 1, "Tech_Lavado_Placer": 0, "Certainty_Spatial": 0.85, "Certainty_Archaeological": 0.9, "Certainty_Metallogenic": 1.0, "Certainty_Score": 0.905, "Certainty_Grade": "Alta Certeza (Grado I)" }, "geometry": { "type": "Point", "coordinates": [ -6.285813, 42.645041 ] } },
{ "type": "Feature", "properties": { "mineID": 570, "site": "Cuentas", "ancientName": null, "province": "Hispania Tarraconensis", "country": "Spain", "region": "Oviedo", "miningDistrict": "Cuenca del Navia", "romanianRANID": null, "sanchezPalenciaAndOrejasID": "NV-25", "domergueID": null, "spainMapSheet": null, "lambertX": null, "lambertY": null, "latitude": 43.029604, "longitude": -6.872695, "coordinateAccuracy": 500.0, "locationDataSource": "Google Earth, IGN map, and Sanchez-Palencia and Orejas 1994, fig. 13.", "locationNotes": null, "notBeforeOpeningDate": null, "notAfterOpeningDate": null, "notBeforeClosingDate": null, "notAfterClosingDate": null, "inUseDate": null, "metalMinedGold": "TRUE", "metalMinedSilver": 0.0, "metalMinedLead": 0.0, "metalMinedCopper": 0.0, "metalMinedTin": 0.0, "metalMinedIron": 0.0, "metalMinedMercuryCinnabar": 0.0, "metalMinedZinc": 0.0, "metalMinedOther": 0.0, "description": null, "references": "Sanchez-Palencia and Orejas 1994, 199", "techniqueOpencast": 1.0, "techniqueUnderground": 0.0, "techniqueHydraulic": "TRUE", "techniqueHushing": null, "techniqueGroundSluicing": null, "techniqueRuinaMontium": null, "techniqueRakeComb": null, "techniqueGoldWashing": null, "techniqueOther": null, "notes": null, "geology": null, "depositType": "Secondary", "exploitationType": "Extensive", "Flag_Au_Oro": 1, "Status_Au_Oro": "Confirmado", "Flag_Ag_Plata": 0, "Status_Ag_Plata": "No", "Flag_Cu_Cobre": 0, "Status_Cu_Cobre": "No", "Flag_Pb_Plomo": 0, "Status_Pb_Plomo": "No", "Flag_Hg_Cinabrio": 0, "Status_Hg_Cinabrio": "No", "Flag_Sn_Estano": 0, "Status_Sn_Estano": "No", "Flag_Fe_Hierro": 0, "Status_Fe_Hierro": "No", "Tech_Ruina_Montium": 1, "Tech_Subterranea": 0, "Tech_Cielo_Abierto": 1, "Tech_Lavado_Placer": 0, "Certainty_Spatial": 0.85, "Certainty_Archaeological": 0.9, "Certainty_Metallogenic": 1.0, "Certainty_Score": 0.905, "Certainty_Grade": "Alta Certeza (Grado I)" }, "geometry": { "type": "Point", "coordinates": [ -6.872695, 43.029604 ] } },
{ "type": "Feature", "properties": { "mineID": 572, "site": "Cuesta del Caballo", "ancientName": null, "province": "Hispania Tarraconensis", "country": "Spain", "region": "León", "miningDistrict": "Cuenca Alta del Orbigo", "romanianRANID": null, "sanchezPalenciaAndOrejasID": "AO-32", "domergueID": null, "spainMapSheet": null, "lambertX": null, "lambertY": null, "latitude": 42.76759, "longitude": -5.763846, "coordinateAccuracy": 500.0, "locationDataSource": "Estimated from Sanchez-Palencia and Orejas 1994, fig. 15, and features on Google Earth", "locationNotes": null, "notBeforeOpeningDate": null, "notAfterOpeningDate": null, "notBeforeClosingDate": null, "notAfterClosingDate": null, "inUseDate": null, "metalMinedGold": "TRUE", "metalMinedSilver": 0.0, "metalMinedLead": 0.0, "metalMinedCopper": 0.0, "metalMinedTin": 0.0, "metalMinedIron": 0.0, "metalMinedMercuryCinnabar": 0.0, "metalMinedZinc": 0.0, "metalMinedOther": 0.0, "description": null, "references": "Sanchez-Palencia and Orejas 1994, 189", "techniqueOpencast": 1.0, "techniqueUnderground": 0.0, "techniqueHydraulic": "TRUE", "techniqueHushing": null, "techniqueGroundSluicing": null, "techniqueRuinaMontium": null, "techniqueRakeComb": null, "techniqueGoldWashing": null, "techniqueOther": null, "notes": null, "geology": null, "depositType": "Secondary", "exploitationType": "Extensive", "Flag_Au_Oro": 1, "Status_Au_Oro": "Confirmado", "Flag_Ag_Plata": 0, "Status_Ag_Plata": "No", "Flag_Cu_Cobre": 0, "Status_Cu_Cobre": "No", "Flag_Pb_Plomo": 0, "Status_Pb_Plomo": "No", "Flag_Hg_Cinabrio": 0, "Status_Hg_Cinabrio": "No", "Flag_Sn_Estano": 0, "Status_Sn_Estano": "No", "Flag_Fe_Hierro": 0, "Status_Fe_Hierro": "No", "Tech_Ruina_Montium": 1, "Tech_Subterranea": 0, "Tech_Cielo_Abierto": 1, "Tech_Lavado_Placer": 0, "Certainty_Spatial": 0.85, "Certainty_Archaeological": 0.9, "Certainty_Metallogenic": 1.0, "Certainty_Score": 0.905, "Certainty_Grade": "Alta Certeza (Grado I)" }, "geometry": { "type": "Point", "coordinates": [ -5.763846, 42.76759 ] } },
{ "type": "Feature", "properties": { "mineID": 592, "site": "El Aro la Gándara", "ancientName": null, "province": "Hispania Tarraconensis", "country": "Spain", "region": "León", "miningDistrict": "Cuenca del Boeza", "romanianRANID": null, "sanchezPalenciaAndOrejasID": "BO-16", "domergueID": null, "spainMapSheet": null, "lambertX": null, "lambertY": null, "latitude": 42.652513, "longitude": -6.34146, "coordinateAccuracy": 200.0, "locationDataSource": "Estimated from Sanchez-Palencia and Orejas 1994, fig. 14, IGN map, and Google Earth", "locationNotes": null, "notBeforeOpeningDate": null, "notAfterOpeningDate": null, "notBeforeClosingDate": null, "notAfterClosingDate": null, "inUseDate": null, "metalMinedGold": "TRUE", "metalMinedSilver": 0.0, "metalMinedLead": 0.0, "metalMinedCopper": 0.0, "metalMinedTin": 0.0, "metalMinedIron": 0.0, "metalMinedMercuryCinnabar": 0.0, "metalMinedZinc": 0.0, "metalMinedOther": 0.0, "description": null, "references": "Sanchez-Palencia and Orejas 1994, 191", "techniqueOpencast": 1.0, "techniqueUnderground": 0.0, "techniqueHydraulic": "TRUE", "techniqueHushing": null, "techniqueGroundSluicing": null, "techniqueRuinaMontium": null, "techniqueRakeComb": null, "techniqueGoldWashing": null, "techniqueOther": null, "notes": null, "geology": null, "depositType": "Secondary", "exploitationType": "Extensive", "Flag_Au_Oro": 1, "Status_Au_Oro": "Confirmado", "Flag_Ag_Plata": 0, "Status_Ag_Plata": "No", "Flag_Cu_Cobre": 0, "Status_Cu_Cobre": "No", "Flag_Pb_Plomo": 0, "Status_Pb_Plomo": "No", "Flag_Hg_Cinabrio": 0, "Status_Hg_Cinabrio": "No", "Flag_Sn_Estano": 0, "Status_Sn_Estano": "No", "Flag_Fe_Hierro": 0, "Status_Fe_Hierro": "No", "Tech_Ruina_Montium": 1, "Tech_Subterranea": 0, "Tech_Cielo_Abierto": 1, "Tech_Lavado_Placer": 0, "Certainty_Spatial": 0.85, "Certainty_Archaeological": 0.9, "Certainty_Metallogenic": 1.0, "Certainty_Score": 0.905, "Certainty_Grade": "Alta Certeza (Grado I)" }, "geometry": { "type": "Point", "coordinates": [ -6.34146, 42.652513 ] } },
{ "type": "Feature", "properties": { "mineID": 594, "site": "El Barrero", "ancientName": null, "province": "Hispania Tarraconensis", "country": "Spain", "region": "León", "miningDistrict": "Cuenca Alta del Tuerto", "romanianRANID": null, "sanchezPalenciaAndOrejasID": "AT-20", "domergueID": null, "spainMapSheet": null, "lambertX": null, "lambertY": null, "latitude": 42.500821, "longitude": -6.166731, "coordinateAccuracy": 500.0, "locationDataSource": "Estimated from Sanchez-Palencia and Orejas 1994, figs 8 and 15, IGN map, and Google Earth", "locationNotes": null, "notBeforeOpeningDate": null, "notAfterOpeningDate": null, "notBeforeClosingDate": null, "notAfterClosingDate": null, "inUseDate": null, "metalMinedGold": "TRUE", "metalMinedSilver": 0.0, "metalMinedLead": 0.0, "metalMinedCopper": 0.0, "metalMinedTin": 0.0, "metalMinedIron": 0.0, "metalMinedMercuryCinnabar": 0.0, "metalMinedZinc": 0.0, "metalMinedOther": 0.0, "description": null, "references": "Sanchez-Palencia and Orejas 1994, 190; 224 fig. 8", "techniqueOpencast": 1.0, "techniqueUnderground": 0.0, "techniqueHydraulic": "TRUE", "techniqueHushing": null, "techniqueGroundSluicing": null, "techniqueRuinaMontium": null, "techniqueRakeComb": null, "techniqueGoldWashing": null, "techniqueOther": null, "notes": null, "geology": null, "depositType": "Secondary", "exploitationType": "Selective - Extensive", "Flag_Au_Oro": 1, "Status_Au_Oro": "Confirmado", "Flag_Ag_Plata": 0, "Status_Ag_Plata": "No", "Flag_Cu_Cobre": 0, "Status_Cu_Cobre": "No", "Flag_Pb_Plomo": 0, "Status_Pb_Plomo": "No", "Flag_Hg_Cinabrio": 0, "Status_Hg_Cinabrio": "No", "Flag_Sn_Estano": 0, "Status_Sn_Estano": "No", "Flag_Fe_Hierro": 0, "Status_Fe_Hierro": "No", "Tech_Ruina_Montium": 1, "Tech_Subterranea": 0, "Tech_Cielo_Abierto": 1, "Tech_Lavado_Placer": 0, "Certainty_Spatial": 0.85, "Certainty_Archaeological": 0.9, "Certainty_Metallogenic": 1.0, "Certainty_Score": 0.905, "Certainty_Grade": "Alta Certeza (Grado I)" }, "geometry": { "type": "Point", "coordinates": [ -6.166731, 42.500821 ] } },
{ "type": "Feature", "properties": { "mineID": 595, "site": "El Barrero", "ancientName": null, "province": "Hispania Tarraconensis", "country": "Spain", "region": "León", "miningDistrict": "Cuenca media del Sil", "romanianRANID": null, "sanchezPalenciaAndOrejasID": "MS-080", "domergueID": null, "spainMapSheet": null, "lambertX": null, "lambertY": null, "latitude": 42.433849, "longitude": -6.717874, "coordinateAccuracy": 500.0, "locationDataSource": "Guessed from Google Earth and Sanchez-Palencia and Orejas 1994, fig. 16", "locationNotes": null, "notBeforeOpeningDate": null, "notAfterOpeningDate": null, "notBeforeClosingDate": null, "notAfterClosingDate": null, "inUseDate": null, "metalMinedGold": "TRUE", "metalMinedSilver": 0.0, "metalMinedLead": 0.0, "metalMinedCopper": 0.0, "metalMinedTin": 0.0, "metalMinedIron": 0.0, "metalMinedMercuryCinnabar": 0.0, "metalMinedZinc": 0.0, "metalMinedOther": 0.0, "description": null, "references": "Sanchez-Palencia and Orejas 1994, 196", "techniqueOpencast": 1.0, "techniqueUnderground": 0.0, "techniqueHydraulic": "TRUE", "techniqueHushing": null, "techniqueGroundSluicing": null, "techniqueRuinaMontium": null, "techniqueRakeComb": null, "techniqueGoldWashing": null, "techniqueOther": null, "notes": null, "geology": null, "depositType": "Secondary", "exploitationType": "Extensive", "Flag_Au_Oro": 1, "Status_Au_Oro": "Confirmado", "Flag_Ag_Plata": 0, "Status_Ag_Plata": "No", "Flag_Cu_Cobre": 0, "Status_Cu_Cobre": "No", "Flag_Pb_Plomo": 0, "Status_Pb_Plomo": "No", "Flag_Hg_Cinabrio": 0, "Status_Hg_Cinabrio": "No", "Flag_Sn_Estano": 0, "Status_Sn_Estano": "No", "Flag_Fe_Hierro": 0, "Status_Fe_Hierro": "No", "Tech_Ruina_Montium": 1, "Tech_Subterranea": 0, "Tech_Cielo_Abierto": 1, "Tech_Lavado_Placer": 0, "Certainty_Spatial": 0.85, "Certainty_Archaeological": 0.9, "Certainty_Metallogenic": 1.0, "Certainty_Score": 0.905, "Certainty_Grade": "Alta Certeza (Grado I)" }, "geometry": { "type": "Point", "coordinates": [ -6.717874, 42.433849 ] } },
{ "type": "Feature", "properties": { "mineID": 601, "site": "El Cabrucal de Trelles", "ancientName": null, "province": "Hispania Tarraconensis", "country": "Spain", "region": "Oviedo", "miningDistrict": "Cuenca del Navia", "romanianRANID": null, "sanchezPalenciaAndOrejasID": "NV-80", "domergueID": "O 8.ii", "spainMapSheet": 26.0, "lambertX": 354.0, "lambertY": 991.0, "latitude": 43.48458266, "longitude": -6.727207833, "coordinateAccuracy": 100.0, "locationDataSource": "Converted in QGIS from Lambert coords, Madrid 1870; Placename, IGN map, Google Earth, and Sanchez-Palencia and Orejas 1994, fig. 13.", "locationNotes": "The same as Domergue's Rio Navia 2 site O 8.ii", "notBeforeOpeningDate": null, "notAfterOpeningDate": null, "notBeforeClosingDate": null, "notAfterClosingDate": null, "inUseDate": null, "metalMinedGold": "TRUE", "metalMinedSilver": 0.0, "metalMinedLead": 0.0, "metalMinedCopper": 0.0, "metalMinedTin": 0.0, "metalMinedIron": 0.0, "metalMinedMercuryCinnabar": 0.0, "metalMinedZinc": 0.0, "metalMinedOther": 0.0, "description": null, "references": "Domergue 1990:42; Sanchez-Palencia and Orejas 1994, 201", "techniqueOpencast": 1.0, "techniqueUnderground": 0.0, "techniqueHydraulic": "TRUE", "techniqueHushing": "FALSE", "techniqueGroundSluicing": "TRUE", "techniqueRuinaMontium": 0.0, "techniqueRakeComb": 1.0, "techniqueGoldWashing": 0.0, "techniqueOther": 0.0, "notes": null, "geology": "Quaternary Terrace", "depositType": "Secondary", "exploitationType": "Selective - Extensive", "Flag_Au_Oro": 1, "Status_Au_Oro": "Confirmado", "Flag_Ag_Plata": 0, "Status_Ag_Plata": "No", "Flag_Cu_Cobre": 0, "Status_Cu_Cobre": "No", "Flag_Pb_Plomo": 0, "Status_Pb_Plomo": "No", "Flag_Hg_Cinabrio": 0, "Status_Hg_Cinabrio": "No", "Flag_Sn_Estano": 0, "Status_Sn_Estano": "No", "Flag_Fe_Hierro": 0, "Status_Fe_Hierro": "No", "Tech_Ruina_Montium": 1, "Tech_Subterranea": 0, "Tech_Cielo_Abierto": 1, "Tech_Lavado_Placer": 0, "Certainty_Spatial": 1.0, "Certainty_Archaeological": 1.0, "Certainty_Metallogenic": 1.0, "Certainty_Score": 1.0, "Certainty_Grade": "Alta Certeza (Grado I)" }, "geometry": { "type": "Point", "coordinates": [ -6.727207833, 43.48458266 ] } },
{ "type": "Feature", "properties": { "mineID": 605, "site": "El Carbedón - Las Lastras", "ancientName": null, "province": "Hispania Tarraconensis", "country": "Spain", "region": "León", "miningDistrict": "Cuencas de Cúa y Burbia", "romanianRANID": null, "sanchezPalenciaAndOrejasID": "CB-25", "domergueID": null, "spainMapSheet": null, "lambertX": null, "lambertY": null, "latitude": 42.667622, "longitude": -6.82623, "coordinateAccuracy": 500.0, "locationDataSource": "Estimated from Sanchez-Palencia and Orejas 1994, fig. 14, IGN map, and Google Earth", "locationNotes": null, "notBeforeOpeningDate": null, "notAfterOpeningDate": null, "notBeforeClosingDate": null, "notAfterClosingDate": null, "inUseDate": null, "metalMinedGold": "TRUE", "metalMinedSilver": 0.0, "metalMinedLead": 0.0, "metalMinedCopper": 0.0, "metalMinedTin": 0.0, "metalMinedIron": 0.0, "metalMinedMercuryCinnabar": 0.0, "metalMinedZinc": 0.0, "metalMinedOther": 0.0, "description": null, "references": "Sanchez-Palencia and Orejas 1994, 192", "techniqueOpencast": 1.0, "techniqueUnderground": 0.0, "techniqueHydraulic": "TRUE", "techniqueHushing": null, "techniqueGroundSluicing": null, "techniqueRuinaMontium": null, "techniqueRakeComb": null, "techniqueGoldWashing": null, "techniqueOther": null, "notes": null, "geology": null, "depositType": "Secondary", "exploitationType": "Selective - Extensive", "Flag_Au_Oro": 1, "Status_Au_Oro": "Confirmado", "Flag_Ag_Plata": 0, "Status_Ag_Plata": "No", "Flag_Cu_Cobre": 0, "Status_Cu_Cobre": "No", "Flag_Pb_Plomo": 0, "Status_Pb_Plomo": "No", "Flag_Hg_Cinabrio": 0, "Status_Hg_Cinabrio": "No", "Flag_Sn_Estano": 0, "Status_Sn_Estano": "No", "Flag_Fe_Hierro": 0, "Status_Fe_Hierro": "No", "Tech_Ruina_Montium": 1, "Tech_Subterranea": 0, "Tech_Cielo_Abierto": 1, "Tech_Lavado_Placer": 0, "Certainty_Spatial": 0.85, "Certainty_Archaeological": 0.9, "Certainty_Metallogenic": 1.0, "Certainty_Score": 0.905, "Certainty_Grade": "Alta Certeza (Grado I)" }, "geometry": { "type": "Point", "coordinates": [ -6.82623, 42.667622 ] } },
{ "type": "Feature", "properties": { "mineID": 606, "site": "El Cardal - Los Regueiricos", "ancientName": null, "province": "Hispania Tarraconensis", "country": "Spain", "region": "León", "miningDistrict": "Sierra del Teleno", "romanianRANID": null, "sanchezPalenciaAndOrejasID": "TE-10", "domergueID": null, "spainMapSheet": null, "lambertX": null, "lambertY": null, "latitude": 42.328407, "longitude": -6.410587, "coordinateAccuracy": 200.0, "locationDataSource": "Estimated from Sanchez-Palencia and Orejas 1994, fig. 17, IGN map, and Google Earth", "locationNotes": null, "notBeforeOpeningDate": null, "notAfterOpeningDate": null, "notBeforeClosingDate": null, "notAfterClosingDate": null, "inUseDate": null, "metalMinedGold": "TRUE", "metalMinedSilver": 0.0, "metalMinedLead": 0.0, "metalMinedCopper": 0.0, "metalMinedTin": 0.0, "metalMinedIron": 0.0, "metalMinedMercuryCinnabar": 0.0, "metalMinedZinc": 0.0, "metalMinedOther": 0.0, "description": null, "references": "Sanchez-Palencia and Orejas 1994, 202", "techniqueOpencast": 1.0, "techniqueUnderground": 0.0, "techniqueHydraulic": "TRUE", "techniqueHushing": null, "techniqueGroundSluicing": null, "techniqueRuinaMontium": null, "techniqueRakeComb": null, "techniqueGoldWashing": null, "techniqueOther": null, "notes": null, "geology": null, "depositType": "Secondary", "exploitationType": "Selective - Extensive", "Flag_Au_Oro": 1, "Status_Au_Oro": "Confirmado", "Flag_Ag_Plata": 0, "Status_Ag_Plata": "No", "Flag_Cu_Cobre": 0, "Status_Cu_Cobre": "No", "Flag_Pb_Plomo": 0, "Status_Pb_Plomo": "No", "Flag_Hg_Cinabrio": 0, "Status_Hg_Cinabrio": "No", "Flag_Sn_Estano": 0, "Status_Sn_Estano": "No", "Flag_Fe_Hierro": 0, "Status_Fe_Hierro": "No", "Tech_Ruina_Montium": 1, "Tech_Subterranea": 0, "Tech_Cielo_Abierto": 1, "Tech_Lavado_Placer": 0, "Certainty_Spatial": 0.85, "Certainty_Archaeological": 0.9, "Certainty_Metallogenic": 1.0, "Certainty_Score": 0.905, "Certainty_Grade": "Alta Certeza (Grado I)" }, "geometry": { "type": "Point", "coordinates": [ -6.410587, 42.328407 ] } },
{ "type": "Feature", "properties": { "mineID": 608, "site": "El Carril", "ancientName": null, "province": "Hispania Tarraconensis", "country": "Spain", "region": "León", "miningDistrict": "Cuenca del Eria", "romanianRANID": null, "sanchezPalenciaAndOrejasID": "ER-17", "domergueID": null, "spainMapSheet": null, "lambertX": null, "lambertY": null, "latitude": 42.255556, "longitude": -6.28292, "coordinateAccuracy": 200.0, "locationDataSource": "Estimated from Sanchez-Palencia and Orejas 1994, fig. 17 and Google Earth", "locationNotes": null, "notBeforeOpeningDate": null, "notAfterOpeningDate": null, "notBeforeClosingDate": null, "notAfterClosingDate": null, "inUseDate": null, "metalMinedGold": "TRUE", "metalMinedSilver": 0.0, "metalMinedLead": 0.0, "metalMinedCopper": 0.0, "metalMinedTin": 0.0, "metalMinedIron": 0.0, "metalMinedMercuryCinnabar": 0.0, "metalMinedZinc": 0.0, "metalMinedOther": 0.0, "description": null, "references": "Sanchez-Palencia and Orejas 1994, 193", "techniqueOpencast": 1.0, "techniqueUnderground": 0.0, "techniqueHydraulic": "TRUE", "techniqueHushing": "FALSE", "techniqueGroundSluicing": "FALSE", "techniqueRuinaMontium": 0.0, "techniqueRakeComb": 0.0, "techniqueGoldWashing": 0.0, "techniqueOther": 0.0, "notes": null, "geology": null, "depositType": "Secondary", "exploitationType": "Extensive", "Flag_Au_Oro": 1, "Status_Au_Oro": "Confirmado", "Flag_Ag_Plata": 0, "Status_Ag_Plata": "No", "Flag_Cu_Cobre": 0, "Status_Cu_Cobre": "No", "Flag_Pb_Plomo": 0, "Status_Pb_Plomo": "No", "Flag_Hg_Cinabrio": 0, "Status_Hg_Cinabrio": "No", "Flag_Sn_Estano": 0, "Status_Sn_Estano": "No", "Flag_Fe_Hierro": 0, "Status_Fe_Hierro": "No", "Tech_Ruina_Montium": 1, "Tech_Subterranea": 0, "Tech_Cielo_Abierto": 1, "Tech_Lavado_Placer": 0, "Certainty_Spatial": 0.85, "Certainty_Archaeological": 0.9, "Certainty_Metallogenic": 1.0, "Certainty_Score": 0.905, "Certainty_Grade": "Alta Certeza (Grado I)" }, "geometry": { "type": "Point", "coordinates": [ -6.28292, 42.255556 ] } },
{ "type": "Feature", "properties": { "mineID": 609, "site": "El Carrozo de la Fucarona", "ancientName": null, "province": "Hispania Tarraconensis", "country": "Spain", "region": "León", "miningDistrict": "Cuencas del Turienzo y Jerega", "romanianRANID": null, "sanchezPalenciaAndOrejasID": "TJ-18", "domergueID": "LE 35", "spainMapSheet": 192.0, "lambertX": 389.0, "lambertY": 878.3, "latitude": 42.480441, "longitude": -6.251635, "coordinateAccuracy": 0.0, "locationDataSource": "Converted in QGIS from Lambert coords, Madrid 1870, adjusted with Google Earth.", "locationNotes": null, "notBeforeOpeningDate": null, "notAfterOpeningDate": null, "notBeforeClosingDate": null, "notAfterClosingDate": null, "inUseDate": null, "metalMinedGold": "TRUE", "metalMinedSilver": 0.0, "metalMinedLead": 0.0, "metalMinedCopper": 0.0, "metalMinedTin": 0.0, "metalMinedIron": 0.0, "metalMinedMercuryCinnabar": 0.0, "metalMinedZinc": 0.0, "metalMinedOther": 0.0, "description": null, "references": "Domergue 1990: 43; Sanchez-Palencia and Orejas 1994, 202", "techniqueOpencast": 1.0, "techniqueUnderground": 0.0, "techniqueHydraulic": "TRUE", "techniqueHushing": null, "techniqueGroundSluicing": null, "techniqueRuinaMontium": null, "techniqueRakeComb": null, "techniqueGoldWashing": null, "techniqueOther": null, "notes": null, "geology": null, "depositType": "Secondary", "exploitationType": "Extensive", "Flag_Au_Oro": 1, "Status_Au_Oro": "Confirmado", "Flag_Ag_Plata": 0, "Status_Ag_Plata": "No", "Flag_Cu_Cobre": 0, "Status_Cu_Cobre": "No", "Flag_Pb_Plomo": 0, "Status_Pb_Plomo": "No", "Flag_Hg_Cinabrio": 0, "Status_Hg_Cinabrio": "No", "Flag_Sn_Estano": 0, "Status_Sn_Estano": "No", "Flag_Fe_Hierro": 0, "Status_Fe_Hierro": "No", "Tech_Ruina_Montium": 1, "Tech_Subterranea": 0, "Tech_Cielo_Abierto": 1, "Tech_Lavado_Placer": 0, "Certainty_Spatial": 1.0, "Certainty_Archaeological": 1.0, "Certainty_Metallogenic": 1.0, "Certainty_Score": 1.0, "Certainty_Grade": "Alta Certeza (Grado I)" }, "geometry": { "type": "Point", "coordinates": [ -6.251635, 42.480441 ] } },
{ "type": "Feature", "properties": { "mineID": 616, "site": "El Cobacho - La Rozada", "ancientName": null, "province": "Hispania Tarraconensis", "country": "Spain", "region": "León, Orense, Lugo", "miningDistrict": "Cuenca media del Sil", "romanianRANID": null, "sanchezPalenciaAndOrejasID": "MS-001", "domergueID": null, "spainMapSheet": null, "lambertX": null, "lambertY": null, "latitude": 42.506399, "longitude": -6.700063, "coordinateAccuracy": 100.0, "locationDataSource": "Google Earth (located) and IGN map", "locationNotes": "CHECK to see if this is the same as Domergue's Ermita de la Estrella, which is nearby", "notBeforeOpeningDate": null, "notAfterOpeningDate": null, "notBeforeClosingDate": null, "notAfterClosingDate": null, "inUseDate": null, "metalMinedGold": "TRUE", "metalMinedSilver": 0.0, "metalMinedLead": 0.0, "metalMinedCopper": 0.0, "metalMinedTin": 0.0, "metalMinedIron": 0.0, "metalMinedMercuryCinnabar": 0.0, "metalMinedZinc": 0.0, "metalMinedOther": 0.0, "description": null, "references": "Sanchez-Palencia and Orejas 1994, 194", "techniqueOpencast": 1.0, "techniqueUnderground": 0.0, "techniqueHydraulic": "TRUE", "techniqueHushing": null, "techniqueGroundSluicing": null, "techniqueRuinaMontium": 1.0, "techniqueRakeComb": null, "techniqueGoldWashing": null, "techniqueOther": null, "notes": "Imagery on Google Earth suggests this is a ruina montium mine.", "geology": null, "depositType": "Secondary", "exploitationType": "Selective - Extensive", "Flag_Au_Oro": 1, "Status_Au_Oro": "Confirmado", "Flag_Ag_Plata": 0, "Status_Ag_Plata": "No", "Flag_Cu_Cobre": 0, "Status_Cu_Cobre": "No", "Flag_Pb_Plomo": 0, "Status_Pb_Plomo": "No", "Flag_Hg_Cinabrio": 0, "Status_Hg_Cinabrio": "No", "Flag_Sn_Estano": 0, "Status_Sn_Estano": "No", "Flag_Fe_Hierro": 0, "Status_Fe_Hierro": "No", "Tech_Ruina_Montium": 1, "Tech_Subterranea": 0, "Tech_Cielo_Abierto": 1, "Tech_Lavado_Placer": 0, "Certainty_Spatial": 1.0, "Certainty_Archaeological": 0.9, "Certainty_Metallogenic": 1.0, "Certainty_Score": 0.965, "Certainty_Grade": "Alta Certeza (Grado I)" }, "geometry": { "type": "Point", "coordinates": [ -6.700063, 42.506399 ] } },
{ "type": "Feature", "properties": { "mineID": 617, "site": "El Corón - El Barrial - Fascias", "ancientName": null, "province": "Hispania Tarraconensis", "country": "Spain", "region": "León", "miningDistrict": "Cuenca del Boeza", "romanianRANID": null, "sanchezPalenciaAndOrejasID": "BO-15", "domergueID": null, "spainMapSheet": null, "lambertX": null, "lambertY": null, "latitude": 42.649196, "longitude": -6.360162, "coordinateAccuracy": 100.0, "locationDataSource": "Estimated from Sanchez-Palencia and Orejas 1994, fig. 14, IGN map, and Google Earth", "locationNotes": null, "notBeforeOpeningDate": null, "notAfterOpeningDate": null, "notBeforeClosingDate": null, "notAfterClosingDate": null, "inUseDate": null, "metalMinedGold": "TRUE", "metalMinedSilver": 0.0, "metalMinedLead": 0.0, "metalMinedCopper": 0.0, "metalMinedTin": 0.0, "metalMinedIron": 0.0, "metalMinedMercuryCinnabar": 0.0, "metalMinedZinc": 0.0, "metalMinedOther": 0.0, "description": "Castro immediately adjacent to mine.", "references": "Sanchez-Palencia and Orejas 1994, 191", "techniqueOpencast": 1.0, "techniqueUnderground": 0.0, "techniqueHydraulic": "TRUE", "techniqueHushing": null, "techniqueGroundSluicing": null, "techniqueRuinaMontium": null, "techniqueRakeComb": null, "techniqueGoldWashing": null, "techniqueOther": null, "notes": null, "geology": null, "depositType": "Secondary", "exploitationType": "Extensive", "Flag_Au_Oro": 1, "Status_Au_Oro": "Confirmado", "Flag_Ag_Plata": 0, "Status_Ag_Plata": "No", "Flag_Cu_Cobre": 0, "Status_Cu_Cobre": "No", "Flag_Pb_Plomo": 0, "Status_Pb_Plomo": "No", "Flag_Hg_Cinabrio": 0, "Status_Hg_Cinabrio": "No", "Flag_Sn_Estano": 0, "Status_Sn_Estano": "No", "Flag_Fe_Hierro": 0, "Status_Fe_Hierro": "No", "Tech_Ruina_Montium": 1, "Tech_Subterranea": 0, "Tech_Cielo_Abierto": 1, "Tech_Lavado_Placer": 0, "Certainty_Spatial": 1.0, "Certainty_Archaeological": 0.9, "Certainty_Metallogenic": 1.0, "Certainty_Score": 0.965, "Certainty_Grade": "Alta Certeza (Grado I)" }, "geometry": { "type": "Point", "coordinates": [ -6.360162, 42.649196 ] } },
{ "type": "Feature", "properties": { "mineID": 618, "site": "El Corón de Losada", "ancientName": null, "province": "Hispania Tarraconensis", "country": "Spain", "region": "León", "miningDistrict": "Cuenca del Boeza", "romanianRANID": null, "sanchezPalenciaAndOrejasID": "BO-12", "domergueID": null, "spainMapSheet": null, "lambertX": null, "lambertY": null, "latitude": 42.666101, "longitude": -6.434502, "coordinateAccuracy": 100.0, "locationDataSource": "Guessed from Sanchez-Palencia and Orejas 1994, fig. 14, IGN map, Google Earth, and IGN LiDAR mapping; confirmed by site visit 24/09/2021.", "locationNotes": null, "notBeforeOpeningDate": null, "notAfterOpeningDate": null, "notBeforeClosingDate": null, "notAfterClosingDate": null, "inUseDate": null, "metalMinedGold": "TRUE", "metalMinedSilver": 0.0, "metalMinedLead": 0.0, "metalMinedCopper": 0.0, "metalMinedTin": 0.0, "metalMinedIron": 0.0, "metalMinedMercuryCinnabar": 0.0, "metalMinedZinc": 0.0, "metalMinedOther": 0.0, "description": "Castro immediately adjacent to mine, possible gully issuing from ditch at South.", "references": "Sanchez-Palencia and Orejas 1994, 191", "techniqueOpencast": 1.0, "techniqueUnderground": 0.0, "techniqueHydraulic": "TRUE", "techniqueHushing": null, "techniqueGroundSluicing": null, "techniqueRuinaMontium": null, "techniqueRakeComb": null, "techniqueGoldWashing": null, "techniqueOther": null, "notes": null, "geology": null, "depositType": "Secondary", "exploitationType": "Extensive", "Flag_Au_Oro": 1, "Status_Au_Oro": "Confirmado", "Flag_Ag_Plata": 0, "Status_Ag_Plata": "No", "Flag_Cu_Cobre": 0, "Status_Cu_Cobre": "No", "Flag_Pb_Plomo": 0, "Status_Pb_Plomo": "No", "Flag_Hg_Cinabrio": 0, "Status_Hg_Cinabrio": "No", "Flag_Sn_Estano": 0, "Status_Sn_Estano": "No", "Flag_Fe_Hierro": 0, "Status_Fe_Hierro": "No", "Tech_Ruina_Montium": 1, "Tech_Subterranea": 0, "Tech_Cielo_Abierto": 1, "Tech_Lavado_Placer": 0, "Certainty_Spatial": 1.0, "Certainty_Archaeological": 0.9, "Certainty_Metallogenic": 1.0, "Certainty_Score": 0.965, "Certainty_Grade": "Alta Certeza (Grado I)" }, "geometry": { "type": "Point", "coordinates": [ -6.434502, 42.666101 ] } },
{ "type": "Feature", "properties": { "mineID": 619, "site": "El Corón de Pombía", "ancientName": null, "province": "Hispania Tarraconensis", "country": "Spain", "region": "León", "miningDistrict": "Cuenca del Boeza", "romanianRANID": null, "sanchezPalenciaAndOrejasID": "BO-17", "domergueID": null, "spainMapSheet": null, "lambertX": null, "lambertY": null, "latitude": 42.636584, "longitude": -6.312041, "coordinateAccuracy": 200.0, "locationDataSource": "Estimated from Sanchez-Palencia and Orejas 1994, fig. 14, IGN map, and Google Earth", "locationNotes": null, "notBeforeOpeningDate": null, "notAfterOpeningDate": null, "notBeforeClosingDate": null, "notAfterClosingDate": null, "inUseDate": null, "metalMinedGold": "TRUE", "metalMinedSilver": 0.0, "metalMinedLead": 0.0, "metalMinedCopper": 0.0, "metalMinedTin": 0.0, "metalMinedIron": 0.0, "metalMinedMercuryCinnabar": 0.0, "metalMinedZinc": 0.0, "metalMinedOther": 0.0, "description": null, "references": "Sanchez-Palencia and Orejas 1994, 191", "techniqueOpencast": 1.0, "techniqueUnderground": 0.0, "techniqueHydraulic": "TRUE", "techniqueHushing": null, "techniqueGroundSluicing": null, "techniqueRuinaMontium": null, "techniqueRakeComb": null, "techniqueGoldWashing": null, "techniqueOther": null, "notes": null, "geology": null, "depositType": "Secondary", "exploitationType": "Extensive", "Flag_Au_Oro": 1, "Status_Au_Oro": "Confirmado", "Flag_Ag_Plata": 0, "Status_Ag_Plata": "No", "Flag_Cu_Cobre": 0, "Status_Cu_Cobre": "No", "Flag_Pb_Plomo": 0, "Status_Pb_Plomo": "No", "Flag_Hg_Cinabrio": 0, "Status_Hg_Cinabrio": "No", "Flag_Sn_Estano": 0, "Status_Sn_Estano": "No", "Flag_Fe_Hierro": 0, "Status_Fe_Hierro": "No", "Tech_Ruina_Montium": 1, "Tech_Subterranea": 0, "Tech_Cielo_Abierto": 1, "Tech_Lavado_Placer": 0, "Certainty_Spatial": 0.85, "Certainty_Archaeological": 0.9, "Certainty_Metallogenic": 1.0, "Certainty_Score": 0.905, "Certainty_Grade": "Alta Certeza (Grado I)" }, "geometry": { "type": "Point", "coordinates": [ -6.312041, 42.636584 ] } },
{ "type": "Feature", "properties": { "mineID": 620, "site": "El Corón de San Justo", "ancientName": null, "province": "Hispania Tarraconensis", "country": "Spain", "region": "León", "miningDistrict": "Cuenca del Boeza", "romanianRANID": null, "sanchezPalenciaAndOrejasID": "BO-04", "domergueID": null, "spainMapSheet": null, "lambertX": null, "lambertY": null, "latitude": 42.697321, "longitude": -6.364151, "coordinateAccuracy": 0.0, "locationDataSource": "From Sanchez-Palencia and Orejas 1994, fig. 14, IGN map, and Google Earth, refined by site visit 23/09/2021.", "locationNotes": null, "notBeforeOpeningDate": null, "notAfterOpeningDate": null, "notBeforeClosingDate": null, "notAfterClosingDate": null, "inUseDate": null, "metalMinedGold": "TRUE", "metalMinedSilver": 0.0, "metalMinedLead": 0.0, "metalMinedCopper": 0.0, "metalMinedTin": 0.0, "metalMinedIron": 0.0, "metalMinedMercuryCinnabar": 0.0, "metalMinedZinc": 0.0, "metalMinedOther": 0.0, "description": "Castro immediately adjacent to mine.", "references": "Alvarez González 1993; Sanchez-Palencia and Orejas 1994, 190", "techniqueOpencast": 1.0, "techniqueUnderground": 0.0, "techniqueHydraulic": "TRUE", "techniqueHushing": "TRUE", "techniqueGroundSluicing": "TRUE", "techniqueRuinaMontium": 0.0, "techniqueRakeComb": 0.0, "techniqueGoldWashing": 0.0, "techniqueOther": 0.0, "notes": null, "geology": null, "depositType": "Secondary", "exploitationType": "Extensive", "Flag_Au_Oro": 1, "Status_Au_Oro": "Confirmado", "Flag_Ag_Plata": 0, "Status_Ag_Plata": "No", "Flag_Cu_Cobre": 0, "Status_Cu_Cobre": "No", "Flag_Pb_Plomo": 0, "Status_Pb_Plomo": "No", "Flag_Hg_Cinabrio": 0, "Status_Hg_Cinabrio": "No", "Flag_Sn_Estano": 0, "Status_Sn_Estano": "No", "Flag_Fe_Hierro": 0, "Status_Fe_Hierro": "No", "Tech_Ruina_Montium": 1, "Tech_Subterranea": 0, "Tech_Cielo_Abierto": 1, "Tech_Lavado_Placer": 0, "Certainty_Spatial": 1.0, "Certainty_Archaeological": 0.9, "Certainty_Metallogenic": 1.0, "Certainty_Score": 0.965, "Certainty_Grade": "Alta Certeza (Grado I)" }, "geometry": { "type": "Point", "coordinates": [ -6.364151, 42.697321 ] } },
{ "type": "Feature", "properties": { "mineID": 623, "site": "El Covanallo", "ancientName": null, "province": "Hispania Tarraconensis", "country": "Spain", "region": "León", "miningDistrict": "Cuenca del Eria", "romanianRANID": null, "sanchezPalenciaAndOrejasID": "ER-20", "domergueID": null, "spainMapSheet": null, "lambertX": null, "lambertY": null, "latitude": 42.24081, "longitude": -6.268568, "coordinateAccuracy": 300.0, "locationDataSource": "Estimated from Sanchez-Palencia and Orejas 1994, fig. 17,  Fernández-Lozano et al. 2015, fig. 6, and Google Earth", "locationNotes": null, "notBeforeOpeningDate": null, "notAfterOpeningDate": null, "notBeforeClosingDate": null, "notAfterClosingDate": null, "inUseDate": null, "metalMinedGold": "TRUE", "metalMinedSilver": 0.0, "metalMinedLead": 0.0, "metalMinedCopper": 0.0, "metalMinedTin": 0.0, "metalMinedIron": 0.0, "metalMinedMercuryCinnabar": 0.0, "metalMinedZinc": 0.0, "metalMinedOther": 0.0, "description": null, "references": "Sanchez-Palencia and Orejas 1994, 193", "techniqueOpencast": 1.0, "techniqueUnderground": 0.0, "techniqueHydraulic": "TRUE", "techniqueHushing": "FALSE", "techniqueGroundSluicing": "FALSE", "techniqueRuinaMontium": 0.0, "techniqueRakeComb": 0.0, "techniqueGoldWashing": 0.0, "techniqueOther": 0.0, "notes": null, "geology": null, "depositType": "Secondary", "exploitationType": "Extensive", "Flag_Au_Oro": 1, "Status_Au_Oro": "Confirmado", "Flag_Ag_Plata": 0, "Status_Ag_Plata": "No", "Flag_Cu_Cobre": 0, "Status_Cu_Cobre": "No", "Flag_Pb_Plomo": 0, "Status_Pb_Plomo": "No", "Flag_Hg_Cinabrio": 0, "Status_Hg_Cinabrio": "No", "Flag_Sn_Estano": 0, "Status_Sn_Estano": "No", "Flag_Fe_Hierro": 0, "Status_Fe_Hierro": "No", "Tech_Ruina_Montium": 1, "Tech_Subterranea": 0, "Tech_Cielo_Abierto": 1, "Tech_Lavado_Placer": 0, "Certainty_Spatial": 0.85, "Certainty_Archaeological": 0.9, "Certainty_Metallogenic": 1.0, "Certainty_Score": 0.905, "Certainty_Grade": "Alta Certeza (Grado I)" }, "geometry": { "type": "Point", "coordinates": [ -6.268568, 42.24081 ] } },
{ "type": "Feature", "properties": { "mineID": 624, "site": "El Cubanallo Fondo", "ancientName": null, "province": "Hispania Tarraconensis", "country": "Spain", "region": "León", "miningDistrict": "Cuenca del Eria", "romanianRANID": null, "sanchezPalenciaAndOrejasID": "ER-08", "domergueID": null, "spainMapSheet": null, "lambertX": null, "lambertY": null, "latitude": 42.237656, "longitude": -6.332945, "coordinateAccuracy": 300.0, "locationDataSource": "Estimated from Sanchez-Palencia and Orejas 1994, fig. 17 and Google Earth", "locationNotes": null, "notBeforeOpeningDate": null, "notAfterOpeningDate": null, "notBeforeClosingDate": null, "notAfterClosingDate": null, "inUseDate": null, "metalMinedGold": "TRUE", "metalMinedSilver": 0.0, "metalMinedLead": 0.0, "metalMinedCopper": 0.0, "metalMinedTin": 0.0, "metalMinedIron": 0.0, "metalMinedMercuryCinnabar": 0.0, "metalMinedZinc": 0.0, "metalMinedOther": 0.0, "description": null, "references": "Sanchez-Palencia and Orejas 1994, 193", "techniqueOpencast": 1.0, "techniqueUnderground": 0.0, "techniqueHydraulic": "TRUE", "techniqueHushing": "FALSE", "techniqueGroundSluicing": "FALSE", "techniqueRuinaMontium": 0.0, "techniqueRakeComb": 0.0, "techniqueGoldWashing": 0.0, "techniqueOther": 0.0, "notes": null, "geology": null, "depositType": "Secondary", "exploitationType": "Selective - Extensive", "Flag_Au_Oro": 1, "Status_Au_Oro": "Confirmado", "Flag_Ag_Plata": 0, "Status_Ag_Plata": "No", "Flag_Cu_Cobre": 0, "Status_Cu_Cobre": "No", "Flag_Pb_Plomo": 0, "Status_Pb_Plomo": "No", "Flag_Hg_Cinabrio": 0, "Status_Hg_Cinabrio": "No", "Flag_Sn_Estano": 0, "Status_Sn_Estano": "No", "Flag_Fe_Hierro": 0, "Status_Fe_Hierro": "No", "Tech_Ruina_Montium": 1, "Tech_Subterranea": 0, "Tech_Cielo_Abierto": 1, "Tech_Lavado_Placer": 0, "Certainty_Spatial": 0.85, "Certainty_Archaeological": 0.9, "Certainty_Metallogenic": 1.0, "Certainty_Score": 0.905, "Certainty_Grade": "Alta Certeza (Grado I)" }, "geometry": { "type": "Point", "coordinates": [ -6.332945, 42.237656 ] } },
{ "type": "Feature", "properties": { "mineID": 625, "site": "El Cuerno de Bobia - Las Canalejas", "ancientName": null, "province": "Hispania Tarraconensis", "country": "Spain", "region": "León", "miningDistrict": "Cuenca Alta del Orbigo", "romanianRANID": null, "sanchezPalenciaAndOrejasID": "AO-24", "domergueID": null, "spainMapSheet": null, "lambertX": null, "lambertY": null, "latitude": 42.785835, "longitude": -5.854274, "coordinateAccuracy": 500.0, "locationDataSource": "Estimated from Sanchez-Palencia and Orejas 1994, fig. 15, and features on Google Earth", "locationNotes": "Check to see if same as Domergue's Reguera de las Fuentes", "notBeforeOpeningDate": null, "notAfterOpeningDate": null, "notBeforeClosingDate": null, "notAfterClosingDate": null, "inUseDate": null, "metalMinedGold": "TRUE", "metalMinedSilver": 0.0, "metalMinedLead": 0.0, "metalMinedCopper": 0.0, "metalMinedTin": 0.0, "metalMinedIron": 0.0, "metalMinedMercuryCinnabar": 0.0, "metalMinedZinc": 0.0, "metalMinedOther": 0.0, "description": null, "references": "Sanchez-Palencia and Orejas 1994, 189", "techniqueOpencast": 1.0, "techniqueUnderground": 0.0, "techniqueHydraulic": "TRUE", "techniqueHushing": null, "techniqueGroundSluicing": null, "techniqueRuinaMontium": null, "techniqueRakeComb": null, "techniqueGoldWashing": null, "techniqueOther": null, "notes": null, "geology": null, "depositType": "Secondary", "exploitationType": "Selective - Extensive", "Flag_Au_Oro": 1, "Status_Au_Oro": "Confirmado", "Flag_Ag_Plata": 0, "Status_Ag_Plata": "No", "Flag_Cu_Cobre": 0, "Status_Cu_Cobre": "No", "Flag_Pb_Plomo": 0, "Status_Pb_Plomo": "No", "Flag_Hg_Cinabrio": 0, "Status_Hg_Cinabrio": "No", "Flag_Sn_Estano": 0, "Status_Sn_Estano": "No", "Flag_Fe_Hierro": 0, "Status_Fe_Hierro": "No", "Tech_Ruina_Montium": 1, "Tech_Subterranea": 0, "Tech_Cielo_Abierto": 1, "Tech_Lavado_Placer": 0, "Certainty_Spatial": 0.85, "Certainty_Archaeological": 0.9, "Certainty_Metallogenic": 1.0, "Certainty_Score": 0.905, "Certainty_Grade": "Alta Certeza (Grado I)" }, "geometry": { "type": "Point", "coordinates": [ -5.854274, 42.785835 ] } },
{ "type": "Feature", "properties": { "mineID": 627, "site": "El Escalerón", "ancientName": null, "province": "Hispania Tarraconensis", "country": "Spain", "region": "León", "miningDistrict": "Cuenca del Eria", "romanianRANID": null, "sanchezPalenciaAndOrejasID": "ER-10", "domergueID": null, "spainMapSheet": null, "lambertX": null, "lambertY": null, "latitude": 42.245249, "longitude": -6.319171, "coordinateAccuracy": 200.0, "locationDataSource": "Estimated from Sanchez-Palencia and Orejas 1994, fig. 17 and Google Earth", "locationNotes": null, "notBeforeOpeningDate": null, "notAfterOpeningDate": null, "notBeforeClosingDate": null, "notAfterClosingDate": null, "inUseDate": null, "metalMinedGold": "TRUE", "metalMinedSilver": 0.0, "metalMinedLead": 0.0, "metalMinedCopper": 0.0, "metalMinedTin": 0.0, "metalMinedIron": 0.0, "metalMinedMercuryCinnabar": 0.0, "metalMinedZinc": 0.0, "metalMinedOther": 0.0, "description": null, "references": "Sanchez-Palencia and Orejas 1994, 193", "techniqueOpencast": 1.0, "techniqueUnderground": 0.0, "techniqueHydraulic": "TRUE", "techniqueHushing": "FALSE", "techniqueGroundSluicing": "FALSE", "techniqueRuinaMontium": 0.0, "techniqueRakeComb": 0.0, "techniqueGoldWashing": 0.0, "techniqueOther": 0.0, "notes": null, "geology": null, "depositType": "Secondary", "exploitationType": "Selective", "Flag_Au_Oro": 1, "Status_Au_Oro": "Confirmado", "Flag_Ag_Plata": 0, "Status_Ag_Plata": "No", "Flag_Cu_Cobre": 0, "Status_Cu_Cobre": "No", "Flag_Pb_Plomo": 0, "Status_Pb_Plomo": "No", "Flag_Hg_Cinabrio": 0, "Status_Hg_Cinabrio": "No", "Flag_Sn_Estano": 0, "Status_Sn_Estano": "No", "Flag_Fe_Hierro": 0, "Status_Fe_Hierro": "No", "Tech_Ruina_Montium": 1, "Tech_Subterranea": 0, "Tech_Cielo_Abierto": 1, "Tech_Lavado_Placer": 0, "Certainty_Spatial": 0.85, "Certainty_Archaeological": 0.9, "Certainty_Metallogenic": 1.0, "Certainty_Score": 0.905, "Certainty_Grade": "Alta Certeza (Grado I)" }, "geometry": { "type": "Point", "coordinates": [ -6.319171, 42.245249 ] } },
{ "type": "Feature", "properties": { "mineID": 636, "site": "El Ganso", "ancientName": null, "province": "Hispania Tarraconensis", "country": "Spain", "region": "León", "miningDistrict": "Cuencas del Turienzo y Jerega", "romanianRANID": null, "sanchezPalenciaAndOrejasID": "TJ-22", "domergueID": "LE 38", "spainMapSheet": 192.0, "lambertX": 391.7, "lambertY": 876.8, "latitude": 42.46790375, "longitude": -6.221617692, "coordinateAccuracy": 100.0, "locationDataSource": "Converted in QGIS from Lambert coords, Madrid 1870", "locationNotes": null, "notBeforeOpeningDate": null, "notAfterOpeningDate": null, "notBeforeClosingDate": null, "notAfterClosingDate": null, "inUseDate": null, "metalMinedGold": "TRUE", "metalMinedSilver": 0.0, "metalMinedLead": 0.0, "metalMinedCopper": 0.0, "metalMinedTin": 0.0, "metalMinedIron": 0.0, "metalMinedMercuryCinnabar": 0.0, "metalMinedZinc": 0.0, "metalMinedOther": 0.0, "description": null, "references": "Domergue 1990: 43, Sanchez-Palencia and Orejas 1994, 202", "techniqueOpencast": 1.0, "techniqueUnderground": 0.0, "techniqueHydraulic": "TRUE", "techniqueHushing": "TRUE", "techniqueGroundSluicing": "FALSE", "techniqueRuinaMontium": 0.0, "techniqueRakeComb": 0.0, "techniqueGoldWashing": 0.0, "techniqueOther": 0.0, "notes": null, "geology": "Tertiary alluvium", "depositType": "Secondary", "exploitationType": "Extensive", "Flag_Au_Oro": 1, "Status_Au_Oro": "Confirmado", "Flag_Ag_Plata": 0, "Status_Ag_Plata": "No", "Flag_Cu_Cobre": 0, "Status_Cu_Cobre": "No", "Flag_Pb_Plomo": 0, "Status_Pb_Plomo": "No", "Flag_Hg_Cinabrio": 0, "Status_Hg_Cinabrio": "No", "Flag_Sn_Estano": 0, "Status_Sn_Estano": "No", "Flag_Fe_Hierro": 0, "Status_Fe_Hierro": "No", "Tech_Ruina_Montium": 1, "Tech_Subterranea": 0, "Tech_Cielo_Abierto": 1, "Tech_Lavado_Placer": 0, "Certainty_Spatial": 1.0, "Certainty_Archaeological": 1.0, "Certainty_Metallogenic": 1.0, "Certainty_Score": 1.0, "Certainty_Grade": "Alta Certeza (Grado I)" }, "geometry": { "type": "Point", "coordinates": [ -6.221617692, 42.46790375 ] } },
{ "type": "Feature", "properties": { "mineID": 644, "site": "El Saldonal", "ancientName": null, "province": "Hispania Tarraconensis", "country": "Spain", "region": "León", "miningDistrict": "Cuencas del Turienzo y Jerega", "romanianRANID": null, "sanchezPalenciaAndOrejasID": "TJ-16", "domergueID": "LE 47.2", "spainMapSheet": 193.0, "lambertX": 398.0, "lambertY": 874.2, "latitude": 42.448522, "longitude": -6.145288, "coordinateAccuracy": 0.0, "locationDataSource": "Google Earth", "locationNotes": "1 km to E of LE 47.1.", "notBeforeOpeningDate": null, "notAfterOpeningDate": null, "notBeforeClosingDate": null, "notAfterClosingDate": null, "inUseDate": null, "metalMinedGold": "TRUE", "metalMinedSilver": 0.0, "metalMinedLead": 0.0, "metalMinedCopper": 0.0, "metalMinedTin": 0.0, "metalMinedIron": 0.0, "metalMinedMercuryCinnabar": 0.0, "metalMinedZinc": 0.0, "metalMinedOther": 0.0, "description": "Piriform opencast. Castro of El Saldonal nearby (42.446088, -6.144155).", "references": "Domergue 1988, 339.", "techniqueOpencast": 1.0, "techniqueUnderground": 0.0, "techniqueHydraulic": "TRUE", "techniqueHushing": "TRUE", "techniqueGroundSluicing": "FALSE", "techniqueRuinaMontium": 0.0, "techniqueRakeComb": 0.0, "techniqueGoldWashing": 0.0, "techniqueOther": 0.0, "notes": null, "geology": "Tertiary alluvium", "depositType": "Secondary - Primary", "exploitationType": "Extensive", "Flag_Au_Oro": 1, "Status_Au_Oro": "Confirmado", "Flag_Ag_Plata": 0, "Status_Ag_Plata": "No", "Flag_Cu_Cobre": 0, "Status_Cu_Cobre": "No", "Flag_Pb_Plomo": 0, "Status_Pb_Plomo": "No", "Flag_Hg_Cinabrio": 0, "Status_Hg_Cinabrio": "No", "Flag_Sn_Estano": 0, "Status_Sn_Estano": "No", "Flag_Fe_Hierro": 0, "Status_Fe_Hierro": "No", "Tech_Ruina_Montium": 1, "Tech_Subterranea": 0, "Tech_Cielo_Abierto": 1, "Tech_Lavado_Placer": 0, "Certainty_Spatial": 1.0, "Certainty_Archaeological": 1.0, "Certainty_Metallogenic": 1.0, "Certainty_Score": 1.0, "Certainty_Grade": "Alta Certeza (Grado I)" }, "geometry": { "type": "Point", "coordinates": [ -6.145288, 42.448522 ] } },
{ "type": "Feature", "properties": { "mineID": 648, "site": "El Miédalo I", "ancientName": null, "province": "Hispania Tarraconensis", "country": "Spain", "region": "León", "miningDistrict": "Cuenca media del Sil", "romanianRANID": null, "sanchezPalenciaAndOrejasID": "MS-058", "domergueID": null, "spainMapSheet": null, "lambertX": null, "lambertY": null, "latitude": 42.409456, "longitude": -6.647353, "coordinateAccuracy": 500.0, "locationDataSource": "Guessed from Google Earth, IGN map, and Sanchez-Palencia and Orejas 1994, fig. 16", "locationNotes": null, "notBeforeOpeningDate": null, "notAfterOpeningDate": null, "notBeforeClosingDate": null, "notAfterClosingDate": null, "inUseDate": null, "metalMinedGold": "TRUE", "metalMinedSilver": 0.0, "metalMinedLead": 0.0, "metalMinedCopper": 0.0, "metalMinedTin": 0.0, "metalMinedIron": 0.0, "metalMinedMercuryCinnabar": 0.0, "metalMinedZinc": 0.0, "metalMinedOther": 0.0, "description": null, "references": "Sanchez-Palencia and Orejas 1994, 196", "techniqueOpencast": 1.0, "techniqueUnderground": 0.0, "techniqueHydraulic": "TRUE", "techniqueHushing": null, "techniqueGroundSluicing": null, "techniqueRuinaMontium": null, "techniqueRakeComb": null, "techniqueGoldWashing": null, "techniqueOther": null, "notes": null, "geology": null, "depositType": "Secondary", "exploitationType": "Selective", "Flag_Au_Oro": 1, "Status_Au_Oro": "Confirmado", "Flag_Ag_Plata": 0, "Status_Ag_Plata": "No", "Flag_Cu_Cobre": 0, "Status_Cu_Cobre": "No", "Flag_Pb_Plomo": 0, "Status_Pb_Plomo": "No", "Flag_Hg_Cinabrio": 0, "Status_Hg_Cinabrio": "No", "Flag_Sn_Estano": 0, "Status_Sn_Estano": "No", "Flag_Fe_Hierro": 0, "Status_Fe_Hierro": "No", "Tech_Ruina_Montium": 1, "Tech_Subterranea": 0, "Tech_Cielo_Abierto": 1, "Tech_Lavado_Placer": 0, "Certainty_Spatial": 0.85, "Certainty_Archaeological": 0.9, "Certainty_Metallogenic": 1.0, "Certainty_Score": 0.905, "Certainty_Grade": "Alta Certeza (Grado I)" }, "geometry": { "type": "Point", "coordinates": [ -6.647353, 42.409456 ] } },
{ "type": "Feature", "properties": { "mineID": 649, "site": "El Miédalo II", "ancientName": null, "province": "Hispania Tarraconensis", "country": "Spain", "region": "León", "miningDistrict": "Cuenca media del Sil", "romanianRANID": null, "sanchezPalenciaAndOrejasID": "MS-057", "domergueID": null, "spainMapSheet": null, "lambertX": null, "lambertY": null, "latitude": 42.404725, "longitude": -6.644943, "coordinateAccuracy": 500.0, "locationDataSource": "Guessed from Google Earth, IGN map, and Sanchez-Palencia and Orejas 1994, fig. 16", "locationNotes": null, "notBeforeOpeningDate": null, "notAfterOpeningDate": null, "notBeforeClosingDate": null, "notAfterClosingDate": null, "inUseDate": null, "metalMinedGold": "TRUE", "metalMinedSilver": 0.0, "metalMinedLead": 0.0, "metalMinedCopper": 0.0, "metalMinedTin": 0.0, "metalMinedIron": 0.0, "metalMinedMercuryCinnabar": 0.0, "metalMinedZinc": 0.0, "metalMinedOther": 0.0, "description": null, "references": "Sanchez-Palencia and Orejas 1994, 196", "techniqueOpencast": 1.0, "techniqueUnderground": 0.0, "techniqueHydraulic": "TRUE", "techniqueHushing": null, "techniqueGroundSluicing": null, "techniqueRuinaMontium": null, "techniqueRakeComb": null, "techniqueGoldWashing": null, "techniqueOther": null, "notes": null, "geology": null, "depositType": "Secondary", "exploitationType": "Selective", "Flag_Au_Oro": 1, "Status_Au_Oro": "Confirmado", "Flag_Ag_Plata": 0, "Status_Ag_Plata": "No", "Flag_Cu_Cobre": 0, "Status_Cu_Cobre": "No", "Flag_Pb_Plomo": 0, "Status_Pb_Plomo": "No", "Flag_Hg_Cinabrio": 0, "Status_Hg_Cinabrio": "No", "Flag_Sn_Estano": 0, "Status_Sn_Estano": "No", "Flag_Fe_Hierro": 0, "Status_Fe_Hierro": "No", "Tech_Ruina_Montium": 1, "Tech_Subterranea": 0, "Tech_Cielo_Abierto": 1, "Tech_Lavado_Placer": 0, "Certainty_Spatial": 0.85, "Certainty_Archaeological": 0.9, "Certainty_Metallogenic": 1.0, "Certainty_Score": 0.905, "Certainty_Grade": "Alta Certeza (Grado I)" }, "geometry": { "type": "Point", "coordinates": [ -6.644943, 42.404725 ] } },
{ "type": "Feature", "properties": { "mineID": 653, "site": "El Pedregal / Las Medorras", "ancientName": null, "province": "Hispania Tarraconensis", "country": "Spain", "region": "León", "miningDistrict": "Cuenca media del Sil", "romanianRANID": null, "sanchezPalenciaAndOrejasID": "MS-054", "domergueID": "LE 14", "spainMapSheet": 157.0, "lambertX": 337.0, "lambertY": 888.3, "latitude": 42.5555517, "longitude": -6.891479513, "coordinateAccuracy": 100.0, "locationDataSource": "Converted in QGIS from Lambert coords, Madrid 1870", "locationNotes": "Domergue's \"El Pedregal \" = Sanchez-Palencia & Orejas \"Las Medorras\"", "notBeforeOpeningDate": null, "notAfterOpeningDate": null, "notBeforeClosingDate": null, "notAfterClosingDate": null, "inUseDate": null, "metalMinedGold": "TRUE", "metalMinedSilver": 0.0, "metalMinedLead": 0.0, "metalMinedCopper": 0.0, "metalMinedTin": 0.0, "metalMinedIron": 0.0, "metalMinedMercuryCinnabar": 0.0, "metalMinedZinc": 0.0, "metalMinedOther": 0.0, "description": null, "references": "Domergue 1990: 44; Sanchez-Palencia and Orejas 1994, 196", "techniqueOpencast": 1.0, "techniqueUnderground": 0.0, "techniqueHydraulic": "TRUE", "techniqueHushing": null, "techniqueGroundSluicing": null, "techniqueRuinaMontium": null, "techniqueRakeComb": null, "techniqueGoldWashing": null, "techniqueOther": null, "notes": null, "geology": "Terrace", "depositType": "Secondary", "exploitationType": "Extensive", "Flag_Au_Oro": 1, "Status_Au_Oro": "Confirmado", "Flag_Ag_Plata": 0, "Status_Ag_Plata": "No", "Flag_Cu_Cobre": 0, "Status_Cu_Cobre": "No", "Flag_Pb_Plomo": 0, "Status_Pb_Plomo": "No", "Flag_Hg_Cinabrio": 0, "Status_Hg_Cinabrio": "No", "Flag_Sn_Estano": 0, "Status_Sn_Estano": "No", "Flag_Fe_Hierro": 0, "Status_Fe_Hierro": "No", "Tech_Ruina_Montium": 1, "Tech_Subterranea": 0, "Tech_Cielo_Abierto": 1, "Tech_Lavado_Placer": 0, "Certainty_Spatial": 1.0, "Certainty_Archaeological": 1.0, "Certainty_Metallogenic": 1.0, "Certainty_Score": 1.0, "Certainty_Grade": "Alta Certeza (Grado I)" }, "geometry": { "type": "Point", "coordinates": [ -6.891479513, 42.5555517 ] } },
{ "type": "Feature", "properties": { "mineID": 661, "site": "El Plonción / Los Vallados - Las Simonas", "ancientName": null, "province": "Hispania Tarraconensis", "country": "Spain", "region": "León", "miningDistrict": "Cuenca Alta del Orbigo", "romanianRANID": null, "sanchezPalenciaAndOrejasID": "AO-16", "domergueID": "LE 46", "spainMapSheet": 128.0, "lambertX": 416.5, "lambertY": 903.5, "latitude": 42.7141919, "longitude": -5.928256284, "coordinateAccuracy": 100.0, "locationDataSource": "Converted in QGIS from Lambert coords, Madrid 1870", "locationNotes": null, "notBeforeOpeningDate": null, "notAfterOpeningDate": null, "notBeforeClosingDate": null, "notAfterClosingDate": null, "inUseDate": null, "metalMinedGold": "TRUE", "metalMinedSilver": 0.0, "metalMinedLead": 0.0, "metalMinedCopper": 0.0, "metalMinedTin": 0.0, "metalMinedIron": 0.0, "metalMinedMercuryCinnabar": 0.0, "metalMinedZinc": 0.0, "metalMinedOther": 0.0, "description": null, "references": "Domergue 1990: 42; Sanchez-Palencia and Orejas 1994, 189", "techniqueOpencast": 1.0, "techniqueUnderground": 0.0, "techniqueHydraulic": "TRUE", "techniqueHushing": null, "techniqueGroundSluicing": null, "techniqueRuinaMontium": null, "techniqueRakeComb": null, "techniqueGoldWashing": null, "techniqueOther": null, "notes": null, "geology": "Tertiary alluvium", "depositType": "Secondary", "exploitationType": "Extensive", "Flag_Au_Oro": 1, "Status_Au_Oro": "Confirmado", "Flag_Ag_Plata": 0, "Status_Ag_Plata": "No", "Flag_Cu_Cobre": 0, "Status_Cu_Cobre": "No", "Flag_Pb_Plomo": 0, "Status_Pb_Plomo": "No", "Flag_Hg_Cinabrio": 0, "Status_Hg_Cinabrio": "No", "Flag_Sn_Estano": 0, "Status_Sn_Estano": "No", "Flag_Fe_Hierro": 0, "Status_Fe_Hierro": "No", "Tech_Ruina_Montium": 1, "Tech_Subterranea": 0, "Tech_Cielo_Abierto": 1, "Tech_Lavado_Placer": 0, "Certainty_Spatial": 1.0, "Certainty_Archaeological": 1.0, "Certainty_Metallogenic": 1.0, "Certainty_Score": 1.0, "Certainty_Grade": "Alta Certeza (Grado I)" }, "geometry": { "type": "Point", "coordinates": [ -5.928256284, 42.7141919 ] } },
{ "type": "Feature", "properties": { "mineID": 662, "site": "El Prindero", "ancientName": null, "province": "Hispania Tarraconensis", "country": "Spain", "region": "León", "miningDistrict": "Cuenca Alta del Orbigo", "romanianRANID": null, "sanchezPalenciaAndOrejasID": "AO-13", "domergueID": null, "spainMapSheet": null, "lambertX": null, "lambertY": null, "latitude": 42.772139, "longitude": -5.937221, "coordinateAccuracy": 0.0, "locationDataSource": "Estimated from Sanchez-Palencia and Orejas 1994, fig. 15, and features on Google Earth", "locationNotes": null, "notBeforeOpeningDate": null, "notAfterOpeningDate": null, "notBeforeClosingDate": null, "notAfterClosingDate": null, "inUseDate": null, "metalMinedGold": "TRUE", "metalMinedSilver": 0.0, "metalMinedLead": 0.0, "metalMinedCopper": 0.0, "metalMinedTin": 0.0, "metalMinedIron": 0.0, "metalMinedMercuryCinnabar": 0.0, "metalMinedZinc": 0.0, "metalMinedOther": 0.0, "description": "Google Earth shows an area worked out by hushing or ground-sluicing; and a possible corona to the East.", "references": "Sanchez-Palencia and Orejas 1994, 188", "techniqueOpencast": 1.0, "techniqueUnderground": 0.0, "techniqueHydraulic": "TRUE", "techniqueHushing": null, "techniqueGroundSluicing": null, "techniqueRuinaMontium": null, "techniqueRakeComb": 0.0, "techniqueGoldWashing": 0.0, "techniqueOther": 0.0, "notes": null, "geology": null, "depositType": "Secondary", "exploitationType": "Extensive", "Flag_Au_Oro": 1, "Status_Au_Oro": "Confirmado", "Flag_Ag_Plata": 0, "Status_Ag_Plata": "No", "Flag_Cu_Cobre": 0, "Status_Cu_Cobre": "No", "Flag_Pb_Plomo": 0, "Status_Pb_Plomo": "No", "Flag_Hg_Cinabrio": 0, "Status_Hg_Cinabrio": "No", "Flag_Sn_Estano": 0, "Status_Sn_Estano": "No", "Flag_Fe_Hierro": 0, "Status_Fe_Hierro": "No", "Tech_Ruina_Montium": 1, "Tech_Subterranea": 0, "Tech_Cielo_Abierto": 1, "Tech_Lavado_Placer": 0, "Certainty_Spatial": 1.0, "Certainty_Archaeological": 0.9, "Certainty_Metallogenic": 1.0, "Certainty_Score": 0.965, "Certainty_Grade": "Alta Certeza (Grado I)" }, "geometry": { "type": "Point", "coordinates": [ -5.937221, 42.772139 ] } },
{ "type": "Feature", "properties": { "mineID": 663, "site": "El Regueral o Las Torcas", "ancientName": null, "province": "Hispania Tarraconensis", "country": "Spain", "region": "León", "miningDistrict": "Cuenca del Boeza", "romanianRANID": null, "sanchezPalenciaAndOrejasID": "BO-23", "domergueID": null, "spainMapSheet": null, "lambertX": null, "lambertY": null, "latitude": 42.579683, "longitude": -6.348329, "coordinateAccuracy": 200.0, "locationDataSource": "Estimated from Sanchez-Palencia and Orejas 1994, fig. 14, IGN map, and Google Earth", "locationNotes": null, "notBeforeOpeningDate": null, "notAfterOpeningDate": null, "notBeforeClosingDate": null, "notAfterClosingDate": null, "inUseDate": null, "metalMinedGold": "TRUE", "metalMinedSilver": 0.0, "metalMinedLead": 0.0, "metalMinedCopper": 0.0, "metalMinedTin": 0.0, "metalMinedIron": 0.0, "metalMinedMercuryCinnabar": 0.0, "metalMinedZinc": 0.0, "metalMinedOther": 0.0, "description": "Castro immediately adjacent to mine.", "references": "Sanchez-Palencia and Orejas 1994, 191", "techniqueOpencast": 1.0, "techniqueUnderground": 0.0, "techniqueHydraulic": "TRUE", "techniqueHushing": null, "techniqueGroundSluicing": null, "techniqueRuinaMontium": null, "techniqueRakeComb": null, "techniqueGoldWashing": null, "techniqueOther": null, "notes": null, "geology": null, "depositType": "Secondary", "exploitationType": "Extensive", "Flag_Au_Oro": 1, "Status_Au_Oro": "Confirmado", "Flag_Ag_Plata": 0, "Status_Ag_Plata": "No", "Flag_Cu_Cobre": 0, "Status_Cu_Cobre": "No", "Flag_Pb_Plomo": 0, "Status_Pb_Plomo": "No", "Flag_Hg_Cinabrio": 0, "Status_Hg_Cinabrio": "No", "Flag_Sn_Estano": 0, "Status_Sn_Estano": "No", "Flag_Fe_Hierro": 0, "Status_Fe_Hierro": "No", "Tech_Ruina_Montium": 1, "Tech_Subterranea": 0, "Tech_Cielo_Abierto": 1, "Tech_Lavado_Placer": 0, "Certainty_Spatial": 0.85, "Certainty_Archaeological": 0.9, "Certainty_Metallogenic": 1.0, "Certainty_Score": 0.905, "Certainty_Grade": "Alta Certeza (Grado I)" }, "geometry": { "type": "Point", "coordinates": [ -6.348329, 42.579683 ] } },
{ "type": "Feature", "properties": { "mineID": 664, "site": "El Revolveredo", "ancientName": null, "province": "Hispania Tarraconensis", "country": "Spain", "region": "León", "miningDistrict": "Cuenca del Boeza", "romanianRANID": null, "sanchezPalenciaAndOrejasID": "BO-30", "domergueID": null, "spainMapSheet": null, "lambertX": null, "lambertY": null, "latitude": 42.569888, "longitude": -6.50221, "coordinateAccuracy": 200.0, "locationDataSource": "Estimated from Sanchez-Palencia and Orejas 1994, fig. 14, IGN map, and Google Earth", "locationNotes": null, "notBeforeOpeningDate": null, "notAfterOpeningDate": null, "notBeforeClosingDate": null, "notAfterClosingDate": null, "inUseDate": null, "metalMinedGold": "TRUE", "metalMinedSilver": 0.0, "metalMinedLead": 0.0, "metalMinedCopper": 0.0, "metalMinedTin": 0.0, "metalMinedIron": 0.0, "metalMinedMercuryCinnabar": 0.0, "metalMinedZinc": 0.0, "metalMinedOther": 0.0, "description": null, "references": "Sanchez-Palencia and Orejas 1994, 191", "techniqueOpencast": 1.0, "techniqueUnderground": 0.0, "techniqueHydraulic": "TRUE", "techniqueHushing": null, "techniqueGroundSluicing": null, "techniqueRuinaMontium": null, "techniqueRakeComb": null, "techniqueGoldWashing": null, "techniqueOther": null, "notes": null, "geology": "Google Earth suggests that the site is developed in a shape similar to a corona on the slope of the hill", "depositType": "Secondary", "exploitationType": "Extensive", "Flag_Au_Oro": 1, "Status_Au_Oro": "Confirmado", "Flag_Ag_Plata": 0, "Status_Ag_Plata": "No", "Flag_Cu_Cobre": 0, "Status_Cu_Cobre": "No", "Flag_Pb_Plomo": 0, "Status_Pb_Plomo": "No", "Flag_Hg_Cinabrio": 0, "Status_Hg_Cinabrio": "No", "Flag_Sn_Estano": 0, "Status_Sn_Estano": "No", "Flag_Fe_Hierro": 0, "Status_Fe_Hierro": "No", "Tech_Ruina_Montium": 1, "Tech_Subterranea": 0, "Tech_Cielo_Abierto": 1, "Tech_Lavado_Placer": 0, "Certainty_Spatial": 0.85, "Certainty_Archaeological": 0.9, "Certainty_Metallogenic": 1.0, "Certainty_Score": 0.905, "Certainty_Grade": "Alta Certeza (Grado I)" }, "geometry": { "type": "Point", "coordinates": [ -6.50221, 42.569888 ] } },
{ "type": "Feature", "properties": { "mineID": 670, "site": "El Soutón", "ancientName": null, "province": "Hispania Tarraconensis", "country": "Spain", "region": "Oviedo", "miningDistrict": "Cuenca del Navia", "romanianRANID": null, "sanchezPalenciaAndOrejasID": "NV-76", "domergueID": null, "spainMapSheet": null, "lambertX": null, "lambertY": null, "latitude": 43.351726, "longitude": -6.693113, "coordinateAccuracy": 500.0, "locationDataSource": "Guessed from Sanchez-Palencia and Orejas 1994, fig. 13; and Google Earth.", "locationNotes": null, "notBeforeOpeningDate": null, "notAfterOpeningDate": null, "notBeforeClosingDate": null, "notAfterClosingDate": null, "inUseDate": null, "metalMinedGold": "TRUE", "metalMinedSilver": 0.0, "metalMinedLead": 0.0, "metalMinedCopper": 0.0, "metalMinedTin": 0.0, "metalMinedIron": 0.0, "metalMinedMercuryCinnabar": 0.0, "metalMinedZinc": 0.0, "metalMinedOther": 0.0, "description": null, "references": "Sanchez-Palencia and Orejas 1994, 201", "techniqueOpencast": 1.0, "techniqueUnderground": 0.0, "techniqueHydraulic": "TRUE", "techniqueHushing": "TRUE", "techniqueGroundSluicing": "FALSE", "techniqueRuinaMontium": 0.0, "techniqueRakeComb": 0.0, "techniqueGoldWashing": 0.0, "techniqueOther": 0.0, "notes": null, "geology": null, "depositType": "Secondary", "exploitationType": "Selective", "Flag_Au_Oro": 1, "Status_Au_Oro": "Confirmado", "Flag_Ag_Plata": 0, "Status_Ag_Plata": "No", "Flag_Cu_Cobre": 0, "Status_Cu_Cobre": "No", "Flag_Pb_Plomo": 0, "Status_Pb_Plomo": "No", "Flag_Hg_Cinabrio": 0, "Status_Hg_Cinabrio": "No", "Flag_Sn_Estano": 0, "Status_Sn_Estano": "No", "Flag_Fe_Hierro": 0, "Status_Fe_Hierro": "No", "Tech_Ruina_Montium": 1, "Tech_Subterranea": 0, "Tech_Cielo_Abierto": 1, "Tech_Lavado_Placer": 0, "Certainty_Spatial": 0.85, "Certainty_Archaeological": 0.9, "Certainty_Metallogenic": 1.0, "Certainty_Score": 0.905, "Certainty_Grade": "Alta Certeza (Grado I)" }, "geometry": { "type": "Point", "coordinates": [ -6.693113, 43.351726 ] } },
{ "type": "Feature", "properties": { "mineID": 672, "site": "El Taragudo o Valdolla", "ancientName": null, "province": "Hispania Tarraconensis", "country": "Spain", "region": "León", "miningDistrict": "Cuenca del Boeza", "romanianRANID": null, "sanchezPalenciaAndOrejasID": "BO-19", "domergueID": null, "spainMapSheet": null, "lambertX": null, "lambertY": null, "latitude": 42.613897, "longitude": -6.329689, "coordinateAccuracy": 100.0, "locationDataSource": "Estimated from Sanchez-Palencia and Orejas 1994, fig. 14, IGN map, and Google Earth", "locationNotes": null, "notBeforeOpeningDate": null, "notAfterOpeningDate": null, "notBeforeClosingDate": null, "notAfterClosingDate": null, "inUseDate": null, "metalMinedGold": "TRUE", "metalMinedSilver": 0.0, "metalMinedLead": 0.0, "metalMinedCopper": 0.0, "metalMinedTin": 0.0, "metalMinedIron": 0.0, "metalMinedMercuryCinnabar": 0.0, "metalMinedZinc": 0.0, "metalMinedOther": 0.0, "description": "Google Earth suggests that the mine is adjacent to/imbircated with a corona.", "references": "Sanchez-Palencia and Orejas 1994, 191", "techniqueOpencast": 1.0, "techniqueUnderground": 0.0, "techniqueHydraulic": "TRUE", "techniqueHushing": null, "techniqueGroundSluicing": null, "techniqueRuinaMontium": null, "techniqueRakeComb": null, "techniqueGoldWashing": null, "techniqueOther": null, "notes": null, "geology": null, "depositType": "Secondary", "exploitationType": "Extensive", "Flag_Au_Oro": 1, "Status_Au_Oro": "Confirmado", "Flag_Ag_Plata": 0, "Status_Ag_Plata": "No", "Flag_Cu_Cobre": 0, "Status_Cu_Cobre": "No", "Flag_Pb_Plomo": 0, "Status_Pb_Plomo": "No", "Flag_Hg_Cinabrio": 0, "Status_Hg_Cinabrio": "No", "Flag_Sn_Estano": 0, "Status_Sn_Estano": "No", "Flag_Fe_Hierro": 0, "Status_Fe_Hierro": "No", "Tech_Ruina_Montium": 1, "Tech_Subterranea": 0, "Tech_Cielo_Abierto": 1, "Tech_Lavado_Placer": 0, "Certainty_Spatial": 1.0, "Certainty_Archaeological": 0.9, "Certainty_Metallogenic": 1.0, "Certainty_Score": 0.965, "Certainty_Grade": "Alta Certeza (Grado I)" }, "geometry": { "type": "Point", "coordinates": [ -6.329689, 42.613897 ] } },
{ "type": "Feature", "properties": { "mineID": 673, "site": "El Turialego", "ancientName": null, "province": "Hispania Tarraconensis", "country": "Spain", "region": "León", "miningDistrict": "Cuenca del Boeza", "romanianRANID": null, "sanchezPalenciaAndOrejasID": "BO-14", "domergueID": null, "spainMapSheet": null, "lambertX": null, "lambertY": null, "latitude": 42.649237, "longitude": -6.373113, "coordinateAccuracy": 500.0, "locationDataSource": "Estimated from Sanchez-Palencia and Orejas 1994, fig. 14, IGN map, and Google Earth", "locationNotes": null, "notBeforeOpeningDate": null, "notAfterOpeningDate": null, "notBeforeClosingDate": null, "notAfterClosingDate": null, "inUseDate": null, "metalMinedGold": "TRUE", "metalMinedSilver": 0.0, "metalMinedLead": 0.0, "metalMinedCopper": 0.0, "metalMinedTin": 0.0, "metalMinedIron": 0.0, "metalMinedMercuryCinnabar": 0.0, "metalMinedZinc": 0.0, "metalMinedOther": 0.0, "description": null, "references": "Sanchez-Palencia and Orejas 1994, 191", "techniqueOpencast": 1.0, "techniqueUnderground": 0.0, "techniqueHydraulic": "TRUE", "techniqueHushing": null, "techniqueGroundSluicing": null, "techniqueRuinaMontium": null, "techniqueRakeComb": null, "techniqueGoldWashing": null, "techniqueOther": null, "notes": null, "geology": null, "depositType": "Secondary", "exploitationType": "Extensive", "Flag_Au_Oro": 1, "Status_Au_Oro": "Confirmado", "Flag_Ag_Plata": 0, "Status_Ag_Plata": "No", "Flag_Cu_Cobre": 0, "Status_Cu_Cobre": "No", "Flag_Pb_Plomo": 0, "Status_Pb_Plomo": "No", "Flag_Hg_Cinabrio": 0, "Status_Hg_Cinabrio": "No", "Flag_Sn_Estano": 0, "Status_Sn_Estano": "No", "Flag_Fe_Hierro": 0, "Status_Fe_Hierro": "No", "Tech_Ruina_Montium": 1, "Tech_Subterranea": 0, "Tech_Cielo_Abierto": 1, "Tech_Lavado_Placer": 0, "Certainty_Spatial": 0.85, "Certainty_Archaeological": 0.9, "Certainty_Metallogenic": 1.0, "Certainty_Score": 0.905, "Certainty_Grade": "Alta Certeza (Grado I)" }, "geometry": { "type": "Point", "coordinates": [ -6.373113, 42.649237 ] } },
{ "type": "Feature", "properties": { "mineID": 674, "site": "El Valgón", "ancientName": null, "province": "Hispania Tarraconensis", "country": "Spain", "region": "León", "miningDistrict": "Cuencas de Cúa y Burbia", "romanianRANID": null, "sanchezPalenciaAndOrejasID": "CB-03", "domergueID": null, "spainMapSheet": null, "lambertX": null, "lambertY": null, "latitude": 42.742404, "longitude": -6.665571, "coordinateAccuracy": 1000.0, "locationDataSource": "Estimated from Sanchez-Palencia and Orejas 1994, fig. 14, and Google Earth", "locationNotes": null, "notBeforeOpeningDate": null, "notAfterOpeningDate": null, "notBeforeClosingDate": null, "notAfterClosingDate": null, "inUseDate": null, "metalMinedGold": "TRUE", "metalMinedSilver": 0.0, "metalMinedLead": 0.0, "metalMinedCopper": 0.0, "metalMinedTin": 0.0, "metalMinedIron": 0.0, "metalMinedMercuryCinnabar": 0.0, "metalMinedZinc": 0.0, "metalMinedOther": 0.0, "description": null, "references": "Sanchez-Palencia and Orejas 1994, 191", "techniqueOpencast": 1.0, "techniqueUnderground": 0.0, "techniqueHydraulic": "TRUE", "techniqueHushing": null, "techniqueGroundSluicing": null, "techniqueRuinaMontium": null, "techniqueRakeComb": null, "techniqueGoldWashing": null, "techniqueOther": null, "notes": null, "geology": null, "depositType": "Secondary", "exploitationType": "Extensive", "Flag_Au_Oro": 1, "Status_Au_Oro": "Confirmado", "Flag_Ag_Plata": 0, "Status_Ag_Plata": "No", "Flag_Cu_Cobre": 0, "Status_Cu_Cobre": "No", "Flag_Pb_Plomo": 0, "Status_Pb_Plomo": "No", "Flag_Hg_Cinabrio": 0, "Status_Hg_Cinabrio": "No", "Flag_Sn_Estano": 0, "Status_Sn_Estano": "No", "Flag_Fe_Hierro": 0, "Status_Fe_Hierro": "No", "Tech_Ruina_Montium": 1, "Tech_Subterranea": 0, "Tech_Cielo_Abierto": 1, "Tech_Lavado_Placer": 0, "Certainty_Spatial": 0.7, "Certainty_Archaeological": 0.9, "Certainty_Metallogenic": 1.0, "Certainty_Score": 0.845, "Certainty_Grade": "Alta Certeza (Grado I)" }, "geometry": { "type": "Point", "coordinates": [ -6.665571, 42.742404 ] } },
{ "type": "Feature", "properties": { "mineID": 675, "site": "El Vallejo del Castro (La Chana) - Valdedillo - Peña Ceterera", "ancientName": null, "province": "Hispania Tarraconensis", "country": "Spain", "region": "León", "miningDistrict": "Valduerna", "romanianRANID": null, "sanchezPalenciaAndOrejasID": "DU-06", "domergueID": null, "spainMapSheet": null, "lambertX": null, "lambertY": null, "latitude": 42.360782, "longitude": -6.335473, "coordinateAccuracy": 200.0, "locationDataSource": "Estimated from Sanchez-Palencia and Orejas 1994, fig. 17 and Google Earth", "locationNotes": null, "notBeforeOpeningDate": null, "notAfterOpeningDate": null, "notBeforeClosingDate": null, "notAfterClosingDate": null, "inUseDate": null, "metalMinedGold": "TRUE", "metalMinedSilver": 0.0, "metalMinedLead": 0.0, "metalMinedCopper": 0.0, "metalMinedTin": 0.0, "metalMinedIron": 0.0, "metalMinedMercuryCinnabar": 0.0, "metalMinedZinc": 0.0, "metalMinedOther": 0.0, "description": "Numerous channels and stone dumps from ground sluicing, visible on Google Earth.", "references": "Sanchez-Palencia and Orejas 1994, 192", "techniqueOpencast": 1.0, "techniqueUnderground": 0.0, "techniqueHydraulic": "TRUE", "techniqueHushing": "FALSE", "techniqueGroundSluicing": "TRUE", "techniqueRuinaMontium": 0.0, "techniqueRakeComb": 0.0, "techniqueGoldWashing": 0.0, "techniqueOther": 0.0, "notes": null, "geology": null, "depositType": "Secondary", "exploitationType": "Selective - Extensive", "Flag_Au_Oro": 1, "Status_Au_Oro": "Confirmado", "Flag_Ag_Plata": 0, "Status_Ag_Plata": "No", "Flag_Cu_Cobre": 0, "Status_Cu_Cobre": "No", "Flag_Pb_Plomo": 0, "Status_Pb_Plomo": "No", "Flag_Hg_Cinabrio": 0, "Status_Hg_Cinabrio": "No", "Flag_Sn_Estano": 0, "Status_Sn_Estano": "No", "Flag_Fe_Hierro": 0, "Status_Fe_Hierro": "No", "Tech_Ruina_Montium": 1, "Tech_Subterranea": 0, "Tech_Cielo_Abierto": 1, "Tech_Lavado_Placer": 0, "Certainty_Spatial": 0.85, "Certainty_Archaeological": 0.9, "Certainty_Metallogenic": 1.0, "Certainty_Score": 0.905, "Certainty_Grade": "Alta Certeza (Grado I)" }, "geometry": { "type": "Point", "coordinates": [ -6.335473, 42.360782 ] } },
{ "type": "Feature", "properties": { "mineID": 677, "site": "Entrepeñas", "ancientName": null, "province": "Hispania Tarraconensis", "country": "Spain", "region": "León", "miningDistrict": "Cuencas del Turienzo y Jerega", "romanianRANID": null, "sanchezPalenciaAndOrejasID": "TJ-28", "domergueID": null, "spainMapSheet": null, "lambertX": null, "lambertY": null, "latitude": 42.487623, "longitude": -6.211819, "coordinateAccuracy": 500.0, "locationDataSource": "Estimated from Sanchez-Palencia and Orejas 1994, fig. 17 and Google Earth", "locationNotes": null, "notBeforeOpeningDate": null, "notAfterOpeningDate": null, "notBeforeClosingDate": null, "notAfterClosingDate": null, "inUseDate": null, "metalMinedGold": "TRUE", "metalMinedSilver": 0.0, "metalMinedLead": 0.0, "metalMinedCopper": 0.0, "metalMinedTin": 0.0, "metalMinedIron": 0.0, "metalMinedMercuryCinnabar": 0.0, "metalMinedZinc": 0.0, "metalMinedOther": 0.0, "description": null, "references": "Sanchez-Palencia and Orejas 1994, 202", "techniqueOpencast": 1.0, "techniqueUnderground": 0.0, "techniqueHydraulic": "TRUE", "techniqueHushing": null, "techniqueGroundSluicing": null, "techniqueRuinaMontium": null, "techniqueRakeComb": null, "techniqueGoldWashing": null, "techniqueOther": null, "notes": null, "geology": null, "depositType": "Secondary", "exploitationType": "Selective - Extensive", "Flag_Au_Oro": 1, "Status_Au_Oro": "Confirmado", "Flag_Ag_Plata": 0, "Status_Ag_Plata": "No", "Flag_Cu_Cobre": 0, "Status_Cu_Cobre": "No", "Flag_Pb_Plomo": 0, "Status_Pb_Plomo": "No", "Flag_Hg_Cinabrio": 0, "Status_Hg_Cinabrio": "No", "Flag_Sn_Estano": 0, "Status_Sn_Estano": "No", "Flag_Fe_Hierro": 0, "Status_Fe_Hierro": "No", "Tech_Ruina_Montium": 1, "Tech_Subterranea": 0, "Tech_Cielo_Abierto": 1, "Tech_Lavado_Placer": 0, "Certainty_Spatial": 0.85, "Certainty_Archaeological": 0.9, "Certainty_Metallogenic": 1.0, "Certainty_Score": 0.905, "Certainty_Grade": "Alta Certeza (Grado I)" }, "geometry": { "type": "Point", "coordinates": [ -6.211819, 42.487623 ] } },
{ "type": "Feature", "properties": { "mineID": 678, "site": "Ermita de Andamies", "ancientName": null, "province": "Hispania Tarraconensis", "country": "Spain", "region": "Oviedo", "miningDistrict": "Cuenca del Esba o Canero", "romanianRANID": null, "sanchezPalenciaAndOrejasID": "ES-05", "domergueID": "O 25", "spainMapSheet": 27.0, "lambertX": 370.6, "lambertY": 983.7, "latitude": 43.42387171, "longitude": -6.519398065, "coordinateAccuracy": 100.0, "locationDataSource": "Converted in QGIS from Lambert coords, Madrid 1870", "locationNotes": null, "notBeforeOpeningDate": null, "notAfterOpeningDate": null, "notBeforeClosingDate": null, "notAfterClosingDate": null, "inUseDate": null, "metalMinedGold": "TRUE", "metalMinedSilver": 0.0, "metalMinedLead": 0.0, "metalMinedCopper": 0.0, "metalMinedTin": 0.0, "metalMinedIron": 0.0, "metalMinedMercuryCinnabar": 0.0, "metalMinedZinc": 0.0, "metalMinedOther": 0.0, "description": null, "references": "Domergue 1990: 42; Sanchez-Palencia and Orejas 1994, 193", "techniqueOpencast": 1.0, "techniqueUnderground": 0.0, "techniqueHydraulic": "TRUE", "techniqueHushing": null, "techniqueGroundSluicing": null, "techniqueRuinaMontium": null, "techniqueRakeComb": null, "techniqueGoldWashing": null, "techniqueOther": null, "notes": null, "geology": "Hard rock", "depositType": "Secondary", "exploitationType": "Selective - Extensive", "Flag_Au_Oro": 1, "Status_Au_Oro": "Confirmado", "Flag_Ag_Plata": 0, "Status_Ag_Plata": "No", "Flag_Cu_Cobre": 0, "Status_Cu_Cobre": "No", "Flag_Pb_Plomo": 0, "Status_Pb_Plomo": "No", "Flag_Hg_Cinabrio": 0, "Status_Hg_Cinabrio": "No", "Flag_Sn_Estano": 0, "Status_Sn_Estano": "No", "Flag_Fe_Hierro": 0, "Status_Fe_Hierro": "No", "Tech_Ruina_Montium": 1, "Tech_Subterranea": 0, "Tech_Cielo_Abierto": 1, "Tech_Lavado_Placer": 0, "Certainty_Spatial": 1.0, "Certainty_Archaeological": 1.0, "Certainty_Metallogenic": 1.0, "Certainty_Score": 1.0, "Certainty_Grade": "Alta Certeza (Grado I)" }, "geometry": { "type": "Point", "coordinates": [ -6.519398065, 43.42387171 ] } },
{ "type": "Feature", "properties": { "mineID": 680, "site": "Ermita de la Estrella", "ancientName": null, "province": "Hispania Tarraconensis", "country": "Spain", "region": "León", "miningDistrict": "Bierzo", "romanianRANID": null, "sanchezPalenciaAndOrejasID": null, "domergueID": "LE 1", "spainMapSheet": 158.0, "lambertX": 350.8, "lambertY": 882.7, "latitude": 42.50950582, "longitude": -6.72119809, "coordinateAccuracy": 100.0, "locationDataSource": "Converted in QGIS from Lambert coords, Madrid 1870", "locationNotes": null, "notBeforeOpeningDate": null, "notAfterOpeningDate": null, "notBeforeClosingDate": null, "notAfterClosingDate": null, "inUseDate": null, "metalMinedGold": "TRUE", "metalMinedSilver": 0.0, "metalMinedLead": 0.0, "metalMinedCopper": 0.0, "metalMinedTin": 0.0, "metalMinedIron": 0.0, "metalMinedMercuryCinnabar": 0.0, "metalMinedZinc": 0.0, "metalMinedOther": 0.0, "description": null, "references": "Domergue 1990: 43", "techniqueOpencast": 0.0, "techniqueUnderground": 0.0, "techniqueHydraulic": "TRUE", "techniqueHushing": "FALSE", "techniqueGroundSluicing": "TRUE", "techniqueRuinaMontium": 0.0, "techniqueRakeComb": 0.0, "techniqueGoldWashing": 0.0, "techniqueOther": 0.0, "notes": null, "geology": "Tertiary alluvium", "depositType": null, "exploitationType": null, "Flag_Au_Oro": 1, "Status_Au_Oro": "Confirmado", "Flag_Ag_Plata": 0, "Status_Ag_Plata": "No", "Flag_Cu_Cobre": 0, "Status_Cu_Cobre": "No", "Flag_Pb_Plomo": 0, "Status_Pb_Plomo": "No", "Flag_Hg_Cinabrio": 0, "Status_Hg_Cinabrio": "No", "Flag_Sn_Estano": 0, "Status_Sn_Estano": "No", "Flag_Fe_Hierro": 0, "Status_Fe_Hierro": "No", "Tech_Ruina_Montium": 1, "Tech_Subterranea": 0, "Tech_Cielo_Abierto": 0, "Tech_Lavado_Placer": 0, "Certainty_Spatial": 1.0, "Certainty_Archaeological": 0.9, "Certainty_Metallogenic": 1.0, "Certainty_Score": 0.965, "Certainty_Grade": "Alta Certeza (Grado I)" }, "geometry": { "type": "Point", "coordinates": [ -6.72119809, 42.50950582 ] } },
{ "type": "Feature", "properties": { "mineID": 686, "site": "Espinosa de la Ribera", "ancientName": null, "province": "Hispania Tarraconensis", "country": "Spain", "region": "León", "miningDistrict": "Cuenca Alta del Orbigo", "romanianRANID": null, "sanchezPalenciaAndOrejasID": "AO-34", "domergueID": null, "spainMapSheet": null, "lambertX": null, "lambertY": null, "latitude": 42.695854, "longitude": -5.803444, "coordinateAccuracy": 1000.0, "locationDataSource": "Guessed: possible opencast on Google Earth", "locationNotes": null, "notBeforeOpeningDate": null, "notAfterOpeningDate": null, "notBeforeClosingDate": null, "notAfterClosingDate": null, "inUseDate": null, "metalMinedGold": "TRUE", "metalMinedSilver": 0.0, "metalMinedLead": 0.0, "metalMinedCopper": 0.0, "metalMinedTin": 0.0, "metalMinedIron": 0.0, "metalMinedMercuryCinnabar": 0.0, "metalMinedZinc": 0.0, "metalMinedOther": 0.0, "description": null, "references": "Sanchez-Palencia and Orejas 1994, 189", "techniqueOpencast": 1.0, "techniqueUnderground": 0.0, "techniqueHydraulic": "TRUE", "techniqueHushing": null, "techniqueGroundSluicing": null, "techniqueRuinaMontium": null, "techniqueRakeComb": null, "techniqueGoldWashing": null, "techniqueOther": null, "notes": null, "geology": null, "depositType": "Secondary", "exploitationType": "Extensive", "Flag_Au_Oro": 1, "Status_Au_Oro": "Confirmado", "Flag_Ag_Plata": 0, "Status_Ag_Plata": "No", "Flag_Cu_Cobre": 0, "Status_Cu_Cobre": "No", "Flag_Pb_Plomo": 0, "Status_Pb_Plomo": "No", "Flag_Hg_Cinabrio": 0, "Status_Hg_Cinabrio": "No", "Flag_Sn_Estano": 0, "Status_Sn_Estano": "No", "Flag_Fe_Hierro": 0, "Status_Fe_Hierro": "No", "Tech_Ruina_Montium": 1, "Tech_Subterranea": 0, "Tech_Cielo_Abierto": 1, "Tech_Lavado_Placer": 0, "Certainty_Spatial": 0.7, "Certainty_Archaeological": 0.9, "Certainty_Metallogenic": 1.0, "Certainty_Score": 0.845, "Certainty_Grade": "Alta Certeza (Grado I)" }, "geometry": { "type": "Point", "coordinates": [ -5.803444, 42.695854 ] } },
{ "type": "Feature", "properties": { "mineID": 687, "site": "Espinoso de Compludo", "ancientName": null, "province": "Hispania Tarraconensis", "country": "Spain", "region": "León", "miningDistrict": "Cuenca del Boeza", "romanianRANID": null, "sanchezPalenciaAndOrejasID": "BO-31", "domergueID": "LE 36", "spainMapSheet": 192.0, "lambertX": 369.2, "lambertY": 881.0, "latitude": 42.49963508, "longitude": -6.496735864, "coordinateAccuracy": 100.0, "locationDataSource": "Converted in QGIS from Lambert coords, Madrid 1870", "locationNotes": null, "notBeforeOpeningDate": null, "notAfterOpeningDate": null, "notBeforeClosingDate": null, "notAfterClosingDate": null, "inUseDate": null, "metalMinedGold": "TRUE", "metalMinedSilver": 0.0, "metalMinedLead": 0.0, "metalMinedCopper": 0.0, "metalMinedTin": 0.0, "metalMinedIron": 0.0, "metalMinedMercuryCinnabar": 0.0, "metalMinedZinc": 0.0, "metalMinedOther": 0.0, "description": null, "references": "Domergue 1990: 43; Sanchez-Palencia and Orejas 1994, 191", "techniqueOpencast": 1.0, "techniqueUnderground": 0.0, "techniqueHydraulic": "TRUE", "techniqueHushing": "FALSE", "techniqueGroundSluicing": "TRUE", "techniqueRuinaMontium": 0.0, "techniqueRakeComb": 0.0, "techniqueGoldWashing": 0.0, "techniqueOther": 0.0, "notes": null, "geology": "Tertiary alluvium", "depositType": "Secondary", "exploitationType": "Extensive", "Flag_Au_Oro": 1, "Status_Au_Oro": "Confirmado", "Flag_Ag_Plata": 0, "Status_Ag_Plata": "No", "Flag_Cu_Cobre": 0, "Status_Cu_Cobre": "No", "Flag_Pb_Plomo": 0, "Status_Pb_Plomo": "No", "Flag_Hg_Cinabrio": 0, "Status_Hg_Cinabrio": "No", "Flag_Sn_Estano": 0, "Status_Sn_Estano": "No", "Flag_Fe_Hierro": 0, "Status_Fe_Hierro": "No", "Tech_Ruina_Montium": 1, "Tech_Subterranea": 0, "Tech_Cielo_Abierto": 1, "Tech_Lavado_Placer": 0, "Certainty_Spatial": 1.0, "Certainty_Archaeological": 1.0, "Certainty_Metallogenic": 1.0, "Certainty_Score": 1.0, "Certainty_Grade": "Alta Certeza (Grado I)" }, "geometry": { "type": "Point", "coordinates": [ -6.496735864, 42.49963508 ] } },
{ "type": "Feature", "properties": { "mineID": 694, "site": "Fana de Cornollo", "ancientName": null, "province": "Hispania Tarraconensis", "country": "Spain", "region": "Oviedo", "miningDistrict": "Cuenca del Navia", "romanianRANID": null, "sanchezPalenciaAndOrejasID": "NV-50", "domergueID": null, "spainMapSheet": null, "lambertX": null, "lambertY": null, "latitude": 43.164981, "longitude": -6.809488, "coordinateAccuracy": 1000.0, "locationDataSource": "Placename, Google Earth, and Sanchez-Palencia and Orejas 1994, fig. 13.", "locationNotes": null, "notBeforeOpeningDate": null, "notAfterOpeningDate": null, "notBeforeClosingDate": null, "notAfterClosingDate": null, "inUseDate": null, "metalMinedGold": "TRUE", "metalMinedSilver": 0.0, "metalMinedLead": 0.0, "metalMinedCopper": 0.0, "metalMinedTin": 0.0, "metalMinedIron": 0.0, "metalMinedMercuryCinnabar": 0.0, "metalMinedZinc": 0.0, "metalMinedOther": 0.0, "description": null, "references": "Sanchez-Palencia and Orejas 1994, 200", "techniqueOpencast": 1.0, "techniqueUnderground": 0.0, "techniqueHydraulic": "TRUE", "techniqueHushing": null, "techniqueGroundSluicing": null, "techniqueRuinaMontium": null, "techniqueRakeComb": null, "techniqueGoldWashing": null, "techniqueOther": null, "notes": null, "geology": null, "depositType": "Secondary", "exploitationType": "Extensive", "Flag_Au_Oro": 1, "Status_Au_Oro": "Confirmado", "Flag_Ag_Plata": 0, "Status_Ag_Plata": "No", "Flag_Cu_Cobre": 0, "Status_Cu_Cobre": "No", "Flag_Pb_Plomo": 0, "Status_Pb_Plomo": "No", "Flag_Hg_Cinabrio": 0, "Status_Hg_Cinabrio": "No", "Flag_Sn_Estano": 0, "Status_Sn_Estano": "No", "Flag_Fe_Hierro": 0, "Status_Fe_Hierro": "No", "Tech_Ruina_Montium": 1, "Tech_Subterranea": 0, "Tech_Cielo_Abierto": 1, "Tech_Lavado_Placer": 0, "Certainty_Spatial": 0.7, "Certainty_Archaeological": 0.9, "Certainty_Metallogenic": 1.0, "Certainty_Score": 0.845, "Certainty_Grade": "Alta Certeza (Grado I)" }, "geometry": { "type": "Point", "coordinates": [ -6.809488, 43.164981 ] } },
{ "type": "Feature", "properties": { "mineID": 695, "site": "Fana de la Freita (Alto del Palo)", "ancientName": null, "province": "Hispania Tarraconensis", "country": "Spain", "region": "Oviedo", "miningDistrict": "Cuenca del Navia", "romanianRANID": null, "sanchezPalenciaAndOrejasID": "NV-35", "domergueID": "O 5", "spainMapSheet": 50.0, "lambertX": 356.5, "lambertY": 968.5, "latitude": 43.28598263, "longitude": -6.67932256, "coordinateAccuracy": 0.0, "locationDataSource": "Google Earth", "locationNotes": null, "notBeforeOpeningDate": null, "notAfterOpeningDate": null, "notBeforeClosingDate": null, "notAfterClosingDate": null, "inUseDate": null, "metalMinedGold": "TRUE", "metalMinedSilver": 0.0, "metalMinedLead": 0.0, "metalMinedCopper": 0.0, "metalMinedTin": 0.0, "metalMinedIron": 0.0, "metalMinedMercuryCinnabar": 0.0, "metalMinedZinc": 0.0, "metalMinedOther": 0.0, "description": "Large and deep opencast fed by multiple aqueducts, with hushing tanks.", "references": "Domergue 1990: 42; Sanchez-Palencia and Orejas 1994, 200", "techniqueOpencast": 1.0, "techniqueUnderground": 0.0, "techniqueHydraulic": "TRUE", "techniqueHushing": "TRUE", "techniqueGroundSluicing": "FALSE", "techniqueRuinaMontium": 0.0, "techniqueRakeComb": 0.0, "techniqueGoldWashing": 0.0, "techniqueOther": 0.0, "notes": null, "geology": "Hard rock and colluvium", "depositType": "Secondary - Primary", "exploitationType": "Selective - Extensive", "Flag_Au_Oro": 1, "Status_Au_Oro": "Confirmado", "Flag_Ag_Plata": 0, "Status_Ag_Plata": "No", "Flag_Cu_Cobre": 0, "Status_Cu_Cobre": "No", "Flag_Pb_Plomo": 0, "Status_Pb_Plomo": "No", "Flag_Hg_Cinabrio": 0, "Status_Hg_Cinabrio": "No", "Flag_Sn_Estano": 0, "Status_Sn_Estano": "No", "Flag_Fe_Hierro": 0, "Status_Fe_Hierro": "No", "Tech_Ruina_Montium": 1, "Tech_Subterranea": 0, "Tech_Cielo_Abierto": 1, "Tech_Lavado_Placer": 0, "Certainty_Spatial": 1.0, "Certainty_Archaeological": 1.0, "Certainty_Metallogenic": 1.0, "Certainty_Score": 1.0, "Certainty_Grade": "Alta Certeza (Grado I)" }, "geometry": { "type": "Point", "coordinates": [ -6.67932256, 43.28598263 ] } },
{ "type": "Feature", "properties": { "mineID": 698, "site": "Ferreras", "ancientName": null, "province": "Hispania Tarraconensis", "country": "Spain", "region": "León", "miningDistrict": "Cuenca Alta del Orbigo", "romanianRANID": null, "sanchezPalenciaAndOrejasID": "AO-20", "domergueID": null, "spainMapSheet": null, "lambertX": null, "lambertY": null, "latitude": 42.641296, "longitude": -5.943973, "coordinateAccuracy": 0.0, "locationDataSource": "Guessed: opencasts on Google Earth", "locationNotes": null, "notBeforeOpeningDate": null, "notAfterOpeningDate": null, "notBeforeClosingDate": null, "notAfterClosingDate": null, "inUseDate": null, "metalMinedGold": "TRUE", "metalMinedSilver": 0.0, "metalMinedLead": 0.0, "metalMinedCopper": 0.0, "metalMinedTin": 0.0, "metalMinedIron": 0.0, "metalMinedMercuryCinnabar": 0.0, "metalMinedZinc": 0.0, "metalMinedOther": 0.0, "description": null, "references": "Sanchez-Palencia and Orejas 1994, 189", "techniqueOpencast": 1.0, "techniqueUnderground": 0.0, "techniqueHydraulic": "TRUE", "techniqueHushing": null, "techniqueGroundSluicing": null, "techniqueRuinaMontium": null, "techniqueRakeComb": null, "techniqueGoldWashing": null, "techniqueOther": null, "notes": null, "geology": null, "depositType": "Secondary", "exploitationType": "Extensive", "Flag_Au_Oro": 1, "Status_Au_Oro": "Confirmado", "Flag_Ag_Plata": 0, "Status_Ag_Plata": "No", "Flag_Cu_Cobre": 0, "Status_Cu_Cobre": "No", "Flag_Pb_Plomo": 0, "Status_Pb_Plomo": "No", "Flag_Hg_Cinabrio": 0, "Status_Hg_Cinabrio": "No", "Flag_Sn_Estano": 0, "Status_Sn_Estano": "No", "Flag_Fe_Hierro": 0, "Status_Fe_Hierro": "No", "Tech_Ruina_Montium": 1, "Tech_Subterranea": 0, "Tech_Cielo_Abierto": 1, "Tech_Lavado_Placer": 0, "Certainty_Spatial": 1.0, "Certainty_Archaeological": 0.9, "Certainty_Metallogenic": 1.0, "Certainty_Score": 0.965, "Certainty_Grade": "Alta Certeza (Grado I)" }, "geometry": { "type": "Point", "coordinates": [ -5.943973, 42.641296 ] } },
{ "type": "Feature", "properties": { "mineID": 699, "site": "Figueirido", "ancientName": null, "province": "Hispania Tarraconensis", "country": "Spain", "region": "Lugo", "miningDistrict": "Cuenca media del Sil", "romanianRANID": null, "sanchezPalenciaAndOrejasID": "MS-038", "domergueID": null, "spainMapSheet": null, "lambertX": null, "lambertY": null, "latitude": 42.415691, "longitude": -7.229515, "coordinateAccuracy": 1000.0, "locationDataSource": "Google Earth, placename", "locationNotes": null, "notBeforeOpeningDate": null, "notAfterOpeningDate": null, "notBeforeClosingDate": null, "notAfterClosingDate": null, "inUseDate": null, "metalMinedGold": "TRUE", "metalMinedSilver": 0.0, "metalMinedLead": 0.0, "metalMinedCopper": 0.0, "metalMinedTin": 0.0, "metalMinedIron": 0.0, "metalMinedMercuryCinnabar": 0.0, "metalMinedZinc": 0.0, "metalMinedOther": 0.0, "description": null, "references": "Sanchez-Palencia and Orejas 1994, 195", "techniqueOpencast": 1.0, "techniqueUnderground": 0.0, "techniqueHydraulic": "TRUE", "techniqueHushing": null, "techniqueGroundSluicing": null, "techniqueRuinaMontium": null, "techniqueRakeComb": null, "techniqueGoldWashing": null, "techniqueOther": null, "notes": null, "geology": null, "depositType": "Secondary", "exploitationType": "Extensive", "Flag_Au_Oro": 1, "Status_Au_Oro": "Confirmado", "Flag_Ag_Plata": 0, "Status_Ag_Plata": "No", "Flag_Cu_Cobre": 0, "Status_Cu_Cobre": "No", "Flag_Pb_Plomo": 0, "Status_Pb_Plomo": "No", "Flag_Hg_Cinabrio": 0, "Status_Hg_Cinabrio": "No", "Flag_Sn_Estano": 0, "Status_Sn_Estano": "No", "Flag_Fe_Hierro": 0, "Status_Fe_Hierro": "No", "Tech_Ruina_Montium": 1, "Tech_Subterranea": 0, "Tech_Cielo_Abierto": 1, "Tech_Lavado_Placer": 0, "Certainty_Spatial": 0.7, "Certainty_Archaeological": 0.9, "Certainty_Metallogenic": 1.0, "Certainty_Score": 0.845, "Certainty_Grade": "Alta Certeza (Grado I)" }, "geometry": { "type": "Point", "coordinates": [ -7.229515, 42.415691 ] } },
{ "type": "Feature", "properties": { "mineID": 705, "site": "Folgoso", "ancientName": null, "province": "Hispania Tarraconensis", "country": "Spain", "region": "Oviedo", "miningDistrict": "Cuenca del Navia", "romanianRANID": null, "sanchezPalenciaAndOrejasID": "NV-27", "domergueID": null, "spainMapSheet": null, "lambertX": null, "lambertY": null, "latitude": 43.05083, "longitude": -6.875523, "coordinateAccuracy": 500.0, "locationDataSource": "Google Earth, IGN map, and Sanchez-Palencia and Orejas 1994, fig. 13.", "locationNotes": null, "notBeforeOpeningDate": null, "notAfterOpeningDate": null, "notBeforeClosingDate": null, "notAfterClosingDate": null, "inUseDate": null, "metalMinedGold": "TRUE", "metalMinedSilver": 0.0, "metalMinedLead": 0.0, "metalMinedCopper": 0.0, "metalMinedTin": 0.0, "metalMinedIron": 0.0, "metalMinedMercuryCinnabar": 0.0, "metalMinedZinc": 0.0, "metalMinedOther": 0.0, "description": null, "references": "Sanchez-Palencia and Orejas 1994, 199", "techniqueOpencast": 1.0, "techniqueUnderground": 0.0, "techniqueHydraulic": "TRUE", "techniqueHushing": null, "techniqueGroundSluicing": null, "techniqueRuinaMontium": null, "techniqueRakeComb": null, "techniqueGoldWashing": null, "techniqueOther": null, "notes": null, "geology": null, "depositType": "Secondary", "exploitationType": "Extensive", "Flag_Au_Oro": 1, "Status_Au_Oro": "Confirmado", "Flag_Ag_Plata": 0, "Status_Ag_Plata": "No", "Flag_Cu_Cobre": 0, "Status_Cu_Cobre": "No", "Flag_Pb_Plomo": 0, "Status_Pb_Plomo": "No", "Flag_Hg_Cinabrio": 0, "Status_Hg_Cinabrio": "No", "Flag_Sn_Estano": 0, "Status_Sn_Estano": "No", "Flag_Fe_Hierro": 0, "Status_Fe_Hierro": "No", "Tech_Ruina_Montium": 1, "Tech_Subterranea": 0, "Tech_Cielo_Abierto": 1, "Tech_Lavado_Placer": 0, "Certainty_Spatial": 0.85, "Certainty_Archaeological": 0.9, "Certainty_Metallogenic": 1.0, "Certainty_Score": 0.905, "Certainty_Grade": "Alta Certeza (Grado I)" }, "geometry": { "type": "Point", "coordinates": [ -6.875523, 43.05083 ] } },
{ "type": "Feature", "properties": { "mineID": 709, "site": "Forcadas", "ancientName": null, "province": "Hispania Tarraconensis", "country": "Spain", "region": "Lugo", "miningDistrict": "Cuenca media del Sil", "romanianRANID": null, "sanchezPalenciaAndOrejasID": "MS-103", "domergueID": null, "spainMapSheet": null, "lambertX": null, "lambertY": null, "latitude": 42.587954, "longitude": -7.451319, "coordinateAccuracy": 500.0, "locationDataSource": "Google Earth and IGN map", "locationNotes": null, "notBeforeOpeningDate": null, "notAfterOpeningDate": null, "notBeforeClosingDate": null, "notAfterClosingDate": null, "inUseDate": null, "metalMinedGold": "TRUE", "metalMinedSilver": 0.0, "metalMinedLead": 0.0, "metalMinedCopper": 0.0, "metalMinedTin": 0.0, "metalMinedIron": 0.0, "metalMinedMercuryCinnabar": 0.0, "metalMinedZinc": 0.0, "metalMinedOther": 0.0, "description": null, "references": "Sanchez-Palencia and Orejas 1994, 197", "techniqueOpencast": 1.0, "techniqueUnderground": 0.0, "techniqueHydraulic": "TRUE", "techniqueHushing": null, "techniqueGroundSluicing": null, "techniqueRuinaMontium": null, "techniqueRakeComb": null, "techniqueGoldWashing": null, "techniqueOther": null, "notes": null, "geology": null, "depositType": "Secondary", "exploitationType": "Extensive", "Flag_Au_Oro": 1, "Status_Au_Oro": "Confirmado", "Flag_Ag_Plata": 0, "Status_Ag_Plata": "No", "Flag_Cu_Cobre": 0, "Status_Cu_Cobre": "No", "Flag_Pb_Plomo": 0, "Status_Pb_Plomo": "No", "Flag_Hg_Cinabrio": 0, "Status_Hg_Cinabrio": "No", "Flag_Sn_Estano": 0, "Status_Sn_Estano": "No", "Flag_Fe_Hierro": 0, "Status_Fe_Hierro": "No", "Tech_Ruina_Montium": 1, "Tech_Subterranea": 0, "Tech_Cielo_Abierto": 1, "Tech_Lavado_Placer": 0, "Certainty_Spatial": 0.85, "Certainty_Archaeological": 0.9, "Certainty_Metallogenic": 1.0, "Certainty_Score": 0.905, "Certainty_Grade": "Alta Certeza (Grado I)" }, "geometry": { "type": "Point", "coordinates": [ -7.451319, 42.587954 ] } },
{ "type": "Feature", "properties": { "mineID": 713, "site": "Fornelos", "ancientName": null, "province": "Hispania Tarraconensis", "country": "Spain", "region": "Orense", "miningDistrict": "Cuenca del Bibei", "romanianRANID": null, "sanchezPalenciaAndOrejasID": "BI-03", "domergueID": null, "spainMapSheet": null, "lambertX": null, "lambertY": null, "latitude": 42.12365, "longitude": -7.17851, "coordinateAccuracy": 2000.0, "locationDataSource": "Google Earth, placename", "locationNotes": null, "notBeforeOpeningDate": null, "notAfterOpeningDate": null, "notBeforeClosingDate": null, "notAfterClosingDate": null, "inUseDate": null, "metalMinedGold": "TRUE", "metalMinedSilver": 0.0, "metalMinedLead": 0.0, "metalMinedCopper": 0.0, "metalMinedTin": 0.0, "metalMinedIron": 0.0, "metalMinedMercuryCinnabar": 0.0, "metalMinedZinc": 0.0, "metalMinedOther": 0.0, "description": null, "references": "Sanchez-Palencia and Orejas 1994, 190", "techniqueOpencast": 1.0, "techniqueUnderground": 0.0, "techniqueHydraulic": "TRUE", "techniqueHushing": null, "techniqueGroundSluicing": null, "techniqueRuinaMontium": null, "techniqueRakeComb": null, "techniqueGoldWashing": null, "techniqueOther": null, "notes": null, "geology": null, "depositType": "Secondary", "exploitationType": "Selective", "Flag_Au_Oro": 1, "Status_Au_Oro": "Confirmado", "Flag_Ag_Plata": 0, "Status_Ag_Plata": "No", "Flag_Cu_Cobre": 0, "Status_Cu_Cobre": "No", "Flag_Pb_Plomo": 0, "Status_Pb_Plomo": "No", "Flag_Hg_Cinabrio": 0, "Status_Hg_Cinabrio": "No", "Flag_Sn_Estano": 0, "Status_Sn_Estano": "No", "Flag_Fe_Hierro": 0, "Status_Fe_Hierro": "No", "Tech_Ruina_Montium": 1, "Tech_Subterranea": 0, "Tech_Cielo_Abierto": 1, "Tech_Lavado_Placer": 0, "Certainty_Spatial": 0.5, "Certainty_Archaeological": 0.9, "Certainty_Metallogenic": 1.0, "Certainty_Score": 0.765, "Certainty_Grade": "Media Certeza (Grado II)" }, "geometry": { "type": "Point", "coordinates": [ -7.17851, 42.12365 ] } },
{ "type": "Feature", "properties": { "mineID": 719, "site": "Fuentes Torres", "ancientName": null, "province": "Hispania Tarraconensis", "country": "Spain", "region": "León", "miningDistrict": "Cuenca del Boeza", "romanianRANID": null, "sanchezPalenciaAndOrejasID": "BO-05", "domergueID": null, "spainMapSheet": null, "lambertX": null, "lambertY": null, "latitude": 42.70861, "longitude": -6.380232, "coordinateAccuracy": 0.0, "locationDataSource": "Estimated from Sanchez-Palencia and Orejas 1994, fig. 14, IGN map, and Google Earth, refined by site visit 23/09/2021", "locationNotes": null, "notBeforeOpeningDate": null, "notAfterOpeningDate": null, "notBeforeClosingDate": null, "notAfterClosingDate": null, "inUseDate": null, "metalMinedGold": "TRUE", "metalMinedSilver": 0.0, "metalMinedLead": 0.0, "metalMinedCopper": 0.0, "metalMinedTin": 0.0, "metalMinedIron": 0.0, "metalMinedMercuryCinnabar": 0.0, "metalMinedZinc": 0.0, "metalMinedOther": 0.0, "description": null, "references": "Sanchez-Palencia and Orejas 1994, 190", "techniqueOpencast": 1.0, "techniqueUnderground": 0.0, "techniqueHydraulic": "TRUE", "techniqueHushing": "FALSE", "techniqueGroundSluicing": "TRUE", "techniqueRuinaMontium": 0.0, "techniqueRakeComb": 0.0, "techniqueGoldWashing": 0.0, "techniqueOther": 0.0, "notes": null, "geology": null, "depositType": "Secondary", "exploitationType": "Extensive", "Flag_Au_Oro": 1, "Status_Au_Oro": "Confirmado", "Flag_Ag_Plata": 0, "Status_Ag_Plata": "No", "Flag_Cu_Cobre": 0, "Status_Cu_Cobre": "No", "Flag_Pb_Plomo": 0, "Status_Pb_Plomo": "No", "Flag_Hg_Cinabrio": 0, "Status_Hg_Cinabrio": "No", "Flag_Sn_Estano": 0, "Status_Sn_Estano": "No", "Flag_Fe_Hierro": 0, "Status_Fe_Hierro": "No", "Tech_Ruina_Montium": 1, "Tech_Subterranea": 0, "Tech_Cielo_Abierto": 1, "Tech_Lavado_Placer": 0, "Certainty_Spatial": 1.0, "Certainty_Archaeological": 0.9, "Certainty_Metallogenic": 1.0, "Certainty_Score": 0.965, "Certainty_Grade": "Alta Certeza (Grado I)" }, "geometry": { "type": "Point", "coordinates": [ -6.380232, 42.70861 ] } },
{ "type": "Feature", "properties": { "mineID": 721, "site": "Gándara Mediana", "ancientName": null, "province": "Hispania Tarraconensis", "country": "Spain", "region": "León", "miningDistrict": "Cuenca del Boeza", "romanianRANID": null, "sanchezPalenciaAndOrejasID": "BO-28", "domergueID": null, "spainMapSheet": null, "lambertX": null, "lambertY": null, "latitude": 42.571448, "longitude": -6.446029, "coordinateAccuracy": 1000.0, "locationDataSource": "Estimated from Sanchez-Palencia and Orejas 1994, fig. 14, IGN map, and Google Earth", "locationNotes": null, "notBeforeOpeningDate": null, "notAfterOpeningDate": null, "notBeforeClosingDate": null, "notAfterClosingDate": null, "inUseDate": null, "metalMinedGold": "TRUE", "metalMinedSilver": 0.0, "metalMinedLead": 0.0, "metalMinedCopper": 0.0, "metalMinedTin": 0.0, "metalMinedIron": 0.0, "metalMinedMercuryCinnabar": 0.0, "metalMinedZinc": 0.0, "metalMinedOther": 0.0, "description": null, "references": "Sanchez-Palencia and Orejas 1994, 191", "techniqueOpencast": 1.0, "techniqueUnderground": 0.0, "techniqueHydraulic": "TRUE", "techniqueHushing": null, "techniqueGroundSluicing": null, "techniqueRuinaMontium": null, "techniqueRakeComb": null, "techniqueGoldWashing": null, "techniqueOther": null, "notes": null, "geology": null, "depositType": "Secondary", "exploitationType": "Extensive", "Flag_Au_Oro": 1, "Status_Au_Oro": "Confirmado", "Flag_Ag_Plata": 0, "Status_Ag_Plata": "No", "Flag_Cu_Cobre": 0, "Status_Cu_Cobre": "No", "Flag_Pb_Plomo": 0, "Status_Pb_Plomo": "No", "Flag_Hg_Cinabrio": 0, "Status_Hg_Cinabrio": "No", "Flag_Sn_Estano": 0, "Status_Sn_Estano": "No", "Flag_Fe_Hierro": 0, "Status_Fe_Hierro": "No", "Tech_Ruina_Montium": 1, "Tech_Subterranea": 0, "Tech_Cielo_Abierto": 1, "Tech_Lavado_Placer": 0, "Certainty_Spatial": 0.7, "Certainty_Archaeological": 0.9, "Certainty_Metallogenic": 1.0, "Certainty_Score": 0.845, "Certainty_Grade": "Alta Certeza (Grado I)" }, "geometry": { "type": "Point", "coordinates": [ -6.446029, 42.571448 ] } },
{ "type": "Feature", "properties": { "mineID": 722, "site": "Gargalellas", "ancientName": null, "province": "Hispania Tarraconensis", "country": "Spain", "region": "Oviedo", "miningDistrict": "Cuenca del Navia", "romanianRANID": null, "sanchezPalenciaAndOrejasID": "NV-65", "domergueID": null, "spainMapSheet": null, "lambertX": null, "lambertY": null, "latitude": 43.329492, "longitude": -6.694209, "coordinateAccuracy": 50.0, "locationDataSource": "Sanchez-Palencia and Orejas 1994, fig. 13; and Google Earth and IGN map.", "locationNotes": null, "notBeforeOpeningDate": null, "notAfterOpeningDate": null, "notBeforeClosingDate": null, "notAfterClosingDate": null, "inUseDate": null, "metalMinedGold": "TRUE", "metalMinedSilver": 0.0, "metalMinedLead": 0.0, "metalMinedCopper": 0.0, "metalMinedTin": 0.0, "metalMinedIron": 0.0, "metalMinedMercuryCinnabar": 0.0, "metalMinedZinc": 0.0, "metalMinedOther": 0.0, "description": null, "references": "Sanchez-Palencia and Orejas 1994, 200", "techniqueOpencast": 1.0, "techniqueUnderground": 0.0, "techniqueHydraulic": "TRUE", "techniqueHushing": "TRUE", "techniqueGroundSluicing": "FALSE", "techniqueRuinaMontium": 0.0, "techniqueRakeComb": 0.0, "techniqueGoldWashing": 0.0, "techniqueOther": 0.0, "notes": null, "geology": null, "depositType": "Secondary - Primary", "exploitationType": "Selective - Extensive", "Flag_Au_Oro": 1, "Status_Au_Oro": "Confirmado", "Flag_Ag_Plata": 0, "Status_Ag_Plata": "No", "Flag_Cu_Cobre": 0, "Status_Cu_Cobre": "No", "Flag_Pb_Plomo": 0, "Status_Pb_Plomo": "No", "Flag_Hg_Cinabrio": 0, "Status_Hg_Cinabrio": "No", "Flag_Sn_Estano": 0, "Status_Sn_Estano": "No", "Flag_Fe_Hierro": 0, "Status_Fe_Hierro": "No", "Tech_Ruina_Montium": 1, "Tech_Subterranea": 0, "Tech_Cielo_Abierto": 1, "Tech_Lavado_Placer": 0, "Certainty_Spatial": 1.0, "Certainty_Archaeological": 0.9, "Certainty_Metallogenic": 1.0, "Certainty_Score": 0.965, "Certainty_Grade": "Alta Certeza (Grado I)" }, "geometry": { "type": "Point", "coordinates": [ -6.694209, 43.329492 ] } },
{ "type": "Feature", "properties": { "mineID": 733, "site": "Guisatecha", "ancientName": null, "province": "Hispania Tarraconensis", "country": "Spain", "region": "León", "miningDistrict": "Cuenca Alta del Orbigo", "romanianRANID": null, "sanchezPalenciaAndOrejasID": "AO-11", "domergueID": null, "spainMapSheet": null, "lambertX": null, "lambertY": null, "latitude": 42.785404, "longitude": -6.009757, "coordinateAccuracy": 1000.0, "locationDataSource": "Guessed: placename on Google Earth", "locationNotes": null, "notBeforeOpeningDate": null, "notAfterOpeningDate": null, "notBeforeClosingDate": null, "notAfterClosingDate": null, "inUseDate": null, "metalMinedGold": "TRUE", "metalMinedSilver": 0.0, "metalMinedLead": 0.0, "metalMinedCopper": 0.0, "metalMinedTin": 0.0, "metalMinedIron": 0.0, "metalMinedMercuryCinnabar": 0.0, "metalMinedZinc": 0.0, "metalMinedOther": 0.0, "description": null, "references": "Sanchez-Palencia and Orejas 1994, 188", "techniqueOpencast": 1.0, "techniqueUnderground": 0.0, "techniqueHydraulic": "TRUE", "techniqueHushing": null, "techniqueGroundSluicing": null, "techniqueRuinaMontium": null, "techniqueRakeComb": null, "techniqueGoldWashing": null, "techniqueOther": null, "notes": null, "geology": null, "depositType": "Secondary", "exploitationType": "Selective", "Flag_Au_Oro": 1, "Status_Au_Oro": "Confirmado", "Flag_Ag_Plata": 0, "Status_Ag_Plata": "No", "Flag_Cu_Cobre": 0, "Status_Cu_Cobre": "No", "Flag_Pb_Plomo": 0, "Status_Pb_Plomo": "No", "Flag_Hg_Cinabrio": 0, "Status_Hg_Cinabrio": "No", "Flag_Sn_Estano": 0, "Status_Sn_Estano": "No", "Flag_Fe_Hierro": 0, "Status_Fe_Hierro": "No", "Tech_Ruina_Montium": 1, "Tech_Subterranea": 0, "Tech_Cielo_Abierto": 1, "Tech_Lavado_Placer": 0, "Certainty_Spatial": 0.7, "Certainty_Archaeological": 0.9, "Certainty_Metallogenic": 1.0, "Certainty_Score": 0.845, "Certainty_Grade": "Alta Certeza (Grado I)" }, "geometry": { "type": "Point", "coordinates": [ -6.009757, 42.785404 ] } },
{ "type": "Feature", "properties": { "mineID": 737, "site": "Hervederas / Río Bárcena", "ancientName": null, "province": "Hispania Tarraconensis", "country": "Spain", "region": "Oviedo", "miningDistrict": "Cuenca del Esba o Canero", "romanianRANID": null, "sanchezPalenciaAndOrejasID": "ES-13", "domergueID": "O 32", "spainMapSheet": 26.0, "lambertX": 368.65, "lambertY": 976.0, "latitude": 43.35408141, "longitude": -6.540409963, "coordinateAccuracy": 100.0, "locationDataSource": "Converted in QGIS from Lambert coords, Madrid 1870", "locationNotes": "Assumed that Domergue's  \"Hervederas\" = Sanchez Palencia & Orejas' \"Río Bárcena\" since locations roughly match", "notBeforeOpeningDate": null, "notAfterOpeningDate": null, "notBeforeClosingDate": null, "notAfterClosingDate": null, "inUseDate": null, "metalMinedGold": "TRUE", "metalMinedSilver": 0.0, "metalMinedLead": 0.0, "metalMinedCopper": 0.0, "metalMinedTin": 0.0, "metalMinedIron": 0.0, "metalMinedMercuryCinnabar": 0.0, "metalMinedZinc": 0.0, "metalMinedOther": 0.0, "description": null, "references": "Domergue 1990: 42; Sanchez-Palencia and Orejas 1994, 194", "techniqueOpencast": 1.0, "techniqueUnderground": 0.0, "techniqueHydraulic": "TRUE", "techniqueHushing": null, "techniqueGroundSluicing": null, "techniqueRuinaMontium": null, "techniqueRakeComb": null, "techniqueGoldWashing": null, "techniqueOther": null, "notes": null, "geology": "Hard rock and colluvium", "depositType": "Secondary", "exploitationType": "Selective", "Flag_Au_Oro": 1, "Status_Au_Oro": "Confirmado", "Flag_Ag_Plata": 0, "Status_Ag_Plata": "No", "Flag_Cu_Cobre": 0, "Status_Cu_Cobre": "No", "Flag_Pb_Plomo": 0, "Status_Pb_Plomo": "No", "Flag_Hg_Cinabrio": 0, "Status_Hg_Cinabrio": "No", "Flag_Sn_Estano": 0, "Status_Sn_Estano": "No", "Flag_Fe_Hierro": 0, "Status_Fe_Hierro": "No", "Tech_Ruina_Montium": 1, "Tech_Subterranea": 0, "Tech_Cielo_Abierto": 1, "Tech_Lavado_Placer": 0, "Certainty_Spatial": 1.0, "Certainty_Archaeological": 1.0, "Certainty_Metallogenic": 1.0, "Certainty_Score": 1.0, "Certainty_Grade": "Alta Certeza (Grado I)" }, "geometry": { "type": "Point", "coordinates": [ -6.540409963, 43.35408141 ] } },
{ "type": "Feature", "properties": { "mineID": 738, "site": "Horno de Arriba - Teso de la Collada", "ancientName": null, "province": "Hispania Tarraconensis", "country": "Spain", "region": "León", "miningDistrict": "Valduerna", "romanianRANID": null, "sanchezPalenciaAndOrejasID": "DU-10", "domergueID": null, "spainMapSheet": null, "lambertX": null, "lambertY": null, "latitude": 42.355029, "longitude": -6.304187, "coordinateAccuracy": 500.0, "locationDataSource": "Estimated from Sanchez-Palencia and Orejas 1994, fig. 17 and Google Earth", "locationNotes": null, "notBeforeOpeningDate": null, "notAfterOpeningDate": null, "notBeforeClosingDate": null, "notAfterClosingDate": null, "inUseDate": null, "metalMinedGold": "TRUE", "metalMinedSilver": 0.0, "metalMinedLead": 0.0, "metalMinedCopper": 0.0, "metalMinedTin": 0.0, "metalMinedIron": 0.0, "metalMinedMercuryCinnabar": 0.0, "metalMinedZinc": 0.0, "metalMinedOther": 0.0, "description": null, "references": "Sanchez-Palencia and Orejas 1994, 192", "techniqueOpencast": 1.0, "techniqueUnderground": 0.0, "techniqueHydraulic": "TRUE", "techniqueHushing": "FALSE", "techniqueGroundSluicing": "FALSE", "techniqueRuinaMontium": 0.0, "techniqueRakeComb": 0.0, "techniqueGoldWashing": 0.0, "techniqueOther": 0.0, "notes": null, "geology": null, "depositType": "Secondary", "exploitationType": "Selective - Extensive", "Flag_Au_Oro": 1, "Status_Au_Oro": "Confirmado", "Flag_Ag_Plata": 0, "Status_Ag_Plata": "No", "Flag_Cu_Cobre": 0, "Status_Cu_Cobre": "No", "Flag_Pb_Plomo": 0, "Status_Pb_Plomo": "No", "Flag_Hg_Cinabrio": 0, "Status_Hg_Cinabrio": "No", "Flag_Sn_Estano": 0, "Status_Sn_Estano": "No", "Flag_Fe_Hierro": 0, "Status_Fe_Hierro": "No", "Tech_Ruina_Montium": 1, "Tech_Subterranea": 0, "Tech_Cielo_Abierto": 1, "Tech_Lavado_Placer": 0, "Certainty_Spatial": 0.85, "Certainty_Archaeological": 0.9, "Certainty_Metallogenic": 1.0, "Certainty_Score": 0.905, "Certainty_Grade": "Alta Certeza (Grado I)" }, "geometry": { "type": "Point", "coordinates": [ -6.304187, 42.355029 ] } },
{ "type": "Feature", "properties": { "mineID": 739, "site": "Hoyo de la Campana", "ancientName": null, "province": "Hispania Tarraconensis", "country": "Spain", "region": "Granada", "miningDistrict": "Granada", "romanianRANID": null, "sanchezPalenciaAndOrejasID": null, "domergueID": "GR 2", "spainMapSheet": 1026.0, "lambertX": 612.3, "lambertY": 285.7, "latitude": 37.167656, "longitude": -3.551073, "coordinateAccuracy": 0.0, "locationDataSource": "Converted in QGIS from Lambert coords, Madrid 1870, checked on Google Earth and confirmed on site, Nov. 2017.", "locationNotes": null, "notBeforeOpeningDate": null, "notAfterOpeningDate": null, "notBeforeClosingDate": null, "notAfterClosingDate": null, "inUseDate": null, "metalMinedGold": "TRUE", "metalMinedSilver": 0.0, "metalMinedLead": 0.0, "metalMinedCopper": 0.0, "metalMinedTin": 0.0, "metalMinedIron": 0.0, "metalMinedMercuryCinnabar": 0.0, "metalMinedZinc": 0.0, "metalMinedOther": 0.0, "description": "Large alluvial ruina montium mine, with some reworking of the downhill parts in the late 19th century.", "references": "Domergue 1990: 64; García-Pulido 2008a; 2008b; 2011; 2014", "techniqueOpencast": 1.0, "techniqueUnderground": 0.0, "techniqueHydraulic": "TRUE", "techniqueHushing": "FALSE", "techniqueGroundSluicing": "FALSE", "techniqueRuinaMontium": 1.0, "techniqueRakeComb": 0.0, "techniqueGoldWashing": 0.0, "techniqueOther": 0.0, "notes": null, "geology": "Alluvial deposits", "depositType": "Secondary", "exploitationType": null, "Flag_Au_Oro": 1, "Status_Au_Oro": "Confirmado", "Flag_Ag_Plata": 0, "Status_Ag_Plata": "No", "Flag_Cu_Cobre": 0, "Status_Cu_Cobre": "No", "Flag_Pb_Plomo": 0, "Status_Pb_Plomo": "No", "Flag_Hg_Cinabrio": 0, "Status_Hg_Cinabrio": "No", "Flag_Sn_Estano": 0, "Status_Sn_Estano": "No", "Flag_Fe_Hierro": 0, "Status_Fe_Hierro": "No", "Tech_Ruina_Montium": 1, "Tech_Subterranea": 0, "Tech_Cielo_Abierto": 1, "Tech_Lavado_Placer": 0, "Certainty_Spatial": 1.0, "Certainty_Archaeological": 0.9, "Certainty_Metallogenic": 1.0, "Certainty_Score": 0.965, "Certainty_Grade": "Alta Certeza (Grado I)" }, "geometry": { "type": "Point", "coordinates": [ -3.551073, 37.167656 ] } },
{ "type": "Feature", "properties": { "mineID": 753, "site": "La Calabaza / Los Fuchacos - Matarrubia - Torneros", "ancientName": null, "province": "Hispania Tarraconensis", "country": "Spain", "region": "León", "miningDistrict": "Cuencas del Duerna y Jamuz", "romanianRANID": null, "sanchezPalenciaAndOrejasID": "DU-20", "domergueID": "LE 31", "spainMapSheet": 231.0, "lambertX": 394.8, "lambertY": 856.1, "latitude": 42.28235218, "longitude": -6.176901495, "coordinateAccuracy": 100.0, "locationDataSource": "Converted in QGIS from Lambert coords, Madrid 1870", "locationNotes": null, "notBeforeOpeningDate": null, "notAfterOpeningDate": null, "notBeforeClosingDate": null, "notAfterClosingDate": null, "inUseDate": null, "metalMinedGold": "TRUE", "metalMinedSilver": 0.0, "metalMinedLead": 0.0, "metalMinedCopper": 0.0, "metalMinedTin": 0.0, "metalMinedIron": 0.0, "metalMinedMercuryCinnabar": 0.0, "metalMinedZinc": 0.0, "metalMinedOther": 0.0, "description": null, "references": "Domergue 1990: 43; Sanchez-Palencia and Orejas 1994, 193", "techniqueOpencast": 1.0, "techniqueUnderground": 0.0, "techniqueHydraulic": "TRUE", "techniqueHushing": null, "techniqueGroundSluicing": null, "techniqueRuinaMontium": null, "techniqueRakeComb": null, "techniqueGoldWashing": null, "techniqueOther": null, "notes": null, "geology": "Terrace", "depositType": "Secondary", "exploitationType": "Selective", "Flag_Au_Oro": 1, "Status_Au_Oro": "Confirmado", "Flag_Ag_Plata": 0, "Status_Ag_Plata": "No", "Flag_Cu_Cobre": 0, "Status_Cu_Cobre": "No", "Flag_Pb_Plomo": 0, "Status_Pb_Plomo": "No", "Flag_Hg_Cinabrio": 0, "Status_Hg_Cinabrio": "No", "Flag_Sn_Estano": 0, "Status_Sn_Estano": "No", "Flag_Fe_Hierro": 0, "Status_Fe_Hierro": "No", "Tech_Ruina_Montium": 1, "Tech_Subterranea": 0, "Tech_Cielo_Abierto": 1, "Tech_Lavado_Placer": 0, "Certainty_Spatial": 1.0, "Certainty_Archaeological": 1.0, "Certainty_Metallogenic": 1.0, "Certainty_Score": 1.0, "Certainty_Grade": "Alta Certeza (Grado I)" }, "geometry": { "type": "Point", "coordinates": [ -6.176901495, 42.28235218 ] } },
{ "type": "Feature", "properties": { "mineID": 755, "site": "La Canalina", "ancientName": null, "province": "Hispania Tarraconensis", "country": "Spain", "region": "León", "miningDistrict": "Cuenca Alta del Tuerto", "romanianRANID": null, "sanchezPalenciaAndOrejasID": "AT-03", "domergueID": null, "spainMapSheet": null, "lambertX": null, "lambertY": null, "latitude": 42.598516, "longitude": -6.186611, "coordinateAccuracy": 500.0, "locationDataSource": "Estimated from Sanchez-Palencia and Orejas 1994, fig. 15, IGN map, and Google Earth", "locationNotes": null, "notBeforeOpeningDate": null, "notAfterOpeningDate": null, "notBeforeClosingDate": null, "notAfterClosingDate": null, "inUseDate": null, "metalMinedGold": "TRUE", "metalMinedSilver": 0.0, "metalMinedLead": 0.0, "metalMinedCopper": 0.0, "metalMinedTin": 0.0, "metalMinedIron": 0.0, "metalMinedMercuryCinnabar": 0.0, "metalMinedZinc": 0.0, "metalMinedOther": 0.0, "description": null, "references": "Sanchez-Palencia and Orejas 1994, 189", "techniqueOpencast": 1.0, "techniqueUnderground": 0.0, "techniqueHydraulic": "TRUE", "techniqueHushing": null, "techniqueGroundSluicing": null, "techniqueRuinaMontium": null, "techniqueRakeComb": null, "techniqueGoldWashing": null, "techniqueOther": null, "notes": null, "geology": null, "depositType": "Secondary", "exploitationType": "Extensive", "Flag_Au_Oro": 1, "Status_Au_Oro": "Confirmado", "Flag_Ag_Plata": 0, "Status_Ag_Plata": "No", "Flag_Cu_Cobre": 0, "Status_Cu_Cobre": "No", "Flag_Pb_Plomo": 0, "Status_Pb_Plomo": "No", "Flag_Hg_Cinabrio": 0, "Status_Hg_Cinabrio": "No", "Flag_Sn_Estano": 0, "Status_Sn_Estano": "No", "Flag_Fe_Hierro": 0, "Status_Fe_Hierro": "No", "Tech_Ruina_Montium": 1, "Tech_Subterranea": 0, "Tech_Cielo_Abierto": 1, "Tech_Lavado_Placer": 0, "Certainty_Spatial": 0.85, "Certainty_Archaeological": 0.9, "Certainty_Metallogenic": 1.0, "Certainty_Score": 0.905, "Certainty_Grade": "Alta Certeza (Grado I)" }, "geometry": { "type": "Point", "coordinates": [ -6.186611, 42.598516 ] } },
{ "type": "Feature", "properties": { "mineID": 757, "site": "La Carcabona de Larna", "ancientName": null, "province": "Hispania Tarraconensis", "country": "Spain", "region": "Oviedo", "miningDistrict": "Cuenca del Narcea", "romanianRANID": null, "sanchezPalenciaAndOrejasID": "NA-03", "domergueID": null, "spainMapSheet": null, "lambertX": null, "lambertY": null, "latitude": 43.07739, "longitude": -6.60234, "coordinateAccuracy": 500.0, "locationDataSource": "Estimated from Sanchez-Palencia and Orejas 1994, fig. 13, IGN map, and Google Earth", "locationNotes": null, "notBeforeOpeningDate": null, "notAfterOpeningDate": null, "notBeforeClosingDate": null, "notAfterClosingDate": null, "inUseDate": null, "metalMinedGold": "TRUE", "metalMinedSilver": 0.0, "metalMinedLead": 0.0, "metalMinedCopper": 0.0, "metalMinedTin": 0.0, "metalMinedIron": 0.0, "metalMinedMercuryCinnabar": 0.0, "metalMinedZinc": 0.0, "metalMinedOther": 0.0, "description": null, "references": "Sanchez-Palencia and Orejas 1994, 197", "techniqueOpencast": 1.0, "techniqueUnderground": 0.0, "techniqueHydraulic": "TRUE", "techniqueHushing": null, "techniqueGroundSluicing": null, "techniqueRuinaMontium": null, "techniqueRakeComb": null, "techniqueGoldWashing": null, "techniqueOther": null, "notes": null, "geology": null, "depositType": "Secondary", "exploitationType": "Extensive", "Flag_Au_Oro": 1, "Status_Au_Oro": "Confirmado", "Flag_Ag_Plata": 0, "Status_Ag_Plata": "No", "Flag_Cu_Cobre": 0, "Status_Cu_Cobre": "No", "Flag_Pb_Plomo": 0, "Status_Pb_Plomo": "No", "Flag_Hg_Cinabrio": 0, "Status_Hg_Cinabrio": "No", "Flag_Sn_Estano": 0, "Status_Sn_Estano": "No", "Flag_Fe_Hierro": 0, "Status_Fe_Hierro": "No", "Tech_Ruina_Montium": 1, "Tech_Subterranea": 0, "Tech_Cielo_Abierto": 1, "Tech_Lavado_Placer": 0, "Certainty_Spatial": 0.85, "Certainty_Archaeological": 0.9, "Certainty_Metallogenic": 1.0, "Certainty_Score": 0.905, "Certainty_Grade": "Alta Certeza (Grado I)" }, "geometry": { "type": "Point", "coordinates": [ -6.60234, 43.07739 ] } },
{ "type": "Feature", "properties": { "mineID": 760, "site": "La Chaquerona de Villavaser", "ancientName": null, "province": "Hispania Tarraconensis", "country": "Spain", "region": "Oviedo", "miningDistrict": "Cuenca del Narcea", "romanianRANID": null, "sanchezPalenciaAndOrejasID": "NA-28", "domergueID": null, "spainMapSheet": null, "lambertX": null, "lambertY": null, "latitude": 43.239908, "longitude": -6.5671, "coordinateAccuracy": 500.0, "locationDataSource": "Estimated from Sanchez-Palencia and Orejas 1994, fig. 13, IGN map, and Google Earth", "locationNotes": null, "notBeforeOpeningDate": null, "notAfterOpeningDate": null, "notBeforeClosingDate": null, "notAfterClosingDate": null, "inUseDate": null, "metalMinedGold": "TRUE", "metalMinedSilver": 0.0, "metalMinedLead": 0.0, "metalMinedCopper": 0.0, "metalMinedTin": 0.0, "metalMinedIron": 0.0, "metalMinedMercuryCinnabar": 0.0, "metalMinedZinc": 0.0, "metalMinedOther": 0.0, "description": null, "references": "Sanchez-Palencia and Orejas 1994, 197", "techniqueOpencast": 1.0, "techniqueUnderground": 0.0, "techniqueHydraulic": "TRUE", "techniqueHushing": null, "techniqueGroundSluicing": null, "techniqueRuinaMontium": null, "techniqueRakeComb": null, "techniqueGoldWashing": null, "techniqueOther": null, "notes": null, "geology": null, "depositType": "Secondary", "exploitationType": "Extensive", "Flag_Au_Oro": 1, "Status_Au_Oro": "Confirmado", "Flag_Ag_Plata": 0, "Status_Ag_Plata": "No", "Flag_Cu_Cobre": 0, "Status_Cu_Cobre": "No", "Flag_Pb_Plomo": 0, "Status_Pb_Plomo": "No", "Flag_Hg_Cinabrio": 0, "Status_Hg_Cinabrio": "No", "Flag_Sn_Estano": 0, "Status_Sn_Estano": "No", "Flag_Fe_Hierro": 0, "Status_Fe_Hierro": "No", "Tech_Ruina_Montium": 1, "Tech_Subterranea": 0, "Tech_Cielo_Abierto": 1, "Tech_Lavado_Placer": 0, "Certainty_Spatial": 0.85, "Certainty_Archaeological": 0.9, "Certainty_Metallogenic": 1.0, "Certainty_Score": 0.905, "Certainty_Grade": "Alta Certeza (Grado I)" }, "geometry": { "type": "Point", "coordinates": [ -6.5671, 43.239908 ] } },
{ "type": "Feature", "properties": { "mineID": 762, "site": "La Corona - Barrera Blanca", "ancientName": null, "province": "Hispania Tarraconensis", "country": "Spain", "region": "León", "miningDistrict": "Valduerna", "romanianRANID": null, "sanchezPalenciaAndOrejasID": "DU-13", "domergueID": null, "spainMapSheet": null, "lambertX": null, "lambertY": null, "latitude": 42.32887, "longitude": -6.294745, "coordinateAccuracy": 0.0, "locationDataSource": "Google Earth", "locationNotes": null, "notBeforeOpeningDate": null, "notAfterOpeningDate": null, "notBeforeClosingDate": null, "notAfterClosingDate": null, "inUseDate": null, "metalMinedGold": "TRUE", "metalMinedSilver": 0.0, "metalMinedLead": 0.0, "metalMinedCopper": 0.0, "metalMinedTin": 0.0, "metalMinedIron": 0.0, "metalMinedMercuryCinnabar": 0.0, "metalMinedZinc": 0.0, "metalMinedOther": 0.0, "description": "Extensive area of rake/comb workings along tributary of the Rio Duerna", "references": "Sanchez-Palencia and Orejas 1994, 192", "techniqueOpencast": 1.0, "techniqueUnderground": 0.0, "techniqueHydraulic": "TRUE", "techniqueHushing": "FALSE", "techniqueGroundSluicing": "TRUE", "techniqueRuinaMontium": 0.0, "techniqueRakeComb": 1.0, "techniqueGoldWashing": 0.0, "techniqueOther": 0.0, "notes": null, "geology": null, "depositType": "Secondary", "exploitationType": "Selective - Extensive", "Flag_Au_Oro": 1, "Status_Au_Oro": "Confirmado", "Flag_Ag_Plata": 0, "Status_Ag_Plata": "No", "Flag_Cu_Cobre": 0, "Status_Cu_Cobre": "No", "Flag_Pb_Plomo": 0, "Status_Pb_Plomo": "No", "Flag_Hg_Cinabrio": 0, "Status_Hg_Cinabrio": "No", "Flag_Sn_Estano": 0, "Status_Sn_Estano": "No", "Flag_Fe_Hierro": 0, "Status_Fe_Hierro": "No", "Tech_Ruina_Montium": 1, "Tech_Subterranea": 0, "Tech_Cielo_Abierto": 1, "Tech_Lavado_Placer": 0, "Certainty_Spatial": 1.0, "Certainty_Archaeological": 0.9, "Certainty_Metallogenic": 1.0, "Certainty_Score": 0.965, "Certainty_Grade": "Alta Certeza (Grado I)" }, "geometry": { "type": "Point", "coordinates": [ -6.294745, 42.32887 ] } },
{ "type": "Feature", "properties": { "mineID": 763, "site": "La Corona de la Torca", "ancientName": null, "province": "Hispania Tarraconensis", "country": "Spain", "region": "León", "miningDistrict": "Cuenca del Boeza", "romanianRANID": null, "sanchezPalenciaAndOrejasID": "BO-26", "domergueID": null, "spainMapSheet": null, "lambertX": null, "lambertY": null, "latitude": 42.58311, "longitude": -6.404319, "coordinateAccuracy": 200.0, "locationDataSource": "Estimated from Sanchez-Palencia and Orejas 1994, fig. 14, IGN map, and Google Earth", "locationNotes": null, "notBeforeOpeningDate": null, "notAfterOpeningDate": null, "notBeforeClosingDate": null, "notAfterClosingDate": null, "inUseDate": null, "metalMinedGold": "TRUE", "metalMinedSilver": 0.0, "metalMinedLead": 0.0, "metalMinedCopper": 0.0, "metalMinedTin": 0.0, "metalMinedIron": 0.0, "metalMinedMercuryCinnabar": 0.0, "metalMinedZinc": 0.0, "metalMinedOther": 0.0, "description": "Corona immediately adjacent to mine.", "references": "Sanchez-Palencia and Orejas 1994, 191", "techniqueOpencast": 1.0, "techniqueUnderground": 0.0, "techniqueHydraulic": "TRUE", "techniqueHushing": null, "techniqueGroundSluicing": null, "techniqueRuinaMontium": null, "techniqueRakeComb": null, "techniqueGoldWashing": null, "techniqueOther": null, "notes": null, "geology": null, "depositType": "Secondary", "exploitationType": "Extensive", "Flag_Au_Oro": 1, "Status_Au_Oro": "Confirmado", "Flag_Ag_Plata": 0, "Status_Ag_Plata": "No", "Flag_Cu_Cobre": 0, "Status_Cu_Cobre": "No", "Flag_Pb_Plomo": 0, "Status_Pb_Plomo": "No", "Flag_Hg_Cinabrio": 0, "Status_Hg_Cinabrio": "No", "Flag_Sn_Estano": 0, "Status_Sn_Estano": "No", "Flag_Fe_Hierro": 0, "Status_Fe_Hierro": "No", "Tech_Ruina_Montium": 1, "Tech_Subterranea": 0, "Tech_Cielo_Abierto": 1, "Tech_Lavado_Placer": 0, "Certainty_Spatial": 0.85, "Certainty_Archaeological": 0.9, "Certainty_Metallogenic": 1.0, "Certainty_Score": 0.905, "Certainty_Grade": "Alta Certeza (Grado I)" }, "geometry": { "type": "Point", "coordinates": [ -6.404319, 42.58311 ] } },
{ "type": "Feature", "properties": { "mineID": 764, "site": "La Corona de Valdecastrillo", "ancientName": null, "province": "Hispania Tarraconensis", "country": "Spain", "region": "León", "miningDistrict": "Cuenca del Boeza", "romanianRANID": null, "sanchezPalenciaAndOrejasID": "BO-25", "domergueID": null, "spainMapSheet": null, "lambertX": null, "lambertY": null, "latitude": 42.580209, "longitude": -6.390039, "coordinateAccuracy": 300.0, "locationDataSource": "Estimated from Sanchez-Palencia and Orejas 1994, fig. 14, IGN map, and Google Earth", "locationNotes": null, "notBeforeOpeningDate": null, "notAfterOpeningDate": null, "notBeforeClosingDate": null, "notAfterClosingDate": null, "inUseDate": null, "metalMinedGold": "TRUE", "metalMinedSilver": 0.0, "metalMinedLead": 0.0, "metalMinedCopper": 0.0, "metalMinedTin": 0.0, "metalMinedIron": 0.0, "metalMinedMercuryCinnabar": 0.0, "metalMinedZinc": 0.0, "metalMinedOther": 0.0, "description": "Corona immediately adjacent to mine.", "references": "Sanchez-Palencia and Orejas 1994, 191", "techniqueOpencast": 1.0, "techniqueUnderground": 0.0, "techniqueHydraulic": "TRUE", "techniqueHushing": null, "techniqueGroundSluicing": null, "techniqueRuinaMontium": null, "techniqueRakeComb": null, "techniqueGoldWashing": null, "techniqueOther": null, "notes": null, "geology": null, "depositType": "Secondary", "exploitationType": "Extensive", "Flag_Au_Oro": 1, "Status_Au_Oro": "Confirmado", "Flag_Ag_Plata": 0, "Status_Ag_Plata": "No", "Flag_Cu_Cobre": 0, "Status_Cu_Cobre": "No", "Flag_Pb_Plomo": 0, "Status_Pb_Plomo": "No", "Flag_Hg_Cinabrio": 0, "Status_Hg_Cinabrio": "No", "Flag_Sn_Estano": 0, "Status_Sn_Estano": "No", "Flag_Fe_Hierro": 0, "Status_Fe_Hierro": "No", "Tech_Ruina_Montium": 1, "Tech_Subterranea": 0, "Tech_Cielo_Abierto": 1, "Tech_Lavado_Placer": 0, "Certainty_Spatial": 0.85, "Certainty_Archaeological": 0.9, "Certainty_Metallogenic": 1.0, "Certainty_Score": 0.905, "Certainty_Grade": "Alta Certeza (Grado I)" }, "geometry": { "type": "Point", "coordinates": [ -6.390039, 42.580209 ] } },
{ "type": "Feature", "properties": { "mineID": 767, "site": "La Cruz del Rañadero", "ancientName": null, "province": "Hispania Tarraconensis", "country": "Spain", "region": "León", "miningDistrict": "Cuenca del Boeza", "romanianRANID": null, "sanchezPalenciaAndOrejasID": "BO-01", "domergueID": null, "spainMapSheet": null, "lambertX": null, "lambertY": null, "latitude": 42.700005, "longitude": -6.306113, "coordinateAccuracy": 200.0, "locationDataSource": "Estimated from Sanchez-Palencia and Orejas 1994, fig. 14, IGN map, and Google Earth", "locationNotes": null, "notBeforeOpeningDate": null, "notAfterOpeningDate": null, "notBeforeClosingDate": null, "notAfterClosingDate": null, "inUseDate": null, "metalMinedGold": "TRUE", "metalMinedSilver": 0.0, "metalMinedLead": 0.0, "metalMinedCopper": 0.0, "metalMinedTin": 0.0, "metalMinedIron": 0.0, "metalMinedMercuryCinnabar": 0.0, "metalMinedZinc": 0.0, "metalMinedOther": 0.0, "description": null, "references": "Sanchez-Palencia and Orejas 1994, 190", "techniqueOpencast": 1.0, "techniqueUnderground": 0.0, "techniqueHydraulic": "TRUE", "techniqueHushing": null, "techniqueGroundSluicing": null, "techniqueRuinaMontium": null, "techniqueRakeComb": null, "techniqueGoldWashing": null, "techniqueOther": null, "notes": null, "geology": null, "depositType": "Secondary", "exploitationType": "Extensive", "Flag_Au_Oro": 1, "Status_Au_Oro": "Confirmado", "Flag_Ag_Plata": 0, "Status_Ag_Plata": "No", "Flag_Cu_Cobre": 0, "Status_Cu_Cobre": "No", "Flag_Pb_Plomo": 0, "Status_Pb_Plomo": "No", "Flag_Hg_Cinabrio": 0, "Status_Hg_Cinabrio": "No", "Flag_Sn_Estano": 0, "Status_Sn_Estano": "No", "Flag_Fe_Hierro": 0, "Status_Fe_Hierro": "No", "Tech_Ruina_Montium": 1, "Tech_Subterranea": 0, "Tech_Cielo_Abierto": 1, "Tech_Lavado_Placer": 0, "Certainty_Spatial": 0.85, "Certainty_Archaeological": 0.9, "Certainty_Metallogenic": 1.0, "Certainty_Score": 0.905, "Certainty_Grade": "Alta Certeza (Grado I)" }, "geometry": { "type": "Point", "coordinates": [ -6.306113, 42.700005 ] } },
{ "type": "Feature", "properties": { "mineID": 768, "site": "La Cuquillera", "ancientName": null, "province": "Hispania Tarraconensis", "country": "Spain", "region": "León", "miningDistrict": "Cuencas del Turienzo y Jerega", "romanianRANID": null, "sanchezPalenciaAndOrejasID": "TJ-25", "domergueID": null, "spainMapSheet": null, "lambertX": null, "lambertY": null, "latitude": 42.468836, "longitude": -6.183466, "coordinateAccuracy": 500.0, "locationDataSource": "Estimated from Sanchez-Palencia and Orejas 1994, fig. 17 and Google Earth", "locationNotes": null, "notBeforeOpeningDate": null, "notAfterOpeningDate": null, "notBeforeClosingDate": null, "notAfterClosingDate": null, "inUseDate": null, "metalMinedGold": "TRUE", "metalMinedSilver": 0.0, "metalMinedLead": 0.0, "metalMinedCopper": 0.0, "metalMinedTin": 0.0, "metalMinedIron": 0.0, "metalMinedMercuryCinnabar": 0.0, "metalMinedZinc": 0.0, "metalMinedOther": 0.0, "description": null, "references": "Sanchez-Palencia and Orejas 1994, 202", "techniqueOpencast": 1.0, "techniqueUnderground": 0.0, "techniqueHydraulic": "TRUE", "techniqueHushing": null, "techniqueGroundSluicing": null, "techniqueRuinaMontium": null, "techniqueRakeComb": null, "techniqueGoldWashing": null, "techniqueOther": null, "notes": null, "geology": null, "depositType": "Secondary", "exploitationType": "Selective - Extensive", "Flag_Au_Oro": 1, "Status_Au_Oro": "Confirmado", "Flag_Ag_Plata": 0, "Status_Ag_Plata": "No", "Flag_Cu_Cobre": 0, "Status_Cu_Cobre": "No", "Flag_Pb_Plomo": 0, "Status_Pb_Plomo": "No", "Flag_Hg_Cinabrio": 0, "Status_Hg_Cinabrio": "No", "Flag_Sn_Estano": 0, "Status_Sn_Estano": "No", "Flag_Fe_Hierro": 0, "Status_Fe_Hierro": "No", "Tech_Ruina_Montium": 1, "Tech_Subterranea": 0, "Tech_Cielo_Abierto": 1, "Tech_Lavado_Placer": 0, "Certainty_Spatial": 0.85, "Certainty_Archaeological": 0.9, "Certainty_Metallogenic": 1.0, "Certainty_Score": 0.905, "Certainty_Grade": "Alta Certeza (Grado I)" }, "geometry": { "type": "Point", "coordinates": [ -6.183466, 42.468836 ] } },
{ "type": "Feature", "properties": { "mineID": 769, "site": "La Devesa", "ancientName": null, "province": "Hispania Tarraconensis", "country": "Spain", "region": "León", "miningDistrict": "Cuenca del Eria", "romanianRANID": null, "sanchezPalenciaAndOrejasID": "ER-02", "domergueID": null, "spainMapSheet": null, "lambertX": null, "lambertY": null, "latitude": 42.291301, "longitude": -6.463884, "coordinateAccuracy": 0.0, "locationDataSource": "Estimated from Sanchez-Palencia and Orejas 1994, fig. 17 and opencast located on Google Earth", "locationNotes": null, "notBeforeOpeningDate": null, "notAfterOpeningDate": null, "notBeforeClosingDate": null, "notAfterClosingDate": null, "inUseDate": null, "metalMinedGold": "TRUE", "metalMinedSilver": 0.0, "metalMinedLead": 0.0, "metalMinedCopper": 0.0, "metalMinedTin": 0.0, "metalMinedIron": 0.0, "metalMinedMercuryCinnabar": 0.0, "metalMinedZinc": 0.0, "metalMinedOther": 0.0, "description": null, "references": "Sanchez-Palencia and Orejas 1994, 193", "techniqueOpencast": 1.0, "techniqueUnderground": 0.0, "techniqueHydraulic": "TRUE", "techniqueHushing": "TRUE", "techniqueGroundSluicing": "FALSE", "techniqueRuinaMontium": 0.0, "techniqueRakeComb": 0.0, "techniqueGoldWashing": 0.0, "techniqueOther": 0.0, "notes": "Several aqueducts visible on Google Earth, feeding the opencast from the east.", "geology": null, "depositType": "Secondary", "exploitationType": "Extensive", "Flag_Au_Oro": 1, "Status_Au_Oro": "Confirmado", "Flag_Ag_Plata": 0, "Status_Ag_Plata": "No", "Flag_Cu_Cobre": 0, "Status_Cu_Cobre": "No", "Flag_Pb_Plomo": 0, "Status_Pb_Plomo": "No", "Flag_Hg_Cinabrio": 0, "Status_Hg_Cinabrio": "No", "Flag_Sn_Estano": 0, "Status_Sn_Estano": "No", "Flag_Fe_Hierro": 0, "Status_Fe_Hierro": "No", "Tech_Ruina_Montium": 1, "Tech_Subterranea": 0, "Tech_Cielo_Abierto": 1, "Tech_Lavado_Placer": 0, "Certainty_Spatial": 1.0, "Certainty_Archaeological": 0.9, "Certainty_Metallogenic": 1.0, "Certainty_Score": 0.965, "Certainty_Grade": "Alta Certeza (Grado I)" }, "geometry": { "type": "Point", "coordinates": [ -6.463884, 42.291301 ] } },
{ "type": "Feature", "properties": { "mineID": 770, "site": "La Devesa I", "ancientName": null, "province": "Hispania Tarraconensis", "country": "Spain", "region": "León", "miningDistrict": "Cuenca Alta del Tuerto", "romanianRANID": null, "sanchezPalenciaAndOrejasID": "AT-11", "domergueID": "LE 58", "spainMapSheet": 160.0, "lambertX": null, "lambertY": null, "latitude": 42.585197, "longitude": -6.091631, "coordinateAccuracy": 500.0, "locationDataSource": "Estimated from Sanchez-Palencia and Orejas 1994, fig. 15, IGN map, and Google Earth", "locationNotes": null, "notBeforeOpeningDate": null, "notAfterOpeningDate": null, "notBeforeClosingDate": null, "notAfterClosingDate": null, "inUseDate": null, "metalMinedGold": "TRUE", "metalMinedSilver": 0.0, "metalMinedLead": 0.0, "metalMinedCopper": 0.0, "metalMinedTin": 0.0, "metalMinedIron": 0.0, "metalMinedMercuryCinnabar": 0.0, "metalMinedZinc": 0.0, "metalMinedOther": 0.0, "description": null, "references": "Sanchez-Palencia and Orejas 1994, 190", "techniqueOpencast": 1.0, "techniqueUnderground": 0.0, "techniqueHydraulic": "TRUE", "techniqueHushing": null, "techniqueGroundSluicing": null, "techniqueRuinaMontium": null, "techniqueRakeComb": null, "techniqueGoldWashing": null, "techniqueOther": null, "notes": null, "geology": null, "depositType": "Secondary", "exploitationType": "Selective", "Flag_Au_Oro": 1, "Status_Au_Oro": "Confirmado", "Flag_Ag_Plata": 0, "Status_Ag_Plata": "No", "Flag_Cu_Cobre": 0, "Status_Cu_Cobre": "No", "Flag_Pb_Plomo": 0, "Status_Pb_Plomo": "No", "Flag_Hg_Cinabrio": 0, "Status_Hg_Cinabrio": "No", "Flag_Sn_Estano": 0, "Status_Sn_Estano": "No", "Flag_Fe_Hierro": 0, "Status_Fe_Hierro": "No", "Tech_Ruina_Montium": 1, "Tech_Subterranea": 0, "Tech_Cielo_Abierto": 1, "Tech_Lavado_Placer": 0, "Certainty_Spatial": 0.85, "Certainty_Archaeological": 1.0, "Certainty_Metallogenic": 1.0, "Certainty_Score": 0.94, "Certainty_Grade": "Alta Certeza (Grado I)" }, "geometry": { "type": "Point", "coordinates": [ -6.091631, 42.585197 ] } },
{ "type": "Feature", "properties": { "mineID": 773, "site": "La Fana - El Caleiro", "ancientName": null, "province": "Hispania Tarraconensis", "country": "Spain", "region": "Oviedo", "miningDistrict": "Cuenca del Narcea", "romanianRANID": null, "sanchezPalenciaAndOrejasID": "NA-01", "domergueID": null, "spainMapSheet": null, "lambertX": null, "lambertY": null, "latitude": 43.071779, "longitude": -6.650749, "coordinateAccuracy": 500.0, "locationDataSource": "Estimated from Sanchez-Palencia and Orejas 1994, fig. 13, IGN map, and Google Earth", "locationNotes": null, "notBeforeOpeningDate": null, "notAfterOpeningDate": null, "notBeforeClosingDate": null, "notAfterClosingDate": null, "inUseDate": null, "metalMinedGold": "TRUE", "metalMinedSilver": 0.0, "metalMinedLead": 0.0, "metalMinedCopper": 0.0, "metalMinedTin": 0.0, "metalMinedIron": 0.0, "metalMinedMercuryCinnabar": 0.0, "metalMinedZinc": 0.0, "metalMinedOther": 0.0, "description": null, "references": "Sanchez-Palencia and Orejas 1994, 197", "techniqueOpencast": 1.0, "techniqueUnderground": 0.0, "techniqueHydraulic": "TRUE", "techniqueHushing": "TRUE", "techniqueGroundSluicing": null, "techniqueRuinaMontium": 0.0, "techniqueRakeComb": 0.0, "techniqueGoldWashing": 0.0, "techniqueOther": null, "notes": null, "geology": null, "depositType": "Primary", "exploitationType": "Extensive", "Flag_Au_Oro": 1, "Status_Au_Oro": "Confirmado", "Flag_Ag_Plata": 0, "Status_Ag_Plata": "No", "Flag_Cu_Cobre": 0, "Status_Cu_Cobre": "No", "Flag_Pb_Plomo": 0, "Status_Pb_Plomo": "No", "Flag_Hg_Cinabrio": 0, "Status_Hg_Cinabrio": "No", "Flag_Sn_Estano": 0, "Status_Sn_Estano": "No", "Flag_Fe_Hierro": 0, "Status_Fe_Hierro": "No", "Tech_Ruina_Montium": 1, "Tech_Subterranea": 0, "Tech_Cielo_Abierto": 1, "Tech_Lavado_Placer": 0, "Certainty_Spatial": 0.85, "Certainty_Archaeological": 0.9, "Certainty_Metallogenic": 1.0, "Certainty_Score": 0.905, "Certainty_Grade": "Alta Certeza (Grado I)" }, "geometry": { "type": "Point", "coordinates": [ -6.650749, 43.071779 ] } },
{ "type": "Feature", "properties": { "mineID": 774, "site": "La Folgueriza", "ancientName": null, "province": "Hispania Tarraconensis", "country": "Spain", "region": "Oviedo", "miningDistrict": "Cuenca del Navia", "romanianRANID": null, "sanchezPalenciaAndOrejasID": "NV-75", "domergueID": null, "spainMapSheet": null, "lambertX": null, "lambertY": null, "latitude": 43.34725, "longitude": -6.696434, "coordinateAccuracy": 100.0, "locationDataSource": "Google Earth and IGN map.", "locationNotes": null, "notBeforeOpeningDate": null, "notAfterOpeningDate": null, "notBeforeClosingDate": null, "notAfterClosingDate": null, "inUseDate": null, "metalMinedGold": "TRUE", "metalMinedSilver": 0.0, "metalMinedLead": 0.0, "metalMinedCopper": 0.0, "metalMinedTin": 0.0, "metalMinedIron": 0.0, "metalMinedMercuryCinnabar": 0.0, "metalMinedZinc": 0.0, "metalMinedOther": 0.0, "description": null, "references": "Sanchez-Palencia and Orejas 1994, 200", "techniqueOpencast": 1.0, "techniqueUnderground": 0.0, "techniqueHydraulic": "TRUE", "techniqueHushing": "TRUE", "techniqueGroundSluicing": "FALSE", "techniqueRuinaMontium": 0.0, "techniqueRakeComb": 0.0, "techniqueGoldWashing": 0.0, "techniqueOther": 0.0, "notes": null, "geology": null, "depositType": "Secondary", "exploitationType": "Selective", "Flag_Au_Oro": 1, "Status_Au_Oro": "Confirmado", "Flag_Ag_Plata": 0, "Status_Ag_Plata": "No", "Flag_Cu_Cobre": 0, "Status_Cu_Cobre": "No", "Flag_Pb_Plomo": 0, "Status_Pb_Plomo": "No", "Flag_Hg_Cinabrio": 0, "Status_Hg_Cinabrio": "No", "Flag_Sn_Estano": 0, "Status_Sn_Estano": "No", "Flag_Fe_Hierro": 0, "Status_Fe_Hierro": "No", "Tech_Ruina_Montium": 1, "Tech_Subterranea": 0, "Tech_Cielo_Abierto": 1, "Tech_Lavado_Placer": 0, "Certainty_Spatial": 1.0, "Certainty_Archaeological": 0.9, "Certainty_Metallogenic": 1.0, "Certainty_Score": 0.965, "Certainty_Grade": "Alta Certeza (Grado I)" }, "geometry": { "type": "Point", "coordinates": [ -6.696434, 43.34725 ] } },
{ "type": "Feature", "properties": { "mineID": 775, "site": "La Fontanilla / Las Cuevas", "ancientName": null, "province": "Hispania Tarraconensis", "country": "Spain", "region": "León", "miningDistrict": "Cuencas del Turienzo y Jerega", "romanianRANID": null, "sanchezPalenciaAndOrejasID": "TJ-17", "domergueID": "LE 48", "spainMapSheet": 193.0, "lambertX": 400.2, "lambertY": 873.8, "latitude": 42.442171, "longitude": -6.119396, "coordinateAccuracy": 100.0, "locationDataSource": "Converted in QGIS from Lambert coords, Madrid 1870, adjusted with reference to Google Earth.", "locationNotes": null, "notBeforeOpeningDate": null, "notAfterOpeningDate": null, "notBeforeClosingDate": null, "notAfterClosingDate": null, "inUseDate": null, "metalMinedGold": "TRUE", "metalMinedSilver": 0.0, "metalMinedLead": 0.0, "metalMinedCopper": 0.0, "metalMinedTin": 0.0, "metalMinedIron": 0.0, "metalMinedMercuryCinnabar": 0.0, "metalMinedZinc": 0.0, "metalMinedOther": 0.0, "description": "Several hydraulic opencasts; two on the N side of the valley; a large one on the S side, and a smaller piriform opencast to the S of that. In the main, S, opencast there are subterranean galleries opening off the side of the opencast.", "references": "Domergue 1990: 43; Sanchez-Palencia and Orejas 1994, 202", "techniqueOpencast": 1.0, "techniqueUnderground": 1.0, "techniqueHydraulic": "TRUE", "techniqueHushing": "TRUE", "techniqueGroundSluicing": "FALSE", "techniqueRuinaMontium": 0.0, "techniqueRakeComb": 0.0, "techniqueGoldWashing": 0.0, "techniqueOther": 0.0, "notes": null, "geology": "Hard rock", "depositType": "Secondary - Primary", "exploitationType": "Extensive", "Flag_Au_Oro": 1, "Status_Au_Oro": "Confirmado", "Flag_Ag_Plata": 0, "Status_Ag_Plata": "No", "Flag_Cu_Cobre": 0, "Status_Cu_Cobre": "No", "Flag_Pb_Plomo": 0, "Status_Pb_Plomo": "No", "Flag_Hg_Cinabrio": 0, "Status_Hg_Cinabrio": "No", "Flag_Sn_Estano": 0, "Status_Sn_Estano": "No", "Flag_Fe_Hierro": 0, "Status_Fe_Hierro": "No", "Tech_Ruina_Montium": 1, "Tech_Subterranea": 1, "Tech_Cielo_Abierto": 1, "Tech_Lavado_Placer": 0, "Certainty_Spatial": 1.0, "Certainty_Archaeological": 1.0, "Certainty_Metallogenic": 1.0, "Certainty_Score": 1.0, "Certainty_Grade": "Alta Certeza (Grado I)" }, "geometry": { "type": "Point", "coordinates": [ -6.119396, 42.442171 ] } },
{ "type": "Feature", "properties": { "mineID": 776, "site": "La Fontanona - La Gándara", "ancientName": null, "province": "Hispania Tarraconensis", "country": "Spain", "region": "León", "miningDistrict": "Cuencas del Turienzo y Jerega", "romanianRANID": null, "sanchezPalenciaAndOrejasID": "TJ-23", "domergueID": null, "spainMapSheet": null, "lambertX": null, "lambertY": null, "latitude": 42.473679, "longitude": -6.209227, "coordinateAccuracy": 100.0, "locationDataSource": "Estimated from Sanchez-Palencia and Orejas 1994, fig. 17 and Google Earth", "locationNotes": null, "notBeforeOpeningDate": null, "notAfterOpeningDate": null, "notBeforeClosingDate": null, "notAfterClosingDate": null, "inUseDate": null, "metalMinedGold": "TRUE", "metalMinedSilver": 0.0, "metalMinedLead": 0.0, "metalMinedCopper": 0.0, "metalMinedTin": 0.0, "metalMinedIron": 0.0, "metalMinedMercuryCinnabar": 0.0, "metalMinedZinc": 0.0, "metalMinedOther": 0.0, "description": null, "references": "Sanchez-Palencia and Orejas 1994, 202", "techniqueOpencast": 1.0, "techniqueUnderground": 0.0, "techniqueHydraulic": "TRUE", "techniqueHushing": null, "techniqueGroundSluicing": null, "techniqueRuinaMontium": null, "techniqueRakeComb": null, "techniqueGoldWashing": null, "techniqueOther": null, "notes": null, "geology": null, "depositType": "Secondary", "exploitationType": "Selective - Extensive", "Flag_Au_Oro": 1, "Status_Au_Oro": "Confirmado", "Flag_Ag_Plata": 0, "Status_Ag_Plata": "No", "Flag_Cu_Cobre": 0, "Status_Cu_Cobre": "No", "Flag_Pb_Plomo": 0, "Status_Pb_Plomo": "No", "Flag_Hg_Cinabrio": 0, "Status_Hg_Cinabrio": "No", "Flag_Sn_Estano": 0, "Status_Sn_Estano": "No", "Flag_Fe_Hierro": 0, "Status_Fe_Hierro": "No", "Tech_Ruina_Montium": 1, "Tech_Subterranea": 0, "Tech_Cielo_Abierto": 1, "Tech_Lavado_Placer": 0, "Certainty_Spatial": 1.0, "Certainty_Archaeological": 0.9, "Certainty_Metallogenic": 1.0, "Certainty_Score": 0.965, "Certainty_Grade": "Alta Certeza (Grado I)" }, "geometry": { "type": "Point", "coordinates": [ -6.209227, 42.473679 ] } },
{ "type": "Feature", "properties": { "mineID": 778, "site": "La Freitarbosa", "ancientName": null, "province": "Hispania Tarraconensis", "country": "Spain", "region": "Oviedo", "miningDistrict": "Cuenca del Navia", "romanianRANID": null, "sanchezPalenciaAndOrejasID": "NV-70", "domergueID": null, "spainMapSheet": null, "lambertX": null, "lambertY": null, "latitude": 43.351497, "longitude": -6.676958, "coordinateAccuracy": 0.0, "locationDataSource": "Sanchez-Palencia and Orejas 1994, fig. 13; and Google Earth and IGN map.", "locationNotes": null, "notBeforeOpeningDate": null, "notAfterOpeningDate": null, "notBeforeClosingDate": null, "notAfterClosingDate": null, "inUseDate": null, "metalMinedGold": "TRUE", "metalMinedSilver": 0.0, "metalMinedLead": 0.0, "metalMinedCopper": 0.0, "metalMinedTin": 0.0, "metalMinedIron": 0.0, "metalMinedMercuryCinnabar": 0.0, "metalMinedZinc": 0.0, "metalMinedOther": 0.0, "description": "Large hydraulic opencast.", "references": "Sanchez-Palencia and Orejas 1994, 200", "techniqueOpencast": 1.0, "techniqueUnderground": 0.0, "techniqueHydraulic": "TRUE", "techniqueHushing": "TRUE", "techniqueGroundSluicing": "FALSE", "techniqueRuinaMontium": 0.0, "techniqueRakeComb": 0.0, "techniqueGoldWashing": 0.0, "techniqueOther": 0.0, "notes": null, "geology": null, "depositType": "Primary", "exploitationType": "Extensive", "Flag_Au_Oro": 1, "Status_Au_Oro": "Confirmado", "Flag_Ag_Plata": 0, "Status_Ag_Plata": "No", "Flag_Cu_Cobre": 0, "Status_Cu_Cobre": "No", "Flag_Pb_Plomo": 0, "Status_Pb_Plomo": "No", "Flag_Hg_Cinabrio": 0, "Status_Hg_Cinabrio": "No", "Flag_Sn_Estano": 0, "Status_Sn_Estano": "No", "Flag_Fe_Hierro": 0, "Status_Fe_Hierro": "No", "Tech_Ruina_Montium": 1, "Tech_Subterranea": 0, "Tech_Cielo_Abierto": 1, "Tech_Lavado_Placer": 0, "Certainty_Spatial": 1.0, "Certainty_Archaeological": 0.9, "Certainty_Metallogenic": 1.0, "Certainty_Score": 0.965, "Certainty_Grade": "Alta Certeza (Grado I)" }, "geometry": { "type": "Point", "coordinates": [ -6.676958, 43.351497 ] } },
{ "type": "Feature", "properties": { "mineID": 779, "site": "La Fucarona", "ancientName": null, "province": "Hispania Tarraconensis", "country": "Spain", "region": "León", "miningDistrict": "Cuencas del Turienzo y Jerega", "romanianRANID": null, "sanchezPalenciaAndOrejasID": "TJ-19", "domergueID": "LE 35", "spainMapSheet": 192.0, "lambertX": 389.0, "lambertY": 878.3, "latitude": 42.482916, "longitude": -6.247223, "coordinateAccuracy": 300.0, "locationDataSource": "Estimated from Sanchez-Palencia and Orejas 1994, fig. 17 and Google Earth", "locationNotes": null, "notBeforeOpeningDate": null, "notAfterOpeningDate": null, "notBeforeClosingDate": null, "notAfterClosingDate": null, "inUseDate": null, "metalMinedGold": "TRUE", "metalMinedSilver": 0.0, "metalMinedLead": 0.0, "metalMinedCopper": 0.0, "metalMinedTin": 0.0, "metalMinedIron": 0.0, "metalMinedMercuryCinnabar": 0.0, "metalMinedZinc": 0.0, "metalMinedOther": 0.0, "description": null, "references": "Domergue 1990: 43; Sanchez-Palencia and Orejas 1994, 202", "techniqueOpencast": 1.0, "techniqueUnderground": 0.0, "techniqueHydraulic": "TRUE", "techniqueHushing": "TRUE", "techniqueGroundSluicing": "FALSE", "techniqueRuinaMontium": 0.0, "techniqueRakeComb": 0.0, "techniqueGoldWashing": 0.0, "techniqueOther": 0.0, "notes": null, "geology": "Tertiary alluvium", "depositType": "Secondary", "exploitationType": "Selective - Extensive", "Flag_Au_Oro": 1, "Status_Au_Oro": "Confirmado", "Flag_Ag_Plata": 0, "Status_Ag_Plata": "No", "Flag_Cu_Cobre": 0, "Status_Cu_Cobre": "No", "Flag_Pb_Plomo": 0, "Status_Pb_Plomo": "No", "Flag_Hg_Cinabrio": 0, "Status_Hg_Cinabrio": "No", "Flag_Sn_Estano": 0, "Status_Sn_Estano": "No", "Flag_Fe_Hierro": 0, "Status_Fe_Hierro": "No", "Tech_Ruina_Montium": 1, "Tech_Subterranea": 0, "Tech_Cielo_Abierto": 1, "Tech_Lavado_Placer": 0, "Certainty_Spatial": 0.85, "Certainty_Archaeological": 1.0, "Certainty_Metallogenic": 1.0, "Certainty_Score": 0.94, "Certainty_Grade": "Alta Certeza (Grado I)" }, "geometry": { "type": "Point", "coordinates": [ -6.247223, 42.482916 ] } },
{ "type": "Feature", "properties": { "mineID": 780, "site": "La Gándara I", "ancientName": null, "province": "Hispania Tarraconensis", "country": "Spain", "region": "León", "miningDistrict": "Cuenca del Eria", "romanianRANID": null, "sanchezPalenciaAndOrejasID": "ER-21", "domergueID": null, "spainMapSheet": null, "lambertX": null, "lambertY": null, "latitude": 42.233059, "longitude": -6.264385, "coordinateAccuracy": 300.0, "locationDataSource": "Estimated from Sanchez-Palencia and Orejas 1994, fig. 17,  Fernández-Lozano et al. 2015, fig. 6, and Google Earth", "locationNotes": null, "notBeforeOpeningDate": null, "notAfterOpeningDate": null, "notBeforeClosingDate": null, "notAfterClosingDate": null, "inUseDate": null, "metalMinedGold": "TRUE", "metalMinedSilver": 0.0, "metalMinedLead": 0.0, "metalMinedCopper": 0.0, "metalMinedTin": 0.0, "metalMinedIron": 0.0, "metalMinedMercuryCinnabar": 0.0, "metalMinedZinc": 0.0, "metalMinedOther": 0.0, "description": null, "references": "Sanchez-Palencia and Orejas 1994, 193", "techniqueOpencast": 1.0, "techniqueUnderground": 0.0, "techniqueHydraulic": "TRUE", "techniqueHushing": "FALSE", "techniqueGroundSluicing": "FALSE", "techniqueRuinaMontium": 0.0, "techniqueRakeComb": 0.0, "techniqueGoldWashing": 0.0, "techniqueOther": 0.0, "notes": null, "geology": null, "depositType": "Secondary", "exploitationType": "Selective - Extensive", "Flag_Au_Oro": 1, "Status_Au_Oro": "Confirmado", "Flag_Ag_Plata": 0, "Status_Ag_Plata": "No", "Flag_Cu_Cobre": 0, "Status_Cu_Cobre": "No", "Flag_Pb_Plomo": 0, "Status_Pb_Plomo": "No", "Flag_Hg_Cinabrio": 0, "Status_Hg_Cinabrio": "No", "Flag_Sn_Estano": 0, "Status_Sn_Estano": "No", "Flag_Fe_Hierro": 0, "Status_Fe_Hierro": "No", "Tech_Ruina_Montium": 1, "Tech_Subterranea": 0, "Tech_Cielo_Abierto": 1, "Tech_Lavado_Placer": 0, "Certainty_Spatial": 0.85, "Certainty_Archaeological": 0.9, "Certainty_Metallogenic": 1.0, "Certainty_Score": 0.905, "Certainty_Grade": "Alta Certeza (Grado I)" }, "geometry": { "type": "Point", "coordinates": [ -6.264385, 42.233059 ] } },
{ "type": "Feature", "properties": { "mineID": 781, "site": "La Gándara II", "ancientName": null, "province": "Hispania Tarraconensis", "country": "Spain", "region": "León", "miningDistrict": "Cuenca del Eria", "romanianRANID": null, "sanchezPalenciaAndOrejasID": "ER-22", "domergueID": null, "spainMapSheet": null, "lambertX": null, "lambertY": null, "latitude": 42.230177, "longitude": -6.2608, "coordinateAccuracy": 300.0, "locationDataSource": "Estimated from Sanchez-Palencia and Orejas 1994, fig. 17,  Fernández-Lozano et al. 2015, fig. 6, and Google Earth", "locationNotes": null, "notBeforeOpeningDate": null, "notAfterOpeningDate": null, "notBeforeClosingDate": null, "notAfterClosingDate": null, "inUseDate": null, "metalMinedGold": "TRUE", "metalMinedSilver": 0.0, "metalMinedLead": 0.0, "metalMinedCopper": 0.0, "metalMinedTin": 0.0, "metalMinedIron": 0.0, "metalMinedMercuryCinnabar": 0.0, "metalMinedZinc": 0.0, "metalMinedOther": 0.0, "description": null, "references": "Sanchez-Palencia and Orejas 1994, 193", "techniqueOpencast": 1.0, "techniqueUnderground": 0.0, "techniqueHydraulic": "TRUE", "techniqueHushing": "FALSE", "techniqueGroundSluicing": "FALSE", "techniqueRuinaMontium": 0.0, "techniqueRakeComb": 0.0, "techniqueGoldWashing": 0.0, "techniqueOther": 0.0, "notes": null, "geology": null, "depositType": "Secondary", "exploitationType": "Extensive", "Flag_Au_Oro": 1, "Status_Au_Oro": "Confirmado", "Flag_Ag_Plata": 0, "Status_Ag_Plata": "No", "Flag_Cu_Cobre": 0, "Status_Cu_Cobre": "No", "Flag_Pb_Plomo": 0, "Status_Pb_Plomo": "No", "Flag_Hg_Cinabrio": 0, "Status_Hg_Cinabrio": "No", "Flag_Sn_Estano": 0, "Status_Sn_Estano": "No", "Flag_Fe_Hierro": 0, "Status_Fe_Hierro": "No", "Tech_Ruina_Montium": 1, "Tech_Subterranea": 0, "Tech_Cielo_Abierto": 1, "Tech_Lavado_Placer": 0, "Certainty_Spatial": 0.85, "Certainty_Archaeological": 0.9, "Certainty_Metallogenic": 1.0, "Certainty_Score": 0.905, "Certainty_Grade": "Alta Certeza (Grado I)" }, "geometry": { "type": "Point", "coordinates": [ -6.2608, 42.230177 ] } },
{ "type": "Feature", "properties": { "mineID": 782, "site": "La Garvachana I", "ancientName": null, "province": "Hispania Tarraconensis", "country": "Spain", "region": "León", "miningDistrict": "Cuenca Alta del Sil", "romanianRANID": null, "sanchezPalenciaAndOrejasID": "AS-13", "domergueID": null, "spainMapSheet": null, "lambertX": null, "lambertY": null, "latitude": 42.800928, "longitude": -6.530024, "coordinateAccuracy": 500.0, "locationDataSource": "Estimated from Sanchez-Palencia and Orejas 1994, fig. 14, and Google Earth", "locationNotes": null, "notBeforeOpeningDate": null, "notAfterOpeningDate": null, "notBeforeClosingDate": null, "notAfterClosingDate": null, "inUseDate": null, "metalMinedGold": "TRUE", "metalMinedSilver": 0.0, "metalMinedLead": 0.0, "metalMinedCopper": 0.0, "metalMinedTin": 0.0, "metalMinedIron": 0.0, "metalMinedMercuryCinnabar": 0.0, "metalMinedZinc": 0.0, "metalMinedOther": 0.0, "description": null, "references": "Sanchez-Palencia and Orejas 1994, 189", "techniqueOpencast": 1.0, "techniqueUnderground": 0.0, "techniqueHydraulic": "TRUE", "techniqueHushing": null, "techniqueGroundSluicing": null, "techniqueRuinaMontium": null, "techniqueRakeComb": null, "techniqueGoldWashing": null, "techniqueOther": null, "notes": null, "geology": null, "depositType": "Secondary", "exploitationType": "Extensive", "Flag_Au_Oro": 1, "Status_Au_Oro": "Confirmado", "Flag_Ag_Plata": 0, "Status_Ag_Plata": "No", "Flag_Cu_Cobre": 0, "Status_Cu_Cobre": "No", "Flag_Pb_Plomo": 0, "Status_Pb_Plomo": "No", "Flag_Hg_Cinabrio": 0, "Status_Hg_Cinabrio": "No", "Flag_Sn_Estano": 0, "Status_Sn_Estano": "No", "Flag_Fe_Hierro": 0, "Status_Fe_Hierro": "No", "Tech_Ruina_Montium": 1, "Tech_Subterranea": 0, "Tech_Cielo_Abierto": 1, "Tech_Lavado_Placer": 0, "Certainty_Spatial": 0.85, "Certainty_Archaeological": 0.9, "Certainty_Metallogenic": 1.0, "Certainty_Score": 0.905, "Certainty_Grade": "Alta Certeza (Grado I)" }, "geometry": { "type": "Point", "coordinates": [ -6.530024, 42.800928 ] } },
{ "type": "Feature", "properties": { "mineID": 783, "site": "La Garvachana II", "ancientName": null, "province": "Hispania Tarraconensis", "country": "Spain", "region": "León", "miningDistrict": "Cuenca Alta del Sil", "romanianRANID": null, "sanchezPalenciaAndOrejasID": "AS-12", "domergueID": null, "spainMapSheet": null, "lambertX": null, "lambertY": null, "latitude": 42.796606, "longitude": -6.534496, "coordinateAccuracy": 500.0, "locationDataSource": "Estimated from Sanchez-Palencia and Orejas 1994, fig. 14, and Google Earth", "locationNotes": null, "notBeforeOpeningDate": null, "notAfterOpeningDate": null, "notBeforeClosingDate": null, "notAfterClosingDate": null, "inUseDate": null, "metalMinedGold": "TRUE", "metalMinedSilver": 0.0, "metalMinedLead": 0.0, "metalMinedCopper": 0.0, "metalMinedTin": 0.0, "metalMinedIron": 0.0, "metalMinedMercuryCinnabar": 0.0, "metalMinedZinc": 0.0, "metalMinedOther": 0.0, "description": null, "references": "Sanchez-Palencia and Orejas 1994, 189", "techniqueOpencast": 1.0, "techniqueUnderground": 0.0, "techniqueHydraulic": "TRUE", "techniqueHushing": null, "techniqueGroundSluicing": null, "techniqueRuinaMontium": null, "techniqueRakeComb": null, "techniqueGoldWashing": null, "techniqueOther": null, "notes": null, "geology": null, "depositType": "Secondary", "exploitationType": "Extensive", "Flag_Au_Oro": 1, "Status_Au_Oro": "Confirmado", "Flag_Ag_Plata": 0, "Status_Ag_Plata": "No", "Flag_Cu_Cobre": 0, "Status_Cu_Cobre": "No", "Flag_Pb_Plomo": 0, "Status_Pb_Plomo": "No", "Flag_Hg_Cinabrio": 0, "Status_Hg_Cinabrio": "No", "Flag_Sn_Estano": 0, "Status_Sn_Estano": "No", "Flag_Fe_Hierro": 0, "Status_Fe_Hierro": "No", "Tech_Ruina_Montium": 1, "Tech_Subterranea": 0, "Tech_Cielo_Abierto": 1, "Tech_Lavado_Placer": 0, "Certainty_Spatial": 0.85, "Certainty_Archaeological": 0.9, "Certainty_Metallogenic": 1.0, "Certainty_Score": 0.905, "Certainty_Grade": "Alta Certeza (Grado I)" }, "geometry": { "type": "Point", "coordinates": [ -6.534496, 42.796606 ] } },
{ "type": "Feature", "properties": { "mineID": 784, "site": "La Garvachana III", "ancientName": null, "province": "Hispania Tarraconensis", "country": "Spain", "region": "León", "miningDistrict": "Cuenca Alta del Sil", "romanianRANID": null, "sanchezPalenciaAndOrejasID": "AS-11", "domergueID": null, "spainMapSheet": null, "lambertX": null, "lambertY": null, "latitude": 42.800509, "longitude": -6.542769, "coordinateAccuracy": 500.0, "locationDataSource": "Estimated from Sanchez-Palencia and Orejas 1994, fig. 14, and Google Earth", "locationNotes": null, "notBeforeOpeningDate": null, "notAfterOpeningDate": null, "notBeforeClosingDate": null, "notAfterClosingDate": null, "inUseDate": null, "metalMinedGold": "TRUE", "metalMinedSilver": 0.0, "metalMinedLead": 0.0, "metalMinedCopper": 0.0, "metalMinedTin": 0.0, "metalMinedIron": 0.0, "metalMinedMercuryCinnabar": 0.0, "metalMinedZinc": 0.0, "metalMinedOther": 0.0, "description": null, "references": "Sanchez-Palencia and Orejas 1994, 189", "techniqueOpencast": 1.0, "techniqueUnderground": 0.0, "techniqueHydraulic": "TRUE", "techniqueHushing": null, "techniqueGroundSluicing": null, "techniqueRuinaMontium": null, "techniqueRakeComb": null, "techniqueGoldWashing": null, "techniqueOther": null, "notes": null, "geology": null, "depositType": "Secondary", "exploitationType": "Extensive", "Flag_Au_Oro": 1, "Status_Au_Oro": "Confirmado", "Flag_Ag_Plata": 0, "Status_Ag_Plata": "No", "Flag_Cu_Cobre": 0, "Status_Cu_Cobre": "No", "Flag_Pb_Plomo": 0, "Status_Pb_Plomo": "No", "Flag_Hg_Cinabrio": 0, "Status_Hg_Cinabrio": "No", "Flag_Sn_Estano": 0, "Status_Sn_Estano": "No", "Flag_Fe_Hierro": 0, "Status_Fe_Hierro": "No", "Tech_Ruina_Montium": 1, "Tech_Subterranea": 0, "Tech_Cielo_Abierto": 1, "Tech_Lavado_Placer": 0, "Certainty_Spatial": 0.85, "Certainty_Archaeological": 0.9, "Certainty_Metallogenic": 1.0, "Certainty_Score": 0.905, "Certainty_Grade": "Alta Certeza (Grado I)" }, "geometry": { "type": "Point", "coordinates": [ -6.542769, 42.800509 ] } },
{ "type": "Feature", "properties": { "mineID": 786, "site": "La Groba Roja", "ancientName": null, "province": "Hispania Tarraconensis", "country": "Spain", "region": "Oviedo", "miningDistrict": "Cuenca del Navia", "romanianRANID": null, "sanchezPalenciaAndOrejasID": "NV-61", "domergueID": null, "spainMapSheet": null, "lambertX": null, "lambertY": null, "latitude": 43.15226, "longitude": -6.792316, "coordinateAccuracy": 100.0, "locationDataSource": "Placename, Google Earth, and Sanchez-Palencia and Orejas 1994, fig. 13.", "locationNotes": null, "notBeforeOpeningDate": null, "notAfterOpeningDate": null, "notBeforeClosingDate": null, "notAfterClosingDate": null, "inUseDate": null, "metalMinedGold": "TRUE", "metalMinedSilver": 0.0, "metalMinedLead": 0.0, "metalMinedCopper": 0.0, "metalMinedTin": 0.0, "metalMinedIron": 0.0, "metalMinedMercuryCinnabar": 0.0, "metalMinedZinc": 0.0, "metalMinedOther": 0.0, "description": "Aqueduct and hushing opencast visible on Google Earth.", "references": "Sanchez-Palencia and Orejas 1994, 200", "techniqueOpencast": 1.0, "techniqueUnderground": 0.0, "techniqueHydraulic": "TRUE", "techniqueHushing": "TRUE", "techniqueGroundSluicing": "FALSE", "techniqueRuinaMontium": 0.0, "techniqueRakeComb": 0.0, "techniqueGoldWashing": 0.0, "techniqueOther": 0.0, "notes": null, "geology": null, "depositType": "Secondary - Primary", "exploitationType": "Extensive", "Flag_Au_Oro": 1, "Status_Au_Oro": "Confirmado", "Flag_Ag_Plata": 0, "Status_Ag_Plata": "No", "Flag_Cu_Cobre": 0, "Status_Cu_Cobre": "No", "Flag_Pb_Plomo": 0, "Status_Pb_Plomo": "No", "Flag_Hg_Cinabrio": 0, "Status_Hg_Cinabrio": "No", "Flag_Sn_Estano": 0, "Status_Sn_Estano": "No", "Flag_Fe_Hierro": 0, "Status_Fe_Hierro": "No", "Tech_Ruina_Montium": 1, "Tech_Subterranea": 0, "Tech_Cielo_Abierto": 1, "Tech_Lavado_Placer": 0, "Certainty_Spatial": 1.0, "Certainty_Archaeological": 0.9, "Certainty_Metallogenic": 1.0, "Certainty_Score": 0.965, "Certainty_Grade": "Alta Certeza (Grado I)" }, "geometry": { "type": "Point", "coordinates": [ -6.792316, 43.15226 ] } },
{ "type": "Feature", "properties": { "mineID": 789, "site": "La Hilera - Valdemeda", "ancientName": null, "province": "Hispania Tarraconensis", "country": "Spain", "region": "León", "miningDistrict": "Cuenca del Eria", "romanianRANID": null, "sanchezPalenciaAndOrejasID": "ER-15", "domergueID": null, "spainMapSheet": null, "lambertX": null, "lambertY": null, "latitude": 42.270529, "longitude": -6.303967, "coordinateAccuracy": 400.0, "locationDataSource": "Estimated from Sanchez-Palencia and Orejas 1994, fig. 17 and Google Earth", "locationNotes": null, "notBeforeOpeningDate": null, "notAfterOpeningDate": null, "notBeforeClosingDate": null, "notAfterClosingDate": null, "inUseDate": null, "metalMinedGold": "TRUE", "metalMinedSilver": 0.0, "metalMinedLead": 0.0, "metalMinedCopper": 0.0, "metalMinedTin": 0.0, "metalMinedIron": 0.0, "metalMinedMercuryCinnabar": 0.0, "metalMinedZinc": 0.0, "metalMinedOther": 0.0, "description": null, "references": "Sanchez-Palencia and Orejas 1994, 193", "techniqueOpencast": 1.0, "techniqueUnderground": 0.0, "techniqueHydraulic": "TRUE", "techniqueHushing": "TRUE", "techniqueGroundSluicing": "FALSE", "techniqueRuinaMontium": 0.0, "techniqueRakeComb": 0.0, "techniqueGoldWashing": 0.0, "techniqueOther": 0.0, "notes": null, "geology": null, "depositType": "Secondary", "exploitationType": "Selective - Extensive", "Flag_Au_Oro": 1, "Status_Au_Oro": "Confirmado", "Flag_Ag_Plata": 0, "Status_Ag_Plata": "No", "Flag_Cu_Cobre": 0, "Status_Cu_Cobre": "No", "Flag_Pb_Plomo": 0, "Status_Pb_Plomo": "No", "Flag_Hg_Cinabrio": 0, "Status_Hg_Cinabrio": "No", "Flag_Sn_Estano": 0, "Status_Sn_Estano": "No", "Flag_Fe_Hierro": 0, "Status_Fe_Hierro": "No", "Tech_Ruina_Montium": 1, "Tech_Subterranea": 0, "Tech_Cielo_Abierto": 1, "Tech_Lavado_Placer": 0, "Certainty_Spatial": 0.85, "Certainty_Archaeological": 0.9, "Certainty_Metallogenic": 1.0, "Certainty_Score": 0.905, "Certainty_Grade": "Alta Certeza (Grado I)" }, "geometry": { "type": "Point", "coordinates": [ -6.303967, 42.270529 ] } },
{ "type": "Feature", "properties": { "mineID": 790, "site": "La Jagueta", "ancientName": null, "province": "Hispania Tarraconensis", "country": "Spain", "region": "León", "miningDistrict": "Cuenca Alta del Tuerto", "romanianRANID": null, "sanchezPalenciaAndOrejasID": "AT-02", "domergueID": null, "spainMapSheet": null, "lambertX": null, "lambertY": null, "latitude": 42.630514, "longitude": -6.209409, "coordinateAccuracy": 200.0, "locationDataSource": "Estimated from Sanchez-Palencia and Orejas 1994, fig. 14, and Google Earth", "locationNotes": null, "notBeforeOpeningDate": null, "notAfterOpeningDate": null, "notBeforeClosingDate": null, "notAfterClosingDate": null, "inUseDate": null, "metalMinedGold": "TRUE", "metalMinedSilver": 0.0, "metalMinedLead": 0.0, "metalMinedCopper": 0.0, "metalMinedTin": 0.0, "metalMinedIron": 0.0, "metalMinedMercuryCinnabar": 0.0, "metalMinedZinc": 0.0, "metalMinedOther": 0.0, "description": null, "references": "Sanchez-Palencia and Orejas 1994, 189", "techniqueOpencast": 1.0, "techniqueUnderground": 0.0, "techniqueHydraulic": "TRUE", "techniqueHushing": null, "techniqueGroundSluicing": null, "techniqueRuinaMontium": null, "techniqueRakeComb": null, "techniqueGoldWashing": null, "techniqueOther": null, "notes": null, "geology": null, "depositType": "Secondary", "exploitationType": "Selective - Extensive", "Flag_Au_Oro": 1, "Status_Au_Oro": "Confirmado", "Flag_Ag_Plata": 0, "Status_Ag_Plata": "No", "Flag_Cu_Cobre": 0, "Status_Cu_Cobre": "No", "Flag_Pb_Plomo": 0, "Status_Pb_Plomo": "No", "Flag_Hg_Cinabrio": 0, "Status_Hg_Cinabrio": "No", "Flag_Sn_Estano": 0, "Status_Sn_Estano": "No", "Flag_Fe_Hierro": 0, "Status_Fe_Hierro": "No", "Tech_Ruina_Montium": 1, "Tech_Subterranea": 0, "Tech_Cielo_Abierto": 1, "Tech_Lavado_Placer": 0, "Certainty_Spatial": 0.85, "Certainty_Archaeological": 0.9, "Certainty_Metallogenic": 1.0, "Certainty_Score": 0.905, "Certainty_Grade": "Alta Certeza (Grado I)" }, "geometry": { "type": "Point", "coordinates": [ -6.209409, 42.630514 ] } },
{ "type": "Feature", "properties": { "mineID": 795, "site": "La Leitosa", "ancientName": null, "province": "Hispania Tarraconensis", "country": "Spain", "region": "León", "miningDistrict": "Cuencas de Cúa y Burbia", "romanianRANID": null, "sanchezPalenciaAndOrejasID": "CB-22", "domergueID": "LE 25", "spainMapSheet": 126.0, "lambertX": 348.0, "lambertY": 903.0, "latitude": 42.694997, "longitude": -6.765394, "coordinateAccuracy": 0.0, "locationDataSource": "Converted in QGIS from Lambert coords, Madrid 1870; refined by Google Earth and site visit 26/09/2021.", "locationNotes": null, "notBeforeOpeningDate": null, "notAfterOpeningDate": null, "notBeforeClosingDate": null, "notAfterClosingDate": null, "inUseDate": null, "metalMinedGold": "TRUE", "metalMinedSilver": 0.0, "metalMinedLead": 0.0, "metalMinedCopper": 0.0, "metalMinedTin": 0.0, "metalMinedIron": 0.0, "metalMinedMercuryCinnabar": 0.0, "metalMinedZinc": 0.0, "metalMinedOther": 0.0, "description": "Very large opencase worked by ruina montium technique; one tunnel still visible towards northern end of east face of opencast. Mine supplied by aqueduct said to be c. 40 km long.", "references": "Domergue 1990: 43; Sanchez-Palencia and Orejas 1994, 192", "techniqueOpencast": 1.0, "techniqueUnderground": 0.0, "techniqueHydraulic": "TRUE", "techniqueHushing": "FALSE", "techniqueGroundSluicing": "FALSE", "techniqueRuinaMontium": 1.0, "techniqueRakeComb": 0.0, "techniqueGoldWashing": 0.0, "techniqueOther": 0.0, "notes": null, "geology": "Tertiary alluvium", "depositType": "Secondary", "exploitationType": "Selective - Extensive", "Flag_Au_Oro": 1, "Status_Au_Oro": "Confirmado", "Flag_Ag_Plata": 0, "Status_Ag_Plata": "No", "Flag_Cu_Cobre": 0, "Status_Cu_Cobre": "No", "Flag_Pb_Plomo": 0, "Status_Pb_Plomo": "No", "Flag_Hg_Cinabrio": 0, "Status_Hg_Cinabrio": "No", "Flag_Sn_Estano": 0, "Status_Sn_Estano": "No", "Flag_Fe_Hierro": 0, "Status_Fe_Hierro": "No", "Tech_Ruina_Montium": 1, "Tech_Subterranea": 0, "Tech_Cielo_Abierto": 1, "Tech_Lavado_Placer": 0, "Certainty_Spatial": 1.0, "Certainty_Archaeological": 1.0, "Certainty_Metallogenic": 1.0, "Certainty_Score": 1.0, "Certainty_Grade": "Alta Certeza (Grado I)" }, "geometry": { "type": "Point", "coordinates": [ -6.765394, 42.694997 ] } },
{ "type": "Feature", "properties": { "mineID": 800, "site": "La Marta", "ancientName": null, "province": "Hispania Tarraconensis", "country": "Spain", "region": "Oviedo", "miningDistrict": "Cuenca del Navia", "romanianRANID": null, "sanchezPalenciaAndOrejasID": "NV-34", "domergueID": null, "spainMapSheet": null, "lambertX": null, "lambertY": null, "latitude": 43.295693, "longitude": -6.673351, "coordinateAccuracy": 100.0, "locationDataSource": "Guessed from Sanchez-Palencia and Orejas 1994, fig. 13; and Google Earth.", "locationNotes": null, "notBeforeOpeningDate": null, "notAfterOpeningDate": null, "notBeforeClosingDate": null, "notAfterClosingDate": null, "inUseDate": null, "metalMinedGold": "TRUE", "metalMinedSilver": 0.0, "metalMinedLead": 0.0, "metalMinedCopper": 0.0, "metalMinedTin": 0.0, "metalMinedIron": 0.0, "metalMinedMercuryCinnabar": 0.0, "metalMinedZinc": 0.0, "metalMinedOther": 0.0, "description": null, "references": "Sanchez-Palencia and Orejas 1994, 200", "techniqueOpencast": 1.0, "techniqueUnderground": 0.0, "techniqueHydraulic": "TRUE", "techniqueHushing": "TRUE", "techniqueGroundSluicing": "FALSE", "techniqueRuinaMontium": 0.0, "techniqueRakeComb": 0.0, "techniqueGoldWashing": 0.0, "techniqueOther": 0.0, "notes": null, "geology": null, "depositType": "Primary", "exploitationType": "Extensive", "Flag_Au_Oro": 1, "Status_Au_Oro": "Confirmado", "Flag_Ag_Plata": 0, "Status_Ag_Plata": "No", "Flag_Cu_Cobre": 0, "Status_Cu_Cobre": "No", "Flag_Pb_Plomo": 0, "Status_Pb_Plomo": "No", "Flag_Hg_Cinabrio": 0, "Status_Hg_Cinabrio": "No", "Flag_Sn_Estano": 0, "Status_Sn_Estano": "No", "Flag_Fe_Hierro": 0, "Status_Fe_Hierro": "No", "Tech_Ruina_Montium": 1, "Tech_Subterranea": 0, "Tech_Cielo_Abierto": 1, "Tech_Lavado_Placer": 0, "Certainty_Spatial": 1.0, "Certainty_Archaeological": 0.9, "Certainty_Metallogenic": 1.0, "Certainty_Score": 0.965, "Certainty_Grade": "Alta Certeza (Grado I)" }, "geometry": { "type": "Point", "coordinates": [ -6.673351, 43.295693 ] } },
{ "type": "Feature", "properties": { "mineID": 802, "site": "La Mata del Fraile", "ancientName": null, "province": "Hispania Tarraconensis", "country": "Spain", "region": "León", "miningDistrict": "Cuenca del Boeza", "romanianRANID": null, "sanchezPalenciaAndOrejasID": "BO-13", "domergueID": null, "spainMapSheet": null, "lambertX": null, "lambertY": null, "latitude": 42.647829, "longitude": -6.390663, "coordinateAccuracy": 500.0, "locationDataSource": "Estimated from Sanchez-Palencia and Orejas 1994, fig. 14, IGN map, and Google Earth", "locationNotes": null, "notBeforeOpeningDate": null, "notAfterOpeningDate": null, "notBeforeClosingDate": null, "notAfterClosingDate": null, "inUseDate": null, "metalMinedGold": "TRUE", "metalMinedSilver": 0.0, "metalMinedLead": 0.0, "metalMinedCopper": 0.0, "metalMinedTin": 0.0, "metalMinedIron": 0.0, "metalMinedMercuryCinnabar": 0.0, "metalMinedZinc": 0.0, "metalMinedOther": 0.0, "description": null, "references": "Sanchez-Palencia and Orejas 1994, 191", "techniqueOpencast": 1.0, "techniqueUnderground": 0.0, "techniqueHydraulic": "TRUE", "techniqueHushing": null, "techniqueGroundSluicing": null, "techniqueRuinaMontium": null, "techniqueRakeComb": null, "techniqueGoldWashing": null, "techniqueOther": null, "notes": null, "geology": null, "depositType": "Secondary", "exploitationType": "Extensive", "Flag_Au_Oro": 1, "Status_Au_Oro": "Confirmado", "Flag_Ag_Plata": 0, "Status_Ag_Plata": "No", "Flag_Cu_Cobre": 0, "Status_Cu_Cobre": "No", "Flag_Pb_Plomo": 0, "Status_Pb_Plomo": "No", "Flag_Hg_Cinabrio": 0, "Status_Hg_Cinabrio": "No", "Flag_Sn_Estano": 0, "Status_Sn_Estano": "No", "Flag_Fe_Hierro": 0, "Status_Fe_Hierro": "No", "Tech_Ruina_Montium": 1, "Tech_Subterranea": 0, "Tech_Cielo_Abierto": 1, "Tech_Lavado_Placer": 0, "Certainty_Spatial": 0.85, "Certainty_Archaeological": 0.9, "Certainty_Metallogenic": 1.0, "Certainty_Score": 0.905, "Certainty_Grade": "Alta Certeza (Grado I)" }, "geometry": { "type": "Point", "coordinates": [ -6.390663, 42.647829 ] } },
{ "type": "Feature", "properties": { "mineID": 805, "site": "La Mortera I", "ancientName": null, "province": "Hispania Tarraconensis", "country": "Spain", "region": "Oviedo", "miningDistrict": "Cuenca del Narcea", "romanianRANID": null, "sanchezPalenciaAndOrejasID": "NA-34", "domergueID": "O 28", "spainMapSheet": 50.0, "lambertX": 365.0, "lambertY": 972.5, "latitude": 43.3291, "longitude": -6.583859, "coordinateAccuracy": 1000.0, "locationDataSource": "Estimated from Sanchez-Palencia and Orejas 1994, fig. 13, IGN map, and Google Earth", "locationNotes": null, "notBeforeOpeningDate": null, "notAfterOpeningDate": null, "notBeforeClosingDate": null, "notAfterClosingDate": null, "inUseDate": null, "metalMinedGold": "TRUE", "metalMinedSilver": 0.0, "metalMinedLead": 0.0, "metalMinedCopper": 0.0, "metalMinedTin": 0.0, "metalMinedIron": 0.0, "metalMinedMercuryCinnabar": 0.0, "metalMinedZinc": 0.0, "metalMinedOther": 0.0, "description": null, "references": "Domergue 1990: 42; Sanchez-Palencia and Orejas 1994, 198", "techniqueOpencast": 1.0, "techniqueUnderground": 0.0, "techniqueHydraulic": "TRUE", "techniqueHushing": null, "techniqueGroundSluicing": null, "techniqueRuinaMontium": 0.0, "techniqueRakeComb": 0.0, "techniqueGoldWashing": 0.0, "techniqueOther": 0.0, "notes": null, "geology": "Hard rock", "depositType": "Primary", "exploitationType": "Selective - Extensive", "Flag_Au_Oro": 1, "Status_Au_Oro": "Confirmado", "Flag_Ag_Plata": 0, "Status_Ag_Plata": "No", "Flag_Cu_Cobre": 0, "Status_Cu_Cobre": "No", "Flag_Pb_Plomo": 0, "Status_Pb_Plomo": "No", "Flag_Hg_Cinabrio": 0, "Status_Hg_Cinabrio": "No", "Flag_Sn_Estano": 0, "Status_Sn_Estano": "No", "Flag_Fe_Hierro": 0, "Status_Fe_Hierro": "No", "Tech_Ruina_Montium": 1, "Tech_Subterranea": 0, "Tech_Cielo_Abierto": 1, "Tech_Lavado_Placer": 0, "Certainty_Spatial": 0.7, "Certainty_Archaeological": 1.0, "Certainty_Metallogenic": 1.0, "Certainty_Score": 0.88, "Certainty_Grade": "Alta Certeza (Grado I)" }, "geometry": { "type": "Point", "coordinates": [ -6.583859, 43.3291 ] } },
{ "type": "Feature", "properties": { "mineID": 806, "site": "La Mortera II", "ancientName": null, "province": "Hispania Tarraconensis", "country": "Spain", "region": "Oviedo", "miningDistrict": "Cuenca del Narcea", "romanianRANID": null, "sanchezPalenciaAndOrejasID": "NA-33", "domergueID": "O 28", "spainMapSheet": 50.0, "lambertX": 365.0, "lambertY": 972.5, "latitude": 43.321252, "longitude": -6.591589, "coordinateAccuracy": 1000.0, "locationDataSource": "Estimated from Sanchez-Palencia and Orejas 1994, fig. 13, IGN map, and Google Earth", "locationNotes": null, "notBeforeOpeningDate": null, "notAfterOpeningDate": null, "notBeforeClosingDate": null, "notAfterClosingDate": null, "inUseDate": null, "metalMinedGold": "TRUE", "metalMinedSilver": 0.0, "metalMinedLead": 0.0, "metalMinedCopper": 0.0, "metalMinedTin": 0.0, "metalMinedIron": 0.0, "metalMinedMercuryCinnabar": 0.0, "metalMinedZinc": 0.0, "metalMinedOther": 0.0, "description": null, "references": "Domergue 1990: 42; Sanchez-Palencia and Orejas 1994, 198", "techniqueOpencast": 1.0, "techniqueUnderground": 0.0, "techniqueHydraulic": "TRUE", "techniqueHushing": null, "techniqueGroundSluicing": null, "techniqueRuinaMontium": 0.0, "techniqueRakeComb": 0.0, "techniqueGoldWashing": 0.0, "techniqueOther": 0.0, "notes": null, "geology": "Hard rock", "depositType": "Primary", "exploitationType": "Extensive", "Flag_Au_Oro": 1, "Status_Au_Oro": "Confirmado", "Flag_Ag_Plata": 0, "Status_Ag_Plata": "No", "Flag_Cu_Cobre": 0, "Status_Cu_Cobre": "No", "Flag_Pb_Plomo": 0, "Status_Pb_Plomo": "No", "Flag_Hg_Cinabrio": 0, "Status_Hg_Cinabrio": "No", "Flag_Sn_Estano": 0, "Status_Sn_Estano": "No", "Flag_Fe_Hierro": 0, "Status_Fe_Hierro": "No", "Tech_Ruina_Montium": 1, "Tech_Subterranea": 0, "Tech_Cielo_Abierto": 1, "Tech_Lavado_Placer": 0, "Certainty_Spatial": 0.7, "Certainty_Archaeological": 1.0, "Certainty_Metallogenic": 1.0, "Certainty_Score": 0.88, "Certainty_Grade": "Alta Certeza (Grado I)" }, "geometry": { "type": "Point", "coordinates": [ -6.591589, 43.321252 ] } },
{ "type": "Feature", "properties": { "mineID": 809, "site": "La Omañuela", "ancientName": null, "province": "Hispania Tarraconensis", "country": "Spain", "region": "León", "miningDistrict": "Cuenca Alta del Orbigo", "romanianRANID": null, "sanchezPalenciaAndOrejasID": "AO-12", "domergueID": null, "spainMapSheet": null, "lambertX": null, "lambertY": null, "latitude": 42.777847, "longitude": -5.989934, "coordinateAccuracy": 1000.0, "locationDataSource": "Guessed: placename on Google Earth", "locationNotes": null, "notBeforeOpeningDate": null, "notAfterOpeningDate": null, "notBeforeClosingDate": null, "notAfterClosingDate": null, "inUseDate": null, "metalMinedGold": "TRUE", "metalMinedSilver": 0.0, "metalMinedLead": 0.0, "metalMinedCopper": 0.0, "metalMinedTin": 0.0, "metalMinedIron": 0.0, "metalMinedMercuryCinnabar": 0.0, "metalMinedZinc": 0.0, "metalMinedOther": 0.0, "description": null, "references": "Sanchez-Palencia and Orejas 1994, 188", "techniqueOpencast": 1.0, "techniqueUnderground": 0.0, "techniqueHydraulic": "TRUE", "techniqueHushing": null, "techniqueGroundSluicing": null, "techniqueRuinaMontium": null, "techniqueRakeComb": null, "techniqueGoldWashing": null, "techniqueOther": null, "notes": null, "geology": null, "depositType": "Secondary", "exploitationType": "Selective", "Flag_Au_Oro": 1, "Status_Au_Oro": "Confirmado", "Flag_Ag_Plata": 0, "Status_Ag_Plata": "No", "Flag_Cu_Cobre": 0, "Status_Cu_Cobre": "No", "Flag_Pb_Plomo": 0, "Status_Pb_Plomo": "No", "Flag_Hg_Cinabrio": 0, "Status_Hg_Cinabrio": "No", "Flag_Sn_Estano": 0, "Status_Sn_Estano": "No", "Flag_Fe_Hierro": 0, "Status_Fe_Hierro": "No", "Tech_Ruina_Montium": 1, "Tech_Subterranea": 0, "Tech_Cielo_Abierto": 1, "Tech_Lavado_Placer": 0, "Certainty_Spatial": 0.7, "Certainty_Archaeological": 0.9, "Certainty_Metallogenic": 1.0, "Certainty_Score": 0.845, "Certainty_Grade": "Alta Certeza (Grado I)" }, "geometry": { "type": "Point", "coordinates": [ -5.989934, 42.777847 ] } },
{ "type": "Feature", "properties": { "mineID": 814, "site": "La Pedreda", "ancientName": null, "province": "Hispania Tarraconensis", "country": "Spain", "region": "León", "miningDistrict": "Cuencas del Turienzo y Jerega", "romanianRANID": null, "sanchezPalenciaAndOrejasID": "TJ-21", "domergueID": null, "spainMapSheet": null, "lambertX": null, "lambertY": null, "latitude": 42.466681, "longitude": -6.234659, "coordinateAccuracy": 1000.0, "locationDataSource": "Guessed from Sanchez-Palencia and Orejas 1994, fig. 17 and Google Earth", "locationNotes": null, "notBeforeOpeningDate": null, "notAfterOpeningDate": null, "notBeforeClosingDate": null, "notAfterClosingDate": null, "inUseDate": null, "metalMinedGold": "TRUE", "metalMinedSilver": 0.0, "metalMinedLead": 0.0, "metalMinedCopper": 0.0, "metalMinedTin": 0.0, "metalMinedIron": 0.0, "metalMinedMercuryCinnabar": 0.0, "metalMinedZinc": 0.0, "metalMinedOther": 0.0, "description": null, "references": "Sanchez-Palencia and Orejas 1994, 202", "techniqueOpencast": 1.0, "techniqueUnderground": 0.0, "techniqueHydraulic": "TRUE", "techniqueHushing": null, "techniqueGroundSluicing": null, "techniqueRuinaMontium": null, "techniqueRakeComb": null, "techniqueGoldWashing": null, "techniqueOther": null, "notes": null, "geology": null, "depositType": "Secondary", "exploitationType": "Extensive", "Flag_Au_Oro": 1, "Status_Au_Oro": "Confirmado", "Flag_Ag_Plata": 0, "Status_Ag_Plata": "No", "Flag_Cu_Cobre": 0, "Status_Cu_Cobre": "No", "Flag_Pb_Plomo": 0, "Status_Pb_Plomo": "No", "Flag_Hg_Cinabrio": 0, "Status_Hg_Cinabrio": "No", "Flag_Sn_Estano": 0, "Status_Sn_Estano": "No", "Flag_Fe_Hierro": 0, "Status_Fe_Hierro": "No", "Tech_Ruina_Montium": 1, "Tech_Subterranea": 0, "Tech_Cielo_Abierto": 1, "Tech_Lavado_Placer": 0, "Certainty_Spatial": 0.7, "Certainty_Archaeological": 0.9, "Certainty_Metallogenic": 1.0, "Certainty_Score": 0.845, "Certainty_Grade": "Alta Certeza (Grado I)" }, "geometry": { "type": "Point", "coordinates": [ -6.234659, 42.466681 ] } },
{ "type": "Feature", "properties": { "mineID": 822, "site": "La Presa", "ancientName": null, "province": "Hispania Tarraconensis", "country": "Spain", "region": "León", "miningDistrict": "Valduerna", "romanianRANID": null, "sanchezPalenciaAndOrejasID": "DU-11", "domergueID": "LE 18", "spainMapSheet": 192.0, "lambertX": 376.4, "lambertY": 862.0, "latitude": 42.345102, "longitude": -6.32875, "coordinateAccuracy": 100.0, "locationDataSource": "Estimated from Sanchez-Palencia and Orejas 1994, fig. 17 and Google Earth", "locationNotes": null, "notBeforeOpeningDate": null, "notAfterOpeningDate": null, "notBeforeClosingDate": null, "notAfterClosingDate": null, "inUseDate": null, "metalMinedGold": "TRUE", "metalMinedSilver": 0.0, "metalMinedLead": 0.0, "metalMinedCopper": 0.0, "metalMinedTin": 0.0, "metalMinedIron": 0.0, "metalMinedMercuryCinnabar": 0.0, "metalMinedZinc": 0.0, "metalMinedOther": 0.0, "description": null, "references": "Domergue 1990: 43; Sanchez-Palencia and Orejas 1994, 192", "techniqueOpencast": 1.0, "techniqueUnderground": 0.0, "techniqueHydraulic": "TRUE", "techniqueHushing": "FALSE", "techniqueGroundSluicing": "TRUE", "techniqueRuinaMontium": 0.0, "techniqueRakeComb": 1.0, "techniqueGoldWashing": 0.0, "techniqueOther": 0.0, "notes": "Rake/comb workings, channels, and stone dumps", "geology": "Tertiary alluvium", "depositType": "Secondary", "exploitationType": "Selective - Extensive", "Flag_Au_Oro": 1, "Status_Au_Oro": "Confirmado", "Flag_Ag_Plata": 0, "Status_Ag_Plata": "No", "Flag_Cu_Cobre": 0, "Status_Cu_Cobre": "No", "Flag_Pb_Plomo": 0, "Status_Pb_Plomo": "No", "Flag_Hg_Cinabrio": 0, "Status_Hg_Cinabrio": "No", "Flag_Sn_Estano": 0, "Status_Sn_Estano": "No", "Flag_Fe_Hierro": 0, "Status_Fe_Hierro": "No", "Tech_Ruina_Montium": 1, "Tech_Subterranea": 0, "Tech_Cielo_Abierto": 1, "Tech_Lavado_Placer": 0, "Certainty_Spatial": 1.0, "Certainty_Archaeological": 1.0, "Certainty_Metallogenic": 1.0, "Certainty_Score": 1.0, "Certainty_Grade": "Alta Certeza (Grado I)" }, "geometry": { "type": "Point", "coordinates": [ -6.32875, 42.345102 ] } },
{ "type": "Feature", "properties": { "mineID": 823, "site": "La Presa", "ancientName": null, "province": "Hispania Tarraconensis", "country": "Spain", "region": "Oviedo", "miningDistrict": "Cuenca del Navia", "romanianRANID": null, "sanchezPalenciaAndOrejasID": "NV-46", "domergueID": null, "spainMapSheet": null, "lambertX": null, "lambertY": null, "latitude": 43.184306, "longitude": -6.774191, "coordinateAccuracy": 500.0, "locationDataSource": "Placename, Google Earth.", "locationNotes": null, "notBeforeOpeningDate": null, "notAfterOpeningDate": null, "notBeforeClosingDate": null, "notAfterClosingDate": null, "inUseDate": null, "metalMinedGold": "TRUE", "metalMinedSilver": 0.0, "metalMinedLead": 0.0, "metalMinedCopper": 0.0, "metalMinedTin": 0.0, "metalMinedIron": 0.0, "metalMinedMercuryCinnabar": 0.0, "metalMinedZinc": 0.0, "metalMinedOther": 0.0, "description": null, "references": "Sanchez-Palencia and Orejas 1994, 200", "techniqueOpencast": 1.0, "techniqueUnderground": 0.0, "techniqueHydraulic": "TRUE", "techniqueHushing": null, "techniqueGroundSluicing": null, "techniqueRuinaMontium": null, "techniqueRakeComb": null, "techniqueGoldWashing": null, "techniqueOther": null, "notes": null, "geology": null, "depositType": "Secondary", "exploitationType": "Extensive", "Flag_Au_Oro": 1, "Status_Au_Oro": "Confirmado", "Flag_Ag_Plata": 0, "Status_Ag_Plata": "No", "Flag_Cu_Cobre": 0, "Status_Cu_Cobre": "No", "Flag_Pb_Plomo": 0, "Status_Pb_Plomo": "No", "Flag_Hg_Cinabrio": 0, "Status_Hg_Cinabrio": "No", "Flag_Sn_Estano": 0, "Status_Sn_Estano": "No", "Flag_Fe_Hierro": 0, "Status_Fe_Hierro": "No", "Tech_Ruina_Montium": 1, "Tech_Subterranea": 0, "Tech_Cielo_Abierto": 1, "Tech_Lavado_Placer": 0, "Certainty_Spatial": 0.85, "Certainty_Archaeological": 0.9, "Certainty_Metallogenic": 1.0, "Certainty_Score": 0.905, "Certainty_Grade": "Alta Certeza (Grado I)" }, "geometry": { "type": "Point", "coordinates": [ -6.774191, 43.184306 ] } },
{ "type": "Feature", "properties": { "mineID": 825, "site": "La Puebla", "ancientName": null, "province": "Hispania Tarraconensis", "country": "Spain", "region": "León", "miningDistrict": "Cuenca Alta del Orbigo", "romanianRANID": null, "sanchezPalenciaAndOrejasID": "AO-10", "domergueID": null, "spainMapSheet": null, "lambertX": null, "lambertY": null, "latitude": 42.785947, "longitude": -6.033642, "coordinateAccuracy": 500.0, "locationDataSource": "Estimated from Sanchez-Palencia and Orejas 1994, fig. 15, IGN map placename, and Google Earth", "locationNotes": null, "notBeforeOpeningDate": null, "notAfterOpeningDate": null, "notBeforeClosingDate": null, "notAfterClosingDate": null, "inUseDate": null, "metalMinedGold": "TRUE", "metalMinedSilver": 0.0, "metalMinedLead": 0.0, "metalMinedCopper": 0.0, "metalMinedTin": 0.0, "metalMinedIron": 0.0, "metalMinedMercuryCinnabar": 0.0, "metalMinedZinc": 0.0, "metalMinedOther": 0.0, "description": null, "references": "Sanchez-Palencia and Orejas 1994, 188", "techniqueOpencast": 1.0, "techniqueUnderground": 0.0, "techniqueHydraulic": "TRUE", "techniqueHushing": null, "techniqueGroundSluicing": null, "techniqueRuinaMontium": null, "techniqueRakeComb": null, "techniqueGoldWashing": null, "techniqueOther": null, "notes": null, "geology": null, "depositType": "Secondary", "exploitationType": "Selective", "Flag_Au_Oro": 1, "Status_Au_Oro": "Confirmado", "Flag_Ag_Plata": 0, "Status_Ag_Plata": "No", "Flag_Cu_Cobre": 0, "Status_Cu_Cobre": "No", "Flag_Pb_Plomo": 0, "Status_Pb_Plomo": "No", "Flag_Hg_Cinabrio": 0, "Status_Hg_Cinabrio": "No", "Flag_Sn_Estano": 0, "Status_Sn_Estano": "No", "Flag_Fe_Hierro": 0, "Status_Fe_Hierro": "No", "Tech_Ruina_Montium": 1, "Tech_Subterranea": 0, "Tech_Cielo_Abierto": 1, "Tech_Lavado_Placer": 0, "Certainty_Spatial": 0.85, "Certainty_Archaeological": 0.9, "Certainty_Metallogenic": 1.0, "Certainty_Score": 0.905, "Certainty_Grade": "Alta Certeza (Grado I)" }, "geometry": { "type": "Point", "coordinates": [ -6.033642, 42.785947 ] } },
{ "type": "Feature", "properties": { "mineID": 828, "site": "La Reguera de las Llastras", "ancientName": null, "province": "Hispania Tarraconensis", "country": "Spain", "region": "León", "miningDistrict": "Cuencas del Turienzo y Jerega", "romanianRANID": null, "sanchezPalenciaAndOrejasID": "TJ-20", "domergueID": null, "spainMapSheet": null, "lambertX": null, "lambertY": null, "latitude": 42.474926, "longitude": -6.23992, "coordinateAccuracy": 500.0, "locationDataSource": "Estimated from Sanchez-Palencia and Orejas 1994, fig. 17 and Google Earth", "locationNotes": null, "notBeforeOpeningDate": null, "notAfterOpeningDate": null, "notBeforeClosingDate": null, "notAfterClosingDate": null, "inUseDate": null, "metalMinedGold": "TRUE", "metalMinedSilver": 0.0, "metalMinedLead": 0.0, "metalMinedCopper": 0.0, "metalMinedTin": 0.0, "metalMinedIron": 0.0, "metalMinedMercuryCinnabar": 0.0, "metalMinedZinc": 0.0, "metalMinedOther": 0.0, "description": null, "references": "Sanchez-Palencia and Orejas 1994, 202", "techniqueOpencast": 1.0, "techniqueUnderground": 0.0, "techniqueHydraulic": "TRUE", "techniqueHushing": null, "techniqueGroundSluicing": null, "techniqueRuinaMontium": null, "techniqueRakeComb": null, "techniqueGoldWashing": null, "techniqueOther": null, "notes": null, "geology": null, "depositType": "Secondary", "exploitationType": "Selective", "Flag_Au_Oro": 1, "Status_Au_Oro": "Confirmado", "Flag_Ag_Plata": 0, "Status_Ag_Plata": "No", "Flag_Cu_Cobre": 0, "Status_Cu_Cobre": "No", "Flag_Pb_Plomo": 0, "Status_Pb_Plomo": "No", "Flag_Hg_Cinabrio": 0, "Status_Hg_Cinabrio": "No", "Flag_Sn_Estano": 0, "Status_Sn_Estano": "No", "Flag_Fe_Hierro": 0, "Status_Fe_Hierro": "No", "Tech_Ruina_Montium": 1, "Tech_Subterranea": 0, "Tech_Cielo_Abierto": 1, "Tech_Lavado_Placer": 0, "Certainty_Spatial": 0.85, "Certainty_Archaeological": 0.9, "Certainty_Metallogenic": 1.0, "Certainty_Score": 0.905, "Certainty_Grade": "Alta Certeza (Grado I)" }, "geometry": { "type": "Point", "coordinates": [ -6.23992, 42.474926 ] } },
{ "type": "Feature", "properties": { "mineID": 837, "site": "La Vallada", "ancientName": null, "province": "Hispania Tarraconensis", "country": "Spain", "region": "León", "miningDistrict": "Cuenca media del Sil", "romanianRANID": null, "sanchezPalenciaAndOrejasID": "MS-070", "domergueID": null, "spainMapSheet": null, "lambertX": null, "lambertY": null, "latitude": 42.41317, "longitude": -6.665928, "coordinateAccuracy": 500.0, "locationDataSource": "Guessed from Google Earth, IGN map, and Sanchez-Palencia and Orejas 1994, fig. 16", "locationNotes": null, "notBeforeOpeningDate": null, "notAfterOpeningDate": null, "notBeforeClosingDate": null, "notAfterClosingDate": null, "inUseDate": null, "metalMinedGold": "TRUE", "metalMinedSilver": 0.0, "metalMinedLead": 0.0, "metalMinedCopper": 0.0, "metalMinedTin": 0.0, "metalMinedIron": 0.0, "metalMinedMercuryCinnabar": 0.0, "metalMinedZinc": 0.0, "metalMinedOther": 0.0, "description": null, "references": "Sanchez-Palencia and Orejas 1994, 196", "techniqueOpencast": 1.0, "techniqueUnderground": 0.0, "techniqueHydraulic": "TRUE", "techniqueHushing": null, "techniqueGroundSluicing": null, "techniqueRuinaMontium": null, "techniqueRakeComb": null, "techniqueGoldWashing": null, "techniqueOther": null, "notes": null, "geology": null, "depositType": "Secondary", "exploitationType": "Selective", "Flag_Au_Oro": 1, "Status_Au_Oro": "Confirmado", "Flag_Ag_Plata": 0, "Status_Ag_Plata": "No", "Flag_Cu_Cobre": 0, "Status_Cu_Cobre": "No", "Flag_Pb_Plomo": 0, "Status_Pb_Plomo": "No", "Flag_Hg_Cinabrio": 0, "Status_Hg_Cinabrio": "No", "Flag_Sn_Estano": 0, "Status_Sn_Estano": "No", "Flag_Fe_Hierro": 0, "Status_Fe_Hierro": "No", "Tech_Ruina_Montium": 1, "Tech_Subterranea": 0, "Tech_Cielo_Abierto": 1, "Tech_Lavado_Placer": 0, "Certainty_Spatial": 0.85, "Certainty_Archaeological": 0.9, "Certainty_Metallogenic": 1.0, "Certainty_Score": 0.905, "Certainty_Grade": "Alta Certeza (Grado I)" }, "geometry": { "type": "Point", "coordinates": [ -6.665928, 42.41317 ] } },
{ "type": "Feature", "properties": { "mineID": 838, "site": "La Vega Grande", "ancientName": null, "province": "Hispania Tarraconensis", "country": "Spain", "region": "León", "miningDistrict": "Sierra del Teleno", "romanianRANID": null, "sanchezPalenciaAndOrejasID": "TE-04", "domergueID": null, "spainMapSheet": null, "lambertX": null, "lambertY": null, "latitude": 42.344753, "longitude": -6.386178, "coordinateAccuracy": 200.0, "locationDataSource": "Estimated from Sanchez-Palencia and Orejas 1994, fig. 17, IGN map, and Google Earth", "locationNotes": null, "notBeforeOpeningDate": null, "notAfterOpeningDate": null, "notBeforeClosingDate": null, "notAfterClosingDate": null, "inUseDate": null, "metalMinedGold": "TRUE", "metalMinedSilver": 0.0, "metalMinedLead": 0.0, "metalMinedCopper": 0.0, "metalMinedTin": 0.0, "metalMinedIron": 0.0, "metalMinedMercuryCinnabar": 0.0, "metalMinedZinc": 0.0, "metalMinedOther": 0.0, "description": "Large reservoir for collecting meltwater.", "references": "Sanchez-Palencia and Orejas 1994, 201", "techniqueOpencast": 1.0, "techniqueUnderground": 0.0, "techniqueHydraulic": "TRUE", "techniqueHushing": null, "techniqueGroundSluicing": null, "techniqueRuinaMontium": null, "techniqueRakeComb": null, "techniqueGoldWashing": null, "techniqueOther": null, "notes": null, "geology": null, "depositType": "Secondary", "exploitationType": "Extensive", "Flag_Au_Oro": 1, "Status_Au_Oro": "Confirmado", "Flag_Ag_Plata": 0, "Status_Ag_Plata": "No", "Flag_Cu_Cobre": 0, "Status_Cu_Cobre": "No", "Flag_Pb_Plomo": 0, "Status_Pb_Plomo": "No", "Flag_Hg_Cinabrio": 0, "Status_Hg_Cinabrio": "No", "Flag_Sn_Estano": 0, "Status_Sn_Estano": "No", "Flag_Fe_Hierro": 0, "Status_Fe_Hierro": "No", "Tech_Ruina_Montium": 1, "Tech_Subterranea": 0, "Tech_Cielo_Abierto": 1, "Tech_Lavado_Placer": 0, "Certainty_Spatial": 0.85, "Certainty_Archaeological": 0.9, "Certainty_Metallogenic": 1.0, "Certainty_Score": 0.905, "Certainty_Grade": "Alta Certeza (Grado I)" }, "geometry": { "type": "Point", "coordinates": [ -6.386178, 42.344753 ] } },
{ "type": "Feature", "properties": { "mineID": 839, "site": "La Veguellina de Cepeda", "ancientName": null, "province": "Hispania Tarraconensis", "country": "Spain", "region": "León", "miningDistrict": "Cuenca Alta del Tuerto", "romanianRANID": null, "sanchezPalenciaAndOrejasID": "AT-24", "domergueID": null, "spainMapSheet": null, "lambertX": null, "lambertY": null, "latitude": 42.641016, "longitude": -6.015349, "coordinateAccuracy": 500.0, "locationDataSource": "Estimated from Sanchez-Palencia and Orejas 1994, fig. 15, and Google Earth", "locationNotes": null, "notBeforeOpeningDate": null, "notAfterOpeningDate": null, "notBeforeClosingDate": null, "notAfterClosingDate": null, "inUseDate": null, "metalMinedGold": "TRUE", "metalMinedSilver": 0.0, "metalMinedLead": 0.0, "metalMinedCopper": 0.0, "metalMinedTin": 0.0, "metalMinedIron": 0.0, "metalMinedMercuryCinnabar": 0.0, "metalMinedZinc": 0.0, "metalMinedOther": 0.0, "description": null, "references": "Sanchez-Palencia and Orejas 1994, 190", "techniqueOpencast": 1.0, "techniqueUnderground": 0.0, "techniqueHydraulic": "TRUE", "techniqueHushing": null, "techniqueGroundSluicing": null, "techniqueRuinaMontium": null, "techniqueRakeComb": null, "techniqueGoldWashing": null, "techniqueOther": null, "notes": null, "geology": null, "depositType": "Secondary", "exploitationType": "Extensive", "Flag_Au_Oro": 1, "Status_Au_Oro": "Confirmado", "Flag_Ag_Plata": 0, "Status_Ag_Plata": "No", "Flag_Cu_Cobre": 0, "Status_Cu_Cobre": "No", "Flag_Pb_Plomo": 0, "Status_Pb_Plomo": "No", "Flag_Hg_Cinabrio": 0, "Status_Hg_Cinabrio": "No", "Flag_Sn_Estano": 0, "Status_Sn_Estano": "No", "Flag_Fe_Hierro": 0, "Status_Fe_Hierro": "No", "Tech_Ruina_Montium": 1, "Tech_Subterranea": 0, "Tech_Cielo_Abierto": 1, "Tech_Lavado_Placer": 0, "Certainty_Spatial": 0.85, "Certainty_Archaeological": 0.9, "Certainty_Metallogenic": 1.0, "Certainty_Score": 0.905, "Certainty_Grade": "Alta Certeza (Grado I)" }, "geometry": { "type": "Point", "coordinates": [ -6.015349, 42.641016 ] } },
{ "type": "Feature", "properties": { "mineID": 845, "site": "Lago", "ancientName": null, "province": "Hispania Tarraconensis", "country": "Spain", "region": "Oviedo", "miningDistrict": "Cuenca del Navia", "romanianRANID": null, "sanchezPalenciaAndOrejasID": "NV-42", "domergueID": null, "spainMapSheet": null, "lambertX": null, "lambertY": null, "latitude": 43.243693, "longitude": -6.730794, "coordinateAccuracy": 1000.0, "locationDataSource": "Placename, Google Earth.", "locationNotes": null, "notBeforeOpeningDate": null, "notAfterOpeningDate": null, "notBeforeClosingDate": null, "notAfterClosingDate": null, "inUseDate": null, "metalMinedGold": "TRUE", "metalMinedSilver": 0.0, "metalMinedLead": 0.0, "metalMinedCopper": 0.0, "metalMinedTin": 0.0, "metalMinedIron": 0.0, "metalMinedMercuryCinnabar": 0.0, "metalMinedZinc": 0.0, "metalMinedOther": 0.0, "description": null, "references": "Sanchez-Palencia and Orejas 1994, 200", "techniqueOpencast": 1.0, "techniqueUnderground": 0.0, "techniqueHydraulic": "TRUE", "techniqueHushing": null, "techniqueGroundSluicing": null, "techniqueRuinaMontium": null, "techniqueRakeComb": null, "techniqueGoldWashing": null, "techniqueOther": null, "notes": null, "geology": null, "depositType": "Secondary", "exploitationType": "Selective", "Flag_Au_Oro": 1, "Status_Au_Oro": "Confirmado", "Flag_Ag_Plata": 0, "Status_Ag_Plata": "No", "Flag_Cu_Cobre": 0, "Status_Cu_Cobre": "No", "Flag_Pb_Plomo": 0, "Status_Pb_Plomo": "No", "Flag_Hg_Cinabrio": 0, "Status_Hg_Cinabrio": "No", "Flag_Sn_Estano": 0, "Status_Sn_Estano": "No", "Flag_Fe_Hierro": 0, "Status_Fe_Hierro": "No", "Tech_Ruina_Montium": 1, "Tech_Subterranea": 0, "Tech_Cielo_Abierto": 1, "Tech_Lavado_Placer": 0, "Certainty_Spatial": 0.7, "Certainty_Archaeological": 0.9, "Certainty_Metallogenic": 1.0, "Certainty_Score": 0.845, "Certainty_Grade": "Alta Certeza (Grado I)" }, "geometry": { "type": "Point", "coordinates": [ -6.730794, 43.243693 ] } },
{ "type": "Feature", "properties": { "mineID": 849, "site": "Lagueiro I", "ancientName": null, "province": "Hispania Tarraconensis", "country": "Spain", "region": "Oviedo", "miningDistrict": "Cuenca del Navia", "romanianRANID": null, "sanchezPalenciaAndOrejasID": "NV-22", "domergueID": null, "spainMapSheet": null, "lambertX": null, "lambertY": null, "latitude": 43.02386, "longitude": -6.86042, "coordinateAccuracy": 100.0, "locationDataSource": "Google Earth and Sanchez-Palencia and Orejas 1994, fig. 13.", "locationNotes": "probably same as Domergue Rio Ibias", "notBeforeOpeningDate": null, "notAfterOpeningDate": null, "notBeforeClosingDate": null, "notAfterClosingDate": null, "inUseDate": null, "metalMinedGold": "TRUE", "metalMinedSilver": 0.0, "metalMinedLead": 0.0, "metalMinedCopper": 0.0, "metalMinedTin": 0.0, "metalMinedIron": 0.0, "metalMinedMercuryCinnabar": 0.0, "metalMinedZinc": 0.0, "metalMinedOther": 0.0, "description": null, "references": "Sanchez-Palencia and Orejas 1994, 199", "techniqueOpencast": 1.0, "techniqueUnderground": 0.0, "techniqueHydraulic": "TRUE", "techniqueHushing": null, "techniqueGroundSluicing": null, "techniqueRuinaMontium": null, "techniqueRakeComb": null, "techniqueGoldWashing": null, "techniqueOther": null, "notes": null, "geology": null, "depositType": "Secondary", "exploitationType": "Extensive", "Flag_Au_Oro": 1, "Status_Au_Oro": "Confirmado", "Flag_Ag_Plata": 0, "Status_Ag_Plata": "No", "Flag_Cu_Cobre": 0, "Status_Cu_Cobre": "No", "Flag_Pb_Plomo": 0, "Status_Pb_Plomo": "No", "Flag_Hg_Cinabrio": 0, "Status_Hg_Cinabrio": "No", "Flag_Sn_Estano": 0, "Status_Sn_Estano": "No", "Flag_Fe_Hierro": 0, "Status_Fe_Hierro": "No", "Tech_Ruina_Montium": 1, "Tech_Subterranea": 0, "Tech_Cielo_Abierto": 1, "Tech_Lavado_Placer": 0, "Certainty_Spatial": 1.0, "Certainty_Archaeological": 0.9, "Certainty_Metallogenic": 1.0, "Certainty_Score": 0.965, "Certainty_Grade": "Alta Certeza (Grado I)" }, "geometry": { "type": "Point", "coordinates": [ -6.86042, 43.02386 ] } },
{ "type": "Feature", "properties": { "mineID": 850, "site": "Lagueiro II", "ancientName": null, "province": "Hispania Tarraconensis", "country": "Spain", "region": "Oviedo", "miningDistrict": "Cuenca del Navia", "romanianRANID": null, "sanchezPalenciaAndOrejasID": "NV-21", "domergueID": null, "spainMapSheet": null, "lambertX": null, "lambertY": null, "latitude": 43.021935, "longitude": -6.857337, "coordinateAccuracy": 100.0, "locationDataSource": "Google Earth and Sanchez-Palencia and Orejas 1994, fig. 13.", "locationNotes": null, "notBeforeOpeningDate": null, "notAfterOpeningDate": null, "notBeforeClosingDate": null, "notAfterClosingDate": null, "inUseDate": null, "metalMinedGold": "TRUE", "metalMinedSilver": 0.0, "metalMinedLead": 0.0, "metalMinedCopper": 0.0, "metalMinedTin": 0.0, "metalMinedIron": 0.0, "metalMinedMercuryCinnabar": 0.0, "metalMinedZinc": 0.0, "metalMinedOther": 0.0, "description": null, "references": "Sanchez-Palencia and Orejas 1994, 199", "techniqueOpencast": 1.0, "techniqueUnderground": 0.0, "techniqueHydraulic": "TRUE", "techniqueHushing": null, "techniqueGroundSluicing": null, "techniqueRuinaMontium": null, "techniqueRakeComb": null, "techniqueGoldWashing": null, "techniqueOther": null, "notes": null, "geology": null, "depositType": "Secondary", "exploitationType": "Extensive", "Flag_Au_Oro": 1, "Status_Au_Oro": "Confirmado", "Flag_Ag_Plata": 0, "Status_Ag_Plata": "No", "Flag_Cu_Cobre": 0, "Status_Cu_Cobre": "No", "Flag_Pb_Plomo": 0, "Status_Pb_Plomo": "No", "Flag_Hg_Cinabrio": 0, "Status_Hg_Cinabrio": "No", "Flag_Sn_Estano": 0, "Status_Sn_Estano": "No", "Flag_Fe_Hierro": 0, "Status_Fe_Hierro": "No", "Tech_Ruina_Montium": 1, "Tech_Subterranea": 0, "Tech_Cielo_Abierto": 1, "Tech_Lavado_Placer": 0, "Certainty_Spatial": 1.0, "Certainty_Archaeological": 0.9, "Certainty_Metallogenic": 1.0, "Certainty_Score": 0.965, "Certainty_Grade": "Alta Certeza (Grado I)" }, "geometry": { "type": "Point", "coordinates": [ -6.857337, 43.021935 ] } },
{ "type": "Feature", "properties": { "mineID": 853, "site": "Lamelas", "ancientName": null, "province": "Hispania Tarraconensis", "country": "Spain", "region": "Orense", "miningDistrict": "Cuenca media del Miño", "romanianRANID": null, "sanchezPalenciaAndOrejasID": "MM-16", "domergueID": null, "spainMapSheet": null, "lambertX": null, "lambertY": null, "latitude": 42.251258, "longitude": -7.590977, "coordinateAccuracy": 500.0, "locationDataSource": "Google Earth, placename", "locationNotes": null, "notBeforeOpeningDate": null, "notAfterOpeningDate": null, "notBeforeClosingDate": null, "notAfterClosingDate": null, "inUseDate": null, "metalMinedGold": "TRUE", "metalMinedSilver": 0.0, "metalMinedLead": 0.0, "metalMinedCopper": 0.0, "metalMinedTin": 0.0, "metalMinedIron": 0.0, "metalMinedMercuryCinnabar": 0.0, "metalMinedZinc": 0.0, "metalMinedOther": 0.0, "description": null, "references": "Sanchez-Palencia and Orejas 1994, 194", "techniqueOpencast": 1.0, "techniqueUnderground": 0.0, "techniqueHydraulic": "TRUE", "techniqueHushing": null, "techniqueGroundSluicing": null, "techniqueRuinaMontium": null, "techniqueRakeComb": null, "techniqueGoldWashing": null, "techniqueOther": null, "notes": null, "geology": null, "depositType": "Secondary", "exploitationType": "Selective - Extensive", "Flag_Au_Oro": 1, "Status_Au_Oro": "Confirmado", "Flag_Ag_Plata": 0, "Status_Ag_Plata": "No", "Flag_Cu_Cobre": 0, "Status_Cu_Cobre": "No", "Flag_Pb_Plomo": 0, "Status_Pb_Plomo": "No", "Flag_Hg_Cinabrio": 0, "Status_Hg_Cinabrio": "No", "Flag_Sn_Estano": 0, "Status_Sn_Estano": "No", "Flag_Fe_Hierro": 0, "Status_Fe_Hierro": "No", "Tech_Ruina_Montium": 1, "Tech_Subterranea": 0, "Tech_Cielo_Abierto": 1, "Tech_Lavado_Placer": 0, "Certainty_Spatial": 0.85, "Certainty_Archaeological": 0.9, "Certainty_Metallogenic": 1.0, "Certainty_Score": 0.905, "Certainty_Grade": "Alta Certeza (Grado I)" }, "geometry": { "type": "Point", "coordinates": [ -7.590977, 42.251258 ] } },
{ "type": "Feature", "properties": { "mineID": 856, "site": "Las Balinas", "ancientName": null, "province": "Hispania Tarraconensis", "country": "Spain", "region": "León", "miningDistrict": "Cuencas de Cúa y Burbia", "romanianRANID": null, "sanchezPalenciaAndOrejasID": "CB-15", "domergueID": null, "spainMapSheet": null, "lambertX": null, "lambertY": null, "latitude": 42.722711, "longitude": -6.738225, "coordinateAccuracy": 1000.0, "locationDataSource": "Estimated from Sanchez-Palencia and Orejas 1994, fig. 14, and Google Earth", "locationNotes": null, "notBeforeOpeningDate": null, "notAfterOpeningDate": null, "notBeforeClosingDate": null, "notAfterClosingDate": null, "inUseDate": null, "metalMinedGold": "TRUE", "metalMinedSilver": 0.0, "metalMinedLead": 0.0, "metalMinedCopper": 0.0, "metalMinedTin": 0.0, "metalMinedIron": 0.0, "metalMinedMercuryCinnabar": 0.0, "metalMinedZinc": 0.0, "metalMinedOther": 0.0, "description": null, "references": "Sanchez-Palencia and Orejas 1994, 191", "techniqueOpencast": 1.0, "techniqueUnderground": 0.0, "techniqueHydraulic": "TRUE", "techniqueHushing": null, "techniqueGroundSluicing": null, "techniqueRuinaMontium": null, "techniqueRakeComb": null, "techniqueGoldWashing": null, "techniqueOther": null, "notes": null, "geology": null, "depositType": "Secondary", "exploitationType": "Extensive", "Flag_Au_Oro": 1, "Status_Au_Oro": "Confirmado", "Flag_Ag_Plata": 0, "Status_Ag_Plata": "No", "Flag_Cu_Cobre": 0, "Status_Cu_Cobre": "No", "Flag_Pb_Plomo": 0, "Status_Pb_Plomo": "No", "Flag_Hg_Cinabrio": 0, "Status_Hg_Cinabrio": "No", "Flag_Sn_Estano": 0, "Status_Sn_Estano": "No", "Flag_Fe_Hierro": 0, "Status_Fe_Hierro": "No", "Tech_Ruina_Montium": 1, "Tech_Subterranea": 0, "Tech_Cielo_Abierto": 1, "Tech_Lavado_Placer": 0, "Certainty_Spatial": 0.7, "Certainty_Archaeological": 0.9, "Certainty_Metallogenic": 1.0, "Certainty_Score": 0.845, "Certainty_Grade": "Alta Certeza (Grado I)" }, "geometry": { "type": "Point", "coordinates": [ -6.738225, 42.722711 ] } },
{ "type": "Feature", "properties": { "mineID": 857, "site": "Las Cárcabas de Bustantigo", "ancientName": null, "province": "Hispania Tarraconensis", "country": "Spain", "region": "Oviedo", "miningDistrict": "Cuenca del Navia", "romanianRANID": null, "sanchezPalenciaAndOrejasID": "NV-77", "domergueID": null, "spainMapSheet": null, "lambertX": null, "lambertY": null, "latitude": 43.358364, "longitude": -6.693805, "coordinateAccuracy": 0.0, "locationDataSource": "Google Earth and IGN map.", "locationNotes": null, "notBeforeOpeningDate": null, "notAfterOpeningDate": null, "notBeforeClosingDate": null, "notAfterClosingDate": null, "inUseDate": null, "metalMinedGold": "TRUE", "metalMinedSilver": 0.0, "metalMinedLead": 0.0, "metalMinedCopper": 0.0, "metalMinedTin": 0.0, "metalMinedIron": 0.0, "metalMinedMercuryCinnabar": 0.0, "metalMinedZinc": 0.0, "metalMinedOther": 0.0, "description": null, "references": "Sanchez-Palencia and Orejas 1994, 201", "techniqueOpencast": 1.0, "techniqueUnderground": 0.0, "techniqueHydraulic": "TRUE", "techniqueHushing": "TRUE", "techniqueGroundSluicing": "FALSE", "techniqueRuinaMontium": 0.0, "techniqueRakeComb": 0.0, "techniqueGoldWashing": 0.0, "techniqueOther": 0.0, "notes": null, "geology": null, "depositType": "Primary", "exploitationType": "Extensive", "Flag_Au_Oro": 1, "Status_Au_Oro": "Confirmado", "Flag_Ag_Plata": 0, "Status_Ag_Plata": "No", "Flag_Cu_Cobre": 0, "Status_Cu_Cobre": "No", "Flag_Pb_Plomo": 0, "Status_Pb_Plomo": "No", "Flag_Hg_Cinabrio": 0, "Status_Hg_Cinabrio": "No", "Flag_Sn_Estano": 0, "Status_Sn_Estano": "No", "Flag_Fe_Hierro": 0, "Status_Fe_Hierro": "No", "Tech_Ruina_Montium": 1, "Tech_Subterranea": 0, "Tech_Cielo_Abierto": 1, "Tech_Lavado_Placer": 0, "Certainty_Spatial": 1.0, "Certainty_Archaeological": 0.9, "Certainty_Metallogenic": 1.0, "Certainty_Score": 0.965, "Certainty_Grade": "Alta Certeza (Grado I)" }, "geometry": { "type": "Point", "coordinates": [ -6.693805, 43.358364 ] } },
{ "type": "Feature", "properties": { "mineID": 859, "site": "Las Coronas", "ancientName": null, "province": "Hispania Tarraconensis", "country": "Spain", "region": "León", "miningDistrict": "Cuencas de Cúa y Burbia", "romanianRANID": null, "sanchezPalenciaAndOrejasID": "CB-37", "domergueID": null, "spainMapSheet": null, "lambertX": null, "lambertY": null, "latitude": 42.633493, "longitude": -6.861837, "coordinateAccuracy": 500.0, "locationDataSource": "Estimated from Sanchez-Palencia and Orejas 1994, fig. 14, IGN map, and Google Earth", "locationNotes": null, "notBeforeOpeningDate": null, "notAfterOpeningDate": null, "notBeforeClosingDate": null, "notAfterClosingDate": null, "inUseDate": null, "metalMinedGold": "TRUE", "metalMinedSilver": 0.0, "metalMinedLead": 0.0, "metalMinedCopper": 0.0, "metalMinedTin": 0.0, "metalMinedIron": 0.0, "metalMinedMercuryCinnabar": 0.0, "metalMinedZinc": 0.0, "metalMinedOther": 0.0, "description": null, "references": "Sanchez-Palencia and Orejas 1994, 192", "techniqueOpencast": 1.0, "techniqueUnderground": 0.0, "techniqueHydraulic": "TRUE", "techniqueHushing": null, "techniqueGroundSluicing": null, "techniqueRuinaMontium": null, "techniqueRakeComb": null, "techniqueGoldWashing": null, "techniqueOther": null, "notes": null, "geology": null, "depositType": "Secondary", "exploitationType": "Extensive", "Flag_Au_Oro": 1, "Status_Au_Oro": "Confirmado", "Flag_Ag_Plata": 0, "Status_Ag_Plata": "No", "Flag_Cu_Cobre": 0, "Status_Cu_Cobre": "No", "Flag_Pb_Plomo": 0, "Status_Pb_Plomo": "No", "Flag_Hg_Cinabrio": 0, "Status_Hg_Cinabrio": "No", "Flag_Sn_Estano": 0, "Status_Sn_Estano": "No", "Flag_Fe_Hierro": 0, "Status_Fe_Hierro": "No", "Tech_Ruina_Montium": 1, "Tech_Subterranea": 0, "Tech_Cielo_Abierto": 1, "Tech_Lavado_Placer": 0, "Certainty_Spatial": 0.85, "Certainty_Archaeological": 0.9, "Certainty_Metallogenic": 1.0, "Certainty_Score": 0.905, "Certainty_Grade": "Alta Certeza (Grado I)" }, "geometry": { "type": "Point", "coordinates": [ -6.861837, 42.633493 ] } },
{ "type": "Feature", "properties": { "mineID": 865, "site": "Las Gandarias I", "ancientName": null, "province": "Hispania Tarraconensis", "country": "Spain", "region": "León", "miningDistrict": "Cuenca del Boeza", "romanianRANID": null, "sanchezPalenciaAndOrejasID": "BO-02", "domergueID": null, "spainMapSheet": null, "lambertX": null, "lambertY": null, "latitude": 42.712221, "longitude": -6.35826, "coordinateAccuracy": 0.0, "locationDataSource": "From Sanchez-Palencia and Orejas 1994, fig. 14, IGN map, and Google Earth, refined by site visit 23/09/2021.", "locationNotes": null, "notBeforeOpeningDate": null, "notAfterOpeningDate": null, "notBeforeClosingDate": null, "notAfterClosingDate": null, "inUseDate": null, "metalMinedGold": "TRUE", "metalMinedSilver": 0.0, "metalMinedLead": 0.0, "metalMinedCopper": 0.0, "metalMinedTin": 0.0, "metalMinedIron": 0.0, "metalMinedMercuryCinnabar": 0.0, "metalMinedZinc": 0.0, "metalMinedOther": 0.0, "description": null, "references": "Sanchez-Palencia and Orejas 1994, 190", "techniqueOpencast": 1.0, "techniqueUnderground": 0.0, "techniqueHydraulic": "TRUE", "techniqueHushing": null, "techniqueGroundSluicing": null, "techniqueRuinaMontium": null, "techniqueRakeComb": null, "techniqueGoldWashing": null, "techniqueOther": null, "notes": null, "geology": null, "depositType": "Secondary", "exploitationType": "Extensive", "Flag_Au_Oro": 1, "Status_Au_Oro": "Confirmado", "Flag_Ag_Plata": 0, "Status_Ag_Plata": "No", "Flag_Cu_Cobre": 0, "Status_Cu_Cobre": "No", "Flag_Pb_Plomo": 0, "Status_Pb_Plomo": "No", "Flag_Hg_Cinabrio": 0, "Status_Hg_Cinabrio": "No", "Flag_Sn_Estano": 0, "Status_Sn_Estano": "No", "Flag_Fe_Hierro": 0, "Status_Fe_Hierro": "No", "Tech_Ruina_Montium": 1, "Tech_Subterranea": 0, "Tech_Cielo_Abierto": 1, "Tech_Lavado_Placer": 0, "Certainty_Spatial": 1.0, "Certainty_Archaeological": 0.9, "Certainty_Metallogenic": 1.0, "Certainty_Score": 0.965, "Certainty_Grade": "Alta Certeza (Grado I)" }, "geometry": { "type": "Point", "coordinates": [ -6.35826, 42.712221 ] } },
{ "type": "Feature", "properties": { "mineID": 866, "site": "Las Gandarias II", "ancientName": null, "province": "Hispania Tarraconensis", "country": "Spain", "region": "León", "miningDistrict": "Cuenca del Boeza", "romanianRANID": null, "sanchezPalenciaAndOrejasID": "BO-03", "domergueID": null, "spainMapSheet": null, "lambertX": null, "lambertY": null, "latitude": 42.712631, "longitude": -6.367476, "coordinateAccuracy": 0.0, "locationDataSource": "From Sanchez-Palencia and Orejas 1994, fig. 14, IGN map, and Google Earth, refined by site visit 23/09/2021.", "locationNotes": null, "notBeforeOpeningDate": null, "notAfterOpeningDate": null, "notBeforeClosingDate": null, "notAfterClosingDate": null, "inUseDate": null, "metalMinedGold": "TRUE", "metalMinedSilver": 0.0, "metalMinedLead": 0.0, "metalMinedCopper": 0.0, "metalMinedTin": 0.0, "metalMinedIron": 0.0, "metalMinedMercuryCinnabar": 0.0, "metalMinedZinc": 0.0, "metalMinedOther": 0.0, "description": null, "references": "Sanchez-Palencia and Orejas 1994, 190", "techniqueOpencast": 1.0, "techniqueUnderground": 0.0, "techniqueHydraulic": "TRUE", "techniqueHushing": null, "techniqueGroundSluicing": null, "techniqueRuinaMontium": null, "techniqueRakeComb": null, "techniqueGoldWashing": null, "techniqueOther": null, "notes": null, "geology": null, "depositType": "Secondary", "exploitationType": "Extensive", "Flag_Au_Oro": 1, "Status_Au_Oro": "Confirmado", "Flag_Ag_Plata": 0, "Status_Ag_Plata": "No", "Flag_Cu_Cobre": 0, "Status_Cu_Cobre": "No", "Flag_Pb_Plomo": 0, "Status_Pb_Plomo": "No", "Flag_Hg_Cinabrio": 0, "Status_Hg_Cinabrio": "No", "Flag_Sn_Estano": 0, "Status_Sn_Estano": "No", "Flag_Fe_Hierro": 0, "Status_Fe_Hierro": "No", "Tech_Ruina_Montium": 1, "Tech_Subterranea": 0, "Tech_Cielo_Abierto": 1, "Tech_Lavado_Placer": 0, "Certainty_Spatial": 1.0, "Certainty_Archaeological": 0.9, "Certainty_Metallogenic": 1.0, "Certainty_Score": 0.965, "Certainty_Grade": "Alta Certeza (Grado I)" }, "geometry": { "type": "Point", "coordinates": [ -6.367476, 42.712631 ] } },
{ "type": "Feature", "properties": { "mineID": 868, "site": "Las Grobas de Tremado I", "ancientName": null, "province": "Hispania Tarraconensis", "country": "Spain", "region": "Oviedo", "miningDistrict": "Cuenca del Navia", "romanianRANID": null, "sanchezPalenciaAndOrejasID": "NV-49", "domergueID": null, "spainMapSheet": null, "lambertX": null, "lambertY": null, "latitude": 43.166569, "longitude": -6.78908, "coordinateAccuracy": 500.0, "locationDataSource": "Placename, Google Earth, and Sanchez-Palencia and Orejas 1994, fig. 13.", "locationNotes": null, "notBeforeOpeningDate": null, "notAfterOpeningDate": null, "notBeforeClosingDate": null, "notAfterClosingDate": null, "inUseDate": null, "metalMinedGold": "TRUE", "metalMinedSilver": 0.0, "metalMinedLead": 0.0, "metalMinedCopper": 0.0, "metalMinedTin": 0.0, "metalMinedIron": 0.0, "metalMinedMercuryCinnabar": 0.0, "metalMinedZinc": 0.0, "metalMinedOther": 0.0, "description": null, "references": "Sanchez-Palencia and Orejas 1994, 200", "techniqueOpencast": 1.0, "techniqueUnderground": 0.0, "techniqueHydraulic": "TRUE", "techniqueHushing": null, "techniqueGroundSluicing": null, "techniqueRuinaMontium": null, "techniqueRakeComb": null, "techniqueGoldWashing": null, "techniqueOther": null, "notes": null, "geology": null, "depositType": "Secondary", "exploitationType": "Extensive", "Flag_Au_Oro": 1, "Status_Au_Oro": "Confirmado", "Flag_Ag_Plata": 0, "Status_Ag_Plata": "No", "Flag_Cu_Cobre": 0, "Status_Cu_Cobre": "No", "Flag_Pb_Plomo": 0, "Status_Pb_Plomo": "No", "Flag_Hg_Cinabrio": 0, "Status_Hg_Cinabrio": "No", "Flag_Sn_Estano": 0, "Status_Sn_Estano": "No", "Flag_Fe_Hierro": 0, "Status_Fe_Hierro": "No", "Tech_Ruina_Montium": 1, "Tech_Subterranea": 0, "Tech_Cielo_Abierto": 1, "Tech_Lavado_Placer": 0, "Certainty_Spatial": 0.85, "Certainty_Archaeological": 0.9, "Certainty_Metallogenic": 1.0, "Certainty_Score": 0.905, "Certainty_Grade": "Alta Certeza (Grado I)" }, "geometry": { "type": "Point", "coordinates": [ -6.78908, 43.166569 ] } },
{ "type": "Feature", "properties": { "mineID": 869, "site": "Las Grobas de Tremado II", "ancientName": null, "province": "Hispania Tarraconensis", "country": "Spain", "region": "Oviedo", "miningDistrict": "Cuenca del Navia", "romanianRANID": null, "sanchezPalenciaAndOrejasID": "NV-48", "domergueID": null, "spainMapSheet": null, "lambertX": null, "lambertY": null, "latitude": 43.168922, "longitude": -6.785964, "coordinateAccuracy": 500.0, "locationDataSource": "Placename, Google Earth, and Sanchez-Palencia and Orejas 1994, fig. 13.", "locationNotes": null, "notBeforeOpeningDate": null, "notAfterOpeningDate": null, "notBeforeClosingDate": null, "notAfterClosingDate": null, "inUseDate": null, "metalMinedGold": "TRUE", "metalMinedSilver": 0.0, "metalMinedLead": 0.0, "metalMinedCopper": 0.0, "metalMinedTin": 0.0, "metalMinedIron": 0.0, "metalMinedMercuryCinnabar": 0.0, "metalMinedZinc": 0.0, "metalMinedOther": 0.0, "description": null, "references": "Sanchez-Palencia and Orejas 1994, 200", "techniqueOpencast": 1.0, "techniqueUnderground": 0.0, "techniqueHydraulic": "TRUE", "techniqueHushing": null, "techniqueGroundSluicing": null, "techniqueRuinaMontium": null, "techniqueRakeComb": null, "techniqueGoldWashing": null, "techniqueOther": null, "notes": null, "geology": null, "depositType": "Secondary", "exploitationType": "Extensive", "Flag_Au_Oro": 1, "Status_Au_Oro": "Confirmado", "Flag_Ag_Plata": 0, "Status_Ag_Plata": "No", "Flag_Cu_Cobre": 0, "Status_Cu_Cobre": "No", "Flag_Pb_Plomo": 0, "Status_Pb_Plomo": "No", "Flag_Hg_Cinabrio": 0, "Status_Hg_Cinabrio": "No", "Flag_Sn_Estano": 0, "Status_Sn_Estano": "No", "Flag_Fe_Hierro": 0, "Status_Fe_Hierro": "No", "Tech_Ruina_Montium": 1, "Tech_Subterranea": 0, "Tech_Cielo_Abierto": 1, "Tech_Lavado_Placer": 0, "Certainty_Spatial": 0.85, "Certainty_Archaeological": 0.9, "Certainty_Metallogenic": 1.0, "Certainty_Score": 0.905, "Certainty_Grade": "Alta Certeza (Grado I)" }, "geometry": { "type": "Point", "coordinates": [ -6.785964, 43.168922 ] } },
{ "type": "Feature", "properties": { "mineID": 871, "site": "Las Lamas del Picón", "ancientName": null, "province": "Hispania Tarraconensis", "country": "Spain", "region": "León", "miningDistrict": "Cuencas de Cúa y Burbia", "romanianRANID": null, "sanchezPalenciaAndOrejasID": "CB-33", "domergueID": null, "spainMapSheet": null, "lambertX": null, "lambertY": null, "latitude": 42.639734, "longitude": -6.715576, "coordinateAccuracy": 500.0, "locationDataSource": "Estimated from Sanchez-Palencia and Orejas 1994, fig. 14, IGN map, and Google Earth", "locationNotes": null, "notBeforeOpeningDate": null, "notAfterOpeningDate": null, "notBeforeClosingDate": null, "notAfterClosingDate": null, "inUseDate": null, "metalMinedGold": "TRUE", "metalMinedSilver": 0.0, "metalMinedLead": 0.0, "metalMinedCopper": 0.0, "metalMinedTin": 0.0, "metalMinedIron": 0.0, "metalMinedMercuryCinnabar": 0.0, "metalMinedZinc": 0.0, "metalMinedOther": 0.0, "description": null, "references": "Sanchez-Palencia and Orejas 1994, 192", "techniqueOpencast": 1.0, "techniqueUnderground": 0.0, "techniqueHydraulic": "TRUE", "techniqueHushing": null, "techniqueGroundSluicing": null, "techniqueRuinaMontium": null, "techniqueRakeComb": null, "techniqueGoldWashing": null, "techniqueOther": null, "notes": "Castro near or adjacent to mines", "geology": null, "depositType": "Secondary", "exploitationType": "Extensive", "Flag_Au_Oro": 1, "Status_Au_Oro": "Confirmado", "Flag_Ag_Plata": 0, "Status_Ag_Plata": "No", "Flag_Cu_Cobre": 0, "Status_Cu_Cobre": "No", "Flag_Pb_Plomo": 0, "Status_Pb_Plomo": "No", "Flag_Hg_Cinabrio": 0, "Status_Hg_Cinabrio": "No", "Flag_Sn_Estano": 0, "Status_Sn_Estano": "No", "Flag_Fe_Hierro": 0, "Status_Fe_Hierro": "No", "Tech_Ruina_Montium": 1, "Tech_Subterranea": 0, "Tech_Cielo_Abierto": 1, "Tech_Lavado_Placer": 0, "Certainty_Spatial": 0.85, "Certainty_Archaeological": 0.9, "Certainty_Metallogenic": 1.0, "Certainty_Score": 0.905, "Certainty_Grade": "Alta Certeza (Grado I)" }, "geometry": { "type": "Point", "coordinates": [ -6.715576, 42.639734 ] } },
{ "type": "Feature", "properties": { "mineID": 872, "site": "Las Madroñeras", "ancientName": null, "province": "Hispania Tarraconensis", "country": "Spain", "region": "León", "miningDistrict": "Cuenca del Eria", "romanianRANID": null, "sanchezPalenciaAndOrejasID": "ER-23", "domergueID": null, "spainMapSheet": null, "lambertX": null, "lambertY": null, "latitude": 42.227116, "longitude": -6.253406, "coordinateAccuracy": 100.0, "locationDataSource": "Estimated from Sanchez-Palencia and Orejas 1994, fig. 17,  Fernández-Lozano et al. 2015, fig. 6, and Google Earth", "locationNotes": null, "notBeforeOpeningDate": null, "notAfterOpeningDate": null, "notBeforeClosingDate": null, "notAfterClosingDate": null, "inUseDate": null, "metalMinedGold": "TRUE", "metalMinedSilver": 0.0, "metalMinedLead": 0.0, "metalMinedCopper": 0.0, "metalMinedTin": 0.0, "metalMinedIron": 0.0, "metalMinedMercuryCinnabar": 0.0, "metalMinedZinc": 0.0, "metalMinedOther": 0.0, "description": null, "references": "Sanchez-Palencia and Orejas 1994, 193", "techniqueOpencast": 1.0, "techniqueUnderground": 0.0, "techniqueHydraulic": "TRUE", "techniqueHushing": "FALSE", "techniqueGroundSluicing": "FALSE", "techniqueRuinaMontium": 0.0, "techniqueRakeComb": 0.0, "techniqueGoldWashing": 0.0, "techniqueOther": 0.0, "notes": null, "geology": null, "depositType": "Secondary", "exploitationType": "Extensive", "Flag_Au_Oro": 1, "Status_Au_Oro": "Confirmado", "Flag_Ag_Plata": 0, "Status_Ag_Plata": "No", "Flag_Cu_Cobre": 0, "Status_Cu_Cobre": "No", "Flag_Pb_Plomo": 0, "Status_Pb_Plomo": "No", "Flag_Hg_Cinabrio": 0, "Status_Hg_Cinabrio": "No", "Flag_Sn_Estano": 0, "Status_Sn_Estano": "No", "Flag_Fe_Hierro": 0, "Status_Fe_Hierro": "No", "Tech_Ruina_Montium": 1, "Tech_Subterranea": 0, "Tech_Cielo_Abierto": 1, "Tech_Lavado_Placer": 0, "Certainty_Spatial": 1.0, "Certainty_Archaeological": 0.9, "Certainty_Metallogenic": 1.0, "Certainty_Score": 0.965, "Certainty_Grade": "Alta Certeza (Grado I)" }, "geometry": { "type": "Point", "coordinates": [ -6.253406, 42.227116 ] } },
{ "type": "Feature", "properties": { "mineID": 873, "site": "Las Mayadicas / Arroyo de las Mayadicas", "ancientName": null, "province": "Hispania Tarraconensis", "country": "Spain", "region": "León", "miningDistrict": "Sierra del Teleno", "romanianRANID": null, "sanchezPalenciaAndOrejasID": "TE-08", "domergueID": null, "spainMapSheet": null, "lambertX": null, "lambertY": null, "latitude": 42.299566, "longitude": -6.315066, "coordinateAccuracy": 500.0, "locationDataSource": "Estimated from Sanchez-Palencia and Orejas 1994, fig. 17, IGN map, and Google Earth", "locationNotes": null, "notBeforeOpeningDate": null, "notAfterOpeningDate": null, "notBeforeClosingDate": null, "notAfterClosingDate": null, "inUseDate": null, "metalMinedGold": "TRUE", "metalMinedSilver": 0.0, "metalMinedLead": 0.0, "metalMinedCopper": 0.0, "metalMinedTin": 0.0, "metalMinedIron": 0.0, "metalMinedMercuryCinnabar": 0.0, "metalMinedZinc": 0.0, "metalMinedOther": 0.0, "description": null, "references": "Sanchez-Palencia and Orejas 1994, 202", "techniqueOpencast": 1.0, "techniqueUnderground": 0.0, "techniqueHydraulic": "TRUE", "techniqueHushing": "TRUE", "techniqueGroundSluicing": "FALSE", "techniqueRuinaMontium": 0.0, "techniqueRakeComb": 0.0, "techniqueGoldWashing": 0.0, "techniqueOther": 0.0, "notes": null, "geology": null, "depositType": "Secondary", "exploitationType": "Selective - Extensive", "Flag_Au_Oro": 1, "Status_Au_Oro": "Confirmado", "Flag_Ag_Plata": 0, "Status_Ag_Plata": "No", "Flag_Cu_Cobre": 0, "Status_Cu_Cobre": "No", "Flag_Pb_Plomo": 0, "Status_Pb_Plomo": "No", "Flag_Hg_Cinabrio": 0, "Status_Hg_Cinabrio": "No", "Flag_Sn_Estano": 0, "Status_Sn_Estano": "No", "Flag_Fe_Hierro": 0, "Status_Fe_Hierro": "No", "Tech_Ruina_Montium": 1, "Tech_Subterranea": 0, "Tech_Cielo_Abierto": 1, "Tech_Lavado_Placer": 0, "Certainty_Spatial": 0.85, "Certainty_Archaeological": 0.9, "Certainty_Metallogenic": 1.0, "Certainty_Score": 0.905, "Certainty_Grade": "Alta Certeza (Grado I)" }, "geometry": { "type": "Point", "coordinates": [ -6.315066, 42.299566 ] } },
{ "type": "Feature", "properties": { "mineID": 875, "site": "Las Médulas", "ancientName": null, "province": "Hispania Tarraconensis", "country": "Spain", "region": "León", "miningDistrict": "Cuenca media del Sil", "romanianRANID": null, "sanchezPalenciaAndOrejasID": "MS-085", "domergueID": "LE 7", "spainMapSheet": null, "lambertX": null, "lambertY": null, "latitude": 42.45954964, "longitude": -6.7593122, "coordinateAccuracy": 0.0, "locationDataSource": "Google Earth", "locationNotes": null, "notBeforeOpeningDate": 1.0, "notAfterOpeningDate": 225.0, "notBeforeClosingDate": 50.0, "notAfterClosingDate": 250.0, "inUseDate": null, "metalMinedGold": "TRUE", "metalMinedSilver": 0.0, "metalMinedLead": 0.0, "metalMinedCopper": 0.0, "metalMinedTin": 0.0, "metalMinedIron": 0.0, "metalMinedMercuryCinnabar": 0.0, "metalMinedZinc": 0.0, "metalMinedOther": 0.0, "description": null, "references": "Domergue 1990: 43; Sanchez-Palencia and Orejas 1994, 196; Sanchez-Palencia 2000.", "techniqueOpencast": 1.0, "techniqueUnderground": 0.0, "techniqueHydraulic": "TRUE", "techniqueHushing": "TRUE", "techniqueGroundSluicing": "FALSE", "techniqueRuinaMontium": 1.0, "techniqueRakeComb": 0.0, "techniqueGoldWashing": 0.0, "techniqueOther": 0.0, "notes": null, "geology": "Tertiary alluvium", "depositType": "Secondary", "exploitationType": "Selective - Extensive", "Flag_Au_Oro": 1, "Status_Au_Oro": "Confirmado", "Flag_Ag_Plata": 0, "Status_Ag_Plata": "No", "Flag_Cu_Cobre": 0, "Status_Cu_Cobre": "No", "Flag_Pb_Plomo": 0, "Status_Pb_Plomo": "No", "Flag_Hg_Cinabrio": 0, "Status_Hg_Cinabrio": "No", "Flag_Sn_Estano": 0, "Status_Sn_Estano": "No", "Flag_Fe_Hierro": 0, "Status_Fe_Hierro": "No", "Tech_Ruina_Montium": 1, "Tech_Subterranea": 0, "Tech_Cielo_Abierto": 1, "Tech_Lavado_Placer": 0, "Certainty_Spatial": 1.0, "Certainty_Archaeological": 1.0, "Certainty_Metallogenic": 1.0, "Certainty_Score": 1.0, "Certainty_Grade": "Alta Certeza (Grado I)" }, "geometry": { "type": "Point", "coordinates": [ -6.7593122, 42.45954964 ] } },
{ "type": "Feature", "properties": { "mineID": 876, "site": "Las Médulas de la Omañas (Miédolas)", "ancientName": null, "province": "Hispania Tarraconensis", "country": "Spain", "region": "León", "miningDistrict": "Cuenca Alta del Orbigo", "romanianRANID": null, "sanchezPalenciaAndOrejasID": "AO-18", "domergueID": "LE 15", "spainMapSheet": null, "lambertX": null, "lambertY": null, "latitude": 42.669059, "longitude": -5.87628, "coordinateAccuracy": 0.0, "locationDataSource": "Google Earth", "locationNotes": null, "notBeforeOpeningDate": 1.0, "notAfterOpeningDate": 225.0, "notBeforeClosingDate": 50.0, "notAfterClosingDate": 250.0, "inUseDate": null, "metalMinedGold": "TRUE", "metalMinedSilver": 0.0, "metalMinedLead": 0.0, "metalMinedCopper": 0.0, "metalMinedTin": 0.0, "metalMinedIron": 0.0, "metalMinedMercuryCinnabar": 0.0, "metalMinedZinc": 0.0, "metalMinedOther": 0.0, "description": "3 main aqueducts fed this mine; one is 21.5 km long from Murias de Ponjos, and another 17.5 km from Ponjos. http://www.diariodeleon.es/noticias/cultura/identifican-mas-50-kilometros-canalizacion-romana-omana_535566.html", "references": "Domergue 1990: 42; Sanchez-Palencia and Orejas 1994, 189", "techniqueOpencast": 0.0, "techniqueUnderground": 0.0, "techniqueHydraulic": "TRUE", "techniqueHushing": "FALSE", "techniqueGroundSluicing": "TRUE", "techniqueRuinaMontium": 0.0, "techniqueRakeComb": 1.0, "techniqueGoldWashing": 0.0, "techniqueOther": 0.0, "notes": null, "geology": "Alluvium and Quaternary terraces", "depositType": "Secondary", "exploitationType": "Selective - Extensive", "Flag_Au_Oro": 1, "Status_Au_Oro": "Confirmado", "Flag_Ag_Plata": 0, "Status_Ag_Plata": "No", "Flag_Cu_Cobre": 0, "Status_Cu_Cobre": "No", "Flag_Pb_Plomo": 0, "Status_Pb_Plomo": "No", "Flag_Hg_Cinabrio": 0, "Status_Hg_Cinabrio": "No", "Flag_Sn_Estano": 0, "Status_Sn_Estano": "No", "Flag_Fe_Hierro": 0, "Status_Fe_Hierro": "No", "Tech_Ruina_Montium": 1, "Tech_Subterranea": 0, "Tech_Cielo_Abierto": 1, "Tech_Lavado_Placer": 0, "Certainty_Spatial": 1.0, "Certainty_Archaeological": 1.0, "Certainty_Metallogenic": 1.0, "Certainty_Score": 1.0, "Certainty_Grade": "Alta Certeza (Grado I)" }, "geometry": { "type": "Point", "coordinates": [ -5.87628, 42.669059 ] } },
{ "type": "Feature", "properties": { "mineID": 878, "site": "Las Miédulas - Las Lagunas", "ancientName": null, "province": "Hispania Tarraconensis", "country": "Spain", "region": "León", "miningDistrict": "Cuencas del Turienzo y Jerega", "romanianRANID": null, "sanchezPalenciaAndOrejasID": "TJ-11", "domergueID": null, "spainMapSheet": null, "lambertX": null, "lambertY": null, "latitude": 42.44679, "longitude": -6.234369, "coordinateAccuracy": 500.0, "locationDataSource": "Estimated from Sanchez-Palencia and Orejas 1994, fig. 17 and Google Earth", "locationNotes": null, "notBeforeOpeningDate": null, "notAfterOpeningDate": null, "notBeforeClosingDate": null, "notAfterClosingDate": null, "inUseDate": null, "metalMinedGold": "TRUE", "metalMinedSilver": 0.0, "metalMinedLead": 0.0, "metalMinedCopper": 0.0, "metalMinedTin": 0.0, "metalMinedIron": 0.0, "metalMinedMercuryCinnabar": 0.0, "metalMinedZinc": 0.0, "metalMinedOther": 0.0, "description": null, "references": "Sanchez-Palencia and Orejas 1994, 202", "techniqueOpencast": 1.0, "techniqueUnderground": 0.0, "techniqueHydraulic": "TRUE", "techniqueHushing": null, "techniqueGroundSluicing": null, "techniqueRuinaMontium": 0.0, "techniqueRakeComb": 0.0, "techniqueGoldWashing": 0.0, "techniqueOther": 0.0, "notes": null, "geology": null, "depositType": "Secondary", "exploitationType": "Selective - Extensive", "Flag_Au_Oro": 1, "Status_Au_Oro": "Confirmado", "Flag_Ag_Plata": 0, "Status_Ag_Plata": "No", "Flag_Cu_Cobre": 0, "Status_Cu_Cobre": "No", "Flag_Pb_Plomo": 0, "Status_Pb_Plomo": "No", "Flag_Hg_Cinabrio": 0, "Status_Hg_Cinabrio": "No", "Flag_Sn_Estano": 0, "Status_Sn_Estano": "No", "Flag_Fe_Hierro": 0, "Status_Fe_Hierro": "No", "Tech_Ruina_Montium": 1, "Tech_Subterranea": 0, "Tech_Cielo_Abierto": 1, "Tech_Lavado_Placer": 0, "Certainty_Spatial": 0.85, "Certainty_Archaeological": 0.9, "Certainty_Metallogenic": 1.0, "Certainty_Score": 0.905, "Certainty_Grade": "Alta Certeza (Grado I)" }, "geometry": { "type": "Point", "coordinates": [ -6.234369, 42.44679 ] } },
{ "type": "Feature", "properties": { "mineID": 882, "site": "Las Moracas", "ancientName": null, "province": "Hispania Tarraconensis", "country": "Spain", "region": "León", "miningDistrict": "Cuencas de Cúa y Burbia", "romanianRANID": null, "sanchezPalenciaAndOrejasID": "CB-04", "domergueID": null, "spainMapSheet": null, "lambertX": null, "lambertY": null, "latitude": 42.816687, "longitude": -6.719624, "coordinateAccuracy": 0.0, "locationDataSource": "Estimated from Sanchez-Palencia and Orejas 1994, fig. 14, IGN map, and Google Earth", "locationNotes": "Stone dumps visible on Google Earth.", "notBeforeOpeningDate": null, "notAfterOpeningDate": null, "notBeforeClosingDate": null, "notAfterClosingDate": null, "inUseDate": null, "metalMinedGold": "TRUE", "metalMinedSilver": 0.0, "metalMinedLead": 0.0, "metalMinedCopper": 0.0, "metalMinedTin": 0.0, "metalMinedIron": 0.0, "metalMinedMercuryCinnabar": 0.0, "metalMinedZinc": 0.0, "metalMinedOther": 0.0, "description": null, "references": "Sanchez-Palencia and Orejas 1994, 191", "techniqueOpencast": 1.0, "techniqueUnderground": 0.0, "techniqueHydraulic": "TRUE", "techniqueHushing": "FALSE", "techniqueGroundSluicing": "TRUE", "techniqueRuinaMontium": 0.0, "techniqueRakeComb": 0.0, "techniqueGoldWashing": 0.0, "techniqueOther": 0.0, "notes": null, "geology": null, "depositType": "Secondary", "exploitationType": "Selective - Extensive", "Flag_Au_Oro": 1, "Status_Au_Oro": "Confirmado", "Flag_Ag_Plata": 0, "Status_Ag_Plata": "No", "Flag_Cu_Cobre": 0, "Status_Cu_Cobre": "No", "Flag_Pb_Plomo": 0, "Status_Pb_Plomo": "No", "Flag_Hg_Cinabrio": 0, "Status_Hg_Cinabrio": "No", "Flag_Sn_Estano": 0, "Status_Sn_Estano": "No", "Flag_Fe_Hierro": 0, "Status_Fe_Hierro": "No", "Tech_Ruina_Montium": 1, "Tech_Subterranea": 0, "Tech_Cielo_Abierto": 1, "Tech_Lavado_Placer": 0, "Certainty_Spatial": 1.0, "Certainty_Archaeological": 0.9, "Certainty_Metallogenic": 1.0, "Certainty_Score": 0.965, "Certainty_Grade": "Alta Certeza (Grado I)" }, "geometry": { "type": "Point", "coordinates": [ -6.719624, 42.816687 ] } },
{ "type": "Feature", "properties": { "mineID": 886, "site": "Las Murias - Los Tallares", "ancientName": null, "province": "Hispania Tarraconensis", "country": "Spain", "region": "León", "miningDistrict": "Cuenca del Eria", "romanianRANID": null, "sanchezPalenciaAndOrejasID": "ER-25", "domergueID": "LE 9", "spainMapSheet": 230.0, "lambertX": 391.0, "lambertY": 847.0, "latitude": 42.19946187, "longitude": -6.21983439, "coordinateAccuracy": 0.0, "locationDataSource": "Google Earth", "locationNotes": "Huge zone 4.6 km x 500 m worked by hydraulic mining to a depth of 10 m", "notBeforeOpeningDate": null, "notAfterOpeningDate": null, "notBeforeClosingDate": null, "notAfterClosingDate": null, "inUseDate": null, "metalMinedGold": "TRUE", "metalMinedSilver": 0.0, "metalMinedLead": 0.0, "metalMinedCopper": 0.0, "metalMinedTin": 0.0, "metalMinedIron": 0.0, "metalMinedMercuryCinnabar": 0.0, "metalMinedZinc": 0.0, "metalMinedOther": 0.0, "description": null, "references": "Domergue 1990: 43; Sanchez-Palencia and Orejas 1994, 193", "techniqueOpencast": 1.0, "techniqueUnderground": 0.0, "techniqueHydraulic": "TRUE", "techniqueHushing": "FALSE", "techniqueGroundSluicing": "TRUE", "techniqueRuinaMontium": 0.0, "techniqueRakeComb": 1.0, "techniqueGoldWashing": 0.0, "techniqueOther": 0.0, "notes": null, "geology": "Colluvial deposits and river terrace", "depositType": "Secondary", "exploitationType": "Selective - Extensive", "Flag_Au_Oro": 1, "Status_Au_Oro": "Confirmado", "Flag_Ag_Plata": 0, "Status_Ag_Plata": "No", "Flag_Cu_Cobre": 0, "Status_Cu_Cobre": "No", "Flag_Pb_Plomo": 0, "Status_Pb_Plomo": "No", "Flag_Hg_Cinabrio": 0, "Status_Hg_Cinabrio": "No", "Flag_Sn_Estano": 0, "Status_Sn_Estano": "No", "Flag_Fe_Hierro": 0, "Status_Fe_Hierro": "No", "Tech_Ruina_Montium": 1, "Tech_Subterranea": 0, "Tech_Cielo_Abierto": 1, "Tech_Lavado_Placer": 0, "Certainty_Spatial": 1.0, "Certainty_Archaeological": 1.0, "Certainty_Metallogenic": 1.0, "Certainty_Score": 1.0, "Certainty_Grade": "Alta Certeza (Grado I)" }, "geometry": { "type": "Point", "coordinates": [ -6.21983439, 42.19946187 ] } },
{ "type": "Feature", "properties": { "mineID": 888, "site": "Las Pedrizas de San Payo", "ancientName": null, "province": "Hispania Tarraconensis", "country": "Spain", "region": "León", "miningDistrict": "Cuencas de Cúa y Burbia", "romanianRANID": null, "sanchezPalenciaAndOrejasID": "CB-18", "domergueID": null, "spainMapSheet": null, "lambertX": null, "lambertY": null, "latitude": 42.709842, "longitude": -6.715109, "coordinateAccuracy": 1000.0, "locationDataSource": "Estimated from Sanchez-Palencia and Orejas 1994, fig. 14, and Google Earth", "locationNotes": null, "notBeforeOpeningDate": null, "notAfterOpeningDate": null, "notBeforeClosingDate": null, "notAfterClosingDate": null, "inUseDate": null, "metalMinedGold": "TRUE", "metalMinedSilver": 0.0, "metalMinedLead": 0.0, "metalMinedCopper": 0.0, "metalMinedTin": 0.0, "metalMinedIron": 0.0, "metalMinedMercuryCinnabar": 0.0, "metalMinedZinc": 0.0, "metalMinedOther": 0.0, "description": null, "references": "Sanchez-Palencia and Orejas 1994, 191", "techniqueOpencast": 1.0, "techniqueUnderground": 0.0, "techniqueHydraulic": "TRUE", "techniqueHushing": null, "techniqueGroundSluicing": null, "techniqueRuinaMontium": null, "techniqueRakeComb": null, "techniqueGoldWashing": null, "techniqueOther": null, "notes": null, "geology": null, "depositType": "Secondary", "exploitationType": "Extensive", "Flag_Au_Oro": 1, "Status_Au_Oro": "Confirmado", "Flag_Ag_Plata": 0, "Status_Ag_Plata": "No", "Flag_Cu_Cobre": 0, "Status_Cu_Cobre": "No", "Flag_Pb_Plomo": 0, "Status_Pb_Plomo": "No", "Flag_Hg_Cinabrio": 0, "Status_Hg_Cinabrio": "No", "Flag_Sn_Estano": 0, "Status_Sn_Estano": "No", "Flag_Fe_Hierro": 0, "Status_Fe_Hierro": "No", "Tech_Ruina_Montium": 1, "Tech_Subterranea": 0, "Tech_Cielo_Abierto": 1, "Tech_Lavado_Placer": 0, "Certainty_Spatial": 0.7, "Certainty_Archaeological": 0.9, "Certainty_Metallogenic": 1.0, "Certainty_Score": 0.845, "Certainty_Grade": "Alta Certeza (Grado I)" }, "geometry": { "type": "Point", "coordinates": [ -6.715109, 42.709842 ] } },
{ "type": "Feature", "properties": { "mineID": 890, "site": "Las Reguillinas", "ancientName": null, "province": "Hispania Tarraconensis", "country": "Spain", "region": "León", "miningDistrict": "Sierra del Teleno", "romanianRANID": null, "sanchezPalenciaAndOrejasID": "TE-02", "domergueID": null, "spainMapSheet": null, "lambertX": null, "lambertY": null, "latitude": 42.35597, "longitude": -6.386252, "coordinateAccuracy": 500.0, "locationDataSource": "Estimated from Sanchez-Palencia and Orejas 1994, fig. 17, IGN map, and Google Earth", "locationNotes": null, "notBeforeOpeningDate": null, "notAfterOpeningDate": null, "notBeforeClosingDate": null, "notAfterClosingDate": null, "inUseDate": null, "metalMinedGold": "TRUE", "metalMinedSilver": 0.0, "metalMinedLead": 0.0, "metalMinedCopper": 0.0, "metalMinedTin": 0.0, "metalMinedIron": 0.0, "metalMinedMercuryCinnabar": 0.0, "metalMinedZinc": 0.0, "metalMinedOther": 0.0, "description": null, "references": "Sanchez-Palencia and Orejas 1994, 201", "techniqueOpencast": 1.0, "techniqueUnderground": 0.0, "techniqueHydraulic": "TRUE", "techniqueHushing": null, "techniqueGroundSluicing": null, "techniqueRuinaMontium": null, "techniqueRakeComb": null, "techniqueGoldWashing": null, "techniqueOther": null, "notes": null, "geology": null, "depositType": "Secondary", "exploitationType": "Extensive", "Flag_Au_Oro": 1, "Status_Au_Oro": "Confirmado", "Flag_Ag_Plata": 0, "Status_Ag_Plata": "No", "Flag_Cu_Cobre": 0, "Status_Cu_Cobre": "No", "Flag_Pb_Plomo": 0, "Status_Pb_Plomo": "No", "Flag_Hg_Cinabrio": 0, "Status_Hg_Cinabrio": "No", "Flag_Sn_Estano": 0, "Status_Sn_Estano": "No", "Flag_Fe_Hierro": 0, "Status_Fe_Hierro": "No", "Tech_Ruina_Montium": 1, "Tech_Subterranea": 0, "Tech_Cielo_Abierto": 1, "Tech_Lavado_Placer": 0, "Certainty_Spatial": 0.85, "Certainty_Archaeological": 0.9, "Certainty_Metallogenic": 1.0, "Certainty_Score": 0.905, "Certainty_Grade": "Alta Certeza (Grado I)" }, "geometry": { "type": "Point", "coordinates": [ -6.386252, 42.35597 ] } },
{ "type": "Feature", "properties": { "mineID": 893, "site": "Las Tarafinas", "ancientName": null, "province": "Hispania Tarraconensis", "country": "Spain", "region": "León", "miningDistrict": "Cuenca del Boeza", "romanianRANID": null, "sanchezPalenciaAndOrejasID": "BO-10", "domergueID": null, "spainMapSheet": null, "lambertX": null, "lambertY": null, "latitude": 42.685658, "longitude": -6.396074, "coordinateAccuracy": 0.0, "locationDataSource": "From Sanchez-Palencia and Orejas 1994, fig. 14 and Google Earth, refined by site visit 23/09/2021.", "locationNotes": null, "notBeforeOpeningDate": null, "notAfterOpeningDate": null, "notBeforeClosingDate": null, "notAfterClosingDate": null, "inUseDate": null, "metalMinedGold": "TRUE", "metalMinedSilver": 0.0, "metalMinedLead": 0.0, "metalMinedCopper": 0.0, "metalMinedTin": 0.0, "metalMinedIron": 0.0, "metalMinedMercuryCinnabar": 0.0, "metalMinedZinc": 0.0, "metalMinedOther": 0.0, "description": null, "references": "Sanchez-Palencia and Orejas 1994, 191", "techniqueOpencast": 1.0, "techniqueUnderground": 0.0, "techniqueHydraulic": "TRUE", "techniqueHushing": "FALSE", "techniqueGroundSluicing": "TRUE", "techniqueRuinaMontium": 0.0, "techniqueRakeComb": 0.0, "techniqueGoldWashing": 0.0, "techniqueOther": 0.0, "notes": null, "geology": "Alluvial deposits", "depositType": "Secondary", "exploitationType": "Extensive", "Flag_Au_Oro": 1, "Status_Au_Oro": "Confirmado", "Flag_Ag_Plata": 0, "Status_Ag_Plata": "No", "Flag_Cu_Cobre": 0, "Status_Cu_Cobre": "No", "Flag_Pb_Plomo": 0, "Status_Pb_Plomo": "No", "Flag_Hg_Cinabrio": 0, "Status_Hg_Cinabrio": "No", "Flag_Sn_Estano": 0, "Status_Sn_Estano": "No", "Flag_Fe_Hierro": 0, "Status_Fe_Hierro": "No", "Tech_Ruina_Montium": 1, "Tech_Subterranea": 0, "Tech_Cielo_Abierto": 1, "Tech_Lavado_Placer": 0, "Certainty_Spatial": 1.0, "Certainty_Archaeological": 0.9, "Certainty_Metallogenic": 1.0, "Certainty_Score": 0.965, "Certainty_Grade": "Alta Certeza (Grado I)" }, "geometry": { "type": "Point", "coordinates": [ -6.396074, 42.685658 ] } },
{ "type": "Feature", "properties": { "mineID": 897, "site": "Las Torcas - El Teso de Piqueras", "ancientName": null, "province": "Hispania Tarraconensis", "country": "Spain", "region": "León", "miningDistrict": "Cuenca del Boeza", "romanianRANID": null, "sanchezPalenciaAndOrejasID": "BO-24", "domergueID": null, "spainMapSheet": null, "lambertX": null, "lambertY": null, "latitude": 42.575444, "longitude": -6.380819, "coordinateAccuracy": 500.0, "locationDataSource": "Estimated from Sanchez-Palencia and Orejas 1994, fig. 14, IGN map, and Google Earth", "locationNotes": null, "notBeforeOpeningDate": null, "notAfterOpeningDate": null, "notBeforeClosingDate": null, "notAfterClosingDate": null, "inUseDate": null, "metalMinedGold": "TRUE", "metalMinedSilver": 0.0, "metalMinedLead": 0.0, "metalMinedCopper": 0.0, "metalMinedTin": 0.0, "metalMinedIron": 0.0, "metalMinedMercuryCinnabar": 0.0, "metalMinedZinc": 0.0, "metalMinedOther": 0.0, "description": null, "references": "Sanchez-Palencia and Orejas 1994, 191", "techniqueOpencast": 1.0, "techniqueUnderground": 0.0, "techniqueHydraulic": "TRUE", "techniqueHushing": null, "techniqueGroundSluicing": null, "techniqueRuinaMontium": null, "techniqueRakeComb": null, "techniqueGoldWashing": null, "techniqueOther": null, "notes": null, "geology": null, "depositType": "Secondary", "exploitationType": "Extensive", "Flag_Au_Oro": 1, "Status_Au_Oro": "Confirmado", "Flag_Ag_Plata": 0, "Status_Ag_Plata": "No", "Flag_Cu_Cobre": 0, "Status_Cu_Cobre": "No", "Flag_Pb_Plomo": 0, "Status_Pb_Plomo": "No", "Flag_Hg_Cinabrio": 0, "Status_Hg_Cinabrio": "No", "Flag_Sn_Estano": 0, "Status_Sn_Estano": "No", "Flag_Fe_Hierro": 0, "Status_Fe_Hierro": "No", "Tech_Ruina_Montium": 1, "Tech_Subterranea": 0, "Tech_Cielo_Abierto": 1, "Tech_Lavado_Placer": 0, "Certainty_Spatial": 0.85, "Certainty_Archaeological": 0.9, "Certainty_Metallogenic": 1.0, "Certainty_Score": 0.905, "Certainty_Grade": "Alta Certeza (Grado I)" }, "geometry": { "type": "Point", "coordinates": [ -6.380819, 42.575444 ] } },
{ "type": "Feature", "properties": { "mineID": 899, "site": "Las Traviesas", "ancientName": null, "province": "Hispania Tarraconensis", "country": "Spain", "region": "León", "miningDistrict": "Cuenca Alta del Tuerto", "romanianRANID": null, "sanchezPalenciaAndOrejasID": "AT-22", "domergueID": null, "spainMapSheet": null, "lambertX": null, "lambertY": null, "latitude": 42.659876, "longitude": -6.017965, "coordinateAccuracy": 500.0, "locationDataSource": "Estimated from Sanchez-Palencia and Orejas 1994, fig. 15, and Google Earth", "locationNotes": null, "notBeforeOpeningDate": null, "notAfterOpeningDate": null, "notBeforeClosingDate": null, "notAfterClosingDate": null, "inUseDate": null, "metalMinedGold": "TRUE", "metalMinedSilver": 0.0, "metalMinedLead": 0.0, "metalMinedCopper": 0.0, "metalMinedTin": 0.0, "metalMinedIron": 0.0, "metalMinedMercuryCinnabar": 0.0, "metalMinedZinc": 0.0, "metalMinedOther": 0.0, "description": null, "references": "Sanchez-Palencia and Orejas 1994, 190", "techniqueOpencast": 1.0, "techniqueUnderground": 0.0, "techniqueHydraulic": "TRUE", "techniqueHushing": null, "techniqueGroundSluicing": null, "techniqueRuinaMontium": null, "techniqueRakeComb": null, "techniqueGoldWashing": null, "techniqueOther": null, "notes": null, "geology": null, "depositType": "Secondary", "exploitationType": "Selective - Extensive", "Flag_Au_Oro": 1, "Status_Au_Oro": "Confirmado", "Flag_Ag_Plata": 0, "Status_Ag_Plata": "No", "Flag_Cu_Cobre": 0, "Status_Cu_Cobre": "No", "Flag_Pb_Plomo": 0, "Status_Pb_Plomo": "No", "Flag_Hg_Cinabrio": 0, "Status_Hg_Cinabrio": "No", "Flag_Sn_Estano": 0, "Status_Sn_Estano": "No", "Flag_Fe_Hierro": 0, "Status_Fe_Hierro": "No", "Tech_Ruina_Montium": 1, "Tech_Subterranea": 0, "Tech_Cielo_Abierto": 1, "Tech_Lavado_Placer": 0, "Certainty_Spatial": 0.85, "Certainty_Archaeological": 0.9, "Certainty_Metallogenic": 1.0, "Certainty_Score": 0.905, "Certainty_Grade": "Alta Certeza (Grado I)" }, "geometry": { "type": "Point", "coordinates": [ -6.017965, 42.659876 ] } },
{ "type": "Feature", "properties": { "mineID": 900, "site": "Las Traviesas I", "ancientName": null, "province": "Hispania Tarraconensis", "country": "Spain", "region": "León", "miningDistrict": "Cuenca del Boeza", "romanianRANID": null, "sanchezPalenciaAndOrejasID": "BO-08", "domergueID": null, "spainMapSheet": null, "lambertX": null, "lambertY": null, "latitude": 42.724353, "longitude": -6.465042, "coordinateAccuracy": 200.0, "locationDataSource": "Estimated from Sanchez-Palencia and Orejas 1994, fig. 14, IGN map, and Google Earth", "locationNotes": "Immediately North of Villar de las Traviesas.", "notBeforeOpeningDate": null, "notAfterOpeningDate": null, "notBeforeClosingDate": null, "notAfterClosingDate": null, "inUseDate": null, "metalMinedGold": "TRUE", "metalMinedSilver": 0.0, "metalMinedLead": 0.0, "metalMinedCopper": 0.0, "metalMinedTin": 0.0, "metalMinedIron": 0.0, "metalMinedMercuryCinnabar": 0.0, "metalMinedZinc": 0.0, "metalMinedOther": 0.0, "description": "Extensive hydraulic mining in alluvial deposits. Castro immediately adjacent to mine.", "references": "Alvarez González 1993; Sanchez-Palencia and Orejas 1994, 190", "techniqueOpencast": 1.0, "techniqueUnderground": 0.0, "techniqueHydraulic": "TRUE", "techniqueHushing": "TRUE", "techniqueGroundSluicing": "FALSE", "techniqueRuinaMontium": 0.0, "techniqueRakeComb": 0.0, "techniqueGoldWashing": 0.0, "techniqueOther": 0.0, "notes": null, "geology": "Alluvial deposits", "depositType": "Secondary", "exploitationType": "Extensive", "Flag_Au_Oro": 1, "Status_Au_Oro": "Confirmado", "Flag_Ag_Plata": 0, "Status_Ag_Plata": "No", "Flag_Cu_Cobre": 0, "Status_Cu_Cobre": "No", "Flag_Pb_Plomo": 0, "Status_Pb_Plomo": "No", "Flag_Hg_Cinabrio": 0, "Status_Hg_Cinabrio": "No", "Flag_Sn_Estano": 0, "Status_Sn_Estano": "No", "Flag_Fe_Hierro": 0, "Status_Fe_Hierro": "No", "Tech_Ruina_Montium": 1, "Tech_Subterranea": 0, "Tech_Cielo_Abierto": 1, "Tech_Lavado_Placer": 0, "Certainty_Spatial": 0.85, "Certainty_Archaeological": 0.9, "Certainty_Metallogenic": 1.0, "Certainty_Score": 0.905, "Certainty_Grade": "Alta Certeza (Grado I)" }, "geometry": { "type": "Point", "coordinates": [ -6.465042, 42.724353 ] } },
{ "type": "Feature", "properties": { "mineID": 901, "site": "Las Traviesas II", "ancientName": null, "province": "Hispania Tarraconensis", "country": "Spain", "region": "León", "miningDistrict": "Cuenca del Boeza", "romanianRANID": null, "sanchezPalenciaAndOrejasID": "BO-09", "domergueID": null, "spainMapSheet": null, "lambertX": null, "lambertY": null, "latitude": 42.705133, "longitude": -6.465437, "coordinateAccuracy": 200.0, "locationDataSource": "Estimated from Sanchez-Palencia and Orejas 1994, fig. 14, IGN map, and Google Earth", "locationNotes": null, "notBeforeOpeningDate": null, "notAfterOpeningDate": null, "notBeforeClosingDate": null, "notAfterClosingDate": null, "inUseDate": null, "metalMinedGold": "TRUE", "metalMinedSilver": 0.0, "metalMinedLead": 0.0, "metalMinedCopper": 0.0, "metalMinedTin": 0.0, "metalMinedIron": 0.0, "metalMinedMercuryCinnabar": 0.0, "metalMinedZinc": 0.0, "metalMinedOther": 0.0, "description": "Castro immediately adjacent to mine.", "references": "Sanchez-Palencia and Orejas 1994, 190", "techniqueOpencast": 1.0, "techniqueUnderground": 0.0, "techniqueHydraulic": "TRUE", "techniqueHushing": null, "techniqueGroundSluicing": null, "techniqueRuinaMontium": null, "techniqueRakeComb": null, "techniqueGoldWashing": null, "techniqueOther": null, "notes": null, "geology": null, "depositType": "Secondary", "exploitationType": "Extensive", "Flag_Au_Oro": 1, "Status_Au_Oro": "Confirmado", "Flag_Ag_Plata": 0, "Status_Ag_Plata": "No", "Flag_Cu_Cobre": 0, "Status_Cu_Cobre": "No", "Flag_Pb_Plomo": 0, "Status_Pb_Plomo": "No", "Flag_Hg_Cinabrio": 0, "Status_Hg_Cinabrio": "No", "Flag_Sn_Estano": 0, "Status_Sn_Estano": "No", "Flag_Fe_Hierro": 0, "Status_Fe_Hierro": "No", "Tech_Ruina_Montium": 1, "Tech_Subterranea": 0, "Tech_Cielo_Abierto": 1, "Tech_Lavado_Placer": 0, "Certainty_Spatial": 0.85, "Certainty_Archaeological": 0.9, "Certainty_Metallogenic": 1.0, "Certainty_Score": 0.905, "Certainty_Grade": "Alta Certeza (Grado I)" }, "geometry": { "type": "Point", "coordinates": [ -6.465437, 42.705133 ] } },
{ "type": "Feature", "properties": { "mineID": 904, "site": "Las Valiñas", "ancientName": null, "province": "Hispania Tarraconensis", "country": "Spain", "region": "León", "miningDistrict": "Cuencas de Cúa y Burbia", "romanianRANID": null, "sanchezPalenciaAndOrejasID": "CB-36", "domergueID": null, "spainMapSheet": null, "lambertX": null, "lambertY": null, "latitude": 42.642246, "longitude": -6.878455, "coordinateAccuracy": 500.0, "locationDataSource": "Estimated from Sanchez-Palencia and Orejas 1994, fig. 14, IGN map, and Google Earth", "locationNotes": null, "notBeforeOpeningDate": null, "notAfterOpeningDate": null, "notBeforeClosingDate": null, "notAfterClosingDate": null, "inUseDate": null, "metalMinedGold": "TRUE", "metalMinedSilver": 0.0, "metalMinedLead": 0.0, "metalMinedCopper": 0.0, "metalMinedTin": 0.0, "metalMinedIron": 0.0, "metalMinedMercuryCinnabar": 0.0, "metalMinedZinc": 0.0, "metalMinedOther": 0.0, "description": null, "references": "Sanchez-Palencia and Orejas 1994, 192", "techniqueOpencast": 1.0, "techniqueUnderground": 0.0, "techniqueHydraulic": "TRUE", "techniqueHushing": null, "techniqueGroundSluicing": null, "techniqueRuinaMontium": null, "techniqueRakeComb": null, "techniqueGoldWashing": null, "techniqueOther": null, "notes": null, "geology": null, "depositType": "Secondary", "exploitationType": "Extensive", "Flag_Au_Oro": 1, "Status_Au_Oro": "Confirmado", "Flag_Ag_Plata": 0, "Status_Ag_Plata": "No", "Flag_Cu_Cobre": 0, "Status_Cu_Cobre": "No", "Flag_Pb_Plomo": 0, "Status_Pb_Plomo": "No", "Flag_Hg_Cinabrio": 0, "Status_Hg_Cinabrio": "No", "Flag_Sn_Estano": 0, "Status_Sn_Estano": "No", "Flag_Fe_Hierro": 0, "Status_Fe_Hierro": "No", "Tech_Ruina_Montium": 1, "Tech_Subterranea": 0, "Tech_Cielo_Abierto": 1, "Tech_Lavado_Placer": 0, "Certainty_Spatial": 0.85, "Certainty_Archaeological": 0.9, "Certainty_Metallogenic": 1.0, "Certainty_Score": 0.905, "Certainty_Grade": "Alta Certeza (Grado I)" }, "geometry": { "type": "Point", "coordinates": [ -6.878455, 42.642246 ] } },
{ "type": "Feature", "properties": { "mineID": 905, "site": "Las Ventas - Fondelur", "ancientName": null, "province": "Hispania Tarraconensis", "country": "Spain", "region": "León", "miningDistrict": "Cuenca Alta del Tuerto", "romanianRANID": null, "sanchezPalenciaAndOrejasID": "AT-15", "domergueID": null, "spainMapSheet": null, "lambertX": null, "lambertY": null, "latitude": 42.536312, "longitude": -6.151134, "coordinateAccuracy": 500.0, "locationDataSource": "Estimated from Sanchez-Palencia and Orejas 1994, fig. 15, IGN map, and Google Earth", "locationNotes": null, "notBeforeOpeningDate": null, "notAfterOpeningDate": null, "notBeforeClosingDate": null, "notAfterClosingDate": null, "inUseDate": null, "metalMinedGold": "TRUE", "metalMinedSilver": 0.0, "metalMinedLead": 0.0, "metalMinedCopper": 0.0, "metalMinedTin": 0.0, "metalMinedIron": 0.0, "metalMinedMercuryCinnabar": 0.0, "metalMinedZinc": 0.0, "metalMinedOther": 0.0, "description": null, "references": "Sanchez-Palencia and Orejas 1994, 190", "techniqueOpencast": 1.0, "techniqueUnderground": 0.0, "techniqueHydraulic": "TRUE", "techniqueHushing": null, "techniqueGroundSluicing": null, "techniqueRuinaMontium": null, "techniqueRakeComb": null, "techniqueGoldWashing": null, "techniqueOther": null, "notes": null, "geology": null, "depositType": "Secondary", "exploitationType": "Selective", "Flag_Au_Oro": 1, "Status_Au_Oro": "Confirmado", "Flag_Ag_Plata": 0, "Status_Ag_Plata": "No", "Flag_Cu_Cobre": 0, "Status_Cu_Cobre": "No", "Flag_Pb_Plomo": 0, "Status_Pb_Plomo": "No", "Flag_Hg_Cinabrio": 0, "Status_Hg_Cinabrio": "No", "Flag_Sn_Estano": 0, "Status_Sn_Estano": "No", "Flag_Fe_Hierro": 0, "Status_Fe_Hierro": "No", "Tech_Ruina_Montium": 1, "Tech_Subterranea": 0, "Tech_Cielo_Abierto": 1, "Tech_Lavado_Placer": 0, "Certainty_Spatial": 0.85, "Certainty_Archaeological": 0.9, "Certainty_Metallogenic": 1.0, "Certainty_Score": 0.905, "Certainty_Grade": "Alta Certeza (Grado I)" }, "geometry": { "type": "Point", "coordinates": [ -6.151134, 42.536312 ] } },
{ "type": "Feature", "properties": { "mineID": 906, "site": "Lavadoira", "ancientName": null, "province": "Hispania Tarraconensis", "country": "Spain", "region": "Oviedo", "miningDistrict": "Cuenca del Narcea", "romanianRANID": null, "sanchezPalenciaAndOrejasID": "NA-30", "domergueID": "O 31", "spainMapSheet": 50.0, "lambertX": 363.2, "lambertY": 969.8, "latitude": 43.29674687, "longitude": -6.605058403, "coordinateAccuracy": 100.0, "locationDataSource": "Converted in QGIS from Lambert coords, Madrid 1870", "locationNotes": null, "notBeforeOpeningDate": null, "notAfterOpeningDate": null, "notBeforeClosingDate": null, "notAfterClosingDate": null, "inUseDate": null, "metalMinedGold": "TRUE", "metalMinedSilver": 0.0, "metalMinedLead": 0.0, "metalMinedCopper": 0.0, "metalMinedTin": 0.0, "metalMinedIron": 0.0, "metalMinedMercuryCinnabar": 0.0, "metalMinedZinc": 0.0, "metalMinedOther": 0.0, "description": null, "references": "Domergue 1990: 42; Sanchez-Palencia and Orejas 1994, 197", "techniqueOpencast": 1.0, "techniqueUnderground": 0.0, "techniqueHydraulic": "TRUE", "techniqueHushing": "TRUE", "techniqueGroundSluicing": "FALSE", "techniqueRuinaMontium": 0.0, "techniqueRakeComb": 0.0, "techniqueGoldWashing": 0.0, "techniqueOther": 0.0, "notes": null, "geology": "Hard rock", "depositType": "Primary", "exploitationType": "Extensive", "Flag_Au_Oro": 1, "Status_Au_Oro": "Confirmado", "Flag_Ag_Plata": 0, "Status_Ag_Plata": "No", "Flag_Cu_Cobre": 0, "Status_Cu_Cobre": "No", "Flag_Pb_Plomo": 0, "Status_Pb_Plomo": "No", "Flag_Hg_Cinabrio": 0, "Status_Hg_Cinabrio": "No", "Flag_Sn_Estano": 0, "Status_Sn_Estano": "No", "Flag_Fe_Hierro": 0, "Status_Fe_Hierro": "No", "Tech_Ruina_Montium": 1, "Tech_Subterranea": 0, "Tech_Cielo_Abierto": 1, "Tech_Lavado_Placer": 0, "Certainty_Spatial": 1.0, "Certainty_Archaeological": 1.0, "Certainty_Metallogenic": 1.0, "Certainty_Score": 1.0, "Certainty_Grade": "Alta Certeza (Grado I)" }, "geometry": { "type": "Point", "coordinates": [ -6.605058403, 43.29674687 ] } },
{ "type": "Feature", "properties": { "mineID": 908, "site": "Leoneza", "ancientName": null, "province": "Hispania Tarraconensis", "country": "Spain", "region": "León", "miningDistrict": "Cuenca Alta del Sil", "romanianRANID": null, "sanchezPalenciaAndOrejasID": "AS-05", "domergueID": null, "spainMapSheet": null, "lambertX": null, "lambertY": null, "latitude": 42.835042, "longitude": -6.494671, "coordinateAccuracy": 500.0, "locationDataSource": "Estimated from Sanchez-Palencia and Orejas 1994, fig. 14, and Google Earth", "locationNotes": "Assumed to be destroyed by modern mine.", "notBeforeOpeningDate": null, "notAfterOpeningDate": null, "notBeforeClosingDate": null, "notAfterClosingDate": null, "inUseDate": null, "metalMinedGold": "TRUE", "metalMinedSilver": 0.0, "metalMinedLead": 0.0, "metalMinedCopper": 0.0, "metalMinedTin": 0.0, "metalMinedIron": 0.0, "metalMinedMercuryCinnabar": 0.0, "metalMinedZinc": 0.0, "metalMinedOther": 0.0, "description": null, "references": "Sanchez-Palencia and Orejas 1994, 189", "techniqueOpencast": 1.0, "techniqueUnderground": 0.0, "techniqueHydraulic": "TRUE", "techniqueHushing": null, "techniqueGroundSluicing": null, "techniqueRuinaMontium": null, "techniqueRakeComb": null, "techniqueGoldWashing": null, "techniqueOther": null, "notes": null, "geology": null, "depositType": "Secondary", "exploitationType": "Extensive", "Flag_Au_Oro": 1, "Status_Au_Oro": "Confirmado", "Flag_Ag_Plata": 0, "Status_Ag_Plata": "No", "Flag_Cu_Cobre": 0, "Status_Cu_Cobre": "No", "Flag_Pb_Plomo": 0, "Status_Pb_Plomo": "No", "Flag_Hg_Cinabrio": 0, "Status_Hg_Cinabrio": "No", "Flag_Sn_Estano": 0, "Status_Sn_Estano": "No", "Flag_Fe_Hierro": 0, "Status_Fe_Hierro": "No", "Tech_Ruina_Montium": 1, "Tech_Subterranea": 0, "Tech_Cielo_Abierto": 1, "Tech_Lavado_Placer": 0, "Certainty_Spatial": 0.85, "Certainty_Archaeological": 0.9, "Certainty_Metallogenic": 1.0, "Certainty_Score": 0.905, "Certainty_Grade": "Alta Certeza (Grado I)" }, "geometry": { "type": "Point", "coordinates": [ -6.494671, 42.835042 ] } },
{ "type": "Feature", "properties": { "mineID": 909, "site": "Leras", "ancientName": null, "province": "Hispania Tarraconensis", "country": "Spain", "region": "León", "miningDistrict": "Cuenca Alta del Orbigo", "romanianRANID": null, "sanchezPalenciaAndOrejasID": "AO-28", "domergueID": null, "spainMapSheet": null, "lambertX": null, "lambertY": null, "latitude": 42.792581, "longitude": -5.725108, "coordinateAccuracy": 300.0, "locationDataSource": "Estimated from Sanchez-Palencia and Orejas 1994, fig. 15, and features on Google Earth", "locationNotes": null, "notBeforeOpeningDate": null, "notAfterOpeningDate": null, "notBeforeClosingDate": null, "notAfterClosingDate": null, "inUseDate": null, "metalMinedGold": "TRUE", "metalMinedSilver": 0.0, "metalMinedLead": 0.0, "metalMinedCopper": 0.0, "metalMinedTin": 0.0, "metalMinedIron": 0.0, "metalMinedMercuryCinnabar": 0.0, "metalMinedZinc": 0.0, "metalMinedOther": 0.0, "description": null, "references": "Sanchez-Palencia and Orejas 1994, 189", "techniqueOpencast": 1.0, "techniqueUnderground": 0.0, "techniqueHydraulic": "TRUE", "techniqueHushing": null, "techniqueGroundSluicing": null, "techniqueRuinaMontium": null, "techniqueRakeComb": null, "techniqueGoldWashing": null, "techniqueOther": null, "notes": null, "geology": null, "depositType": "Secondary", "exploitationType": "Extensive", "Flag_Au_Oro": 1, "Status_Au_Oro": "Confirmado", "Flag_Ag_Plata": 0, "Status_Ag_Plata": "No", "Flag_Cu_Cobre": 0, "Status_Cu_Cobre": "No", "Flag_Pb_Plomo": 0, "Status_Pb_Plomo": "No", "Flag_Hg_Cinabrio": 0, "Status_Hg_Cinabrio": "No", "Flag_Sn_Estano": 0, "Status_Sn_Estano": "No", "Flag_Fe_Hierro": 0, "Status_Fe_Hierro": "No", "Tech_Ruina_Montium": 1, "Tech_Subterranea": 0, "Tech_Cielo_Abierto": 1, "Tech_Lavado_Placer": 0, "Certainty_Spatial": 0.85, "Certainty_Archaeological": 0.9, "Certainty_Metallogenic": 1.0, "Certainty_Score": 0.905, "Certainty_Grade": "Alta Certeza (Grado I)" }, "geometry": { "type": "Point", "coordinates": [ -5.725108, 42.792581 ] } },
{ "type": "Feature", "properties": { "mineID": 918, "site": "Los Barriales - Los Testeros", "ancientName": null, "province": "Hispania Tarraconensis", "country": "Spain", "region": "León", "miningDistrict": "Valduerna", "romanianRANID": null, "sanchezPalenciaAndOrejasID": "DU-18", "domergueID": null, "spainMapSheet": null, "lambertX": null, "lambertY": null, "latitude": 42.326311, "longitude": -6.173298, "coordinateAccuracy": 0.0, "locationDataSource": "Estimated from Sanchez-Palencia and Orejas 1994, fig. 17 and Google Earth", "locationNotes": null, "notBeforeOpeningDate": null, "notAfterOpeningDate": null, "notBeforeClosingDate": null, "notAfterClosingDate": null, "inUseDate": null, "metalMinedGold": "TRUE", "metalMinedSilver": 0.0, "metalMinedLead": 0.0, "metalMinedCopper": 0.0, "metalMinedTin": 0.0, "metalMinedIron": 0.0, "metalMinedMercuryCinnabar": 0.0, "metalMinedZinc": 0.0, "metalMinedOther": 0.0, "description": null, "references": "Sanchez-Palencia and Orejas 1994, 192", "techniqueOpencast": 1.0, "techniqueUnderground": 0.0, "techniqueHydraulic": "TRUE", "techniqueHushing": "FALSE", "techniqueGroundSluicing": "TRUE", "techniqueRuinaMontium": 0.0, "techniqueRakeComb": 1.0, "techniqueGoldWashing": 0.0, "techniqueOther": 0.0, "notes": "Extensive area of rake/comb workings on S bank of Rio Duerna, overgrown, visible on Google Earth.", "geology": null, "depositType": "Secondary", "exploitationType": "Selective", "Flag_Au_Oro": 1, "Status_Au_Oro": "Confirmado", "Flag_Ag_Plata": 0, "Status_Ag_Plata": "No", "Flag_Cu_Cobre": 0, "Status_Cu_Cobre": "No", "Flag_Pb_Plomo": 0, "Status_Pb_Plomo": "No", "Flag_Hg_Cinabrio": 0, "Status_Hg_Cinabrio": "No", "Flag_Sn_Estano": 0, "Status_Sn_Estano": "No", "Flag_Fe_Hierro": 0, "Status_Fe_Hierro": "No", "Tech_Ruina_Montium": 1, "Tech_Subterranea": 0, "Tech_Cielo_Abierto": 1, "Tech_Lavado_Placer": 0, "Certainty_Spatial": 1.0, "Certainty_Archaeological": 0.9, "Certainty_Metallogenic": 1.0, "Certainty_Score": 0.965, "Certainty_Grade": "Alta Certeza (Grado I)" }, "geometry": { "type": "Point", "coordinates": [ -6.173298, 42.326311 ] } },
{ "type": "Feature", "properties": { "mineID": 919, "site": "Los Barrieros", "ancientName": null, "province": "Hispania Tarraconensis", "country": "Spain", "region": "León", "miningDistrict": "Cuenca media del Sil", "romanianRANID": null, "sanchezPalenciaAndOrejasID": "MS-074", "domergueID": null, "spainMapSheet": null, "lambertX": null, "lambertY": null, "latitude": 42.415444, "longitude": -6.690579, "coordinateAccuracy": 500.0, "locationDataSource": "Guessed from Google Earth and Sanchez-Palencia and Orejas 1994, fig. 16", "locationNotes": null, "notBeforeOpeningDate": null, "notAfterOpeningDate": null, "notBeforeClosingDate": null, "notAfterClosingDate": null, "inUseDate": null, "metalMinedGold": "TRUE", "metalMinedSilver": 0.0, "metalMinedLead": 0.0, "metalMinedCopper": 0.0, "metalMinedTin": 0.0, "metalMinedIron": 0.0, "metalMinedMercuryCinnabar": 0.0, "metalMinedZinc": 0.0, "metalMinedOther": 0.0, "description": null, "references": "Sanchez-Palencia and Orejas 1994, 196", "techniqueOpencast": 1.0, "techniqueUnderground": 0.0, "techniqueHydraulic": "TRUE", "techniqueHushing": null, "techniqueGroundSluicing": null, "techniqueRuinaMontium": null, "techniqueRakeComb": null, "techniqueGoldWashing": null, "techniqueOther": null, "notes": null, "geology": null, "depositType": "Secondary", "exploitationType": "Selective", "Flag_Au_Oro": 1, "Status_Au_Oro": "Confirmado", "Flag_Ag_Plata": 0, "Status_Ag_Plata": "No", "Flag_Cu_Cobre": 0, "Status_Cu_Cobre": "No", "Flag_Pb_Plomo": 0, "Status_Pb_Plomo": "No", "Flag_Hg_Cinabrio": 0, "Status_Hg_Cinabrio": "No", "Flag_Sn_Estano": 0, "Status_Sn_Estano": "No", "Flag_Fe_Hierro": 0, "Status_Fe_Hierro": "No", "Tech_Ruina_Montium": 1, "Tech_Subterranea": 0, "Tech_Cielo_Abierto": 1, "Tech_Lavado_Placer": 0, "Certainty_Spatial": 0.85, "Certainty_Archaeological": 0.9, "Certainty_Metallogenic": 1.0, "Certainty_Score": 0.905, "Certainty_Grade": "Alta Certeza (Grado I)" }, "geometry": { "type": "Point", "coordinates": [ -6.690579, 42.415444 ] } },
{ "type": "Feature", "properties": { "mineID": 921, "site": "Los Caborcos y Las Pedrizas", "ancientName": null, "province": "Hispania Tarraconensis", "country": "Spain", "region": "León", "miningDistrict": "Cuencas de Cúa y Burbia", "romanianRANID": null, "sanchezPalenciaAndOrejasID": "CB-12", "domergueID": "LE 49", "spainMapSheet": null, "lambertX": null, "lambertY": null, "latitude": 42.715937, "longitude": -6.710058, "coordinateAccuracy": 500.0, "locationDataSource": "Estimated from Sanchez-Palencia and Orejas 1994, fig. 14, and Google Earth", "locationNotes": null, "notBeforeOpeningDate": null, "notAfterOpeningDate": null, "notBeforeClosingDate": null, "notAfterClosingDate": null, "inUseDate": null, "metalMinedGold": "TRUE", "metalMinedSilver": 0.0, "metalMinedLead": 0.0, "metalMinedCopper": 0.0, "metalMinedTin": 0.0, "metalMinedIron": 0.0, "metalMinedMercuryCinnabar": 0.0, "metalMinedZinc": 0.0, "metalMinedOther": 0.0, "description": null, "references": "Sanchez-Palencia and Orejas 1994, 191", "techniqueOpencast": 1.0, "techniqueUnderground": 0.0, "techniqueHydraulic": "TRUE", "techniqueHushing": null, "techniqueGroundSluicing": null, "techniqueRuinaMontium": null, "techniqueRakeComb": null, "techniqueGoldWashing": null, "techniqueOther": null, "notes": null, "geology": null, "depositType": "Secondary", "exploitationType": "Extensive", "Flag_Au_Oro": 1, "Status_Au_Oro": "Confirmado", "Flag_Ag_Plata": 0, "Status_Ag_Plata": "No", "Flag_Cu_Cobre": 0, "Status_Cu_Cobre": "No", "Flag_Pb_Plomo": 0, "Status_Pb_Plomo": "No", "Flag_Hg_Cinabrio": 0, "Status_Hg_Cinabrio": "No", "Flag_Sn_Estano": 0, "Status_Sn_Estano": "No", "Flag_Fe_Hierro": 0, "Status_Fe_Hierro": "No", "Tech_Ruina_Montium": 1, "Tech_Subterranea": 0, "Tech_Cielo_Abierto": 1, "Tech_Lavado_Placer": 0, "Certainty_Spatial": 0.85, "Certainty_Archaeological": 1.0, "Certainty_Metallogenic": 1.0, "Certainty_Score": 0.94, "Certainty_Grade": "Alta Certeza (Grado I)" }, "geometry": { "type": "Point", "coordinates": [ -6.710058, 42.715937 ] } },
{ "type": "Feature", "properties": { "mineID": 922, "site": "Los Cabuercos - Las Coronas", "ancientName": null, "province": "Hispania Tarraconensis", "country": "Spain", "region": "León", "miningDistrict": "Valduerna", "romanianRANID": null, "sanchezPalenciaAndOrejasID": "DU-17", "domergueID": null, "spainMapSheet": null, "lambertX": null, "lambertY": null, "latitude": 42.336879, "longitude": -6.173628, "coordinateAccuracy": 100.0, "locationDataSource": "Estimated from Sanchez-Palencia and Orejas 1994, fig. 17 and Google Earth", "locationNotes": null, "notBeforeOpeningDate": null, "notAfterOpeningDate": null, "notBeforeClosingDate": null, "notAfterClosingDate": null, "inUseDate": null, "metalMinedGold": "TRUE", "metalMinedSilver": 0.0, "metalMinedLead": 0.0, "metalMinedCopper": 0.0, "metalMinedTin": 0.0, "metalMinedIron": 0.0, "metalMinedMercuryCinnabar": 0.0, "metalMinedZinc": 0.0, "metalMinedOther": 0.0, "description": null, "references": "Sanchez-Palencia and Orejas 1994, 192", "techniqueOpencast": 1.0, "techniqueUnderground": 0.0, "techniqueHydraulic": "TRUE", "techniqueHushing": "TRUE", "techniqueGroundSluicing": "FALSE", "techniqueRuinaMontium": 0.0, "techniqueRakeComb": 0.0, "techniqueGoldWashing": 0.0, "techniqueOther": 0.0, "notes": "Several hushing workings (exploratory?) on upper terrace on N bank of Rio Duerna, visible on Google Earth. Corona at E end.", "geology": null, "depositType": "Secondary", "exploitationType": "Selective", "Flag_Au_Oro": 1, "Status_Au_Oro": "Confirmado", "Flag_Ag_Plata": 0, "Status_Ag_Plata": "No", "Flag_Cu_Cobre": 0, "Status_Cu_Cobre": "No", "Flag_Pb_Plomo": 0, "Status_Pb_Plomo": "No", "Flag_Hg_Cinabrio": 0, "Status_Hg_Cinabrio": "No", "Flag_Sn_Estano": 0, "Status_Sn_Estano": "No", "Flag_Fe_Hierro": 0, "Status_Fe_Hierro": "No", "Tech_Ruina_Montium": 1, "Tech_Subterranea": 0, "Tech_Cielo_Abierto": 1, "Tech_Lavado_Placer": 0, "Certainty_Spatial": 1.0, "Certainty_Archaeological": 0.9, "Certainty_Metallogenic": 1.0, "Certainty_Score": 0.965, "Certainty_Grade": "Alta Certeza (Grado I)" }, "geometry": { "type": "Point", "coordinates": [ -6.173628, 42.336879 ] } },
{ "type": "Feature", "properties": { "mineID": 924, "site": "Los Campos", "ancientName": null, "province": "Hispania Tarraconensis", "country": "Spain", "region": "León", "miningDistrict": "Cuenca Alta del Tuerto", "romanianRANID": null, "sanchezPalenciaAndOrejasID": "AT-01", "domergueID": null, "spainMapSheet": null, "lambertX": null, "lambertY": null, "latitude": 42.63545, "longitude": -6.221751, "coordinateAccuracy": 500.0, "locationDataSource": "Estimated from Sanchez-Palencia and Orejas 1994, fig. 14, and Google Earth", "locationNotes": null, "notBeforeOpeningDate": null, "notAfterOpeningDate": null, "notBeforeClosingDate": null, "notAfterClosingDate": null, "inUseDate": null, "metalMinedGold": "TRUE", "metalMinedSilver": 0.0, "metalMinedLead": 0.0, "metalMinedCopper": 0.0, "metalMinedTin": 0.0, "metalMinedIron": 0.0, "metalMinedMercuryCinnabar": 0.0, "metalMinedZinc": 0.0, "metalMinedOther": 0.0, "description": null, "references": "Sanchez-Palencia and Orejas 1994, 189", "techniqueOpencast": 1.0, "techniqueUnderground": 0.0, "techniqueHydraulic": "TRUE", "techniqueHushing": null, "techniqueGroundSluicing": null, "techniqueRuinaMontium": null, "techniqueRakeComb": null, "techniqueGoldWashing": null, "techniqueOther": null, "notes": null, "geology": null, "depositType": "Secondary", "exploitationType": "Selective - Extensive", "Flag_Au_Oro": 1, "Status_Au_Oro": "Confirmado", "Flag_Ag_Plata": 0, "Status_Ag_Plata": "No", "Flag_Cu_Cobre": 0, "Status_Cu_Cobre": "No", "Flag_Pb_Plomo": 0, "Status_Pb_Plomo": "No", "Flag_Hg_Cinabrio": 0, "Status_Hg_Cinabrio": "No", "Flag_Sn_Estano": 0, "Status_Sn_Estano": "No", "Flag_Fe_Hierro": 0, "Status_Fe_Hierro": "No", "Tech_Ruina_Montium": 1, "Tech_Subterranea": 0, "Tech_Cielo_Abierto": 1, "Tech_Lavado_Placer": 0, "Certainty_Spatial": 0.85, "Certainty_Archaeological": 0.9, "Certainty_Metallogenic": 1.0, "Certainty_Score": 0.905, "Certainty_Grade": "Alta Certeza (Grado I)" }, "geometry": { "type": "Point", "coordinates": [ -6.221751, 42.63545 ] } },
{ "type": "Feature", "properties": { "mineID": 925, "site": "Los Carriles", "ancientName": null, "province": "Hispania Tarraconensis", "country": "Spain", "region": "León", "miningDistrict": "Cuenca Alta del Tuerto", "romanianRANID": null, "sanchezPalenciaAndOrejasID": "AT-17", "domergueID": null, "spainMapSheet": null, "lambertX": null, "lambertY": null, "latitude": 42.522252, "longitude": -6.194796, "coordinateAccuracy": 500.0, "locationDataSource": "Estimated from Sanchez-Palencia and Orejas 1994, fig. 15, IGN map, and Google Earth", "locationNotes": null, "notBeforeOpeningDate": null, "notAfterOpeningDate": null, "notBeforeClosingDate": null, "notAfterClosingDate": null, "inUseDate": null, "metalMinedGold": "TRUE", "metalMinedSilver": 0.0, "metalMinedLead": 0.0, "metalMinedCopper": 0.0, "metalMinedTin": 0.0, "metalMinedIron": 0.0, "metalMinedMercuryCinnabar": 0.0, "metalMinedZinc": 0.0, "metalMinedOther": 0.0, "description": null, "references": "Sanchez-Palencia and Orejas 1994, 190", "techniqueOpencast": 1.0, "techniqueUnderground": 0.0, "techniqueHydraulic": "TRUE", "techniqueHushing": null, "techniqueGroundSluicing": null, "techniqueRuinaMontium": null, "techniqueRakeComb": null, "techniqueGoldWashing": null, "techniqueOther": null, "notes": null, "geology": null, "depositType": "Secondary", "exploitationType": "Extensive", "Flag_Au_Oro": 1, "Status_Au_Oro": "Confirmado", "Flag_Ag_Plata": 0, "Status_Ag_Plata": "No", "Flag_Cu_Cobre": 0, "Status_Cu_Cobre": "No", "Flag_Pb_Plomo": 0, "Status_Pb_Plomo": "No", "Flag_Hg_Cinabrio": 0, "Status_Hg_Cinabrio": "No", "Flag_Sn_Estano": 0, "Status_Sn_Estano": "No", "Flag_Fe_Hierro": 0, "Status_Fe_Hierro": "No", "Tech_Ruina_Montium": 1, "Tech_Subterranea": 0, "Tech_Cielo_Abierto": 1, "Tech_Lavado_Placer": 0, "Certainty_Spatial": 0.85, "Certainty_Archaeological": 0.9, "Certainty_Metallogenic": 1.0, "Certainty_Score": 0.905, "Certainty_Grade": "Alta Certeza (Grado I)" }, "geometry": { "type": "Point", "coordinates": [ -6.194796, 42.522252 ] } },
{ "type": "Feature", "properties": { "mineID": 926, "site": "Los Casares", "ancientName": null, "province": "Hispania Tarraconensis", "country": "Spain", "region": "León", "miningDistrict": "Cuenca del Eria", "romanianRANID": null, "sanchezPalenciaAndOrejasID": "ER-05", "domergueID": null, "spainMapSheet": null, "lambertX": null, "lambertY": null, "latitude": 42.239704, "longitude": -6.398898, "coordinateAccuracy": 100.0, "locationDataSource": "Estimated from Sanchez-Palencia and Orejas 1994, fig. 17 and Google Earth", "locationNotes": null, "notBeforeOpeningDate": null, "notAfterOpeningDate": null, "notBeforeClosingDate": null, "notAfterClosingDate": null, "inUseDate": null, "metalMinedGold": "TRUE", "metalMinedSilver": 0.0, "metalMinedLead": 0.0, "metalMinedCopper": 0.0, "metalMinedTin": 0.0, "metalMinedIron": 0.0, "metalMinedMercuryCinnabar": 0.0, "metalMinedZinc": 0.0, "metalMinedOther": 0.0, "description": null, "references": "Sanchez-Palencia and Orejas 1994, 193", "techniqueOpencast": 1.0, "techniqueUnderground": 0.0, "techniqueHydraulic": "TRUE", "techniqueHushing": "FALSE", "techniqueGroundSluicing": "FALSE", "techniqueRuinaMontium": 0.0, "techniqueRakeComb": 1.0, "techniqueGoldWashing": 0.0, "techniqueOther": 0.0, "notes": "Apparent traces of rake/comb workings and stone dumps on Google Earth (poor quality image).", "geology": null, "depositType": "Secondary", "exploitationType": "Selective", "Flag_Au_Oro": 1, "Status_Au_Oro": "Confirmado", "Flag_Ag_Plata": 0, "Status_Ag_Plata": "No", "Flag_Cu_Cobre": 0, "Status_Cu_Cobre": "No", "Flag_Pb_Plomo": 0, "Status_Pb_Plomo": "No", "Flag_Hg_Cinabrio": 0, "Status_Hg_Cinabrio": "No", "Flag_Sn_Estano": 0, "Status_Sn_Estano": "No", "Flag_Fe_Hierro": 0, "Status_Fe_Hierro": "No", "Tech_Ruina_Montium": 1, "Tech_Subterranea": 0, "Tech_Cielo_Abierto": 1, "Tech_Lavado_Placer": 0, "Certainty_Spatial": 1.0, "Certainty_Archaeological": 0.9, "Certainty_Metallogenic": 1.0, "Certainty_Score": 0.965, "Certainty_Grade": "Alta Certeza (Grado I)" }, "geometry": { "type": "Point", "coordinates": [ -6.398898, 42.239704 ] } },
{ "type": "Feature", "properties": { "mineID": 927, "site": "Los Cáscaros", "ancientName": null, "province": "Hispania Tarraconensis", "country": "Spain", "region": "León", "miningDistrict": "Cuenca Alta del Orbigo", "romanianRANID": null, "sanchezPalenciaAndOrejasID": "AO-15", "domergueID": null, "spainMapSheet": null, "lambertX": null, "lambertY": null, "latitude": 42.717953, "longitude": -5.911294, "coordinateAccuracy": 200.0, "locationDataSource": "Estimated from Sanchez-Palencia and Orejas 1994, fig. 15 and Google Earth", "locationNotes": "Stone dumps visible on Google Earth", "notBeforeOpeningDate": null, "notAfterOpeningDate": null, "notBeforeClosingDate": null, "notAfterClosingDate": null, "inUseDate": null, "metalMinedGold": "TRUE", "metalMinedSilver": 0.0, "metalMinedLead": 0.0, "metalMinedCopper": 0.0, "metalMinedTin": 0.0, "metalMinedIron": 0.0, "metalMinedMercuryCinnabar": 0.0, "metalMinedZinc": 0.0, "metalMinedOther": 0.0, "description": null, "references": "Sanchez-Palencia and Orejas 1994, 189", "techniqueOpencast": 1.0, "techniqueUnderground": 0.0, "techniqueHydraulic": "TRUE", "techniqueHushing": null, "techniqueGroundSluicing": null, "techniqueRuinaMontium": null, "techniqueRakeComb": null, "techniqueGoldWashing": null, "techniqueOther": null, "notes": null, "geology": null, "depositType": "Secondary", "exploitationType": "Extensive", "Flag_Au_Oro": 1, "Status_Au_Oro": "Confirmado", "Flag_Ag_Plata": 0, "Status_Ag_Plata": "No", "Flag_Cu_Cobre": 0, "Status_Cu_Cobre": "No", "Flag_Pb_Plomo": 0, "Status_Pb_Plomo": "No", "Flag_Hg_Cinabrio": 0, "Status_Hg_Cinabrio": "No", "Flag_Sn_Estano": 0, "Status_Sn_Estano": "No", "Flag_Fe_Hierro": 0, "Status_Fe_Hierro": "No", "Tech_Ruina_Montium": 1, "Tech_Subterranea": 0, "Tech_Cielo_Abierto": 1, "Tech_Lavado_Placer": 0, "Certainty_Spatial": 0.85, "Certainty_Archaeological": 0.9, "Certainty_Metallogenic": 1.0, "Certainty_Score": 0.905, "Certainty_Grade": "Alta Certeza (Grado I)" }, "geometry": { "type": "Point", "coordinates": [ -5.911294, 42.717953 ] } },
{ "type": "Feature", "properties": { "mineID": 930, "site": "Los Cavenes", "ancientName": null, "province": "Lusitania", "country": "Spain", "region": "Salamanca", "miningDistrict": "Beiras", "romanianRANID": null, "sanchezPalenciaAndOrejasID": null, "domergueID": "SA 2", "spainMapSheet": 527.0, "lambertX": 392.5, "lambertY": 665.6, "latitude": 40.56572807, "longitude": -6.141205928, "coordinateAccuracy": 100.0, "locationDataSource": "Converted in QGIS from Lambert coords, Madrid 1870", "locationNotes": null, "notBeforeOpeningDate": null, "notAfterOpeningDate": null, "notBeforeClosingDate": null, "notAfterClosingDate": null, "inUseDate": null, "metalMinedGold": "TRUE", "metalMinedSilver": 0.0, "metalMinedLead": 0.0, "metalMinedCopper": 0.0, "metalMinedTin": 0.0, "metalMinedIron": 0.0, "metalMinedMercuryCinnabar": 0.0, "metalMinedZinc": 0.0, "metalMinedOther": 0.0, "description": "Located in the Salamanca district, over 40km of hydraulic channels have been recorded. Dossier IV. Mostly exploitation was by hushing but also some open cast and underground mines were worked. Approximately 2.5 million cubic metres of material were moved.", "references": "Domergue 1990: 41", "techniqueOpencast": 0.0, "techniqueUnderground": 0.0, "techniqueHydraulic": "TRUE", "techniqueHushing": "FALSE", "techniqueGroundSluicing": "FALSE", "techniqueRuinaMontium": 0.0, "techniqueRakeComb": 1.0, "techniqueGoldWashing": 0.0, "techniqueOther": 0.0, "notes": null, "geology": "Quaternary terraǾ䀀", "depositType": null, "exploitationType": null, "Flag_Au_Oro": 1, "Status_Au_Oro": "Confirmado", "Flag_Ag_Plata": 0, "Status_Ag_Plata": "No", "Flag_Cu_Cobre": 0, "Status_Cu_Cobre": "No", "Flag_Pb_Plomo": 0, "Status_Pb_Plomo": "No", "Flag_Hg_Cinabrio": 0, "Status_Hg_Cinabrio": "No", "Flag_Sn_Estano": 0, "Status_Sn_Estano": "No", "Flag_Fe_Hierro": 0, "Status_Fe_Hierro": "No", "Tech_Ruina_Montium": 1, "Tech_Subterranea": 0, "Tech_Cielo_Abierto": 1, "Tech_Lavado_Placer": 0, "Certainty_Spatial": 1.0, "Certainty_Archaeological": 0.9, "Certainty_Metallogenic": 1.0, "Certainty_Score": 0.965, "Certainty_Grade": "Alta Certeza (Grado I)" }, "geometry": { "type": "Point", "coordinates": [ -6.141205928, 40.56572807 ] } },
{ "type": "Feature", "properties": { "mineID": 932, "site": "Los Cubanallos", "ancientName": null, "province": "Hispania Tarraconensis", "country": "Spain", "region": "León", "miningDistrict": "Sierra del Teleno", "romanianRANID": null, "sanchezPalenciaAndOrejasID": "TE-12", "domergueID": null, "spainMapSheet": null, "lambertX": null, "lambertY": null, "latitude": 42.321607, "longitude": -6.392307, "coordinateAccuracy": 500.0, "locationDataSource": "Estimated from Sanchez-Palencia and Orejas 1994, fig. 17, IGN map, and Google Earth", "locationNotes": null, "notBeforeOpeningDate": null, "notAfterOpeningDate": null, "notBeforeClosingDate": null, "notAfterClosingDate": null, "inUseDate": null, "metalMinedGold": "TRUE", "metalMinedSilver": 0.0, "metalMinedLead": 0.0, "metalMinedCopper": 0.0, "metalMinedTin": 0.0, "metalMinedIron": 0.0, "metalMinedMercuryCinnabar": 0.0, "metalMinedZinc": 0.0, "metalMinedOther": 0.0, "description": null, "references": "Sanchez-Palencia and Orejas 1994, 202", "techniqueOpencast": 1.0, "techniqueUnderground": 0.0, "techniqueHydraulic": "TRUE", "techniqueHushing": "TRUE", "techniqueGroundSluicing": "FALSE", "techniqueRuinaMontium": 0.0, "techniqueRakeComb": 0.0, "techniqueGoldWashing": 0.0, "techniqueOther": 0.0, "notes": null, "geology": null, "depositType": "Secondary", "exploitationType": "Selective - Extensive", "Flag_Au_Oro": 1, "Status_Au_Oro": "Confirmado", "Flag_Ag_Plata": 0, "Status_Ag_Plata": "No", "Flag_Cu_Cobre": 0, "Status_Cu_Cobre": "No", "Flag_Pb_Plomo": 0, "Status_Pb_Plomo": "No", "Flag_Hg_Cinabrio": 0, "Status_Hg_Cinabrio": "No", "Flag_Sn_Estano": 0, "Status_Sn_Estano": "No", "Flag_Fe_Hierro": 0, "Status_Fe_Hierro": "No", "Tech_Ruina_Montium": 1, "Tech_Subterranea": 0, "Tech_Cielo_Abierto": 1, "Tech_Lavado_Placer": 0, "Certainty_Spatial": 0.85, "Certainty_Archaeological": 0.9, "Certainty_Metallogenic": 1.0, "Certainty_Score": 0.905, "Certainty_Grade": "Alta Certeza (Grado I)" }, "geometry": { "type": "Point", "coordinates": [ -6.392307, 42.321607 ] } },
{ "type": "Feature", "properties": { "mineID": 938, "site": "Los Estancos", "ancientName": null, "province": "Hispania Tarraconensis", "country": "Spain", "region": "León", "miningDistrict": "Cuencas del Turienzo y Jerega", "romanianRANID": null, "sanchezPalenciaAndOrejasID": "TJ-24", "domergueID": null, "spainMapSheet": null, "lambertX": null, "lambertY": null, "latitude": 42.471098, "longitude": -6.205953, "coordinateAccuracy": 500.0, "locationDataSource": "Estimated from Sanchez-Palencia and Orejas 1994, fig. 17 and Google Earth", "locationNotes": null, "notBeforeOpeningDate": null, "notAfterOpeningDate": null, "notBeforeClosingDate": null, "notAfterClosingDate": null, "inUseDate": null, "metalMinedGold": "TRUE", "metalMinedSilver": 0.0, "metalMinedLead": 0.0, "metalMinedCopper": 0.0, "metalMinedTin": 0.0, "metalMinedIron": 0.0, "metalMinedMercuryCinnabar": 0.0, "metalMinedZinc": 0.0, "metalMinedOther": 0.0, "description": null, "references": "Sanchez-Palencia and Orejas 1994, 202", "techniqueOpencast": 1.0, "techniqueUnderground": 0.0, "techniqueHydraulic": "TRUE", "techniqueHushing": null, "techniqueGroundSluicing": null, "techniqueRuinaMontium": null, "techniqueRakeComb": null, "techniqueGoldWashing": null, "techniqueOther": null, "notes": null, "geology": null, "depositType": "Secondary", "exploitationType": "Extensive", "Flag_Au_Oro": 1, "Status_Au_Oro": "Confirmado", "Flag_Ag_Plata": 0, "Status_Ag_Plata": "No", "Flag_Cu_Cobre": 0, "Status_Cu_Cobre": "No", "Flag_Pb_Plomo": 0, "Status_Pb_Plomo": "No", "Flag_Hg_Cinabrio": 0, "Status_Hg_Cinabrio": "No", "Flag_Sn_Estano": 0, "Status_Sn_Estano": "No", "Flag_Fe_Hierro": 0, "Status_Fe_Hierro": "No", "Tech_Ruina_Montium": 1, "Tech_Subterranea": 0, "Tech_Cielo_Abierto": 1, "Tech_Lavado_Placer": 0, "Certainty_Spatial": 0.85, "Certainty_Archaeological": 0.9, "Certainty_Metallogenic": 1.0, "Certainty_Score": 0.905, "Certainty_Grade": "Alta Certeza (Grado I)" }, "geometry": { "type": "Point", "coordinates": [ -6.205953, 42.471098 ] } },
{ "type": "Feature", "properties": { "mineID": 941, "site": "Los Fuellos", "ancientName": null, "province": "Hispania Tarraconensis", "country": "Spain", "region": "León", "miningDistrict": "Cuencas del Turienzo y Jerega", "romanianRANID": null, "sanchezPalenciaAndOrejasID": "TJ-12", "domergueID": null, "spainMapSheet": null, "lambertX": null, "lambertY": null, "latitude": 42.44272, "longitude": -6.21592, "coordinateAccuracy": 500.0, "locationDataSource": "Estimated from Sanchez-Palencia and Orejas 1994, fig. 17 and Google Earth", "locationNotes": null, "notBeforeOpeningDate": null, "notAfterOpeningDate": null, "notBeforeClosingDate": null, "notAfterClosingDate": null, "inUseDate": null, "metalMinedGold": "TRUE", "metalMinedSilver": 0.0, "metalMinedLead": 0.0, "metalMinedCopper": 0.0, "metalMinedTin": 0.0, "metalMinedIron": 0.0, "metalMinedMercuryCinnabar": 0.0, "metalMinedZinc": 0.0, "metalMinedOther": 0.0, "description": null, "references": "Sanchez-Palencia and Orejas 1994, 202", "techniqueOpencast": 1.0, "techniqueUnderground": 0.0, "techniqueHydraulic": "TRUE", "techniqueHushing": null, "techniqueGroundSluicing": null, "techniqueRuinaMontium": 0.0, "techniqueRakeComb": 0.0, "techniqueGoldWashing": 0.0, "techniqueOther": 0.0, "notes": null, "geology": null, "depositType": "Secondary", "exploitationType": "Selective", "Flag_Au_Oro": 1, "Status_Au_Oro": "Confirmado", "Flag_Ag_Plata": 0, "Status_Ag_Plata": "No", "Flag_Cu_Cobre": 0, "Status_Cu_Cobre": "No", "Flag_Pb_Plomo": 0, "Status_Pb_Plomo": "No", "Flag_Hg_Cinabrio": 0, "Status_Hg_Cinabrio": "No", "Flag_Sn_Estano": 0, "Status_Sn_Estano": "No", "Flag_Fe_Hierro": 0, "Status_Fe_Hierro": "No", "Tech_Ruina_Montium": 1, "Tech_Subterranea": 0, "Tech_Cielo_Abierto": 1, "Tech_Lavado_Placer": 0, "Certainty_Spatial": 0.85, "Certainty_Archaeological": 0.9, "Certainty_Metallogenic": 1.0, "Certainty_Score": 0.905, "Certainty_Grade": "Alta Certeza (Grado I)" }, "geometry": { "type": "Point", "coordinates": [ -6.21592, 42.44272 ] } },
{ "type": "Feature", "properties": { "mineID": 945, "site": "Los Lagunales - Teso las Pilas", "ancientName": null, "province": "Hispania Tarraconensis", "country": "Spain", "region": "León", "miningDistrict": "Cuencas del Turienzo y Jerega", "romanianRANID": null, "sanchezPalenciaAndOrejasID": "TJ-13", "domergueID": null, "spainMapSheet": null, "lambertX": null, "lambertY": null, "latitude": 42.431208, "longitude": -6.175599, "coordinateAccuracy": 500.0, "locationDataSource": "Estimated from Sanchez-Palencia and Orejas 1994, fig. 17 and Google Earth", "locationNotes": null, "notBeforeOpeningDate": null, "notAfterOpeningDate": null, "notBeforeClosingDate": null, "notAfterClosingDate": null, "inUseDate": null, "metalMinedGold": "TRUE", "metalMinedSilver": 0.0, "metalMinedLead": 0.0, "metalMinedCopper": 0.0, "metalMinedTin": 0.0, "metalMinedIron": 0.0, "metalMinedMercuryCinnabar": 0.0, "metalMinedZinc": 0.0, "metalMinedOther": 0.0, "description": null, "references": "Sanchez-Palencia and Orejas 1994, 202", "techniqueOpencast": 1.0, "techniqueUnderground": 0.0, "techniqueHydraulic": "TRUE", "techniqueHushing": null, "techniqueGroundSluicing": null, "techniqueRuinaMontium": 0.0, "techniqueRakeComb": 0.0, "techniqueGoldWashing": 0.0, "techniqueOther": 0.0, "notes": null, "geology": null, "depositType": "Secondary", "exploitationType": "Selective - Extensive", "Flag_Au_Oro": 1, "Status_Au_Oro": "Confirmado", "Flag_Ag_Plata": 0, "Status_Ag_Plata": "No", "Flag_Cu_Cobre": 0, "Status_Cu_Cobre": "No", "Flag_Pb_Plomo": 0, "Status_Pb_Plomo": "No", "Flag_Hg_Cinabrio": 0, "Status_Hg_Cinabrio": "No", "Flag_Sn_Estano": 0, "Status_Sn_Estano": "No", "Flag_Fe_Hierro": 0, "Status_Fe_Hierro": "No", "Tech_Ruina_Montium": 1, "Tech_Subterranea": 0, "Tech_Cielo_Abierto": 1, "Tech_Lavado_Placer": 0, "Certainty_Spatial": 0.85, "Certainty_Archaeological": 0.9, "Certainty_Metallogenic": 1.0, "Certainty_Score": 0.905, "Certainty_Grade": "Alta Certeza (Grado I)" }, "geometry": { "type": "Point", "coordinates": [ -6.175599, 42.431208 ] } },
{ "type": "Feature", "properties": { "mineID": 946, "site": "Los Mayadones I", "ancientName": null, "province": "Hispania Tarraconensis", "country": "Spain", "region": "León", "miningDistrict": "Sierra del Teleno", "romanianRANID": null, "sanchezPalenciaAndOrejasID": "TE-06", "domergueID": null, "spainMapSheet": null, "lambertX": null, "lambertY": null, "latitude": 42.318736, "longitude": -6.358224, "coordinateAccuracy": 1000.0, "locationDataSource": "Estimated from Sanchez-Palencia and Orejas 1994, fig. 17, IGN map, and Google Earth", "locationNotes": null, "notBeforeOpeningDate": null, "notAfterOpeningDate": null, "notBeforeClosingDate": null, "notAfterClosingDate": null, "inUseDate": null, "metalMinedGold": "TRUE", "metalMinedSilver": 0.0, "metalMinedLead": 0.0, "metalMinedCopper": 0.0, "metalMinedTin": 0.0, "metalMinedIron": 0.0, "metalMinedMercuryCinnabar": 0.0, "metalMinedZinc": 0.0, "metalMinedOther": 0.0, "description": null, "references": "Sanchez-Palencia and Orejas 1994, 201", "techniqueOpencast": 1.0, "techniqueUnderground": 0.0, "techniqueHydraulic": "TRUE", "techniqueHushing": "TRUE", "techniqueGroundSluicing": "FALSE", "techniqueRuinaMontium": 0.0, "techniqueRakeComb": 0.0, "techniqueGoldWashing": 0.0, "techniqueOther": 0.0, "notes": null, "geology": null, "depositType": "Secondary - Primary", "exploitationType": "Extensive", "Flag_Au_Oro": 1, "Status_Au_Oro": "Confirmado", "Flag_Ag_Plata": 0, "Status_Ag_Plata": "No", "Flag_Cu_Cobre": 0, "Status_Cu_Cobre": "No", "Flag_Pb_Plomo": 0, "Status_Pb_Plomo": "No", "Flag_Hg_Cinabrio": 0, "Status_Hg_Cinabrio": "No", "Flag_Sn_Estano": 0, "Status_Sn_Estano": "No", "Flag_Fe_Hierro": 0, "Status_Fe_Hierro": "No", "Tech_Ruina_Montium": 1, "Tech_Subterranea": 0, "Tech_Cielo_Abierto": 1, "Tech_Lavado_Placer": 0, "Certainty_Spatial": 0.7, "Certainty_Archaeological": 0.9, "Certainty_Metallogenic": 1.0, "Certainty_Score": 0.845, "Certainty_Grade": "Alta Certeza (Grado I)" }, "geometry": { "type": "Point", "coordinates": [ -6.358224, 42.318736 ] } },
{ "type": "Feature", "properties": { "mineID": 947, "site": "Los Mayadones II", "ancientName": null, "province": "Hispania Tarraconensis", "country": "Spain", "region": "León", "miningDistrict": "Sierra del Teleno", "romanianRANID": null, "sanchezPalenciaAndOrejasID": "TE-07", "domergueID": null, "spainMapSheet": null, "lambertX": null, "lambertY": null, "latitude": 42.31273, "longitude": -6.341954, "coordinateAccuracy": 500.0, "locationDataSource": "Estimated from Sanchez-Palencia and Orejas 1994, fig. 17, IGN map, and Google Earth", "locationNotes": null, "notBeforeOpeningDate": null, "notAfterOpeningDate": null, "notBeforeClosingDate": null, "notAfterClosingDate": null, "inUseDate": null, "metalMinedGold": "TRUE", "metalMinedSilver": 0.0, "metalMinedLead": 0.0, "metalMinedCopper": 0.0, "metalMinedTin": 0.0, "metalMinedIron": 0.0, "metalMinedMercuryCinnabar": 0.0, "metalMinedZinc": 0.0, "metalMinedOther": 0.0, "description": null, "references": "Sanchez-Palencia and Orejas 1994, 201", "techniqueOpencast": 1.0, "techniqueUnderground": 0.0, "techniqueHydraulic": "TRUE", "techniqueHushing": "TRUE", "techniqueGroundSluicing": "FALSE", "techniqueRuinaMontium": 0.0, "techniqueRakeComb": 0.0, "techniqueGoldWashing": 0.0, "techniqueOther": 0.0, "notes": null, "geology": null, "depositType": "Secondary", "exploitationType": "Selective - Extensive", "Flag_Au_Oro": 1, "Status_Au_Oro": "Confirmado", "Flag_Ag_Plata": 0, "Status_Ag_Plata": "No", "Flag_Cu_Cobre": 0, "Status_Cu_Cobre": "No", "Flag_Pb_Plomo": 0, "Status_Pb_Plomo": "No", "Flag_Hg_Cinabrio": 0, "Status_Hg_Cinabrio": "No", "Flag_Sn_Estano": 0, "Status_Sn_Estano": "No", "Flag_Fe_Hierro": 0, "Status_Fe_Hierro": "No", "Tech_Ruina_Montium": 1, "Tech_Subterranea": 0, "Tech_Cielo_Abierto": 1, "Tech_Lavado_Placer": 0, "Certainty_Spatial": 0.85, "Certainty_Archaeological": 0.9, "Certainty_Metallogenic": 1.0, "Certainty_Score": 0.905, "Certainty_Grade": "Alta Certeza (Grado I)" }, "geometry": { "type": "Point", "coordinates": [ -6.341954, 42.31273 ] } },
{ "type": "Feature", "properties": { "mineID": 948, "site": "Los Milagros del Monte Medo", "ancientName": null, "province": "Hispania Tarraconensis", "country": "Spain", "region": "Orense", "miningDistrict": "Cuenca media del Miño", "romanianRANID": null, "sanchezPalenciaAndOrejasID": "MM-14", "domergueID": null, "spainMapSheet": null, "lambertX": null, "lambertY": null, "latitude": 42.23208, "longitude": -7.629413, "coordinateAccuracy": 1000.0, "locationDataSource": "Google Earth, placename", "locationNotes": null, "notBeforeOpeningDate": null, "notAfterOpeningDate": null, "notBeforeClosingDate": null, "notAfterClosingDate": null, "inUseDate": null, "metalMinedGold": "TRUE", "metalMinedSilver": 0.0, "metalMinedLead": 0.0, "metalMinedCopper": 0.0, "metalMinedTin": 0.0, "metalMinedIron": 0.0, "metalMinedMercuryCinnabar": 0.0, "metalMinedZinc": 0.0, "metalMinedOther": 0.0, "description": null, "references": "Sanchez-Palencia and Orejas 1994, 194", "techniqueOpencast": 1.0, "techniqueUnderground": 0.0, "techniqueHydraulic": "TRUE", "techniqueHushing": null, "techniqueGroundSluicing": null, "techniqueRuinaMontium": null, "techniqueRakeComb": null, "techniqueGoldWashing": null, "techniqueOther": null, "notes": null, "geology": null, "depositType": "Secondary", "exploitationType": "Selective - Extensive", "Flag_Au_Oro": 1, "Status_Au_Oro": "Confirmado", "Flag_Ag_Plata": 0, "Status_Ag_Plata": "No", "Flag_Cu_Cobre": 0, "Status_Cu_Cobre": "No", "Flag_Pb_Plomo": 0, "Status_Pb_Plomo": "No", "Flag_Hg_Cinabrio": 0, "Status_Hg_Cinabrio": "No", "Flag_Sn_Estano": 0, "Status_Sn_Estano": "No", "Flag_Fe_Hierro": 0, "Status_Fe_Hierro": "No", "Tech_Ruina_Montium": 1, "Tech_Subterranea": 0, "Tech_Cielo_Abierto": 1, "Tech_Lavado_Placer": 0, "Certainty_Spatial": 0.7, "Certainty_Archaeological": 0.9, "Certainty_Metallogenic": 1.0, "Certainty_Score": 0.845, "Certainty_Grade": "Alta Certeza (Grado I)" }, "geometry": { "type": "Point", "coordinates": [ -7.629413, 42.23208 ] } },
{ "type": "Feature", "properties": { "mineID": 950, "site": "Los Moruecos de Larón", "ancientName": null, "province": "Hispania Tarraconensis", "country": "Spain", "region": "Oviedo", "miningDistrict": "Cuenca del Navia", "romanianRANID": null, "sanchezPalenciaAndOrejasID": "NV-02", "domergueID": null, "spainMapSheet": null, "lambertX": null, "lambertY": null, "latitude": 42.98355, "longitude": -6.634177, "coordinateAccuracy": 500.0, "locationDataSource": "Guessed from Sanchez-Palencia and Orejas 1994, fig. 13; IGN map, and Google Earth.", "locationNotes": null, "notBeforeOpeningDate": null, "notAfterOpeningDate": null, "notBeforeClosingDate": null, "notAfterClosingDate": null, "inUseDate": null, "metalMinedGold": "TRUE", "metalMinedSilver": 0.0, "metalMinedLead": 0.0, "metalMinedCopper": 0.0, "metalMinedTin": 0.0, "metalMinedIron": 0.0, "metalMinedMercuryCinnabar": 0.0, "metalMinedZinc": 0.0, "metalMinedOther": 0.0, "description": null, "references": "Sanchez-Palencia and Orejas 1994, 199", "techniqueOpencast": 1.0, "techniqueUnderground": 0.0, "techniqueHydraulic": "TRUE", "techniqueHushing": null, "techniqueGroundSluicing": null, "techniqueRuinaMontium": null, "techniqueRakeComb": null, "techniqueGoldWashing": null, "techniqueOther": null, "notes": null, "geology": null, "depositType": "Secondary", "exploitationType": "Selective", "Flag_Au_Oro": 1, "Status_Au_Oro": "Confirmado", "Flag_Ag_Plata": 0, "Status_Ag_Plata": "No", "Flag_Cu_Cobre": 0, "Status_Cu_Cobre": "No", "Flag_Pb_Plomo": 0, "Status_Pb_Plomo": "No", "Flag_Hg_Cinabrio": 0, "Status_Hg_Cinabrio": "No", "Flag_Sn_Estano": 0, "Status_Sn_Estano": "No", "Flag_Fe_Hierro": 0, "Status_Fe_Hierro": "No", "Tech_Ruina_Montium": 1, "Tech_Subterranea": 0, "Tech_Cielo_Abierto": 1, "Tech_Lavado_Placer": 0, "Certainty_Spatial": 0.85, "Certainty_Archaeological": 0.9, "Certainty_Metallogenic": 1.0, "Certainty_Score": 0.905, "Certainty_Grade": "Alta Certeza (Grado I)" }, "geometry": { "type": "Point", "coordinates": [ -6.634177, 42.98355 ] } },
{ "type": "Feature", "properties": { "mineID": 951, "site": "Los Muriacales - Los Cubanallos", "ancientName": null, "province": "Hispania Tarraconensis", "country": "Spain", "region": "León", "miningDistrict": "Cuenca del Eria", "romanianRANID": null, "sanchezPalenciaAndOrejasID": "ER-07", "domergueID": null, "spainMapSheet": null, "lambertX": null, "lambertY": null, "latitude": 42.233705, "longitude": -6.346199, "coordinateAccuracy": 300.0, "locationDataSource": "Estimated from Sanchez-Palencia and Orejas 1994, fig. 17 and Google Earth", "locationNotes": null, "notBeforeOpeningDate": null, "notAfterOpeningDate": null, "notBeforeClosingDate": null, "notAfterClosingDate": null, "inUseDate": null, "metalMinedGold": "TRUE", "metalMinedSilver": 0.0, "metalMinedLead": 0.0, "metalMinedCopper": 0.0, "metalMinedTin": 0.0, "metalMinedIron": 0.0, "metalMinedMercuryCinnabar": 0.0, "metalMinedZinc": 0.0, "metalMinedOther": 0.0, "description": null, "references": "Sanchez-Palencia and Orejas 1994, 193", "techniqueOpencast": 1.0, "techniqueUnderground": 0.0, "techniqueHydraulic": "TRUE", "techniqueHushing": "FALSE", "techniqueGroundSluicing": "FALSE", "techniqueRuinaMontium": 0.0, "techniqueRakeComb": 0.0, "techniqueGoldWashing": 0.0, "techniqueOther": 0.0, "notes": null, "geology": null, "depositType": "Secondary", "exploitationType": "Selective - Extensive", "Flag_Au_Oro": 1, "Status_Au_Oro": "Confirmado", "Flag_Ag_Plata": 0, "Status_Ag_Plata": "No", "Flag_Cu_Cobre": 0, "Status_Cu_Cobre": "No", "Flag_Pb_Plomo": 0, "Status_Pb_Plomo": "No", "Flag_Hg_Cinabrio": 0, "Status_Hg_Cinabrio": "No", "Flag_Sn_Estano": 0, "Status_Sn_Estano": "No", "Flag_Fe_Hierro": 0, "Status_Fe_Hierro": "No", "Tech_Ruina_Montium": 1, "Tech_Subterranea": 0, "Tech_Cielo_Abierto": 1, "Tech_Lavado_Placer": 0, "Certainty_Spatial": 0.85, "Certainty_Archaeological": 0.9, "Certainty_Metallogenic": 1.0, "Certainty_Score": 0.905, "Certainty_Grade": "Alta Certeza (Grado I)" }, "geometry": { "type": "Point", "coordinates": [ -6.346199, 42.233705 ] } },
{ "type": "Feature", "properties": { "mineID": 956, "site": "Los Prados del Castro", "ancientName": null, "province": "Hispania Tarraconensis", "country": "Spain", "region": "León", "miningDistrict": "Cuenca del Eria", "romanianRANID": null, "sanchezPalenciaAndOrejasID": "ER-04", "domergueID": null, "spainMapSheet": null, "lambertX": null, "lambertY": null, "latitude": 42.244728, "longitude": -6.41975, "coordinateAccuracy": 300.0, "locationDataSource": "Estimated from Sanchez-Palencia and Orejas 1994, fig. 17 and Google Earth", "locationNotes": null, "notBeforeOpeningDate": null, "notAfterOpeningDate": null, "notBeforeClosingDate": null, "notAfterClosingDate": null, "inUseDate": null, "metalMinedGold": "TRUE", "metalMinedSilver": 0.0, "metalMinedLead": 0.0, "metalMinedCopper": 0.0, "metalMinedTin": 0.0, "metalMinedIron": 0.0, "metalMinedMercuryCinnabar": 0.0, "metalMinedZinc": 0.0, "metalMinedOther": 0.0, "description": null, "references": "Sanchez-Palencia and Orejas 1994, 193", "techniqueOpencast": 1.0, "techniqueUnderground": 0.0, "techniqueHydraulic": "TRUE", "techniqueHushing": "FALSE", "techniqueGroundSluicing": "FALSE", "techniqueRuinaMontium": 0.0, "techniqueRakeComb": 0.0, "techniqueGoldWashing": 0.0, "techniqueOther": 0.0, "notes": null, "geology": null, "depositType": "Secondary", "exploitationType": "Selective", "Flag_Au_Oro": 1, "Status_Au_Oro": "Confirmado", "Flag_Ag_Plata": 0, "Status_Ag_Plata": "No", "Flag_Cu_Cobre": 0, "Status_Cu_Cobre": "No", "Flag_Pb_Plomo": 0, "Status_Pb_Plomo": "No", "Flag_Hg_Cinabrio": 0, "Status_Hg_Cinabrio": "No", "Flag_Sn_Estano": 0, "Status_Sn_Estano": "No", "Flag_Fe_Hierro": 0, "Status_Fe_Hierro": "No", "Tech_Ruina_Montium": 1, "Tech_Subterranea": 0, "Tech_Cielo_Abierto": 1, "Tech_Lavado_Placer": 0, "Certainty_Spatial": 0.85, "Certainty_Archaeological": 0.9, "Certainty_Metallogenic": 1.0, "Certainty_Score": 0.905, "Certainty_Grade": "Alta Certeza (Grado I)" }, "geometry": { "type": "Point", "coordinates": [ -6.41975, 42.244728 ] } },
{ "type": "Feature", "properties": { "mineID": 958, "site": "Los Rudicales", "ancientName": null, "province": "Hispania Tarraconensis", "country": "Spain", "region": "León", "miningDistrict": "Cuencas de Cúa y Burbia", "romanianRANID": null, "sanchezPalenciaAndOrejasID": "CB-29", "domergueID": null, "spainMapSheet": null, "lambertX": null, "lambertY": null, "latitude": 42.659775, "longitude": -6.784792, "coordinateAccuracy": 500.0, "locationDataSource": "Estimated from Sanchez-Palencia and Orejas 1994, fig. 14, IGN map, and Google Earth", "locationNotes": null, "notBeforeOpeningDate": null, "notAfterOpeningDate": null, "notBeforeClosingDate": null, "notAfterClosingDate": null, "inUseDate": null, "metalMinedGold": "TRUE", "metalMinedSilver": 0.0, "metalMinedLead": 0.0, "metalMinedCopper": 0.0, "metalMinedTin": 0.0, "metalMinedIron": 0.0, "metalMinedMercuryCinnabar": 0.0, "metalMinedZinc": 0.0, "metalMinedOther": 0.0, "description": null, "references": "Sanchez-Palencia and Orejas 1994, 192", "techniqueOpencast": 1.0, "techniqueUnderground": 0.0, "techniqueHydraulic": "TRUE", "techniqueHushing": null, "techniqueGroundSluicing": null, "techniqueRuinaMontium": null, "techniqueRakeComb": null, "techniqueGoldWashing": null, "techniqueOther": null, "notes": null, "geology": null, "depositType": "Secondary", "exploitationType": "Extensive", "Flag_Au_Oro": 1, "Status_Au_Oro": "Confirmado", "Flag_Ag_Plata": 0, "Status_Ag_Plata": "No", "Flag_Cu_Cobre": 0, "Status_Cu_Cobre": "No", "Flag_Pb_Plomo": 0, "Status_Pb_Plomo": "No", "Flag_Hg_Cinabrio": 0, "Status_Hg_Cinabrio": "No", "Flag_Sn_Estano": 0, "Status_Sn_Estano": "No", "Flag_Fe_Hierro": 0, "Status_Fe_Hierro": "No", "Tech_Ruina_Montium": 1, "Tech_Subterranea": 0, "Tech_Cielo_Abierto": 1, "Tech_Lavado_Placer": 0, "Certainty_Spatial": 0.85, "Certainty_Archaeological": 0.9, "Certainty_Metallogenic": 1.0, "Certainty_Score": 0.905, "Certainty_Grade": "Alta Certeza (Grado I)" }, "geometry": { "type": "Point", "coordinates": [ -6.784792, 42.659775 ] } },
{ "type": "Feature", "properties": { "mineID": 969, "site": "Manzanal del Puerto / La Cantera / La Bajada de Lloroso", "ancientName": null, "province": "Hispania Tarraconensis", "country": "Spain", "region": "León", "miningDistrict": "Cuenca del Boeza", "romanianRANID": null, "sanchezPalenciaAndOrejasID": "BO-21", "domergueID": "LE 57", "spainMapSheet": 159.0, "lambertX": 389.7, "lambertY": 890.3, "latitude": 42.58889496, "longitude": -6.250651362, "coordinateAccuracy": 100.0, "locationDataSource": "Converted in QGIS from Lambert coords, Madrid 1870", "locationNotes": null, "notBeforeOpeningDate": null, "notAfterOpeningDate": null, "notBeforeClosingDate": null, "notAfterClosingDate": null, "inUseDate": null, "metalMinedGold": "TRUE", "metalMinedSilver": 0.0, "metalMinedLead": 0.0, "metalMinedCopper": 0.0, "metalMinedTin": 0.0, "metalMinedIron": 0.0, "metalMinedMercuryCinnabar": 0.0, "metalMinedZinc": 0.0, "metalMinedOther": 0.0, "description": null, "references": "Domergue 1990: 43; Sanchez-Palencia and Orejas 1994, 191", "techniqueOpencast": 1.0, "techniqueUnderground": 0.0, "techniqueHydraulic": "TRUE", "techniqueHushing": null, "techniqueGroundSluicing": null, "techniqueRuinaMontium": 0.0, "techniqueRakeComb": null, "techniqueGoldWashing": 0.0, "techniqueOther": 0.0, "notes": null, "geology": "Colluvial deposits", "depositType": "Secondary", "exploitationType": "Extensive", "Flag_Au_Oro": 1, "Status_Au_Oro": "Confirmado", "Flag_Ag_Plata": 0, "Status_Ag_Plata": "No", "Flag_Cu_Cobre": 0, "Status_Cu_Cobre": "No", "Flag_Pb_Plomo": 0, "Status_Pb_Plomo": "No", "Flag_Hg_Cinabrio": 0, "Status_Hg_Cinabrio": "No", "Flag_Sn_Estano": 0, "Status_Sn_Estano": "No", "Flag_Fe_Hierro": 0, "Status_Fe_Hierro": "No", "Tech_Ruina_Montium": 1, "Tech_Subterranea": 0, "Tech_Cielo_Abierto": 1, "Tech_Lavado_Placer": 0, "Certainty_Spatial": 1.0, "Certainty_Archaeological": 1.0, "Certainty_Metallogenic": 1.0, "Certainty_Score": 1.0, "Certainty_Grade": "Alta Certeza (Grado I)" }, "geometry": { "type": "Point", "coordinates": [ -6.250651362, 42.58889496 ] } },
{ "type": "Feature", "properties": { "mineID": 970, "site": "Manzaneda / El Follacón", "ancientName": null, "province": "Hispania Tarraconensis", "country": "Spain", "region": "León", "miningDistrict": "Cuenca del Eria", "romanianRANID": null, "sanchezPalenciaAndOrejasID": "ER-12", "domergueID": "LE 44", "spainMapSheet": 230.0, "lambertX": 383.0, "lambertY": 853.8, "latitude": 42.25859447, "longitude": -6.319124815, "coordinateAccuracy": 100.0, "locationDataSource": "Converted in QGIS from Lambert coords, Madrid 1870", "locationNotes": null, "notBeforeOpeningDate": null, "notAfterOpeningDate": null, "notBeforeClosingDate": null, "notAfterClosingDate": null, "inUseDate": null, "metalMinedGold": "TRUE", "metalMinedSilver": 0.0, "metalMinedLead": 0.0, "metalMinedCopper": 0.0, "metalMinedTin": 0.0, "metalMinedIron": 0.0, "metalMinedMercuryCinnabar": 0.0, "metalMinedZinc": 0.0, "metalMinedOther": 0.0, "description": "Opencast pit nearly 20 m deep; volume of earth extracted calculated at 1083 m3 from LiDAR survey.", "references": "Domergue 1990: 43; Sanchez-Palencia and Orejas 1994, 193;  Fernández-Lozano et al. 2015, 364, 366–7", "techniqueOpencast": 1.0, "techniqueUnderground": 0.0, "techniqueHydraulic": "TRUE", "techniqueHushing": "TRUE", "techniqueGroundSluicing": "TRUE", "techniqueRuinaMontium": 0.0, "techniqueRakeComb": 1.0, "techniqueGoldWashing": 0.0, "techniqueOther": 0.0, "notes": null, "geology": "Colluvial deposits", "depositType": "Secondary", "exploitationType": "Selective - Extensive", "Flag_Au_Oro": 1, "Status_Au_Oro": "Confirmado", "Flag_Ag_Plata": 0, "Status_Ag_Plata": "No", "Flag_Cu_Cobre": 0, "Status_Cu_Cobre": "No", "Flag_Pb_Plomo": 0, "Status_Pb_Plomo": "No", "Flag_Hg_Cinabrio": 0, "Status_Hg_Cinabrio": "No", "Flag_Sn_Estano": 0, "Status_Sn_Estano": "No", "Flag_Fe_Hierro": 0, "Status_Fe_Hierro": "No", "Tech_Ruina_Montium": 1, "Tech_Subterranea": 0, "Tech_Cielo_Abierto": 1, "Tech_Lavado_Placer": 0, "Certainty_Spatial": 1.0, "Certainty_Archaeological": 1.0, "Certainty_Metallogenic": 1.0, "Certainty_Score": 1.0, "Certainty_Grade": "Alta Certeza (Grado I)" }, "geometry": { "type": "Point", "coordinates": [ -6.319124815, 42.25859447 ] } },
{ "type": "Feature", "properties": { "mineID": 971, "site": "Manzarnoso II", "ancientName": null, "province": "Hispania Tarraconensis", "country": "Spain", "region": "León", "miningDistrict": "Cuenca Alta del Tuerto", "romanianRANID": null, "sanchezPalenciaAndOrejasID": "AT-04", "domergueID": "LE 58", "spainMapSheet": 160.0, "lambertX": 395.0, "lambertY": 890.0, "latitude": 42.58754942, "longitude": -6.185997468, "coordinateAccuracy": 100.0, "locationDataSource": "Converted in QGIS from Lambert coords, Madrid 1870", "locationNotes": "need to add details of sub-sites", "notBeforeOpeningDate": null, "notAfterOpeningDate": null, "notBeforeClosingDate": null, "notAfterClosingDate": null, "inUseDate": null, "metalMinedGold": "TRUE", "metalMinedSilver": 0.0, "metalMinedLead": 0.0, "metalMinedCopper": 0.0, "metalMinedTin": 0.0, "metalMinedIron": 0.0, "metalMinedMercuryCinnabar": 0.0, "metalMinedZinc": 0.0, "metalMinedOther": 0.0, "description": null, "references": "Domergue 1990: 43; Sanchez-Palencia and Orejas 1994, 189", "techniqueOpencast": 1.0, "techniqueUnderground": 0.0, "techniqueHydraulic": "TRUE", "techniqueHushing": "FALSE", "techniqueGroundSluicing": "FALSE", "techniqueRuinaMontium": 0.0, "techniqueRakeComb": 1.0, "techniqueGoldWashing": 0.0, "techniqueOther": 0.0, "notes": null, "geology": "Colluvial deposits", "depositType": "Secondary", "exploitationType": "Selective - Extensive", "Flag_Au_Oro": 1, "Status_Au_Oro": "Confirmado", "Flag_Ag_Plata": 0, "Status_Ag_Plata": "No", "Flag_Cu_Cobre": 0, "Status_Cu_Cobre": "No", "Flag_Pb_Plomo": 0, "Status_Pb_Plomo": "No", "Flag_Hg_Cinabrio": 0, "Status_Hg_Cinabrio": "No", "Flag_Sn_Estano": 0, "Status_Sn_Estano": "No", "Flag_Fe_Hierro": 0, "Status_Fe_Hierro": "No", "Tech_Ruina_Montium": 1, "Tech_Subterranea": 0, "Tech_Cielo_Abierto": 1, "Tech_Lavado_Placer": 0, "Certainty_Spatial": 1.0, "Certainty_Archaeological": 1.0, "Certainty_Metallogenic": 1.0, "Certainty_Score": 1.0, "Certainty_Grade": "Alta Certeza (Grado I)" }, "geometry": { "type": "Point", "coordinates": [ -6.185997468, 42.58754942 ] } },
{ "type": "Feature", "properties": { "mineID": 972, "site": "La Devesa II", "ancientName": null, "province": "Hispania Tarraconensis", "country": "Spain", "region": "León", "miningDistrict": "Cuenca Alta del Tuerto", "romanianRANID": null, "sanchezPalenciaAndOrejasID": "AT-10", "domergueID": "LE 58", "spainMapSheet": 160.0, "lambertX": 402.8, "lambertY": 890.2, "latitude": 42.59127997, "longitude": -6.091062034, "coordinateAccuracy": 100.0, "locationDataSource": "Converted in QGIS from Lambert coords, Madrid 1870", "locationNotes": "need to add details of sub-sites", "notBeforeOpeningDate": null, "notAfterOpeningDate": null, "notBeforeClosingDate": null, "notAfterClosingDate": null, "inUseDate": null, "metalMinedGold": "TRUE", "metalMinedSilver": 0.0, "metalMinedLead": 0.0, "metalMinedCopper": 0.0, "metalMinedTin": 0.0, "metalMinedIron": 0.0, "metalMinedMercuryCinnabar": 0.0, "metalMinedZinc": 0.0, "metalMinedOther": 0.0, "description": null, "references": "Domergue 1990: 43; Sanchez-Palencia and Orejas 1994, 190", "techniqueOpencast": 1.0, "techniqueUnderground": 0.0, "techniqueHydraulic": "TRUE", "techniqueHushing": "FALSE", "techniqueGroundSluicing": "FALSE", "techniqueRuinaMontium": 0.0, "techniqueRakeComb": 1.0, "techniqueGoldWashing": 0.0, "techniqueOther": 0.0, "notes": null, "geology": "Colluvial deposits", "depositType": "Secondary", "exploitationType": "Selective", "Flag_Au_Oro": 1, "Status_Au_Oro": "Confirmado", "Flag_Ag_Plata": 0, "Status_Ag_Plata": "No", "Flag_Cu_Cobre": 0, "Status_Cu_Cobre": "No", "Flag_Pb_Plomo": 0, "Status_Pb_Plomo": "No", "Flag_Hg_Cinabrio": 0, "Status_Hg_Cinabrio": "No", "Flag_Sn_Estano": 0, "Status_Sn_Estano": "No", "Flag_Fe_Hierro": 0, "Status_Fe_Hierro": "No", "Tech_Ruina_Montium": 1, "Tech_Subterranea": 0, "Tech_Cielo_Abierto": 1, "Tech_Lavado_Placer": 0, "Certainty_Spatial": 1.0, "Certainty_Archaeological": 1.0, "Certainty_Metallogenic": 1.0, "Certainty_Score": 1.0, "Certainty_Grade": "Alta Certeza (Grado I)" }, "geometry": { "type": "Point", "coordinates": [ -6.091062034, 42.59127997 ] } },
{ "type": "Feature", "properties": { "mineID": 973, "site": "Manzarnoso I / Peñasturón", "ancientName": null, "province": "Hispania Tarraconensis", "country": "Spain", "region": "León", "miningDistrict": "Cuenca Alta del Tuerto", "romanianRANID": null, "sanchezPalenciaAndOrejasID": "AT-05", "domergueID": "LE 58", "spainMapSheet": 160.0, "lambertX": 397.0, "lambertY": 888.5, "latitude": 42.57455126, "longitude": -6.161131708, "coordinateAccuracy": 100.0, "locationDataSource": "Converted in QGIS from Lambert coords, Madrid 1870", "locationNotes": "need to add details of sub-sites", "notBeforeOpeningDate": null, "notAfterOpeningDate": null, "notBeforeClosingDate": null, "notAfterClosingDate": null, "inUseDate": null, "metalMinedGold": "TRUE", "metalMinedSilver": 0.0, "metalMinedLead": 0.0, "metalMinedCopper": 0.0, "metalMinedTin": 0.0, "metalMinedIron": 0.0, "metalMinedMercuryCinnabar": 0.0, "metalMinedZinc": 0.0, "metalMinedOther": 0.0, "description": null, "references": "Domergue 1990: 43; Sanchez-Palencia and Orejas 1994, 189", "techniqueOpencast": 1.0, "techniqueUnderground": 0.0, "techniqueHydraulic": "TRUE", "techniqueHushing": "FALSE", "techniqueGroundSluicing": "FALSE", "techniqueRuinaMontium": 0.0, "techniqueRakeComb": 1.0, "techniqueGoldWashing": 0.0, "techniqueOther": 0.0, "notes": null, "geology": "Colluvial deposits", "depositType": "Secondary", "exploitationType": "Selective - Extensive", "Flag_Au_Oro": 1, "Status_Au_Oro": "Confirmado", "Flag_Ag_Plata": 0, "Status_Ag_Plata": "No", "Flag_Cu_Cobre": 0, "Status_Cu_Cobre": "No", "Flag_Pb_Plomo": 0, "Status_Pb_Plomo": "No", "Flag_Hg_Cinabrio": 0, "Status_Hg_Cinabrio": "No", "Flag_Sn_Estano": 0, "Status_Sn_Estano": "No", "Flag_Fe_Hierro": 0, "Status_Fe_Hierro": "No", "Tech_Ruina_Montium": 1, "Tech_Subterranea": 0, "Tech_Cielo_Abierto": 1, "Tech_Lavado_Placer": 0, "Certainty_Spatial": 1.0, "Certainty_Archaeological": 1.0, "Certainty_Metallogenic": 1.0, "Certainty_Score": 1.0, "Certainty_Grade": "Alta Certeza (Grado I)" }, "geometry": { "type": "Point", "coordinates": [ -6.161131708, 42.57455126 ] } },
{ "type": "Feature", "properties": { "mineID": 979, "site": "Meiriña - La Raña", "ancientName": null, "province": "Hispania Tarraconensis", "country": "Spain", "region": "León, Orense, Lugo", "miningDistrict": "Cuenca media del Sil", "romanianRANID": null, "sanchezPalenciaAndOrejasID": "MS-002", "domergueID": null, "spainMapSheet": null, "lambertX": null, "lambertY": null, "latitude": 42.536257, "longitude": -6.776897, "coordinateAccuracy": 1000.0, "locationDataSource": "IGN map and Google Earth", "locationNotes": "Coordinates are for a point between the two toponyms Meiriña and La Raña on the IGN map", "notBeforeOpeningDate": null, "notAfterOpeningDate": null, "notBeforeClosingDate": null, "notAfterClosingDate": null, "inUseDate": null, "metalMinedGold": "TRUE", "metalMinedSilver": 0.0, "metalMinedLead": 0.0, "metalMinedCopper": 0.0, "metalMinedTin": 0.0, "metalMinedIron": 0.0, "metalMinedMercuryCinnabar": 0.0, "metalMinedZinc": 0.0, "metalMinedOther": 0.0, "description": null, "references": "Sanchez-Palencia and Orejas 1994, 194", "techniqueOpencast": 1.0, "techniqueUnderground": 0.0, "techniqueHydraulic": "TRUE", "techniqueHushing": null, "techniqueGroundSluicing": null, "techniqueRuinaMontium": null, "techniqueRakeComb": null, "techniqueGoldWashing": null, "techniqueOther": null, "notes": null, "geology": null, "depositType": "Secondary", "exploitationType": "Extensive", "Flag_Au_Oro": 1, "Status_Au_Oro": "Confirmado", "Flag_Ag_Plata": 0, "Status_Ag_Plata": "No", "Flag_Cu_Cobre": 0, "Status_Cu_Cobre": "No", "Flag_Pb_Plomo": 0, "Status_Pb_Plomo": "No", "Flag_Hg_Cinabrio": 0, "Status_Hg_Cinabrio": "No", "Flag_Sn_Estano": 0, "Status_Sn_Estano": "No", "Flag_Fe_Hierro": 0, "Status_Fe_Hierro": "No", "Tech_Ruina_Montium": 1, "Tech_Subterranea": 0, "Tech_Cielo_Abierto": 1, "Tech_Lavado_Placer": 0, "Certainty_Spatial": 0.7, "Certainty_Archaeological": 0.9, "Certainty_Metallogenic": 1.0, "Certainty_Score": 0.845, "Certainty_Grade": "Alta Certeza (Grado I)" }, "geometry": { "type": "Point", "coordinates": [ -6.776897, 42.536257 ] } },
{ "type": "Feature", "properties": { "mineID": 980, "site": "Melgoto", "ancientName": null, "province": "Hispania Tarraconensis", "country": "Spain", "region": "León", "miningDistrict": "Cuenca media del Sil", "romanianRANID": null, "sanchezPalenciaAndOrejasID": "MS-010", "domergueID": null, "spainMapSheet": null, "lambertX": null, "lambertY": null, "latitude": 42.446163, "longitude": -6.826435, "coordinateAccuracy": 1000.0, "locationDataSource": "Guessed from Google Earth and Sanchez-Palencia and Orejas 1994, fig. 16", "locationNotes": null, "notBeforeOpeningDate": null, "notAfterOpeningDate": null, "notBeforeClosingDate": null, "notAfterClosingDate": null, "inUseDate": null, "metalMinedGold": "TRUE", "metalMinedSilver": 0.0, "metalMinedLead": 0.0, "metalMinedCopper": 0.0, "metalMinedTin": 0.0, "metalMinedIron": 0.0, "metalMinedMercuryCinnabar": 0.0, "metalMinedZinc": 0.0, "metalMinedOther": 0.0, "description": null, "references": "Sanchez-Palencia and Orejas 1994, 195", "techniqueOpencast": 1.0, "techniqueUnderground": 0.0, "techniqueHydraulic": "TRUE", "techniqueHushing": null, "techniqueGroundSluicing": null, "techniqueRuinaMontium": null, "techniqueRakeComb": null, "techniqueGoldWashing": null, "techniqueOther": null, "notes": null, "geology": null, "depositType": "Secondary", "exploitationType": "Selective", "Flag_Au_Oro": 1, "Status_Au_Oro": "Confirmado", "Flag_Ag_Plata": 0, "Status_Ag_Plata": "No", "Flag_Cu_Cobre": 0, "Status_Cu_Cobre": "No", "Flag_Pb_Plomo": 0, "Status_Pb_Plomo": "No", "Flag_Hg_Cinabrio": 0, "Status_Hg_Cinabrio": "No", "Flag_Sn_Estano": 0, "Status_Sn_Estano": "No", "Flag_Fe_Hierro": 0, "Status_Fe_Hierro": "No", "Tech_Ruina_Montium": 1, "Tech_Subterranea": 0, "Tech_Cielo_Abierto": 1, "Tech_Lavado_Placer": 0, "Certainty_Spatial": 0.7, "Certainty_Archaeological": 0.9, "Certainty_Metallogenic": 1.0, "Certainty_Score": 0.845, "Certainty_Grade": "Alta Certeza (Grado I)" }, "geometry": { "type": "Point", "coordinates": [ -6.826435, 42.446163 ] } },
{ "type": "Feature", "properties": { "mineID": 993, "site": "Moncelos", "ancientName": null, "province": "Hispania Tarraconensis", "country": "Spain", "region": "Lugo", "miningDistrict": "Galicia", "romanianRANID": null, "sanchezPalenciaAndOrejasID": null, "domergueID": "LU 1", "spainMapSheet": 48.0, "lambertX": 290.8, "lambertY": 971.0, "latitude": 43.28296659, "longitude": -7.496621083, "coordinateAccuracy": 100.0, "locationDataSource": "Converted in QGIS from Lambert coords, Madrid 1870", "locationNotes": null, "notBeforeOpeningDate": null, "notAfterOpeningDate": null, "notBeforeClosingDate": null, "notAfterClosingDate": null, "inUseDate": null, "metalMinedGold": "TRUE", "metalMinedSilver": 0.0, "metalMinedLead": 0.0, "metalMinedCopper": 0.0, "metalMinedTin": 0.0, "metalMinedIron": 0.0, "metalMinedMercuryCinnabar": 0.0, "metalMinedZinc": 0.0, "metalMinedOther": 0.0, "description": null, "references": "Domergue 1990: 41", "techniqueOpencast": 0.0, "techniqueUnderground": 0.0, "techniqueHydraulic": "TRUE", "techniqueHushing": "FALSE", "techniqueGroundSluicing": "FALSE", "techniqueRuinaMontium": 0.0, "techniqueRakeComb": 1.0, "techniqueGoldWashing": 0.0, "techniqueOther": 0.0, "notes": null, "geology": "Quaternary terrace", "depositType": null, "exploitationType": null, "Flag_Au_Oro": 1, "Status_Au_Oro": "Confirmado", "Flag_Ag_Plata": 0, "Status_Ag_Plata": "No", "Flag_Cu_Cobre": 0, "Status_Cu_Cobre": "No", "Flag_Pb_Plomo": 0, "Status_Pb_Plomo": "No", "Flag_Hg_Cinabrio": 0, "Status_Hg_Cinabrio": "No", "Flag_Sn_Estano": 0, "Status_Sn_Estano": "No", "Flag_Fe_Hierro": 0, "Status_Fe_Hierro": "No", "Tech_Ruina_Montium": 1, "Tech_Subterranea": 0, "Tech_Cielo_Abierto": 1, "Tech_Lavado_Placer": 0, "Certainty_Spatial": 1.0, "Certainty_Archaeological": 0.9, "Certainty_Metallogenic": 1.0, "Certainty_Score": 0.965, "Certainty_Grade": "Alta Certeza (Grado I)" }, "geometry": { "type": "Point", "coordinates": [ -7.496621083, 43.28296659 ] } },
{ "type": "Feature", "properties": { "mineID": 995, "site": "Monte dos Castros", "ancientName": null, "province": "Hispania Tarraconensis", "country": "Spain", "region": "Lugo", "miningDistrict": "Cuenca del Masma", "romanianRANID": null, "sanchezPalenciaAndOrejasID": "MA-02", "domergueID": null, "spainMapSheet": null, "lambertX": null, "lambertY": null, "latitude": 43.544684, "longitude": -7.350896, "coordinateAccuracy": 500.0, "locationDataSource": "IGN Map and Google Earth", "locationNotes": "Toponym  Coto dos Castros on the IGN map", "notBeforeOpeningDate": null, "notAfterOpeningDate": null, "notBeforeClosingDate": null, "notAfterClosingDate": null, "inUseDate": null, "metalMinedGold": "TRUE", "metalMinedSilver": 0.0, "metalMinedLead": 0.0, "metalMinedCopper": 0.0, "metalMinedTin": 0.0, "metalMinedIron": 0.0, "metalMinedMercuryCinnabar": 0.0, "metalMinedZinc": 0.0, "metalMinedOther": 0.0, "description": null, "references": "Sanchez-Palencia and Orejas 1994, 194", "techniqueOpencast": 1.0, "techniqueUnderground": 0.0, "techniqueHydraulic": "TRUE", "techniqueHushing": null, "techniqueGroundSluicing": null, "techniqueRuinaMontium": null, "techniqueRakeComb": null, "techniqueGoldWashing": null, "techniqueOther": null, "notes": null, "geology": null, "depositType": "Secondary", "exploitationType": "Selective - Extensive", "Flag_Au_Oro": 1, "Status_Au_Oro": "Confirmado", "Flag_Ag_Plata": 0, "Status_Ag_Plata": "No", "Flag_Cu_Cobre": 0, "Status_Cu_Cobre": "No", "Flag_Pb_Plomo": 0, "Status_Pb_Plomo": "No", "Flag_Hg_Cinabrio": 0, "Status_Hg_Cinabrio": "No", "Flag_Sn_Estano": 0, "Status_Sn_Estano": "No", "Flag_Fe_Hierro": 0, "Status_Fe_Hierro": "No", "Tech_Ruina_Montium": 1, "Tech_Subterranea": 0, "Tech_Cielo_Abierto": 1, "Tech_Lavado_Placer": 0, "Certainty_Spatial": 0.85, "Certainty_Archaeological": 0.9, "Certainty_Metallogenic": 1.0, "Certainty_Score": 0.905, "Certainty_Grade": "Alta Certeza (Grado I)" }, "geometry": { "type": "Point", "coordinates": [ -7.350896, 43.544684 ] } },
{ "type": "Feature", "properties": { "mineID": 997, "site": "Monte Lourido", "ancientName": null, "province": "Hispania Tarraconensis", "country": "Spain", "region": "La Coruña", "miningDistrict": "Cuenca del Mero", "romanianRANID": null, "sanchezPalenciaAndOrejasID": "ME-01", "domergueID": null, "spainMapSheet": null, "lambertX": null, "lambertY": null, "latitude": 43.227798, "longitude": -8.338858, "coordinateAccuracy": 500.0, "locationDataSource": "IGN Map and Google Earth", "locationNotes": "Covas de Lourido", "notBeforeOpeningDate": null, "notAfterOpeningDate": null, "notBeforeClosingDate": null, "notAfterClosingDate": null, "inUseDate": null, "metalMinedGold": "TRUE", "metalMinedSilver": 0.0, "metalMinedLead": 0.0, "metalMinedCopper": 0.0, "metalMinedTin": 0.0, "metalMinedIron": 0.0, "metalMinedMercuryCinnabar": 0.0, "metalMinedZinc": 0.0, "metalMinedOther": 0.0, "description": null, "references": "Sanchez-Palencia and Orejas 1994, 194", "techniqueOpencast": 1.0, "techniqueUnderground": 0.0, "techniqueHydraulic": "TRUE", "techniqueHushing": null, "techniqueGroundSluicing": null, "techniqueRuinaMontium": null, "techniqueRakeComb": null, "techniqueGoldWashing": null, "techniqueOther": null, "notes": null, "geology": null, "depositType": "Secondary", "exploitationType": "Extensive", "Flag_Au_Oro": 1, "Status_Au_Oro": "Confirmado", "Flag_Ag_Plata": 0, "Status_Ag_Plata": "No", "Flag_Cu_Cobre": 0, "Status_Cu_Cobre": "No", "Flag_Pb_Plomo": 0, "Status_Pb_Plomo": "No", "Flag_Hg_Cinabrio": 0, "Status_Hg_Cinabrio": "No", "Flag_Sn_Estano": 0, "Status_Sn_Estano": "No", "Flag_Fe_Hierro": 0, "Status_Fe_Hierro": "No", "Tech_Ruina_Montium": 1, "Tech_Subterranea": 0, "Tech_Cielo_Abierto": 1, "Tech_Lavado_Placer": 0, "Certainty_Spatial": 0.85, "Certainty_Archaeological": 0.9, "Certainty_Metallogenic": 1.0, "Certainty_Score": 0.905, "Certainty_Grade": "Alta Certeza (Grado I)" }, "geometry": { "type": "Point", "coordinates": [ -8.338858, 43.227798 ] } },
{ "type": "Feature", "properties": { "mineID": 999, "site": "Monte Oucedo - Las Peneliñas", "ancientName": null, "province": "Hispania Tarraconensis", "country": "Spain", "region": "León", "miningDistrict": "Cuencas de Cúa y Burbia", "romanianRANID": null, "sanchezPalenciaAndOrejasID": "CB-34", "domergueID": "LE 56", "spainMapSheet": null, "lambertX": null, "lambertY": null, "latitude": 42.564687, "longitude": -6.77063, "coordinateAccuracy": 500.0, "locationDataSource": "Estimated from Sanchez-Palencia and Orejas 1994, fig. 14, IGN map, and Google Earth", "locationNotes": null, "notBeforeOpeningDate": null, "notAfterOpeningDate": null, "notBeforeClosingDate": null, "notAfterClosingDate": null, "inUseDate": null, "metalMinedGold": "TRUE", "metalMinedSilver": 0.0, "metalMinedLead": 0.0, "metalMinedCopper": 0.0, "metalMinedTin": 0.0, "metalMinedIron": 0.0, "metalMinedMercuryCinnabar": 0.0, "metalMinedZinc": 0.0, "metalMinedOther": 0.0, "description": null, "references": "Sanchez-Palencia and Orejas 1994, 192", "techniqueOpencast": 1.0, "techniqueUnderground": 0.0, "techniqueHydraulic": "TRUE", "techniqueHushing": null, "techniqueGroundSluicing": null, "techniqueRuinaMontium": null, "techniqueRakeComb": null, "techniqueGoldWashing": null, "techniqueOther": null, "notes": null, "geology": null, "depositType": "Secondary", "exploitationType": "Selective - Extensive", "Flag_Au_Oro": 1, "Status_Au_Oro": "Confirmado", "Flag_Ag_Plata": 0, "Status_Ag_Plata": "No", "Flag_Cu_Cobre": 0, "Status_Cu_Cobre": "No", "Flag_Pb_Plomo": 0, "Status_Pb_Plomo": "No", "Flag_Hg_Cinabrio": 0, "Status_Hg_Cinabrio": "No", "Flag_Sn_Estano": 0, "Status_Sn_Estano": "No", "Flag_Fe_Hierro": 0, "Status_Fe_Hierro": "No", "Tech_Ruina_Montium": 1, "Tech_Subterranea": 0, "Tech_Cielo_Abierto": 1, "Tech_Lavado_Placer": 0, "Certainty_Spatial": 0.85, "Certainty_Archaeological": 1.0, "Certainty_Metallogenic": 1.0, "Certainty_Score": 0.94, "Certainty_Grade": "Alta Certeza (Grado I)" }, "geometry": { "type": "Point", "coordinates": [ -6.77063, 42.564687 ] } },
{ "type": "Feature", "properties": { "mineID": 1003, "site": "Montefurado", "ancientName": null, "province": "Hispania Tarraconensis", "country": "Spain", "region": "Lugo", "miningDistrict": "Cuenca media del Sil", "romanianRANID": null, "sanchezPalenciaAndOrejasID": "MS-035", "domergueID": "LU 11.e", "spainMapSheet": null, "lambertX": 311.3, "lambertY": 871.4, "latitude": 42.395616, "longitude": -7.201249, "coordinateAccuracy": 0.0, "locationDataSource": "Google Earth, visit 4/08/2010 [AIW]", "locationNotes": null, "notBeforeOpeningDate": null, "notAfterOpeningDate": null, "notBeforeClosingDate": null, "notAfterClosingDate": null, "inUseDate": null, "metalMinedGold": "TRUE", "metalMinedSilver": 0.0, "metalMinedLead": 0.0, "metalMinedCopper": 0.0, "metalMinedTin": 0.0, "metalMinedIron": 0.0, "metalMinedMercuryCinnabar": 0.0, "metalMinedZinc": 0.0, "metalMinedOther": 0.0, "description": null, "references": "Sanchez-Palencia and Orejas 1994, 195", "techniqueOpencast": 1.0, "techniqueUnderground": 0.0, "techniqueHydraulic": "TRUE", "techniqueHushing": "FALSE", "techniqueGroundSluicing": "FALSE", "techniqueRuinaMontium": 1.0, "techniqueRakeComb": 0.0, "techniqueGoldWashing": 0.0, "techniqueOther": 0.0, "notes": null, "geology": "Alluvial deposits worked by ruina montium", "depositType": "Secondary", "exploitationType": "Extensive", "Flag_Au_Oro": 1, "Status_Au_Oro": "Confirmado", "Flag_Ag_Plata": 0, "Status_Ag_Plata": "No", "Flag_Cu_Cobre": 0, "Status_Cu_Cobre": "No", "Flag_Pb_Plomo": 0, "Status_Pb_Plomo": "No", "Flag_Hg_Cinabrio": 0, "Status_Hg_Cinabrio": "No", "Flag_Sn_Estano": 0, "Status_Sn_Estano": "No", "Flag_Fe_Hierro": 0, "Status_Fe_Hierro": "No", "Tech_Ruina_Montium": 1, "Tech_Subterranea": 0, "Tech_Cielo_Abierto": 1, "Tech_Lavado_Placer": 0, "Certainty_Spatial": 1.0, "Certainty_Archaeological": 1.0, "Certainty_Metallogenic": 1.0, "Certainty_Score": 1.0, "Certainty_Grade": "Alta Certeza (Grado I)" }, "geometry": { "type": "Point", "coordinates": [ -7.201249, 42.395616 ] } },
{ "type": "Feature", "properties": { "mineID": 1004, "site": "Montefurado: Boca do Monte", "ancientName": null, "province": "Hispania Tarraconensis", "country": "Spain", "region": "Lugo", "miningDistrict": "Cuenca media del Sil", "romanianRANID": null, "sanchezPalenciaAndOrejasID": "MS-034", "domergueID": "LU 10", "spainMapSheet": 189.0, "lambertX": 310.4, "lambertY": 871.0, "latitude": 42.3914, "longitude": -7.206688, "coordinateAccuracy": 0.0, "locationDataSource": "Google Earth, visit 4/08/2010 [AIW]", "locationNotes": null, "notBeforeOpeningDate": null, "notAfterOpeningDate": null, "notBeforeClosingDate": null, "notAfterClosingDate": null, "inUseDate": null, "metalMinedGold": "TRUE", "metalMinedSilver": 0.0, "metalMinedLead": 0.0, "metalMinedCopper": 0.0, "metalMinedTin": 0.0, "metalMinedIron": 0.0, "metalMinedMercuryCinnabar": 0.0, "metalMinedZinc": 0.0, "metalMinedOther": 0.0, "description": "The river Sil was diverted to expose the placer deposits. Where the river made a sharp turn it was diverted through a rock-cut tunnel.", "references": "Lewis and Jones 1970; Domergue 1990: 40-41.", "techniqueOpencast": 1.0, "techniqueUnderground": 0.0, "techniqueHydraulic": "TRUE", "techniqueHushing": "FALSE", "techniqueGroundSluicing": "FALSE", "techniqueRuinaMontium": 0.0, "techniqueRakeComb": 0.0, "techniqueGoldWashing": 0.0, "techniqueOther": 1.0, "notes": null, "geology": "Placer deposits, mined in riverbed after diversion of river", "depositType": "Secondary", "exploitationType": "Selective", "Flag_Au_Oro": 1, "Status_Au_Oro": "Confirmado", "Flag_Ag_Plata": 0, "Status_Ag_Plata": "No", "Flag_Cu_Cobre": 0, "Status_Cu_Cobre": "No", "Flag_Pb_Plomo": 0, "Status_Pb_Plomo": "No", "Flag_Hg_Cinabrio": 0, "Status_Hg_Cinabrio": "No", "Flag_Sn_Estano": 0, "Status_Sn_Estano": "No", "Flag_Fe_Hierro": 0, "Status_Fe_Hierro": "No", "Tech_Ruina_Montium": 1, "Tech_Subterranea": 0, "Tech_Cielo_Abierto": 1, "Tech_Lavado_Placer": 0, "Certainty_Spatial": 1.0, "Certainty_Archaeological": 1.0, "Certainty_Metallogenic": 1.0, "Certainty_Score": 1.0, "Certainty_Grade": "Alta Certeza (Grado I)" }, "geometry": { "type": "Point", "coordinates": [ -7.206688, 42.3914 ] } },
{ "type": "Feature", "properties": { "mineID": 1005, "site": "Monterroso", "ancientName": null, "province": "Hispania Tarraconensis", "country": "Spain", "region": "Oviedo", "miningDistrict": "Cuenca del Narcea", "romanianRANID": null, "sanchezPalenciaAndOrejasID": "NA-07", "domergueID": "O 12", "spainMapSheet": 75.0, "lambertX": 356.2, "lambertY": 951.5, "latitude": 43.127027, "longitude": -6.689333, "coordinateAccuracy": 300.0, "locationDataSource": "Converted in QGIS from Lambert coords, Madrid 1870; adjusted by comparison with Google Earth", "locationNotes": null, "notBeforeOpeningDate": null, "notAfterOpeningDate": null, "notBeforeClosingDate": null, "notAfterClosingDate": null, "inUseDate": null, "metalMinedGold": "TRUE", "metalMinedSilver": 0.0, "metalMinedLead": 0.0, "metalMinedCopper": 0.0, "metalMinedTin": 0.0, "metalMinedIron": 0.0, "metalMinedMercuryCinnabar": 0.0, "metalMinedZinc": 0.0, "metalMinedOther": 0.0, "description": null, "references": "Domergue 1990: 42; Sanchez-Palencia and Orejas 1994, 197", "techniqueOpencast": 1.0, "techniqueUnderground": 0.0, "techniqueHydraulic": "TRUE", "techniqueHushing": null, "techniqueGroundSluicing": null, "techniqueRuinaMontium": null, "techniqueRakeComb": null, "techniqueGoldWashing": null, "techniqueOther": null, "notes": null, "geology": "Hard rock", "depositType": "Primary", "exploitationType": "Selective - Extensive", "Flag_Au_Oro": 1, "Status_Au_Oro": "Confirmado", "Flag_Ag_Plata": 0, "Status_Ag_Plata": "No", "Flag_Cu_Cobre": 0, "Status_Cu_Cobre": "No", "Flag_Pb_Plomo": 0, "Status_Pb_Plomo": "No", "Flag_Hg_Cinabrio": 0, "Status_Hg_Cinabrio": "No", "Flag_Sn_Estano": 0, "Status_Sn_Estano": "No", "Flag_Fe_Hierro": 0, "Status_Fe_Hierro": "No", "Tech_Ruina_Montium": 1, "Tech_Subterranea": 0, "Tech_Cielo_Abierto": 1, "Tech_Lavado_Placer": 0, "Certainty_Spatial": 0.85, "Certainty_Archaeological": 1.0, "Certainty_Metallogenic": 1.0, "Certainty_Score": 0.94, "Certainty_Grade": "Alta Certeza (Grado I)" }, "geometry": { "type": "Point", "coordinates": [ -6.689333, 43.127027 ] } },
{ "type": "Feature", "properties": { "mineID": 1007, "site": "Moreda I", "ancientName": null, "province": "Hispania Tarraconensis", "country": "Spain", "region": "León", "miningDistrict": "Cuencas de Cúa y Burbia", "romanianRANID": null, "sanchezPalenciaAndOrejasID": "CB-14", "domergueID": null, "spainMapSheet": null, "lambertX": null, "lambertY": null, "latitude": 42.728424, "longitude": -6.728143, "coordinateAccuracy": 1000.0, "locationDataSource": "Estimated from Sanchez-Palencia and Orejas 1994, fig. 14, and Google Earth", "locationNotes": null, "notBeforeOpeningDate": null, "notAfterOpeningDate": null, "notBeforeClosingDate": null, "notAfterClosingDate": null, "inUseDate": null, "metalMinedGold": "TRUE", "metalMinedSilver": 0.0, "metalMinedLead": 0.0, "metalMinedCopper": 0.0, "metalMinedTin": 0.0, "metalMinedIron": 0.0, "metalMinedMercuryCinnabar": 0.0, "metalMinedZinc": 0.0, "metalMinedOther": 0.0, "description": null, "references": "Sanchez-Palencia and Orejas 1994, 191", "techniqueOpencast": 1.0, "techniqueUnderground": 0.0, "techniqueHydraulic": "TRUE", "techniqueHushing": null, "techniqueGroundSluicing": null, "techniqueRuinaMontium": null, "techniqueRakeComb": null, "techniqueGoldWashing": null, "techniqueOther": null, "notes": null, "geology": null, "depositType": "Secondary", "exploitationType": "Extensive", "Flag_Au_Oro": 1, "Status_Au_Oro": "Confirmado", "Flag_Ag_Plata": 0, "Status_Ag_Plata": "No", "Flag_Cu_Cobre": 0, "Status_Cu_Cobre": "No", "Flag_Pb_Plomo": 0, "Status_Pb_Plomo": "No", "Flag_Hg_Cinabrio": 0, "Status_Hg_Cinabrio": "No", "Flag_Sn_Estano": 0, "Status_Sn_Estano": "No", "Flag_Fe_Hierro": 0, "Status_Fe_Hierro": "No", "Tech_Ruina_Montium": 1, "Tech_Subterranea": 0, "Tech_Cielo_Abierto": 1, "Tech_Lavado_Placer": 0, "Certainty_Spatial": 0.7, "Certainty_Archaeological": 0.9, "Certainty_Metallogenic": 1.0, "Certainty_Score": 0.845, "Certainty_Grade": "Alta Certeza (Grado I)" }, "geometry": { "type": "Point", "coordinates": [ -6.728143, 42.728424 ] } },
{ "type": "Feature", "properties": { "mineID": 1008, "site": "Moreda II", "ancientName": null, "province": "Hispania Tarraconensis", "country": "Spain", "region": "León", "miningDistrict": "Cuencas de Cúa y Burbia", "romanianRANID": null, "sanchezPalenciaAndOrejasID": "CB-13", "domergueID": null, "spainMapSheet": null, "lambertX": null, "lambertY": null, "latitude": 42.727809, "longitude": -6.73267, "coordinateAccuracy": 100.0, "locationDataSource": "Estimated from Sanchez-Palencia and Orejas 1994, fig. 14, and Google Earth; seen from below village of Moreda 26/09/2021.", "locationNotes": null, "notBeforeOpeningDate": null, "notAfterOpeningDate": null, "notBeforeClosingDate": null, "notAfterClosingDate": null, "inUseDate": null, "metalMinedGold": "TRUE", "metalMinedSilver": 0.0, "metalMinedLead": 0.0, "metalMinedCopper": 0.0, "metalMinedTin": 0.0, "metalMinedIron": 0.0, "metalMinedMercuryCinnabar": 0.0, "metalMinedZinc": 0.0, "metalMinedOther": 0.0, "description": null, "references": "Sanchez-Palencia and Orejas 1994, 191", "techniqueOpencast": 1.0, "techniqueUnderground": 0.0, "techniqueHydraulic": "TRUE", "techniqueHushing": null, "techniqueGroundSluicing": null, "techniqueRuinaMontium": null, "techniqueRakeComb": null, "techniqueGoldWashing": null, "techniqueOther": null, "notes": null, "geology": null, "depositType": "Secondary", "exploitationType": "Extensive", "Flag_Au_Oro": 1, "Status_Au_Oro": "Confirmado", "Flag_Ag_Plata": 0, "Status_Ag_Plata": "No", "Flag_Cu_Cobre": 0, "Status_Cu_Cobre": "No", "Flag_Pb_Plomo": 0, "Status_Pb_Plomo": "No", "Flag_Hg_Cinabrio": 0, "Status_Hg_Cinabrio": "No", "Flag_Sn_Estano": 0, "Status_Sn_Estano": "No", "Flag_Fe_Hierro": 0, "Status_Fe_Hierro": "No", "Tech_Ruina_Montium": 1, "Tech_Subterranea": 0, "Tech_Cielo_Abierto": 1, "Tech_Lavado_Placer": 0, "Certainty_Spatial": 1.0, "Certainty_Archaeological": 0.9, "Certainty_Metallogenic": 1.0, "Certainty_Score": 0.965, "Certainty_Grade": "Alta Certeza (Grado I)" }, "geometry": { "type": "Point", "coordinates": [ -6.73267, 42.727809 ] } },
{ "type": "Feature", "properties": { "mineID": 1009, "site": "Morla / Olleiro", "ancientName": null, "province": "Hispania Tarraconensis", "country": "Spain", "region": "León", "miningDistrict": "Cuenca del Eria", "romanianRANID": null, "sanchezPalenciaAndOrejasID": "ER-18", "domergueID": "LE 10", "spainMapSheet": 230.0, "lambertX": 387.0, "lambertY": 854.0, "latitude": 42.26144846, "longitude": -6.27072134, "coordinateAccuracy": 100.0, "locationDataSource": "Converted in QGIS from Lambert coords, Madrid 1870", "locationNotes": null, "notBeforeOpeningDate": null, "notAfterOpeningDate": null, "notBeforeClosingDate": null, "notAfterClosingDate": null, "inUseDate": null, "metalMinedGold": "TRUE", "metalMinedSilver": 0.0, "metalMinedLead": 0.0, "metalMinedCopper": 0.0, "metalMinedTin": 0.0, "metalMinedIron": 0.0, "metalMinedMercuryCinnabar": 0.0, "metalMinedZinc": 0.0, "metalMinedOther": 0.0, "description": null, "references": "Domergue 1990: 43; Sanchez-Palencia and Orejas 1994, 193", "techniqueOpencast": 1.0, "techniqueUnderground": 0.0, "techniqueHydraulic": "TRUE", "techniqueHushing": "FALSE", "techniqueGroundSluicing": "FALSE", "techniqueRuinaMontium": 0.0, "techniqueRakeComb": 0.0, "techniqueGoldWashing": 0.0, "techniqueOther": 0.0, "notes": null, "geology": null, "depositType": "Secondary", "exploitationType": "Extensive", "Flag_Au_Oro": 1, "Status_Au_Oro": "Confirmado", "Flag_Ag_Plata": 0, "Status_Ag_Plata": "No", "Flag_Cu_Cobre": 0, "Status_Cu_Cobre": "No", "Flag_Pb_Plomo": 0, "Status_Pb_Plomo": "No", "Flag_Hg_Cinabrio": 0, "Status_Hg_Cinabrio": "No", "Flag_Sn_Estano": 0, "Status_Sn_Estano": "No", "Flag_Fe_Hierro": 0, "Status_Fe_Hierro": "No", "Tech_Ruina_Montium": 1, "Tech_Subterranea": 0, "Tech_Cielo_Abierto": 1, "Tech_Lavado_Placer": 0, "Certainty_Spatial": 1.0, "Certainty_Archaeological": 1.0, "Certainty_Metallogenic": 1.0, "Certainty_Score": 1.0, "Certainty_Grade": "Alta Certeza (Grado I)" }, "geometry": { "type": "Point", "coordinates": [ -6.27072134, 42.26144846 ] } },
{ "type": "Feature", "properties": { "mineID": 1013, "site": "Murial de Irrondo", "ancientName": null, "province": "Hispania Tarraconensis", "country": "Spain", "region": "Oviedo", "miningDistrict": "Cuenca del Narcea", "romanianRANID": null, "sanchezPalenciaAndOrejasID": "NA-19", "domergueID": null, "spainMapSheet": null, "lambertX": null, "lambertY": null, "latitude": 43.170378, "longitude": -6.63186, "coordinateAccuracy": 1000.0, "locationDataSource": "Estimated from Sanchez-Palencia and Orejas 1994, fig. 13 and Google Earth", "locationNotes": null, "notBeforeOpeningDate": null, "notAfterOpeningDate": null, "notBeforeClosingDate": null, "notAfterClosingDate": null, "inUseDate": null, "metalMinedGold": "TRUE", "metalMinedSilver": 0.0, "metalMinedLead": 0.0, "metalMinedCopper": 0.0, "metalMinedTin": 0.0, "metalMinedIron": 0.0, "metalMinedMercuryCinnabar": 0.0, "metalMinedZinc": 0.0, "metalMinedOther": 0.0, "description": null, "references": "Sanchez-Palencia and Orejas 1994, 197", "techniqueOpencast": 1.0, "techniqueUnderground": 0.0, "techniqueHydraulic": "TRUE", "techniqueHushing": null, "techniqueGroundSluicing": null, "techniqueRuinaMontium": null, "techniqueRakeComb": null, "techniqueGoldWashing": null, "techniqueOther": null, "notes": null, "geology": null, "depositType": "Secondary", "exploitationType": "Selective", "Flag_Au_Oro": 1, "Status_Au_Oro": "Confirmado", "Flag_Ag_Plata": 0, "Status_Ag_Plata": "No", "Flag_Cu_Cobre": 0, "Status_Cu_Cobre": "No", "Flag_Pb_Plomo": 0, "Status_Pb_Plomo": "No", "Flag_Hg_Cinabrio": 0, "Status_Hg_Cinabrio": "No", "Flag_Sn_Estano": 0, "Status_Sn_Estano": "No", "Flag_Fe_Hierro": 0, "Status_Fe_Hierro": "No", "Tech_Ruina_Montium": 1, "Tech_Subterranea": 0, "Tech_Cielo_Abierto": 1, "Tech_Lavado_Placer": 0, "Certainty_Spatial": 0.7, "Certainty_Archaeological": 0.9, "Certainty_Metallogenic": 1.0, "Certainty_Score": 0.845, "Certainty_Grade": "Alta Certeza (Grado I)" }, "geometry": { "type": "Point", "coordinates": [ -6.63186, 43.170378 ] } },
{ "type": "Feature", "properties": { "mineID": 1025, "site": "O Foio", "ancientName": null, "province": "Hispania Tarraconensis", "country": "Spain", "region": "Orense", "miningDistrict": "Cuenca media del Sil", "romanianRANID": null, "sanchezPalenciaAndOrejasID": "MS-019", "domergueID": null, "spainMapSheet": null, "lambertX": null, "lambertY": null, "latitude": 42.417614, "longitude": -6.911044, "coordinateAccuracy": 100.0, "locationDataSource": "Estimated from Google Earth, IGN map and Sanchez-Palencia and Orejas 1994, fig. 16", "locationNotes": null, "notBeforeOpeningDate": null, "notAfterOpeningDate": null, "notBeforeClosingDate": null, "notAfterClosingDate": null, "inUseDate": null, "metalMinedGold": "TRUE", "metalMinedSilver": 0.0, "metalMinedLead": 0.0, "metalMinedCopper": 0.0, "metalMinedTin": 0.0, "metalMinedIron": 0.0, "metalMinedMercuryCinnabar": 0.0, "metalMinedZinc": 0.0, "metalMinedOther": 0.0, "description": null, "references": "Sanchez-Palencia and Orejas 1994, 195", "techniqueOpencast": 1.0, "techniqueUnderground": 0.0, "techniqueHydraulic": "TRUE", "techniqueHushing": null, "techniqueGroundSluicing": null, "techniqueRuinaMontium": null, "techniqueRakeComb": null, "techniqueGoldWashing": null, "techniqueOther": null, "notes": null, "geology": null, "depositType": "Secondary", "exploitationType": "Extensive", "Flag_Au_Oro": 1, "Status_Au_Oro": "Confirmado", "Flag_Ag_Plata": 0, "Status_Ag_Plata": "No", "Flag_Cu_Cobre": 0, "Status_Cu_Cobre": "No", "Flag_Pb_Plomo": 0, "Status_Pb_Plomo": "No", "Flag_Hg_Cinabrio": 0, "Status_Hg_Cinabrio": "No", "Flag_Sn_Estano": 0, "Status_Sn_Estano": "No", "Flag_Fe_Hierro": 0, "Status_Fe_Hierro": "No", "Tech_Ruina_Montium": 1, "Tech_Subterranea": 0, "Tech_Cielo_Abierto": 1, "Tech_Lavado_Placer": 0, "Certainty_Spatial": 1.0, "Certainty_Archaeological": 0.9, "Certainty_Metallogenic": 1.0, "Certainty_Score": 0.965, "Certainty_Grade": "Alta Certeza (Grado I)" }, "geometry": { "type": "Point", "coordinates": [ -6.911044, 42.417614 ] } },
{ "type": "Feature", "properties": { "mineID": 1026, "site": "O Penedo", "ancientName": null, "province": "Hispania Tarraconensis", "country": "Spain", "region": "Orense", "miningDistrict": "Cuenca del Bibei", "romanianRANID": null, "sanchezPalenciaAndOrejasID": "BI-04", "domergueID": "OR 13", "spainMapSheet": 266.0, "lambertX": 315.2, "lambertY": 841.5, "latitude": 42.12705731, "longitude": -7.134731569, "coordinateAccuracy": 100.0, "locationDataSource": "Converted in QGIS from Lambert coords, Madrid 1870", "locationNotes": null, "notBeforeOpeningDate": null, "notAfterOpeningDate": null, "notBeforeClosingDate": null, "notAfterClosingDate": null, "inUseDate": null, "metalMinedGold": "TRUE", "metalMinedSilver": 0.0, "metalMinedLead": 0.0, "metalMinedCopper": 0.0, "metalMinedTin": 0.0, "metalMinedIron": 0.0, "metalMinedMercuryCinnabar": 0.0, "metalMinedZinc": 0.0, "metalMinedOther": 0.0, "description": null, "references": "Domergue 1990: 41; Sanchez-Palencia and Orejas 1994, 190", "techniqueOpencast": 1.0, "techniqueUnderground": 0.0, "techniqueHydraulic": "TRUE", "techniqueHushing": null, "techniqueGroundSluicing": null, "techniqueRuinaMontium": null, "techniqueRakeComb": null, "techniqueGoldWashing": null, "techniqueOther": null, "notes": null, "geology": "Quaternary terrace", "depositType": "Secondary", "exploitationType": "Selective", "Flag_Au_Oro": 1, "Status_Au_Oro": "Confirmado", "Flag_Ag_Plata": 0, "Status_Ag_Plata": "No", "Flag_Cu_Cobre": 0, "Status_Cu_Cobre": "No", "Flag_Pb_Plomo": 0, "Status_Pb_Plomo": "No", "Flag_Hg_Cinabrio": 0, "Status_Hg_Cinabrio": "No", "Flag_Sn_Estano": 0, "Status_Sn_Estano": "No", "Flag_Fe_Hierro": 0, "Status_Fe_Hierro": "No", "Tech_Ruina_Montium": 1, "Tech_Subterranea": 0, "Tech_Cielo_Abierto": 1, "Tech_Lavado_Placer": 0, "Certainty_Spatial": 1.0, "Certainty_Archaeological": 1.0, "Certainty_Metallogenic": 1.0, "Certainty_Score": 1.0, "Certainty_Grade": "Alta Certeza (Grado I)" }, "geometry": { "type": "Point", "coordinates": [ -7.134731569, 42.12705731 ] } },
{ "type": "Feature", "properties": { "mineID": 1029, "site": "Ochadoiro", "ancientName": null, "province": "Hispania Tarraconensis", "country": "Spain", "region": "León", "miningDistrict": "Cuenca Alta del Sil", "romanianRANID": null, "sanchezPalenciaAndOrejasID": "AS-04", "domergueID": null, "spainMapSheet": null, "lambertX": null, "lambertY": null, "latitude": 42.894529, "longitude": -6.352401, "coordinateAccuracy": 500.0, "locationDataSource": "Matías Rodríguez 2013 fig. 1", "locationNotes": null, "notBeforeOpeningDate": null, "notAfterOpeningDate": null, "notBeforeClosingDate": null, "notAfterClosingDate": null, "inUseDate": null, "metalMinedGold": "TRUE", "metalMinedSilver": 0.0, "metalMinedLead": 0.0, "metalMinedCopper": 0.0, "metalMinedTin": 0.0, "metalMinedIron": 0.0, "metalMinedMercuryCinnabar": 0.0, "metalMinedZinc": 0.0, "metalMinedOther": 0.0, "description": "Fed by aqueduct channel.", "references": " Sanchez-Palencia and Orejas 1994, 189; Matías Rodríguez 2013", "techniqueOpencast": 1.0, "techniqueUnderground": 0.0, "techniqueHydraulic": "TRUE", "techniqueHushing": null, "techniqueGroundSluicing": null, "techniqueRuinaMontium": null, "techniqueRakeComb": null, "techniqueGoldWashing": null, "techniqueOther": null, "notes": null, "geology": null, "depositType": "Primary", "exploitationType": "Extensive", "Flag_Au_Oro": 1, "Status_Au_Oro": "Confirmado", "Flag_Ag_Plata": 0, "Status_Ag_Plata": "No", "Flag_Cu_Cobre": 0, "Status_Cu_Cobre": "No", "Flag_Pb_Plomo": 0, "Status_Pb_Plomo": "No", "Flag_Hg_Cinabrio": 0, "Status_Hg_Cinabrio": "No", "Flag_Sn_Estano": 0, "Status_Sn_Estano": "No", "Flag_Fe_Hierro": 0, "Status_Fe_Hierro": "No", "Tech_Ruina_Montium": 1, "Tech_Subterranea": 0, "Tech_Cielo_Abierto": 1, "Tech_Lavado_Placer": 0, "Certainty_Spatial": 0.85, "Certainty_Archaeological": 0.9, "Certainty_Metallogenic": 1.0, "Certainty_Score": 0.905, "Certainty_Grade": "Alta Certeza (Grado I)" }, "geometry": { "type": "Point", "coordinates": [ -6.352401, 42.894529 ] } },
{ "type": "Feature", "properties": { "mineID": 1030, "site": "Oencia", "ancientName": null, "province": "Hispania Tarraconensis", "country": "Spain", "region": "León", "miningDistrict": "Cuenca media del Sil", "romanianRANID": null, "sanchezPalenciaAndOrejasID": "MS-052", "domergueID": null, "spainMapSheet": null, "lambertX": null, "lambertY": null, "latitude": 42.538629, "longitude": -6.966786, "coordinateAccuracy": 1000.0, "locationDataSource": "Google Earth, placename, and IGN map", "locationNotes": null, "notBeforeOpeningDate": null, "notAfterOpeningDate": null, "notBeforeClosingDate": null, "notAfterClosingDate": null, "inUseDate": null, "metalMinedGold": "TRUE", "metalMinedSilver": 0.0, "metalMinedLead": 0.0, "metalMinedCopper": 0.0, "metalMinedTin": 0.0, "metalMinedIron": 0.0, "metalMinedMercuryCinnabar": 0.0, "metalMinedZinc": 0.0, "metalMinedOther": 0.0, "description": null, "references": "Sanchez-Palencia and Orejas 1994, 196", "techniqueOpencast": 1.0, "techniqueUnderground": 0.0, "techniqueHydraulic": "TRUE", "techniqueHushing": null, "techniqueGroundSluicing": null, "techniqueRuinaMontium": null, "techniqueRakeComb": null, "techniqueGoldWashing": null, "techniqueOther": null, "notes": null, "geology": null, "depositType": "Secondary", "exploitationType": "Extensive", "Flag_Au_Oro": 1, "Status_Au_Oro": "Confirmado", "Flag_Ag_Plata": 0, "Status_Ag_Plata": "No", "Flag_Cu_Cobre": 0, "Status_Cu_Cobre": "No", "Flag_Pb_Plomo": 0, "Status_Pb_Plomo": "No", "Flag_Hg_Cinabrio": 0, "Status_Hg_Cinabrio": "No", "Flag_Sn_Estano": 0, "Status_Sn_Estano": "No", "Flag_Fe_Hierro": 0, "Status_Fe_Hierro": "No", "Tech_Ruina_Montium": 1, "Tech_Subterranea": 0, "Tech_Cielo_Abierto": 1, "Tech_Lavado_Placer": 0, "Certainty_Spatial": 0.7, "Certainty_Archaeological": 0.9, "Certainty_Metallogenic": 1.0, "Certainty_Score": 0.845, "Certainty_Grade": "Alta Certeza (Grado I)" }, "geometry": { "type": "Point", "coordinates": [ -6.966786, 42.538629 ] } },
{ "type": "Feature", "properties": { "mineID": 1031, "site": "Morla", "ancientName": null, "province": "Hispania Tarraconensis", "country": "Spain", "region": "León", "miningDistrict": "Cuenca del Eria", "romanianRANID": null, "sanchezPalenciaAndOrejasID": "ER-19", "domergueID": null, "spainMapSheet": null, "lambertX": null, "lambertY": null, "latitude": 42.248576, "longitude": -6.277165, "coordinateAccuracy": 100.0, "locationDataSource": "Estimated from Sanchez-Palencia and Orejas 1994, fig. 17 and Google Earth", "locationNotes": null, "notBeforeOpeningDate": null, "notAfterOpeningDate": null, "notBeforeClosingDate": null, "notAfterClosingDate": null, "inUseDate": null, "metalMinedGold": "TRUE", "metalMinedSilver": 0.0, "metalMinedLead": 0.0, "metalMinedCopper": 0.0, "metalMinedTin": 0.0, "metalMinedIron": 0.0, "metalMinedMercuryCinnabar": 0.0, "metalMinedZinc": 0.0, "metalMinedOther": 0.0, "description": null, "references": "Sanchez-Palencia and Orejas 1994, 193", "techniqueOpencast": 1.0, "techniqueUnderground": 0.0, "techniqueHydraulic": "TRUE", "techniqueHushing": "FALSE", "techniqueGroundSluicing": "TRUE", "techniqueRuinaMontium": 0.0, "techniqueRakeComb": 1.0, "techniqueGoldWashing": 0.0, "techniqueOther": 0.0, "notes": null, "geology": "Colluvial deposits", "depositType": "Secondary", "exploitationType": "Selective", "Flag_Au_Oro": 1, "Status_Au_Oro": "Confirmado", "Flag_Ag_Plata": 0, "Status_Ag_Plata": "No", "Flag_Cu_Cobre": 0, "Status_Cu_Cobre": "No", "Flag_Pb_Plomo": 0, "Status_Pb_Plomo": "No", "Flag_Hg_Cinabrio": 0, "Status_Hg_Cinabrio": "No", "Flag_Sn_Estano": 0, "Status_Sn_Estano": "No", "Flag_Fe_Hierro": 0, "Status_Fe_Hierro": "No", "Tech_Ruina_Montium": 1, "Tech_Subterranea": 0, "Tech_Cielo_Abierto": 1, "Tech_Lavado_Placer": 0, "Certainty_Spatial": 1.0, "Certainty_Archaeological": 0.9, "Certainty_Metallogenic": 1.0, "Certainty_Score": 0.965, "Certainty_Grade": "Alta Certeza (Grado I)" }, "geometry": { "type": "Point", "coordinates": [ -6.277165, 42.248576 ] } },
{ "type": "Feature", "properties": { "mineID": 1033, "site": "Os Medos", "ancientName": null, "province": "Hispania Tarraconensis", "country": "Spain", "region": "Pontevedra", "miningDistrict": "Cuenca Baja del Miño", "romanianRANID": null, "sanchezPalenciaAndOrejasID": "BM-01", "domergueID": null, "spainMapSheet": null, "lambertX": null, "lambertY": null, "latitude": 41.977349, "longitude": -8.782069, "coordinateAccuracy": 500.0, "locationDataSource": "Google Earth, IGN, placename", "locationNotes": null, "notBeforeOpeningDate": null, "notAfterOpeningDate": null, "notBeforeClosingDate": null, "notAfterClosingDate": null, "inUseDate": null, "metalMinedGold": "TRUE", "metalMinedSilver": 0.0, "metalMinedLead": 0.0, "metalMinedCopper": 0.0, "metalMinedTin": 0.0, "metalMinedIron": 0.0, "metalMinedMercuryCinnabar": 0.0, "metalMinedZinc": 0.0, "metalMinedOther": 0.0, "description": null, "references": "Sanchez-Palencia and Orejas 1994, 190", "techniqueOpencast": 1.0, "techniqueUnderground": 0.0, "techniqueHydraulic": "TRUE", "techniqueHushing": null, "techniqueGroundSluicing": null, "techniqueRuinaMontium": null, "techniqueRakeComb": null, "techniqueGoldWashing": null, "techniqueOther": null, "notes": null, "geology": null, "depositType": "Secondary", "exploitationType": "Selective - Extensive", "Flag_Au_Oro": 1, "Status_Au_Oro": "Confirmado", "Flag_Ag_Plata": 0, "Status_Ag_Plata": "No", "Flag_Cu_Cobre": 0, "Status_Cu_Cobre": "No", "Flag_Pb_Plomo": 0, "Status_Pb_Plomo": "No", "Flag_Hg_Cinabrio": 0, "Status_Hg_Cinabrio": "No", "Flag_Sn_Estano": 0, "Status_Sn_Estano": "No", "Flag_Fe_Hierro": 0, "Status_Fe_Hierro": "No", "Tech_Ruina_Montium": 1, "Tech_Subterranea": 0, "Tech_Cielo_Abierto": 1, "Tech_Lavado_Placer": 0, "Certainty_Spatial": 0.85, "Certainty_Archaeological": 0.9, "Certainty_Metallogenic": 1.0, "Certainty_Score": 0.905, "Certainty_Grade": "Alta Certeza (Grado I)" }, "geometry": { "type": "Point", "coordinates": [ -8.782069, 41.977349 ] } },
{ "type": "Feature", "properties": { "mineID": 1035, "site": "Osseja ?", "ancientName": null, "province": "Hispania Tarraconensis", "country": "Spain", "region": "Gerona", "miningDistrict": "Pyrenees", "romanianRANID": null, "sanchezPalenciaAndOrejasID": null, "domergueID": null, "spainMapSheet": null, "lambertX": null, "lambertY": null, "latitude": 42.406806, "longitude": 1.978388, "coordinateAccuracy": 0.0, "locationDataSource": "Google Earth", "locationNotes": null, "notBeforeOpeningDate": null, "notAfterOpeningDate": null, "notBeforeClosingDate": null, "notAfterClosingDate": null, "inUseDate": null, "metalMinedGold": "TRUE", "metalMinedSilver": 0.0, "metalMinedLead": 0.0, "metalMinedCopper": 0.0, "metalMinedTin": 0.0, "metalMinedIron": 0.0, "metalMinedMercuryCinnabar": 0.0, "metalMinedZinc": 0.0, "metalMinedOther": 0.0, "description": "Possible hydraulic opencast mining visible on Google Earth", "references": null, "techniqueOpencast": 1.0, "techniqueUnderground": 0.0, "techniqueHydraulic": "TRUE", "techniqueHushing": "FALSE", "techniqueGroundSluicing": "FALSE", "techniqueRuinaMontium": 0.0, "techniqueRakeComb": 0.0, "techniqueGoldWashing": 0.0, "techniqueOther": 0.0, "notes": null, "geology": null, "depositType": null, "exploitationType": null, "Flag_Au_Oro": 1, "Status_Au_Oro": "Confirmado", "Flag_Ag_Plata": 0, "Status_Ag_Plata": "No", "Flag_Cu_Cobre": 0, "Status_Cu_Cobre": "No", "Flag_Pb_Plomo": 0, "Status_Pb_Plomo": "No", "Flag_Hg_Cinabrio": 0, "Status_Hg_Cinabrio": "No", "Flag_Sn_Estano": 0, "Status_Sn_Estano": "No", "Flag_Fe_Hierro": 0, "Status_Fe_Hierro": "No", "Tech_Ruina_Montium": 1, "Tech_Subterranea": 0, "Tech_Cielo_Abierto": 1, "Tech_Lavado_Placer": 0, "Certainty_Spatial": 1.0, "Certainty_Archaeological": 0.4, "Certainty_Metallogenic": 1.0, "Certainty_Score": 0.79, "Certainty_Grade": "Media Certeza (Grado II)" }, "geometry": { "type": "Point", "coordinates": [ 1.978388, 42.406806 ] } },
{ "type": "Feature", "properties": { "mineID": 1038, "site": "Paradeseca", "ancientName": null, "province": "Hispania Tarraconensis", "country": "Spain", "region": "León", "miningDistrict": "Cuencas de Cúa y Burbia", "romanianRANID": null, "sanchezPalenciaAndOrejasID": "CB-24", "domergueID": "LE 23", "spainMapSheet": 126.0, "lambertX": 345.5, "lambertY": 901.8, "latitude": 42.67972855, "longitude": -6.793755395, "coordinateAccuracy": 100.0, "locationDataSource": "Converted in QGIS from Lambert coords, Madrid 1870", "locationNotes": null, "notBeforeOpeningDate": null, "notAfterOpeningDate": null, "notBeforeClosingDate": null, "notAfterClosingDate": null, "inUseDate": null, "metalMinedGold": "TRUE", "metalMinedSilver": 0.0, "metalMinedLead": 0.0, "metalMinedCopper": 0.0, "metalMinedTin": 0.0, "metalMinedIron": 0.0, "metalMinedMercuryCinnabar": 0.0, "metalMinedZinc": 0.0, "metalMinedOther": 0.0, "description": null, "references": "Domergue 1990: 43; Sanchez-Palencia and Orejas 1994, 192", "techniqueOpencast": 1.0, "techniqueUnderground": 0.0, "techniqueHydraulic": "TRUE", "techniqueHushing": "FALSE", "techniqueGroundSluicing": "TRUE", "techniqueRuinaMontium": 0.0, "techniqueRakeComb": 0.0, "techniqueGoldWashing": 0.0, "techniqueOther": 0.0, "notes": null, "geology": "Tertiary alluvium", "depositType": "Secondary", "exploitationType": "Extensive", "Flag_Au_Oro": 1, "Status_Au_Oro": "Confirmado", "Flag_Ag_Plata": 0, "Status_Ag_Plata": "No", "Flag_Cu_Cobre": 0, "Status_Cu_Cobre": "No", "Flag_Pb_Plomo": 0, "Status_Pb_Plomo": "No", "Flag_Hg_Cinabrio": 0, "Status_Hg_Cinabrio": "No", "Flag_Sn_Estano": 0, "Status_Sn_Estano": "No", "Flag_Fe_Hierro": 0, "Status_Fe_Hierro": "No", "Tech_Ruina_Montium": 1, "Tech_Subterranea": 0, "Tech_Cielo_Abierto": 1, "Tech_Lavado_Placer": 0, "Certainty_Spatial": 1.0, "Certainty_Archaeological": 1.0, "Certainty_Metallogenic": 1.0, "Certainty_Score": 1.0, "Certainty_Grade": "Alta Certeza (Grado I)" }, "geometry": { "type": "Point", "coordinates": [ -6.793755395, 42.67972855 ] } },
{ "type": "Feature", "properties": { "mineID": 1040, "site": "Páramo del Sil I", "ancientName": null, "province": "Hispania Tarraconensis", "country": "Spain", "region": "León", "miningDistrict": "Cuenca Alta del Sil", "romanianRANID": null, "sanchezPalenciaAndOrejasID": "AS-09", "domergueID": null, "spainMapSheet": null, "lambertX": null, "lambertY": null, "latitude": 42.818039, "longitude": -6.505949, "coordinateAccuracy": 500.0, "locationDataSource": "Estimated from Sanchez-Palencia and Orejas 1994, fig. 14, and Google Earth", "locationNotes": "Assumed to be destroyed by modern mine.", "notBeforeOpeningDate": null, "notAfterOpeningDate": null, "notBeforeClosingDate": null, "notAfterClosingDate": null, "inUseDate": null, "metalMinedGold": "TRUE", "metalMinedSilver": 0.0, "metalMinedLead": 0.0, "metalMinedCopper": 0.0, "metalMinedTin": 0.0, "metalMinedIron": 0.0, "metalMinedMercuryCinnabar": 0.0, "metalMinedZinc": 0.0, "metalMinedOther": 0.0, "description": null, "references": "Sanchez-Palencia and Orejas 1994, 189", "techniqueOpencast": 1.0, "techniqueUnderground": 0.0, "techniqueHydraulic": "TRUE", "techniqueHushing": null, "techniqueGroundSluicing": null, "techniqueRuinaMontium": null, "techniqueRakeComb": null, "techniqueGoldWashing": null, "techniqueOther": null, "notes": null, "geology": null, "depositType": "Secondary", "exploitationType": "Extensive", "Flag_Au_Oro": 1, "Status_Au_Oro": "Confirmado", "Flag_Ag_Plata": 0, "Status_Ag_Plata": "No", "Flag_Cu_Cobre": 0, "Status_Cu_Cobre": "No", "Flag_Pb_Plomo": 0, "Status_Pb_Plomo": "No", "Flag_Hg_Cinabrio": 0, "Status_Hg_Cinabrio": "No", "Flag_Sn_Estano": 0, "Status_Sn_Estano": "No", "Flag_Fe_Hierro": 0, "Status_Fe_Hierro": "No", "Tech_Ruina_Montium": 1, "Tech_Subterranea": 0, "Tech_Cielo_Abierto": 1, "Tech_Lavado_Placer": 0, "Certainty_Spatial": 0.85, "Certainty_Archaeological": 0.9, "Certainty_Metallogenic": 1.0, "Certainty_Score": 0.905, "Certainty_Grade": "Alta Certeza (Grado I)" }, "geometry": { "type": "Point", "coordinates": [ -6.505949, 42.818039 ] } },
{ "type": "Feature", "properties": { "mineID": 1041, "site": "Páramo del Sil II", "ancientName": null, "province": "Hispania Tarraconensis", "country": "Spain", "region": "León", "miningDistrict": "Cuenca Alta del Sil", "romanianRANID": null, "sanchezPalenciaAndOrejasID": "AS-08", "domergueID": null, "spainMapSheet": null, "lambertX": null, "lambertY": null, "latitude": 42.82601, "longitude": -6.486087, "coordinateAccuracy": 500.0, "locationDataSource": "Estimated from Sanchez-Palencia and Orejas 1994, fig. 14, and Google Earth", "locationNotes": null, "notBeforeOpeningDate": null, "notAfterOpeningDate": null, "notBeforeClosingDate": null, "notAfterClosingDate": null, "inUseDate": null, "metalMinedGold": "TRUE", "metalMinedSilver": 0.0, "metalMinedLead": 0.0, "metalMinedCopper": 0.0, "metalMinedTin": 0.0, "metalMinedIron": 0.0, "metalMinedMercuryCinnabar": 0.0, "metalMinedZinc": 0.0, "metalMinedOther": 0.0, "description": null, "references": "Sanchez-Palencia and Orejas 1994, 189", "techniqueOpencast": 1.0, "techniqueUnderground": 0.0, "techniqueHydraulic": "TRUE", "techniqueHushing": null, "techniqueGroundSluicing": null, "techniqueRuinaMontium": null, "techniqueRakeComb": null, "techniqueGoldWashing": null, "techniqueOther": null, "notes": null, "geology": null, "depositType": "Secondary", "exploitationType": "Extensive", "Flag_Au_Oro": 1, "Status_Au_Oro": "Confirmado", "Flag_Ag_Plata": 0, "Status_Ag_Plata": "No", "Flag_Cu_Cobre": 0, "Status_Cu_Cobre": "No", "Flag_Pb_Plomo": 0, "Status_Pb_Plomo": "No", "Flag_Hg_Cinabrio": 0, "Status_Hg_Cinabrio": "No", "Flag_Sn_Estano": 0, "Status_Sn_Estano": "No", "Flag_Fe_Hierro": 0, "Status_Fe_Hierro": "No", "Tech_Ruina_Montium": 1, "Tech_Subterranea": 0, "Tech_Cielo_Abierto": 1, "Tech_Lavado_Placer": 0, "Certainty_Spatial": 0.85, "Certainty_Archaeological": 0.9, "Certainty_Metallogenic": 1.0, "Certainty_Score": 0.905, "Certainty_Grade": "Alta Certeza (Grado I)" }, "geometry": { "type": "Point", "coordinates": [ -6.486087, 42.82601 ] } },
{ "type": "Feature", "properties": { "mineID": 1042, "site": "Páramo del Sil III", "ancientName": null, "province": "Hispania Tarraconensis", "country": "Spain", "region": "León", "miningDistrict": "Cuenca Alta del Sil", "romanianRANID": null, "sanchezPalenciaAndOrejasID": "AS-07", "domergueID": null, "spainMapSheet": null, "lambertX": null, "lambertY": null, "latitude": 42.831397, "longitude": -6.485114, "coordinateAccuracy": 500.0, "locationDataSource": "Estimated from Sanchez-Palencia and Orejas 1994, fig. 14, and Google Earth", "locationNotes": null, "notBeforeOpeningDate": null, "notAfterOpeningDate": null, "notBeforeClosingDate": null, "notAfterClosingDate": null, "inUseDate": null, "metalMinedGold": "TRUE", "metalMinedSilver": 0.0, "metalMinedLead": 0.0, "metalMinedCopper": 0.0, "metalMinedTin": 0.0, "metalMinedIron": 0.0, "metalMinedMercuryCinnabar": 0.0, "metalMinedZinc": 0.0, "metalMinedOther": 0.0, "description": null, "references": "Sanchez-Palencia and Orejas 1994, 189", "techniqueOpencast": 1.0, "techniqueUnderground": 0.0, "techniqueHydraulic": "TRUE", "techniqueHushing": null, "techniqueGroundSluicing": null, "techniqueRuinaMontium": null, "techniqueRakeComb": null, "techniqueGoldWashing": null, "techniqueOther": null, "notes": null, "geology": null, "depositType": "Secondary", "exploitationType": "Extensive", "Flag_Au_Oro": 1, "Status_Au_Oro": "Confirmado", "Flag_Ag_Plata": 0, "Status_Ag_Plata": "No", "Flag_Cu_Cobre": 0, "Status_Cu_Cobre": "No", "Flag_Pb_Plomo": 0, "Status_Pb_Plomo": "No", "Flag_Hg_Cinabrio": 0, "Status_Hg_Cinabrio": "No", "Flag_Sn_Estano": 0, "Status_Sn_Estano": "No", "Flag_Fe_Hierro": 0, "Status_Fe_Hierro": "No", "Tech_Ruina_Montium": 1, "Tech_Subterranea": 0, "Tech_Cielo_Abierto": 1, "Tech_Lavado_Placer": 0, "Certainty_Spatial": 0.85, "Certainty_Archaeological": 0.9, "Certainty_Metallogenic": 1.0, "Certainty_Score": 0.905, "Certainty_Grade": "Alta Certeza (Grado I)" }, "geometry": { "type": "Point", "coordinates": [ -6.485114, 42.831397 ] } },
{ "type": "Feature", "properties": { "mineID": 1044, "site": "Pedredo", "ancientName": null, "province": "Hispania Tarraconensis", "country": "Spain", "region": "Leon", "miningDistrict": "Cuencas del Turienzo y Jerega", "romanianRANID": null, "sanchezPalenciaAndOrejasID": null, "domergueID": "LE 37.4", "spainMapSheet": null, "lambertX": null, "lambertY": null, "latitude": 42.44166, "longitude": -6.194307, "coordinateAccuracy": 0.0, "locationDataSource": "Google Earth", "locationNotes": null, "notBeforeOpeningDate": -20.0, "notAfterOpeningDate": 200.0, "notBeforeClosingDate": 15.0, "notAfterClosingDate": 300.0, "inUseDate": null, "metalMinedGold": "TRUE", "metalMinedSilver": 0.0, "metalMinedLead": 0.0, "metalMinedCopper": 0.0, "metalMinedTin": 0.0, "metalMinedIron": 0.0, "metalMinedMercuryCinnabar": 0.0, "metalMinedZinc": 0.0, "metalMinedOther": 0.0, "description": "Hydraulic mining - opencast and hushing tank, directly next to earlier castro.", "references": null, "techniqueOpencast": 1.0, "techniqueUnderground": 0.0, "techniqueHydraulic": "TRUE", "techniqueHushing": "TRUE", "techniqueGroundSluicing": "FALSE", "techniqueRuinaMontium": 0.0, "techniqueRakeComb": 0.0, "techniqueGoldWashing": 0.0, "techniqueOther": 0.0, "notes": null, "geology": null, "depositType": null, "exploitationType": null, "Flag_Au_Oro": 1, "Status_Au_Oro": "Confirmado", "Flag_Ag_Plata": 0, "Status_Ag_Plata": "No", "Flag_Cu_Cobre": 0, "Status_Cu_Cobre": "No", "Flag_Pb_Plomo": 0, "Status_Pb_Plomo": "No", "Flag_Hg_Cinabrio": 0, "Status_Hg_Cinabrio": "No", "Flag_Sn_Estano": 0, "Status_Sn_Estano": "No", "Flag_Fe_Hierro": 0, "Status_Fe_Hierro": "No", "Tech_Ruina_Montium": 1, "Tech_Subterranea": 0, "Tech_Cielo_Abierto": 1, "Tech_Lavado_Placer": 0, "Certainty_Spatial": 1.0, "Certainty_Archaeological": 0.7, "Certainty_Metallogenic": 1.0, "Certainty_Score": 0.895, "Certainty_Grade": "Alta Certeza (Grado I)" }, "geometry": { "type": "Point", "coordinates": [ -6.194307, 42.44166 ] } },
{ "type": "Feature", "properties": { "mineID": 1047, "site": "Pedrosa", "ancientName": null, "province": "Hispania Tarraconensis", "country": "Spain", "region": "León", "miningDistrict": "Cuenca del Eria", "romanianRANID": null, "sanchezPalenciaAndOrejasID": "ER-01", "domergueID": null, "spainMapSheet": null, "lambertX": null, "lambertY": null, "latitude": 42.319017, "longitude": -6.442601, "coordinateAccuracy": 500.0, "locationDataSource": "Estimated from Sanchez-Palencia and Orejas 1994, fig. 17 and Google Earth", "locationNotes": null, "notBeforeOpeningDate": null, "notAfterOpeningDate": null, "notBeforeClosingDate": null, "notAfterClosingDate": null, "inUseDate": null, "metalMinedGold": "TRUE", "metalMinedSilver": 0.0, "metalMinedLead": 0.0, "metalMinedCopper": 0.0, "metalMinedTin": 0.0, "metalMinedIron": 0.0, "metalMinedMercuryCinnabar": 0.0, "metalMinedZinc": 0.0, "metalMinedOther": 0.0, "description": null, "references": "Sanchez-Palencia and Orejas 1994, 193", "techniqueOpencast": 1.0, "techniqueUnderground": 0.0, "techniqueHydraulic": "TRUE", "techniqueHushing": null, "techniqueGroundSluicing": "FALSE", "techniqueRuinaMontium": 0.0, "techniqueRakeComb": 0.0, "techniqueGoldWashing": 0.0, "techniqueOther": 0.0, "notes": "Location guessed.", "geology": null, "depositType": "Secondary", "exploitationType": "Selective", "Flag_Au_Oro": 1, "Status_Au_Oro": "Confirmado", "Flag_Ag_Plata": 0, "Status_Ag_Plata": "No", "Flag_Cu_Cobre": 0, "Status_Cu_Cobre": "No", "Flag_Pb_Plomo": 0, "Status_Pb_Plomo": "No", "Flag_Hg_Cinabrio": 0, "Status_Hg_Cinabrio": "No", "Flag_Sn_Estano": 0, "Status_Sn_Estano": "No", "Flag_Fe_Hierro": 0, "Status_Fe_Hierro": "No", "Tech_Ruina_Montium": 1, "Tech_Subterranea": 0, "Tech_Cielo_Abierto": 1, "Tech_Lavado_Placer": 0, "Certainty_Spatial": 0.85, "Certainty_Archaeological": 0.9, "Certainty_Metallogenic": 1.0, "Certainty_Score": 0.905, "Certainty_Grade": "Alta Certeza (Grado I)" }, "geometry": { "type": "Point", "coordinates": [ -6.442601, 42.319017 ] } },
{ "type": "Feature", "properties": { "mineID": 1048, "site": "Peites", "ancientName": null, "province": "Hispania Tarraconensis", "country": "Spain", "region": "Lugo", "miningDistrict": "Cuenca media del Sil", "romanianRANID": null, "sanchezPalenciaAndOrejasID": "MS-037", "domergueID": null, "spainMapSheet": null, "lambertX": null, "lambertY": null, "latitude": 42.403314, "longitude": -7.225497, "coordinateAccuracy": 500.0, "locationDataSource": "Google Earth, placename", "locationNotes": null, "notBeforeOpeningDate": null, "notAfterOpeningDate": null, "notBeforeClosingDate": null, "notAfterClosingDate": null, "inUseDate": null, "metalMinedGold": "TRUE", "metalMinedSilver": 0.0, "metalMinedLead": 0.0, "metalMinedCopper": 0.0, "metalMinedTin": 0.0, "metalMinedIron": 0.0, "metalMinedMercuryCinnabar": 0.0, "metalMinedZinc": 0.0, "metalMinedOther": 0.0, "description": null, "references": "Sanchez-Palencia and Orejas 1994, 195", "techniqueOpencast": 1.0, "techniqueUnderground": 0.0, "techniqueHydraulic": "TRUE", "techniqueHushing": null, "techniqueGroundSluicing": null, "techniqueRuinaMontium": null, "techniqueRakeComb": null, "techniqueGoldWashing": null, "techniqueOther": null, "notes": null, "geology": null, "depositType": "Secondary", "exploitationType": "Extensive", "Flag_Au_Oro": 1, "Status_Au_Oro": "Confirmado", "Flag_Ag_Plata": 0, "Status_Ag_Plata": "No", "Flag_Cu_Cobre": 0, "Status_Cu_Cobre": "No", "Flag_Pb_Plomo": 0, "Status_Pb_Plomo": "No", "Flag_Hg_Cinabrio": 0, "Status_Hg_Cinabrio": "No", "Flag_Sn_Estano": 0, "Status_Sn_Estano": "No", "Flag_Fe_Hierro": 0, "Status_Fe_Hierro": "No", "Tech_Ruina_Montium": 1, "Tech_Subterranea": 0, "Tech_Cielo_Abierto": 1, "Tech_Lavado_Placer": 0, "Certainty_Spatial": 0.85, "Certainty_Archaeological": 0.9, "Certainty_Metallogenic": 1.0, "Certainty_Score": 0.905, "Certainty_Grade": "Alta Certeza (Grado I)" }, "geometry": { "type": "Point", "coordinates": [ -7.225497, 42.403314 ] } },
{ "type": "Feature", "properties": { "mineID": 1059, "site": "Peña Roya", "ancientName": null, "province": "Hispania Tarraconensis", "country": "Spain", "region": "León", "miningDistrict": "Cuenca Alta del Tuerto", "romanianRANID": null, "sanchezPalenciaAndOrejasID": "AT-21", "domergueID": null, "spainMapSheet": null, "lambertX": null, "lambertY": null, "latitude": 42.48761236, "longitude": -6.12686429, "coordinateAccuracy": 10.0, "locationDataSource": "Estimated from IGN map and Google Earth; checked on site.", "locationNotes": "CHECK WHETHER DOMERGUE'S PENA ROYA REFERS TO THIS OR TO WHAT I HAVE CALLED LA CIBRERA", "notBeforeOpeningDate": null, "notAfterOpeningDate": null, "notBeforeClosingDate": null, "notAfterClosingDate": null, "inUseDate": null, "metalMinedGold": "TRUE", "metalMinedSilver": 0.0, "metalMinedLead": 0.0, "metalMinedCopper": 0.0, "metalMinedTin": 0.0, "metalMinedIron": 0.0, "metalMinedMercuryCinnabar": 0.0, "metalMinedZinc": 0.0, "metalMinedOther": 0.0, "description": null, "references": "Sanchez-Palencia and Orejas 1994, 190", "techniqueOpencast": 1.0, "techniqueUnderground": 0.0, "techniqueHydraulic": "TRUE", "techniqueHushing": "FALSE", "techniqueGroundSluicing": "TRUE", "techniqueRuinaMontium": 0.0, "techniqueRakeComb": 0.0, "techniqueGoldWashing": 0.0, "techniqueOther": 0.0, "notes": "Small opencast workings, with a channel/ditch from the NW converging with a gully from the NE into a wider, shallow area of exploitation. ", "geology": "Alluvium", "depositType": "Secondary", "exploitationType": "Extensive", "Flag_Au_Oro": 1, "Status_Au_Oro": "Confirmado", "Flag_Ag_Plata": 0, "Status_Ag_Plata": "No", "Flag_Cu_Cobre": 0, "Status_Cu_Cobre": "No", "Flag_Pb_Plomo": 0, "Status_Pb_Plomo": "No", "Flag_Hg_Cinabrio": 0, "Status_Hg_Cinabrio": "No", "Flag_Sn_Estano": 0, "Status_Sn_Estano": "No", "Flag_Fe_Hierro": 0, "Status_Fe_Hierro": "No", "Tech_Ruina_Montium": 1, "Tech_Subterranea": 0, "Tech_Cielo_Abierto": 1, "Tech_Lavado_Placer": 0, "Certainty_Spatial": 1.0, "Certainty_Archaeological": 0.9, "Certainty_Metallogenic": 1.0, "Certainty_Score": 0.965, "Certainty_Grade": "Alta Certeza (Grado I)" }, "geometry": { "type": "Point", "coordinates": [ -6.12686429, 42.48761236 ] } },
{ "type": "Feature", "properties": { "mineID": 1060, "site": "Penamil", "ancientName": null, "province": "Hispania Tarraconensis", "country": "Spain", "region": "Lugo", "miningDistrict": "Cuenca Alta del Miño", "romanianRANID": null, "sanchezPalenciaAndOrejasID": "AN-10", "domergueID": null, "spainMapSheet": null, "lambertX": null, "lambertY": null, "latitude": 42.941415, "longitude": -7.057694, "coordinateAccuracy": 1000.0, "locationDataSource": "Google Earth and IGN map", "locationNotes": null, "notBeforeOpeningDate": null, "notAfterOpeningDate": null, "notBeforeClosingDate": null, "notAfterClosingDate": null, "inUseDate": null, "metalMinedGold": "TRUE", "metalMinedSilver": 0.0, "metalMinedLead": 0.0, "metalMinedCopper": 0.0, "metalMinedTin": 0.0, "metalMinedIron": 0.0, "metalMinedMercuryCinnabar": 0.0, "metalMinedZinc": 0.0, "metalMinedOther": 0.0, "description": null, "references": "Sanchez-Palencia and Orejas 1994, 188", "techniqueOpencast": 1.0, "techniqueUnderground": 0.0, "techniqueHydraulic": "TRUE", "techniqueHushing": null, "techniqueGroundSluicing": null, "techniqueRuinaMontium": null, "techniqueRakeComb": null, "techniqueGoldWashing": null, "techniqueOther": null, "notes": null, "geology": null, "depositType": "Secondary", "exploitationType": "Selective - Extensive", "Flag_Au_Oro": 1, "Status_Au_Oro": "Confirmado", "Flag_Ag_Plata": 0, "Status_Ag_Plata": "No", "Flag_Cu_Cobre": 0, "Status_Cu_Cobre": "No", "Flag_Pb_Plomo": 0, "Status_Pb_Plomo": "No", "Flag_Hg_Cinabrio": 0, "Status_Hg_Cinabrio": "No", "Flag_Sn_Estano": 0, "Status_Sn_Estano": "No", "Flag_Fe_Hierro": 0, "Status_Fe_Hierro": "No", "Tech_Ruina_Montium": 1, "Tech_Subterranea": 0, "Tech_Cielo_Abierto": 1, "Tech_Lavado_Placer": 0, "Certainty_Spatial": 0.7, "Certainty_Archaeological": 0.9, "Certainty_Metallogenic": 1.0, "Certainty_Score": 0.845, "Certainty_Grade": "Alta Certeza (Grado I)" }, "geometry": { "type": "Point", "coordinates": [ -7.057694, 42.941415 ] } },
{ "type": "Feature", "properties": { "mineID": 1065, "site": "Peñón Redondo", "ancientName": null, "province": "Hispania Tarraconensis", "country": "Spain", "region": "León", "miningDistrict": "Cuenca del Eria", "romanianRANID": null, "sanchezPalenciaAndOrejasID": "ER-24", "domergueID": null, "spainMapSheet": null, "lambertX": null, "lambertY": null, "latitude": 42.213924, "longitude": -6.257329, "coordinateAccuracy": 300.0, "locationDataSource": "Estimated from Sanchez-Palencia and Orejas 1994, fig. 17 and Google Earth", "locationNotes": null, "notBeforeOpeningDate": null, "notAfterOpeningDate": null, "notBeforeClosingDate": null, "notAfterClosingDate": null, "inUseDate": null, "metalMinedGold": "TRUE", "metalMinedSilver": 0.0, "metalMinedLead": 0.0, "metalMinedCopper": 0.0, "metalMinedTin": 0.0, "metalMinedIron": 0.0, "metalMinedMercuryCinnabar": 0.0, "metalMinedZinc": 0.0, "metalMinedOther": 0.0, "description": null, "references": "Sanchez-Palencia and Orejas 1994, 193", "techniqueOpencast": 1.0, "techniqueUnderground": 0.0, "techniqueHydraulic": "TRUE", "techniqueHushing": "FALSE", "techniqueGroundSluicing": "FALSE", "techniqueRuinaMontium": 0.0, "techniqueRakeComb": 0.0, "techniqueGoldWashing": 0.0, "techniqueOther": 0.0, "notes": null, "geology": null, "depositType": "Secondary", "exploitationType": "Extensive", "Flag_Au_Oro": 1, "Status_Au_Oro": "Confirmado", "Flag_Ag_Plata": 0, "Status_Ag_Plata": "No", "Flag_Cu_Cobre": 0, "Status_Cu_Cobre": "No", "Flag_Pb_Plomo": 0, "Status_Pb_Plomo": "No", "Flag_Hg_Cinabrio": 0, "Status_Hg_Cinabrio": "No", "Flag_Sn_Estano": 0, "Status_Sn_Estano": "No", "Flag_Fe_Hierro": 0, "Status_Fe_Hierro": "No", "Tech_Ruina_Montium": 1, "Tech_Subterranea": 0, "Tech_Cielo_Abierto": 1, "Tech_Lavado_Placer": 0, "Certainty_Spatial": 0.85, "Certainty_Archaeological": 0.9, "Certainty_Metallogenic": 1.0, "Certainty_Score": 0.905, "Certainty_Grade": "Alta Certeza (Grado I)" }, "geometry": { "type": "Point", "coordinates": [ -6.257329, 42.213924 ] } },
{ "type": "Feature", "properties": { "mineID": 1073, "site": "Pico Montouto", "ancientName": null, "province": "Hispania Tarraconensis", "country": "Spain", "region": "Oviedo", "miningDistrict": "Cuenca del Narcea", "romanianRANID": null, "sanchezPalenciaAndOrejasID": "NA-32", "domergueID": "O 29", "spainMapSheet": 50.0, "lambertX": 364.8, "lambertY": 970.8, "latitude": 43.30737, "longitude": -6.572723, "coordinateAccuracy": 100.0, "locationDataSource": "IGN map and Google Earth", "locationNotes": null, "notBeforeOpeningDate": null, "notAfterOpeningDate": null, "notBeforeClosingDate": null, "notAfterClosingDate": null, "inUseDate": null, "metalMinedGold": "TRUE", "metalMinedSilver": 0.0, "metalMinedLead": 0.0, "metalMinedCopper": 0.0, "metalMinedTin": 0.0, "metalMinedIron": 0.0, "metalMinedMercuryCinnabar": 0.0, "metalMinedZinc": 0.0, "metalMinedOther": 0.0, "description": null, "references": "Domergue 1990: 42; Sanchez-Palencia and Orejas 1994, 198", "techniqueOpencast": 1.0, "techniqueUnderground": 0.0, "techniqueHydraulic": "TRUE", "techniqueHushing": null, "techniqueGroundSluicing": null, "techniqueRuinaMontium": null, "techniqueRakeComb": null, "techniqueGoldWashing": null, "techniqueOther": null, "notes": null, "geology": null, "depositType": "Secondary", "exploitationType": "Extensive", "Flag_Au_Oro": 1, "Status_Au_Oro": "Confirmado", "Flag_Ag_Plata": 0, "Status_Ag_Plata": "No", "Flag_Cu_Cobre": 0, "Status_Cu_Cobre": "No", "Flag_Pb_Plomo": 0, "Status_Pb_Plomo": "No", "Flag_Hg_Cinabrio": 0, "Status_Hg_Cinabrio": "No", "Flag_Sn_Estano": 0, "Status_Sn_Estano": "No", "Flag_Fe_Hierro": 0, "Status_Fe_Hierro": "No", "Tech_Ruina_Montium": 1, "Tech_Subterranea": 0, "Tech_Cielo_Abierto": 1, "Tech_Lavado_Placer": 0, "Certainty_Spatial": 1.0, "Certainty_Archaeological": 1.0, "Certainty_Metallogenic": 1.0, "Certainty_Score": 1.0, "Certainty_Grade": "Alta Certeza (Grado I)" }, "geometry": { "type": "Point", "coordinates": [ -6.572723, 43.30737 ] } },
{ "type": "Feature", "properties": { "mineID": 1075, "site": "Pin de Abaixo", "ancientName": null, "province": "Hispania Tarraconensis", "country": "Spain", "region": "Lugo", "miningDistrict": "Cuenca Alta del Miño", "romanianRANID": null, "sanchezPalenciaAndOrejasID": "AN-11", "domergueID": null, "spainMapSheet": null, "lambertX": null, "lambertY": null, "latitude": 42.956742, "longitude": -7.031026, "coordinateAccuracy": 2000.0, "locationDataSource": "Placename, Google Earth", "locationNotes": null, "notBeforeOpeningDate": null, "notAfterOpeningDate": null, "notBeforeClosingDate": null, "notAfterClosingDate": null, "inUseDate": null, "metalMinedGold": "TRUE", "metalMinedSilver": 0.0, "metalMinedLead": 0.0, "metalMinedCopper": 0.0, "metalMinedTin": 0.0, "metalMinedIron": 0.0, "metalMinedMercuryCinnabar": 0.0, "metalMinedZinc": 0.0, "metalMinedOther": 0.0, "description": null, "references": "Sanchez-Palencia and Orejas 1994, 188", "techniqueOpencast": 1.0, "techniqueUnderground": 0.0, "techniqueHydraulic": "TRUE", "techniqueHushing": null, "techniqueGroundSluicing": null, "techniqueRuinaMontium": null, "techniqueRakeComb": null, "techniqueGoldWashing": null, "techniqueOther": null, "notes": null, "geology": null, "depositType": "Secondary", "exploitationType": "Extensive", "Flag_Au_Oro": 1, "Status_Au_Oro": "Confirmado", "Flag_Ag_Plata": 0, "Status_Ag_Plata": "No", "Flag_Cu_Cobre": 0, "Status_Cu_Cobre": "No", "Flag_Pb_Plomo": 0, "Status_Pb_Plomo": "No", "Flag_Hg_Cinabrio": 0, "Status_Hg_Cinabrio": "No", "Flag_Sn_Estano": 0, "Status_Sn_Estano": "No", "Flag_Fe_Hierro": 0, "Status_Fe_Hierro": "No", "Tech_Ruina_Montium": 1, "Tech_Subterranea": 0, "Tech_Cielo_Abierto": 1, "Tech_Lavado_Placer": 0, "Certainty_Spatial": 0.5, "Certainty_Archaeological": 0.9, "Certainty_Metallogenic": 1.0, "Certainty_Score": 0.765, "Certainty_Grade": "Media Certeza (Grado II)" }, "geometry": { "type": "Point", "coordinates": [ -7.031026, 42.956742 ] } },
{ "type": "Feature", "properties": { "mineID": 1076, "site": "Piñeira", "ancientName": null, "province": "Hispania Tarraconensis", "country": "Spain", "region": "Lugo", "miningDistrict": "Cuenca media del Sil", "romanianRANID": null, "sanchezPalenciaAndOrejasID": "MS-040", "domergueID": null, "spainMapSheet": null, "lambertX": null, "lambertY": null, "latitude": 42.429687, "longitude": -7.230877, "coordinateAccuracy": 500.0, "locationDataSource": "Google Earth, placename", "locationNotes": null, "notBeforeOpeningDate": null, "notAfterOpeningDate": null, "notBeforeClosingDate": null, "notAfterClosingDate": null, "inUseDate": null, "metalMinedGold": "TRUE", "metalMinedSilver": 0.0, "metalMinedLead": 0.0, "metalMinedCopper": 0.0, "metalMinedTin": 0.0, "metalMinedIron": 0.0, "metalMinedMercuryCinnabar": 0.0, "metalMinedZinc": 0.0, "metalMinedOther": 0.0, "description": null, "references": "Sanchez-Palencia and Orejas 1994, 195", "techniqueOpencast": 1.0, "techniqueUnderground": 0.0, "techniqueHydraulic": "TRUE", "techniqueHushing": null, "techniqueGroundSluicing": null, "techniqueRuinaMontium": null, "techniqueRakeComb": null, "techniqueGoldWashing": null, "techniqueOther": null, "notes": null, "geology": null, "depositType": "Secondary", "exploitationType": "Extensive", "Flag_Au_Oro": 1, "Status_Au_Oro": "Confirmado", "Flag_Ag_Plata": 0, "Status_Ag_Plata": "No", "Flag_Cu_Cobre": 0, "Status_Cu_Cobre": "No", "Flag_Pb_Plomo": 0, "Status_Pb_Plomo": "No", "Flag_Hg_Cinabrio": 0, "Status_Hg_Cinabrio": "No", "Flag_Sn_Estano": 0, "Status_Sn_Estano": "No", "Flag_Fe_Hierro": 0, "Status_Fe_Hierro": "No", "Tech_Ruina_Montium": 1, "Tech_Subterranea": 0, "Tech_Cielo_Abierto": 1, "Tech_Lavado_Placer": 0, "Certainty_Spatial": 0.85, "Certainty_Archaeological": 0.9, "Certainty_Metallogenic": 1.0, "Certainty_Score": 0.905, "Certainty_Grade": "Alta Certeza (Grado I)" }, "geometry": { "type": "Point", "coordinates": [ -7.230877, 42.429687 ] } },
{ "type": "Feature", "properties": { "mineID": 1080, "site": "Playa de Cadavedo", "ancientName": null, "province": "Hispania Tarraconensis", "country": "Spain", "region": "Oviedo", "miningDistrict": "Cuenca del Esba o Canero", "romanianRANID": null, "sanchezPalenciaAndOrejasID": "ES-12", "domergueID": null, "spainMapSheet": null, "lambertX": null, "lambertY": null, "latitude": 43.552034, "longitude": -6.372357, "coordinateAccuracy": 1000.0, "locationDataSource": "Guessed from Sanchez-Palencia and Orejas 1994, fig. 13, and Google Earth", "locationNotes": null, "notBeforeOpeningDate": null, "notAfterOpeningDate": null, "notBeforeClosingDate": null, "notAfterClosingDate": null, "inUseDate": null, "metalMinedGold": "TRUE", "metalMinedSilver": 0.0, "metalMinedLead": 0.0, "metalMinedCopper": 0.0, "metalMinedTin": 0.0, "metalMinedIron": 0.0, "metalMinedMercuryCinnabar": 0.0, "metalMinedZinc": 0.0, "metalMinedOther": 0.0, "description": null, "references": "Sanchez-Palencia and Orejas 1994, 194", "techniqueOpencast": 1.0, "techniqueUnderground": 0.0, "techniqueHydraulic": "TRUE", "techniqueHushing": null, "techniqueGroundSluicing": null, "techniqueRuinaMontium": null, "techniqueRakeComb": null, "techniqueGoldWashing": null, "techniqueOther": null, "notes": null, "geology": null, "depositType": "Secondary", "exploitationType": "Extensive", "Flag_Au_Oro": 1, "Status_Au_Oro": "Confirmado", "Flag_Ag_Plata": 0, "Status_Ag_Plata": "No", "Flag_Cu_Cobre": 0, "Status_Cu_Cobre": "No", "Flag_Pb_Plomo": 0, "Status_Pb_Plomo": "No", "Flag_Hg_Cinabrio": 0, "Status_Hg_Cinabrio": "No", "Flag_Sn_Estano": 0, "Status_Sn_Estano": "No", "Flag_Fe_Hierro": 0, "Status_Fe_Hierro": "No", "Tech_Ruina_Montium": 1, "Tech_Subterranea": 0, "Tech_Cielo_Abierto": 1, "Tech_Lavado_Placer": 0, "Certainty_Spatial": 0.7, "Certainty_Archaeological": 0.9, "Certainty_Metallogenic": 1.0, "Certainty_Score": 0.845, "Certainty_Grade": "Alta Certeza (Grado I)" }, "geometry": { "type": "Point", "coordinates": [ -6.372357, 43.552034 ] } },
{ "type": "Feature", "properties": { "mineID": 1081, "site": "Pobladura de Somoza / Los Torgales", "ancientName": null, "province": "Hispania Tarraconensis", "country": "Spain", "region": "León", "miningDistrict": "Cuencas de Cúa y Burbia", "romanianRANID": null, "sanchezPalenciaAndOrejasID": "CB-28", "domergueID": "LE 55", "spainMapSheet": 158.0, "lambertX": 346.5, "lambertY": 898.7, "latitude": 42.655199, "longitude": -6.781144, "coordinateAccuracy": 100.0, "locationDataSource": "Converted in QGIS from Lambert coords, Madrid 1870", "locationNotes": null, "notBeforeOpeningDate": null, "notAfterOpeningDate": null, "notBeforeClosingDate": null, "notAfterClosingDate": null, "inUseDate": null, "metalMinedGold": "TRUE", "metalMinedSilver": 0.0, "metalMinedLead": 0.0, "metalMinedCopper": 0.0, "metalMinedTin": 0.0, "metalMinedIron": 0.0, "metalMinedMercuryCinnabar": 0.0, "metalMinedZinc": 0.0, "metalMinedOther": 0.0, "description": null, "references": "Domergue 1990: 43; Sanchez-Palencia and Orejas 1994, 192", "techniqueOpencast": 1.0, "techniqueUnderground": 0.0, "techniqueHydraulic": "TRUE", "techniqueHushing": "FALSE", "techniqueGroundSluicing": "TRUE", "techniqueRuinaMontium": 0.0, "techniqueRakeComb": 0.0, "techniqueGoldWashing": 0.0, "techniqueOther": 0.0, "notes": null, "geology": "Tertiary alluvium", "depositType": "Secondary", "exploitationType": "Extensive", "Flag_Au_Oro": 1, "Status_Au_Oro": "Confirmado", "Flag_Ag_Plata": 0, "Status_Ag_Plata": "No", "Flag_Cu_Cobre": 0, "Status_Cu_Cobre": "No", "Flag_Pb_Plomo": 0, "Status_Pb_Plomo": "No", "Flag_Hg_Cinabrio": 0, "Status_Hg_Cinabrio": "No", "Flag_Sn_Estano": 0, "Status_Sn_Estano": "No", "Flag_Fe_Hierro": 0, "Status_Fe_Hierro": "No", "Tech_Ruina_Montium": 1, "Tech_Subterranea": 0, "Tech_Cielo_Abierto": 1, "Tech_Lavado_Placer": 0, "Certainty_Spatial": 1.0, "Certainty_Archaeological": 1.0, "Certainty_Metallogenic": 1.0, "Certainty_Score": 1.0, "Certainty_Grade": "Alta Certeza (Grado I)" }, "geometry": { "type": "Point", "coordinates": [ -6.781144, 42.655199 ] } },
{ "type": "Feature", "properties": { "mineID": 1085, "site": "Portiella", "ancientName": null, "province": "Hispania Tarraconensis", "country": "Spain", "region": "Oviedo", "miningDistrict": "Cuenca del Narcea", "romanianRANID": null, "sanchezPalenciaAndOrejasID": "NA-06", "domergueID": null, "spainMapSheet": null, "lambertX": null, "lambertY": null, "latitude": 43.251669, "longitude": -6.485643, "coordinateAccuracy": 1000.0, "locationDataSource": "Estimated from Sanchez-Palencia and Orejas 1994, fig. 13, IGN map, and Google Earth", "locationNotes": null, "notBeforeOpeningDate": null, "notAfterOpeningDate": null, "notBeforeClosingDate": null, "notAfterClosingDate": null, "inUseDate": null, "metalMinedGold": "TRUE", "metalMinedSilver": 0.0, "metalMinedLead": 0.0, "metalMinedCopper": 0.0, "metalMinedTin": 0.0, "metalMinedIron": 0.0, "metalMinedMercuryCinnabar": 0.0, "metalMinedZinc": 0.0, "metalMinedOther": 0.0, "description": null, "references": "Sanchez-Palencia and Orejas 1994, 197", "techniqueOpencast": 1.0, "techniqueUnderground": 0.0, "techniqueHydraulic": "TRUE", "techniqueHushing": null, "techniqueGroundSluicing": null, "techniqueRuinaMontium": null, "techniqueRakeComb": null, "techniqueGoldWashing": null, "techniqueOther": null, "notes": null, "geology": null, "depositType": "Secondary", "exploitationType": "Selective", "Flag_Au_Oro": 1, "Status_Au_Oro": "Confirmado", "Flag_Ag_Plata": 0, "Status_Ag_Plata": "No", "Flag_Cu_Cobre": 0, "Status_Cu_Cobre": "No", "Flag_Pb_Plomo": 0, "Status_Pb_Plomo": "No", "Flag_Hg_Cinabrio": 0, "Status_Hg_Cinabrio": "No", "Flag_Sn_Estano": 0, "Status_Sn_Estano": "No", "Flag_Fe_Hierro": 0, "Status_Fe_Hierro": "No", "Tech_Ruina_Montium": 1, "Tech_Subterranea": 0, "Tech_Cielo_Abierto": 1, "Tech_Lavado_Placer": 0, "Certainty_Spatial": 0.7, "Certainty_Archaeological": 0.9, "Certainty_Metallogenic": 1.0, "Certainty_Score": 0.845, "Certainty_Grade": "Alta Certeza (Grado I)" }, "geometry": { "type": "Point", "coordinates": [ -6.485643, 43.251669 ] } },
{ "type": "Feature", "properties": { "mineID": 1089, "site": "Pozo de la Griega / Molino de la Griega", "ancientName": null, "province": "Hispania Tarraconensis", "country": "Spain", "region": "León", "miningDistrict": "Cuenca Alta del Orbigo", "romanianRANID": null, "sanchezPalenciaAndOrejasID": "AO-35", "domergueID": "LE 13", "spainMapSheet": 129.0, "lambertX": 426.0, "lambertY": 899.5, "latitude": 42.68028535, "longitude": -5.81115461, "coordinateAccuracy": 100.0, "locationDataSource": "Converted in QGIS from Lambert coords, Madrid 1870", "locationNotes": null, "notBeforeOpeningDate": null, "notAfterOpeningDate": null, "notBeforeClosingDate": null, "notAfterClosingDate": null, "inUseDate": null, "metalMinedGold": "TRUE", "metalMinedSilver": 0.0, "metalMinedLead": 0.0, "metalMinedCopper": 0.0, "metalMinedTin": 0.0, "metalMinedIron": 0.0, "metalMinedMercuryCinnabar": 0.0, "metalMinedZinc": 0.0, "metalMinedOther": 0.0, "description": null, "references": "Domergue 1990: 42; Sanchez-Palencia and Orejas 1994, 189", "techniqueOpencast": 1.0, "techniqueUnderground": 0.0, "techniqueHydraulic": "TRUE", "techniqueHushing": "TRUE", "techniqueGroundSluicing": "FALSE", "techniqueRuinaMontium": 0.0, "techniqueRakeComb": 0.0, "techniqueGoldWashing": 0.0, "techniqueOther": 0.0, "notes": null, "geology": "Tertiary deposits", "depositType": "Secondary", "exploitationType": "Extensive", "Flag_Au_Oro": 1, "Status_Au_Oro": "Confirmado", "Flag_Ag_Plata": 0, "Status_Ag_Plata": "No", "Flag_Cu_Cobre": 0, "Status_Cu_Cobre": "No", "Flag_Pb_Plomo": 0, "Status_Pb_Plomo": "No", "Flag_Hg_Cinabrio": 0, "Status_Hg_Cinabrio": "No", "Flag_Sn_Estano": 0, "Status_Sn_Estano": "No", "Flag_Fe_Hierro": 0, "Status_Fe_Hierro": "No", "Tech_Ruina_Montium": 1, "Tech_Subterranea": 0, "Tech_Cielo_Abierto": 1, "Tech_Lavado_Placer": 0, "Certainty_Spatial": 1.0, "Certainty_Archaeological": 1.0, "Certainty_Metallogenic": 1.0, "Certainty_Score": 1.0, "Certainty_Grade": "Alta Certeza (Grado I)" }, "geometry": { "type": "Point", "coordinates": [ -5.81115461, 42.68028535 ] } },
{ "type": "Feature", "properties": { "mineID": 1093, "site": "Pradela / Las Curiscadas", "ancientName": null, "province": "Hispania Tarraconensis", "country": "Spain", "region": "León", "miningDistrict": "Cuencas de Cúa y Burbia", "romanianRANID": null, "sanchezPalenciaAndOrejasID": "CB-26", "domergueID": "LE 41", "spainMapSheet": 158.0, "lambertX": 340.8, "lambertY": 399.4, "latitude": 42.654675, "longitude": -6.843729, "coordinateAccuracy": 0.0, "locationDataSource": "Google Earth", "locationNotes": null, "notBeforeOpeningDate": null, "notAfterOpeningDate": null, "notBeforeClosingDate": null, "notAfterClosingDate": null, "inUseDate": null, "metalMinedGold": "TRUE", "metalMinedSilver": 0.0, "metalMinedLead": 0.0, "metalMinedCopper": 0.0, "metalMinedTin": 0.0, "metalMinedIron": 0.0, "metalMinedMercuryCinnabar": 0.0, "metalMinedZinc": 0.0, "metalMinedOther": 0.0, "description": null, "references": "Domergue 1990: 43; Sanchez-Palencia and Orejas 1994, 192", "techniqueOpencast": 1.0, "techniqueUnderground": 0.0, "techniqueHydraulic": "TRUE", "techniqueHushing": "FALSE", "techniqueGroundSluicing": "TRUE", "techniqueRuinaMontium": 0.0, "techniqueRakeComb": 0.0, "techniqueGoldWashing": 0.0, "techniqueOther": 0.0, "notes": null, "geology": "Tertiary alluvium", "depositType": "Secondary", "exploitationType": "Selective - Extensive", "Flag_Au_Oro": 1, "Status_Au_Oro": "Confirmado", "Flag_Ag_Plata": 0, "Status_Ag_Plata": "No", "Flag_Cu_Cobre": 0, "Status_Cu_Cobre": "No", "Flag_Pb_Plomo": 0, "Status_Pb_Plomo": "No", "Flag_Hg_Cinabrio": 0, "Status_Hg_Cinabrio": "No", "Flag_Sn_Estano": 0, "Status_Sn_Estano": "No", "Flag_Fe_Hierro": 0, "Status_Fe_Hierro": "No", "Tech_Ruina_Montium": 1, "Tech_Subterranea": 0, "Tech_Cielo_Abierto": 1, "Tech_Lavado_Placer": 0, "Certainty_Spatial": 1.0, "Certainty_Archaeological": 1.0, "Certainty_Metallogenic": 1.0, "Certainty_Score": 1.0, "Certainty_Grade": "Alta Certeza (Grado I)" }, "geometry": { "type": "Point", "coordinates": [ -6.843729, 42.654675 ] } },
{ "type": "Feature", "properties": { "mineID": 1094, "site": "Pradera de Campo", "ancientName": null, "province": "Hispania Tarraconensis", "country": "Spain", "region": "León", "miningDistrict": "Cuenca del Eria", "romanianRANID": null, "sanchezPalenciaAndOrejasID": "ER-16", "domergueID": null, "spainMapSheet": null, "lambertX": null, "lambertY": null, "latitude": 42.258443, "longitude": -6.303296, "coordinateAccuracy": 300.0, "locationDataSource": "Estimated from Sanchez-Palencia and Orejas 1994, fig. 17 and Google Earth", "locationNotes": null, "notBeforeOpeningDate": null, "notAfterOpeningDate": null, "notBeforeClosingDate": null, "notAfterClosingDate": null, "inUseDate": null, "metalMinedGold": "TRUE", "metalMinedSilver": 0.0, "metalMinedLead": 0.0, "metalMinedCopper": 0.0, "metalMinedTin": 0.0, "metalMinedIron": 0.0, "metalMinedMercuryCinnabar": 0.0, "metalMinedZinc": 0.0, "metalMinedOther": 0.0, "description": null, "references": "Sanchez-Palencia and Orejas 1994, 193; Fernández-Lozano et al. 2015,  fig. 10.", "techniqueOpencast": 1.0, "techniqueUnderground": 0.0, "techniqueHydraulic": "TRUE", "techniqueHushing": "TRUE", "techniqueGroundSluicing": "FALSE", "techniqueRuinaMontium": 0.0, "techniqueRakeComb": 0.0, "techniqueGoldWashing": 0.0, "techniqueOther": 0.0, "notes": "Hydraulic erosion and stone dumps apparently visible on Google Earth", "geology": null, "depositType": "Secondary", "exploitationType": "Extensive", "Flag_Au_Oro": 1, "Status_Au_Oro": "Confirmado", "Flag_Ag_Plata": 0, "Status_Ag_Plata": "No", "Flag_Cu_Cobre": 0, "Status_Cu_Cobre": "No", "Flag_Pb_Plomo": 0, "Status_Pb_Plomo": "No", "Flag_Hg_Cinabrio": 0, "Status_Hg_Cinabrio": "No", "Flag_Sn_Estano": 0, "Status_Sn_Estano": "No", "Flag_Fe_Hierro": 0, "Status_Fe_Hierro": "No", "Tech_Ruina_Montium": 1, "Tech_Subterranea": 0, "Tech_Cielo_Abierto": 1, "Tech_Lavado_Placer": 0, "Certainty_Spatial": 0.85, "Certainty_Archaeological": 0.9, "Certainty_Metallogenic": 1.0, "Certainty_Score": 0.905, "Certainty_Grade": "Alta Certeza (Grado I)" }, "geometry": { "type": "Point", "coordinates": [ -6.303296, 42.258443 ] } },
{ "type": "Feature", "properties": { "mineID": 1095, "site": "A Xisterna II (Prado de Paradiña)", "ancientName": null, "province": "Hispania Tarraconensis", "country": "Spain", "region": "León", "miningDistrict": "Cuencas de Cúa y Burbia", "romanianRANID": null, "sanchezPalenciaAndOrejasID": "CB-16", "domergueID": "LE 26", "spainMapSheet": 126.0, "lambertX": 349.5, "lambertY": 904.6, "latitude": 42.708339, "longitude": -6.742289, "coordinateAccuracy": 0.0, "locationDataSource": "Converted in QGIS from Lambert coords, Madrid 1870, adjusted with Google Earth", "locationNotes": null, "notBeforeOpeningDate": null, "notAfterOpeningDate": null, "notBeforeClosingDate": null, "notAfterClosingDate": null, "inUseDate": null, "metalMinedGold": "TRUE", "metalMinedSilver": 0.0, "metalMinedLead": 0.0, "metalMinedCopper": 0.0, "metalMinedTin": 0.0, "metalMinedIron": 0.0, "metalMinedMercuryCinnabar": 0.0, "metalMinedZinc": 0.0, "metalMinedOther": 0.0, "description": null, "references": "Domergue 1990: 43; Sanchez-Palencia and Orejas 1994, 191", "techniqueOpencast": 1.0, "techniqueUnderground": 0.0, "techniqueHydraulic": "TRUE", "techniqueHushing": "TRUE", "techniqueGroundSluicing": "TRUE", "techniqueRuinaMontium": 0.0, "techniqueRakeComb": 0.0, "techniqueGoldWashing": 0.0, "techniqueOther": 1.0, "notes": "Four channels following side of ridge - zanjas/ground sluicing", "geology": "Tertiary alluvium", "depositType": "Secondary", "exploitationType": "Extensive", "Flag_Au_Oro": 1, "Status_Au_Oro": "Confirmado", "Flag_Ag_Plata": 0, "Status_Ag_Plata": "No", "Flag_Cu_Cobre": 0, "Status_Cu_Cobre": "No", "Flag_Pb_Plomo": 0, "Status_Pb_Plomo": "No", "Flag_Hg_Cinabrio": 0, "Status_Hg_Cinabrio": "No", "Flag_Sn_Estano": 0, "Status_Sn_Estano": "No", "Flag_Fe_Hierro": 0, "Status_Fe_Hierro": "No", "Tech_Ruina_Montium": 1, "Tech_Subterranea": 0, "Tech_Cielo_Abierto": 1, "Tech_Lavado_Placer": 0, "Certainty_Spatial": 1.0, "Certainty_Archaeological": 1.0, "Certainty_Metallogenic": 1.0, "Certainty_Score": 1.0, "Certainty_Grade": "Alta Certeza (Grado I)" }, "geometry": { "type": "Point", "coordinates": [ -6.742289, 42.708339 ] } },
{ "type": "Feature", "properties": { "mineID": 1097, "site": "La Cruz de Hierro / Prado de Valdefrancos", "ancientName": null, "province": "Hispania Tarraconensis", "country": "Spain", "region": "León", "miningDistrict": "Cuencas del Turienzo y Jerega", "romanianRANID": null, "sanchezPalenciaAndOrejasID": "TJ-02", "domergueID": "LE 34", "spainMapSheet": 192.0, "lambertX": 379.5, "lambertY": 877.5, "latitude": 42.468354, "longitude": -6.366098, "coordinateAccuracy": 100.0, "locationDataSource": "Estimated from Sanchez-Palencia and Orejas 1994, fig. 17, IGN map, and Google Earth", "locationNotes": null, "notBeforeOpeningDate": null, "notAfterOpeningDate": null, "notBeforeClosingDate": null, "notAfterClosingDate": null, "inUseDate": null, "metalMinedGold": "TRUE", "metalMinedSilver": 0.0, "metalMinedLead": 0.0, "metalMinedCopper": 0.0, "metalMinedTin": 0.0, "metalMinedIron": 0.0, "metalMinedMercuryCinnabar": 0.0, "metalMinedZinc": 0.0, "metalMinedOther": 0.0, "description": null, "references": "Domergue 1990: 43; Sanchez-Palencia and Orejas 1994, 202", "techniqueOpencast": 1.0, "techniqueUnderground": 0.0, "techniqueHydraulic": "TRUE", "techniqueHushing": null, "techniqueGroundSluicing": null, "techniqueRuinaMontium": 0.0, "techniqueRakeComb": 0.0, "techniqueGoldWashing": 0.0, "techniqueOther": 0.0, "notes": null, "geology": "Quartz veins with gold-bearing arsenopyrites", "depositType": "Primary", "exploitationType": "Selective - Extensive", "Flag_Au_Oro": 1, "Status_Au_Oro": "Confirmado", "Flag_Ag_Plata": 0, "Status_Ag_Plata": "No", "Flag_Cu_Cobre": 0, "Status_Cu_Cobre": "No", "Flag_Pb_Plomo": 0, "Status_Pb_Plomo": "No", "Flag_Hg_Cinabrio": 0, "Status_Hg_Cinabrio": "No", "Flag_Sn_Estano": 0, "Status_Sn_Estano": "No", "Flag_Fe_Hierro": 0, "Status_Fe_Hierro": "No", "Tech_Ruina_Montium": 1, "Tech_Subterranea": 0, "Tech_Cielo_Abierto": 1, "Tech_Lavado_Placer": 0, "Certainty_Spatial": 1.0, "Certainty_Archaeological": 1.0, "Certainty_Metallogenic": 1.0, "Certainty_Score": 1.0, "Certainty_Grade": "Alta Certeza (Grado I)" }, "geometry": { "type": "Point", "coordinates": [ -6.366098, 42.468354 ] } },
{ "type": "Feature", "properties": { "mineID": 1098, "site": "Prado Luengo - Casares", "ancientName": null, "province": "Hispania Tarraconensis", "country": "Spain", "region": "León", "miningDistrict": "Cuencas del Turienzo y Jerega", "romanianRANID": null, "sanchezPalenciaAndOrejasID": "TJ-27", "domergueID": null, "spainMapSheet": null, "lambertX": null, "lambertY": null, "latitude": 42.493191, "longitude": -6.227156, "coordinateAccuracy": 10.0, "locationDataSource": "https://servicios.jcyl.es/pweb/datosGIS.do?tipo=Yacimiento&numero=94440 ", "locationNotes": null, "notBeforeOpeningDate": null, "notAfterOpeningDate": null, "notBeforeClosingDate": null, "notAfterClosingDate": null, "inUseDate": null, "metalMinedGold": "TRUE", "metalMinedSilver": 0.0, "metalMinedLead": 0.0, "metalMinedCopper": 0.0, "metalMinedTin": 0.0, "metalMinedIron": 0.0, "metalMinedMercuryCinnabar": 0.0, "metalMinedZinc": 0.0, "metalMinedOther": 0.0, "description": null, "references": "Sanchez-Palencia and Orejas 1994, 202", "techniqueOpencast": 1.0, "techniqueUnderground": 0.0, "techniqueHydraulic": "TRUE", "techniqueHushing": null, "techniqueGroundSluicing": null, "techniqueRuinaMontium": null, "techniqueRakeComb": null, "techniqueGoldWashing": null, "techniqueOther": null, "notes": null, "geology": null, "depositType": "Secondary", "exploitationType": "Extensive", "Flag_Au_Oro": 1, "Status_Au_Oro": "Confirmado", "Flag_Ag_Plata": 0, "Status_Ag_Plata": "No", "Flag_Cu_Cobre": 0, "Status_Cu_Cobre": "No", "Flag_Pb_Plomo": 0, "Status_Pb_Plomo": "No", "Flag_Hg_Cinabrio": 0, "Status_Hg_Cinabrio": "No", "Flag_Sn_Estano": 0, "Status_Sn_Estano": "No", "Flag_Fe_Hierro": 0, "Status_Fe_Hierro": "No", "Tech_Ruina_Montium": 1, "Tech_Subterranea": 0, "Tech_Cielo_Abierto": 1, "Tech_Lavado_Placer": 0, "Certainty_Spatial": 1.0, "Certainty_Archaeological": 0.9, "Certainty_Metallogenic": 1.0, "Certainty_Score": 0.965, "Certainty_Grade": "Alta Certeza (Grado I)" }, "geometry": { "type": "Point", "coordinates": [ -6.227156, 42.493191 ] } },
{ "type": "Feature", "properties": { "mineID": 1099, "site": "Prado Posadillas Huergas", "ancientName": null, "province": "Hispania Tarraconensis", "country": "Spain", "region": "León", "miningDistrict": "Astorga", "romanianRANID": null, "sanchezPalenciaAndOrejasID": null, "domergueID": "LE 19", "spainMapSheet": 230.0, "lambertX": 387.0, "lambertY": 860.0, "latitude": 42.31546244, "longitude": -6.272830572, "coordinateAccuracy": 100.0, "locationDataSource": "Converted in QGIS from Lambert coords, Madrid 1870", "locationNotes": null, "notBeforeOpeningDate": null, "notAfterOpeningDate": null, "notBeforeClosingDate": null, "notAfterClosingDate": null, "inUseDate": null, "metalMinedGold": "TRUE", "metalMinedSilver": 0.0, "metalMinedLead": 0.0, "metalMinedCopper": 0.0, "metalMinedTin": 0.0, "metalMinedIron": 0.0, "metalMinedMercuryCinnabar": 0.0, "metalMinedZinc": 0.0, "metalMinedOther": 0.0, "description": null, "references": "Domergue 1990: 43", "techniqueOpencast": 0.0, "techniqueUnderground": 0.0, "techniqueHydraulic": "TRUE", "techniqueHushing": "FALSE", "techniqueGroundSluicing": "FALSE", "techniqueRuinaMontium": 0.0, "techniqueRakeComb": 1.0, "techniqueGoldWashing": 0.0, "techniqueOther": 0.0, "notes": null, "geology": "Colluvial deposits", "depositType": null, "exploitationType": null, "Flag_Au_Oro": 1, "Status_Au_Oro": "Confirmado", "Flag_Ag_Plata": 0, "Status_Ag_Plata": "No", "Flag_Cu_Cobre": 0, "Status_Cu_Cobre": "No", "Flag_Pb_Plomo": 0, "Status_Pb_Plomo": "No", "Flag_Hg_Cinabrio": 0, "Status_Hg_Cinabrio": "No", "Flag_Sn_Estano": 0, "Status_Sn_Estano": "No", "Flag_Fe_Hierro": 0, "Status_Fe_Hierro": "No", "Tech_Ruina_Montium": 1, "Tech_Subterranea": 0, "Tech_Cielo_Abierto": 1, "Tech_Lavado_Placer": 0, "Certainty_Spatial": 1.0, "Certainty_Archaeological": 0.9, "Certainty_Metallogenic": 1.0, "Certainty_Score": 0.965, "Certainty_Grade": "Alta Certeza (Grado I)" }, "geometry": { "type": "Point", "coordinates": [ -6.272830572, 42.31546244 ] } },
{ "type": "Feature", "properties": { "mineID": 1102, "site": "Cha do Castro / Puebla del Brollón", "ancientName": null, "province": "Hispania Tarraconensis", "country": "Spain", "region": "Lugo", "miningDistrict": "Galicia", "romanianRANID": null, "sanchezPalenciaAndOrejasID": "MS-101", "domergueID": "LU 9", "spainMapSheet": 159.0, "lambertX": 296.2, "lambertY": 892.0, "latitude": 42.57461492, "longitude": -7.389792601, "coordinateAccuracy": 100.0, "locationDataSource": "Converted in QGIS from Lambert coords, Madrid 1870", "locationNotes": null, "notBeforeOpeningDate": null, "notAfterOpeningDate": null, "notBeforeClosingDate": null, "notAfterClosingDate": null, "inUseDate": null, "metalMinedGold": "TRUE", "metalMinedSilver": 0.0, "metalMinedLead": 0.0, "metalMinedCopper": 0.0, "metalMinedTin": 0.0, "metalMinedIron": 0.0, "metalMinedMercuryCinnabar": 0.0, "metalMinedZinc": 0.0, "metalMinedOther": 0.0, "description": null, "references": "Domergue 1990: 41; Sanchez-Palencia and Orejas 1994, 197", "techniqueOpencast": 1.0, "techniqueUnderground": 0.0, "techniqueHydraulic": "TRUE", "techniqueHushing": "FALSE", "techniqueGroundSluicing": "FALSE", "techniqueRuinaMontium": 0.0, "techniqueRakeComb": 1.0, "techniqueGoldWashing": 0.0, "techniqueOther": 0.0, "notes": null, "geology": "Quaternary terrace", "depositType": "Secondary", "exploitationType": "Selective", "Flag_Au_Oro": 1, "Status_Au_Oro": "Confirmado", "Flag_Ag_Plata": 0, "Status_Ag_Plata": "No", "Flag_Cu_Cobre": 0, "Status_Cu_Cobre": "No", "Flag_Pb_Plomo": 0, "Status_Pb_Plomo": "No", "Flag_Hg_Cinabrio": 0, "Status_Hg_Cinabrio": "No", "Flag_Sn_Estano": 0, "Status_Sn_Estano": "No", "Flag_Fe_Hierro": 0, "Status_Fe_Hierro": "No", "Tech_Ruina_Montium": 1, "Tech_Subterranea": 0, "Tech_Cielo_Abierto": 1, "Tech_Lavado_Placer": 0, "Certainty_Spatial": 1.0, "Certainty_Archaeological": 1.0, "Certainty_Metallogenic": 1.0, "Certainty_Score": 1.0, "Certainty_Grade": "Alta Certeza (Grado I)" }, "geometry": { "type": "Point", "coordinates": [ -7.389792601, 42.57461492 ] } },
{ "type": "Feature", "properties": { "mineID": 1103, "site": "Puente del Plantao", "ancientName": null, "province": "Hispania Tarraconensis", "country": "Spain", "region": "Oviedo", "miningDistrict": "Cuenca del Navia", "romanianRANID": null, "sanchezPalenciaAndOrejasID": "NV-73", "domergueID": null, "spainMapSheet": null, "lambertX": null, "lambertY": null, "latitude": 43.364735, "longitude": -6.680765, "coordinateAccuracy": 300.0, "locationDataSource": "Guessed from Sanchez-Palencia and Orejas 1994, fig. 13; and Google Earth.", "locationNotes": null, "notBeforeOpeningDate": null, "notAfterOpeningDate": null, "notBeforeClosingDate": null, "notAfterClosingDate": null, "inUseDate": null, "metalMinedGold": "TRUE", "metalMinedSilver": 0.0, "metalMinedLead": 0.0, "metalMinedCopper": 0.0, "metalMinedTin": 0.0, "metalMinedIron": 0.0, "metalMinedMercuryCinnabar": 0.0, "metalMinedZinc": 0.0, "metalMinedOther": 0.0, "description": null, "references": "Sanchez-Palencia and Orejas 1994, 200", "techniqueOpencast": 1.0, "techniqueUnderground": 0.0, "techniqueHydraulic": "TRUE", "techniqueHushing": "TRUE", "techniqueGroundSluicing": "FALSE", "techniqueRuinaMontium": 0.0, "techniqueRakeComb": 0.0, "techniqueGoldWashing": 0.0, "techniqueOther": 0.0, "notes": null, "geology": null, "depositType": "Primary", "exploitationType": "Extensive", "Flag_Au_Oro": 1, "Status_Au_Oro": "Confirmado", "Flag_Ag_Plata": 0, "Status_Ag_Plata": "No", "Flag_Cu_Cobre": 0, "Status_Cu_Cobre": "No", "Flag_Pb_Plomo": 0, "Status_Pb_Plomo": "No", "Flag_Hg_Cinabrio": 0, "Status_Hg_Cinabrio": "No", "Flag_Sn_Estano": 0, "Status_Sn_Estano": "No", "Flag_Fe_Hierro": 0, "Status_Fe_Hierro": "No", "Tech_Ruina_Montium": 1, "Tech_Subterranea": 0, "Tech_Cielo_Abierto": 1, "Tech_Lavado_Placer": 0, "Certainty_Spatial": 0.85, "Certainty_Archaeological": 0.9, "Certainty_Metallogenic": 1.0, "Certainty_Score": 0.905, "Certainty_Grade": "Alta Certeza (Grado I)" }, "geometry": { "type": "Point", "coordinates": [ -6.680765, 43.364735 ] } },
{ "type": "Feature", "properties": { "mineID": 1104, "site": "Puerto del Palo", "ancientName": null, "province": "Hispania Tarraconensis", "country": "Spain", "region": "Oviedo", "miningDistrict": "Cuenca del Navia", "romanianRANID": null, "sanchezPalenciaAndOrejasID": "NV-39", "domergueID": null, "spainMapSheet": null, "lambertX": null, "lambertY": null, "latitude": 43.272862, "longitude": -6.678937, "coordinateAccuracy": 0.0, "locationDataSource": "Google Earth", "locationNotes": "By car park at the pass on the road.", "notBeforeOpeningDate": null, "notAfterOpeningDate": null, "notBeforeClosingDate": null, "notAfterClosingDate": null, "inUseDate": null, "metalMinedGold": "TRUE", "metalMinedSilver": 0.0, "metalMinedLead": 0.0, "metalMinedCopper": 0.0, "metalMinedTin": 0.0, "metalMinedIron": 0.0, "metalMinedMercuryCinnabar": 0.0, "metalMinedZinc": 0.0, "metalMinedOther": 0.0, "description": "Hushing tank and hush gulley, aqueduct channels for collecting snow melt.", "references": "Sanchez-Palencia and Orejas 1994, 200", "techniqueOpencast": 1.0, "techniqueUnderground": 0.0, "techniqueHydraulic": "TRUE", "techniqueHushing": "TRUE", "techniqueGroundSluicing": "FALSE", "techniqueRuinaMontium": 0.0, "techniqueRakeComb": 0.0, "techniqueGoldWashing": 0.0, "techniqueOther": 0.0, "notes": null, "geology": null, "depositType": "Primary", "exploitationType": "Selective", "Flag_Au_Oro": 1, "Status_Au_Oro": "Confirmado", "Flag_Ag_Plata": 0, "Status_Ag_Plata": "No", "Flag_Cu_Cobre": 0, "Status_Cu_Cobre": "No", "Flag_Pb_Plomo": 0, "Status_Pb_Plomo": "No", "Flag_Hg_Cinabrio": 0, "Status_Hg_Cinabrio": "No", "Flag_Sn_Estano": 0, "Status_Sn_Estano": "No", "Flag_Fe_Hierro": 0, "Status_Fe_Hierro": "No", "Tech_Ruina_Montium": 1, "Tech_Subterranea": 0, "Tech_Cielo_Abierto": 1, "Tech_Lavado_Placer": 0, "Certainty_Spatial": 1.0, "Certainty_Archaeological": 0.9, "Certainty_Metallogenic": 1.0, "Certainty_Score": 0.965, "Certainty_Grade": "Alta Certeza (Grado I)" }, "geometry": { "type": "Point", "coordinates": [ -6.678937, 43.272862 ] } },
{ "type": "Feature", "properties": { "mineID": 1110, "site": "Quintanilla de Flórez / La Pedrer - El Sardonal", "ancientName": null, "province": "Hispania Tarraconensis", "country": "Spain", "region": "León", "miningDistrict": "Cuencas del Duerna y Jamuz", "romanianRANID": null, "sanchezPalenciaAndOrejasID": "DU-21", "domergueID": "LE 32", "spainMapSheet": 231.0, "lambertX": 401.8, "lambertY": 855.7, "latitude": 42.28048116, "longitude": -6.091906439, "coordinateAccuracy": 100.0, "locationDataSource": "Converted in QGIS from Lambert coords, Madrid 1870", "locationNotes": null, "notBeforeOpeningDate": null, "notAfterOpeningDate": null, "notBeforeClosingDate": null, "notAfterClosingDate": null, "inUseDate": null, "metalMinedGold": "TRUE", "metalMinedSilver": 0.0, "metalMinedLead": 0.0, "metalMinedCopper": 0.0, "metalMinedTin": 0.0, "metalMinedIron": 0.0, "metalMinedMercuryCinnabar": 0.0, "metalMinedZinc": 0.0, "metalMinedOther": 0.0, "description": null, "references": "Domergue 1990: 43; Sanchez-Palencia and Orejas 1994, 193", "techniqueOpencast": 1.0, "techniqueUnderground": 0.0, "techniqueHydraulic": "TRUE", "techniqueHushing": "FALSE", "techniqueGroundSluicing": "FALSE", "techniqueRuinaMontium": 0.0, "techniqueRakeComb": 0.0, "techniqueGoldWashing": 0.0, "techniqueOther": 0.0, "notes": null, "geology": "Terrace", "depositType": "Secondary", "exploitationType": "Selective", "Flag_Au_Oro": 1, "Status_Au_Oro": "Confirmado", "Flag_Ag_Plata": 0, "Status_Ag_Plata": "No", "Flag_Cu_Cobre": 0, "Status_Cu_Cobre": "No", "Flag_Pb_Plomo": 0, "Status_Pb_Plomo": "No", "Flag_Hg_Cinabrio": 0, "Status_Hg_Cinabrio": "No", "Flag_Sn_Estano": 0, "Status_Sn_Estano": "No", "Flag_Fe_Hierro": 0, "Status_Fe_Hierro": "No", "Tech_Ruina_Montium": 1, "Tech_Subterranea": 0, "Tech_Cielo_Abierto": 1, "Tech_Lavado_Placer": 0, "Certainty_Spatial": 1.0, "Certainty_Archaeological": 1.0, "Certainty_Metallogenic": 1.0, "Certainty_Score": 1.0, "Certainty_Grade": "Alta Certeza (Grado I)" }, "geometry": { "type": "Point", "coordinates": [ -6.091906439, 42.28048116 ] } },
{ "type": "Feature", "properties": { "mineID": 1115, "site": "Raposeras", "ancientName": null, "province": "Hispania Tarraconensis", "country": "Spain", "region": "León", "miningDistrict": "Cuenca Alta del Orbigo", "romanianRANID": null, "sanchezPalenciaAndOrejasID": "AO-27", "domergueID": null, "spainMapSheet": null, "lambertX": null, "lambertY": null, "latitude": 42.794298, "longitude": -5.710476, "coordinateAccuracy": 100.0, "locationDataSource": "Estimated from Sanchez-Palencia and Orejas 1994, fig. 15, and features on Google Earth", "locationNotes": null, "notBeforeOpeningDate": null, "notAfterOpeningDate": null, "notBeforeClosingDate": null, "notAfterClosingDate": null, "inUseDate": null, "metalMinedGold": "TRUE", "metalMinedSilver": 0.0, "metalMinedLead": 0.0, "metalMinedCopper": 0.0, "metalMinedTin": 0.0, "metalMinedIron": 0.0, "metalMinedMercuryCinnabar": 0.0, "metalMinedZinc": 0.0, "metalMinedOther": 0.0, "description": null, "references": "Sanchez-Palencia and Orejas 1994, 189", "techniqueOpencast": 1.0, "techniqueUnderground": 0.0, "techniqueHydraulic": "TRUE", "techniqueHushing": null, "techniqueGroundSluicing": null, "techniqueRuinaMontium": null, "techniqueRakeComb": null, "techniqueGoldWashing": null, "techniqueOther": null, "notes": null, "geology": null, "depositType": "Secondary", "exploitationType": "Extensive", "Flag_Au_Oro": 1, "Status_Au_Oro": "Confirmado", "Flag_Ag_Plata": 0, "Status_Ag_Plata": "No", "Flag_Cu_Cobre": 0, "Status_Cu_Cobre": "No", "Flag_Pb_Plomo": 0, "Status_Pb_Plomo": "No", "Flag_Hg_Cinabrio": 0, "Status_Hg_Cinabrio": "No", "Flag_Sn_Estano": 0, "Status_Sn_Estano": "No", "Flag_Fe_Hierro": 0, "Status_Fe_Hierro": "No", "Tech_Ruina_Montium": 1, "Tech_Subterranea": 0, "Tech_Cielo_Abierto": 1, "Tech_Lavado_Placer": 0, "Certainty_Spatial": 1.0, "Certainty_Archaeological": 0.9, "Certainty_Metallogenic": 1.0, "Certainty_Score": 0.965, "Certainty_Grade": "Alta Certeza (Grado I)" }, "geometry": { "type": "Point", "coordinates": [ -5.710476, 42.794298 ] } },
{ "type": "Feature", "properties": { "mineID": 1119, "site": "Reguera de las Fuentes", "ancientName": null, "province": "Hispania Tarraconensis", "country": "Spain", "region": "León", "miningDistrict": "León", "romanianRANID": null, "sanchezPalenciaAndOrejasID": null, "domergueID": "LE 40", "spainMapSheet": 129.0, "lambertX": 423.5, "lambertY": 912.5, "latitude": 42.79674039, "longitude": -5.845487694, "coordinateAccuracy": 100.0, "locationDataSource": "Converted in QGIS from Lambert coords, Madrid 1870", "locationNotes": null, "notBeforeOpeningDate": null, "notAfterOpeningDate": null, "notBeforeClosingDate": null, "notAfterClosingDate": null, "inUseDate": null, "metalMinedGold": "TRUE", "metalMinedSilver": 0.0, "metalMinedLead": 0.0, "metalMinedCopper": 0.0, "metalMinedTin": 0.0, "metalMinedIron": 0.0, "metalMinedMercuryCinnabar": 0.0, "metalMinedZinc": 0.0, "metalMinedOther": 0.0, "description": null, "references": "Domergue 1990: 42", "techniqueOpencast": 0.0, "techniqueUnderground": 0.0, "techniqueHydraulic": "TRUE", "techniqueHushing": "FALSE", "techniqueGroundSluicing": "FALSE", "techniqueRuinaMontium": 0.0, "techniqueRakeComb": 1.0, "techniqueGoldWashing": 0.0, "techniqueOther": 0.0, "notes": null, "geology": "Colluvium and slope deposits", "depositType": null, "exploitationType": null, "Flag_Au_Oro": 1, "Status_Au_Oro": "Confirmado", "Flag_Ag_Plata": 0, "Status_Ag_Plata": "No", "Flag_Cu_Cobre": 0, "Status_Cu_Cobre": "No", "Flag_Pb_Plomo": 0, "Status_Pb_Plomo": "No", "Flag_Hg_Cinabrio": 0, "Status_Hg_Cinabrio": "No", "Flag_Sn_Estano": 0, "Status_Sn_Estano": "No", "Flag_Fe_Hierro": 0, "Status_Fe_Hierro": "No", "Tech_Ruina_Montium": 1, "Tech_Subterranea": 0, "Tech_Cielo_Abierto": 1, "Tech_Lavado_Placer": 0, "Certainty_Spatial": 1.0, "Certainty_Archaeological": 0.9, "Certainty_Metallogenic": 1.0, "Certainty_Score": 0.965, "Certainty_Grade": "Alta Certeza (Grado I)" }, "geometry": { "type": "Point", "coordinates": [ -5.845487694, 42.79674039 ] } },
{ "type": "Feature", "properties": { "mineID": 1120, "site": "Reguera del Vallón", "ancientName": null, "province": "Hispania Tarraconensis", "country": "Spain", "region": "Oviedo", "miningDistrict": "Cuenca del Navia", "romanianRANID": null, "sanchezPalenciaAndOrejasID": "NV-72", "domergueID": null, "spainMapSheet": null, "lambertX": null, "lambertY": null, "latitude": 43.360851, "longitude": -6.679528, "coordinateAccuracy": 0.0, "locationDataSource": "Guessed from Sanchez-Palencia and Orejas 1994, fig. 13; and Google Earth.", "locationNotes": null, "notBeforeOpeningDate": null, "notAfterOpeningDate": null, "notBeforeClosingDate": null, "notAfterClosingDate": null, "inUseDate": null, "metalMinedGold": "TRUE", "metalMinedSilver": 0.0, "metalMinedLead": 0.0, "metalMinedCopper": 0.0, "metalMinedTin": 0.0, "metalMinedIron": 0.0, "metalMinedMercuryCinnabar": 0.0, "metalMinedZinc": 0.0, "metalMinedOther": 0.0, "description": null, "references": "Sanchez-Palencia and Orejas 1994, 200", "techniqueOpencast": 1.0, "techniqueUnderground": 0.0, "techniqueHydraulic": "TRUE", "techniqueHushing": "TRUE", "techniqueGroundSluicing": "FALSE", "techniqueRuinaMontium": 0.0, "techniqueRakeComb": 0.0, "techniqueGoldWashing": 0.0, "techniqueOther": 0.0, "notes": null, "geology": null, "depositType": "Secondary", "exploitationType": "Selective", "Flag_Au_Oro": 1, "Status_Au_Oro": "Confirmado", "Flag_Ag_Plata": 0, "Status_Ag_Plata": "No", "Flag_Cu_Cobre": 0, "Status_Cu_Cobre": "No", "Flag_Pb_Plomo": 0, "Status_Pb_Plomo": "No", "Flag_Hg_Cinabrio": 0, "Status_Hg_Cinabrio": "No", "Flag_Sn_Estano": 0, "Status_Sn_Estano": "No", "Flag_Fe_Hierro": 0, "Status_Fe_Hierro": "No", "Tech_Ruina_Montium": 1, "Tech_Subterranea": 0, "Tech_Cielo_Abierto": 1, "Tech_Lavado_Placer": 0, "Certainty_Spatial": 1.0, "Certainty_Archaeological": 0.9, "Certainty_Metallogenic": 1.0, "Certainty_Score": 0.965, "Certainty_Grade": "Alta Certeza (Grado I)" }, "geometry": { "type": "Point", "coordinates": [ -6.679528, 43.360851 ] } },
{ "type": "Feature", "properties": { "mineID": 1121, "site": "Reguerón de la Mata", "ancientName": null, "province": "Hispania Tarraconensis", "country": "Spain", "region": "León", "miningDistrict": "Cuenca Alta del Orbigo", "romanianRANID": null, "sanchezPalenciaAndOrejasID": "AO-31", "domergueID": null, "spainMapSheet": null, "lambertX": null, "lambertY": null, "latitude": 42.760872, "longitude": -5.737246, "coordinateAccuracy": 100.0, "locationDataSource": "Estimated from Sanchez-Palencia and Orejas 1994, fig. 15, and features on Google Earth", "locationNotes": null, "notBeforeOpeningDate": null, "notAfterOpeningDate": null, "notBeforeClosingDate": null, "notAfterClosingDate": null, "inUseDate": null, "metalMinedGold": "TRUE", "metalMinedSilver": 0.0, "metalMinedLead": 0.0, "metalMinedCopper": 0.0, "metalMinedTin": 0.0, "metalMinedIron": 0.0, "metalMinedMercuryCinnabar": 0.0, "metalMinedZinc": 0.0, "metalMinedOther": 0.0, "description": null, "references": "Sanchez-Palencia and Orejas 1994, 189", "techniqueOpencast": 1.0, "techniqueUnderground": 0.0, "techniqueHydraulic": "TRUE", "techniqueHushing": null, "techniqueGroundSluicing": null, "techniqueRuinaMontium": null, "techniqueRakeComb": null, "techniqueGoldWashing": null, "techniqueOther": null, "notes": null, "geology": null, "depositType": "Secondary", "exploitationType": "Extensive", "Flag_Au_Oro": 1, "Status_Au_Oro": "Confirmado", "Flag_Ag_Plata": 0, "Status_Ag_Plata": "No", "Flag_Cu_Cobre": 0, "Status_Cu_Cobre": "No", "Flag_Pb_Plomo": 0, "Status_Pb_Plomo": "No", "Flag_Hg_Cinabrio": 0, "Status_Hg_Cinabrio": "No", "Flag_Sn_Estano": 0, "Status_Sn_Estano": "No", "Flag_Fe_Hierro": 0, "Status_Fe_Hierro": "No", "Tech_Ruina_Montium": 1, "Tech_Subterranea": 0, "Tech_Cielo_Abierto": 1, "Tech_Lavado_Placer": 0, "Certainty_Spatial": 1.0, "Certainty_Archaeological": 0.9, "Certainty_Metallogenic": 1.0, "Certainty_Score": 0.965, "Certainty_Grade": "Alta Certeza (Grado I)" }, "geometry": { "type": "Point", "coordinates": [ -5.737246, 42.760872 ] } },
{ "type": "Feature", "properties": { "mineID": 1124, "site": "Ría de Foz / As Covas", "ancientName": null, "province": "Hispania Tarraconensis", "country": "Spain", "region": "Lugo", "miningDistrict": "Cuenca del Masma", "romanianRANID": null, "sanchezPalenciaAndOrejasID": "MA-01", "domergueID": "LU 2", "spainMapSheet": 9.0, "lambertX": 311.8, "lambertY": 999.3, "latitude": 43.54512753, "longitude": -7.252162177, "coordinateAccuracy": 100.0, "locationDataSource": "Converted in QGIS from Lambert coords, Madrid 1870", "locationNotes": null, "notBeforeOpeningDate": null, "notAfterOpeningDate": null, "notBeforeClosingDate": null, "notAfterClosingDate": null, "inUseDate": null, "metalMinedGold": "TRUE", "metalMinedSilver": 0.0, "metalMinedLead": 0.0, "metalMinedCopper": 0.0, "metalMinedTin": 0.0, "metalMinedIron": 0.0, "metalMinedMercuryCinnabar": 0.0, "metalMinedZinc": 0.0, "metalMinedOther": 0.0, "description": null, "references": "Domergue 1990: 41; Sanchez-Palencia and Orejas 1994, 194", "techniqueOpencast": 1.0, "techniqueUnderground": 0.0, "techniqueHydraulic": "TRUE", "techniqueHushing": "FALSE", "techniqueGroundSluicing": "FALSE", "techniqueRuinaMontium": 0.0, "techniqueRakeComb": 1.0, "techniqueGoldWashing": 0.0, "techniqueOther": 0.0, "notes": null, "geology": "Quaternary terrace", "depositType": "Secondary", "exploitationType": "Selective - Extensive", "Flag_Au_Oro": 1, "Status_Au_Oro": "Confirmado", "Flag_Ag_Plata": 0, "Status_Ag_Plata": "No", "Flag_Cu_Cobre": 0, "Status_Cu_Cobre": "No", "Flag_Pb_Plomo": 0, "Status_Pb_Plomo": "No", "Flag_Hg_Cinabrio": 0, "Status_Hg_Cinabrio": "No", "Flag_Sn_Estano": 0, "Status_Sn_Estano": "No", "Flag_Fe_Hierro": 0, "Status_Fe_Hierro": "No", "Tech_Ruina_Montium": 1, "Tech_Subterranea": 0, "Tech_Cielo_Abierto": 1, "Tech_Lavado_Placer": 0, "Certainty_Spatial": 1.0, "Certainty_Archaeological": 1.0, "Certainty_Metallogenic": 1.0, "Certainty_Score": 1.0, "Certainty_Grade": "Alta Certeza (Grado I)" }, "geometry": { "type": "Point", "coordinates": [ -7.252162177, 43.54512753 ] } },
{ "type": "Feature", "properties": { "mineID": 1125, "site": "Ribón", "ancientName": null, "province": "Hispania Tarraconensis", "country": "Spain", "region": "León", "miningDistrict": "Cuencas de Cúa y Burbia", "romanianRANID": null, "sanchezPalenciaAndOrejasID": "CB-23", "domergueID": "LE 24", "spainMapSheet": 126.0, "lambertX": 346.4, "lambertY": 902.6, "latitude": 42.693059, "longitude": -6.783663, "coordinateAccuracy": 100.0, "locationDataSource": "Converted in QGIS from Lambert coords, Madrid 1870; adjusted with reference to apparent feature on Google Earth.", "locationNotes": null, "notBeforeOpeningDate": null, "notAfterOpeningDate": null, "notBeforeClosingDate": null, "notAfterClosingDate": null, "inUseDate": null, "metalMinedGold": "TRUE", "metalMinedSilver": 0.0, "metalMinedLead": 0.0, "metalMinedCopper": 0.0, "metalMinedTin": 0.0, "metalMinedIron": 0.0, "metalMinedMercuryCinnabar": 0.0, "metalMinedZinc": 0.0, "metalMinedOther": 0.0, "description": null, "references": "Domergue 1990: 43; Sanchez-Palencia and Orejas 1994, 192", "techniqueOpencast": 1.0, "techniqueUnderground": 0.0, "techniqueHydraulic": "TRUE", "techniqueHushing": "FALSE", "techniqueGroundSluicing": "TRUE", "techniqueRuinaMontium": 0.0, "techniqueRakeComb": 0.0, "techniqueGoldWashing": 0.0, "techniqueOther": 0.0, "notes": null, "geology": "Tertiary alluvium", "depositType": "Secondary", "exploitationType": "Extensive", "Flag_Au_Oro": 1, "Status_Au_Oro": "Confirmado", "Flag_Ag_Plata": 0, "Status_Ag_Plata": "No", "Flag_Cu_Cobre": 0, "Status_Cu_Cobre": "No", "Flag_Pb_Plomo": 0, "Status_Pb_Plomo": "No", "Flag_Hg_Cinabrio": 0, "Status_Hg_Cinabrio": "No", "Flag_Sn_Estano": 0, "Status_Sn_Estano": "No", "Flag_Fe_Hierro": 0, "Status_Fe_Hierro": "No", "Tech_Ruina_Montium": 1, "Tech_Subterranea": 0, "Tech_Cielo_Abierto": 1, "Tech_Lavado_Placer": 0, "Certainty_Spatial": 1.0, "Certainty_Archaeological": 1.0, "Certainty_Metallogenic": 1.0, "Certainty_Score": 1.0, "Certainty_Grade": "Alta Certeza (Grado I)" }, "geometry": { "type": "Point", "coordinates": [ -6.783663, 42.693059 ] } },
{ "type": "Feature", "properties": { "mineID": 1127, "site": "Río Ancares / Los Moracales del Valle", "ancientName": null, "province": "Hispania Tarraconensis", "country": "Spain", "region": "León", "miningDistrict": "Cuencas de Cúa y Burbia", "romanianRANID": null, "sanchezPalenciaAndOrejasID": "CB-11", "domergueID": "LE 49", "spainMapSheet": 126.0, "lambertX": 352.5, "lambertY": 906.2, "latitude": 42.72148236, "longitude": -6.710216453, "coordinateAccuracy": 100.0, "locationDataSource": "Converted in QGIS from Lambert coords, Madrid 1870", "locationNotes": null, "notBeforeOpeningDate": null, "notAfterOpeningDate": null, "notBeforeClosingDate": null, "notAfterClosingDate": null, "inUseDate": null, "metalMinedGold": "TRUE", "metalMinedSilver": 0.0, "metalMinedLead": 0.0, "metalMinedCopper": 0.0, "metalMinedTin": 0.0, "metalMinedIron": 0.0, "metalMinedMercuryCinnabar": 0.0, "metalMinedZinc": 0.0, "metalMinedOther": 0.0, "description": null, "references": "Domergue 1990: 44; Sanchez-Palencia and Orejas 1994, 191", "techniqueOpencast": 1.0, "techniqueUnderground": 0.0, "techniqueHydraulic": "TRUE", "techniqueHushing": "FALSE", "techniqueGroundSluicing": null, "techniqueRuinaMontium": 0.0, "techniqueRakeComb": null, "techniqueGoldWashing": null, "techniqueOther": null, "notes": null, "geology": "Terrace", "depositType": null, "exploitationType": null, "Flag_Au_Oro": 1, "Status_Au_Oro": "Confirmado", "Flag_Ag_Plata": 0, "Status_Ag_Plata": "No", "Flag_Cu_Cobre": 0, "Status_Cu_Cobre": "No", "Flag_Pb_Plomo": 0, "Status_Pb_Plomo": "No", "Flag_Hg_Cinabrio": 0, "Status_Hg_Cinabrio": "No", "Flag_Sn_Estano": 0, "Status_Sn_Estano": "No", "Flag_Fe_Hierro": 0, "Status_Fe_Hierro": "No", "Tech_Ruina_Montium": 1, "Tech_Subterranea": 0, "Tech_Cielo_Abierto": 1, "Tech_Lavado_Placer": 0, "Certainty_Spatial": 1.0, "Certainty_Archaeological": 1.0, "Certainty_Metallogenic": 1.0, "Certainty_Score": 1.0, "Certainty_Grade": "Alta Certeza (Grado I)" }, "geometry": { "type": "Point", "coordinates": [ -6.710216453, 42.72148236 ] } },
{ "type": "Feature", "properties": { "mineID": 1129, "site": "Río Burbia", "ancientName": null, "province": "Hispania Tarraconensis", "country": "Spain", "region": "León", "miningDistrict": "Cuencas de Cúa y Burbia", "romanianRANID": null, "sanchezPalenciaAndOrejasID": "CB-27", "domergueID": null, "spainMapSheet": null, "lambertX": null, "lambertY": null, "latitude": 42.659737, "longitude": -6.803756, "coordinateAccuracy": 500.0, "locationDataSource": "Estimated from Sanchez-Palencia and Orejas 1994, fig. 14, IGN map, and Google Earth", "locationNotes": null, "notBeforeOpeningDate": null, "notAfterOpeningDate": null, "notBeforeClosingDate": null, "notAfterClosingDate": null, "inUseDate": null, "metalMinedGold": "TRUE", "metalMinedSilver": 0.0, "metalMinedLead": 0.0, "metalMinedCopper": 0.0, "metalMinedTin": 0.0, "metalMinedIron": 0.0, "metalMinedMercuryCinnabar": 0.0, "metalMinedZinc": 0.0, "metalMinedOther": 0.0, "description": null, "references": "Sanchez-Palencia and Orejas 1994, 192", "techniqueOpencast": 1.0, "techniqueUnderground": 0.0, "techniqueHydraulic": "TRUE", "techniqueHushing": null, "techniqueGroundSluicing": null, "techniqueRuinaMontium": null, "techniqueRakeComb": null, "techniqueGoldWashing": null, "techniqueOther": null, "notes": null, "geology": null, "depositType": "Secondary", "exploitationType": "Extensive", "Flag_Au_Oro": 1, "Status_Au_Oro": "Confirmado", "Flag_Ag_Plata": 0, "Status_Ag_Plata": "No", "Flag_Cu_Cobre": 0, "Status_Cu_Cobre": "No", "Flag_Pb_Plomo": 0, "Status_Pb_Plomo": "No", "Flag_Hg_Cinabrio": 0, "Status_Hg_Cinabrio": "No", "Flag_Sn_Estano": 0, "Status_Sn_Estano": "No", "Flag_Fe_Hierro": 0, "Status_Fe_Hierro": "No", "Tech_Ruina_Montium": 1, "Tech_Subterranea": 0, "Tech_Cielo_Abierto": 1, "Tech_Lavado_Placer": 0, "Certainty_Spatial": 0.85, "Certainty_Archaeological": 0.9, "Certainty_Metallogenic": 1.0, "Certainty_Score": 0.905, "Certainty_Grade": "Alta Certeza (Grado I)" }, "geometry": { "type": "Point", "coordinates": [ -6.803756, 42.659737 ] } },
{ "type": "Feature", "properties": { "mineID": 1130, "site": "Río Cabrera: below Pombriego / Las Suertes", "ancientName": null, "province": "Hispania Tarraconensis", "country": "Spain", "region": "León", "miningDistrict": "Cuenca media del Sil", "romanianRANID": null, "sanchezPalenciaAndOrejasID": "MS-079", "domergueID": "LE 30.b", "spainMapSheet": 191.0, "lambertX": 350.7, "lambertY": 873.2, "latitude": 42.42398053, "longitude": -6.718484432, "coordinateAccuracy": 100.0, "locationDataSource": "Converted in QGIS from Lambert coords, Madrid 1870", "locationNotes": null, "notBeforeOpeningDate": null, "notAfterOpeningDate": null, "notBeforeClosingDate": null, "notAfterClosingDate": null, "inUseDate": null, "metalMinedGold": "TRUE", "metalMinedSilver": 0.0, "metalMinedLead": 0.0, "metalMinedCopper": 0.0, "metalMinedTin": 0.0, "metalMinedIron": 0.0, "metalMinedMercuryCinnabar": 0.0, "metalMinedZinc": 0.0, "metalMinedOther": 0.0, "description": null, "references": "Domergue 1990: 44; Sanchez-Palencia and Orejas 1994, 196", "techniqueOpencast": 1.0, "techniqueUnderground": 0.0, "techniqueHydraulic": "TRUE", "techniqueHushing": null, "techniqueGroundSluicing": null, "techniqueRuinaMontium": null, "techniqueRakeComb": null, "techniqueGoldWashing": null, "techniqueOther": null, "notes": null, "geology": "Terrace", "depositType": "Secondary", "exploitationType": "Selective", "Flag_Au_Oro": 1, "Status_Au_Oro": "Confirmado", "Flag_Ag_Plata": 0, "Status_Ag_Plata": "No", "Flag_Cu_Cobre": 0, "Status_Cu_Cobre": "No", "Flag_Pb_Plomo": 0, "Status_Pb_Plomo": "No", "Flag_Hg_Cinabrio": 0, "Status_Hg_Cinabrio": "No", "Flag_Sn_Estano": 0, "Status_Sn_Estano": "No", "Flag_Fe_Hierro": 0, "Status_Fe_Hierro": "No", "Tech_Ruina_Montium": 1, "Tech_Subterranea": 0, "Tech_Cielo_Abierto": 1, "Tech_Lavado_Placer": 0, "Certainty_Spatial": 1.0, "Certainty_Archaeological": 1.0, "Certainty_Metallogenic": 1.0, "Certainty_Score": 1.0, "Certainty_Grade": "Alta Certeza (Grado I)" }, "geometry": { "type": "Point", "coordinates": [ -6.718484432, 42.42398053 ] } },
{ "type": "Feature", "properties": { "mineID": 1131, "site": "Río Cabrera: Castroquilame", "ancientName": null, "province": "Hispania Tarraconensis", "country": "Spain", "region": "León", "miningDistrict": "Cuenca media del Sil", "romanianRANID": null, "sanchezPalenciaAndOrejasID": "MS-082", "domergueID": "LE 30.a", "spainMapSheet": 191.0, "lambertX": 348.6, "lambertY": 873.3, "latitude": 42.42423498, "longitude": -6.744034238, "coordinateAccuracy": 100.0, "locationDataSource": "Converted in QGIS from Lambert coords, Madrid 1870", "locationNotes": null, "notBeforeOpeningDate": null, "notAfterOpeningDate": null, "notBeforeClosingDate": null, "notAfterClosingDate": null, "inUseDate": null, "metalMinedGold": "TRUE", "metalMinedSilver": 0.0, "metalMinedLead": 0.0, "metalMinedCopper": 0.0, "metalMinedTin": 0.0, "metalMinedIron": 0.0, "metalMinedMercuryCinnabar": 0.0, "metalMinedZinc": 0.0, "metalMinedOther": 0.0, "description": null, "references": "Domergue 1990: 44; Sanchez-Palencia and Orejas 1994: 196", "techniqueOpencast": 1.0, "techniqueUnderground": 0.0, "techniqueHydraulic": "TRUE", "techniqueHushing": null, "techniqueGroundSluicing": null, "techniqueRuinaMontium": null, "techniqueRakeComb": null, "techniqueGoldWashing": null, "techniqueOther": null, "notes": null, "geology": "Terrace", "depositType": "Secondary", "exploitationType": "Extensive", "Flag_Au_Oro": 1, "Status_Au_Oro": "Confirmado", "Flag_Ag_Plata": 0, "Status_Ag_Plata": "No", "Flag_Cu_Cobre": 0, "Status_Cu_Cobre": "No", "Flag_Pb_Plomo": 0, "Status_Pb_Plomo": "No", "Flag_Hg_Cinabrio": 0, "Status_Hg_Cinabrio": "No", "Flag_Sn_Estano": 0, "Status_Sn_Estano": "No", "Flag_Fe_Hierro": 0, "Status_Fe_Hierro": "No", "Tech_Ruina_Montium": 1, "Tech_Subterranea": 0, "Tech_Cielo_Abierto": 1, "Tech_Lavado_Placer": 0, "Certainty_Spatial": 1.0, "Certainty_Archaeological": 1.0, "Certainty_Metallogenic": 1.0, "Certainty_Score": 1.0, "Certainty_Grade": "Alta Certeza (Grado I)" }, "geometry": { "type": "Point", "coordinates": [ -6.744034238, 42.42423498 ] } },
{ "type": "Feature", "properties": { "mineID": 1132, "site": "Río Cabrera: Llamas de Cabrera / El Covallón de Miédalo", "ancientName": null, "province": "Hispania Tarraconensis", "country": "Spain", "region": "León", "miningDistrict": "Cuenca media del Sil", "romanianRANID": null, "sanchezPalenciaAndOrejasID": "MS-059", "domergueID": "LE 30.d", "spainMapSheet": 191.0, "lambertX": 357.0, "lambertY": 871.3, "latitude": 42.4087844, "longitude": -6.641192062, "coordinateAccuracy": 100.0, "locationDataSource": "Converted in QGIS from Lambert coords, Madrid 1870", "locationNotes": null, "notBeforeOpeningDate": null, "notAfterOpeningDate": null, "notBeforeClosingDate": null, "notAfterClosingDate": null, "inUseDate": null, "metalMinedGold": "TRUE", "metalMinedSilver": 0.0, "metalMinedLead": 0.0, "metalMinedCopper": 0.0, "metalMinedTin": 0.0, "metalMinedIron": 0.0, "metalMinedMercuryCinnabar": 0.0, "metalMinedZinc": 0.0, "metalMinedOther": 0.0, "description": null, "references": "Domergue 1990: 44; Sanchez-Palencia and Orejas 1994, 196", "techniqueOpencast": 1.0, "techniqueUnderground": 0.0, "techniqueHydraulic": "TRUE", "techniqueHushing": null, "techniqueGroundSluicing": null, "techniqueRuinaMontium": null, "techniqueRakeComb": null, "techniqueGoldWashing": null, "techniqueOther": null, "notes": null, "geology": "Terrace", "depositType": "Secondary", "exploitationType": "Selective - Extensive", "Flag_Au_Oro": 1, "Status_Au_Oro": "Confirmado", "Flag_Ag_Plata": 0, "Status_Ag_Plata": "No", "Flag_Cu_Cobre": 0, "Status_Cu_Cobre": "No", "Flag_Pb_Plomo": 0, "Status_Pb_Plomo": "No", "Flag_Hg_Cinabrio": 0, "Status_Hg_Cinabrio": "No", "Flag_Sn_Estano": 0, "Status_Sn_Estano": "No", "Flag_Fe_Hierro": 0, "Status_Fe_Hierro": "No", "Tech_Ruina_Montium": 1, "Tech_Subterranea": 0, "Tech_Cielo_Abierto": 1, "Tech_Lavado_Placer": 0, "Certainty_Spatial": 1.0, "Certainty_Archaeological": 1.0, "Certainty_Metallogenic": 1.0, "Certainty_Score": 1.0, "Certainty_Grade": "Alta Certeza (Grado I)" }, "geometry": { "type": "Point", "coordinates": [ -6.641192062, 42.4087844 ] } },
{ "type": "Feature", "properties": { "mineID": 1133, "site": "Río Cabrera: Santalavilla", "ancientName": null, "province": "Hispania Tarraconensis", "country": "Spain", "region": "León", "miningDistrict": "Cuenca media del Sil", "romanianRANID": null, "sanchezPalenciaAndOrejasID": "MS-068", "domergueID": "LE 30.c", "spainMapSheet": 191.0, "lambertX": 355.5, "lambertY": 872.6, "latitude": 42.42003568, "longitude": -6.659935142, "coordinateAccuracy": 100.0, "locationDataSource": "Converted in QGIS from Lambert coords, Madrid 1870", "locationNotes": null, "notBeforeOpeningDate": null, "notAfterOpeningDate": null, "notBeforeClosingDate": null, "notAfterClosingDate": null, "inUseDate": null, "metalMinedGold": "TRUE", "metalMinedSilver": 0.0, "metalMinedLead": 0.0, "metalMinedCopper": 0.0, "metalMinedTin": 0.0, "metalMinedIron": 0.0, "metalMinedMercuryCinnabar": 0.0, "metalMinedZinc": 0.0, "metalMinedOther": 0.0, "description": null, "references": "Domergue 1990: 44; Sanchez-Palencia and Orejas 1994, 196", "techniqueOpencast": 1.0, "techniqueUnderground": 0.0, "techniqueHydraulic": "TRUE", "techniqueHushing": null, "techniqueGroundSluicing": null, "techniqueRuinaMontium": null, "techniqueRakeComb": null, "techniqueGoldWashing": null, "techniqueOther": null, "notes": null, "geology": "Terrace", "depositType": "Secondary", "exploitationType": "Selective - Extensive", "Flag_Au_Oro": 1, "Status_Au_Oro": "Confirmado", "Flag_Ag_Plata": 0, "Status_Ag_Plata": "No", "Flag_Cu_Cobre": 0, "Status_Cu_Cobre": "No", "Flag_Pb_Plomo": 0, "Status_Pb_Plomo": "No", "Flag_Hg_Cinabrio": 0, "Status_Hg_Cinabrio": "No", "Flag_Sn_Estano": 0, "Status_Sn_Estano": "No", "Flag_Fe_Hierro": 0, "Status_Fe_Hierro": "No", "Tech_Ruina_Montium": 1, "Tech_Subterranea": 0, "Tech_Cielo_Abierto": 1, "Tech_Lavado_Placer": 0, "Certainty_Spatial": 1.0, "Certainty_Archaeological": 1.0, "Certainty_Metallogenic": 1.0, "Certainty_Score": 1.0, "Certainty_Grade": "Alta Certeza (Grado I)" }, "geometry": { "type": "Point", "coordinates": [ -6.659935142, 42.42003568 ] } },
{ "type": "Feature", "properties": { "mineID": 1138, "site": "Río de Mosteiro", "ancientName": null, "province": "Hispania Tarraconensis", "country": "Spain", "region": "Lugo", "miningDistrict": "Cuenca Alta del Miño", "romanianRANID": null, "sanchezPalenciaAndOrejasID": "AN-14", "domergueID": null, "spainMapSheet": null, "lambertX": null, "lambertY": null, "latitude": 42.983977, "longitude": -6.98657, "coordinateAccuracy": 2000.0, "locationDataSource": "Guessed, from Río de Mosteiro on IGN map + Google Earth", "locationNotes": null, "notBeforeOpeningDate": null, "notAfterOpeningDate": null, "notBeforeClosingDate": null, "notAfterClosingDate": null, "inUseDate": null, "metalMinedGold": "TRUE", "metalMinedSilver": 0.0, "metalMinedLead": 0.0, "metalMinedCopper": 0.0, "metalMinedTin": 0.0, "metalMinedIron": 0.0, "metalMinedMercuryCinnabar": 0.0, "metalMinedZinc": 0.0, "metalMinedOther": 0.0, "description": null, "references": "Sanchez-Palencia and Orejas 1994, 188", "techniqueOpencast": 1.0, "techniqueUnderground": 0.0, "techniqueHydraulic": "TRUE", "techniqueHushing": null, "techniqueGroundSluicing": null, "techniqueRuinaMontium": null, "techniqueRakeComb": null, "techniqueGoldWashing": null, "techniqueOther": null, "notes": null, "geology": null, "depositType": "Secondary", "exploitationType": "Selective", "Flag_Au_Oro": 1, "Status_Au_Oro": "Confirmado", "Flag_Ag_Plata": 0, "Status_Ag_Plata": "No", "Flag_Cu_Cobre": 0, "Status_Cu_Cobre": "No", "Flag_Pb_Plomo": 0, "Status_Pb_Plomo": "No", "Flag_Hg_Cinabrio": 0, "Status_Hg_Cinabrio": "No", "Flag_Sn_Estano": 0, "Status_Sn_Estano": "No", "Flag_Fe_Hierro": 0, "Status_Fe_Hierro": "No", "Tech_Ruina_Montium": 1, "Tech_Subterranea": 0, "Tech_Cielo_Abierto": 1, "Tech_Lavado_Placer": 0, "Certainty_Spatial": 0.5, "Certainty_Archaeological": 0.9, "Certainty_Metallogenic": 1.0, "Certainty_Score": 0.765, "Certainty_Grade": "Media Certeza (Grado II)" }, "geometry": { "type": "Point", "coordinates": [ -6.98657, 42.983977 ] } },
{ "type": "Feature", "properties": { "mineID": 1142, "site": "Río Donsal I", "ancientName": null, "province": "Hispania Tarraconensis", "country": "Spain", "region": "Lugo", "miningDistrict": "Cuenca Alta del Miño", "romanianRANID": null, "sanchezPalenciaAndOrejasID": "AN-05", "domergueID": null, "spainMapSheet": null, "lambertX": null, "lambertY": null, "latitude": 42.912341, "longitude": -7.073296, "coordinateAccuracy": 2000.0, "locationDataSource": "Guessed, from Rio Donsal on IGN map + Google Earth", "locationNotes": null, "notBeforeOpeningDate": null, "notAfterOpeningDate": null, "notBeforeClosingDate": null, "notAfterClosingDate": null, "inUseDate": null, "metalMinedGold": "TRUE", "metalMinedSilver": 0.0, "metalMinedLead": 0.0, "metalMinedCopper": 0.0, "metalMinedTin": 0.0, "metalMinedIron": 0.0, "metalMinedMercuryCinnabar": 0.0, "metalMinedZinc": 0.0, "metalMinedOther": 0.0, "description": null, "references": "Sanchez-Palencia and Orejas 1994, 188", "techniqueOpencast": 1.0, "techniqueUnderground": 0.0, "techniqueHydraulic": "TRUE", "techniqueHushing": null, "techniqueGroundSluicing": null, "techniqueRuinaMontium": null, "techniqueRakeComb": null, "techniqueGoldWashing": null, "techniqueOther": null, "notes": null, "geology": null, "depositType": "Secondary", "exploitationType": "Extensive", "Flag_Au_Oro": 1, "Status_Au_Oro": "Confirmado", "Flag_Ag_Plata": 0, "Status_Ag_Plata": "No", "Flag_Cu_Cobre": 0, "Status_Cu_Cobre": "No", "Flag_Pb_Plomo": 0, "Status_Pb_Plomo": "No", "Flag_Hg_Cinabrio": 0, "Status_Hg_Cinabrio": "No", "Flag_Sn_Estano": 0, "Status_Sn_Estano": "No", "Flag_Fe_Hierro": 0, "Status_Fe_Hierro": "No", "Tech_Ruina_Montium": 1, "Tech_Subterranea": 0, "Tech_Cielo_Abierto": 1, "Tech_Lavado_Placer": 0, "Certainty_Spatial": 0.5, "Certainty_Archaeological": 0.9, "Certainty_Metallogenic": 1.0, "Certainty_Score": 0.765, "Certainty_Grade": "Media Certeza (Grado II)" }, "geometry": { "type": "Point", "coordinates": [ -7.073296, 42.912341 ] } },
{ "type": "Feature", "properties": { "mineID": 1143, "site": "Río Donsal II", "ancientName": null, "province": "Hispania Tarraconensis", "country": "Spain", "region": "Lugo", "miningDistrict": "Cuenca Alta del Miño", "romanianRANID": null, "sanchezPalenciaAndOrejasID": "AN-06", "domergueID": null, "spainMapSheet": null, "lambertX": null, "lambertY": null, "latitude": 42.920038, "longitude": -7.074451, "coordinateAccuracy": 2000.0, "locationDataSource": "Guessed, from Rio Donsal on IGN map + Google Earth", "locationNotes": null, "notBeforeOpeningDate": null, "notAfterOpeningDate": null, "notBeforeClosingDate": null, "notAfterClosingDate": null, "inUseDate": null, "metalMinedGold": "TRUE", "metalMinedSilver": 0.0, "metalMinedLead": 0.0, "metalMinedCopper": 0.0, "metalMinedTin": 0.0, "metalMinedIron": 0.0, "metalMinedMercuryCinnabar": 0.0, "metalMinedZinc": 0.0, "metalMinedOther": 0.0, "description": null, "references": "Sanchez-Palencia and Orejas 1994, 188", "techniqueOpencast": 1.0, "techniqueUnderground": 0.0, "techniqueHydraulic": "TRUE", "techniqueHushing": null, "techniqueGroundSluicing": null, "techniqueRuinaMontium": null, "techniqueRakeComb": null, "techniqueGoldWashing": null, "techniqueOther": null, "notes": null, "geology": null, "depositType": "Secondary", "exploitationType": "Extensive", "Flag_Au_Oro": 1, "Status_Au_Oro": "Confirmado", "Flag_Ag_Plata": 0, "Status_Ag_Plata": "No", "Flag_Cu_Cobre": 0, "Status_Cu_Cobre": "No", "Flag_Pb_Plomo": 0, "Status_Pb_Plomo": "No", "Flag_Hg_Cinabrio": 0, "Status_Hg_Cinabrio": "No", "Flag_Sn_Estano": 0, "Status_Sn_Estano": "No", "Flag_Fe_Hierro": 0, "Status_Fe_Hierro": "No", "Tech_Ruina_Montium": 1, "Tech_Subterranea": 0, "Tech_Cielo_Abierto": 1, "Tech_Lavado_Placer": 0, "Certainty_Spatial": 0.5, "Certainty_Archaeological": 0.9, "Certainty_Metallogenic": 1.0, "Certainty_Score": 0.765, "Certainty_Grade": "Media Certeza (Grado II)" }, "geometry": { "type": "Point", "coordinates": [ -7.074451, 42.920038 ] } },
{ "type": "Feature", "properties": { "mineID": 1144, "site": "Rio Duerna I - Las Moraceras (Moracedas)", "ancientName": null, "province": "Hispania Tarraconensis", "country": "Spain", "region": "León", "miningDistrict": "Valduerna", "romanianRANID": null, "sanchezPalenciaAndOrejasID": "DU-14", "domergueID": "LE 17", "spainMapSheet": null, "lambertX": null, "lambertY": null, "latitude": 42.33500258, "longitude": -6.225078172, "coordinateAccuracy": 0.0, "locationDataSource": "Google Earth", "locationNotes": null, "notBeforeOpeningDate": -20.0, "notAfterOpeningDate": 200.0, "notBeforeClosingDate": 15.0, "notAfterClosingDate": 300.0, "inUseDate": null, "metalMinedGold": "TRUE", "metalMinedSilver": 0.0, "metalMinedLead": 0.0, "metalMinedCopper": 0.0, "metalMinedTin": 0.0, "metalMinedIron": 0.0, "metalMinedMercuryCinnabar": 0.0, "metalMinedZinc": 0.0, "metalMinedOther": 0.0, "description": null, "references": "Jones and Bird 1972; Domergue 1990: 43; Sanchez-Palencia and Orejas 1994, 192", "techniqueOpencast": 1.0, "techniqueUnderground": 0.0, "techniqueHydraulic": "TRUE", "techniqueHushing": "FALSE", "techniqueGroundSluicing": "TRUE", "techniqueRuinaMontium": 0.0, "techniqueRakeComb": 1.0, "techniqueGoldWashing": 0.0, "techniqueOther": 0.0, "notes": "Dam for hushing reservoir at  42.331434°,  -6.230175°", "geology": "Alterites, tertiary deposits, and terraces", "depositType": "Secondary", "exploitationType": "Extensive", "Flag_Au_Oro": 1, "Status_Au_Oro": "Confirmado", "Flag_Ag_Plata": 0, "Status_Ag_Plata": "No", "Flag_Cu_Cobre": 0, "Status_Cu_Cobre": "No", "Flag_Pb_Plomo": 0, "Status_Pb_Plomo": "No", "Flag_Hg_Cinabrio": 0, "Status_Hg_Cinabrio": "No", "Flag_Sn_Estano": 0, "Status_Sn_Estano": "No", "Flag_Fe_Hierro": 0, "Status_Fe_Hierro": "No", "Tech_Ruina_Montium": 1, "Tech_Subterranea": 0, "Tech_Cielo_Abierto": 1, "Tech_Lavado_Placer": 0, "Certainty_Spatial": 1.0, "Certainty_Archaeological": 1.0, "Certainty_Metallogenic": 1.0, "Certainty_Score": 1.0, "Certainty_Grade": "Alta Certeza (Grado I)" }, "geometry": { "type": "Point", "coordinates": [ -6.225078172, 42.33500258 ] } },
{ "type": "Feature", "properties": { "mineID": 1145, "site": "Rio Duerna II", "ancientName": null, "province": "Hispania Tarraconensis", "country": "Spain", "region": "León", "miningDistrict": "Valduerna", "romanianRANID": null, "sanchezPalenciaAndOrejasID": "DU-14", "domergueID": "LE 17", "spainMapSheet": null, "lambertX": null, "lambertY": null, "latitude": 42.33438157, "longitude": -6.242122507, "coordinateAccuracy": 0.0, "locationDataSource": "Google Earth", "locationNotes": null, "notBeforeOpeningDate": -20.0, "notAfterOpeningDate": 200.0, "notBeforeClosingDate": 15.0, "notAfterClosingDate": 300.0, "inUseDate": null, "metalMinedGold": "TRUE", "metalMinedSilver": 0.0, "metalMinedLead": 0.0, "metalMinedCopper": 0.0, "metalMinedTin": 0.0, "metalMinedIron": 0.0, "metalMinedMercuryCinnabar": 0.0, "metalMinedZinc": 0.0, "metalMinedOther": 0.0, "description": null, "references": "Jones and Bird 1972; Domergue 1990: 43; Sanchez-Palencia and Orejas 1994, 192", "techniqueOpencast": 1.0, "techniqueUnderground": 0.0, "techniqueHydraulic": "TRUE", "techniqueHushing": "FALSE", "techniqueGroundSluicing": "TRUE", "techniqueRuinaMontium": 0.0, "techniqueRakeComb": 1.0, "techniqueGoldWashing": 0.0, "techniqueOther": 0.0, "notes": null, "geology": "Alterites, tertiary deposits, and terraces", "depositType": "Secondary", "exploitationType": "Extensive", "Flag_Au_Oro": 1, "Status_Au_Oro": "Confirmado", "Flag_Ag_Plata": 0, "Status_Ag_Plata": "No", "Flag_Cu_Cobre": 0, "Status_Cu_Cobre": "No", "Flag_Pb_Plomo": 0, "Status_Pb_Plomo": "No", "Flag_Hg_Cinabrio": 0, "Status_Hg_Cinabrio": "No", "Flag_Sn_Estano": 0, "Status_Sn_Estano": "No", "Flag_Fe_Hierro": 0, "Status_Fe_Hierro": "No", "Tech_Ruina_Montium": 1, "Tech_Subterranea": 0, "Tech_Cielo_Abierto": 1, "Tech_Lavado_Placer": 0, "Certainty_Spatial": 1.0, "Certainty_Archaeological": 1.0, "Certainty_Metallogenic": 1.0, "Certainty_Score": 1.0, "Certainty_Grade": "Alta Certeza (Grado I)" }, "geometry": { "type": "Point", "coordinates": [ -6.242122507, 42.33438157 ] } },
{ "type": "Feature", "properties": { "mineID": 1146, "site": "Rio Duerna III", "ancientName": null, "province": "Hispania Tarraconensis", "country": "Spain", "region": "León", "miningDistrict": "Valduerna", "romanianRANID": null, "sanchezPalenciaAndOrejasID": "DU-12", "domergueID": "LE 17", "spainMapSheet": null, "lambertX": null, "lambertY": null, "latitude": 42.33620392, "longitude": -6.269647663, "coordinateAccuracy": 0.0, "locationDataSource": "Google Earth", "locationNotes": null, "notBeforeOpeningDate": -20.0, "notAfterOpeningDate": 200.0, "notBeforeClosingDate": 15.0, "notAfterClosingDate": 300.0, "inUseDate": null, "metalMinedGold": "TRUE", "metalMinedSilver": 0.0, "metalMinedLead": 0.0, "metalMinedCopper": 0.0, "metalMinedTin": 0.0, "metalMinedIron": 0.0, "metalMinedMercuryCinnabar": 0.0, "metalMinedZinc": 0.0, "metalMinedOther": 0.0, "description": null, "references": "Jones and Bird 1972; Domergue 1990: 43; Sanchez-Palencia and Orejas 1994, 192", "techniqueOpencast": 1.0, "techniqueUnderground": 0.0, "techniqueHydraulic": "TRUE", "techniqueHushing": "FALSE", "techniqueGroundSluicing": "TRUE", "techniqueRuinaMontium": 0.0, "techniqueRakeComb": 1.0, "techniqueGoldWashing": 0.0, "techniqueOther": 0.0, "notes": null, "geology": "Alterites, tertiary deposits, and terraces", "depositType": "Secondary", "exploitationType": "Extensive", "Flag_Au_Oro": 1, "Status_Au_Oro": "Confirmado", "Flag_Ag_Plata": 0, "Status_Ag_Plata": "No", "Flag_Cu_Cobre": 0, "Status_Cu_Cobre": "No", "Flag_Pb_Plomo": 0, "Status_Pb_Plomo": "No", "Flag_Hg_Cinabrio": 0, "Status_Hg_Cinabrio": "No", "Flag_Sn_Estano": 0, "Status_Sn_Estano": "No", "Flag_Fe_Hierro": 0, "Status_Fe_Hierro": "No", "Tech_Ruina_Montium": 1, "Tech_Subterranea": 0, "Tech_Cielo_Abierto": 1, "Tech_Lavado_Placer": 0, "Certainty_Spatial": 1.0, "Certainty_Archaeological": 1.0, "Certainty_Metallogenic": 1.0, "Certainty_Score": 1.0, "Certainty_Grade": "Alta Certeza (Grado I)" }, "geometry": { "type": "Point", "coordinates": [ -6.269647663, 42.33620392 ] } },
{ "type": "Feature", "properties": { "mineID": 1147, "site": "Rio Duerna IV", "ancientName": null, "province": "Hispania Tarraconensis", "country": "Spain", "region": "León", "miningDistrict": "Valduerna", "romanianRANID": null, "sanchezPalenciaAndOrejasID": "DU-12", "domergueID": "LE 17", "spainMapSheet": null, "lambertX": null, "lambertY": null, "latitude": 42.34235037, "longitude": -6.249094717, "coordinateAccuracy": 0.0, "locationDataSource": "Google Earth", "locationNotes": null, "notBeforeOpeningDate": -20.0, "notAfterOpeningDate": 200.0, "notBeforeClosingDate": 15.0, "notAfterClosingDate": 300.0, "inUseDate": null, "metalMinedGold": "TRUE", "metalMinedSilver": 0.0, "metalMinedLead": 0.0, "metalMinedCopper": 0.0, "metalMinedTin": 0.0, "metalMinedIron": 0.0, "metalMinedMercuryCinnabar": 0.0, "metalMinedZinc": 0.0, "metalMinedOther": 0.0, "description": "Rake ground-sluicing, and hushing using ditches of pre-Roman castro", "references": "Jones and Bird 1972; Domergue 1990: 43; Sanchez-Palencia and Orejas 1994, 192", "techniqueOpencast": 1.0, "techniqueUnderground": 0.0, "techniqueHydraulic": "TRUE", "techniqueHushing": "FALSE", "techniqueGroundSluicing": "TRUE", "techniqueRuinaMontium": 0.0, "techniqueRakeComb": 1.0, "techniqueGoldWashing": 0.0, "techniqueOther": 0.0, "notes": null, "geology": "Alterites, tertiary deposits, and terraces", "depositType": "Secondary", "exploitationType": "Extensive", "Flag_Au_Oro": 1, "Status_Au_Oro": "Confirmado", "Flag_Ag_Plata": 0, "Status_Ag_Plata": "No", "Flag_Cu_Cobre": 0, "Status_Cu_Cobre": "No", "Flag_Pb_Plomo": 0, "Status_Pb_Plomo": "No", "Flag_Hg_Cinabrio": 0, "Status_Hg_Cinabrio": "No", "Flag_Sn_Estano": 0, "Status_Sn_Estano": "No", "Flag_Fe_Hierro": 0, "Status_Fe_Hierro": "No", "Tech_Ruina_Montium": 1, "Tech_Subterranea": 0, "Tech_Cielo_Abierto": 1, "Tech_Lavado_Placer": 0, "Certainty_Spatial": 1.0, "Certainty_Archaeological": 1.0, "Certainty_Metallogenic": 1.0, "Certainty_Score": 1.0, "Certainty_Grade": "Alta Certeza (Grado I)" }, "geometry": { "type": "Point", "coordinates": [ -6.249094717, 42.34235037 ] } },
{ "type": "Feature", "properties": { "mineID": 1148, "site": "Rio Duerna IX - El Castillo - Los Arrotos - Carcuevas - Los Gandarales", "ancientName": null, "province": "Hispania Tarraconensis", "country": "Spain", "region": "León", "miningDistrict": "Valduerna", "romanianRANID": null, "sanchezPalenciaAndOrejasID": "DU-08", "domergueID": "LE 17", "spainMapSheet": null, "lambertX": null, "lambertY": null, "latitude": 42.35531073, "longitude": -6.277635411, "coordinateAccuracy": 0.0, "locationDataSource": "Google Earth", "locationNotes": null, "notBeforeOpeningDate": -20.0, "notAfterOpeningDate": 200.0, "notBeforeClosingDate": 15.0, "notAfterClosingDate": 300.0, "inUseDate": null, "metalMinedGold": "TRUE", "metalMinedSilver": 0.0, "metalMinedLead": 0.0, "metalMinedCopper": 0.0, "metalMinedTin": 0.0, "metalMinedIron": 0.0, "metalMinedMercuryCinnabar": 0.0, "metalMinedZinc": 0.0, "metalMinedOther": 0.0, "description": null, "references": "Jones and Bird 1972; Domergue 1990: 43; Sanchez-Palencia and Orejas 1994, 192", "techniqueOpencast": 1.0, "techniqueUnderground": 0.0, "techniqueHydraulic": "TRUE", "techniqueHushing": "TRUE", "techniqueGroundSluicing": "FALSE", "techniqueRuinaMontium": 0.0, "techniqueRakeComb": 0.0, "techniqueGoldWashing": 0.0, "techniqueOther": 0.0, "notes": null, "geology": "Alterites, tertiary deposits, and terraces", "depositType": "Secondary", "exploitationType": "Extensive", "Flag_Au_Oro": 1, "Status_Au_Oro": "Confirmado", "Flag_Ag_Plata": 0, "Status_Ag_Plata": "No", "Flag_Cu_Cobre": 0, "Status_Cu_Cobre": "No", "Flag_Pb_Plomo": 0, "Status_Pb_Plomo": "No", "Flag_Hg_Cinabrio": 0, "Status_Hg_Cinabrio": "No", "Flag_Sn_Estano": 0, "Status_Sn_Estano": "No", "Flag_Fe_Hierro": 0, "Status_Fe_Hierro": "No", "Tech_Ruina_Montium": 1, "Tech_Subterranea": 0, "Tech_Cielo_Abierto": 1, "Tech_Lavado_Placer": 0, "Certainty_Spatial": 1.0, "Certainty_Archaeological": 1.0, "Certainty_Metallogenic": 1.0, "Certainty_Score": 1.0, "Certainty_Grade": "Alta Certeza (Grado I)" }, "geometry": { "type": "Point", "coordinates": [ -6.277635411, 42.35531073 ] } },
{ "type": "Feature", "properties": { "mineID": 1150, "site": "Rio Duerna - Molinaferrera", "ancientName": null, "province": "Hispania Tarraconensis", "country": "Spain", "region": "León", "miningDistrict": "Valduerna", "romanianRANID": null, "sanchezPalenciaAndOrejasID": "DU-03", "domergueID": "LE 17", "spainMapSheet": null, "lambertX": null, "lambertY": null, "latitude": 42.39152656, "longitude": -6.357687984, "coordinateAccuracy": 0.0, "locationDataSource": "Google Earth", "locationNotes": null, "notBeforeOpeningDate": -20.0, "notAfterOpeningDate": 200.0, "notBeforeClosingDate": 15.0, "notAfterClosingDate": 300.0, "inUseDate": null, "metalMinedGold": "TRUE", "metalMinedSilver": 0.0, "metalMinedLead": 0.0, "metalMinedCopper": 0.0, "metalMinedTin": 0.0, "metalMinedIron": 0.0, "metalMinedMercuryCinnabar": 0.0, "metalMinedZinc": 0.0, "metalMinedOther": 0.0, "description": "Overgrown; stone piles visible on Google Earth", "references": "Sanchez-Palencia and Orejas 1994, 192", "techniqueOpencast": 1.0, "techniqueUnderground": 0.0, "techniqueHydraulic": "TRUE", "techniqueHushing": "FALSE", "techniqueGroundSluicing": "TRUE", "techniqueRuinaMontium": 0.0, "techniqueRakeComb": 1.0, "techniqueGoldWashing": 0.0, "techniqueOther": 0.0, "notes": null, "geology": null, "depositType": "Secondary", "exploitationType": "Selective - Extensive", "Flag_Au_Oro": 1, "Status_Au_Oro": "Confirmado", "Flag_Ag_Plata": 0, "Status_Ag_Plata": "No", "Flag_Cu_Cobre": 0, "Status_Cu_Cobre": "No", "Flag_Pb_Plomo": 0, "Status_Pb_Plomo": "No", "Flag_Hg_Cinabrio": 0, "Status_Hg_Cinabrio": "No", "Flag_Sn_Estano": 0, "Status_Sn_Estano": "No", "Flag_Fe_Hierro": 0, "Status_Fe_Hierro": "No", "Tech_Ruina_Montium": 1, "Tech_Subterranea": 0, "Tech_Cielo_Abierto": 1, "Tech_Lavado_Placer": 0, "Certainty_Spatial": 1.0, "Certainty_Archaeological": 1.0, "Certainty_Metallogenic": 1.0, "Certainty_Score": 1.0, "Certainty_Grade": "Alta Certeza (Grado I)" }, "geometry": { "type": "Point", "coordinates": [ -6.357687984, 42.39152656 ] } },
{ "type": "Feature", "properties": { "mineID": 1151, "site": "Rio Duerna V", "ancientName": null, "province": "Hispania Tarraconensis", "country": "Spain", "region": "León", "miningDistrict": "Valduerna", "romanianRANID": null, "sanchezPalenciaAndOrejasID": "DU-12", "domergueID": "LE 17", "spainMapSheet": null, "lambertX": null, "lambertY": null, "latitude": 42.34630418, "longitude": -6.24916967, "coordinateAccuracy": 0.0, "locationDataSource": "Google Earth", "locationNotes": null, "notBeforeOpeningDate": -20.0, "notAfterOpeningDate": 200.0, "notBeforeClosingDate": 15.0, "notAfterClosingDate": 300.0, "inUseDate": null, "metalMinedGold": "TRUE", "metalMinedSilver": 0.0, "metalMinedLead": 0.0, "metalMinedCopper": 0.0, "metalMinedTin": 0.0, "metalMinedIron": 0.0, "metalMinedMercuryCinnabar": 0.0, "metalMinedZinc": 0.0, "metalMinedOther": 0.0, "description": null, "references": "Jones and Bird 1972; Domergue 1990: 43; Sanchez-Palencia and Orejas 1994, 192", "techniqueOpencast": 1.0, "techniqueUnderground": 0.0, "techniqueHydraulic": "TRUE", "techniqueHushing": "FALSE", "techniqueGroundSluicing": "TRUE", "techniqueRuinaMontium": 0.0, "techniqueRakeComb": 1.0, "techniqueGoldWashing": 0.0, "techniqueOther": 0.0, "notes": null, "geology": "Alterites, tertiary deposits, and terraces", "depositType": "Secondary", "exploitationType": "Extensive", "Flag_Au_Oro": 1, "Status_Au_Oro": "Confirmado", "Flag_Ag_Plata": 0, "Status_Ag_Plata": "No", "Flag_Cu_Cobre": 0, "Status_Cu_Cobre": "No", "Flag_Pb_Plomo": 0, "Status_Pb_Plomo": "No", "Flag_Hg_Cinabrio": 0, "Status_Hg_Cinabrio": "No", "Flag_Sn_Estano": 0, "Status_Sn_Estano": "No", "Flag_Fe_Hierro": 0, "Status_Fe_Hierro": "No", "Tech_Ruina_Montium": 1, "Tech_Subterranea": 0, "Tech_Cielo_Abierto": 1, "Tech_Lavado_Placer": 0, "Certainty_Spatial": 1.0, "Certainty_Archaeological": 1.0, "Certainty_Metallogenic": 1.0, "Certainty_Score": 1.0, "Certainty_Grade": "Alta Certeza (Grado I)" }, "geometry": { "type": "Point", "coordinates": [ -6.24916967, 42.34630418 ] } },
{ "type": "Feature", "properties": { "mineID": 1152, "site": "Rio Duerna VI - Los Castellones", "ancientName": null, "province": "Hispania Tarraconensis", "country": "Spain", "region": "León", "miningDistrict": "Valduerna", "romanianRANID": null, "sanchezPalenciaAndOrejasID": "DU-12", "domergueID": "LE 17", "spainMapSheet": null, "lambertX": null, "lambertY": null, "latitude": 42.34639828, "longitude": -6.257719707, "coordinateAccuracy": 0.0, "locationDataSource": "Google Earth", "locationNotes": null, "notBeforeOpeningDate": -20.0, "notAfterOpeningDate": 200.0, "notBeforeClosingDate": 15.0, "notAfterClosingDate": 300.0, "inUseDate": null, "metalMinedGold": "TRUE", "metalMinedSilver": 0.0, "metalMinedLead": 0.0, "metalMinedCopper": 0.0, "metalMinedTin": 0.0, "metalMinedIron": 0.0, "metalMinedMercuryCinnabar": 0.0, "metalMinedZinc": 0.0, "metalMinedOther": 0.0, "description": "Hushing, developed out of ditches of Los Castellones hillfort", "references": "Jones and Bird 1972; Domergue 1990: 43; Sanchez-Palencia and Orejas 1994, 192", "techniqueOpencast": 1.0, "techniqueUnderground": 0.0, "techniqueHydraulic": "TRUE", "techniqueHushing": "TRUE", "techniqueGroundSluicing": "FALSE", "techniqueRuinaMontium": 0.0, "techniqueRakeComb": 0.0, "techniqueGoldWashing": 0.0, "techniqueOther": 0.0, "notes": null, "geology": "Alterites, tertiary deposits, and terraces", "depositType": "Secondary", "exploitationType": "Extensive", "Flag_Au_Oro": 1, "Status_Au_Oro": "Confirmado", "Flag_Ag_Plata": 0, "Status_Ag_Plata": "No", "Flag_Cu_Cobre": 0, "Status_Cu_Cobre": "No", "Flag_Pb_Plomo": 0, "Status_Pb_Plomo": "No", "Flag_Hg_Cinabrio": 0, "Status_Hg_Cinabrio": "No", "Flag_Sn_Estano": 0, "Status_Sn_Estano": "No", "Flag_Fe_Hierro": 0, "Status_Fe_Hierro": "No", "Tech_Ruina_Montium": 1, "Tech_Subterranea": 0, "Tech_Cielo_Abierto": 1, "Tech_Lavado_Placer": 0, "Certainty_Spatial": 1.0, "Certainty_Archaeological": 1.0, "Certainty_Metallogenic": 1.0, "Certainty_Score": 1.0, "Certainty_Grade": "Alta Certeza (Grado I)" }, "geometry": { "type": "Point", "coordinates": [ -6.257719707, 42.34639828 ] } },
{ "type": "Feature", "properties": { "mineID": 1153, "site": "Rio Duerna VII", "ancientName": null, "province": "Hispania Tarraconensis", "country": "Spain", "region": "León", "miningDistrict": "Valduerna", "romanianRANID": null, "sanchezPalenciaAndOrejasID": "DU-12", "domergueID": "LE 17", "spainMapSheet": null, "lambertX": null, "lambertY": null, "latitude": 42.33757264, "longitude": -6.275154026, "coordinateAccuracy": 0.0, "locationDataSource": "Google Earth", "locationNotes": null, "notBeforeOpeningDate": -20.0, "notAfterOpeningDate": 200.0, "notBeforeClosingDate": 15.0, "notAfterClosingDate": 300.0, "inUseDate": null, "metalMinedGold": "TRUE", "metalMinedSilver": 0.0, "metalMinedLead": 0.0, "metalMinedCopper": 0.0, "metalMinedTin": 0.0, "metalMinedIron": 0.0, "metalMinedMercuryCinnabar": 0.0, "metalMinedZinc": 0.0, "metalMinedOther": 0.0, "description": "Hushing, developed out of ditches of hillfort", "references": "Jones and Bird 1972; Domergue 1990: 43; Sanchez-Palencia and Orejas 1994, 192", "techniqueOpencast": 1.0, "techniqueUnderground": 0.0, "techniqueHydraulic": "TRUE", "techniqueHushing": "TRUE", "techniqueGroundSluicing": "FALSE", "techniqueRuinaMontium": 0.0, "techniqueRakeComb": 0.0, "techniqueGoldWashing": 0.0, "techniqueOther": 0.0, "notes": null, "geology": "Alterites, tertiary deposits, and terraces", "depositType": "Secondary", "exploitationType": "Extensive", "Flag_Au_Oro": 1, "Status_Au_Oro": "Confirmado", "Flag_Ag_Plata": 0, "Status_Ag_Plata": "No", "Flag_Cu_Cobre": 0, "Status_Cu_Cobre": "No", "Flag_Pb_Plomo": 0, "Status_Pb_Plomo": "No", "Flag_Hg_Cinabrio": 0, "Status_Hg_Cinabrio": "No", "Flag_Sn_Estano": 0, "Status_Sn_Estano": "No", "Flag_Fe_Hierro": 0, "Status_Fe_Hierro": "No", "Tech_Ruina_Montium": 1, "Tech_Subterranea": 0, "Tech_Cielo_Abierto": 1, "Tech_Lavado_Placer": 0, "Certainty_Spatial": 1.0, "Certainty_Archaeological": 1.0, "Certainty_Metallogenic": 1.0, "Certainty_Score": 1.0, "Certainty_Grade": "Alta Certeza (Grado I)" }, "geometry": { "type": "Point", "coordinates": [ -6.275154026, 42.33757264 ] } },
{ "type": "Feature", "properties": { "mineID": 1154, "site": "Rio Duerna VIII - El Castillo - Los Arrotos - Carcuevas - Los Gandarales", "ancientName": null, "province": "Hispania Tarraconensis", "country": "Spain", "region": "León", "miningDistrict": "Valduerna", "romanianRANID": null, "sanchezPalenciaAndOrejasID": "DU-08", "domergueID": "LE 17", "spainMapSheet": null, "lambertX": null, "lambertY": null, "latitude": 42.35027844, "longitude": -6.269133468, "coordinateAccuracy": 0.0, "locationDataSource": "Google Earth", "locationNotes": null, "notBeforeOpeningDate": -20.0, "notAfterOpeningDate": 200.0, "notBeforeClosingDate": 15.0, "notAfterClosingDate": 300.0, "inUseDate": null, "metalMinedGold": "TRUE", "metalMinedSilver": 0.0, "metalMinedLead": 0.0, "metalMinedCopper": 0.0, "metalMinedTin": 0.0, "metalMinedIron": 0.0, "metalMinedMercuryCinnabar": 0.0, "metalMinedZinc": 0.0, "metalMinedOther": 0.0, "description": null, "references": "Jones and Bird 1972; Domergue 1990: 43; Sanchez-Palencia and Orejas 1994, 192", "techniqueOpencast": 1.0, "techniqueUnderground": 0.0, "techniqueHydraulic": "TRUE", "techniqueHushing": "TRUE", "techniqueGroundSluicing": "FALSE", "techniqueRuinaMontium": 0.0, "techniqueRakeComb": 0.0, "techniqueGoldWashing": 0.0, "techniqueOther": 0.0, "notes": null, "geology": "Alterites, tertiary deposits, and terraces", "depositType": "Secondary", "exploitationType": "Extensive", "Flag_Au_Oro": 1, "Status_Au_Oro": "Confirmado", "Flag_Ag_Plata": 0, "Status_Ag_Plata": "No", "Flag_Cu_Cobre": 0, "Status_Cu_Cobre": "No", "Flag_Pb_Plomo": 0, "Status_Pb_Plomo": "No", "Flag_Hg_Cinabrio": 0, "Status_Hg_Cinabrio": "No", "Flag_Sn_Estano": 0, "Status_Sn_Estano": "No", "Flag_Fe_Hierro": 0, "Status_Fe_Hierro": "No", "Tech_Ruina_Montium": 1, "Tech_Subterranea": 0, "Tech_Cielo_Abierto": 1, "Tech_Lavado_Placer": 0, "Certainty_Spatial": 1.0, "Certainty_Archaeological": 1.0, "Certainty_Metallogenic": 1.0, "Certainty_Score": 1.0, "Certainty_Grade": "Alta Certeza (Grado I)" }, "geometry": { "type": "Point", "coordinates": [ -6.269133468, 42.35027844 ] } },
{ "type": "Feature", "properties": { "mineID": 1155, "site": "Rio Duerna X - El Castillo - Los Arrotos - Carcuevas - Los Gandarales", "ancientName": null, "province": "Hispania Tarraconensis", "country": "Spain", "region": "León", "miningDistrict": "Valduerna", "romanianRANID": null, "sanchezPalenciaAndOrejasID": "DU-08", "domergueID": "LE 17", "spainMapSheet": null, "lambertX": null, "lambertY": null, "latitude": 42.36069607, "longitude": -6.282185769, "coordinateAccuracy": 0.0, "locationDataSource": "Google Earth", "locationNotes": null, "notBeforeOpeningDate": -20.0, "notAfterOpeningDate": 200.0, "notBeforeClosingDate": 15.0, "notAfterClosingDate": 300.0, "inUseDate": null, "metalMinedGold": "TRUE", "metalMinedSilver": 0.0, "metalMinedLead": 0.0, "metalMinedCopper": 0.0, "metalMinedTin": 0.0, "metalMinedIron": 0.0, "metalMinedMercuryCinnabar": 0.0, "metalMinedZinc": 0.0, "metalMinedOther": 0.0, "description": null, "references": "Jones and Bird 1972; Domergue 1990: 43; Sanchez-Palencia and Orejas 1994, 192", "techniqueOpencast": 1.0, "techniqueUnderground": 0.0, "techniqueHydraulic": "TRUE", "techniqueHushing": "FALSE", "techniqueGroundSluicing": "TRUE", "techniqueRuinaMontium": 0.0, "techniqueRakeComb": 1.0, "techniqueGoldWashing": 0.0, "techniqueOther": 0.0, "notes": null, "geology": "Alterites, tertiary deposits, and terraces", "depositType": "Secondary", "exploitationType": "Extensive", "Flag_Au_Oro": 1, "Status_Au_Oro": "Confirmado", "Flag_Ag_Plata": 0, "Status_Ag_Plata": "No", "Flag_Cu_Cobre": 0, "Status_Cu_Cobre": "No", "Flag_Pb_Plomo": 0, "Status_Pb_Plomo": "No", "Flag_Hg_Cinabrio": 0, "Status_Hg_Cinabrio": "No", "Flag_Sn_Estano": 0, "Status_Sn_Estano": "No", "Flag_Fe_Hierro": 0, "Status_Fe_Hierro": "No", "Tech_Ruina_Montium": 1, "Tech_Subterranea": 0, "Tech_Cielo_Abierto": 1, "Tech_Lavado_Placer": 0, "Certainty_Spatial": 1.0, "Certainty_Archaeological": 1.0, "Certainty_Metallogenic": 1.0, "Certainty_Score": 1.0, "Certainty_Grade": "Alta Certeza (Grado I)" }, "geometry": { "type": "Point", "coordinates": [ -6.282185769, 42.36069607 ] } },
{ "type": "Feature", "properties": { "mineID": 1156, "site": "Rio Duerna XI", "ancientName": null, "province": "Hispania Tarraconensis", "country": "Spain", "region": "León", "miningDistrict": "Valduerna", "romanianRANID": null, "sanchezPalenciaAndOrejasID": null, "domergueID": "LE 17", "spainMapSheet": null, "lambertX": null, "lambertY": null, "latitude": 42.35842534, "longitude": -6.298081887, "coordinateAccuracy": 0.0, "locationDataSource": "Google Earth", "locationNotes": null, "notBeforeOpeningDate": -20.0, "notAfterOpeningDate": 200.0, "notBeforeClosingDate": 15.0, "notAfterClosingDate": 300.0, "inUseDate": null, "metalMinedGold": "TRUE", "metalMinedSilver": 0.0, "metalMinedLead": 0.0, "metalMinedCopper": 0.0, "metalMinedTin": 0.0, "metalMinedIron": 0.0, "metalMinedMercuryCinnabar": 0.0, "metalMinedZinc": 0.0, "metalMinedOther": 0.0, "description": "Hushing, developed out of ditches of hillfort", "references": "Jones and Bird 1972; Domergue 1990: 43", "techniqueOpencast": 1.0, "techniqueUnderground": 0.0, "techniqueHydraulic": "TRUE", "techniqueHushing": "TRUE", "techniqueGroundSluicing": "FALSE", "techniqueRuinaMontium": 0.0, "techniqueRakeComb": 0.0, "techniqueGoldWashing": 0.0, "techniqueOther": 0.0, "notes": null, "geology": "Alterites, tertiary deposits, and terraces", "depositType": "Secondary", "exploitationType": "Extensive", "Flag_Au_Oro": 1, "Status_Au_Oro": "Confirmado", "Flag_Ag_Plata": 0, "Status_Ag_Plata": "No", "Flag_Cu_Cobre": 0, "Status_Cu_Cobre": "No", "Flag_Pb_Plomo": 0, "Status_Pb_Plomo": "No", "Flag_Hg_Cinabrio": 0, "Status_Hg_Cinabrio": "No", "Flag_Sn_Estano": 0, "Status_Sn_Estano": "No", "Flag_Fe_Hierro": 0, "Status_Fe_Hierro": "No", "Tech_Ruina_Montium": 1, "Tech_Subterranea": 0, "Tech_Cielo_Abierto": 1, "Tech_Lavado_Placer": 0, "Certainty_Spatial": 1.0, "Certainty_Archaeological": 0.9, "Certainty_Metallogenic": 1.0, "Certainty_Score": 0.965, "Certainty_Grade": "Alta Certeza (Grado I)" }, "geometry": { "type": "Point", "coordinates": [ -6.298081887, 42.35842534 ] } },
{ "type": "Feature", "properties": { "mineID": 1157, "site": "Rio Duerna XII - El Castillo - Los Arrotos - Carcuevas - Los Gandarales", "ancientName": null, "province": "Hispania Tarraconensis", "country": "Spain", "region": "León", "miningDistrict": "Valduerna", "romanianRANID": null, "sanchezPalenciaAndOrejasID": "DU-08", "domergueID": "LE 17", "spainMapSheet": null, "lambertX": null, "lambertY": null, "latitude": 42.36546279, "longitude": -6.290063387, "coordinateAccuracy": 0.0, "locationDataSource": "Google Earth", "locationNotes": null, "notBeforeOpeningDate": -20.0, "notAfterOpeningDate": 200.0, "notBeforeClosingDate": 15.0, "notAfterClosingDate": 300.0, "inUseDate": null, "metalMinedGold": "TRUE", "metalMinedSilver": 0.0, "metalMinedLead": 0.0, "metalMinedCopper": 0.0, "metalMinedTin": 0.0, "metalMinedIron": 0.0, "metalMinedMercuryCinnabar": 0.0, "metalMinedZinc": 0.0, "metalMinedOther": 0.0, "description": null, "references": "Jones and Bird 1972; Domergue 1990: 43; Sanchez-Palencia and Orejas 1994, 192", "techniqueOpencast": 1.0, "techniqueUnderground": 0.0, "techniqueHydraulic": "TRUE", "techniqueHushing": "TRUE", "techniqueGroundSluicing": "TRUE", "techniqueRuinaMontium": 0.0, "techniqueRakeComb": 0.0, "techniqueGoldWashing": 0.0, "techniqueOther": 0.0, "notes": null, "geology": "Alterites, tertiary deposits, and terraces", "depositType": "Secondary", "exploitationType": "Extensive", "Flag_Au_Oro": 1, "Status_Au_Oro": "Confirmado", "Flag_Ag_Plata": 0, "Status_Ag_Plata": "No", "Flag_Cu_Cobre": 0, "Status_Cu_Cobre": "No", "Flag_Pb_Plomo": 0, "Status_Pb_Plomo": "No", "Flag_Hg_Cinabrio": 0, "Status_Hg_Cinabrio": "No", "Flag_Sn_Estano": 0, "Status_Sn_Estano": "No", "Flag_Fe_Hierro": 0, "Status_Fe_Hierro": "No", "Tech_Ruina_Montium": 1, "Tech_Subterranea": 0, "Tech_Cielo_Abierto": 1, "Tech_Lavado_Placer": 0, "Certainty_Spatial": 1.0, "Certainty_Archaeological": 1.0, "Certainty_Metallogenic": 1.0, "Certainty_Score": 1.0, "Certainty_Grade": "Alta Certeza (Grado I)" }, "geometry": { "type": "Point", "coordinates": [ -6.290063387, 42.36546279 ] } },
{ "type": "Feature", "properties": { "mineID": 1158, "site": "Rio Duerna XIII - La Braña - El Valle", "ancientName": null, "province": "Hispania Tarraconensis", "country": "Spain", "region": "León", "miningDistrict": "Valduerna", "romanianRANID": null, "sanchezPalenciaAndOrejasID": "DU-07", "domergueID": "LE 17", "spainMapSheet": null, "lambertX": null, "lambertY": null, "latitude": 42.3652755, "longitude": -6.303436006, "coordinateAccuracy": 0.0, "locationDataSource": "Google Earth", "locationNotes": null, "notBeforeOpeningDate": -20.0, "notAfterOpeningDate": 200.0, "notBeforeClosingDate": 15.0, "notAfterClosingDate": 300.0, "inUseDate": null, "metalMinedGold": "TRUE", "metalMinedSilver": 0.0, "metalMinedLead": 0.0, "metalMinedCopper": 0.0, "metalMinedTin": 0.0, "metalMinedIron": 0.0, "metalMinedMercuryCinnabar": 0.0, "metalMinedZinc": 0.0, "metalMinedOther": 0.0, "description": null, "references": "Jones and Bird 1972; Domergue 1990: 43; Sanchez-Palencia and Orejas 1994, 192", "techniqueOpencast": 1.0, "techniqueUnderground": 0.0, "techniqueHydraulic": "TRUE", "techniqueHushing": "TRUE", "techniqueGroundSluicing": "TRUE", "techniqueRuinaMontium": 0.0, "techniqueRakeComb": 0.0, "techniqueGoldWashing": 0.0, "techniqueOther": 0.0, "notes": null, "geology": "Alterites, tertiary deposits, and terraces", "depositType": "Secondary", "exploitationType": "Extensive", "Flag_Au_Oro": 1, "Status_Au_Oro": "Confirmado", "Flag_Ag_Plata": 0, "Status_Ag_Plata": "No", "Flag_Cu_Cobre": 0, "Status_Cu_Cobre": "No", "Flag_Pb_Plomo": 0, "Status_Pb_Plomo": "No", "Flag_Hg_Cinabrio": 0, "Status_Hg_Cinabrio": "No", "Flag_Sn_Estano": 0, "Status_Sn_Estano": "No", "Flag_Fe_Hierro": 0, "Status_Fe_Hierro": "No", "Tech_Ruina_Montium": 1, "Tech_Subterranea": 0, "Tech_Cielo_Abierto": 1, "Tech_Lavado_Placer": 0, "Certainty_Spatial": 1.0, "Certainty_Archaeological": 1.0, "Certainty_Metallogenic": 1.0, "Certainty_Score": 1.0, "Certainty_Grade": "Alta Certeza (Grado I)" }, "geometry": { "type": "Point", "coordinates": [ -6.303436006, 42.3652755 ] } },
{ "type": "Feature", "properties": { "mineID": 1159, "site": "Rio Duerna XIV - La Braña - El Valle", "ancientName": null, "province": "Hispania Tarraconensis", "country": "Spain", "region": "León", "miningDistrict": "Valduerna", "romanianRANID": null, "sanchezPalenciaAndOrejasID": "DU-07", "domergueID": "LE 17", "spainMapSheet": null, "lambertX": null, "lambertY": null, "latitude": 42.37245524, "longitude": -6.301548879, "coordinateAccuracy": 0.0, "locationDataSource": "Google Earth", "locationNotes": null, "notBeforeOpeningDate": -20.0, "notAfterOpeningDate": 200.0, "notBeforeClosingDate": 15.0, "notAfterClosingDate": 300.0, "inUseDate": null, "metalMinedGold": "TRUE", "metalMinedSilver": 0.0, "metalMinedLead": 0.0, "metalMinedCopper": 0.0, "metalMinedTin": 0.0, "metalMinedIron": 0.0, "metalMinedMercuryCinnabar": 0.0, "metalMinedZinc": 0.0, "metalMinedOther": 0.0, "description": null, "references": "Jones and Bird 1972; Domergue 1990: 43; Sanchez-Palencia and Orejas 1994, 192", "techniqueOpencast": 1.0, "techniqueUnderground": 0.0, "techniqueHydraulic": "TRUE", "techniqueHushing": "TRUE", "techniqueGroundSluicing": "FALSE", "techniqueRuinaMontium": 0.0, "techniqueRakeComb": 0.0, "techniqueGoldWashing": 0.0, "techniqueOther": 0.0, "notes": null, "geology": "Alterites, tertiary deposits, and terraces", "depositType": "Secondary", "exploitationType": "Extensive", "Flag_Au_Oro": 1, "Status_Au_Oro": "Confirmado", "Flag_Ag_Plata": 0, "Status_Ag_Plata": "No", "Flag_Cu_Cobre": 0, "Status_Cu_Cobre": "No", "Flag_Pb_Plomo": 0, "Status_Pb_Plomo": "No", "Flag_Hg_Cinabrio": 0, "Status_Hg_Cinabrio": "No", "Flag_Sn_Estano": 0, "Status_Sn_Estano": "No", "Flag_Fe_Hierro": 0, "Status_Fe_Hierro": "No", "Tech_Ruina_Montium": 1, "Tech_Subterranea": 0, "Tech_Cielo_Abierto": 1, "Tech_Lavado_Placer": 0, "Certainty_Spatial": 1.0, "Certainty_Archaeological": 1.0, "Certainty_Metallogenic": 1.0, "Certainty_Score": 1.0, "Certainty_Grade": "Alta Certeza (Grado I)" }, "geometry": { "type": "Point", "coordinates": [ -6.301548879, 42.37245524 ] } },
{ "type": "Feature", "properties": { "mineID": 1160, "site": "Rio Duerna XIX - Piozadera", "ancientName": null, "province": "Hispania Tarraconensis", "country": "Spain", "region": "León", "miningDistrict": "Valduerna", "romanianRANID": null, "sanchezPalenciaAndOrejasID": "DU-15", "domergueID": "LE 17", "spainMapSheet": null, "lambertX": null, "lambertY": null, "latitude": 42.35862622, "longitude": -6.246786721, "coordinateAccuracy": 0.0, "locationDataSource": "Google Earth", "locationNotes": null, "notBeforeOpeningDate": -20.0, "notAfterOpeningDate": 200.0, "notBeforeClosingDate": 15.0, "notAfterClosingDate": 300.0, "inUseDate": null, "metalMinedGold": "TRUE", "metalMinedSilver": 0.0, "metalMinedLead": 0.0, "metalMinedCopper": 0.0, "metalMinedTin": 0.0, "metalMinedIron": 0.0, "metalMinedMercuryCinnabar": 0.0, "metalMinedZinc": 0.0, "metalMinedOther": 0.0, "description": null, "references": "Jones and Bird 1972; Domergue 1990: 43; Sanchez-Palencia and Orejas 1994, 192", "techniqueOpencast": 1.0, "techniqueUnderground": 0.0, "techniqueHydraulic": "TRUE", "techniqueHushing": "FALSE", "techniqueGroundSluicing": "FALSE", "techniqueRuinaMontium": 0.0, "techniqueRakeComb": 0.0, "techniqueGoldWashing": 0.0, "techniqueOther": 0.0, "notes": null, "geology": "Alterites, tertiary deposits, and terraces", "depositType": "Secondary", "exploitationType": "Extensive", "Flag_Au_Oro": 1, "Status_Au_Oro": "Confirmado", "Flag_Ag_Plata": 0, "Status_Ag_Plata": "No", "Flag_Cu_Cobre": 0, "Status_Cu_Cobre": "No", "Flag_Pb_Plomo": 0, "Status_Pb_Plomo": "No", "Flag_Hg_Cinabrio": 0, "Status_Hg_Cinabrio": "No", "Flag_Sn_Estano": 0, "Status_Sn_Estano": "No", "Flag_Fe_Hierro": 0, "Status_Fe_Hierro": "No", "Tech_Ruina_Montium": 1, "Tech_Subterranea": 0, "Tech_Cielo_Abierto": 1, "Tech_Lavado_Placer": 0, "Certainty_Spatial": 1.0, "Certainty_Archaeological": 1.0, "Certainty_Metallogenic": 1.0, "Certainty_Score": 1.0, "Certainty_Grade": "Alta Certeza (Grado I)" }, "geometry": { "type": "Point", "coordinates": [ -6.246786721, 42.35862622 ] } },
{ "type": "Feature", "properties": { "mineID": 1161, "site": "Rio Duerna XV - La Braña - El Valle", "ancientName": null, "province": "Hispania Tarraconensis", "country": "Spain", "region": "León", "miningDistrict": "Valduerna", "romanianRANID": null, "sanchezPalenciaAndOrejasID": "DU-07", "domergueID": "LE 17", "spainMapSheet": null, "lambertX": null, "lambertY": null, "latitude": 42.37621587, "longitude": -6.312830908, "coordinateAccuracy": 0.0, "locationDataSource": "Google Earth", "locationNotes": null, "notBeforeOpeningDate": -20.0, "notAfterOpeningDate": 200.0, "notBeforeClosingDate": 15.0, "notAfterClosingDate": 300.0, "inUseDate": null, "metalMinedGold": "TRUE", "metalMinedSilver": 0.0, "metalMinedLead": 0.0, "metalMinedCopper": 0.0, "metalMinedTin": 0.0, "metalMinedIron": 0.0, "metalMinedMercuryCinnabar": 0.0, "metalMinedZinc": 0.0, "metalMinedOther": 0.0, "description": null, "references": "Jones and Bird 1972; Domergue 1990: 43; Sanchez-Palencia and Orejas 1994, 192", "techniqueOpencast": 1.0, "techniqueUnderground": 0.0, "techniqueHydraulic": "TRUE", "techniqueHushing": "TRUE", "techniqueGroundSluicing": "TRUE", "techniqueRuinaMontium": 0.0, "techniqueRakeComb": 1.0, "techniqueGoldWashing": 0.0, "techniqueOther": 0.0, "notes": null, "geology": "Alterites, tertiary deposits, and terraces", "depositType": "Secondary", "exploitationType": "Extensive", "Flag_Au_Oro": 1, "Status_Au_Oro": "Confirmado", "Flag_Ag_Plata": 0, "Status_Ag_Plata": "No", "Flag_Cu_Cobre": 0, "Status_Cu_Cobre": "No", "Flag_Pb_Plomo": 0, "Status_Pb_Plomo": "No", "Flag_Hg_Cinabrio": 0, "Status_Hg_Cinabrio": "No", "Flag_Sn_Estano": 0, "Status_Sn_Estano": "No", "Flag_Fe_Hierro": 0, "Status_Fe_Hierro": "No", "Tech_Ruina_Montium": 1, "Tech_Subterranea": 0, "Tech_Cielo_Abierto": 1, "Tech_Lavado_Placer": 0, "Certainty_Spatial": 1.0, "Certainty_Archaeological": 1.0, "Certainty_Metallogenic": 1.0, "Certainty_Score": 1.0, "Certainty_Grade": "Alta Certeza (Grado I)" }, "geometry": { "type": "Point", "coordinates": [ -6.312830908, 42.37621587 ] } },
{ "type": "Feature", "properties": { "mineID": 1162, "site": "Rio Duerna XVI - Los Vallejos", "ancientName": null, "province": "Hispania Tarraconensis", "country": "Spain", "region": "León", "miningDistrict": "Valduerna", "romanianRANID": null, "sanchezPalenciaAndOrejasID": "DU-05", "domergueID": "LE 17", "spainMapSheet": null, "lambertX": null, "lambertY": null, "latitude": 42.37762908, "longitude": -6.324448755, "coordinateAccuracy": 0.0, "locationDataSource": "Google Earth", "locationNotes": null, "notBeforeOpeningDate": -20.0, "notAfterOpeningDate": 200.0, "notBeforeClosingDate": 15.0, "notAfterClosingDate": 300.0, "inUseDate": null, "metalMinedGold": "TRUE", "metalMinedSilver": 0.0, "metalMinedLead": 0.0, "metalMinedCopper": 0.0, "metalMinedTin": 0.0, "metalMinedIron": 0.0, "metalMinedMercuryCinnabar": 0.0, "metalMinedZinc": 0.0, "metalMinedOther": 0.0, "description": null, "references": "Jones and Bird 1972; Domergue 1990: 43; Sanchez-Palencia and Orejas 1994, 192", "techniqueOpencast": 1.0, "techniqueUnderground": 0.0, "techniqueHydraulic": "TRUE", "techniqueHushing": "FALSE", "techniqueGroundSluicing": "TRUE", "techniqueRuinaMontium": 0.0, "techniqueRakeComb": 0.0, "techniqueGoldWashing": 0.0, "techniqueOther": 0.0, "notes": null, "geology": "Alterites, tertiary deposits, and terraces", "depositType": "Secondary", "exploitationType": "Extensive", "Flag_Au_Oro": 1, "Status_Au_Oro": "Confirmado", "Flag_Ag_Plata": 0, "Status_Ag_Plata": "No", "Flag_Cu_Cobre": 0, "Status_Cu_Cobre": "No", "Flag_Pb_Plomo": 0, "Status_Pb_Plomo": "No", "Flag_Hg_Cinabrio": 0, "Status_Hg_Cinabrio": "No", "Flag_Sn_Estano": 0, "Status_Sn_Estano": "No", "Flag_Fe_Hierro": 0, "Status_Fe_Hierro": "No", "Tech_Ruina_Montium": 1, "Tech_Subterranea": 0, "Tech_Cielo_Abierto": 1, "Tech_Lavado_Placer": 0, "Certainty_Spatial": 1.0, "Certainty_Archaeological": 1.0, "Certainty_Metallogenic": 1.0, "Certainty_Score": 1.0, "Certainty_Grade": "Alta Certeza (Grado I)" }, "geometry": { "type": "Point", "coordinates": [ -6.324448755, 42.37762908 ] } },
{ "type": "Feature", "properties": { "mineID": 1163, "site": "Rio Duerna XVII - Las Escrita - Los Vallelos", "ancientName": null, "province": "Hispania Tarraconensis", "country": "Spain", "region": "León", "miningDistrict": "Valduerna", "romanianRANID": null, "sanchezPalenciaAndOrejasID": "DU-04", "domergueID": "LE 17", "spainMapSheet": null, "lambertX": null, "lambertY": null, "latitude": 42.38355, "longitude": -6.336530028, "coordinateAccuracy": 0.0, "locationDataSource": "Google Earth", "locationNotes": null, "notBeforeOpeningDate": -20.0, "notAfterOpeningDate": 200.0, "notBeforeClosingDate": 15.0, "notAfterClosingDate": 300.0, "inUseDate": null, "metalMinedGold": "TRUE", "metalMinedSilver": 0.0, "metalMinedLead": 0.0, "metalMinedCopper": 0.0, "metalMinedTin": 0.0, "metalMinedIron": 0.0, "metalMinedMercuryCinnabar": 0.0, "metalMinedZinc": 0.0, "metalMinedOther": 0.0, "description": null, "references": "Jones and Bird 1972; Domergue 1990: 43; Sanchez-Palencia and Orejas 1994, 192", "techniqueOpencast": 1.0, "techniqueUnderground": 0.0, "techniqueHydraulic": "TRUE", "techniqueHushing": "TRUE", "techniqueGroundSluicing": "TRUE", "techniqueRuinaMontium": 0.0, "techniqueRakeComb": 0.0, "techniqueGoldWashing": 0.0, "techniqueOther": 0.0, "notes": null, "geology": "Alterites, tertiary deposits, and terraces", "depositType": "Secondary", "exploitationType": "Extensive", "Flag_Au_Oro": 1, "Status_Au_Oro": "Confirmado", "Flag_Ag_Plata": 0, "Status_Ag_Plata": "No", "Flag_Cu_Cobre": 0, "Status_Cu_Cobre": "No", "Flag_Pb_Plomo": 0, "Status_Pb_Plomo": "No", "Flag_Hg_Cinabrio": 0, "Status_Hg_Cinabrio": "No", "Flag_Sn_Estano": 0, "Status_Sn_Estano": "No", "Flag_Fe_Hierro": 0, "Status_Fe_Hierro": "No", "Tech_Ruina_Montium": 1, "Tech_Subterranea": 0, "Tech_Cielo_Abierto": 1, "Tech_Lavado_Placer": 0, "Certainty_Spatial": 1.0, "Certainty_Archaeological": 1.0, "Certainty_Metallogenic": 1.0, "Certainty_Score": 1.0, "Certainty_Grade": "Alta Certeza (Grado I)" }, "geometry": { "type": "Point", "coordinates": [ -6.336530028, 42.38355 ] } },
{ "type": "Feature", "properties": { "mineID": 1164, "site": "Rio Duerna XVIII", "ancientName": null, "province": "Hispania Tarraconensis", "country": "Spain", "region": "León", "miningDistrict": "Valduerna", "romanianRANID": null, "sanchezPalenciaAndOrejasID": null, "domergueID": "LE 17", "spainMapSheet": null, "lambertX": null, "lambertY": null, "latitude": 42.38926663, "longitude": -6.34697293, "coordinateAccuracy": 0.0, "locationDataSource": "Google Earth", "locationNotes": null, "notBeforeOpeningDate": -20.0, "notAfterOpeningDate": 200.0, "notBeforeClosingDate": 15.0, "notAfterClosingDate": 300.0, "inUseDate": null, "metalMinedGold": "TRUE", "metalMinedSilver": 0.0, "metalMinedLead": 0.0, "metalMinedCopper": 0.0, "metalMinedTin": 0.0, "metalMinedIron": 0.0, "metalMinedMercuryCinnabar": 0.0, "metalMinedZinc": 0.0, "metalMinedOther": 0.0, "description": null, "references": "Jones and Bird 1972; Domergue 1990: 43", "techniqueOpencast": 1.0, "techniqueUnderground": 0.0, "techniqueHydraulic": "TRUE", "techniqueHushing": "FALSE", "techniqueGroundSluicing": "TRUE", "techniqueRuinaMontium": 0.0, "techniqueRakeComb": 1.0, "techniqueGoldWashing": 0.0, "techniqueOther": 0.0, "notes": null, "geology": "Alterites, tertiary deposits, and terraces", "depositType": "Secondary", "exploitationType": "Extensive", "Flag_Au_Oro": 1, "Status_Au_Oro": "Confirmado", "Flag_Ag_Plata": 0, "Status_Ag_Plata": "No", "Flag_Cu_Cobre": 0, "Status_Cu_Cobre": "No", "Flag_Pb_Plomo": 0, "Status_Pb_Plomo": "No", "Flag_Hg_Cinabrio": 0, "Status_Hg_Cinabrio": "No", "Flag_Sn_Estano": 0, "Status_Sn_Estano": "No", "Flag_Fe_Hierro": 0, "Status_Fe_Hierro": "No", "Tech_Ruina_Montium": 1, "Tech_Subterranea": 0, "Tech_Cielo_Abierto": 1, "Tech_Lavado_Placer": 0, "Certainty_Spatial": 1.0, "Certainty_Archaeological": 0.9, "Certainty_Metallogenic": 1.0, "Certainty_Score": 0.965, "Certainty_Grade": "Alta Certeza (Grado I)" }, "geometry": { "type": "Point", "coordinates": [ -6.34697293, 42.38926663 ] } },
{ "type": "Feature", "properties": { "mineID": 1165, "site": "Rio Duerna XX - Fucochicos [Fogochico (Fuco Chico) - El Chano]", "ancientName": null, "province": "Hispania Tarraconensis", "country": "Spain", "region": "León", "miningDistrict": "Valduerna", "romanianRANID": null, "sanchezPalenciaAndOrejasID": "DU-16", "domergueID": "LE 17", "spainMapSheet": null, "lambertX": null, "lambertY": null, "latitude": 42.35630258, "longitude": -6.22700977, "coordinateAccuracy": 0.0, "locationDataSource": "Google Earth", "locationNotes": null, "notBeforeOpeningDate": -20.0, "notAfterOpeningDate": 200.0, "notBeforeClosingDate": 15.0, "notAfterClosingDate": 300.0, "inUseDate": null, "metalMinedGold": "TRUE", "metalMinedSilver": 0.0, "metalMinedLead": 0.0, "metalMinedCopper": 0.0, "metalMinedTin": 0.0, "metalMinedIron": 0.0, "metalMinedMercuryCinnabar": 0.0, "metalMinedZinc": 0.0, "metalMinedOther": 0.0, "description": null, "references": "Jones and Bird 1972; Domergue 1990: 43; Sanchez-Palencia and Orejas 1994, 192", "techniqueOpencast": 1.0, "techniqueUnderground": 0.0, "techniqueHydraulic": "TRUE", "techniqueHushing": "TRUE", "techniqueGroundSluicing": "FALSE", "techniqueRuinaMontium": 0.0, "techniqueRakeComb": 0.0, "techniqueGoldWashing": 0.0, "techniqueOther": 0.0, "notes": null, "geology": "Alterites, tertiary deposits, and terraces", "depositType": "Secondary", "exploitationType": "Extensive", "Flag_Au_Oro": 1, "Status_Au_Oro": "Confirmado", "Flag_Ag_Plata": 0, "Status_Ag_Plata": "No", "Flag_Cu_Cobre": 0, "Status_Cu_Cobre": "No", "Flag_Pb_Plomo": 0, "Status_Pb_Plomo": "No", "Flag_Hg_Cinabrio": 0, "Status_Hg_Cinabrio": "No", "Flag_Sn_Estano": 0, "Status_Sn_Estano": "No", "Flag_Fe_Hierro": 0, "Status_Fe_Hierro": "No", "Tech_Ruina_Montium": 1, "Tech_Subterranea": 0, "Tech_Cielo_Abierto": 1, "Tech_Lavado_Placer": 0, "Certainty_Spatial": 1.0, "Certainty_Archaeological": 1.0, "Certainty_Metallogenic": 1.0, "Certainty_Score": 1.0, "Certainty_Grade": "Alta Certeza (Grado I)" }, "geometry": { "type": "Point", "coordinates": [ -6.22700977, 42.35630258 ] } },
{ "type": "Feature", "properties": { "mineID": 1166, "site": "Rio Duerna XXI", "ancientName": null, "province": "Hispania Tarraconensis", "country": "Spain", "region": "León", "miningDistrict": "Valduerna", "romanianRANID": null, "sanchezPalenciaAndOrejasID": null, "domergueID": "LE 17", "spainMapSheet": null, "lambertX": null, "lambertY": null, "latitude": 42.3464626, "longitude": -6.21936529, "coordinateAccuracy": 0.0, "locationDataSource": "Google Earth", "locationNotes": null, "notBeforeOpeningDate": -20.0, "notAfterOpeningDate": 200.0, "notBeforeClosingDate": 15.0, "notAfterClosingDate": 300.0, "inUseDate": null, "metalMinedGold": "TRUE", "metalMinedSilver": 0.0, "metalMinedLead": 0.0, "metalMinedCopper": 0.0, "metalMinedTin": 0.0, "metalMinedIron": 0.0, "metalMinedMercuryCinnabar": 0.0, "metalMinedZinc": 0.0, "metalMinedOther": 0.0, "description": null, "references": "Jones and Bird 1972; Domergue 1990: 43", "techniqueOpencast": 1.0, "techniqueUnderground": 0.0, "techniqueHydraulic": "TRUE", "techniqueHushing": "FALSE", "techniqueGroundSluicing": "TRUE", "techniqueRuinaMontium": 0.0, "techniqueRakeComb": 1.0, "techniqueGoldWashing": 0.0, "techniqueOther": 0.0, "notes": null, "geology": "Alterites, tertiary deposits, and terraces", "depositType": "Secondary", "exploitationType": "Extensive", "Flag_Au_Oro": 1, "Status_Au_Oro": "Confirmado", "Flag_Ag_Plata": 0, "Status_Ag_Plata": "No", "Flag_Cu_Cobre": 0, "Status_Cu_Cobre": "No", "Flag_Pb_Plomo": 0, "Status_Pb_Plomo": "No", "Flag_Hg_Cinabrio": 0, "Status_Hg_Cinabrio": "No", "Flag_Sn_Estano": 0, "Status_Sn_Estano": "No", "Flag_Fe_Hierro": 0, "Status_Fe_Hierro": "No", "Tech_Ruina_Montium": 1, "Tech_Subterranea": 0, "Tech_Cielo_Abierto": 1, "Tech_Lavado_Placer": 0, "Certainty_Spatial": 1.0, "Certainty_Archaeological": 0.9, "Certainty_Metallogenic": 1.0, "Certainty_Score": 0.965, "Certainty_Grade": "Alta Certeza (Grado I)" }, "geometry": { "type": "Point", "coordinates": [ -6.21936529, 42.3464626 ] } },
{ "type": "Feature", "properties": { "mineID": 1170, "site": "Río Lor 1: Lama / A Filpeira", "ancientName": null, "province": "Hispania Tarraconensis", "country": "Spain", "region": "Lugo", "miningDistrict": "Cuenca media del Sil", "romanianRANID": null, "sanchezPalenciaAndOrejasID": "MS-095", "domergueID": "LU 8.1", "spainMapSheet": 156.0, "lambertX": 299.7, "lambertY": 885.3, "latitude": 42.51563994, "longitude": -7.343846061, "coordinateAccuracy": 100.0, "locationDataSource": "Converted in QGIS from Lambert coords, Madrid 1870", "locationNotes": null, "notBeforeOpeningDate": null, "notAfterOpeningDate": null, "notBeforeClosingDate": null, "notAfterClosingDate": null, "inUseDate": null, "metalMinedGold": "TRUE", "metalMinedSilver": 0.0, "metalMinedLead": 0.0, "metalMinedCopper": 0.0, "metalMinedTin": 0.0, "metalMinedIron": 0.0, "metalMinedMercuryCinnabar": 0.0, "metalMinedZinc": 0.0, "metalMinedOther": 0.0, "description": null, "references": "Domergue 1990: 41; Sanchez-Palencia and Orejas 1994, 197", "techniqueOpencast": 1.0, "techniqueUnderground": 0.0, "techniqueHydraulic": "TRUE", "techniqueHushing": null, "techniqueGroundSluicing": null, "techniqueRuinaMontium": null, "techniqueRakeComb": null, "techniqueGoldWashing": null, "techniqueOther": null, "notes": null, "geology": "Quaternary terrace", "depositType": "Secondary", "exploitationType": "Extensive", "Flag_Au_Oro": 1, "Status_Au_Oro": "Confirmado", "Flag_Ag_Plata": 0, "Status_Ag_Plata": "No", "Flag_Cu_Cobre": 0, "Status_Cu_Cobre": "No", "Flag_Pb_Plomo": 0, "Status_Pb_Plomo": "No", "Flag_Hg_Cinabrio": 0, "Status_Hg_Cinabrio": "No", "Flag_Sn_Estano": 0, "Status_Sn_Estano": "No", "Flag_Fe_Hierro": 0, "Status_Fe_Hierro": "No", "Tech_Ruina_Montium": 1, "Tech_Subterranea": 0, "Tech_Cielo_Abierto": 1, "Tech_Lavado_Placer": 0, "Certainty_Spatial": 1.0, "Certainty_Archaeological": 1.0, "Certainty_Metallogenic": 1.0, "Certainty_Score": 1.0, "Certainty_Grade": "Alta Certeza (Grado I)" }, "geometry": { "type": "Point", "coordinates": [ -7.343846061, 42.51563994 ] } },
{ "type": "Feature", "properties": { "mineID": 1171, "site": "Río Lor 1: Margarida / A Couriscada de Margarida", "ancientName": null, "province": "Hispania Tarraconensis", "country": "Spain", "region": "Lugo", "miningDistrict": "Cuenca media del Sil", "romanianRANID": null, "sanchezPalenciaAndOrejasID": "MS-097", "domergueID": "LU 8.3", "spainMapSheet": 156.0, "lambertX": 300.0, "lambertY": 881.5, "latitude": 42.48156271, "longitude": -7.338304408, "coordinateAccuracy": 100.0, "locationDataSource": "Converted in QGIS from Lambert coords, Madrid 1870", "locationNotes": null, "notBeforeOpeningDate": null, "notAfterOpeningDate": null, "notBeforeClosingDate": null, "notAfterClosingDate": null, "inUseDate": null, "metalMinedGold": "TRUE", "metalMinedSilver": 0.0, "metalMinedLead": 0.0, "metalMinedCopper": 0.0, "metalMinedTin": 0.0, "metalMinedIron": 0.0, "metalMinedMercuryCinnabar": 0.0, "metalMinedZinc": 0.0, "metalMinedOther": 0.0, "description": null, "references": "Domergue 1990: 41; Sanchez-Palencia and Orejas 1994, 197", "techniqueOpencast": 1.0, "techniqueUnderground": 0.0, "techniqueHydraulic": "TRUE", "techniqueHushing": null, "techniqueGroundSluicing": null, "techniqueRuinaMontium": null, "techniqueRakeComb": null, "techniqueGoldWashing": null, "techniqueOther": null, "notes": null, "geology": "Quaternary terrace", "depositType": "Secondary", "exploitationType": "Selective - Extensive", "Flag_Au_Oro": 1, "Status_Au_Oro": "Confirmado", "Flag_Ag_Plata": 0, "Status_Ag_Plata": "No", "Flag_Cu_Cobre": 0, "Status_Cu_Cobre": "No", "Flag_Pb_Plomo": 0, "Status_Pb_Plomo": "No", "Flag_Hg_Cinabrio": 0, "Status_Hg_Cinabrio": "No", "Flag_Sn_Estano": 0, "Status_Sn_Estano": "No", "Flag_Fe_Hierro": 0, "Status_Fe_Hierro": "No", "Tech_Ruina_Montium": 1, "Tech_Subterranea": 0, "Tech_Cielo_Abierto": 1, "Tech_Lavado_Placer": 0, "Certainty_Spatial": 1.0, "Certainty_Archaeological": 1.0, "Certainty_Metallogenic": 1.0, "Certainty_Score": 1.0, "Certainty_Grade": "Alta Certeza (Grado I)" }, "geometry": { "type": "Point", "coordinates": [ -7.338304408, 42.48156271 ] } },
{ "type": "Feature", "properties": { "mineID": 1172, "site": "Río Lor 1: Parada", "ancientName": null, "province": "Hispania Tarraconensis", "country": "Spain", "region": "Lugo", "miningDistrict": "Cuenca media del Sil", "romanianRANID": null, "sanchezPalenciaAndOrejasID": "MS-099", "domergueID": "LU 8.5", "spainMapSheet": 189.0, "lambertX": 299.0, "lambertY": 879.8, "latitude": 42.46589856, "longitude": -7.349609362, "coordinateAccuracy": 100.0, "locationDataSource": "Converted in QGIS from Lambert coords, Madrid 1870", "locationNotes": null, "notBeforeOpeningDate": null, "notAfterOpeningDate": null, "notBeforeClosingDate": null, "notAfterClosingDate": null, "inUseDate": null, "metalMinedGold": "TRUE", "metalMinedSilver": 0.0, "metalMinedLead": 0.0, "metalMinedCopper": 0.0, "metalMinedTin": 0.0, "metalMinedIron": 0.0, "metalMinedMercuryCinnabar": 0.0, "metalMinedZinc": 0.0, "metalMinedOther": 0.0, "description": null, "references": "Domergue 1990: 41; Sanchez-Palencia and Orejas 1994, 197", "techniqueOpencast": 1.0, "techniqueUnderground": 0.0, "techniqueHydraulic": "TRUE", "techniqueHushing": null, "techniqueGroundSluicing": null, "techniqueRuinaMontium": null, "techniqueRakeComb": null, "techniqueGoldWashing": null, "techniqueOther": null, "notes": null, "geology": "Quaternary terrace", "depositType": "Secondary", "exploitationType": "Selective", "Flag_Au_Oro": 1, "Status_Au_Oro": "Confirmado", "Flag_Ag_Plata": 0, "Status_Ag_Plata": "No", "Flag_Cu_Cobre": 0, "Status_Cu_Cobre": "No", "Flag_Pb_Plomo": 0, "Status_Pb_Plomo": "No", "Flag_Hg_Cinabrio": 0, "Status_Hg_Cinabrio": "No", "Flag_Sn_Estano": 0, "Status_Sn_Estano": "No", "Flag_Fe_Hierro": 0, "Status_Fe_Hierro": "No", "Tech_Ruina_Montium": 1, "Tech_Subterranea": 0, "Tech_Cielo_Abierto": 1, "Tech_Lavado_Placer": 0, "Certainty_Spatial": 1.0, "Certainty_Archaeological": 1.0, "Certainty_Metallogenic": 1.0, "Certainty_Score": 1.0, "Certainty_Grade": "Alta Certeza (Grado I)" }, "geometry": { "type": "Point", "coordinates": [ -7.349609362, 42.46589856 ] } },
{ "type": "Feature", "properties": { "mineID": 1175, "site": "Río Lor 2: Castro Portela", "ancientName": null, "province": "Hispania Tarraconensis", "country": "Spain", "region": "Lugo", "miningDistrict": "Cuenca media del Sil", "romanianRANID": null, "sanchezPalenciaAndOrejasID": "MS-094", "domergueID": "LU 13.1", "spainMapSheet": 156.0, "lambertX": null, "lambertY": null, "latitude": 42.539504, "longitude": -7.271668, "coordinateAccuracy": 100.0, "locationDataSource": "Google Earth & description in Domergue 1987, 352", "locationNotes": "Domergue does not give coordinates", "notBeforeOpeningDate": null, "notAfterOpeningDate": null, "notBeforeClosingDate": null, "notAfterClosingDate": null, "inUseDate": null, "metalMinedGold": "TRUE", "metalMinedSilver": 0.0, "metalMinedLead": 0.0, "metalMinedCopper": 0.0, "metalMinedTin": 0.0, "metalMinedIron": 0.0, "metalMinedMercuryCinnabar": 0.0, "metalMinedZinc": 0.0, "metalMinedOther": 0.0, "description": null, "references": "Domergue 1987: 352; Domergue 1990: 41; Sanchez-Palencia and Orejas 1994: 197", "techniqueOpencast": 1.0, "techniqueUnderground": 0.0, "techniqueHydraulic": "TRUE", "techniqueHushing": "FALSE", "techniqueGroundSluicing": "FALSE", "techniqueRuinaMontium": 0.0, "techniqueRakeComb": 1.0, "techniqueGoldWashing": 0.0, "techniqueOther": 0.0, "notes": null, "geology": "Quaternary terrace", "depositType": "Primary", "exploitationType": "Extensive", "Flag_Au_Oro": 1, "Status_Au_Oro": "Confirmado", "Flag_Ag_Plata": 0, "Status_Ag_Plata": "No", "Flag_Cu_Cobre": 0, "Status_Cu_Cobre": "No", "Flag_Pb_Plomo": 0, "Status_Pb_Plomo": "No", "Flag_Hg_Cinabrio": 0, "Status_Hg_Cinabrio": "No", "Flag_Sn_Estano": 0, "Status_Sn_Estano": "No", "Flag_Fe_Hierro": 0, "Status_Fe_Hierro": "No", "Tech_Ruina_Montium": 1, "Tech_Subterranea": 0, "Tech_Cielo_Abierto": 1, "Tech_Lavado_Placer": 0, "Certainty_Spatial": 1.0, "Certainty_Archaeological": 1.0, "Certainty_Metallogenic": 1.0, "Certainty_Score": 1.0, "Certainty_Grade": "Alta Certeza (Grado I)" }, "geometry": { "type": "Point", "coordinates": [ -7.271668, 42.539504 ] } },
{ "type": "Feature", "properties": { "mineID": 1176, "site": "Río Lor 2: Froxán", "ancientName": null, "province": "Hispania Tarraconensis", "country": "Spain", "region": "Lugo", "miningDistrict": "Cuenca media del Sil", "romanianRANID": null, "sanchezPalenciaAndOrejasID": "MS-093", "domergueID": "LU 13.[3]", "spainMapSheet": 156.0, "lambertX": null, "lambertY": null, "latitude": 42.548857, "longitude": -7.249596, "coordinateAccuracy": 1000.0, "locationDataSource": "Guessed, Google Earth", "locationNotes": "Domergue does not give coordinates", "notBeforeOpeningDate": null, "notAfterOpeningDate": null, "notBeforeClosingDate": null, "notAfterClosingDate": null, "inUseDate": null, "metalMinedGold": "TRUE", "metalMinedSilver": 0.0, "metalMinedLead": 0.0, "metalMinedCopper": 0.0, "metalMinedTin": 0.0, "metalMinedIron": 0.0, "metalMinedMercuryCinnabar": 0.0, "metalMinedZinc": 0.0, "metalMinedOther": 0.0, "description": null, "references": "Domergue 1987: 353; Domergue 1990: 41; Sanchez-Palencia and Orejas 1994: 196.", "techniqueOpencast": 1.0, "techniqueUnderground": 0.0, "techniqueHydraulic": "TRUE", "techniqueHushing": "FALSE", "techniqueGroundSluicing": "FALSE", "techniqueRuinaMontium": 0.0, "techniqueRakeComb": 1.0, "techniqueGoldWashing": 0.0, "techniqueOther": 0.0, "notes": null, "geology": "Quaternary terrace", "depositType": "Secondary", "exploitationType": "Selective", "Flag_Au_Oro": 1, "Status_Au_Oro": "Confirmado", "Flag_Ag_Plata": 0, "Status_Ag_Plata": "No", "Flag_Cu_Cobre": 0, "Status_Cu_Cobre": "No", "Flag_Pb_Plomo": 0, "Status_Pb_Plomo": "No", "Flag_Hg_Cinabrio": 0, "Status_Hg_Cinabrio": "No", "Flag_Sn_Estano": 0, "Status_Sn_Estano": "No", "Flag_Fe_Hierro": 0, "Status_Fe_Hierro": "No", "Tech_Ruina_Montium": 1, "Tech_Subterranea": 0, "Tech_Cielo_Abierto": 1, "Tech_Lavado_Placer": 0, "Certainty_Spatial": 0.7, "Certainty_Archaeological": 1.0, "Certainty_Metallogenic": 1.0, "Certainty_Score": 0.88, "Certainty_Grade": "Alta Certeza (Grado I)" }, "geometry": { "type": "Point", "coordinates": [ -7.249596, 42.548857 ] } },
{ "type": "Feature", "properties": { "mineID": 1177, "site": "Río Lor 2: Millares", "ancientName": null, "province": "Hispania Tarraconensis", "country": "Spain", "region": "Lugo", "miningDistrict": "Cuenca media del Sil", "romanianRANID": null, "sanchezPalenciaAndOrejasID": "MS-092", "domergueID": "LU 13.2.5", "spainMapSheet": 156.0, "lambertX": 320.3, "lambertY": 899.4, "latitude": 42.647318, "longitude": -7.099299, "coordinateAccuracy": 100.0, "locationDataSource": "Converted in QGIS from Lambert coords, Madrid 1870; adjusted with reference to IGN map and Google Earth", "locationNotes": null, "notBeforeOpeningDate": null, "notAfterOpeningDate": null, "notBeforeClosingDate": null, "notAfterClosingDate": null, "inUseDate": null, "metalMinedGold": "TRUE", "metalMinedSilver": 0.0, "metalMinedLead": 0.0, "metalMinedCopper": 0.0, "metalMinedTin": 0.0, "metalMinedIron": 0.0, "metalMinedMercuryCinnabar": 0.0, "metalMinedZinc": 0.0, "metalMinedOther": 0.0, "description": null, "references": "Domergue 1987: 352; Domergue 1990: 41; Sanchez-Palencia and Orejas 1994: 196", "techniqueOpencast": 1.0, "techniqueUnderground": 0.0, "techniqueHydraulic": "TRUE", "techniqueHushing": "FALSE", "techniqueGroundSluicing": "FALSE", "techniqueRuinaMontium": 0.0, "techniqueRakeComb": 1.0, "techniqueGoldWashing": 0.0, "techniqueOther": 0.0, "notes": null, "geology": "Quaternary terrace", "depositType": "Primary", "exploitationType": "Extensive", "Flag_Au_Oro": 1, "Status_Au_Oro": "Confirmado", "Flag_Ag_Plata": 0, "Status_Ag_Plata": "No", "Flag_Cu_Cobre": 0, "Status_Cu_Cobre": "No", "Flag_Pb_Plomo": 0, "Status_Pb_Plomo": "No", "Flag_Hg_Cinabrio": 0, "Status_Hg_Cinabrio": "No", "Flag_Sn_Estano": 0, "Status_Sn_Estano": "No", "Flag_Fe_Hierro": 0, "Status_Fe_Hierro": "No", "Tech_Ruina_Montium": 1, "Tech_Subterranea": 0, "Tech_Cielo_Abierto": 1, "Tech_Lavado_Placer": 0, "Certainty_Spatial": 1.0, "Certainty_Archaeological": 1.0, "Certainty_Metallogenic": 1.0, "Certainty_Score": 1.0, "Certainty_Grade": "Alta Certeza (Grado I)" }, "geometry": { "type": "Point", "coordinates": [ -7.099299, 42.647318 ] } },
{ "type": "Feature", "properties": { "mineID": 1179, "site": "Río Lor 2: Monte Barreiro", "ancientName": null, "province": "Hispania Tarraconensis", "country": "Spain", "region": "Lugo", "miningDistrict": "Cuenca media del Sil", "romanianRANID": null, "sanchezPalenciaAndOrejasID": "MS-088", "domergueID": "LU 13.2.1", "spainMapSheet": 156.0, "lambertX": 318.2, "lambertY": 900.7, "latitude": 42.664408, "longitude": -7.143739, "coordinateAccuracy": 100.0, "locationDataSource": "Converted in QGIS from Lambert coords, Madrid 1870; adjusted with reference to IGN map and Google Earth", "locationNotes": "Is this = MS-088 ?", "notBeforeOpeningDate": null, "notAfterOpeningDate": null, "notBeforeClosingDate": null, "notAfterClosingDate": null, "inUseDate": null, "metalMinedGold": "TRUE", "metalMinedSilver": 0.0, "metalMinedLead": 0.0, "metalMinedCopper": 0.0, "metalMinedTin": 0.0, "metalMinedIron": 0.0, "metalMinedMercuryCinnabar": 0.0, "metalMinedZinc": 0.0, "metalMinedOther": 0.0, "description": null, "references": "Domergue 1987: 352; Domergue 1990: 41; Sanchez-Palencia and Orejas 1994, 196", "techniqueOpencast": 1.0, "techniqueUnderground": 0.0, "techniqueHydraulic": "TRUE", "techniqueHushing": "FALSE", "techniqueGroundSluicing": "FALSE", "techniqueRuinaMontium": 0.0, "techniqueRakeComb": 1.0, "techniqueGoldWashing": 0.0, "techniqueOther": 0.0, "notes": null, "geology": "Quaternary terrace", "depositType": "Primary", "exploitationType": "Extensive", "Flag_Au_Oro": 1, "Status_Au_Oro": "Confirmado", "Flag_Ag_Plata": 0, "Status_Ag_Plata": "No", "Flag_Cu_Cobre": 0, "Status_Cu_Cobre": "No", "Flag_Pb_Plomo": 0, "Status_Pb_Plomo": "No", "Flag_Hg_Cinabrio": 0, "Status_Hg_Cinabrio": "No", "Flag_Sn_Estano": 0, "Status_Sn_Estano": "No", "Flag_Fe_Hierro": 0, "Status_Fe_Hierro": "No", "Tech_Ruina_Montium": 1, "Tech_Subterranea": 0, "Tech_Cielo_Abierto": 1, "Tech_Lavado_Placer": 0, "Certainty_Spatial": 1.0, "Certainty_Archaeological": 1.0, "Certainty_Metallogenic": 1.0, "Certainty_Score": 1.0, "Certainty_Grade": "Alta Certeza (Grado I)" }, "geometry": { "type": "Point", "coordinates": [ -7.143739, 42.664408 ] } },
{ "type": "Feature", "properties": { "mineID": 1180, "site": "Río Lor 2: Torubio East", "ancientName": null, "province": "Hispania Tarraconensis", "country": "Spain", "region": "Lugo", "miningDistrict": "Cuenca media del Sil", "romanianRANID": null, "sanchezPalenciaAndOrejasID": "MS-091", "domergueID": "LU 13.2.4", "spainMapSheet": 156.0, "lambertX": 320.2, "lambertY": 899.7, "latitude": 42.656215, "longitude": -7.105088, "coordinateAccuracy": 100.0, "locationDataSource": "Converted in QGIS from Lambert coords, Madrid 1870; adjusted with reference to IGN map and Google Earth", "locationNotes": null, "notBeforeOpeningDate": null, "notAfterOpeningDate": null, "notBeforeClosingDate": null, "notAfterClosingDate": null, "inUseDate": null, "metalMinedGold": "TRUE", "metalMinedSilver": 0.0, "metalMinedLead": 0.0, "metalMinedCopper": 0.0, "metalMinedTin": 0.0, "metalMinedIron": 0.0, "metalMinedMercuryCinnabar": 0.0, "metalMinedZinc": 0.0, "metalMinedOther": 0.0, "description": null, "references": "Domergue 1987: 352; Domergue 1990: 41; Sanchez-Palencia and Orejas 1994: 196", "techniqueOpencast": 1.0, "techniqueUnderground": 0.0, "techniqueHydraulic": "TRUE", "techniqueHushing": "FALSE", "techniqueGroundSluicing": "FALSE", "techniqueRuinaMontium": 0.0, "techniqueRakeComb": 1.0, "techniqueGoldWashing": 0.0, "techniqueOther": 0.0, "notes": null, "geology": "Quaternary terrace", "depositType": "Primary", "exploitationType": "Extensive", "Flag_Au_Oro": 1, "Status_Au_Oro": "Confirmado", "Flag_Ag_Plata": 0, "Status_Ag_Plata": "No", "Flag_Cu_Cobre": 0, "Status_Cu_Cobre": "No", "Flag_Pb_Plomo": 0, "Status_Pb_Plomo": "No", "Flag_Hg_Cinabrio": 0, "Status_Hg_Cinabrio": "No", "Flag_Sn_Estano": 0, "Status_Sn_Estano": "No", "Flag_Fe_Hierro": 0, "Status_Fe_Hierro": "No", "Tech_Ruina_Montium": 1, "Tech_Subterranea": 0, "Tech_Cielo_Abierto": 1, "Tech_Lavado_Placer": 0, "Certainty_Spatial": 1.0, "Certainty_Archaeological": 1.0, "Certainty_Metallogenic": 1.0, "Certainty_Score": 1.0, "Certainty_Grade": "Alta Certeza (Grado I)" }, "geometry": { "type": "Point", "coordinates": [ -7.105088, 42.656215 ] } },
{ "type": "Feature", "properties": { "mineID": 1181, "site": "Río Lor 2: Torubio West", "ancientName": null, "province": "Hispania Tarraconensis", "country": "Spain", "region": "Lugo", "miningDistrict": "Cuenca media del Sil", "romanianRANID": null, "sanchezPalenciaAndOrejasID": "MS-090", "domergueID": "LU 13.2.3", "spainMapSheet": 156.0, "lambertX": 319.6, "lambertY": 899.9, "latitude": 42.652669, "longitude": -7.114141, "coordinateAccuracy": 0.0, "locationDataSource": "Converted in QGIS from Lambert coords, Madrid 1870; adjusted with reference to IGN map and Google Earth", "locationNotes": "Checked on ground by AIW, September 2018", "notBeforeOpeningDate": null, "notAfterOpeningDate": null, "notBeforeClosingDate": null, "notAfterClosingDate": null, "inUseDate": null, "metalMinedGold": "TRUE", "metalMinedSilver": 0.0, "metalMinedLead": 0.0, "metalMinedCopper": 0.0, "metalMinedTin": 0.0, "metalMinedIron": 0.0, "metalMinedMercuryCinnabar": 0.0, "metalMinedZinc": 0.0, "metalMinedOther": 0.0, "description": null, "references": "Domergue 1987: 352; Domergue 1990: 41; Sanchez-Palencia and Orejas 1994: 196", "techniqueOpencast": 1.0, "techniqueUnderground": 0.0, "techniqueHydraulic": "TRUE", "techniqueHushing": "FALSE", "techniqueGroundSluicing": "FALSE", "techniqueRuinaMontium": 0.0, "techniqueRakeComb": 1.0, "techniqueGoldWashing": 0.0, "techniqueOther": 0.0, "notes": null, "geology": "Quaternary terrace", "depositType": "Primary", "exploitationType": "Extensive", "Flag_Au_Oro": 1, "Status_Au_Oro": "Confirmado", "Flag_Ag_Plata": 0, "Status_Ag_Plata": "No", "Flag_Cu_Cobre": 0, "Status_Cu_Cobre": "No", "Flag_Pb_Plomo": 0, "Status_Pb_Plomo": "No", "Flag_Hg_Cinabrio": 0, "Status_Hg_Cinabrio": "No", "Flag_Sn_Estano": 0, "Status_Sn_Estano": "No", "Flag_Fe_Hierro": 0, "Status_Fe_Hierro": "No", "Tech_Ruina_Montium": 1, "Tech_Subterranea": 0, "Tech_Cielo_Abierto": 1, "Tech_Lavado_Placer": 0, "Certainty_Spatial": 1.0, "Certainty_Archaeological": 1.0, "Certainty_Metallogenic": 1.0, "Certainty_Score": 1.0, "Certainty_Grade": "Alta Certeza (Grado I)" }, "geometry": { "type": "Point", "coordinates": [ -7.114141, 42.652669 ] } },
{ "type": "Feature", "properties": { "mineID": 1182, "site": "Río Miño 1: Astariz / Razamonde", "ancientName": null, "province": "Hispania Tarraconensis", "country": "Spain", "region": "Orense", "miningDistrict": "Cuenca media del Miño", "romanianRANID": null, "sanchezPalenciaAndOrejasID": "MM-12", "domergueID": "OR 3.c", "spainMapSheet": 225.0, "lambertX": 241.4, "lambertY": 867.3, "latitude": 42.33013178, "longitude": -8.041866241, "coordinateAccuracy": 100.0, "locationDataSource": "Converted in QGIS from Lambert coords, Madrid 1870", "locationNotes": null, "notBeforeOpeningDate": null, "notAfterOpeningDate": null, "notBeforeClosingDate": null, "notAfterClosingDate": null, "inUseDate": null, "metalMinedGold": "TRUE", "metalMinedSilver": 0.0, "metalMinedLead": 0.0, "metalMinedCopper": 0.0, "metalMinedTin": 0.0, "metalMinedIron": 0.0, "metalMinedMercuryCinnabar": 0.0, "metalMinedZinc": 0.0, "metalMinedOther": 0.0, "description": null, "references": "Domergue 1990: 41; Sanchez-Palencia and Orejas 1994, 194", "techniqueOpencast": 1.0, "techniqueUnderground": 0.0, "techniqueHydraulic": "TRUE", "techniqueHushing": "FALSE", "techniqueGroundSluicing": "FALSE", "techniqueRuinaMontium": 0.0, "techniqueRakeComb": 1.0, "techniqueGoldWashing": 0.0, "techniqueOther": 0.0, "notes": null, "geology": "Quaternary terrace", "depositType": "Secondary", "exploitationType": "Extensive", "Flag_Au_Oro": 1, "Status_Au_Oro": "Confirmado", "Flag_Ag_Plata": 0, "Status_Ag_Plata": "No", "Flag_Cu_Cobre": 0, "Status_Cu_Cobre": "No", "Flag_Pb_Plomo": 0, "Status_Pb_Plomo": "No", "Flag_Hg_Cinabrio": 0, "Status_Hg_Cinabrio": "No", "Flag_Sn_Estano": 0, "Status_Sn_Estano": "No", "Flag_Fe_Hierro": 0, "Status_Fe_Hierro": "No", "Tech_Ruina_Montium": 1, "Tech_Subterranea": 0, "Tech_Cielo_Abierto": 1, "Tech_Lavado_Placer": 0, "Certainty_Spatial": 1.0, "Certainty_Archaeological": 1.0, "Certainty_Metallogenic": 1.0, "Certainty_Score": 1.0, "Certainty_Grade": "Alta Certeza (Grado I)" }, "geometry": { "type": "Point", "coordinates": [ -8.041866241, 42.33013178 ] } },
{ "type": "Feature", "properties": { "mineID": 1183, "site": "Río Miño 1: Carretera / Puga", "ancientName": null, "province": "Hispania Tarraconensis", "country": "Spain", "region": "Orense", "miningDistrict": "Cuenca media del Miño", "romanianRANID": null, "sanchezPalenciaAndOrejasID": "MM-10", "domergueID": "OR 3.a", "spainMapSheet": 225.0, "lambertX": 243.9, "lambertY": 866.6, "latitude": 42.32493061, "longitude": -8.011148454000001, "coordinateAccuracy": 100.0, "locationDataSource": "Converted in QGIS from Lambert coords, Madrid 1870", "locationNotes": null, "notBeforeOpeningDate": null, "notAfterOpeningDate": null, "notBeforeClosingDate": null, "notAfterClosingDate": null, "inUseDate": null, "metalMinedGold": "TRUE", "metalMinedSilver": 0.0, "metalMinedLead": 0.0, "metalMinedCopper": 0.0, "metalMinedTin": 0.0, "metalMinedIron": 0.0, "metalMinedMercuryCinnabar": 0.0, "metalMinedZinc": 0.0, "metalMinedOther": 0.0, "description": null, "references": "Domergue 1990: 41; Sanchez-Palencia and Orejas 1994, 194", "techniqueOpencast": 1.0, "techniqueUnderground": 0.0, "techniqueHydraulic": "TRUE", "techniqueHushing": "FALSE", "techniqueGroundSluicing": "FALSE", "techniqueRuinaMontium": 0.0, "techniqueRakeComb": 1.0, "techniqueGoldWashing": 0.0, "techniqueOther": 0.0, "notes": null, "geology": "Quaternary terrace", "depositType": "Secondary", "exploitationType": "Extensive", "Flag_Au_Oro": 1, "Status_Au_Oro": "Confirmado", "Flag_Ag_Plata": 0, "Status_Ag_Plata": "No", "Flag_Cu_Cobre": 0, "Status_Cu_Cobre": "No", "Flag_Pb_Plomo": 0, "Status_Pb_Plomo": "No", "Flag_Hg_Cinabrio": 0, "Status_Hg_Cinabrio": "No", "Flag_Sn_Estano": 0, "Status_Sn_Estano": "No", "Flag_Fe_Hierro": 0, "Status_Fe_Hierro": "No", "Tech_Ruina_Montium": 1, "Tech_Subterranea": 0, "Tech_Cielo_Abierto": 1, "Tech_Lavado_Placer": 0, "Certainty_Spatial": 1.0, "Certainty_Archaeological": 1.0, "Certainty_Metallogenic": 1.0, "Certainty_Score": 1.0, "Certainty_Grade": "Alta Certeza (Grado I)" }, "geometry": { "type": "Point", "coordinates": [ -8.011148454, 42.32493061 ] } },
{ "type": "Feature", "properties": { "mineID": 1184, "site": "Río Miño 1: Layas", "ancientName": null, "province": "Hispania Tarraconensis", "country": "Spain", "region": "Orense", "miningDistrict": "Cuenca media del Miño", "romanianRANID": null, "sanchezPalenciaAndOrejasID": "MM-11", "domergueID": "OR 3.b", "spainMapSheet": 225.0, "lambertX": 242.5, "lambertY": 867.3, "latitude": 42.33061473, "longitude": -8.028531771000001, "coordinateAccuracy": 100.0, "locationDataSource": "Converted in QGIS from Lambert coords, Madrid 1870", "locationNotes": null, "notBeforeOpeningDate": null, "notAfterOpeningDate": null, "notBeforeClosingDate": null, "notAfterClosingDate": null, "inUseDate": null, "metalMinedGold": "TRUE", "metalMinedSilver": 0.0, "metalMinedLead": 0.0, "metalMinedCopper": 0.0, "metalMinedTin": 0.0, "metalMinedIron": 0.0, "metalMinedMercuryCinnabar": 0.0, "metalMinedZinc": 0.0, "metalMinedOther": 0.0, "description": null, "references": "Domergue 1990: 41; Sanchez-Palencia and Orejas 1994, 194", "techniqueOpencast": 1.0, "techniqueUnderground": 0.0, "techniqueHydraulic": "TRUE", "techniqueHushing": "FALSE", "techniqueGroundSluicing": "FALSE", "techniqueRuinaMontium": 0.0, "techniqueRakeComb": 1.0, "techniqueGoldWashing": 0.0, "techniqueOther": 0.0, "notes": null, "geology": "Quaternary terrace", "depositType": "Secondary", "exploitationType": "Selective", "Flag_Au_Oro": 1, "Status_Au_Oro": "Confirmado", "Flag_Ag_Plata": 0, "Status_Ag_Plata": "No", "Flag_Cu_Cobre": 0, "Status_Cu_Cobre": "No", "Flag_Pb_Plomo": 0, "Status_Pb_Plomo": "No", "Flag_Hg_Cinabrio": 0, "Status_Hg_Cinabrio": "No", "Flag_Sn_Estano": 0, "Status_Sn_Estano": "No", "Flag_Fe_Hierro": 0, "Status_Fe_Hierro": "No", "Tech_Ruina_Montium": 1, "Tech_Subterranea": 0, "Tech_Cielo_Abierto": 1, "Tech_Lavado_Placer": 0, "Certainty_Spatial": 1.0, "Certainty_Archaeological": 1.0, "Certainty_Metallogenic": 1.0, "Certainty_Score": 1.0, "Certainty_Grade": "Alta Certeza (Grado I)" }, "geometry": { "type": "Point", "coordinates": [ -8.028531771, 42.33061473 ] } },
{ "type": "Feature", "properties": { "mineID": 1185, "site": "Río Miño 1: Prado", "ancientName": null, "province": "Hispania Tarraconensis", "country": "Spain", "region": "Orense", "miningDistrict": "Cuenca media del Miño", "romanianRANID": null, "sanchezPalenciaAndOrejasID": null, "domergueID": "OR 3.d", "spainMapSheet": 225.0, "lambertX": 239.5, "lambertY": 886.0, "latitude": 42.49748585, "longitude": -8.07606624, "coordinateAccuracy": 100.0, "locationDataSource": "Converted in QGIS from Lambert coords, Madrid 1870", "locationNotes": "This is almost certainly misplaced and should be with the other OR 3 sites", "notBeforeOpeningDate": null, "notAfterOpeningDate": null, "notBeforeClosingDate": null, "notAfterClosingDate": null, "inUseDate": null, "metalMinedGold": "TRUE", "metalMinedSilver": 0.0, "metalMinedLead": 0.0, "metalMinedCopper": 0.0, "metalMinedTin": 0.0, "metalMinedIron": 0.0, "metalMinedMercuryCinnabar": 0.0, "metalMinedZinc": 0.0, "metalMinedOther": 0.0, "description": null, "references": "Domergue 1990: 41", "techniqueOpencast": 1.0, "techniqueUnderground": 0.0, "techniqueHydraulic": "TRUE", "techniqueHushing": "FALSE", "techniqueGroundSluicing": "FALSE", "techniqueRuinaMontium": 0.0, "techniqueRakeComb": 1.0, "techniqueGoldWashing": 0.0, "techniqueOther": 0.0, "notes": null, "geology": "Quaternary terrace", "depositType": null, "exploitationType": null, "Flag_Au_Oro": 1, "Status_Au_Oro": "Confirmado", "Flag_Ag_Plata": 0, "Status_Ag_Plata": "No", "Flag_Cu_Cobre": 0, "Status_Cu_Cobre": "No", "Flag_Pb_Plomo": 0, "Status_Pb_Plomo": "No", "Flag_Hg_Cinabrio": 0, "Status_Hg_Cinabrio": "No", "Flag_Sn_Estano": 0, "Status_Sn_Estano": "No", "Flag_Fe_Hierro": 0, "Status_Fe_Hierro": "No", "Tech_Ruina_Montium": 1, "Tech_Subterranea": 0, "Tech_Cielo_Abierto": 1, "Tech_Lavado_Placer": 0, "Certainty_Spatial": 1.0, "Certainty_Archaeological": 0.9, "Certainty_Metallogenic": 1.0, "Certainty_Score": 0.965, "Certainty_Grade": "Alta Certeza (Grado I)" }, "geometry": { "type": "Point", "coordinates": [ -8.07606624, 42.49748585 ] } },
{ "type": "Feature", "properties": { "mineID": 1186, "site": "Río Miño 1: Seijo / Grova - Seixo - Chavola", "ancientName": null, "province": "Hispania Tarraconensis", "country": "Spain", "region": "Orense", "miningDistrict": "Cuenca media del Miño", "romanianRANID": null, "sanchezPalenciaAndOrejasID": "MM-13", "domergueID": "OR 3.e", "spainMapSheet": 225.0, "lambertX": 237.5, "lambertY": 865.3, "latitude": 42.31041778, "longitude": -8.087943747000001, "coordinateAccuracy": 100.0, "locationDataSource": "Converted in QGIS from Lambert coords, Madrid 1870", "locationNotes": null, "notBeforeOpeningDate": null, "notAfterOpeningDate": null, "notBeforeClosingDate": null, "notAfterClosingDate": null, "inUseDate": null, "metalMinedGold": "TRUE", "metalMinedSilver": 0.0, "metalMinedLead": 0.0, "metalMinedCopper": 0.0, "metalMinedTin": 0.0, "metalMinedIron": 0.0, "metalMinedMercuryCinnabar": 0.0, "metalMinedZinc": 0.0, "metalMinedOther": 0.0, "description": null, "references": "Domergue 1990: 41; Sanchez-Palencia and Orejas 1994, 194", "techniqueOpencast": 1.0, "techniqueUnderground": 0.0, "techniqueHydraulic": "TRUE", "techniqueHushing": "FALSE", "techniqueGroundSluicing": "FALSE", "techniqueRuinaMontium": 0.0, "techniqueRakeComb": 1.0, "techniqueGoldWashing": 0.0, "techniqueOther": 0.0, "notes": null, "geology": "Quaternary terrace", "depositType": "Secondary", "exploitationType": "Selective", "Flag_Au_Oro": 1, "Status_Au_Oro": "Confirmado", "Flag_Ag_Plata": 0, "Status_Ag_Plata": "No", "Flag_Cu_Cobre": 0, "Status_Cu_Cobre": "No", "Flag_Pb_Plomo": 0, "Status_Pb_Plomo": "No", "Flag_Hg_Cinabrio": 0, "Status_Hg_Cinabrio": "No", "Flag_Sn_Estano": 0, "Status_Sn_Estano": "No", "Flag_Fe_Hierro": 0, "Status_Fe_Hierro": "No", "Tech_Ruina_Montium": 1, "Tech_Subterranea": 0, "Tech_Cielo_Abierto": 1, "Tech_Lavado_Placer": 0, "Certainty_Spatial": 1.0, "Certainty_Archaeological": 1.0, "Certainty_Metallogenic": 1.0, "Certainty_Score": 1.0, "Certainty_Grade": "Alta Certeza (Grado I)" }, "geometry": { "type": "Point", "coordinates": [ -8.087943747, 42.31041778 ] } },
{ "type": "Feature", "properties": { "mineID": 1187, "site": "Río Miño 2: Salvatierra", "ancientName": null, "province": "Hispania Tarraconensis", "country": "Spain", "region": "Pontevedra", "miningDistrict": "Cuenca media del Miño", "romanianRANID": null, "sanchezPalenciaAndOrejasID": null, "domergueID": "PO 1.f", "spainMapSheet": 262.0, "lambertX": 201.5, "lambertY": 842.5, "latitude": 42.0885725, "longitude": -8.509139932, "coordinateAccuracy": 100.0, "locationDataSource": "Converted in QGIS from Lambert coords, Madrid 1870", "locationNotes": null, "notBeforeOpeningDate": null, "notAfterOpeningDate": null, "notBeforeClosingDate": null, "notAfterClosingDate": null, "inUseDate": null, "metalMinedGold": "TRUE", "metalMinedSilver": 0.0, "metalMinedLead": 0.0, "metalMinedCopper": 0.0, "metalMinedTin": 0.0, "metalMinedIron": 0.0, "metalMinedMercuryCinnabar": 0.0, "metalMinedZinc": 0.0, "metalMinedOther": 0.0, "description": null, "references": "Domergue 1990: 41", "techniqueOpencast": 1.0, "techniqueUnderground": 0.0, "techniqueHydraulic": "TRUE", "techniqueHushing": "FALSE", "techniqueGroundSluicing": "FALSE", "techniqueRuinaMontium": 0.0, "techniqueRakeComb": 1.0, "techniqueGoldWashing": 0.0, "techniqueOther": 0.0, "notes": null, "geology": "Quaternary terrace", "depositType": null, "exploitationType": null, "Flag_Au_Oro": 1, "Status_Au_Oro": "Confirmado", "Flag_Ag_Plata": 0, "Status_Ag_Plata": "No", "Flag_Cu_Cobre": 0, "Status_Cu_Cobre": "No", "Flag_Pb_Plomo": 0, "Status_Pb_Plomo": "No", "Flag_Hg_Cinabrio": 0, "Status_Hg_Cinabrio": "No", "Flag_Sn_Estano": 0, "Status_Sn_Estano": "No", "Flag_Fe_Hierro": 0, "Status_Fe_Hierro": "No", "Tech_Ruina_Montium": 1, "Tech_Subterranea": 0, "Tech_Cielo_Abierto": 1, "Tech_Lavado_Placer": 0, "Certainty_Spatial": 1.0, "Certainty_Archaeological": 0.9, "Certainty_Metallogenic": 1.0, "Certainty_Score": 0.965, "Certainty_Grade": "Alta Certeza (Grado I)" }, "geometry": { "type": "Point", "coordinates": [ -8.509139932, 42.0885725 ] } },
{ "type": "Feature", "properties": { "mineID": 1188, "site": "Río Miño 2: Salvatierra: Las Nieves", "ancientName": null, "province": "Hispania Tarraconensis", "country": "Spain", "region": "Pontevedra", "miningDistrict": "Cuenca media del Miño", "romanianRANID": null, "sanchezPalenciaAndOrejasID": null, "domergueID": "PO 1.c", "spainMapSheet": 262.0, "lambertX": 208.7, "lambertY": 840.5, "latitude": 42.07405709, "longitude": -8.420913246, "coordinateAccuracy": 100.0, "locationDataSource": "Converted in QGIS from Lambert coords, Madrid 1870", "locationNotes": null, "notBeforeOpeningDate": null, "notAfterOpeningDate": null, "notBeforeClosingDate": null, "notAfterClosingDate": null, "inUseDate": null, "metalMinedGold": "TRUE", "metalMinedSilver": 0.0, "metalMinedLead": 0.0, "metalMinedCopper": 0.0, "metalMinedTin": 0.0, "metalMinedIron": 0.0, "metalMinedMercuryCinnabar": 0.0, "metalMinedZinc": 0.0, "metalMinedOther": 0.0, "description": null, "references": "Domergue 1990: 41", "techniqueOpencast": 1.0, "techniqueUnderground": 0.0, "techniqueHydraulic": "TRUE", "techniqueHushing": "FALSE", "techniqueGroundSluicing": "FALSE", "techniqueRuinaMontium": 0.0, "techniqueRakeComb": 1.0, "techniqueGoldWashing": 0.0, "techniqueOther": 0.0, "notes": null, "geology": "Quaternary terrace", "depositType": null, "exploitationType": null, "Flag_Au_Oro": 1, "Status_Au_Oro": "Confirmado", "Flag_Ag_Plata": 0, "Status_Ag_Plata": "No", "Flag_Cu_Cobre": 0, "Status_Cu_Cobre": "No", "Flag_Pb_Plomo": 0, "Status_Pb_Plomo": "No", "Flag_Hg_Cinabrio": 0, "Status_Hg_Cinabrio": "No", "Flag_Sn_Estano": 0, "Status_Sn_Estano": "No", "Flag_Fe_Hierro": 0, "Status_Fe_Hierro": "No", "Tech_Ruina_Montium": 1, "Tech_Subterranea": 0, "Tech_Cielo_Abierto": 1, "Tech_Lavado_Placer": 0, "Certainty_Spatial": 1.0, "Certainty_Archaeological": 0.9, "Certainty_Metallogenic": 1.0, "Certainty_Score": 0.965, "Certainty_Grade": "Alta Certeza (Grado I)" }, "geometry": { "type": "Point", "coordinates": [ -8.420913246, 42.07405709 ] } },
{ "type": "Feature", "properties": { "mineID": 1189, "site": "Río Miño 2: Salvatierra: Las Nieves", "ancientName": null, "province": "Hispania Tarraconensis", "country": "Spain", "region": "Pontevedra", "miningDistrict": "Cuenca media del Miño", "romanianRANID": null, "sanchezPalenciaAndOrejasID": null, "domergueID": "PO 1.d", "spainMapSheet": 262.0, "lambertX": 208.0, "lambertY": 840.6, "latitude": 42.07462164, "longitude": -8.429428437, "coordinateAccuracy": 100.0, "locationDataSource": "Converted in QGIS from Lambert coords, Madrid 1870", "locationNotes": null, "notBeforeOpeningDate": null, "notAfterOpeningDate": null, "notBeforeClosingDate": null, "notAfterClosingDate": null, "inUseDate": null, "metalMinedGold": "TRUE", "metalMinedSilver": 0.0, "metalMinedLead": 0.0, "metalMinedCopper": 0.0, "metalMinedTin": 0.0, "metalMinedIron": 0.0, "metalMinedMercuryCinnabar": 0.0, "metalMinedZinc": 0.0, "metalMinedOther": 0.0, "description": null, "references": "Domergue 1990: 41", "techniqueOpencast": 1.0, "techniqueUnderground": 0.0, "techniqueHydraulic": "TRUE", "techniqueHushing": "FALSE", "techniqueGroundSluicing": "FALSE", "techniqueRuinaMontium": 0.0, "techniqueRakeComb": 1.0, "techniqueGoldWashing": 0.0, "techniqueOther": 0.0, "notes": null, "geology": "Quaternary terrace", "depositType": null, "exploitationType": null, "Flag_Au_Oro": 1, "Status_Au_Oro": "Confirmado", "Flag_Ag_Plata": 0, "Status_Ag_Plata": "No", "Flag_Cu_Cobre": 0, "Status_Cu_Cobre": "No", "Flag_Pb_Plomo": 0, "Status_Pb_Plomo": "No", "Flag_Hg_Cinabrio": 0, "Status_Hg_Cinabrio": "No", "Flag_Sn_Estano": 0, "Status_Sn_Estano": "No", "Flag_Fe_Hierro": 0, "Status_Fe_Hierro": "No", "Tech_Ruina_Montium": 1, "Tech_Subterranea": 0, "Tech_Cielo_Abierto": 1, "Tech_Lavado_Placer": 0, "Certainty_Spatial": 1.0, "Certainty_Archaeological": 0.9, "Certainty_Metallogenic": 1.0, "Certainty_Score": 0.965, "Certainty_Grade": "Alta Certeza (Grado I)" }, "geometry": { "type": "Point", "coordinates": [ -8.429428437, 42.07462164 ] } },
{ "type": "Feature", "properties": { "mineID": 1190, "site": "Río Miño 2: Salvatierra: Medanes", "ancientName": null, "province": "Hispania Tarraconensis", "country": "Spain", "region": "Pontevedra", "miningDistrict": "Cuenca media del Miño", "romanianRANID": null, "sanchezPalenciaAndOrejasID": null, "domergueID": "PO 1.b", "spainMapSheet": 262.0, "lambertX": 211.8, "lambertY": 841.0, "latitude": 42.08003087, "longitude": -8.383805077, "coordinateAccuracy": 100.0, "locationDataSource": "Converted in QGIS from Lambert coords, Madrid 1870", "locationNotes": null, "notBeforeOpeningDate": null, "notAfterOpeningDate": null, "notBeforeClosingDate": null, "notAfterClosingDate": null, "inUseDate": null, "metalMinedGold": "TRUE", "metalMinedSilver": 0.0, "metalMinedLead": 0.0, "metalMinedCopper": 0.0, "metalMinedTin": 0.0, "metalMinedIron": 0.0, "metalMinedMercuryCinnabar": 0.0, "metalMinedZinc": 0.0, "metalMinedOther": 0.0, "description": null, "references": "Domergue 1990: 41", "techniqueOpencast": 1.0, "techniqueUnderground": 0.0, "techniqueHydraulic": "TRUE", "techniqueHushing": "FALSE", "techniqueGroundSluicing": "FALSE", "techniqueRuinaMontium": 0.0, "techniqueRakeComb": 1.0, "techniqueGoldWashing": 0.0, "techniqueOther": 0.0, "notes": null, "geology": "Quaternary terrace", "depositType": null, "exploitationType": null, "Flag_Au_Oro": 1, "Status_Au_Oro": "Confirmado", "Flag_Ag_Plata": 0, "Status_Ag_Plata": "No", "Flag_Cu_Cobre": 0, "Status_Cu_Cobre": "No", "Flag_Pb_Plomo": 0, "Status_Pb_Plomo": "No", "Flag_Hg_Cinabrio": 0, "Status_Hg_Cinabrio": "No", "Flag_Sn_Estano": 0, "Status_Sn_Estano": "No", "Flag_Fe_Hierro": 0, "Status_Fe_Hierro": "No", "Tech_Ruina_Montium": 1, "Tech_Subterranea": 0, "Tech_Cielo_Abierto": 1, "Tech_Lavado_Placer": 0, "Certainty_Spatial": 1.0, "Certainty_Archaeological": 0.9, "Certainty_Metallogenic": 1.0, "Certainty_Score": 0.965, "Certainty_Grade": "Alta Certeza (Grado I)" }, "geometry": { "type": "Point", "coordinates": [ -8.383805077, 42.08003087 ] } },
{ "type": "Feature", "properties": { "mineID": 1191, "site": "Río Miño 2: Salvatierra: San Juan de Barcela", "ancientName": null, "province": "Hispania Tarraconensis", "country": "Spain", "region": "Pontevedra", "miningDistrict": "Cuenca media del Miño", "romanianRANID": null, "sanchezPalenciaAndOrejasID": null, "domergueID": "PO 1.a", "spainMapSheet": 262.0, "lambertX": 215.6, "lambertY": 841.8, "latitude": 42.08902083, "longitude": -8.338426528, "coordinateAccuracy": 100.0, "locationDataSource": "Converted in QGIS from Lambert coords, Madrid 1870", "locationNotes": null, "notBeforeOpeningDate": null, "notAfterOpeningDate": null, "notBeforeClosingDate": null, "notAfterClosingDate": null, "inUseDate": null, "metalMinedGold": "TRUE", "metalMinedSilver": 0.0, "metalMinedLead": 0.0, "metalMinedCopper": 0.0, "metalMinedTin": 0.0, "metalMinedIron": 0.0, "metalMinedMercuryCinnabar": 0.0, "metalMinedZinc": 0.0, "metalMinedOther": 0.0, "description": null, "references": "Domergue 1990: 41", "techniqueOpencast": 1.0, "techniqueUnderground": 0.0, "techniqueHydraulic": "TRUE", "techniqueHushing": "FALSE", "techniqueGroundSluicing": "FALSE", "techniqueRuinaMontium": 0.0, "techniqueRakeComb": 1.0, "techniqueGoldWashing": 0.0, "techniqueOther": 0.0, "notes": null, "geology": "Quaternary terrace", "depositType": null, "exploitationType": null, "Flag_Au_Oro": 1, "Status_Au_Oro": "Confirmado", "Flag_Ag_Plata": 0, "Status_Ag_Plata": "No", "Flag_Cu_Cobre": 0, "Status_Cu_Cobre": "No", "Flag_Pb_Plomo": 0, "Status_Pb_Plomo": "No", "Flag_Hg_Cinabrio": 0, "Status_Hg_Cinabrio": "No", "Flag_Sn_Estano": 0, "Status_Sn_Estano": "No", "Flag_Fe_Hierro": 0, "Status_Fe_Hierro": "No", "Tech_Ruina_Montium": 1, "Tech_Subterranea": 0, "Tech_Cielo_Abierto": 1, "Tech_Lavado_Placer": 0, "Certainty_Spatial": 1.0, "Certainty_Archaeological": 0.9, "Certainty_Metallogenic": 1.0, "Certainty_Score": 0.965, "Certainty_Grade": "Alta Certeza (Grado I)" }, "geometry": { "type": "Point", "coordinates": [ -8.338426528, 42.08902083 ] } },
{ "type": "Feature", "properties": { "mineID": 1192, "site": "Río Miño 2: Salvatierra: Santa Maria de Oleiros", "ancientName": null, "province": "Hispania Tarraconensis", "country": "Spain", "region": "Pontevedra", "miningDistrict": "Cuenca media del Miño", "romanianRANID": null, "sanchezPalenciaAndOrejasID": null, "domergueID": "PO 1.e", "spainMapSheet": 262.0, "lambertX": 205.4, "lambertY": 842.4, "latitude": 42.08956293, "longitude": -8.461982174, "coordinateAccuracy": 100.0, "locationDataSource": "Converted in QGIS from Lambert coords, Madrid 1870", "locationNotes": null, "notBeforeOpeningDate": null, "notAfterOpeningDate": null, "notBeforeClosingDate": null, "notAfterClosingDate": null, "inUseDate": null, "metalMinedGold": "TRUE", "metalMinedSilver": 0.0, "metalMinedLead": 0.0, "metalMinedCopper": 0.0, "metalMinedTin": 0.0, "metalMinedIron": 0.0, "metalMinedMercuryCinnabar": 0.0, "metalMinedZinc": 0.0, "metalMinedOther": 0.0, "description": null, "references": "Domergue 1990: 41", "techniqueOpencast": 1.0, "techniqueUnderground": 0.0, "techniqueHydraulic": "TRUE", "techniqueHushing": "FALSE", "techniqueGroundSluicing": "FALSE", "techniqueRuinaMontium": 0.0, "techniqueRakeComb": 1.0, "techniqueGoldWashing": 0.0, "techniqueOther": 0.0, "notes": null, "geology": "Quaternary terrace", "depositType": null, "exploitationType": null, "Flag_Au_Oro": 1, "Status_Au_Oro": "Confirmado", "Flag_Ag_Plata": 0, "Status_Ag_Plata": "No", "Flag_Cu_Cobre": 0, "Status_Cu_Cobre": "No", "Flag_Pb_Plomo": 0, "Status_Pb_Plomo": "No", "Flag_Hg_Cinabrio": 0, "Status_Hg_Cinabrio": "No", "Flag_Sn_Estano": 0, "Status_Sn_Estano": "No", "Flag_Fe_Hierro": 0, "Status_Fe_Hierro": "No", "Tech_Ruina_Montium": 1, "Tech_Subterranea": 0, "Tech_Cielo_Abierto": 1, "Tech_Lavado_Placer": 0, "Certainty_Spatial": 1.0, "Certainty_Archaeological": 0.9, "Certainty_Metallogenic": 1.0, "Certainty_Score": 0.965, "Certainty_Grade": "Alta Certeza (Grado I)" }, "geometry": { "type": "Point", "coordinates": [ -8.461982174, 42.08956293 ] } },
{ "type": "Feature", "properties": { "mineID": 1193, "site": "Río Navia 1: arroyo Santa Marina", "ancientName": null, "province": "Hispania Tarraconensis", "country": "Spain", "region": "Lugo", "miningDistrict": "Cuenca Alta del Miño", "romanianRANID": null, "sanchezPalenciaAndOrejasID": null, "domergueID": "LU 3.3", "spainMapSheet": 99.0, "lambertX": 323.5, "lambertY": 925.3, "latitude": 42.888246, "longitude": -7.073463, "coordinateAccuracy": 100.0, "locationDataSource": "Converted in QGIS from Lambert coords, Madrid 1870, adjusted with reference to Google Earth and IGN map", "locationNotes": null, "notBeforeOpeningDate": null, "notAfterOpeningDate": null, "notBeforeClosingDate": null, "notAfterClosingDate": null, "inUseDate": null, "metalMinedGold": "TRUE", "metalMinedSilver": 0.0, "metalMinedLead": 0.0, "metalMinedCopper": 0.0, "metalMinedTin": 0.0, "metalMinedIron": 0.0, "metalMinedMercuryCinnabar": 0.0, "metalMinedZinc": 0.0, "metalMinedOther": 0.0, "description": null, "references": "Domergue 1990: 41", "techniqueOpencast": 0.0, "techniqueUnderground": 0.0, "techniqueHydraulic": "TRUE", "techniqueHushing": "FALSE", "techniqueGroundSluicing": "FALSE", "techniqueRuinaMontium": 0.0, "techniqueRakeComb": 1.0, "techniqueGoldWashing": 0.0, "techniqueOther": 0.0, "notes": null, "geology": "Quaternary terrace", "depositType": null, "exploitationType": null, "Flag_Au_Oro": 1, "Status_Au_Oro": "Confirmado", "Flag_Ag_Plata": 0, "Status_Ag_Plata": "No", "Flag_Cu_Cobre": 0, "Status_Cu_Cobre": "No", "Flag_Pb_Plomo": 0, "Status_Pb_Plomo": "No", "Flag_Hg_Cinabrio": 0, "Status_Hg_Cinabrio": "No", "Flag_Sn_Estano": 0, "Status_Sn_Estano": "No", "Flag_Fe_Hierro": 0, "Status_Fe_Hierro": "No", "Tech_Ruina_Montium": 1, "Tech_Subterranea": 0, "Tech_Cielo_Abierto": 1, "Tech_Lavado_Placer": 0, "Certainty_Spatial": 1.0, "Certainty_Archaeological": 0.9, "Certainty_Metallogenic": 1.0, "Certainty_Score": 0.965, "Certainty_Grade": "Alta Certeza (Grado I)" }, "geometry": { "type": "Point", "coordinates": [ -7.073463, 42.888246 ] } },
{ "type": "Feature", "properties": { "mineID": 1194, "site": "Río Navia 1: Cervantes", "ancientName": null, "province": "Hispania Tarraconensis", "country": "Spain", "region": "Lugo", "miningDistrict": "Cuenca Alta del Miño", "romanianRANID": null, "sanchezPalenciaAndOrejasID": null, "domergueID": "LU 3.1", "spainMapSheet": 99.0, "lambertX": 323.0, "lambertY": 923.8, "latitude": 42.87026019, "longitude": -7.078290018, "coordinateAccuracy": 100.0, "locationDataSource": "Converted in QGIS from Lambert coords, Madrid 1870", "locationNotes": null, "notBeforeOpeningDate": null, "notAfterOpeningDate": null, "notBeforeClosingDate": null, "notAfterClosingDate": null, "inUseDate": null, "metalMinedGold": "TRUE", "metalMinedSilver": 0.0, "metalMinedLead": 0.0, "metalMinedCopper": 0.0, "metalMinedTin": 0.0, "metalMinedIron": 0.0, "metalMinedMercuryCinnabar": 0.0, "metalMinedZinc": 0.0, "metalMinedOther": 0.0, "description": null, "references": "Domergue 1990: 41", "techniqueOpencast": 0.0, "techniqueUnderground": 0.0, "techniqueHydraulic": "TRUE", "techniqueHushing": "FALSE", "techniqueGroundSluicing": "FALSE", "techniqueRuinaMontium": 0.0, "techniqueRakeComb": 1.0, "techniqueGoldWashing": 0.0, "techniqueOther": 0.0, "notes": null, "geology": "Quaternary terrace", "depositType": null, "exploitationType": null, "Flag_Au_Oro": 1, "Status_Au_Oro": "Confirmado", "Flag_Ag_Plata": 0, "Status_Ag_Plata": "No", "Flag_Cu_Cobre": 0, "Status_Cu_Cobre": "No", "Flag_Pb_Plomo": 0, "Status_Pb_Plomo": "No", "Flag_Hg_Cinabrio": 0, "Status_Hg_Cinabrio": "No", "Flag_Sn_Estano": 0, "Status_Sn_Estano": "No", "Flag_Fe_Hierro": 0, "Status_Fe_Hierro": "No", "Tech_Ruina_Montium": 1, "Tech_Subterranea": 0, "Tech_Cielo_Abierto": 1, "Tech_Lavado_Placer": 0, "Certainty_Spatial": 1.0, "Certainty_Archaeological": 0.9, "Certainty_Metallogenic": 1.0, "Certainty_Score": 0.965, "Certainty_Grade": "Alta Certeza (Grado I)" }, "geometry": { "type": "Point", "coordinates": [ -7.078290018, 42.87026019 ] } },
{ "type": "Feature", "properties": { "mineID": 1195, "site": "Río Navia 1: Frayan de Arriba / Fraián", "ancientName": null, "province": "Hispania Tarraconensis", "country": "Spain", "region": "Lugo", "miningDistrict": "Cuenca Alta del Miño", "romanianRANID": null, "sanchezPalenciaAndOrejasID": "AN-03", "domergueID": "LU 3.4", "spainMapSheet": 99.0, "lambertX": 324.0, "lambertY": 927.0, "latitude": 42.8993839, "longitude": -7.067546514, "coordinateAccuracy": 100.0, "locationDataSource": "Converted in QGIS from Lambert coords, Madrid 1870", "locationNotes": null, "notBeforeOpeningDate": null, "notAfterOpeningDate": null, "notBeforeClosingDate": null, "notAfterClosingDate": null, "inUseDate": null, "metalMinedGold": "TRUE", "metalMinedSilver": 0.0, "metalMinedLead": 0.0, "metalMinedCopper": 0.0, "metalMinedTin": 0.0, "metalMinedIron": 0.0, "metalMinedMercuryCinnabar": 0.0, "metalMinedZinc": 0.0, "metalMinedOther": 0.0, "description": null, "references": "Domergue 1990: 41; Sanchez-Palencia and Orejas 1994, 188", "techniqueOpencast": 1.0, "techniqueUnderground": 0.0, "techniqueHydraulic": "TRUE", "techniqueHushing": "FALSE", "techniqueGroundSluicing": "FALSE", "techniqueRuinaMontium": 0.0, "techniqueRakeComb": 1.0, "techniqueGoldWashing": 0.0, "techniqueOther": 0.0, "notes": null, "geology": "Quaternary terrace", "depositType": "Secondary", "exploitationType": "Extensive", "Flag_Au_Oro": 1, "Status_Au_Oro": "Confirmado", "Flag_Ag_Plata": 0, "Status_Ag_Plata": "No", "Flag_Cu_Cobre": 0, "Status_Cu_Cobre": "No", "Flag_Pb_Plomo": 0, "Status_Pb_Plomo": "No", "Flag_Hg_Cinabrio": 0, "Status_Hg_Cinabrio": "No", "Flag_Sn_Estano": 0, "Status_Sn_Estano": "No", "Flag_Fe_Hierro": 0, "Status_Fe_Hierro": "No", "Tech_Ruina_Montium": 1, "Tech_Subterranea": 0, "Tech_Cielo_Abierto": 1, "Tech_Lavado_Placer": 0, "Certainty_Spatial": 1.0, "Certainty_Archaeological": 1.0, "Certainty_Metallogenic": 1.0, "Certainty_Score": 1.0, "Certainty_Grade": "Alta Certeza (Grado I)" }, "geometry": { "type": "Point", "coordinates": [ -7.067546514, 42.8993839 ] } },
{ "type": "Feature", "properties": { "mineID": 1196, "site": "Río Navia 1: sub-site 2 / Vilachá", "ancientName": null, "province": "Hispania Tarraconensis", "country": "Spain", "region": "Lugo", "miningDistrict": "Cuenca Alta del Miño", "romanianRANID": null, "sanchezPalenciaAndOrejasID": "AN-02", "domergueID": "LU 3.2", "spainMapSheet": 99.0, "lambertX": 323.0, "lambertY": 924.4, "latitude": 42.87565687, "longitude": -7.078569229, "coordinateAccuracy": 100.0, "locationDataSource": "Converted in QGIS from Lambert coords, Madrid 1870", "locationNotes": null, "notBeforeOpeningDate": null, "notAfterOpeningDate": null, "notBeforeClosingDate": null, "notAfterClosingDate": null, "inUseDate": null, "metalMinedGold": "TRUE", "metalMinedSilver": 0.0, "metalMinedLead": 0.0, "metalMinedCopper": 0.0, "metalMinedTin": 0.0, "metalMinedIron": 0.0, "metalMinedMercuryCinnabar": 0.0, "metalMinedZinc": 0.0, "metalMinedOther": 0.0, "description": null, "references": "Domergue 1990: 41; Sanchez-Palencia and Orejas 1994, 188", "techniqueOpencast": 1.0, "techniqueUnderground": 0.0, "techniqueHydraulic": "TRUE", "techniqueHushing": "FALSE", "techniqueGroundSluicing": "FALSE", "techniqueRuinaMontium": 0.0, "techniqueRakeComb": 1.0, "techniqueGoldWashing": 0.0, "techniqueOther": 0.0, "notes": null, "geology": "Quaternary terrace", "depositType": "Secondary", "exploitationType": "Selective", "Flag_Au_Oro": 1, "Status_Au_Oro": "Confirmado", "Flag_Ag_Plata": 0, "Status_Ag_Plata": "No", "Flag_Cu_Cobre": 0, "Status_Cu_Cobre": "No", "Flag_Pb_Plomo": 0, "Status_Pb_Plomo": "No", "Flag_Hg_Cinabrio": 0, "Status_Hg_Cinabrio": "No", "Flag_Sn_Estano": 0, "Status_Sn_Estano": "No", "Flag_Fe_Hierro": 0, "Status_Fe_Hierro": "No", "Tech_Ruina_Montium": 1, "Tech_Subterranea": 0, "Tech_Cielo_Abierto": 1, "Tech_Lavado_Placer": 0, "Certainty_Spatial": 1.0, "Certainty_Archaeological": 1.0, "Certainty_Metallogenic": 1.0, "Certainty_Score": 1.0, "Certainty_Grade": "Alta Certeza (Grado I)" }, "geometry": { "type": "Point", "coordinates": [ -7.078569229, 42.87565687 ] } },
{ "type": "Feature", "properties": { "mineID": 1197, "site": "Río Navia 1: sub-site 5", "ancientName": null, "province": "Hispania Tarraconensis", "country": "Spain", "region": "Lugo", "miningDistrict": "Cuenca Alta del Miño", "romanianRANID": null, "sanchezPalenciaAndOrejasID": null, "domergueID": "LU 3.5", "spainMapSheet": 99.0, "lambertX": 324.8, "lambertY": 927.1, "latitude": 42.90055588, "longitude": -7.057806165, "coordinateAccuracy": 100.0, "locationDataSource": "Converted in QGIS from Lambert coords, Madrid 1870", "locationNotes": null, "notBeforeOpeningDate": null, "notAfterOpeningDate": null, "notBeforeClosingDate": null, "notAfterClosingDate": null, "inUseDate": null, "metalMinedGold": "TRUE", "metalMinedSilver": 0.0, "metalMinedLead": 0.0, "metalMinedCopper": 0.0, "metalMinedTin": 0.0, "metalMinedIron": 0.0, "metalMinedMercuryCinnabar": 0.0, "metalMinedZinc": 0.0, "metalMinedOther": 0.0, "description": null, "references": "Domergue 1990: 41", "techniqueOpencast": 0.0, "techniqueUnderground": 0.0, "techniqueHydraulic": "TRUE", "techniqueHushing": "FALSE", "techniqueGroundSluicing": "FALSE", "techniqueRuinaMontium": 0.0, "techniqueRakeComb": 1.0, "techniqueGoldWashing": 0.0, "techniqueOther": 0.0, "notes": null, "geology": "Quaternary terrace", "depositType": null, "exploitationType": null, "Flag_Au_Oro": 1, "Status_Au_Oro": "Confirmado", "Flag_Ag_Plata": 0, "Status_Ag_Plata": "No", "Flag_Cu_Cobre": 0, "Status_Cu_Cobre": "No", "Flag_Pb_Plomo": 0, "Status_Pb_Plomo": "No", "Flag_Hg_Cinabrio": 0, "Status_Hg_Cinabrio": "No", "Flag_Sn_Estano": 0, "Status_Sn_Estano": "No", "Flag_Fe_Hierro": 0, "Status_Fe_Hierro": "No", "Tech_Ruina_Montium": 1, "Tech_Subterranea": 0, "Tech_Cielo_Abierto": 1, "Tech_Lavado_Placer": 0, "Certainty_Spatial": 1.0, "Certainty_Archaeological": 0.9, "Certainty_Metallogenic": 1.0, "Certainty_Score": 0.965, "Certainty_Grade": "Alta Certeza (Grado I)" }, "geometry": { "type": "Point", "coordinates": [ -7.057806165, 42.90055588 ] } },
{ "type": "Feature", "properties": { "mineID": 1200, "site": "Río Sil 1: El Carril / La Sufreira", "ancientName": null, "province": "Hispania Tarraconensis", "country": "Spain", "region": "León", "miningDistrict": "Cuenca media del Sil", "romanianRANID": null, "sanchezPalenciaAndOrejasID": "MS-006", "domergueID": "LE 8.4", "spainMapSheet": 158.0, "lambertX": 341.6, "lambertY": 882.5, "latitude": 42.50483568, "longitude": -6.833003242, "coordinateAccuracy": 100.0, "locationDataSource": "Converted in QGIS from Lambert coords, Madrid 1870", "locationNotes": "Domergue's \"Río Sil 1: El Carril\" = Sanchez-Palencia & Orejas \" La Sufreira\"", "notBeforeOpeningDate": null, "notAfterOpeningDate": null, "notBeforeClosingDate": null, "notAfterClosingDate": null, "inUseDate": null, "metalMinedGold": "TRUE", "metalMinedSilver": 0.0, "metalMinedLead": 0.0, "metalMinedCopper": 0.0, "metalMinedTin": 0.0, "metalMinedIron": 0.0, "metalMinedMercuryCinnabar": 0.0, "metalMinedZinc": 0.0, "metalMinedOther": 0.0, "description": null, "references": "Domergue 1990: 44; Sanchez-Palencia and Orejas 1994, 195", "techniqueOpencast": 1.0, "techniqueUnderground": 0.0, "techniqueHydraulic": "TRUE", "techniqueHushing": null, "techniqueGroundSluicing": null, "techniqueRuinaMontium": null, "techniqueRakeComb": null, "techniqueGoldWashing": null, "techniqueOther": null, "notes": null, "geology": "Terrace", "depositType": "Secondary", "exploitationType": "Selective - Extensive", "Flag_Au_Oro": 1, "Status_Au_Oro": "Confirmado", "Flag_Ag_Plata": 0, "Status_Ag_Plata": "No", "Flag_Cu_Cobre": 0, "Status_Cu_Cobre": "No", "Flag_Pb_Plomo": 0, "Status_Pb_Plomo": "No", "Flag_Hg_Cinabrio": 0, "Status_Hg_Cinabrio": "No", "Flag_Sn_Estano": 0, "Status_Sn_Estano": "No", "Flag_Fe_Hierro": 0, "Status_Fe_Hierro": "No", "Tech_Ruina_Montium": 1, "Tech_Subterranea": 0, "Tech_Cielo_Abierto": 1, "Tech_Lavado_Placer": 0, "Certainty_Spatial": 1.0, "Certainty_Archaeological": 1.0, "Certainty_Metallogenic": 1.0, "Certainty_Score": 1.0, "Certainty_Grade": "Alta Certeza (Grado I)" }, "geometry": { "type": "Point", "coordinates": [ -6.833003242, 42.50483568 ] } },
{ "type": "Feature", "properties": { "mineID": 1201, "site": "Río Sil 1: Friera / Las Valiñas", "ancientName": null, "province": "Hispania Tarraconensis", "country": "Spain", "region": "León", "miningDistrict": "Cuenca media del Sil", "romanianRANID": null, "sanchezPalenciaAndOrejasID": "MS-004", "domergueID": "LE 8.2", "spainMapSheet": 158.0, "lambertX": 343.0, "lambertY": 882.5, "latitude": 42.50527917, "longitude": -6.815977444, "coordinateAccuracy": 100.0, "locationDataSource": "Converted in QGIS from Lambert coords, Madrid 1870", "locationNotes": "Domergue's \"Río Sil 1: Friera\" = Sanchez-Palencia & Orejas \"Las Valiñas\" ", "notBeforeOpeningDate": null, "notAfterOpeningDate": null, "notBeforeClosingDate": null, "notAfterClosingDate": null, "inUseDate": null, "metalMinedGold": "TRUE", "metalMinedSilver": 0.0, "metalMinedLead": 0.0, "metalMinedCopper": 0.0, "metalMinedTin": 0.0, "metalMinedIron": 0.0, "metalMinedMercuryCinnabar": 0.0, "metalMinedZinc": 0.0, "metalMinedOther": 0.0, "description": null, "references": "Domergue 1990: 44; Sanchez-Palencia and Orejas 1994, 194", "techniqueOpencast": 1.0, "techniqueUnderground": 0.0, "techniqueHydraulic": "TRUE", "techniqueHushing": null, "techniqueGroundSluicing": null, "techniqueRuinaMontium": null, "techniqueRakeComb": null, "techniqueGoldWashing": null, "techniqueOther": null, "notes": null, "geology": "Terrace", "depositType": "Secondary", "exploitationType": "Extensive", "Flag_Au_Oro": 1, "Status_Au_Oro": "Confirmado", "Flag_Ag_Plata": 0, "Status_Ag_Plata": "No", "Flag_Cu_Cobre": 0, "Status_Cu_Cobre": "No", "Flag_Pb_Plomo": 0, "Status_Pb_Plomo": "No", "Flag_Hg_Cinabrio": 0, "Status_Hg_Cinabrio": "No", "Flag_Sn_Estano": 0, "Status_Sn_Estano": "No", "Flag_Fe_Hierro": 0, "Status_Fe_Hierro": "No", "Tech_Ruina_Montium": 1, "Tech_Subterranea": 0, "Tech_Cielo_Abierto": 1, "Tech_Lavado_Placer": 0, "Certainty_Spatial": 1.0, "Certainty_Archaeological": 1.0, "Certainty_Metallogenic": 1.0, "Certainty_Score": 1.0, "Certainty_Grade": "Alta Certeza (Grado I)" }, "geometry": { "type": "Point", "coordinates": [ -6.815977444, 42.50527917 ] } },
{ "type": "Feature", "properties": { "mineID": 1202, "site": "Río Sil 1: Requejo de Portela / O Trave", "ancientName": null, "province": "Hispania Tarraconensis", "country": "Spain", "region": "León", "miningDistrict": "Cuenca media del Sil", "romanianRANID": null, "sanchezPalenciaAndOrejasID": "MS-003", "domergueID": "LE 8.1", "spainMapSheet": 158.0, "lambertX": 343.5, "lambertY": 883.5, "latitude": 42.51443574, "longitude": -6.810322927, "coordinateAccuracy": 100.0, "locationDataSource": "Converted in QGIS from Lambert coords, Madrid 1870", "locationNotes": "Domergue's \"Río Sil 1: Requejo de Portela\" =  Sanchez-Palencia & Orejas \"O Trave\"", "notBeforeOpeningDate": null, "notAfterOpeningDate": null, "notBeforeClosingDate": null, "notAfterClosingDate": null, "inUseDate": null, "metalMinedGold": "TRUE", "metalMinedSilver": 0.0, "metalMinedLead": 0.0, "metalMinedCopper": 0.0, "metalMinedTin": 0.0, "metalMinedIron": 0.0, "metalMinedMercuryCinnabar": 0.0, "metalMinedZinc": 0.0, "metalMinedOther": 0.0, "description": null, "references": "Domergue 1990: 44; Sanchez-Palencia and Orejas 1994, 194", "techniqueOpencast": 1.0, "techniqueUnderground": 0.0, "techniqueHydraulic": "TRUE", "techniqueHushing": null, "techniqueGroundSluicing": null, "techniqueRuinaMontium": null, "techniqueRakeComb": null, "techniqueGoldWashing": null, "techniqueOther": null, "notes": null, "geology": "Terrace", "depositType": "Secondary", "exploitationType": "Selective", "Flag_Au_Oro": 1, "Status_Au_Oro": "Confirmado", "Flag_Ag_Plata": 0, "Status_Ag_Plata": "No", "Flag_Cu_Cobre": 0, "Status_Cu_Cobre": "No", "Flag_Pb_Plomo": 0, "Status_Pb_Plomo": "No", "Flag_Hg_Cinabrio": 0, "Status_Hg_Cinabrio": "No", "Flag_Sn_Estano": 0, "Status_Sn_Estano": "No", "Flag_Fe_Hierro": 0, "Status_Fe_Hierro": "No", "Tech_Ruina_Montium": 1, "Tech_Subterranea": 0, "Tech_Cielo_Abierto": 1, "Tech_Lavado_Placer": 0, "Certainty_Spatial": 1.0, "Certainty_Archaeological": 1.0, "Certainty_Metallogenic": 1.0, "Certainty_Score": 1.0, "Certainty_Grade": "Alta Certeza (Grado I)" }, "geometry": { "type": "Point", "coordinates": [ -6.810322927, 42.51443574 ] } },
{ "type": "Feature", "properties": { "mineID": 1203, "site": "Río Sil 1: Valina / El Cabalón", "ancientName": null, "province": "Hispania Tarraconensis", "country": "Spain", "region": "León", "miningDistrict": "Cuenca media del Sil", "romanianRANID": null, "sanchezPalenciaAndOrejasID": "MS-005", "domergueID": "LE 8.3", "spainMapSheet": 158.0, "lambertX": 343.9, "lambertY": 882.2, "latitude": 42.50286336, "longitude": -6.804904535, "coordinateAccuracy": 100.0, "locationDataSource": "Converted in QGIS from Lambert coords, Madrid 1870", "locationNotes": "Domergue's \"Río Sil 1: Valina\" =  Sanchez-Palencia & Orejas \"El Cabalón\"", "notBeforeOpeningDate": null, "notAfterOpeningDate": null, "notBeforeClosingDate": null, "notAfterClosingDate": null, "inUseDate": null, "metalMinedGold": "TRUE", "metalMinedSilver": 0.0, "metalMinedLead": 0.0, "metalMinedCopper": 0.0, "metalMinedTin": 0.0, "metalMinedIron": 0.0, "metalMinedMercuryCinnabar": 0.0, "metalMinedZinc": 0.0, "metalMinedOther": 0.0, "description": null, "references": "Domergue 1990: 44; Sanchez-Palencia and Orejas 1994, 194", "techniqueOpencast": 1.0, "techniqueUnderground": 0.0, "techniqueHydraulic": "TRUE", "techniqueHushing": null, "techniqueGroundSluicing": null, "techniqueRuinaMontium": null, "techniqueRakeComb": null, "techniqueGoldWashing": null, "techniqueOther": null, "notes": null, "geology": "Terrace", "depositType": "Secondary", "exploitationType": "Extensive", "Flag_Au_Oro": 1, "Status_Au_Oro": "Confirmado", "Flag_Ag_Plata": 0, "Status_Ag_Plata": "No", "Flag_Cu_Cobre": 0, "Status_Cu_Cobre": "No", "Flag_Pb_Plomo": 0, "Status_Pb_Plomo": "No", "Flag_Hg_Cinabrio": 0, "Status_Hg_Cinabrio": "No", "Flag_Sn_Estano": 0, "Status_Sn_Estano": "No", "Flag_Fe_Hierro": 0, "Status_Fe_Hierro": "No", "Tech_Ruina_Montium": 1, "Tech_Subterranea": 0, "Tech_Cielo_Abierto": 1, "Tech_Lavado_Placer": 0, "Certainty_Spatial": 1.0, "Certainty_Archaeological": 1.0, "Certainty_Metallogenic": 1.0, "Certainty_Score": 1.0, "Certainty_Grade": "Alta Certeza (Grado I)" }, "geometry": { "type": "Point", "coordinates": [ -6.804904535, 42.50286336 ] } },
{ "type": "Feature", "properties": { "mineID": 1204, "site": "Río Sil 2: Arroyo de Balén / La Tiñosa", "ancientName": null, "province": "Hispania Tarraconensis", "country": "Spain", "region": "León", "miningDistrict": "Cuenca media del Sil", "romanianRANID": null, "sanchezPalenciaAndOrejasID": "MS-007", "domergueID": "LE 29.2", "spainMapSheet": 191.0, "lambertX": 343.2, "lambertY": 878.3, "latitude": 42.469031, "longitude": -6.807225, "coordinateAccuracy": 500.0, "locationDataSource": "Converted in QGIS from Lambert coords, Madrid 1870, adjusted with Google Earth", "locationNotes": "Domergue's \"Río Sil 2: arroyo de Balén\" must = Sanchez-Palencia & Orejas \"La Tiñosa\"", "notBeforeOpeningDate": null, "notAfterOpeningDate": null, "notBeforeClosingDate": null, "notAfterClosingDate": null, "inUseDate": null, "metalMinedGold": "TRUE", "metalMinedSilver": 0.0, "metalMinedLead": 0.0, "metalMinedCopper": 0.0, "metalMinedTin": 0.0, "metalMinedIron": 0.0, "metalMinedMercuryCinnabar": 0.0, "metalMinedZinc": 0.0, "metalMinedOther": 0.0, "description": null, "references": "Domergue 1990: 44; Sanchez-Palencia and Orejas 1994, 195", "techniqueOpencast": 1.0, "techniqueUnderground": 0.0, "techniqueHydraulic": "TRUE", "techniqueHushing": null, "techniqueGroundSluicing": null, "techniqueRuinaMontium": null, "techniqueRakeComb": null, "techniqueGoldWashing": null, "techniqueOther": null, "notes": null, "geology": "Terrace", "depositType": "Secondary", "exploitationType": "Selective", "Flag_Au_Oro": 1, "Status_Au_Oro": "Confirmado", "Flag_Ag_Plata": 0, "Status_Ag_Plata": "No", "Flag_Cu_Cobre": 0, "Status_Cu_Cobre": "No", "Flag_Pb_Plomo": 0, "Status_Pb_Plomo": "No", "Flag_Hg_Cinabrio": 0, "Status_Hg_Cinabrio": "No", "Flag_Sn_Estano": 0, "Status_Sn_Estano": "No", "Flag_Fe_Hierro": 0, "Status_Fe_Hierro": "No", "Tech_Ruina_Montium": 1, "Tech_Subterranea": 0, "Tech_Cielo_Abierto": 1, "Tech_Lavado_Placer": 0, "Certainty_Spatial": 0.85, "Certainty_Archaeological": 1.0, "Certainty_Metallogenic": 1.0, "Certainty_Score": 0.94, "Certainty_Grade": "Alta Certeza (Grado I)" }, "geometry": { "type": "Point", "coordinates": [ -6.807225, 42.469031 ] } },
{ "type": "Feature", "properties": { "mineID": 1205, "site": "Río Sil 2: Arroyo de Balouta", "ancientName": null, "province": "Hispania Tarraconensis", "country": "Spain", "region": "León", "miningDistrict": "Cuenca media del Sil", "romanianRANID": null, "sanchezPalenciaAndOrejasID": "MS-009", "domergueID": "LE 29.6", "spainMapSheet": 191.0, "lambertX": 342.7, "lambertY": 876.0, "latitude": 42.44669072, "longitude": -6.8168499, "coordinateAccuracy": 100.0, "locationDataSource": "Converted in QGIS from Lambert coords, Madrid 1870", "locationNotes": null, "notBeforeOpeningDate": null, "notAfterOpeningDate": null, "notBeforeClosingDate": null, "notAfterClosingDate": null, "inUseDate": null, "metalMinedGold": "TRUE", "metalMinedSilver": 0.0, "metalMinedLead": 0.0, "metalMinedCopper": 0.0, "metalMinedTin": 0.0, "metalMinedIron": 0.0, "metalMinedMercuryCinnabar": 0.0, "metalMinedZinc": 0.0, "metalMinedOther": 0.0, "description": null, "references": "Domergue 1990: 44; Sanchez-Palencia and Orejas 1994, 195", "techniqueOpencast": 1.0, "techniqueUnderground": 0.0, "techniqueHydraulic": "TRUE", "techniqueHushing": null, "techniqueGroundSluicing": null, "techniqueRuinaMontium": null, "techniqueRakeComb": null, "techniqueGoldWashing": null, "techniqueOther": null, "notes": null, "geology": "Terrace", "depositType": "Secondary", "exploitationType": "Selective", "Flag_Au_Oro": 1, "Status_Au_Oro": "Confirmado", "Flag_Ag_Plata": 0, "Status_Ag_Plata": "No", "Flag_Cu_Cobre": 0, "Status_Cu_Cobre": "No", "Flag_Pb_Plomo": 0, "Status_Pb_Plomo": "No", "Flag_Hg_Cinabrio": 0, "Status_Hg_Cinabrio": "No", "Flag_Sn_Estano": 0, "Status_Sn_Estano": "No", "Flag_Fe_Hierro": 0, "Status_Fe_Hierro": "No", "Tech_Ruina_Montium": 1, "Tech_Subterranea": 0, "Tech_Cielo_Abierto": 1, "Tech_Lavado_Placer": 0, "Certainty_Spatial": 1.0, "Certainty_Archaeological": 1.0, "Certainty_Metallogenic": 1.0, "Certainty_Score": 1.0, "Certainty_Grade": "Alta Certeza (Grado I)" }, "geometry": { "type": "Point", "coordinates": [ -6.8168499, 42.44669072 ] } },
{ "type": "Feature", "properties": { "mineID": 1206, "site": "Río Sil 2: La Peña del Cuervo / O Subreiral", "ancientName": null, "province": "Hispania Tarraconensis", "country": "Spain", "region": "León", "miningDistrict": "Cuenca media del Sil", "romanianRANID": null, "sanchezPalenciaAndOrejasID": "MS-015", "domergueID": "LE 29.5", "spainMapSheet": 191.0, "lambertX": 341.1, "lambertY": 872.6, "latitude": 42.41558576, "longitude": -6.83483159, "coordinateAccuracy": 100.0, "locationDataSource": "Converted in QGIS from Lambert coords, Madrid 1870", "locationNotes": "Domergue's \"Río Sil 2: La Peña del Cuervo\" = Sanchez-Palencia & Orejas \"O Subreiral\"", "notBeforeOpeningDate": null, "notAfterOpeningDate": null, "notBeforeClosingDate": null, "notAfterClosingDate": null, "inUseDate": null, "metalMinedGold": "TRUE", "metalMinedSilver": 0.0, "metalMinedLead": 0.0, "metalMinedCopper": 0.0, "metalMinedTin": 0.0, "metalMinedIron": 0.0, "metalMinedMercuryCinnabar": 0.0, "metalMinedZinc": 0.0, "metalMinedOther": 0.0, "description": null, "references": "Domergue 1990: 44; Sanchez-Palencia and Orejas 1994, 195", "techniqueOpencast": 1.0, "techniqueUnderground": 0.0, "techniqueHydraulic": "TRUE", "techniqueHushing": null, "techniqueGroundSluicing": null, "techniqueRuinaMontium": null, "techniqueRakeComb": null, "techniqueGoldWashing": null, "techniqueOther": null, "notes": null, "geology": "Terrace", "depositType": "Secondary", "exploitationType": "Extensive", "Flag_Au_Oro": 1, "Status_Au_Oro": "Confirmado", "Flag_Ag_Plata": 0, "Status_Ag_Plata": "No", "Flag_Cu_Cobre": 0, "Status_Cu_Cobre": "No", "Flag_Pb_Plomo": 0, "Status_Pb_Plomo": "No", "Flag_Hg_Cinabrio": 0, "Status_Hg_Cinabrio": "No", "Flag_Sn_Estano": 0, "Status_Sn_Estano": "No", "Flag_Fe_Hierro": 0, "Status_Fe_Hierro": "No", "Tech_Ruina_Montium": 1, "Tech_Subterranea": 0, "Tech_Cielo_Abierto": 1, "Tech_Lavado_Placer": 0, "Certainty_Spatial": 1.0, "Certainty_Archaeological": 1.0, "Certainty_Metallogenic": 1.0, "Certainty_Score": 1.0, "Certainty_Grade": "Alta Certeza (Grado I)" }, "geometry": { "type": "Point", "coordinates": [ -6.83483159, 42.41558576 ] } },
{ "type": "Feature", "properties": { "mineID": 1209, "site": "Río Sil 2: Quereño / Foi Pidriña", "ancientName": null, "province": "Hispania Tarraconensis", "country": "Spain", "region": "León", "miningDistrict": "Cuenca media del Sil", "romanianRANID": null, "sanchezPalenciaAndOrejasID": "MS-014", "domergueID": "LE 29.4", "spainMapSheet": 191.0, "lambertX": 341.6, "lambertY": 873.7, "latitude": 42.42564393, "longitude": -6.82923019, "coordinateAccuracy": 100.0, "locationDataSource": "Converted in QGIS from Lambert coords, Madrid 1870", "locationNotes": "Domergue's \"Río Sil 2: Quereño\" = Sanchez-Palencia & Orejas \"Foi Pidriña\"", "notBeforeOpeningDate": null, "notAfterOpeningDate": null, "notBeforeClosingDate": null, "notAfterClosingDate": null, "inUseDate": null, "metalMinedGold": "TRUE", "metalMinedSilver": 0.0, "metalMinedLead": 0.0, "metalMinedCopper": 0.0, "metalMinedTin": 0.0, "metalMinedIron": 0.0, "metalMinedMercuryCinnabar": 0.0, "metalMinedZinc": 0.0, "metalMinedOther": 0.0, "description": null, "references": "Domergue 1990: 44; Sanchez-Palencia and Orejas 1994, 195", "techniqueOpencast": 1.0, "techniqueUnderground": 0.0, "techniqueHydraulic": "TRUE", "techniqueHushing": null, "techniqueGroundSluicing": null, "techniqueRuinaMontium": null, "techniqueRakeComb": null, "techniqueGoldWashing": null, "techniqueOther": null, "notes": null, "geology": "Terrace", "depositType": "Secondary", "exploitationType": "Extensive", "Flag_Au_Oro": 1, "Status_Au_Oro": "Confirmado", "Flag_Ag_Plata": 0, "Status_Ag_Plata": "No", "Flag_Cu_Cobre": 0, "Status_Cu_Cobre": "No", "Flag_Pb_Plomo": 0, "Status_Pb_Plomo": "No", "Flag_Hg_Cinabrio": 0, "Status_Hg_Cinabrio": "No", "Flag_Sn_Estano": 0, "Status_Sn_Estano": "No", "Flag_Fe_Hierro": 0, "Status_Fe_Hierro": "No", "Tech_Ruina_Montium": 1, "Tech_Subterranea": 0, "Tech_Cielo_Abierto": 1, "Tech_Lavado_Placer": 0, "Certainty_Spatial": 1.0, "Certainty_Archaeological": 1.0, "Certainty_Metallogenic": 1.0, "Certainty_Score": 1.0, "Certainty_Grade": "Alta Certeza (Grado I)" }, "geometry": { "type": "Point", "coordinates": [ -6.82923019, 42.42564393 ] } },
{ "type": "Feature", "properties": { "mineID": 1210, "site": "Río Sil 2: Río Cabrera / A Meana", "ancientName": null, "province": "Hispania Tarraconensis", "country": "Spain", "region": "León", "miningDistrict": "Cuenca media del Sil", "romanianRANID": null, "sanchezPalenciaAndOrejasID": "MS-013", "domergueID": "LE 29.8", "spainMapSheet": 191.0, "lambertX": 341.9, "lambertY": 872.6, "latitude": 42.41583965, "longitude": -6.825115744, "coordinateAccuracy": 100.0, "locationDataSource": "Converted in QGIS from Lambert coords, Madrid 1870", "locationNotes": "Domergue's \"Río Sil 2: Río Cabrera\" = Sanchez-Palencia & Orejas \"A Meana\"", "notBeforeOpeningDate": null, "notAfterOpeningDate": null, "notBeforeClosingDate": null, "notAfterClosingDate": null, "inUseDate": null, "metalMinedGold": "TRUE", "metalMinedSilver": 0.0, "metalMinedLead": 0.0, "metalMinedCopper": 0.0, "metalMinedTin": 0.0, "metalMinedIron": 0.0, "metalMinedMercuryCinnabar": 0.0, "metalMinedZinc": 0.0, "metalMinedOther": 0.0, "description": null, "references": "Domergue 1990: 44; Sanchez-Palencia and Orejas 1994, 195", "techniqueOpencast": 1.0, "techniqueUnderground": 0.0, "techniqueHydraulic": "TRUE", "techniqueHushing": null, "techniqueGroundSluicing": null, "techniqueRuinaMontium": null, "techniqueRakeComb": null, "techniqueGoldWashing": null, "techniqueOther": null, "notes": null, "geology": "Terrace", "depositType": "Secondary", "exploitationType": "Selective", "Flag_Au_Oro": 1, "Status_Au_Oro": "Confirmado", "Flag_Ag_Plata": 0, "Status_Ag_Plata": "No", "Flag_Cu_Cobre": 0, "Status_Cu_Cobre": "No", "Flag_Pb_Plomo": 0, "Status_Pb_Plomo": "No", "Flag_Hg_Cinabrio": 0, "Status_Hg_Cinabrio": "No", "Flag_Sn_Estano": 0, "Status_Sn_Estano": "No", "Flag_Fe_Hierro": 0, "Status_Fe_Hierro": "No", "Tech_Ruina_Montium": 1, "Tech_Subterranea": 0, "Tech_Cielo_Abierto": 1, "Tech_Lavado_Placer": 0, "Certainty_Spatial": 1.0, "Certainty_Archaeological": 1.0, "Certainty_Metallogenic": 1.0, "Certainty_Score": 1.0, "Certainty_Grade": "Alta Certeza (Grado I)" }, "geometry": { "type": "Point", "coordinates": [ -6.825115744, 42.41583965 ] } },
{ "type": "Feature", "properties": { "mineID": 1211, "site": "Río Sil 2: Salas de Ribera / Valdefuentes", "ancientName": null, "province": "Hispania Tarraconensis", "country": "Spain", "region": "León", "miningDistrict": "Cuenca media del Sil", "romanianRANID": null, "sanchezPalenciaAndOrejasID": "MS-011", "domergueID": "LE 29.7", "spainMapSheet": 191.0, "lambertX": 343.0, "lambertY": 875.0, "latitude": 42.43778615, "longitude": -6.812778588, "coordinateAccuracy": 100.0, "locationDataSource": "Converted in QGIS from Lambert coords, Madrid 1870", "locationNotes": null, "notBeforeOpeningDate": null, "notAfterOpeningDate": null, "notBeforeClosingDate": null, "notAfterClosingDate": null, "inUseDate": null, "metalMinedGold": "TRUE", "metalMinedSilver": 0.0, "metalMinedLead": 0.0, "metalMinedCopper": 0.0, "metalMinedTin": 0.0, "metalMinedIron": 0.0, "metalMinedMercuryCinnabar": 0.0, "metalMinedZinc": 0.0, "metalMinedOther": 0.0, "description": null, "references": "Domergue 1990: 44; Sanchez-Palencia and Orejas 1994, 195", "techniqueOpencast": 1.0, "techniqueUnderground": 0.0, "techniqueHydraulic": "TRUE", "techniqueHushing": null, "techniqueGroundSluicing": null, "techniqueRuinaMontium": null, "techniqueRakeComb": null, "techniqueGoldWashing": null, "techniqueOther": null, "notes": null, "geology": "Terrace", "depositType": "Secondary", "exploitationType": "Selective - Extensive", "Flag_Au_Oro": 1, "Status_Au_Oro": "Confirmado", "Flag_Ag_Plata": 0, "Status_Ag_Plata": "No", "Flag_Cu_Cobre": 0, "Status_Cu_Cobre": "No", "Flag_Pb_Plomo": 0, "Status_Pb_Plomo": "No", "Flag_Hg_Cinabrio": 0, "Status_Hg_Cinabrio": "No", "Flag_Sn_Estano": 0, "Status_Sn_Estano": "No", "Flag_Fe_Hierro": 0, "Status_Fe_Hierro": "No", "Tech_Ruina_Montium": 1, "Tech_Subterranea": 0, "Tech_Cielo_Abierto": 1, "Tech_Lavado_Placer": 0, "Certainty_Spatial": 1.0, "Certainty_Archaeological": 1.0, "Certainty_Metallogenic": 1.0, "Certainty_Score": 1.0, "Certainty_Grade": "Alta Certeza (Grado I)" }, "geometry": { "type": "Point", "coordinates": [ -6.812778588, 42.43778615 ] } },
{ "type": "Feature", "properties": { "mineID": 1212, "site": "Río Sil 3: arroyo de Candis", "ancientName": null, "province": "Hispania Tarraconensis", "country": "Spain", "region": "Orense", "miningDistrict": "Cuenca media del Sil", "romanianRANID": null, "sanchezPalenciaAndOrejasID": "MS---", "domergueID": "OR 4.c", "spainMapSheet": 190.0, "lambertX": 333.4, "lambertY": 873.0, "latitude": 42.41670161, "longitude": -6.928519422, "coordinateAccuracy": 100.0, "locationDataSource": "Converted in QGIS from Lambert coords, Madrid 1870", "locationNotes": null, "notBeforeOpeningDate": null, "notAfterOpeningDate": null, "notBeforeClosingDate": null, "notAfterClosingDate": null, "inUseDate": null, "metalMinedGold": "TRUE", "metalMinedSilver": 0.0, "metalMinedLead": 0.0, "metalMinedCopper": 0.0, "metalMinedTin": 0.0, "metalMinedIron": 0.0, "metalMinedMercuryCinnabar": 0.0, "metalMinedZinc": 0.0, "metalMinedOther": 0.0, "description": null, "references": "Domergue 1987: 409; Domergue 1990: 41", "techniqueOpencast": 0.0, "techniqueUnderground": 0.0, "techniqueHydraulic": "TRUE", "techniqueHushing": "FALSE", "techniqueGroundSluicing": "FALSE", "techniqueRuinaMontium": 0.0, "techniqueRakeComb": 1.0, "techniqueGoldWashing": 0.0, "techniqueOther": 0.0, "notes": null, "geology": "Quaternary terrace", "depositType": null, "exploitationType": null, "Flag_Au_Oro": 1, "Status_Au_Oro": "Confirmado", "Flag_Ag_Plata": 0, "Status_Ag_Plata": "No", "Flag_Cu_Cobre": 0, "Status_Cu_Cobre": "No", "Flag_Pb_Plomo": 0, "Status_Pb_Plomo": "No", "Flag_Hg_Cinabrio": 0, "Status_Hg_Cinabrio": "No", "Flag_Sn_Estano": 0, "Status_Sn_Estano": "No", "Flag_Fe_Hierro": 0, "Status_Fe_Hierro": "No", "Tech_Ruina_Montium": 1, "Tech_Subterranea": 0, "Tech_Cielo_Abierto": 1, "Tech_Lavado_Placer": 0, "Certainty_Spatial": 1.0, "Certainty_Archaeological": 1.0, "Certainty_Metallogenic": 1.0, "Certainty_Score": 1.0, "Certainty_Grade": "Alta Certeza (Grado I)" }, "geometry": { "type": "Point", "coordinates": [ -6.928519422, 42.41670161 ] } },
{ "type": "Feature", "properties": { "mineID": 1213, "site": "Río Sil 3: Carbayal / La Portela", "ancientName": null, "province": "Hispania Tarraconensis", "country": "Spain", "region": "Orense", "miningDistrict": "Cuenca media del Sil", "romanianRANID": null, "sanchezPalenciaAndOrejasID": "MS-024", "domergueID": "OR 4.[i]", "spainMapSheet": 190.0, "lambertX": 325.5, "lambertY": 874.3, "latitude": 42.42577595, "longitude": -7.025048543, "coordinateAccuracy": 100.0, "locationDataSource": "Converted in QGIS from Lambert coords, Madrid 1870", "locationNotes": null, "notBeforeOpeningDate": null, "notAfterOpeningDate": null, "notBeforeClosingDate": null, "notAfterClosingDate": null, "inUseDate": null, "metalMinedGold": "TRUE", "metalMinedSilver": 0.0, "metalMinedLead": 0.0, "metalMinedCopper": 0.0, "metalMinedTin": 0.0, "metalMinedIron": 0.0, "metalMinedMercuryCinnabar": 0.0, "metalMinedZinc": 0.0, "metalMinedOther": 0.0, "description": null, "references": "Domergue 1987: 409; Domergue 1990: 41; Sanchez-Palencia and Orejas 1994, 195", "techniqueOpencast": 1.0, "techniqueUnderground": 0.0, "techniqueHydraulic": "TRUE", "techniqueHushing": "FALSE", "techniqueGroundSluicing": "FALSE", "techniqueRuinaMontium": 0.0, "techniqueRakeComb": 1.0, "techniqueGoldWashing": 0.0, "techniqueOther": 0.0, "notes": null, "geology": "Quaternary terrace", "depositType": "Secondary", "exploitationType": null, "Flag_Au_Oro": 1, "Status_Au_Oro": "Confirmado", "Flag_Ag_Plata": 0, "Status_Ag_Plata": "No", "Flag_Cu_Cobre": 0, "Status_Cu_Cobre": "No", "Flag_Pb_Plomo": 0, "Status_Pb_Plomo": "No", "Flag_Hg_Cinabrio": 0, "Status_Hg_Cinabrio": "No", "Flag_Sn_Estano": 0, "Status_Sn_Estano": "No", "Flag_Fe_Hierro": 0, "Status_Fe_Hierro": "No", "Tech_Ruina_Montium": 1, "Tech_Subterranea": 0, "Tech_Cielo_Abierto": 1, "Tech_Lavado_Placer": 0, "Certainty_Spatial": 1.0, "Certainty_Archaeological": 1.0, "Certainty_Metallogenic": 1.0, "Certainty_Score": 1.0, "Certainty_Grade": "Alta Certeza (Grado I)" }, "geometry": { "type": "Point", "coordinates": [ -7.025048543, 42.42577595 ] } },
{ "type": "Feature", "properties": { "mineID": 1214, "site": "Río Sil 3: Corgormo / Arcos", "ancientName": null, "province": "Hispania Tarraconensis", "country": "Spain", "region": "Orense", "miningDistrict": "Cuenca media del Sil", "romanianRANID": null, "sanchezPalenciaAndOrejasID": "MS-025", "domergueID": "OR 4.h", "spainMapSheet": 190.0, "lambertX": 324.6, "lambertY": 874.0, "latitude": 42.42277251, "longitude": -7.035842697, "coordinateAccuracy": 100.0, "locationDataSource": "Converted in QGIS from Lambert coords, Madrid 1870", "locationNotes": null, "notBeforeOpeningDate": null, "notAfterOpeningDate": null, "notBeforeClosingDate": null, "notAfterClosingDate": null, "inUseDate": null, "metalMinedGold": "TRUE", "metalMinedSilver": 0.0, "metalMinedLead": 0.0, "metalMinedCopper": 0.0, "metalMinedTin": 0.0, "metalMinedIron": 0.0, "metalMinedMercuryCinnabar": 0.0, "metalMinedZinc": 0.0, "metalMinedOther": 0.0, "description": null, "references": "Domergue 1987: 409; Domergue 1990: 41; Sanchez-Palencia and Orejas 1994, 195", "techniqueOpencast": 1.0, "techniqueUnderground": 0.0, "techniqueHydraulic": "TRUE", "techniqueHushing": "FALSE", "techniqueGroundSluicing": "FALSE", "techniqueRuinaMontium": 0.0, "techniqueRakeComb": 1.0, "techniqueGoldWashing": 0.0, "techniqueOther": 0.0, "notes": null, "geology": "Quaternary terrace", "depositType": "Secondary", "exploitationType": "Selective - Extensive", "Flag_Au_Oro": 1, "Status_Au_Oro": "Confirmado", "Flag_Ag_Plata": 0, "Status_Ag_Plata": "No", "Flag_Cu_Cobre": 0, "Status_Cu_Cobre": "No", "Flag_Pb_Plomo": 0, "Status_Pb_Plomo": "No", "Flag_Hg_Cinabrio": 0, "Status_Hg_Cinabrio": "No", "Flag_Sn_Estano": 0, "Status_Sn_Estano": "No", "Flag_Fe_Hierro": 0, "Status_Fe_Hierro": "No", "Tech_Ruina_Montium": 1, "Tech_Subterranea": 0, "Tech_Cielo_Abierto": 1, "Tech_Lavado_Placer": 0, "Certainty_Spatial": 1.0, "Certainty_Archaeological": 1.0, "Certainty_Metallogenic": 1.0, "Certainty_Score": 1.0, "Certainty_Grade": "Alta Certeza (Grado I)" }, "geometry": { "type": "Point", "coordinates": [ -7.035842697, 42.42277251 ] } },
{ "type": "Feature", "properties": { "mineID": 1215, "site": "Río Sil 3: Cortes", "ancientName": null, "province": "Hispania Tarraconensis", "country": "Spain", "region": "Orense", "miningDistrict": "Cuenca media del Sil", "romanianRANID": null, "sanchezPalenciaAndOrejasID": "MS-023", "domergueID": "OR 4.g", "spainMapSheet": 190.0, "lambertX": 329.8, "lambertY": 872.4, "latitude": 42.41011596, "longitude": -6.971970294, "coordinateAccuracy": 100.0, "locationDataSource": "Converted in QGIS from Lambert coords, Madrid 1870", "locationNotes": null, "notBeforeOpeningDate": null, "notAfterOpeningDate": null, "notBeforeClosingDate": null, "notAfterClosingDate": null, "inUseDate": null, "metalMinedGold": "TRUE", "metalMinedSilver": 0.0, "metalMinedLead": 0.0, "metalMinedCopper": 0.0, "metalMinedTin": 0.0, "metalMinedIron": 0.0, "metalMinedMercuryCinnabar": 0.0, "metalMinedZinc": 0.0, "metalMinedOther": 0.0, "description": null, "references": "Domergue 1987: 409; Domergue 1990: 41; Sanchez-Palencia and Orejas 1994: 195", "techniqueOpencast": 1.0, "techniqueUnderground": 0.0, "techniqueHydraulic": "TRUE", "techniqueHushing": "FALSE", "techniqueGroundSluicing": "FALSE", "techniqueRuinaMontium": 0.0, "techniqueRakeComb": 1.0, "techniqueGoldWashing": 0.0, "techniqueOther": 0.0, "notes": null, "geology": "Quaternary terrace", "depositType": "Secondary", "exploitationType": "Selective", "Flag_Au_Oro": 1, "Status_Au_Oro": "Confirmado", "Flag_Ag_Plata": 0, "Status_Ag_Plata": "No", "Flag_Cu_Cobre": 0, "Status_Cu_Cobre": "No", "Flag_Pb_Plomo": 0, "Status_Pb_Plomo": "No", "Flag_Hg_Cinabrio": 0, "Status_Hg_Cinabrio": "No", "Flag_Sn_Estano": 0, "Status_Sn_Estano": "No", "Flag_Fe_Hierro": 0, "Status_Fe_Hierro": "No", "Tech_Ruina_Montium": 1, "Tech_Subterranea": 0, "Tech_Cielo_Abierto": 1, "Tech_Lavado_Placer": 0, "Certainty_Spatial": 1.0, "Certainty_Archaeological": 1.0, "Certainty_Metallogenic": 1.0, "Certainty_Score": 1.0, "Certainty_Grade": "Alta Certeza (Grado I)" }, "geometry": { "type": "Point", "coordinates": [ -6.971970294, 42.41011596 ] } },
{ "type": "Feature", "properties": { "mineID": 1216, "site": "Río Sil 3: Entoma 1", "ancientName": null, "province": "Hispania Tarraconensis", "country": "Spain", "region": "Orense", "miningDistrict": "Cuenca media del Sil", "romanianRANID": null, "sanchezPalenciaAndOrejasID": "MS-020", "domergueID": "OR 4.e", "spainMapSheet": 190.0, "lambertX": 333.0, "lambertY": 873.5, "latitude": 42.42107013, "longitude": -6.933598417, "coordinateAccuracy": 100.0, "locationDataSource": "Converted in QGIS from Lambert coords, Madrid 1870", "locationNotes": "Domergue's \"Entoma 1\" = Sanchez-Palencia & Orejas \"Entoma II\"", "notBeforeOpeningDate": null, "notAfterOpeningDate": null, "notBeforeClosingDate": null, "notAfterClosingDate": null, "inUseDate": null, "metalMinedGold": "TRUE", "metalMinedSilver": 0.0, "metalMinedLead": 0.0, "metalMinedCopper": 0.0, "metalMinedTin": 0.0, "metalMinedIron": 0.0, "metalMinedMercuryCinnabar": 0.0, "metalMinedZinc": 0.0, "metalMinedOther": 0.0, "description": null, "references": "Domergue 1987: 409; Domergue 1990: 41; Sanchez-Palencia and Orejas 1994: 195", "techniqueOpencast": 1.0, "techniqueUnderground": 0.0, "techniqueHydraulic": "TRUE", "techniqueHushing": "FALSE", "techniqueGroundSluicing": "FALSE", "techniqueRuinaMontium": 0.0, "techniqueRakeComb": 1.0, "techniqueGoldWashing": 0.0, "techniqueOther": 0.0, "notes": null, "geology": "Quaternary terrace", "depositType": "Secondary", "exploitationType": "Extensive", "Flag_Au_Oro": 1, "Status_Au_Oro": "Confirmado", "Flag_Ag_Plata": 0, "Status_Ag_Plata": "No", "Flag_Cu_Cobre": 0, "Status_Cu_Cobre": "No", "Flag_Pb_Plomo": 0, "Status_Pb_Plomo": "No", "Flag_Hg_Cinabrio": 0, "Status_Hg_Cinabrio": "No", "Flag_Sn_Estano": 0, "Status_Sn_Estano": "No", "Flag_Fe_Hierro": 0, "Status_Fe_Hierro": "No", "Tech_Ruina_Montium": 1, "Tech_Subterranea": 0, "Tech_Cielo_Abierto": 1, "Tech_Lavado_Placer": 0, "Certainty_Spatial": 1.0, "Certainty_Archaeological": 1.0, "Certainty_Metallogenic": 1.0, "Certainty_Score": 1.0, "Certainty_Grade": "Alta Certeza (Grado I)" }, "geometry": { "type": "Point", "coordinates": [ -6.933598417, 42.42107013 ] } },
{ "type": "Feature", "properties": { "mineID": 1217, "site": "Río Sil 3: Entoma 2", "ancientName": null, "province": "Hispania Tarraconensis", "country": "Spain", "region": "Orense", "miningDistrict": "Cuenca media del Sil", "romanianRANID": null, "sanchezPalenciaAndOrejasID": "MS-021", "domergueID": "OR 4.f", "spainMapSheet": 190.0, "lambertX": 332.0, "lambertY": 873.5, "latitude": 42.4207417, "longitude": -6.945743643, "coordinateAccuracy": 100.0, "locationDataSource": "Converted in QGIS from Lambert coords, Madrid 1870", "locationNotes": "Domergue's \"Entoma 2\" = Sanchez-Palencia & Orejas \"Entoma I\"", "notBeforeOpeningDate": null, "notAfterOpeningDate": null, "notBeforeClosingDate": null, "notAfterClosingDate": null, "inUseDate": null, "metalMinedGold": "TRUE", "metalMinedSilver": 0.0, "metalMinedLead": 0.0, "metalMinedCopper": 0.0, "metalMinedTin": 0.0, "metalMinedIron": 0.0, "metalMinedMercuryCinnabar": 0.0, "metalMinedZinc": 0.0, "metalMinedOther": 0.0, "description": null, "references": "Domergue 1987: 409; Domergue 1990: 41; Sanchez-Palencia and Orejas 1994: 195", "techniqueOpencast": 1.0, "techniqueUnderground": 0.0, "techniqueHydraulic": "TRUE", "techniqueHushing": "FALSE", "techniqueGroundSluicing": "FALSE", "techniqueRuinaMontium": 0.0, "techniqueRakeComb": 1.0, "techniqueGoldWashing": 0.0, "techniqueOther": 0.0, "notes": null, "geology": "Quaternary terrace", "depositType": "Secondary", "exploitationType": "Selective - Extensive", "Flag_Au_Oro": 1, "Status_Au_Oro": "Confirmado", "Flag_Ag_Plata": 0, "Status_Ag_Plata": "No", "Flag_Cu_Cobre": 0, "Status_Cu_Cobre": "No", "Flag_Pb_Plomo": 0, "Status_Pb_Plomo": "No", "Flag_Hg_Cinabrio": 0, "Status_Hg_Cinabrio": "No", "Flag_Sn_Estano": 0, "Status_Sn_Estano": "No", "Flag_Fe_Hierro": 0, "Status_Fe_Hierro": "No", "Tech_Ruina_Montium": 1, "Tech_Subterranea": 0, "Tech_Cielo_Abierto": 1, "Tech_Lavado_Placer": 0, "Certainty_Spatial": 1.0, "Certainty_Archaeological": 1.0, "Certainty_Metallogenic": 1.0, "Certainty_Score": 1.0, "Certainty_Grade": "Alta Certeza (Grado I)" }, "geometry": { "type": "Point", "coordinates": [ -6.945743643, 42.4207417 ] } },
{ "type": "Feature", "properties": { "mineID": 1218, "site": "Río Sil 3: La Rúa / San Miguel de Otero", "ancientName": null, "province": "Hispania Tarraconensis", "country": "Spain", "region": "Orense", "miningDistrict": "Cuenca media del Sil", "romanianRANID": null, "sanchezPalenciaAndOrejasID": "MS---", "domergueID": "OR 4.[j]", "spainMapSheet": 190.0, "lambertX": null, "lambertY": null, "latitude": 42.3977, "longitude": -7.095665, "coordinateAccuracy": 1100.0, "locationDataSource": "Guessed: Google Earth", "locationNotes": "between La Rúa and San Miguel de Otero on the right bank of the Sil (Domergue does not give coordinates)", "notBeforeOpeningDate": null, "notAfterOpeningDate": null, "notBeforeClosingDate": null, "notAfterClosingDate": null, "inUseDate": null, "metalMinedGold": "TRUE", "metalMinedSilver": 0.0, "metalMinedLead": 0.0, "metalMinedCopper": 0.0, "metalMinedTin": 0.0, "metalMinedIron": 0.0, "metalMinedMercuryCinnabar": 0.0, "metalMinedZinc": 0.0, "metalMinedOther": 0.0, "description": null, "references": "Domergue 1987: 409 n. 786 bis; Domergue 1990: 41", "techniqueOpencast": 0.0, "techniqueUnderground": 0.0, "techniqueHydraulic": "TRUE", "techniqueHushing": "FALSE", "techniqueGroundSluicing": "FALSE", "techniqueRuinaMontium": 0.0, "techniqueRakeComb": 1.0, "techniqueGoldWashing": 0.0, "techniqueOther": 0.0, "notes": null, "geology": "Quaternary terrace", "depositType": null, "exploitationType": null, "Flag_Au_Oro": 1, "Status_Au_Oro": "Confirmado", "Flag_Ag_Plata": 0, "Status_Ag_Plata": "No", "Flag_Cu_Cobre": 0, "Status_Cu_Cobre": "No", "Flag_Pb_Plomo": 0, "Status_Pb_Plomo": "No", "Flag_Hg_Cinabrio": 0, "Status_Hg_Cinabrio": "No", "Flag_Sn_Estano": 0, "Status_Sn_Estano": "No", "Flag_Fe_Hierro": 0, "Status_Fe_Hierro": "No", "Tech_Ruina_Montium": 1, "Tech_Subterranea": 0, "Tech_Cielo_Abierto": 1, "Tech_Lavado_Placer": 0, "Certainty_Spatial": 0.5, "Certainty_Archaeological": 1.0, "Certainty_Metallogenic": 1.0, "Certainty_Score": 0.8, "Certainty_Grade": "Alta Certeza (Grado I)" }, "geometry": { "type": "Point", "coordinates": [ -7.095665, 42.3977 ] } },
{ "type": "Feature", "properties": { "mineID": 1219, "site": "Río Sil 3: Medua (A Medua Grande - A Medua Pequena - Os Chaos)", "ancientName": null, "province": "Hispania Tarraconensis", "country": "Spain", "region": "Orense", "miningDistrict": "Cuenca media del Sil", "romanianRANID": null, "sanchezPalenciaAndOrejasID": "MS-016", "domergueID": "OR 4.a", "spainMapSheet": 190.0, "lambertX": 337.7, "lambertY": 871.2, "latitude": 42.40189885, "longitude": -6.875514832, "coordinateAccuracy": 100.0, "locationDataSource": "Converted in QGIS from Lambert coords, Madrid 1870", "locationNotes": null, "notBeforeOpeningDate": null, "notAfterOpeningDate": null, "notBeforeClosingDate": null, "notAfterClosingDate": null, "inUseDate": null, "metalMinedGold": "TRUE", "metalMinedSilver": 0.0, "metalMinedLead": 0.0, "metalMinedCopper": 0.0, "metalMinedTin": 0.0, "metalMinedIron": 0.0, "metalMinedMercuryCinnabar": 0.0, "metalMinedZinc": 0.0, "metalMinedOther": 0.0, "description": null, "references": "Domergue 1987: 409; Domergue 1990: 41; Sanchez-Palencia and Orejas 1994, 195", "techniqueOpencast": 1.0, "techniqueUnderground": 0.0, "techniqueHydraulic": "TRUE", "techniqueHushing": "FALSE", "techniqueGroundSluicing": "FALSE", "techniqueRuinaMontium": 0.0, "techniqueRakeComb": 1.0, "techniqueGoldWashing": 0.0, "techniqueOther": 0.0, "notes": null, "geology": "Quaternary terrace", "depositType": "Secondary", "exploitationType": "Extensive", "Flag_Au_Oro": 1, "Status_Au_Oro": "Confirmado", "Flag_Ag_Plata": 0, "Status_Ag_Plata": "No", "Flag_Cu_Cobre": 0, "Status_Cu_Cobre": "No", "Flag_Pb_Plomo": 0, "Status_Pb_Plomo": "No", "Flag_Hg_Cinabrio": 0, "Status_Hg_Cinabrio": "No", "Flag_Sn_Estano": 0, "Status_Sn_Estano": "No", "Flag_Fe_Hierro": 0, "Status_Fe_Hierro": "No", "Tech_Ruina_Montium": 1, "Tech_Subterranea": 0, "Tech_Cielo_Abierto": 1, "Tech_Lavado_Placer": 0, "Certainty_Spatial": 1.0, "Certainty_Archaeological": 1.0, "Certainty_Metallogenic": 1.0, "Certainty_Score": 1.0, "Certainty_Grade": "Alta Certeza (Grado I)" }, "geometry": { "type": "Point", "coordinates": [ -6.875514832, 42.40189885 ] } },
{ "type": "Feature", "properties": { "mineID": 1220, "site": "Río Sil 3: Millaroso / Santurjo (Santurxo)", "ancientName": null, "province": "Hispania Tarraconensis", "country": "Spain", "region": "Orense", "miningDistrict": "Cuenca media del Sil", "romanianRANID": null, "sanchezPalenciaAndOrejasID": "MS-022", "domergueID": "OR 4.d", "spainMapSheet": 190.0, "lambertX": 331.0, "lambertY": 873.2, "latitude": 42.41771234, "longitude": -6.957755032, "coordinateAccuracy": 100.0, "locationDataSource": "Converted in QGIS from Lambert coords, Madrid 1870", "locationNotes": "Santurjop = Santurxo", "notBeforeOpeningDate": null, "notAfterOpeningDate": null, "notBeforeClosingDate": null, "notAfterClosingDate": null, "inUseDate": null, "metalMinedGold": "TRUE", "metalMinedSilver": 0.0, "metalMinedLead": 0.0, "metalMinedCopper": 0.0, "metalMinedTin": 0.0, "metalMinedIron": 0.0, "metalMinedMercuryCinnabar": 0.0, "metalMinedZinc": 0.0, "metalMinedOther": 0.0, "description": null, "references": "Domergue 1987: 409; Domergue 1990: 41; Sanchez-Palencia and Orejas 1994, 195", "techniqueOpencast": 1.0, "techniqueUnderground": 0.0, "techniqueHydraulic": "TRUE", "techniqueHushing": "FALSE", "techniqueGroundSluicing": "FALSE", "techniqueRuinaMontium": 0.0, "techniqueRakeComb": 1.0, "techniqueGoldWashing": 0.0, "techniqueOther": 0.0, "notes": null, "geology": "Quaternary terrace", "depositType": "Secondary", "exploitationType": "Selective", "Flag_Au_Oro": 1, "Status_Au_Oro": "Confirmado", "Flag_Ag_Plata": 0, "Status_Ag_Plata": "No", "Flag_Cu_Cobre": 0, "Status_Cu_Cobre": "No", "Flag_Pb_Plomo": 0, "Status_Pb_Plomo": "No", "Flag_Hg_Cinabrio": 0, "Status_Hg_Cinabrio": "No", "Flag_Sn_Estano": 0, "Status_Sn_Estano": "No", "Flag_Fe_Hierro": 0, "Status_Fe_Hierro": "No", "Tech_Ruina_Montium": 1, "Tech_Subterranea": 0, "Tech_Cielo_Abierto": 1, "Tech_Lavado_Placer": 0, "Certainty_Spatial": 1.0, "Certainty_Archaeological": 1.0, "Certainty_Metallogenic": 1.0, "Certainty_Score": 1.0, "Certainty_Grade": "Alta Certeza (Grado I)" }, "geometry": { "type": "Point", "coordinates": [ -6.957755032, 42.41771234 ] } },
{ "type": "Feature", "properties": { "mineID": 1221, "site": "Río Sil 3: Sobradelo / A Lagua", "ancientName": null, "province": "Hispania Tarraconensis", "country": "Spain", "region": "Orense", "miningDistrict": "Cuenca media del Sil", "romanianRANID": null, "sanchezPalenciaAndOrejasID": "MS-018", "domergueID": "OR 4.b", "spainMapSheet": 190.0, "lambertX": 335.4, "lambertY": 872.8, "latitude": 42.41555394, "longitude": -6.904142487, "coordinateAccuracy": 100.0, "locationDataSource": "Converted in QGIS from Lambert coords, Madrid 1870", "locationNotes": null, "notBeforeOpeningDate": null, "notAfterOpeningDate": null, "notBeforeClosingDate": null, "notAfterClosingDate": null, "inUseDate": null, "metalMinedGold": "TRUE", "metalMinedSilver": 0.0, "metalMinedLead": 0.0, "metalMinedCopper": 0.0, "metalMinedTin": 0.0, "metalMinedIron": 0.0, "metalMinedMercuryCinnabar": 0.0, "metalMinedZinc": 0.0, "metalMinedOther": 0.0, "description": null, "references": "Domergue 1987: 409; Domergue 1990: 41; Sanchez-Palencia and Orejas 1994, 195", "techniqueOpencast": 1.0, "techniqueUnderground": 0.0, "techniqueHydraulic": "TRUE", "techniqueHushing": "FALSE", "techniqueGroundSluicing": "FALSE", "techniqueRuinaMontium": 0.0, "techniqueRakeComb": 1.0, "techniqueGoldWashing": 0.0, "techniqueOther": 0.0, "notes": null, "geology": "Quaternary terrace", "depositType": "Secondary", "exploitationType": "Extensive", "Flag_Au_Oro": 1, "Status_Au_Oro": "Confirmado", "Flag_Ag_Plata": 0, "Status_Ag_Plata": "No", "Flag_Cu_Cobre": 0, "Status_Cu_Cobre": "No", "Flag_Pb_Plomo": 0, "Status_Pb_Plomo": "No", "Flag_Hg_Cinabrio": 0, "Status_Hg_Cinabrio": "No", "Flag_Sn_Estano": 0, "Status_Sn_Estano": "No", "Flag_Fe_Hierro": 0, "Status_Fe_Hierro": "No", "Tech_Ruina_Montium": 1, "Tech_Subterranea": 0, "Tech_Cielo_Abierto": 1, "Tech_Lavado_Placer": 0, "Certainty_Spatial": 1.0, "Certainty_Archaeological": 1.0, "Certainty_Metallogenic": 1.0, "Certainty_Score": 1.0, "Certainty_Grade": "Alta Certeza (Grado I)" }, "geometry": { "type": "Point", "coordinates": [ -6.904142487, 42.41555394 ] } },
{ "type": "Feature", "properties": { "mineID": 1222, "site": "Río Sil 4: Montefurado meander", "ancientName": null, "province": "Hispania Tarraconensis", "country": "Spain", "region": "Lugo", "miningDistrict": "Cuenca media del Sil", "romanianRANID": null, "sanchezPalenciaAndOrejasID": "MS---", "domergueID": "LU 11.f", "spainMapSheet": null, "lambertX": 310.5, "lambertY": 870.6, "latitude": 42.38728903, "longitude": -7.205445683, "coordinateAccuracy": 100.0, "locationDataSource": "Converted in QGIS from Lambert coords, Madrid 1870", "locationNotes": null, "notBeforeOpeningDate": null, "notAfterOpeningDate": null, "notBeforeClosingDate": null, "notAfterClosingDate": null, "inUseDate": null, "metalMinedGold": "TRUE", "metalMinedSilver": 0.0, "metalMinedLead": 0.0, "metalMinedCopper": 0.0, "metalMinedTin": 0.0, "metalMinedIron": 0.0, "metalMinedMercuryCinnabar": 0.0, "metalMinedZinc": 0.0, "metalMinedOther": 0.0, "description": null, "references": "Domergue 1990: 41", "techniqueOpencast": 0.0, "techniqueUnderground": 0.0, "techniqueHydraulic": "TRUE", "techniqueHushing": "FALSE", "techniqueGroundSluicing": "FALSE", "techniqueRuinaMontium": 0.0, "techniqueRakeComb": 1.0, "techniqueGoldWashing": 0.0, "techniqueOther": 0.0, "notes": null, "geology": "Quaternary terrace", "depositType": null, "exploitationType": null, "Flag_Au_Oro": 1, "Status_Au_Oro": "Confirmado", "Flag_Ag_Plata": 0, "Status_Ag_Plata": "No", "Flag_Cu_Cobre": 0, "Status_Cu_Cobre": "No", "Flag_Pb_Plomo": 0, "Status_Pb_Plomo": "No", "Flag_Hg_Cinabrio": 0, "Status_Hg_Cinabrio": "No", "Flag_Sn_Estano": 0, "Status_Sn_Estano": "No", "Flag_Fe_Hierro": 0, "Status_Fe_Hierro": "No", "Tech_Ruina_Montium": 1, "Tech_Subterranea": 0, "Tech_Cielo_Abierto": 1, "Tech_Lavado_Placer": 0, "Certainty_Spatial": 1.0, "Certainty_Archaeological": 1.0, "Certainty_Metallogenic": 1.0, "Certainty_Score": 1.0, "Certainty_Grade": "Alta Certeza (Grado I)" }, "geometry": { "type": "Point", "coordinates": [ -7.205445683, 42.38728903 ] } },
{ "type": "Feature", "properties": { "mineID": 1223, "site": "Río Sil 4: Montefurado meander b", "ancientName": null, "province": "Hispania Tarraconensis", "country": "Spain", "region": "Lugo", "miningDistrict": "Cuenca media del Sil", "romanianRANID": null, "sanchezPalenciaAndOrejasID": "MS---", "domergueID": "LU 11.g", "spainMapSheet": null, "lambertX": 311.0, "lambertY": 871.0, "latitude": 42.39106584, "longitude": -7.199568201, "coordinateAccuracy": 100.0, "locationDataSource": "Converted in QGIS from Lambert coords, Madrid 1870", "locationNotes": null, "notBeforeOpeningDate": null, "notAfterOpeningDate": null, "notBeforeClosingDate": null, "notAfterClosingDate": null, "inUseDate": null, "metalMinedGold": "TRUE", "metalMinedSilver": 0.0, "metalMinedLead": 0.0, "metalMinedCopper": 0.0, "metalMinedTin": 0.0, "metalMinedIron": 0.0, "metalMinedMercuryCinnabar": 0.0, "metalMinedZinc": 0.0, "metalMinedOther": 0.0, "description": null, "references": "Domergue 1990: 41", "techniqueOpencast": 0.0, "techniqueUnderground": 0.0, "techniqueHydraulic": "TRUE", "techniqueHushing": "FALSE", "techniqueGroundSluicing": "FALSE", "techniqueRuinaMontium": 0.0, "techniqueRakeComb": 1.0, "techniqueGoldWashing": 0.0, "techniqueOther": 0.0, "notes": null, "geology": "Quaternary terrace", "depositType": null, "exploitationType": null, "Flag_Au_Oro": 1, "Status_Au_Oro": "Confirmado", "Flag_Ag_Plata": 0, "Status_Ag_Plata": "No", "Flag_Cu_Cobre": 0, "Status_Cu_Cobre": "No", "Flag_Pb_Plomo": 0, "Status_Pb_Plomo": "No", "Flag_Hg_Cinabrio": 0, "Status_Hg_Cinabrio": "No", "Flag_Sn_Estano": 0, "Status_Sn_Estano": "No", "Flag_Fe_Hierro": 0, "Status_Fe_Hierro": "No", "Tech_Ruina_Montium": 1, "Tech_Subterranea": 0, "Tech_Cielo_Abierto": 1, "Tech_Lavado_Placer": 0, "Certainty_Spatial": 1.0, "Certainty_Archaeological": 1.0, "Certainty_Metallogenic": 1.0, "Certainty_Score": 1.0, "Certainty_Grade": "Alta Certeza (Grado I)" }, "geometry": { "type": "Point", "coordinates": [ -7.199568201, 42.39106584 ] } },
{ "type": "Feature", "properties": { "mineID": 1224, "site": "Río Sil 4: San Martin de Albaredos", "ancientName": null, "province": "Hispania Tarraconensis", "country": "Spain", "region": "Lugo", "miningDistrict": "Cuenca media del Sil", "romanianRANID": null, "sanchezPalenciaAndOrejasID": "MS-031", "domergueID": "LU 11.b", "spainMapSheet": null, "lambertX": 312.4, "lambertY": 870.5, "latitude": 42.387062, "longitude": -7.182336261, "coordinateAccuracy": 100.0, "locationDataSource": "Converted in QGIS from Lambert coords, Madrid 1870", "locationNotes": null, "notBeforeOpeningDate": null, "notAfterOpeningDate": null, "notBeforeClosingDate": null, "notAfterClosingDate": null, "inUseDate": null, "metalMinedGold": "TRUE", "metalMinedSilver": 0.0, "metalMinedLead": 0.0, "metalMinedCopper": 0.0, "metalMinedTin": 0.0, "metalMinedIron": 0.0, "metalMinedMercuryCinnabar": 0.0, "metalMinedZinc": 0.0, "metalMinedOther": 0.0, "description": null, "references": "Domergue 1990: 41; Sanchez-Palencia and Orejas 1994, 195", "techniqueOpencast": 1.0, "techniqueUnderground": 0.0, "techniqueHydraulic": "TRUE", "techniqueHushing": "FALSE", "techniqueGroundSluicing": "FALSE", "techniqueRuinaMontium": 0.0, "techniqueRakeComb": 1.0, "techniqueGoldWashing": 0.0, "techniqueOther": 0.0, "notes": null, "geology": "Quaternary terrace", "depositType": "Secondary", "exploitationType": "Selective - Extensive", "Flag_Au_Oro": 1, "Status_Au_Oro": "Confirmado", "Flag_Ag_Plata": 0, "Status_Ag_Plata": "No", "Flag_Cu_Cobre": 0, "Status_Cu_Cobre": "No", "Flag_Pb_Plomo": 0, "Status_Pb_Plomo": "No", "Flag_Hg_Cinabrio": 0, "Status_Hg_Cinabrio": "No", "Flag_Sn_Estano": 0, "Status_Sn_Estano": "No", "Flag_Fe_Hierro": 0, "Status_Fe_Hierro": "No", "Tech_Ruina_Montium": 1, "Tech_Subterranea": 0, "Tech_Cielo_Abierto": 1, "Tech_Lavado_Placer": 0, "Certainty_Spatial": 1.0, "Certainty_Archaeological": 1.0, "Certainty_Metallogenic": 1.0, "Certainty_Score": 1.0, "Certainty_Grade": "Alta Certeza (Grado I)" }, "geometry": { "type": "Point", "coordinates": [ -7.182336261, 42.387062 ] } },
{ "type": "Feature", "properties": { "mineID": 1225, "site": "Río Sil 4: sub-site c", "ancientName": null, "province": "Hispania Tarraconensis", "country": "Spain", "region": "Lugo", "miningDistrict": "Cuenca media del Sil", "romanianRANID": null, "sanchezPalenciaAndOrejasID": "MS---", "domergueID": "LU 11.c", "spainMapSheet": null, "lambertX": 312.3, "lambertY": 871.2, "latitude": 42.39332556, "longitude": -7.183883438, "coordinateAccuracy": 100.0, "locationDataSource": "Converted in QGIS from Lambert coords, Madrid 1870", "locationNotes": null, "notBeforeOpeningDate": null, "notAfterOpeningDate": null, "notBeforeClosingDate": null, "notAfterClosingDate": null, "inUseDate": null, "metalMinedGold": "TRUE", "metalMinedSilver": 0.0, "metalMinedLead": 0.0, "metalMinedCopper": 0.0, "metalMinedTin": 0.0, "metalMinedIron": 0.0, "metalMinedMercuryCinnabar": 0.0, "metalMinedZinc": 0.0, "metalMinedOther": 0.0, "description": null, "references": "Domergue 1990: 41", "techniqueOpencast": 0.0, "techniqueUnderground": 0.0, "techniqueHydraulic": "TRUE", "techniqueHushing": "FALSE", "techniqueGroundSluicing": "FALSE", "techniqueRuinaMontium": 0.0, "techniqueRakeComb": 1.0, "techniqueGoldWashing": 0.0, "techniqueOther": 0.0, "notes": null, "geology": "Quaternary terrace", "depositType": null, "exploitationType": null, "Flag_Au_Oro": 1, "Status_Au_Oro": "Confirmado", "Flag_Ag_Plata": 0, "Status_Ag_Plata": "No", "Flag_Cu_Cobre": 0, "Status_Cu_Cobre": "No", "Flag_Pb_Plomo": 0, "Status_Pb_Plomo": "No", "Flag_Hg_Cinabrio": 0, "Status_Hg_Cinabrio": "No", "Flag_Sn_Estano": 0, "Status_Sn_Estano": "No", "Flag_Fe_Hierro": 0, "Status_Fe_Hierro": "No", "Tech_Ruina_Montium": 1, "Tech_Subterranea": 0, "Tech_Cielo_Abierto": 1, "Tech_Lavado_Placer": 0, "Certainty_Spatial": 1.0, "Certainty_Archaeological": 1.0, "Certainty_Metallogenic": 1.0, "Certainty_Score": 1.0, "Certainty_Grade": "Alta Certeza (Grado I)" }, "geometry": { "type": "Point", "coordinates": [ -7.183883438, 42.39332556 ] } },
{ "type": "Feature", "properties": { "mineID": 1226, "site": "Río Sil 4: Villamuz", "ancientName": null, "province": "Hispania Tarraconensis", "country": "Spain", "region": "Lugo", "miningDistrict": "Cuenca media del Sil", "romanianRANID": null, "sanchezPalenciaAndOrejasID": "MS-030 or MS-032", "domergueID": "LU 11.d", "spainMapSheet": null, "lambertX": 311.7, "lambertY": 870.4, "latitude": 42.38591481, "longitude": -7.190784935, "coordinateAccuracy": 100.0, "locationDataSource": "Converted in QGIS from Lambert coords, Madrid 1870", "locationNotes": null, "notBeforeOpeningDate": null, "notAfterOpeningDate": null, "notBeforeClosingDate": null, "notAfterClosingDate": null, "inUseDate": null, "metalMinedGold": "TRUE", "metalMinedSilver": 0.0, "metalMinedLead": 0.0, "metalMinedCopper": 0.0, "metalMinedTin": 0.0, "metalMinedIron": 0.0, "metalMinedMercuryCinnabar": 0.0, "metalMinedZinc": 0.0, "metalMinedOther": 0.0, "description": null, "references": "Domergue 1990: 41", "techniqueOpencast": 0.0, "techniqueUnderground": 0.0, "techniqueHydraulic": "TRUE", "techniqueHushing": "FALSE", "techniqueGroundSluicing": "FALSE", "techniqueRuinaMontium": 0.0, "techniqueRakeComb": 1.0, "techniqueGoldWashing": 0.0, "techniqueOther": 0.0, "notes": null, "geology": "Quaternary terrace", "depositType": null, "exploitationType": null, "Flag_Au_Oro": 1, "Status_Au_Oro": "Confirmado", "Flag_Ag_Plata": 0, "Status_Ag_Plata": "No", "Flag_Cu_Cobre": 0, "Status_Cu_Cobre": "No", "Flag_Pb_Plomo": 0, "Status_Pb_Plomo": "No", "Flag_Hg_Cinabrio": 0, "Status_Hg_Cinabrio": "No", "Flag_Sn_Estano": 0, "Status_Sn_Estano": "No", "Flag_Fe_Hierro": 0, "Status_Fe_Hierro": "No", "Tech_Ruina_Montium": 1, "Tech_Subterranea": 0, "Tech_Cielo_Abierto": 1, "Tech_Lavado_Placer": 0, "Certainty_Spatial": 1.0, "Certainty_Archaeological": 1.0, "Certainty_Metallogenic": 1.0, "Certainty_Score": 1.0, "Certainty_Grade": "Alta Certeza (Grado I)" }, "geometry": { "type": "Point", "coordinates": [ -7.190784935, 42.38591481 ] } },
{ "type": "Feature", "properties": { "mineID": 1227, "site": "Río Sil 4: Viña Grande / Las Chozas", "ancientName": null, "province": "Hispania Tarraconensis", "country": "Spain", "region": "Lugo", "miningDistrict": "Cuenca media del Sil", "romanianRANID": null, "sanchezPalenciaAndOrejasID": "MS-029", "domergueID": "LU 11.a", "spainMapSheet": null, "lambertX": 313.6, "lambertY": 870.9, "latitude": 42.39108403, "longitude": -7.167960512, "coordinateAccuracy": 100.0, "locationDataSource": "Converted in QGIS from Lambert coords, Madrid 1870", "locationNotes": "Assuming Las Chozas = As Chouzas on the IGN map, in which case it is the same as Domergue's Río Sil 4: Viña Grande", "notBeforeOpeningDate": null, "notAfterOpeningDate": null, "notBeforeClosingDate": null, "notAfterClosingDate": null, "inUseDate": null, "metalMinedGold": "TRUE", "metalMinedSilver": 0.0, "metalMinedLead": 0.0, "metalMinedCopper": 0.0, "metalMinedTin": 0.0, "metalMinedIron": 0.0, "metalMinedMercuryCinnabar": 0.0, "metalMinedZinc": 0.0, "metalMinedOther": 0.0, "description": null, "references": "Domergue 1990: 41; Sanchez-Palencia and Orejas 1994, 195", "techniqueOpencast": 1.0, "techniqueUnderground": 0.0, "techniqueHydraulic": "TRUE", "techniqueHushing": "FALSE", "techniqueGroundSluicing": "FALSE", "techniqueRuinaMontium": 0.0, "techniqueRakeComb": 1.0, "techniqueGoldWashing": 0.0, "techniqueOther": 0.0, "notes": null, "geology": "Quaternary terrace", "depositType": "Secondary", "exploitationType": "Extensive", "Flag_Au_Oro": 1, "Status_Au_Oro": "Confirmado", "Flag_Ag_Plata": 0, "Status_Ag_Plata": "No", "Flag_Cu_Cobre": 0, "Status_Cu_Cobre": "No", "Flag_Pb_Plomo": 0, "Status_Pb_Plomo": "No", "Flag_Hg_Cinabrio": 0, "Status_Hg_Cinabrio": "No", "Flag_Sn_Estano": 0, "Status_Sn_Estano": "No", "Flag_Fe_Hierro": 0, "Status_Fe_Hierro": "No", "Tech_Ruina_Montium": 1, "Tech_Subterranea": 0, "Tech_Cielo_Abierto": 1, "Tech_Lavado_Placer": 0, "Certainty_Spatial": 1.0, "Certainty_Archaeological": 1.0, "Certainty_Metallogenic": 1.0, "Certainty_Score": 1.0, "Certainty_Grade": "Alta Certeza (Grado I)" }, "geometry": { "type": "Point", "coordinates": [ -7.167960512, 42.39108403 ] } },
{ "type": "Feature", "properties": { "mineID": 1228, "site": "Río Sil 5: Aguasmestas", "ancientName": null, "province": "Hispania Tarraconensis", "country": "Spain", "region": "Lugo", "miningDistrict": "Cuenca media del Sil", "romanianRANID": null, "sanchezPalenciaAndOrejasID": "MS-046", "domergueID": "LU 12.5", "spainMapSheet": 189.0, "lambertX": 299.2, "lambertY": 879.0, "latitude": 42.45877481, "longitude": -7.346779839, "coordinateAccuracy": 100.0, "locationDataSource": "Converted in QGIS from Lambert coords, Madrid 1870", "locationNotes": null, "notBeforeOpeningDate": null, "notAfterOpeningDate": null, "notBeforeClosingDate": null, "notAfterClosingDate": null, "inUseDate": null, "metalMinedGold": "TRUE", "metalMinedSilver": 0.0, "metalMinedLead": 0.0, "metalMinedCopper": 0.0, "metalMinedTin": 0.0, "metalMinedIron": 0.0, "metalMinedMercuryCinnabar": 0.0, "metalMinedZinc": 0.0, "metalMinedOther": 0.0, "description": null, "references": "Domergue 1987: 352; Domergue 1990: 41; Sanchez-Palencia and Orejas 1994: 195", "techniqueOpencast": 1.0, "techniqueUnderground": 0.0, "techniqueHydraulic": "TRUE", "techniqueHushing": "FALSE", "techniqueGroundSluicing": "FALSE", "techniqueRuinaMontium": 0.0, "techniqueRakeComb": 0.0, "techniqueGoldWashing": 0.0, "techniqueOther": 0.0, "notes": null, "geology": "Quaternary terrace", "depositType": "Secondary", "exploitationType": "Selective", "Flag_Au_Oro": 1, "Status_Au_Oro": "Confirmado", "Flag_Ag_Plata": 0, "Status_Ag_Plata": "No", "Flag_Cu_Cobre": 0, "Status_Cu_Cobre": "No", "Flag_Pb_Plomo": 0, "Status_Pb_Plomo": "No", "Flag_Hg_Cinabrio": 0, "Status_Hg_Cinabrio": "No", "Flag_Sn_Estano": 0, "Status_Sn_Estano": "No", "Flag_Fe_Hierro": 0, "Status_Fe_Hierro": "No", "Tech_Ruina_Montium": 1, "Tech_Subterranea": 0, "Tech_Cielo_Abierto": 1, "Tech_Lavado_Placer": 0, "Certainty_Spatial": 1.0, "Certainty_Archaeological": 1.0, "Certainty_Metallogenic": 1.0, "Certainty_Score": 1.0, "Certainty_Grade": "Alta Certeza (Grado I)" }, "geometry": { "type": "Point", "coordinates": [ -7.346779839, 42.45877481 ] } },
{ "type": "Feature", "properties": { "mineID": 1229, "site": "Río Sil 5: Nocedo", "ancientName": null, "province": "Hispania Tarraconensis", "country": "Spain", "region": "Lugo", "miningDistrict": "Cuenca media del Sil", "romanianRANID": null, "sanchezPalenciaAndOrejasID": "MS---", "domergueID": "LU 12.3", "spainMapSheet": 189.0, "lambertX": 302.7, "lambertY": 880.0, "latitude": 42.46905787, "longitude": -7.304747156, "coordinateAccuracy": 100.0, "locationDataSource": "Converted in QGIS from Lambert coords, Madrid 1870", "locationNotes": null, "notBeforeOpeningDate": null, "notAfterOpeningDate": null, "notBeforeClosingDate": null, "notAfterClosingDate": null, "inUseDate": null, "metalMinedGold": "TRUE", "metalMinedSilver": 0.0, "metalMinedLead": 0.0, "metalMinedCopper": 0.0, "metalMinedTin": 0.0, "metalMinedIron": 0.0, "metalMinedMercuryCinnabar": 0.0, "metalMinedZinc": 0.0, "metalMinedOther": 0.0, "description": null, "references": "Domergue 1990: 41", "techniqueOpencast": 1.0, "techniqueUnderground": 0.0, "techniqueHydraulic": "TRUE", "techniqueHushing": "FALSE", "techniqueGroundSluicing": "FALSE", "techniqueRuinaMontium": 0.0, "techniqueRakeComb": 0.0, "techniqueGoldWashing": 0.0, "techniqueOther": 0.0, "notes": null, "geology": "Quaternary terrace", "depositType": null, "exploitationType": null, "Flag_Au_Oro": 1, "Status_Au_Oro": "Confirmado", "Flag_Ag_Plata": 0, "Status_Ag_Plata": "No", "Flag_Cu_Cobre": 0, "Status_Cu_Cobre": "No", "Flag_Pb_Plomo": 0, "Status_Pb_Plomo": "No", "Flag_Hg_Cinabrio": 0, "Status_Hg_Cinabrio": "No", "Flag_Sn_Estano": 0, "Status_Sn_Estano": "No", "Flag_Fe_Hierro": 0, "Status_Fe_Hierro": "No", "Tech_Ruina_Montium": 1, "Tech_Subterranea": 0, "Tech_Cielo_Abierto": 1, "Tech_Lavado_Placer": 0, "Certainty_Spatial": 1.0, "Certainty_Archaeological": 1.0, "Certainty_Metallogenic": 1.0, "Certainty_Score": 1.0, "Certainty_Grade": "Alta Certeza (Grado I)" }, "geometry": { "type": "Point", "coordinates": [ -7.304747156, 42.46905787 ] } },
{ "type": "Feature", "properties": { "mineID": 1230, "site": "Río Sil 5: Pacío Viejo / A Meda", "ancientName": null, "province": "Hispania Tarraconensis", "country": "Spain", "region": "Lugo", "miningDistrict": "Cuenca media del Sil", "romanianRANID": null, "sanchezPalenciaAndOrejasID": "MS-042", "domergueID": "LU 12.2", "spainMapSheet": 189.0, "lambertX": 306.0, "lambertY": 879.5, "latitude": 42.4657579, "longitude": -7.264400336, "coordinateAccuracy": 100.0, "locationDataSource": "Converted in QGIS from Lambert coords, Madrid 1870", "locationNotes": null, "notBeforeOpeningDate": null, "notAfterOpeningDate": null, "notBeforeClosingDate": null, "notAfterClosingDate": null, "inUseDate": null, "metalMinedGold": "TRUE", "metalMinedSilver": 0.0, "metalMinedLead": 0.0, "metalMinedCopper": 0.0, "metalMinedTin": 0.0, "metalMinedIron": 0.0, "metalMinedMercuryCinnabar": 0.0, "metalMinedZinc": 0.0, "metalMinedOther": 0.0, "description": null, "references": "Domergue 1990: 41; Sanchez-Palencia and Orejas 1994, 195", "techniqueOpencast": 1.0, "techniqueUnderground": 0.0, "techniqueHydraulic": "TRUE", "techniqueHushing": "FALSE", "techniqueGroundSluicing": "TRUE", "techniqueRuinaMontium": 0.0, "techniqueRakeComb": 1.0, "techniqueGoldWashing": 0.0, "techniqueOther": 0.0, "notes": null, "geology": "Quaternary terrace", "depositType": "Secondary", "exploitationType": "Selective - Extensive", "Flag_Au_Oro": 1, "Status_Au_Oro": "Confirmado", "Flag_Ag_Plata": 0, "Status_Ag_Plata": "No", "Flag_Cu_Cobre": 0, "Status_Cu_Cobre": "No", "Flag_Pb_Plomo": 0, "Status_Pb_Plomo": "No", "Flag_Hg_Cinabrio": 0, "Status_Hg_Cinabrio": "No", "Flag_Sn_Estano": 0, "Status_Sn_Estano": "No", "Flag_Fe_Hierro": 0, "Status_Fe_Hierro": "No", "Tech_Ruina_Montium": 1, "Tech_Subterranea": 0, "Tech_Cielo_Abierto": 1, "Tech_Lavado_Placer": 0, "Certainty_Spatial": 1.0, "Certainty_Archaeological": 1.0, "Certainty_Metallogenic": 1.0, "Certainty_Score": 1.0, "Certainty_Grade": "Alta Certeza (Grado I)" }, "geometry": { "type": "Point", "coordinates": [ -7.264400336, 42.4657579 ] } },
{ "type": "Feature", "properties": { "mineID": 1231, "site": "Río Sil 5: Rairos", "ancientName": null, "province": "Hispania Tarraconensis", "country": "Spain", "region": "Lugo", "miningDistrict": "Cuenca media del Sil", "romanianRANID": null, "sanchezPalenciaAndOrejasID": "MS-044", "domergueID": "LU 12.4", "spainMapSheet": 189.0, "lambertX": 301.4, "lambertY": 879.5, "latitude": 42.46408339, "longitude": -7.320297123, "coordinateAccuracy": 100.0, "locationDataSource": "Converted in QGIS from Lambert coords, Madrid 1870", "locationNotes": null, "notBeforeOpeningDate": null, "notAfterOpeningDate": null, "notBeforeClosingDate": null, "notAfterClosingDate": null, "inUseDate": null, "metalMinedGold": "TRUE", "metalMinedSilver": 0.0, "metalMinedLead": 0.0, "metalMinedCopper": 0.0, "metalMinedTin": 0.0, "metalMinedIron": 0.0, "metalMinedMercuryCinnabar": 0.0, "metalMinedZinc": 0.0, "metalMinedOther": 0.0, "description": null, "references": "Domergue 1990: 41; Sanchez-Palencia and Orejas 1994, 195", "techniqueOpencast": 1.0, "techniqueUnderground": 0.0, "techniqueHydraulic": "TRUE", "techniqueHushing": "FALSE", "techniqueGroundSluicing": "FALSE", "techniqueRuinaMontium": 0.0, "techniqueRakeComb": 0.0, "techniqueGoldWashing": 0.0, "techniqueOther": 0.0, "notes": null, "geology": "Quaternary terrace", "depositType": "Secondary", "exploitationType": "Extensive", "Flag_Au_Oro": 1, "Status_Au_Oro": "Confirmado", "Flag_Ag_Plata": 0, "Status_Ag_Plata": "No", "Flag_Cu_Cobre": 0, "Status_Cu_Cobre": "No", "Flag_Pb_Plomo": 0, "Status_Pb_Plomo": "No", "Flag_Hg_Cinabrio": 0, "Status_Hg_Cinabrio": "No", "Flag_Sn_Estano": 0, "Status_Sn_Estano": "No", "Flag_Fe_Hierro": 0, "Status_Fe_Hierro": "No", "Tech_Ruina_Montium": 1, "Tech_Subterranea": 0, "Tech_Cielo_Abierto": 1, "Tech_Lavado_Placer": 0, "Certainty_Spatial": 1.0, "Certainty_Archaeological": 1.0, "Certainty_Metallogenic": 1.0, "Certainty_Score": 1.0, "Certainty_Grade": "Alta Certeza (Grado I)" }, "geometry": { "type": "Point", "coordinates": [ -7.320297123, 42.46408339 ] } },
{ "type": "Feature", "properties": { "mineID": 1232, "site": "Río Sil 5: Sequeiros", "ancientName": null, "province": "Hispania Tarraconensis", "country": "Spain", "region": "Lugo", "miningDistrict": "Cuenca media del Sil", "romanianRANID": null, "sanchezPalenciaAndOrejasID": "MS-041", "domergueID": "LU 12.1", "spainMapSheet": 189.0, "lambertX": 307.5, "lambertY": 877.4, "latitude": 42.44740344, "longitude": -7.245153564, "coordinateAccuracy": 100.0, "locationDataSource": "Converted in QGIS from Lambert coords, Madrid 1870", "locationNotes": null, "notBeforeOpeningDate": null, "notAfterOpeningDate": null, "notBeforeClosingDate": null, "notAfterClosingDate": null, "inUseDate": null, "metalMinedGold": "TRUE", "metalMinedSilver": 0.0, "metalMinedLead": 0.0, "metalMinedCopper": 0.0, "metalMinedTin": 0.0, "metalMinedIron": 0.0, "metalMinedMercuryCinnabar": 0.0, "metalMinedZinc": 0.0, "metalMinedOther": 0.0, "description": null, "references": "Domergue 1990: 41; Sanchez-Palencia and Orejas 1994, 195", "techniqueOpencast": 1.0, "techniqueUnderground": 0.0, "techniqueHydraulic": "TRUE", "techniqueHushing": "FALSE", "techniqueGroundSluicing": "FALSE", "techniqueRuinaMontium": 0.0, "techniqueRakeComb": 0.0, "techniqueGoldWashing": 0.0, "techniqueOther": 0.0, "notes": null, "geology": "Quaternary terrace", "depositType": "Secondary", "exploitationType": "Extensive", "Flag_Au_Oro": 1, "Status_Au_Oro": "Confirmado", "Flag_Ag_Plata": 0, "Status_Ag_Plata": "No", "Flag_Cu_Cobre": 0, "Status_Cu_Cobre": "No", "Flag_Pb_Plomo": 0, "Status_Pb_Plomo": "No", "Flag_Hg_Cinabrio": 0, "Status_Hg_Cinabrio": "No", "Flag_Sn_Estano": 0, "Status_Sn_Estano": "No", "Flag_Fe_Hierro": 0, "Status_Fe_Hierro": "No", "Tech_Ruina_Montium": 1, "Tech_Subterranea": 0, "Tech_Cielo_Abierto": 1, "Tech_Lavado_Placer": 0, "Certainty_Spatial": 1.0, "Certainty_Archaeological": 1.0, "Certainty_Metallogenic": 1.0, "Certainty_Score": 1.0, "Certainty_Grade": "Alta Certeza (Grado I)" }, "geometry": { "type": "Point", "coordinates": [ -7.245153564, 42.44740344 ] } },
{ "type": "Feature", "properties": { "mineID": 1234, "site": "Los Arrotos - Laguna Cernea (Río Turienzo)", "ancientName": null, "province": "Hispania Tarraconensis", "country": "Spain", "region": "León", "miningDistrict": "Cuencas del Turienzo y Jerega", "romanianRANID": null, "sanchezPalenciaAndOrejasID": "TJ-10", "domergueID": "LE 37", "spainMapSheet": 192.0, "lambertX": 389.0, "lambertY": 876.0, "latitude": 42.452458, "longitude": -6.245522, "coordinateAccuracy": 100.0, "locationDataSource": "Converted in QGIS from Lambert coords, Madrid 1870", "locationNotes": "Mines over a length of 9 km; need to add detail from Domergue as separate sites", "notBeforeOpeningDate": null, "notAfterOpeningDate": null, "notBeforeClosingDate": null, "notAfterClosingDate": null, "inUseDate": null, "metalMinedGold": "TRUE", "metalMinedSilver": 0.0, "metalMinedLead": 0.0, "metalMinedCopper": 0.0, "metalMinedTin": 0.0, "metalMinedIron": 0.0, "metalMinedMercuryCinnabar": 0.0, "metalMinedZinc": 0.0, "metalMinedOther": 0.0, "description": null, "references": "Domergue 1990: 43; Sanchez-Palencia and Orejas 1994, 202", "techniqueOpencast": 1.0, "techniqueUnderground": 0.0, "techniqueHydraulic": "TRUE", "techniqueHushing": "FALSE", "techniqueGroundSluicing": "FALSE", "techniqueRuinaMontium": 0.0, "techniqueRakeComb": 0.0, "techniqueGoldWashing": 0.0, "techniqueOther": 0.0, "notes": null, "geology": "Alterites, Tertiary deposits, and terraces", "depositType": "Secondary", "exploitationType": "Selective", "Flag_Au_Oro": 1, "Status_Au_Oro": "Confirmado", "Flag_Ag_Plata": 0, "Status_Ag_Plata": "No", "Flag_Cu_Cobre": 0, "Status_Cu_Cobre": "No", "Flag_Pb_Plomo": 0, "Status_Pb_Plomo": "No", "Flag_Hg_Cinabrio": 0, "Status_Hg_Cinabrio": "No", "Flag_Sn_Estano": 0, "Status_Sn_Estano": "No", "Flag_Fe_Hierro": 0, "Status_Fe_Hierro": "No", "Tech_Ruina_Montium": 1, "Tech_Subterranea": 0, "Tech_Cielo_Abierto": 1, "Tech_Lavado_Placer": 0, "Certainty_Spatial": 1.0, "Certainty_Archaeological": 1.0, "Certainty_Metallogenic": 1.0, "Certainty_Score": 1.0, "Certainty_Grade": "Alta Certeza (Grado I)" }, "geometry": { "type": "Point", "coordinates": [ -6.245522, 42.452458 ] } },
{ "type": "Feature", "properties": { "mineID": 1235, "site": "Los Barriales (Río Turienzo)", "ancientName": null, "province": "Hispania Tarraconensis", "country": "Spain", "region": "León", "miningDistrict": "Cuencas del Turienzo y Jerega", "romanianRANID": null, "sanchezPalenciaAndOrejasID": "TJ-14", "domergueID": "LE 37", "spainMapSheet": 193.0, "lambertX": 397.6, "lambertY": 871.0, "latitude": 42.42551, "longitude": -6.156194, "coordinateAccuracy": 500.0, "locationDataSource": "Converted in QGIS from Lambert coords, Madrid 1870 and then adjusted with Google Earth", "locationNotes": "Mines over a length of 9 km; need to add detail from Domergue as separate sites", "notBeforeOpeningDate": null, "notAfterOpeningDate": null, "notBeforeClosingDate": null, "notAfterClosingDate": null, "inUseDate": null, "metalMinedGold": "TRUE", "metalMinedSilver": 0.0, "metalMinedLead": 0.0, "metalMinedCopper": 0.0, "metalMinedTin": 0.0, "metalMinedIron": 0.0, "metalMinedMercuryCinnabar": 0.0, "metalMinedZinc": 0.0, "metalMinedOther": 0.0, "description": null, "references": "Domergue 1990: 43; Sanchez-Palencia and Orejas 1994, 202", "techniqueOpencast": 1.0, "techniqueUnderground": 0.0, "techniqueHydraulic": "TRUE", "techniqueHushing": "FALSE", "techniqueGroundSluicing": "FALSE", "techniqueRuinaMontium": 0.0, "techniqueRakeComb": 0.0, "techniqueGoldWashing": 0.0, "techniqueOther": 0.0, "notes": null, "geology": "Alterites, Tertiary deposits, and terraces", "depositType": "Secondary", "exploitationType": "Selective - Extensive", "Flag_Au_Oro": 1, "Status_Au_Oro": "Confirmado", "Flag_Ag_Plata": 0, "Status_Ag_Plata": "No", "Flag_Cu_Cobre": 0, "Status_Cu_Cobre": "No", "Flag_Pb_Plomo": 0, "Status_Pb_Plomo": "No", "Flag_Hg_Cinabrio": 0, "Status_Hg_Cinabrio": "No", "Flag_Sn_Estano": 0, "Status_Sn_Estano": "No", "Flag_Fe_Hierro": 0, "Status_Fe_Hierro": "No", "Tech_Ruina_Montium": 1, "Tech_Subterranea": 0, "Tech_Cielo_Abierto": 1, "Tech_Lavado_Placer": 0, "Certainty_Spatial": 0.85, "Certainty_Archaeological": 1.0, "Certainty_Metallogenic": 1.0, "Certainty_Score": 0.94, "Certainty_Grade": "Alta Certeza (Grado I)" }, "geometry": { "type": "Point", "coordinates": [ -6.156194, 42.42551 ] } },
{ "type": "Feature", "properties": { "mineID": 1236, "site": "Río Valledor", "ancientName": null, "province": "Hispania Tarraconensis", "country": "Spain", "region": "Oviedo", "miningDistrict": "Cuenca del Navia", "romanianRANID": null, "sanchezPalenciaAndOrejasID": "NV-56", "domergueID": null, "spainMapSheet": null, "lambertX": null, "lambertY": null, "latitude": 43.132623, "longitude": -6.801538, "coordinateAccuracy": 1000.0, "locationDataSource": "Placename, Google Earth, and Sanchez-Palencia and Orejas 1994, fig. 13.", "locationNotes": null, "notBeforeOpeningDate": null, "notAfterOpeningDate": null, "notBeforeClosingDate": null, "notAfterClosingDate": null, "inUseDate": null, "metalMinedGold": "TRUE", "metalMinedSilver": 0.0, "metalMinedLead": 0.0, "metalMinedCopper": 0.0, "metalMinedTin": 0.0, "metalMinedIron": 0.0, "metalMinedMercuryCinnabar": 0.0, "metalMinedZinc": 0.0, "metalMinedOther": 0.0, "description": null, "references": "Sanchez-Palencia and Orejas 1994, 200", "techniqueOpencast": 1.0, "techniqueUnderground": 0.0, "techniqueHydraulic": "TRUE", "techniqueHushing": null, "techniqueGroundSluicing": null, "techniqueRuinaMontium": null, "techniqueRakeComb": null, "techniqueGoldWashing": null, "techniqueOther": null, "notes": null, "geology": null, "depositType": "Secondary", "exploitationType": "Selective", "Flag_Au_Oro": 1, "Status_Au_Oro": "Confirmado", "Flag_Ag_Plata": 0, "Status_Ag_Plata": "No", "Flag_Cu_Cobre": 0, "Status_Cu_Cobre": "No", "Flag_Pb_Plomo": 0, "Status_Pb_Plomo": "No", "Flag_Hg_Cinabrio": 0, "Status_Hg_Cinabrio": "No", "Flag_Sn_Estano": 0, "Status_Sn_Estano": "No", "Flag_Fe_Hierro": 0, "Status_Fe_Hierro": "No", "Tech_Ruina_Montium": 1, "Tech_Subterranea": 0, "Tech_Cielo_Abierto": 1, "Tech_Lavado_Placer": 0, "Certainty_Spatial": 0.7, "Certainty_Archaeological": 0.9, "Certainty_Metallogenic": 1.0, "Certainty_Score": 0.845, "Certainty_Grade": "Alta Certeza (Grado I)" }, "geometry": { "type": "Point", "coordinates": [ -6.801538, 43.132623 ] } },
{ "type": "Feature", "properties": { "mineID": 1238, "site": "Riocabo", "ancientName": null, "province": "Hispania Tarraconensis", "country": "Spain", "region": "Oviedo", "miningDistrict": "Cuenca del Porcia", "romanianRANID": null, "sanchezPalenciaAndOrejasID": "PO-07", "domergueID": null, "spainMapSheet": null, "lambertX": null, "lambertY": null, "latitude": 43.46762, "longitude": -6.831393, "coordinateAccuracy": 500.0, "locationDataSource": "Placename, Riucabo, IGN map, compared with Google Earth.", "locationNotes": null, "notBeforeOpeningDate": null, "notAfterOpeningDate": null, "notBeforeClosingDate": null, "notAfterClosingDate": null, "inUseDate": null, "metalMinedGold": "TRUE", "metalMinedSilver": 0.0, "metalMinedLead": 0.0, "metalMinedCopper": 0.0, "metalMinedTin": 0.0, "metalMinedIron": 0.0, "metalMinedMercuryCinnabar": 0.0, "metalMinedZinc": 0.0, "metalMinedOther": 0.0, "description": null, "references": "Sanchez-Palencia and Orejas 1994, 201", "techniqueOpencast": 1.0, "techniqueUnderground": 0.0, "techniqueHydraulic": "TRUE", "techniqueHushing": null, "techniqueGroundSluicing": null, "techniqueRuinaMontium": null, "techniqueRakeComb": null, "techniqueGoldWashing": null, "techniqueOther": null, "notes": null, "geology": null, "depositType": "Secondary", "exploitationType": "Selective", "Flag_Au_Oro": 1, "Status_Au_Oro": "Confirmado", "Flag_Ag_Plata": 0, "Status_Ag_Plata": "No", "Flag_Cu_Cobre": 0, "Status_Cu_Cobre": "No", "Flag_Pb_Plomo": 0, "Status_Pb_Plomo": "No", "Flag_Hg_Cinabrio": 0, "Status_Hg_Cinabrio": "No", "Flag_Sn_Estano": 0, "Status_Sn_Estano": "No", "Flag_Fe_Hierro": 0, "Status_Fe_Hierro": "No", "Tech_Ruina_Montium": 1, "Tech_Subterranea": 0, "Tech_Cielo_Abierto": 1, "Tech_Lavado_Placer": 0, "Certainty_Spatial": 0.85, "Certainty_Archaeological": 0.9, "Certainty_Metallogenic": 1.0, "Certainty_Score": 0.905, "Certainty_Grade": "Alta Certeza (Grado I)" }, "geometry": { "type": "Point", "coordinates": [ -6.831393, 43.46762 ] } },
{ "type": "Feature", "properties": { "mineID": 1246, "site": "Robledo I", "ancientName": null, "province": "Hispania Tarraconensis", "country": "Spain", "region": "Oviedo", "miningDistrict": "Cuenca del Navia", "romanianRANID": null, "sanchezPalenciaAndOrejasID": "NV-45", "domergueID": null, "spainMapSheet": null, "lambertX": null, "lambertY": null, "latitude": 43.185507, "longitude": -6.76863, "coordinateAccuracy": 500.0, "locationDataSource": "Guessed, in relation to Villasonte and La Presa, after Sanchez-Palencia and Orejas 1994, fig. 13.", "locationNotes": null, "notBeforeOpeningDate": null, "notAfterOpeningDate": null, "notBeforeClosingDate": null, "notAfterClosingDate": null, "inUseDate": null, "metalMinedGold": "TRUE", "metalMinedSilver": 0.0, "metalMinedLead": 0.0, "metalMinedCopper": 0.0, "metalMinedTin": 0.0, "metalMinedIron": 0.0, "metalMinedMercuryCinnabar": 0.0, "metalMinedZinc": 0.0, "metalMinedOther": 0.0, "description": null, "references": "Sanchez-Palencia and Orejas 1994, 200", "techniqueOpencast": 1.0, "techniqueUnderground": 0.0, "techniqueHydraulic": "TRUE", "techniqueHushing": null, "techniqueGroundSluicing": null, "techniqueRuinaMontium": null, "techniqueRakeComb": null, "techniqueGoldWashing": null, "techniqueOther": null, "notes": null, "geology": null, "depositType": "Secondary", "exploitationType": "Extensive", "Flag_Au_Oro": 1, "Status_Au_Oro": "Confirmado", "Flag_Ag_Plata": 0, "Status_Ag_Plata": "No", "Flag_Cu_Cobre": 0, "Status_Cu_Cobre": "No", "Flag_Pb_Plomo": 0, "Status_Pb_Plomo": "No", "Flag_Hg_Cinabrio": 0, "Status_Hg_Cinabrio": "No", "Flag_Sn_Estano": 0, "Status_Sn_Estano": "No", "Flag_Fe_Hierro": 0, "Status_Fe_Hierro": "No", "Tech_Ruina_Montium": 1, "Tech_Subterranea": 0, "Tech_Cielo_Abierto": 1, "Tech_Lavado_Placer": 0, "Certainty_Spatial": 0.85, "Certainty_Archaeological": 0.9, "Certainty_Metallogenic": 1.0, "Certainty_Score": 0.905, "Certainty_Grade": "Alta Certeza (Grado I)" }, "geometry": { "type": "Point", "coordinates": [ -6.76863, 43.185507 ] } },
{ "type": "Feature", "properties": { "mineID": 1247, "site": "Robledo II", "ancientName": null, "province": "Hispania Tarraconensis", "country": "Spain", "region": "Oviedo", "miningDistrict": "Cuenca del Navia", "romanianRANID": null, "sanchezPalenciaAndOrejasID": "NV-44", "domergueID": null, "spainMapSheet": null, "lambertX": null, "lambertY": null, "latitude": 43.187871, "longitude": -6.766993, "coordinateAccuracy": 500.0, "locationDataSource": "Guessed, in relation to Villasonte and La Presa, after Sanchez-Palencia and Orejas 1994, fig. 13.", "locationNotes": null, "notBeforeOpeningDate": null, "notAfterOpeningDate": null, "notBeforeClosingDate": null, "notAfterClosingDate": null, "inUseDate": null, "metalMinedGold": "TRUE", "metalMinedSilver": 0.0, "metalMinedLead": 0.0, "metalMinedCopper": 0.0, "metalMinedTin": 0.0, "metalMinedIron": 0.0, "metalMinedMercuryCinnabar": 0.0, "metalMinedZinc": 0.0, "metalMinedOther": 0.0, "description": null, "references": "Sanchez-Palencia and Orejas 1994, 200", "techniqueOpencast": 1.0, "techniqueUnderground": 0.0, "techniqueHydraulic": "TRUE", "techniqueHushing": null, "techniqueGroundSluicing": null, "techniqueRuinaMontium": null, "techniqueRakeComb": null, "techniqueGoldWashing": null, "techniqueOther": null, "notes": null, "geology": null, "depositType": "Secondary", "exploitationType": "Extensive", "Flag_Au_Oro": 1, "Status_Au_Oro": "Confirmado", "Flag_Ag_Plata": 0, "Status_Ag_Plata": "No", "Flag_Cu_Cobre": 0, "Status_Cu_Cobre": "No", "Flag_Pb_Plomo": 0, "Status_Pb_Plomo": "No", "Flag_Hg_Cinabrio": 0, "Status_Hg_Cinabrio": "No", "Flag_Sn_Estano": 0, "Status_Sn_Estano": "No", "Flag_Fe_Hierro": 0, "Status_Fe_Hierro": "No", "Tech_Ruina_Montium": 1, "Tech_Subterranea": 0, "Tech_Cielo_Abierto": 1, "Tech_Lavado_Placer": 0, "Certainty_Spatial": 0.85, "Certainty_Archaeological": 0.9, "Certainty_Metallogenic": 1.0, "Certainty_Score": 0.905, "Certainty_Grade": "Alta Certeza (Grado I)" }, "geometry": { "type": "Point", "coordinates": [ -6.766993, 43.187871 ] } },
{ "type": "Feature", "properties": { "mineID": 1249, "site": "Román", "ancientName": null, "province": "Hispania Tarraconensis", "country": "Spain", "region": "Oviedo", "miningDistrict": "Cuenca del Navia", "romanianRANID": null, "sanchezPalenciaAndOrejasID": "NV-23", "domergueID": null, "spainMapSheet": null, "lambertX": null, "lambertY": null, "latitude": 43.024431, "longitude": -6.863934, "coordinateAccuracy": 100.0, "locationDataSource": "Google Earth, IGN map, and Sanchez-Palencia and Orejas 1994, fig. 13.", "locationNotes": null, "notBeforeOpeningDate": null, "notAfterOpeningDate": null, "notBeforeClosingDate": null, "notAfterClosingDate": null, "inUseDate": null, "metalMinedGold": "TRUE", "metalMinedSilver": 0.0, "metalMinedLead": 0.0, "metalMinedCopper": 0.0, "metalMinedTin": 0.0, "metalMinedIron": 0.0, "metalMinedMercuryCinnabar": 0.0, "metalMinedZinc": 0.0, "metalMinedOther": 0.0, "description": null, "references": "Sanchez-Palencia and Orejas 1994, 199", "techniqueOpencast": 1.0, "techniqueUnderground": 0.0, "techniqueHydraulic": "TRUE", "techniqueHushing": null, "techniqueGroundSluicing": null, "techniqueRuinaMontium": null, "techniqueRakeComb": null, "techniqueGoldWashing": null, "techniqueOther": null, "notes": null, "geology": null, "depositType": "Secondary", "exploitationType": "Extensive", "Flag_Au_Oro": 1, "Status_Au_Oro": "Confirmado", "Flag_Ag_Plata": 0, "Status_Ag_Plata": "No", "Flag_Cu_Cobre": 0, "Status_Cu_Cobre": "No", "Flag_Pb_Plomo": 0, "Status_Pb_Plomo": "No", "Flag_Hg_Cinabrio": 0, "Status_Hg_Cinabrio": "No", "Flag_Sn_Estano": 0, "Status_Sn_Estano": "No", "Flag_Fe_Hierro": 0, "Status_Fe_Hierro": "No", "Tech_Ruina_Montium": 1, "Tech_Subterranea": 0, "Tech_Cielo_Abierto": 1, "Tech_Lavado_Placer": 0, "Certainty_Spatial": 1.0, "Certainty_Archaeological": 0.9, "Certainty_Metallogenic": 1.0, "Certainty_Score": 0.965, "Certainty_Grade": "Alta Certeza (Grado I)" }, "geometry": { "type": "Point", "coordinates": [ -6.863934, 43.024431 ] } },
{ "type": "Feature", "properties": { "mineID": 1253, "site": "Rubieros", "ancientName": null, "province": "Hispania Tarraconensis", "country": "Spain", "region": "Oviedo", "miningDistrict": "Cuenca del Narcea", "romanianRANID": null, "sanchezPalenciaAndOrejasID": "NA-05", "domergueID": null, "spainMapSheet": null, "lambertX": null, "lambertY": null, "latitude": 43.233056, "longitude": -6.518363, "coordinateAccuracy": 500.0, "locationDataSource": "Estimated from Sanchez-Palencia and Orejas 1994, fig. 13, IGN map, and Google Earth", "locationNotes": null, "notBeforeOpeningDate": null, "notAfterOpeningDate": null, "notBeforeClosingDate": null, "notAfterClosingDate": null, "inUseDate": null, "metalMinedGold": "TRUE", "metalMinedSilver": 0.0, "metalMinedLead": 0.0, "metalMinedCopper": 0.0, "metalMinedTin": 0.0, "metalMinedIron": 0.0, "metalMinedMercuryCinnabar": 0.0, "metalMinedZinc": 0.0, "metalMinedOther": 0.0, "description": null, "references": "Sanchez-Palencia and Orejas 1994, 197", "techniqueOpencast": 1.0, "techniqueUnderground": 0.0, "techniqueHydraulic": "TRUE", "techniqueHushing": null, "techniqueGroundSluicing": null, "techniqueRuinaMontium": null, "techniqueRakeComb": null, "techniqueGoldWashing": null, "techniqueOther": null, "notes": null, "geology": null, "depositType": "Secondary", "exploitationType": "Selective", "Flag_Au_Oro": 1, "Status_Au_Oro": "Confirmado", "Flag_Ag_Plata": 0, "Status_Ag_Plata": "No", "Flag_Cu_Cobre": 0, "Status_Cu_Cobre": "No", "Flag_Pb_Plomo": 0, "Status_Pb_Plomo": "No", "Flag_Hg_Cinabrio": 0, "Status_Hg_Cinabrio": "No", "Flag_Sn_Estano": 0, "Status_Sn_Estano": "No", "Flag_Fe_Hierro": 0, "Status_Fe_Hierro": "No", "Tech_Ruina_Montium": 1, "Tech_Subterranea": 0, "Tech_Cielo_Abierto": 1, "Tech_Lavado_Placer": 0, "Certainty_Spatial": 0.85, "Certainty_Archaeological": 0.9, "Certainty_Metallogenic": 1.0, "Certainty_Score": 0.905, "Certainty_Grade": "Alta Certeza (Grado I)" }, "geometry": { "type": "Point", "coordinates": [ -6.518363, 43.233056 ] } },
{ "type": "Feature", "properties": { "mineID": 1258, "site": "Sampayo", "ancientName": null, "province": "Hispania Tarraconensis", "country": "Spain", "region": "Orense", "miningDistrict": "Cuenca media del Sil", "romanianRANID": null, "sanchezPalenciaAndOrejasID": "MS-028", "domergueID": null, "spainMapSheet": null, "lambertX": null, "lambertY": null, "latitude": 42.379346, "longitude": -7.089137, "coordinateAccuracy": 1000.0, "locationDataSource": "Guessed from IGN map", "locationNotes": "Assuming Sampayo = San Paio", "notBeforeOpeningDate": null, "notAfterOpeningDate": null, "notBeforeClosingDate": null, "notAfterClosingDate": null, "inUseDate": null, "metalMinedGold": "TRUE", "metalMinedSilver": 0.0, "metalMinedLead": 0.0, "metalMinedCopper": 0.0, "metalMinedTin": 0.0, "metalMinedIron": 0.0, "metalMinedMercuryCinnabar": 0.0, "metalMinedZinc": 0.0, "metalMinedOther": 0.0, "description": null, "references": "Sanchez-Palencia and Orejas 1994, 195", "techniqueOpencast": 1.0, "techniqueUnderground": 0.0, "techniqueHydraulic": "TRUE", "techniqueHushing": null, "techniqueGroundSluicing": null, "techniqueRuinaMontium": null, "techniqueRakeComb": null, "techniqueGoldWashing": null, "techniqueOther": null, "notes": null, "geology": null, "depositType": "Secondary", "exploitationType": "Extensive", "Flag_Au_Oro": 1, "Status_Au_Oro": "Confirmado", "Flag_Ag_Plata": 0, "Status_Ag_Plata": "No", "Flag_Cu_Cobre": 0, "Status_Cu_Cobre": "No", "Flag_Pb_Plomo": 0, "Status_Pb_Plomo": "No", "Flag_Hg_Cinabrio": 0, "Status_Hg_Cinabrio": "No", "Flag_Sn_Estano": 0, "Status_Sn_Estano": "No", "Flag_Fe_Hierro": 0, "Status_Fe_Hierro": "No", "Tech_Ruina_Montium": 1, "Tech_Subterranea": 0, "Tech_Cielo_Abierto": 1, "Tech_Lavado_Placer": 0, "Certainty_Spatial": 0.7, "Certainty_Archaeological": 0.9, "Certainty_Metallogenic": 1.0, "Certainty_Score": 0.845, "Certainty_Grade": "Alta Certeza (Grado I)" }, "geometry": { "type": "Point", "coordinates": [ -7.089137, 42.379346 ] } },
{ "type": "Feature", "properties": { "mineID": 1260, "site": "San Antolín de Ibias I", "ancientName": null, "province": "Hispania Tarraconensis", "country": "Spain", "region": "Oviedo", "miningDistrict": "Cuenca del Navia", "romanianRANID": null, "sanchezPalenciaAndOrejasID": "NV-26", "domergueID": null, "spainMapSheet": null, "lambertX": null, "lambertY": null, "latitude": 43.043902, "longitude": -6.8751, "coordinateAccuracy": 500.0, "locationDataSource": "Google Earth, IGN map, and Sanchez-Palencia and Orejas 1994, fig. 13.", "locationNotes": null, "notBeforeOpeningDate": null, "notAfterOpeningDate": null, "notBeforeClosingDate": null, "notAfterClosingDate": null, "inUseDate": null, "metalMinedGold": "TRUE", "metalMinedSilver": 0.0, "metalMinedLead": 0.0, "metalMinedCopper": 0.0, "metalMinedTin": 0.0, "metalMinedIron": 0.0, "metalMinedMercuryCinnabar": 0.0, "metalMinedZinc": 0.0, "metalMinedOther": 0.0, "description": null, "references": "Sanchez-Palencia and Orejas 1994, 199", "techniqueOpencast": 1.0, "techniqueUnderground": 0.0, "techniqueHydraulic": "TRUE", "techniqueHushing": null, "techniqueGroundSluicing": null, "techniqueRuinaMontium": null, "techniqueRakeComb": null, "techniqueGoldWashing": null, "techniqueOther": null, "notes": null, "geology": null, "depositType": "Secondary", "exploitationType": "Extensive", "Flag_Au_Oro": 1, "Status_Au_Oro": "Confirmado", "Flag_Ag_Plata": 0, "Status_Ag_Plata": "No", "Flag_Cu_Cobre": 0, "Status_Cu_Cobre": "No", "Flag_Pb_Plomo": 0, "Status_Pb_Plomo": "No", "Flag_Hg_Cinabrio": 0, "Status_Hg_Cinabrio": "No", "Flag_Sn_Estano": 0, "Status_Sn_Estano": "No", "Flag_Fe_Hierro": 0, "Status_Fe_Hierro": "No", "Tech_Ruina_Montium": 1, "Tech_Subterranea": 0, "Tech_Cielo_Abierto": 1, "Tech_Lavado_Placer": 0, "Certainty_Spatial": 0.85, "Certainty_Archaeological": 0.9, "Certainty_Metallogenic": 1.0, "Certainty_Score": 0.905, "Certainty_Grade": "Alta Certeza (Grado I)" }, "geometry": { "type": "Point", "coordinates": [ -6.8751, 43.043902 ] } },
{ "type": "Feature", "properties": { "mineID": 1261, "site": "San Clodio", "ancientName": null, "province": "Hispania Tarraconensis", "country": "Spain", "region": "Lugo", "miningDistrict": "Cuenca media del Sil", "romanianRANID": null, "sanchezPalenciaAndOrejasID": "MS-043", "domergueID": null, "spainMapSheet": null, "lambertX": null, "lambertY": null, "latitude": 42.462386, "longitude": -7.287404, "coordinateAccuracy": 500.0, "locationDataSource": "Estimated from Google Earth, IGN map, and Sanchez-Palencia and Orejas 1994, fig. 16", "locationNotes": null, "notBeforeOpeningDate": null, "notAfterOpeningDate": null, "notBeforeClosingDate": null, "notAfterClosingDate": null, "inUseDate": null, "metalMinedGold": "TRUE", "metalMinedSilver": 0.0, "metalMinedLead": 0.0, "metalMinedCopper": 0.0, "metalMinedTin": 0.0, "metalMinedIron": 0.0, "metalMinedMercuryCinnabar": 0.0, "metalMinedZinc": 0.0, "metalMinedOther": 0.0, "description": null, "references": "Sanchez-Palencia and Orejas 1994, 195", "techniqueOpencast": 1.0, "techniqueUnderground": 0.0, "techniqueHydraulic": "TRUE", "techniqueHushing": null, "techniqueGroundSluicing": null, "techniqueRuinaMontium": null, "techniqueRakeComb": null, "techniqueGoldWashing": null, "techniqueOther": null, "notes": null, "geology": null, "depositType": "Secondary", "exploitationType": "Extensive", "Flag_Au_Oro": 1, "Status_Au_Oro": "Confirmado", "Flag_Ag_Plata": 0, "Status_Ag_Plata": "No", "Flag_Cu_Cobre": 0, "Status_Cu_Cobre": "No", "Flag_Pb_Plomo": 0, "Status_Pb_Plomo": "No", "Flag_Hg_Cinabrio": 0, "Status_Hg_Cinabrio": "No", "Flag_Sn_Estano": 0, "Status_Sn_Estano": "No", "Flag_Fe_Hierro": 0, "Status_Fe_Hierro": "No", "Tech_Ruina_Montium": 1, "Tech_Subterranea": 0, "Tech_Cielo_Abierto": 1, "Tech_Lavado_Placer": 0, "Certainty_Spatial": 0.85, "Certainty_Archaeological": 0.9, "Certainty_Metallogenic": 1.0, "Certainty_Score": 0.905, "Certainty_Grade": "Alta Certeza (Grado I)" }, "geometry": { "type": "Point", "coordinates": [ -7.287404, 42.462386 ] } },
{ "type": "Feature", "properties": { "mineID": 1272, "site": "San Pedro de las Montañas II", "ancientName": null, "province": "Hispania Tarraconensis", "country": "Spain", "region": "Oviedo", "miningDistrict": "Cuenca del Narcea", "romanianRANID": null, "sanchezPalenciaAndOrejasID": "NA-15", "domergueID": null, "spainMapSheet": null, "lambertX": null, "lambertY": null, "latitude": 43.155428, "longitude": -6.655847, "coordinateAccuracy": 1000.0, "locationDataSource": "Guessed from Sanchez-Palencia and Orejas 1994 fig. 13 and Google Earth", "locationNotes": null, "notBeforeOpeningDate": null, "notAfterOpeningDate": null, "notBeforeClosingDate": null, "notAfterClosingDate": null, "inUseDate": null, "metalMinedGold": "TRUE", "metalMinedSilver": 0.0, "metalMinedLead": 0.0, "metalMinedCopper": 0.0, "metalMinedTin": 0.0, "metalMinedIron": 0.0, "metalMinedMercuryCinnabar": 0.0, "metalMinedZinc": 0.0, "metalMinedOther": 0.0, "description": null, "references": "Sanchez-Palencia and Orejas 1994, 197", "techniqueOpencast": 1.0, "techniqueUnderground": 0.0, "techniqueHydraulic": "TRUE", "techniqueHushing": null, "techniqueGroundSluicing": null, "techniqueRuinaMontium": null, "techniqueRakeComb": null, "techniqueGoldWashing": null, "techniqueOther": null, "notes": null, "geology": null, "depositType": "Secondary", "exploitationType": "Selective", "Flag_Au_Oro": 1, "Status_Au_Oro": "Confirmado", "Flag_Ag_Plata": 0, "Status_Ag_Plata": "No", "Flag_Cu_Cobre": 0, "Status_Cu_Cobre": "No", "Flag_Pb_Plomo": 0, "Status_Pb_Plomo": "No", "Flag_Hg_Cinabrio": 0, "Status_Hg_Cinabrio": "No", "Flag_Sn_Estano": 0, "Status_Sn_Estano": "No", "Flag_Fe_Hierro": 0, "Status_Fe_Hierro": "No", "Tech_Ruina_Montium": 1, "Tech_Subterranea": 0, "Tech_Cielo_Abierto": 1, "Tech_Lavado_Placer": 0, "Certainty_Spatial": 0.7, "Certainty_Archaeological": 0.9, "Certainty_Metallogenic": 1.0, "Certainty_Score": 0.845, "Certainty_Grade": "Alta Certeza (Grado I)" }, "geometry": { "type": "Point", "coordinates": [ -6.655847, 43.155428 ] } },
{ "type": "Feature", "properties": { "mineID": 1273, "site": "San Pedro de las Montañas III", "ancientName": null, "province": "Hispania Tarraconensis", "country": "Spain", "region": "Oviedo", "miningDistrict": "Cuenca del Narcea", "romanianRANID": null, "sanchezPalenciaAndOrejasID": "NA-14", "domergueID": null, "spainMapSheet": null, "lambertX": null, "lambertY": null, "latitude": 43.150385, "longitude": -6.660487, "coordinateAccuracy": 1000.0, "locationDataSource": "Guessed from Sanchez-Palencia and Orejas 1994 fig. 13 and Google Earth", "locationNotes": null, "notBeforeOpeningDate": null, "notAfterOpeningDate": null, "notBeforeClosingDate": null, "notAfterClosingDate": null, "inUseDate": null, "metalMinedGold": "TRUE", "metalMinedSilver": 0.0, "metalMinedLead": 0.0, "metalMinedCopper": 0.0, "metalMinedTin": 0.0, "metalMinedIron": 0.0, "metalMinedMercuryCinnabar": 0.0, "metalMinedZinc": 0.0, "metalMinedOther": 0.0, "description": null, "references": "Sanchez-Palencia and Orejas 1994, 197", "techniqueOpencast": 1.0, "techniqueUnderground": 0.0, "techniqueHydraulic": "TRUE", "techniqueHushing": null, "techniqueGroundSluicing": null, "techniqueRuinaMontium": null, "techniqueRakeComb": null, "techniqueGoldWashing": null, "techniqueOther": null, "notes": null, "geology": null, "depositType": "Secondary", "exploitationType": "Selective", "Flag_Au_Oro": 1, "Status_Au_Oro": "Confirmado", "Flag_Ag_Plata": 0, "Status_Ag_Plata": "No", "Flag_Cu_Cobre": 0, "Status_Cu_Cobre": "No", "Flag_Pb_Plomo": 0, "Status_Pb_Plomo": "No", "Flag_Hg_Cinabrio": 0, "Status_Hg_Cinabrio": "No", "Flag_Sn_Estano": 0, "Status_Sn_Estano": "No", "Flag_Fe_Hierro": 0, "Status_Fe_Hierro": "No", "Tech_Ruina_Montium": 1, "Tech_Subterranea": 0, "Tech_Cielo_Abierto": 1, "Tech_Lavado_Placer": 0, "Certainty_Spatial": 0.7, "Certainty_Archaeological": 0.9, "Certainty_Metallogenic": 1.0, "Certainty_Score": 0.845, "Certainty_Grade": "Alta Certeza (Grado I)" }, "geometry": { "type": "Point", "coordinates": [ -6.660487, 43.150385 ] } },
{ "type": "Feature", "properties": { "mineID": 1281, "site": "As Borreas de Caldesiños / San Xé", "ancientName": null, "province": "Hispania Tarraconensis", "country": "Spain", "region": "Orense", "miningDistrict": "Cuenca del Bibei", "romanianRANID": null, "sanchezPalenciaAndOrejasID": "BI-05", "domergueID": "OR 14", "spainMapSheet": 266.0, "lambertX": 316.7, "lambertY": 844.0, "latitude": 42.15007978, "longitude": -7.117759406, "coordinateAccuracy": 100.0, "locationDataSource": "Converted in QGIS from Lambert coords, Madrid 1870", "locationNotes": null, "notBeforeOpeningDate": null, "notAfterOpeningDate": null, "notBeforeClosingDate": null, "notAfterClosingDate": null, "inUseDate": null, "metalMinedGold": "TRUE", "metalMinedSilver": 0.0, "metalMinedLead": 0.0, "metalMinedCopper": 0.0, "metalMinedTin": 0.0, "metalMinedIron": 0.0, "metalMinedMercuryCinnabar": 0.0, "metalMinedZinc": 0.0, "metalMinedOther": 0.0, "description": "Large ruina montium workings, with a front of c. 995 m supplied by an aqueduct 18.3 km long and 1.5 m wide, feeding at least 5 reservoirs. Several vertical shafts for ruina montium working have been traced along the summit behind the working face, and remains of a gallery in the opencast face confirm ruina montium technique.", "references": "Domergue 1990: 40; Sanchez-Palencia and Orejas 1994, 190", "techniqueOpencast": 1.0, "techniqueUnderground": 0.0, "techniqueHydraulic": "TRUE", "techniqueHushing": "FALSE", "techniqueGroundSluicing": "FALSE", "techniqueRuinaMontium": 1.0, "techniqueRakeComb": 0.0, "techniqueGoldWashing": 0.0, "techniqueOther": 0.0, "notes": null, "geology": "Tertiary alluvium", "depositType": "Secondary", "exploitationType": "Extensive", "Flag_Au_Oro": 1, "Status_Au_Oro": "Confirmado", "Flag_Ag_Plata": 0, "Status_Ag_Plata": "No", "Flag_Cu_Cobre": 0, "Status_Cu_Cobre": "No", "Flag_Pb_Plomo": 0, "Status_Pb_Plomo": "No", "Flag_Hg_Cinabrio": 0, "Status_Hg_Cinabrio": "No", "Flag_Sn_Estano": 0, "Status_Sn_Estano": "No", "Flag_Fe_Hierro": 0, "Status_Fe_Hierro": "No", "Tech_Ruina_Montium": 1, "Tech_Subterranea": 0, "Tech_Cielo_Abierto": 1, "Tech_Lavado_Placer": 0, "Certainty_Spatial": 1.0, "Certainty_Archaeological": 1.0, "Certainty_Metallogenic": 1.0, "Certainty_Score": 1.0, "Certainty_Grade": "Alta Certeza (Grado I)" }, "geometry": { "type": "Point", "coordinates": [ -7.117759406, 42.15007978 ] } },
{ "type": "Feature", "properties": { "mineID": 1282, "site": "Sanfitorio", "ancientName": null, "province": "Hispania Tarraconensis", "country": "Spain", "region": "Orense", "miningDistrict": "Galicia", "romanianRANID": null, "sanchezPalenciaAndOrejasID": null, "domergueID": "OR 8", "spainMapSheet": 189.0, "lambertX": 302.3, "lambertY": 873.0, "latitude": 42.40592937, "longitude": -7.306153169, "coordinateAccuracy": 100.0, "locationDataSource": "Converted in QGIS from Lambert coords, Madrid 1870", "locationNotes": null, "notBeforeOpeningDate": null, "notAfterOpeningDate": null, "notBeforeClosingDate": null, "notAfterClosingDate": null, "inUseDate": null, "metalMinedGold": "TRUE", "metalMinedSilver": 0.0, "metalMinedLead": 0.0, "metalMinedCopper": 0.0, "metalMinedTin": 0.0, "metalMinedIron": 0.0, "metalMinedMercuryCinnabar": 0.0, "metalMinedZinc": 0.0, "metalMinedOther": 0.0, "description": null, "references": "Domergue 1990: 41", "techniqueOpencast": 0.0, "techniqueUnderground": 0.0, "techniqueHydraulic": "TRUE", "techniqueHushing": "FALSE", "techniqueGroundSluicing": "FALSE", "techniqueRuinaMontium": 0.0, "techniqueRakeComb": 1.0, "techniqueGoldWashing": 0.0, "techniqueOther": 0.0, "notes": null, "geology": "Quaternary terrace", "depositType": null, "exploitationType": null, "Flag_Au_Oro": 1, "Status_Au_Oro": "Confirmado", "Flag_Ag_Plata": 0, "Status_Ag_Plata": "No", "Flag_Cu_Cobre": 0, "Status_Cu_Cobre": "No", "Flag_Pb_Plomo": 0, "Status_Pb_Plomo": "No", "Flag_Hg_Cinabrio": 0, "Status_Hg_Cinabrio": "No", "Flag_Sn_Estano": 0, "Status_Sn_Estano": "No", "Flag_Fe_Hierro": 0, "Status_Fe_Hierro": "No", "Tech_Ruina_Montium": 1, "Tech_Subterranea": 0, "Tech_Cielo_Abierto": 1, "Tech_Lavado_Placer": 0, "Certainty_Spatial": 1.0, "Certainty_Archaeological": 0.9, "Certainty_Metallogenic": 1.0, "Certainty_Score": 0.965, "Certainty_Grade": "Alta Certeza (Grado I)" }, "geometry": { "type": "Point", "coordinates": [ -7.306153169, 42.40592937 ] } },
{ "type": "Feature", "properties": { "mineID": 1292, "site": "Sarreaus", "ancientName": null, "province": "Hispania Tarraconensis", "country": "Spain", "region": "Orense", "miningDistrict": "Cuenca media del Miño", "romanianRANID": null, "sanchezPalenciaAndOrejasID": "MM-17", "domergueID": null, "spainMapSheet": null, "lambertX": null, "lambertY": null, "latitude": 42.261214, "longitude": -7.601567, "coordinateAccuracy": 500.0, "locationDataSource": "Google Earth, placename", "locationNotes": null, "notBeforeOpeningDate": null, "notAfterOpeningDate": null, "notBeforeClosingDate": null, "notAfterClosingDate": null, "inUseDate": null, "metalMinedGold": "TRUE", "metalMinedSilver": 0.0, "metalMinedLead": 0.0, "metalMinedCopper": 0.0, "metalMinedTin": 0.0, "metalMinedIron": 0.0, "metalMinedMercuryCinnabar": 0.0, "metalMinedZinc": 0.0, "metalMinedOther": 0.0, "description": null, "references": "Sanchez-Palencia and Orejas 1994, 194", "techniqueOpencast": 1.0, "techniqueUnderground": 0.0, "techniqueHydraulic": "TRUE", "techniqueHushing": null, "techniqueGroundSluicing": null, "techniqueRuinaMontium": null, "techniqueRakeComb": null, "techniqueGoldWashing": null, "techniqueOther": null, "notes": null, "geology": null, "depositType": "Secondary", "exploitationType": "Selective - Extensive", "Flag_Au_Oro": 1, "Status_Au_Oro": "Confirmado", "Flag_Ag_Plata": 0, "Status_Ag_Plata": "No", "Flag_Cu_Cobre": 0, "Status_Cu_Cobre": "No", "Flag_Pb_Plomo": 0, "Status_Pb_Plomo": "No", "Flag_Hg_Cinabrio": 0, "Status_Hg_Cinabrio": "No", "Flag_Sn_Estano": 0, "Status_Sn_Estano": "No", "Flag_Fe_Hierro": 0, "Status_Fe_Hierro": "No", "Tech_Ruina_Montium": 1, "Tech_Subterranea": 0, "Tech_Cielo_Abierto": 1, "Tech_Lavado_Placer": 0, "Certainty_Spatial": 0.85, "Certainty_Archaeological": 0.9, "Certainty_Metallogenic": 1.0, "Certainty_Score": 0.905, "Certainty_Grade": "Alta Certeza (Grado I)" }, "geometry": { "type": "Point", "coordinates": [ -7.601567, 42.261214 ] } },
{ "type": "Feature", "properties": { "mineID": 1295, "site": "Serandinas", "ancientName": null, "province": "Hispania Tarraconensis", "country": "Spain", "region": "Oviedo", "miningDistrict": "Cuenca del Navia", "romanianRANID": null, "sanchezPalenciaAndOrejasID": "NV-78", "domergueID": "O 8.i", "spainMapSheet": 26.0, "lambertX": null, "lambertY": null, "latitude": 43.44273877, "longitude": -6.745011606, "coordinateAccuracy": 100.0, "locationDataSource": "Converted in QGIS from Lambert coords, Madrid 1870; Placename, IGN map, Google Earth, and Sanchez-Palencia and Orejas 1994, fig. 13.", "locationNotes": "The same as Domergue's Rio Navia 2 site O 8.i", "notBeforeOpeningDate": null, "notAfterOpeningDate": null, "notBeforeClosingDate": null, "notAfterClosingDate": null, "inUseDate": null, "metalMinedGold": "TRUE", "metalMinedSilver": 0.0, "metalMinedLead": 0.0, "metalMinedCopper": 0.0, "metalMinedTin": 0.0, "metalMinedIron": 0.0, "metalMinedMercuryCinnabar": 0.0, "metalMinedZinc": 0.0, "metalMinedOther": 0.0, "description": null, "references": "Domergue 1990:42; Sanchez-Palencia and Orejas 1994, 201", "techniqueOpencast": 1.0, "techniqueUnderground": 0.0, "techniqueHydraulic": "TRUE", "techniqueHushing": "FALSE", "techniqueGroundSluicing": "TRUE", "techniqueRuinaMontium": 0.0, "techniqueRakeComb": 1.0, "techniqueGoldWashing": 0.0, "techniqueOther": 0.0, "notes": null, "geology": "Quaternary Terrace", "depositType": "Secondary", "exploitationType": "Selective", "Flag_Au_Oro": 1, "Status_Au_Oro": "Confirmado", "Flag_Ag_Plata": 0, "Status_Ag_Plata": "No", "Flag_Cu_Cobre": 0, "Status_Cu_Cobre": "No", "Flag_Pb_Plomo": 0, "Status_Pb_Plomo": "No", "Flag_Hg_Cinabrio": 0, "Status_Hg_Cinabrio": "No", "Flag_Sn_Estano": 0, "Status_Sn_Estano": "No", "Flag_Fe_Hierro": 0, "Status_Fe_Hierro": "No", "Tech_Ruina_Montium": 1, "Tech_Subterranea": 0, "Tech_Cielo_Abierto": 1, "Tech_Lavado_Placer": 0, "Certainty_Spatial": 1.0, "Certainty_Archaeological": 1.0, "Certainty_Metallogenic": 1.0, "Certainty_Score": 1.0, "Certainty_Grade": "Alta Certeza (Grado I)" }, "geometry": { "type": "Point", "coordinates": [ -6.745011606, 43.44273877 ] } },
{ "type": "Feature", "properties": { "mineID": 1296, "site": "Sésamo / Las Tierras Rubias", "ancientName": null, "province": "Hispania Tarraconensis", "country": "Spain", "region": "León", "miningDistrict": "Cuencas de Cúa y Burbia", "romanianRANID": null, "sanchezPalenciaAndOrejasID": "CB-02", "domergueID": "LE 50", "spainMapSheet": 126.0, "lambertX": 354.7, "lambertY": 909.4, "latitude": 42.753376, "longitude": -6.685831, "coordinateAccuracy": 100.0, "locationDataSource": "Converted in QGIS from Lambert coords, Madrid 1870, adjusted with Google Earth", "locationNotes": null, "notBeforeOpeningDate": null, "notAfterOpeningDate": null, "notBeforeClosingDate": null, "notAfterClosingDate": null, "inUseDate": null, "metalMinedGold": "TRUE", "metalMinedSilver": 0.0, "metalMinedLead": 0.0, "metalMinedCopper": 0.0, "metalMinedTin": 0.0, "metalMinedIron": 0.0, "metalMinedMercuryCinnabar": 0.0, "metalMinedZinc": 0.0, "metalMinedOther": 0.0, "description": null, "references": "Domergue 1990: 43; Sanchez-Palencia and Orejas 1994, 191", "techniqueOpencast": 1.0, "techniqueUnderground": 0.0, "techniqueHydraulic": "TRUE", "techniqueHushing": "TRUE", "techniqueGroundSluicing": "FALSE", "techniqueRuinaMontium": 0.0, "techniqueRakeComb": 0.0, "techniqueGoldWashing": 0.0, "techniqueOther": 0.0, "notes": null, "geology": "Colluvium, slope deposits, and alluvium", "depositType": "Secondary - Primary", "exploitationType": "Selective - Extensive", "Flag_Au_Oro": 1, "Status_Au_Oro": "Confirmado", "Flag_Ag_Plata": 0, "Status_Ag_Plata": "No", "Flag_Cu_Cobre": 0, "Status_Cu_Cobre": "No", "Flag_Pb_Plomo": 0, "Status_Pb_Plomo": "No", "Flag_Hg_Cinabrio": 0, "Status_Hg_Cinabrio": "No", "Flag_Sn_Estano": 0, "Status_Sn_Estano": "No", "Flag_Fe_Hierro": 0, "Status_Fe_Hierro": "No", "Tech_Ruina_Montium": 1, "Tech_Subterranea": 0, "Tech_Cielo_Abierto": 1, "Tech_Lavado_Placer": 0, "Certainty_Spatial": 1.0, "Certainty_Archaeological": 1.0, "Certainty_Metallogenic": 1.0, "Certainty_Score": 1.0, "Certainty_Grade": "Alta Certeza (Grado I)" }, "geometry": { "type": "Point", "coordinates": [ -6.685831, 42.753376 ] } },
{ "type": "Feature", "properties": { "mineID": 1311, "site": "Souto", "ancientName": null, "province": "Hispania Tarraconensis", "country": "Spain", "region": "Lugo", "miningDistrict": "Cuenca Alta del Miño", "romanianRANID": null, "sanchezPalenciaAndOrejasID": "AN-08", "domergueID": null, "spainMapSheet": null, "lambertX": null, "lambertY": null, "latitude": 42.928925, "longitude": -7.055279, "coordinateAccuracy": 1000.0, "locationDataSource": "Google Earth", "locationNotes": null, "notBeforeOpeningDate": null, "notAfterOpeningDate": null, "notBeforeClosingDate": null, "notAfterClosingDate": null, "inUseDate": null, "metalMinedGold": "TRUE", "metalMinedSilver": 0.0, "metalMinedLead": 0.0, "metalMinedCopper": 0.0, "metalMinedTin": 0.0, "metalMinedIron": 0.0, "metalMinedMercuryCinnabar": 0.0, "metalMinedZinc": 0.0, "metalMinedOther": 0.0, "description": null, "references": "Sanchez-Palencia and Orejas 1994, 188", "techniqueOpencast": 1.0, "techniqueUnderground": 0.0, "techniqueHydraulic": "TRUE", "techniqueHushing": null, "techniqueGroundSluicing": null, "techniqueRuinaMontium": null, "techniqueRakeComb": null, "techniqueGoldWashing": null, "techniqueOther": null, "notes": null, "geology": null, "depositType": "Secondary", "exploitationType": "Selective", "Flag_Au_Oro": 1, "Status_Au_Oro": "Confirmado", "Flag_Ag_Plata": 0, "Status_Ag_Plata": "No", "Flag_Cu_Cobre": 0, "Status_Cu_Cobre": "No", "Flag_Pb_Plomo": 0, "Status_Pb_Plomo": "No", "Flag_Hg_Cinabrio": 0, "Status_Hg_Cinabrio": "No", "Flag_Sn_Estano": 0, "Status_Sn_Estano": "No", "Flag_Fe_Hierro": 0, "Status_Fe_Hierro": "No", "Tech_Ruina_Montium": 1, "Tech_Subterranea": 0, "Tech_Cielo_Abierto": 1, "Tech_Lavado_Placer": 0, "Certainty_Spatial": 0.7, "Certainty_Archaeological": 0.9, "Certainty_Metallogenic": 1.0, "Certainty_Score": 0.845, "Certainty_Grade": "Alta Certeza (Grado I)" }, "geometry": { "type": "Point", "coordinates": [ -7.055279, 42.928925 ] } },
{ "type": "Feature", "properties": { "mineID": 1312, "site": "Souto Castillo", "ancientName": null, "province": "Hispania Tarraconensis", "country": "Spain", "region": "León", "miningDistrict": "Cuenca media del Sil", "romanianRANID": null, "sanchezPalenciaAndOrejasID": "MS-073", "domergueID": null, "spainMapSheet": null, "lambertX": null, "lambertY": null, "latitude": 42.411092, "longitude": -6.684136, "coordinateAccuracy": 500.0, "locationDataSource": "Guessed from Google Earth and Sanchez-Palencia and Orejas 1994, fig. 16", "locationNotes": null, "notBeforeOpeningDate": null, "notAfterOpeningDate": null, "notBeforeClosingDate": null, "notAfterClosingDate": null, "inUseDate": null, "metalMinedGold": "TRUE", "metalMinedSilver": 0.0, "metalMinedLead": 0.0, "metalMinedCopper": 0.0, "metalMinedTin": 0.0, "metalMinedIron": 0.0, "metalMinedMercuryCinnabar": 0.0, "metalMinedZinc": 0.0, "metalMinedOther": 0.0, "description": null, "references": "Sanchez-Palencia and Orejas 1994, 196", "techniqueOpencast": 1.0, "techniqueUnderground": 0.0, "techniqueHydraulic": "TRUE", "techniqueHushing": null, "techniqueGroundSluicing": null, "techniqueRuinaMontium": null, "techniqueRakeComb": null, "techniqueGoldWashing": null, "techniqueOther": null, "notes": null, "geology": null, "depositType": "Secondary", "exploitationType": "Extensive", "Flag_Au_Oro": 1, "Status_Au_Oro": "Confirmado", "Flag_Ag_Plata": 0, "Status_Ag_Plata": "No", "Flag_Cu_Cobre": 0, "Status_Cu_Cobre": "No", "Flag_Pb_Plomo": 0, "Status_Pb_Plomo": "No", "Flag_Hg_Cinabrio": 0, "Status_Hg_Cinabrio": "No", "Flag_Sn_Estano": 0, "Status_Sn_Estano": "No", "Flag_Fe_Hierro": 0, "Status_Fe_Hierro": "No", "Tech_Ruina_Montium": 1, "Tech_Subterranea": 0, "Tech_Cielo_Abierto": 1, "Tech_Lavado_Placer": 0, "Certainty_Spatial": 0.85, "Certainty_Archaeological": 0.9, "Certainty_Metallogenic": 1.0, "Certainty_Score": 0.905, "Certainty_Grade": "Alta Certeza (Grado I)" }, "geometry": { "type": "Point", "coordinates": [ -6.684136, 42.411092 ] } },
{ "type": "Feature", "properties": { "mineID": 1317, "site": "Susañe del Sil / Corbón del Sil", "ancientName": null, "province": "Hispania Tarraconensis", "country": "Spain", "region": "León", "miningDistrict": "Cuenca Alta del Sil", "romanianRANID": null, "sanchezPalenciaAndOrejasID": "AS-06", "domergueID": "LE 28", "spainMapSheet": 101.0, "lambertX": 369.0, "lambertY": 918.0, "latitude": 42.82646182, "longitude": -6.50783301, "coordinateAccuracy": 100.0, "locationDataSource": "Converted in QGIS from Lambert coords, Madrid 1870; corrected with https://servicios.jcyl.es/pweb/datosGIS.do?tipo=Yacimiento&numero=103478", "locationNotes": null, "notBeforeOpeningDate": null, "notAfterOpeningDate": null, "notBeforeClosingDate": null, "notAfterClosingDate": null, "inUseDate": null, "metalMinedGold": "TRUE", "metalMinedSilver": 0.0, "metalMinedLead": 0.0, "metalMinedCopper": 0.0, "metalMinedTin": 0.0, "metalMinedIron": 0.0, "metalMinedMercuryCinnabar": 0.0, "metalMinedZinc": 0.0, "metalMinedOther": 0.0, "description": "Probably largely destroyed by modern mine.", "references": "Domergue 1990: 42; Sanchez-Palencia and Orejas 1994, 189", "techniqueOpencast": 1.0, "techniqueUnderground": 0.0, "techniqueHydraulic": "TRUE", "techniqueHushing": null, "techniqueGroundSluicing": null, "techniqueRuinaMontium": null, "techniqueRakeComb": null, "techniqueGoldWashing": null, "techniqueOther": null, "notes": null, "geology": "Tertiary alluvium", "depositType": "Secondary", "exploitationType": "Selective - Extensive", "Flag_Au_Oro": 1, "Status_Au_Oro": "Confirmado", "Flag_Ag_Plata": 0, "Status_Ag_Plata": "No", "Flag_Cu_Cobre": 0, "Status_Cu_Cobre": "No", "Flag_Pb_Plomo": 0, "Status_Pb_Plomo": "No", "Flag_Hg_Cinabrio": 0, "Status_Hg_Cinabrio": "No", "Flag_Sn_Estano": 0, "Status_Sn_Estano": "No", "Flag_Fe_Hierro": 0, "Status_Fe_Hierro": "No", "Tech_Ruina_Montium": 1, "Tech_Subterranea": 0, "Tech_Cielo_Abierto": 1, "Tech_Lavado_Placer": 0, "Certainty_Spatial": 1.0, "Certainty_Archaeological": 1.0, "Certainty_Metallogenic": 1.0, "Certainty_Score": 1.0, "Certainty_Grade": "Alta Certeza (Grado I)" }, "geometry": { "type": "Point", "coordinates": [ -6.50783301, 42.82646182 ] } },
{ "type": "Feature", "properties": { "mineID": 1320, "site": "Tapia de la Ribera", "ancientName": null, "province": "Hispania Tarraconensis", "country": "Spain", "region": "León", "miningDistrict": "Cuenca Alta del Orbigo", "romanianRANID": null, "sanchezPalenciaAndOrejasID": "AO-33", "domergueID": null, "spainMapSheet": null, "lambertX": null, "lambertY": null, "latitude": 42.746624, "longitude": -5.765745, "coordinateAccuracy": 500.0, "locationDataSource": "Guessed: probable opencast on Google Earth", "locationNotes": null, "notBeforeOpeningDate": null, "notAfterOpeningDate": null, "notBeforeClosingDate": null, "notAfterClosingDate": null, "inUseDate": null, "metalMinedGold": "TRUE", "metalMinedSilver": 0.0, "metalMinedLead": 0.0, "metalMinedCopper": 0.0, "metalMinedTin": 0.0, "metalMinedIron": 0.0, "metalMinedMercuryCinnabar": 0.0, "metalMinedZinc": 0.0, "metalMinedOther": 0.0, "description": null, "references": "Sanchez-Palencia and Orejas 1994, 189", "techniqueOpencast": 1.0, "techniqueUnderground": 0.0, "techniqueHydraulic": "TRUE", "techniqueHushing": null, "techniqueGroundSluicing": null, "techniqueRuinaMontium": null, "techniqueRakeComb": null, "techniqueGoldWashing": null, "techniqueOther": null, "notes": null, "geology": null, "depositType": "Secondary", "exploitationType": "Extensive", "Flag_Au_Oro": 1, "Status_Au_Oro": "Confirmado", "Flag_Ag_Plata": 0, "Status_Ag_Plata": "No", "Flag_Cu_Cobre": 0, "Status_Cu_Cobre": "No", "Flag_Pb_Plomo": 0, "Status_Pb_Plomo": "No", "Flag_Hg_Cinabrio": 0, "Status_Hg_Cinabrio": "No", "Flag_Sn_Estano": 0, "Status_Sn_Estano": "No", "Flag_Fe_Hierro": 0, "Status_Fe_Hierro": "No", "Tech_Ruina_Montium": 1, "Tech_Subterranea": 0, "Tech_Cielo_Abierto": 1, "Tech_Lavado_Placer": 0, "Certainty_Spatial": 0.85, "Certainty_Archaeological": 0.9, "Certainty_Metallogenic": 1.0, "Certainty_Score": 0.905, "Certainty_Grade": "Alta Certeza (Grado I)" }, "geometry": { "type": "Point", "coordinates": [ -5.765745, 42.746624 ] } },
{ "type": "Feature", "properties": { "mineID": 1321, "site": "Teixedo", "ancientName": null, "province": "Hispania Tarraconensis", "country": "Spain", "region": "Oviedo", "miningDistrict": "Cuenca del Navia", "romanianRANID": null, "sanchezPalenciaAndOrejasID": "NV-66", "domergueID": null, "spainMapSheet": null, "lambertX": null, "lambertY": null, "latitude": 43.335137, "longitude": -6.687584, "coordinateAccuracy": 0.0, "locationDataSource": "Sanchez-Palencia and Orejas 1994, fig. 13; and Google Earth and IGN map.", "locationNotes": null, "notBeforeOpeningDate": null, "notAfterOpeningDate": null, "notBeforeClosingDate": null, "notAfterClosingDate": null, "inUseDate": null, "metalMinedGold": "TRUE", "metalMinedSilver": 0.0, "metalMinedLead": 0.0, "metalMinedCopper": 0.0, "metalMinedTin": 0.0, "metalMinedIron": 0.0, "metalMinedMercuryCinnabar": 0.0, "metalMinedZinc": 0.0, "metalMinedOther": 0.0, "description": null, "references": "Sanchez-Palencia and Orejas 1994, 200", "techniqueOpencast": 1.0, "techniqueUnderground": 0.0, "techniqueHydraulic": "TRUE", "techniqueHushing": "TRUE", "techniqueGroundSluicing": "FALSE", "techniqueRuinaMontium": 0.0, "techniqueRakeComb": 0.0, "techniqueGoldWashing": 0.0, "techniqueOther": 0.0, "notes": null, "geology": null, "depositType": "Primary", "exploitationType": "Selective - Extensive", "Flag_Au_Oro": 1, "Status_Au_Oro": "Confirmado", "Flag_Ag_Plata": 0, "Status_Ag_Plata": "No", "Flag_Cu_Cobre": 0, "Status_Cu_Cobre": "No", "Flag_Pb_Plomo": 0, "Status_Pb_Plomo": "No", "Flag_Hg_Cinabrio": 0, "Status_Hg_Cinabrio": "No", "Flag_Sn_Estano": 0, "Status_Sn_Estano": "No", "Flag_Fe_Hierro": 0, "Status_Fe_Hierro": "No", "Tech_Ruina_Montium": 1, "Tech_Subterranea": 0, "Tech_Cielo_Abierto": 1, "Tech_Lavado_Placer": 0, "Certainty_Spatial": 1.0, "Certainty_Archaeological": 0.9, "Certainty_Metallogenic": 1.0, "Certainty_Score": 0.965, "Certainty_Grade": "Alta Certeza (Grado I)" }, "geometry": { "type": "Point", "coordinates": [ -6.687584, 43.335137 ] } },
{ "type": "Feature", "properties": { "mineID": 1322, "site": "Las Rubias", "ancientName": null, "province": "Hispania Tarraconensis", "country": "Spain", "region": "León", "miningDistrict": "Sierra del Teleno", "romanianRANID": null, "sanchezPalenciaAndOrejasID": "TE-13", "domergueID": "LE 42", "spainMapSheet": 230.0, "lambertX": 378.0, "lambertY": 861.0, "latitude": 42.32206444, "longitude": -6.382352907, "coordinateAccuracy": 100.0, "locationDataSource": "Converted in QGIS from Lambert coords, Madrid 1870", "locationNotes": null, "notBeforeOpeningDate": null, "notAfterOpeningDate": null, "notBeforeClosingDate": null, "notAfterClosingDate": null, "inUseDate": null, "metalMinedGold": "TRUE", "metalMinedSilver": 0.0, "metalMinedLead": 0.0, "metalMinedCopper": 0.0, "metalMinedTin": 0.0, "metalMinedIron": 0.0, "metalMinedMercuryCinnabar": 0.0, "metalMinedZinc": 0.0, "metalMinedOther": 0.0, "description": null, "references": "Domergue 1990: 43; Sanchez-Palencia and Orejas 1994, 202", "techniqueOpencast": 1.0, "techniqueUnderground": 0.0, "techniqueHydraulic": "TRUE", "techniqueHushing": "TRUE", "techniqueGroundSluicing": "FALSE", "techniqueRuinaMontium": 0.0, "techniqueRakeComb": 0.0, "techniqueGoldWashing": 0.0, "techniqueOther": 0.0, "notes": null, "geology": "Hard rock; alterites, colluvium", "depositType": "Secondary", "exploitationType": "Selective - Extensive", "Flag_Au_Oro": 1, "Status_Au_Oro": "Confirmado", "Flag_Ag_Plata": 0, "Status_Ag_Plata": "No", "Flag_Cu_Cobre": 0, "Status_Cu_Cobre": "No", "Flag_Pb_Plomo": 0, "Status_Pb_Plomo": "No", "Flag_Hg_Cinabrio": 0, "Status_Hg_Cinabrio": "No", "Flag_Sn_Estano": 0, "Status_Sn_Estano": "No", "Flag_Fe_Hierro": 0, "Status_Fe_Hierro": "No", "Tech_Ruina_Montium": 1, "Tech_Subterranea": 0, "Tech_Cielo_Abierto": 1, "Tech_Lavado_Placer": 0, "Certainty_Spatial": 1.0, "Certainty_Archaeological": 1.0, "Certainty_Metallogenic": 1.0, "Certainty_Score": 1.0, "Certainty_Grade": "Alta Certeza (Grado I)" }, "geometry": { "type": "Point", "coordinates": [ -6.382352907, 42.32206444 ] } },
{ "type": "Feature", "properties": { "mineID": 1326, "site": "Toral de los Vados", "ancientName": null, "province": "Hispania Tarraconensis", "country": "Spain", "region": "León", "miningDistrict": "Cuencas de Cúa y Burbia", "romanianRANID": null, "sanchezPalenciaAndOrejasID": null, "domergueID": "LE 56", "spainMapSheet": 158.0, "lambertX": 346.5, "lambertY": 888.5, "latitude": 42.56036946, "longitude": -6.775940924, "coordinateAccuracy": 100.0, "locationDataSource": "Converted in QGIS from Lambert coords, Madrid 1870", "locationNotes": null, "notBeforeOpeningDate": null, "notAfterOpeningDate": null, "notBeforeClosingDate": null, "notAfterClosingDate": null, "inUseDate": null, "metalMinedGold": "TRUE", "metalMinedSilver": 0.0, "metalMinedLead": 0.0, "metalMinedCopper": 0.0, "metalMinedTin": 0.0, "metalMinedIron": 0.0, "metalMinedMercuryCinnabar": 0.0, "metalMinedZinc": 0.0, "metalMinedOther": 0.0, "description": null, "references": "Domergue 1990: 44", "techniqueOpencast": 1.0, "techniqueUnderground": 0.0, "techniqueHydraulic": "TRUE", "techniqueHushing": null, "techniqueGroundSluicing": null, "techniqueRuinaMontium": 0.0, "techniqueRakeComb": null, "techniqueGoldWashing": null, "techniqueOther": 0.0, "notes": null, "geology": "Terrace", "depositType": "Secondary", "exploitationType": "Extensive", "Flag_Au_Oro": 1, "Status_Au_Oro": "Confirmado", "Flag_Ag_Plata": 0, "Status_Ag_Plata": "No", "Flag_Cu_Cobre": 0, "Status_Cu_Cobre": "No", "Flag_Pb_Plomo": 0, "Status_Pb_Plomo": "No", "Flag_Hg_Cinabrio": 0, "Status_Hg_Cinabrio": "No", "Flag_Sn_Estano": 0, "Status_Sn_Estano": "No", "Flag_Fe_Hierro": 0, "Status_Fe_Hierro": "No", "Tech_Ruina_Montium": 1, "Tech_Subterranea": 0, "Tech_Cielo_Abierto": 1, "Tech_Lavado_Placer": 0, "Certainty_Spatial": 1.0, "Certainty_Archaeological": 0.9, "Certainty_Metallogenic": 1.0, "Certainty_Score": 0.965, "Certainty_Grade": "Alta Certeza (Grado I)" }, "geometry": { "type": "Point", "coordinates": [ -6.775940924, 42.56036946 ] } },
{ "type": "Feature", "properties": { "mineID": 1334, "site": "Turienzo Castañedo 1 / Las Barreras", "ancientName": null, "province": "Hispania Tarraconensis", "country": "Spain", "region": "León", "miningDistrict": "Cuenca del Boeza", "romanianRANID": null, "sanchezPalenciaAndOrejasID": "BO-27", "domergueID": "LE 12.1", "spainMapSheet": 159.0, "lambertX": 375.1, "lambertY": 889.4, "latitude": 42.57688563, "longitude": -6.428121235, "coordinateAccuracy": 100.0, "locationDataSource": "Converted in QGIS from Lambert coords, Madrid 1870", "locationNotes": null, "notBeforeOpeningDate": null, "notAfterOpeningDate": null, "notBeforeClosingDate": null, "notAfterClosingDate": null, "inUseDate": null, "metalMinedGold": "TRUE", "metalMinedSilver": 0.0, "metalMinedLead": 0.0, "metalMinedCopper": 0.0, "metalMinedTin": 0.0, "metalMinedIron": 0.0, "metalMinedMercuryCinnabar": 0.0, "metalMinedZinc": 0.0, "metalMinedOther": 0.0, "description": null, "references": "Domergue 1990: 43", "techniqueOpencast": 0.0, "techniqueUnderground": 0.0, "techniqueHydraulic": "TRUE", "techniqueHushing": "FALSE", "techniqueGroundSluicing": "TRUE", "techniqueRuinaMontium": 0.0, "techniqueRakeComb": 0.0, "techniqueGoldWashing": 0.0, "techniqueOther": 0.0, "notes": null, "geology": "Tertiary alluvium", "depositType": "Secondary", "exploitationType": "Extensive", "Flag_Au_Oro": 1, "Status_Au_Oro": "Confirmado", "Flag_Ag_Plata": 0, "Status_Ag_Plata": "No", "Flag_Cu_Cobre": 0, "Status_Cu_Cobre": "No", "Flag_Pb_Plomo": 0, "Status_Pb_Plomo": "No", "Flag_Hg_Cinabrio": 0, "Status_Hg_Cinabrio": "No", "Flag_Sn_Estano": 0, "Status_Sn_Estano": "No", "Flag_Fe_Hierro": 0, "Status_Fe_Hierro": "No", "Tech_Ruina_Montium": 1, "Tech_Subterranea": 0, "Tech_Cielo_Abierto": 0, "Tech_Lavado_Placer": 0, "Certainty_Spatial": 1.0, "Certainty_Archaeological": 1.0, "Certainty_Metallogenic": 1.0, "Certainty_Score": 1.0, "Certainty_Grade": "Alta Certeza (Grado I)" }, "geometry": { "type": "Point", "coordinates": [ -6.428121235, 42.57688563 ] } },
{ "type": "Feature", "properties": { "mineID": 1335, "site": "Turienzo Castañedo 2 / Las Torcas", "ancientName": null, "province": "Hispania Tarraconensis", "country": "Spain", "region": "León", "miningDistrict": "Cuenca del Boeza", "romanianRANID": null, "sanchezPalenciaAndOrejasID": "BO-27", "domergueID": "LE 12.2", "spainMapSheet": 159.0, "lambertX": 375.5, "lambertY": 889.1, "latitude": 42.57243, "longitude": -6.424116, "coordinateAccuracy": 100.0, "locationDataSource": "Converted in QGIS from Lambert coords, Madrid 1870; adjusted with reference to Google Earth", "locationNotes": null, "notBeforeOpeningDate": null, "notAfterOpeningDate": null, "notBeforeClosingDate": null, "notAfterClosingDate": null, "inUseDate": null, "metalMinedGold": "TRUE", "metalMinedSilver": 0.0, "metalMinedLead": 0.0, "metalMinedCopper": 0.0, "metalMinedTin": 0.0, "metalMinedIron": 0.0, "metalMinedMercuryCinnabar": 0.0, "metalMinedZinc": 0.0, "metalMinedOther": 0.0, "description": null, "references": "Domergue 1990: 43; Sanchez-Palencia and Orejas 1994, 191", "techniqueOpencast": 0.0, "techniqueUnderground": 0.0, "techniqueHydraulic": "TRUE", "techniqueHushing": "FALSE", "techniqueGroundSluicing": "TRUE", "techniqueRuinaMontium": 0.0, "techniqueRakeComb": 0.0, "techniqueGoldWashing": 0.0, "techniqueOther": 0.0, "notes": null, "geology": "Tertiary alluvium", "depositType": "Secondary", "exploitationType": "Extensive", "Flag_Au_Oro": 1, "Status_Au_Oro": "Confirmado", "Flag_Ag_Plata": 0, "Status_Ag_Plata": "No", "Flag_Cu_Cobre": 0, "Status_Cu_Cobre": "No", "Flag_Pb_Plomo": 0, "Status_Pb_Plomo": "No", "Flag_Hg_Cinabrio": 0, "Status_Hg_Cinabrio": "No", "Flag_Sn_Estano": 0, "Status_Sn_Estano": "No", "Flag_Fe_Hierro": 0, "Status_Fe_Hierro": "No", "Tech_Ruina_Montium": 1, "Tech_Subterranea": 0, "Tech_Cielo_Abierto": 0, "Tech_Lavado_Placer": 0, "Certainty_Spatial": 1.0, "Certainty_Archaeological": 1.0, "Certainty_Metallogenic": 1.0, "Certainty_Score": 1.0, "Certainty_Grade": "Alta Certeza (Grado I)" }, "geometry": { "type": "Point", "coordinates": [ -6.424116, 42.57243 ] } },
{ "type": "Feature", "properties": { "mineID": 1343, "site": "Valcavao", "ancientName": null, "province": "Hispania Tarraconensis", "country": "Spain", "region": "León", "miningDistrict": "Sierra del Teleno", "romanianRANID": null, "sanchezPalenciaAndOrejasID": "TE-09", "domergueID": null, "spainMapSheet": null, "lambertX": null, "lambertY": null, "latitude": 42.329438, "longitude": -6.417238, "coordinateAccuracy": 500.0, "locationDataSource": "Estimated from Sanchez-Palencia and Orejas 1994, fig. 17, IGN map, and Google Earth", "locationNotes": null, "notBeforeOpeningDate": null, "notAfterOpeningDate": null, "notBeforeClosingDate": null, "notAfterClosingDate": null, "inUseDate": null, "metalMinedGold": "TRUE", "metalMinedSilver": 0.0, "metalMinedLead": 0.0, "metalMinedCopper": 0.0, "metalMinedTin": 0.0, "metalMinedIron": 0.0, "metalMinedMercuryCinnabar": 0.0, "metalMinedZinc": 0.0, "metalMinedOther": 0.0, "description": null, "references": "Sanchez-Palencia and Orejas 1994, 202", "techniqueOpencast": 1.0, "techniqueUnderground": 0.0, "techniqueHydraulic": "TRUE", "techniqueHushing": null, "techniqueGroundSluicing": null, "techniqueRuinaMontium": null, "techniqueRakeComb": null, "techniqueGoldWashing": null, "techniqueOther": null, "notes": null, "geology": null, "depositType": "Secondary", "exploitationType": "Extensive", "Flag_Au_Oro": 1, "Status_Au_Oro": "Confirmado", "Flag_Ag_Plata": 0, "Status_Ag_Plata": "No", "Flag_Cu_Cobre": 0, "Status_Cu_Cobre": "No", "Flag_Pb_Plomo": 0, "Status_Pb_Plomo": "No", "Flag_Hg_Cinabrio": 0, "Status_Hg_Cinabrio": "No", "Flag_Sn_Estano": 0, "Status_Sn_Estano": "No", "Flag_Fe_Hierro": 0, "Status_Fe_Hierro": "No", "Tech_Ruina_Montium": 1, "Tech_Subterranea": 0, "Tech_Cielo_Abierto": 1, "Tech_Lavado_Placer": 0, "Certainty_Spatial": 0.85, "Certainty_Archaeological": 0.9, "Certainty_Metallogenic": 1.0, "Certainty_Score": 0.905, "Certainty_Grade": "Alta Certeza (Grado I)" }, "geometry": { "type": "Point", "coordinates": [ -6.417238, 42.329438 ] } },
{ "type": "Feature", "properties": { "mineID": 1344, "site": "Valcomesa I", "ancientName": null, "province": "Hispania Tarraconensis", "country": "Spain", "region": "León", "miningDistrict": "Cuenca media del Sil", "romanianRANID": null, "sanchezPalenciaAndOrejasID": "MS-064", "domergueID": null, "spainMapSheet": null, "lambertX": null, "lambertY": null, "latitude": 42.421567, "longitude": -6.647761, "coordinateAccuracy": 500.0, "locationDataSource": "Guessed from Google Earth, IGN map, and Sanchez-Palencia and Orejas 1994, fig. 16", "locationNotes": null, "notBeforeOpeningDate": null, "notAfterOpeningDate": null, "notBeforeClosingDate": null, "notAfterClosingDate": null, "inUseDate": null, "metalMinedGold": "TRUE", "metalMinedSilver": 0.0, "metalMinedLead": 0.0, "metalMinedCopper": 0.0, "metalMinedTin": 0.0, "metalMinedIron": 0.0, "metalMinedMercuryCinnabar": 0.0, "metalMinedZinc": 0.0, "metalMinedOther": 0.0, "description": null, "references": "Sanchez-Palencia and Orejas 1994, 196", "techniqueOpencast": 1.0, "techniqueUnderground": 0.0, "techniqueHydraulic": "TRUE", "techniqueHushing": null, "techniqueGroundSluicing": null, "techniqueRuinaMontium": null, "techniqueRakeComb": null, "techniqueGoldWashing": null, "techniqueOther": null, "notes": null, "geology": null, "depositType": "Secondary", "exploitationType": "Selective", "Flag_Au_Oro": 1, "Status_Au_Oro": "Confirmado", "Flag_Ag_Plata": 0, "Status_Ag_Plata": "No", "Flag_Cu_Cobre": 0, "Status_Cu_Cobre": "No", "Flag_Pb_Plomo": 0, "Status_Pb_Plomo": "No", "Flag_Hg_Cinabrio": 0, "Status_Hg_Cinabrio": "No", "Flag_Sn_Estano": 0, "Status_Sn_Estano": "No", "Flag_Fe_Hierro": 0, "Status_Fe_Hierro": "No", "Tech_Ruina_Montium": 1, "Tech_Subterranea": 0, "Tech_Cielo_Abierto": 1, "Tech_Lavado_Placer": 0, "Certainty_Spatial": 0.85, "Certainty_Archaeological": 0.9, "Certainty_Metallogenic": 1.0, "Certainty_Score": 0.905, "Certainty_Grade": "Alta Certeza (Grado I)" }, "geometry": { "type": "Point", "coordinates": [ -6.647761, 42.421567 ] } },
{ "type": "Feature", "properties": { "mineID": 1345, "site": "Valcomesa II", "ancientName": null, "province": "Hispania Tarraconensis", "country": "Spain", "region": "León", "miningDistrict": "Cuenca media del Sil", "romanianRANID": null, "sanchezPalenciaAndOrejasID": "MS-063", "domergueID": null, "spainMapSheet": null, "lambertX": null, "lambertY": null, "latitude": 42.412513, "longitude": -6.657378, "coordinateAccuracy": 500.0, "locationDataSource": "Guessed from Google Earth, IGN map, and Sanchez-Palencia and Orejas 1994, fig. 16", "locationNotes": null, "notBeforeOpeningDate": null, "notAfterOpeningDate": null, "notBeforeClosingDate": null, "notAfterClosingDate": null, "inUseDate": null, "metalMinedGold": "TRUE", "metalMinedSilver": 0.0, "metalMinedLead": 0.0, "metalMinedCopper": 0.0, "metalMinedTin": 0.0, "metalMinedIron": 0.0, "metalMinedMercuryCinnabar": 0.0, "metalMinedZinc": 0.0, "metalMinedOther": 0.0, "description": null, "references": "Sanchez-Palencia and Orejas 1994, 196", "techniqueOpencast": 1.0, "techniqueUnderground": 0.0, "techniqueHydraulic": "TRUE", "techniqueHushing": null, "techniqueGroundSluicing": null, "techniqueRuinaMontium": null, "techniqueRakeComb": null, "techniqueGoldWashing": null, "techniqueOther": null, "notes": null, "geology": null, "depositType": "Secondary", "exploitationType": "Selective", "Flag_Au_Oro": 1, "Status_Au_Oro": "Confirmado", "Flag_Ag_Plata": 0, "Status_Ag_Plata": "No", "Flag_Cu_Cobre": 0, "Status_Cu_Cobre": "No", "Flag_Pb_Plomo": 0, "Status_Pb_Plomo": "No", "Flag_Hg_Cinabrio": 0, "Status_Hg_Cinabrio": "No", "Flag_Sn_Estano": 0, "Status_Sn_Estano": "No", "Flag_Fe_Hierro": 0, "Status_Fe_Hierro": "No", "Tech_Ruina_Montium": 1, "Tech_Subterranea": 0, "Tech_Cielo_Abierto": 1, "Tech_Lavado_Placer": 0, "Certainty_Spatial": 0.85, "Certainty_Archaeological": 0.9, "Certainty_Metallogenic": 1.0, "Certainty_Score": 0.905, "Certainty_Grade": "Alta Certeza (Grado I)" }, "geometry": { "type": "Point", "coordinates": [ -6.657378, 42.412513 ] } },
{ "type": "Feature", "properties": { "mineID": 1346, "site": "Valcomesa III", "ancientName": null, "province": "Hispania Tarraconensis", "country": "Spain", "region": "León", "miningDistrict": "Cuenca media del Sil", "romanianRANID": null, "sanchezPalenciaAndOrejasID": "MS-062", "domergueID": null, "spainMapSheet": null, "lambertX": null, "lambertY": null, "latitude": 42.416699, "longitude": -6.646839, "coordinateAccuracy": 500.0, "locationDataSource": "Guessed from Google Earth, IGN map, and Sanchez-Palencia and Orejas 1994, fig. 16", "locationNotes": null, "notBeforeOpeningDate": null, "notAfterOpeningDate": null, "notBeforeClosingDate": null, "notAfterClosingDate": null, "inUseDate": null, "metalMinedGold": "TRUE", "metalMinedSilver": 0.0, "metalMinedLead": 0.0, "metalMinedCopper": 0.0, "metalMinedTin": 0.0, "metalMinedIron": 0.0, "metalMinedMercuryCinnabar": 0.0, "metalMinedZinc": 0.0, "metalMinedOther": 0.0, "description": null, "references": "Sanchez-Palencia and Orejas 1994, 196", "techniqueOpencast": 1.0, "techniqueUnderground": 0.0, "techniqueHydraulic": "TRUE", "techniqueHushing": null, "techniqueGroundSluicing": null, "techniqueRuinaMontium": null, "techniqueRakeComb": null, "techniqueGoldWashing": null, "techniqueOther": null, "notes": null, "geology": null, "depositType": "Secondary", "exploitationType": "Selective", "Flag_Au_Oro": 1, "Status_Au_Oro": "Confirmado", "Flag_Ag_Plata": 0, "Status_Ag_Plata": "No", "Flag_Cu_Cobre": 0, "Status_Cu_Cobre": "No", "Flag_Pb_Plomo": 0, "Status_Pb_Plomo": "No", "Flag_Hg_Cinabrio": 0, "Status_Hg_Cinabrio": "No", "Flag_Sn_Estano": 0, "Status_Sn_Estano": "No", "Flag_Fe_Hierro": 0, "Status_Fe_Hierro": "No", "Tech_Ruina_Montium": 1, "Tech_Subterranea": 0, "Tech_Cielo_Abierto": 1, "Tech_Lavado_Placer": 0, "Certainty_Spatial": 0.85, "Certainty_Archaeological": 0.9, "Certainty_Metallogenic": 1.0, "Certainty_Score": 0.905, "Certainty_Grade": "Alta Certeza (Grado I)" }, "geometry": { "type": "Point", "coordinates": [ -6.646839, 42.416699 ] } },
{ "type": "Feature", "properties": { "mineID": 1347, "site": "Valcomesa IV", "ancientName": null, "province": "Hispania Tarraconensis", "country": "Spain", "region": "León", "miningDistrict": "Cuenca media del Sil", "romanianRANID": null, "sanchezPalenciaAndOrejasID": "MS-061", "domergueID": null, "spainMapSheet": null, "lambertX": null, "lambertY": null, "latitude": 42.410552, "longitude": -6.65309, "coordinateAccuracy": 500.0, "locationDataSource": "Guessed from Google Earth, IGN map, and Sanchez-Palencia and Orejas 1994, fig. 16", "locationNotes": null, "notBeforeOpeningDate": null, "notAfterOpeningDate": null, "notBeforeClosingDate": null, "notAfterClosingDate": null, "inUseDate": null, "metalMinedGold": "TRUE", "metalMinedSilver": 0.0, "metalMinedLead": 0.0, "metalMinedCopper": 0.0, "metalMinedTin": 0.0, "metalMinedIron": 0.0, "metalMinedMercuryCinnabar": 0.0, "metalMinedZinc": 0.0, "metalMinedOther": 0.0, "description": null, "references": "Sanchez-Palencia and Orejas 1994, 196", "techniqueOpencast": 1.0, "techniqueUnderground": 0.0, "techniqueHydraulic": "TRUE", "techniqueHushing": null, "techniqueGroundSluicing": null, "techniqueRuinaMontium": null, "techniqueRakeComb": null, "techniqueGoldWashing": null, "techniqueOther": null, "notes": null, "geology": null, "depositType": "Secondary", "exploitationType": "Selective", "Flag_Au_Oro": 1, "Status_Au_Oro": "Confirmado", "Flag_Ag_Plata": 0, "Status_Ag_Plata": "No", "Flag_Cu_Cobre": 0, "Status_Cu_Cobre": "No", "Flag_Pb_Plomo": 0, "Status_Pb_Plomo": "No", "Flag_Hg_Cinabrio": 0, "Status_Hg_Cinabrio": "No", "Flag_Sn_Estano": 0, "Status_Sn_Estano": "No", "Flag_Fe_Hierro": 0, "Status_Fe_Hierro": "No", "Tech_Ruina_Montium": 1, "Tech_Subterranea": 0, "Tech_Cielo_Abierto": 1, "Tech_Lavado_Placer": 0, "Certainty_Spatial": 0.85, "Certainty_Archaeological": 0.9, "Certainty_Metallogenic": 1.0, "Certainty_Score": 0.905, "Certainty_Grade": "Alta Certeza (Grado I)" }, "geometry": { "type": "Point", "coordinates": [ -6.65309, 42.410552 ] } },
{ "type": "Feature", "properties": { "mineID": 1348, "site": "Valcouso I", "ancientName": null, "province": "Hispania Tarraconensis", "country": "Spain", "region": "León", "miningDistrict": "Cuenca media del Sil", "romanianRANID": null, "sanchezPalenciaAndOrejasID": "MS-069", "domergueID": null, "spainMapSheet": null, "lambertX": null, "lambertY": null, "latitude": 42.41252, "longitude": -6.662644, "coordinateAccuracy": 500.0, "locationDataSource": "Guessed from Google Earth, IGN map, and Sanchez-Palencia and Orejas 1994, fig. 16", "locationNotes": null, "notBeforeOpeningDate": null, "notAfterOpeningDate": null, "notBeforeClosingDate": null, "notAfterClosingDate": null, "inUseDate": null, "metalMinedGold": "TRUE", "metalMinedSilver": 0.0, "metalMinedLead": 0.0, "metalMinedCopper": 0.0, "metalMinedTin": 0.0, "metalMinedIron": 0.0, "metalMinedMercuryCinnabar": 0.0, "metalMinedZinc": 0.0, "metalMinedOther": 0.0, "description": null, "references": "Sanchez-Palencia and Orejas 1994, 196", "techniqueOpencast": 1.0, "techniqueUnderground": 0.0, "techniqueHydraulic": "TRUE", "techniqueHushing": null, "techniqueGroundSluicing": null, "techniqueRuinaMontium": null, "techniqueRakeComb": null, "techniqueGoldWashing": null, "techniqueOther": null, "notes": null, "geology": null, "depositType": "Secondary", "exploitationType": "Selective", "Flag_Au_Oro": 1, "Status_Au_Oro": "Confirmado", "Flag_Ag_Plata": 0, "Status_Ag_Plata": "No", "Flag_Cu_Cobre": 0, "Status_Cu_Cobre": "No", "Flag_Pb_Plomo": 0, "Status_Pb_Plomo": "No", "Flag_Hg_Cinabrio": 0, "Status_Hg_Cinabrio": "No", "Flag_Sn_Estano": 0, "Status_Sn_Estano": "No", "Flag_Fe_Hierro": 0, "Status_Fe_Hierro": "No", "Tech_Ruina_Montium": 1, "Tech_Subterranea": 0, "Tech_Cielo_Abierto": 1, "Tech_Lavado_Placer": 0, "Certainty_Spatial": 0.85, "Certainty_Archaeological": 0.9, "Certainty_Metallogenic": 1.0, "Certainty_Score": 0.905, "Certainty_Grade": "Alta Certeza (Grado I)" }, "geometry": { "type": "Point", "coordinates": [ -6.662644, 42.41252 ] } },
{ "type": "Feature", "properties": { "mineID": 1349, "site": "Valcouso II", "ancientName": null, "province": "Hispania Tarraconensis", "country": "Spain", "region": "León", "miningDistrict": "Cuenca media del Sil", "romanianRANID": null, "sanchezPalenciaAndOrejasID": "MS-066", "domergueID": null, "spainMapSheet": null, "lambertX": null, "lambertY": null, "latitude": 42.412096, "longitude": -6.660329, "coordinateAccuracy": 500.0, "locationDataSource": "Guessed from Google Earth, IGN map, and Sanchez-Palencia and Orejas 1994, fig. 16", "locationNotes": null, "notBeforeOpeningDate": null, "notAfterOpeningDate": null, "notBeforeClosingDate": null, "notAfterClosingDate": null, "inUseDate": null, "metalMinedGold": "TRUE", "metalMinedSilver": 0.0, "metalMinedLead": 0.0, "metalMinedCopper": 0.0, "metalMinedTin": 0.0, "metalMinedIron": 0.0, "metalMinedMercuryCinnabar": 0.0, "metalMinedZinc": 0.0, "metalMinedOther": 0.0, "description": null, "references": "Sanchez-Palencia and Orejas 1994, 196", "techniqueOpencast": 1.0, "techniqueUnderground": 0.0, "techniqueHydraulic": "TRUE", "techniqueHushing": null, "techniqueGroundSluicing": null, "techniqueRuinaMontium": null, "techniqueRakeComb": null, "techniqueGoldWashing": null, "techniqueOther": null, "notes": null, "geology": null, "depositType": "Secondary", "exploitationType": "Selective", "Flag_Au_Oro": 1, "Status_Au_Oro": "Confirmado", "Flag_Ag_Plata": 0, "Status_Ag_Plata": "No", "Flag_Cu_Cobre": 0, "Status_Cu_Cobre": "No", "Flag_Pb_Plomo": 0, "Status_Pb_Plomo": "No", "Flag_Hg_Cinabrio": 0, "Status_Hg_Cinabrio": "No", "Flag_Sn_Estano": 0, "Status_Sn_Estano": "No", "Flag_Fe_Hierro": 0, "Status_Fe_Hierro": "No", "Tech_Ruina_Montium": 1, "Tech_Subterranea": 0, "Tech_Cielo_Abierto": 1, "Tech_Lavado_Placer": 0, "Certainty_Spatial": 0.85, "Certainty_Archaeological": 0.9, "Certainty_Metallogenic": 1.0, "Certainty_Score": 0.905, "Certainty_Grade": "Alta Certeza (Grado I)" }, "geometry": { "type": "Point", "coordinates": [ -6.660329, 42.412096 ] } },
{ "type": "Feature", "properties": { "mineID": 1351, "site": "Valdecucrillos", "ancientName": null, "province": "Hispania Tarraconensis", "country": "Spain", "region": "León", "miningDistrict": "Cuenca media del Sil", "romanianRANID": null, "sanchezPalenciaAndOrejasID": "MS-076", "domergueID": null, "spainMapSheet": null, "lambertX": null, "lambertY": null, "latitude": 42.420787, "longitude": -6.693249, "coordinateAccuracy": 500.0, "locationDataSource": "Guessed from Google Earth and Sanchez-Palencia and Orejas 1994, fig. 16", "locationNotes": null, "notBeforeOpeningDate": null, "notAfterOpeningDate": null, "notBeforeClosingDate": null, "notAfterClosingDate": null, "inUseDate": null, "metalMinedGold": "TRUE", "metalMinedSilver": 0.0, "metalMinedLead": 0.0, "metalMinedCopper": 0.0, "metalMinedTin": 0.0, "metalMinedIron": 0.0, "metalMinedMercuryCinnabar": 0.0, "metalMinedZinc": 0.0, "metalMinedOther": 0.0, "description": null, "references": "Sanchez-Palencia and Orejas 1994, 196", "techniqueOpencast": 1.0, "techniqueUnderground": 0.0, "techniqueHydraulic": "TRUE", "techniqueHushing": null, "techniqueGroundSluicing": null, "techniqueRuinaMontium": null, "techniqueRakeComb": null, "techniqueGoldWashing": null, "techniqueOther": null, "notes": null, "geology": null, "depositType": "Secondary", "exploitationType": "Selective", "Flag_Au_Oro": 1, "Status_Au_Oro": "Confirmado", "Flag_Ag_Plata": 0, "Status_Ag_Plata": "No", "Flag_Cu_Cobre": 0, "Status_Cu_Cobre": "No", "Flag_Pb_Plomo": 0, "Status_Pb_Plomo": "No", "Flag_Hg_Cinabrio": 0, "Status_Hg_Cinabrio": "No", "Flag_Sn_Estano": 0, "Status_Sn_Estano": "No", "Flag_Fe_Hierro": 0, "Status_Fe_Hierro": "No", "Tech_Ruina_Montium": 1, "Tech_Subterranea": 0, "Tech_Cielo_Abierto": 1, "Tech_Lavado_Placer": 0, "Certainty_Spatial": 0.85, "Certainty_Archaeological": 0.9, "Certainty_Metallogenic": 1.0, "Certainty_Score": 0.905, "Certainty_Grade": "Alta Certeza (Grado I)" }, "geometry": { "type": "Point", "coordinates": [ -6.693249, 42.420787 ] } },
{ "type": "Feature", "properties": { "mineID": 1352, "site": "Valdefrola", "ancientName": null, "province": "Hispania Tarraconensis", "country": "Spain", "region": "León", "miningDistrict": "Cuenca media del Sil", "romanianRANID": null, "sanchezPalenciaAndOrejasID": "MS-081", "domergueID": null, "spainMapSheet": null, "lambertX": null, "lambertY": null, "latitude": 42.426872, "longitude": -6.727729, "coordinateAccuracy": 500.0, "locationDataSource": "Guessed from Google Earth, IGN map, and Sanchez-Palencia and Orejas 1994, fig. 16", "locationNotes": null, "notBeforeOpeningDate": null, "notAfterOpeningDate": null, "notBeforeClosingDate": null, "notAfterClosingDate": null, "inUseDate": null, "metalMinedGold": "TRUE", "metalMinedSilver": 0.0, "metalMinedLead": 0.0, "metalMinedCopper": 0.0, "metalMinedTin": 0.0, "metalMinedIron": 0.0, "metalMinedMercuryCinnabar": 0.0, "metalMinedZinc": 0.0, "metalMinedOther": 0.0, "description": null, "references": "Sanchez-Palencia and Orejas 1994, 196", "techniqueOpencast": 1.0, "techniqueUnderground": 0.0, "techniqueHydraulic": "TRUE", "techniqueHushing": null, "techniqueGroundSluicing": null, "techniqueRuinaMontium": null, "techniqueRakeComb": null, "techniqueGoldWashing": null, "techniqueOther": null, "notes": null, "geology": null, "depositType": "Secondary", "exploitationType": "Extensive", "Flag_Au_Oro": 1, "Status_Au_Oro": "Confirmado", "Flag_Ag_Plata": 0, "Status_Ag_Plata": "No", "Flag_Cu_Cobre": 0, "Status_Cu_Cobre": "No", "Flag_Pb_Plomo": 0, "Status_Pb_Plomo": "No", "Flag_Hg_Cinabrio": 0, "Status_Hg_Cinabrio": "No", "Flag_Sn_Estano": 0, "Status_Sn_Estano": "No", "Flag_Fe_Hierro": 0, "Status_Fe_Hierro": "No", "Tech_Ruina_Montium": 1, "Tech_Subterranea": 0, "Tech_Cielo_Abierto": 1, "Tech_Lavado_Placer": 0, "Certainty_Spatial": 0.85, "Certainty_Archaeological": 0.9, "Certainty_Metallogenic": 1.0, "Certainty_Score": 0.905, "Certainty_Grade": "Alta Certeza (Grado I)" }, "geometry": { "type": "Point", "coordinates": [ -6.727729, 42.426872 ] } },
{ "type": "Feature", "properties": { "mineID": 1356, "site": "Valdelperal", "ancientName": null, "province": "Hispania Tarraconensis", "country": "Spain", "region": "León", "miningDistrict": "Valduerna", "romanianRANID": null, "sanchezPalenciaAndOrejasID": "DU-01", "domergueID": null, "spainMapSheet": null, "lambertX": null, "lambertY": null, "latitude": 42.411357, "longitude": -6.410039, "coordinateAccuracy": 50.0, "locationDataSource": "Orejas 1996, 140 fig. 48, and Google Earth", "locationNotes": null, "notBeforeOpeningDate": null, "notAfterOpeningDate": null, "notBeforeClosingDate": null, "notAfterClosingDate": null, "inUseDate": null, "metalMinedGold": "TRUE", "metalMinedSilver": 0.0, "metalMinedLead": 0.0, "metalMinedCopper": 0.0, "metalMinedTin": 0.0, "metalMinedIron": 0.0, "metalMinedMercuryCinnabar": 0.0, "metalMinedZinc": 0.0, "metalMinedOther": 0.0, "description": null, "references": "Sanchez-Palencia and Orejas 1994, 192; Orejas 1996, 140, 142", "techniqueOpencast": 1.0, "techniqueUnderground": 0.0, "techniqueHydraulic": "TRUE", "techniqueHushing": "TRUE", "techniqueGroundSluicing": "FALSE", "techniqueRuinaMontium": 0.0, "techniqueRakeComb": 0.0, "techniqueGoldWashing": 0.0, "techniqueOther": 0.0, "notes": "Small hydraulic workings, associated with castro of Valdeperal, whose ditches are worked by hydraulic means, fed by a rock-cut channel.", "geology": null, "depositType": "Secondary", "exploitationType": "Extensive", "Flag_Au_Oro": 1, "Status_Au_Oro": "Confirmado", "Flag_Ag_Plata": 0, "Status_Ag_Plata": "No", "Flag_Cu_Cobre": 0, "Status_Cu_Cobre": "No", "Flag_Pb_Plomo": 0, "Status_Pb_Plomo": "No", "Flag_Hg_Cinabrio": 0, "Status_Hg_Cinabrio": "No", "Flag_Sn_Estano": 0, "Status_Sn_Estano": "No", "Flag_Fe_Hierro": 0, "Status_Fe_Hierro": "No", "Tech_Ruina_Montium": 1, "Tech_Subterranea": 0, "Tech_Cielo_Abierto": 1, "Tech_Lavado_Placer": 0, "Certainty_Spatial": 1.0, "Certainty_Archaeological": 0.9, "Certainty_Metallogenic": 1.0, "Certainty_Score": 0.965, "Certainty_Grade": "Alta Certeza (Grado I)" }, "geometry": { "type": "Point", "coordinates": [ -6.410039, 42.411357 ] } },
{ "type": "Feature", "properties": { "mineID": 1357, "site": "Valdesedilla I", "ancientName": null, "province": "Hispania Tarraconensis", "country": "Spain", "region": "León", "miningDistrict": "Cuenca media del Sil", "romanianRANID": null, "sanchezPalenciaAndOrejasID": "MS-075", "domergueID": null, "spainMapSheet": null, "lambertX": null, "lambertY": null, "latitude": 42.41182, "longitude": -6.691573, "coordinateAccuracy": 500.0, "locationDataSource": "Guessed from Google Earth and Sanchez-Palencia and Orejas 1994, fig. 16", "locationNotes": null, "notBeforeOpeningDate": null, "notAfterOpeningDate": null, "notBeforeClosingDate": null, "notAfterClosingDate": null, "inUseDate": null, "metalMinedGold": "TRUE", "metalMinedSilver": 0.0, "metalMinedLead": 0.0, "metalMinedCopper": 0.0, "metalMinedTin": 0.0, "metalMinedIron": 0.0, "metalMinedMercuryCinnabar": 0.0, "metalMinedZinc": 0.0, "metalMinedOther": 0.0, "description": null, "references": "Sanchez-Palencia and Orejas 1994, 196", "techniqueOpencast": 1.0, "techniqueUnderground": 0.0, "techniqueHydraulic": "TRUE", "techniqueHushing": null, "techniqueGroundSluicing": null, "techniqueRuinaMontium": null, "techniqueRakeComb": null, "techniqueGoldWashing": null, "techniqueOther": null, "notes": null, "geology": null, "depositType": "Secondary", "exploitationType": "Extensive", "Flag_Au_Oro": 1, "Status_Au_Oro": "Confirmado", "Flag_Ag_Plata": 0, "Status_Ag_Plata": "No", "Flag_Cu_Cobre": 0, "Status_Cu_Cobre": "No", "Flag_Pb_Plomo": 0, "Status_Pb_Plomo": "No", "Flag_Hg_Cinabrio": 0, "Status_Hg_Cinabrio": "No", "Flag_Sn_Estano": 0, "Status_Sn_Estano": "No", "Flag_Fe_Hierro": 0, "Status_Fe_Hierro": "No", "Tech_Ruina_Montium": 1, "Tech_Subterranea": 0, "Tech_Cielo_Abierto": 1, "Tech_Lavado_Placer": 0, "Certainty_Spatial": 0.85, "Certainty_Archaeological": 0.9, "Certainty_Metallogenic": 1.0, "Certainty_Score": 0.905, "Certainty_Grade": "Alta Certeza (Grado I)" }, "geometry": { "type": "Point", "coordinates": [ -6.691573, 42.41182 ] } },
{ "type": "Feature", "properties": { "mineID": 1358, "site": "Valdesedilla II", "ancientName": null, "province": "Hispania Tarraconensis", "country": "Spain", "region": "León", "miningDistrict": "Cuenca media del Sil", "romanianRANID": null, "sanchezPalenciaAndOrejasID": "MS-072", "domergueID": null, "spainMapSheet": null, "lambertX": null, "lambertY": null, "latitude": 42.41482, "longitude": -6.68393, "coordinateAccuracy": 500.0, "locationDataSource": "Guessed from Google Earth and Sanchez-Palencia and Orejas 1994, fig. 16", "locationNotes": null, "notBeforeOpeningDate": null, "notAfterOpeningDate": null, "notBeforeClosingDate": null, "notAfterClosingDate": null, "inUseDate": null, "metalMinedGold": "TRUE", "metalMinedSilver": 0.0, "metalMinedLead": 0.0, "metalMinedCopper": 0.0, "metalMinedTin": 0.0, "metalMinedIron": 0.0, "metalMinedMercuryCinnabar": 0.0, "metalMinedZinc": 0.0, "metalMinedOther": 0.0, "description": null, "references": "Sanchez-Palencia and Orejas 1994, 196", "techniqueOpencast": 1.0, "techniqueUnderground": 0.0, "techniqueHydraulic": "TRUE", "techniqueHushing": null, "techniqueGroundSluicing": null, "techniqueRuinaMontium": null, "techniqueRakeComb": null, "techniqueGoldWashing": null, "techniqueOther": null, "notes": null, "geology": null, "depositType": "Secondary", "exploitationType": "Selective", "Flag_Au_Oro": 1, "Status_Au_Oro": "Confirmado", "Flag_Ag_Plata": 0, "Status_Ag_Plata": "No", "Flag_Cu_Cobre": 0, "Status_Cu_Cobre": "No", "Flag_Pb_Plomo": 0, "Status_Pb_Plomo": "No", "Flag_Hg_Cinabrio": 0, "Status_Hg_Cinabrio": "No", "Flag_Sn_Estano": 0, "Status_Sn_Estano": "No", "Flag_Fe_Hierro": 0, "Status_Fe_Hierro": "No", "Tech_Ruina_Montium": 1, "Tech_Subterranea": 0, "Tech_Cielo_Abierto": 1, "Tech_Lavado_Placer": 0, "Certainty_Spatial": 0.85, "Certainty_Archaeological": 0.9, "Certainty_Metallogenic": 1.0, "Certainty_Score": 0.905, "Certainty_Grade": "Alta Certeza (Grado I)" }, "geometry": { "type": "Point", "coordinates": [ -6.68393, 42.41482 ] } },
{ "type": "Feature", "properties": { "mineID": 1359, "site": "Valdetallín - Alto Morueco - La Gándara", "ancientName": null, "province": "Hispania Tarraconensis", "country": "Spain", "region": "León", "miningDistrict": "Cuenca del Boeza", "romanianRANID": null, "sanchezPalenciaAndOrejasID": "BO-20", "domergueID": null, "spainMapSheet": null, "lambertX": null, "lambertY": null, "latitude": 42.625082, "longitude": -6.263232, "coordinateAccuracy": 1000.0, "locationDataSource": "Estimated from Sanchez-Palencia and Orejas 1994, fig. 14, IGN map, and Google Earth", "locationNotes": null, "notBeforeOpeningDate": null, "notAfterOpeningDate": null, "notBeforeClosingDate": null, "notAfterClosingDate": null, "inUseDate": null, "metalMinedGold": "TRUE", "metalMinedSilver": 0.0, "metalMinedLead": 0.0, "metalMinedCopper": 0.0, "metalMinedTin": 0.0, "metalMinedIron": 0.0, "metalMinedMercuryCinnabar": 0.0, "metalMinedZinc": 0.0, "metalMinedOther": 0.0, "description": null, "references": "Sanchez-Palencia and Orejas 1994, 191", "techniqueOpencast": 1.0, "techniqueUnderground": 0.0, "techniqueHydraulic": "TRUE", "techniqueHushing": null, "techniqueGroundSluicing": null, "techniqueRuinaMontium": null, "techniqueRakeComb": null, "techniqueGoldWashing": null, "techniqueOther": null, "notes": null, "geology": null, "depositType": "Secondary", "exploitationType": "Selective - Extensive", "Flag_Au_Oro": 1, "Status_Au_Oro": "Confirmado", "Flag_Ag_Plata": 0, "Status_Ag_Plata": "No", "Flag_Cu_Cobre": 0, "Status_Cu_Cobre": "No", "Flag_Pb_Plomo": 0, "Status_Pb_Plomo": "No", "Flag_Hg_Cinabrio": 0, "Status_Hg_Cinabrio": "No", "Flag_Sn_Estano": 0, "Status_Sn_Estano": "No", "Flag_Fe_Hierro": 0, "Status_Fe_Hierro": "No", "Tech_Ruina_Montium": 1, "Tech_Subterranea": 0, "Tech_Cielo_Abierto": 1, "Tech_Lavado_Placer": 0, "Certainty_Spatial": 0.7, "Certainty_Archaeological": 0.9, "Certainty_Metallogenic": 1.0, "Certainty_Score": 0.845, "Certainty_Grade": "Alta Certeza (Grado I)" }, "geometry": { "type": "Point", "coordinates": [ -6.263232, 42.625082 ] } },
{ "type": "Feature", "properties": { "mineID": 1360, "site": "Valdevecios I", "ancientName": null, "province": "Hispania Tarraconensis", "country": "Spain", "region": "León", "miningDistrict": "Sierra del Teleno", "romanianRANID": null, "sanchezPalenciaAndOrejasID": "TE-14", "domergueID": null, "spainMapSheet": null, "lambertX": null, "lambertY": null, "latitude": 42.31479, "longitude": -6.37128, "coordinateAccuracy": 1000.0, "locationDataSource": "Guessed from Sanchez-Palencia and Orejas 1994, fig. 17, IGN map, and Google Earth", "locationNotes": "Spelled Valdevecios on the IGN map, and Valdevercios by Sanchez-Palencia and Orejas", "notBeforeOpeningDate": null, "notAfterOpeningDate": null, "notBeforeClosingDate": null, "notAfterClosingDate": null, "inUseDate": null, "metalMinedGold": "TRUE", "metalMinedSilver": 0.0, "metalMinedLead": 0.0, "metalMinedCopper": 0.0, "metalMinedTin": 0.0, "metalMinedIron": 0.0, "metalMinedMercuryCinnabar": 0.0, "metalMinedZinc": 0.0, "metalMinedOther": 0.0, "description": null, "references": "Sanchez-Palencia and Orejas 1994, 202", "techniqueOpencast": 1.0, "techniqueUnderground": 0.0, "techniqueHydraulic": "TRUE", "techniqueHushing": null, "techniqueGroundSluicing": null, "techniqueRuinaMontium": null, "techniqueRakeComb": null, "techniqueGoldWashing": null, "techniqueOther": null, "notes": null, "geology": null, "depositType": "Secondary", "exploitationType": "Selective - Extensive", "Flag_Au_Oro": 1, "Status_Au_Oro": "Confirmado", "Flag_Ag_Plata": 0, "Status_Ag_Plata": "No", "Flag_Cu_Cobre": 0, "Status_Cu_Cobre": "No", "Flag_Pb_Plomo": 0, "Status_Pb_Plomo": "No", "Flag_Hg_Cinabrio": 0, "Status_Hg_Cinabrio": "No", "Flag_Sn_Estano": 0, "Status_Sn_Estano": "No", "Flag_Fe_Hierro": 0, "Status_Fe_Hierro": "No", "Tech_Ruina_Montium": 1, "Tech_Subterranea": 0, "Tech_Cielo_Abierto": 1, "Tech_Lavado_Placer": 0, "Certainty_Spatial": 0.7, "Certainty_Archaeological": 0.9, "Certainty_Metallogenic": 1.0, "Certainty_Score": 0.845, "Certainty_Grade": "Alta Certeza (Grado I)" }, "geometry": { "type": "Point", "coordinates": [ -6.37128, 42.31479 ] } },
{ "type": "Feature", "properties": { "mineID": 1361, "site": "Valdevecios II", "ancientName": null, "province": "Hispania Tarraconensis", "country": "Spain", "region": "León", "miningDistrict": "Sierra del Teleno", "romanianRANID": null, "sanchezPalenciaAndOrejasID": "TE-15", "domergueID": null, "spainMapSheet": null, "lambertX": null, "lambertY": null, "latitude": 42.300943, "longitude": -6.372105, "coordinateAccuracy": 1000.0, "locationDataSource": "Guessed from Sanchez-Palencia and Orejas 1994, fig. 17, IGN map, and Google Earth", "locationNotes": "Spelled Valdevecios on the IGN map, and Valdevercios by Sanchez-Palencia and Orejas", "notBeforeOpeningDate": null, "notAfterOpeningDate": null, "notBeforeClosingDate": null, "notAfterClosingDate": null, "inUseDate": null, "metalMinedGold": "TRUE", "metalMinedSilver": 0.0, "metalMinedLead": 0.0, "metalMinedCopper": 0.0, "metalMinedTin": 0.0, "metalMinedIron": 0.0, "metalMinedMercuryCinnabar": 0.0, "metalMinedZinc": 0.0, "metalMinedOther": 0.0, "description": null, "references": "Sanchez-Palencia and Orejas 1994, 202", "techniqueOpencast": 1.0, "techniqueUnderground": 0.0, "techniqueHydraulic": "TRUE", "techniqueHushing": null, "techniqueGroundSluicing": null, "techniqueRuinaMontium": null, "techniqueRakeComb": null, "techniqueGoldWashing": null, "techniqueOther": null, "notes": null, "geology": null, "depositType": "Secondary", "exploitationType": "Extensive", "Flag_Au_Oro": 1, "Status_Au_Oro": "Confirmado", "Flag_Ag_Plata": 0, "Status_Ag_Plata": "No", "Flag_Cu_Cobre": 0, "Status_Cu_Cobre": "No", "Flag_Pb_Plomo": 0, "Status_Pb_Plomo": "No", "Flag_Hg_Cinabrio": 0, "Status_Hg_Cinabrio": "No", "Flag_Sn_Estano": 0, "Status_Sn_Estano": "No", "Flag_Fe_Hierro": 0, "Status_Fe_Hierro": "No", "Tech_Ruina_Montium": 1, "Tech_Subterranea": 0, "Tech_Cielo_Abierto": 1, "Tech_Lavado_Placer": 0, "Certainty_Spatial": 0.7, "Certainty_Archaeological": 0.9, "Certainty_Metallogenic": 1.0, "Certainty_Score": 0.845, "Certainty_Grade": "Alta Certeza (Grado I)" }, "geometry": { "type": "Point", "coordinates": [ -6.372105, 42.300943 ] } },
{ "type": "Feature", "properties": { "mineID": 1362, "site": "Valdevila", "ancientName": null, "province": "Hispania Tarraconensis", "country": "Spain", "region": "Orense", "miningDistrict": "Cuenca media del Sil", "romanianRANID": null, "sanchezPalenciaAndOrejasID": "MS-017", "domergueID": null, "spainMapSheet": null, "lambertX": null, "lambertY": null, "latitude": 42.41024, "longitude": -6.880418, "coordinateAccuracy": 500.0, "locationDataSource": "Estimated from Google Earth, IGN map and Sanchez-Palencia and Orejas 1994, fig. 16", "locationNotes": null, "notBeforeOpeningDate": null, "notAfterOpeningDate": null, "notBeforeClosingDate": null, "notAfterClosingDate": null, "inUseDate": null, "metalMinedGold": "TRUE", "metalMinedSilver": 0.0, "metalMinedLead": 0.0, "metalMinedCopper": 0.0, "metalMinedTin": 0.0, "metalMinedIron": 0.0, "metalMinedMercuryCinnabar": 0.0, "metalMinedZinc": 0.0, "metalMinedOther": 0.0, "description": null, "references": "Sanchez-Palencia and Orejas 1994, 195", "techniqueOpencast": 1.0, "techniqueUnderground": 0.0, "techniqueHydraulic": "TRUE", "techniqueHushing": null, "techniqueGroundSluicing": null, "techniqueRuinaMontium": null, "techniqueRakeComb": null, "techniqueGoldWashing": null, "techniqueOther": null, "notes": null, "geology": null, "depositType": "Secondary", "exploitationType": "Extensive", "Flag_Au_Oro": 1, "Status_Au_Oro": "Confirmado", "Flag_Ag_Plata": 0, "Status_Ag_Plata": "No", "Flag_Cu_Cobre": 0, "Status_Cu_Cobre": "No", "Flag_Pb_Plomo": 0, "Status_Pb_Plomo": "No", "Flag_Hg_Cinabrio": 0, "Status_Hg_Cinabrio": "No", "Flag_Sn_Estano": 0, "Status_Sn_Estano": "No", "Flag_Fe_Hierro": 0, "Status_Fe_Hierro": "No", "Tech_Ruina_Montium": 1, "Tech_Subterranea": 0, "Tech_Cielo_Abierto": 1, "Tech_Lavado_Placer": 0, "Certainty_Spatial": 0.85, "Certainty_Archaeological": 0.9, "Certainty_Metallogenic": 1.0, "Certainty_Score": 0.905, "Certainty_Grade": "Alta Certeza (Grado I)" }, "geometry": { "type": "Point", "coordinates": [ -6.880418, 42.41024 ] } },
{ "type": "Feature", "properties": { "mineID": 1363, "site": "Valilongo", "ancientName": null, "province": "Hispania Tarraconensis", "country": "Spain", "region": "León", "miningDistrict": "Cuenca media del Sil", "romanianRANID": null, "sanchezPalenciaAndOrejasID": "MS-084", "domergueID": null, "spainMapSheet": null, "lambertX": null, "lambertY": null, "latitude": 42.415773, "longitude": -6.793456, "coordinateAccuracy": 500.0, "locationDataSource": "Guessed from Google Earth and Sanchez-Palencia and Orejas 1994, fig. 16", "locationNotes": null, "notBeforeOpeningDate": null, "notAfterOpeningDate": null, "notBeforeClosingDate": null, "notAfterClosingDate": null, "inUseDate": null, "metalMinedGold": "TRUE", "metalMinedSilver": 0.0, "metalMinedLead": 0.0, "metalMinedCopper": 0.0, "metalMinedTin": 0.0, "metalMinedIron": 0.0, "metalMinedMercuryCinnabar": 0.0, "metalMinedZinc": 0.0, "metalMinedOther": 0.0, "description": null, "references": "Sanchez-Palencia and Orejas 1994, 196", "techniqueOpencast": 1.0, "techniqueUnderground": 0.0, "techniqueHydraulic": "TRUE", "techniqueHushing": null, "techniqueGroundSluicing": null, "techniqueRuinaMontium": null, "techniqueRakeComb": null, "techniqueGoldWashing": null, "techniqueOther": null, "notes": null, "geology": null, "depositType": "Secondary", "exploitationType": "Extensive", "Flag_Au_Oro": 1, "Status_Au_Oro": "Confirmado", "Flag_Ag_Plata": 0, "Status_Ag_Plata": "No", "Flag_Cu_Cobre": 0, "Status_Cu_Cobre": "No", "Flag_Pb_Plomo": 0, "Status_Pb_Plomo": "No", "Flag_Hg_Cinabrio": 0, "Status_Hg_Cinabrio": "No", "Flag_Sn_Estano": 0, "Status_Sn_Estano": "No", "Flag_Fe_Hierro": 0, "Status_Fe_Hierro": "No", "Tech_Ruina_Montium": 1, "Tech_Subterranea": 0, "Tech_Cielo_Abierto": 1, "Tech_Lavado_Placer": 0, "Certainty_Spatial": 0.85, "Certainty_Archaeological": 0.9, "Certainty_Metallogenic": 1.0, "Certainty_Score": 0.905, "Certainty_Grade": "Alta Certeza (Grado I)" }, "geometry": { "type": "Point", "coordinates": [ -6.793456, 42.415773 ] } },
{ "type": "Feature", "properties": { "mineID": 1365, "site": "Valle Canales", "ancientName": null, "province": "Hispania Tarraconensis", "country": "Spain", "region": "León", "miningDistrict": "Cuenca Alta del Orbigo", "romanianRANID": null, "sanchezPalenciaAndOrejasID": "AO-14", "domergueID": null, "spainMapSheet": null, "lambertX": null, "lambertY": null, "latitude": 42.723848, "longitude": -5.935249, "coordinateAccuracy": 200.0, "locationDataSource": "Estimated from Sanchez-Palencia and Orejas 1994, fig. 15 and Google Earth", "locationNotes": null, "notBeforeOpeningDate": null, "notAfterOpeningDate": null, "notBeforeClosingDate": null, "notAfterClosingDate": null, "inUseDate": null, "metalMinedGold": "TRUE", "metalMinedSilver": 0.0, "metalMinedLead": 0.0, "metalMinedCopper": 0.0, "metalMinedTin": 0.0, "metalMinedIron": 0.0, "metalMinedMercuryCinnabar": 0.0, "metalMinedZinc": 0.0, "metalMinedOther": 0.0, "description": null, "references": "Sanchez-Palencia and Orejas 1994, 188", "techniqueOpencast": 1.0, "techniqueUnderground": 0.0, "techniqueHydraulic": "TRUE", "techniqueHushing": null, "techniqueGroundSluicing": null, "techniqueRuinaMontium": null, "techniqueRakeComb": null, "techniqueGoldWashing": null, "techniqueOther": null, "notes": null, "geology": null, "depositType": "Secondary", "exploitationType": "Selective", "Flag_Au_Oro": 1, "Status_Au_Oro": "Confirmado", "Flag_Ag_Plata": 0, "Status_Ag_Plata": "No", "Flag_Cu_Cobre": 0, "Status_Cu_Cobre": "No", "Flag_Pb_Plomo": 0, "Status_Pb_Plomo": "No", "Flag_Hg_Cinabrio": 0, "Status_Hg_Cinabrio": "No", "Flag_Sn_Estano": 0, "Status_Sn_Estano": "No", "Flag_Fe_Hierro": 0, "Status_Fe_Hierro": "No", "Tech_Ruina_Montium": 1, "Tech_Subterranea": 0, "Tech_Cielo_Abierto": 1, "Tech_Lavado_Placer": 0, "Certainty_Spatial": 0.85, "Certainty_Archaeological": 0.9, "Certainty_Metallogenic": 1.0, "Certainty_Score": 0.905, "Certainty_Grade": "Alta Certeza (Grado I)" }, "geometry": { "type": "Point", "coordinates": [ -5.935249, 42.723848 ] } },
{ "type": "Feature", "properties": { "mineID": 1366, "site": "La Cruz de Hierro / Valle Cuevo - La Cabuercona", "ancientName": null, "province": "Hispania Tarraconensis", "country": "Spain", "region": "León", "miningDistrict": "Cuencas del Turienzo y Jerega", "romanianRANID": null, "sanchezPalenciaAndOrejasID": "TJ-01", "domergueID": "LE 34", "spainMapSheet": 192.0, "lambertX": 379.5, "lambertY": 877.5, "latitude": 42.469503, "longitude": -6.373253, "coordinateAccuracy": 100.0, "locationDataSource": "Estimated from Sanchez-Palencia and Orejas 1994, fig. 17, IGN map, and Google Earth", "locationNotes": null, "notBeforeOpeningDate": null, "notAfterOpeningDate": null, "notBeforeClosingDate": null, "notAfterClosingDate": null, "inUseDate": null, "metalMinedGold": "TRUE", "metalMinedSilver": 0.0, "metalMinedLead": 0.0, "metalMinedCopper": 0.0, "metalMinedTin": 0.0, "metalMinedIron": 0.0, "metalMinedMercuryCinnabar": 0.0, "metalMinedZinc": 0.0, "metalMinedOther": 0.0, "description": null, "references": "Domergue 1990: 43; Sanchez-Palencia and Orejas 1994, 202", "techniqueOpencast": 1.0, "techniqueUnderground": 0.0, "techniqueHydraulic": "TRUE", "techniqueHushing": null, "techniqueGroundSluicing": null, "techniqueRuinaMontium": 0.0, "techniqueRakeComb": 0.0, "techniqueGoldWashing": 0.0, "techniqueOther": 0.0, "notes": null, "geology": "Quartz veins with gold-bearing arsenopyrites", "depositType": "Primary", "exploitationType": "Extensive", "Flag_Au_Oro": 1, "Status_Au_Oro": "Confirmado", "Flag_Ag_Plata": 0, "Status_Ag_Plata": "No", "Flag_Cu_Cobre": 0, "Status_Cu_Cobre": "No", "Flag_Pb_Plomo": 0, "Status_Pb_Plomo": "No", "Flag_Hg_Cinabrio": 0, "Status_Hg_Cinabrio": "No", "Flag_Sn_Estano": 0, "Status_Sn_Estano": "No", "Flag_Fe_Hierro": 0, "Status_Fe_Hierro": "No", "Tech_Ruina_Montium": 1, "Tech_Subterranea": 0, "Tech_Cielo_Abierto": 1, "Tech_Lavado_Placer": 0, "Certainty_Spatial": 1.0, "Certainty_Archaeological": 1.0, "Certainty_Metallogenic": 1.0, "Certainty_Score": 1.0, "Certainty_Grade": "Alta Certeza (Grado I)" }, "geometry": { "type": "Point", "coordinates": [ -6.373253, 42.469503 ] } },
{ "type": "Feature", "properties": { "mineID": 1367, "site": "Valle de las Forcadas", "ancientName": null, "province": "Hispania Tarraconensis", "country": "Spain", "region": "León", "miningDistrict": "Cuenca Alta del Orbigo", "romanianRANID": null, "sanchezPalenciaAndOrejasID": "AO-23", "domergueID": null, "spainMapSheet": null, "lambertX": null, "lambertY": null, "latitude": 42.68365, "longitude": -5.920964, "coordinateAccuracy": 0.0, "locationDataSource": "Estimated from Sanchez-Palencia and Orejas 1994, fig. 15, and features on Google Earth", "locationNotes": null, "notBeforeOpeningDate": null, "notAfterOpeningDate": null, "notBeforeClosingDate": null, "notAfterClosingDate": null, "inUseDate": null, "metalMinedGold": "TRUE", "metalMinedSilver": 0.0, "metalMinedLead": 0.0, "metalMinedCopper": 0.0, "metalMinedTin": 0.0, "metalMinedIron": 0.0, "metalMinedMercuryCinnabar": 0.0, "metalMinedZinc": 0.0, "metalMinedOther": 0.0, "description": null, "references": "Sanchez-Palencia and Orejas 1994, 189", "techniqueOpencast": 1.0, "techniqueUnderground": 0.0, "techniqueHydraulic": "TRUE", "techniqueHushing": "FALSE", "techniqueGroundSluicing": "TRUE", "techniqueRuinaMontium": 0.0, "techniqueRakeComb": 0.0, "techniqueGoldWashing": 0.0, "techniqueOther": 0.0, "notes": null, "geology": null, "depositType": "Secondary", "exploitationType": "Extensive", "Flag_Au_Oro": 1, "Status_Au_Oro": "Confirmado", "Flag_Ag_Plata": 0, "Status_Ag_Plata": "No", "Flag_Cu_Cobre": 0, "Status_Cu_Cobre": "No", "Flag_Pb_Plomo": 0, "Status_Pb_Plomo": "No", "Flag_Hg_Cinabrio": 0, "Status_Hg_Cinabrio": "No", "Flag_Sn_Estano": 0, "Status_Sn_Estano": "No", "Flag_Fe_Hierro": 0, "Status_Fe_Hierro": "No", "Tech_Ruina_Montium": 1, "Tech_Subterranea": 0, "Tech_Cielo_Abierto": 1, "Tech_Lavado_Placer": 0, "Certainty_Spatial": 1.0, "Certainty_Archaeological": 0.9, "Certainty_Metallogenic": 1.0, "Certainty_Score": 0.965, "Certainty_Grade": "Alta Certeza (Grado I)" }, "geometry": { "type": "Point", "coordinates": [ -5.920964, 42.68365 ] } },
{ "type": "Feature", "properties": { "mineID": 1368, "site": "Valle de los Ganados", "ancientName": null, "province": "Hispania Tarraconensis", "country": "Spain", "region": "Oviedo", "miningDistrict": "Cuenca del Navia", "romanianRANID": null, "sanchezPalenciaAndOrejasID": "NV-74", "domergueID": null, "spainMapSheet": null, "lambertX": null, "lambertY": null, "latitude": 43.343283, "longitude": -6.700014, "coordinateAccuracy": 300.0, "locationDataSource": "Google Earth and IGN map.", "locationNotes": null, "notBeforeOpeningDate": null, "notAfterOpeningDate": null, "notBeforeClosingDate": null, "notAfterClosingDate": null, "inUseDate": null, "metalMinedGold": "TRUE", "metalMinedSilver": 0.0, "metalMinedLead": 0.0, "metalMinedCopper": 0.0, "metalMinedTin": 0.0, "metalMinedIron": 0.0, "metalMinedMercuryCinnabar": 0.0, "metalMinedZinc": 0.0, "metalMinedOther": 0.0, "description": null, "references": "Sanchez-Palencia and Orejas 1994, 200", "techniqueOpencast": 1.0, "techniqueUnderground": 0.0, "techniqueHydraulic": "TRUE", "techniqueHushing": "TRUE", "techniqueGroundSluicing": "FALSE", "techniqueRuinaMontium": 0.0, "techniqueRakeComb": 0.0, "techniqueGoldWashing": 0.0, "techniqueOther": 0.0, "notes": null, "geology": null, "depositType": "Secondary", "exploitationType": "Selective", "Flag_Au_Oro": 1, "Status_Au_Oro": "Confirmado", "Flag_Ag_Plata": 0, "Status_Ag_Plata": "No", "Flag_Cu_Cobre": 0, "Status_Cu_Cobre": "No", "Flag_Pb_Plomo": 0, "Status_Pb_Plomo": "No", "Flag_Hg_Cinabrio": 0, "Status_Hg_Cinabrio": "No", "Flag_Sn_Estano": 0, "Status_Sn_Estano": "No", "Flag_Fe_Hierro": 0, "Status_Fe_Hierro": "No", "Tech_Ruina_Montium": 1, "Tech_Subterranea": 0, "Tech_Cielo_Abierto": 1, "Tech_Lavado_Placer": 0, "Certainty_Spatial": 0.85, "Certainty_Archaeological": 0.9, "Certainty_Metallogenic": 1.0, "Certainty_Score": 0.905, "Certainty_Grade": "Alta Certeza (Grado I)" }, "geometry": { "type": "Point", "coordinates": [ -6.700014, 43.343283 ] } },
{ "type": "Feature", "properties": { "mineID": 1369, "site": "Valle de Valdeluengo", "ancientName": null, "province": "Hispania Tarraconensis", "country": "Spain", "region": "León", "miningDistrict": "Cuenca Alta del Orbigo", "romanianRANID": null, "sanchezPalenciaAndOrejasID": "AO-22", "domergueID": null, "spainMapSheet": null, "lambertX": null, "lambertY": null, "latitude": 42.689483, "longitude": -5.939732, "coordinateAccuracy": 1000.0, "locationDataSource": "Estimated from Sanchez-Palencia and Orejas 1994, fig. 15 and Google Earth", "locationNotes": null, "notBeforeOpeningDate": null, "notAfterOpeningDate": null, "notBeforeClosingDate": null, "notAfterClosingDate": null, "inUseDate": null, "metalMinedGold": "TRUE", "metalMinedSilver": 0.0, "metalMinedLead": 0.0, "metalMinedCopper": 0.0, "metalMinedTin": 0.0, "metalMinedIron": 0.0, "metalMinedMercuryCinnabar": 0.0, "metalMinedZinc": 0.0, "metalMinedOther": 0.0, "description": null, "references": "Sanchez-Palencia and Orejas 1994, 189", "techniqueOpencast": 1.0, "techniqueUnderground": 0.0, "techniqueHydraulic": "TRUE", "techniqueHushing": null, "techniqueGroundSluicing": null, "techniqueRuinaMontium": null, "techniqueRakeComb": null, "techniqueGoldWashing": null, "techniqueOther": null, "notes": null, "geology": null, "depositType": "Secondary", "exploitationType": "Extensive", "Flag_Au_Oro": 1, "Status_Au_Oro": "Confirmado", "Flag_Ag_Plata": 0, "Status_Ag_Plata": "No", "Flag_Cu_Cobre": 0, "Status_Cu_Cobre": "No", "Flag_Pb_Plomo": 0, "Status_Pb_Plomo": "No", "Flag_Hg_Cinabrio": 0, "Status_Hg_Cinabrio": "No", "Flag_Sn_Estano": 0, "Status_Sn_Estano": "No", "Flag_Fe_Hierro": 0, "Status_Fe_Hierro": "No", "Tech_Ruina_Montium": 1, "Tech_Subterranea": 0, "Tech_Cielo_Abierto": 1, "Tech_Lavado_Placer": 0, "Certainty_Spatial": 0.7, "Certainty_Archaeological": 0.9, "Certainty_Metallogenic": 1.0, "Certainty_Score": 0.845, "Certainty_Grade": "Alta Certeza (Grado I)" }, "geometry": { "type": "Point", "coordinates": [ -5.939732, 42.689483 ] } },
{ "type": "Feature", "properties": { "mineID": 1370, "site": "Valle Gordo", "ancientName": null, "province": "Hispania Tarraconensis", "country": "Spain", "region": "León", "miningDistrict": "Cuenca Alta del Orbigo", "romanianRANID": null, "sanchezPalenciaAndOrejasID": "AO-29", "domergueID": null, "spainMapSheet": null, "lambertX": null, "lambertY": null, "latitude": 42.780307, "longitude": -5.733243, "coordinateAccuracy": 1000.0, "locationDataSource": "Estimated from Sanchez-Palencia and Orejas 1994, fig. 15, and features on Google Earth", "locationNotes": null, "notBeforeOpeningDate": null, "notAfterOpeningDate": null, "notBeforeClosingDate": null, "notAfterClosingDate": null, "inUseDate": null, "metalMinedGold": "TRUE", "metalMinedSilver": 0.0, "metalMinedLead": 0.0, "metalMinedCopper": 0.0, "metalMinedTin": 0.0, "metalMinedIron": 0.0, "metalMinedMercuryCinnabar": 0.0, "metalMinedZinc": 0.0, "metalMinedOther": 0.0, "description": null, "references": "Sanchez-Palencia and Orejas 1994, 189", "techniqueOpencast": 1.0, "techniqueUnderground": 0.0, "techniqueHydraulic": "TRUE", "techniqueHushing": null, "techniqueGroundSluicing": null, "techniqueRuinaMontium": null, "techniqueRakeComb": null, "techniqueGoldWashing": null, "techniqueOther": null, "notes": null, "geology": null, "depositType": "Secondary", "exploitationType": "Extensive", "Flag_Au_Oro": 1, "Status_Au_Oro": "Confirmado", "Flag_Ag_Plata": 0, "Status_Ag_Plata": "No", "Flag_Cu_Cobre": 0, "Status_Cu_Cobre": "No", "Flag_Pb_Plomo": 0, "Status_Pb_Plomo": "No", "Flag_Hg_Cinabrio": 0, "Status_Hg_Cinabrio": "No", "Flag_Sn_Estano": 0, "Status_Sn_Estano": "No", "Flag_Fe_Hierro": 0, "Status_Fe_Hierro": "No", "Tech_Ruina_Montium": 1, "Tech_Subterranea": 0, "Tech_Cielo_Abierto": 1, "Tech_Lavado_Placer": 0, "Certainty_Spatial": 0.7, "Certainty_Archaeological": 0.9, "Certainty_Metallogenic": 1.0, "Certainty_Score": 0.845, "Certainty_Grade": "Alta Certeza (Grado I)" }, "geometry": { "type": "Point", "coordinates": [ -5.733243, 42.780307 ] } },
{ "type": "Feature", "properties": { "mineID": 1371, "site": "Valle Rabón / Mina del Couto / Salientes II", "ancientName": null, "province": "Hispania Tarraconensis", "country": "Spain", "region": "León", "miningDistrict": "Cuenca Alta del Sil", "romanianRANID": null, "sanchezPalenciaAndOrejasID": "AS-02", "domergueID": "LE 21", "spainMapSheet": 101.0, "lambertX": 384.4, "lambertY": 922.7, "latitude": 42.878973, "longitude": -6.324726, "coordinateAccuracy": 100.0, "locationDataSource": "Converted in QGIS from Lambert coords, Madrid 1870; adjusted with reference to http://www.milmadreñasrojas.es/esp/06/06_03.html", "locationNotes": null, "notBeforeOpeningDate": null, "notAfterOpeningDate": null, "notBeforeClosingDate": null, "notAfterClosingDate": null, "inUseDate": null, "metalMinedGold": "TRUE", "metalMinedSilver": 0.0, "metalMinedLead": 0.0, "metalMinedCopper": 0.0, "metalMinedTin": 0.0, "metalMinedIron": 0.0, "metalMinedMercuryCinnabar": 0.0, "metalMinedZinc": 0.0, "metalMinedOther": 0.0, "description": "Fed by aqueduct channel. Matias mentions 7 reservoir tanks, and an anvil stone with 4 stamp depressions.", "references": "Domergue 1990: 42; Sanchez-Palencia and Orejas 1994, 189; Matías Rodríguez 2013", "techniqueOpencast": 1.0, "techniqueUnderground": 0.0, "techniqueHydraulic": "TRUE", "techniqueHushing": null, "techniqueGroundSluicing": null, "techniqueRuinaMontium": null, "techniqueRakeComb": null, "techniqueGoldWashing": null, "techniqueOther": null, "notes": null, "geology": "Hard rock", "depositType": "Primary", "exploitationType": "Extensive", "Flag_Au_Oro": 1, "Status_Au_Oro": "Confirmado", "Flag_Ag_Plata": 0, "Status_Ag_Plata": "No", "Flag_Cu_Cobre": 0, "Status_Cu_Cobre": "No", "Flag_Pb_Plomo": 0, "Status_Pb_Plomo": "No", "Flag_Hg_Cinabrio": 0, "Status_Hg_Cinabrio": "No", "Flag_Sn_Estano": 0, "Status_Sn_Estano": "No", "Flag_Fe_Hierro": 0, "Status_Fe_Hierro": "No", "Tech_Ruina_Montium": 1, "Tech_Subterranea": 0, "Tech_Cielo_Abierto": 1, "Tech_Lavado_Placer": 0, "Certainty_Spatial": 1.0, "Certainty_Archaeological": 1.0, "Certainty_Metallogenic": 1.0, "Certainty_Score": 1.0, "Certainty_Grade": "Alta Certeza (Grado I)" }, "geometry": { "type": "Point", "coordinates": [ -6.324726, 42.878973 ] } },
{ "type": "Feature", "properties": { "mineID": 1373, "site": "Vallegordo I", "ancientName": null, "province": "Hispania Tarraconensis", "country": "Spain", "region": "León", "miningDistrict": "Cuenca Alta del Orbigo", "romanianRANID": null, "sanchezPalenciaAndOrejasID": "AO-08", "domergueID": null, "spainMapSheet": null, "lambertX": null, "lambertY": null, "latitude": 42.783425, "longitude": -6.131616, "coordinateAccuracy": 500.0, "locationDataSource": "Estimated from Sanchez-Palencia and Orejas 1994, fig. 15, IGN map placename, and Google Earth", "locationNotes": null, "notBeforeOpeningDate": null, "notAfterOpeningDate": null, "notBeforeClosingDate": null, "notAfterClosingDate": null, "inUseDate": null, "metalMinedGold": "TRUE", "metalMinedSilver": 0.0, "metalMinedLead": 0.0, "metalMinedCopper": 0.0, "metalMinedTin": 0.0, "metalMinedIron": 0.0, "metalMinedMercuryCinnabar": 0.0, "metalMinedZinc": 0.0, "metalMinedOther": 0.0, "description": null, "references": "Sanchez-Palencia and Orejas 1994, 188", "techniqueOpencast": 1.0, "techniqueUnderground": 0.0, "techniqueHydraulic": "TRUE", "techniqueHushing": null, "techniqueGroundSluicing": null, "techniqueRuinaMontium": null, "techniqueRakeComb": null, "techniqueGoldWashing": null, "techniqueOther": null, "notes": null, "geology": null, "depositType": "Secondary", "exploitationType": "Selective", "Flag_Au_Oro": 1, "Status_Au_Oro": "Confirmado", "Flag_Ag_Plata": 0, "Status_Ag_Plata": "No", "Flag_Cu_Cobre": 0, "Status_Cu_Cobre": "No", "Flag_Pb_Plomo": 0, "Status_Pb_Plomo": "No", "Flag_Hg_Cinabrio": 0, "Status_Hg_Cinabrio": "No", "Flag_Sn_Estano": 0, "Status_Sn_Estano": "No", "Flag_Fe_Hierro": 0, "Status_Fe_Hierro": "No", "Tech_Ruina_Montium": 1, "Tech_Subterranea": 0, "Tech_Cielo_Abierto": 1, "Tech_Lavado_Placer": 0, "Certainty_Spatial": 0.85, "Certainty_Archaeological": 0.9, "Certainty_Metallogenic": 1.0, "Certainty_Score": 0.905, "Certainty_Grade": "Alta Certeza (Grado I)" }, "geometry": { "type": "Point", "coordinates": [ -6.131616, 42.783425 ] } },
{ "type": "Feature", "properties": { "mineID": 1374, "site": "Vallegordo II", "ancientName": null, "province": "Hispania Tarraconensis", "country": "Spain", "region": "León", "miningDistrict": "Cuenca Alta del Orbigo", "romanianRANID": null, "sanchezPalenciaAndOrejasID": "AO-07", "domergueID": null, "spainMapSheet": null, "lambertX": null, "lambertY": null, "latitude": 42.787068, "longitude": -6.145248, "coordinateAccuracy": 500.0, "locationDataSource": "Estimated from Sanchez-Palencia and Orejas 1994, fig. 15, IGN map placename, and Google Earth", "locationNotes": null, "notBeforeOpeningDate": null, "notAfterOpeningDate": null, "notBeforeClosingDate": null, "notAfterClosingDate": null, "inUseDate": null, "metalMinedGold": "TRUE", "metalMinedSilver": 0.0, "metalMinedLead": 0.0, "metalMinedCopper": 0.0, "metalMinedTin": 0.0, "metalMinedIron": 0.0, "metalMinedMercuryCinnabar": 0.0, "metalMinedZinc": 0.0, "metalMinedOther": 0.0, "description": null, "references": "Sanchez-Palencia and Orejas 1994, 188", "techniqueOpencast": 1.0, "techniqueUnderground": 0.0, "techniqueHydraulic": "TRUE", "techniqueHushing": null, "techniqueGroundSluicing": null, "techniqueRuinaMontium": null, "techniqueRakeComb": null, "techniqueGoldWashing": null, "techniqueOther": null, "notes": null, "geology": null, "depositType": "Secondary", "exploitationType": "Selective", "Flag_Au_Oro": 1, "Status_Au_Oro": "Confirmado", "Flag_Ag_Plata": 0, "Status_Ag_Plata": "No", "Flag_Cu_Cobre": 0, "Status_Cu_Cobre": "No", "Flag_Pb_Plomo": 0, "Status_Pb_Plomo": "No", "Flag_Hg_Cinabrio": 0, "Status_Hg_Cinabrio": "No", "Flag_Sn_Estano": 0, "Status_Sn_Estano": "No", "Flag_Fe_Hierro": 0, "Status_Fe_Hierro": "No", "Tech_Ruina_Montium": 1, "Tech_Subterranea": 0, "Tech_Cielo_Abierto": 1, "Tech_Lavado_Placer": 0, "Certainty_Spatial": 0.85, "Certainty_Archaeological": 0.9, "Certainty_Metallogenic": 1.0, "Certainty_Score": 0.905, "Certainty_Grade": "Alta Certeza (Grado I)" }, "geometry": { "type": "Point", "coordinates": [ -6.145248, 42.787068 ] } },
{ "type": "Feature", "properties": { "mineID": 1375, "site": "Vallegordo III", "ancientName": null, "province": "Hispania Tarraconensis", "country": "Spain", "region": "León", "miningDistrict": "Cuenca Alta del Orbigo", "romanianRANID": null, "sanchezPalenciaAndOrejasID": "AO-09", "domergueID": null, "spainMapSheet": null, "lambertX": null, "lambertY": null, "latitude": 42.780269, "longitude": -6.137186, "coordinateAccuracy": 100.0, "locationDataSource": "Estimated from Sanchez-Palencia and Orejas 1994, fig. 15, IGN map placename, and Google Earth", "locationNotes": null, "notBeforeOpeningDate": null, "notAfterOpeningDate": null, "notBeforeClosingDate": null, "notAfterClosingDate": null, "inUseDate": null, "metalMinedGold": "TRUE", "metalMinedSilver": 0.0, "metalMinedLead": 0.0, "metalMinedCopper": 0.0, "metalMinedTin": 0.0, "metalMinedIron": 0.0, "metalMinedMercuryCinnabar": 0.0, "metalMinedZinc": 0.0, "metalMinedOther": 0.0, "description": null, "references": "Sanchez-Palencia and Orejas 1994, 188", "techniqueOpencast": 1.0, "techniqueUnderground": 0.0, "techniqueHydraulic": "TRUE", "techniqueHushing": null, "techniqueGroundSluicing": null, "techniqueRuinaMontium": null, "techniqueRakeComb": null, "techniqueGoldWashing": null, "techniqueOther": null, "notes": null, "geology": null, "depositType": "Secondary", "exploitationType": "Selective", "Flag_Au_Oro": 1, "Status_Au_Oro": "Confirmado", "Flag_Ag_Plata": 0, "Status_Ag_Plata": "No", "Flag_Cu_Cobre": 0, "Status_Cu_Cobre": "No", "Flag_Pb_Plomo": 0, "Status_Pb_Plomo": "No", "Flag_Hg_Cinabrio": 0, "Status_Hg_Cinabrio": "No", "Flag_Sn_Estano": 0, "Status_Sn_Estano": "No", "Flag_Fe_Hierro": 0, "Status_Fe_Hierro": "No", "Tech_Ruina_Montium": 1, "Tech_Subterranea": 0, "Tech_Cielo_Abierto": 1, "Tech_Lavado_Placer": 0, "Certainty_Spatial": 1.0, "Certainty_Archaeological": 0.9, "Certainty_Metallogenic": 1.0, "Certainty_Score": 0.965, "Certainty_Grade": "Alta Certeza (Grado I)" }, "geometry": { "type": "Point", "coordinates": [ -6.137186, 42.780269 ] } },
{ "type": "Feature", "properties": { "mineID": 1378, "site": "Valsolomón - La Muria", "ancientName": null, "province": "Hispania Tarraconensis", "country": "Spain", "region": "León", "miningDistrict": "Cuenca Alta del Orbigo", "romanianRANID": null, "sanchezPalenciaAndOrejasID": "AO-25", "domergueID": null, "spainMapSheet": null, "lambertX": null, "lambertY": null, "latitude": 42.792414, "longitude": -5.694127, "coordinateAccuracy": 1000.0, "locationDataSource": "Estimated from Sanchez-Palencia and Orejas 1994, fig. 15, and features on Google Earth", "locationNotes": null, "notBeforeOpeningDate": null, "notAfterOpeningDate": null, "notBeforeClosingDate": null, "notAfterClosingDate": null, "inUseDate": null, "metalMinedGold": "TRUE", "metalMinedSilver": 0.0, "metalMinedLead": 0.0, "metalMinedCopper": 0.0, "metalMinedTin": 0.0, "metalMinedIron": 0.0, "metalMinedMercuryCinnabar": 0.0, "metalMinedZinc": 0.0, "metalMinedOther": 0.0, "description": null, "references": "Sanchez-Palencia and Orejas 1994, 189", "techniqueOpencast": 1.0, "techniqueUnderground": 0.0, "techniqueHydraulic": "TRUE", "techniqueHushing": null, "techniqueGroundSluicing": null, "techniqueRuinaMontium": null, "techniqueRakeComb": null, "techniqueGoldWashing": null, "techniqueOther": null, "notes": null, "geology": null, "depositType": "Secondary", "exploitationType": "Extensive", "Flag_Au_Oro": 1, "Status_Au_Oro": "Confirmado", "Flag_Ag_Plata": 0, "Status_Ag_Plata": "No", "Flag_Cu_Cobre": 0, "Status_Cu_Cobre": "No", "Flag_Pb_Plomo": 0, "Status_Pb_Plomo": "No", "Flag_Hg_Cinabrio": 0, "Status_Hg_Cinabrio": "No", "Flag_Sn_Estano": 0, "Status_Sn_Estano": "No", "Flag_Fe_Hierro": 0, "Status_Fe_Hierro": "No", "Tech_Ruina_Montium": 1, "Tech_Subterranea": 0, "Tech_Cielo_Abierto": 1, "Tech_Lavado_Placer": 0, "Certainty_Spatial": 0.7, "Certainty_Archaeological": 0.9, "Certainty_Metallogenic": 1.0, "Certainty_Score": 0.845, "Certainty_Grade": "Alta Certeza (Grado I)" }, "geometry": { "type": "Point", "coordinates": [ -5.694127, 42.792414 ] } },
{ "type": "Feature", "properties": { "mineID": 1379, "site": "Valvonor - El Valle", "ancientName": null, "province": "Hispania Tarraconensis", "country": "Spain", "region": "León", "miningDistrict": "Cuenca Alta del Tuerto", "romanianRANID": null, "sanchezPalenciaAndOrejasID": "AT-19", "domergueID": null, "spainMapSheet": null, "lambertX": null, "lambertY": null, "latitude": 42.514959, "longitude": -6.187362, "coordinateAccuracy": 500.0, "locationDataSource": "Estimated from Sanchez-Palencia and Orejas 1994, fig. 15, IGN map, and Google Earth", "locationNotes": null, "notBeforeOpeningDate": null, "notAfterOpeningDate": null, "notBeforeClosingDate": null, "notAfterClosingDate": null, "inUseDate": null, "metalMinedGold": "TRUE", "metalMinedSilver": 0.0, "metalMinedLead": 0.0, "metalMinedCopper": 0.0, "metalMinedTin": 0.0, "metalMinedIron": 0.0, "metalMinedMercuryCinnabar": 0.0, "metalMinedZinc": 0.0, "metalMinedOther": 0.0, "description": null, "references": "Sanchez-Palencia and Orejas 1994, 190", "techniqueOpencast": 1.0, "techniqueUnderground": 0.0, "techniqueHydraulic": "TRUE", "techniqueHushing": null, "techniqueGroundSluicing": null, "techniqueRuinaMontium": null, "techniqueRakeComb": null, "techniqueGoldWashing": null, "techniqueOther": null, "notes": null, "geology": null, "depositType": "Secondary", "exploitationType": "Selective - Extensive", "Flag_Au_Oro": 1, "Status_Au_Oro": "Confirmado", "Flag_Ag_Plata": 0, "Status_Ag_Plata": "No", "Flag_Cu_Cobre": 0, "Status_Cu_Cobre": "No", "Flag_Pb_Plomo": 0, "Status_Pb_Plomo": "No", "Flag_Hg_Cinabrio": 0, "Status_Hg_Cinabrio": "No", "Flag_Sn_Estano": 0, "Status_Sn_Estano": "No", "Flag_Fe_Hierro": 0, "Status_Fe_Hierro": "No", "Tech_Ruina_Montium": 1, "Tech_Subterranea": 0, "Tech_Cielo_Abierto": 1, "Tech_Lavado_Placer": 0, "Certainty_Spatial": 0.85, "Certainty_Archaeological": 0.9, "Certainty_Metallogenic": 1.0, "Certainty_Score": 0.905, "Certainty_Grade": "Alta Certeza (Grado I)" }, "geometry": { "type": "Point", "coordinates": [ -6.187362, 42.514959 ] } },
{ "type": "Feature", "properties": { "mineID": 1383, "site": "Vega de Boado", "ancientName": null, "province": "Hispania Tarraconensis", "country": "Spain", "region": "León", "miningDistrict": "Cuenca media del Sil", "romanianRANID": null, "sanchezPalenciaAndOrejasID": "MS-055", "domergueID": null, "spainMapSheet": null, "lambertX": null, "lambertY": null, "latitude": 42.529108, "longitude": -6.857014, "coordinateAccuracy": 500.0, "locationDataSource": "Estimated from Google Earth, IGN map and Sanchez-Palencia and Orejas 1994, fig. 16", "locationNotes": null, "notBeforeOpeningDate": null, "notAfterOpeningDate": null, "notBeforeClosingDate": null, "notAfterClosingDate": null, "inUseDate": null, "metalMinedGold": "TRUE", "metalMinedSilver": 0.0, "metalMinedLead": 0.0, "metalMinedCopper": 0.0, "metalMinedTin": 0.0, "metalMinedIron": 0.0, "metalMinedMercuryCinnabar": 0.0, "metalMinedZinc": 0.0, "metalMinedOther": 0.0, "description": null, "references": "Sanchez-Palencia and Orejas 1994, 196", "techniqueOpencast": 1.0, "techniqueUnderground": 0.0, "techniqueHydraulic": "TRUE", "techniqueHushing": null, "techniqueGroundSluicing": null, "techniqueRuinaMontium": null, "techniqueRakeComb": null, "techniqueGoldWashing": null, "techniqueOther": null, "notes": null, "geology": null, "depositType": "Secondary", "exploitationType": "Extensive", "Flag_Au_Oro": 1, "Status_Au_Oro": "Confirmado", "Flag_Ag_Plata": 0, "Status_Ag_Plata": "No", "Flag_Cu_Cobre": 0, "Status_Cu_Cobre": "No", "Flag_Pb_Plomo": 0, "Status_Pb_Plomo": "No", "Flag_Hg_Cinabrio": 0, "Status_Hg_Cinabrio": "No", "Flag_Sn_Estano": 0, "Status_Sn_Estano": "No", "Flag_Fe_Hierro": 0, "Status_Fe_Hierro": "No", "Tech_Ruina_Montium": 1, "Tech_Subterranea": 0, "Tech_Cielo_Abierto": 1, "Tech_Lavado_Placer": 0, "Certainty_Spatial": 0.85, "Certainty_Archaeological": 0.9, "Certainty_Metallogenic": 1.0, "Certainty_Score": 0.905, "Certainty_Grade": "Alta Certeza (Grado I)" }, "geometry": { "type": "Point", "coordinates": [ -6.857014, 42.529108 ] } },
{ "type": "Feature", "properties": { "mineID": 1388, "site": "Vegas del Condado", "ancientName": null, "province": "Hispania Tarraconensis", "country": "Spain", "region": "León", "miningDistrict": "León", "romanianRANID": null, "sanchezPalenciaAndOrejasID": null, "domergueID": "LE 53", "spainMapSheet": 130.0, "lambertX": 463.5, "lambertY": 899.5, "latitude": 42.68746016, "longitude": -5.353686168, "coordinateAccuracy": 100.0, "locationDataSource": "Converted in QGIS from Lambert coords, Madrid 1870", "locationNotes": null, "notBeforeOpeningDate": null, "notAfterOpeningDate": null, "notBeforeClosingDate": null, "notAfterClosingDate": null, "inUseDate": null, "metalMinedGold": "TRUE", "metalMinedSilver": 0.0, "metalMinedLead": 0.0, "metalMinedCopper": 0.0, "metalMinedTin": 0.0, "metalMinedIron": 0.0, "metalMinedMercuryCinnabar": 0.0, "metalMinedZinc": 0.0, "metalMinedOther": 0.0, "description": null, "references": "Domergue 1990: 42", "techniqueOpencast": 0.0, "techniqueUnderground": 0.0, "techniqueHydraulic": "TRUE", "techniqueHushing": "TRUE", "techniqueGroundSluicing": "FALSE", "techniqueRuinaMontium": 0.0, "techniqueRakeComb": 0.0, "techniqueGoldWashing": 0.0, "techniqueOther": 0.0, "notes": null, "geology": "Tertiary alluvium", "depositType": null, "exploitationType": null, "Flag_Au_Oro": 1, "Status_Au_Oro": "Confirmado", "Flag_Ag_Plata": 0, "Status_Ag_Plata": "No", "Flag_Cu_Cobre": 0, "Status_Cu_Cobre": "No", "Flag_Pb_Plomo": 0, "Status_Pb_Plomo": "No", "Flag_Hg_Cinabrio": 0, "Status_Hg_Cinabrio": "No", "Flag_Sn_Estano": 0, "Status_Sn_Estano": "No", "Flag_Fe_Hierro": 0, "Status_Fe_Hierro": "No", "Tech_Ruina_Montium": 1, "Tech_Subterranea": 0, "Tech_Cielo_Abierto": 0, "Tech_Lavado_Placer": 0, "Certainty_Spatial": 1.0, "Certainty_Archaeological": 0.9, "Certainty_Metallogenic": 1.0, "Certainty_Score": 0.965, "Certainty_Grade": "Alta Certeza (Grado I)" }, "geometry": { "type": "Point", "coordinates": [ -5.353686168, 42.68746016 ] } },
{ "type": "Feature", "properties": { "mineID": 1389, "site": "Veigadepope", "ancientName": null, "province": "Hispania Tarraconensis", "country": "Spain", "region": "Oviedo", "miningDistrict": "Cuenca del Narcea", "romanianRANID": null, "sanchezPalenciaAndOrejasID": "NA-04", "domergueID": null, "spainMapSheet": null, "lambertX": null, "lambertY": null, "latitude": 43.134716, "longitude": -6.580023, "coordinateAccuracy": 1000.0, "locationDataSource": "Estimated from Sanchez-Palencia and Orejas 1994, fig. 13, IGN map, and Google Earth", "locationNotes": null, "notBeforeOpeningDate": null, "notAfterOpeningDate": null, "notBeforeClosingDate": null, "notAfterClosingDate": null, "inUseDate": null, "metalMinedGold": "TRUE", "metalMinedSilver": 0.0, "metalMinedLead": 0.0, "metalMinedCopper": 0.0, "metalMinedTin": 0.0, "metalMinedIron": 0.0, "metalMinedMercuryCinnabar": 0.0, "metalMinedZinc": 0.0, "metalMinedOther": 0.0, "description": null, "references": "Sanchez-Palencia and Orejas 1994, 197", "techniqueOpencast": 1.0, "techniqueUnderground": 0.0, "techniqueHydraulic": "TRUE", "techniqueHushing": null, "techniqueGroundSluicing": null, "techniqueRuinaMontium": null, "techniqueRakeComb": null, "techniqueGoldWashing": null, "techniqueOther": null, "notes": null, "geology": null, "depositType": "Secondary", "exploitationType": "Selective - Extensive", "Flag_Au_Oro": 1, "Status_Au_Oro": "Confirmado", "Flag_Ag_Plata": 0, "Status_Ag_Plata": "No", "Flag_Cu_Cobre": 0, "Status_Cu_Cobre": "No", "Flag_Pb_Plomo": 0, "Status_Pb_Plomo": "No", "Flag_Hg_Cinabrio": 0, "Status_Hg_Cinabrio": "No", "Flag_Sn_Estano": 0, "Status_Sn_Estano": "No", "Flag_Fe_Hierro": 0, "Status_Fe_Hierro": "No", "Tech_Ruina_Montium": 1, "Tech_Subterranea": 0, "Tech_Cielo_Abierto": 1, "Tech_Lavado_Placer": 0, "Certainty_Spatial": 0.7, "Certainty_Archaeological": 0.9, "Certainty_Metallogenic": 1.0, "Certainty_Score": 0.845, "Certainty_Grade": "Alta Certeza (Grado I)" }, "geometry": { "type": "Point", "coordinates": [ -6.580023, 43.134716 ] } },
{ "type": "Feature", "properties": { "mineID": 1390, "site": "Chamborros (Veneiro - Los Eiros)", "ancientName": null, "province": "Hispania Tarraconensis", "country": "Spain", "region": "León", "miningDistrict": "Sierra del Teleno", "romanianRANID": null, "sanchezPalenciaAndOrejasID": "TE-11", "domergueID": null, "spainMapSheet": null, "lambertX": null, "lambertY": null, "latitude": 42.3274, "longitude": -6.393324, "coordinateAccuracy": 200.0, "locationDataSource": "Estimated from Sanchez-Palencia and Orejas 1994, fig. 17, IGN map, and Google Earth", "locationNotes": "Chamborros is the name on the IGN map", "notBeforeOpeningDate": null, "notAfterOpeningDate": null, "notBeforeClosingDate": null, "notAfterClosingDate": null, "inUseDate": null, "metalMinedGold": "TRUE", "metalMinedSilver": 0.0, "metalMinedLead": 0.0, "metalMinedCopper": 0.0, "metalMinedTin": 0.0, "metalMinedIron": 0.0, "metalMinedMercuryCinnabar": 0.0, "metalMinedZinc": 0.0, "metalMinedOther": 0.0, "description": null, "references": "Sanchez-Palencia and Orejas 1994, 202", "techniqueOpencast": 1.0, "techniqueUnderground": 0.0, "techniqueHydraulic": "TRUE", "techniqueHushing": "TRUE", "techniqueGroundSluicing": "FALSE", "techniqueRuinaMontium": 0.0, "techniqueRakeComb": 0.0, "techniqueGoldWashing": 0.0, "techniqueOther": 0.0, "notes": null, "geology": null, "depositType": "Secondary", "exploitationType": "Selective - Extensive", "Flag_Au_Oro": 1, "Status_Au_Oro": "Confirmado", "Flag_Ag_Plata": 0, "Status_Ag_Plata": "No", "Flag_Cu_Cobre": 0, "Status_Cu_Cobre": "No", "Flag_Pb_Plomo": 0, "Status_Pb_Plomo": "No", "Flag_Hg_Cinabrio": 0, "Status_Hg_Cinabrio": "No", "Flag_Sn_Estano": 0, "Status_Sn_Estano": "No", "Flag_Fe_Hierro": 0, "Status_Fe_Hierro": "No", "Tech_Ruina_Montium": 1, "Tech_Subterranea": 0, "Tech_Cielo_Abierto": 1, "Tech_Lavado_Placer": 0, "Certainty_Spatial": 0.85, "Certainty_Archaeological": 0.9, "Certainty_Metallogenic": 1.0, "Certainty_Score": 0.905, "Certainty_Grade": "Alta Certeza (Grado I)" }, "geometry": { "type": "Point", "coordinates": [ -6.393324, 42.3274 ] } },
{ "type": "Feature", "properties": { "mineID": 1391, "site": "Venta Nueva", "ancientName": null, "province": "Hispania Tarraconensis", "country": "Spain", "region": "Oviedo", "miningDistrict": "Cuenca del Narcea", "romanianRANID": null, "sanchezPalenciaAndOrejasID": "NA-02", "domergueID": null, "spainMapSheet": null, "lambertX": null, "lambertY": null, "latitude": 43.056568, "longitude": -6.61855, "coordinateAccuracy": 500.0, "locationDataSource": "Estimated from Sanchez-Palencia and Orejas 1994, fig. 13, IGN map, and Google Earth", "locationNotes": null, "notBeforeOpeningDate": null, "notAfterOpeningDate": null, "notBeforeClosingDate": null, "notAfterClosingDate": null, "inUseDate": null, "metalMinedGold": "TRUE", "metalMinedSilver": 0.0, "metalMinedLead": 0.0, "metalMinedCopper": 0.0, "metalMinedTin": 0.0, "metalMinedIron": 0.0, "metalMinedMercuryCinnabar": 0.0, "metalMinedZinc": 0.0, "metalMinedOther": 0.0, "description": null, "references": "Sanchez-Palencia and Orejas 1994, 197", "techniqueOpencast": 1.0, "techniqueUnderground": 0.0, "techniqueHydraulic": "TRUE", "techniqueHushing": null, "techniqueGroundSluicing": null, "techniqueRuinaMontium": null, "techniqueRakeComb": null, "techniqueGoldWashing": null, "techniqueOther": null, "notes": null, "geology": null, "depositType": "Secondary", "exploitationType": "Extensive", "Flag_Au_Oro": 1, "Status_Au_Oro": "Confirmado", "Flag_Ag_Plata": 0, "Status_Ag_Plata": "No", "Flag_Cu_Cobre": 0, "Status_Cu_Cobre": "No", "Flag_Pb_Plomo": 0, "Status_Pb_Plomo": "No", "Flag_Hg_Cinabrio": 0, "Status_Hg_Cinabrio": "No", "Flag_Sn_Estano": 0, "Status_Sn_Estano": "No", "Flag_Fe_Hierro": 0, "Status_Fe_Hierro": "No", "Tech_Ruina_Montium": 1, "Tech_Subterranea": 0, "Tech_Cielo_Abierto": 1, "Tech_Lavado_Placer": 0, "Certainty_Spatial": 0.85, "Certainty_Archaeological": 0.9, "Certainty_Metallogenic": 1.0, "Certainty_Score": 0.905, "Certainty_Grade": "Alta Certeza (Grado I)" }, "geometry": { "type": "Point", "coordinates": [ -6.61855, 43.056568 ] } },
{ "type": "Feature", "properties": { "mineID": 1399, "site": "Vilarantón", "ancientName": null, "province": "Hispania Tarraconensis", "country": "Spain", "region": "Lugo", "miningDistrict": "Cuenca Alta del Miño", "romanianRANID": null, "sanchezPalenciaAndOrejasID": "AN-13", "domergueID": null, "spainMapSheet": null, "lambertX": null, "lambertY": null, "latitude": 42.967585, "longitude": -6.984041, "coordinateAccuracy": 1000.0, "locationDataSource": "Google Earth", "locationNotes": null, "notBeforeOpeningDate": null, "notAfterOpeningDate": null, "notBeforeClosingDate": null, "notAfterClosingDate": null, "inUseDate": null, "metalMinedGold": "TRUE", "metalMinedSilver": 0.0, "metalMinedLead": 0.0, "metalMinedCopper": 0.0, "metalMinedTin": 0.0, "metalMinedIron": 0.0, "metalMinedMercuryCinnabar": 0.0, "metalMinedZinc": 0.0, "metalMinedOther": 0.0, "description": null, "references": "Sanchez-Palencia and Orejas 1994, 188", "techniqueOpencast": 1.0, "techniqueUnderground": 0.0, "techniqueHydraulic": "TRUE", "techniqueHushing": null, "techniqueGroundSluicing": null, "techniqueRuinaMontium": null, "techniqueRakeComb": null, "techniqueGoldWashing": null, "techniqueOther": null, "notes": null, "geology": null, "depositType": "Secondary", "exploitationType": "Selective", "Flag_Au_Oro": 1, "Status_Au_Oro": "Confirmado", "Flag_Ag_Plata": 0, "Status_Ag_Plata": "No", "Flag_Cu_Cobre": 0, "Status_Cu_Cobre": "No", "Flag_Pb_Plomo": 0, "Status_Pb_Plomo": "No", "Flag_Hg_Cinabrio": 0, "Status_Hg_Cinabrio": "No", "Flag_Sn_Estano": 0, "Status_Sn_Estano": "No", "Flag_Fe_Hierro": 0, "Status_Fe_Hierro": "No", "Tech_Ruina_Montium": 1, "Tech_Subterranea": 0, "Tech_Cielo_Abierto": 1, "Tech_Lavado_Placer": 0, "Certainty_Spatial": 0.7, "Certainty_Archaeological": 0.9, "Certainty_Metallogenic": 1.0, "Certainty_Score": 0.845, "Certainty_Grade": "Alta Certeza (Grado I)" }, "geometry": { "type": "Point", "coordinates": [ -6.984041, 42.967585 ] } },
{ "type": "Feature", "properties": { "mineID": 1401, "site": "Villaiz", "ancientName": null, "province": "Hispania Tarraconensis", "country": "Spain", "region": "Lugo", "miningDistrict": "Cuenca Alta del Miño", "romanianRANID": null, "sanchezPalenciaAndOrejasID": "AN-04", "domergueID": null, "spainMapSheet": null, "lambertX": null, "lambertY": null, "latitude": 42.908301, "longitude": -7.081878, "coordinateAccuracy": 1000.0, "locationDataSource": "Google Earth", "locationNotes": null, "notBeforeOpeningDate": null, "notAfterOpeningDate": null, "notBeforeClosingDate": null, "notAfterClosingDate": null, "inUseDate": null, "metalMinedGold": "TRUE", "metalMinedSilver": 0.0, "metalMinedLead": 0.0, "metalMinedCopper": 0.0, "metalMinedTin": 0.0, "metalMinedIron": 0.0, "metalMinedMercuryCinnabar": 0.0, "metalMinedZinc": 0.0, "metalMinedOther": 0.0, "description": null, "references": "Sanchez-Palencia and Orejas 1994, 188", "techniqueOpencast": 1.0, "techniqueUnderground": 0.0, "techniqueHydraulic": "TRUE", "techniqueHushing": null, "techniqueGroundSluicing": null, "techniqueRuinaMontium": null, "techniqueRakeComb": null, "techniqueGoldWashing": null, "techniqueOther": null, "notes": null, "geology": null, "depositType": "Secondary", "exploitationType": "Selective - Extensive", "Flag_Au_Oro": 1, "Status_Au_Oro": "Confirmado", "Flag_Ag_Plata": 0, "Status_Ag_Plata": "No", "Flag_Cu_Cobre": 0, "Status_Cu_Cobre": "No", "Flag_Pb_Plomo": 0, "Status_Pb_Plomo": "No", "Flag_Hg_Cinabrio": 0, "Status_Hg_Cinabrio": "No", "Flag_Sn_Estano": 0, "Status_Sn_Estano": "No", "Flag_Fe_Hierro": 0, "Status_Fe_Hierro": "No", "Tech_Ruina_Montium": 1, "Tech_Subterranea": 0, "Tech_Cielo_Abierto": 1, "Tech_Lavado_Placer": 0, "Certainty_Spatial": 0.7, "Certainty_Archaeological": 0.9, "Certainty_Metallogenic": 1.0, "Certainty_Score": 0.845, "Certainty_Grade": "Alta Certeza (Grado I)" }, "geometry": { "type": "Point", "coordinates": [ -7.081878, 42.908301 ] } },
{ "type": "Feature", "properties": { "mineID": 1402, "site": "Villamejil", "ancientName": null, "province": "Hispania Tarraconensis", "country": "Spain", "region": "León", "miningDistrict": "Cuenca Alta del Tuerto", "romanianRANID": null, "sanchezPalenciaAndOrejasID": "AT-25", "domergueID": null, "spainMapSheet": null, "lambertX": null, "lambertY": null, "latitude": 42.562331, "longitude": -6.016481, "coordinateAccuracy": 500.0, "locationDataSource": "Estimated from Sanchez-Palencia and Orejas 1994, fig. 15, and Google Earth", "locationNotes": null, "notBeforeOpeningDate": null, "notAfterOpeningDate": null, "notBeforeClosingDate": null, "notAfterClosingDate": null, "inUseDate": null, "metalMinedGold": "TRUE", "metalMinedSilver": 0.0, "metalMinedLead": 0.0, "metalMinedCopper": 0.0, "metalMinedTin": 0.0, "metalMinedIron": 0.0, "metalMinedMercuryCinnabar": 0.0, "metalMinedZinc": 0.0, "metalMinedOther": 0.0, "description": null, "references": "Sanchez-Palencia and Orejas 1994, 190", "techniqueOpencast": 1.0, "techniqueUnderground": 0.0, "techniqueHydraulic": "TRUE", "techniqueHushing": null, "techniqueGroundSluicing": null, "techniqueRuinaMontium": null, "techniqueRakeComb": null, "techniqueGoldWashing": null, "techniqueOther": null, "notes": null, "geology": null, "depositType": "Secondary", "exploitationType": "Extensive", "Flag_Au_Oro": 1, "Status_Au_Oro": "Confirmado", "Flag_Ag_Plata": 0, "Status_Ag_Plata": "No", "Flag_Cu_Cobre": 0, "Status_Cu_Cobre": "No", "Flag_Pb_Plomo": 0, "Status_Pb_Plomo": "No", "Flag_Hg_Cinabrio": 0, "Status_Hg_Cinabrio": "No", "Flag_Sn_Estano": 0, "Status_Sn_Estano": "No", "Flag_Fe_Hierro": 0, "Status_Fe_Hierro": "No", "Tech_Ruina_Montium": 1, "Tech_Subterranea": 0, "Tech_Cielo_Abierto": 1, "Tech_Lavado_Placer": 0, "Certainty_Spatial": 0.85, "Certainty_Archaeological": 0.9, "Certainty_Metallogenic": 1.0, "Certainty_Score": 0.905, "Certainty_Grade": "Alta Certeza (Grado I)" }, "geometry": { "type": "Point", "coordinates": [ -6.016481, 42.562331 ] } },
{ "type": "Feature", "properties": { "mineID": 1405, "site": "Villar del Monte: La Mata", "ancientName": null, "province": "Hispania Tarraconensis", "country": "Spain", "region": "León", "miningDistrict": "Cuenca del Eria", "romanianRANID": null, "sanchezPalenciaAndOrejasID": "ER-09", "domergueID": "LE 43.6", "spainMapSheet": 230.0, "lambertX": 382.4, "lambertY": 851.7, "latitude": 42.23952955, "longitude": -6.325642464, "coordinateAccuracy": 100.0, "locationDataSource": "Converted in QGIS from Lambert coords, Madrid 1870", "locationNotes": "need to add detail from Domergue for LE 43.4-5", "notBeforeOpeningDate": null, "notAfterOpeningDate": null, "notBeforeClosingDate": null, "notAfterClosingDate": null, "inUseDate": null, "metalMinedGold": "TRUE", "metalMinedSilver": 0.0, "metalMinedLead": 0.0, "metalMinedCopper": 0.0, "metalMinedTin": 0.0, "metalMinedIron": 0.0, "metalMinedMercuryCinnabar": 0.0, "metalMinedZinc": 0.0, "metalMinedOther": 0.0, "description": null, "references": "Domergue 1990: 43; Sanchez-Palencia and Orejas 1994, 193", "techniqueOpencast": 1.0, "techniqueUnderground": 0.0, "techniqueHydraulic": "TRUE", "techniqueHushing": "FALSE", "techniqueGroundSluicing": "TRUE", "techniqueRuinaMontium": 0.0, "techniqueRakeComb": 0.0, "techniqueGoldWashing": 0.0, "techniqueOther": 0.0, "notes": null, "geology": "Colluvial deposits and river terrace", "depositType": "Secondary", "exploitationType": "Selective", "Flag_Au_Oro": 1, "Status_Au_Oro": "Confirmado", "Flag_Ag_Plata": 0, "Status_Ag_Plata": "No", "Flag_Cu_Cobre": 0, "Status_Cu_Cobre": "No", "Flag_Pb_Plomo": 0, "Status_Pb_Plomo": "No", "Flag_Hg_Cinabrio": 0, "Status_Hg_Cinabrio": "No", "Flag_Sn_Estano": 0, "Status_Sn_Estano": "No", "Flag_Fe_Hierro": 0, "Status_Fe_Hierro": "No", "Tech_Ruina_Montium": 1, "Tech_Subterranea": 0, "Tech_Cielo_Abierto": 1, "Tech_Lavado_Placer": 0, "Certainty_Spatial": 1.0, "Certainty_Archaeological": 1.0, "Certainty_Metallogenic": 1.0, "Certainty_Score": 1.0, "Certainty_Grade": "Alta Certeza (Grado I)" }, "geometry": { "type": "Point", "coordinates": [ -6.325642464, 42.23952955 ] } },
{ "type": "Feature", "properties": { "mineID": 1406, "site": "Villar del Monte: San Justo / La Corona", "ancientName": null, "province": "Hispania Tarraconensis", "country": "Spain", "region": "León", "miningDistrict": "Cuenca del Eria", "romanianRANID": null, "sanchezPalenciaAndOrejasID": "ER-06", "domergueID": "LE 43.3", "spainMapSheet": 230.0, "lambertX": 379.5, "lambertY": 851.8, "latitude": 42.23965186, "longitude": -6.36081109, "coordinateAccuracy": 100.0, "locationDataSource": "Converted in QGIS from Lambert coords, Madrid 1870", "locationNotes": null, "notBeforeOpeningDate": null, "notAfterOpeningDate": null, "notBeforeClosingDate": null, "notAfterClosingDate": null, "inUseDate": null, "metalMinedGold": "TRUE", "metalMinedSilver": 0.0, "metalMinedLead": 0.0, "metalMinedCopper": 0.0, "metalMinedTin": 0.0, "metalMinedIron": 0.0, "metalMinedMercuryCinnabar": 0.0, "metalMinedZinc": 0.0, "metalMinedOther": 0.0, "description": null, "references": "Domergue 1990: 43; Sanchez-Palencia and Orejas 1994, 193", "techniqueOpencast": 1.0, "techniqueUnderground": 0.0, "techniqueHydraulic": "TRUE", "techniqueHushing": "FALSE", "techniqueGroundSluicing": "TRUE", "techniqueRuinaMontium": 0.0, "techniqueRakeComb": 1.0, "techniqueGoldWashing": 0.0, "techniqueOther": 0.0, "notes": "Probable traces of rake/comb workings on Google Earth (poor quality image).", "geology": "Colluvial deposits and river terrace", "depositType": "Secondary", "exploitationType": "Selective", "Flag_Au_Oro": 1, "Status_Au_Oro": "Confirmado", "Flag_Ag_Plata": 0, "Status_Ag_Plata": "No", "Flag_Cu_Cobre": 0, "Status_Cu_Cobre": "No", "Flag_Pb_Plomo": 0, "Status_Pb_Plomo": "No", "Flag_Hg_Cinabrio": 0, "Status_Hg_Cinabrio": "No", "Flag_Sn_Estano": 0, "Status_Sn_Estano": "No", "Flag_Fe_Hierro": 0, "Status_Fe_Hierro": "No", "Tech_Ruina_Montium": 1, "Tech_Subterranea": 0, "Tech_Cielo_Abierto": 1, "Tech_Lavado_Placer": 0, "Certainty_Spatial": 1.0, "Certainty_Archaeological": 1.0, "Certainty_Metallogenic": 1.0, "Certainty_Score": 1.0, "Certainty_Grade": "Alta Certeza (Grado I)" }, "geometry": { "type": "Point", "coordinates": [ -6.36081109, 42.23965186 ] } },
{ "type": "Feature", "properties": { "mineID": 1407, "site": "Villar del Monte: Truchas / Cogolla", "ancientName": null, "province": "Hispania Tarraconensis", "country": "Spain", "region": "León", "miningDistrict": "Cuenca del Eria", "romanianRANID": null, "sanchezPalenciaAndOrejasID": "ER-03", "domergueID": "LE 43.1", "spainMapSheet": 230.0, "lambertX": 374.0, "lambertY": 853.7, "latitude": 42.255197, "longitude": -6.43174, "coordinateAccuracy": 0.0, "locationDataSource": "Converted in QGIS from Lambert coords, Madrid 1870", "locationNotes": "need to add detail from Domergue for LE 43.2", "notBeforeOpeningDate": null, "notAfterOpeningDate": null, "notBeforeClosingDate": null, "notAfterClosingDate": null, "inUseDate": null, "metalMinedGold": "TRUE", "metalMinedSilver": 0.0, "metalMinedLead": 0.0, "metalMinedCopper": 0.0, "metalMinedTin": 0.0, "metalMinedIron": 0.0, "metalMinedMercuryCinnabar": 0.0, "metalMinedZinc": 0.0, "metalMinedOther": 0.0, "description": null, "references": "Domergue 1990: 43; Sanchez-Palencia and Orejas 1994, 193; Fernández-Lozano et al. 2015", "techniqueOpencast": 1.0, "techniqueUnderground": 0.0, "techniqueHydraulic": "TRUE", "techniqueHushing": "FALSE", "techniqueGroundSluicing": "TRUE", "techniqueRuinaMontium": 0.0, "techniqueRakeComb": 0.0, "techniqueGoldWashing": 0.0, "techniqueOther": 0.0, "notes": "Domergue's Truchas is assumed to be the same as Sanchez Palencia & Orejas's Cogolla (Cogolla is a small hill 600 m south of Truchas)", "geology": "Colluvial deposits and river terrace", "depositType": "Secondary", "exploitationType": "Selective", "Flag_Au_Oro": 1, "Status_Au_Oro": "Confirmado", "Flag_Ag_Plata": 0, "Status_Ag_Plata": "No", "Flag_Cu_Cobre": 0, "Status_Cu_Cobre": "No", "Flag_Pb_Plomo": 0, "Status_Pb_Plomo": "No", "Flag_Hg_Cinabrio": 0, "Status_Hg_Cinabrio": "No", "Flag_Sn_Estano": 0, "Status_Sn_Estano": "No", "Flag_Fe_Hierro": 0, "Status_Fe_Hierro": "No", "Tech_Ruina_Montium": 1, "Tech_Subterranea": 0, "Tech_Cielo_Abierto": 1, "Tech_Lavado_Placer": 0, "Certainty_Spatial": 1.0, "Certainty_Archaeological": 1.0, "Certainty_Metallogenic": 1.0, "Certainty_Score": 1.0, "Certainty_Grade": "Alta Certeza (Grado I)" }, "geometry": { "type": "Point", "coordinates": [ -6.43174, 42.255197 ] } },
{ "type": "Feature", "properties": { "mineID": 1409, "site": "Villardecás", "ancientName": null, "province": "Hispania Tarraconensis", "country": "Spain", "region": "Orense", "miningDistrict": "Cuenca media del Miño", "romanianRANID": null, "sanchezPalenciaAndOrejasID": "MM-15", "domergueID": null, "spainMapSheet": null, "lambertX": null, "lambertY": null, "latitude": 42.245763, "longitude": -7.588989, "coordinateAccuracy": 500.0, "locationDataSource": "Google Earth, placename", "locationNotes": null, "notBeforeOpeningDate": null, "notAfterOpeningDate": null, "notBeforeClosingDate": null, "notAfterClosingDate": null, "inUseDate": null, "metalMinedGold": "TRUE", "metalMinedSilver": 0.0, "metalMinedLead": 0.0, "metalMinedCopper": 0.0, "metalMinedTin": 0.0, "metalMinedIron": 0.0, "metalMinedMercuryCinnabar": 0.0, "metalMinedZinc": 0.0, "metalMinedOther": 0.0, "description": null, "references": "Sanchez-Palencia and Orejas 1994, 194", "techniqueOpencast": 1.0, "techniqueUnderground": 0.0, "techniqueHydraulic": "TRUE", "techniqueHushing": null, "techniqueGroundSluicing": null, "techniqueRuinaMontium": null, "techniqueRakeComb": null, "techniqueGoldWashing": null, "techniqueOther": null, "notes": null, "geology": null, "depositType": "Secondary", "exploitationType": "Selective - Extensive", "Flag_Au_Oro": 1, "Status_Au_Oro": "Confirmado", "Flag_Ag_Plata": 0, "Status_Ag_Plata": "No", "Flag_Cu_Cobre": 0, "Status_Cu_Cobre": "No", "Flag_Pb_Plomo": 0, "Status_Pb_Plomo": "No", "Flag_Hg_Cinabrio": 0, "Status_Hg_Cinabrio": "No", "Flag_Sn_Estano": 0, "Status_Sn_Estano": "No", "Flag_Fe_Hierro": 0, "Status_Fe_Hierro": "No", "Tech_Ruina_Montium": 1, "Tech_Subterranea": 0, "Tech_Cielo_Abierto": 1, "Tech_Lavado_Placer": 0, "Certainty_Spatial": 0.85, "Certainty_Archaeological": 0.9, "Certainty_Metallogenic": 1.0, "Certainty_Score": 0.905, "Certainty_Grade": "Alta Certeza (Grado I)" }, "geometry": { "type": "Point", "coordinates": [ -7.588989, 42.245763 ] } },
{ "type": "Feature", "properties": { "mineID": 1411, "site": "Villarubín", "ancientName": null, "province": "Hispania Tarraconensis", "country": "Spain", "region": "León", "miningDistrict": "Cuenca media del Sil", "romanianRANID": null, "sanchezPalenciaAndOrejasID": "MS-050", "domergueID": null, "spainMapSheet": null, "lambertX": null, "lambertY": null, "latitude": 42.575839, "longitude": -7.03065, "coordinateAccuracy": 100.0, "locationDataSource": "Google Earth, placename, and IGN map", "locationNotes": null, "notBeforeOpeningDate": null, "notAfterOpeningDate": null, "notBeforeClosingDate": null, "notAfterClosingDate": null, "inUseDate": null, "metalMinedGold": "TRUE", "metalMinedSilver": 0.0, "metalMinedLead": 0.0, "metalMinedCopper": 0.0, "metalMinedTin": 0.0, "metalMinedIron": 0.0, "metalMinedMercuryCinnabar": 0.0, "metalMinedZinc": 0.0, "metalMinedOther": 0.0, "description": null, "references": "Sanchez-Palencia and Orejas 1994, 196", "techniqueOpencast": 1.0, "techniqueUnderground": 0.0, "techniqueHydraulic": "TRUE", "techniqueHushing": null, "techniqueGroundSluicing": null, "techniqueRuinaMontium": null, "techniqueRakeComb": null, "techniqueGoldWashing": null, "techniqueOther": null, "notes": null, "geology": null, "depositType": "Secondary", "exploitationType": "Selective", "Flag_Au_Oro": 1, "Status_Au_Oro": "Confirmado", "Flag_Ag_Plata": 0, "Status_Ag_Plata": "No", "Flag_Cu_Cobre": 0, "Status_Cu_Cobre": "No", "Flag_Pb_Plomo": 0, "Status_Pb_Plomo": "No", "Flag_Hg_Cinabrio": 0, "Status_Hg_Cinabrio": "No", "Flag_Sn_Estano": 0, "Status_Sn_Estano": "No", "Flag_Fe_Hierro": 0, "Status_Fe_Hierro": "No", "Tech_Ruina_Montium": 1, "Tech_Subterranea": 0, "Tech_Cielo_Abierto": 1, "Tech_Lavado_Placer": 0, "Certainty_Spatial": 1.0, "Certainty_Archaeological": 0.9, "Certainty_Metallogenic": 1.0, "Certainty_Score": 0.965, "Certainty_Grade": "Alta Certeza (Grado I)" }, "geometry": { "type": "Point", "coordinates": [ -7.03065, 42.575839 ] } },
{ "type": "Feature", "properties": { "mineID": 1412, "site": "Villasonte", "ancientName": null, "province": "Hispania Tarraconensis", "country": "Spain", "region": "Oviedo", "miningDistrict": "Cuenca del Navia", "romanianRANID": null, "sanchezPalenciaAndOrejasID": "NV-43", "domergueID": null, "spainMapSheet": null, "lambertX": null, "lambertY": null, "latitude": 43.19056, "longitude": -6.764656, "coordinateAccuracy": 1000.0, "locationDataSource": "Placename, Google Earth.", "locationNotes": null, "notBeforeOpeningDate": null, "notAfterOpeningDate": null, "notBeforeClosingDate": null, "notAfterClosingDate": null, "inUseDate": null, "metalMinedGold": "TRUE", "metalMinedSilver": 0.0, "metalMinedLead": 0.0, "metalMinedCopper": 0.0, "metalMinedTin": 0.0, "metalMinedIron": 0.0, "metalMinedMercuryCinnabar": 0.0, "metalMinedZinc": 0.0, "metalMinedOther": 0.0, "description": null, "references": "Sanchez-Palencia and Orejas 1994, 200", "techniqueOpencast": 1.0, "techniqueUnderground": 0.0, "techniqueHydraulic": "TRUE", "techniqueHushing": null, "techniqueGroundSluicing": null, "techniqueRuinaMontium": null, "techniqueRakeComb": null, "techniqueGoldWashing": null, "techniqueOther": null, "notes": null, "geology": null, "depositType": "Secondary", "exploitationType": "Extensive", "Flag_Au_Oro": 1, "Status_Au_Oro": "Confirmado", "Flag_Ag_Plata": 0, "Status_Ag_Plata": "No", "Flag_Cu_Cobre": 0, "Status_Cu_Cobre": "No", "Flag_Pb_Plomo": 0, "Status_Pb_Plomo": "No", "Flag_Hg_Cinabrio": 0, "Status_Hg_Cinabrio": "No", "Flag_Sn_Estano": 0, "Status_Sn_Estano": "No", "Flag_Fe_Hierro": 0, "Status_Fe_Hierro": "No", "Tech_Ruina_Montium": 1, "Tech_Subterranea": 0, "Tech_Cielo_Abierto": 1, "Tech_Lavado_Placer": 0, "Certainty_Spatial": 0.7, "Certainty_Archaeological": 0.9, "Certainty_Metallogenic": 1.0, "Certainty_Score": 0.845, "Certainty_Grade": "Alta Certeza (Grado I)" }, "geometry": { "type": "Point", "coordinates": [ -6.764656, 43.19056 ] } },
{ "type": "Feature", "properties": { "mineID": 1414, "site": "Villavilleiro I", "ancientName": null, "province": "Hispania Tarraconensis", "country": "Spain", "region": "Oviedo", "miningDistrict": "Cuenca del Navia", "romanianRANID": null, "sanchezPalenciaAndOrejasID": "NV-33", "domergueID": null, "spainMapSheet": null, "lambertX": null, "lambertY": null, "latitude": 43.161779, "longitude": -6.896421, "coordinateAccuracy": 1000.0, "locationDataSource": "https://vivirasturias.com/la-prida-del-castro", "locationNotes": null, "notBeforeOpeningDate": null, "notAfterOpeningDate": null, "notBeforeClosingDate": null, "notAfterClosingDate": null, "inUseDate": null, "metalMinedGold": "TRUE", "metalMinedSilver": 0.0, "metalMinedLead": 0.0, "metalMinedCopper": 0.0, "metalMinedTin": 0.0, "metalMinedIron": 0.0, "metalMinedMercuryCinnabar": 0.0, "metalMinedZinc": 0.0, "metalMinedOther": 0.0, "description": "Hydraulic mine apparently re-using ditches of the Castro de Pelou (Sanchez-Palencia quoted as saying that the castro owes its existence to the mines and that its ditches were excavated by hydraulic means; which must be wrong: ditches re-used as hushing reservoirs.", "references": "Sanchez-Palencia and Orejas 1994, 200", "techniqueOpencast": 1.0, "techniqueUnderground": 0.0, "techniqueHydraulic": "TRUE", "techniqueHushing": "TRUE", "techniqueGroundSluicing": "FALSE", "techniqueRuinaMontium": 0.0, "techniqueRakeComb": 0.0, "techniqueGoldWashing": 0.0, "techniqueOther": 0.0, "notes": null, "geology": null, "depositType": "Primary", "exploitationType": "Extensive", "Flag_Au_Oro": 1, "Status_Au_Oro": "Confirmado", "Flag_Ag_Plata": 0, "Status_Ag_Plata": "No", "Flag_Cu_Cobre": 0, "Status_Cu_Cobre": "No", "Flag_Pb_Plomo": 0, "Status_Pb_Plomo": "No", "Flag_Hg_Cinabrio": 0, "Status_Hg_Cinabrio": "No", "Flag_Sn_Estano": 0, "Status_Sn_Estano": "No", "Flag_Fe_Hierro": 0, "Status_Fe_Hierro": "No", "Tech_Ruina_Montium": 1, "Tech_Subterranea": 0, "Tech_Cielo_Abierto": 1, "Tech_Lavado_Placer": 0, "Certainty_Spatial": 0.7, "Certainty_Archaeological": 0.9, "Certainty_Metallogenic": 1.0, "Certainty_Score": 0.845, "Certainty_Grade": "Alta Certeza (Grado I)" }, "geometry": { "type": "Point", "coordinates": [ -6.896421, 43.161779 ] } },
{ "type": "Feature", "properties": { "mineID": 1415, "site": "Villavilleiro II", "ancientName": null, "province": "Hispania Tarraconensis", "country": "Spain", "region": "Oviedo", "miningDistrict": "Cuenca del Navia", "romanianRANID": null, "sanchezPalenciaAndOrejasID": "NV-32", "domergueID": null, "spainMapSheet": null, "lambertX": null, "lambertY": null, "latitude": 43.169452, "longitude": -6.896323, "coordinateAccuracy": 1000.0, "locationDataSource": "Sanchez-Palencia and Orejas 1994, fig. 13, and relative relationship to Villavilleiro I.", "locationNotes": null, "notBeforeOpeningDate": null, "notAfterOpeningDate": null, "notBeforeClosingDate": null, "notAfterClosingDate": null, "inUseDate": null, "metalMinedGold": "TRUE", "metalMinedSilver": 0.0, "metalMinedLead": 0.0, "metalMinedCopper": 0.0, "metalMinedTin": 0.0, "metalMinedIron": 0.0, "metalMinedMercuryCinnabar": 0.0, "metalMinedZinc": 0.0, "metalMinedOther": 0.0, "description": null, "references": "Sanchez-Palencia and Orejas 1994, 200", "techniqueOpencast": 1.0, "techniqueUnderground": 0.0, "techniqueHydraulic": "TRUE", "techniqueHushing": "TRUE", "techniqueGroundSluicing": "FALSE", "techniqueRuinaMontium": 0.0, "techniqueRakeComb": 0.0, "techniqueGoldWashing": 0.0, "techniqueOther": 0.0, "notes": null, "geology": null, "depositType": "Primary", "exploitationType": "Extensive", "Flag_Au_Oro": 1, "Status_Au_Oro": "Confirmado", "Flag_Ag_Plata": 0, "Status_Ag_Plata": "No", "Flag_Cu_Cobre": 0, "Status_Cu_Cobre": "No", "Flag_Pb_Plomo": 0, "Status_Pb_Plomo": "No", "Flag_Hg_Cinabrio": 0, "Status_Hg_Cinabrio": "No", "Flag_Sn_Estano": 0, "Status_Sn_Estano": "No", "Flag_Fe_Hierro": 0, "Status_Fe_Hierro": "No", "Tech_Ruina_Montium": 1, "Tech_Subterranea": 0, "Tech_Cielo_Abierto": 1, "Tech_Lavado_Placer": 0, "Certainty_Spatial": 0.7, "Certainty_Archaeological": 0.9, "Certainty_Metallogenic": 1.0, "Certainty_Score": 0.845, "Certainty_Grade": "Alta Certeza (Grado I)" }, "geometry": { "type": "Point", "coordinates": [ -6.896323, 43.169452 ] } },
{ "type": "Feature", "properties": { "mineID": 1418, "site": "A Xisterna I", "ancientName": null, "province": "Hispania Tarraconensis", "country": "Spain", "region": "León", "miningDistrict": "Cuencas de Cúa y Burbia", "romanianRANID": null, "sanchezPalenciaAndOrejasID": "CB-17", "domergueID": null, "spainMapSheet": null, "lambertX": null, "lambertY": null, "latitude": 42.710794, "longitude": -6.738149, "coordinateAccuracy": 0.0, "locationDataSource": "Estimated from Sanchez-Palencia and Orejas 1994, fig. 14, and Google Earth, refined by site visit 26/09/2021.", "locationNotes": null, "notBeforeOpeningDate": null, "notAfterOpeningDate": null, "notBeforeClosingDate": null, "notAfterClosingDate": null, "inUseDate": null, "metalMinedGold": "TRUE", "metalMinedSilver": 0.0, "metalMinedLead": 0.0, "metalMinedCopper": 0.0, "metalMinedTin": 0.0, "metalMinedIron": 0.0, "metalMinedMercuryCinnabar": 0.0, "metalMinedZinc": 0.0, "metalMinedOther": 0.0, "description": null, "references": "Sanchez-Palencia and Orejas 1994, 191", "techniqueOpencast": 1.0, "techniqueUnderground": 0.0, "techniqueHydraulic": "TRUE", "techniqueHushing": "TRUE", "techniqueGroundSluicing": "TRUE", "techniqueRuinaMontium": 0.0, "techniqueRakeComb": 0.0, "techniqueGoldWashing": 0.0, "techniqueOther": 0.0, "notes": null, "geology": null, "depositType": "Secondary", "exploitationType": "Extensive", "Flag_Au_Oro": 1, "Status_Au_Oro": "Confirmado", "Flag_Ag_Plata": 0, "Status_Ag_Plata": "No", "Flag_Cu_Cobre": 0, "Status_Cu_Cobre": "No", "Flag_Pb_Plomo": 0, "Status_Pb_Plomo": "No", "Flag_Hg_Cinabrio": 0, "Status_Hg_Cinabrio": "No", "Flag_Sn_Estano": 0, "Status_Sn_Estano": "No", "Flag_Fe_Hierro": 0, "Status_Fe_Hierro": "No", "Tech_Ruina_Montium": 1, "Tech_Subterranea": 0, "Tech_Cielo_Abierto": 1, "Tech_Lavado_Placer": 0, "Certainty_Spatial": 1.0, "Certainty_Archaeological": 0.9, "Certainty_Metallogenic": 1.0, "Certainty_Score": 0.965, "Certainty_Grade": "Alta Certeza (Grado I)" }, "geometry": { "type": "Point", "coordinates": [ -6.738149, 42.710794 ] } },
{ "type": "Feature", "properties": { "mineID": 1420, "site": "Zardaín", "ancientName": null, "province": "Hispania Tarraconensis", "country": "Spain", "region": "Oviedo", "miningDistrict": "Cuenca del Esba o Canero", "romanianRANID": null, "sanchezPalenciaAndOrejasID": "ES-02", "domergueID": null, "spainMapSheet": null, "lambertX": null, "lambertY": null, "latitude": 43.392984, "longitude": -6.553396, "coordinateAccuracy": 500.0, "locationDataSource": "Guessed from Google Earth", "locationNotes": null, "notBeforeOpeningDate": null, "notAfterOpeningDate": null, "notBeforeClosingDate": null, "notAfterClosingDate": null, "inUseDate": null, "metalMinedGold": "TRUE", "metalMinedSilver": 0.0, "metalMinedLead": 0.0, "metalMinedCopper": 0.0, "metalMinedTin": 0.0, "metalMinedIron": 0.0, "metalMinedMercuryCinnabar": 0.0, "metalMinedZinc": 0.0, "metalMinedOther": 0.0, "description": null, "references": "Sanchez-Palencia and Orejas 1994, 193", "techniqueOpencast": 1.0, "techniqueUnderground": 0.0, "techniqueHydraulic": "TRUE", "techniqueHushing": null, "techniqueGroundSluicing": null, "techniqueRuinaMontium": null, "techniqueRakeComb": null, "techniqueGoldWashing": null, "techniqueOther": null, "notes": null, "geology": null, "depositType": "Secondary", "exploitationType": "Extensive", "Flag_Au_Oro": 1, "Status_Au_Oro": "Confirmado", "Flag_Ag_Plata": 0, "Status_Ag_Plata": "No", "Flag_Cu_Cobre": 0, "Status_Cu_Cobre": "No", "Flag_Pb_Plomo": 0, "Status_Pb_Plomo": "No", "Flag_Hg_Cinabrio": 0, "Status_Hg_Cinabrio": "No", "Flag_Sn_Estano": 0, "Status_Sn_Estano": "No", "Flag_Fe_Hierro": 0, "Status_Fe_Hierro": "No", "Tech_Ruina_Montium": 1, "Tech_Subterranea": 0, "Tech_Cielo_Abierto": 1, "Tech_Lavado_Placer": 0, "Certainty_Spatial": 0.85, "Certainty_Archaeological": 0.9, "Certainty_Metallogenic": 1.0, "Certainty_Score": 0.905, "Certainty_Grade": "Alta Certeza (Grado I)" }, "geometry": { "type": "Point", "coordinates": [ -6.553396, 43.392984 ] } },
{ "type": "Feature", "properties": { "mineID": 1447, "site": "El Corón de San Pedro", "ancientName": null, "province": "Hispania Tarraconensis", "country": "Spain", "region": "León", "miningDistrict": "Cuenca del Boeza", "romanianRANID": null, "sanchezPalenciaAndOrejasID": "BO-06", "domergueID": null, "spainMapSheet": null, "lambertX": null, "lambertY": null, "latitude": 42.7182, "longitude": -6.393549, "coordinateAccuracy": 0.0, "locationDataSource": "From Sanchez-Palencia and Orejas 1994, fig. 14, IGN map, and Google Earth, refined by site visit 23/09/2021.", "locationNotes": "From Google Earth", "notBeforeOpeningDate": -19.0, "notAfterOpeningDate": 230.0, "notBeforeClosingDate": 50.0, "notAfterClosingDate": 250.0, "inUseDate": "Roman", "metalMinedGold": "TRUE", "metalMinedSilver": 0.0, "metalMinedLead": 0.0, "metalMinedCopper": 0.0, "metalMinedTin": 0.0, "metalMinedIron": 0.0, "metalMinedMercuryCinnabar": 0.0, "metalMinedZinc": 0.0, "metalMinedOther": 0.0, "description": "Castro immediately adjacent to mine.", "references": "Alvarez González 1993; Sanchez-Palencia and Orejas 1994, 190", "techniqueOpencast": 1.0, "techniqueUnderground": 0.0, "techniqueHydraulic": "TRUE", "techniqueHushing": null, "techniqueGroundSluicing": "TRUE", "techniqueRuinaMontium": 0.0, "techniqueRakeComb": 0.0, "techniqueGoldWashing": 0.0, "techniqueOther": 0.0, "notes": null, "geology": "Alluvial deposits", "depositType": "Secondary", "exploitationType": "Extensive", "Flag_Au_Oro": 1, "Status_Au_Oro": "Confirmado", "Flag_Ag_Plata": 0, "Status_Ag_Plata": "No", "Flag_Cu_Cobre": 0, "Status_Cu_Cobre": "No", "Flag_Pb_Plomo": 0, "Status_Pb_Plomo": "No", "Flag_Hg_Cinabrio": 0, "Status_Hg_Cinabrio": "No", "Flag_Sn_Estano": 0, "Status_Sn_Estano": "No", "Flag_Fe_Hierro": 0, "Status_Fe_Hierro": "No", "Tech_Ruina_Montium": 1, "Tech_Subterranea": 0, "Tech_Cielo_Abierto": 1, "Tech_Lavado_Placer": 0, "Certainty_Spatial": 1.0, "Certainty_Archaeological": 0.9, "Certainty_Metallogenic": 1.0, "Certainty_Score": 0.965, "Certainty_Grade": "Alta Certeza (Grado I)" }, "geometry": { "type": "Point", "coordinates": [ -6.393549, 42.7182 ] } },
{ "type": "Feature", "properties": { "mineID": 1449, "site": "Morredero", "ancientName": null, "province": "Hispania Tarraconensis", "country": "Spain", "region": "León", "miningDistrict": "Sierra del Teleno", "romanianRANID": null, "sanchezPalenciaAndOrejasID": null, "domergueID": null, "spainMapSheet": null, "lambertX": null, "lambertY": null, "latitude": 42.407902, "longitude": -6.514921, "coordinateAccuracy": 0.0, "locationDataSource": "Google Earth/site visit", "locationNotes": "Immediately to west of ski-lift station", "notBeforeOpeningDate": -19.0, "notAfterOpeningDate": 230.0, "notBeforeClosingDate": 50.0, "notAfterClosingDate": 250.0, "inUseDate": "Roman", "metalMinedGold": "TRUE", "metalMinedSilver": 0.0, "metalMinedLead": 0.0, "metalMinedCopper": 0.0, "metalMinedTin": 0.0, "metalMinedIron": 0.0, "metalMinedMercuryCinnabar": 0.0, "metalMinedZinc": 0.0, "metalMinedOther": 0.0, "description": "Hydraulic mining", "references": "http://www.diariodeleon.es/noticias/cultura/hallan-mina-oro-romana-morredero_1186378.html", "techniqueOpencast": 1.0, "techniqueUnderground": 0.0, "techniqueHydraulic": "TRUE", "techniqueHushing": "TRUE", "techniqueGroundSluicing": "FALSE", "techniqueRuinaMontium": 0.0, "techniqueRakeComb": 0.0, "techniqueGoldWashing": 0.0, "techniqueOther": 0.0, "notes": "Newly discovered mine identified by Roberto Matias, August 2017", "geology": "Alluvial deposits", "depositType": "Secondary", "exploitationType": null, "Flag_Au_Oro": 1, "Status_Au_Oro": "Confirmado", "Flag_Ag_Plata": 0, "Status_Ag_Plata": "No", "Flag_Cu_Cobre": 0, "Status_Cu_Cobre": "No", "Flag_Pb_Plomo": 0, "Status_Pb_Plomo": "No", "Flag_Hg_Cinabrio": 0, "Status_Hg_Cinabrio": "No", "Flag_Sn_Estano": 0, "Status_Sn_Estano": "No", "Flag_Fe_Hierro": 0, "Status_Fe_Hierro": "No", "Tech_Ruina_Montium": 1, "Tech_Subterranea": 0, "Tech_Cielo_Abierto": 1, "Tech_Lavado_Placer": 0, "Certainty_Spatial": 1.0, "Certainty_Archaeological": 0.75, "Certainty_Metallogenic": 1.0, "Certainty_Score": 0.9125, "Certainty_Grade": "Alta Certeza (Grado I)" }, "geometry": { "type": "Point", "coordinates": [ -6.514921, 42.407902 ] } },
{ "type": "Feature", "properties": { "mineID": 1628, "site": "Arroyo de Bouza", "ancientName": null, "province": "Hispania Tarraconensis", "country": "Spain", "region": "León", "miningDistrict": "Cuenca Alta del Tuerto", "romanianRANID": null, "sanchezPalenciaAndOrejasID": null, "domergueID": "LE 58", "spainMapSheet": 160.0, "lambertX": null, "lambertY": null, "latitude": 42.56528, "longitude": -6.150903, "coordinateAccuracy": 50.0, "locationDataSource": "Google Earth and Domergue 1988 vol. II, 343", "locationNotes": null, "notBeforeOpeningDate": null, "notAfterOpeningDate": null, "notBeforeClosingDate": null, "notAfterClosingDate": null, "inUseDate": null, "metalMinedGold": "TRUE", "metalMinedSilver": 0.0, "metalMinedLead": 0.0, "metalMinedCopper": 0.0, "metalMinedTin": 0.0, "metalMinedIron": 0.0, "metalMinedMercuryCinnabar": 0.0, "metalMinedZinc": 0.0, "metalMinedOther": 0.0, "description": null, "references": "Domergue 1988, 343", "techniqueOpencast": 1.0, "techniqueUnderground": 0.0, "techniqueHydraulic": "TRUE", "techniqueHushing": "FALSE", "techniqueGroundSluicing": "FALSE", "techniqueRuinaMontium": 0.0, "techniqueRakeComb": 1.0, "techniqueGoldWashing": 0.0, "techniqueOther": 0.0, "notes": null, "geology": "Colluvial deposits", "depositType": "Secondary", "exploitationType": null, "Flag_Au_Oro": 1, "Status_Au_Oro": "Confirmado", "Flag_Ag_Plata": 0, "Status_Ag_Plata": "No", "Flag_Cu_Cobre": 0, "Status_Cu_Cobre": "No", "Flag_Pb_Plomo": 0, "Status_Pb_Plomo": "No", "Flag_Hg_Cinabrio": 0, "Status_Hg_Cinabrio": "No", "Flag_Sn_Estano": 0, "Status_Sn_Estano": "No", "Flag_Fe_Hierro": 0, "Status_Fe_Hierro": "No", "Tech_Ruina_Montium": 1, "Tech_Subterranea": 0, "Tech_Cielo_Abierto": 1, "Tech_Lavado_Placer": 0, "Certainty_Spatial": 1.0, "Certainty_Archaeological": 0.9, "Certainty_Metallogenic": 1.0, "Certainty_Score": 0.965, "Certainty_Grade": "Alta Certeza (Grado I)" }, "geometry": { "type": "Point", "coordinates": [ -6.150903, 42.56528 ] } },
{ "type": "Feature", "properties": { "mineID": 1635, "site": "Los Corralones", "ancientName": null, "province": "Hispania Tarraconensis", "country": "Spain", "region": "León", "miningDistrict": null, "romanianRANID": null, "sanchezPalenciaAndOrejasID": null, "domergueID": null, "spainMapSheet": null, "lambertX": null, "lambertY": null, "latitude": 42.10977, "longitude": -6.377308, "coordinateAccuracy": 0.0, "locationDataSource": "Google Earth and ground visit.", "locationNotes": null, "notBeforeOpeningDate": null, "notAfterOpeningDate": null, "notBeforeClosingDate": null, "notAfterClosingDate": null, "inUseDate": null, "metalMinedGold": "TRUE", "metalMinedSilver": 0.0, "metalMinedLead": 0.0, "metalMinedCopper": 0.0, "metalMinedTin": 0.0, "metalMinedIron": 0.0, "metalMinedMercuryCinnabar": 0.0, "metalMinedZinc": 0.0, "metalMinedOther": 0.0, "description": "Castro with double ditches, later worked by hydraulic means with additional channels, deepening of ditches, and opencast on eastern side.", "references": null, "techniqueOpencast": 1.0, "techniqueUnderground": 0.0, "techniqueHydraulic": "TRUE", "techniqueHushing": null, "techniqueGroundSluicing": null, "techniqueRuinaMontium": 0.0, "techniqueRakeComb": 0.0, "techniqueGoldWashing": 0.0, "techniqueOther": null, "notes": null, "geology": "Alluvial deposits", "depositType": "Secondary", "exploitationType": null, "Flag_Au_Oro": 1, "Status_Au_Oro": "Confirmado", "Flag_Ag_Plata": 0, "Status_Ag_Plata": "No", "Flag_Cu_Cobre": 0, "Status_Cu_Cobre": "No", "Flag_Pb_Plomo": 0, "Status_Pb_Plomo": "No", "Flag_Hg_Cinabrio": 0, "Status_Hg_Cinabrio": "No", "Flag_Sn_Estano": 0, "Status_Sn_Estano": "No", "Flag_Fe_Hierro": 0, "Status_Fe_Hierro": "No", "Tech_Ruina_Montium": 1, "Tech_Subterranea": 0, "Tech_Cielo_Abierto": 1, "Tech_Lavado_Placer": 0, "Certainty_Spatial": 1.0, "Certainty_Archaeological": 0.4, "Certainty_Metallogenic": 1.0, "Certainty_Score": 0.79, "Certainty_Grade": "Media Certeza (Grado II)" }, "geometry": { "type": "Point", "coordinates": [ -6.377308, 42.10977 ] } },
{ "type": "Feature", "properties": { "mineID": 1636, "site": "Portillo de Xandequín", "ancientName": null, "province": "Hispania Tarraconensis", "country": "Spain", "region": "León", "miningDistrict": "Sierra del Teleno", "romanianRANID": null, "sanchezPalenciaAndOrejasID": "TE-07", "domergueID": null, "spainMapSheet": null, "lambertX": null, "lambertY": null, "latitude": 42.30098, "longitude": -6.338022, "coordinateAccuracy": 0.0, "locationDataSource": "IGN map and Google Earth", "locationNotes": null, "notBeforeOpeningDate": null, "notAfterOpeningDate": null, "notBeforeClosingDate": null, "notAfterClosingDate": null, "inUseDate": null, "metalMinedGold": "TRUE", "metalMinedSilver": 0.0, "metalMinedLead": 0.0, "metalMinedCopper": 0.0, "metalMinedTin": 0.0, "metalMinedIron": 0.0, "metalMinedMercuryCinnabar": 0.0, "metalMinedZinc": 0.0, "metalMinedOther": 0.0, "description": null, "references": "Sanchez-Palencia and Orejas 1994, 201", "techniqueOpencast": 1.0, "techniqueUnderground": 0.0, "techniqueHydraulic": "TRUE", "techniqueHushing": "TRUE", "techniqueGroundSluicing": "FALSE", "techniqueRuinaMontium": 0.0, "techniqueRakeComb": 0.0, "techniqueGoldWashing": 0.0, "techniqueOther": 0.0, "notes": null, "geology": null, "depositType": "Secondary", "exploitationType": "Selective - Extensive", "Flag_Au_Oro": 1, "Status_Au_Oro": "Confirmado", "Flag_Ag_Plata": 0, "Status_Ag_Plata": "No", "Flag_Cu_Cobre": 0, "Status_Cu_Cobre": "No", "Flag_Pb_Plomo": 0, "Status_Pb_Plomo": "No", "Flag_Hg_Cinabrio": 0, "Status_Hg_Cinabrio": "No", "Flag_Sn_Estano": 0, "Status_Sn_Estano": "No", "Flag_Fe_Hierro": 0, "Status_Fe_Hierro": "No", "Tech_Ruina_Montium": 1, "Tech_Subterranea": 0, "Tech_Cielo_Abierto": 1, "Tech_Lavado_Placer": 0, "Certainty_Spatial": 1.0, "Certainty_Archaeological": 0.9, "Certainty_Metallogenic": 1.0, "Certainty_Score": 0.965, "Certainty_Grade": "Alta Certeza (Grado I)" }, "geometry": { "type": "Point", "coordinates": [ -6.338022, 42.30098 ] } },
{ "type": "Feature", "properties": { "mineID": 1637, "site": "Peña Canales", "ancientName": null, "province": "Hispania Tarraconensis", "country": "Spain", "region": "León", "miningDistrict": "Sierra del Teleno", "romanianRANID": null, "sanchezPalenciaAndOrejasID": "TE-08", "domergueID": null, "spainMapSheet": null, "lambertX": null, "lambertY": null, "latitude": 42.302075, "longitude": -6.35066, "coordinateAccuracy": 0.0, "locationDataSource": "Google Earth and ground visit", "locationNotes": null, "notBeforeOpeningDate": null, "notAfterOpeningDate": null, "notBeforeClosingDate": null, "notAfterClosingDate": null, "inUseDate": null, "metalMinedGold": "TRUE", "metalMinedSilver": 0.0, "metalMinedLead": 0.0, "metalMinedCopper": 0.0, "metalMinedTin": 0.0, "metalMinedIron": 0.0, "metalMinedMercuryCinnabar": 0.0, "metalMinedZinc": 0.0, "metalMinedOther": 0.0, "description": null, "references": "Sanchez-Palencia and Orejas 1994, 202", "techniqueOpencast": 1.0, "techniqueUnderground": 0.0, "techniqueHydraulic": "TRUE", "techniqueHushing": "TRUE", "techniqueGroundSluicing": "FALSE", "techniqueRuinaMontium": 0.0, "techniqueRakeComb": 0.0, "techniqueGoldWashing": 0.0, "techniqueOther": 0.0, "notes": null, "geology": null, "depositType": "Secondary", "exploitationType": "Selective - Extensive", "Flag_Au_Oro": 1, "Status_Au_Oro": "Confirmado", "Flag_Ag_Plata": 0, "Status_Ag_Plata": "No", "Flag_Cu_Cobre": 0, "Status_Cu_Cobre": "No", "Flag_Pb_Plomo": 0, "Status_Pb_Plomo": "No", "Flag_Hg_Cinabrio": 0, "Status_Hg_Cinabrio": "No", "Flag_Sn_Estano": 0, "Status_Sn_Estano": "No", "Flag_Fe_Hierro": 0, "Status_Fe_Hierro": "No", "Tech_Ruina_Montium": 1, "Tech_Subterranea": 0, "Tech_Cielo_Abierto": 1, "Tech_Lavado_Placer": 0, "Certainty_Spatial": 1.0, "Certainty_Archaeological": 0.9, "Certainty_Metallogenic": 1.0, "Certainty_Score": 0.965, "Certainty_Grade": "Alta Certeza (Grado I)" }, "geometry": { "type": "Point", "coordinates": [ -6.35066, 42.302075 ] } },
{ "type": "Feature", "properties": { "mineID": 1638, "site": "Arroyo de Xandellamas", "ancientName": null, "province": "Hispania Tarraconensis", "country": "Spain", "region": "León", "miningDistrict": "Sierra del Teleno", "romanianRANID": null, "sanchezPalenciaAndOrejasID": "TE-08", "domergueID": null, "spainMapSheet": null, "lambertX": null, "lambertY": null, "latitude": 42.305767, "longitude": -6.343668, "coordinateAccuracy": 300.0, "locationDataSource": "Estimated from Sanchez-Palencia and Orejas 1994, fig. 17, IGN map, and Google Earth", "locationNotes": null, "notBeforeOpeningDate": null, "notAfterOpeningDate": null, "notBeforeClosingDate": null, "notAfterClosingDate": null, "inUseDate": null, "metalMinedGold": "TRUE", "metalMinedSilver": 0.0, "metalMinedLead": 0.0, "metalMinedCopper": 0.0, "metalMinedTin": 0.0, "metalMinedIron": 0.0, "metalMinedMercuryCinnabar": 0.0, "metalMinedZinc": 0.0, "metalMinedOther": 0.0, "description": null, "references": "Sanchez-Palencia and Orejas 1994, 202", "techniqueOpencast": 1.0, "techniqueUnderground": 0.0, "techniqueHydraulic": "TRUE", "techniqueHushing": "TRUE", "techniqueGroundSluicing": "FALSE", "techniqueRuinaMontium": 0.0, "techniqueRakeComb": 0.0, "techniqueGoldWashing": 0.0, "techniqueOther": 0.0, "notes": null, "geology": null, "depositType": "Secondary", "exploitationType": "Selective - Extensive", "Flag_Au_Oro": 1, "Status_Au_Oro": "Confirmado", "Flag_Ag_Plata": 0, "Status_Ag_Plata": "No", "Flag_Cu_Cobre": 0, "Status_Cu_Cobre": "No", "Flag_Pb_Plomo": 0, "Status_Pb_Plomo": "No", "Flag_Hg_Cinabrio": 0, "Status_Hg_Cinabrio": "No", "Flag_Sn_Estano": 0, "Status_Sn_Estano": "No", "Flag_Fe_Hierro": 0, "Status_Fe_Hierro": "No", "Tech_Ruina_Montium": 1, "Tech_Subterranea": 0, "Tech_Cielo_Abierto": 1, "Tech_Lavado_Placer": 0, "Certainty_Spatial": 0.85, "Certainty_Archaeological": 0.9, "Certainty_Metallogenic": 1.0, "Certainty_Score": 0.905, "Certainty_Grade": "Alta Certeza (Grado I)" }, "geometry": { "type": "Point", "coordinates": [ -6.343668, 42.305767 ] } },
{ "type": "Feature", "properties": { "mineID": 1764, "site": "Las Llameras", "ancientName": null, "province": "Hispania Tarraconensis", "country": "Spain", "region": "León", "miningDistrict": "Cuenca del Boeza", "romanianRANID": null, "sanchezPalenciaAndOrejasID": null, "domergueID": null, "spainMapSheet": null, "lambertX": null, "lambertY": null, "latitude": 42.70395, "longitude": -6.363748, "coordinateAccuracy": 0.0, "locationDataSource": "Site visit 23/09/2021. Name taken from nearest toponym on IGN 1:25,000 map.", "locationNotes": null, "notBeforeOpeningDate": null, "notAfterOpeningDate": null, "notBeforeClosingDate": null, "notAfterClosingDate": null, "inUseDate": null, "metalMinedGold": "TRUE", "metalMinedSilver": 0.0, "metalMinedLead": 0.0, "metalMinedCopper": 0.0, "metalMinedTin": 0.0, "metalMinedIron": 0.0, "metalMinedMercuryCinnabar": 0.0, "metalMinedZinc": 0.0, "metalMinedOther": 0.0, "description": null, "references": null, "techniqueOpencast": 1.0, "techniqueUnderground": 0.0, "techniqueHydraulic": "TRUE", "techniqueHushing": "FALSE", "techniqueGroundSluicing": "TRUE", "techniqueRuinaMontium": 0.0, "techniqueRakeComb": 0.0, "techniqueGoldWashing": 0.0, "techniqueOther": 0.0, "notes": null, "geology": null, "depositType": "Secondary", "exploitationType": "Extensive", "Flag_Au_Oro": 1, "Status_Au_Oro": "Confirmado", "Flag_Ag_Plata": 0, "Status_Ag_Plata": "No", "Flag_Cu_Cobre": 0, "Status_Cu_Cobre": "No", "Flag_Pb_Plomo": 0, "Status_Pb_Plomo": "No", "Flag_Hg_Cinabrio": 0, "Status_Hg_Cinabrio": "No", "Flag_Sn_Estano": 0, "Status_Sn_Estano": "No", "Flag_Fe_Hierro": 0, "Status_Fe_Hierro": "No", "Tech_Ruina_Montium": 1, "Tech_Subterranea": 0, "Tech_Cielo_Abierto": 1, "Tech_Lavado_Placer": 0, "Certainty_Spatial": 1.0, "Certainty_Archaeological": 0.4, "Certainty_Metallogenic": 1.0, "Certainty_Score": 0.79, "Certainty_Grade": "Media Certeza (Grado II)" }, "geometry": { "type": "Point", "coordinates": [ -6.363748, 42.70395 ] } },
{ "type": "Feature", "properties": { "mineID": 1767, "site": "Fuente Encalada", "ancientName": null, "province": "Hispania Tarraconensis", "country": "Spain", "region": "León", "miningDistrict": "Cuencas de Cúa y Burbia", "romanianRANID": null, "sanchezPalenciaAndOrejasID": null, "domergueID": "LE 56", "spainMapSheet": 158.0, "lambertX": 345.0, "lambertY": 888.4, "latitude": 42.558406, "longitude": -6.795227, "coordinateAccuracy": 100.0, "locationDataSource": "Google Earth", "locationNotes": "1.5 km SW of Otero", "notBeforeOpeningDate": null, "notAfterOpeningDate": null, "notBeforeClosingDate": null, "notAfterClosingDate": null, "inUseDate": null, "metalMinedGold": "TRUE", "metalMinedSilver": 0.0, "metalMinedLead": 0.0, "metalMinedCopper": 0.0, "metalMinedTin": 0.0, "metalMinedIron": 0.0, "metalMinedMercuryCinnabar": 0.0, "metalMinedZinc": 0.0, "metalMinedOther": 0.0, "description": null, "references": "Domergue 1990: 44", "techniqueOpencast": 1.0, "techniqueUnderground": 0.0, "techniqueHydraulic": "TRUE", "techniqueHushing": null, "techniqueGroundSluicing": null, "techniqueRuinaMontium": 0.0, "techniqueRakeComb": null, "techniqueGoldWashing": null, "techniqueOther": 0.0, "notes": null, "geology": "Terrace", "depositType": "Secondary", "exploitationType": "Extensive", "Flag_Au_Oro": 1, "Status_Au_Oro": "Confirmado", "Flag_Ag_Plata": 0, "Status_Ag_Plata": "No", "Flag_Cu_Cobre": 0, "Status_Cu_Cobre": "No", "Flag_Pb_Plomo": 0, "Status_Pb_Plomo": "No", "Flag_Hg_Cinabrio": 0, "Status_Hg_Cinabrio": "No", "Flag_Sn_Estano": 0, "Status_Sn_Estano": "No", "Flag_Fe_Hierro": 0, "Status_Fe_Hierro": "No", "Tech_Ruina_Montium": 1, "Tech_Subterranea": 0, "Tech_Cielo_Abierto": 1, "Tech_Lavado_Placer": 0, "Certainty_Spatial": 1.0, "Certainty_Archaeological": 0.9, "Certainty_Metallogenic": 1.0, "Certainty_Score": 0.965, "Certainty_Grade": "Alta Certeza (Grado I)" }, "geometry": { "type": "Point", "coordinates": [ -6.795227, 42.558406 ] } },
{ "type": "Feature", "properties": { "mineID": 1768, "site": "Sorbrera", "ancientName": null, "province": "Hispania Tarraconensis", "country": "Spain", "region": "León", "miningDistrict": null, "romanianRANID": null, "sanchezPalenciaAndOrejasID": null, "domergueID": null, "spainMapSheet": null, "lambertX": null, "lambertY": null, "latitude": 42.71811525, "longitude": -6.442887381, "coordinateAccuracy": 10.0, "locationDataSource": "https://servicios.jcyl.es/pweb/datosGIS.do?tipo=Yacimiento&numero=102391", "locationNotes": "N of Robledo de las Traviesas, on left bank of the Arroyo de Sorbrera.", "notBeforeOpeningDate": null, "notAfterOpeningDate": null, "notBeforeClosingDate": null, "notAfterClosingDate": null, "inUseDate": "Roman", "metalMinedGold": "TRUE", "metalMinedSilver": 0.0, "metalMinedLead": 0.0, "metalMinedCopper": 0.0, "metalMinedTin": 0.0, "metalMinedIron": 0.0, "metalMinedMercuryCinnabar": 0.0, "metalMinedZinc": 0.0, "metalMinedOther": 0.0, "description": "Alluvial hydraulic gold mining site; there were three large zanja-channels in the NE part of the zone, uniting to form a large zanja in the central part, with the stone dumps towards the Arroyo de Velasco in the SW. Now destroyed by modern quarrying.", "references": "https://servicios.jcyl.es/pweb/datosGIS.do?tipo=Yacimiento&numero=102391", "techniqueOpencast": 1.0, "techniqueUnderground": 0.0, "techniqueHydraulic": "TRUE", "techniqueHushing": null, "techniqueGroundSluicing": "TRUE", "techniqueRuinaMontium": 0.0, "techniqueRakeComb": null, "techniqueGoldWashing": 0.0, "techniqueOther": 0.0, "notes": null, "geology": null, "depositType": "Secondary", "exploitationType": null, "Flag_Au_Oro": 1, "Status_Au_Oro": "Confirmado", "Flag_Ag_Plata": 0, "Status_Ag_Plata": "No", "Flag_Cu_Cobre": 0, "Status_Cu_Cobre": "No", "Flag_Pb_Plomo": 0, "Status_Pb_Plomo": "No", "Flag_Hg_Cinabrio": 0, "Status_Hg_Cinabrio": "No", "Flag_Sn_Estano": 0, "Status_Sn_Estano": "No", "Flag_Fe_Hierro": 0, "Status_Fe_Hierro": "No", "Tech_Ruina_Montium": 1, "Tech_Subterranea": 0, "Tech_Cielo_Abierto": 1, "Tech_Lavado_Placer": 0, "Certainty_Spatial": 1.0, "Certainty_Archaeological": 0.75, "Certainty_Metallogenic": 1.0, "Certainty_Score": 0.9125, "Certainty_Grade": "Alta Certeza (Grado I)" }, "geometry": { "type": "Point", "coordinates": [ -6.442887381, 42.71811525 ] } },
{ "type": "Feature", "properties": { "mineID": 1769, "site": "Castro de Rivas", "ancientName": null, "province": "Hispania Tarraconensis", "country": "Spain", "region": "León", "miningDistrict": null, "romanianRANID": null, "sanchezPalenciaAndOrejasID": null, "domergueID": null, "spainMapSheet": null, "lambertX": null, "lambertY": null, "latitude": 42.68561071, "longitude": -6.371449279, "coordinateAccuracy": 10.0, "locationDataSource": "https://servicios.jcyl.es/pweb/datosYacimiento.do?numero=102437", "locationNotes": null, "notBeforeOpeningDate": null, "notAfterOpeningDate": null, "notBeforeClosingDate": null, "notAfterClosingDate": null, "inUseDate": null, "metalMinedGold": "TRUE", "metalMinedSilver": 0.0, "metalMinedLead": 0.0, "metalMinedCopper": 0.0, "metalMinedTin": 0.0, "metalMinedIron": 0.0, "metalMinedMercuryCinnabar": 0.0, "metalMinedZinc": 0.0, "metalMinedOther": 0.0, "description": "Hydraulic mining with channels, reusing ditch of Castro de Rivas", "references": null, "techniqueOpencast": 1.0, "techniqueUnderground": 0.0, "techniqueHydraulic": "TRUE", "techniqueHushing": null, "techniqueGroundSluicing": "TRUE", "techniqueRuinaMontium": 0.0, "techniqueRakeComb": 0.0, "techniqueGoldWashing": 0.0, "techniqueOther": 0.0, "notes": null, "geology": null, "depositType": "Secondary", "exploitationType": null, "Flag_Au_Oro": 1, "Status_Au_Oro": "Confirmado", "Flag_Ag_Plata": 0, "Status_Ag_Plata": "No", "Flag_Cu_Cobre": 0, "Status_Cu_Cobre": "No", "Flag_Pb_Plomo": 0, "Status_Pb_Plomo": "No", "Flag_Hg_Cinabrio": 0, "Status_Hg_Cinabrio": "No", "Flag_Sn_Estano": 0, "Status_Sn_Estano": "No", "Flag_Fe_Hierro": 0, "Status_Fe_Hierro": "No", "Tech_Ruina_Montium": 1, "Tech_Subterranea": 0, "Tech_Cielo_Abierto": 1, "Tech_Lavado_Placer": 0, "Certainty_Spatial": 1.0, "Certainty_Archaeological": 0.4, "Certainty_Metallogenic": 1.0, "Certainty_Score": 0.79, "Certainty_Grade": "Media Certeza (Grado II)" }, "geometry": { "type": "Point", "coordinates": [ -6.371449279, 42.68561071 ] } },
{ "type": "Feature", "properties": { "mineID": 1770, "site": "La Salina", "ancientName": null, "province": "Hispania Tarraconensis", "country": "Spain", "region": "León", "miningDistrict": null, "romanianRANID": null, "sanchezPalenciaAndOrejasID": null, "domergueID": null, "spainMapSheet": null, "lambertX": null, "lambertY": null, "latitude": 42.68597057, "longitude": -6.36460443, "coordinateAccuracy": 10.0, "locationDataSource": "https://servicios.jcyl.es/pweb/datosYacimiento.do?numero=102413_x000D_\n", "locationNotes": null, "notBeforeOpeningDate": null, "notAfterOpeningDate": null, "notBeforeClosingDate": null, "notAfterClosingDate": null, "inUseDate": null, "metalMinedGold": "TRUE", "metalMinedSilver": 0.0, "metalMinedLead": 0.0, "metalMinedCopper": 0.0, "metalMinedTin": 0.0, "metalMinedIron": 0.0, "metalMinedMercuryCinnabar": 0.0, "metalMinedZinc": 0.0, "metalMinedOther": 0.0, "description": "Hydraulic mining with channels, reusing ditches of castro of La Salina.", "references": null, "techniqueOpencast": 1.0, "techniqueUnderground": 0.0, "techniqueHydraulic": "TRUE", "techniqueHushing": null, "techniqueGroundSluicing": "TRUE", "techniqueRuinaMontium": 0.0, "techniqueRakeComb": 0.0, "techniqueGoldWashing": 0.0, "techniqueOther": 0.0, "notes": null, "geology": null, "depositType": "Secondary", "exploitationType": null, "Flag_Au_Oro": 1, "Status_Au_Oro": "Confirmado", "Flag_Ag_Plata": 0, "Status_Ag_Plata": "No", "Flag_Cu_Cobre": 0, "Status_Cu_Cobre": "No", "Flag_Pb_Plomo": 0, "Status_Pb_Plomo": "No", "Flag_Hg_Cinabrio": 0, "Status_Hg_Cinabrio": "No", "Flag_Sn_Estano": 0, "Status_Sn_Estano": "No", "Flag_Fe_Hierro": 0, "Status_Fe_Hierro": "No", "Tech_Ruina_Montium": 1, "Tech_Subterranea": 0, "Tech_Cielo_Abierto": 1, "Tech_Lavado_Placer": 0, "Certainty_Spatial": 1.0, "Certainty_Archaeological": 0.4, "Certainty_Metallogenic": 1.0, "Certainty_Score": 0.79, "Certainty_Grade": "Media Certeza (Grado II)" }, "geometry": { "type": "Point", "coordinates": [ -6.36460443, 42.68597057 ] } },
{ "type": "Feature", "properties": { "mineID": 1771, "site": "Zufreiral", "ancientName": null, "province": "Hispania Tarraconensis", "country": "Spain", "region": "León", "miningDistrict": null, "romanianRANID": null, "sanchezPalenciaAndOrejasID": null, "domergueID": null, "spainMapSheet": null, "lambertX": null, "lambertY": null, "latitude": 42.70385923, "longitude": -6.447879387, "coordinateAccuracy": 10.0, "locationDataSource": "https://servicios.jcyl.es/pweb/datosYacimiento.do?numero=102402", "locationNotes": "https://vici.org/vici/84014/", "notBeforeOpeningDate": null, "notAfterOpeningDate": null, "notBeforeClosingDate": null, "notAfterClosingDate": null, "inUseDate": null, "metalMinedGold": "TRUE", "metalMinedSilver": 0.0, "metalMinedLead": 0.0, "metalMinedCopper": 0.0, "metalMinedTin": 0.0, "metalMinedIron": 0.0, "metalMinedMercuryCinnabar": 0.0, "metalMinedZinc": 0.0, "metalMinedOther": 0.0, "description": "Hydraulic mining; four fan-shaped channels, roughly S-N, uniting to form a long single channel discharging into the Arroyo de Paradilla", "references": "https://servicios.jcyl.es/pweb/datosYacimiento.do?numero=102402", "techniqueOpencast": 1.0, "techniqueUnderground": 0.0, "techniqueHydraulic": "TRUE", "techniqueHushing": null, "techniqueGroundSluicing": "TRUE", "techniqueRuinaMontium": 0.0, "techniqueRakeComb": 0.0, "techniqueGoldWashing": 0.0, "techniqueOther": 0.0, "notes": null, "geology": null, "depositType": "Secondary", "exploitationType": null, "Flag_Au_Oro": 1, "Status_Au_Oro": "Confirmado", "Flag_Ag_Plata": 0, "Status_Ag_Plata": "No", "Flag_Cu_Cobre": 0, "Status_Cu_Cobre": "No", "Flag_Pb_Plomo": 0, "Status_Pb_Plomo": "No", "Flag_Hg_Cinabrio": 0, "Status_Hg_Cinabrio": "No", "Flag_Sn_Estano": 0, "Status_Sn_Estano": "No", "Flag_Fe_Hierro": 0, "Status_Fe_Hierro": "No", "Tech_Ruina_Montium": 1, "Tech_Subterranea": 0, "Tech_Cielo_Abierto": 1, "Tech_Lavado_Placer": 0, "Certainty_Spatial": 1.0, "Certainty_Archaeological": 0.75, "Certainty_Metallogenic": 1.0, "Certainty_Score": 0.9125, "Certainty_Grade": "Alta Certeza (Grado I)" }, "geometry": { "type": "Point", "coordinates": [ -6.447879387, 42.70385923 ] } },
{ "type": "Feature", "properties": { "mineID": 1772, "site": "La Poza del Castro", "ancientName": null, "province": "Hispania Tarraconensis", "country": "Spain", "region": "León", "miningDistrict": null, "romanianRANID": null, "sanchezPalenciaAndOrejasID": null, "domergueID": null, "spainMapSheet": null, "lambertX": null, "lambertY": null, "latitude": 42.85106255, "longitude": -6.20349361, "coordinateAccuracy": 10.0, "locationDataSource": "https://servicios.jcyl.es/pweb/datosYacimiento.do?numero=102130", "locationNotes": "Between Murias de Pedredo and Montrondo, to W of Castro de Murias / El Cubichón", "notBeforeOpeningDate": null, "notAfterOpeningDate": null, "notBeforeClosingDate": null, "notAfterClosingDate": null, "inUseDate": null, "metalMinedGold": "TRUE", "metalMinedSilver": 0.0, "metalMinedLead": 0.0, "metalMinedCopper": 0.0, "metalMinedTin": 0.0, "metalMinedIron": 0.0, "metalMinedMercuryCinnabar": 0.0, "metalMinedZinc": 0.0, "metalMinedOther": 0.0, "description": null, "references": "https://servicios.jcyl.es/pweb/datosYacimiento.do?numero=102130", "techniqueOpencast": 1.0, "techniqueUnderground": 0.0, "techniqueHydraulic": "TRUE", "techniqueHushing": null, "techniqueGroundSluicing": "TRUE", "techniqueRuinaMontium": 0.0, "techniqueRakeComb": 0.0, "techniqueGoldWashing": 0.0, "techniqueOther": 0.0, "notes": null, "geology": null, "depositType": "Secondary", "exploitationType": null, "Flag_Au_Oro": 1, "Status_Au_Oro": "Confirmado", "Flag_Ag_Plata": 0, "Status_Ag_Plata": "No", "Flag_Cu_Cobre": 0, "Status_Cu_Cobre": "No", "Flag_Pb_Plomo": 0, "Status_Pb_Plomo": "No", "Flag_Hg_Cinabrio": 0, "Status_Hg_Cinabrio": "No", "Flag_Sn_Estano": 0, "Status_Sn_Estano": "No", "Flag_Fe_Hierro": 0, "Status_Fe_Hierro": "No", "Tech_Ruina_Montium": 1, "Tech_Subterranea": 0, "Tech_Cielo_Abierto": 1, "Tech_Lavado_Placer": 0, "Certainty_Spatial": 1.0, "Certainty_Archaeological": 0.75, "Certainty_Metallogenic": 1.0, "Certainty_Score": 0.9125, "Certainty_Grade": "Alta Certeza (Grado I)" }, "geometry": { "type": "Point", "coordinates": [ -6.20349361, 42.85106255 ] } },
{ "type": "Feature", "properties": { "mineID": 1775, "site": "La Corona de Matachana", "ancientName": null, "province": "Hispania Tarraconensis", "country": "Spain", "region": "León", "miningDistrict": "Cuenca del Boeza", "romanianRANID": null, "sanchezPalenciaAndOrejasID": null, "domergueID": null, "spainMapSheet": null, "lambertX": null, "lambertY": null, "latitude": 42.59900419, "longitude": -6.42438552, "coordinateAccuracy": 100.0, "locationDataSource": "https://servicios.jcyl.es/pweb/datosYacimiento.do?numero=97339", "locationNotes": null, "notBeforeOpeningDate": null, "notAfterOpeningDate": null, "notBeforeClosingDate": null, "notAfterClosingDate": null, "inUseDate": "Roman", "metalMinedGold": "TRUE", "metalMinedSilver": 0.0, "metalMinedLead": 0.0, "metalMinedCopper": 0.0, "metalMinedTin": 0.0, "metalMinedIron": 0.0, "metalMinedMercuryCinnabar": 0.0, "metalMinedZinc": 0.0, "metalMinedOther": 0.0, "description": "The Catálogo de bienes protegidos for Castilla y Leon says that the ditches of the Corona were made with hydraulic power [this is clearly wrong, and there are \"murias\" (clearance piles of stones) from Roman mining operations.", "references": "https://servicios.jcyl.es/pweb/datosYacimiento.do?numero=97339", "techniqueOpencast": 1.0, "techniqueUnderground": 0.0, "techniqueHydraulic": "TRUE", "techniqueHushing": null, "techniqueGroundSluicing": "TRUE", "techniqueRuinaMontium": 0.0, "techniqueRakeComb": null, "techniqueGoldWashing": 0.0, "techniqueOther": 0.0, "notes": null, "geology": null, "depositType": null, "exploitationType": null, "Flag_Au_Oro": 1, "Status_Au_Oro": "Confirmado", "Flag_Ag_Plata": 0, "Status_Ag_Plata": "No", "Flag_Cu_Cobre": 0, "Status_Cu_Cobre": "No", "Flag_Pb_Plomo": 0, "Status_Pb_Plomo": "No", "Flag_Hg_Cinabrio": 0, "Status_Hg_Cinabrio": "No", "Flag_Sn_Estano": 0, "Status_Sn_Estano": "No", "Flag_Fe_Hierro": 0, "Status_Fe_Hierro": "No", "Tech_Ruina_Montium": 1, "Tech_Subterranea": 0, "Tech_Cielo_Abierto": 1, "Tech_Lavado_Placer": 0, "Certainty_Spatial": 1.0, "Certainty_Archaeological": 0.75, "Certainty_Metallogenic": 1.0, "Certainty_Score": 0.9125, "Certainty_Grade": "Alta Certeza (Grado I)" }, "geometry": { "type": "Point", "coordinates": [ -6.42438552, 42.59900419 ] } },
{ "type": "Feature", "properties": { "mineID": 1778, "site": "La Cibrera", "ancientName": null, "province": "Hispania Tarraconensis", "country": "Spain", "region": "León", "miningDistrict": "Cuenca Alta del Tuerto", "romanianRANID": null, "sanchezPalenciaAndOrejasID": null, "domergueID": null, "spainMapSheet": null, "lambertX": null, "lambertY": null, "latitude": 42.49213723, "longitude": -6.1333211, "coordinateAccuracy": 10.0, "locationDataSource": "Satellite imagery and site visit", "locationNotes": "On the south slope of the ridge immediately W of the motorway intersection W of Pradorrey.", "notBeforeOpeningDate": null, "notAfterOpeningDate": null, "notBeforeClosingDate": null, "notAfterClosingDate": null, "inUseDate": null, "metalMinedGold": "TRUE", "metalMinedSilver": 0.0, "metalMinedLead": 0.0, "metalMinedCopper": 0.0, "metalMinedTin": 0.0, "metalMinedIron": 0.0, "metalMinedMercuryCinnabar": 0.0, "metalMinedZinc": 0.0, "metalMinedOther": 0.0, "description": "A series of small scale workings along the slope of the ridge to the W of the motorway intersection by Pradorrey. A channel comes from the W, and at least six small-scale ditches divert from it down the slope to the south. These look either like prospections, or were very small-scale mining operations. Probably the channel continued eastward to feed the mine at Pradorrey, but the intervening stretch has been destroyed by the motorway intersection.", "references": null, "techniqueOpencast": 1.0, "techniqueUnderground": 0.0, "techniqueHydraulic": "TRUE", "techniqueHushing": "FALSE", "techniqueGroundSluicing": "TRUE", "techniqueRuinaMontium": 0.0, "techniqueRakeComb": 0.0, "techniqueGoldWashing": 0.0, "techniqueOther": 0.0, "notes": null, "geology": "Alluvial deposits", "depositType": "Secondary", "exploitationType": null, "Flag_Au_Oro": 1, "Status_Au_Oro": "Confirmado", "Flag_Ag_Plata": 0, "Status_Ag_Plata": "No", "Flag_Cu_Cobre": 0, "Status_Cu_Cobre": "No", "Flag_Pb_Plomo": 0, "Status_Pb_Plomo": "No", "Flag_Hg_Cinabrio": 0, "Status_Hg_Cinabrio": "No", "Flag_Sn_Estano": 0, "Status_Sn_Estano": "No", "Flag_Fe_Hierro": 0, "Status_Fe_Hierro": "No", "Tech_Ruina_Montium": 1, "Tech_Subterranea": 0, "Tech_Cielo_Abierto": 1, "Tech_Lavado_Placer": 0, "Certainty_Spatial": 1.0, "Certainty_Archaeological": 0.4, "Certainty_Metallogenic": 1.0, "Certainty_Score": 0.79, "Certainty_Grade": "Media Certeza (Grado II)" }, "geometry": { "type": "Point", "coordinates": [ -6.1333211, 42.49213723 ] } },
{ "type": "Feature", "properties": { "mineID": 1779, "site": "Devesa de Pradorrey", "ancientName": null, "province": "Hispania Tarraconensis", "country": "Spain", "region": "León", "miningDistrict": "Cuenca Alta del Tuerto", "romanianRANID": null, "sanchezPalenciaAndOrejasID": null, "domergueID": null, "spainMapSheet": null, "lambertX": null, "lambertY": null, "latitude": 42.50314712, "longitude": -6.15031566, "coordinateAccuracy": 10.0, "locationDataSource": "Satellite imagery and site visit", "locationNotes": "NW of Brazuelo, on the south side of the Arroyo del Bosque.", "notBeforeOpeningDate": null, "notAfterOpeningDate": null, "notBeforeClosingDate": null, "notAfterClosingDate": null, "inUseDate": null, "metalMinedGold": "TRUE", "metalMinedSilver": 0.0, "metalMinedLead": 0.0, "metalMinedCopper": 0.0, "metalMinedTin": 0.0, "metalMinedIron": 0.0, "metalMinedMercuryCinnabar": 0.0, "metalMinedZinc": 0.0, "metalMinedOther": 0.0, "description": "Small hydraulic mine working; a channel coming from the S bifurcates around an oval area in the centre of the working (resembling a corona, but the ditches are too shallow), and converge again in two exit ditches towards the stream. The eastern side is also fed by another ditch from the SE.", "references": null, "techniqueOpencast": 1.0, "techniqueUnderground": 0.0, "techniqueHydraulic": "TRUE", "techniqueHushing": "FALSE", "techniqueGroundSluicing": "TRUE", "techniqueRuinaMontium": 0.0, "techniqueRakeComb": 0.0, "techniqueGoldWashing": 0.0, "techniqueOther": 0.0, "notes": null, "geology": "Alluvial deposits", "depositType": null, "exploitationType": null, "Flag_Au_Oro": 1, "Status_Au_Oro": "Confirmado", "Flag_Ag_Plata": 0, "Status_Ag_Plata": "No", "Flag_Cu_Cobre": 0, "Status_Cu_Cobre": "No", "Flag_Pb_Plomo": 0, "Status_Pb_Plomo": "No", "Flag_Hg_Cinabrio": 0, "Status_Hg_Cinabrio": "No", "Flag_Sn_Estano": 0, "Status_Sn_Estano": "No", "Flag_Fe_Hierro": 0, "Status_Fe_Hierro": "No", "Tech_Ruina_Montium": 1, "Tech_Subterranea": 0, "Tech_Cielo_Abierto": 1, "Tech_Lavado_Placer": 0, "Certainty_Spatial": 1.0, "Certainty_Archaeological": 0.4, "Certainty_Metallogenic": 1.0, "Certainty_Score": 0.79, "Certainty_Grade": "Media Certeza (Grado II)" }, "geometry": { "type": "Point", "coordinates": [ -6.15031566, 42.50314712 ] } },
{ "type": "Feature", "properties": { "mineID": 1780, "site": "La Forcada", "ancientName": null, "province": "Hispania Tarraconensis", "country": "Spain", "region": "León", "miningDistrict": null, "romanianRANID": null, "sanchezPalenciaAndOrejasID": null, "domergueID": null, "spainMapSheet": null, "lambertX": null, "lambertY": null, "latitude": 42.7752842, "longitude": -5.89543723, "coordinateAccuracy": 10.0, "locationDataSource": "Satellite imagery and https://servicios.jcyl.es/pweb/datosGIS.do?tipo=Yacimiento&numero=109842", "locationNotes": null, "notBeforeOpeningDate": null, "notAfterOpeningDate": null, "notBeforeClosingDate": null, "notAfterClosingDate": null, "inUseDate": null, "metalMinedGold": "TRUE", "metalMinedSilver": 0.0, "metalMinedLead": 0.0, "metalMinedCopper": 0.0, "metalMinedTin": 0.0, "metalMinedIron": 0.0, "metalMinedMercuryCinnabar": 0.0, "metalMinedZinc": 0.0, "metalMinedOther": 0.0, "description": "Large hydraulic opencast associated with (and partly destroying) the castro of Los Castros - La Forcada. Apparently ground sluicing in the northern part and deeper workings, with hushing, to the south.", "references": null, "techniqueOpencast": 1.0, "techniqueUnderground": 0.0, "techniqueHydraulic": "TRUE", "techniqueHushing": "TRUE", "techniqueGroundSluicing": "TRUE", "techniqueRuinaMontium": 0.0, "techniqueRakeComb": 0.0, "techniqueGoldWashing": 0.0, "techniqueOther": null, "notes": null, "geology": null, "depositType": null, "exploitationType": null, "Flag_Au_Oro": 1, "Status_Au_Oro": "Confirmado", "Flag_Ag_Plata": 0, "Status_Ag_Plata": "No", "Flag_Cu_Cobre": 0, "Status_Cu_Cobre": "No", "Flag_Pb_Plomo": 0, "Status_Pb_Plomo": "No", "Flag_Hg_Cinabrio": 0, "Status_Hg_Cinabrio": "No", "Flag_Sn_Estano": 0, "Status_Sn_Estano": "No", "Flag_Fe_Hierro": 0, "Status_Fe_Hierro": "No", "Tech_Ruina_Montium": 1, "Tech_Subterranea": 0, "Tech_Cielo_Abierto": 1, "Tech_Lavado_Placer": 0, "Certainty_Spatial": 1.0, "Certainty_Archaeological": 0.4, "Certainty_Metallogenic": 1.0, "Certainty_Score": 0.79, "Certainty_Grade": "Media Certeza (Grado II)" }, "geometry": { "type": "Point", "coordinates": [ -5.89543723, 42.7752842 ] } }
]
}
