mineID,site,ancientName,province,country,region,miningDistrict,romanianRANID,sanchezPalenciaAndOrejasID,domergueID,spainMapSheet,lambertX,lambertY,latitude,longitude,coordinateAccuracy,locationDataSource,locationNotes,notBeforeOpeningDate,notAfterOpeningDate,notBeforeClosingDate,notAfterClosingDate,inUseDate,metalMinedGold,metalMinedSilver,metalMinedLead,metalMinedCopper,metalMinedTin,metalMinedIron,metalMinedMercuryCinnabar,metalMinedZinc,metalMinedOther,description,references,techniqueOpencast,techniqueUnderground,techniqueHydraulic,techniqueHushing,techniqueGroundSluicing,techniqueRuinaMontium,techniqueRakeComb,techniqueGoldWashing,techniqueOther,notes,geology,depositType,exploitationType,Flag_Au_Oro,Status_Au_Oro,Flag_Ag_Plata,Status_Ag_Plata,Flag_Cu_Cobre,Status_Cu_Cobre,Flag_Pb_Plomo,Status_Pb_Plomo,Flag_Hg_Cinabrio,Status_Hg_Cinabrio,Flag_Sn_Estano,Status_Sn_Estano,Flag_Fe_Hierro,Status_Fe_Hierro,Tech_Ruina_Montium,Tech_Subterranea,Tech_Cielo_Abierto,Tech_Lavado_Placer,Certainty_Spatial,Certainty_Archaeological,Certainty_Metallogenic,Certainty_Score,Certainty_Grade
1,Aljustrel,Vipasca,Lusitania,Portugal,Beja,Alentejo,,,POR 2,538.0,197.6,99.6,37.880874,-8.175981,1000.0,Google Earth,,,,,,,?,1.0,0.0,1.0,0.0,1.0,0.0,0.0,0.0,"A copper mining district with also extraction of silver, iron, and perhaps gold. Two bronze tablets were found here detailing the laws and regulations as well as the imperial administration's role in managing the town, granting leases, and overseeing the mining works.",Domergue 1983: 5-193; Domergue 1990: 62,0.0,1.0,FALSE,FALSE,FALSE,0.0,0.0,0.0,0.0,,Pyrite,,,1,Hipotetico,1,Confirmado,1,Confirmado,0,No,0,No,0,No,1,Confirmado,0,1,0,0,0.7,0.9,1.0,0.845,Alta Certeza (Grado I)
2,Atalaia de Alte,,Lusitania,Portugal,Faro,Algarve,,,POR 24,587.0,195.2,30.8,37.24315224,-8.187164537,,,,,,,,,FALSE,0.0,0.0,1.0,0.0,0.0,0.0,0.0,0.0,,Domergue 1990: 62,,,FALSE,FALSE,FALSE,0.0,0.0,0.0,,,,,,0,No,0,No,1,Confirmado,0,No,0,No,0,No,0,No,0,0,0,0,0.5,0.9,1.0,0.765,Media Certeza (Grado II)
3,Avintes,,Lusitania,Portugal,Northern Portugal,Northern Portugal,,NP-01,,,,,41.099158,-8.544675,1000.0,"Placename, Google Earth",,,,,,,TRUE,0.0,0.0,0.0,0.0,0.0,0.0,0.0,0.0,,"Sanchez-Palencia and Orejas 1994, 198",1.0,,TRUE,FALSE,FALSE,0.0,0.0,0.0,0.0,,,Secondary,Selective - Extensive,1,Confirmado,0,No,0,No,0,No,0,No,0,No,0,No,1,0,1,0,0.7,0.9,1.0,0.845,Alta Certeza (Grado I)
4,Belmonte - Colmeal - Maçainhas,,Hispania Tarraconensis,Portugal,Castelo Branco,Trás-os-montes,,,POR 15,214.0,267.3,380.4,40.38963823,-7.340493633,,,,,,,,,FALSE,0.0,0.0,0.0,1.0,0.0,0.0,0.0,0.0,,Domergue 1990: 41,,,FALSE,FALSE,FALSE,0.0,0.0,0.0,,,Hard rock,Primary,,0,No,0,No,0,No,0,No,0,No,1,Confirmado,0,No,0,0,0,0,0.5,0.9,1.0,0.765,Media Certeza (Grado II)
5,Brancanes,,Lusitania,Portugal,Beja,Alentejo,,,POR 3,564.0,210.3,65.7,37.55756281,-8.016500588,,,,,,,,,FALSE,0.0,0.0,1.0,0.0,0.0,0.0,0.0,0.0,,Domergue 1990: 62,0.0,1.0,FALSE,FALSE,FALSE,0.0,0.0,0.0,0.0,,Hard rock,,,0,No,0,No,1,Confirmado,0,No,0,No,0,No,0,No,0,1,0,0,0.5,0.9,1.0,0.765,Media Certeza (Grado II)
6,Buraco dos Mouros de Urros,,Hispania Tarraconensis,Portugal,Northern Portugal,Northern Portugal,,NP-17,,,,,41.07721,-7.040592,50.0,http://www.cm-moncorvo.pt/o-que-visitar/patrimonio/geologico/buraco-dos-mouros-de-urros,,,,,,,TRUE,0.0,0.0,0.0,0.0,0.0,0.0,0.0,0.0,,"Sanchez-Palencia and Orejas 1994, 199",0.0,1.0,FALSE,FALSE,FALSE,0.0,0.0,0.0,0.0,,,Primary,Extensive,1,Confirmado,0,No,0,No,0,No,0,No,0,No,0,No,0,1,0,0,1.0,0.9,1.0,0.9650000000000001,Alta Certeza (Grado I)
7,Cabeço de Mua,,Hispania Tarraconensis,Portugal,Braga,Trás-os-montes,,,POR 13,119.0,298.7,470.0,41.19318578,-6.956601638,,,,,,,,,FALSE,0.0,0.0,0.0,0.0,1.0,0.0,0.0,0.0,,Domergue 1990: 41,,,FALSE,FALSE,FALSE,0.0,0.0,0.0,,,Hard rock,Primary,,0,No,0,No,0,No,0,No,0,No,0,No,1,Confirmado,0,0,0,0,0.5,0.9,1.0,0.765,Media Certeza (Grado II)
8,Carvalhelos,,Hispania Tarraconensis,Portugal,Viano do Castelo,Trás-os-montes,,,POR 41,41.0,232.8,524.2,41.68652096,-7.739182189,,,,,,,,,FALSE,0.0,0.0,0.0,1.0,0.0,0.0,0.0,0.0,,Domergue 1990: 41,,,FALSE,FALSE,FALSE,0.0,0.0,0.0,,,Hard rock,Primary,,0,No,0,No,0,No,0,No,0,No,1,Confirmado,0,No,0,0,0,0,0.5,0.9,1.0,0.765,Media Certeza (Grado II)
9,Cerro da Mina,,Lusitania,Portugal,Faro,Algarve,,,POR 23,574.0,233.4,53.6,37.44799935,-7.755615659,,,,,,,,,FALSE,0.0,0.0,1.0,0.0,0.0,0.0,0.0,0.0,,Domergue 1990: 62,0.0,1.0,FALSE,FALSE,FALSE,0.0,0.0,0.0,0.0,,,,,0,No,0,No,1,Confirmado,0,No,0,No,0,No,0,No,0,1,0,0,0.5,0.9,1.0,0.765,Media Certeza (Grado II)
10,Cisterna dos Cães,,Lusitania,Portugal,Faro,Algarve,,,POR 26,595.0,172.9,25.0,37.19050854,-8.438280827,,,,,,,,,FALSE,0.0,0.0,1.0,0.0,0.0,0.0,0.0,0.0,,Domergue 1990: 62,,,FALSE,FALSE,FALSE,0.0,0.0,0.0,,,,,,0,No,0,No,1,Confirmado,0,No,0,No,0,No,0,No,0,0,0,0,0.5,0.9,1.0,0.765,Media Certeza (Grado II)
11,Corta da Torre,,Hispania Tarraconensis,Portugal,Northern Portugal,Northern Portugal,,NP-19,,,,,41.69245,-8.670924,5000.0,"Guessed from Google Earth and Sanchez-Palencia and Orejas 1994, fig. 12",,,,,,,TRUE,0.0,0.0,0.0,0.0,0.0,0.0,0.0,0.0,,"Sanchez-Palencia and Orejas 1994, 199",,,,FALSE,FALSE,0.0,0.0,0.0,0.0,,,Primary,Extensive,1,Confirmado,0,No,0,No,0,No,0,No,0,No,0,No,0,0,0,0,0.5,0.9,1.0,0.765,Media Certeza (Grado II)
12,Corta do Penedo das Bruxas,,Hispania Tarraconensis,Portugal,Northern Portugal,Northern Portugal,,NP-11,,,,,41.737828,-7.573834,1000.0,"Guessed from Google Earth and Sanchez-Palencia and Orejas 1994, fig. 12",,,,,,,TRUE,0.0,0.0,0.0,0.0,0.0,0.0,0.0,0.0,,"Sanchez-Palencia and Orejas 1994, 198",,,,FALSE,FALSE,0.0,0.0,0.0,0.0,,,Primary,Extensive,1,Confirmado,0,No,0,No,0,No,0,No,0,No,0,No,0,0,0,0,0.7,0.9,1.0,0.845,Alta Certeza (Grado I)
13,Covas de Mouros de Monte da Nó,,Hispania Tarraconensis,Portugal,Northern Portugal,Northern Portugal,,NP-20,,,,,41.708911,-8.59835,2000.0,"Guessed from Google Earth and Sanchez-Palencia and Orejas 1994, fig. 12",,,,,,,TRUE,0.0,0.0,0.0,0.0,0.0,0.0,0.0,0.0,,"Sanchez-Palencia and Orejas 1994, 199",,,,FALSE,FALSE,0.0,0.0,0.0,0.0,,,Primary,Selective,1,Confirmado,0,No,0,No,0,No,0,No,0,No,0,No,0,0,0,0,0.5,0.9,1.0,0.765,Media Certeza (Grado II)
14,Crugeira,,Hispania Baetica,Portugal,Beja,Picos de Aroche,,,POR 10,513.0,271.5,127.4,38.11068367,-7.317816557,,,,,,,,,FALSE,0.0,0.0,1.0,0.0,0.0,0.0,0.0,0.0,,Domergue 1990: 61,,,FALSE,FALSE,FALSE,0.0,0.0,0.0,,,Hard rock,Primary,,0,No,0,No,1,Confirmado,0,No,0,No,0,No,0,No,0,0,0,0,0.5,0.9,1.0,0.765,Media Certeza (Grado II)
15,Ervedosa,,Hispania Tarraconensis,Portugal,Bragança,Trás-os-montes,,,POR 14,49.0,286.3,529.0,41.7257388,-7.095970035,,,,,,,,,FALSE,0.0,0.0,0.0,1.0,0.0,0.0,0.0,0.0,,Domergue 1990: 41,,,FALSE,FALSE,FALSE,0.0,0.0,0.0,,,Hard rock,Primary,,0,No,0,No,0,No,0,No,0,No,1,Confirmado,0,No,0,0,0,0,0.5,0.9,1.0,0.765,Media Certeza (Grado II)
16,Escadia Grande,,Hispania Tarraconensis,Portugal,Coimbra,Beiras,,,POR 20,253.0,201.5,345.5,40.07804448,-8.11552781,,,,,,,,,TRUE,1.0,0.0,0.0,0.0,0.0,0.0,0.0,0.0,,Domergue 1990: 41,,,,,,,,,,,Hard rock,,,1,Confirmado,1,Confirmado,0,No,0,No,0,No,0,No,0,No,0,0,0,0,0.5,0.9,1.0,0.765,Media Certeza (Grado II)
18,Folgadouro,,Hispania Tarraconensis,Portugal,Viano do Castelo,Trás-os-montes,,,POR 39,27.0,148.3,533.5,41.7692345,-8.754909308,,,,,,,,,FALSE,0.0,0.0,0.0,1.0,0.0,0.0,0.0,0.0,,Domergue 1990: 41,,,FALSE,FALSE,FALSE,0.0,0.0,0.0,,,Hard rock,Primary,,0,No,0,No,0,No,0,No,0,No,1,Confirmado,0,No,0,0,0,0,0.5,0.9,1.0,0.765,Media Certeza (Grado II)
19,Forca,,Hispania Tarraconensis,Portugal,Northern Portugal,Northern Portugal,,NP-24,,,,,41.836843,-8.260849,5000.0,"Guessed from Google Earth and Sanchez-Palencia and Orejas 1994, fig. 12",,,,,,,TRUE,0.0,0.0,0.0,0.0,0.0,0.0,0.0,0.0,,"Sanchez-Palencia and Orejas 1994, 199",,,,FALSE,FALSE,0.0,0.0,0.0,0.0,,,Primary,Extensive,1,Confirmado,0,No,0,No,0,No,0,No,0,No,0,No,0,0,0,0,0.5,0.9,1.0,0.765,Media Certeza (Grado II)
20,França,,Hispania Tarraconensis,Portugal,Northern Portugal,Northern Portugal,,NP-18,,,,,41.9014042,-6.7373962,1000.0,https://wiki.city/en/portugal_braganca_braganca_franca,,,,,,,TRUE,0.0,0.0,0.0,0.0,0.0,0.0,0.0,0.0,,"Sanchez-Palencia and Orejas 1994, 199",,,,FALSE,FALSE,0.0,0.0,0.0,0.0,,,Primary,Selective,1,Confirmado,0,No,0,No,0,No,0,No,0,No,0,No,0,0,0,0,0.7,0.9,1.0,0.845,Alta Certeza (Grado I)
21,Furados de Pombeiro,,Hispania Tarraconensis,Portugal,Coimbra,Beiras,,,POR 19,232.0,201.9,363.7,40.24195054,-8.110787612,,,,,,,,,TRUE,0.0,0.0,0.0,0.0,0.0,0.0,0.0,0.0,,Domergue 1990: 41,,,,,,,,,,,River placer deposits,,,1,Confirmado,0,No,0,No,0,No,0,No,0,No,0,No,0,0,0,0,0.5,0.9,1.0,0.765,Media Certeza (Grado II)
22,Grovelas,,Hispania Tarraconensis,Portugal,Northern Portugal,Northern Portugal,,NP-22,,,,,41.751727,-8.437788,1000.0,Google Earth,,,,,,,TRUE,0.0,0.0,0.0,0.0,0.0,0.0,0.0,0.0,,"Sanchez-Palencia and Orejas 1994, 199",,,,FALSE,FALSE,0.0,0.0,0.0,0.0,,,Primary,Selective,1,Confirmado,0,No,0,No,0,No,0,No,0,No,0,No,0,0,0,0,0.7,0.9,1.0,0.845,Alta Certeza (Grado I)
23,Herdade da Tinoca,,Lusitania,Portugal,Portalegre,Alentejo,,,POR 29,386.0,285.7,235.0,39.07860132,-7.142712111,,,,,,,,,FALSE,0.0,0.0,1.0,0.0,0.0,0.0,0.0,0.0,,Domergue 1990: 62,,,FALSE,FALSE,FALSE,0.0,0.0,0.0,,,Hard rock,,,0,No,0,No,1,Confirmado,0,No,0,No,0,No,0,No,0,0,0,0,0.5,0.9,1.0,0.765,Media Certeza (Grado II)
24,Herdade do Montinho,,Lusitania,Portugal,Beja,Alentejo,,,POR 11,538.0,197.6,99.6,37.86304358,-8.160350225,,,,,,,,,FALSE,0.0,0.0,1.0,0.0,0.0,0.0,0.0,0.0,,Domergue 1990: 62,,,FALSE,FALSE,FALSE,0.0,0.0,0.0,,,Pyrite,,,0,No,0,No,1,Confirmado,0,No,0,No,0,No,0,No,0,0,0,0,0.5,0.9,1.0,0.765,Media Certeza (Grado II)
25,Jales,,Hispania Tarraconensis,Portugal,Vila Real,Trás-os-montes,,NP-08,POR 44,88.0,245.6,499.7,41.46531351,-7.587303241,,,,,,,,,TRUE,1.0,0.0,0.0,0.0,0.0,0.0,0.0,0.0,,"Domergue 1990: 41; Sanchez-Palencia and Orejas 1994, 198",0.0,1.0,FALSE,FALSE,FALSE,0.0,0.0,0.0,0.0,,Hard rock,Primary,Selective - Extensive,1,Confirmado,1,Confirmado,0,No,0,No,0,No,0,No,0,No,0,1,0,0,0.5,1.0,1.0,0.8,Alta Certeza (Grado I)
26,Juliana,,Lusitania,Portugal,Beja,Alentejo,,,POR 6,530.0,207.7,104.5,37.90716138,-8.045521077,,,,,,,,,FALSE,0.0,0.0,1.0,0.0,0.0,0.0,0.0,0.0,,Domergue 1990: 62,0.0,1.0,FALSE,FALSE,FALSE,0.0,0.0,0.0,0.0,,Hard rock,,,0,No,0,No,1,Confirmado,0,No,0,No,0,No,0,No,0,1,0,0,0.5,0.9,1.0,0.765,Media Certeza (Grado II)
27,Lagares,,Hispania Tarraconensis,Portugal,Northern Portugal,Northern Portugal,,NP-13,,,,,41.807087,-7.455047,1000.0,"Guessed from Google Earth and Sanchez-Palencia and Orejas 1994, fig. 12",,,,,,,TRUE,0.0,0.0,0.0,0.0,0.0,0.0,0.0,0.0,,"Sanchez-Palencia and Orejas 1994, 198",,,,FALSE,FALSE,0.0,0.0,0.0,0.0,,,Primary,Selective,1,Confirmado,0,No,0,No,0,No,0,No,0,No,0,No,0,0,0,0,0.7,0.9,1.0,0.845,Alta Certeza (Grado I)
28,Macedinho,,Hispania Tarraconensis,Portugal,Northern Portugal,Northern Portugal,,NP-15,,,,,41.405245,-7.104955,2000.0,Google Earth,,,,,,,TRUE,0.0,0.0,0.0,0.0,0.0,0.0,0.0,0.0,,"Sanchez-Palencia and Orejas 1994, 199",,,,FALSE,FALSE,0.0,0.0,0.0,0.0,,,Primary,Extensive,1,Confirmado,0,No,0,No,0,No,0,No,0,No,0,No,0,0,0,0,0.5,0.9,1.0,0.765,Media Certeza (Grado II)
29,Malhada,,Hispania Tarraconensis,Portugal,Aveiro,Beiras,,,POR 1,175.0,177.4,419.2,40.74143642,-8.400695101,,,,,,,,,FALSE,1.0,1.0,0.0,0.0,0.0,0.0,0.0,0.0,,Domergue 1990: 42,0.0,1.0,FALSE,FALSE,FALSE,0.0,0.0,0.0,0.0,,Hard rock,,,0,No,1,Confirmado,0,No,1,Confirmado,0,No,0,No,0,No,0,1,0,0,0.5,0.9,1.0,0.765,Media Certeza (Grado II)
30,Meimoa,,Hispania Tarraconensis,Portugal,Castelo Branco,Beiras,,,POR 18,248.0,286.0,359.5,40.19973244,-7.123086066,,,,,,,,,TRUE,0.0,0.0,0.0,0.0,0.0,0.0,0.0,0.0,,Domergue 1990: 41,0.0,0.0,TRUE,TRUE,TRUE,0.0,1.0,0.0,0.0,,Tertiary alluvium,,,1,Confirmado,0,No,0,No,0,No,0,No,0,No,0,No,1,0,1,0,0.5,0.9,1.0,0.765,Media Certeza (Grado II)
32,Milreu,,Hispania Tarraconensis,Portugal,Santarem,Beiras,,,POR 35,311.0,199.2,294.5,39.61872097,-8.142422005,,,,,,,,,TRUE,0.0,0.0,0.0,0.0,0.0,0.0,0.0,0.0,,Domergue 1990: 41,,,,,,,,,,,Tertiary alluvium,,,1,Confirmado,0,No,0,No,0,No,0,No,0,No,0,No,0,0,0,0,0.5,0.9,1.0,0.765,Media Certeza (Grado II)
33,Mina da Cabranca,,Lusitania,Portugal,Northern Portugal,Northern Portugal,,NP-07,,,,,41.012513,-8.361867,200.0,Carvalho and da Veiga Ferreira 1954,,,,,,,TRUE,0.0,0.0,0.0,0.0,0.0,0.0,0.0,0.0,,"Carvalho and da Veiga Ferreira 1954; Sanchez-Palencia and Orejas 1994, 198",,,,FALSE,FALSE,0.0,0.0,0.0,0.0,,,Primary,Selective,1,Confirmado,0,No,0,No,0,No,0,No,0,No,0,No,0,0,0,0,0.85,0.9,1.0,0.905,Alta Certeza (Grado I)
34,Mina do Bugalho,,Hispania Baetica,Portugal,Évora,Picos de Aroche,,,POR 21,441.0,270.9,191.1,38.68452182,-7.318251199,,,,,,,,,FALSE,0.0,0.0,1.0,0.0,0.0,0.0,0.0,0.0,,Domergue 1990: 61,,,FALSE,FALSE,FALSE,0.0,0.0,0.0,,,Hard rock,Primary,,0,No,0,No,1,Confirmado,0,No,0,No,0,No,0,No,0,0,0,0,0.5,0.9,1.0,0.765,Media Certeza (Grado II)
35,Mina do Portal,,Lusitania,Portugal,Northern Portugal,Northern Portugal,,NP-06,,,,,41.039901,-8.404394,300.0,Carvalho and da Veiga Ferreira 1954,,,,,,,TRUE,0.0,0.0,0.0,0.0,0.0,0.0,0.0,0.0,,"Carvalho and da Veiga Ferreira 1954; Sanchez-Palencia and Orejas 1994, 198",,,,FALSE,FALSE,0.0,0.0,0.0,0.0,,,Primary,Selective,1,Confirmado,0,No,0,No,0,No,0,No,0,No,0,No,0,0,0,0,0.85,0.9,1.0,0.905,Alta Certeza (Grado I)
36,Minancos,,Hispania Baetica,Portugal,Beja,Picos de Aroche,,,POR 5,503.0,286.9,133.5,38.16428271,-7.141500915,,,,,,,,,FALSE,0.0,0.0,1.0,0.0,0.0,0.0,0.0,0.0,,Domergue 1990: 61,,,FALSE,FALSE,FALSE,0.0,0.0,0.0,,,Hard rock,Primary,,0,No,0,No,1,Confirmado,0,No,0,No,0,No,0,No,0,0,0,0,0.5,0.9,1.0,0.765,Media Certeza (Grado II)
37,Monfortinho 1,,Hispania Tarraconensis,Portugal,Castelo Branco,Beiras,,,POR 17.1,271.0,307.5,339.0,40.01267954,-6.874035303,,,"Location is actually slightly to the N of this point, at confluence of rio Erges and ribeiro do Segundo Areijo",,,,,,TRUE,0.0,0.0,0.0,0.0,0.0,0.0,0.0,0.0,,Domergue 1990: 41,0.0,0.0,TRUE,FALSE,FALSE,0.0,1.0,0.0,0.0,,Quaternary terrace,,,1,Confirmado,0,No,0,No,0,No,0,No,0,No,0,No,1,0,1,0,0.5,0.9,1.0,0.765,Media Certeza (Grado II)
38,Monfortinho 2,,Hispania Tarraconensis,Portugal,Castelo Branco,Beiras,,,POR 17.2,271.0,307.5,339.0,40.01267954,-6.874035303,,,,,,,,,TRUE,0.0,0.0,0.0,0.0,0.0,0.0,0.0,0.0,,Domergue 1990: 41,0.0,0.0,TRUE,FALSE,FALSE,0.0,1.0,0.0,0.0,,Quaternary terrace,,,1,Confirmado,0,No,0,No,0,No,0,No,0,No,0,No,1,0,1,0,0.5,0.9,1.0,0.765,Media Certeza (Grado II)
39,Monfortinho 3 (Fonte Santa),,Hispania Tarraconensis,Portugal,Castelo Branco,Beiras,,,POR 17.3,271.0,307.2,337.2,39.99651051,-6.877844815,,,,,,,,,TRUE,0.0,0.0,0.0,0.0,0.0,0.0,0.0,0.0,,Domergue 1990: 41,0.0,0.0,TRUE,FALSE,FALSE,0.0,1.0,0.0,0.0,,Quaternary terrace,,,1,Confirmado,0,No,0,No,0,No,0,No,0,No,0,No,1,0,1,0,0.5,0.9,1.0,0.765,Media Certeza (Grado II)
40,Monte Judeu,,Hispania Baetica,Portugal,Beja,Picos de Aroche,,,POR 9,524.0,268.5,119.9,38.04335366,-7.352737619,,,,,,,,,FALSE,0.0,0.0,1.0,0.0,0.0,0.0,0.0,0.0,,Domergue 1990: 61,,,FALSE,FALSE,FALSE,0.0,0.0,0.0,,,Hard rock,Primary,,0,No,0,No,1,Confirmado,0,No,0,No,0,No,0,No,0,0,0,0,0.5,0.9,1.0,0.765,Media Certeza (Grado II)
133,Nogueirinha,,Lusitania,Portugal,Évora,Alentejo,,,POR 22,459.0,200.4,174.0,38.53331052,-8.128499598,,,,,,,,,FALSE,0.0,0.0,0.0,0.0,1.0,0.0,0.0,0.0,,Domergue 1990: 62,,,FALSE,FALSE,FALSE,0.0,0.0,0.0,,,,,,0,No,0,No,0,No,0,No,0,No,0,No,1,Confirmado,0,0,0,0,0.5,0.9,1.0,0.765,Media Certeza (Grado II)
134,Outeiro Machado,,Hispania Tarraconensis,Portugal,Northern Portugal,Northern Portugal,,NP-12,,,,,41.750612,-7.515958,500.0,Location is for the rock art site of Outeiro Machado; mines are said to be nearby,,,,,,,TRUE,0.0,0.0,0.0,0.0,0.0,0.0,0.0,0.0,,"Sanchez-Palencia and Orejas 1994, 198",1.0,,,FALSE,FALSE,0.0,0.0,0.0,0.0,,,Primary,Extensive,1,Confirmado,0,No,0,No,0,No,0,No,0,No,0,No,0,0,1,0,0.85,0.9,1.0,0.905,Alta Certeza (Grado I)
135,Paulinos,,Hispania Tarraconensis,Portugal,Braga,Trás-os-montes,,,POR 12,70.0,169.9,508.9,41.5488674,-8.493903507,,,,,,,,,FALSE,0.0,0.0,0.0,1.0,0.0,0.0,0.0,0.0,,Domergue 1990: 41,,,FALSE,FALSE,FALSE,0.0,0.0,0.0,,,Hard rock,Primary,,0,No,0,No,0,No,0,No,0,No,1,Confirmado,0,No,0,0,0,0,0.5,0.9,1.0,0.765,Media Certeza (Grado II)
136,Picalto,,Lusitania,Portugal,Faro,Algarve,,,POR 25,587.0,190.5,33.0,37.26293846,-8.240163649,,,,,,,,,FALSE,0.0,0.0,1.0,0.0,0.0,0.0,0.0,0.0,,Domergue 1990: 62,,,FALSE,FALSE,FALSE,0.0,0.0,0.0,,,,,,0,No,0,No,1,Confirmado,0,No,0,No,0,No,0,No,0,0,0,0,0.5,0.9,1.0,0.765,Media Certeza (Grado II)
137,Pirâmide de Santa Justa,,Hispania Tarraconensis,Portugal,Northern Portugal,Northern Portugal,,NP-03,,,,,41.171439,-8.494012,1000.0,"Guessed from Google Earth and Sanchez-Palencia and Orejas 1994, fig. 12",,,,,,,TRUE,0.0,0.0,0.0,0.0,0.0,0.0,0.0,0.0,,"Sanchez-Palencia and Orejas 1994, 198",,,,FALSE,FALSE,0.0,0.0,0.0,0.0,,,Primary,Selective - Extensive,1,Confirmado,0,No,0,No,0,No,0,No,0,No,0,No,0,0,0,0,0.7,0.9,1.0,0.845,Alta Certeza (Grado I)
138,Poço das Freitas,,Hispania Tarraconensis,Portugal,Vila Real,Trás-os-montes,,NP-10,POR 42,46.0,244.5,529.9,41.73727222,-7.598234313,,,,,,,,,TRUE,0.0,0.0,0.0,0.0,0.0,0.0,0.0,0.0,,"Domergue 1990: 41; Sanchez-Palencia and Orejas 1994, 198",1.0,1.0,FALSE,FALSE,FALSE,0.0,0.0,0.0,0.0,,Gold-bearing quartz arsenopyrite veins in granite.,Primary,Extensive,1,Confirmado,0,No,0,No,0,No,0,No,0,No,0,No,0,1,1,0,0.5,1.0,1.0,0.8,Alta Certeza (Grado I)
139,Batocas (Poço das Freitas),,Hispania Tarraconensis,Portugal,Vila Real,Trás-os-montes,,,POR 42,33.0,244.3,531.9,41.75528934,-7.600489841,,,,,,,,,TRUE,0.0,0.0,0.0,0.0,0.0,0.0,0.0,0.0,,Domergue 1990: 41; Lima et al. 2014,0.0,1.0,FALSE,FALSE,FALSE,0.0,0.0,0.0,0.0,,Hard rock,Primary,,1,Confirmado,0,No,0,No,0,No,0,No,0,No,0,No,0,1,0,0,0.5,0.9,1.0,0.765,Media Certeza (Grado II)
140,Quarta Feira,,Hispania Tarraconensis,Portugal,Guarda,Beiras,,,POR 28,226.0,279.0,377.2,40.35979926,-7.203108594,,,,,,,,,FALSE,0.0,0.0,1.0,0.0,0.0,0.0,0.0,0.0,,Domergue 1990: 42,,,FALSE,FALSE,FALSE,0.0,0.0,0.0,,,Hard rock,,,0,No,0,No,1,Confirmado,0,No,0,No,0,No,0,No,0,0,0,0,0.5,0.9,1.0,0.765,Media Certeza (Grado II)
141,Recarei,,Hispania Tarraconensis,Portugal,Northern Portugal,Northern Portugal,,NP-04,,,,,41.157252,-8.434914,1000.0,"Placename, Google Earth",,,,,,,TRUE,0.0,0.0,0.0,0.0,0.0,0.0,0.0,0.0,,"Sanchez-Palencia and Orejas 1994, 198",,,,FALSE,FALSE,0.0,0.0,0.0,0.0,,,Primary,Extensive,1,Confirmado,0,No,0,No,0,No,0,No,0,No,0,No,0,0,0,0,0.7,0.9,1.0,0.845,Alta Certeza (Grado I)
142,Río Miño 3: Rio Mouro,,Hispania Tarraconensis,Portugal,Viano do Castelo,Cuenca media del Miño,,,POR 37,3.0,177.5,567.5,42.07670386,-8.405047143,,,,,,,,,TRUE,0.0,0.0,0.0,0.0,0.0,0.0,0.0,0.0,,Domergue 1990: 41,,,,,,,,,,,Quaternary terrace,,,1,Confirmado,0,No,0,No,0,No,0,No,0,No,0,No,0,0,0,0,0.5,0.9,1.0,0.765,Media Certeza (Grado II)
143,Río Miño 4: Monção,,Hispania Tarraconensis,Portugal,Viano do Castelo,Cuenca media del Miño,,,POR 38,2.0,167.7,567.3,42.07456039,-8.523459902,,,,,,,,,TRUE,0.0,0.0,0.0,0.0,0.0,0.0,0.0,0.0,,Domergue 1990: 41,,,,,,,,,,,Quaternary terrace,,,1,Confirmado,0,No,0,No,0,No,0,No,0,No,0,No,0,0,0,0,0.5,0.9,1.0,0.765,Media Certeza (Grado II)
144,Río Ponsul,,Hispania Tarraconensis,Portugal,Castelo Branco,Beiras,,,POR 16,293.0,265.0,316.0,39.80988767,-7.374041294,,,,,,,,,TRUE,0.0,0.0,0.0,0.0,0.0,0.0,0.0,0.0,,Domergue 1990: 41,0.0,0.0,TRUE,FALSE,FALSE,0.0,1.0,0.0,0.0,,Quaternary terrace,,,1,Confirmado,0,No,0,No,0,No,0,No,0,No,0,No,1,0,1,0,0.5,0.9,1.0,0.765,Media Certeza (Grado II)
145,Ruy Gomes,,Hispania Baetica,Portugal,Beja,Picos de Aroche,,,POR 8,513.0,266.4,127.8,38.11467547,-7.375926245,,,,,,,,,FALSE,0.0,0.0,1.0,0.0,0.0,0.0,0.0,0.0,,Domergue 1990: 61,,,FALSE,FALSE,FALSE,0.0,0.0,0.0,,,Hard rock,Primary,,0,No,0,No,1,Confirmado,0,No,0,No,0,No,0,No,0,0,0,0,0.5,0.9,1.0,0.765,Media Certeza (Grado II)
146,San Domingos,,Hispania Baetica,Portugal,Beja,Huelva,,,POR 7,559.0,256.7,78.2,37.66849754,-7.49041657,,,,,,,,,FALSE,1.0,0.0,1.0,0.0,0.0,0.0,0.0,0.0,,Domergue 1990: 62,0.0,1.0,FALSE,FALSE,FALSE,0.0,0.0,0.0,0.0,,Pyrite,,,0,No,1,Confirmado,1,Confirmado,0,No,0,No,0,No,0,No,0,1,0,0,0.5,0.9,1.0,0.765,Media Certeza (Grado II)
148,Santo Estevão,,Lusitania,Portugal,Faro,Algarve,,,POR 27,595.0,178.8,28.2,37.2194949,-8.371923707,,,,,,,,,FALSE,0.0,0.0,1.0,0.0,0.0,0.0,0.0,0.0,,Domergue 1990: 62,,,FALSE,FALSE,FALSE,0.0,0.0,0.0,,,,,,0,No,0,No,1,Confirmado,0,No,0,No,0,No,0,No,0,0,0,0,0.5,0.9,1.0,0.765,Media Certeza (Grado II)
149,Seixo,,Hispania Tarraconensis,Portugal,Northern Portugal,Northern Portugal,,NP-14,,,,,41.19008,-7.26548,2000.0,Google Earth,,,,,,,TRUE,0.0,0.0,0.0,0.0,0.0,0.0,0.0,0.0,,"Sanchez-Palencia and Orejas 1994, 198",,,,FALSE,FALSE,0.0,0.0,0.0,0.0,,,Primary,Extensive,1,Confirmado,0,No,0,No,0,No,0,No,0,No,0,No,0,0,0,0,0.5,0.9,1.0,0.765,Media Certeza (Grado II)
150,Serra de Arga,,Hispania Tarraconensis,Portugal,Northern Portugal,Northern Portugal,,NP-21,,,,,41.806046,-8.713685,3000.0,Google Earth,,,,,,,TRUE,0.0,0.0,0.0,0.0,0.0,0.0,0.0,0.0,,"Sanchez-Palencia and Orejas 1994, 199",,,,FALSE,FALSE,0.0,0.0,0.0,0.0,,,Primary,Selective - Extensive,1,Confirmado,0,No,0,No,0,No,0,No,0,No,0,No,0,0,0,0,0.5,0.9,1.0,0.765,Media Certeza (Grado II)
151,Serra de Banjas / Mias das Banjas,,Hispania Tarraconensis,Portugal,Porto,Trás-os-montes,,NP-05,POR 30,134.0,178.6,458.2,41.09264776,-8.387838816,200.0,"Converted in QGIS from Lambert coords, Madrid 1870",,,,,,,TRUE,0.0,0.0,0.0,0.0,0.0,0.0,0.0,0.0,,"Domergue 1990: 41; Sanchez-Palencia and Orejas 1994, 198",0.0,1.0,FALSE,FALSE,FALSE,0.0,0.0,0.0,0.0,,Hard rock,Primary,Selective - Extensive,1,Confirmado,0,No,0,No,0,No,0,No,0,No,0,No,0,1,0,0,0.85,1.0,1.0,0.94,Alta Certeza (Grado I)
152,Serra de Caveira,,Lusitania,Portugal,Setubal,Alentejo,,,POR 36,506.0,167.2,127.9,38.11740938,-8.50711216,,,,,,,,,FALSE,0.0,0.0,1.0,0.0,0.0,0.0,0.0,0.0,,Domergue 1990: 62,0.0,1.0,FALSE,FALSE,FALSE,0.0,0.0,0.0,0.0,,Pyrite,,,0,No,0,No,1,Confirmado,0,No,0,No,0,No,0,No,0,1,0,0,0.5,0.9,1.0,0.765,Media Certeza (Grado II)
153,Serra de Queiriga,,Hispania Tarraconensis,Portugal,Guarda,Beiras,,,POR 46,167.0,233.0,424.0,40.78431492,-7.742175823,,,,,,,,,FALSE,0.0,0.0,0.0,1.0,0.0,0.0,0.0,0.0,,Domergue 1990: 42,,,FALSE,FALSE,FALSE,0.0,0.0,0.0,,,Hard rock,,,0,No,0,No,0,No,0,No,0,No,1,Confirmado,0,No,0,0,0,0,0.5,0.9,1.0,0.765,Media Certeza (Grado II)
154,Serra de Santa Justa / Fojo das Pombas,,Hispania Tarraconensis,Portugal,Porto,Trás-os-montes,,NP-02,POR 31,123.0,169.4,468.2,41.18239405,-8.497837306,100.0,"Converted in QGIS from Lambert coords, Madrid 1870",,,,,,,TRUE,0.0,0.0,0.0,0.0,0.0,0.0,0.0,0.0,"Open trenches and underground galleries, with stepped descent. Some shafts up to 70 m deep. Large exploitation chamber.","Domergue 1990: 41; Sanchez-Palencia and Orejas 1994, 198; http://arqueologia.patrimoniocultural.pt/index.php?sid=sitios.resultados&subsid=47630 ; https://aesda.org/tag/valongo/",0.0,1.0,FALSE,FALSE,FALSE,0.0,0.0,0.0,0.0,,Hard rock,Primary,Selective - Extensive,1,Confirmado,0,No,0,No,0,No,0,No,0,No,0,No,0,1,0,0,1.0,1.0,1.0,1.0,Alta Certeza (Grado I)
155,Tagus 1: Mouriscas,,Hispania Tarraconensis,Portugal,Santarem,Beiras,,,POR 33,332.0,203.0,277.5,39.46560039,-8.098241904,,,,,,,,,TRUE,0.0,0.0,0.0,0.0,0.0,0.0,0.0,0.0,,Domergue 1990: 41,0.0,0.0,TRUE,FALSE,FALSE,0.0,1.0,0.0,0.0,,Quaternary terrace,,,1,Confirmado,0,No,0,No,0,No,0,No,0,No,0,No,1,0,1,0,0.5,0.9,1.0,0.765,Media Certeza (Grado II)
156,Tagus 2: Abrantes,,Hispania Tarraconensis,Portugal,Santarem,Beiras,,,POR 32,331.0,195.0,278.5,39.47459709,-8.191211683,,,,,,,,,TRUE,0.0,0.0,0.0,0.0,0.0,0.0,0.0,0.0,,Domergue 1990: 41,0.0,0.0,TRUE,FALSE,FALSE,0.0,1.0,0.0,0.0,,Quaternary terrace,,,1,Confirmado,0,No,0,No,0,No,0,No,0,No,0,No,1,0,1,0,0.5,0.9,1.0,0.765,Media Certeza (Grado II)
157,Tagus 3: Confluence Zêzere-Tagus,,Hispania Tarraconensis,Portugal,Santarem,Beiras,,,POR 34,331.0,185.0,279.0,39.4789832,-8.307440301,,,,,,,,,TRUE,0.0,0.0,0.0,0.0,0.0,0.0,0.0,0.0,,Domergue 1990: 41,0.0,0.0,TRUE,FALSE,FALSE,0.0,1.0,0.0,0.0,,Quaternary terrace,,,1,Confirmado,0,No,0,No,0,No,0,No,0,No,0,No,1,0,1,0,0.5,0.9,1.0,0.765,Media Certeza (Grado II)
158,Tinas,,Hispania Tarraconensis,Portugal,Northern Portugal,Northern Portugal,,NP-23,,,,,41.795201,-8.337281,5000.0,"Guessed from Google Earth and Sanchez-Palencia and Orejas 1994, fig. 12",,,,,,,TRUE,0.0,0.0,0.0,0.0,0.0,0.0,0.0,0.0,,"Sanchez-Palencia and Orejas 1994, 199",,,,FALSE,FALSE,0.0,0.0,0.0,0.0,,,Primary,Extensive,1,Confirmado,0,No,0,No,0,No,0,No,0,No,0,No,0,0,0,0,0.5,0.9,1.0,0.765,Media Certeza (Grado II)
159,Três Minas - Corta de Covas,,Hispania Tarraconensis,Portugal,Vila Real,Trás-os-montes,,NP-09,POR 45,75.0,251.3,502.9,41.496453,-7.525246,0.0,Google Earth,,-20.0,50.0,120.0,230.0,,TRUE,0.0,0.0,0.0,0.0,0.0,0.0,0.0,0.0,"Work started shortly after conquest in the 1st century BC then lasted until the 3rd century AD. Corta de Covas opencast, 430 m in length, 2.3 million m³ removed. Traces of firesetting at the base. Underground galleries for ore extraction, and prospection. Peak extraction dates to first half of second century AD. Anvil stones from Roman water-powered ore-crushing machines have been found.","Domergue 1990: 41; Wahl 1993: 123-157; Sanchez-Palencia and Orejas 1994, 198",1.0,1.0,FALSE,FALSE,FALSE,0.0,0.0,0.0,0.0,Ore-crushing anvils from machines,Hard rock,Primary,Extensive,1,Confirmado,0,No,0,No,0,No,0,No,0,No,0,No,0,1,1,0,1.0,1.0,1.0,1.0,Alta Certeza (Grado I)
160,Trincheiras,,Hispania Tarraconensis,Portugal,Vila Real,Trás-os-montes,,,POR 43,34.0,257.7,335.2,39.98332173,-7.457592038,,,,,,,,,TRUE,0.0,0.0,0.0,0.0,0.0,0.0,0.0,0.0,,Domergue 1990: 41,0.0,1.0,FALSE,FALSE,FALSE,0.0,0.0,0.0,0.0,,Hard rock,Primary,,1,Confirmado,0,No,0,No,0,No,0,No,0,No,0,No,0,1,0,0,0.5,0.9,1.0,0.765,Media Certeza (Grado II)
161,Vila Mou,,Hispania Tarraconensis,Portugal,Viano do Castelo,Trás-os-montes,,,POR 40,41.0,153.0,529.5,41.73351537,-8.698071507,,,,,,,,,FALSE,0.0,0.0,0.0,1.0,0.0,0.0,0.0,0.0,,Domergue 1990: 41,,,FALSE,FALSE,FALSE,0.0,0.0,0.0,,,Hard rock,Primary,,0,No,0,No,0,No,0,No,0,No,1,Confirmado,0,No,0,0,0,0,0.5,0.9,1.0,0.765,Media Certeza (Grado II)
162,Zambujal,,Lusitania,Portugal,Beja,Alentejo,,,POR 4,488.0,209.8,143.9,38.26209908,-8.021107841,,,,,,,,,FALSE,0.0,0.0,0.0,0.0,1.0,0.0,0.0,0.0,,Domergue 1990: 62,,,FALSE,FALSE,FALSE,0.0,0.0,0.0,,,,,,0,No,0,No,0,No,0,No,0,No,0,No,1,Confirmado,0,0,0,0,0.5,0.9,1.0,0.765,Media Certeza (Grado II)
391,Arroyo del Salgueral,,Hispania Tarraconensis,Spain,León,Cuenca Alta del Tuerto,,AT-13,LE 58,160.0,,,42.587941,-6.10518,50.0,"Google Earth and Domergue 1988 vol. II, 343",,,,,,,TRUE,0.0,0.0,0.0,0.0,0.0,0.0,0.0,0.0,,"Domergue 1988, 343; Sanchez-Palencia and Orejas 1994, 190",1.0,0.0,TRUE,FALSE,FALSE,0.0,1.0,0.0,0.0,,Colluvial deposits,Secondary - Primary,Extensive,1,Confirmado,0,No,0,No,0,No,0,No,0,No,0,No,1,0,1,0,1.0,1.0,1.0,1.0,Alta Certeza (Grado I)
429,Barranco de Santa Filomena,,Hispania Tarraconensis,Spain,Cuenca,,,,CU 1,665.0,801.0,581.5,39.80928761,-1.33769529,100.0,"Converted in QGIS from Lambert coords, Madrid 1870",,,,,,,FALSE,0.0,0.0,1.0,0.0,0.0,0.0,0.0,0.0,,Domergue 1990: 64,,,FALSE,FALSE,FALSE,0.0,0.0,0.0,,,,,,0,No,0,No,1,Confirmado,0,No,0,No,0,No,0,No,0,0,0,0,1.0,0.9,1.0,0.9650000000000001,Alta Certeza (Grado I)
430,Barranco Hondillo,,Hispania Baetica,Spain,Jaén,,,,J 27,863.0,643.2,420.5,38.38035345,-3.19315217,100.0,"Converted in QGIS from Lambert coords, Madrid 1870",,,,,,,FALSE,1.0,1.0,0.0,0.0,0.0,0.0,0.0,0.0,,Domergue 1990: 49,,,FALSE,FALSE,FALSE,0.0,0.0,0.0,,,Hard rock,Primary,,0,No,1,Confirmado,0,No,1,Confirmado,0,No,0,No,0,No,0,0,0,0,1.0,0.9,1.0,0.9650000000000001,Alta Certeza (Grado I)
431,Barreiro,,Hispania Tarraconensis,Spain,Lugo,Cuenca media del Sil,,MS-045,,,,,42.455589,-7.327043,500.0,"Estimated from Google Earth, IGN map, and Sanchez-Palencia and Orejas 1994, fig. 16","Is this Monte Barreiro, = Domergue LU 13.2.1?",,,,,,TRUE,0.0,0.0,0.0,0.0,0.0,0.0,0.0,0.0,,"Sanchez-Palencia and Orejas 1994, 195",1.0,0.0,TRUE,,,,,,,,,Secondary,Extensive,1,Confirmado,0,No,0,No,0,No,0,No,0,No,0,No,1,0,1,0,0.85,0.9,1.0,0.905,Alta Certeza (Grado I)
432,Barrio Nuevo,,Hispania Baetica,Spain,Badajoz,La Serena,,,BA 41,805.0,438.5,465.3,38.770177,-5.54812106,100.0,"Converted in QGIS from Lambert coords, Madrid 1870",,,,,,,FALSE,1.0,1.0,0.0,0.0,0.0,0.0,0.0,0.0,,Domergue 1990: 45,,,FALSE,FALSE,FALSE,0.0,0.0,0.0,,,Hard rock,Primary,,0,No,1,Confirmado,0,No,1,Confirmado,0,No,0,No,0,No,0,0,0,0,1.0,0.9,1.0,0.9650000000000001,Alta Certeza (Grado I)
433,Begega - El Valle,,Hispania Tarraconensis,Spain,Oviedo,Cuenca del Narcea,,NA-42,,,,,43.28577,-6.299792,500.0,"Estimated from Sanchez-Palencia and Orejas 1994, fig. 13, and Google Earth",,,,,,,TRUE,0.0,0.0,0.0,0.0,0.0,0.0,0.0,0.0,,"Sanchez-Palencia and Orejas 1994, 198",,,,,,,,,,Apparently destroyed by modern mine.,,Primary,Extensive,1,Confirmado,0,No,0,No,0,No,0,No,0,No,0,No,0,0,0,0,0.85,0.9,1.0,0.905,Alta Certeza (Grado I)
434,Benllera,,Hispania Tarraconensis,Spain,León,Cuenca Alta del Orbigo,,AO-30,,,,,42.769431,-5.739137,500.0,Guessed: probable opencast on Google Earth,,,,,,,TRUE,0.0,0.0,0.0,0.0,0.0,0.0,0.0,0.0,,"Sanchez-Palencia and Orejas 1994, 189",1.0,0.0,TRUE,,,,,,,,,Secondary,Extensive,1,Confirmado,0,No,0,No,0,No,0,No,0,No,0,No,1,0,1,0,0.85,0.9,1.0,0.905,Alta Certeza (Grado I)
435,Berrocoso,,Hispania Baetica,Spain,Córdoba,Los Pedroches,,,CO 15,858.0,494.7,422.0,38.38853471,-4.89415277,100.0,"Converted in QGIS from Lambert coords, Madrid 1870",,,,,,,FALSE,0.0,0.0,1.0,0.0,0.0,0.0,0.0,0.0,,Domergue 1990: 47,0.0,1.0,FALSE,FALSE,FALSE,0.0,0.0,0.0,0.0,,Hard rock,Primary,,0,No,0,No,1,Confirmado,0,No,0,No,0,No,0,No,0,1,0,0,1.0,0.9,1.0,0.9650000000000001,Alta Certeza (Grado I)
436,Besullo,,Hispania Tarraconensis,Spain,Oviedo,Cuenca del Narcea,,NA-23,,,,,43.187648,-6.62437,1000.0,"Estimated from Sanchez-Palencia and Orejas 1994, fig. 13 and Google Earth",,,,,,,TRUE,0.0,0.0,0.0,0.0,0.0,0.0,0.0,0.0,,"Sanchez-Palencia and Orejas 1994, 197",1.0,0.0,TRUE,,,,,,,,,Secondary,Selective,1,Confirmado,0,No,0,No,0,No,0,No,0,No,0,No,1,0,1,0,0.7,0.9,1.0,0.845,Alta Certeza (Grado I)
437,Braña de Avelleras,,Hispania Tarraconensis,Spain,Oviedo,Cuenca del Narcea,,NA-10,,,,,43.137245,-6.668311,1500.0,"Estimated from Sanchez-Palencia and Orejas 1994, fig. 13 and Google Earth",,,,,,,TRUE,0.0,0.0,0.0,0.0,0.0,0.0,0.0,0.0,,"Sanchez-Palencia and Orejas 1994, 197",,,,,,,,,,,,Primary,Extensive,1,Confirmado,0,No,0,No,0,No,0,No,0,No,0,No,0,0,0,0,0.5,0.9,1.0,0.765,Media Certeza (Grado II)
438,Brañalebrel,,Hispania Tarraconensis,Spain,Oviedo,Cuenca del Porcia,,PO-01,,,,,43.424806,-6.890274,1000.0,"Placename ""Brañalibel"", Google Earth.",,,,,,,TRUE,0.0,0.0,0.0,0.0,0.0,0.0,0.0,0.0,,"Sanchez-Palencia and Orejas 1994, 201",,,,,,,,,,,,Primary,,1,Confirmado,0,No,0,No,0,No,0,No,0,No,0,No,0,0,0,0,0.7,0.9,1.0,0.845,Alta Certeza (Grado I)
439,Brués,,Hispania Tarraconensis,Spain,Orense,Cuenca media del Miño,,MM-02,,,,,42.455979,-8.158613,100.0,Google Earth,,,,,,,TRUE,0.0,0.0,0.0,0.0,0.0,0.0,0.0,0.0,,"Sanchez-Palencia and Orejas 1994, 194",1.0,,,,,,,,,Google Earth appears to show extensive traces of trenches following veins,,Primary,Selective - Extensive,1,Confirmado,0,No,0,No,0,No,0,No,0,No,0,No,0,0,1,0,1.0,0.9,1.0,0.9650000000000001,Alta Certeza (Grado I)
440,Buiran,,Hispania Tarraconensis,Spain,Lugo,Cuenca Alta del Miño,,AN-07,,,,,42.930757,-7.072386,2000.0,Google Earth,"A guess, on the basis that ""Buiran"" might be a typo for the actual Buisan.",,,,,,TRUE,0.0,0.0,0.0,0.0,0.0,0.0,0.0,0.0,,"Sanchez-Palencia and Orejas 1994, 188",1.0,0.0,TRUE,,,,,,,,,Secondary,Selective,1,Confirmado,0,No,0,No,0,No,0,No,0,No,0,No,1,0,1,0,0.5,0.9,1.0,0.765,Media Certeza (Grado II)
441,Buñola,,Hispania Tarraconensis,Spain,Balearics,Balearics,,,PM 1,670.0,1147.0,586.9,39.70497528,2.703042203,100.0,"Converted in QGIS from Lambert coords, Madrid 1870",,,,,,,FALSE,1.0,1.0,0.0,0.0,0.0,0.0,0.0,0.0,,Domergue 1990: 64,,,FALSE,FALSE,FALSE,0.0,0.0,0.0,,,,,,0,No,1,Confirmado,0,No,1,Confirmado,0,No,0,No,0,No,0,0,0,0,1.0,0.9,1.0,0.9650000000000001,Alta Certeza (Grado I)
442,Burbia,,Hispania Tarraconensis,Spain,León,Cuencas de Cúa y Burbia,,CB-07,,,,,42.792992,-6.774636,1500.0,"Placename, Google Earth.",,,,,,,TRUE,0.0,0.0,0.0,0.0,0.0,0.0,0.0,0.0,,"Sanchez-Palencia and Orejas 1994, 191",,,,,,,,,,,,Primary,Selective - Extensive,1,Confirmado,0,No,0,No,0,No,0,No,0,No,0,No,0,0,0,0,0.5,0.9,1.0,0.765,Media Certeza (Grado II)
444,Bustiello de Paredes,,Hispania Tarraconensis,Spain,Oviedo,Cuenca del Esba o Canero,,ES-06,,,,,43.444587,-6.497716,500.0,"Estimated from Sanchez-Palencia and Orejas 1994, fig. 13, and Google Earth",,,,,,,TRUE,0.0,0.0,0.0,0.0,0.0,0.0,0.0,0.0,,"Sanchez-Palencia and Orejas 1994, 193",,,,,,,,,,,,Primary,Extensive,1,Confirmado,0,No,0,No,0,No,0,No,0,No,0,No,0,0,0,0,0.85,0.9,1.0,0.905,Alta Certeza (Grado I)
445,Cabeza del Agua,,Hispania Baetica,Spain,Huelva,Huelva,,,H 18,959.0,315.1,332.3,37.53989078,-6.91306989,100.0,"Converted in QGIS from Lambert coords, Madrid 1870",,,,,,,FALSE,0.0,0.0,1.0,0.0,0.0,0.0,0.0,0.0,,Domergue 1990: 61,0.0,1.0,FALSE,FALSE,FALSE,0.0,0.0,0.0,0.0,,Pyrite,Primary,,0,No,0,No,1,Confirmado,0,No,0,No,0,No,0,No,0,1,0,0,1.0,0.9,1.0,0.9650000000000001,Alta Certeza (Grado I)
446,Cabezas del Pasto,,Hispania Baetica,Spain,Huelva,Huelva,,,H 39,958.0,278.4,341.3,37.6082037,-7.33224915,100.0,"Converted in QGIS from Lambert coords, Madrid 1870",,,,,,,FALSE,1.0,1.0,1.0,0.0,0.0,0.0,0.0,0.0,,Domergue 1990: 62,0.0,1.0,FALSE,FALSE,FALSE,0.0,0.0,0.0,0.0,,Pyrite,Primary,,0,No,1,Confirmado,1,Confirmado,1,Confirmado,0,No,0,No,0,No,0,1,0,0,1.0,0.9,1.0,0.9650000000000001,Alta Certeza (Grado I)
447,Cabezo de la Reina,,Hispania Tarraconensis,Spain,Segovia,,,,SG 2,508.0,558.5,679.7,40.7175583,-4.179631046,100.0,"Converted in QGIS from Lambert coords, Madrid 1870",,,,,,,FALSE,0.0,0.0,1.0,0.0,0.0,0.0,0.0,0.0,,Domergue 1990: 64,,,FALSE,FALSE,FALSE,0.0,0.0,0.0,,,,,,0,No,0,No,1,Confirmado,0,No,0,No,0,No,0,No,0,0,0,0,1.0,0.9,1.0,0.9650000000000001,Alta Certeza (Grado I)
448,Cabezo de los Silos,,Hispania Baetica,Spain,Huelva,Huelva,,,H 41,936.0,276.4,350.1,37.6867135,-7.35899187,100.0,"Converted in QGIS from Lambert coords, Madrid 1870",,,,,,,FALSE,0.0,0.0,1.0,0.0,0.0,0.0,0.0,0.0,,Domergue 1990: 62,0.0,1.0,FALSE,FALSE,FALSE,0.0,0.0,0.0,0.0,,Pyrite,Primary,,0,No,0,No,1,Confirmado,0,No,0,No,0,No,0,No,0,1,0,0,1.0,0.9,1.0,0.9650000000000001,Alta Certeza (Grado I)
449,Cabezo Hueca,,Hispania Baetica,Spain,Huelva,Huelva,,,H 8,959.0,300.5,338.4,37.58994716,-7.0808167,100.0,"Converted in QGIS from Lambert coords, Madrid 1870",,,,,,,FALSE,0.0,0.0,1.0,0.0,0.0,0.0,0.0,0.0,,Domergue 1990: 62,0.0,1.0,FALSE,FALSE,FALSE,0.0,0.0,0.0,0.0,,Pyrite,Primary,,0,No,0,No,1,Confirmado,0,No,0,No,0,No,0,No,0,1,0,0,1.0,0.9,1.0,0.9650000000000001,Alta Certeza (Grado I)
450,Cabezo Rajado,,Hispania Tarraconensis,Spain,Murcia,Cartagena-Mazarrón,,,MU 4,977.0,846.0,339.5,37.61656939,-0.900306875,100.0,"Converted in QGIS from Lambert coords, Madrid 1870",,,,,,,FALSE,1.0,1.0,0.0,0.0,0.0,0.0,0.0,0.0,,Domergue 1990: 64,0.0,1.0,FALSE,FALSE,FALSE,0.0,0.0,0.0,0.0,,,,,0,No,1,Confirmado,0,No,1,Confirmado,0,No,0,No,0,No,0,1,0,0,1.0,0.9,1.0,0.9650000000000001,Alta Certeza (Grado I)
451,Cabo de la Nao,,Hispania Tarraconensis,Spain,Alicante,,,,A 1,823.0,940.0,468.0,38.74237138,0.22764936,100.0,"Converted in QGIS from Lambert coords, Madrid 1870",,-330.0,,,300.0,"Hellenistic-Republican, Roman",FALSE,0.0,0.0,0.0,0.0,1.0,0.0,0.0,0.0,,Domergue 1990: 64,,,FALSE,FALSE,FALSE,0.0,0.0,0.0,,,,,,0,No,0,No,0,No,0,No,0,No,0,No,1,Confirmado,0,0,0,0,1.0,0.9,1.0,0.9650000000000001,Alta Certeza (Grado I)
452,Cádiz,,Hispania Baetica,Spain,Córdoba,Posadas,,,CO 83,943.0,477.3,359.7,37.82466729,-5.08227721,100.0,"Converted in QGIS from Lambert coords, Madrid 1870",,,,,,,FALSE,1.0,1.0,0.0,0.0,0.0,0.0,0.0,0.0,,Domergue 1990: 45,,,FALSE,FALSE,FALSE,0.0,0.0,0.0,,,Hard rock,Primary,,0,No,1,Confirmado,0,No,1,Confirmado,0,No,0,No,0,No,0,0,0,0,1.0,0.9,1.0,0.9650000000000001,Alta Certeza (Grado I)
453,Cala Reona,,Hispania Tarraconensis,Spain,Murcia,Cartagena-Mazarrón,,,MU 7,978.0,862.0,339.9,37.61551691,-0.718976529,100.0,"Converted in QGIS from Lambert coords, Madrid 1870",,,,,,,FALSE,1.0,1.0,1.0,0.0,0.0,0.0,0.0,0.0,,Domergue 1990: 64,,,FALSE,FALSE,FALSE,0.0,0.0,0.0,,,,,,0,No,1,Confirmado,1,Confirmado,1,Confirmado,0,No,0,No,0,No,0,0,0,0,1.0,0.9,1.0,0.9650000000000001,Alta Certeza (Grado I)
454,Calamón,,Hispania Baetica,Spain,Córdoba,Posadas,,,CO 82,922.0,477.5,362.2,37.84722783,-5.08044861,100.0,"Converted in QGIS from Lambert coords, Madrid 1870",,,,,,,FALSE,1.0,1.0,0.0,0.0,0.0,0.0,0.0,0.0,,Domergue 1990: 45,,,FALSE,FALSE,FALSE,0.0,0.0,0.0,,,Hard rock,Primary,,0,No,1,Confirmado,0,No,1,Confirmado,0,No,0,No,0,No,0,0,0,0,1.0,0.9,1.0,0.9650000000000001,Alta Certeza (Grado I)
455,Callejón de Matajaca,,Hispania Baetica,Spain,Córdoba,Los Pedroches,,,CO 88,859.0,499.6,420.7,38.37739882,-4.83783744,100.0,"Converted in QGIS from Lambert coords, Madrid 1870",,,,,,,FALSE,0.0,0.0,1.0,0.0,0.0,0.0,0.0,0.0,,Domergue 1990: 48,,,FALSE,FALSE,FALSE,0.0,0.0,0.0,,,Hard rock,Primary,,0,No,0,No,1,Confirmado,0,No,0,No,0,No,0,No,0,0,0,0,1.0,0.9,1.0,0.9650000000000001,Alta Certeza (Grado I)
456,Campanario,,Hispania Baetica,Spain,Huelva,Huelva,,,H 45,960.0,322.5,332.4,37.54317278,-6.82941041,100.0,"Converted in QGIS from Lambert coords, Madrid 1870",,,,,,,FALSE,0.0,0.0,1.0,0.0,0.0,0.0,0.0,0.0,,Domergue 1990: 62,,,FALSE,FALSE,FALSE,0.0,0.0,0.0,,,Pyrite,Primary,,0,No,0,No,1,Confirmado,0,No,0,No,0,No,0,No,0,0,0,0,1.0,0.9,1.0,0.9650000000000001,Alta Certeza (Grado I)
457,Campo Antigua,,Hispania Tarraconensis,Spain,Oviedo,Cuenca del Navia,,NV-64,,,,,43.337309,-6.709717,500.0,"Guessed from Sanchez-Palencia and Orejas 1994, fig. 13; and Google Earth.",,,,,,,TRUE,0.0,0.0,0.0,0.0,0.0,0.0,0.0,0.0,,"Sanchez-Palencia and Orejas 1994, 200",,,,,,,,,,,,Primary,Extensive,1,Confirmado,0,No,0,No,0,No,0,No,0,No,0,No,0,0,0,0,0.85,0.9,1.0,0.905,Alta Certeza (Grado I)
458,Campo la Peral,,Hispania Tarraconensis,Spain,León,Cuenca del Boeza,,BO-22,,,,,42.56722,-6.258764,500.0,"Estimated from Sanchez-Palencia and Orejas 1994, fig. 14, IGN map, and Google Earth",,,,,,,TRUE,0.0,0.0,0.0,0.0,0.0,0.0,0.0,0.0,,"Sanchez-Palencia and Orejas 1994, 191",1.0,0.0,TRUE,,,,,,,,,Primary,Extensive,1,Confirmado,0,No,0,No,0,No,0,No,0,No,0,No,1,0,1,0,0.85,0.9,1.0,0.905,Alta Certeza (Grado I)
459,Camporredondo,,Hispania Tarraconensis,Spain,Palencia,León,,,P 1,106.0,513.0,921.0,42.88780177,-4.752831906,100.0,"Converted in QGIS from Lambert coords, Madrid 1870",,,,,,,TRUE,0.0,0.0,0.0,0.0,0.0,0.0,0.0,0.0,,Domergue 1990: 42,,,,,,,,,,,Quaternary terrace,,,1,Confirmado,0,No,0,No,0,No,0,No,0,No,0,No,0,0,0,0,1.0,0.9,1.0,0.9650000000000001,Alta Certeza (Grado I)
460,Canadá,,Hispania Baetica,Spain,Córdoba,Los Pedroches,,,CO 18,858.0,492.8,420.7,38.37658115,-4.91570948,100.0,"Converted in QGIS from Lambert coords, Madrid 1870",,,,,,,FALSE,0.0,0.0,1.0,0.0,0.0,0.0,0.0,0.0,,Domergue 1990: 47,0.0,1.0,FALSE,FALSE,FALSE,0.0,0.0,0.0,0.0,,Hard rock,Primary,,0,No,0,No,1,Confirmado,0,No,0,No,0,No,0,No,0,1,0,0,1.0,0.9,1.0,0.9650000000000001,Alta Certeza (Grado I)
461,Cancho Blanco,,Hispania Baetica,Spain,Badajoz,La Serena,,,BA 50,831.0,414.8,451.3,38.63919229,-5.81715282,100.0,"Converted in QGIS from Lambert coords, Madrid 1870",,,,,,,FALSE,1.0,1.0,0.0,0.0,0.0,0.0,0.0,0.0,,Domergue 1990: 45,,,FALSE,FALSE,FALSE,0.0,0.0,0.0,,,Hard rock,Primary,,0,No,1,Confirmado,0,No,1,Confirmado,0,No,0,No,0,No,0,0,0,0,1.0,0.9,1.0,0.9650000000000001,Alta Certeza (Grado I)
462,Candelaria,,Hispania Tarraconensis,Spain,Ciudad Real,Alcudia,,,CR 16,835.0,527.6,449.9,38.64346632,-4.5202936,100.0,"Converted in QGIS from Lambert coords, Madrid 1870",,,,,,,FALSE,1.0,1.0,1.0,0.0,0.0,0.0,0.0,0.0,,Domergue 1990: 46,0.0,1.0,FALSE,FALSE,FALSE,0.0,0.0,0.0,0.0,,,,,0,No,1,Confirmado,1,Confirmado,1,Confirmado,0,No,0,No,0,No,0,1,0,0,1.0,0.9,1.0,0.9650000000000001,Alta Certeza (Grado I)
463,Candín I,,Hispania Tarraconensis,Spain,León,Cuencas de Cúa y Burbia,,CB-05,,,,,42.817285,-6.760416,1000.0,"Estimated from Sanchez-Palencia and Orejas 1994, fig. 14, and Google Earth",,,,,,,TRUE,0.0,0.0,0.0,0.0,0.0,0.0,0.0,0.0,,"Sanchez-Palencia and Orejas 1994, 191",,,,,,,,,,,,Primary,Extensive,1,Confirmado,0,No,0,No,0,No,0,No,0,No,0,No,0,0,0,0,0.7,0.9,1.0,0.845,Alta Certeza (Grado I)
464,Candín II,,Hispania Tarraconensis,Spain,León,Cuencas de Cúa y Burbia,,CB-06,,,,,42.808749,-6.769527,1000.0,"Estimated from Sanchez-Palencia and Orejas 1994, fig. 14, and Google Earth",,,,,,,TRUE,0.0,0.0,0.0,0.0,0.0,0.0,0.0,0.0,,"Sanchez-Palencia and Orejas 1994, 191",,,,,,,,,,,,Primary,Extensive,1,Confirmado,0,No,0,No,0,No,0,No,0,No,0,No,0,0,0,0,0.7,0.9,1.0,0.845,Alta Certeza (Grado I)
465,Cantos Blancos,,Hispania Baetica,Spain,Córdoba,Los Pedroches,,,CO 5,858.0,489.7,424.4,38.40954651,-4.95181017,100.0,"Converted in QGIS from Lambert coords, Madrid 1870",,,,,,,FALSE,0.0,0.0,1.0,0.0,0.0,0.0,0.0,0.0,,Domergue 1990: 47,0.0,1.0,FALSE,FALSE,FALSE,0.0,0.0,0.0,0.0,,Hard rock,Primary,,0,No,0,No,1,Confirmado,0,No,0,No,0,No,0,No,0,1,0,0,1.0,0.9,1.0,0.9650000000000001,Alta Certeza (Grado I)
466,Cara de Oso,,Hispania Tarraconensis,Spain,León,Cuenca del Eria,,ER-11,,,,,42.250813,-6.316238,300.0,"Estimated from Sanchez-Palencia and Orejas 1994, fig. 17 and Google Earth",,,,,,,TRUE,0.0,0.0,0.0,0.0,0.0,0.0,0.0,0.0,,"Sanchez-Palencia and Orejas 1994, 193",1.0,0.0,TRUE,FALSE,FALSE,0.0,0.0,0.0,0.0,,,Secondary,Selective,1,Confirmado,0,No,0,No,0,No,0,No,0,No,0,No,1,0,1,0,0.85,0.9,1.0,0.905,Alta Certeza (Grado I)
467,Carbueiro,,Hispania Tarraconensis,Spain,Oviedo,Cuenca del Navia,,NV-24,,,,,43.026133,-6.869433,500.0,"Google Earth, IGN map, and Sanchez-Palencia and Orejas 1994, fig. 13.",,,,,,,TRUE,0.0,0.0,0.0,0.0,0.0,0.0,0.0,0.0,,"Sanchez-Palencia and Orejas 1994, 199",1.0,0.0,TRUE,,,,,,,,,Secondary,Selective - Extensive,1,Confirmado,0,No,0,No,0,No,0,No,0,No,0,No,1,0,1,0,0.85,0.9,1.0,0.905,Alta Certeza (Grado I)
468,Carcabón de Orúa,,Hispania Tarraconensis,Spain,Oviedo,Cuenca del Navia,,NV-41,O 4,50.0,355.3,964.9,43.25032292,-6.700265757,100.0,"Converted in QGIS from Lambert coords, Madrid 1870",,,,,,,TRUE,0.0,0.0,0.0,0.0,0.0,0.0,0.0,0.0,,"Domergue 1990: 42; Sanchez-Palencia and Orejas 1994, 200",,,,,,,,,,,Hard rock,Primary,Selective - Extensive,1,Confirmado,0,No,0,No,0,No,0,No,0,No,0,No,0,0,0,0,1.0,1.0,1.0,1.0,Alta Certeza (Grado I)
469,Carcabonas de Merás,,Hispania Tarraconensis,Spain,Oviedo,Cuenca del Esba o Canero,,ES-09,,,,,43.473629,-6.474357,3000.0,Placename Meras on Google Earth,,,,,,,TRUE,0.0,0.0,0.0,0.0,0.0,0.0,0.0,0.0,,"Sanchez-Palencia and Orejas 1994, 194",1.0,0.0,TRUE,,,,,,,,,Secondary,Extensive,1,Confirmado,0,No,0,No,0,No,0,No,0,No,0,No,1,0,1,0,0.5,0.9,1.0,0.765,Media Certeza (Grado II)
470,Cárcobas de Miudes,,Hispania Tarraconensis,Spain,Oviedo,Cuenca del Porcia,,PO-17,,,,,43.523363,-6.809106,1000.0,"Guessed after Sanchez-Palencia and Orejas 1994, fig. 13; and Google Earth.",,,,,,,TRUE,0.0,0.0,0.0,0.0,0.0,0.0,0.0,0.0,,"Sanchez-Palencia and Orejas 1994, 201",,,,,,,,,,,,Primary,Selective - Extensive,1,Confirmado,0,No,0,No,0,No,0,No,0,No,0,No,0,0,0,0,0.7,0.9,1.0,0.845,Alta Certeza (Grado I)
471,Cárcobas de Pena,,Hispania Tarraconensis,Spain,Oviedo,Cuenca del Porcia,,PO-09,,,,,43.489375,-6.815335,1000.0,Guessed from Sanchez Palencia and Orejas 1994: fig. 13 in relation to other sites.,,,,,,,TRUE,0.0,0.0,0.0,0.0,0.0,0.0,0.0,0.0,,"Sanchez-Palencia and Orejas 1994, 201",,,,,,,,,,,,Primary,Selective - Extensive,1,Confirmado,0,No,0,No,0,No,0,No,0,No,0,No,0,0,0,0,0.7,0.9,1.0,0.845,Alta Certeza (Grado I)
472,Carmelita,,Hispania Baetica,Spain,Badajoz,Azuaga-Fuenteovejuna,,,BA 5,878.0,419.5,408.6,38.25530611,-5.75177293,100.0,"Converted in QGIS from Lambert coords, Madrid 1870",,,,,,,FALSE,1.0,1.0,0.0,0.0,0.0,0.0,0.0,0.0,,Domergue 1990: 46,0.0,1.0,FALSE,FALSE,FALSE,0.0,0.0,0.0,0.0,,Hard rock,Primary,,0,No,1,Confirmado,0,No,1,Confirmado,0,No,0,No,0,No,0,1,0,0,1.0,0.9,1.0,0.9650000000000001,Alta Certeza (Grado I)
473,"Carmino del Palo (I, II) - Arroyo del Cabrito (I, II, III)",,Hispania Tarraconensis,Spain,León,Sierra del Teleno,,TE-03,,,,,42.385861,-6.388739,500.0,"Estimated from Sanchez-Palencia and Orejas 1994, fig. 17, IGN map, and Google Earth",,,,,,,TRUE,0.0,0.0,0.0,0.0,0.0,0.0,0.0,0.0,,"Sanchez-Palencia and Orejas 1994, 201",1.0,0.0,TRUE,,,,,,,,,Secondary,Selective - Extensive,1,Confirmado,0,No,0,No,0,No,0,No,0,No,0,No,1,0,1,0,0.85,0.9,1.0,0.905,Alta Certeza (Grado I)
474,Carris,,Hispania Tarraconensis,Spain,Lugo,Cuenca del Masma,,,LU 6,6.0,306.8,1000.2,43.55140204,-7.314383074,100.0,"Converted in QGIS from Lambert coords, Madrid 1870",,,,,,,TRUE,0.0,0.0,0.0,0.0,0.0,0.0,0.0,0.0,,Domergue 1990: 40,,,,,,,,,,,Hard rock,,,1,Confirmado,0,No,0,No,0,No,0,No,0,No,0,No,0,0,0,0,1.0,0.9,1.0,0.9650000000000001,Alta Certeza (Grado I)
475,Carrua de la Rata - El Lago,,Hispania Tarraconensis,Spain,León,Cuencas de Cúa y Burbia,,CB-35,LE 56,,,,42.551531,-6.781019,100.0,"Estimated from Sanchez-Palencia and Orejas 1994, fig. 14, IGN map, and Google Earth",,,,,,,TRUE,0.0,0.0,0.0,0.0,0.0,0.0,0.0,0.0,,"Sanchez-Palencia and Orejas 1994, 192",1.0,0.0,TRUE,,,,,,,,,Secondary,Extensive,1,Confirmado,0,No,0,No,0,No,0,No,0,No,0,No,1,0,1,0,1.0,1.0,1.0,1.0,Alta Certeza (Grado I)
476,Casa de las Grobas I,,Hispania Tarraconensis,Spain,Oviedo,Cuenca del Navia,,NV-60,,,,,43.147794,-6.801395,1000.0,"Placename, IGN map, Google Earth, and Sanchez-Palencia and Orejas 1994, fig. 13.",,,,,,,TRUE,0.0,0.0,0.0,0.0,0.0,0.0,0.0,0.0,,"Sanchez-Palencia and Orejas 1994, 200",,,,,,,,,,,,Primary,Extensive,1,Confirmado,0,No,0,No,0,No,0,No,0,No,0,No,0,0,0,0,0.7,0.9,1.0,0.845,Alta Certeza (Grado I)
477,Casa de las Grobas II,,Hispania Tarraconensis,Spain,Oviedo,Cuenca del Navia,,NV-59,,,,,43.143913,-6.803618,1000.0,"Placename, IGN map, Google Earth, and Sanchez-Palencia and Orejas 1994, fig. 13.",,,,,,,TRUE,0.0,0.0,0.0,0.0,0.0,0.0,0.0,0.0,,"Sanchez-Palencia and Orejas 1994, 200",,,,,,,,,,,,Primary,Extensive,1,Confirmado,0,No,0,No,0,No,0,No,0,No,0,No,0,0,0,0,0.7,0.9,1.0,0.845,Alta Certeza (Grado I)
478,Casales,,Hispania Tarraconensis,Spain,León,Cuenca media del Sil,,MS-071,,,,,42.41467,-6.673559,500.0,"Guessed from Google Earth and Sanchez-Palencia and Orejas 1994, fig. 16",,,,,,,TRUE,0.0,0.0,0.0,0.0,0.0,0.0,0.0,0.0,,"Sanchez-Palencia and Orejas 1994, 196",1.0,0.0,TRUE,,,,,,,,,Secondary,Selective,1,Confirmado,0,No,0,No,0,No,0,No,0,No,0,No,1,0,1,0,0.85,0.9,1.0,0.905,Alta Certeza (Grado I)
479,Casilla del Cobre,,Hispania Baetica,Spain,Córdoba,Córdoba,,,CO 40,923.0,498.0,368.0,37.90215104,-4.84830355,100.0,"Converted in QGIS from Lambert coords, Madrid 1870",,,,,,,FALSE,0.0,0.0,1.0,0.0,0.0,0.0,0.0,0.0,,Domergue 1990: 47,0.0,1.0,FALSE,FALSE,FALSE,0.0,0.0,0.0,0.0,,Hard rock,,,0,No,0,No,1,Confirmado,0,No,0,No,0,No,0,No,0,1,0,0,1.0,0.9,1.0,0.9650000000000001,Alta Certeza (Grado I)
480,Castañedo,,Hispania Tarraconensis,Spain,Oviedo,Cuenca del Narcea,,NA-54,,,,,43.359767,-6.230038,3000.0,Guessed from placename on Google Earth,,,,,,,TRUE,0.0,0.0,0.0,0.0,0.0,0.0,0.0,0.0,,"Sanchez-Palencia and Orejas 1994, 198",1.0,0.0,TRUE,,,,,,,,,Secondary,Selective - Extensive,1,Confirmado,0,No,0,No,0,No,0,No,0,No,0,No,1,0,1,0,0.5,0.9,1.0,0.765,Media Certeza (Grado II)
481,Castellar,,Hispania Tarraconensis,Spain,Ciudad Real,Alcudia,,,CR 1,809.0,535.2,469.1,38.81718902,-4.43477306,100.0,"Converted in QGIS from Lambert coords, Madrid 1870",,,,,,,TRUE,1.0,0.0,0.0,0.0,0.0,0.0,0.0,0.0,,Domergue 1990: 47,,,,,,,,,,,,,,1,Confirmado,1,Confirmado,0,No,0,No,0,No,0,No,0,No,0,0,0,0,1.0,0.9,1.0,0.9650000000000001,Alta Certeza (Grado I)
482,Castillo Buitrón,,Hispania Baetica,Spain,Huelva,Huelva,,,H 47,960.0,328.1,342.4,37.63500856,-6.76997865,100.0,"Converted in QGIS from Lambert coords, Madrid 1870",,,,,,,FALSE,0.0,0.0,1.0,0.0,0.0,0.0,0.0,0.0,,Domergue 1990: 62,,,FALSE,FALSE,FALSE,0.0,0.0,0.0,,,Pyrite,Primary,,0,No,0,No,1,Confirmado,0,No,0,No,0,No,0,No,0,0,0,0,1.0,0.9,1.0,0.9650000000000001,Alta Certeza (Grado I)
483,Castillo de las Guardas,,Hispania Baetica,Spain,Huelva,Huelva,,,SE 4,939.0,363.7,348.0,37.69582718,-6.368615491,100.0,"Converted in QGIS from Lambert coords, Madrid 1870",,,,,,,FALSE,0.0,0.0,1.0,0.0,0.0,0.0,0.0,0.0,,Domergue 1990: 62,,,FALSE,FALSE,FALSE,0.0,0.0,0.0,,,Pyrite,Primary,,0,No,0,No,1,Confirmado,0,No,0,No,0,No,0,No,0,0,0,0,1.0,0.9,1.0,0.9650000000000001,Alta Certeza (Grado I)
484,Castripicón,,Hispania Baetica,Spain,Córdoba,Córdoba,,,CO 43,922.0,490.6,374.4,37.95893796,-4.9334936,100.0,"Converted in QGIS from Lambert coords, Madrid 1870",,,,,,,FALSE,0.0,0.0,1.0,0.0,0.0,0.0,0.0,0.0,,Domergue 1990: 47,0.0,1.0,FALSE,FALSE,FALSE,0.0,0.0,0.0,0.0,,Hard rock,,,0,No,0,No,1,Confirmado,0,No,0,No,0,No,0,No,0,1,0,0,1.0,0.9,1.0,0.9650000000000001,Alta Certeza (Grado I)
486,Castro del Río,,Hispania Tarraconensis,Spain,León,Cuenca del Boeza,,BO-07,,,,,42.71996123,-6.408303869,20.0,https://servicios.jcyl.es/pweb/datosYacimiento.do?numero=102282&tipo=yacimiento&ruta=,,,,,,,TRUE,0.0,0.0,0.0,0.0,0.0,0.0,0.0,0.0,Castro adjacent to mine,"Sanchez-Palencia and Orejas 1994, 190",1.0,0.0,TRUE,,,,,,,,,Secondary,Extensive,1,Confirmado,0,No,0,No,0,No,0,No,0,No,0,No,1,0,1,0,1.0,0.9,1.0,0.9650000000000001,Alta Certeza (Grado I)
487,Castropetre,,Hispania Tarraconensis,Spain,León,Cuenca media del Sil,,MS-053,,,,,42.534458,-6.932606,200.0,"Google Earth, placename","IGN map shows ""Mina de El Riego - abandonada""",,,,,,TRUE,0.0,0.0,0.0,0.0,0.0,0.0,0.0,0.0,,"Sanchez-Palencia and Orejas 1994, 196",1.0,0.0,TRUE,,,,,,,,,Secondary,Selective - Extensive,1,Confirmado,0,No,0,No,0,No,0,No,0,No,0,No,1,0,1,0,0.85,0.9,1.0,0.905,Alta Certeza (Grado I)
488,Castropodame / Los Valles - Las Gándaras,,Hispania Tarraconensis,Spain,León,Cuenca del Boeza,,BO-29,LE 11,159.0,371.5,888.8,42.572454,-6.46915,0.0,"Converted in QGIS from Lambert coords, Madrid 1870; adjusted with reference to Google Earth and site visit 27/09/2021.",,,,,,,TRUE,0.0,0.0,0.0,0.0,0.0,0.0,0.0,0.0,,"Domergue 1990: 43; Sanchez-Palencia and Orejas 1994, 191",1.0,0.0,TRUE,TRUE,FALSE,0.0,0.0,0.0,0.0,,"Alterites, tertiary deposits, and terrace",Secondary,Extensive,1,Confirmado,0,No,0,No,0,No,0,No,0,No,0,No,1,0,1,0,1.0,1.0,1.0,1.0,Alta Certeza (Grado I)
489,Cavón del Pozo - Muro de la T.,,Hispania Tarraconensis,Spain,León,Cuenca Alta del Orbigo,,AO-26,,,,,42.782281,-5.687959,1000.0,"Estimated from Sanchez-Palencia and Orejas 1994, fig. 15, and features on Google Earth",,,,,,,TRUE,0.0,0.0,0.0,0.0,0.0,0.0,0.0,0.0,,"Sanchez-Palencia and Orejas 1994, 189",1.0,0.0,TRUE,,,,,,,,,Secondary,Extensive,1,Confirmado,0,No,0,No,0,No,0,No,0,No,0,No,1,0,1,0,0.7,0.9,1.0,0.845,Alta Certeza (Grado I)
490,Cecos I,,Hispania Tarraconensis,Spain,Oviedo,Cuenca del Navia,,NV-20,,,,,43.019984,-6.855363,500.0,"Guessed in relation to Villarcebollín and other Cecos sites from Google Earth and Sanchez-Palencia and Orejas 1994, fig. 13.",,,,,,,TRUE,0.0,0.0,0.0,0.0,0.0,0.0,0.0,0.0,,"Sanchez-Palencia and Orejas 1994, 199",1.0,0.0,TRUE,,,,,,,,,Secondary,Extensive,1,Confirmado,0,No,0,No,0,No,0,No,0,No,0,No,1,0,1,0,0.85,0.9,1.0,0.905,Alta Certeza (Grado I)
491,Cecos II,,Hispania Tarraconensis,Spain,Oviedo,Cuenca del Navia,,NV-15,,,,,43.028404,-6.857919,500.0,"Guessed in relation to Villarcebollín and other Cecos sites from Google Earth and Sanchez-Palencia and Orejas 1994, fig. 13.",,,,,,,TRUE,0.0,0.0,0.0,0.0,0.0,0.0,0.0,0.0,,"Sanchez-Palencia and Orejas 1994, 199",,,,,,,,,,,,Primary,Selective,1,Confirmado,0,No,0,No,0,No,0,No,0,No,0,No,0,0,0,0,0.85,0.9,1.0,0.905,Alta Certeza (Grado I)
492,Cecos III,,Hispania Tarraconensis,Spain,Oviedo,Cuenca del Navia,,NV-14,,,,,43.036072,-6.856443,1000.0,"Guessed in relation to Villarcebollín and other Cecos sites from Google Earth and Sanchez-Palencia and Orejas 1994, fig. 13.",,,,,,,TRUE,0.0,0.0,0.0,0.0,0.0,0.0,0.0,0.0,,"Sanchez-Palencia and Orejas 1994, 199",,,,,,,,,,,,Primary,Extensive,1,Confirmado,0,No,0,No,0,No,0,No,0,No,0,No,0,0,0,0,0.7,0.9,1.0,0.845,Alta Certeza (Grado I)
493,Cecos IV,,Hispania Tarraconensis,Spain,Oviedo,Cuenca del Navia,,NV-13,,,,,43.025647,-6.853488,1000.0,"Guessed in relation to Villarcebollín and other Cecos sites from Google Earth and Sanchez-Palencia and Orejas 1994, fig. 13.",,,,,,,TRUE,0.0,0.0,0.0,0.0,0.0,0.0,0.0,0.0,,"Sanchez-Palencia and Orejas 1994, 199",,,,,,,,,,,,Primary,Extensive,1,Confirmado,0,No,0,No,0,No,0,No,0,No,0,No,0,0,0,0,0.7,0.9,1.0,0.845,Alta Certeza (Grado I)
494,Cecos V,,Hispania Tarraconensis,Spain,Oviedo,Cuenca del Navia,,NV-12,,,,,43.034238,-6.846678,1000.0,"Guessed in relation to Villarcebollín and other Cecos sites from Google Earth and Sanchez-Palencia and Orejas 1994, fig. 13.",,,,,,,TRUE,0.0,0.0,0.0,0.0,0.0,0.0,0.0,0.0,,"Sanchez-Palencia and Orejas 1994, 199",,,,,,,,,,,,Primary,Extensive,1,Confirmado,0,No,0,No,0,No,0,No,0,No,0,No,0,0,0,0,0.7,0.9,1.0,0.845,Alta Certeza (Grado I)
495,Cecos VI,,Hispania Tarraconensis,Spain,Oviedo,Cuenca del Navia,,NV-11,,,,,43.023443,-6.851769,1000.0,"Guessed in relation to Villarcebollín from Google Earth and Sanchez-Palencia and Orejas 1994, fig. 13.",,,,,,,TRUE,0.0,0.0,0.0,0.0,0.0,0.0,0.0,0.0,,"Sanchez-Palencia and Orejas 1994, 199",,,,,,,,,,,,Primary,Extensive,1,Confirmado,0,No,0,No,0,No,0,No,0,No,0,No,0,0,0,0,0.7,0.9,1.0,0.845,Alta Certeza (Grado I)
496,Cerdanya - All Guilleteres sector 1 NE - 1,,Hispania Tarraconensis,Spain,Gerona,Pyrenees,,,,,,,42.39786735,1.820130111,0.0,Google Earth,,,,,,,TRUE,0.0,0.0,0.0,0.0,0.0,0.0,0.0,0.0,Hydraulic opencast mining visible on Google Earth,,1.0,0.0,TRUE,TRUE,FALSE,0.0,0.0,0.0,0.0,,,,,1,Confirmado,0,No,0,No,0,No,0,No,0,No,0,No,1,0,1,0,1.0,0.4,1.0,0.79,Media Certeza (Grado II)
497,Cerdanya - All Guilleteres sector 1 NE - 2,,Hispania Tarraconensis,Spain,Gerona,Pyrenees,,,,,,,42.39853497,1.826364395,0.0,Google Earth,,,,,,,TRUE,0.0,0.0,0.0,0.0,0.0,0.0,0.0,0.0,,,1.0,0.0,TRUE,TRUE,FALSE,0.0,0.0,0.0,0.0,,,,,1,Confirmado,0,No,0,No,0,No,0,No,0,No,0,No,1,0,1,0,1.0,0.4,1.0,0.79,Media Certeza (Grado II)
498,Cerdanya - All Guilleteres sector 1 NE - 3,,Hispania Tarraconensis,Spain,Gerona,Pyrenees,,,,,,,42.39639938,1.82934192,0.0,Google Earth,,,,,,,TRUE,0.0,0.0,0.0,0.0,0.0,0.0,0.0,0.0,,,1.0,0.0,TRUE,TRUE,FALSE,0.0,0.0,0.0,0.0,,,,,1,Confirmado,0,No,0,No,0,No,0,No,0,No,0,No,1,0,1,0,1.0,0.4,1.0,0.79,Media Certeza (Grado II)
499,Cerdanya - All Guilleteres sector 1 NE - 4,,Hispania Tarraconensis,Spain,Gerona,Pyrenees,,,,,,,42.40234069,1.833771284,0.0,Google Earth,,,,,,,TRUE,0.0,0.0,0.0,0.0,0.0,0.0,0.0,0.0,,,1.0,0.0,TRUE,TRUE,FALSE,0.0,0.0,0.0,0.0,,,,,1,Confirmado,0,No,0,No,0,No,0,No,0,No,0,No,1,0,1,0,1.0,0.4,1.0,0.79,Media Certeza (Grado II)
500,Cerdanya - All Guilleteres sector 1 NE - new?,,Hispania Tarraconensis,Spain,Gerona,Pyrenees,,,,,,,42.4029556,1.815050524,0.0,Google Earth,,,,,,,TRUE,0.0,0.0,0.0,0.0,0.0,0.0,0.0,0.0,,,1.0,0.0,TRUE,TRUE,FALSE,0.0,0.0,0.0,0.0,,,,,1,Confirmado,0,No,0,No,0,No,0,No,0,No,0,No,1,0,1,0,1.0,0.4,1.0,0.79,Media Certeza (Grado II)
501,Cerro Castaño,,Hispania Baetica,Spain,Córdoba,Posadas,,,CO 120,922.0,477.3,372.0,37.93552871,-5.08446693,100.0,"Converted in QGIS from Lambert coords, Madrid 1870",,,,,,,FALSE,0.0,0.0,1.0,0.0,0.0,0.0,0.0,0.0,,Domergue 1990: 45,,,FALSE,FALSE,FALSE,0.0,0.0,0.0,,,Hard rock,Primary,,0,No,0,No,1,Confirmado,0,No,0,No,0,No,0,No,0,0,0,0,1.0,0.9,1.0,0.9650000000000001,Alta Certeza (Grado I)
502,Cerro de la Mina,,Hispania Baetica,Spain,Badajoz,,,,BA 60,829.0,354.4,449.3,38.60604095,-6.51042667,100.0,"Converted in QGIS from Lambert coords, Madrid 1870",,,,,,,FALSE,1.0,1.0,0.0,0.0,0.0,0.0,0.0,0.0,,Domergue 1990: 48,0.0,1.0,FALSE,FALSE,FALSE,0.0,0.0,0.0,0.0,,,,,0,No,1,Confirmado,0,No,1,Confirmado,0,No,0,No,0,No,0,1,0,0,1.0,0.9,1.0,0.9650000000000001,Alta Certeza (Grado I)
503,Cerro de la Mina,,Hispania Tarraconensis,Spain,Cuenca,,,,CU 2,665.0,802.4,584.0,39.83148876,-1.32055691,100.0,"Converted in QGIS from Lambert coords, Madrid 1870",,,,,,,FALSE,0.0,0.0,0.0,0.0,1.0,0.0,0.0,0.0,,Domergue 1990: 64,,,FALSE,FALSE,FALSE,0.0,0.0,0.0,,,,,,0,No,0,No,0,No,0,No,0,No,0,No,1,Confirmado,0,0,0,0,1.0,0.9,1.0,0.9650000000000001,Alta Certeza (Grado I)
504,Cerro de la Minas,,Hispania Baetica,Spain,Badajoz,Picos de Aroche,,,BA 53,875.0,328.5,419.0,38.32523434,-6.79570879,100.0,"Converted in QGIS from Lambert coords, Madrid 1870",,,,,,,FALSE,0.0,0.0,1.0,0.0,0.0,0.0,0.0,0.0,,Domergue 1990: 61,,,FALSE,FALSE,FALSE,0.0,0.0,0.0,,,Hard rock,Primary,,0,No,0,No,1,Confirmado,0,No,0,No,0,No,0,No,0,0,0,0,1.0,0.9,1.0,0.9650000000000001,Alta Certeza (Grado I)
505,Cerro de la Minillas,,Hispania Baetica,Spain,Córdoba,Los Pedroches,,,CO 61,858.0,481.2,425.2,38.41563006,-5.04933271,100.0,"Converted in QGIS from Lambert coords, Madrid 1870",,,,,,,FALSE,0.0,0.0,1.0,0.0,0.0,0.0,0.0,0.0,,Domergue 1990: 48,,,FALSE,FALSE,FALSE,0.0,0.0,0.0,,,Hard rock,Primary,,0,No,0,No,1,Confirmado,0,No,0,No,0,No,0,No,0,0,0,0,1.0,0.9,1.0,0.9650000000000001,Alta Certeza (Grado I)
506,Cerro de la Orden,,Hispania Baetica,Spain,Badajoz,Azuaga-Fuenteovejuna,,,BA 27,878.0,415.4,414.3,38.30581558,-5.80017903,100.0,"Converted in QGIS from Lambert coords, Madrid 1870",,,,,,,FALSE,1.0,1.0,0.0,0.0,0.0,0.0,0.0,0.0,,Domergue 1990: 46,0.0,1.0,FALSE,FALSE,FALSE,0.0,0.0,0.0,0.0,,Hard rock,Primary,,0,No,1,Confirmado,0,No,1,Confirmado,0,No,0,No,0,No,0,1,0,0,1.0,0.9,1.0,0.9650000000000001,Alta Certeza (Grado I)
507,Cerro de las Cruces,,Hispania Baetica,Spain,Badajoz,La Serena,,,BA 51,830.0,392.3,441.8,38.54842637,-6.07279323,100.0,"Converted in QGIS from Lambert coords, Madrid 1870",,,,,,,FALSE,1.0,1.0,0.0,0.0,0.0,0.0,0.0,0.0,,Domergue 1990: 45,,,FALSE,FALSE,FALSE,0.0,0.0,0.0,,,Hard rock,Primary,,0,No,1,Confirmado,0,No,1,Confirmado,0,No,0,No,0,No,0,0,0,0,1.0,0.9,1.0,0.9650000000000001,Alta Certeza (Grado I)
508,Cerro de las Minillas,,Hispania Baetica,Spain,Córdoba,Montoro Andújar,,,CO 30,882.0,547.7,415.4,38.33386997,-4.28655637,100.0,"Converted in QGIS from Lambert coords, Madrid 1870",,,,,,,FALSE,0.0,0.0,1.0,0.0,0.0,0.0,0.0,0.0,,Domergue 1990: 47,,,FALSE,FALSE,FALSE,0.0,0.0,0.0,,,Hard rock,,,0,No,0,No,1,Confirmado,0,No,0,No,0,No,0,No,0,0,0,0,1.0,0.9,1.0,0.9650000000000001,Alta Certeza (Grado I)
509,Cerro de los Almadenes,,Hispania Tarraconensis,Spain,Segovia,,,,SG 1,507.0,554.7,690.6,40.81562208,-4.22543114,100.0,"Converted in QGIS from Lambert coords, Madrid 1870",,,,,,,FALSE,0.0,0.0,1.0,0.0,0.0,0.0,0.0,0.0,,Domergue 1990: 64,,,FALSE,FALSE,FALSE,0.0,0.0,0.0,,,,,,0,No,0,No,1,Confirmado,0,No,0,No,0,No,0,No,0,0,0,0,1.0,0.9,1.0,0.9650000000000001,Alta Certeza (Grado I)
510,Cerro de los Venados,,Hispania Baetica,Spain,Jaén,Montoro Andújar,,,J 2,883.0,556.3,406.4,38.25320766,-4.18754703,100.0,"Converted in QGIS from Lambert coords, Madrid 1870",,,,,,,FALSE,0.0,0.0,1.0,0.0,0.0,0.0,0.0,0.0,,Domergue 1990: 47,,,FALSE,FALSE,FALSE,0.0,0.0,0.0,,,Hard rock,,,0,No,0,No,1,Confirmado,0,No,0,No,0,No,0,No,0,0,0,0,1.0,0.9,1.0,0.9650000000000001,Alta Certeza (Grado I)
511,Cerro de Valfrío,,Hispania Baetica,Spain,Córdoba,Córdoba,,,CO 116,902.0,498.4,382.5,38.03289831,-4.84589638,100.0,"Converted in QGIS from Lambert coords, Madrid 1870",,,,,,,FALSE,0.0,0.0,1.0,0.0,0.0,0.0,0.0,0.0,,Domergue 1990: 47,,,FALSE,FALSE,FALSE,0.0,0.0,0.0,,,Hard rock,,,0,No,0,No,1,Confirmado,0,No,0,No,0,No,0,No,0,0,0,0,1.0,0.9,1.0,0.9650000000000001,Alta Certeza (Grado I)
512,Cerro del Conjuro,,Hispania Baetica,Spain,Granada,Almería,,,GR 1,1042.0,636.3,259.8,36.93229745,-3.28059057,100.0,"Converted in QGIS from Lambert coords, Madrid 1870",,,,,,,FALSE,0.0,0.0,0.0,0.0,1.0,0.0,0.0,0.0,,Domergue 1990: 64,,,FALSE,FALSE,FALSE,0.0,0.0,0.0,,,,,,0,No,0,No,0,No,0,No,0,No,0,No,1,Confirmado,0,0,0,0,1.0,0.9,1.0,0.9650000000000001,Alta Certeza (Grado I)
513,Cerro del Cuerno,,Hispania Tarraconensis,Spain,León,Cuencas del Turienzo y Jerega,,TJ-26,,,,,42.493513,-6.248132,500.0,"Estimated from Sanchez-Palencia and Orejas 1994, fig. 17 and Google Earth",,,,,,,TRUE,0.0,0.0,0.0,0.0,0.0,0.0,0.0,0.0,,"Sanchez-Palencia and Orejas 1994, 202",1.0,0.0,TRUE,,,,,,,,,Secondary,Selective,1,Confirmado,0,No,0,No,0,No,0,No,0,No,0,No,1,0,1,0,0.85,0.9,1.0,0.905,Alta Certeza (Grado I)
514,Cerro del Cura,,Hispania Baetica,Spain,Córdoba,Los Pedroches,,,CO 37,860.0,528.8,425.4,38.42267476,-4.50392006,100.0,"Converted in QGIS from Lambert coords, Madrid 1870",,,,,,,FALSE,0.0,0.0,1.0,0.0,0.0,0.0,0.0,0.0,,Domergue 1990: 48,0.0,1.0,FALSE,FALSE,FALSE,0.0,0.0,0.0,0.0,,Hard rock,Primary,,0,No,0,No,1,Confirmado,0,No,0,No,0,No,0,No,0,1,0,0,1.0,0.9,1.0,0.9650000000000001,Alta Certeza (Grado I)
515,Cerro del Esparto,,Hispania Baetica,Spain,Córdoba,Posadas,,,CO 71,921.0,462.5,370.0,37.9152865,-5.25248305,100.0,"Converted in QGIS from Lambert coords, Madrid 1870",,,,,,,FALSE,0.0,0.0,1.0,0.0,0.0,0.0,0.0,0.0,,Domergue 1990: 45,,,FALSE,FALSE,FALSE,0.0,0.0,0.0,,,Hard rock,Primary,,0,No,0,No,1,Confirmado,0,No,0,No,0,No,0,No,0,0,0,0,1.0,0.9,1.0,0.9650000000000001,Alta Certeza (Grado I)
516,Cerro del Hierro,,Hispania Baetica,Spain,Sevilla,Sevilla,,,SE 6,920.0,430.8,274.4,37.04831911,-5.589874277,100.0,"Converted in QGIS from Lambert coords, Madrid 1870",,,,,,,FALSE,0.0,0.0,0.0,0.0,1.0,0.0,0.0,0.0,,Domergue 1990: 48,,,FALSE,FALSE,FALSE,0.0,0.0,0.0,,,Hard rock,Primary,,0,No,0,No,0,No,0,No,0,No,0,No,1,Confirmado,0,0,0,0,1.0,0.9,1.0,0.9650000000000001,Alta Certeza (Grado I)
517,Cerro Minado,,Hispania Baetica,Spain,Almería,Almería,,,AL 6,996.0,754.0,309.3,37.36552808,-1.94916604,100.0,"Converted in QGIS from Lambert coords, Madrid 1870",,,,,,,FALSE,0.0,0.0,1.0,0.0,0.0,0.0,0.0,0.0,,Domergue 1990: 64,,,FALSE,FALSE,FALSE,0.0,0.0,0.0,,,,,,0,No,0,No,1,Confirmado,0,No,0,No,0,No,0,No,0,0,0,0,1.0,0.9,1.0,0.9650000000000001,Alta Certeza (Grado I)
518,Cerro Muriano,,Hispania Baetica,Spain,Córdoba,Córdoba,,,CO 39,902.0,504.2,379.3,38.00471301,-4.77935278,100.0,"Converted in QGIS from Lambert coords, Madrid 1870",,,,,,,FALSE,0.0,0.0,1.0,0.0,0.0,0.0,0.0,0.0,,Domergue 1990: 47,0.0,1.0,FALSE,FALSE,FALSE,0.0,0.0,0.0,0.0,,Hard rock,,,0,No,0,No,1,Confirmado,0,No,0,No,0,No,0,No,0,1,0,0,1.0,0.9,1.0,0.9650000000000001,Alta Certeza (Grado I)
519,Ceruñales,,Hispania Tarraconensis,Spain,León,Cuenca del Boeza,,BO-11,,,,,42.688215,-6.412375,200.0,"Estimated from Sanchez-Palencia and Orejas 1994, fig. 14, IGN map, and Google Earth",,-19.0,230.0,50.0,250.0,Roman,TRUE,0.0,0.0,0.0,0.0,0.0,0.0,0.0,0.0,"Hydraulic mining, partly re-using ditch of castro (misinterpreted by Fanzul Perada as evidence for pre-Roman hydraulic mining)","Alvarez González 1993; Sanchez-Palencia and Orejas 1994, 190; Fanjul Peraza 2013",1.0,0.0,TRUE,TRUE,FALSE,0.0,0.0,0.0,0.0,,,Secondary,Extensive,1,Confirmado,0,No,0,No,0,No,0,No,0,No,0,No,1,0,1,0,0.85,0.9,1.0,0.905,Alta Certeza (Grado I)
520,Cexo-Fontechid,,Hispania Tarraconensis,Spain,Orense,Cuenca media del Miño,,MM-20,,,,,42.10923,-8.00608,500.0,"Google Earth, placename",,,,,,,TRUE,0.0,0.0,0.0,0.0,0.0,0.0,0.0,0.0,,"Sanchez-Palencia and Orejas 1994, 194",,,,,,,,,,,,Primary,Selective - Extensive,1,Confirmado,0,No,0,No,0,No,0,No,0,No,0,No,0,0,0,0,0.85,0.9,1.0,0.905,Alta Certeza (Grado I)
521,Cha da Veiga,,Hispania Tarraconensis,Spain,Lugo,Cuenca media del Sil,,MS-100,,,,,42.58465,-7.40935,500.0,Estimated from Google Earth and IGN map,,,,,,,TRUE,0.0,0.0,0.0,0.0,0.0,0.0,0.0,0.0,,"Sanchez-Palencia and Orejas 1994, 197",1.0,0.0,TRUE,,,,,,,,,Secondary,Extensive,1,Confirmado,0,No,0,No,0,No,0,No,0,No,0,No,1,0,1,0,0.85,0.9,1.0,0.905,Alta Certeza (Grado I)
523,Chan do Cubeiro,,Hispania Tarraconensis,Spain,Oviedo,Cuenca del Navia,,NV-82,,,,,43.059666,-7.004095,1000.0,"Placename, IGN map, Google Earth, and Sanchez-Palencia and Orejas 1994, fig. 13.",,,,,,,TRUE,0.0,0.0,0.0,0.0,0.0,0.0,0.0,0.0,,"Sanchez-Palencia and Orejas 1994, 201",,,,,,,,,,,,Primary,Extensive,1,Confirmado,0,No,0,No,0,No,0,No,0,No,0,No,0,0,0,0,0.7,0.9,1.0,0.845,Alta Certeza (Grado I)
524,Chana de Chamarada,,Hispania Tarraconensis,Spain,León,Cuenca Alta del Tuerto,,AT-16,,,,,42.52996221,-6.21957755,10.0,"Estimated from Sanchez-Palencia and Orejas 1994, fig. 15, IGN map, and Google Earth; corrected with https://servicios.jcyl.es/pweb/datosGIS.do?tipo=Yacimiento&numero=94468",https://servicios.jcyl.es/pweb/datosGIS.do?tipo=Yacimiento&numero=94468,,,,,,TRUE,0.0,0.0,0.0,0.0,0.0,0.0,0.0,0.0,,"Sanchez-Palencia and Orejas 1994, 190",1.0,0.0,TRUE,,,,,,,,,Secondary,Extensive,1,Confirmado,0,No,0,No,0,No,0,No,0,No,0,No,1,0,1,0,1.0,0.9,1.0,0.9650000000000001,Alta Certeza (Grado I)
525,Chana de Reguera,,Hispania Tarraconensis,Spain,León,Cuenca Alta del Tuerto,,AT-18,,,,,42.50995074,-6.20838762,20.0,"Estimated from Sanchez-Palencia and Orejas 1994, fig. 15, IGN map, and Google Earth; corrected with https://servicios.jcyl.es/pweb/datosGIS.do?tipo=Yacimiento&numero=94300",,,,,,,TRUE,0.0,0.0,0.0,0.0,0.0,0.0,0.0,0.0,,"Sanchez-Palencia and Orejas 1994, 190",1.0,0.0,TRUE,,,,,,,,,Secondary,Selective - Extensive,1,Confirmado,0,No,0,No,0,No,0,No,0,No,0,No,1,0,1,0,1.0,0.9,1.0,0.9650000000000001,Alta Certeza (Grado I)
527,Chaparro Barrenado,,Hispania Baetica,Spain,Córdoba,Los Pedroches,,,CO 4,880.0,493.5,415.2,38.32708502,-4.90683199,100.0,"Converted in QGIS from Lambert coords, Madrid 1870",,,,,,,FALSE,1.0,1.0,1.0,0.0,0.0,0.0,0.0,0.0,,Domergue 1990: 48,0.0,1.0,FALSE,FALSE,FALSE,0.0,0.0,0.0,0.0,,Hard rock,Primary,,0,No,1,Confirmado,1,Confirmado,1,Confirmado,0,No,0,No,0,No,0,1,0,0,1.0,0.9,1.0,0.9650000000000001,Alta Certeza (Grado I)
528,Cheices,,Hispania Tarraconensis,Spain,León,Cuenca media del Sil,,MS-012,,,,,42.439722,-6.826583,1000.0,"Guessed from Google Earth and Sanchez-Palencia and Orejas 1994, fig. 16",,,,,,,TRUE,0.0,0.0,0.0,0.0,0.0,0.0,0.0,0.0,,"Sanchez-Palencia and Orejas 1994, 195",1.0,0.0,TRUE,,,,,,,,,Secondary,Selective,1,Confirmado,0,No,0,No,0,No,0,No,0,No,0,No,1,0,1,0,0.7,0.9,1.0,0.845,Alta Certeza (Grado I)
529,Chinflón,,Hispania Baetica,Spain,Huelva,Huelva,,,H 50,960.0,339.4,339.8,37.61503519,-6.64101067,100.0,"Converted in QGIS from Lambert coords, Madrid 1870",,,,,,,FALSE,0.0,0.0,1.0,0.0,0.0,0.0,0.0,0.0,,Domergue 1990: 61,,,FALSE,FALSE,FALSE,0.0,0.0,0.0,,,Pyrite,Primary,,0,No,0,No,1,Confirmado,0,No,0,No,0,No,0,No,0,0,0,0,1.0,0.9,1.0,0.9650000000000001,Alta Certeza (Grado I)
530,Cimera de la Collada / Los Collados - Las Vallinas,,Hispania Tarraconensis,Spain,León,Cuenca Alta del Orbigo,,AO-17,LE 20,128.0,418.3,901.7,42.69839759,-5.905742865,100.0,"Converted in QGIS from Lambert coords, Madrid 1870",,,,,,,TRUE,0.0,0.0,0.0,0.0,0.0,0.0,0.0,0.0,Google Earth shows extensive stone dumps or murias.,"Domergue 1990: 42; Sanchez-Palencia and Orejas 1994, 189",1.0,0.0,TRUE,,,,,,,,Tertiary alluvium,Secondary,Extensive,1,Confirmado,0,No,0,No,0,No,0,No,0,No,0,No,1,0,1,0,1.0,1.0,1.0,1.0,Alta Certeza (Grado I)
531,Cirujales,,Hispania Tarraconensis,Spain,León,Cuenca Alta del Orbigo,,,LE 51,128.0,405.3,911.8,42.78627194,-6.067636653,100.0,"Converted in QGIS from Lambert coords, Madrid 1870",,,,,,,TRUE,0.0,0.0,0.0,0.0,0.0,0.0,0.0,0.0,,Domergue 1990: 43,,,,,,,,,,,Quaternary terrace and river placer deposits,,,1,Confirmado,0,No,0,No,0,No,0,No,0,No,0,No,0,0,0,0,1.0,0.9,1.0,0.9650000000000001,Alta Certeza (Grado I)
532,Cobas de Fornas,,Hispania Tarraconensis,Spain,La Coruña,Galicia,,,C 8,95.0,207.9,927.0,42.85145789,-8.48684587,100.0,"Converted in QGIS from Lambert coords, Madrid 1870",,,,,,,FALSE,0.0,0.0,1.0,0.0,0.0,0.0,0.0,0.0,,Domergue 1990: 41,,,FALSE,FALSE,FALSE,0.0,0.0,0.0,,,Hard rock,,,0,No,0,No,1,Confirmado,0,No,0,No,0,No,0,No,0,0,0,0,1.0,0.9,1.0,0.9650000000000001,Alta Certeza (Grado I)
533,Cobatillas,,Hispania Tarraconensis,Spain,Ciudad Real,Alcudia,,,CR 18,808.0,524.4,452.8,38.66933798,-4.55740568,100.0,"Converted in QGIS from Lambert coords, Madrid 1870",,,,,,,FALSE,1.0,1.0,0.0,0.0,0.0,0.0,0.0,0.0,,Domergue 1990: 46,,,FALSE,FALSE,FALSE,0.0,0.0,0.0,,,,,,0,No,1,Confirmado,0,No,1,Confirmado,0,No,0,No,0,No,0,0,0,0,1.0,0.9,1.0,0.9650000000000001,Alta Certeza (Grado I)
535,Cogorderos I,,Hispania Tarraconensis,Spain,León,Cuenca Alta del Tuerto,,AT-27,,,,,42.541842,-6.023149,500.0,"Estimated from Sanchez-Palencia and Orejas 1994, fig. 15, and Google Earth",,,,,,,TRUE,0.0,0.0,0.0,0.0,0.0,0.0,0.0,0.0,,"Sanchez-Palencia and Orejas 1994, 190",1.0,0.0,TRUE,,,,,,,,,Secondary,Extensive,1,Confirmado,0,No,0,No,0,No,0,No,0,No,0,No,1,0,1,0,0.85,0.9,1.0,0.905,Alta Certeza (Grado I)
536,Cogorderos II,,Hispania Tarraconensis,Spain,León,Cuenca Alta del Tuerto,,AT-26,,,,,42.549609,-6.02227,500.0,"Estimated from Sanchez-Palencia and Orejas 1994, fig. 15, and Google Earth",,,,,,,TRUE,0.0,0.0,0.0,0.0,0.0,0.0,0.0,0.0,,"Sanchez-Palencia and Orejas 1994, 190",1.0,0.0,TRUE,,,,,,,,,Secondary,Extensive,1,Confirmado,0,No,0,No,0,No,0,No,0,No,0,No,1,0,1,0,0.85,0.9,1.0,0.905,Alta Certeza (Grado I)
537,Collada,,Hispania Tarraconensis,Spain,Oviedo,Cuenca del Esba o Canero,,ES-01,,,,,43.364638,-6.568056,500.0,Guessed from Google Eaerh,,,,,,,TRUE,0.0,0.0,0.0,0.0,0.0,0.0,0.0,0.0,,"Sanchez-Palencia and Orejas 1994, 193",,,,,,,,,,,,Primary,Selective,1,Confirmado,0,No,0,No,0,No,0,No,0,No,0,No,0,0,0,0,0.85,0.9,1.0,0.905,Alta Certeza (Grado I)
538,Collado de Trasmundo,,Hispania Tarraconensis,Spain,León,Cuenca Alta del Sil,,AS-03,,,,,42.891095,-6.336247,500.0,"Estimated from Sanchez-Palencia and Orejas 1994, fig. 14, and Google Earth",,,,,,,TRUE,0.0,0.0,0.0,0.0,0.0,0.0,0.0,0.0,Fed by aqueduct channel.," Sanchez-Palencia and Orejas 1994, 189; Matías Rodríguez 2013",1.0,0.0,TRUE,,,,,,,,,Primary,Extensive,1,Confirmado,0,No,0,No,0,No,0,No,0,No,0,No,1,0,1,0,0.85,0.9,1.0,0.905,Alta Certeza (Grado I)
539,Colmenarejo,,Hispania Tarraconensis,Spain,Madrid,,,,M 1,533.0,574.0,658.5,40.52705831,-3.995123268,100.0,"Converted in QGIS from Lambert coords, Madrid 1870",,,,,,,FALSE,0.0,0.0,1.0,0.0,0.0,0.0,0.0,0.0,,Domergue 1990: 64,0.0,1.0,FALSE,FALSE,FALSE,0.0,0.0,0.0,0.0,,,,,0,No,0,No,1,Confirmado,0,No,0,No,0,No,0,No,0,1,0,0,1.0,0.9,1.0,0.9650000000000001,Alta Certeza (Grado I)
540,Comba,,Hispania Tarraconensis,Spain,Oviedo,Cuenca del Narcea,,NA-24,,,,,43.203938,-6.645396,1000.0,"Google Earth, placename",,,,,,,TRUE,0.0,0.0,0.0,0.0,0.0,0.0,0.0,0.0,,"Sanchez-Palencia and Orejas 1994, 197",,,,,,,,,,,,Primary,Extensive,1,Confirmado,0,No,0,No,0,No,0,No,0,No,0,No,0,0,0,0,0.7,0.9,1.0,0.845,Alta Certeza (Grado I)
541,Compuerto,,Hispania Tarraconensis,Spain,Palencia,León,,,P 3,106.0,505.7,916.3,42.84468253,-4.841430979,100.0,"Converted in QGIS from Lambert coords, Madrid 1870",,,,,,,TRUE,0.0,0.0,0.0,0.0,0.0,0.0,0.0,0.0,,Domergue 1990: 42,,,,,,,,,,,Quaternary terrace,,,1,Confirmado,0,No,0,No,0,No,0,No,0,No,0,No,0,0,0,0,1.0,0.9,1.0,0.9650000000000001,Alta Certeza (Grado I)
542,Concepción,,Hispania Baetica,Spain,Huelva,Huelva,,,H 6,938.0,337.0,357.3,37.77196159,-6.67482944,100.0,"Converted in QGIS from Lambert coords, Madrid 1870",,,,,,,FALSE,0.0,0.0,1.0,0.0,0.0,0.0,0.0,0.0,,Domergue 1990: 62,0.0,1.0,FALSE,FALSE,FALSE,0.0,0.0,0.0,0.0,,Pyrite,Primary,,0,No,0,No,1,Confirmado,0,No,0,No,0,No,0,No,0,1,0,0,1.0,0.9,1.0,0.9650000000000001,Alta Certeza (Grado I)
543,Constantín,,Hispania Tarraconensis,Spain,Lugo,Cuenca Alta del Miño,,AM-02,,,,,42.89268,-7.241494,500.0,"Placename, Google Earth",,,,,,,TRUE,0.0,0.0,0.0,0.0,0.0,0.0,0.0,0.0,,"Sanchez-Palencia and Orejas 1994, 188",1.0,0.0,TRUE,,,,,,,,,Secondary,Extensive,1,Confirmado,0,No,0,No,0,No,0,No,0,No,0,No,1,0,1,0,0.85,0.9,1.0,0.905,Alta Certeza (Grado I)
545,Corcoesto,,Hispania Tarraconensis,Spain,La Coruña,Cuenca del Allones,,AL-01,C 2,44.0,181.9,970.3,43.22747548,-8.83494566,100.0,"Converted in QGIS from Lambert coords, Madrid 1870",,,,,,,TRUE,0.0,0.0,0.0,0.0,0.0,0.0,0.0,0.0,,"Domergue 1990: 40; Sanchez-Palencia and Orejas 1994, 188",0.0,1.0,FALSE,FALSE,FALSE,0.0,0.0,0.0,0.0,Modern exploitation estimates quartz veins at up to 148.5 g Au/t and silicified breccia veins at up to 46 g Au/t in narrow zones,Hard rock,Primary,Selective,1,Confirmado,0,No,0,No,0,No,0,No,0,No,0,No,0,1,0,0,1.0,1.0,1.0,1.0,Alta Certeza (Grado I)
547,Corno,,Hispania Tarraconensis,Spain,Orense,Cuenca media del Miño,,MM-19,,,,,42.24882,-7.661514,2000.0,Guessed from Google Earth and Sanchez-Palencia and Orejas 1994 fig. 12,,,,,,,TRUE,0.0,0.0,0.0,0.0,0.0,0.0,0.0,0.0,,"Sanchez-Palencia and Orejas 1994, 194",1.0,0.0,TRUE,,,,,,,,,Secondary,Selective - Extensive,1,Confirmado,0,No,0,No,0,No,0,No,0,No,0,No,1,0,1,0,0.5,0.9,1.0,0.765,Media Certeza (Grado II)
548,Cornollo,,Hispania Tarraconensis,Spain,Oviedo,Cuenca del Navia,,NV-51,,,,,43.175748,-6.819351,1000.0,"Placename, Google Earth, and Sanchez-Palencia and Orejas 1994, fig. 13.",,,,,,,TRUE,0.0,0.0,0.0,0.0,0.0,0.0,0.0,0.0,,"Sanchez-Palencia and Orejas 1994, 200",,,,,,,,,,,,Primary,Extensive,1,Confirmado,0,No,0,No,0,No,0,No,0,No,0,No,0,0,0,0,0.7,0.9,1.0,0.845,Alta Certeza (Grado I)
549,Corpiño,,Hispania Tarraconensis,Spain,Pontevedra,Galicia,,,PO 2,121.0,228.2,915.2,42.75495611,-8.231481851,100.0,"Converted in QGIS from Lambert coords, Madrid 1870",,,,,,,FALSE,0.0,0.0,0.0,1.0,0.0,0.0,0.0,0.0,"""As in the case of San Finx, these mines were worked by the ancients,  the method being to open up a trench or cast on the back of the lode,  thus forming a pile on either side""""; """"cavernous workings were sometimes resorted to"""". (Borlase 1897: 17). (This is what Borlase refers to as the ""Tyre and Sidon"" reservation near Fontao and Merza.)""",Borlase 1897: 17; Domergue 1990: 41,,,FALSE,FALSE,FALSE,0.0,0.0,0.0,,,,,,0,No,0,No,0,No,0,No,0,No,1,Confirmado,0,No,0,0,0,0,1.0,0.9,1.0,0.9650000000000001,Alta Certeza (Grado I)
550,Corralín I,,Hispania Tarraconensis,Spain,Oviedo,Cuenca del Navia,,NV-06,,,,,42.9651,-6.676629,0.0,"Google Earth, confirmed by photo at http://www.loasturiano.com/lugar-el-corralin-ruta-514",,,,,,,TRUE,0.0,0.0,0.0,0.0,0.0,0.0,0.0,0.0,,"Sanchez-Palencia and Orejas 1994, 199",1.0,0.0,TRUE,TRUE,FALSE,0.0,0.0,0.0,0.0,,,Primary,Extensive,1,Confirmado,0,No,0,No,0,No,0,No,0,No,0,No,1,0,1,0,1.0,0.9,1.0,0.9650000000000001,Alta Certeza (Grado I)
551,Corralín II,,Hispania Tarraconensis,Spain,Oviedo,Cuenca del Navia,,NV-05,,,,,42.969956,-6.670889,100.0,"Sanchez-Palencia and Orejas 1994, fig. 13; IGN map, and Google Earth.",,,,,,,TRUE,0.0,0.0,0.0,0.0,0.0,0.0,0.0,0.0,,"Sanchez-Palencia and Orejas 1994, 199",,,,,,,,,,,,Primary,Extensive,1,Confirmado,0,No,0,No,0,No,0,No,0,No,0,No,0,0,0,0,1.0,0.9,1.0,0.9650000000000001,Alta Certeza (Grado I)
552,Corralín III,,Hispania Tarraconensis,Spain,Oviedo,Cuenca del Navia,,NV-04,,,,,42.974329,-6.667113,500.0,"Guessed in relation to Corralín I and II from Google Earth and Sanchez-Palencia and Orejas 1994, fig. 13.",,,,,,,TRUE,0.0,0.0,0.0,0.0,0.0,0.0,0.0,0.0,,"Sanchez-Palencia and Orejas 1994, 199",,,,,,,,,,,,Primary,Extensive,1,Confirmado,0,No,0,No,0,No,0,No,0,No,0,No,0,0,0,0,0.85,0.9,1.0,0.905,Alta Certeza (Grado I)
553,Corrego de Brañal,,Hispania Tarraconensis,Spain,Oviedo,Cuenca del Navia,,NV-55,,,,,43.127573,-6.792312,1000.0,"Placename, Google Earth, and Sanchez-Palencia and Orejas 1994, fig. 13.",,,,,,,TRUE,0.0,0.0,0.0,0.0,0.0,0.0,0.0,0.0,,"Sanchez-Palencia and Orejas 1994, 200",1.0,0.0,TRUE,,,,,,,,,Secondary,Extensive,1,Confirmado,0,No,0,No,0,No,0,No,0,No,0,No,1,0,1,0,0.7,0.9,1.0,0.845,Alta Certeza (Grado I)
554,Pozos / Corta Valladar,,Hispania Tarraconensis,Spain,León,Cuenca del Eria,,ER-13,,,,,42.281831,-6.334052,0.0,Google Earth,,,,,,,TRUE,0.0,0.0,0.0,0.0,0.0,0.0,0.0,0.0,,"Sanchez-Palencia and Orejas 1994, 193",1.0,0.0,FALSE,FALSE,FALSE,0.0,0.0,0.0,0.0,Pozos; ore-crushing anvils now lying in the village.,,Primary,Extensive,1,Confirmado,0,No,0,No,0,No,0,No,0,No,0,No,0,0,1,0,1.0,0.9,1.0,0.9650000000000001,Alta Certeza (Grado I)
555,Cortas de Xuan Rata I,,Hispania Tarraconensis,Spain,Oviedo,Cuenca del Navia,,NV-38,,,,,43.276106,-6.690412,1000.0,"Guessed, very approximate after Sanchez-Palencia and Orejas 1994, fig. 13.",,,,,,,TRUE,0.0,0.0,0.0,0.0,0.0,0.0,0.0,0.0,,"Sanchez-Palencia and Orejas 1994, 200",,,,,,,,,,,,Primary,Selective - Extensive,1,Confirmado,0,No,0,No,0,No,0,No,0,No,0,No,0,0,0,0,0.7,0.9,1.0,0.845,Alta Certeza (Grado I)
556,Cortas de Xuan Rata II,,Hispania Tarraconensis,Spain,Oviedo,Cuenca del Navia,,NV-37,,,,,43.271021,-6.688449,1000.0,"Guessed, very approximate after Sanchez-Palencia and Orejas 1994, fig. 13.",,,,,,,TRUE,0.0,0.0,0.0,0.0,0.0,0.0,0.0,0.0,,"Sanchez-Palencia and Orejas 1994, 200",1.0,0.0,TRUE,TRUE,FALSE,0.0,0.0,0.0,0.0,,,Primary,Selective - Extensive,1,Confirmado,0,No,0,No,0,No,0,No,0,No,0,No,1,0,1,0,0.7,0.9,1.0,0.845,Alta Certeza (Grado I)
557,Cortijo de Peralbo,,Hispania Baetica,Spain,Córdoba,Los Pedroches,,,CO 49,859.0,501.2,424.1,38.40823539,-4.82000889,100.0,"Converted in QGIS from Lambert coords, Madrid 1870",,,,,,,FALSE,0.0,0.0,1.0,0.0,0.0,0.0,0.0,0.0,,Domergue 1990: 48,,,FALSE,FALSE,FALSE,0.0,0.0,0.0,,,Hard rock,Primary,,0,No,0,No,1,Confirmado,0,No,0,No,0,No,0,No,0,0,0,0,1.0,0.9,1.0,0.9650000000000001,Alta Certeza (Grado I)
558,Coto Fortuna,,Hispania Tarraconensis,Spain,Murcia,Cartagena-Mazarrón,,,MU 12,976.0,801.1,336.1,37.59743527,-1.409844499,100.0,"Converted in QGIS from Lambert coords, Madrid 1870",,,,,,Late Republican/early Julio-Claudia,FALSE,1.0,1.0,0.0,0.0,0.0,0.0,0.0,0.0,"Located in the Mazarron region it was a huge mining area as indicated by the archaeological remains of buildings, workings and mining waste (over 2.4 million tons). It had galleries measuring over 2 km in length. It was opened in the Republican period and was leased to mining companies.",Domergue 1990: 64,0.0,1.0,FALSE,FALSE,FALSE,0.0,0.0,0.0,0.0,Five ingots of the societas argentifodinarum Ilucronensium found here in the early 20th c.,,,,0,No,1,Confirmado,0,No,1,Confirmado,0,No,0,No,0,No,0,1,0,0,1.0,0.9,1.0,0.9650000000000001,Alta Certeza (Grado I)
559,Cotofia,,Hispania Tarraconensis,Spain,Ciudad Real,Alcudia,,,CR 27,835.0,552.0,443.0,38.58296146,-4.23929458,100.0,"Converted in QGIS from Lambert coords, Madrid 1870",,,,,,,FALSE,1.0,1.0,0.0,0.0,0.0,0.0,0.0,0.0,,Domergue 1990: 46,,,FALSE,FALSE,FALSE,0.0,0.0,0.0,,,,,,0,No,1,Confirmado,0,No,1,Confirmado,0,No,0,No,0,No,0,0,0,0,1.0,0.9,1.0,0.9650000000000001,Alta Certeza (Grado I)
560,Couso / Vega Misada - Los Lagos,,Hispania Tarraconensis,Spain,León,Cuencas de Cúa y Burbia,,CB-32,LE 4,158.0,350.7,898.7,42.656124,-6.726638,100.0,"Converted in QGIS from Lambert coords, Madrid 1870, adjusted with Google Earth.",,,,,,,TRUE,0.0,0.0,0.0,0.0,0.0,0.0,0.0,0.0,,"Domergue 1990: 44; Sanchez-Palencia and Orejas 1994, 192",1.0,0.0,TRUE,,,,,,,,Terrace,Secondary,Extensive,1,Confirmado,0,No,0,No,0,No,0,No,0,No,0,No,1,0,1,0,1.0,1.0,1.0,1.0,Alta Certeza (Grado I)
561,Cousos,,Hispania Tarraconensis,Spain,León,Cuenca Alta del Orbigo,,,LE 52,128.0,405.4,910.4,42.77369785,-6.0659586,100.0,"Converted in QGIS from Lambert coords, Madrid 1870",,,,,,,TRUE,0.0,0.0,0.0,0.0,0.0,0.0,0.0,0.0,,Domergue 1990: 42,,,,,,,,,,,Hard rock,,,1,Confirmado,0,No,0,No,0,No,0,No,0,No,0,No,0,0,0,0,1.0,0.9,1.0,0.9650000000000001,Alta Certeza (Grado I)
563,Covas / Covarradeiras,,Hispania Tarraconensis,Spain,La Coruña,Zona de Prior y Valdoviños,,PV-01,C 5,21.0,229.6,1003.2,43.54639773,-8.2696313,100.0,"Converted in QGIS from Lambert coords, Madrid 1870",,,,,,,?,0.0,0.0,1.0,0.0,0.0,0.0,0.0,0.0,,"Domergue 1990: 41; Sanchez-Palencia and Orejas 1994, 201",,,,,,,,,,,Hard rock,Primary,Selective,1,Hipotetico,0,No,1,Confirmado,0,No,0,No,0,No,0,No,0,0,0,0,1.0,1.0,1.0,1.0,Alta Certeza (Grado I)
564,Covas,,Hispania Tarraconensis,Spain,Oviedo,Cuenca del Navia,,NV-81,,,,,43.04589,-6.991571,500.0,"Placename, IGN map, Google Earth, and Sanchez-Palencia and Orejas 1994, fig. 13.",,,,,,,TRUE,0.0,0.0,0.0,0.0,0.0,0.0,0.0,0.0,,"Sanchez-Palencia and Orejas 1994, 201",,,,,,,,,,,,Primary,Extensive,1,Confirmado,0,No,0,No,0,No,0,No,0,No,0,No,0,0,0,0,0.85,0.9,1.0,0.905,Alta Certeza (Grado I)
566,Cruz de la Curiaoz,,Hispania Baetica,Spain,Córdoba,Los Pedroches,,,CO 103,859.0,513.4,425.4,38.42126628,-4.68039707,100.0,"Converted in QGIS from Lambert coords, Madrid 1870",,,,,,,FALSE,0.0,0.0,1.0,0.0,0.0,0.0,0.0,0.0,,Domergue 1990: 48,,,FALSE,FALSE,FALSE,0.0,0.0,0.0,,,Hard rock,Primary,,0,No,0,No,1,Confirmado,0,No,0,No,0,No,0,No,0,0,0,0,1.0,0.9,1.0,0.9650000000000001,Alta Certeza (Grado I)
567,Cuartín de los Moros,,Hispania Tarraconensis,Spain,León,Cuenca Alta del Orbigo,,AO-04,,,,,42.744506,-6.087344,1000.0,"Estimated from Sanchez-Palencia and Orejas 1994, fig. 15, IGN map placename, and Google Earth",,,,,,,TRUE,0.0,0.0,0.0,0.0,0.0,0.0,0.0,0.0,,"Sanchez-Palencia and Orejas 1994, 188; Melcón 2010",,,,,,,,,,,,Primary,Extensive,1,Confirmado,0,No,0,No,0,No,0,No,0,No,0,No,0,0,0,0,0.7,0.9,1.0,0.845,Alta Certeza (Grado I)
568,Cubillas,,Hispania Tarraconensis,Spain,León,Cuenca del Boeza,,BO-18,,,,,42.645041,-6.285813,500.0,"Estimated from Sanchez-Palencia and Orejas 1994, fig. 14, IGN map, and Google Earth",,,,,,,TRUE,0.0,0.0,0.0,0.0,0.0,0.0,0.0,0.0,,"Sanchez-Palencia and Orejas 1994, 191",1.0,0.0,TRUE,,,,,,,,,Secondary,Extensive,1,Confirmado,0,No,0,No,0,No,0,No,0,No,0,No,1,0,1,0,0.85,0.9,1.0,0.905,Alta Certeza (Grado I)
569,Cuenca del Oro,,Hispania Tarraconensis,Spain,Oviedo,Cuenca del Navia,,NV-18,,,,,43.03506,-6.862859,500.0,"Guessed in relation to Villarcebollín and other Cecos sites from Google Earth and Sanchez-Palencia and Orejas 1994, fig. 13.",,,,,,,TRUE,0.0,0.0,0.0,0.0,0.0,0.0,0.0,0.0,,"Sanchez-Palencia and Orejas 1994, 199",,,,,,,,,,,,Primary,Selective - Extensive,1,Confirmado,0,No,0,No,0,No,0,No,0,No,0,No,0,0,0,0,0.85,0.9,1.0,0.905,Alta Certeza (Grado I)
570,Cuentas,,Hispania Tarraconensis,Spain,Oviedo,Cuenca del Navia,,NV-25,,,,,43.029604,-6.872695,500.0,"Google Earth, IGN map, and Sanchez-Palencia and Orejas 1994, fig. 13.",,,,,,,TRUE,0.0,0.0,0.0,0.0,0.0,0.0,0.0,0.0,,"Sanchez-Palencia and Orejas 1994, 199",1.0,0.0,TRUE,,,,,,,,,Secondary,Extensive,1,Confirmado,0,No,0,No,0,No,0,No,0,No,0,No,1,0,1,0,0.85,0.9,1.0,0.905,Alta Certeza (Grado I)
571,Cuesta de Romo,,Hispania Baetica,Spain,Córdoba,Los Pedroches,,,CO 90,859.0,501.7,420.0,38.37132984,-4.81368711,100.0,"Converted in QGIS from Lambert coords, Madrid 1870",,,,,,,FALSE,0.0,0.0,1.0,0.0,0.0,0.0,0.0,0.0,,Domergue 1990: 48,,,FALSE,FALSE,FALSE,0.0,0.0,0.0,,,Hard rock,Primary,,0,No,0,No,1,Confirmado,0,No,0,No,0,No,0,No,0,0,0,0,1.0,0.9,1.0,0.9650000000000001,Alta Certeza (Grado I)
572,Cuesta del Caballo,,Hispania Tarraconensis,Spain,León,Cuenca Alta del Orbigo,,AO-32,,,,,42.76759,-5.763846,500.0,"Estimated from Sanchez-Palencia and Orejas 1994, fig. 15, and features on Google Earth",,,,,,,TRUE,0.0,0.0,0.0,0.0,0.0,0.0,0.0,0.0,,"Sanchez-Palencia and Orejas 1994, 189",1.0,0.0,TRUE,,,,,,,,,Secondary,Extensive,1,Confirmado,0,No,0,No,0,No,0,No,0,No,0,No,1,0,1,0,0.85,0.9,1.0,0.905,Alta Certeza (Grado I)
573,Cueva de la Lapa,,Hispania Baetica,Spain,Huelva,Picos de Aroche,,,H 32,895.0,316.3,396.7,38.12040179,-6.92596891,100.0,"Converted in QGIS from Lambert coords, Madrid 1870",,,,,,,FALSE,0.0,0.0,1.0,0.0,0.0,0.0,0.0,0.0,,Domergue 1990: 61,,,FALSE,FALSE,FALSE,0.0,0.0,0.0,,,Hard rock,Primary,,0,No,0,No,1,Confirmado,0,No,0,No,0,No,0,No,0,0,0,0,1.0,0.9,1.0,0.9650000000000001,Alta Certeza (Grado I)
574,Cueva de la Mora,,Hispania Baetica,Spain,Huelva,Huelva,,,H 2,938.0,324.2,358.9,37.78241534,-6.82072052,100.0,"Converted in QGIS from Lambert coords, Madrid 1870",,,,,,,FALSE,1.0,0.0,1.0,0.0,0.0,0.0,0.0,0.0,,Domergue 1990: 62,,,FALSE,FALSE,FALSE,0.0,0.0,0.0,,,Pyrite,Primary,,0,No,1,Confirmado,1,Confirmado,0,No,0,No,0,No,0,No,0,0,0,0,1.0,0.9,1.0,0.9650000000000001,Alta Certeza (Grado I)
575,Cueva de la Paloma,,Hispania Baetica,Spain,Almería,Almería,,,AL 5,995.0,709.9,305.4,37.33702823,-2.44762284,100.0,"Converted in QGIS from Lambert coords, Madrid 1870",,,,,,,FALSE,0.0,0.0,1.0,0.0,0.0,0.0,0.0,0.0,,Domergue 1990: 64,,,FALSE,FALSE,FALSE,0.0,0.0,0.0,,,,,,0,No,0,No,1,Confirmado,0,No,0,No,0,No,0,No,0,0,0,0,1.0,0.9,1.0,0.9650000000000001,Alta Certeza (Grado I)
576,Cueva de Xuan Rata,,Hispania Tarraconensis,Spain,Oviedo,Cuenca del Navia,,NV-36,,,,,43.277882,-6.690545,0.0,"GPS, site visit 2010",,,,,,,TRUE,0.0,0.0,0.0,0.0,0.0,0.0,0.0,0.0,Underground adit driven into hillside; prospection?,"Sanchez-Palencia and Orejas 1994, 200",0.0,1.0,FALSE,FALSE,FALSE,0.0,0.0,0.0,0.0,,Hard rock,Primary,Selective,1,Confirmado,0,No,0,No,0,No,0,No,0,No,0,No,0,1,0,0,1.0,0.9,1.0,0.9650000000000001,Alta Certeza (Grado I)
577,Cueva del Hierro,,Hispania Tarraconensis,Spain,Cuenca,,,,,,,,40.58513,-2.037399,0.0,http://www.cuevadelhierro.com/como-llegar-accesos-a-la-mina/,,,,,,,FALSE,0.0,0.0,0.0,0.0,1.0,0.0,0.0,0.0,,http://www.cuevadelhierro.com/,0.0,1.0,FALSE,FALSE,FALSE,0.0,0.0,0.0,0.0,,,,,0,No,0,No,0,No,0,No,0,No,0,No,1,Confirmado,0,1,0,0,1.0,0.75,1.0,0.9125,Alta Certeza (Grado I)
578,Cueva del Monje,,Hispania Baetica,Spain,Huelva,Huelva,,,H 35,961.0,354.5,327.9,37.51221271,-6.46581346,100.0,"Converted in QGIS from Lambert coords, Madrid 1870",,,,,,,FALSE,0.0,0.0,1.0,0.0,0.0,0.0,0.0,0.0,,Domergue 1990: 61,,,FALSE,FALSE,FALSE,0.0,0.0,0.0,,,Pyrite,Primary,,0,No,0,No,1,Confirmado,0,No,0,No,0,No,0,No,0,0,0,0,1.0,0.9,1.0,0.9650000000000001,Alta Certeza (Grado I)
579,Dehesa,,Hispania Baetica,Spain,Badajoz,Azuaga-Fuenteovejuna,,,BA 25,878.0,415.2,409.1,38.25890445,-5.80105636,100.0,"Converted in QGIS from Lambert coords, Madrid 1870",,,,,,,FALSE,1.0,1.0,0.0,0.0,0.0,0.0,0.0,0.0,,Domergue 1990: 46,0.0,1.0,FALSE,FALSE,FALSE,0.0,0.0,0.0,0.0,,Hard rock,Primary,,0,No,1,Confirmado,0,No,1,Confirmado,0,No,0,No,0,No,0,1,0,0,1.0,0.9,1.0,0.9650000000000001,Alta Certeza (Grado I)
580,Dehesa Boyal,,Hispania Baetica,Spain,Córdoba,Los Pedroches,,,CO 91,859.0,500.7,417.4,38.34777592,-4.82475832,100.0,"Converted in QGIS from Lambert coords, Madrid 1870",,,,,,,FALSE,0.0,0.0,1.0,0.0,0.0,0.0,0.0,0.0,,Domergue 1990: 48,,,FALSE,FALSE,FALSE,0.0,0.0,0.0,,,Hard rock,Primary,,0,No,0,No,1,Confirmado,0,No,0,No,0,No,0,No,0,0,0,0,1.0,0.9,1.0,0.9650000000000001,Alta Certeza (Grado I)
581,Dehesa de Covatillas,,Hispania Baetica,Spain,Córdoba,Posadas,,,CO 8,922.0,485.3,364.2,37.86631756,-4.99212838,100.0,"Converted in QGIS from Lambert coords, Madrid 1870",,,,,,,FALSE,1.0,1.0,,0.0,0.0,0.0,0.0,0.0,,Domergue 1990: 45,,,FALSE,FALSE,FALSE,0.0,0.0,0.0,,,Hard rock,Primary,,0,No,1,Confirmado,0,No,1,Confirmado,0,No,0,No,0,No,0,0,0,0,1.0,0.9,1.0,0.9650000000000001,Alta Certeza (Grado I)
582,Dehesa de la Mesa,,Hispania Baetica,Spain,Badajoz,Azuaga-Fuenteovejuna,,,BA 17,878.0,434.9,401.2,38.19168364,-5.57395462,100.0,"Converted in QGIS from Lambert coords, Madrid 1870",,,,,,,FALSE,1.0,1.0,0.0,0.0,0.0,0.0,0.0,0.0,,Domergue 1990: 46,0.0,1.0,FALSE,FALSE,FALSE,0.0,0.0,0.0,0.0,,Hard rock,Primary,,0,No,1,Confirmado,0,No,1,Confirmado,0,No,0,No,0,No,0,1,0,0,1.0,0.9,1.0,0.9650000000000001,Alta Certeza (Grado I)
583,Dehesa de los Llanos,,Hispania Baetica,Spain,Córdoba,Córdoba,,,CO 118,902.0,501.8,381.4,38.0233743,-4.80699259,100.0,"Converted in QGIS from Lambert coords, Madrid 1870",,,,,,,FALSE,0.0,0.0,1.0,0.0,0.0,0.0,0.0,0.0,,Domergue 1990: 47,,,FALSE,FALSE,FALSE,0.0,0.0,0.0,,,Hard rock,,,0,No,0,No,1,Confirmado,0,No,0,No,0,No,0,No,0,0,0,0,1.0,0.9,1.0,0.9650000000000001,Alta Certeza (Grado I)
584,Dehesa de Quirós,,Hispania Baetica,Spain,Córdoba,Los Pedroches,,,CO 95,881.0,504.0,415.4,38.33011872,-4.78670049,100.0,"Converted in QGIS from Lambert coords, Madrid 1870",,,,,,,FALSE,0.0,0.0,1.0,0.0,0.0,0.0,0.0,0.0,,Domergue 1990: 48,,,FALSE,FALSE,FALSE,0.0,0.0,0.0,,,Hard rock,Primary,,0,No,0,No,1,Confirmado,0,No,0,No,0,No,0,No,0,0,0,0,1.0,0.9,1.0,0.9650000000000001,Alta Certeza (Grado I)
585,Dehesa Lavera,,Hispania Baetica,Spain,Córdoba,Los Pedroches,,,CO 64,858.0,483.4,433.5,38.49075602,-5.02555274,100.0,"Converted in QGIS from Lambert coords, Madrid 1870",,,,,,,FALSE,0.0,0.0,1.0,0.0,0.0,0.0,0.0,0.0,,Domergue 1990: 48,,,FALSE,FALSE,FALSE,0.0,0.0,0.0,,,Hard rock,Primary,,0,No,0,No,1,Confirmado,0,No,0,No,0,No,0,No,0,0,0,0,1.0,0.9,1.0,0.9650000000000001,Alta Certeza (Grado I)
586,Dehesa Quebradillas,,Hispania Baetica,Spain,Córdoba,Los Pedroches,,,CO 34,860.0,529.3,421.7,38.38935788,-4.49780491,100.0,"Converted in QGIS from Lambert coords, Madrid 1870",,,,,,,FALSE,0.0,0.0,1.0,0.0,0.0,0.0,0.0,0.0,,Domergue 1990: 47,0.0,1.0,FALSE,FALSE,FALSE,0.0,0.0,0.0,0.0,,Hard rock,Primary,,0,No,0,No,1,Confirmado,0,No,0,No,0,No,0,No,0,1,0,0,1.0,0.9,1.0,0.9650000000000001,Alta Certeza (Grado I)
587,Diana,,Hispania Baetica,Spain,Sevilla,Sevilla,,,SE 5,939.0,373.8,353.1,37.74445608,-6.255768279,100.0,"Converted in QGIS from Lambert coords, Madrid 1870",,,,,,,FALSE,1.0,1.0,0.0,0.0,0.0,0.0,0.0,0.0,,Domergue 1990: 48,,,FALSE,FALSE,FALSE,0.0,0.0,0.0,,,Hard rock,Primary,,0,No,1,Confirmado,0,No,1,Confirmado,0,No,0,No,0,No,0,0,0,0,1.0,0.9,1.0,0.9650000000000001,Alta Certeza (Grado I)
588,Diógenes,,Hispania Tarraconensis,Spain,Ciudad Real,Alcudia,,,CR 39,862.0,593.7,425.8,38.42919649,-3.76014518,100.0,"Converted in QGIS from Lambert coords, Madrid 1870",,,,,,,FALSE,1.0,1.0,0.0,0.0,0.0,0.0,0.0,0.0,,Domergue 1990: 46,1.0,1.0,FALSE,FALSE,FALSE,0.0,0.0,0.0,0.0,,,,,0,No,1,Confirmado,0,No,1,Confirmado,0,No,0,No,0,No,0,1,1,0,1.0,0.9,1.0,0.9650000000000001,Alta Certeza (Grado I)
589,Dolores,,Hispania Baetica,Spain,Ciudad Real,,,,CR 21,682.0,497.2,545.5,39.5023367,-4.88450842,100.0,"Converted in QGIS from Lambert coords, Madrid 1870",,,,,,,FALSE,1.0,1.0,0.0,0.0,0.0,0.0,0.0,0.0,,Domergue 1990: 49,,,FALSE,FALSE,FALSE,0.0,0.0,0.0,,,Hard rock,Primary,,0,No,1,Confirmado,0,No,1,Confirmado,0,No,0,No,0,No,0,0,0,0,1.0,0.9,1.0,0.9650000000000001,Alta Certeza (Grado I)
590,Dozón,,Hispania Tarraconensis,Spain,Pontevedra,Cuenca del Deza,,DE-01,,,,,42.570297,-8.048891,1000.0,"Placename, Google Earth",,,,,,,TRUE,0.0,0.0,0.0,0.0,0.0,0.0,0.0,0.0,,"Sanchez-Palencia and Orejas 1994, 192",,,,,,,,,,,,Primary,Selective,1,Confirmado,0,No,0,No,0,No,0,No,0,No,0,No,0,0,0,0,0.7,0.9,1.0,0.845,Alta Certeza (Grado I)
591,El Aramo,,Hispania Tarraconensis,Spain,Oviedo,Asturias,,,O 20,52.0,420.4,956.0,43.1874306,-5.896539862,100.0,"Converted in QGIS from Lambert coords, Madrid 1870",,,,,,,FALSE,0.0,0.0,1.0,0.0,0.0,0.0,0.0,0.0,,Domergue 1990: 42,,,FALSE,FALSE,FALSE,0.0,0.0,0.0,,,Hard rock,,,0,No,0,No,1,Confirmado,0,No,0,No,0,No,0,No,0,0,0,0,1.0,0.9,1.0,0.9650000000000001,Alta Certeza (Grado I)
592,El Aro la Gándara,,Hispania Tarraconensis,Spain,León,Cuenca del Boeza,,BO-16,,,,,42.652513,-6.34146,200.0,"Estimated from Sanchez-Palencia and Orejas 1994, fig. 14, IGN map, and Google Earth",,,,,,,TRUE,0.0,0.0,0.0,0.0,0.0,0.0,0.0,0.0,,"Sanchez-Palencia and Orejas 1994, 191",1.0,0.0,TRUE,,,,,,,,,Secondary,Extensive,1,Confirmado,0,No,0,No,0,No,0,No,0,No,0,No,1,0,1,0,0.85,0.9,1.0,0.905,Alta Certeza (Grado I)
593,El Bachicón de Fresnedo,,Hispania Tarraconensis,Spain,Oviedo,Cuenca del Narcea,,NA-26,O 1,50.0,361.7,965.3,43.25583997,-6.621699584,100.0,"Converted in QGIS from Lambert coords, Madrid 1870",,,,,,,TRUE,0.0,0.0,0.0,0.0,0.0,0.0,0.0,0.0,,"Domergue 1990: 42; Sanchez-Palencia and Orejas 1994, 197",1.0,0.0,FALSE,FALSE,FALSE,0.0,0.0,0.0,0.0,,Hard rock,Primary,Selective - Extensive,1,Confirmado,0,No,0,No,0,No,0,No,0,No,0,No,0,0,1,0,1.0,1.0,1.0,1.0,Alta Certeza (Grado I)
594,El Barrero,,Hispania Tarraconensis,Spain,León,Cuenca Alta del Tuerto,,AT-20,,,,,42.500821,-6.166731,500.0,"Estimated from Sanchez-Palencia and Orejas 1994, figs 8 and 15, IGN map, and Google Earth",,,,,,,TRUE,0.0,0.0,0.0,0.0,0.0,0.0,0.0,0.0,,"Sanchez-Palencia and Orejas 1994, 190; 224 fig. 8",1.0,0.0,TRUE,,,,,,,,,Secondary,Selective - Extensive,1,Confirmado,0,No,0,No,0,No,0,No,0,No,0,No,1,0,1,0,0.85,0.9,1.0,0.905,Alta Certeza (Grado I)
595,El Barrero,,Hispania Tarraconensis,Spain,León,Cuenca media del Sil,,MS-080,,,,,42.433849,-6.717874,500.0,"Guessed from Google Earth and Sanchez-Palencia and Orejas 1994, fig. 16",,,,,,,TRUE,0.0,0.0,0.0,0.0,0.0,0.0,0.0,0.0,,"Sanchez-Palencia and Orejas 1994, 196",1.0,0.0,TRUE,,,,,,,,,Secondary,Extensive,1,Confirmado,0,No,0,No,0,No,0,No,0,No,0,No,1,0,1,0,0.85,0.9,1.0,0.905,Alta Certeza (Grado I)
596,El Borracho,,Hispania Tarraconensis,Spain,Badajoz,Alcudia,,,BA 46,781.0,492.3,477.0,38.88410269,-4.93042278,100.0,"Converted in QGIS from Lambert coords, Madrid 1870",,,,,,,FALSE,1.0,1.0,1.0,0.0,0.0,0.0,0.0,0.0,,Domergue 1990: 46,,,FALSE,FALSE,FALSE,0.0,0.0,0.0,,,,,,0,No,1,Confirmado,1,Confirmado,1,Confirmado,0,No,0,No,0,No,0,0,0,0,1.0,0.9,1.0,0.9650000000000001,Alta Certeza (Grado I)
597,El Bronce,,Hispania Tarraconensis,Spain,Oviedo,Cuenca del Narcea,,NA-45,,,,,43.303133,-6.257703,1000.0,"Estimated from Sanchez-Palencia and Orejas 1994, fig. 13, IGN map, and Google Earth",Location guessed,,,,,,TRUE,0.0,0.0,0.0,0.0,0.0,0.0,0.0,0.0,,"Sanchez-Palencia and Orejas 1994, 198",,,,,,,,,,,,Secondary - Primary,Selective - Extensive,1,Confirmado,0,No,0,No,0,No,0,No,0,No,0,No,0,0,0,0,0.7,0.9,1.0,0.845,Alta Certeza (Grado I)
598,El Buho,,Hispania Baetica,Spain,Badajoz,La Serena,,,BA 34,805.0,439.4,462.7,38.74690711,-5.53713651,100.0,"Converted in QGIS from Lambert coords, Madrid 1870",,,,,,,FALSE,1.0,1.0,0.0,0.0,0.0,0.0,0.0,0.0,,Domergue 1990: 45,,,FALSE,FALSE,FALSE,0.0,0.0,0.0,,,Hard rock,Primary,,0,No,1,Confirmado,0,No,1,Confirmado,0,No,0,No,0,No,0,0,0,0,1.0,0.9,1.0,0.9650000000000001,Alta Certeza (Grado I)
599,El Burcio,,Hispania Tarraconensis,Spain,Ciudad Real,Alcudia,,,CR 35,836.0,573.6,439.7,38.55414094,-3.99105831,100.0,"Converted in QGIS from Lambert coords, Madrid 1870",,,,,,,FALSE,1.0,1.0,0.0,0.0,0.0,0.0,0.0,0.0,,Domergue 1990: 46,,,FALSE,FALSE,FALSE,0.0,0.0,0.0,,,,,,0,No,1,Confirmado,0,No,1,Confirmado,0,No,0,No,0,No,0,0,0,0,1.0,0.9,1.0,0.9650000000000001,Alta Certeza (Grado I)
601,El Cabrucal de Trelles,,Hispania Tarraconensis,Spain,Oviedo,Cuenca del Navia,,NV-80,O 8.ii,26.0,354.0,991.0,43.48458266,-6.727207833,100.0,"Converted in QGIS from Lambert coords, Madrid 1870; Placename, IGN map, Google Earth, and Sanchez-Palencia and Orejas 1994, fig. 13.",The same as Domergue's Rio Navia 2 site O 8.ii,,,,,,TRUE,0.0,0.0,0.0,0.0,0.0,0.0,0.0,0.0,,"Domergue 1990:42; Sanchez-Palencia and Orejas 1994, 201",1.0,0.0,TRUE,FALSE,TRUE,0.0,1.0,0.0,0.0,,Quaternary Terrace,Secondary,Selective - Extensive,1,Confirmado,0,No,0,No,0,No,0,No,0,No,0,No,1,0,1,0,1.0,1.0,1.0,1.0,Alta Certeza (Grado I)
602,El Calvo,,Hispania Baetica,Spain,Badajoz,Azuaga-Fuenteovejuna,,,BA 26,878.0,413.7,411.7,38.28201657,-5.81891239,100.0,"Converted in QGIS from Lambert coords, Madrid 1870",,,,,,,FALSE,1.0,1.0,0.0,0.0,0.0,0.0,0.0,0.0,,Domergue 1990: 46,0.0,1.0,FALSE,FALSE,FALSE,0.0,0.0,0.0,0.0,,Hard rock,Primary,,0,No,1,Confirmado,0,No,1,Confirmado,0,No,0,No,0,No,0,1,0,0,1.0,0.9,1.0,0.9650000000000001,Alta Certeza (Grado I)
603,El Campillo,,Hispania Baetica,Spain,Huelva,Picos de Aroche,,,H 27,895.0,319.0,389.6,38.05731622,-6.89226707,100.0,"Converted in QGIS from Lambert coords, Madrid 1870",,,,,,,FALSE,0.0,0.0,1.0,0.0,0.0,0.0,0.0,0.0,,Domergue 1990: 61,,,FALSE,FALSE,FALSE,0.0,0.0,0.0,,,Hard rock,Primary,,0,No,0,No,1,Confirmado,0,No,0,No,0,No,0,No,0,0,0,0,1.0,0.9,1.0,0.9650000000000001,Alta Certeza (Grado I)
604,El Canalón,,Hispania Tarraconensis,Spain,León,Sierra del Teleno,,TE-05,,,,,42.321874,-6.329764,500.0,"Estimated from Sanchez-Palencia and Orejas 1994, fig. 17, IGN map, and Google Earth",,,,,,,TRUE,0.0,0.0,0.0,0.0,0.0,0.0,0.0,0.0,,"Sanchez-Palencia and Orejas 1994, 201",,,,,,,,,,,,Secondary - Primary,Selective - Extensive,1,Confirmado,0,No,0,No,0,No,0,No,0,No,0,No,0,0,0,0,0.85,0.9,1.0,0.905,Alta Certeza (Grado I)
605,El Carbedón - Las Lastras,,Hispania Tarraconensis,Spain,León,Cuencas de Cúa y Burbia,,CB-25,,,,,42.667622,-6.82623,500.0,"Estimated from Sanchez-Palencia and Orejas 1994, fig. 14, IGN map, and Google Earth",,,,,,,TRUE,0.0,0.0,0.0,0.0,0.0,0.0,0.0,0.0,,"Sanchez-Palencia and Orejas 1994, 192",1.0,0.0,TRUE,,,,,,,,,Secondary,Selective - Extensive,1,Confirmado,0,No,0,No,0,No,0,No,0,No,0,No,1,0,1,0,0.85,0.9,1.0,0.905,Alta Certeza (Grado I)
606,El Cardal - Los Regueiricos,,Hispania Tarraconensis,Spain,León,Sierra del Teleno,,TE-10,,,,,42.328407,-6.410587,200.0,"Estimated from Sanchez-Palencia and Orejas 1994, fig. 17, IGN map, and Google Earth",,,,,,,TRUE,0.0,0.0,0.0,0.0,0.0,0.0,0.0,0.0,,"Sanchez-Palencia and Orejas 1994, 202",1.0,0.0,TRUE,,,,,,,,,Secondary,Selective - Extensive,1,Confirmado,0,No,0,No,0,No,0,No,0,No,0,No,1,0,1,0,0.85,0.9,1.0,0.905,Alta Certeza (Grado I)
607,El Carpio,,Hispania Baetica,Spain,Huelva,Huelva,,,H 24,937.0,310.7,362.7,37.81226434,-6.97552107,100.0,"Converted in QGIS from Lambert coords, Madrid 1870",,,,,,,FALSE,0.0,0.0,1.0,0.0,0.0,0.0,0.0,0.0,,Domergue 1990: 62,0.0,1.0,FALSE,FALSE,FALSE,0.0,0.0,0.0,0.0,,Pyrite,Primary,,0,No,0,No,1,Confirmado,0,No,0,No,0,No,0,No,0,1,0,0,1.0,0.9,1.0,0.9650000000000001,Alta Certeza (Grado I)
608,El Carril,,Hispania Tarraconensis,Spain,León,Cuenca del Eria,,ER-17,,,,,42.255556,-6.28292,200.0,"Estimated from Sanchez-Palencia and Orejas 1994, fig. 17 and Google Earth",,,,,,,TRUE,0.0,0.0,0.0,0.0,0.0,0.0,0.0,0.0,,"Sanchez-Palencia and Orejas 1994, 193",1.0,0.0,TRUE,FALSE,FALSE,0.0,0.0,0.0,0.0,,,Secondary,Extensive,1,Confirmado,0,No,0,No,0,No,0,No,0,No,0,No,1,0,1,0,0.85,0.9,1.0,0.905,Alta Certeza (Grado I)
609,El Carrozo de la Fucarona,,Hispania Tarraconensis,Spain,León,Cuencas del Turienzo y Jerega,,TJ-18,LE 35,192.0,389.0,878.3,42.480441,-6.251635,0.0,"Converted in QGIS from Lambert coords, Madrid 1870, adjusted with Google Earth.",,,,,,,TRUE,0.0,0.0,0.0,0.0,0.0,0.0,0.0,0.0,,"Domergue 1990: 43; Sanchez-Palencia and Orejas 1994, 202",1.0,0.0,TRUE,,,,,,,,,Secondary,Extensive,1,Confirmado,0,No,0,No,0,No,0,No,0,No,0,No,1,0,1,0,1.0,1.0,1.0,1.0,Alta Certeza (Grado I)
610,El Castillo,,Hispania Tarraconensis,Spain,Jaén,Linares - La Carolina,,,J 19,884.0,607.8,411.2,38.29755179,-3.59870814,100.0,"Converted in QGIS from Lambert coords, Madrid 1870",,,,,,,FALSE,1.0,1.0,0.0,0.0,0.0,0.0,0.0,0.0,,Domergue 1990: 45,0.0,1.0,FALSE,FALSE,FALSE,0.0,0.0,0.0,0.0,,Hard rock,,,0,No,1,Confirmado,0,No,1,Confirmado,0,No,0,No,0,No,0,1,0,0,1.0,0.9,1.0,0.9650000000000001,Alta Certeza (Grado I)
612,El Centenillo,,Hispania Tarraconensis,Spain,Jaén,Linares - La Carolina,,,J 12,862.0,595.7,415.8,38.33904894,-3.73715927,100.0,"Converted in QGIS from Lambert coords, Madrid 1870",,-300.0,-200.0,,,,FALSE,1.0,1.0,0.0,0.0,0.0,0.0,0.0,0.0,Large underground Roman silver and lead mine. Based on archeaological finds including coins the mining started in the 2nd century BC. Five Archimedes’ screws have been found along with mining tools. The mines went to a depth of 225 metres.,Domergue 1971: 265-363; Domergue 1990: 45,0.0,1.0,FALSE,FALSE,FALSE,0.0,0.0,0.0,0.0,,Hard rock,,,0,No,1,Confirmado,0,No,1,Confirmado,0,No,0,No,0,No,0,1,0,0,1.0,0.9,1.0,0.9650000000000001,Alta Certeza (Grado I)
613,El Charcón,,Hispania Baetica,Spain,Murcia,Almería,,,MU 1,997.0,780.5,320.6,37.46227813,-1.647137774,100.0,"Converted in QGIS from Lambert coords, Madrid 1870",,,,,,,FALSE,1.0,1.0,0.0,0.0,0.0,0.0,0.0,0.0,,Domergue 1990: 64,0.0,1.0,FALSE,FALSE,FALSE,0.0,0.0,0.0,0.0,,,,,0,No,1,Confirmado,0,No,1,Confirmado,0,No,0,No,0,No,0,1,0,0,1.0,0.9,1.0,0.9650000000000001,Alta Certeza (Grado I)
614,El Chaves,,Hispania Tarraconensis,Spain,Jaén,Linares - La Carolina,,,J 22,905.0,602.9,393.5,38.13800816,-3.65483854,100.0,"Converted in QGIS from Lambert coords, Madrid 1870",,,,,,,FALSE,1.0,1.0,0.0,0.0,0.0,0.0,0.0,0.0,,Domergue 1990: 45,0.0,1.0,FALSE,FALSE,FALSE,0.0,0.0,0.0,0.0,,Hard rock,,,0,No,1,Confirmado,0,No,1,Confirmado,0,No,0,No,0,No,0,1,0,0,1.0,0.9,1.0,0.9650000000000001,Alta Certeza (Grado I)
615,El Chorrillo,,Hispania Tarraconensis,Spain,Ciudad Real,Alcudia,,,CR 41,861.0,579.0,426.0,38.43076709,-3.9286322,100.0,"Converted in QGIS from Lambert coords, Madrid 1870",,,,,,,FALSE,1.0,1.0,0.0,0.0,0.0,0.0,0.0,0.0,,Domergue 1990: 46,,,FALSE,FALSE,FALSE,0.0,0.0,0.0,,,,,,0,No,1,Confirmado,0,No,1,Confirmado,0,No,0,No,0,No,0,0,0,0,1.0,0.9,1.0,0.9650000000000001,Alta Certeza (Grado I)
616,El Cobacho - La Rozada,,Hispania Tarraconensis,Spain,"León, Orense, Lugo",Cuenca media del Sil,,MS-001,,,,,42.506399,-6.700063,100.0,Google Earth (located) and IGN map,"CHECK to see if this is the same as Domergue's Ermita de la Estrella, which is nearby",,,,,,TRUE,0.0,0.0,0.0,0.0,0.0,0.0,0.0,0.0,,"Sanchez-Palencia and Orejas 1994, 194",1.0,0.0,TRUE,,,1.0,,,,Imagery on Google Earth suggests this is a ruina montium mine.,,Secondary,Selective - Extensive,1,Confirmado,0,No,0,No,0,No,0,No,0,No,0,No,1,0,1,0,1.0,0.9,1.0,0.9650000000000001,Alta Certeza (Grado I)
617,El Corón - El Barrial - Fascias,,Hispania Tarraconensis,Spain,León,Cuenca del Boeza,,BO-15,,,,,42.649196,-6.360162,100.0,"Estimated from Sanchez-Palencia and Orejas 1994, fig. 14, IGN map, and Google Earth",,,,,,,TRUE,0.0,0.0,0.0,0.0,0.0,0.0,0.0,0.0,Castro immediately adjacent to mine.,"Sanchez-Palencia and Orejas 1994, 191",1.0,0.0,TRUE,,,,,,,,,Secondary,Extensive,1,Confirmado,0,No,0,No,0,No,0,No,0,No,0,No,1,0,1,0,1.0,0.9,1.0,0.9650000000000001,Alta Certeza (Grado I)
618,El Corón de Losada,,Hispania Tarraconensis,Spain,León,Cuenca del Boeza,,BO-12,,,,,42.666101,-6.434502,100.0,"Guessed from Sanchez-Palencia and Orejas 1994, fig. 14, IGN map, Google Earth, and IGN LiDAR mapping; confirmed by site visit 24/09/2021.",,,,,,,TRUE,0.0,0.0,0.0,0.0,0.0,0.0,0.0,0.0,"Castro immediately adjacent to mine, possible gully issuing from ditch at South.","Sanchez-Palencia and Orejas 1994, 191",1.0,0.0,TRUE,,,,,,,,,Secondary,Extensive,1,Confirmado,0,No,0,No,0,No,0,No,0,No,0,No,1,0,1,0,1.0,0.9,1.0,0.9650000000000001,Alta Certeza (Grado I)
619,El Corón de Pombía,,Hispania Tarraconensis,Spain,León,Cuenca del Boeza,,BO-17,,,,,42.636584,-6.312041,200.0,"Estimated from Sanchez-Palencia and Orejas 1994, fig. 14, IGN map, and Google Earth",,,,,,,TRUE,0.0,0.0,0.0,0.0,0.0,0.0,0.0,0.0,,"Sanchez-Palencia and Orejas 1994, 191",1.0,0.0,TRUE,,,,,,,,,Secondary,Extensive,1,Confirmado,0,No,0,No,0,No,0,No,0,No,0,No,1,0,1,0,0.85,0.9,1.0,0.905,Alta Certeza (Grado I)
620,El Corón de San Justo,,Hispania Tarraconensis,Spain,León,Cuenca del Boeza,,BO-04,,,,,42.697321,-6.364151,0.0,"From Sanchez-Palencia and Orejas 1994, fig. 14, IGN map, and Google Earth, refined by site visit 23/09/2021.",,,,,,,TRUE,0.0,0.0,0.0,0.0,0.0,0.0,0.0,0.0,Castro immediately adjacent to mine.,"Alvarez González 1993; Sanchez-Palencia and Orejas 1994, 190",1.0,0.0,TRUE,TRUE,TRUE,0.0,0.0,0.0,0.0,,,Secondary,Extensive,1,Confirmado,0,No,0,No,0,No,0,No,0,No,0,No,1,0,1,0,1.0,0.9,1.0,0.9650000000000001,Alta Certeza (Grado I)
623,El Covanallo,,Hispania Tarraconensis,Spain,León,Cuenca del Eria,,ER-20,,,,,42.24081,-6.268568,300.0,"Estimated from Sanchez-Palencia and Orejas 1994, fig. 17,  Fernández-Lozano et al. 2015, fig. 6, and Google Earth",,,,,,,TRUE,0.0,0.0,0.0,0.0,0.0,0.0,0.0,0.0,,"Sanchez-Palencia and Orejas 1994, 193",1.0,0.0,TRUE,FALSE,FALSE,0.0,0.0,0.0,0.0,,,Secondary,Extensive,1,Confirmado,0,No,0,No,0,No,0,No,0,No,0,No,1,0,1,0,0.85,0.9,1.0,0.905,Alta Certeza (Grado I)
624,El Cubanallo Fondo,,Hispania Tarraconensis,Spain,León,Cuenca del Eria,,ER-08,,,,,42.237656,-6.332945,300.0,"Estimated from Sanchez-Palencia and Orejas 1994, fig. 17 and Google Earth",,,,,,,TRUE,0.0,0.0,0.0,0.0,0.0,0.0,0.0,0.0,,"Sanchez-Palencia and Orejas 1994, 193",1.0,0.0,TRUE,FALSE,FALSE,0.0,0.0,0.0,0.0,,,Secondary,Selective - Extensive,1,Confirmado,0,No,0,No,0,No,0,No,0,No,0,No,1,0,1,0,0.85,0.9,1.0,0.905,Alta Certeza (Grado I)
625,El Cuerno de Bobia - Las Canalejas,,Hispania Tarraconensis,Spain,León,Cuenca Alta del Orbigo,,AO-24,,,,,42.785835,-5.854274,500.0,"Estimated from Sanchez-Palencia and Orejas 1994, fig. 15, and features on Google Earth",Check to see if same as Domergue's Reguera de las Fuentes,,,,,,TRUE,0.0,0.0,0.0,0.0,0.0,0.0,0.0,0.0,,"Sanchez-Palencia and Orejas 1994, 189",1.0,0.0,TRUE,,,,,,,,,Secondary,Selective - Extensive,1,Confirmado,0,No,0,No,0,No,0,No,0,No,0,No,1,0,1,0,0.85,0.9,1.0,0.905,Alta Certeza (Grado I)
626,El Desierto,,Hispania Baetica,Spain,Córdoba,Córdoba,,,CO 47,923.0,500.2,369.6,37.91682821,-4.82351069,100.0,"Converted in QGIS from Lambert coords, Madrid 1870",,,,,,,FALSE,0.0,0.0,1.0,0.0,0.0,0.0,0.0,0.0,,Domergue 1990: 47,,,FALSE,FALSE,FALSE,0.0,0.0,0.0,,,Hard rock,,,0,No,0,No,1,Confirmado,0,No,0,No,0,No,0,No,0,0,0,0,1.0,0.9,1.0,0.9650000000000001,Alta Certeza (Grado I)
627,El Escalerón,,Hispania Tarraconensis,Spain,León,Cuenca del Eria,,ER-10,,,,,42.245249,-6.319171,200.0,"Estimated from Sanchez-Palencia and Orejas 1994, fig. 17 and Google Earth",,,,,,,TRUE,0.0,0.0,0.0,0.0,0.0,0.0,0.0,0.0,,"Sanchez-Palencia and Orejas 1994, 193",1.0,0.0,TRUE,FALSE,FALSE,0.0,0.0,0.0,0.0,,,Secondary,Selective,1,Confirmado,0,No,0,No,0,No,0,No,0,No,0,No,1,0,1,0,0.85,0.9,1.0,0.905,Alta Certeza (Grado I)
629,El Francés,,Hispania Baetica,Spain,Córdoba,Posadas,,,CO 10,922.0,480.5,366.0,37.88189495,-5.04701024,100.0,"Converted in QGIS from Lambert coords, Madrid 1870",,,,,,,FALSE,1.0,1.0,1.0,0.0,0.0,0.0,0.0,0.0,,Domergue 1990: 45,,,FALSE,FALSE,FALSE,0.0,0.0,0.0,,,Hard rock,Primary,,0,No,1,Confirmado,1,Confirmado,1,Confirmado,0,No,0,No,0,No,0,0,0,0,1.0,0.9,1.0,0.9650000000000001,Alta Certeza (Grado I)
630,El Fresnillo,,Hispania Baetica,Spain,Jaén,Montoro Andújar,,,J 5,883.0,564.1,404.0,38.23192951,-4.09824722,100.0,"Converted in QGIS from Lambert coords, Madrid 1870",,,,,,,FALSE,0.0,0.0,1.0,0.0,0.0,0.0,0.0,0.0,,Domergue 1990: 47,,,FALSE,FALSE,FALSE,0.0,0.0,0.0,,,Hard rock,,,0,No,0,No,1,Confirmado,0,No,0,No,0,No,0,No,0,0,0,0,1.0,0.9,1.0,0.9650000000000001,Alta Certeza (Grado I)
631,El Fucarón de Villalaín I,,Hispania Tarraconensis,Spain,Oviedo,Cuenca del Navia,,NV-54,,,,,43.1299,-6.813383,1000.0,"Placename, Google Earth, and Sanchez-Palencia and Orejas 1994, fig. 13.",,,,,,,TRUE,0.0,0.0,0.0,0.0,0.0,0.0,0.0,0.0,,"Sanchez-Palencia and Orejas 1994, 200",,,,,,,,,,,,Primary,Extensive,1,Confirmado,0,No,0,No,0,No,0,No,0,No,0,No,0,0,0,0,0.7,0.9,1.0,0.845,Alta Certeza (Grado I)
632,El Fucarón de Villalaín II,,Hispania Tarraconensis,Spain,Oviedo,Cuenca del Navia,,NV-53,,,,,43.122773,-6.826052,1000.0,"Placename, Google Earth, and Sanchez-Palencia and Orejas 1994, fig. 13.",,,,,,,TRUE,0.0,0.0,0.0,0.0,0.0,0.0,0.0,0.0,,"Sanchez-Palencia and Orejas 1994, 200",,,,,,,,,,,,Primary,Extensive,1,Confirmado,0,No,0,No,0,No,0,No,0,No,0,No,0,0,0,0,0.7,0.9,1.0,0.845,Alta Certeza (Grado I)
633,El Fucarón de Villalaín III,,Hispania Tarraconensis,Spain,Oviedo,Cuenca del Navia,,NV-52,,,,,43.123558,-6.813899,1000.0,"Placename, Google Earth, and Sanchez-Palencia and Orejas 1994, fig. 13.",,,,,,,TRUE,0.0,0.0,0.0,0.0,0.0,0.0,0.0,0.0,,"Sanchez-Palencia and Orejas 1994, 200",,,,,,,,,,,,Primary,Extensive,1,Confirmado,0,No,0,No,0,No,0,No,0,No,0,No,0,0,0,0,0.7,0.9,1.0,0.845,Alta Certeza (Grado I)
634,El Galayo,,Hispania Baetica,Spain,Sevilla,Sevilla,,,SE 14,942.0,446.7,356.2,37.78827228,-5.429153002,100.0,"Converted in QGIS from Lambert coords, Madrid 1870",,,,,,,FALSE,1.0,1.0,0.0,0.0,0.0,0.0,0.0,0.0,,Domergue 1990: 48,,,FALSE,FALSE,FALSE,0.0,0.0,0.0,,,Hard rock,Primary,,0,No,1,Confirmado,0,No,1,Confirmado,0,No,0,No,0,No,0,0,0,0,1.0,0.9,1.0,0.9650000000000001,Alta Certeza (Grado I)
635,El Gallo,,Hispania Tarraconensis,Spain,Ciudad Real,Alcudia,,,CR 20,835.0,542.5,439.4,38.54992087,-4.34810714,100.0,"Converted in QGIS from Lambert coords, Madrid 1870",,,,,,,FALSE,1.0,1.0,0.0,0.0,0.0,0.0,0.0,0.0,,Domergue 1990: 46,0.0,1.0,FALSE,FALSE,FALSE,0.0,0.0,0.0,0.0,,,,,0,No,1,Confirmado,0,No,1,Confirmado,0,No,0,No,0,No,0,1,0,0,1.0,0.9,1.0,0.9650000000000001,Alta Certeza (Grado I)
636,El Ganso,,Hispania Tarraconensis,Spain,León,Cuencas del Turienzo y Jerega,,TJ-22,LE 38,192.0,391.7,876.8,42.46790375,-6.221617692,100.0,"Converted in QGIS from Lambert coords, Madrid 1870",,,,,,,TRUE,0.0,0.0,0.0,0.0,0.0,0.0,0.0,0.0,,"Domergue 1990: 43, Sanchez-Palencia and Orejas 1994, 202",1.0,0.0,TRUE,TRUE,FALSE,0.0,0.0,0.0,0.0,,Tertiary alluvium,Secondary,Extensive,1,Confirmado,0,No,0,No,0,No,0,No,0,No,0,No,1,0,1,0,1.0,1.0,1.0,1.0,Alta Certeza (Grado I)
637,El Hambre,,Hispania Baetica,Spain,Córdoba,Azuaga-Fuenteovejuna,,,CO 59,879.0,440.7,398.8,38.17113815,-5.50715773,100.0,"Converted in QGIS from Lambert coords, Madrid 1870",,,,,,,FALSE,1.0,1.0,0.0,0.0,0.0,0.0,0.0,0.0,,Domergue 1990: 46,0.0,1.0,FALSE,FALSE,FALSE,0.0,0.0,0.0,0.0,,Hard rock,Primary,,0,No,1,Confirmado,0,No,1,Confirmado,0,No,0,No,0,No,0,1,0,0,1.0,0.9,1.0,0.9650000000000001,Alta Certeza (Grado I)
638,El Hondillo,,Hispania Baetica,Spain,Jaén,,,,J 29,885.0,632.7,399.4,38.19058564,-3.31442386,100.0,"Converted in QGIS from Lambert coords, Madrid 1870",,,,,,,FALSE,0.0,0.0,1.0,0.0,0.0,0.0,0.0,0.0,,Domergue 1990: 48,,,FALSE,FALSE,FALSE,0.0,0.0,0.0,,,Hard rock,Primary,,0,No,0,No,1,Confirmado,0,No,0,No,0,No,0,No,0,0,0,0,1.0,0.9,1.0,0.9650000000000001,Alta Certeza (Grado I)
639,El Humiliadero,,Hispania Baetica,Spain,Jaén,Montoro Andújar,,,J 6,883.0,567.7,403.2,38.22485907,-4.05706472,100.0,"Converted in QGIS from Lambert coords, Madrid 1870",,,,,,,FALSE,0.0,0.0,1.0,0.0,0.0,0.0,0.0,0.0,,Domergue 1990: 47,,,FALSE,FALSE,FALSE,0.0,0.0,0.0,,,Hard rock,,,0,No,0,No,1,Confirmado,0,No,0,No,0,No,0,No,0,0,0,0,1.0,0.9,1.0,0.9650000000000001,Alta Certeza (Grado I)
640,El Infierno,,Hispania Baetica,Spain,Badajoz,Azuaga-Fuenteovejuna,,,BA 24,878.0,432.7,406.2,38.2363282,-5.60030384,100.0,"Converted in QGIS from Lambert coords, Madrid 1870",,,,,,,FALSE,1.0,1.0,0.0,0.0,0.0,0.0,0.0,0.0,,Domergue 1990: 46,0.0,1.0,FALSE,FALSE,FALSE,0.0,0.0,0.0,0.0,,Hard rock,Primary,,0,No,1,Confirmado,0,No,1,Confirmado,0,No,0,No,0,No,0,1,0,0,1.0,0.9,1.0,0.9650000000000001,Alta Certeza (Grado I)
641,El Ingertal,,Hispania Baetica,Spain,Córdoba,Posadas,,,CO 9,922.0,487.0,361.5,37.8422045,-4.97235898,100.0,"Converted in QGIS from Lambert coords, Madrid 1870",,,,,,,FALSE,1.0,1.0,,0.0,0.0,0.0,0.0,0.0,,Domergue 1990: 45,,,FALSE,FALSE,FALSE,0.0,0.0,0.0,,,Hard rock,Primary,,0,No,1,Confirmado,0,No,1,Confirmado,0,No,0,No,0,No,0,0,0,0,1.0,0.9,1.0,0.9650000000000001,Alta Certeza (Grado I)
642,El Judío,,Hispania Baetica,Spain,Badajoz,,,,BA 54,777.0,375.5,481.6,38.90292698,-6.27886994,100.0,"Converted in QGIS from Lambert coords, Madrid 1870",,,,,,,FALSE,1.0,0.0,0.0,0.0,0.0,0.0,0.0,0.0,,Domergue 1990: 48,,,FALSE,FALSE,FALSE,0.0,0.0,0.0,,,Hard rock,Primary,,0,No,1,Confirmado,0,No,0,No,0,No,0,No,0,No,0,0,0,0,1.0,0.9,1.0,0.9650000000000001,Alta Certeza (Grado I)
643,El Juncal,,Hispania Baetica,Spain,Huelva,Picos de Aroche,,,H 31,895.0,320.4,394.3,38.1001121,-6.87823353,100.0,"Converted in QGIS from Lambert coords, Madrid 1870",,,,,,,FALSE,0.0,0.0,1.0,0.0,0.0,0.0,0.0,0.0,,Domergue 1990: 61,,,FALSE,FALSE,FALSE,0.0,0.0,0.0,,,Hard rock,Primary,,0,No,0,No,1,Confirmado,0,No,0,No,0,No,0,No,0,0,0,0,1.0,0.9,1.0,0.9650000000000001,Alta Certeza (Grado I)
644,El Saldonal,,Hispania Tarraconensis,Spain,León,Cuencas del Turienzo y Jerega,,TJ-16,LE 47.2,193.0,398.0,874.2,42.448522,-6.145288,0.0,Google Earth,1 km to E of LE 47.1.,,,,,,TRUE,0.0,0.0,0.0,0.0,0.0,0.0,0.0,0.0,"Piriform opencast. Castro of El Saldonal nearby (42.446088, -6.144155).","Domergue 1988, 339.",1.0,0.0,TRUE,TRUE,FALSE,0.0,0.0,0.0,0.0,,Tertiary alluvium,Secondary - Primary,Extensive,1,Confirmado,0,No,0,No,0,No,0,No,0,No,0,No,1,0,1,0,1.0,1.0,1.0,1.0,Alta Certeza (Grado I)
645,El Lagunazo,,Hispania Baetica,Spain,Huelva,Huelva,,,H 9,959.0,293.2,342.9,37.62794056,-7.16541952,100.0,"Converted in QGIS from Lambert coords, Madrid 1870",,,,,,,FALSE,0.0,0.0,1.0,0.0,0.0,0.0,0.0,0.0,,Domergue 1990: 62,0.0,1.0,FALSE,FALSE,FALSE,0.0,0.0,0.0,0.0,,Pyrite,Primary,,0,No,0,No,1,Confirmado,0,No,0,No,0,No,0,No,0,1,0,0,1.0,0.9,1.0,0.9650000000000001,Alta Certeza (Grado I)
646,El Lirio,,Hispania Baetica,Spain,Badajoz,Azuaga-Fuenteovejuna,,,BA 23,878.0,431.7,405.4,38.22892347,-5.61153374,100.0,"Converted in QGIS from Lambert coords, Madrid 1870",,,,,,,FALSE,1.0,1.0,0.0,0.0,0.0,0.0,0.0,0.0,,Domergue 1990: 46,0.0,1.0,FALSE,FALSE,FALSE,0.0,0.0,0.0,0.0,,Hard rock,Primary,,0,No,1,Confirmado,0,No,1,Confirmado,0,No,0,No,0,No,0,1,0,0,1.0,0.9,1.0,0.9650000000000001,Alta Certeza (Grado I)
647,El Mico,,Hispania Baetica,Spain,Córdoba,Córdoba,,,CO 41,923.0,499.5,376.8,37.98164667,-4.83252668,100.0,"Converted in QGIS from Lambert coords, Madrid 1870",,,,,,,FALSE,0.0,0.0,1.0,0.0,0.0,0.0,0.0,0.0,,Domergue 1990: 47,,,FALSE,FALSE,FALSE,0.0,0.0,0.0,,,Hard rock,,,0,No,0,No,1,Confirmado,0,No,0,No,0,No,0,No,0,0,0,0,1.0,0.9,1.0,0.9650000000000001,Alta Certeza (Grado I)
648,El Miédalo I,,Hispania Tarraconensis,Spain,León,Cuenca media del Sil,,MS-058,,,,,42.409456,-6.647353,500.0,"Guessed from Google Earth, IGN map, and Sanchez-Palencia and Orejas 1994, fig. 16",,,,,,,TRUE,0.0,0.0,0.0,0.0,0.0,0.0,0.0,0.0,,"Sanchez-Palencia and Orejas 1994, 196",1.0,0.0,TRUE,,,,,,,,,Secondary,Selective,1,Confirmado,0,No,0,No,0,No,0,No,0,No,0,No,1,0,1,0,0.85,0.9,1.0,0.905,Alta Certeza (Grado I)
649,El Miédalo II,,Hispania Tarraconensis,Spain,León,Cuenca media del Sil,,MS-057,,,,,42.404725,-6.644943,500.0,"Guessed from Google Earth, IGN map, and Sanchez-Palencia and Orejas 1994, fig. 16",,,,,,,TRUE,0.0,0.0,0.0,0.0,0.0,0.0,0.0,0.0,,"Sanchez-Palencia and Orejas 1994, 196",1.0,0.0,TRUE,,,,,,,,,Secondary,Selective,1,Confirmado,0,No,0,No,0,No,0,No,0,No,0,No,1,0,1,0,0.85,0.9,1.0,0.905,Alta Certeza (Grado I)
650,El Mochuelo,,Hispania Tarraconensis,Spain,Ciudad Real,Alcudia,,,CR 19,834.0,522.7,442.7,38.57812384,-4.57579891,100.0,"Converted in QGIS from Lambert coords, Madrid 1870",,,,,,,FALSE,1.0,1.0,0.0,0.0,0.0,0.0,0.0,0.0,,Domergue 1990: 46,0.0,1.0,FALSE,FALSE,FALSE,0.0,0.0,0.0,0.0,,,,,0,No,1,Confirmado,0,No,1,Confirmado,0,No,0,No,0,No,0,1,0,0,1.0,0.9,1.0,0.9650000000000001,Alta Certeza (Grado I)
651,El Morte,,Hispania Baetica,Spain,Jaén,,,,J 16,864.0,667.8,420.0,38.37426398,-2.91146018,100.0,"Converted in QGIS from Lambert coords, Madrid 1870",,,,,,,FALSE,1.0,1.0,0.0,0.0,0.0,0.0,0.0,0.0,,Domergue 1990: 48,,,FALSE,FALSE,FALSE,0.0,0.0,0.0,,,Hard rock,Primary,,0,No,1,Confirmado,0,No,1,Confirmado,0,No,0,No,0,No,0,0,0,0,1.0,0.9,1.0,0.9650000000000001,Alta Certeza (Grado I)
652,El Nido,,Hispania Tarraconensis,Spain,Ciudad Real,Alcudia,,,CR 23,835.0,543.5,446.5,38.61400244,-4.33722013,100.0,"Converted in QGIS from Lambert coords, Madrid 1870",,,,,,,FALSE,1.0,1.0,0.0,0.0,0.0,0.0,0.0,0.0,,Domergue 1990: 46,,,FALSE,FALSE,FALSE,0.0,0.0,0.0,,,,,,0,No,1,Confirmado,0,No,1,Confirmado,0,No,0,No,0,No,0,0,0,0,1.0,0.9,1.0,0.9650000000000001,Alta Certeza (Grado I)
653,El Pedregal / Las Medorras,,Hispania Tarraconensis,Spain,León,Cuenca media del Sil,,MS-054,LE 14,157.0,337.0,888.3,42.5555517,-6.891479513,100.0,"Converted in QGIS from Lambert coords, Madrid 1870","Domergue's ""El Pedregal "" = Sanchez-Palencia & Orejas ""Las Medorras""",,,,,,TRUE,0.0,0.0,0.0,0.0,0.0,0.0,0.0,0.0,,"Domergue 1990: 44; Sanchez-Palencia and Orejas 1994, 196",1.0,0.0,TRUE,,,,,,,,Terrace,Secondary,Extensive,1,Confirmado,0,No,0,No,0,No,0,No,0,No,0,No,1,0,1,0,1.0,1.0,1.0,1.0,Alta Certeza (Grado I)
654,El Pedregalón,,Hispania Tarraconensis,Spain,León,Cuencas del Turienzo y Jerega,,TJ-09,,,,,42.451955,-6.28557,300.0,"Estimated from Sanchez-Palencia and Orejas 1994, fig. 17, IGN map, and Google Earth",,,,,,,TRUE,0.0,0.0,0.0,0.0,0.0,0.0,0.0,0.0,,"Sanchez-Palencia and Orejas 1994, 202",,,,,,,,,,,,Primary,Extensive,1,Confirmado,0,No,0,No,0,No,0,No,0,No,0,No,0,0,0,0,0.85,0.9,1.0,0.905,Alta Certeza (Grado I)
655,El Pedroso,,Hispania Baetica,Spain,Sevilla,Sevilla,,,SE 11,920.0,416.4,364.4,37.85630479,-5.775372282,100.0,"Converted in QGIS from Lambert coords, Madrid 1870",,,,,,,FALSE,0.0,0.0,0.0,0.0,1.0,0.0,0.0,0.0,,Domergue 1990: 48,,,FALSE,FALSE,FALSE,0.0,0.0,0.0,,,Hard rock,Primary,,0,No,0,No,0,No,0,No,0,No,0,No,1,Confirmado,0,0,0,0,1.0,0.9,1.0,0.9650000000000001,Alta Certeza (Grado I)
656,El Peligro I,,Hispania Tarraconensis,Spain,Oviedo,Cuenca del Narcea,,NA-36,,,,,43.315115,-6.479588,1000.0,"Estimated from Sanchez-Palencia and Orejas 1994, fig. 13, IGN map, and Google Earth",,,,,,,TRUE,0.0,0.0,0.0,0.0,0.0,0.0,0.0,0.0,,"Sanchez-Palencia and Orejas 1994, 198",,,,,,,,,,,,Primary,Extensive,1,Confirmado,0,No,0,No,0,No,0,No,0,No,0,No,0,0,0,0,0.7,0.9,1.0,0.845,Alta Certeza (Grado I)
657,El Peligro II,,Hispania Tarraconensis,Spain,Oviedo,Cuenca del Narcea,,NA-37,,,,,43.311711,-6.474524,1000.0,"Estimated from Sanchez-Palencia and Orejas 1994, fig. 13, IGN map, and Google Earth",,,,,,,TRUE,0.0,0.0,0.0,0.0,0.0,0.0,0.0,0.0,,"Sanchez-Palencia and Orejas 1994, 198",,,,,,,,,,,,Primary,Extensive,1,Confirmado,0,No,0,No,0,No,0,No,0,No,0,No,0,0,0,0,0.7,0.9,1.0,0.845,Alta Certeza (Grado I)
658,El Piconcillo,,Hispania Baetica,Spain,Córdoba,Azuaga-Fuenteovejuna,,,CO 60,,446.0,396.0,38.14685916,-5.44601668,100.0,"Converted in QGIS from Lambert coords, Madrid 1870",Trapezoid defined by points given by Domergue; coord here is approx. centroid,,,,,,FALSE,1.0,1.0,1.0,0.0,0.0,0.0,0.0,0.0,,Domergue 1990: 46,0.0,1.0,FALSE,FALSE,FALSE,0.0,0.0,0.0,0.0,,Hard rock,Primary,,0,No,1,Confirmado,1,Confirmado,1,Confirmado,0,No,0,No,0,No,0,1,0,0,1.0,0.9,1.0,0.9650000000000001,Alta Certeza (Grado I)
659,El Pisón,,Hispania Tarraconensis,Spain,León,Cuencas del Turienzo y Jerega,,TJ-08,,,,,42.461708,-6.29778,300.0,"Estimated from Sanchez-Palencia and Orejas 1994, fig. 17, IGN map, and Google Earth",,,,,,,TRUE,0.0,0.0,0.0,0.0,0.0,0.0,0.0,0.0,,"Sanchez-Palencia and Orejas 1994, 202",,,,,,,,,,,,Primary,Extensive,1,Confirmado,0,No,0,No,0,No,0,No,0,No,0,No,0,0,0,0,0.85,0.9,1.0,0.905,Alta Certeza (Grado I)
660,El Pleito,,Hispania Tarraconensis,Spain,Ciudad Real,Alcudia,,,CR 26,809.0,542.9,467.7,38.8051128,-4.34591322,100.0,"Converted in QGIS from Lambert coords, Madrid 1870",,,,,,,FALSE,1.0,1.0,0.0,0.0,0.0,0.0,0.0,0.0,,Domergue 1990: 46,,,FALSE,FALSE,FALSE,0.0,0.0,0.0,,,,,,0,No,1,Confirmado,0,No,1,Confirmado,0,No,0,No,0,No,0,0,0,0,1.0,0.9,1.0,0.9650000000000001,Alta Certeza (Grado I)
661,El Plonción / Los Vallados - Las Simonas,,Hispania Tarraconensis,Spain,León,Cuenca Alta del Orbigo,,AO-16,LE 46,128.0,416.5,903.5,42.7141919,-5.928256284,100.0,"Converted in QGIS from Lambert coords, Madrid 1870",,,,,,,TRUE,0.0,0.0,0.0,0.0,0.0,0.0,0.0,0.0,,"Domergue 1990: 42; Sanchez-Palencia and Orejas 1994, 189",1.0,0.0,TRUE,,,,,,,,Tertiary alluvium,Secondary,Extensive,1,Confirmado,0,No,0,No,0,No,0,No,0,No,0,No,1,0,1,0,1.0,1.0,1.0,1.0,Alta Certeza (Grado I)
662,El Prindero,,Hispania Tarraconensis,Spain,León,Cuenca Alta del Orbigo,,AO-13,,,,,42.772139,-5.937221,0.0,"Estimated from Sanchez-Palencia and Orejas 1994, fig. 15, and features on Google Earth",,,,,,,TRUE,0.0,0.0,0.0,0.0,0.0,0.0,0.0,0.0,Google Earth shows an area worked out by hushing or ground-sluicing; and a possible corona to the East.,"Sanchez-Palencia and Orejas 1994, 188",1.0,0.0,TRUE,,,,0.0,0.0,0.0,,,Secondary,Extensive,1,Confirmado,0,No,0,No,0,No,0,No,0,No,0,No,1,0,1,0,1.0,0.9,1.0,0.9650000000000001,Alta Certeza (Grado I)
663,El Regueral o Las Torcas,,Hispania Tarraconensis,Spain,León,Cuenca del Boeza,,BO-23,,,,,42.579683,-6.348329,200.0,"Estimated from Sanchez-Palencia and Orejas 1994, fig. 14, IGN map, and Google Earth",,,,,,,TRUE,0.0,0.0,0.0,0.0,0.0,0.0,0.0,0.0,Castro immediately adjacent to mine.,"Sanchez-Palencia and Orejas 1994, 191",1.0,0.0,TRUE,,,,,,,,,Secondary,Extensive,1,Confirmado,0,No,0,No,0,No,0,No,0,No,0,No,1,0,1,0,0.85,0.9,1.0,0.905,Alta Certeza (Grado I)
664,El Revolveredo,,Hispania Tarraconensis,Spain,León,Cuenca del Boeza,,BO-30,,,,,42.569888,-6.50221,200.0,"Estimated from Sanchez-Palencia and Orejas 1994, fig. 14, IGN map, and Google Earth",,,,,,,TRUE,0.0,0.0,0.0,0.0,0.0,0.0,0.0,0.0,,"Sanchez-Palencia and Orejas 1994, 191",1.0,0.0,TRUE,,,,,,,,Google Earth suggests that the site is developed in a shape similar to a corona on the slope of the hill,Secondary,Extensive,1,Confirmado,0,No,0,No,0,No,0,No,0,No,0,No,1,0,1,0,0.85,0.9,1.0,0.905,Alta Certeza (Grado I)
665,El Rincón,,Hispania Baetica,Spain,Córdoba,Posadas,,,CO 70,921.0,462.5,366.3,37.8819387,-5.25174452,100.0,"Converted in QGIS from Lambert coords, Madrid 1870",,,,,,,FALSE,1.0,1.0,0.0,0.0,0.0,0.0,0.0,0.0,,Domergue 1990: 45,,,FALSE,FALSE,FALSE,0.0,0.0,0.0,,,Hard rock,Primary,,0,No,1,Confirmado,0,No,1,Confirmado,0,No,0,No,0,No,0,0,0,0,1.0,0.9,1.0,0.9650000000000001,Alta Certeza (Grado I)
666,El Rosico de Trevías,,Hispania Tarraconensis,Spain,Oviedo,Cuenca del Esba o Canero,,ES-11,,,,,43.503115,-6.421858,1000.0,"Guessed from Sanchez-Palencia and Orejas 1994, fig. 13, and Google Earth",,,,,,,TRUE,0.0,0.0,0.0,0.0,0.0,0.0,0.0,0.0,,"Sanchez-Palencia and Orejas 1994, 194",,,,,,,,,,,,Primary,Extensive,1,Confirmado,0,No,0,No,0,No,0,No,0,No,0,No,0,0,0,0,0.7,0.9,1.0,0.845,Alta Certeza (Grado I)
667,El Saldonal / Vallecillo,,Hispania Tarraconensis,Spain,León,Cuencas del Turienzo y Jerega,,TJ-15,LE 47.1,193.0,398.0,874.2,42.447189,-6.15944,500.0,Estimated from Domergue's description.,"To the S. of the Astorga-Santa Colomba road, betweek Km 8 and 9.",,,,,,TRUE,0.0,0.0,0.0,0.0,0.0,0.0,0.0,0.0,,"Domergue 1990: 43; Sanchez-Palencia and Orejas 1994, 202",,,,,,,,,,,Tertiary alluvium,Secondary - Primary,Extensive,1,Confirmado,0,No,0,No,0,No,0,No,0,No,0,No,0,0,0,0,0.85,1.0,1.0,0.94,Alta Certeza (Grado I)
668,El Secuello,,Hispania Tarraconensis,Spain,León,Cuencas del Turienzo y Jerega,,TJ-05,,,,,42.466982,-6.326313,200.0,Google Earth and http://cartographic.info/espana/map.php?id=533988,,,,,,,TRUE,0.0,0.0,0.0,0.0,0.0,0.0,0.0,0.0,,"Sanchez-Palencia and Orejas 1994, 202",,,,,,,,,,,,Primary,Selective - Extensive,1,Confirmado,0,No,0,No,0,No,0,No,0,No,0,No,0,0,0,0,0.85,0.9,1.0,0.905,Alta Certeza (Grado I)
669,El Soldado,,Hispania Baetica,Spain,Córdoba,Los Pedroches,,,CO 109,858.0,485.0,420.2,38.37106981,-5.00494637,100.0,"Converted in QGIS from Lambert coords, Madrid 1870",,,,,,,FALSE,1.0,1.0,0.0,0.0,0.0,0.0,0.0,0.0,,Domergue 1990: 48,0.0,1.0,FALSE,FALSE,FALSE,0.0,0.0,0.0,0.0,,Hard rock,Primary,,0,No,1,Confirmado,0,No,1,Confirmado,0,No,0,No,0,No,0,1,0,0,1.0,0.9,1.0,0.9650000000000001,Alta Certeza (Grado I)
670,El Soutón,,Hispania Tarraconensis,Spain,Oviedo,Cuenca del Navia,,NV-76,,,,,43.351726,-6.693113,500.0,"Guessed from Sanchez-Palencia and Orejas 1994, fig. 13; and Google Earth.",,,,,,,TRUE,0.0,0.0,0.0,0.0,0.0,0.0,0.0,0.0,,"Sanchez-Palencia and Orejas 1994, 201",1.0,0.0,TRUE,TRUE,FALSE,0.0,0.0,0.0,0.0,,,Secondary,Selective,1,Confirmado,0,No,0,No,0,No,0,No,0,No,0,No,1,0,1,0,0.85,0.9,1.0,0.905,Alta Certeza (Grado I)
671,El Sumidero y Las Lagunas,,Hispania Tarraconensis,Spain,León,Cuenca Alta del Orbigo,,AO-05,,,,,42.767247,-6.036392,2000.0,"Guessed from Sanchez-Palencia and Orejas 1994, fig. 15, IGN map placename, and Google Earth",,,,,,,TRUE,0.0,0.0,0.0,0.0,0.0,0.0,0.0,0.0,,"Sanchez-Palencia and Orejas 1994, 188",,,,,,,,,,,,Primary,Selective - Extensive,1,Confirmado,0,No,0,No,0,No,0,No,0,No,0,No,0,0,0,0,0.5,0.9,1.0,0.765,Media Certeza (Grado II)
672,El Taragudo o Valdolla,,Hispania Tarraconensis,Spain,León,Cuenca del Boeza,,BO-19,,,,,42.613897,-6.329689,100.0,"Estimated from Sanchez-Palencia and Orejas 1994, fig. 14, IGN map, and Google Earth",,,,,,,TRUE,0.0,0.0,0.0,0.0,0.0,0.0,0.0,0.0,Google Earth suggests that the mine is adjacent to/imbircated with a corona.,"Sanchez-Palencia and Orejas 1994, 191",1.0,0.0,TRUE,,,,,,,,,Secondary,Extensive,1,Confirmado,0,No,0,No,0,No,0,No,0,No,0,No,1,0,1,0,1.0,0.9,1.0,0.9650000000000001,Alta Certeza (Grado I)
673,El Turialego,,Hispania Tarraconensis,Spain,León,Cuenca del Boeza,,BO-14,,,,,42.649237,-6.373113,500.0,"Estimated from Sanchez-Palencia and Orejas 1994, fig. 14, IGN map, and Google Earth",,,,,,,TRUE,0.0,0.0,0.0,0.0,0.0,0.0,0.0,0.0,,"Sanchez-Palencia and Orejas 1994, 191",1.0,0.0,TRUE,,,,,,,,,Secondary,Extensive,1,Confirmado,0,No,0,No,0,No,0,No,0,No,0,No,1,0,1,0,0.85,0.9,1.0,0.905,Alta Certeza (Grado I)
674,El Valgón,,Hispania Tarraconensis,Spain,León,Cuencas de Cúa y Burbia,,CB-03,,,,,42.742404,-6.665571,1000.0,"Estimated from Sanchez-Palencia and Orejas 1994, fig. 14, and Google Earth",,,,,,,TRUE,0.0,0.0,0.0,0.0,0.0,0.0,0.0,0.0,,"Sanchez-Palencia and Orejas 1994, 191",1.0,0.0,TRUE,,,,,,,,,Secondary,Extensive,1,Confirmado,0,No,0,No,0,No,0,No,0,No,0,No,1,0,1,0,0.7,0.9,1.0,0.845,Alta Certeza (Grado I)
675,El Vallejo del Castro (La Chana) - Valdedillo - Peña Ceterera,,Hispania Tarraconensis,Spain,León,Valduerna,,DU-06,,,,,42.360782,-6.335473,200.0,"Estimated from Sanchez-Palencia and Orejas 1994, fig. 17 and Google Earth",,,,,,,TRUE,0.0,0.0,0.0,0.0,0.0,0.0,0.0,0.0,"Numerous channels and stone dumps from ground sluicing, visible on Google Earth.","Sanchez-Palencia and Orejas 1994, 192",1.0,0.0,TRUE,FALSE,TRUE,0.0,0.0,0.0,0.0,,,Secondary,Selective - Extensive,1,Confirmado,0,No,0,No,0,No,0,No,0,No,0,No,1,0,1,0,0.85,0.9,1.0,0.905,Alta Certeza (Grado I)
676,Entredicho,,Hispania Tarraconensis,Spain,Ciudad Real,Alcudia,,,CR 6,808.0,514.4,459.2,38.72610389,-4.67321927,100.0,"Converted in QGIS from Lambert coords, Madrid 1870",,,,,,,FALSE,0.0,0.0,0.0,0.0,0.0,1.0,0.0,0.0,,Domergue 1990: 46,,,FALSE,FALSE,FALSE,0.0,0.0,0.0,,,,,,0,No,0,No,0,No,0,No,1,Confirmado,0,No,0,No,0,0,0,0,1.0,0.9,1.0,0.9650000000000001,Alta Certeza (Grado I)
677,Entrepeñas,,Hispania Tarraconensis,Spain,León,Cuencas del Turienzo y Jerega,,TJ-28,,,,,42.487623,-6.211819,500.0,"Estimated from Sanchez-Palencia and Orejas 1994, fig. 17 and Google Earth",,,,,,,TRUE,0.0,0.0,0.0,0.0,0.0,0.0,0.0,0.0,,"Sanchez-Palencia and Orejas 1994, 202",1.0,0.0,TRUE,,,,,,,,,Secondary,Selective - Extensive,1,Confirmado,0,No,0,No,0,No,0,No,0,No,0,No,1,0,1,0,0.85,0.9,1.0,0.905,Alta Certeza (Grado I)
678,Ermita de Andamies,,Hispania Tarraconensis,Spain,Oviedo,Cuenca del Esba o Canero,,ES-05,O 25,27.0,370.6,983.7,43.42387171,-6.519398065,100.0,"Converted in QGIS from Lambert coords, Madrid 1870",,,,,,,TRUE,0.0,0.0,0.0,0.0,0.0,0.0,0.0,0.0,,"Domergue 1990: 42; Sanchez-Palencia and Orejas 1994, 193",1.0,0.0,TRUE,,,,,,,,Hard rock,Secondary,Selective - Extensive,1,Confirmado,0,No,0,No,0,No,0,No,0,No,0,No,1,0,1,0,1.0,1.0,1.0,1.0,Alta Certeza (Grado I)
680,Ermita de la Estrella,,Hispania Tarraconensis,Spain,León,Bierzo,,,LE 1,158.0,350.8,882.7,42.50950582,-6.72119809,100.0,"Converted in QGIS from Lambert coords, Madrid 1870",,,,,,,TRUE,0.0,0.0,0.0,0.0,0.0,0.0,0.0,0.0,,Domergue 1990: 43,0.0,0.0,TRUE,FALSE,TRUE,0.0,0.0,0.0,0.0,,Tertiary alluvium,,,1,Confirmado,0,No,0,No,0,No,0,No,0,No,0,No,1,0,0,0,1.0,0.9,1.0,0.9650000000000001,Alta Certeza (Grado I)
681,Escarranchal,,Hispania Baetica,Spain,Badajoz,Azuaga-Fuenteovejuna,,,BA 8,878.0,417.0,407.5,38.24486628,-5.78005231,100.0,"Converted in QGIS from Lambert coords, Madrid 1870",,,,,,,FALSE,1.0,1.0,0.0,0.0,0.0,0.0,0.0,0.0,,Domergue 1990: 46,1.0,0.0,FALSE,FALSE,FALSE,0.0,0.0,0.0,0.0,,Hard rock,Primary,,0,No,1,Confirmado,0,No,1,Confirmado,0,No,0,No,0,No,0,0,1,0,1.0,0.9,1.0,0.9650000000000001,Alta Certeza (Grado I)
682,Esgueba,,Hispania Tarraconensis,Spain,Orense,Cuenca media del Miño,,MM-07,,,,,42.464683,-8.096352,500.0,"Google Earth, placename",,,,,,,TRUE,0.0,0.0,0.0,0.0,0.0,0.0,0.0,0.0,,"Sanchez-Palencia and Orejas 1994, 194",,,,,,,,,,,,Primary,Extensive,1,Confirmado,0,No,0,No,0,No,0,No,0,No,0,No,0,0,0,0,0.85,0.9,1.0,0.905,Alta Certeza (Grado I)
683,Esperanza,,Hispania Baetica,Spain,Badajoz,Azuaga-Fuenteovejuna,,,BA 11,878.0,427.7,404.7,38.22182674,-5.65706056,100.0,"Converted in QGIS from Lambert coords, Madrid 1870",,,,,,,FALSE,1.0,1.0,0.0,0.0,0.0,0.0,0.0,0.0,,Domergue 1990: 46,0.0,1.0,FALSE,FALSE,FALSE,0.0,0.0,0.0,0.0,,Hard rock,Primary,,0,No,1,Confirmado,0,No,1,Confirmado,0,No,0,No,0,No,0,1,0,0,1.0,0.9,1.0,0.9650000000000001,Alta Certeza (Grado I)
684,Espiñeira,,Hispania Tarraconensis,Spain,Lugo,Cuenca del Masma,,,LU 5,9.0,310.2,998.6,43.53826004,-7.271580557,100.0,"Converted in QGIS from Lambert coords, Madrid 1870",,,,,,,TRUE,0.0,0.0,0.0,0.0,0.0,0.0,0.0,0.0,,Domergue 1990: 41,,,,,,,,,,,Quaternary terrace,,,1,Confirmado,0,No,0,No,0,No,0,No,0,No,0,No,0,0,0,0,1.0,0.9,1.0,0.9650000000000001,Alta Certeza (Grado I)
686,Espinosa de la Ribera,,Hispania Tarraconensis,Spain,León,Cuenca Alta del Orbigo,,AO-34,,,,,42.695854,-5.803444,1000.0,Guessed: possible opencast on Google Earth,,,,,,,TRUE,0.0,0.0,0.0,0.0,0.0,0.0,0.0,0.0,,"Sanchez-Palencia and Orejas 1994, 189",1.0,0.0,TRUE,,,,,,,,,Secondary,Extensive,1,Confirmado,0,No,0,No,0,No,0,No,0,No,0,No,1,0,1,0,0.7,0.9,1.0,0.845,Alta Certeza (Grado I)
687,Espinoso de Compludo,,Hispania Tarraconensis,Spain,León,Cuenca del Boeza,,BO-31,LE 36,192.0,369.2,881.0,42.49963508,-6.496735864,100.0,"Converted in QGIS from Lambert coords, Madrid 1870",,,,,,,TRUE,0.0,0.0,0.0,0.0,0.0,0.0,0.0,0.0,,"Domergue 1990: 43; Sanchez-Palencia and Orejas 1994, 191",1.0,0.0,TRUE,FALSE,TRUE,0.0,0.0,0.0,0.0,,Tertiary alluvium,Secondary,Extensive,1,Confirmado,0,No,0,No,0,No,0,No,0,No,0,No,1,0,1,0,1.0,1.0,1.0,1.0,Alta Certeza (Grado I)
688,Estercolados,,Hispania Baetica,Spain,Córdoba,Los Pedroches,,,CO 36,860.0,530.5,423.4,38.40478197,-4.48423365,100.0,"Converted in QGIS from Lambert coords, Madrid 1870",,,,,,,FALSE,0.0,0.0,1.0,0.0,0.0,0.0,0.0,0.0,,Domergue 1990: 47,0.0,1.0,FALSE,FALSE,FALSE,0.0,0.0,0.0,0.0,,Hard rock,Primary,,0,No,0,No,1,Confirmado,0,No,0,No,0,No,0,No,0,1,0,0,1.0,0.9,1.0,0.9650000000000001,Alta Certeza (Grado I)
689,Estrella,,Hispania Tarraconensis,Spain,Guadalajara,,,,GU 2,489.0,746.1,704.3,40.92752392,-1.95146894,100.0,"Converted in QGIS from Lambert coords, Madrid 1870",,,,,,,FALSE,0.0,0.0,1.0,0.0,0.0,0.0,0.0,0.0,Remains of a mine and smelteries found,Domergue 1990: L䀀,,,FALSE,FALSE,FALSE,0.0,0.0,0.0,,,,,,0,No,0,No,1,Confirmado,0,No,0,No,0,No,0,No,0,0,0,0,1.0,0.9,1.0,0.9650000000000001,Alta Certeza (Grado I)
690,Estrella (Beiras),,Hispania Tarraconensis,Spain,Salamanca,Beiras,,,SA 1,528.0,437.2,666.8,40.58644066,-5.613212268,100.0,"Converted in QGIS from Lambert coords, Madrid 1870",,,,,,,FALSE,1.0,1.0,0.0,0.0,0.0,0.0,0.0,0.0,,Domergue 1990: 42,,,FALSE,FALSE,FALSE,0.0,0.0,0.0,,,Hard rock,,,0,No,1,Confirmado,0,No,1,Confirmado,0,No,0,No,0,No,0,0,0,0,1.0,0.9,1.0,0.9650000000000001,Alta Certeza (Grado I)
692,Faidiel I,,Hispania Tarraconensis,Spain,Oviedo,Cuenca del Narcea,,NA-22,O 9,50.0,,,43.191422,-6.639669,1000.0,"Estimated from Sanchez-Palencia and Orejas 1994, fig. 13 and Google Earth",,,,,,,TRUE,0.0,0.0,0.0,0.0,0.0,0.0,0.0,0.0,,"Domergue 1990: 42; Sanchez-Palencia and Orejas 1994, 197",,,,,,,,,,,Hard rock,Primary,Extensive,1,Confirmado,0,No,0,No,0,No,0,No,0,No,0,No,0,0,0,0,0.7,1.0,1.0,0.8799999999999999,Alta Certeza (Grado I)
693,Faidiel II,,Hispania Tarraconensis,Spain,Oviedo,Cuenca del Narcea,,NA-21,O 9,50.0,359.8,957.5,43.1851336,-6.641892652,100.0,"Converted in QGIS from Lambert coords, Madrid 1870",,,,,,,TRUE,0.0,0.0,0.0,0.0,0.0,0.0,0.0,0.0,,"Domergue 1990: 42; Sanchez-Palencia and Orejas 1994, 197",,,,,,,,,,,Hard rock,Primary,Extensive,1,Confirmado,0,No,0,No,0,No,0,No,0,No,0,No,0,0,0,0,1.0,1.0,1.0,1.0,Alta Certeza (Grado I)
694,Fana de Cornollo,,Hispania Tarraconensis,Spain,Oviedo,Cuenca del Navia,,NV-50,,,,,43.164981,-6.809488,1000.0,"Placename, Google Earth, and Sanchez-Palencia and Orejas 1994, fig. 13.",,,,,,,TRUE,0.0,0.0,0.0,0.0,0.0,0.0,0.0,0.0,,"Sanchez-Palencia and Orejas 1994, 200",1.0,0.0,TRUE,,,,,,,,,Secondary,Extensive,1,Confirmado,0,No,0,No,0,No,0,No,0,No,0,No,1,0,1,0,0.7,0.9,1.0,0.845,Alta Certeza (Grado I)
695,Fana de la Freita (Alto del Palo),,Hispania Tarraconensis,Spain,Oviedo,Cuenca del Navia,,NV-35,O 5,50.0,356.5,968.5,43.28598263,-6.67932256,0.0,Google Earth,,,,,,,TRUE,0.0,0.0,0.0,0.0,0.0,0.0,0.0,0.0,"Large and deep opencast fed by multiple aqueducts, with hushing tanks.","Domergue 1990: 42; Sanchez-Palencia and Orejas 1994, 200",1.0,0.0,TRUE,TRUE,FALSE,0.0,0.0,0.0,0.0,,Hard rock and colluvium,Secondary - Primary,Selective - Extensive,1,Confirmado,0,No,0,No,0,No,0,No,0,No,0,No,1,0,1,0,1.0,1.0,1.0,1.0,Alta Certeza (Grado I)
696,Fastias: Los Fornones,,Hispania Tarraconensis,Spain,Oviedo,Cuenca del Esba o Canero,,ES-14,O 24,27.0,376.7,982.4,43.41390299,-6.443659151,100.0,"Converted in QGIS from Lambert coords, Madrid 1870",,,,,,,TRUE,0.0,0.0,0.0,0.0,0.0,0.0,0.0,0.0,,"Domergue 1990: 42; Sanchez-Palencia and Orejas 1994, 194",,,,,,,,,,,Hard rock,Primary,Extensive,1,Confirmado,0,No,0,No,0,No,0,No,0,No,0,No,0,0,0,0,1.0,1.0,1.0,1.0,Alta Certeza (Grado I)
697,Ferminera,,Hispania Baetica,Spain,Badajoz,Azuaga-Fuenteovejuna,,,BA 6,878.0,424.3,407.5,38.24638005,-5.69662526,100.0,"Converted in QGIS from Lambert coords, Madrid 1870",,,,,,,FALSE,1.0,1.0,0.0,0.0,0.0,0.0,0.0,0.0,,Domergue 1990: 46,0.0,1.0,FALSE,FALSE,FALSE,0.0,0.0,0.0,0.0,,Hard rock,Primary,,0,No,1,Confirmado,0,No,1,Confirmado,0,No,0,No,0,No,0,1,0,0,1.0,0.9,1.0,0.9650000000000001,Alta Certeza (Grado I)
698,Ferreras,,Hispania Tarraconensis,Spain,León,Cuenca Alta del Orbigo,,AO-20,,,,,42.641296,-5.943973,0.0,Guessed: opencasts on Google Earth,,,,,,,TRUE,0.0,0.0,0.0,0.0,0.0,0.0,0.0,0.0,,"Sanchez-Palencia and Orejas 1994, 189",1.0,0.0,TRUE,,,,,,,,,Secondary,Extensive,1,Confirmado,0,No,0,No,0,No,0,No,0,No,0,No,1,0,1,0,1.0,0.9,1.0,0.9650000000000001,Alta Certeza (Grado I)
699,Figueirido,,Hispania Tarraconensis,Spain,Lugo,Cuenca media del Sil,,MS-038,,,,,42.415691,-7.229515,1000.0,"Google Earth, placename",,,,,,,TRUE,0.0,0.0,0.0,0.0,0.0,0.0,0.0,0.0,,"Sanchez-Palencia and Orejas 1994, 195",1.0,0.0,TRUE,,,,,,,,,Secondary,Extensive,1,Confirmado,0,No,0,No,0,No,0,No,0,No,0,No,1,0,1,0,0.7,0.9,1.0,0.845,Alta Certeza (Grado I)
700,Figueras,,Hispania Tarraconensis,Spain,Oviedo,Cuenca del Narcea,,NA-27,,,,,43.254151,-6.581698,1500.0,"Google Earth, placename",,,,,,,TRUE,0.0,0.0,0.0,0.0,0.0,0.0,0.0,0.0,,"Sanchez-Palencia and Orejas 1994, 197",,,,,,,,,,,,Primary,Extensive,1,Confirmado,0,No,0,No,0,No,0,No,0,No,0,No,0,0,0,0,0.5,0.9,1.0,0.765,Media Certeza (Grado II)
701,Filón del Cobre,,Hispania Tarraconensis,Spain,Jaén,Linares-La Carolina,,,J 9,905.0,597.0,392.3,38.12718959,-3.72217537,100.0,"Converted in QGIS from Lambert coords, Madrid 1870",,,,,,,FALSE,1.0,1.0,1.0,0.0,0.0,0.0,0.0,0.0,,Domergue 1990: 45,0.0,1.0,FALSE,FALSE,FALSE,0.0,0.0,0.0,0.0,,Hard rock,,,0,No,1,Confirmado,1,Confirmado,1,Confirmado,0,No,0,No,0,No,0,1,0,0,1.0,0.9,1.0,0.9650000000000001,Alta Certeza (Grado I)
702,Filón Zumajo: Cortijo de los Chinches,,Hispania Baetica,Spain,Córdoba,Los Pedroches,,,CO 32,860.0,527.6,417.8,38.35405627,-4.51686181,100.0,"Converted in QGIS from Lambert coords, Madrid 1870",,,,,,,FALSE,1.0,1.0,1.0,0.0,0.0,0.0,0.0,0.0,,Domergue 1990: 48,0.0,1.0,FALSE,FALSE,FALSE,0.0,0.0,0.0,0.0,,Hard rock,Primary,,0,No,1,Confirmado,1,Confirmado,1,Confirmado,0,No,0,No,0,No,0,1,0,0,1.0,0.9,1.0,0.9650000000000001,Alta Certeza (Grado I)
703,Filón Zumajo: San Cayetano,,Hispania Baetica,Spain,Córdoba,Los Pedroches,,,CO 32,882.0,537.2,410.5,38.28899455,-4.40628096,100.0,"Converted in QGIS from Lambert coords, Madrid 1870",,,,,,,FALSE,1.0,1.0,1.0,0.0,0.0,0.0,0.0,0.0,,Domergue 1990: 48,0.0,1.0,FALSE,FALSE,FALSE,0.0,0.0,0.0,0.0,,Hard rock,Primary,,0,No,1,Confirmado,1,Confirmado,1,Confirmado,0,No,0,No,0,No,0,1,0,0,1.0,0.9,1.0,0.9650000000000001,Alta Certeza (Grado I)
705,Folgoso,,Hispania Tarraconensis,Spain,Oviedo,Cuenca del Navia,,NV-27,,,,,43.05083,-6.875523,500.0,"Google Earth, IGN map, and Sanchez-Palencia and Orejas 1994, fig. 13.",,,,,,,TRUE,0.0,0.0,0.0,0.0,0.0,0.0,0.0,0.0,,"Sanchez-Palencia and Orejas 1994, 199",1.0,0.0,TRUE,,,,,,,,,Secondary,Extensive,1,Confirmado,0,No,0,No,0,No,0,No,0,No,0,No,1,0,1,0,0.85,0.9,1.0,0.905,Alta Certeza (Grado I)
706,Fombuena,,Hispania Tarraconensis,Spain,Zaragoza,Fombuena,,,Z 4,466.0,812.5,730.3,41.14748302,-1.153847049,100.0,"Converted in QGIS from Lambert coords, Madrid 1870",,,,,,,FALSE,0.0,0.0,1.0,0.0,0.0,0.0,0.0,0.0,,Domergue 1990: 64,,,FALSE,FALSE,FALSE,0.0,0.0,0.0,,,,,,0,No,0,No,1,Confirmado,0,No,0,No,0,No,0,No,0,0,0,0,1.0,0.9,1.0,0.9650000000000001,Alta Certeza (Grado I)
707,Fongasoiro,,Hispania Tarraconensis,Spain,León,Cuencas de Cúa y Burbia,,CB-10,,,,,42.728349,-6.813498,1000.0,"Estimated from Sanchez-Palencia and Orejas 1994, fig. 14, and Google Earth",,,,,,,TRUE,0.0,0.0,0.0,0.0,0.0,0.0,0.0,0.0,,"Sanchez-Palencia and Orejas 1994, 191",,,,,,,,,,,,Primary,Extensive,1,Confirmado,0,No,0,No,0,No,0,No,0,No,0,No,0,0,0,0,0.7,0.9,1.0,0.845,Alta Certeza (Grado I)
708,Fontanar,,Hispania Baetica,Spain,Córdoba,Los Pedroches,,,CO 17,858.0,494.5,417.4,38.34704078,-4.89572955,100.0,"Converted in QGIS from Lambert coords, Madrid 1870",,,,,,,FALSE,0.0,0.0,1.0,0.0,0.0,0.0,0.0,0.0,,Domergue 1990: 47,,,FALSE,FALSE,FALSE,0.0,0.0,0.0,,,Hard rock,Primary,,0,No,0,No,1,Confirmado,0,No,0,No,0,No,0,No,0,0,0,0,1.0,0.9,1.0,0.9650000000000001,Alta Certeza (Grado I)
709,Forcadas,,Hispania Tarraconensis,Spain,Lugo,Cuenca media del Sil,,MS-103,,,,,42.587954,-7.451319,500.0,Google Earth and IGN map,,,,,,,TRUE,0.0,0.0,0.0,0.0,0.0,0.0,0.0,0.0,,"Sanchez-Palencia and Orejas 1994, 197",1.0,0.0,TRUE,,,,,,,,,Secondary,Extensive,1,Confirmado,0,No,0,No,0,No,0,No,0,No,0,No,1,0,1,0,0.85,0.9,1.0,0.905,Alta Certeza (Grado I)
710,Forcadín,,Hispania Tarraconensis,Spain,Oviedo,Cuenca del Narcea,,NA-09,,,,,43.139214,-6.674443,1000.0,Guessed from Sanchez-Palencia and Orejas 1994 fig. 13 and Google Earth,,,,,,,TRUE,0.0,0.0,0.0,0.0,0.0,0.0,0.0,0.0,,"Sanchez-Palencia and Orejas 1994, 197",,,,,,,,,,,,Primary,Extensive,1,Confirmado,0,No,0,No,0,No,0,No,0,No,0,No,0,0,0,0,0.7,0.9,1.0,0.845,Alta Certeza (Grado I)
711,Fornaza,,Hispania Tarraconensis,Spain,Lugo,Galicia,,,LU 4,74.0,334.5,940.4,43.02341913,-6.945084042,100.0,"Converted in QGIS from Lambert coords, Madrid 1870",,,,,,,FALSE,1.0,1.0,0.0,0.0,0.0,0.0,0.0,0.0,,Domergue 1990: 41,,,FALSE,FALSE,FALSE,0.0,0.0,0.0,,,Hard rock,,,0,No,1,Confirmado,0,No,1,Confirmado,0,No,0,No,0,No,0,0,0,0,1.0,0.9,1.0,0.9650000000000001,Alta Certeza (Grado I)
712,Fornaza,,Hispania Tarraconensis,Spain,Oviedo,Cuenca del Navia,,NV-01,,,,,43.076049,-6.956886,1000.0,"Placename ""A Fornaza"""" on Googe Earth.""","Possibly a duplicate of Domergue's ""Riodeporcos"""" which is next to it.""",,,,,,TRUE,0.0,0.0,0.0,0.0,0.0,0.0,0.0,0.0,,"Sanchez-Palencia and Orejas 1994, 199",,,,,,,,,,,,Primary,Extensive,1,Confirmado,0,No,0,No,0,No,0,No,0,No,0,No,0,0,0,0,0.7,0.9,1.0,0.845,Alta Certeza (Grado I)
713,Fornelos,,Hispania Tarraconensis,Spain,Orense,Cuenca del Bibei,,BI-03,,,,,42.12365,-7.17851,2000.0,"Google Earth, placename",,,,,,,TRUE,0.0,0.0,0.0,0.0,0.0,0.0,0.0,0.0,,"Sanchez-Palencia and Orejas 1994, 190",1.0,0.0,TRUE,,,,,,,,,Secondary,Selective,1,Confirmado,0,No,0,No,0,No,0,No,0,No,0,No,1,0,1,0,0.5,0.9,1.0,0.765,Media Certeza (Grado II)
715,Fuente de las Mulleres,,Hispania Tarraconensis,Spain,Oviedo,Cuenca del Navia,,NV-40,,,,,43.274329,-6.669248,500.0,Google Earth and name on IGN map.,,,,,,,TRUE,0.0,0.0,0.0,0.0,0.0,0.0,0.0,0.0,,"Sanchez-Palencia and Orejas 1994, 200",,,,,,,,,,,,Primary,Selective,1,Confirmado,0,No,0,No,0,No,0,No,0,No,0,No,0,0,0,0,0.85,0.9,1.0,0.905,Alta Certeza (Grado I)
716,Fuente del Charco,,Hispania Baetica,Spain,Córdoba,Los Pedroches,,,CO 69,832.0,454.6,441.5,38.55849655,-5.35759038,100.0,"Converted in QGIS from Lambert coords, Madrid 1870",,,,,,,FALSE,1.0,1.0,0.0,0.0,0.0,0.0,0.0,0.0,,Domergue 1990: 48,0.0,1.0,FALSE,FALSE,FALSE,0.0,0.0,0.0,0.0,,Hard rock,Primary,,0,No,1,Confirmado,0,No,1,Confirmado,0,No,0,No,0,No,0,1,0,0,1.0,0.9,1.0,0.9650000000000001,Alta Certeza (Grado I)
717,Fuente del Estanco,,Hispania Tarraconensis,Spain,León,Cuencas del Turienzo y Jerega,,TJ-07,,,,,42.466133,-6.300965,300.0,"Estimated from Sanchez-Palencia and Orejas 1994, fig. 17, IGN map, and Google Earth",,,,,,,TRUE,0.0,0.0,0.0,0.0,0.0,0.0,0.0,0.0,,"Sanchez-Palencia and Orejas 1994, 202",,,,,,,,,,,,Primary,Selective - Extensive,1,Confirmado,0,No,0,No,0,No,0,No,0,No,0,No,0,0,0,0,0.85,0.9,1.0,0.905,Alta Certeza (Grado I)
718,Fuente la Zarza,,Hispania Baetica,Spain,Badajoz,La Serena,,,BA 28,832.0,461.0,451.3,38.64790148,-5.28613175,100.0,"Converted in QGIS from Lambert coords, Madrid 1870",,,,,,,FALSE,1.0,1.0,0.0,0.0,0.0,0.0,0.0,0.0,,Domergue 1990: 45,,,FALSE,FALSE,FALSE,0.0,0.0,0.0,,,Hard rock,Primary,,0,No,1,Confirmado,0,No,1,Confirmado,0,No,0,No,0,No,0,0,0,0,1.0,0.9,1.0,0.9650000000000001,Alta Certeza (Grado I)
719,Fuentes Torres,,Hispania Tarraconensis,Spain,León,Cuenca del Boeza,,BO-05,,,,,42.70861,-6.380232,0.0,"Estimated from Sanchez-Palencia and Orejas 1994, fig. 14, IGN map, and Google Earth, refined by site visit 23/09/2021",,,,,,,TRUE,0.0,0.0,0.0,0.0,0.0,0.0,0.0,0.0,,"Sanchez-Palencia and Orejas 1994, 190",1.0,0.0,TRUE,FALSE,TRUE,0.0,0.0,0.0,0.0,,,Secondary,Extensive,1,Confirmado,0,No,0,No,0,No,0,No,0,No,0,No,1,0,1,0,1.0,0.9,1.0,0.9650000000000001,Alta Certeza (Grado I)
720,Gamonita,,Hispania Baetica,Spain,Badajoz,La Serena,,,BA 32,806.0,441.1,460.3,38.72558762,-5.51700075,100.0,"Converted in QGIS from Lambert coords, Madrid 1870",,,,,,,FALSE,1.0,1.0,0.0,0.0,0.0,0.0,0.0,0.0,,Domergue 1990: 45,,,FALSE,FALSE,FALSE,0.0,0.0,0.0,,,Hard rock,Primary,,0,No,1,Confirmado,0,No,1,Confirmado,0,No,0,No,0,No,0,0,0,0,1.0,0.9,1.0,0.9650000000000001,Alta Certeza (Grado I)
721,Gándara Mediana,,Hispania Tarraconensis,Spain,León,Cuenca del Boeza,,BO-28,,,,,42.571448,-6.446029,1000.0,"Estimated from Sanchez-Palencia and Orejas 1994, fig. 14, IGN map, and Google Earth",,,,,,,TRUE,0.0,0.0,0.0,0.0,0.0,0.0,0.0,0.0,,"Sanchez-Palencia and Orejas 1994, 191",1.0,0.0,TRUE,,,,,,,,,Secondary,Extensive,1,Confirmado,0,No,0,No,0,No,0,No,0,No,0,No,1,0,1,0,0.7,0.9,1.0,0.845,Alta Certeza (Grado I)
722,Gargalellas,,Hispania Tarraconensis,Spain,Oviedo,Cuenca del Navia,,NV-65,,,,,43.329492,-6.694209,50.0,"Sanchez-Palencia and Orejas 1994, fig. 13; and Google Earth and IGN map.",,,,,,,TRUE,0.0,0.0,0.0,0.0,0.0,0.0,0.0,0.0,,"Sanchez-Palencia and Orejas 1994, 200",1.0,0.0,TRUE,TRUE,FALSE,0.0,0.0,0.0,0.0,,,Secondary - Primary,Selective - Extensive,1,Confirmado,0,No,0,No,0,No,0,No,0,No,0,No,1,0,1,0,1.0,0.9,1.0,0.9650000000000001,Alta Certeza (Grado I)
723,Gera I,,Hispania Tarraconensis,Spain,Oviedo,Cuenca del Narcea,,NA-38,,,,,43.300691,-6.500639,1000.0,"Estimated from Sanchez-Palencia and Orejas 1994, fig. 13, IGN map, and Google Earth",,,,,,,TRUE,0.0,0.0,0.0,0.0,0.0,0.0,0.0,0.0,,"Sanchez-Palencia and Orejas 1994, 198",,,,,,,,,,,,Primary,Extensive,1,Confirmado,0,No,0,No,0,No,0,No,0,No,0,No,0,0,0,0,0.7,0.9,1.0,0.845,Alta Certeza (Grado I)
724,Gera II,,Hispania Tarraconensis,Spain,Oviedo,Cuenca del Narcea,,NA-39,,,,,43.307079,-6.493312,1000.0,"Estimated from Sanchez-Palencia and Orejas 1994, fig. 13, IGN map, and Google Earth",,,,,,,TRUE,0.0,0.0,0.0,0.0,0.0,0.0,0.0,0.0,,"Sanchez-Palencia and Orejas 1994, 198",,,,,,,,,,,,Primary,Extensive,1,Confirmado,0,No,0,No,0,No,0,No,0,No,0,No,0,0,0,0,0.7,0.9,1.0,0.845,Alta Certeza (Grado I)
725,Gibla,,Hispania Baetica,Spain,Sevilla,Sevilla,,,SE 7,920.0,438.6,362.7,37.8453868,-5.522648628,100.0,"Converted in QGIS from Lambert coords, Madrid 1870",,,,,,,FALSE,0.0,0.0,1.0,0.0,0.0,0.0,0.0,0.0,,Domergue 1990: 48,,,FALSE,FALSE,FALSE,0.0,0.0,0.0,,,Hard rock,Primary,,0,No,0,No,1,Confirmado,0,No,0,No,0,No,0,No,0,0,0,0,1.0,0.9,1.0,0.9650000000000001,Alta Certeza (Grado I)
726,Godán I,,Hispania Tarraconensis,Spain,Oviedo,Cuenca del Narcea,,NA-58,,,,,43.382872,-6.236199,2000.0,"Guessed from Google Earth and Sanchez-Palencia and Orejas 1994, fig. 13",,,,,,,TRUE,0.0,0.0,0.0,0.0,0.0,0.0,0.0,0.0,,"Sanchez-Palencia and Orejas 1994, 198",,,,,,,,,,,,Primary,Extensive,1,Confirmado,0,No,0,No,0,No,0,No,0,No,0,No,0,0,0,0,0.5,0.9,1.0,0.765,Media Certeza (Grado II)
727,Godán II,,Hispania Tarraconensis,Spain,Oviedo,Cuenca del Narcea,,NA-57,,,,,43.389072,-6.256572,2000.0,"Guessed from Google Earth and Sanchez-Palencia and Orejas 1994, fig. 13",,,,,,,TRUE,0.0,0.0,0.0,0.0,0.0,0.0,0.0,0.0,,"Sanchez-Palencia and Orejas 1994, 198",,,,,,,,,,,,Primary,Extensive,1,Confirmado,0,No,0,No,0,No,0,No,0,No,0,No,0,0,0,0,0.5,0.9,1.0,0.765,Media Certeza (Grado II)
728,Golpejas,,Hispania Tarraconensis,Spain,Salamanca,Beiras,,,SA 3,477.0,413.0,713.4,41.0013409,-5.913045079,100.0,"Converted in QGIS from Lambert coords, Madrid 1870",,,,,,,FALSE,0.0,0.0,0.0,1.0,0.0,0.0,0.0,0.0,,Domergue 1990: 42,,,FALSE,FALSE,FALSE,0.0,0.0,0.0,,,Hard rock,,,0,No,0,No,0,No,0,No,0,No,1,Confirmado,0,No,0,0,0,0,1.0,0.9,1.0,0.9650000000000001,Alta Certeza (Grado I)
730,Guadalperal,,Hispania Tarraconensis,Spain,Ciudad Real,Alcudia,,,CR 8,808.0,508.3,464.9,38.77686662,-4.74420309,100.0,"Converted in QGIS from Lambert coords, Madrid 1870",,,,,,,FALSE,0.0,0.0,0.0,0.0,0.0,1.0,0.0,0.0,,Domergue 1990: 47,,,FALSE,FALSE,FALSE,0.0,0.0,0.0,,,,,,0,No,0,No,0,No,0,No,1,Confirmado,0,No,0,No,0,0,0,0,1.0,0.9,1.0,0.9650000000000001,Alta Certeza (Grado I)
731,Guaditoca,,Hispania Baetica,Spain,Badajoz,Azuaga-Fuenteovejuna,,,BA 10,878.0,424.4,399.0,38.16978845,-5.69329653,100.0,"Converted in QGIS from Lambert coords, Madrid 1870",,,,,,,FALSE,1.0,1.0,0.0,0.0,0.0,0.0,0.0,0.0,,Domergue 1990: 46,0.0,1.0,FALSE,FALSE,FALSE,0.0,0.0,0.0,0.0,,Hard rock,Primary,,0,No,1,Confirmado,0,No,1,Confirmado,0,No,0,No,0,No,0,1,0,0,1.0,0.9,1.0,0.9650000000000001,Alta Certeza (Grado I)
732,Guijuelo,,Hispania Tarraconensis,Spain,Salamanca,Beiras,,,SA 4,528.0,431.3,661.8,40.54020398,-5.68164048,100.0,"Converted in QGIS from Lambert coords, Madrid 1870",,,,,,,FALSE,1.0,1.0,0.0,0.0,0.0,0.0,0.0,0.0,,Domergue 1990: 42,,,FALSE,FALSE,FALSE,0.0,0.0,0.0,,,Hard rock,,,0,No,1,Confirmado,0,No,1,Confirmado,0,No,0,No,0,No,0,0,0,0,1.0,0.9,1.0,0.9650000000000001,Alta Certeza (Grado I)
733,Guisatecha,,Hispania Tarraconensis,Spain,León,Cuenca Alta del Orbigo,,AO-11,,,,,42.785404,-6.009757,1000.0,Guessed: placename on Google Earth,,,,,,,TRUE,0.0,0.0,0.0,0.0,0.0,0.0,0.0,0.0,,"Sanchez-Palencia and Orejas 1994, 188",1.0,0.0,TRUE,,,,,,,,,Secondary,Selective,1,Confirmado,0,No,0,No,0,No,0,No,0,No,0,No,1,0,1,0,0.7,0.9,1.0,0.845,Alta Certeza (Grado I)
734,Herrerías (Almería),,Hispania Baetica,Spain,Almería,Almería,,,AL 3,1015.0,767.9,299.0,37.27017742,-1.7947398,100.0,"Converted in QGIS from Lambert coords, Madrid 1870",,,,,,,FALSE,1.0,0.0,0.0,0.0,0.0,0.0,0.0,0.0,"Sizeable mining zone, largely destroyed by 19th/20th-c. works",Domergue 1990: 64,,,FALSE,FALSE,FALSE,0.0,0.0,0.0,,,,,,0,No,1,Confirmado,0,No,0,No,0,No,0,No,0,No,0,0,0,0,1.0,0.9,1.0,0.9650000000000001,Alta Certeza (Grado I)
735,Herrerías (Huelva),,Hispania Baetica,Spain,Huelva,Huelva,,,H 40,958.0,281.3,342.3,37.61827285,-7.29988195,100.0,"Converted in QGIS from Lambert coords, Madrid 1870",,,,,,,FALSE,1.0,0.0,1.0,0.0,0.0,0.0,0.0,0.0,,Domergue 1990: 62,0.0,1.0,FALSE,FALSE,FALSE,0.0,0.0,0.0,0.0,,Pyrite,Primary,,0,No,1,Confirmado,1,Confirmado,0,No,0,No,0,No,0,No,0,1,0,0,1.0,0.9,1.0,0.9650000000000001,Alta Certeza (Grado I)
736,Herrerías de los Confesionarios,,Hispania Baetica,Spain,Huelva,Huelva,,,H 25,937.0,318.7,360.1,37.7914656,-6.88362989,100.0,"Converted in QGIS from Lambert coords, Madrid 1870",,,,,,,FALSE,0.0,0.0,1.0,0.0,0.0,0.0,0.0,0.0,,Domergue 1990: 62,0.0,1.0,FALSE,FALSE,FALSE,0.0,0.0,0.0,0.0,,Pyrite,Primary,,0,No,0,No,1,Confirmado,0,No,0,No,0,No,0,No,0,1,0,0,1.0,0.9,1.0,0.9650000000000001,Alta Certeza (Grado I)
737,Hervederas / Río Bárcena,,Hispania Tarraconensis,Spain,Oviedo,Cuenca del Esba o Canero,,ES-13,O 32,26.0,368.65,976.0,43.35408141,-6.540409963,100.0,"Converted in QGIS from Lambert coords, Madrid 1870","Assumed that Domergue's  ""Hervederas"" = Sanchez Palencia & Orejas' ""Río Bárcena"" since locations roughly match",,,,,,TRUE,0.0,0.0,0.0,0.0,0.0,0.0,0.0,0.0,,"Domergue 1990: 42; Sanchez-Palencia and Orejas 1994, 194",1.0,0.0,TRUE,,,,,,,,Hard rock and colluvium,Secondary,Selective,1,Confirmado,0,No,0,No,0,No,0,No,0,No,0,No,1,0,1,0,1.0,1.0,1.0,1.0,Alta Certeza (Grado I)
738,Horno de Arriba - Teso de la Collada,,Hispania Tarraconensis,Spain,León,Valduerna,,DU-10,,,,,42.355029,-6.304187,500.0,"Estimated from Sanchez-Palencia and Orejas 1994, fig. 17 and Google Earth",,,,,,,TRUE,0.0,0.0,0.0,0.0,0.0,0.0,0.0,0.0,,"Sanchez-Palencia and Orejas 1994, 192",1.0,0.0,TRUE,FALSE,FALSE,0.0,0.0,0.0,0.0,,,Secondary,Selective - Extensive,1,Confirmado,0,No,0,No,0,No,0,No,0,No,0,No,1,0,1,0,0.85,0.9,1.0,0.905,Alta Certeza (Grado I)
739,Hoyo de la Campana,,Hispania Tarraconensis,Spain,Granada,Granada,,,GR 2,1026.0,612.3,285.7,37.167656,-3.551073,0.0,"Converted in QGIS from Lambert coords, Madrid 1870, checked on Google Earth and confirmed on site, Nov. 2017.",,,,,,,TRUE,0.0,0.0,0.0,0.0,0.0,0.0,0.0,0.0,"Large alluvial ruina montium mine, with some reworking of the downhill parts in the late 19th century.",Domergue 1990: 64; García-Pulido 2008a; 2008b; 2011; 2014,1.0,0.0,TRUE,FALSE,FALSE,1.0,0.0,0.0,0.0,,Alluvial deposits,Secondary,,1,Confirmado,0,No,0,No,0,No,0,No,0,No,0,No,1,0,1,0,1.0,0.9,1.0,0.9650000000000001,Alta Certeza (Grado I)
740,Hoyo de los Colgazidos de Castrofrio,,Hispania Tarraconensis,Spain,Avila,,,,AV 1,576.0,437.0,629.0,40.24567301,-5.60595927,100.0,"Converted in QGIS from Lambert coords, Madrid 1870",,,,,,,FALSE,0.0,0.0,1.0,0.0,0.0,0.0,0.0,0.0,,Domergue 1990: 64,,,FALSE,FALSE,FALSE,0.0,0.0,0.0,,,,,,0,No,0,No,1,Confirmado,0,No,0,No,0,No,0,No,0,0,0,0,1.0,0.9,1.0,0.9650000000000001,Alta Certeza (Grado I)
741,Huerta de Juan Abad,,Hispania Baetica,Spain,Córdoba,Montoro Andújar,,,CO 75,903.0,541.0,394.5,38.14501878,-4.3614333,100.0,"Converted in QGIS from Lambert coords, Madrid 1870",,,,,,,FALSE,1.0,1.0,0.0,0.0,0.0,0.0,0.0,0.0,,Domergue 1990: 47,0.0,1.0,FALSE,FALSE,FALSE,0.0,0.0,0.0,0.0,,Hard rock,,,0,No,1,Confirmado,0,No,1,Confirmado,0,No,0,No,0,No,0,1,0,0,1.0,0.9,1.0,0.9650000000000001,Alta Certeza (Grado I)
742,Ibollo,,Hispania Tarraconensis,Spain,Oviedo,Asturias,,,O 2,50.0,360.4,961.2,43.21858537,-6.636023685,100.0,"Converted in QGIS from Lambert coords, Madrid 1870",,,,,,,TRUE,0.0,0.0,0.0,0.0,0.0,0.0,0.0,0.0,,Domergue 1990: 42,,,,,,,,,,,Hard rock,,,1,Confirmado,0,No,0,No,0,No,0,No,0,No,0,No,0,0,0,0,1.0,0.9,1.0,0.9650000000000001,Alta Certeza (Grado I)
743,Irixo,,Hispania Tarraconensis,Spain,Orense,Cuenca media del Miño,,MM-01,,,,,42.511982,-8.118764,1000.0,"Google Earth, placename",,,,,,,TRUE,0.0,0.0,0.0,0.0,0.0,0.0,0.0,0.0,,"Sanchez-Palencia and Orejas 1994, 194",,,,,,,,,,,,Primary,Selective - Extensive,1,Confirmado,0,No,0,No,0,No,0,No,0,No,0,No,0,0,0,0,0.7,0.9,1.0,0.845,Alta Certeza (Grado I)
744,Iboyo-Abaniella,,Hispania Tarraconensis,Spain,Oviedo,Cuenca del Narcea,,NA-25,,,,,43.212434,-6.62141,1500.0,"Estimated from Sanchez-Palencia and Orejas 1994, fig. 13 and Google Earth",,,,,,,TRUE,0.0,0.0,0.0,0.0,0.0,0.0,0.0,0.0,,"Sanchez-Palencia and Orejas 1994, 197",,,,,,,,,,,,Primary,Selective - Extensive,1,Confirmado,0,No,0,No,0,No,0,No,0,No,0,No,0,0,0,0,0.5,0.9,1.0,0.765,Media Certeza (Grado II)
745,Juan Teniente,,Hispania Baetica,Spain,Sevilla,Sevilla,,,SE 12,920.0,416.2,365.5,37.86617539,-5.777938529,100.0,"Converted in QGIS from Lambert coords, Madrid 1870",,,,,,,FALSE,0.0,0.0,1.0,0.0,0.0,0.0,0.0,0.0,,Domergue 1990: 48,,,FALSE,FALSE,FALSE,0.0,0.0,0.0,,,Hard rock,Primary,,0,No,0,No,1,Confirmado,0,No,0,No,0,No,0,No,0,0,0,0,1.0,0.9,1.0,0.9650000000000001,Alta Certeza (Grado I)
746,Justicia,,Hispania Baetica,Spain,Badajoz,Azuaga-Fuenteovejuna,,,BA 13,878.0,429.6,404.4,38.21949903,-5.63527857,100.0,"Converted in QGIS from Lambert coords, Madrid 1870",,,,,,,FALSE,1.0,1.0,0.0,0.0,0.0,0.0,0.0,0.0,,Domergue 1990: 46,0.0,1.0,FALSE,FALSE,FALSE,0.0,0.0,0.0,0.0,,Hard rock,Primary,,0,No,1,Confirmado,0,No,1,Confirmado,0,No,0,No,0,No,0,1,0,0,1.0,0.9,1.0,0.9650000000000001,Alta Certeza (Grado I)
747,La Alondra,,Hispania Baetica,Spain,Badajoz,La Serena,,,BA 36,806.0,441.3,463.8,38.75717683,-5.51552515,100.0,"Converted in QGIS from Lambert coords, Madrid 1870",,,,,,,FALSE,1.0,1.0,0.0,0.0,0.0,0.0,0.0,0.0,,Domergue 1990: 45,,,FALSE,FALSE,FALSE,0.0,0.0,0.0,,,Hard rock,Primary,,0,No,1,Confirmado,0,No,1,Confirmado,0,No,0,No,0,No,0,0,0,0,1.0,0.9,1.0,0.9650000000000001,Alta Certeza (Grado I)
748,La Arenera,,Hispania Tarraconensis,Spain,Oviedo,Cuenca del Navia,,NV-08,,,,,43.018637,-6.826936,500.0,IGN map and Google Earth,,,,,,,TRUE,0.0,0.0,0.0,0.0,0.0,0.0,0.0,0.0,,"Sanchez-Palencia and Orejas 1994, 199",,,,,,,,,,,,Primary,Extensive,1,Confirmado,0,No,0,No,0,No,0,No,0,No,0,No,0,0,0,0,0.85,0.9,1.0,0.905,Alta Certeza (Grado I)
749,La Argentera,,Hispania Tarraconensis,Spain,Balearics,,,,PM 2,773.0,1053.3,503.8,39.01230651,1.554060351,100.0,"Converted in QGIS from Lambert coords, Madrid 1870",,,,,,,FALSE,1.0,1.0,0.0,0.0,0.0,0.0,0.0,0.0,,Domergue 1990: 64,0.0,1.0,FALSE,FALSE,FALSE,0.0,0.0,0.0,0.0,,,,,0,No,1,Confirmado,0,No,1,Confirmado,0,No,0,No,0,No,0,1,0,0,1.0,0.9,1.0,0.9650000000000001,Alta Certeza (Grado I)
750,La Atalaya,,Hispania Baetica,Spain,Córdoba,Los Pedroches,,,CO 12,881.0,498.2,411.1,38.29069017,-4.85243374,100.0,"Converted in QGIS from Lambert coords, Madrid 1870",,,,,,,FALSE,1.0,1.0,1.0,0.0,0.0,0.0,0.0,0.0,,Domergue 1990: 48,,,FALSE,FALSE,FALSE,0.0,0.0,0.0,,,Hard rock,Primary,,0,No,1,Confirmado,1,Confirmado,1,Confirmado,0,No,0,No,0,No,0,0,0,0,1.0,0.9,1.0,0.9650000000000001,Alta Certeza (Grado I)
752,La Cabra,,Hispania Tarraconensis,Spain,Ciudad Real,Alcudia,,,CR 14,835.0,535.4,449.7,38.64228441,-4.43060527,100.0,"Converted in QGIS from Lambert coords, Madrid 1870",,,,,,,FALSE,1.0,1.0,0.0,0.0,0.0,0.0,0.0,0.0,,Domergue 1990: 46,,,FALSE,FALSE,FALSE,0.0,0.0,0.0,,,,,,0,No,1,Confirmado,0,No,1,Confirmado,0,No,0,No,0,No,0,0,0,0,1.0,0.9,1.0,0.9650000000000001,Alta Certeza (Grado I)
753,La Calabaza / Los Fuchacos - Matarrubia - Torneros,,Hispania Tarraconensis,Spain,León,Cuencas del Duerna y Jamuz,,DU-20,LE 31,231.0,394.8,856.1,42.28235218,-6.176901495,100.0,"Converted in QGIS from Lambert coords, Madrid 1870",,,,,,,TRUE,0.0,0.0,0.0,0.0,0.0,0.0,0.0,0.0,,"Domergue 1990: 43; Sanchez-Palencia and Orejas 1994, 193",1.0,0.0,TRUE,,,,,,,,Terrace,Secondary,Selective,1,Confirmado,0,No,0,No,0,No,0,No,0,No,0,No,1,0,1,0,1.0,1.0,1.0,1.0,Alta Certeza (Grado I)
754,La Calera,,Hispania Baetica,Spain,Córdoba,Córdoba,,,CO 106,901.0,495.3,393.0,38.12717881,-4.88282771,100.0,"Converted in QGIS from Lambert coords, Madrid 1870",,,,,,,FALSE,0.0,0.0,1.0,0.0,0.0,0.0,0.0,0.0,,Domergue 1990: 47,,,FALSE,FALSE,FALSE,0.0,0.0,0.0,,,Hard rock,,,0,No,0,No,1,Confirmado,0,No,0,No,0,No,0,No,0,0,0,0,1.0,0.9,1.0,0.9650000000000001,Alta Certeza (Grado I)
755,La Canalina,,Hispania Tarraconensis,Spain,León,Cuenca Alta del Tuerto,,AT-03,,,,,42.598516,-6.186611,500.0,"Estimated from Sanchez-Palencia and Orejas 1994, fig. 15, IGN map, and Google Earth",,,,,,,TRUE,0.0,0.0,0.0,0.0,0.0,0.0,0.0,0.0,,"Sanchez-Palencia and Orejas 1994, 189",1.0,0.0,TRUE,,,,,,,,,Secondary,Extensive,1,Confirmado,0,No,0,No,0,No,0,No,0,No,0,No,1,0,1,0,0.85,0.9,1.0,0.905,Alta Certeza (Grado I)
757,La Carcabona de Larna,,Hispania Tarraconensis,Spain,Oviedo,Cuenca del Narcea,,NA-03,,,,,43.07739,-6.60234,500.0,"Estimated from Sanchez-Palencia and Orejas 1994, fig. 13, IGN map, and Google Earth",,,,,,,TRUE,0.0,0.0,0.0,0.0,0.0,0.0,0.0,0.0,,"Sanchez-Palencia and Orejas 1994, 197",1.0,0.0,TRUE,,,,,,,,,Secondary,Extensive,1,Confirmado,0,No,0,No,0,No,0,No,0,No,0,No,1,0,1,0,0.85,0.9,1.0,0.905,Alta Certeza (Grado I)
758,La Cárcoba de Antoñana,,Hispania Tarraconensis,Spain,Oviedo,Cuenca del Narcea,,NA-51,,,,,43.323334,-6.261031,1000.0,"Estimated from Sanchez-Palencia and Orejas 1994, fig. 13, IGN map, and Google Earth",,,,,,,TRUE,0.0,0.0,0.0,0.0,0.0,0.0,0.0,0.0,,"Sanchez-Palencia and Orejas 1994, 198",,,,,,,,,,,,Primary,Selective - Extensive,1,Confirmado,0,No,0,No,0,No,0,No,0,No,0,No,0,0,0,0,0.7,0.9,1.0,0.845,Alta Certeza (Grado I)
759,La Carrasquilla,,Hispania Baetica,Spain,Murcia,Almería,,,MU 9,975.0,782.4,331.7,37.56189619,-1.622756111,100.0,"Converted in QGIS from Lambert coords, Madrid 1870",,,,,,,FALSE,0.0,0.0,0.0,0.0,1.0,0.0,0.0,0.0,,Domergue 1990: 64,,,FALSE,FALSE,FALSE,0.0,0.0,0.0,,,,,,0,No,0,No,0,No,0,No,0,No,0,No,1,Confirmado,0,0,0,0,1.0,0.9,1.0,0.9650000000000001,Alta Certeza (Grado I)
760,La Chaquerona de Villavaser,,Hispania Tarraconensis,Spain,Oviedo,Cuenca del Narcea,,NA-28,,,,,43.239908,-6.5671,500.0,"Estimated from Sanchez-Palencia and Orejas 1994, fig. 13, IGN map, and Google Earth",,,,,,,TRUE,0.0,0.0,0.0,0.0,0.0,0.0,0.0,0.0,,"Sanchez-Palencia and Orejas 1994, 197",1.0,0.0,TRUE,,,,,,,,,Secondary,Extensive,1,Confirmado,0,No,0,No,0,No,0,No,0,No,0,No,1,0,1,0,0.85,0.9,1.0,0.905,Alta Certeza (Grado I)
762,La Corona - Barrera Blanca,,Hispania Tarraconensis,Spain,León,Valduerna,,DU-13,,,,,42.32887,-6.294745,0.0,Google Earth,,,,,,,TRUE,0.0,0.0,0.0,0.0,0.0,0.0,0.0,0.0,Extensive area of rake/comb workings along tributary of the Rio Duerna,"Sanchez-Palencia and Orejas 1994, 192",1.0,0.0,TRUE,FALSE,TRUE,0.0,1.0,0.0,0.0,,,Secondary,Selective - Extensive,1,Confirmado,0,No,0,No,0,No,0,No,0,No,0,No,1,0,1,0,1.0,0.9,1.0,0.9650000000000001,Alta Certeza (Grado I)
763,La Corona de la Torca,,Hispania Tarraconensis,Spain,León,Cuenca del Boeza,,BO-26,,,,,42.58311,-6.404319,200.0,"Estimated from Sanchez-Palencia and Orejas 1994, fig. 14, IGN map, and Google Earth",,,,,,,TRUE,0.0,0.0,0.0,0.0,0.0,0.0,0.0,0.0,Corona immediately adjacent to mine.,"Sanchez-Palencia and Orejas 1994, 191",1.0,0.0,TRUE,,,,,,,,,Secondary,Extensive,1,Confirmado,0,No,0,No,0,No,0,No,0,No,0,No,1,0,1,0,0.85,0.9,1.0,0.905,Alta Certeza (Grado I)
764,La Corona de Valdecastrillo,,Hispania Tarraconensis,Spain,León,Cuenca del Boeza,,BO-25,,,,,42.580209,-6.390039,300.0,"Estimated from Sanchez-Palencia and Orejas 1994, fig. 14, IGN map, and Google Earth",,,,,,,TRUE,0.0,0.0,0.0,0.0,0.0,0.0,0.0,0.0,Corona immediately adjacent to mine.,"Sanchez-Palencia and Orejas 1994, 191",1.0,0.0,TRUE,,,,,,,,,Secondary,Extensive,1,Confirmado,0,No,0,No,0,No,0,No,0,No,0,No,1,0,1,0,0.85,0.9,1.0,0.905,Alta Certeza (Grado I)
765,La Cruz,,Hispania Tarraconensis,Spain,Jaén,Linares - La Carolina,,,J 24,905.0,604.8,394.5,38.14701494,-3.63314509,100.0,"Converted in QGIS from Lambert coords, Madrid 1870",,,,,,,FALSE,1.0,1.0,1.0,0.0,0.0,0.0,0.0,0.0,,Domergue 1990: 45,0.0,1.0,FALSE,FALSE,FALSE,0.0,0.0,0.0,0.0,,Hard rock,,,0,No,1,Confirmado,1,Confirmado,1,Confirmado,0,No,0,No,0,No,0,1,0,0,1.0,0.9,1.0,0.9650000000000001,Alta Certeza (Grado I)
767,La Cruz del Rañadero,,Hispania Tarraconensis,Spain,León,Cuenca del Boeza,,BO-01,,,,,42.700005,-6.306113,200.0,"Estimated from Sanchez-Palencia and Orejas 1994, fig. 14, IGN map, and Google Earth",,,,,,,TRUE,0.0,0.0,0.0,0.0,0.0,0.0,0.0,0.0,,"Sanchez-Palencia and Orejas 1994, 190",1.0,0.0,TRUE,,,,,,,,,Secondary,Extensive,1,Confirmado,0,No,0,No,0,No,0,No,0,No,0,No,1,0,1,0,0.85,0.9,1.0,0.905,Alta Certeza (Grado I)
768,La Cuquillera,,Hispania Tarraconensis,Spain,León,Cuencas del Turienzo y Jerega,,TJ-25,,,,,42.468836,-6.183466,500.0,"Estimated from Sanchez-Palencia and Orejas 1994, fig. 17 and Google Earth",,,,,,,TRUE,0.0,0.0,0.0,0.0,0.0,0.0,0.0,0.0,,"Sanchez-Palencia and Orejas 1994, 202",1.0,0.0,TRUE,,,,,,,,,Secondary,Selective - Extensive,1,Confirmado,0,No,0,No,0,No,0,No,0,No,0,No,1,0,1,0,0.85,0.9,1.0,0.905,Alta Certeza (Grado I)
769,La Devesa,,Hispania Tarraconensis,Spain,León,Cuenca del Eria,,ER-02,,,,,42.291301,-6.463884,0.0,"Estimated from Sanchez-Palencia and Orejas 1994, fig. 17 and opencast located on Google Earth",,,,,,,TRUE,0.0,0.0,0.0,0.0,0.0,0.0,0.0,0.0,,"Sanchez-Palencia and Orejas 1994, 193",1.0,0.0,TRUE,TRUE,FALSE,0.0,0.0,0.0,0.0,"Several aqueducts visible on Google Earth, feeding the opencast from the east.",,Secondary,Extensive,1,Confirmado,0,No,0,No,0,No,0,No,0,No,0,No,1,0,1,0,1.0,0.9,1.0,0.9650000000000001,Alta Certeza (Grado I)
770,La Devesa I,,Hispania Tarraconensis,Spain,León,Cuenca Alta del Tuerto,,AT-11,LE 58,160.0,,,42.585197,-6.091631,500.0,"Estimated from Sanchez-Palencia and Orejas 1994, fig. 15, IGN map, and Google Earth",,,,,,,TRUE,0.0,0.0,0.0,0.0,0.0,0.0,0.0,0.0,,"Sanchez-Palencia and Orejas 1994, 190",1.0,0.0,TRUE,,,,,,,,,Secondary,Selective,1,Confirmado,0,No,0,No,0,No,0,No,0,No,0,No,1,0,1,0,0.85,1.0,1.0,0.94,Alta Certeza (Grado I)
772,La Encinilla,,Hispania Baetica,Spain,Córdoba,Los Pedroches,,,CO 22,833.0,482.5,440.5,38.55374099,-5.03709116,100.0,"Converted in QGIS from Lambert coords, Madrid 1870",,,,,,,FALSE,0.0,0.0,1.0,0.0,0.0,0.0,0.0,0.0,,Domergue 1990: 47,0.0,1.0,FALSE,FALSE,FALSE,0.0,0.0,0.0,0.0,,Hard rock,Primary,,0,No,0,No,1,Confirmado,0,No,0,No,0,No,0,No,0,1,0,0,1.0,0.9,1.0,0.9650000000000001,Alta Certeza (Grado I)
773,La Fana - El Caleiro,,Hispania Tarraconensis,Spain,Oviedo,Cuenca del Narcea,,NA-01,,,,,43.071779,-6.650749,500.0,"Estimated from Sanchez-Palencia and Orejas 1994, fig. 13, IGN map, and Google Earth",,,,,,,TRUE,0.0,0.0,0.0,0.0,0.0,0.0,0.0,0.0,,"Sanchez-Palencia and Orejas 1994, 197",1.0,0.0,TRUE,TRUE,,0.0,0.0,0.0,,,,Primary,Extensive,1,Confirmado,0,No,0,No,0,No,0,No,0,No,0,No,1,0,1,0,0.85,0.9,1.0,0.905,Alta Certeza (Grado I)
774,La Folgueriza,,Hispania Tarraconensis,Spain,Oviedo,Cuenca del Navia,,NV-75,,,,,43.34725,-6.696434,100.0,Google Earth and IGN map.,,,,,,,TRUE,0.0,0.0,0.0,0.0,0.0,0.0,0.0,0.0,,"Sanchez-Palencia and Orejas 1994, 200",1.0,0.0,TRUE,TRUE,FALSE,0.0,0.0,0.0,0.0,,,Secondary,Selective,1,Confirmado,0,No,0,No,0,No,0,No,0,No,0,No,1,0,1,0,1.0,0.9,1.0,0.9650000000000001,Alta Certeza (Grado I)
775,La Fontanilla / Las Cuevas,,Hispania Tarraconensis,Spain,León,Cuencas del Turienzo y Jerega,,TJ-17,LE 48,193.0,400.2,873.8,42.442171,-6.119396,100.0,"Converted in QGIS from Lambert coords, Madrid 1870, adjusted with reference to Google Earth.",,,,,,,TRUE,0.0,0.0,0.0,0.0,0.0,0.0,0.0,0.0,"Several hydraulic opencasts; two on the N side of the valley; a large one on the S side, and a smaller piriform opencast to the S of that. In the main, S, opencast there are subterranean galleries opening off the side of the opencast.","Domergue 1990: 43; Sanchez-Palencia and Orejas 1994, 202",1.0,1.0,TRUE,TRUE,FALSE,0.0,0.0,0.0,0.0,,Hard rock,Secondary - Primary,Extensive,1,Confirmado,0,No,0,No,0,No,0,No,0,No,0,No,1,1,1,0,1.0,1.0,1.0,1.0,Alta Certeza (Grado I)
776,La Fontanona - La Gándara,,Hispania Tarraconensis,Spain,León,Cuencas del Turienzo y Jerega,,TJ-23,,,,,42.473679,-6.209227,100.0,"Estimated from Sanchez-Palencia and Orejas 1994, fig. 17 and Google Earth",,,,,,,TRUE,0.0,0.0,0.0,0.0,0.0,0.0,0.0,0.0,,"Sanchez-Palencia and Orejas 1994, 202",1.0,0.0,TRUE,,,,,,,,,Secondary,Selective - Extensive,1,Confirmado,0,No,0,No,0,No,0,No,0,No,0,No,1,0,1,0,1.0,0.9,1.0,0.9650000000000001,Alta Certeza (Grado I)
777,La Fortuna,,Hispania Tarraconensis,Spain,Ciudad Real,Alcudia,,,CR 9,809.0,546.0,460.4,38.73949196,-4.30960585,100.0,"Converted in QGIS from Lambert coords, Madrid 1870",,,,,,,FALSE,1.0,1.0,0.0,0.0,0.0,0.0,0.0,0.0,,Domergue 1990: 46,,,FALSE,FALSE,FALSE,0.0,0.0,0.0,,,,,,0,No,1,Confirmado,0,No,1,Confirmado,0,No,0,No,0,No,0,0,0,0,1.0,0.9,1.0,0.9650000000000001,Alta Certeza (Grado I)
778,La Freitarbosa,,Hispania Tarraconensis,Spain,Oviedo,Cuenca del Navia,,NV-70,,,,,43.351497,-6.676958,0.0,"Sanchez-Palencia and Orejas 1994, fig. 13; and Google Earth and IGN map.",,,,,,,TRUE,0.0,0.0,0.0,0.0,0.0,0.0,0.0,0.0,Large hydraulic opencast.,"Sanchez-Palencia and Orejas 1994, 200",1.0,0.0,TRUE,TRUE,FALSE,0.0,0.0,0.0,0.0,,,Primary,Extensive,1,Confirmado,0,No,0,No,0,No,0,No,0,No,0,No,1,0,1,0,1.0,0.9,1.0,0.9650000000000001,Alta Certeza (Grado I)
779,La Fucarona,,Hispania Tarraconensis,Spain,León,Cuencas del Turienzo y Jerega,,TJ-19,LE 35,192.0,389.0,878.3,42.482916,-6.247223,300.0,"Estimated from Sanchez-Palencia and Orejas 1994, fig. 17 and Google Earth",,,,,,,TRUE,0.0,0.0,0.0,0.0,0.0,0.0,0.0,0.0,,"Domergue 1990: 43; Sanchez-Palencia and Orejas 1994, 202",1.0,0.0,TRUE,TRUE,FALSE,0.0,0.0,0.0,0.0,,Tertiary alluvium,Secondary,Selective - Extensive,1,Confirmado,0,No,0,No,0,No,0,No,0,No,0,No,1,0,1,0,0.85,1.0,1.0,0.94,Alta Certeza (Grado I)
780,La Gándara I,,Hispania Tarraconensis,Spain,León,Cuenca del Eria,,ER-21,,,,,42.233059,-6.264385,300.0,"Estimated from Sanchez-Palencia and Orejas 1994, fig. 17,  Fernández-Lozano et al. 2015, fig. 6, and Google Earth",,,,,,,TRUE,0.0,0.0,0.0,0.0,0.0,0.0,0.0,0.0,,"Sanchez-Palencia and Orejas 1994, 193",1.0,0.0,TRUE,FALSE,FALSE,0.0,0.0,0.0,0.0,,,Secondary,Selective - Extensive,1,Confirmado,0,No,0,No,0,No,0,No,0,No,0,No,1,0,1,0,0.85,0.9,1.0,0.905,Alta Certeza (Grado I)
781,La Gándara II,,Hispania Tarraconensis,Spain,León,Cuenca del Eria,,ER-22,,,,,42.230177,-6.2608,300.0,"Estimated from Sanchez-Palencia and Orejas 1994, fig. 17,  Fernández-Lozano et al. 2015, fig. 6, and Google Earth",,,,,,,TRUE,0.0,0.0,0.0,0.0,0.0,0.0,0.0,0.0,,"Sanchez-Palencia and Orejas 1994, 193",1.0,0.0,TRUE,FALSE,FALSE,0.0,0.0,0.0,0.0,,,Secondary,Extensive,1,Confirmado,0,No,0,No,0,No,0,No,0,No,0,No,1,0,1,0,0.85,0.9,1.0,0.905,Alta Certeza (Grado I)
782,La Garvachana I,,Hispania Tarraconensis,Spain,León,Cuenca Alta del Sil,,AS-13,,,,,42.800928,-6.530024,500.0,"Estimated from Sanchez-Palencia and Orejas 1994, fig. 14, and Google Earth",,,,,,,TRUE,0.0,0.0,0.0,0.0,0.0,0.0,0.0,0.0,,"Sanchez-Palencia and Orejas 1994, 189",1.0,0.0,TRUE,,,,,,,,,Secondary,Extensive,1,Confirmado,0,No,0,No,0,No,0,No,0,No,0,No,1,0,1,0,0.85,0.9,1.0,0.905,Alta Certeza (Grado I)
783,La Garvachana II,,Hispania Tarraconensis,Spain,León,Cuenca Alta del Sil,,AS-12,,,,,42.796606,-6.534496,500.0,"Estimated from Sanchez-Palencia and Orejas 1994, fig. 14, and Google Earth",,,,,,,TRUE,0.0,0.0,0.0,0.0,0.0,0.0,0.0,0.0,,"Sanchez-Palencia and Orejas 1994, 189",1.0,0.0,TRUE,,,,,,,,,Secondary,Extensive,1,Confirmado,0,No,0,No,0,No,0,No,0,No,0,No,1,0,1,0,0.85,0.9,1.0,0.905,Alta Certeza (Grado I)
784,La Garvachana III,,Hispania Tarraconensis,Spain,León,Cuenca Alta del Sil,,AS-11,,,,,42.800509,-6.542769,500.0,"Estimated from Sanchez-Palencia and Orejas 1994, fig. 14, and Google Earth",,,,,,,TRUE,0.0,0.0,0.0,0.0,0.0,0.0,0.0,0.0,,"Sanchez-Palencia and Orejas 1994, 189",1.0,0.0,TRUE,,,,,,,,,Secondary,Extensive,1,Confirmado,0,No,0,No,0,No,0,No,0,No,0,No,1,0,1,0,0.85,0.9,1.0,0.905,Alta Certeza (Grado I)
785,La Gran Mina,,Hispania Baetica,Spain,Córdoba,Córdoba,,,CO 114,901.0,490.8,387.7,38.07884801,-4.93333237,100.0,"Converted in QGIS from Lambert coords, Madrid 1870",,,,,,,FALSE,1.0,0.0,1.0,0.0,0.0,0.0,0.0,0.0,,Domergue 1990: 47,,,FALSE,FALSE,FALSE,0.0,0.0,0.0,,,Hard rock,,,0,No,1,Confirmado,1,Confirmado,0,No,0,No,0,No,0,No,0,0,0,0,1.0,0.9,1.0,0.9650000000000001,Alta Certeza (Grado I)
786,La Groba Roja,,Hispania Tarraconensis,Spain,Oviedo,Cuenca del Navia,,NV-61,,,,,43.15226,-6.792316,100.0,"Placename, Google Earth, and Sanchez-Palencia and Orejas 1994, fig. 13.",,,,,,,TRUE,0.0,0.0,0.0,0.0,0.0,0.0,0.0,0.0,Aqueduct and hushing opencast visible on Google Earth.,"Sanchez-Palencia and Orejas 1994, 200",1.0,0.0,TRUE,TRUE,FALSE,0.0,0.0,0.0,0.0,,,Secondary - Primary,Extensive,1,Confirmado,0,No,0,No,0,No,0,No,0,No,0,No,1,0,1,0,1.0,0.9,1.0,0.9650000000000001,Alta Certeza (Grado I)
787,La Grueba de Courio,,Hispania Tarraconensis,Spain,Oviedo,Cuenca del Narcea,,NA-53,,,,,43.338721,-6.231608,3000.0,"Guessed from Sanchez-Palencia and Orejas 1994, fig. 13, IGN map, and Google Earth",,,,,,,TRUE,0.0,0.0,0.0,0.0,0.0,0.0,0.0,0.0,,"Sanchez-Palencia and Orejas 1994, 198",,,,,,,,,,,,Primary,Selective - Extensive,1,Confirmado,0,No,0,No,0,No,0,No,0,No,0,No,0,0,0,0,0.5,0.9,1.0,0.765,Media Certeza (Grado II)
788,La Herreria,,Hispania Baetica,Spain,Córdoba,Montoro Andújar,,,CO 76,903.0,537.4,395.5,38.15378104,-4.40261769,100.0,"Converted in QGIS from Lambert coords, Madrid 1870",,,,,,,FALSE,1.0,1.0,1.0,0.0,0.0,0.0,0.0,0.0,,Domergue 1990: 47,0.0,1.0,FALSE,FALSE,FALSE,0.0,0.0,0.0,0.0,,Hard rock,,,0,No,1,Confirmado,1,Confirmado,1,Confirmado,0,No,0,No,0,No,0,1,0,0,1.0,0.9,1.0,0.9650000000000001,Alta Certeza (Grado I)
789,La Hilera - Valdemeda,,Hispania Tarraconensis,Spain,León,Cuenca del Eria,,ER-15,,,,,42.270529,-6.303967,400.0,"Estimated from Sanchez-Palencia and Orejas 1994, fig. 17 and Google Earth",,,,,,,TRUE,0.0,0.0,0.0,0.0,0.0,0.0,0.0,0.0,,"Sanchez-Palencia and Orejas 1994, 193",1.0,0.0,TRUE,TRUE,FALSE,0.0,0.0,0.0,0.0,,,Secondary,Selective - Extensive,1,Confirmado,0,No,0,No,0,No,0,No,0,No,0,No,1,0,1,0,0.85,0.9,1.0,0.905,Alta Certeza (Grado I)
790,La Jagueta,,Hispania Tarraconensis,Spain,León,Cuenca Alta del Tuerto,,AT-02,,,,,42.630514,-6.209409,200.0,"Estimated from Sanchez-Palencia and Orejas 1994, fig. 14, and Google Earth",,,,,,,TRUE,0.0,0.0,0.0,0.0,0.0,0.0,0.0,0.0,,"Sanchez-Palencia and Orejas 1994, 189",1.0,0.0,TRUE,,,,,,,,,Secondary,Selective - Extensive,1,Confirmado,0,No,0,No,0,No,0,No,0,No,0,No,1,0,1,0,0.85,0.9,1.0,0.905,Alta Certeza (Grado I)
791,La Joya,,Hispania Baetica,Spain,Huelva,Huelva,,,H 22,937.0,306.5,357.6,37.76491981,-7.02103919,100.0,"Converted in QGIS from Lambert coords, Madrid 1870",,,,,,,FALSE,0.0,0.0,1.0,0.0,0.0,0.0,0.0,0.0,,Domergue 1990: 62,0.0,1.0,FALSE,FALSE,FALSE,0.0,0.0,0.0,0.0,,Pyrite,Primary,,0,No,0,No,1,Confirmado,0,No,0,No,0,No,0,No,0,1,0,0,1.0,0.9,1.0,0.9650000000000001,Alta Certeza (Grado I)
792,La Lagunilla,,Hispania Baetica,Spain,Córdoba,Azuaga-Fuenteovejuna,,,CO 58,900.0,441.6,397.1,38.15598041,-5.49648864,100.0,"Converted in QGIS from Lambert coords, Madrid 1870",,,,,,,FALSE,1.0,1.0,0.0,0.0,0.0,0.0,0.0,0.0,,Domergue 1990: 46,0.0,1.0,FALSE,FALSE,FALSE,0.0,0.0,0.0,0.0,,Hard rock,Primary,,0,No,1,Confirmado,0,No,1,Confirmado,0,No,0,No,0,No,0,1,0,0,1.0,0.9,1.0,0.9650000000000001,Alta Certeza (Grado I)
793,La Lancha,,Hispania Baetica,Spain,Huelva,Huelva,,,H 23,937.0,310.7,356.1,37.75281361,-6.97275838,100.0,"Converted in QGIS from Lambert coords, Madrid 1870",,,,,,,FALSE,0.0,0.0,1.0,0.0,0.0,0.0,0.0,0.0,,Domergue 1990: 62,,,FALSE,FALSE,FALSE,0.0,0.0,0.0,,,Pyrite,Primary,,0,No,0,No,1,Confirmado,0,No,0,No,0,No,0,No,0,0,0,0,1.0,0.9,1.0,0.9650000000000001,Alta Certeza (Grado I)
794,La Lapilla,,Hispania Baetica,Spain,Huelva,Huelva,,,H 10,959.0,298.8,336.8,37.5749524,-7.09936299,100.0,"Converted in QGIS from Lambert coords, Madrid 1870",,,,,,,FALSE,0.0,0.0,1.0,0.0,0.0,0.0,0.0,0.0,,Domergue 1990: 62,,,FALSE,FALSE,FALSE,0.0,0.0,0.0,,,Pyrite,Primary,,0,No,0,No,1,Confirmado,0,No,0,No,0,No,0,No,0,0,0,0,1.0,0.9,1.0,0.9650000000000001,Alta Certeza (Grado I)
795,La Leitosa,,Hispania Tarraconensis,Spain,León,Cuencas de Cúa y Burbia,,CB-22,LE 25,126.0,348.0,903.0,42.694997,-6.765394,0.0,"Converted in QGIS from Lambert coords, Madrid 1870; refined by Google Earth and site visit 26/09/2021.",,,,,,,TRUE,0.0,0.0,0.0,0.0,0.0,0.0,0.0,0.0,Very large opencase worked by ruina montium technique; one tunnel still visible towards northern end of east face of opencast. Mine supplied by aqueduct said to be c. 40 km long.,"Domergue 1990: 43; Sanchez-Palencia and Orejas 1994, 192",1.0,0.0,TRUE,FALSE,FALSE,1.0,0.0,0.0,0.0,,Tertiary alluvium,Secondary,Selective - Extensive,1,Confirmado,0,No,0,No,0,No,0,No,0,No,0,No,1,0,1,0,1.0,1.0,1.0,1.0,Alta Certeza (Grado I)
796,La Lisea,,Hispania Baetica,Spain,Jaén,Montoro Andújar,,,J 4,883.0,558.8,399.7,38.19292738,-4.15856145,100.0,"Converted in QGIS from Lambert coords, Madrid 1870",,,,,,,FALSE,0.0,0.0,1.0,0.0,0.0,0.0,0.0,0.0,,Domergue 1990: 47,,,FALSE,FALSE,FALSE,0.0,0.0,0.0,,,Hard rock,,,0,No,0,No,1,Confirmado,0,No,0,No,0,No,0,No,0,0,0,0,1.0,0.9,1.0,0.9650000000000001,Alta Certeza (Grado I)
797,La Loba,,Hispania Baetica,Spain,Córdoba,Azuaga-Fuenteovejuna,,,CO 55,879.0,454.0,413.0,38.30148131,-5.35834637,100.0,"Converted in QGIS from Lambert coords, Madrid 1870",,,,,,,FALSE,1.0,1.0,1.0,0.0,0.0,0.0,0.0,0.0,,Domergue 1990: 46,0.0,1.0,FALSE,FALSE,FALSE,0.0,0.0,0.0,0.0,,Hard rock,Primary,,0,No,1,Confirmado,1,Confirmado,1,Confirmado,0,No,0,No,0,No,0,1,0,0,1.0,0.9,1.0,0.9650000000000001,Alta Certeza (Grado I)
798,La Luz (Alcudia),,Hispania Tarraconensis,Spain,Ciudad Real,Alcudia,,,CR 10,809.0,546.7,460.4,38.7395357,-4.30154746,100.0,"Converted in QGIS from Lambert coords, Madrid 1870",,,,,,,FALSE,1.0,1.0,0.0,0.0,0.0,0.0,0.0,0.0,,Domergue 1990: 46,,,FALSE,FALSE,FALSE,0.0,0.0,0.0,,,,,,0,No,1,Confirmado,0,No,1,Confirmado,0,No,0,No,0,No,0,0,0,0,1.0,0.9,1.0,0.9650000000000001,Alta Certeza (Grado I)
799,La Luz (Linares),,Hispania Tarraconensis,Spain,Jaén,Linares - La Carolina,,,J 26,905.0,606.1,393.5,38.13799154,-3.61831402,100.0,"Converted in QGIS from Lambert coords, Madrid 1870",,,,,,,FALSE,1.0,1.0,0.0,0.0,0.0,0.0,0.0,0.0,,Domergue 1990: 45,0.0,1.0,FALSE,FALSE,FALSE,0.0,0.0,0.0,0.0,,Hard rock,,,0,No,1,Confirmado,0,No,1,Confirmado,0,No,0,No,0,No,0,1,0,0,1.0,0.9,1.0,0.9650000000000001,Alta Certeza (Grado I)
800,La Marta,,Hispania Tarraconensis,Spain,Oviedo,Cuenca del Navia,,NV-34,,,,,43.295693,-6.673351,100.0,"Guessed from Sanchez-Palencia and Orejas 1994, fig. 13; and Google Earth.",,,,,,,TRUE,0.0,0.0,0.0,0.0,0.0,0.0,0.0,0.0,,"Sanchez-Palencia and Orejas 1994, 200",1.0,0.0,TRUE,TRUE,FALSE,0.0,0.0,0.0,0.0,,,Primary,Extensive,1,Confirmado,0,No,0,No,0,No,0,No,0,No,0,No,1,0,1,0,1.0,0.9,1.0,0.9650000000000001,Alta Certeza (Grado I)
802,La Mata del Fraile,,Hispania Tarraconensis,Spain,León,Cuenca del Boeza,,BO-13,,,,,42.647829,-6.390663,500.0,"Estimated from Sanchez-Palencia and Orejas 1994, fig. 14, IGN map, and Google Earth",,,,,,,TRUE,0.0,0.0,0.0,0.0,0.0,0.0,0.0,0.0,,"Sanchez-Palencia and Orejas 1994, 191",1.0,0.0,TRUE,,,,,,,,,Secondary,Extensive,1,Confirmado,0,No,0,No,0,No,0,No,0,No,0,No,1,0,1,0,0.85,0.9,1.0,0.905,Alta Certeza (Grado I)
803,La Matilla,,Hispania Baetica,Spain,Badajoz,La Serena,,,BA 52,830.0,392.5,437.3,38.50791545,-6.06911791,100.0,"Converted in QGIS from Lambert coords, Madrid 1870",,,,,,,FALSE,1.0,1.0,0.0,0.0,0.0,0.0,0.0,0.0,,Domergue 1990: 45,,,FALSE,FALSE,FALSE,0.0,0.0,0.0,,,Hard rock,Primary,,0,No,1,Confirmado,0,No,1,Confirmado,0,No,0,No,0,No,0,0,0,0,1.0,0.9,1.0,0.9650000000000001,Alta Certeza (Grado I)
805,La Mortera I,,Hispania Tarraconensis,Spain,Oviedo,Cuenca del Narcea,,NA-34,O 28,50.0,365.0,972.5,43.3291,-6.583859,1000.0,"Estimated from Sanchez-Palencia and Orejas 1994, fig. 13, IGN map, and Google Earth",,,,,,,TRUE,0.0,0.0,0.0,0.0,0.0,0.0,0.0,0.0,,"Domergue 1990: 42; Sanchez-Palencia and Orejas 1994, 198",1.0,0.0,TRUE,,,0.0,0.0,0.0,0.0,,Hard rock,Primary,Selective - Extensive,1,Confirmado,0,No,0,No,0,No,0,No,0,No,0,No,1,0,1,0,0.7,1.0,1.0,0.8799999999999999,Alta Certeza (Grado I)
806,La Mortera II,,Hispania Tarraconensis,Spain,Oviedo,Cuenca del Narcea,,NA-33,O 28,50.0,365.0,972.5,43.321252,-6.591589,1000.0,"Estimated from Sanchez-Palencia and Orejas 1994, fig. 13, IGN map, and Google Earth",,,,,,,TRUE,0.0,0.0,0.0,0.0,0.0,0.0,0.0,0.0,,"Domergue 1990: 42; Sanchez-Palencia and Orejas 1994, 198",1.0,0.0,TRUE,,,0.0,0.0,0.0,0.0,,Hard rock,Primary,Extensive,1,Confirmado,0,No,0,No,0,No,0,No,0,No,0,No,1,0,1,0,0.7,1.0,1.0,0.8799999999999999,Alta Certeza (Grado I)
807,La Muela,,Hispania Tarraconensis,Spain,León,Valduerna,,DU-02,,,,,42.400217,-6.392956,500.0,"Estimated from Sanchez-Palencia and Orejas 1994, fig. 17 and Google Earth",,,,,,,TRUE,0.0,0.0,0.0,0.0,0.0,0.0,0.0,0.0,,"Sanchez-Palencia and Orejas 1994, 192",,,,,,,,,,,,Secondary - Primary,Extensive,1,Confirmado,0,No,0,No,0,No,0,No,0,No,0,No,0,0,0,0,0.85,0.9,1.0,0.905,Alta Certeza (Grado I)
808,La Najerilla,,Hispania Tarraconensis,Spain,La Rioja,,,,LO 1,240.0,660.4,841.5,42.17442906,-2.956599594,100.0,"Converted in QGIS from Lambert coords, Madrid 1870",,,,,,,FALSE,1.0,1.0,0.0,0.0,0.0,0.0,0.0,0.0,,Domergue 1990: 64,,,FALSE,FALSE,FALSE,0.0,0.0,0.0,,,,,,0,No,1,Confirmado,0,No,1,Confirmado,0,No,0,No,0,No,0,0,0,0,1.0,0.9,1.0,0.9650000000000001,Alta Certeza (Grado I)
809,La Omañuela,,Hispania Tarraconensis,Spain,León,Cuenca Alta del Orbigo,,AO-12,,,,,42.777847,-5.989934,1000.0,Guessed: placename on Google Earth,,,,,,,TRUE,0.0,0.0,0.0,0.0,0.0,0.0,0.0,0.0,,"Sanchez-Palencia and Orejas 1994, 188",1.0,0.0,TRUE,,,,,,,,,Secondary,Selective,1,Confirmado,0,No,0,No,0,No,0,No,0,No,0,No,1,0,1,0,0.7,0.9,1.0,0.845,Alta Certeza (Grado I)
810,La Onza,,Hispania Baetica,Spain,Sevilla,Sevilla,,,SE 1,899.0,437.0,487.5,38.97002695,-5.57079368,100.0,"Converted in QGIS from Lambert coords, Madrid 1870","Rectangle of 24 km2 limited by 439,484; 435,484; 435, 391; 439, 391",,,,,,FALSE,1.0,1.0,1.0,0.0,0.0,0.0,0.0,0.0,,Domergue 1990: 48,,,FALSE,FALSE,FALSE,0.0,0.0,0.0,,,Hard rock,Primary,,0,No,1,Confirmado,1,Confirmado,1,Confirmado,0,No,0,No,0,No,0,0,0,0,1.0,0.9,1.0,0.9650000000000001,Alta Certeza (Grado I)
811,La Osi,,Hispania Baetica,Spain,Córdoba,Los Pedroches,,,CO 94,889.0,509.6,415.5,38.33162443,-4.72262528,100.0,"Converted in QGIS from Lambert coords, Madrid 1870",,,,,,,FALSE,0.0,0.0,1.0,0.0,0.0,0.0,0.0,0.0,,Domergue 1990: 48,,,FALSE,FALSE,FALSE,0.0,0.0,0.0,,,Hard rock,Primary,,0,No,0,No,1,Confirmado,0,No,0,No,0,No,0,No,0,0,0,0,1.0,0.9,1.0,0.9650000000000001,Alta Certeza (Grado I)
812,La Panadera,,Hispania Baetica,Spain,Murcia,Cartagena-Mazarrón,,,MU 2,976.0,800.8,326.6,37.51191118,-1.415983892,100.0,"Converted in QGIS from Lambert coords, Madrid 1870",,,,,,,FALSE,0.0,0.0,1.0,0.0,0.0,0.0,0.0,0.0,,Domergue 1987: 358,,,FALSE,FALSE,FALSE,0.0,0.0,0.0,,,,,,0,No,0,No,1,Confirmado,0,No,0,No,0,No,0,No,0,0,0,0,1.0,0.9,1.0,0.9650000000000001,Alta Certeza (Grado I)
813,La Pastora,,Hispania Baetica,Spain,Córdoba,Azuaga-Fuenteovejuna,,,CO 25,879.0,464.6,405.4,38.23469858,-5.23558598,100.0,"Converted in QGIS from Lambert coords, Madrid 1870",,,,,,,FALSE,0.0,0.0,1.0,0.0,0.0,0.0,0.0,0.0,,Domergue 1990: 46,0.0,1.0,FALSE,FALSE,FALSE,0.0,0.0,0.0,0.0,,Hard rock,Primary,,0,No,0,No,1,Confirmado,0,No,0,No,0,No,0,No,0,1,0,0,1.0,0.9,1.0,0.9650000000000001,Alta Certeza (Grado I)
814,La Pedreda,,Hispania Tarraconensis,Spain,León,Cuencas del Turienzo y Jerega,,TJ-21,,,,,42.466681,-6.234659,1000.0,"Guessed from Sanchez-Palencia and Orejas 1994, fig. 17 and Google Earth",,,,,,,TRUE,0.0,0.0,0.0,0.0,0.0,0.0,0.0,0.0,,"Sanchez-Palencia and Orejas 1994, 202",1.0,0.0,TRUE,,,,,,,,,Secondary,Extensive,1,Confirmado,0,No,0,No,0,No,0,No,0,No,0,No,1,0,1,0,0.7,0.9,1.0,0.845,Alta Certeza (Grado I)
816,La Peña,,Hispania Tarraconensis,Spain,Oviedo,Asturias,,,O 18,53.0,430.0,966.0,43.27946179,-5.781417689,100.0,"Converted in QGIS from Lambert coords, Madrid 1870",,,,,,,FALSE,0.0,0.0,0.0,0.0,0.0,1.0,0.0,0.0,,Domergue 1990: 42,,,FALSE,FALSE,FALSE,0.0,0.0,0.0,,,,,,0,No,0,No,0,No,0,No,1,Confirmado,0,No,0,No,0,0,0,0,1.0,0.9,1.0,0.9650000000000001,Alta Certeza (Grado I)
817,La Perdiz,,Hispania Baetica,Spain,Badajoz,La Serena,,,BA 56,804.0,404.1,455.1,38.67107372,-5.94122217,100.0,"Converted in QGIS from Lambert coords, Madrid 1870",,,,,,,FALSE,1.0,1.0,0.0,0.0,0.0,0.0,0.0,0.0,,Domergue 1990: 45,,,FALSE,FALSE,FALSE,0.0,0.0,0.0,,,Hard rock,Primary,,0,No,1,Confirmado,0,No,1,Confirmado,0,No,0,No,0,No,0,0,0,0,1.0,0.9,1.0,0.9650000000000001,Alta Certeza (Grado I)
818,La Pililla,,Hispania Baetica,Spain,Córdoba,Los Pedroches,,,CO 48,859.0,502.7,426.0,38.42553505,-4.80309575,100.0,"Converted in QGIS from Lambert coords, Madrid 1870",,,,,,,FALSE,0.0,0.0,1.0,0.0,0.0,0.0,0.0,0.0,,Domergue 1990: 48,,,FALSE,FALSE,FALSE,0.0,0.0,0.0,,,Hard rock,Primary,,0,No,0,No,1,Confirmado,0,No,0,No,0,No,0,No,0,0,0,0,1.0,0.9,1.0,0.9650000000000001,Alta Certeza (Grado I)
820,La Posidilla,,Hispania Baetica,Spain,Córdoba,Los Pedroches,,,CO 107,881.0,520.5,411.0,38.2921275,-4.59735153,100.0,"Converted in QGIS from Lambert coords, Madrid 1870",,,,,,,FALSE,0.0,0.0,1.0,0.0,0.0,0.0,0.0,0.0,,Domergue 1990: 48,,,FALSE,FALSE,FALSE,0.0,0.0,0.0,,,Hard rock,Primary,,0,No,0,No,1,Confirmado,0,No,0,No,0,No,0,No,0,0,0,0,1.0,0.9,1.0,0.9650000000000001,Alta Certeza (Grado I)
821,La Preciosa,,Hispania Baetica,Spain,Sevilla,Sevilla,,,SE 13,942.0,454.0,348.3,37.71833119,-5.344590145,100.0,"Converted in QGIS from Lambert coords, Madrid 1870",,,,,,,FALSE,0.0,0.0,1.0,0.0,0.0,0.0,0.0,0.0,,Domergue 1990: 48,,,FALSE,FALSE,FALSE,0.0,0.0,0.0,,,Hard rock,Primary,,0,No,0,No,1,Confirmado,0,No,0,No,0,No,0,No,0,0,0,0,1.0,0.9,1.0,0.9650000000000001,Alta Certeza (Grado I)
822,La Presa,,Hispania Tarraconensis,Spain,León,Valduerna,,DU-11,LE 18,192.0,376.4,862.0,42.345102,-6.32875,100.0,"Estimated from Sanchez-Palencia and Orejas 1994, fig. 17 and Google Earth",,,,,,,TRUE,0.0,0.0,0.0,0.0,0.0,0.0,0.0,0.0,,"Domergue 1990: 43; Sanchez-Palencia and Orejas 1994, 192",1.0,0.0,TRUE,FALSE,TRUE,0.0,1.0,0.0,0.0,"Rake/comb workings, channels, and stone dumps",Tertiary alluvium,Secondary,Selective - Extensive,1,Confirmado,0,No,0,No,0,No,0,No,0,No,0,No,1,0,1,0,1.0,1.0,1.0,1.0,Alta Certeza (Grado I)
823,La Presa,,Hispania Tarraconensis,Spain,Oviedo,Cuenca del Navia,,NV-46,,,,,43.184306,-6.774191,500.0,"Placename, Google Earth.",,,,,,,TRUE,0.0,0.0,0.0,0.0,0.0,0.0,0.0,0.0,,"Sanchez-Palencia and Orejas 1994, 200",1.0,0.0,TRUE,,,,,,,,,Secondary,Extensive,1,Confirmado,0,No,0,No,0,No,0,No,0,No,0,No,1,0,1,0,0.85,0.9,1.0,0.905,Alta Certeza (Grado I)
824,La Profunda,,Hispania Tarraconensis,Spain,León,León,,,LE 6,103.0,443.4,930.4,42.9619103,-5.607018598,100.0,"Converted in QGIS from Lambert coords, Madrid 1870",,,,,,,FALSE,0.0,0.0,1.0,0.0,0.0,0.0,0.0,0.0,,Domergue 1990: 43,,,FALSE,FALSE,FALSE,0.0,0.0,0.0,,,Hard rock,,,0,No,0,No,1,Confirmado,0,No,0,No,0,No,0,No,0,0,0,0,1.0,0.9,1.0,0.9650000000000001,Alta Certeza (Grado I)
825,La Puebla,,Hispania Tarraconensis,Spain,León,Cuenca Alta del Orbigo,,AO-10,,,,,42.785947,-6.033642,500.0,"Estimated from Sanchez-Palencia and Orejas 1994, fig. 15, IGN map placename, and Google Earth",,,,,,,TRUE,0.0,0.0,0.0,0.0,0.0,0.0,0.0,0.0,,"Sanchez-Palencia and Orejas 1994, 188",1.0,0.0,TRUE,,,,,,,,,Secondary,Selective,1,Confirmado,0,No,0,No,0,No,0,No,0,No,0,No,1,0,1,0,0.85,0.9,1.0,0.905,Alta Certeza (Grado I)
826,La Quemada,,Hispania Tarraconensis,Spain,Orense,Cuenca del Bibei,,,OR 12,266.0,322.6,849.6,42.20250611,-7.048953572,100.0,"Converted in QGIS from Lambert coords, Madrid 1870",,,,,,,TRUE,0.0,0.0,0.0,0.0,0.0,0.0,0.0,0.0,"""Rafas"" or open trenches",Domergue 1990: 40,1.0,0.0,FALSE,,,,,,,,Hard rock,,,1,Confirmado,0,No,0,No,0,No,0,No,0,No,0,No,0,0,1,0,1.0,0.9,1.0,0.9650000000000001,Alta Certeza (Grado I)
827,La Reforma,,Hispania Baetica,Spain,Huelva,Huelva,,,H 51,939.0,370.2,357.7,37.78495938,-6.29814114,100.0,"Converted in QGIS from Lambert coords, Madrid 1870",,,,,,,FALSE,0.0,0.0,1.0,0.0,0.0,0.0,0.0,0.0,,Domergue 1990: 61,,,FALSE,FALSE,FALSE,0.0,0.0,0.0,,,Pyrite,Primary,,0,No,0,No,1,Confirmado,0,No,0,No,0,No,0,No,0,0,0,0,1.0,0.9,1.0,0.9650000000000001,Alta Certeza (Grado I)
828,La Reguera de las Llastras,,Hispania Tarraconensis,Spain,León,Cuencas del Turienzo y Jerega,,TJ-20,,,,,42.474926,-6.23992,500.0,"Estimated from Sanchez-Palencia and Orejas 1994, fig. 17 and Google Earth",,,,,,,TRUE,0.0,0.0,0.0,0.0,0.0,0.0,0.0,0.0,,"Sanchez-Palencia and Orejas 1994, 202",1.0,0.0,TRUE,,,,,,,,,Secondary,Selective,1,Confirmado,0,No,0,No,0,No,0,No,0,No,0,No,1,0,1,0,0.85,0.9,1.0,0.905,Alta Certeza (Grado I)
829,La Romana,,Hispania Baetica,Spain,Córdoba,Los Pedroches,,,CO 93,859.0,507.1,417.3,38.34758658,-4.75148252,100.0,"Converted in QGIS from Lambert coords, Madrid 1870",,,,,,,FALSE,0.0,0.0,1.0,0.0,0.0,0.0,0.0,0.0,,Domergue 1990: 48,,,FALSE,FALSE,FALSE,0.0,0.0,0.0,,,Hard rock,Primary,,0,No,0,No,1,Confirmado,0,No,0,No,0,No,0,No,0,0,0,0,1.0,0.9,1.0,0.9650000000000001,Alta Certeza (Grado I)
830,La Romana,,Hispania Tarraconensis,Spain,Ciudad Real,Alcudia,,,CR 12,835.0,541.7,448.8,38.63461989,-4.35810314,100.0,"Converted in QGIS from Lambert coords, Madrid 1870",,,,,,,FALSE,1.0,1.0,0.0,0.0,0.0,0.0,0.0,0.0,,Domergue 1990: 46,0.0,1.0,FALSE,FALSE,FALSE,0.0,0.0,0.0,0.0,,,,,0,No,1,Confirmado,0,No,1,Confirmado,0,No,0,No,0,No,0,1,0,0,1.0,0.9,1.0,0.9650000000000001,Alta Certeza (Grado I)
831,La Romanera,,Hispania Baetica,Spain,Huelva,Huelva,,,H 37,936.0,278.4,350.2,37.68835401,-7.33637486,100.0,"Converted in QGIS from Lambert coords, Madrid 1870",,,,,,,FALSE,0.0,0.0,1.0,0.0,0.0,0.0,0.0,0.0,,Domergue 1990: 62,,,FALSE,FALSE,FALSE,0.0,0.0,0.0,,,Pyrite,Primary,,0,No,0,No,1,Confirmado,0,No,0,No,0,No,0,No,0,0,0,0,1.0,0.9,1.0,0.9650000000000001,Alta Certeza (Grado I)
832,La Rozada,,Hispania Tarraconensis,Spain,Oviedo,Cuenca del Narcea,,NA-41,,,,,43.287769,-6.270359,1000.0,"Estimated from Sanchez-Palencia and Orejas 1994, fig. 13, and Google Earth",,,,,,,TRUE,0.0,0.0,0.0,0.0,0.0,0.0,0.0,0.0,,"Sanchez-Palencia and Orejas 1994, 198",,,,,,,,,,,,Primary,Extensive,1,Confirmado,0,No,0,No,0,No,0,No,0,No,0,No,0,0,0,0,0.7,0.9,1.0,0.845,Alta Certeza (Grado I)
833,La Serrana,,Hispania Baetica,Spain,Badajoz,Azuaga-Fuenteovejuna,,,BA 9,878.0,419.3,402.6,38.20118577,-5.75247022,100.0,"Converted in QGIS from Lambert coords, Madrid 1870",,,,,,,FALSE,1.0,1.0,0.0,0.0,0.0,0.0,0.0,0.0,,Domergue 1990: 46,0.0,1.0,FALSE,FALSE,FALSE,0.0,0.0,0.0,0.0,,Hard rock,Primary,,0,No,1,Confirmado,0,No,1,Confirmado,0,No,0,No,0,No,0,1,0,0,1.0,0.9,1.0,0.9650000000000001,Alta Certeza (Grado I)
836,La Torrecilla,,Hispania Tarraconensis,Spain,Jaén,Linares - La Carolina,,,J 17,884.0,604.6,407.4,38.26331517,-3.63534127,100.0,"Converted in QGIS from Lambert coords, Madrid 1870",,,,,,,FALSE,1.0,1.0,0.0,0.0,0.0,0.0,0.0,0.0,,Domergue 1990: 45,0.0,1.0,FALSE,FALSE,FALSE,0.0,0.0,0.0,0.0,,Hard rock,,,0,No,1,Confirmado,0,No,1,Confirmado,0,No,0,No,0,No,0,1,0,0,1.0,0.9,1.0,0.9650000000000001,Alta Certeza (Grado I)
837,La Vallada,,Hispania Tarraconensis,Spain,León,Cuenca media del Sil,,MS-070,,,,,42.41317,-6.665928,500.0,"Guessed from Google Earth, IGN map, and Sanchez-Palencia and Orejas 1994, fig. 16",,,,,,,TRUE,0.0,0.0,0.0,0.0,0.0,0.0,0.0,0.0,,"Sanchez-Palencia and Orejas 1994, 196",1.0,0.0,TRUE,,,,,,,,,Secondary,Selective,1,Confirmado,0,No,0,No,0,No,0,No,0,No,0,No,1,0,1,0,0.85,0.9,1.0,0.905,Alta Certeza (Grado I)
838,La Vega Grande,,Hispania Tarraconensis,Spain,León,Sierra del Teleno,,TE-04,,,,,42.344753,-6.386178,200.0,"Estimated from Sanchez-Palencia and Orejas 1994, fig. 17, IGN map, and Google Earth",,,,,,,TRUE,0.0,0.0,0.0,0.0,0.0,0.0,0.0,0.0,Large reservoir for collecting meltwater.,"Sanchez-Palencia and Orejas 1994, 201",1.0,0.0,TRUE,,,,,,,,,Secondary,Extensive,1,Confirmado,0,No,0,No,0,No,0,No,0,No,0,No,1,0,1,0,0.85,0.9,1.0,0.905,Alta Certeza (Grado I)
839,La Veguellina de Cepeda,,Hispania Tarraconensis,Spain,León,Cuenca Alta del Tuerto,,AT-24,,,,,42.641016,-6.015349,500.0,"Estimated from Sanchez-Palencia and Orejas 1994, fig. 15, and Google Earth",,,,,,,TRUE,0.0,0.0,0.0,0.0,0.0,0.0,0.0,0.0,,"Sanchez-Palencia and Orejas 1994, 190",1.0,0.0,TRUE,,,,,,,,,Secondary,Extensive,1,Confirmado,0,No,0,No,0,No,0,No,0,No,0,No,1,0,1,0,0.85,0.9,1.0,0.905,Alta Certeza (Grado I)
840,La Victoria,,Hispania Tarraconensis,Spain,Ciudad Real,Alcudia,,,CR 11,809.0,539.4,468.6,38.8129877,-4.38632405,100.0,"Converted in QGIS from Lambert coords, Madrid 1870",,,,,,,FALSE,1.0,1.0,0.0,0.0,0.0,0.0,0.0,0.0,,Domergue 1990: 46,0.0,1.0,FALSE,FALSE,FALSE,0.0,0.0,0.0,0.0,,,,,0,No,1,Confirmado,0,No,1,Confirmado,0,No,0,No,0,No,0,1,0,0,1.0,0.9,1.0,0.9650000000000001,Alta Certeza (Grado I)
841,La Viliella,,Hispania Tarraconensis,Spain,Oviedo,Cuenca del Navia,,NV-03,,,,,42.986524,-6.637741,1000.0,"Placename ""La Viliella"""" on Googe Earth.""",,,,,,,TRUE,0.0,0.0,0.0,0.0,0.0,0.0,0.0,0.0,,"Sanchez-Palencia and Orejas 1994, 199",,,,,,,,,,,,Primary,Extensive,1,Confirmado,0,No,0,No,0,No,0,No,0,No,0,No,0,0,0,0,0.7,0.9,1.0,0.845,Alta Certeza (Grado I)
842,La Zarza,,Hispania Baetica,Spain,Huelva,Huelva,,,H 19,938.0,321.3,350.9,37.70942825,-6.85041111,100.0,"Converted in QGIS from Lambert coords, Madrid 1870",,,,,,,FALSE,0.0,0.0,1.0,0.0,0.0,0.0,0.0,0.0,,Domergue 1990: 62,0.0,1.0,FALSE,FALSE,FALSE,0.0,0.0,0.0,0.0,,Pyrite,Primary,,0,No,0,No,1,Confirmado,0,No,0,No,0,No,0,No,0,1,0,0,1.0,0.9,1.0,0.9650000000000001,Alta Certeza (Grado I)
843,Lagar de la Cruz,,Hispania Baetica,Spain,Córdoba,Córdoba,,,CO 46,923.0,500.4,372.1,37.9393854,-4.821597,100.0,"Converted in QGIS from Lambert coords, Madrid 1870",,,,,,,FALSE,0.0,0.0,1.0,0.0,0.0,0.0,0.0,0.0,,Domergue 1990: 47,,,FALSE,FALSE,FALSE,0.0,0.0,0.0,,,Hard rock,,,0,No,0,No,1,Confirmado,0,No,0,No,0,No,0,No,0,0,0,0,1.0,0.9,1.0,0.9650000000000001,Alta Certeza (Grado I)
844,Lago,,Hispania Tarraconensis,Spain,Orense,Cuenca media del Miño,,MM-09,OR 6,187.0,242.0,875.8,42.40685074,-8.039627332,100.0,"Converted in QGIS from Lambert coords, Madrid 1870",,,,,,,TRUE,0.0,0.0,0.0,0.0,0.0,0.0,0.0,0.0,,"Domergue 1990: 40; Sanchez-Palencia and Orejas 1994, 194",,,,,,,,,,,Hard rock,Primary,Extensive,1,Confirmado,0,No,0,No,0,No,0,No,0,No,0,No,0,0,0,0,1.0,1.0,1.0,1.0,Alta Certeza (Grado I)
845,Lago,,Hispania Tarraconensis,Spain,Oviedo,Cuenca del Navia,,NV-42,,,,,43.243693,-6.730794,1000.0,"Placename, Google Earth.",,,,,,,TRUE,0.0,0.0,0.0,0.0,0.0,0.0,0.0,0.0,,"Sanchez-Palencia and Orejas 1994, 200",1.0,0.0,TRUE,,,,,,,,,Secondary,Selective,1,Confirmado,0,No,0,No,0,No,0,No,0,No,0,No,1,0,1,0,0.7,0.9,1.0,0.845,Alta Certeza (Grado I)
848,Lagos de Salave / Lagos de Silva,,Hispania Tarraconensis,Spain,Oviedo,Cuenca del Porcia,,PO-19,O 23,10.0,339.3,1000.5,43.56532899,-6.912913527,100.0,"Converted in QGIS from Lambert coords, Madrid 1870","""on the Cantabrian coast, a league and a half to the east of Ribadeo"". (Borlase 1897)",,,,,,TRUE,0.0,0.0,0.0,1.0,0.0,0.0,0.0,0.0,,"Borlase 1897: 14–15; Domergue 1990: 42; Sanchez-Palencia and Orejas 1994, 201",1.0,0.0,,,,,,,,,"Borlase says this is a tin mine, and does not mention gold.",Hard rock,,1,Confirmado,0,No,0,No,0,No,0,No,1,Confirmado,0,No,0,0,1,0,1.0,1.0,1.0,1.0,Alta Certeza (Grado I)
849,Lagueiro I,,Hispania Tarraconensis,Spain,Oviedo,Cuenca del Navia,,NV-22,,,,,43.02386,-6.86042,100.0,"Google Earth and Sanchez-Palencia and Orejas 1994, fig. 13.",probably same as Domergue Rio Ibias,,,,,,TRUE,0.0,0.0,0.0,0.0,0.0,0.0,0.0,0.0,,"Sanchez-Palencia and Orejas 1994, 199",1.0,0.0,TRUE,,,,,,,,,Secondary,Extensive,1,Confirmado,0,No,0,No,0,No,0,No,0,No,0,No,1,0,1,0,1.0,0.9,1.0,0.9650000000000001,Alta Certeza (Grado I)
850,Lagueiro II,,Hispania Tarraconensis,Spain,Oviedo,Cuenca del Navia,,NV-21,,,,,43.021935,-6.857337,100.0,"Google Earth and Sanchez-Palencia and Orejas 1994, fig. 13.",,,,,,,TRUE,0.0,0.0,0.0,0.0,0.0,0.0,0.0,0.0,,"Sanchez-Palencia and Orejas 1994, 199",1.0,0.0,TRUE,,,,,,,,,Secondary,Extensive,1,Confirmado,0,No,0,No,0,No,0,No,0,No,0,No,1,0,1,0,1.0,0.9,1.0,0.9650000000000001,Alta Certeza (Grado I)
851,Laguna de Valseco,,Hispania Tarraconensis,Spain,León,Cuencas del Turienzo y Jerega,,TJ-23?,LE 39,192.0,393.2,877.8,42.478356,-6.201948,50.0,"Converted in QGIS from Lambert coords, Madrid 1870, adjusted with Google Earth.",,,,,,,TRUE,0.0,0.0,0.0,0.0,0.0,0.0,0.0,0.0,,Domergue 1990: 43,,,,,,,,,,,Tertiary alluvium,,,1,Confirmado,0,No,0,No,0,No,0,No,0,No,0,No,0,0,0,0,1.0,1.0,1.0,1.0,Alta Certeza (Grado I)
853,Lamelas,,Hispania Tarraconensis,Spain,Orense,Cuenca media del Miño,,MM-16,,,,,42.251258,-7.590977,500.0,"Google Earth, placename",,,,,,,TRUE,0.0,0.0,0.0,0.0,0.0,0.0,0.0,0.0,,"Sanchez-Palencia and Orejas 1994, 194",1.0,0.0,TRUE,,,,,,,,,Secondary,Selective - Extensive,1,Confirmado,0,No,0,No,0,No,0,No,0,No,0,No,1,0,1,0,0.85,0.9,1.0,0.905,Alta Certeza (Grado I)
854,Lanestosa,,Hispania Tarraconensis,Spain,Bilbao,Lanestosa,,,BI 1,60.0,620.5,958.5,43.22968462,-3.43570562,100.0,"Converted in QGIS from Lambert coords, Madrid 1870",,,,,,,FALSE,0.0,1.0,0.0,0.0,0.0,0.0,1.0,0.0,Calamine was also mined here.,Domergue 1990: 64,0.0,1.0,FALSE,FALSE,FALSE,0.0,0.0,0.0,0.0,,,,,0,No,0,No,0,No,1,Confirmado,0,No,0,No,0,No,0,1,0,0,1.0,0.9,1.0,0.9650000000000001,Alta Certeza (Grado I)
855,Las Alquitones,,Hispania Baetica,Spain,Badajoz,Azuaga-Fuenteovejuna,,,BA 19,878.0,435.4,403.1,38.20890437,-5.56870248,100.0,"Converted in QGIS from Lambert coords, Madrid 1870",,,,,,,FALSE,1.0,1.0,0.0,0.0,0.0,0.0,0.0,0.0,,Domergue 1990: 46,0.0,1.0,FALSE,FALSE,FALSE,0.0,0.0,0.0,0.0,,Hard rock,Primary,,0,No,1,Confirmado,0,No,1,Confirmado,0,No,0,No,0,No,0,1,0,0,1.0,0.9,1.0,0.9650000000000001,Alta Certeza (Grado I)
856,Las Balinas,,Hispania Tarraconensis,Spain,León,Cuencas de Cúa y Burbia,,CB-15,,,,,42.722711,-6.738225,1000.0,"Estimated from Sanchez-Palencia and Orejas 1994, fig. 14, and Google Earth",,,,,,,TRUE,0.0,0.0,0.0,0.0,0.0,0.0,0.0,0.0,,"Sanchez-Palencia and Orejas 1994, 191",1.0,0.0,TRUE,,,,,,,,,Secondary,Extensive,1,Confirmado,0,No,0,No,0,No,0,No,0,No,0,No,1,0,1,0,0.7,0.9,1.0,0.845,Alta Certeza (Grado I)
857,Las Cárcabas de Bustantigo,,Hispania Tarraconensis,Spain,Oviedo,Cuenca del Navia,,NV-77,,,,,43.358364,-6.693805,0.0,Google Earth and IGN map.,,,,,,,TRUE,0.0,0.0,0.0,0.0,0.0,0.0,0.0,0.0,,"Sanchez-Palencia and Orejas 1994, 201",1.0,0.0,TRUE,TRUE,FALSE,0.0,0.0,0.0,0.0,,,Primary,Extensive,1,Confirmado,0,No,0,No,0,No,0,No,0,No,0,No,1,0,1,0,1.0,0.9,1.0,0.9650000000000001,Alta Certeza (Grado I)
859,Las Coronas,,Hispania Tarraconensis,Spain,León,Cuencas de Cúa y Burbia,,CB-37,,,,,42.633493,-6.861837,500.0,"Estimated from Sanchez-Palencia and Orejas 1994, fig. 14, IGN map, and Google Earth",,,,,,,TRUE,0.0,0.0,0.0,0.0,0.0,0.0,0.0,0.0,,"Sanchez-Palencia and Orejas 1994, 192",1.0,0.0,TRUE,,,,,,,,,Secondary,Extensive,1,Confirmado,0,No,0,No,0,No,0,No,0,No,0,No,1,0,1,0,0.85,0.9,1.0,0.905,Alta Certeza (Grado I)
860,Las Cuevas,,Hispania Tarraconensis,Spain,Ciudad Real,Alcudia,,,CR 4,808.0,506.8,469.5,38.81817985,-4.76211797,100.0,"Converted in QGIS from Lambert coords, Madrid 1870",,,,,,,FALSE,0.0,0.0,0.0,0.0,0.0,1.0,0.0,0.0,,Domergue 1990: 46,,,FALSE,FALSE,FALSE,0.0,0.0,0.0,,,,,,0,No,0,No,0,No,0,No,1,Confirmado,0,No,0,No,0,0,0,0,1.0,0.9,1.0,0.9650000000000001,Alta Certeza (Grado I)
865,Las Gandarias I,,Hispania Tarraconensis,Spain,León,Cuenca del Boeza,,BO-02,,,,,42.712221,-6.35826,0.0,"From Sanchez-Palencia and Orejas 1994, fig. 14, IGN map, and Google Earth, refined by site visit 23/09/2021.",,,,,,,TRUE,0.0,0.0,0.0,0.0,0.0,0.0,0.0,0.0,,"Sanchez-Palencia and Orejas 1994, 190",1.0,0.0,TRUE,,,,,,,,,Secondary,Extensive,1,Confirmado,0,No,0,No,0,No,0,No,0,No,0,No,1,0,1,0,1.0,0.9,1.0,0.9650000000000001,Alta Certeza (Grado I)
866,Las Gandarias II,,Hispania Tarraconensis,Spain,León,Cuenca del Boeza,,BO-03,,,,,42.712631,-6.367476,0.0,"From Sanchez-Palencia and Orejas 1994, fig. 14, IGN map, and Google Earth, refined by site visit 23/09/2021.",,,,,,,TRUE,0.0,0.0,0.0,0.0,0.0,0.0,0.0,0.0,,"Sanchez-Palencia and Orejas 1994, 190",1.0,0.0,TRUE,,,,,,,,,Secondary,Extensive,1,Confirmado,0,No,0,No,0,No,0,No,0,No,0,No,1,0,1,0,1.0,0.9,1.0,0.9650000000000001,Alta Certeza (Grado I)
867,Las Grobas de Fonteta,,Hispania Tarraconensis,Spain,Oviedo,Cuenca del Navia,,NV-58,,,,,43.136053,-6.807,1000.0,"Placename, Google Earth.",,,,,,,TRUE,0.0,0.0,0.0,0.0,0.0,0.0,0.0,0.0,,"Sanchez-Palencia and Orejas 1994, 200",,,,,,,,,,,,Primary,Extensive,1,Confirmado,0,No,0,No,0,No,0,No,0,No,0,No,0,0,0,0,0.7,0.9,1.0,0.845,Alta Certeza (Grado I)
868,Las Grobas de Tremado I,,Hispania Tarraconensis,Spain,Oviedo,Cuenca del Navia,,NV-49,,,,,43.166569,-6.78908,500.0,"Placename, Google Earth, and Sanchez-Palencia and Orejas 1994, fig. 13.",,,,,,,TRUE,0.0,0.0,0.0,0.0,0.0,0.0,0.0,0.0,,"Sanchez-Palencia and Orejas 1994, 200",1.0,0.0,TRUE,,,,,,,,,Secondary,Extensive,1,Confirmado,0,No,0,No,0,No,0,No,0,No,0,No,1,0,1,0,0.85,0.9,1.0,0.905,Alta Certeza (Grado I)
869,Las Grobas de Tremado II,,Hispania Tarraconensis,Spain,Oviedo,Cuenca del Navia,,NV-48,,,,,43.168922,-6.785964,500.0,"Placename, Google Earth, and Sanchez-Palencia and Orejas 1994, fig. 13.",,,,,,,TRUE,0.0,0.0,0.0,0.0,0.0,0.0,0.0,0.0,,"Sanchez-Palencia and Orejas 1994, 200",1.0,0.0,TRUE,,,,,,,,,Secondary,Extensive,1,Confirmado,0,No,0,No,0,No,0,No,0,No,0,No,1,0,1,0,0.85,0.9,1.0,0.905,Alta Certeza (Grado I)
870,Las Lagunas,,Hispania Tarraconensis,Spain,León,Cuencas de Cúa y Burbia,,CB-08,,,,,42.743986,-6.826471,500.0,"Estimated from Sanchez-Palencia and Orejas 1994, fig. 14, and Google Earth",,,,,,,TRUE,0.0,0.0,0.0,0.0,0.0,0.0,0.0,0.0,,"Sanchez-Palencia and Orejas 1994, 191",,,,,,,,,,,,Primary,Extensive,1,Confirmado,0,No,0,No,0,No,0,No,0,No,0,No,0,0,0,0,0.85,0.9,1.0,0.905,Alta Certeza (Grado I)
871,Las Lamas del Picón,,Hispania Tarraconensis,Spain,León,Cuencas de Cúa y Burbia,,CB-33,,,,,42.639734,-6.715576,500.0,"Estimated from Sanchez-Palencia and Orejas 1994, fig. 14, IGN map, and Google Earth",,,,,,,TRUE,0.0,0.0,0.0,0.0,0.0,0.0,0.0,0.0,,"Sanchez-Palencia and Orejas 1994, 192",1.0,0.0,TRUE,,,,,,,Castro near or adjacent to mines,,Secondary,Extensive,1,Confirmado,0,No,0,No,0,No,0,No,0,No,0,No,1,0,1,0,0.85,0.9,1.0,0.905,Alta Certeza (Grado I)
872,Las Madroñeras,,Hispania Tarraconensis,Spain,León,Cuenca del Eria,,ER-23,,,,,42.227116,-6.253406,100.0,"Estimated from Sanchez-Palencia and Orejas 1994, fig. 17,  Fernández-Lozano et al. 2015, fig. 6, and Google Earth",,,,,,,TRUE,0.0,0.0,0.0,0.0,0.0,0.0,0.0,0.0,,"Sanchez-Palencia and Orejas 1994, 193",1.0,0.0,TRUE,FALSE,FALSE,0.0,0.0,0.0,0.0,,,Secondary,Extensive,1,Confirmado,0,No,0,No,0,No,0,No,0,No,0,No,1,0,1,0,1.0,0.9,1.0,0.9650000000000001,Alta Certeza (Grado I)
873,Las Mayadicas / Arroyo de las Mayadicas,,Hispania Tarraconensis,Spain,León,Sierra del Teleno,,TE-08,,,,,42.299566,-6.315066,500.0,"Estimated from Sanchez-Palencia and Orejas 1994, fig. 17, IGN map, and Google Earth",,,,,,,TRUE,0.0,0.0,0.0,0.0,0.0,0.0,0.0,0.0,,"Sanchez-Palencia and Orejas 1994, 202",1.0,0.0,TRUE,TRUE,FALSE,0.0,0.0,0.0,0.0,,,Secondary,Selective - Extensive,1,Confirmado,0,No,0,No,0,No,0,No,0,No,0,No,1,0,1,0,0.85,0.9,1.0,0.905,Alta Certeza (Grado I)
875,Las Médulas,,Hispania Tarraconensis,Spain,León,Cuenca media del Sil,,MS-085,LE 7,,,,42.45954964,-6.7593122,0.0,Google Earth,,1.0,225.0,50.0,250.0,,TRUE,0.0,0.0,0.0,0.0,0.0,0.0,0.0,0.0,,"Domergue 1990: 43; Sanchez-Palencia and Orejas 1994, 196; Sanchez-Palencia 2000.",1.0,0.0,TRUE,TRUE,FALSE,1.0,0.0,0.0,0.0,,Tertiary alluvium,Secondary,Selective - Extensive,1,Confirmado,0,No,0,No,0,No,0,No,0,No,0,No,1,0,1,0,1.0,1.0,1.0,1.0,Alta Certeza (Grado I)
876,Las Médulas de la Omañas (Miédolas),,Hispania Tarraconensis,Spain,León,Cuenca Alta del Orbigo,,AO-18,LE 15,,,,42.669059,-5.87628,0.0,Google Earth,,1.0,225.0,50.0,250.0,,TRUE,0.0,0.0,0.0,0.0,0.0,0.0,0.0,0.0,"3 main aqueducts fed this mine; one is 21.5 km long from Murias de Ponjos, and another 17.5 km from Ponjos. http://www.diariodeleon.es/noticias/cultura/identifican-mas-50-kilometros-canalizacion-romana-omana_535566.html","Domergue 1990: 42; Sanchez-Palencia and Orejas 1994, 189",0.0,0.0,TRUE,FALSE,TRUE,0.0,1.0,0.0,0.0,,Alluvium and Quaternary terraces,Secondary,Selective - Extensive,1,Confirmado,0,No,0,No,0,No,0,No,0,No,0,No,1,0,1,0,1.0,1.0,1.0,1.0,Alta Certeza (Grado I)
878,Las Miédulas - Las Lagunas,,Hispania Tarraconensis,Spain,León,Cuencas del Turienzo y Jerega,,TJ-11,,,,,42.44679,-6.234369,500.0,"Estimated from Sanchez-Palencia and Orejas 1994, fig. 17 and Google Earth",,,,,,,TRUE,0.0,0.0,0.0,0.0,0.0,0.0,0.0,0.0,,"Sanchez-Palencia and Orejas 1994, 202",1.0,0.0,TRUE,,,0.0,0.0,0.0,0.0,,,Secondary,Selective - Extensive,1,Confirmado,0,No,0,No,0,No,0,No,0,No,0,No,1,0,1,0,0.85,0.9,1.0,0.905,Alta Certeza (Grado I)
879,Las Minillas,,Hispania Tarraconensis,Spain,Badajoz,Alcudia,,,BA 45,781.0,483.2,475.1,38.86578022,-5.03505856,100.0,"Converted in QGIS from Lambert coords, Madrid 1870",,,,,,,FALSE,1.0,1.0,1.0,0.0,0.0,0.0,0.0,0.0,,Domergue 1990: 46,0.0,1.0,FALSE,FALSE,FALSE,0.0,0.0,0.0,0.0,,,,,0,No,1,Confirmado,1,Confirmado,1,Confirmado,0,No,0,No,0,No,0,1,0,0,1.0,0.9,1.0,0.9650000000000001,Alta Certeza (Grado I)
880,Las Minillas,,Hispania Baetica,Spain,Badajoz,Azuaga-Fuenteovejuna,,,BA 48,878.0,431.6,411.4,38.28298501,-5.61415806,100.0,"Converted in QGIS from Lambert coords, Madrid 1870",,,,,,,FALSE,0.0,0.0,1.0,0.0,0.0,0.0,0.0,0.0,,Domergue 1990: 46,,,FALSE,FALSE,FALSE,0.0,0.0,0.0,,,Hard rock,Primary,,0,No,0,No,1,Confirmado,0,No,0,No,0,No,0,No,0,0,0,0,1.0,0.9,1.0,0.9650000000000001,Alta Certeza (Grado I)
881,Las Monjas,,Hispania Baetica,Spain,Córdoba,Los Pedroches,,,CO 122,833.0,487.3,450.1,38.64093214,-4.9835869,100.0,"Converted in QGIS from Lambert coords, Madrid 1870",,,,,,,FALSE,1.0,1.0,0.0,0.0,0.0,0.0,0.0,0.0,,Domergue 1990: 48,0.0,1.0,FALSE,FALSE,FALSE,0.0,0.0,0.0,0.0,,Hard rock,Primary,,0,No,1,Confirmado,0,No,1,Confirmado,0,No,0,No,0,No,0,1,0,0,1.0,0.9,1.0,0.9650000000000001,Alta Certeza (Grado I)
882,Las Moracas,,Hispania Tarraconensis,Spain,León,Cuencas de Cúa y Burbia,,CB-04,,,,,42.816687,-6.719624,0.0,"Estimated from Sanchez-Palencia and Orejas 1994, fig. 14, IGN map, and Google Earth",Stone dumps visible on Google Earth.,,,,,,TRUE,0.0,0.0,0.0,0.0,0.0,0.0,0.0,0.0,,"Sanchez-Palencia and Orejas 1994, 191",1.0,0.0,TRUE,FALSE,TRUE,0.0,0.0,0.0,0.0,,,Secondary,Selective - Extensive,1,Confirmado,0,No,0,No,0,No,0,No,0,No,0,No,1,0,1,0,1.0,0.9,1.0,0.9650000000000001,Alta Certeza (Grado I)
884,Las Morenas,,Hispania Baetica,Spain,Badajoz,Azuaga-Fuenteovejuna,,,BA 20,878.0,434.3,404.7,38.22311594,-5.58165595,100.0,"Converted in QGIS from Lambert coords, Madrid 1870",,,,,,,FALSE,1.0,1.0,0.0,0.0,0.0,0.0,0.0,0.0,,Domergue 1990: 46,0.0,1.0,FALSE,FALSE,FALSE,0.0,0.0,0.0,0.0,,Hard rock,Primary,,0,No,1,Confirmado,0,No,1,Confirmado,0,No,0,No,0,No,0,1,0,0,1.0,0.9,1.0,0.9650000000000001,Alta Certeza (Grado I)
885,Las Morras,,Hispania Baetica,Spain,Córdoba,Los Pedroches,,,CO 110,858.0,486.4,417.4,38.3460133,-4.9884477,100.0,"Converted in QGIS from Lambert coords, Madrid 1870",,,,,,,FALSE,1.0,1.0,0.0,0.0,0.0,0.0,0.0,0.0,,Domergue 1990: 48,,,FALSE,FALSE,FALSE,0.0,0.0,0.0,,,Hard rock,Primary,,0,No,1,Confirmado,0,No,1,Confirmado,0,No,0,No,0,No,0,0,0,0,1.0,0.9,1.0,0.9650000000000001,Alta Certeza (Grado I)
886,Las Murias - Los Tallares,,Hispania Tarraconensis,Spain,León,Cuenca del Eria,,ER-25,LE 9,230.0,391.0,847.0,42.19946187,-6.21983439,0.0,Google Earth,Huge zone 4.6 km x 500 m worked by hydraulic mining to a depth of 10 m,,,,,,TRUE,0.0,0.0,0.0,0.0,0.0,0.0,0.0,0.0,,"Domergue 1990: 43; Sanchez-Palencia and Orejas 1994, 193",1.0,0.0,TRUE,FALSE,TRUE,0.0,1.0,0.0,0.0,,Colluvial deposits and river terrace,Secondary,Selective - Extensive,1,Confirmado,0,No,0,No,0,No,0,No,0,No,0,No,1,0,1,0,1.0,1.0,1.0,1.0,Alta Certeza (Grado I)
887,Las Musas,,Hispania Baetica,Spain,Badajoz,Azuaga-Fuenteovejuna,,,BA 2,878.0,426.0,407.9,38.25032907,-5.67729857,100.0,"Converted in QGIS from Lambert coords, Madrid 1870",,,,,,,FALSE,1.0,1.0,0.0,0.0,0.0,0.0,0.0,0.0,,Domergue 1990: 46,0.0,1.0,FALSE,FALSE,FALSE,0.0,0.0,0.0,0.0,,Hard rock,Primary,,0,No,1,Confirmado,0,No,1,Confirmado,0,No,0,No,0,No,0,1,0,0,1.0,0.9,1.0,0.9650000000000001,Alta Certeza (Grado I)
888,Las Pedrizas de San Payo,,Hispania Tarraconensis,Spain,León,Cuencas de Cúa y Burbia,,CB-18,,,,,42.709842,-6.715109,1000.0,"Estimated from Sanchez-Palencia and Orejas 1994, fig. 14, and Google Earth",,,,,,,TRUE,0.0,0.0,0.0,0.0,0.0,0.0,0.0,0.0,,"Sanchez-Palencia and Orejas 1994, 191",1.0,0.0,TRUE,,,,,,,,,Secondary,Extensive,1,Confirmado,0,No,0,No,0,No,0,No,0,No,0,No,1,0,1,0,0.7,0.9,1.0,0.845,Alta Certeza (Grado I)
889,Las Pozas,,Hispania Tarraconensis,Spain,Ciudad Real,Alcudia,,,CR 36,836.0,565.4,436.7,38.52680156,-4.08505448,100.0,"Converted in QGIS from Lambert coords, Madrid 1870",,,,,,,FALSE,1.0,1.0,0.0,0.0,0.0,0.0,0.0,0.0,,Domergue 1990: 46,0.0,1.0,FALSE,FALSE,FALSE,0.0,0.0,0.0,0.0,,,,,0,No,1,Confirmado,0,No,1,Confirmado,0,No,0,No,0,No,0,1,0,0,1.0,0.9,1.0,0.9650000000000001,Alta Certeza (Grado I)
890,Las Reguillinas,,Hispania Tarraconensis,Spain,León,Sierra del Teleno,,TE-02,,,,,42.35597,-6.386252,500.0,"Estimated from Sanchez-Palencia and Orejas 1994, fig. 17, IGN map, and Google Earth",,,,,,,TRUE,0.0,0.0,0.0,0.0,0.0,0.0,0.0,0.0,,"Sanchez-Palencia and Orejas 1994, 201",1.0,0.0,TRUE,,,,,,,,,Secondary,Extensive,1,Confirmado,0,No,0,No,0,No,0,No,0,No,0,No,1,0,1,0,0.85,0.9,1.0,0.905,Alta Certeza (Grado I)
893,Las Tarafinas,,Hispania Tarraconensis,Spain,León,Cuenca del Boeza,,BO-10,,,,,42.685658,-6.396074,0.0,"From Sanchez-Palencia and Orejas 1994, fig. 14 and Google Earth, refined by site visit 23/09/2021.",,,,,,,TRUE,0.0,0.0,0.0,0.0,0.0,0.0,0.0,0.0,,"Sanchez-Palencia and Orejas 1994, 191",1.0,0.0,TRUE,FALSE,TRUE,0.0,0.0,0.0,0.0,,Alluvial deposits,Secondary,Extensive,1,Confirmado,0,No,0,No,0,No,0,No,0,No,0,No,1,0,1,0,1.0,0.9,1.0,0.9650000000000001,Alta Certeza (Grado I)
895,Las Tobosas,,Hispania Baetica,Spain,Córdoba,Los Pedroches,,,CO 68,832.0,456.2,441.6,38.55966676,-5.33924282,100.0,"Converted in QGIS from Lambert coords, Madrid 1870",,,,,,,FALSE,1.0,1.0,0.0,0.0,0.0,0.0,0.0,0.0,,Domergue 1990: 48,0.0,1.0,FALSE,FALSE,FALSE,0.0,0.0,0.0,0.0,,Hard rock,Primary,,0,No,1,Confirmado,0,No,1,Confirmado,0,No,0,No,0,No,0,1,0,0,1.0,0.9,1.0,0.9650000000000001,Alta Certeza (Grado I)
896,Las Torcas,,Hispania Baetica,Spain,Córdoba,Los Pedroches,,,CO 104,859.0,518.9,432.5,38.48581222,-4.61821957,100.0,"Converted in QGIS from Lambert coords, Madrid 1870",,,,,,,FALSE,1.0,1.0,0.0,0.0,0.0,0.0,0.0,0.0,,Domergue 1990: 48,0.0,1.0,FALSE,FALSE,FALSE,0.0,0.0,0.0,0.0,,Hard rock,Primary,,0,No,1,Confirmado,0,No,1,Confirmado,0,No,0,No,0,No,0,1,0,0,1.0,0.9,1.0,0.9650000000000001,Alta Certeza (Grado I)
897,Las Torcas - El Teso de Piqueras,,Hispania Tarraconensis,Spain,León,Cuenca del Boeza,,BO-24,,,,,42.575444,-6.380819,500.0,"Estimated from Sanchez-Palencia and Orejas 1994, fig. 14, IGN map, and Google Earth",,,,,,,TRUE,0.0,0.0,0.0,0.0,0.0,0.0,0.0,0.0,,"Sanchez-Palencia and Orejas 1994, 191",1.0,0.0,TRUE,,,,,,,,,Secondary,Extensive,1,Confirmado,0,No,0,No,0,No,0,No,0,No,0,No,1,0,1,0,0.85,0.9,1.0,0.905,Alta Certeza (Grado I)
899,Las Traviesas,,Hispania Tarraconensis,Spain,León,Cuenca Alta del Tuerto,,AT-22,,,,,42.659876,-6.017965,500.0,"Estimated from Sanchez-Palencia and Orejas 1994, fig. 15, and Google Earth",,,,,,,TRUE,0.0,0.0,0.0,0.0,0.0,0.0,0.0,0.0,,"Sanchez-Palencia and Orejas 1994, 190",1.0,0.0,TRUE,,,,,,,,,Secondary,Selective - Extensive,1,Confirmado,0,No,0,No,0,No,0,No,0,No,0,No,1,0,1,0,0.85,0.9,1.0,0.905,Alta Certeza (Grado I)
900,Las Traviesas I,,Hispania Tarraconensis,Spain,León,Cuenca del Boeza,,BO-08,,,,,42.724353,-6.465042,200.0,"Estimated from Sanchez-Palencia and Orejas 1994, fig. 14, IGN map, and Google Earth",Immediately North of Villar de las Traviesas.,,,,,,TRUE,0.0,0.0,0.0,0.0,0.0,0.0,0.0,0.0,Extensive hydraulic mining in alluvial deposits. Castro immediately adjacent to mine.,"Alvarez González 1993; Sanchez-Palencia and Orejas 1994, 190",1.0,0.0,TRUE,TRUE,FALSE,0.0,0.0,0.0,0.0,,Alluvial deposits,Secondary,Extensive,1,Confirmado,0,No,0,No,0,No,0,No,0,No,0,No,1,0,1,0,0.85,0.9,1.0,0.905,Alta Certeza (Grado I)
901,Las Traviesas II,,Hispania Tarraconensis,Spain,León,Cuenca del Boeza,,BO-09,,,,,42.705133,-6.465437,200.0,"Estimated from Sanchez-Palencia and Orejas 1994, fig. 14, IGN map, and Google Earth",,,,,,,TRUE,0.0,0.0,0.0,0.0,0.0,0.0,0.0,0.0,Castro immediately adjacent to mine.,"Sanchez-Palencia and Orejas 1994, 190",1.0,0.0,TRUE,,,,,,,,,Secondary,Extensive,1,Confirmado,0,No,0,No,0,No,0,No,0,No,0,No,1,0,1,0,0.85,0.9,1.0,0.905,Alta Certeza (Grado I)
902,Las Trelas,,Hispania Tarraconensis,Spain,Oviedo,Cuenca del Navia,,NV-47,,,,,43.174814,-6.782002,500.0,Google Earth and name on IGN map.,,,,,,,TRUE,0.0,0.0,0.0,0.0,0.0,0.0,0.0,0.0,,"Sanchez-Palencia and Orejas 1994, 200",,,,,,,,,,,,Primary,Extensive,1,Confirmado,0,No,0,No,0,No,0,No,0,No,0,No,0,0,0,0,0.85,0.9,1.0,0.905,Alta Certeza (Grado I)
904,Las Valiñas,,Hispania Tarraconensis,Spain,León,Cuencas de Cúa y Burbia,,CB-36,,,,,42.642246,-6.878455,500.0,"Estimated from Sanchez-Palencia and Orejas 1994, fig. 14, IGN map, and Google Earth",,,,,,,TRUE,0.0,0.0,0.0,0.0,0.0,0.0,0.0,0.0,,"Sanchez-Palencia and Orejas 1994, 192",1.0,0.0,TRUE,,,,,,,,,Secondary,Extensive,1,Confirmado,0,No,0,No,0,No,0,No,0,No,0,No,1,0,1,0,0.85,0.9,1.0,0.905,Alta Certeza (Grado I)
905,Las Ventas - Fondelur,,Hispania Tarraconensis,Spain,León,Cuenca Alta del Tuerto,,AT-15,,,,,42.536312,-6.151134,500.0,"Estimated from Sanchez-Palencia and Orejas 1994, fig. 15, IGN map, and Google Earth",,,,,,,TRUE,0.0,0.0,0.0,0.0,0.0,0.0,0.0,0.0,,"Sanchez-Palencia and Orejas 1994, 190",1.0,0.0,TRUE,,,,,,,,,Secondary,Selective,1,Confirmado,0,No,0,No,0,No,0,No,0,No,0,No,1,0,1,0,0.85,0.9,1.0,0.905,Alta Certeza (Grado I)
906,Lavadoira,,Hispania Tarraconensis,Spain,Oviedo,Cuenca del Narcea,,NA-30,O 31,50.0,363.2,969.8,43.29674687,-6.605058403,100.0,"Converted in QGIS from Lambert coords, Madrid 1870",,,,,,,TRUE,0.0,0.0,0.0,0.0,0.0,0.0,0.0,0.0,,"Domergue 1990: 42; Sanchez-Palencia and Orejas 1994, 197",1.0,0.0,TRUE,TRUE,FALSE,0.0,0.0,0.0,0.0,,Hard rock,Primary,Extensive,1,Confirmado,0,No,0,No,0,No,0,No,0,No,0,No,1,0,1,0,1.0,1.0,1.0,1.0,Alta Certeza (Grado I)
908,Leoneza,,Hispania Tarraconensis,Spain,León,Cuenca Alta del Sil,,AS-05,,,,,42.835042,-6.494671,500.0,"Estimated from Sanchez-Palencia and Orejas 1994, fig. 14, and Google Earth",Assumed to be destroyed by modern mine.,,,,,,TRUE,0.0,0.0,0.0,0.0,0.0,0.0,0.0,0.0,,"Sanchez-Palencia and Orejas 1994, 189",1.0,0.0,TRUE,,,,,,,,,Secondary,Extensive,1,Confirmado,0,No,0,No,0,No,0,No,0,No,0,No,1,0,1,0,0.85,0.9,1.0,0.905,Alta Certeza (Grado I)
909,Leras,,Hispania Tarraconensis,Spain,León,Cuenca Alta del Orbigo,,AO-28,,,,,42.792581,-5.725108,300.0,"Estimated from Sanchez-Palencia and Orejas 1994, fig. 15, and features on Google Earth",,,,,,,TRUE,0.0,0.0,0.0,0.0,0.0,0.0,0.0,0.0,,"Sanchez-Palencia and Orejas 1994, 189",1.0,0.0,TRUE,,,,,,,,,Secondary,Extensive,1,Confirmado,0,No,0,No,0,No,0,No,0,No,0,No,1,0,1,0,0.85,0.9,1.0,0.905,Alta Certeza (Grado I)
910,Llano Tabernero,,Hispania Baetica,Spain,Córdoba,Los Pedroches,,,CO 92,859.0,504.5,418.4,38.35721971,-4.78139954,100.0,"Converted in QGIS from Lambert coords, Madrid 1870",,,,,,,FALSE,0.0,0.0,1.0,0.0,0.0,0.0,0.0,0.0,,Domergue 1990: 48,,,FALSE,FALSE,FALSE,0.0,0.0,0.0,,,Hard rock,Primary,,0,No,0,No,1,Confirmado,0,No,0,No,0,No,0,No,0,0,0,0,1.0,0.9,1.0,0.9650000000000001,Alta Certeza (Grado I)
911,Lomo de Perro,,Hispania Baetica,Spain,Badajoz,La Serena,,,BA 42,806.0,449.0,464.0,38.76036878,-5.42692009,100.0,"Converted in QGIS from Lambert coords, Madrid 1870",,,,,,,FALSE,1.0,1.0,1.0,0.0,0.0,0.0,0.0,0.0,,Domergue 1990: 45,,,FALSE,FALSE,FALSE,0.0,0.0,0.0,,,Hard rock,Primary,,0,No,1,Confirmado,1,Confirmado,1,Confirmado,0,No,0,No,0,No,0,0,0,0,1.0,0.9,1.0,0.9650000000000001,Alta Certeza (Grado I)
912,Longrey,,Hispania Tarraconensis,Spain,Oviedo,Cuenca del Esba o Canero,,ES-08,,,,,43.452082,-6.499408,500.0,Placename on Google Earth,,,,,,,TRUE,0.0,0.0,0.0,0.0,0.0,0.0,0.0,0.0,,"Sanchez-Palencia and Orejas 1994, 193",,,,,,,,,,,,Primary,Extensive,1,Confirmado,0,No,0,No,0,No,0,No,0,No,0,No,0,0,0,0,0.85,0.9,1.0,0.905,Alta Certeza (Grado I)
913,Los Alemanes,,Hispania Tarraconensis,Spain,Jaén,Linares - La Carolina,,,J 23,905.0,604.5,394.7,38.1488196,-3.63656838,100.0,"Converted in QGIS from Lambert coords, Madrid 1870",,,,,,,FALSE,1.0,1.0,0.0,0.0,0.0,0.0,0.0,0.0,,Domergue 1990: 45,,,FALSE,FALSE,FALSE,0.0,0.0,0.0,,,Hard rock,,,0,No,1,Confirmado,0,No,1,Confirmado,0,No,0,No,0,No,0,0,0,0,1.0,0.9,1.0,0.9650000000000001,Alta Certeza (Grado I)
914,Los Almadenes,,Hispania Baetica,Spain,Córdoba,Los Pedroches,,,CO 65,858.0,476.3,426.8,38.42936535,-5.10576681,100.0,"Converted in QGIS from Lambert coords, Madrid 1870",,,,,,,FALSE,1.0,1.0,0.0,0.0,0.0,0.0,0.0,0.0,,Domergue 1990: 48,0.0,1.0,FALSE,FALSE,FALSE,0.0,0.0,0.0,0.0,,Hard rock,Primary,,0,No,1,Confirmado,0,No,1,Confirmado,0,No,0,No,0,No,0,1,0,0,1.0,0.9,1.0,0.9650000000000001,Alta Certeza (Grado I)
915,Los Arrayanes,,Hispania Tarraconensis,Spain,Jaén,Linares - La Carolina,,,J 25,905.0,605.6,393.5,38.13799491,-3.62402098,100.0,"Converted in QGIS from Lambert coords, Madrid 1870",,,,,,,FALSE,1.0,1.0,1.0,0.0,0.0,0.0,0.0,0.0,,Domergue 1990: 45,,,FALSE,FALSE,FALSE,0.0,0.0,0.0,,,Hard rock,,,0,No,1,Confirmado,1,Confirmado,1,Confirmado,0,No,0,No,0,No,0,0,0,0,1.0,0.9,1.0,0.9650000000000001,Alta Certeza (Grado I)
918,Los Barriales - Los Testeros,,Hispania Tarraconensis,Spain,León,Valduerna,,DU-18,,,,,42.326311,-6.173298,0.0,"Estimated from Sanchez-Palencia and Orejas 1994, fig. 17 and Google Earth",,,,,,,TRUE,0.0,0.0,0.0,0.0,0.0,0.0,0.0,0.0,,"Sanchez-Palencia and Orejas 1994, 192",1.0,0.0,TRUE,FALSE,TRUE,0.0,1.0,0.0,0.0,"Extensive area of rake/comb workings on S bank of Rio Duerna, overgrown, visible on Google Earth.",,Secondary,Selective,1,Confirmado,0,No,0,No,0,No,0,No,0,No,0,No,1,0,1,0,1.0,0.9,1.0,0.9650000000000001,Alta Certeza (Grado I)
919,Los Barrieros,,Hispania Tarraconensis,Spain,León,Cuenca media del Sil,,MS-074,,,,,42.415444,-6.690579,500.0,"Guessed from Google Earth and Sanchez-Palencia and Orejas 1994, fig. 16",,,,,,,TRUE,0.0,0.0,0.0,0.0,0.0,0.0,0.0,0.0,,"Sanchez-Palencia and Orejas 1994, 196",1.0,0.0,TRUE,,,,,,,,,Secondary,Selective,1,Confirmado,0,No,0,No,0,No,0,No,0,No,0,No,1,0,1,0,0.85,0.9,1.0,0.905,Alta Certeza (Grado I)
920,Los Bueyes,,Hispania Baetica,Spain,Huelva,Huelva,,,H 48,960.0,327.7,342.2,37.63308229,-6.77443064,100.0,"Converted in QGIS from Lambert coords, Madrid 1870",,,,,,,FALSE,0.0,0.0,1.0,0.0,0.0,0.0,0.0,0.0,,Domergue 1990: 62,,,FALSE,FALSE,FALSE,0.0,0.0,0.0,,,Pyrite,Primary,,0,No,0,No,1,Confirmado,0,No,0,No,0,No,0,No,0,0,0,0,1.0,0.9,1.0,0.9650000000000001,Alta Certeza (Grado I)
921,Los Caborcos y Las Pedrizas,,Hispania Tarraconensis,Spain,León,Cuencas de Cúa y Burbia,,CB-12,LE 49,,,,42.715937,-6.710058,500.0,"Estimated from Sanchez-Palencia and Orejas 1994, fig. 14, and Google Earth",,,,,,,TRUE,0.0,0.0,0.0,0.0,0.0,0.0,0.0,0.0,,"Sanchez-Palencia and Orejas 1994, 191",1.0,0.0,TRUE,,,,,,,,,Secondary,Extensive,1,Confirmado,0,No,0,No,0,No,0,No,0,No,0,No,1,0,1,0,0.85,1.0,1.0,0.94,Alta Certeza (Grado I)
922,Los Cabuercos - Las Coronas,,Hispania Tarraconensis,Spain,León,Valduerna,,DU-17,,,,,42.336879,-6.173628,100.0,"Estimated from Sanchez-Palencia and Orejas 1994, fig. 17 and Google Earth",,,,,,,TRUE,0.0,0.0,0.0,0.0,0.0,0.0,0.0,0.0,,"Sanchez-Palencia and Orejas 1994, 192",1.0,0.0,TRUE,TRUE,FALSE,0.0,0.0,0.0,0.0,"Several hushing workings (exploratory?) on upper terrace on N bank of Rio Duerna, visible on Google Earth. Corona at E end.",,Secondary,Selective,1,Confirmado,0,No,0,No,0,No,0,No,0,No,0,No,1,0,1,0,1.0,0.9,1.0,0.9650000000000001,Alta Certeza (Grado I)
923,Los Cachicobos,,Hispania Tarraconensis,Spain,León,Cuencas de Cúa y Burbia,,CB-38,,,,,42.619721,-6.837096,500.0,"Estimated from Sanchez-Palencia and Orejas 1994, fig. 14, IGN map, and Google Earth",,,,,,,TRUE,0.0,0.0,0.0,0.0,0.0,0.0,0.0,0.0,,"Sanchez-Palencia and Orejas 1994, 192",,,,,,,,,,,,Primary,Extensive,1,Confirmado,0,No,0,No,0,No,0,No,0,No,0,No,0,0,0,0,0.85,0.9,1.0,0.905,Alta Certeza (Grado I)
924,Los Campos,,Hispania Tarraconensis,Spain,León,Cuenca Alta del Tuerto,,AT-01,,,,,42.63545,-6.221751,500.0,"Estimated from Sanchez-Palencia and Orejas 1994, fig. 14, and Google Earth",,,,,,,TRUE,0.0,0.0,0.0,0.0,0.0,0.0,0.0,0.0,,"Sanchez-Palencia and Orejas 1994, 189",1.0,0.0,TRUE,,,,,,,,,Secondary,Selective - Extensive,1,Confirmado,0,No,0,No,0,No,0,No,0,No,0,No,1,0,1,0,0.85,0.9,1.0,0.905,Alta Certeza (Grado I)
925,Los Carriles,,Hispania Tarraconensis,Spain,León,Cuenca Alta del Tuerto,,AT-17,,,,,42.522252,-6.194796,500.0,"Estimated from Sanchez-Palencia and Orejas 1994, fig. 15, IGN map, and Google Earth",,,,,,,TRUE,0.0,0.0,0.0,0.0,0.0,0.0,0.0,0.0,,"Sanchez-Palencia and Orejas 1994, 190",1.0,0.0,TRUE,,,,,,,,,Secondary,Extensive,1,Confirmado,0,No,0,No,0,No,0,No,0,No,0,No,1,0,1,0,0.85,0.9,1.0,0.905,Alta Certeza (Grado I)
926,Los Casares,,Hispania Tarraconensis,Spain,León,Cuenca del Eria,,ER-05,,,,,42.239704,-6.398898,100.0,"Estimated from Sanchez-Palencia and Orejas 1994, fig. 17 and Google Earth",,,,,,,TRUE,0.0,0.0,0.0,0.0,0.0,0.0,0.0,0.0,,"Sanchez-Palencia and Orejas 1994, 193",1.0,0.0,TRUE,FALSE,FALSE,0.0,1.0,0.0,0.0,Apparent traces of rake/comb workings and stone dumps on Google Earth (poor quality image).,,Secondary,Selective,1,Confirmado,0,No,0,No,0,No,0,No,0,No,0,No,1,0,1,0,1.0,0.9,1.0,0.9650000000000001,Alta Certeza (Grado I)
927,Los Cáscaros,,Hispania Tarraconensis,Spain,León,Cuenca Alta del Orbigo,,AO-15,,,,,42.717953,-5.911294,200.0,"Estimated from Sanchez-Palencia and Orejas 1994, fig. 15 and Google Earth",Stone dumps visible on Google Earth,,,,,,TRUE,0.0,0.0,0.0,0.0,0.0,0.0,0.0,0.0,,"Sanchez-Palencia and Orejas 1994, 189",1.0,0.0,TRUE,,,,,,,,,Secondary,Extensive,1,Confirmado,0,No,0,No,0,No,0,No,0,No,0,No,1,0,1,0,0.85,0.9,1.0,0.905,Alta Certeza (Grado I)
929,Los Castillos - Alto de la Mina,,Hispania Tarraconensis,Spain,León,Cuenca Alta del Tuerto,,AT-06,LE 58,160.0,,,42.608387,-6.147774,1000.0,"Estimated from Sanchez-Palencia and Orejas 1994, fig. 15, IGN map, and Google Earth",,,,,,,TRUE,0.0,0.0,0.0,0.0,0.0,0.0,0.0,0.0,,"Sanchez-Palencia and Orejas 1994, 189",,,,,,,,,,,,Secondary - Primary,Extensive,1,Confirmado,0,No,0,No,0,No,0,No,0,No,0,No,0,0,0,0,0.7,1.0,1.0,0.8799999999999999,Alta Certeza (Grado I)
930,Los Cavenes,,Lusitania,Spain,Salamanca,Beiras,,,SA 2,527.0,392.5,665.6,40.56572807,-6.141205928,100.0,"Converted in QGIS from Lambert coords, Madrid 1870",,,,,,,TRUE,0.0,0.0,0.0,0.0,0.0,0.0,0.0,0.0,"Located in the Salamanca district, over 40km of hydraulic channels have been recorded. Dossier IV. Mostly exploitation was by hushing but also some open cast and underground mines were worked. Approximately 2.5 million cubic metres of material were moved.",Domergue 1990: 41,0.0,0.0,TRUE,FALSE,FALSE,0.0,1.0,0.0,0.0,,Quaternary terraǾ䀀,,,1,Confirmado,0,No,0,No,0,No,0,No,0,No,0,No,1,0,1,0,1.0,0.9,1.0,0.9650000000000001,Alta Certeza (Grado I)
932,Los Cubanallos,,Hispania Tarraconensis,Spain,León,Sierra del Teleno,,TE-12,,,,,42.321607,-6.392307,500.0,"Estimated from Sanchez-Palencia and Orejas 1994, fig. 17, IGN map, and Google Earth",,,,,,,TRUE,0.0,0.0,0.0,0.0,0.0,0.0,0.0,0.0,,"Sanchez-Palencia and Orejas 1994, 202",1.0,0.0,TRUE,TRUE,FALSE,0.0,0.0,0.0,0.0,,,Secondary,Selective - Extensive,1,Confirmado,0,No,0,No,0,No,0,No,0,No,0,No,1,0,1,0,0.85,0.9,1.0,0.905,Alta Certeza (Grado I)
933,Los Culeritos,,Hispania Baetica,Spain,Huelva,Picos de Aroche,,,H 29,895.0,314.0,393.0,38.0863122,-6.95065167,100.0,"Converted in QGIS from Lambert coords, Madrid 1870",,,,,,,FALSE,0.0,0.0,1.0,0.0,0.0,0.0,0.0,0.0,,Domergue 1990: 61,,,FALSE,FALSE,FALSE,0.0,0.0,0.0,,,Hard rock,Primary,,0,No,0,No,1,Confirmado,0,No,0,No,0,No,0,No,0,0,0,0,1.0,0.9,1.0,0.9650000000000001,Alta Certeza (Grado I)
934,Los Dolores,,Hispania Tarraconensis,Spain,Ciudad Real,Alcudia,,,CR 13,835.0,538.4,446.2,38.61094749,-4.39579808,100.0,"Converted in QGIS from Lambert coords, Madrid 1870",,,,,,,FALSE,1.0,1.0,0.0,0.0,0.0,0.0,0.0,0.0,,Domergue 1990: 46,,,FALSE,FALSE,FALSE,0.0,0.0,0.0,,,,,,0,No,1,Confirmado,0,No,1,Confirmado,0,No,0,No,0,No,0,0,0,0,1.0,0.9,1.0,0.9650000000000001,Alta Certeza (Grado I)
935,Los Eneros,,Hispania Baetica,Spain,Córdoba,Azuaga-Fuenteovejuna,,,CO 52,879.0,452.5,410.25,38.27643785,-5.37490862,100.0,"Converted in QGIS from Lambert coords, Madrid 1870","RECTANGLE of 31 km2, defined by points given by Domergue. Coord here is est. centroid",,,,,,FALSE,1.0,1.0,1.0,0.0,0.0,0.0,0.0,0.0,,Domergue 1990: 46,0.0,1.0,FALSE,FALSE,FALSE,0.0,0.0,0.0,0.0,,Hard rock,Primary,,0,No,1,Confirmado,1,Confirmado,1,Confirmado,0,No,0,No,0,No,0,1,0,0,1.0,0.9,1.0,0.9650000000000001,Alta Certeza (Grado I)
936,Los Engarbos,,Hispania Baetica,Spain,Jaén,,,,J 28,864.0,644.0,418.0,38.35777354,-3.18415148,100.0,"Converted in QGIS from Lambert coords, Madrid 1870",,,,,,,FALSE,1.0,1.0,0.0,0.0,0.0,0.0,0.0,0.0,,Domergue 1990: 49,,,FALSE,FALSE,FALSE,0.0,0.0,0.0,,,Hard rock,Primary,,0,No,1,Confirmado,0,No,1,Confirmado,0,No,0,No,0,No,0,0,0,0,1.0,0.9,1.0,0.9650000000000001,Alta Certeza (Grado I)
937,Los Escoriales,,Hispania Baetica,Spain,Jaén,Montoro Andújar,,,J 8,883.0,579.3,398.3,38.18103892,-3.92435169,100.0,"Converted in QGIS from Lambert coords, Madrid 1870",,,,,,,FALSE,0.0,0.0,1.0,0.0,0.0,0.0,0.0,0.0,,Domergue 1990: 47,0.0,1.0,FALSE,FALSE,FALSE,0.0,0.0,0.0,0.0,,Hard rock,,,0,No,0,No,1,Confirmado,0,No,0,No,0,No,0,No,0,1,0,0,1.0,0.9,1.0,0.9650000000000001,Alta Certeza (Grado I)
938,Los Estancos,,Hispania Tarraconensis,Spain,León,Cuencas del Turienzo y Jerega,,TJ-24,,,,,42.471098,-6.205953,500.0,"Estimated from Sanchez-Palencia and Orejas 1994, fig. 17 and Google Earth",,,,,,,TRUE,0.0,0.0,0.0,0.0,0.0,0.0,0.0,0.0,,"Sanchez-Palencia and Orejas 1994, 202",1.0,0.0,TRUE,,,,,,,,,Secondary,Extensive,1,Confirmado,0,No,0,No,0,No,0,No,0,No,0,No,1,0,1,0,0.85,0.9,1.0,0.905,Alta Certeza (Grado I)
941,Los Fuellos,,Hispania Tarraconensis,Spain,León,Cuencas del Turienzo y Jerega,,TJ-12,,,,,42.44272,-6.21592,500.0,"Estimated from Sanchez-Palencia and Orejas 1994, fig. 17 and Google Earth",,,,,,,TRUE,0.0,0.0,0.0,0.0,0.0,0.0,0.0,0.0,,"Sanchez-Palencia and Orejas 1994, 202",1.0,0.0,TRUE,,,0.0,0.0,0.0,0.0,,,Secondary,Selective,1,Confirmado,0,No,0,No,0,No,0,No,0,No,0,No,1,0,1,0,0.85,0.9,1.0,0.905,Alta Certeza (Grado I)
942,Los Galayos,,Hispania Tarraconensis,Spain,Ciudad Real,Alcudia,,,CR 37,861.0,579.6,430.2,38.46864925,-3.92188162,100.0,"Converted in QGIS from Lambert coords, Madrid 1870",,,,,,,FALSE,1.0,1.0,0.0,0.0,0.0,0.0,0.0,0.0,,Domergue 1990: 46,,,FALSE,FALSE,FALSE,0.0,0.0,0.0,,,,,,0,No,1,Confirmado,0,No,1,Confirmado,0,No,0,No,0,No,0,0,0,0,1.0,0.9,1.0,0.9650000000000001,Alta Certeza (Grado I)
943,Los Guijarros,,Hispania Baetica,Spain,Huelva,Picos de Aroche,,,H 30,895.0,316.5,398.8,38.13938667,-6.92455813,100.0,"Converted in QGIS from Lambert coords, Madrid 1870",,,,,,,FALSE,0.0,0.0,1.0,0.0,0.0,0.0,0.0,0.0,,Domergue 1990: 61,,,FALSE,FALSE,FALSE,0.0,0.0,0.0,,,Hard rock,Primary,,0,No,0,No,1,Confirmado,0,No,0,No,0,No,0,No,0,0,0,0,1.0,0.9,1.0,0.9650000000000001,Alta Certeza (Grado I)
944,Los Guindos,,Hispania Tarraconensis,Spain,Jaén,Linares - La Carolina,,,J 13,884.0,599.7,412.8,38.31201215,-3.69137155,100.0,"Converted in QGIS from Lambert coords, Madrid 1870",,,,,,,FALSE,1.0,1.0,0.0,0.0,0.0,0.0,0.0,0.0,,Domergue 1990: 45,,,FALSE,FALSE,FALSE,0.0,0.0,0.0,,,Hard rock,,,0,No,1,Confirmado,0,No,1,Confirmado,0,No,0,No,0,No,0,0,0,0,1.0,0.9,1.0,0.9650000000000001,Alta Certeza (Grado I)
945,Los Lagunales - Teso las Pilas,,Hispania Tarraconensis,Spain,León,Cuencas del Turienzo y Jerega,,TJ-13,,,,,42.431208,-6.175599,500.0,"Estimated from Sanchez-Palencia and Orejas 1994, fig. 17 and Google Earth",,,,,,,TRUE,0.0,0.0,0.0,0.0,0.0,0.0,0.0,0.0,,"Sanchez-Palencia and Orejas 1994, 202",1.0,0.0,TRUE,,,0.0,0.0,0.0,0.0,,,Secondary,Selective - Extensive,1,Confirmado,0,No,0,No,0,No,0,No,0,No,0,No,1,0,1,0,0.85,0.9,1.0,0.905,Alta Certeza (Grado I)
946,Los Mayadones I,,Hispania Tarraconensis,Spain,León,Sierra del Teleno,,TE-06,,,,,42.318736,-6.358224,1000.0,"Estimated from Sanchez-Palencia and Orejas 1994, fig. 17, IGN map, and Google Earth",,,,,,,TRUE,0.0,0.0,0.0,0.0,0.0,0.0,0.0,0.0,,"Sanchez-Palencia and Orejas 1994, 201",1.0,0.0,TRUE,TRUE,FALSE,0.0,0.0,0.0,0.0,,,Secondary - Primary,Extensive,1,Confirmado,0,No,0,No,0,No,0,No,0,No,0,No,1,0,1,0,0.7,0.9,1.0,0.845,Alta Certeza (Grado I)
947,Los Mayadones II,,Hispania Tarraconensis,Spain,León,Sierra del Teleno,,TE-07,,,,,42.31273,-6.341954,500.0,"Estimated from Sanchez-Palencia and Orejas 1994, fig. 17, IGN map, and Google Earth",,,,,,,TRUE,0.0,0.0,0.0,0.0,0.0,0.0,0.0,0.0,,"Sanchez-Palencia and Orejas 1994, 201",1.0,0.0,TRUE,TRUE,FALSE,0.0,0.0,0.0,0.0,,,Secondary,Selective - Extensive,1,Confirmado,0,No,0,No,0,No,0,No,0,No,0,No,1,0,1,0,0.85,0.9,1.0,0.905,Alta Certeza (Grado I)
948,Los Milagros del Monte Medo,,Hispania Tarraconensis,Spain,Orense,Cuenca media del Miño,,MM-14,,,,,42.23208,-7.629413,1000.0,"Google Earth, placename",,,,,,,TRUE,0.0,0.0,0.0,0.0,0.0,0.0,0.0,0.0,,"Sanchez-Palencia and Orejas 1994, 194",1.0,0.0,TRUE,,,,,,,,,Secondary,Selective - Extensive,1,Confirmado,0,No,0,No,0,No,0,No,0,No,0,No,1,0,1,0,0.7,0.9,1.0,0.845,Alta Certeza (Grado I)
950,Los Moruecos de Larón,,Hispania Tarraconensis,Spain,Oviedo,Cuenca del Navia,,NV-02,,,,,42.98355,-6.634177,500.0,"Guessed from Sanchez-Palencia and Orejas 1994, fig. 13; IGN map, and Google Earth.",,,,,,,TRUE,0.0,0.0,0.0,0.0,0.0,0.0,0.0,0.0,,"Sanchez-Palencia and Orejas 1994, 199",1.0,0.0,TRUE,,,,,,,,,Secondary,Selective,1,Confirmado,0,No,0,No,0,No,0,No,0,No,0,No,1,0,1,0,0.85,0.9,1.0,0.905,Alta Certeza (Grado I)
951,Los Muriacales - Los Cubanallos,,Hispania Tarraconensis,Spain,León,Cuenca del Eria,,ER-07,,,,,42.233705,-6.346199,300.0,"Estimated from Sanchez-Palencia and Orejas 1994, fig. 17 and Google Earth",,,,,,,TRUE,0.0,0.0,0.0,0.0,0.0,0.0,0.0,0.0,,"Sanchez-Palencia and Orejas 1994, 193",1.0,0.0,TRUE,FALSE,FALSE,0.0,0.0,0.0,0.0,,,Secondary,Selective - Extensive,1,Confirmado,0,No,0,No,0,No,0,No,0,No,0,No,1,0,1,0,0.85,0.9,1.0,0.905,Alta Certeza (Grado I)
952,Los Palazuelos,,Hispania Tarraconensis,Spain,Jaén,Linares - La Carolina,,,J 14,884.0,609.1,399.3,38.19025394,-3.58399511,100.0,"Converted in QGIS from Lambert coords, Madrid 1870",,,,,,,FALSE,1.0,1.0,1.0,0.0,0.0,0.0,0.0,0.0,,Domergue 1990: 45,0.0,1.0,FALSE,FALSE,FALSE,0.0,0.0,0.0,0.0,,Hard rock,,,0,No,1,Confirmado,1,Confirmado,1,Confirmado,0,No,0,No,0,No,0,1,0,0,1.0,0.9,1.0,0.9650000000000001,Alta Certeza (Grado I)
953,Los Patalos,,Hispania Baetica,Spain,Córdoba,Montoro Andújar,,,CO 79,882.0,548.4,397.5,38.1725365,-4.27719014,100.0,"Converted in QGIS from Lambert coords, Madrid 1870",,,,,,,FALSE,0.0,0.0,1.0,0.0,0.0,0.0,0.0,0.0,,Domergue 1990: 47,,,FALSE,FALSE,FALSE,0.0,0.0,0.0,,,Hard rock,,,0,No,0,No,1,Confirmado,0,No,0,No,0,No,0,No,0,0,0,0,1.0,0.9,1.0,0.9650000000000001,Alta Certeza (Grado I)
954,Los Pobos,,Hispania Baetica,Spain,Córdoba,Los Pedroches,,,CO 1,881.0,524.2,401.9,38.21042193,-4.554018,100.0,"Converted in QGIS from Lambert coords, Madrid 1870",,,,,,,FALSE,0.0,0.0,1.0,0.0,0.0,0.0,0.0,0.0,,Domergue 1990: 47,,,FALSE,FALSE,FALSE,0.0,0.0,0.0,,,Hard rock,Primary,,0,No,0,No,1,Confirmado,0,No,0,No,0,No,0,No,0,0,0,0,1.0,0.9,1.0,0.9650000000000001,Alta Certeza (Grado I)
955,Los Poliñeiros,,Hispania Tarraconensis,Spain,León,Cuencas de Cúa y Burbia,,CB-31,LE 5,126.0,350.6,900.2,42.66691589,-6.730899562,100.0,"Converted in QGIS from Lambert coords, Madrid 1870",,,,,,,TRUE,0.0,0.0,0.0,0.0,0.0,0.0,0.0,0.0,,"Domergue 1990: 43; Sanchez-Palencia and Orejas 1994, 192",,,,,,,,,,,Hard rock,Primary,Extensive,1,Confirmado,0,No,0,No,0,No,0,No,0,No,0,No,0,0,0,0,1.0,1.0,1.0,1.0,Alta Certeza (Grado I)
956,Los Prados del Castro,,Hispania Tarraconensis,Spain,León,Cuenca del Eria,,ER-04,,,,,42.244728,-6.41975,300.0,"Estimated from Sanchez-Palencia and Orejas 1994, fig. 17 and Google Earth",,,,,,,TRUE,0.0,0.0,0.0,0.0,0.0,0.0,0.0,0.0,,"Sanchez-Palencia and Orejas 1994, 193",1.0,0.0,TRUE,FALSE,FALSE,0.0,0.0,0.0,0.0,,,Secondary,Selective,1,Confirmado,0,No,0,No,0,No,0,No,0,No,0,No,1,0,1,0,0.85,0.9,1.0,0.905,Alta Certeza (Grado I)
957,Los Rubiales,,Hispania Baetica,Spain,Córdoba,Los Pedroches,,,CO 105,859.0,514.2,432.3,38.48355401,-4.67210267,100.0,"Converted in QGIS from Lambert coords, Madrid 1870",,,,,,,FALSE,1.0,1.0,0.0,0.0,0.0,0.0,0.0,0.0,,Domergue 1990: 48,0.0,1.0,FALSE,FALSE,FALSE,0.0,0.0,0.0,0.0,,Hard rock,Primary,,0,No,1,Confirmado,0,No,1,Confirmado,0,No,0,No,0,No,0,1,0,0,1.0,0.9,1.0,0.9650000000000001,Alta Certeza (Grado I)
958,Los Rudicales,,Hispania Tarraconensis,Spain,León,Cuencas de Cúa y Burbia,,CB-29,,,,,42.659775,-6.784792,500.0,"Estimated from Sanchez-Palencia and Orejas 1994, fig. 14, IGN map, and Google Earth",,,,,,,TRUE,0.0,0.0,0.0,0.0,0.0,0.0,0.0,0.0,,"Sanchez-Palencia and Orejas 1994, 192",1.0,0.0,TRUE,,,,,,,,,Secondary,Extensive,1,Confirmado,0,No,0,No,0,No,0,No,0,No,0,No,1,0,1,0,0.85,0.9,1.0,0.905,Alta Certeza (Grado I)
963,Louviño,,Hispania Tarraconensis,Spain,Orense,Galicia,,,OR 11,264.0,279.0,836.5,42.06865661,-7.569685714,100.0,"Converted in QGIS from Lambert coords, Madrid 1870",,,,,,,FALSE,0.0,0.0,0.0,1.0,0.0,0.0,0.0,0.0,,Domergue 1990: 41,,,FALSE,FALSE,FALSE,0.0,0.0,0.0,,,Hard rock,,,0,No,0,No,0,No,0,No,0,No,1,Confirmado,0,No,0,0,0,0,1.0,0.9,1.0,0.9650000000000001,Alta Certeza (Grado I)
964,Lozacio,,Hispania Tarraconensis,Spain,Zamorra,Trás-os-montes,,,ZA 1,339.0,405.4,792.5,41.7122223,-6.028141918,100.0,"Converted in QGIS from Lambert coords, Madrid 1870",,,,,,,FALSE,1.0,1.0,0.0,0.0,0.0,0.0,0.0,0.0,,Domergue 1990: 41,0.0,1.0,FALSE,FALSE,FALSE,0.0,0.0,0.0,0.0,,Hard rock,,,0,No,1,Confirmado,0,No,1,Confirmado,0,No,0,No,0,No,0,1,0,0,1.0,0.9,1.0,0.9650000000000001,Alta Certeza (Grado I)
965,Madarnas,,Hispania Tarraconensis,Spain,Orense,Cuenca media del Miño,,MM-06?,OR 2,187.0,238.4,881.3,42.45472777,-8.086613216,100.0,"Converted in QGIS from Lambert coords, Madrid 1870",,,,,,,TRUE,0.0,0.0,0.0,0.0,0.0,0.0,0.0,0.0,,Domergue 1990: 40,1.0,0.0,FALSE,FALSE,FALSE,0.0,0.0,0.0,0.0,,Hard rock,,,1,Confirmado,0,No,0,No,0,No,0,No,0,No,0,No,0,0,1,0,1.0,1.0,1.0,1.0,Alta Certeza (Grado I)
966,Madereros,,Hispania Baetica,Spain,Córdoba,Posadas,,,CO 7,922.0,482.6,362.5,37.85063496,-5.02253464,100.0,"Converted in QGIS from Lambert coords, Madrid 1870",,,,,,,FALSE,1.0,1.0,1.0,0.0,0.0,0.0,0.0,0.0,,Domergue 1990: 45,,,FALSE,FALSE,FALSE,0.0,0.0,0.0,,,Hard rock,Primary,,0,No,1,Confirmado,1,Confirmado,1,Confirmado,0,No,0,No,0,No,0,0,0,0,1.0,0.9,1.0,0.9650000000000001,Alta Certeza (Grado I)
967,Majada Hermosa,,Hispania Baetica,Spain,Badajoz,La Serena,,,BA 29,806.0,460.4,458.5,38.71271398,-5.29452087,100.0,"Converted in QGIS from Lambert coords, Madrid 1870",,,,,,,FALSE,1.0,1.0,0.0,0.0,0.0,0.0,0.0,0.0,,Domergue 1990: 45,,,FALSE,FALSE,FALSE,0.0,0.0,0.0,,,Hard rock,Primary,,0,No,1,Confirmado,0,No,1,Confirmado,0,No,0,No,0,No,0,0,0,0,1.0,0.9,1.0,0.9650000000000001,Alta Certeza (Grado I)
968,Malapiedra - Las Iruelas,,Hispania Tarraconensis,Spain,León,Cuencas del Turienzo y Jerega,,TJ-04,,,,,42.467212,-6.336276,100.0,Google Earth and http://cartographic.info/espana/map.php?id=533984,,,,,,,TRUE,0.0,0.0,0.0,0.0,0.0,0.0,0.0,0.0,,"Sanchez-Palencia and Orejas 1994, 202",,,,,,,,,,,,Primary,Selective - Extensive,1,Confirmado,0,No,0,No,0,No,0,No,0,No,0,No,0,0,0,0,1.0,0.9,1.0,0.9650000000000001,Alta Certeza (Grado I)
969,Manzanal del Puerto / La Cantera / La Bajada de Lloroso,,Hispania Tarraconensis,Spain,León,Cuenca del Boeza,,BO-21,LE 57,159.0,389.7,890.3,42.58889496,-6.250651362,100.0,"Converted in QGIS from Lambert coords, Madrid 1870",,,,,,,TRUE,0.0,0.0,0.0,0.0,0.0,0.0,0.0,0.0,,"Domergue 1990: 43; Sanchez-Palencia and Orejas 1994, 191",1.0,0.0,TRUE,,,0.0,,0.0,0.0,,Colluvial deposits,Secondary,Extensive,1,Confirmado,0,No,0,No,0,No,0,No,0,No,0,No,1,0,1,0,1.0,1.0,1.0,1.0,Alta Certeza (Grado I)
970,Manzaneda / El Follacón,,Hispania Tarraconensis,Spain,León,Cuenca del Eria,,ER-12,LE 44,230.0,383.0,853.8,42.25859447,-6.319124815,100.0,"Converted in QGIS from Lambert coords, Madrid 1870",,,,,,,TRUE,0.0,0.0,0.0,0.0,0.0,0.0,0.0,0.0,Opencast pit nearly 20 m deep; volume of earth extracted calculated at 1083 m3 from LiDAR survey.,"Domergue 1990: 43; Sanchez-Palencia and Orejas 1994, 193;  Fernández-Lozano et al. 2015, 364, 366–7",1.0,0.0,TRUE,TRUE,TRUE,0.0,1.0,0.0,0.0,,Colluvial deposits,Secondary,Selective - Extensive,1,Confirmado,0,No,0,No,0,No,0,No,0,No,0,No,1,0,1,0,1.0,1.0,1.0,1.0,Alta Certeza (Grado I)
971,Manzarnoso II,,Hispania Tarraconensis,Spain,León,Cuenca Alta del Tuerto,,AT-04,LE 58,160.0,395.0,890.0,42.58754942,-6.185997468,100.0,"Converted in QGIS from Lambert coords, Madrid 1870",need to add details of sub-sites,,,,,,TRUE,0.0,0.0,0.0,0.0,0.0,0.0,0.0,0.0,,"Domergue 1990: 43; Sanchez-Palencia and Orejas 1994, 189",1.0,0.0,TRUE,FALSE,FALSE,0.0,1.0,0.0,0.0,,Colluvial deposits,Secondary,Selective - Extensive,1,Confirmado,0,No,0,No,0,No,0,No,0,No,0,No,1,0,1,0,1.0,1.0,1.0,1.0,Alta Certeza (Grado I)
972,La Devesa II,,Hispania Tarraconensis,Spain,León,Cuenca Alta del Tuerto,,AT-10,LE 58,160.0,402.8,890.2,42.59127997,-6.091062034,100.0,"Converted in QGIS from Lambert coords, Madrid 1870",need to add details of sub-sites,,,,,,TRUE,0.0,0.0,0.0,0.0,0.0,0.0,0.0,0.0,,"Domergue 1990: 43; Sanchez-Palencia and Orejas 1994, 190",1.0,0.0,TRUE,FALSE,FALSE,0.0,1.0,0.0,0.0,,Colluvial deposits,Secondary,Selective,1,Confirmado,0,No,0,No,0,No,0,No,0,No,0,No,1,0,1,0,1.0,1.0,1.0,1.0,Alta Certeza (Grado I)
973,Manzarnoso I / Peñasturón,,Hispania Tarraconensis,Spain,León,Cuenca Alta del Tuerto,,AT-05,LE 58,160.0,397.0,888.5,42.57455126,-6.161131708,100.0,"Converted in QGIS from Lambert coords, Madrid 1870",need to add details of sub-sites,,,,,,TRUE,0.0,0.0,0.0,0.0,0.0,0.0,0.0,0.0,,"Domergue 1990: 43; Sanchez-Palencia and Orejas 1994, 189",1.0,0.0,TRUE,FALSE,FALSE,0.0,1.0,0.0,0.0,,Colluvial deposits,Secondary,Selective - Extensive,1,Confirmado,0,No,0,No,0,No,0,No,0,No,0,No,1,0,1,0,1.0,1.0,1.0,1.0,Alta Certeza (Grado I)
974,Marco del Abuelo,,Hispania Tarraconensis,Spain,Oviedo,Cuenca del Navia,,NV-57,,,,,43.135688,-6.786064,1000.0,"Placename, IGN map, Google Earth, and Sanchez-Palencia and Orejas 1994, fig. 13.",,,,,,,TRUE,0.0,0.0,0.0,0.0,0.0,0.0,0.0,0.0,,"Sanchez-Palencia and Orejas 1994, 200",,,,,,,,,,,,Primary,Selective,1,Confirmado,0,No,0,No,0,No,0,No,0,No,0,No,0,0,0,0,0.7,0.9,1.0,0.845,Alta Certeza (Grado I)
977,Mazarrón,,Hispania Tarraconensis,Spain,Murcia,Cartagena-Mazarrón,,,MU 10,976.0,808.2,336.4,37.59847407,-1.329361505,100.0,"Converted in QGIS from Lambert coords, Madrid 1870",,,,,,,FALSE,1.0,1.0,0.0,0.0,0.0,0.0,0.0,0.0,,Domergue 1990: 64,0.0,1.0,FALSE,FALSE,FALSE,0.0,0.0,0.0,0.0,,,,,0,No,1,Confirmado,0,No,1,Confirmado,0,No,0,No,0,No,0,1,0,0,1.0,0.9,1.0,0.9650000000000001,Alta Certeza (Grado I)
978,Medela,,Hispania Tarraconensis,Spain,Orense,Cuenca media del Miño,,MM-08,,,,,42.452409,-8.10176,500.0,"Google Earth, placename",,,,,,,TRUE,0.0,0.0,0.0,0.0,0.0,0.0,0.0,0.0,,"Sanchez-Palencia and Orejas 1994, 194",,,,,,,,,,,,Primary,Extensive,1,Confirmado,0,No,0,No,0,No,0,No,0,No,0,No,0,0,0,0,0.85,0.9,1.0,0.905,Alta Certeza (Grado I)
979,Meiriña - La Raña,,Hispania Tarraconensis,Spain,"León, Orense, Lugo",Cuenca media del Sil,,MS-002,,,,,42.536257,-6.776897,1000.0,IGN map and Google Earth,Coordinates are for a point between the two toponyms Meiriña and La Raña on the IGN map,,,,,,TRUE,0.0,0.0,0.0,0.0,0.0,0.0,0.0,0.0,,"Sanchez-Palencia and Orejas 1994, 194",1.0,0.0,TRUE,,,,,,,,,Secondary,Extensive,1,Confirmado,0,No,0,No,0,No,0,No,0,No,0,No,1,0,1,0,0.7,0.9,1.0,0.845,Alta Certeza (Grado I)
980,Melgoto,,Hispania Tarraconensis,Spain,León,Cuenca media del Sil,,MS-010,,,,,42.446163,-6.826435,1000.0,"Guessed from Google Earth and Sanchez-Palencia and Orejas 1994, fig. 16",,,,,,,TRUE,0.0,0.0,0.0,0.0,0.0,0.0,0.0,0.0,,"Sanchez-Palencia and Orejas 1994, 195",1.0,0.0,TRUE,,,,,,,,,Secondary,Selective,1,Confirmado,0,No,0,No,0,No,0,No,0,No,0,No,1,0,1,0,0.7,0.9,1.0,0.845,Alta Certeza (Grado I)
981,Mesa del Castaño,,Hispania Baetica,Spain,Badajoz,Azuaga-Fuenteovejuna,,,BA 18,878.0,435.6,400.6,38.18640885,-5.56581619,100.0,"Converted in QGIS from Lambert coords, Madrid 1870",,,,,,,FALSE,0.0,0.0,1.0,0.0,0.0,0.0,0.0,0.0,,Domergue 1990: 46,0.0,1.0,FALSE,FALSE,FALSE,0.0,0.0,0.0,0.0,,Hard rock,Primary,,0,No,0,No,1,Confirmado,0,No,0,No,0,No,0,No,0,1,0,0,1.0,0.9,1.0,0.9650000000000001,Alta Certeza (Grado I)
982,Milagros,,Hispania Tarraconensis,Spain,Oviedo,Asturias,,,O 19,55.0,496.0,972.0,43.34467329,-4.969865368,100.0,"Converted in QGIS from Lambert coords, Madrid 1870",,,,,,,FALSE,0.0,0.0,1.0,0.0,0.0,0.0,0.0,0.0,,Domergue 1990: 42,,,FALSE,FALSE,FALSE,0.0,0.0,0.0,,,Hard rock,,,0,No,0,No,1,Confirmado,0,No,0,No,0,No,0,No,0,0,0,0,1.0,0.9,1.0,0.9650000000000001,Alta Certeza (Grado I)
983,Míllera,,Hispania Tarraconensis,Spain,Oviedo,Cuenca del Narcea,,NA-52,,,,,43.332594,-6.250447,500.0,"Estimated from Sanchez-Palencia and Orejas 1994, fig. 13, IGN map, and Google Earth",,,,,,,TRUE,0.0,0.0,0.0,0.0,0.0,0.0,0.0,0.0,,"Sanchez-Palencia and Orejas 1994, 198",,,,,,,,,,,,Primary,Selective - Extensive,1,Confirmado,0,No,0,No,0,No,0,No,0,No,0,No,0,0,0,0,0.85,0.9,1.0,0.905,Alta Certeza (Grado I)
984,Mina de la Lomba,,Hispania Tarraconensis,Spain,León,Cuenca Alta del Orbigo,,AO-06,,,,,42.752509,-5.999323,500.0,"Estimated from Sanchez-Palencia and Orejas 1994, fig. 15, IGN map placename, and Google Earth",,,,,,,TRUE,0.0,0.0,0.0,0.0,0.0,0.0,0.0,0.0,,"Sanchez-Palencia and Orejas 1994, 188",,,,,,,,,,,,Primary,Selective,1,Confirmado,0,No,0,No,0,No,0,No,0,No,0,No,0,0,0,0,0.85,0.9,1.0,0.905,Alta Certeza (Grado I)
985,Mina Teuler,,Hispania Baetica,Spain,Huelva,Huelva,,,H 44,918.0,371.9,374.0,37.93227464,-6.28423372,100.0,"Converted in QGIS from Lambert coords, Madrid 1870",,,,,,,FALSE,0.0,0.0,1.0,0.0,0.0,0.0,0.0,0.0,,Domergue 1990: 61,,,FALSE,FALSE,FALSE,0.0,0.0,0.0,,,Pyrite,Primary,,0,No,0,No,1,Confirmado,0,No,0,No,0,No,0,No,0,0,0,0,1.0,0.9,1.0,0.9650000000000001,Alta Certeza (Grado I)
986,Mina Valquemado,,Hispania Baetica,Spain,Jaén,Montoro Andújar,,,J 3,883.0,560.3,405.3,38.24348353,-4.14175311,100.0,"Converted in QGIS from Lambert coords, Madrid 1870",,,,,,,FALSE,0.0,0.0,1.0,0.0,0.0,0.0,0.0,0.0,,Domergue 1990: 47,,,FALSE,FALSE,FALSE,0.0,0.0,0.0,,,Hard rock,,,0,No,0,No,1,Confirmado,0,No,0,No,0,No,0,No,0,0,0,0,1.0,0.9,1.0,0.9650000000000001,Alta Certeza (Grado I)
987,Minas de Cala,,Hispania Baetica,Spain,Huelva,Huelva,,,H 16,918.0,366.2,375.8,37.94697837,-6.34968618,100.0,"Converted in QGIS from Lambert coords, Madrid 1870",,,,,,,FALSE,0.0,0.0,1.0,0.0,0.0,0.0,0.0,0.0,,Domergue 1990: 61,0.0,1.0,FALSE,FALSE,FALSE,0.0,0.0,0.0,0.0,,Pyrite,Primary,,0,No,0,No,1,Confirmado,0,No,0,No,0,No,0,No,0,1,0,0,1.0,0.9,1.0,0.9650000000000001,Alta Certeza (Grado I)
988,Mirabueno,,Hispania Baetica,Spain,Córdoba,Córdoba,,,CO 113,901.0,489.3,386.0,38.06333387,-4.95016262,100.0,"Converted in QGIS from Lambert coords, Madrid 1870",,,,,,,FALSE,1.0,1.0,0.0,0.0,0.0,0.0,0.0,0.0,,Domergue 1990: 47,,,FALSE,FALSE,FALSE,0.0,0.0,0.0,,,Hard rock,,,0,No,1,Confirmado,0,No,1,Confirmado,0,No,0,No,0,No,0,0,0,0,1.0,0.9,1.0,0.9650000000000001,Alta Certeza (Grado I)
989,Miraflores,,Hispania Baetica,Spain,Badajoz,La Serena,,,BA 39,805.0,440.6,465.3,38.77056956,-5.52393981,100.0,"Converted in QGIS from Lambert coords, Madrid 1870",,,,,,,FALSE,1.0,1.0,1.0,0.0,0.0,0.0,0.0,0.0,,Domergue 1990: 45,,,FALSE,FALSE,FALSE,0.0,0.0,0.0,,,Hard rock,Primary,,0,No,1,Confirmado,1,Confirmado,1,Confirmado,0,No,0,No,0,No,0,0,0,0,1.0,0.9,1.0,0.9650000000000001,Alta Certeza (Grado I)
990,Moeche,,Hispania Tarraconensis,Spain,La Coruña,Galicia,,,C 6,7.0,253.5,1002.0,43.54630608,-7.97375636,100.0,"Converted in QGIS from Lambert coords, Madrid 1870",,,,,,,FALSE,0.0,0.0,1.0,0.0,0.0,0.0,0.0,0.0,,Domergue 1990: 41,,,FALSE,FALSE,FALSE,0.0,0.0,0.0,,,Hard rock,,,0,No,0,No,1,Confirmado,0,No,0,No,0,No,0,No,0,0,0,0,1.0,0.9,1.0,0.9650000000000001,Alta Certeza (Grado I)
993,Moncelos,,Hispania Tarraconensis,Spain,Lugo,Galicia,,,LU 1,48.0,290.8,971.0,43.28296659,-7.496621083,100.0,"Converted in QGIS from Lambert coords, Madrid 1870",,,,,,,TRUE,0.0,0.0,0.0,0.0,0.0,0.0,0.0,0.0,,Domergue 1990: 41,0.0,0.0,TRUE,FALSE,FALSE,0.0,1.0,0.0,0.0,,Quaternary terrace,,,1,Confirmado,0,No,0,No,0,No,0,No,0,No,0,No,1,0,1,0,1.0,0.9,1.0,0.9650000000000001,Alta Certeza (Grado I)
995,Monte dos Castros,,Hispania Tarraconensis,Spain,Lugo,Cuenca del Masma,,MA-02,,,,,43.544684,-7.350896,500.0,IGN Map and Google Earth,Toponym  Coto dos Castros on the IGN map,,,,,,TRUE,0.0,0.0,0.0,0.0,0.0,0.0,0.0,0.0,,"Sanchez-Palencia and Orejas 1994, 194",1.0,0.0,TRUE,,,,,,,,,Secondary,Selective - Extensive,1,Confirmado,0,No,0,No,0,No,0,No,0,No,0,No,1,0,1,0,0.85,0.9,1.0,0.905,Alta Certeza (Grado I)
996,Monte Los Pedregales,,Hispania Tarraconensis,Spain,"León, Orense, Lugo",Cuenca media del Sil,,MS-086,,,,,42.676812,-7.162755,1000.0,"Guessed from Google Earth and Sanchez-Palencia and Orejas 1994, fig. 16",,,,,,,TRUE,0.0,0.0,0.0,0.0,0.0,0.0,0.0,0.0,,"Sanchez-Palencia and Orejas 1994, 196",,,,,,,,,,,,Primary,Extensive,1,Confirmado,0,No,0,No,0,No,0,No,0,No,0,No,0,0,0,0,0.7,0.9,1.0,0.845,Alta Certeza (Grado I)
997,Monte Lourido,,Hispania Tarraconensis,Spain,La Coruña,Cuenca del Mero,,ME-01,,,,,43.227798,-8.338858,500.0,IGN Map and Google Earth,Covas de Lourido,,,,,,TRUE,0.0,0.0,0.0,0.0,0.0,0.0,0.0,0.0,,"Sanchez-Palencia and Orejas 1994, 194",1.0,0.0,TRUE,,,,,,,,,Secondary,Extensive,1,Confirmado,0,No,0,No,0,No,0,No,0,No,0,No,1,0,1,0,0.85,0.9,1.0,0.905,Alta Certeza (Grado I)
998,Monte Neme,,Hispania Tarraconensis,Spain,La Coruña,Galicia,,,C 4,44.0,191.0,975.0,43.27436828,-8.72642841,100.0,"Converted in QGIS from Lambert coords, Madrid 1870",,,,,,,FALSE,0.0,0.0,0.0,1.0,0.0,0.0,0.0,0.0,,Domergue 1990: 41,,,FALSE,FALSE,FALSE,0.0,0.0,0.0,,,Hard rock,,,0,No,0,No,0,No,0,No,0,No,1,Confirmado,0,No,0,0,0,0,1.0,0.9,1.0,0.9650000000000001,Alta Certeza (Grado I)
999,Monte Oucedo - Las Peneliñas,,Hispania Tarraconensis,Spain,León,Cuencas de Cúa y Burbia,,CB-34,LE 56,,,,42.564687,-6.77063,500.0,"Estimated from Sanchez-Palencia and Orejas 1994, fig. 14, IGN map, and Google Earth",,,,,,,TRUE,0.0,0.0,0.0,0.0,0.0,0.0,0.0,0.0,,"Sanchez-Palencia and Orejas 1994, 192",1.0,0.0,TRUE,,,,,,,,,Secondary,Selective - Extensive,1,Confirmado,0,No,0,No,0,No,0,No,0,No,0,No,1,0,1,0,0.85,1.0,1.0,0.94,Alta Certeza (Grado I)
1000,Monte Romero,,Hispania Baetica,Spain,Huelva,Huelva,,,H 3,938.0,326.0,358.6,37.78028111,-6.80017225,100.0,"Converted in QGIS from Lambert coords, Madrid 1870",,,,,,,FALSE,0.0,0.0,1.0,0.0,0.0,0.0,0.0,0.0,,Domergue 1990: 62,,,FALSE,FALSE,FALSE,0.0,0.0,0.0,,,Pyrite,Primary,,0,No,0,No,1,Confirmado,0,No,0,No,0,No,0,No,0,0,0,0,1.0,0.9,1.0,0.9650000000000001,Alta Certeza (Grado I)
1001,Monte Triano,,Hispania Tarraconensis,Spain,Bilbao,,,,BI 2,61.0,650.6,964.5,43.28233686,-3.06484578,100.0,"Converted in QGIS from Lambert coords, Madrid 1870",,,,,,,FALSE,0.0,0.0,0.0,0.0,1.0,0.0,0.0,0.0,,Domergue 1990: 64,,,FALSE,FALSE,FALSE,0.0,0.0,0.0,,,,,,0,No,0,No,0,No,0,No,0,No,0,No,1,Confirmado,0,0,0,0,1.0,0.9,1.0,0.9650000000000001,Alta Certeza (Grado I)
1002,Monte Venero,,Hispania Baetica,Spain,Jaén,,,,J 31,863.0,631.3,417.5,38.35381938,-3.32958398,100.0,"Converted in QGIS from Lambert coords, Madrid 1870",,,,,,,FALSE,1.0,1.0,0.0,0.0,0.0,0.0,0.0,0.0,,Domergue 1990: 49,,,FALSE,FALSE,FALSE,0.0,0.0,0.0,,,Hard rock,Primary,,0,No,1,Confirmado,0,No,1,Confirmado,0,No,0,No,0,No,0,0,0,0,1.0,0.9,1.0,0.9650000000000001,Alta Certeza (Grado I)
1003,Montefurado,,Hispania Tarraconensis,Spain,Lugo,Cuenca media del Sil,,MS-035,LU 11.e,,311.3,871.4,42.395616,-7.201249,0.0,"Google Earth, visit 4/08/2010 [AIW]",,,,,,,TRUE,0.0,0.0,0.0,0.0,0.0,0.0,0.0,0.0,,"Sanchez-Palencia and Orejas 1994, 195",1.0,0.0,TRUE,FALSE,FALSE,1.0,0.0,0.0,0.0,,Alluvial deposits worked by ruina montium,Secondary,Extensive,1,Confirmado,0,No,0,No,0,No,0,No,0,No,0,No,1,0,1,0,1.0,1.0,1.0,1.0,Alta Certeza (Grado I)
1004,Montefurado: Boca do Monte,,Hispania Tarraconensis,Spain,Lugo,Cuenca media del Sil,,MS-034,LU 10,189.0,310.4,871.0,42.3914,-7.206688,0.0,"Google Earth, visit 4/08/2010 [AIW]",,,,,,,TRUE,0.0,0.0,0.0,0.0,0.0,0.0,0.0,0.0,The river Sil was diverted to expose the placer deposits. Where the river made a sharp turn it was diverted through a rock-cut tunnel.,Lewis and Jones 1970; Domergue 1990: 40-41.,1.0,0.0,TRUE,FALSE,FALSE,0.0,0.0,0.0,1.0,,"Placer deposits, mined in riverbed after diversion of river",Secondary,Selective,1,Confirmado,0,No,0,No,0,No,0,No,0,No,0,No,1,0,1,0,1.0,1.0,1.0,1.0,Alta Certeza (Grado I)
1005,Monterroso,,Hispania Tarraconensis,Spain,Oviedo,Cuenca del Narcea,,NA-07,O 12,75.0,356.2,951.5,43.127027,-6.689333,300.0,"Converted in QGIS from Lambert coords, Madrid 1870; adjusted by comparison with Google Earth",,,,,,,TRUE,0.0,0.0,0.0,0.0,0.0,0.0,0.0,0.0,,"Domergue 1990: 42; Sanchez-Palencia and Orejas 1994, 197",1.0,0.0,TRUE,,,,,,,,Hard rock,Primary,Selective - Extensive,1,Confirmado,0,No,0,No,0,No,0,No,0,No,0,No,1,0,1,0,0.85,1.0,1.0,0.94,Alta Certeza (Grado I)
1007,Moreda I,,Hispania Tarraconensis,Spain,León,Cuencas de Cúa y Burbia,,CB-14,,,,,42.728424,-6.728143,1000.0,"Estimated from Sanchez-Palencia and Orejas 1994, fig. 14, and Google Earth",,,,,,,TRUE,0.0,0.0,0.0,0.0,0.0,0.0,0.0,0.0,,"Sanchez-Palencia and Orejas 1994, 191",1.0,0.0,TRUE,,,,,,,,,Secondary,Extensive,1,Confirmado,0,No,0,No,0,No,0,No,0,No,0,No,1,0,1,0,0.7,0.9,1.0,0.845,Alta Certeza (Grado I)
1008,Moreda II,,Hispania Tarraconensis,Spain,León,Cuencas de Cúa y Burbia,,CB-13,,,,,42.727809,-6.73267,100.0,"Estimated from Sanchez-Palencia and Orejas 1994, fig. 14, and Google Earth; seen from below village of Moreda 26/09/2021.",,,,,,,TRUE,0.0,0.0,0.0,0.0,0.0,0.0,0.0,0.0,,"Sanchez-Palencia and Orejas 1994, 191",1.0,0.0,TRUE,,,,,,,,,Secondary,Extensive,1,Confirmado,0,No,0,No,0,No,0,No,0,No,0,No,1,0,1,0,1.0,0.9,1.0,0.9650000000000001,Alta Certeza (Grado I)
1009,Morla / Olleiro,,Hispania Tarraconensis,Spain,León,Cuenca del Eria,,ER-18,LE 10,230.0,387.0,854.0,42.26144846,-6.27072134,100.0,"Converted in QGIS from Lambert coords, Madrid 1870",,,,,,,TRUE,0.0,0.0,0.0,0.0,0.0,0.0,0.0,0.0,,"Domergue 1990: 43; Sanchez-Palencia and Orejas 1994, 193",1.0,0.0,TRUE,FALSE,FALSE,0.0,0.0,0.0,0.0,,,Secondary,Extensive,1,Confirmado,0,No,0,No,0,No,0,No,0,No,0,No,1,0,1,0,1.0,1.0,1.0,1.0,Alta Certeza (Grado I)
1010,Moros,,Hispania Tarraconensis,Spain,Zaragoza,,,,Z 3,409.0,755.5,756.6,41.39711223,-1.82679945,100.0,"Converted in QGIS from Lambert coords, Madrid 1870",,,,,,,FALSE,0.0,0.0,0.0,0.0,1.0,0.0,0.0,0.0,,Domergue 1990: 64,,,FALSE,FALSE,FALSE,0.0,0.0,0.0,,,,,,0,No,0,No,0,No,0,No,0,No,0,No,1,Confirmado,0,0,0,0,1.0,0.9,1.0,0.9650000000000001,Alta Certeza (Grado I)
1011,Mortecino,,Hispania Baetica,Spain,Córdoba,Los Pedroches,,,CO 35,860.0,529.4,421.5,38.38756294,-4.49663869,100.0,"Converted in QGIS from Lambert coords, Madrid 1870",,,,,,,FALSE,0.0,0.0,1.0,0.0,0.0,0.0,0.0,0.0,,Domergue 1990: 47,0.0,1.0,FALSE,FALSE,FALSE,0.0,0.0,0.0,0.0,,Hard rock,Primary,,0,No,0,No,1,Confirmado,0,No,0,No,0,No,0,No,0,1,0,0,1.0,0.9,1.0,0.9650000000000001,Alta Certeza (Grado I)
1012,Motilla,,Hispania Baetica,Spain,Córdoba,Los Pedroches,,,CO 13,881.0,498.7,415.8,38.33311948,-4.84741417,100.0,"Converted in QGIS from Lambert coords, Madrid 1870",,,,,,,FALSE,0.0,0.0,1.0,0.0,0.0,0.0,0.0,0.0,,Domergue 1990: 47,0.0,1.0,FALSE,FALSE,FALSE,0.0,0.0,0.0,0.0,,Hard rock,Primary,,0,No,0,No,1,Confirmado,0,No,0,No,0,No,0,No,0,1,0,0,1.0,0.9,1.0,0.9650000000000001,Alta Certeza (Grado I)
1013,Murial de Irrondo,,Hispania Tarraconensis,Spain,Oviedo,Cuenca del Narcea,,NA-19,,,,,43.170378,-6.63186,1000.0,"Estimated from Sanchez-Palencia and Orejas 1994, fig. 13 and Google Earth",,,,,,,TRUE,0.0,0.0,0.0,0.0,0.0,0.0,0.0,0.0,,"Sanchez-Palencia and Orejas 1994, 197",1.0,0.0,TRUE,,,,,,,,,Secondary,Selective,1,Confirmado,0,No,0,No,0,No,0,No,0,No,0,No,1,0,1,0,0.7,0.9,1.0,0.845,Alta Certeza (Grado I)
1015,Nava de Ricomalillo,,Hispania Tarraconensis,Spain,Toledo,,,,TO 2,682.0,491.4,563.2,39.66120691,-4.954938589,100.0,"Converted in QGIS from Lambert coords, Madrid 1870",,,,,,,TRUE,0.0,0.0,0.0,0.0,0.0,0.0,0.0,0.0,,Domergue 1990: 64,,,,,,,,,,,,,,1,Confirmado,0,No,0,No,0,No,0,No,0,No,0,No,0,0,0,0,1.0,0.9,1.0,0.9650000000000001,Alta Certeza (Grado I)
1016,Nava del Jadraque,,Hispania Tarraconensis,Spain,Guadalajara,,,,GU 1,460.0,646.3,721.2,41.09139712,-3.13633498,100.0,"Converted in QGIS from Lambert coords, Madrid 1870",,,,,,,TRUE,0.0,0.0,0.0,0.0,0.0,0.0,0.0,0.0,,Domergue 1990: 64,0.0,1.0,FALSE,FALSE,FALSE,0.0,0.0,0.0,0.0,,Hard rock and alluvium,Primary - Secondary,,1,Confirmado,0,No,0,No,0,No,0,No,0,No,0,No,0,1,0,0,1.0,0.9,1.0,0.9650000000000001,Alta Certeza (Grado I)
1017,Navafría,,Hispania Baetica,Spain,Córdoba,Córdoba,,,CO 50,880.0,489.5,398.2,38.17333312,-4.9498517,100.0,"Converted in QGIS from Lambert coords, Madrid 1870",,,,,,,FALSE,0.0,0.0,1.0,0.0,0.0,0.0,0.0,0.0,,Domergue 1990: 47,,,FALSE,FALSE,FALSE,0.0,0.0,0.0,,,Hard rock,,,0,No,0,No,1,Confirmado,0,No,0,No,0,No,0,No,0,0,0,0,1.0,0.9,1.0,0.9650000000000001,Alta Certeza (Grado I)
1018,Navalamoheda,,Hispania Baetica,Spain,Córdoba,Montoro Andújar,,,CO 80,882.0,552.0,397.6,38.17364508,-4.23608769,100.0,"Converted in QGIS from Lambert coords, Madrid 1870",,,,,,,FALSE,0.0,0.0,1.0,0.0,0.0,0.0,0.0,0.0,,Domergue 1990: 47,,,FALSE,FALSE,FALSE,0.0,0.0,0.0,,,Hard rock,,,0,No,0,No,1,Confirmado,0,No,0,No,0,No,0,No,0,0,0,0,1.0,0.9,1.0,0.9650000000000001,Alta Certeza (Grado I)
1019,Navalasno,,Hispania Baetica,Spain,Jaén,Montoro Andújar,,,J 7,883.0,565.4,399.2,38.18870872,-4.08314622,100.0,"Converted in QGIS from Lambert coords, Madrid 1870",,,,,,,FALSE,0.0,0.0,1.0,0.0,0.0,0.0,0.0,0.0,,Domergue 1990: 47,,,FALSE,FALSE,FALSE,0.0,0.0,0.0,,,Hard rock,,,0,No,0,No,1,Confirmado,0,No,0,No,0,No,0,No,0,0,0,0,1.0,0.9,1.0,0.9650000000000001,Alta Certeza (Grado I)
1020,Navalespino,,Hispania Baetica,Spain,Córdoba,Azuaga-Fuenteovejuna,,,CO 57,856.0,438.7,424.4,38.40152014,-5.53605208,100.0,"Converted in QGIS from Lambert coords, Madrid 1870",,,,,,,FALSE,1.0,1.0,1.0,0.0,0.0,0.0,0.0,0.0,,Domergue 1990: 46,0.0,1.0,FALSE,FALSE,FALSE,0.0,0.0,0.0,0.0,,Hard rock,Primary,,0,No,1,Confirmado,1,Confirmado,1,Confirmado,0,No,0,No,0,No,0,1,0,0,1.0,0.9,1.0,0.9650000000000001,Alta Certeza (Grado I)
1021,Navelgas,,Hispania Tarraconensis,Spain,Oviedo,Asturias,,,O 26,26.0,369.0,982.5,43.41262417,-6.538659739,100.0,"Converted in QGIS from Lambert coords, Madrid 1870",,,,,,,TRUE,0.0,0.0,0.0,0.0,0.0,0.0,0.0,0.0,,Domergue 1990: 42,,,,,,,,,,,Hard rock,,,1,Confirmado,0,No,0,No,0,No,0,No,0,No,0,No,0,0,0,0,1.0,0.9,1.0,0.9650000000000001,Alta Certeza (Grado I)
1022,Navelgas Norte: Mina de Entrepeñas,,Hispania Tarraconensis,Spain,Oviedo,Cuenca del Esba o Canero,,ES-03,O 26,26.0,369.0,982.5,43.41262417,-6.538659739,50.0,"Converted in QGIS from Lambert coords, Madrid 1870",Location from Domergue's entry for Navelgas (does not distinguish between Navelgas Nord and Sur). I have assumed that Navelgas Nord = the Mina de Entrepeñas.,,,,,,TRUE,0.0,0.0,0.0,0.0,0.0,0.0,0.0,0.0,"I have assumed that Navelgas Nord = the Mina de Entrepeñas, underground gallery; usually flooded.","Domergue 1990: 42; Sanchez-Palencia and Orejas 1994, 193",,,,,,,,,,,,Secondary - Primary,Extensive,1,Confirmado,0,No,0,No,0,No,0,No,0,No,0,No,0,0,0,0,1.0,1.0,1.0,1.0,Alta Certeza (Grado I)
1023,Navelgas Norte: Mina la Moura,,Hispania Tarraconensis,Spain,Oviedo,Cuenca del Esba o Canero,,ES-03,O 26,26.0,369.0,982.5,43.411108,-6.541224,200.0,"Converted in QGIS from Lambert coords, Madrid 1870","Mina la Moura marked on the IGN 1:25,000 map; see also https://cartographic.info/espana/map.php?id=121345",,,,,,TRUE,0.0,0.0,0.0,0.0,0.0,0.0,0.0,0.0,,"Domergue 1990: 42; Sanchez-Palencia and Orejas 1994, 193",,1.0,,,,,,,,,Hard rock,Primary,Extensive,1,Confirmado,0,No,0,No,0,No,0,No,0,No,0,No,0,1,0,0,0.85,1.0,1.0,0.94,Alta Certeza (Grado I)
1024,Nueva Concepción,,Hispania Tarraconensis,Spain,Ciudad Real,Alcudia,,,CR 7,808.0,510.1,459.8,38.73107427,-4.72278933,100.0,"Converted in QGIS from Lambert coords, Madrid 1870",,,,,,,FALSE,0.0,0.0,0.0,0.0,0.0,1.0,0.0,0.0,,Domergue 1990: 47,,,FALSE,FALSE,FALSE,0.0,0.0,0.0,,,,,,0,No,0,No,0,No,0,No,1,Confirmado,0,No,0,No,0,0,0,0,1.0,0.9,1.0,0.9650000000000001,Alta Certeza (Grado I)
1025,O Foio,,Hispania Tarraconensis,Spain,Orense,Cuenca media del Sil,,MS-019,,,,,42.417614,-6.911044,100.0,"Estimated from Google Earth, IGN map and Sanchez-Palencia and Orejas 1994, fig. 16",,,,,,,TRUE,0.0,0.0,0.0,0.0,0.0,0.0,0.0,0.0,,"Sanchez-Palencia and Orejas 1994, 195",1.0,0.0,TRUE,,,,,,,,,Secondary,Extensive,1,Confirmado,0,No,0,No,0,No,0,No,0,No,0,No,1,0,1,0,1.0,0.9,1.0,0.9650000000000001,Alta Certeza (Grado I)
1026,O Penedo,,Hispania Tarraconensis,Spain,Orense,Cuenca del Bibei,,BI-04,OR 13,266.0,315.2,841.5,42.12705731,-7.134731569,100.0,"Converted in QGIS from Lambert coords, Madrid 1870",,,,,,,TRUE,0.0,0.0,0.0,0.0,0.0,0.0,0.0,0.0,,"Domergue 1990: 41; Sanchez-Palencia and Orejas 1994, 190",1.0,0.0,TRUE,,,,,,,,Quaternary terrace,Secondary,Selective,1,Confirmado,0,No,0,No,0,No,0,No,0,No,0,No,1,0,1,0,1.0,1.0,1.0,1.0,Alta Certeza (Grado I)
1029,Ochadoiro,,Hispania Tarraconensis,Spain,León,Cuenca Alta del Sil,,AS-04,,,,,42.894529,-6.352401,500.0,Matías Rodríguez 2013 fig. 1,,,,,,,TRUE,0.0,0.0,0.0,0.0,0.0,0.0,0.0,0.0,Fed by aqueduct channel.," Sanchez-Palencia and Orejas 1994, 189; Matías Rodríguez 2013",1.0,0.0,TRUE,,,,,,,,,Primary,Extensive,1,Confirmado,0,No,0,No,0,No,0,No,0,No,0,No,1,0,1,0,0.85,0.9,1.0,0.905,Alta Certeza (Grado I)
1030,Oencia,,Hispania Tarraconensis,Spain,León,Cuenca media del Sil,,MS-052,,,,,42.538629,-6.966786,1000.0,"Google Earth, placename, and IGN map",,,,,,,TRUE,0.0,0.0,0.0,0.0,0.0,0.0,0.0,0.0,,"Sanchez-Palencia and Orejas 1994, 196",1.0,0.0,TRUE,,,,,,,,,Secondary,Extensive,1,Confirmado,0,No,0,No,0,No,0,No,0,No,0,No,1,0,1,0,0.7,0.9,1.0,0.845,Alta Certeza (Grado I)
1031,Morla,,Hispania Tarraconensis,Spain,León,Cuenca del Eria,,ER-19,,,,,42.248576,-6.277165,100.0,"Estimated from Sanchez-Palencia and Orejas 1994, fig. 17 and Google Earth",,,,,,,TRUE,0.0,0.0,0.0,0.0,0.0,0.0,0.0,0.0,,"Sanchez-Palencia and Orejas 1994, 193",1.0,0.0,TRUE,FALSE,TRUE,0.0,1.0,0.0,0.0,,Colluvial deposits,Secondary,Selective,1,Confirmado,0,No,0,No,0,No,0,No,0,No,0,No,1,0,1,0,1.0,0.9,1.0,0.9650000000000001,Alta Certeza (Grado I)
1032,Orellana Vieja,,Hispania Baetica,Spain,Badajoz,,,,BA 58,778.0,440.5,490.6,38.99863371,-5.53111628,100.0,"Converted in QGIS from Lambert coords, Madrid 1870",,,,,,,FALSE,1.0,1.0,0.0,0.0,0.0,0.0,0.0,0.0,,Domergue 1990: 48,,,FALSE,FALSE,FALSE,0.0,0.0,0.0,,,Hard rock,Primary,,0,No,1,Confirmado,0,No,1,Confirmado,0,No,0,No,0,No,0,0,0,0,1.0,0.9,1.0,0.9650000000000001,Alta Certeza (Grado I)
1033,Os Medos,,Hispania Tarraconensis,Spain,Pontevedra,Cuenca Baja del Miño,,BM-01,,,,,41.977349,-8.782069,500.0,"Google Earth, IGN, placename",,,,,,,TRUE,0.0,0.0,0.0,0.0,0.0,0.0,0.0,0.0,,"Sanchez-Palencia and Orejas 1994, 190",1.0,0.0,TRUE,,,,,,,,,Secondary,Selective - Extensive,1,Confirmado,0,No,0,No,0,No,0,No,0,No,0,No,1,0,1,0,0.85,0.9,1.0,0.905,Alta Certeza (Grado I)
1034,Os Pozos da Barreira,,Hispania Tarraconensis,Spain,Orense,Cuenca media del Miño,,MM-06,,,,,42.450154,-8.086909,500.0,"Google Earth, placename, and IGN map","Possibly the same as Domergue's Madarnas, which is close by ",,,,,,TRUE,0.0,0.0,0.0,0.0,0.0,0.0,0.0,0.0,,"Sanchez-Palencia and Orejas 1994, 194",,,,,,,,,,,,Primary,Extensive,1,Confirmado,0,No,0,No,0,No,0,No,0,No,0,No,0,0,0,0,0.85,0.9,1.0,0.905,Alta Certeza (Grado I)
1035,Osseja ?,,Hispania Tarraconensis,Spain,Gerona,Pyrenees,,,,,,,42.406806,1.978388,0.0,Google Earth,,,,,,,TRUE,0.0,0.0,0.0,0.0,0.0,0.0,0.0,0.0,Possible hydraulic opencast mining visible on Google Earth,,1.0,0.0,TRUE,FALSE,FALSE,0.0,0.0,0.0,0.0,,,,,1,Confirmado,0,No,0,No,0,No,0,No,0,No,0,No,1,0,1,0,1.0,0.4,1.0,0.79,Media Certeza (Grado II)
1036,Outerio de Baltar,,Hispania Tarraconensis,Spain,Orense,Cuenca del Limia,,,OR 1,302.0,264.0,822.0,41.93215209,-7.742859615,100.0,"Converted in QGIS from Lambert coords, Madrid 1870","Possibly = A Veiga da Boullosa; if not, it is not far away",,,,,,FALSE,0.0,0.0,0.0,1.0,0.0,0.0,0.0,0.0,,Domergue 1990: 41,,,,,,,,,,,Hard rock,,,0,No,0,No,0,No,0,No,0,No,1,Confirmado,0,No,0,0,0,0,1.0,0.9,1.0,0.9650000000000001,Alta Certeza (Grado I)
1038,Paradeseca,,Hispania Tarraconensis,Spain,León,Cuencas de Cúa y Burbia,,CB-24,LE 23,126.0,345.5,901.8,42.67972855,-6.793755395,100.0,"Converted in QGIS from Lambert coords, Madrid 1870",,,,,,,TRUE,0.0,0.0,0.0,0.0,0.0,0.0,0.0,0.0,,"Domergue 1990: 43; Sanchez-Palencia and Orejas 1994, 192",1.0,0.0,TRUE,FALSE,TRUE,0.0,0.0,0.0,0.0,,Tertiary alluvium,Secondary,Extensive,1,Confirmado,0,No,0,No,0,No,0,No,0,No,0,No,1,0,1,0,1.0,1.0,1.0,1.0,Alta Certeza (Grado I)
1040,Páramo del Sil I,,Hispania Tarraconensis,Spain,León,Cuenca Alta del Sil,,AS-09,,,,,42.818039,-6.505949,500.0,"Estimated from Sanchez-Palencia and Orejas 1994, fig. 14, and Google Earth",Assumed to be destroyed by modern mine.,,,,,,TRUE,0.0,0.0,0.0,0.0,0.0,0.0,0.0,0.0,,"Sanchez-Palencia and Orejas 1994, 189",1.0,0.0,TRUE,,,,,,,,,Secondary,Extensive,1,Confirmado,0,No,0,No,0,No,0,No,0,No,0,No,1,0,1,0,0.85,0.9,1.0,0.905,Alta Certeza (Grado I)
1041,Páramo del Sil II,,Hispania Tarraconensis,Spain,León,Cuenca Alta del Sil,,AS-08,,,,,42.82601,-6.486087,500.0,"Estimated from Sanchez-Palencia and Orejas 1994, fig. 14, and Google Earth",,,,,,,TRUE,0.0,0.0,0.0,0.0,0.0,0.0,0.0,0.0,,"Sanchez-Palencia and Orejas 1994, 189",1.0,0.0,TRUE,,,,,,,,,Secondary,Extensive,1,Confirmado,0,No,0,No,0,No,0,No,0,No,0,No,1,0,1,0,0.85,0.9,1.0,0.905,Alta Certeza (Grado I)
1042,Páramo del Sil III,,Hispania Tarraconensis,Spain,León,Cuenca Alta del Sil,,AS-07,,,,,42.831397,-6.485114,500.0,"Estimated from Sanchez-Palencia and Orejas 1994, fig. 14, and Google Earth",,,,,,,TRUE,0.0,0.0,0.0,0.0,0.0,0.0,0.0,0.0,,"Sanchez-Palencia and Orejas 1994, 189",1.0,0.0,TRUE,,,,,,,,,Secondary,Extensive,1,Confirmado,0,No,0,No,0,No,0,No,0,No,0,No,1,0,1,0,0.85,0.9,1.0,0.905,Alta Certeza (Grado I)
1043,Pardellán,,Hispania Tarraconensis,Spain,Orense,Galicia,,,OR 10,191.0,341.0,877.0,42.45515087,-6.83793526,100.0,"Converted in QGIS from Lambert coords, Madrid 1870",,,,,,,FALSE,0.0,0.0,0.0,0.0,1.0,0.0,0.0,0.0,,Domergue 1990: 41,,,FALSE,FALSE,FALSE,0.0,0.0,0.0,,,Hard rock,,,0,No,0,No,0,No,0,No,0,No,0,No,1,Confirmado,0,0,0,0,1.0,0.9,1.0,0.9650000000000001,Alta Certeza (Grado I)
1044,Pedredo,,Hispania Tarraconensis,Spain,Leon,Cuencas del Turienzo y Jerega,,,LE 37.4,,,,42.44166,-6.194307,0.0,Google Earth,,-20.0,200.0,15.0,300.0,,TRUE,0.0,0.0,0.0,0.0,0.0,0.0,0.0,0.0,"Hydraulic mining - opencast and hushing tank, directly next to earlier castro.",,1.0,0.0,TRUE,TRUE,FALSE,0.0,0.0,0.0,0.0,,,,,1,Confirmado,0,No,0,No,0,No,0,No,0,No,0,No,1,0,1,0,1.0,0.7,1.0,0.895,Alta Certeza (Grado I)
1045,Pedregales de la Bocaada - Valle del Hellidero (Sanguiñal Norte),,Hispania Tarraconensis,Spain,León,Cuencas del Duerna y Jamuz,,DU-19,,,,,42.321773,-6.276117,1000.0,"Estimated from Sanchez-Palencia and Orejas 1994, fig. 17 and Google Earth",,,,,,,TRUE,0.0,0.0,0.0,0.0,0.0,0.0,0.0,0.0,,"Sanchez-Palencia and Orejas 1994, 193",,,,,,,,,,,,Secondary - Primary,Extensive - Selective,1,Confirmado,0,No,0,No,0,No,0,No,0,No,0,No,0,0,0,0,0.7,0.9,1.0,0.845,Alta Certeza (Grado I)
1046,Pedreras Viejas,,Hispania Tarraconensis,Spain,Murcia,Cartagena-Mazarrón,,,MU 11,976.0,805.7,335.7,37.59275974,-1.357876824,100.0,"Converted in QGIS from Lambert coords, Madrid 1870",,,,,,,FALSE,1.0,1.0,0.0,0.0,0.0,0.0,0.0,0.0,,Domergue 1990: 64,0.0,1.0,FALSE,FALSE,FALSE,0.0,0.0,0.0,0.0,,,,,0,No,1,Confirmado,0,No,1,Confirmado,0,No,0,No,0,No,0,1,0,0,1.0,0.9,1.0,0.9650000000000001,Alta Certeza (Grado I)
1047,Pedrosa,,Hispania Tarraconensis,Spain,León,Cuenca del Eria,,ER-01,,,,,42.319017,-6.442601,500.0,"Estimated from Sanchez-Palencia and Orejas 1994, fig. 17 and Google Earth",,,,,,,TRUE,0.0,0.0,0.0,0.0,0.0,0.0,0.0,0.0,,"Sanchez-Palencia and Orejas 1994, 193",1.0,0.0,TRUE,,FALSE,0.0,0.0,0.0,0.0,Location guessed.,,Secondary,Selective,1,Confirmado,0,No,0,No,0,No,0,No,0,No,0,No,1,0,1,0,0.85,0.9,1.0,0.905,Alta Certeza (Grado I)
1048,Peites,,Hispania Tarraconensis,Spain,Lugo,Cuenca media del Sil,,MS-037,,,,,42.403314,-7.225497,500.0,"Google Earth, placename",,,,,,,TRUE,0.0,0.0,0.0,0.0,0.0,0.0,0.0,0.0,,"Sanchez-Palencia and Orejas 1994, 195",1.0,0.0,TRUE,,,,,,,,,Secondary,Extensive,1,Confirmado,0,No,0,No,0,No,0,No,0,No,0,No,1,0,1,0,0.85,0.9,1.0,0.905,Alta Certeza (Grado I)
1049,Peña Aguda - Boinás,,Hispania Tarraconensis,Spain,Oviedo,Cuenca del Narcea,,NA-43,,,,,43.275744,-6.309999,500.0,"Estimated from Sanchez-Palencia and Orejas 1994, fig. 13, and Google Earth",,,,,,,TRUE,0.0,0.0,0.0,0.0,0.0,0.0,0.0,0.0,,"Sanchez-Palencia and Orejas 1994, 198",,,,,,,,,,Apparently destroyed by modern mine.,,Secondary - Primary,Selective - Extensive,1,Confirmado,0,No,0,No,0,No,0,No,0,No,0,No,0,0,0,0,0.85,0.9,1.0,0.905,Alta Certeza (Grado I)
1051,Peña de Hierro,,Hispania Baetica,Spain,Huelva,Huelva,,,H 34,938.0,347.3,351.9,37.72636262,-6.5559622,100.0,"Converted in QGIS from Lambert coords, Madrid 1870",,,,,,,FALSE,0.0,0.0,1.0,0.0,0.0,0.0,0.0,0.0,,Domergue 1990: 62,,,FALSE,FALSE,FALSE,0.0,0.0,0.0,,,Pyrite,Primary,,0,No,0,No,1,Confirmado,0,No,0,No,0,No,0,No,0,0,0,0,1.0,0.9,1.0,0.9650000000000001,Alta Certeza (Grado I)
1052,Pena de la Cruz,,Hispania Tarraconensis,Spain,Oviedo,Cuenca del Narcea,,NA-46,,,,,43.305517,-6.25657,1000.0,"Estimated from Sanchez-Palencia and Orejas 1994, fig. 13, IGN map, and Google Earth",,,,,,,TRUE,0.0,0.0,0.0,0.0,0.0,0.0,0.0,0.0,,"Sanchez-Palencia and Orejas 1994, 198",,,,,,,,,,,,Secondary - Primary,Selective - Extensive,1,Confirmado,0,No,0,No,0,No,0,No,0,No,0,No,0,0,0,0,0.7,0.9,1.0,0.845,Alta Certeza (Grado I)
1053,Peña del Águila,,Hispania Baetica,Spain,Córdoba,Posadas,,,CO 11,943.0,482.2,358.7,37.81633143,-5.02643251,100.0,"Converted in QGIS from Lambert coords, Madrid 1870",,,,,,,FALSE,1.0,1.0,1.0,0.0,0.0,0.0,0.0,0.0,,Domergue 1990: 45,,,FALSE,FALSE,FALSE,0.0,0.0,0.0,,,Hard rock,Primary,,0,No,1,Confirmado,1,Confirmado,1,Confirmado,0,No,0,No,0,No,0,0,0,0,1.0,0.9,1.0,0.9650000000000001,Alta Certeza (Grado I)
1054,Peña del Cuervo,,Hispania Baetica,Spain,Córdoba,Los Pedroches,,,CO 21,833.0,472.6,444.7,38.59019713,-5.15153656,100.0,"Converted in QGIS from Lambert coords, Madrid 1870",,,,,,,FALSE,0.0,0.0,1.0,0.0,0.0,0.0,0.0,0.0,,Domergue 1990: 47,0.0,1.0,FALSE,FALSE,FALSE,0.0,0.0,0.0,0.0,,Hard rock,Primary,,0,No,0,No,1,Confirmado,0,No,0,No,0,No,0,No,0,1,0,0,1.0,0.9,1.0,0.9650000000000001,Alta Certeza (Grado I)
1055,Peña del Cuervo I,,Hispania Tarraconensis,Spain,Oviedo,Cuenca del Navia,,NV-17,,,,,43.03245,-6.86407,1000.0,"Guessed in relation to Villarcebollín and other Cecos sites from Google Earth and Sanchez-Palencia and Orejas 1994, fig. 13.",,,,,,,TRUE,0.0,0.0,0.0,0.0,0.0,0.0,0.0,0.0,,"Sanchez-Palencia and Orejas 1994, 199",,,,,,,,,,,,Primary,Selective - Extensive,1,Confirmado,0,No,0,No,0,No,0,No,0,No,0,No,0,0,0,0,0.7,0.9,1.0,0.845,Alta Certeza (Grado I)
1056,Peña del Cuervo II,,Hispania Tarraconensis,Spain,Oviedo,Cuenca del Navia,,NV-16,,,,,43.030147,-6.864208,500.0,"Sanchez-Palencia and Orejas 1994, fig. 13; IGN map, and Google Earth.",,,,,,,TRUE,0.0,0.0,0.0,0.0,0.0,0.0,0.0,0.0,,"Sanchez-Palencia and Orejas 1994, 199",,,,,,,,,,,,Primary,Extensive,1,Confirmado,0,No,0,No,0,No,0,No,0,No,0,No,0,0,0,0,0.85,0.9,1.0,0.905,Alta Certeza (Grado I)
1057,Peña Furada,,Hispania Tarraconensis,Spain,León,Cuenca Alta del Orbigo,,AO-01,,,,,42.771567,-6.209696,500.0,"Estimated from Sanchez-Palencia and Orejas 1994, fig. 15, IGN map placename, and Google Earth",,,,,,,TRUE,0.0,0.0,0.0,0.0,0.0,0.0,0.0,0.0,,"Sanchez-Palencia and Orejas 1994, 188",,,,,,,,,,,,Primary,Selective - Extensive,1,Confirmado,0,No,0,No,0,No,0,No,0,No,0,No,0,0,0,0,0.85,0.9,1.0,0.905,Alta Certeza (Grado I)
1058,Peña María,,Hispania Tarraconensis,Spain,Palencia,León,,,P 2,106.0,515.0,926.7,42.93931416,-4.729168812,100.0,"Converted in QGIS from Lambert coords, Madrid 1870",,,,,,,FALSE,1.0,1.0,0.0,0.0,0.0,0.0,0.0,0.0,,Domergue 1990: 43,,,FALSE,FALSE,FALSE,0.0,0.0,0.0,,,Hard rock,,,0,No,1,Confirmado,0,No,1,Confirmado,0,No,0,No,0,No,0,0,0,0,1.0,0.9,1.0,0.9650000000000001,Alta Certeza (Grado I)
1059,Peña Roya,,Hispania Tarraconensis,Spain,León,Cuenca Alta del Tuerto,,AT-21,,,,,42.48761236,-6.12686429,10.0,Estimated from IGN map and Google Earth; checked on site.,CHECK WHETHER DOMERGUE'S PENA ROYA REFERS TO THIS OR TO WHAT I HAVE CALLED LA CIBRERA,,,,,,TRUE,0.0,0.0,0.0,0.0,0.0,0.0,0.0,0.0,,"Sanchez-Palencia and Orejas 1994, 190",1.0,0.0,TRUE,FALSE,TRUE,0.0,0.0,0.0,0.0,"Small opencast workings, with a channel/ditch from the NW converging with a gully from the NE into a wider, shallow area of exploitation. ",Alluvium,Secondary,Extensive,1,Confirmado,0,No,0,No,0,No,0,No,0,No,0,No,1,0,1,0,1.0,0.9,1.0,0.9650000000000001,Alta Certeza (Grado I)
1060,Penamil,,Hispania Tarraconensis,Spain,Lugo,Cuenca Alta del Miño,,AN-10,,,,,42.941415,-7.057694,1000.0,Google Earth and IGN map,,,,,,,TRUE,0.0,0.0,0.0,0.0,0.0,0.0,0.0,0.0,,"Sanchez-Palencia and Orejas 1994, 188",1.0,0.0,TRUE,,,,,,,,,Secondary,Selective - Extensive,1,Confirmado,0,No,0,No,0,No,0,No,0,No,0,No,1,0,1,0,0.7,0.9,1.0,0.845,Alta Certeza (Grado I)
1061,Penedela,,Hispania Tarraconensis,Spain,Oviedo,Asturias,,,O 13,74.0,337.0,943.0,43.04762024,-6.915595531,100.0,"Converted in QGIS from Lambert coords, Madrid 1870",,,,,,,FALSE,1.0,1.0,0.0,0.0,0.0,0.0,0.0,0.0,,Domergue 1990: 42,,,FALSE,FALSE,FALSE,0.0,0.0,0.0,,,Hard rock,,,0,No,1,Confirmado,0,No,1,Confirmado,0,No,0,No,0,No,0,0,0,0,1.0,0.9,1.0,0.9650000000000001,Alta Certeza (Grado I)
1062,Peñón del Fucarón,,Hispania Tarraconensis,Spain,Oviedo,Cuenca del Navia,,NV-63,,,,,43.334402,-6.703245,500.0,Google Earth and IGN map.,,,,,,,TRUE,0.0,0.0,0.0,0.0,0.0,0.0,0.0,0.0,,"Sanchez-Palencia and Orejas 1994, 200",,,,,,,,,,,,Primary,Extensive,1,Confirmado,0,No,0,No,0,No,0,No,0,No,0,No,0,0,0,0,0.85,0.9,1.0,0.905,Alta Certeza (Grado I)
1063,Peñón de los Cuartos,,Hispania Tarraconensis,Spain,Oviedo,Cuenca del Narcea,,NA-13,,,,,43.14574,-6.661965,1000.0,Guessed from Sanchez-Palencia and Orejas 1994 fig. 13 and Google Earth,,,,,,,TRUE,0.0,0.0,0.0,0.0,0.0,0.0,0.0,0.0,,"Sanchez-Palencia and Orejas 1994, 197",,,,,,,,,,,,Primary,Extensive,1,Confirmado,0,No,0,No,0,No,0,No,0,No,0,No,0,0,0,0,0.7,0.9,1.0,0.845,Alta Certeza (Grado I)
1064,Peñón del Moro,,Hispania Baetica,Spain,Badajoz,Azuaga-Fuenteovejuna,,,BA 59,877.0,395.0,415.0,38.30752585,-6.03370937,100.0,"Converted in QGIS from Lambert coords, Madrid 1870",,,,,,,FALSE,1.0,1.0,0.0,0.0,0.0,0.0,0.0,0.0,,Domergue 1990: 46,0.0,1.0,FALSE,FALSE,FALSE,0.0,0.0,0.0,0.0,,Hard rock,Primary,,0,No,1,Confirmado,0,No,1,Confirmado,0,No,0,No,0,No,0,1,0,0,1.0,0.9,1.0,0.9650000000000001,Alta Certeza (Grado I)
1065,Peñón Redondo,,Hispania Tarraconensis,Spain,León,Cuenca del Eria,,ER-24,,,,,42.213924,-6.257329,300.0,"Estimated from Sanchez-Palencia and Orejas 1994, fig. 17 and Google Earth",,,,,,,TRUE,0.0,0.0,0.0,0.0,0.0,0.0,0.0,0.0,,"Sanchez-Palencia and Orejas 1994, 193",1.0,0.0,TRUE,FALSE,FALSE,0.0,0.0,0.0,0.0,,,Secondary,Extensive,1,Confirmado,0,No,0,No,0,No,0,No,0,No,0,No,1,0,1,0,0.85,0.9,1.0,0.905,Alta Certeza (Grado I)
1066,Petaca,,Hispania Tarraconensis,Spain,Ciudad Real,Alcudia,,,CR 28,835.0,550.5,439.6,38.55222117,-4.25627498,100.0,"Converted in QGIS from Lambert coords, Madrid 1870",,,,,,,FALSE,1.0,1.0,0.0,0.0,0.0,0.0,0.0,0.0,,Domergue 1990: 46,,,FALSE,FALSE,FALSE,0.0,0.0,0.0,,,,,,0,No,1,Confirmado,0,No,1,Confirmado,0,No,0,No,0,No,0,0,0,0,1.0,0.9,1.0,0.9650000000000001,Alta Certeza (Grado I)
1067,Pico Corona,,Hispania Tarraconensis,Spain,Oviedo,Cuenca del Narcea,,NA-40,,,,,43.278892,-6.264425,500.0,"Estimated from Sanchez-Palencia and Orejas 1994, fig. 13, IGN map, and Google Earth",,,,,,,TRUE,0.0,0.0,0.0,0.0,0.0,0.0,0.0,0.0,,"Sanchez-Palencia and Orejas 1994, 198",,,,,,,,,,,,Primary,Extensive,1,Confirmado,0,No,0,No,0,No,0,No,0,No,0,No,0,0,0,0,0.85,0.9,1.0,0.905,Alta Certeza (Grado I)
1068,Pico de la Beiral I,,Hispania Tarraconensis,Spain,Oviedo,Cuenca del Porcia,,PO-16,,,,,43.523936,-6.792276,1000.0,"Guessed after Sanchez-Palencia and Orejas 1994, fig. 13; and Google Earth.",,,,,,,TRUE,0.0,0.0,0.0,0.0,0.0,0.0,0.0,0.0,,"Sanchez-Palencia and Orejas 1994, 201",,,,,,,,,,,,Primary,Extensive,1,Confirmado,0,No,0,No,0,No,0,No,0,No,0,No,0,0,0,0,0.7,0.9,1.0,0.845,Alta Certeza (Grado I)
1069,Pico de la Beiral II,,Hispania Tarraconensis,Spain,Oviedo,Cuenca del Porcia,,PO-15,,,,,43.51915,-6.790988,1000.0,"Guessed after Sanchez-Palencia and Orejas 1994, fig. 13; and Google Earth.",,,,,,,TRUE,0.0,0.0,0.0,0.0,0.0,0.0,0.0,0.0,,"Sanchez-Palencia and Orejas 1994, 201",,,,,,,,,,,,Primary,Extensive,1,Confirmado,0,No,0,No,0,No,0,No,0,No,0,No,0,0,0,0,0.7,0.9,1.0,0.845,Alta Certeza (Grado I)
1070,Pico de Lirio,,Hispania Baetica,Spain,Badajoz,La Serena,,,BA 40,805.0,436.6,467.2,38.78694566,-5.57046121,100.0,"Converted in QGIS from Lambert coords, Madrid 1870",,,,,,,FALSE,1.0,1.0,0.0,0.0,0.0,0.0,0.0,0.0,,Domergue 1990: 45,,,FALSE,FALSE,FALSE,0.0,0.0,0.0,,,Hard rock,Primary,,0,No,1,Confirmado,0,No,1,Confirmado,0,No,0,No,0,No,0,0,0,0,1.0,0.9,1.0,0.9650000000000001,Alta Certeza (Grado I)
1071,Pico del Aguila,,Hispania Baetica,Spain,Huelva,Picos de Aroche,,,H 28,895.0,317.0,391.4,38.07288219,-6.91579679,100.0,"Converted in QGIS from Lambert coords, Madrid 1870",,,,,,,FALSE,0.0,0.0,1.0,0.0,0.0,0.0,0.0,0.0,,Domergue 1990: 61,,,FALSE,FALSE,FALSE,0.0,0.0,0.0,,,Hard rock,Primary,,0,No,0,No,1,Confirmado,0,No,0,No,0,No,0,No,0,0,0,0,1.0,0.9,1.0,0.9650000000000001,Alta Certeza (Grado I)
1072,Pico del Gallo,,Hispania Tarraconensis,Spain,Oviedo,Cuenca del Narcea,,NA-44,,,,,43.299026,-6.250924,200.0,"Estimated from Sanchez-Palencia and Orejas 1994, fig. 13, IGN map, and Google Earth",,,,,,,TRUE,0.0,0.0,0.0,0.0,0.0,0.0,0.0,0.0,,"Sanchez-Palencia and Orejas 1994, 198",,,,,,,,,,,,Secondary - Primary,Selective - Extensive,1,Confirmado,0,No,0,No,0,No,0,No,0,No,0,No,0,0,0,0,0.85,0.9,1.0,0.905,Alta Certeza (Grado I)
1073,Pico Montouto,,Hispania Tarraconensis,Spain,Oviedo,Cuenca del Narcea,,NA-32,O 29,50.0,364.8,970.8,43.30737,-6.572723,100.0,IGN map and Google Earth,,,,,,,TRUE,0.0,0.0,0.0,0.0,0.0,0.0,0.0,0.0,,"Domergue 1990: 42; Sanchez-Palencia and Orejas 1994, 198",1.0,0.0,TRUE,,,,,,,,,Secondary,Extensive,1,Confirmado,0,No,0,No,0,No,0,No,0,No,0,No,1,0,1,0,1.0,1.0,1.0,1.0,Alta Certeza (Grado I)
1074,Pilar de Jaravía,,Hispania Baetica,Spain,Almería,Almería,,,AL 4,997.0,776.0,311.6,37.38210676,-1.7002681,100.0,"Converted in QGIS from Lambert coords, Madrid 1870",Mining may extend over a large area,,,,,,FALSE,1.0,1.0,0.0,0.0,0.0,0.0,0.0,0.0,,Domergue 1990: 64,,,FALSE,FALSE,FALSE,0.0,0.0,0.0,,,,,,0,No,1,Confirmado,0,No,1,Confirmado,0,No,0,No,0,No,0,0,0,0,1.0,0.9,1.0,0.9650000000000001,Alta Certeza (Grado I)
1075,Pin de Abaixo,,Hispania Tarraconensis,Spain,Lugo,Cuenca Alta del Miño,,AN-11,,,,,42.956742,-7.031026,2000.0,"Placename, Google Earth",,,,,,,TRUE,0.0,0.0,0.0,0.0,0.0,0.0,0.0,0.0,,"Sanchez-Palencia and Orejas 1994, 188",1.0,0.0,TRUE,,,,,,,,,Secondary,Extensive,1,Confirmado,0,No,0,No,0,No,0,No,0,No,0,No,1,0,1,0,0.5,0.9,1.0,0.765,Media Certeza (Grado II)
1076,Piñeira,,Hispania Tarraconensis,Spain,Lugo,Cuenca media del Sil,,MS-040,,,,,42.429687,-7.230877,500.0,"Google Earth, placename",,,,,,,TRUE,0.0,0.0,0.0,0.0,0.0,0.0,0.0,0.0,,"Sanchez-Palencia and Orejas 1994, 195",1.0,0.0,TRUE,,,,,,,,,Secondary,Extensive,1,Confirmado,0,No,0,No,0,No,0,No,0,No,0,No,1,0,1,0,0.85,0.9,1.0,0.905,Alta Certeza (Grado I)
1079,Plasenzuela,,Lusitania,Spain,Cáceres,,,,CC 2,705.0,394.0,540.0,39.43399889,-6.08357984,100.0,"Converted in QGIS from Lambert coords, Madrid 1870",Point in middle of large quadrilateral 6 x 3 or 4 km,,,,,,FALSE,1.0,1.0,0.0,0.0,0.0,0.0,0.0,0.0,,Domergue 1990: 64,,,FALSE,FALSE,FALSE,0.0,0.0,0.0,,,,,,0,No,1,Confirmado,0,No,1,Confirmado,0,No,0,No,0,No,0,0,0,0,1.0,0.9,1.0,0.9650000000000001,Alta Certeza (Grado I)
1080,Playa de Cadavedo,,Hispania Tarraconensis,Spain,Oviedo,Cuenca del Esba o Canero,,ES-12,,,,,43.552034,-6.372357,1000.0,"Guessed from Sanchez-Palencia and Orejas 1994, fig. 13, and Google Earth",,,,,,,TRUE,0.0,0.0,0.0,0.0,0.0,0.0,0.0,0.0,,"Sanchez-Palencia and Orejas 1994, 194",1.0,0.0,TRUE,,,,,,,,,Secondary,Extensive,1,Confirmado,0,No,0,No,0,No,0,No,0,No,0,No,1,0,1,0,0.7,0.9,1.0,0.845,Alta Certeza (Grado I)
1081,Pobladura de Somoza / Los Torgales,,Hispania Tarraconensis,Spain,León,Cuencas de Cúa y Burbia,,CB-28,LE 55,158.0,346.5,898.7,42.655199,-6.781144,100.0,"Converted in QGIS from Lambert coords, Madrid 1870",,,,,,,TRUE,0.0,0.0,0.0,0.0,0.0,0.0,0.0,0.0,,"Domergue 1990: 43; Sanchez-Palencia and Orejas 1994, 192",1.0,0.0,TRUE,FALSE,TRUE,0.0,0.0,0.0,0.0,,Tertiary alluvium,Secondary,Extensive,1,Confirmado,0,No,0,No,0,No,0,No,0,No,0,No,1,0,1,0,1.0,1.0,1.0,1.0,Alta Certeza (Grado I)
1082,Poderosa,,Hispania Baetica,Spain,Huelva,Huelva,,,H 21,938.0,338.5,354.7,37.74899062,-6.65682344,100.0,"Converted in QGIS from Lambert coords, Madrid 1870",,,,,,,FALSE,0.0,0.0,1.0,0.0,0.0,0.0,0.0,0.0,,Domergue 1990: 62,,,FALSE,FALSE,FALSE,0.0,0.0,0.0,,,Pyrite,Primary,,0,No,0,No,1,Confirmado,0,No,0,No,0,No,0,No,0,0,0,0,1.0,0.9,1.0,0.9650000000000001,Alta Certeza (Grado I)
1083,Pontigo,,Hispania Tarraconensis,Spain,Oviedo,Cuenca del Narcea,,NA-48,,,,,43.30639,-6.28068,2000.0,"Estimated from Sanchez-Palencia and Orejas 1994, fig. 13, and Google Earth",,,,,,,TRUE,0.0,0.0,0.0,0.0,0.0,0.0,0.0,0.0,,"Sanchez-Palencia and Orejas 1994, 198",,,,,,,,,,,,Primary,Selective - Extensive,1,Confirmado,0,No,0,No,0,No,0,No,0,No,0,No,0,0,0,0,0.5,0.9,1.0,0.765,Media Certeza (Grado II)
1084,Porciles,,Hispania Tarraconensis,Spain,Oviedo,Cuenca del Narcea,,NA-31,O 30,50.0,364.4,970.7,43.303328,-6.601768,100.0,IGN map and Google Earth,,,,,,,TRUE,0.0,0.0,0.0,0.0,0.0,0.0,0.0,0.0,,"Domergue 1990: 42; Sanchez-Palencia and Orejas 1994, 197",,,,,,,,,,,Hard rock,Primary,Extensive,1,Confirmado,0,No,0,No,0,No,0,No,0,No,0,No,0,0,0,0,1.0,1.0,1.0,1.0,Alta Certeza (Grado I)
1085,Portiella,,Hispania Tarraconensis,Spain,Oviedo,Cuenca del Narcea,,NA-06,,,,,43.251669,-6.485643,1000.0,"Estimated from Sanchez-Palencia and Orejas 1994, fig. 13, IGN map, and Google Earth",,,,,,,TRUE,0.0,0.0,0.0,0.0,0.0,0.0,0.0,0.0,,"Sanchez-Palencia and Orejas 1994, 197",1.0,0.0,TRUE,,,,,,,,,Secondary,Selective,1,Confirmado,0,No,0,No,0,No,0,No,0,No,0,No,1,0,1,0,0.7,0.9,1.0,0.845,Alta Certeza (Grado I)
1086,Posadoiro,,Hispania Tarraconensis,Spain,Oviedo,Cuenca del Navia,,NV-07,,,,,42.958655,-6.675247,300.0,IGN map,,,,,,,TRUE,0.0,0.0,0.0,0.0,0.0,0.0,0.0,0.0,,"Sanchez-Palencia and Orejas 1994, 199",,,,,,,,,,,,Primary,Extensive,1,Confirmado,0,No,0,No,0,No,0,No,0,No,0,No,0,0,0,0,0.85,0.9,1.0,0.905,Alta Certeza (Grado I)
1087,Potosí,,Hispania Baetica,Spain,Sevilla,Sevilla,,,SE 9,899.0,414.0,392.0,38.1045283,-5.810118332,100.0,"Converted in QGIS from Lambert coords, Madrid 1870",,,,,,,FALSE,0.0,0.0,1.0,0.0,0.0,0.0,0.0,0.0,,Domergue 1990: 48,,,FALSE,FALSE,FALSE,0.0,0.0,0.0,,,Hard rock,Primary,,0,No,0,No,1,Confirmado,0,No,0,No,0,No,0,No,0,0,0,0,1.0,0.9,1.0,0.9650000000000001,Alta Certeza (Grado I)
1089,Pozo de la Griega / Molino de la Griega,,Hispania Tarraconensis,Spain,León,Cuenca Alta del Orbigo,,AO-35,LE 13,129.0,426.0,899.5,42.68028535,-5.81115461,100.0,"Converted in QGIS from Lambert coords, Madrid 1870",,,,,,,TRUE,0.0,0.0,0.0,0.0,0.0,0.0,0.0,0.0,,"Domergue 1990: 42; Sanchez-Palencia and Orejas 1994, 189",1.0,0.0,TRUE,TRUE,FALSE,0.0,0.0,0.0,0.0,,Tertiary deposits,Secondary,Extensive,1,Confirmado,0,No,0,No,0,No,0,No,0,No,0,No,1,0,1,0,1.0,1.0,1.0,1.0,Alta Certeza (Grado I)
1090,Pozo Limideiro,,Hispania Tarraconensis,Spain,La Coruña,Cuenca del Xallas,,XA-01,C 9,68.0,172.4,946.8,43.01289316,-8.93707518,0.0,"Converted in QGIS from Lambert coords, Madrid 1870; corrected with Google Satellite",,,,,,,TRUE,0.0,0.0,0.0,0.0,0.0,0.0,0.0,0.0,"Opencast pit from hard rock mining, now flooded.","Domergue 1990: 40; Sanchez-Palencia and Orejas 1994, 202",1.0,0.0,FALSE,FALSE,FALSE,0.0,0.0,0.0,,,Hard rock,Primary,Extensive,1,Confirmado,0,No,0,No,0,No,0,No,0,No,0,No,0,0,1,0,1.0,1.0,1.0,1.0,Alta Certeza (Grado I)
1091,Pozo Rico (Alcudia),,Hispania Tarraconensis,Spain,Ciudad Real,Alcudia,,,CR 42,861.0,,,38.434231,-3.941203,500.0,"Guessed from Google Earth & description in Domergue 1987, 84",Domergue does not give coordinates,,,,,,FALSE,1.0,1.0,0.0,0.0,0.0,0.0,0.0,0.0,,Domergue 1990: 46,0.0,1.0,FALSE,FALSE,FALSE,0.0,0.0,0.0,0.0,,,,,0,No,1,Confirmado,0,No,1,Confirmado,0,No,0,No,0,No,0,1,0,0,0.85,0.9,1.0,0.905,Alta Certeza (Grado I)
1092,Pozo Rico (Sevilla),,Hispania Baetica,Spain,Sevilla,Sevilla,,,SE 8,899.0,416.6,391.7,38.10237861,-5.780384097,100.0,"Converted in QGIS from Lambert coords, Madrid 1870",,,,,,,FALSE,1.0,0.0,1.0,0.0,0.0,0.0,0.0,0.0,,Domergue 1990: 48,,,FALSE,FALSE,FALSE,0.0,0.0,0.0,,,Hard rock,Primary,,0,No,1,Confirmado,1,Confirmado,0,No,0,No,0,No,0,No,0,0,0,0,1.0,0.9,1.0,0.9650000000000001,Alta Certeza (Grado I)
1093,Pradela / Las Curiscadas,,Hispania Tarraconensis,Spain,León,Cuencas de Cúa y Burbia,,CB-26,LE 41,158.0,340.8,399.4,42.654675,-6.843729,0.0,Google Earth,,,,,,,TRUE,0.0,0.0,0.0,0.0,0.0,0.0,0.0,0.0,,"Domergue 1990: 43; Sanchez-Palencia and Orejas 1994, 192",1.0,0.0,TRUE,FALSE,TRUE,0.0,0.0,0.0,0.0,,Tertiary alluvium,Secondary,Selective - Extensive,1,Confirmado,0,No,0,No,0,No,0,No,0,No,0,No,1,0,1,0,1.0,1.0,1.0,1.0,Alta Certeza (Grado I)
1094,Pradera de Campo,,Hispania Tarraconensis,Spain,León,Cuenca del Eria,,ER-16,,,,,42.258443,-6.303296,300.0,"Estimated from Sanchez-Palencia and Orejas 1994, fig. 17 and Google Earth",,,,,,,TRUE,0.0,0.0,0.0,0.0,0.0,0.0,0.0,0.0,,"Sanchez-Palencia and Orejas 1994, 193; Fernández-Lozano et al. 2015,  fig. 10.",1.0,0.0,TRUE,TRUE,FALSE,0.0,0.0,0.0,0.0,Hydraulic erosion and stone dumps apparently visible on Google Earth,,Secondary,Extensive,1,Confirmado,0,No,0,No,0,No,0,No,0,No,0,No,1,0,1,0,0.85,0.9,1.0,0.905,Alta Certeza (Grado I)
1095,A Xisterna II (Prado de Paradiña),,Hispania Tarraconensis,Spain,León,Cuencas de Cúa y Burbia,,CB-16,LE 26,126.0,349.5,904.6,42.708339,-6.742289,0.0,"Converted in QGIS from Lambert coords, Madrid 1870, adjusted with Google Earth",,,,,,,TRUE,0.0,0.0,0.0,0.0,0.0,0.0,0.0,0.0,,"Domergue 1990: 43; Sanchez-Palencia and Orejas 1994, 191",1.0,0.0,TRUE,TRUE,TRUE,0.0,0.0,0.0,1.0,Four channels following side of ridge - zanjas/ground sluicing,Tertiary alluvium,Secondary,Extensive,1,Confirmado,0,No,0,No,0,No,0,No,0,No,0,No,1,0,1,0,1.0,1.0,1.0,1.0,Alta Certeza (Grado I)
1096,Prado de Rollos,,Hispania Tarraconensis,Spain,León,Cuencas del Turienzo y Jerega,,TJ-03,,,,,42.464868,-6.35012,100.0,Google Earth and http://cartographic.info/espana/map.php?id=533979,,,,,,,TRUE,0.0,0.0,0.0,0.0,0.0,0.0,0.0,0.0,,"Sanchez-Palencia and Orejas 1994, 202",,,,,,,,,,,,Primary,Selective - Extensive,1,Confirmado,0,No,0,No,0,No,0,No,0,No,0,No,0,0,0,0,1.0,0.9,1.0,0.9650000000000001,Alta Certeza (Grado I)
1097,La Cruz de Hierro / Prado de Valdefrancos,,Hispania Tarraconensis,Spain,León,Cuencas del Turienzo y Jerega,,TJ-02,LE 34,192.0,379.5,877.5,42.468354,-6.366098,100.0,"Estimated from Sanchez-Palencia and Orejas 1994, fig. 17, IGN map, and Google Earth",,,,,,,TRUE,0.0,0.0,0.0,0.0,0.0,0.0,0.0,0.0,,"Domergue 1990: 43; Sanchez-Palencia and Orejas 1994, 202",1.0,0.0,TRUE,,,0.0,0.0,0.0,0.0,,Quartz veins with gold-bearing arsenopyrites,Primary,Selective - Extensive,1,Confirmado,0,No,0,No,0,No,0,No,0,No,0,No,1,0,1,0,1.0,1.0,1.0,1.0,Alta Certeza (Grado I)
1098,Prado Luengo - Casares,,Hispania Tarraconensis,Spain,León,Cuencas del Turienzo y Jerega,,TJ-27,,,,,42.493191,-6.227156,10.0,https://servicios.jcyl.es/pweb/datosGIS.do?tipo=Yacimiento&numero=94440 ,,,,,,,TRUE,0.0,0.0,0.0,0.0,0.0,0.0,0.0,0.0,,"Sanchez-Palencia and Orejas 1994, 202",1.0,0.0,TRUE,,,,,,,,,Secondary,Extensive,1,Confirmado,0,No,0,No,0,No,0,No,0,No,0,No,1,0,1,0,1.0,0.9,1.0,0.9650000000000001,Alta Certeza (Grado I)
1099,Prado Posadillas Huergas,,Hispania Tarraconensis,Spain,León,Astorga,,,LE 19,230.0,387.0,860.0,42.31546244,-6.272830572,100.0,"Converted in QGIS from Lambert coords, Madrid 1870",,,,,,,TRUE,0.0,0.0,0.0,0.0,0.0,0.0,0.0,0.0,,Domergue 1990: 43,0.0,0.0,TRUE,FALSE,FALSE,0.0,1.0,0.0,0.0,,Colluvial deposits,,,1,Confirmado,0,No,0,No,0,No,0,No,0,No,0,No,1,0,1,0,1.0,0.9,1.0,0.9650000000000001,Alta Certeza (Grado I)
1100,Prado Vicioso,,Hispania Baetica,Spain,Huelva,Huelva,,,H 11,959.0,299.5,338.1,37.58690171,-7.09200445,100.0,"Converted in QGIS from Lambert coords, Madrid 1870",,,,,,,FALSE,0.0,0.0,1.0,0.0,0.0,0.0,0.0,0.0,,Domergue 1990: 62,,,FALSE,FALSE,FALSE,0.0,0.0,0.0,,,Pyrite,Primary,,0,No,0,No,1,Confirmado,0,No,0,No,0,No,0,No,0,0,0,0,1.0,0.9,1.0,0.9650000000000001,Alta Certeza (Grado I)
1101,Pradorrey,,Hispania Tarraconensis,Spain,León,Astorga,,,LE 2,193.0,400.0,879.1,42.49160118,-6.12386389,100.0,"Converted in QGIS from Lambert coords, Madrid 1870, adjusted from satellite imagery and site visit.",Immediately east of the motorway intersection at Pradorrey.,,,,,,TRUE,0.0,0.0,0.0,0.0,0.0,0.0,0.0,0.0,,Domergue 1990: 43,,,,,,,,,,,Tertiary alluvium,,,1,Confirmado,0,No,0,No,0,No,0,No,0,No,0,No,0,0,0,0,1.0,0.9,1.0,0.9650000000000001,Alta Certeza (Grado I)
1102,Cha do Castro / Puebla del Brollón,,Hispania Tarraconensis,Spain,Lugo,Galicia,,MS-101,LU 9,159.0,296.2,892.0,42.57461492,-7.389792601,100.0,"Converted in QGIS from Lambert coords, Madrid 1870",,,,,,,TRUE,0.0,0.0,0.0,0.0,0.0,0.0,0.0,0.0,,"Domergue 1990: 41; Sanchez-Palencia and Orejas 1994, 197",1.0,0.0,TRUE,FALSE,FALSE,0.0,1.0,0.0,0.0,,Quaternary terrace,Secondary,Selective,1,Confirmado,0,No,0,No,0,No,0,No,0,No,0,No,1,0,1,0,1.0,1.0,1.0,1.0,Alta Certeza (Grado I)
1103,Puente del Plantao,,Hispania Tarraconensis,Spain,Oviedo,Cuenca del Navia,,NV-73,,,,,43.364735,-6.680765,300.0,"Guessed from Sanchez-Palencia and Orejas 1994, fig. 13; and Google Earth.",,,,,,,TRUE,0.0,0.0,0.0,0.0,0.0,0.0,0.0,0.0,,"Sanchez-Palencia and Orejas 1994, 200",1.0,0.0,TRUE,TRUE,FALSE,0.0,0.0,0.0,0.0,,,Primary,Extensive,1,Confirmado,0,No,0,No,0,No,0,No,0,No,0,No,1,0,1,0,0.85,0.9,1.0,0.905,Alta Certeza (Grado I)
1104,Puerto del Palo,,Hispania Tarraconensis,Spain,Oviedo,Cuenca del Navia,,NV-39,,,,,43.272862,-6.678937,0.0,Google Earth,By car park at the pass on the road.,,,,,,TRUE,0.0,0.0,0.0,0.0,0.0,0.0,0.0,0.0,"Hushing tank and hush gulley, aqueduct channels for collecting snow melt.","Sanchez-Palencia and Orejas 1994, 200",1.0,0.0,TRUE,TRUE,FALSE,0.0,0.0,0.0,0.0,,,Primary,Selective,1,Confirmado,0,No,0,No,0,No,0,No,0,No,0,No,1,0,1,0,1.0,0.9,1.0,0.9650000000000001,Alta Certeza (Grado I)
1108,Pumar de las Montañas,,Hispania Tarraconensis,Spain,Oviedo,Cuenca del Narcea,,NA-20,O 10,50.0,359.3,956.8,43.17868934,-6.647751338,100.0,"Converted in QGIS from Lambert coords, Madrid 1870",,,,,,,TRUE,0.0,0.0,0.0,0.0,0.0,0.0,0.0,0.0,,"Domergue 1990: 42; Sanchez-Palencia and Orejas 1994, 197",,,,,,,,,,,Hard rock,Primary,Selective - Extensive,1,Confirmado,0,No,0,No,0,No,0,No,0,No,0,No,0,0,0,0,1.0,1.0,1.0,1.0,Alta Certeza (Grado I)
1109,Quilos,,Hispania Tarraconensis,Spain,León,Bierzo,,,LE 3,158.0,351.3,396.0,38.12484797,-6.526528617,100.0,"Converted in QGIS from Lambert coords, Madrid 1870",,,,,,,TRUE,0.0,0.0,0.0,0.0,0.0,0.0,0.0,0.0,,Domergue 1990: 44,,,,,,,,,,,Terrace,,,1,Confirmado,0,No,0,No,0,No,0,No,0,No,0,No,0,0,0,0,1.0,0.9,1.0,0.9650000000000001,Alta Certeza (Grado I)
1110,Quintanilla de Flórez / La Pedrer - El Sardonal,,Hispania Tarraconensis,Spain,León,Cuencas del Duerna y Jamuz,,DU-21,LE 32,231.0,401.8,855.7,42.28048116,-6.091906439,100.0,"Converted in QGIS from Lambert coords, Madrid 1870",,,,,,,TRUE,0.0,0.0,0.0,0.0,0.0,0.0,0.0,0.0,,"Domergue 1990: 43; Sanchez-Palencia and Orejas 1994, 193",1.0,0.0,TRUE,FALSE,FALSE,0.0,0.0,0.0,0.0,,Terrace,Secondary,Selective,1,Confirmado,0,No,0,No,0,No,0,No,0,No,0,No,1,0,1,0,1.0,1.0,1.0,1.0,Alta Certeza (Grado I)
1111,Quinto del Hierro,,Hispania Tarraconensis,Spain,Ciudad Real,Alcudia,,,CR 5,808.0,507.6,460.0,38.73261216,-4.75159193,100.0,"Converted in QGIS from Lambert coords, Madrid 1870",,,,,,,FALSE,1.0,1.0,0.0,0.0,0.0,0.0,0.0,0.0,,Laurent 1975: 61-69; Domergue 1990: 46,0.0,1.0,FALSE,FALSE,FALSE,0.0,0.0,0.0,0.0,,,,,0,No,1,Confirmado,0,No,1,Confirmado,0,No,0,No,0,No,0,1,0,0,1.0,0.9,1.0,0.9650000000000001,Alta Certeza (Grado I)
1112,Quinto del Huerto,,Hispania Baetica,Spain,Córdoba,Los Pedroches,,,CO 23,833.0,480.8,442.5,38.57153808,-5.05696044,100.0,"Converted in QGIS from Lambert coords, Madrid 1870",,,,,,,FALSE,0.0,0.0,1.0,0.0,0.0,0.0,0.0,0.0,,Domergue 1990: 47,0.0,1.0,FALSE,FALSE,FALSE,0.0,0.0,0.0,0.0,,Hard rock,Primary,,0,No,0,No,1,Confirmado,0,No,0,No,0,No,0,No,0,1,0,0,1.0,0.9,1.0,0.9650000000000001,Alta Certeza (Grado I)
1113,Quinto Rascarroña,,Hispania Baetica,Spain,Badajoz,La Serena,,,BA 30,806.0,466.6,468.6,38.80475582,-5.22518723,100.0,"Converted in QGIS from Lambert coords, Madrid 1870",,,,,,,FALSE,1.0,1.0,0.0,0.0,0.0,0.0,0.0,0.0,,Domergue 1990: 45,,,FALSE,FALSE,FALSE,0.0,0.0,0.0,,,Hard rock,Primary,,0,No,1,Confirmado,0,No,1,Confirmado,0,No,0,No,0,No,0,0,0,0,1.0,0.9,1.0,0.9650000000000001,Alta Certeza (Grado I)
1115,Raposeras,,Hispania Tarraconensis,Spain,León,Cuenca Alta del Orbigo,,AO-27,,,,,42.794298,-5.710476,100.0,"Estimated from Sanchez-Palencia and Orejas 1994, fig. 15, and features on Google Earth",,,,,,,TRUE,0.0,0.0,0.0,0.0,0.0,0.0,0.0,0.0,,"Sanchez-Palencia and Orejas 1994, 189",1.0,0.0,TRUE,,,,,,,,,Secondary,Extensive,1,Confirmado,0,No,0,No,0,No,0,No,0,No,0,No,1,0,1,0,1.0,0.9,1.0,0.9650000000000001,Alta Certeza (Grado I)
1117,Rebelde Julia,,Hispania Baetica,Spain,Badajoz,La Serena,,,BA 35,805.0,439.8,463.5,38.75419376,-5.53272272,100.0,"Converted in QGIS from Lambert coords, Madrid 1870",,,,,,,FALSE,1.0,1.0,0.0,0.0,0.0,0.0,0.0,0.0,,Domergue 1990: 45,,,FALSE,FALSE,FALSE,0.0,0.0,0.0,,,Hard rock,Primary,,0,No,1,Confirmado,0,No,1,Confirmado,0,No,0,No,0,No,0,0,0,0,1.0,0.9,1.0,0.9650000000000001,Alta Certeza (Grado I)
1118,Regia,,Hispania Tarraconensis,Spain,Tarragona,,,,T 1,471.0,972.0,738.4,41.1642222,0.750551075,100.0,"Converted in QGIS from Lambert coords, Madrid 1870",NB Domergue has map number wrong: 471 (not 741) is correct,,,,,,FALSE,0.0,1.0,0.0,0.0,0.0,0.0,0.0,0.0,,Domergue 1990: 64,,,FALSE,FALSE,FALSE,0.0,0.0,0.0,,,,,,0,No,0,No,0,No,1,Confirmado,0,No,0,No,0,No,0,0,0,0,1.0,0.9,1.0,0.9650000000000001,Alta Certeza (Grado I)
1119,Reguera de las Fuentes,,Hispania Tarraconensis,Spain,León,León,,,LE 40,129.0,423.5,912.5,42.79674039,-5.845487694,100.0,"Converted in QGIS from Lambert coords, Madrid 1870",,,,,,,TRUE,0.0,0.0,0.0,0.0,0.0,0.0,0.0,0.0,,Domergue 1990: 42,0.0,0.0,TRUE,FALSE,FALSE,0.0,1.0,0.0,0.0,,Colluvium and slope deposits,,,1,Confirmado,0,No,0,No,0,No,0,No,0,No,0,No,1,0,1,0,1.0,0.9,1.0,0.9650000000000001,Alta Certeza (Grado I)
1120,Reguera del Vallón,,Hispania Tarraconensis,Spain,Oviedo,Cuenca del Navia,,NV-72,,,,,43.360851,-6.679528,0.0,"Guessed from Sanchez-Palencia and Orejas 1994, fig. 13; and Google Earth.",,,,,,,TRUE,0.0,0.0,0.0,0.0,0.0,0.0,0.0,0.0,,"Sanchez-Palencia and Orejas 1994, 200",1.0,0.0,TRUE,TRUE,FALSE,0.0,0.0,0.0,0.0,,,Secondary,Selective,1,Confirmado,0,No,0,No,0,No,0,No,0,No,0,No,1,0,1,0,1.0,0.9,1.0,0.9650000000000001,Alta Certeza (Grado I)
1121,Reguerón de la Mata,,Hispania Tarraconensis,Spain,León,Cuenca Alta del Orbigo,,AO-31,,,,,42.760872,-5.737246,100.0,"Estimated from Sanchez-Palencia and Orejas 1994, fig. 15, and features on Google Earth",,,,,,,TRUE,0.0,0.0,0.0,0.0,0.0,0.0,0.0,0.0,,"Sanchez-Palencia and Orejas 1994, 189",1.0,0.0,TRUE,,,,,,,,,Secondary,Extensive,1,Confirmado,0,No,0,No,0,No,0,No,0,No,0,No,1,0,1,0,1.0,0.9,1.0,0.9650000000000001,Alta Certeza (Grado I)
1122,Reocín,,Hispania Tarraconensis,Spain,Santander,,,,S 1,34.0,567.5,970.6,43.3381496,-4.088488287,100.0,"Converted in QGIS from Lambert coords, Madrid 1870",,,,,,,FALSE,0.0,1.0,0.0,0.0,0.0,0.0,1.0,0.0,Calamine also mined here,Domergue 1990: _x001A_耀,,,FALSE,FALSE,FALSE,0.0,0.0,0.0,,,,,,0,No,0,No,0,No,1,Confirmado,0,No,0,No,0,No,0,0,0,0,1.0,0.9,1.0,0.9650000000000001,Alta Certeza (Grado I)
1123,Requeja,,Hispania Baetica,Spain,Córdoba,Los Pedroches,,,CO 16,858.0,497.3,423.2,38.39966628,-4.86455465,100.0,"Converted in QGIS from Lambert coords, Madrid 1870",,,,,,,FALSE,0.0,0.0,1.0,0.0,0.0,0.0,0.0,0.0,,Domergue 1990: 47,0.0,1.0,FALSE,FALSE,FALSE,0.0,0.0,0.0,0.0,,Hard rock,Primary,,0,No,0,No,1,Confirmado,0,No,0,No,0,No,0,No,0,1,0,0,1.0,0.9,1.0,0.9650000000000001,Alta Certeza (Grado I)
1124,Ría de Foz / As Covas,,Hispania Tarraconensis,Spain,Lugo,Cuenca del Masma,,MA-01,LU 2,9.0,311.8,999.3,43.54512753,-7.252162177,100.0,"Converted in QGIS from Lambert coords, Madrid 1870",,,,,,,TRUE,0.0,0.0,0.0,0.0,0.0,0.0,0.0,0.0,,"Domergue 1990: 41; Sanchez-Palencia and Orejas 1994, 194",1.0,0.0,TRUE,FALSE,FALSE,0.0,1.0,0.0,0.0,,Quaternary terrace,Secondary,Selective - Extensive,1,Confirmado,0,No,0,No,0,No,0,No,0,No,0,No,1,0,1,0,1.0,1.0,1.0,1.0,Alta Certeza (Grado I)
1125,Ribón,,Hispania Tarraconensis,Spain,León,Cuencas de Cúa y Burbia,,CB-23,LE 24,126.0,346.4,902.6,42.693059,-6.783663,100.0,"Converted in QGIS from Lambert coords, Madrid 1870; adjusted with reference to apparent feature on Google Earth.",,,,,,,TRUE,0.0,0.0,0.0,0.0,0.0,0.0,0.0,0.0,,"Domergue 1990: 43; Sanchez-Palencia and Orejas 1994, 192",1.0,0.0,TRUE,FALSE,TRUE,0.0,0.0,0.0,0.0,,Tertiary alluvium,Secondary,Extensive,1,Confirmado,0,No,0,No,0,No,0,No,0,No,0,No,1,0,1,0,1.0,1.0,1.0,1.0,Alta Certeza (Grado I)
1126,Riner,,Hispania Tarraconensis,Spain,Lérida,,,,L 1,330.0,1035.0,828.6,41.94498984,1.56397534,100.0,"Converted in QGIS from Lambert coords, Madrid 1870",,,,,,,FALSE,0.0,0.0,1.0,0.0,0.0,0.0,0.0,0.0,,Domergue 1990: 64,,,FALSE,FALSE,FALSE,0.0,0.0,0.0,,,,,,0,No,0,No,1,Confirmado,0,No,0,No,0,No,0,No,0,0,0,0,1.0,0.9,1.0,0.9650000000000001,Alta Certeza (Grado I)
1127,Río Ancares / Los Moracales del Valle,,Hispania Tarraconensis,Spain,León,Cuencas de Cúa y Burbia,,CB-11,LE 49,126.0,352.5,906.2,42.72148236,-6.710216453,100.0,"Converted in QGIS from Lambert coords, Madrid 1870",,,,,,,TRUE,0.0,0.0,0.0,0.0,0.0,0.0,0.0,0.0,,"Domergue 1990: 44; Sanchez-Palencia and Orejas 1994, 191",1.0,0.0,TRUE,FALSE,,0.0,,,,,Terrace,,,1,Confirmado,0,No,0,No,0,No,0,No,0,No,0,No,1,0,1,0,1.0,1.0,1.0,1.0,Alta Certeza (Grado I)
1129,Río Burbia,,Hispania Tarraconensis,Spain,León,Cuencas de Cúa y Burbia,,CB-27,,,,,42.659737,-6.803756,500.0,"Estimated from Sanchez-Palencia and Orejas 1994, fig. 14, IGN map, and Google Earth",,,,,,,TRUE,0.0,0.0,0.0,0.0,0.0,0.0,0.0,0.0,,"Sanchez-Palencia and Orejas 1994, 192",1.0,0.0,TRUE,,,,,,,,,Secondary,Extensive,1,Confirmado,0,No,0,No,0,No,0,No,0,No,0,No,1,0,1,0,0.85,0.9,1.0,0.905,Alta Certeza (Grado I)
1130,Río Cabrera: below Pombriego / Las Suertes,,Hispania Tarraconensis,Spain,León,Cuenca media del Sil,,MS-079,LE 30.b,191.0,350.7,873.2,42.42398053,-6.718484432,100.0,"Converted in QGIS from Lambert coords, Madrid 1870",,,,,,,TRUE,0.0,0.0,0.0,0.0,0.0,0.0,0.0,0.0,,"Domergue 1990: 44; Sanchez-Palencia and Orejas 1994, 196",1.0,0.0,TRUE,,,,,,,,Terrace,Secondary,Selective,1,Confirmado,0,No,0,No,0,No,0,No,0,No,0,No,1,0,1,0,1.0,1.0,1.0,1.0,Alta Certeza (Grado I)
1131,Río Cabrera: Castroquilame,,Hispania Tarraconensis,Spain,León,Cuenca media del Sil,,MS-082,LE 30.a,191.0,348.6,873.3,42.42423498,-6.744034238,100.0,"Converted in QGIS from Lambert coords, Madrid 1870",,,,,,,TRUE,0.0,0.0,0.0,0.0,0.0,0.0,0.0,0.0,,Domergue 1990: 44; Sanchez-Palencia and Orejas 1994: 196,1.0,0.0,TRUE,,,,,,,,Terrace,Secondary,Extensive,1,Confirmado,0,No,0,No,0,No,0,No,0,No,0,No,1,0,1,0,1.0,1.0,1.0,1.0,Alta Certeza (Grado I)
1132,Río Cabrera: Llamas de Cabrera / El Covallón de Miédalo,,Hispania Tarraconensis,Spain,León,Cuenca media del Sil,,MS-059,LE 30.d,191.0,357.0,871.3,42.4087844,-6.641192062,100.0,"Converted in QGIS from Lambert coords, Madrid 1870",,,,,,,TRUE,0.0,0.0,0.0,0.0,0.0,0.0,0.0,0.0,,"Domergue 1990: 44; Sanchez-Palencia and Orejas 1994, 196",1.0,0.0,TRUE,,,,,,,,Terrace,Secondary,Selective - Extensive,1,Confirmado,0,No,0,No,0,No,0,No,0,No,0,No,1,0,1,0,1.0,1.0,1.0,1.0,Alta Certeza (Grado I)
1133,Río Cabrera: Santalavilla,,Hispania Tarraconensis,Spain,León,Cuenca media del Sil,,MS-068,LE 30.c,191.0,355.5,872.6,42.42003568,-6.659935142,100.0,"Converted in QGIS from Lambert coords, Madrid 1870",,,,,,,TRUE,0.0,0.0,0.0,0.0,0.0,0.0,0.0,0.0,,"Domergue 1990: 44; Sanchez-Palencia and Orejas 1994, 196",1.0,0.0,TRUE,,,,,,,,Terrace,Secondary,Selective - Extensive,1,Confirmado,0,No,0,No,0,No,0,No,0,No,0,No,1,0,1,0,1.0,1.0,1.0,1.0,Alta Certeza (Grado I)
1134,Río Cervos,,Hispania Tarraconensis,Spain,Oviedo,Cuenca del Navia,,NV-09,,,,,43.019741,-6.839674,500.0,"Guessed in relation to La Arenera and Villarcebollín from Google Earth and Sanchez-Palencia and Orejas 1994, fig. 13.",,,,,,,TRUE,0.0,0.0,0.0,0.0,0.0,0.0,0.0,0.0,,"Sanchez-Palencia and Orejas 1994, 199",,,,,,,,,,,,Primary,Selective - Extensive,1,Confirmado,0,No,0,No,0,No,0,No,0,No,0,No,0,0,0,0,0.85,0.9,1.0,0.905,Alta Certeza (Grado I)
1135,Río Ciurana,,Hispania Tarraconensis,Spain,Tarragona,,,,T 2,471.0,969.7,736.4,41.14724628,0.721974085,100.0,"Converted in QGIS from Lambert coords, Madrid 1870",,,,,,,FALSE,0.0,1.0,0.0,0.0,0.0,0.0,0.0,0.0,,Domergue 1990: 64,0.0,1.0,FALSE,FALSE,FALSE,0.0,0.0,0.0,0.0,,,,,0,No,0,No,0,No,1,Confirmado,0,No,0,No,0,No,0,1,0,0,1.0,0.9,1.0,0.9650000000000001,Alta Certeza (Grado I)
1136,Río Corumbel,,Hispania Baetica,Spain,Huelva,Huelva,,,H 36,983.0,353.5,322.1,37.45968507,-6.47506987,100.0,"Converted in QGIS from Lambert coords, Madrid 1870",,,,,,,FALSE,1.0,1.0,1.0,0.0,0.0,0.0,0.0,0.0,,Domergue 1990: 62,0.0,1.0,FALSE,FALSE,FALSE,0.0,0.0,0.0,0.0,,Hard rock,Primary,,0,No,1,Confirmado,1,Confirmado,1,Confirmado,0,No,0,No,0,No,0,1,0,0,1.0,0.9,1.0,0.9650000000000001,Alta Certeza (Grado I)
1137,Río Crispinejo,,Hispania Baetica,Spain,Huelva,Huelva,,,SE 3,961.0,374.0,328.0,37.51837238,-6.245326356,100.0,"Converted in QGIS from Lambert coords, Madrid 1870",,,,,,,FALSE,0.0,0.0,1.0,0.0,0.0,0.0,0.0,0.0,,Domergue 1990: 62,0.0,1.0,FALSE,FALSE,FALSE,0.0,0.0,0.0,0.0,,Pyrite,Primary,,0,No,0,No,1,Confirmado,0,No,0,No,0,No,0,No,0,1,0,0,1.0,0.9,1.0,0.9650000000000001,Alta Certeza (Grado I)
1138,Río de Mosteiro,,Hispania Tarraconensis,Spain,Lugo,Cuenca Alta del Miño,,AN-14,,,,,42.983977,-6.98657,2000.0,"Guessed, from Río de Mosteiro on IGN map + Google Earth",,,,,,,TRUE,0.0,0.0,0.0,0.0,0.0,0.0,0.0,0.0,,"Sanchez-Palencia and Orejas 1994, 188",1.0,0.0,TRUE,,,,,,,,,Secondary,Selective,1,Confirmado,0,No,0,No,0,No,0,No,0,No,0,No,1,0,1,0,0.5,0.9,1.0,0.765,Media Certeza (Grado II)
1139,Río de Ojén,,Hispania Tarraconensis,Spain,Madrid,,,,MA 1,1066.0,501.0,217.5,36.54648941,-4.792955069,100.0,"Converted in QGIS from Lambert coords, Madrid 1870",,,,,,,FALSE,1.0,1.0,0.0,0.0,0.0,0.0,0.0,0.0,,Domergue 1990: 64,0.0,1.0,FALSE,FALSE,FALSE,0.0,0.0,0.0,0.0,,,,,0,No,1,Confirmado,0,No,1,Confirmado,0,No,0,No,0,No,0,1,0,0,1.0,0.9,1.0,0.9650000000000001,Alta Certeza (Grado I)
1140,Río del Mazo,,Hispania Tarraconensis,Spain,Oviedo,Cuenca del Porcia,,PO-12,,,,,43.505363,-6.837463,500.0,"Guessed in relation to Andina II, after Sanchez-Palencia and Orejas 1994, fig. 13; and Google Earth.",,,,,,,TRUE,0.0,0.0,0.0,0.0,0.0,0.0,0.0,0.0,,"Sanchez-Palencia and Orejas 1994, 201",,,,,,,,,,,,Primary,Extensive,1,Confirmado,0,No,0,No,0,No,0,No,0,No,0,No,0,0,0,0,0.85,0.9,1.0,0.905,Alta Certeza (Grado I)
1141,Río del Oro,,Hispania Tarraconensis,Spain,Oviedo,Asturias,,,O 3,50.0,353.5,964.0,43.24168094,-6.722030241,100.0,"Converted in QGIS from Lambert coords, Madrid 1870",,,,,,,TRUE,0.0,0.0,0.0,0.0,0.0,0.0,0.0,0.0,,Domergue 1990: 42,,,,,,,,,,,Quaternary terrace,,,1,Confirmado,0,No,0,No,0,No,0,No,0,No,0,No,0,0,0,0,1.0,0.9,1.0,0.9650000000000001,Alta Certeza (Grado I)
1142,Río Donsal I,,Hispania Tarraconensis,Spain,Lugo,Cuenca Alta del Miño,,AN-05,,,,,42.912341,-7.073296,2000.0,"Guessed, from Rio Donsal on IGN map + Google Earth",,,,,,,TRUE,0.0,0.0,0.0,0.0,0.0,0.0,0.0,0.0,,"Sanchez-Palencia and Orejas 1994, 188",1.0,0.0,TRUE,,,,,,,,,Secondary,Extensive,1,Confirmado,0,No,0,No,0,No,0,No,0,No,0,No,1,0,1,0,0.5,0.9,1.0,0.765,Media Certeza (Grado II)
1143,Río Donsal II,,Hispania Tarraconensis,Spain,Lugo,Cuenca Alta del Miño,,AN-06,,,,,42.920038,-7.074451,2000.0,"Guessed, from Rio Donsal on IGN map + Google Earth",,,,,,,TRUE,0.0,0.0,0.0,0.0,0.0,0.0,0.0,0.0,,"Sanchez-Palencia and Orejas 1994, 188",1.0,0.0,TRUE,,,,,,,,,Secondary,Extensive,1,Confirmado,0,No,0,No,0,No,0,No,0,No,0,No,1,0,1,0,0.5,0.9,1.0,0.765,Media Certeza (Grado II)
1144,Rio Duerna I - Las Moraceras (Moracedas),,Hispania Tarraconensis,Spain,León,Valduerna,,DU-14,LE 17,,,,42.33500258,-6.225078172,0.0,Google Earth,,-20.0,200.0,15.0,300.0,,TRUE,0.0,0.0,0.0,0.0,0.0,0.0,0.0,0.0,,"Jones and Bird 1972; Domergue 1990: 43; Sanchez-Palencia and Orejas 1994, 192",1.0,0.0,TRUE,FALSE,TRUE,0.0,1.0,0.0,0.0,"Dam for hushing reservoir at  42.331434°,  -6.230175°","Alterites, tertiary deposits, and terraces",Secondary,Extensive,1,Confirmado,0,No,0,No,0,No,0,No,0,No,0,No,1,0,1,0,1.0,1.0,1.0,1.0,Alta Certeza (Grado I)
1145,Rio Duerna II,,Hispania Tarraconensis,Spain,León,Valduerna,,DU-14,LE 17,,,,42.33438157,-6.242122507,0.0,Google Earth,,-20.0,200.0,15.0,300.0,,TRUE,0.0,0.0,0.0,0.0,0.0,0.0,0.0,0.0,,"Jones and Bird 1972; Domergue 1990: 43; Sanchez-Palencia and Orejas 1994, 192",1.0,0.0,TRUE,FALSE,TRUE,0.0,1.0,0.0,0.0,,"Alterites, tertiary deposits, and terraces",Secondary,Extensive,1,Confirmado,0,No,0,No,0,No,0,No,0,No,0,No,1,0,1,0,1.0,1.0,1.0,1.0,Alta Certeza (Grado I)
1146,Rio Duerna III,,Hispania Tarraconensis,Spain,León,Valduerna,,DU-12,LE 17,,,,42.33620392,-6.269647663,0.0,Google Earth,,-20.0,200.0,15.0,300.0,,TRUE,0.0,0.0,0.0,0.0,0.0,0.0,0.0,0.0,,"Jones and Bird 1972; Domergue 1990: 43; Sanchez-Palencia and Orejas 1994, 192",1.0,0.0,TRUE,FALSE,TRUE,0.0,1.0,0.0,0.0,,"Alterites, tertiary deposits, and terraces",Secondary,Extensive,1,Confirmado,0,No,0,No,0,No,0,No,0,No,0,No,1,0,1,0,1.0,1.0,1.0,1.0,Alta Certeza (Grado I)
1147,Rio Duerna IV,,Hispania Tarraconensis,Spain,León,Valduerna,,DU-12,LE 17,,,,42.34235037,-6.249094717,0.0,Google Earth,,-20.0,200.0,15.0,300.0,,TRUE,0.0,0.0,0.0,0.0,0.0,0.0,0.0,0.0,"Rake ground-sluicing, and hushing using ditches of pre-Roman castro","Jones and Bird 1972; Domergue 1990: 43; Sanchez-Palencia and Orejas 1994, 192",1.0,0.0,TRUE,FALSE,TRUE,0.0,1.0,0.0,0.0,,"Alterites, tertiary deposits, and terraces",Secondary,Extensive,1,Confirmado,0,No,0,No,0,No,0,No,0,No,0,No,1,0,1,0,1.0,1.0,1.0,1.0,Alta Certeza (Grado I)
1148,Rio Duerna IX - El Castillo - Los Arrotos - Carcuevas - Los Gandarales,,Hispania Tarraconensis,Spain,León,Valduerna,,DU-08,LE 17,,,,42.35531073,-6.277635411,0.0,Google Earth,,-20.0,200.0,15.0,300.0,,TRUE,0.0,0.0,0.0,0.0,0.0,0.0,0.0,0.0,,"Jones and Bird 1972; Domergue 1990: 43; Sanchez-Palencia and Orejas 1994, 192",1.0,0.0,TRUE,TRUE,FALSE,0.0,0.0,0.0,0.0,,"Alterites, tertiary deposits, and terraces",Secondary,Extensive,1,Confirmado,0,No,0,No,0,No,0,No,0,No,0,No,1,0,1,0,1.0,1.0,1.0,1.0,Alta Certeza (Grado I)
1150,Rio Duerna - Molinaferrera,,Hispania Tarraconensis,Spain,León,Valduerna,,DU-03,LE 17,,,,42.39152656,-6.357687984,0.0,Google Earth,,-20.0,200.0,15.0,300.0,,TRUE,0.0,0.0,0.0,0.0,0.0,0.0,0.0,0.0,Overgrown; stone piles visible on Google Earth,"Sanchez-Palencia and Orejas 1994, 192",1.0,0.0,TRUE,FALSE,TRUE,0.0,1.0,0.0,0.0,,,Secondary,Selective - Extensive,1,Confirmado,0,No,0,No,0,No,0,No,0,No,0,No,1,0,1,0,1.0,1.0,1.0,1.0,Alta Certeza (Grado I)
1151,Rio Duerna V,,Hispania Tarraconensis,Spain,León,Valduerna,,DU-12,LE 17,,,,42.34630418,-6.24916967,0.0,Google Earth,,-20.0,200.0,15.0,300.0,,TRUE,0.0,0.0,0.0,0.0,0.0,0.0,0.0,0.0,,"Jones and Bird 1972; Domergue 1990: 43; Sanchez-Palencia and Orejas 1994, 192",1.0,0.0,TRUE,FALSE,TRUE,0.0,1.0,0.0,0.0,,"Alterites, tertiary deposits, and terraces",Secondary,Extensive,1,Confirmado,0,No,0,No,0,No,0,No,0,No,0,No,1,0,1,0,1.0,1.0,1.0,1.0,Alta Certeza (Grado I)
1152,Rio Duerna VI - Los Castellones,,Hispania Tarraconensis,Spain,León,Valduerna,,DU-12,LE 17,,,,42.34639828,-6.257719707,0.0,Google Earth,,-20.0,200.0,15.0,300.0,,TRUE,0.0,0.0,0.0,0.0,0.0,0.0,0.0,0.0,"Hushing, developed out of ditches of Los Castellones hillfort","Jones and Bird 1972; Domergue 1990: 43; Sanchez-Palencia and Orejas 1994, 192",1.0,0.0,TRUE,TRUE,FALSE,0.0,0.0,0.0,0.0,,"Alterites, tertiary deposits, and terraces",Secondary,Extensive,1,Confirmado,0,No,0,No,0,No,0,No,0,No,0,No,1,0,1,0,1.0,1.0,1.0,1.0,Alta Certeza (Grado I)
1153,Rio Duerna VII,,Hispania Tarraconensis,Spain,León,Valduerna,,DU-12,LE 17,,,,42.33757264,-6.275154026,0.0,Google Earth,,-20.0,200.0,15.0,300.0,,TRUE,0.0,0.0,0.0,0.0,0.0,0.0,0.0,0.0,"Hushing, developed out of ditches of hillfort","Jones and Bird 1972; Domergue 1990: 43; Sanchez-Palencia and Orejas 1994, 192",1.0,0.0,TRUE,TRUE,FALSE,0.0,0.0,0.0,0.0,,"Alterites, tertiary deposits, and terraces",Secondary,Extensive,1,Confirmado,0,No,0,No,0,No,0,No,0,No,0,No,1,0,1,0,1.0,1.0,1.0,1.0,Alta Certeza (Grado I)
1154,Rio Duerna VIII - El Castillo - Los Arrotos - Carcuevas - Los Gandarales,,Hispania Tarraconensis,Spain,León,Valduerna,,DU-08,LE 17,,,,42.35027844,-6.269133468,0.0,Google Earth,,-20.0,200.0,15.0,300.0,,TRUE,0.0,0.0,0.0,0.0,0.0,0.0,0.0,0.0,,"Jones and Bird 1972; Domergue 1990: 43; Sanchez-Palencia and Orejas 1994, 192",1.0,0.0,TRUE,TRUE,FALSE,0.0,0.0,0.0,0.0,,"Alterites, tertiary deposits, and terraces",Secondary,Extensive,1,Confirmado,0,No,0,No,0,No,0,No,0,No,0,No,1,0,1,0,1.0,1.0,1.0,1.0,Alta Certeza (Grado I)
1155,Rio Duerna X - El Castillo - Los Arrotos - Carcuevas - Los Gandarales,,Hispania Tarraconensis,Spain,León,Valduerna,,DU-08,LE 17,,,,42.36069607,-6.282185769,0.0,Google Earth,,-20.0,200.0,15.0,300.0,,TRUE,0.0,0.0,0.0,0.0,0.0,0.0,0.0,0.0,,"Jones and Bird 1972; Domergue 1990: 43; Sanchez-Palencia and Orejas 1994, 192",1.0,0.0,TRUE,FALSE,TRUE,0.0,1.0,0.0,0.0,,"Alterites, tertiary deposits, and terraces",Secondary,Extensive,1,Confirmado,0,No,0,No,0,No,0,No,0,No,0,No,1,0,1,0,1.0,1.0,1.0,1.0,Alta Certeza (Grado I)
1156,Rio Duerna XI,,Hispania Tarraconensis,Spain,León,Valduerna,,,LE 17,,,,42.35842534,-6.298081887,0.0,Google Earth,,-20.0,200.0,15.0,300.0,,TRUE,0.0,0.0,0.0,0.0,0.0,0.0,0.0,0.0,"Hushing, developed out of ditches of hillfort",Jones and Bird 1972; Domergue 1990: 43,1.0,0.0,TRUE,TRUE,FALSE,0.0,0.0,0.0,0.0,,"Alterites, tertiary deposits, and terraces",Secondary,Extensive,1,Confirmado,0,No,0,No,0,No,0,No,0,No,0,No,1,0,1,0,1.0,0.9,1.0,0.9650000000000001,Alta Certeza (Grado I)
1157,Rio Duerna XII - El Castillo - Los Arrotos - Carcuevas - Los Gandarales,,Hispania Tarraconensis,Spain,León,Valduerna,,DU-08,LE 17,,,,42.36546279,-6.290063387,0.0,Google Earth,,-20.0,200.0,15.0,300.0,,TRUE,0.0,0.0,0.0,0.0,0.0,0.0,0.0,0.0,,"Jones and Bird 1972; Domergue 1990: 43; Sanchez-Palencia and Orejas 1994, 192",1.0,0.0,TRUE,TRUE,TRUE,0.0,0.0,0.0,0.0,,"Alterites, tertiary deposits, and terraces",Secondary,Extensive,1,Confirmado,0,No,0,No,0,No,0,No,0,No,0,No,1,0,1,0,1.0,1.0,1.0,1.0,Alta Certeza (Grado I)
1158,Rio Duerna XIII - La Braña - El Valle,,Hispania Tarraconensis,Spain,León,Valduerna,,DU-07,LE 17,,,,42.3652755,-6.303436006,0.0,Google Earth,,-20.0,200.0,15.0,300.0,,TRUE,0.0,0.0,0.0,0.0,0.0,0.0,0.0,0.0,,"Jones and Bird 1972; Domergue 1990: 43; Sanchez-Palencia and Orejas 1994, 192",1.0,0.0,TRUE,TRUE,TRUE,0.0,0.0,0.0,0.0,,"Alterites, tertiary deposits, and terraces",Secondary,Extensive,1,Confirmado,0,No,0,No,0,No,0,No,0,No,0,No,1,0,1,0,1.0,1.0,1.0,1.0,Alta Certeza (Grado I)
1159,Rio Duerna XIV - La Braña - El Valle,,Hispania Tarraconensis,Spain,León,Valduerna,,DU-07,LE 17,,,,42.37245524,-6.301548879,0.0,Google Earth,,-20.0,200.0,15.0,300.0,,TRUE,0.0,0.0,0.0,0.0,0.0,0.0,0.0,0.0,,"Jones and Bird 1972; Domergue 1990: 43; Sanchez-Palencia and Orejas 1994, 192",1.0,0.0,TRUE,TRUE,FALSE,0.0,0.0,0.0,0.0,,"Alterites, tertiary deposits, and terraces",Secondary,Extensive,1,Confirmado,0,No,0,No,0,No,0,No,0,No,0,No,1,0,1,0,1.0,1.0,1.0,1.0,Alta Certeza (Grado I)
1160,Rio Duerna XIX - Piozadera,,Hispania Tarraconensis,Spain,León,Valduerna,,DU-15,LE 17,,,,42.35862622,-6.246786721,0.0,Google Earth,,-20.0,200.0,15.0,300.0,,TRUE,0.0,0.0,0.0,0.0,0.0,0.0,0.0,0.0,,"Jones and Bird 1972; Domergue 1990: 43; Sanchez-Palencia and Orejas 1994, 192",1.0,0.0,TRUE,FALSE,FALSE,0.0,0.0,0.0,0.0,,"Alterites, tertiary deposits, and terraces",Secondary,Extensive,1,Confirmado,0,No,0,No,0,No,0,No,0,No,0,No,1,0,1,0,1.0,1.0,1.0,1.0,Alta Certeza (Grado I)
1161,Rio Duerna XV - La Braña - El Valle,,Hispania Tarraconensis,Spain,León,Valduerna,,DU-07,LE 17,,,,42.37621587,-6.312830908,0.0,Google Earth,,-20.0,200.0,15.0,300.0,,TRUE,0.0,0.0,0.0,0.0,0.0,0.0,0.0,0.0,,"Jones and Bird 1972; Domergue 1990: 43; Sanchez-Palencia and Orejas 1994, 192",1.0,0.0,TRUE,TRUE,TRUE,0.0,1.0,0.0,0.0,,"Alterites, tertiary deposits, and terraces",Secondary,Extensive,1,Confirmado,0,No,0,No,0,No,0,No,0,No,0,No,1,0,1,0,1.0,1.0,1.0,1.0,Alta Certeza (Grado I)
1162,Rio Duerna XVI - Los Vallejos,,Hispania Tarraconensis,Spain,León,Valduerna,,DU-05,LE 17,,,,42.37762908,-6.324448755,0.0,Google Earth,,-20.0,200.0,15.0,300.0,,TRUE,0.0,0.0,0.0,0.0,0.0,0.0,0.0,0.0,,"Jones and Bird 1972; Domergue 1990: 43; Sanchez-Palencia and Orejas 1994, 192",1.0,0.0,TRUE,FALSE,TRUE,0.0,0.0,0.0,0.0,,"Alterites, tertiary deposits, and terraces",Secondary,Extensive,1,Confirmado,0,No,0,No,0,No,0,No,0,No,0,No,1,0,1,0,1.0,1.0,1.0,1.0,Alta Certeza (Grado I)
1163,Rio Duerna XVII - Las Escrita - Los Vallelos,,Hispania Tarraconensis,Spain,León,Valduerna,,DU-04,LE 17,,,,42.38355,-6.336530028,0.0,Google Earth,,-20.0,200.0,15.0,300.0,,TRUE,0.0,0.0,0.0,0.0,0.0,0.0,0.0,0.0,,"Jones and Bird 1972; Domergue 1990: 43; Sanchez-Palencia and Orejas 1994, 192",1.0,0.0,TRUE,TRUE,TRUE,0.0,0.0,0.0,0.0,,"Alterites, tertiary deposits, and terraces",Secondary,Extensive,1,Confirmado,0,No,0,No,0,No,0,No,0,No,0,No,1,0,1,0,1.0,1.0,1.0,1.0,Alta Certeza (Grado I)
1164,Rio Duerna XVIII,,Hispania Tarraconensis,Spain,León,Valduerna,,,LE 17,,,,42.38926663,-6.34697293,0.0,Google Earth,,-20.0,200.0,15.0,300.0,,TRUE,0.0,0.0,0.0,0.0,0.0,0.0,0.0,0.0,,Jones and Bird 1972; Domergue 1990: 43,1.0,0.0,TRUE,FALSE,TRUE,0.0,1.0,0.0,0.0,,"Alterites, tertiary deposits, and terraces",Secondary,Extensive,1,Confirmado,0,No,0,No,0,No,0,No,0,No,0,No,1,0,1,0,1.0,0.9,1.0,0.9650000000000001,Alta Certeza (Grado I)
1165,Rio Duerna XX - Fucochicos [Fogochico (Fuco Chico) - El Chano],,Hispania Tarraconensis,Spain,León,Valduerna,,DU-16,LE 17,,,,42.35630258,-6.22700977,0.0,Google Earth,,-20.0,200.0,15.0,300.0,,TRUE,0.0,0.0,0.0,0.0,0.0,0.0,0.0,0.0,,"Jones and Bird 1972; Domergue 1990: 43; Sanchez-Palencia and Orejas 1994, 192",1.0,0.0,TRUE,TRUE,FALSE,0.0,0.0,0.0,0.0,,"Alterites, tertiary deposits, and terraces",Secondary,Extensive,1,Confirmado,0,No,0,No,0,No,0,No,0,No,0,No,1,0,1,0,1.0,1.0,1.0,1.0,Alta Certeza (Grado I)
1166,Rio Duerna XXI,,Hispania Tarraconensis,Spain,León,Valduerna,,,LE 17,,,,42.3464626,-6.21936529,0.0,Google Earth,,-20.0,200.0,15.0,300.0,,TRUE,0.0,0.0,0.0,0.0,0.0,0.0,0.0,0.0,,Jones and Bird 1972; Domergue 1990: 43,1.0,0.0,TRUE,FALSE,TRUE,0.0,1.0,0.0,0.0,,"Alterites, tertiary deposits, and terraces",Secondary,Extensive,1,Confirmado,0,No,0,No,0,No,0,No,0,No,0,No,1,0,1,0,1.0,0.9,1.0,0.9650000000000001,Alta Certeza (Grado I)
1167,Rio Golopón: arroyo Morax / arroyo Uclias,,Hispania Tarraconensis,Spain,Granada,,,,GR 3.2,994.0,687.5,310.2,37.38280435,-2.69980225,100.0,"Converted in QGIS from Lambert coords, Madrid 1870",,,,,,,TRUE,0.0,0.0,0.0,0.0,0.0,0.0,0.0,0.0,,Domergue 1990: 64,,,,,,,,,,,,,,1,Confirmado,0,No,0,No,0,No,0,No,0,No,0,No,0,0,0,0,1.0,0.9,1.0,0.9650000000000001,Alta Certeza (Grado I)
1168,Rio Golopón: tierra de los Cantaros,,Hispania Tarraconensis,Spain,Granada,,,,GR 3.1,994.0,687.5,313.5,37.41254183,-2.69938897,100.0,"Converted in QGIS from Lambert coords, Madrid 1870",,,,,,,TRUE,0.0,0.0,0.0,0.0,0.0,0.0,0.0,0.0,,Domergue 1990: 64,,,,,,,,,,,,,,1,Confirmado,0,No,0,No,0,No,0,No,0,No,0,No,0,0,0,0,1.0,0.9,1.0,0.9650000000000001,Alta Certeza (Grado I)
1169,Río Ibias,,Hispania Tarraconensis,Spain,Oviedo,Cuenca del Navia,,,O 15,74.0,341.4,940.2,43.0238595,-6.860420204,100.0,"Converted in QGIS from Lambert coords, Madrid 1870",,,,,,,TRUE,0.0,0.0,0.0,0.0,0.0,0.0,0.0,0.0,,Domergue 1990: 42,,,,,,,,,,,Quaternary terrace,,,1,Confirmado,0,No,0,No,0,No,0,No,0,No,0,No,0,0,0,0,1.0,0.9,1.0,0.9650000000000001,Alta Certeza (Grado I)
1170,Río Lor 1: Lama / A Filpeira,,Hispania Tarraconensis,Spain,Lugo,Cuenca media del Sil,,MS-095,LU 8.1,156.0,299.7,885.3,42.51563994,-7.343846061,100.0,"Converted in QGIS from Lambert coords, Madrid 1870",,,,,,,TRUE,0.0,0.0,0.0,0.0,0.0,0.0,0.0,0.0,,"Domergue 1990: 41; Sanchez-Palencia and Orejas 1994, 197",1.0,0.0,TRUE,,,,,,,,Quaternary terrace,Secondary,Extensive,1,Confirmado,0,No,0,No,0,No,0,No,0,No,0,No,1,0,1,0,1.0,1.0,1.0,1.0,Alta Certeza (Grado I)
1171,Río Lor 1: Margarida / A Couriscada de Margarida,,Hispania Tarraconensis,Spain,Lugo,Cuenca media del Sil,,MS-097,LU 8.3,156.0,300.0,881.5,42.48156271,-7.338304408,100.0,"Converted in QGIS from Lambert coords, Madrid 1870",,,,,,,TRUE,0.0,0.0,0.0,0.0,0.0,0.0,0.0,0.0,,"Domergue 1990: 41; Sanchez-Palencia and Orejas 1994, 197",1.0,0.0,TRUE,,,,,,,,Quaternary terrace,Secondary,Selective - Extensive,1,Confirmado,0,No,0,No,0,No,0,No,0,No,0,No,1,0,1,0,1.0,1.0,1.0,1.0,Alta Certeza (Grado I)
1172,Río Lor 1: Parada,,Hispania Tarraconensis,Spain,Lugo,Cuenca media del Sil,,MS-099,LU 8.5,189.0,299.0,879.8,42.46589856,-7.349609362,100.0,"Converted in QGIS from Lambert coords, Madrid 1870",,,,,,,TRUE,0.0,0.0,0.0,0.0,0.0,0.0,0.0,0.0,,"Domergue 1990: 41; Sanchez-Palencia and Orejas 1994, 197",1.0,0.0,TRUE,,,,,,,,Quaternary terrace,Secondary,Selective,1,Confirmado,0,No,0,No,0,No,0,No,0,No,0,No,1,0,1,0,1.0,1.0,1.0,1.0,Alta Certeza (Grado I)
1173,Río Lor 1: San Pedro,,Hispania Tarraconensis,Spain,Lugo,Cuenca media del Sil,,MS-096x,LU 8.2,156.0,299.0,882.9,42.49378906,-7.351158313,100.0,"Converted in QGIS from Lambert coords, Madrid 1870",,,,,,,TRUE,0.0,0.0,0.0,0.0,0.0,0.0,0.0,0.0,,Domergue 1990: 41,,,,,,,,,,,Quaternary terrace,,,1,Confirmado,0,No,0,No,0,No,0,No,0,No,0,No,0,0,0,0,1.0,1.0,1.0,1.0,Alta Certeza (Grado I)
1174,Río Lor 1: Santa Andrea,,Hispania Tarraconensis,Spain,Lugo,Cuenca media del Sil,,,LU 8.4,156.0,299.9,880.8,42.47522794,-7.339171134,100.0,"Converted in QGIS from Lambert coords, Madrid 1870",,,,,,,TRUE,0.0,0.0,0.0,0.0,0.0,0.0,0.0,0.0,,Domergue 1990: 41,,,,,,,,,,,Quaternary terrace,,,1,Confirmado,0,No,0,No,0,No,0,No,0,No,0,No,0,0,0,0,1.0,0.9,1.0,0.9650000000000001,Alta Certeza (Grado I)
1175,Río Lor 2: Castro Portela,,Hispania Tarraconensis,Spain,Lugo,Cuenca media del Sil,,MS-094,LU 13.1,156.0,,,42.539504,-7.271668,100.0,"Google Earth & description in Domergue 1987, 352",Domergue does not give coordinates,,,,,,TRUE,0.0,0.0,0.0,0.0,0.0,0.0,0.0,0.0,,Domergue 1987: 352; Domergue 1990: 41; Sanchez-Palencia and Orejas 1994: 197,1.0,0.0,TRUE,FALSE,FALSE,0.0,1.0,0.0,0.0,,Quaternary terrace,Primary,Extensive,1,Confirmado,0,No,0,No,0,No,0,No,0,No,0,No,1,0,1,0,1.0,1.0,1.0,1.0,Alta Certeza (Grado I)
1176,Río Lor 2: Froxán,,Hispania Tarraconensis,Spain,Lugo,Cuenca media del Sil,,MS-093,LU 13.[3],156.0,,,42.548857,-7.249596,1000.0,"Guessed, Google Earth",Domergue does not give coordinates,,,,,,TRUE,0.0,0.0,0.0,0.0,0.0,0.0,0.0,0.0,,Domergue 1987: 353; Domergue 1990: 41; Sanchez-Palencia and Orejas 1994: 196.,1.0,0.0,TRUE,FALSE,FALSE,0.0,1.0,0.0,0.0,,Quaternary terrace,Secondary,Selective,1,Confirmado,0,No,0,No,0,No,0,No,0,No,0,No,1,0,1,0,0.7,1.0,1.0,0.8799999999999999,Alta Certeza (Grado I)
1177,Río Lor 2: Millares,,Hispania Tarraconensis,Spain,Lugo,Cuenca media del Sil,,MS-092,LU 13.2.5,156.0,320.3,899.4,42.647318,-7.099299,100.0,"Converted in QGIS from Lambert coords, Madrid 1870; adjusted with reference to IGN map and Google Earth",,,,,,,TRUE,0.0,0.0,0.0,0.0,0.0,0.0,0.0,0.0,,Domergue 1987: 352; Domergue 1990: 41; Sanchez-Palencia and Orejas 1994: 196,1.0,0.0,TRUE,FALSE,FALSE,0.0,1.0,0.0,0.0,,Quaternary terrace,Primary,Extensive,1,Confirmado,0,No,0,No,0,No,0,No,0,No,0,No,1,0,1,0,1.0,1.0,1.0,1.0,Alta Certeza (Grado I)
1178,Río Lor 2: Mina de Toca,,Hispania Tarraconensis,Spain,Lugo,Cuenca media del Sil,,MS-089,LU 13.2.2,156.0,318.8,900.3,42.659236,-7.130851,0.0,"Converted in QGIS from Lambert coords, Madrid 1870; adjusted with reference to IGN map and Google Earth","Checked on ground by AIW, September 2018",,,,,,TRUE,0.0,0.0,0.0,0.0,0.0,0.0,0.0,0.0,,Domergue 1987: 352; Domergue 1990: 41; Sanchez-Palencia and Orejas 1994: 196,1.0,0.0,FALSE,FALSE,FALSE,0.0,0.0,0.0,0.0,,Quaternary terrace,Primary,Extensive,1,Confirmado,0,No,0,No,0,No,0,No,0,No,0,No,0,0,1,0,1.0,1.0,1.0,1.0,Alta Certeza (Grado I)
1179,Río Lor 2: Monte Barreiro,,Hispania Tarraconensis,Spain,Lugo,Cuenca media del Sil,,MS-088,LU 13.2.1,156.0,318.2,900.7,42.664408,-7.143739,100.0,"Converted in QGIS from Lambert coords, Madrid 1870; adjusted with reference to IGN map and Google Earth",Is this = MS-088 ?,,,,,,TRUE,0.0,0.0,0.0,0.0,0.0,0.0,0.0,0.0,,"Domergue 1987: 352; Domergue 1990: 41; Sanchez-Palencia and Orejas 1994, 196",1.0,0.0,TRUE,FALSE,FALSE,0.0,1.0,0.0,0.0,,Quaternary terrace,Primary,Extensive,1,Confirmado,0,No,0,No,0,No,0,No,0,No,0,No,1,0,1,0,1.0,1.0,1.0,1.0,Alta Certeza (Grado I)
1180,Río Lor 2: Torubio East,,Hispania Tarraconensis,Spain,Lugo,Cuenca media del Sil,,MS-091,LU 13.2.4,156.0,320.2,899.7,42.656215,-7.105088,100.0,"Converted in QGIS from Lambert coords, Madrid 1870; adjusted with reference to IGN map and Google Earth",,,,,,,TRUE,0.0,0.0,0.0,0.0,0.0,0.0,0.0,0.0,,Domergue 1987: 352; Domergue 1990: 41; Sanchez-Palencia and Orejas 1994: 196,1.0,0.0,TRUE,FALSE,FALSE,0.0,1.0,0.0,0.0,,Quaternary terrace,Primary,Extensive,1,Confirmado,0,No,0,No,0,No,0,No,0,No,0,No,1,0,1,0,1.0,1.0,1.0,1.0,Alta Certeza (Grado I)
1181,Río Lor 2: Torubio West,,Hispania Tarraconensis,Spain,Lugo,Cuenca media del Sil,,MS-090,LU 13.2.3,156.0,319.6,899.9,42.652669,-7.114141,0.0,"Converted in QGIS from Lambert coords, Madrid 1870; adjusted with reference to IGN map and Google Earth","Checked on ground by AIW, September 2018",,,,,,TRUE,0.0,0.0,0.0,0.0,0.0,0.0,0.0,0.0,,Domergue 1987: 352; Domergue 1990: 41; Sanchez-Palencia and Orejas 1994: 196,1.0,0.0,TRUE,FALSE,FALSE,0.0,1.0,0.0,0.0,,Quaternary terrace,Primary,Extensive,1,Confirmado,0,No,0,No,0,No,0,No,0,No,0,No,1,0,1,0,1.0,1.0,1.0,1.0,Alta Certeza (Grado I)
1182,Río Miño 1: Astariz / Razamonde,,Hispania Tarraconensis,Spain,Orense,Cuenca media del Miño,,MM-12,OR 3.c,225.0,241.4,867.3,42.33013178,-8.041866241,100.0,"Converted in QGIS from Lambert coords, Madrid 1870",,,,,,,TRUE,0.0,0.0,0.0,0.0,0.0,0.0,0.0,0.0,,"Domergue 1990: 41; Sanchez-Palencia and Orejas 1994, 194",1.0,0.0,TRUE,FALSE,FALSE,0.0,1.0,0.0,0.0,,Quaternary terrace,Secondary,Extensive,1,Confirmado,0,No,0,No,0,No,0,No,0,No,0,No,1,0,1,0,1.0,1.0,1.0,1.0,Alta Certeza (Grado I)
1183,Río Miño 1: Carretera / Puga,,Hispania Tarraconensis,Spain,Orense,Cuenca media del Miño,,MM-10,OR 3.a,225.0,243.9,866.6,42.32493061,-8.011148454,100.0,"Converted in QGIS from Lambert coords, Madrid 1870",,,,,,,TRUE,0.0,0.0,0.0,0.0,0.0,0.0,0.0,0.0,,"Domergue 1990: 41; Sanchez-Palencia and Orejas 1994, 194",1.0,0.0,TRUE,FALSE,FALSE,0.0,1.0,0.0,0.0,,Quaternary terrace,Secondary,Extensive,1,Confirmado,0,No,0,No,0,No,0,No,0,No,0,No,1,0,1,0,1.0,1.0,1.0,1.0,Alta Certeza (Grado I)
1184,Río Miño 1: Layas,,Hispania Tarraconensis,Spain,Orense,Cuenca media del Miño,,MM-11,OR 3.b,225.0,242.5,867.3,42.33061473,-8.028531771,100.0,"Converted in QGIS from Lambert coords, Madrid 1870",,,,,,,TRUE,0.0,0.0,0.0,0.0,0.0,0.0,0.0,0.0,,"Domergue 1990: 41; Sanchez-Palencia and Orejas 1994, 194",1.0,0.0,TRUE,FALSE,FALSE,0.0,1.0,0.0,0.0,,Quaternary terrace,Secondary,Selective,1,Confirmado,0,No,0,No,0,No,0,No,0,No,0,No,1,0,1,0,1.0,1.0,1.0,1.0,Alta Certeza (Grado I)
1185,Río Miño 1: Prado,,Hispania Tarraconensis,Spain,Orense,Cuenca media del Miño,,,OR 3.d,225.0,239.5,886.0,42.49748585,-8.07606624,100.0,"Converted in QGIS from Lambert coords, Madrid 1870",This is almost certainly misplaced and should be with the other OR 3 sites,,,,,,TRUE,0.0,0.0,0.0,0.0,0.0,0.0,0.0,0.0,,Domergue 1990: 41,1.0,0.0,TRUE,FALSE,FALSE,0.0,1.0,0.0,0.0,,Quaternary terrace,,,1,Confirmado,0,No,0,No,0,No,0,No,0,No,0,No,1,0,1,0,1.0,0.9,1.0,0.9650000000000001,Alta Certeza (Grado I)
1186,Río Miño 1: Seijo / Grova - Seixo - Chavola,,Hispania Tarraconensis,Spain,Orense,Cuenca media del Miño,,MM-13,OR 3.e,225.0,237.5,865.3,42.31041778,-8.087943747,100.0,"Converted in QGIS from Lambert coords, Madrid 1870",,,,,,,TRUE,0.0,0.0,0.0,0.0,0.0,0.0,0.0,0.0,,"Domergue 1990: 41; Sanchez-Palencia and Orejas 1994, 194",1.0,0.0,TRUE,FALSE,FALSE,0.0,1.0,0.0,0.0,,Quaternary terrace,Secondary,Selective,1,Confirmado,0,No,0,No,0,No,0,No,0,No,0,No,1,0,1,0,1.0,1.0,1.0,1.0,Alta Certeza (Grado I)
1187,Río Miño 2: Salvatierra,,Hispania Tarraconensis,Spain,Pontevedra,Cuenca media del Miño,,,PO 1.f,262.0,201.5,842.5,42.0885725,-8.509139932,100.0,"Converted in QGIS from Lambert coords, Madrid 1870",,,,,,,TRUE,0.0,0.0,0.0,0.0,0.0,0.0,0.0,0.0,,Domergue 1990: 41,1.0,0.0,TRUE,FALSE,FALSE,0.0,1.0,0.0,0.0,,Quaternary terrace,,,1,Confirmado,0,No,0,No,0,No,0,No,0,No,0,No,1,0,1,0,1.0,0.9,1.0,0.9650000000000001,Alta Certeza (Grado I)
1188,Río Miño 2: Salvatierra: Las Nieves,,Hispania Tarraconensis,Spain,Pontevedra,Cuenca media del Miño,,,PO 1.c,262.0,208.7,840.5,42.07405709,-8.420913246,100.0,"Converted in QGIS from Lambert coords, Madrid 1870",,,,,,,TRUE,0.0,0.0,0.0,0.0,0.0,0.0,0.0,0.0,,Domergue 1990: 41,1.0,0.0,TRUE,FALSE,FALSE,0.0,1.0,0.0,0.0,,Quaternary terrace,,,1,Confirmado,0,No,0,No,0,No,0,No,0,No,0,No,1,0,1,0,1.0,0.9,1.0,0.9650000000000001,Alta Certeza (Grado I)
1189,Río Miño 2: Salvatierra: Las Nieves,,Hispania Tarraconensis,Spain,Pontevedra,Cuenca media del Miño,,,PO 1.d,262.0,208.0,840.6,42.07462164,-8.429428437,100.0,"Converted in QGIS from Lambert coords, Madrid 1870",,,,,,,TRUE,0.0,0.0,0.0,0.0,0.0,0.0,0.0,0.0,,Domergue 1990: 41,1.0,0.0,TRUE,FALSE,FALSE,0.0,1.0,0.0,0.0,,Quaternary terrace,,,1,Confirmado,0,No,0,No,0,No,0,No,0,No,0,No,1,0,1,0,1.0,0.9,1.0,0.9650000000000001,Alta Certeza (Grado I)
1190,Río Miño 2: Salvatierra: Medanes,,Hispania Tarraconensis,Spain,Pontevedra,Cuenca media del Miño,,,PO 1.b,262.0,211.8,841.0,42.08003087,-8.383805077,100.0,"Converted in QGIS from Lambert coords, Madrid 1870",,,,,,,TRUE,0.0,0.0,0.0,0.0,0.0,0.0,0.0,0.0,,Domergue 1990: 41,1.0,0.0,TRUE,FALSE,FALSE,0.0,1.0,0.0,0.0,,Quaternary terrace,,,1,Confirmado,0,No,0,No,0,No,0,No,0,No,0,No,1,0,1,0,1.0,0.9,1.0,0.9650000000000001,Alta Certeza (Grado I)
1191,Río Miño 2: Salvatierra: San Juan de Barcela,,Hispania Tarraconensis,Spain,Pontevedra,Cuenca media del Miño,,,PO 1.a,262.0,215.6,841.8,42.08902083,-8.338426528,100.0,"Converted in QGIS from Lambert coords, Madrid 1870",,,,,,,TRUE,0.0,0.0,0.0,0.0,0.0,0.0,0.0,0.0,,Domergue 1990: 41,1.0,0.0,TRUE,FALSE,FALSE,0.0,1.0,0.0,0.0,,Quaternary terrace,,,1,Confirmado,0,No,0,No,0,No,0,No,0,No,0,No,1,0,1,0,1.0,0.9,1.0,0.9650000000000001,Alta Certeza (Grado I)
1192,Río Miño 2: Salvatierra: Santa Maria de Oleiros,,Hispania Tarraconensis,Spain,Pontevedra,Cuenca media del Miño,,,PO 1.e,262.0,205.4,842.4,42.08956293,-8.461982174,100.0,"Converted in QGIS from Lambert coords, Madrid 1870",,,,,,,TRUE,0.0,0.0,0.0,0.0,0.0,0.0,0.0,0.0,,Domergue 1990: 41,1.0,0.0,TRUE,FALSE,FALSE,0.0,1.0,0.0,0.0,,Quaternary terrace,,,1,Confirmado,0,No,0,No,0,No,0,No,0,No,0,No,1,0,1,0,1.0,0.9,1.0,0.9650000000000001,Alta Certeza (Grado I)
1193,Río Navia 1: arroyo Santa Marina,,Hispania Tarraconensis,Spain,Lugo,Cuenca Alta del Miño,,,LU 3.3,99.0,323.5,925.3,42.888246,-7.073463,100.0,"Converted in QGIS from Lambert coords, Madrid 1870, adjusted with reference to Google Earth and IGN map",,,,,,,TRUE,0.0,0.0,0.0,0.0,0.0,0.0,0.0,0.0,,Domergue 1990: 41,0.0,0.0,TRUE,FALSE,FALSE,0.0,1.0,0.0,0.0,,Quaternary terrace,,,1,Confirmado,0,No,0,No,0,No,0,No,0,No,0,No,1,0,1,0,1.0,0.9,1.0,0.9650000000000001,Alta Certeza (Grado I)
1194,Río Navia 1: Cervantes,,Hispania Tarraconensis,Spain,Lugo,Cuenca Alta del Miño,,,LU 3.1,99.0,323.0,923.8,42.87026019,-7.078290018,100.0,"Converted in QGIS from Lambert coords, Madrid 1870",,,,,,,TRUE,0.0,0.0,0.0,0.0,0.0,0.0,0.0,0.0,,Domergue 1990: 41,0.0,0.0,TRUE,FALSE,FALSE,0.0,1.0,0.0,0.0,,Quaternary terrace,,,1,Confirmado,0,No,0,No,0,No,0,No,0,No,0,No,1,0,1,0,1.0,0.9,1.0,0.9650000000000001,Alta Certeza (Grado I)
1195,Río Navia 1: Frayan de Arriba / Fraián,,Hispania Tarraconensis,Spain,Lugo,Cuenca Alta del Miño,,AN-03,LU 3.4,99.0,324.0,927.0,42.8993839,-7.067546514,100.0,"Converted in QGIS from Lambert coords, Madrid 1870",,,,,,,TRUE,0.0,0.0,0.0,0.0,0.0,0.0,0.0,0.0,,"Domergue 1990: 41; Sanchez-Palencia and Orejas 1994, 188",1.0,0.0,TRUE,FALSE,FALSE,0.0,1.0,0.0,0.0,,Quaternary terrace,Secondary,Extensive,1,Confirmado,0,No,0,No,0,No,0,No,0,No,0,No,1,0,1,0,1.0,1.0,1.0,1.0,Alta Certeza (Grado I)
1196,Río Navia 1: sub-site 2 / Vilachá,,Hispania Tarraconensis,Spain,Lugo,Cuenca Alta del Miño,,AN-02,LU 3.2,99.0,323.0,924.4,42.87565687,-7.078569229,100.0,"Converted in QGIS from Lambert coords, Madrid 1870",,,,,,,TRUE,0.0,0.0,0.0,0.0,0.0,0.0,0.0,0.0,,"Domergue 1990: 41; Sanchez-Palencia and Orejas 1994, 188",1.0,0.0,TRUE,FALSE,FALSE,0.0,1.0,0.0,0.0,,Quaternary terrace,Secondary,Selective,1,Confirmado,0,No,0,No,0,No,0,No,0,No,0,No,1,0,1,0,1.0,1.0,1.0,1.0,Alta Certeza (Grado I)
1197,Río Navia 1: sub-site 5,,Hispania Tarraconensis,Spain,Lugo,Cuenca Alta del Miño,,,LU 3.5,99.0,324.8,927.1,42.90055588,-7.057806165,100.0,"Converted in QGIS from Lambert coords, Madrid 1870",,,,,,,TRUE,0.0,0.0,0.0,0.0,0.0,0.0,0.0,0.0,,Domergue 1990: 41,0.0,0.0,TRUE,FALSE,FALSE,0.0,1.0,0.0,0.0,,Quaternary terrace,,,1,Confirmado,0,No,0,No,0,No,0,No,0,No,0,No,1,0,1,0,1.0,0.9,1.0,0.9650000000000001,Alta Certeza (Grado I)
1200,Río Sil 1: El Carril / La Sufreira,,Hispania Tarraconensis,Spain,León,Cuenca media del Sil,,MS-006,LE 8.4,158.0,341.6,882.5,42.50483568,-6.833003242,100.0,"Converted in QGIS from Lambert coords, Madrid 1870","Domergue's ""Río Sil 1: El Carril"" = Sanchez-Palencia & Orejas "" La Sufreira""",,,,,,TRUE,0.0,0.0,0.0,0.0,0.0,0.0,0.0,0.0,,"Domergue 1990: 44; Sanchez-Palencia and Orejas 1994, 195",1.0,0.0,TRUE,,,,,,,,Terrace,Secondary,Selective - Extensive,1,Confirmado,0,No,0,No,0,No,0,No,0,No,0,No,1,0,1,0,1.0,1.0,1.0,1.0,Alta Certeza (Grado I)
1201,Río Sil 1: Friera / Las Valiñas,,Hispania Tarraconensis,Spain,León,Cuenca media del Sil,,MS-004,LE 8.2,158.0,343.0,882.5,42.50527917,-6.815977444,100.0,"Converted in QGIS from Lambert coords, Madrid 1870","Domergue's ""Río Sil 1: Friera"" = Sanchez-Palencia & Orejas ""Las Valiñas"" ",,,,,,TRUE,0.0,0.0,0.0,0.0,0.0,0.0,0.0,0.0,,"Domergue 1990: 44; Sanchez-Palencia and Orejas 1994, 194",1.0,0.0,TRUE,,,,,,,,Terrace,Secondary,Extensive,1,Confirmado,0,No,0,No,0,No,0,No,0,No,0,No,1,0,1,0,1.0,1.0,1.0,1.0,Alta Certeza (Grado I)
1202,Río Sil 1: Requejo de Portela / O Trave,,Hispania Tarraconensis,Spain,León,Cuenca media del Sil,,MS-003,LE 8.1,158.0,343.5,883.5,42.51443574,-6.810322927,100.0,"Converted in QGIS from Lambert coords, Madrid 1870","Domergue's ""Río Sil 1: Requejo de Portela"" =  Sanchez-Palencia & Orejas ""O Trave""",,,,,,TRUE,0.0,0.0,0.0,0.0,0.0,0.0,0.0,0.0,,"Domergue 1990: 44; Sanchez-Palencia and Orejas 1994, 194",1.0,0.0,TRUE,,,,,,,,Terrace,Secondary,Selective,1,Confirmado,0,No,0,No,0,No,0,No,0,No,0,No,1,0,1,0,1.0,1.0,1.0,1.0,Alta Certeza (Grado I)
1203,Río Sil 1: Valina / El Cabalón,,Hispania Tarraconensis,Spain,León,Cuenca media del Sil,,MS-005,LE 8.3,158.0,343.9,882.2,42.50286336,-6.804904535,100.0,"Converted in QGIS from Lambert coords, Madrid 1870","Domergue's ""Río Sil 1: Valina"" =  Sanchez-Palencia & Orejas ""El Cabalón""",,,,,,TRUE,0.0,0.0,0.0,0.0,0.0,0.0,0.0,0.0,,"Domergue 1990: 44; Sanchez-Palencia and Orejas 1994, 194",1.0,0.0,TRUE,,,,,,,,Terrace,Secondary,Extensive,1,Confirmado,0,No,0,No,0,No,0,No,0,No,0,No,1,0,1,0,1.0,1.0,1.0,1.0,Alta Certeza (Grado I)
1204,Río Sil 2: Arroyo de Balén / La Tiñosa,,Hispania Tarraconensis,Spain,León,Cuenca media del Sil,,MS-007,LE 29.2,191.0,343.2,878.3,42.469031,-6.807225,500.0,"Converted in QGIS from Lambert coords, Madrid 1870, adjusted with Google Earth","Domergue's ""Río Sil 2: arroyo de Balén"" must = Sanchez-Palencia & Orejas ""La Tiñosa""",,,,,,TRUE,0.0,0.0,0.0,0.0,0.0,0.0,0.0,0.0,,"Domergue 1990: 44; Sanchez-Palencia and Orejas 1994, 195",1.0,0.0,TRUE,,,,,,,,Terrace,Secondary,Selective,1,Confirmado,0,No,0,No,0,No,0,No,0,No,0,No,1,0,1,0,0.85,1.0,1.0,0.94,Alta Certeza (Grado I)
1205,Río Sil 2: Arroyo de Balouta,,Hispania Tarraconensis,Spain,León,Cuenca media del Sil,,MS-009,LE 29.6,191.0,342.7,876.0,42.44669072,-6.8168499,100.0,"Converted in QGIS from Lambert coords, Madrid 1870",,,,,,,TRUE,0.0,0.0,0.0,0.0,0.0,0.0,0.0,0.0,,"Domergue 1990: 44; Sanchez-Palencia and Orejas 1994, 195",1.0,0.0,TRUE,,,,,,,,Terrace,Secondary,Selective,1,Confirmado,0,No,0,No,0,No,0,No,0,No,0,No,1,0,1,0,1.0,1.0,1.0,1.0,Alta Certeza (Grado I)
1206,Río Sil 2: La Peña del Cuervo / O Subreiral,,Hispania Tarraconensis,Spain,León,Cuenca media del Sil,,MS-015,LE 29.5,191.0,341.1,872.6,42.41558576,-6.83483159,100.0,"Converted in QGIS from Lambert coords, Madrid 1870","Domergue's ""Río Sil 2: La Peña del Cuervo"" = Sanchez-Palencia & Orejas ""O Subreiral""",,,,,,TRUE,0.0,0.0,0.0,0.0,0.0,0.0,0.0,0.0,,"Domergue 1990: 44; Sanchez-Palencia and Orejas 1994, 195",1.0,0.0,TRUE,,,,,,,,Terrace,Secondary,Extensive,1,Confirmado,0,No,0,No,0,No,0,No,0,No,0,No,1,0,1,0,1.0,1.0,1.0,1.0,Alta Certeza (Grado I)
1207,Río Sil 2: nr Covas,,Hispania Tarraconensis,Spain,León,Cuenca media del Sil,,MS---,LE 29.1,191.0,342.3,878.7,42.47086192,-6.822864394,100.0,"Converted in QGIS from Lambert coords, Madrid 1870",,,,,,,TRUE,0.0,0.0,0.0,0.0,0.0,0.0,0.0,0.0,,Domergue 1990: 44,,,,,,,,,,,Terrace,,,1,Confirmado,0,No,0,No,0,No,0,No,0,No,0,No,0,0,0,0,1.0,1.0,1.0,1.0,Alta Certeza (Grado I)
1208,Río Sil 2: nr Sobredo,,Hispania Tarraconensis,Spain,León,Cuenca media del Sil,,MS---,LE 29.3,191.0,342.2,874.0,42.4285339,-6.822070367,100.0,"Converted in QGIS from Lambert coords, Madrid 1870",,,,,,,TRUE,0.0,0.0,0.0,0.0,0.0,0.0,0.0,0.0,,Domergue 1990: 44,,,,,,,,,,,Terrace,,,1,Confirmado,0,No,0,No,0,No,0,No,0,No,0,No,0,0,0,0,1.0,1.0,1.0,1.0,Alta Certeza (Grado I)
1209,Río Sil 2: Quereño / Foi Pidriña,,Hispania Tarraconensis,Spain,León,Cuenca media del Sil,,MS-014,LE 29.4,191.0,341.6,873.7,42.42564393,-6.82923019,100.0,"Converted in QGIS from Lambert coords, Madrid 1870","Domergue's ""Río Sil 2: Quereño"" = Sanchez-Palencia & Orejas ""Foi Pidriña""",,,,,,TRUE,0.0,0.0,0.0,0.0,0.0,0.0,0.0,0.0,,"Domergue 1990: 44; Sanchez-Palencia and Orejas 1994, 195",1.0,0.0,TRUE,,,,,,,,Terrace,Secondary,Extensive,1,Confirmado,0,No,0,No,0,No,0,No,0,No,0,No,1,0,1,0,1.0,1.0,1.0,1.0,Alta Certeza (Grado I)
1210,Río Sil 2: Río Cabrera / A Meana,,Hispania Tarraconensis,Spain,León,Cuenca media del Sil,,MS-013,LE 29.8,191.0,341.9,872.6,42.41583965,-6.825115744,100.0,"Converted in QGIS from Lambert coords, Madrid 1870","Domergue's ""Río Sil 2: Río Cabrera"" = Sanchez-Palencia & Orejas ""A Meana""",,,,,,TRUE,0.0,0.0,0.0,0.0,0.0,0.0,0.0,0.0,,"Domergue 1990: 44; Sanchez-Palencia and Orejas 1994, 195",1.0,0.0,TRUE,,,,,,,,Terrace,Secondary,Selective,1,Confirmado,0,No,0,No,0,No,0,No,0,No,0,No,1,0,1,0,1.0,1.0,1.0,1.0,Alta Certeza (Grado I)
1211,Río Sil 2: Salas de Ribera / Valdefuentes,,Hispania Tarraconensis,Spain,León,Cuenca media del Sil,,MS-011,LE 29.7,191.0,343.0,875.0,42.43778615,-6.812778588,100.0,"Converted in QGIS from Lambert coords, Madrid 1870",,,,,,,TRUE,0.0,0.0,0.0,0.0,0.0,0.0,0.0,0.0,,"Domergue 1990: 44; Sanchez-Palencia and Orejas 1994, 195",1.0,0.0,TRUE,,,,,,,,Terrace,Secondary,Selective - Extensive,1,Confirmado,0,No,0,No,0,No,0,No,0,No,0,No,1,0,1,0,1.0,1.0,1.0,1.0,Alta Certeza (Grado I)
1212,Río Sil 3: arroyo de Candis,,Hispania Tarraconensis,Spain,Orense,Cuenca media del Sil,,MS---,OR 4.c,190.0,333.4,873.0,42.41670161,-6.928519422,100.0,"Converted in QGIS from Lambert coords, Madrid 1870",,,,,,,TRUE,0.0,0.0,0.0,0.0,0.0,0.0,0.0,0.0,,Domergue 1987: 409; Domergue 1990: 41,0.0,0.0,TRUE,FALSE,FALSE,0.0,1.0,0.0,0.0,,Quaternary terrace,,,1,Confirmado,0,No,0,No,0,No,0,No,0,No,0,No,1,0,1,0,1.0,1.0,1.0,1.0,Alta Certeza (Grado I)
1213,Río Sil 3: Carbayal / La Portela,,Hispania Tarraconensis,Spain,Orense,Cuenca media del Sil,,MS-024,OR 4.[i],190.0,325.5,874.3,42.42577595,-7.025048543,100.0,"Converted in QGIS from Lambert coords, Madrid 1870",,,,,,,TRUE,0.0,0.0,0.0,0.0,0.0,0.0,0.0,0.0,,"Domergue 1987: 409; Domergue 1990: 41; Sanchez-Palencia and Orejas 1994, 195",1.0,0.0,TRUE,FALSE,FALSE,0.0,1.0,0.0,0.0,,Quaternary terrace,Secondary,,1,Confirmado,0,No,0,No,0,No,0,No,0,No,0,No,1,0,1,0,1.0,1.0,1.0,1.0,Alta Certeza (Grado I)
1214,Río Sil 3: Corgormo / Arcos,,Hispania Tarraconensis,Spain,Orense,Cuenca media del Sil,,MS-025,OR 4.h,190.0,324.6,874.0,42.42277251,-7.035842697,100.0,"Converted in QGIS from Lambert coords, Madrid 1870",,,,,,,TRUE,0.0,0.0,0.0,0.0,0.0,0.0,0.0,0.0,,"Domergue 1987: 409; Domergue 1990: 41; Sanchez-Palencia and Orejas 1994, 195",1.0,0.0,TRUE,FALSE,FALSE,0.0,1.0,0.0,0.0,,Quaternary terrace,Secondary,Selective - Extensive,1,Confirmado,0,No,0,No,0,No,0,No,0,No,0,No,1,0,1,0,1.0,1.0,1.0,1.0,Alta Certeza (Grado I)
1215,Río Sil 3: Cortes,,Hispania Tarraconensis,Spain,Orense,Cuenca media del Sil,,MS-023,OR 4.g,190.0,329.8,872.4,42.41011596,-6.971970294,100.0,"Converted in QGIS from Lambert coords, Madrid 1870",,,,,,,TRUE,0.0,0.0,0.0,0.0,0.0,0.0,0.0,0.0,,Domergue 1987: 409; Domergue 1990: 41; Sanchez-Palencia and Orejas 1994: 195,1.0,0.0,TRUE,FALSE,FALSE,0.0,1.0,0.0,0.0,,Quaternary terrace,Secondary,Selective,1,Confirmado,0,No,0,No,0,No,0,No,0,No,0,No,1,0,1,0,1.0,1.0,1.0,1.0,Alta Certeza (Grado I)
1216,Río Sil 3: Entoma 1,,Hispania Tarraconensis,Spain,Orense,Cuenca media del Sil,,MS-020,OR 4.e,190.0,333.0,873.5,42.42107013,-6.933598417,100.0,"Converted in QGIS from Lambert coords, Madrid 1870","Domergue's ""Entoma 1"" = Sanchez-Palencia & Orejas ""Entoma II""",,,,,,TRUE,0.0,0.0,0.0,0.0,0.0,0.0,0.0,0.0,,Domergue 1987: 409; Domergue 1990: 41; Sanchez-Palencia and Orejas 1994: 195,1.0,0.0,TRUE,FALSE,FALSE,0.0,1.0,0.0,0.0,,Quaternary terrace,Secondary,Extensive,1,Confirmado,0,No,0,No,0,No,0,No,0,No,0,No,1,0,1,0,1.0,1.0,1.0,1.0,Alta Certeza (Grado I)
1217,Río Sil 3: Entoma 2,,Hispania Tarraconensis,Spain,Orense,Cuenca media del Sil,,MS-021,OR 4.f,190.0,332.0,873.5,42.4207417,-6.945743643,100.0,"Converted in QGIS from Lambert coords, Madrid 1870","Domergue's ""Entoma 2"" = Sanchez-Palencia & Orejas ""Entoma I""",,,,,,TRUE,0.0,0.0,0.0,0.0,0.0,0.0,0.0,0.0,,Domergue 1987: 409; Domergue 1990: 41; Sanchez-Palencia and Orejas 1994: 195,1.0,0.0,TRUE,FALSE,FALSE,0.0,1.0,0.0,0.0,,Quaternary terrace,Secondary,Selective - Extensive,1,Confirmado,0,No,0,No,0,No,0,No,0,No,0,No,1,0,1,0,1.0,1.0,1.0,1.0,Alta Certeza (Grado I)
1218,Río Sil 3: La Rúa / San Miguel de Otero,,Hispania Tarraconensis,Spain,Orense,Cuenca media del Sil,,MS---,OR 4.[j],190.0,,,42.3977,-7.095665,1100.0,Guessed: Google Earth,between La Rúa and San Miguel de Otero on the right bank of the Sil (Domergue does not give coordinates),,,,,,TRUE,0.0,0.0,0.0,0.0,0.0,0.0,0.0,0.0,,Domergue 1987: 409 n. 786 bis; Domergue 1990: 41,0.0,0.0,TRUE,FALSE,FALSE,0.0,1.0,0.0,0.0,,Quaternary terrace,,,1,Confirmado,0,No,0,No,0,No,0,No,0,No,0,No,1,0,1,0,0.5,1.0,1.0,0.8,Alta Certeza (Grado I)
1219,Río Sil 3: Medua (A Medua Grande - A Medua Pequena - Os Chaos),,Hispania Tarraconensis,Spain,Orense,Cuenca media del Sil,,MS-016,OR 4.a,190.0,337.7,871.2,42.40189885,-6.875514832,100.0,"Converted in QGIS from Lambert coords, Madrid 1870",,,,,,,TRUE,0.0,0.0,0.0,0.0,0.0,0.0,0.0,0.0,,"Domergue 1987: 409; Domergue 1990: 41; Sanchez-Palencia and Orejas 1994, 195",1.0,0.0,TRUE,FALSE,FALSE,0.0,1.0,0.0,0.0,,Quaternary terrace,Secondary,Extensive,1,Confirmado,0,No,0,No,0,No,0,No,0,No,0,No,1,0,1,0,1.0,1.0,1.0,1.0,Alta Certeza (Grado I)
1220,Río Sil 3: Millaroso / Santurjo (Santurxo),,Hispania Tarraconensis,Spain,Orense,Cuenca media del Sil,,MS-022,OR 4.d,190.0,331.0,873.2,42.41771234,-6.957755032,100.0,"Converted in QGIS from Lambert coords, Madrid 1870",Santurjop = Santurxo,,,,,,TRUE,0.0,0.0,0.0,0.0,0.0,0.0,0.0,0.0,,"Domergue 1987: 409; Domergue 1990: 41; Sanchez-Palencia and Orejas 1994, 195",1.0,0.0,TRUE,FALSE,FALSE,0.0,1.0,0.0,0.0,,Quaternary terrace,Secondary,Selective,1,Confirmado,0,No,0,No,0,No,0,No,0,No,0,No,1,0,1,0,1.0,1.0,1.0,1.0,Alta Certeza (Grado I)
1221,Río Sil 3: Sobradelo / A Lagua,,Hispania Tarraconensis,Spain,Orense,Cuenca media del Sil,,MS-018,OR 4.b,190.0,335.4,872.8,42.41555394,-6.904142487,100.0,"Converted in QGIS from Lambert coords, Madrid 1870",,,,,,,TRUE,0.0,0.0,0.0,0.0,0.0,0.0,0.0,0.0,,"Domergue 1987: 409; Domergue 1990: 41; Sanchez-Palencia and Orejas 1994, 195",1.0,0.0,TRUE,FALSE,FALSE,0.0,1.0,0.0,0.0,,Quaternary terrace,Secondary,Extensive,1,Confirmado,0,No,0,No,0,No,0,No,0,No,0,No,1,0,1,0,1.0,1.0,1.0,1.0,Alta Certeza (Grado I)
1222,Río Sil 4: Montefurado meander,,Hispania Tarraconensis,Spain,Lugo,Cuenca media del Sil,,MS---,LU 11.f,,310.5,870.6,42.38728903,-7.205445683,100.0,"Converted in QGIS from Lambert coords, Madrid 1870",,,,,,,TRUE,0.0,0.0,0.0,0.0,0.0,0.0,0.0,0.0,,Domergue 1990: 41,0.0,0.0,TRUE,FALSE,FALSE,0.0,1.0,0.0,0.0,,Quaternary terrace,,,1,Confirmado,0,No,0,No,0,No,0,No,0,No,0,No,1,0,1,0,1.0,1.0,1.0,1.0,Alta Certeza (Grado I)
1223,Río Sil 4: Montefurado meander b,,Hispania Tarraconensis,Spain,Lugo,Cuenca media del Sil,,MS---,LU 11.g,,311.0,871.0,42.39106584,-7.199568201,100.0,"Converted in QGIS from Lambert coords, Madrid 1870",,,,,,,TRUE,0.0,0.0,0.0,0.0,0.0,0.0,0.0,0.0,,Domergue 1990: 41,0.0,0.0,TRUE,FALSE,FALSE,0.0,1.0,0.0,0.0,,Quaternary terrace,,,1,Confirmado,0,No,0,No,0,No,0,No,0,No,0,No,1,0,1,0,1.0,1.0,1.0,1.0,Alta Certeza (Grado I)
1224,Río Sil 4: San Martin de Albaredos,,Hispania Tarraconensis,Spain,Lugo,Cuenca media del Sil,,MS-031,LU 11.b,,312.4,870.5,42.387062,-7.182336261,100.0,"Converted in QGIS from Lambert coords, Madrid 1870",,,,,,,TRUE,0.0,0.0,0.0,0.0,0.0,0.0,0.0,0.0,,"Domergue 1990: 41; Sanchez-Palencia and Orejas 1994, 195",1.0,0.0,TRUE,FALSE,FALSE,0.0,1.0,0.0,0.0,,Quaternary terrace,Secondary,Selective - Extensive,1,Confirmado,0,No,0,No,0,No,0,No,0,No,0,No,1,0,1,0,1.0,1.0,1.0,1.0,Alta Certeza (Grado I)
1225,Río Sil 4: sub-site c,,Hispania Tarraconensis,Spain,Lugo,Cuenca media del Sil,,MS---,LU 11.c,,312.3,871.2,42.39332556,-7.183883438,100.0,"Converted in QGIS from Lambert coords, Madrid 1870",,,,,,,TRUE,0.0,0.0,0.0,0.0,0.0,0.0,0.0,0.0,,Domergue 1990: 41,0.0,0.0,TRUE,FALSE,FALSE,0.0,1.0,0.0,0.0,,Quaternary terrace,,,1,Confirmado,0,No,0,No,0,No,0,No,0,No,0,No,1,0,1,0,1.0,1.0,1.0,1.0,Alta Certeza (Grado I)
1226,Río Sil 4: Villamuz,,Hispania Tarraconensis,Spain,Lugo,Cuenca media del Sil,,MS-030 or MS-032,LU 11.d,,311.7,870.4,42.38591481,-7.190784935,100.0,"Converted in QGIS from Lambert coords, Madrid 1870",,,,,,,TRUE,0.0,0.0,0.0,0.0,0.0,0.0,0.0,0.0,,Domergue 1990: 41,0.0,0.0,TRUE,FALSE,FALSE,0.0,1.0,0.0,0.0,,Quaternary terrace,,,1,Confirmado,0,No,0,No,0,No,0,No,0,No,0,No,1,0,1,0,1.0,1.0,1.0,1.0,Alta Certeza (Grado I)
1227,Río Sil 4: Viña Grande / Las Chozas,,Hispania Tarraconensis,Spain,Lugo,Cuenca media del Sil,,MS-029,LU 11.a,,313.6,870.9,42.39108403,-7.167960512,100.0,"Converted in QGIS from Lambert coords, Madrid 1870","Assuming Las Chozas = As Chouzas on the IGN map, in which case it is the same as Domergue's Río Sil 4: Viña Grande",,,,,,TRUE,0.0,0.0,0.0,0.0,0.0,0.0,0.0,0.0,,"Domergue 1990: 41; Sanchez-Palencia and Orejas 1994, 195",1.0,0.0,TRUE,FALSE,FALSE,0.0,1.0,0.0,0.0,,Quaternary terrace,Secondary,Extensive,1,Confirmado,0,No,0,No,0,No,0,No,0,No,0,No,1,0,1,0,1.0,1.0,1.0,1.0,Alta Certeza (Grado I)
1228,Río Sil 5: Aguasmestas,,Hispania Tarraconensis,Spain,Lugo,Cuenca media del Sil,,MS-046,LU 12.5,189.0,299.2,879.0,42.45877481,-7.346779839,100.0,"Converted in QGIS from Lambert coords, Madrid 1870",,,,,,,TRUE,0.0,0.0,0.0,0.0,0.0,0.0,0.0,0.0,,Domergue 1987: 352; Domergue 1990: 41; Sanchez-Palencia and Orejas 1994: 195,1.0,0.0,TRUE,FALSE,FALSE,0.0,0.0,0.0,0.0,,Quaternary terrace,Secondary,Selective,1,Confirmado,0,No,0,No,0,No,0,No,0,No,0,No,1,0,1,0,1.0,1.0,1.0,1.0,Alta Certeza (Grado I)
1229,Río Sil 5: Nocedo,,Hispania Tarraconensis,Spain,Lugo,Cuenca media del Sil,,MS---,LU 12.3,189.0,302.7,880.0,42.46905787,-7.304747156,100.0,"Converted in QGIS from Lambert coords, Madrid 1870",,,,,,,TRUE,0.0,0.0,0.0,0.0,0.0,0.0,0.0,0.0,,Domergue 1990: 41,1.0,0.0,TRUE,FALSE,FALSE,0.0,0.0,0.0,0.0,,Quaternary terrace,,,1,Confirmado,0,No,0,No,0,No,0,No,0,No,0,No,1,0,1,0,1.0,1.0,1.0,1.0,Alta Certeza (Grado I)
1230,Río Sil 5: Pacío Viejo / A Meda,,Hispania Tarraconensis,Spain,Lugo,Cuenca media del Sil,,MS-042,LU 12.2,189.0,306.0,879.5,42.4657579,-7.264400336,100.0,"Converted in QGIS from Lambert coords, Madrid 1870",,,,,,,TRUE,0.0,0.0,0.0,0.0,0.0,0.0,0.0,0.0,,"Domergue 1990: 41; Sanchez-Palencia and Orejas 1994, 195",1.0,0.0,TRUE,FALSE,TRUE,0.0,1.0,0.0,0.0,,Quaternary terrace,Secondary,Selective - Extensive,1,Confirmado,0,No,0,No,0,No,0,No,0,No,0,No,1,0,1,0,1.0,1.0,1.0,1.0,Alta Certeza (Grado I)
1231,Río Sil 5: Rairos,,Hispania Tarraconensis,Spain,Lugo,Cuenca media del Sil,,MS-044,LU 12.4,189.0,301.4,879.5,42.46408339,-7.320297123,100.0,"Converted in QGIS from Lambert coords, Madrid 1870",,,,,,,TRUE,0.0,0.0,0.0,0.0,0.0,0.0,0.0,0.0,,"Domergue 1990: 41; Sanchez-Palencia and Orejas 1994, 195",1.0,0.0,TRUE,FALSE,FALSE,0.0,0.0,0.0,0.0,,Quaternary terrace,Secondary,Extensive,1,Confirmado,0,No,0,No,0,No,0,No,0,No,0,No,1,0,1,0,1.0,1.0,1.0,1.0,Alta Certeza (Grado I)
1232,Río Sil 5: Sequeiros,,Hispania Tarraconensis,Spain,Lugo,Cuenca media del Sil,,MS-041,LU 12.1,189.0,307.5,877.4,42.44740344,-7.245153564,100.0,"Converted in QGIS from Lambert coords, Madrid 1870",,,,,,,TRUE,0.0,0.0,0.0,0.0,0.0,0.0,0.0,0.0,,"Domergue 1990: 41; Sanchez-Palencia and Orejas 1994, 195",1.0,0.0,TRUE,FALSE,FALSE,0.0,0.0,0.0,0.0,,Quaternary terrace,Secondary,Extensive,1,Confirmado,0,No,0,No,0,No,0,No,0,No,0,No,1,0,1,0,1.0,1.0,1.0,1.0,Alta Certeza (Grado I)
1233,Río Tejeira,,Hispania Tarraconensis,Spain,León,Cuencas de Cúa y Burbia,,CB-09,,,,,42.73659,-6.83448,1000.0,"Estimated from Sanchez-Palencia and Orejas 1994, fig. 14, and Google Earth",,,,,,,TRUE,0.0,0.0,0.0,0.0,0.0,0.0,0.0,0.0,,"Sanchez-Palencia and Orejas 1994, 191",,,,,,,,,,,,Primary,Extensive,1,Confirmado,0,No,0,No,0,No,0,No,0,No,0,No,0,0,0,0,0.7,0.9,1.0,0.845,Alta Certeza (Grado I)
1234,Los Arrotos - Laguna Cernea (Río Turienzo),,Hispania Tarraconensis,Spain,León,Cuencas del Turienzo y Jerega,,TJ-10,LE 37,192.0,389.0,876.0,42.452458,-6.245522,100.0,"Converted in QGIS from Lambert coords, Madrid 1870",Mines over a length of 9 km; need to add detail from Domergue as separate sites,,,,,,TRUE,0.0,0.0,0.0,0.0,0.0,0.0,0.0,0.0,,"Domergue 1990: 43; Sanchez-Palencia and Orejas 1994, 202",1.0,0.0,TRUE,FALSE,FALSE,0.0,0.0,0.0,0.0,,"Alterites, Tertiary deposits, and terraces",Secondary,Selective,1,Confirmado,0,No,0,No,0,No,0,No,0,No,0,No,1,0,1,0,1.0,1.0,1.0,1.0,Alta Certeza (Grado I)
1235,Los Barriales (Río Turienzo),,Hispania Tarraconensis,Spain,León,Cuencas del Turienzo y Jerega,,TJ-14,LE 37,193.0,397.6,871.0,42.42551,-6.156194,500.0,"Converted in QGIS from Lambert coords, Madrid 1870 and then adjusted with Google Earth",Mines over a length of 9 km; need to add detail from Domergue as separate sites,,,,,,TRUE,0.0,0.0,0.0,0.0,0.0,0.0,0.0,0.0,,"Domergue 1990: 43; Sanchez-Palencia and Orejas 1994, 202",1.0,0.0,TRUE,FALSE,FALSE,0.0,0.0,0.0,0.0,,"Alterites, Tertiary deposits, and terraces",Secondary,Selective - Extensive,1,Confirmado,0,No,0,No,0,No,0,No,0,No,0,No,1,0,1,0,0.85,1.0,1.0,0.94,Alta Certeza (Grado I)
1236,Río Valledor,,Hispania Tarraconensis,Spain,Oviedo,Cuenca del Navia,,NV-56,,,,,43.132623,-6.801538,1000.0,"Placename, Google Earth, and Sanchez-Palencia and Orejas 1994, fig. 13.",,,,,,,TRUE,0.0,0.0,0.0,0.0,0.0,0.0,0.0,0.0,,"Sanchez-Palencia and Orejas 1994, 200",1.0,0.0,TRUE,,,,,,,,,Secondary,Selective,1,Confirmado,0,No,0,No,0,No,0,No,0,No,0,No,1,0,1,0,0.7,0.9,1.0,0.845,Alta Certeza (Grado I)
1237,Río Valmayor,,Hispania Tarraconensis,Spain,Ciudad Real,Alcudia,,,CR 34,861.0,557.6,423.4,38.40653916,-4.1737441,100.0,"Converted in QGIS from Lambert coords, Madrid 1870",,,,,,,FALSE,1.0,1.0,0.0,0.0,0.0,0.0,0.0,0.0,,Domergue 1990: 46,0.0,1.0,FALSE,FALSE,FALSE,0.0,0.0,0.0,0.0,,,,,0,No,1,Confirmado,0,No,1,Confirmado,0,No,0,No,0,No,0,1,0,0,1.0,0.9,1.0,0.9650000000000001,Alta Certeza (Grado I)
1238,Riocabo,,Hispania Tarraconensis,Spain,Oviedo,Cuenca del Porcia,,PO-07,,,,,43.46762,-6.831393,500.0,"Placename, Riucabo, IGN map, compared with Google Earth.",,,,,,,TRUE,0.0,0.0,0.0,0.0,0.0,0.0,0.0,0.0,,"Sanchez-Palencia and Orejas 1994, 201",1.0,0.0,TRUE,,,,,,,,,Secondary,Selective,1,Confirmado,0,No,0,No,0,No,0,No,0,No,0,No,1,0,1,0,0.85,0.9,1.0,0.905,Alta Certeza (Grado I)
1239,Riodeporcos,,Hispania Tarraconensis,Spain,Oviedo,Cuenca del Navia,,,O 14,74.0,335.0,946.0,43.07394556,-6.941462001,100.0,"Converted in QGIS from Lambert coords, Madrid 1870",,,,,,,FALSE,1.0,1.0,0.0,0.0,0.0,0.0,0.0,0.0,,Domergue 1990: 42,,,FALSE,FALSE,FALSE,0.0,0.0,0.0,,,Hard rock,,,0,No,1,Confirmado,0,No,1,Confirmado,0,No,0,No,0,No,0,0,0,0,1.0,0.9,1.0,0.9650000000000001,Alta Certeza (Grado I)
1240,Riospaso,,Hispania Tarraconensis,Spain,Oviedo,Asturias,,,O 16,77.0,421.5,457.5,43.019944,-5.879568,2000.0,Placename on Google Earth,,,,,,,FALSE,0.0,0.0,1.0,0.0,0.0,0.0,0.0,0.0,,Domergue 1990: 42,,,FALSE,FALSE,FALSE,0.0,0.0,0.0,,,Hard rock,,,0,No,0,No,1,Confirmado,0,No,0,No,0,No,0,No,0,0,0,0,0.5,0.9,1.0,0.765,Media Certeza (Grado II)
1241,Riotinto,Urium (?),Hispania Baetica,Spain,Huelva,Huelva,,,H 43,938.0,344.6,349.5,37.70395454,-6.58569922,100.0,"Converted in QGIS from Lambert coords, Madrid 1870",,-100.0,,200.0,,,FALSE,1.0,0.0,1.0,0.0,1.0,0.0,0.0,0.0,"Originally a Punic mine, Riotinto was one of the largest mines in the Roman empire. It may be the site that Ptolemy refers to as Urium. Silver and copper mine which produced an estimated 16,000,000 tons of slag. 16 pairs of water wheels found in the mine draining depths of 100m. It is surrounded by an extensive settlement with cemeteries.",Jones 1980: 146-165; Rothenberg 1981; Domergue 1990: 62.,0.0,1.0,FALSE,FALSE,FALSE,0.0,0.0,0.0,0.0,,Pyrite,Primary,,0,No,1,Confirmado,1,Confirmado,0,No,0,No,0,No,1,Confirmado,0,1,0,0,1.0,0.9,1.0,0.9650000000000001,Alta Certeza (Grado I)
1242,Riscos de Guadanuño,,Hispania Baetica,Spain,Córdoba,Córdoba,,,CO 119,902.0,498.9,379.0,38.00140764,-4.83968301,100.0,"Converted in QGIS from Lambert coords, Madrid 1870",,,,,,,FALSE,0.0,0.0,1.0,0.0,0.0,0.0,0.0,0.0,,Domergue 1990: 47,,,FALSE,FALSE,FALSE,0.0,0.0,0.0,,,Hard rock,,,0,No,0,No,1,Confirmado,0,No,0,No,0,No,0,No,0,0,0,0,1.0,0.9,1.0,0.9650000000000001,Alta Certeza (Grado I)
1243,As Grovas de Rivas,,Hispania Tarraconensis,Spain,Orense,Cuenca media del Miño,,MM-04,OR 5.0,187.0,239.7,885.2,42.49037963,-8.073157016,100.0,"Converted in QGIS from Lambert coords, Madrid 1870",,,,,,,TRUE,0.0,0.0,0.0,0.0,0.0,0.0,0.0,0.0,,"Domergue 1990: 40; Sanchez-Palencia and Orejas 1994, 194",,,,,,,,,,,Hard rock,Primary,Extensive,1,Confirmado,0,No,0,No,0,No,0,No,0,No,0,No,0,0,0,0,1.0,1.0,1.0,1.0,Alta Certeza (Grado I)
1244,Rivas: La Peña das Covas,,Hispania Tarraconensis,Spain,Orense,Cuenca media del Miño,,MM-03,OR 5.2,154.0,238.9,887.5,42.51070985,-8.084257619,100.0,"Converted in QGIS from Lambert coords, Madrid 1870",,,,,,,TRUE,0.0,0.0,0.0,0.0,0.0,0.0,0.0,0.0,,"Domergue 1990: 40; Sanchez-Palencia and Orejas 1994, 194",,,,,,,,,,,Hard rock,Primary,Selective - Extensive,1,Confirmado,0,No,0,No,0,No,0,No,0,No,0,No,0,0,0,0,1.0,1.0,1.0,1.0,Alta Certeza (Grado I)
1245,Rivas: Larouce,,Hispania Tarraconensis,Spain,Orense,Cuenca media del Miño,,,OR 5.1,187.0,242.0,885.0,42.48959611,-8.045089494,100.0,"Converted in QGIS from Lambert coords, Madrid 1870",,,,,,,TRUE,0.0,0.0,0.0,0.0,0.0,0.0,0.0,0.0,,Domergue 1990: 40,,,,,,,,,,,Hard rock,,,1,Confirmado,0,No,0,No,0,No,0,No,0,No,0,No,0,0,0,0,1.0,0.9,1.0,0.9650000000000001,Alta Certeza (Grado I)
1246,Robledo I,,Hispania Tarraconensis,Spain,Oviedo,Cuenca del Navia,,NV-45,,,,,43.185507,-6.76863,500.0,"Guessed, in relation to Villasonte and La Presa, after Sanchez-Palencia and Orejas 1994, fig. 13.",,,,,,,TRUE,0.0,0.0,0.0,0.0,0.0,0.0,0.0,0.0,,"Sanchez-Palencia and Orejas 1994, 200",1.0,0.0,TRUE,,,,,,,,,Secondary,Extensive,1,Confirmado,0,No,0,No,0,No,0,No,0,No,0,No,1,0,1,0,0.85,0.9,1.0,0.905,Alta Certeza (Grado I)
1247,Robledo II,,Hispania Tarraconensis,Spain,Oviedo,Cuenca del Navia,,NV-44,,,,,43.187871,-6.766993,500.0,"Guessed, in relation to Villasonte and La Presa, after Sanchez-Palencia and Orejas 1994, fig. 13.",,,,,,,TRUE,0.0,0.0,0.0,0.0,0.0,0.0,0.0,0.0,,"Sanchez-Palencia and Orejas 1994, 200",1.0,0.0,TRUE,,,,,,,,,Secondary,Extensive,1,Confirmado,0,No,0,No,0,No,0,No,0,No,0,No,1,0,1,0,0.85,0.9,1.0,0.905,Alta Certeza (Grado I)
1248,Rocabruna,,Hispania Tarraconensis,Spain,Gerona,Rocabruna,,,GE 1,218.0,1106.5,879.1,42.35774763,2.46672221,100.0,"Converted in QGIS from Lambert coords, Madrid 1870",,,,,,,FALSE,1.0,0.0,1.0,0.0,0.0,0.0,0.0,0.0,,Domergue 1990: 64,,,FALSE,FALSE,FALSE,0.0,0.0,0.0,,,,,,0,No,1,Confirmado,1,Confirmado,0,No,0,No,0,No,0,No,0,0,0,0,1.0,0.9,1.0,0.9650000000000001,Alta Certeza (Grado I)
1249,Román,,Hispania Tarraconensis,Spain,Oviedo,Cuenca del Navia,,NV-23,,,,,43.024431,-6.863934,100.0,"Google Earth, IGN map, and Sanchez-Palencia and Orejas 1994, fig. 13.",,,,,,,TRUE,0.0,0.0,0.0,0.0,0.0,0.0,0.0,0.0,,"Sanchez-Palencia and Orejas 1994, 199",1.0,0.0,TRUE,,,,,,,,,Secondary,Extensive,1,Confirmado,0,No,0,No,0,No,0,No,0,No,0,No,1,0,1,0,1.0,0.9,1.0,0.9650000000000001,Alta Certeza (Grado I)
1250,Romanilla,,Hispania Tarraconensis,Spain,Ciudad Real,Alcudia,,,CR 22,835.0,544.6,446.2,38.61136908,-4.32455507,100.0,"Converted in QGIS from Lambert coords, Madrid 1870",,,,,,,FALSE,1.0,1.0,0.0,0.0,0.0,0.0,0.0,0.0,,Domergue 1990: 46,0.0,1.0,FALSE,FALSE,FALSE,0.0,0.0,0.0,0.0,,,,,0,No,1,Confirmado,0,No,1,Confirmado,0,No,0,No,0,No,0,1,0,0,1.0,0.9,1.0,0.9650000000000001,Alta Certeza (Grado I)
1251,Rosal,,Hispania Tarraconensis,Spain,Pontevedra,Cuenca Baja del Miño,,BM-02,,,,,41.936641,-8.83615,1000.0,"Google Earth, placename",,,,,,,TRUE,0.0,0.0,0.0,0.0,0.0,0.0,0.0,0.0,,"Sanchez-Palencia and Orejas 1994, 190",,,,,,,,,,,,Primary,Extensive,1,Confirmado,0,No,0,No,0,No,0,No,0,No,0,No,0,0,0,0,0.7,0.9,1.0,0.845,Alta Certeza (Grado I)
1252,Rosalía,,Hispania Baetica,Spain,Córdoba,Azuaga-Fuenteovejuna,,,CO 53,879.0,454.5,407.8,38.25469231,-5.35151691,100.0,"Converted in QGIS from Lambert coords, Madrid 1870",,,,,,,FALSE,1.0,1.0,0.0,0.0,0.0,0.0,0.0,0.0,,Domergue 1990: 46,0.0,1.0,FALSE,FALSE,FALSE,0.0,0.0,0.0,0.0,,Hard rock,Primary,,0,No,1,Confirmado,0,No,1,Confirmado,0,No,0,No,0,No,0,1,0,0,1.0,0.9,1.0,0.9650000000000001,Alta Certeza (Grado I)
1253,Rubieros,,Hispania Tarraconensis,Spain,Oviedo,Cuenca del Narcea,,NA-05,,,,,43.233056,-6.518363,500.0,"Estimated from Sanchez-Palencia and Orejas 1994, fig. 13, IGN map, and Google Earth",,,,,,,TRUE,0.0,0.0,0.0,0.0,0.0,0.0,0.0,0.0,,"Sanchez-Palencia and Orejas 1994, 197",1.0,0.0,TRUE,,,,,,,,,Secondary,Selective,1,Confirmado,0,No,0,No,0,No,0,No,0,No,0,No,1,0,1,0,0.85,0.9,1.0,0.905,Alta Certeza (Grado I)
1254,Salas de Galiarda,,Hispania Baetica,Spain,Jaén,Montoro Andújar,,,J 10,883.0,584.8,399.8,38.194676,-3.86157025,100.0,"Converted in QGIS from Lambert coords, Madrid 1870",,,,,,,FALSE,0.0,0.0,1.0,0.0,0.0,0.0,0.0,0.0,,Domergue 1990: 47,0.0,1.0,FALSE,FALSE,FALSE,0.0,0.0,0.0,0.0,,Hard rock,,,0,No,0,No,1,Confirmado,0,No,0,No,0,No,0,No,0,1,0,0,1.0,0.9,1.0,0.9650000000000001,Alta Certeza (Grado I)
1255,Salientes I,,Hispania Tarraconensis,Spain,León,Cuenca Alta del Sil,,AS-01,,,,,42.864137,-6.323479,500.0,"Estimated from Sanchez-Palencia and Orejas 1994, fig. 14, IGN map, and Google Earth",,,,,,,TRUE,0.0,0.0,0.0,0.0,0.0,0.0,0.0,0.0,,"Sanchez-Palencia and Orejas 1994, 189",,,,,,,,,,,,Primary,Selective - Extensive,1,Confirmado,0,No,0,No,0,No,0,No,0,No,0,No,0,0,0,0,0.85,0.9,1.0,0.905,Alta Certeza (Grado I)
1257,Salto del Burro,,Hispania Baetica,Spain,Badajoz,Azuaga-Fuenteovejuna,,,BA 14,878.0,430.3,402.9,38.20611661,-5.62690863,100.0,"Converted in QGIS from Lambert coords, Madrid 1870",,,,,,,FALSE,1.0,1.0,0.0,0.0,0.0,0.0,0.0,0.0,,Domergue 1990: 46,0.0,1.0,FALSE,FALSE,FALSE,0.0,0.0,0.0,0.0,,Hard rock,Primary,,0,No,1,Confirmado,0,No,1,Confirmado,0,No,0,No,0,No,0,1,0,0,1.0,0.9,1.0,0.9650000000000001,Alta Certeza (Grado I)
1258,Sampayo,,Hispania Tarraconensis,Spain,Orense,Cuenca media del Sil,,MS-028,,,,,42.379346,-7.089137,1000.0,Guessed from IGN map,Assuming Sampayo = San Paio,,,,,,TRUE,0.0,0.0,0.0,0.0,0.0,0.0,0.0,0.0,,"Sanchez-Palencia and Orejas 1994, 195",1.0,0.0,TRUE,,,,,,,,,Secondary,Extensive,1,Confirmado,0,No,0,No,0,No,0,No,0,No,0,No,1,0,1,0,0.7,0.9,1.0,0.845,Alta Certeza (Grado I)
1259,San Antolín de Ibias II,,Hispania Tarraconensis,Spain,Oviedo,Cuenca del Navia,,NV-19,,,,,43.037832,-6.867154,1000.0,"Google Earth and Sanchez-Palencia and Orejas 1994, fig. 13.",,,,,,,TRUE,0.0,0.0,0.0,0.0,0.0,0.0,0.0,0.0,,"Sanchez-Palencia and Orejas 1994, 199",,,,,,,,,,,,Secondary - Primary,Extensive,1,Confirmado,0,No,0,No,0,No,0,No,0,No,0,No,0,0,0,0,0.7,0.9,1.0,0.845,Alta Certeza (Grado I)
1260,San Antolín de Ibias I,,Hispania Tarraconensis,Spain,Oviedo,Cuenca del Navia,,NV-26,,,,,43.043902,-6.8751,500.0,"Google Earth, IGN map, and Sanchez-Palencia and Orejas 1994, fig. 13.",,,,,,,TRUE,0.0,0.0,0.0,0.0,0.0,0.0,0.0,0.0,,"Sanchez-Palencia and Orejas 1994, 199",1.0,0.0,TRUE,,,,,,,,,Secondary,Extensive,1,Confirmado,0,No,0,No,0,No,0,No,0,No,0,No,1,0,1,0,0.85,0.9,1.0,0.905,Alta Certeza (Grado I)
1261,San Clodio,,Hispania Tarraconensis,Spain,Lugo,Cuenca media del Sil,,MS-043,,,,,42.462386,-7.287404,500.0,"Estimated from Google Earth, IGN map, and Sanchez-Palencia and Orejas 1994, fig. 16",,,,,,,TRUE,0.0,0.0,0.0,0.0,0.0,0.0,0.0,0.0,,"Sanchez-Palencia and Orejas 1994, 195",1.0,0.0,TRUE,,,,,,,,,Secondary,Extensive,1,Confirmado,0,No,0,No,0,No,0,No,0,No,0,No,1,0,1,0,0.85,0.9,1.0,0.905,Alta Certeza (Grado I)
1262,San Eduardo,,Hispania Baetica,Spain,Huelva,Huelva,,,H 14,938.0,338.7,356.1,37.76166281,-6.65508336,100.0,"Converted in QGIS from Lambert coords, Madrid 1870",,,,,,,FALSE,0.0,0.0,1.0,0.0,0.0,0.0,0.0,0.0,,Domergue 1990: 62,,,FALSE,FALSE,FALSE,0.0,0.0,0.0,,,Pyrite,Primary,,0,No,0,No,1,Confirmado,0,No,0,No,0,No,0,No,0,0,0,0,1.0,0.9,1.0,0.9650000000000001,Alta Certeza (Grado I)
1264,San Félix de las Montañas I,,Hispania Tarraconensis,Spain,Oviedo,Cuenca del Narcea,,NA-17,O 11,75.0,357.0,954.3,43.160535,-6.673844,1000.0,Guessed from Sanchez-Palencia and Orejas 1994 fig. 13 and Google Earth,"Unclear which of the two sites,  San Félix de las Montañas I and II, is the one referred to by Domergue.",,,,,,TRUE,0.0,0.0,0.0,0.0,0.0,0.0,0.0,0.0,,"Domergue 1990: 42; Sanchez-Palencia and Orejas 1994, 197",,1.0,,,,,,,,,Hard rock,Primary,Extensive,1,Confirmado,0,No,0,No,0,No,0,No,0,No,0,No,0,1,0,0,0.7,1.0,1.0,0.8799999999999999,Alta Certeza (Grado I)
1265,San Félix de las Montañas II,,Hispania Tarraconensis,Spain,Oviedo,Cuenca del Narcea,,NA-16,O 11,75.0,357.0,954.3,43.15551657,-6.674982843,100.0,"Converted in QGIS from Lambert coords, Madrid 1870","NB coordinates from Domergue's ""San Félix de las Montañas"""" - same as San Félix de las Montañas I""",,,,,,TRUE,0.0,0.0,0.0,0.0,0.0,0.0,0.0,0.0,,"Domergue 1990: 42; Sanchez-Palencia and Orejas 1994, 197",,1.0,,,,,,,,,Hard rock,Primary,Extensive,1,Confirmado,0,No,0,No,0,No,0,No,0,No,0,No,0,1,0,0,1.0,1.0,1.0,1.0,Alta Certeza (Grado I)
1266,San Gabriel,,Hispania Tarraconensis,Spain,Jaén,Linares - La Carolina,,,J 30,884.0,611.5,413.4,38.31734513,-3.55634363,100.0,"Converted in QGIS from Lambert coords, Madrid 1870",,,,,,,FALSE,1.0,1.0,0.0,0.0,0.0,0.0,0.0,0.0,,Domergue 1990: 45,0.0,1.0,FALSE,FALSE,FALSE,0.0,0.0,0.0,0.0,,Hard rock,,,0,No,1,Confirmado,0,No,1,Confirmado,0,No,0,No,0,No,0,1,0,0,1.0,0.9,1.0,0.9650000000000001,Alta Certeza (Grado I)
1267,San Juan Bautista,,Hispania Tarraconensis,Spain,Ciudad Real,Alcudia,,,CR 15,835.0,532.0,446.0,38.60866219,-4.46931815,100.0,"Converted in QGIS from Lambert coords, Madrid 1870",,,,,,,FALSE,1.0,1.0,0.0,0.0,0.0,0.0,0.0,0.0,,Domergue 1990: 46,,,FALSE,FALSE,FALSE,0.0,0.0,0.0,,,,,,0,No,1,Confirmado,0,No,1,Confirmado,0,No,0,No,0,No,0,0,0,0,1.0,0.9,1.0,0.9650000000000001,Alta Certeza (Grado I)
1268,San Marcos,,Hispania Tarraconensis,Spain,Ciudad Real,Alcudia,,,CR 17,835.0,530.4,448.5,38.63107476,-4.4879604,100.0,"Converted in QGIS from Lambert coords, Madrid 1870",,,,,,,FALSE,1.0,1.0,0.0,0.0,0.0,0.0,0.0,0.0,,Domergue 1990: 46,0.0,1.0,FALSE,FALSE,FALSE,0.0,0.0,0.0,0.0,,,,,0,No,1,Confirmado,0,No,1,Confirmado,0,No,0,No,0,No,0,1,0,0,1.0,0.9,1.0,0.9650000000000001,Alta Certeza (Grado I)
1269,San Miguel (Huelva),,Hispania Baetica,Spain,Huelva,Huelva,,,H 4,938.0,330.3,356.3,37.76090411,-6.75047215,100.0,"Converted in QGIS from Lambert coords, Madrid 1870",,,,,,,FALSE,0.0,0.0,1.0,0.0,0.0,0.0,0.0,0.0,,Domergue 1990: 62,,,FALSE,FALSE,FALSE,0.0,0.0,0.0,,,Pyrite,Primary,,0,No,0,No,1,Confirmado,0,No,0,No,0,No,0,No,0,0,0,0,1.0,0.9,1.0,0.9650000000000001,Alta Certeza (Grado I)
1270,San Miguel (Sevilla),,Hispania Baetica,Spain,Sevilla,Sevilla,,,SE 2,191.0,396.8,368.5,37.88889274,-5.999327232,100.0,"Converted in QGIS from Lambert coords, Madrid 1870",,,,,,,FALSE,1.0,0.0,1.0,0.0,0.0,0.0,0.0,0.0,,Domergue 1990: 48,,,FALSE,FALSE,FALSE,0.0,0.0,0.0,,,Hard rock,Primary,,0,No,1,Confirmado,1,Confirmado,0,No,0,No,0,No,0,No,0,0,0,0,1.0,0.9,1.0,0.9650000000000001,Alta Certeza (Grado I)
1271,San Pedro de las Montañas I,,Hispania Tarraconensis,Spain,Oviedo,Cuenca del Narcea,,NA-18,,,,,43.1619,-6.658458,1000.0,Guessed from Sanchez-Palencia and Orejas 1994 fig. 13 and Google Earth,need coordinates for II and III,,,,,,TRUE,0.0,0.0,0.0,0.0,0.0,0.0,0.0,0.0,,"Sanchez-Palencia and Orejas 1994, 197",,,,,,,,,,,,Primary,Extensive,1,Confirmado,0,No,0,No,0,No,0,No,0,No,0,No,0,0,0,0,0.7,0.9,1.0,0.845,Alta Certeza (Grado I)
1272,San Pedro de las Montañas II,,Hispania Tarraconensis,Spain,Oviedo,Cuenca del Narcea,,NA-15,,,,,43.155428,-6.655847,1000.0,Guessed from Sanchez-Palencia and Orejas 1994 fig. 13 and Google Earth,,,,,,,TRUE,0.0,0.0,0.0,0.0,0.0,0.0,0.0,0.0,,"Sanchez-Palencia and Orejas 1994, 197",1.0,0.0,TRUE,,,,,,,,,Secondary,Selective,1,Confirmado,0,No,0,No,0,No,0,No,0,No,0,No,1,0,1,0,0.7,0.9,1.0,0.845,Alta Certeza (Grado I)
1273,San Pedro de las Montañas III,,Hispania Tarraconensis,Spain,Oviedo,Cuenca del Narcea,,NA-14,,,,,43.150385,-6.660487,1000.0,Guessed from Sanchez-Palencia and Orejas 1994 fig. 13 and Google Earth,,,,,,,TRUE,0.0,0.0,0.0,0.0,0.0,0.0,0.0,0.0,,"Sanchez-Palencia and Orejas 1994, 197",1.0,0.0,TRUE,,,,,,,,,Secondary,Selective,1,Confirmado,0,No,0,No,0,No,0,No,0,No,0,No,1,0,1,0,0.7,0.9,1.0,0.845,Alta Certeza (Grado I)
1274,San Platón,,Hispania Baetica,Spain,Huelva,Huelva,,,H 5,938.0,336.9,356.6,37.7656253,-6.67569792,100.0,"Converted in QGIS from Lambert coords, Madrid 1870",,,,,,,FALSE,0.0,0.0,1.0,0.0,0.0,0.0,0.0,0.0,,Domergue 1990: 62,,,FALSE,FALSE,FALSE,0.0,0.0,0.0,,,Pyrite,Primary,,0,No,0,No,1,Confirmado,0,No,0,No,0,No,0,No,0,0,0,0,1.0,0.9,1.0,0.9650000000000001,Alta Certeza (Grado I)
1275,San Quintín,,Hispania Tarraconensis,Spain,Ciudad Real,Alcudia,,,CR 43,809.0,547.8,468.7,38.81444168,-4.28952914,100.0,"Converted in QGIS from Lambert coords, Madrid 1870",,,,,,,FALSE,1.0,1.0,0.0,0.0,0.0,0.0,0.0,0.0,,Domergue 1990: 46,0.0,1.0,FALSE,FALSE,FALSE,0.0,0.0,0.0,0.0,,,,,0,No,1,Confirmado,0,No,1,Confirmado,0,No,0,No,0,No,0,1,0,0,1.0,0.9,1.0,0.9650000000000001,Alta Certeza (Grado I)
1276,San Rafael,,Hispania Baetica,Spain,Badajoz,Azuaga-Fuenteovejuna,,,BA 22,878.0,433.0,405.5,38.23007674,-5.59670435,100.0,"Converted in QGIS from Lambert coords, Madrid 1870",,,,,,,FALSE,1.0,1.0,0.0,0.0,0.0,0.0,0.0,0.0,,Domergue 1990: 46,0.0,1.0,FALSE,FALSE,FALSE,0.0,0.0,0.0,0.0,,Hard rock,Primary,,0,No,1,Confirmado,0,No,1,Confirmado,0,No,0,No,0,No,0,1,0,0,1.0,0.9,1.0,0.9650000000000001,Alta Certeza (Grado I)
1277,San Roque,,Hispania Tarraconensis,Spain,Jaén,Linares - La Carolina,,,J 21,905.0,602.95,393.8,38.14071256,-3.65426655,100.0,"Converted in QGIS from Lambert coords, Madrid 1870",,,,,,,FALSE,1.0,1.0,0.0,0.0,0.0,0.0,0.0,0.0,,Domergue 1990: 45,0.0,1.0,FALSE,FALSE,FALSE,0.0,0.0,0.0,0.0,,Hard rock,,,0,No,1,Confirmado,0,No,1,Confirmado,0,No,0,No,0,No,0,1,0,0,1.0,0.9,1.0,0.9650000000000001,Alta Certeza (Grado I)
1278,San Salvador de Padreiro,,Hispania Tarraconensis,Spain,La Coruña,Galicia,,,C 7,69.0,182.7,954.1,43.08236207,-8.81366366,100.0,"Converted in QGIS from Lambert coords, Madrid 1870",,,,,,,FALSE,0.0,0.0,0.0,1.0,0.0,0.0,0.0,0.0,,Domergue 1990: 41,,,FALSE,FALSE,FALSE,0.0,0.0,0.0,,,Hard rock,,,0,No,0,No,0,No,0,No,0,No,1,Confirmado,0,No,0,0,0,0,1.0,0.9,1.0,0.9650000000000001,Alta Certeza (Grado I)
1279,San Serafín,,Hispania Tarraconensis,Spain,Ciudad Real,Alcudia,,,CR 24,860.0,532.0,431.7,38.47973262,-4.4678804,100.0,"Converted in QGIS from Lambert coords, Madrid 1870",,,,,,,FALSE,1.0,1.0,1.0,0.0,0.0,0.0,0.0,0.0,,Domergue 1990: 46,0.0,1.0,FALSE,FALSE,FALSE,0.0,0.0,0.0,0.0,,,,,0,No,1,Confirmado,1,Confirmado,1,Confirmado,0,No,0,No,0,No,0,1,0,0,1.0,0.9,1.0,0.9650000000000001,Alta Certeza (Grado I)
1280,San Telmo,,Hispania Baetica,Spain,Huelva,Huelva,,,H 26,937.0,311.2,361.0,37.79711712,-6.96913343,100.0,"Converted in QGIS from Lambert coords, Madrid 1870",,,,,,,FALSE,0.0,0.0,1.0,0.0,0.0,0.0,0.0,0.0,,Domergue 1990: 62,0.0,1.0,FALSE,FALSE,FALSE,0.0,0.0,0.0,0.0,,Pyrite,Primary,,0,No,0,No,1,Confirmado,0,No,0,No,0,No,0,No,0,1,0,0,1.0,0.9,1.0,0.9650000000000001,Alta Certeza (Grado I)
1281,As Borreas de Caldesiños / San Xé,,Hispania Tarraconensis,Spain,Orense,Cuenca del Bibei,,BI-05,OR 14,266.0,316.7,844.0,42.15007978,-7.117759406,100.0,"Converted in QGIS from Lambert coords, Madrid 1870",,,,,,,TRUE,0.0,0.0,0.0,0.0,0.0,0.0,0.0,0.0,"Large ruina montium workings, with a front of c. 995 m supplied by an aqueduct 18.3 km long and 1.5 m wide, feeding at least 5 reservoirs. Several vertical shafts for ruina montium working have been traced along the summit behind the working face, and remains of a gallery in the opencast face confirm ruina montium technique.","Domergue 1990: 40; Sanchez-Palencia and Orejas 1994, 190",1.0,0.0,TRUE,FALSE,FALSE,1.0,0.0,0.0,0.0,,Tertiary alluvium,Secondary,Extensive,1,Confirmado,0,No,0,No,0,No,0,No,0,No,0,No,1,0,1,0,1.0,1.0,1.0,1.0,Alta Certeza (Grado I)
1282,Sanfitorio,,Hispania Tarraconensis,Spain,Orense,Galicia,,,OR 8,189.0,302.3,873.0,42.40592937,-7.306153169,100.0,"Converted in QGIS from Lambert coords, Madrid 1870",,,,,,,TRUE,0.0,0.0,0.0,0.0,0.0,0.0,0.0,0.0,,Domergue 1990: 41,0.0,0.0,TRUE,FALSE,FALSE,0.0,1.0,0.0,0.0,,Quaternary terrace,,,1,Confirmado,0,No,0,No,0,No,0,No,0,No,0,No,1,0,1,0,1.0,0.9,1.0,0.9650000000000001,Alta Certeza (Grado I)
1283,Santa Bárbara,,Hispania Baetica,Spain,Córdoba,Azuaga-Fuenteovejuna,,,CO 56,856.0,439.6,420.0,38.36202602,-5.52470447,100.0,"Converted in QGIS from Lambert coords, Madrid 1870",,,,,,,FALSE,1.0,1.0,0.0,0.0,0.0,0.0,0.0,0.0,,Domergue 1990: 46,0.0,1.0,FALSE,FALSE,FALSE,0.0,0.0,0.0,0.0,,Hard rock,Primary,,0,No,1,Confirmado,0,No,1,Confirmado,0,No,0,No,0,No,0,1,0,0,1.0,0.9,1.0,0.9650000000000001,Alta Certeza (Grado I)
1284,Santa Eufemia,,Hispania Baetica,Spain,Córdoba,Los Pedroches,,,CO 102,833.0,492.5,449.5,38.63618847,-4.92371766,100.0,"Converted in QGIS from Lambert coords, Madrid 1870",,,,,,,FALSE,1.0,1.0,0.0,0.0,0.0,0.0,0.0,0.0,,Domergue 1990: 48,0.0,1.0,FALSE,FALSE,FALSE,0.0,0.0,0.0,0.0,,Hard rock,Primary,,0,No,1,Confirmado,0,No,1,Confirmado,0,No,0,No,0,No,0,1,0,0,1.0,0.9,1.0,0.9650000000000001,Alta Certeza (Grado I)
1285,Santa María,,Hispania Baetica,Spain,Badajoz,Azuaga-Fuenteovejuna,,,BA 7,878.0,424.6,408.2,38.25275026,-5.69337669,100.0,"Converted in QGIS from Lambert coords, Madrid 1870",,,,,,,FALSE,1.0,1.0,0.0,0.0,0.0,0.0,0.0,0.0,,Domergue 1990: 46,1.0,0.0,FALSE,FALSE,FALSE,0.0,0.0,0.0,0.0,,Hard rock,Primary,,0,No,1,Confirmado,0,No,1,Confirmado,0,No,0,No,0,No,0,0,1,0,1.0,0.9,1.0,0.9650000000000001,Alta Certeza (Grado I)
1286,Santa Quitería: Colón,,Hispania Tarraconensis,Spain,Toledo,,,,TO 1.2,708.0,489.8,541.4,39.46444104,-4.969944988,100.0,"Converted in QGIS from Lambert coords, Madrid 1870",,,,,,,FALSE,1.0,1.0,0.0,0.0,0.0,0.0,0.0,0.0,,Domergue 1990: 64,,,FALSE,FALSE,FALSE,0.0,0.0,0.0,,,,,,0,No,1,Confirmado,0,No,1,Confirmado,0,No,0,No,0,No,0,0,0,0,1.0,0.9,1.0,0.9650000000000001,Alta Certeza (Grado I)
1287,Santa Quitería: Postuero,,Hispania Tarraconensis,Spain,Toledo,,,,TO 1.1,708.0,488.1,539.6,39.44798919,-4.989413337,100.0,"Converted in QGIS from Lambert coords, Madrid 1870",,,,,,,FALSE,1.0,1.0,0.0,0.0,0.0,0.0,0.0,0.0,,Domergue 1990: 64,,,FALSE,FALSE,FALSE,0.0,0.0,0.0,,,,,,0,No,1,Confirmado,0,No,1,Confirmado,0,No,0,No,0,No,0,0,0,0,1.0,0.9,1.0,0.9650000000000001,Alta Certeza (Grado I)
1289,Santiago Cerredo,,Hispania Tarraconensis,Spain,Oviedo,Cuenca del Narcea,,NA-35,O 27,26.0,365.9,974.0,43.33530236,-6.573495024,100.0,"Converted in QGIS from Lambert coords, Madrid 1870",,,,,,,TRUE,0.0,0.0,0.0,0.0,0.0,0.0,0.0,0.0,,"Domergue 1990: 42; Sanchez-Palencia and Orejas 1994, 198",,,,,,,,,,,Hard rock,Primary,Extensive,1,Confirmado,0,No,0,No,0,No,0,No,0,No,0,No,0,0,0,0,1.0,1.0,1.0,1.0,Alta Certeza (Grado I)
1290,Santo Cristo,,Hispania Baetica,Spain,Badajoz,La Serena,,,BA 49,831.0,417.0,453.4,38.65859293,-5.79243915,100.0,"Converted in QGIS from Lambert coords, Madrid 1870",,,,,,,FALSE,1.0,1.0,0.0,0.0,0.0,0.0,0.0,0.0,,Domergue 1990: 45,,,FALSE,FALSE,FALSE,0.0,0.0,0.0,,,Hard rock,Primary,,0,No,1,Confirmado,0,No,1,Confirmado,0,No,0,No,0,No,0,0,0,0,1.0,0.9,1.0,0.9650000000000001,Alta Certeza (Grado I)
1292,Sarreaus,,Hispania Tarraconensis,Spain,Orense,Cuenca media del Miño,,MM-17,,,,,42.261214,-7.601567,500.0,"Google Earth, placename",,,,,,,TRUE,0.0,0.0,0.0,0.0,0.0,0.0,0.0,0.0,,"Sanchez-Palencia and Orejas 1994, 194",1.0,0.0,TRUE,,,,,,,,,Secondary,Selective - Extensive,1,Confirmado,0,No,0,No,0,No,0,No,0,No,0,No,1,0,1,0,0.85,0.9,1.0,0.905,Alta Certeza (Grado I)
1293,Segunda Pepe,,Hispania Baetica,Spain,Badajoz,Azuaga-Fuenteovejuna,,,BA 12,878.0,427.8,403.7,38.21283336,-5.65566584,100.0,"Converted in QGIS from Lambert coords, Madrid 1870",,,,,,,FALSE,1.0,1.0,0.0,0.0,0.0,0.0,0.0,0.0,,Domergue 1990: 46,0.0,1.0,FALSE,FALSE,FALSE,0.0,0.0,0.0,0.0,,Hard rock,Primary,,0,No,1,Confirmado,0,No,1,Confirmado,0,No,0,No,0,No,0,1,0,0,1.0,0.9,1.0,0.9650000000000001,Alta Certeza (Grado I)
1294,Segunderalejo,,Hispania Baetica,Spain,Huelva,Huelva,,,H 46,960.0,335.5,336.2,37.58143387,-6.68380114,100.0,"Converted in QGIS from Lambert coords, Madrid 1870",,,,,,,FALSE,0.0,0.0,1.0,0.0,0.0,0.0,0.0,0.0,,Domergue 1990: 61,,,FALSE,FALSE,FALSE,0.0,0.0,0.0,,,Pyrite,Primary,,0,No,0,No,1,Confirmado,0,No,0,No,0,No,0,No,0,0,0,0,1.0,0.9,1.0,0.9650000000000001,Alta Certeza (Grado I)
1295,Serandinas,,Hispania Tarraconensis,Spain,Oviedo,Cuenca del Navia,,NV-78,O 8.i,26.0,,,43.44273877,-6.745011606,100.0,"Converted in QGIS from Lambert coords, Madrid 1870; Placename, IGN map, Google Earth, and Sanchez-Palencia and Orejas 1994, fig. 13.",The same as Domergue's Rio Navia 2 site O 8.i,,,,,,TRUE,0.0,0.0,0.0,0.0,0.0,0.0,0.0,0.0,,"Domergue 1990:42; Sanchez-Palencia and Orejas 1994, 201",1.0,0.0,TRUE,FALSE,TRUE,0.0,1.0,0.0,0.0,,Quaternary Terrace,Secondary,Selective,1,Confirmado,0,No,0,No,0,No,0,No,0,No,0,No,1,0,1,0,1.0,1.0,1.0,1.0,Alta Certeza (Grado I)
1296,Sésamo / Las Tierras Rubias,,Hispania Tarraconensis,Spain,León,Cuencas de Cúa y Burbia,,CB-02,LE 50,126.0,354.7,909.4,42.753376,-6.685831,100.0,"Converted in QGIS from Lambert coords, Madrid 1870, adjusted with Google Earth",,,,,,,TRUE,0.0,0.0,0.0,0.0,0.0,0.0,0.0,0.0,,"Domergue 1990: 43; Sanchez-Palencia and Orejas 1994, 191",1.0,0.0,TRUE,TRUE,FALSE,0.0,0.0,0.0,0.0,,"Colluvium, slope deposits, and alluvium",Secondary - Primary,Selective - Extensive,1,Confirmado,0,No,0,No,0,No,0,No,0,No,0,No,1,0,1,0,1.0,1.0,1.0,1.0,Alta Certeza (Grado I)
1297,Sierra Almagrera,,Hispania Baetica,Spain,Almería,Almería,,,AL 2,1015.0,771.0,303.0,37.284267,-1.760024,0.0,Domergue 1987 fig 3,Large mining zone,,,,,,FALSE,1.0,1.0,1.0,0.0,0.0,0.0,0.0,0.0,,Domergue 1990: 64; Domergue 2008: 158.,,,FALSE,FALSE,FALSE,0.0,0.0,0.0,,,,,,0,No,1,Confirmado,1,Confirmado,1,Confirmado,0,No,0,No,0,No,0,0,0,0,1.0,0.9,1.0,0.9650000000000001,Alta Certeza (Grado I)
1298,Antoñana I / Sierra de Begega,,Hispania Tarraconensis,Spain,Oviedo,Cuenca del Narcea,,NA-50,O 7,51.0,390.7,972.2,43.326523,-6.266114,100.0,"Converted in QGIS from Lambert coords, Madrid 1870",,,,,,,TRUE,0.0,0.0,0.0,0.0,0.0,0.0,0.0,0.0,,"Domergue 1990: 42; Sanchez-Palencia and Orejas 1994, 198",,,,,,,,,,,Hard rock,Primary,Extensive,1,Confirmado,0,No,0,No,0,No,0,No,0,No,0,No,0,0,0,0,1.0,1.0,1.0,1.0,Alta Certeza (Grado I)
1299,Sierra de Cartagena,,Hispania Tarraconensis,Spain,Murcia,Cartagena-Mazarrón,,,MU 3,977.0,849.8,338.9,37.6100851,-0.857490443,100.0,"Converted in QGIS from Lambert coords, Madrid 1870",need to add detail from sub-sites,,,,,,FALSE,1.0,1.0,1.0,1.0,1.0,0.0,0.0,0.0,,Domergue 1990: 64,0.0,1.0,FALSE,FALSE,FALSE,0.0,0.0,0.0,0.0,,,,,0,No,1,Confirmado,1,Confirmado,1,Confirmado,0,No,1,Confirmado,1,Confirmado,0,1,0,0,1.0,0.9,1.0,0.9650000000000001,Alta Certeza (Grado I)
1300,Sierra de Gador,,Hispania Baetica,Spain,Almería,Almería,,,AL 1,1043.0,672.7,256.3,36.8985174,-2.87249648,0.0,"Converted in QGIS from Lambert coords, Madrid 1870",Large mining zone 20 x 10 km,,,,,,FALSE,1.0,1.0,0.0,0.0,0.0,0.0,0.0,0.0,,Domergue 1990: 64,,,FALSE,FALSE,FALSE,0.0,0.0,0.0,,,,,,0,No,1,Confirmado,0,No,1,Confirmado,0,No,0,No,0,No,0,0,0,0,1.0,0.9,1.0,0.9650000000000001,Alta Certeza (Grado I)
1301,Sierra de las Estrellas,,Hispania Baetica,Spain,Badajoz,Sevilla,,,BA 62,919.0,383.5,879.15,42.48691543,-6.3221468,100.0,"Converted in QGIS from Lambert coords, Madrid 1870",,,,,,,FALSE,0.0,0.0,0.0,0.0,1.0,0.0,0.0,0.0,,Domergue 1990: 48,,,FALSE,FALSE,FALSE,0.0,0.0,0.0,,,Hard rock,Primary,,0,No,0,No,0,No,0,No,0,No,0,No,1,Confirmado,0,0,0,0,1.0,0.9,1.0,0.9650000000000001,Alta Certeza (Grado I)
1302,Sierra Jayona,,Hispania Baetica,Spain,Badajoz,Sevilla,,,BA 44,898.0,403.0,394.0,38.1201223,-5.93614727,100.0,"Converted in QGIS from Lambert coords, Madrid 1870",,,,,,,FALSE,0.0,0.0,0.0,0.0,1.0,0.0,0.0,0.0,,Domergue 1990: 48,,,FALSE,FALSE,FALSE,0.0,0.0,0.0,,,Hard rock,Primary,,0,No,0,No,0,No,0,No,0,No,0,No,1,Confirmado,0,0,0,0,1.0,0.9,1.0,0.9650000000000001,Alta Certeza (Grado I)
1303,Sierrecilla,,Hispania Baetica,Spain,Huelva,Huelva,,,H 42,936.0,286.8,348.7,37.67790242,-7.24050428,100.0,"Converted in QGIS from Lambert coords, Madrid 1870",,,,,,,FALSE,1.0,1.0,1.0,0.0,0.0,0.0,0.0,0.0,,Domergue 1990: 62,,,FALSE,FALSE,FALSE,0.0,0.0,0.0,,,Hard rock,Primary,,0,No,1,Confirmado,1,Confirmado,1,Confirmado,0,No,0,No,0,No,0,0,0,0,1.0,0.9,1.0,0.9650000000000001,Alta Certeza (Grado I)
1304,Socorro,,Hispania Tarraconensis,Spain,Ciudad Real,Alcudia,,,CR 29,837.0,593.5,440.0,38.55722606,-3.76257372,100.0,"Converted in QGIS from Lambert coords, Madrid 1870",,,,,,,FALSE,1.0,1.0,1.0,0.0,0.0,0.0,0.0,0.0,,Domergue 1990: 46,0.0,1.0,FALSE,FALSE,FALSE,0.0,0.0,0.0,0.0,,,,,0,No,1,Confirmado,1,Confirmado,1,Confirmado,0,No,0,No,0,No,0,1,0,0,1.0,0.9,1.0,0.9650000000000001,Alta Certeza (Grado I)
1305,Solana Ballesteros,,Hispania Tarraconensis,Spain,Ciudad Real,Alcudia,,,CR 30,807.0,498.5,457.2,38.70634005,-4.85591187,100.0,"Converted in QGIS from Lambert coords, Madrid 1870",,,,,,,FALSE,1.0,1.0,0.0,0.0,0.0,0.0,0.0,0.0,,Domergue 1990: 46,0.0,1.0,FALSE,FALSE,FALSE,0.0,0.0,0.0,0.0,,,,,0,No,1,Confirmado,0,No,1,Confirmado,0,No,0,No,0,No,0,1,0,0,1.0,0.9,1.0,0.9650000000000001,Alta Certeza (Grado I)
1306,Solana de la Belalcázar,,Hispania Baetica,Spain,Córdoba,Los Pedroches,,,CO 19,833.0,477.9,448.3,38.62342098,-5.09131042,100.0,"Converted in QGIS from Lambert coords, Madrid 1870",,,,,,,FALSE,1.0,1.0,1.0,0.0,0.0,0.0,0.0,0.0,,Domergue 1990: 48,,,FALSE,FALSE,FALSE,0.0,0.0,0.0,,,Hard rock,Primary,,0,No,1,Confirmado,1,Confirmado,1,Confirmado,0,No,0,No,0,No,0,0,0,0,1.0,0.9,1.0,0.9650000000000001,Alta Certeza (Grado I)
1307,Solano del Bepo,,Hispania Tarraconensis,Spain,Tarragona,,,,T 4,417.0,982.3,758.3,41.3386581,0.885404145,100.0,"Converted in QGIS from Lambert coords, Madrid 1870",,,,,,,FALSE,0.0,0.0,1.0,0.0,0.0,0.0,0.0,0.0,,Domergue 1990: 64,,,FALSE,FALSE,FALSE,0.0,0.0,0.0,,,,,,0,No,0,No,1,Confirmado,0,No,0,No,0,No,0,No,0,0,0,0,1.0,0.9,1.0,0.9650000000000001,Alta Certeza (Grado I)
1308,Solmayor,,Hispania Tarraconensis,Spain,Oviedo,Asturias,,,O 22,25.0,322.4,985.4,43.4239372,-7.114596613,100.0,"Converted in QGIS from Lambert coords, Madrid 1870",,,,,,,TRUE,0.0,0.0,0.0,0.0,0.0,0.0,0.0,0.0,,Domergue 1990: 42,,,,,,,,,,,Quaternary terrace,,,1,Confirmado,0,No,0,No,0,No,0,No,0,No,0,No,0,0,0,0,1.0,0.9,1.0,0.9650000000000001,Alta Certeza (Grado I)
1309,Sortijón del Cuzna,,Hispania Baetica,Spain,Córdoba,Los Pedroches,,,CO 99,881.0,499.0,406.4,38.24841405,-4.84258713,100.0,"Converted in QGIS from Lambert coords, Madrid 1870",,,,,,,FALSE,1.0,1.0,1.0,0.0,0.0,0.0,0.0,0.0,,Domergue 1990: 48,0.0,1.0,FALSE,FALSE,FALSE,0.0,0.0,0.0,0.0,,Hard rock,Primary,,0,No,1,Confirmado,1,Confirmado,1,Confirmado,0,No,0,No,0,No,0,1,0,0,1.0,0.9,1.0,0.9650000000000001,Alta Certeza (Grado I)
1310,Sotiel Coronada,,Hispania Baetica,Spain,Huelva,Huelva,,,H 20,959.0,320.4,338.7,37.59924828,-6.85569731,100.0,"Converted in QGIS from Lambert coords, Madrid 1870",,,,,,,FALSE,0.0,0.0,1.0,0.0,0.0,0.0,0.0,0.0,"A large Roman mine noted for its many shafts - 100 twin shafts and 50 single shafts. To drain the mines water-lifting devices were used; remains of an Archimedes screw and a pump have been found. Smelting activities produced an estimated 40,000 tons of slag.",Domergue 1990: 62; Hirt 2010: 39.,0.0,1.0,FALSE,FALSE,FALSE,0.0,0.0,0.0,0.0,,Pyrite,PrimaǾ䀀,,0,No,0,No,1,Confirmado,0,No,0,No,0,No,0,No,0,1,0,0,1.0,0.9,1.0,0.9650000000000001,Alta Certeza (Grado I)
1311,Souto,,Hispania Tarraconensis,Spain,Lugo,Cuenca Alta del Miño,,AN-08,,,,,42.928925,-7.055279,1000.0,Google Earth,,,,,,,TRUE,0.0,0.0,0.0,0.0,0.0,0.0,0.0,0.0,,"Sanchez-Palencia and Orejas 1994, 188",1.0,0.0,TRUE,,,,,,,,,Secondary,Selective,1,Confirmado,0,No,0,No,0,No,0,No,0,No,0,No,1,0,1,0,0.7,0.9,1.0,0.845,Alta Certeza (Grado I)
1312,Souto Castillo,,Hispania Tarraconensis,Spain,León,Cuenca media del Sil,,MS-073,,,,,42.411092,-6.684136,500.0,"Guessed from Google Earth and Sanchez-Palencia and Orejas 1994, fig. 16",,,,,,,TRUE,0.0,0.0,0.0,0.0,0.0,0.0,0.0,0.0,,"Sanchez-Palencia and Orejas 1994, 196",1.0,0.0,TRUE,,,,,,,,,Secondary,Extensive,1,Confirmado,0,No,0,No,0,No,0,No,0,No,0,No,1,0,1,0,0.85,0.9,1.0,0.905,Alta Certeza (Grado I)
1313,Sta Bárbara,,Hispania Baetica,Spain,Córdoba,Posadas,,,CO 81,922.0,472.8,366.7,37.88711175,-5.1346965,100.0,"Converted in QGIS from Lambert coords, Madrid 1870",,,,,,,FALSE,1.0,1.0,0.0,0.0,0.0,0.0,0.0,0.0,,Domergue 1990: 45,,,FALSE,FALSE,FALSE,0.0,0.0,0.0,,,Hard rock,Primary,,0,No,1,Confirmado,0,No,1,Confirmado,0,No,0,No,0,No,0,0,0,0,1.0,0.9,1.0,0.9650000000000001,Alta Certeza (Grado I)
1315,Suerte,,Hispania Baetica,Spain,Sevilla,Sevilla,,,SE 10,940.0,382.9,347.0,37.6918097,-6.150605816,100.0,"Converted in QGIS from Lambert coords, Madrid 1870",,,,,,,FALSE,1.0,1.0,0.0,0.0,0.0,0.0,0.0,0.0,,Domergue 1990: 48,,,FALSE,FALSE,FALSE,0.0,0.0,0.0,,,Hard rock,Primary,,0,No,1,Confirmado,0,No,1,Confirmado,0,No,0,No,0,No,0,0,0,0,1.0,0.9,1.0,0.9650000000000001,Alta Certeza (Grado I)
1316,Sultana,,Hispania Baetica,Spain,Huelva,Huelva,,,H 17,918.0,372.2,377.8,37.966594,-6.2820794,100.0,"Converted in QGIS from Lambert coords, Madrid 1870",,,,,,,?,0.0,0.0,1.0,0.0,0.0,0.0,0.0,0.0,,Domergue 1990: 61,0.0,1.0,FALSE,FALSE,FALSE,0.0,0.0,0.0,0.0,,Pyrite,Primary,,1,Hipotetico,0,No,1,Confirmado,0,No,0,No,0,No,0,No,0,1,0,0,1.0,0.9,1.0,0.9650000000000001,Alta Certeza (Grado I)
1317,Susañe del Sil / Corbón del Sil,,Hispania Tarraconensis,Spain,León,Cuenca Alta del Sil,,AS-06,LE 28,101.0,369.0,918.0,42.82646182,-6.50783301,100.0,"Converted in QGIS from Lambert coords, Madrid 1870; corrected with https://servicios.jcyl.es/pweb/datosGIS.do?tipo=Yacimiento&numero=103478",,,,,,,TRUE,0.0,0.0,0.0,0.0,0.0,0.0,0.0,0.0,Probably largely destroyed by modern mine.,"Domergue 1990: 42; Sanchez-Palencia and Orejas 1994, 189",1.0,0.0,TRUE,,,,,,,,Tertiary alluvium,Secondary,Selective - Extensive,1,Confirmado,0,No,0,No,0,No,0,No,0,No,0,No,1,0,1,0,1.0,1.0,1.0,1.0,Alta Certeza (Grado I)
1318,Suspirón,,Hispania Tarraconensis,Spain,León,Cuenca Alta del Orbigo,,AO-02,,,,,42.767762,-6.177308,500.0,"Estimated from Sanchez-Palencia and Orejas 1994, fig. 15, IGN map placename, and Google Earth",,,,,,,TRUE,0.0,0.0,0.0,0.0,0.0,0.0,0.0,0.0,,"Sanchez-Palencia and Orejas 1994, 188",,,,,,,,,,,,Primary,Selective - Extensive,1,Confirmado,0,No,0,No,0,No,0,No,0,No,0,No,0,0,0,0,0.85,0.9,1.0,0.905,Alta Certeza (Grado I)
1319,Tamarindo,,Hispania Baetica,Spain,Badajoz,La Serena,,,BA 33,806.0,441.0,461.4,38.7354855,-5.51841148,100.0,"Converted in QGIS from Lambert coords, Madrid 1870",,,,,,,FALSE,1.0,1.0,0.0,0.0,0.0,0.0,0.0,0.0,,Domergue 1990: 45,,,FALSE,FALSE,FALSE,0.0,0.0,0.0,,,Hard rock,Primary,,0,No,1,Confirmado,0,No,1,Confirmado,0,No,0,No,0,No,0,0,0,0,1.0,0.9,1.0,0.9650000000000001,Alta Certeza (Grado I)
1320,Tapia de la Ribera,,Hispania Tarraconensis,Spain,León,Cuenca Alta del Orbigo,,AO-33,,,,,42.746624,-5.765745,500.0,Guessed: probable opencast on Google Earth,,,,,,,TRUE,0.0,0.0,0.0,0.0,0.0,0.0,0.0,0.0,,"Sanchez-Palencia and Orejas 1994, 189",1.0,0.0,TRUE,,,,,,,,,Secondary,Extensive,1,Confirmado,0,No,0,No,0,No,0,No,0,No,0,No,1,0,1,0,0.85,0.9,1.0,0.905,Alta Certeza (Grado I)
1321,Teixedo,,Hispania Tarraconensis,Spain,Oviedo,Cuenca del Navia,,NV-66,,,,,43.335137,-6.687584,0.0,"Sanchez-Palencia and Orejas 1994, fig. 13; and Google Earth and IGN map.",,,,,,,TRUE,0.0,0.0,0.0,0.0,0.0,0.0,0.0,0.0,,"Sanchez-Palencia and Orejas 1994, 200",1.0,0.0,TRUE,TRUE,FALSE,0.0,0.0,0.0,0.0,,,Primary,Selective - Extensive,1,Confirmado,0,No,0,No,0,No,0,No,0,No,0,No,1,0,1,0,1.0,0.9,1.0,0.9650000000000001,Alta Certeza (Grado I)
1322,Las Rubias,,Hispania Tarraconensis,Spain,León,Sierra del Teleno,,TE-13,LE 42,230.0,378.0,861.0,42.32206444,-6.382352907,100.0,"Converted in QGIS from Lambert coords, Madrid 1870",,,,,,,TRUE,0.0,0.0,0.0,0.0,0.0,0.0,0.0,0.0,,"Domergue 1990: 43; Sanchez-Palencia and Orejas 1994, 202",1.0,0.0,TRUE,TRUE,FALSE,0.0,0.0,0.0,0.0,,"Hard rock; alterites, colluvium",Secondary,Selective - Extensive,1,Confirmado,0,No,0,No,0,No,0,No,0,No,0,No,1,0,1,0,1.0,1.0,1.0,1.0,Alta Certeza (Grado I)
1323,Tharsis,,Hispania Baetica,Spain,Huelva,Huelva,,,H 12,959.0,297.8,339.1,37.59532133,-7.11167808,100.0,"Converted in QGIS from Lambert coords, Madrid 1870",,,,,,,?,1.0,0.0,1.0,0.0,0.0,0.0,0.0,0.0,"Extraction started at Tharsis in the Iron Age, circa 2500 BC. The zenith of production was under Trajan but coins which have been found suggest mining could have continued until AD 350. The site has large slag piles and an estimated 4,000,000 tonnes of slag were produced. Other finds include remains of a water wheel with a rope still attached. After the Visigoths invaded the difficulty in draining the mine may have made it unworkable and been the cause of its closure.",Domergue 1990: 62; Domergue 2004: 87-105.,0.0,1.0,FALSE,FALSE,FALSE,0.0,0.0,0.0,0.0,,Pyrite,Primary,,1,Hipotetico,1,Confirmado,1,Confirmado,0,No,0,No,0,No,0,No,0,1,0,0,1.0,0.9,1.0,0.9650000000000001,Alta Certeza (Grado I)
1324,Tinto Santa Rosa,,Hispania Baetica,Spain,Huelva,Huelva,,,H 49,960.0,325.4,342.7,37.63686541,-6.80067763,100.0,"Converted in QGIS from Lambert coords, Madrid 1870",,,,,,,FALSE,0.0,0.0,1.0,0.0,0.0,0.0,0.0,0.0,,Domergue 1990: 62,,,FALSE,FALSE,FALSE,0.0,0.0,0.0,,,Pyrite,Primary,,0,No,0,No,1,Confirmado,0,No,0,No,0,No,0,No,0,0,0,0,1.0,0.9,1.0,0.9650000000000001,Alta Certeza (Grado I)
1325,Tojeirosvellos,,Hispania Tarraconensis,Spain,Lugo,Cuenca Alta del Miño,,AM-01,,,,,43.195529,-7.396401,,"Placename, Google Earth and IGN map",,,,,,,TRUE,0.0,0.0,0.0,0.0,0.0,0.0,0.0,0.0,,"Sanchez-Palencia and Orejas 1994, 188",,,,,,,,,,,,Primary,Selective,1,Confirmado,0,No,0,No,0,No,0,No,0,No,0,No,0,0,0,0,0.5,0.9,1.0,0.765,Media Certeza (Grado II)
1326,Toral de los Vados,,Hispania Tarraconensis,Spain,León,Cuencas de Cúa y Burbia,,,LE 56,158.0,346.5,888.5,42.56036946,-6.775940924,100.0,"Converted in QGIS from Lambert coords, Madrid 1870",,,,,,,TRUE,0.0,0.0,0.0,0.0,0.0,0.0,0.0,0.0,,Domergue 1990: 44,1.0,0.0,TRUE,,,0.0,,,0.0,,Terrace,Secondary,Extensive,1,Confirmado,0,No,0,No,0,No,0,No,0,No,0,No,1,0,1,0,1.0,0.9,1.0,0.9650000000000001,Alta Certeza (Grado I)
1327,Torril de Medioduro,,Hispania Baetica,Spain,Córdoba,Los Pedroches,,,CO 14,858.0,493.2,422.8,38.39556253,-4.91145894,100.0,"Converted in QGIS from Lambert coords, Madrid 1870",,,,,,,FALSE,0.0,0.0,1.0,0.0,0.0,0.0,0.0,0.0,,Domergue 1990: 47,0.0,1.0,FALSE,FALSE,FALSE,0.0,0.0,0.0,0.0,,Hard rock,Primary,,0,No,0,No,1,Confirmado,0,No,0,No,0,No,0,No,0,1,0,0,1.0,0.9,1.0,0.9650000000000001,Alta Certeza (Grado I)
1328,Tres Arroyos,,Hispania Baetica,Spain,Jaén,,,,BA 1,727.0,306.5,523.7,39.26142036,-7.09306382,100.0,"Converted in QGIS from Lambert coords, Madrid 1870",,,,,,,FALSE,0.0,0.0,0.0,1.0,0.0,0.0,0.0,0.0,,Domergue 1990: 48,,,FALSE,FALSE,FALSE,0.0,0.0,0.0,,,Hard rock,Primary,,0,No,0,No,0,No,0,No,0,No,1,Confirmado,0,No,0,0,0,0,1.0,0.9,1.0,0.9650000000000001,Alta Certeza (Grado I)
1329,Tres Puentes,,Hispania Baetica,Spain,Córdoba,Córdoba,,,CO 117,902.0,501.6,379.7,38.00802774,-4.80902784,100.0,"Converted in QGIS from Lambert coords, Madrid 1870",,,,,,,FALSE,0.0,0.0,1.0,0.0,0.0,0.0,0.0,0.0,,Domergue 1990: 47,,,FALSE,FALSE,FALSE,0.0,0.0,0.0,,,Hard rock,,,0,No,0,No,1,Confirmado,0,No,0,No,0,No,0,No,0,0,0,0,1.0,0.9,1.0,0.9650000000000001,Alta Certeza (Grado I)
1330,Trevías,,Hispania Tarraconensis,Spain,Oviedo,Cuenca del Esba o Canero,,ES-10,,,,,43.500359,-6.435729,1000.0,Placename on Google Earth,,,,,,,TRUE,0.0,0.0,0.0,0.0,0.0,0.0,0.0,0.0,,"Sanchez-Palencia and Orejas 1994, 194",,,,,,,,,,,,Primary,Extensive,1,Confirmado,0,No,0,No,0,No,0,No,0,No,0,No,0,0,0,0,0.7,0.9,1.0,0.845,Alta Certeza (Grado I)
1331,Trinidad,,Hispania Baetica,Spain,Huelva,Huelva,,,H 33,983.0,362.6,325.6,37.4937306,-6.37343315,100.0,"Converted in QGIS from Lambert coords, Madrid 1870",,,,,,,FALSE,0.0,0.0,1.0,0.0,0.0,0.0,0.0,0.0,,Domergue 1990: 61,,,FALSE,FALSE,FALSE,0.0,0.0,0.0,,,Pyrite,Primary,,0,No,0,No,1,Confirmado,0,No,0,No,0,No,0,No,0,0,0,0,1.0,0.9,1.0,0.9650000000000001,Alta Certeza (Grado I)
1332,Triunfo,,Hispania Baetica,Spain,Badajoz,Azuaga-Fuenteovejuna,,,BA 3,878.0,421.7,409.0,38.25936781,-5.72673158,100.0,"Converted in QGIS from Lambert coords, Madrid 1870",in vicinity of bifurcation of roads for Berlanga and Valverde de Llerena,,,,,,FALSE,1.0,1.0,0.0,0.0,0.0,0.0,0.0,0.0,"c. 20 ""rafas"""" in the area around.""",Domergue 1990: 46,1.0,0.0,FALSE,FALSE,FALSE,0.0,0.0,0.0,0.0,FALSE,,Hard rock,Primary,0,No,1,Confirmado,0,No,1,Confirmado,0,No,0,No,0,No,0,0,1,0,1.0,0.9,1.0,0.9650000000000001,Alta Certeza (Grado I)
1333,Triunfo - Nueva Estrella,,Hispania Baetica,Spain,Badajoz,La Serena,,,BA 38,806.0,442.6,465.2,38.77003716,-5.50088639,100.0,"Converted in QGIS from Lambert coords, Madrid 1870",,,,,,,FALSE,1.0,1.0,0.0,0.0,0.0,0.0,0.0,0.0,,Domergue 1990: 45,,,FALSE,FALSE,FALSE,0.0,0.0,0.0,,,Hard rock,Primary,,0,No,1,Confirmado,0,No,1,Confirmado,0,No,0,No,0,No,0,0,0,0,1.0,0.9,1.0,0.9650000000000001,Alta Certeza (Grado I)
1334,Turienzo Castañedo 1 / Las Barreras,,Hispania Tarraconensis,Spain,León,Cuenca del Boeza,,BO-27,LE 12.1,159.0,375.1,889.4,42.57688563,-6.428121235,100.0,"Converted in QGIS from Lambert coords, Madrid 1870",,,,,,,TRUE,0.0,0.0,0.0,0.0,0.0,0.0,0.0,0.0,,Domergue 1990: 43,0.0,0.0,TRUE,FALSE,TRUE,0.0,0.0,0.0,0.0,,Tertiary alluvium,Secondary,Extensive,1,Confirmado,0,No,0,No,0,No,0,No,0,No,0,No,1,0,0,0,1.0,1.0,1.0,1.0,Alta Certeza (Grado I)
1335,Turienzo Castañedo 2 / Las Torcas,,Hispania Tarraconensis,Spain,León,Cuenca del Boeza,,BO-27,LE 12.2,159.0,375.5,889.1,42.57243,-6.424116,100.0,"Converted in QGIS from Lambert coords, Madrid 1870; adjusted with reference to Google Earth",,,,,,,TRUE,0.0,0.0,0.0,0.0,0.0,0.0,0.0,0.0,,"Domergue 1990: 43; Sanchez-Palencia and Orejas 1994, 191",0.0,0.0,TRUE,FALSE,TRUE,0.0,0.0,0.0,0.0,,Tertiary alluvium,Secondary,Extensive,1,Confirmado,0,No,0,No,0,No,0,No,0,No,0,No,1,0,0,0,1.0,1.0,1.0,1.0,Alta Certeza (Grado I)
1336,Udías,,Hispania Tarraconensis,Spain,Santander,Udias,,,S 2,33.0,556.9,973.0,43.3592414,-4.219302626,100.0,"Converted in QGIS from Lambert coords, Madrid 1870",,,,,,,FALSE,0.0,1.0,0.0,0.0,0.0,0.0,1.0,0.0,Calamine also mined here,Domergue 1990: _x001A_耀,,,FALSE,FALSE,FALSE,0.0,0.0,0.0,,,,,,0,No,0,No,0,No,1,Confirmado,0,No,0,No,0,No,0,0,0,0,1.0,0.9,1.0,0.9650000000000001,Alta Certeza (Grado I)
1337,Urbiola,,Hispania Tarraconensis,Spain,Navarra,,,,NA 1,172.0,728.6,892.0,42.62123865,-2.120186574,100.0,"Converted in QGIS from Lambert coords, Madrid 1870",,,,,,,FALSE,0.0,0.0,1.0,0.0,0.0,0.0,0.0,0.0,,Domergue 1990: 64,,,FALSE,FALSE,FALSE,0.0,0.0,0.0,,,,,,0,No,0,No,1,Confirmado,0,No,0,No,0,No,0,No,0,0,0,0,1.0,0.9,1.0,0.9650000000000001,Alta Certeza (Grado I)
1338,Uría I,,Hispania Tarraconensis,Spain,Oviedo,Cuenca del Navia,,NV-31,,,,,43.070722,-6.861667,1000.0,"Placename on Google Earth; guessed in relation to Sanchez-Palencia and Orejas 1994, fig. 13.",,,,,,,TRUE,0.0,0.0,0.0,0.0,0.0,0.0,0.0,0.0,,"Sanchez-Palencia and Orejas 1994, 199",,,,,,,,,,,,Primary,Extensive,1,Confirmado,0,No,0,No,0,No,0,No,0,No,0,No,0,0,0,0,0.7,0.9,1.0,0.845,Alta Certeza (Grado I)
1339,Uría II,,Hispania Tarraconensis,Spain,Oviedo,Cuenca del Navia,,NV-30,,,,,43.07378,-6.857687,1000.0,"Placename on Google Earth; guessed in relation to Sanchez-Palencia and Orejas 1994, fig. 13.",,,,,,,TRUE,0.0,0.0,0.0,0.0,0.0,0.0,0.0,0.0,,"Sanchez-Palencia and Orejas 1994, 199",,,,,,,,,,,,Primary,Extensive,1,Confirmado,0,No,0,No,0,No,0,No,0,No,0,No,0,0,0,0,0.7,0.9,1.0,0.845,Alta Certeza (Grado I)
1340,Uría III,,Hispania Tarraconensis,Spain,Oviedo,Cuenca del Navia,,NV-29,,,,,43.0719,-6.848868,1000.0,"Placename on Google Earth; guessed in relation to Sanchez-Palencia and Orejas 1994, fig. 13.",,,,,,,TRUE,0.0,0.0,0.0,0.0,0.0,0.0,0.0,0.0,,"Sanchez-Palencia and Orejas 1994, 199",,,,,,,,,,,,Primary,Extensive,1,Confirmado,0,No,0,No,0,No,0,No,0,No,0,No,0,0,0,0,0.7,0.9,1.0,0.845,Alta Certeza (Grado I)
1341,Uría IV,,Hispania Tarraconensis,Spain,Oviedo,Cuenca del Navia,,NV-28,,,,,43.074788,-6.846314,1000.0,"Placename on Google Earth; guessed in relation to Sanchez-Palencia and Orejas 1994, fig. 13.",,,,,,,TRUE,0.0,0.0,0.0,0.0,0.0,0.0,0.0,0.0,,"Sanchez-Palencia and Orejas 1994, 199",,,,,,,,,,,,Primary,Extensive,1,Confirmado,0,No,0,No,0,No,0,No,0,No,0,No,0,0,0,0,0.7,0.9,1.0,0.845,Alta Certeza (Grado I)
1342,Valados,,Hispania Tarraconensis,Spain,Orense,Galicia,,,OR 9,189.0,304.5,872.0,42.39773248,-7.27895426,100.0,"Converted in QGIS from Lambert coords, Madrid 1870",,,,,,,TRUE,0.0,0.0,0.0,0.0,0.0,0.0,0.0,0.0,,Domergue 1990: 40,,,,,,,,,,,Hard rock,,,1,Confirmado,0,No,0,No,0,No,0,No,0,No,0,No,0,0,0,0,1.0,0.9,1.0,0.9650000000000001,Alta Certeza (Grado I)
1343,Valcavao,,Hispania Tarraconensis,Spain,León,Sierra del Teleno,,TE-09,,,,,42.329438,-6.417238,500.0,"Estimated from Sanchez-Palencia and Orejas 1994, fig. 17, IGN map, and Google Earth",,,,,,,TRUE,0.0,0.0,0.0,0.0,0.0,0.0,0.0,0.0,,"Sanchez-Palencia and Orejas 1994, 202",1.0,0.0,TRUE,,,,,,,,,Secondary,Extensive,1,Confirmado,0,No,0,No,0,No,0,No,0,No,0,No,1,0,1,0,0.85,0.9,1.0,0.905,Alta Certeza (Grado I)
1344,Valcomesa I,,Hispania Tarraconensis,Spain,León,Cuenca media del Sil,,MS-064,,,,,42.421567,-6.647761,500.0,"Guessed from Google Earth, IGN map, and Sanchez-Palencia and Orejas 1994, fig. 16",,,,,,,TRUE,0.0,0.0,0.0,0.0,0.0,0.0,0.0,0.0,,"Sanchez-Palencia and Orejas 1994, 196",1.0,0.0,TRUE,,,,,,,,,Secondary,Selective,1,Confirmado,0,No,0,No,0,No,0,No,0,No,0,No,1,0,1,0,0.85,0.9,1.0,0.905,Alta Certeza (Grado I)
1345,Valcomesa II,,Hispania Tarraconensis,Spain,León,Cuenca media del Sil,,MS-063,,,,,42.412513,-6.657378,500.0,"Guessed from Google Earth, IGN map, and Sanchez-Palencia and Orejas 1994, fig. 16",,,,,,,TRUE,0.0,0.0,0.0,0.0,0.0,0.0,0.0,0.0,,"Sanchez-Palencia and Orejas 1994, 196",1.0,0.0,TRUE,,,,,,,,,Secondary,Selective,1,Confirmado,0,No,0,No,0,No,0,No,0,No,0,No,1,0,1,0,0.85,0.9,1.0,0.905,Alta Certeza (Grado I)
1346,Valcomesa III,,Hispania Tarraconensis,Spain,León,Cuenca media del Sil,,MS-062,,,,,42.416699,-6.646839,500.0,"Guessed from Google Earth, IGN map, and Sanchez-Palencia and Orejas 1994, fig. 16",,,,,,,TRUE,0.0,0.0,0.0,0.0,0.0,0.0,0.0,0.0,,"Sanchez-Palencia and Orejas 1994, 196",1.0,0.0,TRUE,,,,,,,,,Secondary,Selective,1,Confirmado,0,No,0,No,0,No,0,No,0,No,0,No,1,0,1,0,0.85,0.9,1.0,0.905,Alta Certeza (Grado I)
1347,Valcomesa IV,,Hispania Tarraconensis,Spain,León,Cuenca media del Sil,,MS-061,,,,,42.410552,-6.65309,500.0,"Guessed from Google Earth, IGN map, and Sanchez-Palencia and Orejas 1994, fig. 16",,,,,,,TRUE,0.0,0.0,0.0,0.0,0.0,0.0,0.0,0.0,,"Sanchez-Palencia and Orejas 1994, 196",1.0,0.0,TRUE,,,,,,,,,Secondary,Selective,1,Confirmado,0,No,0,No,0,No,0,No,0,No,0,No,1,0,1,0,0.85,0.9,1.0,0.905,Alta Certeza (Grado I)
1348,Valcouso I,,Hispania Tarraconensis,Spain,León,Cuenca media del Sil,,MS-069,,,,,42.41252,-6.662644,500.0,"Guessed from Google Earth, IGN map, and Sanchez-Palencia and Orejas 1994, fig. 16",,,,,,,TRUE,0.0,0.0,0.0,0.0,0.0,0.0,0.0,0.0,,"Sanchez-Palencia and Orejas 1994, 196",1.0,0.0,TRUE,,,,,,,,,Secondary,Selective,1,Confirmado,0,No,0,No,0,No,0,No,0,No,0,No,1,0,1,0,0.85,0.9,1.0,0.905,Alta Certeza (Grado I)
1349,Valcouso II,,Hispania Tarraconensis,Spain,León,Cuenca media del Sil,,MS-066,,,,,42.412096,-6.660329,500.0,"Guessed from Google Earth, IGN map, and Sanchez-Palencia and Orejas 1994, fig. 16",,,,,,,TRUE,0.0,0.0,0.0,0.0,0.0,0.0,0.0,0.0,,"Sanchez-Palencia and Orejas 1994, 196",1.0,0.0,TRUE,,,,,,,,,Secondary,Selective,1,Confirmado,0,No,0,No,0,No,0,No,0,No,0,No,1,0,1,0,0.85,0.9,1.0,0.905,Alta Certeza (Grado I)
1350,Valdeconejos,,Hispania Tarraconensis,Spain,Zamorra,Trás-os-montes,,,ZA 2,339.0,404.2,794.2,41.72724956,-6.043106115,100.0,"Converted in QGIS from Lambert coords, Madrid 1870",,,,,,,FALSE,1.0,1.0,0.0,0.0,0.0,0.0,0.0,0.0,,Domergue 1990: 41,0.0,1.0,FALSE,FALSE,FALSE,0.0,0.0,0.0,0.0,,Hard rock,,,0,No,1,Confirmado,0,No,1,Confirmado,0,No,0,No,0,No,0,1,0,0,1.0,0.9,1.0,0.9650000000000001,Alta Certeza (Grado I)
1351,Valdecucrillos,,Hispania Tarraconensis,Spain,León,Cuenca media del Sil,,MS-076,,,,,42.420787,-6.693249,500.0,"Guessed from Google Earth and Sanchez-Palencia and Orejas 1994, fig. 16",,,,,,,TRUE,0.0,0.0,0.0,0.0,0.0,0.0,0.0,0.0,,"Sanchez-Palencia and Orejas 1994, 196",1.0,0.0,TRUE,,,,,,,,,Secondary,Selective,1,Confirmado,0,No,0,No,0,No,0,No,0,No,0,No,1,0,1,0,0.85,0.9,1.0,0.905,Alta Certeza (Grado I)
1352,Valdefrola,,Hispania Tarraconensis,Spain,León,Cuenca media del Sil,,MS-081,,,,,42.426872,-6.727729,500.0,"Guessed from Google Earth, IGN map, and Sanchez-Palencia and Orejas 1994, fig. 16",,,,,,,TRUE,0.0,0.0,0.0,0.0,0.0,0.0,0.0,0.0,,"Sanchez-Palencia and Orejas 1994, 196",1.0,0.0,TRUE,,,,,,,,,Secondary,Extensive,1,Confirmado,0,No,0,No,0,No,0,No,0,No,0,No,1,0,1,0,0.85,0.9,1.0,0.905,Alta Certeza (Grado I)
1354,Valdeinfierno,,Hispania Tarraconensis,Spain,Ciudad Real,Alcudia,,,CR 2,809.0,530.5,467.0,38.79788627,-4.48872135,100.0,"Converted in QGIS from Lambert coords, Madrid 1870",,,,,,,FALSE,1.0,1.0,0.0,0.0,0.0,0.0,0.0,0.0,,Domergue 1990: 46,,,FALSE,FALSE,FALSE,0.0,0.0,0.0,,,,,,0,No,1,Confirmado,0,No,1,Confirmado,0,No,0,No,0,No,0,0,0,0,1.0,0.9,1.0,0.9650000000000001,Alta Certeza (Grado I)
1355,Valdeinfierno,,Hispania Tarraconensis,Spain,Jaén,Linares - La Carolina,,,J 15,884.0,609.6,398.2,38.18033163,-3.57829937,100.0,"Converted in QGIS from Lambert coords, Madrid 1870",,,,,,,FALSE,1.0,1.0,0.0,0.0,0.0,0.0,0.0,0.0,,Domergue 1990: 45,0.0,1.0,FALSE,FALSE,FALSE,0.0,0.0,0.0,0.0,,,,,0,No,1,Confirmado,0,No,1,Confirmado,0,No,0,No,0,No,0,1,0,0,1.0,0.9,1.0,0.9650000000000001,Alta Certeza (Grado I)
1356,Valdelperal,,Hispania Tarraconensis,Spain,León,Valduerna,,DU-01,,,,,42.411357,-6.410039,50.0,"Orejas 1996, 140 fig. 48, and Google Earth",,,,,,,TRUE,0.0,0.0,0.0,0.0,0.0,0.0,0.0,0.0,,"Sanchez-Palencia and Orejas 1994, 192; Orejas 1996, 140, 142",1.0,0.0,TRUE,TRUE,FALSE,0.0,0.0,0.0,0.0,"Small hydraulic workings, associated with castro of Valdeperal, whose ditches are worked by hydraulic means, fed by a rock-cut channel.",,Secondary,Extensive,1,Confirmado,0,No,0,No,0,No,0,No,0,No,0,No,1,0,1,0,1.0,0.9,1.0,0.9650000000000001,Alta Certeza (Grado I)
1357,Valdesedilla I,,Hispania Tarraconensis,Spain,León,Cuenca media del Sil,,MS-075,,,,,42.41182,-6.691573,500.0,"Guessed from Google Earth and Sanchez-Palencia and Orejas 1994, fig. 16",,,,,,,TRUE,0.0,0.0,0.0,0.0,0.0,0.0,0.0,0.0,,"Sanchez-Palencia and Orejas 1994, 196",1.0,0.0,TRUE,,,,,,,,,Secondary,Extensive,1,Confirmado,0,No,0,No,0,No,0,No,0,No,0,No,1,0,1,0,0.85,0.9,1.0,0.905,Alta Certeza (Grado I)
1358,Valdesedilla II,,Hispania Tarraconensis,Spain,León,Cuenca media del Sil,,MS-072,,,,,42.41482,-6.68393,500.0,"Guessed from Google Earth and Sanchez-Palencia and Orejas 1994, fig. 16",,,,,,,TRUE,0.0,0.0,0.0,0.0,0.0,0.0,0.0,0.0,,"Sanchez-Palencia and Orejas 1994, 196",1.0,0.0,TRUE,,,,,,,,,Secondary,Selective,1,Confirmado,0,No,0,No,0,No,0,No,0,No,0,No,1,0,1,0,0.85,0.9,1.0,0.905,Alta Certeza (Grado I)
1359,Valdetallín - Alto Morueco - La Gándara,,Hispania Tarraconensis,Spain,León,Cuenca del Boeza,,BO-20,,,,,42.625082,-6.263232,1000.0,"Estimated from Sanchez-Palencia and Orejas 1994, fig. 14, IGN map, and Google Earth",,,,,,,TRUE,0.0,0.0,0.0,0.0,0.0,0.0,0.0,0.0,,"Sanchez-Palencia and Orejas 1994, 191",1.0,0.0,TRUE,,,,,,,,,Secondary,Selective - Extensive,1,Confirmado,0,No,0,No,0,No,0,No,0,No,0,No,1,0,1,0,0.7,0.9,1.0,0.845,Alta Certeza (Grado I)
1360,Valdevecios I,,Hispania Tarraconensis,Spain,León,Sierra del Teleno,,TE-14,,,,,42.31479,-6.37128,1000.0,"Guessed from Sanchez-Palencia and Orejas 1994, fig. 17, IGN map, and Google Earth","Spelled Valdevecios on the IGN map, and Valdevercios by Sanchez-Palencia and Orejas",,,,,,TRUE,0.0,0.0,0.0,0.0,0.0,0.0,0.0,0.0,,"Sanchez-Palencia and Orejas 1994, 202",1.0,0.0,TRUE,,,,,,,,,Secondary,Selective - Extensive,1,Confirmado,0,No,0,No,0,No,0,No,0,No,0,No,1,0,1,0,0.7,0.9,1.0,0.845,Alta Certeza (Grado I)
1361,Valdevecios II,,Hispania Tarraconensis,Spain,León,Sierra del Teleno,,TE-15,,,,,42.300943,-6.372105,1000.0,"Guessed from Sanchez-Palencia and Orejas 1994, fig. 17, IGN map, and Google Earth","Spelled Valdevecios on the IGN map, and Valdevercios by Sanchez-Palencia and Orejas",,,,,,TRUE,0.0,0.0,0.0,0.0,0.0,0.0,0.0,0.0,,"Sanchez-Palencia and Orejas 1994, 202",1.0,0.0,TRUE,,,,,,,,,Secondary,Extensive,1,Confirmado,0,No,0,No,0,No,0,No,0,No,0,No,1,0,1,0,0.7,0.9,1.0,0.845,Alta Certeza (Grado I)
1362,Valdevila,,Hispania Tarraconensis,Spain,Orense,Cuenca media del Sil,,MS-017,,,,,42.41024,-6.880418,500.0,"Estimated from Google Earth, IGN map and Sanchez-Palencia and Orejas 1994, fig. 16",,,,,,,TRUE,0.0,0.0,0.0,0.0,0.0,0.0,0.0,0.0,,"Sanchez-Palencia and Orejas 1994, 195",1.0,0.0,TRUE,,,,,,,,,Secondary,Extensive,1,Confirmado,0,No,0,No,0,No,0,No,0,No,0,No,1,0,1,0,0.85,0.9,1.0,0.905,Alta Certeza (Grado I)
1363,Valilongo,,Hispania Tarraconensis,Spain,León,Cuenca media del Sil,,MS-084,,,,,42.415773,-6.793456,500.0,"Guessed from Google Earth and Sanchez-Palencia and Orejas 1994, fig. 16",,,,,,,TRUE,0.0,0.0,0.0,0.0,0.0,0.0,0.0,0.0,,"Sanchez-Palencia and Orejas 1994, 196",1.0,0.0,TRUE,,,,,,,,,Secondary,Extensive,1,Confirmado,0,No,0,No,0,No,0,No,0,No,0,No,1,0,1,0,0.85,0.9,1.0,0.905,Alta Certeza (Grado I)
1365,Valle Canales,,Hispania Tarraconensis,Spain,León,Cuenca Alta del Orbigo,,AO-14,,,,,42.723848,-5.935249,200.0,"Estimated from Sanchez-Palencia and Orejas 1994, fig. 15 and Google Earth",,,,,,,TRUE,0.0,0.0,0.0,0.0,0.0,0.0,0.0,0.0,,"Sanchez-Palencia and Orejas 1994, 188",1.0,0.0,TRUE,,,,,,,,,Secondary,Selective,1,Confirmado,0,No,0,No,0,No,0,No,0,No,0,No,1,0,1,0,0.85,0.9,1.0,0.905,Alta Certeza (Grado I)
1366,La Cruz de Hierro / Valle Cuevo - La Cabuercona,,Hispania Tarraconensis,Spain,León,Cuencas del Turienzo y Jerega,,TJ-01,LE 34,192.0,379.5,877.5,42.469503,-6.373253,100.0,"Estimated from Sanchez-Palencia and Orejas 1994, fig. 17, IGN map, and Google Earth",,,,,,,TRUE,0.0,0.0,0.0,0.0,0.0,0.0,0.0,0.0,,"Domergue 1990: 43; Sanchez-Palencia and Orejas 1994, 202",1.0,0.0,TRUE,,,0.0,0.0,0.0,0.0,,Quartz veins with gold-bearing arsenopyrites,Primary,Extensive,1,Confirmado,0,No,0,No,0,No,0,No,0,No,0,No,1,0,1,0,1.0,1.0,1.0,1.0,Alta Certeza (Grado I)
1367,Valle de las Forcadas,,Hispania Tarraconensis,Spain,León,Cuenca Alta del Orbigo,,AO-23,,,,,42.68365,-5.920964,0.0,"Estimated from Sanchez-Palencia and Orejas 1994, fig. 15, and features on Google Earth",,,,,,,TRUE,0.0,0.0,0.0,0.0,0.0,0.0,0.0,0.0,,"Sanchez-Palencia and Orejas 1994, 189",1.0,0.0,TRUE,FALSE,TRUE,0.0,0.0,0.0,0.0,,,Secondary,Extensive,1,Confirmado,0,No,0,No,0,No,0,No,0,No,0,No,1,0,1,0,1.0,0.9,1.0,0.9650000000000001,Alta Certeza (Grado I)
1368,Valle de los Ganados,,Hispania Tarraconensis,Spain,Oviedo,Cuenca del Navia,,NV-74,,,,,43.343283,-6.700014,300.0,Google Earth and IGN map.,,,,,,,TRUE,0.0,0.0,0.0,0.0,0.0,0.0,0.0,0.0,,"Sanchez-Palencia and Orejas 1994, 200",1.0,0.0,TRUE,TRUE,FALSE,0.0,0.0,0.0,0.0,,,Secondary,Selective,1,Confirmado,0,No,0,No,0,No,0,No,0,No,0,No,1,0,1,0,0.85,0.9,1.0,0.905,Alta Certeza (Grado I)
1369,Valle de Valdeluengo,,Hispania Tarraconensis,Spain,León,Cuenca Alta del Orbigo,,AO-22,,,,,42.689483,-5.939732,1000.0,"Estimated from Sanchez-Palencia and Orejas 1994, fig. 15 and Google Earth",,,,,,,TRUE,0.0,0.0,0.0,0.0,0.0,0.0,0.0,0.0,,"Sanchez-Palencia and Orejas 1994, 189",1.0,0.0,TRUE,,,,,,,,,Secondary,Extensive,1,Confirmado,0,No,0,No,0,No,0,No,0,No,0,No,1,0,1,0,0.7,0.9,1.0,0.845,Alta Certeza (Grado I)
1370,Valle Gordo,,Hispania Tarraconensis,Spain,León,Cuenca Alta del Orbigo,,AO-29,,,,,42.780307,-5.733243,1000.0,"Estimated from Sanchez-Palencia and Orejas 1994, fig. 15, and features on Google Earth",,,,,,,TRUE,0.0,0.0,0.0,0.0,0.0,0.0,0.0,0.0,,"Sanchez-Palencia and Orejas 1994, 189",1.0,0.0,TRUE,,,,,,,,,Secondary,Extensive,1,Confirmado,0,No,0,No,0,No,0,No,0,No,0,No,1,0,1,0,0.7,0.9,1.0,0.845,Alta Certeza (Grado I)
1371,Valle Rabón / Mina del Couto / Salientes II,,Hispania Tarraconensis,Spain,León,Cuenca Alta del Sil,,AS-02,LE 21,101.0,384.4,922.7,42.878973,-6.324726,100.0,"Converted in QGIS from Lambert coords, Madrid 1870; adjusted with reference to http://www.milmadreñasrojas.es/esp/06/06_03.html",,,,,,,TRUE,0.0,0.0,0.0,0.0,0.0,0.0,0.0,0.0,"Fed by aqueduct channel. Matias mentions 7 reservoir tanks, and an anvil stone with 4 stamp depressions.","Domergue 1990: 42; Sanchez-Palencia and Orejas 1994, 189; Matías Rodríguez 2013",1.0,0.0,TRUE,,,,,,,,Hard rock,Primary,Extensive,1,Confirmado,0,No,0,No,0,No,0,No,0,No,0,No,1,0,1,0,1.0,1.0,1.0,1.0,Alta Certeza (Grado I)
1373,Vallegordo I,,Hispania Tarraconensis,Spain,León,Cuenca Alta del Orbigo,,AO-08,,,,,42.783425,-6.131616,500.0,"Estimated from Sanchez-Palencia and Orejas 1994, fig. 15, IGN map placename, and Google Earth",,,,,,,TRUE,0.0,0.0,0.0,0.0,0.0,0.0,0.0,0.0,,"Sanchez-Palencia and Orejas 1994, 188",1.0,0.0,TRUE,,,,,,,,,Secondary,Selective,1,Confirmado,0,No,0,No,0,No,0,No,0,No,0,No,1,0,1,0,0.85,0.9,1.0,0.905,Alta Certeza (Grado I)
1374,Vallegordo II,,Hispania Tarraconensis,Spain,León,Cuenca Alta del Orbigo,,AO-07,,,,,42.787068,-6.145248,500.0,"Estimated from Sanchez-Palencia and Orejas 1994, fig. 15, IGN map placename, and Google Earth",,,,,,,TRUE,0.0,0.0,0.0,0.0,0.0,0.0,0.0,0.0,,"Sanchez-Palencia and Orejas 1994, 188",1.0,0.0,TRUE,,,,,,,,,Secondary,Selective,1,Confirmado,0,No,0,No,0,No,0,No,0,No,0,No,1,0,1,0,0.85,0.9,1.0,0.905,Alta Certeza (Grado I)
1375,Vallegordo III,,Hispania Tarraconensis,Spain,León,Cuenca Alta del Orbigo,,AO-09,,,,,42.780269,-6.137186,100.0,"Estimated from Sanchez-Palencia and Orejas 1994, fig. 15, IGN map placename, and Google Earth",,,,,,,TRUE,0.0,0.0,0.0,0.0,0.0,0.0,0.0,0.0,,"Sanchez-Palencia and Orejas 1994, 188",1.0,0.0,TRUE,,,,,,,,,Secondary,Selective,1,Confirmado,0,No,0,No,0,No,0,No,0,No,0,No,1,0,1,0,1.0,0.9,1.0,0.9650000000000001,Alta Certeza (Grado I)
1376,Vallina de la Hierba,,Hispania Tarraconensis,Spain,Oviedo,Cuenca del Narcea,,NA-08,,,,,43.134684,-6.680217,1000.0,Guessed from Sanchez-Palencia and Orejas 1994 fig. 13 and Google Earth,,,,,,,TRUE,0.0,0.0,0.0,0.0,0.0,0.0,0.0,0.0,,"Sanchez-Palencia and Orejas 1994, 197",,,,,,,,,,,,Primary,Extensive,1,Confirmado,0,No,0,No,0,No,0,No,0,No,0,No,0,0,0,0,0.7,0.9,1.0,0.845,Alta Certeza (Grado I)
1377,Valquemado,,Hispania Baetica,Spain,Jaén,Montoro Andújar,,,J 1,883.0,556.4,403.7,38.22887108,-4.18623123,100.0,"Converted in QGIS from Lambert coords, Madrid 1870",,,,,,,FALSE,0.0,0.0,1.0,0.0,0.0,0.0,0.0,0.0,,Domergue 1990: 47,0.0,1.0,FALSE,FALSE,FALSE,0.0,0.0,0.0,0.0,,Hard rock,,,0,No,0,No,1,Confirmado,0,No,0,No,0,No,0,No,0,1,0,0,1.0,0.9,1.0,0.9650000000000001,Alta Certeza (Grado I)
1378,Valsolomón - La Muria,,Hispania Tarraconensis,Spain,León,Cuenca Alta del Orbigo,,AO-25,,,,,42.792414,-5.694127,1000.0,"Estimated from Sanchez-Palencia and Orejas 1994, fig. 15, and features on Google Earth",,,,,,,TRUE,0.0,0.0,0.0,0.0,0.0,0.0,0.0,0.0,,"Sanchez-Palencia and Orejas 1994, 189",1.0,0.0,TRUE,,,,,,,,,Secondary,Extensive,1,Confirmado,0,No,0,No,0,No,0,No,0,No,0,No,1,0,1,0,0.7,0.9,1.0,0.845,Alta Certeza (Grado I)
1379,Valvonor - El Valle,,Hispania Tarraconensis,Spain,León,Cuenca Alta del Tuerto,,AT-19,,,,,42.514959,-6.187362,500.0,"Estimated from Sanchez-Palencia and Orejas 1994, fig. 15, IGN map, and Google Earth",,,,,,,TRUE,0.0,0.0,0.0,0.0,0.0,0.0,0.0,0.0,,"Sanchez-Palencia and Orejas 1994, 190",1.0,0.0,TRUE,,,,,,,,,Secondary,Selective - Extensive,1,Confirmado,0,No,0,No,0,No,0,No,0,No,0,No,1,0,1,0,0.85,0.9,1.0,0.905,Alta Certeza (Grado I)
1380,Vaovellón I,,Hispania Tarraconensis,Spain,Oviedo,Cuenca del Porcia,,PO-05,,,,,43.437173,-6.867772,1000.0,Guessed from Sanchez Palencia and Orejas 1994: fig. 13.,,,,,,,TRUE,0.0,0.0,0.0,0.0,0.0,0.0,0.0,0.0,,"Sanchez-Palencia and Orejas 1994, 201",,,,,,,,,,,,Primary,Extensive,1,Confirmado,0,No,0,No,0,No,0,No,0,No,0,No,0,0,0,0,0.7,0.9,1.0,0.845,Alta Certeza (Grado I)
1381,Vaovellón II,,Hispania Tarraconensis,Spain,Oviedo,Cuenca del Porcia,,PO-04,,,,,43.42976,-6.868014,1000.0,Guessed from Sanchez Palencia and Orejas 1994: fig. 13.,,,,,,,TRUE,0.0,0.0,0.0,0.0,0.0,0.0,0.0,0.0,,"Sanchez-Palencia and Orejas 1994, 201",,,,,,,,,,,,Primary,Extensive,1,Confirmado,0,No,0,No,0,No,0,No,0,No,0,No,0,0,0,0,0.7,0.9,1.0,0.845,Alta Certeza (Grado I)
1382,Vaovellón III,,Hispania Tarraconensis,Spain,Oviedo,Cuenca del Porcia,,PO-03,,,,,43.429956,-6.872681,1000.0,Guessed from Sanchez Palencia and Orejas 1994: fig. 13.,,,,,,,TRUE,0.0,0.0,0.0,0.0,0.0,0.0,0.0,0.0,,"Sanchez-Palencia and Orejas 1994, 201",,,,,,,,,,,,Secondary - Primary,Selective - Extensive,1,Confirmado,0,No,0,No,0,No,0,No,0,No,0,No,0,0,0,0,0.7,0.9,1.0,0.845,Alta Certeza (Grado I)
1383,Vega de Boado,,Hispania Tarraconensis,Spain,León,Cuenca media del Sil,,MS-055,,,,,42.529108,-6.857014,500.0,"Estimated from Google Earth, IGN map and Sanchez-Palencia and Orejas 1994, fig. 16",,,,,,,TRUE,0.0,0.0,0.0,0.0,0.0,0.0,0.0,0.0,,"Sanchez-Palencia and Orejas 1994, 196",1.0,0.0,TRUE,,,,,,,,,Secondary,Extensive,1,Confirmado,0,No,0,No,0,No,0,No,0,No,0,No,1,0,1,0,0.85,0.9,1.0,0.905,Alta Certeza (Grado I)
1384,Vega de la Mula,,Hispania Tarraconensis,Spain,Oviedo,Cuenca del Narcea,,NA-11,,,,,43.140756,-6.662806,1000.0,Guessed from Sanchez-Palencia and Orejas 1994 fig. 13 and Google Earth,,,,,,,TRUE,0.0,0.0,0.0,0.0,0.0,0.0,0.0,0.0,,"Sanchez-Palencia and Orejas 1994, 197",,,,,,,,,,,,Primary,Selective - Extensive,1,Confirmado,0,No,0,No,0,No,0,No,0,No,0,No,0,0,0,0,0.7,0.9,1.0,0.845,Alta Certeza (Grado I)
1385,Vega de Ouria,,Hispania Tarraconensis,Spain,Oviedo,Cuenca del Porcia,,PO-06,,,,,43.440778,-6.882559,1000.0,"Placename, Google Earth.",,,,,,,TRUE,0.0,0.0,0.0,0.0,0.0,0.0,0.0,0.0,,"Sanchez-Palencia and Orejas 1994, 201",,,,,,,,,,,,Primary,Extensive,1,Confirmado,0,No,0,No,0,No,0,No,0,No,0,No,0,0,0,0,0.7,0.9,1.0,0.845,Alta Certeza (Grado I)
1386,Vega Grande Ouria,,Hispania Tarraconensis,Spain,Oviedo,Cuenca del Porcia,,PO-02,,,,,43.428684,-6.879883,1000.0,Guessed from Sanchez Palencia and Orejas 1994: fig. 13.,,,,,,,TRUE,0.0,0.0,0.0,0.0,0.0,0.0,0.0,0.0,,"Sanchez-Palencia and Orejas 1994, 201",,,,,,,,,,,,Secondary - Primary,Selective - Extensive,1,Confirmado,0,No,0,No,0,No,0,No,0,No,0,No,0,0,0,0,0.7,0.9,1.0,0.845,Alta Certeza (Grado I)
1388,Vegas del Condado,,Hispania Tarraconensis,Spain,León,León,,,LE 53,130.0,463.5,899.5,42.68746016,-5.353686168,100.0,"Converted in QGIS from Lambert coords, Madrid 1870",,,,,,,TRUE,0.0,0.0,0.0,0.0,0.0,0.0,0.0,0.0,,Domergue 1990: 42,0.0,0.0,TRUE,TRUE,FALSE,0.0,0.0,0.0,0.0,,Tertiary alluvium,,,1,Confirmado,0,No,0,No,0,No,0,No,0,No,0,No,1,0,0,0,1.0,0.9,1.0,0.9650000000000001,Alta Certeza (Grado I)
1389,Veigadepope,,Hispania Tarraconensis,Spain,Oviedo,Cuenca del Narcea,,NA-04,,,,,43.134716,-6.580023,1000.0,"Estimated from Sanchez-Palencia and Orejas 1994, fig. 13, IGN map, and Google Earth",,,,,,,TRUE,0.0,0.0,0.0,0.0,0.0,0.0,0.0,0.0,,"Sanchez-Palencia and Orejas 1994, 197",1.0,0.0,TRUE,,,,,,,,,Secondary,Selective - Extensive,1,Confirmado,0,No,0,No,0,No,0,No,0,No,0,No,1,0,1,0,0.7,0.9,1.0,0.845,Alta Certeza (Grado I)
1390,Chamborros (Veneiro - Los Eiros),,Hispania Tarraconensis,Spain,León,Sierra del Teleno,,TE-11,,,,,42.3274,-6.393324,200.0,"Estimated from Sanchez-Palencia and Orejas 1994, fig. 17, IGN map, and Google Earth",Chamborros is the name on the IGN map,,,,,,TRUE,0.0,0.0,0.0,0.0,0.0,0.0,0.0,0.0,,"Sanchez-Palencia and Orejas 1994, 202",1.0,0.0,TRUE,TRUE,FALSE,0.0,0.0,0.0,0.0,,,Secondary,Selective - Extensive,1,Confirmado,0,No,0,No,0,No,0,No,0,No,0,No,1,0,1,0,0.85,0.9,1.0,0.905,Alta Certeza (Grado I)
1391,Venta Nueva,,Hispania Tarraconensis,Spain,Oviedo,Cuenca del Narcea,,NA-02,,,,,43.056568,-6.61855,500.0,"Estimated from Sanchez-Palencia and Orejas 1994, fig. 13, IGN map, and Google Earth",,,,,,,TRUE,0.0,0.0,0.0,0.0,0.0,0.0,0.0,0.0,,"Sanchez-Palencia and Orejas 1994, 197",1.0,0.0,TRUE,,,,,,,,,Secondary,Extensive,1,Confirmado,0,No,0,No,0,No,0,No,0,No,0,No,1,0,1,0,0.85,0.9,1.0,0.905,Alta Certeza (Grado I)
1392,Venta Quemada,,Hispania Tarraconensis,Spain,Jaén,Linares - La Carolina,,,J 18,884.0,608.5,414.5,38.32729724,-3.59065906,100.0,"Converted in QGIS from Lambert coords, Madrid 1870",,,,,,,FALSE,1.0,1.0,0.0,0.0,0.0,0.0,0.0,0.0,,Domergue 1990: 45,0.0,1.0,FALSE,FALSE,FALSE,0.0,0.0,0.0,0.0,,Hard rock,Primary,,0,No,1,Confirmado,0,No,1,Confirmado,0,No,0,No,0,No,0,1,0,0,1.0,0.9,1.0,0.9650000000000001,Alta Certeza (Grado I)
1393,Venus,,Hispania Baetica,Spain,Badajoz,Azuaga-Fuenteovejuna,,,BA 16,878.0,432.3,400.0,38.18036786,-5.60335206,100.0,"Converted in QGIS from Lambert coords, Madrid 1870",,,,,,,FALSE,1.0,1.0,0.0,0.0,0.0,0.0,0.0,0.0,,Domergue 1990: 46,0.0,1.0,FALSE,FALSE,FALSE,0.0,0.0,0.0,0.0,,Hard rock,Primary,,0,No,1,Confirmado,0,No,1,Confirmado,0,No,0,No,0,No,0,1,0,0,1.0,0.9,1.0,0.9650000000000001,Alta Certeza (Grado I)
1394,Vicaria,,Hispania Baetica,Spain,Badajoz,Huelva,,,BA 31,897.0,367.0,383.0,38.01206989,-6.34302469,100.0,"Converted in QGIS from Lambert coords, Madrid 1870",,,,,,,FALSE,0.0,0.0,1.0,0.0,0.0,0.0,0.0,0.0,,Domergue 1990: 61,0.0,1.0,FALSE,FALSE,FALSE,0.0,0.0,0.0,0.0,,Hard rock,Primary,,0,No,0,No,1,Confirmado,0,No,0,No,0,No,0,No,0,1,0,0,1.0,0.9,1.0,0.9650000000000001,Alta Certeza (Grado I)
1395,Vidrosa,,Hispania Tarraconensis,Spain,Oviedo,Cuenca del Porcia,,PO-08,,,,,43.493108,-6.803597,1000.0,"Placename, IGN map and Google Earth; cf. Sanchez Palencia and Orejas 1994: fig. 13.",,,,,,,TRUE,0.0,0.0,0.0,0.0,0.0,0.0,0.0,0.0,,"Sanchez-Palencia and Orejas 1994, 201",,,,,,,,,,,,Primary,Selective - Extensive,1,Confirmado,0,No,0,No,0,No,0,No,0,No,0,No,0,0,0,0,0.7,0.9,1.0,0.845,Alta Certeza (Grado I)
1396,Vieiros I,,Hispania Tarraconensis,Spain,León,Cuenca media del Sil,,MS-049,,,,,42.572755,-7.079755,2000.0,"Google Earth, placename",,,,,,,TRUE,0.0,0.0,0.0,0.0,0.0,0.0,0.0,0.0,,"Sanchez-Palencia and Orejas 1994, 196",,,,,,,,,,,,Primary,Extensive,1,Confirmado,0,No,0,No,0,No,0,No,0,No,0,No,0,0,0,0,0.5,0.9,1.0,0.765,Media Certeza (Grado II)
1397,Vieiros II,,Hispania Tarraconensis,Spain,León,Cuenca media del Sil,,MS-048,,,,,42.572755,-7.079755,2000.0,"Google Earth, placename",,,,,,,TRUE,0.0,0.0,0.0,0.0,0.0,0.0,0.0,0.0,,"Sanchez-Palencia and Orejas 1994, 195",,,,,,,,,,,,Primary,Extensive,1,Confirmado,0,No,0,No,0,No,0,No,0,No,0,No,0,0,0,0,0.5,0.9,1.0,0.765,Media Certeza (Grado II)
1399,Vilarantón,,Hispania Tarraconensis,Spain,Lugo,Cuenca Alta del Miño,,AN-13,,,,,42.967585,-6.984041,1000.0,Google Earth,,,,,,,TRUE,0.0,0.0,0.0,0.0,0.0,0.0,0.0,0.0,,"Sanchez-Palencia and Orejas 1994, 188",1.0,0.0,TRUE,,,,,,,,,Secondary,Selective,1,Confirmado,0,No,0,No,0,No,0,No,0,No,0,No,1,0,1,0,0.7,0.9,1.0,0.845,Alta Certeza (Grado I)
1400,Villagutiérrez,,Hispania Tarraconensis,Spain,Ciudad Real,Alcudia,,,CR 3,783.0,536.5,472.0,38.84343458,-4.42006548,100.0,"Converted in QGIS from Lambert coords, Madrid 1870",,,,,,,FALSE,1.0,1.0,0.0,0.0,0.0,0.0,0.0,0.0,,Domergue 1990: 46,,,FALSE,FALSE,FALSE,0.0,0.0,0.0,,,,,,0,No,1,Confirmado,0,No,1,Confirmado,0,No,0,No,0,No,0,0,0,0,1.0,0.9,1.0,0.9650000000000001,Alta Certeza (Grado I)
1401,Villaiz,,Hispania Tarraconensis,Spain,Lugo,Cuenca Alta del Miño,,AN-04,,,,,42.908301,-7.081878,1000.0,Google Earth,,,,,,,TRUE,0.0,0.0,0.0,0.0,0.0,0.0,0.0,0.0,,"Sanchez-Palencia and Orejas 1994, 188",1.0,0.0,TRUE,,,,,,,,,Secondary,Selective - Extensive,1,Confirmado,0,No,0,No,0,No,0,No,0,No,0,No,1,0,1,0,0.7,0.9,1.0,0.845,Alta Certeza (Grado I)
1402,Villamejil,,Hispania Tarraconensis,Spain,León,Cuenca Alta del Tuerto,,AT-25,,,,,42.562331,-6.016481,500.0,"Estimated from Sanchez-Palencia and Orejas 1994, fig. 15, and Google Earth",,,,,,,TRUE,0.0,0.0,0.0,0.0,0.0,0.0,0.0,0.0,,"Sanchez-Palencia and Orejas 1994, 190",1.0,0.0,TRUE,,,,,,,,,Secondary,Extensive,1,Confirmado,0,No,0,No,0,No,0,No,0,No,0,No,1,0,1,0,0.85,0.9,1.0,0.905,Alta Certeza (Grado I)
1404,Villar de Frades,,Hispania Tarraconensis,Spain,Lugo,Cuenca Alta del Miño,,AN-01,,,,,42.88452,-7.145092,500.0,Google Earth,,,,,,,TRUE,0.0,0.0,0.0,0.0,0.0,0.0,0.0,0.0,,"Sanchez-Palencia and Orejas 1994, 188",,,,,,,,,,,,Primary,Selective - Extensive,1,Confirmado,0,No,0,No,0,No,0,No,0,No,0,No,0,0,0,0,0.85,0.9,1.0,0.905,Alta Certeza (Grado I)
1405,Villar del Monte: La Mata,,Hispania Tarraconensis,Spain,León,Cuenca del Eria,,ER-09,LE 43.6,230.0,382.4,851.7,42.23952955,-6.325642464,100.0,"Converted in QGIS from Lambert coords, Madrid 1870",need to add detail from Domergue for LE 43.4-5,,,,,,TRUE,0.0,0.0,0.0,0.0,0.0,0.0,0.0,0.0,,"Domergue 1990: 43; Sanchez-Palencia and Orejas 1994, 193",1.0,0.0,TRUE,FALSE,TRUE,0.0,0.0,0.0,0.0,,Colluvial deposits and river terrace,Secondary,Selective,1,Confirmado,0,No,0,No,0,No,0,No,0,No,0,No,1,0,1,0,1.0,1.0,1.0,1.0,Alta Certeza (Grado I)
1406,Villar del Monte: San Justo / La Corona,,Hispania Tarraconensis,Spain,León,Cuenca del Eria,,ER-06,LE 43.3,230.0,379.5,851.8,42.23965186,-6.36081109,100.0,"Converted in QGIS from Lambert coords, Madrid 1870",,,,,,,TRUE,0.0,0.0,0.0,0.0,0.0,0.0,0.0,0.0,,"Domergue 1990: 43; Sanchez-Palencia and Orejas 1994, 193",1.0,0.0,TRUE,FALSE,TRUE,0.0,1.0,0.0,0.0,Probable traces of rake/comb workings on Google Earth (poor quality image).,Colluvial deposits and river terrace,Secondary,Selective,1,Confirmado,0,No,0,No,0,No,0,No,0,No,0,No,1,0,1,0,1.0,1.0,1.0,1.0,Alta Certeza (Grado I)
1407,Villar del Monte: Truchas / Cogolla,,Hispania Tarraconensis,Spain,León,Cuenca del Eria,,ER-03,LE 43.1,230.0,374.0,853.7,42.255197,-6.43174,0.0,"Converted in QGIS from Lambert coords, Madrid 1870",need to add detail from Domergue for LE 43.2,,,,,,TRUE,0.0,0.0,0.0,0.0,0.0,0.0,0.0,0.0,,"Domergue 1990: 43; Sanchez-Palencia and Orejas 1994, 193; Fernández-Lozano et al. 2015",1.0,0.0,TRUE,FALSE,TRUE,0.0,0.0,0.0,0.0,Domergue's Truchas is assumed to be the same as Sanchez Palencia & Orejas's Cogolla (Cogolla is a small hill 600 m south of Truchas),Colluvial deposits and river terrace,Secondary,Selective,1,Confirmado,0,No,0,No,0,No,0,No,0,No,0,No,1,0,1,0,1.0,1.0,1.0,1.0,Alta Certeza (Grado I)
1408,Villarcebollín,,Hispania Tarraconensis,Spain,Oviedo,Cuenca del Navia,,NV-10,,,,,43.023638,-6.845831,1000.0,"Google Earth, placename",,,,,,,TRUE,0.0,0.0,0.0,0.0,0.0,0.0,0.0,0.0,,"Sanchez-Palencia and Orejas 1994, 199",,,,,,,,,,,,Primary,Extensive,1,Confirmado,0,No,0,No,0,No,0,No,0,No,0,No,0,0,0,0,0.7,0.9,1.0,0.845,Alta Certeza (Grado I)
1409,Villardecás,,Hispania Tarraconensis,Spain,Orense,Cuenca media del Miño,,MM-15,,,,,42.245763,-7.588989,500.0,"Google Earth, placename",,,,,,,TRUE,0.0,0.0,0.0,0.0,0.0,0.0,0.0,0.0,,"Sanchez-Palencia and Orejas 1994, 194",1.0,0.0,TRUE,,,,,,,,,Secondary,Selective - Extensive,1,Confirmado,0,No,0,No,0,No,0,No,0,No,0,No,1,0,1,0,0.85,0.9,1.0,0.905,Alta Certeza (Grado I)
1410,Villarino,,Hispania Tarraconensis,Spain,León,Cuenca Alta del Sil,,,LE 22,101.0,382.6,926.4,42.91185895,-6.350256915,100.0,"Converted in QGIS from Lambert coords, Madrid 1870",,,,,,,TRUE,0.0,0.0,0.0,0.0,0.0,0.0,0.0,0.0,,Domergue 1990: 42,,,,,,,,,,,Hard rock,,,1,Confirmado,0,No,0,No,0,No,0,No,0,No,0,No,0,0,0,0,1.0,0.9,1.0,0.9650000000000001,Alta Certeza (Grado I)
1411,Villarubín,,Hispania Tarraconensis,Spain,León,Cuenca media del Sil,,MS-050,,,,,42.575839,-7.03065,100.0,"Google Earth, placename, and IGN map",,,,,,,TRUE,0.0,0.0,0.0,0.0,0.0,0.0,0.0,0.0,,"Sanchez-Palencia and Orejas 1994, 196",1.0,0.0,TRUE,,,,,,,,,Secondary,Selective,1,Confirmado,0,No,0,No,0,No,0,No,0,No,0,No,1,0,1,0,1.0,0.9,1.0,0.9650000000000001,Alta Certeza (Grado I)
1412,Villasonte,,Hispania Tarraconensis,Spain,Oviedo,Cuenca del Navia,,NV-43,,,,,43.19056,-6.764656,1000.0,"Placename, Google Earth.",,,,,,,TRUE,0.0,0.0,0.0,0.0,0.0,0.0,0.0,0.0,,"Sanchez-Palencia and Orejas 1994, 200",1.0,0.0,TRUE,,,,,,,,,Secondary,Extensive,1,Confirmado,0,No,0,No,0,No,0,No,0,No,0,No,1,0,1,0,0.7,0.9,1.0,0.845,Alta Certeza (Grado I)
1413,Villaverde,,Hispania Tarraconensis,Spain,Oviedo,Cuenca del Narcea,,NA-49,,,,,43.315988,-6.270986,1000.0,"Estimated from Sanchez-Palencia and Orejas 1994, fig. 13, IGN map, and Google Earth",,,,,,,TRUE,0.0,0.0,0.0,0.0,0.0,0.0,0.0,0.0,,"Sanchez-Palencia and Orejas 1994, 198",,,,,,,,,,,,Primary,Extensive,1,Confirmado,0,No,0,No,0,No,0,No,0,No,0,No,0,0,0,0,0.7,0.9,1.0,0.845,Alta Certeza (Grado I)
1414,Villavilleiro I,,Hispania Tarraconensis,Spain,Oviedo,Cuenca del Navia,,NV-33,,,,,43.161779,-6.896421,1000.0,https://vivirasturias.com/la-prida-del-castro,,,,,,,TRUE,0.0,0.0,0.0,0.0,0.0,0.0,0.0,0.0,Hydraulic mine apparently re-using ditches of the Castro de Pelou (Sanchez-Palencia quoted as saying that the castro owes its existence to the mines and that its ditches were excavated by hydraulic means; which must be wrong: ditches re-used as hushing reservoirs.,"Sanchez-Palencia and Orejas 1994, 200",1.0,0.0,TRUE,TRUE,FALSE,0.0,0.0,0.0,0.0,,,Primary,Extensive,1,Confirmado,0,No,0,No,0,No,0,No,0,No,0,No,1,0,1,0,0.7,0.9,1.0,0.845,Alta Certeza (Grado I)
1415,Villavilleiro II,,Hispania Tarraconensis,Spain,Oviedo,Cuenca del Navia,,NV-32,,,,,43.169452,-6.896323,1000.0,"Sanchez-Palencia and Orejas 1994, fig. 13, and relative relationship to Villavilleiro I.",,,,,,,TRUE,0.0,0.0,0.0,0.0,0.0,0.0,0.0,0.0,,"Sanchez-Palencia and Orejas 1994, 200",1.0,0.0,TRUE,TRUE,FALSE,0.0,0.0,0.0,0.0,,,Primary,Extensive,1,Confirmado,0,No,0,No,0,No,0,No,0,No,0,No,1,0,1,0,0.7,0.9,1.0,0.845,Alta Certeza (Grado I)
1416,Vuelta Falsa,,Hispania Baetica,Spain,Huelva,Huelva,,,H 38,936.0,269.9,351.95,37.7009372,-7.43352605,100.0,"Converted in QGIS from Lambert coords, Madrid 1870",,,,,,,FALSE,0.0,0.0,1.0,0.0,0.0,0.0,0.0,0.0,,Domergue 1990: 62,,,FALSE,FALSE,FALSE,0.0,0.0,0.0,,,Pyrite,Primary,,0,No,0,No,1,Confirmado,0,No,0,No,0,No,0,No,0,0,0,0,1.0,0.9,1.0,0.9650000000000001,Alta Certeza (Grado I)
1417,Vulcano (Huelva),,Hispania Baetica,Spain,Huelva,Huelva,,,H 13,959.0,297.5,337.4,37.57990684,-7.11433356,100.0,"Converted in QGIS from Lambert coords, Madrid 1870",,,,,,,FALSE,0.0,0.0,1.0,0.0,0.0,0.0,0.0,0.0,,Domergue 1990: 62,0.0,1.0,FALSE,FALSE,FALSE,0.0,0.0,0.0,0.0,,Pyrite,Primary,,0,No,0,No,1,Confirmado,0,No,0,No,0,No,0,No,0,1,0,0,1.0,0.9,1.0,0.9650000000000001,Alta Certeza (Grado I)
1418,A Xisterna I,,Hispania Tarraconensis,Spain,León,Cuencas de Cúa y Burbia,,CB-17,,,,,42.710794,-6.738149,0.0,"Estimated from Sanchez-Palencia and Orejas 1994, fig. 14, and Google Earth, refined by site visit 26/09/2021.",,,,,,,TRUE,0.0,0.0,0.0,0.0,0.0,0.0,0.0,0.0,,"Sanchez-Palencia and Orejas 1994, 191",1.0,0.0,TRUE,TRUE,TRUE,0.0,0.0,0.0,0.0,,,Secondary,Extensive,1,Confirmado,0,No,0,No,0,No,0,No,0,No,0,No,1,0,1,0,1.0,0.9,1.0,0.9650000000000001,Alta Certeza (Grado I)
1420,Zardaín,,Hispania Tarraconensis,Spain,Oviedo,Cuenca del Esba o Canero,,ES-02,,,,,43.392984,-6.553396,500.0,Guessed from Google Earth,,,,,,,TRUE,0.0,0.0,0.0,0.0,0.0,0.0,0.0,0.0,,"Sanchez-Palencia and Orejas 1994, 193",1.0,0.0,TRUE,,,,,,,,,Secondary,Extensive,1,Confirmado,0,No,0,No,0,No,0,No,0,No,0,No,1,0,1,0,0.85,0.9,1.0,0.905,Alta Certeza (Grado I)
1437,Munigua,,Hispania Baetica,Spain,,,,,,,,,37.71323,-5.740789,1000.0,Google Earth (site of ancient town),,,,,,4th c. BC to 2nd/3rd c. AD (?),FALSE,0.0,0.0,1.0,0.0,1.0,0.0,0.0,0.0,,"Thomas G. Schattner, various articles; http://www.haaretz.com/archaeology/1.774629",0.0,1.0,FALSE,FALSE,FALSE,0.0,0.0,0.0,0.0,,,,,0,No,0,No,1,Confirmado,0,No,0,No,0,No,1,Confirmado,0,1,0,0,0.7,0.75,1.0,0.7925,Media Certeza (Grado II)
1447,El Corón de San Pedro,,Hispania Tarraconensis,Spain,León,Cuenca del Boeza,,BO-06,,,,,42.7182,-6.393549,0.0,"From Sanchez-Palencia and Orejas 1994, fig. 14, IGN map, and Google Earth, refined by site visit 23/09/2021.",From Google Earth,-19.0,230.0,50.0,250.0,Roman,TRUE,0.0,0.0,0.0,0.0,0.0,0.0,0.0,0.0,Castro immediately adjacent to mine.,"Alvarez González 1993; Sanchez-Palencia and Orejas 1994, 190",1.0,0.0,TRUE,,TRUE,0.0,0.0,0.0,0.0,,Alluvial deposits,Secondary,Extensive,1,Confirmado,0,No,0,No,0,No,0,No,0,No,0,No,1,0,1,0,1.0,0.9,1.0,0.9650000000000001,Alta Certeza (Grado I)
1449,Morredero,,Hispania Tarraconensis,Spain,León,Sierra del Teleno,,,,,,,42.407902,-6.514921,0.0,Google Earth/site visit,Immediately to west of ski-lift station,-19.0,230.0,50.0,250.0,Roman,TRUE,0.0,0.0,0.0,0.0,0.0,0.0,0.0,0.0,Hydraulic mining,http://www.diariodeleon.es/noticias/cultura/hallan-mina-oro-romana-morredero_1186378.html,1.0,0.0,TRUE,TRUE,FALSE,0.0,0.0,0.0,0.0,"Newly discovered mine identified by Roberto Matias, August 2017",Alluvial deposits,Secondary,,1,Confirmado,0,No,0,No,0,No,0,No,0,No,0,No,1,0,1,0,1.0,0.75,1.0,0.9125,Alta Certeza (Grado I)
1504,Ruiseñada,,Hispania Tarraconensis,Spain,,,,,,,,,43.3639,-4.29054,2000.0,	dare.ht.lu.se/places/38316,,-30.0,-30.0,300.0,300.0,Roman,FALSE,0.0,1.0,0.0,0.0,0.0,0.0,0.0,0.0,,,,,FALSE,FALSE,FALSE,0.0,0.0,0.0,0.0,,,,,0,No,0,No,0,No,1,Confirmado,0,No,0,No,0,No,0,0,0,0,0.5,0.4,1.0,0.59,Baja Certeza / Exploratoria (Grado III)
1627,Navelgas Sur,,Hispania Tarraconensis,Spain,Oviedo,Cuenca del Esba o Canero,,ES-04,,,,,43.401996,-6.547813,500.0,"Converted in QGIS from Lambert coords, Madrid 1870",,,,,,,TRUE,0.0,0.0,0.0,0.0,0.0,0.0,0.0,0.0,,"Sanchez-Palencia and Orejas 1994, 193",,,,,,,,,,,,Primary,Extensive,1,Confirmado,0,No,0,No,0,No,0,No,0,No,0,No,0,0,0,0,0.85,0.9,1.0,0.905,Alta Certeza (Grado I)
1628,Arroyo de Bouza,,Hispania Tarraconensis,Spain,León,Cuenca Alta del Tuerto,,,LE 58,160.0,,,42.56528,-6.150903,50.0,"Google Earth and Domergue 1988 vol. II, 343",,,,,,,TRUE,0.0,0.0,0.0,0.0,0.0,0.0,0.0,0.0,,"Domergue 1988, 343",1.0,0.0,TRUE,FALSE,FALSE,0.0,1.0,0.0,0.0,,Colluvial deposits,Secondary,,1,Confirmado,0,No,0,No,0,No,0,No,0,No,0,No,1,0,1,0,1.0,0.9,1.0,0.9650000000000001,Alta Certeza (Grado I)
1631,Três Minas - Corta de Ribeirinha,,Hispania Tarraconensis,Portugal,Vila Real,Trás-os-montes,,NP-09,POR 45,75.0,251.3,502.9,41.49378078,-7.518805876,0.0,Google Earth,,-20.0,150.0,170.0,230.0,,TRUE,0.0,0.0,0.0,0.0,0.0,0.0,0.0,0.0,"Work started shortly after conquest in the 1st century BC then lasted until the 3rd century AD. Corta de Ribeirinha, large opencast 370 m in length, 2.5 million m³ removed,  Traces of firesetting at the base. Underground galleries for ore extraction, and prospection. Peak extraction dates to first half of second century AD. Anvil stones from Roman water-powered ore-crushing machines have been found.","Domergue 1990: 41; Wahl 1993: 123-157; Sanchez-Palencia and Orejas 1994, 198",1.0,1.0,FALSE,FALSE,FALSE,0.0,0.0,0.0,0.0,Ore-crushing anvils from machines,Hard rock,Primary,Extensive,1,Confirmado,0,No,0,No,0,No,0,No,0,No,0,No,0,1,1,0,1.0,1.0,1.0,1.0,Alta Certeza (Grado I)
1632,Três Minas - Lagoinhos,,Hispania Tarraconensis,Portugal,Vila Real,Trás-os-montes,,NP-09,POR 45,75.0,251.3,502.9,41.49318,-7.514978,0.0,Google Earth,,-20.0,150.0,170.0,230.0,,TRUE,0.0,0.0,0.0,0.0,0.0,0.0,0.0,0.0,"A large underground exploitation chamber, whose roof has collapsed so that it now resembles an opencast. Further prospection galleries, shafts, and underground workings.","Domergue 1990: 41; Wahl 1993: 123-157; Sanchez-Palencia and Orejas 1994, 198",0.0,1.0,FALSE,FALSE,FALSE,0.0,0.0,0.0,0.0,Ore-crushing anvils from machines,Hard rock,Primary,Extensive,1,Confirmado,0,No,0,No,0,No,0,No,0,No,0,No,0,1,0,0,1.0,1.0,1.0,1.0,Alta Certeza (Grado I)
1633,Gralheira,,Hispania Tarraconensis,Portugal,Vila Real,Trás-os-montes,,,,,,,41.468756,-7.575301,,Google Earth,,-20.0,100.0,150.0,230.0,,TRUE,0.0,0.0,0.0,0.0,0.0,0.0,0.0,0.0,"Trench mining along a vein, for c. 3.5 km; splits into several trenches towards the west.",,1.0,0.0,FALSE,FALSE,FALSE,0.0,0.0,0.0,0.0,,Hard rock,Primary,,1,Confirmado,0,No,0,No,0,No,0,No,0,No,0,No,0,0,1,0,0.5,0.4,1.0,0.59,Baja Certeza / Exploratoria (Grado III)
1634,Forno dos Mouros,,Hispania Tarraconensis,Portugal,Vila Real,Trás-os-montes,,,,,,,41.471817,-7.56867,,Google Earth,,,,,,,TRUE,0.0,0.0,0.0,0.0,0.0,0.0,0.0,0.0,"Mining dumps and a large spread of slag from smelting, together with ore-crushing anvils, indicating an underground mine whose entrance remains obscured by vegetations.",,0.0,1.0,FALSE,FALSE,FALSE,0.0,0.0,0.0,0.0,Ore-crushing anvils from machines,Hard rock,Primary,,1,Confirmado,0,No,0,No,0,No,0,No,0,No,0,No,0,1,0,0,0.5,0.4,1.0,0.59,Baja Certeza / Exploratoria (Grado III)
1635,Los Corralones,,Hispania Tarraconensis,Spain,León,,,,,,,,42.10977,-6.377308,0.0,Google Earth and ground visit.,,,,,,,TRUE,0.0,0.0,0.0,0.0,0.0,0.0,0.0,0.0,"Castro with double ditches, later worked by hydraulic means with additional channels, deepening of ditches, and opencast on eastern side.",,1.0,0.0,TRUE,,,0.0,0.0,0.0,,,Alluvial deposits,Secondary,,1,Confirmado,0,No,0,No,0,No,0,No,0,No,0,No,1,0,1,0,1.0,0.4,1.0,0.79,Media Certeza (Grado II)
1636,Portillo de Xandequín,,Hispania Tarraconensis,Spain,León,Sierra del Teleno,,TE-07,,,,,42.30098,-6.338022,0.0,IGN map and Google Earth,,,,,,,TRUE,0.0,0.0,0.0,0.0,0.0,0.0,0.0,0.0,,"Sanchez-Palencia and Orejas 1994, 201",1.0,0.0,TRUE,TRUE,FALSE,0.0,0.0,0.0,0.0,,,Secondary,Selective - Extensive,1,Confirmado,0,No,0,No,0,No,0,No,0,No,0,No,1,0,1,0,1.0,0.9,1.0,0.9650000000000001,Alta Certeza (Grado I)
1637,Peña Canales,,Hispania Tarraconensis,Spain,León,Sierra del Teleno,,TE-08,,,,,42.302075,-6.35066,0.0,Google Earth and ground visit,,,,,,,TRUE,0.0,0.0,0.0,0.0,0.0,0.0,0.0,0.0,,"Sanchez-Palencia and Orejas 1994, 202",1.0,0.0,TRUE,TRUE,FALSE,0.0,0.0,0.0,0.0,,,Secondary,Selective - Extensive,1,Confirmado,0,No,0,No,0,No,0,No,0,No,0,No,1,0,1,0,1.0,0.9,1.0,0.9650000000000001,Alta Certeza (Grado I)
1638,Arroyo de Xandellamas,,Hispania Tarraconensis,Spain,León,Sierra del Teleno,,TE-08,,,,,42.305767,-6.343668,300.0,"Estimated from Sanchez-Palencia and Orejas 1994, fig. 17, IGN map, and Google Earth",,,,,,,TRUE,0.0,0.0,0.0,0.0,0.0,0.0,0.0,0.0,,"Sanchez-Palencia and Orejas 1994, 202",1.0,0.0,TRUE,TRUE,FALSE,0.0,0.0,0.0,0.0,,,Secondary,Selective - Extensive,1,Confirmado,0,No,0,No,0,No,0,No,0,No,0,No,1,0,1,0,0.85,0.9,1.0,0.905,Alta Certeza (Grado I)
1639,Pico de Valteleno,,Hispania Tarraconensis,Spain,León,Sierra del Teleno,,,,,,,42.297216,-6.334933,100.0,Google Earth and ground visit nearby,,,,,,,TRUE,0.0,0.0,0.0,0.0,0.0,0.0,0.0,0.0,,"Personal communication, Regula Wahl 2018",1.0,0.0,FALSE,FALSE,FALSE,0.0,0.0,0.0,0.0,"Hard rock mine on peak, non-hydraulic opencast.",,Primary,Selective,1,Confirmado,0,No,0,No,0,No,0,No,0,No,0,No,0,0,1,0,1.0,0.75,1.0,0.9125,Alta Certeza (Grado I)
1764,Las Llameras,,Hispania Tarraconensis,Spain,León,Cuenca del Boeza,,,,,,,42.70395,-6.363748,0.0,"Site visit 23/09/2021. Name taken from nearest toponym on IGN 1:25,000 map.",,,,,,,TRUE,0.0,0.0,0.0,0.0,0.0,0.0,0.0,0.0,,,1.0,0.0,TRUE,FALSE,TRUE,0.0,0.0,0.0,0.0,,,Secondary,Extensive,1,Confirmado,0,No,0,No,0,No,0,No,0,No,0,No,1,0,1,0,1.0,0.4,1.0,0.79,Media Certeza (Grado II)
1767,Fuente Encalada,,Hispania Tarraconensis,Spain,León,Cuencas de Cúa y Burbia,,,LE 56,158.0,345.0,888.4,42.558406,-6.795227,100.0,Google Earth,1.5 km SW of Otero,,,,,,TRUE,0.0,0.0,0.0,0.0,0.0,0.0,0.0,0.0,,Domergue 1990: 44,1.0,0.0,TRUE,,,0.0,,,0.0,,Terrace,Secondary,Extensive,1,Confirmado,0,No,0,No,0,No,0,No,0,No,0,No,1,0,1,0,1.0,0.9,1.0,0.9650000000000001,Alta Certeza (Grado I)
1768,Sorbrera,,Hispania Tarraconensis,Spain,León,,,,,,,,42.71811525,-6.442887381,10.0,https://servicios.jcyl.es/pweb/datosGIS.do?tipo=Yacimiento&numero=102391,"N of Robledo de las Traviesas, on left bank of the Arroyo de Sorbrera.",,,,,Roman,TRUE,0.0,0.0,0.0,0.0,0.0,0.0,0.0,0.0,"Alluvial hydraulic gold mining site; there were three large zanja-channels in the NE part of the zone, uniting to form a large zanja in the central part, with the stone dumps towards the Arroyo de Velasco in the SW. Now destroyed by modern quarrying.",https://servicios.jcyl.es/pweb/datosGIS.do?tipo=Yacimiento&numero=102391,1.0,0.0,TRUE,,TRUE,0.0,,0.0,0.0,,,Secondary,,1,Confirmado,0,No,0,No,0,No,0,No,0,No,0,No,1,0,1,0,1.0,0.75,1.0,0.9125,Alta Certeza (Grado I)
1769,Castro de Rivas,,Hispania Tarraconensis,Spain,León,,,,,,,,42.68561071,-6.371449279,10.0,https://servicios.jcyl.es/pweb/datosYacimiento.do?numero=102437,,,,,,,TRUE,0.0,0.0,0.0,0.0,0.0,0.0,0.0,0.0,"Hydraulic mining with channels, reusing ditch of Castro de Rivas",,1.0,0.0,TRUE,,TRUE,0.0,0.0,0.0,0.0,,,Secondary,,1,Confirmado,0,No,0,No,0,No,0,No,0,No,0,No,1,0,1,0,1.0,0.4,1.0,0.79,Media Certeza (Grado II)
1770,La Salina,,Hispania Tarraconensis,Spain,León,,,,,,,,42.68597057,-6.36460443,10.0,"https://servicios.jcyl.es/pweb/datosYacimiento.do?numero=102413_x000D_
",,,,,,,TRUE,0.0,0.0,0.0,0.0,0.0,0.0,0.0,0.0,"Hydraulic mining with channels, reusing ditches of castro of La Salina.",,1.0,0.0,TRUE,,TRUE,0.0,0.0,0.0,0.0,,,Secondary,,1,Confirmado,0,No,0,No,0,No,0,No,0,No,0,No,1,0,1,0,1.0,0.4,1.0,0.79,Media Certeza (Grado II)
1771,Zufreiral,,Hispania Tarraconensis,Spain,León,,,,,,,,42.70385923,-6.447879387,10.0,https://servicios.jcyl.es/pweb/datosYacimiento.do?numero=102402,https://vici.org/vici/84014/,,,,,,TRUE,0.0,0.0,0.0,0.0,0.0,0.0,0.0,0.0,"Hydraulic mining; four fan-shaped channels, roughly S-N, uniting to form a long single channel discharging into the Arroyo de Paradilla",https://servicios.jcyl.es/pweb/datosYacimiento.do?numero=102402,1.0,0.0,TRUE,,TRUE,0.0,0.0,0.0,0.0,,,Secondary,,1,Confirmado,0,No,0,No,0,No,0,No,0,No,0,No,1,0,1,0,1.0,0.75,1.0,0.9125,Alta Certeza (Grado I)
1772,La Poza del Castro,,Hispania Tarraconensis,Spain,León,,,,,,,,42.85106255,-6.20349361,10.0,https://servicios.jcyl.es/pweb/datosYacimiento.do?numero=102130,"Between Murias de Pedredo and Montrondo, to W of Castro de Murias / El Cubichón",,,,,,TRUE,0.0,0.0,0.0,0.0,0.0,0.0,0.0,0.0,,https://servicios.jcyl.es/pweb/datosYacimiento.do?numero=102130,1.0,0.0,TRUE,,TRUE,0.0,0.0,0.0,0.0,,,Secondary,,1,Confirmado,0,No,0,No,0,No,0,No,0,No,0,No,1,0,1,0,1.0,0.75,1.0,0.9125,Alta Certeza (Grado I)
1775,La Corona de Matachana,,Hispania Tarraconensis,Spain,León,Cuenca del Boeza,,,,,,,42.59900419,-6.42438552,100.0,https://servicios.jcyl.es/pweb/datosYacimiento.do?numero=97339,,,,,,Roman,TRUE,0.0,0.0,0.0,0.0,0.0,0.0,0.0,0.0,"The Catálogo de bienes protegidos for Castilla y Leon says that the ditches of the Corona were made with hydraulic power [this is clearly wrong, and there are ""murias"" (clearance piles of stones) from Roman mining operations.",https://servicios.jcyl.es/pweb/datosYacimiento.do?numero=97339,1.0,0.0,TRUE,,TRUE,0.0,,0.0,0.0,,,,,1,Confirmado,0,No,0,No,0,No,0,No,0,No,0,No,1,0,1,0,1.0,0.75,1.0,0.9125,Alta Certeza (Grado I)
1776,Las Ferreiruscas,,Hispania Tarraconensis,Spain,León,,,,,,,,42.4237,-6.81653,500.0,https://www.dices.net/espana/movil/mapa-Leon-Ferreiruscas-136182,In (or very near to) Puente de Domingo Flórez.,,,,,Roman,TRUE,0.0,0.0,0.0,0.0,0.0,0.0,0.0,0.0,Underground mine with a chamber covering about 30 m2 and three galleries leading off it. Waste dumps outside. Discovered in 2022.,https://astures.es/descubierta-una-nueva-mina-de-oro-romana-en-leon-las-ferreiruscas/,0.0,1.0,FALSE,FALSE,FALSE,0.0,0.0,0.0,0.0,,,,,1,Confirmado,0,No,0,No,0,No,0,No,0,No,0,No,0,1,0,0,0.85,0.75,1.0,0.8525,Alta Certeza (Grado I)
1777,Salas de la Ribera,,Hispania Tarraconensis,Spain,León,,,,,,,,42.432746,-6.80394886,1000.0,Guessed from description.,North of Puente de Domingo Flórez on the bank of the Sil.,,,,,Roman,TRUE,0.0,0.0,0.0,0.0,0.0,0.0,0.0,0.0,"Underground mine with several connected galleries, some up to 2 m in height. Discovered in 2023 (reported 14 August 2023). Alluvial mine in old river terrace so earth from the underground mine had to be taken out to be washed outside the mine.",https://astures.es/descubierta-una-nueva-mina-de-oro-romana-en-leon-las-ferreiruscas/,0.0,1.0,FALSE,FALSE,FALSE,0.0,0.0,1.0,0.0,,,,,1,Confirmado,0,No,0,No,0,No,0,No,0,No,0,No,0,1,0,1,0.7,0.75,1.0,0.7925,Media Certeza (Grado II)
1778,La Cibrera,,Hispania Tarraconensis,Spain,León,Cuenca Alta del Tuerto,,,,,,,42.49213723,-6.1333211,10.0,Satellite imagery and site visit,On the south slope of the ridge immediately W of the motorway intersection W of Pradorrey.,,,,,,TRUE,0.0,0.0,0.0,0.0,0.0,0.0,0.0,0.0,"A series of small scale workings along the slope of the ridge to the W of the motorway intersection by Pradorrey. A channel comes from the W, and at least six small-scale ditches divert from it down the slope to the south. These look either like prospections, or were very small-scale mining operations. Probably the channel continued eastward to feed the mine at Pradorrey, but the intervening stretch has been destroyed by the motorway intersection.",,1.0,0.0,TRUE,FALSE,TRUE,0.0,0.0,0.0,0.0,,Alluvial deposits,Secondary,,1,Confirmado,0,No,0,No,0,No,0,No,0,No,0,No,1,0,1,0,1.0,0.4,1.0,0.79,Media Certeza (Grado II)
1779,Devesa de Pradorrey,,Hispania Tarraconensis,Spain,León,Cuenca Alta del Tuerto,,,,,,,42.50314712,-6.15031566,10.0,Satellite imagery and site visit,"NW of Brazuelo, on the south side of the Arroyo del Bosque.",,,,,,TRUE,0.0,0.0,0.0,0.0,0.0,0.0,0.0,0.0,"Small hydraulic mine working; a channel coming from the S bifurcates around an oval area in the centre of the working (resembling a corona, but the ditches are too shallow), and converge again in two exit ditches towards the stream. The eastern side is also fed by another ditch from the SE.",,1.0,0.0,TRUE,FALSE,TRUE,0.0,0.0,0.0,0.0,,Alluvial deposits,,,1,Confirmado,0,No,0,No,0,No,0,No,0,No,0,No,1,0,1,0,1.0,0.4,1.0,0.79,Media Certeza (Grado II)
1780,La Forcada,,Hispania Tarraconensis,Spain,León,,,,,,,,42.7752842,-5.89543723,10.0,Satellite imagery and https://servicios.jcyl.es/pweb/datosGIS.do?tipo=Yacimiento&numero=109842,,,,,,,TRUE,0.0,0.0,0.0,0.0,0.0,0.0,0.0,0.0,"Large hydraulic opencast associated with (and partly destroying) the castro of Los Castros - La Forcada. Apparently ground sluicing in the northern part and deeper workings, with hushing, to the south.",,1.0,0.0,TRUE,TRUE,TRUE,0.0,0.0,0.0,,,,,,1,Confirmado,0,No,0,No,0,No,0,No,0,No,0,No,1,0,1,0,1.0,0.4,1.0,0.79,Media Certeza (Grado II)
