{
"type": "FeatureCollection",
"name": "OxREP_Hispania_Cu_Cobre",
"crs": { "type": "name", "properties": { "name": "urn:ogc:def:crs:OGC:1.3:CRS84" } },
"features": [
{ "type": "Feature", "properties": { "mineID": 1, "site": "Aljustrel", "ancientName": "Vipasca", "province": "Lusitania", "country": "Portugal", "region": "Beja", "miningDistrict": "Alentejo", "romanianRANID": null, "sanchezPalenciaAndOrejasID": null, "domergueID": "POR 2", "spainMapSheet": 538.0, "lambertX": 197.6, "lambertY": 99.6, "latitude": 37.880874, "longitude": -8.175981, "coordinateAccuracy": 1000.0, "locationDataSource": "Google Earth", "locationNotes": null, "notBeforeOpeningDate": null, "notAfterOpeningDate": null, "notBeforeClosingDate": null, "notAfterClosingDate": null, "inUseDate": null, "metalMinedGold": "?", "metalMinedSilver": 1.0, "metalMinedLead": 0.0, "metalMinedCopper": 1.0, "metalMinedTin": 0.0, "metalMinedIron": 1.0, "metalMinedMercuryCinnabar": 0.0, "metalMinedZinc": 0.0, "metalMinedOther": 0.0, "description": "A copper mining district with also extraction of silver, iron, and perhaps gold. Two bronze tablets were found here detailing the laws and regulations as well as the imperial administration's role in managing the town, granting leases, and overseeing the mining works.", "references": "Domergue 1983: 5-193; Domergue 1990: 62", "techniqueOpencast": 0.0, "techniqueUnderground": 1.0, "techniqueHydraulic": "FALSE", "techniqueHushing": "FALSE", "techniqueGroundSluicing": "FALSE", "techniqueRuinaMontium": 0.0, "techniqueRakeComb": 0.0, "techniqueGoldWashing": 0.0, "techniqueOther": 0.0, "notes": null, "geology": "Pyrite", "depositType": null, "exploitationType": null, "Flag_Au_Oro": 1, "Status_Au_Oro": "Hipotetico", "Flag_Ag_Plata": 1, "Status_Ag_Plata": "Confirmado", "Flag_Cu_Cobre": 1, "Status_Cu_Cobre": "Confirmado", "Flag_Pb_Plomo": 0, "Status_Pb_Plomo": "No", "Flag_Hg_Cinabrio": 0, "Status_Hg_Cinabrio": "No", "Flag_Sn_Estano": 0, "Status_Sn_Estano": "No", "Flag_Fe_Hierro": 1, "Status_Fe_Hierro": "Confirmado", "Tech_Ruina_Montium": 0, "Tech_Subterranea": 1, "Tech_Cielo_Abierto": 0, "Tech_Lavado_Placer": 0, "Certainty_Spatial": 0.7, "Certainty_Archaeological": 0.9, "Certainty_Metallogenic": 1.0, "Certainty_Score": 0.845, "Certainty_Grade": "Alta Certeza (Grado I)" }, "geometry": { "type": "Point", "coordinates": [ -8.175981, 37.880874 ] } },
{ "type": "Feature", "properties": { "mineID": 2, "site": "Atalaia de Alte", "ancientName": null, "province": "Lusitania", "country": "Portugal", "region": "Faro", "miningDistrict": "Algarve", "romanianRANID": null, "sanchezPalenciaAndOrejasID": null, "domergueID": "POR 24", "spainMapSheet": 587.0, "lambertX": 195.2, "lambertY": 30.8, "latitude": 37.24315224, "longitude": -8.187164537, "coordinateAccuracy": null, "locationDataSource": null, "locationNotes": null, "notBeforeOpeningDate": null, "notAfterOpeningDate": null, "notBeforeClosingDate": null, "notAfterClosingDate": null, "inUseDate": null, "metalMinedGold": "FALSE", "metalMinedSilver": 0.0, "metalMinedLead": 0.0, "metalMinedCopper": 1.0, "metalMinedTin": 0.0, "metalMinedIron": 0.0, "metalMinedMercuryCinnabar": 0.0, "metalMinedZinc": 0.0, "metalMinedOther": 0.0, "description": null, "references": "Domergue 1990: 62", "techniqueOpencast": null, "techniqueUnderground": null, "techniqueHydraulic": "FALSE", "techniqueHushing": "FALSE", "techniqueGroundSluicing": "FALSE", "techniqueRuinaMontium": 0.0, "techniqueRakeComb": 0.0, "techniqueGoldWashing": 0.0, "techniqueOther": null, "notes": null, "geology": null, "depositType": null, "exploitationType": null, "Flag_Au_Oro": 0, "Status_Au_Oro": "No", "Flag_Ag_Plata": 0, "Status_Ag_Plata": "No", "Flag_Cu_Cobre": 1, "Status_Cu_Cobre": "Confirmado", "Flag_Pb_Plomo": 0, "Status_Pb_Plomo": "No", "Flag_Hg_Cinabrio": 0, "Status_Hg_Cinabrio": "No", "Flag_Sn_Estano": 0, "Status_Sn_Estano": "No", "Flag_Fe_Hierro": 0, "Status_Fe_Hierro": "No", "Tech_Ruina_Montium": 0, "Tech_Subterranea": 0, "Tech_Cielo_Abierto": 0, "Tech_Lavado_Placer": 0, "Certainty_Spatial": 0.5, "Certainty_Archaeological": 0.9, "Certainty_Metallogenic": 1.0, "Certainty_Score": 0.765, "Certainty_Grade": "Media Certeza (Grado II)" }, "geometry": { "type": "Point", "coordinates": [ -8.187164537, 37.24315224 ] } },
{ "type": "Feature", "properties": { "mineID": 5, "site": "Brancanes", "ancientName": null, "province": "Lusitania", "country": "Portugal", "region": "Beja", "miningDistrict": "Alentejo", "romanianRANID": null, "sanchezPalenciaAndOrejasID": null, "domergueID": "POR 3", "spainMapSheet": 564.0, "lambertX": 210.3, "lambertY": 65.7, "latitude": 37.55756281, "longitude": -8.016500588, "coordinateAccuracy": null, "locationDataSource": null, "locationNotes": null, "notBeforeOpeningDate": null, "notAfterOpeningDate": null, "notBeforeClosingDate": null, "notAfterClosingDate": null, "inUseDate": null, "metalMinedGold": "FALSE", "metalMinedSilver": 0.0, "metalMinedLead": 0.0, "metalMinedCopper": 1.0, "metalMinedTin": 0.0, "metalMinedIron": 0.0, "metalMinedMercuryCinnabar": 0.0, "metalMinedZinc": 0.0, "metalMinedOther": 0.0, "description": null, "references": "Domergue 1990: 62", "techniqueOpencast": 0.0, "techniqueUnderground": 1.0, "techniqueHydraulic": "FALSE", "techniqueHushing": "FALSE", "techniqueGroundSluicing": "FALSE", "techniqueRuinaMontium": 0.0, "techniqueRakeComb": 0.0, "techniqueGoldWashing": 0.0, "techniqueOther": 0.0, "notes": null, "geology": "Hard rock", "depositType": null, "exploitationType": null, "Flag_Au_Oro": 0, "Status_Au_Oro": "No", "Flag_Ag_Plata": 0, "Status_Ag_Plata": "No", "Flag_Cu_Cobre": 1, "Status_Cu_Cobre": "Confirmado", "Flag_Pb_Plomo": 0, "Status_Pb_Plomo": "No", "Flag_Hg_Cinabrio": 0, "Status_Hg_Cinabrio": "No", "Flag_Sn_Estano": 0, "Status_Sn_Estano": "No", "Flag_Fe_Hierro": 0, "Status_Fe_Hierro": "No", "Tech_Ruina_Montium": 0, "Tech_Subterranea": 1, "Tech_Cielo_Abierto": 0, "Tech_Lavado_Placer": 0, "Certainty_Spatial": 0.5, "Certainty_Archaeological": 0.9, "Certainty_Metallogenic": 1.0, "Certainty_Score": 0.765, "Certainty_Grade": "Media Certeza (Grado II)" }, "geometry": { "type": "Point", "coordinates": [ -8.016500588, 37.55756281 ] } },
{ "type": "Feature", "properties": { "mineID": 9, "site": "Cerro da Mina", "ancientName": null, "province": "Lusitania", "country": "Portugal", "region": "Faro", "miningDistrict": "Algarve", "romanianRANID": null, "sanchezPalenciaAndOrejasID": null, "domergueID": "POR 23", "spainMapSheet": 574.0, "lambertX": 233.4, "lambertY": 53.6, "latitude": 37.44799935, "longitude": -7.755615659, "coordinateAccuracy": null, "locationDataSource": null, "locationNotes": null, "notBeforeOpeningDate": null, "notAfterOpeningDate": null, "notBeforeClosingDate": null, "notAfterClosingDate": null, "inUseDate": null, "metalMinedGold": "FALSE", "metalMinedSilver": 0.0, "metalMinedLead": 0.0, "metalMinedCopper": 1.0, "metalMinedTin": 0.0, "metalMinedIron": 0.0, "metalMinedMercuryCinnabar": 0.0, "metalMinedZinc": 0.0, "metalMinedOther": 0.0, "description": null, "references": "Domergue 1990: 62", "techniqueOpencast": 0.0, "techniqueUnderground": 1.0, "techniqueHydraulic": "FALSE", "techniqueHushing": "FALSE", "techniqueGroundSluicing": "FALSE", "techniqueRuinaMontium": 0.0, "techniqueRakeComb": 0.0, "techniqueGoldWashing": 0.0, "techniqueOther": 0.0, "notes": null, "geology": null, "depositType": null, "exploitationType": null, "Flag_Au_Oro": 0, "Status_Au_Oro": "No", "Flag_Ag_Plata": 0, "Status_Ag_Plata": "No", "Flag_Cu_Cobre": 1, "Status_Cu_Cobre": "Confirmado", "Flag_Pb_Plomo": 0, "Status_Pb_Plomo": "No", "Flag_Hg_Cinabrio": 0, "Status_Hg_Cinabrio": "No", "Flag_Sn_Estano": 0, "Status_Sn_Estano": "No", "Flag_Fe_Hierro": 0, "Status_Fe_Hierro": "No", "Tech_Ruina_Montium": 0, "Tech_Subterranea": 1, "Tech_Cielo_Abierto": 0, "Tech_Lavado_Placer": 0, "Certainty_Spatial": 0.5, "Certainty_Archaeological": 0.9, "Certainty_Metallogenic": 1.0, "Certainty_Score": 0.765, "Certainty_Grade": "Media Certeza (Grado II)" }, "geometry": { "type": "Point", "coordinates": [ -7.755615659, 37.44799935 ] } },
{ "type": "Feature", "properties": { "mineID": 10, "site": "Cisterna dos Cães", "ancientName": null, "province": "Lusitania", "country": "Portugal", "region": "Faro", "miningDistrict": "Algarve", "romanianRANID": null, "sanchezPalenciaAndOrejasID": null, "domergueID": "POR 26", "spainMapSheet": 595.0, "lambertX": 172.9, "lambertY": 25.0, "latitude": 37.19050854, "longitude": -8.438280827, "coordinateAccuracy": null, "locationDataSource": null, "locationNotes": null, "notBeforeOpeningDate": null, "notAfterOpeningDate": null, "notBeforeClosingDate": null, "notAfterClosingDate": null, "inUseDate": null, "metalMinedGold": "FALSE", "metalMinedSilver": 0.0, "metalMinedLead": 0.0, "metalMinedCopper": 1.0, "metalMinedTin": 0.0, "metalMinedIron": 0.0, "metalMinedMercuryCinnabar": 0.0, "metalMinedZinc": 0.0, "metalMinedOther": 0.0, "description": null, "references": "Domergue 1990: 62", "techniqueOpencast": null, "techniqueUnderground": null, "techniqueHydraulic": "FALSE", "techniqueHushing": "FALSE", "techniqueGroundSluicing": "FALSE", "techniqueRuinaMontium": 0.0, "techniqueRakeComb": 0.0, "techniqueGoldWashing": 0.0, "techniqueOther": null, "notes": null, "geology": null, "depositType": null, "exploitationType": null, "Flag_Au_Oro": 0, "Status_Au_Oro": "No", "Flag_Ag_Plata": 0, "Status_Ag_Plata": "No", "Flag_Cu_Cobre": 1, "Status_Cu_Cobre": "Confirmado", "Flag_Pb_Plomo": 0, "Status_Pb_Plomo": "No", "Flag_Hg_Cinabrio": 0, "Status_Hg_Cinabrio": "No", "Flag_Sn_Estano": 0, "Status_Sn_Estano": "No", "Flag_Fe_Hierro": 0, "Status_Fe_Hierro": "No", "Tech_Ruina_Montium": 0, "Tech_Subterranea": 0, "Tech_Cielo_Abierto": 0, "Tech_Lavado_Placer": 0, "Certainty_Spatial": 0.5, "Certainty_Archaeological": 0.9, "Certainty_Metallogenic": 1.0, "Certainty_Score": 0.765, "Certainty_Grade": "Media Certeza (Grado II)" }, "geometry": { "type": "Point", "coordinates": [ -8.438280827, 37.19050854 ] } },
{ "type": "Feature", "properties": { "mineID": 14, "site": "Crugeira", "ancientName": null, "province": "Hispania Baetica", "country": "Portugal", "region": "Beja", "miningDistrict": "Picos de Aroche", "romanianRANID": null, "sanchezPalenciaAndOrejasID": null, "domergueID": "POR 10", "spainMapSheet": 513.0, "lambertX": 271.5, "lambertY": 127.4, "latitude": 38.11068367, "longitude": -7.317816557, "coordinateAccuracy": null, "locationDataSource": null, "locationNotes": null, "notBeforeOpeningDate": null, "notAfterOpeningDate": null, "notBeforeClosingDate": null, "notAfterClosingDate": null, "inUseDate": null, "metalMinedGold": "FALSE", "metalMinedSilver": 0.0, "metalMinedLead": 0.0, "metalMinedCopper": 1.0, "metalMinedTin": 0.0, "metalMinedIron": 0.0, "metalMinedMercuryCinnabar": 0.0, "metalMinedZinc": 0.0, "metalMinedOther": 0.0, "description": null, "references": "Domergue 1990: 61", "techniqueOpencast": null, "techniqueUnderground": null, "techniqueHydraulic": "FALSE", "techniqueHushing": "FALSE", "techniqueGroundSluicing": "FALSE", "techniqueRuinaMontium": 0.0, "techniqueRakeComb": 0.0, "techniqueGoldWashing": 0.0, "techniqueOther": null, "notes": null, "geology": "Hard rock", "depositType": "Primary", "exploitationType": null, "Flag_Au_Oro": 0, "Status_Au_Oro": "No", "Flag_Ag_Plata": 0, "Status_Ag_Plata": "No", "Flag_Cu_Cobre": 1, "Status_Cu_Cobre": "Confirmado", "Flag_Pb_Plomo": 0, "Status_Pb_Plomo": "No", "Flag_Hg_Cinabrio": 0, "Status_Hg_Cinabrio": "No", "Flag_Sn_Estano": 0, "Status_Sn_Estano": "No", "Flag_Fe_Hierro": 0, "Status_Fe_Hierro": "No", "Tech_Ruina_Montium": 0, "Tech_Subterranea": 0, "Tech_Cielo_Abierto": 0, "Tech_Lavado_Placer": 0, "Certainty_Spatial": 0.5, "Certainty_Archaeological": 0.9, "Certainty_Metallogenic": 1.0, "Certainty_Score": 0.765, "Certainty_Grade": "Media Certeza (Grado II)" }, "geometry": { "type": "Point", "coordinates": [ -7.317816557, 38.11068367 ] } },
{ "type": "Feature", "properties": { "mineID": 23, "site": "Herdade da Tinoca", "ancientName": null, "province": "Lusitania", "country": "Portugal", "region": "Portalegre", "miningDistrict": "Alentejo", "romanianRANID": null, "sanchezPalenciaAndOrejasID": null, "domergueID": "POR 29", "spainMapSheet": 386.0, "lambertX": 285.7, "lambertY": 235.0, "latitude": 39.07860132, "longitude": -7.142712111, "coordinateAccuracy": null, "locationDataSource": null, "locationNotes": null, "notBeforeOpeningDate": null, "notAfterOpeningDate": null, "notBeforeClosingDate": null, "notAfterClosingDate": null, "inUseDate": null, "metalMinedGold": "FALSE", "metalMinedSilver": 0.0, "metalMinedLead": 0.0, "metalMinedCopper": 1.0, "metalMinedTin": 0.0, "metalMinedIron": 0.0, "metalMinedMercuryCinnabar": 0.0, "metalMinedZinc": 0.0, "metalMinedOther": 0.0, "description": null, "references": "Domergue 1990: 62", "techniqueOpencast": null, "techniqueUnderground": null, "techniqueHydraulic": "FALSE", "techniqueHushing": "FALSE", "techniqueGroundSluicing": "FALSE", "techniqueRuinaMontium": 0.0, "techniqueRakeComb": 0.0, "techniqueGoldWashing": 0.0, "techniqueOther": null, "notes": null, "geology": "Hard rock", "depositType": null, "exploitationType": null, "Flag_Au_Oro": 0, "Status_Au_Oro": "No", "Flag_Ag_Plata": 0, "Status_Ag_Plata": "No", "Flag_Cu_Cobre": 1, "Status_Cu_Cobre": "Confirmado", "Flag_Pb_Plomo": 0, "Status_Pb_Plomo": "No", "Flag_Hg_Cinabrio": 0, "Status_Hg_Cinabrio": "No", "Flag_Sn_Estano": 0, "Status_Sn_Estano": "No", "Flag_Fe_Hierro": 0, "Status_Fe_Hierro": "No", "Tech_Ruina_Montium": 0, "Tech_Subterranea": 0, "Tech_Cielo_Abierto": 0, "Tech_Lavado_Placer": 0, "Certainty_Spatial": 0.5, "Certainty_Archaeological": 0.9, "Certainty_Metallogenic": 1.0, "Certainty_Score": 0.765, "Certainty_Grade": "Media Certeza (Grado II)" }, "geometry": { "type": "Point", "coordinates": [ -7.142712111, 39.07860132 ] } },
{ "type": "Feature", "properties": { "mineID": 24, "site": "Herdade do Montinho", "ancientName": null, "province": "Lusitania", "country": "Portugal", "region": "Beja", "miningDistrict": "Alentejo", "romanianRANID": null, "sanchezPalenciaAndOrejasID": null, "domergueID": "POR 11", "spainMapSheet": 538.0, "lambertX": 197.6, "lambertY": 99.6, "latitude": 37.86304358, "longitude": -8.160350225, "coordinateAccuracy": null, "locationDataSource": null, "locationNotes": null, "notBeforeOpeningDate": null, "notAfterOpeningDate": null, "notBeforeClosingDate": null, "notAfterClosingDate": null, "inUseDate": null, "metalMinedGold": "FALSE", "metalMinedSilver": 0.0, "metalMinedLead": 0.0, "metalMinedCopper": 1.0, "metalMinedTin": 0.0, "metalMinedIron": 0.0, "metalMinedMercuryCinnabar": 0.0, "metalMinedZinc": 0.0, "metalMinedOther": 0.0, "description": null, "references": "Domergue 1990: 62", "techniqueOpencast": null, "techniqueUnderground": null, "techniqueHydraulic": "FALSE", "techniqueHushing": "FALSE", "techniqueGroundSluicing": "FALSE", "techniqueRuinaMontium": 0.0, "techniqueRakeComb": 0.0, "techniqueGoldWashing": 0.0, "techniqueOther": null, "notes": null, "geology": "Pyrite", "depositType": null, "exploitationType": null, "Flag_Au_Oro": 0, "Status_Au_Oro": "No", "Flag_Ag_Plata": 0, "Status_Ag_Plata": "No", "Flag_Cu_Cobre": 1, "Status_Cu_Cobre": "Confirmado", "Flag_Pb_Plomo": 0, "Status_Pb_Plomo": "No", "Flag_Hg_Cinabrio": 0, "Status_Hg_Cinabrio": "No", "Flag_Sn_Estano": 0, "Status_Sn_Estano": "No", "Flag_Fe_Hierro": 0, "Status_Fe_Hierro": "No", "Tech_Ruina_Montium": 0, "Tech_Subterranea": 0, "Tech_Cielo_Abierto": 0, "Tech_Lavado_Placer": 0, "Certainty_Spatial": 0.5, "Certainty_Archaeological": 0.9, "Certainty_Metallogenic": 1.0, "Certainty_Score": 0.765, "Certainty_Grade": "Media Certeza (Grado II)" }, "geometry": { "type": "Point", "coordinates": [ -8.160350225, 37.86304358 ] } },
{ "type": "Feature", "properties": { "mineID": 26, "site": "Juliana", "ancientName": null, "province": "Lusitania", "country": "Portugal", "region": "Beja", "miningDistrict": "Alentejo", "romanianRANID": null, "sanchezPalenciaAndOrejasID": null, "domergueID": "POR 6", "spainMapSheet": 530.0, "lambertX": 207.7, "lambertY": 104.5, "latitude": 37.90716138, "longitude": -8.045521077, "coordinateAccuracy": null, "locationDataSource": null, "locationNotes": null, "notBeforeOpeningDate": null, "notAfterOpeningDate": null, "notBeforeClosingDate": null, "notAfterClosingDate": null, "inUseDate": null, "metalMinedGold": "FALSE", "metalMinedSilver": 0.0, "metalMinedLead": 0.0, "metalMinedCopper": 1.0, "metalMinedTin": 0.0, "metalMinedIron": 0.0, "metalMinedMercuryCinnabar": 0.0, "metalMinedZinc": 0.0, "metalMinedOther": 0.0, "description": null, "references": "Domergue 1990: 62", "techniqueOpencast": 0.0, "techniqueUnderground": 1.0, "techniqueHydraulic": "FALSE", "techniqueHushing": "FALSE", "techniqueGroundSluicing": "FALSE", "techniqueRuinaMontium": 0.0, "techniqueRakeComb": 0.0, "techniqueGoldWashing": 0.0, "techniqueOther": 0.0, "notes": null, "geology": "Hard rock", "depositType": null, "exploitationType": null, "Flag_Au_Oro": 0, "Status_Au_Oro": "No", "Flag_Ag_Plata": 0, "Status_Ag_Plata": "No", "Flag_Cu_Cobre": 1, "Status_Cu_Cobre": "Confirmado", "Flag_Pb_Plomo": 0, "Status_Pb_Plomo": "No", "Flag_Hg_Cinabrio": 0, "Status_Hg_Cinabrio": "No", "Flag_Sn_Estano": 0, "Status_Sn_Estano": "No", "Flag_Fe_Hierro": 0, "Status_Fe_Hierro": "No", "Tech_Ruina_Montium": 0, "Tech_Subterranea": 1, "Tech_Cielo_Abierto": 0, "Tech_Lavado_Placer": 0, "Certainty_Spatial": 0.5, "Certainty_Archaeological": 0.9, "Certainty_Metallogenic": 1.0, "Certainty_Score": 0.765, "Certainty_Grade": "Media Certeza (Grado II)" }, "geometry": { "type": "Point", "coordinates": [ -8.045521077, 37.90716138 ] } },
{ "type": "Feature", "properties": { "mineID": 34, "site": "Mina do Bugalho", "ancientName": null, "province": "Hispania Baetica", "country": "Portugal", "region": "Évora", "miningDistrict": "Picos de Aroche", "romanianRANID": null, "sanchezPalenciaAndOrejasID": null, "domergueID": "POR 21", "spainMapSheet": 441.0, "lambertX": 270.9, "lambertY": 191.1, "latitude": 38.68452182, "longitude": -7.318251199, "coordinateAccuracy": null, "locationDataSource": null, "locationNotes": null, "notBeforeOpeningDate": null, "notAfterOpeningDate": null, "notBeforeClosingDate": null, "notAfterClosingDate": null, "inUseDate": null, "metalMinedGold": "FALSE", "metalMinedSilver": 0.0, "metalMinedLead": 0.0, "metalMinedCopper": 1.0, "metalMinedTin": 0.0, "metalMinedIron": 0.0, "metalMinedMercuryCinnabar": 0.0, "metalMinedZinc": 0.0, "metalMinedOther": 0.0, "description": null, "references": "Domergue 1990: 61", "techniqueOpencast": null, "techniqueUnderground": null, "techniqueHydraulic": "FALSE", "techniqueHushing": "FALSE", "techniqueGroundSluicing": "FALSE", "techniqueRuinaMontium": 0.0, "techniqueRakeComb": 0.0, "techniqueGoldWashing": 0.0, "techniqueOther": null, "notes": null, "geology": "Hard rock", "depositType": "Primary", "exploitationType": null, "Flag_Au_Oro": 0, "Status_Au_Oro": "No", "Flag_Ag_Plata": 0, "Status_Ag_Plata": "No", "Flag_Cu_Cobre": 1, "Status_Cu_Cobre": "Confirmado", "Flag_Pb_Plomo": 0, "Status_Pb_Plomo": "No", "Flag_Hg_Cinabrio": 0, "Status_Hg_Cinabrio": "No", "Flag_Sn_Estano": 0, "Status_Sn_Estano": "No", "Flag_Fe_Hierro": 0, "Status_Fe_Hierro": "No", "Tech_Ruina_Montium": 0, "Tech_Subterranea": 0, "Tech_Cielo_Abierto": 0, "Tech_Lavado_Placer": 0, "Certainty_Spatial": 0.5, "Certainty_Archaeological": 0.9, "Certainty_Metallogenic": 1.0, "Certainty_Score": 0.765, "Certainty_Grade": "Media Certeza (Grado II)" }, "geometry": { "type": "Point", "coordinates": [ -7.318251199, 38.68452182 ] } },
{ "type": "Feature", "properties": { "mineID": 36, "site": "Minancos", "ancientName": null, "province": "Hispania Baetica", "country": "Portugal", "region": "Beja", "miningDistrict": "Picos de Aroche", "romanianRANID": null, "sanchezPalenciaAndOrejasID": null, "domergueID": "POR 5", "spainMapSheet": 503.0, "lambertX": 286.9, "lambertY": 133.5, "latitude": 38.16428271, "longitude": -7.141500915, "coordinateAccuracy": null, "locationDataSource": null, "locationNotes": null, "notBeforeOpeningDate": null, "notAfterOpeningDate": null, "notBeforeClosingDate": null, "notAfterClosingDate": null, "inUseDate": null, "metalMinedGold": "FALSE", "metalMinedSilver": 0.0, "metalMinedLead": 0.0, "metalMinedCopper": 1.0, "metalMinedTin": 0.0, "metalMinedIron": 0.0, "metalMinedMercuryCinnabar": 0.0, "metalMinedZinc": 0.0, "metalMinedOther": 0.0, "description": null, "references": "Domergue 1990: 61", "techniqueOpencast": null, "techniqueUnderground": null, "techniqueHydraulic": "FALSE", "techniqueHushing": "FALSE", "techniqueGroundSluicing": "FALSE", "techniqueRuinaMontium": 0.0, "techniqueRakeComb": 0.0, "techniqueGoldWashing": 0.0, "techniqueOther": null, "notes": null, "geology": "Hard rock", "depositType": "Primary", "exploitationType": null, "Flag_Au_Oro": 0, "Status_Au_Oro": "No", "Flag_Ag_Plata": 0, "Status_Ag_Plata": "No", "Flag_Cu_Cobre": 1, "Status_Cu_Cobre": "Confirmado", "Flag_Pb_Plomo": 0, "Status_Pb_Plomo": "No", "Flag_Hg_Cinabrio": 0, "Status_Hg_Cinabrio": "No", "Flag_Sn_Estano": 0, "Status_Sn_Estano": "No", "Flag_Fe_Hierro": 0, "Status_Fe_Hierro": "No", "Tech_Ruina_Montium": 0, "Tech_Subterranea": 0, "Tech_Cielo_Abierto": 0, "Tech_Lavado_Placer": 0, "Certainty_Spatial": 0.5, "Certainty_Archaeological": 0.9, "Certainty_Metallogenic": 1.0, "Certainty_Score": 0.765, "Certainty_Grade": "Media Certeza (Grado II)" }, "geometry": { "type": "Point", "coordinates": [ -7.141500915, 38.16428271 ] } },
{ "type": "Feature", "properties": { "mineID": 40, "site": "Monte Judeu", "ancientName": null, "province": "Hispania Baetica", "country": "Portugal", "region": "Beja", "miningDistrict": "Picos de Aroche", "romanianRANID": null, "sanchezPalenciaAndOrejasID": null, "domergueID": "POR 9", "spainMapSheet": 524.0, "lambertX": 268.5, "lambertY": 119.9, "latitude": 38.04335366, "longitude": -7.352737619, "coordinateAccuracy": null, "locationDataSource": null, "locationNotes": null, "notBeforeOpeningDate": null, "notAfterOpeningDate": null, "notBeforeClosingDate": null, "notAfterClosingDate": null, "inUseDate": null, "metalMinedGold": "FALSE", "metalMinedSilver": 0.0, "metalMinedLead": 0.0, "metalMinedCopper": 1.0, "metalMinedTin": 0.0, "metalMinedIron": 0.0, "metalMinedMercuryCinnabar": 0.0, "metalMinedZinc": 0.0, "metalMinedOther": 0.0, "description": null, "references": "Domergue 1990: 61", "techniqueOpencast": null, "techniqueUnderground": null, "techniqueHydraulic": "FALSE", "techniqueHushing": "FALSE", "techniqueGroundSluicing": "FALSE", "techniqueRuinaMontium": 0.0, "techniqueRakeComb": 0.0, "techniqueGoldWashing": 0.0, "techniqueOther": null, "notes": null, "geology": "Hard rock", "depositType": "Primary", "exploitationType": null, "Flag_Au_Oro": 0, "Status_Au_Oro": "No", "Flag_Ag_Plata": 0, "Status_Ag_Plata": "No", "Flag_Cu_Cobre": 1, "Status_Cu_Cobre": "Confirmado", "Flag_Pb_Plomo": 0, "Status_Pb_Plomo": "No", "Flag_Hg_Cinabrio": 0, "Status_Hg_Cinabrio": "No", "Flag_Sn_Estano": 0, "Status_Sn_Estano": "No", "Flag_Fe_Hierro": 0, "Status_Fe_Hierro": "No", "Tech_Ruina_Montium": 0, "Tech_Subterranea": 0, "Tech_Cielo_Abierto": 0, "Tech_Lavado_Placer": 0, "Certainty_Spatial": 0.5, "Certainty_Archaeological": 0.9, "Certainty_Metallogenic": 1.0, "Certainty_Score": 0.765, "Certainty_Grade": "Media Certeza (Grado II)" }, "geometry": { "type": "Point", "coordinates": [ -7.352737619, 38.04335366 ] } },
{ "type": "Feature", "properties": { "mineID": 136, "site": "Picalto", "ancientName": null, "province": "Lusitania", "country": "Portugal", "region": "Faro", "miningDistrict": "Algarve", "romanianRANID": null, "sanchezPalenciaAndOrejasID": null, "domergueID": "POR 25", "spainMapSheet": 587.0, "lambertX": 190.5, "lambertY": 33.0, "latitude": 37.26293846, "longitude": -8.240163649, "coordinateAccuracy": null, "locationDataSource": null, "locationNotes": null, "notBeforeOpeningDate": null, "notAfterOpeningDate": null, "notBeforeClosingDate": null, "notAfterClosingDate": null, "inUseDate": null, "metalMinedGold": "FALSE", "metalMinedSilver": 0.0, "metalMinedLead": 0.0, "metalMinedCopper": 1.0, "metalMinedTin": 0.0, "metalMinedIron": 0.0, "metalMinedMercuryCinnabar": 0.0, "metalMinedZinc": 0.0, "metalMinedOther": 0.0, "description": null, "references": "Domergue 1990: 62", "techniqueOpencast": null, "techniqueUnderground": null, "techniqueHydraulic": "FALSE", "techniqueHushing": "FALSE", "techniqueGroundSluicing": "FALSE", "techniqueRuinaMontium": 0.0, "techniqueRakeComb": 0.0, "techniqueGoldWashing": 0.0, "techniqueOther": null, "notes": null, "geology": null, "depositType": null, "exploitationType": null, "Flag_Au_Oro": 0, "Status_Au_Oro": "No", "Flag_Ag_Plata": 0, "Status_Ag_Plata": "No", "Flag_Cu_Cobre": 1, "Status_Cu_Cobre": "Confirmado", "Flag_Pb_Plomo": 0, "Status_Pb_Plomo": "No", "Flag_Hg_Cinabrio": 0, "Status_Hg_Cinabrio": "No", "Flag_Sn_Estano": 0, "Status_Sn_Estano": "No", "Flag_Fe_Hierro": 0, "Status_Fe_Hierro": "No", "Tech_Ruina_Montium": 0, "Tech_Subterranea": 0, "Tech_Cielo_Abierto": 0, "Tech_Lavado_Placer": 0, "Certainty_Spatial": 0.5, "Certainty_Archaeological": 0.9, "Certainty_Metallogenic": 1.0, "Certainty_Score": 0.765, "Certainty_Grade": "Media Certeza (Grado II)" }, "geometry": { "type": "Point", "coordinates": [ -8.240163649, 37.26293846 ] } },
{ "type": "Feature", "properties": { "mineID": 140, "site": "Quarta Feira", "ancientName": null, "province": "Hispania Tarraconensis", "country": "Portugal", "region": "Guarda", "miningDistrict": "Beiras", "romanianRANID": null, "sanchezPalenciaAndOrejasID": null, "domergueID": "POR 28", "spainMapSheet": 226.0, "lambertX": 279.0, "lambertY": 377.2, "latitude": 40.35979926, "longitude": -7.203108594, "coordinateAccuracy": null, "locationDataSource": null, "locationNotes": null, "notBeforeOpeningDate": null, "notAfterOpeningDate": null, "notBeforeClosingDate": null, "notAfterClosingDate": null, "inUseDate": null, "metalMinedGold": "FALSE", "metalMinedSilver": 0.0, "metalMinedLead": 0.0, "metalMinedCopper": 1.0, "metalMinedTin": 0.0, "metalMinedIron": 0.0, "metalMinedMercuryCinnabar": 0.0, "metalMinedZinc": 0.0, "metalMinedOther": 0.0, "description": null, "references": "Domergue 1990: 42", "techniqueOpencast": null, "techniqueUnderground": null, "techniqueHydraulic": "FALSE", "techniqueHushing": "FALSE", "techniqueGroundSluicing": "FALSE", "techniqueRuinaMontium": 0.0, "techniqueRakeComb": 0.0, "techniqueGoldWashing": 0.0, "techniqueOther": null, "notes": null, "geology": "Hard rock", "depositType": null, "exploitationType": null, "Flag_Au_Oro": 0, "Status_Au_Oro": "No", "Flag_Ag_Plata": 0, "Status_Ag_Plata": "No", "Flag_Cu_Cobre": 1, "Status_Cu_Cobre": "Confirmado", "Flag_Pb_Plomo": 0, "Status_Pb_Plomo": "No", "Flag_Hg_Cinabrio": 0, "Status_Hg_Cinabrio": "No", "Flag_Sn_Estano": 0, "Status_Sn_Estano": "No", "Flag_Fe_Hierro": 0, "Status_Fe_Hierro": "No", "Tech_Ruina_Montium": 0, "Tech_Subterranea": 0, "Tech_Cielo_Abierto": 0, "Tech_Lavado_Placer": 0, "Certainty_Spatial": 0.5, "Certainty_Archaeological": 0.9, "Certainty_Metallogenic": 1.0, "Certainty_Score": 0.765, "Certainty_Grade": "Media Certeza (Grado II)" }, "geometry": { "type": "Point", "coordinates": [ -7.203108594, 40.35979926 ] } },
{ "type": "Feature", "properties": { "mineID": 145, "site": "Ruy Gomes", "ancientName": null, "province": "Hispania Baetica", "country": "Portugal", "region": "Beja", "miningDistrict": "Picos de Aroche", "romanianRANID": null, "sanchezPalenciaAndOrejasID": null, "domergueID": "POR 8", "spainMapSheet": 513.0, "lambertX": 266.4, "lambertY": 127.8, "latitude": 38.11467547, "longitude": -7.375926245, "coordinateAccuracy": null, "locationDataSource": null, "locationNotes": null, "notBeforeOpeningDate": null, "notAfterOpeningDate": null, "notBeforeClosingDate": null, "notAfterClosingDate": null, "inUseDate": null, "metalMinedGold": "FALSE", "metalMinedSilver": 0.0, "metalMinedLead": 0.0, "metalMinedCopper": 1.0, "metalMinedTin": 0.0, "metalMinedIron": 0.0, "metalMinedMercuryCinnabar": 0.0, "metalMinedZinc": 0.0, "metalMinedOther": 0.0, "description": null, "references": "Domergue 1990: 61", "techniqueOpencast": null, "techniqueUnderground": null, "techniqueHydraulic": "FALSE", "techniqueHushing": "FALSE", "techniqueGroundSluicing": "FALSE", "techniqueRuinaMontium": 0.0, "techniqueRakeComb": 0.0, "techniqueGoldWashing": 0.0, "techniqueOther": null, "notes": null, "geology": "Hard rock", "depositType": "Primary", "exploitationType": null, "Flag_Au_Oro": 0, "Status_Au_Oro": "No", "Flag_Ag_Plata": 0, "Status_Ag_Plata": "No", "Flag_Cu_Cobre": 1, "Status_Cu_Cobre": "Confirmado", "Flag_Pb_Plomo": 0, "Status_Pb_Plomo": "No", "Flag_Hg_Cinabrio": 0, "Status_Hg_Cinabrio": "No", "Flag_Sn_Estano": 0, "Status_Sn_Estano": "No", "Flag_Fe_Hierro": 0, "Status_Fe_Hierro": "No", "Tech_Ruina_Montium": 0, "Tech_Subterranea": 0, "Tech_Cielo_Abierto": 0, "Tech_Lavado_Placer": 0, "Certainty_Spatial": 0.5, "Certainty_Archaeological": 0.9, "Certainty_Metallogenic": 1.0, "Certainty_Score": 0.765, "Certainty_Grade": "Media Certeza (Grado II)" }, "geometry": { "type": "Point", "coordinates": [ -7.375926245, 38.11467547 ] } },
{ "type": "Feature", "properties": { "mineID": 146, "site": "San Domingos", "ancientName": null, "province": "Hispania Baetica", "country": "Portugal", "region": "Beja", "miningDistrict": "Huelva", "romanianRANID": null, "sanchezPalenciaAndOrejasID": null, "domergueID": "POR 7", "spainMapSheet": 559.0, "lambertX": 256.7, "lambertY": 78.2, "latitude": 37.66849754, "longitude": -7.49041657, "coordinateAccuracy": null, "locationDataSource": null, "locationNotes": null, "notBeforeOpeningDate": null, "notAfterOpeningDate": null, "notBeforeClosingDate": null, "notAfterClosingDate": null, "inUseDate": null, "metalMinedGold": "FALSE", "metalMinedSilver": 1.0, "metalMinedLead": 0.0, "metalMinedCopper": 1.0, "metalMinedTin": 0.0, "metalMinedIron": 0.0, "metalMinedMercuryCinnabar": 0.0, "metalMinedZinc": 0.0, "metalMinedOther": 0.0, "description": null, "references": "Domergue 1990: 62", "techniqueOpencast": 0.0, "techniqueUnderground": 1.0, "techniqueHydraulic": "FALSE", "techniqueHushing": "FALSE", "techniqueGroundSluicing": "FALSE", "techniqueRuinaMontium": 0.0, "techniqueRakeComb": 0.0, "techniqueGoldWashing": 0.0, "techniqueOther": 0.0, "notes": null, "geology": "Pyrite", "depositType": null, "exploitationType": null, "Flag_Au_Oro": 0, "Status_Au_Oro": "No", "Flag_Ag_Plata": 1, "Status_Ag_Plata": "Confirmado", "Flag_Cu_Cobre": 1, "Status_Cu_Cobre": "Confirmado", "Flag_Pb_Plomo": 0, "Status_Pb_Plomo": "No", "Flag_Hg_Cinabrio": 0, "Status_Hg_Cinabrio": "No", "Flag_Sn_Estano": 0, "Status_Sn_Estano": "No", "Flag_Fe_Hierro": 0, "Status_Fe_Hierro": "No", "Tech_Ruina_Montium": 0, "Tech_Subterranea": 1, "Tech_Cielo_Abierto": 0, "Tech_Lavado_Placer": 0, "Certainty_Spatial": 0.5, "Certainty_Archaeological": 0.9, "Certainty_Metallogenic": 1.0, "Certainty_Score": 0.765, "Certainty_Grade": "Media Certeza (Grado II)" }, "geometry": { "type": "Point", "coordinates": [ -7.49041657, 37.66849754 ] } },
{ "type": "Feature", "properties": { "mineID": 148, "site": "Santo Estevão", "ancientName": null, "province": "Lusitania", "country": "Portugal", "region": "Faro", "miningDistrict": "Algarve", "romanianRANID": null, "sanchezPalenciaAndOrejasID": null, "domergueID": "POR 27", "spainMapSheet": 595.0, "lambertX": 178.8, "lambertY": 28.2, "latitude": 37.2194949, "longitude": -8.371923707000001, "coordinateAccuracy": null, "locationDataSource": null, "locationNotes": null, "notBeforeOpeningDate": null, "notAfterOpeningDate": null, "notBeforeClosingDate": null, "notAfterClosingDate": null, "inUseDate": null, "metalMinedGold": "FALSE", "metalMinedSilver": 0.0, "metalMinedLead": 0.0, "metalMinedCopper": 1.0, "metalMinedTin": 0.0, "metalMinedIron": 0.0, "metalMinedMercuryCinnabar": 0.0, "metalMinedZinc": 0.0, "metalMinedOther": 0.0, "description": null, "references": "Domergue 1990: 62", "techniqueOpencast": null, "techniqueUnderground": null, "techniqueHydraulic": "FALSE", "techniqueHushing": "FALSE", "techniqueGroundSluicing": "FALSE", "techniqueRuinaMontium": 0.0, "techniqueRakeComb": 0.0, "techniqueGoldWashing": 0.0, "techniqueOther": null, "notes": null, "geology": null, "depositType": null, "exploitationType": null, "Flag_Au_Oro": 0, "Status_Au_Oro": "No", "Flag_Ag_Plata": 0, "Status_Ag_Plata": "No", "Flag_Cu_Cobre": 1, "Status_Cu_Cobre": "Confirmado", "Flag_Pb_Plomo": 0, "Status_Pb_Plomo": "No", "Flag_Hg_Cinabrio": 0, "Status_Hg_Cinabrio": "No", "Flag_Sn_Estano": 0, "Status_Sn_Estano": "No", "Flag_Fe_Hierro": 0, "Status_Fe_Hierro": "No", "Tech_Ruina_Montium": 0, "Tech_Subterranea": 0, "Tech_Cielo_Abierto": 0, "Tech_Lavado_Placer": 0, "Certainty_Spatial": 0.5, "Certainty_Archaeological": 0.9, "Certainty_Metallogenic": 1.0, "Certainty_Score": 0.765, "Certainty_Grade": "Media Certeza (Grado II)" }, "geometry": { "type": "Point", "coordinates": [ -8.371923707, 37.2194949 ] } },
{ "type": "Feature", "properties": { "mineID": 152, "site": "Serra de Caveira", "ancientName": null, "province": "Lusitania", "country": "Portugal", "region": "Setubal", "miningDistrict": "Alentejo", "romanianRANID": null, "sanchezPalenciaAndOrejasID": null, "domergueID": "POR 36", "spainMapSheet": 506.0, "lambertX": 167.2, "lambertY": 127.9, "latitude": 38.11740938, "longitude": -8.50711216, "coordinateAccuracy": null, "locationDataSource": null, "locationNotes": null, "notBeforeOpeningDate": null, "notAfterOpeningDate": null, "notBeforeClosingDate": null, "notAfterClosingDate": null, "inUseDate": null, "metalMinedGold": "FALSE", "metalMinedSilver": 0.0, "metalMinedLead": 0.0, "metalMinedCopper": 1.0, "metalMinedTin": 0.0, "metalMinedIron": 0.0, "metalMinedMercuryCinnabar": 0.0, "metalMinedZinc": 0.0, "metalMinedOther": 0.0, "description": null, "references": "Domergue 1990: 62", "techniqueOpencast": 0.0, "techniqueUnderground": 1.0, "techniqueHydraulic": "FALSE", "techniqueHushing": "FALSE", "techniqueGroundSluicing": "FALSE", "techniqueRuinaMontium": 0.0, "techniqueRakeComb": 0.0, "techniqueGoldWashing": 0.0, "techniqueOther": 0.0, "notes": null, "geology": "Pyrite", "depositType": null, "exploitationType": null, "Flag_Au_Oro": 0, "Status_Au_Oro": "No", "Flag_Ag_Plata": 0, "Status_Ag_Plata": "No", "Flag_Cu_Cobre": 1, "Status_Cu_Cobre": "Confirmado", "Flag_Pb_Plomo": 0, "Status_Pb_Plomo": "No", "Flag_Hg_Cinabrio": 0, "Status_Hg_Cinabrio": "No", "Flag_Sn_Estano": 0, "Status_Sn_Estano": "No", "Flag_Fe_Hierro": 0, "Status_Fe_Hierro": "No", "Tech_Ruina_Montium": 0, "Tech_Subterranea": 1, "Tech_Cielo_Abierto": 0, "Tech_Lavado_Placer": 0, "Certainty_Spatial": 0.5, "Certainty_Archaeological": 0.9, "Certainty_Metallogenic": 1.0, "Certainty_Score": 0.765, "Certainty_Grade": "Media Certeza (Grado II)" }, "geometry": { "type": "Point", "coordinates": [ -8.50711216, 38.11740938 ] } },
{ "type": "Feature", "properties": { "mineID": 429, "site": "Barranco de Santa Filomena", "ancientName": null, "province": "Hispania Tarraconensis", "country": "Spain", "region": "Cuenca", "miningDistrict": null, "romanianRANID": null, "sanchezPalenciaAndOrejasID": null, "domergueID": "CU 1", "spainMapSheet": 665.0, "lambertX": 801.0, "lambertY": 581.5, "latitude": 39.80928761, "longitude": -1.33769529, "coordinateAccuracy": 100.0, "locationDataSource": "Converted in QGIS from Lambert coords, Madrid 1870", "locationNotes": null, "notBeforeOpeningDate": null, "notAfterOpeningDate": null, "notBeforeClosingDate": null, "notAfterClosingDate": null, "inUseDate": null, "metalMinedGold": "FALSE", "metalMinedSilver": 0.0, "metalMinedLead": 0.0, "metalMinedCopper": 1.0, "metalMinedTin": 0.0, "metalMinedIron": 0.0, "metalMinedMercuryCinnabar": 0.0, "metalMinedZinc": 0.0, "metalMinedOther": 0.0, "description": null, "references": "Domergue 1990: 64", "techniqueOpencast": null, "techniqueUnderground": null, "techniqueHydraulic": "FALSE", "techniqueHushing": "FALSE", "techniqueGroundSluicing": "FALSE", "techniqueRuinaMontium": 0.0, "techniqueRakeComb": 0.0, "techniqueGoldWashing": 0.0, "techniqueOther": null, "notes": null, "geology": null, "depositType": null, "exploitationType": null, "Flag_Au_Oro": 0, "Status_Au_Oro": "No", "Flag_Ag_Plata": 0, "Status_Ag_Plata": "No", "Flag_Cu_Cobre": 1, "Status_Cu_Cobre": "Confirmado", "Flag_Pb_Plomo": 0, "Status_Pb_Plomo": "No", "Flag_Hg_Cinabrio": 0, "Status_Hg_Cinabrio": "No", "Flag_Sn_Estano": 0, "Status_Sn_Estano": "No", "Flag_Fe_Hierro": 0, "Status_Fe_Hierro": "No", "Tech_Ruina_Montium": 0, "Tech_Subterranea": 0, "Tech_Cielo_Abierto": 0, "Tech_Lavado_Placer": 0, "Certainty_Spatial": 1.0, "Certainty_Archaeological": 0.9, "Certainty_Metallogenic": 1.0, "Certainty_Score": 0.965, "Certainty_Grade": "Alta Certeza (Grado I)" }, "geometry": { "type": "Point", "coordinates": [ -1.33769529, 39.80928761 ] } },
{ "type": "Feature", "properties": { "mineID": 435, "site": "Berrocoso", "ancientName": null, "province": "Hispania Baetica", "country": "Spain", "region": "Córdoba", "miningDistrict": "Los Pedroches", "romanianRANID": null, "sanchezPalenciaAndOrejasID": null, "domergueID": "CO 15", "spainMapSheet": 858.0, "lambertX": 494.7, "lambertY": 422.0, "latitude": 38.38853471, "longitude": -4.89415277, "coordinateAccuracy": 100.0, "locationDataSource": "Converted in QGIS from Lambert coords, Madrid 1870", "locationNotes": null, "notBeforeOpeningDate": null, "notAfterOpeningDate": null, "notBeforeClosingDate": null, "notAfterClosingDate": null, "inUseDate": null, "metalMinedGold": "FALSE", "metalMinedSilver": 0.0, "metalMinedLead": 0.0, "metalMinedCopper": 1.0, "metalMinedTin": 0.0, "metalMinedIron": 0.0, "metalMinedMercuryCinnabar": 0.0, "metalMinedZinc": 0.0, "metalMinedOther": 0.0, "description": null, "references": "Domergue 1990: 47", "techniqueOpencast": 0.0, "techniqueUnderground": 1.0, "techniqueHydraulic": "FALSE", "techniqueHushing": "FALSE", "techniqueGroundSluicing": "FALSE", "techniqueRuinaMontium": 0.0, "techniqueRakeComb": 0.0, "techniqueGoldWashing": 0.0, "techniqueOther": 0.0, "notes": null, "geology": "Hard rock", "depositType": "Primary", "exploitationType": null, "Flag_Au_Oro": 0, "Status_Au_Oro": "No", "Flag_Ag_Plata": 0, "Status_Ag_Plata": "No", "Flag_Cu_Cobre": 1, "Status_Cu_Cobre": "Confirmado", "Flag_Pb_Plomo": 0, "Status_Pb_Plomo": "No", "Flag_Hg_Cinabrio": 0, "Status_Hg_Cinabrio": "No", "Flag_Sn_Estano": 0, "Status_Sn_Estano": "No", "Flag_Fe_Hierro": 0, "Status_Fe_Hierro": "No", "Tech_Ruina_Montium": 0, "Tech_Subterranea": 1, "Tech_Cielo_Abierto": 0, "Tech_Lavado_Placer": 0, "Certainty_Spatial": 1.0, "Certainty_Archaeological": 0.9, "Certainty_Metallogenic": 1.0, "Certainty_Score": 0.965, "Certainty_Grade": "Alta Certeza (Grado I)" }, "geometry": { "type": "Point", "coordinates": [ -4.89415277, 38.38853471 ] } },
{ "type": "Feature", "properties": { "mineID": 445, "site": "Cabeza del Agua", "ancientName": null, "province": "Hispania Baetica", "country": "Spain", "region": "Huelva", "miningDistrict": "Huelva", "romanianRANID": null, "sanchezPalenciaAndOrejasID": null, "domergueID": "H 18", "spainMapSheet": 959.0, "lambertX": 315.1, "lambertY": 332.3, "latitude": 37.53989078, "longitude": -6.91306989, "coordinateAccuracy": 100.0, "locationDataSource": "Converted in QGIS from Lambert coords, Madrid 1870", "locationNotes": null, "notBeforeOpeningDate": null, "notAfterOpeningDate": null, "notBeforeClosingDate": null, "notAfterClosingDate": null, "inUseDate": null, "metalMinedGold": "FALSE", "metalMinedSilver": 0.0, "metalMinedLead": 0.0, "metalMinedCopper": 1.0, "metalMinedTin": 0.0, "metalMinedIron": 0.0, "metalMinedMercuryCinnabar": 0.0, "metalMinedZinc": 0.0, "metalMinedOther": 0.0, "description": null, "references": "Domergue 1990: 61", "techniqueOpencast": 0.0, "techniqueUnderground": 1.0, "techniqueHydraulic": "FALSE", "techniqueHushing": "FALSE", "techniqueGroundSluicing": "FALSE", "techniqueRuinaMontium": 0.0, "techniqueRakeComb": 0.0, "techniqueGoldWashing": 0.0, "techniqueOther": 0.0, "notes": null, "geology": "Pyrite", "depositType": "Primary", "exploitationType": null, "Flag_Au_Oro": 0, "Status_Au_Oro": "No", "Flag_Ag_Plata": 0, "Status_Ag_Plata": "No", "Flag_Cu_Cobre": 1, "Status_Cu_Cobre": "Confirmado", "Flag_Pb_Plomo": 0, "Status_Pb_Plomo": "No", "Flag_Hg_Cinabrio": 0, "Status_Hg_Cinabrio": "No", "Flag_Sn_Estano": 0, "Status_Sn_Estano": "No", "Flag_Fe_Hierro": 0, "Status_Fe_Hierro": "No", "Tech_Ruina_Montium": 0, "Tech_Subterranea": 1, "Tech_Cielo_Abierto": 0, "Tech_Lavado_Placer": 0, "Certainty_Spatial": 1.0, "Certainty_Archaeological": 0.9, "Certainty_Metallogenic": 1.0, "Certainty_Score": 0.965, "Certainty_Grade": "Alta Certeza (Grado I)" }, "geometry": { "type": "Point", "coordinates": [ -6.91306989, 37.53989078 ] } },
{ "type": "Feature", "properties": { "mineID": 446, "site": "Cabezas del Pasto", "ancientName": null, "province": "Hispania Baetica", "country": "Spain", "region": "Huelva", "miningDistrict": "Huelva", "romanianRANID": null, "sanchezPalenciaAndOrejasID": null, "domergueID": "H 39", "spainMapSheet": 958.0, "lambertX": 278.4, "lambertY": 341.3, "latitude": 37.6082037, "longitude": -7.33224915, "coordinateAccuracy": 100.0, "locationDataSource": "Converted in QGIS from Lambert coords, Madrid 1870", "locationNotes": null, "notBeforeOpeningDate": null, "notAfterOpeningDate": null, "notBeforeClosingDate": null, "notAfterClosingDate": null, "inUseDate": null, "metalMinedGold": "FALSE", "metalMinedSilver": 1.0, "metalMinedLead": 1.0, "metalMinedCopper": 1.0, "metalMinedTin": 0.0, "metalMinedIron": 0.0, "metalMinedMercuryCinnabar": 0.0, "metalMinedZinc": 0.0, "metalMinedOther": 0.0, "description": null, "references": "Domergue 1990: 62", "techniqueOpencast": 0.0, "techniqueUnderground": 1.0, "techniqueHydraulic": "FALSE", "techniqueHushing": "FALSE", "techniqueGroundSluicing": "FALSE", "techniqueRuinaMontium": 0.0, "techniqueRakeComb": 0.0, "techniqueGoldWashing": 0.0, "techniqueOther": 0.0, "notes": null, "geology": "Pyrite", "depositType": "Primary", "exploitationType": null, "Flag_Au_Oro": 0, "Status_Au_Oro": "No", "Flag_Ag_Plata": 1, "Status_Ag_Plata": "Confirmado", "Flag_Cu_Cobre": 1, "Status_Cu_Cobre": "Confirmado", "Flag_Pb_Plomo": 1, "Status_Pb_Plomo": "Confirmado", "Flag_Hg_Cinabrio": 0, "Status_Hg_Cinabrio": "No", "Flag_Sn_Estano": 0, "Status_Sn_Estano": "No", "Flag_Fe_Hierro": 0, "Status_Fe_Hierro": "No", "Tech_Ruina_Montium": 0, "Tech_Subterranea": 1, "Tech_Cielo_Abierto": 0, "Tech_Lavado_Placer": 0, "Certainty_Spatial": 1.0, "Certainty_Archaeological": 0.9, "Certainty_Metallogenic": 1.0, "Certainty_Score": 0.965, "Certainty_Grade": "Alta Certeza (Grado I)" }, "geometry": { "type": "Point", "coordinates": [ -7.33224915, 37.6082037 ] } },
{ "type": "Feature", "properties": { "mineID": 447, "site": "Cabezo de la Reina", "ancientName": null, "province": "Hispania Tarraconensis", "country": "Spain", "region": "Segovia", "miningDistrict": null, "romanianRANID": null, "sanchezPalenciaAndOrejasID": null, "domergueID": "SG 2", "spainMapSheet": 508.0, "lambertX": 558.5, "lambertY": 679.7, "latitude": 40.7175583, "longitude": -4.179631046, "coordinateAccuracy": 100.0, "locationDataSource": "Converted in QGIS from Lambert coords, Madrid 1870", "locationNotes": null, "notBeforeOpeningDate": null, "notAfterOpeningDate": null, "notBeforeClosingDate": null, "notAfterClosingDate": null, "inUseDate": null, "metalMinedGold": "FALSE", "metalMinedSilver": 0.0, "metalMinedLead": 0.0, "metalMinedCopper": 1.0, "metalMinedTin": 0.0, "metalMinedIron": 0.0, "metalMinedMercuryCinnabar": 0.0, "metalMinedZinc": 0.0, "metalMinedOther": 0.0, "description": null, "references": "Domergue 1990: 64", "techniqueOpencast": null, "techniqueUnderground": null, "techniqueHydraulic": "FALSE", "techniqueHushing": "FALSE", "techniqueGroundSluicing": "FALSE", "techniqueRuinaMontium": 0.0, "techniqueRakeComb": 0.0, "techniqueGoldWashing": 0.0, "techniqueOther": null, "notes": null, "geology": null, "depositType": null, "exploitationType": null, "Flag_Au_Oro": 0, "Status_Au_Oro": "No", "Flag_Ag_Plata": 0, "Status_Ag_Plata": "No", "Flag_Cu_Cobre": 1, "Status_Cu_Cobre": "Confirmado", "Flag_Pb_Plomo": 0, "Status_Pb_Plomo": "No", "Flag_Hg_Cinabrio": 0, "Status_Hg_Cinabrio": "No", "Flag_Sn_Estano": 0, "Status_Sn_Estano": "No", "Flag_Fe_Hierro": 0, "Status_Fe_Hierro": "No", "Tech_Ruina_Montium": 0, "Tech_Subterranea": 0, "Tech_Cielo_Abierto": 0, "Tech_Lavado_Placer": 0, "Certainty_Spatial": 1.0, "Certainty_Archaeological": 0.9, "Certainty_Metallogenic": 1.0, "Certainty_Score": 0.965, "Certainty_Grade": "Alta Certeza (Grado I)" }, "geometry": { "type": "Point", "coordinates": [ -4.179631046, 40.7175583 ] } },
{ "type": "Feature", "properties": { "mineID": 448, "site": "Cabezo de los Silos", "ancientName": null, "province": "Hispania Baetica", "country": "Spain", "region": "Huelva", "miningDistrict": "Huelva", "romanianRANID": null, "sanchezPalenciaAndOrejasID": null, "domergueID": "H 41", "spainMapSheet": 936.0, "lambertX": 276.4, "lambertY": 350.1, "latitude": 37.6867135, "longitude": -7.35899187, "coordinateAccuracy": 100.0, "locationDataSource": "Converted in QGIS from Lambert coords, Madrid 1870", "locationNotes": null, "notBeforeOpeningDate": null, "notAfterOpeningDate": null, "notBeforeClosingDate": null, "notAfterClosingDate": null, "inUseDate": null, "metalMinedGold": "FALSE", "metalMinedSilver": 0.0, "metalMinedLead": 0.0, "metalMinedCopper": 1.0, "metalMinedTin": 0.0, "metalMinedIron": 0.0, "metalMinedMercuryCinnabar": 0.0, "metalMinedZinc": 0.0, "metalMinedOther": 0.0, "description": null, "references": "Domergue 1990: 62", "techniqueOpencast": 0.0, "techniqueUnderground": 1.0, "techniqueHydraulic": "FALSE", "techniqueHushing": "FALSE", "techniqueGroundSluicing": "FALSE", "techniqueRuinaMontium": 0.0, "techniqueRakeComb": 0.0, "techniqueGoldWashing": 0.0, "techniqueOther": 0.0, "notes": null, "geology": "Pyrite", "depositType": "Primary", "exploitationType": null, "Flag_Au_Oro": 0, "Status_Au_Oro": "No", "Flag_Ag_Plata": 0, "Status_Ag_Plata": "No", "Flag_Cu_Cobre": 1, "Status_Cu_Cobre": "Confirmado", "Flag_Pb_Plomo": 0, "Status_Pb_Plomo": "No", "Flag_Hg_Cinabrio": 0, "Status_Hg_Cinabrio": "No", "Flag_Sn_Estano": 0, "Status_Sn_Estano": "No", "Flag_Fe_Hierro": 0, "Status_Fe_Hierro": "No", "Tech_Ruina_Montium": 0, "Tech_Subterranea": 1, "Tech_Cielo_Abierto": 0, "Tech_Lavado_Placer": 0, "Certainty_Spatial": 1.0, "Certainty_Archaeological": 0.9, "Certainty_Metallogenic": 1.0, "Certainty_Score": 0.965, "Certainty_Grade": "Alta Certeza (Grado I)" }, "geometry": { "type": "Point", "coordinates": [ -7.35899187, 37.6867135 ] } },
{ "type": "Feature", "properties": { "mineID": 449, "site": "Cabezo Hueca", "ancientName": null, "province": "Hispania Baetica", "country": "Spain", "region": "Huelva", "miningDistrict": "Huelva", "romanianRANID": null, "sanchezPalenciaAndOrejasID": null, "domergueID": "H 8", "spainMapSheet": 959.0, "lambertX": 300.5, "lambertY": 338.4, "latitude": 37.58994716, "longitude": -7.0808167, "coordinateAccuracy": 100.0, "locationDataSource": "Converted in QGIS from Lambert coords, Madrid 1870", "locationNotes": null, "notBeforeOpeningDate": null, "notAfterOpeningDate": null, "notBeforeClosingDate": null, "notAfterClosingDate": null, "inUseDate": null, "metalMinedGold": "FALSE", "metalMinedSilver": 0.0, "metalMinedLead": 0.0, "metalMinedCopper": 1.0, "metalMinedTin": 0.0, "metalMinedIron": 0.0, "metalMinedMercuryCinnabar": 0.0, "metalMinedZinc": 0.0, "metalMinedOther": 0.0, "description": null, "references": "Domergue 1990: 62", "techniqueOpencast": 0.0, "techniqueUnderground": 1.0, "techniqueHydraulic": "FALSE", "techniqueHushing": "FALSE", "techniqueGroundSluicing": "FALSE", "techniqueRuinaMontium": 0.0, "techniqueRakeComb": 0.0, "techniqueGoldWashing": 0.0, "techniqueOther": 0.0, "notes": null, "geology": "Pyrite", "depositType": "Primary", "exploitationType": null, "Flag_Au_Oro": 0, "Status_Au_Oro": "No", "Flag_Ag_Plata": 0, "Status_Ag_Plata": "No", "Flag_Cu_Cobre": 1, "Status_Cu_Cobre": "Confirmado", "Flag_Pb_Plomo": 0, "Status_Pb_Plomo": "No", "Flag_Hg_Cinabrio": 0, "Status_Hg_Cinabrio": "No", "Flag_Sn_Estano": 0, "Status_Sn_Estano": "No", "Flag_Fe_Hierro": 0, "Status_Fe_Hierro": "No", "Tech_Ruina_Montium": 0, "Tech_Subterranea": 1, "Tech_Cielo_Abierto": 0, "Tech_Lavado_Placer": 0, "Certainty_Spatial": 1.0, "Certainty_Archaeological": 0.9, "Certainty_Metallogenic": 1.0, "Certainty_Score": 0.965, "Certainty_Grade": "Alta Certeza (Grado I)" }, "geometry": { "type": "Point", "coordinates": [ -7.0808167, 37.58994716 ] } },
{ "type": "Feature", "properties": { "mineID": 453, "site": "Cala Reona", "ancientName": null, "province": "Hispania Tarraconensis", "country": "Spain", "region": "Murcia", "miningDistrict": "Cartagena-Mazarrón", "romanianRANID": null, "sanchezPalenciaAndOrejasID": null, "domergueID": "MU 7", "spainMapSheet": 978.0, "lambertX": 862.0, "lambertY": 339.9, "latitude": 37.61551691, "longitude": -0.718976529, "coordinateAccuracy": 100.0, "locationDataSource": "Converted in QGIS from Lambert coords, Madrid 1870", "locationNotes": null, "notBeforeOpeningDate": null, "notAfterOpeningDate": null, "notBeforeClosingDate": null, "notAfterClosingDate": null, "inUseDate": null, "metalMinedGold": "FALSE", "metalMinedSilver": 1.0, "metalMinedLead": 1.0, "metalMinedCopper": 1.0, "metalMinedTin": 0.0, "metalMinedIron": 0.0, "metalMinedMercuryCinnabar": 0.0, "metalMinedZinc": 0.0, "metalMinedOther": 0.0, "description": null, "references": "Domergue 1990: 64", "techniqueOpencast": null, "techniqueUnderground": null, "techniqueHydraulic": "FALSE", "techniqueHushing": "FALSE", "techniqueGroundSluicing": "FALSE", "techniqueRuinaMontium": 0.0, "techniqueRakeComb": 0.0, "techniqueGoldWashing": 0.0, "techniqueOther": null, "notes": null, "geology": null, "depositType": null, "exploitationType": null, "Flag_Au_Oro": 0, "Status_Au_Oro": "No", "Flag_Ag_Plata": 1, "Status_Ag_Plata": "Confirmado", "Flag_Cu_Cobre": 1, "Status_Cu_Cobre": "Confirmado", "Flag_Pb_Plomo": 1, "Status_Pb_Plomo": "Confirmado", "Flag_Hg_Cinabrio": 0, "Status_Hg_Cinabrio": "No", "Flag_Sn_Estano": 0, "Status_Sn_Estano": "No", "Flag_Fe_Hierro": 0, "Status_Fe_Hierro": "No", "Tech_Ruina_Montium": 0, "Tech_Subterranea": 0, "Tech_Cielo_Abierto": 0, "Tech_Lavado_Placer": 0, "Certainty_Spatial": 1.0, "Certainty_Archaeological": 0.9, "Certainty_Metallogenic": 1.0, "Certainty_Score": 0.965, "Certainty_Grade": "Alta Certeza (Grado I)" }, "geometry": { "type": "Point", "coordinates": [ -0.718976529, 37.61551691 ] } },
{ "type": "Feature", "properties": { "mineID": 455, "site": "Callejón de Matajaca", "ancientName": null, "province": "Hispania Baetica", "country": "Spain", "region": "Córdoba", "miningDistrict": "Los Pedroches", "romanianRANID": null, "sanchezPalenciaAndOrejasID": null, "domergueID": "CO 88", "spainMapSheet": 859.0, "lambertX": 499.6, "lambertY": 420.7, "latitude": 38.37739882, "longitude": -4.83783744, "coordinateAccuracy": 100.0, "locationDataSource": "Converted in QGIS from Lambert coords, Madrid 1870", "locationNotes": null, "notBeforeOpeningDate": null, "notAfterOpeningDate": null, "notBeforeClosingDate": null, "notAfterClosingDate": null, "inUseDate": null, "metalMinedGold": "FALSE", "metalMinedSilver": 0.0, "metalMinedLead": 0.0, "metalMinedCopper": 1.0, "metalMinedTin": 0.0, "metalMinedIron": 0.0, "metalMinedMercuryCinnabar": 0.0, "metalMinedZinc": 0.0, "metalMinedOther": 0.0, "description": null, "references": "Domergue 1990: 48", "techniqueOpencast": null, "techniqueUnderground": null, "techniqueHydraulic": "FALSE", "techniqueHushing": "FALSE", "techniqueGroundSluicing": "FALSE", "techniqueRuinaMontium": 0.0, "techniqueRakeComb": 0.0, "techniqueGoldWashing": 0.0, "techniqueOther": null, "notes": null, "geology": "Hard rock", "depositType": "Primary", "exploitationType": null, "Flag_Au_Oro": 0, "Status_Au_Oro": "No", "Flag_Ag_Plata": 0, "Status_Ag_Plata": "No", "Flag_Cu_Cobre": 1, "Status_Cu_Cobre": "Confirmado", "Flag_Pb_Plomo": 0, "Status_Pb_Plomo": "No", "Flag_Hg_Cinabrio": 0, "Status_Hg_Cinabrio": "No", "Flag_Sn_Estano": 0, "Status_Sn_Estano": "No", "Flag_Fe_Hierro": 0, "Status_Fe_Hierro": "No", "Tech_Ruina_Montium": 0, "Tech_Subterranea": 0, "Tech_Cielo_Abierto": 0, "Tech_Lavado_Placer": 0, "Certainty_Spatial": 1.0, "Certainty_Archaeological": 0.9, "Certainty_Metallogenic": 1.0, "Certainty_Score": 0.965, "Certainty_Grade": "Alta Certeza (Grado I)" }, "geometry": { "type": "Point", "coordinates": [ -4.83783744, 38.37739882 ] } },
{ "type": "Feature", "properties": { "mineID": 456, "site": "Campanario", "ancientName": null, "province": "Hispania Baetica", "country": "Spain", "region": "Huelva", "miningDistrict": "Huelva", "romanianRANID": null, "sanchezPalenciaAndOrejasID": null, "domergueID": "H 45", "spainMapSheet": 960.0, "lambertX": 322.5, "lambertY": 332.4, "latitude": 37.54317278, "longitude": -6.82941041, "coordinateAccuracy": 100.0, "locationDataSource": "Converted in QGIS from Lambert coords, Madrid 1870", "locationNotes": null, "notBeforeOpeningDate": null, "notAfterOpeningDate": null, "notBeforeClosingDate": null, "notAfterClosingDate": null, "inUseDate": null, "metalMinedGold": "FALSE", "metalMinedSilver": 0.0, "metalMinedLead": 0.0, "metalMinedCopper": 1.0, "metalMinedTin": 0.0, "metalMinedIron": 0.0, "metalMinedMercuryCinnabar": 0.0, "metalMinedZinc": 0.0, "metalMinedOther": 0.0, "description": null, "references": "Domergue 1990: 62", "techniqueOpencast": null, "techniqueUnderground": null, "techniqueHydraulic": "FALSE", "techniqueHushing": "FALSE", "techniqueGroundSluicing": "FALSE", "techniqueRuinaMontium": 0.0, "techniqueRakeComb": 0.0, "techniqueGoldWashing": 0.0, "techniqueOther": null, "notes": null, "geology": "Pyrite", "depositType": "Primary", "exploitationType": null, "Flag_Au_Oro": 0, "Status_Au_Oro": "No", "Flag_Ag_Plata": 0, "Status_Ag_Plata": "No", "Flag_Cu_Cobre": 1, "Status_Cu_Cobre": "Confirmado", "Flag_Pb_Plomo": 0, "Status_Pb_Plomo": "No", "Flag_Hg_Cinabrio": 0, "Status_Hg_Cinabrio": "No", "Flag_Sn_Estano": 0, "Status_Sn_Estano": "No", "Flag_Fe_Hierro": 0, "Status_Fe_Hierro": "No", "Tech_Ruina_Montium": 0, "Tech_Subterranea": 0, "Tech_Cielo_Abierto": 0, "Tech_Lavado_Placer": 0, "Certainty_Spatial": 1.0, "Certainty_Archaeological": 0.9, "Certainty_Metallogenic": 1.0, "Certainty_Score": 0.965, "Certainty_Grade": "Alta Certeza (Grado I)" }, "geometry": { "type": "Point", "coordinates": [ -6.82941041, 37.54317278 ] } },
{ "type": "Feature", "properties": { "mineID": 460, "site": "Canadá", "ancientName": null, "province": "Hispania Baetica", "country": "Spain", "region": "Córdoba", "miningDistrict": "Los Pedroches", "romanianRANID": null, "sanchezPalenciaAndOrejasID": null, "domergueID": "CO 18", "spainMapSheet": 858.0, "lambertX": 492.8, "lambertY": 420.7, "latitude": 38.37658115, "longitude": -4.91570948, "coordinateAccuracy": 100.0, "locationDataSource": "Converted in QGIS from Lambert coords, Madrid 1870", "locationNotes": null, "notBeforeOpeningDate": null, "notAfterOpeningDate": null, "notBeforeClosingDate": null, "notAfterClosingDate": null, "inUseDate": null, "metalMinedGold": "FALSE", "metalMinedSilver": 0.0, "metalMinedLead": 0.0, "metalMinedCopper": 1.0, "metalMinedTin": 0.0, "metalMinedIron": 0.0, "metalMinedMercuryCinnabar": 0.0, "metalMinedZinc": 0.0, "metalMinedOther": 0.0, "description": null, "references": "Domergue 1990: 47", "techniqueOpencast": 0.0, "techniqueUnderground": 1.0, "techniqueHydraulic": "FALSE", "techniqueHushing": "FALSE", "techniqueGroundSluicing": "FALSE", "techniqueRuinaMontium": 0.0, "techniqueRakeComb": 0.0, "techniqueGoldWashing": 0.0, "techniqueOther": 0.0, "notes": null, "geology": "Hard rock", "depositType": "Primary", "exploitationType": null, "Flag_Au_Oro": 0, "Status_Au_Oro": "No", "Flag_Ag_Plata": 0, "Status_Ag_Plata": "No", "Flag_Cu_Cobre": 1, "Status_Cu_Cobre": "Confirmado", "Flag_Pb_Plomo": 0, "Status_Pb_Plomo": "No", "Flag_Hg_Cinabrio": 0, "Status_Hg_Cinabrio": "No", "Flag_Sn_Estano": 0, "Status_Sn_Estano": "No", "Flag_Fe_Hierro": 0, "Status_Fe_Hierro": "No", "Tech_Ruina_Montium": 0, "Tech_Subterranea": 1, "Tech_Cielo_Abierto": 0, "Tech_Lavado_Placer": 0, "Certainty_Spatial": 1.0, "Certainty_Archaeological": 0.9, "Certainty_Metallogenic": 1.0, "Certainty_Score": 0.965, "Certainty_Grade": "Alta Certeza (Grado I)" }, "geometry": { "type": "Point", "coordinates": [ -4.91570948, 38.37658115 ] } },
{ "type": "Feature", "properties": { "mineID": 462, "site": "Candelaria", "ancientName": null, "province": "Hispania Tarraconensis", "country": "Spain", "region": "Ciudad Real", "miningDistrict": "Alcudia", "romanianRANID": null, "sanchezPalenciaAndOrejasID": null, "domergueID": "CR 16", "spainMapSheet": 835.0, "lambertX": 527.6, "lambertY": 449.9, "latitude": 38.64346632, "longitude": -4.5202936, "coordinateAccuracy": 100.0, "locationDataSource": "Converted in QGIS from Lambert coords, Madrid 1870", "locationNotes": null, "notBeforeOpeningDate": null, "notAfterOpeningDate": null, "notBeforeClosingDate": null, "notAfterClosingDate": null, "inUseDate": null, "metalMinedGold": "FALSE", "metalMinedSilver": 1.0, "metalMinedLead": 1.0, "metalMinedCopper": 1.0, "metalMinedTin": 0.0, "metalMinedIron": 0.0, "metalMinedMercuryCinnabar": 0.0, "metalMinedZinc": 0.0, "metalMinedOther": 0.0, "description": null, "references": "Domergue 1990: 46", "techniqueOpencast": 0.0, "techniqueUnderground": 1.0, "techniqueHydraulic": "FALSE", "techniqueHushing": "FALSE", "techniqueGroundSluicing": "FALSE", "techniqueRuinaMontium": 0.0, "techniqueRakeComb": 0.0, "techniqueGoldWashing": 0.0, "techniqueOther": 0.0, "notes": null, "geology": null, "depositType": null, "exploitationType": null, "Flag_Au_Oro": 0, "Status_Au_Oro": "No", "Flag_Ag_Plata": 1, "Status_Ag_Plata": "Confirmado", "Flag_Cu_Cobre": 1, "Status_Cu_Cobre": "Confirmado", "Flag_Pb_Plomo": 1, "Status_Pb_Plomo": "Confirmado", "Flag_Hg_Cinabrio": 0, "Status_Hg_Cinabrio": "No", "Flag_Sn_Estano": 0, "Status_Sn_Estano": "No", "Flag_Fe_Hierro": 0, "Status_Fe_Hierro": "No", "Tech_Ruina_Montium": 0, "Tech_Subterranea": 1, "Tech_Cielo_Abierto": 0, "Tech_Lavado_Placer": 0, "Certainty_Spatial": 1.0, "Certainty_Archaeological": 0.9, "Certainty_Metallogenic": 1.0, "Certainty_Score": 0.965, "Certainty_Grade": "Alta Certeza (Grado I)" }, "geometry": { "type": "Point", "coordinates": [ -4.5202936, 38.64346632 ] } },
{ "type": "Feature", "properties": { "mineID": 465, "site": "Cantos Blancos", "ancientName": null, "province": "Hispania Baetica", "country": "Spain", "region": "Córdoba", "miningDistrict": "Los Pedroches", "romanianRANID": null, "sanchezPalenciaAndOrejasID": null, "domergueID": "CO 5", "spainMapSheet": 858.0, "lambertX": 489.7, "lambertY": 424.4, "latitude": 38.40954651, "longitude": -4.95181017, "coordinateAccuracy": 100.0, "locationDataSource": "Converted in QGIS from Lambert coords, Madrid 1870", "locationNotes": null, "notBeforeOpeningDate": null, "notAfterOpeningDate": null, "notBeforeClosingDate": null, "notAfterClosingDate": null, "inUseDate": null, "metalMinedGold": "FALSE", "metalMinedSilver": 0.0, "metalMinedLead": 0.0, "metalMinedCopper": 1.0, "metalMinedTin": 0.0, "metalMinedIron": 0.0, "metalMinedMercuryCinnabar": 0.0, "metalMinedZinc": 0.0, "metalMinedOther": 0.0, "description": null, "references": "Domergue 1990: 47", "techniqueOpencast": 0.0, "techniqueUnderground": 1.0, "techniqueHydraulic": "FALSE", "techniqueHushing": "FALSE", "techniqueGroundSluicing": "FALSE", "techniqueRuinaMontium": 0.0, "techniqueRakeComb": 0.0, "techniqueGoldWashing": 0.0, "techniqueOther": 0.0, "notes": null, "geology": "Hard rock", "depositType": "Primary", "exploitationType": null, "Flag_Au_Oro": 0, "Status_Au_Oro": "No", "Flag_Ag_Plata": 0, "Status_Ag_Plata": "No", "Flag_Cu_Cobre": 1, "Status_Cu_Cobre": "Confirmado", "Flag_Pb_Plomo": 0, "Status_Pb_Plomo": "No", "Flag_Hg_Cinabrio": 0, "Status_Hg_Cinabrio": "No", "Flag_Sn_Estano": 0, "Status_Sn_Estano": "No", "Flag_Fe_Hierro": 0, "Status_Fe_Hierro": "No", "Tech_Ruina_Montium": 0, "Tech_Subterranea": 1, "Tech_Cielo_Abierto": 0, "Tech_Lavado_Placer": 0, "Certainty_Spatial": 1.0, "Certainty_Archaeological": 0.9, "Certainty_Metallogenic": 1.0, "Certainty_Score": 0.965, "Certainty_Grade": "Alta Certeza (Grado I)" }, "geometry": { "type": "Point", "coordinates": [ -4.95181017, 38.40954651 ] } },
{ "type": "Feature", "properties": { "mineID": 479, "site": "Casilla del Cobre", "ancientName": null, "province": "Hispania Baetica", "country": "Spain", "region": "Córdoba", "miningDistrict": "Córdoba", "romanianRANID": null, "sanchezPalenciaAndOrejasID": null, "domergueID": "CO 40", "spainMapSheet": 923.0, "lambertX": 498.0, "lambertY": 368.0, "latitude": 37.90215104, "longitude": -4.84830355, "coordinateAccuracy": 100.0, "locationDataSource": "Converted in QGIS from Lambert coords, Madrid 1870", "locationNotes": null, "notBeforeOpeningDate": null, "notAfterOpeningDate": null, "notBeforeClosingDate": null, "notAfterClosingDate": null, "inUseDate": null, "metalMinedGold": "FALSE", "metalMinedSilver": 0.0, "metalMinedLead": 0.0, "metalMinedCopper": 1.0, "metalMinedTin": 0.0, "metalMinedIron": 0.0, "metalMinedMercuryCinnabar": 0.0, "metalMinedZinc": 0.0, "metalMinedOther": 0.0, "description": null, "references": "Domergue 1990: 47", "techniqueOpencast": 0.0, "techniqueUnderground": 1.0, "techniqueHydraulic": "FALSE", "techniqueHushing": "FALSE", "techniqueGroundSluicing": "FALSE", "techniqueRuinaMontium": 0.0, "techniqueRakeComb": 0.0, "techniqueGoldWashing": 0.0, "techniqueOther": 0.0, "notes": null, "geology": "Hard rock", "depositType": null, "exploitationType": null, "Flag_Au_Oro": 0, "Status_Au_Oro": "No", "Flag_Ag_Plata": 0, "Status_Ag_Plata": "No", "Flag_Cu_Cobre": 1, "Status_Cu_Cobre": "Confirmado", "Flag_Pb_Plomo": 0, "Status_Pb_Plomo": "No", "Flag_Hg_Cinabrio": 0, "Status_Hg_Cinabrio": "No", "Flag_Sn_Estano": 0, "Status_Sn_Estano": "No", "Flag_Fe_Hierro": 0, "Status_Fe_Hierro": "No", "Tech_Ruina_Montium": 0, "Tech_Subterranea": 1, "Tech_Cielo_Abierto": 0, "Tech_Lavado_Placer": 0, "Certainty_Spatial": 1.0, "Certainty_Archaeological": 0.9, "Certainty_Metallogenic": 1.0, "Certainty_Score": 0.965, "Certainty_Grade": "Alta Certeza (Grado I)" }, "geometry": { "type": "Point", "coordinates": [ -4.84830355, 37.90215104 ] } },
{ "type": "Feature", "properties": { "mineID": 482, "site": "Castillo Buitrón", "ancientName": null, "province": "Hispania Baetica", "country": "Spain", "region": "Huelva", "miningDistrict": "Huelva", "romanianRANID": null, "sanchezPalenciaAndOrejasID": null, "domergueID": "H 47", "spainMapSheet": 960.0, "lambertX": 328.1, "lambertY": 342.4, "latitude": 37.63500856, "longitude": -6.76997865, "coordinateAccuracy": 100.0, "locationDataSource": "Converted in QGIS from Lambert coords, Madrid 1870", "locationNotes": null, "notBeforeOpeningDate": null, "notAfterOpeningDate": null, "notBeforeClosingDate": null, "notAfterClosingDate": null, "inUseDate": null, "metalMinedGold": "FALSE", "metalMinedSilver": 0.0, "metalMinedLead": 0.0, "metalMinedCopper": 1.0, "metalMinedTin": 0.0, "metalMinedIron": 0.0, "metalMinedMercuryCinnabar": 0.0, "metalMinedZinc": 0.0, "metalMinedOther": 0.0, "description": null, "references": "Domergue 1990: 62", "techniqueOpencast": null, "techniqueUnderground": null, "techniqueHydraulic": "FALSE", "techniqueHushing": "FALSE", "techniqueGroundSluicing": "FALSE", "techniqueRuinaMontium": 0.0, "techniqueRakeComb": 0.0, "techniqueGoldWashing": 0.0, "techniqueOther": null, "notes": null, "geology": "Pyrite", "depositType": "Primary", "exploitationType": null, "Flag_Au_Oro": 0, "Status_Au_Oro": "No", "Flag_Ag_Plata": 0, "Status_Ag_Plata": "No", "Flag_Cu_Cobre": 1, "Status_Cu_Cobre": "Confirmado", "Flag_Pb_Plomo": 0, "Status_Pb_Plomo": "No", "Flag_Hg_Cinabrio": 0, "Status_Hg_Cinabrio": "No", "Flag_Sn_Estano": 0, "Status_Sn_Estano": "No", "Flag_Fe_Hierro": 0, "Status_Fe_Hierro": "No", "Tech_Ruina_Montium": 0, "Tech_Subterranea": 0, "Tech_Cielo_Abierto": 0, "Tech_Lavado_Placer": 0, "Certainty_Spatial": 1.0, "Certainty_Archaeological": 0.9, "Certainty_Metallogenic": 1.0, "Certainty_Score": 0.965, "Certainty_Grade": "Alta Certeza (Grado I)" }, "geometry": { "type": "Point", "coordinates": [ -6.76997865, 37.63500856 ] } },
{ "type": "Feature", "properties": { "mineID": 483, "site": "Castillo de las Guardas", "ancientName": null, "province": "Hispania Baetica", "country": "Spain", "region": "Huelva", "miningDistrict": "Huelva", "romanianRANID": null, "sanchezPalenciaAndOrejasID": null, "domergueID": "SE 4", "spainMapSheet": 939.0, "lambertX": 363.7, "lambertY": 348.0, "latitude": 37.69582718, "longitude": -6.368615491, "coordinateAccuracy": 100.0, "locationDataSource": "Converted in QGIS from Lambert coords, Madrid 1870", "locationNotes": null, "notBeforeOpeningDate": null, "notAfterOpeningDate": null, "notBeforeClosingDate": null, "notAfterClosingDate": null, "inUseDate": null, "metalMinedGold": "FALSE", "metalMinedSilver": 0.0, "metalMinedLead": 0.0, "metalMinedCopper": 1.0, "metalMinedTin": 0.0, "metalMinedIron": 0.0, "metalMinedMercuryCinnabar": 0.0, "metalMinedZinc": 0.0, "metalMinedOther": 0.0, "description": null, "references": "Domergue 1990: 62", "techniqueOpencast": null, "techniqueUnderground": null, "techniqueHydraulic": "FALSE", "techniqueHushing": "FALSE", "techniqueGroundSluicing": "FALSE", "techniqueRuinaMontium": 0.0, "techniqueRakeComb": 0.0, "techniqueGoldWashing": 0.0, "techniqueOther": null, "notes": null, "geology": "Pyrite", "depositType": "Primary", "exploitationType": null, "Flag_Au_Oro": 0, "Status_Au_Oro": "No", "Flag_Ag_Plata": 0, "Status_Ag_Plata": "No", "Flag_Cu_Cobre": 1, "Status_Cu_Cobre": "Confirmado", "Flag_Pb_Plomo": 0, "Status_Pb_Plomo": "No", "Flag_Hg_Cinabrio": 0, "Status_Hg_Cinabrio": "No", "Flag_Sn_Estano": 0, "Status_Sn_Estano": "No", "Flag_Fe_Hierro": 0, "Status_Fe_Hierro": "No", "Tech_Ruina_Montium": 0, "Tech_Subterranea": 0, "Tech_Cielo_Abierto": 0, "Tech_Lavado_Placer": 0, "Certainty_Spatial": 1.0, "Certainty_Archaeological": 0.9, "Certainty_Metallogenic": 1.0, "Certainty_Score": 0.965, "Certainty_Grade": "Alta Certeza (Grado I)" }, "geometry": { "type": "Point", "coordinates": [ -6.368615491, 37.69582718 ] } },
{ "type": "Feature", "properties": { "mineID": 484, "site": "Castripicón", "ancientName": null, "province": "Hispania Baetica", "country": "Spain", "region": "Córdoba", "miningDistrict": "Córdoba", "romanianRANID": null, "sanchezPalenciaAndOrejasID": null, "domergueID": "CO 43", "spainMapSheet": 922.0, "lambertX": 490.6, "lambertY": 374.4, "latitude": 37.95893796, "longitude": -4.9334936, "coordinateAccuracy": 100.0, "locationDataSource": "Converted in QGIS from Lambert coords, Madrid 1870", "locationNotes": null, "notBeforeOpeningDate": null, "notAfterOpeningDate": null, "notBeforeClosingDate": null, "notAfterClosingDate": null, "inUseDate": null, "metalMinedGold": "FALSE", "metalMinedSilver": 0.0, "metalMinedLead": 0.0, "metalMinedCopper": 1.0, "metalMinedTin": 0.0, "metalMinedIron": 0.0, "metalMinedMercuryCinnabar": 0.0, "metalMinedZinc": 0.0, "metalMinedOther": 0.0, "description": null, "references": "Domergue 1990: 47", "techniqueOpencast": 0.0, "techniqueUnderground": 1.0, "techniqueHydraulic": "FALSE", "techniqueHushing": "FALSE", "techniqueGroundSluicing": "FALSE", "techniqueRuinaMontium": 0.0, "techniqueRakeComb": 0.0, "techniqueGoldWashing": 0.0, "techniqueOther": 0.0, "notes": null, "geology": "Hard rock", "depositType": null, "exploitationType": null, "Flag_Au_Oro": 0, "Status_Au_Oro": "No", "Flag_Ag_Plata": 0, "Status_Ag_Plata": "No", "Flag_Cu_Cobre": 1, "Status_Cu_Cobre": "Confirmado", "Flag_Pb_Plomo": 0, "Status_Pb_Plomo": "No", "Flag_Hg_Cinabrio": 0, "Status_Hg_Cinabrio": "No", "Flag_Sn_Estano": 0, "Status_Sn_Estano": "No", "Flag_Fe_Hierro": 0, "Status_Fe_Hierro": "No", "Tech_Ruina_Montium": 0, "Tech_Subterranea": 1, "Tech_Cielo_Abierto": 0, "Tech_Lavado_Placer": 0, "Certainty_Spatial": 1.0, "Certainty_Archaeological": 0.9, "Certainty_Metallogenic": 1.0, "Certainty_Score": 0.965, "Certainty_Grade": "Alta Certeza (Grado I)" }, "geometry": { "type": "Point", "coordinates": [ -4.9334936, 37.95893796 ] } },
{ "type": "Feature", "properties": { "mineID": 501, "site": "Cerro Castaño", "ancientName": null, "province": "Hispania Baetica", "country": "Spain", "region": "Córdoba", "miningDistrict": "Posadas", "romanianRANID": null, "sanchezPalenciaAndOrejasID": null, "domergueID": "CO 120", "spainMapSheet": 922.0, "lambertX": 477.3, "lambertY": 372.0, "latitude": 37.93552871, "longitude": -5.08446693, "coordinateAccuracy": 100.0, "locationDataSource": "Converted in QGIS from Lambert coords, Madrid 1870", "locationNotes": null, "notBeforeOpeningDate": null, "notAfterOpeningDate": null, "notBeforeClosingDate": null, "notAfterClosingDate": null, "inUseDate": null, "metalMinedGold": "FALSE", "metalMinedSilver": 0.0, "metalMinedLead": 0.0, "metalMinedCopper": 1.0, "metalMinedTin": 0.0, "metalMinedIron": 0.0, "metalMinedMercuryCinnabar": 0.0, "metalMinedZinc": 0.0, "metalMinedOther": 0.0, "description": null, "references": "Domergue 1990: 45", "techniqueOpencast": null, "techniqueUnderground": null, "techniqueHydraulic": "FALSE", "techniqueHushing": "FALSE", "techniqueGroundSluicing": "FALSE", "techniqueRuinaMontium": 0.0, "techniqueRakeComb": 0.0, "techniqueGoldWashing": 0.0, "techniqueOther": null, "notes": null, "geology": "Hard rock", "depositType": "Primary", "exploitationType": null, "Flag_Au_Oro": 0, "Status_Au_Oro": "No", "Flag_Ag_Plata": 0, "Status_Ag_Plata": "No", "Flag_Cu_Cobre": 1, "Status_Cu_Cobre": "Confirmado", "Flag_Pb_Plomo": 0, "Status_Pb_Plomo": "No", "Flag_Hg_Cinabrio": 0, "Status_Hg_Cinabrio": "No", "Flag_Sn_Estano": 0, "Status_Sn_Estano": "No", "Flag_Fe_Hierro": 0, "Status_Fe_Hierro": "No", "Tech_Ruina_Montium": 0, "Tech_Subterranea": 0, "Tech_Cielo_Abierto": 0, "Tech_Lavado_Placer": 0, "Certainty_Spatial": 1.0, "Certainty_Archaeological": 0.9, "Certainty_Metallogenic": 1.0, "Certainty_Score": 0.965, "Certainty_Grade": "Alta Certeza (Grado I)" }, "geometry": { "type": "Point", "coordinates": [ -5.08446693, 37.93552871 ] } },
{ "type": "Feature", "properties": { "mineID": 504, "site": "Cerro de la Minas", "ancientName": null, "province": "Hispania Baetica", "country": "Spain", "region": "Badajoz", "miningDistrict": "Picos de Aroche", "romanianRANID": null, "sanchezPalenciaAndOrejasID": null, "domergueID": "BA 53", "spainMapSheet": 875.0, "lambertX": 328.5, "lambertY": 419.0, "latitude": 38.32523434, "longitude": -6.79570879, "coordinateAccuracy": 100.0, "locationDataSource": "Converted in QGIS from Lambert coords, Madrid 1870", "locationNotes": null, "notBeforeOpeningDate": null, "notAfterOpeningDate": null, "notBeforeClosingDate": null, "notAfterClosingDate": null, "inUseDate": null, "metalMinedGold": "FALSE", "metalMinedSilver": 0.0, "metalMinedLead": 0.0, "metalMinedCopper": 1.0, "metalMinedTin": 0.0, "metalMinedIron": 0.0, "metalMinedMercuryCinnabar": 0.0, "metalMinedZinc": 0.0, "metalMinedOther": 0.0, "description": null, "references": "Domergue 1990: 61", "techniqueOpencast": null, "techniqueUnderground": null, "techniqueHydraulic": "FALSE", "techniqueHushing": "FALSE", "techniqueGroundSluicing": "FALSE", "techniqueRuinaMontium": 0.0, "techniqueRakeComb": 0.0, "techniqueGoldWashing": 0.0, "techniqueOther": null, "notes": null, "geology": "Hard rock", "depositType": "Primary", "exploitationType": null, "Flag_Au_Oro": 0, "Status_Au_Oro": "No", "Flag_Ag_Plata": 0, "Status_Ag_Plata": "No", "Flag_Cu_Cobre": 1, "Status_Cu_Cobre": "Confirmado", "Flag_Pb_Plomo": 0, "Status_Pb_Plomo": "No", "Flag_Hg_Cinabrio": 0, "Status_Hg_Cinabrio": "No", "Flag_Sn_Estano": 0, "Status_Sn_Estano": "No", "Flag_Fe_Hierro": 0, "Status_Fe_Hierro": "No", "Tech_Ruina_Montium": 0, "Tech_Subterranea": 0, "Tech_Cielo_Abierto": 0, "Tech_Lavado_Placer": 0, "Certainty_Spatial": 1.0, "Certainty_Archaeological": 0.9, "Certainty_Metallogenic": 1.0, "Certainty_Score": 0.965, "Certainty_Grade": "Alta Certeza (Grado I)" }, "geometry": { "type": "Point", "coordinates": [ -6.79570879, 38.32523434 ] } },
{ "type": "Feature", "properties": { "mineID": 505, "site": "Cerro de la Minillas", "ancientName": null, "province": "Hispania Baetica", "country": "Spain", "region": "Córdoba", "miningDistrict": "Los Pedroches", "romanianRANID": null, "sanchezPalenciaAndOrejasID": null, "domergueID": "CO 61", "spainMapSheet": 858.0, "lambertX": 481.2, "lambertY": 425.2, "latitude": 38.41563006, "longitude": -5.04933271, "coordinateAccuracy": 100.0, "locationDataSource": "Converted in QGIS from Lambert coords, Madrid 1870", "locationNotes": null, "notBeforeOpeningDate": null, "notAfterOpeningDate": null, "notBeforeClosingDate": null, "notAfterClosingDate": null, "inUseDate": null, "metalMinedGold": "FALSE", "metalMinedSilver": 0.0, "metalMinedLead": 0.0, "metalMinedCopper": 1.0, "metalMinedTin": 0.0, "metalMinedIron": 0.0, "metalMinedMercuryCinnabar": 0.0, "metalMinedZinc": 0.0, "metalMinedOther": 0.0, "description": null, "references": "Domergue 1990: 48", "techniqueOpencast": null, "techniqueUnderground": null, "techniqueHydraulic": "FALSE", "techniqueHushing": "FALSE", "techniqueGroundSluicing": "FALSE", "techniqueRuinaMontium": 0.0, "techniqueRakeComb": 0.0, "techniqueGoldWashing": 0.0, "techniqueOther": null, "notes": null, "geology": "Hard rock", "depositType": "Primary", "exploitationType": null, "Flag_Au_Oro": 0, "Status_Au_Oro": "No", "Flag_Ag_Plata": 0, "Status_Ag_Plata": "No", "Flag_Cu_Cobre": 1, "Status_Cu_Cobre": "Confirmado", "Flag_Pb_Plomo": 0, "Status_Pb_Plomo": "No", "Flag_Hg_Cinabrio": 0, "Status_Hg_Cinabrio": "No", "Flag_Sn_Estano": 0, "Status_Sn_Estano": "No", "Flag_Fe_Hierro": 0, "Status_Fe_Hierro": "No", "Tech_Ruina_Montium": 0, "Tech_Subterranea": 0, "Tech_Cielo_Abierto": 0, "Tech_Lavado_Placer": 0, "Certainty_Spatial": 1.0, "Certainty_Archaeological": 0.9, "Certainty_Metallogenic": 1.0, "Certainty_Score": 0.965, "Certainty_Grade": "Alta Certeza (Grado I)" }, "geometry": { "type": "Point", "coordinates": [ -5.04933271, 38.41563006 ] } },
{ "type": "Feature", "properties": { "mineID": 508, "site": "Cerro de las Minillas", "ancientName": null, "province": "Hispania Baetica", "country": "Spain", "region": "Córdoba", "miningDistrict": "Montoro Andújar", "romanianRANID": null, "sanchezPalenciaAndOrejasID": null, "domergueID": "CO 30", "spainMapSheet": 882.0, "lambertX": 547.7, "lambertY": 415.4, "latitude": 38.33386997, "longitude": -4.28655637, "coordinateAccuracy": 100.0, "locationDataSource": "Converted in QGIS from Lambert coords, Madrid 1870", "locationNotes": null, "notBeforeOpeningDate": null, "notAfterOpeningDate": null, "notBeforeClosingDate": null, "notAfterClosingDate": null, "inUseDate": null, "metalMinedGold": "FALSE", "metalMinedSilver": 0.0, "metalMinedLead": 0.0, "metalMinedCopper": 1.0, "metalMinedTin": 0.0, "metalMinedIron": 0.0, "metalMinedMercuryCinnabar": 0.0, "metalMinedZinc": 0.0, "metalMinedOther": 0.0, "description": null, "references": "Domergue 1990: 47", "techniqueOpencast": null, "techniqueUnderground": null, "techniqueHydraulic": "FALSE", "techniqueHushing": "FALSE", "techniqueGroundSluicing": "FALSE", "techniqueRuinaMontium": 0.0, "techniqueRakeComb": 0.0, "techniqueGoldWashing": 0.0, "techniqueOther": null, "notes": null, "geology": "Hard rock", "depositType": null, "exploitationType": null, "Flag_Au_Oro": 0, "Status_Au_Oro": "No", "Flag_Ag_Plata": 0, "Status_Ag_Plata": "No", "Flag_Cu_Cobre": 1, "Status_Cu_Cobre": "Confirmado", "Flag_Pb_Plomo": 0, "Status_Pb_Plomo": "No", "Flag_Hg_Cinabrio": 0, "Status_Hg_Cinabrio": "No", "Flag_Sn_Estano": 0, "Status_Sn_Estano": "No", "Flag_Fe_Hierro": 0, "Status_Fe_Hierro": "No", "Tech_Ruina_Montium": 0, "Tech_Subterranea": 0, "Tech_Cielo_Abierto": 0, "Tech_Lavado_Placer": 0, "Certainty_Spatial": 1.0, "Certainty_Archaeological": 0.9, "Certainty_Metallogenic": 1.0, "Certainty_Score": 0.965, "Certainty_Grade": "Alta Certeza (Grado I)" }, "geometry": { "type": "Point", "coordinates": [ -4.28655637, 38.33386997 ] } },
{ "type": "Feature", "properties": { "mineID": 509, "site": "Cerro de los Almadenes", "ancientName": null, "province": "Hispania Tarraconensis", "country": "Spain", "region": "Segovia", "miningDistrict": null, "romanianRANID": null, "sanchezPalenciaAndOrejasID": null, "domergueID": "SG 1", "spainMapSheet": 507.0, "lambertX": 554.7, "lambertY": 690.6, "latitude": 40.81562208, "longitude": -4.22543114, "coordinateAccuracy": 100.0, "locationDataSource": "Converted in QGIS from Lambert coords, Madrid 1870", "locationNotes": null, "notBeforeOpeningDate": null, "notAfterOpeningDate": null, "notBeforeClosingDate": null, "notAfterClosingDate": null, "inUseDate": null, "metalMinedGold": "FALSE", "metalMinedSilver": 0.0, "metalMinedLead": 0.0, "metalMinedCopper": 1.0, "metalMinedTin": 0.0, "metalMinedIron": 0.0, "metalMinedMercuryCinnabar": 0.0, "metalMinedZinc": 0.0, "metalMinedOther": 0.0, "description": null, "references": "Domergue 1990: 64", "techniqueOpencast": null, "techniqueUnderground": null, "techniqueHydraulic": "FALSE", "techniqueHushing": "FALSE", "techniqueGroundSluicing": "FALSE", "techniqueRuinaMontium": 0.0, "techniqueRakeComb": 0.0, "techniqueGoldWashing": 0.0, "techniqueOther": null, "notes": null, "geology": null, "depositType": null, "exploitationType": null, "Flag_Au_Oro": 0, "Status_Au_Oro": "No", "Flag_Ag_Plata": 0, "Status_Ag_Plata": "No", "Flag_Cu_Cobre": 1, "Status_Cu_Cobre": "Confirmado", "Flag_Pb_Plomo": 0, "Status_Pb_Plomo": "No", "Flag_Hg_Cinabrio": 0, "Status_Hg_Cinabrio": "No", "Flag_Sn_Estano": 0, "Status_Sn_Estano": "No", "Flag_Fe_Hierro": 0, "Status_Fe_Hierro": "No", "Tech_Ruina_Montium": 0, "Tech_Subterranea": 0, "Tech_Cielo_Abierto": 0, "Tech_Lavado_Placer": 0, "Certainty_Spatial": 1.0, "Certainty_Archaeological": 0.9, "Certainty_Metallogenic": 1.0, "Certainty_Score": 0.965, "Certainty_Grade": "Alta Certeza (Grado I)" }, "geometry": { "type": "Point", "coordinates": [ -4.22543114, 40.81562208 ] } },
{ "type": "Feature", "properties": { "mineID": 510, "site": "Cerro de los Venados", "ancientName": null, "province": "Hispania Baetica", "country": "Spain", "region": "Jaén", "miningDistrict": "Montoro Andújar", "romanianRANID": null, "sanchezPalenciaAndOrejasID": null, "domergueID": "J 2", "spainMapSheet": 883.0, "lambertX": 556.3, "lambertY": 406.4, "latitude": 38.25320766, "longitude": -4.18754703, "coordinateAccuracy": 100.0, "locationDataSource": "Converted in QGIS from Lambert coords, Madrid 1870", "locationNotes": null, "notBeforeOpeningDate": null, "notAfterOpeningDate": null, "notBeforeClosingDate": null, "notAfterClosingDate": null, "inUseDate": null, "metalMinedGold": "FALSE", "metalMinedSilver": 0.0, "metalMinedLead": 0.0, "metalMinedCopper": 1.0, "metalMinedTin": 0.0, "metalMinedIron": 0.0, "metalMinedMercuryCinnabar": 0.0, "metalMinedZinc": 0.0, "metalMinedOther": 0.0, "description": null, "references": "Domergue 1990: 47", "techniqueOpencast": null, "techniqueUnderground": null, "techniqueHydraulic": "FALSE", "techniqueHushing": "FALSE", "techniqueGroundSluicing": "FALSE", "techniqueRuinaMontium": 0.0, "techniqueRakeComb": 0.0, "techniqueGoldWashing": 0.0, "techniqueOther": null, "notes": null, "geology": "Hard rock", "depositType": null, "exploitationType": null, "Flag_Au_Oro": 0, "Status_Au_Oro": "No", "Flag_Ag_Plata": 0, "Status_Ag_Plata": "No", "Flag_Cu_Cobre": 1, "Status_Cu_Cobre": "Confirmado", "Flag_Pb_Plomo": 0, "Status_Pb_Plomo": "No", "Flag_Hg_Cinabrio": 0, "Status_Hg_Cinabrio": "No", "Flag_Sn_Estano": 0, "Status_Sn_Estano": "No", "Flag_Fe_Hierro": 0, "Status_Fe_Hierro": "No", "Tech_Ruina_Montium": 0, "Tech_Subterranea": 0, "Tech_Cielo_Abierto": 0, "Tech_Lavado_Placer": 0, "Certainty_Spatial": 1.0, "Certainty_Archaeological": 0.9, "Certainty_Metallogenic": 1.0, "Certainty_Score": 0.965, "Certainty_Grade": "Alta Certeza (Grado I)" }, "geometry": { "type": "Point", "coordinates": [ -4.18754703, 38.25320766 ] } },
{ "type": "Feature", "properties": { "mineID": 511, "site": "Cerro de Valfrío", "ancientName": null, "province": "Hispania Baetica", "country": "Spain", "region": "Córdoba", "miningDistrict": "Córdoba", "romanianRANID": null, "sanchezPalenciaAndOrejasID": null, "domergueID": "CO 116", "spainMapSheet": 902.0, "lambertX": 498.4, "lambertY": 382.5, "latitude": 38.03289831, "longitude": -4.84589638, "coordinateAccuracy": 100.0, "locationDataSource": "Converted in QGIS from Lambert coords, Madrid 1870", "locationNotes": null, "notBeforeOpeningDate": null, "notAfterOpeningDate": null, "notBeforeClosingDate": null, "notAfterClosingDate": null, "inUseDate": null, "metalMinedGold": "FALSE", "metalMinedSilver": 0.0, "metalMinedLead": 0.0, "metalMinedCopper": 1.0, "metalMinedTin": 0.0, "metalMinedIron": 0.0, "metalMinedMercuryCinnabar": 0.0, "metalMinedZinc": 0.0, "metalMinedOther": 0.0, "description": null, "references": "Domergue 1990: 47", "techniqueOpencast": null, "techniqueUnderground": null, "techniqueHydraulic": "FALSE", "techniqueHushing": "FALSE", "techniqueGroundSluicing": "FALSE", "techniqueRuinaMontium": 0.0, "techniqueRakeComb": 0.0, "techniqueGoldWashing": 0.0, "techniqueOther": null, "notes": null, "geology": "Hard rock", "depositType": null, "exploitationType": null, "Flag_Au_Oro": 0, "Status_Au_Oro": "No", "Flag_Ag_Plata": 0, "Status_Ag_Plata": "No", "Flag_Cu_Cobre": 1, "Status_Cu_Cobre": "Confirmado", "Flag_Pb_Plomo": 0, "Status_Pb_Plomo": "No", "Flag_Hg_Cinabrio": 0, "Status_Hg_Cinabrio": "No", "Flag_Sn_Estano": 0, "Status_Sn_Estano": "No", "Flag_Fe_Hierro": 0, "Status_Fe_Hierro": "No", "Tech_Ruina_Montium": 0, "Tech_Subterranea": 0, "Tech_Cielo_Abierto": 0, "Tech_Lavado_Placer": 0, "Certainty_Spatial": 1.0, "Certainty_Archaeological": 0.9, "Certainty_Metallogenic": 1.0, "Certainty_Score": 0.965, "Certainty_Grade": "Alta Certeza (Grado I)" }, "geometry": { "type": "Point", "coordinates": [ -4.84589638, 38.03289831 ] } },
{ "type": "Feature", "properties": { "mineID": 514, "site": "Cerro del Cura", "ancientName": null, "province": "Hispania Baetica", "country": "Spain", "region": "Córdoba", "miningDistrict": "Los Pedroches", "romanianRANID": null, "sanchezPalenciaAndOrejasID": null, "domergueID": "CO 37", "spainMapSheet": 860.0, "lambertX": 528.8, "lambertY": 425.4, "latitude": 38.42267476, "longitude": -4.50392006, "coordinateAccuracy": 100.0, "locationDataSource": "Converted in QGIS from Lambert coords, Madrid 1870", "locationNotes": null, "notBeforeOpeningDate": null, "notAfterOpeningDate": null, "notBeforeClosingDate": null, "notAfterClosingDate": null, "inUseDate": null, "metalMinedGold": "FALSE", "metalMinedSilver": 0.0, "metalMinedLead": 0.0, "metalMinedCopper": 1.0, "metalMinedTin": 0.0, "metalMinedIron": 0.0, "metalMinedMercuryCinnabar": 0.0, "metalMinedZinc": 0.0, "metalMinedOther": 0.0, "description": null, "references": "Domergue 1990: 48", "techniqueOpencast": 0.0, "techniqueUnderground": 1.0, "techniqueHydraulic": "FALSE", "techniqueHushing": "FALSE", "techniqueGroundSluicing": "FALSE", "techniqueRuinaMontium": 0.0, "techniqueRakeComb": 0.0, "techniqueGoldWashing": 0.0, "techniqueOther": 0.0, "notes": null, "geology": "Hard rock", "depositType": "Primary", "exploitationType": null, "Flag_Au_Oro": 0, "Status_Au_Oro": "No", "Flag_Ag_Plata": 0, "Status_Ag_Plata": "No", "Flag_Cu_Cobre": 1, "Status_Cu_Cobre": "Confirmado", "Flag_Pb_Plomo": 0, "Status_Pb_Plomo": "No", "Flag_Hg_Cinabrio": 0, "Status_Hg_Cinabrio": "No", "Flag_Sn_Estano": 0, "Status_Sn_Estano": "No", "Flag_Fe_Hierro": 0, "Status_Fe_Hierro": "No", "Tech_Ruina_Montium": 0, "Tech_Subterranea": 1, "Tech_Cielo_Abierto": 0, "Tech_Lavado_Placer": 0, "Certainty_Spatial": 1.0, "Certainty_Archaeological": 0.9, "Certainty_Metallogenic": 1.0, "Certainty_Score": 0.965, "Certainty_Grade": "Alta Certeza (Grado I)" }, "geometry": { "type": "Point", "coordinates": [ -4.50392006, 38.42267476 ] } },
{ "type": "Feature", "properties": { "mineID": 515, "site": "Cerro del Esparto", "ancientName": null, "province": "Hispania Baetica", "country": "Spain", "region": "Córdoba", "miningDistrict": "Posadas", "romanianRANID": null, "sanchezPalenciaAndOrejasID": null, "domergueID": "CO 71", "spainMapSheet": 921.0, "lambertX": 462.5, "lambertY": 370.0, "latitude": 37.9152865, "longitude": -5.25248305, "coordinateAccuracy": 100.0, "locationDataSource": "Converted in QGIS from Lambert coords, Madrid 1870", "locationNotes": null, "notBeforeOpeningDate": null, "notAfterOpeningDate": null, "notBeforeClosingDate": null, "notAfterClosingDate": null, "inUseDate": null, "metalMinedGold": "FALSE", "metalMinedSilver": 0.0, "metalMinedLead": 0.0, "metalMinedCopper": 1.0, "metalMinedTin": 0.0, "metalMinedIron": 0.0, "metalMinedMercuryCinnabar": 0.0, "metalMinedZinc": 0.0, "metalMinedOther": 0.0, "description": null, "references": "Domergue 1990: 45", "techniqueOpencast": null, "techniqueUnderground": null, "techniqueHydraulic": "FALSE", "techniqueHushing": "FALSE", "techniqueGroundSluicing": "FALSE", "techniqueRuinaMontium": 0.0, "techniqueRakeComb": 0.0, "techniqueGoldWashing": 0.0, "techniqueOther": null, "notes": null, "geology": "Hard rock", "depositType": "Primary", "exploitationType": null, "Flag_Au_Oro": 0, "Status_Au_Oro": "No", "Flag_Ag_Plata": 0, "Status_Ag_Plata": "No", "Flag_Cu_Cobre": 1, "Status_Cu_Cobre": "Confirmado", "Flag_Pb_Plomo": 0, "Status_Pb_Plomo": "No", "Flag_Hg_Cinabrio": 0, "Status_Hg_Cinabrio": "No", "Flag_Sn_Estano": 0, "Status_Sn_Estano": "No", "Flag_Fe_Hierro": 0, "Status_Fe_Hierro": "No", "Tech_Ruina_Montium": 0, "Tech_Subterranea": 0, "Tech_Cielo_Abierto": 0, "Tech_Lavado_Placer": 0, "Certainty_Spatial": 1.0, "Certainty_Archaeological": 0.9, "Certainty_Metallogenic": 1.0, "Certainty_Score": 0.965, "Certainty_Grade": "Alta Certeza (Grado I)" }, "geometry": { "type": "Point", "coordinates": [ -5.25248305, 37.9152865 ] } },
{ "type": "Feature", "properties": { "mineID": 517, "site": "Cerro Minado", "ancientName": null, "province": "Hispania Baetica", "country": "Spain", "region": "Almería", "miningDistrict": "Almería", "romanianRANID": null, "sanchezPalenciaAndOrejasID": null, "domergueID": "AL 6", "spainMapSheet": 996.0, "lambertX": 754.0, "lambertY": 309.3, "latitude": 37.36552808, "longitude": -1.94916604, "coordinateAccuracy": 100.0, "locationDataSource": "Converted in QGIS from Lambert coords, Madrid 1870", "locationNotes": null, "notBeforeOpeningDate": null, "notAfterOpeningDate": null, "notBeforeClosingDate": null, "notAfterClosingDate": null, "inUseDate": null, "metalMinedGold": "FALSE", "metalMinedSilver": 0.0, "metalMinedLead": 0.0, "metalMinedCopper": 1.0, "metalMinedTin": 0.0, "metalMinedIron": 0.0, "metalMinedMercuryCinnabar": 0.0, "metalMinedZinc": 0.0, "metalMinedOther": 0.0, "description": null, "references": "Domergue 1990: 64", "techniqueOpencast": null, "techniqueUnderground": null, "techniqueHydraulic": "FALSE", "techniqueHushing": "FALSE", "techniqueGroundSluicing": "FALSE", "techniqueRuinaMontium": 0.0, "techniqueRakeComb": 0.0, "techniqueGoldWashing": 0.0, "techniqueOther": null, "notes": null, "geology": null, "depositType": null, "exploitationType": null, "Flag_Au_Oro": 0, "Status_Au_Oro": "No", "Flag_Ag_Plata": 0, "Status_Ag_Plata": "No", "Flag_Cu_Cobre": 1, "Status_Cu_Cobre": "Confirmado", "Flag_Pb_Plomo": 0, "Status_Pb_Plomo": "No", "Flag_Hg_Cinabrio": 0, "Status_Hg_Cinabrio": "No", "Flag_Sn_Estano": 0, "Status_Sn_Estano": "No", "Flag_Fe_Hierro": 0, "Status_Fe_Hierro": "No", "Tech_Ruina_Montium": 0, "Tech_Subterranea": 0, "Tech_Cielo_Abierto": 0, "Tech_Lavado_Placer": 0, "Certainty_Spatial": 1.0, "Certainty_Archaeological": 0.9, "Certainty_Metallogenic": 1.0, "Certainty_Score": 0.965, "Certainty_Grade": "Alta Certeza (Grado I)" }, "geometry": { "type": "Point", "coordinates": [ -1.94916604, 37.36552808 ] } },
{ "type": "Feature", "properties": { "mineID": 518, "site": "Cerro Muriano", "ancientName": null, "province": "Hispania Baetica", "country": "Spain", "region": "Córdoba", "miningDistrict": "Córdoba", "romanianRANID": null, "sanchezPalenciaAndOrejasID": null, "domergueID": "CO 39", "spainMapSheet": 902.0, "lambertX": 504.2, "lambertY": 379.3, "latitude": 38.00471301, "longitude": -4.77935278, "coordinateAccuracy": 100.0, "locationDataSource": "Converted in QGIS from Lambert coords, Madrid 1870", "locationNotes": null, "notBeforeOpeningDate": null, "notAfterOpeningDate": null, "notBeforeClosingDate": null, "notAfterClosingDate": null, "inUseDate": null, "metalMinedGold": "FALSE", "metalMinedSilver": 0.0, "metalMinedLead": 0.0, "metalMinedCopper": 1.0, "metalMinedTin": 0.0, "metalMinedIron": 0.0, "metalMinedMercuryCinnabar": 0.0, "metalMinedZinc": 0.0, "metalMinedOther": 0.0, "description": null, "references": "Domergue 1990: 47", "techniqueOpencast": 0.0, "techniqueUnderground": 1.0, "techniqueHydraulic": "FALSE", "techniqueHushing": "FALSE", "techniqueGroundSluicing": "FALSE", "techniqueRuinaMontium": 0.0, "techniqueRakeComb": 0.0, "techniqueGoldWashing": 0.0, "techniqueOther": 0.0, "notes": null, "geology": "Hard rock", "depositType": null, "exploitationType": null, "Flag_Au_Oro": 0, "Status_Au_Oro": "No", "Flag_Ag_Plata": 0, "Status_Ag_Plata": "No", "Flag_Cu_Cobre": 1, "Status_Cu_Cobre": "Confirmado", "Flag_Pb_Plomo": 0, "Status_Pb_Plomo": "No", "Flag_Hg_Cinabrio": 0, "Status_Hg_Cinabrio": "No", "Flag_Sn_Estano": 0, "Status_Sn_Estano": "No", "Flag_Fe_Hierro": 0, "Status_Fe_Hierro": "No", "Tech_Ruina_Montium": 0, "Tech_Subterranea": 1, "Tech_Cielo_Abierto": 0, "Tech_Lavado_Placer": 0, "Certainty_Spatial": 1.0, "Certainty_Archaeological": 0.9, "Certainty_Metallogenic": 1.0, "Certainty_Score": 0.965, "Certainty_Grade": "Alta Certeza (Grado I)" }, "geometry": { "type": "Point", "coordinates": [ -4.77935278, 38.00471301 ] } },
{ "type": "Feature", "properties": { "mineID": 527, "site": "Chaparro Barrenado", "ancientName": null, "province": "Hispania Baetica", "country": "Spain", "region": "Córdoba", "miningDistrict": "Los Pedroches", "romanianRANID": null, "sanchezPalenciaAndOrejasID": null, "domergueID": "CO 4", "spainMapSheet": 880.0, "lambertX": 493.5, "lambertY": 415.2, "latitude": 38.32708502, "longitude": -4.90683199, "coordinateAccuracy": 100.0, "locationDataSource": "Converted in QGIS from Lambert coords, Madrid 1870", "locationNotes": null, "notBeforeOpeningDate": null, "notAfterOpeningDate": null, "notBeforeClosingDate": null, "notAfterClosingDate": null, "inUseDate": null, "metalMinedGold": "FALSE", "metalMinedSilver": 1.0, "metalMinedLead": 1.0, "metalMinedCopper": 1.0, "metalMinedTin": 0.0, "metalMinedIron": 0.0, "metalMinedMercuryCinnabar": 0.0, "metalMinedZinc": 0.0, "metalMinedOther": 0.0, "description": null, "references": "Domergue 1990: 48", "techniqueOpencast": 0.0, "techniqueUnderground": 1.0, "techniqueHydraulic": "FALSE", "techniqueHushing": "FALSE", "techniqueGroundSluicing": "FALSE", "techniqueRuinaMontium": 0.0, "techniqueRakeComb": 0.0, "techniqueGoldWashing": 0.0, "techniqueOther": 0.0, "notes": null, "geology": "Hard rock", "depositType": "Primary", "exploitationType": null, "Flag_Au_Oro": 0, "Status_Au_Oro": "No", "Flag_Ag_Plata": 1, "Status_Ag_Plata": "Confirmado", "Flag_Cu_Cobre": 1, "Status_Cu_Cobre": "Confirmado", "Flag_Pb_Plomo": 1, "Status_Pb_Plomo": "Confirmado", "Flag_Hg_Cinabrio": 0, "Status_Hg_Cinabrio": "No", "Flag_Sn_Estano": 0, "Status_Sn_Estano": "No", "Flag_Fe_Hierro": 0, "Status_Fe_Hierro": "No", "Tech_Ruina_Montium": 0, "Tech_Subterranea": 1, "Tech_Cielo_Abierto": 0, "Tech_Lavado_Placer": 0, "Certainty_Spatial": 1.0, "Certainty_Archaeological": 0.9, "Certainty_Metallogenic": 1.0, "Certainty_Score": 0.965, "Certainty_Grade": "Alta Certeza (Grado I)" }, "geometry": { "type": "Point", "coordinates": [ -4.90683199, 38.32708502 ] } },
{ "type": "Feature", "properties": { "mineID": 529, "site": "Chinflón", "ancientName": null, "province": "Hispania Baetica", "country": "Spain", "region": "Huelva", "miningDistrict": "Huelva", "romanianRANID": null, "sanchezPalenciaAndOrejasID": null, "domergueID": "H 50", "spainMapSheet": 960.0, "lambertX": 339.4, "lambertY": 339.8, "latitude": 37.61503519, "longitude": -6.64101067, "coordinateAccuracy": 100.0, "locationDataSource": "Converted in QGIS from Lambert coords, Madrid 1870", "locationNotes": null, "notBeforeOpeningDate": null, "notAfterOpeningDate": null, "notBeforeClosingDate": null, "notAfterClosingDate": null, "inUseDate": null, "metalMinedGold": "FALSE", "metalMinedSilver": 0.0, "metalMinedLead": 0.0, "metalMinedCopper": 1.0, "metalMinedTin": 0.0, "metalMinedIron": 0.0, "metalMinedMercuryCinnabar": 0.0, "metalMinedZinc": 0.0, "metalMinedOther": 0.0, "description": null, "references": "Domergue 1990: 61", "techniqueOpencast": null, "techniqueUnderground": null, "techniqueHydraulic": "FALSE", "techniqueHushing": "FALSE", "techniqueGroundSluicing": "FALSE", "techniqueRuinaMontium": 0.0, "techniqueRakeComb": 0.0, "techniqueGoldWashing": 0.0, "techniqueOther": null, "notes": null, "geology": "Pyrite", "depositType": "Primary", "exploitationType": null, "Flag_Au_Oro": 0, "Status_Au_Oro": "No", "Flag_Ag_Plata": 0, "Status_Ag_Plata": "No", "Flag_Cu_Cobre": 1, "Status_Cu_Cobre": "Confirmado", "Flag_Pb_Plomo": 0, "Status_Pb_Plomo": "No", "Flag_Hg_Cinabrio": 0, "Status_Hg_Cinabrio": "No", "Flag_Sn_Estano": 0, "Status_Sn_Estano": "No", "Flag_Fe_Hierro": 0, "Status_Fe_Hierro": "No", "Tech_Ruina_Montium": 0, "Tech_Subterranea": 0, "Tech_Cielo_Abierto": 0, "Tech_Lavado_Placer": 0, "Certainty_Spatial": 1.0, "Certainty_Archaeological": 0.9, "Certainty_Metallogenic": 1.0, "Certainty_Score": 0.965, "Certainty_Grade": "Alta Certeza (Grado I)" }, "geometry": { "type": "Point", "coordinates": [ -6.64101067, 37.61503519 ] } },
{ "type": "Feature", "properties": { "mineID": 532, "site": "Cobas de Fornas", "ancientName": null, "province": "Hispania Tarraconensis", "country": "Spain", "region": "La Coruña", "miningDistrict": "Galicia", "romanianRANID": null, "sanchezPalenciaAndOrejasID": null, "domergueID": "C 8", "spainMapSheet": 95.0, "lambertX": 207.9, "lambertY": 927.0, "latitude": 42.85145789, "longitude": -8.48684587, "coordinateAccuracy": 100.0, "locationDataSource": "Converted in QGIS from Lambert coords, Madrid 1870", "locationNotes": null, "notBeforeOpeningDate": null, "notAfterOpeningDate": null, "notBeforeClosingDate": null, "notAfterClosingDate": null, "inUseDate": null, "metalMinedGold": "FALSE", "metalMinedSilver": 0.0, "metalMinedLead": 0.0, "metalMinedCopper": 1.0, "metalMinedTin": 0.0, "metalMinedIron": 0.0, "metalMinedMercuryCinnabar": 0.0, "metalMinedZinc": 0.0, "metalMinedOther": 0.0, "description": null, "references": "Domergue 1990: 41", "techniqueOpencast": null, "techniqueUnderground": null, "techniqueHydraulic": "FALSE", "techniqueHushing": "FALSE", "techniqueGroundSluicing": "FALSE", "techniqueRuinaMontium": 0.0, "techniqueRakeComb": 0.0, "techniqueGoldWashing": 0.0, "techniqueOther": null, "notes": null, "geology": "Hard rock", "depositType": null, "exploitationType": null, "Flag_Au_Oro": 0, "Status_Au_Oro": "No", "Flag_Ag_Plata": 0, "Status_Ag_Plata": "No", "Flag_Cu_Cobre": 1, "Status_Cu_Cobre": "Confirmado", "Flag_Pb_Plomo": 0, "Status_Pb_Plomo": "No", "Flag_Hg_Cinabrio": 0, "Status_Hg_Cinabrio": "No", "Flag_Sn_Estano": 0, "Status_Sn_Estano": "No", "Flag_Fe_Hierro": 0, "Status_Fe_Hierro": "No", "Tech_Ruina_Montium": 0, "Tech_Subterranea": 0, "Tech_Cielo_Abierto": 0, "Tech_Lavado_Placer": 0, "Certainty_Spatial": 1.0, "Certainty_Archaeological": 0.9, "Certainty_Metallogenic": 1.0, "Certainty_Score": 0.965, "Certainty_Grade": "Alta Certeza (Grado I)" }, "geometry": { "type": "Point", "coordinates": [ -8.48684587, 42.85145789 ] } },
{ "type": "Feature", "properties": { "mineID": 539, "site": "Colmenarejo", "ancientName": null, "province": "Hispania Tarraconensis", "country": "Spain", "region": "Madrid", "miningDistrict": null, "romanianRANID": null, "sanchezPalenciaAndOrejasID": null, "domergueID": "M 1", "spainMapSheet": 533.0, "lambertX": 574.0, "lambertY": 658.5, "latitude": 40.52705831, "longitude": -3.995123268, "coordinateAccuracy": 100.0, "locationDataSource": "Converted in QGIS from Lambert coords, Madrid 1870", "locationNotes": null, "notBeforeOpeningDate": null, "notAfterOpeningDate": null, "notBeforeClosingDate": null, "notAfterClosingDate": null, "inUseDate": null, "metalMinedGold": "FALSE", "metalMinedSilver": 0.0, "metalMinedLead": 0.0, "metalMinedCopper": 1.0, "metalMinedTin": 0.0, "metalMinedIron": 0.0, "metalMinedMercuryCinnabar": 0.0, "metalMinedZinc": 0.0, "metalMinedOther": 0.0, "description": null, "references": "Domergue 1990: 64", "techniqueOpencast": 0.0, "techniqueUnderground": 1.0, "techniqueHydraulic": "FALSE", "techniqueHushing": "FALSE", "techniqueGroundSluicing": "FALSE", "techniqueRuinaMontium": 0.0, "techniqueRakeComb": 0.0, "techniqueGoldWashing": 0.0, "techniqueOther": 0.0, "notes": null, "geology": null, "depositType": null, "exploitationType": null, "Flag_Au_Oro": 0, "Status_Au_Oro": "No", "Flag_Ag_Plata": 0, "Status_Ag_Plata": "No", "Flag_Cu_Cobre": 1, "Status_Cu_Cobre": "Confirmado", "Flag_Pb_Plomo": 0, "Status_Pb_Plomo": "No", "Flag_Hg_Cinabrio": 0, "Status_Hg_Cinabrio": "No", "Flag_Sn_Estano": 0, "Status_Sn_Estano": "No", "Flag_Fe_Hierro": 0, "Status_Fe_Hierro": "No", "Tech_Ruina_Montium": 0, "Tech_Subterranea": 1, "Tech_Cielo_Abierto": 0, "Tech_Lavado_Placer": 0, "Certainty_Spatial": 1.0, "Certainty_Archaeological": 0.9, "Certainty_Metallogenic": 1.0, "Certainty_Score": 0.965, "Certainty_Grade": "Alta Certeza (Grado I)" }, "geometry": { "type": "Point", "coordinates": [ -3.995123268, 40.52705831 ] } },
{ "type": "Feature", "properties": { "mineID": 542, "site": "Concepción", "ancientName": null, "province": "Hispania Baetica", "country": "Spain", "region": "Huelva", "miningDistrict": "Huelva", "romanianRANID": null, "sanchezPalenciaAndOrejasID": null, "domergueID": "H 6", "spainMapSheet": 938.0, "lambertX": 337.0, "lambertY": 357.3, "latitude": 37.77196159, "longitude": -6.67482944, "coordinateAccuracy": 100.0, "locationDataSource": "Converted in QGIS from Lambert coords, Madrid 1870", "locationNotes": null, "notBeforeOpeningDate": null, "notAfterOpeningDate": null, "notBeforeClosingDate": null, "notAfterClosingDate": null, "inUseDate": null, "metalMinedGold": "FALSE", "metalMinedSilver": 0.0, "metalMinedLead": 0.0, "metalMinedCopper": 1.0, "metalMinedTin": 0.0, "metalMinedIron": 0.0, "metalMinedMercuryCinnabar": 0.0, "metalMinedZinc": 0.0, "metalMinedOther": 0.0, "description": null, "references": "Domergue 1990: 62", "techniqueOpencast": 0.0, "techniqueUnderground": 1.0, "techniqueHydraulic": "FALSE", "techniqueHushing": "FALSE", "techniqueGroundSluicing": "FALSE", "techniqueRuinaMontium": 0.0, "techniqueRakeComb": 0.0, "techniqueGoldWashing": 0.0, "techniqueOther": 0.0, "notes": null, "geology": "Pyrite", "depositType": "Primary", "exploitationType": null, "Flag_Au_Oro": 0, "Status_Au_Oro": "No", "Flag_Ag_Plata": 0, "Status_Ag_Plata": "No", "Flag_Cu_Cobre": 1, "Status_Cu_Cobre": "Confirmado", "Flag_Pb_Plomo": 0, "Status_Pb_Plomo": "No", "Flag_Hg_Cinabrio": 0, "Status_Hg_Cinabrio": "No", "Flag_Sn_Estano": 0, "Status_Sn_Estano": "No", "Flag_Fe_Hierro": 0, "Status_Fe_Hierro": "No", "Tech_Ruina_Montium": 0, "Tech_Subterranea": 1, "Tech_Cielo_Abierto": 0, "Tech_Lavado_Placer": 0, "Certainty_Spatial": 1.0, "Certainty_Archaeological": 0.9, "Certainty_Metallogenic": 1.0, "Certainty_Score": 0.965, "Certainty_Grade": "Alta Certeza (Grado I)" }, "geometry": { "type": "Point", "coordinates": [ -6.67482944, 37.77196159 ] } },
{ "type": "Feature", "properties": { "mineID": 557, "site": "Cortijo de Peralbo", "ancientName": null, "province": "Hispania Baetica", "country": "Spain", "region": "Córdoba", "miningDistrict": "Los Pedroches", "romanianRANID": null, "sanchezPalenciaAndOrejasID": null, "domergueID": "CO 49", "spainMapSheet": 859.0, "lambertX": 501.2, "lambertY": 424.1, "latitude": 38.40823539, "longitude": -4.82000889, "coordinateAccuracy": 100.0, "locationDataSource": "Converted in QGIS from Lambert coords, Madrid 1870", "locationNotes": null, "notBeforeOpeningDate": null, "notAfterOpeningDate": null, "notBeforeClosingDate": null, "notAfterClosingDate": null, "inUseDate": null, "metalMinedGold": "FALSE", "metalMinedSilver": 0.0, "metalMinedLead": 0.0, "metalMinedCopper": 1.0, "metalMinedTin": 0.0, "metalMinedIron": 0.0, "metalMinedMercuryCinnabar": 0.0, "metalMinedZinc": 0.0, "metalMinedOther": 0.0, "description": null, "references": "Domergue 1990: 48", "techniqueOpencast": null, "techniqueUnderground": null, "techniqueHydraulic": "FALSE", "techniqueHushing": "FALSE", "techniqueGroundSluicing": "FALSE", "techniqueRuinaMontium": 0.0, "techniqueRakeComb": 0.0, "techniqueGoldWashing": 0.0, "techniqueOther": null, "notes": null, "geology": "Hard rock", "depositType": "Primary", "exploitationType": null, "Flag_Au_Oro": 0, "Status_Au_Oro": "No", "Flag_Ag_Plata": 0, "Status_Ag_Plata": "No", "Flag_Cu_Cobre": 1, "Status_Cu_Cobre": "Confirmado", "Flag_Pb_Plomo": 0, "Status_Pb_Plomo": "No", "Flag_Hg_Cinabrio": 0, "Status_Hg_Cinabrio": "No", "Flag_Sn_Estano": 0, "Status_Sn_Estano": "No", "Flag_Fe_Hierro": 0, "Status_Fe_Hierro": "No", "Tech_Ruina_Montium": 0, "Tech_Subterranea": 0, "Tech_Cielo_Abierto": 0, "Tech_Lavado_Placer": 0, "Certainty_Spatial": 1.0, "Certainty_Archaeological": 0.9, "Certainty_Metallogenic": 1.0, "Certainty_Score": 0.965, "Certainty_Grade": "Alta Certeza (Grado I)" }, "geometry": { "type": "Point", "coordinates": [ -4.82000889, 38.40823539 ] } },
{ "type": "Feature", "properties": { "mineID": 563, "site": "Covas / Covarradeiras", "ancientName": null, "province": "Hispania Tarraconensis", "country": "Spain", "region": "La Coruña", "miningDistrict": "Zona de Prior y Valdoviños", "romanianRANID": null, "sanchezPalenciaAndOrejasID": "PV-01", "domergueID": "C 5", "spainMapSheet": 21.0, "lambertX": 229.6, "lambertY": 1003.2, "latitude": 43.54639773, "longitude": -8.2696313, "coordinateAccuracy": 100.0, "locationDataSource": "Converted in QGIS from Lambert coords, Madrid 1870", "locationNotes": null, "notBeforeOpeningDate": null, "notAfterOpeningDate": null, "notBeforeClosingDate": null, "notAfterClosingDate": null, "inUseDate": null, "metalMinedGold": "?", "metalMinedSilver": 0.0, "metalMinedLead": 0.0, "metalMinedCopper": 1.0, "metalMinedTin": 0.0, "metalMinedIron": 0.0, "metalMinedMercuryCinnabar": 0.0, "metalMinedZinc": 0.0, "metalMinedOther": 0.0, "description": null, "references": "Domergue 1990: 41; Sanchez-Palencia and Orejas 1994, 201", "techniqueOpencast": null, "techniqueUnderground": null, "techniqueHydraulic": null, "techniqueHushing": null, "techniqueGroundSluicing": null, "techniqueRuinaMontium": null, "techniqueRakeComb": null, "techniqueGoldWashing": null, "techniqueOther": null, "notes": null, "geology": "Hard rock", "depositType": "Primary", "exploitationType": "Selective", "Flag_Au_Oro": 1, "Status_Au_Oro": "Hipotetico", "Flag_Ag_Plata": 0, "Status_Ag_Plata": "No", "Flag_Cu_Cobre": 1, "Status_Cu_Cobre": "Confirmado", "Flag_Pb_Plomo": 0, "Status_Pb_Plomo": "No", "Flag_Hg_Cinabrio": 0, "Status_Hg_Cinabrio": "No", "Flag_Sn_Estano": 0, "Status_Sn_Estano": "No", "Flag_Fe_Hierro": 0, "Status_Fe_Hierro": "No", "Tech_Ruina_Montium": 0, "Tech_Subterranea": 0, "Tech_Cielo_Abierto": 0, "Tech_Lavado_Placer": 0, "Certainty_Spatial": 1.0, "Certainty_Archaeological": 1.0, "Certainty_Metallogenic": 1.0, "Certainty_Score": 1.0, "Certainty_Grade": "Alta Certeza (Grado I)" }, "geometry": { "type": "Point", "coordinates": [ -8.2696313, 43.54639773 ] } },
{ "type": "Feature", "properties": { "mineID": 566, "site": "Cruz de la Curiaoz", "ancientName": null, "province": "Hispania Baetica", "country": "Spain", "region": "Córdoba", "miningDistrict": "Los Pedroches", "romanianRANID": null, "sanchezPalenciaAndOrejasID": null, "domergueID": "CO 103", "spainMapSheet": 859.0, "lambertX": 513.4, "lambertY": 425.4, "latitude": 38.42126628, "longitude": -4.68039707, "coordinateAccuracy": 100.0, "locationDataSource": "Converted in QGIS from Lambert coords, Madrid 1870", "locationNotes": null, "notBeforeOpeningDate": null, "notAfterOpeningDate": null, "notBeforeClosingDate": null, "notAfterClosingDate": null, "inUseDate": null, "metalMinedGold": "FALSE", "metalMinedSilver": 0.0, "metalMinedLead": 0.0, "metalMinedCopper": 1.0, "metalMinedTin": 0.0, "metalMinedIron": 0.0, "metalMinedMercuryCinnabar": 0.0, "metalMinedZinc": 0.0, "metalMinedOther": 0.0, "description": null, "references": "Domergue 1990: 48", "techniqueOpencast": null, "techniqueUnderground": null, "techniqueHydraulic": "FALSE", "techniqueHushing": "FALSE", "techniqueGroundSluicing": "FALSE", "techniqueRuinaMontium": 0.0, "techniqueRakeComb": 0.0, "techniqueGoldWashing": 0.0, "techniqueOther": null, "notes": null, "geology": "Hard rock", "depositType": "Primary", "exploitationType": null, "Flag_Au_Oro": 0, "Status_Au_Oro": "No", "Flag_Ag_Plata": 0, "Status_Ag_Plata": "No", "Flag_Cu_Cobre": 1, "Status_Cu_Cobre": "Confirmado", "Flag_Pb_Plomo": 0, "Status_Pb_Plomo": "No", "Flag_Hg_Cinabrio": 0, "Status_Hg_Cinabrio": "No", "Flag_Sn_Estano": 0, "Status_Sn_Estano": "No", "Flag_Fe_Hierro": 0, "Status_Fe_Hierro": "No", "Tech_Ruina_Montium": 0, "Tech_Subterranea": 0, "Tech_Cielo_Abierto": 0, "Tech_Lavado_Placer": 0, "Certainty_Spatial": 1.0, "Certainty_Archaeological": 0.9, "Certainty_Metallogenic": 1.0, "Certainty_Score": 0.965, "Certainty_Grade": "Alta Certeza (Grado I)" }, "geometry": { "type": "Point", "coordinates": [ -4.68039707, 38.42126628 ] } },
{ "type": "Feature", "properties": { "mineID": 571, "site": "Cuesta de Romo", "ancientName": null, "province": "Hispania Baetica", "country": "Spain", "region": "Córdoba", "miningDistrict": "Los Pedroches", "romanianRANID": null, "sanchezPalenciaAndOrejasID": null, "domergueID": "CO 90", "spainMapSheet": 859.0, "lambertX": 501.7, "lambertY": 420.0, "latitude": 38.37132984, "longitude": -4.81368711, "coordinateAccuracy": 100.0, "locationDataSource": "Converted in QGIS from Lambert coords, Madrid 1870", "locationNotes": null, "notBeforeOpeningDate": null, "notAfterOpeningDate": null, "notBeforeClosingDate": null, "notAfterClosingDate": null, "inUseDate": null, "metalMinedGold": "FALSE", "metalMinedSilver": 0.0, "metalMinedLead": 0.0, "metalMinedCopper": 1.0, "metalMinedTin": 0.0, "metalMinedIron": 0.0, "metalMinedMercuryCinnabar": 0.0, "metalMinedZinc": 0.0, "metalMinedOther": 0.0, "description": null, "references": "Domergue 1990: 48", "techniqueOpencast": null, "techniqueUnderground": null, "techniqueHydraulic": "FALSE", "techniqueHushing": "FALSE", "techniqueGroundSluicing": "FALSE", "techniqueRuinaMontium": 0.0, "techniqueRakeComb": 0.0, "techniqueGoldWashing": 0.0, "techniqueOther": null, "notes": null, "geology": "Hard rock", "depositType": "Primary", "exploitationType": null, "Flag_Au_Oro": 0, "Status_Au_Oro": "No", "Flag_Ag_Plata": 0, "Status_Ag_Plata": "No", "Flag_Cu_Cobre": 1, "Status_Cu_Cobre": "Confirmado", "Flag_Pb_Plomo": 0, "Status_Pb_Plomo": "No", "Flag_Hg_Cinabrio": 0, "Status_Hg_Cinabrio": "No", "Flag_Sn_Estano": 0, "Status_Sn_Estano": "No", "Flag_Fe_Hierro": 0, "Status_Fe_Hierro": "No", "Tech_Ruina_Montium": 0, "Tech_Subterranea": 0, "Tech_Cielo_Abierto": 0, "Tech_Lavado_Placer": 0, "Certainty_Spatial": 1.0, "Certainty_Archaeological": 0.9, "Certainty_Metallogenic": 1.0, "Certainty_Score": 0.965, "Certainty_Grade": "Alta Certeza (Grado I)" }, "geometry": { "type": "Point", "coordinates": [ -4.81368711, 38.37132984 ] } },
{ "type": "Feature", "properties": { "mineID": 573, "site": "Cueva de la Lapa", "ancientName": null, "province": "Hispania Baetica", "country": "Spain", "region": "Huelva", "miningDistrict": "Picos de Aroche", "romanianRANID": null, "sanchezPalenciaAndOrejasID": null, "domergueID": "H 32", "spainMapSheet": 895.0, "lambertX": 316.3, "lambertY": 396.7, "latitude": 38.12040179, "longitude": -6.92596891, "coordinateAccuracy": 100.0, "locationDataSource": "Converted in QGIS from Lambert coords, Madrid 1870", "locationNotes": null, "notBeforeOpeningDate": null, "notAfterOpeningDate": null, "notBeforeClosingDate": null, "notAfterClosingDate": null, "inUseDate": null, "metalMinedGold": "FALSE", "metalMinedSilver": 0.0, "metalMinedLead": 0.0, "metalMinedCopper": 1.0, "metalMinedTin": 0.0, "metalMinedIron": 0.0, "metalMinedMercuryCinnabar": 0.0, "metalMinedZinc": 0.0, "metalMinedOther": 0.0, "description": null, "references": "Domergue 1990: 61", "techniqueOpencast": null, "techniqueUnderground": null, "techniqueHydraulic": "FALSE", "techniqueHushing": "FALSE", "techniqueGroundSluicing": "FALSE", "techniqueRuinaMontium": 0.0, "techniqueRakeComb": 0.0, "techniqueGoldWashing": 0.0, "techniqueOther": null, "notes": null, "geology": "Hard rock", "depositType": "Primary", "exploitationType": null, "Flag_Au_Oro": 0, "Status_Au_Oro": "No", "Flag_Ag_Plata": 0, "Status_Ag_Plata": "No", "Flag_Cu_Cobre": 1, "Status_Cu_Cobre": "Confirmado", "Flag_Pb_Plomo": 0, "Status_Pb_Plomo": "No", "Flag_Hg_Cinabrio": 0, "Status_Hg_Cinabrio": "No", "Flag_Sn_Estano": 0, "Status_Sn_Estano": "No", "Flag_Fe_Hierro": 0, "Status_Fe_Hierro": "No", "Tech_Ruina_Montium": 0, "Tech_Subterranea": 0, "Tech_Cielo_Abierto": 0, "Tech_Lavado_Placer": 0, "Certainty_Spatial": 1.0, "Certainty_Archaeological": 0.9, "Certainty_Metallogenic": 1.0, "Certainty_Score": 0.965, "Certainty_Grade": "Alta Certeza (Grado I)" }, "geometry": { "type": "Point", "coordinates": [ -6.92596891, 38.12040179 ] } },
{ "type": "Feature", "properties": { "mineID": 574, "site": "Cueva de la Mora", "ancientName": null, "province": "Hispania Baetica", "country": "Spain", "region": "Huelva", "miningDistrict": "Huelva", "romanianRANID": null, "sanchezPalenciaAndOrejasID": null, "domergueID": "H 2", "spainMapSheet": 938.0, "lambertX": 324.2, "lambertY": 358.9, "latitude": 37.78241534, "longitude": -6.82072052, "coordinateAccuracy": 100.0, "locationDataSource": "Converted in QGIS from Lambert coords, Madrid 1870", "locationNotes": null, "notBeforeOpeningDate": null, "notAfterOpeningDate": null, "notBeforeClosingDate": null, "notAfterClosingDate": null, "inUseDate": null, "metalMinedGold": "FALSE", "metalMinedSilver": 1.0, "metalMinedLead": 0.0, "metalMinedCopper": 1.0, "metalMinedTin": 0.0, "metalMinedIron": 0.0, "metalMinedMercuryCinnabar": 0.0, "metalMinedZinc": 0.0, "metalMinedOther": 0.0, "description": null, "references": "Domergue 1990: 62", "techniqueOpencast": null, "techniqueUnderground": null, "techniqueHydraulic": "FALSE", "techniqueHushing": "FALSE", "techniqueGroundSluicing": "FALSE", "techniqueRuinaMontium": 0.0, "techniqueRakeComb": 0.0, "techniqueGoldWashing": 0.0, "techniqueOther": null, "notes": null, "geology": "Pyrite", "depositType": "Primary", "exploitationType": null, "Flag_Au_Oro": 0, "Status_Au_Oro": "No", "Flag_Ag_Plata": 1, "Status_Ag_Plata": "Confirmado", "Flag_Cu_Cobre": 1, "Status_Cu_Cobre": "Confirmado", "Flag_Pb_Plomo": 0, "Status_Pb_Plomo": "No", "Flag_Hg_Cinabrio": 0, "Status_Hg_Cinabrio": "No", "Flag_Sn_Estano": 0, "Status_Sn_Estano": "No", "Flag_Fe_Hierro": 0, "Status_Fe_Hierro": "No", "Tech_Ruina_Montium": 0, "Tech_Subterranea": 0, "Tech_Cielo_Abierto": 0, "Tech_Lavado_Placer": 0, "Certainty_Spatial": 1.0, "Certainty_Archaeological": 0.9, "Certainty_Metallogenic": 1.0, "Certainty_Score": 0.965, "Certainty_Grade": "Alta Certeza (Grado I)" }, "geometry": { "type": "Point", "coordinates": [ -6.82072052, 37.78241534 ] } },
{ "type": "Feature", "properties": { "mineID": 575, "site": "Cueva de la Paloma", "ancientName": null, "province": "Hispania Baetica", "country": "Spain", "region": "Almería", "miningDistrict": "Almería", "romanianRANID": null, "sanchezPalenciaAndOrejasID": null, "domergueID": "AL 5", "spainMapSheet": 995.0, "lambertX": 709.9, "lambertY": 305.4, "latitude": 37.33702823, "longitude": -2.44762284, "coordinateAccuracy": 100.0, "locationDataSource": "Converted in QGIS from Lambert coords, Madrid 1870", "locationNotes": null, "notBeforeOpeningDate": null, "notAfterOpeningDate": null, "notBeforeClosingDate": null, "notAfterClosingDate": null, "inUseDate": null, "metalMinedGold": "FALSE", "metalMinedSilver": 0.0, "metalMinedLead": 0.0, "metalMinedCopper": 1.0, "metalMinedTin": 0.0, "metalMinedIron": 0.0, "metalMinedMercuryCinnabar": 0.0, "metalMinedZinc": 0.0, "metalMinedOther": 0.0, "description": null, "references": "Domergue 1990: 64", "techniqueOpencast": null, "techniqueUnderground": null, "techniqueHydraulic": "FALSE", "techniqueHushing": "FALSE", "techniqueGroundSluicing": "FALSE", "techniqueRuinaMontium": 0.0, "techniqueRakeComb": 0.0, "techniqueGoldWashing": 0.0, "techniqueOther": null, "notes": null, "geology": null, "depositType": null, "exploitationType": null, "Flag_Au_Oro": 0, "Status_Au_Oro": "No", "Flag_Ag_Plata": 0, "Status_Ag_Plata": "No", "Flag_Cu_Cobre": 1, "Status_Cu_Cobre": "Confirmado", "Flag_Pb_Plomo": 0, "Status_Pb_Plomo": "No", "Flag_Hg_Cinabrio": 0, "Status_Hg_Cinabrio": "No", "Flag_Sn_Estano": 0, "Status_Sn_Estano": "No", "Flag_Fe_Hierro": 0, "Status_Fe_Hierro": "No", "Tech_Ruina_Montium": 0, "Tech_Subterranea": 0, "Tech_Cielo_Abierto": 0, "Tech_Lavado_Placer": 0, "Certainty_Spatial": 1.0, "Certainty_Archaeological": 0.9, "Certainty_Metallogenic": 1.0, "Certainty_Score": 0.965, "Certainty_Grade": "Alta Certeza (Grado I)" }, "geometry": { "type": "Point", "coordinates": [ -2.44762284, 37.33702823 ] } },
{ "type": "Feature", "properties": { "mineID": 578, "site": "Cueva del Monje", "ancientName": null, "province": "Hispania Baetica", "country": "Spain", "region": "Huelva", "miningDistrict": "Huelva", "romanianRANID": null, "sanchezPalenciaAndOrejasID": null, "domergueID": "H 35", "spainMapSheet": 961.0, "lambertX": 354.5, "lambertY": 327.9, "latitude": 37.51221271, "longitude": -6.46581346, "coordinateAccuracy": 100.0, "locationDataSource": "Converted in QGIS from Lambert coords, Madrid 1870", "locationNotes": null, "notBeforeOpeningDate": null, "notAfterOpeningDate": null, "notBeforeClosingDate": null, "notAfterClosingDate": null, "inUseDate": null, "metalMinedGold": "FALSE", "metalMinedSilver": 0.0, "metalMinedLead": 0.0, "metalMinedCopper": 1.0, "metalMinedTin": 0.0, "metalMinedIron": 0.0, "metalMinedMercuryCinnabar": 0.0, "metalMinedZinc": 0.0, "metalMinedOther": 0.0, "description": null, "references": "Domergue 1990: 61", "techniqueOpencast": null, "techniqueUnderground": null, "techniqueHydraulic": "FALSE", "techniqueHushing": "FALSE", "techniqueGroundSluicing": "FALSE", "techniqueRuinaMontium": 0.0, "techniqueRakeComb": 0.0, "techniqueGoldWashing": 0.0, "techniqueOther": null, "notes": null, "geology": "Pyrite", "depositType": "Primary", "exploitationType": null, "Flag_Au_Oro": 0, "Status_Au_Oro": "No", "Flag_Ag_Plata": 0, "Status_Ag_Plata": "No", "Flag_Cu_Cobre": 1, "Status_Cu_Cobre": "Confirmado", "Flag_Pb_Plomo": 0, "Status_Pb_Plomo": "No", "Flag_Hg_Cinabrio": 0, "Status_Hg_Cinabrio": "No", "Flag_Sn_Estano": 0, "Status_Sn_Estano": "No", "Flag_Fe_Hierro": 0, "Status_Fe_Hierro": "No", "Tech_Ruina_Montium": 0, "Tech_Subterranea": 0, "Tech_Cielo_Abierto": 0, "Tech_Lavado_Placer": 0, "Certainty_Spatial": 1.0, "Certainty_Archaeological": 0.9, "Certainty_Metallogenic": 1.0, "Certainty_Score": 0.965, "Certainty_Grade": "Alta Certeza (Grado I)" }, "geometry": { "type": "Point", "coordinates": [ -6.46581346, 37.51221271 ] } },
{ "type": "Feature", "properties": { "mineID": 580, "site": "Dehesa Boyal", "ancientName": null, "province": "Hispania Baetica", "country": "Spain", "region": "Córdoba", "miningDistrict": "Los Pedroches", "romanianRANID": null, "sanchezPalenciaAndOrejasID": null, "domergueID": "CO 91", "spainMapSheet": 859.0, "lambertX": 500.7, "lambertY": 417.4, "latitude": 38.34777592, "longitude": -4.82475832, "coordinateAccuracy": 100.0, "locationDataSource": "Converted in QGIS from Lambert coords, Madrid 1870", "locationNotes": null, "notBeforeOpeningDate": null, "notAfterOpeningDate": null, "notBeforeClosingDate": null, "notAfterClosingDate": null, "inUseDate": null, "metalMinedGold": "FALSE", "metalMinedSilver": 0.0, "metalMinedLead": 0.0, "metalMinedCopper": 1.0, "metalMinedTin": 0.0, "metalMinedIron": 0.0, "metalMinedMercuryCinnabar": 0.0, "metalMinedZinc": 0.0, "metalMinedOther": 0.0, "description": null, "references": "Domergue 1990: 48", "techniqueOpencast": null, "techniqueUnderground": null, "techniqueHydraulic": "FALSE", "techniqueHushing": "FALSE", "techniqueGroundSluicing": "FALSE", "techniqueRuinaMontium": 0.0, "techniqueRakeComb": 0.0, "techniqueGoldWashing": 0.0, "techniqueOther": null, "notes": null, "geology": "Hard rock", "depositType": "Primary", "exploitationType": null, "Flag_Au_Oro": 0, "Status_Au_Oro": "No", "Flag_Ag_Plata": 0, "Status_Ag_Plata": "No", "Flag_Cu_Cobre": 1, "Status_Cu_Cobre": "Confirmado", "Flag_Pb_Plomo": 0, "Status_Pb_Plomo": "No", "Flag_Hg_Cinabrio": 0, "Status_Hg_Cinabrio": "No", "Flag_Sn_Estano": 0, "Status_Sn_Estano": "No", "Flag_Fe_Hierro": 0, "Status_Fe_Hierro": "No", "Tech_Ruina_Montium": 0, "Tech_Subterranea": 0, "Tech_Cielo_Abierto": 0, "Tech_Lavado_Placer": 0, "Certainty_Spatial": 1.0, "Certainty_Archaeological": 0.9, "Certainty_Metallogenic": 1.0, "Certainty_Score": 0.965, "Certainty_Grade": "Alta Certeza (Grado I)" }, "geometry": { "type": "Point", "coordinates": [ -4.82475832, 38.34777592 ] } },
{ "type": "Feature", "properties": { "mineID": 583, "site": "Dehesa de los Llanos", "ancientName": null, "province": "Hispania Baetica", "country": "Spain", "region": "Córdoba", "miningDistrict": "Córdoba", "romanianRANID": null, "sanchezPalenciaAndOrejasID": null, "domergueID": "CO 118", "spainMapSheet": 902.0, "lambertX": 501.8, "lambertY": 381.4, "latitude": 38.0233743, "longitude": -4.80699259, "coordinateAccuracy": 100.0, "locationDataSource": "Converted in QGIS from Lambert coords, Madrid 1870", "locationNotes": null, "notBeforeOpeningDate": null, "notAfterOpeningDate": null, "notBeforeClosingDate": null, "notAfterClosingDate": null, "inUseDate": null, "metalMinedGold": "FALSE", "metalMinedSilver": 0.0, "metalMinedLead": 0.0, "metalMinedCopper": 1.0, "metalMinedTin": 0.0, "metalMinedIron": 0.0, "metalMinedMercuryCinnabar": 0.0, "metalMinedZinc": 0.0, "metalMinedOther": 0.0, "description": null, "references": "Domergue 1990: 47", "techniqueOpencast": null, "techniqueUnderground": null, "techniqueHydraulic": "FALSE", "techniqueHushing": "FALSE", "techniqueGroundSluicing": "FALSE", "techniqueRuinaMontium": 0.0, "techniqueRakeComb": 0.0, "techniqueGoldWashing": 0.0, "techniqueOther": null, "notes": null, "geology": "Hard rock", "depositType": null, "exploitationType": null, "Flag_Au_Oro": 0, "Status_Au_Oro": "No", "Flag_Ag_Plata": 0, "Status_Ag_Plata": "No", "Flag_Cu_Cobre": 1, "Status_Cu_Cobre": "Confirmado", "Flag_Pb_Plomo": 0, "Status_Pb_Plomo": "No", "Flag_Hg_Cinabrio": 0, "Status_Hg_Cinabrio": "No", "Flag_Sn_Estano": 0, "Status_Sn_Estano": "No", "Flag_Fe_Hierro": 0, "Status_Fe_Hierro": "No", "Tech_Ruina_Montium": 0, "Tech_Subterranea": 0, "Tech_Cielo_Abierto": 0, "Tech_Lavado_Placer": 0, "Certainty_Spatial": 1.0, "Certainty_Archaeological": 0.9, "Certainty_Metallogenic": 1.0, "Certainty_Score": 0.965, "Certainty_Grade": "Alta Certeza (Grado I)" }, "geometry": { "type": "Point", "coordinates": [ -4.80699259, 38.0233743 ] } },
{ "type": "Feature", "properties": { "mineID": 584, "site": "Dehesa de Quirós", "ancientName": null, "province": "Hispania Baetica", "country": "Spain", "region": "Córdoba", "miningDistrict": "Los Pedroches", "romanianRANID": null, "sanchezPalenciaAndOrejasID": null, "domergueID": "CO 95", "spainMapSheet": 881.0, "lambertX": 504.0, "lambertY": 415.4, "latitude": 38.33011872, "longitude": -4.78670049, "coordinateAccuracy": 100.0, "locationDataSource": "Converted in QGIS from Lambert coords, Madrid 1870", "locationNotes": null, "notBeforeOpeningDate": null, "notAfterOpeningDate": null, "notBeforeClosingDate": null, "notAfterClosingDate": null, "inUseDate": null, "metalMinedGold": "FALSE", "metalMinedSilver": 0.0, "metalMinedLead": 0.0, "metalMinedCopper": 1.0, "metalMinedTin": 0.0, "metalMinedIron": 0.0, "metalMinedMercuryCinnabar": 0.0, "metalMinedZinc": 0.0, "metalMinedOther": 0.0, "description": null, "references": "Domergue 1990: 48", "techniqueOpencast": null, "techniqueUnderground": null, "techniqueHydraulic": "FALSE", "techniqueHushing": "FALSE", "techniqueGroundSluicing": "FALSE", "techniqueRuinaMontium": 0.0, "techniqueRakeComb": 0.0, "techniqueGoldWashing": 0.0, "techniqueOther": null, "notes": null, "geology": "Hard rock", "depositType": "Primary", "exploitationType": null, "Flag_Au_Oro": 0, "Status_Au_Oro": "No", "Flag_Ag_Plata": 0, "Status_Ag_Plata": "No", "Flag_Cu_Cobre": 1, "Status_Cu_Cobre": "Confirmado", "Flag_Pb_Plomo": 0, "Status_Pb_Plomo": "No", "Flag_Hg_Cinabrio": 0, "Status_Hg_Cinabrio": "No", "Flag_Sn_Estano": 0, "Status_Sn_Estano": "No", "Flag_Fe_Hierro": 0, "Status_Fe_Hierro": "No", "Tech_Ruina_Montium": 0, "Tech_Subterranea": 0, "Tech_Cielo_Abierto": 0, "Tech_Lavado_Placer": 0, "Certainty_Spatial": 1.0, "Certainty_Archaeological": 0.9, "Certainty_Metallogenic": 1.0, "Certainty_Score": 0.965, "Certainty_Grade": "Alta Certeza (Grado I)" }, "geometry": { "type": "Point", "coordinates": [ -4.78670049, 38.33011872 ] } },
{ "type": "Feature", "properties": { "mineID": 585, "site": "Dehesa Lavera", "ancientName": null, "province": "Hispania Baetica", "country": "Spain", "region": "Córdoba", "miningDistrict": "Los Pedroches", "romanianRANID": null, "sanchezPalenciaAndOrejasID": null, "domergueID": "CO 64", "spainMapSheet": 858.0, "lambertX": 483.4, "lambertY": 433.5, "latitude": 38.49075602, "longitude": -5.02555274, "coordinateAccuracy": 100.0, "locationDataSource": "Converted in QGIS from Lambert coords, Madrid 1870", "locationNotes": null, "notBeforeOpeningDate": null, "notAfterOpeningDate": null, "notBeforeClosingDate": null, "notAfterClosingDate": null, "inUseDate": null, "metalMinedGold": "FALSE", "metalMinedSilver": 0.0, "metalMinedLead": 0.0, "metalMinedCopper": 1.0, "metalMinedTin": 0.0, "metalMinedIron": 0.0, "metalMinedMercuryCinnabar": 0.0, "metalMinedZinc": 0.0, "metalMinedOther": 0.0, "description": null, "references": "Domergue 1990: 48", "techniqueOpencast": null, "techniqueUnderground": null, "techniqueHydraulic": "FALSE", "techniqueHushing": "FALSE", "techniqueGroundSluicing": "FALSE", "techniqueRuinaMontium": 0.0, "techniqueRakeComb": 0.0, "techniqueGoldWashing": 0.0, "techniqueOther": null, "notes": null, "geology": "Hard rock", "depositType": "Primary", "exploitationType": null, "Flag_Au_Oro": 0, "Status_Au_Oro": "No", "Flag_Ag_Plata": 0, "Status_Ag_Plata": "No", "Flag_Cu_Cobre": 1, "Status_Cu_Cobre": "Confirmado", "Flag_Pb_Plomo": 0, "Status_Pb_Plomo": "No", "Flag_Hg_Cinabrio": 0, "Status_Hg_Cinabrio": "No", "Flag_Sn_Estano": 0, "Status_Sn_Estano": "No", "Flag_Fe_Hierro": 0, "Status_Fe_Hierro": "No", "Tech_Ruina_Montium": 0, "Tech_Subterranea": 0, "Tech_Cielo_Abierto": 0, "Tech_Lavado_Placer": 0, "Certainty_Spatial": 1.0, "Certainty_Archaeological": 0.9, "Certainty_Metallogenic": 1.0, "Certainty_Score": 0.965, "Certainty_Grade": "Alta Certeza (Grado I)" }, "geometry": { "type": "Point", "coordinates": [ -5.02555274, 38.49075602 ] } },
{ "type": "Feature", "properties": { "mineID": 586, "site": "Dehesa Quebradillas", "ancientName": null, "province": "Hispania Baetica", "country": "Spain", "region": "Córdoba", "miningDistrict": "Los Pedroches", "romanianRANID": null, "sanchezPalenciaAndOrejasID": null, "domergueID": "CO 34", "spainMapSheet": 860.0, "lambertX": 529.3, "lambertY": 421.7, "latitude": 38.38935788, "longitude": -4.49780491, "coordinateAccuracy": 100.0, "locationDataSource": "Converted in QGIS from Lambert coords, Madrid 1870", "locationNotes": null, "notBeforeOpeningDate": null, "notAfterOpeningDate": null, "notBeforeClosingDate": null, "notAfterClosingDate": null, "inUseDate": null, "metalMinedGold": "FALSE", "metalMinedSilver": 0.0, "metalMinedLead": 0.0, "metalMinedCopper": 1.0, "metalMinedTin": 0.0, "metalMinedIron": 0.0, "metalMinedMercuryCinnabar": 0.0, "metalMinedZinc": 0.0, "metalMinedOther": 0.0, "description": null, "references": "Domergue 1990: 47", "techniqueOpencast": 0.0, "techniqueUnderground": 1.0, "techniqueHydraulic": "FALSE", "techniqueHushing": "FALSE", "techniqueGroundSluicing": "FALSE", "techniqueRuinaMontium": 0.0, "techniqueRakeComb": 0.0, "techniqueGoldWashing": 0.0, "techniqueOther": 0.0, "notes": null, "geology": "Hard rock", "depositType": "Primary", "exploitationType": null, "Flag_Au_Oro": 0, "Status_Au_Oro": "No", "Flag_Ag_Plata": 0, "Status_Ag_Plata": "No", "Flag_Cu_Cobre": 1, "Status_Cu_Cobre": "Confirmado", "Flag_Pb_Plomo": 0, "Status_Pb_Plomo": "No", "Flag_Hg_Cinabrio": 0, "Status_Hg_Cinabrio": "No", "Flag_Sn_Estano": 0, "Status_Sn_Estano": "No", "Flag_Fe_Hierro": 0, "Status_Fe_Hierro": "No", "Tech_Ruina_Montium": 0, "Tech_Subterranea": 1, "Tech_Cielo_Abierto": 0, "Tech_Lavado_Placer": 0, "Certainty_Spatial": 1.0, "Certainty_Archaeological": 0.9, "Certainty_Metallogenic": 1.0, "Certainty_Score": 0.965, "Certainty_Grade": "Alta Certeza (Grado I)" }, "geometry": { "type": "Point", "coordinates": [ -4.49780491, 38.38935788 ] } },
{ "type": "Feature", "properties": { "mineID": 591, "site": "El Aramo", "ancientName": null, "province": "Hispania Tarraconensis", "country": "Spain", "region": "Oviedo", "miningDistrict": "Asturias", "romanianRANID": null, "sanchezPalenciaAndOrejasID": null, "domergueID": "O 20", "spainMapSheet": 52.0, "lambertX": 420.4, "lambertY": 956.0, "latitude": 43.1874306, "longitude": -5.896539862, "coordinateAccuracy": 100.0, "locationDataSource": "Converted in QGIS from Lambert coords, Madrid 1870", "locationNotes": null, "notBeforeOpeningDate": null, "notAfterOpeningDate": null, "notBeforeClosingDate": null, "notAfterClosingDate": null, "inUseDate": null, "metalMinedGold": "FALSE", "metalMinedSilver": 0.0, "metalMinedLead": 0.0, "metalMinedCopper": 1.0, "metalMinedTin": 0.0, "metalMinedIron": 0.0, "metalMinedMercuryCinnabar": 0.0, "metalMinedZinc": 0.0, "metalMinedOther": 0.0, "description": null, "references": "Domergue 1990: 42", "techniqueOpencast": null, "techniqueUnderground": null, "techniqueHydraulic": "FALSE", "techniqueHushing": "FALSE", "techniqueGroundSluicing": "FALSE", "techniqueRuinaMontium": 0.0, "techniqueRakeComb": 0.0, "techniqueGoldWashing": 0.0, "techniqueOther": null, "notes": null, "geology": "Hard rock", "depositType": null, "exploitationType": null, "Flag_Au_Oro": 0, "Status_Au_Oro": "No", "Flag_Ag_Plata": 0, "Status_Ag_Plata": "No", "Flag_Cu_Cobre": 1, "Status_Cu_Cobre": "Confirmado", "Flag_Pb_Plomo": 0, "Status_Pb_Plomo": "No", "Flag_Hg_Cinabrio": 0, "Status_Hg_Cinabrio": "No", "Flag_Sn_Estano": 0, "Status_Sn_Estano": "No", "Flag_Fe_Hierro": 0, "Status_Fe_Hierro": "No", "Tech_Ruina_Montium": 0, "Tech_Subterranea": 0, "Tech_Cielo_Abierto": 0, "Tech_Lavado_Placer": 0, "Certainty_Spatial": 1.0, "Certainty_Archaeological": 0.9, "Certainty_Metallogenic": 1.0, "Certainty_Score": 0.965, "Certainty_Grade": "Alta Certeza (Grado I)" }, "geometry": { "type": "Point", "coordinates": [ -5.896539862, 43.1874306 ] } },
{ "type": "Feature", "properties": { "mineID": 596, "site": "El Borracho", "ancientName": null, "province": "Hispania Tarraconensis", "country": "Spain", "region": "Badajoz", "miningDistrict": "Alcudia", "romanianRANID": null, "sanchezPalenciaAndOrejasID": null, "domergueID": "BA 46", "spainMapSheet": 781.0, "lambertX": 492.3, "lambertY": 477.0, "latitude": 38.88410269, "longitude": -4.93042278, "coordinateAccuracy": 100.0, "locationDataSource": "Converted in QGIS from Lambert coords, Madrid 1870", "locationNotes": null, "notBeforeOpeningDate": null, "notAfterOpeningDate": null, "notBeforeClosingDate": null, "notAfterClosingDate": null, "inUseDate": null, "metalMinedGold": "FALSE", "metalMinedSilver": 1.0, "metalMinedLead": 1.0, "metalMinedCopper": 1.0, "metalMinedTin": 0.0, "metalMinedIron": 0.0, "metalMinedMercuryCinnabar": 0.0, "metalMinedZinc": 0.0, "metalMinedOther": 0.0, "description": null, "references": "Domergue 1990: 46", "techniqueOpencast": null, "techniqueUnderground": null, "techniqueHydraulic": "FALSE", "techniqueHushing": "FALSE", "techniqueGroundSluicing": "FALSE", "techniqueRuinaMontium": 0.0, "techniqueRakeComb": 0.0, "techniqueGoldWashing": 0.0, "techniqueOther": null, "notes": null, "geology": null, "depositType": null, "exploitationType": null, "Flag_Au_Oro": 0, "Status_Au_Oro": "No", "Flag_Ag_Plata": 1, "Status_Ag_Plata": "Confirmado", "Flag_Cu_Cobre": 1, "Status_Cu_Cobre": "Confirmado", "Flag_Pb_Plomo": 1, "Status_Pb_Plomo": "Confirmado", "Flag_Hg_Cinabrio": 0, "Status_Hg_Cinabrio": "No", "Flag_Sn_Estano": 0, "Status_Sn_Estano": "No", "Flag_Fe_Hierro": 0, "Status_Fe_Hierro": "No", "Tech_Ruina_Montium": 0, "Tech_Subterranea": 0, "Tech_Cielo_Abierto": 0, "Tech_Lavado_Placer": 0, "Certainty_Spatial": 1.0, "Certainty_Archaeological": 0.9, "Certainty_Metallogenic": 1.0, "Certainty_Score": 0.965, "Certainty_Grade": "Alta Certeza (Grado I)" }, "geometry": { "type": "Point", "coordinates": [ -4.93042278, 38.88410269 ] } },
{ "type": "Feature", "properties": { "mineID": 603, "site": "El Campillo", "ancientName": null, "province": "Hispania Baetica", "country": "Spain", "region": "Huelva", "miningDistrict": "Picos de Aroche", "romanianRANID": null, "sanchezPalenciaAndOrejasID": null, "domergueID": "H 27", "spainMapSheet": 895.0, "lambertX": 319.0, "lambertY": 389.6, "latitude": 38.05731622, "longitude": -6.89226707, "coordinateAccuracy": 100.0, "locationDataSource": "Converted in QGIS from Lambert coords, Madrid 1870", "locationNotes": null, "notBeforeOpeningDate": null, "notAfterOpeningDate": null, "notBeforeClosingDate": null, "notAfterClosingDate": null, "inUseDate": null, "metalMinedGold": "FALSE", "metalMinedSilver": 0.0, "metalMinedLead": 0.0, "metalMinedCopper": 1.0, "metalMinedTin": 0.0, "metalMinedIron": 0.0, "metalMinedMercuryCinnabar": 0.0, "metalMinedZinc": 0.0, "metalMinedOther": 0.0, "description": null, "references": "Domergue 1990: 61", "techniqueOpencast": null, "techniqueUnderground": null, "techniqueHydraulic": "FALSE", "techniqueHushing": "FALSE", "techniqueGroundSluicing": "FALSE", "techniqueRuinaMontium": 0.0, "techniqueRakeComb": 0.0, "techniqueGoldWashing": 0.0, "techniqueOther": null, "notes": null, "geology": "Hard rock", "depositType": "Primary", "exploitationType": null, "Flag_Au_Oro": 0, "Status_Au_Oro": "No", "Flag_Ag_Plata": 0, "Status_Ag_Plata": "No", "Flag_Cu_Cobre": 1, "Status_Cu_Cobre": "Confirmado", "Flag_Pb_Plomo": 0, "Status_Pb_Plomo": "No", "Flag_Hg_Cinabrio": 0, "Status_Hg_Cinabrio": "No", "Flag_Sn_Estano": 0, "Status_Sn_Estano": "No", "Flag_Fe_Hierro": 0, "Status_Fe_Hierro": "No", "Tech_Ruina_Montium": 0, "Tech_Subterranea": 0, "Tech_Cielo_Abierto": 0, "Tech_Lavado_Placer": 0, "Certainty_Spatial": 1.0, "Certainty_Archaeological": 0.9, "Certainty_Metallogenic": 1.0, "Certainty_Score": 0.965, "Certainty_Grade": "Alta Certeza (Grado I)" }, "geometry": { "type": "Point", "coordinates": [ -6.89226707, 38.05731622 ] } },
{ "type": "Feature", "properties": { "mineID": 607, "site": "El Carpio", "ancientName": null, "province": "Hispania Baetica", "country": "Spain", "region": "Huelva", "miningDistrict": "Huelva", "romanianRANID": null, "sanchezPalenciaAndOrejasID": null, "domergueID": "H 24", "spainMapSheet": 937.0, "lambertX": 310.7, "lambertY": 362.7, "latitude": 37.81226434, "longitude": -6.97552107, "coordinateAccuracy": 100.0, "locationDataSource": "Converted in QGIS from Lambert coords, Madrid 1870", "locationNotes": null, "notBeforeOpeningDate": null, "notAfterOpeningDate": null, "notBeforeClosingDate": null, "notAfterClosingDate": null, "inUseDate": null, "metalMinedGold": "FALSE", "metalMinedSilver": 0.0, "metalMinedLead": 0.0, "metalMinedCopper": 1.0, "metalMinedTin": 0.0, "metalMinedIron": 0.0, "metalMinedMercuryCinnabar": 0.0, "metalMinedZinc": 0.0, "metalMinedOther": 0.0, "description": null, "references": "Domergue 1990: 62", "techniqueOpencast": 0.0, "techniqueUnderground": 1.0, "techniqueHydraulic": "FALSE", "techniqueHushing": "FALSE", "techniqueGroundSluicing": "FALSE", "techniqueRuinaMontium": 0.0, "techniqueRakeComb": 0.0, "techniqueGoldWashing": 0.0, "techniqueOther": 0.0, "notes": null, "geology": "Pyrite", "depositType": "Primary", "exploitationType": null, "Flag_Au_Oro": 0, "Status_Au_Oro": "No", "Flag_Ag_Plata": 0, "Status_Ag_Plata": "No", "Flag_Cu_Cobre": 1, "Status_Cu_Cobre": "Confirmado", "Flag_Pb_Plomo": 0, "Status_Pb_Plomo": "No", "Flag_Hg_Cinabrio": 0, "Status_Hg_Cinabrio": "No", "Flag_Sn_Estano": 0, "Status_Sn_Estano": "No", "Flag_Fe_Hierro": 0, "Status_Fe_Hierro": "No", "Tech_Ruina_Montium": 0, "Tech_Subterranea": 1, "Tech_Cielo_Abierto": 0, "Tech_Lavado_Placer": 0, "Certainty_Spatial": 1.0, "Certainty_Archaeological": 0.9, "Certainty_Metallogenic": 1.0, "Certainty_Score": 0.965, "Certainty_Grade": "Alta Certeza (Grado I)" }, "geometry": { "type": "Point", "coordinates": [ -6.97552107, 37.81226434 ] } },
{ "type": "Feature", "properties": { "mineID": 626, "site": "El Desierto", "ancientName": null, "province": "Hispania Baetica", "country": "Spain", "region": "Córdoba", "miningDistrict": "Córdoba", "romanianRANID": null, "sanchezPalenciaAndOrejasID": null, "domergueID": "CO 47", "spainMapSheet": 923.0, "lambertX": 500.2, "lambertY": 369.6, "latitude": 37.91682821, "longitude": -4.82351069, "coordinateAccuracy": 100.0, "locationDataSource": "Converted in QGIS from Lambert coords, Madrid 1870", "locationNotes": null, "notBeforeOpeningDate": null, "notAfterOpeningDate": null, "notBeforeClosingDate": null, "notAfterClosingDate": null, "inUseDate": null, "metalMinedGold": "FALSE", "metalMinedSilver": 0.0, "metalMinedLead": 0.0, "metalMinedCopper": 1.0, "metalMinedTin": 0.0, "metalMinedIron": 0.0, "metalMinedMercuryCinnabar": 0.0, "metalMinedZinc": 0.0, "metalMinedOther": 0.0, "description": null, "references": "Domergue 1990: 47", "techniqueOpencast": null, "techniqueUnderground": null, "techniqueHydraulic": "FALSE", "techniqueHushing": "FALSE", "techniqueGroundSluicing": "FALSE", "techniqueRuinaMontium": 0.0, "techniqueRakeComb": 0.0, "techniqueGoldWashing": 0.0, "techniqueOther": null, "notes": null, "geology": "Hard rock", "depositType": null, "exploitationType": null, "Flag_Au_Oro": 0, "Status_Au_Oro": "No", "Flag_Ag_Plata": 0, "Status_Ag_Plata": "No", "Flag_Cu_Cobre": 1, "Status_Cu_Cobre": "Confirmado", "Flag_Pb_Plomo": 0, "Status_Pb_Plomo": "No", "Flag_Hg_Cinabrio": 0, "Status_Hg_Cinabrio": "No", "Flag_Sn_Estano": 0, "Status_Sn_Estano": "No", "Flag_Fe_Hierro": 0, "Status_Fe_Hierro": "No", "Tech_Ruina_Montium": 0, "Tech_Subterranea": 0, "Tech_Cielo_Abierto": 0, "Tech_Lavado_Placer": 0, "Certainty_Spatial": 1.0, "Certainty_Archaeological": 0.9, "Certainty_Metallogenic": 1.0, "Certainty_Score": 0.965, "Certainty_Grade": "Alta Certeza (Grado I)" }, "geometry": { "type": "Point", "coordinates": [ -4.82351069, 37.91682821 ] } },
{ "type": "Feature", "properties": { "mineID": 629, "site": "El Francés", "ancientName": null, "province": "Hispania Baetica", "country": "Spain", "region": "Córdoba", "miningDistrict": "Posadas", "romanianRANID": null, "sanchezPalenciaAndOrejasID": null, "domergueID": "CO 10", "spainMapSheet": 922.0, "lambertX": 480.5, "lambertY": 366.0, "latitude": 37.88189495, "longitude": -5.04701024, "coordinateAccuracy": 100.0, "locationDataSource": "Converted in QGIS from Lambert coords, Madrid 1870", "locationNotes": null, "notBeforeOpeningDate": null, "notAfterOpeningDate": null, "notBeforeClosingDate": null, "notAfterClosingDate": null, "inUseDate": null, "metalMinedGold": "FALSE", "metalMinedSilver": 1.0, "metalMinedLead": 1.0, "metalMinedCopper": 1.0, "metalMinedTin": 0.0, "metalMinedIron": 0.0, "metalMinedMercuryCinnabar": 0.0, "metalMinedZinc": 0.0, "metalMinedOther": 0.0, "description": null, "references": "Domergue 1990: 45", "techniqueOpencast": null, "techniqueUnderground": null, "techniqueHydraulic": "FALSE", "techniqueHushing": "FALSE", "techniqueGroundSluicing": "FALSE", "techniqueRuinaMontium": 0.0, "techniqueRakeComb": 0.0, "techniqueGoldWashing": 0.0, "techniqueOther": null, "notes": null, "geology": "Hard rock", "depositType": "Primary", "exploitationType": null, "Flag_Au_Oro": 0, "Status_Au_Oro": "No", "Flag_Ag_Plata": 1, "Status_Ag_Plata": "Confirmado", "Flag_Cu_Cobre": 1, "Status_Cu_Cobre": "Confirmado", "Flag_Pb_Plomo": 1, "Status_Pb_Plomo": "Confirmado", "Flag_Hg_Cinabrio": 0, "Status_Hg_Cinabrio": "No", "Flag_Sn_Estano": 0, "Status_Sn_Estano": "No", "Flag_Fe_Hierro": 0, "Status_Fe_Hierro": "No", "Tech_Ruina_Montium": 0, "Tech_Subterranea": 0, "Tech_Cielo_Abierto": 0, "Tech_Lavado_Placer": 0, "Certainty_Spatial": 1.0, "Certainty_Archaeological": 0.9, "Certainty_Metallogenic": 1.0, "Certainty_Score": 0.965, "Certainty_Grade": "Alta Certeza (Grado I)" }, "geometry": { "type": "Point", "coordinates": [ -5.04701024, 37.88189495 ] } },
{ "type": "Feature", "properties": { "mineID": 630, "site": "El Fresnillo", "ancientName": null, "province": "Hispania Baetica", "country": "Spain", "region": "Jaén", "miningDistrict": "Montoro Andújar", "romanianRANID": null, "sanchezPalenciaAndOrejasID": null, "domergueID": "J 5", "spainMapSheet": 883.0, "lambertX": 564.1, "lambertY": 404.0, "latitude": 38.23192951, "longitude": -4.09824722, "coordinateAccuracy": 100.0, "locationDataSource": "Converted in QGIS from Lambert coords, Madrid 1870", "locationNotes": null, "notBeforeOpeningDate": null, "notAfterOpeningDate": null, "notBeforeClosingDate": null, "notAfterClosingDate": null, "inUseDate": null, "metalMinedGold": "FALSE", "metalMinedSilver": 0.0, "metalMinedLead": 0.0, "metalMinedCopper": 1.0, "metalMinedTin": 0.0, "metalMinedIron": 0.0, "metalMinedMercuryCinnabar": 0.0, "metalMinedZinc": 0.0, "metalMinedOther": 0.0, "description": null, "references": "Domergue 1990: 47", "techniqueOpencast": null, "techniqueUnderground": null, "techniqueHydraulic": "FALSE", "techniqueHushing": "FALSE", "techniqueGroundSluicing": "FALSE", "techniqueRuinaMontium": 0.0, "techniqueRakeComb": 0.0, "techniqueGoldWashing": 0.0, "techniqueOther": null, "notes": null, "geology": "Hard rock", "depositType": null, "exploitationType": null, "Flag_Au_Oro": 0, "Status_Au_Oro": "No", "Flag_Ag_Plata": 0, "Status_Ag_Plata": "No", "Flag_Cu_Cobre": 1, "Status_Cu_Cobre": "Confirmado", "Flag_Pb_Plomo": 0, "Status_Pb_Plomo": "No", "Flag_Hg_Cinabrio": 0, "Status_Hg_Cinabrio": "No", "Flag_Sn_Estano": 0, "Status_Sn_Estano": "No", "Flag_Fe_Hierro": 0, "Status_Fe_Hierro": "No", "Tech_Ruina_Montium": 0, "Tech_Subterranea": 0, "Tech_Cielo_Abierto": 0, "Tech_Lavado_Placer": 0, "Certainty_Spatial": 1.0, "Certainty_Archaeological": 0.9, "Certainty_Metallogenic": 1.0, "Certainty_Score": 0.965, "Certainty_Grade": "Alta Certeza (Grado I)" }, "geometry": { "type": "Point", "coordinates": [ -4.09824722, 38.23192951 ] } },
{ "type": "Feature", "properties": { "mineID": 638, "site": "El Hondillo", "ancientName": null, "province": "Hispania Baetica", "country": "Spain", "region": "Jaén", "miningDistrict": null, "romanianRANID": null, "sanchezPalenciaAndOrejasID": null, "domergueID": "J 29", "spainMapSheet": 885.0, "lambertX": 632.7, "lambertY": 399.4, "latitude": 38.19058564, "longitude": -3.31442386, "coordinateAccuracy": 100.0, "locationDataSource": "Converted in QGIS from Lambert coords, Madrid 1870", "locationNotes": null, "notBeforeOpeningDate": null, "notAfterOpeningDate": null, "notBeforeClosingDate": null, "notAfterClosingDate": null, "inUseDate": null, "metalMinedGold": "FALSE", "metalMinedSilver": 0.0, "metalMinedLead": 0.0, "metalMinedCopper": 1.0, "metalMinedTin": 0.0, "metalMinedIron": 0.0, "metalMinedMercuryCinnabar": 0.0, "metalMinedZinc": 0.0, "metalMinedOther": 0.0, "description": null, "references": "Domergue 1990: 48", "techniqueOpencast": null, "techniqueUnderground": null, "techniqueHydraulic": "FALSE", "techniqueHushing": "FALSE", "techniqueGroundSluicing": "FALSE", "techniqueRuinaMontium": 0.0, "techniqueRakeComb": 0.0, "techniqueGoldWashing": 0.0, "techniqueOther": null, "notes": null, "geology": "Hard rock", "depositType": "Primary", "exploitationType": null, "Flag_Au_Oro": 0, "Status_Au_Oro": "No", "Flag_Ag_Plata": 0, "Status_Ag_Plata": "No", "Flag_Cu_Cobre": 1, "Status_Cu_Cobre": "Confirmado", "Flag_Pb_Plomo": 0, "Status_Pb_Plomo": "No", "Flag_Hg_Cinabrio": 0, "Status_Hg_Cinabrio": "No", "Flag_Sn_Estano": 0, "Status_Sn_Estano": "No", "Flag_Fe_Hierro": 0, "Status_Fe_Hierro": "No", "Tech_Ruina_Montium": 0, "Tech_Subterranea": 0, "Tech_Cielo_Abierto": 0, "Tech_Lavado_Placer": 0, "Certainty_Spatial": 1.0, "Certainty_Archaeological": 0.9, "Certainty_Metallogenic": 1.0, "Certainty_Score": 0.965, "Certainty_Grade": "Alta Certeza (Grado I)" }, "geometry": { "type": "Point", "coordinates": [ -3.31442386, 38.19058564 ] } },
{ "type": "Feature", "properties": { "mineID": 639, "site": "El Humiliadero", "ancientName": null, "province": "Hispania Baetica", "country": "Spain", "region": "Jaén", "miningDistrict": "Montoro Andújar", "romanianRANID": null, "sanchezPalenciaAndOrejasID": null, "domergueID": "J 6", "spainMapSheet": 883.0, "lambertX": 567.7, "lambertY": 403.2, "latitude": 38.22485907, "longitude": -4.05706472, "coordinateAccuracy": 100.0, "locationDataSource": "Converted in QGIS from Lambert coords, Madrid 1870", "locationNotes": null, "notBeforeOpeningDate": null, "notAfterOpeningDate": null, "notBeforeClosingDate": null, "notAfterClosingDate": null, "inUseDate": null, "metalMinedGold": "FALSE", "metalMinedSilver": 0.0, "metalMinedLead": 0.0, "metalMinedCopper": 1.0, "metalMinedTin": 0.0, "metalMinedIron": 0.0, "metalMinedMercuryCinnabar": 0.0, "metalMinedZinc": 0.0, "metalMinedOther": 0.0, "description": null, "references": "Domergue 1990: 47", "techniqueOpencast": null, "techniqueUnderground": null, "techniqueHydraulic": "FALSE", "techniqueHushing": "FALSE", "techniqueGroundSluicing": "FALSE", "techniqueRuinaMontium": 0.0, "techniqueRakeComb": 0.0, "techniqueGoldWashing": 0.0, "techniqueOther": null, "notes": null, "geology": "Hard rock", "depositType": null, "exploitationType": null, "Flag_Au_Oro": 0, "Status_Au_Oro": "No", "Flag_Ag_Plata": 0, "Status_Ag_Plata": "No", "Flag_Cu_Cobre": 1, "Status_Cu_Cobre": "Confirmado", "Flag_Pb_Plomo": 0, "Status_Pb_Plomo": "No", "Flag_Hg_Cinabrio": 0, "Status_Hg_Cinabrio": "No", "Flag_Sn_Estano": 0, "Status_Sn_Estano": "No", "Flag_Fe_Hierro": 0, "Status_Fe_Hierro": "No", "Tech_Ruina_Montium": 0, "Tech_Subterranea": 0, "Tech_Cielo_Abierto": 0, "Tech_Lavado_Placer": 0, "Certainty_Spatial": 1.0, "Certainty_Archaeological": 0.9, "Certainty_Metallogenic": 1.0, "Certainty_Score": 0.965, "Certainty_Grade": "Alta Certeza (Grado I)" }, "geometry": { "type": "Point", "coordinates": [ -4.05706472, 38.22485907 ] } },
{ "type": "Feature", "properties": { "mineID": 643, "site": "El Juncal", "ancientName": null, "province": "Hispania Baetica", "country": "Spain", "region": "Huelva", "miningDistrict": "Picos de Aroche", "romanianRANID": null, "sanchezPalenciaAndOrejasID": null, "domergueID": "H 31", "spainMapSheet": 895.0, "lambertX": 320.4, "lambertY": 394.3, "latitude": 38.1001121, "longitude": -6.87823353, "coordinateAccuracy": 100.0, "locationDataSource": "Converted in QGIS from Lambert coords, Madrid 1870", "locationNotes": null, "notBeforeOpeningDate": null, "notAfterOpeningDate": null, "notBeforeClosingDate": null, "notAfterClosingDate": null, "inUseDate": null, "metalMinedGold": "FALSE", "metalMinedSilver": 0.0, "metalMinedLead": 0.0, "metalMinedCopper": 1.0, "metalMinedTin": 0.0, "metalMinedIron": 0.0, "metalMinedMercuryCinnabar": 0.0, "metalMinedZinc": 0.0, "metalMinedOther": 0.0, "description": null, "references": "Domergue 1990: 61", "techniqueOpencast": null, "techniqueUnderground": null, "techniqueHydraulic": "FALSE", "techniqueHushing": "FALSE", "techniqueGroundSluicing": "FALSE", "techniqueRuinaMontium": 0.0, "techniqueRakeComb": 0.0, "techniqueGoldWashing": 0.0, "techniqueOther": null, "notes": null, "geology": "Hard rock", "depositType": "Primary", "exploitationType": null, "Flag_Au_Oro": 0, "Status_Au_Oro": "No", "Flag_Ag_Plata": 0, "Status_Ag_Plata": "No", "Flag_Cu_Cobre": 1, "Status_Cu_Cobre": "Confirmado", "Flag_Pb_Plomo": 0, "Status_Pb_Plomo": "No", "Flag_Hg_Cinabrio": 0, "Status_Hg_Cinabrio": "No", "Flag_Sn_Estano": 0, "Status_Sn_Estano": "No", "Flag_Fe_Hierro": 0, "Status_Fe_Hierro": "No", "Tech_Ruina_Montium": 0, "Tech_Subterranea": 0, "Tech_Cielo_Abierto": 0, "Tech_Lavado_Placer": 0, "Certainty_Spatial": 1.0, "Certainty_Archaeological": 0.9, "Certainty_Metallogenic": 1.0, "Certainty_Score": 0.965, "Certainty_Grade": "Alta Certeza (Grado I)" }, "geometry": { "type": "Point", "coordinates": [ -6.87823353, 38.1001121 ] } },
{ "type": "Feature", "properties": { "mineID": 645, "site": "El Lagunazo", "ancientName": null, "province": "Hispania Baetica", "country": "Spain", "region": "Huelva", "miningDistrict": "Huelva", "romanianRANID": null, "sanchezPalenciaAndOrejasID": null, "domergueID": "H 9", "spainMapSheet": 959.0, "lambertX": 293.2, "lambertY": 342.9, "latitude": 37.62794056, "longitude": -7.16541952, "coordinateAccuracy": 100.0, "locationDataSource": "Converted in QGIS from Lambert coords, Madrid 1870", "locationNotes": null, "notBeforeOpeningDate": null, "notAfterOpeningDate": null, "notBeforeClosingDate": null, "notAfterClosingDate": null, "inUseDate": null, "metalMinedGold": "FALSE", "metalMinedSilver": 0.0, "metalMinedLead": 0.0, "metalMinedCopper": 1.0, "metalMinedTin": 0.0, "metalMinedIron": 0.0, "metalMinedMercuryCinnabar": 0.0, "metalMinedZinc": 0.0, "metalMinedOther": 0.0, "description": null, "references": "Domergue 1990: 62", "techniqueOpencast": 0.0, "techniqueUnderground": 1.0, "techniqueHydraulic": "FALSE", "techniqueHushing": "FALSE", "techniqueGroundSluicing": "FALSE", "techniqueRuinaMontium": 0.0, "techniqueRakeComb": 0.0, "techniqueGoldWashing": 0.0, "techniqueOther": 0.0, "notes": null, "geology": "Pyrite", "depositType": "Primary", "exploitationType": null, "Flag_Au_Oro": 0, "Status_Au_Oro": "No", "Flag_Ag_Plata": 0, "Status_Ag_Plata": "No", "Flag_Cu_Cobre": 1, "Status_Cu_Cobre": "Confirmado", "Flag_Pb_Plomo": 0, "Status_Pb_Plomo": "No", "Flag_Hg_Cinabrio": 0, "Status_Hg_Cinabrio": "No", "Flag_Sn_Estano": 0, "Status_Sn_Estano": "No", "Flag_Fe_Hierro": 0, "Status_Fe_Hierro": "No", "Tech_Ruina_Montium": 0, "Tech_Subterranea": 1, "Tech_Cielo_Abierto": 0, "Tech_Lavado_Placer": 0, "Certainty_Spatial": 1.0, "Certainty_Archaeological": 0.9, "Certainty_Metallogenic": 1.0, "Certainty_Score": 0.965, "Certainty_Grade": "Alta Certeza (Grado I)" }, "geometry": { "type": "Point", "coordinates": [ -7.16541952, 37.62794056 ] } },
{ "type": "Feature", "properties": { "mineID": 647, "site": "El Mico", "ancientName": null, "province": "Hispania Baetica", "country": "Spain", "region": "Córdoba", "miningDistrict": "Córdoba", "romanianRANID": null, "sanchezPalenciaAndOrejasID": null, "domergueID": "CO 41", "spainMapSheet": 923.0, "lambertX": 499.5, "lambertY": 376.8, "latitude": 37.98164667, "longitude": -4.83252668, "coordinateAccuracy": 100.0, "locationDataSource": "Converted in QGIS from Lambert coords, Madrid 1870", "locationNotes": null, "notBeforeOpeningDate": null, "notAfterOpeningDate": null, "notBeforeClosingDate": null, "notAfterClosingDate": null, "inUseDate": null, "metalMinedGold": "FALSE", "metalMinedSilver": 0.0, "metalMinedLead": 0.0, "metalMinedCopper": 1.0, "metalMinedTin": 0.0, "metalMinedIron": 0.0, "metalMinedMercuryCinnabar": 0.0, "metalMinedZinc": 0.0, "metalMinedOther": 0.0, "description": null, "references": "Domergue 1990: 47", "techniqueOpencast": null, "techniqueUnderground": null, "techniqueHydraulic": "FALSE", "techniqueHushing": "FALSE", "techniqueGroundSluicing": "FALSE", "techniqueRuinaMontium": 0.0, "techniqueRakeComb": 0.0, "techniqueGoldWashing": 0.0, "techniqueOther": null, "notes": null, "geology": "Hard rock", "depositType": null, "exploitationType": null, "Flag_Au_Oro": 0, "Status_Au_Oro": "No", "Flag_Ag_Plata": 0, "Status_Ag_Plata": "No", "Flag_Cu_Cobre": 1, "Status_Cu_Cobre": "Confirmado", "Flag_Pb_Plomo": 0, "Status_Pb_Plomo": "No", "Flag_Hg_Cinabrio": 0, "Status_Hg_Cinabrio": "No", "Flag_Sn_Estano": 0, "Status_Sn_Estano": "No", "Flag_Fe_Hierro": 0, "Status_Fe_Hierro": "No", "Tech_Ruina_Montium": 0, "Tech_Subterranea": 0, "Tech_Cielo_Abierto": 0, "Tech_Lavado_Placer": 0, "Certainty_Spatial": 1.0, "Certainty_Archaeological": 0.9, "Certainty_Metallogenic": 1.0, "Certainty_Score": 0.965, "Certainty_Grade": "Alta Certeza (Grado I)" }, "geometry": { "type": "Point", "coordinates": [ -4.83252668, 37.98164667 ] } },
{ "type": "Feature", "properties": { "mineID": 658, "site": "El Piconcillo", "ancientName": null, "province": "Hispania Baetica", "country": "Spain", "region": "Córdoba", "miningDistrict": "Azuaga-Fuenteovejuna", "romanianRANID": null, "sanchezPalenciaAndOrejasID": null, "domergueID": "CO 60", "spainMapSheet": null, "lambertX": 446.0, "lambertY": 396.0, "latitude": 38.14685916, "longitude": -5.44601668, "coordinateAccuracy": 100.0, "locationDataSource": "Converted in QGIS from Lambert coords, Madrid 1870", "locationNotes": "Trapezoid defined by points given by Domergue; coord here is approx. centroid", "notBeforeOpeningDate": null, "notAfterOpeningDate": null, "notBeforeClosingDate": null, "notAfterClosingDate": null, "inUseDate": null, "metalMinedGold": "FALSE", "metalMinedSilver": 1.0, "metalMinedLead": 1.0, "metalMinedCopper": 1.0, "metalMinedTin": 0.0, "metalMinedIron": 0.0, "metalMinedMercuryCinnabar": 0.0, "metalMinedZinc": 0.0, "metalMinedOther": 0.0, "description": null, "references": "Domergue 1990: 46", "techniqueOpencast": 0.0, "techniqueUnderground": 1.0, "techniqueHydraulic": "FALSE", "techniqueHushing": "FALSE", "techniqueGroundSluicing": "FALSE", "techniqueRuinaMontium": 0.0, "techniqueRakeComb": 0.0, "techniqueGoldWashing": 0.0, "techniqueOther": 0.0, "notes": null, "geology": "Hard rock", "depositType": "Primary", "exploitationType": null, "Flag_Au_Oro": 0, "Status_Au_Oro": "No", "Flag_Ag_Plata": 1, "Status_Ag_Plata": "Confirmado", "Flag_Cu_Cobre": 1, "Status_Cu_Cobre": "Confirmado", "Flag_Pb_Plomo": 1, "Status_Pb_Plomo": "Confirmado", "Flag_Hg_Cinabrio": 0, "Status_Hg_Cinabrio": "No", "Flag_Sn_Estano": 0, "Status_Sn_Estano": "No", "Flag_Fe_Hierro": 0, "Status_Fe_Hierro": "No", "Tech_Ruina_Montium": 0, "Tech_Subterranea": 1, "Tech_Cielo_Abierto": 0, "Tech_Lavado_Placer": 0, "Certainty_Spatial": 1.0, "Certainty_Archaeological": 0.9, "Certainty_Metallogenic": 1.0, "Certainty_Score": 0.965, "Certainty_Grade": "Alta Certeza (Grado I)" }, "geometry": { "type": "Point", "coordinates": [ -5.44601668, 38.14685916 ] } },
{ "type": "Feature", "properties": { "mineID": 688, "site": "Estercolados", "ancientName": null, "province": "Hispania Baetica", "country": "Spain", "region": "Córdoba", "miningDistrict": "Los Pedroches", "romanianRANID": null, "sanchezPalenciaAndOrejasID": null, "domergueID": "CO 36", "spainMapSheet": 860.0, "lambertX": 530.5, "lambertY": 423.4, "latitude": 38.40478197, "longitude": -4.48423365, "coordinateAccuracy": 100.0, "locationDataSource": "Converted in QGIS from Lambert coords, Madrid 1870", "locationNotes": null, "notBeforeOpeningDate": null, "notAfterOpeningDate": null, "notBeforeClosingDate": null, "notAfterClosingDate": null, "inUseDate": null, "metalMinedGold": "FALSE", "metalMinedSilver": 0.0, "metalMinedLead": 0.0, "metalMinedCopper": 1.0, "metalMinedTin": 0.0, "metalMinedIron": 0.0, "metalMinedMercuryCinnabar": 0.0, "metalMinedZinc": 0.0, "metalMinedOther": 0.0, "description": null, "references": "Domergue 1990: 47", "techniqueOpencast": 0.0, "techniqueUnderground": 1.0, "techniqueHydraulic": "FALSE", "techniqueHushing": "FALSE", "techniqueGroundSluicing": "FALSE", "techniqueRuinaMontium": 0.0, "techniqueRakeComb": 0.0, "techniqueGoldWashing": 0.0, "techniqueOther": 0.0, "notes": null, "geology": "Hard rock", "depositType": "Primary", "exploitationType": null, "Flag_Au_Oro": 0, "Status_Au_Oro": "No", "Flag_Ag_Plata": 0, "Status_Ag_Plata": "No", "Flag_Cu_Cobre": 1, "Status_Cu_Cobre": "Confirmado", "Flag_Pb_Plomo": 0, "Status_Pb_Plomo": "No", "Flag_Hg_Cinabrio": 0, "Status_Hg_Cinabrio": "No", "Flag_Sn_Estano": 0, "Status_Sn_Estano": "No", "Flag_Fe_Hierro": 0, "Status_Fe_Hierro": "No", "Tech_Ruina_Montium": 0, "Tech_Subterranea": 1, "Tech_Cielo_Abierto": 0, "Tech_Lavado_Placer": 0, "Certainty_Spatial": 1.0, "Certainty_Archaeological": 0.9, "Certainty_Metallogenic": 1.0, "Certainty_Score": 0.965, "Certainty_Grade": "Alta Certeza (Grado I)" }, "geometry": { "type": "Point", "coordinates": [ -4.48423365, 38.40478197 ] } },
{ "type": "Feature", "properties": { "mineID": 689, "site": "Estrella", "ancientName": null, "province": "Hispania Tarraconensis", "country": "Spain", "region": "Guadalajara", "miningDistrict": null, "romanianRANID": null, "sanchezPalenciaAndOrejasID": null, "domergueID": "GU 2", "spainMapSheet": 489.0, "lambertX": 746.1, "lambertY": 704.3, "latitude": 40.92752392, "longitude": -1.95146894, "coordinateAccuracy": 100.0, "locationDataSource": "Converted in QGIS from Lambert coords, Madrid 1870", "locationNotes": null, "notBeforeOpeningDate": null, "notAfterOpeningDate": null, "notBeforeClosingDate": null, "notAfterClosingDate": null, "inUseDate": null, "metalMinedGold": "FALSE", "metalMinedSilver": 0.0, "metalMinedLead": 0.0, "metalMinedCopper": 1.0, "metalMinedTin": 0.0, "metalMinedIron": 0.0, "metalMinedMercuryCinnabar": 0.0, "metalMinedZinc": 0.0, "metalMinedOther": 0.0, "description": "Remains of a mine and smelteries found", "references": "Domergue 1990: L䀀", "techniqueOpencast": null, "techniqueUnderground": null, "techniqueHydraulic": "FALSE", "techniqueHushing": "FALSE", "techniqueGroundSluicing": "FALSE", "techniqueRuinaMontium": 0.0, "techniqueRakeComb": 0.0, "techniqueGoldWashing": 0.0, "techniqueOther": null, "notes": null, "geology": null, "depositType": null, "exploitationType": null, "Flag_Au_Oro": 0, "Status_Au_Oro": "No", "Flag_Ag_Plata": 0, "Status_Ag_Plata": "No", "Flag_Cu_Cobre": 1, "Status_Cu_Cobre": "Confirmado", "Flag_Pb_Plomo": 0, "Status_Pb_Plomo": "No", "Flag_Hg_Cinabrio": 0, "Status_Hg_Cinabrio": "No", "Flag_Sn_Estano": 0, "Status_Sn_Estano": "No", "Flag_Fe_Hierro": 0, "Status_Fe_Hierro": "No", "Tech_Ruina_Montium": 0, "Tech_Subterranea": 0, "Tech_Cielo_Abierto": 0, "Tech_Lavado_Placer": 0, "Certainty_Spatial": 1.0, "Certainty_Archaeological": 0.9, "Certainty_Metallogenic": 1.0, "Certainty_Score": 0.965, "Certainty_Grade": "Alta Certeza (Grado I)" }, "geometry": { "type": "Point", "coordinates": [ -1.95146894, 40.92752392 ] } },
{ "type": "Feature", "properties": { "mineID": 701, "site": "Filón del Cobre", "ancientName": null, "province": "Hispania Tarraconensis", "country": "Spain", "region": "Jaén", "miningDistrict": "Linares-La Carolina", "romanianRANID": null, "sanchezPalenciaAndOrejasID": null, "domergueID": "J 9", "spainMapSheet": 905.0, "lambertX": 597.0, "lambertY": 392.3, "latitude": 38.12718959, "longitude": -3.72217537, "coordinateAccuracy": 100.0, "locationDataSource": "Converted in QGIS from Lambert coords, Madrid 1870", "locationNotes": null, "notBeforeOpeningDate": null, "notAfterOpeningDate": null, "notBeforeClosingDate": null, "notAfterClosingDate": null, "inUseDate": null, "metalMinedGold": "FALSE", "metalMinedSilver": 1.0, "metalMinedLead": 1.0, "metalMinedCopper": 1.0, "metalMinedTin": 0.0, "metalMinedIron": 0.0, "metalMinedMercuryCinnabar": 0.0, "metalMinedZinc": 0.0, "metalMinedOther": 0.0, "description": null, "references": "Domergue 1990: 45", "techniqueOpencast": 0.0, "techniqueUnderground": 1.0, "techniqueHydraulic": "FALSE", "techniqueHushing": "FALSE", "techniqueGroundSluicing": "FALSE", "techniqueRuinaMontium": 0.0, "techniqueRakeComb": 0.0, "techniqueGoldWashing": 0.0, "techniqueOther": 0.0, "notes": null, "geology": "Hard rock", "depositType": null, "exploitationType": null, "Flag_Au_Oro": 0, "Status_Au_Oro": "No", "Flag_Ag_Plata": 1, "Status_Ag_Plata": "Confirmado", "Flag_Cu_Cobre": 1, "Status_Cu_Cobre": "Confirmado", "Flag_Pb_Plomo": 1, "Status_Pb_Plomo": "Confirmado", "Flag_Hg_Cinabrio": 0, "Status_Hg_Cinabrio": "No", "Flag_Sn_Estano": 0, "Status_Sn_Estano": "No", "Flag_Fe_Hierro": 0, "Status_Fe_Hierro": "No", "Tech_Ruina_Montium": 0, "Tech_Subterranea": 1, "Tech_Cielo_Abierto": 0, "Tech_Lavado_Placer": 0, "Certainty_Spatial": 1.0, "Certainty_Archaeological": 0.9, "Certainty_Metallogenic": 1.0, "Certainty_Score": 0.965, "Certainty_Grade": "Alta Certeza (Grado I)" }, "geometry": { "type": "Point", "coordinates": [ -3.72217537, 38.12718959 ] } },
{ "type": "Feature", "properties": { "mineID": 702, "site": "Filón Zumajo: Cortijo de los Chinches", "ancientName": null, "province": "Hispania Baetica", "country": "Spain", "region": "Córdoba", "miningDistrict": "Los Pedroches", "romanianRANID": null, "sanchezPalenciaAndOrejasID": null, "domergueID": "CO 32", "spainMapSheet": 860.0, "lambertX": 527.6, "lambertY": 417.8, "latitude": 38.35405627, "longitude": -4.51686181, "coordinateAccuracy": 100.0, "locationDataSource": "Converted in QGIS from Lambert coords, Madrid 1870", "locationNotes": null, "notBeforeOpeningDate": null, "notAfterOpeningDate": null, "notBeforeClosingDate": null, "notAfterClosingDate": null, "inUseDate": null, "metalMinedGold": "FALSE", "metalMinedSilver": 1.0, "metalMinedLead": 1.0, "metalMinedCopper": 1.0, "metalMinedTin": 0.0, "metalMinedIron": 0.0, "metalMinedMercuryCinnabar": 0.0, "metalMinedZinc": 0.0, "metalMinedOther": 0.0, "description": null, "references": "Domergue 1990: 48", "techniqueOpencast": 0.0, "techniqueUnderground": 1.0, "techniqueHydraulic": "FALSE", "techniqueHushing": "FALSE", "techniqueGroundSluicing": "FALSE", "techniqueRuinaMontium": 0.0, "techniqueRakeComb": 0.0, "techniqueGoldWashing": 0.0, "techniqueOther": 0.0, "notes": null, "geology": "Hard rock", "depositType": "Primary", "exploitationType": null, "Flag_Au_Oro": 0, "Status_Au_Oro": "No", "Flag_Ag_Plata": 1, "Status_Ag_Plata": "Confirmado", "Flag_Cu_Cobre": 1, "Status_Cu_Cobre": "Confirmado", "Flag_Pb_Plomo": 1, "Status_Pb_Plomo": "Confirmado", "Flag_Hg_Cinabrio": 0, "Status_Hg_Cinabrio": "No", "Flag_Sn_Estano": 0, "Status_Sn_Estano": "No", "Flag_Fe_Hierro": 0, "Status_Fe_Hierro": "No", "Tech_Ruina_Montium": 0, "Tech_Subterranea": 1, "Tech_Cielo_Abierto": 0, "Tech_Lavado_Placer": 0, "Certainty_Spatial": 1.0, "Certainty_Archaeological": 0.9, "Certainty_Metallogenic": 1.0, "Certainty_Score": 0.965, "Certainty_Grade": "Alta Certeza (Grado I)" }, "geometry": { "type": "Point", "coordinates": [ -4.51686181, 38.35405627 ] } },
{ "type": "Feature", "properties": { "mineID": 703, "site": "Filón Zumajo: San Cayetano", "ancientName": null, "province": "Hispania Baetica", "country": "Spain", "region": "Córdoba", "miningDistrict": "Los Pedroches", "romanianRANID": null, "sanchezPalenciaAndOrejasID": null, "domergueID": "CO 32", "spainMapSheet": 882.0, "lambertX": 537.2, "lambertY": 410.5, "latitude": 38.28899455, "longitude": -4.40628096, "coordinateAccuracy": 100.0, "locationDataSource": "Converted in QGIS from Lambert coords, Madrid 1870", "locationNotes": null, "notBeforeOpeningDate": null, "notAfterOpeningDate": null, "notBeforeClosingDate": null, "notAfterClosingDate": null, "inUseDate": null, "metalMinedGold": "FALSE", "metalMinedSilver": 1.0, "metalMinedLead": 1.0, "metalMinedCopper": 1.0, "metalMinedTin": 0.0, "metalMinedIron": 0.0, "metalMinedMercuryCinnabar": 0.0, "metalMinedZinc": 0.0, "metalMinedOther": 0.0, "description": null, "references": "Domergue 1990: 48", "techniqueOpencast": 0.0, "techniqueUnderground": 1.0, "techniqueHydraulic": "FALSE", "techniqueHushing": "FALSE", "techniqueGroundSluicing": "FALSE", "techniqueRuinaMontium": 0.0, "techniqueRakeComb": 0.0, "techniqueGoldWashing": 0.0, "techniqueOther": 0.0, "notes": null, "geology": "Hard rock", "depositType": "Primary", "exploitationType": null, "Flag_Au_Oro": 0, "Status_Au_Oro": "No", "Flag_Ag_Plata": 1, "Status_Ag_Plata": "Confirmado", "Flag_Cu_Cobre": 1, "Status_Cu_Cobre": "Confirmado", "Flag_Pb_Plomo": 1, "Status_Pb_Plomo": "Confirmado", "Flag_Hg_Cinabrio": 0, "Status_Hg_Cinabrio": "No", "Flag_Sn_Estano": 0, "Status_Sn_Estano": "No", "Flag_Fe_Hierro": 0, "Status_Fe_Hierro": "No", "Tech_Ruina_Montium": 0, "Tech_Subterranea": 1, "Tech_Cielo_Abierto": 0, "Tech_Lavado_Placer": 0, "Certainty_Spatial": 1.0, "Certainty_Archaeological": 0.9, "Certainty_Metallogenic": 1.0, "Certainty_Score": 0.965, "Certainty_Grade": "Alta Certeza (Grado I)" }, "geometry": { "type": "Point", "coordinates": [ -4.40628096, 38.28899455 ] } },
{ "type": "Feature", "properties": { "mineID": 706, "site": "Fombuena", "ancientName": null, "province": "Hispania Tarraconensis", "country": "Spain", "region": "Zaragoza", "miningDistrict": "Fombuena", "romanianRANID": null, "sanchezPalenciaAndOrejasID": null, "domergueID": "Z 4", "spainMapSheet": 466.0, "lambertX": 812.5, "lambertY": 730.3, "latitude": 41.14748302, "longitude": -1.153847049, "coordinateAccuracy": 100.0, "locationDataSource": "Converted in QGIS from Lambert coords, Madrid 1870", "locationNotes": null, "notBeforeOpeningDate": null, "notAfterOpeningDate": null, "notBeforeClosingDate": null, "notAfterClosingDate": null, "inUseDate": null, "metalMinedGold": "FALSE", "metalMinedSilver": 0.0, "metalMinedLead": 0.0, "metalMinedCopper": 1.0, "metalMinedTin": 0.0, "metalMinedIron": 0.0, "metalMinedMercuryCinnabar": 0.0, "metalMinedZinc": 0.0, "metalMinedOther": 0.0, "description": null, "references": "Domergue 1990: 64", "techniqueOpencast": null, "techniqueUnderground": null, "techniqueHydraulic": "FALSE", "techniqueHushing": "FALSE", "techniqueGroundSluicing": "FALSE", "techniqueRuinaMontium": 0.0, "techniqueRakeComb": 0.0, "techniqueGoldWashing": 0.0, "techniqueOther": null, "notes": null, "geology": null, "depositType": null, "exploitationType": null, "Flag_Au_Oro": 0, "Status_Au_Oro": "No", "Flag_Ag_Plata": 0, "Status_Ag_Plata": "No", "Flag_Cu_Cobre": 1, "Status_Cu_Cobre": "Confirmado", "Flag_Pb_Plomo": 0, "Status_Pb_Plomo": "No", "Flag_Hg_Cinabrio": 0, "Status_Hg_Cinabrio": "No", "Flag_Sn_Estano": 0, "Status_Sn_Estano": "No", "Flag_Fe_Hierro": 0, "Status_Fe_Hierro": "No", "Tech_Ruina_Montium": 0, "Tech_Subterranea": 0, "Tech_Cielo_Abierto": 0, "Tech_Lavado_Placer": 0, "Certainty_Spatial": 1.0, "Certainty_Archaeological": 0.9, "Certainty_Metallogenic": 1.0, "Certainty_Score": 0.965, "Certainty_Grade": "Alta Certeza (Grado I)" }, "geometry": { "type": "Point", "coordinates": [ -1.153847049, 41.14748302 ] } },
{ "type": "Feature", "properties": { "mineID": 708, "site": "Fontanar", "ancientName": null, "province": "Hispania Baetica", "country": "Spain", "region": "Córdoba", "miningDistrict": "Los Pedroches", "romanianRANID": null, "sanchezPalenciaAndOrejasID": null, "domergueID": "CO 17", "spainMapSheet": 858.0, "lambertX": 494.5, "lambertY": 417.4, "latitude": 38.34704078, "longitude": -4.89572955, "coordinateAccuracy": 100.0, "locationDataSource": "Converted in QGIS from Lambert coords, Madrid 1870", "locationNotes": null, "notBeforeOpeningDate": null, "notAfterOpeningDate": null, "notBeforeClosingDate": null, "notAfterClosingDate": null, "inUseDate": null, "metalMinedGold": "FALSE", "metalMinedSilver": 0.0, "metalMinedLead": 0.0, "metalMinedCopper": 1.0, "metalMinedTin": 0.0, "metalMinedIron": 0.0, "metalMinedMercuryCinnabar": 0.0, "metalMinedZinc": 0.0, "metalMinedOther": 0.0, "description": null, "references": "Domergue 1990: 47", "techniqueOpencast": null, "techniqueUnderground": null, "techniqueHydraulic": "FALSE", "techniqueHushing": "FALSE", "techniqueGroundSluicing": "FALSE", "techniqueRuinaMontium": 0.0, "techniqueRakeComb": 0.0, "techniqueGoldWashing": 0.0, "techniqueOther": null, "notes": null, "geology": "Hard rock", "depositType": "Primary", "exploitationType": null, "Flag_Au_Oro": 0, "Status_Au_Oro": "No", "Flag_Ag_Plata": 0, "Status_Ag_Plata": "No", "Flag_Cu_Cobre": 1, "Status_Cu_Cobre": "Confirmado", "Flag_Pb_Plomo": 0, "Status_Pb_Plomo": "No", "Flag_Hg_Cinabrio": 0, "Status_Hg_Cinabrio": "No", "Flag_Sn_Estano": 0, "Status_Sn_Estano": "No", "Flag_Fe_Hierro": 0, "Status_Fe_Hierro": "No", "Tech_Ruina_Montium": 0, "Tech_Subterranea": 0, "Tech_Cielo_Abierto": 0, "Tech_Lavado_Placer": 0, "Certainty_Spatial": 1.0, "Certainty_Archaeological": 0.9, "Certainty_Metallogenic": 1.0, "Certainty_Score": 0.965, "Certainty_Grade": "Alta Certeza (Grado I)" }, "geometry": { "type": "Point", "coordinates": [ -4.89572955, 38.34704078 ] } },
{ "type": "Feature", "properties": { "mineID": 725, "site": "Gibla", "ancientName": null, "province": "Hispania Baetica", "country": "Spain", "region": "Sevilla", "miningDistrict": "Sevilla", "romanianRANID": null, "sanchezPalenciaAndOrejasID": null, "domergueID": "SE 7", "spainMapSheet": 920.0, "lambertX": 438.6, "lambertY": 362.7, "latitude": 37.8453868, "longitude": -5.522648628, "coordinateAccuracy": 100.0, "locationDataSource": "Converted in QGIS from Lambert coords, Madrid 1870", "locationNotes": null, "notBeforeOpeningDate": null, "notAfterOpeningDate": null, "notBeforeClosingDate": null, "notAfterClosingDate": null, "inUseDate": null, "metalMinedGold": "FALSE", "metalMinedSilver": 0.0, "metalMinedLead": 0.0, "metalMinedCopper": 1.0, "metalMinedTin": 0.0, "metalMinedIron": 0.0, "metalMinedMercuryCinnabar": 0.0, "metalMinedZinc": 0.0, "metalMinedOther": 0.0, "description": null, "references": "Domergue 1990: 48", "techniqueOpencast": null, "techniqueUnderground": null, "techniqueHydraulic": "FALSE", "techniqueHushing": "FALSE", "techniqueGroundSluicing": "FALSE", "techniqueRuinaMontium": 0.0, "techniqueRakeComb": 0.0, "techniqueGoldWashing": 0.0, "techniqueOther": null, "notes": null, "geology": "Hard rock", "depositType": "Primary", "exploitationType": null, "Flag_Au_Oro": 0, "Status_Au_Oro": "No", "Flag_Ag_Plata": 0, "Status_Ag_Plata": "No", "Flag_Cu_Cobre": 1, "Status_Cu_Cobre": "Confirmado", "Flag_Pb_Plomo": 0, "Status_Pb_Plomo": "No", "Flag_Hg_Cinabrio": 0, "Status_Hg_Cinabrio": "No", "Flag_Sn_Estano": 0, "Status_Sn_Estano": "No", "Flag_Fe_Hierro": 0, "Status_Fe_Hierro": "No", "Tech_Ruina_Montium": 0, "Tech_Subterranea": 0, "Tech_Cielo_Abierto": 0, "Tech_Lavado_Placer": 0, "Certainty_Spatial": 1.0, "Certainty_Archaeological": 0.9, "Certainty_Metallogenic": 1.0, "Certainty_Score": 0.965, "Certainty_Grade": "Alta Certeza (Grado I)" }, "geometry": { "type": "Point", "coordinates": [ -5.522648628, 37.8453868 ] } },
{ "type": "Feature", "properties": { "mineID": 735, "site": "Herrerías (Huelva)", "ancientName": null, "province": "Hispania Baetica", "country": "Spain", "region": "Huelva", "miningDistrict": "Huelva", "romanianRANID": null, "sanchezPalenciaAndOrejasID": null, "domergueID": "H 40", "spainMapSheet": 958.0, "lambertX": 281.3, "lambertY": 342.3, "latitude": 37.61827285, "longitude": -7.29988195, "coordinateAccuracy": 100.0, "locationDataSource": "Converted in QGIS from Lambert coords, Madrid 1870", "locationNotes": null, "notBeforeOpeningDate": null, "notAfterOpeningDate": null, "notBeforeClosingDate": null, "notAfterClosingDate": null, "inUseDate": null, "metalMinedGold": "FALSE", "metalMinedSilver": 1.0, "metalMinedLead": 0.0, "metalMinedCopper": 1.0, "metalMinedTin": 0.0, "metalMinedIron": 0.0, "metalMinedMercuryCinnabar": 0.0, "metalMinedZinc": 0.0, "metalMinedOther": 0.0, "description": null, "references": "Domergue 1990: 62", "techniqueOpencast": 0.0, "techniqueUnderground": 1.0, "techniqueHydraulic": "FALSE", "techniqueHushing": "FALSE", "techniqueGroundSluicing": "FALSE", "techniqueRuinaMontium": 0.0, "techniqueRakeComb": 0.0, "techniqueGoldWashing": 0.0, "techniqueOther": 0.0, "notes": null, "geology": "Pyrite", "depositType": "Primary", "exploitationType": null, "Flag_Au_Oro": 0, "Status_Au_Oro": "No", "Flag_Ag_Plata": 1, "Status_Ag_Plata": "Confirmado", "Flag_Cu_Cobre": 1, "Status_Cu_Cobre": "Confirmado", "Flag_Pb_Plomo": 0, "Status_Pb_Plomo": "No", "Flag_Hg_Cinabrio": 0, "Status_Hg_Cinabrio": "No", "Flag_Sn_Estano": 0, "Status_Sn_Estano": "No", "Flag_Fe_Hierro": 0, "Status_Fe_Hierro": "No", "Tech_Ruina_Montium": 0, "Tech_Subterranea": 1, "Tech_Cielo_Abierto": 0, "Tech_Lavado_Placer": 0, "Certainty_Spatial": 1.0, "Certainty_Archaeological": 0.9, "Certainty_Metallogenic": 1.0, "Certainty_Score": 0.965, "Certainty_Grade": "Alta Certeza (Grado I)" }, "geometry": { "type": "Point", "coordinates": [ -7.29988195, 37.61827285 ] } },
{ "type": "Feature", "properties": { "mineID": 736, "site": "Herrerías de los Confesionarios", "ancientName": null, "province": "Hispania Baetica", "country": "Spain", "region": "Huelva", "miningDistrict": "Huelva", "romanianRANID": null, "sanchezPalenciaAndOrejasID": null, "domergueID": "H 25", "spainMapSheet": 937.0, "lambertX": 318.7, "lambertY": 360.1, "latitude": 37.7914656, "longitude": -6.88362989, "coordinateAccuracy": 100.0, "locationDataSource": "Converted in QGIS from Lambert coords, Madrid 1870", "locationNotes": null, "notBeforeOpeningDate": null, "notAfterOpeningDate": null, "notBeforeClosingDate": null, "notAfterClosingDate": null, "inUseDate": null, "metalMinedGold": "FALSE", "metalMinedSilver": 0.0, "metalMinedLead": 0.0, "metalMinedCopper": 1.0, "metalMinedTin": 0.0, "metalMinedIron": 0.0, "metalMinedMercuryCinnabar": 0.0, "metalMinedZinc": 0.0, "metalMinedOther": 0.0, "description": null, "references": "Domergue 1990: 62", "techniqueOpencast": 0.0, "techniqueUnderground": 1.0, "techniqueHydraulic": "FALSE", "techniqueHushing": "FALSE", "techniqueGroundSluicing": "FALSE", "techniqueRuinaMontium": 0.0, "techniqueRakeComb": 0.0, "techniqueGoldWashing": 0.0, "techniqueOther": 0.0, "notes": null, "geology": "Pyrite", "depositType": "Primary", "exploitationType": null, "Flag_Au_Oro": 0, "Status_Au_Oro": "No", "Flag_Ag_Plata": 0, "Status_Ag_Plata": "No", "Flag_Cu_Cobre": 1, "Status_Cu_Cobre": "Confirmado", "Flag_Pb_Plomo": 0, "Status_Pb_Plomo": "No", "Flag_Hg_Cinabrio": 0, "Status_Hg_Cinabrio": "No", "Flag_Sn_Estano": 0, "Status_Sn_Estano": "No", "Flag_Fe_Hierro": 0, "Status_Fe_Hierro": "No", "Tech_Ruina_Montium": 0, "Tech_Subterranea": 1, "Tech_Cielo_Abierto": 0, "Tech_Lavado_Placer": 0, "Certainty_Spatial": 1.0, "Certainty_Archaeological": 0.9, "Certainty_Metallogenic": 1.0, "Certainty_Score": 0.965, "Certainty_Grade": "Alta Certeza (Grado I)" }, "geometry": { "type": "Point", "coordinates": [ -6.88362989, 37.7914656 ] } },
{ "type": "Feature", "properties": { "mineID": 740, "site": "Hoyo de los Colgazidos de Castrofrio", "ancientName": null, "province": "Hispania Tarraconensis", "country": "Spain", "region": "Avila", "miningDistrict": null, "romanianRANID": null, "sanchezPalenciaAndOrejasID": null, "domergueID": "AV 1", "spainMapSheet": 576.0, "lambertX": 437.0, "lambertY": 629.0, "latitude": 40.24567301, "longitude": -5.60595927, "coordinateAccuracy": 100.0, "locationDataSource": "Converted in QGIS from Lambert coords, Madrid 1870", "locationNotes": null, "notBeforeOpeningDate": null, "notAfterOpeningDate": null, "notBeforeClosingDate": null, "notAfterClosingDate": null, "inUseDate": null, "metalMinedGold": "FALSE", "metalMinedSilver": 0.0, "metalMinedLead": 0.0, "metalMinedCopper": 1.0, "metalMinedTin": 0.0, "metalMinedIron": 0.0, "metalMinedMercuryCinnabar": 0.0, "metalMinedZinc": 0.0, "metalMinedOther": 0.0, "description": null, "references": "Domergue 1990: 64", "techniqueOpencast": null, "techniqueUnderground": null, "techniqueHydraulic": "FALSE", "techniqueHushing": "FALSE", "techniqueGroundSluicing": "FALSE", "techniqueRuinaMontium": 0.0, "techniqueRakeComb": 0.0, "techniqueGoldWashing": 0.0, "techniqueOther": null, "notes": null, "geology": null, "depositType": null, "exploitationType": null, "Flag_Au_Oro": 0, "Status_Au_Oro": "No", "Flag_Ag_Plata": 0, "Status_Ag_Plata": "No", "Flag_Cu_Cobre": 1, "Status_Cu_Cobre": "Confirmado", "Flag_Pb_Plomo": 0, "Status_Pb_Plomo": "No", "Flag_Hg_Cinabrio": 0, "Status_Hg_Cinabrio": "No", "Flag_Sn_Estano": 0, "Status_Sn_Estano": "No", "Flag_Fe_Hierro": 0, "Status_Fe_Hierro": "No", "Tech_Ruina_Montium": 0, "Tech_Subterranea": 0, "Tech_Cielo_Abierto": 0, "Tech_Lavado_Placer": 0, "Certainty_Spatial": 1.0, "Certainty_Archaeological": 0.9, "Certainty_Metallogenic": 1.0, "Certainty_Score": 0.965, "Certainty_Grade": "Alta Certeza (Grado I)" }, "geometry": { "type": "Point", "coordinates": [ -5.60595927, 40.24567301 ] } },
{ "type": "Feature", "properties": { "mineID": 745, "site": "Juan Teniente", "ancientName": null, "province": "Hispania Baetica", "country": "Spain", "region": "Sevilla", "miningDistrict": "Sevilla", "romanianRANID": null, "sanchezPalenciaAndOrejasID": null, "domergueID": "SE 12", "spainMapSheet": 920.0, "lambertX": 416.2, "lambertY": 365.5, "latitude": 37.86617539, "longitude": -5.777938529, "coordinateAccuracy": 100.0, "locationDataSource": "Converted in QGIS from Lambert coords, Madrid 1870", "locationNotes": null, "notBeforeOpeningDate": null, "notAfterOpeningDate": null, "notBeforeClosingDate": null, "notAfterClosingDate": null, "inUseDate": null, "metalMinedGold": "FALSE", "metalMinedSilver": 0.0, "metalMinedLead": 0.0, "metalMinedCopper": 1.0, "metalMinedTin": 0.0, "metalMinedIron": 0.0, "metalMinedMercuryCinnabar": 0.0, "metalMinedZinc": 0.0, "metalMinedOther": 0.0, "description": null, "references": "Domergue 1990: 48", "techniqueOpencast": null, "techniqueUnderground": null, "techniqueHydraulic": "FALSE", "techniqueHushing": "FALSE", "techniqueGroundSluicing": "FALSE", "techniqueRuinaMontium": 0.0, "techniqueRakeComb": 0.0, "techniqueGoldWashing": 0.0, "techniqueOther": null, "notes": null, "geology": "Hard rock", "depositType": "Primary", "exploitationType": null, "Flag_Au_Oro": 0, "Status_Au_Oro": "No", "Flag_Ag_Plata": 0, "Status_Ag_Plata": "No", "Flag_Cu_Cobre": 1, "Status_Cu_Cobre": "Confirmado", "Flag_Pb_Plomo": 0, "Status_Pb_Plomo": "No", "Flag_Hg_Cinabrio": 0, "Status_Hg_Cinabrio": "No", "Flag_Sn_Estano": 0, "Status_Sn_Estano": "No", "Flag_Fe_Hierro": 0, "Status_Fe_Hierro": "No", "Tech_Ruina_Montium": 0, "Tech_Subterranea": 0, "Tech_Cielo_Abierto": 0, "Tech_Lavado_Placer": 0, "Certainty_Spatial": 1.0, "Certainty_Archaeological": 0.9, "Certainty_Metallogenic": 1.0, "Certainty_Score": 0.965, "Certainty_Grade": "Alta Certeza (Grado I)" }, "geometry": { "type": "Point", "coordinates": [ -5.777938529, 37.86617539 ] } },
{ "type": "Feature", "properties": { "mineID": 750, "site": "La Atalaya", "ancientName": null, "province": "Hispania Baetica", "country": "Spain", "region": "Córdoba", "miningDistrict": "Los Pedroches", "romanianRANID": null, "sanchezPalenciaAndOrejasID": null, "domergueID": "CO 12", "spainMapSheet": 881.0, "lambertX": 498.2, "lambertY": 411.1, "latitude": 38.29069017, "longitude": -4.85243374, "coordinateAccuracy": 100.0, "locationDataSource": "Converted in QGIS from Lambert coords, Madrid 1870", "locationNotes": null, "notBeforeOpeningDate": null, "notAfterOpeningDate": null, "notBeforeClosingDate": null, "notAfterClosingDate": null, "inUseDate": null, "metalMinedGold": "FALSE", "metalMinedSilver": 1.0, "metalMinedLead": 1.0, "metalMinedCopper": 1.0, "metalMinedTin": 0.0, "metalMinedIron": 0.0, "metalMinedMercuryCinnabar": 0.0, "metalMinedZinc": 0.0, "metalMinedOther": 0.0, "description": null, "references": "Domergue 1990: 48", "techniqueOpencast": null, "techniqueUnderground": null, "techniqueHydraulic": "FALSE", "techniqueHushing": "FALSE", "techniqueGroundSluicing": "FALSE", "techniqueRuinaMontium": 0.0, "techniqueRakeComb": 0.0, "techniqueGoldWashing": 0.0, "techniqueOther": null, "notes": null, "geology": "Hard rock", "depositType": "Primary", "exploitationType": null, "Flag_Au_Oro": 0, "Status_Au_Oro": "No", "Flag_Ag_Plata": 1, "Status_Ag_Plata": "Confirmado", "Flag_Cu_Cobre": 1, "Status_Cu_Cobre": "Confirmado", "Flag_Pb_Plomo": 1, "Status_Pb_Plomo": "Confirmado", "Flag_Hg_Cinabrio": 0, "Status_Hg_Cinabrio": "No", "Flag_Sn_Estano": 0, "Status_Sn_Estano": "No", "Flag_Fe_Hierro": 0, "Status_Fe_Hierro": "No", "Tech_Ruina_Montium": 0, "Tech_Subterranea": 0, "Tech_Cielo_Abierto": 0, "Tech_Lavado_Placer": 0, "Certainty_Spatial": 1.0, "Certainty_Archaeological": 0.9, "Certainty_Metallogenic": 1.0, "Certainty_Score": 0.965, "Certainty_Grade": "Alta Certeza (Grado I)" }, "geometry": { "type": "Point", "coordinates": [ -4.85243374, 38.29069017 ] } },
{ "type": "Feature", "properties": { "mineID": 754, "site": "La Calera", "ancientName": null, "province": "Hispania Baetica", "country": "Spain", "region": "Córdoba", "miningDistrict": "Córdoba", "romanianRANID": null, "sanchezPalenciaAndOrejasID": null, "domergueID": "CO 106", "spainMapSheet": 901.0, "lambertX": 495.3, "lambertY": 393.0, "latitude": 38.12717881, "longitude": -4.88282771, "coordinateAccuracy": 100.0, "locationDataSource": "Converted in QGIS from Lambert coords, Madrid 1870", "locationNotes": null, "notBeforeOpeningDate": null, "notAfterOpeningDate": null, "notBeforeClosingDate": null, "notAfterClosingDate": null, "inUseDate": null, "metalMinedGold": "FALSE", "metalMinedSilver": 0.0, "metalMinedLead": 0.0, "metalMinedCopper": 1.0, "metalMinedTin": 0.0, "metalMinedIron": 0.0, "metalMinedMercuryCinnabar": 0.0, "metalMinedZinc": 0.0, "metalMinedOther": 0.0, "description": null, "references": "Domergue 1990: 47", "techniqueOpencast": null, "techniqueUnderground": null, "techniqueHydraulic": "FALSE", "techniqueHushing": "FALSE", "techniqueGroundSluicing": "FALSE", "techniqueRuinaMontium": 0.0, "techniqueRakeComb": 0.0, "techniqueGoldWashing": 0.0, "techniqueOther": null, "notes": null, "geology": "Hard rock", "depositType": null, "exploitationType": null, "Flag_Au_Oro": 0, "Status_Au_Oro": "No", "Flag_Ag_Plata": 0, "Status_Ag_Plata": "No", "Flag_Cu_Cobre": 1, "Status_Cu_Cobre": "Confirmado", "Flag_Pb_Plomo": 0, "Status_Pb_Plomo": "No", "Flag_Hg_Cinabrio": 0, "Status_Hg_Cinabrio": "No", "Flag_Sn_Estano": 0, "Status_Sn_Estano": "No", "Flag_Fe_Hierro": 0, "Status_Fe_Hierro": "No", "Tech_Ruina_Montium": 0, "Tech_Subterranea": 0, "Tech_Cielo_Abierto": 0, "Tech_Lavado_Placer": 0, "Certainty_Spatial": 1.0, "Certainty_Archaeological": 0.9, "Certainty_Metallogenic": 1.0, "Certainty_Score": 0.965, "Certainty_Grade": "Alta Certeza (Grado I)" }, "geometry": { "type": "Point", "coordinates": [ -4.88282771, 38.12717881 ] } },
{ "type": "Feature", "properties": { "mineID": 765, "site": "La Cruz", "ancientName": null, "province": "Hispania Tarraconensis", "country": "Spain", "region": "Jaén", "miningDistrict": "Linares - La Carolina", "romanianRANID": null, "sanchezPalenciaAndOrejasID": null, "domergueID": "J 24", "spainMapSheet": 905.0, "lambertX": 604.8, "lambertY": 394.5, "latitude": 38.14701494, "longitude": -3.63314509, "coordinateAccuracy": 100.0, "locationDataSource": "Converted in QGIS from Lambert coords, Madrid 1870", "locationNotes": null, "notBeforeOpeningDate": null, "notAfterOpeningDate": null, "notBeforeClosingDate": null, "notAfterClosingDate": null, "inUseDate": null, "metalMinedGold": "FALSE", "metalMinedSilver": 1.0, "metalMinedLead": 1.0, "metalMinedCopper": 1.0, "metalMinedTin": 0.0, "metalMinedIron": 0.0, "metalMinedMercuryCinnabar": 0.0, "metalMinedZinc": 0.0, "metalMinedOther": 0.0, "description": null, "references": "Domergue 1990: 45", "techniqueOpencast": 0.0, "techniqueUnderground": 1.0, "techniqueHydraulic": "FALSE", "techniqueHushing": "FALSE", "techniqueGroundSluicing": "FALSE", "techniqueRuinaMontium": 0.0, "techniqueRakeComb": 0.0, "techniqueGoldWashing": 0.0, "techniqueOther": 0.0, "notes": null, "geology": "Hard rock", "depositType": null, "exploitationType": null, "Flag_Au_Oro": 0, "Status_Au_Oro": "No", "Flag_Ag_Plata": 1, "Status_Ag_Plata": "Confirmado", "Flag_Cu_Cobre": 1, "Status_Cu_Cobre": "Confirmado", "Flag_Pb_Plomo": 1, "Status_Pb_Plomo": "Confirmado", "Flag_Hg_Cinabrio": 0, "Status_Hg_Cinabrio": "No", "Flag_Sn_Estano": 0, "Status_Sn_Estano": "No", "Flag_Fe_Hierro": 0, "Status_Fe_Hierro": "No", "Tech_Ruina_Montium": 0, "Tech_Subterranea": 1, "Tech_Cielo_Abierto": 0, "Tech_Lavado_Placer": 0, "Certainty_Spatial": 1.0, "Certainty_Archaeological": 0.9, "Certainty_Metallogenic": 1.0, "Certainty_Score": 0.965, "Certainty_Grade": "Alta Certeza (Grado I)" }, "geometry": { "type": "Point", "coordinates": [ -3.63314509, 38.14701494 ] } },
{ "type": "Feature", "properties": { "mineID": 772, "site": "La Encinilla", "ancientName": null, "province": "Hispania Baetica", "country": "Spain", "region": "Córdoba", "miningDistrict": "Los Pedroches", "romanianRANID": null, "sanchezPalenciaAndOrejasID": null, "domergueID": "CO 22", "spainMapSheet": 833.0, "lambertX": 482.5, "lambertY": 440.5, "latitude": 38.55374099, "longitude": -5.03709116, "coordinateAccuracy": 100.0, "locationDataSource": "Converted in QGIS from Lambert coords, Madrid 1870", "locationNotes": null, "notBeforeOpeningDate": null, "notAfterOpeningDate": null, "notBeforeClosingDate": null, "notAfterClosingDate": null, "inUseDate": null, "metalMinedGold": "FALSE", "metalMinedSilver": 0.0, "metalMinedLead": 0.0, "metalMinedCopper": 1.0, "metalMinedTin": 0.0, "metalMinedIron": 0.0, "metalMinedMercuryCinnabar": 0.0, "metalMinedZinc": 0.0, "metalMinedOther": 0.0, "description": null, "references": "Domergue 1990: 47", "techniqueOpencast": 0.0, "techniqueUnderground": 1.0, "techniqueHydraulic": "FALSE", "techniqueHushing": "FALSE", "techniqueGroundSluicing": "FALSE", "techniqueRuinaMontium": 0.0, "techniqueRakeComb": 0.0, "techniqueGoldWashing": 0.0, "techniqueOther": 0.0, "notes": null, "geology": "Hard rock", "depositType": "Primary", "exploitationType": null, "Flag_Au_Oro": 0, "Status_Au_Oro": "No", "Flag_Ag_Plata": 0, "Status_Ag_Plata": "No", "Flag_Cu_Cobre": 1, "Status_Cu_Cobre": "Confirmado", "Flag_Pb_Plomo": 0, "Status_Pb_Plomo": "No", "Flag_Hg_Cinabrio": 0, "Status_Hg_Cinabrio": "No", "Flag_Sn_Estano": 0, "Status_Sn_Estano": "No", "Flag_Fe_Hierro": 0, "Status_Fe_Hierro": "No", "Tech_Ruina_Montium": 0, "Tech_Subterranea": 1, "Tech_Cielo_Abierto": 0, "Tech_Lavado_Placer": 0, "Certainty_Spatial": 1.0, "Certainty_Archaeological": 0.9, "Certainty_Metallogenic": 1.0, "Certainty_Score": 0.965, "Certainty_Grade": "Alta Certeza (Grado I)" }, "geometry": { "type": "Point", "coordinates": [ -5.03709116, 38.55374099 ] } },
{ "type": "Feature", "properties": { "mineID": 785, "site": "La Gran Mina", "ancientName": null, "province": "Hispania Baetica", "country": "Spain", "region": "Córdoba", "miningDistrict": "Córdoba", "romanianRANID": null, "sanchezPalenciaAndOrejasID": null, "domergueID": "CO 114", "spainMapSheet": 901.0, "lambertX": 490.8, "lambertY": 387.7, "latitude": 38.07884801, "longitude": -4.93333237, "coordinateAccuracy": 100.0, "locationDataSource": "Converted in QGIS from Lambert coords, Madrid 1870", "locationNotes": null, "notBeforeOpeningDate": null, "notAfterOpeningDate": null, "notBeforeClosingDate": null, "notAfterClosingDate": null, "inUseDate": null, "metalMinedGold": "FALSE", "metalMinedSilver": 1.0, "metalMinedLead": 0.0, "metalMinedCopper": 1.0, "metalMinedTin": 0.0, "metalMinedIron": 0.0, "metalMinedMercuryCinnabar": 0.0, "metalMinedZinc": 0.0, "metalMinedOther": 0.0, "description": null, "references": "Domergue 1990: 47", "techniqueOpencast": null, "techniqueUnderground": null, "techniqueHydraulic": "FALSE", "techniqueHushing": "FALSE", "techniqueGroundSluicing": "FALSE", "techniqueRuinaMontium": 0.0, "techniqueRakeComb": 0.0, "techniqueGoldWashing": 0.0, "techniqueOther": null, "notes": null, "geology": "Hard rock", "depositType": null, "exploitationType": null, "Flag_Au_Oro": 0, "Status_Au_Oro": "No", "Flag_Ag_Plata": 1, "Status_Ag_Plata": "Confirmado", "Flag_Cu_Cobre": 1, "Status_Cu_Cobre": "Confirmado", "Flag_Pb_Plomo": 0, "Status_Pb_Plomo": "No", "Flag_Hg_Cinabrio": 0, "Status_Hg_Cinabrio": "No", "Flag_Sn_Estano": 0, "Status_Sn_Estano": "No", "Flag_Fe_Hierro": 0, "Status_Fe_Hierro": "No", "Tech_Ruina_Montium": 0, "Tech_Subterranea": 0, "Tech_Cielo_Abierto": 0, "Tech_Lavado_Placer": 0, "Certainty_Spatial": 1.0, "Certainty_Archaeological": 0.9, "Certainty_Metallogenic": 1.0, "Certainty_Score": 0.965, "Certainty_Grade": "Alta Certeza (Grado I)" }, "geometry": { "type": "Point", "coordinates": [ -4.93333237, 38.07884801 ] } },
{ "type": "Feature", "properties": { "mineID": 788, "site": "La Herreria", "ancientName": null, "province": "Hispania Baetica", "country": "Spain", "region": "Córdoba", "miningDistrict": "Montoro Andújar", "romanianRANID": null, "sanchezPalenciaAndOrejasID": null, "domergueID": "CO 76", "spainMapSheet": 903.0, "lambertX": 537.4, "lambertY": 395.5, "latitude": 38.15378104, "longitude": -4.40261769, "coordinateAccuracy": 100.0, "locationDataSource": "Converted in QGIS from Lambert coords, Madrid 1870", "locationNotes": null, "notBeforeOpeningDate": null, "notAfterOpeningDate": null, "notBeforeClosingDate": null, "notAfterClosingDate": null, "inUseDate": null, "metalMinedGold": "FALSE", "metalMinedSilver": 1.0, "metalMinedLead": 1.0, "metalMinedCopper": 1.0, "metalMinedTin": 0.0, "metalMinedIron": 0.0, "metalMinedMercuryCinnabar": 0.0, "metalMinedZinc": 0.0, "metalMinedOther": 0.0, "description": null, "references": "Domergue 1990: 47", "techniqueOpencast": 0.0, "techniqueUnderground": 1.0, "techniqueHydraulic": "FALSE", "techniqueHushing": "FALSE", "techniqueGroundSluicing": "FALSE", "techniqueRuinaMontium": 0.0, "techniqueRakeComb": 0.0, "techniqueGoldWashing": 0.0, "techniqueOther": 0.0, "notes": null, "geology": "Hard rock", "depositType": null, "exploitationType": null, "Flag_Au_Oro": 0, "Status_Au_Oro": "No", "Flag_Ag_Plata": 1, "Status_Ag_Plata": "Confirmado", "Flag_Cu_Cobre": 1, "Status_Cu_Cobre": "Confirmado", "Flag_Pb_Plomo": 1, "Status_Pb_Plomo": "Confirmado", "Flag_Hg_Cinabrio": 0, "Status_Hg_Cinabrio": "No", "Flag_Sn_Estano": 0, "Status_Sn_Estano": "No", "Flag_Fe_Hierro": 0, "Status_Fe_Hierro": "No", "Tech_Ruina_Montium": 0, "Tech_Subterranea": 1, "Tech_Cielo_Abierto": 0, "Tech_Lavado_Placer": 0, "Certainty_Spatial": 1.0, "Certainty_Archaeological": 0.9, "Certainty_Metallogenic": 1.0, "Certainty_Score": 0.965, "Certainty_Grade": "Alta Certeza (Grado I)" }, "geometry": { "type": "Point", "coordinates": [ -4.40261769, 38.15378104 ] } },
{ "type": "Feature", "properties": { "mineID": 791, "site": "La Joya", "ancientName": null, "province": "Hispania Baetica", "country": "Spain", "region": "Huelva", "miningDistrict": "Huelva", "romanianRANID": null, "sanchezPalenciaAndOrejasID": null, "domergueID": "H 22", "spainMapSheet": 937.0, "lambertX": 306.5, "lambertY": 357.6, "latitude": 37.76491981, "longitude": -7.02103919, "coordinateAccuracy": 100.0, "locationDataSource": "Converted in QGIS from Lambert coords, Madrid 1870", "locationNotes": null, "notBeforeOpeningDate": null, "notAfterOpeningDate": null, "notBeforeClosingDate": null, "notAfterClosingDate": null, "inUseDate": null, "metalMinedGold": "FALSE", "metalMinedSilver": 0.0, "metalMinedLead": 0.0, "metalMinedCopper": 1.0, "metalMinedTin": 0.0, "metalMinedIron": 0.0, "metalMinedMercuryCinnabar": 0.0, "metalMinedZinc": 0.0, "metalMinedOther": 0.0, "description": null, "references": "Domergue 1990: 62", "techniqueOpencast": 0.0, "techniqueUnderground": 1.0, "techniqueHydraulic": "FALSE", "techniqueHushing": "FALSE", "techniqueGroundSluicing": "FALSE", "techniqueRuinaMontium": 0.0, "techniqueRakeComb": 0.0, "techniqueGoldWashing": 0.0, "techniqueOther": 0.0, "notes": null, "geology": "Pyrite", "depositType": "Primary", "exploitationType": null, "Flag_Au_Oro": 0, "Status_Au_Oro": "No", "Flag_Ag_Plata": 0, "Status_Ag_Plata": "No", "Flag_Cu_Cobre": 1, "Status_Cu_Cobre": "Confirmado", "Flag_Pb_Plomo": 0, "Status_Pb_Plomo": "No", "Flag_Hg_Cinabrio": 0, "Status_Hg_Cinabrio": "No", "Flag_Sn_Estano": 0, "Status_Sn_Estano": "No", "Flag_Fe_Hierro": 0, "Status_Fe_Hierro": "No", "Tech_Ruina_Montium": 0, "Tech_Subterranea": 1, "Tech_Cielo_Abierto": 0, "Tech_Lavado_Placer": 0, "Certainty_Spatial": 1.0, "Certainty_Archaeological": 0.9, "Certainty_Metallogenic": 1.0, "Certainty_Score": 0.965, "Certainty_Grade": "Alta Certeza (Grado I)" }, "geometry": { "type": "Point", "coordinates": [ -7.02103919, 37.76491981 ] } },
{ "type": "Feature", "properties": { "mineID": 793, "site": "La Lancha", "ancientName": null, "province": "Hispania Baetica", "country": "Spain", "region": "Huelva", "miningDistrict": "Huelva", "romanianRANID": null, "sanchezPalenciaAndOrejasID": null, "domergueID": "H 23", "spainMapSheet": 937.0, "lambertX": 310.7, "lambertY": 356.1, "latitude": 37.75281361, "longitude": -6.97275838, "coordinateAccuracy": 100.0, "locationDataSource": "Converted in QGIS from Lambert coords, Madrid 1870", "locationNotes": null, "notBeforeOpeningDate": null, "notAfterOpeningDate": null, "notBeforeClosingDate": null, "notAfterClosingDate": null, "inUseDate": null, "metalMinedGold": "FALSE", "metalMinedSilver": 0.0, "metalMinedLead": 0.0, "metalMinedCopper": 1.0, "metalMinedTin": 0.0, "metalMinedIron": 0.0, "metalMinedMercuryCinnabar": 0.0, "metalMinedZinc": 0.0, "metalMinedOther": 0.0, "description": null, "references": "Domergue 1990: 62", "techniqueOpencast": null, "techniqueUnderground": null, "techniqueHydraulic": "FALSE", "techniqueHushing": "FALSE", "techniqueGroundSluicing": "FALSE", "techniqueRuinaMontium": 0.0, "techniqueRakeComb": 0.0, "techniqueGoldWashing": 0.0, "techniqueOther": null, "notes": null, "geology": "Pyrite", "depositType": "Primary", "exploitationType": null, "Flag_Au_Oro": 0, "Status_Au_Oro": "No", "Flag_Ag_Plata": 0, "Status_Ag_Plata": "No", "Flag_Cu_Cobre": 1, "Status_Cu_Cobre": "Confirmado", "Flag_Pb_Plomo": 0, "Status_Pb_Plomo": "No", "Flag_Hg_Cinabrio": 0, "Status_Hg_Cinabrio": "No", "Flag_Sn_Estano": 0, "Status_Sn_Estano": "No", "Flag_Fe_Hierro": 0, "Status_Fe_Hierro": "No", "Tech_Ruina_Montium": 0, "Tech_Subterranea": 0, "Tech_Cielo_Abierto": 0, "Tech_Lavado_Placer": 0, "Certainty_Spatial": 1.0, "Certainty_Archaeological": 0.9, "Certainty_Metallogenic": 1.0, "Certainty_Score": 0.965, "Certainty_Grade": "Alta Certeza (Grado I)" }, "geometry": { "type": "Point", "coordinates": [ -6.97275838, 37.75281361 ] } },
{ "type": "Feature", "properties": { "mineID": 794, "site": "La Lapilla", "ancientName": null, "province": "Hispania Baetica", "country": "Spain", "region": "Huelva", "miningDistrict": "Huelva", "romanianRANID": null, "sanchezPalenciaAndOrejasID": null, "domergueID": "H 10", "spainMapSheet": 959.0, "lambertX": 298.8, "lambertY": 336.8, "latitude": 37.5749524, "longitude": -7.09936299, "coordinateAccuracy": 100.0, "locationDataSource": "Converted in QGIS from Lambert coords, Madrid 1870", "locationNotes": null, "notBeforeOpeningDate": null, "notAfterOpeningDate": null, "notBeforeClosingDate": null, "notAfterClosingDate": null, "inUseDate": null, "metalMinedGold": "FALSE", "metalMinedSilver": 0.0, "metalMinedLead": 0.0, "metalMinedCopper": 1.0, "metalMinedTin": 0.0, "metalMinedIron": 0.0, "metalMinedMercuryCinnabar": 0.0, "metalMinedZinc": 0.0, "metalMinedOther": 0.0, "description": null, "references": "Domergue 1990: 62", "techniqueOpencast": null, "techniqueUnderground": null, "techniqueHydraulic": "FALSE", "techniqueHushing": "FALSE", "techniqueGroundSluicing": "FALSE", "techniqueRuinaMontium": 0.0, "techniqueRakeComb": 0.0, "techniqueGoldWashing": 0.0, "techniqueOther": null, "notes": null, "geology": "Pyrite", "depositType": "Primary", "exploitationType": null, "Flag_Au_Oro": 0, "Status_Au_Oro": "No", "Flag_Ag_Plata": 0, "Status_Ag_Plata": "No", "Flag_Cu_Cobre": 1, "Status_Cu_Cobre": "Confirmado", "Flag_Pb_Plomo": 0, "Status_Pb_Plomo": "No", "Flag_Hg_Cinabrio": 0, "Status_Hg_Cinabrio": "No", "Flag_Sn_Estano": 0, "Status_Sn_Estano": "No", "Flag_Fe_Hierro": 0, "Status_Fe_Hierro": "No", "Tech_Ruina_Montium": 0, "Tech_Subterranea": 0, "Tech_Cielo_Abierto": 0, "Tech_Lavado_Placer": 0, "Certainty_Spatial": 1.0, "Certainty_Archaeological": 0.9, "Certainty_Metallogenic": 1.0, "Certainty_Score": 0.965, "Certainty_Grade": "Alta Certeza (Grado I)" }, "geometry": { "type": "Point", "coordinates": [ -7.09936299, 37.5749524 ] } },
{ "type": "Feature", "properties": { "mineID": 796, "site": "La Lisea", "ancientName": null, "province": "Hispania Baetica", "country": "Spain", "region": "Jaén", "miningDistrict": "Montoro Andújar", "romanianRANID": null, "sanchezPalenciaAndOrejasID": null, "domergueID": "J 4", "spainMapSheet": 883.0, "lambertX": 558.8, "lambertY": 399.7, "latitude": 38.19292738, "longitude": -4.15856145, "coordinateAccuracy": 100.0, "locationDataSource": "Converted in QGIS from Lambert coords, Madrid 1870", "locationNotes": null, "notBeforeOpeningDate": null, "notAfterOpeningDate": null, "notBeforeClosingDate": null, "notAfterClosingDate": null, "inUseDate": null, "metalMinedGold": "FALSE", "metalMinedSilver": 0.0, "metalMinedLead": 0.0, "metalMinedCopper": 1.0, "metalMinedTin": 0.0, "metalMinedIron": 0.0, "metalMinedMercuryCinnabar": 0.0, "metalMinedZinc": 0.0, "metalMinedOther": 0.0, "description": null, "references": "Domergue 1990: 47", "techniqueOpencast": null, "techniqueUnderground": null, "techniqueHydraulic": "FALSE", "techniqueHushing": "FALSE", "techniqueGroundSluicing": "FALSE", "techniqueRuinaMontium": 0.0, "techniqueRakeComb": 0.0, "techniqueGoldWashing": 0.0, "techniqueOther": null, "notes": null, "geology": "Hard rock", "depositType": null, "exploitationType": null, "Flag_Au_Oro": 0, "Status_Au_Oro": "No", "Flag_Ag_Plata": 0, "Status_Ag_Plata": "No", "Flag_Cu_Cobre": 1, "Status_Cu_Cobre": "Confirmado", "Flag_Pb_Plomo": 0, "Status_Pb_Plomo": "No", "Flag_Hg_Cinabrio": 0, "Status_Hg_Cinabrio": "No", "Flag_Sn_Estano": 0, "Status_Sn_Estano": "No", "Flag_Fe_Hierro": 0, "Status_Fe_Hierro": "No", "Tech_Ruina_Montium": 0, "Tech_Subterranea": 0, "Tech_Cielo_Abierto": 0, "Tech_Lavado_Placer": 0, "Certainty_Spatial": 1.0, "Certainty_Archaeological": 0.9, "Certainty_Metallogenic": 1.0, "Certainty_Score": 0.965, "Certainty_Grade": "Alta Certeza (Grado I)" }, "geometry": { "type": "Point", "coordinates": [ -4.15856145, 38.19292738 ] } },
{ "type": "Feature", "properties": { "mineID": 797, "site": "La Loba", "ancientName": null, "province": "Hispania Baetica", "country": "Spain", "region": "Córdoba", "miningDistrict": "Azuaga-Fuenteovejuna", "romanianRANID": null, "sanchezPalenciaAndOrejasID": null, "domergueID": "CO 55", "spainMapSheet": 879.0, "lambertX": 454.0, "lambertY": 413.0, "latitude": 38.30148131, "longitude": -5.35834637, "coordinateAccuracy": 100.0, "locationDataSource": "Converted in QGIS from Lambert coords, Madrid 1870", "locationNotes": null, "notBeforeOpeningDate": null, "notAfterOpeningDate": null, "notBeforeClosingDate": null, "notAfterClosingDate": null, "inUseDate": null, "metalMinedGold": "FALSE", "metalMinedSilver": 1.0, "metalMinedLead": 1.0, "metalMinedCopper": 1.0, "metalMinedTin": 0.0, "metalMinedIron": 0.0, "metalMinedMercuryCinnabar": 0.0, "metalMinedZinc": 0.0, "metalMinedOther": 0.0, "description": null, "references": "Domergue 1990: 46", "techniqueOpencast": 0.0, "techniqueUnderground": 1.0, "techniqueHydraulic": "FALSE", "techniqueHushing": "FALSE", "techniqueGroundSluicing": "FALSE", "techniqueRuinaMontium": 0.0, "techniqueRakeComb": 0.0, "techniqueGoldWashing": 0.0, "techniqueOther": 0.0, "notes": null, "geology": "Hard rock", "depositType": "Primary", "exploitationType": null, "Flag_Au_Oro": 0, "Status_Au_Oro": "No", "Flag_Ag_Plata": 1, "Status_Ag_Plata": "Confirmado", "Flag_Cu_Cobre": 1, "Status_Cu_Cobre": "Confirmado", "Flag_Pb_Plomo": 1, "Status_Pb_Plomo": "Confirmado", "Flag_Hg_Cinabrio": 0, "Status_Hg_Cinabrio": "No", "Flag_Sn_Estano": 0, "Status_Sn_Estano": "No", "Flag_Fe_Hierro": 0, "Status_Fe_Hierro": "No", "Tech_Ruina_Montium": 0, "Tech_Subterranea": 1, "Tech_Cielo_Abierto": 0, "Tech_Lavado_Placer": 0, "Certainty_Spatial": 1.0, "Certainty_Archaeological": 0.9, "Certainty_Metallogenic": 1.0, "Certainty_Score": 0.965, "Certainty_Grade": "Alta Certeza (Grado I)" }, "geometry": { "type": "Point", "coordinates": [ -5.35834637, 38.30148131 ] } },
{ "type": "Feature", "properties": { "mineID": 810, "site": "La Onza", "ancientName": null, "province": "Hispania Baetica", "country": "Spain", "region": "Sevilla", "miningDistrict": "Sevilla", "romanianRANID": null, "sanchezPalenciaAndOrejasID": null, "domergueID": "SE 1", "spainMapSheet": 899.0, "lambertX": 437.0, "lambertY": 487.5, "latitude": 38.97002695, "longitude": -5.57079368, "coordinateAccuracy": 100.0, "locationDataSource": "Converted in QGIS from Lambert coords, Madrid 1870", "locationNotes": "Rectangle of 24 km2 limited by 439,484; 435,484; 435, 391; 439, 391", "notBeforeOpeningDate": null, "notAfterOpeningDate": null, "notBeforeClosingDate": null, "notAfterClosingDate": null, "inUseDate": null, "metalMinedGold": "FALSE", "metalMinedSilver": 1.0, "metalMinedLead": 1.0, "metalMinedCopper": 1.0, "metalMinedTin": 0.0, "metalMinedIron": 0.0, "metalMinedMercuryCinnabar": 0.0, "metalMinedZinc": 0.0, "metalMinedOther": 0.0, "description": null, "references": "Domergue 1990: 48", "techniqueOpencast": null, "techniqueUnderground": null, "techniqueHydraulic": "FALSE", "techniqueHushing": "FALSE", "techniqueGroundSluicing": "FALSE", "techniqueRuinaMontium": 0.0, "techniqueRakeComb": 0.0, "techniqueGoldWashing": 0.0, "techniqueOther": null, "notes": null, "geology": "Hard rock", "depositType": "Primary", "exploitationType": null, "Flag_Au_Oro": 0, "Status_Au_Oro": "No", "Flag_Ag_Plata": 1, "Status_Ag_Plata": "Confirmado", "Flag_Cu_Cobre": 1, "Status_Cu_Cobre": "Confirmado", "Flag_Pb_Plomo": 1, "Status_Pb_Plomo": "Confirmado", "Flag_Hg_Cinabrio": 0, "Status_Hg_Cinabrio": "No", "Flag_Sn_Estano": 0, "Status_Sn_Estano": "No", "Flag_Fe_Hierro": 0, "Status_Fe_Hierro": "No", "Tech_Ruina_Montium": 0, "Tech_Subterranea": 0, "Tech_Cielo_Abierto": 0, "Tech_Lavado_Placer": 0, "Certainty_Spatial": 1.0, "Certainty_Archaeological": 0.9, "Certainty_Metallogenic": 1.0, "Certainty_Score": 0.965, "Certainty_Grade": "Alta Certeza (Grado I)" }, "geometry": { "type": "Point", "coordinates": [ -5.57079368, 38.97002695 ] } },
{ "type": "Feature", "properties": { "mineID": 811, "site": "La Osi", "ancientName": null, "province": "Hispania Baetica", "country": "Spain", "region": "Córdoba", "miningDistrict": "Los Pedroches", "romanianRANID": null, "sanchezPalenciaAndOrejasID": null, "domergueID": "CO 94", "spainMapSheet": 889.0, "lambertX": 509.6, "lambertY": 415.5, "latitude": 38.33162443, "longitude": -4.72262528, "coordinateAccuracy": 100.0, "locationDataSource": "Converted in QGIS from Lambert coords, Madrid 1870", "locationNotes": null, "notBeforeOpeningDate": null, "notAfterOpeningDate": null, "notBeforeClosingDate": null, "notAfterClosingDate": null, "inUseDate": null, "metalMinedGold": "FALSE", "metalMinedSilver": 0.0, "metalMinedLead": 0.0, "metalMinedCopper": 1.0, "metalMinedTin": 0.0, "metalMinedIron": 0.0, "metalMinedMercuryCinnabar": 0.0, "metalMinedZinc": 0.0, "metalMinedOther": 0.0, "description": null, "references": "Domergue 1990: 48", "techniqueOpencast": null, "techniqueUnderground": null, "techniqueHydraulic": "FALSE", "techniqueHushing": "FALSE", "techniqueGroundSluicing": "FALSE", "techniqueRuinaMontium": 0.0, "techniqueRakeComb": 0.0, "techniqueGoldWashing": 0.0, "techniqueOther": null, "notes": null, "geology": "Hard rock", "depositType": "Primary", "exploitationType": null, "Flag_Au_Oro": 0, "Status_Au_Oro": "No", "Flag_Ag_Plata": 0, "Status_Ag_Plata": "No", "Flag_Cu_Cobre": 1, "Status_Cu_Cobre": "Confirmado", "Flag_Pb_Plomo": 0, "Status_Pb_Plomo": "No", "Flag_Hg_Cinabrio": 0, "Status_Hg_Cinabrio": "No", "Flag_Sn_Estano": 0, "Status_Sn_Estano": "No", "Flag_Fe_Hierro": 0, "Status_Fe_Hierro": "No", "Tech_Ruina_Montium": 0, "Tech_Subterranea": 0, "Tech_Cielo_Abierto": 0, "Tech_Lavado_Placer": 0, "Certainty_Spatial": 1.0, "Certainty_Archaeological": 0.9, "Certainty_Metallogenic": 1.0, "Certainty_Score": 0.965, "Certainty_Grade": "Alta Certeza (Grado I)" }, "geometry": { "type": "Point", "coordinates": [ -4.72262528, 38.33162443 ] } },
{ "type": "Feature", "properties": { "mineID": 812, "site": "La Panadera", "ancientName": null, "province": "Hispania Baetica", "country": "Spain", "region": "Murcia", "miningDistrict": "Cartagena-Mazarrón", "romanianRANID": null, "sanchezPalenciaAndOrejasID": null, "domergueID": "MU 2", "spainMapSheet": 976.0, "lambertX": 800.8, "lambertY": 326.6, "latitude": 37.51191118, "longitude": -1.415983892, "coordinateAccuracy": 100.0, "locationDataSource": "Converted in QGIS from Lambert coords, Madrid 1870", "locationNotes": null, "notBeforeOpeningDate": null, "notAfterOpeningDate": null, "notBeforeClosingDate": null, "notAfterClosingDate": null, "inUseDate": null, "metalMinedGold": "FALSE", "metalMinedSilver": 0.0, "metalMinedLead": 0.0, "metalMinedCopper": 1.0, "metalMinedTin": 0.0, "metalMinedIron": 0.0, "metalMinedMercuryCinnabar": 0.0, "metalMinedZinc": 0.0, "metalMinedOther": 0.0, "description": null, "references": "Domergue 1987: 358", "techniqueOpencast": null, "techniqueUnderground": null, "techniqueHydraulic": "FALSE", "techniqueHushing": "FALSE", "techniqueGroundSluicing": "FALSE", "techniqueRuinaMontium": 0.0, "techniqueRakeComb": 0.0, "techniqueGoldWashing": 0.0, "techniqueOther": null, "notes": null, "geology": null, "depositType": null, "exploitationType": null, "Flag_Au_Oro": 0, "Status_Au_Oro": "No", "Flag_Ag_Plata": 0, "Status_Ag_Plata": "No", "Flag_Cu_Cobre": 1, "Status_Cu_Cobre": "Confirmado", "Flag_Pb_Plomo": 0, "Status_Pb_Plomo": "No", "Flag_Hg_Cinabrio": 0, "Status_Hg_Cinabrio": "No", "Flag_Sn_Estano": 0, "Status_Sn_Estano": "No", "Flag_Fe_Hierro": 0, "Status_Fe_Hierro": "No", "Tech_Ruina_Montium": 0, "Tech_Subterranea": 0, "Tech_Cielo_Abierto": 0, "Tech_Lavado_Placer": 0, "Certainty_Spatial": 1.0, "Certainty_Archaeological": 0.9, "Certainty_Metallogenic": 1.0, "Certainty_Score": 0.965, "Certainty_Grade": "Alta Certeza (Grado I)" }, "geometry": { "type": "Point", "coordinates": [ -1.415983892, 37.51191118 ] } },
{ "type": "Feature", "properties": { "mineID": 813, "site": "La Pastora", "ancientName": null, "province": "Hispania Baetica", "country": "Spain", "region": "Córdoba", "miningDistrict": "Azuaga-Fuenteovejuna", "romanianRANID": null, "sanchezPalenciaAndOrejasID": null, "domergueID": "CO 25", "spainMapSheet": 879.0, "lambertX": 464.6, "lambertY": 405.4, "latitude": 38.23469858, "longitude": -5.23558598, "coordinateAccuracy": 100.0, "locationDataSource": "Converted in QGIS from Lambert coords, Madrid 1870", "locationNotes": null, "notBeforeOpeningDate": null, "notAfterOpeningDate": null, "notBeforeClosingDate": null, "notAfterClosingDate": null, "inUseDate": null, "metalMinedGold": "FALSE", "metalMinedSilver": 0.0, "metalMinedLead": 0.0, "metalMinedCopper": 1.0, "metalMinedTin": 0.0, "metalMinedIron": 0.0, "metalMinedMercuryCinnabar": 0.0, "metalMinedZinc": 0.0, "metalMinedOther": 0.0, "description": null, "references": "Domergue 1990: 46", "techniqueOpencast": 0.0, "techniqueUnderground": 1.0, "techniqueHydraulic": "FALSE", "techniqueHushing": "FALSE", "techniqueGroundSluicing": "FALSE", "techniqueRuinaMontium": 0.0, "techniqueRakeComb": 0.0, "techniqueGoldWashing": 0.0, "techniqueOther": 0.0, "notes": null, "geology": "Hard rock", "depositType": "Primary", "exploitationType": null, "Flag_Au_Oro": 0, "Status_Au_Oro": "No", "Flag_Ag_Plata": 0, "Status_Ag_Plata": "No", "Flag_Cu_Cobre": 1, "Status_Cu_Cobre": "Confirmado", "Flag_Pb_Plomo": 0, "Status_Pb_Plomo": "No", "Flag_Hg_Cinabrio": 0, "Status_Hg_Cinabrio": "No", "Flag_Sn_Estano": 0, "Status_Sn_Estano": "No", "Flag_Fe_Hierro": 0, "Status_Fe_Hierro": "No", "Tech_Ruina_Montium": 0, "Tech_Subterranea": 1, "Tech_Cielo_Abierto": 0, "Tech_Lavado_Placer": 0, "Certainty_Spatial": 1.0, "Certainty_Archaeological": 0.9, "Certainty_Metallogenic": 1.0, "Certainty_Score": 0.965, "Certainty_Grade": "Alta Certeza (Grado I)" }, "geometry": { "type": "Point", "coordinates": [ -5.23558598, 38.23469858 ] } },
{ "type": "Feature", "properties": { "mineID": 818, "site": "La Pililla", "ancientName": null, "province": "Hispania Baetica", "country": "Spain", "region": "Córdoba", "miningDistrict": "Los Pedroches", "romanianRANID": null, "sanchezPalenciaAndOrejasID": null, "domergueID": "CO 48", "spainMapSheet": 859.0, "lambertX": 502.7, "lambertY": 426.0, "latitude": 38.42553505, "longitude": -4.80309575, "coordinateAccuracy": 100.0, "locationDataSource": "Converted in QGIS from Lambert coords, Madrid 1870", "locationNotes": null, "notBeforeOpeningDate": null, "notAfterOpeningDate": null, "notBeforeClosingDate": null, "notAfterClosingDate": null, "inUseDate": null, "metalMinedGold": "FALSE", "metalMinedSilver": 0.0, "metalMinedLead": 0.0, "metalMinedCopper": 1.0, "metalMinedTin": 0.0, "metalMinedIron": 0.0, "metalMinedMercuryCinnabar": 0.0, "metalMinedZinc": 0.0, "metalMinedOther": 0.0, "description": null, "references": "Domergue 1990: 48", "techniqueOpencast": null, "techniqueUnderground": null, "techniqueHydraulic": "FALSE", "techniqueHushing": "FALSE", "techniqueGroundSluicing": "FALSE", "techniqueRuinaMontium": 0.0, "techniqueRakeComb": 0.0, "techniqueGoldWashing": 0.0, "techniqueOther": null, "notes": null, "geology": "Hard rock", "depositType": "Primary", "exploitationType": null, "Flag_Au_Oro": 0, "Status_Au_Oro": "No", "Flag_Ag_Plata": 0, "Status_Ag_Plata": "No", "Flag_Cu_Cobre": 1, "Status_Cu_Cobre": "Confirmado", "Flag_Pb_Plomo": 0, "Status_Pb_Plomo": "No", "Flag_Hg_Cinabrio": 0, "Status_Hg_Cinabrio": "No", "Flag_Sn_Estano": 0, "Status_Sn_Estano": "No", "Flag_Fe_Hierro": 0, "Status_Fe_Hierro": "No", "Tech_Ruina_Montium": 0, "Tech_Subterranea": 0, "Tech_Cielo_Abierto": 0, "Tech_Lavado_Placer": 0, "Certainty_Spatial": 1.0, "Certainty_Archaeological": 0.9, "Certainty_Metallogenic": 1.0, "Certainty_Score": 0.965, "Certainty_Grade": "Alta Certeza (Grado I)" }, "geometry": { "type": "Point", "coordinates": [ -4.80309575, 38.42553505 ] } },
{ "type": "Feature", "properties": { "mineID": 820, "site": "La Posidilla", "ancientName": null, "province": "Hispania Baetica", "country": "Spain", "region": "Córdoba", "miningDistrict": "Los Pedroches", "romanianRANID": null, "sanchezPalenciaAndOrejasID": null, "domergueID": "CO 107", "spainMapSheet": 881.0, "lambertX": 520.5, "lambertY": 411.0, "latitude": 38.2921275, "longitude": -4.59735153, "coordinateAccuracy": 100.0, "locationDataSource": "Converted in QGIS from Lambert coords, Madrid 1870", "locationNotes": null, "notBeforeOpeningDate": null, "notAfterOpeningDate": null, "notBeforeClosingDate": null, "notAfterClosingDate": null, "inUseDate": null, "metalMinedGold": "FALSE", "metalMinedSilver": 0.0, "metalMinedLead": 0.0, "metalMinedCopper": 1.0, "metalMinedTin": 0.0, "metalMinedIron": 0.0, "metalMinedMercuryCinnabar": 0.0, "metalMinedZinc": 0.0, "metalMinedOther": 0.0, "description": null, "references": "Domergue 1990: 48", "techniqueOpencast": null, "techniqueUnderground": null, "techniqueHydraulic": "FALSE", "techniqueHushing": "FALSE", "techniqueGroundSluicing": "FALSE", "techniqueRuinaMontium": 0.0, "techniqueRakeComb": 0.0, "techniqueGoldWashing": 0.0, "techniqueOther": null, "notes": null, "geology": "Hard rock", "depositType": "Primary", "exploitationType": null, "Flag_Au_Oro": 0, "Status_Au_Oro": "No", "Flag_Ag_Plata": 0, "Status_Ag_Plata": "No", "Flag_Cu_Cobre": 1, "Status_Cu_Cobre": "Confirmado", "Flag_Pb_Plomo": 0, "Status_Pb_Plomo": "No", "Flag_Hg_Cinabrio": 0, "Status_Hg_Cinabrio": "No", "Flag_Sn_Estano": 0, "Status_Sn_Estano": "No", "Flag_Fe_Hierro": 0, "Status_Fe_Hierro": "No", "Tech_Ruina_Montium": 0, "Tech_Subterranea": 0, "Tech_Cielo_Abierto": 0, "Tech_Lavado_Placer": 0, "Certainty_Spatial": 1.0, "Certainty_Archaeological": 0.9, "Certainty_Metallogenic": 1.0, "Certainty_Score": 0.965, "Certainty_Grade": "Alta Certeza (Grado I)" }, "geometry": { "type": "Point", "coordinates": [ -4.59735153, 38.2921275 ] } },
{ "type": "Feature", "properties": { "mineID": 821, "site": "La Preciosa", "ancientName": null, "province": "Hispania Baetica", "country": "Spain", "region": "Sevilla", "miningDistrict": "Sevilla", "romanianRANID": null, "sanchezPalenciaAndOrejasID": null, "domergueID": "SE 13", "spainMapSheet": 942.0, "lambertX": 454.0, "lambertY": 348.3, "latitude": 37.71833119, "longitude": -5.344590145, "coordinateAccuracy": 100.0, "locationDataSource": "Converted in QGIS from Lambert coords, Madrid 1870", "locationNotes": null, "notBeforeOpeningDate": null, "notAfterOpeningDate": null, "notBeforeClosingDate": null, "notAfterClosingDate": null, "inUseDate": null, "metalMinedGold": "FALSE", "metalMinedSilver": 0.0, "metalMinedLead": 0.0, "metalMinedCopper": 1.0, "metalMinedTin": 0.0, "metalMinedIron": 0.0, "metalMinedMercuryCinnabar": 0.0, "metalMinedZinc": 0.0, "metalMinedOther": 0.0, "description": null, "references": "Domergue 1990: 48", "techniqueOpencast": null, "techniqueUnderground": null, "techniqueHydraulic": "FALSE", "techniqueHushing": "FALSE", "techniqueGroundSluicing": "FALSE", "techniqueRuinaMontium": 0.0, "techniqueRakeComb": 0.0, "techniqueGoldWashing": 0.0, "techniqueOther": null, "notes": null, "geology": "Hard rock", "depositType": "Primary", "exploitationType": null, "Flag_Au_Oro": 0, "Status_Au_Oro": "No", "Flag_Ag_Plata": 0, "Status_Ag_Plata": "No", "Flag_Cu_Cobre": 1, "Status_Cu_Cobre": "Confirmado", "Flag_Pb_Plomo": 0, "Status_Pb_Plomo": "No", "Flag_Hg_Cinabrio": 0, "Status_Hg_Cinabrio": "No", "Flag_Sn_Estano": 0, "Status_Sn_Estano": "No", "Flag_Fe_Hierro": 0, "Status_Fe_Hierro": "No", "Tech_Ruina_Montium": 0, "Tech_Subterranea": 0, "Tech_Cielo_Abierto": 0, "Tech_Lavado_Placer": 0, "Certainty_Spatial": 1.0, "Certainty_Archaeological": 0.9, "Certainty_Metallogenic": 1.0, "Certainty_Score": 0.965, "Certainty_Grade": "Alta Certeza (Grado I)" }, "geometry": { "type": "Point", "coordinates": [ -5.344590145, 37.71833119 ] } },
{ "type": "Feature", "properties": { "mineID": 824, "site": "La Profunda", "ancientName": null, "province": "Hispania Tarraconensis", "country": "Spain", "region": "León", "miningDistrict": "León", "romanianRANID": null, "sanchezPalenciaAndOrejasID": null, "domergueID": "LE 6", "spainMapSheet": 103.0, "lambertX": 443.4, "lambertY": 930.4, "latitude": 42.9619103, "longitude": -5.607018598, "coordinateAccuracy": 100.0, "locationDataSource": "Converted in QGIS from Lambert coords, Madrid 1870", "locationNotes": null, "notBeforeOpeningDate": null, "notAfterOpeningDate": null, "notBeforeClosingDate": null, "notAfterClosingDate": null, "inUseDate": null, "metalMinedGold": "FALSE", "metalMinedSilver": 0.0, "metalMinedLead": 0.0, "metalMinedCopper": 1.0, "metalMinedTin": 0.0, "metalMinedIron": 0.0, "metalMinedMercuryCinnabar": 0.0, "metalMinedZinc": 0.0, "metalMinedOther": 0.0, "description": null, "references": "Domergue 1990: 43", "techniqueOpencast": null, "techniqueUnderground": null, "techniqueHydraulic": "FALSE", "techniqueHushing": "FALSE", "techniqueGroundSluicing": "FALSE", "techniqueRuinaMontium": 0.0, "techniqueRakeComb": 0.0, "techniqueGoldWashing": 0.0, "techniqueOther": null, "notes": null, "geology": "Hard rock", "depositType": null, "exploitationType": null, "Flag_Au_Oro": 0, "Status_Au_Oro": "No", "Flag_Ag_Plata": 0, "Status_Ag_Plata": "No", "Flag_Cu_Cobre": 1, "Status_Cu_Cobre": "Confirmado", "Flag_Pb_Plomo": 0, "Status_Pb_Plomo": "No", "Flag_Hg_Cinabrio": 0, "Status_Hg_Cinabrio": "No", "Flag_Sn_Estano": 0, "Status_Sn_Estano": "No", "Flag_Fe_Hierro": 0, "Status_Fe_Hierro": "No", "Tech_Ruina_Montium": 0, "Tech_Subterranea": 0, "Tech_Cielo_Abierto": 0, "Tech_Lavado_Placer": 0, "Certainty_Spatial": 1.0, "Certainty_Archaeological": 0.9, "Certainty_Metallogenic": 1.0, "Certainty_Score": 0.965, "Certainty_Grade": "Alta Certeza (Grado I)" }, "geometry": { "type": "Point", "coordinates": [ -5.607018598, 42.9619103 ] } },
{ "type": "Feature", "properties": { "mineID": 827, "site": "La Reforma", "ancientName": null, "province": "Hispania Baetica", "country": "Spain", "region": "Huelva", "miningDistrict": "Huelva", "romanianRANID": null, "sanchezPalenciaAndOrejasID": null, "domergueID": "H 51", "spainMapSheet": 939.0, "lambertX": 370.2, "lambertY": 357.7, "latitude": 37.78495938, "longitude": -6.29814114, "coordinateAccuracy": 100.0, "locationDataSource": "Converted in QGIS from Lambert coords, Madrid 1870", "locationNotes": null, "notBeforeOpeningDate": null, "notAfterOpeningDate": null, "notBeforeClosingDate": null, "notAfterClosingDate": null, "inUseDate": null, "metalMinedGold": "FALSE", "metalMinedSilver": 0.0, "metalMinedLead": 0.0, "metalMinedCopper": 1.0, "metalMinedTin": 0.0, "metalMinedIron": 0.0, "metalMinedMercuryCinnabar": 0.0, "metalMinedZinc": 0.0, "metalMinedOther": 0.0, "description": null, "references": "Domergue 1990: 61", "techniqueOpencast": null, "techniqueUnderground": null, "techniqueHydraulic": "FALSE", "techniqueHushing": "FALSE", "techniqueGroundSluicing": "FALSE", "techniqueRuinaMontium": 0.0, "techniqueRakeComb": 0.0, "techniqueGoldWashing": 0.0, "techniqueOther": null, "notes": null, "geology": "Pyrite", "depositType": "Primary", "exploitationType": null, "Flag_Au_Oro": 0, "Status_Au_Oro": "No", "Flag_Ag_Plata": 0, "Status_Ag_Plata": "No", "Flag_Cu_Cobre": 1, "Status_Cu_Cobre": "Confirmado", "Flag_Pb_Plomo": 0, "Status_Pb_Plomo": "No", "Flag_Hg_Cinabrio": 0, "Status_Hg_Cinabrio": "No", "Flag_Sn_Estano": 0, "Status_Sn_Estano": "No", "Flag_Fe_Hierro": 0, "Status_Fe_Hierro": "No", "Tech_Ruina_Montium": 0, "Tech_Subterranea": 0, "Tech_Cielo_Abierto": 0, "Tech_Lavado_Placer": 0, "Certainty_Spatial": 1.0, "Certainty_Archaeological": 0.9, "Certainty_Metallogenic": 1.0, "Certainty_Score": 0.965, "Certainty_Grade": "Alta Certeza (Grado I)" }, "geometry": { "type": "Point", "coordinates": [ -6.29814114, 37.78495938 ] } },
{ "type": "Feature", "properties": { "mineID": 829, "site": "La Romana", "ancientName": null, "province": "Hispania Baetica", "country": "Spain", "region": "Córdoba", "miningDistrict": "Los Pedroches", "romanianRANID": null, "sanchezPalenciaAndOrejasID": null, "domergueID": "CO 93", "spainMapSheet": 859.0, "lambertX": 507.1, "lambertY": 417.3, "latitude": 38.34758658, "longitude": -4.75148252, "coordinateAccuracy": 100.0, "locationDataSource": "Converted in QGIS from Lambert coords, Madrid 1870", "locationNotes": null, "notBeforeOpeningDate": null, "notAfterOpeningDate": null, "notBeforeClosingDate": null, "notAfterClosingDate": null, "inUseDate": null, "metalMinedGold": "FALSE", "metalMinedSilver": 0.0, "metalMinedLead": 0.0, "metalMinedCopper": 1.0, "metalMinedTin": 0.0, "metalMinedIron": 0.0, "metalMinedMercuryCinnabar": 0.0, "metalMinedZinc": 0.0, "metalMinedOther": 0.0, "description": null, "references": "Domergue 1990: 48", "techniqueOpencast": null, "techniqueUnderground": null, "techniqueHydraulic": "FALSE", "techniqueHushing": "FALSE", "techniqueGroundSluicing": "FALSE", "techniqueRuinaMontium": 0.0, "techniqueRakeComb": 0.0, "techniqueGoldWashing": 0.0, "techniqueOther": null, "notes": null, "geology": "Hard rock", "depositType": "Primary", "exploitationType": null, "Flag_Au_Oro": 0, "Status_Au_Oro": "No", "Flag_Ag_Plata": 0, "Status_Ag_Plata": "No", "Flag_Cu_Cobre": 1, "Status_Cu_Cobre": "Confirmado", "Flag_Pb_Plomo": 0, "Status_Pb_Plomo": "No", "Flag_Hg_Cinabrio": 0, "Status_Hg_Cinabrio": "No", "Flag_Sn_Estano": 0, "Status_Sn_Estano": "No", "Flag_Fe_Hierro": 0, "Status_Fe_Hierro": "No", "Tech_Ruina_Montium": 0, "Tech_Subterranea": 0, "Tech_Cielo_Abierto": 0, "Tech_Lavado_Placer": 0, "Certainty_Spatial": 1.0, "Certainty_Archaeological": 0.9, "Certainty_Metallogenic": 1.0, "Certainty_Score": 0.965, "Certainty_Grade": "Alta Certeza (Grado I)" }, "geometry": { "type": "Point", "coordinates": [ -4.75148252, 38.34758658 ] } },
{ "type": "Feature", "properties": { "mineID": 831, "site": "La Romanera", "ancientName": null, "province": "Hispania Baetica", "country": "Spain", "region": "Huelva", "miningDistrict": "Huelva", "romanianRANID": null, "sanchezPalenciaAndOrejasID": null, "domergueID": "H 37", "spainMapSheet": 936.0, "lambertX": 278.4, "lambertY": 350.2, "latitude": 37.68835401, "longitude": -7.33637486, "coordinateAccuracy": 100.0, "locationDataSource": "Converted in QGIS from Lambert coords, Madrid 1870", "locationNotes": null, "notBeforeOpeningDate": null, "notAfterOpeningDate": null, "notBeforeClosingDate": null, "notAfterClosingDate": null, "inUseDate": null, "metalMinedGold": "FALSE", "metalMinedSilver": 0.0, "metalMinedLead": 0.0, "metalMinedCopper": 1.0, "metalMinedTin": 0.0, "metalMinedIron": 0.0, "metalMinedMercuryCinnabar": 0.0, "metalMinedZinc": 0.0, "metalMinedOther": 0.0, "description": null, "references": "Domergue 1990: 62", "techniqueOpencast": null, "techniqueUnderground": null, "techniqueHydraulic": "FALSE", "techniqueHushing": "FALSE", "techniqueGroundSluicing": "FALSE", "techniqueRuinaMontium": 0.0, "techniqueRakeComb": 0.0, "techniqueGoldWashing": 0.0, "techniqueOther": null, "notes": null, "geology": "Pyrite", "depositType": "Primary", "exploitationType": null, "Flag_Au_Oro": 0, "Status_Au_Oro": "No", "Flag_Ag_Plata": 0, "Status_Ag_Plata": "No", "Flag_Cu_Cobre": 1, "Status_Cu_Cobre": "Confirmado", "Flag_Pb_Plomo": 0, "Status_Pb_Plomo": "No", "Flag_Hg_Cinabrio": 0, "Status_Hg_Cinabrio": "No", "Flag_Sn_Estano": 0, "Status_Sn_Estano": "No", "Flag_Fe_Hierro": 0, "Status_Fe_Hierro": "No", "Tech_Ruina_Montium": 0, "Tech_Subterranea": 0, "Tech_Cielo_Abierto": 0, "Tech_Lavado_Placer": 0, "Certainty_Spatial": 1.0, "Certainty_Archaeological": 0.9, "Certainty_Metallogenic": 1.0, "Certainty_Score": 0.965, "Certainty_Grade": "Alta Certeza (Grado I)" }, "geometry": { "type": "Point", "coordinates": [ -7.33637486, 37.68835401 ] } },
{ "type": "Feature", "properties": { "mineID": 842, "site": "La Zarza", "ancientName": null, "province": "Hispania Baetica", "country": "Spain", "region": "Huelva", "miningDistrict": "Huelva", "romanianRANID": null, "sanchezPalenciaAndOrejasID": null, "domergueID": "H 19", "spainMapSheet": 938.0, "lambertX": 321.3, "lambertY": 350.9, "latitude": 37.70942825, "longitude": -6.85041111, "coordinateAccuracy": 100.0, "locationDataSource": "Converted in QGIS from Lambert coords, Madrid 1870", "locationNotes": null, "notBeforeOpeningDate": null, "notAfterOpeningDate": null, "notBeforeClosingDate": null, "notAfterClosingDate": null, "inUseDate": null, "metalMinedGold": "FALSE", "metalMinedSilver": 0.0, "metalMinedLead": 0.0, "metalMinedCopper": 1.0, "metalMinedTin": 0.0, "metalMinedIron": 0.0, "metalMinedMercuryCinnabar": 0.0, "metalMinedZinc": 0.0, "metalMinedOther": 0.0, "description": null, "references": "Domergue 1990: 62", "techniqueOpencast": 0.0, "techniqueUnderground": 1.0, "techniqueHydraulic": "FALSE", "techniqueHushing": "FALSE", "techniqueGroundSluicing": "FALSE", "techniqueRuinaMontium": 0.0, "techniqueRakeComb": 0.0, "techniqueGoldWashing": 0.0, "techniqueOther": 0.0, "notes": null, "geology": "Pyrite", "depositType": "Primary", "exploitationType": null, "Flag_Au_Oro": 0, "Status_Au_Oro": "No", "Flag_Ag_Plata": 0, "Status_Ag_Plata": "No", "Flag_Cu_Cobre": 1, "Status_Cu_Cobre": "Confirmado", "Flag_Pb_Plomo": 0, "Status_Pb_Plomo": "No", "Flag_Hg_Cinabrio": 0, "Status_Hg_Cinabrio": "No", "Flag_Sn_Estano": 0, "Status_Sn_Estano": "No", "Flag_Fe_Hierro": 0, "Status_Fe_Hierro": "No", "Tech_Ruina_Montium": 0, "Tech_Subterranea": 1, "Tech_Cielo_Abierto": 0, "Tech_Lavado_Placer": 0, "Certainty_Spatial": 1.0, "Certainty_Archaeological": 0.9, "Certainty_Metallogenic": 1.0, "Certainty_Score": 0.965, "Certainty_Grade": "Alta Certeza (Grado I)" }, "geometry": { "type": "Point", "coordinates": [ -6.85041111, 37.70942825 ] } },
{ "type": "Feature", "properties": { "mineID": 843, "site": "Lagar de la Cruz", "ancientName": null, "province": "Hispania Baetica", "country": "Spain", "region": "Córdoba", "miningDistrict": "Córdoba", "romanianRANID": null, "sanchezPalenciaAndOrejasID": null, "domergueID": "CO 46", "spainMapSheet": 923.0, "lambertX": 500.4, "lambertY": 372.1, "latitude": 37.9393854, "longitude": -4.821597, "coordinateAccuracy": 100.0, "locationDataSource": "Converted in QGIS from Lambert coords, Madrid 1870", "locationNotes": null, "notBeforeOpeningDate": null, "notAfterOpeningDate": null, "notBeforeClosingDate": null, "notAfterClosingDate": null, "inUseDate": null, "metalMinedGold": "FALSE", "metalMinedSilver": 0.0, "metalMinedLead": 0.0, "metalMinedCopper": 1.0, "metalMinedTin": 0.0, "metalMinedIron": 0.0, "metalMinedMercuryCinnabar": 0.0, "metalMinedZinc": 0.0, "metalMinedOther": 0.0, "description": null, "references": "Domergue 1990: 47", "techniqueOpencast": null, "techniqueUnderground": null, "techniqueHydraulic": "FALSE", "techniqueHushing": "FALSE", "techniqueGroundSluicing": "FALSE", "techniqueRuinaMontium": 0.0, "techniqueRakeComb": 0.0, "techniqueGoldWashing": 0.0, "techniqueOther": null, "notes": null, "geology": "Hard rock", "depositType": null, "exploitationType": null, "Flag_Au_Oro": 0, "Status_Au_Oro": "No", "Flag_Ag_Plata": 0, "Status_Ag_Plata": "No", "Flag_Cu_Cobre": 1, "Status_Cu_Cobre": "Confirmado", "Flag_Pb_Plomo": 0, "Status_Pb_Plomo": "No", "Flag_Hg_Cinabrio": 0, "Status_Hg_Cinabrio": "No", "Flag_Sn_Estano": 0, "Status_Sn_Estano": "No", "Flag_Fe_Hierro": 0, "Status_Fe_Hierro": "No", "Tech_Ruina_Montium": 0, "Tech_Subterranea": 0, "Tech_Cielo_Abierto": 0, "Tech_Lavado_Placer": 0, "Certainty_Spatial": 1.0, "Certainty_Archaeological": 0.9, "Certainty_Metallogenic": 1.0, "Certainty_Score": 0.965, "Certainty_Grade": "Alta Certeza (Grado I)" }, "geometry": { "type": "Point", "coordinates": [ -4.821597, 37.9393854 ] } },
{ "type": "Feature", "properties": { "mineID": 879, "site": "Las Minillas", "ancientName": null, "province": "Hispania Tarraconensis", "country": "Spain", "region": "Badajoz", "miningDistrict": "Alcudia", "romanianRANID": null, "sanchezPalenciaAndOrejasID": null, "domergueID": "BA 45", "spainMapSheet": 781.0, "lambertX": 483.2, "lambertY": 475.1, "latitude": 38.86578022, "longitude": -5.03505856, "coordinateAccuracy": 100.0, "locationDataSource": "Converted in QGIS from Lambert coords, Madrid 1870", "locationNotes": null, "notBeforeOpeningDate": null, "notAfterOpeningDate": null, "notBeforeClosingDate": null, "notAfterClosingDate": null, "inUseDate": null, "metalMinedGold": "FALSE", "metalMinedSilver": 1.0, "metalMinedLead": 1.0, "metalMinedCopper": 1.0, "metalMinedTin": 0.0, "metalMinedIron": 0.0, "metalMinedMercuryCinnabar": 0.0, "metalMinedZinc": 0.0, "metalMinedOther": 0.0, "description": null, "references": "Domergue 1990: 46", "techniqueOpencast": 0.0, "techniqueUnderground": 1.0, "techniqueHydraulic": "FALSE", "techniqueHushing": "FALSE", "techniqueGroundSluicing": "FALSE", "techniqueRuinaMontium": 0.0, "techniqueRakeComb": 0.0, "techniqueGoldWashing": 0.0, "techniqueOther": 0.0, "notes": null, "geology": null, "depositType": null, "exploitationType": null, "Flag_Au_Oro": 0, "Status_Au_Oro": "No", "Flag_Ag_Plata": 1, "Status_Ag_Plata": "Confirmado", "Flag_Cu_Cobre": 1, "Status_Cu_Cobre": "Confirmado", "Flag_Pb_Plomo": 1, "Status_Pb_Plomo": "Confirmado", "Flag_Hg_Cinabrio": 0, "Status_Hg_Cinabrio": "No", "Flag_Sn_Estano": 0, "Status_Sn_Estano": "No", "Flag_Fe_Hierro": 0, "Status_Fe_Hierro": "No", "Tech_Ruina_Montium": 0, "Tech_Subterranea": 1, "Tech_Cielo_Abierto": 0, "Tech_Lavado_Placer": 0, "Certainty_Spatial": 1.0, "Certainty_Archaeological": 0.9, "Certainty_Metallogenic": 1.0, "Certainty_Score": 0.965, "Certainty_Grade": "Alta Certeza (Grado I)" }, "geometry": { "type": "Point", "coordinates": [ -5.03505856, 38.86578022 ] } },
{ "type": "Feature", "properties": { "mineID": 880, "site": "Las Minillas", "ancientName": null, "province": "Hispania Baetica", "country": "Spain", "region": "Badajoz", "miningDistrict": "Azuaga-Fuenteovejuna", "romanianRANID": null, "sanchezPalenciaAndOrejasID": null, "domergueID": "BA 48", "spainMapSheet": 878.0, "lambertX": 431.6, "lambertY": 411.4, "latitude": 38.28298501, "longitude": -5.61415806, "coordinateAccuracy": 100.0, "locationDataSource": "Converted in QGIS from Lambert coords, Madrid 1870", "locationNotes": null, "notBeforeOpeningDate": null, "notAfterOpeningDate": null, "notBeforeClosingDate": null, "notAfterClosingDate": null, "inUseDate": null, "metalMinedGold": "FALSE", "metalMinedSilver": 0.0, "metalMinedLead": 0.0, "metalMinedCopper": 1.0, "metalMinedTin": 0.0, "metalMinedIron": 0.0, "metalMinedMercuryCinnabar": 0.0, "metalMinedZinc": 0.0, "metalMinedOther": 0.0, "description": null, "references": "Domergue 1990: 46", "techniqueOpencast": null, "techniqueUnderground": null, "techniqueHydraulic": "FALSE", "techniqueHushing": "FALSE", "techniqueGroundSluicing": "FALSE", "techniqueRuinaMontium": 0.0, "techniqueRakeComb": 0.0, "techniqueGoldWashing": 0.0, "techniqueOther": null, "notes": null, "geology": "Hard rock", "depositType": "Primary", "exploitationType": null, "Flag_Au_Oro": 0, "Status_Au_Oro": "No", "Flag_Ag_Plata": 0, "Status_Ag_Plata": "No", "Flag_Cu_Cobre": 1, "Status_Cu_Cobre": "Confirmado", "Flag_Pb_Plomo": 0, "Status_Pb_Plomo": "No", "Flag_Hg_Cinabrio": 0, "Status_Hg_Cinabrio": "No", "Flag_Sn_Estano": 0, "Status_Sn_Estano": "No", "Flag_Fe_Hierro": 0, "Status_Fe_Hierro": "No", "Tech_Ruina_Montium": 0, "Tech_Subterranea": 0, "Tech_Cielo_Abierto": 0, "Tech_Lavado_Placer": 0, "Certainty_Spatial": 1.0, "Certainty_Archaeological": 0.9, "Certainty_Metallogenic": 1.0, "Certainty_Score": 0.965, "Certainty_Grade": "Alta Certeza (Grado I)" }, "geometry": { "type": "Point", "coordinates": [ -5.61415806, 38.28298501 ] } },
{ "type": "Feature", "properties": { "mineID": 910, "site": "Llano Tabernero", "ancientName": null, "province": "Hispania Baetica", "country": "Spain", "region": "Córdoba", "miningDistrict": "Los Pedroches", "romanianRANID": null, "sanchezPalenciaAndOrejasID": null, "domergueID": "CO 92", "spainMapSheet": 859.0, "lambertX": 504.5, "lambertY": 418.4, "latitude": 38.35721971, "longitude": -4.78139954, "coordinateAccuracy": 100.0, "locationDataSource": "Converted in QGIS from Lambert coords, Madrid 1870", "locationNotes": null, "notBeforeOpeningDate": null, "notAfterOpeningDate": null, "notBeforeClosingDate": null, "notAfterClosingDate": null, "inUseDate": null, "metalMinedGold": "FALSE", "metalMinedSilver": 0.0, "metalMinedLead": 0.0, "metalMinedCopper": 1.0, "metalMinedTin": 0.0, "metalMinedIron": 0.0, "metalMinedMercuryCinnabar": 0.0, "metalMinedZinc": 0.0, "metalMinedOther": 0.0, "description": null, "references": "Domergue 1990: 48", "techniqueOpencast": null, "techniqueUnderground": null, "techniqueHydraulic": "FALSE", "techniqueHushing": "FALSE", "techniqueGroundSluicing": "FALSE", "techniqueRuinaMontium": 0.0, "techniqueRakeComb": 0.0, "techniqueGoldWashing": 0.0, "techniqueOther": null, "notes": null, "geology": "Hard rock", "depositType": "Primary", "exploitationType": null, "Flag_Au_Oro": 0, "Status_Au_Oro": "No", "Flag_Ag_Plata": 0, "Status_Ag_Plata": "No", "Flag_Cu_Cobre": 1, "Status_Cu_Cobre": "Confirmado", "Flag_Pb_Plomo": 0, "Status_Pb_Plomo": "No", "Flag_Hg_Cinabrio": 0, "Status_Hg_Cinabrio": "No", "Flag_Sn_Estano": 0, "Status_Sn_Estano": "No", "Flag_Fe_Hierro": 0, "Status_Fe_Hierro": "No", "Tech_Ruina_Montium": 0, "Tech_Subterranea": 0, "Tech_Cielo_Abierto": 0, "Tech_Lavado_Placer": 0, "Certainty_Spatial": 1.0, "Certainty_Archaeological": 0.9, "Certainty_Metallogenic": 1.0, "Certainty_Score": 0.965, "Certainty_Grade": "Alta Certeza (Grado I)" }, "geometry": { "type": "Point", "coordinates": [ -4.78139954, 38.35721971 ] } },
{ "type": "Feature", "properties": { "mineID": 911, "site": "Lomo de Perro", "ancientName": null, "province": "Hispania Baetica", "country": "Spain", "region": "Badajoz", "miningDistrict": "La Serena", "romanianRANID": null, "sanchezPalenciaAndOrejasID": null, "domergueID": "BA 42", "spainMapSheet": 806.0, "lambertX": 449.0, "lambertY": 464.0, "latitude": 38.76036878, "longitude": -5.42692009, "coordinateAccuracy": 100.0, "locationDataSource": "Converted in QGIS from Lambert coords, Madrid 1870", "locationNotes": null, "notBeforeOpeningDate": null, "notAfterOpeningDate": null, "notBeforeClosingDate": null, "notAfterClosingDate": null, "inUseDate": null, "metalMinedGold": "FALSE", "metalMinedSilver": 1.0, "metalMinedLead": 1.0, "metalMinedCopper": 1.0, "metalMinedTin": 0.0, "metalMinedIron": 0.0, "metalMinedMercuryCinnabar": 0.0, "metalMinedZinc": 0.0, "metalMinedOther": 0.0, "description": null, "references": "Domergue 1990: 45", "techniqueOpencast": null, "techniqueUnderground": null, "techniqueHydraulic": "FALSE", "techniqueHushing": "FALSE", "techniqueGroundSluicing": "FALSE", "techniqueRuinaMontium": 0.0, "techniqueRakeComb": 0.0, "techniqueGoldWashing": 0.0, "techniqueOther": null, "notes": null, "geology": "Hard rock", "depositType": "Primary", "exploitationType": null, "Flag_Au_Oro": 0, "Status_Au_Oro": "No", "Flag_Ag_Plata": 1, "Status_Ag_Plata": "Confirmado", "Flag_Cu_Cobre": 1, "Status_Cu_Cobre": "Confirmado", "Flag_Pb_Plomo": 1, "Status_Pb_Plomo": "Confirmado", "Flag_Hg_Cinabrio": 0, "Status_Hg_Cinabrio": "No", "Flag_Sn_Estano": 0, "Status_Sn_Estano": "No", "Flag_Fe_Hierro": 0, "Status_Fe_Hierro": "No", "Tech_Ruina_Montium": 0, "Tech_Subterranea": 0, "Tech_Cielo_Abierto": 0, "Tech_Lavado_Placer": 0, "Certainty_Spatial": 1.0, "Certainty_Archaeological": 0.9, "Certainty_Metallogenic": 1.0, "Certainty_Score": 0.965, "Certainty_Grade": "Alta Certeza (Grado I)" }, "geometry": { "type": "Point", "coordinates": [ -5.42692009, 38.76036878 ] } },
{ "type": "Feature", "properties": { "mineID": 915, "site": "Los Arrayanes", "ancientName": null, "province": "Hispania Tarraconensis", "country": "Spain", "region": "Jaén", "miningDistrict": "Linares - La Carolina", "romanianRANID": null, "sanchezPalenciaAndOrejasID": null, "domergueID": "J 25", "spainMapSheet": 905.0, "lambertX": 605.6, "lambertY": 393.5, "latitude": 38.13799491, "longitude": -3.62402098, "coordinateAccuracy": 100.0, "locationDataSource": "Converted in QGIS from Lambert coords, Madrid 1870", "locationNotes": null, "notBeforeOpeningDate": null, "notAfterOpeningDate": null, "notBeforeClosingDate": null, "notAfterClosingDate": null, "inUseDate": null, "metalMinedGold": "FALSE", "metalMinedSilver": 1.0, "metalMinedLead": 1.0, "metalMinedCopper": 1.0, "metalMinedTin": 0.0, "metalMinedIron": 0.0, "metalMinedMercuryCinnabar": 0.0, "metalMinedZinc": 0.0, "metalMinedOther": 0.0, "description": null, "references": "Domergue 1990: 45", "techniqueOpencast": null, "techniqueUnderground": null, "techniqueHydraulic": "FALSE", "techniqueHushing": "FALSE", "techniqueGroundSluicing": "FALSE", "techniqueRuinaMontium": 0.0, "techniqueRakeComb": 0.0, "techniqueGoldWashing": 0.0, "techniqueOther": null, "notes": null, "geology": "Hard rock", "depositType": null, "exploitationType": null, "Flag_Au_Oro": 0, "Status_Au_Oro": "No", "Flag_Ag_Plata": 1, "Status_Ag_Plata": "Confirmado", "Flag_Cu_Cobre": 1, "Status_Cu_Cobre": "Confirmado", "Flag_Pb_Plomo": 1, "Status_Pb_Plomo": "Confirmado", "Flag_Hg_Cinabrio": 0, "Status_Hg_Cinabrio": "No", "Flag_Sn_Estano": 0, "Status_Sn_Estano": "No", "Flag_Fe_Hierro": 0, "Status_Fe_Hierro": "No", "Tech_Ruina_Montium": 0, "Tech_Subterranea": 0, "Tech_Cielo_Abierto": 0, "Tech_Lavado_Placer": 0, "Certainty_Spatial": 1.0, "Certainty_Archaeological": 0.9, "Certainty_Metallogenic": 1.0, "Certainty_Score": 0.965, "Certainty_Grade": "Alta Certeza (Grado I)" }, "geometry": { "type": "Point", "coordinates": [ -3.62402098, 38.13799491 ] } },
{ "type": "Feature", "properties": { "mineID": 920, "site": "Los Bueyes", "ancientName": null, "province": "Hispania Baetica", "country": "Spain", "region": "Huelva", "miningDistrict": "Huelva", "romanianRANID": null, "sanchezPalenciaAndOrejasID": null, "domergueID": "H 48", "spainMapSheet": 960.0, "lambertX": 327.7, "lambertY": 342.2, "latitude": 37.63308229, "longitude": -6.77443064, "coordinateAccuracy": 100.0, "locationDataSource": "Converted in QGIS from Lambert coords, Madrid 1870", "locationNotes": null, "notBeforeOpeningDate": null, "notAfterOpeningDate": null, "notBeforeClosingDate": null, "notAfterClosingDate": null, "inUseDate": null, "metalMinedGold": "FALSE", "metalMinedSilver": 0.0, "metalMinedLead": 0.0, "metalMinedCopper": 1.0, "metalMinedTin": 0.0, "metalMinedIron": 0.0, "metalMinedMercuryCinnabar": 0.0, "metalMinedZinc": 0.0, "metalMinedOther": 0.0, "description": null, "references": "Domergue 1990: 62", "techniqueOpencast": null, "techniqueUnderground": null, "techniqueHydraulic": "FALSE", "techniqueHushing": "FALSE", "techniqueGroundSluicing": "FALSE", "techniqueRuinaMontium": 0.0, "techniqueRakeComb": 0.0, "techniqueGoldWashing": 0.0, "techniqueOther": null, "notes": null, "geology": "Pyrite", "depositType": "Primary", "exploitationType": null, "Flag_Au_Oro": 0, "Status_Au_Oro": "No", "Flag_Ag_Plata": 0, "Status_Ag_Plata": "No", "Flag_Cu_Cobre": 1, "Status_Cu_Cobre": "Confirmado", "Flag_Pb_Plomo": 0, "Status_Pb_Plomo": "No", "Flag_Hg_Cinabrio": 0, "Status_Hg_Cinabrio": "No", "Flag_Sn_Estano": 0, "Status_Sn_Estano": "No", "Flag_Fe_Hierro": 0, "Status_Fe_Hierro": "No", "Tech_Ruina_Montium": 0, "Tech_Subterranea": 0, "Tech_Cielo_Abierto": 0, "Tech_Lavado_Placer": 0, "Certainty_Spatial": 1.0, "Certainty_Archaeological": 0.9, "Certainty_Metallogenic": 1.0, "Certainty_Score": 0.965, "Certainty_Grade": "Alta Certeza (Grado I)" }, "geometry": { "type": "Point", "coordinates": [ -6.77443064, 37.63308229 ] } },
{ "type": "Feature", "properties": { "mineID": 933, "site": "Los Culeritos", "ancientName": null, "province": "Hispania Baetica", "country": "Spain", "region": "Huelva", "miningDistrict": "Picos de Aroche", "romanianRANID": null, "sanchezPalenciaAndOrejasID": null, "domergueID": "H 29", "spainMapSheet": 895.0, "lambertX": 314.0, "lambertY": 393.0, "latitude": 38.0863122, "longitude": -6.95065167, "coordinateAccuracy": 100.0, "locationDataSource": "Converted in QGIS from Lambert coords, Madrid 1870", "locationNotes": null, "notBeforeOpeningDate": null, "notAfterOpeningDate": null, "notBeforeClosingDate": null, "notAfterClosingDate": null, "inUseDate": null, "metalMinedGold": "FALSE", "metalMinedSilver": 0.0, "metalMinedLead": 0.0, "metalMinedCopper": 1.0, "metalMinedTin": 0.0, "metalMinedIron": 0.0, "metalMinedMercuryCinnabar": 0.0, "metalMinedZinc": 0.0, "metalMinedOther": 0.0, "description": null, "references": "Domergue 1990: 61", "techniqueOpencast": null, "techniqueUnderground": null, "techniqueHydraulic": "FALSE", "techniqueHushing": "FALSE", "techniqueGroundSluicing": "FALSE", "techniqueRuinaMontium": 0.0, "techniqueRakeComb": 0.0, "techniqueGoldWashing": 0.0, "techniqueOther": null, "notes": null, "geology": "Hard rock", "depositType": "Primary", "exploitationType": null, "Flag_Au_Oro": 0, "Status_Au_Oro": "No", "Flag_Ag_Plata": 0, "Status_Ag_Plata": "No", "Flag_Cu_Cobre": 1, "Status_Cu_Cobre": "Confirmado", "Flag_Pb_Plomo": 0, "Status_Pb_Plomo": "No", "Flag_Hg_Cinabrio": 0, "Status_Hg_Cinabrio": "No", "Flag_Sn_Estano": 0, "Status_Sn_Estano": "No", "Flag_Fe_Hierro": 0, "Status_Fe_Hierro": "No", "Tech_Ruina_Montium": 0, "Tech_Subterranea": 0, "Tech_Cielo_Abierto": 0, "Tech_Lavado_Placer": 0, "Certainty_Spatial": 1.0, "Certainty_Archaeological": 0.9, "Certainty_Metallogenic": 1.0, "Certainty_Score": 0.965, "Certainty_Grade": "Alta Certeza (Grado I)" }, "geometry": { "type": "Point", "coordinates": [ -6.95065167, 38.0863122 ] } },
{ "type": "Feature", "properties": { "mineID": 935, "site": "Los Eneros", "ancientName": null, "province": "Hispania Baetica", "country": "Spain", "region": "Córdoba", "miningDistrict": "Azuaga-Fuenteovejuna", "romanianRANID": null, "sanchezPalenciaAndOrejasID": null, "domergueID": "CO 52", "spainMapSheet": 879.0, "lambertX": 452.5, "lambertY": 410.25, "latitude": 38.27643785, "longitude": -5.37490862, "coordinateAccuracy": 100.0, "locationDataSource": "Converted in QGIS from Lambert coords, Madrid 1870", "locationNotes": "RECTANGLE of 31 km2, defined by points given by Domergue. Coord here is est. centroid", "notBeforeOpeningDate": null, "notAfterOpeningDate": null, "notBeforeClosingDate": null, "notAfterClosingDate": null, "inUseDate": null, "metalMinedGold": "FALSE", "metalMinedSilver": 1.0, "metalMinedLead": 1.0, "metalMinedCopper": 1.0, "metalMinedTin": 0.0, "metalMinedIron": 0.0, "metalMinedMercuryCinnabar": 0.0, "metalMinedZinc": 0.0, "metalMinedOther": 0.0, "description": null, "references": "Domergue 1990: 46", "techniqueOpencast": 0.0, "techniqueUnderground": 1.0, "techniqueHydraulic": "FALSE", "techniqueHushing": "FALSE", "techniqueGroundSluicing": "FALSE", "techniqueRuinaMontium": 0.0, "techniqueRakeComb": 0.0, "techniqueGoldWashing": 0.0, "techniqueOther": 0.0, "notes": null, "geology": "Hard rock", "depositType": "Primary", "exploitationType": null, "Flag_Au_Oro": 0, "Status_Au_Oro": "No", "Flag_Ag_Plata": 1, "Status_Ag_Plata": "Confirmado", "Flag_Cu_Cobre": 1, "Status_Cu_Cobre": "Confirmado", "Flag_Pb_Plomo": 1, "Status_Pb_Plomo": "Confirmado", "Flag_Hg_Cinabrio": 0, "Status_Hg_Cinabrio": "No", "Flag_Sn_Estano": 0, "Status_Sn_Estano": "No", "Flag_Fe_Hierro": 0, "Status_Fe_Hierro": "No", "Tech_Ruina_Montium": 0, "Tech_Subterranea": 1, "Tech_Cielo_Abierto": 0, "Tech_Lavado_Placer": 0, "Certainty_Spatial": 1.0, "Certainty_Archaeological": 0.9, "Certainty_Metallogenic": 1.0, "Certainty_Score": 0.965, "Certainty_Grade": "Alta Certeza (Grado I)" }, "geometry": { "type": "Point", "coordinates": [ -5.37490862, 38.27643785 ] } },
{ "type": "Feature", "properties": { "mineID": 937, "site": "Los Escoriales", "ancientName": null, "province": "Hispania Baetica", "country": "Spain", "region": "Jaén", "miningDistrict": "Montoro Andújar", "romanianRANID": null, "sanchezPalenciaAndOrejasID": null, "domergueID": "J 8", "spainMapSheet": 883.0, "lambertX": 579.3, "lambertY": 398.3, "latitude": 38.18103892, "longitude": -3.92435169, "coordinateAccuracy": 100.0, "locationDataSource": "Converted in QGIS from Lambert coords, Madrid 1870", "locationNotes": null, "notBeforeOpeningDate": null, "notAfterOpeningDate": null, "notBeforeClosingDate": null, "notAfterClosingDate": null, "inUseDate": null, "metalMinedGold": "FALSE", "metalMinedSilver": 0.0, "metalMinedLead": 0.0, "metalMinedCopper": 1.0, "metalMinedTin": 0.0, "metalMinedIron": 0.0, "metalMinedMercuryCinnabar": 0.0, "metalMinedZinc": 0.0, "metalMinedOther": 0.0, "description": null, "references": "Domergue 1990: 47", "techniqueOpencast": 0.0, "techniqueUnderground": 1.0, "techniqueHydraulic": "FALSE", "techniqueHushing": "FALSE", "techniqueGroundSluicing": "FALSE", "techniqueRuinaMontium": 0.0, "techniqueRakeComb": 0.0, "techniqueGoldWashing": 0.0, "techniqueOther": 0.0, "notes": null, "geology": "Hard rock", "depositType": null, "exploitationType": null, "Flag_Au_Oro": 0, "Status_Au_Oro": "No", "Flag_Ag_Plata": 0, "Status_Ag_Plata": "No", "Flag_Cu_Cobre": 1, "Status_Cu_Cobre": "Confirmado", "Flag_Pb_Plomo": 0, "Status_Pb_Plomo": "No", "Flag_Hg_Cinabrio": 0, "Status_Hg_Cinabrio": "No", "Flag_Sn_Estano": 0, "Status_Sn_Estano": "No", "Flag_Fe_Hierro": 0, "Status_Fe_Hierro": "No", "Tech_Ruina_Montium": 0, "Tech_Subterranea": 1, "Tech_Cielo_Abierto": 0, "Tech_Lavado_Placer": 0, "Certainty_Spatial": 1.0, "Certainty_Archaeological": 0.9, "Certainty_Metallogenic": 1.0, "Certainty_Score": 0.965, "Certainty_Grade": "Alta Certeza (Grado I)" }, "geometry": { "type": "Point", "coordinates": [ -3.92435169, 38.18103892 ] } },
{ "type": "Feature", "properties": { "mineID": 943, "site": "Los Guijarros", "ancientName": null, "province": "Hispania Baetica", "country": "Spain", "region": "Huelva", "miningDistrict": "Picos de Aroche", "romanianRANID": null, "sanchezPalenciaAndOrejasID": null, "domergueID": "H 30", "spainMapSheet": 895.0, "lambertX": 316.5, "lambertY": 398.8, "latitude": 38.13938667, "longitude": -6.92455813, "coordinateAccuracy": 100.0, "locationDataSource": "Converted in QGIS from Lambert coords, Madrid 1870", "locationNotes": null, "notBeforeOpeningDate": null, "notAfterOpeningDate": null, "notBeforeClosingDate": null, "notAfterClosingDate": null, "inUseDate": null, "metalMinedGold": "FALSE", "metalMinedSilver": 0.0, "metalMinedLead": 0.0, "metalMinedCopper": 1.0, "metalMinedTin": 0.0, "metalMinedIron": 0.0, "metalMinedMercuryCinnabar": 0.0, "metalMinedZinc": 0.0, "metalMinedOther": 0.0, "description": null, "references": "Domergue 1990: 61", "techniqueOpencast": null, "techniqueUnderground": null, "techniqueHydraulic": "FALSE", "techniqueHushing": "FALSE", "techniqueGroundSluicing": "FALSE", "techniqueRuinaMontium": 0.0, "techniqueRakeComb": 0.0, "techniqueGoldWashing": 0.0, "techniqueOther": null, "notes": null, "geology": "Hard rock", "depositType": "Primary", "exploitationType": null, "Flag_Au_Oro": 0, "Status_Au_Oro": "No", "Flag_Ag_Plata": 0, "Status_Ag_Plata": "No", "Flag_Cu_Cobre": 1, "Status_Cu_Cobre": "Confirmado", "Flag_Pb_Plomo": 0, "Status_Pb_Plomo": "No", "Flag_Hg_Cinabrio": 0, "Status_Hg_Cinabrio": "No", "Flag_Sn_Estano": 0, "Status_Sn_Estano": "No", "Flag_Fe_Hierro": 0, "Status_Fe_Hierro": "No", "Tech_Ruina_Montium": 0, "Tech_Subterranea": 0, "Tech_Cielo_Abierto": 0, "Tech_Lavado_Placer": 0, "Certainty_Spatial": 1.0, "Certainty_Archaeological": 0.9, "Certainty_Metallogenic": 1.0, "Certainty_Score": 0.965, "Certainty_Grade": "Alta Certeza (Grado I)" }, "geometry": { "type": "Point", "coordinates": [ -6.92455813, 38.13938667 ] } },
{ "type": "Feature", "properties": { "mineID": 952, "site": "Los Palazuelos", "ancientName": null, "province": "Hispania Tarraconensis", "country": "Spain", "region": "Jaén", "miningDistrict": "Linares - La Carolina", "romanianRANID": null, "sanchezPalenciaAndOrejasID": null, "domergueID": "J 14", "spainMapSheet": 884.0, "lambertX": 609.1, "lambertY": 399.3, "latitude": 38.19025394, "longitude": -3.58399511, "coordinateAccuracy": 100.0, "locationDataSource": "Converted in QGIS from Lambert coords, Madrid 1870", "locationNotes": null, "notBeforeOpeningDate": null, "notAfterOpeningDate": null, "notBeforeClosingDate": null, "notAfterClosingDate": null, "inUseDate": null, "metalMinedGold": "FALSE", "metalMinedSilver": 1.0, "metalMinedLead": 1.0, "metalMinedCopper": 1.0, "metalMinedTin": 0.0, "metalMinedIron": 0.0, "metalMinedMercuryCinnabar": 0.0, "metalMinedZinc": 0.0, "metalMinedOther": 0.0, "description": null, "references": "Domergue 1990: 45", "techniqueOpencast": 0.0, "techniqueUnderground": 1.0, "techniqueHydraulic": "FALSE", "techniqueHushing": "FALSE", "techniqueGroundSluicing": "FALSE", "techniqueRuinaMontium": 0.0, "techniqueRakeComb": 0.0, "techniqueGoldWashing": 0.0, "techniqueOther": 0.0, "notes": null, "geology": "Hard rock", "depositType": null, "exploitationType": null, "Flag_Au_Oro": 0, "Status_Au_Oro": "No", "Flag_Ag_Plata": 1, "Status_Ag_Plata": "Confirmado", "Flag_Cu_Cobre": 1, "Status_Cu_Cobre": "Confirmado", "Flag_Pb_Plomo": 1, "Status_Pb_Plomo": "Confirmado", "Flag_Hg_Cinabrio": 0, "Status_Hg_Cinabrio": "No", "Flag_Sn_Estano": 0, "Status_Sn_Estano": "No", "Flag_Fe_Hierro": 0, "Status_Fe_Hierro": "No", "Tech_Ruina_Montium": 0, "Tech_Subterranea": 1, "Tech_Cielo_Abierto": 0, "Tech_Lavado_Placer": 0, "Certainty_Spatial": 1.0, "Certainty_Archaeological": 0.9, "Certainty_Metallogenic": 1.0, "Certainty_Score": 0.965, "Certainty_Grade": "Alta Certeza (Grado I)" }, "geometry": { "type": "Point", "coordinates": [ -3.58399511, 38.19025394 ] } },
{ "type": "Feature", "properties": { "mineID": 953, "site": "Los Patalos", "ancientName": null, "province": "Hispania Baetica", "country": "Spain", "region": "Córdoba", "miningDistrict": "Montoro Andújar", "romanianRANID": null, "sanchezPalenciaAndOrejasID": null, "domergueID": "CO 79", "spainMapSheet": 882.0, "lambertX": 548.4, "lambertY": 397.5, "latitude": 38.1725365, "longitude": -4.27719014, "coordinateAccuracy": 100.0, "locationDataSource": "Converted in QGIS from Lambert coords, Madrid 1870", "locationNotes": null, "notBeforeOpeningDate": null, "notAfterOpeningDate": null, "notBeforeClosingDate": null, "notAfterClosingDate": null, "inUseDate": null, "metalMinedGold": "FALSE", "metalMinedSilver": 0.0, "metalMinedLead": 0.0, "metalMinedCopper": 1.0, "metalMinedTin": 0.0, "metalMinedIron": 0.0, "metalMinedMercuryCinnabar": 0.0, "metalMinedZinc": 0.0, "metalMinedOther": 0.0, "description": null, "references": "Domergue 1990: 47", "techniqueOpencast": null, "techniqueUnderground": null, "techniqueHydraulic": "FALSE", "techniqueHushing": "FALSE", "techniqueGroundSluicing": "FALSE", "techniqueRuinaMontium": 0.0, "techniqueRakeComb": 0.0, "techniqueGoldWashing": 0.0, "techniqueOther": null, "notes": null, "geology": "Hard rock", "depositType": null, "exploitationType": null, "Flag_Au_Oro": 0, "Status_Au_Oro": "No", "Flag_Ag_Plata": 0, "Status_Ag_Plata": "No", "Flag_Cu_Cobre": 1, "Status_Cu_Cobre": "Confirmado", "Flag_Pb_Plomo": 0, "Status_Pb_Plomo": "No", "Flag_Hg_Cinabrio": 0, "Status_Hg_Cinabrio": "No", "Flag_Sn_Estano": 0, "Status_Sn_Estano": "No", "Flag_Fe_Hierro": 0, "Status_Fe_Hierro": "No", "Tech_Ruina_Montium": 0, "Tech_Subterranea": 0, "Tech_Cielo_Abierto": 0, "Tech_Lavado_Placer": 0, "Certainty_Spatial": 1.0, "Certainty_Archaeological": 0.9, "Certainty_Metallogenic": 1.0, "Certainty_Score": 0.965, "Certainty_Grade": "Alta Certeza (Grado I)" }, "geometry": { "type": "Point", "coordinates": [ -4.27719014, 38.1725365 ] } },
{ "type": "Feature", "properties": { "mineID": 954, "site": "Los Pobos", "ancientName": null, "province": "Hispania Baetica", "country": "Spain", "region": "Córdoba", "miningDistrict": "Los Pedroches", "romanianRANID": null, "sanchezPalenciaAndOrejasID": null, "domergueID": "CO 1", "spainMapSheet": 881.0, "lambertX": 524.2, "lambertY": 401.9, "latitude": 38.21042193, "longitude": -4.554018, "coordinateAccuracy": 100.0, "locationDataSource": "Converted in QGIS from Lambert coords, Madrid 1870", "locationNotes": null, "notBeforeOpeningDate": null, "notAfterOpeningDate": null, "notBeforeClosingDate": null, "notAfterClosingDate": null, "inUseDate": null, "metalMinedGold": "FALSE", "metalMinedSilver": 0.0, "metalMinedLead": 0.0, "metalMinedCopper": 1.0, "metalMinedTin": 0.0, "metalMinedIron": 0.0, "metalMinedMercuryCinnabar": 0.0, "metalMinedZinc": 0.0, "metalMinedOther": 0.0, "description": null, "references": "Domergue 1990: 47", "techniqueOpencast": null, "techniqueUnderground": null, "techniqueHydraulic": "FALSE", "techniqueHushing": "FALSE", "techniqueGroundSluicing": "FALSE", "techniqueRuinaMontium": 0.0, "techniqueRakeComb": 0.0, "techniqueGoldWashing": 0.0, "techniqueOther": null, "notes": null, "geology": "Hard rock", "depositType": "Primary", "exploitationType": null, "Flag_Au_Oro": 0, "Status_Au_Oro": "No", "Flag_Ag_Plata": 0, "Status_Ag_Plata": "No", "Flag_Cu_Cobre": 1, "Status_Cu_Cobre": "Confirmado", "Flag_Pb_Plomo": 0, "Status_Pb_Plomo": "No", "Flag_Hg_Cinabrio": 0, "Status_Hg_Cinabrio": "No", "Flag_Sn_Estano": 0, "Status_Sn_Estano": "No", "Flag_Fe_Hierro": 0, "Status_Fe_Hierro": "No", "Tech_Ruina_Montium": 0, "Tech_Subterranea": 0, "Tech_Cielo_Abierto": 0, "Tech_Lavado_Placer": 0, "Certainty_Spatial": 1.0, "Certainty_Archaeological": 0.9, "Certainty_Metallogenic": 1.0, "Certainty_Score": 0.965, "Certainty_Grade": "Alta Certeza (Grado I)" }, "geometry": { "type": "Point", "coordinates": [ -4.554018, 38.21042193 ] } },
{ "type": "Feature", "properties": { "mineID": 966, "site": "Madereros", "ancientName": null, "province": "Hispania Baetica", "country": "Spain", "region": "Córdoba", "miningDistrict": "Posadas", "romanianRANID": null, "sanchezPalenciaAndOrejasID": null, "domergueID": "CO 7", "spainMapSheet": 922.0, "lambertX": 482.6, "lambertY": 362.5, "latitude": 37.85063496, "longitude": -5.02253464, "coordinateAccuracy": 100.0, "locationDataSource": "Converted in QGIS from Lambert coords, Madrid 1870", "locationNotes": null, "notBeforeOpeningDate": null, "notAfterOpeningDate": null, "notBeforeClosingDate": null, "notAfterClosingDate": null, "inUseDate": null, "metalMinedGold": "FALSE", "metalMinedSilver": 1.0, "metalMinedLead": 1.0, "metalMinedCopper": 1.0, "metalMinedTin": 0.0, "metalMinedIron": 0.0, "metalMinedMercuryCinnabar": 0.0, "metalMinedZinc": 0.0, "metalMinedOther": 0.0, "description": null, "references": "Domergue 1990: 45", "techniqueOpencast": null, "techniqueUnderground": null, "techniqueHydraulic": "FALSE", "techniqueHushing": "FALSE", "techniqueGroundSluicing": "FALSE", "techniqueRuinaMontium": 0.0, "techniqueRakeComb": 0.0, "techniqueGoldWashing": 0.0, "techniqueOther": null, "notes": null, "geology": "Hard rock", "depositType": "Primary", "exploitationType": null, "Flag_Au_Oro": 0, "Status_Au_Oro": "No", "Flag_Ag_Plata": 1, "Status_Ag_Plata": "Confirmado", "Flag_Cu_Cobre": 1, "Status_Cu_Cobre": "Confirmado", "Flag_Pb_Plomo": 1, "Status_Pb_Plomo": "Confirmado", "Flag_Hg_Cinabrio": 0, "Status_Hg_Cinabrio": "No", "Flag_Sn_Estano": 0, "Status_Sn_Estano": "No", "Flag_Fe_Hierro": 0, "Status_Fe_Hierro": "No", "Tech_Ruina_Montium": 0, "Tech_Subterranea": 0, "Tech_Cielo_Abierto": 0, "Tech_Lavado_Placer": 0, "Certainty_Spatial": 1.0, "Certainty_Archaeological": 0.9, "Certainty_Metallogenic": 1.0, "Certainty_Score": 0.965, "Certainty_Grade": "Alta Certeza (Grado I)" }, "geometry": { "type": "Point", "coordinates": [ -5.02253464, 37.85063496 ] } },
{ "type": "Feature", "properties": { "mineID": 981, "site": "Mesa del Castaño", "ancientName": null, "province": "Hispania Baetica", "country": "Spain", "region": "Badajoz", "miningDistrict": "Azuaga-Fuenteovejuna", "romanianRANID": null, "sanchezPalenciaAndOrejasID": null, "domergueID": "BA 18", "spainMapSheet": 878.0, "lambertX": 435.6, "lambertY": 400.6, "latitude": 38.18640885, "longitude": -5.56581619, "coordinateAccuracy": 100.0, "locationDataSource": "Converted in QGIS from Lambert coords, Madrid 1870", "locationNotes": null, "notBeforeOpeningDate": null, "notAfterOpeningDate": null, "notBeforeClosingDate": null, "notAfterClosingDate": null, "inUseDate": null, "metalMinedGold": "FALSE", "metalMinedSilver": 0.0, "metalMinedLead": 0.0, "metalMinedCopper": 1.0, "metalMinedTin": 0.0, "metalMinedIron": 0.0, "metalMinedMercuryCinnabar": 0.0, "metalMinedZinc": 0.0, "metalMinedOther": 0.0, "description": null, "references": "Domergue 1990: 46", "techniqueOpencast": 0.0, "techniqueUnderground": 1.0, "techniqueHydraulic": "FALSE", "techniqueHushing": "FALSE", "techniqueGroundSluicing": "FALSE", "techniqueRuinaMontium": 0.0, "techniqueRakeComb": 0.0, "techniqueGoldWashing": 0.0, "techniqueOther": 0.0, "notes": null, "geology": "Hard rock", "depositType": "Primary", "exploitationType": null, "Flag_Au_Oro": 0, "Status_Au_Oro": "No", "Flag_Ag_Plata": 0, "Status_Ag_Plata": "No", "Flag_Cu_Cobre": 1, "Status_Cu_Cobre": "Confirmado", "Flag_Pb_Plomo": 0, "Status_Pb_Plomo": "No", "Flag_Hg_Cinabrio": 0, "Status_Hg_Cinabrio": "No", "Flag_Sn_Estano": 0, "Status_Sn_Estano": "No", "Flag_Fe_Hierro": 0, "Status_Fe_Hierro": "No", "Tech_Ruina_Montium": 0, "Tech_Subterranea": 1, "Tech_Cielo_Abierto": 0, "Tech_Lavado_Placer": 0, "Certainty_Spatial": 1.0, "Certainty_Archaeological": 0.9, "Certainty_Metallogenic": 1.0, "Certainty_Score": 0.965, "Certainty_Grade": "Alta Certeza (Grado I)" }, "geometry": { "type": "Point", "coordinates": [ -5.56581619, 38.18640885 ] } },
{ "type": "Feature", "properties": { "mineID": 982, "site": "Milagros", "ancientName": null, "province": "Hispania Tarraconensis", "country": "Spain", "region": "Oviedo", "miningDistrict": "Asturias", "romanianRANID": null, "sanchezPalenciaAndOrejasID": null, "domergueID": "O 19", "spainMapSheet": 55.0, "lambertX": 496.0, "lambertY": 972.0, "latitude": 43.34467329, "longitude": -4.969865368, "coordinateAccuracy": 100.0, "locationDataSource": "Converted in QGIS from Lambert coords, Madrid 1870", "locationNotes": null, "notBeforeOpeningDate": null, "notAfterOpeningDate": null, "notBeforeClosingDate": null, "notAfterClosingDate": null, "inUseDate": null, "metalMinedGold": "FALSE", "metalMinedSilver": 0.0, "metalMinedLead": 0.0, "metalMinedCopper": 1.0, "metalMinedTin": 0.0, "metalMinedIron": 0.0, "metalMinedMercuryCinnabar": 0.0, "metalMinedZinc": 0.0, "metalMinedOther": 0.0, "description": null, "references": "Domergue 1990: 42", "techniqueOpencast": null, "techniqueUnderground": null, "techniqueHydraulic": "FALSE", "techniqueHushing": "FALSE", "techniqueGroundSluicing": "FALSE", "techniqueRuinaMontium": 0.0, "techniqueRakeComb": 0.0, "techniqueGoldWashing": 0.0, "techniqueOther": null, "notes": null, "geology": "Hard rock", "depositType": null, "exploitationType": null, "Flag_Au_Oro": 0, "Status_Au_Oro": "No", "Flag_Ag_Plata": 0, "Status_Ag_Plata": "No", "Flag_Cu_Cobre": 1, "Status_Cu_Cobre": "Confirmado", "Flag_Pb_Plomo": 0, "Status_Pb_Plomo": "No", "Flag_Hg_Cinabrio": 0, "Status_Hg_Cinabrio": "No", "Flag_Sn_Estano": 0, "Status_Sn_Estano": "No", "Flag_Fe_Hierro": 0, "Status_Fe_Hierro": "No", "Tech_Ruina_Montium": 0, "Tech_Subterranea": 0, "Tech_Cielo_Abierto": 0, "Tech_Lavado_Placer": 0, "Certainty_Spatial": 1.0, "Certainty_Archaeological": 0.9, "Certainty_Metallogenic": 1.0, "Certainty_Score": 0.965, "Certainty_Grade": "Alta Certeza (Grado I)" }, "geometry": { "type": "Point", "coordinates": [ -4.969865368, 43.34467329 ] } },
{ "type": "Feature", "properties": { "mineID": 985, "site": "Mina Teuler", "ancientName": null, "province": "Hispania Baetica", "country": "Spain", "region": "Huelva", "miningDistrict": "Huelva", "romanianRANID": null, "sanchezPalenciaAndOrejasID": null, "domergueID": "H 44", "spainMapSheet": 918.0, "lambertX": 371.9, "lambertY": 374.0, "latitude": 37.93227464, "longitude": -6.28423372, "coordinateAccuracy": 100.0, "locationDataSource": "Converted in QGIS from Lambert coords, Madrid 1870", "locationNotes": null, "notBeforeOpeningDate": null, "notAfterOpeningDate": null, "notBeforeClosingDate": null, "notAfterClosingDate": null, "inUseDate": null, "metalMinedGold": "FALSE", "metalMinedSilver": 0.0, "metalMinedLead": 0.0, "metalMinedCopper": 1.0, "metalMinedTin": 0.0, "metalMinedIron": 0.0, "metalMinedMercuryCinnabar": 0.0, "metalMinedZinc": 0.0, "metalMinedOther": 0.0, "description": null, "references": "Domergue 1990: 61", "techniqueOpencast": null, "techniqueUnderground": null, "techniqueHydraulic": "FALSE", "techniqueHushing": "FALSE", "techniqueGroundSluicing": "FALSE", "techniqueRuinaMontium": 0.0, "techniqueRakeComb": 0.0, "techniqueGoldWashing": 0.0, "techniqueOther": null, "notes": null, "geology": "Pyrite", "depositType": "Primary", "exploitationType": null, "Flag_Au_Oro": 0, "Status_Au_Oro": "No", "Flag_Ag_Plata": 0, "Status_Ag_Plata": "No", "Flag_Cu_Cobre": 1, "Status_Cu_Cobre": "Confirmado", "Flag_Pb_Plomo": 0, "Status_Pb_Plomo": "No", "Flag_Hg_Cinabrio": 0, "Status_Hg_Cinabrio": "No", "Flag_Sn_Estano": 0, "Status_Sn_Estano": "No", "Flag_Fe_Hierro": 0, "Status_Fe_Hierro": "No", "Tech_Ruina_Montium": 0, "Tech_Subterranea": 0, "Tech_Cielo_Abierto": 0, "Tech_Lavado_Placer": 0, "Certainty_Spatial": 1.0, "Certainty_Archaeological": 0.9, "Certainty_Metallogenic": 1.0, "Certainty_Score": 0.965, "Certainty_Grade": "Alta Certeza (Grado I)" }, "geometry": { "type": "Point", "coordinates": [ -6.28423372, 37.93227464 ] } },
{ "type": "Feature", "properties": { "mineID": 986, "site": "Mina Valquemado", "ancientName": null, "province": "Hispania Baetica", "country": "Spain", "region": "Jaén", "miningDistrict": "Montoro Andújar", "romanianRANID": null, "sanchezPalenciaAndOrejasID": null, "domergueID": "J 3", "spainMapSheet": 883.0, "lambertX": 560.3, "lambertY": 405.3, "latitude": 38.24348353, "longitude": -4.14175311, "coordinateAccuracy": 100.0, "locationDataSource": "Converted in QGIS from Lambert coords, Madrid 1870", "locationNotes": null, "notBeforeOpeningDate": null, "notAfterOpeningDate": null, "notBeforeClosingDate": null, "notAfterClosingDate": null, "inUseDate": null, "metalMinedGold": "FALSE", "metalMinedSilver": 0.0, "metalMinedLead": 0.0, "metalMinedCopper": 1.0, "metalMinedTin": 0.0, "metalMinedIron": 0.0, "metalMinedMercuryCinnabar": 0.0, "metalMinedZinc": 0.0, "metalMinedOther": 0.0, "description": null, "references": "Domergue 1990: 47", "techniqueOpencast": null, "techniqueUnderground": null, "techniqueHydraulic": "FALSE", "techniqueHushing": "FALSE", "techniqueGroundSluicing": "FALSE", "techniqueRuinaMontium": 0.0, "techniqueRakeComb": 0.0, "techniqueGoldWashing": 0.0, "techniqueOther": null, "notes": null, "geology": "Hard rock", "depositType": null, "exploitationType": null, "Flag_Au_Oro": 0, "Status_Au_Oro": "No", "Flag_Ag_Plata": 0, "Status_Ag_Plata": "No", "Flag_Cu_Cobre": 1, "Status_Cu_Cobre": "Confirmado", "Flag_Pb_Plomo": 0, "Status_Pb_Plomo": "No", "Flag_Hg_Cinabrio": 0, "Status_Hg_Cinabrio": "No", "Flag_Sn_Estano": 0, "Status_Sn_Estano": "No", "Flag_Fe_Hierro": 0, "Status_Fe_Hierro": "No", "Tech_Ruina_Montium": 0, "Tech_Subterranea": 0, "Tech_Cielo_Abierto": 0, "Tech_Lavado_Placer": 0, "Certainty_Spatial": 1.0, "Certainty_Archaeological": 0.9, "Certainty_Metallogenic": 1.0, "Certainty_Score": 0.965, "Certainty_Grade": "Alta Certeza (Grado I)" }, "geometry": { "type": "Point", "coordinates": [ -4.14175311, 38.24348353 ] } },
{ "type": "Feature", "properties": { "mineID": 987, "site": "Minas de Cala", "ancientName": null, "province": "Hispania Baetica", "country": "Spain", "region": "Huelva", "miningDistrict": "Huelva", "romanianRANID": null, "sanchezPalenciaAndOrejasID": null, "domergueID": "H 16", "spainMapSheet": 918.0, "lambertX": 366.2, "lambertY": 375.8, "latitude": 37.94697837, "longitude": -6.34968618, "coordinateAccuracy": 100.0, "locationDataSource": "Converted in QGIS from Lambert coords, Madrid 1870", "locationNotes": null, "notBeforeOpeningDate": null, "notAfterOpeningDate": null, "notBeforeClosingDate": null, "notAfterClosingDate": null, "inUseDate": null, "metalMinedGold": "FALSE", "metalMinedSilver": 0.0, "metalMinedLead": 0.0, "metalMinedCopper": 1.0, "metalMinedTin": 0.0, "metalMinedIron": 0.0, "metalMinedMercuryCinnabar": 0.0, "metalMinedZinc": 0.0, "metalMinedOther": 0.0, "description": null, "references": "Domergue 1990: 61", "techniqueOpencast": 0.0, "techniqueUnderground": 1.0, "techniqueHydraulic": "FALSE", "techniqueHushing": "FALSE", "techniqueGroundSluicing": "FALSE", "techniqueRuinaMontium": 0.0, "techniqueRakeComb": 0.0, "techniqueGoldWashing": 0.0, "techniqueOther": 0.0, "notes": null, "geology": "Pyrite", "depositType": "Primary", "exploitationType": null, "Flag_Au_Oro": 0, "Status_Au_Oro": "No", "Flag_Ag_Plata": 0, "Status_Ag_Plata": "No", "Flag_Cu_Cobre": 1, "Status_Cu_Cobre": "Confirmado", "Flag_Pb_Plomo": 0, "Status_Pb_Plomo": "No", "Flag_Hg_Cinabrio": 0, "Status_Hg_Cinabrio": "No", "Flag_Sn_Estano": 0, "Status_Sn_Estano": "No", "Flag_Fe_Hierro": 0, "Status_Fe_Hierro": "No", "Tech_Ruina_Montium": 0, "Tech_Subterranea": 1, "Tech_Cielo_Abierto": 0, "Tech_Lavado_Placer": 0, "Certainty_Spatial": 1.0, "Certainty_Archaeological": 0.9, "Certainty_Metallogenic": 1.0, "Certainty_Score": 0.965, "Certainty_Grade": "Alta Certeza (Grado I)" }, "geometry": { "type": "Point", "coordinates": [ -6.34968618, 37.94697837 ] } },
{ "type": "Feature", "properties": { "mineID": 989, "site": "Miraflores", "ancientName": null, "province": "Hispania Baetica", "country": "Spain", "region": "Badajoz", "miningDistrict": "La Serena", "romanianRANID": null, "sanchezPalenciaAndOrejasID": null, "domergueID": "BA 39", "spainMapSheet": 805.0, "lambertX": 440.6, "lambertY": 465.3, "latitude": 38.77056956, "longitude": -5.52393981, "coordinateAccuracy": 100.0, "locationDataSource": "Converted in QGIS from Lambert coords, Madrid 1870", "locationNotes": null, "notBeforeOpeningDate": null, "notAfterOpeningDate": null, "notBeforeClosingDate": null, "notAfterClosingDate": null, "inUseDate": null, "metalMinedGold": "FALSE", "metalMinedSilver": 1.0, "metalMinedLead": 1.0, "metalMinedCopper": 1.0, "metalMinedTin": 0.0, "metalMinedIron": 0.0, "metalMinedMercuryCinnabar": 0.0, "metalMinedZinc": 0.0, "metalMinedOther": 0.0, "description": null, "references": "Domergue 1990: 45", "techniqueOpencast": null, "techniqueUnderground": null, "techniqueHydraulic": "FALSE", "techniqueHushing": "FALSE", "techniqueGroundSluicing": "FALSE", "techniqueRuinaMontium": 0.0, "techniqueRakeComb": 0.0, "techniqueGoldWashing": 0.0, "techniqueOther": null, "notes": null, "geology": "Hard rock", "depositType": "Primary", "exploitationType": null, "Flag_Au_Oro": 0, "Status_Au_Oro": "No", "Flag_Ag_Plata": 1, "Status_Ag_Plata": "Confirmado", "Flag_Cu_Cobre": 1, "Status_Cu_Cobre": "Confirmado", "Flag_Pb_Plomo": 1, "Status_Pb_Plomo": "Confirmado", "Flag_Hg_Cinabrio": 0, "Status_Hg_Cinabrio": "No", "Flag_Sn_Estano": 0, "Status_Sn_Estano": "No", "Flag_Fe_Hierro": 0, "Status_Fe_Hierro": "No", "Tech_Ruina_Montium": 0, "Tech_Subterranea": 0, "Tech_Cielo_Abierto": 0, "Tech_Lavado_Placer": 0, "Certainty_Spatial": 1.0, "Certainty_Archaeological": 0.9, "Certainty_Metallogenic": 1.0, "Certainty_Score": 0.965, "Certainty_Grade": "Alta Certeza (Grado I)" }, "geometry": { "type": "Point", "coordinates": [ -5.52393981, 38.77056956 ] } },
{ "type": "Feature", "properties": { "mineID": 990, "site": "Moeche", "ancientName": null, "province": "Hispania Tarraconensis", "country": "Spain", "region": "La Coruña", "miningDistrict": "Galicia", "romanianRANID": null, "sanchezPalenciaAndOrejasID": null, "domergueID": "C 6", "spainMapSheet": 7.0, "lambertX": 253.5, "lambertY": 1002.0, "latitude": 43.54630608, "longitude": -7.97375636, "coordinateAccuracy": 100.0, "locationDataSource": "Converted in QGIS from Lambert coords, Madrid 1870", "locationNotes": null, "notBeforeOpeningDate": null, "notAfterOpeningDate": null, "notBeforeClosingDate": null, "notAfterClosingDate": null, "inUseDate": null, "metalMinedGold": "FALSE", "metalMinedSilver": 0.0, "metalMinedLead": 0.0, "metalMinedCopper": 1.0, "metalMinedTin": 0.0, "metalMinedIron": 0.0, "metalMinedMercuryCinnabar": 0.0, "metalMinedZinc": 0.0, "metalMinedOther": 0.0, "description": null, "references": "Domergue 1990: 41", "techniqueOpencast": null, "techniqueUnderground": null, "techniqueHydraulic": "FALSE", "techniqueHushing": "FALSE", "techniqueGroundSluicing": "FALSE", "techniqueRuinaMontium": 0.0, "techniqueRakeComb": 0.0, "techniqueGoldWashing": 0.0, "techniqueOther": null, "notes": null, "geology": "Hard rock", "depositType": null, "exploitationType": null, "Flag_Au_Oro": 0, "Status_Au_Oro": "No", "Flag_Ag_Plata": 0, "Status_Ag_Plata": "No", "Flag_Cu_Cobre": 1, "Status_Cu_Cobre": "Confirmado", "Flag_Pb_Plomo": 0, "Status_Pb_Plomo": "No", "Flag_Hg_Cinabrio": 0, "Status_Hg_Cinabrio": "No", "Flag_Sn_Estano": 0, "Status_Sn_Estano": "No", "Flag_Fe_Hierro": 0, "Status_Fe_Hierro": "No", "Tech_Ruina_Montium": 0, "Tech_Subterranea": 0, "Tech_Cielo_Abierto": 0, "Tech_Lavado_Placer": 0, "Certainty_Spatial": 1.0, "Certainty_Archaeological": 0.9, "Certainty_Metallogenic": 1.0, "Certainty_Score": 0.965, "Certainty_Grade": "Alta Certeza (Grado I)" }, "geometry": { "type": "Point", "coordinates": [ -7.97375636, 43.54630608 ] } },
{ "type": "Feature", "properties": { "mineID": 1000, "site": "Monte Romero", "ancientName": null, "province": "Hispania Baetica", "country": "Spain", "region": "Huelva", "miningDistrict": "Huelva", "romanianRANID": null, "sanchezPalenciaAndOrejasID": null, "domergueID": "H 3", "spainMapSheet": 938.0, "lambertX": 326.0, "lambertY": 358.6, "latitude": 37.78028111, "longitude": -6.80017225, "coordinateAccuracy": 100.0, "locationDataSource": "Converted in QGIS from Lambert coords, Madrid 1870", "locationNotes": null, "notBeforeOpeningDate": null, "notAfterOpeningDate": null, "notBeforeClosingDate": null, "notAfterClosingDate": null, "inUseDate": null, "metalMinedGold": "FALSE", "metalMinedSilver": 0.0, "metalMinedLead": 0.0, "metalMinedCopper": 1.0, "metalMinedTin": 0.0, "metalMinedIron": 0.0, "metalMinedMercuryCinnabar": 0.0, "metalMinedZinc": 0.0, "metalMinedOther": 0.0, "description": null, "references": "Domergue 1990: 62", "techniqueOpencast": null, "techniqueUnderground": null, "techniqueHydraulic": "FALSE", "techniqueHushing": "FALSE", "techniqueGroundSluicing": "FALSE", "techniqueRuinaMontium": 0.0, "techniqueRakeComb": 0.0, "techniqueGoldWashing": 0.0, "techniqueOther": null, "notes": null, "geology": "Pyrite", "depositType": "Primary", "exploitationType": null, "Flag_Au_Oro": 0, "Status_Au_Oro": "No", "Flag_Ag_Plata": 0, "Status_Ag_Plata": "No", "Flag_Cu_Cobre": 1, "Status_Cu_Cobre": "Confirmado", "Flag_Pb_Plomo": 0, "Status_Pb_Plomo": "No", "Flag_Hg_Cinabrio": 0, "Status_Hg_Cinabrio": "No", "Flag_Sn_Estano": 0, "Status_Sn_Estano": "No", "Flag_Fe_Hierro": 0, "Status_Fe_Hierro": "No", "Tech_Ruina_Montium": 0, "Tech_Subterranea": 0, "Tech_Cielo_Abierto": 0, "Tech_Lavado_Placer": 0, "Certainty_Spatial": 1.0, "Certainty_Archaeological": 0.9, "Certainty_Metallogenic": 1.0, "Certainty_Score": 0.965, "Certainty_Grade": "Alta Certeza (Grado I)" }, "geometry": { "type": "Point", "coordinates": [ -6.80017225, 37.78028111 ] } },
{ "type": "Feature", "properties": { "mineID": 1011, "site": "Mortecino", "ancientName": null, "province": "Hispania Baetica", "country": "Spain", "region": "Córdoba", "miningDistrict": "Los Pedroches", "romanianRANID": null, "sanchezPalenciaAndOrejasID": null, "domergueID": "CO 35", "spainMapSheet": 860.0, "lambertX": 529.4, "lambertY": 421.5, "latitude": 38.38756294, "longitude": -4.49663869, "coordinateAccuracy": 100.0, "locationDataSource": "Converted in QGIS from Lambert coords, Madrid 1870", "locationNotes": null, "notBeforeOpeningDate": null, "notAfterOpeningDate": null, "notBeforeClosingDate": null, "notAfterClosingDate": null, "inUseDate": null, "metalMinedGold": "FALSE", "metalMinedSilver": 0.0, "metalMinedLead": 0.0, "metalMinedCopper": 1.0, "metalMinedTin": 0.0, "metalMinedIron": 0.0, "metalMinedMercuryCinnabar": 0.0, "metalMinedZinc": 0.0, "metalMinedOther": 0.0, "description": null, "references": "Domergue 1990: 47", "techniqueOpencast": 0.0, "techniqueUnderground": 1.0, "techniqueHydraulic": "FALSE", "techniqueHushing": "FALSE", "techniqueGroundSluicing": "FALSE", "techniqueRuinaMontium": 0.0, "techniqueRakeComb": 0.0, "techniqueGoldWashing": 0.0, "techniqueOther": 0.0, "notes": null, "geology": "Hard rock", "depositType": "Primary", "exploitationType": null, "Flag_Au_Oro": 0, "Status_Au_Oro": "No", "Flag_Ag_Plata": 0, "Status_Ag_Plata": "No", "Flag_Cu_Cobre": 1, "Status_Cu_Cobre": "Confirmado", "Flag_Pb_Plomo": 0, "Status_Pb_Plomo": "No", "Flag_Hg_Cinabrio": 0, "Status_Hg_Cinabrio": "No", "Flag_Sn_Estano": 0, "Status_Sn_Estano": "No", "Flag_Fe_Hierro": 0, "Status_Fe_Hierro": "No", "Tech_Ruina_Montium": 0, "Tech_Subterranea": 1, "Tech_Cielo_Abierto": 0, "Tech_Lavado_Placer": 0, "Certainty_Spatial": 1.0, "Certainty_Archaeological": 0.9, "Certainty_Metallogenic": 1.0, "Certainty_Score": 0.965, "Certainty_Grade": "Alta Certeza (Grado I)" }, "geometry": { "type": "Point", "coordinates": [ -4.49663869, 38.38756294 ] } },
{ "type": "Feature", "properties": { "mineID": 1012, "site": "Motilla", "ancientName": null, "province": "Hispania Baetica", "country": "Spain", "region": "Córdoba", "miningDistrict": "Los Pedroches", "romanianRANID": null, "sanchezPalenciaAndOrejasID": null, "domergueID": "CO 13", "spainMapSheet": 881.0, "lambertX": 498.7, "lambertY": 415.8, "latitude": 38.33311948, "longitude": -4.84741417, "coordinateAccuracy": 100.0, "locationDataSource": "Converted in QGIS from Lambert coords, Madrid 1870", "locationNotes": null, "notBeforeOpeningDate": null, "notAfterOpeningDate": null, "notBeforeClosingDate": null, "notAfterClosingDate": null, "inUseDate": null, "metalMinedGold": "FALSE", "metalMinedSilver": 0.0, "metalMinedLead": 0.0, "metalMinedCopper": 1.0, "metalMinedTin": 0.0, "metalMinedIron": 0.0, "metalMinedMercuryCinnabar": 0.0, "metalMinedZinc": 0.0, "metalMinedOther": 0.0, "description": null, "references": "Domergue 1990: 47", "techniqueOpencast": 0.0, "techniqueUnderground": 1.0, "techniqueHydraulic": "FALSE", "techniqueHushing": "FALSE", "techniqueGroundSluicing": "FALSE", "techniqueRuinaMontium": 0.0, "techniqueRakeComb": 0.0, "techniqueGoldWashing": 0.0, "techniqueOther": 0.0, "notes": null, "geology": "Hard rock", "depositType": "Primary", "exploitationType": null, "Flag_Au_Oro": 0, "Status_Au_Oro": "No", "Flag_Ag_Plata": 0, "Status_Ag_Plata": "No", "Flag_Cu_Cobre": 1, "Status_Cu_Cobre": "Confirmado", "Flag_Pb_Plomo": 0, "Status_Pb_Plomo": "No", "Flag_Hg_Cinabrio": 0, "Status_Hg_Cinabrio": "No", "Flag_Sn_Estano": 0, "Status_Sn_Estano": "No", "Flag_Fe_Hierro": 0, "Status_Fe_Hierro": "No", "Tech_Ruina_Montium": 0, "Tech_Subterranea": 1, "Tech_Cielo_Abierto": 0, "Tech_Lavado_Placer": 0, "Certainty_Spatial": 1.0, "Certainty_Archaeological": 0.9, "Certainty_Metallogenic": 1.0, "Certainty_Score": 0.965, "Certainty_Grade": "Alta Certeza (Grado I)" }, "geometry": { "type": "Point", "coordinates": [ -4.84741417, 38.33311948 ] } },
{ "type": "Feature", "properties": { "mineID": 1017, "site": "Navafría", "ancientName": null, "province": "Hispania Baetica", "country": "Spain", "region": "Córdoba", "miningDistrict": "Córdoba", "romanianRANID": null, "sanchezPalenciaAndOrejasID": null, "domergueID": "CO 50", "spainMapSheet": 880.0, "lambertX": 489.5, "lambertY": 398.2, "latitude": 38.17333312, "longitude": -4.9498517, "coordinateAccuracy": 100.0, "locationDataSource": "Converted in QGIS from Lambert coords, Madrid 1870", "locationNotes": null, "notBeforeOpeningDate": null, "notAfterOpeningDate": null, "notBeforeClosingDate": null, "notAfterClosingDate": null, "inUseDate": null, "metalMinedGold": "FALSE", "metalMinedSilver": 0.0, "metalMinedLead": 0.0, "metalMinedCopper": 1.0, "metalMinedTin": 0.0, "metalMinedIron": 0.0, "metalMinedMercuryCinnabar": 0.0, "metalMinedZinc": 0.0, "metalMinedOther": 0.0, "description": null, "references": "Domergue 1990: 47", "techniqueOpencast": null, "techniqueUnderground": null, "techniqueHydraulic": "FALSE", "techniqueHushing": "FALSE", "techniqueGroundSluicing": "FALSE", "techniqueRuinaMontium": 0.0, "techniqueRakeComb": 0.0, "techniqueGoldWashing": 0.0, "techniqueOther": null, "notes": null, "geology": "Hard rock", "depositType": null, "exploitationType": null, "Flag_Au_Oro": 0, "Status_Au_Oro": "No", "Flag_Ag_Plata": 0, "Status_Ag_Plata": "No", "Flag_Cu_Cobre": 1, "Status_Cu_Cobre": "Confirmado", "Flag_Pb_Plomo": 0, "Status_Pb_Plomo": "No", "Flag_Hg_Cinabrio": 0, "Status_Hg_Cinabrio": "No", "Flag_Sn_Estano": 0, "Status_Sn_Estano": "No", "Flag_Fe_Hierro": 0, "Status_Fe_Hierro": "No", "Tech_Ruina_Montium": 0, "Tech_Subterranea": 0, "Tech_Cielo_Abierto": 0, "Tech_Lavado_Placer": 0, "Certainty_Spatial": 1.0, "Certainty_Archaeological": 0.9, "Certainty_Metallogenic": 1.0, "Certainty_Score": 0.965, "Certainty_Grade": "Alta Certeza (Grado I)" }, "geometry": { "type": "Point", "coordinates": [ -4.9498517, 38.17333312 ] } },
{ "type": "Feature", "properties": { "mineID": 1018, "site": "Navalamoheda", "ancientName": null, "province": "Hispania Baetica", "country": "Spain", "region": "Córdoba", "miningDistrict": "Montoro Andújar", "romanianRANID": null, "sanchezPalenciaAndOrejasID": null, "domergueID": "CO 80", "spainMapSheet": 882.0, "lambertX": 552.0, "lambertY": 397.6, "latitude": 38.17364508, "longitude": -4.23608769, "coordinateAccuracy": 100.0, "locationDataSource": "Converted in QGIS from Lambert coords, Madrid 1870", "locationNotes": null, "notBeforeOpeningDate": null, "notAfterOpeningDate": null, "notBeforeClosingDate": null, "notAfterClosingDate": null, "inUseDate": null, "metalMinedGold": "FALSE", "metalMinedSilver": 0.0, "metalMinedLead": 0.0, "metalMinedCopper": 1.0, "metalMinedTin": 0.0, "metalMinedIron": 0.0, "metalMinedMercuryCinnabar": 0.0, "metalMinedZinc": 0.0, "metalMinedOther": 0.0, "description": null, "references": "Domergue 1990: 47", "techniqueOpencast": null, "techniqueUnderground": null, "techniqueHydraulic": "FALSE", "techniqueHushing": "FALSE", "techniqueGroundSluicing": "FALSE", "techniqueRuinaMontium": 0.0, "techniqueRakeComb": 0.0, "techniqueGoldWashing": 0.0, "techniqueOther": null, "notes": null, "geology": "Hard rock", "depositType": null, "exploitationType": null, "Flag_Au_Oro": 0, "Status_Au_Oro": "No", "Flag_Ag_Plata": 0, "Status_Ag_Plata": "No", "Flag_Cu_Cobre": 1, "Status_Cu_Cobre": "Confirmado", "Flag_Pb_Plomo": 0, "Status_Pb_Plomo": "No", "Flag_Hg_Cinabrio": 0, "Status_Hg_Cinabrio": "No", "Flag_Sn_Estano": 0, "Status_Sn_Estano": "No", "Flag_Fe_Hierro": 0, "Status_Fe_Hierro": "No", "Tech_Ruina_Montium": 0, "Tech_Subterranea": 0, "Tech_Cielo_Abierto": 0, "Tech_Lavado_Placer": 0, "Certainty_Spatial": 1.0, "Certainty_Archaeological": 0.9, "Certainty_Metallogenic": 1.0, "Certainty_Score": 0.965, "Certainty_Grade": "Alta Certeza (Grado I)" }, "geometry": { "type": "Point", "coordinates": [ -4.23608769, 38.17364508 ] } },
{ "type": "Feature", "properties": { "mineID": 1019, "site": "Navalasno", "ancientName": null, "province": "Hispania Baetica", "country": "Spain", "region": "Jaén", "miningDistrict": "Montoro Andújar", "romanianRANID": null, "sanchezPalenciaAndOrejasID": null, "domergueID": "J 7", "spainMapSheet": 883.0, "lambertX": 565.4, "lambertY": 399.2, "latitude": 38.18870872, "longitude": -4.08314622, "coordinateAccuracy": 100.0, "locationDataSource": "Converted in QGIS from Lambert coords, Madrid 1870", "locationNotes": null, "notBeforeOpeningDate": null, "notAfterOpeningDate": null, "notBeforeClosingDate": null, "notAfterClosingDate": null, "inUseDate": null, "metalMinedGold": "FALSE", "metalMinedSilver": 0.0, "metalMinedLead": 0.0, "metalMinedCopper": 1.0, "metalMinedTin": 0.0, "metalMinedIron": 0.0, "metalMinedMercuryCinnabar": 0.0, "metalMinedZinc": 0.0, "metalMinedOther": 0.0, "description": null, "references": "Domergue 1990: 47", "techniqueOpencast": null, "techniqueUnderground": null, "techniqueHydraulic": "FALSE", "techniqueHushing": "FALSE", "techniqueGroundSluicing": "FALSE", "techniqueRuinaMontium": 0.0, "techniqueRakeComb": 0.0, "techniqueGoldWashing": 0.0, "techniqueOther": null, "notes": null, "geology": "Hard rock", "depositType": null, "exploitationType": null, "Flag_Au_Oro": 0, "Status_Au_Oro": "No", "Flag_Ag_Plata": 0, "Status_Ag_Plata": "No", "Flag_Cu_Cobre": 1, "Status_Cu_Cobre": "Confirmado", "Flag_Pb_Plomo": 0, "Status_Pb_Plomo": "No", "Flag_Hg_Cinabrio": 0, "Status_Hg_Cinabrio": "No", "Flag_Sn_Estano": 0, "Status_Sn_Estano": "No", "Flag_Fe_Hierro": 0, "Status_Fe_Hierro": "No", "Tech_Ruina_Montium": 0, "Tech_Subterranea": 0, "Tech_Cielo_Abierto": 0, "Tech_Lavado_Placer": 0, "Certainty_Spatial": 1.0, "Certainty_Archaeological": 0.9, "Certainty_Metallogenic": 1.0, "Certainty_Score": 0.965, "Certainty_Grade": "Alta Certeza (Grado I)" }, "geometry": { "type": "Point", "coordinates": [ -4.08314622, 38.18870872 ] } },
{ "type": "Feature", "properties": { "mineID": 1020, "site": "Navalespino", "ancientName": null, "province": "Hispania Baetica", "country": "Spain", "region": "Córdoba", "miningDistrict": "Azuaga-Fuenteovejuna", "romanianRANID": null, "sanchezPalenciaAndOrejasID": null, "domergueID": "CO 57", "spainMapSheet": 856.0, "lambertX": 438.7, "lambertY": 424.4, "latitude": 38.40152014, "longitude": -5.53605208, "coordinateAccuracy": 100.0, "locationDataSource": "Converted in QGIS from Lambert coords, Madrid 1870", "locationNotes": null, "notBeforeOpeningDate": null, "notAfterOpeningDate": null, "notBeforeClosingDate": null, "notAfterClosingDate": null, "inUseDate": null, "metalMinedGold": "FALSE", "metalMinedSilver": 1.0, "metalMinedLead": 1.0, "metalMinedCopper": 1.0, "metalMinedTin": 0.0, "metalMinedIron": 0.0, "metalMinedMercuryCinnabar": 0.0, "metalMinedZinc": 0.0, "metalMinedOther": 0.0, "description": null, "references": "Domergue 1990: 46", "techniqueOpencast": 0.0, "techniqueUnderground": 1.0, "techniqueHydraulic": "FALSE", "techniqueHushing": "FALSE", "techniqueGroundSluicing": "FALSE", "techniqueRuinaMontium": 0.0, "techniqueRakeComb": 0.0, "techniqueGoldWashing": 0.0, "techniqueOther": 0.0, "notes": null, "geology": "Hard rock", "depositType": "Primary", "exploitationType": null, "Flag_Au_Oro": 0, "Status_Au_Oro": "No", "Flag_Ag_Plata": 1, "Status_Ag_Plata": "Confirmado", "Flag_Cu_Cobre": 1, "Status_Cu_Cobre": "Confirmado", "Flag_Pb_Plomo": 1, "Status_Pb_Plomo": "Confirmado", "Flag_Hg_Cinabrio": 0, "Status_Hg_Cinabrio": "No", "Flag_Sn_Estano": 0, "Status_Sn_Estano": "No", "Flag_Fe_Hierro": 0, "Status_Fe_Hierro": "No", "Tech_Ruina_Montium": 0, "Tech_Subterranea": 1, "Tech_Cielo_Abierto": 0, "Tech_Lavado_Placer": 0, "Certainty_Spatial": 1.0, "Certainty_Archaeological": 0.9, "Certainty_Metallogenic": 1.0, "Certainty_Score": 0.965, "Certainty_Grade": "Alta Certeza (Grado I)" }, "geometry": { "type": "Point", "coordinates": [ -5.53605208, 38.40152014 ] } },
{ "type": "Feature", "properties": { "mineID": 1051, "site": "Peña de Hierro", "ancientName": null, "province": "Hispania Baetica", "country": "Spain", "region": "Huelva", "miningDistrict": "Huelva", "romanianRANID": null, "sanchezPalenciaAndOrejasID": null, "domergueID": "H 34", "spainMapSheet": 938.0, "lambertX": 347.3, "lambertY": 351.9, "latitude": 37.72636262, "longitude": -6.5559622, "coordinateAccuracy": 100.0, "locationDataSource": "Converted in QGIS from Lambert coords, Madrid 1870", "locationNotes": null, "notBeforeOpeningDate": null, "notAfterOpeningDate": null, "notBeforeClosingDate": null, "notAfterClosingDate": null, "inUseDate": null, "metalMinedGold": "FALSE", "metalMinedSilver": 0.0, "metalMinedLead": 0.0, "metalMinedCopper": 1.0, "metalMinedTin": 0.0, "metalMinedIron": 0.0, "metalMinedMercuryCinnabar": 0.0, "metalMinedZinc": 0.0, "metalMinedOther": 0.0, "description": null, "references": "Domergue 1990: 62", "techniqueOpencast": null, "techniqueUnderground": null, "techniqueHydraulic": "FALSE", "techniqueHushing": "FALSE", "techniqueGroundSluicing": "FALSE", "techniqueRuinaMontium": 0.0, "techniqueRakeComb": 0.0, "techniqueGoldWashing": 0.0, "techniqueOther": null, "notes": null, "geology": "Pyrite", "depositType": "Primary", "exploitationType": null, "Flag_Au_Oro": 0, "Status_Au_Oro": "No", "Flag_Ag_Plata": 0, "Status_Ag_Plata": "No", "Flag_Cu_Cobre": 1, "Status_Cu_Cobre": "Confirmado", "Flag_Pb_Plomo": 0, "Status_Pb_Plomo": "No", "Flag_Hg_Cinabrio": 0, "Status_Hg_Cinabrio": "No", "Flag_Sn_Estano": 0, "Status_Sn_Estano": "No", "Flag_Fe_Hierro": 0, "Status_Fe_Hierro": "No", "Tech_Ruina_Montium": 0, "Tech_Subterranea": 0, "Tech_Cielo_Abierto": 0, "Tech_Lavado_Placer": 0, "Certainty_Spatial": 1.0, "Certainty_Archaeological": 0.9, "Certainty_Metallogenic": 1.0, "Certainty_Score": 0.965, "Certainty_Grade": "Alta Certeza (Grado I)" }, "geometry": { "type": "Point", "coordinates": [ -6.5559622, 37.72636262 ] } },
{ "type": "Feature", "properties": { "mineID": 1053, "site": "Peña del Águila", "ancientName": null, "province": "Hispania Baetica", "country": "Spain", "region": "Córdoba", "miningDistrict": "Posadas", "romanianRANID": null, "sanchezPalenciaAndOrejasID": null, "domergueID": "CO 11", "spainMapSheet": 943.0, "lambertX": 482.2, "lambertY": 358.7, "latitude": 37.81633143, "longitude": -5.02643251, "coordinateAccuracy": 100.0, "locationDataSource": "Converted in QGIS from Lambert coords, Madrid 1870", "locationNotes": null, "notBeforeOpeningDate": null, "notAfterOpeningDate": null, "notBeforeClosingDate": null, "notAfterClosingDate": null, "inUseDate": null, "metalMinedGold": "FALSE", "metalMinedSilver": 1.0, "metalMinedLead": 1.0, "metalMinedCopper": 1.0, "metalMinedTin": 0.0, "metalMinedIron": 0.0, "metalMinedMercuryCinnabar": 0.0, "metalMinedZinc": 0.0, "metalMinedOther": 0.0, "description": null, "references": "Domergue 1990: 45", "techniqueOpencast": null, "techniqueUnderground": null, "techniqueHydraulic": "FALSE", "techniqueHushing": "FALSE", "techniqueGroundSluicing": "FALSE", "techniqueRuinaMontium": 0.0, "techniqueRakeComb": 0.0, "techniqueGoldWashing": 0.0, "techniqueOther": null, "notes": null, "geology": "Hard rock", "depositType": "Primary", "exploitationType": null, "Flag_Au_Oro": 0, "Status_Au_Oro": "No", "Flag_Ag_Plata": 1, "Status_Ag_Plata": "Confirmado", "Flag_Cu_Cobre": 1, "Status_Cu_Cobre": "Confirmado", "Flag_Pb_Plomo": 1, "Status_Pb_Plomo": "Confirmado", "Flag_Hg_Cinabrio": 0, "Status_Hg_Cinabrio": "No", "Flag_Sn_Estano": 0, "Status_Sn_Estano": "No", "Flag_Fe_Hierro": 0, "Status_Fe_Hierro": "No", "Tech_Ruina_Montium": 0, "Tech_Subterranea": 0, "Tech_Cielo_Abierto": 0, "Tech_Lavado_Placer": 0, "Certainty_Spatial": 1.0, "Certainty_Archaeological": 0.9, "Certainty_Metallogenic": 1.0, "Certainty_Score": 0.965, "Certainty_Grade": "Alta Certeza (Grado I)" }, "geometry": { "type": "Point", "coordinates": [ -5.02643251, 37.81633143 ] } },
{ "type": "Feature", "properties": { "mineID": 1054, "site": "Peña del Cuervo", "ancientName": null, "province": "Hispania Baetica", "country": "Spain", "region": "Córdoba", "miningDistrict": "Los Pedroches", "romanianRANID": null, "sanchezPalenciaAndOrejasID": null, "domergueID": "CO 21", "spainMapSheet": 833.0, "lambertX": 472.6, "lambertY": 444.7, "latitude": 38.59019713, "longitude": -5.15153656, "coordinateAccuracy": 100.0, "locationDataSource": "Converted in QGIS from Lambert coords, Madrid 1870", "locationNotes": null, "notBeforeOpeningDate": null, "notAfterOpeningDate": null, "notBeforeClosingDate": null, "notAfterClosingDate": null, "inUseDate": null, "metalMinedGold": "FALSE", "metalMinedSilver": 0.0, "metalMinedLead": 0.0, "metalMinedCopper": 1.0, "metalMinedTin": 0.0, "metalMinedIron": 0.0, "metalMinedMercuryCinnabar": 0.0, "metalMinedZinc": 0.0, "metalMinedOther": 0.0, "description": null, "references": "Domergue 1990: 47", "techniqueOpencast": 0.0, "techniqueUnderground": 1.0, "techniqueHydraulic": "FALSE", "techniqueHushing": "FALSE", "techniqueGroundSluicing": "FALSE", "techniqueRuinaMontium": 0.0, "techniqueRakeComb": 0.0, "techniqueGoldWashing": 0.0, "techniqueOther": 0.0, "notes": null, "geology": "Hard rock", "depositType": "Primary", "exploitationType": null, "Flag_Au_Oro": 0, "Status_Au_Oro": "No", "Flag_Ag_Plata": 0, "Status_Ag_Plata": "No", "Flag_Cu_Cobre": 1, "Status_Cu_Cobre": "Confirmado", "Flag_Pb_Plomo": 0, "Status_Pb_Plomo": "No", "Flag_Hg_Cinabrio": 0, "Status_Hg_Cinabrio": "No", "Flag_Sn_Estano": 0, "Status_Sn_Estano": "No", "Flag_Fe_Hierro": 0, "Status_Fe_Hierro": "No", "Tech_Ruina_Montium": 0, "Tech_Subterranea": 1, "Tech_Cielo_Abierto": 0, "Tech_Lavado_Placer": 0, "Certainty_Spatial": 1.0, "Certainty_Archaeological": 0.9, "Certainty_Metallogenic": 1.0, "Certainty_Score": 0.965, "Certainty_Grade": "Alta Certeza (Grado I)" }, "geometry": { "type": "Point", "coordinates": [ -5.15153656, 38.59019713 ] } },
{ "type": "Feature", "properties": { "mineID": 1071, "site": "Pico del Aguila", "ancientName": null, "province": "Hispania Baetica", "country": "Spain", "region": "Huelva", "miningDistrict": "Picos de Aroche", "romanianRANID": null, "sanchezPalenciaAndOrejasID": null, "domergueID": "H 28", "spainMapSheet": 895.0, "lambertX": 317.0, "lambertY": 391.4, "latitude": 38.07288219, "longitude": -6.91579679, "coordinateAccuracy": 100.0, "locationDataSource": "Converted in QGIS from Lambert coords, Madrid 1870", "locationNotes": null, "notBeforeOpeningDate": null, "notAfterOpeningDate": null, "notBeforeClosingDate": null, "notAfterClosingDate": null, "inUseDate": null, "metalMinedGold": "FALSE", "metalMinedSilver": 0.0, "metalMinedLead": 0.0, "metalMinedCopper": 1.0, "metalMinedTin": 0.0, "metalMinedIron": 0.0, "metalMinedMercuryCinnabar": 0.0, "metalMinedZinc": 0.0, "metalMinedOther": 0.0, "description": null, "references": "Domergue 1990: 61", "techniqueOpencast": null, "techniqueUnderground": null, "techniqueHydraulic": "FALSE", "techniqueHushing": "FALSE", "techniqueGroundSluicing": "FALSE", "techniqueRuinaMontium": 0.0, "techniqueRakeComb": 0.0, "techniqueGoldWashing": 0.0, "techniqueOther": null, "notes": null, "geology": "Hard rock", "depositType": "Primary", "exploitationType": null, "Flag_Au_Oro": 0, "Status_Au_Oro": "No", "Flag_Ag_Plata": 0, "Status_Ag_Plata": "No", "Flag_Cu_Cobre": 1, "Status_Cu_Cobre": "Confirmado", "Flag_Pb_Plomo": 0, "Status_Pb_Plomo": "No", "Flag_Hg_Cinabrio": 0, "Status_Hg_Cinabrio": "No", "Flag_Sn_Estano": 0, "Status_Sn_Estano": "No", "Flag_Fe_Hierro": 0, "Status_Fe_Hierro": "No", "Tech_Ruina_Montium": 0, "Tech_Subterranea": 0, "Tech_Cielo_Abierto": 0, "Tech_Lavado_Placer": 0, "Certainty_Spatial": 1.0, "Certainty_Archaeological": 0.9, "Certainty_Metallogenic": 1.0, "Certainty_Score": 0.965, "Certainty_Grade": "Alta Certeza (Grado I)" }, "geometry": { "type": "Point", "coordinates": [ -6.91579679, 38.07288219 ] } },
{ "type": "Feature", "properties": { "mineID": 1082, "site": "Poderosa", "ancientName": null, "province": "Hispania Baetica", "country": "Spain", "region": "Huelva", "miningDistrict": "Huelva", "romanianRANID": null, "sanchezPalenciaAndOrejasID": null, "domergueID": "H 21", "spainMapSheet": 938.0, "lambertX": 338.5, "lambertY": 354.7, "latitude": 37.74899062, "longitude": -6.65682344, "coordinateAccuracy": 100.0, "locationDataSource": "Converted in QGIS from Lambert coords, Madrid 1870", "locationNotes": null, "notBeforeOpeningDate": null, "notAfterOpeningDate": null, "notBeforeClosingDate": null, "notAfterClosingDate": null, "inUseDate": null, "metalMinedGold": "FALSE", "metalMinedSilver": 0.0, "metalMinedLead": 0.0, "metalMinedCopper": 1.0, "metalMinedTin": 0.0, "metalMinedIron": 0.0, "metalMinedMercuryCinnabar": 0.0, "metalMinedZinc": 0.0, "metalMinedOther": 0.0, "description": null, "references": "Domergue 1990: 62", "techniqueOpencast": null, "techniqueUnderground": null, "techniqueHydraulic": "FALSE", "techniqueHushing": "FALSE", "techniqueGroundSluicing": "FALSE", "techniqueRuinaMontium": 0.0, "techniqueRakeComb": 0.0, "techniqueGoldWashing": 0.0, "techniqueOther": null, "notes": null, "geology": "Pyrite", "depositType": "Primary", "exploitationType": null, "Flag_Au_Oro": 0, "Status_Au_Oro": "No", "Flag_Ag_Plata": 0, "Status_Ag_Plata": "No", "Flag_Cu_Cobre": 1, "Status_Cu_Cobre": "Confirmado", "Flag_Pb_Plomo": 0, "Status_Pb_Plomo": "No", "Flag_Hg_Cinabrio": 0, "Status_Hg_Cinabrio": "No", "Flag_Sn_Estano": 0, "Status_Sn_Estano": "No", "Flag_Fe_Hierro": 0, "Status_Fe_Hierro": "No", "Tech_Ruina_Montium": 0, "Tech_Subterranea": 0, "Tech_Cielo_Abierto": 0, "Tech_Lavado_Placer": 0, "Certainty_Spatial": 1.0, "Certainty_Archaeological": 0.9, "Certainty_Metallogenic": 1.0, "Certainty_Score": 0.965, "Certainty_Grade": "Alta Certeza (Grado I)" }, "geometry": { "type": "Point", "coordinates": [ -6.65682344, 37.74899062 ] } },
{ "type": "Feature", "properties": { "mineID": 1087, "site": "Potosí", "ancientName": null, "province": "Hispania Baetica", "country": "Spain", "region": "Sevilla", "miningDistrict": "Sevilla", "romanianRANID": null, "sanchezPalenciaAndOrejasID": null, "domergueID": "SE 9", "spainMapSheet": 899.0, "lambertX": 414.0, "lambertY": 392.0, "latitude": 38.1045283, "longitude": -5.810118332, "coordinateAccuracy": 100.0, "locationDataSource": "Converted in QGIS from Lambert coords, Madrid 1870", "locationNotes": null, "notBeforeOpeningDate": null, "notAfterOpeningDate": null, "notBeforeClosingDate": null, "notAfterClosingDate": null, "inUseDate": null, "metalMinedGold": "FALSE", "metalMinedSilver": 0.0, "metalMinedLead": 0.0, "metalMinedCopper": 1.0, "metalMinedTin": 0.0, "metalMinedIron": 0.0, "metalMinedMercuryCinnabar": 0.0, "metalMinedZinc": 0.0, "metalMinedOther": 0.0, "description": null, "references": "Domergue 1990: 48", "techniqueOpencast": null, "techniqueUnderground": null, "techniqueHydraulic": "FALSE", "techniqueHushing": "FALSE", "techniqueGroundSluicing": "FALSE", "techniqueRuinaMontium": 0.0, "techniqueRakeComb": 0.0, "techniqueGoldWashing": 0.0, "techniqueOther": null, "notes": null, "geology": "Hard rock", "depositType": "Primary", "exploitationType": null, "Flag_Au_Oro": 0, "Status_Au_Oro": "No", "Flag_Ag_Plata": 0, "Status_Ag_Plata": "No", "Flag_Cu_Cobre": 1, "Status_Cu_Cobre": "Confirmado", "Flag_Pb_Plomo": 0, "Status_Pb_Plomo": "No", "Flag_Hg_Cinabrio": 0, "Status_Hg_Cinabrio": "No", "Flag_Sn_Estano": 0, "Status_Sn_Estano": "No", "Flag_Fe_Hierro": 0, "Status_Fe_Hierro": "No", "Tech_Ruina_Montium": 0, "Tech_Subterranea": 0, "Tech_Cielo_Abierto": 0, "Tech_Lavado_Placer": 0, "Certainty_Spatial": 1.0, "Certainty_Archaeological": 0.9, "Certainty_Metallogenic": 1.0, "Certainty_Score": 0.965, "Certainty_Grade": "Alta Certeza (Grado I)" }, "geometry": { "type": "Point", "coordinates": [ -5.810118332, 38.1045283 ] } },
{ "type": "Feature", "properties": { "mineID": 1092, "site": "Pozo Rico (Sevilla)", "ancientName": null, "province": "Hispania Baetica", "country": "Spain", "region": "Sevilla", "miningDistrict": "Sevilla", "romanianRANID": null, "sanchezPalenciaAndOrejasID": null, "domergueID": "SE 8", "spainMapSheet": 899.0, "lambertX": 416.6, "lambertY": 391.7, "latitude": 38.10237861, "longitude": -5.780384097, "coordinateAccuracy": 100.0, "locationDataSource": "Converted in QGIS from Lambert coords, Madrid 1870", "locationNotes": null, "notBeforeOpeningDate": null, "notAfterOpeningDate": null, "notBeforeClosingDate": null, "notAfterClosingDate": null, "inUseDate": null, "metalMinedGold": "FALSE", "metalMinedSilver": 1.0, "metalMinedLead": 0.0, "metalMinedCopper": 1.0, "metalMinedTin": 0.0, "metalMinedIron": 0.0, "metalMinedMercuryCinnabar": 0.0, "metalMinedZinc": 0.0, "metalMinedOther": 0.0, "description": null, "references": "Domergue 1990: 48", "techniqueOpencast": null, "techniqueUnderground": null, "techniqueHydraulic": "FALSE", "techniqueHushing": "FALSE", "techniqueGroundSluicing": "FALSE", "techniqueRuinaMontium": 0.0, "techniqueRakeComb": 0.0, "techniqueGoldWashing": 0.0, "techniqueOther": null, "notes": null, "geology": "Hard rock", "depositType": "Primary", "exploitationType": null, "Flag_Au_Oro": 0, "Status_Au_Oro": "No", "Flag_Ag_Plata": 1, "Status_Ag_Plata": "Confirmado", "Flag_Cu_Cobre": 1, "Status_Cu_Cobre": "Confirmado", "Flag_Pb_Plomo": 0, "Status_Pb_Plomo": "No", "Flag_Hg_Cinabrio": 0, "Status_Hg_Cinabrio": "No", "Flag_Sn_Estano": 0, "Status_Sn_Estano": "No", "Flag_Fe_Hierro": 0, "Status_Fe_Hierro": "No", "Tech_Ruina_Montium": 0, "Tech_Subterranea": 0, "Tech_Cielo_Abierto": 0, "Tech_Lavado_Placer": 0, "Certainty_Spatial": 1.0, "Certainty_Archaeological": 0.9, "Certainty_Metallogenic": 1.0, "Certainty_Score": 0.965, "Certainty_Grade": "Alta Certeza (Grado I)" }, "geometry": { "type": "Point", "coordinates": [ -5.780384097, 38.10237861 ] } },
{ "type": "Feature", "properties": { "mineID": 1100, "site": "Prado Vicioso", "ancientName": null, "province": "Hispania Baetica", "country": "Spain", "region": "Huelva", "miningDistrict": "Huelva", "romanianRANID": null, "sanchezPalenciaAndOrejasID": null, "domergueID": "H 11", "spainMapSheet": 959.0, "lambertX": 299.5, "lambertY": 338.1, "latitude": 37.58690171, "longitude": -7.09200445, "coordinateAccuracy": 100.0, "locationDataSource": "Converted in QGIS from Lambert coords, Madrid 1870", "locationNotes": null, "notBeforeOpeningDate": null, "notAfterOpeningDate": null, "notBeforeClosingDate": null, "notAfterClosingDate": null, "inUseDate": null, "metalMinedGold": "FALSE", "metalMinedSilver": 0.0, "metalMinedLead": 0.0, "metalMinedCopper": 1.0, "metalMinedTin": 0.0, "metalMinedIron": 0.0, "metalMinedMercuryCinnabar": 0.0, "metalMinedZinc": 0.0, "metalMinedOther": 0.0, "description": null, "references": "Domergue 1990: 62", "techniqueOpencast": null, "techniqueUnderground": null, "techniqueHydraulic": "FALSE", "techniqueHushing": "FALSE", "techniqueGroundSluicing": "FALSE", "techniqueRuinaMontium": 0.0, "techniqueRakeComb": 0.0, "techniqueGoldWashing": 0.0, "techniqueOther": null, "notes": null, "geology": "Pyrite", "depositType": "Primary", "exploitationType": null, "Flag_Au_Oro": 0, "Status_Au_Oro": "No", "Flag_Ag_Plata": 0, "Status_Ag_Plata": "No", "Flag_Cu_Cobre": 1, "Status_Cu_Cobre": "Confirmado", "Flag_Pb_Plomo": 0, "Status_Pb_Plomo": "No", "Flag_Hg_Cinabrio": 0, "Status_Hg_Cinabrio": "No", "Flag_Sn_Estano": 0, "Status_Sn_Estano": "No", "Flag_Fe_Hierro": 0, "Status_Fe_Hierro": "No", "Tech_Ruina_Montium": 0, "Tech_Subterranea": 0, "Tech_Cielo_Abierto": 0, "Tech_Lavado_Placer": 0, "Certainty_Spatial": 1.0, "Certainty_Archaeological": 0.9, "Certainty_Metallogenic": 1.0, "Certainty_Score": 0.965, "Certainty_Grade": "Alta Certeza (Grado I)" }, "geometry": { "type": "Point", "coordinates": [ -7.09200445, 37.58690171 ] } },
{ "type": "Feature", "properties": { "mineID": 1112, "site": "Quinto del Huerto", "ancientName": null, "province": "Hispania Baetica", "country": "Spain", "region": "Córdoba", "miningDistrict": "Los Pedroches", "romanianRANID": null, "sanchezPalenciaAndOrejasID": null, "domergueID": "CO 23", "spainMapSheet": 833.0, "lambertX": 480.8, "lambertY": 442.5, "latitude": 38.57153808, "longitude": -5.05696044, "coordinateAccuracy": 100.0, "locationDataSource": "Converted in QGIS from Lambert coords, Madrid 1870", "locationNotes": null, "notBeforeOpeningDate": null, "notAfterOpeningDate": null, "notBeforeClosingDate": null, "notAfterClosingDate": null, "inUseDate": null, "metalMinedGold": "FALSE", "metalMinedSilver": 0.0, "metalMinedLead": 0.0, "metalMinedCopper": 1.0, "metalMinedTin": 0.0, "metalMinedIron": 0.0, "metalMinedMercuryCinnabar": 0.0, "metalMinedZinc": 0.0, "metalMinedOther": 0.0, "description": null, "references": "Domergue 1990: 47", "techniqueOpencast": 0.0, "techniqueUnderground": 1.0, "techniqueHydraulic": "FALSE", "techniqueHushing": "FALSE", "techniqueGroundSluicing": "FALSE", "techniqueRuinaMontium": 0.0, "techniqueRakeComb": 0.0, "techniqueGoldWashing": 0.0, "techniqueOther": 0.0, "notes": null, "geology": "Hard rock", "depositType": "Primary", "exploitationType": null, "Flag_Au_Oro": 0, "Status_Au_Oro": "No", "Flag_Ag_Plata": 0, "Status_Ag_Plata": "No", "Flag_Cu_Cobre": 1, "Status_Cu_Cobre": "Confirmado", "Flag_Pb_Plomo": 0, "Status_Pb_Plomo": "No", "Flag_Hg_Cinabrio": 0, "Status_Hg_Cinabrio": "No", "Flag_Sn_Estano": 0, "Status_Sn_Estano": "No", "Flag_Fe_Hierro": 0, "Status_Fe_Hierro": "No", "Tech_Ruina_Montium": 0, "Tech_Subterranea": 1, "Tech_Cielo_Abierto": 0, "Tech_Lavado_Placer": 0, "Certainty_Spatial": 1.0, "Certainty_Archaeological": 0.9, "Certainty_Metallogenic": 1.0, "Certainty_Score": 0.965, "Certainty_Grade": "Alta Certeza (Grado I)" }, "geometry": { "type": "Point", "coordinates": [ -5.05696044, 38.57153808 ] } },
{ "type": "Feature", "properties": { "mineID": 1123, "site": "Requeja", "ancientName": null, "province": "Hispania Baetica", "country": "Spain", "region": "Córdoba", "miningDistrict": "Los Pedroches", "romanianRANID": null, "sanchezPalenciaAndOrejasID": null, "domergueID": "CO 16", "spainMapSheet": 858.0, "lambertX": 497.3, "lambertY": 423.2, "latitude": 38.39966628, "longitude": -4.86455465, "coordinateAccuracy": 100.0, "locationDataSource": "Converted in QGIS from Lambert coords, Madrid 1870", "locationNotes": null, "notBeforeOpeningDate": null, "notAfterOpeningDate": null, "notBeforeClosingDate": null, "notAfterClosingDate": null, "inUseDate": null, "metalMinedGold": "FALSE", "metalMinedSilver": 0.0, "metalMinedLead": 0.0, "metalMinedCopper": 1.0, "metalMinedTin": 0.0, "metalMinedIron": 0.0, "metalMinedMercuryCinnabar": 0.0, "metalMinedZinc": 0.0, "metalMinedOther": 0.0, "description": null, "references": "Domergue 1990: 47", "techniqueOpencast": 0.0, "techniqueUnderground": 1.0, "techniqueHydraulic": "FALSE", "techniqueHushing": "FALSE", "techniqueGroundSluicing": "FALSE", "techniqueRuinaMontium": 0.0, "techniqueRakeComb": 0.0, "techniqueGoldWashing": 0.0, "techniqueOther": 0.0, "notes": null, "geology": "Hard rock", "depositType": "Primary", "exploitationType": null, "Flag_Au_Oro": 0, "Status_Au_Oro": "No", "Flag_Ag_Plata": 0, "Status_Ag_Plata": "No", "Flag_Cu_Cobre": 1, "Status_Cu_Cobre": "Confirmado", "Flag_Pb_Plomo": 0, "Status_Pb_Plomo": "No", "Flag_Hg_Cinabrio": 0, "Status_Hg_Cinabrio": "No", "Flag_Sn_Estano": 0, "Status_Sn_Estano": "No", "Flag_Fe_Hierro": 0, "Status_Fe_Hierro": "No", "Tech_Ruina_Montium": 0, "Tech_Subterranea": 1, "Tech_Cielo_Abierto": 0, "Tech_Lavado_Placer": 0, "Certainty_Spatial": 1.0, "Certainty_Archaeological": 0.9, "Certainty_Metallogenic": 1.0, "Certainty_Score": 0.965, "Certainty_Grade": "Alta Certeza (Grado I)" }, "geometry": { "type": "Point", "coordinates": [ -4.86455465, 38.39966628 ] } },
{ "type": "Feature", "properties": { "mineID": 1126, "site": "Riner", "ancientName": null, "province": "Hispania Tarraconensis", "country": "Spain", "region": "Lérida", "miningDistrict": null, "romanianRANID": null, "sanchezPalenciaAndOrejasID": null, "domergueID": "L 1", "spainMapSheet": 330.0, "lambertX": 1035.0, "lambertY": 828.6, "latitude": 41.94498984, "longitude": 1.56397534, "coordinateAccuracy": 100.0, "locationDataSource": "Converted in QGIS from Lambert coords, Madrid 1870", "locationNotes": null, "notBeforeOpeningDate": null, "notAfterOpeningDate": null, "notBeforeClosingDate": null, "notAfterClosingDate": null, "inUseDate": null, "metalMinedGold": "FALSE", "metalMinedSilver": 0.0, "metalMinedLead": 0.0, "metalMinedCopper": 1.0, "metalMinedTin": 0.0, "metalMinedIron": 0.0, "metalMinedMercuryCinnabar": 0.0, "metalMinedZinc": 0.0, "metalMinedOther": 0.0, "description": null, "references": "Domergue 1990: 64", "techniqueOpencast": null, "techniqueUnderground": null, "techniqueHydraulic": "FALSE", "techniqueHushing": "FALSE", "techniqueGroundSluicing": "FALSE", "techniqueRuinaMontium": 0.0, "techniqueRakeComb": 0.0, "techniqueGoldWashing": 0.0, "techniqueOther": null, "notes": null, "geology": null, "depositType": null, "exploitationType": null, "Flag_Au_Oro": 0, "Status_Au_Oro": "No", "Flag_Ag_Plata": 0, "Status_Ag_Plata": "No", "Flag_Cu_Cobre": 1, "Status_Cu_Cobre": "Confirmado", "Flag_Pb_Plomo": 0, "Status_Pb_Plomo": "No", "Flag_Hg_Cinabrio": 0, "Status_Hg_Cinabrio": "No", "Flag_Sn_Estano": 0, "Status_Sn_Estano": "No", "Flag_Fe_Hierro": 0, "Status_Fe_Hierro": "No", "Tech_Ruina_Montium": 0, "Tech_Subterranea": 0, "Tech_Cielo_Abierto": 0, "Tech_Lavado_Placer": 0, "Certainty_Spatial": 1.0, "Certainty_Archaeological": 0.9, "Certainty_Metallogenic": 1.0, "Certainty_Score": 0.965, "Certainty_Grade": "Alta Certeza (Grado I)" }, "geometry": { "type": "Point", "coordinates": [ 1.56397534, 41.94498984 ] } },
{ "type": "Feature", "properties": { "mineID": 1136, "site": "Río Corumbel", "ancientName": null, "province": "Hispania Baetica", "country": "Spain", "region": "Huelva", "miningDistrict": "Huelva", "romanianRANID": null, "sanchezPalenciaAndOrejasID": null, "domergueID": "H 36", "spainMapSheet": 983.0, "lambertX": 353.5, "lambertY": 322.1, "latitude": 37.45968507, "longitude": -6.47506987, "coordinateAccuracy": 100.0, "locationDataSource": "Converted in QGIS from Lambert coords, Madrid 1870", "locationNotes": null, "notBeforeOpeningDate": null, "notAfterOpeningDate": null, "notBeforeClosingDate": null, "notAfterClosingDate": null, "inUseDate": null, "metalMinedGold": "FALSE", "metalMinedSilver": 1.0, "metalMinedLead": 1.0, "metalMinedCopper": 1.0, "metalMinedTin": 0.0, "metalMinedIron": 0.0, "metalMinedMercuryCinnabar": 0.0, "metalMinedZinc": 0.0, "metalMinedOther": 0.0, "description": null, "references": "Domergue 1990: 62", "techniqueOpencast": 0.0, "techniqueUnderground": 1.0, "techniqueHydraulic": "FALSE", "techniqueHushing": "FALSE", "techniqueGroundSluicing": "FALSE", "techniqueRuinaMontium": 0.0, "techniqueRakeComb": 0.0, "techniqueGoldWashing": 0.0, "techniqueOther": 0.0, "notes": null, "geology": "Hard rock", "depositType": "Primary", "exploitationType": null, "Flag_Au_Oro": 0, "Status_Au_Oro": "No", "Flag_Ag_Plata": 1, "Status_Ag_Plata": "Confirmado", "Flag_Cu_Cobre": 1, "Status_Cu_Cobre": "Confirmado", "Flag_Pb_Plomo": 1, "Status_Pb_Plomo": "Confirmado", "Flag_Hg_Cinabrio": 0, "Status_Hg_Cinabrio": "No", "Flag_Sn_Estano": 0, "Status_Sn_Estano": "No", "Flag_Fe_Hierro": 0, "Status_Fe_Hierro": "No", "Tech_Ruina_Montium": 0, "Tech_Subterranea": 1, "Tech_Cielo_Abierto": 0, "Tech_Lavado_Placer": 0, "Certainty_Spatial": 1.0, "Certainty_Archaeological": 0.9, "Certainty_Metallogenic": 1.0, "Certainty_Score": 0.965, "Certainty_Grade": "Alta Certeza (Grado I)" }, "geometry": { "type": "Point", "coordinates": [ -6.47506987, 37.45968507 ] } },
{ "type": "Feature", "properties": { "mineID": 1137, "site": "Río Crispinejo", "ancientName": null, "province": "Hispania Baetica", "country": "Spain", "region": "Huelva", "miningDistrict": "Huelva", "romanianRANID": null, "sanchezPalenciaAndOrejasID": null, "domergueID": "SE 3", "spainMapSheet": 961.0, "lambertX": 374.0, "lambertY": 328.0, "latitude": 37.51837238, "longitude": -6.245326356, "coordinateAccuracy": 100.0, "locationDataSource": "Converted in QGIS from Lambert coords, Madrid 1870", "locationNotes": null, "notBeforeOpeningDate": null, "notAfterOpeningDate": null, "notBeforeClosingDate": null, "notAfterClosingDate": null, "inUseDate": null, "metalMinedGold": "FALSE", "metalMinedSilver": 0.0, "metalMinedLead": 0.0, "metalMinedCopper": 1.0, "metalMinedTin": 0.0, "metalMinedIron": 0.0, "metalMinedMercuryCinnabar": 0.0, "metalMinedZinc": 0.0, "metalMinedOther": 0.0, "description": null, "references": "Domergue 1990: 62", "techniqueOpencast": 0.0, "techniqueUnderground": 1.0, "techniqueHydraulic": "FALSE", "techniqueHushing": "FALSE", "techniqueGroundSluicing": "FALSE", "techniqueRuinaMontium": 0.0, "techniqueRakeComb": 0.0, "techniqueGoldWashing": 0.0, "techniqueOther": 0.0, "notes": null, "geology": "Pyrite", "depositType": "Primary", "exploitationType": null, "Flag_Au_Oro": 0, "Status_Au_Oro": "No", "Flag_Ag_Plata": 0, "Status_Ag_Plata": "No", "Flag_Cu_Cobre": 1, "Status_Cu_Cobre": "Confirmado", "Flag_Pb_Plomo": 0, "Status_Pb_Plomo": "No", "Flag_Hg_Cinabrio": 0, "Status_Hg_Cinabrio": "No", "Flag_Sn_Estano": 0, "Status_Sn_Estano": "No", "Flag_Fe_Hierro": 0, "Status_Fe_Hierro": "No", "Tech_Ruina_Montium": 0, "Tech_Subterranea": 1, "Tech_Cielo_Abierto": 0, "Tech_Lavado_Placer": 0, "Certainty_Spatial": 1.0, "Certainty_Archaeological": 0.9, "Certainty_Metallogenic": 1.0, "Certainty_Score": 0.965, "Certainty_Grade": "Alta Certeza (Grado I)" }, "geometry": { "type": "Point", "coordinates": [ -6.245326356, 37.51837238 ] } },
{ "type": "Feature", "properties": { "mineID": 1240, "site": "Riospaso", "ancientName": null, "province": "Hispania Tarraconensis", "country": "Spain", "region": "Oviedo", "miningDistrict": "Asturias", "romanianRANID": null, "sanchezPalenciaAndOrejasID": null, "domergueID": "O 16", "spainMapSheet": 77.0, "lambertX": 421.5, "lambertY": 457.5, "latitude": 43.019944, "longitude": -5.879568, "coordinateAccuracy": 2000.0, "locationDataSource": "Placename on Google Earth", "locationNotes": null, "notBeforeOpeningDate": null, "notAfterOpeningDate": null, "notBeforeClosingDate": null, "notAfterClosingDate": null, "inUseDate": null, "metalMinedGold": "FALSE", "metalMinedSilver": 0.0, "metalMinedLead": 0.0, "metalMinedCopper": 1.0, "metalMinedTin": 0.0, "metalMinedIron": 0.0, "metalMinedMercuryCinnabar": 0.0, "metalMinedZinc": 0.0, "metalMinedOther": 0.0, "description": null, "references": "Domergue 1990: 42", "techniqueOpencast": null, "techniqueUnderground": null, "techniqueHydraulic": "FALSE", "techniqueHushing": "FALSE", "techniqueGroundSluicing": "FALSE", "techniqueRuinaMontium": 0.0, "techniqueRakeComb": 0.0, "techniqueGoldWashing": 0.0, "techniqueOther": null, "notes": null, "geology": "Hard rock", "depositType": null, "exploitationType": null, "Flag_Au_Oro": 0, "Status_Au_Oro": "No", "Flag_Ag_Plata": 0, "Status_Ag_Plata": "No", "Flag_Cu_Cobre": 1, "Status_Cu_Cobre": "Confirmado", "Flag_Pb_Plomo": 0, "Status_Pb_Plomo": "No", "Flag_Hg_Cinabrio": 0, "Status_Hg_Cinabrio": "No", "Flag_Sn_Estano": 0, "Status_Sn_Estano": "No", "Flag_Fe_Hierro": 0, "Status_Fe_Hierro": "No", "Tech_Ruina_Montium": 0, "Tech_Subterranea": 0, "Tech_Cielo_Abierto": 0, "Tech_Lavado_Placer": 0, "Certainty_Spatial": 0.5, "Certainty_Archaeological": 0.9, "Certainty_Metallogenic": 1.0, "Certainty_Score": 0.765, "Certainty_Grade": "Media Certeza (Grado II)" }, "geometry": { "type": "Point", "coordinates": [ -5.879568, 43.019944 ] } },
{ "type": "Feature", "properties": { "mineID": 1241, "site": "Riotinto", "ancientName": "Urium (?)", "province": "Hispania Baetica", "country": "Spain", "region": "Huelva", "miningDistrict": "Huelva", "romanianRANID": null, "sanchezPalenciaAndOrejasID": null, "domergueID": "H 43", "spainMapSheet": 938.0, "lambertX": 344.6, "lambertY": 349.5, "latitude": 37.70395454, "longitude": -6.58569922, "coordinateAccuracy": 100.0, "locationDataSource": "Converted in QGIS from Lambert coords, Madrid 1870", "locationNotes": null, "notBeforeOpeningDate": -100.0, "notAfterOpeningDate": null, "notBeforeClosingDate": 200.0, "notAfterClosingDate": null, "inUseDate": null, "metalMinedGold": "FALSE", "metalMinedSilver": 1.0, "metalMinedLead": 0.0, "metalMinedCopper": 1.0, "metalMinedTin": 0.0, "metalMinedIron": 1.0, "metalMinedMercuryCinnabar": 0.0, "metalMinedZinc": 0.0, "metalMinedOther": 0.0, "description": "Originally a Punic mine, Riotinto was one of the largest mines in the Roman empire. It may be the site that Ptolemy refers to as Urium. Silver and copper mine which produced an estimated 16,000,000 tons of slag. 16 pairs of water wheels found in the mine draining depths of 100m. It is surrounded by an extensive settlement with cemeteries.", "references": "Jones 1980: 146-165; Rothenberg 1981; Domergue 1990: 62.", "techniqueOpencast": 0.0, "techniqueUnderground": 1.0, "techniqueHydraulic": "FALSE", "techniqueHushing": "FALSE", "techniqueGroundSluicing": "FALSE", "techniqueRuinaMontium": 0.0, "techniqueRakeComb": 0.0, "techniqueGoldWashing": 0.0, "techniqueOther": 0.0, "notes": null, "geology": "Pyrite", "depositType": "Primary", "exploitationType": null, "Flag_Au_Oro": 0, "Status_Au_Oro": "No", "Flag_Ag_Plata": 1, "Status_Ag_Plata": "Confirmado", "Flag_Cu_Cobre": 1, "Status_Cu_Cobre": "Confirmado", "Flag_Pb_Plomo": 0, "Status_Pb_Plomo": "No", "Flag_Hg_Cinabrio": 0, "Status_Hg_Cinabrio": "No", "Flag_Sn_Estano": 0, "Status_Sn_Estano": "No", "Flag_Fe_Hierro": 1, "Status_Fe_Hierro": "Confirmado", "Tech_Ruina_Montium": 0, "Tech_Subterranea": 1, "Tech_Cielo_Abierto": 0, "Tech_Lavado_Placer": 0, "Certainty_Spatial": 1.0, "Certainty_Archaeological": 0.9, "Certainty_Metallogenic": 1.0, "Certainty_Score": 0.965, "Certainty_Grade": "Alta Certeza (Grado I)" }, "geometry": { "type": "Point", "coordinates": [ -6.58569922, 37.70395454 ] } },
{ "type": "Feature", "properties": { "mineID": 1242, "site": "Riscos de Guadanuño", "ancientName": null, "province": "Hispania Baetica", "country": "Spain", "region": "Córdoba", "miningDistrict": "Córdoba", "romanianRANID": null, "sanchezPalenciaAndOrejasID": null, "domergueID": "CO 119", "spainMapSheet": 902.0, "lambertX": 498.9, "lambertY": 379.0, "latitude": 38.00140764, "longitude": -4.83968301, "coordinateAccuracy": 100.0, "locationDataSource": "Converted in QGIS from Lambert coords, Madrid 1870", "locationNotes": null, "notBeforeOpeningDate": null, "notAfterOpeningDate": null, "notBeforeClosingDate": null, "notAfterClosingDate": null, "inUseDate": null, "metalMinedGold": "FALSE", "metalMinedSilver": 0.0, "metalMinedLead": 0.0, "metalMinedCopper": 1.0, "metalMinedTin": 0.0, "metalMinedIron": 0.0, "metalMinedMercuryCinnabar": 0.0, "metalMinedZinc": 0.0, "metalMinedOther": 0.0, "description": null, "references": "Domergue 1990: 47", "techniqueOpencast": null, "techniqueUnderground": null, "techniqueHydraulic": "FALSE", "techniqueHushing": "FALSE", "techniqueGroundSluicing": "FALSE", "techniqueRuinaMontium": 0.0, "techniqueRakeComb": 0.0, "techniqueGoldWashing": 0.0, "techniqueOther": null, "notes": null, "geology": "Hard rock", "depositType": null, "exploitationType": null, "Flag_Au_Oro": 0, "Status_Au_Oro": "No", "Flag_Ag_Plata": 0, "Status_Ag_Plata": "No", "Flag_Cu_Cobre": 1, "Status_Cu_Cobre": "Confirmado", "Flag_Pb_Plomo": 0, "Status_Pb_Plomo": "No", "Flag_Hg_Cinabrio": 0, "Status_Hg_Cinabrio": "No", "Flag_Sn_Estano": 0, "Status_Sn_Estano": "No", "Flag_Fe_Hierro": 0, "Status_Fe_Hierro": "No", "Tech_Ruina_Montium": 0, "Tech_Subterranea": 0, "Tech_Cielo_Abierto": 0, "Tech_Lavado_Placer": 0, "Certainty_Spatial": 1.0, "Certainty_Archaeological": 0.9, "Certainty_Metallogenic": 1.0, "Certainty_Score": 0.965, "Certainty_Grade": "Alta Certeza (Grado I)" }, "geometry": { "type": "Point", "coordinates": [ -4.83968301, 38.00140764 ] } },
{ "type": "Feature", "properties": { "mineID": 1248, "site": "Rocabruna", "ancientName": null, "province": "Hispania Tarraconensis", "country": "Spain", "region": "Gerona", "miningDistrict": "Rocabruna", "romanianRANID": null, "sanchezPalenciaAndOrejasID": null, "domergueID": "GE 1", "spainMapSheet": 218.0, "lambertX": 1106.5, "lambertY": 879.1, "latitude": 42.35774763, "longitude": 2.46672221, "coordinateAccuracy": 100.0, "locationDataSource": "Converted in QGIS from Lambert coords, Madrid 1870", "locationNotes": null, "notBeforeOpeningDate": null, "notAfterOpeningDate": null, "notBeforeClosingDate": null, "notAfterClosingDate": null, "inUseDate": null, "metalMinedGold": "FALSE", "metalMinedSilver": 1.0, "metalMinedLead": 0.0, "metalMinedCopper": 1.0, "metalMinedTin": 0.0, "metalMinedIron": 0.0, "metalMinedMercuryCinnabar": 0.0, "metalMinedZinc": 0.0, "metalMinedOther": 0.0, "description": null, "references": "Domergue 1990: 64", "techniqueOpencast": null, "techniqueUnderground": null, "techniqueHydraulic": "FALSE", "techniqueHushing": "FALSE", "techniqueGroundSluicing": "FALSE", "techniqueRuinaMontium": 0.0, "techniqueRakeComb": 0.0, "techniqueGoldWashing": 0.0, "techniqueOther": null, "notes": null, "geology": null, "depositType": null, "exploitationType": null, "Flag_Au_Oro": 0, "Status_Au_Oro": "No", "Flag_Ag_Plata": 1, "Status_Ag_Plata": "Confirmado", "Flag_Cu_Cobre": 1, "Status_Cu_Cobre": "Confirmado", "Flag_Pb_Plomo": 0, "Status_Pb_Plomo": "No", "Flag_Hg_Cinabrio": 0, "Status_Hg_Cinabrio": "No", "Flag_Sn_Estano": 0, "Status_Sn_Estano": "No", "Flag_Fe_Hierro": 0, "Status_Fe_Hierro": "No", "Tech_Ruina_Montium": 0, "Tech_Subterranea": 0, "Tech_Cielo_Abierto": 0, "Tech_Lavado_Placer": 0, "Certainty_Spatial": 1.0, "Certainty_Archaeological": 0.9, "Certainty_Metallogenic": 1.0, "Certainty_Score": 0.965, "Certainty_Grade": "Alta Certeza (Grado I)" }, "geometry": { "type": "Point", "coordinates": [ 2.46672221, 42.35774763 ] } },
{ "type": "Feature", "properties": { "mineID": 1254, "site": "Salas de Galiarda", "ancientName": null, "province": "Hispania Baetica", "country": "Spain", "region": "Jaén", "miningDistrict": "Montoro Andújar", "romanianRANID": null, "sanchezPalenciaAndOrejasID": null, "domergueID": "J 10", "spainMapSheet": 883.0, "lambertX": 584.8, "lambertY": 399.8, "latitude": 38.194676, "longitude": -3.86157025, "coordinateAccuracy": 100.0, "locationDataSource": "Converted in QGIS from Lambert coords, Madrid 1870", "locationNotes": null, "notBeforeOpeningDate": null, "notAfterOpeningDate": null, "notBeforeClosingDate": null, "notAfterClosingDate": null, "inUseDate": null, "metalMinedGold": "FALSE", "metalMinedSilver": 0.0, "metalMinedLead": 0.0, "metalMinedCopper": 1.0, "metalMinedTin": 0.0, "metalMinedIron": 0.0, "metalMinedMercuryCinnabar": 0.0, "metalMinedZinc": 0.0, "metalMinedOther": 0.0, "description": null, "references": "Domergue 1990: 47", "techniqueOpencast": 0.0, "techniqueUnderground": 1.0, "techniqueHydraulic": "FALSE", "techniqueHushing": "FALSE", "techniqueGroundSluicing": "FALSE", "techniqueRuinaMontium": 0.0, "techniqueRakeComb": 0.0, "techniqueGoldWashing": 0.0, "techniqueOther": 0.0, "notes": null, "geology": "Hard rock", "depositType": null, "exploitationType": null, "Flag_Au_Oro": 0, "Status_Au_Oro": "No", "Flag_Ag_Plata": 0, "Status_Ag_Plata": "No", "Flag_Cu_Cobre": 1, "Status_Cu_Cobre": "Confirmado", "Flag_Pb_Plomo": 0, "Status_Pb_Plomo": "No", "Flag_Hg_Cinabrio": 0, "Status_Hg_Cinabrio": "No", "Flag_Sn_Estano": 0, "Status_Sn_Estano": "No", "Flag_Fe_Hierro": 0, "Status_Fe_Hierro": "No", "Tech_Ruina_Montium": 0, "Tech_Subterranea": 1, "Tech_Cielo_Abierto": 0, "Tech_Lavado_Placer": 0, "Certainty_Spatial": 1.0, "Certainty_Archaeological": 0.9, "Certainty_Metallogenic": 1.0, "Certainty_Score": 0.965, "Certainty_Grade": "Alta Certeza (Grado I)" }, "geometry": { "type": "Point", "coordinates": [ -3.86157025, 38.194676 ] } },
{ "type": "Feature", "properties": { "mineID": 1262, "site": "San Eduardo", "ancientName": null, "province": "Hispania Baetica", "country": "Spain", "region": "Huelva", "miningDistrict": "Huelva", "romanianRANID": null, "sanchezPalenciaAndOrejasID": null, "domergueID": "H 14", "spainMapSheet": 938.0, "lambertX": 338.7, "lambertY": 356.1, "latitude": 37.76166281, "longitude": -6.65508336, "coordinateAccuracy": 100.0, "locationDataSource": "Converted in QGIS from Lambert coords, Madrid 1870", "locationNotes": null, "notBeforeOpeningDate": null, "notAfterOpeningDate": null, "notBeforeClosingDate": null, "notAfterClosingDate": null, "inUseDate": null, "metalMinedGold": "FALSE", "metalMinedSilver": 0.0, "metalMinedLead": 0.0, "metalMinedCopper": 1.0, "metalMinedTin": 0.0, "metalMinedIron": 0.0, "metalMinedMercuryCinnabar": 0.0, "metalMinedZinc": 0.0, "metalMinedOther": 0.0, "description": null, "references": "Domergue 1990: 62", "techniqueOpencast": null, "techniqueUnderground": null, "techniqueHydraulic": "FALSE", "techniqueHushing": "FALSE", "techniqueGroundSluicing": "FALSE", "techniqueRuinaMontium": 0.0, "techniqueRakeComb": 0.0, "techniqueGoldWashing": 0.0, "techniqueOther": null, "notes": null, "geology": "Pyrite", "depositType": "Primary", "exploitationType": null, "Flag_Au_Oro": 0, "Status_Au_Oro": "No", "Flag_Ag_Plata": 0, "Status_Ag_Plata": "No", "Flag_Cu_Cobre": 1, "Status_Cu_Cobre": "Confirmado", "Flag_Pb_Plomo": 0, "Status_Pb_Plomo": "No", "Flag_Hg_Cinabrio": 0, "Status_Hg_Cinabrio": "No", "Flag_Sn_Estano": 0, "Status_Sn_Estano": "No", "Flag_Fe_Hierro": 0, "Status_Fe_Hierro": "No", "Tech_Ruina_Montium": 0, "Tech_Subterranea": 0, "Tech_Cielo_Abierto": 0, "Tech_Lavado_Placer": 0, "Certainty_Spatial": 1.0, "Certainty_Archaeological": 0.9, "Certainty_Metallogenic": 1.0, "Certainty_Score": 0.965, "Certainty_Grade": "Alta Certeza (Grado I)" }, "geometry": { "type": "Point", "coordinates": [ -6.65508336, 37.76166281 ] } },
{ "type": "Feature", "properties": { "mineID": 1269, "site": "San Miguel (Huelva)", "ancientName": null, "province": "Hispania Baetica", "country": "Spain", "region": "Huelva", "miningDistrict": "Huelva", "romanianRANID": null, "sanchezPalenciaAndOrejasID": null, "domergueID": "H 4", "spainMapSheet": 938.0, "lambertX": 330.3, "lambertY": 356.3, "latitude": 37.76090411, "longitude": -6.75047215, "coordinateAccuracy": 100.0, "locationDataSource": "Converted in QGIS from Lambert coords, Madrid 1870", "locationNotes": null, "notBeforeOpeningDate": null, "notAfterOpeningDate": null, "notBeforeClosingDate": null, "notAfterClosingDate": null, "inUseDate": null, "metalMinedGold": "FALSE", "metalMinedSilver": 0.0, "metalMinedLead": 0.0, "metalMinedCopper": 1.0, "metalMinedTin": 0.0, "metalMinedIron": 0.0, "metalMinedMercuryCinnabar": 0.0, "metalMinedZinc": 0.0, "metalMinedOther": 0.0, "description": null, "references": "Domergue 1990: 62", "techniqueOpencast": null, "techniqueUnderground": null, "techniqueHydraulic": "FALSE", "techniqueHushing": "FALSE", "techniqueGroundSluicing": "FALSE", "techniqueRuinaMontium": 0.0, "techniqueRakeComb": 0.0, "techniqueGoldWashing": 0.0, "techniqueOther": null, "notes": null, "geology": "Pyrite", "depositType": "Primary", "exploitationType": null, "Flag_Au_Oro": 0, "Status_Au_Oro": "No", "Flag_Ag_Plata": 0, "Status_Ag_Plata": "No", "Flag_Cu_Cobre": 1, "Status_Cu_Cobre": "Confirmado", "Flag_Pb_Plomo": 0, "Status_Pb_Plomo": "No", "Flag_Hg_Cinabrio": 0, "Status_Hg_Cinabrio": "No", "Flag_Sn_Estano": 0, "Status_Sn_Estano": "No", "Flag_Fe_Hierro": 0, "Status_Fe_Hierro": "No", "Tech_Ruina_Montium": 0, "Tech_Subterranea": 0, "Tech_Cielo_Abierto": 0, "Tech_Lavado_Placer": 0, "Certainty_Spatial": 1.0, "Certainty_Archaeological": 0.9, "Certainty_Metallogenic": 1.0, "Certainty_Score": 0.965, "Certainty_Grade": "Alta Certeza (Grado I)" }, "geometry": { "type": "Point", "coordinates": [ -6.75047215, 37.76090411 ] } },
{ "type": "Feature", "properties": { "mineID": 1270, "site": "San Miguel (Sevilla)", "ancientName": null, "province": "Hispania Baetica", "country": "Spain", "region": "Sevilla", "miningDistrict": "Sevilla", "romanianRANID": null, "sanchezPalenciaAndOrejasID": null, "domergueID": "SE 2", "spainMapSheet": 191.0, "lambertX": 396.8, "lambertY": 368.5, "latitude": 37.88889274, "longitude": -5.999327232, "coordinateAccuracy": 100.0, "locationDataSource": "Converted in QGIS from Lambert coords, Madrid 1870", "locationNotes": null, "notBeforeOpeningDate": null, "notAfterOpeningDate": null, "notBeforeClosingDate": null, "notAfterClosingDate": null, "inUseDate": null, "metalMinedGold": "FALSE", "metalMinedSilver": 1.0, "metalMinedLead": 0.0, "metalMinedCopper": 1.0, "metalMinedTin": 0.0, "metalMinedIron": 0.0, "metalMinedMercuryCinnabar": 0.0, "metalMinedZinc": 0.0, "metalMinedOther": 0.0, "description": null, "references": "Domergue 1990: 48", "techniqueOpencast": null, "techniqueUnderground": null, "techniqueHydraulic": "FALSE", "techniqueHushing": "FALSE", "techniqueGroundSluicing": "FALSE", "techniqueRuinaMontium": 0.0, "techniqueRakeComb": 0.0, "techniqueGoldWashing": 0.0, "techniqueOther": null, "notes": null, "geology": "Hard rock", "depositType": "Primary", "exploitationType": null, "Flag_Au_Oro": 0, "Status_Au_Oro": "No", "Flag_Ag_Plata": 1, "Status_Ag_Plata": "Confirmado", "Flag_Cu_Cobre": 1, "Status_Cu_Cobre": "Confirmado", "Flag_Pb_Plomo": 0, "Status_Pb_Plomo": "No", "Flag_Hg_Cinabrio": 0, "Status_Hg_Cinabrio": "No", "Flag_Sn_Estano": 0, "Status_Sn_Estano": "No", "Flag_Fe_Hierro": 0, "Status_Fe_Hierro": "No", "Tech_Ruina_Montium": 0, "Tech_Subterranea": 0, "Tech_Cielo_Abierto": 0, "Tech_Lavado_Placer": 0, "Certainty_Spatial": 1.0, "Certainty_Archaeological": 0.9, "Certainty_Metallogenic": 1.0, "Certainty_Score": 0.965, "Certainty_Grade": "Alta Certeza (Grado I)" }, "geometry": { "type": "Point", "coordinates": [ -5.999327232, 37.88889274 ] } },
{ "type": "Feature", "properties": { "mineID": 1274, "site": "San Platón", "ancientName": null, "province": "Hispania Baetica", "country": "Spain", "region": "Huelva", "miningDistrict": "Huelva", "romanianRANID": null, "sanchezPalenciaAndOrejasID": null, "domergueID": "H 5", "spainMapSheet": 938.0, "lambertX": 336.9, "lambertY": 356.6, "latitude": 37.7656253, "longitude": -6.67569792, "coordinateAccuracy": 100.0, "locationDataSource": "Converted in QGIS from Lambert coords, Madrid 1870", "locationNotes": null, "notBeforeOpeningDate": null, "notAfterOpeningDate": null, "notBeforeClosingDate": null, "notAfterClosingDate": null, "inUseDate": null, "metalMinedGold": "FALSE", "metalMinedSilver": 0.0, "metalMinedLead": 0.0, "metalMinedCopper": 1.0, "metalMinedTin": 0.0, "metalMinedIron": 0.0, "metalMinedMercuryCinnabar": 0.0, "metalMinedZinc": 0.0, "metalMinedOther": 0.0, "description": null, "references": "Domergue 1990: 62", "techniqueOpencast": null, "techniqueUnderground": null, "techniqueHydraulic": "FALSE", "techniqueHushing": "FALSE", "techniqueGroundSluicing": "FALSE", "techniqueRuinaMontium": 0.0, "techniqueRakeComb": 0.0, "techniqueGoldWashing": 0.0, "techniqueOther": null, "notes": null, "geology": "Pyrite", "depositType": "Primary", "exploitationType": null, "Flag_Au_Oro": 0, "Status_Au_Oro": "No", "Flag_Ag_Plata": 0, "Status_Ag_Plata": "No", "Flag_Cu_Cobre": 1, "Status_Cu_Cobre": "Confirmado", "Flag_Pb_Plomo": 0, "Status_Pb_Plomo": "No", "Flag_Hg_Cinabrio": 0, "Status_Hg_Cinabrio": "No", "Flag_Sn_Estano": 0, "Status_Sn_Estano": "No", "Flag_Fe_Hierro": 0, "Status_Fe_Hierro": "No", "Tech_Ruina_Montium": 0, "Tech_Subterranea": 0, "Tech_Cielo_Abierto": 0, "Tech_Lavado_Placer": 0, "Certainty_Spatial": 1.0, "Certainty_Archaeological": 0.9, "Certainty_Metallogenic": 1.0, "Certainty_Score": 0.965, "Certainty_Grade": "Alta Certeza (Grado I)" }, "geometry": { "type": "Point", "coordinates": [ -6.67569792, 37.7656253 ] } },
{ "type": "Feature", "properties": { "mineID": 1279, "site": "San Serafín", "ancientName": null, "province": "Hispania Tarraconensis", "country": "Spain", "region": "Ciudad Real", "miningDistrict": "Alcudia", "romanianRANID": null, "sanchezPalenciaAndOrejasID": null, "domergueID": "CR 24", "spainMapSheet": 860.0, "lambertX": 532.0, "lambertY": 431.7, "latitude": 38.47973262, "longitude": -4.4678804, "coordinateAccuracy": 100.0, "locationDataSource": "Converted in QGIS from Lambert coords, Madrid 1870", "locationNotes": null, "notBeforeOpeningDate": null, "notAfterOpeningDate": null, "notBeforeClosingDate": null, "notAfterClosingDate": null, "inUseDate": null, "metalMinedGold": "FALSE", "metalMinedSilver": 1.0, "metalMinedLead": 1.0, "metalMinedCopper": 1.0, "metalMinedTin": 0.0, "metalMinedIron": 0.0, "metalMinedMercuryCinnabar": 0.0, "metalMinedZinc": 0.0, "metalMinedOther": 0.0, "description": null, "references": "Domergue 1990: 46", "techniqueOpencast": 0.0, "techniqueUnderground": 1.0, "techniqueHydraulic": "FALSE", "techniqueHushing": "FALSE", "techniqueGroundSluicing": "FALSE", "techniqueRuinaMontium": 0.0, "techniqueRakeComb": 0.0, "techniqueGoldWashing": 0.0, "techniqueOther": 0.0, "notes": null, "geology": null, "depositType": null, "exploitationType": null, "Flag_Au_Oro": 0, "Status_Au_Oro": "No", "Flag_Ag_Plata": 1, "Status_Ag_Plata": "Confirmado", "Flag_Cu_Cobre": 1, "Status_Cu_Cobre": "Confirmado", "Flag_Pb_Plomo": 1, "Status_Pb_Plomo": "Confirmado", "Flag_Hg_Cinabrio": 0, "Status_Hg_Cinabrio": "No", "Flag_Sn_Estano": 0, "Status_Sn_Estano": "No", "Flag_Fe_Hierro": 0, "Status_Fe_Hierro": "No", "Tech_Ruina_Montium": 0, "Tech_Subterranea": 1, "Tech_Cielo_Abierto": 0, "Tech_Lavado_Placer": 0, "Certainty_Spatial": 1.0, "Certainty_Archaeological": 0.9, "Certainty_Metallogenic": 1.0, "Certainty_Score": 0.965, "Certainty_Grade": "Alta Certeza (Grado I)" }, "geometry": { "type": "Point", "coordinates": [ -4.4678804, 38.47973262 ] } },
{ "type": "Feature", "properties": { "mineID": 1280, "site": "San Telmo", "ancientName": null, "province": "Hispania Baetica", "country": "Spain", "region": "Huelva", "miningDistrict": "Huelva", "romanianRANID": null, "sanchezPalenciaAndOrejasID": null, "domergueID": "H 26", "spainMapSheet": 937.0, "lambertX": 311.2, "lambertY": 361.0, "latitude": 37.79711712, "longitude": -6.96913343, "coordinateAccuracy": 100.0, "locationDataSource": "Converted in QGIS from Lambert coords, Madrid 1870", "locationNotes": null, "notBeforeOpeningDate": null, "notAfterOpeningDate": null, "notBeforeClosingDate": null, "notAfterClosingDate": null, "inUseDate": null, "metalMinedGold": "FALSE", "metalMinedSilver": 0.0, "metalMinedLead": 0.0, "metalMinedCopper": 1.0, "metalMinedTin": 0.0, "metalMinedIron": 0.0, "metalMinedMercuryCinnabar": 0.0, "metalMinedZinc": 0.0, "metalMinedOther": 0.0, "description": null, "references": "Domergue 1990: 62", "techniqueOpencast": 0.0, "techniqueUnderground": 1.0, "techniqueHydraulic": "FALSE", "techniqueHushing": "FALSE", "techniqueGroundSluicing": "FALSE", "techniqueRuinaMontium": 0.0, "techniqueRakeComb": 0.0, "techniqueGoldWashing": 0.0, "techniqueOther": 0.0, "notes": null, "geology": "Pyrite", "depositType": "Primary", "exploitationType": null, "Flag_Au_Oro": 0, "Status_Au_Oro": "No", "Flag_Ag_Plata": 0, "Status_Ag_Plata": "No", "Flag_Cu_Cobre": 1, "Status_Cu_Cobre": "Confirmado", "Flag_Pb_Plomo": 0, "Status_Pb_Plomo": "No", "Flag_Hg_Cinabrio": 0, "Status_Hg_Cinabrio": "No", "Flag_Sn_Estano": 0, "Status_Sn_Estano": "No", "Flag_Fe_Hierro": 0, "Status_Fe_Hierro": "No", "Tech_Ruina_Montium": 0, "Tech_Subterranea": 1, "Tech_Cielo_Abierto": 0, "Tech_Lavado_Placer": 0, "Certainty_Spatial": 1.0, "Certainty_Archaeological": 0.9, "Certainty_Metallogenic": 1.0, "Certainty_Score": 0.965, "Certainty_Grade": "Alta Certeza (Grado I)" }, "geometry": { "type": "Point", "coordinates": [ -6.96913343, 37.79711712 ] } },
{ "type": "Feature", "properties": { "mineID": 1294, "site": "Segunderalejo", "ancientName": null, "province": "Hispania Baetica", "country": "Spain", "region": "Huelva", "miningDistrict": "Huelva", "romanianRANID": null, "sanchezPalenciaAndOrejasID": null, "domergueID": "H 46", "spainMapSheet": 960.0, "lambertX": 335.5, "lambertY": 336.2, "latitude": 37.58143387, "longitude": -6.68380114, "coordinateAccuracy": 100.0, "locationDataSource": "Converted in QGIS from Lambert coords, Madrid 1870", "locationNotes": null, "notBeforeOpeningDate": null, "notAfterOpeningDate": null, "notBeforeClosingDate": null, "notAfterClosingDate": null, "inUseDate": null, "metalMinedGold": "FALSE", "metalMinedSilver": 0.0, "metalMinedLead": 0.0, "metalMinedCopper": 1.0, "metalMinedTin": 0.0, "metalMinedIron": 0.0, "metalMinedMercuryCinnabar": 0.0, "metalMinedZinc": 0.0, "metalMinedOther": 0.0, "description": null, "references": "Domergue 1990: 61", "techniqueOpencast": null, "techniqueUnderground": null, "techniqueHydraulic": "FALSE", "techniqueHushing": "FALSE", "techniqueGroundSluicing": "FALSE", "techniqueRuinaMontium": 0.0, "techniqueRakeComb": 0.0, "techniqueGoldWashing": 0.0, "techniqueOther": null, "notes": null, "geology": "Pyrite", "depositType": "Primary", "exploitationType": null, "Flag_Au_Oro": 0, "Status_Au_Oro": "No", "Flag_Ag_Plata": 0, "Status_Ag_Plata": "No", "Flag_Cu_Cobre": 1, "Status_Cu_Cobre": "Confirmado", "Flag_Pb_Plomo": 0, "Status_Pb_Plomo": "No", "Flag_Hg_Cinabrio": 0, "Status_Hg_Cinabrio": "No", "Flag_Sn_Estano": 0, "Status_Sn_Estano": "No", "Flag_Fe_Hierro": 0, "Status_Fe_Hierro": "No", "Tech_Ruina_Montium": 0, "Tech_Subterranea": 0, "Tech_Cielo_Abierto": 0, "Tech_Lavado_Placer": 0, "Certainty_Spatial": 1.0, "Certainty_Archaeological": 0.9, "Certainty_Metallogenic": 1.0, "Certainty_Score": 0.965, "Certainty_Grade": "Alta Certeza (Grado I)" }, "geometry": { "type": "Point", "coordinates": [ -6.68380114, 37.58143387 ] } },
{ "type": "Feature", "properties": { "mineID": 1297, "site": "Sierra Almagrera", "ancientName": null, "province": "Hispania Baetica", "country": "Spain", "region": "Almería", "miningDistrict": "Almería", "romanianRANID": null, "sanchezPalenciaAndOrejasID": null, "domergueID": "AL 2", "spainMapSheet": 1015.0, "lambertX": 771.0, "lambertY": 303.0, "latitude": 37.284267, "longitude": -1.760024, "coordinateAccuracy": 0.0, "locationDataSource": "Domergue 1987 fig 3", "locationNotes": "Large mining zone", "notBeforeOpeningDate": null, "notAfterOpeningDate": null, "notBeforeClosingDate": null, "notAfterClosingDate": null, "inUseDate": null, "metalMinedGold": "FALSE", "metalMinedSilver": 1.0, "metalMinedLead": 1.0, "metalMinedCopper": 1.0, "metalMinedTin": 0.0, "metalMinedIron": 0.0, "metalMinedMercuryCinnabar": 0.0, "metalMinedZinc": 0.0, "metalMinedOther": 0.0, "description": null, "references": "Domergue 1990: 64; Domergue 2008: 158.", "techniqueOpencast": null, "techniqueUnderground": null, "techniqueHydraulic": "FALSE", "techniqueHushing": "FALSE", "techniqueGroundSluicing": "FALSE", "techniqueRuinaMontium": 0.0, "techniqueRakeComb": 0.0, "techniqueGoldWashing": 0.0, "techniqueOther": null, "notes": null, "geology": null, "depositType": null, "exploitationType": null, "Flag_Au_Oro": 0, "Status_Au_Oro": "No", "Flag_Ag_Plata": 1, "Status_Ag_Plata": "Confirmado", "Flag_Cu_Cobre": 1, "Status_Cu_Cobre": "Confirmado", "Flag_Pb_Plomo": 1, "Status_Pb_Plomo": "Confirmado", "Flag_Hg_Cinabrio": 0, "Status_Hg_Cinabrio": "No", "Flag_Sn_Estano": 0, "Status_Sn_Estano": "No", "Flag_Fe_Hierro": 0, "Status_Fe_Hierro": "No", "Tech_Ruina_Montium": 0, "Tech_Subterranea": 0, "Tech_Cielo_Abierto": 0, "Tech_Lavado_Placer": 0, "Certainty_Spatial": 1.0, "Certainty_Archaeological": 0.9, "Certainty_Metallogenic": 1.0, "Certainty_Score": 0.965, "Certainty_Grade": "Alta Certeza (Grado I)" }, "geometry": { "type": "Point", "coordinates": [ -1.760024, 37.284267 ] } },
{ "type": "Feature", "properties": { "mineID": 1299, "site": "Sierra de Cartagena", "ancientName": null, "province": "Hispania Tarraconensis", "country": "Spain", "region": "Murcia", "miningDistrict": "Cartagena-Mazarrón", "romanianRANID": null, "sanchezPalenciaAndOrejasID": null, "domergueID": "MU 3", "spainMapSheet": 977.0, "lambertX": 849.8, "lambertY": 338.9, "latitude": 37.6100851, "longitude": -0.857490443, "coordinateAccuracy": 100.0, "locationDataSource": "Converted in QGIS from Lambert coords, Madrid 1870", "locationNotes": "need to add detail from sub-sites", "notBeforeOpeningDate": null, "notAfterOpeningDate": null, "notBeforeClosingDate": null, "notAfterClosingDate": null, "inUseDate": null, "metalMinedGold": "FALSE", "metalMinedSilver": 1.0, "metalMinedLead": 1.0, "metalMinedCopper": 1.0, "metalMinedTin": 1.0, "metalMinedIron": 1.0, "metalMinedMercuryCinnabar": 0.0, "metalMinedZinc": 0.0, "metalMinedOther": 0.0, "description": null, "references": "Domergue 1990: 64", "techniqueOpencast": 0.0, "techniqueUnderground": 1.0, "techniqueHydraulic": "FALSE", "techniqueHushing": "FALSE", "techniqueGroundSluicing": "FALSE", "techniqueRuinaMontium": 0.0, "techniqueRakeComb": 0.0, "techniqueGoldWashing": 0.0, "techniqueOther": 0.0, "notes": null, "geology": null, "depositType": null, "exploitationType": null, "Flag_Au_Oro": 0, "Status_Au_Oro": "No", "Flag_Ag_Plata": 1, "Status_Ag_Plata": "Confirmado", "Flag_Cu_Cobre": 1, "Status_Cu_Cobre": "Confirmado", "Flag_Pb_Plomo": 1, "Status_Pb_Plomo": "Confirmado", "Flag_Hg_Cinabrio": 0, "Status_Hg_Cinabrio": "No", "Flag_Sn_Estano": 1, "Status_Sn_Estano": "Confirmado", "Flag_Fe_Hierro": 1, "Status_Fe_Hierro": "Confirmado", "Tech_Ruina_Montium": 0, "Tech_Subterranea": 1, "Tech_Cielo_Abierto": 0, "Tech_Lavado_Placer": 0, "Certainty_Spatial": 1.0, "Certainty_Archaeological": 0.9, "Certainty_Metallogenic": 1.0, "Certainty_Score": 0.965, "Certainty_Grade": "Alta Certeza (Grado I)" }, "geometry": { "type": "Point", "coordinates": [ -0.857490443, 37.6100851 ] } },
{ "type": "Feature", "properties": { "mineID": 1303, "site": "Sierrecilla", "ancientName": null, "province": "Hispania Baetica", "country": "Spain", "region": "Huelva", "miningDistrict": "Huelva", "romanianRANID": null, "sanchezPalenciaAndOrejasID": null, "domergueID": "H 42", "spainMapSheet": 936.0, "lambertX": 286.8, "lambertY": 348.7, "latitude": 37.67790242, "longitude": -7.24050428, "coordinateAccuracy": 100.0, "locationDataSource": "Converted in QGIS from Lambert coords, Madrid 1870", "locationNotes": null, "notBeforeOpeningDate": null, "notAfterOpeningDate": null, "notBeforeClosingDate": null, "notAfterClosingDate": null, "inUseDate": null, "metalMinedGold": "FALSE", "metalMinedSilver": 1.0, "metalMinedLead": 1.0, "metalMinedCopper": 1.0, "metalMinedTin": 0.0, "metalMinedIron": 0.0, "metalMinedMercuryCinnabar": 0.0, "metalMinedZinc": 0.0, "metalMinedOther": 0.0, "description": null, "references": "Domergue 1990: 62", "techniqueOpencast": null, "techniqueUnderground": null, "techniqueHydraulic": "FALSE", "techniqueHushing": "FALSE", "techniqueGroundSluicing": "FALSE", "techniqueRuinaMontium": 0.0, "techniqueRakeComb": 0.0, "techniqueGoldWashing": 0.0, "techniqueOther": null, "notes": null, "geology": "Hard rock", "depositType": "Primary", "exploitationType": null, "Flag_Au_Oro": 0, "Status_Au_Oro": "No", "Flag_Ag_Plata": 1, "Status_Ag_Plata": "Confirmado", "Flag_Cu_Cobre": 1, "Status_Cu_Cobre": "Confirmado", "Flag_Pb_Plomo": 1, "Status_Pb_Plomo": "Confirmado", "Flag_Hg_Cinabrio": 0, "Status_Hg_Cinabrio": "No", "Flag_Sn_Estano": 0, "Status_Sn_Estano": "No", "Flag_Fe_Hierro": 0, "Status_Fe_Hierro": "No", "Tech_Ruina_Montium": 0, "Tech_Subterranea": 0, "Tech_Cielo_Abierto": 0, "Tech_Lavado_Placer": 0, "Certainty_Spatial": 1.0, "Certainty_Archaeological": 0.9, "Certainty_Metallogenic": 1.0, "Certainty_Score": 0.965, "Certainty_Grade": "Alta Certeza (Grado I)" }, "geometry": { "type": "Point", "coordinates": [ -7.24050428, 37.67790242 ] } },
{ "type": "Feature", "properties": { "mineID": 1304, "site": "Socorro", "ancientName": null, "province": "Hispania Tarraconensis", "country": "Spain", "region": "Ciudad Real", "miningDistrict": "Alcudia", "romanianRANID": null, "sanchezPalenciaAndOrejasID": null, "domergueID": "CR 29", "spainMapSheet": 837.0, "lambertX": 593.5, "lambertY": 440.0, "latitude": 38.55722606, "longitude": -3.76257372, "coordinateAccuracy": 100.0, "locationDataSource": "Converted in QGIS from Lambert coords, Madrid 1870", "locationNotes": null, "notBeforeOpeningDate": null, "notAfterOpeningDate": null, "notBeforeClosingDate": null, "notAfterClosingDate": null, "inUseDate": null, "metalMinedGold": "FALSE", "metalMinedSilver": 1.0, "metalMinedLead": 1.0, "metalMinedCopper": 1.0, "metalMinedTin": 0.0, "metalMinedIron": 0.0, "metalMinedMercuryCinnabar": 0.0, "metalMinedZinc": 0.0, "metalMinedOther": 0.0, "description": null, "references": "Domergue 1990: 46", "techniqueOpencast": 0.0, "techniqueUnderground": 1.0, "techniqueHydraulic": "FALSE", "techniqueHushing": "FALSE", "techniqueGroundSluicing": "FALSE", "techniqueRuinaMontium": 0.0, "techniqueRakeComb": 0.0, "techniqueGoldWashing": 0.0, "techniqueOther": 0.0, "notes": null, "geology": null, "depositType": null, "exploitationType": null, "Flag_Au_Oro": 0, "Status_Au_Oro": "No", "Flag_Ag_Plata": 1, "Status_Ag_Plata": "Confirmado", "Flag_Cu_Cobre": 1, "Status_Cu_Cobre": "Confirmado", "Flag_Pb_Plomo": 1, "Status_Pb_Plomo": "Confirmado", "Flag_Hg_Cinabrio": 0, "Status_Hg_Cinabrio": "No", "Flag_Sn_Estano": 0, "Status_Sn_Estano": "No", "Flag_Fe_Hierro": 0, "Status_Fe_Hierro": "No", "Tech_Ruina_Montium": 0, "Tech_Subterranea": 1, "Tech_Cielo_Abierto": 0, "Tech_Lavado_Placer": 0, "Certainty_Spatial": 1.0, "Certainty_Archaeological": 0.9, "Certainty_Metallogenic": 1.0, "Certainty_Score": 0.965, "Certainty_Grade": "Alta Certeza (Grado I)" }, "geometry": { "type": "Point", "coordinates": [ -3.76257372, 38.55722606 ] } },
{ "type": "Feature", "properties": { "mineID": 1306, "site": "Solana de la Belalcázar", "ancientName": null, "province": "Hispania Baetica", "country": "Spain", "region": "Córdoba", "miningDistrict": "Los Pedroches", "romanianRANID": null, "sanchezPalenciaAndOrejasID": null, "domergueID": "CO 19", "spainMapSheet": 833.0, "lambertX": 477.9, "lambertY": 448.3, "latitude": 38.62342098, "longitude": -5.09131042, "coordinateAccuracy": 100.0, "locationDataSource": "Converted in QGIS from Lambert coords, Madrid 1870", "locationNotes": null, "notBeforeOpeningDate": null, "notAfterOpeningDate": null, "notBeforeClosingDate": null, "notAfterClosingDate": null, "inUseDate": null, "metalMinedGold": "FALSE", "metalMinedSilver": 1.0, "metalMinedLead": 1.0, "metalMinedCopper": 1.0, "metalMinedTin": 0.0, "metalMinedIron": 0.0, "metalMinedMercuryCinnabar": 0.0, "metalMinedZinc": 0.0, "metalMinedOther": 0.0, "description": null, "references": "Domergue 1990: 48", "techniqueOpencast": null, "techniqueUnderground": null, "techniqueHydraulic": "FALSE", "techniqueHushing": "FALSE", "techniqueGroundSluicing": "FALSE", "techniqueRuinaMontium": 0.0, "techniqueRakeComb": 0.0, "techniqueGoldWashing": 0.0, "techniqueOther": null, "notes": null, "geology": "Hard rock", "depositType": "Primary", "exploitationType": null, "Flag_Au_Oro": 0, "Status_Au_Oro": "No", "Flag_Ag_Plata": 1, "Status_Ag_Plata": "Confirmado", "Flag_Cu_Cobre": 1, "Status_Cu_Cobre": "Confirmado", "Flag_Pb_Plomo": 1, "Status_Pb_Plomo": "Confirmado", "Flag_Hg_Cinabrio": 0, "Status_Hg_Cinabrio": "No", "Flag_Sn_Estano": 0, "Status_Sn_Estano": "No", "Flag_Fe_Hierro": 0, "Status_Fe_Hierro": "No", "Tech_Ruina_Montium": 0, "Tech_Subterranea": 0, "Tech_Cielo_Abierto": 0, "Tech_Lavado_Placer": 0, "Certainty_Spatial": 1.0, "Certainty_Archaeological": 0.9, "Certainty_Metallogenic": 1.0, "Certainty_Score": 0.965, "Certainty_Grade": "Alta Certeza (Grado I)" }, "geometry": { "type": "Point", "coordinates": [ -5.09131042, 38.62342098 ] } },
{ "type": "Feature", "properties": { "mineID": 1307, "site": "Solano del Bepo", "ancientName": null, "province": "Hispania Tarraconensis", "country": "Spain", "region": "Tarragona", "miningDistrict": null, "romanianRANID": null, "sanchezPalenciaAndOrejasID": null, "domergueID": "T 4", "spainMapSheet": 417.0, "lambertX": 982.3, "lambertY": 758.3, "latitude": 41.3386581, "longitude": 0.885404145, "coordinateAccuracy": 100.0, "locationDataSource": "Converted in QGIS from Lambert coords, Madrid 1870", "locationNotes": null, "notBeforeOpeningDate": null, "notAfterOpeningDate": null, "notBeforeClosingDate": null, "notAfterClosingDate": null, "inUseDate": null, "metalMinedGold": "FALSE", "metalMinedSilver": 0.0, "metalMinedLead": 0.0, "metalMinedCopper": 1.0, "metalMinedTin": 0.0, "metalMinedIron": 0.0, "metalMinedMercuryCinnabar": 0.0, "metalMinedZinc": 0.0, "metalMinedOther": 0.0, "description": null, "references": "Domergue 1990: 64", "techniqueOpencast": null, "techniqueUnderground": null, "techniqueHydraulic": "FALSE", "techniqueHushing": "FALSE", "techniqueGroundSluicing": "FALSE", "techniqueRuinaMontium": 0.0, "techniqueRakeComb": 0.0, "techniqueGoldWashing": 0.0, "techniqueOther": null, "notes": null, "geology": null, "depositType": null, "exploitationType": null, "Flag_Au_Oro": 0, "Status_Au_Oro": "No", "Flag_Ag_Plata": 0, "Status_Ag_Plata": "No", "Flag_Cu_Cobre": 1, "Status_Cu_Cobre": "Confirmado", "Flag_Pb_Plomo": 0, "Status_Pb_Plomo": "No", "Flag_Hg_Cinabrio": 0, "Status_Hg_Cinabrio": "No", "Flag_Sn_Estano": 0, "Status_Sn_Estano": "No", "Flag_Fe_Hierro": 0, "Status_Fe_Hierro": "No", "Tech_Ruina_Montium": 0, "Tech_Subterranea": 0, "Tech_Cielo_Abierto": 0, "Tech_Lavado_Placer": 0, "Certainty_Spatial": 1.0, "Certainty_Archaeological": 0.9, "Certainty_Metallogenic": 1.0, "Certainty_Score": 0.965, "Certainty_Grade": "Alta Certeza (Grado I)" }, "geometry": { "type": "Point", "coordinates": [ 0.885404145, 41.3386581 ] } },
{ "type": "Feature", "properties": { "mineID": 1309, "site": "Sortijón del Cuzna", "ancientName": null, "province": "Hispania Baetica", "country": "Spain", "region": "Córdoba", "miningDistrict": "Los Pedroches", "romanianRANID": null, "sanchezPalenciaAndOrejasID": null, "domergueID": "CO 99", "spainMapSheet": 881.0, "lambertX": 499.0, "lambertY": 406.4, "latitude": 38.24841405, "longitude": -4.84258713, "coordinateAccuracy": 100.0, "locationDataSource": "Converted in QGIS from Lambert coords, Madrid 1870", "locationNotes": null, "notBeforeOpeningDate": null, "notAfterOpeningDate": null, "notBeforeClosingDate": null, "notAfterClosingDate": null, "inUseDate": null, "metalMinedGold": "FALSE", "metalMinedSilver": 1.0, "metalMinedLead": 1.0, "metalMinedCopper": 1.0, "metalMinedTin": 0.0, "metalMinedIron": 0.0, "metalMinedMercuryCinnabar": 0.0, "metalMinedZinc": 0.0, "metalMinedOther": 0.0, "description": null, "references": "Domergue 1990: 48", "techniqueOpencast": 0.0, "techniqueUnderground": 1.0, "techniqueHydraulic": "FALSE", "techniqueHushing": "FALSE", "techniqueGroundSluicing": "FALSE", "techniqueRuinaMontium": 0.0, "techniqueRakeComb": 0.0, "techniqueGoldWashing": 0.0, "techniqueOther": 0.0, "notes": null, "geology": "Hard rock", "depositType": "Primary", "exploitationType": null, "Flag_Au_Oro": 0, "Status_Au_Oro": "No", "Flag_Ag_Plata": 1, "Status_Ag_Plata": "Confirmado", "Flag_Cu_Cobre": 1, "Status_Cu_Cobre": "Confirmado", "Flag_Pb_Plomo": 1, "Status_Pb_Plomo": "Confirmado", "Flag_Hg_Cinabrio": 0, "Status_Hg_Cinabrio": "No", "Flag_Sn_Estano": 0, "Status_Sn_Estano": "No", "Flag_Fe_Hierro": 0, "Status_Fe_Hierro": "No", "Tech_Ruina_Montium": 0, "Tech_Subterranea": 1, "Tech_Cielo_Abierto": 0, "Tech_Lavado_Placer": 0, "Certainty_Spatial": 1.0, "Certainty_Archaeological": 0.9, "Certainty_Metallogenic": 1.0, "Certainty_Score": 0.965, "Certainty_Grade": "Alta Certeza (Grado I)" }, "geometry": { "type": "Point", "coordinates": [ -4.84258713, 38.24841405 ] } },
{ "type": "Feature", "properties": { "mineID": 1310, "site": "Sotiel Coronada", "ancientName": null, "province": "Hispania Baetica", "country": "Spain", "region": "Huelva", "miningDistrict": "Huelva", "romanianRANID": null, "sanchezPalenciaAndOrejasID": null, "domergueID": "H 20", "spainMapSheet": 959.0, "lambertX": 320.4, "lambertY": 338.7, "latitude": 37.59924828, "longitude": -6.85569731, "coordinateAccuracy": 100.0, "locationDataSource": "Converted in QGIS from Lambert coords, Madrid 1870", "locationNotes": null, "notBeforeOpeningDate": null, "notAfterOpeningDate": null, "notBeforeClosingDate": null, "notAfterClosingDate": null, "inUseDate": null, "metalMinedGold": "FALSE", "metalMinedSilver": 0.0, "metalMinedLead": 0.0, "metalMinedCopper": 1.0, "metalMinedTin": 0.0, "metalMinedIron": 0.0, "metalMinedMercuryCinnabar": 0.0, "metalMinedZinc": 0.0, "metalMinedOther": 0.0, "description": "A large Roman mine noted for its many shafts - 100 twin shafts and 50 single shafts. To drain the mines water-lifting devices were used; remains of an Archimedes screw and a pump have been found. Smelting activities produced an estimated 40,000 tons of slag.", "references": "Domergue 1990: 62; Hirt 2010: 39.", "techniqueOpencast": 0.0, "techniqueUnderground": 1.0, "techniqueHydraulic": "FALSE", "techniqueHushing": "FALSE", "techniqueGroundSluicing": "FALSE", "techniqueRuinaMontium": 0.0, "techniqueRakeComb": 0.0, "techniqueGoldWashing": 0.0, "techniqueOther": 0.0, "notes": null, "geology": "Pyrite", "depositType": "PrimaǾ䀀", "exploitationType": null, "Flag_Au_Oro": 0, "Status_Au_Oro": "No", "Flag_Ag_Plata": 0, "Status_Ag_Plata": "No", "Flag_Cu_Cobre": 1, "Status_Cu_Cobre": "Confirmado", "Flag_Pb_Plomo": 0, "Status_Pb_Plomo": "No", "Flag_Hg_Cinabrio": 0, "Status_Hg_Cinabrio": "No", "Flag_Sn_Estano": 0, "Status_Sn_Estano": "No", "Flag_Fe_Hierro": 0, "Status_Fe_Hierro": "No", "Tech_Ruina_Montium": 0, "Tech_Subterranea": 1, "Tech_Cielo_Abierto": 0, "Tech_Lavado_Placer": 0, "Certainty_Spatial": 1.0, "Certainty_Archaeological": 0.9, "Certainty_Metallogenic": 1.0, "Certainty_Score": 0.965, "Certainty_Grade": "Alta Certeza (Grado I)" }, "geometry": { "type": "Point", "coordinates": [ -6.85569731, 37.59924828 ] } },
{ "type": "Feature", "properties": { "mineID": 1316, "site": "Sultana", "ancientName": null, "province": "Hispania Baetica", "country": "Spain", "region": "Huelva", "miningDistrict": "Huelva", "romanianRANID": null, "sanchezPalenciaAndOrejasID": null, "domergueID": "H 17", "spainMapSheet": 918.0, "lambertX": 372.2, "lambertY": 377.8, "latitude": 37.966594, "longitude": -6.2820794, "coordinateAccuracy": 100.0, "locationDataSource": "Converted in QGIS from Lambert coords, Madrid 1870", "locationNotes": null, "notBeforeOpeningDate": null, "notAfterOpeningDate": null, "notBeforeClosingDate": null, "notAfterClosingDate": null, "inUseDate": null, "metalMinedGold": "?", "metalMinedSilver": 0.0, "metalMinedLead": 0.0, "metalMinedCopper": 1.0, "metalMinedTin": 0.0, "metalMinedIron": 0.0, "metalMinedMercuryCinnabar": 0.0, "metalMinedZinc": 0.0, "metalMinedOther": 0.0, "description": null, "references": "Domergue 1990: 61", "techniqueOpencast": 0.0, "techniqueUnderground": 1.0, "techniqueHydraulic": "FALSE", "techniqueHushing": "FALSE", "techniqueGroundSluicing": "FALSE", "techniqueRuinaMontium": 0.0, "techniqueRakeComb": 0.0, "techniqueGoldWashing": 0.0, "techniqueOther": 0.0, "notes": null, "geology": "Pyrite", "depositType": "Primary", "exploitationType": null, "Flag_Au_Oro": 1, "Status_Au_Oro": "Hipotetico", "Flag_Ag_Plata": 0, "Status_Ag_Plata": "No", "Flag_Cu_Cobre": 1, "Status_Cu_Cobre": "Confirmado", "Flag_Pb_Plomo": 0, "Status_Pb_Plomo": "No", "Flag_Hg_Cinabrio": 0, "Status_Hg_Cinabrio": "No", "Flag_Sn_Estano": 0, "Status_Sn_Estano": "No", "Flag_Fe_Hierro": 0, "Status_Fe_Hierro": "No", "Tech_Ruina_Montium": 0, "Tech_Subterranea": 1, "Tech_Cielo_Abierto": 0, "Tech_Lavado_Placer": 0, "Certainty_Spatial": 1.0, "Certainty_Archaeological": 0.9, "Certainty_Metallogenic": 1.0, "Certainty_Score": 0.965, "Certainty_Grade": "Alta Certeza (Grado I)" }, "geometry": { "type": "Point", "coordinates": [ -6.2820794, 37.966594 ] } },
{ "type": "Feature", "properties": { "mineID": 1323, "site": "Tharsis", "ancientName": null, "province": "Hispania Baetica", "country": "Spain", "region": "Huelva", "miningDistrict": "Huelva", "romanianRANID": null, "sanchezPalenciaAndOrejasID": null, "domergueID": "H 12", "spainMapSheet": 959.0, "lambertX": 297.8, "lambertY": 339.1, "latitude": 37.59532133, "longitude": -7.11167808, "coordinateAccuracy": 100.0, "locationDataSource": "Converted in QGIS from Lambert coords, Madrid 1870", "locationNotes": null, "notBeforeOpeningDate": null, "notAfterOpeningDate": null, "notBeforeClosingDate": null, "notAfterClosingDate": null, "inUseDate": null, "metalMinedGold": "?", "metalMinedSilver": 1.0, "metalMinedLead": 0.0, "metalMinedCopper": 1.0, "metalMinedTin": 0.0, "metalMinedIron": 0.0, "metalMinedMercuryCinnabar": 0.0, "metalMinedZinc": 0.0, "metalMinedOther": 0.0, "description": "Extraction started at Tharsis in the Iron Age, circa 2500 BC. The zenith of production was under Trajan but coins which have been found suggest mining could have continued until AD 350. The site has large slag piles and an estimated 4,000,000 tonnes of slag were produced. Other finds include remains of a water wheel with a rope still attached. After the Visigoths invaded the difficulty in draining the mine may have made it unworkable and been the cause of its closure.", "references": "Domergue 1990: 62; Domergue 2004: 87-105.", "techniqueOpencast": 0.0, "techniqueUnderground": 1.0, "techniqueHydraulic": "FALSE", "techniqueHushing": "FALSE", "techniqueGroundSluicing": "FALSE", "techniqueRuinaMontium": 0.0, "techniqueRakeComb": 0.0, "techniqueGoldWashing": 0.0, "techniqueOther": 0.0, "notes": null, "geology": "Pyrite", "depositType": "Primary", "exploitationType": null, "Flag_Au_Oro": 1, "Status_Au_Oro": "Hipotetico", "Flag_Ag_Plata": 1, "Status_Ag_Plata": "Confirmado", "Flag_Cu_Cobre": 1, "Status_Cu_Cobre": "Confirmado", "Flag_Pb_Plomo": 0, "Status_Pb_Plomo": "No", "Flag_Hg_Cinabrio": 0, "Status_Hg_Cinabrio": "No", "Flag_Sn_Estano": 0, "Status_Sn_Estano": "No", "Flag_Fe_Hierro": 0, "Status_Fe_Hierro": "No", "Tech_Ruina_Montium": 0, "Tech_Subterranea": 1, "Tech_Cielo_Abierto": 0, "Tech_Lavado_Placer": 0, "Certainty_Spatial": 1.0, "Certainty_Archaeological": 0.9, "Certainty_Metallogenic": 1.0, "Certainty_Score": 0.965, "Certainty_Grade": "Alta Certeza (Grado I)" }, "geometry": { "type": "Point", "coordinates": [ -7.11167808, 37.59532133 ] } },
{ "type": "Feature", "properties": { "mineID": 1324, "site": "Tinto Santa Rosa", "ancientName": null, "province": "Hispania Baetica", "country": "Spain", "region": "Huelva", "miningDistrict": "Huelva", "romanianRANID": null, "sanchezPalenciaAndOrejasID": null, "domergueID": "H 49", "spainMapSheet": 960.0, "lambertX": 325.4, "lambertY": 342.7, "latitude": 37.63686541, "longitude": -6.80067763, "coordinateAccuracy": 100.0, "locationDataSource": "Converted in QGIS from Lambert coords, Madrid 1870", "locationNotes": null, "notBeforeOpeningDate": null, "notAfterOpeningDate": null, "notBeforeClosingDate": null, "notAfterClosingDate": null, "inUseDate": null, "metalMinedGold": "FALSE", "metalMinedSilver": 0.0, "metalMinedLead": 0.0, "metalMinedCopper": 1.0, "metalMinedTin": 0.0, "metalMinedIron": 0.0, "metalMinedMercuryCinnabar": 0.0, "metalMinedZinc": 0.0, "metalMinedOther": 0.0, "description": null, "references": "Domergue 1990: 62", "techniqueOpencast": null, "techniqueUnderground": null, "techniqueHydraulic": "FALSE", "techniqueHushing": "FALSE", "techniqueGroundSluicing": "FALSE", "techniqueRuinaMontium": 0.0, "techniqueRakeComb": 0.0, "techniqueGoldWashing": 0.0, "techniqueOther": null, "notes": null, "geology": "Pyrite", "depositType": "Primary", "exploitationType": null, "Flag_Au_Oro": 0, "Status_Au_Oro": "No", "Flag_Ag_Plata": 0, "Status_Ag_Plata": "No", "Flag_Cu_Cobre": 1, "Status_Cu_Cobre": "Confirmado", "Flag_Pb_Plomo": 0, "Status_Pb_Plomo": "No", "Flag_Hg_Cinabrio": 0, "Status_Hg_Cinabrio": "No", "Flag_Sn_Estano": 0, "Status_Sn_Estano": "No", "Flag_Fe_Hierro": 0, "Status_Fe_Hierro": "No", "Tech_Ruina_Montium": 0, "Tech_Subterranea": 0, "Tech_Cielo_Abierto": 0, "Tech_Lavado_Placer": 0, "Certainty_Spatial": 1.0, "Certainty_Archaeological": 0.9, "Certainty_Metallogenic": 1.0, "Certainty_Score": 0.965, "Certainty_Grade": "Alta Certeza (Grado I)" }, "geometry": { "type": "Point", "coordinates": [ -6.80067763, 37.63686541 ] } },
{ "type": "Feature", "properties": { "mineID": 1327, "site": "Torril de Medioduro", "ancientName": null, "province": "Hispania Baetica", "country": "Spain", "region": "Córdoba", "miningDistrict": "Los Pedroches", "romanianRANID": null, "sanchezPalenciaAndOrejasID": null, "domergueID": "CO 14", "spainMapSheet": 858.0, "lambertX": 493.2, "lambertY": 422.8, "latitude": 38.39556253, "longitude": -4.91145894, "coordinateAccuracy": 100.0, "locationDataSource": "Converted in QGIS from Lambert coords, Madrid 1870", "locationNotes": null, "notBeforeOpeningDate": null, "notAfterOpeningDate": null, "notBeforeClosingDate": null, "notAfterClosingDate": null, "inUseDate": null, "metalMinedGold": "FALSE", "metalMinedSilver": 0.0, "metalMinedLead": 0.0, "metalMinedCopper": 1.0, "metalMinedTin": 0.0, "metalMinedIron": 0.0, "metalMinedMercuryCinnabar": 0.0, "metalMinedZinc": 0.0, "metalMinedOther": 0.0, "description": null, "references": "Domergue 1990: 47", "techniqueOpencast": 0.0, "techniqueUnderground": 1.0, "techniqueHydraulic": "FALSE", "techniqueHushing": "FALSE", "techniqueGroundSluicing": "FALSE", "techniqueRuinaMontium": 0.0, "techniqueRakeComb": 0.0, "techniqueGoldWashing": 0.0, "techniqueOther": 0.0, "notes": null, "geology": "Hard rock", "depositType": "Primary", "exploitationType": null, "Flag_Au_Oro": 0, "Status_Au_Oro": "No", "Flag_Ag_Plata": 0, "Status_Ag_Plata": "No", "Flag_Cu_Cobre": 1, "Status_Cu_Cobre": "Confirmado", "Flag_Pb_Plomo": 0, "Status_Pb_Plomo": "No", "Flag_Hg_Cinabrio": 0, "Status_Hg_Cinabrio": "No", "Flag_Sn_Estano": 0, "Status_Sn_Estano": "No", "Flag_Fe_Hierro": 0, "Status_Fe_Hierro": "No", "Tech_Ruina_Montium": 0, "Tech_Subterranea": 1, "Tech_Cielo_Abierto": 0, "Tech_Lavado_Placer": 0, "Certainty_Spatial": 1.0, "Certainty_Archaeological": 0.9, "Certainty_Metallogenic": 1.0, "Certainty_Score": 0.965, "Certainty_Grade": "Alta Certeza (Grado I)" }, "geometry": { "type": "Point", "coordinates": [ -4.91145894, 38.39556253 ] } },
{ "type": "Feature", "properties": { "mineID": 1329, "site": "Tres Puentes", "ancientName": null, "province": "Hispania Baetica", "country": "Spain", "region": "Córdoba", "miningDistrict": "Córdoba", "romanianRANID": null, "sanchezPalenciaAndOrejasID": null, "domergueID": "CO 117", "spainMapSheet": 902.0, "lambertX": 501.6, "lambertY": 379.7, "latitude": 38.00802774, "longitude": -4.80902784, "coordinateAccuracy": 100.0, "locationDataSource": "Converted in QGIS from Lambert coords, Madrid 1870", "locationNotes": null, "notBeforeOpeningDate": null, "notAfterOpeningDate": null, "notBeforeClosingDate": null, "notAfterClosingDate": null, "inUseDate": null, "metalMinedGold": "FALSE", "metalMinedSilver": 0.0, "metalMinedLead": 0.0, "metalMinedCopper": 1.0, "metalMinedTin": 0.0, "metalMinedIron": 0.0, "metalMinedMercuryCinnabar": 0.0, "metalMinedZinc": 0.0, "metalMinedOther": 0.0, "description": null, "references": "Domergue 1990: 47", "techniqueOpencast": null, "techniqueUnderground": null, "techniqueHydraulic": "FALSE", "techniqueHushing": "FALSE", "techniqueGroundSluicing": "FALSE", "techniqueRuinaMontium": 0.0, "techniqueRakeComb": 0.0, "techniqueGoldWashing": 0.0, "techniqueOther": null, "notes": null, "geology": "Hard rock", "depositType": null, "exploitationType": null, "Flag_Au_Oro": 0, "Status_Au_Oro": "No", "Flag_Ag_Plata": 0, "Status_Ag_Plata": "No", "Flag_Cu_Cobre": 1, "Status_Cu_Cobre": "Confirmado", "Flag_Pb_Plomo": 0, "Status_Pb_Plomo": "No", "Flag_Hg_Cinabrio": 0, "Status_Hg_Cinabrio": "No", "Flag_Sn_Estano": 0, "Status_Sn_Estano": "No", "Flag_Fe_Hierro": 0, "Status_Fe_Hierro": "No", "Tech_Ruina_Montium": 0, "Tech_Subterranea": 0, "Tech_Cielo_Abierto": 0, "Tech_Lavado_Placer": 0, "Certainty_Spatial": 1.0, "Certainty_Archaeological": 0.9, "Certainty_Metallogenic": 1.0, "Certainty_Score": 0.965, "Certainty_Grade": "Alta Certeza (Grado I)" }, "geometry": { "type": "Point", "coordinates": [ -4.80902784, 38.00802774 ] } },
{ "type": "Feature", "properties": { "mineID": 1331, "site": "Trinidad", "ancientName": null, "province": "Hispania Baetica", "country": "Spain", "region": "Huelva", "miningDistrict": "Huelva", "romanianRANID": null, "sanchezPalenciaAndOrejasID": null, "domergueID": "H 33", "spainMapSheet": 983.0, "lambertX": 362.6, "lambertY": 325.6, "latitude": 37.4937306, "longitude": -6.37343315, "coordinateAccuracy": 100.0, "locationDataSource": "Converted in QGIS from Lambert coords, Madrid 1870", "locationNotes": null, "notBeforeOpeningDate": null, "notAfterOpeningDate": null, "notBeforeClosingDate": null, "notAfterClosingDate": null, "inUseDate": null, "metalMinedGold": "FALSE", "metalMinedSilver": 0.0, "metalMinedLead": 0.0, "metalMinedCopper": 1.0, "metalMinedTin": 0.0, "metalMinedIron": 0.0, "metalMinedMercuryCinnabar": 0.0, "metalMinedZinc": 0.0, "metalMinedOther": 0.0, "description": null, "references": "Domergue 1990: 61", "techniqueOpencast": null, "techniqueUnderground": null, "techniqueHydraulic": "FALSE", "techniqueHushing": "FALSE", "techniqueGroundSluicing": "FALSE", "techniqueRuinaMontium": 0.0, "techniqueRakeComb": 0.0, "techniqueGoldWashing": 0.0, "techniqueOther": null, "notes": null, "geology": "Pyrite", "depositType": "Primary", "exploitationType": null, "Flag_Au_Oro": 0, "Status_Au_Oro": "No", "Flag_Ag_Plata": 0, "Status_Ag_Plata": "No", "Flag_Cu_Cobre": 1, "Status_Cu_Cobre": "Confirmado", "Flag_Pb_Plomo": 0, "Status_Pb_Plomo": "No", "Flag_Hg_Cinabrio": 0, "Status_Hg_Cinabrio": "No", "Flag_Sn_Estano": 0, "Status_Sn_Estano": "No", "Flag_Fe_Hierro": 0, "Status_Fe_Hierro": "No", "Tech_Ruina_Montium": 0, "Tech_Subterranea": 0, "Tech_Cielo_Abierto": 0, "Tech_Lavado_Placer": 0, "Certainty_Spatial": 1.0, "Certainty_Archaeological": 0.9, "Certainty_Metallogenic": 1.0, "Certainty_Score": 0.965, "Certainty_Grade": "Alta Certeza (Grado I)" }, "geometry": { "type": "Point", "coordinates": [ -6.37343315, 37.4937306 ] } },
{ "type": "Feature", "properties": { "mineID": 1337, "site": "Urbiola", "ancientName": null, "province": "Hispania Tarraconensis", "country": "Spain", "region": "Navarra", "miningDistrict": null, "romanianRANID": null, "sanchezPalenciaAndOrejasID": null, "domergueID": "NA 1", "spainMapSheet": 172.0, "lambertX": 728.6, "lambertY": 892.0, "latitude": 42.62123865, "longitude": -2.120186574, "coordinateAccuracy": 100.0, "locationDataSource": "Converted in QGIS from Lambert coords, Madrid 1870", "locationNotes": null, "notBeforeOpeningDate": null, "notAfterOpeningDate": null, "notBeforeClosingDate": null, "notAfterClosingDate": null, "inUseDate": null, "metalMinedGold": "FALSE", "metalMinedSilver": 0.0, "metalMinedLead": 0.0, "metalMinedCopper": 1.0, "metalMinedTin": 0.0, "metalMinedIron": 0.0, "metalMinedMercuryCinnabar": 0.0, "metalMinedZinc": 0.0, "metalMinedOther": 0.0, "description": null, "references": "Domergue 1990: 64", "techniqueOpencast": null, "techniqueUnderground": null, "techniqueHydraulic": "FALSE", "techniqueHushing": "FALSE", "techniqueGroundSluicing": "FALSE", "techniqueRuinaMontium": 0.0, "techniqueRakeComb": 0.0, "techniqueGoldWashing": 0.0, "techniqueOther": null, "notes": null, "geology": null, "depositType": null, "exploitationType": null, "Flag_Au_Oro": 0, "Status_Au_Oro": "No", "Flag_Ag_Plata": 0, "Status_Ag_Plata": "No", "Flag_Cu_Cobre": 1, "Status_Cu_Cobre": "Confirmado", "Flag_Pb_Plomo": 0, "Status_Pb_Plomo": "No", "Flag_Hg_Cinabrio": 0, "Status_Hg_Cinabrio": "No", "Flag_Sn_Estano": 0, "Status_Sn_Estano": "No", "Flag_Fe_Hierro": 0, "Status_Fe_Hierro": "No", "Tech_Ruina_Montium": 0, "Tech_Subterranea": 0, "Tech_Cielo_Abierto": 0, "Tech_Lavado_Placer": 0, "Certainty_Spatial": 1.0, "Certainty_Archaeological": 0.9, "Certainty_Metallogenic": 1.0, "Certainty_Score": 0.965, "Certainty_Grade": "Alta Certeza (Grado I)" }, "geometry": { "type": "Point", "coordinates": [ -2.120186574, 42.62123865 ] } },
{ "type": "Feature", "properties": { "mineID": 1377, "site": "Valquemado", "ancientName": null, "province": "Hispania Baetica", "country": "Spain", "region": "Jaén", "miningDistrict": "Montoro Andújar", "romanianRANID": null, "sanchezPalenciaAndOrejasID": null, "domergueID": "J 1", "spainMapSheet": 883.0, "lambertX": 556.4, "lambertY": 403.7, "latitude": 38.22887108, "longitude": -4.18623123, "coordinateAccuracy": 100.0, "locationDataSource": "Converted in QGIS from Lambert coords, Madrid 1870", "locationNotes": null, "notBeforeOpeningDate": null, "notAfterOpeningDate": null, "notBeforeClosingDate": null, "notAfterClosingDate": null, "inUseDate": null, "metalMinedGold": "FALSE", "metalMinedSilver": 0.0, "metalMinedLead": 0.0, "metalMinedCopper": 1.0, "metalMinedTin": 0.0, "metalMinedIron": 0.0, "metalMinedMercuryCinnabar": 0.0, "metalMinedZinc": 0.0, "metalMinedOther": 0.0, "description": null, "references": "Domergue 1990: 47", "techniqueOpencast": 0.0, "techniqueUnderground": 1.0, "techniqueHydraulic": "FALSE", "techniqueHushing": "FALSE", "techniqueGroundSluicing": "FALSE", "techniqueRuinaMontium": 0.0, "techniqueRakeComb": 0.0, "techniqueGoldWashing": 0.0, "techniqueOther": 0.0, "notes": null, "geology": "Hard rock", "depositType": null, "exploitationType": null, "Flag_Au_Oro": 0, "Status_Au_Oro": "No", "Flag_Ag_Plata": 0, "Status_Ag_Plata": "No", "Flag_Cu_Cobre": 1, "Status_Cu_Cobre": "Confirmado", "Flag_Pb_Plomo": 0, "Status_Pb_Plomo": "No", "Flag_Hg_Cinabrio": 0, "Status_Hg_Cinabrio": "No", "Flag_Sn_Estano": 0, "Status_Sn_Estano": "No", "Flag_Fe_Hierro": 0, "Status_Fe_Hierro": "No", "Tech_Ruina_Montium": 0, "Tech_Subterranea": 1, "Tech_Cielo_Abierto": 0, "Tech_Lavado_Placer": 0, "Certainty_Spatial": 1.0, "Certainty_Archaeological": 0.9, "Certainty_Metallogenic": 1.0, "Certainty_Score": 0.965, "Certainty_Grade": "Alta Certeza (Grado I)" }, "geometry": { "type": "Point", "coordinates": [ -4.18623123, 38.22887108 ] } },
{ "type": "Feature", "properties": { "mineID": 1394, "site": "Vicaria", "ancientName": null, "province": "Hispania Baetica", "country": "Spain", "region": "Badajoz", "miningDistrict": "Huelva", "romanianRANID": null, "sanchezPalenciaAndOrejasID": null, "domergueID": "BA 31", "spainMapSheet": 897.0, "lambertX": 367.0, "lambertY": 383.0, "latitude": 38.01206989, "longitude": -6.34302469, "coordinateAccuracy": 100.0, "locationDataSource": "Converted in QGIS from Lambert coords, Madrid 1870", "locationNotes": null, "notBeforeOpeningDate": null, "notAfterOpeningDate": null, "notBeforeClosingDate": null, "notAfterClosingDate": null, "inUseDate": null, "metalMinedGold": "FALSE", "metalMinedSilver": 0.0, "metalMinedLead": 0.0, "metalMinedCopper": 1.0, "metalMinedTin": 0.0, "metalMinedIron": 0.0, "metalMinedMercuryCinnabar": 0.0, "metalMinedZinc": 0.0, "metalMinedOther": 0.0, "description": null, "references": "Domergue 1990: 61", "techniqueOpencast": 0.0, "techniqueUnderground": 1.0, "techniqueHydraulic": "FALSE", "techniqueHushing": "FALSE", "techniqueGroundSluicing": "FALSE", "techniqueRuinaMontium": 0.0, "techniqueRakeComb": 0.0, "techniqueGoldWashing": 0.0, "techniqueOther": 0.0, "notes": null, "geology": "Hard rock", "depositType": "Primary", "exploitationType": null, "Flag_Au_Oro": 0, "Status_Au_Oro": "No", "Flag_Ag_Plata": 0, "Status_Ag_Plata": "No", "Flag_Cu_Cobre": 1, "Status_Cu_Cobre": "Confirmado", "Flag_Pb_Plomo": 0, "Status_Pb_Plomo": "No", "Flag_Hg_Cinabrio": 0, "Status_Hg_Cinabrio": "No", "Flag_Sn_Estano": 0, "Status_Sn_Estano": "No", "Flag_Fe_Hierro": 0, "Status_Fe_Hierro": "No", "Tech_Ruina_Montium": 0, "Tech_Subterranea": 1, "Tech_Cielo_Abierto": 0, "Tech_Lavado_Placer": 0, "Certainty_Spatial": 1.0, "Certainty_Archaeological": 0.9, "Certainty_Metallogenic": 1.0, "Certainty_Score": 0.965, "Certainty_Grade": "Alta Certeza (Grado I)" }, "geometry": { "type": "Point", "coordinates": [ -6.34302469, 38.01206989 ] } },
{ "type": "Feature", "properties": { "mineID": 1416, "site": "Vuelta Falsa", "ancientName": null, "province": "Hispania Baetica", "country": "Spain", "region": "Huelva", "miningDistrict": "Huelva", "romanianRANID": null, "sanchezPalenciaAndOrejasID": null, "domergueID": "H 38", "spainMapSheet": 936.0, "lambertX": 269.9, "lambertY": 351.95, "latitude": 37.7009372, "longitude": -7.43352605, "coordinateAccuracy": 100.0, "locationDataSource": "Converted in QGIS from Lambert coords, Madrid 1870", "locationNotes": null, "notBeforeOpeningDate": null, "notAfterOpeningDate": null, "notBeforeClosingDate": null, "notAfterClosingDate": null, "inUseDate": null, "metalMinedGold": "FALSE", "metalMinedSilver": 0.0, "metalMinedLead": 0.0, "metalMinedCopper": 1.0, "metalMinedTin": 0.0, "metalMinedIron": 0.0, "metalMinedMercuryCinnabar": 0.0, "metalMinedZinc": 0.0, "metalMinedOther": 0.0, "description": null, "references": "Domergue 1990: 62", "techniqueOpencast": null, "techniqueUnderground": null, "techniqueHydraulic": "FALSE", "techniqueHushing": "FALSE", "techniqueGroundSluicing": "FALSE", "techniqueRuinaMontium": 0.0, "techniqueRakeComb": 0.0, "techniqueGoldWashing": 0.0, "techniqueOther": null, "notes": null, "geology": "Pyrite", "depositType": "Primary", "exploitationType": null, "Flag_Au_Oro": 0, "Status_Au_Oro": "No", "Flag_Ag_Plata": 0, "Status_Ag_Plata": "No", "Flag_Cu_Cobre": 1, "Status_Cu_Cobre": "Confirmado", "Flag_Pb_Plomo": 0, "Status_Pb_Plomo": "No", "Flag_Hg_Cinabrio": 0, "Status_Hg_Cinabrio": "No", "Flag_Sn_Estano": 0, "Status_Sn_Estano": "No", "Flag_Fe_Hierro": 0, "Status_Fe_Hierro": "No", "Tech_Ruina_Montium": 0, "Tech_Subterranea": 0, "Tech_Cielo_Abierto": 0, "Tech_Lavado_Placer": 0, "Certainty_Spatial": 1.0, "Certainty_Archaeological": 0.9, "Certainty_Metallogenic": 1.0, "Certainty_Score": 0.965, "Certainty_Grade": "Alta Certeza (Grado I)" }, "geometry": { "type": "Point", "coordinates": [ -7.43352605, 37.7009372 ] } },
{ "type": "Feature", "properties": { "mineID": 1417, "site": "Vulcano (Huelva)", "ancientName": null, "province": "Hispania Baetica", "country": "Spain", "region": "Huelva", "miningDistrict": "Huelva", "romanianRANID": null, "sanchezPalenciaAndOrejasID": null, "domergueID": "H 13", "spainMapSheet": 959.0, "lambertX": 297.5, "lambertY": 337.4, "latitude": 37.57990684, "longitude": -7.11433356, "coordinateAccuracy": 100.0, "locationDataSource": "Converted in QGIS from Lambert coords, Madrid 1870", "locationNotes": null, "notBeforeOpeningDate": null, "notAfterOpeningDate": null, "notBeforeClosingDate": null, "notAfterClosingDate": null, "inUseDate": null, "metalMinedGold": "FALSE", "metalMinedSilver": 0.0, "metalMinedLead": 0.0, "metalMinedCopper": 1.0, "metalMinedTin": 0.0, "metalMinedIron": 0.0, "metalMinedMercuryCinnabar": 0.0, "metalMinedZinc": 0.0, "metalMinedOther": 0.0, "description": null, "references": "Domergue 1990: 62", "techniqueOpencast": 0.0, "techniqueUnderground": 1.0, "techniqueHydraulic": "FALSE", "techniqueHushing": "FALSE", "techniqueGroundSluicing": "FALSE", "techniqueRuinaMontium": 0.0, "techniqueRakeComb": 0.0, "techniqueGoldWashing": 0.0, "techniqueOther": 0.0, "notes": null, "geology": "Pyrite", "depositType": "Primary", "exploitationType": null, "Flag_Au_Oro": 0, "Status_Au_Oro": "No", "Flag_Ag_Plata": 0, "Status_Ag_Plata": "No", "Flag_Cu_Cobre": 1, "Status_Cu_Cobre": "Confirmado", "Flag_Pb_Plomo": 0, "Status_Pb_Plomo": "No", "Flag_Hg_Cinabrio": 0, "Status_Hg_Cinabrio": "No", "Flag_Sn_Estano": 0, "Status_Sn_Estano": "No", "Flag_Fe_Hierro": 0, "Status_Fe_Hierro": "No", "Tech_Ruina_Montium": 0, "Tech_Subterranea": 1, "Tech_Cielo_Abierto": 0, "Tech_Lavado_Placer": 0, "Certainty_Spatial": 1.0, "Certainty_Archaeological": 0.9, "Certainty_Metallogenic": 1.0, "Certainty_Score": 0.965, "Certainty_Grade": "Alta Certeza (Grado I)" }, "geometry": { "type": "Point", "coordinates": [ -7.11433356, 37.57990684 ] } },
{ "type": "Feature", "properties": { "mineID": 1437, "site": "Munigua", "ancientName": null, "province": "Hispania Baetica", "country": "Spain", "region": null, "miningDistrict": null, "romanianRANID": null, "sanchezPalenciaAndOrejasID": null, "domergueID": null, "spainMapSheet": null, "lambertX": null, "lambertY": null, "latitude": 37.71323, "longitude": -5.740789, "coordinateAccuracy": 1000.0, "locationDataSource": "Google Earth (site of ancient town)", "locationNotes": null, "notBeforeOpeningDate": null, "notAfterOpeningDate": null, "notBeforeClosingDate": null, "notAfterClosingDate": null, "inUseDate": "4th c. BC to 2nd/3rd c. AD (?)", "metalMinedGold": "FALSE", "metalMinedSilver": 0.0, "metalMinedLead": 0.0, "metalMinedCopper": 1.0, "metalMinedTin": 0.0, "metalMinedIron": 1.0, "metalMinedMercuryCinnabar": 0.0, "metalMinedZinc": 0.0, "metalMinedOther": 0.0, "description": null, "references": "Thomas G. Schattner, various articles; http://www.haaretz.com/archaeology/1.774629", "techniqueOpencast": 0.0, "techniqueUnderground": 1.0, "techniqueHydraulic": "FALSE", "techniqueHushing": "FALSE", "techniqueGroundSluicing": "FALSE", "techniqueRuinaMontium": 0.0, "techniqueRakeComb": 0.0, "techniqueGoldWashing": 0.0, "techniqueOther": 0.0, "notes": null, "geology": null, "depositType": null, "exploitationType": null, "Flag_Au_Oro": 0, "Status_Au_Oro": "No", "Flag_Ag_Plata": 0, "Status_Ag_Plata": "No", "Flag_Cu_Cobre": 1, "Status_Cu_Cobre": "Confirmado", "Flag_Pb_Plomo": 0, "Status_Pb_Plomo": "No", "Flag_Hg_Cinabrio": 0, "Status_Hg_Cinabrio": "No", "Flag_Sn_Estano": 0, "Status_Sn_Estano": "No", "Flag_Fe_Hierro": 1, "Status_Fe_Hierro": "Confirmado", "Tech_Ruina_Montium": 0, "Tech_Subterranea": 1, "Tech_Cielo_Abierto": 0, "Tech_Lavado_Placer": 0, "Certainty_Spatial": 0.7, "Certainty_Archaeological": 0.75, "Certainty_Metallogenic": 1.0, "Certainty_Score": 0.7925, "Certainty_Grade": "Media Certeza (Grado II)" }, "geometry": { "type": "Point", "coordinates": [ -5.740789, 37.71323 ] } }
]
}
