{
"type": "FeatureCollection",
"name": "OxREP_Hispania_Tecnica_Subterranea",
"crs": { "type": "name", "properties": { "name": "urn:ogc:def:crs:OGC:1.3:CRS84" } },
"features": [
{ "type": "Feature", "properties": { "mineID": 1, "site": "Aljustrel", "ancientName": "Vipasca", "province": "Lusitania", "country": "Portugal", "region": "Beja", "miningDistrict": "Alentejo", "romanianRANID": null, "sanchezPalenciaAndOrejasID": null, "domergueID": "POR 2", "spainMapSheet": 538.0, "lambertX": 197.6, "lambertY": 99.6, "latitude": 37.880874, "longitude": -8.175981, "coordinateAccuracy": 1000.0, "locationDataSource": "Google Earth", "locationNotes": null, "notBeforeOpeningDate": null, "notAfterOpeningDate": null, "notBeforeClosingDate": null, "notAfterClosingDate": null, "inUseDate": null, "metalMinedGold": "?", "metalMinedSilver": 1.0, "metalMinedLead": 0.0, "metalMinedCopper": 1.0, "metalMinedTin": 0.0, "metalMinedIron": 1.0, "metalMinedMercuryCinnabar": 0.0, "metalMinedZinc": 0.0, "metalMinedOther": 0.0, "description": "A copper mining district with also extraction of silver, iron, and perhaps gold. Two bronze tablets were found here detailing the laws and regulations as well as the imperial administration's role in managing the town, granting leases, and overseeing the mining works.", "references": "Domergue 1983: 5-193; Domergue 1990: 62", "techniqueOpencast": 0.0, "techniqueUnderground": 1.0, "techniqueHydraulic": "FALSE", "techniqueHushing": "FALSE", "techniqueGroundSluicing": "FALSE", "techniqueRuinaMontium": 0.0, "techniqueRakeComb": 0.0, "techniqueGoldWashing": 0.0, "techniqueOther": 0.0, "notes": null, "geology": "Pyrite", "depositType": null, "exploitationType": null, "Flag_Au_Oro": 1, "Status_Au_Oro": "Hipotetico", "Flag_Ag_Plata": 1, "Status_Ag_Plata": "Confirmado", "Flag_Cu_Cobre": 1, "Status_Cu_Cobre": "Confirmado", "Flag_Pb_Plomo": 0, "Status_Pb_Plomo": "No", "Flag_Hg_Cinabrio": 0, "Status_Hg_Cinabrio": "No", "Flag_Sn_Estano": 0, "Status_Sn_Estano": "No", "Flag_Fe_Hierro": 1, "Status_Fe_Hierro": "Confirmado", "Tech_Ruina_Montium": 0, "Tech_Subterranea": 1, "Tech_Cielo_Abierto": 0, "Tech_Lavado_Placer": 0, "Certainty_Spatial": 0.7, "Certainty_Archaeological": 0.9, "Certainty_Metallogenic": 1.0, "Certainty_Score": 0.845, "Certainty_Grade": "Alta Certeza (Grado I)" }, "geometry": { "type": "Point", "coordinates": [ -8.175981, 37.880874 ] } },
{ "type": "Feature", "properties": { "mineID": 5, "site": "Brancanes", "ancientName": null, "province": "Lusitania", "country": "Portugal", "region": "Beja", "miningDistrict": "Alentejo", "romanianRANID": null, "sanchezPalenciaAndOrejasID": null, "domergueID": "POR 3", "spainMapSheet": 564.0, "lambertX": 210.3, "lambertY": 65.7, "latitude": 37.55756281, "longitude": -8.016500588, "coordinateAccuracy": null, "locationDataSource": null, "locationNotes": null, "notBeforeOpeningDate": null, "notAfterOpeningDate": null, "notBeforeClosingDate": null, "notAfterClosingDate": null, "inUseDate": null, "metalMinedGold": "FALSE", "metalMinedSilver": 0.0, "metalMinedLead": 0.0, "metalMinedCopper": 1.0, "metalMinedTin": 0.0, "metalMinedIron": 0.0, "metalMinedMercuryCinnabar": 0.0, "metalMinedZinc": 0.0, "metalMinedOther": 0.0, "description": null, "references": "Domergue 1990: 62", "techniqueOpencast": 0.0, "techniqueUnderground": 1.0, "techniqueHydraulic": "FALSE", "techniqueHushing": "FALSE", "techniqueGroundSluicing": "FALSE", "techniqueRuinaMontium": 0.0, "techniqueRakeComb": 0.0, "techniqueGoldWashing": 0.0, "techniqueOther": 0.0, "notes": null, "geology": "Hard rock", "depositType": null, "exploitationType": null, "Flag_Au_Oro": 0, "Status_Au_Oro": "No", "Flag_Ag_Plata": 0, "Status_Ag_Plata": "No", "Flag_Cu_Cobre": 1, "Status_Cu_Cobre": "Confirmado", "Flag_Pb_Plomo": 0, "Status_Pb_Plomo": "No", "Flag_Hg_Cinabrio": 0, "Status_Hg_Cinabrio": "No", "Flag_Sn_Estano": 0, "Status_Sn_Estano": "No", "Flag_Fe_Hierro": 0, "Status_Fe_Hierro": "No", "Tech_Ruina_Montium": 0, "Tech_Subterranea": 1, "Tech_Cielo_Abierto": 0, "Tech_Lavado_Placer": 0, "Certainty_Spatial": 0.5, "Certainty_Archaeological": 0.9, "Certainty_Metallogenic": 1.0, "Certainty_Score": 0.765, "Certainty_Grade": "Media Certeza (Grado II)" }, "geometry": { "type": "Point", "coordinates": [ -8.016500588, 37.55756281 ] } },
{ "type": "Feature", "properties": { "mineID": 6, "site": "Buraco dos Mouros de Urros", "ancientName": null, "province": "Hispania Tarraconensis", "country": "Portugal", "region": "Northern Portugal", "miningDistrict": "Northern Portugal", "romanianRANID": null, "sanchezPalenciaAndOrejasID": "NP-17", "domergueID": null, "spainMapSheet": null, "lambertX": null, "lambertY": null, "latitude": 41.07721, "longitude": -7.040592, "coordinateAccuracy": 50.0, "locationDataSource": "http://www.cm-moncorvo.pt/o-que-visitar/patrimonio/geologico/buraco-dos-mouros-de-urros", "locationNotes": null, "notBeforeOpeningDate": null, "notAfterOpeningDate": null, "notBeforeClosingDate": null, "notAfterClosingDate": null, "inUseDate": null, "metalMinedGold": "TRUE", "metalMinedSilver": 0.0, "metalMinedLead": 0.0, "metalMinedCopper": 0.0, "metalMinedTin": 0.0, "metalMinedIron": 0.0, "metalMinedMercuryCinnabar": 0.0, "metalMinedZinc": 0.0, "metalMinedOther": 0.0, "description": null, "references": "Sanchez-Palencia and Orejas 1994, 199", "techniqueOpencast": 0.0, "techniqueUnderground": 1.0, "techniqueHydraulic": "FALSE", "techniqueHushing": "FALSE", "techniqueGroundSluicing": "FALSE", "techniqueRuinaMontium": 0.0, "techniqueRakeComb": 0.0, "techniqueGoldWashing": 0.0, "techniqueOther": 0.0, "notes": null, "geology": null, "depositType": "Primary", "exploitationType": "Extensive", "Flag_Au_Oro": 1, "Status_Au_Oro": "Confirmado", "Flag_Ag_Plata": 0, "Status_Ag_Plata": "No", "Flag_Cu_Cobre": 0, "Status_Cu_Cobre": "No", "Flag_Pb_Plomo": 0, "Status_Pb_Plomo": "No", "Flag_Hg_Cinabrio": 0, "Status_Hg_Cinabrio": "No", "Flag_Sn_Estano": 0, "Status_Sn_Estano": "No", "Flag_Fe_Hierro": 0, "Status_Fe_Hierro": "No", "Tech_Ruina_Montium": 0, "Tech_Subterranea": 1, "Tech_Cielo_Abierto": 0, "Tech_Lavado_Placer": 0, "Certainty_Spatial": 1.0, "Certainty_Archaeological": 0.9, "Certainty_Metallogenic": 1.0, "Certainty_Score": 0.965, "Certainty_Grade": "Alta Certeza (Grado I)" }, "geometry": { "type": "Point", "coordinates": [ -7.040592, 41.07721 ] } },
{ "type": "Feature", "properties": { "mineID": 9, "site": "Cerro da Mina", "ancientName": null, "province": "Lusitania", "country": "Portugal", "region": "Faro", "miningDistrict": "Algarve", "romanianRANID": null, "sanchezPalenciaAndOrejasID": null, "domergueID": "POR 23", "spainMapSheet": 574.0, "lambertX": 233.4, "lambertY": 53.6, "latitude": 37.44799935, "longitude": -7.755615659, "coordinateAccuracy": null, "locationDataSource": null, "locationNotes": null, "notBeforeOpeningDate": null, "notAfterOpeningDate": null, "notBeforeClosingDate": null, "notAfterClosingDate": null, "inUseDate": null, "metalMinedGold": "FALSE", "metalMinedSilver": 0.0, "metalMinedLead": 0.0, "metalMinedCopper": 1.0, "metalMinedTin": 0.0, "metalMinedIron": 0.0, "metalMinedMercuryCinnabar": 0.0, "metalMinedZinc": 0.0, "metalMinedOther": 0.0, "description": null, "references": "Domergue 1990: 62", "techniqueOpencast": 0.0, "techniqueUnderground": 1.0, "techniqueHydraulic": "FALSE", "techniqueHushing": "FALSE", "techniqueGroundSluicing": "FALSE", "techniqueRuinaMontium": 0.0, "techniqueRakeComb": 0.0, "techniqueGoldWashing": 0.0, "techniqueOther": 0.0, "notes": null, "geology": null, "depositType": null, "exploitationType": null, "Flag_Au_Oro": 0, "Status_Au_Oro": "No", "Flag_Ag_Plata": 0, "Status_Ag_Plata": "No", "Flag_Cu_Cobre": 1, "Status_Cu_Cobre": "Confirmado", "Flag_Pb_Plomo": 0, "Status_Pb_Plomo": "No", "Flag_Hg_Cinabrio": 0, "Status_Hg_Cinabrio": "No", "Flag_Sn_Estano": 0, "Status_Sn_Estano": "No", "Flag_Fe_Hierro": 0, "Status_Fe_Hierro": "No", "Tech_Ruina_Montium": 0, "Tech_Subterranea": 1, "Tech_Cielo_Abierto": 0, "Tech_Lavado_Placer": 0, "Certainty_Spatial": 0.5, "Certainty_Archaeological": 0.9, "Certainty_Metallogenic": 1.0, "Certainty_Score": 0.765, "Certainty_Grade": "Media Certeza (Grado II)" }, "geometry": { "type": "Point", "coordinates": [ -7.755615659, 37.44799935 ] } },
{ "type": "Feature", "properties": { "mineID": 25, "site": "Jales", "ancientName": null, "province": "Hispania Tarraconensis", "country": "Portugal", "region": "Vila Real", "miningDistrict": "Trás-os-montes", "romanianRANID": null, "sanchezPalenciaAndOrejasID": "NP-08", "domergueID": "POR 44", "spainMapSheet": 88.0, "lambertX": 245.6, "lambertY": 499.7, "latitude": 41.46531351, "longitude": -7.587303241, "coordinateAccuracy": null, "locationDataSource": null, "locationNotes": null, "notBeforeOpeningDate": null, "notAfterOpeningDate": null, "notBeforeClosingDate": null, "notAfterClosingDate": null, "inUseDate": null, "metalMinedGold": "TRUE", "metalMinedSilver": 1.0, "metalMinedLead": 0.0, "metalMinedCopper": 0.0, "metalMinedTin": 0.0, "metalMinedIron": 0.0, "metalMinedMercuryCinnabar": 0.0, "metalMinedZinc": 0.0, "metalMinedOther": 0.0, "description": null, "references": "Domergue 1990: 41; Sanchez-Palencia and Orejas 1994, 198", "techniqueOpencast": 0.0, "techniqueUnderground": 1.0, "techniqueHydraulic": "FALSE", "techniqueHushing": "FALSE", "techniqueGroundSluicing": "FALSE", "techniqueRuinaMontium": 0.0, "techniqueRakeComb": 0.0, "techniqueGoldWashing": 0.0, "techniqueOther": 0.0, "notes": null, "geology": "Hard rock", "depositType": "Primary", "exploitationType": "Selective - Extensive", "Flag_Au_Oro": 1, "Status_Au_Oro": "Confirmado", "Flag_Ag_Plata": 1, "Status_Ag_Plata": "Confirmado", "Flag_Cu_Cobre": 0, "Status_Cu_Cobre": "No", "Flag_Pb_Plomo": 0, "Status_Pb_Plomo": "No", "Flag_Hg_Cinabrio": 0, "Status_Hg_Cinabrio": "No", "Flag_Sn_Estano": 0, "Status_Sn_Estano": "No", "Flag_Fe_Hierro": 0, "Status_Fe_Hierro": "No", "Tech_Ruina_Montium": 0, "Tech_Subterranea": 1, "Tech_Cielo_Abierto": 0, "Tech_Lavado_Placer": 0, "Certainty_Spatial": 0.5, "Certainty_Archaeological": 1.0, "Certainty_Metallogenic": 1.0, "Certainty_Score": 0.8, "Certainty_Grade": "Alta Certeza (Grado I)" }, "geometry": { "type": "Point", "coordinates": [ -7.587303241, 41.46531351 ] } },
{ "type": "Feature", "properties": { "mineID": 26, "site": "Juliana", "ancientName": null, "province": "Lusitania", "country": "Portugal", "region": "Beja", "miningDistrict": "Alentejo", "romanianRANID": null, "sanchezPalenciaAndOrejasID": null, "domergueID": "POR 6", "spainMapSheet": 530.0, "lambertX": 207.7, "lambertY": 104.5, "latitude": 37.90716138, "longitude": -8.045521077, "coordinateAccuracy": null, "locationDataSource": null, "locationNotes": null, "notBeforeOpeningDate": null, "notAfterOpeningDate": null, "notBeforeClosingDate": null, "notAfterClosingDate": null, "inUseDate": null, "metalMinedGold": "FALSE", "metalMinedSilver": 0.0, "metalMinedLead": 0.0, "metalMinedCopper": 1.0, "metalMinedTin": 0.0, "metalMinedIron": 0.0, "metalMinedMercuryCinnabar": 0.0, "metalMinedZinc": 0.0, "metalMinedOther": 0.0, "description": null, "references": "Domergue 1990: 62", "techniqueOpencast": 0.0, "techniqueUnderground": 1.0, "techniqueHydraulic": "FALSE", "techniqueHushing": "FALSE", "techniqueGroundSluicing": "FALSE", "techniqueRuinaMontium": 0.0, "techniqueRakeComb": 0.0, "techniqueGoldWashing": 0.0, "techniqueOther": 0.0, "notes": null, "geology": "Hard rock", "depositType": null, "exploitationType": null, "Flag_Au_Oro": 0, "Status_Au_Oro": "No", "Flag_Ag_Plata": 0, "Status_Ag_Plata": "No", "Flag_Cu_Cobre": 1, "Status_Cu_Cobre": "Confirmado", "Flag_Pb_Plomo": 0, "Status_Pb_Plomo": "No", "Flag_Hg_Cinabrio": 0, "Status_Hg_Cinabrio": "No", "Flag_Sn_Estano": 0, "Status_Sn_Estano": "No", "Flag_Fe_Hierro": 0, "Status_Fe_Hierro": "No", "Tech_Ruina_Montium": 0, "Tech_Subterranea": 1, "Tech_Cielo_Abierto": 0, "Tech_Lavado_Placer": 0, "Certainty_Spatial": 0.5, "Certainty_Archaeological": 0.9, "Certainty_Metallogenic": 1.0, "Certainty_Score": 0.765, "Certainty_Grade": "Media Certeza (Grado II)" }, "geometry": { "type": "Point", "coordinates": [ -8.045521077, 37.90716138 ] } },
{ "type": "Feature", "properties": { "mineID": 29, "site": "Malhada", "ancientName": null, "province": "Hispania Tarraconensis", "country": "Portugal", "region": "Aveiro", "miningDistrict": "Beiras", "romanianRANID": null, "sanchezPalenciaAndOrejasID": null, "domergueID": "POR 1", "spainMapSheet": 175.0, "lambertX": 177.4, "lambertY": 419.2, "latitude": 40.74143642, "longitude": -8.400695101, "coordinateAccuracy": null, "locationDataSource": null, "locationNotes": null, "notBeforeOpeningDate": null, "notAfterOpeningDate": null, "notBeforeClosingDate": null, "notAfterClosingDate": null, "inUseDate": null, "metalMinedGold": "FALSE", "metalMinedSilver": 1.0, "metalMinedLead": 1.0, "metalMinedCopper": 0.0, "metalMinedTin": 0.0, "metalMinedIron": 0.0, "metalMinedMercuryCinnabar": 0.0, "metalMinedZinc": 0.0, "metalMinedOther": 0.0, "description": null, "references": "Domergue 1990: 42", "techniqueOpencast": 0.0, "techniqueUnderground": 1.0, "techniqueHydraulic": "FALSE", "techniqueHushing": "FALSE", "techniqueGroundSluicing": "FALSE", "techniqueRuinaMontium": 0.0, "techniqueRakeComb": 0.0, "techniqueGoldWashing": 0.0, "techniqueOther": 0.0, "notes": null, "geology": "Hard rock", "depositType": null, "exploitationType": null, "Flag_Au_Oro": 0, "Status_Au_Oro": "No", "Flag_Ag_Plata": 1, "Status_Ag_Plata": "Confirmado", "Flag_Cu_Cobre": 0, "Status_Cu_Cobre": "No", "Flag_Pb_Plomo": 1, "Status_Pb_Plomo": "Confirmado", "Flag_Hg_Cinabrio": 0, "Status_Hg_Cinabrio": "No", "Flag_Sn_Estano": 0, "Status_Sn_Estano": "No", "Flag_Fe_Hierro": 0, "Status_Fe_Hierro": "No", "Tech_Ruina_Montium": 0, "Tech_Subterranea": 1, "Tech_Cielo_Abierto": 0, "Tech_Lavado_Placer": 0, "Certainty_Spatial": 0.5, "Certainty_Archaeological": 0.9, "Certainty_Metallogenic": 1.0, "Certainty_Score": 0.765, "Certainty_Grade": "Media Certeza (Grado II)" }, "geometry": { "type": "Point", "coordinates": [ -8.400695101, 40.74143642 ] } },
{ "type": "Feature", "properties": { "mineID": 138, "site": "Poço das Freitas", "ancientName": null, "province": "Hispania Tarraconensis", "country": "Portugal", "region": "Vila Real", "miningDistrict": "Trás-os-montes", "romanianRANID": null, "sanchezPalenciaAndOrejasID": "NP-10", "domergueID": "POR 42", "spainMapSheet": 46.0, "lambertX": 244.5, "lambertY": 529.9, "latitude": 41.73727222, "longitude": -7.598234313, "coordinateAccuracy": null, "locationDataSource": null, "locationNotes": null, "notBeforeOpeningDate": null, "notAfterOpeningDate": null, "notBeforeClosingDate": null, "notAfterClosingDate": null, "inUseDate": null, "metalMinedGold": "TRUE", "metalMinedSilver": 0.0, "metalMinedLead": 0.0, "metalMinedCopper": 0.0, "metalMinedTin": 0.0, "metalMinedIron": 0.0, "metalMinedMercuryCinnabar": 0.0, "metalMinedZinc": 0.0, "metalMinedOther": 0.0, "description": null, "references": "Domergue 1990: 41; Sanchez-Palencia and Orejas 1994, 198", "techniqueOpencast": 1.0, "techniqueUnderground": 1.0, "techniqueHydraulic": "FALSE", "techniqueHushing": "FALSE", "techniqueGroundSluicing": "FALSE", "techniqueRuinaMontium": 0.0, "techniqueRakeComb": 0.0, "techniqueGoldWashing": 0.0, "techniqueOther": 0.0, "notes": null, "geology": "Gold-bearing quartz arsenopyrite veins in granite.", "depositType": "Primary", "exploitationType": "Extensive", "Flag_Au_Oro": 1, "Status_Au_Oro": "Confirmado", "Flag_Ag_Plata": 0, "Status_Ag_Plata": "No", "Flag_Cu_Cobre": 0, "Status_Cu_Cobre": "No", "Flag_Pb_Plomo": 0, "Status_Pb_Plomo": "No", "Flag_Hg_Cinabrio": 0, "Status_Hg_Cinabrio": "No", "Flag_Sn_Estano": 0, "Status_Sn_Estano": "No", "Flag_Fe_Hierro": 0, "Status_Fe_Hierro": "No", "Tech_Ruina_Montium": 0, "Tech_Subterranea": 1, "Tech_Cielo_Abierto": 1, "Tech_Lavado_Placer": 0, "Certainty_Spatial": 0.5, "Certainty_Archaeological": 1.0, "Certainty_Metallogenic": 1.0, "Certainty_Score": 0.8, "Certainty_Grade": "Alta Certeza (Grado I)" }, "geometry": { "type": "Point", "coordinates": [ -7.598234313, 41.73727222 ] } },
{ "type": "Feature", "properties": { "mineID": 139, "site": "Batocas (Poço das Freitas)", "ancientName": null, "province": "Hispania Tarraconensis", "country": "Portugal", "region": "Vila Real", "miningDistrict": "Trás-os-montes", "romanianRANID": null, "sanchezPalenciaAndOrejasID": null, "domergueID": "POR 42", "spainMapSheet": 33.0, "lambertX": 244.3, "lambertY": 531.9, "latitude": 41.75528934, "longitude": -7.600489841, "coordinateAccuracy": null, "locationDataSource": null, "locationNotes": null, "notBeforeOpeningDate": null, "notAfterOpeningDate": null, "notBeforeClosingDate": null, "notAfterClosingDate": null, "inUseDate": null, "metalMinedGold": "TRUE", "metalMinedSilver": 0.0, "metalMinedLead": 0.0, "metalMinedCopper": 0.0, "metalMinedTin": 0.0, "metalMinedIron": 0.0, "metalMinedMercuryCinnabar": 0.0, "metalMinedZinc": 0.0, "metalMinedOther": 0.0, "description": null, "references": "Domergue 1990: 41; Lima et al. 2014", "techniqueOpencast": 0.0, "techniqueUnderground": 1.0, "techniqueHydraulic": "FALSE", "techniqueHushing": "FALSE", "techniqueGroundSluicing": "FALSE", "techniqueRuinaMontium": 0.0, "techniqueRakeComb": 0.0, "techniqueGoldWashing": 0.0, "techniqueOther": 0.0, "notes": null, "geology": "Hard rock", "depositType": "Primary", "exploitationType": null, "Flag_Au_Oro": 1, "Status_Au_Oro": "Confirmado", "Flag_Ag_Plata": 0, "Status_Ag_Plata": "No", "Flag_Cu_Cobre": 0, "Status_Cu_Cobre": "No", "Flag_Pb_Plomo": 0, "Status_Pb_Plomo": "No", "Flag_Hg_Cinabrio": 0, "Status_Hg_Cinabrio": "No", "Flag_Sn_Estano": 0, "Status_Sn_Estano": "No", "Flag_Fe_Hierro": 0, "Status_Fe_Hierro": "No", "Tech_Ruina_Montium": 0, "Tech_Subterranea": 1, "Tech_Cielo_Abierto": 0, "Tech_Lavado_Placer": 0, "Certainty_Spatial": 0.5, "Certainty_Archaeological": 0.9, "Certainty_Metallogenic": 1.0, "Certainty_Score": 0.765, "Certainty_Grade": "Media Certeza (Grado II)" }, "geometry": { "type": "Point", "coordinates": [ -7.600489841, 41.75528934 ] } },
{ "type": "Feature", "properties": { "mineID": 146, "site": "San Domingos", "ancientName": null, "province": "Hispania Baetica", "country": "Portugal", "region": "Beja", "miningDistrict": "Huelva", "romanianRANID": null, "sanchezPalenciaAndOrejasID": null, "domergueID": "POR 7", "spainMapSheet": 559.0, "lambertX": 256.7, "lambertY": 78.2, "latitude": 37.66849754, "longitude": -7.49041657, "coordinateAccuracy": null, "locationDataSource": null, "locationNotes": null, "notBeforeOpeningDate": null, "notAfterOpeningDate": null, "notBeforeClosingDate": null, "notAfterClosingDate": null, "inUseDate": null, "metalMinedGold": "FALSE", "metalMinedSilver": 1.0, "metalMinedLead": 0.0, "metalMinedCopper": 1.0, "metalMinedTin": 0.0, "metalMinedIron": 0.0, "metalMinedMercuryCinnabar": 0.0, "metalMinedZinc": 0.0, "metalMinedOther": 0.0, "description": null, "references": "Domergue 1990: 62", "techniqueOpencast": 0.0, "techniqueUnderground": 1.0, "techniqueHydraulic": "FALSE", "techniqueHushing": "FALSE", "techniqueGroundSluicing": "FALSE", "techniqueRuinaMontium": 0.0, "techniqueRakeComb": 0.0, "techniqueGoldWashing": 0.0, "techniqueOther": 0.0, "notes": null, "geology": "Pyrite", "depositType": null, "exploitationType": null, "Flag_Au_Oro": 0, "Status_Au_Oro": "No", "Flag_Ag_Plata": 1, "Status_Ag_Plata": "Confirmado", "Flag_Cu_Cobre": 1, "Status_Cu_Cobre": "Confirmado", "Flag_Pb_Plomo": 0, "Status_Pb_Plomo": "No", "Flag_Hg_Cinabrio": 0, "Status_Hg_Cinabrio": "No", "Flag_Sn_Estano": 0, "Status_Sn_Estano": "No", "Flag_Fe_Hierro": 0, "Status_Fe_Hierro": "No", "Tech_Ruina_Montium": 0, "Tech_Subterranea": 1, "Tech_Cielo_Abierto": 0, "Tech_Lavado_Placer": 0, "Certainty_Spatial": 0.5, "Certainty_Archaeological": 0.9, "Certainty_Metallogenic": 1.0, "Certainty_Score": 0.765, "Certainty_Grade": "Media Certeza (Grado II)" }, "geometry": { "type": "Point", "coordinates": [ -7.49041657, 37.66849754 ] } },
{ "type": "Feature", "properties": { "mineID": 151, "site": "Serra de Banjas / Mias das Banjas", "ancientName": null, "province": "Hispania Tarraconensis", "country": "Portugal", "region": "Porto", "miningDistrict": "Trás-os-montes", "romanianRANID": null, "sanchezPalenciaAndOrejasID": "NP-05", "domergueID": "POR 30", "spainMapSheet": 134.0, "lambertX": 178.6, "lambertY": 458.2, "latitude": 41.09264776, "longitude": -8.387838816, "coordinateAccuracy": 200.0, "locationDataSource": "Converted in QGIS from Lambert coords, Madrid 1870", "locationNotes": null, "notBeforeOpeningDate": null, "notAfterOpeningDate": null, "notBeforeClosingDate": null, "notAfterClosingDate": null, "inUseDate": null, "metalMinedGold": "TRUE", "metalMinedSilver": 0.0, "metalMinedLead": 0.0, "metalMinedCopper": 0.0, "metalMinedTin": 0.0, "metalMinedIron": 0.0, "metalMinedMercuryCinnabar": 0.0, "metalMinedZinc": 0.0, "metalMinedOther": 0.0, "description": null, "references": "Domergue 1990: 41; Sanchez-Palencia and Orejas 1994, 198", "techniqueOpencast": 0.0, "techniqueUnderground": 1.0, "techniqueHydraulic": "FALSE", "techniqueHushing": "FALSE", "techniqueGroundSluicing": "FALSE", "techniqueRuinaMontium": 0.0, "techniqueRakeComb": 0.0, "techniqueGoldWashing": 0.0, "techniqueOther": 0.0, "notes": null, "geology": "Hard rock", "depositType": "Primary", "exploitationType": "Selective - Extensive", "Flag_Au_Oro": 1, "Status_Au_Oro": "Confirmado", "Flag_Ag_Plata": 0, "Status_Ag_Plata": "No", "Flag_Cu_Cobre": 0, "Status_Cu_Cobre": "No", "Flag_Pb_Plomo": 0, "Status_Pb_Plomo": "No", "Flag_Hg_Cinabrio": 0, "Status_Hg_Cinabrio": "No", "Flag_Sn_Estano": 0, "Status_Sn_Estano": "No", "Flag_Fe_Hierro": 0, "Status_Fe_Hierro": "No", "Tech_Ruina_Montium": 0, "Tech_Subterranea": 1, "Tech_Cielo_Abierto": 0, "Tech_Lavado_Placer": 0, "Certainty_Spatial": 0.85, "Certainty_Archaeological": 1.0, "Certainty_Metallogenic": 1.0, "Certainty_Score": 0.94, "Certainty_Grade": "Alta Certeza (Grado I)" }, "geometry": { "type": "Point", "coordinates": [ -8.387838816, 41.09264776 ] } },
{ "type": "Feature", "properties": { "mineID": 152, "site": "Serra de Caveira", "ancientName": null, "province": "Lusitania", "country": "Portugal", "region": "Setubal", "miningDistrict": "Alentejo", "romanianRANID": null, "sanchezPalenciaAndOrejasID": null, "domergueID": "POR 36", "spainMapSheet": 506.0, "lambertX": 167.2, "lambertY": 127.9, "latitude": 38.11740938, "longitude": -8.50711216, "coordinateAccuracy": null, "locationDataSource": null, "locationNotes": null, "notBeforeOpeningDate": null, "notAfterOpeningDate": null, "notBeforeClosingDate": null, "notAfterClosingDate": null, "inUseDate": null, "metalMinedGold": "FALSE", "metalMinedSilver": 0.0, "metalMinedLead": 0.0, "metalMinedCopper": 1.0, "metalMinedTin": 0.0, "metalMinedIron": 0.0, "metalMinedMercuryCinnabar": 0.0, "metalMinedZinc": 0.0, "metalMinedOther": 0.0, "description": null, "references": "Domergue 1990: 62", "techniqueOpencast": 0.0, "techniqueUnderground": 1.0, "techniqueHydraulic": "FALSE", "techniqueHushing": "FALSE", "techniqueGroundSluicing": "FALSE", "techniqueRuinaMontium": 0.0, "techniqueRakeComb": 0.0, "techniqueGoldWashing": 0.0, "techniqueOther": 0.0, "notes": null, "geology": "Pyrite", "depositType": null, "exploitationType": null, "Flag_Au_Oro": 0, "Status_Au_Oro": "No", "Flag_Ag_Plata": 0, "Status_Ag_Plata": "No", "Flag_Cu_Cobre": 1, "Status_Cu_Cobre": "Confirmado", "Flag_Pb_Plomo": 0, "Status_Pb_Plomo": "No", "Flag_Hg_Cinabrio": 0, "Status_Hg_Cinabrio": "No", "Flag_Sn_Estano": 0, "Status_Sn_Estano": "No", "Flag_Fe_Hierro": 0, "Status_Fe_Hierro": "No", "Tech_Ruina_Montium": 0, "Tech_Subterranea": 1, "Tech_Cielo_Abierto": 0, "Tech_Lavado_Placer": 0, "Certainty_Spatial": 0.5, "Certainty_Archaeological": 0.9, "Certainty_Metallogenic": 1.0, "Certainty_Score": 0.765, "Certainty_Grade": "Media Certeza (Grado II)" }, "geometry": { "type": "Point", "coordinates": [ -8.50711216, 38.11740938 ] } },
{ "type": "Feature", "properties": { "mineID": 154, "site": "Serra de Santa Justa / Fojo das Pombas", "ancientName": null, "province": "Hispania Tarraconensis", "country": "Portugal", "region": "Porto", "miningDistrict": "Trás-os-montes", "romanianRANID": null, "sanchezPalenciaAndOrejasID": "NP-02", "domergueID": "POR 31", "spainMapSheet": 123.0, "lambertX": 169.4, "lambertY": 468.2, "latitude": 41.18239405, "longitude": -8.497837306, "coordinateAccuracy": 100.0, "locationDataSource": "Converted in QGIS from Lambert coords, Madrid 1870", "locationNotes": null, "notBeforeOpeningDate": null, "notAfterOpeningDate": null, "notBeforeClosingDate": null, "notAfterClosingDate": null, "inUseDate": null, "metalMinedGold": "TRUE", "metalMinedSilver": 0.0, "metalMinedLead": 0.0, "metalMinedCopper": 0.0, "metalMinedTin": 0.0, "metalMinedIron": 0.0, "metalMinedMercuryCinnabar": 0.0, "metalMinedZinc": 0.0, "metalMinedOther": 0.0, "description": "Open trenches and underground galleries, with stepped descent. Some shafts up to 70 m deep. Large exploitation chamber.", "references": "Domergue 1990: 41; Sanchez-Palencia and Orejas 1994, 198; http://arqueologia.patrimoniocultural.pt/index.php?sid=sitios.resultados&subsid=47630 ; https://aesda.org/tag/valongo/", "techniqueOpencast": 0.0, "techniqueUnderground": 1.0, "techniqueHydraulic": "FALSE", "techniqueHushing": "FALSE", "techniqueGroundSluicing": "FALSE", "techniqueRuinaMontium": 0.0, "techniqueRakeComb": 0.0, "techniqueGoldWashing": 0.0, "techniqueOther": 0.0, "notes": null, "geology": "Hard rock", "depositType": "Primary", "exploitationType": "Selective - Extensive", "Flag_Au_Oro": 1, "Status_Au_Oro": "Confirmado", "Flag_Ag_Plata": 0, "Status_Ag_Plata": "No", "Flag_Cu_Cobre": 0, "Status_Cu_Cobre": "No", "Flag_Pb_Plomo": 0, "Status_Pb_Plomo": "No", "Flag_Hg_Cinabrio": 0, "Status_Hg_Cinabrio": "No", "Flag_Sn_Estano": 0, "Status_Sn_Estano": "No", "Flag_Fe_Hierro": 0, "Status_Fe_Hierro": "No", "Tech_Ruina_Montium": 0, "Tech_Subterranea": 1, "Tech_Cielo_Abierto": 0, "Tech_Lavado_Placer": 0, "Certainty_Spatial": 1.0, "Certainty_Archaeological": 1.0, "Certainty_Metallogenic": 1.0, "Certainty_Score": 1.0, "Certainty_Grade": "Alta Certeza (Grado I)" }, "geometry": { "type": "Point", "coordinates": [ -8.497837306, 41.18239405 ] } },
{ "type": "Feature", "properties": { "mineID": 159, "site": "Três Minas - Corta de Covas", "ancientName": null, "province": "Hispania Tarraconensis", "country": "Portugal", "region": "Vila Real", "miningDistrict": "Trás-os-montes", "romanianRANID": null, "sanchezPalenciaAndOrejasID": "NP-09", "domergueID": "POR 45", "spainMapSheet": 75.0, "lambertX": 251.3, "lambertY": 502.9, "latitude": 41.496453, "longitude": -7.525246, "coordinateAccuracy": 0.0, "locationDataSource": "Google Earth", "locationNotes": null, "notBeforeOpeningDate": -20.0, "notAfterOpeningDate": 50.0, "notBeforeClosingDate": 120.0, "notAfterClosingDate": 230.0, "inUseDate": null, "metalMinedGold": "TRUE", "metalMinedSilver": 0.0, "metalMinedLead": 0.0, "metalMinedCopper": 0.0, "metalMinedTin": 0.0, "metalMinedIron": 0.0, "metalMinedMercuryCinnabar": 0.0, "metalMinedZinc": 0.0, "metalMinedOther": 0.0, "description": "Work started shortly after conquest in the 1st century BC then lasted until the 3rd century AD. Corta de Covas opencast, 430 m in length, 2.3 million m³ removed. Traces of firesetting at the base. Underground galleries for ore extraction, and prospection. Peak extraction dates to first half of second century AD. Anvil stones from Roman water-powered ore-crushing machines have been found.", "references": "Domergue 1990: 41; Wahl 1993: 123-157; Sanchez-Palencia and Orejas 1994, 198", "techniqueOpencast": 1.0, "techniqueUnderground": 1.0, "techniqueHydraulic": "FALSE", "techniqueHushing": "FALSE", "techniqueGroundSluicing": "FALSE", "techniqueRuinaMontium": 0.0, "techniqueRakeComb": 0.0, "techniqueGoldWashing": 0.0, "techniqueOther": 0.0, "notes": "Ore-crushing anvils from machines", "geology": "Hard rock", "depositType": "Primary", "exploitationType": "Extensive", "Flag_Au_Oro": 1, "Status_Au_Oro": "Confirmado", "Flag_Ag_Plata": 0, "Status_Ag_Plata": "No", "Flag_Cu_Cobre": 0, "Status_Cu_Cobre": "No", "Flag_Pb_Plomo": 0, "Status_Pb_Plomo": "No", "Flag_Hg_Cinabrio": 0, "Status_Hg_Cinabrio": "No", "Flag_Sn_Estano": 0, "Status_Sn_Estano": "No", "Flag_Fe_Hierro": 0, "Status_Fe_Hierro": "No", "Tech_Ruina_Montium": 0, "Tech_Subterranea": 1, "Tech_Cielo_Abierto": 1, "Tech_Lavado_Placer": 0, "Certainty_Spatial": 1.0, "Certainty_Archaeological": 1.0, "Certainty_Metallogenic": 1.0, "Certainty_Score": 1.0, "Certainty_Grade": "Alta Certeza (Grado I)" }, "geometry": { "type": "Point", "coordinates": [ -7.525246, 41.496453 ] } },
{ "type": "Feature", "properties": { "mineID": 160, "site": "Trincheiras", "ancientName": null, "province": "Hispania Tarraconensis", "country": "Portugal", "region": "Vila Real", "miningDistrict": "Trás-os-montes", "romanianRANID": null, "sanchezPalenciaAndOrejasID": null, "domergueID": "POR 43", "spainMapSheet": 34.0, "lambertX": 257.7, "lambertY": 335.2, "latitude": 39.98332173, "longitude": -7.457592038, "coordinateAccuracy": null, "locationDataSource": null, "locationNotes": null, "notBeforeOpeningDate": null, "notAfterOpeningDate": null, "notBeforeClosingDate": null, "notAfterClosingDate": null, "inUseDate": null, "metalMinedGold": "TRUE", "metalMinedSilver": 0.0, "metalMinedLead": 0.0, "metalMinedCopper": 0.0, "metalMinedTin": 0.0, "metalMinedIron": 0.0, "metalMinedMercuryCinnabar": 0.0, "metalMinedZinc": 0.0, "metalMinedOther": 0.0, "description": null, "references": "Domergue 1990: 41", "techniqueOpencast": 0.0, "techniqueUnderground": 1.0, "techniqueHydraulic": "FALSE", "techniqueHushing": "FALSE", "techniqueGroundSluicing": "FALSE", "techniqueRuinaMontium": 0.0, "techniqueRakeComb": 0.0, "techniqueGoldWashing": 0.0, "techniqueOther": 0.0, "notes": null, "geology": "Hard rock", "depositType": "Primary", "exploitationType": null, "Flag_Au_Oro": 1, "Status_Au_Oro": "Confirmado", "Flag_Ag_Plata": 0, "Status_Ag_Plata": "No", "Flag_Cu_Cobre": 0, "Status_Cu_Cobre": "No", "Flag_Pb_Plomo": 0, "Status_Pb_Plomo": "No", "Flag_Hg_Cinabrio": 0, "Status_Hg_Cinabrio": "No", "Flag_Sn_Estano": 0, "Status_Sn_Estano": "No", "Flag_Fe_Hierro": 0, "Status_Fe_Hierro": "No", "Tech_Ruina_Montium": 0, "Tech_Subterranea": 1, "Tech_Cielo_Abierto": 0, "Tech_Lavado_Placer": 0, "Certainty_Spatial": 0.5, "Certainty_Archaeological": 0.9, "Certainty_Metallogenic": 1.0, "Certainty_Score": 0.765, "Certainty_Grade": "Media Certeza (Grado II)" }, "geometry": { "type": "Point", "coordinates": [ -7.457592038, 39.98332173 ] } },
{ "type": "Feature", "properties": { "mineID": 435, "site": "Berrocoso", "ancientName": null, "province": "Hispania Baetica", "country": "Spain", "region": "Córdoba", "miningDistrict": "Los Pedroches", "romanianRANID": null, "sanchezPalenciaAndOrejasID": null, "domergueID": "CO 15", "spainMapSheet": 858.0, "lambertX": 494.7, "lambertY": 422.0, "latitude": 38.38853471, "longitude": -4.89415277, "coordinateAccuracy": 100.0, "locationDataSource": "Converted in QGIS from Lambert coords, Madrid 1870", "locationNotes": null, "notBeforeOpeningDate": null, "notAfterOpeningDate": null, "notBeforeClosingDate": null, "notAfterClosingDate": null, "inUseDate": null, "metalMinedGold": "FALSE", "metalMinedSilver": 0.0, "metalMinedLead": 0.0, "metalMinedCopper": 1.0, "metalMinedTin": 0.0, "metalMinedIron": 0.0, "metalMinedMercuryCinnabar": 0.0, "metalMinedZinc": 0.0, "metalMinedOther": 0.0, "description": null, "references": "Domergue 1990: 47", "techniqueOpencast": 0.0, "techniqueUnderground": 1.0, "techniqueHydraulic": "FALSE", "techniqueHushing": "FALSE", "techniqueGroundSluicing": "FALSE", "techniqueRuinaMontium": 0.0, "techniqueRakeComb": 0.0, "techniqueGoldWashing": 0.0, "techniqueOther": 0.0, "notes": null, "geology": "Hard rock", "depositType": "Primary", "exploitationType": null, "Flag_Au_Oro": 0, "Status_Au_Oro": "No", "Flag_Ag_Plata": 0, "Status_Ag_Plata": "No", "Flag_Cu_Cobre": 1, "Status_Cu_Cobre": "Confirmado", "Flag_Pb_Plomo": 0, "Status_Pb_Plomo": "No", "Flag_Hg_Cinabrio": 0, "Status_Hg_Cinabrio": "No", "Flag_Sn_Estano": 0, "Status_Sn_Estano": "No", "Flag_Fe_Hierro": 0, "Status_Fe_Hierro": "No", "Tech_Ruina_Montium": 0, "Tech_Subterranea": 1, "Tech_Cielo_Abierto": 0, "Tech_Lavado_Placer": 0, "Certainty_Spatial": 1.0, "Certainty_Archaeological": 0.9, "Certainty_Metallogenic": 1.0, "Certainty_Score": 0.965, "Certainty_Grade": "Alta Certeza (Grado I)" }, "geometry": { "type": "Point", "coordinates": [ -4.89415277, 38.38853471 ] } },
{ "type": "Feature", "properties": { "mineID": 445, "site": "Cabeza del Agua", "ancientName": null, "province": "Hispania Baetica", "country": "Spain", "region": "Huelva", "miningDistrict": "Huelva", "romanianRANID": null, "sanchezPalenciaAndOrejasID": null, "domergueID": "H 18", "spainMapSheet": 959.0, "lambertX": 315.1, "lambertY": 332.3, "latitude": 37.53989078, "longitude": -6.91306989, "coordinateAccuracy": 100.0, "locationDataSource": "Converted in QGIS from Lambert coords, Madrid 1870", "locationNotes": null, "notBeforeOpeningDate": null, "notAfterOpeningDate": null, "notBeforeClosingDate": null, "notAfterClosingDate": null, "inUseDate": null, "metalMinedGold": "FALSE", "metalMinedSilver": 0.0, "metalMinedLead": 0.0, "metalMinedCopper": 1.0, "metalMinedTin": 0.0, "metalMinedIron": 0.0, "metalMinedMercuryCinnabar": 0.0, "metalMinedZinc": 0.0, "metalMinedOther": 0.0, "description": null, "references": "Domergue 1990: 61", "techniqueOpencast": 0.0, "techniqueUnderground": 1.0, "techniqueHydraulic": "FALSE", "techniqueHushing": "FALSE", "techniqueGroundSluicing": "FALSE", "techniqueRuinaMontium": 0.0, "techniqueRakeComb": 0.0, "techniqueGoldWashing": 0.0, "techniqueOther": 0.0, "notes": null, "geology": "Pyrite", "depositType": "Primary", "exploitationType": null, "Flag_Au_Oro": 0, "Status_Au_Oro": "No", "Flag_Ag_Plata": 0, "Status_Ag_Plata": "No", "Flag_Cu_Cobre": 1, "Status_Cu_Cobre": "Confirmado", "Flag_Pb_Plomo": 0, "Status_Pb_Plomo": "No", "Flag_Hg_Cinabrio": 0, "Status_Hg_Cinabrio": "No", "Flag_Sn_Estano": 0, "Status_Sn_Estano": "No", "Flag_Fe_Hierro": 0, "Status_Fe_Hierro": "No", "Tech_Ruina_Montium": 0, "Tech_Subterranea": 1, "Tech_Cielo_Abierto": 0, "Tech_Lavado_Placer": 0, "Certainty_Spatial": 1.0, "Certainty_Archaeological": 0.9, "Certainty_Metallogenic": 1.0, "Certainty_Score": 0.965, "Certainty_Grade": "Alta Certeza (Grado I)" }, "geometry": { "type": "Point", "coordinates": [ -6.91306989, 37.53989078 ] } },
{ "type": "Feature", "properties": { "mineID": 446, "site": "Cabezas del Pasto", "ancientName": null, "province": "Hispania Baetica", "country": "Spain", "region": "Huelva", "miningDistrict": "Huelva", "romanianRANID": null, "sanchezPalenciaAndOrejasID": null, "domergueID": "H 39", "spainMapSheet": 958.0, "lambertX": 278.4, "lambertY": 341.3, "latitude": 37.6082037, "longitude": -7.33224915, "coordinateAccuracy": 100.0, "locationDataSource": "Converted in QGIS from Lambert coords, Madrid 1870", "locationNotes": null, "notBeforeOpeningDate": null, "notAfterOpeningDate": null, "notBeforeClosingDate": null, "notAfterClosingDate": null, "inUseDate": null, "metalMinedGold": "FALSE", "metalMinedSilver": 1.0, "metalMinedLead": 1.0, "metalMinedCopper": 1.0, "metalMinedTin": 0.0, "metalMinedIron": 0.0, "metalMinedMercuryCinnabar": 0.0, "metalMinedZinc": 0.0, "metalMinedOther": 0.0, "description": null, "references": "Domergue 1990: 62", "techniqueOpencast": 0.0, "techniqueUnderground": 1.0, "techniqueHydraulic": "FALSE", "techniqueHushing": "FALSE", "techniqueGroundSluicing": "FALSE", "techniqueRuinaMontium": 0.0, "techniqueRakeComb": 0.0, "techniqueGoldWashing": 0.0, "techniqueOther": 0.0, "notes": null, "geology": "Pyrite", "depositType": "Primary", "exploitationType": null, "Flag_Au_Oro": 0, "Status_Au_Oro": "No", "Flag_Ag_Plata": 1, "Status_Ag_Plata": "Confirmado", "Flag_Cu_Cobre": 1, "Status_Cu_Cobre": "Confirmado", "Flag_Pb_Plomo": 1, "Status_Pb_Plomo": "Confirmado", "Flag_Hg_Cinabrio": 0, "Status_Hg_Cinabrio": "No", "Flag_Sn_Estano": 0, "Status_Sn_Estano": "No", "Flag_Fe_Hierro": 0, "Status_Fe_Hierro": "No", "Tech_Ruina_Montium": 0, "Tech_Subterranea": 1, "Tech_Cielo_Abierto": 0, "Tech_Lavado_Placer": 0, "Certainty_Spatial": 1.0, "Certainty_Archaeological": 0.9, "Certainty_Metallogenic": 1.0, "Certainty_Score": 0.965, "Certainty_Grade": "Alta Certeza (Grado I)" }, "geometry": { "type": "Point", "coordinates": [ -7.33224915, 37.6082037 ] } },
{ "type": "Feature", "properties": { "mineID": 448, "site": "Cabezo de los Silos", "ancientName": null, "province": "Hispania Baetica", "country": "Spain", "region": "Huelva", "miningDistrict": "Huelva", "romanianRANID": null, "sanchezPalenciaAndOrejasID": null, "domergueID": "H 41", "spainMapSheet": 936.0, "lambertX": 276.4, "lambertY": 350.1, "latitude": 37.6867135, "longitude": -7.35899187, "coordinateAccuracy": 100.0, "locationDataSource": "Converted in QGIS from Lambert coords, Madrid 1870", "locationNotes": null, "notBeforeOpeningDate": null, "notAfterOpeningDate": null, "notBeforeClosingDate": null, "notAfterClosingDate": null, "inUseDate": null, "metalMinedGold": "FALSE", "metalMinedSilver": 0.0, "metalMinedLead": 0.0, "metalMinedCopper": 1.0, "metalMinedTin": 0.0, "metalMinedIron": 0.0, "metalMinedMercuryCinnabar": 0.0, "metalMinedZinc": 0.0, "metalMinedOther": 0.0, "description": null, "references": "Domergue 1990: 62", "techniqueOpencast": 0.0, "techniqueUnderground": 1.0, "techniqueHydraulic": "FALSE", "techniqueHushing": "FALSE", "techniqueGroundSluicing": "FALSE", "techniqueRuinaMontium": 0.0, "techniqueRakeComb": 0.0, "techniqueGoldWashing": 0.0, "techniqueOther": 0.0, "notes": null, "geology": "Pyrite", "depositType": "Primary", "exploitationType": null, "Flag_Au_Oro": 0, "Status_Au_Oro": "No", "Flag_Ag_Plata": 0, "Status_Ag_Plata": "No", "Flag_Cu_Cobre": 1, "Status_Cu_Cobre": "Confirmado", "Flag_Pb_Plomo": 0, "Status_Pb_Plomo": "No", "Flag_Hg_Cinabrio": 0, "Status_Hg_Cinabrio": "No", "Flag_Sn_Estano": 0, "Status_Sn_Estano": "No", "Flag_Fe_Hierro": 0, "Status_Fe_Hierro": "No", "Tech_Ruina_Montium": 0, "Tech_Subterranea": 1, "Tech_Cielo_Abierto": 0, "Tech_Lavado_Placer": 0, "Certainty_Spatial": 1.0, "Certainty_Archaeological": 0.9, "Certainty_Metallogenic": 1.0, "Certainty_Score": 0.965, "Certainty_Grade": "Alta Certeza (Grado I)" }, "geometry": { "type": "Point", "coordinates": [ -7.35899187, 37.6867135 ] } },
{ "type": "Feature", "properties": { "mineID": 449, "site": "Cabezo Hueca", "ancientName": null, "province": "Hispania Baetica", "country": "Spain", "region": "Huelva", "miningDistrict": "Huelva", "romanianRANID": null, "sanchezPalenciaAndOrejasID": null, "domergueID": "H 8", "spainMapSheet": 959.0, "lambertX": 300.5, "lambertY": 338.4, "latitude": 37.58994716, "longitude": -7.0808167, "coordinateAccuracy": 100.0, "locationDataSource": "Converted in QGIS from Lambert coords, Madrid 1870", "locationNotes": null, "notBeforeOpeningDate": null, "notAfterOpeningDate": null, "notBeforeClosingDate": null, "notAfterClosingDate": null, "inUseDate": null, "metalMinedGold": "FALSE", "metalMinedSilver": 0.0, "metalMinedLead": 0.0, "metalMinedCopper": 1.0, "metalMinedTin": 0.0, "metalMinedIron": 0.0, "metalMinedMercuryCinnabar": 0.0, "metalMinedZinc": 0.0, "metalMinedOther": 0.0, "description": null, "references": "Domergue 1990: 62", "techniqueOpencast": 0.0, "techniqueUnderground": 1.0, "techniqueHydraulic": "FALSE", "techniqueHushing": "FALSE", "techniqueGroundSluicing": "FALSE", "techniqueRuinaMontium": 0.0, "techniqueRakeComb": 0.0, "techniqueGoldWashing": 0.0, "techniqueOther": 0.0, "notes": null, "geology": "Pyrite", "depositType": "Primary", "exploitationType": null, "Flag_Au_Oro": 0, "Status_Au_Oro": "No", "Flag_Ag_Plata": 0, "Status_Ag_Plata": "No", "Flag_Cu_Cobre": 1, "Status_Cu_Cobre": "Confirmado", "Flag_Pb_Plomo": 0, "Status_Pb_Plomo": "No", "Flag_Hg_Cinabrio": 0, "Status_Hg_Cinabrio": "No", "Flag_Sn_Estano": 0, "Status_Sn_Estano": "No", "Flag_Fe_Hierro": 0, "Status_Fe_Hierro": "No", "Tech_Ruina_Montium": 0, "Tech_Subterranea": 1, "Tech_Cielo_Abierto": 0, "Tech_Lavado_Placer": 0, "Certainty_Spatial": 1.0, "Certainty_Archaeological": 0.9, "Certainty_Metallogenic": 1.0, "Certainty_Score": 0.965, "Certainty_Grade": "Alta Certeza (Grado I)" }, "geometry": { "type": "Point", "coordinates": [ -7.0808167, 37.58994716 ] } },
{ "type": "Feature", "properties": { "mineID": 450, "site": "Cabezo Rajado", "ancientName": null, "province": "Hispania Tarraconensis", "country": "Spain", "region": "Murcia", "miningDistrict": "Cartagena-Mazarrón", "romanianRANID": null, "sanchezPalenciaAndOrejasID": null, "domergueID": "MU 4", "spainMapSheet": 977.0, "lambertX": 846.0, "lambertY": 339.5, "latitude": 37.61656939, "longitude": -0.900306875, "coordinateAccuracy": 100.0, "locationDataSource": "Converted in QGIS from Lambert coords, Madrid 1870", "locationNotes": null, "notBeforeOpeningDate": null, "notAfterOpeningDate": null, "notBeforeClosingDate": null, "notAfterClosingDate": null, "inUseDate": null, "metalMinedGold": "FALSE", "metalMinedSilver": 1.0, "metalMinedLead": 1.0, "metalMinedCopper": 0.0, "metalMinedTin": 0.0, "metalMinedIron": 0.0, "metalMinedMercuryCinnabar": 0.0, "metalMinedZinc": 0.0, "metalMinedOther": 0.0, "description": null, "references": "Domergue 1990: 64", "techniqueOpencast": 0.0, "techniqueUnderground": 1.0, "techniqueHydraulic": "FALSE", "techniqueHushing": "FALSE", "techniqueGroundSluicing": "FALSE", "techniqueRuinaMontium": 0.0, "techniqueRakeComb": 0.0, "techniqueGoldWashing": 0.0, "techniqueOther": 0.0, "notes": null, "geology": null, "depositType": null, "exploitationType": null, "Flag_Au_Oro": 0, "Status_Au_Oro": "No", "Flag_Ag_Plata": 1, "Status_Ag_Plata": "Confirmado", "Flag_Cu_Cobre": 0, "Status_Cu_Cobre": "No", "Flag_Pb_Plomo": 1, "Status_Pb_Plomo": "Confirmado", "Flag_Hg_Cinabrio": 0, "Status_Hg_Cinabrio": "No", "Flag_Sn_Estano": 0, "Status_Sn_Estano": "No", "Flag_Fe_Hierro": 0, "Status_Fe_Hierro": "No", "Tech_Ruina_Montium": 0, "Tech_Subterranea": 1, "Tech_Cielo_Abierto": 0, "Tech_Lavado_Placer": 0, "Certainty_Spatial": 1.0, "Certainty_Archaeological": 0.9, "Certainty_Metallogenic": 1.0, "Certainty_Score": 0.965, "Certainty_Grade": "Alta Certeza (Grado I)" }, "geometry": { "type": "Point", "coordinates": [ -0.900306875, 37.61656939 ] } },
{ "type": "Feature", "properties": { "mineID": 460, "site": "Canadá", "ancientName": null, "province": "Hispania Baetica", "country": "Spain", "region": "Córdoba", "miningDistrict": "Los Pedroches", "romanianRANID": null, "sanchezPalenciaAndOrejasID": null, "domergueID": "CO 18", "spainMapSheet": 858.0, "lambertX": 492.8, "lambertY": 420.7, "latitude": 38.37658115, "longitude": -4.91570948, "coordinateAccuracy": 100.0, "locationDataSource": "Converted in QGIS from Lambert coords, Madrid 1870", "locationNotes": null, "notBeforeOpeningDate": null, "notAfterOpeningDate": null, "notBeforeClosingDate": null, "notAfterClosingDate": null, "inUseDate": null, "metalMinedGold": "FALSE", "metalMinedSilver": 0.0, "metalMinedLead": 0.0, "metalMinedCopper": 1.0, "metalMinedTin": 0.0, "metalMinedIron": 0.0, "metalMinedMercuryCinnabar": 0.0, "metalMinedZinc": 0.0, "metalMinedOther": 0.0, "description": null, "references": "Domergue 1990: 47", "techniqueOpencast": 0.0, "techniqueUnderground": 1.0, "techniqueHydraulic": "FALSE", "techniqueHushing": "FALSE", "techniqueGroundSluicing": "FALSE", "techniqueRuinaMontium": 0.0, "techniqueRakeComb": 0.0, "techniqueGoldWashing": 0.0, "techniqueOther": 0.0, "notes": null, "geology": "Hard rock", "depositType": "Primary", "exploitationType": null, "Flag_Au_Oro": 0, "Status_Au_Oro": "No", "Flag_Ag_Plata": 0, "Status_Ag_Plata": "No", "Flag_Cu_Cobre": 1, "Status_Cu_Cobre": "Confirmado", "Flag_Pb_Plomo": 0, "Status_Pb_Plomo": "No", "Flag_Hg_Cinabrio": 0, "Status_Hg_Cinabrio": "No", "Flag_Sn_Estano": 0, "Status_Sn_Estano": "No", "Flag_Fe_Hierro": 0, "Status_Fe_Hierro": "No", "Tech_Ruina_Montium": 0, "Tech_Subterranea": 1, "Tech_Cielo_Abierto": 0, "Tech_Lavado_Placer": 0, "Certainty_Spatial": 1.0, "Certainty_Archaeological": 0.9, "Certainty_Metallogenic": 1.0, "Certainty_Score": 0.965, "Certainty_Grade": "Alta Certeza (Grado I)" }, "geometry": { "type": "Point", "coordinates": [ -4.91570948, 38.37658115 ] } },
{ "type": "Feature", "properties": { "mineID": 462, "site": "Candelaria", "ancientName": null, "province": "Hispania Tarraconensis", "country": "Spain", "region": "Ciudad Real", "miningDistrict": "Alcudia", "romanianRANID": null, "sanchezPalenciaAndOrejasID": null, "domergueID": "CR 16", "spainMapSheet": 835.0, "lambertX": 527.6, "lambertY": 449.9, "latitude": 38.64346632, "longitude": -4.5202936, "coordinateAccuracy": 100.0, "locationDataSource": "Converted in QGIS from Lambert coords, Madrid 1870", "locationNotes": null, "notBeforeOpeningDate": null, "notAfterOpeningDate": null, "notBeforeClosingDate": null, "notAfterClosingDate": null, "inUseDate": null, "metalMinedGold": "FALSE", "metalMinedSilver": 1.0, "metalMinedLead": 1.0, "metalMinedCopper": 1.0, "metalMinedTin": 0.0, "metalMinedIron": 0.0, "metalMinedMercuryCinnabar": 0.0, "metalMinedZinc": 0.0, "metalMinedOther": 0.0, "description": null, "references": "Domergue 1990: 46", "techniqueOpencast": 0.0, "techniqueUnderground": 1.0, "techniqueHydraulic": "FALSE", "techniqueHushing": "FALSE", "techniqueGroundSluicing": "FALSE", "techniqueRuinaMontium": 0.0, "techniqueRakeComb": 0.0, "techniqueGoldWashing": 0.0, "techniqueOther": 0.0, "notes": null, "geology": null, "depositType": null, "exploitationType": null, "Flag_Au_Oro": 0, "Status_Au_Oro": "No", "Flag_Ag_Plata": 1, "Status_Ag_Plata": "Confirmado", "Flag_Cu_Cobre": 1, "Status_Cu_Cobre": "Confirmado", "Flag_Pb_Plomo": 1, "Status_Pb_Plomo": "Confirmado", "Flag_Hg_Cinabrio": 0, "Status_Hg_Cinabrio": "No", "Flag_Sn_Estano": 0, "Status_Sn_Estano": "No", "Flag_Fe_Hierro": 0, "Status_Fe_Hierro": "No", "Tech_Ruina_Montium": 0, "Tech_Subterranea": 1, "Tech_Cielo_Abierto": 0, "Tech_Lavado_Placer": 0, "Certainty_Spatial": 1.0, "Certainty_Archaeological": 0.9, "Certainty_Metallogenic": 1.0, "Certainty_Score": 0.965, "Certainty_Grade": "Alta Certeza (Grado I)" }, "geometry": { "type": "Point", "coordinates": [ -4.5202936, 38.64346632 ] } },
{ "type": "Feature", "properties": { "mineID": 465, "site": "Cantos Blancos", "ancientName": null, "province": "Hispania Baetica", "country": "Spain", "region": "Córdoba", "miningDistrict": "Los Pedroches", "romanianRANID": null, "sanchezPalenciaAndOrejasID": null, "domergueID": "CO 5", "spainMapSheet": 858.0, "lambertX": 489.7, "lambertY": 424.4, "latitude": 38.40954651, "longitude": -4.95181017, "coordinateAccuracy": 100.0, "locationDataSource": "Converted in QGIS from Lambert coords, Madrid 1870", "locationNotes": null, "notBeforeOpeningDate": null, "notAfterOpeningDate": null, "notBeforeClosingDate": null, "notAfterClosingDate": null, "inUseDate": null, "metalMinedGold": "FALSE", "metalMinedSilver": 0.0, "metalMinedLead": 0.0, "metalMinedCopper": 1.0, "metalMinedTin": 0.0, "metalMinedIron": 0.0, "metalMinedMercuryCinnabar": 0.0, "metalMinedZinc": 0.0, "metalMinedOther": 0.0, "description": null, "references": "Domergue 1990: 47", "techniqueOpencast": 0.0, "techniqueUnderground": 1.0, "techniqueHydraulic": "FALSE", "techniqueHushing": "FALSE", "techniqueGroundSluicing": "FALSE", "techniqueRuinaMontium": 0.0, "techniqueRakeComb": 0.0, "techniqueGoldWashing": 0.0, "techniqueOther": 0.0, "notes": null, "geology": "Hard rock", "depositType": "Primary", "exploitationType": null, "Flag_Au_Oro": 0, "Status_Au_Oro": "No", "Flag_Ag_Plata": 0, "Status_Ag_Plata": "No", "Flag_Cu_Cobre": 1, "Status_Cu_Cobre": "Confirmado", "Flag_Pb_Plomo": 0, "Status_Pb_Plomo": "No", "Flag_Hg_Cinabrio": 0, "Status_Hg_Cinabrio": "No", "Flag_Sn_Estano": 0, "Status_Sn_Estano": "No", "Flag_Fe_Hierro": 0, "Status_Fe_Hierro": "No", "Tech_Ruina_Montium": 0, "Tech_Subterranea": 1, "Tech_Cielo_Abierto": 0, "Tech_Lavado_Placer": 0, "Certainty_Spatial": 1.0, "Certainty_Archaeological": 0.9, "Certainty_Metallogenic": 1.0, "Certainty_Score": 0.965, "Certainty_Grade": "Alta Certeza (Grado I)" }, "geometry": { "type": "Point", "coordinates": [ -4.95181017, 38.40954651 ] } },
{ "type": "Feature", "properties": { "mineID": 472, "site": "Carmelita", "ancientName": null, "province": "Hispania Baetica", "country": "Spain", "region": "Badajoz", "miningDistrict": "Azuaga-Fuenteovejuna", "romanianRANID": null, "sanchezPalenciaAndOrejasID": null, "domergueID": "BA 5", "spainMapSheet": 878.0, "lambertX": 419.5, "lambertY": 408.6, "latitude": 38.25530611, "longitude": -5.75177293, "coordinateAccuracy": 100.0, "locationDataSource": "Converted in QGIS from Lambert coords, Madrid 1870", "locationNotes": null, "notBeforeOpeningDate": null, "notAfterOpeningDate": null, "notBeforeClosingDate": null, "notAfterClosingDate": null, "inUseDate": null, "metalMinedGold": "FALSE", "metalMinedSilver": 1.0, "metalMinedLead": 1.0, "metalMinedCopper": 0.0, "metalMinedTin": 0.0, "metalMinedIron": 0.0, "metalMinedMercuryCinnabar": 0.0, "metalMinedZinc": 0.0, "metalMinedOther": 0.0, "description": null, "references": "Domergue 1990: 46", "techniqueOpencast": 0.0, "techniqueUnderground": 1.0, "techniqueHydraulic": "FALSE", "techniqueHushing": "FALSE", "techniqueGroundSluicing": "FALSE", "techniqueRuinaMontium": 0.0, "techniqueRakeComb": 0.0, "techniqueGoldWashing": 0.0, "techniqueOther": 0.0, "notes": null, "geology": "Hard rock", "depositType": "Primary", "exploitationType": null, "Flag_Au_Oro": 0, "Status_Au_Oro": "No", "Flag_Ag_Plata": 1, "Status_Ag_Plata": "Confirmado", "Flag_Cu_Cobre": 0, "Status_Cu_Cobre": "No", "Flag_Pb_Plomo": 1, "Status_Pb_Plomo": "Confirmado", "Flag_Hg_Cinabrio": 0, "Status_Hg_Cinabrio": "No", "Flag_Sn_Estano": 0, "Status_Sn_Estano": "No", "Flag_Fe_Hierro": 0, "Status_Fe_Hierro": "No", "Tech_Ruina_Montium": 0, "Tech_Subterranea": 1, "Tech_Cielo_Abierto": 0, "Tech_Lavado_Placer": 0, "Certainty_Spatial": 1.0, "Certainty_Archaeological": 0.9, "Certainty_Metallogenic": 1.0, "Certainty_Score": 0.965, "Certainty_Grade": "Alta Certeza (Grado I)" }, "geometry": { "type": "Point", "coordinates": [ -5.75177293, 38.25530611 ] } },
{ "type": "Feature", "properties": { "mineID": 479, "site": "Casilla del Cobre", "ancientName": null, "province": "Hispania Baetica", "country": "Spain", "region": "Córdoba", "miningDistrict": "Córdoba", "romanianRANID": null, "sanchezPalenciaAndOrejasID": null, "domergueID": "CO 40", "spainMapSheet": 923.0, "lambertX": 498.0, "lambertY": 368.0, "latitude": 37.90215104, "longitude": -4.84830355, "coordinateAccuracy": 100.0, "locationDataSource": "Converted in QGIS from Lambert coords, Madrid 1870", "locationNotes": null, "notBeforeOpeningDate": null, "notAfterOpeningDate": null, "notBeforeClosingDate": null, "notAfterClosingDate": null, "inUseDate": null, "metalMinedGold": "FALSE", "metalMinedSilver": 0.0, "metalMinedLead": 0.0, "metalMinedCopper": 1.0, "metalMinedTin": 0.0, "metalMinedIron": 0.0, "metalMinedMercuryCinnabar": 0.0, "metalMinedZinc": 0.0, "metalMinedOther": 0.0, "description": null, "references": "Domergue 1990: 47", "techniqueOpencast": 0.0, "techniqueUnderground": 1.0, "techniqueHydraulic": "FALSE", "techniqueHushing": "FALSE", "techniqueGroundSluicing": "FALSE", "techniqueRuinaMontium": 0.0, "techniqueRakeComb": 0.0, "techniqueGoldWashing": 0.0, "techniqueOther": 0.0, "notes": null, "geology": "Hard rock", "depositType": null, "exploitationType": null, "Flag_Au_Oro": 0, "Status_Au_Oro": "No", "Flag_Ag_Plata": 0, "Status_Ag_Plata": "No", "Flag_Cu_Cobre": 1, "Status_Cu_Cobre": "Confirmado", "Flag_Pb_Plomo": 0, "Status_Pb_Plomo": "No", "Flag_Hg_Cinabrio": 0, "Status_Hg_Cinabrio": "No", "Flag_Sn_Estano": 0, "Status_Sn_Estano": "No", "Flag_Fe_Hierro": 0, "Status_Fe_Hierro": "No", "Tech_Ruina_Montium": 0, "Tech_Subterranea": 1, "Tech_Cielo_Abierto": 0, "Tech_Lavado_Placer": 0, "Certainty_Spatial": 1.0, "Certainty_Archaeological": 0.9, "Certainty_Metallogenic": 1.0, "Certainty_Score": 0.965, "Certainty_Grade": "Alta Certeza (Grado I)" }, "geometry": { "type": "Point", "coordinates": [ -4.84830355, 37.90215104 ] } },
{ "type": "Feature", "properties": { "mineID": 484, "site": "Castripicón", "ancientName": null, "province": "Hispania Baetica", "country": "Spain", "region": "Córdoba", "miningDistrict": "Córdoba", "romanianRANID": null, "sanchezPalenciaAndOrejasID": null, "domergueID": "CO 43", "spainMapSheet": 922.0, "lambertX": 490.6, "lambertY": 374.4, "latitude": 37.95893796, "longitude": -4.9334936, "coordinateAccuracy": 100.0, "locationDataSource": "Converted in QGIS from Lambert coords, Madrid 1870", "locationNotes": null, "notBeforeOpeningDate": null, "notAfterOpeningDate": null, "notBeforeClosingDate": null, "notAfterClosingDate": null, "inUseDate": null, "metalMinedGold": "FALSE", "metalMinedSilver": 0.0, "metalMinedLead": 0.0, "metalMinedCopper": 1.0, "metalMinedTin": 0.0, "metalMinedIron": 0.0, "metalMinedMercuryCinnabar": 0.0, "metalMinedZinc": 0.0, "metalMinedOther": 0.0, "description": null, "references": "Domergue 1990: 47", "techniqueOpencast": 0.0, "techniqueUnderground": 1.0, "techniqueHydraulic": "FALSE", "techniqueHushing": "FALSE", "techniqueGroundSluicing": "FALSE", "techniqueRuinaMontium": 0.0, "techniqueRakeComb": 0.0, "techniqueGoldWashing": 0.0, "techniqueOther": 0.0, "notes": null, "geology": "Hard rock", "depositType": null, "exploitationType": null, "Flag_Au_Oro": 0, "Status_Au_Oro": "No", "Flag_Ag_Plata": 0, "Status_Ag_Plata": "No", "Flag_Cu_Cobre": 1, "Status_Cu_Cobre": "Confirmado", "Flag_Pb_Plomo": 0, "Status_Pb_Plomo": "No", "Flag_Hg_Cinabrio": 0, "Status_Hg_Cinabrio": "No", "Flag_Sn_Estano": 0, "Status_Sn_Estano": "No", "Flag_Fe_Hierro": 0, "Status_Fe_Hierro": "No", "Tech_Ruina_Montium": 0, "Tech_Subterranea": 1, "Tech_Cielo_Abierto": 0, "Tech_Lavado_Placer": 0, "Certainty_Spatial": 1.0, "Certainty_Archaeological": 0.9, "Certainty_Metallogenic": 1.0, "Certainty_Score": 0.965, "Certainty_Grade": "Alta Certeza (Grado I)" }, "geometry": { "type": "Point", "coordinates": [ -4.9334936, 37.95893796 ] } },
{ "type": "Feature", "properties": { "mineID": 502, "site": "Cerro de la Mina", "ancientName": null, "province": "Hispania Baetica", "country": "Spain", "region": "Badajoz", "miningDistrict": null, "romanianRANID": null, "sanchezPalenciaAndOrejasID": null, "domergueID": "BA 60", "spainMapSheet": 829.0, "lambertX": 354.4, "lambertY": 449.3, "latitude": 38.60604095, "longitude": -6.51042667, "coordinateAccuracy": 100.0, "locationDataSource": "Converted in QGIS from Lambert coords, Madrid 1870", "locationNotes": null, "notBeforeOpeningDate": null, "notAfterOpeningDate": null, "notBeforeClosingDate": null, "notAfterClosingDate": null, "inUseDate": null, "metalMinedGold": "FALSE", "metalMinedSilver": 1.0, "metalMinedLead": 1.0, "metalMinedCopper": 0.0, "metalMinedTin": 0.0, "metalMinedIron": 0.0, "metalMinedMercuryCinnabar": 0.0, "metalMinedZinc": 0.0, "metalMinedOther": 0.0, "description": null, "references": "Domergue 1990: 48", "techniqueOpencast": 0.0, "techniqueUnderground": 1.0, "techniqueHydraulic": "FALSE", "techniqueHushing": "FALSE", "techniqueGroundSluicing": "FALSE", "techniqueRuinaMontium": 0.0, "techniqueRakeComb": 0.0, "techniqueGoldWashing": 0.0, "techniqueOther": 0.0, "notes": null, "geology": null, "depositType": null, "exploitationType": null, "Flag_Au_Oro": 0, "Status_Au_Oro": "No", "Flag_Ag_Plata": 1, "Status_Ag_Plata": "Confirmado", "Flag_Cu_Cobre": 0, "Status_Cu_Cobre": "No", "Flag_Pb_Plomo": 1, "Status_Pb_Plomo": "Confirmado", "Flag_Hg_Cinabrio": 0, "Status_Hg_Cinabrio": "No", "Flag_Sn_Estano": 0, "Status_Sn_Estano": "No", "Flag_Fe_Hierro": 0, "Status_Fe_Hierro": "No", "Tech_Ruina_Montium": 0, "Tech_Subterranea": 1, "Tech_Cielo_Abierto": 0, "Tech_Lavado_Placer": 0, "Certainty_Spatial": 1.0, "Certainty_Archaeological": 0.9, "Certainty_Metallogenic": 1.0, "Certainty_Score": 0.965, "Certainty_Grade": "Alta Certeza (Grado I)" }, "geometry": { "type": "Point", "coordinates": [ -6.51042667, 38.60604095 ] } },
{ "type": "Feature", "properties": { "mineID": 506, "site": "Cerro de la Orden", "ancientName": null, "province": "Hispania Baetica", "country": "Spain", "region": "Badajoz", "miningDistrict": "Azuaga-Fuenteovejuna", "romanianRANID": null, "sanchezPalenciaAndOrejasID": null, "domergueID": "BA 27", "spainMapSheet": 878.0, "lambertX": 415.4, "lambertY": 414.3, "latitude": 38.30581558, "longitude": -5.80017903, "coordinateAccuracy": 100.0, "locationDataSource": "Converted in QGIS from Lambert coords, Madrid 1870", "locationNotes": null, "notBeforeOpeningDate": null, "notAfterOpeningDate": null, "notBeforeClosingDate": null, "notAfterClosingDate": null, "inUseDate": null, "metalMinedGold": "FALSE", "metalMinedSilver": 1.0, "metalMinedLead": 1.0, "metalMinedCopper": 0.0, "metalMinedTin": 0.0, "metalMinedIron": 0.0, "metalMinedMercuryCinnabar": 0.0, "metalMinedZinc": 0.0, "metalMinedOther": 0.0, "description": null, "references": "Domergue 1990: 46", "techniqueOpencast": 0.0, "techniqueUnderground": 1.0, "techniqueHydraulic": "FALSE", "techniqueHushing": "FALSE", "techniqueGroundSluicing": "FALSE", "techniqueRuinaMontium": 0.0, "techniqueRakeComb": 0.0, "techniqueGoldWashing": 0.0, "techniqueOther": 0.0, "notes": null, "geology": "Hard rock", "depositType": "Primary", "exploitationType": null, "Flag_Au_Oro": 0, "Status_Au_Oro": "No", "Flag_Ag_Plata": 1, "Status_Ag_Plata": "Confirmado", "Flag_Cu_Cobre": 0, "Status_Cu_Cobre": "No", "Flag_Pb_Plomo": 1, "Status_Pb_Plomo": "Confirmado", "Flag_Hg_Cinabrio": 0, "Status_Hg_Cinabrio": "No", "Flag_Sn_Estano": 0, "Status_Sn_Estano": "No", "Flag_Fe_Hierro": 0, "Status_Fe_Hierro": "No", "Tech_Ruina_Montium": 0, "Tech_Subterranea": 1, "Tech_Cielo_Abierto": 0, "Tech_Lavado_Placer": 0, "Certainty_Spatial": 1.0, "Certainty_Archaeological": 0.9, "Certainty_Metallogenic": 1.0, "Certainty_Score": 0.965, "Certainty_Grade": "Alta Certeza (Grado I)" }, "geometry": { "type": "Point", "coordinates": [ -5.80017903, 38.30581558 ] } },
{ "type": "Feature", "properties": { "mineID": 514, "site": "Cerro del Cura", "ancientName": null, "province": "Hispania Baetica", "country": "Spain", "region": "Córdoba", "miningDistrict": "Los Pedroches", "romanianRANID": null, "sanchezPalenciaAndOrejasID": null, "domergueID": "CO 37", "spainMapSheet": 860.0, "lambertX": 528.8, "lambertY": 425.4, "latitude": 38.42267476, "longitude": -4.50392006, "coordinateAccuracy": 100.0, "locationDataSource": "Converted in QGIS from Lambert coords, Madrid 1870", "locationNotes": null, "notBeforeOpeningDate": null, "notAfterOpeningDate": null, "notBeforeClosingDate": null, "notAfterClosingDate": null, "inUseDate": null, "metalMinedGold": "FALSE", "metalMinedSilver": 0.0, "metalMinedLead": 0.0, "metalMinedCopper": 1.0, "metalMinedTin": 0.0, "metalMinedIron": 0.0, "metalMinedMercuryCinnabar": 0.0, "metalMinedZinc": 0.0, "metalMinedOther": 0.0, "description": null, "references": "Domergue 1990: 48", "techniqueOpencast": 0.0, "techniqueUnderground": 1.0, "techniqueHydraulic": "FALSE", "techniqueHushing": "FALSE", "techniqueGroundSluicing": "FALSE", "techniqueRuinaMontium": 0.0, "techniqueRakeComb": 0.0, "techniqueGoldWashing": 0.0, "techniqueOther": 0.0, "notes": null, "geology": "Hard rock", "depositType": "Primary", "exploitationType": null, "Flag_Au_Oro": 0, "Status_Au_Oro": "No", "Flag_Ag_Plata": 0, "Status_Ag_Plata": "No", "Flag_Cu_Cobre": 1, "Status_Cu_Cobre": "Confirmado", "Flag_Pb_Plomo": 0, "Status_Pb_Plomo": "No", "Flag_Hg_Cinabrio": 0, "Status_Hg_Cinabrio": "No", "Flag_Sn_Estano": 0, "Status_Sn_Estano": "No", "Flag_Fe_Hierro": 0, "Status_Fe_Hierro": "No", "Tech_Ruina_Montium": 0, "Tech_Subterranea": 1, "Tech_Cielo_Abierto": 0, "Tech_Lavado_Placer": 0, "Certainty_Spatial": 1.0, "Certainty_Archaeological": 0.9, "Certainty_Metallogenic": 1.0, "Certainty_Score": 0.965, "Certainty_Grade": "Alta Certeza (Grado I)" }, "geometry": { "type": "Point", "coordinates": [ -4.50392006, 38.42267476 ] } },
{ "type": "Feature", "properties": { "mineID": 518, "site": "Cerro Muriano", "ancientName": null, "province": "Hispania Baetica", "country": "Spain", "region": "Córdoba", "miningDistrict": "Córdoba", "romanianRANID": null, "sanchezPalenciaAndOrejasID": null, "domergueID": "CO 39", "spainMapSheet": 902.0, "lambertX": 504.2, "lambertY": 379.3, "latitude": 38.00471301, "longitude": -4.77935278, "coordinateAccuracy": 100.0, "locationDataSource": "Converted in QGIS from Lambert coords, Madrid 1870", "locationNotes": null, "notBeforeOpeningDate": null, "notAfterOpeningDate": null, "notBeforeClosingDate": null, "notAfterClosingDate": null, "inUseDate": null, "metalMinedGold": "FALSE", "metalMinedSilver": 0.0, "metalMinedLead": 0.0, "metalMinedCopper": 1.0, "metalMinedTin": 0.0, "metalMinedIron": 0.0, "metalMinedMercuryCinnabar": 0.0, "metalMinedZinc": 0.0, "metalMinedOther": 0.0, "description": null, "references": "Domergue 1990: 47", "techniqueOpencast": 0.0, "techniqueUnderground": 1.0, "techniqueHydraulic": "FALSE", "techniqueHushing": "FALSE", "techniqueGroundSluicing": "FALSE", "techniqueRuinaMontium": 0.0, "techniqueRakeComb": 0.0, "techniqueGoldWashing": 0.0, "techniqueOther": 0.0, "notes": null, "geology": "Hard rock", "depositType": null, "exploitationType": null, "Flag_Au_Oro": 0, "Status_Au_Oro": "No", "Flag_Ag_Plata": 0, "Status_Ag_Plata": "No", "Flag_Cu_Cobre": 1, "Status_Cu_Cobre": "Confirmado", "Flag_Pb_Plomo": 0, "Status_Pb_Plomo": "No", "Flag_Hg_Cinabrio": 0, "Status_Hg_Cinabrio": "No", "Flag_Sn_Estano": 0, "Status_Sn_Estano": "No", "Flag_Fe_Hierro": 0, "Status_Fe_Hierro": "No", "Tech_Ruina_Montium": 0, "Tech_Subterranea": 1, "Tech_Cielo_Abierto": 0, "Tech_Lavado_Placer": 0, "Certainty_Spatial": 1.0, "Certainty_Archaeological": 0.9, "Certainty_Metallogenic": 1.0, "Certainty_Score": 0.965, "Certainty_Grade": "Alta Certeza (Grado I)" }, "geometry": { "type": "Point", "coordinates": [ -4.77935278, 38.00471301 ] } },
{ "type": "Feature", "properties": { "mineID": 527, "site": "Chaparro Barrenado", "ancientName": null, "province": "Hispania Baetica", "country": "Spain", "region": "Córdoba", "miningDistrict": "Los Pedroches", "romanianRANID": null, "sanchezPalenciaAndOrejasID": null, "domergueID": "CO 4", "spainMapSheet": 880.0, "lambertX": 493.5, "lambertY": 415.2, "latitude": 38.32708502, "longitude": -4.90683199, "coordinateAccuracy": 100.0, "locationDataSource": "Converted in QGIS from Lambert coords, Madrid 1870", "locationNotes": null, "notBeforeOpeningDate": null, "notAfterOpeningDate": null, "notBeforeClosingDate": null, "notAfterClosingDate": null, "inUseDate": null, "metalMinedGold": "FALSE", "metalMinedSilver": 1.0, "metalMinedLead": 1.0, "metalMinedCopper": 1.0, "metalMinedTin": 0.0, "metalMinedIron": 0.0, "metalMinedMercuryCinnabar": 0.0, "metalMinedZinc": 0.0, "metalMinedOther": 0.0, "description": null, "references": "Domergue 1990: 48", "techniqueOpencast": 0.0, "techniqueUnderground": 1.0, "techniqueHydraulic": "FALSE", "techniqueHushing": "FALSE", "techniqueGroundSluicing": "FALSE", "techniqueRuinaMontium": 0.0, "techniqueRakeComb": 0.0, "techniqueGoldWashing": 0.0, "techniqueOther": 0.0, "notes": null, "geology": "Hard rock", "depositType": "Primary", "exploitationType": null, "Flag_Au_Oro": 0, "Status_Au_Oro": "No", "Flag_Ag_Plata": 1, "Status_Ag_Plata": "Confirmado", "Flag_Cu_Cobre": 1, "Status_Cu_Cobre": "Confirmado", "Flag_Pb_Plomo": 1, "Status_Pb_Plomo": "Confirmado", "Flag_Hg_Cinabrio": 0, "Status_Hg_Cinabrio": "No", "Flag_Sn_Estano": 0, "Status_Sn_Estano": "No", "Flag_Fe_Hierro": 0, "Status_Fe_Hierro": "No", "Tech_Ruina_Montium": 0, "Tech_Subterranea": 1, "Tech_Cielo_Abierto": 0, "Tech_Lavado_Placer": 0, "Certainty_Spatial": 1.0, "Certainty_Archaeological": 0.9, "Certainty_Metallogenic": 1.0, "Certainty_Score": 0.965, "Certainty_Grade": "Alta Certeza (Grado I)" }, "geometry": { "type": "Point", "coordinates": [ -4.90683199, 38.32708502 ] } },
{ "type": "Feature", "properties": { "mineID": 539, "site": "Colmenarejo", "ancientName": null, "province": "Hispania Tarraconensis", "country": "Spain", "region": "Madrid", "miningDistrict": null, "romanianRANID": null, "sanchezPalenciaAndOrejasID": null, "domergueID": "M 1", "spainMapSheet": 533.0, "lambertX": 574.0, "lambertY": 658.5, "latitude": 40.52705831, "longitude": -3.995123268, "coordinateAccuracy": 100.0, "locationDataSource": "Converted in QGIS from Lambert coords, Madrid 1870", "locationNotes": null, "notBeforeOpeningDate": null, "notAfterOpeningDate": null, "notBeforeClosingDate": null, "notAfterClosingDate": null, "inUseDate": null, "metalMinedGold": "FALSE", "metalMinedSilver": 0.0, "metalMinedLead": 0.0, "metalMinedCopper": 1.0, "metalMinedTin": 0.0, "metalMinedIron": 0.0, "metalMinedMercuryCinnabar": 0.0, "metalMinedZinc": 0.0, "metalMinedOther": 0.0, "description": null, "references": "Domergue 1990: 64", "techniqueOpencast": 0.0, "techniqueUnderground": 1.0, "techniqueHydraulic": "FALSE", "techniqueHushing": "FALSE", "techniqueGroundSluicing": "FALSE", "techniqueRuinaMontium": 0.0, "techniqueRakeComb": 0.0, "techniqueGoldWashing": 0.0, "techniqueOther": 0.0, "notes": null, "geology": null, "depositType": null, "exploitationType": null, "Flag_Au_Oro": 0, "Status_Au_Oro": "No", "Flag_Ag_Plata": 0, "Status_Ag_Plata": "No", "Flag_Cu_Cobre": 1, "Status_Cu_Cobre": "Confirmado", "Flag_Pb_Plomo": 0, "Status_Pb_Plomo": "No", "Flag_Hg_Cinabrio": 0, "Status_Hg_Cinabrio": "No", "Flag_Sn_Estano": 0, "Status_Sn_Estano": "No", "Flag_Fe_Hierro": 0, "Status_Fe_Hierro": "No", "Tech_Ruina_Montium": 0, "Tech_Subterranea": 1, "Tech_Cielo_Abierto": 0, "Tech_Lavado_Placer": 0, "Certainty_Spatial": 1.0, "Certainty_Archaeological": 0.9, "Certainty_Metallogenic": 1.0, "Certainty_Score": 0.965, "Certainty_Grade": "Alta Certeza (Grado I)" }, "geometry": { "type": "Point", "coordinates": [ -3.995123268, 40.52705831 ] } },
{ "type": "Feature", "properties": { "mineID": 542, "site": "Concepción", "ancientName": null, "province": "Hispania Baetica", "country": "Spain", "region": "Huelva", "miningDistrict": "Huelva", "romanianRANID": null, "sanchezPalenciaAndOrejasID": null, "domergueID": "H 6", "spainMapSheet": 938.0, "lambertX": 337.0, "lambertY": 357.3, "latitude": 37.77196159, "longitude": -6.67482944, "coordinateAccuracy": 100.0, "locationDataSource": "Converted in QGIS from Lambert coords, Madrid 1870", "locationNotes": null, "notBeforeOpeningDate": null, "notAfterOpeningDate": null, "notBeforeClosingDate": null, "notAfterClosingDate": null, "inUseDate": null, "metalMinedGold": "FALSE", "metalMinedSilver": 0.0, "metalMinedLead": 0.0, "metalMinedCopper": 1.0, "metalMinedTin": 0.0, "metalMinedIron": 0.0, "metalMinedMercuryCinnabar": 0.0, "metalMinedZinc": 0.0, "metalMinedOther": 0.0, "description": null, "references": "Domergue 1990: 62", "techniqueOpencast": 0.0, "techniqueUnderground": 1.0, "techniqueHydraulic": "FALSE", "techniqueHushing": "FALSE", "techniqueGroundSluicing": "FALSE", "techniqueRuinaMontium": 0.0, "techniqueRakeComb": 0.0, "techniqueGoldWashing": 0.0, "techniqueOther": 0.0, "notes": null, "geology": "Pyrite", "depositType": "Primary", "exploitationType": null, "Flag_Au_Oro": 0, "Status_Au_Oro": "No", "Flag_Ag_Plata": 0, "Status_Ag_Plata": "No", "Flag_Cu_Cobre": 1, "Status_Cu_Cobre": "Confirmado", "Flag_Pb_Plomo": 0, "Status_Pb_Plomo": "No", "Flag_Hg_Cinabrio": 0, "Status_Hg_Cinabrio": "No", "Flag_Sn_Estano": 0, "Status_Sn_Estano": "No", "Flag_Fe_Hierro": 0, "Status_Fe_Hierro": "No", "Tech_Ruina_Montium": 0, "Tech_Subterranea": 1, "Tech_Cielo_Abierto": 0, "Tech_Lavado_Placer": 0, "Certainty_Spatial": 1.0, "Certainty_Archaeological": 0.9, "Certainty_Metallogenic": 1.0, "Certainty_Score": 0.965, "Certainty_Grade": "Alta Certeza (Grado I)" }, "geometry": { "type": "Point", "coordinates": [ -6.67482944, 37.77196159 ] } },
{ "type": "Feature", "properties": { "mineID": 545, "site": "Corcoesto", "ancientName": null, "province": "Hispania Tarraconensis", "country": "Spain", "region": "La Coruña", "miningDistrict": "Cuenca del Allones", "romanianRANID": null, "sanchezPalenciaAndOrejasID": "AL-01", "domergueID": "C 2", "spainMapSheet": 44.0, "lambertX": 181.9, "lambertY": 970.3, "latitude": 43.22747548, "longitude": -8.83494566, "coordinateAccuracy": 100.0, "locationDataSource": "Converted in QGIS from Lambert coords, Madrid 1870", "locationNotes": null, "notBeforeOpeningDate": null, "notAfterOpeningDate": null, "notBeforeClosingDate": null, "notAfterClosingDate": null, "inUseDate": null, "metalMinedGold": "TRUE", "metalMinedSilver": 0.0, "metalMinedLead": 0.0, "metalMinedCopper": 0.0, "metalMinedTin": 0.0, "metalMinedIron": 0.0, "metalMinedMercuryCinnabar": 0.0, "metalMinedZinc": 0.0, "metalMinedOther": 0.0, "description": null, "references": "Domergue 1990: 40; Sanchez-Palencia and Orejas 1994, 188", "techniqueOpencast": 0.0, "techniqueUnderground": 1.0, "techniqueHydraulic": "FALSE", "techniqueHushing": "FALSE", "techniqueGroundSluicing": "FALSE", "techniqueRuinaMontium": 0.0, "techniqueRakeComb": 0.0, "techniqueGoldWashing": 0.0, "techniqueOther": 0.0, "notes": "Modern exploitation estimates quartz veins at up to 148.5 g Au/t and silicified breccia veins at up to 46 g Au/t in narrow zones", "geology": "Hard rock", "depositType": "Primary", "exploitationType": "Selective", "Flag_Au_Oro": 1, "Status_Au_Oro": "Confirmado", "Flag_Ag_Plata": 0, "Status_Ag_Plata": "No", "Flag_Cu_Cobre": 0, "Status_Cu_Cobre": "No", "Flag_Pb_Plomo": 0, "Status_Pb_Plomo": "No", "Flag_Hg_Cinabrio": 0, "Status_Hg_Cinabrio": "No", "Flag_Sn_Estano": 0, "Status_Sn_Estano": "No", "Flag_Fe_Hierro": 0, "Status_Fe_Hierro": "No", "Tech_Ruina_Montium": 0, "Tech_Subterranea": 1, "Tech_Cielo_Abierto": 0, "Tech_Lavado_Placer": 0, "Certainty_Spatial": 1.0, "Certainty_Archaeological": 1.0, "Certainty_Metallogenic": 1.0, "Certainty_Score": 1.0, "Certainty_Grade": "Alta Certeza (Grado I)" }, "geometry": { "type": "Point", "coordinates": [ -8.83494566, 43.22747548 ] } },
{ "type": "Feature", "properties": { "mineID": 558, "site": "Coto Fortuna", "ancientName": null, "province": "Hispania Tarraconensis", "country": "Spain", "region": "Murcia", "miningDistrict": "Cartagena-Mazarrón", "romanianRANID": null, "sanchezPalenciaAndOrejasID": null, "domergueID": "MU 12", "spainMapSheet": 976.0, "lambertX": 801.1, "lambertY": 336.1, "latitude": 37.59743527, "longitude": -1.409844499, "coordinateAccuracy": 100.0, "locationDataSource": "Converted in QGIS from Lambert coords, Madrid 1870", "locationNotes": null, "notBeforeOpeningDate": null, "notAfterOpeningDate": null, "notBeforeClosingDate": null, "notAfterClosingDate": null, "inUseDate": "Late Republican/early Julio-Claudia", "metalMinedGold": "FALSE", "metalMinedSilver": 1.0, "metalMinedLead": 1.0, "metalMinedCopper": 0.0, "metalMinedTin": 0.0, "metalMinedIron": 0.0, "metalMinedMercuryCinnabar": 0.0, "metalMinedZinc": 0.0, "metalMinedOther": 0.0, "description": "Located in the Mazarron region it was a huge mining area as indicated by the archaeological remains of buildings, workings and mining waste (over 2.4 million tons). It had galleries measuring over 2 km in length. It was opened in the Republican period and was leased to mining companies.", "references": "Domergue 1990: 64", "techniqueOpencast": 0.0, "techniqueUnderground": 1.0, "techniqueHydraulic": "FALSE", "techniqueHushing": "FALSE", "techniqueGroundSluicing": "FALSE", "techniqueRuinaMontium": 0.0, "techniqueRakeComb": 0.0, "techniqueGoldWashing": 0.0, "techniqueOther": 0.0, "notes": "Five ingots of the societas argentifodinarum Ilucronensium found here in the early 20th c.", "geology": null, "depositType": null, "exploitationType": null, "Flag_Au_Oro": 0, "Status_Au_Oro": "No", "Flag_Ag_Plata": 1, "Status_Ag_Plata": "Confirmado", "Flag_Cu_Cobre": 0, "Status_Cu_Cobre": "No", "Flag_Pb_Plomo": 1, "Status_Pb_Plomo": "Confirmado", "Flag_Hg_Cinabrio": 0, "Status_Hg_Cinabrio": "No", "Flag_Sn_Estano": 0, "Status_Sn_Estano": "No", "Flag_Fe_Hierro": 0, "Status_Fe_Hierro": "No", "Tech_Ruina_Montium": 0, "Tech_Subterranea": 1, "Tech_Cielo_Abierto": 0, "Tech_Lavado_Placer": 0, "Certainty_Spatial": 1.0, "Certainty_Archaeological": 0.9, "Certainty_Metallogenic": 1.0, "Certainty_Score": 0.965, "Certainty_Grade": "Alta Certeza (Grado I)" }, "geometry": { "type": "Point", "coordinates": [ -1.409844499, 37.59743527 ] } },
{ "type": "Feature", "properties": { "mineID": 576, "site": "Cueva de Xuan Rata", "ancientName": null, "province": "Hispania Tarraconensis", "country": "Spain", "region": "Oviedo", "miningDistrict": "Cuenca del Navia", "romanianRANID": null, "sanchezPalenciaAndOrejasID": "NV-36", "domergueID": null, "spainMapSheet": null, "lambertX": null, "lambertY": null, "latitude": 43.277882, "longitude": -6.690545, "coordinateAccuracy": 0.0, "locationDataSource": "GPS, site visit 2010", "locationNotes": null, "notBeforeOpeningDate": null, "notAfterOpeningDate": null, "notBeforeClosingDate": null, "notAfterClosingDate": null, "inUseDate": null, "metalMinedGold": "TRUE", "metalMinedSilver": 0.0, "metalMinedLead": 0.0, "metalMinedCopper": 0.0, "metalMinedTin": 0.0, "metalMinedIron": 0.0, "metalMinedMercuryCinnabar": 0.0, "metalMinedZinc": 0.0, "metalMinedOther": 0.0, "description": "Underground adit driven into hillside; prospection?", "references": "Sanchez-Palencia and Orejas 1994, 200", "techniqueOpencast": 0.0, "techniqueUnderground": 1.0, "techniqueHydraulic": "FALSE", "techniqueHushing": "FALSE", "techniqueGroundSluicing": "FALSE", "techniqueRuinaMontium": 0.0, "techniqueRakeComb": 0.0, "techniqueGoldWashing": 0.0, "techniqueOther": 0.0, "notes": null, "geology": "Hard rock", "depositType": "Primary", "exploitationType": "Selective", "Flag_Au_Oro": 1, "Status_Au_Oro": "Confirmado", "Flag_Ag_Plata": 0, "Status_Ag_Plata": "No", "Flag_Cu_Cobre": 0, "Status_Cu_Cobre": "No", "Flag_Pb_Plomo": 0, "Status_Pb_Plomo": "No", "Flag_Hg_Cinabrio": 0, "Status_Hg_Cinabrio": "No", "Flag_Sn_Estano": 0, "Status_Sn_Estano": "No", "Flag_Fe_Hierro": 0, "Status_Fe_Hierro": "No", "Tech_Ruina_Montium": 0, "Tech_Subterranea": 1, "Tech_Cielo_Abierto": 0, "Tech_Lavado_Placer": 0, "Certainty_Spatial": 1.0, "Certainty_Archaeological": 0.9, "Certainty_Metallogenic": 1.0, "Certainty_Score": 0.965, "Certainty_Grade": "Alta Certeza (Grado I)" }, "geometry": { "type": "Point", "coordinates": [ -6.690545, 43.277882 ] } },
{ "type": "Feature", "properties": { "mineID": 577, "site": "Cueva del Hierro", "ancientName": null, "province": "Hispania Tarraconensis", "country": "Spain", "region": "Cuenca", "miningDistrict": null, "romanianRANID": null, "sanchezPalenciaAndOrejasID": null, "domergueID": null, "spainMapSheet": null, "lambertX": null, "lambertY": null, "latitude": 40.58513, "longitude": -2.037399, "coordinateAccuracy": 0.0, "locationDataSource": "http://www.cuevadelhierro.com/como-llegar-accesos-a-la-mina/", "locationNotes": null, "notBeforeOpeningDate": null, "notAfterOpeningDate": null, "notBeforeClosingDate": null, "notAfterClosingDate": null, "inUseDate": null, "metalMinedGold": "FALSE", "metalMinedSilver": 0.0, "metalMinedLead": 0.0, "metalMinedCopper": 0.0, "metalMinedTin": 0.0, "metalMinedIron": 1.0, "metalMinedMercuryCinnabar": 0.0, "metalMinedZinc": 0.0, "metalMinedOther": 0.0, "description": null, "references": "http://www.cuevadelhierro.com/", "techniqueOpencast": 0.0, "techniqueUnderground": 1.0, "techniqueHydraulic": "FALSE", "techniqueHushing": "FALSE", "techniqueGroundSluicing": "FALSE", "techniqueRuinaMontium": 0.0, "techniqueRakeComb": 0.0, "techniqueGoldWashing": 0.0, "techniqueOther": 0.0, "notes": null, "geology": null, "depositType": null, "exploitationType": null, "Flag_Au_Oro": 0, "Status_Au_Oro": "No", "Flag_Ag_Plata": 0, "Status_Ag_Plata": "No", "Flag_Cu_Cobre": 0, "Status_Cu_Cobre": "No", "Flag_Pb_Plomo": 0, "Status_Pb_Plomo": "No", "Flag_Hg_Cinabrio": 0, "Status_Hg_Cinabrio": "No", "Flag_Sn_Estano": 0, "Status_Sn_Estano": "No", "Flag_Fe_Hierro": 1, "Status_Fe_Hierro": "Confirmado", "Tech_Ruina_Montium": 0, "Tech_Subterranea": 1, "Tech_Cielo_Abierto": 0, "Tech_Lavado_Placer": 0, "Certainty_Spatial": 1.0, "Certainty_Archaeological": 0.75, "Certainty_Metallogenic": 1.0, "Certainty_Score": 0.9125, "Certainty_Grade": "Alta Certeza (Grado I)" }, "geometry": { "type": "Point", "coordinates": [ -2.037399, 40.58513 ] } },
{ "type": "Feature", "properties": { "mineID": 579, "site": "Dehesa", "ancientName": null, "province": "Hispania Baetica", "country": "Spain", "region": "Badajoz", "miningDistrict": "Azuaga-Fuenteovejuna", "romanianRANID": null, "sanchezPalenciaAndOrejasID": null, "domergueID": "BA 25", "spainMapSheet": 878.0, "lambertX": 415.2, "lambertY": 409.1, "latitude": 38.25890445, "longitude": -5.80105636, "coordinateAccuracy": 100.0, "locationDataSource": "Converted in QGIS from Lambert coords, Madrid 1870", "locationNotes": null, "notBeforeOpeningDate": null, "notAfterOpeningDate": null, "notBeforeClosingDate": null, "notAfterClosingDate": null, "inUseDate": null, "metalMinedGold": "FALSE", "metalMinedSilver": 1.0, "metalMinedLead": 1.0, "metalMinedCopper": 0.0, "metalMinedTin": 0.0, "metalMinedIron": 0.0, "metalMinedMercuryCinnabar": 0.0, "metalMinedZinc": 0.0, "metalMinedOther": 0.0, "description": null, "references": "Domergue 1990: 46", "techniqueOpencast": 0.0, "techniqueUnderground": 1.0, "techniqueHydraulic": "FALSE", "techniqueHushing": "FALSE", "techniqueGroundSluicing": "FALSE", "techniqueRuinaMontium": 0.0, "techniqueRakeComb": 0.0, "techniqueGoldWashing": 0.0, "techniqueOther": 0.0, "notes": null, "geology": "Hard rock", "depositType": "Primary", "exploitationType": null, "Flag_Au_Oro": 0, "Status_Au_Oro": "No", "Flag_Ag_Plata": 1, "Status_Ag_Plata": "Confirmado", "Flag_Cu_Cobre": 0, "Status_Cu_Cobre": "No", "Flag_Pb_Plomo": 1, "Status_Pb_Plomo": "Confirmado", "Flag_Hg_Cinabrio": 0, "Status_Hg_Cinabrio": "No", "Flag_Sn_Estano": 0, "Status_Sn_Estano": "No", "Flag_Fe_Hierro": 0, "Status_Fe_Hierro": "No", "Tech_Ruina_Montium": 0, "Tech_Subterranea": 1, "Tech_Cielo_Abierto": 0, "Tech_Lavado_Placer": 0, "Certainty_Spatial": 1.0, "Certainty_Archaeological": 0.9, "Certainty_Metallogenic": 1.0, "Certainty_Score": 0.965, "Certainty_Grade": "Alta Certeza (Grado I)" }, "geometry": { "type": "Point", "coordinates": [ -5.80105636, 38.25890445 ] } },
{ "type": "Feature", "properties": { "mineID": 582, "site": "Dehesa de la Mesa", "ancientName": null, "province": "Hispania Baetica", "country": "Spain", "region": "Badajoz", "miningDistrict": "Azuaga-Fuenteovejuna", "romanianRANID": null, "sanchezPalenciaAndOrejasID": null, "domergueID": "BA 17", "spainMapSheet": 878.0, "lambertX": 434.9, "lambertY": 401.2, "latitude": 38.19168364, "longitude": -5.57395462, "coordinateAccuracy": 100.0, "locationDataSource": "Converted in QGIS from Lambert coords, Madrid 1870", "locationNotes": null, "notBeforeOpeningDate": null, "notAfterOpeningDate": null, "notBeforeClosingDate": null, "notAfterClosingDate": null, "inUseDate": null, "metalMinedGold": "FALSE", "metalMinedSilver": 1.0, "metalMinedLead": 1.0, "metalMinedCopper": 0.0, "metalMinedTin": 0.0, "metalMinedIron": 0.0, "metalMinedMercuryCinnabar": 0.0, "metalMinedZinc": 0.0, "metalMinedOther": 0.0, "description": null, "references": "Domergue 1990: 46", "techniqueOpencast": 0.0, "techniqueUnderground": 1.0, "techniqueHydraulic": "FALSE", "techniqueHushing": "FALSE", "techniqueGroundSluicing": "FALSE", "techniqueRuinaMontium": 0.0, "techniqueRakeComb": 0.0, "techniqueGoldWashing": 0.0, "techniqueOther": 0.0, "notes": null, "geology": "Hard rock", "depositType": "Primary", "exploitationType": null, "Flag_Au_Oro": 0, "Status_Au_Oro": "No", "Flag_Ag_Plata": 1, "Status_Ag_Plata": "Confirmado", "Flag_Cu_Cobre": 0, "Status_Cu_Cobre": "No", "Flag_Pb_Plomo": 1, "Status_Pb_Plomo": "Confirmado", "Flag_Hg_Cinabrio": 0, "Status_Hg_Cinabrio": "No", "Flag_Sn_Estano": 0, "Status_Sn_Estano": "No", "Flag_Fe_Hierro": 0, "Status_Fe_Hierro": "No", "Tech_Ruina_Montium": 0, "Tech_Subterranea": 1, "Tech_Cielo_Abierto": 0, "Tech_Lavado_Placer": 0, "Certainty_Spatial": 1.0, "Certainty_Archaeological": 0.9, "Certainty_Metallogenic": 1.0, "Certainty_Score": 0.965, "Certainty_Grade": "Alta Certeza (Grado I)" }, "geometry": { "type": "Point", "coordinates": [ -5.57395462, 38.19168364 ] } },
{ "type": "Feature", "properties": { "mineID": 586, "site": "Dehesa Quebradillas", "ancientName": null, "province": "Hispania Baetica", "country": "Spain", "region": "Córdoba", "miningDistrict": "Los Pedroches", "romanianRANID": null, "sanchezPalenciaAndOrejasID": null, "domergueID": "CO 34", "spainMapSheet": 860.0, "lambertX": 529.3, "lambertY": 421.7, "latitude": 38.38935788, "longitude": -4.49780491, "coordinateAccuracy": 100.0, "locationDataSource": "Converted in QGIS from Lambert coords, Madrid 1870", "locationNotes": null, "notBeforeOpeningDate": null, "notAfterOpeningDate": null, "notBeforeClosingDate": null, "notAfterClosingDate": null, "inUseDate": null, "metalMinedGold": "FALSE", "metalMinedSilver": 0.0, "metalMinedLead": 0.0, "metalMinedCopper": 1.0, "metalMinedTin": 0.0, "metalMinedIron": 0.0, "metalMinedMercuryCinnabar": 0.0, "metalMinedZinc": 0.0, "metalMinedOther": 0.0, "description": null, "references": "Domergue 1990: 47", "techniqueOpencast": 0.0, "techniqueUnderground": 1.0, "techniqueHydraulic": "FALSE", "techniqueHushing": "FALSE", "techniqueGroundSluicing": "FALSE", "techniqueRuinaMontium": 0.0, "techniqueRakeComb": 0.0, "techniqueGoldWashing": 0.0, "techniqueOther": 0.0, "notes": null, "geology": "Hard rock", "depositType": "Primary", "exploitationType": null, "Flag_Au_Oro": 0, "Status_Au_Oro": "No", "Flag_Ag_Plata": 0, "Status_Ag_Plata": "No", "Flag_Cu_Cobre": 1, "Status_Cu_Cobre": "Confirmado", "Flag_Pb_Plomo": 0, "Status_Pb_Plomo": "No", "Flag_Hg_Cinabrio": 0, "Status_Hg_Cinabrio": "No", "Flag_Sn_Estano": 0, "Status_Sn_Estano": "No", "Flag_Fe_Hierro": 0, "Status_Fe_Hierro": "No", "Tech_Ruina_Montium": 0, "Tech_Subterranea": 1, "Tech_Cielo_Abierto": 0, "Tech_Lavado_Placer": 0, "Certainty_Spatial": 1.0, "Certainty_Archaeological": 0.9, "Certainty_Metallogenic": 1.0, "Certainty_Score": 0.965, "Certainty_Grade": "Alta Certeza (Grado I)" }, "geometry": { "type": "Point", "coordinates": [ -4.49780491, 38.38935788 ] } },
{ "type": "Feature", "properties": { "mineID": 588, "site": "Diógenes", "ancientName": null, "province": "Hispania Tarraconensis", "country": "Spain", "region": "Ciudad Real", "miningDistrict": "Alcudia", "romanianRANID": null, "sanchezPalenciaAndOrejasID": null, "domergueID": "CR 39", "spainMapSheet": 862.0, "lambertX": 593.7, "lambertY": 425.8, "latitude": 38.42919649, "longitude": -3.76014518, "coordinateAccuracy": 100.0, "locationDataSource": "Converted in QGIS from Lambert coords, Madrid 1870", "locationNotes": null, "notBeforeOpeningDate": null, "notAfterOpeningDate": null, "notBeforeClosingDate": null, "notAfterClosingDate": null, "inUseDate": null, "metalMinedGold": "FALSE", "metalMinedSilver": 1.0, "metalMinedLead": 1.0, "metalMinedCopper": 0.0, "metalMinedTin": 0.0, "metalMinedIron": 0.0, "metalMinedMercuryCinnabar": 0.0, "metalMinedZinc": 0.0, "metalMinedOther": 0.0, "description": null, "references": "Domergue 1990: 46", "techniqueOpencast": 1.0, "techniqueUnderground": 1.0, "techniqueHydraulic": "FALSE", "techniqueHushing": "FALSE", "techniqueGroundSluicing": "FALSE", "techniqueRuinaMontium": 0.0, "techniqueRakeComb": 0.0, "techniqueGoldWashing": 0.0, "techniqueOther": 0.0, "notes": null, "geology": null, "depositType": null, "exploitationType": null, "Flag_Au_Oro": 0, "Status_Au_Oro": "No", "Flag_Ag_Plata": 1, "Status_Ag_Plata": "Confirmado", "Flag_Cu_Cobre": 0, "Status_Cu_Cobre": "No", "Flag_Pb_Plomo": 1, "Status_Pb_Plomo": "Confirmado", "Flag_Hg_Cinabrio": 0, "Status_Hg_Cinabrio": "No", "Flag_Sn_Estano": 0, "Status_Sn_Estano": "No", "Flag_Fe_Hierro": 0, "Status_Fe_Hierro": "No", "Tech_Ruina_Montium": 0, "Tech_Subterranea": 1, "Tech_Cielo_Abierto": 1, "Tech_Lavado_Placer": 0, "Certainty_Spatial": 1.0, "Certainty_Archaeological": 0.9, "Certainty_Metallogenic": 1.0, "Certainty_Score": 0.965, "Certainty_Grade": "Alta Certeza (Grado I)" }, "geometry": { "type": "Point", "coordinates": [ -3.76014518, 38.42919649 ] } },
{ "type": "Feature", "properties": { "mineID": 602, "site": "El Calvo", "ancientName": null, "province": "Hispania Baetica", "country": "Spain", "region": "Badajoz", "miningDistrict": "Azuaga-Fuenteovejuna", "romanianRANID": null, "sanchezPalenciaAndOrejasID": null, "domergueID": "BA 26", "spainMapSheet": 878.0, "lambertX": 413.7, "lambertY": 411.7, "latitude": 38.28201657, "longitude": -5.81891239, "coordinateAccuracy": 100.0, "locationDataSource": "Converted in QGIS from Lambert coords, Madrid 1870", "locationNotes": null, "notBeforeOpeningDate": null, "notAfterOpeningDate": null, "notBeforeClosingDate": null, "notAfterClosingDate": null, "inUseDate": null, "metalMinedGold": "FALSE", "metalMinedSilver": 1.0, "metalMinedLead": 1.0, "metalMinedCopper": 0.0, "metalMinedTin": 0.0, "metalMinedIron": 0.0, "metalMinedMercuryCinnabar": 0.0, "metalMinedZinc": 0.0, "metalMinedOther": 0.0, "description": null, "references": "Domergue 1990: 46", "techniqueOpencast": 0.0, "techniqueUnderground": 1.0, "techniqueHydraulic": "FALSE", "techniqueHushing": "FALSE", "techniqueGroundSluicing": "FALSE", "techniqueRuinaMontium": 0.0, "techniqueRakeComb": 0.0, "techniqueGoldWashing": 0.0, "techniqueOther": 0.0, "notes": null, "geology": "Hard rock", "depositType": "Primary", "exploitationType": null, "Flag_Au_Oro": 0, "Status_Au_Oro": "No", "Flag_Ag_Plata": 1, "Status_Ag_Plata": "Confirmado", "Flag_Cu_Cobre": 0, "Status_Cu_Cobre": "No", "Flag_Pb_Plomo": 1, "Status_Pb_Plomo": "Confirmado", "Flag_Hg_Cinabrio": 0, "Status_Hg_Cinabrio": "No", "Flag_Sn_Estano": 0, "Status_Sn_Estano": "No", "Flag_Fe_Hierro": 0, "Status_Fe_Hierro": "No", "Tech_Ruina_Montium": 0, "Tech_Subterranea": 1, "Tech_Cielo_Abierto": 0, "Tech_Lavado_Placer": 0, "Certainty_Spatial": 1.0, "Certainty_Archaeological": 0.9, "Certainty_Metallogenic": 1.0, "Certainty_Score": 0.965, "Certainty_Grade": "Alta Certeza (Grado I)" }, "geometry": { "type": "Point", "coordinates": [ -5.81891239, 38.28201657 ] } },
{ "type": "Feature", "properties": { "mineID": 607, "site": "El Carpio", "ancientName": null, "province": "Hispania Baetica", "country": "Spain", "region": "Huelva", "miningDistrict": "Huelva", "romanianRANID": null, "sanchezPalenciaAndOrejasID": null, "domergueID": "H 24", "spainMapSheet": 937.0, "lambertX": 310.7, "lambertY": 362.7, "latitude": 37.81226434, "longitude": -6.97552107, "coordinateAccuracy": 100.0, "locationDataSource": "Converted in QGIS from Lambert coords, Madrid 1870", "locationNotes": null, "notBeforeOpeningDate": null, "notAfterOpeningDate": null, "notBeforeClosingDate": null, "notAfterClosingDate": null, "inUseDate": null, "metalMinedGold": "FALSE", "metalMinedSilver": 0.0, "metalMinedLead": 0.0, "metalMinedCopper": 1.0, "metalMinedTin": 0.0, "metalMinedIron": 0.0, "metalMinedMercuryCinnabar": 0.0, "metalMinedZinc": 0.0, "metalMinedOther": 0.0, "description": null, "references": "Domergue 1990: 62", "techniqueOpencast": 0.0, "techniqueUnderground": 1.0, "techniqueHydraulic": "FALSE", "techniqueHushing": "FALSE", "techniqueGroundSluicing": "FALSE", "techniqueRuinaMontium": 0.0, "techniqueRakeComb": 0.0, "techniqueGoldWashing": 0.0, "techniqueOther": 0.0, "notes": null, "geology": "Pyrite", "depositType": "Primary", "exploitationType": null, "Flag_Au_Oro": 0, "Status_Au_Oro": "No", "Flag_Ag_Plata": 0, "Status_Ag_Plata": "No", "Flag_Cu_Cobre": 1, "Status_Cu_Cobre": "Confirmado", "Flag_Pb_Plomo": 0, "Status_Pb_Plomo": "No", "Flag_Hg_Cinabrio": 0, "Status_Hg_Cinabrio": "No", "Flag_Sn_Estano": 0, "Status_Sn_Estano": "No", "Flag_Fe_Hierro": 0, "Status_Fe_Hierro": "No", "Tech_Ruina_Montium": 0, "Tech_Subterranea": 1, "Tech_Cielo_Abierto": 0, "Tech_Lavado_Placer": 0, "Certainty_Spatial": 1.0, "Certainty_Archaeological": 0.9, "Certainty_Metallogenic": 1.0, "Certainty_Score": 0.965, "Certainty_Grade": "Alta Certeza (Grado I)" }, "geometry": { "type": "Point", "coordinates": [ -6.97552107, 37.81226434 ] } },
{ "type": "Feature", "properties": { "mineID": 610, "site": "El Castillo", "ancientName": null, "province": "Hispania Tarraconensis", "country": "Spain", "region": "Jaén", "miningDistrict": "Linares - La Carolina", "romanianRANID": null, "sanchezPalenciaAndOrejasID": null, "domergueID": "J 19", "spainMapSheet": 884.0, "lambertX": 607.8, "lambertY": 411.2, "latitude": 38.29755179, "longitude": -3.59870814, "coordinateAccuracy": 100.0, "locationDataSource": "Converted in QGIS from Lambert coords, Madrid 1870", "locationNotes": null, "notBeforeOpeningDate": null, "notAfterOpeningDate": null, "notBeforeClosingDate": null, "notAfterClosingDate": null, "inUseDate": null, "metalMinedGold": "FALSE", "metalMinedSilver": 1.0, "metalMinedLead": 1.0, "metalMinedCopper": 0.0, "metalMinedTin": 0.0, "metalMinedIron": 0.0, "metalMinedMercuryCinnabar": 0.0, "metalMinedZinc": 0.0, "metalMinedOther": 0.0, "description": null, "references": "Domergue 1990: 45", "techniqueOpencast": 0.0, "techniqueUnderground": 1.0, "techniqueHydraulic": "FALSE", "techniqueHushing": "FALSE", "techniqueGroundSluicing": "FALSE", "techniqueRuinaMontium": 0.0, "techniqueRakeComb": 0.0, "techniqueGoldWashing": 0.0, "techniqueOther": 0.0, "notes": null, "geology": "Hard rock", "depositType": null, "exploitationType": null, "Flag_Au_Oro": 0, "Status_Au_Oro": "No", "Flag_Ag_Plata": 1, "Status_Ag_Plata": "Confirmado", "Flag_Cu_Cobre": 0, "Status_Cu_Cobre": "No", "Flag_Pb_Plomo": 1, "Status_Pb_Plomo": "Confirmado", "Flag_Hg_Cinabrio": 0, "Status_Hg_Cinabrio": "No", "Flag_Sn_Estano": 0, "Status_Sn_Estano": "No", "Flag_Fe_Hierro": 0, "Status_Fe_Hierro": "No", "Tech_Ruina_Montium": 0, "Tech_Subterranea": 1, "Tech_Cielo_Abierto": 0, "Tech_Lavado_Placer": 0, "Certainty_Spatial": 1.0, "Certainty_Archaeological": 0.9, "Certainty_Metallogenic": 1.0, "Certainty_Score": 0.965, "Certainty_Grade": "Alta Certeza (Grado I)" }, "geometry": { "type": "Point", "coordinates": [ -3.59870814, 38.29755179 ] } },
{ "type": "Feature", "properties": { "mineID": 612, "site": "El Centenillo", "ancientName": null, "province": "Hispania Tarraconensis", "country": "Spain", "region": "Jaén", "miningDistrict": "Linares - La Carolina", "romanianRANID": null, "sanchezPalenciaAndOrejasID": null, "domergueID": "J 12", "spainMapSheet": 862.0, "lambertX": 595.7, "lambertY": 415.8, "latitude": 38.33904894, "longitude": -3.73715927, "coordinateAccuracy": 100.0, "locationDataSource": "Converted in QGIS from Lambert coords, Madrid 1870", "locationNotes": null, "notBeforeOpeningDate": -300.0, "notAfterOpeningDate": -200.0, "notBeforeClosingDate": null, "notAfterClosingDate": null, "inUseDate": null, "metalMinedGold": "FALSE", "metalMinedSilver": 1.0, "metalMinedLead": 1.0, "metalMinedCopper": 0.0, "metalMinedTin": 0.0, "metalMinedIron": 0.0, "metalMinedMercuryCinnabar": 0.0, "metalMinedZinc": 0.0, "metalMinedOther": 0.0, "description": "Large underground Roman silver and lead mine. Based on archeaological finds including coins the mining started in the 2nd century BC. Five Archimedes’ screws have been found along with mining tools. The mines went to a depth of 225 metres.", "references": "Domergue 1971: 265-363; Domergue 1990: 45", "techniqueOpencast": 0.0, "techniqueUnderground": 1.0, "techniqueHydraulic": "FALSE", "techniqueHushing": "FALSE", "techniqueGroundSluicing": "FALSE", "techniqueRuinaMontium": 0.0, "techniqueRakeComb": 0.0, "techniqueGoldWashing": 0.0, "techniqueOther": 0.0, "notes": null, "geology": "Hard rock", "depositType": null, "exploitationType": null, "Flag_Au_Oro": 0, "Status_Au_Oro": "No", "Flag_Ag_Plata": 1, "Status_Ag_Plata": "Confirmado", "Flag_Cu_Cobre": 0, "Status_Cu_Cobre": "No", "Flag_Pb_Plomo": 1, "Status_Pb_Plomo": "Confirmado", "Flag_Hg_Cinabrio": 0, "Status_Hg_Cinabrio": "No", "Flag_Sn_Estano": 0, "Status_Sn_Estano": "No", "Flag_Fe_Hierro": 0, "Status_Fe_Hierro": "No", "Tech_Ruina_Montium": 0, "Tech_Subterranea": 1, "Tech_Cielo_Abierto": 0, "Tech_Lavado_Placer": 0, "Certainty_Spatial": 1.0, "Certainty_Archaeological": 0.9, "Certainty_Metallogenic": 1.0, "Certainty_Score": 0.965, "Certainty_Grade": "Alta Certeza (Grado I)" }, "geometry": { "type": "Point", "coordinates": [ -3.73715927, 38.33904894 ] } },
{ "type": "Feature", "properties": { "mineID": 613, "site": "El Charcón", "ancientName": null, "province": "Hispania Baetica", "country": "Spain", "region": "Murcia", "miningDistrict": "Almería", "romanianRANID": null, "sanchezPalenciaAndOrejasID": null, "domergueID": "MU 1", "spainMapSheet": 997.0, "lambertX": 780.5, "lambertY": 320.6, "latitude": 37.46227813, "longitude": -1.647137774, "coordinateAccuracy": 100.0, "locationDataSource": "Converted in QGIS from Lambert coords, Madrid 1870", "locationNotes": null, "notBeforeOpeningDate": null, "notAfterOpeningDate": null, "notBeforeClosingDate": null, "notAfterClosingDate": null, "inUseDate": null, "metalMinedGold": "FALSE", "metalMinedSilver": 1.0, "metalMinedLead": 1.0, "metalMinedCopper": 0.0, "metalMinedTin": 0.0, "metalMinedIron": 0.0, "metalMinedMercuryCinnabar": 0.0, "metalMinedZinc": 0.0, "metalMinedOther": 0.0, "description": null, "references": "Domergue 1990: 64", "techniqueOpencast": 0.0, "techniqueUnderground": 1.0, "techniqueHydraulic": "FALSE", "techniqueHushing": "FALSE", "techniqueGroundSluicing": "FALSE", "techniqueRuinaMontium": 0.0, "techniqueRakeComb": 0.0, "techniqueGoldWashing": 0.0, "techniqueOther": 0.0, "notes": null, "geology": null, "depositType": null, "exploitationType": null, "Flag_Au_Oro": 0, "Status_Au_Oro": "No", "Flag_Ag_Plata": 1, "Status_Ag_Plata": "Confirmado", "Flag_Cu_Cobre": 0, "Status_Cu_Cobre": "No", "Flag_Pb_Plomo": 1, "Status_Pb_Plomo": "Confirmado", "Flag_Hg_Cinabrio": 0, "Status_Hg_Cinabrio": "No", "Flag_Sn_Estano": 0, "Status_Sn_Estano": "No", "Flag_Fe_Hierro": 0, "Status_Fe_Hierro": "No", "Tech_Ruina_Montium": 0, "Tech_Subterranea": 1, "Tech_Cielo_Abierto": 0, "Tech_Lavado_Placer": 0, "Certainty_Spatial": 1.0, "Certainty_Archaeological": 0.9, "Certainty_Metallogenic": 1.0, "Certainty_Score": 0.965, "Certainty_Grade": "Alta Certeza (Grado I)" }, "geometry": { "type": "Point", "coordinates": [ -1.647137774, 37.46227813 ] } },
{ "type": "Feature", "properties": { "mineID": 614, "site": "El Chaves", "ancientName": null, "province": "Hispania Tarraconensis", "country": "Spain", "region": "Jaén", "miningDistrict": "Linares - La Carolina", "romanianRANID": null, "sanchezPalenciaAndOrejasID": null, "domergueID": "J 22", "spainMapSheet": 905.0, "lambertX": 602.9, "lambertY": 393.5, "latitude": 38.13800816, "longitude": -3.65483854, "coordinateAccuracy": 100.0, "locationDataSource": "Converted in QGIS from Lambert coords, Madrid 1870", "locationNotes": null, "notBeforeOpeningDate": null, "notAfterOpeningDate": null, "notBeforeClosingDate": null, "notAfterClosingDate": null, "inUseDate": null, "metalMinedGold": "FALSE", "metalMinedSilver": 1.0, "metalMinedLead": 1.0, "metalMinedCopper": 0.0, "metalMinedTin": 0.0, "metalMinedIron": 0.0, "metalMinedMercuryCinnabar": 0.0, "metalMinedZinc": 0.0, "metalMinedOther": 0.0, "description": null, "references": "Domergue 1990: 45", "techniqueOpencast": 0.0, "techniqueUnderground": 1.0, "techniqueHydraulic": "FALSE", "techniqueHushing": "FALSE", "techniqueGroundSluicing": "FALSE", "techniqueRuinaMontium": 0.0, "techniqueRakeComb": 0.0, "techniqueGoldWashing": 0.0, "techniqueOther": 0.0, "notes": null, "geology": "Hard rock", "depositType": null, "exploitationType": null, "Flag_Au_Oro": 0, "Status_Au_Oro": "No", "Flag_Ag_Plata": 1, "Status_Ag_Plata": "Confirmado", "Flag_Cu_Cobre": 0, "Status_Cu_Cobre": "No", "Flag_Pb_Plomo": 1, "Status_Pb_Plomo": "Confirmado", "Flag_Hg_Cinabrio": 0, "Status_Hg_Cinabrio": "No", "Flag_Sn_Estano": 0, "Status_Sn_Estano": "No", "Flag_Fe_Hierro": 0, "Status_Fe_Hierro": "No", "Tech_Ruina_Montium": 0, "Tech_Subterranea": 1, "Tech_Cielo_Abierto": 0, "Tech_Lavado_Placer": 0, "Certainty_Spatial": 1.0, "Certainty_Archaeological": 0.9, "Certainty_Metallogenic": 1.0, "Certainty_Score": 0.965, "Certainty_Grade": "Alta Certeza (Grado I)" }, "geometry": { "type": "Point", "coordinates": [ -3.65483854, 38.13800816 ] } },
{ "type": "Feature", "properties": { "mineID": 635, "site": "El Gallo", "ancientName": null, "province": "Hispania Tarraconensis", "country": "Spain", "region": "Ciudad Real", "miningDistrict": "Alcudia", "romanianRANID": null, "sanchezPalenciaAndOrejasID": null, "domergueID": "CR 20", "spainMapSheet": 835.0, "lambertX": 542.5, "lambertY": 439.4, "latitude": 38.54992087, "longitude": -4.34810714, "coordinateAccuracy": 100.0, "locationDataSource": "Converted in QGIS from Lambert coords, Madrid 1870", "locationNotes": null, "notBeforeOpeningDate": null, "notAfterOpeningDate": null, "notBeforeClosingDate": null, "notAfterClosingDate": null, "inUseDate": null, "metalMinedGold": "FALSE", "metalMinedSilver": 1.0, "metalMinedLead": 1.0, "metalMinedCopper": 0.0, "metalMinedTin": 0.0, "metalMinedIron": 0.0, "metalMinedMercuryCinnabar": 0.0, "metalMinedZinc": 0.0, "metalMinedOther": 0.0, "description": null, "references": "Domergue 1990: 46", "techniqueOpencast": 0.0, "techniqueUnderground": 1.0, "techniqueHydraulic": "FALSE", "techniqueHushing": "FALSE", "techniqueGroundSluicing": "FALSE", "techniqueRuinaMontium": 0.0, "techniqueRakeComb": 0.0, "techniqueGoldWashing": 0.0, "techniqueOther": 0.0, "notes": null, "geology": null, "depositType": null, "exploitationType": null, "Flag_Au_Oro": 0, "Status_Au_Oro": "No", "Flag_Ag_Plata": 1, "Status_Ag_Plata": "Confirmado", "Flag_Cu_Cobre": 0, "Status_Cu_Cobre": "No", "Flag_Pb_Plomo": 1, "Status_Pb_Plomo": "Confirmado", "Flag_Hg_Cinabrio": 0, "Status_Hg_Cinabrio": "No", "Flag_Sn_Estano": 0, "Status_Sn_Estano": "No", "Flag_Fe_Hierro": 0, "Status_Fe_Hierro": "No", "Tech_Ruina_Montium": 0, "Tech_Subterranea": 1, "Tech_Cielo_Abierto": 0, "Tech_Lavado_Placer": 0, "Certainty_Spatial": 1.0, "Certainty_Archaeological": 0.9, "Certainty_Metallogenic": 1.0, "Certainty_Score": 0.965, "Certainty_Grade": "Alta Certeza (Grado I)" }, "geometry": { "type": "Point", "coordinates": [ -4.34810714, 38.54992087 ] } },
{ "type": "Feature", "properties": { "mineID": 637, "site": "El Hambre", "ancientName": null, "province": "Hispania Baetica", "country": "Spain", "region": "Córdoba", "miningDistrict": "Azuaga-Fuenteovejuna", "romanianRANID": null, "sanchezPalenciaAndOrejasID": null, "domergueID": "CO 59", "spainMapSheet": 879.0, "lambertX": 440.7, "lambertY": 398.8, "latitude": 38.17113815, "longitude": -5.50715773, "coordinateAccuracy": 100.0, "locationDataSource": "Converted in QGIS from Lambert coords, Madrid 1870", "locationNotes": null, "notBeforeOpeningDate": null, "notAfterOpeningDate": null, "notBeforeClosingDate": null, "notAfterClosingDate": null, "inUseDate": null, "metalMinedGold": "FALSE", "metalMinedSilver": 1.0, "metalMinedLead": 1.0, "metalMinedCopper": 0.0, "metalMinedTin": 0.0, "metalMinedIron": 0.0, "metalMinedMercuryCinnabar": 0.0, "metalMinedZinc": 0.0, "metalMinedOther": 0.0, "description": null, "references": "Domergue 1990: 46", "techniqueOpencast": 0.0, "techniqueUnderground": 1.0, "techniqueHydraulic": "FALSE", "techniqueHushing": "FALSE", "techniqueGroundSluicing": "FALSE", "techniqueRuinaMontium": 0.0, "techniqueRakeComb": 0.0, "techniqueGoldWashing": 0.0, "techniqueOther": 0.0, "notes": null, "geology": "Hard rock", "depositType": "Primary", "exploitationType": null, "Flag_Au_Oro": 0, "Status_Au_Oro": "No", "Flag_Ag_Plata": 1, "Status_Ag_Plata": "Confirmado", "Flag_Cu_Cobre": 0, "Status_Cu_Cobre": "No", "Flag_Pb_Plomo": 1, "Status_Pb_Plomo": "Confirmado", "Flag_Hg_Cinabrio": 0, "Status_Hg_Cinabrio": "No", "Flag_Sn_Estano": 0, "Status_Sn_Estano": "No", "Flag_Fe_Hierro": 0, "Status_Fe_Hierro": "No", "Tech_Ruina_Montium": 0, "Tech_Subterranea": 1, "Tech_Cielo_Abierto": 0, "Tech_Lavado_Placer": 0, "Certainty_Spatial": 1.0, "Certainty_Archaeological": 0.9, "Certainty_Metallogenic": 1.0, "Certainty_Score": 0.965, "Certainty_Grade": "Alta Certeza (Grado I)" }, "geometry": { "type": "Point", "coordinates": [ -5.50715773, 38.17113815 ] } },
{ "type": "Feature", "properties": { "mineID": 640, "site": "El Infierno", "ancientName": null, "province": "Hispania Baetica", "country": "Spain", "region": "Badajoz", "miningDistrict": "Azuaga-Fuenteovejuna", "romanianRANID": null, "sanchezPalenciaAndOrejasID": null, "domergueID": "BA 24", "spainMapSheet": 878.0, "lambertX": 432.7, "lambertY": 406.2, "latitude": 38.2363282, "longitude": -5.60030384, "coordinateAccuracy": 100.0, "locationDataSource": "Converted in QGIS from Lambert coords, Madrid 1870", "locationNotes": null, "notBeforeOpeningDate": null, "notAfterOpeningDate": null, "notBeforeClosingDate": null, "notAfterClosingDate": null, "inUseDate": null, "metalMinedGold": "FALSE", "metalMinedSilver": 1.0, "metalMinedLead": 1.0, "metalMinedCopper": 0.0, "metalMinedTin": 0.0, "metalMinedIron": 0.0, "metalMinedMercuryCinnabar": 0.0, "metalMinedZinc": 0.0, "metalMinedOther": 0.0, "description": null, "references": "Domergue 1990: 46", "techniqueOpencast": 0.0, "techniqueUnderground": 1.0, "techniqueHydraulic": "FALSE", "techniqueHushing": "FALSE", "techniqueGroundSluicing": "FALSE", "techniqueRuinaMontium": 0.0, "techniqueRakeComb": 0.0, "techniqueGoldWashing": 0.0, "techniqueOther": 0.0, "notes": null, "geology": "Hard rock", "depositType": "Primary", "exploitationType": null, "Flag_Au_Oro": 0, "Status_Au_Oro": "No", "Flag_Ag_Plata": 1, "Status_Ag_Plata": "Confirmado", "Flag_Cu_Cobre": 0, "Status_Cu_Cobre": "No", "Flag_Pb_Plomo": 1, "Status_Pb_Plomo": "Confirmado", "Flag_Hg_Cinabrio": 0, "Status_Hg_Cinabrio": "No", "Flag_Sn_Estano": 0, "Status_Sn_Estano": "No", "Flag_Fe_Hierro": 0, "Status_Fe_Hierro": "No", "Tech_Ruina_Montium": 0, "Tech_Subterranea": 1, "Tech_Cielo_Abierto": 0, "Tech_Lavado_Placer": 0, "Certainty_Spatial": 1.0, "Certainty_Archaeological": 0.9, "Certainty_Metallogenic": 1.0, "Certainty_Score": 0.965, "Certainty_Grade": "Alta Certeza (Grado I)" }, "geometry": { "type": "Point", "coordinates": [ -5.60030384, 38.2363282 ] } },
{ "type": "Feature", "properties": { "mineID": 645, "site": "El Lagunazo", "ancientName": null, "province": "Hispania Baetica", "country": "Spain", "region": "Huelva", "miningDistrict": "Huelva", "romanianRANID": null, "sanchezPalenciaAndOrejasID": null, "domergueID": "H 9", "spainMapSheet": 959.0, "lambertX": 293.2, "lambertY": 342.9, "latitude": 37.62794056, "longitude": -7.16541952, "coordinateAccuracy": 100.0, "locationDataSource": "Converted in QGIS from Lambert coords, Madrid 1870", "locationNotes": null, "notBeforeOpeningDate": null, "notAfterOpeningDate": null, "notBeforeClosingDate": null, "notAfterClosingDate": null, "inUseDate": null, "metalMinedGold": "FALSE", "metalMinedSilver": 0.0, "metalMinedLead": 0.0, "metalMinedCopper": 1.0, "metalMinedTin": 0.0, "metalMinedIron": 0.0, "metalMinedMercuryCinnabar": 0.0, "metalMinedZinc": 0.0, "metalMinedOther": 0.0, "description": null, "references": "Domergue 1990: 62", "techniqueOpencast": 0.0, "techniqueUnderground": 1.0, "techniqueHydraulic": "FALSE", "techniqueHushing": "FALSE", "techniqueGroundSluicing": "FALSE", "techniqueRuinaMontium": 0.0, "techniqueRakeComb": 0.0, "techniqueGoldWashing": 0.0, "techniqueOther": 0.0, "notes": null, "geology": "Pyrite", "depositType": "Primary", "exploitationType": null, "Flag_Au_Oro": 0, "Status_Au_Oro": "No", "Flag_Ag_Plata": 0, "Status_Ag_Plata": "No", "Flag_Cu_Cobre": 1, "Status_Cu_Cobre": "Confirmado", "Flag_Pb_Plomo": 0, "Status_Pb_Plomo": "No", "Flag_Hg_Cinabrio": 0, "Status_Hg_Cinabrio": "No", "Flag_Sn_Estano": 0, "Status_Sn_Estano": "No", "Flag_Fe_Hierro": 0, "Status_Fe_Hierro": "No", "Tech_Ruina_Montium": 0, "Tech_Subterranea": 1, "Tech_Cielo_Abierto": 0, "Tech_Lavado_Placer": 0, "Certainty_Spatial": 1.0, "Certainty_Archaeological": 0.9, "Certainty_Metallogenic": 1.0, "Certainty_Score": 0.965, "Certainty_Grade": "Alta Certeza (Grado I)" }, "geometry": { "type": "Point", "coordinates": [ -7.16541952, 37.62794056 ] } },
{ "type": "Feature", "properties": { "mineID": 646, "site": "El Lirio", "ancientName": null, "province": "Hispania Baetica", "country": "Spain", "region": "Badajoz", "miningDistrict": "Azuaga-Fuenteovejuna", "romanianRANID": null, "sanchezPalenciaAndOrejasID": null, "domergueID": "BA 23", "spainMapSheet": 878.0, "lambertX": 431.7, "lambertY": 405.4, "latitude": 38.22892347, "longitude": -5.61153374, "coordinateAccuracy": 100.0, "locationDataSource": "Converted in QGIS from Lambert coords, Madrid 1870", "locationNotes": null, "notBeforeOpeningDate": null, "notAfterOpeningDate": null, "notBeforeClosingDate": null, "notAfterClosingDate": null, "inUseDate": null, "metalMinedGold": "FALSE", "metalMinedSilver": 1.0, "metalMinedLead": 1.0, "metalMinedCopper": 0.0, "metalMinedTin": 0.0, "metalMinedIron": 0.0, "metalMinedMercuryCinnabar": 0.0, "metalMinedZinc": 0.0, "metalMinedOther": 0.0, "description": null, "references": "Domergue 1990: 46", "techniqueOpencast": 0.0, "techniqueUnderground": 1.0, "techniqueHydraulic": "FALSE", "techniqueHushing": "FALSE", "techniqueGroundSluicing": "FALSE", "techniqueRuinaMontium": 0.0, "techniqueRakeComb": 0.0, "techniqueGoldWashing": 0.0, "techniqueOther": 0.0, "notes": null, "geology": "Hard rock", "depositType": "Primary", "exploitationType": null, "Flag_Au_Oro": 0, "Status_Au_Oro": "No", "Flag_Ag_Plata": 1, "Status_Ag_Plata": "Confirmado", "Flag_Cu_Cobre": 0, "Status_Cu_Cobre": "No", "Flag_Pb_Plomo": 1, "Status_Pb_Plomo": "Confirmado", "Flag_Hg_Cinabrio": 0, "Status_Hg_Cinabrio": "No", "Flag_Sn_Estano": 0, "Status_Sn_Estano": "No", "Flag_Fe_Hierro": 0, "Status_Fe_Hierro": "No", "Tech_Ruina_Montium": 0, "Tech_Subterranea": 1, "Tech_Cielo_Abierto": 0, "Tech_Lavado_Placer": 0, "Certainty_Spatial": 1.0, "Certainty_Archaeological": 0.9, "Certainty_Metallogenic": 1.0, "Certainty_Score": 0.965, "Certainty_Grade": "Alta Certeza (Grado I)" }, "geometry": { "type": "Point", "coordinates": [ -5.61153374, 38.22892347 ] } },
{ "type": "Feature", "properties": { "mineID": 650, "site": "El Mochuelo", "ancientName": null, "province": "Hispania Tarraconensis", "country": "Spain", "region": "Ciudad Real", "miningDistrict": "Alcudia", "romanianRANID": null, "sanchezPalenciaAndOrejasID": null, "domergueID": "CR 19", "spainMapSheet": 834.0, "lambertX": 522.7, "lambertY": 442.7, "latitude": 38.57812384, "longitude": -4.57579891, "coordinateAccuracy": 100.0, "locationDataSource": "Converted in QGIS from Lambert coords, Madrid 1870", "locationNotes": null, "notBeforeOpeningDate": null, "notAfterOpeningDate": null, "notBeforeClosingDate": null, "notAfterClosingDate": null, "inUseDate": null, "metalMinedGold": "FALSE", "metalMinedSilver": 1.0, "metalMinedLead": 1.0, "metalMinedCopper": 0.0, "metalMinedTin": 0.0, "metalMinedIron": 0.0, "metalMinedMercuryCinnabar": 0.0, "metalMinedZinc": 0.0, "metalMinedOther": 0.0, "description": null, "references": "Domergue 1990: 46", "techniqueOpencast": 0.0, "techniqueUnderground": 1.0, "techniqueHydraulic": "FALSE", "techniqueHushing": "FALSE", "techniqueGroundSluicing": "FALSE", "techniqueRuinaMontium": 0.0, "techniqueRakeComb": 0.0, "techniqueGoldWashing": 0.0, "techniqueOther": 0.0, "notes": null, "geology": null, "depositType": null, "exploitationType": null, "Flag_Au_Oro": 0, "Status_Au_Oro": "No", "Flag_Ag_Plata": 1, "Status_Ag_Plata": "Confirmado", "Flag_Cu_Cobre": 0, "Status_Cu_Cobre": "No", "Flag_Pb_Plomo": 1, "Status_Pb_Plomo": "Confirmado", "Flag_Hg_Cinabrio": 0, "Status_Hg_Cinabrio": "No", "Flag_Sn_Estano": 0, "Status_Sn_Estano": "No", "Flag_Fe_Hierro": 0, "Status_Fe_Hierro": "No", "Tech_Ruina_Montium": 0, "Tech_Subterranea": 1, "Tech_Cielo_Abierto": 0, "Tech_Lavado_Placer": 0, "Certainty_Spatial": 1.0, "Certainty_Archaeological": 0.9, "Certainty_Metallogenic": 1.0, "Certainty_Score": 0.965, "Certainty_Grade": "Alta Certeza (Grado I)" }, "geometry": { "type": "Point", "coordinates": [ -4.57579891, 38.57812384 ] } },
{ "type": "Feature", "properties": { "mineID": 658, "site": "El Piconcillo", "ancientName": null, "province": "Hispania Baetica", "country": "Spain", "region": "Córdoba", "miningDistrict": "Azuaga-Fuenteovejuna", "romanianRANID": null, "sanchezPalenciaAndOrejasID": null, "domergueID": "CO 60", "spainMapSheet": null, "lambertX": 446.0, "lambertY": 396.0, "latitude": 38.14685916, "longitude": -5.44601668, "coordinateAccuracy": 100.0, "locationDataSource": "Converted in QGIS from Lambert coords, Madrid 1870", "locationNotes": "Trapezoid defined by points given by Domergue; coord here is approx. centroid", "notBeforeOpeningDate": null, "notAfterOpeningDate": null, "notBeforeClosingDate": null, "notAfterClosingDate": null, "inUseDate": null, "metalMinedGold": "FALSE", "metalMinedSilver": 1.0, "metalMinedLead": 1.0, "metalMinedCopper": 1.0, "metalMinedTin": 0.0, "metalMinedIron": 0.0, "metalMinedMercuryCinnabar": 0.0, "metalMinedZinc": 0.0, "metalMinedOther": 0.0, "description": null, "references": "Domergue 1990: 46", "techniqueOpencast": 0.0, "techniqueUnderground": 1.0, "techniqueHydraulic": "FALSE", "techniqueHushing": "FALSE", "techniqueGroundSluicing": "FALSE", "techniqueRuinaMontium": 0.0, "techniqueRakeComb": 0.0, "techniqueGoldWashing": 0.0, "techniqueOther": 0.0, "notes": null, "geology": "Hard rock", "depositType": "Primary", "exploitationType": null, "Flag_Au_Oro": 0, "Status_Au_Oro": "No", "Flag_Ag_Plata": 1, "Status_Ag_Plata": "Confirmado", "Flag_Cu_Cobre": 1, "Status_Cu_Cobre": "Confirmado", "Flag_Pb_Plomo": 1, "Status_Pb_Plomo": "Confirmado", "Flag_Hg_Cinabrio": 0, "Status_Hg_Cinabrio": "No", "Flag_Sn_Estano": 0, "Status_Sn_Estano": "No", "Flag_Fe_Hierro": 0, "Status_Fe_Hierro": "No", "Tech_Ruina_Montium": 0, "Tech_Subterranea": 1, "Tech_Cielo_Abierto": 0, "Tech_Lavado_Placer": 0, "Certainty_Spatial": 1.0, "Certainty_Archaeological": 0.9, "Certainty_Metallogenic": 1.0, "Certainty_Score": 0.965, "Certainty_Grade": "Alta Certeza (Grado I)" }, "geometry": { "type": "Point", "coordinates": [ -5.44601668, 38.14685916 ] } },
{ "type": "Feature", "properties": { "mineID": 669, "site": "El Soldado", "ancientName": null, "province": "Hispania Baetica", "country": "Spain", "region": "Córdoba", "miningDistrict": "Los Pedroches", "romanianRANID": null, "sanchezPalenciaAndOrejasID": null, "domergueID": "CO 109", "spainMapSheet": 858.0, "lambertX": 485.0, "lambertY": 420.2, "latitude": 38.37106981, "longitude": -5.00494637, "coordinateAccuracy": 100.0, "locationDataSource": "Converted in QGIS from Lambert coords, Madrid 1870", "locationNotes": null, "notBeforeOpeningDate": null, "notAfterOpeningDate": null, "notBeforeClosingDate": null, "notAfterClosingDate": null, "inUseDate": null, "metalMinedGold": "FALSE", "metalMinedSilver": 1.0, "metalMinedLead": 1.0, "metalMinedCopper": 0.0, "metalMinedTin": 0.0, "metalMinedIron": 0.0, "metalMinedMercuryCinnabar": 0.0, "metalMinedZinc": 0.0, "metalMinedOther": 0.0, "description": null, "references": "Domergue 1990: 48", "techniqueOpencast": 0.0, "techniqueUnderground": 1.0, "techniqueHydraulic": "FALSE", "techniqueHushing": "FALSE", "techniqueGroundSluicing": "FALSE", "techniqueRuinaMontium": 0.0, "techniqueRakeComb": 0.0, "techniqueGoldWashing": 0.0, "techniqueOther": 0.0, "notes": null, "geology": "Hard rock", "depositType": "Primary", "exploitationType": null, "Flag_Au_Oro": 0, "Status_Au_Oro": "No", "Flag_Ag_Plata": 1, "Status_Ag_Plata": "Confirmado", "Flag_Cu_Cobre": 0, "Status_Cu_Cobre": "No", "Flag_Pb_Plomo": 1, "Status_Pb_Plomo": "Confirmado", "Flag_Hg_Cinabrio": 0, "Status_Hg_Cinabrio": "No", "Flag_Sn_Estano": 0, "Status_Sn_Estano": "No", "Flag_Fe_Hierro": 0, "Status_Fe_Hierro": "No", "Tech_Ruina_Montium": 0, "Tech_Subterranea": 1, "Tech_Cielo_Abierto": 0, "Tech_Lavado_Placer": 0, "Certainty_Spatial": 1.0, "Certainty_Archaeological": 0.9, "Certainty_Metallogenic": 1.0, "Certainty_Score": 0.965, "Certainty_Grade": "Alta Certeza (Grado I)" }, "geometry": { "type": "Point", "coordinates": [ -5.00494637, 38.37106981 ] } },
{ "type": "Feature", "properties": { "mineID": 683, "site": "Esperanza", "ancientName": null, "province": "Hispania Baetica", "country": "Spain", "region": "Badajoz", "miningDistrict": "Azuaga-Fuenteovejuna", "romanianRANID": null, "sanchezPalenciaAndOrejasID": null, "domergueID": "BA 11", "spainMapSheet": 878.0, "lambertX": 427.7, "lambertY": 404.7, "latitude": 38.22182674, "longitude": -5.65706056, "coordinateAccuracy": 100.0, "locationDataSource": "Converted in QGIS from Lambert coords, Madrid 1870", "locationNotes": null, "notBeforeOpeningDate": null, "notAfterOpeningDate": null, "notBeforeClosingDate": null, "notAfterClosingDate": null, "inUseDate": null, "metalMinedGold": "FALSE", "metalMinedSilver": 1.0, "metalMinedLead": 1.0, "metalMinedCopper": 0.0, "metalMinedTin": 0.0, "metalMinedIron": 0.0, "metalMinedMercuryCinnabar": 0.0, "metalMinedZinc": 0.0, "metalMinedOther": 0.0, "description": null, "references": "Domergue 1990: 46", "techniqueOpencast": 0.0, "techniqueUnderground": 1.0, "techniqueHydraulic": "FALSE", "techniqueHushing": "FALSE", "techniqueGroundSluicing": "FALSE", "techniqueRuinaMontium": 0.0, "techniqueRakeComb": 0.0, "techniqueGoldWashing": 0.0, "techniqueOther": 0.0, "notes": null, "geology": "Hard rock", "depositType": "Primary", "exploitationType": null, "Flag_Au_Oro": 0, "Status_Au_Oro": "No", "Flag_Ag_Plata": 1, "Status_Ag_Plata": "Confirmado", "Flag_Cu_Cobre": 0, "Status_Cu_Cobre": "No", "Flag_Pb_Plomo": 1, "Status_Pb_Plomo": "Confirmado", "Flag_Hg_Cinabrio": 0, "Status_Hg_Cinabrio": "No", "Flag_Sn_Estano": 0, "Status_Sn_Estano": "No", "Flag_Fe_Hierro": 0, "Status_Fe_Hierro": "No", "Tech_Ruina_Montium": 0, "Tech_Subterranea": 1, "Tech_Cielo_Abierto": 0, "Tech_Lavado_Placer": 0, "Certainty_Spatial": 1.0, "Certainty_Archaeological": 0.9, "Certainty_Metallogenic": 1.0, "Certainty_Score": 0.965, "Certainty_Grade": "Alta Certeza (Grado I)" }, "geometry": { "type": "Point", "coordinates": [ -5.65706056, 38.22182674 ] } },
{ "type": "Feature", "properties": { "mineID": 688, "site": "Estercolados", "ancientName": null, "province": "Hispania Baetica", "country": "Spain", "region": "Córdoba", "miningDistrict": "Los Pedroches", "romanianRANID": null, "sanchezPalenciaAndOrejasID": null, "domergueID": "CO 36", "spainMapSheet": 860.0, "lambertX": 530.5, "lambertY": 423.4, "latitude": 38.40478197, "longitude": -4.48423365, "coordinateAccuracy": 100.0, "locationDataSource": "Converted in QGIS from Lambert coords, Madrid 1870", "locationNotes": null, "notBeforeOpeningDate": null, "notAfterOpeningDate": null, "notBeforeClosingDate": null, "notAfterClosingDate": null, "inUseDate": null, "metalMinedGold": "FALSE", "metalMinedSilver": 0.0, "metalMinedLead": 0.0, "metalMinedCopper": 1.0, "metalMinedTin": 0.0, "metalMinedIron": 0.0, "metalMinedMercuryCinnabar": 0.0, "metalMinedZinc": 0.0, "metalMinedOther": 0.0, "description": null, "references": "Domergue 1990: 47", "techniqueOpencast": 0.0, "techniqueUnderground": 1.0, "techniqueHydraulic": "FALSE", "techniqueHushing": "FALSE", "techniqueGroundSluicing": "FALSE", "techniqueRuinaMontium": 0.0, "techniqueRakeComb": 0.0, "techniqueGoldWashing": 0.0, "techniqueOther": 0.0, "notes": null, "geology": "Hard rock", "depositType": "Primary", "exploitationType": null, "Flag_Au_Oro": 0, "Status_Au_Oro": "No", "Flag_Ag_Plata": 0, "Status_Ag_Plata": "No", "Flag_Cu_Cobre": 1, "Status_Cu_Cobre": "Confirmado", "Flag_Pb_Plomo": 0, "Status_Pb_Plomo": "No", "Flag_Hg_Cinabrio": 0, "Status_Hg_Cinabrio": "No", "Flag_Sn_Estano": 0, "Status_Sn_Estano": "No", "Flag_Fe_Hierro": 0, "Status_Fe_Hierro": "No", "Tech_Ruina_Montium": 0, "Tech_Subterranea": 1, "Tech_Cielo_Abierto": 0, "Tech_Lavado_Placer": 0, "Certainty_Spatial": 1.0, "Certainty_Archaeological": 0.9, "Certainty_Metallogenic": 1.0, "Certainty_Score": 0.965, "Certainty_Grade": "Alta Certeza (Grado I)" }, "geometry": { "type": "Point", "coordinates": [ -4.48423365, 38.40478197 ] } },
{ "type": "Feature", "properties": { "mineID": 697, "site": "Ferminera", "ancientName": null, "province": "Hispania Baetica", "country": "Spain", "region": "Badajoz", "miningDistrict": "Azuaga-Fuenteovejuna", "romanianRANID": null, "sanchezPalenciaAndOrejasID": null, "domergueID": "BA 6", "spainMapSheet": 878.0, "lambertX": 424.3, "lambertY": 407.5, "latitude": 38.24638005, "longitude": -5.69662526, "coordinateAccuracy": 100.0, "locationDataSource": "Converted in QGIS from Lambert coords, Madrid 1870", "locationNotes": null, "notBeforeOpeningDate": null, "notAfterOpeningDate": null, "notBeforeClosingDate": null, "notAfterClosingDate": null, "inUseDate": null, "metalMinedGold": "FALSE", "metalMinedSilver": 1.0, "metalMinedLead": 1.0, "metalMinedCopper": 0.0, "metalMinedTin": 0.0, "metalMinedIron": 0.0, "metalMinedMercuryCinnabar": 0.0, "metalMinedZinc": 0.0, "metalMinedOther": 0.0, "description": null, "references": "Domergue 1990: 46", "techniqueOpencast": 0.0, "techniqueUnderground": 1.0, "techniqueHydraulic": "FALSE", "techniqueHushing": "FALSE", "techniqueGroundSluicing": "FALSE", "techniqueRuinaMontium": 0.0, "techniqueRakeComb": 0.0, "techniqueGoldWashing": 0.0, "techniqueOther": 0.0, "notes": null, "geology": "Hard rock", "depositType": "Primary", "exploitationType": null, "Flag_Au_Oro": 0, "Status_Au_Oro": "No", "Flag_Ag_Plata": 1, "Status_Ag_Plata": "Confirmado", "Flag_Cu_Cobre": 0, "Status_Cu_Cobre": "No", "Flag_Pb_Plomo": 1, "Status_Pb_Plomo": "Confirmado", "Flag_Hg_Cinabrio": 0, "Status_Hg_Cinabrio": "No", "Flag_Sn_Estano": 0, "Status_Sn_Estano": "No", "Flag_Fe_Hierro": 0, "Status_Fe_Hierro": "No", "Tech_Ruina_Montium": 0, "Tech_Subterranea": 1, "Tech_Cielo_Abierto": 0, "Tech_Lavado_Placer": 0, "Certainty_Spatial": 1.0, "Certainty_Archaeological": 0.9, "Certainty_Metallogenic": 1.0, "Certainty_Score": 0.965, "Certainty_Grade": "Alta Certeza (Grado I)" }, "geometry": { "type": "Point", "coordinates": [ -5.69662526, 38.24638005 ] } },
{ "type": "Feature", "properties": { "mineID": 701, "site": "Filón del Cobre", "ancientName": null, "province": "Hispania Tarraconensis", "country": "Spain", "region": "Jaén", "miningDistrict": "Linares-La Carolina", "romanianRANID": null, "sanchezPalenciaAndOrejasID": null, "domergueID": "J 9", "spainMapSheet": 905.0, "lambertX": 597.0, "lambertY": 392.3, "latitude": 38.12718959, "longitude": -3.72217537, "coordinateAccuracy": 100.0, "locationDataSource": "Converted in QGIS from Lambert coords, Madrid 1870", "locationNotes": null, "notBeforeOpeningDate": null, "notAfterOpeningDate": null, "notBeforeClosingDate": null, "notAfterClosingDate": null, "inUseDate": null, "metalMinedGold": "FALSE", "metalMinedSilver": 1.0, "metalMinedLead": 1.0, "metalMinedCopper": 1.0, "metalMinedTin": 0.0, "metalMinedIron": 0.0, "metalMinedMercuryCinnabar": 0.0, "metalMinedZinc": 0.0, "metalMinedOther": 0.0, "description": null, "references": "Domergue 1990: 45", "techniqueOpencast": 0.0, "techniqueUnderground": 1.0, "techniqueHydraulic": "FALSE", "techniqueHushing": "FALSE", "techniqueGroundSluicing": "FALSE", "techniqueRuinaMontium": 0.0, "techniqueRakeComb": 0.0, "techniqueGoldWashing": 0.0, "techniqueOther": 0.0, "notes": null, "geology": "Hard rock", "depositType": null, "exploitationType": null, "Flag_Au_Oro": 0, "Status_Au_Oro": "No", "Flag_Ag_Plata": 1, "Status_Ag_Plata": "Confirmado", "Flag_Cu_Cobre": 1, "Status_Cu_Cobre": "Confirmado", "Flag_Pb_Plomo": 1, "Status_Pb_Plomo": "Confirmado", "Flag_Hg_Cinabrio": 0, "Status_Hg_Cinabrio": "No", "Flag_Sn_Estano": 0, "Status_Sn_Estano": "No", "Flag_Fe_Hierro": 0, "Status_Fe_Hierro": "No", "Tech_Ruina_Montium": 0, "Tech_Subterranea": 1, "Tech_Cielo_Abierto": 0, "Tech_Lavado_Placer": 0, "Certainty_Spatial": 1.0, "Certainty_Archaeological": 0.9, "Certainty_Metallogenic": 1.0, "Certainty_Score": 0.965, "Certainty_Grade": "Alta Certeza (Grado I)" }, "geometry": { "type": "Point", "coordinates": [ -3.72217537, 38.12718959 ] } },
{ "type": "Feature", "properties": { "mineID": 702, "site": "Filón Zumajo: Cortijo de los Chinches", "ancientName": null, "province": "Hispania Baetica", "country": "Spain", "region": "Córdoba", "miningDistrict": "Los Pedroches", "romanianRANID": null, "sanchezPalenciaAndOrejasID": null, "domergueID": "CO 32", "spainMapSheet": 860.0, "lambertX": 527.6, "lambertY": 417.8, "latitude": 38.35405627, "longitude": -4.51686181, "coordinateAccuracy": 100.0, "locationDataSource": "Converted in QGIS from Lambert coords, Madrid 1870", "locationNotes": null, "notBeforeOpeningDate": null, "notAfterOpeningDate": null, "notBeforeClosingDate": null, "notAfterClosingDate": null, "inUseDate": null, "metalMinedGold": "FALSE", "metalMinedSilver": 1.0, "metalMinedLead": 1.0, "metalMinedCopper": 1.0, "metalMinedTin": 0.0, "metalMinedIron": 0.0, "metalMinedMercuryCinnabar": 0.0, "metalMinedZinc": 0.0, "metalMinedOther": 0.0, "description": null, "references": "Domergue 1990: 48", "techniqueOpencast": 0.0, "techniqueUnderground": 1.0, "techniqueHydraulic": "FALSE", "techniqueHushing": "FALSE", "techniqueGroundSluicing": "FALSE", "techniqueRuinaMontium": 0.0, "techniqueRakeComb": 0.0, "techniqueGoldWashing": 0.0, "techniqueOther": 0.0, "notes": null, "geology": "Hard rock", "depositType": "Primary", "exploitationType": null, "Flag_Au_Oro": 0, "Status_Au_Oro": "No", "Flag_Ag_Plata": 1, "Status_Ag_Plata": "Confirmado", "Flag_Cu_Cobre": 1, "Status_Cu_Cobre": "Confirmado", "Flag_Pb_Plomo": 1, "Status_Pb_Plomo": "Confirmado", "Flag_Hg_Cinabrio": 0, "Status_Hg_Cinabrio": "No", "Flag_Sn_Estano": 0, "Status_Sn_Estano": "No", "Flag_Fe_Hierro": 0, "Status_Fe_Hierro": "No", "Tech_Ruina_Montium": 0, "Tech_Subterranea": 1, "Tech_Cielo_Abierto": 0, "Tech_Lavado_Placer": 0, "Certainty_Spatial": 1.0, "Certainty_Archaeological": 0.9, "Certainty_Metallogenic": 1.0, "Certainty_Score": 0.965, "Certainty_Grade": "Alta Certeza (Grado I)" }, "geometry": { "type": "Point", "coordinates": [ -4.51686181, 38.35405627 ] } },
{ "type": "Feature", "properties": { "mineID": 703, "site": "Filón Zumajo: San Cayetano", "ancientName": null, "province": "Hispania Baetica", "country": "Spain", "region": "Córdoba", "miningDistrict": "Los Pedroches", "romanianRANID": null, "sanchezPalenciaAndOrejasID": null, "domergueID": "CO 32", "spainMapSheet": 882.0, "lambertX": 537.2, "lambertY": 410.5, "latitude": 38.28899455, "longitude": -4.40628096, "coordinateAccuracy": 100.0, "locationDataSource": "Converted in QGIS from Lambert coords, Madrid 1870", "locationNotes": null, "notBeforeOpeningDate": null, "notAfterOpeningDate": null, "notBeforeClosingDate": null, "notAfterClosingDate": null, "inUseDate": null, "metalMinedGold": "FALSE", "metalMinedSilver": 1.0, "metalMinedLead": 1.0, "metalMinedCopper": 1.0, "metalMinedTin": 0.0, "metalMinedIron": 0.0, "metalMinedMercuryCinnabar": 0.0, "metalMinedZinc": 0.0, "metalMinedOther": 0.0, "description": null, "references": "Domergue 1990: 48", "techniqueOpencast": 0.0, "techniqueUnderground": 1.0, "techniqueHydraulic": "FALSE", "techniqueHushing": "FALSE", "techniqueGroundSluicing": "FALSE", "techniqueRuinaMontium": 0.0, "techniqueRakeComb": 0.0, "techniqueGoldWashing": 0.0, "techniqueOther": 0.0, "notes": null, "geology": "Hard rock", "depositType": "Primary", "exploitationType": null, "Flag_Au_Oro": 0, "Status_Au_Oro": "No", "Flag_Ag_Plata": 1, "Status_Ag_Plata": "Confirmado", "Flag_Cu_Cobre": 1, "Status_Cu_Cobre": "Confirmado", "Flag_Pb_Plomo": 1, "Status_Pb_Plomo": "Confirmado", "Flag_Hg_Cinabrio": 0, "Status_Hg_Cinabrio": "No", "Flag_Sn_Estano": 0, "Status_Sn_Estano": "No", "Flag_Fe_Hierro": 0, "Status_Fe_Hierro": "No", "Tech_Ruina_Montium": 0, "Tech_Subterranea": 1, "Tech_Cielo_Abierto": 0, "Tech_Lavado_Placer": 0, "Certainty_Spatial": 1.0, "Certainty_Archaeological": 0.9, "Certainty_Metallogenic": 1.0, "Certainty_Score": 0.965, "Certainty_Grade": "Alta Certeza (Grado I)" }, "geometry": { "type": "Point", "coordinates": [ -4.40628096, 38.28899455 ] } },
{ "type": "Feature", "properties": { "mineID": 716, "site": "Fuente del Charco", "ancientName": null, "province": "Hispania Baetica", "country": "Spain", "region": "Córdoba", "miningDistrict": "Los Pedroches", "romanianRANID": null, "sanchezPalenciaAndOrejasID": null, "domergueID": "CO 69", "spainMapSheet": 832.0, "lambertX": 454.6, "lambertY": 441.5, "latitude": 38.55849655, "longitude": -5.35759038, "coordinateAccuracy": 100.0, "locationDataSource": "Converted in QGIS from Lambert coords, Madrid 1870", "locationNotes": null, "notBeforeOpeningDate": null, "notAfterOpeningDate": null, "notBeforeClosingDate": null, "notAfterClosingDate": null, "inUseDate": null, "metalMinedGold": "FALSE", "metalMinedSilver": 1.0, "metalMinedLead": 1.0, "metalMinedCopper": 0.0, "metalMinedTin": 0.0, "metalMinedIron": 0.0, "metalMinedMercuryCinnabar": 0.0, "metalMinedZinc": 0.0, "metalMinedOther": 0.0, "description": null, "references": "Domergue 1990: 48", "techniqueOpencast": 0.0, "techniqueUnderground": 1.0, "techniqueHydraulic": "FALSE", "techniqueHushing": "FALSE", "techniqueGroundSluicing": "FALSE", "techniqueRuinaMontium": 0.0, "techniqueRakeComb": 0.0, "techniqueGoldWashing": 0.0, "techniqueOther": 0.0, "notes": null, "geology": "Hard rock", "depositType": "Primary", "exploitationType": null, "Flag_Au_Oro": 0, "Status_Au_Oro": "No", "Flag_Ag_Plata": 1, "Status_Ag_Plata": "Confirmado", "Flag_Cu_Cobre": 0, "Status_Cu_Cobre": "No", "Flag_Pb_Plomo": 1, "Status_Pb_Plomo": "Confirmado", "Flag_Hg_Cinabrio": 0, "Status_Hg_Cinabrio": "No", "Flag_Sn_Estano": 0, "Status_Sn_Estano": "No", "Flag_Fe_Hierro": 0, "Status_Fe_Hierro": "No", "Tech_Ruina_Montium": 0, "Tech_Subterranea": 1, "Tech_Cielo_Abierto": 0, "Tech_Lavado_Placer": 0, "Certainty_Spatial": 1.0, "Certainty_Archaeological": 0.9, "Certainty_Metallogenic": 1.0, "Certainty_Score": 0.965, "Certainty_Grade": "Alta Certeza (Grado I)" }, "geometry": { "type": "Point", "coordinates": [ -5.35759038, 38.55849655 ] } },
{ "type": "Feature", "properties": { "mineID": 731, "site": "Guaditoca", "ancientName": null, "province": "Hispania Baetica", "country": "Spain", "region": "Badajoz", "miningDistrict": "Azuaga-Fuenteovejuna", "romanianRANID": null, "sanchezPalenciaAndOrejasID": null, "domergueID": "BA 10", "spainMapSheet": 878.0, "lambertX": 424.4, "lambertY": 399.0, "latitude": 38.16978845, "longitude": -5.69329653, "coordinateAccuracy": 100.0, "locationDataSource": "Converted in QGIS from Lambert coords, Madrid 1870", "locationNotes": null, "notBeforeOpeningDate": null, "notAfterOpeningDate": null, "notBeforeClosingDate": null, "notAfterClosingDate": null, "inUseDate": null, "metalMinedGold": "FALSE", "metalMinedSilver": 1.0, "metalMinedLead": 1.0, "metalMinedCopper": 0.0, "metalMinedTin": 0.0, "metalMinedIron": 0.0, "metalMinedMercuryCinnabar": 0.0, "metalMinedZinc": 0.0, "metalMinedOther": 0.0, "description": null, "references": "Domergue 1990: 46", "techniqueOpencast": 0.0, "techniqueUnderground": 1.0, "techniqueHydraulic": "FALSE", "techniqueHushing": "FALSE", "techniqueGroundSluicing": "FALSE", "techniqueRuinaMontium": 0.0, "techniqueRakeComb": 0.0, "techniqueGoldWashing": 0.0, "techniqueOther": 0.0, "notes": null, "geology": "Hard rock", "depositType": "Primary", "exploitationType": null, "Flag_Au_Oro": 0, "Status_Au_Oro": "No", "Flag_Ag_Plata": 1, "Status_Ag_Plata": "Confirmado", "Flag_Cu_Cobre": 0, "Status_Cu_Cobre": "No", "Flag_Pb_Plomo": 1, "Status_Pb_Plomo": "Confirmado", "Flag_Hg_Cinabrio": 0, "Status_Hg_Cinabrio": "No", "Flag_Sn_Estano": 0, "Status_Sn_Estano": "No", "Flag_Fe_Hierro": 0, "Status_Fe_Hierro": "No", "Tech_Ruina_Montium": 0, "Tech_Subterranea": 1, "Tech_Cielo_Abierto": 0, "Tech_Lavado_Placer": 0, "Certainty_Spatial": 1.0, "Certainty_Archaeological": 0.9, "Certainty_Metallogenic": 1.0, "Certainty_Score": 0.965, "Certainty_Grade": "Alta Certeza (Grado I)" }, "geometry": { "type": "Point", "coordinates": [ -5.69329653, 38.16978845 ] } },
{ "type": "Feature", "properties": { "mineID": 735, "site": "Herrerías (Huelva)", "ancientName": null, "province": "Hispania Baetica", "country": "Spain", "region": "Huelva", "miningDistrict": "Huelva", "romanianRANID": null, "sanchezPalenciaAndOrejasID": null, "domergueID": "H 40", "spainMapSheet": 958.0, "lambertX": 281.3, "lambertY": 342.3, "latitude": 37.61827285, "longitude": -7.29988195, "coordinateAccuracy": 100.0, "locationDataSource": "Converted in QGIS from Lambert coords, Madrid 1870", "locationNotes": null, "notBeforeOpeningDate": null, "notAfterOpeningDate": null, "notBeforeClosingDate": null, "notAfterClosingDate": null, "inUseDate": null, "metalMinedGold": "FALSE", "metalMinedSilver": 1.0, "metalMinedLead": 0.0, "metalMinedCopper": 1.0, "metalMinedTin": 0.0, "metalMinedIron": 0.0, "metalMinedMercuryCinnabar": 0.0, "metalMinedZinc": 0.0, "metalMinedOther": 0.0, "description": null, "references": "Domergue 1990: 62", "techniqueOpencast": 0.0, "techniqueUnderground": 1.0, "techniqueHydraulic": "FALSE", "techniqueHushing": "FALSE", "techniqueGroundSluicing": "FALSE", "techniqueRuinaMontium": 0.0, "techniqueRakeComb": 0.0, "techniqueGoldWashing": 0.0, "techniqueOther": 0.0, "notes": null, "geology": "Pyrite", "depositType": "Primary", "exploitationType": null, "Flag_Au_Oro": 0, "Status_Au_Oro": "No", "Flag_Ag_Plata": 1, "Status_Ag_Plata": "Confirmado", "Flag_Cu_Cobre": 1, "Status_Cu_Cobre": "Confirmado", "Flag_Pb_Plomo": 0, "Status_Pb_Plomo": "No", "Flag_Hg_Cinabrio": 0, "Status_Hg_Cinabrio": "No", "Flag_Sn_Estano": 0, "Status_Sn_Estano": "No", "Flag_Fe_Hierro": 0, "Status_Fe_Hierro": "No", "Tech_Ruina_Montium": 0, "Tech_Subterranea": 1, "Tech_Cielo_Abierto": 0, "Tech_Lavado_Placer": 0, "Certainty_Spatial": 1.0, "Certainty_Archaeological": 0.9, "Certainty_Metallogenic": 1.0, "Certainty_Score": 0.965, "Certainty_Grade": "Alta Certeza (Grado I)" }, "geometry": { "type": "Point", "coordinates": [ -7.29988195, 37.61827285 ] } },
{ "type": "Feature", "properties": { "mineID": 736, "site": "Herrerías de los Confesionarios", "ancientName": null, "province": "Hispania Baetica", "country": "Spain", "region": "Huelva", "miningDistrict": "Huelva", "romanianRANID": null, "sanchezPalenciaAndOrejasID": null, "domergueID": "H 25", "spainMapSheet": 937.0, "lambertX": 318.7, "lambertY": 360.1, "latitude": 37.7914656, "longitude": -6.88362989, "coordinateAccuracy": 100.0, "locationDataSource": "Converted in QGIS from Lambert coords, Madrid 1870", "locationNotes": null, "notBeforeOpeningDate": null, "notAfterOpeningDate": null, "notBeforeClosingDate": null, "notAfterClosingDate": null, "inUseDate": null, "metalMinedGold": "FALSE", "metalMinedSilver": 0.0, "metalMinedLead": 0.0, "metalMinedCopper": 1.0, "metalMinedTin": 0.0, "metalMinedIron": 0.0, "metalMinedMercuryCinnabar": 0.0, "metalMinedZinc": 0.0, "metalMinedOther": 0.0, "description": null, "references": "Domergue 1990: 62", "techniqueOpencast": 0.0, "techniqueUnderground": 1.0, "techniqueHydraulic": "FALSE", "techniqueHushing": "FALSE", "techniqueGroundSluicing": "FALSE", "techniqueRuinaMontium": 0.0, "techniqueRakeComb": 0.0, "techniqueGoldWashing": 0.0, "techniqueOther": 0.0, "notes": null, "geology": "Pyrite", "depositType": "Primary", "exploitationType": null, "Flag_Au_Oro": 0, "Status_Au_Oro": "No", "Flag_Ag_Plata": 0, "Status_Ag_Plata": "No", "Flag_Cu_Cobre": 1, "Status_Cu_Cobre": "Confirmado", "Flag_Pb_Plomo": 0, "Status_Pb_Plomo": "No", "Flag_Hg_Cinabrio": 0, "Status_Hg_Cinabrio": "No", "Flag_Sn_Estano": 0, "Status_Sn_Estano": "No", "Flag_Fe_Hierro": 0, "Status_Fe_Hierro": "No", "Tech_Ruina_Montium": 0, "Tech_Subterranea": 1, "Tech_Cielo_Abierto": 0, "Tech_Lavado_Placer": 0, "Certainty_Spatial": 1.0, "Certainty_Archaeological": 0.9, "Certainty_Metallogenic": 1.0, "Certainty_Score": 0.965, "Certainty_Grade": "Alta Certeza (Grado I)" }, "geometry": { "type": "Point", "coordinates": [ -6.88362989, 37.7914656 ] } },
{ "type": "Feature", "properties": { "mineID": 741, "site": "Huerta de Juan Abad", "ancientName": null, "province": "Hispania Baetica", "country": "Spain", "region": "Córdoba", "miningDistrict": "Montoro Andújar", "romanianRANID": null, "sanchezPalenciaAndOrejasID": null, "domergueID": "CO 75", "spainMapSheet": 903.0, "lambertX": 541.0, "lambertY": 394.5, "latitude": 38.14501878, "longitude": -4.3614333, "coordinateAccuracy": 100.0, "locationDataSource": "Converted in QGIS from Lambert coords, Madrid 1870", "locationNotes": null, "notBeforeOpeningDate": null, "notAfterOpeningDate": null, "notBeforeClosingDate": null, "notAfterClosingDate": null, "inUseDate": null, "metalMinedGold": "FALSE", "metalMinedSilver": 1.0, "metalMinedLead": 1.0, "metalMinedCopper": 0.0, "metalMinedTin": 0.0, "metalMinedIron": 0.0, "metalMinedMercuryCinnabar": 0.0, "metalMinedZinc": 0.0, "metalMinedOther": 0.0, "description": null, "references": "Domergue 1990: 47", "techniqueOpencast": 0.0, "techniqueUnderground": 1.0, "techniqueHydraulic": "FALSE", "techniqueHushing": "FALSE", "techniqueGroundSluicing": "FALSE", "techniqueRuinaMontium": 0.0, "techniqueRakeComb": 0.0, "techniqueGoldWashing": 0.0, "techniqueOther": 0.0, "notes": null, "geology": "Hard rock", "depositType": null, "exploitationType": null, "Flag_Au_Oro": 0, "Status_Au_Oro": "No", "Flag_Ag_Plata": 1, "Status_Ag_Plata": "Confirmado", "Flag_Cu_Cobre": 0, "Status_Cu_Cobre": "No", "Flag_Pb_Plomo": 1, "Status_Pb_Plomo": "Confirmado", "Flag_Hg_Cinabrio": 0, "Status_Hg_Cinabrio": "No", "Flag_Sn_Estano": 0, "Status_Sn_Estano": "No", "Flag_Fe_Hierro": 0, "Status_Fe_Hierro": "No", "Tech_Ruina_Montium": 0, "Tech_Subterranea": 1, "Tech_Cielo_Abierto": 0, "Tech_Lavado_Placer": 0, "Certainty_Spatial": 1.0, "Certainty_Archaeological": 0.9, "Certainty_Metallogenic": 1.0, "Certainty_Score": 0.965, "Certainty_Grade": "Alta Certeza (Grado I)" }, "geometry": { "type": "Point", "coordinates": [ -4.3614333, 38.14501878 ] } },
{ "type": "Feature", "properties": { "mineID": 746, "site": "Justicia", "ancientName": null, "province": "Hispania Baetica", "country": "Spain", "region": "Badajoz", "miningDistrict": "Azuaga-Fuenteovejuna", "romanianRANID": null, "sanchezPalenciaAndOrejasID": null, "domergueID": "BA 13", "spainMapSheet": 878.0, "lambertX": 429.6, "lambertY": 404.4, "latitude": 38.21949903, "longitude": -5.63527857, "coordinateAccuracy": 100.0, "locationDataSource": "Converted in QGIS from Lambert coords, Madrid 1870", "locationNotes": null, "notBeforeOpeningDate": null, "notAfterOpeningDate": null, "notBeforeClosingDate": null, "notAfterClosingDate": null, "inUseDate": null, "metalMinedGold": "FALSE", "metalMinedSilver": 1.0, "metalMinedLead": 1.0, "metalMinedCopper": 0.0, "metalMinedTin": 0.0, "metalMinedIron": 0.0, "metalMinedMercuryCinnabar": 0.0, "metalMinedZinc": 0.0, "metalMinedOther": 0.0, "description": null, "references": "Domergue 1990: 46", "techniqueOpencast": 0.0, "techniqueUnderground": 1.0, "techniqueHydraulic": "FALSE", "techniqueHushing": "FALSE", "techniqueGroundSluicing": "FALSE", "techniqueRuinaMontium": 0.0, "techniqueRakeComb": 0.0, "techniqueGoldWashing": 0.0, "techniqueOther": 0.0, "notes": null, "geology": "Hard rock", "depositType": "Primary", "exploitationType": null, "Flag_Au_Oro": 0, "Status_Au_Oro": "No", "Flag_Ag_Plata": 1, "Status_Ag_Plata": "Confirmado", "Flag_Cu_Cobre": 0, "Status_Cu_Cobre": "No", "Flag_Pb_Plomo": 1, "Status_Pb_Plomo": "Confirmado", "Flag_Hg_Cinabrio": 0, "Status_Hg_Cinabrio": "No", "Flag_Sn_Estano": 0, "Status_Sn_Estano": "No", "Flag_Fe_Hierro": 0, "Status_Fe_Hierro": "No", "Tech_Ruina_Montium": 0, "Tech_Subterranea": 1, "Tech_Cielo_Abierto": 0, "Tech_Lavado_Placer": 0, "Certainty_Spatial": 1.0, "Certainty_Archaeological": 0.9, "Certainty_Metallogenic": 1.0, "Certainty_Score": 0.965, "Certainty_Grade": "Alta Certeza (Grado I)" }, "geometry": { "type": "Point", "coordinates": [ -5.63527857, 38.21949903 ] } },
{ "type": "Feature", "properties": { "mineID": 749, "site": "La Argentera", "ancientName": null, "province": "Hispania Tarraconensis", "country": "Spain", "region": "Balearics", "miningDistrict": null, "romanianRANID": null, "sanchezPalenciaAndOrejasID": null, "domergueID": "PM 2", "spainMapSheet": 773.0, "lambertX": 1053.3, "lambertY": 503.8, "latitude": 39.01230651, "longitude": 1.554060351, "coordinateAccuracy": 100.0, "locationDataSource": "Converted in QGIS from Lambert coords, Madrid 1870", "locationNotes": null, "notBeforeOpeningDate": null, "notAfterOpeningDate": null, "notBeforeClosingDate": null, "notAfterClosingDate": null, "inUseDate": null, "metalMinedGold": "FALSE", "metalMinedSilver": 1.0, "metalMinedLead": 1.0, "metalMinedCopper": 0.0, "metalMinedTin": 0.0, "metalMinedIron": 0.0, "metalMinedMercuryCinnabar": 0.0, "metalMinedZinc": 0.0, "metalMinedOther": 0.0, "description": null, "references": "Domergue 1990: 64", "techniqueOpencast": 0.0, "techniqueUnderground": 1.0, "techniqueHydraulic": "FALSE", "techniqueHushing": "FALSE", "techniqueGroundSluicing": "FALSE", "techniqueRuinaMontium": 0.0, "techniqueRakeComb": 0.0, "techniqueGoldWashing": 0.0, "techniqueOther": 0.0, "notes": null, "geology": null, "depositType": null, "exploitationType": null, "Flag_Au_Oro": 0, "Status_Au_Oro": "No", "Flag_Ag_Plata": 1, "Status_Ag_Plata": "Confirmado", "Flag_Cu_Cobre": 0, "Status_Cu_Cobre": "No", "Flag_Pb_Plomo": 1, "Status_Pb_Plomo": "Confirmado", "Flag_Hg_Cinabrio": 0, "Status_Hg_Cinabrio": "No", "Flag_Sn_Estano": 0, "Status_Sn_Estano": "No", "Flag_Fe_Hierro": 0, "Status_Fe_Hierro": "No", "Tech_Ruina_Montium": 0, "Tech_Subterranea": 1, "Tech_Cielo_Abierto": 0, "Tech_Lavado_Placer": 0, "Certainty_Spatial": 1.0, "Certainty_Archaeological": 0.9, "Certainty_Metallogenic": 1.0, "Certainty_Score": 0.965, "Certainty_Grade": "Alta Certeza (Grado I)" }, "geometry": { "type": "Point", "coordinates": [ 1.554060351, 39.01230651 ] } },
{ "type": "Feature", "properties": { "mineID": 765, "site": "La Cruz", "ancientName": null, "province": "Hispania Tarraconensis", "country": "Spain", "region": "Jaén", "miningDistrict": "Linares - La Carolina", "romanianRANID": null, "sanchezPalenciaAndOrejasID": null, "domergueID": "J 24", "spainMapSheet": 905.0, "lambertX": 604.8, "lambertY": 394.5, "latitude": 38.14701494, "longitude": -3.63314509, "coordinateAccuracy": 100.0, "locationDataSource": "Converted in QGIS from Lambert coords, Madrid 1870", "locationNotes": null, "notBeforeOpeningDate": null, "notAfterOpeningDate": null, "notBeforeClosingDate": null, "notAfterClosingDate": null, "inUseDate": null, "metalMinedGold": "FALSE", "metalMinedSilver": 1.0, "metalMinedLead": 1.0, "metalMinedCopper": 1.0, "metalMinedTin": 0.0, "metalMinedIron": 0.0, "metalMinedMercuryCinnabar": 0.0, "metalMinedZinc": 0.0, "metalMinedOther": 0.0, "description": null, "references": "Domergue 1990: 45", "techniqueOpencast": 0.0, "techniqueUnderground": 1.0, "techniqueHydraulic": "FALSE", "techniqueHushing": "FALSE", "techniqueGroundSluicing": "FALSE", "techniqueRuinaMontium": 0.0, "techniqueRakeComb": 0.0, "techniqueGoldWashing": 0.0, "techniqueOther": 0.0, "notes": null, "geology": "Hard rock", "depositType": null, "exploitationType": null, "Flag_Au_Oro": 0, "Status_Au_Oro": "No", "Flag_Ag_Plata": 1, "Status_Ag_Plata": "Confirmado", "Flag_Cu_Cobre": 1, "Status_Cu_Cobre": "Confirmado", "Flag_Pb_Plomo": 1, "Status_Pb_Plomo": "Confirmado", "Flag_Hg_Cinabrio": 0, "Status_Hg_Cinabrio": "No", "Flag_Sn_Estano": 0, "Status_Sn_Estano": "No", "Flag_Fe_Hierro": 0, "Status_Fe_Hierro": "No", "Tech_Ruina_Montium": 0, "Tech_Subterranea": 1, "Tech_Cielo_Abierto": 0, "Tech_Lavado_Placer": 0, "Certainty_Spatial": 1.0, "Certainty_Archaeological": 0.9, "Certainty_Metallogenic": 1.0, "Certainty_Score": 0.965, "Certainty_Grade": "Alta Certeza (Grado I)" }, "geometry": { "type": "Point", "coordinates": [ -3.63314509, 38.14701494 ] } },
{ "type": "Feature", "properties": { "mineID": 772, "site": "La Encinilla", "ancientName": null, "province": "Hispania Baetica", "country": "Spain", "region": "Córdoba", "miningDistrict": "Los Pedroches", "romanianRANID": null, "sanchezPalenciaAndOrejasID": null, "domergueID": "CO 22", "spainMapSheet": 833.0, "lambertX": 482.5, "lambertY": 440.5, "latitude": 38.55374099, "longitude": -5.03709116, "coordinateAccuracy": 100.0, "locationDataSource": "Converted in QGIS from Lambert coords, Madrid 1870", "locationNotes": null, "notBeforeOpeningDate": null, "notAfterOpeningDate": null, "notBeforeClosingDate": null, "notAfterClosingDate": null, "inUseDate": null, "metalMinedGold": "FALSE", "metalMinedSilver": 0.0, "metalMinedLead": 0.0, "metalMinedCopper": 1.0, "metalMinedTin": 0.0, "metalMinedIron": 0.0, "metalMinedMercuryCinnabar": 0.0, "metalMinedZinc": 0.0, "metalMinedOther": 0.0, "description": null, "references": "Domergue 1990: 47", "techniqueOpencast": 0.0, "techniqueUnderground": 1.0, "techniqueHydraulic": "FALSE", "techniqueHushing": "FALSE", "techniqueGroundSluicing": "FALSE", "techniqueRuinaMontium": 0.0, "techniqueRakeComb": 0.0, "techniqueGoldWashing": 0.0, "techniqueOther": 0.0, "notes": null, "geology": "Hard rock", "depositType": "Primary", "exploitationType": null, "Flag_Au_Oro": 0, "Status_Au_Oro": "No", "Flag_Ag_Plata": 0, "Status_Ag_Plata": "No", "Flag_Cu_Cobre": 1, "Status_Cu_Cobre": "Confirmado", "Flag_Pb_Plomo": 0, "Status_Pb_Plomo": "No", "Flag_Hg_Cinabrio": 0, "Status_Hg_Cinabrio": "No", "Flag_Sn_Estano": 0, "Status_Sn_Estano": "No", "Flag_Fe_Hierro": 0, "Status_Fe_Hierro": "No", "Tech_Ruina_Montium": 0, "Tech_Subterranea": 1, "Tech_Cielo_Abierto": 0, "Tech_Lavado_Placer": 0, "Certainty_Spatial": 1.0, "Certainty_Archaeological": 0.9, "Certainty_Metallogenic": 1.0, "Certainty_Score": 0.965, "Certainty_Grade": "Alta Certeza (Grado I)" }, "geometry": { "type": "Point", "coordinates": [ -5.03709116, 38.55374099 ] } },
{ "type": "Feature", "properties": { "mineID": 775, "site": "La Fontanilla / Las Cuevas", "ancientName": null, "province": "Hispania Tarraconensis", "country": "Spain", "region": "León", "miningDistrict": "Cuencas del Turienzo y Jerega", "romanianRANID": null, "sanchezPalenciaAndOrejasID": "TJ-17", "domergueID": "LE 48", "spainMapSheet": 193.0, "lambertX": 400.2, "lambertY": 873.8, "latitude": 42.442171, "longitude": -6.119396, "coordinateAccuracy": 100.0, "locationDataSource": "Converted in QGIS from Lambert coords, Madrid 1870, adjusted with reference to Google Earth.", "locationNotes": null, "notBeforeOpeningDate": null, "notAfterOpeningDate": null, "notBeforeClosingDate": null, "notAfterClosingDate": null, "inUseDate": null, "metalMinedGold": "TRUE", "metalMinedSilver": 0.0, "metalMinedLead": 0.0, "metalMinedCopper": 0.0, "metalMinedTin": 0.0, "metalMinedIron": 0.0, "metalMinedMercuryCinnabar": 0.0, "metalMinedZinc": 0.0, "metalMinedOther": 0.0, "description": "Several hydraulic opencasts; two on the N side of the valley; a large one on the S side, and a smaller piriform opencast to the S of that. In the main, S, opencast there are subterranean galleries opening off the side of the opencast.", "references": "Domergue 1990: 43; Sanchez-Palencia and Orejas 1994, 202", "techniqueOpencast": 1.0, "techniqueUnderground": 1.0, "techniqueHydraulic": "TRUE", "techniqueHushing": "TRUE", "techniqueGroundSluicing": "FALSE", "techniqueRuinaMontium": 0.0, "techniqueRakeComb": 0.0, "techniqueGoldWashing": 0.0, "techniqueOther": 0.0, "notes": null, "geology": "Hard rock", "depositType": "Secondary - Primary", "exploitationType": "Extensive", "Flag_Au_Oro": 1, "Status_Au_Oro": "Confirmado", "Flag_Ag_Plata": 0, "Status_Ag_Plata": "No", "Flag_Cu_Cobre": 0, "Status_Cu_Cobre": "No", "Flag_Pb_Plomo": 0, "Status_Pb_Plomo": "No", "Flag_Hg_Cinabrio": 0, "Status_Hg_Cinabrio": "No", "Flag_Sn_Estano": 0, "Status_Sn_Estano": "No", "Flag_Fe_Hierro": 0, "Status_Fe_Hierro": "No", "Tech_Ruina_Montium": 1, "Tech_Subterranea": 1, "Tech_Cielo_Abierto": 1, "Tech_Lavado_Placer": 0, "Certainty_Spatial": 1.0, "Certainty_Archaeological": 1.0, "Certainty_Metallogenic": 1.0, "Certainty_Score": 1.0, "Certainty_Grade": "Alta Certeza (Grado I)" }, "geometry": { "type": "Point", "coordinates": [ -6.119396, 42.442171 ] } },
{ "type": "Feature", "properties": { "mineID": 788, "site": "La Herreria", "ancientName": null, "province": "Hispania Baetica", "country": "Spain", "region": "Córdoba", "miningDistrict": "Montoro Andújar", "romanianRANID": null, "sanchezPalenciaAndOrejasID": null, "domergueID": "CO 76", "spainMapSheet": 903.0, "lambertX": 537.4, "lambertY": 395.5, "latitude": 38.15378104, "longitude": -4.40261769, "coordinateAccuracy": 100.0, "locationDataSource": "Converted in QGIS from Lambert coords, Madrid 1870", "locationNotes": null, "notBeforeOpeningDate": null, "notAfterOpeningDate": null, "notBeforeClosingDate": null, "notAfterClosingDate": null, "inUseDate": null, "metalMinedGold": "FALSE", "metalMinedSilver": 1.0, "metalMinedLead": 1.0, "metalMinedCopper": 1.0, "metalMinedTin": 0.0, "metalMinedIron": 0.0, "metalMinedMercuryCinnabar": 0.0, "metalMinedZinc": 0.0, "metalMinedOther": 0.0, "description": null, "references": "Domergue 1990: 47", "techniqueOpencast": 0.0, "techniqueUnderground": 1.0, "techniqueHydraulic": "FALSE", "techniqueHushing": "FALSE", "techniqueGroundSluicing": "FALSE", "techniqueRuinaMontium": 0.0, "techniqueRakeComb": 0.0, "techniqueGoldWashing": 0.0, "techniqueOther": 0.0, "notes": null, "geology": "Hard rock", "depositType": null, "exploitationType": null, "Flag_Au_Oro": 0, "Status_Au_Oro": "No", "Flag_Ag_Plata": 1, "Status_Ag_Plata": "Confirmado", "Flag_Cu_Cobre": 1, "Status_Cu_Cobre": "Confirmado", "Flag_Pb_Plomo": 1, "Status_Pb_Plomo": "Confirmado", "Flag_Hg_Cinabrio": 0, "Status_Hg_Cinabrio": "No", "Flag_Sn_Estano": 0, "Status_Sn_Estano": "No", "Flag_Fe_Hierro": 0, "Status_Fe_Hierro": "No", "Tech_Ruina_Montium": 0, "Tech_Subterranea": 1, "Tech_Cielo_Abierto": 0, "Tech_Lavado_Placer": 0, "Certainty_Spatial": 1.0, "Certainty_Archaeological": 0.9, "Certainty_Metallogenic": 1.0, "Certainty_Score": 0.965, "Certainty_Grade": "Alta Certeza (Grado I)" }, "geometry": { "type": "Point", "coordinates": [ -4.40261769, 38.15378104 ] } },
{ "type": "Feature", "properties": { "mineID": 791, "site": "La Joya", "ancientName": null, "province": "Hispania Baetica", "country": "Spain", "region": "Huelva", "miningDistrict": "Huelva", "romanianRANID": null, "sanchezPalenciaAndOrejasID": null, "domergueID": "H 22", "spainMapSheet": 937.0, "lambertX": 306.5, "lambertY": 357.6, "latitude": 37.76491981, "longitude": -7.02103919, "coordinateAccuracy": 100.0, "locationDataSource": "Converted in QGIS from Lambert coords, Madrid 1870", "locationNotes": null, "notBeforeOpeningDate": null, "notAfterOpeningDate": null, "notBeforeClosingDate": null, "notAfterClosingDate": null, "inUseDate": null, "metalMinedGold": "FALSE", "metalMinedSilver": 0.0, "metalMinedLead": 0.0, "metalMinedCopper": 1.0, "metalMinedTin": 0.0, "metalMinedIron": 0.0, "metalMinedMercuryCinnabar": 0.0, "metalMinedZinc": 0.0, "metalMinedOther": 0.0, "description": null, "references": "Domergue 1990: 62", "techniqueOpencast": 0.0, "techniqueUnderground": 1.0, "techniqueHydraulic": "FALSE", "techniqueHushing": "FALSE", "techniqueGroundSluicing": "FALSE", "techniqueRuinaMontium": 0.0, "techniqueRakeComb": 0.0, "techniqueGoldWashing": 0.0, "techniqueOther": 0.0, "notes": null, "geology": "Pyrite", "depositType": "Primary", "exploitationType": null, "Flag_Au_Oro": 0, "Status_Au_Oro": "No", "Flag_Ag_Plata": 0, "Status_Ag_Plata": "No", "Flag_Cu_Cobre": 1, "Status_Cu_Cobre": "Confirmado", "Flag_Pb_Plomo": 0, "Status_Pb_Plomo": "No", "Flag_Hg_Cinabrio": 0, "Status_Hg_Cinabrio": "No", "Flag_Sn_Estano": 0, "Status_Sn_Estano": "No", "Flag_Fe_Hierro": 0, "Status_Fe_Hierro": "No", "Tech_Ruina_Montium": 0, "Tech_Subterranea": 1, "Tech_Cielo_Abierto": 0, "Tech_Lavado_Placer": 0, "Certainty_Spatial": 1.0, "Certainty_Archaeological": 0.9, "Certainty_Metallogenic": 1.0, "Certainty_Score": 0.965, "Certainty_Grade": "Alta Certeza (Grado I)" }, "geometry": { "type": "Point", "coordinates": [ -7.02103919, 37.76491981 ] } },
{ "type": "Feature", "properties": { "mineID": 792, "site": "La Lagunilla", "ancientName": null, "province": "Hispania Baetica", "country": "Spain", "region": "Córdoba", "miningDistrict": "Azuaga-Fuenteovejuna", "romanianRANID": null, "sanchezPalenciaAndOrejasID": null, "domergueID": "CO 58", "spainMapSheet": 900.0, "lambertX": 441.6, "lambertY": 397.1, "latitude": 38.15598041, "longitude": -5.49648864, "coordinateAccuracy": 100.0, "locationDataSource": "Converted in QGIS from Lambert coords, Madrid 1870", "locationNotes": null, "notBeforeOpeningDate": null, "notAfterOpeningDate": null, "notBeforeClosingDate": null, "notAfterClosingDate": null, "inUseDate": null, "metalMinedGold": "FALSE", "metalMinedSilver": 1.0, "metalMinedLead": 1.0, "metalMinedCopper": 0.0, "metalMinedTin": 0.0, "metalMinedIron": 0.0, "metalMinedMercuryCinnabar": 0.0, "metalMinedZinc": 0.0, "metalMinedOther": 0.0, "description": null, "references": "Domergue 1990: 46", "techniqueOpencast": 0.0, "techniqueUnderground": 1.0, "techniqueHydraulic": "FALSE", "techniqueHushing": "FALSE", "techniqueGroundSluicing": "FALSE", "techniqueRuinaMontium": 0.0, "techniqueRakeComb": 0.0, "techniqueGoldWashing": 0.0, "techniqueOther": 0.0, "notes": null, "geology": "Hard rock", "depositType": "Primary", "exploitationType": null, "Flag_Au_Oro": 0, "Status_Au_Oro": "No", "Flag_Ag_Plata": 1, "Status_Ag_Plata": "Confirmado", "Flag_Cu_Cobre": 0, "Status_Cu_Cobre": "No", "Flag_Pb_Plomo": 1, "Status_Pb_Plomo": "Confirmado", "Flag_Hg_Cinabrio": 0, "Status_Hg_Cinabrio": "No", "Flag_Sn_Estano": 0, "Status_Sn_Estano": "No", "Flag_Fe_Hierro": 0, "Status_Fe_Hierro": "No", "Tech_Ruina_Montium": 0, "Tech_Subterranea": 1, "Tech_Cielo_Abierto": 0, "Tech_Lavado_Placer": 0, "Certainty_Spatial": 1.0, "Certainty_Archaeological": 0.9, "Certainty_Metallogenic": 1.0, "Certainty_Score": 0.965, "Certainty_Grade": "Alta Certeza (Grado I)" }, "geometry": { "type": "Point", "coordinates": [ -5.49648864, 38.15598041 ] } },
{ "type": "Feature", "properties": { "mineID": 797, "site": "La Loba", "ancientName": null, "province": "Hispania Baetica", "country": "Spain", "region": "Córdoba", "miningDistrict": "Azuaga-Fuenteovejuna", "romanianRANID": null, "sanchezPalenciaAndOrejasID": null, "domergueID": "CO 55", "spainMapSheet": 879.0, "lambertX": 454.0, "lambertY": 413.0, "latitude": 38.30148131, "longitude": -5.35834637, "coordinateAccuracy": 100.0, "locationDataSource": "Converted in QGIS from Lambert coords, Madrid 1870", "locationNotes": null, "notBeforeOpeningDate": null, "notAfterOpeningDate": null, "notBeforeClosingDate": null, "notAfterClosingDate": null, "inUseDate": null, "metalMinedGold": "FALSE", "metalMinedSilver": 1.0, "metalMinedLead": 1.0, "metalMinedCopper": 1.0, "metalMinedTin": 0.0, "metalMinedIron": 0.0, "metalMinedMercuryCinnabar": 0.0, "metalMinedZinc": 0.0, "metalMinedOther": 0.0, "description": null, "references": "Domergue 1990: 46", "techniqueOpencast": 0.0, "techniqueUnderground": 1.0, "techniqueHydraulic": "FALSE", "techniqueHushing": "FALSE", "techniqueGroundSluicing": "FALSE", "techniqueRuinaMontium": 0.0, "techniqueRakeComb": 0.0, "techniqueGoldWashing": 0.0, "techniqueOther": 0.0, "notes": null, "geology": "Hard rock", "depositType": "Primary", "exploitationType": null, "Flag_Au_Oro": 0, "Status_Au_Oro": "No", "Flag_Ag_Plata": 1, "Status_Ag_Plata": "Confirmado", "Flag_Cu_Cobre": 1, "Status_Cu_Cobre": "Confirmado", "Flag_Pb_Plomo": 1, "Status_Pb_Plomo": "Confirmado", "Flag_Hg_Cinabrio": 0, "Status_Hg_Cinabrio": "No", "Flag_Sn_Estano": 0, "Status_Sn_Estano": "No", "Flag_Fe_Hierro": 0, "Status_Fe_Hierro": "No", "Tech_Ruina_Montium": 0, "Tech_Subterranea": 1, "Tech_Cielo_Abierto": 0, "Tech_Lavado_Placer": 0, "Certainty_Spatial": 1.0, "Certainty_Archaeological": 0.9, "Certainty_Metallogenic": 1.0, "Certainty_Score": 0.965, "Certainty_Grade": "Alta Certeza (Grado I)" }, "geometry": { "type": "Point", "coordinates": [ -5.35834637, 38.30148131 ] } },
{ "type": "Feature", "properties": { "mineID": 799, "site": "La Luz (Linares)", "ancientName": null, "province": "Hispania Tarraconensis", "country": "Spain", "region": "Jaén", "miningDistrict": "Linares - La Carolina", "romanianRANID": null, "sanchezPalenciaAndOrejasID": null, "domergueID": "J 26", "spainMapSheet": 905.0, "lambertX": 606.1, "lambertY": 393.5, "latitude": 38.13799154, "longitude": -3.61831402, "coordinateAccuracy": 100.0, "locationDataSource": "Converted in QGIS from Lambert coords, Madrid 1870", "locationNotes": null, "notBeforeOpeningDate": null, "notAfterOpeningDate": null, "notBeforeClosingDate": null, "notAfterClosingDate": null, "inUseDate": null, "metalMinedGold": "FALSE", "metalMinedSilver": 1.0, "metalMinedLead": 1.0, "metalMinedCopper": 0.0, "metalMinedTin": 0.0, "metalMinedIron": 0.0, "metalMinedMercuryCinnabar": 0.0, "metalMinedZinc": 0.0, "metalMinedOther": 0.0, "description": null, "references": "Domergue 1990: 45", "techniqueOpencast": 0.0, "techniqueUnderground": 1.0, "techniqueHydraulic": "FALSE", "techniqueHushing": "FALSE", "techniqueGroundSluicing": "FALSE", "techniqueRuinaMontium": 0.0, "techniqueRakeComb": 0.0, "techniqueGoldWashing": 0.0, "techniqueOther": 0.0, "notes": null, "geology": "Hard rock", "depositType": null, "exploitationType": null, "Flag_Au_Oro": 0, "Status_Au_Oro": "No", "Flag_Ag_Plata": 1, "Status_Ag_Plata": "Confirmado", "Flag_Cu_Cobre": 0, "Status_Cu_Cobre": "No", "Flag_Pb_Plomo": 1, "Status_Pb_Plomo": "Confirmado", "Flag_Hg_Cinabrio": 0, "Status_Hg_Cinabrio": "No", "Flag_Sn_Estano": 0, "Status_Sn_Estano": "No", "Flag_Fe_Hierro": 0, "Status_Fe_Hierro": "No", "Tech_Ruina_Montium": 0, "Tech_Subterranea": 1, "Tech_Cielo_Abierto": 0, "Tech_Lavado_Placer": 0, "Certainty_Spatial": 1.0, "Certainty_Archaeological": 0.9, "Certainty_Metallogenic": 1.0, "Certainty_Score": 0.965, "Certainty_Grade": "Alta Certeza (Grado I)" }, "geometry": { "type": "Point", "coordinates": [ -3.61831402, 38.13799154 ] } },
{ "type": "Feature", "properties": { "mineID": 813, "site": "La Pastora", "ancientName": null, "province": "Hispania Baetica", "country": "Spain", "region": "Córdoba", "miningDistrict": "Azuaga-Fuenteovejuna", "romanianRANID": null, "sanchezPalenciaAndOrejasID": null, "domergueID": "CO 25", "spainMapSheet": 879.0, "lambertX": 464.6, "lambertY": 405.4, "latitude": 38.23469858, "longitude": -5.23558598, "coordinateAccuracy": 100.0, "locationDataSource": "Converted in QGIS from Lambert coords, Madrid 1870", "locationNotes": null, "notBeforeOpeningDate": null, "notAfterOpeningDate": null, "notBeforeClosingDate": null, "notAfterClosingDate": null, "inUseDate": null, "metalMinedGold": "FALSE", "metalMinedSilver": 0.0, "metalMinedLead": 0.0, "metalMinedCopper": 1.0, "metalMinedTin": 0.0, "metalMinedIron": 0.0, "metalMinedMercuryCinnabar": 0.0, "metalMinedZinc": 0.0, "metalMinedOther": 0.0, "description": null, "references": "Domergue 1990: 46", "techniqueOpencast": 0.0, "techniqueUnderground": 1.0, "techniqueHydraulic": "FALSE", "techniqueHushing": "FALSE", "techniqueGroundSluicing": "FALSE", "techniqueRuinaMontium": 0.0, "techniqueRakeComb": 0.0, "techniqueGoldWashing": 0.0, "techniqueOther": 0.0, "notes": null, "geology": "Hard rock", "depositType": "Primary", "exploitationType": null, "Flag_Au_Oro": 0, "Status_Au_Oro": "No", "Flag_Ag_Plata": 0, "Status_Ag_Plata": "No", "Flag_Cu_Cobre": 1, "Status_Cu_Cobre": "Confirmado", "Flag_Pb_Plomo": 0, "Status_Pb_Plomo": "No", "Flag_Hg_Cinabrio": 0, "Status_Hg_Cinabrio": "No", "Flag_Sn_Estano": 0, "Status_Sn_Estano": "No", "Flag_Fe_Hierro": 0, "Status_Fe_Hierro": "No", "Tech_Ruina_Montium": 0, "Tech_Subterranea": 1, "Tech_Cielo_Abierto": 0, "Tech_Lavado_Placer": 0, "Certainty_Spatial": 1.0, "Certainty_Archaeological": 0.9, "Certainty_Metallogenic": 1.0, "Certainty_Score": 0.965, "Certainty_Grade": "Alta Certeza (Grado I)" }, "geometry": { "type": "Point", "coordinates": [ -5.23558598, 38.23469858 ] } },
{ "type": "Feature", "properties": { "mineID": 830, "site": "La Romana", "ancientName": null, "province": "Hispania Tarraconensis", "country": "Spain", "region": "Ciudad Real", "miningDistrict": "Alcudia", "romanianRANID": null, "sanchezPalenciaAndOrejasID": null, "domergueID": "CR 12", "spainMapSheet": 835.0, "lambertX": 541.7, "lambertY": 448.8, "latitude": 38.63461989, "longitude": -4.35810314, "coordinateAccuracy": 100.0, "locationDataSource": "Converted in QGIS from Lambert coords, Madrid 1870", "locationNotes": null, "notBeforeOpeningDate": null, "notAfterOpeningDate": null, "notBeforeClosingDate": null, "notAfterClosingDate": null, "inUseDate": null, "metalMinedGold": "FALSE", "metalMinedSilver": 1.0, "metalMinedLead": 1.0, "metalMinedCopper": 0.0, "metalMinedTin": 0.0, "metalMinedIron": 0.0, "metalMinedMercuryCinnabar": 0.0, "metalMinedZinc": 0.0, "metalMinedOther": 0.0, "description": null, "references": "Domergue 1990: 46", "techniqueOpencast": 0.0, "techniqueUnderground": 1.0, "techniqueHydraulic": "FALSE", "techniqueHushing": "FALSE", "techniqueGroundSluicing": "FALSE", "techniqueRuinaMontium": 0.0, "techniqueRakeComb": 0.0, "techniqueGoldWashing": 0.0, "techniqueOther": 0.0, "notes": null, "geology": null, "depositType": null, "exploitationType": null, "Flag_Au_Oro": 0, "Status_Au_Oro": "No", "Flag_Ag_Plata": 1, "Status_Ag_Plata": "Confirmado", "Flag_Cu_Cobre": 0, "Status_Cu_Cobre": "No", "Flag_Pb_Plomo": 1, "Status_Pb_Plomo": "Confirmado", "Flag_Hg_Cinabrio": 0, "Status_Hg_Cinabrio": "No", "Flag_Sn_Estano": 0, "Status_Sn_Estano": "No", "Flag_Fe_Hierro": 0, "Status_Fe_Hierro": "No", "Tech_Ruina_Montium": 0, "Tech_Subterranea": 1, "Tech_Cielo_Abierto": 0, "Tech_Lavado_Placer": 0, "Certainty_Spatial": 1.0, "Certainty_Archaeological": 0.9, "Certainty_Metallogenic": 1.0, "Certainty_Score": 0.965, "Certainty_Grade": "Alta Certeza (Grado I)" }, "geometry": { "type": "Point", "coordinates": [ -4.35810314, 38.63461989 ] } },
{ "type": "Feature", "properties": { "mineID": 833, "site": "La Serrana", "ancientName": null, "province": "Hispania Baetica", "country": "Spain", "region": "Badajoz", "miningDistrict": "Azuaga-Fuenteovejuna", "romanianRANID": null, "sanchezPalenciaAndOrejasID": null, "domergueID": "BA 9", "spainMapSheet": 878.0, "lambertX": 419.3, "lambertY": 402.6, "latitude": 38.20118577, "longitude": -5.75247022, "coordinateAccuracy": 100.0, "locationDataSource": "Converted in QGIS from Lambert coords, Madrid 1870", "locationNotes": null, "notBeforeOpeningDate": null, "notAfterOpeningDate": null, "notBeforeClosingDate": null, "notAfterClosingDate": null, "inUseDate": null, "metalMinedGold": "FALSE", "metalMinedSilver": 1.0, "metalMinedLead": 1.0, "metalMinedCopper": 0.0, "metalMinedTin": 0.0, "metalMinedIron": 0.0, "metalMinedMercuryCinnabar": 0.0, "metalMinedZinc": 0.0, "metalMinedOther": 0.0, "description": null, "references": "Domergue 1990: 46", "techniqueOpencast": 0.0, "techniqueUnderground": 1.0, "techniqueHydraulic": "FALSE", "techniqueHushing": "FALSE", "techniqueGroundSluicing": "FALSE", "techniqueRuinaMontium": 0.0, "techniqueRakeComb": 0.0, "techniqueGoldWashing": 0.0, "techniqueOther": 0.0, "notes": null, "geology": "Hard rock", "depositType": "Primary", "exploitationType": null, "Flag_Au_Oro": 0, "Status_Au_Oro": "No", "Flag_Ag_Plata": 1, "Status_Ag_Plata": "Confirmado", "Flag_Cu_Cobre": 0, "Status_Cu_Cobre": "No", "Flag_Pb_Plomo": 1, "Status_Pb_Plomo": "Confirmado", "Flag_Hg_Cinabrio": 0, "Status_Hg_Cinabrio": "No", "Flag_Sn_Estano": 0, "Status_Sn_Estano": "No", "Flag_Fe_Hierro": 0, "Status_Fe_Hierro": "No", "Tech_Ruina_Montium": 0, "Tech_Subterranea": 1, "Tech_Cielo_Abierto": 0, "Tech_Lavado_Placer": 0, "Certainty_Spatial": 1.0, "Certainty_Archaeological": 0.9, "Certainty_Metallogenic": 1.0, "Certainty_Score": 0.965, "Certainty_Grade": "Alta Certeza (Grado I)" }, "geometry": { "type": "Point", "coordinates": [ -5.75247022, 38.20118577 ] } },
{ "type": "Feature", "properties": { "mineID": 836, "site": "La Torrecilla", "ancientName": null, "province": "Hispania Tarraconensis", "country": "Spain", "region": "Jaén", "miningDistrict": "Linares - La Carolina", "romanianRANID": null, "sanchezPalenciaAndOrejasID": null, "domergueID": "J 17", "spainMapSheet": 884.0, "lambertX": 604.6, "lambertY": 407.4, "latitude": 38.26331517, "longitude": -3.63534127, "coordinateAccuracy": 100.0, "locationDataSource": "Converted in QGIS from Lambert coords, Madrid 1870", "locationNotes": null, "notBeforeOpeningDate": null, "notAfterOpeningDate": null, "notBeforeClosingDate": null, "notAfterClosingDate": null, "inUseDate": null, "metalMinedGold": "FALSE", "metalMinedSilver": 1.0, "metalMinedLead": 1.0, "metalMinedCopper": 0.0, "metalMinedTin": 0.0, "metalMinedIron": 0.0, "metalMinedMercuryCinnabar": 0.0, "metalMinedZinc": 0.0, "metalMinedOther": 0.0, "description": null, "references": "Domergue 1990: 45", "techniqueOpencast": 0.0, "techniqueUnderground": 1.0, "techniqueHydraulic": "FALSE", "techniqueHushing": "FALSE", "techniqueGroundSluicing": "FALSE", "techniqueRuinaMontium": 0.0, "techniqueRakeComb": 0.0, "techniqueGoldWashing": 0.0, "techniqueOther": 0.0, "notes": null, "geology": "Hard rock", "depositType": null, "exploitationType": null, "Flag_Au_Oro": 0, "Status_Au_Oro": "No", "Flag_Ag_Plata": 1, "Status_Ag_Plata": "Confirmado", "Flag_Cu_Cobre": 0, "Status_Cu_Cobre": "No", "Flag_Pb_Plomo": 1, "Status_Pb_Plomo": "Confirmado", "Flag_Hg_Cinabrio": 0, "Status_Hg_Cinabrio": "No", "Flag_Sn_Estano": 0, "Status_Sn_Estano": "No", "Flag_Fe_Hierro": 0, "Status_Fe_Hierro": "No", "Tech_Ruina_Montium": 0, "Tech_Subterranea": 1, "Tech_Cielo_Abierto": 0, "Tech_Lavado_Placer": 0, "Certainty_Spatial": 1.0, "Certainty_Archaeological": 0.9, "Certainty_Metallogenic": 1.0, "Certainty_Score": 0.965, "Certainty_Grade": "Alta Certeza (Grado I)" }, "geometry": { "type": "Point", "coordinates": [ -3.63534127, 38.26331517 ] } },
{ "type": "Feature", "properties": { "mineID": 840, "site": "La Victoria", "ancientName": null, "province": "Hispania Tarraconensis", "country": "Spain", "region": "Ciudad Real", "miningDistrict": "Alcudia", "romanianRANID": null, "sanchezPalenciaAndOrejasID": null, "domergueID": "CR 11", "spainMapSheet": 809.0, "lambertX": 539.4, "lambertY": 468.6, "latitude": 38.8129877, "longitude": -4.38632405, "coordinateAccuracy": 100.0, "locationDataSource": "Converted in QGIS from Lambert coords, Madrid 1870", "locationNotes": null, "notBeforeOpeningDate": null, "notAfterOpeningDate": null, "notBeforeClosingDate": null, "notAfterClosingDate": null, "inUseDate": null, "metalMinedGold": "FALSE", "metalMinedSilver": 1.0, "metalMinedLead": 1.0, "metalMinedCopper": 0.0, "metalMinedTin": 0.0, "metalMinedIron": 0.0, "metalMinedMercuryCinnabar": 0.0, "metalMinedZinc": 0.0, "metalMinedOther": 0.0, "description": null, "references": "Domergue 1990: 46", "techniqueOpencast": 0.0, "techniqueUnderground": 1.0, "techniqueHydraulic": "FALSE", "techniqueHushing": "FALSE", "techniqueGroundSluicing": "FALSE", "techniqueRuinaMontium": 0.0, "techniqueRakeComb": 0.0, "techniqueGoldWashing": 0.0, "techniqueOther": 0.0, "notes": null, "geology": null, "depositType": null, "exploitationType": null, "Flag_Au_Oro": 0, "Status_Au_Oro": "No", "Flag_Ag_Plata": 1, "Status_Ag_Plata": "Confirmado", "Flag_Cu_Cobre": 0, "Status_Cu_Cobre": "No", "Flag_Pb_Plomo": 1, "Status_Pb_Plomo": "Confirmado", "Flag_Hg_Cinabrio": 0, "Status_Hg_Cinabrio": "No", "Flag_Sn_Estano": 0, "Status_Sn_Estano": "No", "Flag_Fe_Hierro": 0, "Status_Fe_Hierro": "No", "Tech_Ruina_Montium": 0, "Tech_Subterranea": 1, "Tech_Cielo_Abierto": 0, "Tech_Lavado_Placer": 0, "Certainty_Spatial": 1.0, "Certainty_Archaeological": 0.9, "Certainty_Metallogenic": 1.0, "Certainty_Score": 0.965, "Certainty_Grade": "Alta Certeza (Grado I)" }, "geometry": { "type": "Point", "coordinates": [ -4.38632405, 38.8129877 ] } },
{ "type": "Feature", "properties": { "mineID": 842, "site": "La Zarza", "ancientName": null, "province": "Hispania Baetica", "country": "Spain", "region": "Huelva", "miningDistrict": "Huelva", "romanianRANID": null, "sanchezPalenciaAndOrejasID": null, "domergueID": "H 19", "spainMapSheet": 938.0, "lambertX": 321.3, "lambertY": 350.9, "latitude": 37.70942825, "longitude": -6.85041111, "coordinateAccuracy": 100.0, "locationDataSource": "Converted in QGIS from Lambert coords, Madrid 1870", "locationNotes": null, "notBeforeOpeningDate": null, "notAfterOpeningDate": null, "notBeforeClosingDate": null, "notAfterClosingDate": null, "inUseDate": null, "metalMinedGold": "FALSE", "metalMinedSilver": 0.0, "metalMinedLead": 0.0, "metalMinedCopper": 1.0, "metalMinedTin": 0.0, "metalMinedIron": 0.0, "metalMinedMercuryCinnabar": 0.0, "metalMinedZinc": 0.0, "metalMinedOther": 0.0, "description": null, "references": "Domergue 1990: 62", "techniqueOpencast": 0.0, "techniqueUnderground": 1.0, "techniqueHydraulic": "FALSE", "techniqueHushing": "FALSE", "techniqueGroundSluicing": "FALSE", "techniqueRuinaMontium": 0.0, "techniqueRakeComb": 0.0, "techniqueGoldWashing": 0.0, "techniqueOther": 0.0, "notes": null, "geology": "Pyrite", "depositType": "Primary", "exploitationType": null, "Flag_Au_Oro": 0, "Status_Au_Oro": "No", "Flag_Ag_Plata": 0, "Status_Ag_Plata": "No", "Flag_Cu_Cobre": 1, "Status_Cu_Cobre": "Confirmado", "Flag_Pb_Plomo": 0, "Status_Pb_Plomo": "No", "Flag_Hg_Cinabrio": 0, "Status_Hg_Cinabrio": "No", "Flag_Sn_Estano": 0, "Status_Sn_Estano": "No", "Flag_Fe_Hierro": 0, "Status_Fe_Hierro": "No", "Tech_Ruina_Montium": 0, "Tech_Subterranea": 1, "Tech_Cielo_Abierto": 0, "Tech_Lavado_Placer": 0, "Certainty_Spatial": 1.0, "Certainty_Archaeological": 0.9, "Certainty_Metallogenic": 1.0, "Certainty_Score": 0.965, "Certainty_Grade": "Alta Certeza (Grado I)" }, "geometry": { "type": "Point", "coordinates": [ -6.85041111, 37.70942825 ] } },
{ "type": "Feature", "properties": { "mineID": 854, "site": "Lanestosa", "ancientName": null, "province": "Hispania Tarraconensis", "country": "Spain", "region": "Bilbao", "miningDistrict": "Lanestosa", "romanianRANID": null, "sanchezPalenciaAndOrejasID": null, "domergueID": "BI 1", "spainMapSheet": 60.0, "lambertX": 620.5, "lambertY": 958.5, "latitude": 43.22968462, "longitude": -3.43570562, "coordinateAccuracy": 100.0, "locationDataSource": "Converted in QGIS from Lambert coords, Madrid 1870", "locationNotes": null, "notBeforeOpeningDate": null, "notAfterOpeningDate": null, "notBeforeClosingDate": null, "notAfterClosingDate": null, "inUseDate": null, "metalMinedGold": "FALSE", "metalMinedSilver": 0.0, "metalMinedLead": 1.0, "metalMinedCopper": 0.0, "metalMinedTin": 0.0, "metalMinedIron": 0.0, "metalMinedMercuryCinnabar": 0.0, "metalMinedZinc": 1.0, "metalMinedOther": 0.0, "description": "Calamine was also mined here.", "references": "Domergue 1990: 64", "techniqueOpencast": 0.0, "techniqueUnderground": 1.0, "techniqueHydraulic": "FALSE", "techniqueHushing": "FALSE", "techniqueGroundSluicing": "FALSE", "techniqueRuinaMontium": 0.0, "techniqueRakeComb": 0.0, "techniqueGoldWashing": 0.0, "techniqueOther": 0.0, "notes": null, "geology": null, "depositType": null, "exploitationType": null, "Flag_Au_Oro": 0, "Status_Au_Oro": "No", "Flag_Ag_Plata": 0, "Status_Ag_Plata": "No", "Flag_Cu_Cobre": 0, "Status_Cu_Cobre": "No", "Flag_Pb_Plomo": 1, "Status_Pb_Plomo": "Confirmado", "Flag_Hg_Cinabrio": 0, "Status_Hg_Cinabrio": "No", "Flag_Sn_Estano": 0, "Status_Sn_Estano": "No", "Flag_Fe_Hierro": 0, "Status_Fe_Hierro": "No", "Tech_Ruina_Montium": 0, "Tech_Subterranea": 1, "Tech_Cielo_Abierto": 0, "Tech_Lavado_Placer": 0, "Certainty_Spatial": 1.0, "Certainty_Archaeological": 0.9, "Certainty_Metallogenic": 1.0, "Certainty_Score": 0.965, "Certainty_Grade": "Alta Certeza (Grado I)" }, "geometry": { "type": "Point", "coordinates": [ -3.43570562, 43.22968462 ] } },
{ "type": "Feature", "properties": { "mineID": 855, "site": "Las Alquitones", "ancientName": null, "province": "Hispania Baetica", "country": "Spain", "region": "Badajoz", "miningDistrict": "Azuaga-Fuenteovejuna", "romanianRANID": null, "sanchezPalenciaAndOrejasID": null, "domergueID": "BA 19", "spainMapSheet": 878.0, "lambertX": 435.4, "lambertY": 403.1, "latitude": 38.20890437, "longitude": -5.56870248, "coordinateAccuracy": 100.0, "locationDataSource": "Converted in QGIS from Lambert coords, Madrid 1870", "locationNotes": null, "notBeforeOpeningDate": null, "notAfterOpeningDate": null, "notBeforeClosingDate": null, "notAfterClosingDate": null, "inUseDate": null, "metalMinedGold": "FALSE", "metalMinedSilver": 1.0, "metalMinedLead": 1.0, "metalMinedCopper": 0.0, "metalMinedTin": 0.0, "metalMinedIron": 0.0, "metalMinedMercuryCinnabar": 0.0, "metalMinedZinc": 0.0, "metalMinedOther": 0.0, "description": null, "references": "Domergue 1990: 46", "techniqueOpencast": 0.0, "techniqueUnderground": 1.0, "techniqueHydraulic": "FALSE", "techniqueHushing": "FALSE", "techniqueGroundSluicing": "FALSE", "techniqueRuinaMontium": 0.0, "techniqueRakeComb": 0.0, "techniqueGoldWashing": 0.0, "techniqueOther": 0.0, "notes": null, "geology": "Hard rock", "depositType": "Primary", "exploitationType": null, "Flag_Au_Oro": 0, "Status_Au_Oro": "No", "Flag_Ag_Plata": 1, "Status_Ag_Plata": "Confirmado", "Flag_Cu_Cobre": 0, "Status_Cu_Cobre": "No", "Flag_Pb_Plomo": 1, "Status_Pb_Plomo": "Confirmado", "Flag_Hg_Cinabrio": 0, "Status_Hg_Cinabrio": "No", "Flag_Sn_Estano": 0, "Status_Sn_Estano": "No", "Flag_Fe_Hierro": 0, "Status_Fe_Hierro": "No", "Tech_Ruina_Montium": 0, "Tech_Subterranea": 1, "Tech_Cielo_Abierto": 0, "Tech_Lavado_Placer": 0, "Certainty_Spatial": 1.0, "Certainty_Archaeological": 0.9, "Certainty_Metallogenic": 1.0, "Certainty_Score": 0.965, "Certainty_Grade": "Alta Certeza (Grado I)" }, "geometry": { "type": "Point", "coordinates": [ -5.56870248, 38.20890437 ] } },
{ "type": "Feature", "properties": { "mineID": 879, "site": "Las Minillas", "ancientName": null, "province": "Hispania Tarraconensis", "country": "Spain", "region": "Badajoz", "miningDistrict": "Alcudia", "romanianRANID": null, "sanchezPalenciaAndOrejasID": null, "domergueID": "BA 45", "spainMapSheet": 781.0, "lambertX": 483.2, "lambertY": 475.1, "latitude": 38.86578022, "longitude": -5.03505856, "coordinateAccuracy": 100.0, "locationDataSource": "Converted in QGIS from Lambert coords, Madrid 1870", "locationNotes": null, "notBeforeOpeningDate": null, "notAfterOpeningDate": null, "notBeforeClosingDate": null, "notAfterClosingDate": null, "inUseDate": null, "metalMinedGold": "FALSE", "metalMinedSilver": 1.0, "metalMinedLead": 1.0, "metalMinedCopper": 1.0, "metalMinedTin": 0.0, "metalMinedIron": 0.0, "metalMinedMercuryCinnabar": 0.0, "metalMinedZinc": 0.0, "metalMinedOther": 0.0, "description": null, "references": "Domergue 1990: 46", "techniqueOpencast": 0.0, "techniqueUnderground": 1.0, "techniqueHydraulic": "FALSE", "techniqueHushing": "FALSE", "techniqueGroundSluicing": "FALSE", "techniqueRuinaMontium": 0.0, "techniqueRakeComb": 0.0, "techniqueGoldWashing": 0.0, "techniqueOther": 0.0, "notes": null, "geology": null, "depositType": null, "exploitationType": null, "Flag_Au_Oro": 0, "Status_Au_Oro": "No", "Flag_Ag_Plata": 1, "Status_Ag_Plata": "Confirmado", "Flag_Cu_Cobre": 1, "Status_Cu_Cobre": "Confirmado", "Flag_Pb_Plomo": 1, "Status_Pb_Plomo": "Confirmado", "Flag_Hg_Cinabrio": 0, "Status_Hg_Cinabrio": "No", "Flag_Sn_Estano": 0, "Status_Sn_Estano": "No", "Flag_Fe_Hierro": 0, "Status_Fe_Hierro": "No", "Tech_Ruina_Montium": 0, "Tech_Subterranea": 1, "Tech_Cielo_Abierto": 0, "Tech_Lavado_Placer": 0, "Certainty_Spatial": 1.0, "Certainty_Archaeological": 0.9, "Certainty_Metallogenic": 1.0, "Certainty_Score": 0.965, "Certainty_Grade": "Alta Certeza (Grado I)" }, "geometry": { "type": "Point", "coordinates": [ -5.03505856, 38.86578022 ] } },
{ "type": "Feature", "properties": { "mineID": 881, "site": "Las Monjas", "ancientName": null, "province": "Hispania Baetica", "country": "Spain", "region": "Córdoba", "miningDistrict": "Los Pedroches", "romanianRANID": null, "sanchezPalenciaAndOrejasID": null, "domergueID": "CO 122", "spainMapSheet": 833.0, "lambertX": 487.3, "lambertY": 450.1, "latitude": 38.64093214, "longitude": -4.9835869, "coordinateAccuracy": 100.0, "locationDataSource": "Converted in QGIS from Lambert coords, Madrid 1870", "locationNotes": null, "notBeforeOpeningDate": null, "notAfterOpeningDate": null, "notBeforeClosingDate": null, "notAfterClosingDate": null, "inUseDate": null, "metalMinedGold": "FALSE", "metalMinedSilver": 1.0, "metalMinedLead": 1.0, "metalMinedCopper": 0.0, "metalMinedTin": 0.0, "metalMinedIron": 0.0, "metalMinedMercuryCinnabar": 0.0, "metalMinedZinc": 0.0, "metalMinedOther": 0.0, "description": null, "references": "Domergue 1990: 48", "techniqueOpencast": 0.0, "techniqueUnderground": 1.0, "techniqueHydraulic": "FALSE", "techniqueHushing": "FALSE", "techniqueGroundSluicing": "FALSE", "techniqueRuinaMontium": 0.0, "techniqueRakeComb": 0.0, "techniqueGoldWashing": 0.0, "techniqueOther": 0.0, "notes": null, "geology": "Hard rock", "depositType": "Primary", "exploitationType": null, "Flag_Au_Oro": 0, "Status_Au_Oro": "No", "Flag_Ag_Plata": 1, "Status_Ag_Plata": "Confirmado", "Flag_Cu_Cobre": 0, "Status_Cu_Cobre": "No", "Flag_Pb_Plomo": 1, "Status_Pb_Plomo": "Confirmado", "Flag_Hg_Cinabrio": 0, "Status_Hg_Cinabrio": "No", "Flag_Sn_Estano": 0, "Status_Sn_Estano": "No", "Flag_Fe_Hierro": 0, "Status_Fe_Hierro": "No", "Tech_Ruina_Montium": 0, "Tech_Subterranea": 1, "Tech_Cielo_Abierto": 0, "Tech_Lavado_Placer": 0, "Certainty_Spatial": 1.0, "Certainty_Archaeological": 0.9, "Certainty_Metallogenic": 1.0, "Certainty_Score": 0.965, "Certainty_Grade": "Alta Certeza (Grado I)" }, "geometry": { "type": "Point", "coordinates": [ -4.9835869, 38.64093214 ] } },
{ "type": "Feature", "properties": { "mineID": 884, "site": "Las Morenas", "ancientName": null, "province": "Hispania Baetica", "country": "Spain", "region": "Badajoz", "miningDistrict": "Azuaga-Fuenteovejuna", "romanianRANID": null, "sanchezPalenciaAndOrejasID": null, "domergueID": "BA 20", "spainMapSheet": 878.0, "lambertX": 434.3, "lambertY": 404.7, "latitude": 38.22311594, "longitude": -5.58165595, "coordinateAccuracy": 100.0, "locationDataSource": "Converted in QGIS from Lambert coords, Madrid 1870", "locationNotes": null, "notBeforeOpeningDate": null, "notAfterOpeningDate": null, "notBeforeClosingDate": null, "notAfterClosingDate": null, "inUseDate": null, "metalMinedGold": "FALSE", "metalMinedSilver": 1.0, "metalMinedLead": 1.0, "metalMinedCopper": 0.0, "metalMinedTin": 0.0, "metalMinedIron": 0.0, "metalMinedMercuryCinnabar": 0.0, "metalMinedZinc": 0.0, "metalMinedOther": 0.0, "description": null, "references": "Domergue 1990: 46", "techniqueOpencast": 0.0, "techniqueUnderground": 1.0, "techniqueHydraulic": "FALSE", "techniqueHushing": "FALSE", "techniqueGroundSluicing": "FALSE", "techniqueRuinaMontium": 0.0, "techniqueRakeComb": 0.0, "techniqueGoldWashing": 0.0, "techniqueOther": 0.0, "notes": null, "geology": "Hard rock", "depositType": "Primary", "exploitationType": null, "Flag_Au_Oro": 0, "Status_Au_Oro": "No", "Flag_Ag_Plata": 1, "Status_Ag_Plata": "Confirmado", "Flag_Cu_Cobre": 0, "Status_Cu_Cobre": "No", "Flag_Pb_Plomo": 1, "Status_Pb_Plomo": "Confirmado", "Flag_Hg_Cinabrio": 0, "Status_Hg_Cinabrio": "No", "Flag_Sn_Estano": 0, "Status_Sn_Estano": "No", "Flag_Fe_Hierro": 0, "Status_Fe_Hierro": "No", "Tech_Ruina_Montium": 0, "Tech_Subterranea": 1, "Tech_Cielo_Abierto": 0, "Tech_Lavado_Placer": 0, "Certainty_Spatial": 1.0, "Certainty_Archaeological": 0.9, "Certainty_Metallogenic": 1.0, "Certainty_Score": 0.965, "Certainty_Grade": "Alta Certeza (Grado I)" }, "geometry": { "type": "Point", "coordinates": [ -5.58165595, 38.22311594 ] } },
{ "type": "Feature", "properties": { "mineID": 887, "site": "Las Musas", "ancientName": null, "province": "Hispania Baetica", "country": "Spain", "region": "Badajoz", "miningDistrict": "Azuaga-Fuenteovejuna", "romanianRANID": null, "sanchezPalenciaAndOrejasID": null, "domergueID": "BA 2", "spainMapSheet": 878.0, "lambertX": 426.0, "lambertY": 407.9, "latitude": 38.25032907, "longitude": -5.67729857, "coordinateAccuracy": 100.0, "locationDataSource": "Converted in QGIS from Lambert coords, Madrid 1870", "locationNotes": null, "notBeforeOpeningDate": null, "notAfterOpeningDate": null, "notBeforeClosingDate": null, "notAfterClosingDate": null, "inUseDate": null, "metalMinedGold": "FALSE", "metalMinedSilver": 1.0, "metalMinedLead": 1.0, "metalMinedCopper": 0.0, "metalMinedTin": 0.0, "metalMinedIron": 0.0, "metalMinedMercuryCinnabar": 0.0, "metalMinedZinc": 0.0, "metalMinedOther": 0.0, "description": null, "references": "Domergue 1990: 46", "techniqueOpencast": 0.0, "techniqueUnderground": 1.0, "techniqueHydraulic": "FALSE", "techniqueHushing": "FALSE", "techniqueGroundSluicing": "FALSE", "techniqueRuinaMontium": 0.0, "techniqueRakeComb": 0.0, "techniqueGoldWashing": 0.0, "techniqueOther": 0.0, "notes": null, "geology": "Hard rock", "depositType": "Primary", "exploitationType": null, "Flag_Au_Oro": 0, "Status_Au_Oro": "No", "Flag_Ag_Plata": 1, "Status_Ag_Plata": "Confirmado", "Flag_Cu_Cobre": 0, "Status_Cu_Cobre": "No", "Flag_Pb_Plomo": 1, "Status_Pb_Plomo": "Confirmado", "Flag_Hg_Cinabrio": 0, "Status_Hg_Cinabrio": "No", "Flag_Sn_Estano": 0, "Status_Sn_Estano": "No", "Flag_Fe_Hierro": 0, "Status_Fe_Hierro": "No", "Tech_Ruina_Montium": 0, "Tech_Subterranea": 1, "Tech_Cielo_Abierto": 0, "Tech_Lavado_Placer": 0, "Certainty_Spatial": 1.0, "Certainty_Archaeological": 0.9, "Certainty_Metallogenic": 1.0, "Certainty_Score": 0.965, "Certainty_Grade": "Alta Certeza (Grado I)" }, "geometry": { "type": "Point", "coordinates": [ -5.67729857, 38.25032907 ] } },
{ "type": "Feature", "properties": { "mineID": 889, "site": "Las Pozas", "ancientName": null, "province": "Hispania Tarraconensis", "country": "Spain", "region": "Ciudad Real", "miningDistrict": "Alcudia", "romanianRANID": null, "sanchezPalenciaAndOrejasID": null, "domergueID": "CR 36", "spainMapSheet": 836.0, "lambertX": 565.4, "lambertY": 436.7, "latitude": 38.52680156, "longitude": -4.08505448, "coordinateAccuracy": 100.0, "locationDataSource": "Converted in QGIS from Lambert coords, Madrid 1870", "locationNotes": null, "notBeforeOpeningDate": null, "notAfterOpeningDate": null, "notBeforeClosingDate": null, "notAfterClosingDate": null, "inUseDate": null, "metalMinedGold": "FALSE", "metalMinedSilver": 1.0, "metalMinedLead": 1.0, "metalMinedCopper": 0.0, "metalMinedTin": 0.0, "metalMinedIron": 0.0, "metalMinedMercuryCinnabar": 0.0, "metalMinedZinc": 0.0, "metalMinedOther": 0.0, "description": null, "references": "Domergue 1990: 46", "techniqueOpencast": 0.0, "techniqueUnderground": 1.0, "techniqueHydraulic": "FALSE", "techniqueHushing": "FALSE", "techniqueGroundSluicing": "FALSE", "techniqueRuinaMontium": 0.0, "techniqueRakeComb": 0.0, "techniqueGoldWashing": 0.0, "techniqueOther": 0.0, "notes": null, "geology": null, "depositType": null, "exploitationType": null, "Flag_Au_Oro": 0, "Status_Au_Oro": "No", "Flag_Ag_Plata": 1, "Status_Ag_Plata": "Confirmado", "Flag_Cu_Cobre": 0, "Status_Cu_Cobre": "No", "Flag_Pb_Plomo": 1, "Status_Pb_Plomo": "Confirmado", "Flag_Hg_Cinabrio": 0, "Status_Hg_Cinabrio": "No", "Flag_Sn_Estano": 0, "Status_Sn_Estano": "No", "Flag_Fe_Hierro": 0, "Status_Fe_Hierro": "No", "Tech_Ruina_Montium": 0, "Tech_Subterranea": 1, "Tech_Cielo_Abierto": 0, "Tech_Lavado_Placer": 0, "Certainty_Spatial": 1.0, "Certainty_Archaeological": 0.9, "Certainty_Metallogenic": 1.0, "Certainty_Score": 0.965, "Certainty_Grade": "Alta Certeza (Grado I)" }, "geometry": { "type": "Point", "coordinates": [ -4.08505448, 38.52680156 ] } },
{ "type": "Feature", "properties": { "mineID": 895, "site": "Las Tobosas", "ancientName": null, "province": "Hispania Baetica", "country": "Spain", "region": "Córdoba", "miningDistrict": "Los Pedroches", "romanianRANID": null, "sanchezPalenciaAndOrejasID": null, "domergueID": "CO 68", "spainMapSheet": 832.0, "lambertX": 456.2, "lambertY": 441.6, "latitude": 38.55966676, "longitude": -5.33924282, "coordinateAccuracy": 100.0, "locationDataSource": "Converted in QGIS from Lambert coords, Madrid 1870", "locationNotes": null, "notBeforeOpeningDate": null, "notAfterOpeningDate": null, "notBeforeClosingDate": null, "notAfterClosingDate": null, "inUseDate": null, "metalMinedGold": "FALSE", "metalMinedSilver": 1.0, "metalMinedLead": 1.0, "metalMinedCopper": 0.0, "metalMinedTin": 0.0, "metalMinedIron": 0.0, "metalMinedMercuryCinnabar": 0.0, "metalMinedZinc": 0.0, "metalMinedOther": 0.0, "description": null, "references": "Domergue 1990: 48", "techniqueOpencast": 0.0, "techniqueUnderground": 1.0, "techniqueHydraulic": "FALSE", "techniqueHushing": "FALSE", "techniqueGroundSluicing": "FALSE", "techniqueRuinaMontium": 0.0, "techniqueRakeComb": 0.0, "techniqueGoldWashing": 0.0, "techniqueOther": 0.0, "notes": null, "geology": "Hard rock", "depositType": "Primary", "exploitationType": null, "Flag_Au_Oro": 0, "Status_Au_Oro": "No", "Flag_Ag_Plata": 1, "Status_Ag_Plata": "Confirmado", "Flag_Cu_Cobre": 0, "Status_Cu_Cobre": "No", "Flag_Pb_Plomo": 1, "Status_Pb_Plomo": "Confirmado", "Flag_Hg_Cinabrio": 0, "Status_Hg_Cinabrio": "No", "Flag_Sn_Estano": 0, "Status_Sn_Estano": "No", "Flag_Fe_Hierro": 0, "Status_Fe_Hierro": "No", "Tech_Ruina_Montium": 0, "Tech_Subterranea": 1, "Tech_Cielo_Abierto": 0, "Tech_Lavado_Placer": 0, "Certainty_Spatial": 1.0, "Certainty_Archaeological": 0.9, "Certainty_Metallogenic": 1.0, "Certainty_Score": 0.965, "Certainty_Grade": "Alta Certeza (Grado I)" }, "geometry": { "type": "Point", "coordinates": [ -5.33924282, 38.55966676 ] } },
{ "type": "Feature", "properties": { "mineID": 896, "site": "Las Torcas", "ancientName": null, "province": "Hispania Baetica", "country": "Spain", "region": "Córdoba", "miningDistrict": "Los Pedroches", "romanianRANID": null, "sanchezPalenciaAndOrejasID": null, "domergueID": "CO 104", "spainMapSheet": 859.0, "lambertX": 518.9, "lambertY": 432.5, "latitude": 38.48581222, "longitude": -4.61821957, "coordinateAccuracy": 100.0, "locationDataSource": "Converted in QGIS from Lambert coords, Madrid 1870", "locationNotes": null, "notBeforeOpeningDate": null, "notAfterOpeningDate": null, "notBeforeClosingDate": null, "notAfterClosingDate": null, "inUseDate": null, "metalMinedGold": "FALSE", "metalMinedSilver": 1.0, "metalMinedLead": 1.0, "metalMinedCopper": 0.0, "metalMinedTin": 0.0, "metalMinedIron": 0.0, "metalMinedMercuryCinnabar": 0.0, "metalMinedZinc": 0.0, "metalMinedOther": 0.0, "description": null, "references": "Domergue 1990: 48", "techniqueOpencast": 0.0, "techniqueUnderground": 1.0, "techniqueHydraulic": "FALSE", "techniqueHushing": "FALSE", "techniqueGroundSluicing": "FALSE", "techniqueRuinaMontium": 0.0, "techniqueRakeComb": 0.0, "techniqueGoldWashing": 0.0, "techniqueOther": 0.0, "notes": null, "geology": "Hard rock", "depositType": "Primary", "exploitationType": null, "Flag_Au_Oro": 0, "Status_Au_Oro": "No", "Flag_Ag_Plata": 1, "Status_Ag_Plata": "Confirmado", "Flag_Cu_Cobre": 0, "Status_Cu_Cobre": "No", "Flag_Pb_Plomo": 1, "Status_Pb_Plomo": "Confirmado", "Flag_Hg_Cinabrio": 0, "Status_Hg_Cinabrio": "No", "Flag_Sn_Estano": 0, "Status_Sn_Estano": "No", "Flag_Fe_Hierro": 0, "Status_Fe_Hierro": "No", "Tech_Ruina_Montium": 0, "Tech_Subterranea": 1, "Tech_Cielo_Abierto": 0, "Tech_Lavado_Placer": 0, "Certainty_Spatial": 1.0, "Certainty_Archaeological": 0.9, "Certainty_Metallogenic": 1.0, "Certainty_Score": 0.965, "Certainty_Grade": "Alta Certeza (Grado I)" }, "geometry": { "type": "Point", "coordinates": [ -4.61821957, 38.48581222 ] } },
{ "type": "Feature", "properties": { "mineID": 914, "site": "Los Almadenes", "ancientName": null, "province": "Hispania Baetica", "country": "Spain", "region": "Córdoba", "miningDistrict": "Los Pedroches", "romanianRANID": null, "sanchezPalenciaAndOrejasID": null, "domergueID": "CO 65", "spainMapSheet": 858.0, "lambertX": 476.3, "lambertY": 426.8, "latitude": 38.42936535, "longitude": -5.10576681, "coordinateAccuracy": 100.0, "locationDataSource": "Converted in QGIS from Lambert coords, Madrid 1870", "locationNotes": null, "notBeforeOpeningDate": null, "notAfterOpeningDate": null, "notBeforeClosingDate": null, "notAfterClosingDate": null, "inUseDate": null, "metalMinedGold": "FALSE", "metalMinedSilver": 1.0, "metalMinedLead": 1.0, "metalMinedCopper": 0.0, "metalMinedTin": 0.0, "metalMinedIron": 0.0, "metalMinedMercuryCinnabar": 0.0, "metalMinedZinc": 0.0, "metalMinedOther": 0.0, "description": null, "references": "Domergue 1990: 48", "techniqueOpencast": 0.0, "techniqueUnderground": 1.0, "techniqueHydraulic": "FALSE", "techniqueHushing": "FALSE", "techniqueGroundSluicing": "FALSE", "techniqueRuinaMontium": 0.0, "techniqueRakeComb": 0.0, "techniqueGoldWashing": 0.0, "techniqueOther": 0.0, "notes": null, "geology": "Hard rock", "depositType": "Primary", "exploitationType": null, "Flag_Au_Oro": 0, "Status_Au_Oro": "No", "Flag_Ag_Plata": 1, "Status_Ag_Plata": "Confirmado", "Flag_Cu_Cobre": 0, "Status_Cu_Cobre": "No", "Flag_Pb_Plomo": 1, "Status_Pb_Plomo": "Confirmado", "Flag_Hg_Cinabrio": 0, "Status_Hg_Cinabrio": "No", "Flag_Sn_Estano": 0, "Status_Sn_Estano": "No", "Flag_Fe_Hierro": 0, "Status_Fe_Hierro": "No", "Tech_Ruina_Montium": 0, "Tech_Subterranea": 1, "Tech_Cielo_Abierto": 0, "Tech_Lavado_Placer": 0, "Certainty_Spatial": 1.0, "Certainty_Archaeological": 0.9, "Certainty_Metallogenic": 1.0, "Certainty_Score": 0.965, "Certainty_Grade": "Alta Certeza (Grado I)" }, "geometry": { "type": "Point", "coordinates": [ -5.10576681, 38.42936535 ] } },
{ "type": "Feature", "properties": { "mineID": 935, "site": "Los Eneros", "ancientName": null, "province": "Hispania Baetica", "country": "Spain", "region": "Córdoba", "miningDistrict": "Azuaga-Fuenteovejuna", "romanianRANID": null, "sanchezPalenciaAndOrejasID": null, "domergueID": "CO 52", "spainMapSheet": 879.0, "lambertX": 452.5, "lambertY": 410.25, "latitude": 38.27643785, "longitude": -5.37490862, "coordinateAccuracy": 100.0, "locationDataSource": "Converted in QGIS from Lambert coords, Madrid 1870", "locationNotes": "RECTANGLE of 31 km2, defined by points given by Domergue. Coord here is est. centroid", "notBeforeOpeningDate": null, "notAfterOpeningDate": null, "notBeforeClosingDate": null, "notAfterClosingDate": null, "inUseDate": null, "metalMinedGold": "FALSE", "metalMinedSilver": 1.0, "metalMinedLead": 1.0, "metalMinedCopper": 1.0, "metalMinedTin": 0.0, "metalMinedIron": 0.0, "metalMinedMercuryCinnabar": 0.0, "metalMinedZinc": 0.0, "metalMinedOther": 0.0, "description": null, "references": "Domergue 1990: 46", "techniqueOpencast": 0.0, "techniqueUnderground": 1.0, "techniqueHydraulic": "FALSE", "techniqueHushing": "FALSE", "techniqueGroundSluicing": "FALSE", "techniqueRuinaMontium": 0.0, "techniqueRakeComb": 0.0, "techniqueGoldWashing": 0.0, "techniqueOther": 0.0, "notes": null, "geology": "Hard rock", "depositType": "Primary", "exploitationType": null, "Flag_Au_Oro": 0, "Status_Au_Oro": "No", "Flag_Ag_Plata": 1, "Status_Ag_Plata": "Confirmado", "Flag_Cu_Cobre": 1, "Status_Cu_Cobre": "Confirmado", "Flag_Pb_Plomo": 1, "Status_Pb_Plomo": "Confirmado", "Flag_Hg_Cinabrio": 0, "Status_Hg_Cinabrio": "No", "Flag_Sn_Estano": 0, "Status_Sn_Estano": "No", "Flag_Fe_Hierro": 0, "Status_Fe_Hierro": "No", "Tech_Ruina_Montium": 0, "Tech_Subterranea": 1, "Tech_Cielo_Abierto": 0, "Tech_Lavado_Placer": 0, "Certainty_Spatial": 1.0, "Certainty_Archaeological": 0.9, "Certainty_Metallogenic": 1.0, "Certainty_Score": 0.965, "Certainty_Grade": "Alta Certeza (Grado I)" }, "geometry": { "type": "Point", "coordinates": [ -5.37490862, 38.27643785 ] } },
{ "type": "Feature", "properties": { "mineID": 937, "site": "Los Escoriales", "ancientName": null, "province": "Hispania Baetica", "country": "Spain", "region": "Jaén", "miningDistrict": "Montoro Andújar", "romanianRANID": null, "sanchezPalenciaAndOrejasID": null, "domergueID": "J 8", "spainMapSheet": 883.0, "lambertX": 579.3, "lambertY": 398.3, "latitude": 38.18103892, "longitude": -3.92435169, "coordinateAccuracy": 100.0, "locationDataSource": "Converted in QGIS from Lambert coords, Madrid 1870", "locationNotes": null, "notBeforeOpeningDate": null, "notAfterOpeningDate": null, "notBeforeClosingDate": null, "notAfterClosingDate": null, "inUseDate": null, "metalMinedGold": "FALSE", "metalMinedSilver": 0.0, "metalMinedLead": 0.0, "metalMinedCopper": 1.0, "metalMinedTin": 0.0, "metalMinedIron": 0.0, "metalMinedMercuryCinnabar": 0.0, "metalMinedZinc": 0.0, "metalMinedOther": 0.0, "description": null, "references": "Domergue 1990: 47", "techniqueOpencast": 0.0, "techniqueUnderground": 1.0, "techniqueHydraulic": "FALSE", "techniqueHushing": "FALSE", "techniqueGroundSluicing": "FALSE", "techniqueRuinaMontium": 0.0, "techniqueRakeComb": 0.0, "techniqueGoldWashing": 0.0, "techniqueOther": 0.0, "notes": null, "geology": "Hard rock", "depositType": null, "exploitationType": null, "Flag_Au_Oro": 0, "Status_Au_Oro": "No", "Flag_Ag_Plata": 0, "Status_Ag_Plata": "No", "Flag_Cu_Cobre": 1, "Status_Cu_Cobre": "Confirmado", "Flag_Pb_Plomo": 0, "Status_Pb_Plomo": "No", "Flag_Hg_Cinabrio": 0, "Status_Hg_Cinabrio": "No", "Flag_Sn_Estano": 0, "Status_Sn_Estano": "No", "Flag_Fe_Hierro": 0, "Status_Fe_Hierro": "No", "Tech_Ruina_Montium": 0, "Tech_Subterranea": 1, "Tech_Cielo_Abierto": 0, "Tech_Lavado_Placer": 0, "Certainty_Spatial": 1.0, "Certainty_Archaeological": 0.9, "Certainty_Metallogenic": 1.0, "Certainty_Score": 0.965, "Certainty_Grade": "Alta Certeza (Grado I)" }, "geometry": { "type": "Point", "coordinates": [ -3.92435169, 38.18103892 ] } },
{ "type": "Feature", "properties": { "mineID": 952, "site": "Los Palazuelos", "ancientName": null, "province": "Hispania Tarraconensis", "country": "Spain", "region": "Jaén", "miningDistrict": "Linares - La Carolina", "romanianRANID": null, "sanchezPalenciaAndOrejasID": null, "domergueID": "J 14", "spainMapSheet": 884.0, "lambertX": 609.1, "lambertY": 399.3, "latitude": 38.19025394, "longitude": -3.58399511, "coordinateAccuracy": 100.0, "locationDataSource": "Converted in QGIS from Lambert coords, Madrid 1870", "locationNotes": null, "notBeforeOpeningDate": null, "notAfterOpeningDate": null, "notBeforeClosingDate": null, "notAfterClosingDate": null, "inUseDate": null, "metalMinedGold": "FALSE", "metalMinedSilver": 1.0, "metalMinedLead": 1.0, "metalMinedCopper": 1.0, "metalMinedTin": 0.0, "metalMinedIron": 0.0, "metalMinedMercuryCinnabar": 0.0, "metalMinedZinc": 0.0, "metalMinedOther": 0.0, "description": null, "references": "Domergue 1990: 45", "techniqueOpencast": 0.0, "techniqueUnderground": 1.0, "techniqueHydraulic": "FALSE", "techniqueHushing": "FALSE", "techniqueGroundSluicing": "FALSE", "techniqueRuinaMontium": 0.0, "techniqueRakeComb": 0.0, "techniqueGoldWashing": 0.0, "techniqueOther": 0.0, "notes": null, "geology": "Hard rock", "depositType": null, "exploitationType": null, "Flag_Au_Oro": 0, "Status_Au_Oro": "No", "Flag_Ag_Plata": 1, "Status_Ag_Plata": "Confirmado", "Flag_Cu_Cobre": 1, "Status_Cu_Cobre": "Confirmado", "Flag_Pb_Plomo": 1, "Status_Pb_Plomo": "Confirmado", "Flag_Hg_Cinabrio": 0, "Status_Hg_Cinabrio": "No", "Flag_Sn_Estano": 0, "Status_Sn_Estano": "No", "Flag_Fe_Hierro": 0, "Status_Fe_Hierro": "No", "Tech_Ruina_Montium": 0, "Tech_Subterranea": 1, "Tech_Cielo_Abierto": 0, "Tech_Lavado_Placer": 0, "Certainty_Spatial": 1.0, "Certainty_Archaeological": 0.9, "Certainty_Metallogenic": 1.0, "Certainty_Score": 0.965, "Certainty_Grade": "Alta Certeza (Grado I)" }, "geometry": { "type": "Point", "coordinates": [ -3.58399511, 38.19025394 ] } },
{ "type": "Feature", "properties": { "mineID": 957, "site": "Los Rubiales", "ancientName": null, "province": "Hispania Baetica", "country": "Spain", "region": "Córdoba", "miningDistrict": "Los Pedroches", "romanianRANID": null, "sanchezPalenciaAndOrejasID": null, "domergueID": "CO 105", "spainMapSheet": 859.0, "lambertX": 514.2, "lambertY": 432.3, "latitude": 38.48355401, "longitude": -4.67210267, "coordinateAccuracy": 100.0, "locationDataSource": "Converted in QGIS from Lambert coords, Madrid 1870", "locationNotes": null, "notBeforeOpeningDate": null, "notAfterOpeningDate": null, "notBeforeClosingDate": null, "notAfterClosingDate": null, "inUseDate": null, "metalMinedGold": "FALSE", "metalMinedSilver": 1.0, "metalMinedLead": 1.0, "metalMinedCopper": 0.0, "metalMinedTin": 0.0, "metalMinedIron": 0.0, "metalMinedMercuryCinnabar": 0.0, "metalMinedZinc": 0.0, "metalMinedOther": 0.0, "description": null, "references": "Domergue 1990: 48", "techniqueOpencast": 0.0, "techniqueUnderground": 1.0, "techniqueHydraulic": "FALSE", "techniqueHushing": "FALSE", "techniqueGroundSluicing": "FALSE", "techniqueRuinaMontium": 0.0, "techniqueRakeComb": 0.0, "techniqueGoldWashing": 0.0, "techniqueOther": 0.0, "notes": null, "geology": "Hard rock", "depositType": "Primary", "exploitationType": null, "Flag_Au_Oro": 0, "Status_Au_Oro": "No", "Flag_Ag_Plata": 1, "Status_Ag_Plata": "Confirmado", "Flag_Cu_Cobre": 0, "Status_Cu_Cobre": "No", "Flag_Pb_Plomo": 1, "Status_Pb_Plomo": "Confirmado", "Flag_Hg_Cinabrio": 0, "Status_Hg_Cinabrio": "No", "Flag_Sn_Estano": 0, "Status_Sn_Estano": "No", "Flag_Fe_Hierro": 0, "Status_Fe_Hierro": "No", "Tech_Ruina_Montium": 0, "Tech_Subterranea": 1, "Tech_Cielo_Abierto": 0, "Tech_Lavado_Placer": 0, "Certainty_Spatial": 1.0, "Certainty_Archaeological": 0.9, "Certainty_Metallogenic": 1.0, "Certainty_Score": 0.965, "Certainty_Grade": "Alta Certeza (Grado I)" }, "geometry": { "type": "Point", "coordinates": [ -4.67210267, 38.48355401 ] } },
{ "type": "Feature", "properties": { "mineID": 964, "site": "Lozacio", "ancientName": null, "province": "Hispania Tarraconensis", "country": "Spain", "region": "Zamorra", "miningDistrict": "Trás-os-montes", "romanianRANID": null, "sanchezPalenciaAndOrejasID": null, "domergueID": "ZA 1", "spainMapSheet": 339.0, "lambertX": 405.4, "lambertY": 792.5, "latitude": 41.7122223, "longitude": -6.028141918, "coordinateAccuracy": 100.0, "locationDataSource": "Converted in QGIS from Lambert coords, Madrid 1870", "locationNotes": null, "notBeforeOpeningDate": null, "notAfterOpeningDate": null, "notBeforeClosingDate": null, "notAfterClosingDate": null, "inUseDate": null, "metalMinedGold": "FALSE", "metalMinedSilver": 1.0, "metalMinedLead": 1.0, "metalMinedCopper": 0.0, "metalMinedTin": 0.0, "metalMinedIron": 0.0, "metalMinedMercuryCinnabar": 0.0, "metalMinedZinc": 0.0, "metalMinedOther": 0.0, "description": null, "references": "Domergue 1990: 41", "techniqueOpencast": 0.0, "techniqueUnderground": 1.0, "techniqueHydraulic": "FALSE", "techniqueHushing": "FALSE", "techniqueGroundSluicing": "FALSE", "techniqueRuinaMontium": 0.0, "techniqueRakeComb": 0.0, "techniqueGoldWashing": 0.0, "techniqueOther": 0.0, "notes": null, "geology": "Hard rock", "depositType": null, "exploitationType": null, "Flag_Au_Oro": 0, "Status_Au_Oro": "No", "Flag_Ag_Plata": 1, "Status_Ag_Plata": "Confirmado", "Flag_Cu_Cobre": 0, "Status_Cu_Cobre": "No", "Flag_Pb_Plomo": 1, "Status_Pb_Plomo": "Confirmado", "Flag_Hg_Cinabrio": 0, "Status_Hg_Cinabrio": "No", "Flag_Sn_Estano": 0, "Status_Sn_Estano": "No", "Flag_Fe_Hierro": 0, "Status_Fe_Hierro": "No", "Tech_Ruina_Montium": 0, "Tech_Subterranea": 1, "Tech_Cielo_Abierto": 0, "Tech_Lavado_Placer": 0, "Certainty_Spatial": 1.0, "Certainty_Archaeological": 0.9, "Certainty_Metallogenic": 1.0, "Certainty_Score": 0.965, "Certainty_Grade": "Alta Certeza (Grado I)" }, "geometry": { "type": "Point", "coordinates": [ -6.028141918, 41.7122223 ] } },
{ "type": "Feature", "properties": { "mineID": 977, "site": "Mazarrón", "ancientName": null, "province": "Hispania Tarraconensis", "country": "Spain", "region": "Murcia", "miningDistrict": "Cartagena-Mazarrón", "romanianRANID": null, "sanchezPalenciaAndOrejasID": null, "domergueID": "MU 10", "spainMapSheet": 976.0, "lambertX": 808.2, "lambertY": 336.4, "latitude": 37.59847407, "longitude": -1.329361505, "coordinateAccuracy": 100.0, "locationDataSource": "Converted in QGIS from Lambert coords, Madrid 1870", "locationNotes": null, "notBeforeOpeningDate": null, "notAfterOpeningDate": null, "notBeforeClosingDate": null, "notAfterClosingDate": null, "inUseDate": null, "metalMinedGold": "FALSE", "metalMinedSilver": 1.0, "metalMinedLead": 1.0, "metalMinedCopper": 0.0, "metalMinedTin": 0.0, "metalMinedIron": 0.0, "metalMinedMercuryCinnabar": 0.0, "metalMinedZinc": 0.0, "metalMinedOther": 0.0, "description": null, "references": "Domergue 1990: 64", "techniqueOpencast": 0.0, "techniqueUnderground": 1.0, "techniqueHydraulic": "FALSE", "techniqueHushing": "FALSE", "techniqueGroundSluicing": "FALSE", "techniqueRuinaMontium": 0.0, "techniqueRakeComb": 0.0, "techniqueGoldWashing": 0.0, "techniqueOther": 0.0, "notes": null, "geology": null, "depositType": null, "exploitationType": null, "Flag_Au_Oro": 0, "Status_Au_Oro": "No", "Flag_Ag_Plata": 1, "Status_Ag_Plata": "Confirmado", "Flag_Cu_Cobre": 0, "Status_Cu_Cobre": "No", "Flag_Pb_Plomo": 1, "Status_Pb_Plomo": "Confirmado", "Flag_Hg_Cinabrio": 0, "Status_Hg_Cinabrio": "No", "Flag_Sn_Estano": 0, "Status_Sn_Estano": "No", "Flag_Fe_Hierro": 0, "Status_Fe_Hierro": "No", "Tech_Ruina_Montium": 0, "Tech_Subterranea": 1, "Tech_Cielo_Abierto": 0, "Tech_Lavado_Placer": 0, "Certainty_Spatial": 1.0, "Certainty_Archaeological": 0.9, "Certainty_Metallogenic": 1.0, "Certainty_Score": 0.965, "Certainty_Grade": "Alta Certeza (Grado I)" }, "geometry": { "type": "Point", "coordinates": [ -1.329361505, 37.59847407 ] } },
{ "type": "Feature", "properties": { "mineID": 981, "site": "Mesa del Castaño", "ancientName": null, "province": "Hispania Baetica", "country": "Spain", "region": "Badajoz", "miningDistrict": "Azuaga-Fuenteovejuna", "romanianRANID": null, "sanchezPalenciaAndOrejasID": null, "domergueID": "BA 18", "spainMapSheet": 878.0, "lambertX": 435.6, "lambertY": 400.6, "latitude": 38.18640885, "longitude": -5.56581619, "coordinateAccuracy": 100.0, "locationDataSource": "Converted in QGIS from Lambert coords, Madrid 1870", "locationNotes": null, "notBeforeOpeningDate": null, "notAfterOpeningDate": null, "notBeforeClosingDate": null, "notAfterClosingDate": null, "inUseDate": null, "metalMinedGold": "FALSE", "metalMinedSilver": 0.0, "metalMinedLead": 0.0, "metalMinedCopper": 1.0, "metalMinedTin": 0.0, "metalMinedIron": 0.0, "metalMinedMercuryCinnabar": 0.0, "metalMinedZinc": 0.0, "metalMinedOther": 0.0, "description": null, "references": "Domergue 1990: 46", "techniqueOpencast": 0.0, "techniqueUnderground": 1.0, "techniqueHydraulic": "FALSE", "techniqueHushing": "FALSE", "techniqueGroundSluicing": "FALSE", "techniqueRuinaMontium": 0.0, "techniqueRakeComb": 0.0, "techniqueGoldWashing": 0.0, "techniqueOther": 0.0, "notes": null, "geology": "Hard rock", "depositType": "Primary", "exploitationType": null, "Flag_Au_Oro": 0, "Status_Au_Oro": "No", "Flag_Ag_Plata": 0, "Status_Ag_Plata": "No", "Flag_Cu_Cobre": 1, "Status_Cu_Cobre": "Confirmado", "Flag_Pb_Plomo": 0, "Status_Pb_Plomo": "No", "Flag_Hg_Cinabrio": 0, "Status_Hg_Cinabrio": "No", "Flag_Sn_Estano": 0, "Status_Sn_Estano": "No", "Flag_Fe_Hierro": 0, "Status_Fe_Hierro": "No", "Tech_Ruina_Montium": 0, "Tech_Subterranea": 1, "Tech_Cielo_Abierto": 0, "Tech_Lavado_Placer": 0, "Certainty_Spatial": 1.0, "Certainty_Archaeological": 0.9, "Certainty_Metallogenic": 1.0, "Certainty_Score": 0.965, "Certainty_Grade": "Alta Certeza (Grado I)" }, "geometry": { "type": "Point", "coordinates": [ -5.56581619, 38.18640885 ] } },
{ "type": "Feature", "properties": { "mineID": 987, "site": "Minas de Cala", "ancientName": null, "province": "Hispania Baetica", "country": "Spain", "region": "Huelva", "miningDistrict": "Huelva", "romanianRANID": null, "sanchezPalenciaAndOrejasID": null, "domergueID": "H 16", "spainMapSheet": 918.0, "lambertX": 366.2, "lambertY": 375.8, "latitude": 37.94697837, "longitude": -6.34968618, "coordinateAccuracy": 100.0, "locationDataSource": "Converted in QGIS from Lambert coords, Madrid 1870", "locationNotes": null, "notBeforeOpeningDate": null, "notAfterOpeningDate": null, "notBeforeClosingDate": null, "notAfterClosingDate": null, "inUseDate": null, "metalMinedGold": "FALSE", "metalMinedSilver": 0.0, "metalMinedLead": 0.0, "metalMinedCopper": 1.0, "metalMinedTin": 0.0, "metalMinedIron": 0.0, "metalMinedMercuryCinnabar": 0.0, "metalMinedZinc": 0.0, "metalMinedOther": 0.0, "description": null, "references": "Domergue 1990: 61", "techniqueOpencast": 0.0, "techniqueUnderground": 1.0, "techniqueHydraulic": "FALSE", "techniqueHushing": "FALSE", "techniqueGroundSluicing": "FALSE", "techniqueRuinaMontium": 0.0, "techniqueRakeComb": 0.0, "techniqueGoldWashing": 0.0, "techniqueOther": 0.0, "notes": null, "geology": "Pyrite", "depositType": "Primary", "exploitationType": null, "Flag_Au_Oro": 0, "Status_Au_Oro": "No", "Flag_Ag_Plata": 0, "Status_Ag_Plata": "No", "Flag_Cu_Cobre": 1, "Status_Cu_Cobre": "Confirmado", "Flag_Pb_Plomo": 0, "Status_Pb_Plomo": "No", "Flag_Hg_Cinabrio": 0, "Status_Hg_Cinabrio": "No", "Flag_Sn_Estano": 0, "Status_Sn_Estano": "No", "Flag_Fe_Hierro": 0, "Status_Fe_Hierro": "No", "Tech_Ruina_Montium": 0, "Tech_Subterranea": 1, "Tech_Cielo_Abierto": 0, "Tech_Lavado_Placer": 0, "Certainty_Spatial": 1.0, "Certainty_Archaeological": 0.9, "Certainty_Metallogenic": 1.0, "Certainty_Score": 0.965, "Certainty_Grade": "Alta Certeza (Grado I)" }, "geometry": { "type": "Point", "coordinates": [ -6.34968618, 37.94697837 ] } },
{ "type": "Feature", "properties": { "mineID": 1011, "site": "Mortecino", "ancientName": null, "province": "Hispania Baetica", "country": "Spain", "region": "Córdoba", "miningDistrict": "Los Pedroches", "romanianRANID": null, "sanchezPalenciaAndOrejasID": null, "domergueID": "CO 35", "spainMapSheet": 860.0, "lambertX": 529.4, "lambertY": 421.5, "latitude": 38.38756294, "longitude": -4.49663869, "coordinateAccuracy": 100.0, "locationDataSource": "Converted in QGIS from Lambert coords, Madrid 1870", "locationNotes": null, "notBeforeOpeningDate": null, "notAfterOpeningDate": null, "notBeforeClosingDate": null, "notAfterClosingDate": null, "inUseDate": null, "metalMinedGold": "FALSE", "metalMinedSilver": 0.0, "metalMinedLead": 0.0, "metalMinedCopper": 1.0, "metalMinedTin": 0.0, "metalMinedIron": 0.0, "metalMinedMercuryCinnabar": 0.0, "metalMinedZinc": 0.0, "metalMinedOther": 0.0, "description": null, "references": "Domergue 1990: 47", "techniqueOpencast": 0.0, "techniqueUnderground": 1.0, "techniqueHydraulic": "FALSE", "techniqueHushing": "FALSE", "techniqueGroundSluicing": "FALSE", "techniqueRuinaMontium": 0.0, "techniqueRakeComb": 0.0, "techniqueGoldWashing": 0.0, "techniqueOther": 0.0, "notes": null, "geology": "Hard rock", "depositType": "Primary", "exploitationType": null, "Flag_Au_Oro": 0, "Status_Au_Oro": "No", "Flag_Ag_Plata": 0, "Status_Ag_Plata": "No", "Flag_Cu_Cobre": 1, "Status_Cu_Cobre": "Confirmado", "Flag_Pb_Plomo": 0, "Status_Pb_Plomo": "No", "Flag_Hg_Cinabrio": 0, "Status_Hg_Cinabrio": "No", "Flag_Sn_Estano": 0, "Status_Sn_Estano": "No", "Flag_Fe_Hierro": 0, "Status_Fe_Hierro": "No", "Tech_Ruina_Montium": 0, "Tech_Subterranea": 1, "Tech_Cielo_Abierto": 0, "Tech_Lavado_Placer": 0, "Certainty_Spatial": 1.0, "Certainty_Archaeological": 0.9, "Certainty_Metallogenic": 1.0, "Certainty_Score": 0.965, "Certainty_Grade": "Alta Certeza (Grado I)" }, "geometry": { "type": "Point", "coordinates": [ -4.49663869, 38.38756294 ] } },
{ "type": "Feature", "properties": { "mineID": 1012, "site": "Motilla", "ancientName": null, "province": "Hispania Baetica", "country": "Spain", "region": "Córdoba", "miningDistrict": "Los Pedroches", "romanianRANID": null, "sanchezPalenciaAndOrejasID": null, "domergueID": "CO 13", "spainMapSheet": 881.0, "lambertX": 498.7, "lambertY": 415.8, "latitude": 38.33311948, "longitude": -4.84741417, "coordinateAccuracy": 100.0, "locationDataSource": "Converted in QGIS from Lambert coords, Madrid 1870", "locationNotes": null, "notBeforeOpeningDate": null, "notAfterOpeningDate": null, "notBeforeClosingDate": null, "notAfterClosingDate": null, "inUseDate": null, "metalMinedGold": "FALSE", "metalMinedSilver": 0.0, "metalMinedLead": 0.0, "metalMinedCopper": 1.0, "metalMinedTin": 0.0, "metalMinedIron": 0.0, "metalMinedMercuryCinnabar": 0.0, "metalMinedZinc": 0.0, "metalMinedOther": 0.0, "description": null, "references": "Domergue 1990: 47", "techniqueOpencast": 0.0, "techniqueUnderground": 1.0, "techniqueHydraulic": "FALSE", "techniqueHushing": "FALSE", "techniqueGroundSluicing": "FALSE", "techniqueRuinaMontium": 0.0, "techniqueRakeComb": 0.0, "techniqueGoldWashing": 0.0, "techniqueOther": 0.0, "notes": null, "geology": "Hard rock", "depositType": "Primary", "exploitationType": null, "Flag_Au_Oro": 0, "Status_Au_Oro": "No", "Flag_Ag_Plata": 0, "Status_Ag_Plata": "No", "Flag_Cu_Cobre": 1, "Status_Cu_Cobre": "Confirmado", "Flag_Pb_Plomo": 0, "Status_Pb_Plomo": "No", "Flag_Hg_Cinabrio": 0, "Status_Hg_Cinabrio": "No", "Flag_Sn_Estano": 0, "Status_Sn_Estano": "No", "Flag_Fe_Hierro": 0, "Status_Fe_Hierro": "No", "Tech_Ruina_Montium": 0, "Tech_Subterranea": 1, "Tech_Cielo_Abierto": 0, "Tech_Lavado_Placer": 0, "Certainty_Spatial": 1.0, "Certainty_Archaeological": 0.9, "Certainty_Metallogenic": 1.0, "Certainty_Score": 0.965, "Certainty_Grade": "Alta Certeza (Grado I)" }, "geometry": { "type": "Point", "coordinates": [ -4.84741417, 38.33311948 ] } },
{ "type": "Feature", "properties": { "mineID": 1016, "site": "Nava del Jadraque", "ancientName": null, "province": "Hispania Tarraconensis", "country": "Spain", "region": "Guadalajara", "miningDistrict": null, "romanianRANID": null, "sanchezPalenciaAndOrejasID": null, "domergueID": "GU 1", "spainMapSheet": 460.0, "lambertX": 646.3, "lambertY": 721.2, "latitude": 41.09139712, "longitude": -3.13633498, "coordinateAccuracy": 100.0, "locationDataSource": "Converted in QGIS from Lambert coords, Madrid 1870", "locationNotes": null, "notBeforeOpeningDate": null, "notAfterOpeningDate": null, "notBeforeClosingDate": null, "notAfterClosingDate": null, "inUseDate": null, "metalMinedGold": "TRUE", "metalMinedSilver": 0.0, "metalMinedLead": 0.0, "metalMinedCopper": 0.0, "metalMinedTin": 0.0, "metalMinedIron": 0.0, "metalMinedMercuryCinnabar": 0.0, "metalMinedZinc": 0.0, "metalMinedOther": 0.0, "description": null, "references": "Domergue 1990: 64", "techniqueOpencast": 0.0, "techniqueUnderground": 1.0, "techniqueHydraulic": "FALSE", "techniqueHushing": "FALSE", "techniqueGroundSluicing": "FALSE", "techniqueRuinaMontium": 0.0, "techniqueRakeComb": 0.0, "techniqueGoldWashing": 0.0, "techniqueOther": 0.0, "notes": null, "geology": "Hard rock and alluvium", "depositType": "Primary - Secondary", "exploitationType": null, "Flag_Au_Oro": 1, "Status_Au_Oro": "Confirmado", "Flag_Ag_Plata": 0, "Status_Ag_Plata": "No", "Flag_Cu_Cobre": 0, "Status_Cu_Cobre": "No", "Flag_Pb_Plomo": 0, "Status_Pb_Plomo": "No", "Flag_Hg_Cinabrio": 0, "Status_Hg_Cinabrio": "No", "Flag_Sn_Estano": 0, "Status_Sn_Estano": "No", "Flag_Fe_Hierro": 0, "Status_Fe_Hierro": "No", "Tech_Ruina_Montium": 0, "Tech_Subterranea": 1, "Tech_Cielo_Abierto": 0, "Tech_Lavado_Placer": 0, "Certainty_Spatial": 1.0, "Certainty_Archaeological": 0.9, "Certainty_Metallogenic": 1.0, "Certainty_Score": 0.965, "Certainty_Grade": "Alta Certeza (Grado I)" }, "geometry": { "type": "Point", "coordinates": [ -3.13633498, 41.09139712 ] } },
{ "type": "Feature", "properties": { "mineID": 1020, "site": "Navalespino", "ancientName": null, "province": "Hispania Baetica", "country": "Spain", "region": "Córdoba", "miningDistrict": "Azuaga-Fuenteovejuna", "romanianRANID": null, "sanchezPalenciaAndOrejasID": null, "domergueID": "CO 57", "spainMapSheet": 856.0, "lambertX": 438.7, "lambertY": 424.4, "latitude": 38.40152014, "longitude": -5.53605208, "coordinateAccuracy": 100.0, "locationDataSource": "Converted in QGIS from Lambert coords, Madrid 1870", "locationNotes": null, "notBeforeOpeningDate": null, "notAfterOpeningDate": null, "notBeforeClosingDate": null, "notAfterClosingDate": null, "inUseDate": null, "metalMinedGold": "FALSE", "metalMinedSilver": 1.0, "metalMinedLead": 1.0, "metalMinedCopper": 1.0, "metalMinedTin": 0.0, "metalMinedIron": 0.0, "metalMinedMercuryCinnabar": 0.0, "metalMinedZinc": 0.0, "metalMinedOther": 0.0, "description": null, "references": "Domergue 1990: 46", "techniqueOpencast": 0.0, "techniqueUnderground": 1.0, "techniqueHydraulic": "FALSE", "techniqueHushing": "FALSE", "techniqueGroundSluicing": "FALSE", "techniqueRuinaMontium": 0.0, "techniqueRakeComb": 0.0, "techniqueGoldWashing": 0.0, "techniqueOther": 0.0, "notes": null, "geology": "Hard rock", "depositType": "Primary", "exploitationType": null, "Flag_Au_Oro": 0, "Status_Au_Oro": "No", "Flag_Ag_Plata": 1, "Status_Ag_Plata": "Confirmado", "Flag_Cu_Cobre": 1, "Status_Cu_Cobre": "Confirmado", "Flag_Pb_Plomo": 1, "Status_Pb_Plomo": "Confirmado", "Flag_Hg_Cinabrio": 0, "Status_Hg_Cinabrio": "No", "Flag_Sn_Estano": 0, "Status_Sn_Estano": "No", "Flag_Fe_Hierro": 0, "Status_Fe_Hierro": "No", "Tech_Ruina_Montium": 0, "Tech_Subterranea": 1, "Tech_Cielo_Abierto": 0, "Tech_Lavado_Placer": 0, "Certainty_Spatial": 1.0, "Certainty_Archaeological": 0.9, "Certainty_Metallogenic": 1.0, "Certainty_Score": 0.965, "Certainty_Grade": "Alta Certeza (Grado I)" }, "geometry": { "type": "Point", "coordinates": [ -5.53605208, 38.40152014 ] } },
{ "type": "Feature", "properties": { "mineID": 1023, "site": "Navelgas Norte: Mina la Moura", "ancientName": null, "province": "Hispania Tarraconensis", "country": "Spain", "region": "Oviedo", "miningDistrict": "Cuenca del Esba o Canero", "romanianRANID": null, "sanchezPalenciaAndOrejasID": "ES-03", "domergueID": "O 26", "spainMapSheet": 26.0, "lambertX": 369.0, "lambertY": 982.5, "latitude": 43.411108, "longitude": -6.541224, "coordinateAccuracy": 200.0, "locationDataSource": "Converted in QGIS from Lambert coords, Madrid 1870", "locationNotes": "Mina la Moura marked on the IGN 1:25,000 map; see also https://cartographic.info/espana/map.php?id=121345", "notBeforeOpeningDate": null, "notAfterOpeningDate": null, "notBeforeClosingDate": null, "notAfterClosingDate": null, "inUseDate": null, "metalMinedGold": "TRUE", "metalMinedSilver": 0.0, "metalMinedLead": 0.0, "metalMinedCopper": 0.0, "metalMinedTin": 0.0, "metalMinedIron": 0.0, "metalMinedMercuryCinnabar": 0.0, "metalMinedZinc": 0.0, "metalMinedOther": 0.0, "description": null, "references": "Domergue 1990: 42; Sanchez-Palencia and Orejas 1994, 193", "techniqueOpencast": null, "techniqueUnderground": 1.0, "techniqueHydraulic": null, "techniqueHushing": null, "techniqueGroundSluicing": null, "techniqueRuinaMontium": null, "techniqueRakeComb": null, "techniqueGoldWashing": null, "techniqueOther": null, "notes": null, "geology": "Hard rock", "depositType": "Primary", "exploitationType": "Extensive", "Flag_Au_Oro": 1, "Status_Au_Oro": "Confirmado", "Flag_Ag_Plata": 0, "Status_Ag_Plata": "No", "Flag_Cu_Cobre": 0, "Status_Cu_Cobre": "No", "Flag_Pb_Plomo": 0, "Status_Pb_Plomo": "No", "Flag_Hg_Cinabrio": 0, "Status_Hg_Cinabrio": "No", "Flag_Sn_Estano": 0, "Status_Sn_Estano": "No", "Flag_Fe_Hierro": 0, "Status_Fe_Hierro": "No", "Tech_Ruina_Montium": 0, "Tech_Subterranea": 1, "Tech_Cielo_Abierto": 0, "Tech_Lavado_Placer": 0, "Certainty_Spatial": 0.85, "Certainty_Archaeological": 1.0, "Certainty_Metallogenic": 1.0, "Certainty_Score": 0.94, "Certainty_Grade": "Alta Certeza (Grado I)" }, "geometry": { "type": "Point", "coordinates": [ -6.541224, 43.411108 ] } },
{ "type": "Feature", "properties": { "mineID": 1046, "site": "Pedreras Viejas", "ancientName": null, "province": "Hispania Tarraconensis", "country": "Spain", "region": "Murcia", "miningDistrict": "Cartagena-Mazarrón", "romanianRANID": null, "sanchezPalenciaAndOrejasID": null, "domergueID": "MU 11", "spainMapSheet": 976.0, "lambertX": 805.7, "lambertY": 335.7, "latitude": 37.59275974, "longitude": -1.357876824, "coordinateAccuracy": 100.0, "locationDataSource": "Converted in QGIS from Lambert coords, Madrid 1870", "locationNotes": null, "notBeforeOpeningDate": null, "notAfterOpeningDate": null, "notBeforeClosingDate": null, "notAfterClosingDate": null, "inUseDate": null, "metalMinedGold": "FALSE", "metalMinedSilver": 1.0, "metalMinedLead": 1.0, "metalMinedCopper": 0.0, "metalMinedTin": 0.0, "metalMinedIron": 0.0, "metalMinedMercuryCinnabar": 0.0, "metalMinedZinc": 0.0, "metalMinedOther": 0.0, "description": null, "references": "Domergue 1990: 64", "techniqueOpencast": 0.0, "techniqueUnderground": 1.0, "techniqueHydraulic": "FALSE", "techniqueHushing": "FALSE", "techniqueGroundSluicing": "FALSE", "techniqueRuinaMontium": 0.0, "techniqueRakeComb": 0.0, "techniqueGoldWashing": 0.0, "techniqueOther": 0.0, "notes": null, "geology": null, "depositType": null, "exploitationType": null, "Flag_Au_Oro": 0, "Status_Au_Oro": "No", "Flag_Ag_Plata": 1, "Status_Ag_Plata": "Confirmado", "Flag_Cu_Cobre": 0, "Status_Cu_Cobre": "No", "Flag_Pb_Plomo": 1, "Status_Pb_Plomo": "Confirmado", "Flag_Hg_Cinabrio": 0, "Status_Hg_Cinabrio": "No", "Flag_Sn_Estano": 0, "Status_Sn_Estano": "No", "Flag_Fe_Hierro": 0, "Status_Fe_Hierro": "No", "Tech_Ruina_Montium": 0, "Tech_Subterranea": 1, "Tech_Cielo_Abierto": 0, "Tech_Lavado_Placer": 0, "Certainty_Spatial": 1.0, "Certainty_Archaeological": 0.9, "Certainty_Metallogenic": 1.0, "Certainty_Score": 0.965, "Certainty_Grade": "Alta Certeza (Grado I)" }, "geometry": { "type": "Point", "coordinates": [ -1.357876824, 37.59275974 ] } },
{ "type": "Feature", "properties": { "mineID": 1054, "site": "Peña del Cuervo", "ancientName": null, "province": "Hispania Baetica", "country": "Spain", "region": "Córdoba", "miningDistrict": "Los Pedroches", "romanianRANID": null, "sanchezPalenciaAndOrejasID": null, "domergueID": "CO 21", "spainMapSheet": 833.0, "lambertX": 472.6, "lambertY": 444.7, "latitude": 38.59019713, "longitude": -5.15153656, "coordinateAccuracy": 100.0, "locationDataSource": "Converted in QGIS from Lambert coords, Madrid 1870", "locationNotes": null, "notBeforeOpeningDate": null, "notAfterOpeningDate": null, "notBeforeClosingDate": null, "notAfterClosingDate": null, "inUseDate": null, "metalMinedGold": "FALSE", "metalMinedSilver": 0.0, "metalMinedLead": 0.0, "metalMinedCopper": 1.0, "metalMinedTin": 0.0, "metalMinedIron": 0.0, "metalMinedMercuryCinnabar": 0.0, "metalMinedZinc": 0.0, "metalMinedOther": 0.0, "description": null, "references": "Domergue 1990: 47", "techniqueOpencast": 0.0, "techniqueUnderground": 1.0, "techniqueHydraulic": "FALSE", "techniqueHushing": "FALSE", "techniqueGroundSluicing": "FALSE", "techniqueRuinaMontium": 0.0, "techniqueRakeComb": 0.0, "techniqueGoldWashing": 0.0, "techniqueOther": 0.0, "notes": null, "geology": "Hard rock", "depositType": "Primary", "exploitationType": null, "Flag_Au_Oro": 0, "Status_Au_Oro": "No", "Flag_Ag_Plata": 0, "Status_Ag_Plata": "No", "Flag_Cu_Cobre": 1, "Status_Cu_Cobre": "Confirmado", "Flag_Pb_Plomo": 0, "Status_Pb_Plomo": "No", "Flag_Hg_Cinabrio": 0, "Status_Hg_Cinabrio": "No", "Flag_Sn_Estano": 0, "Status_Sn_Estano": "No", "Flag_Fe_Hierro": 0, "Status_Fe_Hierro": "No", "Tech_Ruina_Montium": 0, "Tech_Subterranea": 1, "Tech_Cielo_Abierto": 0, "Tech_Lavado_Placer": 0, "Certainty_Spatial": 1.0, "Certainty_Archaeological": 0.9, "Certainty_Metallogenic": 1.0, "Certainty_Score": 0.965, "Certainty_Grade": "Alta Certeza (Grado I)" }, "geometry": { "type": "Point", "coordinates": [ -5.15153656, 38.59019713 ] } },
{ "type": "Feature", "properties": { "mineID": 1064, "site": "Peñón del Moro", "ancientName": null, "province": "Hispania Baetica", "country": "Spain", "region": "Badajoz", "miningDistrict": "Azuaga-Fuenteovejuna", "romanianRANID": null, "sanchezPalenciaAndOrejasID": null, "domergueID": "BA 59", "spainMapSheet": 877.0, "lambertX": 395.0, "lambertY": 415.0, "latitude": 38.30752585, "longitude": -6.03370937, "coordinateAccuracy": 100.0, "locationDataSource": "Converted in QGIS from Lambert coords, Madrid 1870", "locationNotes": null, "notBeforeOpeningDate": null, "notAfterOpeningDate": null, "notBeforeClosingDate": null, "notAfterClosingDate": null, "inUseDate": null, "metalMinedGold": "FALSE", "metalMinedSilver": 1.0, "metalMinedLead": 1.0, "metalMinedCopper": 0.0, "metalMinedTin": 0.0, "metalMinedIron": 0.0, "metalMinedMercuryCinnabar": 0.0, "metalMinedZinc": 0.0, "metalMinedOther": 0.0, "description": null, "references": "Domergue 1990: 46", "techniqueOpencast": 0.0, "techniqueUnderground": 1.0, "techniqueHydraulic": "FALSE", "techniqueHushing": "FALSE", "techniqueGroundSluicing": "FALSE", "techniqueRuinaMontium": 0.0, "techniqueRakeComb": 0.0, "techniqueGoldWashing": 0.0, "techniqueOther": 0.0, "notes": null, "geology": "Hard rock", "depositType": "Primary", "exploitationType": null, "Flag_Au_Oro": 0, "Status_Au_Oro": "No", "Flag_Ag_Plata": 1, "Status_Ag_Plata": "Confirmado", "Flag_Cu_Cobre": 0, "Status_Cu_Cobre": "No", "Flag_Pb_Plomo": 1, "Status_Pb_Plomo": "Confirmado", "Flag_Hg_Cinabrio": 0, "Status_Hg_Cinabrio": "No", "Flag_Sn_Estano": 0, "Status_Sn_Estano": "No", "Flag_Fe_Hierro": 0, "Status_Fe_Hierro": "No", "Tech_Ruina_Montium": 0, "Tech_Subterranea": 1, "Tech_Cielo_Abierto": 0, "Tech_Lavado_Placer": 0, "Certainty_Spatial": 1.0, "Certainty_Archaeological": 0.9, "Certainty_Metallogenic": 1.0, "Certainty_Score": 0.965, "Certainty_Grade": "Alta Certeza (Grado I)" }, "geometry": { "type": "Point", "coordinates": [ -6.03370937, 38.30752585 ] } },
{ "type": "Feature", "properties": { "mineID": 1091, "site": "Pozo Rico (Alcudia)", "ancientName": null, "province": "Hispania Tarraconensis", "country": "Spain", "region": "Ciudad Real", "miningDistrict": "Alcudia", "romanianRANID": null, "sanchezPalenciaAndOrejasID": null, "domergueID": "CR 42", "spainMapSheet": 861.0, "lambertX": null, "lambertY": null, "latitude": 38.434231, "longitude": -3.941203, "coordinateAccuracy": 500.0, "locationDataSource": "Guessed from Google Earth & description in Domergue 1987, 84", "locationNotes": "Domergue does not give coordinates", "notBeforeOpeningDate": null, "notAfterOpeningDate": null, "notBeforeClosingDate": null, "notAfterClosingDate": null, "inUseDate": null, "metalMinedGold": "FALSE", "metalMinedSilver": 1.0, "metalMinedLead": 1.0, "metalMinedCopper": 0.0, "metalMinedTin": 0.0, "metalMinedIron": 0.0, "metalMinedMercuryCinnabar": 0.0, "metalMinedZinc": 0.0, "metalMinedOther": 0.0, "description": null, "references": "Domergue 1990: 46", "techniqueOpencast": 0.0, "techniqueUnderground": 1.0, "techniqueHydraulic": "FALSE", "techniqueHushing": "FALSE", "techniqueGroundSluicing": "FALSE", "techniqueRuinaMontium": 0.0, "techniqueRakeComb": 0.0, "techniqueGoldWashing": 0.0, "techniqueOther": 0.0, "notes": null, "geology": null, "depositType": null, "exploitationType": null, "Flag_Au_Oro": 0, "Status_Au_Oro": "No", "Flag_Ag_Plata": 1, "Status_Ag_Plata": "Confirmado", "Flag_Cu_Cobre": 0, "Status_Cu_Cobre": "No", "Flag_Pb_Plomo": 1, "Status_Pb_Plomo": "Confirmado", "Flag_Hg_Cinabrio": 0, "Status_Hg_Cinabrio": "No", "Flag_Sn_Estano": 0, "Status_Sn_Estano": "No", "Flag_Fe_Hierro": 0, "Status_Fe_Hierro": "No", "Tech_Ruina_Montium": 0, "Tech_Subterranea": 1, "Tech_Cielo_Abierto": 0, "Tech_Lavado_Placer": 0, "Certainty_Spatial": 0.85, "Certainty_Archaeological": 0.9, "Certainty_Metallogenic": 1.0, "Certainty_Score": 0.905, "Certainty_Grade": "Alta Certeza (Grado I)" }, "geometry": { "type": "Point", "coordinates": [ -3.941203, 38.434231 ] } },
{ "type": "Feature", "properties": { "mineID": 1111, "site": "Quinto del Hierro", "ancientName": null, "province": "Hispania Tarraconensis", "country": "Spain", "region": "Ciudad Real", "miningDistrict": "Alcudia", "romanianRANID": null, "sanchezPalenciaAndOrejasID": null, "domergueID": "CR 5", "spainMapSheet": 808.0, "lambertX": 507.6, "lambertY": 460.0, "latitude": 38.73261216, "longitude": -4.75159193, "coordinateAccuracy": 100.0, "locationDataSource": "Converted in QGIS from Lambert coords, Madrid 1870", "locationNotes": null, "notBeforeOpeningDate": null, "notAfterOpeningDate": null, "notBeforeClosingDate": null, "notAfterClosingDate": null, "inUseDate": null, "metalMinedGold": "FALSE", "metalMinedSilver": 1.0, "metalMinedLead": 1.0, "metalMinedCopper": 0.0, "metalMinedTin": 0.0, "metalMinedIron": 0.0, "metalMinedMercuryCinnabar": 0.0, "metalMinedZinc": 0.0, "metalMinedOther": 0.0, "description": null, "references": "Laurent 1975: 61-69; Domergue 1990: 46", "techniqueOpencast": 0.0, "techniqueUnderground": 1.0, "techniqueHydraulic": "FALSE", "techniqueHushing": "FALSE", "techniqueGroundSluicing": "FALSE", "techniqueRuinaMontium": 0.0, "techniqueRakeComb": 0.0, "techniqueGoldWashing": 0.0, "techniqueOther": 0.0, "notes": null, "geology": null, "depositType": null, "exploitationType": null, "Flag_Au_Oro": 0, "Status_Au_Oro": "No", "Flag_Ag_Plata": 1, "Status_Ag_Plata": "Confirmado", "Flag_Cu_Cobre": 0, "Status_Cu_Cobre": "No", "Flag_Pb_Plomo": 1, "Status_Pb_Plomo": "Confirmado", "Flag_Hg_Cinabrio": 0, "Status_Hg_Cinabrio": "No", "Flag_Sn_Estano": 0, "Status_Sn_Estano": "No", "Flag_Fe_Hierro": 0, "Status_Fe_Hierro": "No", "Tech_Ruina_Montium": 0, "Tech_Subterranea": 1, "Tech_Cielo_Abierto": 0, "Tech_Lavado_Placer": 0, "Certainty_Spatial": 1.0, "Certainty_Archaeological": 0.9, "Certainty_Metallogenic": 1.0, "Certainty_Score": 0.965, "Certainty_Grade": "Alta Certeza (Grado I)" }, "geometry": { "type": "Point", "coordinates": [ -4.75159193, 38.73261216 ] } },
{ "type": "Feature", "properties": { "mineID": 1112, "site": "Quinto del Huerto", "ancientName": null, "province": "Hispania Baetica", "country": "Spain", "region": "Córdoba", "miningDistrict": "Los Pedroches", "romanianRANID": null, "sanchezPalenciaAndOrejasID": null, "domergueID": "CO 23", "spainMapSheet": 833.0, "lambertX": 480.8, "lambertY": 442.5, "latitude": 38.57153808, "longitude": -5.05696044, "coordinateAccuracy": 100.0, "locationDataSource": "Converted in QGIS from Lambert coords, Madrid 1870", "locationNotes": null, "notBeforeOpeningDate": null, "notAfterOpeningDate": null, "notBeforeClosingDate": null, "notAfterClosingDate": null, "inUseDate": null, "metalMinedGold": "FALSE", "metalMinedSilver": 0.0, "metalMinedLead": 0.0, "metalMinedCopper": 1.0, "metalMinedTin": 0.0, "metalMinedIron": 0.0, "metalMinedMercuryCinnabar": 0.0, "metalMinedZinc": 0.0, "metalMinedOther": 0.0, "description": null, "references": "Domergue 1990: 47", "techniqueOpencast": 0.0, "techniqueUnderground": 1.0, "techniqueHydraulic": "FALSE", "techniqueHushing": "FALSE", "techniqueGroundSluicing": "FALSE", "techniqueRuinaMontium": 0.0, "techniqueRakeComb": 0.0, "techniqueGoldWashing": 0.0, "techniqueOther": 0.0, "notes": null, "geology": "Hard rock", "depositType": "Primary", "exploitationType": null, "Flag_Au_Oro": 0, "Status_Au_Oro": "No", "Flag_Ag_Plata": 0, "Status_Ag_Plata": "No", "Flag_Cu_Cobre": 1, "Status_Cu_Cobre": "Confirmado", "Flag_Pb_Plomo": 0, "Status_Pb_Plomo": "No", "Flag_Hg_Cinabrio": 0, "Status_Hg_Cinabrio": "No", "Flag_Sn_Estano": 0, "Status_Sn_Estano": "No", "Flag_Fe_Hierro": 0, "Status_Fe_Hierro": "No", "Tech_Ruina_Montium": 0, "Tech_Subterranea": 1, "Tech_Cielo_Abierto": 0, "Tech_Lavado_Placer": 0, "Certainty_Spatial": 1.0, "Certainty_Archaeological": 0.9, "Certainty_Metallogenic": 1.0, "Certainty_Score": 0.965, "Certainty_Grade": "Alta Certeza (Grado I)" }, "geometry": { "type": "Point", "coordinates": [ -5.05696044, 38.57153808 ] } },
{ "type": "Feature", "properties": { "mineID": 1123, "site": "Requeja", "ancientName": null, "province": "Hispania Baetica", "country": "Spain", "region": "Córdoba", "miningDistrict": "Los Pedroches", "romanianRANID": null, "sanchezPalenciaAndOrejasID": null, "domergueID": "CO 16", "spainMapSheet": 858.0, "lambertX": 497.3, "lambertY": 423.2, "latitude": 38.39966628, "longitude": -4.86455465, "coordinateAccuracy": 100.0, "locationDataSource": "Converted in QGIS from Lambert coords, Madrid 1870", "locationNotes": null, "notBeforeOpeningDate": null, "notAfterOpeningDate": null, "notBeforeClosingDate": null, "notAfterClosingDate": null, "inUseDate": null, "metalMinedGold": "FALSE", "metalMinedSilver": 0.0, "metalMinedLead": 0.0, "metalMinedCopper": 1.0, "metalMinedTin": 0.0, "metalMinedIron": 0.0, "metalMinedMercuryCinnabar": 0.0, "metalMinedZinc": 0.0, "metalMinedOther": 0.0, "description": null, "references": "Domergue 1990: 47", "techniqueOpencast": 0.0, "techniqueUnderground": 1.0, "techniqueHydraulic": "FALSE", "techniqueHushing": "FALSE", "techniqueGroundSluicing": "FALSE", "techniqueRuinaMontium": 0.0, "techniqueRakeComb": 0.0, "techniqueGoldWashing": 0.0, "techniqueOther": 0.0, "notes": null, "geology": "Hard rock", "depositType": "Primary", "exploitationType": null, "Flag_Au_Oro": 0, "Status_Au_Oro": "No", "Flag_Ag_Plata": 0, "Status_Ag_Plata": "No", "Flag_Cu_Cobre": 1, "Status_Cu_Cobre": "Confirmado", "Flag_Pb_Plomo": 0, "Status_Pb_Plomo": "No", "Flag_Hg_Cinabrio": 0, "Status_Hg_Cinabrio": "No", "Flag_Sn_Estano": 0, "Status_Sn_Estano": "No", "Flag_Fe_Hierro": 0, "Status_Fe_Hierro": "No", "Tech_Ruina_Montium": 0, "Tech_Subterranea": 1, "Tech_Cielo_Abierto": 0, "Tech_Lavado_Placer": 0, "Certainty_Spatial": 1.0, "Certainty_Archaeological": 0.9, "Certainty_Metallogenic": 1.0, "Certainty_Score": 0.965, "Certainty_Grade": "Alta Certeza (Grado I)" }, "geometry": { "type": "Point", "coordinates": [ -4.86455465, 38.39966628 ] } },
{ "type": "Feature", "properties": { "mineID": 1135, "site": "Río Ciurana", "ancientName": null, "province": "Hispania Tarraconensis", "country": "Spain", "region": "Tarragona", "miningDistrict": null, "romanianRANID": null, "sanchezPalenciaAndOrejasID": null, "domergueID": "T 2", "spainMapSheet": 471.0, "lambertX": 969.7, "lambertY": 736.4, "latitude": 41.14724628, "longitude": 0.721974085, "coordinateAccuracy": 100.0, "locationDataSource": "Converted in QGIS from Lambert coords, Madrid 1870", "locationNotes": null, "notBeforeOpeningDate": null, "notAfterOpeningDate": null, "notBeforeClosingDate": null, "notAfterClosingDate": null, "inUseDate": null, "metalMinedGold": "FALSE", "metalMinedSilver": 0.0, "metalMinedLead": 1.0, "metalMinedCopper": 0.0, "metalMinedTin": 0.0, "metalMinedIron": 0.0, "metalMinedMercuryCinnabar": 0.0, "metalMinedZinc": 0.0, "metalMinedOther": 0.0, "description": null, "references": "Domergue 1990: 64", "techniqueOpencast": 0.0, "techniqueUnderground": 1.0, "techniqueHydraulic": "FALSE", "techniqueHushing": "FALSE", "techniqueGroundSluicing": "FALSE", "techniqueRuinaMontium": 0.0, "techniqueRakeComb": 0.0, "techniqueGoldWashing": 0.0, "techniqueOther": 0.0, "notes": null, "geology": null, "depositType": null, "exploitationType": null, "Flag_Au_Oro": 0, "Status_Au_Oro": "No", "Flag_Ag_Plata": 0, "Status_Ag_Plata": "No", "Flag_Cu_Cobre": 0, "Status_Cu_Cobre": "No", "Flag_Pb_Plomo": 1, "Status_Pb_Plomo": "Confirmado", "Flag_Hg_Cinabrio": 0, "Status_Hg_Cinabrio": "No", "Flag_Sn_Estano": 0, "Status_Sn_Estano": "No", "Flag_Fe_Hierro": 0, "Status_Fe_Hierro": "No", "Tech_Ruina_Montium": 0, "Tech_Subterranea": 1, "Tech_Cielo_Abierto": 0, "Tech_Lavado_Placer": 0, "Certainty_Spatial": 1.0, "Certainty_Archaeological": 0.9, "Certainty_Metallogenic": 1.0, "Certainty_Score": 0.965, "Certainty_Grade": "Alta Certeza (Grado I)" }, "geometry": { "type": "Point", "coordinates": [ 0.721974085, 41.14724628 ] } },
{ "type": "Feature", "properties": { "mineID": 1136, "site": "Río Corumbel", "ancientName": null, "province": "Hispania Baetica", "country": "Spain", "region": "Huelva", "miningDistrict": "Huelva", "romanianRANID": null, "sanchezPalenciaAndOrejasID": null, "domergueID": "H 36", "spainMapSheet": 983.0, "lambertX": 353.5, "lambertY": 322.1, "latitude": 37.45968507, "longitude": -6.47506987, "coordinateAccuracy": 100.0, "locationDataSource": "Converted in QGIS from Lambert coords, Madrid 1870", "locationNotes": null, "notBeforeOpeningDate": null, "notAfterOpeningDate": null, "notBeforeClosingDate": null, "notAfterClosingDate": null, "inUseDate": null, "metalMinedGold": "FALSE", "metalMinedSilver": 1.0, "metalMinedLead": 1.0, "metalMinedCopper": 1.0, "metalMinedTin": 0.0, "metalMinedIron": 0.0, "metalMinedMercuryCinnabar": 0.0, "metalMinedZinc": 0.0, "metalMinedOther": 0.0, "description": null, "references": "Domergue 1990: 62", "techniqueOpencast": 0.0, "techniqueUnderground": 1.0, "techniqueHydraulic": "FALSE", "techniqueHushing": "FALSE", "techniqueGroundSluicing": "FALSE", "techniqueRuinaMontium": 0.0, "techniqueRakeComb": 0.0, "techniqueGoldWashing": 0.0, "techniqueOther": 0.0, "notes": null, "geology": "Hard rock", "depositType": "Primary", "exploitationType": null, "Flag_Au_Oro": 0, "Status_Au_Oro": "No", "Flag_Ag_Plata": 1, "Status_Ag_Plata": "Confirmado", "Flag_Cu_Cobre": 1, "Status_Cu_Cobre": "Confirmado", "Flag_Pb_Plomo": 1, "Status_Pb_Plomo": "Confirmado", "Flag_Hg_Cinabrio": 0, "Status_Hg_Cinabrio": "No", "Flag_Sn_Estano": 0, "Status_Sn_Estano": "No", "Flag_Fe_Hierro": 0, "Status_Fe_Hierro": "No", "Tech_Ruina_Montium": 0, "Tech_Subterranea": 1, "Tech_Cielo_Abierto": 0, "Tech_Lavado_Placer": 0, "Certainty_Spatial": 1.0, "Certainty_Archaeological": 0.9, "Certainty_Metallogenic": 1.0, "Certainty_Score": 0.965, "Certainty_Grade": "Alta Certeza (Grado I)" }, "geometry": { "type": "Point", "coordinates": [ -6.47506987, 37.45968507 ] } },
{ "type": "Feature", "properties": { "mineID": 1137, "site": "Río Crispinejo", "ancientName": null, "province": "Hispania Baetica", "country": "Spain", "region": "Huelva", "miningDistrict": "Huelva", "romanianRANID": null, "sanchezPalenciaAndOrejasID": null, "domergueID": "SE 3", "spainMapSheet": 961.0, "lambertX": 374.0, "lambertY": 328.0, "latitude": 37.51837238, "longitude": -6.245326356, "coordinateAccuracy": 100.0, "locationDataSource": "Converted in QGIS from Lambert coords, Madrid 1870", "locationNotes": null, "notBeforeOpeningDate": null, "notAfterOpeningDate": null, "notBeforeClosingDate": null, "notAfterClosingDate": null, "inUseDate": null, "metalMinedGold": "FALSE", "metalMinedSilver": 0.0, "metalMinedLead": 0.0, "metalMinedCopper": 1.0, "metalMinedTin": 0.0, "metalMinedIron": 0.0, "metalMinedMercuryCinnabar": 0.0, "metalMinedZinc": 0.0, "metalMinedOther": 0.0, "description": null, "references": "Domergue 1990: 62", "techniqueOpencast": 0.0, "techniqueUnderground": 1.0, "techniqueHydraulic": "FALSE", "techniqueHushing": "FALSE", "techniqueGroundSluicing": "FALSE", "techniqueRuinaMontium": 0.0, "techniqueRakeComb": 0.0, "techniqueGoldWashing": 0.0, "techniqueOther": 0.0, "notes": null, "geology": "Pyrite", "depositType": "Primary", "exploitationType": null, "Flag_Au_Oro": 0, "Status_Au_Oro": "No", "Flag_Ag_Plata": 0, "Status_Ag_Plata": "No", "Flag_Cu_Cobre": 1, "Status_Cu_Cobre": "Confirmado", "Flag_Pb_Plomo": 0, "Status_Pb_Plomo": "No", "Flag_Hg_Cinabrio": 0, "Status_Hg_Cinabrio": "No", "Flag_Sn_Estano": 0, "Status_Sn_Estano": "No", "Flag_Fe_Hierro": 0, "Status_Fe_Hierro": "No", "Tech_Ruina_Montium": 0, "Tech_Subterranea": 1, "Tech_Cielo_Abierto": 0, "Tech_Lavado_Placer": 0, "Certainty_Spatial": 1.0, "Certainty_Archaeological": 0.9, "Certainty_Metallogenic": 1.0, "Certainty_Score": 0.965, "Certainty_Grade": "Alta Certeza (Grado I)" }, "geometry": { "type": "Point", "coordinates": [ -6.245326356, 37.51837238 ] } },
{ "type": "Feature", "properties": { "mineID": 1139, "site": "Río de Ojén", "ancientName": null, "province": "Hispania Tarraconensis", "country": "Spain", "region": "Madrid", "miningDistrict": null, "romanianRANID": null, "sanchezPalenciaAndOrejasID": null, "domergueID": "MA 1", "spainMapSheet": 1066.0, "lambertX": 501.0, "lambertY": 217.5, "latitude": 36.54648941, "longitude": -4.792955069, "coordinateAccuracy": 100.0, "locationDataSource": "Converted in QGIS from Lambert coords, Madrid 1870", "locationNotes": null, "notBeforeOpeningDate": null, "notAfterOpeningDate": null, "notBeforeClosingDate": null, "notAfterClosingDate": null, "inUseDate": null, "metalMinedGold": "FALSE", "metalMinedSilver": 1.0, "metalMinedLead": 1.0, "metalMinedCopper": 0.0, "metalMinedTin": 0.0, "metalMinedIron": 0.0, "metalMinedMercuryCinnabar": 0.0, "metalMinedZinc": 0.0, "metalMinedOther": 0.0, "description": null, "references": "Domergue 1990: 64", "techniqueOpencast": 0.0, "techniqueUnderground": 1.0, "techniqueHydraulic": "FALSE", "techniqueHushing": "FALSE", "techniqueGroundSluicing": "FALSE", "techniqueRuinaMontium": 0.0, "techniqueRakeComb": 0.0, "techniqueGoldWashing": 0.0, "techniqueOther": 0.0, "notes": null, "geology": null, "depositType": null, "exploitationType": null, "Flag_Au_Oro": 0, "Status_Au_Oro": "No", "Flag_Ag_Plata": 1, "Status_Ag_Plata": "Confirmado", "Flag_Cu_Cobre": 0, "Status_Cu_Cobre": "No", "Flag_Pb_Plomo": 1, "Status_Pb_Plomo": "Confirmado", "Flag_Hg_Cinabrio": 0, "Status_Hg_Cinabrio": "No", "Flag_Sn_Estano": 0, "Status_Sn_Estano": "No", "Flag_Fe_Hierro": 0, "Status_Fe_Hierro": "No", "Tech_Ruina_Montium": 0, "Tech_Subterranea": 1, "Tech_Cielo_Abierto": 0, "Tech_Lavado_Placer": 0, "Certainty_Spatial": 1.0, "Certainty_Archaeological": 0.9, "Certainty_Metallogenic": 1.0, "Certainty_Score": 0.965, "Certainty_Grade": "Alta Certeza (Grado I)" }, "geometry": { "type": "Point", "coordinates": [ -4.792955069, 36.54648941 ] } },
{ "type": "Feature", "properties": { "mineID": 1237, "site": "Río Valmayor", "ancientName": null, "province": "Hispania Tarraconensis", "country": "Spain", "region": "Ciudad Real", "miningDistrict": "Alcudia", "romanianRANID": null, "sanchezPalenciaAndOrejasID": null, "domergueID": "CR 34", "spainMapSheet": 861.0, "lambertX": 557.6, "lambertY": 423.4, "latitude": 38.40653916, "longitude": -4.1737441, "coordinateAccuracy": 100.0, "locationDataSource": "Converted in QGIS from Lambert coords, Madrid 1870", "locationNotes": null, "notBeforeOpeningDate": null, "notAfterOpeningDate": null, "notBeforeClosingDate": null, "notAfterClosingDate": null, "inUseDate": null, "metalMinedGold": "FALSE", "metalMinedSilver": 1.0, "metalMinedLead": 1.0, "metalMinedCopper": 0.0, "metalMinedTin": 0.0, "metalMinedIron": 0.0, "metalMinedMercuryCinnabar": 0.0, "metalMinedZinc": 0.0, "metalMinedOther": 0.0, "description": null, "references": "Domergue 1990: 46", "techniqueOpencast": 0.0, "techniqueUnderground": 1.0, "techniqueHydraulic": "FALSE", "techniqueHushing": "FALSE", "techniqueGroundSluicing": "FALSE", "techniqueRuinaMontium": 0.0, "techniqueRakeComb": 0.0, "techniqueGoldWashing": 0.0, "techniqueOther": 0.0, "notes": null, "geology": null, "depositType": null, "exploitationType": null, "Flag_Au_Oro": 0, "Status_Au_Oro": "No", "Flag_Ag_Plata": 1, "Status_Ag_Plata": "Confirmado", "Flag_Cu_Cobre": 0, "Status_Cu_Cobre": "No", "Flag_Pb_Plomo": 1, "Status_Pb_Plomo": "Confirmado", "Flag_Hg_Cinabrio": 0, "Status_Hg_Cinabrio": "No", "Flag_Sn_Estano": 0, "Status_Sn_Estano": "No", "Flag_Fe_Hierro": 0, "Status_Fe_Hierro": "No", "Tech_Ruina_Montium": 0, "Tech_Subterranea": 1, "Tech_Cielo_Abierto": 0, "Tech_Lavado_Placer": 0, "Certainty_Spatial": 1.0, "Certainty_Archaeological": 0.9, "Certainty_Metallogenic": 1.0, "Certainty_Score": 0.965, "Certainty_Grade": "Alta Certeza (Grado I)" }, "geometry": { "type": "Point", "coordinates": [ -4.1737441, 38.40653916 ] } },
{ "type": "Feature", "properties": { "mineID": 1241, "site": "Riotinto", "ancientName": "Urium (?)", "province": "Hispania Baetica", "country": "Spain", "region": "Huelva", "miningDistrict": "Huelva", "romanianRANID": null, "sanchezPalenciaAndOrejasID": null, "domergueID": "H 43", "spainMapSheet": 938.0, "lambertX": 344.6, "lambertY": 349.5, "latitude": 37.70395454, "longitude": -6.58569922, "coordinateAccuracy": 100.0, "locationDataSource": "Converted in QGIS from Lambert coords, Madrid 1870", "locationNotes": null, "notBeforeOpeningDate": -100.0, "notAfterOpeningDate": null, "notBeforeClosingDate": 200.0, "notAfterClosingDate": null, "inUseDate": null, "metalMinedGold": "FALSE", "metalMinedSilver": 1.0, "metalMinedLead": 0.0, "metalMinedCopper": 1.0, "metalMinedTin": 0.0, "metalMinedIron": 1.0, "metalMinedMercuryCinnabar": 0.0, "metalMinedZinc": 0.0, "metalMinedOther": 0.0, "description": "Originally a Punic mine, Riotinto was one of the largest mines in the Roman empire. It may be the site that Ptolemy refers to as Urium. Silver and copper mine which produced an estimated 16,000,000 tons of slag. 16 pairs of water wheels found in the mine draining depths of 100m. It is surrounded by an extensive settlement with cemeteries.", "references": "Jones 1980: 146-165; Rothenberg 1981; Domergue 1990: 62.", "techniqueOpencast": 0.0, "techniqueUnderground": 1.0, "techniqueHydraulic": "FALSE", "techniqueHushing": "FALSE", "techniqueGroundSluicing": "FALSE", "techniqueRuinaMontium": 0.0, "techniqueRakeComb": 0.0, "techniqueGoldWashing": 0.0, "techniqueOther": 0.0, "notes": null, "geology": "Pyrite", "depositType": "Primary", "exploitationType": null, "Flag_Au_Oro": 0, "Status_Au_Oro": "No", "Flag_Ag_Plata": 1, "Status_Ag_Plata": "Confirmado", "Flag_Cu_Cobre": 1, "Status_Cu_Cobre": "Confirmado", "Flag_Pb_Plomo": 0, "Status_Pb_Plomo": "No", "Flag_Hg_Cinabrio": 0, "Status_Hg_Cinabrio": "No", "Flag_Sn_Estano": 0, "Status_Sn_Estano": "No", "Flag_Fe_Hierro": 1, "Status_Fe_Hierro": "Confirmado", "Tech_Ruina_Montium": 0, "Tech_Subterranea": 1, "Tech_Cielo_Abierto": 0, "Tech_Lavado_Placer": 0, "Certainty_Spatial": 1.0, "Certainty_Archaeological": 0.9, "Certainty_Metallogenic": 1.0, "Certainty_Score": 0.965, "Certainty_Grade": "Alta Certeza (Grado I)" }, "geometry": { "type": "Point", "coordinates": [ -6.58569922, 37.70395454 ] } },
{ "type": "Feature", "properties": { "mineID": 1250, "site": "Romanilla", "ancientName": null, "province": "Hispania Tarraconensis", "country": "Spain", "region": "Ciudad Real", "miningDistrict": "Alcudia", "romanianRANID": null, "sanchezPalenciaAndOrejasID": null, "domergueID": "CR 22", "spainMapSheet": 835.0, "lambertX": 544.6, "lambertY": 446.2, "latitude": 38.61136908, "longitude": -4.32455507, "coordinateAccuracy": 100.0, "locationDataSource": "Converted in QGIS from Lambert coords, Madrid 1870", "locationNotes": null, "notBeforeOpeningDate": null, "notAfterOpeningDate": null, "notBeforeClosingDate": null, "notAfterClosingDate": null, "inUseDate": null, "metalMinedGold": "FALSE", "metalMinedSilver": 1.0, "metalMinedLead": 1.0, "metalMinedCopper": 0.0, "metalMinedTin": 0.0, "metalMinedIron": 0.0, "metalMinedMercuryCinnabar": 0.0, "metalMinedZinc": 0.0, "metalMinedOther": 0.0, "description": null, "references": "Domergue 1990: 46", "techniqueOpencast": 0.0, "techniqueUnderground": 1.0, "techniqueHydraulic": "FALSE", "techniqueHushing": "FALSE", "techniqueGroundSluicing": "FALSE", "techniqueRuinaMontium": 0.0, "techniqueRakeComb": 0.0, "techniqueGoldWashing": 0.0, "techniqueOther": 0.0, "notes": null, "geology": null, "depositType": null, "exploitationType": null, "Flag_Au_Oro": 0, "Status_Au_Oro": "No", "Flag_Ag_Plata": 1, "Status_Ag_Plata": "Confirmado", "Flag_Cu_Cobre": 0, "Status_Cu_Cobre": "No", "Flag_Pb_Plomo": 1, "Status_Pb_Plomo": "Confirmado", "Flag_Hg_Cinabrio": 0, "Status_Hg_Cinabrio": "No", "Flag_Sn_Estano": 0, "Status_Sn_Estano": "No", "Flag_Fe_Hierro": 0, "Status_Fe_Hierro": "No", "Tech_Ruina_Montium": 0, "Tech_Subterranea": 1, "Tech_Cielo_Abierto": 0, "Tech_Lavado_Placer": 0, "Certainty_Spatial": 1.0, "Certainty_Archaeological": 0.9, "Certainty_Metallogenic": 1.0, "Certainty_Score": 0.965, "Certainty_Grade": "Alta Certeza (Grado I)" }, "geometry": { "type": "Point", "coordinates": [ -4.32455507, 38.61136908 ] } },
{ "type": "Feature", "properties": { "mineID": 1252, "site": "Rosalía", "ancientName": null, "province": "Hispania Baetica", "country": "Spain", "region": "Córdoba", "miningDistrict": "Azuaga-Fuenteovejuna", "romanianRANID": null, "sanchezPalenciaAndOrejasID": null, "domergueID": "CO 53", "spainMapSheet": 879.0, "lambertX": 454.5, "lambertY": 407.8, "latitude": 38.25469231, "longitude": -5.35151691, "coordinateAccuracy": 100.0, "locationDataSource": "Converted in QGIS from Lambert coords, Madrid 1870", "locationNotes": null, "notBeforeOpeningDate": null, "notAfterOpeningDate": null, "notBeforeClosingDate": null, "notAfterClosingDate": null, "inUseDate": null, "metalMinedGold": "FALSE", "metalMinedSilver": 1.0, "metalMinedLead": 1.0, "metalMinedCopper": 0.0, "metalMinedTin": 0.0, "metalMinedIron": 0.0, "metalMinedMercuryCinnabar": 0.0, "metalMinedZinc": 0.0, "metalMinedOther": 0.0, "description": null, "references": "Domergue 1990: 46", "techniqueOpencast": 0.0, "techniqueUnderground": 1.0, "techniqueHydraulic": "FALSE", "techniqueHushing": "FALSE", "techniqueGroundSluicing": "FALSE", "techniqueRuinaMontium": 0.0, "techniqueRakeComb": 0.0, "techniqueGoldWashing": 0.0, "techniqueOther": 0.0, "notes": null, "geology": "Hard rock", "depositType": "Primary", "exploitationType": null, "Flag_Au_Oro": 0, "Status_Au_Oro": "No", "Flag_Ag_Plata": 1, "Status_Ag_Plata": "Confirmado", "Flag_Cu_Cobre": 0, "Status_Cu_Cobre": "No", "Flag_Pb_Plomo": 1, "Status_Pb_Plomo": "Confirmado", "Flag_Hg_Cinabrio": 0, "Status_Hg_Cinabrio": "No", "Flag_Sn_Estano": 0, "Status_Sn_Estano": "No", "Flag_Fe_Hierro": 0, "Status_Fe_Hierro": "No", "Tech_Ruina_Montium": 0, "Tech_Subterranea": 1, "Tech_Cielo_Abierto": 0, "Tech_Lavado_Placer": 0, "Certainty_Spatial": 1.0, "Certainty_Archaeological": 0.9, "Certainty_Metallogenic": 1.0, "Certainty_Score": 0.965, "Certainty_Grade": "Alta Certeza (Grado I)" }, "geometry": { "type": "Point", "coordinates": [ -5.35151691, 38.25469231 ] } },
{ "type": "Feature", "properties": { "mineID": 1254, "site": "Salas de Galiarda", "ancientName": null, "province": "Hispania Baetica", "country": "Spain", "region": "Jaén", "miningDistrict": "Montoro Andújar", "romanianRANID": null, "sanchezPalenciaAndOrejasID": null, "domergueID": "J 10", "spainMapSheet": 883.0, "lambertX": 584.8, "lambertY": 399.8, "latitude": 38.194676, "longitude": -3.86157025, "coordinateAccuracy": 100.0, "locationDataSource": "Converted in QGIS from Lambert coords, Madrid 1870", "locationNotes": null, "notBeforeOpeningDate": null, "notAfterOpeningDate": null, "notBeforeClosingDate": null, "notAfterClosingDate": null, "inUseDate": null, "metalMinedGold": "FALSE", "metalMinedSilver": 0.0, "metalMinedLead": 0.0, "metalMinedCopper": 1.0, "metalMinedTin": 0.0, "metalMinedIron": 0.0, "metalMinedMercuryCinnabar": 0.0, "metalMinedZinc": 0.0, "metalMinedOther": 0.0, "description": null, "references": "Domergue 1990: 47", "techniqueOpencast": 0.0, "techniqueUnderground": 1.0, "techniqueHydraulic": "FALSE", "techniqueHushing": "FALSE", "techniqueGroundSluicing": "FALSE", "techniqueRuinaMontium": 0.0, "techniqueRakeComb": 0.0, "techniqueGoldWashing": 0.0, "techniqueOther": 0.0, "notes": null, "geology": "Hard rock", "depositType": null, "exploitationType": null, "Flag_Au_Oro": 0, "Status_Au_Oro": "No", "Flag_Ag_Plata": 0, "Status_Ag_Plata": "No", "Flag_Cu_Cobre": 1, "Status_Cu_Cobre": "Confirmado", "Flag_Pb_Plomo": 0, "Status_Pb_Plomo": "No", "Flag_Hg_Cinabrio": 0, "Status_Hg_Cinabrio": "No", "Flag_Sn_Estano": 0, "Status_Sn_Estano": "No", "Flag_Fe_Hierro": 0, "Status_Fe_Hierro": "No", "Tech_Ruina_Montium": 0, "Tech_Subterranea": 1, "Tech_Cielo_Abierto": 0, "Tech_Lavado_Placer": 0, "Certainty_Spatial": 1.0, "Certainty_Archaeological": 0.9, "Certainty_Metallogenic": 1.0, "Certainty_Score": 0.965, "Certainty_Grade": "Alta Certeza (Grado I)" }, "geometry": { "type": "Point", "coordinates": [ -3.86157025, 38.194676 ] } },
{ "type": "Feature", "properties": { "mineID": 1257, "site": "Salto del Burro", "ancientName": null, "province": "Hispania Baetica", "country": "Spain", "region": "Badajoz", "miningDistrict": "Azuaga-Fuenteovejuna", "romanianRANID": null, "sanchezPalenciaAndOrejasID": null, "domergueID": "BA 14", "spainMapSheet": 878.0, "lambertX": 430.3, "lambertY": 402.9, "latitude": 38.20611661, "longitude": -5.62690863, "coordinateAccuracy": 100.0, "locationDataSource": "Converted in QGIS from Lambert coords, Madrid 1870", "locationNotes": null, "notBeforeOpeningDate": null, "notAfterOpeningDate": null, "notBeforeClosingDate": null, "notAfterClosingDate": null, "inUseDate": null, "metalMinedGold": "FALSE", "metalMinedSilver": 1.0, "metalMinedLead": 1.0, "metalMinedCopper": 0.0, "metalMinedTin": 0.0, "metalMinedIron": 0.0, "metalMinedMercuryCinnabar": 0.0, "metalMinedZinc": 0.0, "metalMinedOther": 0.0, "description": null, "references": "Domergue 1990: 46", "techniqueOpencast": 0.0, "techniqueUnderground": 1.0, "techniqueHydraulic": "FALSE", "techniqueHushing": "FALSE", "techniqueGroundSluicing": "FALSE", "techniqueRuinaMontium": 0.0, "techniqueRakeComb": 0.0, "techniqueGoldWashing": 0.0, "techniqueOther": 0.0, "notes": null, "geology": "Hard rock", "depositType": "Primary", "exploitationType": null, "Flag_Au_Oro": 0, "Status_Au_Oro": "No", "Flag_Ag_Plata": 1, "Status_Ag_Plata": "Confirmado", "Flag_Cu_Cobre": 0, "Status_Cu_Cobre": "No", "Flag_Pb_Plomo": 1, "Status_Pb_Plomo": "Confirmado", "Flag_Hg_Cinabrio": 0, "Status_Hg_Cinabrio": "No", "Flag_Sn_Estano": 0, "Status_Sn_Estano": "No", "Flag_Fe_Hierro": 0, "Status_Fe_Hierro": "No", "Tech_Ruina_Montium": 0, "Tech_Subterranea": 1, "Tech_Cielo_Abierto": 0, "Tech_Lavado_Placer": 0, "Certainty_Spatial": 1.0, "Certainty_Archaeological": 0.9, "Certainty_Metallogenic": 1.0, "Certainty_Score": 0.965, "Certainty_Grade": "Alta Certeza (Grado I)" }, "geometry": { "type": "Point", "coordinates": [ -5.62690863, 38.20611661 ] } },
{ "type": "Feature", "properties": { "mineID": 1264, "site": "San Félix de las Montañas I", "ancientName": null, "province": "Hispania Tarraconensis", "country": "Spain", "region": "Oviedo", "miningDistrict": "Cuenca del Narcea", "romanianRANID": null, "sanchezPalenciaAndOrejasID": "NA-17", "domergueID": "O 11", "spainMapSheet": 75.0, "lambertX": 357.0, "lambertY": 954.3, "latitude": 43.160535, "longitude": -6.673844, "coordinateAccuracy": 1000.0, "locationDataSource": "Guessed from Sanchez-Palencia and Orejas 1994 fig. 13 and Google Earth", "locationNotes": "Unclear which of the two sites,  San Félix de las Montañas I and II, is the one referred to by Domergue.", "notBeforeOpeningDate": null, "notAfterOpeningDate": null, "notBeforeClosingDate": null, "notAfterClosingDate": null, "inUseDate": null, "metalMinedGold": "TRUE", "metalMinedSilver": 0.0, "metalMinedLead": 0.0, "metalMinedCopper": 0.0, "metalMinedTin": 0.0, "metalMinedIron": 0.0, "metalMinedMercuryCinnabar": 0.0, "metalMinedZinc": 0.0, "metalMinedOther": 0.0, "description": null, "references": "Domergue 1990: 42; Sanchez-Palencia and Orejas 1994, 197", "techniqueOpencast": null, "techniqueUnderground": 1.0, "techniqueHydraulic": null, "techniqueHushing": null, "techniqueGroundSluicing": null, "techniqueRuinaMontium": null, "techniqueRakeComb": null, "techniqueGoldWashing": null, "techniqueOther": null, "notes": null, "geology": "Hard rock", "depositType": "Primary", "exploitationType": "Extensive", "Flag_Au_Oro": 1, "Status_Au_Oro": "Confirmado", "Flag_Ag_Plata": 0, "Status_Ag_Plata": "No", "Flag_Cu_Cobre": 0, "Status_Cu_Cobre": "No", "Flag_Pb_Plomo": 0, "Status_Pb_Plomo": "No", "Flag_Hg_Cinabrio": 0, "Status_Hg_Cinabrio": "No", "Flag_Sn_Estano": 0, "Status_Sn_Estano": "No", "Flag_Fe_Hierro": 0, "Status_Fe_Hierro": "No", "Tech_Ruina_Montium": 0, "Tech_Subterranea": 1, "Tech_Cielo_Abierto": 0, "Tech_Lavado_Placer": 0, "Certainty_Spatial": 0.7, "Certainty_Archaeological": 1.0, "Certainty_Metallogenic": 1.0, "Certainty_Score": 0.88, "Certainty_Grade": "Alta Certeza (Grado I)" }, "geometry": { "type": "Point", "coordinates": [ -6.673844, 43.160535 ] } },
{ "type": "Feature", "properties": { "mineID": 1265, "site": "San Félix de las Montañas II", "ancientName": null, "province": "Hispania Tarraconensis", "country": "Spain", "region": "Oviedo", "miningDistrict": "Cuenca del Narcea", "romanianRANID": null, "sanchezPalenciaAndOrejasID": "NA-16", "domergueID": "O 11", "spainMapSheet": 75.0, "lambertX": 357.0, "lambertY": 954.3, "latitude": 43.15551657, "longitude": -6.674982843, "coordinateAccuracy": 100.0, "locationDataSource": "Converted in QGIS from Lambert coords, Madrid 1870", "locationNotes": "NB coordinates from Domergue's \"San Félix de las Montañas\"\" - same as San Félix de las Montañas I\"", "notBeforeOpeningDate": null, "notAfterOpeningDate": null, "notBeforeClosingDate": null, "notAfterClosingDate": null, "inUseDate": null, "metalMinedGold": "TRUE", "metalMinedSilver": 0.0, "metalMinedLead": 0.0, "metalMinedCopper": 0.0, "metalMinedTin": 0.0, "metalMinedIron": 0.0, "metalMinedMercuryCinnabar": 0.0, "metalMinedZinc": 0.0, "metalMinedOther": 0.0, "description": null, "references": "Domergue 1990: 42; Sanchez-Palencia and Orejas 1994, 197", "techniqueOpencast": null, "techniqueUnderground": 1.0, "techniqueHydraulic": null, "techniqueHushing": null, "techniqueGroundSluicing": null, "techniqueRuinaMontium": null, "techniqueRakeComb": null, "techniqueGoldWashing": null, "techniqueOther": null, "notes": null, "geology": "Hard rock", "depositType": "Primary", "exploitationType": "Extensive", "Flag_Au_Oro": 1, "Status_Au_Oro": "Confirmado", "Flag_Ag_Plata": 0, "Status_Ag_Plata": "No", "Flag_Cu_Cobre": 0, "Status_Cu_Cobre": "No", "Flag_Pb_Plomo": 0, "Status_Pb_Plomo": "No", "Flag_Hg_Cinabrio": 0, "Status_Hg_Cinabrio": "No", "Flag_Sn_Estano": 0, "Status_Sn_Estano": "No", "Flag_Fe_Hierro": 0, "Status_Fe_Hierro": "No", "Tech_Ruina_Montium": 0, "Tech_Subterranea": 1, "Tech_Cielo_Abierto": 0, "Tech_Lavado_Placer": 0, "Certainty_Spatial": 1.0, "Certainty_Archaeological": 1.0, "Certainty_Metallogenic": 1.0, "Certainty_Score": 1.0, "Certainty_Grade": "Alta Certeza (Grado I)" }, "geometry": { "type": "Point", "coordinates": [ -6.674982843, 43.15551657 ] } },
{ "type": "Feature", "properties": { "mineID": 1266, "site": "San Gabriel", "ancientName": null, "province": "Hispania Tarraconensis", "country": "Spain", "region": "Jaén", "miningDistrict": "Linares - La Carolina", "romanianRANID": null, "sanchezPalenciaAndOrejasID": null, "domergueID": "J 30", "spainMapSheet": 884.0, "lambertX": 611.5, "lambertY": 413.4, "latitude": 38.31734513, "longitude": -3.55634363, "coordinateAccuracy": 100.0, "locationDataSource": "Converted in QGIS from Lambert coords, Madrid 1870", "locationNotes": null, "notBeforeOpeningDate": null, "notAfterOpeningDate": null, "notBeforeClosingDate": null, "notAfterClosingDate": null, "inUseDate": null, "metalMinedGold": "FALSE", "metalMinedSilver": 1.0, "metalMinedLead": 1.0, "metalMinedCopper": 0.0, "metalMinedTin": 0.0, "metalMinedIron": 0.0, "metalMinedMercuryCinnabar": 0.0, "metalMinedZinc": 0.0, "metalMinedOther": 0.0, "description": null, "references": "Domergue 1990: 45", "techniqueOpencast": 0.0, "techniqueUnderground": 1.0, "techniqueHydraulic": "FALSE", "techniqueHushing": "FALSE", "techniqueGroundSluicing": "FALSE", "techniqueRuinaMontium": 0.0, "techniqueRakeComb": 0.0, "techniqueGoldWashing": 0.0, "techniqueOther": 0.0, "notes": null, "geology": "Hard rock", "depositType": null, "exploitationType": null, "Flag_Au_Oro": 0, "Status_Au_Oro": "No", "Flag_Ag_Plata": 1, "Status_Ag_Plata": "Confirmado", "Flag_Cu_Cobre": 0, "Status_Cu_Cobre": "No", "Flag_Pb_Plomo": 1, "Status_Pb_Plomo": "Confirmado", "Flag_Hg_Cinabrio": 0, "Status_Hg_Cinabrio": "No", "Flag_Sn_Estano": 0, "Status_Sn_Estano": "No", "Flag_Fe_Hierro": 0, "Status_Fe_Hierro": "No", "Tech_Ruina_Montium": 0, "Tech_Subterranea": 1, "Tech_Cielo_Abierto": 0, "Tech_Lavado_Placer": 0, "Certainty_Spatial": 1.0, "Certainty_Archaeological": 0.9, "Certainty_Metallogenic": 1.0, "Certainty_Score": 0.965, "Certainty_Grade": "Alta Certeza (Grado I)" }, "geometry": { "type": "Point", "coordinates": [ -3.55634363, 38.31734513 ] } },
{ "type": "Feature", "properties": { "mineID": 1268, "site": "San Marcos", "ancientName": null, "province": "Hispania Tarraconensis", "country": "Spain", "region": "Ciudad Real", "miningDistrict": "Alcudia", "romanianRANID": null, "sanchezPalenciaAndOrejasID": null, "domergueID": "CR 17", "spainMapSheet": 835.0, "lambertX": 530.4, "lambertY": 448.5, "latitude": 38.63107476, "longitude": -4.4879604, "coordinateAccuracy": 100.0, "locationDataSource": "Converted in QGIS from Lambert coords, Madrid 1870", "locationNotes": null, "notBeforeOpeningDate": null, "notAfterOpeningDate": null, "notBeforeClosingDate": null, "notAfterClosingDate": null, "inUseDate": null, "metalMinedGold": "FALSE", "metalMinedSilver": 1.0, "metalMinedLead": 1.0, "metalMinedCopper": 0.0, "metalMinedTin": 0.0, "metalMinedIron": 0.0, "metalMinedMercuryCinnabar": 0.0, "metalMinedZinc": 0.0, "metalMinedOther": 0.0, "description": null, "references": "Domergue 1990: 46", "techniqueOpencast": 0.0, "techniqueUnderground": 1.0, "techniqueHydraulic": "FALSE", "techniqueHushing": "FALSE", "techniqueGroundSluicing": "FALSE", "techniqueRuinaMontium": 0.0, "techniqueRakeComb": 0.0, "techniqueGoldWashing": 0.0, "techniqueOther": 0.0, "notes": null, "geology": null, "depositType": null, "exploitationType": null, "Flag_Au_Oro": 0, "Status_Au_Oro": "No", "Flag_Ag_Plata": 1, "Status_Ag_Plata": "Confirmado", "Flag_Cu_Cobre": 0, "Status_Cu_Cobre": "No", "Flag_Pb_Plomo": 1, "Status_Pb_Plomo": "Confirmado", "Flag_Hg_Cinabrio": 0, "Status_Hg_Cinabrio": "No", "Flag_Sn_Estano": 0, "Status_Sn_Estano": "No", "Flag_Fe_Hierro": 0, "Status_Fe_Hierro": "No", "Tech_Ruina_Montium": 0, "Tech_Subterranea": 1, "Tech_Cielo_Abierto": 0, "Tech_Lavado_Placer": 0, "Certainty_Spatial": 1.0, "Certainty_Archaeological": 0.9, "Certainty_Metallogenic": 1.0, "Certainty_Score": 0.965, "Certainty_Grade": "Alta Certeza (Grado I)" }, "geometry": { "type": "Point", "coordinates": [ -4.4879604, 38.63107476 ] } },
{ "type": "Feature", "properties": { "mineID": 1275, "site": "San Quintín", "ancientName": null, "province": "Hispania Tarraconensis", "country": "Spain", "region": "Ciudad Real", "miningDistrict": "Alcudia", "romanianRANID": null, "sanchezPalenciaAndOrejasID": null, "domergueID": "CR 43", "spainMapSheet": 809.0, "lambertX": 547.8, "lambertY": 468.7, "latitude": 38.81444168, "longitude": -4.28952914, "coordinateAccuracy": 100.0, "locationDataSource": "Converted in QGIS from Lambert coords, Madrid 1870", "locationNotes": null, "notBeforeOpeningDate": null, "notAfterOpeningDate": null, "notBeforeClosingDate": null, "notAfterClosingDate": null, "inUseDate": null, "metalMinedGold": "FALSE", "metalMinedSilver": 1.0, "metalMinedLead": 1.0, "metalMinedCopper": 0.0, "metalMinedTin": 0.0, "metalMinedIron": 0.0, "metalMinedMercuryCinnabar": 0.0, "metalMinedZinc": 0.0, "metalMinedOther": 0.0, "description": null, "references": "Domergue 1990: 46", "techniqueOpencast": 0.0, "techniqueUnderground": 1.0, "techniqueHydraulic": "FALSE", "techniqueHushing": "FALSE", "techniqueGroundSluicing": "FALSE", "techniqueRuinaMontium": 0.0, "techniqueRakeComb": 0.0, "techniqueGoldWashing": 0.0, "techniqueOther": 0.0, "notes": null, "geology": null, "depositType": null, "exploitationType": null, "Flag_Au_Oro": 0, "Status_Au_Oro": "No", "Flag_Ag_Plata": 1, "Status_Ag_Plata": "Confirmado", "Flag_Cu_Cobre": 0, "Status_Cu_Cobre": "No", "Flag_Pb_Plomo": 1, "Status_Pb_Plomo": "Confirmado", "Flag_Hg_Cinabrio": 0, "Status_Hg_Cinabrio": "No", "Flag_Sn_Estano": 0, "Status_Sn_Estano": "No", "Flag_Fe_Hierro": 0, "Status_Fe_Hierro": "No", "Tech_Ruina_Montium": 0, "Tech_Subterranea": 1, "Tech_Cielo_Abierto": 0, "Tech_Lavado_Placer": 0, "Certainty_Spatial": 1.0, "Certainty_Archaeological": 0.9, "Certainty_Metallogenic": 1.0, "Certainty_Score": 0.965, "Certainty_Grade": "Alta Certeza (Grado I)" }, "geometry": { "type": "Point", "coordinates": [ -4.28952914, 38.81444168 ] } },
{ "type": "Feature", "properties": { "mineID": 1276, "site": "San Rafael", "ancientName": null, "province": "Hispania Baetica", "country": "Spain", "region": "Badajoz", "miningDistrict": "Azuaga-Fuenteovejuna", "romanianRANID": null, "sanchezPalenciaAndOrejasID": null, "domergueID": "BA 22", "spainMapSheet": 878.0, "lambertX": 433.0, "lambertY": 405.5, "latitude": 38.23007674, "longitude": -5.59670435, "coordinateAccuracy": 100.0, "locationDataSource": "Converted in QGIS from Lambert coords, Madrid 1870", "locationNotes": null, "notBeforeOpeningDate": null, "notAfterOpeningDate": null, "notBeforeClosingDate": null, "notAfterClosingDate": null, "inUseDate": null, "metalMinedGold": "FALSE", "metalMinedSilver": 1.0, "metalMinedLead": 1.0, "metalMinedCopper": 0.0, "metalMinedTin": 0.0, "metalMinedIron": 0.0, "metalMinedMercuryCinnabar": 0.0, "metalMinedZinc": 0.0, "metalMinedOther": 0.0, "description": null, "references": "Domergue 1990: 46", "techniqueOpencast": 0.0, "techniqueUnderground": 1.0, "techniqueHydraulic": "FALSE", "techniqueHushing": "FALSE", "techniqueGroundSluicing": "FALSE", "techniqueRuinaMontium": 0.0, "techniqueRakeComb": 0.0, "techniqueGoldWashing": 0.0, "techniqueOther": 0.0, "notes": null, "geology": "Hard rock", "depositType": "Primary", "exploitationType": null, "Flag_Au_Oro": 0, "Status_Au_Oro": "No", "Flag_Ag_Plata": 1, "Status_Ag_Plata": "Confirmado", "Flag_Cu_Cobre": 0, "Status_Cu_Cobre": "No", "Flag_Pb_Plomo": 1, "Status_Pb_Plomo": "Confirmado", "Flag_Hg_Cinabrio": 0, "Status_Hg_Cinabrio": "No", "Flag_Sn_Estano": 0, "Status_Sn_Estano": "No", "Flag_Fe_Hierro": 0, "Status_Fe_Hierro": "No", "Tech_Ruina_Montium": 0, "Tech_Subterranea": 1, "Tech_Cielo_Abierto": 0, "Tech_Lavado_Placer": 0, "Certainty_Spatial": 1.0, "Certainty_Archaeological": 0.9, "Certainty_Metallogenic": 1.0, "Certainty_Score": 0.965, "Certainty_Grade": "Alta Certeza (Grado I)" }, "geometry": { "type": "Point", "coordinates": [ -5.59670435, 38.23007674 ] } },
{ "type": "Feature", "properties": { "mineID": 1277, "site": "San Roque", "ancientName": null, "province": "Hispania Tarraconensis", "country": "Spain", "region": "Jaén", "miningDistrict": "Linares - La Carolina", "romanianRANID": null, "sanchezPalenciaAndOrejasID": null, "domergueID": "J 21", "spainMapSheet": 905.0, "lambertX": 602.95, "lambertY": 393.8, "latitude": 38.14071256, "longitude": -3.65426655, "coordinateAccuracy": 100.0, "locationDataSource": "Converted in QGIS from Lambert coords, Madrid 1870", "locationNotes": null, "notBeforeOpeningDate": null, "notAfterOpeningDate": null, "notBeforeClosingDate": null, "notAfterClosingDate": null, "inUseDate": null, "metalMinedGold": "FALSE", "metalMinedSilver": 1.0, "metalMinedLead": 1.0, "metalMinedCopper": 0.0, "metalMinedTin": 0.0, "metalMinedIron": 0.0, "metalMinedMercuryCinnabar": 0.0, "metalMinedZinc": 0.0, "metalMinedOther": 0.0, "description": null, "references": "Domergue 1990: 45", "techniqueOpencast": 0.0, "techniqueUnderground": 1.0, "techniqueHydraulic": "FALSE", "techniqueHushing": "FALSE", "techniqueGroundSluicing": "FALSE", "techniqueRuinaMontium": 0.0, "techniqueRakeComb": 0.0, "techniqueGoldWashing": 0.0, "techniqueOther": 0.0, "notes": null, "geology": "Hard rock", "depositType": null, "exploitationType": null, "Flag_Au_Oro": 0, "Status_Au_Oro": "No", "Flag_Ag_Plata": 1, "Status_Ag_Plata": "Confirmado", "Flag_Cu_Cobre": 0, "Status_Cu_Cobre": "No", "Flag_Pb_Plomo": 1, "Status_Pb_Plomo": "Confirmado", "Flag_Hg_Cinabrio": 0, "Status_Hg_Cinabrio": "No", "Flag_Sn_Estano": 0, "Status_Sn_Estano": "No", "Flag_Fe_Hierro": 0, "Status_Fe_Hierro": "No", "Tech_Ruina_Montium": 0, "Tech_Subterranea": 1, "Tech_Cielo_Abierto": 0, "Tech_Lavado_Placer": 0, "Certainty_Spatial": 1.0, "Certainty_Archaeological": 0.9, "Certainty_Metallogenic": 1.0, "Certainty_Score": 0.965, "Certainty_Grade": "Alta Certeza (Grado I)" }, "geometry": { "type": "Point", "coordinates": [ -3.65426655, 38.14071256 ] } },
{ "type": "Feature", "properties": { "mineID": 1279, "site": "San Serafín", "ancientName": null, "province": "Hispania Tarraconensis", "country": "Spain", "region": "Ciudad Real", "miningDistrict": "Alcudia", "romanianRANID": null, "sanchezPalenciaAndOrejasID": null, "domergueID": "CR 24", "spainMapSheet": 860.0, "lambertX": 532.0, "lambertY": 431.7, "latitude": 38.47973262, "longitude": -4.4678804, "coordinateAccuracy": 100.0, "locationDataSource": "Converted in QGIS from Lambert coords, Madrid 1870", "locationNotes": null, "notBeforeOpeningDate": null, "notAfterOpeningDate": null, "notBeforeClosingDate": null, "notAfterClosingDate": null, "inUseDate": null, "metalMinedGold": "FALSE", "metalMinedSilver": 1.0, "metalMinedLead": 1.0, "metalMinedCopper": 1.0, "metalMinedTin": 0.0, "metalMinedIron": 0.0, "metalMinedMercuryCinnabar": 0.0, "metalMinedZinc": 0.0, "metalMinedOther": 0.0, "description": null, "references": "Domergue 1990: 46", "techniqueOpencast": 0.0, "techniqueUnderground": 1.0, "techniqueHydraulic": "FALSE", "techniqueHushing": "FALSE", "techniqueGroundSluicing": "FALSE", "techniqueRuinaMontium": 0.0, "techniqueRakeComb": 0.0, "techniqueGoldWashing": 0.0, "techniqueOther": 0.0, "notes": null, "geology": null, "depositType": null, "exploitationType": null, "Flag_Au_Oro": 0, "Status_Au_Oro": "No", "Flag_Ag_Plata": 1, "Status_Ag_Plata": "Confirmado", "Flag_Cu_Cobre": 1, "Status_Cu_Cobre": "Confirmado", "Flag_Pb_Plomo": 1, "Status_Pb_Plomo": "Confirmado", "Flag_Hg_Cinabrio": 0, "Status_Hg_Cinabrio": "No", "Flag_Sn_Estano": 0, "Status_Sn_Estano": "No", "Flag_Fe_Hierro": 0, "Status_Fe_Hierro": "No", "Tech_Ruina_Montium": 0, "Tech_Subterranea": 1, "Tech_Cielo_Abierto": 0, "Tech_Lavado_Placer": 0, "Certainty_Spatial": 1.0, "Certainty_Archaeological": 0.9, "Certainty_Metallogenic": 1.0, "Certainty_Score": 0.965, "Certainty_Grade": "Alta Certeza (Grado I)" }, "geometry": { "type": "Point", "coordinates": [ -4.4678804, 38.47973262 ] } },
{ "type": "Feature", "properties": { "mineID": 1280, "site": "San Telmo", "ancientName": null, "province": "Hispania Baetica", "country": "Spain", "region": "Huelva", "miningDistrict": "Huelva", "romanianRANID": null, "sanchezPalenciaAndOrejasID": null, "domergueID": "H 26", "spainMapSheet": 937.0, "lambertX": 311.2, "lambertY": 361.0, "latitude": 37.79711712, "longitude": -6.96913343, "coordinateAccuracy": 100.0, "locationDataSource": "Converted in QGIS from Lambert coords, Madrid 1870", "locationNotes": null, "notBeforeOpeningDate": null, "notAfterOpeningDate": null, "notBeforeClosingDate": null, "notAfterClosingDate": null, "inUseDate": null, "metalMinedGold": "FALSE", "metalMinedSilver": 0.0, "metalMinedLead": 0.0, "metalMinedCopper": 1.0, "metalMinedTin": 0.0, "metalMinedIron": 0.0, "metalMinedMercuryCinnabar": 0.0, "metalMinedZinc": 0.0, "metalMinedOther": 0.0, "description": null, "references": "Domergue 1990: 62", "techniqueOpencast": 0.0, "techniqueUnderground": 1.0, "techniqueHydraulic": "FALSE", "techniqueHushing": "FALSE", "techniqueGroundSluicing": "FALSE", "techniqueRuinaMontium": 0.0, "techniqueRakeComb": 0.0, "techniqueGoldWashing": 0.0, "techniqueOther": 0.0, "notes": null, "geology": "Pyrite", "depositType": "Primary", "exploitationType": null, "Flag_Au_Oro": 0, "Status_Au_Oro": "No", "Flag_Ag_Plata": 0, "Status_Ag_Plata": "No", "Flag_Cu_Cobre": 1, "Status_Cu_Cobre": "Confirmado", "Flag_Pb_Plomo": 0, "Status_Pb_Plomo": "No", "Flag_Hg_Cinabrio": 0, "Status_Hg_Cinabrio": "No", "Flag_Sn_Estano": 0, "Status_Sn_Estano": "No", "Flag_Fe_Hierro": 0, "Status_Fe_Hierro": "No", "Tech_Ruina_Montium": 0, "Tech_Subterranea": 1, "Tech_Cielo_Abierto": 0, "Tech_Lavado_Placer": 0, "Certainty_Spatial": 1.0, "Certainty_Archaeological": 0.9, "Certainty_Metallogenic": 1.0, "Certainty_Score": 0.965, "Certainty_Grade": "Alta Certeza (Grado I)" }, "geometry": { "type": "Point", "coordinates": [ -6.96913343, 37.79711712 ] } },
{ "type": "Feature", "properties": { "mineID": 1283, "site": "Santa Bárbara", "ancientName": null, "province": "Hispania Baetica", "country": "Spain", "region": "Córdoba", "miningDistrict": "Azuaga-Fuenteovejuna", "romanianRANID": null, "sanchezPalenciaAndOrejasID": null, "domergueID": "CO 56", "spainMapSheet": 856.0, "lambertX": 439.6, "lambertY": 420.0, "latitude": 38.36202602, "longitude": -5.52470447, "coordinateAccuracy": 100.0, "locationDataSource": "Converted in QGIS from Lambert coords, Madrid 1870", "locationNotes": null, "notBeforeOpeningDate": null, "notAfterOpeningDate": null, "notBeforeClosingDate": null, "notAfterClosingDate": null, "inUseDate": null, "metalMinedGold": "FALSE", "metalMinedSilver": 1.0, "metalMinedLead": 1.0, "metalMinedCopper": 0.0, "metalMinedTin": 0.0, "metalMinedIron": 0.0, "metalMinedMercuryCinnabar": 0.0, "metalMinedZinc": 0.0, "metalMinedOther": 0.0, "description": null, "references": "Domergue 1990: 46", "techniqueOpencast": 0.0, "techniqueUnderground": 1.0, "techniqueHydraulic": "FALSE", "techniqueHushing": "FALSE", "techniqueGroundSluicing": "FALSE", "techniqueRuinaMontium": 0.0, "techniqueRakeComb": 0.0, "techniqueGoldWashing": 0.0, "techniqueOther": 0.0, "notes": null, "geology": "Hard rock", "depositType": "Primary", "exploitationType": null, "Flag_Au_Oro": 0, "Status_Au_Oro": "No", "Flag_Ag_Plata": 1, "Status_Ag_Plata": "Confirmado", "Flag_Cu_Cobre": 0, "Status_Cu_Cobre": "No", "Flag_Pb_Plomo": 1, "Status_Pb_Plomo": "Confirmado", "Flag_Hg_Cinabrio": 0, "Status_Hg_Cinabrio": "No", "Flag_Sn_Estano": 0, "Status_Sn_Estano": "No", "Flag_Fe_Hierro": 0, "Status_Fe_Hierro": "No", "Tech_Ruina_Montium": 0, "Tech_Subterranea": 1, "Tech_Cielo_Abierto": 0, "Tech_Lavado_Placer": 0, "Certainty_Spatial": 1.0, "Certainty_Archaeological": 0.9, "Certainty_Metallogenic": 1.0, "Certainty_Score": 0.965, "Certainty_Grade": "Alta Certeza (Grado I)" }, "geometry": { "type": "Point", "coordinates": [ -5.52470447, 38.36202602 ] } },
{ "type": "Feature", "properties": { "mineID": 1284, "site": "Santa Eufemia", "ancientName": null, "province": "Hispania Baetica", "country": "Spain", "region": "Córdoba", "miningDistrict": "Los Pedroches", "romanianRANID": null, "sanchezPalenciaAndOrejasID": null, "domergueID": "CO 102", "spainMapSheet": 833.0, "lambertX": 492.5, "lambertY": 449.5, "latitude": 38.63618847, "longitude": -4.92371766, "coordinateAccuracy": 100.0, "locationDataSource": "Converted in QGIS from Lambert coords, Madrid 1870", "locationNotes": null, "notBeforeOpeningDate": null, "notAfterOpeningDate": null, "notBeforeClosingDate": null, "notAfterClosingDate": null, "inUseDate": null, "metalMinedGold": "FALSE", "metalMinedSilver": 1.0, "metalMinedLead": 1.0, "metalMinedCopper": 0.0, "metalMinedTin": 0.0, "metalMinedIron": 0.0, "metalMinedMercuryCinnabar": 0.0, "metalMinedZinc": 0.0, "metalMinedOther": 0.0, "description": null, "references": "Domergue 1990: 48", "techniqueOpencast": 0.0, "techniqueUnderground": 1.0, "techniqueHydraulic": "FALSE", "techniqueHushing": "FALSE", "techniqueGroundSluicing": "FALSE", "techniqueRuinaMontium": 0.0, "techniqueRakeComb": 0.0, "techniqueGoldWashing": 0.0, "techniqueOther": 0.0, "notes": null, "geology": "Hard rock", "depositType": "Primary", "exploitationType": null, "Flag_Au_Oro": 0, "Status_Au_Oro": "No", "Flag_Ag_Plata": 1, "Status_Ag_Plata": "Confirmado", "Flag_Cu_Cobre": 0, "Status_Cu_Cobre": "No", "Flag_Pb_Plomo": 1, "Status_Pb_Plomo": "Confirmado", "Flag_Hg_Cinabrio": 0, "Status_Hg_Cinabrio": "No", "Flag_Sn_Estano": 0, "Status_Sn_Estano": "No", "Flag_Fe_Hierro": 0, "Status_Fe_Hierro": "No", "Tech_Ruina_Montium": 0, "Tech_Subterranea": 1, "Tech_Cielo_Abierto": 0, "Tech_Lavado_Placer": 0, "Certainty_Spatial": 1.0, "Certainty_Archaeological": 0.9, "Certainty_Metallogenic": 1.0, "Certainty_Score": 0.965, "Certainty_Grade": "Alta Certeza (Grado I)" }, "geometry": { "type": "Point", "coordinates": [ -4.92371766, 38.63618847 ] } },
{ "type": "Feature", "properties": { "mineID": 1293, "site": "Segunda Pepe", "ancientName": null, "province": "Hispania Baetica", "country": "Spain", "region": "Badajoz", "miningDistrict": "Azuaga-Fuenteovejuna", "romanianRANID": null, "sanchezPalenciaAndOrejasID": null, "domergueID": "BA 12", "spainMapSheet": 878.0, "lambertX": 427.8, "lambertY": 403.7, "latitude": 38.21283336, "longitude": -5.65566584, "coordinateAccuracy": 100.0, "locationDataSource": "Converted in QGIS from Lambert coords, Madrid 1870", "locationNotes": null, "notBeforeOpeningDate": null, "notAfterOpeningDate": null, "notBeforeClosingDate": null, "notAfterClosingDate": null, "inUseDate": null, "metalMinedGold": "FALSE", "metalMinedSilver": 1.0, "metalMinedLead": 1.0, "metalMinedCopper": 0.0, "metalMinedTin": 0.0, "metalMinedIron": 0.0, "metalMinedMercuryCinnabar": 0.0, "metalMinedZinc": 0.0, "metalMinedOther": 0.0, "description": null, "references": "Domergue 1990: 46", "techniqueOpencast": 0.0, "techniqueUnderground": 1.0, "techniqueHydraulic": "FALSE", "techniqueHushing": "FALSE", "techniqueGroundSluicing": "FALSE", "techniqueRuinaMontium": 0.0, "techniqueRakeComb": 0.0, "techniqueGoldWashing": 0.0, "techniqueOther": 0.0, "notes": null, "geology": "Hard rock", "depositType": "Primary", "exploitationType": null, "Flag_Au_Oro": 0, "Status_Au_Oro": "No", "Flag_Ag_Plata": 1, "Status_Ag_Plata": "Confirmado", "Flag_Cu_Cobre": 0, "Status_Cu_Cobre": "No", "Flag_Pb_Plomo": 1, "Status_Pb_Plomo": "Confirmado", "Flag_Hg_Cinabrio": 0, "Status_Hg_Cinabrio": "No", "Flag_Sn_Estano": 0, "Status_Sn_Estano": "No", "Flag_Fe_Hierro": 0, "Status_Fe_Hierro": "No", "Tech_Ruina_Montium": 0, "Tech_Subterranea": 1, "Tech_Cielo_Abierto": 0, "Tech_Lavado_Placer": 0, "Certainty_Spatial": 1.0, "Certainty_Archaeological": 0.9, "Certainty_Metallogenic": 1.0, "Certainty_Score": 0.965, "Certainty_Grade": "Alta Certeza (Grado I)" }, "geometry": { "type": "Point", "coordinates": [ -5.65566584, 38.21283336 ] } },
{ "type": "Feature", "properties": { "mineID": 1299, "site": "Sierra de Cartagena", "ancientName": null, "province": "Hispania Tarraconensis", "country": "Spain", "region": "Murcia", "miningDistrict": "Cartagena-Mazarrón", "romanianRANID": null, "sanchezPalenciaAndOrejasID": null, "domergueID": "MU 3", "spainMapSheet": 977.0, "lambertX": 849.8, "lambertY": 338.9, "latitude": 37.6100851, "longitude": -0.857490443, "coordinateAccuracy": 100.0, "locationDataSource": "Converted in QGIS from Lambert coords, Madrid 1870", "locationNotes": "need to add detail from sub-sites", "notBeforeOpeningDate": null, "notAfterOpeningDate": null, "notBeforeClosingDate": null, "notAfterClosingDate": null, "inUseDate": null, "metalMinedGold": "FALSE", "metalMinedSilver": 1.0, "metalMinedLead": 1.0, "metalMinedCopper": 1.0, "metalMinedTin": 1.0, "metalMinedIron": 1.0, "metalMinedMercuryCinnabar": 0.0, "metalMinedZinc": 0.0, "metalMinedOther": 0.0, "description": null, "references": "Domergue 1990: 64", "techniqueOpencast": 0.0, "techniqueUnderground": 1.0, "techniqueHydraulic": "FALSE", "techniqueHushing": "FALSE", "techniqueGroundSluicing": "FALSE", "techniqueRuinaMontium": 0.0, "techniqueRakeComb": 0.0, "techniqueGoldWashing": 0.0, "techniqueOther": 0.0, "notes": null, "geology": null, "depositType": null, "exploitationType": null, "Flag_Au_Oro": 0, "Status_Au_Oro": "No", "Flag_Ag_Plata": 1, "Status_Ag_Plata": "Confirmado", "Flag_Cu_Cobre": 1, "Status_Cu_Cobre": "Confirmado", "Flag_Pb_Plomo": 1, "Status_Pb_Plomo": "Confirmado", "Flag_Hg_Cinabrio": 0, "Status_Hg_Cinabrio": "No", "Flag_Sn_Estano": 1, "Status_Sn_Estano": "Confirmado", "Flag_Fe_Hierro": 1, "Status_Fe_Hierro": "Confirmado", "Tech_Ruina_Montium": 0, "Tech_Subterranea": 1, "Tech_Cielo_Abierto": 0, "Tech_Lavado_Placer": 0, "Certainty_Spatial": 1.0, "Certainty_Archaeological": 0.9, "Certainty_Metallogenic": 1.0, "Certainty_Score": 0.965, "Certainty_Grade": "Alta Certeza (Grado I)" }, "geometry": { "type": "Point", "coordinates": [ -0.857490443, 37.6100851 ] } },
{ "type": "Feature", "properties": { "mineID": 1304, "site": "Socorro", "ancientName": null, "province": "Hispania Tarraconensis", "country": "Spain", "region": "Ciudad Real", "miningDistrict": "Alcudia", "romanianRANID": null, "sanchezPalenciaAndOrejasID": null, "domergueID": "CR 29", "spainMapSheet": 837.0, "lambertX": 593.5, "lambertY": 440.0, "latitude": 38.55722606, "longitude": -3.76257372, "coordinateAccuracy": 100.0, "locationDataSource": "Converted in QGIS from Lambert coords, Madrid 1870", "locationNotes": null, "notBeforeOpeningDate": null, "notAfterOpeningDate": null, "notBeforeClosingDate": null, "notAfterClosingDate": null, "inUseDate": null, "metalMinedGold": "FALSE", "metalMinedSilver": 1.0, "metalMinedLead": 1.0, "metalMinedCopper": 1.0, "metalMinedTin": 0.0, "metalMinedIron": 0.0, "metalMinedMercuryCinnabar": 0.0, "metalMinedZinc": 0.0, "metalMinedOther": 0.0, "description": null, "references": "Domergue 1990: 46", "techniqueOpencast": 0.0, "techniqueUnderground": 1.0, "techniqueHydraulic": "FALSE", "techniqueHushing": "FALSE", "techniqueGroundSluicing": "FALSE", "techniqueRuinaMontium": 0.0, "techniqueRakeComb": 0.0, "techniqueGoldWashing": 0.0, "techniqueOther": 0.0, "notes": null, "geology": null, "depositType": null, "exploitationType": null, "Flag_Au_Oro": 0, "Status_Au_Oro": "No", "Flag_Ag_Plata": 1, "Status_Ag_Plata": "Confirmado", "Flag_Cu_Cobre": 1, "Status_Cu_Cobre": "Confirmado", "Flag_Pb_Plomo": 1, "Status_Pb_Plomo": "Confirmado", "Flag_Hg_Cinabrio": 0, "Status_Hg_Cinabrio": "No", "Flag_Sn_Estano": 0, "Status_Sn_Estano": "No", "Flag_Fe_Hierro": 0, "Status_Fe_Hierro": "No", "Tech_Ruina_Montium": 0, "Tech_Subterranea": 1, "Tech_Cielo_Abierto": 0, "Tech_Lavado_Placer": 0, "Certainty_Spatial": 1.0, "Certainty_Archaeological": 0.9, "Certainty_Metallogenic": 1.0, "Certainty_Score": 0.965, "Certainty_Grade": "Alta Certeza (Grado I)" }, "geometry": { "type": "Point", "coordinates": [ -3.76257372, 38.55722606 ] } },
{ "type": "Feature", "properties": { "mineID": 1305, "site": "Solana Ballesteros", "ancientName": null, "province": "Hispania Tarraconensis", "country": "Spain", "region": "Ciudad Real", "miningDistrict": "Alcudia", "romanianRANID": null, "sanchezPalenciaAndOrejasID": null, "domergueID": "CR 30", "spainMapSheet": 807.0, "lambertX": 498.5, "lambertY": 457.2, "latitude": 38.70634005, "longitude": -4.85591187, "coordinateAccuracy": 100.0, "locationDataSource": "Converted in QGIS from Lambert coords, Madrid 1870", "locationNotes": null, "notBeforeOpeningDate": null, "notAfterOpeningDate": null, "notBeforeClosingDate": null, "notAfterClosingDate": null, "inUseDate": null, "metalMinedGold": "FALSE", "metalMinedSilver": 1.0, "metalMinedLead": 1.0, "metalMinedCopper": 0.0, "metalMinedTin": 0.0, "metalMinedIron": 0.0, "metalMinedMercuryCinnabar": 0.0, "metalMinedZinc": 0.0, "metalMinedOther": 0.0, "description": null, "references": "Domergue 1990: 46", "techniqueOpencast": 0.0, "techniqueUnderground": 1.0, "techniqueHydraulic": "FALSE", "techniqueHushing": "FALSE", "techniqueGroundSluicing": "FALSE", "techniqueRuinaMontium": 0.0, "techniqueRakeComb": 0.0, "techniqueGoldWashing": 0.0, "techniqueOther": 0.0, "notes": null, "geology": null, "depositType": null, "exploitationType": null, "Flag_Au_Oro": 0, "Status_Au_Oro": "No", "Flag_Ag_Plata": 1, "Status_Ag_Plata": "Confirmado", "Flag_Cu_Cobre": 0, "Status_Cu_Cobre": "No", "Flag_Pb_Plomo": 1, "Status_Pb_Plomo": "Confirmado", "Flag_Hg_Cinabrio": 0, "Status_Hg_Cinabrio": "No", "Flag_Sn_Estano": 0, "Status_Sn_Estano": "No", "Flag_Fe_Hierro": 0, "Status_Fe_Hierro": "No", "Tech_Ruina_Montium": 0, "Tech_Subterranea": 1, "Tech_Cielo_Abierto": 0, "Tech_Lavado_Placer": 0, "Certainty_Spatial": 1.0, "Certainty_Archaeological": 0.9, "Certainty_Metallogenic": 1.0, "Certainty_Score": 0.965, "Certainty_Grade": "Alta Certeza (Grado I)" }, "geometry": { "type": "Point", "coordinates": [ -4.85591187, 38.70634005 ] } },
{ "type": "Feature", "properties": { "mineID": 1309, "site": "Sortijón del Cuzna", "ancientName": null, "province": "Hispania Baetica", "country": "Spain", "region": "Córdoba", "miningDistrict": "Los Pedroches", "romanianRANID": null, "sanchezPalenciaAndOrejasID": null, "domergueID": "CO 99", "spainMapSheet": 881.0, "lambertX": 499.0, "lambertY": 406.4, "latitude": 38.24841405, "longitude": -4.84258713, "coordinateAccuracy": 100.0, "locationDataSource": "Converted in QGIS from Lambert coords, Madrid 1870", "locationNotes": null, "notBeforeOpeningDate": null, "notAfterOpeningDate": null, "notBeforeClosingDate": null, "notAfterClosingDate": null, "inUseDate": null, "metalMinedGold": "FALSE", "metalMinedSilver": 1.0, "metalMinedLead": 1.0, "metalMinedCopper": 1.0, "metalMinedTin": 0.0, "metalMinedIron": 0.0, "metalMinedMercuryCinnabar": 0.0, "metalMinedZinc": 0.0, "metalMinedOther": 0.0, "description": null, "references": "Domergue 1990: 48", "techniqueOpencast": 0.0, "techniqueUnderground": 1.0, "techniqueHydraulic": "FALSE", "techniqueHushing": "FALSE", "techniqueGroundSluicing": "FALSE", "techniqueRuinaMontium": 0.0, "techniqueRakeComb": 0.0, "techniqueGoldWashing": 0.0, "techniqueOther": 0.0, "notes": null, "geology": "Hard rock", "depositType": "Primary", "exploitationType": null, "Flag_Au_Oro": 0, "Status_Au_Oro": "No", "Flag_Ag_Plata": 1, "Status_Ag_Plata": "Confirmado", "Flag_Cu_Cobre": 1, "Status_Cu_Cobre": "Confirmado", "Flag_Pb_Plomo": 1, "Status_Pb_Plomo": "Confirmado", "Flag_Hg_Cinabrio": 0, "Status_Hg_Cinabrio": "No", "Flag_Sn_Estano": 0, "Status_Sn_Estano": "No", "Flag_Fe_Hierro": 0, "Status_Fe_Hierro": "No", "Tech_Ruina_Montium": 0, "Tech_Subterranea": 1, "Tech_Cielo_Abierto": 0, "Tech_Lavado_Placer": 0, "Certainty_Spatial": 1.0, "Certainty_Archaeological": 0.9, "Certainty_Metallogenic": 1.0, "Certainty_Score": 0.965, "Certainty_Grade": "Alta Certeza (Grado I)" }, "geometry": { "type": "Point", "coordinates": [ -4.84258713, 38.24841405 ] } },
{ "type": "Feature", "properties": { "mineID": 1310, "site": "Sotiel Coronada", "ancientName": null, "province": "Hispania Baetica", "country": "Spain", "region": "Huelva", "miningDistrict": "Huelva", "romanianRANID": null, "sanchezPalenciaAndOrejasID": null, "domergueID": "H 20", "spainMapSheet": 959.0, "lambertX": 320.4, "lambertY": 338.7, "latitude": 37.59924828, "longitude": -6.85569731, "coordinateAccuracy": 100.0, "locationDataSource": "Converted in QGIS from Lambert coords, Madrid 1870", "locationNotes": null, "notBeforeOpeningDate": null, "notAfterOpeningDate": null, "notBeforeClosingDate": null, "notAfterClosingDate": null, "inUseDate": null, "metalMinedGold": "FALSE", "metalMinedSilver": 0.0, "metalMinedLead": 0.0, "metalMinedCopper": 1.0, "metalMinedTin": 0.0, "metalMinedIron": 0.0, "metalMinedMercuryCinnabar": 0.0, "metalMinedZinc": 0.0, "metalMinedOther": 0.0, "description": "A large Roman mine noted for its many shafts - 100 twin shafts and 50 single shafts. To drain the mines water-lifting devices were used; remains of an Archimedes screw and a pump have been found. Smelting activities produced an estimated 40,000 tons of slag.", "references": "Domergue 1990: 62; Hirt 2010: 39.", "techniqueOpencast": 0.0, "techniqueUnderground": 1.0, "techniqueHydraulic": "FALSE", "techniqueHushing": "FALSE", "techniqueGroundSluicing": "FALSE", "techniqueRuinaMontium": 0.0, "techniqueRakeComb": 0.0, "techniqueGoldWashing": 0.0, "techniqueOther": 0.0, "notes": null, "geology": "Pyrite", "depositType": "PrimaǾ䀀", "exploitationType": null, "Flag_Au_Oro": 0, "Status_Au_Oro": "No", "Flag_Ag_Plata": 0, "Status_Ag_Plata": "No", "Flag_Cu_Cobre": 1, "Status_Cu_Cobre": "Confirmado", "Flag_Pb_Plomo": 0, "Status_Pb_Plomo": "No", "Flag_Hg_Cinabrio": 0, "Status_Hg_Cinabrio": "No", "Flag_Sn_Estano": 0, "Status_Sn_Estano": "No", "Flag_Fe_Hierro": 0, "Status_Fe_Hierro": "No", "Tech_Ruina_Montium": 0, "Tech_Subterranea": 1, "Tech_Cielo_Abierto": 0, "Tech_Lavado_Placer": 0, "Certainty_Spatial": 1.0, "Certainty_Archaeological": 0.9, "Certainty_Metallogenic": 1.0, "Certainty_Score": 0.965, "Certainty_Grade": "Alta Certeza (Grado I)" }, "geometry": { "type": "Point", "coordinates": [ -6.85569731, 37.59924828 ] } },
{ "type": "Feature", "properties": { "mineID": 1316, "site": "Sultana", "ancientName": null, "province": "Hispania Baetica", "country": "Spain", "region": "Huelva", "miningDistrict": "Huelva", "romanianRANID": null, "sanchezPalenciaAndOrejasID": null, "domergueID": "H 17", "spainMapSheet": 918.0, "lambertX": 372.2, "lambertY": 377.8, "latitude": 37.966594, "longitude": -6.2820794, "coordinateAccuracy": 100.0, "locationDataSource": "Converted in QGIS from Lambert coords, Madrid 1870", "locationNotes": null, "notBeforeOpeningDate": null, "notAfterOpeningDate": null, "notBeforeClosingDate": null, "notAfterClosingDate": null, "inUseDate": null, "metalMinedGold": "?", "metalMinedSilver": 0.0, "metalMinedLead": 0.0, "metalMinedCopper": 1.0, "metalMinedTin": 0.0, "metalMinedIron": 0.0, "metalMinedMercuryCinnabar": 0.0, "metalMinedZinc": 0.0, "metalMinedOther": 0.0, "description": null, "references": "Domergue 1990: 61", "techniqueOpencast": 0.0, "techniqueUnderground": 1.0, "techniqueHydraulic": "FALSE", "techniqueHushing": "FALSE", "techniqueGroundSluicing": "FALSE", "techniqueRuinaMontium": 0.0, "techniqueRakeComb": 0.0, "techniqueGoldWashing": 0.0, "techniqueOther": 0.0, "notes": null, "geology": "Pyrite", "depositType": "Primary", "exploitationType": null, "Flag_Au_Oro": 1, "Status_Au_Oro": "Hipotetico", "Flag_Ag_Plata": 0, "Status_Ag_Plata": "No", "Flag_Cu_Cobre": 1, "Status_Cu_Cobre": "Confirmado", "Flag_Pb_Plomo": 0, "Status_Pb_Plomo": "No", "Flag_Hg_Cinabrio": 0, "Status_Hg_Cinabrio": "No", "Flag_Sn_Estano": 0, "Status_Sn_Estano": "No", "Flag_Fe_Hierro": 0, "Status_Fe_Hierro": "No", "Tech_Ruina_Montium": 0, "Tech_Subterranea": 1, "Tech_Cielo_Abierto": 0, "Tech_Lavado_Placer": 0, "Certainty_Spatial": 1.0, "Certainty_Archaeological": 0.9, "Certainty_Metallogenic": 1.0, "Certainty_Score": 0.965, "Certainty_Grade": "Alta Certeza (Grado I)" }, "geometry": { "type": "Point", "coordinates": [ -6.2820794, 37.966594 ] } },
{ "type": "Feature", "properties": { "mineID": 1323, "site": "Tharsis", "ancientName": null, "province": "Hispania Baetica", "country": "Spain", "region": "Huelva", "miningDistrict": "Huelva", "romanianRANID": null, "sanchezPalenciaAndOrejasID": null, "domergueID": "H 12", "spainMapSheet": 959.0, "lambertX": 297.8, "lambertY": 339.1, "latitude": 37.59532133, "longitude": -7.11167808, "coordinateAccuracy": 100.0, "locationDataSource": "Converted in QGIS from Lambert coords, Madrid 1870", "locationNotes": null, "notBeforeOpeningDate": null, "notAfterOpeningDate": null, "notBeforeClosingDate": null, "notAfterClosingDate": null, "inUseDate": null, "metalMinedGold": "?", "metalMinedSilver": 1.0, "metalMinedLead": 0.0, "metalMinedCopper": 1.0, "metalMinedTin": 0.0, "metalMinedIron": 0.0, "metalMinedMercuryCinnabar": 0.0, "metalMinedZinc": 0.0, "metalMinedOther": 0.0, "description": "Extraction started at Tharsis in the Iron Age, circa 2500 BC. The zenith of production was under Trajan but coins which have been found suggest mining could have continued until AD 350. The site has large slag piles and an estimated 4,000,000 tonnes of slag were produced. Other finds include remains of a water wheel with a rope still attached. After the Visigoths invaded the difficulty in draining the mine may have made it unworkable and been the cause of its closure.", "references": "Domergue 1990: 62; Domergue 2004: 87-105.", "techniqueOpencast": 0.0, "techniqueUnderground": 1.0, "techniqueHydraulic": "FALSE", "techniqueHushing": "FALSE", "techniqueGroundSluicing": "FALSE", "techniqueRuinaMontium": 0.0, "techniqueRakeComb": 0.0, "techniqueGoldWashing": 0.0, "techniqueOther": 0.0, "notes": null, "geology": "Pyrite", "depositType": "Primary", "exploitationType": null, "Flag_Au_Oro": 1, "Status_Au_Oro": "Hipotetico", "Flag_Ag_Plata": 1, "Status_Ag_Plata": "Confirmado", "Flag_Cu_Cobre": 1, "Status_Cu_Cobre": "Confirmado", "Flag_Pb_Plomo": 0, "Status_Pb_Plomo": "No", "Flag_Hg_Cinabrio": 0, "Status_Hg_Cinabrio": "No", "Flag_Sn_Estano": 0, "Status_Sn_Estano": "No", "Flag_Fe_Hierro": 0, "Status_Fe_Hierro": "No", "Tech_Ruina_Montium": 0, "Tech_Subterranea": 1, "Tech_Cielo_Abierto": 0, "Tech_Lavado_Placer": 0, "Certainty_Spatial": 1.0, "Certainty_Archaeological": 0.9, "Certainty_Metallogenic": 1.0, "Certainty_Score": 0.965, "Certainty_Grade": "Alta Certeza (Grado I)" }, "geometry": { "type": "Point", "coordinates": [ -7.11167808, 37.59532133 ] } },
{ "type": "Feature", "properties": { "mineID": 1327, "site": "Torril de Medioduro", "ancientName": null, "province": "Hispania Baetica", "country": "Spain", "region": "Córdoba", "miningDistrict": "Los Pedroches", "romanianRANID": null, "sanchezPalenciaAndOrejasID": null, "domergueID": "CO 14", "spainMapSheet": 858.0, "lambertX": 493.2, "lambertY": 422.8, "latitude": 38.39556253, "longitude": -4.91145894, "coordinateAccuracy": 100.0, "locationDataSource": "Converted in QGIS from Lambert coords, Madrid 1870", "locationNotes": null, "notBeforeOpeningDate": null, "notAfterOpeningDate": null, "notBeforeClosingDate": null, "notAfterClosingDate": null, "inUseDate": null, "metalMinedGold": "FALSE", "metalMinedSilver": 0.0, "metalMinedLead": 0.0, "metalMinedCopper": 1.0, "metalMinedTin": 0.0, "metalMinedIron": 0.0, "metalMinedMercuryCinnabar": 0.0, "metalMinedZinc": 0.0, "metalMinedOther": 0.0, "description": null, "references": "Domergue 1990: 47", "techniqueOpencast": 0.0, "techniqueUnderground": 1.0, "techniqueHydraulic": "FALSE", "techniqueHushing": "FALSE", "techniqueGroundSluicing": "FALSE", "techniqueRuinaMontium": 0.0, "techniqueRakeComb": 0.0, "techniqueGoldWashing": 0.0, "techniqueOther": 0.0, "notes": null, "geology": "Hard rock", "depositType": "Primary", "exploitationType": null, "Flag_Au_Oro": 0, "Status_Au_Oro": "No", "Flag_Ag_Plata": 0, "Status_Ag_Plata": "No", "Flag_Cu_Cobre": 1, "Status_Cu_Cobre": "Confirmado", "Flag_Pb_Plomo": 0, "Status_Pb_Plomo": "No", "Flag_Hg_Cinabrio": 0, "Status_Hg_Cinabrio": "No", "Flag_Sn_Estano": 0, "Status_Sn_Estano": "No", "Flag_Fe_Hierro": 0, "Status_Fe_Hierro": "No", "Tech_Ruina_Montium": 0, "Tech_Subterranea": 1, "Tech_Cielo_Abierto": 0, "Tech_Lavado_Placer": 0, "Certainty_Spatial": 1.0, "Certainty_Archaeological": 0.9, "Certainty_Metallogenic": 1.0, "Certainty_Score": 0.965, "Certainty_Grade": "Alta Certeza (Grado I)" }, "geometry": { "type": "Point", "coordinates": [ -4.91145894, 38.39556253 ] } },
{ "type": "Feature", "properties": { "mineID": 1350, "site": "Valdeconejos", "ancientName": null, "province": "Hispania Tarraconensis", "country": "Spain", "region": "Zamorra", "miningDistrict": "Trás-os-montes", "romanianRANID": null, "sanchezPalenciaAndOrejasID": null, "domergueID": "ZA 2", "spainMapSheet": 339.0, "lambertX": 404.2, "lambertY": 794.2, "latitude": 41.72724956, "longitude": -6.043106115, "coordinateAccuracy": 100.0, "locationDataSource": "Converted in QGIS from Lambert coords, Madrid 1870", "locationNotes": null, "notBeforeOpeningDate": null, "notAfterOpeningDate": null, "notBeforeClosingDate": null, "notAfterClosingDate": null, "inUseDate": null, "metalMinedGold": "FALSE", "metalMinedSilver": 1.0, "metalMinedLead": 1.0, "metalMinedCopper": 0.0, "metalMinedTin": 0.0, "metalMinedIron": 0.0, "metalMinedMercuryCinnabar": 0.0, "metalMinedZinc": 0.0, "metalMinedOther": 0.0, "description": null, "references": "Domergue 1990: 41", "techniqueOpencast": 0.0, "techniqueUnderground": 1.0, "techniqueHydraulic": "FALSE", "techniqueHushing": "FALSE", "techniqueGroundSluicing": "FALSE", "techniqueRuinaMontium": 0.0, "techniqueRakeComb": 0.0, "techniqueGoldWashing": 0.0, "techniqueOther": 0.0, "notes": null, "geology": "Hard rock", "depositType": null, "exploitationType": null, "Flag_Au_Oro": 0, "Status_Au_Oro": "No", "Flag_Ag_Plata": 1, "Status_Ag_Plata": "Confirmado", "Flag_Cu_Cobre": 0, "Status_Cu_Cobre": "No", "Flag_Pb_Plomo": 1, "Status_Pb_Plomo": "Confirmado", "Flag_Hg_Cinabrio": 0, "Status_Hg_Cinabrio": "No", "Flag_Sn_Estano": 0, "Status_Sn_Estano": "No", "Flag_Fe_Hierro": 0, "Status_Fe_Hierro": "No", "Tech_Ruina_Montium": 0, "Tech_Subterranea": 1, "Tech_Cielo_Abierto": 0, "Tech_Lavado_Placer": 0, "Certainty_Spatial": 1.0, "Certainty_Archaeological": 0.9, "Certainty_Metallogenic": 1.0, "Certainty_Score": 0.965, "Certainty_Grade": "Alta Certeza (Grado I)" }, "geometry": { "type": "Point", "coordinates": [ -6.043106115, 41.72724956 ] } },
{ "type": "Feature", "properties": { "mineID": 1355, "site": "Valdeinfierno", "ancientName": null, "province": "Hispania Tarraconensis", "country": "Spain", "region": "Jaén", "miningDistrict": "Linares - La Carolina", "romanianRANID": null, "sanchezPalenciaAndOrejasID": null, "domergueID": "J 15", "spainMapSheet": 884.0, "lambertX": 609.6, "lambertY": 398.2, "latitude": 38.18033163, "longitude": -3.57829937, "coordinateAccuracy": 100.0, "locationDataSource": "Converted in QGIS from Lambert coords, Madrid 1870", "locationNotes": null, "notBeforeOpeningDate": null, "notAfterOpeningDate": null, "notBeforeClosingDate": null, "notAfterClosingDate": null, "inUseDate": null, "metalMinedGold": "FALSE", "metalMinedSilver": 1.0, "metalMinedLead": 1.0, "metalMinedCopper": 0.0, "metalMinedTin": 0.0, "metalMinedIron": 0.0, "metalMinedMercuryCinnabar": 0.0, "metalMinedZinc": 0.0, "metalMinedOther": 0.0, "description": null, "references": "Domergue 1990: 45", "techniqueOpencast": 0.0, "techniqueUnderground": 1.0, "techniqueHydraulic": "FALSE", "techniqueHushing": "FALSE", "techniqueGroundSluicing": "FALSE", "techniqueRuinaMontium": 0.0, "techniqueRakeComb": 0.0, "techniqueGoldWashing": 0.0, "techniqueOther": 0.0, "notes": null, "geology": null, "depositType": null, "exploitationType": null, "Flag_Au_Oro": 0, "Status_Au_Oro": "No", "Flag_Ag_Plata": 1, "Status_Ag_Plata": "Confirmado", "Flag_Cu_Cobre": 0, "Status_Cu_Cobre": "No", "Flag_Pb_Plomo": 1, "Status_Pb_Plomo": "Confirmado", "Flag_Hg_Cinabrio": 0, "Status_Hg_Cinabrio": "No", "Flag_Sn_Estano": 0, "Status_Sn_Estano": "No", "Flag_Fe_Hierro": 0, "Status_Fe_Hierro": "No", "Tech_Ruina_Montium": 0, "Tech_Subterranea": 1, "Tech_Cielo_Abierto": 0, "Tech_Lavado_Placer": 0, "Certainty_Spatial": 1.0, "Certainty_Archaeological": 0.9, "Certainty_Metallogenic": 1.0, "Certainty_Score": 0.965, "Certainty_Grade": "Alta Certeza (Grado I)" }, "geometry": { "type": "Point", "coordinates": [ -3.57829937, 38.18033163 ] } },
{ "type": "Feature", "properties": { "mineID": 1377, "site": "Valquemado", "ancientName": null, "province": "Hispania Baetica", "country": "Spain", "region": "Jaén", "miningDistrict": "Montoro Andújar", "romanianRANID": null, "sanchezPalenciaAndOrejasID": null, "domergueID": "J 1", "spainMapSheet": 883.0, "lambertX": 556.4, "lambertY": 403.7, "latitude": 38.22887108, "longitude": -4.18623123, "coordinateAccuracy": 100.0, "locationDataSource": "Converted in QGIS from Lambert coords, Madrid 1870", "locationNotes": null, "notBeforeOpeningDate": null, "notAfterOpeningDate": null, "notBeforeClosingDate": null, "notAfterClosingDate": null, "inUseDate": null, "metalMinedGold": "FALSE", "metalMinedSilver": 0.0, "metalMinedLead": 0.0, "metalMinedCopper": 1.0, "metalMinedTin": 0.0, "metalMinedIron": 0.0, "metalMinedMercuryCinnabar": 0.0, "metalMinedZinc": 0.0, "metalMinedOther": 0.0, "description": null, "references": "Domergue 1990: 47", "techniqueOpencast": 0.0, "techniqueUnderground": 1.0, "techniqueHydraulic": "FALSE", "techniqueHushing": "FALSE", "techniqueGroundSluicing": "FALSE", "techniqueRuinaMontium": 0.0, "techniqueRakeComb": 0.0, "techniqueGoldWashing": 0.0, "techniqueOther": 0.0, "notes": null, "geology": "Hard rock", "depositType": null, "exploitationType": null, "Flag_Au_Oro": 0, "Status_Au_Oro": "No", "Flag_Ag_Plata": 0, "Status_Ag_Plata": "No", "Flag_Cu_Cobre": 1, "Status_Cu_Cobre": "Confirmado", "Flag_Pb_Plomo": 0, "Status_Pb_Plomo": "No", "Flag_Hg_Cinabrio": 0, "Status_Hg_Cinabrio": "No", "Flag_Sn_Estano": 0, "Status_Sn_Estano": "No", "Flag_Fe_Hierro": 0, "Status_Fe_Hierro": "No", "Tech_Ruina_Montium": 0, "Tech_Subterranea": 1, "Tech_Cielo_Abierto": 0, "Tech_Lavado_Placer": 0, "Certainty_Spatial": 1.0, "Certainty_Archaeological": 0.9, "Certainty_Metallogenic": 1.0, "Certainty_Score": 0.965, "Certainty_Grade": "Alta Certeza (Grado I)" }, "geometry": { "type": "Point", "coordinates": [ -4.18623123, 38.22887108 ] } },
{ "type": "Feature", "properties": { "mineID": 1392, "site": "Venta Quemada", "ancientName": null, "province": "Hispania Tarraconensis", "country": "Spain", "region": "Jaén", "miningDistrict": "Linares - La Carolina", "romanianRANID": null, "sanchezPalenciaAndOrejasID": null, "domergueID": "J 18", "spainMapSheet": 884.0, "lambertX": 608.5, "lambertY": 414.5, "latitude": 38.32729724, "longitude": -3.59065906, "coordinateAccuracy": 100.0, "locationDataSource": "Converted in QGIS from Lambert coords, Madrid 1870", "locationNotes": null, "notBeforeOpeningDate": null, "notAfterOpeningDate": null, "notBeforeClosingDate": null, "notAfterClosingDate": null, "inUseDate": null, "metalMinedGold": "FALSE", "metalMinedSilver": 1.0, "metalMinedLead": 1.0, "metalMinedCopper": 0.0, "metalMinedTin": 0.0, "metalMinedIron": 0.0, "metalMinedMercuryCinnabar": 0.0, "metalMinedZinc": 0.0, "metalMinedOther": 0.0, "description": null, "references": "Domergue 1990: 45", "techniqueOpencast": 0.0, "techniqueUnderground": 1.0, "techniqueHydraulic": "FALSE", "techniqueHushing": "FALSE", "techniqueGroundSluicing": "FALSE", "techniqueRuinaMontium": 0.0, "techniqueRakeComb": 0.0, "techniqueGoldWashing": 0.0, "techniqueOther": 0.0, "notes": null, "geology": "Hard rock", "depositType": "Primary", "exploitationType": null, "Flag_Au_Oro": 0, "Status_Au_Oro": "No", "Flag_Ag_Plata": 1, "Status_Ag_Plata": "Confirmado", "Flag_Cu_Cobre": 0, "Status_Cu_Cobre": "No", "Flag_Pb_Plomo": 1, "Status_Pb_Plomo": "Confirmado", "Flag_Hg_Cinabrio": 0, "Status_Hg_Cinabrio": "No", "Flag_Sn_Estano": 0, "Status_Sn_Estano": "No", "Flag_Fe_Hierro": 0, "Status_Fe_Hierro": "No", "Tech_Ruina_Montium": 0, "Tech_Subterranea": 1, "Tech_Cielo_Abierto": 0, "Tech_Lavado_Placer": 0, "Certainty_Spatial": 1.0, "Certainty_Archaeological": 0.9, "Certainty_Metallogenic": 1.0, "Certainty_Score": 0.965, "Certainty_Grade": "Alta Certeza (Grado I)" }, "geometry": { "type": "Point", "coordinates": [ -3.59065906, 38.32729724 ] } },
{ "type": "Feature", "properties": { "mineID": 1393, "site": "Venus", "ancientName": null, "province": "Hispania Baetica", "country": "Spain", "region": "Badajoz", "miningDistrict": "Azuaga-Fuenteovejuna", "romanianRANID": null, "sanchezPalenciaAndOrejasID": null, "domergueID": "BA 16", "spainMapSheet": 878.0, "lambertX": 432.3, "lambertY": 400.0, "latitude": 38.18036786, "longitude": -5.60335206, "coordinateAccuracy": 100.0, "locationDataSource": "Converted in QGIS from Lambert coords, Madrid 1870", "locationNotes": null, "notBeforeOpeningDate": null, "notAfterOpeningDate": null, "notBeforeClosingDate": null, "notAfterClosingDate": null, "inUseDate": null, "metalMinedGold": "FALSE", "metalMinedSilver": 1.0, "metalMinedLead": 1.0, "metalMinedCopper": 0.0, "metalMinedTin": 0.0, "metalMinedIron": 0.0, "metalMinedMercuryCinnabar": 0.0, "metalMinedZinc": 0.0, "metalMinedOther": 0.0, "description": null, "references": "Domergue 1990: 46", "techniqueOpencast": 0.0, "techniqueUnderground": 1.0, "techniqueHydraulic": "FALSE", "techniqueHushing": "FALSE", "techniqueGroundSluicing": "FALSE", "techniqueRuinaMontium": 0.0, "techniqueRakeComb": 0.0, "techniqueGoldWashing": 0.0, "techniqueOther": 0.0, "notes": null, "geology": "Hard rock", "depositType": "Primary", "exploitationType": null, "Flag_Au_Oro": 0, "Status_Au_Oro": "No", "Flag_Ag_Plata": 1, "Status_Ag_Plata": "Confirmado", "Flag_Cu_Cobre": 0, "Status_Cu_Cobre": "No", "Flag_Pb_Plomo": 1, "Status_Pb_Plomo": "Confirmado", "Flag_Hg_Cinabrio": 0, "Status_Hg_Cinabrio": "No", "Flag_Sn_Estano": 0, "Status_Sn_Estano": "No", "Flag_Fe_Hierro": 0, "Status_Fe_Hierro": "No", "Tech_Ruina_Montium": 0, "Tech_Subterranea": 1, "Tech_Cielo_Abierto": 0, "Tech_Lavado_Placer": 0, "Certainty_Spatial": 1.0, "Certainty_Archaeological": 0.9, "Certainty_Metallogenic": 1.0, "Certainty_Score": 0.965, "Certainty_Grade": "Alta Certeza (Grado I)" }, "geometry": { "type": "Point", "coordinates": [ -5.60335206, 38.18036786 ] } },
{ "type": "Feature", "properties": { "mineID": 1394, "site": "Vicaria", "ancientName": null, "province": "Hispania Baetica", "country": "Spain", "region": "Badajoz", "miningDistrict": "Huelva", "romanianRANID": null, "sanchezPalenciaAndOrejasID": null, "domergueID": "BA 31", "spainMapSheet": 897.0, "lambertX": 367.0, "lambertY": 383.0, "latitude": 38.01206989, "longitude": -6.34302469, "coordinateAccuracy": 100.0, "locationDataSource": "Converted in QGIS from Lambert coords, Madrid 1870", "locationNotes": null, "notBeforeOpeningDate": null, "notAfterOpeningDate": null, "notBeforeClosingDate": null, "notAfterClosingDate": null, "inUseDate": null, "metalMinedGold": "FALSE", "metalMinedSilver": 0.0, "metalMinedLead": 0.0, "metalMinedCopper": 1.0, "metalMinedTin": 0.0, "metalMinedIron": 0.0, "metalMinedMercuryCinnabar": 0.0, "metalMinedZinc": 0.0, "metalMinedOther": 0.0, "description": null, "references": "Domergue 1990: 61", "techniqueOpencast": 0.0, "techniqueUnderground": 1.0, "techniqueHydraulic": "FALSE", "techniqueHushing": "FALSE", "techniqueGroundSluicing": "FALSE", "techniqueRuinaMontium": 0.0, "techniqueRakeComb": 0.0, "techniqueGoldWashing": 0.0, "techniqueOther": 0.0, "notes": null, "geology": "Hard rock", "depositType": "Primary", "exploitationType": null, "Flag_Au_Oro": 0, "Status_Au_Oro": "No", "Flag_Ag_Plata": 0, "Status_Ag_Plata": "No", "Flag_Cu_Cobre": 1, "Status_Cu_Cobre": "Confirmado", "Flag_Pb_Plomo": 0, "Status_Pb_Plomo": "No", "Flag_Hg_Cinabrio": 0, "Status_Hg_Cinabrio": "No", "Flag_Sn_Estano": 0, "Status_Sn_Estano": "No", "Flag_Fe_Hierro": 0, "Status_Fe_Hierro": "No", "Tech_Ruina_Montium": 0, "Tech_Subterranea": 1, "Tech_Cielo_Abierto": 0, "Tech_Lavado_Placer": 0, "Certainty_Spatial": 1.0, "Certainty_Archaeological": 0.9, "Certainty_Metallogenic": 1.0, "Certainty_Score": 0.965, "Certainty_Grade": "Alta Certeza (Grado I)" }, "geometry": { "type": "Point", "coordinates": [ -6.34302469, 38.01206989 ] } },
{ "type": "Feature", "properties": { "mineID": 1417, "site": "Vulcano (Huelva)", "ancientName": null, "province": "Hispania Baetica", "country": "Spain", "region": "Huelva", "miningDistrict": "Huelva", "romanianRANID": null, "sanchezPalenciaAndOrejasID": null, "domergueID": "H 13", "spainMapSheet": 959.0, "lambertX": 297.5, "lambertY": 337.4, "latitude": 37.57990684, "longitude": -7.11433356, "coordinateAccuracy": 100.0, "locationDataSource": "Converted in QGIS from Lambert coords, Madrid 1870", "locationNotes": null, "notBeforeOpeningDate": null, "notAfterOpeningDate": null, "notBeforeClosingDate": null, "notAfterClosingDate": null, "inUseDate": null, "metalMinedGold": "FALSE", "metalMinedSilver": 0.0, "metalMinedLead": 0.0, "metalMinedCopper": 1.0, "metalMinedTin": 0.0, "metalMinedIron": 0.0, "metalMinedMercuryCinnabar": 0.0, "metalMinedZinc": 0.0, "metalMinedOther": 0.0, "description": null, "references": "Domergue 1990: 62", "techniqueOpencast": 0.0, "techniqueUnderground": 1.0, "techniqueHydraulic": "FALSE", "techniqueHushing": "FALSE", "techniqueGroundSluicing": "FALSE", "techniqueRuinaMontium": 0.0, "techniqueRakeComb": 0.0, "techniqueGoldWashing": 0.0, "techniqueOther": 0.0, "notes": null, "geology": "Pyrite", "depositType": "Primary", "exploitationType": null, "Flag_Au_Oro": 0, "Status_Au_Oro": "No", "Flag_Ag_Plata": 0, "Status_Ag_Plata": "No", "Flag_Cu_Cobre": 1, "Status_Cu_Cobre": "Confirmado", "Flag_Pb_Plomo": 0, "Status_Pb_Plomo": "No", "Flag_Hg_Cinabrio": 0, "Status_Hg_Cinabrio": "No", "Flag_Sn_Estano": 0, "Status_Sn_Estano": "No", "Flag_Fe_Hierro": 0, "Status_Fe_Hierro": "No", "Tech_Ruina_Montium": 0, "Tech_Subterranea": 1, "Tech_Cielo_Abierto": 0, "Tech_Lavado_Placer": 0, "Certainty_Spatial": 1.0, "Certainty_Archaeological": 0.9, "Certainty_Metallogenic": 1.0, "Certainty_Score": 0.965, "Certainty_Grade": "Alta Certeza (Grado I)" }, "geometry": { "type": "Point", "coordinates": [ -7.11433356, 37.57990684 ] } },
{ "type": "Feature", "properties": { "mineID": 1437, "site": "Munigua", "ancientName": null, "province": "Hispania Baetica", "country": "Spain", "region": null, "miningDistrict": null, "romanianRANID": null, "sanchezPalenciaAndOrejasID": null, "domergueID": null, "spainMapSheet": null, "lambertX": null, "lambertY": null, "latitude": 37.71323, "longitude": -5.740789, "coordinateAccuracy": 1000.0, "locationDataSource": "Google Earth (site of ancient town)", "locationNotes": null, "notBeforeOpeningDate": null, "notAfterOpeningDate": null, "notBeforeClosingDate": null, "notAfterClosingDate": null, "inUseDate": "4th c. BC to 2nd/3rd c. AD (?)", "metalMinedGold": "FALSE", "metalMinedSilver": 0.0, "metalMinedLead": 0.0, "metalMinedCopper": 1.0, "metalMinedTin": 0.0, "metalMinedIron": 1.0, "metalMinedMercuryCinnabar": 0.0, "metalMinedZinc": 0.0, "metalMinedOther": 0.0, "description": null, "references": "Thomas G. Schattner, various articles; http://www.haaretz.com/archaeology/1.774629", "techniqueOpencast": 0.0, "techniqueUnderground": 1.0, "techniqueHydraulic": "FALSE", "techniqueHushing": "FALSE", "techniqueGroundSluicing": "FALSE", "techniqueRuinaMontium": 0.0, "techniqueRakeComb": 0.0, "techniqueGoldWashing": 0.0, "techniqueOther": 0.0, "notes": null, "geology": null, "depositType": null, "exploitationType": null, "Flag_Au_Oro": 0, "Status_Au_Oro": "No", "Flag_Ag_Plata": 0, "Status_Ag_Plata": "No", "Flag_Cu_Cobre": 1, "Status_Cu_Cobre": "Confirmado", "Flag_Pb_Plomo": 0, "Status_Pb_Plomo": "No", "Flag_Hg_Cinabrio": 0, "Status_Hg_Cinabrio": "No", "Flag_Sn_Estano": 0, "Status_Sn_Estano": "No", "Flag_Fe_Hierro": 1, "Status_Fe_Hierro": "Confirmado", "Tech_Ruina_Montium": 0, "Tech_Subterranea": 1, "Tech_Cielo_Abierto": 0, "Tech_Lavado_Placer": 0, "Certainty_Spatial": 0.7, "Certainty_Archaeological": 0.75, "Certainty_Metallogenic": 1.0, "Certainty_Score": 0.7925, "Certainty_Grade": "Media Certeza (Grado II)" }, "geometry": { "type": "Point", "coordinates": [ -5.740789, 37.71323 ] } },
{ "type": "Feature", "properties": { "mineID": 1631, "site": "Três Minas - Corta de Ribeirinha", "ancientName": null, "province": "Hispania Tarraconensis", "country": "Portugal", "region": "Vila Real", "miningDistrict": "Trás-os-montes", "romanianRANID": null, "sanchezPalenciaAndOrejasID": "NP-09", "domergueID": "POR 45", "spainMapSheet": 75.0, "lambertX": 251.3, "lambertY": 502.9, "latitude": 41.49378078, "longitude": -7.518805876, "coordinateAccuracy": 0.0, "locationDataSource": "Google Earth", "locationNotes": null, "notBeforeOpeningDate": -20.0, "notAfterOpeningDate": 150.0, "notBeforeClosingDate": 170.0, "notAfterClosingDate": 230.0, "inUseDate": null, "metalMinedGold": "TRUE", "metalMinedSilver": 0.0, "metalMinedLead": 0.0, "metalMinedCopper": 0.0, "metalMinedTin": 0.0, "metalMinedIron": 0.0, "metalMinedMercuryCinnabar": 0.0, "metalMinedZinc": 0.0, "metalMinedOther": 0.0, "description": "Work started shortly after conquest in the 1st century BC then lasted until the 3rd century AD. Corta de Ribeirinha, large opencast 370 m in length, 2.5 million m³ removed,  Traces of firesetting at the base. Underground galleries for ore extraction, and prospection. Peak extraction dates to first half of second century AD. Anvil stones from Roman water-powered ore-crushing machines have been found.", "references": "Domergue 1990: 41; Wahl 1993: 123-157; Sanchez-Palencia and Orejas 1994, 198", "techniqueOpencast": 1.0, "techniqueUnderground": 1.0, "techniqueHydraulic": "FALSE", "techniqueHushing": "FALSE", "techniqueGroundSluicing": "FALSE", "techniqueRuinaMontium": 0.0, "techniqueRakeComb": 0.0, "techniqueGoldWashing": 0.0, "techniqueOther": 0.0, "notes": "Ore-crushing anvils from machines", "geology": "Hard rock", "depositType": "Primary", "exploitationType": "Extensive", "Flag_Au_Oro": 1, "Status_Au_Oro": "Confirmado", "Flag_Ag_Plata": 0, "Status_Ag_Plata": "No", "Flag_Cu_Cobre": 0, "Status_Cu_Cobre": "No", "Flag_Pb_Plomo": 0, "Status_Pb_Plomo": "No", "Flag_Hg_Cinabrio": 0, "Status_Hg_Cinabrio": "No", "Flag_Sn_Estano": 0, "Status_Sn_Estano": "No", "Flag_Fe_Hierro": 0, "Status_Fe_Hierro": "No", "Tech_Ruina_Montium": 0, "Tech_Subterranea": 1, "Tech_Cielo_Abierto": 1, "Tech_Lavado_Placer": 0, "Certainty_Spatial": 1.0, "Certainty_Archaeological": 1.0, "Certainty_Metallogenic": 1.0, "Certainty_Score": 1.0, "Certainty_Grade": "Alta Certeza (Grado I)" }, "geometry": { "type": "Point", "coordinates": [ -7.518805876, 41.49378078 ] } },
{ "type": "Feature", "properties": { "mineID": 1632, "site": "Três Minas - Lagoinhos", "ancientName": null, "province": "Hispania Tarraconensis", "country": "Portugal", "region": "Vila Real", "miningDistrict": "Trás-os-montes", "romanianRANID": null, "sanchezPalenciaAndOrejasID": "NP-09", "domergueID": "POR 45", "spainMapSheet": 75.0, "lambertX": 251.3, "lambertY": 502.9, "latitude": 41.49318, "longitude": -7.514978, "coordinateAccuracy": 0.0, "locationDataSource": "Google Earth", "locationNotes": null, "notBeforeOpeningDate": -20.0, "notAfterOpeningDate": 150.0, "notBeforeClosingDate": 170.0, "notAfterClosingDate": 230.0, "inUseDate": null, "metalMinedGold": "TRUE", "metalMinedSilver": 0.0, "metalMinedLead": 0.0, "metalMinedCopper": 0.0, "metalMinedTin": 0.0, "metalMinedIron": 0.0, "metalMinedMercuryCinnabar": 0.0, "metalMinedZinc": 0.0, "metalMinedOther": 0.0, "description": "A large underground exploitation chamber, whose roof has collapsed so that it now resembles an opencast. Further prospection galleries, shafts, and underground workings.", "references": "Domergue 1990: 41; Wahl 1993: 123-157; Sanchez-Palencia and Orejas 1994, 198", "techniqueOpencast": 0.0, "techniqueUnderground": 1.0, "techniqueHydraulic": "FALSE", "techniqueHushing": "FALSE", "techniqueGroundSluicing": "FALSE", "techniqueRuinaMontium": 0.0, "techniqueRakeComb": 0.0, "techniqueGoldWashing": 0.0, "techniqueOther": 0.0, "notes": "Ore-crushing anvils from machines", "geology": "Hard rock", "depositType": "Primary", "exploitationType": "Extensive", "Flag_Au_Oro": 1, "Status_Au_Oro": "Confirmado", "Flag_Ag_Plata": 0, "Status_Ag_Plata": "No", "Flag_Cu_Cobre": 0, "Status_Cu_Cobre": "No", "Flag_Pb_Plomo": 0, "Status_Pb_Plomo": "No", "Flag_Hg_Cinabrio": 0, "Status_Hg_Cinabrio": "No", "Flag_Sn_Estano": 0, "Status_Sn_Estano": "No", "Flag_Fe_Hierro": 0, "Status_Fe_Hierro": "No", "Tech_Ruina_Montium": 0, "Tech_Subterranea": 1, "Tech_Cielo_Abierto": 0, "Tech_Lavado_Placer": 0, "Certainty_Spatial": 1.0, "Certainty_Archaeological": 1.0, "Certainty_Metallogenic": 1.0, "Certainty_Score": 1.0, "Certainty_Grade": "Alta Certeza (Grado I)" }, "geometry": { "type": "Point", "coordinates": [ -7.514978, 41.49318 ] } },
{ "type": "Feature", "properties": { "mineID": 1634, "site": "Forno dos Mouros", "ancientName": null, "province": "Hispania Tarraconensis", "country": "Portugal", "region": "Vila Real", "miningDistrict": "Trás-os-montes", "romanianRANID": null, "sanchezPalenciaAndOrejasID": null, "domergueID": null, "spainMapSheet": null, "lambertX": null, "lambertY": null, "latitude": 41.471817, "longitude": -7.56867, "coordinateAccuracy": null, "locationDataSource": "Google Earth", "locationNotes": null, "notBeforeOpeningDate": null, "notAfterOpeningDate": null, "notBeforeClosingDate": null, "notAfterClosingDate": null, "inUseDate": null, "metalMinedGold": "TRUE", "metalMinedSilver": 0.0, "metalMinedLead": 0.0, "metalMinedCopper": 0.0, "metalMinedTin": 0.0, "metalMinedIron": 0.0, "metalMinedMercuryCinnabar": 0.0, "metalMinedZinc": 0.0, "metalMinedOther": 0.0, "description": "Mining dumps and a large spread of slag from smelting, together with ore-crushing anvils, indicating an underground mine whose entrance remains obscured by vegetations.", "references": null, "techniqueOpencast": 0.0, "techniqueUnderground": 1.0, "techniqueHydraulic": "FALSE", "techniqueHushing": "FALSE", "techniqueGroundSluicing": "FALSE", "techniqueRuinaMontium": 0.0, "techniqueRakeComb": 0.0, "techniqueGoldWashing": 0.0, "techniqueOther": 0.0, "notes": "Ore-crushing anvils from machines", "geology": "Hard rock", "depositType": "Primary", "exploitationType": null, "Flag_Au_Oro": 1, "Status_Au_Oro": "Confirmado", "Flag_Ag_Plata": 0, "Status_Ag_Plata": "No", "Flag_Cu_Cobre": 0, "Status_Cu_Cobre": "No", "Flag_Pb_Plomo": 0, "Status_Pb_Plomo": "No", "Flag_Hg_Cinabrio": 0, "Status_Hg_Cinabrio": "No", "Flag_Sn_Estano": 0, "Status_Sn_Estano": "No", "Flag_Fe_Hierro": 0, "Status_Fe_Hierro": "No", "Tech_Ruina_Montium": 0, "Tech_Subterranea": 1, "Tech_Cielo_Abierto": 0, "Tech_Lavado_Placer": 0, "Certainty_Spatial": 0.5, "Certainty_Archaeological": 0.4, "Certainty_Metallogenic": 1.0, "Certainty_Score": 0.59, "Certainty_Grade": "Baja Certeza / Exploratoria (Grado III)" }, "geometry": { "type": "Point", "coordinates": [ -7.56867, 41.471817 ] } },
{ "type": "Feature", "properties": { "mineID": 1776, "site": "Las Ferreiruscas", "ancientName": null, "province": "Hispania Tarraconensis", "country": "Spain", "region": "León", "miningDistrict": null, "romanianRANID": null, "sanchezPalenciaAndOrejasID": null, "domergueID": null, "spainMapSheet": null, "lambertX": null, "lambertY": null, "latitude": 42.4237, "longitude": -6.81653, "coordinateAccuracy": 500.0, "locationDataSource": "https://www.dices.net/espana/movil/mapa-Leon-Ferreiruscas-136182", "locationNotes": "In (or very near to) Puente de Domingo Flórez.", "notBeforeOpeningDate": null, "notAfterOpeningDate": null, "notBeforeClosingDate": null, "notAfterClosingDate": null, "inUseDate": "Roman", "metalMinedGold": "TRUE", "metalMinedSilver": 0.0, "metalMinedLead": 0.0, "metalMinedCopper": 0.0, "metalMinedTin": 0.0, "metalMinedIron": 0.0, "metalMinedMercuryCinnabar": 0.0, "metalMinedZinc": 0.0, "metalMinedOther": 0.0, "description": "Underground mine with a chamber covering about 30 m2 and three galleries leading off it. Waste dumps outside. Discovered in 2022.", "references": "https://astures.es/descubierta-una-nueva-mina-de-oro-romana-en-leon-las-ferreiruscas/", "techniqueOpencast": 0.0, "techniqueUnderground": 1.0, "techniqueHydraulic": "FALSE", "techniqueHushing": "FALSE", "techniqueGroundSluicing": "FALSE", "techniqueRuinaMontium": 0.0, "techniqueRakeComb": 0.0, "techniqueGoldWashing": 0.0, "techniqueOther": 0.0, "notes": null, "geology": null, "depositType": null, "exploitationType": null, "Flag_Au_Oro": 1, "Status_Au_Oro": "Confirmado", "Flag_Ag_Plata": 0, "Status_Ag_Plata": "No", "Flag_Cu_Cobre": 0, "Status_Cu_Cobre": "No", "Flag_Pb_Plomo": 0, "Status_Pb_Plomo": "No", "Flag_Hg_Cinabrio": 0, "Status_Hg_Cinabrio": "No", "Flag_Sn_Estano": 0, "Status_Sn_Estano": "No", "Flag_Fe_Hierro": 0, "Status_Fe_Hierro": "No", "Tech_Ruina_Montium": 0, "Tech_Subterranea": 1, "Tech_Cielo_Abierto": 0, "Tech_Lavado_Placer": 0, "Certainty_Spatial": 0.85, "Certainty_Archaeological": 0.75, "Certainty_Metallogenic": 1.0, "Certainty_Score": 0.8525, "Certainty_Grade": "Alta Certeza (Grado I)" }, "geometry": { "type": "Point", "coordinates": [ -6.81653, 42.4237 ] } },
{ "type": "Feature", "properties": { "mineID": 1777, "site": "Salas de la Ribera", "ancientName": null, "province": "Hispania Tarraconensis", "country": "Spain", "region": "León", "miningDistrict": null, "romanianRANID": null, "sanchezPalenciaAndOrejasID": null, "domergueID": null, "spainMapSheet": null, "lambertX": null, "lambertY": null, "latitude": 42.432746, "longitude": -6.80394886, "coordinateAccuracy": 1000.0, "locationDataSource": "Guessed from description.", "locationNotes": "North of Puente de Domingo Flórez on the bank of the Sil.", "notBeforeOpeningDate": null, "notAfterOpeningDate": null, "notBeforeClosingDate": null, "notAfterClosingDate": null, "inUseDate": "Roman", "metalMinedGold": "TRUE", "metalMinedSilver": 0.0, "metalMinedLead": 0.0, "metalMinedCopper": 0.0, "metalMinedTin": 0.0, "metalMinedIron": 0.0, "metalMinedMercuryCinnabar": 0.0, "metalMinedZinc": 0.0, "metalMinedOther": 0.0, "description": "Underground mine with several connected galleries, some up to 2 m in height. Discovered in 2023 (reported 14 August 2023). Alluvial mine in old river terrace so earth from the underground mine had to be taken out to be washed outside the mine.", "references": "https://astures.es/descubierta-una-nueva-mina-de-oro-romana-en-leon-las-ferreiruscas/", "techniqueOpencast": 0.0, "techniqueUnderground": 1.0, "techniqueHydraulic": "FALSE", "techniqueHushing": "FALSE", "techniqueGroundSluicing": "FALSE", "techniqueRuinaMontium": 0.0, "techniqueRakeComb": 0.0, "techniqueGoldWashing": 1.0, "techniqueOther": 0.0, "notes": null, "geology": null, "depositType": null, "exploitationType": null, "Flag_Au_Oro": 1, "Status_Au_Oro": "Confirmado", "Flag_Ag_Plata": 0, "Status_Ag_Plata": "No", "Flag_Cu_Cobre": 0, "Status_Cu_Cobre": "No", "Flag_Pb_Plomo": 0, "Status_Pb_Plomo": "No", "Flag_Hg_Cinabrio": 0, "Status_Hg_Cinabrio": "No", "Flag_Sn_Estano": 0, "Status_Sn_Estano": "No", "Flag_Fe_Hierro": 0, "Status_Fe_Hierro": "No", "Tech_Ruina_Montium": 0, "Tech_Subterranea": 1, "Tech_Cielo_Abierto": 0, "Tech_Lavado_Placer": 1, "Certainty_Spatial": 0.7, "Certainty_Archaeological": 0.75, "Certainty_Metallogenic": 1.0, "Certainty_Score": 0.7925, "Certainty_Grade": "Media Certeza (Grado II)" }, "geometry": { "type": "Point", "coordinates": [ -6.80394886, 42.432746 ] } }
]
}
