{
"type": "FeatureCollection",
"name": "OxREP_Hispania_Pb_Plomo",
"crs": { "type": "name", "properties": { "name": "urn:ogc:def:crs:OGC:1.3:CRS84" } },
"features": [
{ "type": "Feature", "properties": { "mineID": 29, "site": "Malhada", "ancientName": null, "province": "Hispania Tarraconensis", "country": "Portugal", "region": "Aveiro", "miningDistrict": "Beiras", "romanianRANID": null, "sanchezPalenciaAndOrejasID": null, "domergueID": "POR 1", "spainMapSheet": 175.0, "lambertX": 177.4, "lambertY": 419.2, "latitude": 40.74143642, "longitude": -8.400695101, "coordinateAccuracy": null, "locationDataSource": null, "locationNotes": null, "notBeforeOpeningDate": null, "notAfterOpeningDate": null, "notBeforeClosingDate": null, "notAfterClosingDate": null, "inUseDate": null, "metalMinedGold": "FALSE", "metalMinedSilver": 1.0, "metalMinedLead": 1.0, "metalMinedCopper": 0.0, "metalMinedTin": 0.0, "metalMinedIron": 0.0, "metalMinedMercuryCinnabar": 0.0, "metalMinedZinc": 0.0, "metalMinedOther": 0.0, "description": null, "references": "Domergue 1990: 42", "techniqueOpencast": 0.0, "techniqueUnderground": 1.0, "techniqueHydraulic": "FALSE", "techniqueHushing": "FALSE", "techniqueGroundSluicing": "FALSE", "techniqueRuinaMontium": 0.0, "techniqueRakeComb": 0.0, "techniqueGoldWashing": 0.0, "techniqueOther": 0.0, "notes": null, "geology": "Hard rock", "depositType": null, "exploitationType": null, "Flag_Au_Oro": 0, "Status_Au_Oro": "No", "Flag_Ag_Plata": 1, "Status_Ag_Plata": "Confirmado", "Flag_Cu_Cobre": 0, "Status_Cu_Cobre": "No", "Flag_Pb_Plomo": 1, "Status_Pb_Plomo": "Confirmado", "Flag_Hg_Cinabrio": 0, "Status_Hg_Cinabrio": "No", "Flag_Sn_Estano": 0, "Status_Sn_Estano": "No", "Flag_Fe_Hierro": 0, "Status_Fe_Hierro": "No", "Tech_Ruina_Montium": 0, "Tech_Subterranea": 1, "Tech_Cielo_Abierto": 0, "Tech_Lavado_Placer": 0, "Certainty_Spatial": 0.5, "Certainty_Archaeological": 0.9, "Certainty_Metallogenic": 1.0, "Certainty_Score": 0.765, "Certainty_Grade": "Media Certeza (Grado II)" }, "geometry": { "type": "Point", "coordinates": [ -8.400695101, 40.74143642 ] } },
{ "type": "Feature", "properties": { "mineID": 430, "site": "Barranco Hondillo", "ancientName": null, "province": "Hispania Baetica", "country": "Spain", "region": "Jaén", "miningDistrict": null, "romanianRANID": null, "sanchezPalenciaAndOrejasID": null, "domergueID": "J 27", "spainMapSheet": 863.0, "lambertX": 643.2, "lambertY": 420.5, "latitude": 38.38035345, "longitude": -3.19315217, "coordinateAccuracy": 100.0, "locationDataSource": "Converted in QGIS from Lambert coords, Madrid 1870", "locationNotes": null, "notBeforeOpeningDate": null, "notAfterOpeningDate": null, "notBeforeClosingDate": null, "notAfterClosingDate": null, "inUseDate": null, "metalMinedGold": "FALSE", "metalMinedSilver": 1.0, "metalMinedLead": 1.0, "metalMinedCopper": 0.0, "metalMinedTin": 0.0, "metalMinedIron": 0.0, "metalMinedMercuryCinnabar": 0.0, "metalMinedZinc": 0.0, "metalMinedOther": 0.0, "description": null, "references": "Domergue 1990: 49", "techniqueOpencast": null, "techniqueUnderground": null, "techniqueHydraulic": "FALSE", "techniqueHushing": "FALSE", "techniqueGroundSluicing": "FALSE", "techniqueRuinaMontium": 0.0, "techniqueRakeComb": 0.0, "techniqueGoldWashing": 0.0, "techniqueOther": null, "notes": null, "geology": "Hard rock", "depositType": "Primary", "exploitationType": null, "Flag_Au_Oro": 0, "Status_Au_Oro": "No", "Flag_Ag_Plata": 1, "Status_Ag_Plata": "Confirmado", "Flag_Cu_Cobre": 0, "Status_Cu_Cobre": "No", "Flag_Pb_Plomo": 1, "Status_Pb_Plomo": "Confirmado", "Flag_Hg_Cinabrio": 0, "Status_Hg_Cinabrio": "No", "Flag_Sn_Estano": 0, "Status_Sn_Estano": "No", "Flag_Fe_Hierro": 0, "Status_Fe_Hierro": "No", "Tech_Ruina_Montium": 0, "Tech_Subterranea": 0, "Tech_Cielo_Abierto": 0, "Tech_Lavado_Placer": 0, "Certainty_Spatial": 1.0, "Certainty_Archaeological": 0.9, "Certainty_Metallogenic": 1.0, "Certainty_Score": 0.965, "Certainty_Grade": "Alta Certeza (Grado I)" }, "geometry": { "type": "Point", "coordinates": [ -3.19315217, 38.38035345 ] } },
{ "type": "Feature", "properties": { "mineID": 432, "site": "Barrio Nuevo", "ancientName": null, "province": "Hispania Baetica", "country": "Spain", "region": "Badajoz", "miningDistrict": "La Serena", "romanianRANID": null, "sanchezPalenciaAndOrejasID": null, "domergueID": "BA 41", "spainMapSheet": 805.0, "lambertX": 438.5, "lambertY": 465.3, "latitude": 38.770177, "longitude": -5.54812106, "coordinateAccuracy": 100.0, "locationDataSource": "Converted in QGIS from Lambert coords, Madrid 1870", "locationNotes": null, "notBeforeOpeningDate": null, "notAfterOpeningDate": null, "notBeforeClosingDate": null, "notAfterClosingDate": null, "inUseDate": null, "metalMinedGold": "FALSE", "metalMinedSilver": 1.0, "metalMinedLead": 1.0, "metalMinedCopper": 0.0, "metalMinedTin": 0.0, "metalMinedIron": 0.0, "metalMinedMercuryCinnabar": 0.0, "metalMinedZinc": 0.0, "metalMinedOther": 0.0, "description": null, "references": "Domergue 1990: 45", "techniqueOpencast": null, "techniqueUnderground": null, "techniqueHydraulic": "FALSE", "techniqueHushing": "FALSE", "techniqueGroundSluicing": "FALSE", "techniqueRuinaMontium": 0.0, "techniqueRakeComb": 0.0, "techniqueGoldWashing": 0.0, "techniqueOther": null, "notes": null, "geology": "Hard rock", "depositType": "Primary", "exploitationType": null, "Flag_Au_Oro": 0, "Status_Au_Oro": "No", "Flag_Ag_Plata": 1, "Status_Ag_Plata": "Confirmado", "Flag_Cu_Cobre": 0, "Status_Cu_Cobre": "No", "Flag_Pb_Plomo": 1, "Status_Pb_Plomo": "Confirmado", "Flag_Hg_Cinabrio": 0, "Status_Hg_Cinabrio": "No", "Flag_Sn_Estano": 0, "Status_Sn_Estano": "No", "Flag_Fe_Hierro": 0, "Status_Fe_Hierro": "No", "Tech_Ruina_Montium": 0, "Tech_Subterranea": 0, "Tech_Cielo_Abierto": 0, "Tech_Lavado_Placer": 0, "Certainty_Spatial": 1.0, "Certainty_Archaeological": 0.9, "Certainty_Metallogenic": 1.0, "Certainty_Score": 0.965, "Certainty_Grade": "Alta Certeza (Grado I)" }, "geometry": { "type": "Point", "coordinates": [ -5.54812106, 38.770177 ] } },
{ "type": "Feature", "properties": { "mineID": 441, "site": "Buñola", "ancientName": null, "province": "Hispania Tarraconensis", "country": "Spain", "region": "Balearics", "miningDistrict": "Balearics", "romanianRANID": null, "sanchezPalenciaAndOrejasID": null, "domergueID": "PM 1", "spainMapSheet": 670.0, "lambertX": 1147.0, "lambertY": 586.9, "latitude": 39.70497528, "longitude": 2.703042203, "coordinateAccuracy": 100.0, "locationDataSource": "Converted in QGIS from Lambert coords, Madrid 1870", "locationNotes": null, "notBeforeOpeningDate": null, "notAfterOpeningDate": null, "notBeforeClosingDate": null, "notAfterClosingDate": null, "inUseDate": null, "metalMinedGold": "FALSE", "metalMinedSilver": 1.0, "metalMinedLead": 1.0, "metalMinedCopper": 0.0, "metalMinedTin": 0.0, "metalMinedIron": 0.0, "metalMinedMercuryCinnabar": 0.0, "metalMinedZinc": 0.0, "metalMinedOther": 0.0, "description": null, "references": "Domergue 1990: 64", "techniqueOpencast": null, "techniqueUnderground": null, "techniqueHydraulic": "FALSE", "techniqueHushing": "FALSE", "techniqueGroundSluicing": "FALSE", "techniqueRuinaMontium": 0.0, "techniqueRakeComb": 0.0, "techniqueGoldWashing": 0.0, "techniqueOther": null, "notes": null, "geology": null, "depositType": null, "exploitationType": null, "Flag_Au_Oro": 0, "Status_Au_Oro": "No", "Flag_Ag_Plata": 1, "Status_Ag_Plata": "Confirmado", "Flag_Cu_Cobre": 0, "Status_Cu_Cobre": "No", "Flag_Pb_Plomo": 1, "Status_Pb_Plomo": "Confirmado", "Flag_Hg_Cinabrio": 0, "Status_Hg_Cinabrio": "No", "Flag_Sn_Estano": 0, "Status_Sn_Estano": "No", "Flag_Fe_Hierro": 0, "Status_Fe_Hierro": "No", "Tech_Ruina_Montium": 0, "Tech_Subterranea": 0, "Tech_Cielo_Abierto": 0, "Tech_Lavado_Placer": 0, "Certainty_Spatial": 1.0, "Certainty_Archaeological": 0.9, "Certainty_Metallogenic": 1.0, "Certainty_Score": 0.965, "Certainty_Grade": "Alta Certeza (Grado I)" }, "geometry": { "type": "Point", "coordinates": [ 2.703042203, 39.70497528 ] } },
{ "type": "Feature", "properties": { "mineID": 446, "site": "Cabezas del Pasto", "ancientName": null, "province": "Hispania Baetica", "country": "Spain", "region": "Huelva", "miningDistrict": "Huelva", "romanianRANID": null, "sanchezPalenciaAndOrejasID": null, "domergueID": "H 39", "spainMapSheet": 958.0, "lambertX": 278.4, "lambertY": 341.3, "latitude": 37.6082037, "longitude": -7.33224915, "coordinateAccuracy": 100.0, "locationDataSource": "Converted in QGIS from Lambert coords, Madrid 1870", "locationNotes": null, "notBeforeOpeningDate": null, "notAfterOpeningDate": null, "notBeforeClosingDate": null, "notAfterClosingDate": null, "inUseDate": null, "metalMinedGold": "FALSE", "metalMinedSilver": 1.0, "metalMinedLead": 1.0, "metalMinedCopper": 1.0, "metalMinedTin": 0.0, "metalMinedIron": 0.0, "metalMinedMercuryCinnabar": 0.0, "metalMinedZinc": 0.0, "metalMinedOther": 0.0, "description": null, "references": "Domergue 1990: 62", "techniqueOpencast": 0.0, "techniqueUnderground": 1.0, "techniqueHydraulic": "FALSE", "techniqueHushing": "FALSE", "techniqueGroundSluicing": "FALSE", "techniqueRuinaMontium": 0.0, "techniqueRakeComb": 0.0, "techniqueGoldWashing": 0.0, "techniqueOther": 0.0, "notes": null, "geology": "Pyrite", "depositType": "Primary", "exploitationType": null, "Flag_Au_Oro": 0, "Status_Au_Oro": "No", "Flag_Ag_Plata": 1, "Status_Ag_Plata": "Confirmado", "Flag_Cu_Cobre": 1, "Status_Cu_Cobre": "Confirmado", "Flag_Pb_Plomo": 1, "Status_Pb_Plomo": "Confirmado", "Flag_Hg_Cinabrio": 0, "Status_Hg_Cinabrio": "No", "Flag_Sn_Estano": 0, "Status_Sn_Estano": "No", "Flag_Fe_Hierro": 0, "Status_Fe_Hierro": "No", "Tech_Ruina_Montium": 0, "Tech_Subterranea": 1, "Tech_Cielo_Abierto": 0, "Tech_Lavado_Placer": 0, "Certainty_Spatial": 1.0, "Certainty_Archaeological": 0.9, "Certainty_Metallogenic": 1.0, "Certainty_Score": 0.965, "Certainty_Grade": "Alta Certeza (Grado I)" }, "geometry": { "type": "Point", "coordinates": [ -7.33224915, 37.6082037 ] } },
{ "type": "Feature", "properties": { "mineID": 450, "site": "Cabezo Rajado", "ancientName": null, "province": "Hispania Tarraconensis", "country": "Spain", "region": "Murcia", "miningDistrict": "Cartagena-Mazarrón", "romanianRANID": null, "sanchezPalenciaAndOrejasID": null, "domergueID": "MU 4", "spainMapSheet": 977.0, "lambertX": 846.0, "lambertY": 339.5, "latitude": 37.61656939, "longitude": -0.900306875, "coordinateAccuracy": 100.0, "locationDataSource": "Converted in QGIS from Lambert coords, Madrid 1870", "locationNotes": null, "notBeforeOpeningDate": null, "notAfterOpeningDate": null, "notBeforeClosingDate": null, "notAfterClosingDate": null, "inUseDate": null, "metalMinedGold": "FALSE", "metalMinedSilver": 1.0, "metalMinedLead": 1.0, "metalMinedCopper": 0.0, "metalMinedTin": 0.0, "metalMinedIron": 0.0, "metalMinedMercuryCinnabar": 0.0, "metalMinedZinc": 0.0, "metalMinedOther": 0.0, "description": null, "references": "Domergue 1990: 64", "techniqueOpencast": 0.0, "techniqueUnderground": 1.0, "techniqueHydraulic": "FALSE", "techniqueHushing": "FALSE", "techniqueGroundSluicing": "FALSE", "techniqueRuinaMontium": 0.0, "techniqueRakeComb": 0.0, "techniqueGoldWashing": 0.0, "techniqueOther": 0.0, "notes": null, "geology": null, "depositType": null, "exploitationType": null, "Flag_Au_Oro": 0, "Status_Au_Oro": "No", "Flag_Ag_Plata": 1, "Status_Ag_Plata": "Confirmado", "Flag_Cu_Cobre": 0, "Status_Cu_Cobre": "No", "Flag_Pb_Plomo": 1, "Status_Pb_Plomo": "Confirmado", "Flag_Hg_Cinabrio": 0, "Status_Hg_Cinabrio": "No", "Flag_Sn_Estano": 0, "Status_Sn_Estano": "No", "Flag_Fe_Hierro": 0, "Status_Fe_Hierro": "No", "Tech_Ruina_Montium": 0, "Tech_Subterranea": 1, "Tech_Cielo_Abierto": 0, "Tech_Lavado_Placer": 0, "Certainty_Spatial": 1.0, "Certainty_Archaeological": 0.9, "Certainty_Metallogenic": 1.0, "Certainty_Score": 0.965, "Certainty_Grade": "Alta Certeza (Grado I)" }, "geometry": { "type": "Point", "coordinates": [ -0.900306875, 37.61656939 ] } },
{ "type": "Feature", "properties": { "mineID": 452, "site": "Cádiz", "ancientName": null, "province": "Hispania Baetica", "country": "Spain", "region": "Córdoba", "miningDistrict": "Posadas", "romanianRANID": null, "sanchezPalenciaAndOrejasID": null, "domergueID": "CO 83", "spainMapSheet": 943.0, "lambertX": 477.3, "lambertY": 359.7, "latitude": 37.82466729, "longitude": -5.08227721, "coordinateAccuracy": 100.0, "locationDataSource": "Converted in QGIS from Lambert coords, Madrid 1870", "locationNotes": null, "notBeforeOpeningDate": null, "notAfterOpeningDate": null, "notBeforeClosingDate": null, "notAfterClosingDate": null, "inUseDate": null, "metalMinedGold": "FALSE", "metalMinedSilver": 1.0, "metalMinedLead": 1.0, "metalMinedCopper": 0.0, "metalMinedTin": 0.0, "metalMinedIron": 0.0, "metalMinedMercuryCinnabar": 0.0, "metalMinedZinc": 0.0, "metalMinedOther": 0.0, "description": null, "references": "Domergue 1990: 45", "techniqueOpencast": null, "techniqueUnderground": null, "techniqueHydraulic": "FALSE", "techniqueHushing": "FALSE", "techniqueGroundSluicing": "FALSE", "techniqueRuinaMontium": 0.0, "techniqueRakeComb": 0.0, "techniqueGoldWashing": 0.0, "techniqueOther": null, "notes": null, "geology": "Hard rock", "depositType": "Primary", "exploitationType": null, "Flag_Au_Oro": 0, "Status_Au_Oro": "No", "Flag_Ag_Plata": 1, "Status_Ag_Plata": "Confirmado", "Flag_Cu_Cobre": 0, "Status_Cu_Cobre": "No", "Flag_Pb_Plomo": 1, "Status_Pb_Plomo": "Confirmado", "Flag_Hg_Cinabrio": 0, "Status_Hg_Cinabrio": "No", "Flag_Sn_Estano": 0, "Status_Sn_Estano": "No", "Flag_Fe_Hierro": 0, "Status_Fe_Hierro": "No", "Tech_Ruina_Montium": 0, "Tech_Subterranea": 0, "Tech_Cielo_Abierto": 0, "Tech_Lavado_Placer": 0, "Certainty_Spatial": 1.0, "Certainty_Archaeological": 0.9, "Certainty_Metallogenic": 1.0, "Certainty_Score": 0.965, "Certainty_Grade": "Alta Certeza (Grado I)" }, "geometry": { "type": "Point", "coordinates": [ -5.08227721, 37.82466729 ] } },
{ "type": "Feature", "properties": { "mineID": 453, "site": "Cala Reona", "ancientName": null, "province": "Hispania Tarraconensis", "country": "Spain", "region": "Murcia", "miningDistrict": "Cartagena-Mazarrón", "romanianRANID": null, "sanchezPalenciaAndOrejasID": null, "domergueID": "MU 7", "spainMapSheet": 978.0, "lambertX": 862.0, "lambertY": 339.9, "latitude": 37.61551691, "longitude": -0.718976529, "coordinateAccuracy": 100.0, "locationDataSource": "Converted in QGIS from Lambert coords, Madrid 1870", "locationNotes": null, "notBeforeOpeningDate": null, "notAfterOpeningDate": null, "notBeforeClosingDate": null, "notAfterClosingDate": null, "inUseDate": null, "metalMinedGold": "FALSE", "metalMinedSilver": 1.0, "metalMinedLead": 1.0, "metalMinedCopper": 1.0, "metalMinedTin": 0.0, "metalMinedIron": 0.0, "metalMinedMercuryCinnabar": 0.0, "metalMinedZinc": 0.0, "metalMinedOther": 0.0, "description": null, "references": "Domergue 1990: 64", "techniqueOpencast": null, "techniqueUnderground": null, "techniqueHydraulic": "FALSE", "techniqueHushing": "FALSE", "techniqueGroundSluicing": "FALSE", "techniqueRuinaMontium": 0.0, "techniqueRakeComb": 0.0, "techniqueGoldWashing": 0.0, "techniqueOther": null, "notes": null, "geology": null, "depositType": null, "exploitationType": null, "Flag_Au_Oro": 0, "Status_Au_Oro": "No", "Flag_Ag_Plata": 1, "Status_Ag_Plata": "Confirmado", "Flag_Cu_Cobre": 1, "Status_Cu_Cobre": "Confirmado", "Flag_Pb_Plomo": 1, "Status_Pb_Plomo": "Confirmado", "Flag_Hg_Cinabrio": 0, "Status_Hg_Cinabrio": "No", "Flag_Sn_Estano": 0, "Status_Sn_Estano": "No", "Flag_Fe_Hierro": 0, "Status_Fe_Hierro": "No", "Tech_Ruina_Montium": 0, "Tech_Subterranea": 0, "Tech_Cielo_Abierto": 0, "Tech_Lavado_Placer": 0, "Certainty_Spatial": 1.0, "Certainty_Archaeological": 0.9, "Certainty_Metallogenic": 1.0, "Certainty_Score": 0.965, "Certainty_Grade": "Alta Certeza (Grado I)" }, "geometry": { "type": "Point", "coordinates": [ -0.718976529, 37.61551691 ] } },
{ "type": "Feature", "properties": { "mineID": 454, "site": "Calamón", "ancientName": null, "province": "Hispania Baetica", "country": "Spain", "region": "Córdoba", "miningDistrict": "Posadas", "romanianRANID": null, "sanchezPalenciaAndOrejasID": null, "domergueID": "CO 82", "spainMapSheet": 922.0, "lambertX": 477.5, "lambertY": 362.2, "latitude": 37.84722783, "longitude": -5.08044861, "coordinateAccuracy": 100.0, "locationDataSource": "Converted in QGIS from Lambert coords, Madrid 1870", "locationNotes": null, "notBeforeOpeningDate": null, "notAfterOpeningDate": null, "notBeforeClosingDate": null, "notAfterClosingDate": null, "inUseDate": null, "metalMinedGold": "FALSE", "metalMinedSilver": 1.0, "metalMinedLead": 1.0, "metalMinedCopper": 0.0, "metalMinedTin": 0.0, "metalMinedIron": 0.0, "metalMinedMercuryCinnabar": 0.0, "metalMinedZinc": 0.0, "metalMinedOther": 0.0, "description": null, "references": "Domergue 1990: 45", "techniqueOpencast": null, "techniqueUnderground": null, "techniqueHydraulic": "FALSE", "techniqueHushing": "FALSE", "techniqueGroundSluicing": "FALSE", "techniqueRuinaMontium": 0.0, "techniqueRakeComb": 0.0, "techniqueGoldWashing": 0.0, "techniqueOther": null, "notes": null, "geology": "Hard rock", "depositType": "Primary", "exploitationType": null, "Flag_Au_Oro": 0, "Status_Au_Oro": "No", "Flag_Ag_Plata": 1, "Status_Ag_Plata": "Confirmado", "Flag_Cu_Cobre": 0, "Status_Cu_Cobre": "No", "Flag_Pb_Plomo": 1, "Status_Pb_Plomo": "Confirmado", "Flag_Hg_Cinabrio": 0, "Status_Hg_Cinabrio": "No", "Flag_Sn_Estano": 0, "Status_Sn_Estano": "No", "Flag_Fe_Hierro": 0, "Status_Fe_Hierro": "No", "Tech_Ruina_Montium": 0, "Tech_Subterranea": 0, "Tech_Cielo_Abierto": 0, "Tech_Lavado_Placer": 0, "Certainty_Spatial": 1.0, "Certainty_Archaeological": 0.9, "Certainty_Metallogenic": 1.0, "Certainty_Score": 0.965, "Certainty_Grade": "Alta Certeza (Grado I)" }, "geometry": { "type": "Point", "coordinates": [ -5.08044861, 37.84722783 ] } },
{ "type": "Feature", "properties": { "mineID": 461, "site": "Cancho Blanco", "ancientName": null, "province": "Hispania Baetica", "country": "Spain", "region": "Badajoz", "miningDistrict": "La Serena", "romanianRANID": null, "sanchezPalenciaAndOrejasID": null, "domergueID": "BA 50", "spainMapSheet": 831.0, "lambertX": 414.8, "lambertY": 451.3, "latitude": 38.63919229, "longitude": -5.81715282, "coordinateAccuracy": 100.0, "locationDataSource": "Converted in QGIS from Lambert coords, Madrid 1870", "locationNotes": null, "notBeforeOpeningDate": null, "notAfterOpeningDate": null, "notBeforeClosingDate": null, "notAfterClosingDate": null, "inUseDate": null, "metalMinedGold": "FALSE", "metalMinedSilver": 1.0, "metalMinedLead": 1.0, "metalMinedCopper": 0.0, "metalMinedTin": 0.0, "metalMinedIron": 0.0, "metalMinedMercuryCinnabar": 0.0, "metalMinedZinc": 0.0, "metalMinedOther": 0.0, "description": null, "references": "Domergue 1990: 45", "techniqueOpencast": null, "techniqueUnderground": null, "techniqueHydraulic": "FALSE", "techniqueHushing": "FALSE", "techniqueGroundSluicing": "FALSE", "techniqueRuinaMontium": 0.0, "techniqueRakeComb": 0.0, "techniqueGoldWashing": 0.0, "techniqueOther": null, "notes": null, "geology": "Hard rock", "depositType": "Primary", "exploitationType": null, "Flag_Au_Oro": 0, "Status_Au_Oro": "No", "Flag_Ag_Plata": 1, "Status_Ag_Plata": "Confirmado", "Flag_Cu_Cobre": 0, "Status_Cu_Cobre": "No", "Flag_Pb_Plomo": 1, "Status_Pb_Plomo": "Confirmado", "Flag_Hg_Cinabrio": 0, "Status_Hg_Cinabrio": "No", "Flag_Sn_Estano": 0, "Status_Sn_Estano": "No", "Flag_Fe_Hierro": 0, "Status_Fe_Hierro": "No", "Tech_Ruina_Montium": 0, "Tech_Subterranea": 0, "Tech_Cielo_Abierto": 0, "Tech_Lavado_Placer": 0, "Certainty_Spatial": 1.0, "Certainty_Archaeological": 0.9, "Certainty_Metallogenic": 1.0, "Certainty_Score": 0.965, "Certainty_Grade": "Alta Certeza (Grado I)" }, "geometry": { "type": "Point", "coordinates": [ -5.81715282, 38.63919229 ] } },
{ "type": "Feature", "properties": { "mineID": 462, "site": "Candelaria", "ancientName": null, "province": "Hispania Tarraconensis", "country": "Spain", "region": "Ciudad Real", "miningDistrict": "Alcudia", "romanianRANID": null, "sanchezPalenciaAndOrejasID": null, "domergueID": "CR 16", "spainMapSheet": 835.0, "lambertX": 527.6, "lambertY": 449.9, "latitude": 38.64346632, "longitude": -4.5202936, "coordinateAccuracy": 100.0, "locationDataSource": "Converted in QGIS from Lambert coords, Madrid 1870", "locationNotes": null, "notBeforeOpeningDate": null, "notAfterOpeningDate": null, "notBeforeClosingDate": null, "notAfterClosingDate": null, "inUseDate": null, "metalMinedGold": "FALSE", "metalMinedSilver": 1.0, "metalMinedLead": 1.0, "metalMinedCopper": 1.0, "metalMinedTin": 0.0, "metalMinedIron": 0.0, "metalMinedMercuryCinnabar": 0.0, "metalMinedZinc": 0.0, "metalMinedOther": 0.0, "description": null, "references": "Domergue 1990: 46", "techniqueOpencast": 0.0, "techniqueUnderground": 1.0, "techniqueHydraulic": "FALSE", "techniqueHushing": "FALSE", "techniqueGroundSluicing": "FALSE", "techniqueRuinaMontium": 0.0, "techniqueRakeComb": 0.0, "techniqueGoldWashing": 0.0, "techniqueOther": 0.0, "notes": null, "geology": null, "depositType": null, "exploitationType": null, "Flag_Au_Oro": 0, "Status_Au_Oro": "No", "Flag_Ag_Plata": 1, "Status_Ag_Plata": "Confirmado", "Flag_Cu_Cobre": 1, "Status_Cu_Cobre": "Confirmado", "Flag_Pb_Plomo": 1, "Status_Pb_Plomo": "Confirmado", "Flag_Hg_Cinabrio": 0, "Status_Hg_Cinabrio": "No", "Flag_Sn_Estano": 0, "Status_Sn_Estano": "No", "Flag_Fe_Hierro": 0, "Status_Fe_Hierro": "No", "Tech_Ruina_Montium": 0, "Tech_Subterranea": 1, "Tech_Cielo_Abierto": 0, "Tech_Lavado_Placer": 0, "Certainty_Spatial": 1.0, "Certainty_Archaeological": 0.9, "Certainty_Metallogenic": 1.0, "Certainty_Score": 0.965, "Certainty_Grade": "Alta Certeza (Grado I)" }, "geometry": { "type": "Point", "coordinates": [ -4.5202936, 38.64346632 ] } },
{ "type": "Feature", "properties": { "mineID": 472, "site": "Carmelita", "ancientName": null, "province": "Hispania Baetica", "country": "Spain", "region": "Badajoz", "miningDistrict": "Azuaga-Fuenteovejuna", "romanianRANID": null, "sanchezPalenciaAndOrejasID": null, "domergueID": "BA 5", "spainMapSheet": 878.0, "lambertX": 419.5, "lambertY": 408.6, "latitude": 38.25530611, "longitude": -5.75177293, "coordinateAccuracy": 100.0, "locationDataSource": "Converted in QGIS from Lambert coords, Madrid 1870", "locationNotes": null, "notBeforeOpeningDate": null, "notAfterOpeningDate": null, "notBeforeClosingDate": null, "notAfterClosingDate": null, "inUseDate": null, "metalMinedGold": "FALSE", "metalMinedSilver": 1.0, "metalMinedLead": 1.0, "metalMinedCopper": 0.0, "metalMinedTin": 0.0, "metalMinedIron": 0.0, "metalMinedMercuryCinnabar": 0.0, "metalMinedZinc": 0.0, "metalMinedOther": 0.0, "description": null, "references": "Domergue 1990: 46", "techniqueOpencast": 0.0, "techniqueUnderground": 1.0, "techniqueHydraulic": "FALSE", "techniqueHushing": "FALSE", "techniqueGroundSluicing": "FALSE", "techniqueRuinaMontium": 0.0, "techniqueRakeComb": 0.0, "techniqueGoldWashing": 0.0, "techniqueOther": 0.0, "notes": null, "geology": "Hard rock", "depositType": "Primary", "exploitationType": null, "Flag_Au_Oro": 0, "Status_Au_Oro": "No", "Flag_Ag_Plata": 1, "Status_Ag_Plata": "Confirmado", "Flag_Cu_Cobre": 0, "Status_Cu_Cobre": "No", "Flag_Pb_Plomo": 1, "Status_Pb_Plomo": "Confirmado", "Flag_Hg_Cinabrio": 0, "Status_Hg_Cinabrio": "No", "Flag_Sn_Estano": 0, "Status_Sn_Estano": "No", "Flag_Fe_Hierro": 0, "Status_Fe_Hierro": "No", "Tech_Ruina_Montium": 0, "Tech_Subterranea": 1, "Tech_Cielo_Abierto": 0, "Tech_Lavado_Placer": 0, "Certainty_Spatial": 1.0, "Certainty_Archaeological": 0.9, "Certainty_Metallogenic": 1.0, "Certainty_Score": 0.965, "Certainty_Grade": "Alta Certeza (Grado I)" }, "geometry": { "type": "Point", "coordinates": [ -5.75177293, 38.25530611 ] } },
{ "type": "Feature", "properties": { "mineID": 502, "site": "Cerro de la Mina", "ancientName": null, "province": "Hispania Baetica", "country": "Spain", "region": "Badajoz", "miningDistrict": null, "romanianRANID": null, "sanchezPalenciaAndOrejasID": null, "domergueID": "BA 60", "spainMapSheet": 829.0, "lambertX": 354.4, "lambertY": 449.3, "latitude": 38.60604095, "longitude": -6.51042667, "coordinateAccuracy": 100.0, "locationDataSource": "Converted in QGIS from Lambert coords, Madrid 1870", "locationNotes": null, "notBeforeOpeningDate": null, "notAfterOpeningDate": null, "notBeforeClosingDate": null, "notAfterClosingDate": null, "inUseDate": null, "metalMinedGold": "FALSE", "metalMinedSilver": 1.0, "metalMinedLead": 1.0, "metalMinedCopper": 0.0, "metalMinedTin": 0.0, "metalMinedIron": 0.0, "metalMinedMercuryCinnabar": 0.0, "metalMinedZinc": 0.0, "metalMinedOther": 0.0, "description": null, "references": "Domergue 1990: 48", "techniqueOpencast": 0.0, "techniqueUnderground": 1.0, "techniqueHydraulic": "FALSE", "techniqueHushing": "FALSE", "techniqueGroundSluicing": "FALSE", "techniqueRuinaMontium": 0.0, "techniqueRakeComb": 0.0, "techniqueGoldWashing": 0.0, "techniqueOther": 0.0, "notes": null, "geology": null, "depositType": null, "exploitationType": null, "Flag_Au_Oro": 0, "Status_Au_Oro": "No", "Flag_Ag_Plata": 1, "Status_Ag_Plata": "Confirmado", "Flag_Cu_Cobre": 0, "Status_Cu_Cobre": "No", "Flag_Pb_Plomo": 1, "Status_Pb_Plomo": "Confirmado", "Flag_Hg_Cinabrio": 0, "Status_Hg_Cinabrio": "No", "Flag_Sn_Estano": 0, "Status_Sn_Estano": "No", "Flag_Fe_Hierro": 0, "Status_Fe_Hierro": "No", "Tech_Ruina_Montium": 0, "Tech_Subterranea": 1, "Tech_Cielo_Abierto": 0, "Tech_Lavado_Placer": 0, "Certainty_Spatial": 1.0, "Certainty_Archaeological": 0.9, "Certainty_Metallogenic": 1.0, "Certainty_Score": 0.965, "Certainty_Grade": "Alta Certeza (Grado I)" }, "geometry": { "type": "Point", "coordinates": [ -6.51042667, 38.60604095 ] } },
{ "type": "Feature", "properties": { "mineID": 506, "site": "Cerro de la Orden", "ancientName": null, "province": "Hispania Baetica", "country": "Spain", "region": "Badajoz", "miningDistrict": "Azuaga-Fuenteovejuna", "romanianRANID": null, "sanchezPalenciaAndOrejasID": null, "domergueID": "BA 27", "spainMapSheet": 878.0, "lambertX": 415.4, "lambertY": 414.3, "latitude": 38.30581558, "longitude": -5.80017903, "coordinateAccuracy": 100.0, "locationDataSource": "Converted in QGIS from Lambert coords, Madrid 1870", "locationNotes": null, "notBeforeOpeningDate": null, "notAfterOpeningDate": null, "notBeforeClosingDate": null, "notAfterClosingDate": null, "inUseDate": null, "metalMinedGold": "FALSE", "metalMinedSilver": 1.0, "metalMinedLead": 1.0, "metalMinedCopper": 0.0, "metalMinedTin": 0.0, "metalMinedIron": 0.0, "metalMinedMercuryCinnabar": 0.0, "metalMinedZinc": 0.0, "metalMinedOther": 0.0, "description": null, "references": "Domergue 1990: 46", "techniqueOpencast": 0.0, "techniqueUnderground": 1.0, "techniqueHydraulic": "FALSE", "techniqueHushing": "FALSE", "techniqueGroundSluicing": "FALSE", "techniqueRuinaMontium": 0.0, "techniqueRakeComb": 0.0, "techniqueGoldWashing": 0.0, "techniqueOther": 0.0, "notes": null, "geology": "Hard rock", "depositType": "Primary", "exploitationType": null, "Flag_Au_Oro": 0, "Status_Au_Oro": "No", "Flag_Ag_Plata": 1, "Status_Ag_Plata": "Confirmado", "Flag_Cu_Cobre": 0, "Status_Cu_Cobre": "No", "Flag_Pb_Plomo": 1, "Status_Pb_Plomo": "Confirmado", "Flag_Hg_Cinabrio": 0, "Status_Hg_Cinabrio": "No", "Flag_Sn_Estano": 0, "Status_Sn_Estano": "No", "Flag_Fe_Hierro": 0, "Status_Fe_Hierro": "No", "Tech_Ruina_Montium": 0, "Tech_Subterranea": 1, "Tech_Cielo_Abierto": 0, "Tech_Lavado_Placer": 0, "Certainty_Spatial": 1.0, "Certainty_Archaeological": 0.9, "Certainty_Metallogenic": 1.0, "Certainty_Score": 0.965, "Certainty_Grade": "Alta Certeza (Grado I)" }, "geometry": { "type": "Point", "coordinates": [ -5.80017903, 38.30581558 ] } },
{ "type": "Feature", "properties": { "mineID": 507, "site": "Cerro de las Cruces", "ancientName": null, "province": "Hispania Baetica", "country": "Spain", "region": "Badajoz", "miningDistrict": "La Serena", "romanianRANID": null, "sanchezPalenciaAndOrejasID": null, "domergueID": "BA 51", "spainMapSheet": 830.0, "lambertX": 392.3, "lambertY": 441.8, "latitude": 38.54842637, "longitude": -6.07279323, "coordinateAccuracy": 100.0, "locationDataSource": "Converted in QGIS from Lambert coords, Madrid 1870", "locationNotes": null, "notBeforeOpeningDate": null, "notAfterOpeningDate": null, "notBeforeClosingDate": null, "notAfterClosingDate": null, "inUseDate": null, "metalMinedGold": "FALSE", "metalMinedSilver": 1.0, "metalMinedLead": 1.0, "metalMinedCopper": 0.0, "metalMinedTin": 0.0, "metalMinedIron": 0.0, "metalMinedMercuryCinnabar": 0.0, "metalMinedZinc": 0.0, "metalMinedOther": 0.0, "description": null, "references": "Domergue 1990: 45", "techniqueOpencast": null, "techniqueUnderground": null, "techniqueHydraulic": "FALSE", "techniqueHushing": "FALSE", "techniqueGroundSluicing": "FALSE", "techniqueRuinaMontium": 0.0, "techniqueRakeComb": 0.0, "techniqueGoldWashing": 0.0, "techniqueOther": null, "notes": null, "geology": "Hard rock", "depositType": "Primary", "exploitationType": null, "Flag_Au_Oro": 0, "Status_Au_Oro": "No", "Flag_Ag_Plata": 1, "Status_Ag_Plata": "Confirmado", "Flag_Cu_Cobre": 0, "Status_Cu_Cobre": "No", "Flag_Pb_Plomo": 1, "Status_Pb_Plomo": "Confirmado", "Flag_Hg_Cinabrio": 0, "Status_Hg_Cinabrio": "No", "Flag_Sn_Estano": 0, "Status_Sn_Estano": "No", "Flag_Fe_Hierro": 0, "Status_Fe_Hierro": "No", "Tech_Ruina_Montium": 0, "Tech_Subterranea": 0, "Tech_Cielo_Abierto": 0, "Tech_Lavado_Placer": 0, "Certainty_Spatial": 1.0, "Certainty_Archaeological": 0.9, "Certainty_Metallogenic": 1.0, "Certainty_Score": 0.965, "Certainty_Grade": "Alta Certeza (Grado I)" }, "geometry": { "type": "Point", "coordinates": [ -6.07279323, 38.54842637 ] } },
{ "type": "Feature", "properties": { "mineID": 527, "site": "Chaparro Barrenado", "ancientName": null, "province": "Hispania Baetica", "country": "Spain", "region": "Córdoba", "miningDistrict": "Los Pedroches", "romanianRANID": null, "sanchezPalenciaAndOrejasID": null, "domergueID": "CO 4", "spainMapSheet": 880.0, "lambertX": 493.5, "lambertY": 415.2, "latitude": 38.32708502, "longitude": -4.90683199, "coordinateAccuracy": 100.0, "locationDataSource": "Converted in QGIS from Lambert coords, Madrid 1870", "locationNotes": null, "notBeforeOpeningDate": null, "notAfterOpeningDate": null, "notBeforeClosingDate": null, "notAfterClosingDate": null, "inUseDate": null, "metalMinedGold": "FALSE", "metalMinedSilver": 1.0, "metalMinedLead": 1.0, "metalMinedCopper": 1.0, "metalMinedTin": 0.0, "metalMinedIron": 0.0, "metalMinedMercuryCinnabar": 0.0, "metalMinedZinc": 0.0, "metalMinedOther": 0.0, "description": null, "references": "Domergue 1990: 48", "techniqueOpencast": 0.0, "techniqueUnderground": 1.0, "techniqueHydraulic": "FALSE", "techniqueHushing": "FALSE", "techniqueGroundSluicing": "FALSE", "techniqueRuinaMontium": 0.0, "techniqueRakeComb": 0.0, "techniqueGoldWashing": 0.0, "techniqueOther": 0.0, "notes": null, "geology": "Hard rock", "depositType": "Primary", "exploitationType": null, "Flag_Au_Oro": 0, "Status_Au_Oro": "No", "Flag_Ag_Plata": 1, "Status_Ag_Plata": "Confirmado", "Flag_Cu_Cobre": 1, "Status_Cu_Cobre": "Confirmado", "Flag_Pb_Plomo": 1, "Status_Pb_Plomo": "Confirmado", "Flag_Hg_Cinabrio": 0, "Status_Hg_Cinabrio": "No", "Flag_Sn_Estano": 0, "Status_Sn_Estano": "No", "Flag_Fe_Hierro": 0, "Status_Fe_Hierro": "No", "Tech_Ruina_Montium": 0, "Tech_Subterranea": 1, "Tech_Cielo_Abierto": 0, "Tech_Lavado_Placer": 0, "Certainty_Spatial": 1.0, "Certainty_Archaeological": 0.9, "Certainty_Metallogenic": 1.0, "Certainty_Score": 0.965, "Certainty_Grade": "Alta Certeza (Grado I)" }, "geometry": { "type": "Point", "coordinates": [ -4.90683199, 38.32708502 ] } },
{ "type": "Feature", "properties": { "mineID": 533, "site": "Cobatillas", "ancientName": null, "province": "Hispania Tarraconensis", "country": "Spain", "region": "Ciudad Real", "miningDistrict": "Alcudia", "romanianRANID": null, "sanchezPalenciaAndOrejasID": null, "domergueID": "CR 18", "spainMapSheet": 808.0, "lambertX": 524.4, "lambertY": 452.8, "latitude": 38.66933798, "longitude": -4.55740568, "coordinateAccuracy": 100.0, "locationDataSource": "Converted in QGIS from Lambert coords, Madrid 1870", "locationNotes": null, "notBeforeOpeningDate": null, "notAfterOpeningDate": null, "notBeforeClosingDate": null, "notAfterClosingDate": null, "inUseDate": null, "metalMinedGold": "FALSE", "metalMinedSilver": 1.0, "metalMinedLead": 1.0, "metalMinedCopper": 0.0, "metalMinedTin": 0.0, "metalMinedIron": 0.0, "metalMinedMercuryCinnabar": 0.0, "metalMinedZinc": 0.0, "metalMinedOther": 0.0, "description": null, "references": "Domergue 1990: 46", "techniqueOpencast": null, "techniqueUnderground": null, "techniqueHydraulic": "FALSE", "techniqueHushing": "FALSE", "techniqueGroundSluicing": "FALSE", "techniqueRuinaMontium": 0.0, "techniqueRakeComb": 0.0, "techniqueGoldWashing": 0.0, "techniqueOther": null, "notes": null, "geology": null, "depositType": null, "exploitationType": null, "Flag_Au_Oro": 0, "Status_Au_Oro": "No", "Flag_Ag_Plata": 1, "Status_Ag_Plata": "Confirmado", "Flag_Cu_Cobre": 0, "Status_Cu_Cobre": "No", "Flag_Pb_Plomo": 1, "Status_Pb_Plomo": "Confirmado", "Flag_Hg_Cinabrio": 0, "Status_Hg_Cinabrio": "No", "Flag_Sn_Estano": 0, "Status_Sn_Estano": "No", "Flag_Fe_Hierro": 0, "Status_Fe_Hierro": "No", "Tech_Ruina_Montium": 0, "Tech_Subterranea": 0, "Tech_Cielo_Abierto": 0, "Tech_Lavado_Placer": 0, "Certainty_Spatial": 1.0, "Certainty_Archaeological": 0.9, "Certainty_Metallogenic": 1.0, "Certainty_Score": 0.965, "Certainty_Grade": "Alta Certeza (Grado I)" }, "geometry": { "type": "Point", "coordinates": [ -4.55740568, 38.66933798 ] } },
{ "type": "Feature", "properties": { "mineID": 558, "site": "Coto Fortuna", "ancientName": null, "province": "Hispania Tarraconensis", "country": "Spain", "region": "Murcia", "miningDistrict": "Cartagena-Mazarrón", "romanianRANID": null, "sanchezPalenciaAndOrejasID": null, "domergueID": "MU 12", "spainMapSheet": 976.0, "lambertX": 801.1, "lambertY": 336.1, "latitude": 37.59743527, "longitude": -1.409844499, "coordinateAccuracy": 100.0, "locationDataSource": "Converted in QGIS from Lambert coords, Madrid 1870", "locationNotes": null, "notBeforeOpeningDate": null, "notAfterOpeningDate": null, "notBeforeClosingDate": null, "notAfterClosingDate": null, "inUseDate": "Late Republican/early Julio-Claudia", "metalMinedGold": "FALSE", "metalMinedSilver": 1.0, "metalMinedLead": 1.0, "metalMinedCopper": 0.0, "metalMinedTin": 0.0, "metalMinedIron": 0.0, "metalMinedMercuryCinnabar": 0.0, "metalMinedZinc": 0.0, "metalMinedOther": 0.0, "description": "Located in the Mazarron region it was a huge mining area as indicated by the archaeological remains of buildings, workings and mining waste (over 2.4 million tons). It had galleries measuring over 2 km in length. It was opened in the Republican period and was leased to mining companies.", "references": "Domergue 1990: 64", "techniqueOpencast": 0.0, "techniqueUnderground": 1.0, "techniqueHydraulic": "FALSE", "techniqueHushing": "FALSE", "techniqueGroundSluicing": "FALSE", "techniqueRuinaMontium": 0.0, "techniqueRakeComb": 0.0, "techniqueGoldWashing": 0.0, "techniqueOther": 0.0, "notes": "Five ingots of the societas argentifodinarum Ilucronensium found here in the early 20th c.", "geology": null, "depositType": null, "exploitationType": null, "Flag_Au_Oro": 0, "Status_Au_Oro": "No", "Flag_Ag_Plata": 1, "Status_Ag_Plata": "Confirmado", "Flag_Cu_Cobre": 0, "Status_Cu_Cobre": "No", "Flag_Pb_Plomo": 1, "Status_Pb_Plomo": "Confirmado", "Flag_Hg_Cinabrio": 0, "Status_Hg_Cinabrio": "No", "Flag_Sn_Estano": 0, "Status_Sn_Estano": "No", "Flag_Fe_Hierro": 0, "Status_Fe_Hierro": "No", "Tech_Ruina_Montium": 0, "Tech_Subterranea": 1, "Tech_Cielo_Abierto": 0, "Tech_Lavado_Placer": 0, "Certainty_Spatial": 1.0, "Certainty_Archaeological": 0.9, "Certainty_Metallogenic": 1.0, "Certainty_Score": 0.965, "Certainty_Grade": "Alta Certeza (Grado I)" }, "geometry": { "type": "Point", "coordinates": [ -1.409844499, 37.59743527 ] } },
{ "type": "Feature", "properties": { "mineID": 559, "site": "Cotofia", "ancientName": null, "province": "Hispania Tarraconensis", "country": "Spain", "region": "Ciudad Real", "miningDistrict": "Alcudia", "romanianRANID": null, "sanchezPalenciaAndOrejasID": null, "domergueID": "CR 27", "spainMapSheet": 835.0, "lambertX": 552.0, "lambertY": 443.0, "latitude": 38.58296146, "longitude": -4.23929458, "coordinateAccuracy": 100.0, "locationDataSource": "Converted in QGIS from Lambert coords, Madrid 1870", "locationNotes": null, "notBeforeOpeningDate": null, "notAfterOpeningDate": null, "notBeforeClosingDate": null, "notAfterClosingDate": null, "inUseDate": null, "metalMinedGold": "FALSE", "metalMinedSilver": 1.0, "metalMinedLead": 1.0, "metalMinedCopper": 0.0, "metalMinedTin": 0.0, "metalMinedIron": 0.0, "metalMinedMercuryCinnabar": 0.0, "metalMinedZinc": 0.0, "metalMinedOther": 0.0, "description": null, "references": "Domergue 1990: 46", "techniqueOpencast": null, "techniqueUnderground": null, "techniqueHydraulic": "FALSE", "techniqueHushing": "FALSE", "techniqueGroundSluicing": "FALSE", "techniqueRuinaMontium": 0.0, "techniqueRakeComb": 0.0, "techniqueGoldWashing": 0.0, "techniqueOther": null, "notes": null, "geology": null, "depositType": null, "exploitationType": null, "Flag_Au_Oro": 0, "Status_Au_Oro": "No", "Flag_Ag_Plata": 1, "Status_Ag_Plata": "Confirmado", "Flag_Cu_Cobre": 0, "Status_Cu_Cobre": "No", "Flag_Pb_Plomo": 1, "Status_Pb_Plomo": "Confirmado", "Flag_Hg_Cinabrio": 0, "Status_Hg_Cinabrio": "No", "Flag_Sn_Estano": 0, "Status_Sn_Estano": "No", "Flag_Fe_Hierro": 0, "Status_Fe_Hierro": "No", "Tech_Ruina_Montium": 0, "Tech_Subterranea": 0, "Tech_Cielo_Abierto": 0, "Tech_Lavado_Placer": 0, "Certainty_Spatial": 1.0, "Certainty_Archaeological": 0.9, "Certainty_Metallogenic": 1.0, "Certainty_Score": 0.965, "Certainty_Grade": "Alta Certeza (Grado I)" }, "geometry": { "type": "Point", "coordinates": [ -4.23929458, 38.58296146 ] } },
{ "type": "Feature", "properties": { "mineID": 579, "site": "Dehesa", "ancientName": null, "province": "Hispania Baetica", "country": "Spain", "region": "Badajoz", "miningDistrict": "Azuaga-Fuenteovejuna", "romanianRANID": null, "sanchezPalenciaAndOrejasID": null, "domergueID": "BA 25", "spainMapSheet": 878.0, "lambertX": 415.2, "lambertY": 409.1, "latitude": 38.25890445, "longitude": -5.80105636, "coordinateAccuracy": 100.0, "locationDataSource": "Converted in QGIS from Lambert coords, Madrid 1870", "locationNotes": null, "notBeforeOpeningDate": null, "notAfterOpeningDate": null, "notBeforeClosingDate": null, "notAfterClosingDate": null, "inUseDate": null, "metalMinedGold": "FALSE", "metalMinedSilver": 1.0, "metalMinedLead": 1.0, "metalMinedCopper": 0.0, "metalMinedTin": 0.0, "metalMinedIron": 0.0, "metalMinedMercuryCinnabar": 0.0, "metalMinedZinc": 0.0, "metalMinedOther": 0.0, "description": null, "references": "Domergue 1990: 46", "techniqueOpencast": 0.0, "techniqueUnderground": 1.0, "techniqueHydraulic": "FALSE", "techniqueHushing": "FALSE", "techniqueGroundSluicing": "FALSE", "techniqueRuinaMontium": 0.0, "techniqueRakeComb": 0.0, "techniqueGoldWashing": 0.0, "techniqueOther": 0.0, "notes": null, "geology": "Hard rock", "depositType": "Primary", "exploitationType": null, "Flag_Au_Oro": 0, "Status_Au_Oro": "No", "Flag_Ag_Plata": 1, "Status_Ag_Plata": "Confirmado", "Flag_Cu_Cobre": 0, "Status_Cu_Cobre": "No", "Flag_Pb_Plomo": 1, "Status_Pb_Plomo": "Confirmado", "Flag_Hg_Cinabrio": 0, "Status_Hg_Cinabrio": "No", "Flag_Sn_Estano": 0, "Status_Sn_Estano": "No", "Flag_Fe_Hierro": 0, "Status_Fe_Hierro": "No", "Tech_Ruina_Montium": 0, "Tech_Subterranea": 1, "Tech_Cielo_Abierto": 0, "Tech_Lavado_Placer": 0, "Certainty_Spatial": 1.0, "Certainty_Archaeological": 0.9, "Certainty_Metallogenic": 1.0, "Certainty_Score": 0.965, "Certainty_Grade": "Alta Certeza (Grado I)" }, "geometry": { "type": "Point", "coordinates": [ -5.80105636, 38.25890445 ] } },
{ "type": "Feature", "properties": { "mineID": 581, "site": "Dehesa de Covatillas", "ancientName": null, "province": "Hispania Baetica", "country": "Spain", "region": "Córdoba", "miningDistrict": "Posadas", "romanianRANID": null, "sanchezPalenciaAndOrejasID": null, "domergueID": "CO 8", "spainMapSheet": 922.0, "lambertX": 485.3, "lambertY": 364.2, "latitude": 37.86631756, "longitude": -4.99212838, "coordinateAccuracy": 100.0, "locationDataSource": "Converted in QGIS from Lambert coords, Madrid 1870", "locationNotes": null, "notBeforeOpeningDate": null, "notAfterOpeningDate": null, "notBeforeClosingDate": null, "notAfterClosingDate": null, "inUseDate": null, "metalMinedGold": "FALSE", "metalMinedSilver": 1.0, "metalMinedLead": 1.0, "metalMinedCopper": null, "metalMinedTin": 0.0, "metalMinedIron": 0.0, "metalMinedMercuryCinnabar": 0.0, "metalMinedZinc": 0.0, "metalMinedOther": 0.0, "description": null, "references": "Domergue 1990: 45", "techniqueOpencast": null, "techniqueUnderground": null, "techniqueHydraulic": "FALSE", "techniqueHushing": "FALSE", "techniqueGroundSluicing": "FALSE", "techniqueRuinaMontium": 0.0, "techniqueRakeComb": 0.0, "techniqueGoldWashing": 0.0, "techniqueOther": null, "notes": null, "geology": "Hard rock", "depositType": "Primary", "exploitationType": null, "Flag_Au_Oro": 0, "Status_Au_Oro": "No", "Flag_Ag_Plata": 1, "Status_Ag_Plata": "Confirmado", "Flag_Cu_Cobre": 0, "Status_Cu_Cobre": "No", "Flag_Pb_Plomo": 1, "Status_Pb_Plomo": "Confirmado", "Flag_Hg_Cinabrio": 0, "Status_Hg_Cinabrio": "No", "Flag_Sn_Estano": 0, "Status_Sn_Estano": "No", "Flag_Fe_Hierro": 0, "Status_Fe_Hierro": "No", "Tech_Ruina_Montium": 0, "Tech_Subterranea": 0, "Tech_Cielo_Abierto": 0, "Tech_Lavado_Placer": 0, "Certainty_Spatial": 1.0, "Certainty_Archaeological": 0.9, "Certainty_Metallogenic": 1.0, "Certainty_Score": 0.965, "Certainty_Grade": "Alta Certeza (Grado I)" }, "geometry": { "type": "Point", "coordinates": [ -4.99212838, 37.86631756 ] } },
{ "type": "Feature", "properties": { "mineID": 582, "site": "Dehesa de la Mesa", "ancientName": null, "province": "Hispania Baetica", "country": "Spain", "region": "Badajoz", "miningDistrict": "Azuaga-Fuenteovejuna", "romanianRANID": null, "sanchezPalenciaAndOrejasID": null, "domergueID": "BA 17", "spainMapSheet": 878.0, "lambertX": 434.9, "lambertY": 401.2, "latitude": 38.19168364, "longitude": -5.57395462, "coordinateAccuracy": 100.0, "locationDataSource": "Converted in QGIS from Lambert coords, Madrid 1870", "locationNotes": null, "notBeforeOpeningDate": null, "notAfterOpeningDate": null, "notBeforeClosingDate": null, "notAfterClosingDate": null, "inUseDate": null, "metalMinedGold": "FALSE", "metalMinedSilver": 1.0, "metalMinedLead": 1.0, "metalMinedCopper": 0.0, "metalMinedTin": 0.0, "metalMinedIron": 0.0, "metalMinedMercuryCinnabar": 0.0, "metalMinedZinc": 0.0, "metalMinedOther": 0.0, "description": null, "references": "Domergue 1990: 46", "techniqueOpencast": 0.0, "techniqueUnderground": 1.0, "techniqueHydraulic": "FALSE", "techniqueHushing": "FALSE", "techniqueGroundSluicing": "FALSE", "techniqueRuinaMontium": 0.0, "techniqueRakeComb": 0.0, "techniqueGoldWashing": 0.0, "techniqueOther": 0.0, "notes": null, "geology": "Hard rock", "depositType": "Primary", "exploitationType": null, "Flag_Au_Oro": 0, "Status_Au_Oro": "No", "Flag_Ag_Plata": 1, "Status_Ag_Plata": "Confirmado", "Flag_Cu_Cobre": 0, "Status_Cu_Cobre": "No", "Flag_Pb_Plomo": 1, "Status_Pb_Plomo": "Confirmado", "Flag_Hg_Cinabrio": 0, "Status_Hg_Cinabrio": "No", "Flag_Sn_Estano": 0, "Status_Sn_Estano": "No", "Flag_Fe_Hierro": 0, "Status_Fe_Hierro": "No", "Tech_Ruina_Montium": 0, "Tech_Subterranea": 1, "Tech_Cielo_Abierto": 0, "Tech_Lavado_Placer": 0, "Certainty_Spatial": 1.0, "Certainty_Archaeological": 0.9, "Certainty_Metallogenic": 1.0, "Certainty_Score": 0.965, "Certainty_Grade": "Alta Certeza (Grado I)" }, "geometry": { "type": "Point", "coordinates": [ -5.57395462, 38.19168364 ] } },
{ "type": "Feature", "properties": { "mineID": 587, "site": "Diana", "ancientName": null, "province": "Hispania Baetica", "country": "Spain", "region": "Sevilla", "miningDistrict": "Sevilla", "romanianRANID": null, "sanchezPalenciaAndOrejasID": null, "domergueID": "SE 5", "spainMapSheet": 939.0, "lambertX": 373.8, "lambertY": 353.1, "latitude": 37.74445608, "longitude": -6.255768279, "coordinateAccuracy": 100.0, "locationDataSource": "Converted in QGIS from Lambert coords, Madrid 1870", "locationNotes": null, "notBeforeOpeningDate": null, "notAfterOpeningDate": null, "notBeforeClosingDate": null, "notAfterClosingDate": null, "inUseDate": null, "metalMinedGold": "FALSE", "metalMinedSilver": 1.0, "metalMinedLead": 1.0, "metalMinedCopper": 0.0, "metalMinedTin": 0.0, "metalMinedIron": 0.0, "metalMinedMercuryCinnabar": 0.0, "metalMinedZinc": 0.0, "metalMinedOther": 0.0, "description": null, "references": "Domergue 1990: 48", "techniqueOpencast": null, "techniqueUnderground": null, "techniqueHydraulic": "FALSE", "techniqueHushing": "FALSE", "techniqueGroundSluicing": "FALSE", "techniqueRuinaMontium": 0.0, "techniqueRakeComb": 0.0, "techniqueGoldWashing": 0.0, "techniqueOther": null, "notes": null, "geology": "Hard rock", "depositType": "Primary", "exploitationType": null, "Flag_Au_Oro": 0, "Status_Au_Oro": "No", "Flag_Ag_Plata": 1, "Status_Ag_Plata": "Confirmado", "Flag_Cu_Cobre": 0, "Status_Cu_Cobre": "No", "Flag_Pb_Plomo": 1, "Status_Pb_Plomo": "Confirmado", "Flag_Hg_Cinabrio": 0, "Status_Hg_Cinabrio": "No", "Flag_Sn_Estano": 0, "Status_Sn_Estano": "No", "Flag_Fe_Hierro": 0, "Status_Fe_Hierro": "No", "Tech_Ruina_Montium": 0, "Tech_Subterranea": 0, "Tech_Cielo_Abierto": 0, "Tech_Lavado_Placer": 0, "Certainty_Spatial": 1.0, "Certainty_Archaeological": 0.9, "Certainty_Metallogenic": 1.0, "Certainty_Score": 0.965, "Certainty_Grade": "Alta Certeza (Grado I)" }, "geometry": { "type": "Point", "coordinates": [ -6.255768279, 37.74445608 ] } },
{ "type": "Feature", "properties": { "mineID": 588, "site": "Diógenes", "ancientName": null, "province": "Hispania Tarraconensis", "country": "Spain", "region": "Ciudad Real", "miningDistrict": "Alcudia", "romanianRANID": null, "sanchezPalenciaAndOrejasID": null, "domergueID": "CR 39", "spainMapSheet": 862.0, "lambertX": 593.7, "lambertY": 425.8, "latitude": 38.42919649, "longitude": -3.76014518, "coordinateAccuracy": 100.0, "locationDataSource": "Converted in QGIS from Lambert coords, Madrid 1870", "locationNotes": null, "notBeforeOpeningDate": null, "notAfterOpeningDate": null, "notBeforeClosingDate": null, "notAfterClosingDate": null, "inUseDate": null, "metalMinedGold": "FALSE", "metalMinedSilver": 1.0, "metalMinedLead": 1.0, "metalMinedCopper": 0.0, "metalMinedTin": 0.0, "metalMinedIron": 0.0, "metalMinedMercuryCinnabar": 0.0, "metalMinedZinc": 0.0, "metalMinedOther": 0.0, "description": null, "references": "Domergue 1990: 46", "techniqueOpencast": 1.0, "techniqueUnderground": 1.0, "techniqueHydraulic": "FALSE", "techniqueHushing": "FALSE", "techniqueGroundSluicing": "FALSE", "techniqueRuinaMontium": 0.0, "techniqueRakeComb": 0.0, "techniqueGoldWashing": 0.0, "techniqueOther": 0.0, "notes": null, "geology": null, "depositType": null, "exploitationType": null, "Flag_Au_Oro": 0, "Status_Au_Oro": "No", "Flag_Ag_Plata": 1, "Status_Ag_Plata": "Confirmado", "Flag_Cu_Cobre": 0, "Status_Cu_Cobre": "No", "Flag_Pb_Plomo": 1, "Status_Pb_Plomo": "Confirmado", "Flag_Hg_Cinabrio": 0, "Status_Hg_Cinabrio": "No", "Flag_Sn_Estano": 0, "Status_Sn_Estano": "No", "Flag_Fe_Hierro": 0, "Status_Fe_Hierro": "No", "Tech_Ruina_Montium": 0, "Tech_Subterranea": 1, "Tech_Cielo_Abierto": 1, "Tech_Lavado_Placer": 0, "Certainty_Spatial": 1.0, "Certainty_Archaeological": 0.9, "Certainty_Metallogenic": 1.0, "Certainty_Score": 0.965, "Certainty_Grade": "Alta Certeza (Grado I)" }, "geometry": { "type": "Point", "coordinates": [ -3.76014518, 38.42919649 ] } },
{ "type": "Feature", "properties": { "mineID": 589, "site": "Dolores", "ancientName": null, "province": "Hispania Baetica", "country": "Spain", "region": "Ciudad Real", "miningDistrict": null, "romanianRANID": null, "sanchezPalenciaAndOrejasID": null, "domergueID": "CR 21", "spainMapSheet": 682.0, "lambertX": 497.2, "lambertY": 545.5, "latitude": 39.5023367, "longitude": -4.88450842, "coordinateAccuracy": 100.0, "locationDataSource": "Converted in QGIS from Lambert coords, Madrid 1870", "locationNotes": null, "notBeforeOpeningDate": null, "notAfterOpeningDate": null, "notBeforeClosingDate": null, "notAfterClosingDate": null, "inUseDate": null, "metalMinedGold": "FALSE", "metalMinedSilver": 1.0, "metalMinedLead": 1.0, "metalMinedCopper": 0.0, "metalMinedTin": 0.0, "metalMinedIron": 0.0, "metalMinedMercuryCinnabar": 0.0, "metalMinedZinc": 0.0, "metalMinedOther": 0.0, "description": null, "references": "Domergue 1990: 49", "techniqueOpencast": null, "techniqueUnderground": null, "techniqueHydraulic": "FALSE", "techniqueHushing": "FALSE", "techniqueGroundSluicing": "FALSE", "techniqueRuinaMontium": 0.0, "techniqueRakeComb": 0.0, "techniqueGoldWashing": 0.0, "techniqueOther": null, "notes": null, "geology": "Hard rock", "depositType": "Primary", "exploitationType": null, "Flag_Au_Oro": 0, "Status_Au_Oro": "No", "Flag_Ag_Plata": 1, "Status_Ag_Plata": "Confirmado", "Flag_Cu_Cobre": 0, "Status_Cu_Cobre": "No", "Flag_Pb_Plomo": 1, "Status_Pb_Plomo": "Confirmado", "Flag_Hg_Cinabrio": 0, "Status_Hg_Cinabrio": "No", "Flag_Sn_Estano": 0, "Status_Sn_Estano": "No", "Flag_Fe_Hierro": 0, "Status_Fe_Hierro": "No", "Tech_Ruina_Montium": 0, "Tech_Subterranea": 0, "Tech_Cielo_Abierto": 0, "Tech_Lavado_Placer": 0, "Certainty_Spatial": 1.0, "Certainty_Archaeological": 0.9, "Certainty_Metallogenic": 1.0, "Certainty_Score": 0.965, "Certainty_Grade": "Alta Certeza (Grado I)" }, "geometry": { "type": "Point", "coordinates": [ -4.88450842, 39.5023367 ] } },
{ "type": "Feature", "properties": { "mineID": 596, "site": "El Borracho", "ancientName": null, "province": "Hispania Tarraconensis", "country": "Spain", "region": "Badajoz", "miningDistrict": "Alcudia", "romanianRANID": null, "sanchezPalenciaAndOrejasID": null, "domergueID": "BA 46", "spainMapSheet": 781.0, "lambertX": 492.3, "lambertY": 477.0, "latitude": 38.88410269, "longitude": -4.93042278, "coordinateAccuracy": 100.0, "locationDataSource": "Converted in QGIS from Lambert coords, Madrid 1870", "locationNotes": null, "notBeforeOpeningDate": null, "notAfterOpeningDate": null, "notBeforeClosingDate": null, "notAfterClosingDate": null, "inUseDate": null, "metalMinedGold": "FALSE", "metalMinedSilver": 1.0, "metalMinedLead": 1.0, "metalMinedCopper": 1.0, "metalMinedTin": 0.0, "metalMinedIron": 0.0, "metalMinedMercuryCinnabar": 0.0, "metalMinedZinc": 0.0, "metalMinedOther": 0.0, "description": null, "references": "Domergue 1990: 46", "techniqueOpencast": null, "techniqueUnderground": null, "techniqueHydraulic": "FALSE", "techniqueHushing": "FALSE", "techniqueGroundSluicing": "FALSE", "techniqueRuinaMontium": 0.0, "techniqueRakeComb": 0.0, "techniqueGoldWashing": 0.0, "techniqueOther": null, "notes": null, "geology": null, "depositType": null, "exploitationType": null, "Flag_Au_Oro": 0, "Status_Au_Oro": "No", "Flag_Ag_Plata": 1, "Status_Ag_Plata": "Confirmado", "Flag_Cu_Cobre": 1, "Status_Cu_Cobre": "Confirmado", "Flag_Pb_Plomo": 1, "Status_Pb_Plomo": "Confirmado", "Flag_Hg_Cinabrio": 0, "Status_Hg_Cinabrio": "No", "Flag_Sn_Estano": 0, "Status_Sn_Estano": "No", "Flag_Fe_Hierro": 0, "Status_Fe_Hierro": "No", "Tech_Ruina_Montium": 0, "Tech_Subterranea": 0, "Tech_Cielo_Abierto": 0, "Tech_Lavado_Placer": 0, "Certainty_Spatial": 1.0, "Certainty_Archaeological": 0.9, "Certainty_Metallogenic": 1.0, "Certainty_Score": 0.965, "Certainty_Grade": "Alta Certeza (Grado I)" }, "geometry": { "type": "Point", "coordinates": [ -4.93042278, 38.88410269 ] } },
{ "type": "Feature", "properties": { "mineID": 598, "site": "El Buho", "ancientName": null, "province": "Hispania Baetica", "country": "Spain", "region": "Badajoz", "miningDistrict": "La Serena", "romanianRANID": null, "sanchezPalenciaAndOrejasID": null, "domergueID": "BA 34", "spainMapSheet": 805.0, "lambertX": 439.4, "lambertY": 462.7, "latitude": 38.74690711, "longitude": -5.53713651, "coordinateAccuracy": 100.0, "locationDataSource": "Converted in QGIS from Lambert coords, Madrid 1870", "locationNotes": null, "notBeforeOpeningDate": null, "notAfterOpeningDate": null, "notBeforeClosingDate": null, "notAfterClosingDate": null, "inUseDate": null, "metalMinedGold": "FALSE", "metalMinedSilver": 1.0, "metalMinedLead": 1.0, "metalMinedCopper": 0.0, "metalMinedTin": 0.0, "metalMinedIron": 0.0, "metalMinedMercuryCinnabar": 0.0, "metalMinedZinc": 0.0, "metalMinedOther": 0.0, "description": null, "references": "Domergue 1990: 45", "techniqueOpencast": null, "techniqueUnderground": null, "techniqueHydraulic": "FALSE", "techniqueHushing": "FALSE", "techniqueGroundSluicing": "FALSE", "techniqueRuinaMontium": 0.0, "techniqueRakeComb": 0.0, "techniqueGoldWashing": 0.0, "techniqueOther": null, "notes": null, "geology": "Hard rock", "depositType": "Primary", "exploitationType": null, "Flag_Au_Oro": 0, "Status_Au_Oro": "No", "Flag_Ag_Plata": 1, "Status_Ag_Plata": "Confirmado", "Flag_Cu_Cobre": 0, "Status_Cu_Cobre": "No", "Flag_Pb_Plomo": 1, "Status_Pb_Plomo": "Confirmado", "Flag_Hg_Cinabrio": 0, "Status_Hg_Cinabrio": "No", "Flag_Sn_Estano": 0, "Status_Sn_Estano": "No", "Flag_Fe_Hierro": 0, "Status_Fe_Hierro": "No", "Tech_Ruina_Montium": 0, "Tech_Subterranea": 0, "Tech_Cielo_Abierto": 0, "Tech_Lavado_Placer": 0, "Certainty_Spatial": 1.0, "Certainty_Archaeological": 0.9, "Certainty_Metallogenic": 1.0, "Certainty_Score": 0.965, "Certainty_Grade": "Alta Certeza (Grado I)" }, "geometry": { "type": "Point", "coordinates": [ -5.53713651, 38.74690711 ] } },
{ "type": "Feature", "properties": { "mineID": 599, "site": "El Burcio", "ancientName": null, "province": "Hispania Tarraconensis", "country": "Spain", "region": "Ciudad Real", "miningDistrict": "Alcudia", "romanianRANID": null, "sanchezPalenciaAndOrejasID": null, "domergueID": "CR 35", "spainMapSheet": 836.0, "lambertX": 573.6, "lambertY": 439.7, "latitude": 38.55414094, "longitude": -3.99105831, "coordinateAccuracy": 100.0, "locationDataSource": "Converted in QGIS from Lambert coords, Madrid 1870", "locationNotes": null, "notBeforeOpeningDate": null, "notAfterOpeningDate": null, "notBeforeClosingDate": null, "notAfterClosingDate": null, "inUseDate": null, "metalMinedGold": "FALSE", "metalMinedSilver": 1.0, "metalMinedLead": 1.0, "metalMinedCopper": 0.0, "metalMinedTin": 0.0, "metalMinedIron": 0.0, "metalMinedMercuryCinnabar": 0.0, "metalMinedZinc": 0.0, "metalMinedOther": 0.0, "description": null, "references": "Domergue 1990: 46", "techniqueOpencast": null, "techniqueUnderground": null, "techniqueHydraulic": "FALSE", "techniqueHushing": "FALSE", "techniqueGroundSluicing": "FALSE", "techniqueRuinaMontium": 0.0, "techniqueRakeComb": 0.0, "techniqueGoldWashing": 0.0, "techniqueOther": null, "notes": null, "geology": null, "depositType": null, "exploitationType": null, "Flag_Au_Oro": 0, "Status_Au_Oro": "No", "Flag_Ag_Plata": 1, "Status_Ag_Plata": "Confirmado", "Flag_Cu_Cobre": 0, "Status_Cu_Cobre": "No", "Flag_Pb_Plomo": 1, "Status_Pb_Plomo": "Confirmado", "Flag_Hg_Cinabrio": 0, "Status_Hg_Cinabrio": "No", "Flag_Sn_Estano": 0, "Status_Sn_Estano": "No", "Flag_Fe_Hierro": 0, "Status_Fe_Hierro": "No", "Tech_Ruina_Montium": 0, "Tech_Subterranea": 0, "Tech_Cielo_Abierto": 0, "Tech_Lavado_Placer": 0, "Certainty_Spatial": 1.0, "Certainty_Archaeological": 0.9, "Certainty_Metallogenic": 1.0, "Certainty_Score": 0.965, "Certainty_Grade": "Alta Certeza (Grado I)" }, "geometry": { "type": "Point", "coordinates": [ -3.99105831, 38.55414094 ] } },
{ "type": "Feature", "properties": { "mineID": 602, "site": "El Calvo", "ancientName": null, "province": "Hispania Baetica", "country": "Spain", "region": "Badajoz", "miningDistrict": "Azuaga-Fuenteovejuna", "romanianRANID": null, "sanchezPalenciaAndOrejasID": null, "domergueID": "BA 26", "spainMapSheet": 878.0, "lambertX": 413.7, "lambertY": 411.7, "latitude": 38.28201657, "longitude": -5.81891239, "coordinateAccuracy": 100.0, "locationDataSource": "Converted in QGIS from Lambert coords, Madrid 1870", "locationNotes": null, "notBeforeOpeningDate": null, "notAfterOpeningDate": null, "notBeforeClosingDate": null, "notAfterClosingDate": null, "inUseDate": null, "metalMinedGold": "FALSE", "metalMinedSilver": 1.0, "metalMinedLead": 1.0, "metalMinedCopper": 0.0, "metalMinedTin": 0.0, "metalMinedIron": 0.0, "metalMinedMercuryCinnabar": 0.0, "metalMinedZinc": 0.0, "metalMinedOther": 0.0, "description": null, "references": "Domergue 1990: 46", "techniqueOpencast": 0.0, "techniqueUnderground": 1.0, "techniqueHydraulic": "FALSE", "techniqueHushing": "FALSE", "techniqueGroundSluicing": "FALSE", "techniqueRuinaMontium": 0.0, "techniqueRakeComb": 0.0, "techniqueGoldWashing": 0.0, "techniqueOther": 0.0, "notes": null, "geology": "Hard rock", "depositType": "Primary", "exploitationType": null, "Flag_Au_Oro": 0, "Status_Au_Oro": "No", "Flag_Ag_Plata": 1, "Status_Ag_Plata": "Confirmado", "Flag_Cu_Cobre": 0, "Status_Cu_Cobre": "No", "Flag_Pb_Plomo": 1, "Status_Pb_Plomo": "Confirmado", "Flag_Hg_Cinabrio": 0, "Status_Hg_Cinabrio": "No", "Flag_Sn_Estano": 0, "Status_Sn_Estano": "No", "Flag_Fe_Hierro": 0, "Status_Fe_Hierro": "No", "Tech_Ruina_Montium": 0, "Tech_Subterranea": 1, "Tech_Cielo_Abierto": 0, "Tech_Lavado_Placer": 0, "Certainty_Spatial": 1.0, "Certainty_Archaeological": 0.9, "Certainty_Metallogenic": 1.0, "Certainty_Score": 0.965, "Certainty_Grade": "Alta Certeza (Grado I)" }, "geometry": { "type": "Point", "coordinates": [ -5.81891239, 38.28201657 ] } },
{ "type": "Feature", "properties": { "mineID": 610, "site": "El Castillo", "ancientName": null, "province": "Hispania Tarraconensis", "country": "Spain", "region": "Jaén", "miningDistrict": "Linares - La Carolina", "romanianRANID": null, "sanchezPalenciaAndOrejasID": null, "domergueID": "J 19", "spainMapSheet": 884.0, "lambertX": 607.8, "lambertY": 411.2, "latitude": 38.29755179, "longitude": -3.59870814, "coordinateAccuracy": 100.0, "locationDataSource": "Converted in QGIS from Lambert coords, Madrid 1870", "locationNotes": null, "notBeforeOpeningDate": null, "notAfterOpeningDate": null, "notBeforeClosingDate": null, "notAfterClosingDate": null, "inUseDate": null, "metalMinedGold": "FALSE", "metalMinedSilver": 1.0, "metalMinedLead": 1.0, "metalMinedCopper": 0.0, "metalMinedTin": 0.0, "metalMinedIron": 0.0, "metalMinedMercuryCinnabar": 0.0, "metalMinedZinc": 0.0, "metalMinedOther": 0.0, "description": null, "references": "Domergue 1990: 45", "techniqueOpencast": 0.0, "techniqueUnderground": 1.0, "techniqueHydraulic": "FALSE", "techniqueHushing": "FALSE", "techniqueGroundSluicing": "FALSE", "techniqueRuinaMontium": 0.0, "techniqueRakeComb": 0.0, "techniqueGoldWashing": 0.0, "techniqueOther": 0.0, "notes": null, "geology": "Hard rock", "depositType": null, "exploitationType": null, "Flag_Au_Oro": 0, "Status_Au_Oro": "No", "Flag_Ag_Plata": 1, "Status_Ag_Plata": "Confirmado", "Flag_Cu_Cobre": 0, "Status_Cu_Cobre": "No", "Flag_Pb_Plomo": 1, "Status_Pb_Plomo": "Confirmado", "Flag_Hg_Cinabrio": 0, "Status_Hg_Cinabrio": "No", "Flag_Sn_Estano": 0, "Status_Sn_Estano": "No", "Flag_Fe_Hierro": 0, "Status_Fe_Hierro": "No", "Tech_Ruina_Montium": 0, "Tech_Subterranea": 1, "Tech_Cielo_Abierto": 0, "Tech_Lavado_Placer": 0, "Certainty_Spatial": 1.0, "Certainty_Archaeological": 0.9, "Certainty_Metallogenic": 1.0, "Certainty_Score": 0.965, "Certainty_Grade": "Alta Certeza (Grado I)" }, "geometry": { "type": "Point", "coordinates": [ -3.59870814, 38.29755179 ] } },
{ "type": "Feature", "properties": { "mineID": 612, "site": "El Centenillo", "ancientName": null, "province": "Hispania Tarraconensis", "country": "Spain", "region": "Jaén", "miningDistrict": "Linares - La Carolina", "romanianRANID": null, "sanchezPalenciaAndOrejasID": null, "domergueID": "J 12", "spainMapSheet": 862.0, "lambertX": 595.7, "lambertY": 415.8, "latitude": 38.33904894, "longitude": -3.73715927, "coordinateAccuracy": 100.0, "locationDataSource": "Converted in QGIS from Lambert coords, Madrid 1870", "locationNotes": null, "notBeforeOpeningDate": -300.0, "notAfterOpeningDate": -200.0, "notBeforeClosingDate": null, "notAfterClosingDate": null, "inUseDate": null, "metalMinedGold": "FALSE", "metalMinedSilver": 1.0, "metalMinedLead": 1.0, "metalMinedCopper": 0.0, "metalMinedTin": 0.0, "metalMinedIron": 0.0, "metalMinedMercuryCinnabar": 0.0, "metalMinedZinc": 0.0, "metalMinedOther": 0.0, "description": "Large underground Roman silver and lead mine. Based on archeaological finds including coins the mining started in the 2nd century BC. Five Archimedes’ screws have been found along with mining tools. The mines went to a depth of 225 metres.", "references": "Domergue 1971: 265-363; Domergue 1990: 45", "techniqueOpencast": 0.0, "techniqueUnderground": 1.0, "techniqueHydraulic": "FALSE", "techniqueHushing": "FALSE", "techniqueGroundSluicing": "FALSE", "techniqueRuinaMontium": 0.0, "techniqueRakeComb": 0.0, "techniqueGoldWashing": 0.0, "techniqueOther": 0.0, "notes": null, "geology": "Hard rock", "depositType": null, "exploitationType": null, "Flag_Au_Oro": 0, "Status_Au_Oro": "No", "Flag_Ag_Plata": 1, "Status_Ag_Plata": "Confirmado", "Flag_Cu_Cobre": 0, "Status_Cu_Cobre": "No", "Flag_Pb_Plomo": 1, "Status_Pb_Plomo": "Confirmado", "Flag_Hg_Cinabrio": 0, "Status_Hg_Cinabrio": "No", "Flag_Sn_Estano": 0, "Status_Sn_Estano": "No", "Flag_Fe_Hierro": 0, "Status_Fe_Hierro": "No", "Tech_Ruina_Montium": 0, "Tech_Subterranea": 1, "Tech_Cielo_Abierto": 0, "Tech_Lavado_Placer": 0, "Certainty_Spatial": 1.0, "Certainty_Archaeological": 0.9, "Certainty_Metallogenic": 1.0, "Certainty_Score": 0.965, "Certainty_Grade": "Alta Certeza (Grado I)" }, "geometry": { "type": "Point", "coordinates": [ -3.73715927, 38.33904894 ] } },
{ "type": "Feature", "properties": { "mineID": 613, "site": "El Charcón", "ancientName": null, "province": "Hispania Baetica", "country": "Spain", "region": "Murcia", "miningDistrict": "Almería", "romanianRANID": null, "sanchezPalenciaAndOrejasID": null, "domergueID": "MU 1", "spainMapSheet": 997.0, "lambertX": 780.5, "lambertY": 320.6, "latitude": 37.46227813, "longitude": -1.647137774, "coordinateAccuracy": 100.0, "locationDataSource": "Converted in QGIS from Lambert coords, Madrid 1870", "locationNotes": null, "notBeforeOpeningDate": null, "notAfterOpeningDate": null, "notBeforeClosingDate": null, "notAfterClosingDate": null, "inUseDate": null, "metalMinedGold": "FALSE", "metalMinedSilver": 1.0, "metalMinedLead": 1.0, "metalMinedCopper": 0.0, "metalMinedTin": 0.0, "metalMinedIron": 0.0, "metalMinedMercuryCinnabar": 0.0, "metalMinedZinc": 0.0, "metalMinedOther": 0.0, "description": null, "references": "Domergue 1990: 64", "techniqueOpencast": 0.0, "techniqueUnderground": 1.0, "techniqueHydraulic": "FALSE", "techniqueHushing": "FALSE", "techniqueGroundSluicing": "FALSE", "techniqueRuinaMontium": 0.0, "techniqueRakeComb": 0.0, "techniqueGoldWashing": 0.0, "techniqueOther": 0.0, "notes": null, "geology": null, "depositType": null, "exploitationType": null, "Flag_Au_Oro": 0, "Status_Au_Oro": "No", "Flag_Ag_Plata": 1, "Status_Ag_Plata": "Confirmado", "Flag_Cu_Cobre": 0, "Status_Cu_Cobre": "No", "Flag_Pb_Plomo": 1, "Status_Pb_Plomo": "Confirmado", "Flag_Hg_Cinabrio": 0, "Status_Hg_Cinabrio": "No", "Flag_Sn_Estano": 0, "Status_Sn_Estano": "No", "Flag_Fe_Hierro": 0, "Status_Fe_Hierro": "No", "Tech_Ruina_Montium": 0, "Tech_Subterranea": 1, "Tech_Cielo_Abierto": 0, "Tech_Lavado_Placer": 0, "Certainty_Spatial": 1.0, "Certainty_Archaeological": 0.9, "Certainty_Metallogenic": 1.0, "Certainty_Score": 0.965, "Certainty_Grade": "Alta Certeza (Grado I)" }, "geometry": { "type": "Point", "coordinates": [ -1.647137774, 37.46227813 ] } },
{ "type": "Feature", "properties": { "mineID": 614, "site": "El Chaves", "ancientName": null, "province": "Hispania Tarraconensis", "country": "Spain", "region": "Jaén", "miningDistrict": "Linares - La Carolina", "romanianRANID": null, "sanchezPalenciaAndOrejasID": null, "domergueID": "J 22", "spainMapSheet": 905.0, "lambertX": 602.9, "lambertY": 393.5, "latitude": 38.13800816, "longitude": -3.65483854, "coordinateAccuracy": 100.0, "locationDataSource": "Converted in QGIS from Lambert coords, Madrid 1870", "locationNotes": null, "notBeforeOpeningDate": null, "notAfterOpeningDate": null, "notBeforeClosingDate": null, "notAfterClosingDate": null, "inUseDate": null, "metalMinedGold": "FALSE", "metalMinedSilver": 1.0, "metalMinedLead": 1.0, "metalMinedCopper": 0.0, "metalMinedTin": 0.0, "metalMinedIron": 0.0, "metalMinedMercuryCinnabar": 0.0, "metalMinedZinc": 0.0, "metalMinedOther": 0.0, "description": null, "references": "Domergue 1990: 45", "techniqueOpencast": 0.0, "techniqueUnderground": 1.0, "techniqueHydraulic": "FALSE", "techniqueHushing": "FALSE", "techniqueGroundSluicing": "FALSE", "techniqueRuinaMontium": 0.0, "techniqueRakeComb": 0.0, "techniqueGoldWashing": 0.0, "techniqueOther": 0.0, "notes": null, "geology": "Hard rock", "depositType": null, "exploitationType": null, "Flag_Au_Oro": 0, "Status_Au_Oro": "No", "Flag_Ag_Plata": 1, "Status_Ag_Plata": "Confirmado", "Flag_Cu_Cobre": 0, "Status_Cu_Cobre": "No", "Flag_Pb_Plomo": 1, "Status_Pb_Plomo": "Confirmado", "Flag_Hg_Cinabrio": 0, "Status_Hg_Cinabrio": "No", "Flag_Sn_Estano": 0, "Status_Sn_Estano": "No", "Flag_Fe_Hierro": 0, "Status_Fe_Hierro": "No", "Tech_Ruina_Montium": 0, "Tech_Subterranea": 1, "Tech_Cielo_Abierto": 0, "Tech_Lavado_Placer": 0, "Certainty_Spatial": 1.0, "Certainty_Archaeological": 0.9, "Certainty_Metallogenic": 1.0, "Certainty_Score": 0.965, "Certainty_Grade": "Alta Certeza (Grado I)" }, "geometry": { "type": "Point", "coordinates": [ -3.65483854, 38.13800816 ] } },
{ "type": "Feature", "properties": { "mineID": 615, "site": "El Chorrillo", "ancientName": null, "province": "Hispania Tarraconensis", "country": "Spain", "region": "Ciudad Real", "miningDistrict": "Alcudia", "romanianRANID": null, "sanchezPalenciaAndOrejasID": null, "domergueID": "CR 41", "spainMapSheet": 861.0, "lambertX": 579.0, "lambertY": 426.0, "latitude": 38.43076709, "longitude": -3.9286322, "coordinateAccuracy": 100.0, "locationDataSource": "Converted in QGIS from Lambert coords, Madrid 1870", "locationNotes": null, "notBeforeOpeningDate": null, "notAfterOpeningDate": null, "notBeforeClosingDate": null, "notAfterClosingDate": null, "inUseDate": null, "metalMinedGold": "FALSE", "metalMinedSilver": 1.0, "metalMinedLead": 1.0, "metalMinedCopper": 0.0, "metalMinedTin": 0.0, "metalMinedIron": 0.0, "metalMinedMercuryCinnabar": 0.0, "metalMinedZinc": 0.0, "metalMinedOther": 0.0, "description": null, "references": "Domergue 1990: 46", "techniqueOpencast": null, "techniqueUnderground": null, "techniqueHydraulic": "FALSE", "techniqueHushing": "FALSE", "techniqueGroundSluicing": "FALSE", "techniqueRuinaMontium": 0.0, "techniqueRakeComb": 0.0, "techniqueGoldWashing": 0.0, "techniqueOther": null, "notes": null, "geology": null, "depositType": null, "exploitationType": null, "Flag_Au_Oro": 0, "Status_Au_Oro": "No", "Flag_Ag_Plata": 1, "Status_Ag_Plata": "Confirmado", "Flag_Cu_Cobre": 0, "Status_Cu_Cobre": "No", "Flag_Pb_Plomo": 1, "Status_Pb_Plomo": "Confirmado", "Flag_Hg_Cinabrio": 0, "Status_Hg_Cinabrio": "No", "Flag_Sn_Estano": 0, "Status_Sn_Estano": "No", "Flag_Fe_Hierro": 0, "Status_Fe_Hierro": "No", "Tech_Ruina_Montium": 0, "Tech_Subterranea": 0, "Tech_Cielo_Abierto": 0, "Tech_Lavado_Placer": 0, "Certainty_Spatial": 1.0, "Certainty_Archaeological": 0.9, "Certainty_Metallogenic": 1.0, "Certainty_Score": 0.965, "Certainty_Grade": "Alta Certeza (Grado I)" }, "geometry": { "type": "Point", "coordinates": [ -3.9286322, 38.43076709 ] } },
{ "type": "Feature", "properties": { "mineID": 629, "site": "El Francés", "ancientName": null, "province": "Hispania Baetica", "country": "Spain", "region": "Córdoba", "miningDistrict": "Posadas", "romanianRANID": null, "sanchezPalenciaAndOrejasID": null, "domergueID": "CO 10", "spainMapSheet": 922.0, "lambertX": 480.5, "lambertY": 366.0, "latitude": 37.88189495, "longitude": -5.04701024, "coordinateAccuracy": 100.0, "locationDataSource": "Converted in QGIS from Lambert coords, Madrid 1870", "locationNotes": null, "notBeforeOpeningDate": null, "notAfterOpeningDate": null, "notBeforeClosingDate": null, "notAfterClosingDate": null, "inUseDate": null, "metalMinedGold": "FALSE", "metalMinedSilver": 1.0, "metalMinedLead": 1.0, "metalMinedCopper": 1.0, "metalMinedTin": 0.0, "metalMinedIron": 0.0, "metalMinedMercuryCinnabar": 0.0, "metalMinedZinc": 0.0, "metalMinedOther": 0.0, "description": null, "references": "Domergue 1990: 45", "techniqueOpencast": null, "techniqueUnderground": null, "techniqueHydraulic": "FALSE", "techniqueHushing": "FALSE", "techniqueGroundSluicing": "FALSE", "techniqueRuinaMontium": 0.0, "techniqueRakeComb": 0.0, "techniqueGoldWashing": 0.0, "techniqueOther": null, "notes": null, "geology": "Hard rock", "depositType": "Primary", "exploitationType": null, "Flag_Au_Oro": 0, "Status_Au_Oro": "No", "Flag_Ag_Plata": 1, "Status_Ag_Plata": "Confirmado", "Flag_Cu_Cobre": 1, "Status_Cu_Cobre": "Confirmado", "Flag_Pb_Plomo": 1, "Status_Pb_Plomo": "Confirmado", "Flag_Hg_Cinabrio": 0, "Status_Hg_Cinabrio": "No", "Flag_Sn_Estano": 0, "Status_Sn_Estano": "No", "Flag_Fe_Hierro": 0, "Status_Fe_Hierro": "No", "Tech_Ruina_Montium": 0, "Tech_Subterranea": 0, "Tech_Cielo_Abierto": 0, "Tech_Lavado_Placer": 0, "Certainty_Spatial": 1.0, "Certainty_Archaeological": 0.9, "Certainty_Metallogenic": 1.0, "Certainty_Score": 0.965, "Certainty_Grade": "Alta Certeza (Grado I)" }, "geometry": { "type": "Point", "coordinates": [ -5.04701024, 37.88189495 ] } },
{ "type": "Feature", "properties": { "mineID": 634, "site": "El Galayo", "ancientName": null, "province": "Hispania Baetica", "country": "Spain", "region": "Sevilla", "miningDistrict": "Sevilla", "romanianRANID": null, "sanchezPalenciaAndOrejasID": null, "domergueID": "SE 14", "spainMapSheet": 942.0, "lambertX": 446.7, "lambertY": 356.2, "latitude": 37.78827228, "longitude": -5.429153002, "coordinateAccuracy": 100.0, "locationDataSource": "Converted in QGIS from Lambert coords, Madrid 1870", "locationNotes": null, "notBeforeOpeningDate": null, "notAfterOpeningDate": null, "notBeforeClosingDate": null, "notAfterClosingDate": null, "inUseDate": null, "metalMinedGold": "FALSE", "metalMinedSilver": 1.0, "metalMinedLead": 1.0, "metalMinedCopper": 0.0, "metalMinedTin": 0.0, "metalMinedIron": 0.0, "metalMinedMercuryCinnabar": 0.0, "metalMinedZinc": 0.0, "metalMinedOther": 0.0, "description": null, "references": "Domergue 1990: 48", "techniqueOpencast": null, "techniqueUnderground": null, "techniqueHydraulic": "FALSE", "techniqueHushing": "FALSE", "techniqueGroundSluicing": "FALSE", "techniqueRuinaMontium": 0.0, "techniqueRakeComb": 0.0, "techniqueGoldWashing": 0.0, "techniqueOther": null, "notes": null, "geology": "Hard rock", "depositType": "Primary", "exploitationType": null, "Flag_Au_Oro": 0, "Status_Au_Oro": "No", "Flag_Ag_Plata": 1, "Status_Ag_Plata": "Confirmado", "Flag_Cu_Cobre": 0, "Status_Cu_Cobre": "No", "Flag_Pb_Plomo": 1, "Status_Pb_Plomo": "Confirmado", "Flag_Hg_Cinabrio": 0, "Status_Hg_Cinabrio": "No", "Flag_Sn_Estano": 0, "Status_Sn_Estano": "No", "Flag_Fe_Hierro": 0, "Status_Fe_Hierro": "No", "Tech_Ruina_Montium": 0, "Tech_Subterranea": 0, "Tech_Cielo_Abierto": 0, "Tech_Lavado_Placer": 0, "Certainty_Spatial": 1.0, "Certainty_Archaeological": 0.9, "Certainty_Metallogenic": 1.0, "Certainty_Score": 0.965, "Certainty_Grade": "Alta Certeza (Grado I)" }, "geometry": { "type": "Point", "coordinates": [ -5.429153002, 37.78827228 ] } },
{ "type": "Feature", "properties": { "mineID": 635, "site": "El Gallo", "ancientName": null, "province": "Hispania Tarraconensis", "country": "Spain", "region": "Ciudad Real", "miningDistrict": "Alcudia", "romanianRANID": null, "sanchezPalenciaAndOrejasID": null, "domergueID": "CR 20", "spainMapSheet": 835.0, "lambertX": 542.5, "lambertY": 439.4, "latitude": 38.54992087, "longitude": -4.34810714, "coordinateAccuracy": 100.0, "locationDataSource": "Converted in QGIS from Lambert coords, Madrid 1870", "locationNotes": null, "notBeforeOpeningDate": null, "notAfterOpeningDate": null, "notBeforeClosingDate": null, "notAfterClosingDate": null, "inUseDate": null, "metalMinedGold": "FALSE", "metalMinedSilver": 1.0, "metalMinedLead": 1.0, "metalMinedCopper": 0.0, "metalMinedTin": 0.0, "metalMinedIron": 0.0, "metalMinedMercuryCinnabar": 0.0, "metalMinedZinc": 0.0, "metalMinedOther": 0.0, "description": null, "references": "Domergue 1990: 46", "techniqueOpencast": 0.0, "techniqueUnderground": 1.0, "techniqueHydraulic": "FALSE", "techniqueHushing": "FALSE", "techniqueGroundSluicing": "FALSE", "techniqueRuinaMontium": 0.0, "techniqueRakeComb": 0.0, "techniqueGoldWashing": 0.0, "techniqueOther": 0.0, "notes": null, "geology": null, "depositType": null, "exploitationType": null, "Flag_Au_Oro": 0, "Status_Au_Oro": "No", "Flag_Ag_Plata": 1, "Status_Ag_Plata": "Confirmado", "Flag_Cu_Cobre": 0, "Status_Cu_Cobre": "No", "Flag_Pb_Plomo": 1, "Status_Pb_Plomo": "Confirmado", "Flag_Hg_Cinabrio": 0, "Status_Hg_Cinabrio": "No", "Flag_Sn_Estano": 0, "Status_Sn_Estano": "No", "Flag_Fe_Hierro": 0, "Status_Fe_Hierro": "No", "Tech_Ruina_Montium": 0, "Tech_Subterranea": 1, "Tech_Cielo_Abierto": 0, "Tech_Lavado_Placer": 0, "Certainty_Spatial": 1.0, "Certainty_Archaeological": 0.9, "Certainty_Metallogenic": 1.0, "Certainty_Score": 0.965, "Certainty_Grade": "Alta Certeza (Grado I)" }, "geometry": { "type": "Point", "coordinates": [ -4.34810714, 38.54992087 ] } },
{ "type": "Feature", "properties": { "mineID": 637, "site": "El Hambre", "ancientName": null, "province": "Hispania Baetica", "country": "Spain", "region": "Córdoba", "miningDistrict": "Azuaga-Fuenteovejuna", "romanianRANID": null, "sanchezPalenciaAndOrejasID": null, "domergueID": "CO 59", "spainMapSheet": 879.0, "lambertX": 440.7, "lambertY": 398.8, "latitude": 38.17113815, "longitude": -5.50715773, "coordinateAccuracy": 100.0, "locationDataSource": "Converted in QGIS from Lambert coords, Madrid 1870", "locationNotes": null, "notBeforeOpeningDate": null, "notAfterOpeningDate": null, "notBeforeClosingDate": null, "notAfterClosingDate": null, "inUseDate": null, "metalMinedGold": "FALSE", "metalMinedSilver": 1.0, "metalMinedLead": 1.0, "metalMinedCopper": 0.0, "metalMinedTin": 0.0, "metalMinedIron": 0.0, "metalMinedMercuryCinnabar": 0.0, "metalMinedZinc": 0.0, "metalMinedOther": 0.0, "description": null, "references": "Domergue 1990: 46", "techniqueOpencast": 0.0, "techniqueUnderground": 1.0, "techniqueHydraulic": "FALSE", "techniqueHushing": "FALSE", "techniqueGroundSluicing": "FALSE", "techniqueRuinaMontium": 0.0, "techniqueRakeComb": 0.0, "techniqueGoldWashing": 0.0, "techniqueOther": 0.0, "notes": null, "geology": "Hard rock", "depositType": "Primary", "exploitationType": null, "Flag_Au_Oro": 0, "Status_Au_Oro": "No", "Flag_Ag_Plata": 1, "Status_Ag_Plata": "Confirmado", "Flag_Cu_Cobre": 0, "Status_Cu_Cobre": "No", "Flag_Pb_Plomo": 1, "Status_Pb_Plomo": "Confirmado", "Flag_Hg_Cinabrio": 0, "Status_Hg_Cinabrio": "No", "Flag_Sn_Estano": 0, "Status_Sn_Estano": "No", "Flag_Fe_Hierro": 0, "Status_Fe_Hierro": "No", "Tech_Ruina_Montium": 0, "Tech_Subterranea": 1, "Tech_Cielo_Abierto": 0, "Tech_Lavado_Placer": 0, "Certainty_Spatial": 1.0, "Certainty_Archaeological": 0.9, "Certainty_Metallogenic": 1.0, "Certainty_Score": 0.965, "Certainty_Grade": "Alta Certeza (Grado I)" }, "geometry": { "type": "Point", "coordinates": [ -5.50715773, 38.17113815 ] } },
{ "type": "Feature", "properties": { "mineID": 640, "site": "El Infierno", "ancientName": null, "province": "Hispania Baetica", "country": "Spain", "region": "Badajoz", "miningDistrict": "Azuaga-Fuenteovejuna", "romanianRANID": null, "sanchezPalenciaAndOrejasID": null, "domergueID": "BA 24", "spainMapSheet": 878.0, "lambertX": 432.7, "lambertY": 406.2, "latitude": 38.2363282, "longitude": -5.60030384, "coordinateAccuracy": 100.0, "locationDataSource": "Converted in QGIS from Lambert coords, Madrid 1870", "locationNotes": null, "notBeforeOpeningDate": null, "notAfterOpeningDate": null, "notBeforeClosingDate": null, "notAfterClosingDate": null, "inUseDate": null, "metalMinedGold": "FALSE", "metalMinedSilver": 1.0, "metalMinedLead": 1.0, "metalMinedCopper": 0.0, "metalMinedTin": 0.0, "metalMinedIron": 0.0, "metalMinedMercuryCinnabar": 0.0, "metalMinedZinc": 0.0, "metalMinedOther": 0.0, "description": null, "references": "Domergue 1990: 46", "techniqueOpencast": 0.0, "techniqueUnderground": 1.0, "techniqueHydraulic": "FALSE", "techniqueHushing": "FALSE", "techniqueGroundSluicing": "FALSE", "techniqueRuinaMontium": 0.0, "techniqueRakeComb": 0.0, "techniqueGoldWashing": 0.0, "techniqueOther": 0.0, "notes": null, "geology": "Hard rock", "depositType": "Primary", "exploitationType": null, "Flag_Au_Oro": 0, "Status_Au_Oro": "No", "Flag_Ag_Plata": 1, "Status_Ag_Plata": "Confirmado", "Flag_Cu_Cobre": 0, "Status_Cu_Cobre": "No", "Flag_Pb_Plomo": 1, "Status_Pb_Plomo": "Confirmado", "Flag_Hg_Cinabrio": 0, "Status_Hg_Cinabrio": "No", "Flag_Sn_Estano": 0, "Status_Sn_Estano": "No", "Flag_Fe_Hierro": 0, "Status_Fe_Hierro": "No", "Tech_Ruina_Montium": 0, "Tech_Subterranea": 1, "Tech_Cielo_Abierto": 0, "Tech_Lavado_Placer": 0, "Certainty_Spatial": 1.0, "Certainty_Archaeological": 0.9, "Certainty_Metallogenic": 1.0, "Certainty_Score": 0.965, "Certainty_Grade": "Alta Certeza (Grado I)" }, "geometry": { "type": "Point", "coordinates": [ -5.60030384, 38.2363282 ] } },
{ "type": "Feature", "properties": { "mineID": 641, "site": "El Ingertal", "ancientName": null, "province": "Hispania Baetica", "country": "Spain", "region": "Córdoba", "miningDistrict": "Posadas", "romanianRANID": null, "sanchezPalenciaAndOrejasID": null, "domergueID": "CO 9", "spainMapSheet": 922.0, "lambertX": 487.0, "lambertY": 361.5, "latitude": 37.8422045, "longitude": -4.97235898, "coordinateAccuracy": 100.0, "locationDataSource": "Converted in QGIS from Lambert coords, Madrid 1870", "locationNotes": null, "notBeforeOpeningDate": null, "notAfterOpeningDate": null, "notBeforeClosingDate": null, "notAfterClosingDate": null, "inUseDate": null, "metalMinedGold": "FALSE", "metalMinedSilver": 1.0, "metalMinedLead": 1.0, "metalMinedCopper": null, "metalMinedTin": 0.0, "metalMinedIron": 0.0, "metalMinedMercuryCinnabar": 0.0, "metalMinedZinc": 0.0, "metalMinedOther": 0.0, "description": null, "references": "Domergue 1990: 45", "techniqueOpencast": null, "techniqueUnderground": null, "techniqueHydraulic": "FALSE", "techniqueHushing": "FALSE", "techniqueGroundSluicing": "FALSE", "techniqueRuinaMontium": 0.0, "techniqueRakeComb": 0.0, "techniqueGoldWashing": 0.0, "techniqueOther": null, "notes": null, "geology": "Hard rock", "depositType": "Primary", "exploitationType": null, "Flag_Au_Oro": 0, "Status_Au_Oro": "No", "Flag_Ag_Plata": 1, "Status_Ag_Plata": "Confirmado", "Flag_Cu_Cobre": 0, "Status_Cu_Cobre": "No", "Flag_Pb_Plomo": 1, "Status_Pb_Plomo": "Confirmado", "Flag_Hg_Cinabrio": 0, "Status_Hg_Cinabrio": "No", "Flag_Sn_Estano": 0, "Status_Sn_Estano": "No", "Flag_Fe_Hierro": 0, "Status_Fe_Hierro": "No", "Tech_Ruina_Montium": 0, "Tech_Subterranea": 0, "Tech_Cielo_Abierto": 0, "Tech_Lavado_Placer": 0, "Certainty_Spatial": 1.0, "Certainty_Archaeological": 0.9, "Certainty_Metallogenic": 1.0, "Certainty_Score": 0.965, "Certainty_Grade": "Alta Certeza (Grado I)" }, "geometry": { "type": "Point", "coordinates": [ -4.97235898, 37.8422045 ] } },
{ "type": "Feature", "properties": { "mineID": 646, "site": "El Lirio", "ancientName": null, "province": "Hispania Baetica", "country": "Spain", "region": "Badajoz", "miningDistrict": "Azuaga-Fuenteovejuna", "romanianRANID": null, "sanchezPalenciaAndOrejasID": null, "domergueID": "BA 23", "spainMapSheet": 878.0, "lambertX": 431.7, "lambertY": 405.4, "latitude": 38.22892347, "longitude": -5.61153374, "coordinateAccuracy": 100.0, "locationDataSource": "Converted in QGIS from Lambert coords, Madrid 1870", "locationNotes": null, "notBeforeOpeningDate": null, "notAfterOpeningDate": null, "notBeforeClosingDate": null, "notAfterClosingDate": null, "inUseDate": null, "metalMinedGold": "FALSE", "metalMinedSilver": 1.0, "metalMinedLead": 1.0, "metalMinedCopper": 0.0, "metalMinedTin": 0.0, "metalMinedIron": 0.0, "metalMinedMercuryCinnabar": 0.0, "metalMinedZinc": 0.0, "metalMinedOther": 0.0, "description": null, "references": "Domergue 1990: 46", "techniqueOpencast": 0.0, "techniqueUnderground": 1.0, "techniqueHydraulic": "FALSE", "techniqueHushing": "FALSE", "techniqueGroundSluicing": "FALSE", "techniqueRuinaMontium": 0.0, "techniqueRakeComb": 0.0, "techniqueGoldWashing": 0.0, "techniqueOther": 0.0, "notes": null, "geology": "Hard rock", "depositType": "Primary", "exploitationType": null, "Flag_Au_Oro": 0, "Status_Au_Oro": "No", "Flag_Ag_Plata": 1, "Status_Ag_Plata": "Confirmado", "Flag_Cu_Cobre": 0, "Status_Cu_Cobre": "No", "Flag_Pb_Plomo": 1, "Status_Pb_Plomo": "Confirmado", "Flag_Hg_Cinabrio": 0, "Status_Hg_Cinabrio": "No", "Flag_Sn_Estano": 0, "Status_Sn_Estano": "No", "Flag_Fe_Hierro": 0, "Status_Fe_Hierro": "No", "Tech_Ruina_Montium": 0, "Tech_Subterranea": 1, "Tech_Cielo_Abierto": 0, "Tech_Lavado_Placer": 0, "Certainty_Spatial": 1.0, "Certainty_Archaeological": 0.9, "Certainty_Metallogenic": 1.0, "Certainty_Score": 0.965, "Certainty_Grade": "Alta Certeza (Grado I)" }, "geometry": { "type": "Point", "coordinates": [ -5.61153374, 38.22892347 ] } },
{ "type": "Feature", "properties": { "mineID": 650, "site": "El Mochuelo", "ancientName": null, "province": "Hispania Tarraconensis", "country": "Spain", "region": "Ciudad Real", "miningDistrict": "Alcudia", "romanianRANID": null, "sanchezPalenciaAndOrejasID": null, "domergueID": "CR 19", "spainMapSheet": 834.0, "lambertX": 522.7, "lambertY": 442.7, "latitude": 38.57812384, "longitude": -4.57579891, "coordinateAccuracy": 100.0, "locationDataSource": "Converted in QGIS from Lambert coords, Madrid 1870", "locationNotes": null, "notBeforeOpeningDate": null, "notAfterOpeningDate": null, "notBeforeClosingDate": null, "notAfterClosingDate": null, "inUseDate": null, "metalMinedGold": "FALSE", "metalMinedSilver": 1.0, "metalMinedLead": 1.0, "metalMinedCopper": 0.0, "metalMinedTin": 0.0, "metalMinedIron": 0.0, "metalMinedMercuryCinnabar": 0.0, "metalMinedZinc": 0.0, "metalMinedOther": 0.0, "description": null, "references": "Domergue 1990: 46", "techniqueOpencast": 0.0, "techniqueUnderground": 1.0, "techniqueHydraulic": "FALSE", "techniqueHushing": "FALSE", "techniqueGroundSluicing": "FALSE", "techniqueRuinaMontium": 0.0, "techniqueRakeComb": 0.0, "techniqueGoldWashing": 0.0, "techniqueOther": 0.0, "notes": null, "geology": null, "depositType": null, "exploitationType": null, "Flag_Au_Oro": 0, "Status_Au_Oro": "No", "Flag_Ag_Plata": 1, "Status_Ag_Plata": "Confirmado", "Flag_Cu_Cobre": 0, "Status_Cu_Cobre": "No", "Flag_Pb_Plomo": 1, "Status_Pb_Plomo": "Confirmado", "Flag_Hg_Cinabrio": 0, "Status_Hg_Cinabrio": "No", "Flag_Sn_Estano": 0, "Status_Sn_Estano": "No", "Flag_Fe_Hierro": 0, "Status_Fe_Hierro": "No", "Tech_Ruina_Montium": 0, "Tech_Subterranea": 1, "Tech_Cielo_Abierto": 0, "Tech_Lavado_Placer": 0, "Certainty_Spatial": 1.0, "Certainty_Archaeological": 0.9, "Certainty_Metallogenic": 1.0, "Certainty_Score": 0.965, "Certainty_Grade": "Alta Certeza (Grado I)" }, "geometry": { "type": "Point", "coordinates": [ -4.57579891, 38.57812384 ] } },
{ "type": "Feature", "properties": { "mineID": 651, "site": "El Morte", "ancientName": null, "province": "Hispania Baetica", "country": "Spain", "region": "Jaén", "miningDistrict": null, "romanianRANID": null, "sanchezPalenciaAndOrejasID": null, "domergueID": "J 16", "spainMapSheet": 864.0, "lambertX": 667.8, "lambertY": 420.0, "latitude": 38.37426398, "longitude": -2.91146018, "coordinateAccuracy": 100.0, "locationDataSource": "Converted in QGIS from Lambert coords, Madrid 1870", "locationNotes": null, "notBeforeOpeningDate": null, "notAfterOpeningDate": null, "notBeforeClosingDate": null, "notAfterClosingDate": null, "inUseDate": null, "metalMinedGold": "FALSE", "metalMinedSilver": 1.0, "metalMinedLead": 1.0, "metalMinedCopper": 0.0, "metalMinedTin": 0.0, "metalMinedIron": 0.0, "metalMinedMercuryCinnabar": 0.0, "metalMinedZinc": 0.0, "metalMinedOther": 0.0, "description": null, "references": "Domergue 1990: 48", "techniqueOpencast": null, "techniqueUnderground": null, "techniqueHydraulic": "FALSE", "techniqueHushing": "FALSE", "techniqueGroundSluicing": "FALSE", "techniqueRuinaMontium": 0.0, "techniqueRakeComb": 0.0, "techniqueGoldWashing": 0.0, "techniqueOther": null, "notes": null, "geology": "Hard rock", "depositType": "Primary", "exploitationType": null, "Flag_Au_Oro": 0, "Status_Au_Oro": "No", "Flag_Ag_Plata": 1, "Status_Ag_Plata": "Confirmado", "Flag_Cu_Cobre": 0, "Status_Cu_Cobre": "No", "Flag_Pb_Plomo": 1, "Status_Pb_Plomo": "Confirmado", "Flag_Hg_Cinabrio": 0, "Status_Hg_Cinabrio": "No", "Flag_Sn_Estano": 0, "Status_Sn_Estano": "No", "Flag_Fe_Hierro": 0, "Status_Fe_Hierro": "No", "Tech_Ruina_Montium": 0, "Tech_Subterranea": 0, "Tech_Cielo_Abierto": 0, "Tech_Lavado_Placer": 0, "Certainty_Spatial": 1.0, "Certainty_Archaeological": 0.9, "Certainty_Metallogenic": 1.0, "Certainty_Score": 0.965, "Certainty_Grade": "Alta Certeza (Grado I)" }, "geometry": { "type": "Point", "coordinates": [ -2.91146018, 38.37426398 ] } },
{ "type": "Feature", "properties": { "mineID": 652, "site": "El Nido", "ancientName": null, "province": "Hispania Tarraconensis", "country": "Spain", "region": "Ciudad Real", "miningDistrict": "Alcudia", "romanianRANID": null, "sanchezPalenciaAndOrejasID": null, "domergueID": "CR 23", "spainMapSheet": 835.0, "lambertX": 543.5, "lambertY": 446.5, "latitude": 38.61400244, "longitude": -4.33722013, "coordinateAccuracy": 100.0, "locationDataSource": "Converted in QGIS from Lambert coords, Madrid 1870", "locationNotes": null, "notBeforeOpeningDate": null, "notAfterOpeningDate": null, "notBeforeClosingDate": null, "notAfterClosingDate": null, "inUseDate": null, "metalMinedGold": "FALSE", "metalMinedSilver": 1.0, "metalMinedLead": 1.0, "metalMinedCopper": 0.0, "metalMinedTin": 0.0, "metalMinedIron": 0.0, "metalMinedMercuryCinnabar": 0.0, "metalMinedZinc": 0.0, "metalMinedOther": 0.0, "description": null, "references": "Domergue 1990: 46", "techniqueOpencast": null, "techniqueUnderground": null, "techniqueHydraulic": "FALSE", "techniqueHushing": "FALSE", "techniqueGroundSluicing": "FALSE", "techniqueRuinaMontium": 0.0, "techniqueRakeComb": 0.0, "techniqueGoldWashing": 0.0, "techniqueOther": null, "notes": null, "geology": null, "depositType": null, "exploitationType": null, "Flag_Au_Oro": 0, "Status_Au_Oro": "No", "Flag_Ag_Plata": 1, "Status_Ag_Plata": "Confirmado", "Flag_Cu_Cobre": 0, "Status_Cu_Cobre": "No", "Flag_Pb_Plomo": 1, "Status_Pb_Plomo": "Confirmado", "Flag_Hg_Cinabrio": 0, "Status_Hg_Cinabrio": "No", "Flag_Sn_Estano": 0, "Status_Sn_Estano": "No", "Flag_Fe_Hierro": 0, "Status_Fe_Hierro": "No", "Tech_Ruina_Montium": 0, "Tech_Subterranea": 0, "Tech_Cielo_Abierto": 0, "Tech_Lavado_Placer": 0, "Certainty_Spatial": 1.0, "Certainty_Archaeological": 0.9, "Certainty_Metallogenic": 1.0, "Certainty_Score": 0.965, "Certainty_Grade": "Alta Certeza (Grado I)" }, "geometry": { "type": "Point", "coordinates": [ -4.33722013, 38.61400244 ] } },
{ "type": "Feature", "properties": { "mineID": 658, "site": "El Piconcillo", "ancientName": null, "province": "Hispania Baetica", "country": "Spain", "region": "Córdoba", "miningDistrict": "Azuaga-Fuenteovejuna", "romanianRANID": null, "sanchezPalenciaAndOrejasID": null, "domergueID": "CO 60", "spainMapSheet": null, "lambertX": 446.0, "lambertY": 396.0, "latitude": 38.14685916, "longitude": -5.44601668, "coordinateAccuracy": 100.0, "locationDataSource": "Converted in QGIS from Lambert coords, Madrid 1870", "locationNotes": "Trapezoid defined by points given by Domergue; coord here is approx. centroid", "notBeforeOpeningDate": null, "notAfterOpeningDate": null, "notBeforeClosingDate": null, "notAfterClosingDate": null, "inUseDate": null, "metalMinedGold": "FALSE", "metalMinedSilver": 1.0, "metalMinedLead": 1.0, "metalMinedCopper": 1.0, "metalMinedTin": 0.0, "metalMinedIron": 0.0, "metalMinedMercuryCinnabar": 0.0, "metalMinedZinc": 0.0, "metalMinedOther": 0.0, "description": null, "references": "Domergue 1990: 46", "techniqueOpencast": 0.0, "techniqueUnderground": 1.0, "techniqueHydraulic": "FALSE", "techniqueHushing": "FALSE", "techniqueGroundSluicing": "FALSE", "techniqueRuinaMontium": 0.0, "techniqueRakeComb": 0.0, "techniqueGoldWashing": 0.0, "techniqueOther": 0.0, "notes": null, "geology": "Hard rock", "depositType": "Primary", "exploitationType": null, "Flag_Au_Oro": 0, "Status_Au_Oro": "No", "Flag_Ag_Plata": 1, "Status_Ag_Plata": "Confirmado", "Flag_Cu_Cobre": 1, "Status_Cu_Cobre": "Confirmado", "Flag_Pb_Plomo": 1, "Status_Pb_Plomo": "Confirmado", "Flag_Hg_Cinabrio": 0, "Status_Hg_Cinabrio": "No", "Flag_Sn_Estano": 0, "Status_Sn_Estano": "No", "Flag_Fe_Hierro": 0, "Status_Fe_Hierro": "No", "Tech_Ruina_Montium": 0, "Tech_Subterranea": 1, "Tech_Cielo_Abierto": 0, "Tech_Lavado_Placer": 0, "Certainty_Spatial": 1.0, "Certainty_Archaeological": 0.9, "Certainty_Metallogenic": 1.0, "Certainty_Score": 0.965, "Certainty_Grade": "Alta Certeza (Grado I)" }, "geometry": { "type": "Point", "coordinates": [ -5.44601668, 38.14685916 ] } },
{ "type": "Feature", "properties": { "mineID": 660, "site": "El Pleito", "ancientName": null, "province": "Hispania Tarraconensis", "country": "Spain", "region": "Ciudad Real", "miningDistrict": "Alcudia", "romanianRANID": null, "sanchezPalenciaAndOrejasID": null, "domergueID": "CR 26", "spainMapSheet": 809.0, "lambertX": 542.9, "lambertY": 467.7, "latitude": 38.8051128, "longitude": -4.34591322, "coordinateAccuracy": 100.0, "locationDataSource": "Converted in QGIS from Lambert coords, Madrid 1870", "locationNotes": null, "notBeforeOpeningDate": null, "notAfterOpeningDate": null, "notBeforeClosingDate": null, "notAfterClosingDate": null, "inUseDate": null, "metalMinedGold": "FALSE", "metalMinedSilver": 1.0, "metalMinedLead": 1.0, "metalMinedCopper": 0.0, "metalMinedTin": 0.0, "metalMinedIron": 0.0, "metalMinedMercuryCinnabar": 0.0, "metalMinedZinc": 0.0, "metalMinedOther": 0.0, "description": null, "references": "Domergue 1990: 46", "techniqueOpencast": null, "techniqueUnderground": null, "techniqueHydraulic": "FALSE", "techniqueHushing": "FALSE", "techniqueGroundSluicing": "FALSE", "techniqueRuinaMontium": 0.0, "techniqueRakeComb": 0.0, "techniqueGoldWashing": 0.0, "techniqueOther": null, "notes": null, "geology": null, "depositType": null, "exploitationType": null, "Flag_Au_Oro": 0, "Status_Au_Oro": "No", "Flag_Ag_Plata": 1, "Status_Ag_Plata": "Confirmado", "Flag_Cu_Cobre": 0, "Status_Cu_Cobre": "No", "Flag_Pb_Plomo": 1, "Status_Pb_Plomo": "Confirmado", "Flag_Hg_Cinabrio": 0, "Status_Hg_Cinabrio": "No", "Flag_Sn_Estano": 0, "Status_Sn_Estano": "No", "Flag_Fe_Hierro": 0, "Status_Fe_Hierro": "No", "Tech_Ruina_Montium": 0, "Tech_Subterranea": 0, "Tech_Cielo_Abierto": 0, "Tech_Lavado_Placer": 0, "Certainty_Spatial": 1.0, "Certainty_Archaeological": 0.9, "Certainty_Metallogenic": 1.0, "Certainty_Score": 0.965, "Certainty_Grade": "Alta Certeza (Grado I)" }, "geometry": { "type": "Point", "coordinates": [ -4.34591322, 38.8051128 ] } },
{ "type": "Feature", "properties": { "mineID": 665, "site": "El Rincón", "ancientName": null, "province": "Hispania Baetica", "country": "Spain", "region": "Córdoba", "miningDistrict": "Posadas", "romanianRANID": null, "sanchezPalenciaAndOrejasID": null, "domergueID": "CO 70", "spainMapSheet": 921.0, "lambertX": 462.5, "lambertY": 366.3, "latitude": 37.8819387, "longitude": -5.25174452, "coordinateAccuracy": 100.0, "locationDataSource": "Converted in QGIS from Lambert coords, Madrid 1870", "locationNotes": null, "notBeforeOpeningDate": null, "notAfterOpeningDate": null, "notBeforeClosingDate": null, "notAfterClosingDate": null, "inUseDate": null, "metalMinedGold": "FALSE", "metalMinedSilver": 1.0, "metalMinedLead": 1.0, "metalMinedCopper": 0.0, "metalMinedTin": 0.0, "metalMinedIron": 0.0, "metalMinedMercuryCinnabar": 0.0, "metalMinedZinc": 0.0, "metalMinedOther": 0.0, "description": null, "references": "Domergue 1990: 45", "techniqueOpencast": null, "techniqueUnderground": null, "techniqueHydraulic": "FALSE", "techniqueHushing": "FALSE", "techniqueGroundSluicing": "FALSE", "techniqueRuinaMontium": 0.0, "techniqueRakeComb": 0.0, "techniqueGoldWashing": 0.0, "techniqueOther": null, "notes": null, "geology": "Hard rock", "depositType": "Primary", "exploitationType": null, "Flag_Au_Oro": 0, "Status_Au_Oro": "No", "Flag_Ag_Plata": 1, "Status_Ag_Plata": "Confirmado", "Flag_Cu_Cobre": 0, "Status_Cu_Cobre": "No", "Flag_Pb_Plomo": 1, "Status_Pb_Plomo": "Confirmado", "Flag_Hg_Cinabrio": 0, "Status_Hg_Cinabrio": "No", "Flag_Sn_Estano": 0, "Status_Sn_Estano": "No", "Flag_Fe_Hierro": 0, "Status_Fe_Hierro": "No", "Tech_Ruina_Montium": 0, "Tech_Subterranea": 0, "Tech_Cielo_Abierto": 0, "Tech_Lavado_Placer": 0, "Certainty_Spatial": 1.0, "Certainty_Archaeological": 0.9, "Certainty_Metallogenic": 1.0, "Certainty_Score": 0.965, "Certainty_Grade": "Alta Certeza (Grado I)" }, "geometry": { "type": "Point", "coordinates": [ -5.25174452, 37.8819387 ] } },
{ "type": "Feature", "properties": { "mineID": 669, "site": "El Soldado", "ancientName": null, "province": "Hispania Baetica", "country": "Spain", "region": "Córdoba", "miningDistrict": "Los Pedroches", "romanianRANID": null, "sanchezPalenciaAndOrejasID": null, "domergueID": "CO 109", "spainMapSheet": 858.0, "lambertX": 485.0, "lambertY": 420.2, "latitude": 38.37106981, "longitude": -5.00494637, "coordinateAccuracy": 100.0, "locationDataSource": "Converted in QGIS from Lambert coords, Madrid 1870", "locationNotes": null, "notBeforeOpeningDate": null, "notAfterOpeningDate": null, "notBeforeClosingDate": null, "notAfterClosingDate": null, "inUseDate": null, "metalMinedGold": "FALSE", "metalMinedSilver": 1.0, "metalMinedLead": 1.0, "metalMinedCopper": 0.0, "metalMinedTin": 0.0, "metalMinedIron": 0.0, "metalMinedMercuryCinnabar": 0.0, "metalMinedZinc": 0.0, "metalMinedOther": 0.0, "description": null, "references": "Domergue 1990: 48", "techniqueOpencast": 0.0, "techniqueUnderground": 1.0, "techniqueHydraulic": "FALSE", "techniqueHushing": "FALSE", "techniqueGroundSluicing": "FALSE", "techniqueRuinaMontium": 0.0, "techniqueRakeComb": 0.0, "techniqueGoldWashing": 0.0, "techniqueOther": 0.0, "notes": null, "geology": "Hard rock", "depositType": "Primary", "exploitationType": null, "Flag_Au_Oro": 0, "Status_Au_Oro": "No", "Flag_Ag_Plata": 1, "Status_Ag_Plata": "Confirmado", "Flag_Cu_Cobre": 0, "Status_Cu_Cobre": "No", "Flag_Pb_Plomo": 1, "Status_Pb_Plomo": "Confirmado", "Flag_Hg_Cinabrio": 0, "Status_Hg_Cinabrio": "No", "Flag_Sn_Estano": 0, "Status_Sn_Estano": "No", "Flag_Fe_Hierro": 0, "Status_Fe_Hierro": "No", "Tech_Ruina_Montium": 0, "Tech_Subterranea": 1, "Tech_Cielo_Abierto": 0, "Tech_Lavado_Placer": 0, "Certainty_Spatial": 1.0, "Certainty_Archaeological": 0.9, "Certainty_Metallogenic": 1.0, "Certainty_Score": 0.965, "Certainty_Grade": "Alta Certeza (Grado I)" }, "geometry": { "type": "Point", "coordinates": [ -5.00494637, 38.37106981 ] } },
{ "type": "Feature", "properties": { "mineID": 681, "site": "Escarranchal", "ancientName": null, "province": "Hispania Baetica", "country": "Spain", "region": "Badajoz", "miningDistrict": "Azuaga-Fuenteovejuna", "romanianRANID": null, "sanchezPalenciaAndOrejasID": null, "domergueID": "BA 8", "spainMapSheet": 878.0, "lambertX": 417.0, "lambertY": 407.5, "latitude": 38.24486628, "longitude": -5.78005231, "coordinateAccuracy": 100.0, "locationDataSource": "Converted in QGIS from Lambert coords, Madrid 1870", "locationNotes": null, "notBeforeOpeningDate": null, "notAfterOpeningDate": null, "notBeforeClosingDate": null, "notAfterClosingDate": null, "inUseDate": null, "metalMinedGold": "FALSE", "metalMinedSilver": 1.0, "metalMinedLead": 1.0, "metalMinedCopper": 0.0, "metalMinedTin": 0.0, "metalMinedIron": 0.0, "metalMinedMercuryCinnabar": 0.0, "metalMinedZinc": 0.0, "metalMinedOther": 0.0, "description": null, "references": "Domergue 1990: 46", "techniqueOpencast": 1.0, "techniqueUnderground": 0.0, "techniqueHydraulic": "FALSE", "techniqueHushing": "FALSE", "techniqueGroundSluicing": "FALSE", "techniqueRuinaMontium": 0.0, "techniqueRakeComb": 0.0, "techniqueGoldWashing": 0.0, "techniqueOther": 0.0, "notes": null, "geology": "Hard rock", "depositType": "Primary", "exploitationType": null, "Flag_Au_Oro": 0, "Status_Au_Oro": "No", "Flag_Ag_Plata": 1, "Status_Ag_Plata": "Confirmado", "Flag_Cu_Cobre": 0, "Status_Cu_Cobre": "No", "Flag_Pb_Plomo": 1, "Status_Pb_Plomo": "Confirmado", "Flag_Hg_Cinabrio": 0, "Status_Hg_Cinabrio": "No", "Flag_Sn_Estano": 0, "Status_Sn_Estano": "No", "Flag_Fe_Hierro": 0, "Status_Fe_Hierro": "No", "Tech_Ruina_Montium": 0, "Tech_Subterranea": 0, "Tech_Cielo_Abierto": 1, "Tech_Lavado_Placer": 0, "Certainty_Spatial": 1.0, "Certainty_Archaeological": 0.9, "Certainty_Metallogenic": 1.0, "Certainty_Score": 0.965, "Certainty_Grade": "Alta Certeza (Grado I)" }, "geometry": { "type": "Point", "coordinates": [ -5.78005231, 38.24486628 ] } },
{ "type": "Feature", "properties": { "mineID": 683, "site": "Esperanza", "ancientName": null, "province": "Hispania Baetica", "country": "Spain", "region": "Badajoz", "miningDistrict": "Azuaga-Fuenteovejuna", "romanianRANID": null, "sanchezPalenciaAndOrejasID": null, "domergueID": "BA 11", "spainMapSheet": 878.0, "lambertX": 427.7, "lambertY": 404.7, "latitude": 38.22182674, "longitude": -5.65706056, "coordinateAccuracy": 100.0, "locationDataSource": "Converted in QGIS from Lambert coords, Madrid 1870", "locationNotes": null, "notBeforeOpeningDate": null, "notAfterOpeningDate": null, "notBeforeClosingDate": null, "notAfterClosingDate": null, "inUseDate": null, "metalMinedGold": "FALSE", "metalMinedSilver": 1.0, "metalMinedLead": 1.0, "metalMinedCopper": 0.0, "metalMinedTin": 0.0, "metalMinedIron": 0.0, "metalMinedMercuryCinnabar": 0.0, "metalMinedZinc": 0.0, "metalMinedOther": 0.0, "description": null, "references": "Domergue 1990: 46", "techniqueOpencast": 0.0, "techniqueUnderground": 1.0, "techniqueHydraulic": "FALSE", "techniqueHushing": "FALSE", "techniqueGroundSluicing": "FALSE", "techniqueRuinaMontium": 0.0, "techniqueRakeComb": 0.0, "techniqueGoldWashing": 0.0, "techniqueOther": 0.0, "notes": null, "geology": "Hard rock", "depositType": "Primary", "exploitationType": null, "Flag_Au_Oro": 0, "Status_Au_Oro": "No", "Flag_Ag_Plata": 1, "Status_Ag_Plata": "Confirmado", "Flag_Cu_Cobre": 0, "Status_Cu_Cobre": "No", "Flag_Pb_Plomo": 1, "Status_Pb_Plomo": "Confirmado", "Flag_Hg_Cinabrio": 0, "Status_Hg_Cinabrio": "No", "Flag_Sn_Estano": 0, "Status_Sn_Estano": "No", "Flag_Fe_Hierro": 0, "Status_Fe_Hierro": "No", "Tech_Ruina_Montium": 0, "Tech_Subterranea": 1, "Tech_Cielo_Abierto": 0, "Tech_Lavado_Placer": 0, "Certainty_Spatial": 1.0, "Certainty_Archaeological": 0.9, "Certainty_Metallogenic": 1.0, "Certainty_Score": 0.965, "Certainty_Grade": "Alta Certeza (Grado I)" }, "geometry": { "type": "Point", "coordinates": [ -5.65706056, 38.22182674 ] } },
{ "type": "Feature", "properties": { "mineID": 690, "site": "Estrella (Beiras)", "ancientName": null, "province": "Hispania Tarraconensis", "country": "Spain", "region": "Salamanca", "miningDistrict": "Beiras", "romanianRANID": null, "sanchezPalenciaAndOrejasID": null, "domergueID": "SA 1", "spainMapSheet": 528.0, "lambertX": 437.2, "lambertY": 666.8, "latitude": 40.58644066, "longitude": -5.613212268, "coordinateAccuracy": 100.0, "locationDataSource": "Converted in QGIS from Lambert coords, Madrid 1870", "locationNotes": null, "notBeforeOpeningDate": null, "notAfterOpeningDate": null, "notBeforeClosingDate": null, "notAfterClosingDate": null, "inUseDate": null, "metalMinedGold": "FALSE", "metalMinedSilver": 1.0, "metalMinedLead": 1.0, "metalMinedCopper": 0.0, "metalMinedTin": 0.0, "metalMinedIron": 0.0, "metalMinedMercuryCinnabar": 0.0, "metalMinedZinc": 0.0, "metalMinedOther": 0.0, "description": null, "references": "Domergue 1990: 42", "techniqueOpencast": null, "techniqueUnderground": null, "techniqueHydraulic": "FALSE", "techniqueHushing": "FALSE", "techniqueGroundSluicing": "FALSE", "techniqueRuinaMontium": 0.0, "techniqueRakeComb": 0.0, "techniqueGoldWashing": 0.0, "techniqueOther": null, "notes": null, "geology": "Hard rock", "depositType": null, "exploitationType": null, "Flag_Au_Oro": 0, "Status_Au_Oro": "No", "Flag_Ag_Plata": 1, "Status_Ag_Plata": "Confirmado", "Flag_Cu_Cobre": 0, "Status_Cu_Cobre": "No", "Flag_Pb_Plomo": 1, "Status_Pb_Plomo": "Confirmado", "Flag_Hg_Cinabrio": 0, "Status_Hg_Cinabrio": "No", "Flag_Sn_Estano": 0, "Status_Sn_Estano": "No", "Flag_Fe_Hierro": 0, "Status_Fe_Hierro": "No", "Tech_Ruina_Montium": 0, "Tech_Subterranea": 0, "Tech_Cielo_Abierto": 0, "Tech_Lavado_Placer": 0, "Certainty_Spatial": 1.0, "Certainty_Archaeological": 0.9, "Certainty_Metallogenic": 1.0, "Certainty_Score": 0.965, "Certainty_Grade": "Alta Certeza (Grado I)" }, "geometry": { "type": "Point", "coordinates": [ -5.613212268, 40.58644066 ] } },
{ "type": "Feature", "properties": { "mineID": 697, "site": "Ferminera", "ancientName": null, "province": "Hispania Baetica", "country": "Spain", "region": "Badajoz", "miningDistrict": "Azuaga-Fuenteovejuna", "romanianRANID": null, "sanchezPalenciaAndOrejasID": null, "domergueID": "BA 6", "spainMapSheet": 878.0, "lambertX": 424.3, "lambertY": 407.5, "latitude": 38.24638005, "longitude": -5.69662526, "coordinateAccuracy": 100.0, "locationDataSource": "Converted in QGIS from Lambert coords, Madrid 1870", "locationNotes": null, "notBeforeOpeningDate": null, "notAfterOpeningDate": null, "notBeforeClosingDate": null, "notAfterClosingDate": null, "inUseDate": null, "metalMinedGold": "FALSE", "metalMinedSilver": 1.0, "metalMinedLead": 1.0, "metalMinedCopper": 0.0, "metalMinedTin": 0.0, "metalMinedIron": 0.0, "metalMinedMercuryCinnabar": 0.0, "metalMinedZinc": 0.0, "metalMinedOther": 0.0, "description": null, "references": "Domergue 1990: 46", "techniqueOpencast": 0.0, "techniqueUnderground": 1.0, "techniqueHydraulic": "FALSE", "techniqueHushing": "FALSE", "techniqueGroundSluicing": "FALSE", "techniqueRuinaMontium": 0.0, "techniqueRakeComb": 0.0, "techniqueGoldWashing": 0.0, "techniqueOther": 0.0, "notes": null, "geology": "Hard rock", "depositType": "Primary", "exploitationType": null, "Flag_Au_Oro": 0, "Status_Au_Oro": "No", "Flag_Ag_Plata": 1, "Status_Ag_Plata": "Confirmado", "Flag_Cu_Cobre": 0, "Status_Cu_Cobre": "No", "Flag_Pb_Plomo": 1, "Status_Pb_Plomo": "Confirmado", "Flag_Hg_Cinabrio": 0, "Status_Hg_Cinabrio": "No", "Flag_Sn_Estano": 0, "Status_Sn_Estano": "No", "Flag_Fe_Hierro": 0, "Status_Fe_Hierro": "No", "Tech_Ruina_Montium": 0, "Tech_Subterranea": 1, "Tech_Cielo_Abierto": 0, "Tech_Lavado_Placer": 0, "Certainty_Spatial": 1.0, "Certainty_Archaeological": 0.9, "Certainty_Metallogenic": 1.0, "Certainty_Score": 0.965, "Certainty_Grade": "Alta Certeza (Grado I)" }, "geometry": { "type": "Point", "coordinates": [ -5.69662526, 38.24638005 ] } },
{ "type": "Feature", "properties": { "mineID": 701, "site": "Filón del Cobre", "ancientName": null, "province": "Hispania Tarraconensis", "country": "Spain", "region": "Jaén", "miningDistrict": "Linares-La Carolina", "romanianRANID": null, "sanchezPalenciaAndOrejasID": null, "domergueID": "J 9", "spainMapSheet": 905.0, "lambertX": 597.0, "lambertY": 392.3, "latitude": 38.12718959, "longitude": -3.72217537, "coordinateAccuracy": 100.0, "locationDataSource": "Converted in QGIS from Lambert coords, Madrid 1870", "locationNotes": null, "notBeforeOpeningDate": null, "notAfterOpeningDate": null, "notBeforeClosingDate": null, "notAfterClosingDate": null, "inUseDate": null, "metalMinedGold": "FALSE", "metalMinedSilver": 1.0, "metalMinedLead": 1.0, "metalMinedCopper": 1.0, "metalMinedTin": 0.0, "metalMinedIron": 0.0, "metalMinedMercuryCinnabar": 0.0, "metalMinedZinc": 0.0, "metalMinedOther": 0.0, "description": null, "references": "Domergue 1990: 45", "techniqueOpencast": 0.0, "techniqueUnderground": 1.0, "techniqueHydraulic": "FALSE", "techniqueHushing": "FALSE", "techniqueGroundSluicing": "FALSE", "techniqueRuinaMontium": 0.0, "techniqueRakeComb": 0.0, "techniqueGoldWashing": 0.0, "techniqueOther": 0.0, "notes": null, "geology": "Hard rock", "depositType": null, "exploitationType": null, "Flag_Au_Oro": 0, "Status_Au_Oro": "No", "Flag_Ag_Plata": 1, "Status_Ag_Plata": "Confirmado", "Flag_Cu_Cobre": 1, "Status_Cu_Cobre": "Confirmado", "Flag_Pb_Plomo": 1, "Status_Pb_Plomo": "Confirmado", "Flag_Hg_Cinabrio": 0, "Status_Hg_Cinabrio": "No", "Flag_Sn_Estano": 0, "Status_Sn_Estano": "No", "Flag_Fe_Hierro": 0, "Status_Fe_Hierro": "No", "Tech_Ruina_Montium": 0, "Tech_Subterranea": 1, "Tech_Cielo_Abierto": 0, "Tech_Lavado_Placer": 0, "Certainty_Spatial": 1.0, "Certainty_Archaeological": 0.9, "Certainty_Metallogenic": 1.0, "Certainty_Score": 0.965, "Certainty_Grade": "Alta Certeza (Grado I)" }, "geometry": { "type": "Point", "coordinates": [ -3.72217537, 38.12718959 ] } },
{ "type": "Feature", "properties": { "mineID": 702, "site": "Filón Zumajo: Cortijo de los Chinches", "ancientName": null, "province": "Hispania Baetica", "country": "Spain", "region": "Córdoba", "miningDistrict": "Los Pedroches", "romanianRANID": null, "sanchezPalenciaAndOrejasID": null, "domergueID": "CO 32", "spainMapSheet": 860.0, "lambertX": 527.6, "lambertY": 417.8, "latitude": 38.35405627, "longitude": -4.51686181, "coordinateAccuracy": 100.0, "locationDataSource": "Converted in QGIS from Lambert coords, Madrid 1870", "locationNotes": null, "notBeforeOpeningDate": null, "notAfterOpeningDate": null, "notBeforeClosingDate": null, "notAfterClosingDate": null, "inUseDate": null, "metalMinedGold": "FALSE", "metalMinedSilver": 1.0, "metalMinedLead": 1.0, "metalMinedCopper": 1.0, "metalMinedTin": 0.0, "metalMinedIron": 0.0, "metalMinedMercuryCinnabar": 0.0, "metalMinedZinc": 0.0, "metalMinedOther": 0.0, "description": null, "references": "Domergue 1990: 48", "techniqueOpencast": 0.0, "techniqueUnderground": 1.0, "techniqueHydraulic": "FALSE", "techniqueHushing": "FALSE", "techniqueGroundSluicing": "FALSE", "techniqueRuinaMontium": 0.0, "techniqueRakeComb": 0.0, "techniqueGoldWashing": 0.0, "techniqueOther": 0.0, "notes": null, "geology": "Hard rock", "depositType": "Primary", "exploitationType": null, "Flag_Au_Oro": 0, "Status_Au_Oro": "No", "Flag_Ag_Plata": 1, "Status_Ag_Plata": "Confirmado", "Flag_Cu_Cobre": 1, "Status_Cu_Cobre": "Confirmado", "Flag_Pb_Plomo": 1, "Status_Pb_Plomo": "Confirmado", "Flag_Hg_Cinabrio": 0, "Status_Hg_Cinabrio": "No", "Flag_Sn_Estano": 0, "Status_Sn_Estano": "No", "Flag_Fe_Hierro": 0, "Status_Fe_Hierro": "No", "Tech_Ruina_Montium": 0, "Tech_Subterranea": 1, "Tech_Cielo_Abierto": 0, "Tech_Lavado_Placer": 0, "Certainty_Spatial": 1.0, "Certainty_Archaeological": 0.9, "Certainty_Metallogenic": 1.0, "Certainty_Score": 0.965, "Certainty_Grade": "Alta Certeza (Grado I)" }, "geometry": { "type": "Point", "coordinates": [ -4.51686181, 38.35405627 ] } },
{ "type": "Feature", "properties": { "mineID": 703, "site": "Filón Zumajo: San Cayetano", "ancientName": null, "province": "Hispania Baetica", "country": "Spain", "region": "Córdoba", "miningDistrict": "Los Pedroches", "romanianRANID": null, "sanchezPalenciaAndOrejasID": null, "domergueID": "CO 32", "spainMapSheet": 882.0, "lambertX": 537.2, "lambertY": 410.5, "latitude": 38.28899455, "longitude": -4.40628096, "coordinateAccuracy": 100.0, "locationDataSource": "Converted in QGIS from Lambert coords, Madrid 1870", "locationNotes": null, "notBeforeOpeningDate": null, "notAfterOpeningDate": null, "notBeforeClosingDate": null, "notAfterClosingDate": null, "inUseDate": null, "metalMinedGold": "FALSE", "metalMinedSilver": 1.0, "metalMinedLead": 1.0, "metalMinedCopper": 1.0, "metalMinedTin": 0.0, "metalMinedIron": 0.0, "metalMinedMercuryCinnabar": 0.0, "metalMinedZinc": 0.0, "metalMinedOther": 0.0, "description": null, "references": "Domergue 1990: 48", "techniqueOpencast": 0.0, "techniqueUnderground": 1.0, "techniqueHydraulic": "FALSE", "techniqueHushing": "FALSE", "techniqueGroundSluicing": "FALSE", "techniqueRuinaMontium": 0.0, "techniqueRakeComb": 0.0, "techniqueGoldWashing": 0.0, "techniqueOther": 0.0, "notes": null, "geology": "Hard rock", "depositType": "Primary", "exploitationType": null, "Flag_Au_Oro": 0, "Status_Au_Oro": "No", "Flag_Ag_Plata": 1, "Status_Ag_Plata": "Confirmado", "Flag_Cu_Cobre": 1, "Status_Cu_Cobre": "Confirmado", "Flag_Pb_Plomo": 1, "Status_Pb_Plomo": "Confirmado", "Flag_Hg_Cinabrio": 0, "Status_Hg_Cinabrio": "No", "Flag_Sn_Estano": 0, "Status_Sn_Estano": "No", "Flag_Fe_Hierro": 0, "Status_Fe_Hierro": "No", "Tech_Ruina_Montium": 0, "Tech_Subterranea": 1, "Tech_Cielo_Abierto": 0, "Tech_Lavado_Placer": 0, "Certainty_Spatial": 1.0, "Certainty_Archaeological": 0.9, "Certainty_Metallogenic": 1.0, "Certainty_Score": 0.965, "Certainty_Grade": "Alta Certeza (Grado I)" }, "geometry": { "type": "Point", "coordinates": [ -4.40628096, 38.28899455 ] } },
{ "type": "Feature", "properties": { "mineID": 711, "site": "Fornaza", "ancientName": null, "province": "Hispania Tarraconensis", "country": "Spain", "region": "Lugo", "miningDistrict": "Galicia", "romanianRANID": null, "sanchezPalenciaAndOrejasID": null, "domergueID": "LU 4", "spainMapSheet": 74.0, "lambertX": 334.5, "lambertY": 940.4, "latitude": 43.02341913, "longitude": -6.945084042, "coordinateAccuracy": 100.0, "locationDataSource": "Converted in QGIS from Lambert coords, Madrid 1870", "locationNotes": null, "notBeforeOpeningDate": null, "notAfterOpeningDate": null, "notBeforeClosingDate": null, "notAfterClosingDate": null, "inUseDate": null, "metalMinedGold": "FALSE", "metalMinedSilver": 1.0, "metalMinedLead": 1.0, "metalMinedCopper": 0.0, "metalMinedTin": 0.0, "metalMinedIron": 0.0, "metalMinedMercuryCinnabar": 0.0, "metalMinedZinc": 0.0, "metalMinedOther": 0.0, "description": null, "references": "Domergue 1990: 41", "techniqueOpencast": null, "techniqueUnderground": null, "techniqueHydraulic": "FALSE", "techniqueHushing": "FALSE", "techniqueGroundSluicing": "FALSE", "techniqueRuinaMontium": 0.0, "techniqueRakeComb": 0.0, "techniqueGoldWashing": 0.0, "techniqueOther": null, "notes": null, "geology": "Hard rock", "depositType": null, "exploitationType": null, "Flag_Au_Oro": 0, "Status_Au_Oro": "No", "Flag_Ag_Plata": 1, "Status_Ag_Plata": "Confirmado", "Flag_Cu_Cobre": 0, "Status_Cu_Cobre": "No", "Flag_Pb_Plomo": 1, "Status_Pb_Plomo": "Confirmado", "Flag_Hg_Cinabrio": 0, "Status_Hg_Cinabrio": "No", "Flag_Sn_Estano": 0, "Status_Sn_Estano": "No", "Flag_Fe_Hierro": 0, "Status_Fe_Hierro": "No", "Tech_Ruina_Montium": 0, "Tech_Subterranea": 0, "Tech_Cielo_Abierto": 0, "Tech_Lavado_Placer": 0, "Certainty_Spatial": 1.0, "Certainty_Archaeological": 0.9, "Certainty_Metallogenic": 1.0, "Certainty_Score": 0.965, "Certainty_Grade": "Alta Certeza (Grado I)" }, "geometry": { "type": "Point", "coordinates": [ -6.945084042, 43.02341913 ] } },
{ "type": "Feature", "properties": { "mineID": 716, "site": "Fuente del Charco", "ancientName": null, "province": "Hispania Baetica", "country": "Spain", "region": "Córdoba", "miningDistrict": "Los Pedroches", "romanianRANID": null, "sanchezPalenciaAndOrejasID": null, "domergueID": "CO 69", "spainMapSheet": 832.0, "lambertX": 454.6, "lambertY": 441.5, "latitude": 38.55849655, "longitude": -5.35759038, "coordinateAccuracy": 100.0, "locationDataSource": "Converted in QGIS from Lambert coords, Madrid 1870", "locationNotes": null, "notBeforeOpeningDate": null, "notAfterOpeningDate": null, "notBeforeClosingDate": null, "notAfterClosingDate": null, "inUseDate": null, "metalMinedGold": "FALSE", "metalMinedSilver": 1.0, "metalMinedLead": 1.0, "metalMinedCopper": 0.0, "metalMinedTin": 0.0, "metalMinedIron": 0.0, "metalMinedMercuryCinnabar": 0.0, "metalMinedZinc": 0.0, "metalMinedOther": 0.0, "description": null, "references": "Domergue 1990: 48", "techniqueOpencast": 0.0, "techniqueUnderground": 1.0, "techniqueHydraulic": "FALSE", "techniqueHushing": "FALSE", "techniqueGroundSluicing": "FALSE", "techniqueRuinaMontium": 0.0, "techniqueRakeComb": 0.0, "techniqueGoldWashing": 0.0, "techniqueOther": 0.0, "notes": null, "geology": "Hard rock", "depositType": "Primary", "exploitationType": null, "Flag_Au_Oro": 0, "Status_Au_Oro": "No", "Flag_Ag_Plata": 1, "Status_Ag_Plata": "Confirmado", "Flag_Cu_Cobre": 0, "Status_Cu_Cobre": "No", "Flag_Pb_Plomo": 1, "Status_Pb_Plomo": "Confirmado", "Flag_Hg_Cinabrio": 0, "Status_Hg_Cinabrio": "No", "Flag_Sn_Estano": 0, "Status_Sn_Estano": "No", "Flag_Fe_Hierro": 0, "Status_Fe_Hierro": "No", "Tech_Ruina_Montium": 0, "Tech_Subterranea": 1, "Tech_Cielo_Abierto": 0, "Tech_Lavado_Placer": 0, "Certainty_Spatial": 1.0, "Certainty_Archaeological": 0.9, "Certainty_Metallogenic": 1.0, "Certainty_Score": 0.965, "Certainty_Grade": "Alta Certeza (Grado I)" }, "geometry": { "type": "Point", "coordinates": [ -5.35759038, 38.55849655 ] } },
{ "type": "Feature", "properties": { "mineID": 718, "site": "Fuente la Zarza", "ancientName": null, "province": "Hispania Baetica", "country": "Spain", "region": "Badajoz", "miningDistrict": "La Serena", "romanianRANID": null, "sanchezPalenciaAndOrejasID": null, "domergueID": "BA 28", "spainMapSheet": 832.0, "lambertX": 461.0, "lambertY": 451.3, "latitude": 38.64790148, "longitude": -5.28613175, "coordinateAccuracy": 100.0, "locationDataSource": "Converted in QGIS from Lambert coords, Madrid 1870", "locationNotes": null, "notBeforeOpeningDate": null, "notAfterOpeningDate": null, "notBeforeClosingDate": null, "notAfterClosingDate": null, "inUseDate": null, "metalMinedGold": "FALSE", "metalMinedSilver": 1.0, "metalMinedLead": 1.0, "metalMinedCopper": 0.0, "metalMinedTin": 0.0, "metalMinedIron": 0.0, "metalMinedMercuryCinnabar": 0.0, "metalMinedZinc": 0.0, "metalMinedOther": 0.0, "description": null, "references": "Domergue 1990: 45", "techniqueOpencast": null, "techniqueUnderground": null, "techniqueHydraulic": "FALSE", "techniqueHushing": "FALSE", "techniqueGroundSluicing": "FALSE", "techniqueRuinaMontium": 0.0, "techniqueRakeComb": 0.0, "techniqueGoldWashing": 0.0, "techniqueOther": null, "notes": null, "geology": "Hard rock", "depositType": "Primary", "exploitationType": null, "Flag_Au_Oro": 0, "Status_Au_Oro": "No", "Flag_Ag_Plata": 1, "Status_Ag_Plata": "Confirmado", "Flag_Cu_Cobre": 0, "Status_Cu_Cobre": "No", "Flag_Pb_Plomo": 1, "Status_Pb_Plomo": "Confirmado", "Flag_Hg_Cinabrio": 0, "Status_Hg_Cinabrio": "No", "Flag_Sn_Estano": 0, "Status_Sn_Estano": "No", "Flag_Fe_Hierro": 0, "Status_Fe_Hierro": "No", "Tech_Ruina_Montium": 0, "Tech_Subterranea": 0, "Tech_Cielo_Abierto": 0, "Tech_Lavado_Placer": 0, "Certainty_Spatial": 1.0, "Certainty_Archaeological": 0.9, "Certainty_Metallogenic": 1.0, "Certainty_Score": 0.965, "Certainty_Grade": "Alta Certeza (Grado I)" }, "geometry": { "type": "Point", "coordinates": [ -5.28613175, 38.64790148 ] } },
{ "type": "Feature", "properties": { "mineID": 720, "site": "Gamonita", "ancientName": null, "province": "Hispania Baetica", "country": "Spain", "region": "Badajoz", "miningDistrict": "La Serena", "romanianRANID": null, "sanchezPalenciaAndOrejasID": null, "domergueID": "BA 32", "spainMapSheet": 806.0, "lambertX": 441.1, "lambertY": 460.3, "latitude": 38.72558762, "longitude": -5.51700075, "coordinateAccuracy": 100.0, "locationDataSource": "Converted in QGIS from Lambert coords, Madrid 1870", "locationNotes": null, "notBeforeOpeningDate": null, "notAfterOpeningDate": null, "notBeforeClosingDate": null, "notAfterClosingDate": null, "inUseDate": null, "metalMinedGold": "FALSE", "metalMinedSilver": 1.0, "metalMinedLead": 1.0, "metalMinedCopper": 0.0, "metalMinedTin": 0.0, "metalMinedIron": 0.0, "metalMinedMercuryCinnabar": 0.0, "metalMinedZinc": 0.0, "metalMinedOther": 0.0, "description": null, "references": "Domergue 1990: 45", "techniqueOpencast": null, "techniqueUnderground": null, "techniqueHydraulic": "FALSE", "techniqueHushing": "FALSE", "techniqueGroundSluicing": "FALSE", "techniqueRuinaMontium": 0.0, "techniqueRakeComb": 0.0, "techniqueGoldWashing": 0.0, "techniqueOther": null, "notes": null, "geology": "Hard rock", "depositType": "Primary", "exploitationType": null, "Flag_Au_Oro": 0, "Status_Au_Oro": "No", "Flag_Ag_Plata": 1, "Status_Ag_Plata": "Confirmado", "Flag_Cu_Cobre": 0, "Status_Cu_Cobre": "No", "Flag_Pb_Plomo": 1, "Status_Pb_Plomo": "Confirmado", "Flag_Hg_Cinabrio": 0, "Status_Hg_Cinabrio": "No", "Flag_Sn_Estano": 0, "Status_Sn_Estano": "No", "Flag_Fe_Hierro": 0, "Status_Fe_Hierro": "No", "Tech_Ruina_Montium": 0, "Tech_Subterranea": 0, "Tech_Cielo_Abierto": 0, "Tech_Lavado_Placer": 0, "Certainty_Spatial": 1.0, "Certainty_Archaeological": 0.9, "Certainty_Metallogenic": 1.0, "Certainty_Score": 0.965, "Certainty_Grade": "Alta Certeza (Grado I)" }, "geometry": { "type": "Point", "coordinates": [ -5.51700075, 38.72558762 ] } },
{ "type": "Feature", "properties": { "mineID": 731, "site": "Guaditoca", "ancientName": null, "province": "Hispania Baetica", "country": "Spain", "region": "Badajoz", "miningDistrict": "Azuaga-Fuenteovejuna", "romanianRANID": null, "sanchezPalenciaAndOrejasID": null, "domergueID": "BA 10", "spainMapSheet": 878.0, "lambertX": 424.4, "lambertY": 399.0, "latitude": 38.16978845, "longitude": -5.69329653, "coordinateAccuracy": 100.0, "locationDataSource": "Converted in QGIS from Lambert coords, Madrid 1870", "locationNotes": null, "notBeforeOpeningDate": null, "notAfterOpeningDate": null, "notBeforeClosingDate": null, "notAfterClosingDate": null, "inUseDate": null, "metalMinedGold": "FALSE", "metalMinedSilver": 1.0, "metalMinedLead": 1.0, "metalMinedCopper": 0.0, "metalMinedTin": 0.0, "metalMinedIron": 0.0, "metalMinedMercuryCinnabar": 0.0, "metalMinedZinc": 0.0, "metalMinedOther": 0.0, "description": null, "references": "Domergue 1990: 46", "techniqueOpencast": 0.0, "techniqueUnderground": 1.0, "techniqueHydraulic": "FALSE", "techniqueHushing": "FALSE", "techniqueGroundSluicing": "FALSE", "techniqueRuinaMontium": 0.0, "techniqueRakeComb": 0.0, "techniqueGoldWashing": 0.0, "techniqueOther": 0.0, "notes": null, "geology": "Hard rock", "depositType": "Primary", "exploitationType": null, "Flag_Au_Oro": 0, "Status_Au_Oro": "No", "Flag_Ag_Plata": 1, "Status_Ag_Plata": "Confirmado", "Flag_Cu_Cobre": 0, "Status_Cu_Cobre": "No", "Flag_Pb_Plomo": 1, "Status_Pb_Plomo": "Confirmado", "Flag_Hg_Cinabrio": 0, "Status_Hg_Cinabrio": "No", "Flag_Sn_Estano": 0, "Status_Sn_Estano": "No", "Flag_Fe_Hierro": 0, "Status_Fe_Hierro": "No", "Tech_Ruina_Montium": 0, "Tech_Subterranea": 1, "Tech_Cielo_Abierto": 0, "Tech_Lavado_Placer": 0, "Certainty_Spatial": 1.0, "Certainty_Archaeological": 0.9, "Certainty_Metallogenic": 1.0, "Certainty_Score": 0.965, "Certainty_Grade": "Alta Certeza (Grado I)" }, "geometry": { "type": "Point", "coordinates": [ -5.69329653, 38.16978845 ] } },
{ "type": "Feature", "properties": { "mineID": 732, "site": "Guijuelo", "ancientName": null, "province": "Hispania Tarraconensis", "country": "Spain", "region": "Salamanca", "miningDistrict": "Beiras", "romanianRANID": null, "sanchezPalenciaAndOrejasID": null, "domergueID": "SA 4", "spainMapSheet": 528.0, "lambertX": 431.3, "lambertY": 661.8, "latitude": 40.54020398, "longitude": -5.68164048, "coordinateAccuracy": 100.0, "locationDataSource": "Converted in QGIS from Lambert coords, Madrid 1870", "locationNotes": null, "notBeforeOpeningDate": null, "notAfterOpeningDate": null, "notBeforeClosingDate": null, "notAfterClosingDate": null, "inUseDate": null, "metalMinedGold": "FALSE", "metalMinedSilver": 1.0, "metalMinedLead": 1.0, "metalMinedCopper": 0.0, "metalMinedTin": 0.0, "metalMinedIron": 0.0, "metalMinedMercuryCinnabar": 0.0, "metalMinedZinc": 0.0, "metalMinedOther": 0.0, "description": null, "references": "Domergue 1990: 42", "techniqueOpencast": null, "techniqueUnderground": null, "techniqueHydraulic": "FALSE", "techniqueHushing": "FALSE", "techniqueGroundSluicing": "FALSE", "techniqueRuinaMontium": 0.0, "techniqueRakeComb": 0.0, "techniqueGoldWashing": 0.0, "techniqueOther": null, "notes": null, "geology": "Hard rock", "depositType": null, "exploitationType": null, "Flag_Au_Oro": 0, "Status_Au_Oro": "No", "Flag_Ag_Plata": 1, "Status_Ag_Plata": "Confirmado", "Flag_Cu_Cobre": 0, "Status_Cu_Cobre": "No", "Flag_Pb_Plomo": 1, "Status_Pb_Plomo": "Confirmado", "Flag_Hg_Cinabrio": 0, "Status_Hg_Cinabrio": "No", "Flag_Sn_Estano": 0, "Status_Sn_Estano": "No", "Flag_Fe_Hierro": 0, "Status_Fe_Hierro": "No", "Tech_Ruina_Montium": 0, "Tech_Subterranea": 0, "Tech_Cielo_Abierto": 0, "Tech_Lavado_Placer": 0, "Certainty_Spatial": 1.0, "Certainty_Archaeological": 0.9, "Certainty_Metallogenic": 1.0, "Certainty_Score": 0.965, "Certainty_Grade": "Alta Certeza (Grado I)" }, "geometry": { "type": "Point", "coordinates": [ -5.68164048, 40.54020398 ] } },
{ "type": "Feature", "properties": { "mineID": 741, "site": "Huerta de Juan Abad", "ancientName": null, "province": "Hispania Baetica", "country": "Spain", "region": "Córdoba", "miningDistrict": "Montoro Andújar", "romanianRANID": null, "sanchezPalenciaAndOrejasID": null, "domergueID": "CO 75", "spainMapSheet": 903.0, "lambertX": 541.0, "lambertY": 394.5, "latitude": 38.14501878, "longitude": -4.3614333, "coordinateAccuracy": 100.0, "locationDataSource": "Converted in QGIS from Lambert coords, Madrid 1870", "locationNotes": null, "notBeforeOpeningDate": null, "notAfterOpeningDate": null, "notBeforeClosingDate": null, "notAfterClosingDate": null, "inUseDate": null, "metalMinedGold": "FALSE", "metalMinedSilver": 1.0, "metalMinedLead": 1.0, "metalMinedCopper": 0.0, "metalMinedTin": 0.0, "metalMinedIron": 0.0, "metalMinedMercuryCinnabar": 0.0, "metalMinedZinc": 0.0, "metalMinedOther": 0.0, "description": null, "references": "Domergue 1990: 47", "techniqueOpencast": 0.0, "techniqueUnderground": 1.0, "techniqueHydraulic": "FALSE", "techniqueHushing": "FALSE", "techniqueGroundSluicing": "FALSE", "techniqueRuinaMontium": 0.0, "techniqueRakeComb": 0.0, "techniqueGoldWashing": 0.0, "techniqueOther": 0.0, "notes": null, "geology": "Hard rock", "depositType": null, "exploitationType": null, "Flag_Au_Oro": 0, "Status_Au_Oro": "No", "Flag_Ag_Plata": 1, "Status_Ag_Plata": "Confirmado", "Flag_Cu_Cobre": 0, "Status_Cu_Cobre": "No", "Flag_Pb_Plomo": 1, "Status_Pb_Plomo": "Confirmado", "Flag_Hg_Cinabrio": 0, "Status_Hg_Cinabrio": "No", "Flag_Sn_Estano": 0, "Status_Sn_Estano": "No", "Flag_Fe_Hierro": 0, "Status_Fe_Hierro": "No", "Tech_Ruina_Montium": 0, "Tech_Subterranea": 1, "Tech_Cielo_Abierto": 0, "Tech_Lavado_Placer": 0, "Certainty_Spatial": 1.0, "Certainty_Archaeological": 0.9, "Certainty_Metallogenic": 1.0, "Certainty_Score": 0.965, "Certainty_Grade": "Alta Certeza (Grado I)" }, "geometry": { "type": "Point", "coordinates": [ -4.3614333, 38.14501878 ] } },
{ "type": "Feature", "properties": { "mineID": 746, "site": "Justicia", "ancientName": null, "province": "Hispania Baetica", "country": "Spain", "region": "Badajoz", "miningDistrict": "Azuaga-Fuenteovejuna", "romanianRANID": null, "sanchezPalenciaAndOrejasID": null, "domergueID": "BA 13", "spainMapSheet": 878.0, "lambertX": 429.6, "lambertY": 404.4, "latitude": 38.21949903, "longitude": -5.63527857, "coordinateAccuracy": 100.0, "locationDataSource": "Converted in QGIS from Lambert coords, Madrid 1870", "locationNotes": null, "notBeforeOpeningDate": null, "notAfterOpeningDate": null, "notBeforeClosingDate": null, "notAfterClosingDate": null, "inUseDate": null, "metalMinedGold": "FALSE", "metalMinedSilver": 1.0, "metalMinedLead": 1.0, "metalMinedCopper": 0.0, "metalMinedTin": 0.0, "metalMinedIron": 0.0, "metalMinedMercuryCinnabar": 0.0, "metalMinedZinc": 0.0, "metalMinedOther": 0.0, "description": null, "references": "Domergue 1990: 46", "techniqueOpencast": 0.0, "techniqueUnderground": 1.0, "techniqueHydraulic": "FALSE", "techniqueHushing": "FALSE", "techniqueGroundSluicing": "FALSE", "techniqueRuinaMontium": 0.0, "techniqueRakeComb": 0.0, "techniqueGoldWashing": 0.0, "techniqueOther": 0.0, "notes": null, "geology": "Hard rock", "depositType": "Primary", "exploitationType": null, "Flag_Au_Oro": 0, "Status_Au_Oro": "No", "Flag_Ag_Plata": 1, "Status_Ag_Plata": "Confirmado", "Flag_Cu_Cobre": 0, "Status_Cu_Cobre": "No", "Flag_Pb_Plomo": 1, "Status_Pb_Plomo": "Confirmado", "Flag_Hg_Cinabrio": 0, "Status_Hg_Cinabrio": "No", "Flag_Sn_Estano": 0, "Status_Sn_Estano": "No", "Flag_Fe_Hierro": 0, "Status_Fe_Hierro": "No", "Tech_Ruina_Montium": 0, "Tech_Subterranea": 1, "Tech_Cielo_Abierto": 0, "Tech_Lavado_Placer": 0, "Certainty_Spatial": 1.0, "Certainty_Archaeological": 0.9, "Certainty_Metallogenic": 1.0, "Certainty_Score": 0.965, "Certainty_Grade": "Alta Certeza (Grado I)" }, "geometry": { "type": "Point", "coordinates": [ -5.63527857, 38.21949903 ] } },
{ "type": "Feature", "properties": { "mineID": 747, "site": "La Alondra", "ancientName": null, "province": "Hispania Baetica", "country": "Spain", "region": "Badajoz", "miningDistrict": "La Serena", "romanianRANID": null, "sanchezPalenciaAndOrejasID": null, "domergueID": "BA 36", "spainMapSheet": 806.0, "lambertX": 441.3, "lambertY": 463.8, "latitude": 38.75717683, "longitude": -5.51552515, "coordinateAccuracy": 100.0, "locationDataSource": "Converted in QGIS from Lambert coords, Madrid 1870", "locationNotes": null, "notBeforeOpeningDate": null, "notAfterOpeningDate": null, "notBeforeClosingDate": null, "notAfterClosingDate": null, "inUseDate": null, "metalMinedGold": "FALSE", "metalMinedSilver": 1.0, "metalMinedLead": 1.0, "metalMinedCopper": 0.0, "metalMinedTin": 0.0, "metalMinedIron": 0.0, "metalMinedMercuryCinnabar": 0.0, "metalMinedZinc": 0.0, "metalMinedOther": 0.0, "description": null, "references": "Domergue 1990: 45", "techniqueOpencast": null, "techniqueUnderground": null, "techniqueHydraulic": "FALSE", "techniqueHushing": "FALSE", "techniqueGroundSluicing": "FALSE", "techniqueRuinaMontium": 0.0, "techniqueRakeComb": 0.0, "techniqueGoldWashing": 0.0, "techniqueOther": null, "notes": null, "geology": "Hard rock", "depositType": "Primary", "exploitationType": null, "Flag_Au_Oro": 0, "Status_Au_Oro": "No", "Flag_Ag_Plata": 1, "Status_Ag_Plata": "Confirmado", "Flag_Cu_Cobre": 0, "Status_Cu_Cobre": "No", "Flag_Pb_Plomo": 1, "Status_Pb_Plomo": "Confirmado", "Flag_Hg_Cinabrio": 0, "Status_Hg_Cinabrio": "No", "Flag_Sn_Estano": 0, "Status_Sn_Estano": "No", "Flag_Fe_Hierro": 0, "Status_Fe_Hierro": "No", "Tech_Ruina_Montium": 0, "Tech_Subterranea": 0, "Tech_Cielo_Abierto": 0, "Tech_Lavado_Placer": 0, "Certainty_Spatial": 1.0, "Certainty_Archaeological": 0.9, "Certainty_Metallogenic": 1.0, "Certainty_Score": 0.965, "Certainty_Grade": "Alta Certeza (Grado I)" }, "geometry": { "type": "Point", "coordinates": [ -5.51552515, 38.75717683 ] } },
{ "type": "Feature", "properties": { "mineID": 749, "site": "La Argentera", "ancientName": null, "province": "Hispania Tarraconensis", "country": "Spain", "region": "Balearics", "miningDistrict": null, "romanianRANID": null, "sanchezPalenciaAndOrejasID": null, "domergueID": "PM 2", "spainMapSheet": 773.0, "lambertX": 1053.3, "lambertY": 503.8, "latitude": 39.01230651, "longitude": 1.554060351, "coordinateAccuracy": 100.0, "locationDataSource": "Converted in QGIS from Lambert coords, Madrid 1870", "locationNotes": null, "notBeforeOpeningDate": null, "notAfterOpeningDate": null, "notBeforeClosingDate": null, "notAfterClosingDate": null, "inUseDate": null, "metalMinedGold": "FALSE", "metalMinedSilver": 1.0, "metalMinedLead": 1.0, "metalMinedCopper": 0.0, "metalMinedTin": 0.0, "metalMinedIron": 0.0, "metalMinedMercuryCinnabar": 0.0, "metalMinedZinc": 0.0, "metalMinedOther": 0.0, "description": null, "references": "Domergue 1990: 64", "techniqueOpencast": 0.0, "techniqueUnderground": 1.0, "techniqueHydraulic": "FALSE", "techniqueHushing": "FALSE", "techniqueGroundSluicing": "FALSE", "techniqueRuinaMontium": 0.0, "techniqueRakeComb": 0.0, "techniqueGoldWashing": 0.0, "techniqueOther": 0.0, "notes": null, "geology": null, "depositType": null, "exploitationType": null, "Flag_Au_Oro": 0, "Status_Au_Oro": "No", "Flag_Ag_Plata": 1, "Status_Ag_Plata": "Confirmado", "Flag_Cu_Cobre": 0, "Status_Cu_Cobre": "No", "Flag_Pb_Plomo": 1, "Status_Pb_Plomo": "Confirmado", "Flag_Hg_Cinabrio": 0, "Status_Hg_Cinabrio": "No", "Flag_Sn_Estano": 0, "Status_Sn_Estano": "No", "Flag_Fe_Hierro": 0, "Status_Fe_Hierro": "No", "Tech_Ruina_Montium": 0, "Tech_Subterranea": 1, "Tech_Cielo_Abierto": 0, "Tech_Lavado_Placer": 0, "Certainty_Spatial": 1.0, "Certainty_Archaeological": 0.9, "Certainty_Metallogenic": 1.0, "Certainty_Score": 0.965, "Certainty_Grade": "Alta Certeza (Grado I)" }, "geometry": { "type": "Point", "coordinates": [ 1.554060351, 39.01230651 ] } },
{ "type": "Feature", "properties": { "mineID": 750, "site": "La Atalaya", "ancientName": null, "province": "Hispania Baetica", "country": "Spain", "region": "Córdoba", "miningDistrict": "Los Pedroches", "romanianRANID": null, "sanchezPalenciaAndOrejasID": null, "domergueID": "CO 12", "spainMapSheet": 881.0, "lambertX": 498.2, "lambertY": 411.1, "latitude": 38.29069017, "longitude": -4.85243374, "coordinateAccuracy": 100.0, "locationDataSource": "Converted in QGIS from Lambert coords, Madrid 1870", "locationNotes": null, "notBeforeOpeningDate": null, "notAfterOpeningDate": null, "notBeforeClosingDate": null, "notAfterClosingDate": null, "inUseDate": null, "metalMinedGold": "FALSE", "metalMinedSilver": 1.0, "metalMinedLead": 1.0, "metalMinedCopper": 1.0, "metalMinedTin": 0.0, "metalMinedIron": 0.0, "metalMinedMercuryCinnabar": 0.0, "metalMinedZinc": 0.0, "metalMinedOther": 0.0, "description": null, "references": "Domergue 1990: 48", "techniqueOpencast": null, "techniqueUnderground": null, "techniqueHydraulic": "FALSE", "techniqueHushing": "FALSE", "techniqueGroundSluicing": "FALSE", "techniqueRuinaMontium": 0.0, "techniqueRakeComb": 0.0, "techniqueGoldWashing": 0.0, "techniqueOther": null, "notes": null, "geology": "Hard rock", "depositType": "Primary", "exploitationType": null, "Flag_Au_Oro": 0, "Status_Au_Oro": "No", "Flag_Ag_Plata": 1, "Status_Ag_Plata": "Confirmado", "Flag_Cu_Cobre": 1, "Status_Cu_Cobre": "Confirmado", "Flag_Pb_Plomo": 1, "Status_Pb_Plomo": "Confirmado", "Flag_Hg_Cinabrio": 0, "Status_Hg_Cinabrio": "No", "Flag_Sn_Estano": 0, "Status_Sn_Estano": "No", "Flag_Fe_Hierro": 0, "Status_Fe_Hierro": "No", "Tech_Ruina_Montium": 0, "Tech_Subterranea": 0, "Tech_Cielo_Abierto": 0, "Tech_Lavado_Placer": 0, "Certainty_Spatial": 1.0, "Certainty_Archaeological": 0.9, "Certainty_Metallogenic": 1.0, "Certainty_Score": 0.965, "Certainty_Grade": "Alta Certeza (Grado I)" }, "geometry": { "type": "Point", "coordinates": [ -4.85243374, 38.29069017 ] } },
{ "type": "Feature", "properties": { "mineID": 752, "site": "La Cabra", "ancientName": null, "province": "Hispania Tarraconensis", "country": "Spain", "region": "Ciudad Real", "miningDistrict": "Alcudia", "romanianRANID": null, "sanchezPalenciaAndOrejasID": null, "domergueID": "CR 14", "spainMapSheet": 835.0, "lambertX": 535.4, "lambertY": 449.7, "latitude": 38.64228441, "longitude": -4.43060527, "coordinateAccuracy": 100.0, "locationDataSource": "Converted in QGIS from Lambert coords, Madrid 1870", "locationNotes": null, "notBeforeOpeningDate": null, "notAfterOpeningDate": null, "notBeforeClosingDate": null, "notAfterClosingDate": null, "inUseDate": null, "metalMinedGold": "FALSE", "metalMinedSilver": 1.0, "metalMinedLead": 1.0, "metalMinedCopper": 0.0, "metalMinedTin": 0.0, "metalMinedIron": 0.0, "metalMinedMercuryCinnabar": 0.0, "metalMinedZinc": 0.0, "metalMinedOther": 0.0, "description": null, "references": "Domergue 1990: 46", "techniqueOpencast": null, "techniqueUnderground": null, "techniqueHydraulic": "FALSE", "techniqueHushing": "FALSE", "techniqueGroundSluicing": "FALSE", "techniqueRuinaMontium": 0.0, "techniqueRakeComb": 0.0, "techniqueGoldWashing": 0.0, "techniqueOther": null, "notes": null, "geology": null, "depositType": null, "exploitationType": null, "Flag_Au_Oro": 0, "Status_Au_Oro": "No", "Flag_Ag_Plata": 1, "Status_Ag_Plata": "Confirmado", "Flag_Cu_Cobre": 0, "Status_Cu_Cobre": "No", "Flag_Pb_Plomo": 1, "Status_Pb_Plomo": "Confirmado", "Flag_Hg_Cinabrio": 0, "Status_Hg_Cinabrio": "No", "Flag_Sn_Estano": 0, "Status_Sn_Estano": "No", "Flag_Fe_Hierro": 0, "Status_Fe_Hierro": "No", "Tech_Ruina_Montium": 0, "Tech_Subterranea": 0, "Tech_Cielo_Abierto": 0, "Tech_Lavado_Placer": 0, "Certainty_Spatial": 1.0, "Certainty_Archaeological": 0.9, "Certainty_Metallogenic": 1.0, "Certainty_Score": 0.965, "Certainty_Grade": "Alta Certeza (Grado I)" }, "geometry": { "type": "Point", "coordinates": [ -4.43060527, 38.64228441 ] } },
{ "type": "Feature", "properties": { "mineID": 765, "site": "La Cruz", "ancientName": null, "province": "Hispania Tarraconensis", "country": "Spain", "region": "Jaén", "miningDistrict": "Linares - La Carolina", "romanianRANID": null, "sanchezPalenciaAndOrejasID": null, "domergueID": "J 24", "spainMapSheet": 905.0, "lambertX": 604.8, "lambertY": 394.5, "latitude": 38.14701494, "longitude": -3.63314509, "coordinateAccuracy": 100.0, "locationDataSource": "Converted in QGIS from Lambert coords, Madrid 1870", "locationNotes": null, "notBeforeOpeningDate": null, "notAfterOpeningDate": null, "notBeforeClosingDate": null, "notAfterClosingDate": null, "inUseDate": null, "metalMinedGold": "FALSE", "metalMinedSilver": 1.0, "metalMinedLead": 1.0, "metalMinedCopper": 1.0, "metalMinedTin": 0.0, "metalMinedIron": 0.0, "metalMinedMercuryCinnabar": 0.0, "metalMinedZinc": 0.0, "metalMinedOther": 0.0, "description": null, "references": "Domergue 1990: 45", "techniqueOpencast": 0.0, "techniqueUnderground": 1.0, "techniqueHydraulic": "FALSE", "techniqueHushing": "FALSE", "techniqueGroundSluicing": "FALSE", "techniqueRuinaMontium": 0.0, "techniqueRakeComb": 0.0, "techniqueGoldWashing": 0.0, "techniqueOther": 0.0, "notes": null, "geology": "Hard rock", "depositType": null, "exploitationType": null, "Flag_Au_Oro": 0, "Status_Au_Oro": "No", "Flag_Ag_Plata": 1, "Status_Ag_Plata": "Confirmado", "Flag_Cu_Cobre": 1, "Status_Cu_Cobre": "Confirmado", "Flag_Pb_Plomo": 1, "Status_Pb_Plomo": "Confirmado", "Flag_Hg_Cinabrio": 0, "Status_Hg_Cinabrio": "No", "Flag_Sn_Estano": 0, "Status_Sn_Estano": "No", "Flag_Fe_Hierro": 0, "Status_Fe_Hierro": "No", "Tech_Ruina_Montium": 0, "Tech_Subterranea": 1, "Tech_Cielo_Abierto": 0, "Tech_Lavado_Placer": 0, "Certainty_Spatial": 1.0, "Certainty_Archaeological": 0.9, "Certainty_Metallogenic": 1.0, "Certainty_Score": 0.965, "Certainty_Grade": "Alta Certeza (Grado I)" }, "geometry": { "type": "Point", "coordinates": [ -3.63314509, 38.14701494 ] } },
{ "type": "Feature", "properties": { "mineID": 777, "site": "La Fortuna", "ancientName": null, "province": "Hispania Tarraconensis", "country": "Spain", "region": "Ciudad Real", "miningDistrict": "Alcudia", "romanianRANID": null, "sanchezPalenciaAndOrejasID": null, "domergueID": "CR 9", "spainMapSheet": 809.0, "lambertX": 546.0, "lambertY": 460.4, "latitude": 38.73949196, "longitude": -4.30960585, "coordinateAccuracy": 100.0, "locationDataSource": "Converted in QGIS from Lambert coords, Madrid 1870", "locationNotes": null, "notBeforeOpeningDate": null, "notAfterOpeningDate": null, "notBeforeClosingDate": null, "notAfterClosingDate": null, "inUseDate": null, "metalMinedGold": "FALSE", "metalMinedSilver": 1.0, "metalMinedLead": 1.0, "metalMinedCopper": 0.0, "metalMinedTin": 0.0, "metalMinedIron": 0.0, "metalMinedMercuryCinnabar": 0.0, "metalMinedZinc": 0.0, "metalMinedOther": 0.0, "description": null, "references": "Domergue 1990: 46", "techniqueOpencast": null, "techniqueUnderground": null, "techniqueHydraulic": "FALSE", "techniqueHushing": "FALSE", "techniqueGroundSluicing": "FALSE", "techniqueRuinaMontium": 0.0, "techniqueRakeComb": 0.0, "techniqueGoldWashing": 0.0, "techniqueOther": null, "notes": null, "geology": null, "depositType": null, "exploitationType": null, "Flag_Au_Oro": 0, "Status_Au_Oro": "No", "Flag_Ag_Plata": 1, "Status_Ag_Plata": "Confirmado", "Flag_Cu_Cobre": 0, "Status_Cu_Cobre": "No", "Flag_Pb_Plomo": 1, "Status_Pb_Plomo": "Confirmado", "Flag_Hg_Cinabrio": 0, "Status_Hg_Cinabrio": "No", "Flag_Sn_Estano": 0, "Status_Sn_Estano": "No", "Flag_Fe_Hierro": 0, "Status_Fe_Hierro": "No", "Tech_Ruina_Montium": 0, "Tech_Subterranea": 0, "Tech_Cielo_Abierto": 0, "Tech_Lavado_Placer": 0, "Certainty_Spatial": 1.0, "Certainty_Archaeological": 0.9, "Certainty_Metallogenic": 1.0, "Certainty_Score": 0.965, "Certainty_Grade": "Alta Certeza (Grado I)" }, "geometry": { "type": "Point", "coordinates": [ -4.30960585, 38.73949196 ] } },
{ "type": "Feature", "properties": { "mineID": 788, "site": "La Herreria", "ancientName": null, "province": "Hispania Baetica", "country": "Spain", "region": "Córdoba", "miningDistrict": "Montoro Andújar", "romanianRANID": null, "sanchezPalenciaAndOrejasID": null, "domergueID": "CO 76", "spainMapSheet": 903.0, "lambertX": 537.4, "lambertY": 395.5, "latitude": 38.15378104, "longitude": -4.40261769, "coordinateAccuracy": 100.0, "locationDataSource": "Converted in QGIS from Lambert coords, Madrid 1870", "locationNotes": null, "notBeforeOpeningDate": null, "notAfterOpeningDate": null, "notBeforeClosingDate": null, "notAfterClosingDate": null, "inUseDate": null, "metalMinedGold": "FALSE", "metalMinedSilver": 1.0, "metalMinedLead": 1.0, "metalMinedCopper": 1.0, "metalMinedTin": 0.0, "metalMinedIron": 0.0, "metalMinedMercuryCinnabar": 0.0, "metalMinedZinc": 0.0, "metalMinedOther": 0.0, "description": null, "references": "Domergue 1990: 47", "techniqueOpencast": 0.0, "techniqueUnderground": 1.0, "techniqueHydraulic": "FALSE", "techniqueHushing": "FALSE", "techniqueGroundSluicing": "FALSE", "techniqueRuinaMontium": 0.0, "techniqueRakeComb": 0.0, "techniqueGoldWashing": 0.0, "techniqueOther": 0.0, "notes": null, "geology": "Hard rock", "depositType": null, "exploitationType": null, "Flag_Au_Oro": 0, "Status_Au_Oro": "No", "Flag_Ag_Plata": 1, "Status_Ag_Plata": "Confirmado", "Flag_Cu_Cobre": 1, "Status_Cu_Cobre": "Confirmado", "Flag_Pb_Plomo": 1, "Status_Pb_Plomo": "Confirmado", "Flag_Hg_Cinabrio": 0, "Status_Hg_Cinabrio": "No", "Flag_Sn_Estano": 0, "Status_Sn_Estano": "No", "Flag_Fe_Hierro": 0, "Status_Fe_Hierro": "No", "Tech_Ruina_Montium": 0, "Tech_Subterranea": 1, "Tech_Cielo_Abierto": 0, "Tech_Lavado_Placer": 0, "Certainty_Spatial": 1.0, "Certainty_Archaeological": 0.9, "Certainty_Metallogenic": 1.0, "Certainty_Score": 0.965, "Certainty_Grade": "Alta Certeza (Grado I)" }, "geometry": { "type": "Point", "coordinates": [ -4.40261769, 38.15378104 ] } },
{ "type": "Feature", "properties": { "mineID": 792, "site": "La Lagunilla", "ancientName": null, "province": "Hispania Baetica", "country": "Spain", "region": "Córdoba", "miningDistrict": "Azuaga-Fuenteovejuna", "romanianRANID": null, "sanchezPalenciaAndOrejasID": null, "domergueID": "CO 58", "spainMapSheet": 900.0, "lambertX": 441.6, "lambertY": 397.1, "latitude": 38.15598041, "longitude": -5.49648864, "coordinateAccuracy": 100.0, "locationDataSource": "Converted in QGIS from Lambert coords, Madrid 1870", "locationNotes": null, "notBeforeOpeningDate": null, "notAfterOpeningDate": null, "notBeforeClosingDate": null, "notAfterClosingDate": null, "inUseDate": null, "metalMinedGold": "FALSE", "metalMinedSilver": 1.0, "metalMinedLead": 1.0, "metalMinedCopper": 0.0, "metalMinedTin": 0.0, "metalMinedIron": 0.0, "metalMinedMercuryCinnabar": 0.0, "metalMinedZinc": 0.0, "metalMinedOther": 0.0, "description": null, "references": "Domergue 1990: 46", "techniqueOpencast": 0.0, "techniqueUnderground": 1.0, "techniqueHydraulic": "FALSE", "techniqueHushing": "FALSE", "techniqueGroundSluicing": "FALSE", "techniqueRuinaMontium": 0.0, "techniqueRakeComb": 0.0, "techniqueGoldWashing": 0.0, "techniqueOther": 0.0, "notes": null, "geology": "Hard rock", "depositType": "Primary", "exploitationType": null, "Flag_Au_Oro": 0, "Status_Au_Oro": "No", "Flag_Ag_Plata": 1, "Status_Ag_Plata": "Confirmado", "Flag_Cu_Cobre": 0, "Status_Cu_Cobre": "No", "Flag_Pb_Plomo": 1, "Status_Pb_Plomo": "Confirmado", "Flag_Hg_Cinabrio": 0, "Status_Hg_Cinabrio": "No", "Flag_Sn_Estano": 0, "Status_Sn_Estano": "No", "Flag_Fe_Hierro": 0, "Status_Fe_Hierro": "No", "Tech_Ruina_Montium": 0, "Tech_Subterranea": 1, "Tech_Cielo_Abierto": 0, "Tech_Lavado_Placer": 0, "Certainty_Spatial": 1.0, "Certainty_Archaeological": 0.9, "Certainty_Metallogenic": 1.0, "Certainty_Score": 0.965, "Certainty_Grade": "Alta Certeza (Grado I)" }, "geometry": { "type": "Point", "coordinates": [ -5.49648864, 38.15598041 ] } },
{ "type": "Feature", "properties": { "mineID": 797, "site": "La Loba", "ancientName": null, "province": "Hispania Baetica", "country": "Spain", "region": "Córdoba", "miningDistrict": "Azuaga-Fuenteovejuna", "romanianRANID": null, "sanchezPalenciaAndOrejasID": null, "domergueID": "CO 55", "spainMapSheet": 879.0, "lambertX": 454.0, "lambertY": 413.0, "latitude": 38.30148131, "longitude": -5.35834637, "coordinateAccuracy": 100.0, "locationDataSource": "Converted in QGIS from Lambert coords, Madrid 1870", "locationNotes": null, "notBeforeOpeningDate": null, "notAfterOpeningDate": null, "notBeforeClosingDate": null, "notAfterClosingDate": null, "inUseDate": null, "metalMinedGold": "FALSE", "metalMinedSilver": 1.0, "metalMinedLead": 1.0, "metalMinedCopper": 1.0, "metalMinedTin": 0.0, "metalMinedIron": 0.0, "metalMinedMercuryCinnabar": 0.0, "metalMinedZinc": 0.0, "metalMinedOther": 0.0, "description": null, "references": "Domergue 1990: 46", "techniqueOpencast": 0.0, "techniqueUnderground": 1.0, "techniqueHydraulic": "FALSE", "techniqueHushing": "FALSE", "techniqueGroundSluicing": "FALSE", "techniqueRuinaMontium": 0.0, "techniqueRakeComb": 0.0, "techniqueGoldWashing": 0.0, "techniqueOther": 0.0, "notes": null, "geology": "Hard rock", "depositType": "Primary", "exploitationType": null, "Flag_Au_Oro": 0, "Status_Au_Oro": "No", "Flag_Ag_Plata": 1, "Status_Ag_Plata": "Confirmado", "Flag_Cu_Cobre": 1, "Status_Cu_Cobre": "Confirmado", "Flag_Pb_Plomo": 1, "Status_Pb_Plomo": "Confirmado", "Flag_Hg_Cinabrio": 0, "Status_Hg_Cinabrio": "No", "Flag_Sn_Estano": 0, "Status_Sn_Estano": "No", "Flag_Fe_Hierro": 0, "Status_Fe_Hierro": "No", "Tech_Ruina_Montium": 0, "Tech_Subterranea": 1, "Tech_Cielo_Abierto": 0, "Tech_Lavado_Placer": 0, "Certainty_Spatial": 1.0, "Certainty_Archaeological": 0.9, "Certainty_Metallogenic": 1.0, "Certainty_Score": 0.965, "Certainty_Grade": "Alta Certeza (Grado I)" }, "geometry": { "type": "Point", "coordinates": [ -5.35834637, 38.30148131 ] } },
{ "type": "Feature", "properties": { "mineID": 798, "site": "La Luz (Alcudia)", "ancientName": null, "province": "Hispania Tarraconensis", "country": "Spain", "region": "Ciudad Real", "miningDistrict": "Alcudia", "romanianRANID": null, "sanchezPalenciaAndOrejasID": null, "domergueID": "CR 10", "spainMapSheet": 809.0, "lambertX": 546.7, "lambertY": 460.4, "latitude": 38.7395357, "longitude": -4.30154746, "coordinateAccuracy": 100.0, "locationDataSource": "Converted in QGIS from Lambert coords, Madrid 1870", "locationNotes": null, "notBeforeOpeningDate": null, "notAfterOpeningDate": null, "notBeforeClosingDate": null, "notAfterClosingDate": null, "inUseDate": null, "metalMinedGold": "FALSE", "metalMinedSilver": 1.0, "metalMinedLead": 1.0, "metalMinedCopper": 0.0, "metalMinedTin": 0.0, "metalMinedIron": 0.0, "metalMinedMercuryCinnabar": 0.0, "metalMinedZinc": 0.0, "metalMinedOther": 0.0, "description": null, "references": "Domergue 1990: 46", "techniqueOpencast": null, "techniqueUnderground": null, "techniqueHydraulic": "FALSE", "techniqueHushing": "FALSE", "techniqueGroundSluicing": "FALSE", "techniqueRuinaMontium": 0.0, "techniqueRakeComb": 0.0, "techniqueGoldWashing": 0.0, "techniqueOther": null, "notes": null, "geology": null, "depositType": null, "exploitationType": null, "Flag_Au_Oro": 0, "Status_Au_Oro": "No", "Flag_Ag_Plata": 1, "Status_Ag_Plata": "Confirmado", "Flag_Cu_Cobre": 0, "Status_Cu_Cobre": "No", "Flag_Pb_Plomo": 1, "Status_Pb_Plomo": "Confirmado", "Flag_Hg_Cinabrio": 0, "Status_Hg_Cinabrio": "No", "Flag_Sn_Estano": 0, "Status_Sn_Estano": "No", "Flag_Fe_Hierro": 0, "Status_Fe_Hierro": "No", "Tech_Ruina_Montium": 0, "Tech_Subterranea": 0, "Tech_Cielo_Abierto": 0, "Tech_Lavado_Placer": 0, "Certainty_Spatial": 1.0, "Certainty_Archaeological": 0.9, "Certainty_Metallogenic": 1.0, "Certainty_Score": 0.965, "Certainty_Grade": "Alta Certeza (Grado I)" }, "geometry": { "type": "Point", "coordinates": [ -4.30154746, 38.7395357 ] } },
{ "type": "Feature", "properties": { "mineID": 799, "site": "La Luz (Linares)", "ancientName": null, "province": "Hispania Tarraconensis", "country": "Spain", "region": "Jaén", "miningDistrict": "Linares - La Carolina", "romanianRANID": null, "sanchezPalenciaAndOrejasID": null, "domergueID": "J 26", "spainMapSheet": 905.0, "lambertX": 606.1, "lambertY": 393.5, "latitude": 38.13799154, "longitude": -3.61831402, "coordinateAccuracy": 100.0, "locationDataSource": "Converted in QGIS from Lambert coords, Madrid 1870", "locationNotes": null, "notBeforeOpeningDate": null, "notAfterOpeningDate": null, "notBeforeClosingDate": null, "notAfterClosingDate": null, "inUseDate": null, "metalMinedGold": "FALSE", "metalMinedSilver": 1.0, "metalMinedLead": 1.0, "metalMinedCopper": 0.0, "metalMinedTin": 0.0, "metalMinedIron": 0.0, "metalMinedMercuryCinnabar": 0.0, "metalMinedZinc": 0.0, "metalMinedOther": 0.0, "description": null, "references": "Domergue 1990: 45", "techniqueOpencast": 0.0, "techniqueUnderground": 1.0, "techniqueHydraulic": "FALSE", "techniqueHushing": "FALSE", "techniqueGroundSluicing": "FALSE", "techniqueRuinaMontium": 0.0, "techniqueRakeComb": 0.0, "techniqueGoldWashing": 0.0, "techniqueOther": 0.0, "notes": null, "geology": "Hard rock", "depositType": null, "exploitationType": null, "Flag_Au_Oro": 0, "Status_Au_Oro": "No", "Flag_Ag_Plata": 1, "Status_Ag_Plata": "Confirmado", "Flag_Cu_Cobre": 0, "Status_Cu_Cobre": "No", "Flag_Pb_Plomo": 1, "Status_Pb_Plomo": "Confirmado", "Flag_Hg_Cinabrio": 0, "Status_Hg_Cinabrio": "No", "Flag_Sn_Estano": 0, "Status_Sn_Estano": "No", "Flag_Fe_Hierro": 0, "Status_Fe_Hierro": "No", "Tech_Ruina_Montium": 0, "Tech_Subterranea": 1, "Tech_Cielo_Abierto": 0, "Tech_Lavado_Placer": 0, "Certainty_Spatial": 1.0, "Certainty_Archaeological": 0.9, "Certainty_Metallogenic": 1.0, "Certainty_Score": 0.965, "Certainty_Grade": "Alta Certeza (Grado I)" }, "geometry": { "type": "Point", "coordinates": [ -3.61831402, 38.13799154 ] } },
{ "type": "Feature", "properties": { "mineID": 803, "site": "La Matilla", "ancientName": null, "province": "Hispania Baetica", "country": "Spain", "region": "Badajoz", "miningDistrict": "La Serena", "romanianRANID": null, "sanchezPalenciaAndOrejasID": null, "domergueID": "BA 52", "spainMapSheet": 830.0, "lambertX": 392.5, "lambertY": 437.3, "latitude": 38.50791545, "longitude": -6.06911791, "coordinateAccuracy": 100.0, "locationDataSource": "Converted in QGIS from Lambert coords, Madrid 1870", "locationNotes": null, "notBeforeOpeningDate": null, "notAfterOpeningDate": null, "notBeforeClosingDate": null, "notAfterClosingDate": null, "inUseDate": null, "metalMinedGold": "FALSE", "metalMinedSilver": 1.0, "metalMinedLead": 1.0, "metalMinedCopper": 0.0, "metalMinedTin": 0.0, "metalMinedIron": 0.0, "metalMinedMercuryCinnabar": 0.0, "metalMinedZinc": 0.0, "metalMinedOther": 0.0, "description": null, "references": "Domergue 1990: 45", "techniqueOpencast": null, "techniqueUnderground": null, "techniqueHydraulic": "FALSE", "techniqueHushing": "FALSE", "techniqueGroundSluicing": "FALSE", "techniqueRuinaMontium": 0.0, "techniqueRakeComb": 0.0, "techniqueGoldWashing": 0.0, "techniqueOther": null, "notes": null, "geology": "Hard rock", "depositType": "Primary", "exploitationType": null, "Flag_Au_Oro": 0, "Status_Au_Oro": "No", "Flag_Ag_Plata": 1, "Status_Ag_Plata": "Confirmado", "Flag_Cu_Cobre": 0, "Status_Cu_Cobre": "No", "Flag_Pb_Plomo": 1, "Status_Pb_Plomo": "Confirmado", "Flag_Hg_Cinabrio": 0, "Status_Hg_Cinabrio": "No", "Flag_Sn_Estano": 0, "Status_Sn_Estano": "No", "Flag_Fe_Hierro": 0, "Status_Fe_Hierro": "No", "Tech_Ruina_Montium": 0, "Tech_Subterranea": 0, "Tech_Cielo_Abierto": 0, "Tech_Lavado_Placer": 0, "Certainty_Spatial": 1.0, "Certainty_Archaeological": 0.9, "Certainty_Metallogenic": 1.0, "Certainty_Score": 0.965, "Certainty_Grade": "Alta Certeza (Grado I)" }, "geometry": { "type": "Point", "coordinates": [ -6.06911791, 38.50791545 ] } },
{ "type": "Feature", "properties": { "mineID": 808, "site": "La Najerilla", "ancientName": null, "province": "Hispania Tarraconensis", "country": "Spain", "region": "La Rioja", "miningDistrict": null, "romanianRANID": null, "sanchezPalenciaAndOrejasID": null, "domergueID": "LO 1", "spainMapSheet": 240.0, "lambertX": 660.4, "lambertY": 841.5, "latitude": 42.17442906, "longitude": -2.956599594, "coordinateAccuracy": 100.0, "locationDataSource": "Converted in QGIS from Lambert coords, Madrid 1870", "locationNotes": null, "notBeforeOpeningDate": null, "notAfterOpeningDate": null, "notBeforeClosingDate": null, "notAfterClosingDate": null, "inUseDate": null, "metalMinedGold": "FALSE", "metalMinedSilver": 1.0, "metalMinedLead": 1.0, "metalMinedCopper": 0.0, "metalMinedTin": 0.0, "metalMinedIron": 0.0, "metalMinedMercuryCinnabar": 0.0, "metalMinedZinc": 0.0, "metalMinedOther": 0.0, "description": null, "references": "Domergue 1990: 64", "techniqueOpencast": null, "techniqueUnderground": null, "techniqueHydraulic": "FALSE", "techniqueHushing": "FALSE", "techniqueGroundSluicing": "FALSE", "techniqueRuinaMontium": 0.0, "techniqueRakeComb": 0.0, "techniqueGoldWashing": 0.0, "techniqueOther": null, "notes": null, "geology": null, "depositType": null, "exploitationType": null, "Flag_Au_Oro": 0, "Status_Au_Oro": "No", "Flag_Ag_Plata": 1, "Status_Ag_Plata": "Confirmado", "Flag_Cu_Cobre": 0, "Status_Cu_Cobre": "No", "Flag_Pb_Plomo": 1, "Status_Pb_Plomo": "Confirmado", "Flag_Hg_Cinabrio": 0, "Status_Hg_Cinabrio": "No", "Flag_Sn_Estano": 0, "Status_Sn_Estano": "No", "Flag_Fe_Hierro": 0, "Status_Fe_Hierro": "No", "Tech_Ruina_Montium": 0, "Tech_Subterranea": 0, "Tech_Cielo_Abierto": 0, "Tech_Lavado_Placer": 0, "Certainty_Spatial": 1.0, "Certainty_Archaeological": 0.9, "Certainty_Metallogenic": 1.0, "Certainty_Score": 0.965, "Certainty_Grade": "Alta Certeza (Grado I)" }, "geometry": { "type": "Point", "coordinates": [ -2.956599594, 42.17442906 ] } },
{ "type": "Feature", "properties": { "mineID": 810, "site": "La Onza", "ancientName": null, "province": "Hispania Baetica", "country": "Spain", "region": "Sevilla", "miningDistrict": "Sevilla", "romanianRANID": null, "sanchezPalenciaAndOrejasID": null, "domergueID": "SE 1", "spainMapSheet": 899.0, "lambertX": 437.0, "lambertY": 487.5, "latitude": 38.97002695, "longitude": -5.57079368, "coordinateAccuracy": 100.0, "locationDataSource": "Converted in QGIS from Lambert coords, Madrid 1870", "locationNotes": "Rectangle of 24 km2 limited by 439,484; 435,484; 435, 391; 439, 391", "notBeforeOpeningDate": null, "notAfterOpeningDate": null, "notBeforeClosingDate": null, "notAfterClosingDate": null, "inUseDate": null, "metalMinedGold": "FALSE", "metalMinedSilver": 1.0, "metalMinedLead": 1.0, "metalMinedCopper": 1.0, "metalMinedTin": 0.0, "metalMinedIron": 0.0, "metalMinedMercuryCinnabar": 0.0, "metalMinedZinc": 0.0, "metalMinedOther": 0.0, "description": null, "references": "Domergue 1990: 48", "techniqueOpencast": null, "techniqueUnderground": null, "techniqueHydraulic": "FALSE", "techniqueHushing": "FALSE", "techniqueGroundSluicing": "FALSE", "techniqueRuinaMontium": 0.0, "techniqueRakeComb": 0.0, "techniqueGoldWashing": 0.0, "techniqueOther": null, "notes": null, "geology": "Hard rock", "depositType": "Primary", "exploitationType": null, "Flag_Au_Oro": 0, "Status_Au_Oro": "No", "Flag_Ag_Plata": 1, "Status_Ag_Plata": "Confirmado", "Flag_Cu_Cobre": 1, "Status_Cu_Cobre": "Confirmado", "Flag_Pb_Plomo": 1, "Status_Pb_Plomo": "Confirmado", "Flag_Hg_Cinabrio": 0, "Status_Hg_Cinabrio": "No", "Flag_Sn_Estano": 0, "Status_Sn_Estano": "No", "Flag_Fe_Hierro": 0, "Status_Fe_Hierro": "No", "Tech_Ruina_Montium": 0, "Tech_Subterranea": 0, "Tech_Cielo_Abierto": 0, "Tech_Lavado_Placer": 0, "Certainty_Spatial": 1.0, "Certainty_Archaeological": 0.9, "Certainty_Metallogenic": 1.0, "Certainty_Score": 0.965, "Certainty_Grade": "Alta Certeza (Grado I)" }, "geometry": { "type": "Point", "coordinates": [ -5.57079368, 38.97002695 ] } },
{ "type": "Feature", "properties": { "mineID": 817, "site": "La Perdiz", "ancientName": null, "province": "Hispania Baetica", "country": "Spain", "region": "Badajoz", "miningDistrict": "La Serena", "romanianRANID": null, "sanchezPalenciaAndOrejasID": null, "domergueID": "BA 56", "spainMapSheet": 804.0, "lambertX": 404.1, "lambertY": 455.1, "latitude": 38.67107372, "longitude": -5.94122217, "coordinateAccuracy": 100.0, "locationDataSource": "Converted in QGIS from Lambert coords, Madrid 1870", "locationNotes": null, "notBeforeOpeningDate": null, "notAfterOpeningDate": null, "notBeforeClosingDate": null, "notAfterClosingDate": null, "inUseDate": null, "metalMinedGold": "FALSE", "metalMinedSilver": 1.0, "metalMinedLead": 1.0, "metalMinedCopper": 0.0, "metalMinedTin": 0.0, "metalMinedIron": 0.0, "metalMinedMercuryCinnabar": 0.0, "metalMinedZinc": 0.0, "metalMinedOther": 0.0, "description": null, "references": "Domergue 1990: 45", "techniqueOpencast": null, "techniqueUnderground": null, "techniqueHydraulic": "FALSE", "techniqueHushing": "FALSE", "techniqueGroundSluicing": "FALSE", "techniqueRuinaMontium": 0.0, "techniqueRakeComb": 0.0, "techniqueGoldWashing": 0.0, "techniqueOther": null, "notes": null, "geology": "Hard rock", "depositType": "Primary", "exploitationType": null, "Flag_Au_Oro": 0, "Status_Au_Oro": "No", "Flag_Ag_Plata": 1, "Status_Ag_Plata": "Confirmado", "Flag_Cu_Cobre": 0, "Status_Cu_Cobre": "No", "Flag_Pb_Plomo": 1, "Status_Pb_Plomo": "Confirmado", "Flag_Hg_Cinabrio": 0, "Status_Hg_Cinabrio": "No", "Flag_Sn_Estano": 0, "Status_Sn_Estano": "No", "Flag_Fe_Hierro": 0, "Status_Fe_Hierro": "No", "Tech_Ruina_Montium": 0, "Tech_Subterranea": 0, "Tech_Cielo_Abierto": 0, "Tech_Lavado_Placer": 0, "Certainty_Spatial": 1.0, "Certainty_Archaeological": 0.9, "Certainty_Metallogenic": 1.0, "Certainty_Score": 0.965, "Certainty_Grade": "Alta Certeza (Grado I)" }, "geometry": { "type": "Point", "coordinates": [ -5.94122217, 38.67107372 ] } },
{ "type": "Feature", "properties": { "mineID": 830, "site": "La Romana", "ancientName": null, "province": "Hispania Tarraconensis", "country": "Spain", "region": "Ciudad Real", "miningDistrict": "Alcudia", "romanianRANID": null, "sanchezPalenciaAndOrejasID": null, "domergueID": "CR 12", "spainMapSheet": 835.0, "lambertX": 541.7, "lambertY": 448.8, "latitude": 38.63461989, "longitude": -4.35810314, "coordinateAccuracy": 100.0, "locationDataSource": "Converted in QGIS from Lambert coords, Madrid 1870", "locationNotes": null, "notBeforeOpeningDate": null, "notAfterOpeningDate": null, "notBeforeClosingDate": null, "notAfterClosingDate": null, "inUseDate": null, "metalMinedGold": "FALSE", "metalMinedSilver": 1.0, "metalMinedLead": 1.0, "metalMinedCopper": 0.0, "metalMinedTin": 0.0, "metalMinedIron": 0.0, "metalMinedMercuryCinnabar": 0.0, "metalMinedZinc": 0.0, "metalMinedOther": 0.0, "description": null, "references": "Domergue 1990: 46", "techniqueOpencast": 0.0, "techniqueUnderground": 1.0, "techniqueHydraulic": "FALSE", "techniqueHushing": "FALSE", "techniqueGroundSluicing": "FALSE", "techniqueRuinaMontium": 0.0, "techniqueRakeComb": 0.0, "techniqueGoldWashing": 0.0, "techniqueOther": 0.0, "notes": null, "geology": null, "depositType": null, "exploitationType": null, "Flag_Au_Oro": 0, "Status_Au_Oro": "No", "Flag_Ag_Plata": 1, "Status_Ag_Plata": "Confirmado", "Flag_Cu_Cobre": 0, "Status_Cu_Cobre": "No", "Flag_Pb_Plomo": 1, "Status_Pb_Plomo": "Confirmado", "Flag_Hg_Cinabrio": 0, "Status_Hg_Cinabrio": "No", "Flag_Sn_Estano": 0, "Status_Sn_Estano": "No", "Flag_Fe_Hierro": 0, "Status_Fe_Hierro": "No", "Tech_Ruina_Montium": 0, "Tech_Subterranea": 1, "Tech_Cielo_Abierto": 0, "Tech_Lavado_Placer": 0, "Certainty_Spatial": 1.0, "Certainty_Archaeological": 0.9, "Certainty_Metallogenic": 1.0, "Certainty_Score": 0.965, "Certainty_Grade": "Alta Certeza (Grado I)" }, "geometry": { "type": "Point", "coordinates": [ -4.35810314, 38.63461989 ] } },
{ "type": "Feature", "properties": { "mineID": 833, "site": "La Serrana", "ancientName": null, "province": "Hispania Baetica", "country": "Spain", "region": "Badajoz", "miningDistrict": "Azuaga-Fuenteovejuna", "romanianRANID": null, "sanchezPalenciaAndOrejasID": null, "domergueID": "BA 9", "spainMapSheet": 878.0, "lambertX": 419.3, "lambertY": 402.6, "latitude": 38.20118577, "longitude": -5.75247022, "coordinateAccuracy": 100.0, "locationDataSource": "Converted in QGIS from Lambert coords, Madrid 1870", "locationNotes": null, "notBeforeOpeningDate": null, "notAfterOpeningDate": null, "notBeforeClosingDate": null, "notAfterClosingDate": null, "inUseDate": null, "metalMinedGold": "FALSE", "metalMinedSilver": 1.0, "metalMinedLead": 1.0, "metalMinedCopper": 0.0, "metalMinedTin": 0.0, "metalMinedIron": 0.0, "metalMinedMercuryCinnabar": 0.0, "metalMinedZinc": 0.0, "metalMinedOther": 0.0, "description": null, "references": "Domergue 1990: 46", "techniqueOpencast": 0.0, "techniqueUnderground": 1.0, "techniqueHydraulic": "FALSE", "techniqueHushing": "FALSE", "techniqueGroundSluicing": "FALSE", "techniqueRuinaMontium": 0.0, "techniqueRakeComb": 0.0, "techniqueGoldWashing": 0.0, "techniqueOther": 0.0, "notes": null, "geology": "Hard rock", "depositType": "Primary", "exploitationType": null, "Flag_Au_Oro": 0, "Status_Au_Oro": "No", "Flag_Ag_Plata": 1, "Status_Ag_Plata": "Confirmado", "Flag_Cu_Cobre": 0, "Status_Cu_Cobre": "No", "Flag_Pb_Plomo": 1, "Status_Pb_Plomo": "Confirmado", "Flag_Hg_Cinabrio": 0, "Status_Hg_Cinabrio": "No", "Flag_Sn_Estano": 0, "Status_Sn_Estano": "No", "Flag_Fe_Hierro": 0, "Status_Fe_Hierro": "No", "Tech_Ruina_Montium": 0, "Tech_Subterranea": 1, "Tech_Cielo_Abierto": 0, "Tech_Lavado_Placer": 0, "Certainty_Spatial": 1.0, "Certainty_Archaeological": 0.9, "Certainty_Metallogenic": 1.0, "Certainty_Score": 0.965, "Certainty_Grade": "Alta Certeza (Grado I)" }, "geometry": { "type": "Point", "coordinates": [ -5.75247022, 38.20118577 ] } },
{ "type": "Feature", "properties": { "mineID": 836, "site": "La Torrecilla", "ancientName": null, "province": "Hispania Tarraconensis", "country": "Spain", "region": "Jaén", "miningDistrict": "Linares - La Carolina", "romanianRANID": null, "sanchezPalenciaAndOrejasID": null, "domergueID": "J 17", "spainMapSheet": 884.0, "lambertX": 604.6, "lambertY": 407.4, "latitude": 38.26331517, "longitude": -3.63534127, "coordinateAccuracy": 100.0, "locationDataSource": "Converted in QGIS from Lambert coords, Madrid 1870", "locationNotes": null, "notBeforeOpeningDate": null, "notAfterOpeningDate": null, "notBeforeClosingDate": null, "notAfterClosingDate": null, "inUseDate": null, "metalMinedGold": "FALSE", "metalMinedSilver": 1.0, "metalMinedLead": 1.0, "metalMinedCopper": 0.0, "metalMinedTin": 0.0, "metalMinedIron": 0.0, "metalMinedMercuryCinnabar": 0.0, "metalMinedZinc": 0.0, "metalMinedOther": 0.0, "description": null, "references": "Domergue 1990: 45", "techniqueOpencast": 0.0, "techniqueUnderground": 1.0, "techniqueHydraulic": "FALSE", "techniqueHushing": "FALSE", "techniqueGroundSluicing": "FALSE", "techniqueRuinaMontium": 0.0, "techniqueRakeComb": 0.0, "techniqueGoldWashing": 0.0, "techniqueOther": 0.0, "notes": null, "geology": "Hard rock", "depositType": null, "exploitationType": null, "Flag_Au_Oro": 0, "Status_Au_Oro": "No", "Flag_Ag_Plata": 1, "Status_Ag_Plata": "Confirmado", "Flag_Cu_Cobre": 0, "Status_Cu_Cobre": "No", "Flag_Pb_Plomo": 1, "Status_Pb_Plomo": "Confirmado", "Flag_Hg_Cinabrio": 0, "Status_Hg_Cinabrio": "No", "Flag_Sn_Estano": 0, "Status_Sn_Estano": "No", "Flag_Fe_Hierro": 0, "Status_Fe_Hierro": "No", "Tech_Ruina_Montium": 0, "Tech_Subterranea": 1, "Tech_Cielo_Abierto": 0, "Tech_Lavado_Placer": 0, "Certainty_Spatial": 1.0, "Certainty_Archaeological": 0.9, "Certainty_Metallogenic": 1.0, "Certainty_Score": 0.965, "Certainty_Grade": "Alta Certeza (Grado I)" }, "geometry": { "type": "Point", "coordinates": [ -3.63534127, 38.26331517 ] } },
{ "type": "Feature", "properties": { "mineID": 840, "site": "La Victoria", "ancientName": null, "province": "Hispania Tarraconensis", "country": "Spain", "region": "Ciudad Real", "miningDistrict": "Alcudia", "romanianRANID": null, "sanchezPalenciaAndOrejasID": null, "domergueID": "CR 11", "spainMapSheet": 809.0, "lambertX": 539.4, "lambertY": 468.6, "latitude": 38.8129877, "longitude": -4.38632405, "coordinateAccuracy": 100.0, "locationDataSource": "Converted in QGIS from Lambert coords, Madrid 1870", "locationNotes": null, "notBeforeOpeningDate": null, "notAfterOpeningDate": null, "notBeforeClosingDate": null, "notAfterClosingDate": null, "inUseDate": null, "metalMinedGold": "FALSE", "metalMinedSilver": 1.0, "metalMinedLead": 1.0, "metalMinedCopper": 0.0, "metalMinedTin": 0.0, "metalMinedIron": 0.0, "metalMinedMercuryCinnabar": 0.0, "metalMinedZinc": 0.0, "metalMinedOther": 0.0, "description": null, "references": "Domergue 1990: 46", "techniqueOpencast": 0.0, "techniqueUnderground": 1.0, "techniqueHydraulic": "FALSE", "techniqueHushing": "FALSE", "techniqueGroundSluicing": "FALSE", "techniqueRuinaMontium": 0.0, "techniqueRakeComb": 0.0, "techniqueGoldWashing": 0.0, "techniqueOther": 0.0, "notes": null, "geology": null, "depositType": null, "exploitationType": null, "Flag_Au_Oro": 0, "Status_Au_Oro": "No", "Flag_Ag_Plata": 1, "Status_Ag_Plata": "Confirmado", "Flag_Cu_Cobre": 0, "Status_Cu_Cobre": "No", "Flag_Pb_Plomo": 1, "Status_Pb_Plomo": "Confirmado", "Flag_Hg_Cinabrio": 0, "Status_Hg_Cinabrio": "No", "Flag_Sn_Estano": 0, "Status_Sn_Estano": "No", "Flag_Fe_Hierro": 0, "Status_Fe_Hierro": "No", "Tech_Ruina_Montium": 0, "Tech_Subterranea": 1, "Tech_Cielo_Abierto": 0, "Tech_Lavado_Placer": 0, "Certainty_Spatial": 1.0, "Certainty_Archaeological": 0.9, "Certainty_Metallogenic": 1.0, "Certainty_Score": 0.965, "Certainty_Grade": "Alta Certeza (Grado I)" }, "geometry": { "type": "Point", "coordinates": [ -4.38632405, 38.8129877 ] } },
{ "type": "Feature", "properties": { "mineID": 854, "site": "Lanestosa", "ancientName": null, "province": "Hispania Tarraconensis", "country": "Spain", "region": "Bilbao", "miningDistrict": "Lanestosa", "romanianRANID": null, "sanchezPalenciaAndOrejasID": null, "domergueID": "BI 1", "spainMapSheet": 60.0, "lambertX": 620.5, "lambertY": 958.5, "latitude": 43.22968462, "longitude": -3.43570562, "coordinateAccuracy": 100.0, "locationDataSource": "Converted in QGIS from Lambert coords, Madrid 1870", "locationNotes": null, "notBeforeOpeningDate": null, "notAfterOpeningDate": null, "notBeforeClosingDate": null, "notAfterClosingDate": null, "inUseDate": null, "metalMinedGold": "FALSE", "metalMinedSilver": 0.0, "metalMinedLead": 1.0, "metalMinedCopper": 0.0, "metalMinedTin": 0.0, "metalMinedIron": 0.0, "metalMinedMercuryCinnabar": 0.0, "metalMinedZinc": 1.0, "metalMinedOther": 0.0, "description": "Calamine was also mined here.", "references": "Domergue 1990: 64", "techniqueOpencast": 0.0, "techniqueUnderground": 1.0, "techniqueHydraulic": "FALSE", "techniqueHushing": "FALSE", "techniqueGroundSluicing": "FALSE", "techniqueRuinaMontium": 0.0, "techniqueRakeComb": 0.0, "techniqueGoldWashing": 0.0, "techniqueOther": 0.0, "notes": null, "geology": null, "depositType": null, "exploitationType": null, "Flag_Au_Oro": 0, "Status_Au_Oro": "No", "Flag_Ag_Plata": 0, "Status_Ag_Plata": "No", "Flag_Cu_Cobre": 0, "Status_Cu_Cobre": "No", "Flag_Pb_Plomo": 1, "Status_Pb_Plomo": "Confirmado", "Flag_Hg_Cinabrio": 0, "Status_Hg_Cinabrio": "No", "Flag_Sn_Estano": 0, "Status_Sn_Estano": "No", "Flag_Fe_Hierro": 0, "Status_Fe_Hierro": "No", "Tech_Ruina_Montium": 0, "Tech_Subterranea": 1, "Tech_Cielo_Abierto": 0, "Tech_Lavado_Placer": 0, "Certainty_Spatial": 1.0, "Certainty_Archaeological": 0.9, "Certainty_Metallogenic": 1.0, "Certainty_Score": 0.965, "Certainty_Grade": "Alta Certeza (Grado I)" }, "geometry": { "type": "Point", "coordinates": [ -3.43570562, 43.22968462 ] } },
{ "type": "Feature", "properties": { "mineID": 855, "site": "Las Alquitones", "ancientName": null, "province": "Hispania Baetica", "country": "Spain", "region": "Badajoz", "miningDistrict": "Azuaga-Fuenteovejuna", "romanianRANID": null, "sanchezPalenciaAndOrejasID": null, "domergueID": "BA 19", "spainMapSheet": 878.0, "lambertX": 435.4, "lambertY": 403.1, "latitude": 38.20890437, "longitude": -5.56870248, "coordinateAccuracy": 100.0, "locationDataSource": "Converted in QGIS from Lambert coords, Madrid 1870", "locationNotes": null, "notBeforeOpeningDate": null, "notAfterOpeningDate": null, "notBeforeClosingDate": null, "notAfterClosingDate": null, "inUseDate": null, "metalMinedGold": "FALSE", "metalMinedSilver": 1.0, "metalMinedLead": 1.0, "metalMinedCopper": 0.0, "metalMinedTin": 0.0, "metalMinedIron": 0.0, "metalMinedMercuryCinnabar": 0.0, "metalMinedZinc": 0.0, "metalMinedOther": 0.0, "description": null, "references": "Domergue 1990: 46", "techniqueOpencast": 0.0, "techniqueUnderground": 1.0, "techniqueHydraulic": "FALSE", "techniqueHushing": "FALSE", "techniqueGroundSluicing": "FALSE", "techniqueRuinaMontium": 0.0, "techniqueRakeComb": 0.0, "techniqueGoldWashing": 0.0, "techniqueOther": 0.0, "notes": null, "geology": "Hard rock", "depositType": "Primary", "exploitationType": null, "Flag_Au_Oro": 0, "Status_Au_Oro": "No", "Flag_Ag_Plata": 1, "Status_Ag_Plata": "Confirmado", "Flag_Cu_Cobre": 0, "Status_Cu_Cobre": "No", "Flag_Pb_Plomo": 1, "Status_Pb_Plomo": "Confirmado", "Flag_Hg_Cinabrio": 0, "Status_Hg_Cinabrio": "No", "Flag_Sn_Estano": 0, "Status_Sn_Estano": "No", "Flag_Fe_Hierro": 0, "Status_Fe_Hierro": "No", "Tech_Ruina_Montium": 0, "Tech_Subterranea": 1, "Tech_Cielo_Abierto": 0, "Tech_Lavado_Placer": 0, "Certainty_Spatial": 1.0, "Certainty_Archaeological": 0.9, "Certainty_Metallogenic": 1.0, "Certainty_Score": 0.965, "Certainty_Grade": "Alta Certeza (Grado I)" }, "geometry": { "type": "Point", "coordinates": [ -5.56870248, 38.20890437 ] } },
{ "type": "Feature", "properties": { "mineID": 879, "site": "Las Minillas", "ancientName": null, "province": "Hispania Tarraconensis", "country": "Spain", "region": "Badajoz", "miningDistrict": "Alcudia", "romanianRANID": null, "sanchezPalenciaAndOrejasID": null, "domergueID": "BA 45", "spainMapSheet": 781.0, "lambertX": 483.2, "lambertY": 475.1, "latitude": 38.86578022, "longitude": -5.03505856, "coordinateAccuracy": 100.0, "locationDataSource": "Converted in QGIS from Lambert coords, Madrid 1870", "locationNotes": null, "notBeforeOpeningDate": null, "notAfterOpeningDate": null, "notBeforeClosingDate": null, "notAfterClosingDate": null, "inUseDate": null, "metalMinedGold": "FALSE", "metalMinedSilver": 1.0, "metalMinedLead": 1.0, "metalMinedCopper": 1.0, "metalMinedTin": 0.0, "metalMinedIron": 0.0, "metalMinedMercuryCinnabar": 0.0, "metalMinedZinc": 0.0, "metalMinedOther": 0.0, "description": null, "references": "Domergue 1990: 46", "techniqueOpencast": 0.0, "techniqueUnderground": 1.0, "techniqueHydraulic": "FALSE", "techniqueHushing": "FALSE", "techniqueGroundSluicing": "FALSE", "techniqueRuinaMontium": 0.0, "techniqueRakeComb": 0.0, "techniqueGoldWashing": 0.0, "techniqueOther": 0.0, "notes": null, "geology": null, "depositType": null, "exploitationType": null, "Flag_Au_Oro": 0, "Status_Au_Oro": "No", "Flag_Ag_Plata": 1, "Status_Ag_Plata": "Confirmado", "Flag_Cu_Cobre": 1, "Status_Cu_Cobre": "Confirmado", "Flag_Pb_Plomo": 1, "Status_Pb_Plomo": "Confirmado", "Flag_Hg_Cinabrio": 0, "Status_Hg_Cinabrio": "No", "Flag_Sn_Estano": 0, "Status_Sn_Estano": "No", "Flag_Fe_Hierro": 0, "Status_Fe_Hierro": "No", "Tech_Ruina_Montium": 0, "Tech_Subterranea": 1, "Tech_Cielo_Abierto": 0, "Tech_Lavado_Placer": 0, "Certainty_Spatial": 1.0, "Certainty_Archaeological": 0.9, "Certainty_Metallogenic": 1.0, "Certainty_Score": 0.965, "Certainty_Grade": "Alta Certeza (Grado I)" }, "geometry": { "type": "Point", "coordinates": [ -5.03505856, 38.86578022 ] } },
{ "type": "Feature", "properties": { "mineID": 881, "site": "Las Monjas", "ancientName": null, "province": "Hispania Baetica", "country": "Spain", "region": "Córdoba", "miningDistrict": "Los Pedroches", "romanianRANID": null, "sanchezPalenciaAndOrejasID": null, "domergueID": "CO 122", "spainMapSheet": 833.0, "lambertX": 487.3, "lambertY": 450.1, "latitude": 38.64093214, "longitude": -4.9835869, "coordinateAccuracy": 100.0, "locationDataSource": "Converted in QGIS from Lambert coords, Madrid 1870", "locationNotes": null, "notBeforeOpeningDate": null, "notAfterOpeningDate": null, "notBeforeClosingDate": null, "notAfterClosingDate": null, "inUseDate": null, "metalMinedGold": "FALSE", "metalMinedSilver": 1.0, "metalMinedLead": 1.0, "metalMinedCopper": 0.0, "metalMinedTin": 0.0, "metalMinedIron": 0.0, "metalMinedMercuryCinnabar": 0.0, "metalMinedZinc": 0.0, "metalMinedOther": 0.0, "description": null, "references": "Domergue 1990: 48", "techniqueOpencast": 0.0, "techniqueUnderground": 1.0, "techniqueHydraulic": "FALSE", "techniqueHushing": "FALSE", "techniqueGroundSluicing": "FALSE", "techniqueRuinaMontium": 0.0, "techniqueRakeComb": 0.0, "techniqueGoldWashing": 0.0, "techniqueOther": 0.0, "notes": null, "geology": "Hard rock", "depositType": "Primary", "exploitationType": null, "Flag_Au_Oro": 0, "Status_Au_Oro": "No", "Flag_Ag_Plata": 1, "Status_Ag_Plata": "Confirmado", "Flag_Cu_Cobre": 0, "Status_Cu_Cobre": "No", "Flag_Pb_Plomo": 1, "Status_Pb_Plomo": "Confirmado", "Flag_Hg_Cinabrio": 0, "Status_Hg_Cinabrio": "No", "Flag_Sn_Estano": 0, "Status_Sn_Estano": "No", "Flag_Fe_Hierro": 0, "Status_Fe_Hierro": "No", "Tech_Ruina_Montium": 0, "Tech_Subterranea": 1, "Tech_Cielo_Abierto": 0, "Tech_Lavado_Placer": 0, "Certainty_Spatial": 1.0, "Certainty_Archaeological": 0.9, "Certainty_Metallogenic": 1.0, "Certainty_Score": 0.965, "Certainty_Grade": "Alta Certeza (Grado I)" }, "geometry": { "type": "Point", "coordinates": [ -4.9835869, 38.64093214 ] } },
{ "type": "Feature", "properties": { "mineID": 884, "site": "Las Morenas", "ancientName": null, "province": "Hispania Baetica", "country": "Spain", "region": "Badajoz", "miningDistrict": "Azuaga-Fuenteovejuna", "romanianRANID": null, "sanchezPalenciaAndOrejasID": null, "domergueID": "BA 20", "spainMapSheet": 878.0, "lambertX": 434.3, "lambertY": 404.7, "latitude": 38.22311594, "longitude": -5.58165595, "coordinateAccuracy": 100.0, "locationDataSource": "Converted in QGIS from Lambert coords, Madrid 1870", "locationNotes": null, "notBeforeOpeningDate": null, "notAfterOpeningDate": null, "notBeforeClosingDate": null, "notAfterClosingDate": null, "inUseDate": null, "metalMinedGold": "FALSE", "metalMinedSilver": 1.0, "metalMinedLead": 1.0, "metalMinedCopper": 0.0, "metalMinedTin": 0.0, "metalMinedIron": 0.0, "metalMinedMercuryCinnabar": 0.0, "metalMinedZinc": 0.0, "metalMinedOther": 0.0, "description": null, "references": "Domergue 1990: 46", "techniqueOpencast": 0.0, "techniqueUnderground": 1.0, "techniqueHydraulic": "FALSE", "techniqueHushing": "FALSE", "techniqueGroundSluicing": "FALSE", "techniqueRuinaMontium": 0.0, "techniqueRakeComb": 0.0, "techniqueGoldWashing": 0.0, "techniqueOther": 0.0, "notes": null, "geology": "Hard rock", "depositType": "Primary", "exploitationType": null, "Flag_Au_Oro": 0, "Status_Au_Oro": "No", "Flag_Ag_Plata": 1, "Status_Ag_Plata": "Confirmado", "Flag_Cu_Cobre": 0, "Status_Cu_Cobre": "No", "Flag_Pb_Plomo": 1, "Status_Pb_Plomo": "Confirmado", "Flag_Hg_Cinabrio": 0, "Status_Hg_Cinabrio": "No", "Flag_Sn_Estano": 0, "Status_Sn_Estano": "No", "Flag_Fe_Hierro": 0, "Status_Fe_Hierro": "No", "Tech_Ruina_Montium": 0, "Tech_Subterranea": 1, "Tech_Cielo_Abierto": 0, "Tech_Lavado_Placer": 0, "Certainty_Spatial": 1.0, "Certainty_Archaeological": 0.9, "Certainty_Metallogenic": 1.0, "Certainty_Score": 0.965, "Certainty_Grade": "Alta Certeza (Grado I)" }, "geometry": { "type": "Point", "coordinates": [ -5.58165595, 38.22311594 ] } },
{ "type": "Feature", "properties": { "mineID": 885, "site": "Las Morras", "ancientName": null, "province": "Hispania Baetica", "country": "Spain", "region": "Córdoba", "miningDistrict": "Los Pedroches", "romanianRANID": null, "sanchezPalenciaAndOrejasID": null, "domergueID": "CO 110", "spainMapSheet": 858.0, "lambertX": 486.4, "lambertY": 417.4, "latitude": 38.3460133, "longitude": -4.9884477, "coordinateAccuracy": 100.0, "locationDataSource": "Converted in QGIS from Lambert coords, Madrid 1870", "locationNotes": null, "notBeforeOpeningDate": null, "notAfterOpeningDate": null, "notBeforeClosingDate": null, "notAfterClosingDate": null, "inUseDate": null, "metalMinedGold": "FALSE", "metalMinedSilver": 1.0, "metalMinedLead": 1.0, "metalMinedCopper": 0.0, "metalMinedTin": 0.0, "metalMinedIron": 0.0, "metalMinedMercuryCinnabar": 0.0, "metalMinedZinc": 0.0, "metalMinedOther": 0.0, "description": null, "references": "Domergue 1990: 48", "techniqueOpencast": null, "techniqueUnderground": null, "techniqueHydraulic": "FALSE", "techniqueHushing": "FALSE", "techniqueGroundSluicing": "FALSE", "techniqueRuinaMontium": 0.0, "techniqueRakeComb": 0.0, "techniqueGoldWashing": 0.0, "techniqueOther": null, "notes": null, "geology": "Hard rock", "depositType": "Primary", "exploitationType": null, "Flag_Au_Oro": 0, "Status_Au_Oro": "No", "Flag_Ag_Plata": 1, "Status_Ag_Plata": "Confirmado", "Flag_Cu_Cobre": 0, "Status_Cu_Cobre": "No", "Flag_Pb_Plomo": 1, "Status_Pb_Plomo": "Confirmado", "Flag_Hg_Cinabrio": 0, "Status_Hg_Cinabrio": "No", "Flag_Sn_Estano": 0, "Status_Sn_Estano": "No", "Flag_Fe_Hierro": 0, "Status_Fe_Hierro": "No", "Tech_Ruina_Montium": 0, "Tech_Subterranea": 0, "Tech_Cielo_Abierto": 0, "Tech_Lavado_Placer": 0, "Certainty_Spatial": 1.0, "Certainty_Archaeological": 0.9, "Certainty_Metallogenic": 1.0, "Certainty_Score": 0.965, "Certainty_Grade": "Alta Certeza (Grado I)" }, "geometry": { "type": "Point", "coordinates": [ -4.9884477, 38.3460133 ] } },
{ "type": "Feature", "properties": { "mineID": 887, "site": "Las Musas", "ancientName": null, "province": "Hispania Baetica", "country": "Spain", "region": "Badajoz", "miningDistrict": "Azuaga-Fuenteovejuna", "romanianRANID": null, "sanchezPalenciaAndOrejasID": null, "domergueID": "BA 2", "spainMapSheet": 878.0, "lambertX": 426.0, "lambertY": 407.9, "latitude": 38.25032907, "longitude": -5.67729857, "coordinateAccuracy": 100.0, "locationDataSource": "Converted in QGIS from Lambert coords, Madrid 1870", "locationNotes": null, "notBeforeOpeningDate": null, "notAfterOpeningDate": null, "notBeforeClosingDate": null, "notAfterClosingDate": null, "inUseDate": null, "metalMinedGold": "FALSE", "metalMinedSilver": 1.0, "metalMinedLead": 1.0, "metalMinedCopper": 0.0, "metalMinedTin": 0.0, "metalMinedIron": 0.0, "metalMinedMercuryCinnabar": 0.0, "metalMinedZinc": 0.0, "metalMinedOther": 0.0, "description": null, "references": "Domergue 1990: 46", "techniqueOpencast": 0.0, "techniqueUnderground": 1.0, "techniqueHydraulic": "FALSE", "techniqueHushing": "FALSE", "techniqueGroundSluicing": "FALSE", "techniqueRuinaMontium": 0.0, "techniqueRakeComb": 0.0, "techniqueGoldWashing": 0.0, "techniqueOther": 0.0, "notes": null, "geology": "Hard rock", "depositType": "Primary", "exploitationType": null, "Flag_Au_Oro": 0, "Status_Au_Oro": "No", "Flag_Ag_Plata": 1, "Status_Ag_Plata": "Confirmado", "Flag_Cu_Cobre": 0, "Status_Cu_Cobre": "No", "Flag_Pb_Plomo": 1, "Status_Pb_Plomo": "Confirmado", "Flag_Hg_Cinabrio": 0, "Status_Hg_Cinabrio": "No", "Flag_Sn_Estano": 0, "Status_Sn_Estano": "No", "Flag_Fe_Hierro": 0, "Status_Fe_Hierro": "No", "Tech_Ruina_Montium": 0, "Tech_Subterranea": 1, "Tech_Cielo_Abierto": 0, "Tech_Lavado_Placer": 0, "Certainty_Spatial": 1.0, "Certainty_Archaeological": 0.9, "Certainty_Metallogenic": 1.0, "Certainty_Score": 0.965, "Certainty_Grade": "Alta Certeza (Grado I)" }, "geometry": { "type": "Point", "coordinates": [ -5.67729857, 38.25032907 ] } },
{ "type": "Feature", "properties": { "mineID": 889, "site": "Las Pozas", "ancientName": null, "province": "Hispania Tarraconensis", "country": "Spain", "region": "Ciudad Real", "miningDistrict": "Alcudia", "romanianRANID": null, "sanchezPalenciaAndOrejasID": null, "domergueID": "CR 36", "spainMapSheet": 836.0, "lambertX": 565.4, "lambertY": 436.7, "latitude": 38.52680156, "longitude": -4.08505448, "coordinateAccuracy": 100.0, "locationDataSource": "Converted in QGIS from Lambert coords, Madrid 1870", "locationNotes": null, "notBeforeOpeningDate": null, "notAfterOpeningDate": null, "notBeforeClosingDate": null, "notAfterClosingDate": null, "inUseDate": null, "metalMinedGold": "FALSE", "metalMinedSilver": 1.0, "metalMinedLead": 1.0, "metalMinedCopper": 0.0, "metalMinedTin": 0.0, "metalMinedIron": 0.0, "metalMinedMercuryCinnabar": 0.0, "metalMinedZinc": 0.0, "metalMinedOther": 0.0, "description": null, "references": "Domergue 1990: 46", "techniqueOpencast": 0.0, "techniqueUnderground": 1.0, "techniqueHydraulic": "FALSE", "techniqueHushing": "FALSE", "techniqueGroundSluicing": "FALSE", "techniqueRuinaMontium": 0.0, "techniqueRakeComb": 0.0, "techniqueGoldWashing": 0.0, "techniqueOther": 0.0, "notes": null, "geology": null, "depositType": null, "exploitationType": null, "Flag_Au_Oro": 0, "Status_Au_Oro": "No", "Flag_Ag_Plata": 1, "Status_Ag_Plata": "Confirmado", "Flag_Cu_Cobre": 0, "Status_Cu_Cobre": "No", "Flag_Pb_Plomo": 1, "Status_Pb_Plomo": "Confirmado", "Flag_Hg_Cinabrio": 0, "Status_Hg_Cinabrio": "No", "Flag_Sn_Estano": 0, "Status_Sn_Estano": "No", "Flag_Fe_Hierro": 0, "Status_Fe_Hierro": "No", "Tech_Ruina_Montium": 0, "Tech_Subterranea": 1, "Tech_Cielo_Abierto": 0, "Tech_Lavado_Placer": 0, "Certainty_Spatial": 1.0, "Certainty_Archaeological": 0.9, "Certainty_Metallogenic": 1.0, "Certainty_Score": 0.965, "Certainty_Grade": "Alta Certeza (Grado I)" }, "geometry": { "type": "Point", "coordinates": [ -4.08505448, 38.52680156 ] } },
{ "type": "Feature", "properties": { "mineID": 895, "site": "Las Tobosas", "ancientName": null, "province": "Hispania Baetica", "country": "Spain", "region": "Córdoba", "miningDistrict": "Los Pedroches", "romanianRANID": null, "sanchezPalenciaAndOrejasID": null, "domergueID": "CO 68", "spainMapSheet": 832.0, "lambertX": 456.2, "lambertY": 441.6, "latitude": 38.55966676, "longitude": -5.33924282, "coordinateAccuracy": 100.0, "locationDataSource": "Converted in QGIS from Lambert coords, Madrid 1870", "locationNotes": null, "notBeforeOpeningDate": null, "notAfterOpeningDate": null, "notBeforeClosingDate": null, "notAfterClosingDate": null, "inUseDate": null, "metalMinedGold": "FALSE", "metalMinedSilver": 1.0, "metalMinedLead": 1.0, "metalMinedCopper": 0.0, "metalMinedTin": 0.0, "metalMinedIron": 0.0, "metalMinedMercuryCinnabar": 0.0, "metalMinedZinc": 0.0, "metalMinedOther": 0.0, "description": null, "references": "Domergue 1990: 48", "techniqueOpencast": 0.0, "techniqueUnderground": 1.0, "techniqueHydraulic": "FALSE", "techniqueHushing": "FALSE", "techniqueGroundSluicing": "FALSE", "techniqueRuinaMontium": 0.0, "techniqueRakeComb": 0.0, "techniqueGoldWashing": 0.0, "techniqueOther": 0.0, "notes": null, "geology": "Hard rock", "depositType": "Primary", "exploitationType": null, "Flag_Au_Oro": 0, "Status_Au_Oro": "No", "Flag_Ag_Plata": 1, "Status_Ag_Plata": "Confirmado", "Flag_Cu_Cobre": 0, "Status_Cu_Cobre": "No", "Flag_Pb_Plomo": 1, "Status_Pb_Plomo": "Confirmado", "Flag_Hg_Cinabrio": 0, "Status_Hg_Cinabrio": "No", "Flag_Sn_Estano": 0, "Status_Sn_Estano": "No", "Flag_Fe_Hierro": 0, "Status_Fe_Hierro": "No", "Tech_Ruina_Montium": 0, "Tech_Subterranea": 1, "Tech_Cielo_Abierto": 0, "Tech_Lavado_Placer": 0, "Certainty_Spatial": 1.0, "Certainty_Archaeological": 0.9, "Certainty_Metallogenic": 1.0, "Certainty_Score": 0.965, "Certainty_Grade": "Alta Certeza (Grado I)" }, "geometry": { "type": "Point", "coordinates": [ -5.33924282, 38.55966676 ] } },
{ "type": "Feature", "properties": { "mineID": 896, "site": "Las Torcas", "ancientName": null, "province": "Hispania Baetica", "country": "Spain", "region": "Córdoba", "miningDistrict": "Los Pedroches", "romanianRANID": null, "sanchezPalenciaAndOrejasID": null, "domergueID": "CO 104", "spainMapSheet": 859.0, "lambertX": 518.9, "lambertY": 432.5, "latitude": 38.48581222, "longitude": -4.61821957, "coordinateAccuracy": 100.0, "locationDataSource": "Converted in QGIS from Lambert coords, Madrid 1870", "locationNotes": null, "notBeforeOpeningDate": null, "notAfterOpeningDate": null, "notBeforeClosingDate": null, "notAfterClosingDate": null, "inUseDate": null, "metalMinedGold": "FALSE", "metalMinedSilver": 1.0, "metalMinedLead": 1.0, "metalMinedCopper": 0.0, "metalMinedTin": 0.0, "metalMinedIron": 0.0, "metalMinedMercuryCinnabar": 0.0, "metalMinedZinc": 0.0, "metalMinedOther": 0.0, "description": null, "references": "Domergue 1990: 48", "techniqueOpencast": 0.0, "techniqueUnderground": 1.0, "techniqueHydraulic": "FALSE", "techniqueHushing": "FALSE", "techniqueGroundSluicing": "FALSE", "techniqueRuinaMontium": 0.0, "techniqueRakeComb": 0.0, "techniqueGoldWashing": 0.0, "techniqueOther": 0.0, "notes": null, "geology": "Hard rock", "depositType": "Primary", "exploitationType": null, "Flag_Au_Oro": 0, "Status_Au_Oro": "No", "Flag_Ag_Plata": 1, "Status_Ag_Plata": "Confirmado", "Flag_Cu_Cobre": 0, "Status_Cu_Cobre": "No", "Flag_Pb_Plomo": 1, "Status_Pb_Plomo": "Confirmado", "Flag_Hg_Cinabrio": 0, "Status_Hg_Cinabrio": "No", "Flag_Sn_Estano": 0, "Status_Sn_Estano": "No", "Flag_Fe_Hierro": 0, "Status_Fe_Hierro": "No", "Tech_Ruina_Montium": 0, "Tech_Subterranea": 1, "Tech_Cielo_Abierto": 0, "Tech_Lavado_Placer": 0, "Certainty_Spatial": 1.0, "Certainty_Archaeological": 0.9, "Certainty_Metallogenic": 1.0, "Certainty_Score": 0.965, "Certainty_Grade": "Alta Certeza (Grado I)" }, "geometry": { "type": "Point", "coordinates": [ -4.61821957, 38.48581222 ] } },
{ "type": "Feature", "properties": { "mineID": 911, "site": "Lomo de Perro", "ancientName": null, "province": "Hispania Baetica", "country": "Spain", "region": "Badajoz", "miningDistrict": "La Serena", "romanianRANID": null, "sanchezPalenciaAndOrejasID": null, "domergueID": "BA 42", "spainMapSheet": 806.0, "lambertX": 449.0, "lambertY": 464.0, "latitude": 38.76036878, "longitude": -5.42692009, "coordinateAccuracy": 100.0, "locationDataSource": "Converted in QGIS from Lambert coords, Madrid 1870", "locationNotes": null, "notBeforeOpeningDate": null, "notAfterOpeningDate": null, "notBeforeClosingDate": null, "notAfterClosingDate": null, "inUseDate": null, "metalMinedGold": "FALSE", "metalMinedSilver": 1.0, "metalMinedLead": 1.0, "metalMinedCopper": 1.0, "metalMinedTin": 0.0, "metalMinedIron": 0.0, "metalMinedMercuryCinnabar": 0.0, "metalMinedZinc": 0.0, "metalMinedOther": 0.0, "description": null, "references": "Domergue 1990: 45", "techniqueOpencast": null, "techniqueUnderground": null, "techniqueHydraulic": "FALSE", "techniqueHushing": "FALSE", "techniqueGroundSluicing": "FALSE", "techniqueRuinaMontium": 0.0, "techniqueRakeComb": 0.0, "techniqueGoldWashing": 0.0, "techniqueOther": null, "notes": null, "geology": "Hard rock", "depositType": "Primary", "exploitationType": null, "Flag_Au_Oro": 0, "Status_Au_Oro": "No", "Flag_Ag_Plata": 1, "Status_Ag_Plata": "Confirmado", "Flag_Cu_Cobre": 1, "Status_Cu_Cobre": "Confirmado", "Flag_Pb_Plomo": 1, "Status_Pb_Plomo": "Confirmado", "Flag_Hg_Cinabrio": 0, "Status_Hg_Cinabrio": "No", "Flag_Sn_Estano": 0, "Status_Sn_Estano": "No", "Flag_Fe_Hierro": 0, "Status_Fe_Hierro": "No", "Tech_Ruina_Montium": 0, "Tech_Subterranea": 0, "Tech_Cielo_Abierto": 0, "Tech_Lavado_Placer": 0, "Certainty_Spatial": 1.0, "Certainty_Archaeological": 0.9, "Certainty_Metallogenic": 1.0, "Certainty_Score": 0.965, "Certainty_Grade": "Alta Certeza (Grado I)" }, "geometry": { "type": "Point", "coordinates": [ -5.42692009, 38.76036878 ] } },
{ "type": "Feature", "properties": { "mineID": 913, "site": "Los Alemanes", "ancientName": null, "province": "Hispania Tarraconensis", "country": "Spain", "region": "Jaén", "miningDistrict": "Linares - La Carolina", "romanianRANID": null, "sanchezPalenciaAndOrejasID": null, "domergueID": "J 23", "spainMapSheet": 905.0, "lambertX": 604.5, "lambertY": 394.7, "latitude": 38.1488196, "longitude": -3.63656838, "coordinateAccuracy": 100.0, "locationDataSource": "Converted in QGIS from Lambert coords, Madrid 1870", "locationNotes": null, "notBeforeOpeningDate": null, "notAfterOpeningDate": null, "notBeforeClosingDate": null, "notAfterClosingDate": null, "inUseDate": null, "metalMinedGold": "FALSE", "metalMinedSilver": 1.0, "metalMinedLead": 1.0, "metalMinedCopper": 0.0, "metalMinedTin": 0.0, "metalMinedIron": 0.0, "metalMinedMercuryCinnabar": 0.0, "metalMinedZinc": 0.0, "metalMinedOther": 0.0, "description": null, "references": "Domergue 1990: 45", "techniqueOpencast": null, "techniqueUnderground": null, "techniqueHydraulic": "FALSE", "techniqueHushing": "FALSE", "techniqueGroundSluicing": "FALSE", "techniqueRuinaMontium": 0.0, "techniqueRakeComb": 0.0, "techniqueGoldWashing": 0.0, "techniqueOther": null, "notes": null, "geology": "Hard rock", "depositType": null, "exploitationType": null, "Flag_Au_Oro": 0, "Status_Au_Oro": "No", "Flag_Ag_Plata": 1, "Status_Ag_Plata": "Confirmado", "Flag_Cu_Cobre": 0, "Status_Cu_Cobre": "No", "Flag_Pb_Plomo": 1, "Status_Pb_Plomo": "Confirmado", "Flag_Hg_Cinabrio": 0, "Status_Hg_Cinabrio": "No", "Flag_Sn_Estano": 0, "Status_Sn_Estano": "No", "Flag_Fe_Hierro": 0, "Status_Fe_Hierro": "No", "Tech_Ruina_Montium": 0, "Tech_Subterranea": 0, "Tech_Cielo_Abierto": 0, "Tech_Lavado_Placer": 0, "Certainty_Spatial": 1.0, "Certainty_Archaeological": 0.9, "Certainty_Metallogenic": 1.0, "Certainty_Score": 0.965, "Certainty_Grade": "Alta Certeza (Grado I)" }, "geometry": { "type": "Point", "coordinates": [ -3.63656838, 38.1488196 ] } },
{ "type": "Feature", "properties": { "mineID": 914, "site": "Los Almadenes", "ancientName": null, "province": "Hispania Baetica", "country": "Spain", "region": "Córdoba", "miningDistrict": "Los Pedroches", "romanianRANID": null, "sanchezPalenciaAndOrejasID": null, "domergueID": "CO 65", "spainMapSheet": 858.0, "lambertX": 476.3, "lambertY": 426.8, "latitude": 38.42936535, "longitude": -5.10576681, "coordinateAccuracy": 100.0, "locationDataSource": "Converted in QGIS from Lambert coords, Madrid 1870", "locationNotes": null, "notBeforeOpeningDate": null, "notAfterOpeningDate": null, "notBeforeClosingDate": null, "notAfterClosingDate": null, "inUseDate": null, "metalMinedGold": "FALSE", "metalMinedSilver": 1.0, "metalMinedLead": 1.0, "metalMinedCopper": 0.0, "metalMinedTin": 0.0, "metalMinedIron": 0.0, "metalMinedMercuryCinnabar": 0.0, "metalMinedZinc": 0.0, "metalMinedOther": 0.0, "description": null, "references": "Domergue 1990: 48", "techniqueOpencast": 0.0, "techniqueUnderground": 1.0, "techniqueHydraulic": "FALSE", "techniqueHushing": "FALSE", "techniqueGroundSluicing": "FALSE", "techniqueRuinaMontium": 0.0, "techniqueRakeComb": 0.0, "techniqueGoldWashing": 0.0, "techniqueOther": 0.0, "notes": null, "geology": "Hard rock", "depositType": "Primary", "exploitationType": null, "Flag_Au_Oro": 0, "Status_Au_Oro": "No", "Flag_Ag_Plata": 1, "Status_Ag_Plata": "Confirmado", "Flag_Cu_Cobre": 0, "Status_Cu_Cobre": "No", "Flag_Pb_Plomo": 1, "Status_Pb_Plomo": "Confirmado", "Flag_Hg_Cinabrio": 0, "Status_Hg_Cinabrio": "No", "Flag_Sn_Estano": 0, "Status_Sn_Estano": "No", "Flag_Fe_Hierro": 0, "Status_Fe_Hierro": "No", "Tech_Ruina_Montium": 0, "Tech_Subterranea": 1, "Tech_Cielo_Abierto": 0, "Tech_Lavado_Placer": 0, "Certainty_Spatial": 1.0, "Certainty_Archaeological": 0.9, "Certainty_Metallogenic": 1.0, "Certainty_Score": 0.965, "Certainty_Grade": "Alta Certeza (Grado I)" }, "geometry": { "type": "Point", "coordinates": [ -5.10576681, 38.42936535 ] } },
{ "type": "Feature", "properties": { "mineID": 915, "site": "Los Arrayanes", "ancientName": null, "province": "Hispania Tarraconensis", "country": "Spain", "region": "Jaén", "miningDistrict": "Linares - La Carolina", "romanianRANID": null, "sanchezPalenciaAndOrejasID": null, "domergueID": "J 25", "spainMapSheet": 905.0, "lambertX": 605.6, "lambertY": 393.5, "latitude": 38.13799491, "longitude": -3.62402098, "coordinateAccuracy": 100.0, "locationDataSource": "Converted in QGIS from Lambert coords, Madrid 1870", "locationNotes": null, "notBeforeOpeningDate": null, "notAfterOpeningDate": null, "notBeforeClosingDate": null, "notAfterClosingDate": null, "inUseDate": null, "metalMinedGold": "FALSE", "metalMinedSilver": 1.0, "metalMinedLead": 1.0, "metalMinedCopper": 1.0, "metalMinedTin": 0.0, "metalMinedIron": 0.0, "metalMinedMercuryCinnabar": 0.0, "metalMinedZinc": 0.0, "metalMinedOther": 0.0, "description": null, "references": "Domergue 1990: 45", "techniqueOpencast": null, "techniqueUnderground": null, "techniqueHydraulic": "FALSE", "techniqueHushing": "FALSE", "techniqueGroundSluicing": "FALSE", "techniqueRuinaMontium": 0.0, "techniqueRakeComb": 0.0, "techniqueGoldWashing": 0.0, "techniqueOther": null, "notes": null, "geology": "Hard rock", "depositType": null, "exploitationType": null, "Flag_Au_Oro": 0, "Status_Au_Oro": "No", "Flag_Ag_Plata": 1, "Status_Ag_Plata": "Confirmado", "Flag_Cu_Cobre": 1, "Status_Cu_Cobre": "Confirmado", "Flag_Pb_Plomo": 1, "Status_Pb_Plomo": "Confirmado", "Flag_Hg_Cinabrio": 0, "Status_Hg_Cinabrio": "No", "Flag_Sn_Estano": 0, "Status_Sn_Estano": "No", "Flag_Fe_Hierro": 0, "Status_Fe_Hierro": "No", "Tech_Ruina_Montium": 0, "Tech_Subterranea": 0, "Tech_Cielo_Abierto": 0, "Tech_Lavado_Placer": 0, "Certainty_Spatial": 1.0, "Certainty_Archaeological": 0.9, "Certainty_Metallogenic": 1.0, "Certainty_Score": 0.965, "Certainty_Grade": "Alta Certeza (Grado I)" }, "geometry": { "type": "Point", "coordinates": [ -3.62402098, 38.13799491 ] } },
{ "type": "Feature", "properties": { "mineID": 934, "site": "Los Dolores", "ancientName": null, "province": "Hispania Tarraconensis", "country": "Spain", "region": "Ciudad Real", "miningDistrict": "Alcudia", "romanianRANID": null, "sanchezPalenciaAndOrejasID": null, "domergueID": "CR 13", "spainMapSheet": 835.0, "lambertX": 538.4, "lambertY": 446.2, "latitude": 38.61094749, "longitude": -4.39579808, "coordinateAccuracy": 100.0, "locationDataSource": "Converted in QGIS from Lambert coords, Madrid 1870", "locationNotes": null, "notBeforeOpeningDate": null, "notAfterOpeningDate": null, "notBeforeClosingDate": null, "notAfterClosingDate": null, "inUseDate": null, "metalMinedGold": "FALSE", "metalMinedSilver": 1.0, "metalMinedLead": 1.0, "metalMinedCopper": 0.0, "metalMinedTin": 0.0, "metalMinedIron": 0.0, "metalMinedMercuryCinnabar": 0.0, "metalMinedZinc": 0.0, "metalMinedOther": 0.0, "description": null, "references": "Domergue 1990: 46", "techniqueOpencast": null, "techniqueUnderground": null, "techniqueHydraulic": "FALSE", "techniqueHushing": "FALSE", "techniqueGroundSluicing": "FALSE", "techniqueRuinaMontium": 0.0, "techniqueRakeComb": 0.0, "techniqueGoldWashing": 0.0, "techniqueOther": null, "notes": null, "geology": null, "depositType": null, "exploitationType": null, "Flag_Au_Oro": 0, "Status_Au_Oro": "No", "Flag_Ag_Plata": 1, "Status_Ag_Plata": "Confirmado", "Flag_Cu_Cobre": 0, "Status_Cu_Cobre": "No", "Flag_Pb_Plomo": 1, "Status_Pb_Plomo": "Confirmado", "Flag_Hg_Cinabrio": 0, "Status_Hg_Cinabrio": "No", "Flag_Sn_Estano": 0, "Status_Sn_Estano": "No", "Flag_Fe_Hierro": 0, "Status_Fe_Hierro": "No", "Tech_Ruina_Montium": 0, "Tech_Subterranea": 0, "Tech_Cielo_Abierto": 0, "Tech_Lavado_Placer": 0, "Certainty_Spatial": 1.0, "Certainty_Archaeological": 0.9, "Certainty_Metallogenic": 1.0, "Certainty_Score": 0.965, "Certainty_Grade": "Alta Certeza (Grado I)" }, "geometry": { "type": "Point", "coordinates": [ -4.39579808, 38.61094749 ] } },
{ "type": "Feature", "properties": { "mineID": 935, "site": "Los Eneros", "ancientName": null, "province": "Hispania Baetica", "country": "Spain", "region": "Córdoba", "miningDistrict": "Azuaga-Fuenteovejuna", "romanianRANID": null, "sanchezPalenciaAndOrejasID": null, "domergueID": "CO 52", "spainMapSheet": 879.0, "lambertX": 452.5, "lambertY": 410.25, "latitude": 38.27643785, "longitude": -5.37490862, "coordinateAccuracy": 100.0, "locationDataSource": "Converted in QGIS from Lambert coords, Madrid 1870", "locationNotes": "RECTANGLE of 31 km2, defined by points given by Domergue. Coord here is est. centroid", "notBeforeOpeningDate": null, "notAfterOpeningDate": null, "notBeforeClosingDate": null, "notAfterClosingDate": null, "inUseDate": null, "metalMinedGold": "FALSE", "metalMinedSilver": 1.0, "metalMinedLead": 1.0, "metalMinedCopper": 1.0, "metalMinedTin": 0.0, "metalMinedIron": 0.0, "metalMinedMercuryCinnabar": 0.0, "metalMinedZinc": 0.0, "metalMinedOther": 0.0, "description": null, "references": "Domergue 1990: 46", "techniqueOpencast": 0.0, "techniqueUnderground": 1.0, "techniqueHydraulic": "FALSE", "techniqueHushing": "FALSE", "techniqueGroundSluicing": "FALSE", "techniqueRuinaMontium": 0.0, "techniqueRakeComb": 0.0, "techniqueGoldWashing": 0.0, "techniqueOther": 0.0, "notes": null, "geology": "Hard rock", "depositType": "Primary", "exploitationType": null, "Flag_Au_Oro": 0, "Status_Au_Oro": "No", "Flag_Ag_Plata": 1, "Status_Ag_Plata": "Confirmado", "Flag_Cu_Cobre": 1, "Status_Cu_Cobre": "Confirmado", "Flag_Pb_Plomo": 1, "Status_Pb_Plomo": "Confirmado", "Flag_Hg_Cinabrio": 0, "Status_Hg_Cinabrio": "No", "Flag_Sn_Estano": 0, "Status_Sn_Estano": "No", "Flag_Fe_Hierro": 0, "Status_Fe_Hierro": "No", "Tech_Ruina_Montium": 0, "Tech_Subterranea": 1, "Tech_Cielo_Abierto": 0, "Tech_Lavado_Placer": 0, "Certainty_Spatial": 1.0, "Certainty_Archaeological": 0.9, "Certainty_Metallogenic": 1.0, "Certainty_Score": 0.965, "Certainty_Grade": "Alta Certeza (Grado I)" }, "geometry": { "type": "Point", "coordinates": [ -5.37490862, 38.27643785 ] } },
{ "type": "Feature", "properties": { "mineID": 936, "site": "Los Engarbos", "ancientName": null, "province": "Hispania Baetica", "country": "Spain", "region": "Jaén", "miningDistrict": null, "romanianRANID": null, "sanchezPalenciaAndOrejasID": null, "domergueID": "J 28", "spainMapSheet": 864.0, "lambertX": 644.0, "lambertY": 418.0, "latitude": 38.35777354, "longitude": -3.18415148, "coordinateAccuracy": 100.0, "locationDataSource": "Converted in QGIS from Lambert coords, Madrid 1870", "locationNotes": null, "notBeforeOpeningDate": null, "notAfterOpeningDate": null, "notBeforeClosingDate": null, "notAfterClosingDate": null, "inUseDate": null, "metalMinedGold": "FALSE", "metalMinedSilver": 1.0, "metalMinedLead": 1.0, "metalMinedCopper": 0.0, "metalMinedTin": 0.0, "metalMinedIron": 0.0, "metalMinedMercuryCinnabar": 0.0, "metalMinedZinc": 0.0, "metalMinedOther": 0.0, "description": null, "references": "Domergue 1990: 49", "techniqueOpencast": null, "techniqueUnderground": null, "techniqueHydraulic": "FALSE", "techniqueHushing": "FALSE", "techniqueGroundSluicing": "FALSE", "techniqueRuinaMontium": 0.0, "techniqueRakeComb": 0.0, "techniqueGoldWashing": 0.0, "techniqueOther": null, "notes": null, "geology": "Hard rock", "depositType": "Primary", "exploitationType": null, "Flag_Au_Oro": 0, "Status_Au_Oro": "No", "Flag_Ag_Plata": 1, "Status_Ag_Plata": "Confirmado", "Flag_Cu_Cobre": 0, "Status_Cu_Cobre": "No", "Flag_Pb_Plomo": 1, "Status_Pb_Plomo": "Confirmado", "Flag_Hg_Cinabrio": 0, "Status_Hg_Cinabrio": "No", "Flag_Sn_Estano": 0, "Status_Sn_Estano": "No", "Flag_Fe_Hierro": 0, "Status_Fe_Hierro": "No", "Tech_Ruina_Montium": 0, "Tech_Subterranea": 0, "Tech_Cielo_Abierto": 0, "Tech_Lavado_Placer": 0, "Certainty_Spatial": 1.0, "Certainty_Archaeological": 0.9, "Certainty_Metallogenic": 1.0, "Certainty_Score": 0.965, "Certainty_Grade": "Alta Certeza (Grado I)" }, "geometry": { "type": "Point", "coordinates": [ -3.18415148, 38.35777354 ] } },
{ "type": "Feature", "properties": { "mineID": 942, "site": "Los Galayos", "ancientName": null, "province": "Hispania Tarraconensis", "country": "Spain", "region": "Ciudad Real", "miningDistrict": "Alcudia", "romanianRANID": null, "sanchezPalenciaAndOrejasID": null, "domergueID": "CR 37", "spainMapSheet": 861.0, "lambertX": 579.6, "lambertY": 430.2, "latitude": 38.46864925, "longitude": -3.92188162, "coordinateAccuracy": 100.0, "locationDataSource": "Converted in QGIS from Lambert coords, Madrid 1870", "locationNotes": null, "notBeforeOpeningDate": null, "notAfterOpeningDate": null, "notBeforeClosingDate": null, "notAfterClosingDate": null, "inUseDate": null, "metalMinedGold": "FALSE", "metalMinedSilver": 1.0, "metalMinedLead": 1.0, "metalMinedCopper": 0.0, "metalMinedTin": 0.0, "metalMinedIron": 0.0, "metalMinedMercuryCinnabar": 0.0, "metalMinedZinc": 0.0, "metalMinedOther": 0.0, "description": null, "references": "Domergue 1990: 46", "techniqueOpencast": null, "techniqueUnderground": null, "techniqueHydraulic": "FALSE", "techniqueHushing": "FALSE", "techniqueGroundSluicing": "FALSE", "techniqueRuinaMontium": 0.0, "techniqueRakeComb": 0.0, "techniqueGoldWashing": 0.0, "techniqueOther": null, "notes": null, "geology": null, "depositType": null, "exploitationType": null, "Flag_Au_Oro": 0, "Status_Au_Oro": "No", "Flag_Ag_Plata": 1, "Status_Ag_Plata": "Confirmado", "Flag_Cu_Cobre": 0, "Status_Cu_Cobre": "No", "Flag_Pb_Plomo": 1, "Status_Pb_Plomo": "Confirmado", "Flag_Hg_Cinabrio": 0, "Status_Hg_Cinabrio": "No", "Flag_Sn_Estano": 0, "Status_Sn_Estano": "No", "Flag_Fe_Hierro": 0, "Status_Fe_Hierro": "No", "Tech_Ruina_Montium": 0, "Tech_Subterranea": 0, "Tech_Cielo_Abierto": 0, "Tech_Lavado_Placer": 0, "Certainty_Spatial": 1.0, "Certainty_Archaeological": 0.9, "Certainty_Metallogenic": 1.0, "Certainty_Score": 0.965, "Certainty_Grade": "Alta Certeza (Grado I)" }, "geometry": { "type": "Point", "coordinates": [ -3.92188162, 38.46864925 ] } },
{ "type": "Feature", "properties": { "mineID": 944, "site": "Los Guindos", "ancientName": null, "province": "Hispania Tarraconensis", "country": "Spain", "region": "Jaén", "miningDistrict": "Linares - La Carolina", "romanianRANID": null, "sanchezPalenciaAndOrejasID": null, "domergueID": "J 13", "spainMapSheet": 884.0, "lambertX": 599.7, "lambertY": 412.8, "latitude": 38.31201215, "longitude": -3.69137155, "coordinateAccuracy": 100.0, "locationDataSource": "Converted in QGIS from Lambert coords, Madrid 1870", "locationNotes": null, "notBeforeOpeningDate": null, "notAfterOpeningDate": null, "notBeforeClosingDate": null, "notAfterClosingDate": null, "inUseDate": null, "metalMinedGold": "FALSE", "metalMinedSilver": 1.0, "metalMinedLead": 1.0, "metalMinedCopper": 0.0, "metalMinedTin": 0.0, "metalMinedIron": 0.0, "metalMinedMercuryCinnabar": 0.0, "metalMinedZinc": 0.0, "metalMinedOther": 0.0, "description": null, "references": "Domergue 1990: 45", "techniqueOpencast": null, "techniqueUnderground": null, "techniqueHydraulic": "FALSE", "techniqueHushing": "FALSE", "techniqueGroundSluicing": "FALSE", "techniqueRuinaMontium": 0.0, "techniqueRakeComb": 0.0, "techniqueGoldWashing": 0.0, "techniqueOther": null, "notes": null, "geology": "Hard rock", "depositType": null, "exploitationType": null, "Flag_Au_Oro": 0, "Status_Au_Oro": "No", "Flag_Ag_Plata": 1, "Status_Ag_Plata": "Confirmado", "Flag_Cu_Cobre": 0, "Status_Cu_Cobre": "No", "Flag_Pb_Plomo": 1, "Status_Pb_Plomo": "Confirmado", "Flag_Hg_Cinabrio": 0, "Status_Hg_Cinabrio": "No", "Flag_Sn_Estano": 0, "Status_Sn_Estano": "No", "Flag_Fe_Hierro": 0, "Status_Fe_Hierro": "No", "Tech_Ruina_Montium": 0, "Tech_Subterranea": 0, "Tech_Cielo_Abierto": 0, "Tech_Lavado_Placer": 0, "Certainty_Spatial": 1.0, "Certainty_Archaeological": 0.9, "Certainty_Metallogenic": 1.0, "Certainty_Score": 0.965, "Certainty_Grade": "Alta Certeza (Grado I)" }, "geometry": { "type": "Point", "coordinates": [ -3.69137155, 38.31201215 ] } },
{ "type": "Feature", "properties": { "mineID": 952, "site": "Los Palazuelos", "ancientName": null, "province": "Hispania Tarraconensis", "country": "Spain", "region": "Jaén", "miningDistrict": "Linares - La Carolina", "romanianRANID": null, "sanchezPalenciaAndOrejasID": null, "domergueID": "J 14", "spainMapSheet": 884.0, "lambertX": 609.1, "lambertY": 399.3, "latitude": 38.19025394, "longitude": -3.58399511, "coordinateAccuracy": 100.0, "locationDataSource": "Converted in QGIS from Lambert coords, Madrid 1870", "locationNotes": null, "notBeforeOpeningDate": null, "notAfterOpeningDate": null, "notBeforeClosingDate": null, "notAfterClosingDate": null, "inUseDate": null, "metalMinedGold": "FALSE", "metalMinedSilver": 1.0, "metalMinedLead": 1.0, "metalMinedCopper": 1.0, "metalMinedTin": 0.0, "metalMinedIron": 0.0, "metalMinedMercuryCinnabar": 0.0, "metalMinedZinc": 0.0, "metalMinedOther": 0.0, "description": null, "references": "Domergue 1990: 45", "techniqueOpencast": 0.0, "techniqueUnderground": 1.0, "techniqueHydraulic": "FALSE", "techniqueHushing": "FALSE", "techniqueGroundSluicing": "FALSE", "techniqueRuinaMontium": 0.0, "techniqueRakeComb": 0.0, "techniqueGoldWashing": 0.0, "techniqueOther": 0.0, "notes": null, "geology": "Hard rock", "depositType": null, "exploitationType": null, "Flag_Au_Oro": 0, "Status_Au_Oro": "No", "Flag_Ag_Plata": 1, "Status_Ag_Plata": "Confirmado", "Flag_Cu_Cobre": 1, "Status_Cu_Cobre": "Confirmado", "Flag_Pb_Plomo": 1, "Status_Pb_Plomo": "Confirmado", "Flag_Hg_Cinabrio": 0, "Status_Hg_Cinabrio": "No", "Flag_Sn_Estano": 0, "Status_Sn_Estano": "No", "Flag_Fe_Hierro": 0, "Status_Fe_Hierro": "No", "Tech_Ruina_Montium": 0, "Tech_Subterranea": 1, "Tech_Cielo_Abierto": 0, "Tech_Lavado_Placer": 0, "Certainty_Spatial": 1.0, "Certainty_Archaeological": 0.9, "Certainty_Metallogenic": 1.0, "Certainty_Score": 0.965, "Certainty_Grade": "Alta Certeza (Grado I)" }, "geometry": { "type": "Point", "coordinates": [ -3.58399511, 38.19025394 ] } },
{ "type": "Feature", "properties": { "mineID": 957, "site": "Los Rubiales", "ancientName": null, "province": "Hispania Baetica", "country": "Spain", "region": "Córdoba", "miningDistrict": "Los Pedroches", "romanianRANID": null, "sanchezPalenciaAndOrejasID": null, "domergueID": "CO 105", "spainMapSheet": 859.0, "lambertX": 514.2, "lambertY": 432.3, "latitude": 38.48355401, "longitude": -4.67210267, "coordinateAccuracy": 100.0, "locationDataSource": "Converted in QGIS from Lambert coords, Madrid 1870", "locationNotes": null, "notBeforeOpeningDate": null, "notAfterOpeningDate": null, "notBeforeClosingDate": null, "notAfterClosingDate": null, "inUseDate": null, "metalMinedGold": "FALSE", "metalMinedSilver": 1.0, "metalMinedLead": 1.0, "metalMinedCopper": 0.0, "metalMinedTin": 0.0, "metalMinedIron": 0.0, "metalMinedMercuryCinnabar": 0.0, "metalMinedZinc": 0.0, "metalMinedOther": 0.0, "description": null, "references": "Domergue 1990: 48", "techniqueOpencast": 0.0, "techniqueUnderground": 1.0, "techniqueHydraulic": "FALSE", "techniqueHushing": "FALSE", "techniqueGroundSluicing": "FALSE", "techniqueRuinaMontium": 0.0, "techniqueRakeComb": 0.0, "techniqueGoldWashing": 0.0, "techniqueOther": 0.0, "notes": null, "geology": "Hard rock", "depositType": "Primary", "exploitationType": null, "Flag_Au_Oro": 0, "Status_Au_Oro": "No", "Flag_Ag_Plata": 1, "Status_Ag_Plata": "Confirmado", "Flag_Cu_Cobre": 0, "Status_Cu_Cobre": "No", "Flag_Pb_Plomo": 1, "Status_Pb_Plomo": "Confirmado", "Flag_Hg_Cinabrio": 0, "Status_Hg_Cinabrio": "No", "Flag_Sn_Estano": 0, "Status_Sn_Estano": "No", "Flag_Fe_Hierro": 0, "Status_Fe_Hierro": "No", "Tech_Ruina_Montium": 0, "Tech_Subterranea": 1, "Tech_Cielo_Abierto": 0, "Tech_Lavado_Placer": 0, "Certainty_Spatial": 1.0, "Certainty_Archaeological": 0.9, "Certainty_Metallogenic": 1.0, "Certainty_Score": 0.965, "Certainty_Grade": "Alta Certeza (Grado I)" }, "geometry": { "type": "Point", "coordinates": [ -4.67210267, 38.48355401 ] } },
{ "type": "Feature", "properties": { "mineID": 964, "site": "Lozacio", "ancientName": null, "province": "Hispania Tarraconensis", "country": "Spain", "region": "Zamorra", "miningDistrict": "Trás-os-montes", "romanianRANID": null, "sanchezPalenciaAndOrejasID": null, "domergueID": "ZA 1", "spainMapSheet": 339.0, "lambertX": 405.4, "lambertY": 792.5, "latitude": 41.7122223, "longitude": -6.028141918, "coordinateAccuracy": 100.0, "locationDataSource": "Converted in QGIS from Lambert coords, Madrid 1870", "locationNotes": null, "notBeforeOpeningDate": null, "notAfterOpeningDate": null, "notBeforeClosingDate": null, "notAfterClosingDate": null, "inUseDate": null, "metalMinedGold": "FALSE", "metalMinedSilver": 1.0, "metalMinedLead": 1.0, "metalMinedCopper": 0.0, "metalMinedTin": 0.0, "metalMinedIron": 0.0, "metalMinedMercuryCinnabar": 0.0, "metalMinedZinc": 0.0, "metalMinedOther": 0.0, "description": null, "references": "Domergue 1990: 41", "techniqueOpencast": 0.0, "techniqueUnderground": 1.0, "techniqueHydraulic": "FALSE", "techniqueHushing": "FALSE", "techniqueGroundSluicing": "FALSE", "techniqueRuinaMontium": 0.0, "techniqueRakeComb": 0.0, "techniqueGoldWashing": 0.0, "techniqueOther": 0.0, "notes": null, "geology": "Hard rock", "depositType": null, "exploitationType": null, "Flag_Au_Oro": 0, "Status_Au_Oro": "No", "Flag_Ag_Plata": 1, "Status_Ag_Plata": "Confirmado", "Flag_Cu_Cobre": 0, "Status_Cu_Cobre": "No", "Flag_Pb_Plomo": 1, "Status_Pb_Plomo": "Confirmado", "Flag_Hg_Cinabrio": 0, "Status_Hg_Cinabrio": "No", "Flag_Sn_Estano": 0, "Status_Sn_Estano": "No", "Flag_Fe_Hierro": 0, "Status_Fe_Hierro": "No", "Tech_Ruina_Montium": 0, "Tech_Subterranea": 1, "Tech_Cielo_Abierto": 0, "Tech_Lavado_Placer": 0, "Certainty_Spatial": 1.0, "Certainty_Archaeological": 0.9, "Certainty_Metallogenic": 1.0, "Certainty_Score": 0.965, "Certainty_Grade": "Alta Certeza (Grado I)" }, "geometry": { "type": "Point", "coordinates": [ -6.028141918, 41.7122223 ] } },
{ "type": "Feature", "properties": { "mineID": 966, "site": "Madereros", "ancientName": null, "province": "Hispania Baetica", "country": "Spain", "region": "Córdoba", "miningDistrict": "Posadas", "romanianRANID": null, "sanchezPalenciaAndOrejasID": null, "domergueID": "CO 7", "spainMapSheet": 922.0, "lambertX": 482.6, "lambertY": 362.5, "latitude": 37.85063496, "longitude": -5.02253464, "coordinateAccuracy": 100.0, "locationDataSource": "Converted in QGIS from Lambert coords, Madrid 1870", "locationNotes": null, "notBeforeOpeningDate": null, "notAfterOpeningDate": null, "notBeforeClosingDate": null, "notAfterClosingDate": null, "inUseDate": null, "metalMinedGold": "FALSE", "metalMinedSilver": 1.0, "metalMinedLead": 1.0, "metalMinedCopper": 1.0, "metalMinedTin": 0.0, "metalMinedIron": 0.0, "metalMinedMercuryCinnabar": 0.0, "metalMinedZinc": 0.0, "metalMinedOther": 0.0, "description": null, "references": "Domergue 1990: 45", "techniqueOpencast": null, "techniqueUnderground": null, "techniqueHydraulic": "FALSE", "techniqueHushing": "FALSE", "techniqueGroundSluicing": "FALSE", "techniqueRuinaMontium": 0.0, "techniqueRakeComb": 0.0, "techniqueGoldWashing": 0.0, "techniqueOther": null, "notes": null, "geology": "Hard rock", "depositType": "Primary", "exploitationType": null, "Flag_Au_Oro": 0, "Status_Au_Oro": "No", "Flag_Ag_Plata": 1, "Status_Ag_Plata": "Confirmado", "Flag_Cu_Cobre": 1, "Status_Cu_Cobre": "Confirmado", "Flag_Pb_Plomo": 1, "Status_Pb_Plomo": "Confirmado", "Flag_Hg_Cinabrio": 0, "Status_Hg_Cinabrio": "No", "Flag_Sn_Estano": 0, "Status_Sn_Estano": "No", "Flag_Fe_Hierro": 0, "Status_Fe_Hierro": "No", "Tech_Ruina_Montium": 0, "Tech_Subterranea": 0, "Tech_Cielo_Abierto": 0, "Tech_Lavado_Placer": 0, "Certainty_Spatial": 1.0, "Certainty_Archaeological": 0.9, "Certainty_Metallogenic": 1.0, "Certainty_Score": 0.965, "Certainty_Grade": "Alta Certeza (Grado I)" }, "geometry": { "type": "Point", "coordinates": [ -5.02253464, 37.85063496 ] } },
{ "type": "Feature", "properties": { "mineID": 967, "site": "Majada Hermosa", "ancientName": null, "province": "Hispania Baetica", "country": "Spain", "region": "Badajoz", "miningDistrict": "La Serena", "romanianRANID": null, "sanchezPalenciaAndOrejasID": null, "domergueID": "BA 29", "spainMapSheet": 806.0, "lambertX": 460.4, "lambertY": 458.5, "latitude": 38.71271398, "longitude": -5.29452087, "coordinateAccuracy": 100.0, "locationDataSource": "Converted in QGIS from Lambert coords, Madrid 1870", "locationNotes": null, "notBeforeOpeningDate": null, "notAfterOpeningDate": null, "notBeforeClosingDate": null, "notAfterClosingDate": null, "inUseDate": null, "metalMinedGold": "FALSE", "metalMinedSilver": 1.0, "metalMinedLead": 1.0, "metalMinedCopper": 0.0, "metalMinedTin": 0.0, "metalMinedIron": 0.0, "metalMinedMercuryCinnabar": 0.0, "metalMinedZinc": 0.0, "metalMinedOther": 0.0, "description": null, "references": "Domergue 1990: 45", "techniqueOpencast": null, "techniqueUnderground": null, "techniqueHydraulic": "FALSE", "techniqueHushing": "FALSE", "techniqueGroundSluicing": "FALSE", "techniqueRuinaMontium": 0.0, "techniqueRakeComb": 0.0, "techniqueGoldWashing": 0.0, "techniqueOther": null, "notes": null, "geology": "Hard rock", "depositType": "Primary", "exploitationType": null, "Flag_Au_Oro": 0, "Status_Au_Oro": "No", "Flag_Ag_Plata": 1, "Status_Ag_Plata": "Confirmado", "Flag_Cu_Cobre": 0, "Status_Cu_Cobre": "No", "Flag_Pb_Plomo": 1, "Status_Pb_Plomo": "Confirmado", "Flag_Hg_Cinabrio": 0, "Status_Hg_Cinabrio": "No", "Flag_Sn_Estano": 0, "Status_Sn_Estano": "No", "Flag_Fe_Hierro": 0, "Status_Fe_Hierro": "No", "Tech_Ruina_Montium": 0, "Tech_Subterranea": 0, "Tech_Cielo_Abierto": 0, "Tech_Lavado_Placer": 0, "Certainty_Spatial": 1.0, "Certainty_Archaeological": 0.9, "Certainty_Metallogenic": 1.0, "Certainty_Score": 0.965, "Certainty_Grade": "Alta Certeza (Grado I)" }, "geometry": { "type": "Point", "coordinates": [ -5.29452087, 38.71271398 ] } },
{ "type": "Feature", "properties": { "mineID": 977, "site": "Mazarrón", "ancientName": null, "province": "Hispania Tarraconensis", "country": "Spain", "region": "Murcia", "miningDistrict": "Cartagena-Mazarrón", "romanianRANID": null, "sanchezPalenciaAndOrejasID": null, "domergueID": "MU 10", "spainMapSheet": 976.0, "lambertX": 808.2, "lambertY": 336.4, "latitude": 37.59847407, "longitude": -1.329361505, "coordinateAccuracy": 100.0, "locationDataSource": "Converted in QGIS from Lambert coords, Madrid 1870", "locationNotes": null, "notBeforeOpeningDate": null, "notAfterOpeningDate": null, "notBeforeClosingDate": null, "notAfterClosingDate": null, "inUseDate": null, "metalMinedGold": "FALSE", "metalMinedSilver": 1.0, "metalMinedLead": 1.0, "metalMinedCopper": 0.0, "metalMinedTin": 0.0, "metalMinedIron": 0.0, "metalMinedMercuryCinnabar": 0.0, "metalMinedZinc": 0.0, "metalMinedOther": 0.0, "description": null, "references": "Domergue 1990: 64", "techniqueOpencast": 0.0, "techniqueUnderground": 1.0, "techniqueHydraulic": "FALSE", "techniqueHushing": "FALSE", "techniqueGroundSluicing": "FALSE", "techniqueRuinaMontium": 0.0, "techniqueRakeComb": 0.0, "techniqueGoldWashing": 0.0, "techniqueOther": 0.0, "notes": null, "geology": null, "depositType": null, "exploitationType": null, "Flag_Au_Oro": 0, "Status_Au_Oro": "No", "Flag_Ag_Plata": 1, "Status_Ag_Plata": "Confirmado", "Flag_Cu_Cobre": 0, "Status_Cu_Cobre": "No", "Flag_Pb_Plomo": 1, "Status_Pb_Plomo": "Confirmado", "Flag_Hg_Cinabrio": 0, "Status_Hg_Cinabrio": "No", "Flag_Sn_Estano": 0, "Status_Sn_Estano": "No", "Flag_Fe_Hierro": 0, "Status_Fe_Hierro": "No", "Tech_Ruina_Montium": 0, "Tech_Subterranea": 1, "Tech_Cielo_Abierto": 0, "Tech_Lavado_Placer": 0, "Certainty_Spatial": 1.0, "Certainty_Archaeological": 0.9, "Certainty_Metallogenic": 1.0, "Certainty_Score": 0.965, "Certainty_Grade": "Alta Certeza (Grado I)" }, "geometry": { "type": "Point", "coordinates": [ -1.329361505, 37.59847407 ] } },
{ "type": "Feature", "properties": { "mineID": 988, "site": "Mirabueno", "ancientName": null, "province": "Hispania Baetica", "country": "Spain", "region": "Córdoba", "miningDistrict": "Córdoba", "romanianRANID": null, "sanchezPalenciaAndOrejasID": null, "domergueID": "CO 113", "spainMapSheet": 901.0, "lambertX": 489.3, "lambertY": 386.0, "latitude": 38.06333387, "longitude": -4.95016262, "coordinateAccuracy": 100.0, "locationDataSource": "Converted in QGIS from Lambert coords, Madrid 1870", "locationNotes": null, "notBeforeOpeningDate": null, "notAfterOpeningDate": null, "notBeforeClosingDate": null, "notAfterClosingDate": null, "inUseDate": null, "metalMinedGold": "FALSE", "metalMinedSilver": 1.0, "metalMinedLead": 1.0, "metalMinedCopper": 0.0, "metalMinedTin": 0.0, "metalMinedIron": 0.0, "metalMinedMercuryCinnabar": 0.0, "metalMinedZinc": 0.0, "metalMinedOther": 0.0, "description": null, "references": "Domergue 1990: 47", "techniqueOpencast": null, "techniqueUnderground": null, "techniqueHydraulic": "FALSE", "techniqueHushing": "FALSE", "techniqueGroundSluicing": "FALSE", "techniqueRuinaMontium": 0.0, "techniqueRakeComb": 0.0, "techniqueGoldWashing": 0.0, "techniqueOther": null, "notes": null, "geology": "Hard rock", "depositType": null, "exploitationType": null, "Flag_Au_Oro": 0, "Status_Au_Oro": "No", "Flag_Ag_Plata": 1, "Status_Ag_Plata": "Confirmado", "Flag_Cu_Cobre": 0, "Status_Cu_Cobre": "No", "Flag_Pb_Plomo": 1, "Status_Pb_Plomo": "Confirmado", "Flag_Hg_Cinabrio": 0, "Status_Hg_Cinabrio": "No", "Flag_Sn_Estano": 0, "Status_Sn_Estano": "No", "Flag_Fe_Hierro": 0, "Status_Fe_Hierro": "No", "Tech_Ruina_Montium": 0, "Tech_Subterranea": 0, "Tech_Cielo_Abierto": 0, "Tech_Lavado_Placer": 0, "Certainty_Spatial": 1.0, "Certainty_Archaeological": 0.9, "Certainty_Metallogenic": 1.0, "Certainty_Score": 0.965, "Certainty_Grade": "Alta Certeza (Grado I)" }, "geometry": { "type": "Point", "coordinates": [ -4.95016262, 38.06333387 ] } },
{ "type": "Feature", "properties": { "mineID": 989, "site": "Miraflores", "ancientName": null, "province": "Hispania Baetica", "country": "Spain", "region": "Badajoz", "miningDistrict": "La Serena", "romanianRANID": null, "sanchezPalenciaAndOrejasID": null, "domergueID": "BA 39", "spainMapSheet": 805.0, "lambertX": 440.6, "lambertY": 465.3, "latitude": 38.77056956, "longitude": -5.52393981, "coordinateAccuracy": 100.0, "locationDataSource": "Converted in QGIS from Lambert coords, Madrid 1870", "locationNotes": null, "notBeforeOpeningDate": null, "notAfterOpeningDate": null, "notBeforeClosingDate": null, "notAfterClosingDate": null, "inUseDate": null, "metalMinedGold": "FALSE", "metalMinedSilver": 1.0, "metalMinedLead": 1.0, "metalMinedCopper": 1.0, "metalMinedTin": 0.0, "metalMinedIron": 0.0, "metalMinedMercuryCinnabar": 0.0, "metalMinedZinc": 0.0, "metalMinedOther": 0.0, "description": null, "references": "Domergue 1990: 45", "techniqueOpencast": null, "techniqueUnderground": null, "techniqueHydraulic": "FALSE", "techniqueHushing": "FALSE", "techniqueGroundSluicing": "FALSE", "techniqueRuinaMontium": 0.0, "techniqueRakeComb": 0.0, "techniqueGoldWashing": 0.0, "techniqueOther": null, "notes": null, "geology": "Hard rock", "depositType": "Primary", "exploitationType": null, "Flag_Au_Oro": 0, "Status_Au_Oro": "No", "Flag_Ag_Plata": 1, "Status_Ag_Plata": "Confirmado", "Flag_Cu_Cobre": 1, "Status_Cu_Cobre": "Confirmado", "Flag_Pb_Plomo": 1, "Status_Pb_Plomo": "Confirmado", "Flag_Hg_Cinabrio": 0, "Status_Hg_Cinabrio": "No", "Flag_Sn_Estano": 0, "Status_Sn_Estano": "No", "Flag_Fe_Hierro": 0, "Status_Fe_Hierro": "No", "Tech_Ruina_Montium": 0, "Tech_Subterranea": 0, "Tech_Cielo_Abierto": 0, "Tech_Lavado_Placer": 0, "Certainty_Spatial": 1.0, "Certainty_Archaeological": 0.9, "Certainty_Metallogenic": 1.0, "Certainty_Score": 0.965, "Certainty_Grade": "Alta Certeza (Grado I)" }, "geometry": { "type": "Point", "coordinates": [ -5.52393981, 38.77056956 ] } },
{ "type": "Feature", "properties": { "mineID": 1002, "site": "Monte Venero", "ancientName": null, "province": "Hispania Baetica", "country": "Spain", "region": "Jaén", "miningDistrict": null, "romanianRANID": null, "sanchezPalenciaAndOrejasID": null, "domergueID": "J 31", "spainMapSheet": 863.0, "lambertX": 631.3, "lambertY": 417.5, "latitude": 38.35381938, "longitude": -3.32958398, "coordinateAccuracy": 100.0, "locationDataSource": "Converted in QGIS from Lambert coords, Madrid 1870", "locationNotes": null, "notBeforeOpeningDate": null, "notAfterOpeningDate": null, "notBeforeClosingDate": null, "notAfterClosingDate": null, "inUseDate": null, "metalMinedGold": "FALSE", "metalMinedSilver": 1.0, "metalMinedLead": 1.0, "metalMinedCopper": 0.0, "metalMinedTin": 0.0, "metalMinedIron": 0.0, "metalMinedMercuryCinnabar": 0.0, "metalMinedZinc": 0.0, "metalMinedOther": 0.0, "description": null, "references": "Domergue 1990: 49", "techniqueOpencast": null, "techniqueUnderground": null, "techniqueHydraulic": "FALSE", "techniqueHushing": "FALSE", "techniqueGroundSluicing": "FALSE", "techniqueRuinaMontium": 0.0, "techniqueRakeComb": 0.0, "techniqueGoldWashing": 0.0, "techniqueOther": null, "notes": null, "geology": "Hard rock", "depositType": "Primary", "exploitationType": null, "Flag_Au_Oro": 0, "Status_Au_Oro": "No", "Flag_Ag_Plata": 1, "Status_Ag_Plata": "Confirmado", "Flag_Cu_Cobre": 0, "Status_Cu_Cobre": "No", "Flag_Pb_Plomo": 1, "Status_Pb_Plomo": "Confirmado", "Flag_Hg_Cinabrio": 0, "Status_Hg_Cinabrio": "No", "Flag_Sn_Estano": 0, "Status_Sn_Estano": "No", "Flag_Fe_Hierro": 0, "Status_Fe_Hierro": "No", "Tech_Ruina_Montium": 0, "Tech_Subterranea": 0, "Tech_Cielo_Abierto": 0, "Tech_Lavado_Placer": 0, "Certainty_Spatial": 1.0, "Certainty_Archaeological": 0.9, "Certainty_Metallogenic": 1.0, "Certainty_Score": 0.965, "Certainty_Grade": "Alta Certeza (Grado I)" }, "geometry": { "type": "Point", "coordinates": [ -3.32958398, 38.35381938 ] } },
{ "type": "Feature", "properties": { "mineID": 1020, "site": "Navalespino", "ancientName": null, "province": "Hispania Baetica", "country": "Spain", "region": "Córdoba", "miningDistrict": "Azuaga-Fuenteovejuna", "romanianRANID": null, "sanchezPalenciaAndOrejasID": null, "domergueID": "CO 57", "spainMapSheet": 856.0, "lambertX": 438.7, "lambertY": 424.4, "latitude": 38.40152014, "longitude": -5.53605208, "coordinateAccuracy": 100.0, "locationDataSource": "Converted in QGIS from Lambert coords, Madrid 1870", "locationNotes": null, "notBeforeOpeningDate": null, "notAfterOpeningDate": null, "notBeforeClosingDate": null, "notAfterClosingDate": null, "inUseDate": null, "metalMinedGold": "FALSE", "metalMinedSilver": 1.0, "metalMinedLead": 1.0, "metalMinedCopper": 1.0, "metalMinedTin": 0.0, "metalMinedIron": 0.0, "metalMinedMercuryCinnabar": 0.0, "metalMinedZinc": 0.0, "metalMinedOther": 0.0, "description": null, "references": "Domergue 1990: 46", "techniqueOpencast": 0.0, "techniqueUnderground": 1.0, "techniqueHydraulic": "FALSE", "techniqueHushing": "FALSE", "techniqueGroundSluicing": "FALSE", "techniqueRuinaMontium": 0.0, "techniqueRakeComb": 0.0, "techniqueGoldWashing": 0.0, "techniqueOther": 0.0, "notes": null, "geology": "Hard rock", "depositType": "Primary", "exploitationType": null, "Flag_Au_Oro": 0, "Status_Au_Oro": "No", "Flag_Ag_Plata": 1, "Status_Ag_Plata": "Confirmado", "Flag_Cu_Cobre": 1, "Status_Cu_Cobre": "Confirmado", "Flag_Pb_Plomo": 1, "Status_Pb_Plomo": "Confirmado", "Flag_Hg_Cinabrio": 0, "Status_Hg_Cinabrio": "No", "Flag_Sn_Estano": 0, "Status_Sn_Estano": "No", "Flag_Fe_Hierro": 0, "Status_Fe_Hierro": "No", "Tech_Ruina_Montium": 0, "Tech_Subterranea": 1, "Tech_Cielo_Abierto": 0, "Tech_Lavado_Placer": 0, "Certainty_Spatial": 1.0, "Certainty_Archaeological": 0.9, "Certainty_Metallogenic": 1.0, "Certainty_Score": 0.965, "Certainty_Grade": "Alta Certeza (Grado I)" }, "geometry": { "type": "Point", "coordinates": [ -5.53605208, 38.40152014 ] } },
{ "type": "Feature", "properties": { "mineID": 1032, "site": "Orellana Vieja", "ancientName": null, "province": "Hispania Baetica", "country": "Spain", "region": "Badajoz", "miningDistrict": null, "romanianRANID": null, "sanchezPalenciaAndOrejasID": null, "domergueID": "BA 58", "spainMapSheet": 778.0, "lambertX": 440.5, "lambertY": 490.6, "latitude": 38.99863371, "longitude": -5.53111628, "coordinateAccuracy": 100.0, "locationDataSource": "Converted in QGIS from Lambert coords, Madrid 1870", "locationNotes": null, "notBeforeOpeningDate": null, "notAfterOpeningDate": null, "notBeforeClosingDate": null, "notAfterClosingDate": null, "inUseDate": null, "metalMinedGold": "FALSE", "metalMinedSilver": 1.0, "metalMinedLead": 1.0, "metalMinedCopper": 0.0, "metalMinedTin": 0.0, "metalMinedIron": 0.0, "metalMinedMercuryCinnabar": 0.0, "metalMinedZinc": 0.0, "metalMinedOther": 0.0, "description": null, "references": "Domergue 1990: 48", "techniqueOpencast": null, "techniqueUnderground": null, "techniqueHydraulic": "FALSE", "techniqueHushing": "FALSE", "techniqueGroundSluicing": "FALSE", "techniqueRuinaMontium": 0.0, "techniqueRakeComb": 0.0, "techniqueGoldWashing": 0.0, "techniqueOther": null, "notes": null, "geology": "Hard rock", "depositType": "Primary", "exploitationType": null, "Flag_Au_Oro": 0, "Status_Au_Oro": "No", "Flag_Ag_Plata": 1, "Status_Ag_Plata": "Confirmado", "Flag_Cu_Cobre": 0, "Status_Cu_Cobre": "No", "Flag_Pb_Plomo": 1, "Status_Pb_Plomo": "Confirmado", "Flag_Hg_Cinabrio": 0, "Status_Hg_Cinabrio": "No", "Flag_Sn_Estano": 0, "Status_Sn_Estano": "No", "Flag_Fe_Hierro": 0, "Status_Fe_Hierro": "No", "Tech_Ruina_Montium": 0, "Tech_Subterranea": 0, "Tech_Cielo_Abierto": 0, "Tech_Lavado_Placer": 0, "Certainty_Spatial": 1.0, "Certainty_Archaeological": 0.9, "Certainty_Metallogenic": 1.0, "Certainty_Score": 0.965, "Certainty_Grade": "Alta Certeza (Grado I)" }, "geometry": { "type": "Point", "coordinates": [ -5.53111628, 38.99863371 ] } },
{ "type": "Feature", "properties": { "mineID": 1046, "site": "Pedreras Viejas", "ancientName": null, "province": "Hispania Tarraconensis", "country": "Spain", "region": "Murcia", "miningDistrict": "Cartagena-Mazarrón", "romanianRANID": null, "sanchezPalenciaAndOrejasID": null, "domergueID": "MU 11", "spainMapSheet": 976.0, "lambertX": 805.7, "lambertY": 335.7, "latitude": 37.59275974, "longitude": -1.357876824, "coordinateAccuracy": 100.0, "locationDataSource": "Converted in QGIS from Lambert coords, Madrid 1870", "locationNotes": null, "notBeforeOpeningDate": null, "notAfterOpeningDate": null, "notBeforeClosingDate": null, "notAfterClosingDate": null, "inUseDate": null, "metalMinedGold": "FALSE", "metalMinedSilver": 1.0, "metalMinedLead": 1.0, "metalMinedCopper": 0.0, "metalMinedTin": 0.0, "metalMinedIron": 0.0, "metalMinedMercuryCinnabar": 0.0, "metalMinedZinc": 0.0, "metalMinedOther": 0.0, "description": null, "references": "Domergue 1990: 64", "techniqueOpencast": 0.0, "techniqueUnderground": 1.0, "techniqueHydraulic": "FALSE", "techniqueHushing": "FALSE", "techniqueGroundSluicing": "FALSE", "techniqueRuinaMontium": 0.0, "techniqueRakeComb": 0.0, "techniqueGoldWashing": 0.0, "techniqueOther": 0.0, "notes": null, "geology": null, "depositType": null, "exploitationType": null, "Flag_Au_Oro": 0, "Status_Au_Oro": "No", "Flag_Ag_Plata": 1, "Status_Ag_Plata": "Confirmado", "Flag_Cu_Cobre": 0, "Status_Cu_Cobre": "No", "Flag_Pb_Plomo": 1, "Status_Pb_Plomo": "Confirmado", "Flag_Hg_Cinabrio": 0, "Status_Hg_Cinabrio": "No", "Flag_Sn_Estano": 0, "Status_Sn_Estano": "No", "Flag_Fe_Hierro": 0, "Status_Fe_Hierro": "No", "Tech_Ruina_Montium": 0, "Tech_Subterranea": 1, "Tech_Cielo_Abierto": 0, "Tech_Lavado_Placer": 0, "Certainty_Spatial": 1.0, "Certainty_Archaeological": 0.9, "Certainty_Metallogenic": 1.0, "Certainty_Score": 0.965, "Certainty_Grade": "Alta Certeza (Grado I)" }, "geometry": { "type": "Point", "coordinates": [ -1.357876824, 37.59275974 ] } },
{ "type": "Feature", "properties": { "mineID": 1053, "site": "Peña del Águila", "ancientName": null, "province": "Hispania Baetica", "country": "Spain", "region": "Córdoba", "miningDistrict": "Posadas", "romanianRANID": null, "sanchezPalenciaAndOrejasID": null, "domergueID": "CO 11", "spainMapSheet": 943.0, "lambertX": 482.2, "lambertY": 358.7, "latitude": 37.81633143, "longitude": -5.02643251, "coordinateAccuracy": 100.0, "locationDataSource": "Converted in QGIS from Lambert coords, Madrid 1870", "locationNotes": null, "notBeforeOpeningDate": null, "notAfterOpeningDate": null, "notBeforeClosingDate": null, "notAfterClosingDate": null, "inUseDate": null, "metalMinedGold": "FALSE", "metalMinedSilver": 1.0, "metalMinedLead": 1.0, "metalMinedCopper": 1.0, "metalMinedTin": 0.0, "metalMinedIron": 0.0, "metalMinedMercuryCinnabar": 0.0, "metalMinedZinc": 0.0, "metalMinedOther": 0.0, "description": null, "references": "Domergue 1990: 45", "techniqueOpencast": null, "techniqueUnderground": null, "techniqueHydraulic": "FALSE", "techniqueHushing": "FALSE", "techniqueGroundSluicing": "FALSE", "techniqueRuinaMontium": 0.0, "techniqueRakeComb": 0.0, "techniqueGoldWashing": 0.0, "techniqueOther": null, "notes": null, "geology": "Hard rock", "depositType": "Primary", "exploitationType": null, "Flag_Au_Oro": 0, "Status_Au_Oro": "No", "Flag_Ag_Plata": 1, "Status_Ag_Plata": "Confirmado", "Flag_Cu_Cobre": 1, "Status_Cu_Cobre": "Confirmado", "Flag_Pb_Plomo": 1, "Status_Pb_Plomo": "Confirmado", "Flag_Hg_Cinabrio": 0, "Status_Hg_Cinabrio": "No", "Flag_Sn_Estano": 0, "Status_Sn_Estano": "No", "Flag_Fe_Hierro": 0, "Status_Fe_Hierro": "No", "Tech_Ruina_Montium": 0, "Tech_Subterranea": 0, "Tech_Cielo_Abierto": 0, "Tech_Lavado_Placer": 0, "Certainty_Spatial": 1.0, "Certainty_Archaeological": 0.9, "Certainty_Metallogenic": 1.0, "Certainty_Score": 0.965, "Certainty_Grade": "Alta Certeza (Grado I)" }, "geometry": { "type": "Point", "coordinates": [ -5.02643251, 37.81633143 ] } },
{ "type": "Feature", "properties": { "mineID": 1058, "site": "Peña María", "ancientName": null, "province": "Hispania Tarraconensis", "country": "Spain", "region": "Palencia", "miningDistrict": "León", "romanianRANID": null, "sanchezPalenciaAndOrejasID": null, "domergueID": "P 2", "spainMapSheet": 106.0, "lambertX": 515.0, "lambertY": 926.7, "latitude": 42.93931416, "longitude": -4.729168812, "coordinateAccuracy": 100.0, "locationDataSource": "Converted in QGIS from Lambert coords, Madrid 1870", "locationNotes": null, "notBeforeOpeningDate": null, "notAfterOpeningDate": null, "notBeforeClosingDate": null, "notAfterClosingDate": null, "inUseDate": null, "metalMinedGold": "FALSE", "metalMinedSilver": 1.0, "metalMinedLead": 1.0, "metalMinedCopper": 0.0, "metalMinedTin": 0.0, "metalMinedIron": 0.0, "metalMinedMercuryCinnabar": 0.0, "metalMinedZinc": 0.0, "metalMinedOther": 0.0, "description": null, "references": "Domergue 1990: 43", "techniqueOpencast": null, "techniqueUnderground": null, "techniqueHydraulic": "FALSE", "techniqueHushing": "FALSE", "techniqueGroundSluicing": "FALSE", "techniqueRuinaMontium": 0.0, "techniqueRakeComb": 0.0, "techniqueGoldWashing": 0.0, "techniqueOther": null, "notes": null, "geology": "Hard rock", "depositType": null, "exploitationType": null, "Flag_Au_Oro": 0, "Status_Au_Oro": "No", "Flag_Ag_Plata": 1, "Status_Ag_Plata": "Confirmado", "Flag_Cu_Cobre": 0, "Status_Cu_Cobre": "No", "Flag_Pb_Plomo": 1, "Status_Pb_Plomo": "Confirmado", "Flag_Hg_Cinabrio": 0, "Status_Hg_Cinabrio": "No", "Flag_Sn_Estano": 0, "Status_Sn_Estano": "No", "Flag_Fe_Hierro": 0, "Status_Fe_Hierro": "No", "Tech_Ruina_Montium": 0, "Tech_Subterranea": 0, "Tech_Cielo_Abierto": 0, "Tech_Lavado_Placer": 0, "Certainty_Spatial": 1.0, "Certainty_Archaeological": 0.9, "Certainty_Metallogenic": 1.0, "Certainty_Score": 0.965, "Certainty_Grade": "Alta Certeza (Grado I)" }, "geometry": { "type": "Point", "coordinates": [ -4.729168812, 42.93931416 ] } },
{ "type": "Feature", "properties": { "mineID": 1061, "site": "Penedela", "ancientName": null, "province": "Hispania Tarraconensis", "country": "Spain", "region": "Oviedo", "miningDistrict": "Asturias", "romanianRANID": null, "sanchezPalenciaAndOrejasID": null, "domergueID": "O 13", "spainMapSheet": 74.0, "lambertX": 337.0, "lambertY": 943.0, "latitude": 43.04762024, "longitude": -6.915595531, "coordinateAccuracy": 100.0, "locationDataSource": "Converted in QGIS from Lambert coords, Madrid 1870", "locationNotes": null, "notBeforeOpeningDate": null, "notAfterOpeningDate": null, "notBeforeClosingDate": null, "notAfterClosingDate": null, "inUseDate": null, "metalMinedGold": "FALSE", "metalMinedSilver": 1.0, "metalMinedLead": 1.0, "metalMinedCopper": 0.0, "metalMinedTin": 0.0, "metalMinedIron": 0.0, "metalMinedMercuryCinnabar": 0.0, "metalMinedZinc": 0.0, "metalMinedOther": 0.0, "description": null, "references": "Domergue 1990: 42", "techniqueOpencast": null, "techniqueUnderground": null, "techniqueHydraulic": "FALSE", "techniqueHushing": "FALSE", "techniqueGroundSluicing": "FALSE", "techniqueRuinaMontium": 0.0, "techniqueRakeComb": 0.0, "techniqueGoldWashing": 0.0, "techniqueOther": null, "notes": null, "geology": "Hard rock", "depositType": null, "exploitationType": null, "Flag_Au_Oro": 0, "Status_Au_Oro": "No", "Flag_Ag_Plata": 1, "Status_Ag_Plata": "Confirmado", "Flag_Cu_Cobre": 0, "Status_Cu_Cobre": "No", "Flag_Pb_Plomo": 1, "Status_Pb_Plomo": "Confirmado", "Flag_Hg_Cinabrio": 0, "Status_Hg_Cinabrio": "No", "Flag_Sn_Estano": 0, "Status_Sn_Estano": "No", "Flag_Fe_Hierro": 0, "Status_Fe_Hierro": "No", "Tech_Ruina_Montium": 0, "Tech_Subterranea": 0, "Tech_Cielo_Abierto": 0, "Tech_Lavado_Placer": 0, "Certainty_Spatial": 1.0, "Certainty_Archaeological": 0.9, "Certainty_Metallogenic": 1.0, "Certainty_Score": 0.965, "Certainty_Grade": "Alta Certeza (Grado I)" }, "geometry": { "type": "Point", "coordinates": [ -6.915595531, 43.04762024 ] } },
{ "type": "Feature", "properties": { "mineID": 1064, "site": "Peñón del Moro", "ancientName": null, "province": "Hispania Baetica", "country": "Spain", "region": "Badajoz", "miningDistrict": "Azuaga-Fuenteovejuna", "romanianRANID": null, "sanchezPalenciaAndOrejasID": null, "domergueID": "BA 59", "spainMapSheet": 877.0, "lambertX": 395.0, "lambertY": 415.0, "latitude": 38.30752585, "longitude": -6.03370937, "coordinateAccuracy": 100.0, "locationDataSource": "Converted in QGIS from Lambert coords, Madrid 1870", "locationNotes": null, "notBeforeOpeningDate": null, "notAfterOpeningDate": null, "notBeforeClosingDate": null, "notAfterClosingDate": null, "inUseDate": null, "metalMinedGold": "FALSE", "metalMinedSilver": 1.0, "metalMinedLead": 1.0, "metalMinedCopper": 0.0, "metalMinedTin": 0.0, "metalMinedIron": 0.0, "metalMinedMercuryCinnabar": 0.0, "metalMinedZinc": 0.0, "metalMinedOther": 0.0, "description": null, "references": "Domergue 1990: 46", "techniqueOpencast": 0.0, "techniqueUnderground": 1.0, "techniqueHydraulic": "FALSE", "techniqueHushing": "FALSE", "techniqueGroundSluicing": "FALSE", "techniqueRuinaMontium": 0.0, "techniqueRakeComb": 0.0, "techniqueGoldWashing": 0.0, "techniqueOther": 0.0, "notes": null, "geology": "Hard rock", "depositType": "Primary", "exploitationType": null, "Flag_Au_Oro": 0, "Status_Au_Oro": "No", "Flag_Ag_Plata": 1, "Status_Ag_Plata": "Confirmado", "Flag_Cu_Cobre": 0, "Status_Cu_Cobre": "No", "Flag_Pb_Plomo": 1, "Status_Pb_Plomo": "Confirmado", "Flag_Hg_Cinabrio": 0, "Status_Hg_Cinabrio": "No", "Flag_Sn_Estano": 0, "Status_Sn_Estano": "No", "Flag_Fe_Hierro": 0, "Status_Fe_Hierro": "No", "Tech_Ruina_Montium": 0, "Tech_Subterranea": 1, "Tech_Cielo_Abierto": 0, "Tech_Lavado_Placer": 0, "Certainty_Spatial": 1.0, "Certainty_Archaeological": 0.9, "Certainty_Metallogenic": 1.0, "Certainty_Score": 0.965, "Certainty_Grade": "Alta Certeza (Grado I)" }, "geometry": { "type": "Point", "coordinates": [ -6.03370937, 38.30752585 ] } },
{ "type": "Feature", "properties": { "mineID": 1066, "site": "Petaca", "ancientName": null, "province": "Hispania Tarraconensis", "country": "Spain", "region": "Ciudad Real", "miningDistrict": "Alcudia", "romanianRANID": null, "sanchezPalenciaAndOrejasID": null, "domergueID": "CR 28", "spainMapSheet": 835.0, "lambertX": 550.5, "lambertY": 439.6, "latitude": 38.55222117, "longitude": -4.25627498, "coordinateAccuracy": 100.0, "locationDataSource": "Converted in QGIS from Lambert coords, Madrid 1870", "locationNotes": null, "notBeforeOpeningDate": null, "notAfterOpeningDate": null, "notBeforeClosingDate": null, "notAfterClosingDate": null, "inUseDate": null, "metalMinedGold": "FALSE", "metalMinedSilver": 1.0, "metalMinedLead": 1.0, "metalMinedCopper": 0.0, "metalMinedTin": 0.0, "metalMinedIron": 0.0, "metalMinedMercuryCinnabar": 0.0, "metalMinedZinc": 0.0, "metalMinedOther": 0.0, "description": null, "references": "Domergue 1990: 46", "techniqueOpencast": null, "techniqueUnderground": null, "techniqueHydraulic": "FALSE", "techniqueHushing": "FALSE", "techniqueGroundSluicing": "FALSE", "techniqueRuinaMontium": 0.0, "techniqueRakeComb": 0.0, "techniqueGoldWashing": 0.0, "techniqueOther": null, "notes": null, "geology": null, "depositType": null, "exploitationType": null, "Flag_Au_Oro": 0, "Status_Au_Oro": "No", "Flag_Ag_Plata": 1, "Status_Ag_Plata": "Confirmado", "Flag_Cu_Cobre": 0, "Status_Cu_Cobre": "No", "Flag_Pb_Plomo": 1, "Status_Pb_Plomo": "Confirmado", "Flag_Hg_Cinabrio": 0, "Status_Hg_Cinabrio": "No", "Flag_Sn_Estano": 0, "Status_Sn_Estano": "No", "Flag_Fe_Hierro": 0, "Status_Fe_Hierro": "No", "Tech_Ruina_Montium": 0, "Tech_Subterranea": 0, "Tech_Cielo_Abierto": 0, "Tech_Lavado_Placer": 0, "Certainty_Spatial": 1.0, "Certainty_Archaeological": 0.9, "Certainty_Metallogenic": 1.0, "Certainty_Score": 0.965, "Certainty_Grade": "Alta Certeza (Grado I)" }, "geometry": { "type": "Point", "coordinates": [ -4.25627498, 38.55222117 ] } },
{ "type": "Feature", "properties": { "mineID": 1070, "site": "Pico de Lirio", "ancientName": null, "province": "Hispania Baetica", "country": "Spain", "region": "Badajoz", "miningDistrict": "La Serena", "romanianRANID": null, "sanchezPalenciaAndOrejasID": null, "domergueID": "BA 40", "spainMapSheet": 805.0, "lambertX": 436.6, "lambertY": 467.2, "latitude": 38.78694566, "longitude": -5.57046121, "coordinateAccuracy": 100.0, "locationDataSource": "Converted in QGIS from Lambert coords, Madrid 1870", "locationNotes": null, "notBeforeOpeningDate": null, "notAfterOpeningDate": null, "notBeforeClosingDate": null, "notAfterClosingDate": null, "inUseDate": null, "metalMinedGold": "FALSE", "metalMinedSilver": 1.0, "metalMinedLead": 1.0, "metalMinedCopper": 0.0, "metalMinedTin": 0.0, "metalMinedIron": 0.0, "metalMinedMercuryCinnabar": 0.0, "metalMinedZinc": 0.0, "metalMinedOther": 0.0, "description": null, "references": "Domergue 1990: 45", "techniqueOpencast": null, "techniqueUnderground": null, "techniqueHydraulic": "FALSE", "techniqueHushing": "FALSE", "techniqueGroundSluicing": "FALSE", "techniqueRuinaMontium": 0.0, "techniqueRakeComb": 0.0, "techniqueGoldWashing": 0.0, "techniqueOther": null, "notes": null, "geology": "Hard rock", "depositType": "Primary", "exploitationType": null, "Flag_Au_Oro": 0, "Status_Au_Oro": "No", "Flag_Ag_Plata": 1, "Status_Ag_Plata": "Confirmado", "Flag_Cu_Cobre": 0, "Status_Cu_Cobre": "No", "Flag_Pb_Plomo": 1, "Status_Pb_Plomo": "Confirmado", "Flag_Hg_Cinabrio": 0, "Status_Hg_Cinabrio": "No", "Flag_Sn_Estano": 0, "Status_Sn_Estano": "No", "Flag_Fe_Hierro": 0, "Status_Fe_Hierro": "No", "Tech_Ruina_Montium": 0, "Tech_Subterranea": 0, "Tech_Cielo_Abierto": 0, "Tech_Lavado_Placer": 0, "Certainty_Spatial": 1.0, "Certainty_Archaeological": 0.9, "Certainty_Metallogenic": 1.0, "Certainty_Score": 0.965, "Certainty_Grade": "Alta Certeza (Grado I)" }, "geometry": { "type": "Point", "coordinates": [ -5.57046121, 38.78694566 ] } },
{ "type": "Feature", "properties": { "mineID": 1074, "site": "Pilar de Jaravía", "ancientName": null, "province": "Hispania Baetica", "country": "Spain", "region": "Almería", "miningDistrict": "Almería", "romanianRANID": null, "sanchezPalenciaAndOrejasID": null, "domergueID": "AL 4", "spainMapSheet": 997.0, "lambertX": 776.0, "lambertY": 311.6, "latitude": 37.38210676, "longitude": -1.7002681, "coordinateAccuracy": 100.0, "locationDataSource": "Converted in QGIS from Lambert coords, Madrid 1870", "locationNotes": "Mining may extend over a large area", "notBeforeOpeningDate": null, "notAfterOpeningDate": null, "notBeforeClosingDate": null, "notAfterClosingDate": null, "inUseDate": null, "metalMinedGold": "FALSE", "metalMinedSilver": 1.0, "metalMinedLead": 1.0, "metalMinedCopper": 0.0, "metalMinedTin": 0.0, "metalMinedIron": 0.0, "metalMinedMercuryCinnabar": 0.0, "metalMinedZinc": 0.0, "metalMinedOther": 0.0, "description": null, "references": "Domergue 1990: 64", "techniqueOpencast": null, "techniqueUnderground": null, "techniqueHydraulic": "FALSE", "techniqueHushing": "FALSE", "techniqueGroundSluicing": "FALSE", "techniqueRuinaMontium": 0.0, "techniqueRakeComb": 0.0, "techniqueGoldWashing": 0.0, "techniqueOther": null, "notes": null, "geology": null, "depositType": null, "exploitationType": null, "Flag_Au_Oro": 0, "Status_Au_Oro": "No", "Flag_Ag_Plata": 1, "Status_Ag_Plata": "Confirmado", "Flag_Cu_Cobre": 0, "Status_Cu_Cobre": "No", "Flag_Pb_Plomo": 1, "Status_Pb_Plomo": "Confirmado", "Flag_Hg_Cinabrio": 0, "Status_Hg_Cinabrio": "No", "Flag_Sn_Estano": 0, "Status_Sn_Estano": "No", "Flag_Fe_Hierro": 0, "Status_Fe_Hierro": "No", "Tech_Ruina_Montium": 0, "Tech_Subterranea": 0, "Tech_Cielo_Abierto": 0, "Tech_Lavado_Placer": 0, "Certainty_Spatial": 1.0, "Certainty_Archaeological": 0.9, "Certainty_Metallogenic": 1.0, "Certainty_Score": 0.965, "Certainty_Grade": "Alta Certeza (Grado I)" }, "geometry": { "type": "Point", "coordinates": [ -1.7002681, 37.38210676 ] } },
{ "type": "Feature", "properties": { "mineID": 1079, "site": "Plasenzuela", "ancientName": null, "province": "Lusitania", "country": "Spain", "region": "Cáceres", "miningDistrict": null, "romanianRANID": null, "sanchezPalenciaAndOrejasID": null, "domergueID": "CC 2", "spainMapSheet": 705.0, "lambertX": 394.0, "lambertY": 540.0, "latitude": 39.43399889, "longitude": -6.08357984, "coordinateAccuracy": 100.0, "locationDataSource": "Converted in QGIS from Lambert coords, Madrid 1870", "locationNotes": "Point in middle of large quadrilateral 6 x 3 or 4 km", "notBeforeOpeningDate": null, "notAfterOpeningDate": null, "notBeforeClosingDate": null, "notAfterClosingDate": null, "inUseDate": null, "metalMinedGold": "FALSE", "metalMinedSilver": 1.0, "metalMinedLead": 1.0, "metalMinedCopper": 0.0, "metalMinedTin": 0.0, "metalMinedIron": 0.0, "metalMinedMercuryCinnabar": 0.0, "metalMinedZinc": 0.0, "metalMinedOther": 0.0, "description": null, "references": "Domergue 1990: 64", "techniqueOpencast": null, "techniqueUnderground": null, "techniqueHydraulic": "FALSE", "techniqueHushing": "FALSE", "techniqueGroundSluicing": "FALSE", "techniqueRuinaMontium": 0.0, "techniqueRakeComb": 0.0, "techniqueGoldWashing": 0.0, "techniqueOther": null, "notes": null, "geology": null, "depositType": null, "exploitationType": null, "Flag_Au_Oro": 0, "Status_Au_Oro": "No", "Flag_Ag_Plata": 1, "Status_Ag_Plata": "Confirmado", "Flag_Cu_Cobre": 0, "Status_Cu_Cobre": "No", "Flag_Pb_Plomo": 1, "Status_Pb_Plomo": "Confirmado", "Flag_Hg_Cinabrio": 0, "Status_Hg_Cinabrio": "No", "Flag_Sn_Estano": 0, "Status_Sn_Estano": "No", "Flag_Fe_Hierro": 0, "Status_Fe_Hierro": "No", "Tech_Ruina_Montium": 0, "Tech_Subterranea": 0, "Tech_Cielo_Abierto": 0, "Tech_Lavado_Placer": 0, "Certainty_Spatial": 1.0, "Certainty_Archaeological": 0.9, "Certainty_Metallogenic": 1.0, "Certainty_Score": 0.965, "Certainty_Grade": "Alta Certeza (Grado I)" }, "geometry": { "type": "Point", "coordinates": [ -6.08357984, 39.43399889 ] } },
{ "type": "Feature", "properties": { "mineID": 1091, "site": "Pozo Rico (Alcudia)", "ancientName": null, "province": "Hispania Tarraconensis", "country": "Spain", "region": "Ciudad Real", "miningDistrict": "Alcudia", "romanianRANID": null, "sanchezPalenciaAndOrejasID": null, "domergueID": "CR 42", "spainMapSheet": 861.0, "lambertX": null, "lambertY": null, "latitude": 38.434231, "longitude": -3.941203, "coordinateAccuracy": 500.0, "locationDataSource": "Guessed from Google Earth & description in Domergue 1987, 84", "locationNotes": "Domergue does not give coordinates", "notBeforeOpeningDate": null, "notAfterOpeningDate": null, "notBeforeClosingDate": null, "notAfterClosingDate": null, "inUseDate": null, "metalMinedGold": "FALSE", "metalMinedSilver": 1.0, "metalMinedLead": 1.0, "metalMinedCopper": 0.0, "metalMinedTin": 0.0, "metalMinedIron": 0.0, "metalMinedMercuryCinnabar": 0.0, "metalMinedZinc": 0.0, "metalMinedOther": 0.0, "description": null, "references": "Domergue 1990: 46", "techniqueOpencast": 0.0, "techniqueUnderground": 1.0, "techniqueHydraulic": "FALSE", "techniqueHushing": "FALSE", "techniqueGroundSluicing": "FALSE", "techniqueRuinaMontium": 0.0, "techniqueRakeComb": 0.0, "techniqueGoldWashing": 0.0, "techniqueOther": 0.0, "notes": null, "geology": null, "depositType": null, "exploitationType": null, "Flag_Au_Oro": 0, "Status_Au_Oro": "No", "Flag_Ag_Plata": 1, "Status_Ag_Plata": "Confirmado", "Flag_Cu_Cobre": 0, "Status_Cu_Cobre": "No", "Flag_Pb_Plomo": 1, "Status_Pb_Plomo": "Confirmado", "Flag_Hg_Cinabrio": 0, "Status_Hg_Cinabrio": "No", "Flag_Sn_Estano": 0, "Status_Sn_Estano": "No", "Flag_Fe_Hierro": 0, "Status_Fe_Hierro": "No", "Tech_Ruina_Montium": 0, "Tech_Subterranea": 1, "Tech_Cielo_Abierto": 0, "Tech_Lavado_Placer": 0, "Certainty_Spatial": 0.85, "Certainty_Archaeological": 0.9, "Certainty_Metallogenic": 1.0, "Certainty_Score": 0.905, "Certainty_Grade": "Alta Certeza (Grado I)" }, "geometry": { "type": "Point", "coordinates": [ -3.941203, 38.434231 ] } },
{ "type": "Feature", "properties": { "mineID": 1111, "site": "Quinto del Hierro", "ancientName": null, "province": "Hispania Tarraconensis", "country": "Spain", "region": "Ciudad Real", "miningDistrict": "Alcudia", "romanianRANID": null, "sanchezPalenciaAndOrejasID": null, "domergueID": "CR 5", "spainMapSheet": 808.0, "lambertX": 507.6, "lambertY": 460.0, "latitude": 38.73261216, "longitude": -4.75159193, "coordinateAccuracy": 100.0, "locationDataSource": "Converted in QGIS from Lambert coords, Madrid 1870", "locationNotes": null, "notBeforeOpeningDate": null, "notAfterOpeningDate": null, "notBeforeClosingDate": null, "notAfterClosingDate": null, "inUseDate": null, "metalMinedGold": "FALSE", "metalMinedSilver": 1.0, "metalMinedLead": 1.0, "metalMinedCopper": 0.0, "metalMinedTin": 0.0, "metalMinedIron": 0.0, "metalMinedMercuryCinnabar": 0.0, "metalMinedZinc": 0.0, "metalMinedOther": 0.0, "description": null, "references": "Laurent 1975: 61-69; Domergue 1990: 46", "techniqueOpencast": 0.0, "techniqueUnderground": 1.0, "techniqueHydraulic": "FALSE", "techniqueHushing": "FALSE", "techniqueGroundSluicing": "FALSE", "techniqueRuinaMontium": 0.0, "techniqueRakeComb": 0.0, "techniqueGoldWashing": 0.0, "techniqueOther": 0.0, "notes": null, "geology": null, "depositType": null, "exploitationType": null, "Flag_Au_Oro": 0, "Status_Au_Oro": "No", "Flag_Ag_Plata": 1, "Status_Ag_Plata": "Confirmado", "Flag_Cu_Cobre": 0, "Status_Cu_Cobre": "No", "Flag_Pb_Plomo": 1, "Status_Pb_Plomo": "Confirmado", "Flag_Hg_Cinabrio": 0, "Status_Hg_Cinabrio": "No", "Flag_Sn_Estano": 0, "Status_Sn_Estano": "No", "Flag_Fe_Hierro": 0, "Status_Fe_Hierro": "No", "Tech_Ruina_Montium": 0, "Tech_Subterranea": 1, "Tech_Cielo_Abierto": 0, "Tech_Lavado_Placer": 0, "Certainty_Spatial": 1.0, "Certainty_Archaeological": 0.9, "Certainty_Metallogenic": 1.0, "Certainty_Score": 0.965, "Certainty_Grade": "Alta Certeza (Grado I)" }, "geometry": { "type": "Point", "coordinates": [ -4.75159193, 38.73261216 ] } },
{ "type": "Feature", "properties": { "mineID": 1113, "site": "Quinto Rascarroña", "ancientName": null, "province": "Hispania Baetica", "country": "Spain", "region": "Badajoz", "miningDistrict": "La Serena", "romanianRANID": null, "sanchezPalenciaAndOrejasID": null, "domergueID": "BA 30", "spainMapSheet": 806.0, "lambertX": 466.6, "lambertY": 468.6, "latitude": 38.80475582, "longitude": -5.22518723, "coordinateAccuracy": 100.0, "locationDataSource": "Converted in QGIS from Lambert coords, Madrid 1870", "locationNotes": null, "notBeforeOpeningDate": null, "notAfterOpeningDate": null, "notBeforeClosingDate": null, "notAfterClosingDate": null, "inUseDate": null, "metalMinedGold": "FALSE", "metalMinedSilver": 1.0, "metalMinedLead": 1.0, "metalMinedCopper": 0.0, "metalMinedTin": 0.0, "metalMinedIron": 0.0, "metalMinedMercuryCinnabar": 0.0, "metalMinedZinc": 0.0, "metalMinedOther": 0.0, "description": null, "references": "Domergue 1990: 45", "techniqueOpencast": null, "techniqueUnderground": null, "techniqueHydraulic": "FALSE", "techniqueHushing": "FALSE", "techniqueGroundSluicing": "FALSE", "techniqueRuinaMontium": 0.0, "techniqueRakeComb": 0.0, "techniqueGoldWashing": 0.0, "techniqueOther": null, "notes": null, "geology": "Hard rock", "depositType": "Primary", "exploitationType": null, "Flag_Au_Oro": 0, "Status_Au_Oro": "No", "Flag_Ag_Plata": 1, "Status_Ag_Plata": "Confirmado", "Flag_Cu_Cobre": 0, "Status_Cu_Cobre": "No", "Flag_Pb_Plomo": 1, "Status_Pb_Plomo": "Confirmado", "Flag_Hg_Cinabrio": 0, "Status_Hg_Cinabrio": "No", "Flag_Sn_Estano": 0, "Status_Sn_Estano": "No", "Flag_Fe_Hierro": 0, "Status_Fe_Hierro": "No", "Tech_Ruina_Montium": 0, "Tech_Subterranea": 0, "Tech_Cielo_Abierto": 0, "Tech_Lavado_Placer": 0, "Certainty_Spatial": 1.0, "Certainty_Archaeological": 0.9, "Certainty_Metallogenic": 1.0, "Certainty_Score": 0.965, "Certainty_Grade": "Alta Certeza (Grado I)" }, "geometry": { "type": "Point", "coordinates": [ -5.22518723, 38.80475582 ] } },
{ "type": "Feature", "properties": { "mineID": 1117, "site": "Rebelde Julia", "ancientName": null, "province": "Hispania Baetica", "country": "Spain", "region": "Badajoz", "miningDistrict": "La Serena", "romanianRANID": null, "sanchezPalenciaAndOrejasID": null, "domergueID": "BA 35", "spainMapSheet": 805.0, "lambertX": 439.8, "lambertY": 463.5, "latitude": 38.75419376, "longitude": -5.53272272, "coordinateAccuracy": 100.0, "locationDataSource": "Converted in QGIS from Lambert coords, Madrid 1870", "locationNotes": null, "notBeforeOpeningDate": null, "notAfterOpeningDate": null, "notBeforeClosingDate": null, "notAfterClosingDate": null, "inUseDate": null, "metalMinedGold": "FALSE", "metalMinedSilver": 1.0, "metalMinedLead": 1.0, "metalMinedCopper": 0.0, "metalMinedTin": 0.0, "metalMinedIron": 0.0, "metalMinedMercuryCinnabar": 0.0, "metalMinedZinc": 0.0, "metalMinedOther": 0.0, "description": null, "references": "Domergue 1990: 45", "techniqueOpencast": null, "techniqueUnderground": null, "techniqueHydraulic": "FALSE", "techniqueHushing": "FALSE", "techniqueGroundSluicing": "FALSE", "techniqueRuinaMontium": 0.0, "techniqueRakeComb": 0.0, "techniqueGoldWashing": 0.0, "techniqueOther": null, "notes": null, "geology": "Hard rock", "depositType": "Primary", "exploitationType": null, "Flag_Au_Oro": 0, "Status_Au_Oro": "No", "Flag_Ag_Plata": 1, "Status_Ag_Plata": "Confirmado", "Flag_Cu_Cobre": 0, "Status_Cu_Cobre": "No", "Flag_Pb_Plomo": 1, "Status_Pb_Plomo": "Confirmado", "Flag_Hg_Cinabrio": 0, "Status_Hg_Cinabrio": "No", "Flag_Sn_Estano": 0, "Status_Sn_Estano": "No", "Flag_Fe_Hierro": 0, "Status_Fe_Hierro": "No", "Tech_Ruina_Montium": 0, "Tech_Subterranea": 0, "Tech_Cielo_Abierto": 0, "Tech_Lavado_Placer": 0, "Certainty_Spatial": 1.0, "Certainty_Archaeological": 0.9, "Certainty_Metallogenic": 1.0, "Certainty_Score": 0.965, "Certainty_Grade": "Alta Certeza (Grado I)" }, "geometry": { "type": "Point", "coordinates": [ -5.53272272, 38.75419376 ] } },
{ "type": "Feature", "properties": { "mineID": 1118, "site": "Regia", "ancientName": null, "province": "Hispania Tarraconensis", "country": "Spain", "region": "Tarragona", "miningDistrict": null, "romanianRANID": null, "sanchezPalenciaAndOrejasID": null, "domergueID": "T 1", "spainMapSheet": 471.0, "lambertX": 972.0, "lambertY": 738.4, "latitude": 41.1642222, "longitude": 0.750551075, "coordinateAccuracy": 100.0, "locationDataSource": "Converted in QGIS from Lambert coords, Madrid 1870", "locationNotes": "NB Domergue has map number wrong: 471 (not 741) is correct", "notBeforeOpeningDate": null, "notAfterOpeningDate": null, "notBeforeClosingDate": null, "notAfterClosingDate": null, "inUseDate": null, "metalMinedGold": "FALSE", "metalMinedSilver": 0.0, "metalMinedLead": 1.0, "metalMinedCopper": 0.0, "metalMinedTin": 0.0, "metalMinedIron": 0.0, "metalMinedMercuryCinnabar": 0.0, "metalMinedZinc": 0.0, "metalMinedOther": 0.0, "description": null, "references": "Domergue 1990: 64", "techniqueOpencast": null, "techniqueUnderground": null, "techniqueHydraulic": "FALSE", "techniqueHushing": "FALSE", "techniqueGroundSluicing": "FALSE", "techniqueRuinaMontium": 0.0, "techniqueRakeComb": 0.0, "techniqueGoldWashing": 0.0, "techniqueOther": null, "notes": null, "geology": null, "depositType": null, "exploitationType": null, "Flag_Au_Oro": 0, "Status_Au_Oro": "No", "Flag_Ag_Plata": 0, "Status_Ag_Plata": "No", "Flag_Cu_Cobre": 0, "Status_Cu_Cobre": "No", "Flag_Pb_Plomo": 1, "Status_Pb_Plomo": "Confirmado", "Flag_Hg_Cinabrio": 0, "Status_Hg_Cinabrio": "No", "Flag_Sn_Estano": 0, "Status_Sn_Estano": "No", "Flag_Fe_Hierro": 0, "Status_Fe_Hierro": "No", "Tech_Ruina_Montium": 0, "Tech_Subterranea": 0, "Tech_Cielo_Abierto": 0, "Tech_Lavado_Placer": 0, "Certainty_Spatial": 1.0, "Certainty_Archaeological": 0.9, "Certainty_Metallogenic": 1.0, "Certainty_Score": 0.965, "Certainty_Grade": "Alta Certeza (Grado I)" }, "geometry": { "type": "Point", "coordinates": [ 0.750551075, 41.1642222 ] } },
{ "type": "Feature", "properties": { "mineID": 1122, "site": "Reocín", "ancientName": null, "province": "Hispania Tarraconensis", "country": "Spain", "region": "Santander", "miningDistrict": null, "romanianRANID": null, "sanchezPalenciaAndOrejasID": null, "domergueID": "S 1", "spainMapSheet": 34.0, "lambertX": 567.5, "lambertY": 970.6, "latitude": 43.3381496, "longitude": -4.088488287, "coordinateAccuracy": 100.0, "locationDataSource": "Converted in QGIS from Lambert coords, Madrid 1870", "locationNotes": null, "notBeforeOpeningDate": null, "notAfterOpeningDate": null, "notBeforeClosingDate": null, "notAfterClosingDate": null, "inUseDate": null, "metalMinedGold": "FALSE", "metalMinedSilver": 0.0, "metalMinedLead": 1.0, "metalMinedCopper": 0.0, "metalMinedTin": 0.0, "metalMinedIron": 0.0, "metalMinedMercuryCinnabar": 0.0, "metalMinedZinc": 1.0, "metalMinedOther": 0.0, "description": "Calamine also mined here", "references": "Domergue 1990: _x001A_耀", "techniqueOpencast": null, "techniqueUnderground": null, "techniqueHydraulic": "FALSE", "techniqueHushing": "FALSE", "techniqueGroundSluicing": "FALSE", "techniqueRuinaMontium": 0.0, "techniqueRakeComb": 0.0, "techniqueGoldWashing": 0.0, "techniqueOther": null, "notes": null, "geology": null, "depositType": null, "exploitationType": null, "Flag_Au_Oro": 0, "Status_Au_Oro": "No", "Flag_Ag_Plata": 0, "Status_Ag_Plata": "No", "Flag_Cu_Cobre": 0, "Status_Cu_Cobre": "No", "Flag_Pb_Plomo": 1, "Status_Pb_Plomo": "Confirmado", "Flag_Hg_Cinabrio": 0, "Status_Hg_Cinabrio": "No", "Flag_Sn_Estano": 0, "Status_Sn_Estano": "No", "Flag_Fe_Hierro": 0, "Status_Fe_Hierro": "No", "Tech_Ruina_Montium": 0, "Tech_Subterranea": 0, "Tech_Cielo_Abierto": 0, "Tech_Lavado_Placer": 0, "Certainty_Spatial": 1.0, "Certainty_Archaeological": 0.9, "Certainty_Metallogenic": 1.0, "Certainty_Score": 0.965, "Certainty_Grade": "Alta Certeza (Grado I)" }, "geometry": { "type": "Point", "coordinates": [ -4.088488287, 43.3381496 ] } },
{ "type": "Feature", "properties": { "mineID": 1135, "site": "Río Ciurana", "ancientName": null, "province": "Hispania Tarraconensis", "country": "Spain", "region": "Tarragona", "miningDistrict": null, "romanianRANID": null, "sanchezPalenciaAndOrejasID": null, "domergueID": "T 2", "spainMapSheet": 471.0, "lambertX": 969.7, "lambertY": 736.4, "latitude": 41.14724628, "longitude": 0.721974085, "coordinateAccuracy": 100.0, "locationDataSource": "Converted in QGIS from Lambert coords, Madrid 1870", "locationNotes": null, "notBeforeOpeningDate": null, "notAfterOpeningDate": null, "notBeforeClosingDate": null, "notAfterClosingDate": null, "inUseDate": null, "metalMinedGold": "FALSE", "metalMinedSilver": 0.0, "metalMinedLead": 1.0, "metalMinedCopper": 0.0, "metalMinedTin": 0.0, "metalMinedIron": 0.0, "metalMinedMercuryCinnabar": 0.0, "metalMinedZinc": 0.0, "metalMinedOther": 0.0, "description": null, "references": "Domergue 1990: 64", "techniqueOpencast": 0.0, "techniqueUnderground": 1.0, "techniqueHydraulic": "FALSE", "techniqueHushing": "FALSE", "techniqueGroundSluicing": "FALSE", "techniqueRuinaMontium": 0.0, "techniqueRakeComb": 0.0, "techniqueGoldWashing": 0.0, "techniqueOther": 0.0, "notes": null, "geology": null, "depositType": null, "exploitationType": null, "Flag_Au_Oro": 0, "Status_Au_Oro": "No", "Flag_Ag_Plata": 0, "Status_Ag_Plata": "No", "Flag_Cu_Cobre": 0, "Status_Cu_Cobre": "No", "Flag_Pb_Plomo": 1, "Status_Pb_Plomo": "Confirmado", "Flag_Hg_Cinabrio": 0, "Status_Hg_Cinabrio": "No", "Flag_Sn_Estano": 0, "Status_Sn_Estano": "No", "Flag_Fe_Hierro": 0, "Status_Fe_Hierro": "No", "Tech_Ruina_Montium": 0, "Tech_Subterranea": 1, "Tech_Cielo_Abierto": 0, "Tech_Lavado_Placer": 0, "Certainty_Spatial": 1.0, "Certainty_Archaeological": 0.9, "Certainty_Metallogenic": 1.0, "Certainty_Score": 0.965, "Certainty_Grade": "Alta Certeza (Grado I)" }, "geometry": { "type": "Point", "coordinates": [ 0.721974085, 41.14724628 ] } },
{ "type": "Feature", "properties": { "mineID": 1136, "site": "Río Corumbel", "ancientName": null, "province": "Hispania Baetica", "country": "Spain", "region": "Huelva", "miningDistrict": "Huelva", "romanianRANID": null, "sanchezPalenciaAndOrejasID": null, "domergueID": "H 36", "spainMapSheet": 983.0, "lambertX": 353.5, "lambertY": 322.1, "latitude": 37.45968507, "longitude": -6.47506987, "coordinateAccuracy": 100.0, "locationDataSource": "Converted in QGIS from Lambert coords, Madrid 1870", "locationNotes": null, "notBeforeOpeningDate": null, "notAfterOpeningDate": null, "notBeforeClosingDate": null, "notAfterClosingDate": null, "inUseDate": null, "metalMinedGold": "FALSE", "metalMinedSilver": 1.0, "metalMinedLead": 1.0, "metalMinedCopper": 1.0, "metalMinedTin": 0.0, "metalMinedIron": 0.0, "metalMinedMercuryCinnabar": 0.0, "metalMinedZinc": 0.0, "metalMinedOther": 0.0, "description": null, "references": "Domergue 1990: 62", "techniqueOpencast": 0.0, "techniqueUnderground": 1.0, "techniqueHydraulic": "FALSE", "techniqueHushing": "FALSE", "techniqueGroundSluicing": "FALSE", "techniqueRuinaMontium": 0.0, "techniqueRakeComb": 0.0, "techniqueGoldWashing": 0.0, "techniqueOther": 0.0, "notes": null, "geology": "Hard rock", "depositType": "Primary", "exploitationType": null, "Flag_Au_Oro": 0, "Status_Au_Oro": "No", "Flag_Ag_Plata": 1, "Status_Ag_Plata": "Confirmado", "Flag_Cu_Cobre": 1, "Status_Cu_Cobre": "Confirmado", "Flag_Pb_Plomo": 1, "Status_Pb_Plomo": "Confirmado", "Flag_Hg_Cinabrio": 0, "Status_Hg_Cinabrio": "No", "Flag_Sn_Estano": 0, "Status_Sn_Estano": "No", "Flag_Fe_Hierro": 0, "Status_Fe_Hierro": "No", "Tech_Ruina_Montium": 0, "Tech_Subterranea": 1, "Tech_Cielo_Abierto": 0, "Tech_Lavado_Placer": 0, "Certainty_Spatial": 1.0, "Certainty_Archaeological": 0.9, "Certainty_Metallogenic": 1.0, "Certainty_Score": 0.965, "Certainty_Grade": "Alta Certeza (Grado I)" }, "geometry": { "type": "Point", "coordinates": [ -6.47506987, 37.45968507 ] } },
{ "type": "Feature", "properties": { "mineID": 1139, "site": "Río de Ojén", "ancientName": null, "province": "Hispania Tarraconensis", "country": "Spain", "region": "Madrid", "miningDistrict": null, "romanianRANID": null, "sanchezPalenciaAndOrejasID": null, "domergueID": "MA 1", "spainMapSheet": 1066.0, "lambertX": 501.0, "lambertY": 217.5, "latitude": 36.54648941, "longitude": -4.792955069, "coordinateAccuracy": 100.0, "locationDataSource": "Converted in QGIS from Lambert coords, Madrid 1870", "locationNotes": null, "notBeforeOpeningDate": null, "notAfterOpeningDate": null, "notBeforeClosingDate": null, "notAfterClosingDate": null, "inUseDate": null, "metalMinedGold": "FALSE", "metalMinedSilver": 1.0, "metalMinedLead": 1.0, "metalMinedCopper": 0.0, "metalMinedTin": 0.0, "metalMinedIron": 0.0, "metalMinedMercuryCinnabar": 0.0, "metalMinedZinc": 0.0, "metalMinedOther": 0.0, "description": null, "references": "Domergue 1990: 64", "techniqueOpencast": 0.0, "techniqueUnderground": 1.0, "techniqueHydraulic": "FALSE", "techniqueHushing": "FALSE", "techniqueGroundSluicing": "FALSE", "techniqueRuinaMontium": 0.0, "techniqueRakeComb": 0.0, "techniqueGoldWashing": 0.0, "techniqueOther": 0.0, "notes": null, "geology": null, "depositType": null, "exploitationType": null, "Flag_Au_Oro": 0, "Status_Au_Oro": "No", "Flag_Ag_Plata": 1, "Status_Ag_Plata": "Confirmado", "Flag_Cu_Cobre": 0, "Status_Cu_Cobre": "No", "Flag_Pb_Plomo": 1, "Status_Pb_Plomo": "Confirmado", "Flag_Hg_Cinabrio": 0, "Status_Hg_Cinabrio": "No", "Flag_Sn_Estano": 0, "Status_Sn_Estano": "No", "Flag_Fe_Hierro": 0, "Status_Fe_Hierro": "No", "Tech_Ruina_Montium": 0, "Tech_Subterranea": 1, "Tech_Cielo_Abierto": 0, "Tech_Lavado_Placer": 0, "Certainty_Spatial": 1.0, "Certainty_Archaeological": 0.9, "Certainty_Metallogenic": 1.0, "Certainty_Score": 0.965, "Certainty_Grade": "Alta Certeza (Grado I)" }, "geometry": { "type": "Point", "coordinates": [ -4.792955069, 36.54648941 ] } },
{ "type": "Feature", "properties": { "mineID": 1237, "site": "Río Valmayor", "ancientName": null, "province": "Hispania Tarraconensis", "country": "Spain", "region": "Ciudad Real", "miningDistrict": "Alcudia", "romanianRANID": null, "sanchezPalenciaAndOrejasID": null, "domergueID": "CR 34", "spainMapSheet": 861.0, "lambertX": 557.6, "lambertY": 423.4, "latitude": 38.40653916, "longitude": -4.1737441, "coordinateAccuracy": 100.0, "locationDataSource": "Converted in QGIS from Lambert coords, Madrid 1870", "locationNotes": null, "notBeforeOpeningDate": null, "notAfterOpeningDate": null, "notBeforeClosingDate": null, "notAfterClosingDate": null, "inUseDate": null, "metalMinedGold": "FALSE", "metalMinedSilver": 1.0, "metalMinedLead": 1.0, "metalMinedCopper": 0.0, "metalMinedTin": 0.0, "metalMinedIron": 0.0, "metalMinedMercuryCinnabar": 0.0, "metalMinedZinc": 0.0, "metalMinedOther": 0.0, "description": null, "references": "Domergue 1990: 46", "techniqueOpencast": 0.0, "techniqueUnderground": 1.0, "techniqueHydraulic": "FALSE", "techniqueHushing": "FALSE", "techniqueGroundSluicing": "FALSE", "techniqueRuinaMontium": 0.0, "techniqueRakeComb": 0.0, "techniqueGoldWashing": 0.0, "techniqueOther": 0.0, "notes": null, "geology": null, "depositType": null, "exploitationType": null, "Flag_Au_Oro": 0, "Status_Au_Oro": "No", "Flag_Ag_Plata": 1, "Status_Ag_Plata": "Confirmado", "Flag_Cu_Cobre": 0, "Status_Cu_Cobre": "No", "Flag_Pb_Plomo": 1, "Status_Pb_Plomo": "Confirmado", "Flag_Hg_Cinabrio": 0, "Status_Hg_Cinabrio": "No", "Flag_Sn_Estano": 0, "Status_Sn_Estano": "No", "Flag_Fe_Hierro": 0, "Status_Fe_Hierro": "No", "Tech_Ruina_Montium": 0, "Tech_Subterranea": 1, "Tech_Cielo_Abierto": 0, "Tech_Lavado_Placer": 0, "Certainty_Spatial": 1.0, "Certainty_Archaeological": 0.9, "Certainty_Metallogenic": 1.0, "Certainty_Score": 0.965, "Certainty_Grade": "Alta Certeza (Grado I)" }, "geometry": { "type": "Point", "coordinates": [ -4.1737441, 38.40653916 ] } },
{ "type": "Feature", "properties": { "mineID": 1239, "site": "Riodeporcos", "ancientName": null, "province": "Hispania Tarraconensis", "country": "Spain", "region": "Oviedo", "miningDistrict": "Cuenca del Navia", "romanianRANID": null, "sanchezPalenciaAndOrejasID": null, "domergueID": "O 14", "spainMapSheet": 74.0, "lambertX": 335.0, "lambertY": 946.0, "latitude": 43.07394556, "longitude": -6.941462001, "coordinateAccuracy": 100.0, "locationDataSource": "Converted in QGIS from Lambert coords, Madrid 1870", "locationNotes": null, "notBeforeOpeningDate": null, "notAfterOpeningDate": null, "notBeforeClosingDate": null, "notAfterClosingDate": null, "inUseDate": null, "metalMinedGold": "FALSE", "metalMinedSilver": 1.0, "metalMinedLead": 1.0, "metalMinedCopper": 0.0, "metalMinedTin": 0.0, "metalMinedIron": 0.0, "metalMinedMercuryCinnabar": 0.0, "metalMinedZinc": 0.0, "metalMinedOther": 0.0, "description": null, "references": "Domergue 1990: 42", "techniqueOpencast": null, "techniqueUnderground": null, "techniqueHydraulic": "FALSE", "techniqueHushing": "FALSE", "techniqueGroundSluicing": "FALSE", "techniqueRuinaMontium": 0.0, "techniqueRakeComb": 0.0, "techniqueGoldWashing": 0.0, "techniqueOther": null, "notes": null, "geology": "Hard rock", "depositType": null, "exploitationType": null, "Flag_Au_Oro": 0, "Status_Au_Oro": "No", "Flag_Ag_Plata": 1, "Status_Ag_Plata": "Confirmado", "Flag_Cu_Cobre": 0, "Status_Cu_Cobre": "No", "Flag_Pb_Plomo": 1, "Status_Pb_Plomo": "Confirmado", "Flag_Hg_Cinabrio": 0, "Status_Hg_Cinabrio": "No", "Flag_Sn_Estano": 0, "Status_Sn_Estano": "No", "Flag_Fe_Hierro": 0, "Status_Fe_Hierro": "No", "Tech_Ruina_Montium": 0, "Tech_Subterranea": 0, "Tech_Cielo_Abierto": 0, "Tech_Lavado_Placer": 0, "Certainty_Spatial": 1.0, "Certainty_Archaeological": 0.9, "Certainty_Metallogenic": 1.0, "Certainty_Score": 0.965, "Certainty_Grade": "Alta Certeza (Grado I)" }, "geometry": { "type": "Point", "coordinates": [ -6.941462001, 43.07394556 ] } },
{ "type": "Feature", "properties": { "mineID": 1250, "site": "Romanilla", "ancientName": null, "province": "Hispania Tarraconensis", "country": "Spain", "region": "Ciudad Real", "miningDistrict": "Alcudia", "romanianRANID": null, "sanchezPalenciaAndOrejasID": null, "domergueID": "CR 22", "spainMapSheet": 835.0, "lambertX": 544.6, "lambertY": 446.2, "latitude": 38.61136908, "longitude": -4.32455507, "coordinateAccuracy": 100.0, "locationDataSource": "Converted in QGIS from Lambert coords, Madrid 1870", "locationNotes": null, "notBeforeOpeningDate": null, "notAfterOpeningDate": null, "notBeforeClosingDate": null, "notAfterClosingDate": null, "inUseDate": null, "metalMinedGold": "FALSE", "metalMinedSilver": 1.0, "metalMinedLead": 1.0, "metalMinedCopper": 0.0, "metalMinedTin": 0.0, "metalMinedIron": 0.0, "metalMinedMercuryCinnabar": 0.0, "metalMinedZinc": 0.0, "metalMinedOther": 0.0, "description": null, "references": "Domergue 1990: 46", "techniqueOpencast": 0.0, "techniqueUnderground": 1.0, "techniqueHydraulic": "FALSE", "techniqueHushing": "FALSE", "techniqueGroundSluicing": "FALSE", "techniqueRuinaMontium": 0.0, "techniqueRakeComb": 0.0, "techniqueGoldWashing": 0.0, "techniqueOther": 0.0, "notes": null, "geology": null, "depositType": null, "exploitationType": null, "Flag_Au_Oro": 0, "Status_Au_Oro": "No", "Flag_Ag_Plata": 1, "Status_Ag_Plata": "Confirmado", "Flag_Cu_Cobre": 0, "Status_Cu_Cobre": "No", "Flag_Pb_Plomo": 1, "Status_Pb_Plomo": "Confirmado", "Flag_Hg_Cinabrio": 0, "Status_Hg_Cinabrio": "No", "Flag_Sn_Estano": 0, "Status_Sn_Estano": "No", "Flag_Fe_Hierro": 0, "Status_Fe_Hierro": "No", "Tech_Ruina_Montium": 0, "Tech_Subterranea": 1, "Tech_Cielo_Abierto": 0, "Tech_Lavado_Placer": 0, "Certainty_Spatial": 1.0, "Certainty_Archaeological": 0.9, "Certainty_Metallogenic": 1.0, "Certainty_Score": 0.965, "Certainty_Grade": "Alta Certeza (Grado I)" }, "geometry": { "type": "Point", "coordinates": [ -4.32455507, 38.61136908 ] } },
{ "type": "Feature", "properties": { "mineID": 1252, "site": "Rosalía", "ancientName": null, "province": "Hispania Baetica", "country": "Spain", "region": "Córdoba", "miningDistrict": "Azuaga-Fuenteovejuna", "romanianRANID": null, "sanchezPalenciaAndOrejasID": null, "domergueID": "CO 53", "spainMapSheet": 879.0, "lambertX": 454.5, "lambertY": 407.8, "latitude": 38.25469231, "longitude": -5.35151691, "coordinateAccuracy": 100.0, "locationDataSource": "Converted in QGIS from Lambert coords, Madrid 1870", "locationNotes": null, "notBeforeOpeningDate": null, "notAfterOpeningDate": null, "notBeforeClosingDate": null, "notAfterClosingDate": null, "inUseDate": null, "metalMinedGold": "FALSE", "metalMinedSilver": 1.0, "metalMinedLead": 1.0, "metalMinedCopper": 0.0, "metalMinedTin": 0.0, "metalMinedIron": 0.0, "metalMinedMercuryCinnabar": 0.0, "metalMinedZinc": 0.0, "metalMinedOther": 0.0, "description": null, "references": "Domergue 1990: 46", "techniqueOpencast": 0.0, "techniqueUnderground": 1.0, "techniqueHydraulic": "FALSE", "techniqueHushing": "FALSE", "techniqueGroundSluicing": "FALSE", "techniqueRuinaMontium": 0.0, "techniqueRakeComb": 0.0, "techniqueGoldWashing": 0.0, "techniqueOther": 0.0, "notes": null, "geology": "Hard rock", "depositType": "Primary", "exploitationType": null, "Flag_Au_Oro": 0, "Status_Au_Oro": "No", "Flag_Ag_Plata": 1, "Status_Ag_Plata": "Confirmado", "Flag_Cu_Cobre": 0, "Status_Cu_Cobre": "No", "Flag_Pb_Plomo": 1, "Status_Pb_Plomo": "Confirmado", "Flag_Hg_Cinabrio": 0, "Status_Hg_Cinabrio": "No", "Flag_Sn_Estano": 0, "Status_Sn_Estano": "No", "Flag_Fe_Hierro": 0, "Status_Fe_Hierro": "No", "Tech_Ruina_Montium": 0, "Tech_Subterranea": 1, "Tech_Cielo_Abierto": 0, "Tech_Lavado_Placer": 0, "Certainty_Spatial": 1.0, "Certainty_Archaeological": 0.9, "Certainty_Metallogenic": 1.0, "Certainty_Score": 0.965, "Certainty_Grade": "Alta Certeza (Grado I)" }, "geometry": { "type": "Point", "coordinates": [ -5.35151691, 38.25469231 ] } },
{ "type": "Feature", "properties": { "mineID": 1257, "site": "Salto del Burro", "ancientName": null, "province": "Hispania Baetica", "country": "Spain", "region": "Badajoz", "miningDistrict": "Azuaga-Fuenteovejuna", "romanianRANID": null, "sanchezPalenciaAndOrejasID": null, "domergueID": "BA 14", "spainMapSheet": 878.0, "lambertX": 430.3, "lambertY": 402.9, "latitude": 38.20611661, "longitude": -5.62690863, "coordinateAccuracy": 100.0, "locationDataSource": "Converted in QGIS from Lambert coords, Madrid 1870", "locationNotes": null, "notBeforeOpeningDate": null, "notAfterOpeningDate": null, "notBeforeClosingDate": null, "notAfterClosingDate": null, "inUseDate": null, "metalMinedGold": "FALSE", "metalMinedSilver": 1.0, "metalMinedLead": 1.0, "metalMinedCopper": 0.0, "metalMinedTin": 0.0, "metalMinedIron": 0.0, "metalMinedMercuryCinnabar": 0.0, "metalMinedZinc": 0.0, "metalMinedOther": 0.0, "description": null, "references": "Domergue 1990: 46", "techniqueOpencast": 0.0, "techniqueUnderground": 1.0, "techniqueHydraulic": "FALSE", "techniqueHushing": "FALSE", "techniqueGroundSluicing": "FALSE", "techniqueRuinaMontium": 0.0, "techniqueRakeComb": 0.0, "techniqueGoldWashing": 0.0, "techniqueOther": 0.0, "notes": null, "geology": "Hard rock", "depositType": "Primary", "exploitationType": null, "Flag_Au_Oro": 0, "Status_Au_Oro": "No", "Flag_Ag_Plata": 1, "Status_Ag_Plata": "Confirmado", "Flag_Cu_Cobre": 0, "Status_Cu_Cobre": "No", "Flag_Pb_Plomo": 1, "Status_Pb_Plomo": "Confirmado", "Flag_Hg_Cinabrio": 0, "Status_Hg_Cinabrio": "No", "Flag_Sn_Estano": 0, "Status_Sn_Estano": "No", "Flag_Fe_Hierro": 0, "Status_Fe_Hierro": "No", "Tech_Ruina_Montium": 0, "Tech_Subterranea": 1, "Tech_Cielo_Abierto": 0, "Tech_Lavado_Placer": 0, "Certainty_Spatial": 1.0, "Certainty_Archaeological": 0.9, "Certainty_Metallogenic": 1.0, "Certainty_Score": 0.965, "Certainty_Grade": "Alta Certeza (Grado I)" }, "geometry": { "type": "Point", "coordinates": [ -5.62690863, 38.20611661 ] } },
{ "type": "Feature", "properties": { "mineID": 1266, "site": "San Gabriel", "ancientName": null, "province": "Hispania Tarraconensis", "country": "Spain", "region": "Jaén", "miningDistrict": "Linares - La Carolina", "romanianRANID": null, "sanchezPalenciaAndOrejasID": null, "domergueID": "J 30", "spainMapSheet": 884.0, "lambertX": 611.5, "lambertY": 413.4, "latitude": 38.31734513, "longitude": -3.55634363, "coordinateAccuracy": 100.0, "locationDataSource": "Converted in QGIS from Lambert coords, Madrid 1870", "locationNotes": null, "notBeforeOpeningDate": null, "notAfterOpeningDate": null, "notBeforeClosingDate": null, "notAfterClosingDate": null, "inUseDate": null, "metalMinedGold": "FALSE", "metalMinedSilver": 1.0, "metalMinedLead": 1.0, "metalMinedCopper": 0.0, "metalMinedTin": 0.0, "metalMinedIron": 0.0, "metalMinedMercuryCinnabar": 0.0, "metalMinedZinc": 0.0, "metalMinedOther": 0.0, "description": null, "references": "Domergue 1990: 45", "techniqueOpencast": 0.0, "techniqueUnderground": 1.0, "techniqueHydraulic": "FALSE", "techniqueHushing": "FALSE", "techniqueGroundSluicing": "FALSE", "techniqueRuinaMontium": 0.0, "techniqueRakeComb": 0.0, "techniqueGoldWashing": 0.0, "techniqueOther": 0.0, "notes": null, "geology": "Hard rock", "depositType": null, "exploitationType": null, "Flag_Au_Oro": 0, "Status_Au_Oro": "No", "Flag_Ag_Plata": 1, "Status_Ag_Plata": "Confirmado", "Flag_Cu_Cobre": 0, "Status_Cu_Cobre": "No", "Flag_Pb_Plomo": 1, "Status_Pb_Plomo": "Confirmado", "Flag_Hg_Cinabrio": 0, "Status_Hg_Cinabrio": "No", "Flag_Sn_Estano": 0, "Status_Sn_Estano": "No", "Flag_Fe_Hierro": 0, "Status_Fe_Hierro": "No", "Tech_Ruina_Montium": 0, "Tech_Subterranea": 1, "Tech_Cielo_Abierto": 0, "Tech_Lavado_Placer": 0, "Certainty_Spatial": 1.0, "Certainty_Archaeological": 0.9, "Certainty_Metallogenic": 1.0, "Certainty_Score": 0.965, "Certainty_Grade": "Alta Certeza (Grado I)" }, "geometry": { "type": "Point", "coordinates": [ -3.55634363, 38.31734513 ] } },
{ "type": "Feature", "properties": { "mineID": 1267, "site": "San Juan Bautista", "ancientName": null, "province": "Hispania Tarraconensis", "country": "Spain", "region": "Ciudad Real", "miningDistrict": "Alcudia", "romanianRANID": null, "sanchezPalenciaAndOrejasID": null, "domergueID": "CR 15", "spainMapSheet": 835.0, "lambertX": 532.0, "lambertY": 446.0, "latitude": 38.60866219, "longitude": -4.46931815, "coordinateAccuracy": 100.0, "locationDataSource": "Converted in QGIS from Lambert coords, Madrid 1870", "locationNotes": null, "notBeforeOpeningDate": null, "notAfterOpeningDate": null, "notBeforeClosingDate": null, "notAfterClosingDate": null, "inUseDate": null, "metalMinedGold": "FALSE", "metalMinedSilver": 1.0, "metalMinedLead": 1.0, "metalMinedCopper": 0.0, "metalMinedTin": 0.0, "metalMinedIron": 0.0, "metalMinedMercuryCinnabar": 0.0, "metalMinedZinc": 0.0, "metalMinedOther": 0.0, "description": null, "references": "Domergue 1990: 46", "techniqueOpencast": null, "techniqueUnderground": null, "techniqueHydraulic": "FALSE", "techniqueHushing": "FALSE", "techniqueGroundSluicing": "FALSE", "techniqueRuinaMontium": 0.0, "techniqueRakeComb": 0.0, "techniqueGoldWashing": 0.0, "techniqueOther": null, "notes": null, "geology": null, "depositType": null, "exploitationType": null, "Flag_Au_Oro": 0, "Status_Au_Oro": "No", "Flag_Ag_Plata": 1, "Status_Ag_Plata": "Confirmado", "Flag_Cu_Cobre": 0, "Status_Cu_Cobre": "No", "Flag_Pb_Plomo": 1, "Status_Pb_Plomo": "Confirmado", "Flag_Hg_Cinabrio": 0, "Status_Hg_Cinabrio": "No", "Flag_Sn_Estano": 0, "Status_Sn_Estano": "No", "Flag_Fe_Hierro": 0, "Status_Fe_Hierro": "No", "Tech_Ruina_Montium": 0, "Tech_Subterranea": 0, "Tech_Cielo_Abierto": 0, "Tech_Lavado_Placer": 0, "Certainty_Spatial": 1.0, "Certainty_Archaeological": 0.9, "Certainty_Metallogenic": 1.0, "Certainty_Score": 0.965, "Certainty_Grade": "Alta Certeza (Grado I)" }, "geometry": { "type": "Point", "coordinates": [ -4.46931815, 38.60866219 ] } },
{ "type": "Feature", "properties": { "mineID": 1268, "site": "San Marcos", "ancientName": null, "province": "Hispania Tarraconensis", "country": "Spain", "region": "Ciudad Real", "miningDistrict": "Alcudia", "romanianRANID": null, "sanchezPalenciaAndOrejasID": null, "domergueID": "CR 17", "spainMapSheet": 835.0, "lambertX": 530.4, "lambertY": 448.5, "latitude": 38.63107476, "longitude": -4.4879604, "coordinateAccuracy": 100.0, "locationDataSource": "Converted in QGIS from Lambert coords, Madrid 1870", "locationNotes": null, "notBeforeOpeningDate": null, "notAfterOpeningDate": null, "notBeforeClosingDate": null, "notAfterClosingDate": null, "inUseDate": null, "metalMinedGold": "FALSE", "metalMinedSilver": 1.0, "metalMinedLead": 1.0, "metalMinedCopper": 0.0, "metalMinedTin": 0.0, "metalMinedIron": 0.0, "metalMinedMercuryCinnabar": 0.0, "metalMinedZinc": 0.0, "metalMinedOther": 0.0, "description": null, "references": "Domergue 1990: 46", "techniqueOpencast": 0.0, "techniqueUnderground": 1.0, "techniqueHydraulic": "FALSE", "techniqueHushing": "FALSE", "techniqueGroundSluicing": "FALSE", "techniqueRuinaMontium": 0.0, "techniqueRakeComb": 0.0, "techniqueGoldWashing": 0.0, "techniqueOther": 0.0, "notes": null, "geology": null, "depositType": null, "exploitationType": null, "Flag_Au_Oro": 0, "Status_Au_Oro": "No", "Flag_Ag_Plata": 1, "Status_Ag_Plata": "Confirmado", "Flag_Cu_Cobre": 0, "Status_Cu_Cobre": "No", "Flag_Pb_Plomo": 1, "Status_Pb_Plomo": "Confirmado", "Flag_Hg_Cinabrio": 0, "Status_Hg_Cinabrio": "No", "Flag_Sn_Estano": 0, "Status_Sn_Estano": "No", "Flag_Fe_Hierro": 0, "Status_Fe_Hierro": "No", "Tech_Ruina_Montium": 0, "Tech_Subterranea": 1, "Tech_Cielo_Abierto": 0, "Tech_Lavado_Placer": 0, "Certainty_Spatial": 1.0, "Certainty_Archaeological": 0.9, "Certainty_Metallogenic": 1.0, "Certainty_Score": 0.965, "Certainty_Grade": "Alta Certeza (Grado I)" }, "geometry": { "type": "Point", "coordinates": [ -4.4879604, 38.63107476 ] } },
{ "type": "Feature", "properties": { "mineID": 1275, "site": "San Quintín", "ancientName": null, "province": "Hispania Tarraconensis", "country": "Spain", "region": "Ciudad Real", "miningDistrict": "Alcudia", "romanianRANID": null, "sanchezPalenciaAndOrejasID": null, "domergueID": "CR 43", "spainMapSheet": 809.0, "lambertX": 547.8, "lambertY": 468.7, "latitude": 38.81444168, "longitude": -4.28952914, "coordinateAccuracy": 100.0, "locationDataSource": "Converted in QGIS from Lambert coords, Madrid 1870", "locationNotes": null, "notBeforeOpeningDate": null, "notAfterOpeningDate": null, "notBeforeClosingDate": null, "notAfterClosingDate": null, "inUseDate": null, "metalMinedGold": "FALSE", "metalMinedSilver": 1.0, "metalMinedLead": 1.0, "metalMinedCopper": 0.0, "metalMinedTin": 0.0, "metalMinedIron": 0.0, "metalMinedMercuryCinnabar": 0.0, "metalMinedZinc": 0.0, "metalMinedOther": 0.0, "description": null, "references": "Domergue 1990: 46", "techniqueOpencast": 0.0, "techniqueUnderground": 1.0, "techniqueHydraulic": "FALSE", "techniqueHushing": "FALSE", "techniqueGroundSluicing": "FALSE", "techniqueRuinaMontium": 0.0, "techniqueRakeComb": 0.0, "techniqueGoldWashing": 0.0, "techniqueOther": 0.0, "notes": null, "geology": null, "depositType": null, "exploitationType": null, "Flag_Au_Oro": 0, "Status_Au_Oro": "No", "Flag_Ag_Plata": 1, "Status_Ag_Plata": "Confirmado", "Flag_Cu_Cobre": 0, "Status_Cu_Cobre": "No", "Flag_Pb_Plomo": 1, "Status_Pb_Plomo": "Confirmado", "Flag_Hg_Cinabrio": 0, "Status_Hg_Cinabrio": "No", "Flag_Sn_Estano": 0, "Status_Sn_Estano": "No", "Flag_Fe_Hierro": 0, "Status_Fe_Hierro": "No", "Tech_Ruina_Montium": 0, "Tech_Subterranea": 1, "Tech_Cielo_Abierto": 0, "Tech_Lavado_Placer": 0, "Certainty_Spatial": 1.0, "Certainty_Archaeological": 0.9, "Certainty_Metallogenic": 1.0, "Certainty_Score": 0.965, "Certainty_Grade": "Alta Certeza (Grado I)" }, "geometry": { "type": "Point", "coordinates": [ -4.28952914, 38.81444168 ] } },
{ "type": "Feature", "properties": { "mineID": 1276, "site": "San Rafael", "ancientName": null, "province": "Hispania Baetica", "country": "Spain", "region": "Badajoz", "miningDistrict": "Azuaga-Fuenteovejuna", "romanianRANID": null, "sanchezPalenciaAndOrejasID": null, "domergueID": "BA 22", "spainMapSheet": 878.0, "lambertX": 433.0, "lambertY": 405.5, "latitude": 38.23007674, "longitude": -5.59670435, "coordinateAccuracy": 100.0, "locationDataSource": "Converted in QGIS from Lambert coords, Madrid 1870", "locationNotes": null, "notBeforeOpeningDate": null, "notAfterOpeningDate": null, "notBeforeClosingDate": null, "notAfterClosingDate": null, "inUseDate": null, "metalMinedGold": "FALSE", "metalMinedSilver": 1.0, "metalMinedLead": 1.0, "metalMinedCopper": 0.0, "metalMinedTin": 0.0, "metalMinedIron": 0.0, "metalMinedMercuryCinnabar": 0.0, "metalMinedZinc": 0.0, "metalMinedOther": 0.0, "description": null, "references": "Domergue 1990: 46", "techniqueOpencast": 0.0, "techniqueUnderground": 1.0, "techniqueHydraulic": "FALSE", "techniqueHushing": "FALSE", "techniqueGroundSluicing": "FALSE", "techniqueRuinaMontium": 0.0, "techniqueRakeComb": 0.0, "techniqueGoldWashing": 0.0, "techniqueOther": 0.0, "notes": null, "geology": "Hard rock", "depositType": "Primary", "exploitationType": null, "Flag_Au_Oro": 0, "Status_Au_Oro": "No", "Flag_Ag_Plata": 1, "Status_Ag_Plata": "Confirmado", "Flag_Cu_Cobre": 0, "Status_Cu_Cobre": "No", "Flag_Pb_Plomo": 1, "Status_Pb_Plomo": "Confirmado", "Flag_Hg_Cinabrio": 0, "Status_Hg_Cinabrio": "No", "Flag_Sn_Estano": 0, "Status_Sn_Estano": "No", "Flag_Fe_Hierro": 0, "Status_Fe_Hierro": "No", "Tech_Ruina_Montium": 0, "Tech_Subterranea": 1, "Tech_Cielo_Abierto": 0, "Tech_Lavado_Placer": 0, "Certainty_Spatial": 1.0, "Certainty_Archaeological": 0.9, "Certainty_Metallogenic": 1.0, "Certainty_Score": 0.965, "Certainty_Grade": "Alta Certeza (Grado I)" }, "geometry": { "type": "Point", "coordinates": [ -5.59670435, 38.23007674 ] } },
{ "type": "Feature", "properties": { "mineID": 1277, "site": "San Roque", "ancientName": null, "province": "Hispania Tarraconensis", "country": "Spain", "region": "Jaén", "miningDistrict": "Linares - La Carolina", "romanianRANID": null, "sanchezPalenciaAndOrejasID": null, "domergueID": "J 21", "spainMapSheet": 905.0, "lambertX": 602.95, "lambertY": 393.8, "latitude": 38.14071256, "longitude": -3.65426655, "coordinateAccuracy": 100.0, "locationDataSource": "Converted in QGIS from Lambert coords, Madrid 1870", "locationNotes": null, "notBeforeOpeningDate": null, "notAfterOpeningDate": null, "notBeforeClosingDate": null, "notAfterClosingDate": null, "inUseDate": null, "metalMinedGold": "FALSE", "metalMinedSilver": 1.0, "metalMinedLead": 1.0, "metalMinedCopper": 0.0, "metalMinedTin": 0.0, "metalMinedIron": 0.0, "metalMinedMercuryCinnabar": 0.0, "metalMinedZinc": 0.0, "metalMinedOther": 0.0, "description": null, "references": "Domergue 1990: 45", "techniqueOpencast": 0.0, "techniqueUnderground": 1.0, "techniqueHydraulic": "FALSE", "techniqueHushing": "FALSE", "techniqueGroundSluicing": "FALSE", "techniqueRuinaMontium": 0.0, "techniqueRakeComb": 0.0, "techniqueGoldWashing": 0.0, "techniqueOther": 0.0, "notes": null, "geology": "Hard rock", "depositType": null, "exploitationType": null, "Flag_Au_Oro": 0, "Status_Au_Oro": "No", "Flag_Ag_Plata": 1, "Status_Ag_Plata": "Confirmado", "Flag_Cu_Cobre": 0, "Status_Cu_Cobre": "No", "Flag_Pb_Plomo": 1, "Status_Pb_Plomo": "Confirmado", "Flag_Hg_Cinabrio": 0, "Status_Hg_Cinabrio": "No", "Flag_Sn_Estano": 0, "Status_Sn_Estano": "No", "Flag_Fe_Hierro": 0, "Status_Fe_Hierro": "No", "Tech_Ruina_Montium": 0, "Tech_Subterranea": 1, "Tech_Cielo_Abierto": 0, "Tech_Lavado_Placer": 0, "Certainty_Spatial": 1.0, "Certainty_Archaeological": 0.9, "Certainty_Metallogenic": 1.0, "Certainty_Score": 0.965, "Certainty_Grade": "Alta Certeza (Grado I)" }, "geometry": { "type": "Point", "coordinates": [ -3.65426655, 38.14071256 ] } },
{ "type": "Feature", "properties": { "mineID": 1279, "site": "San Serafín", "ancientName": null, "province": "Hispania Tarraconensis", "country": "Spain", "region": "Ciudad Real", "miningDistrict": "Alcudia", "romanianRANID": null, "sanchezPalenciaAndOrejasID": null, "domergueID": "CR 24", "spainMapSheet": 860.0, "lambertX": 532.0, "lambertY": 431.7, "latitude": 38.47973262, "longitude": -4.4678804, "coordinateAccuracy": 100.0, "locationDataSource": "Converted in QGIS from Lambert coords, Madrid 1870", "locationNotes": null, "notBeforeOpeningDate": null, "notAfterOpeningDate": null, "notBeforeClosingDate": null, "notAfterClosingDate": null, "inUseDate": null, "metalMinedGold": "FALSE", "metalMinedSilver": 1.0, "metalMinedLead": 1.0, "metalMinedCopper": 1.0, "metalMinedTin": 0.0, "metalMinedIron": 0.0, "metalMinedMercuryCinnabar": 0.0, "metalMinedZinc": 0.0, "metalMinedOther": 0.0, "description": null, "references": "Domergue 1990: 46", "techniqueOpencast": 0.0, "techniqueUnderground": 1.0, "techniqueHydraulic": "FALSE", "techniqueHushing": "FALSE", "techniqueGroundSluicing": "FALSE", "techniqueRuinaMontium": 0.0, "techniqueRakeComb": 0.0, "techniqueGoldWashing": 0.0, "techniqueOther": 0.0, "notes": null, "geology": null, "depositType": null, "exploitationType": null, "Flag_Au_Oro": 0, "Status_Au_Oro": "No", "Flag_Ag_Plata": 1, "Status_Ag_Plata": "Confirmado", "Flag_Cu_Cobre": 1, "Status_Cu_Cobre": "Confirmado", "Flag_Pb_Plomo": 1, "Status_Pb_Plomo": "Confirmado", "Flag_Hg_Cinabrio": 0, "Status_Hg_Cinabrio": "No", "Flag_Sn_Estano": 0, "Status_Sn_Estano": "No", "Flag_Fe_Hierro": 0, "Status_Fe_Hierro": "No", "Tech_Ruina_Montium": 0, "Tech_Subterranea": 1, "Tech_Cielo_Abierto": 0, "Tech_Lavado_Placer": 0, "Certainty_Spatial": 1.0, "Certainty_Archaeological": 0.9, "Certainty_Metallogenic": 1.0, "Certainty_Score": 0.965, "Certainty_Grade": "Alta Certeza (Grado I)" }, "geometry": { "type": "Point", "coordinates": [ -4.4678804, 38.47973262 ] } },
{ "type": "Feature", "properties": { "mineID": 1283, "site": "Santa Bárbara", "ancientName": null, "province": "Hispania Baetica", "country": "Spain", "region": "Córdoba", "miningDistrict": "Azuaga-Fuenteovejuna", "romanianRANID": null, "sanchezPalenciaAndOrejasID": null, "domergueID": "CO 56", "spainMapSheet": 856.0, "lambertX": 439.6, "lambertY": 420.0, "latitude": 38.36202602, "longitude": -5.52470447, "coordinateAccuracy": 100.0, "locationDataSource": "Converted in QGIS from Lambert coords, Madrid 1870", "locationNotes": null, "notBeforeOpeningDate": null, "notAfterOpeningDate": null, "notBeforeClosingDate": null, "notAfterClosingDate": null, "inUseDate": null, "metalMinedGold": "FALSE", "metalMinedSilver": 1.0, "metalMinedLead": 1.0, "metalMinedCopper": 0.0, "metalMinedTin": 0.0, "metalMinedIron": 0.0, "metalMinedMercuryCinnabar": 0.0, "metalMinedZinc": 0.0, "metalMinedOther": 0.0, "description": null, "references": "Domergue 1990: 46", "techniqueOpencast": 0.0, "techniqueUnderground": 1.0, "techniqueHydraulic": "FALSE", "techniqueHushing": "FALSE", "techniqueGroundSluicing": "FALSE", "techniqueRuinaMontium": 0.0, "techniqueRakeComb": 0.0, "techniqueGoldWashing": 0.0, "techniqueOther": 0.0, "notes": null, "geology": "Hard rock", "depositType": "Primary", "exploitationType": null, "Flag_Au_Oro": 0, "Status_Au_Oro": "No", "Flag_Ag_Plata": 1, "Status_Ag_Plata": "Confirmado", "Flag_Cu_Cobre": 0, "Status_Cu_Cobre": "No", "Flag_Pb_Plomo": 1, "Status_Pb_Plomo": "Confirmado", "Flag_Hg_Cinabrio": 0, "Status_Hg_Cinabrio": "No", "Flag_Sn_Estano": 0, "Status_Sn_Estano": "No", "Flag_Fe_Hierro": 0, "Status_Fe_Hierro": "No", "Tech_Ruina_Montium": 0, "Tech_Subterranea": 1, "Tech_Cielo_Abierto": 0, "Tech_Lavado_Placer": 0, "Certainty_Spatial": 1.0, "Certainty_Archaeological": 0.9, "Certainty_Metallogenic": 1.0, "Certainty_Score": 0.965, "Certainty_Grade": "Alta Certeza (Grado I)" }, "geometry": { "type": "Point", "coordinates": [ -5.52470447, 38.36202602 ] } },
{ "type": "Feature", "properties": { "mineID": 1284, "site": "Santa Eufemia", "ancientName": null, "province": "Hispania Baetica", "country": "Spain", "region": "Córdoba", "miningDistrict": "Los Pedroches", "romanianRANID": null, "sanchezPalenciaAndOrejasID": null, "domergueID": "CO 102", "spainMapSheet": 833.0, "lambertX": 492.5, "lambertY": 449.5, "latitude": 38.63618847, "longitude": -4.92371766, "coordinateAccuracy": 100.0, "locationDataSource": "Converted in QGIS from Lambert coords, Madrid 1870", "locationNotes": null, "notBeforeOpeningDate": null, "notAfterOpeningDate": null, "notBeforeClosingDate": null, "notAfterClosingDate": null, "inUseDate": null, "metalMinedGold": "FALSE", "metalMinedSilver": 1.0, "metalMinedLead": 1.0, "metalMinedCopper": 0.0, "metalMinedTin": 0.0, "metalMinedIron": 0.0, "metalMinedMercuryCinnabar": 0.0, "metalMinedZinc": 0.0, "metalMinedOther": 0.0, "description": null, "references": "Domergue 1990: 48", "techniqueOpencast": 0.0, "techniqueUnderground": 1.0, "techniqueHydraulic": "FALSE", "techniqueHushing": "FALSE", "techniqueGroundSluicing": "FALSE", "techniqueRuinaMontium": 0.0, "techniqueRakeComb": 0.0, "techniqueGoldWashing": 0.0, "techniqueOther": 0.0, "notes": null, "geology": "Hard rock", "depositType": "Primary", "exploitationType": null, "Flag_Au_Oro": 0, "Status_Au_Oro": "No", "Flag_Ag_Plata": 1, "Status_Ag_Plata": "Confirmado", "Flag_Cu_Cobre": 0, "Status_Cu_Cobre": "No", "Flag_Pb_Plomo": 1, "Status_Pb_Plomo": "Confirmado", "Flag_Hg_Cinabrio": 0, "Status_Hg_Cinabrio": "No", "Flag_Sn_Estano": 0, "Status_Sn_Estano": "No", "Flag_Fe_Hierro": 0, "Status_Fe_Hierro": "No", "Tech_Ruina_Montium": 0, "Tech_Subterranea": 1, "Tech_Cielo_Abierto": 0, "Tech_Lavado_Placer": 0, "Certainty_Spatial": 1.0, "Certainty_Archaeological": 0.9, "Certainty_Metallogenic": 1.0, "Certainty_Score": 0.965, "Certainty_Grade": "Alta Certeza (Grado I)" }, "geometry": { "type": "Point", "coordinates": [ -4.92371766, 38.63618847 ] } },
{ "type": "Feature", "properties": { "mineID": 1285, "site": "Santa María", "ancientName": null, "province": "Hispania Baetica", "country": "Spain", "region": "Badajoz", "miningDistrict": "Azuaga-Fuenteovejuna", "romanianRANID": null, "sanchezPalenciaAndOrejasID": null, "domergueID": "BA 7", "spainMapSheet": 878.0, "lambertX": 424.6, "lambertY": 408.2, "latitude": 38.25275026, "longitude": -5.69337669, "coordinateAccuracy": 100.0, "locationDataSource": "Converted in QGIS from Lambert coords, Madrid 1870", "locationNotes": null, "notBeforeOpeningDate": null, "notAfterOpeningDate": null, "notBeforeClosingDate": null, "notAfterClosingDate": null, "inUseDate": null, "metalMinedGold": "FALSE", "metalMinedSilver": 1.0, "metalMinedLead": 1.0, "metalMinedCopper": 0.0, "metalMinedTin": 0.0, "metalMinedIron": 0.0, "metalMinedMercuryCinnabar": 0.0, "metalMinedZinc": 0.0, "metalMinedOther": 0.0, "description": null, "references": "Domergue 1990: 46", "techniqueOpencast": 1.0, "techniqueUnderground": 0.0, "techniqueHydraulic": "FALSE", "techniqueHushing": "FALSE", "techniqueGroundSluicing": "FALSE", "techniqueRuinaMontium": 0.0, "techniqueRakeComb": 0.0, "techniqueGoldWashing": 0.0, "techniqueOther": 0.0, "notes": null, "geology": "Hard rock", "depositType": "Primary", "exploitationType": null, "Flag_Au_Oro": 0, "Status_Au_Oro": "No", "Flag_Ag_Plata": 1, "Status_Ag_Plata": "Confirmado", "Flag_Cu_Cobre": 0, "Status_Cu_Cobre": "No", "Flag_Pb_Plomo": 1, "Status_Pb_Plomo": "Confirmado", "Flag_Hg_Cinabrio": 0, "Status_Hg_Cinabrio": "No", "Flag_Sn_Estano": 0, "Status_Sn_Estano": "No", "Flag_Fe_Hierro": 0, "Status_Fe_Hierro": "No", "Tech_Ruina_Montium": 0, "Tech_Subterranea": 0, "Tech_Cielo_Abierto": 1, "Tech_Lavado_Placer": 0, "Certainty_Spatial": 1.0, "Certainty_Archaeological": 0.9, "Certainty_Metallogenic": 1.0, "Certainty_Score": 0.965, "Certainty_Grade": "Alta Certeza (Grado I)" }, "geometry": { "type": "Point", "coordinates": [ -5.69337669, 38.25275026 ] } },
{ "type": "Feature", "properties": { "mineID": 1286, "site": "Santa Quitería: Colón", "ancientName": null, "province": "Hispania Tarraconensis", "country": "Spain", "region": "Toledo", "miningDistrict": null, "romanianRANID": null, "sanchezPalenciaAndOrejasID": null, "domergueID": "TO 1.2", "spainMapSheet": 708.0, "lambertX": 489.8, "lambertY": 541.4, "latitude": 39.46444104, "longitude": -4.969944988, "coordinateAccuracy": 100.0, "locationDataSource": "Converted in QGIS from Lambert coords, Madrid 1870", "locationNotes": null, "notBeforeOpeningDate": null, "notAfterOpeningDate": null, "notBeforeClosingDate": null, "notAfterClosingDate": null, "inUseDate": null, "metalMinedGold": "FALSE", "metalMinedSilver": 1.0, "metalMinedLead": 1.0, "metalMinedCopper": 0.0, "metalMinedTin": 0.0, "metalMinedIron": 0.0, "metalMinedMercuryCinnabar": 0.0, "metalMinedZinc": 0.0, "metalMinedOther": 0.0, "description": null, "references": "Domergue 1990: 64", "techniqueOpencast": null, "techniqueUnderground": null, "techniqueHydraulic": "FALSE", "techniqueHushing": "FALSE", "techniqueGroundSluicing": "FALSE", "techniqueRuinaMontium": 0.0, "techniqueRakeComb": 0.0, "techniqueGoldWashing": 0.0, "techniqueOther": null, "notes": null, "geology": null, "depositType": null, "exploitationType": null, "Flag_Au_Oro": 0, "Status_Au_Oro": "No", "Flag_Ag_Plata": 1, "Status_Ag_Plata": "Confirmado", "Flag_Cu_Cobre": 0, "Status_Cu_Cobre": "No", "Flag_Pb_Plomo": 1, "Status_Pb_Plomo": "Confirmado", "Flag_Hg_Cinabrio": 0, "Status_Hg_Cinabrio": "No", "Flag_Sn_Estano": 0, "Status_Sn_Estano": "No", "Flag_Fe_Hierro": 0, "Status_Fe_Hierro": "No", "Tech_Ruina_Montium": 0, "Tech_Subterranea": 0, "Tech_Cielo_Abierto": 0, "Tech_Lavado_Placer": 0, "Certainty_Spatial": 1.0, "Certainty_Archaeological": 0.9, "Certainty_Metallogenic": 1.0, "Certainty_Score": 0.965, "Certainty_Grade": "Alta Certeza (Grado I)" }, "geometry": { "type": "Point", "coordinates": [ -4.969944988, 39.46444104 ] } },
{ "type": "Feature", "properties": { "mineID": 1287, "site": "Santa Quitería: Postuero", "ancientName": null, "province": "Hispania Tarraconensis", "country": "Spain", "region": "Toledo", "miningDistrict": null, "romanianRANID": null, "sanchezPalenciaAndOrejasID": null, "domergueID": "TO 1.1", "spainMapSheet": 708.0, "lambertX": 488.1, "lambertY": 539.6, "latitude": 39.44798919, "longitude": -4.989413337, "coordinateAccuracy": 100.0, "locationDataSource": "Converted in QGIS from Lambert coords, Madrid 1870", "locationNotes": null, "notBeforeOpeningDate": null, "notAfterOpeningDate": null, "notBeforeClosingDate": null, "notAfterClosingDate": null, "inUseDate": null, "metalMinedGold": "FALSE", "metalMinedSilver": 1.0, "metalMinedLead": 1.0, "metalMinedCopper": 0.0, "metalMinedTin": 0.0, "metalMinedIron": 0.0, "metalMinedMercuryCinnabar": 0.0, "metalMinedZinc": 0.0, "metalMinedOther": 0.0, "description": null, "references": "Domergue 1990: 64", "techniqueOpencast": null, "techniqueUnderground": null, "techniqueHydraulic": "FALSE", "techniqueHushing": "FALSE", "techniqueGroundSluicing": "FALSE", "techniqueRuinaMontium": 0.0, "techniqueRakeComb": 0.0, "techniqueGoldWashing": 0.0, "techniqueOther": null, "notes": null, "geology": null, "depositType": null, "exploitationType": null, "Flag_Au_Oro": 0, "Status_Au_Oro": "No", "Flag_Ag_Plata": 1, "Status_Ag_Plata": "Confirmado", "Flag_Cu_Cobre": 0, "Status_Cu_Cobre": "No", "Flag_Pb_Plomo": 1, "Status_Pb_Plomo": "Confirmado", "Flag_Hg_Cinabrio": 0, "Status_Hg_Cinabrio": "No", "Flag_Sn_Estano": 0, "Status_Sn_Estano": "No", "Flag_Fe_Hierro": 0, "Status_Fe_Hierro": "No", "Tech_Ruina_Montium": 0, "Tech_Subterranea": 0, "Tech_Cielo_Abierto": 0, "Tech_Lavado_Placer": 0, "Certainty_Spatial": 1.0, "Certainty_Archaeological": 0.9, "Certainty_Metallogenic": 1.0, "Certainty_Score": 0.965, "Certainty_Grade": "Alta Certeza (Grado I)" }, "geometry": { "type": "Point", "coordinates": [ -4.989413337, 39.44798919 ] } },
{ "type": "Feature", "properties": { "mineID": 1290, "site": "Santo Cristo", "ancientName": null, "province": "Hispania Baetica", "country": "Spain", "region": "Badajoz", "miningDistrict": "La Serena", "romanianRANID": null, "sanchezPalenciaAndOrejasID": null, "domergueID": "BA 49", "spainMapSheet": 831.0, "lambertX": 417.0, "lambertY": 453.4, "latitude": 38.65859293, "longitude": -5.79243915, "coordinateAccuracy": 100.0, "locationDataSource": "Converted in QGIS from Lambert coords, Madrid 1870", "locationNotes": null, "notBeforeOpeningDate": null, "notAfterOpeningDate": null, "notBeforeClosingDate": null, "notAfterClosingDate": null, "inUseDate": null, "metalMinedGold": "FALSE", "metalMinedSilver": 1.0, "metalMinedLead": 1.0, "metalMinedCopper": 0.0, "metalMinedTin": 0.0, "metalMinedIron": 0.0, "metalMinedMercuryCinnabar": 0.0, "metalMinedZinc": 0.0, "metalMinedOther": 0.0, "description": null, "references": "Domergue 1990: 45", "techniqueOpencast": null, "techniqueUnderground": null, "techniqueHydraulic": "FALSE", "techniqueHushing": "FALSE", "techniqueGroundSluicing": "FALSE", "techniqueRuinaMontium": 0.0, "techniqueRakeComb": 0.0, "techniqueGoldWashing": 0.0, "techniqueOther": null, "notes": null, "geology": "Hard rock", "depositType": "Primary", "exploitationType": null, "Flag_Au_Oro": 0, "Status_Au_Oro": "No", "Flag_Ag_Plata": 1, "Status_Ag_Plata": "Confirmado", "Flag_Cu_Cobre": 0, "Status_Cu_Cobre": "No", "Flag_Pb_Plomo": 1, "Status_Pb_Plomo": "Confirmado", "Flag_Hg_Cinabrio": 0, "Status_Hg_Cinabrio": "No", "Flag_Sn_Estano": 0, "Status_Sn_Estano": "No", "Flag_Fe_Hierro": 0, "Status_Fe_Hierro": "No", "Tech_Ruina_Montium": 0, "Tech_Subterranea": 0, "Tech_Cielo_Abierto": 0, "Tech_Lavado_Placer": 0, "Certainty_Spatial": 1.0, "Certainty_Archaeological": 0.9, "Certainty_Metallogenic": 1.0, "Certainty_Score": 0.965, "Certainty_Grade": "Alta Certeza (Grado I)" }, "geometry": { "type": "Point", "coordinates": [ -5.79243915, 38.65859293 ] } },
{ "type": "Feature", "properties": { "mineID": 1293, "site": "Segunda Pepe", "ancientName": null, "province": "Hispania Baetica", "country": "Spain", "region": "Badajoz", "miningDistrict": "Azuaga-Fuenteovejuna", "romanianRANID": null, "sanchezPalenciaAndOrejasID": null, "domergueID": "BA 12", "spainMapSheet": 878.0, "lambertX": 427.8, "lambertY": 403.7, "latitude": 38.21283336, "longitude": -5.65566584, "coordinateAccuracy": 100.0, "locationDataSource": "Converted in QGIS from Lambert coords, Madrid 1870", "locationNotes": null, "notBeforeOpeningDate": null, "notAfterOpeningDate": null, "notBeforeClosingDate": null, "notAfterClosingDate": null, "inUseDate": null, "metalMinedGold": "FALSE", "metalMinedSilver": 1.0, "metalMinedLead": 1.0, "metalMinedCopper": 0.0, "metalMinedTin": 0.0, "metalMinedIron": 0.0, "metalMinedMercuryCinnabar": 0.0, "metalMinedZinc": 0.0, "metalMinedOther": 0.0, "description": null, "references": "Domergue 1990: 46", "techniqueOpencast": 0.0, "techniqueUnderground": 1.0, "techniqueHydraulic": "FALSE", "techniqueHushing": "FALSE", "techniqueGroundSluicing": "FALSE", "techniqueRuinaMontium": 0.0, "techniqueRakeComb": 0.0, "techniqueGoldWashing": 0.0, "techniqueOther": 0.0, "notes": null, "geology": "Hard rock", "depositType": "Primary", "exploitationType": null, "Flag_Au_Oro": 0, "Status_Au_Oro": "No", "Flag_Ag_Plata": 1, "Status_Ag_Plata": "Confirmado", "Flag_Cu_Cobre": 0, "Status_Cu_Cobre": "No", "Flag_Pb_Plomo": 1, "Status_Pb_Plomo": "Confirmado", "Flag_Hg_Cinabrio": 0, "Status_Hg_Cinabrio": "No", "Flag_Sn_Estano": 0, "Status_Sn_Estano": "No", "Flag_Fe_Hierro": 0, "Status_Fe_Hierro": "No", "Tech_Ruina_Montium": 0, "Tech_Subterranea": 1, "Tech_Cielo_Abierto": 0, "Tech_Lavado_Placer": 0, "Certainty_Spatial": 1.0, "Certainty_Archaeological": 0.9, "Certainty_Metallogenic": 1.0, "Certainty_Score": 0.965, "Certainty_Grade": "Alta Certeza (Grado I)" }, "geometry": { "type": "Point", "coordinates": [ -5.65566584, 38.21283336 ] } },
{ "type": "Feature", "properties": { "mineID": 1297, "site": "Sierra Almagrera", "ancientName": null, "province": "Hispania Baetica", "country": "Spain", "region": "Almería", "miningDistrict": "Almería", "romanianRANID": null, "sanchezPalenciaAndOrejasID": null, "domergueID": "AL 2", "spainMapSheet": 1015.0, "lambertX": 771.0, "lambertY": 303.0, "latitude": 37.284267, "longitude": -1.760024, "coordinateAccuracy": 0.0, "locationDataSource": "Domergue 1987 fig 3", "locationNotes": "Large mining zone", "notBeforeOpeningDate": null, "notAfterOpeningDate": null, "notBeforeClosingDate": null, "notAfterClosingDate": null, "inUseDate": null, "metalMinedGold": "FALSE", "metalMinedSilver": 1.0, "metalMinedLead": 1.0, "metalMinedCopper": 1.0, "metalMinedTin": 0.0, "metalMinedIron": 0.0, "metalMinedMercuryCinnabar": 0.0, "metalMinedZinc": 0.0, "metalMinedOther": 0.0, "description": null, "references": "Domergue 1990: 64; Domergue 2008: 158.", "techniqueOpencast": null, "techniqueUnderground": null, "techniqueHydraulic": "FALSE", "techniqueHushing": "FALSE", "techniqueGroundSluicing": "FALSE", "techniqueRuinaMontium": 0.0, "techniqueRakeComb": 0.0, "techniqueGoldWashing": 0.0, "techniqueOther": null, "notes": null, "geology": null, "depositType": null, "exploitationType": null, "Flag_Au_Oro": 0, "Status_Au_Oro": "No", "Flag_Ag_Plata": 1, "Status_Ag_Plata": "Confirmado", "Flag_Cu_Cobre": 1, "Status_Cu_Cobre": "Confirmado", "Flag_Pb_Plomo": 1, "Status_Pb_Plomo": "Confirmado", "Flag_Hg_Cinabrio": 0, "Status_Hg_Cinabrio": "No", "Flag_Sn_Estano": 0, "Status_Sn_Estano": "No", "Flag_Fe_Hierro": 0, "Status_Fe_Hierro": "No", "Tech_Ruina_Montium": 0, "Tech_Subterranea": 0, "Tech_Cielo_Abierto": 0, "Tech_Lavado_Placer": 0, "Certainty_Spatial": 1.0, "Certainty_Archaeological": 0.9, "Certainty_Metallogenic": 1.0, "Certainty_Score": 0.965, "Certainty_Grade": "Alta Certeza (Grado I)" }, "geometry": { "type": "Point", "coordinates": [ -1.760024, 37.284267 ] } },
{ "type": "Feature", "properties": { "mineID": 1299, "site": "Sierra de Cartagena", "ancientName": null, "province": "Hispania Tarraconensis", "country": "Spain", "region": "Murcia", "miningDistrict": "Cartagena-Mazarrón", "romanianRANID": null, "sanchezPalenciaAndOrejasID": null, "domergueID": "MU 3", "spainMapSheet": 977.0, "lambertX": 849.8, "lambertY": 338.9, "latitude": 37.6100851, "longitude": -0.857490443, "coordinateAccuracy": 100.0, "locationDataSource": "Converted in QGIS from Lambert coords, Madrid 1870", "locationNotes": "need to add detail from sub-sites", "notBeforeOpeningDate": null, "notAfterOpeningDate": null, "notBeforeClosingDate": null, "notAfterClosingDate": null, "inUseDate": null, "metalMinedGold": "FALSE", "metalMinedSilver": 1.0, "metalMinedLead": 1.0, "metalMinedCopper": 1.0, "metalMinedTin": 1.0, "metalMinedIron": 1.0, "metalMinedMercuryCinnabar": 0.0, "metalMinedZinc": 0.0, "metalMinedOther": 0.0, "description": null, "references": "Domergue 1990: 64", "techniqueOpencast": 0.0, "techniqueUnderground": 1.0, "techniqueHydraulic": "FALSE", "techniqueHushing": "FALSE", "techniqueGroundSluicing": "FALSE", "techniqueRuinaMontium": 0.0, "techniqueRakeComb": 0.0, "techniqueGoldWashing": 0.0, "techniqueOther": 0.0, "notes": null, "geology": null, "depositType": null, "exploitationType": null, "Flag_Au_Oro": 0, "Status_Au_Oro": "No", "Flag_Ag_Plata": 1, "Status_Ag_Plata": "Confirmado", "Flag_Cu_Cobre": 1, "Status_Cu_Cobre": "Confirmado", "Flag_Pb_Plomo": 1, "Status_Pb_Plomo": "Confirmado", "Flag_Hg_Cinabrio": 0, "Status_Hg_Cinabrio": "No", "Flag_Sn_Estano": 1, "Status_Sn_Estano": "Confirmado", "Flag_Fe_Hierro": 1, "Status_Fe_Hierro": "Confirmado", "Tech_Ruina_Montium": 0, "Tech_Subterranea": 1, "Tech_Cielo_Abierto": 0, "Tech_Lavado_Placer": 0, "Certainty_Spatial": 1.0, "Certainty_Archaeological": 0.9, "Certainty_Metallogenic": 1.0, "Certainty_Score": 0.965, "Certainty_Grade": "Alta Certeza (Grado I)" }, "geometry": { "type": "Point", "coordinates": [ -0.857490443, 37.6100851 ] } },
{ "type": "Feature", "properties": { "mineID": 1300, "site": "Sierra de Gador", "ancientName": null, "province": "Hispania Baetica", "country": "Spain", "region": "Almería", "miningDistrict": "Almería", "romanianRANID": null, "sanchezPalenciaAndOrejasID": null, "domergueID": "AL 1", "spainMapSheet": 1043.0, "lambertX": 672.7, "lambertY": 256.3, "latitude": 36.8985174, "longitude": -2.87249648, "coordinateAccuracy": 0.0, "locationDataSource": "Converted in QGIS from Lambert coords, Madrid 1870", "locationNotes": "Large mining zone 20 x 10 km", "notBeforeOpeningDate": null, "notAfterOpeningDate": null, "notBeforeClosingDate": null, "notAfterClosingDate": null, "inUseDate": null, "metalMinedGold": "FALSE", "metalMinedSilver": 1.0, "metalMinedLead": 1.0, "metalMinedCopper": 0.0, "metalMinedTin": 0.0, "metalMinedIron": 0.0, "metalMinedMercuryCinnabar": 0.0, "metalMinedZinc": 0.0, "metalMinedOther": 0.0, "description": null, "references": "Domergue 1990: 64", "techniqueOpencast": null, "techniqueUnderground": null, "techniqueHydraulic": "FALSE", "techniqueHushing": "FALSE", "techniqueGroundSluicing": "FALSE", "techniqueRuinaMontium": 0.0, "techniqueRakeComb": 0.0, "techniqueGoldWashing": 0.0, "techniqueOther": null, "notes": null, "geology": null, "depositType": null, "exploitationType": null, "Flag_Au_Oro": 0, "Status_Au_Oro": "No", "Flag_Ag_Plata": 1, "Status_Ag_Plata": "Confirmado", "Flag_Cu_Cobre": 0, "Status_Cu_Cobre": "No", "Flag_Pb_Plomo": 1, "Status_Pb_Plomo": "Confirmado", "Flag_Hg_Cinabrio": 0, "Status_Hg_Cinabrio": "No", "Flag_Sn_Estano": 0, "Status_Sn_Estano": "No", "Flag_Fe_Hierro": 0, "Status_Fe_Hierro": "No", "Tech_Ruina_Montium": 0, "Tech_Subterranea": 0, "Tech_Cielo_Abierto": 0, "Tech_Lavado_Placer": 0, "Certainty_Spatial": 1.0, "Certainty_Archaeological": 0.9, "Certainty_Metallogenic": 1.0, "Certainty_Score": 0.965, "Certainty_Grade": "Alta Certeza (Grado I)" }, "geometry": { "type": "Point", "coordinates": [ -2.87249648, 36.8985174 ] } },
{ "type": "Feature", "properties": { "mineID": 1303, "site": "Sierrecilla", "ancientName": null, "province": "Hispania Baetica", "country": "Spain", "region": "Huelva", "miningDistrict": "Huelva", "romanianRANID": null, "sanchezPalenciaAndOrejasID": null, "domergueID": "H 42", "spainMapSheet": 936.0, "lambertX": 286.8, "lambertY": 348.7, "latitude": 37.67790242, "longitude": -7.24050428, "coordinateAccuracy": 100.0, "locationDataSource": "Converted in QGIS from Lambert coords, Madrid 1870", "locationNotes": null, "notBeforeOpeningDate": null, "notAfterOpeningDate": null, "notBeforeClosingDate": null, "notAfterClosingDate": null, "inUseDate": null, "metalMinedGold": "FALSE", "metalMinedSilver": 1.0, "metalMinedLead": 1.0, "metalMinedCopper": 1.0, "metalMinedTin": 0.0, "metalMinedIron": 0.0, "metalMinedMercuryCinnabar": 0.0, "metalMinedZinc": 0.0, "metalMinedOther": 0.0, "description": null, "references": "Domergue 1990: 62", "techniqueOpencast": null, "techniqueUnderground": null, "techniqueHydraulic": "FALSE", "techniqueHushing": "FALSE", "techniqueGroundSluicing": "FALSE", "techniqueRuinaMontium": 0.0, "techniqueRakeComb": 0.0, "techniqueGoldWashing": 0.0, "techniqueOther": null, "notes": null, "geology": "Hard rock", "depositType": "Primary", "exploitationType": null, "Flag_Au_Oro": 0, "Status_Au_Oro": "No", "Flag_Ag_Plata": 1, "Status_Ag_Plata": "Confirmado", "Flag_Cu_Cobre": 1, "Status_Cu_Cobre": "Confirmado", "Flag_Pb_Plomo": 1, "Status_Pb_Plomo": "Confirmado", "Flag_Hg_Cinabrio": 0, "Status_Hg_Cinabrio": "No", "Flag_Sn_Estano": 0, "Status_Sn_Estano": "No", "Flag_Fe_Hierro": 0, "Status_Fe_Hierro": "No", "Tech_Ruina_Montium": 0, "Tech_Subterranea": 0, "Tech_Cielo_Abierto": 0, "Tech_Lavado_Placer": 0, "Certainty_Spatial": 1.0, "Certainty_Archaeological": 0.9, "Certainty_Metallogenic": 1.0, "Certainty_Score": 0.965, "Certainty_Grade": "Alta Certeza (Grado I)" }, "geometry": { "type": "Point", "coordinates": [ -7.24050428, 37.67790242 ] } },
{ "type": "Feature", "properties": { "mineID": 1304, "site": "Socorro", "ancientName": null, "province": "Hispania Tarraconensis", "country": "Spain", "region": "Ciudad Real", "miningDistrict": "Alcudia", "romanianRANID": null, "sanchezPalenciaAndOrejasID": null, "domergueID": "CR 29", "spainMapSheet": 837.0, "lambertX": 593.5, "lambertY": 440.0, "latitude": 38.55722606, "longitude": -3.76257372, "coordinateAccuracy": 100.0, "locationDataSource": "Converted in QGIS from Lambert coords, Madrid 1870", "locationNotes": null, "notBeforeOpeningDate": null, "notAfterOpeningDate": null, "notBeforeClosingDate": null, "notAfterClosingDate": null, "inUseDate": null, "metalMinedGold": "FALSE", "metalMinedSilver": 1.0, "metalMinedLead": 1.0, "metalMinedCopper": 1.0, "metalMinedTin": 0.0, "metalMinedIron": 0.0, "metalMinedMercuryCinnabar": 0.0, "metalMinedZinc": 0.0, "metalMinedOther": 0.0, "description": null, "references": "Domergue 1990: 46", "techniqueOpencast": 0.0, "techniqueUnderground": 1.0, "techniqueHydraulic": "FALSE", "techniqueHushing": "FALSE", "techniqueGroundSluicing": "FALSE", "techniqueRuinaMontium": 0.0, "techniqueRakeComb": 0.0, "techniqueGoldWashing": 0.0, "techniqueOther": 0.0, "notes": null, "geology": null, "depositType": null, "exploitationType": null, "Flag_Au_Oro": 0, "Status_Au_Oro": "No", "Flag_Ag_Plata": 1, "Status_Ag_Plata": "Confirmado", "Flag_Cu_Cobre": 1, "Status_Cu_Cobre": "Confirmado", "Flag_Pb_Plomo": 1, "Status_Pb_Plomo": "Confirmado", "Flag_Hg_Cinabrio": 0, "Status_Hg_Cinabrio": "No", "Flag_Sn_Estano": 0, "Status_Sn_Estano": "No", "Flag_Fe_Hierro": 0, "Status_Fe_Hierro": "No", "Tech_Ruina_Montium": 0, "Tech_Subterranea": 1, "Tech_Cielo_Abierto": 0, "Tech_Lavado_Placer": 0, "Certainty_Spatial": 1.0, "Certainty_Archaeological": 0.9, "Certainty_Metallogenic": 1.0, "Certainty_Score": 0.965, "Certainty_Grade": "Alta Certeza (Grado I)" }, "geometry": { "type": "Point", "coordinates": [ -3.76257372, 38.55722606 ] } },
{ "type": "Feature", "properties": { "mineID": 1305, "site": "Solana Ballesteros", "ancientName": null, "province": "Hispania Tarraconensis", "country": "Spain", "region": "Ciudad Real", "miningDistrict": "Alcudia", "romanianRANID": null, "sanchezPalenciaAndOrejasID": null, "domergueID": "CR 30", "spainMapSheet": 807.0, "lambertX": 498.5, "lambertY": 457.2, "latitude": 38.70634005, "longitude": -4.85591187, "coordinateAccuracy": 100.0, "locationDataSource": "Converted in QGIS from Lambert coords, Madrid 1870", "locationNotes": null, "notBeforeOpeningDate": null, "notAfterOpeningDate": null, "notBeforeClosingDate": null, "notAfterClosingDate": null, "inUseDate": null, "metalMinedGold": "FALSE", "metalMinedSilver": 1.0, "metalMinedLead": 1.0, "metalMinedCopper": 0.0, "metalMinedTin": 0.0, "metalMinedIron": 0.0, "metalMinedMercuryCinnabar": 0.0, "metalMinedZinc": 0.0, "metalMinedOther": 0.0, "description": null, "references": "Domergue 1990: 46", "techniqueOpencast": 0.0, "techniqueUnderground": 1.0, "techniqueHydraulic": "FALSE", "techniqueHushing": "FALSE", "techniqueGroundSluicing": "FALSE", "techniqueRuinaMontium": 0.0, "techniqueRakeComb": 0.0, "techniqueGoldWashing": 0.0, "techniqueOther": 0.0, "notes": null, "geology": null, "depositType": null, "exploitationType": null, "Flag_Au_Oro": 0, "Status_Au_Oro": "No", "Flag_Ag_Plata": 1, "Status_Ag_Plata": "Confirmado", "Flag_Cu_Cobre": 0, "Status_Cu_Cobre": "No", "Flag_Pb_Plomo": 1, "Status_Pb_Plomo": "Confirmado", "Flag_Hg_Cinabrio": 0, "Status_Hg_Cinabrio": "No", "Flag_Sn_Estano": 0, "Status_Sn_Estano": "No", "Flag_Fe_Hierro": 0, "Status_Fe_Hierro": "No", "Tech_Ruina_Montium": 0, "Tech_Subterranea": 1, "Tech_Cielo_Abierto": 0, "Tech_Lavado_Placer": 0, "Certainty_Spatial": 1.0, "Certainty_Archaeological": 0.9, "Certainty_Metallogenic": 1.0, "Certainty_Score": 0.965, "Certainty_Grade": "Alta Certeza (Grado I)" }, "geometry": { "type": "Point", "coordinates": [ -4.85591187, 38.70634005 ] } },
{ "type": "Feature", "properties": { "mineID": 1306, "site": "Solana de la Belalcázar", "ancientName": null, "province": "Hispania Baetica", "country": "Spain", "region": "Córdoba", "miningDistrict": "Los Pedroches", "romanianRANID": null, "sanchezPalenciaAndOrejasID": null, "domergueID": "CO 19", "spainMapSheet": 833.0, "lambertX": 477.9, "lambertY": 448.3, "latitude": 38.62342098, "longitude": -5.09131042, "coordinateAccuracy": 100.0, "locationDataSource": "Converted in QGIS from Lambert coords, Madrid 1870", "locationNotes": null, "notBeforeOpeningDate": null, "notAfterOpeningDate": null, "notBeforeClosingDate": null, "notAfterClosingDate": null, "inUseDate": null, "metalMinedGold": "FALSE", "metalMinedSilver": 1.0, "metalMinedLead": 1.0, "metalMinedCopper": 1.0, "metalMinedTin": 0.0, "metalMinedIron": 0.0, "metalMinedMercuryCinnabar": 0.0, "metalMinedZinc": 0.0, "metalMinedOther": 0.0, "description": null, "references": "Domergue 1990: 48", "techniqueOpencast": null, "techniqueUnderground": null, "techniqueHydraulic": "FALSE", "techniqueHushing": "FALSE", "techniqueGroundSluicing": "FALSE", "techniqueRuinaMontium": 0.0, "techniqueRakeComb": 0.0, "techniqueGoldWashing": 0.0, "techniqueOther": null, "notes": null, "geology": "Hard rock", "depositType": "Primary", "exploitationType": null, "Flag_Au_Oro": 0, "Status_Au_Oro": "No", "Flag_Ag_Plata": 1, "Status_Ag_Plata": "Confirmado", "Flag_Cu_Cobre": 1, "Status_Cu_Cobre": "Confirmado", "Flag_Pb_Plomo": 1, "Status_Pb_Plomo": "Confirmado", "Flag_Hg_Cinabrio": 0, "Status_Hg_Cinabrio": "No", "Flag_Sn_Estano": 0, "Status_Sn_Estano": "No", "Flag_Fe_Hierro": 0, "Status_Fe_Hierro": "No", "Tech_Ruina_Montium": 0, "Tech_Subterranea": 0, "Tech_Cielo_Abierto": 0, "Tech_Lavado_Placer": 0, "Certainty_Spatial": 1.0, "Certainty_Archaeological": 0.9, "Certainty_Metallogenic": 1.0, "Certainty_Score": 0.965, "Certainty_Grade": "Alta Certeza (Grado I)" }, "geometry": { "type": "Point", "coordinates": [ -5.09131042, 38.62342098 ] } },
{ "type": "Feature", "properties": { "mineID": 1309, "site": "Sortijón del Cuzna", "ancientName": null, "province": "Hispania Baetica", "country": "Spain", "region": "Córdoba", "miningDistrict": "Los Pedroches", "romanianRANID": null, "sanchezPalenciaAndOrejasID": null, "domergueID": "CO 99", "spainMapSheet": 881.0, "lambertX": 499.0, "lambertY": 406.4, "latitude": 38.24841405, "longitude": -4.84258713, "coordinateAccuracy": 100.0, "locationDataSource": "Converted in QGIS from Lambert coords, Madrid 1870", "locationNotes": null, "notBeforeOpeningDate": null, "notAfterOpeningDate": null, "notBeforeClosingDate": null, "notAfterClosingDate": null, "inUseDate": null, "metalMinedGold": "FALSE", "metalMinedSilver": 1.0, "metalMinedLead": 1.0, "metalMinedCopper": 1.0, "metalMinedTin": 0.0, "metalMinedIron": 0.0, "metalMinedMercuryCinnabar": 0.0, "metalMinedZinc": 0.0, "metalMinedOther": 0.0, "description": null, "references": "Domergue 1990: 48", "techniqueOpencast": 0.0, "techniqueUnderground": 1.0, "techniqueHydraulic": "FALSE", "techniqueHushing": "FALSE", "techniqueGroundSluicing": "FALSE", "techniqueRuinaMontium": 0.0, "techniqueRakeComb": 0.0, "techniqueGoldWashing": 0.0, "techniqueOther": 0.0, "notes": null, "geology": "Hard rock", "depositType": "Primary", "exploitationType": null, "Flag_Au_Oro": 0, "Status_Au_Oro": "No", "Flag_Ag_Plata": 1, "Status_Ag_Plata": "Confirmado", "Flag_Cu_Cobre": 1, "Status_Cu_Cobre": "Confirmado", "Flag_Pb_Plomo": 1, "Status_Pb_Plomo": "Confirmado", "Flag_Hg_Cinabrio": 0, "Status_Hg_Cinabrio": "No", "Flag_Sn_Estano": 0, "Status_Sn_Estano": "No", "Flag_Fe_Hierro": 0, "Status_Fe_Hierro": "No", "Tech_Ruina_Montium": 0, "Tech_Subterranea": 1, "Tech_Cielo_Abierto": 0, "Tech_Lavado_Placer": 0, "Certainty_Spatial": 1.0, "Certainty_Archaeological": 0.9, "Certainty_Metallogenic": 1.0, "Certainty_Score": 0.965, "Certainty_Grade": "Alta Certeza (Grado I)" }, "geometry": { "type": "Point", "coordinates": [ -4.84258713, 38.24841405 ] } },
{ "type": "Feature", "properties": { "mineID": 1313, "site": "Sta Bárbara", "ancientName": null, "province": "Hispania Baetica", "country": "Spain", "region": "Córdoba", "miningDistrict": "Posadas", "romanianRANID": null, "sanchezPalenciaAndOrejasID": null, "domergueID": "CO 81", "spainMapSheet": 922.0, "lambertX": 472.8, "lambertY": 366.7, "latitude": 37.88711175, "longitude": -5.1346965, "coordinateAccuracy": 100.0, "locationDataSource": "Converted in QGIS from Lambert coords, Madrid 1870", "locationNotes": null, "notBeforeOpeningDate": null, "notAfterOpeningDate": null, "notBeforeClosingDate": null, "notAfterClosingDate": null, "inUseDate": null, "metalMinedGold": "FALSE", "metalMinedSilver": 1.0, "metalMinedLead": 1.0, "metalMinedCopper": 0.0, "metalMinedTin": 0.0, "metalMinedIron": 0.0, "metalMinedMercuryCinnabar": 0.0, "metalMinedZinc": 0.0, "metalMinedOther": 0.0, "description": null, "references": "Domergue 1990: 45", "techniqueOpencast": null, "techniqueUnderground": null, "techniqueHydraulic": "FALSE", "techniqueHushing": "FALSE", "techniqueGroundSluicing": "FALSE", "techniqueRuinaMontium": 0.0, "techniqueRakeComb": 0.0, "techniqueGoldWashing": 0.0, "techniqueOther": null, "notes": null, "geology": "Hard rock", "depositType": "Primary", "exploitationType": null, "Flag_Au_Oro": 0, "Status_Au_Oro": "No", "Flag_Ag_Plata": 1, "Status_Ag_Plata": "Confirmado", "Flag_Cu_Cobre": 0, "Status_Cu_Cobre": "No", "Flag_Pb_Plomo": 1, "Status_Pb_Plomo": "Confirmado", "Flag_Hg_Cinabrio": 0, "Status_Hg_Cinabrio": "No", "Flag_Sn_Estano": 0, "Status_Sn_Estano": "No", "Flag_Fe_Hierro": 0, "Status_Fe_Hierro": "No", "Tech_Ruina_Montium": 0, "Tech_Subterranea": 0, "Tech_Cielo_Abierto": 0, "Tech_Lavado_Placer": 0, "Certainty_Spatial": 1.0, "Certainty_Archaeological": 0.9, "Certainty_Metallogenic": 1.0, "Certainty_Score": 0.965, "Certainty_Grade": "Alta Certeza (Grado I)" }, "geometry": { "type": "Point", "coordinates": [ -5.1346965, 37.88711175 ] } },
{ "type": "Feature", "properties": { "mineID": 1315, "site": "Suerte", "ancientName": null, "province": "Hispania Baetica", "country": "Spain", "region": "Sevilla", "miningDistrict": "Sevilla", "romanianRANID": null, "sanchezPalenciaAndOrejasID": null, "domergueID": "SE 10", "spainMapSheet": 940.0, "lambertX": 382.9, "lambertY": 347.0, "latitude": 37.6918097, "longitude": -6.150605816, "coordinateAccuracy": 100.0, "locationDataSource": "Converted in QGIS from Lambert coords, Madrid 1870", "locationNotes": null, "notBeforeOpeningDate": null, "notAfterOpeningDate": null, "notBeforeClosingDate": null, "notAfterClosingDate": null, "inUseDate": null, "metalMinedGold": "FALSE", "metalMinedSilver": 1.0, "metalMinedLead": 1.0, "metalMinedCopper": 0.0, "metalMinedTin": 0.0, "metalMinedIron": 0.0, "metalMinedMercuryCinnabar": 0.0, "metalMinedZinc": 0.0, "metalMinedOther": 0.0, "description": null, "references": "Domergue 1990: 48", "techniqueOpencast": null, "techniqueUnderground": null, "techniqueHydraulic": "FALSE", "techniqueHushing": "FALSE", "techniqueGroundSluicing": "FALSE", "techniqueRuinaMontium": 0.0, "techniqueRakeComb": 0.0, "techniqueGoldWashing": 0.0, "techniqueOther": null, "notes": null, "geology": "Hard rock", "depositType": "Primary", "exploitationType": null, "Flag_Au_Oro": 0, "Status_Au_Oro": "No", "Flag_Ag_Plata": 1, "Status_Ag_Plata": "Confirmado", "Flag_Cu_Cobre": 0, "Status_Cu_Cobre": "No", "Flag_Pb_Plomo": 1, "Status_Pb_Plomo": "Confirmado", "Flag_Hg_Cinabrio": 0, "Status_Hg_Cinabrio": "No", "Flag_Sn_Estano": 0, "Status_Sn_Estano": "No", "Flag_Fe_Hierro": 0, "Status_Fe_Hierro": "No", "Tech_Ruina_Montium": 0, "Tech_Subterranea": 0, "Tech_Cielo_Abierto": 0, "Tech_Lavado_Placer": 0, "Certainty_Spatial": 1.0, "Certainty_Archaeological": 0.9, "Certainty_Metallogenic": 1.0, "Certainty_Score": 0.965, "Certainty_Grade": "Alta Certeza (Grado I)" }, "geometry": { "type": "Point", "coordinates": [ -6.150605816, 37.6918097 ] } },
{ "type": "Feature", "properties": { "mineID": 1319, "site": "Tamarindo", "ancientName": null, "province": "Hispania Baetica", "country": "Spain", "region": "Badajoz", "miningDistrict": "La Serena", "romanianRANID": null, "sanchezPalenciaAndOrejasID": null, "domergueID": "BA 33", "spainMapSheet": 806.0, "lambertX": 441.0, "lambertY": 461.4, "latitude": 38.7354855, "longitude": -5.51841148, "coordinateAccuracy": 100.0, "locationDataSource": "Converted in QGIS from Lambert coords, Madrid 1870", "locationNotes": null, "notBeforeOpeningDate": null, "notAfterOpeningDate": null, "notBeforeClosingDate": null, "notAfterClosingDate": null, "inUseDate": null, "metalMinedGold": "FALSE", "metalMinedSilver": 1.0, "metalMinedLead": 1.0, "metalMinedCopper": 0.0, "metalMinedTin": 0.0, "metalMinedIron": 0.0, "metalMinedMercuryCinnabar": 0.0, "metalMinedZinc": 0.0, "metalMinedOther": 0.0, "description": null, "references": "Domergue 1990: 45", "techniqueOpencast": null, "techniqueUnderground": null, "techniqueHydraulic": "FALSE", "techniqueHushing": "FALSE", "techniqueGroundSluicing": "FALSE", "techniqueRuinaMontium": 0.0, "techniqueRakeComb": 0.0, "techniqueGoldWashing": 0.0, "techniqueOther": null, "notes": null, "geology": "Hard rock", "depositType": "Primary", "exploitationType": null, "Flag_Au_Oro": 0, "Status_Au_Oro": "No", "Flag_Ag_Plata": 1, "Status_Ag_Plata": "Confirmado", "Flag_Cu_Cobre": 0, "Status_Cu_Cobre": "No", "Flag_Pb_Plomo": 1, "Status_Pb_Plomo": "Confirmado", "Flag_Hg_Cinabrio": 0, "Status_Hg_Cinabrio": "No", "Flag_Sn_Estano": 0, "Status_Sn_Estano": "No", "Flag_Fe_Hierro": 0, "Status_Fe_Hierro": "No", "Tech_Ruina_Montium": 0, "Tech_Subterranea": 0, "Tech_Cielo_Abierto": 0, "Tech_Lavado_Placer": 0, "Certainty_Spatial": 1.0, "Certainty_Archaeological": 0.9, "Certainty_Metallogenic": 1.0, "Certainty_Score": 0.965, "Certainty_Grade": "Alta Certeza (Grado I)" }, "geometry": { "type": "Point", "coordinates": [ -5.51841148, 38.7354855 ] } },
{ "type": "Feature", "properties": { "mineID": 1332, "site": "Triunfo", "ancientName": null, "province": "Hispania Baetica", "country": "Spain", "region": "Badajoz", "miningDistrict": "Azuaga-Fuenteovejuna", "romanianRANID": null, "sanchezPalenciaAndOrejasID": null, "domergueID": "BA 3", "spainMapSheet": 878.0, "lambertX": 421.7, "lambertY": 409.0, "latitude": 38.25936781, "longitude": -5.72673158, "coordinateAccuracy": 100.0, "locationDataSource": "Converted in QGIS from Lambert coords, Madrid 1870", "locationNotes": "in vicinity of bifurcation of roads for Berlanga and Valverde de Llerena", "notBeforeOpeningDate": null, "notAfterOpeningDate": null, "notBeforeClosingDate": null, "notAfterClosingDate": null, "inUseDate": null, "metalMinedGold": "FALSE", "metalMinedSilver": 1.0, "metalMinedLead": 1.0, "metalMinedCopper": 0.0, "metalMinedTin": 0.0, "metalMinedIron": 0.0, "metalMinedMercuryCinnabar": 0.0, "metalMinedZinc": 0.0, "metalMinedOther": 0.0, "description": "c. 20 \"rafas\"\" in the area around.\"", "references": "Domergue 1990: 46", "techniqueOpencast": 1.0, "techniqueUnderground": 0.0, "techniqueHydraulic": "FALSE", "techniqueHushing": "FALSE", "techniqueGroundSluicing": "FALSE", "techniqueRuinaMontium": 0.0, "techniqueRakeComb": 0.0, "techniqueGoldWashing": 0.0, "techniqueOther": 0.0, "notes": "FALSE", "geology": null, "depositType": "Hard rock", "exploitationType": "Primary", "Flag_Au_Oro": 0, "Status_Au_Oro": "No", "Flag_Ag_Plata": 1, "Status_Ag_Plata": "Confirmado", "Flag_Cu_Cobre": 0, "Status_Cu_Cobre": "No", "Flag_Pb_Plomo": 1, "Status_Pb_Plomo": "Confirmado", "Flag_Hg_Cinabrio": 0, "Status_Hg_Cinabrio": "No", "Flag_Sn_Estano": 0, "Status_Sn_Estano": "No", "Flag_Fe_Hierro": 0, "Status_Fe_Hierro": "No", "Tech_Ruina_Montium": 0, "Tech_Subterranea": 0, "Tech_Cielo_Abierto": 1, "Tech_Lavado_Placer": 0, "Certainty_Spatial": 1.0, "Certainty_Archaeological": 0.9, "Certainty_Metallogenic": 1.0, "Certainty_Score": 0.965, "Certainty_Grade": "Alta Certeza (Grado I)" }, "geometry": { "type": "Point", "coordinates": [ -5.72673158, 38.25936781 ] } },
{ "type": "Feature", "properties": { "mineID": 1333, "site": "Triunfo - Nueva Estrella", "ancientName": null, "province": "Hispania Baetica", "country": "Spain", "region": "Badajoz", "miningDistrict": "La Serena", "romanianRANID": null, "sanchezPalenciaAndOrejasID": null, "domergueID": "BA 38", "spainMapSheet": 806.0, "lambertX": 442.6, "lambertY": 465.2, "latitude": 38.77003716, "longitude": -5.50088639, "coordinateAccuracy": 100.0, "locationDataSource": "Converted in QGIS from Lambert coords, Madrid 1870", "locationNotes": null, "notBeforeOpeningDate": null, "notAfterOpeningDate": null, "notBeforeClosingDate": null, "notAfterClosingDate": null, "inUseDate": null, "metalMinedGold": "FALSE", "metalMinedSilver": 1.0, "metalMinedLead": 1.0, "metalMinedCopper": 0.0, "metalMinedTin": 0.0, "metalMinedIron": 0.0, "metalMinedMercuryCinnabar": 0.0, "metalMinedZinc": 0.0, "metalMinedOther": 0.0, "description": null, "references": "Domergue 1990: 45", "techniqueOpencast": null, "techniqueUnderground": null, "techniqueHydraulic": "FALSE", "techniqueHushing": "FALSE", "techniqueGroundSluicing": "FALSE", "techniqueRuinaMontium": 0.0, "techniqueRakeComb": 0.0, "techniqueGoldWashing": 0.0, "techniqueOther": null, "notes": null, "geology": "Hard rock", "depositType": "Primary", "exploitationType": null, "Flag_Au_Oro": 0, "Status_Au_Oro": "No", "Flag_Ag_Plata": 1, "Status_Ag_Plata": "Confirmado", "Flag_Cu_Cobre": 0, "Status_Cu_Cobre": "No", "Flag_Pb_Plomo": 1, "Status_Pb_Plomo": "Confirmado", "Flag_Hg_Cinabrio": 0, "Status_Hg_Cinabrio": "No", "Flag_Sn_Estano": 0, "Status_Sn_Estano": "No", "Flag_Fe_Hierro": 0, "Status_Fe_Hierro": "No", "Tech_Ruina_Montium": 0, "Tech_Subterranea": 0, "Tech_Cielo_Abierto": 0, "Tech_Lavado_Placer": 0, "Certainty_Spatial": 1.0, "Certainty_Archaeological": 0.9, "Certainty_Metallogenic": 1.0, "Certainty_Score": 0.965, "Certainty_Grade": "Alta Certeza (Grado I)" }, "geometry": { "type": "Point", "coordinates": [ -5.50088639, 38.77003716 ] } },
{ "type": "Feature", "properties": { "mineID": 1336, "site": "Udías", "ancientName": null, "province": "Hispania Tarraconensis", "country": "Spain", "region": "Santander", "miningDistrict": "Udias", "romanianRANID": null, "sanchezPalenciaAndOrejasID": null, "domergueID": "S 2", "spainMapSheet": 33.0, "lambertX": 556.9, "lambertY": 973.0, "latitude": 43.3592414, "longitude": -4.219302626, "coordinateAccuracy": 100.0, "locationDataSource": "Converted in QGIS from Lambert coords, Madrid 1870", "locationNotes": null, "notBeforeOpeningDate": null, "notAfterOpeningDate": null, "notBeforeClosingDate": null, "notAfterClosingDate": null, "inUseDate": null, "metalMinedGold": "FALSE", "metalMinedSilver": 0.0, "metalMinedLead": 1.0, "metalMinedCopper": 0.0, "metalMinedTin": 0.0, "metalMinedIron": 0.0, "metalMinedMercuryCinnabar": 0.0, "metalMinedZinc": 1.0, "metalMinedOther": 0.0, "description": "Calamine also mined here", "references": "Domergue 1990: _x001A_耀", "techniqueOpencast": null, "techniqueUnderground": null, "techniqueHydraulic": "FALSE", "techniqueHushing": "FALSE", "techniqueGroundSluicing": "FALSE", "techniqueRuinaMontium": 0.0, "techniqueRakeComb": 0.0, "techniqueGoldWashing": 0.0, "techniqueOther": null, "notes": null, "geology": null, "depositType": null, "exploitationType": null, "Flag_Au_Oro": 0, "Status_Au_Oro": "No", "Flag_Ag_Plata": 0, "Status_Ag_Plata": "No", "Flag_Cu_Cobre": 0, "Status_Cu_Cobre": "No", "Flag_Pb_Plomo": 1, "Status_Pb_Plomo": "Confirmado", "Flag_Hg_Cinabrio": 0, "Status_Hg_Cinabrio": "No", "Flag_Sn_Estano": 0, "Status_Sn_Estano": "No", "Flag_Fe_Hierro": 0, "Status_Fe_Hierro": "No", "Tech_Ruina_Montium": 0, "Tech_Subterranea": 0, "Tech_Cielo_Abierto": 0, "Tech_Lavado_Placer": 0, "Certainty_Spatial": 1.0, "Certainty_Archaeological": 0.9, "Certainty_Metallogenic": 1.0, "Certainty_Score": 0.965, "Certainty_Grade": "Alta Certeza (Grado I)" }, "geometry": { "type": "Point", "coordinates": [ -4.219302626, 43.3592414 ] } },
{ "type": "Feature", "properties": { "mineID": 1350, "site": "Valdeconejos", "ancientName": null, "province": "Hispania Tarraconensis", "country": "Spain", "region": "Zamorra", "miningDistrict": "Trás-os-montes", "romanianRANID": null, "sanchezPalenciaAndOrejasID": null, "domergueID": "ZA 2", "spainMapSheet": 339.0, "lambertX": 404.2, "lambertY": 794.2, "latitude": 41.72724956, "longitude": -6.043106115, "coordinateAccuracy": 100.0, "locationDataSource": "Converted in QGIS from Lambert coords, Madrid 1870", "locationNotes": null, "notBeforeOpeningDate": null, "notAfterOpeningDate": null, "notBeforeClosingDate": null, "notAfterClosingDate": null, "inUseDate": null, "metalMinedGold": "FALSE", "metalMinedSilver": 1.0, "metalMinedLead": 1.0, "metalMinedCopper": 0.0, "metalMinedTin": 0.0, "metalMinedIron": 0.0, "metalMinedMercuryCinnabar": 0.0, "metalMinedZinc": 0.0, "metalMinedOther": 0.0, "description": null, "references": "Domergue 1990: 41", "techniqueOpencast": 0.0, "techniqueUnderground": 1.0, "techniqueHydraulic": "FALSE", "techniqueHushing": "FALSE", "techniqueGroundSluicing": "FALSE", "techniqueRuinaMontium": 0.0, "techniqueRakeComb": 0.0, "techniqueGoldWashing": 0.0, "techniqueOther": 0.0, "notes": null, "geology": "Hard rock", "depositType": null, "exploitationType": null, "Flag_Au_Oro": 0, "Status_Au_Oro": "No", "Flag_Ag_Plata": 1, "Status_Ag_Plata": "Confirmado", "Flag_Cu_Cobre": 0, "Status_Cu_Cobre": "No", "Flag_Pb_Plomo": 1, "Status_Pb_Plomo": "Confirmado", "Flag_Hg_Cinabrio": 0, "Status_Hg_Cinabrio": "No", "Flag_Sn_Estano": 0, "Status_Sn_Estano": "No", "Flag_Fe_Hierro": 0, "Status_Fe_Hierro": "No", "Tech_Ruina_Montium": 0, "Tech_Subterranea": 1, "Tech_Cielo_Abierto": 0, "Tech_Lavado_Placer": 0, "Certainty_Spatial": 1.0, "Certainty_Archaeological": 0.9, "Certainty_Metallogenic": 1.0, "Certainty_Score": 0.965, "Certainty_Grade": "Alta Certeza (Grado I)" }, "geometry": { "type": "Point", "coordinates": [ -6.043106115, 41.72724956 ] } },
{ "type": "Feature", "properties": { "mineID": 1354, "site": "Valdeinfierno", "ancientName": null, "province": "Hispania Tarraconensis", "country": "Spain", "region": "Ciudad Real", "miningDistrict": "Alcudia", "romanianRANID": null, "sanchezPalenciaAndOrejasID": null, "domergueID": "CR 2", "spainMapSheet": 809.0, "lambertX": 530.5, "lambertY": 467.0, "latitude": 38.79788627, "longitude": -4.48872135, "coordinateAccuracy": 100.0, "locationDataSource": "Converted in QGIS from Lambert coords, Madrid 1870", "locationNotes": null, "notBeforeOpeningDate": null, "notAfterOpeningDate": null, "notBeforeClosingDate": null, "notAfterClosingDate": null, "inUseDate": null, "metalMinedGold": "FALSE", "metalMinedSilver": 1.0, "metalMinedLead": 1.0, "metalMinedCopper": 0.0, "metalMinedTin": 0.0, "metalMinedIron": 0.0, "metalMinedMercuryCinnabar": 0.0, "metalMinedZinc": 0.0, "metalMinedOther": 0.0, "description": null, "references": "Domergue 1990: 46", "techniqueOpencast": null, "techniqueUnderground": null, "techniqueHydraulic": "FALSE", "techniqueHushing": "FALSE", "techniqueGroundSluicing": "FALSE", "techniqueRuinaMontium": 0.0, "techniqueRakeComb": 0.0, "techniqueGoldWashing": 0.0, "techniqueOther": null, "notes": null, "geology": null, "depositType": null, "exploitationType": null, "Flag_Au_Oro": 0, "Status_Au_Oro": "No", "Flag_Ag_Plata": 1, "Status_Ag_Plata": "Confirmado", "Flag_Cu_Cobre": 0, "Status_Cu_Cobre": "No", "Flag_Pb_Plomo": 1, "Status_Pb_Plomo": "Confirmado", "Flag_Hg_Cinabrio": 0, "Status_Hg_Cinabrio": "No", "Flag_Sn_Estano": 0, "Status_Sn_Estano": "No", "Flag_Fe_Hierro": 0, "Status_Fe_Hierro": "No", "Tech_Ruina_Montium": 0, "Tech_Subterranea": 0, "Tech_Cielo_Abierto": 0, "Tech_Lavado_Placer": 0, "Certainty_Spatial": 1.0, "Certainty_Archaeological": 0.9, "Certainty_Metallogenic": 1.0, "Certainty_Score": 0.965, "Certainty_Grade": "Alta Certeza (Grado I)" }, "geometry": { "type": "Point", "coordinates": [ -4.48872135, 38.79788627 ] } },
{ "type": "Feature", "properties": { "mineID": 1355, "site": "Valdeinfierno", "ancientName": null, "province": "Hispania Tarraconensis", "country": "Spain", "region": "Jaén", "miningDistrict": "Linares - La Carolina", "romanianRANID": null, "sanchezPalenciaAndOrejasID": null, "domergueID": "J 15", "spainMapSheet": 884.0, "lambertX": 609.6, "lambertY": 398.2, "latitude": 38.18033163, "longitude": -3.57829937, "coordinateAccuracy": 100.0, "locationDataSource": "Converted in QGIS from Lambert coords, Madrid 1870", "locationNotes": null, "notBeforeOpeningDate": null, "notAfterOpeningDate": null, "notBeforeClosingDate": null, "notAfterClosingDate": null, "inUseDate": null, "metalMinedGold": "FALSE", "metalMinedSilver": 1.0, "metalMinedLead": 1.0, "metalMinedCopper": 0.0, "metalMinedTin": 0.0, "metalMinedIron": 0.0, "metalMinedMercuryCinnabar": 0.0, "metalMinedZinc": 0.0, "metalMinedOther": 0.0, "description": null, "references": "Domergue 1990: 45", "techniqueOpencast": 0.0, "techniqueUnderground": 1.0, "techniqueHydraulic": "FALSE", "techniqueHushing": "FALSE", "techniqueGroundSluicing": "FALSE", "techniqueRuinaMontium": 0.0, "techniqueRakeComb": 0.0, "techniqueGoldWashing": 0.0, "techniqueOther": 0.0, "notes": null, "geology": null, "depositType": null, "exploitationType": null, "Flag_Au_Oro": 0, "Status_Au_Oro": "No", "Flag_Ag_Plata": 1, "Status_Ag_Plata": "Confirmado", "Flag_Cu_Cobre": 0, "Status_Cu_Cobre": "No", "Flag_Pb_Plomo": 1, "Status_Pb_Plomo": "Confirmado", "Flag_Hg_Cinabrio": 0, "Status_Hg_Cinabrio": "No", "Flag_Sn_Estano": 0, "Status_Sn_Estano": "No", "Flag_Fe_Hierro": 0, "Status_Fe_Hierro": "No", "Tech_Ruina_Montium": 0, "Tech_Subterranea": 1, "Tech_Cielo_Abierto": 0, "Tech_Lavado_Placer": 0, "Certainty_Spatial": 1.0, "Certainty_Archaeological": 0.9, "Certainty_Metallogenic": 1.0, "Certainty_Score": 0.965, "Certainty_Grade": "Alta Certeza (Grado I)" }, "geometry": { "type": "Point", "coordinates": [ -3.57829937, 38.18033163 ] } },
{ "type": "Feature", "properties": { "mineID": 1392, "site": "Venta Quemada", "ancientName": null, "province": "Hispania Tarraconensis", "country": "Spain", "region": "Jaén", "miningDistrict": "Linares - La Carolina", "romanianRANID": null, "sanchezPalenciaAndOrejasID": null, "domergueID": "J 18", "spainMapSheet": 884.0, "lambertX": 608.5, "lambertY": 414.5, "latitude": 38.32729724, "longitude": -3.59065906, "coordinateAccuracy": 100.0, "locationDataSource": "Converted in QGIS from Lambert coords, Madrid 1870", "locationNotes": null, "notBeforeOpeningDate": null, "notAfterOpeningDate": null, "notBeforeClosingDate": null, "notAfterClosingDate": null, "inUseDate": null, "metalMinedGold": "FALSE", "metalMinedSilver": 1.0, "metalMinedLead": 1.0, "metalMinedCopper": 0.0, "metalMinedTin": 0.0, "metalMinedIron": 0.0, "metalMinedMercuryCinnabar": 0.0, "metalMinedZinc": 0.0, "metalMinedOther": 0.0, "description": null, "references": "Domergue 1990: 45", "techniqueOpencast": 0.0, "techniqueUnderground": 1.0, "techniqueHydraulic": "FALSE", "techniqueHushing": "FALSE", "techniqueGroundSluicing": "FALSE", "techniqueRuinaMontium": 0.0, "techniqueRakeComb": 0.0, "techniqueGoldWashing": 0.0, "techniqueOther": 0.0, "notes": null, "geology": "Hard rock", "depositType": "Primary", "exploitationType": null, "Flag_Au_Oro": 0, "Status_Au_Oro": "No", "Flag_Ag_Plata": 1, "Status_Ag_Plata": "Confirmado", "Flag_Cu_Cobre": 0, "Status_Cu_Cobre": "No", "Flag_Pb_Plomo": 1, "Status_Pb_Plomo": "Confirmado", "Flag_Hg_Cinabrio": 0, "Status_Hg_Cinabrio": "No", "Flag_Sn_Estano": 0, "Status_Sn_Estano": "No", "Flag_Fe_Hierro": 0, "Status_Fe_Hierro": "No", "Tech_Ruina_Montium": 0, "Tech_Subterranea": 1, "Tech_Cielo_Abierto": 0, "Tech_Lavado_Placer": 0, "Certainty_Spatial": 1.0, "Certainty_Archaeological": 0.9, "Certainty_Metallogenic": 1.0, "Certainty_Score": 0.965, "Certainty_Grade": "Alta Certeza (Grado I)" }, "geometry": { "type": "Point", "coordinates": [ -3.59065906, 38.32729724 ] } },
{ "type": "Feature", "properties": { "mineID": 1393, "site": "Venus", "ancientName": null, "province": "Hispania Baetica", "country": "Spain", "region": "Badajoz", "miningDistrict": "Azuaga-Fuenteovejuna", "romanianRANID": null, "sanchezPalenciaAndOrejasID": null, "domergueID": "BA 16", "spainMapSheet": 878.0, "lambertX": 432.3, "lambertY": 400.0, "latitude": 38.18036786, "longitude": -5.60335206, "coordinateAccuracy": 100.0, "locationDataSource": "Converted in QGIS from Lambert coords, Madrid 1870", "locationNotes": null, "notBeforeOpeningDate": null, "notAfterOpeningDate": null, "notBeforeClosingDate": null, "notAfterClosingDate": null, "inUseDate": null, "metalMinedGold": "FALSE", "metalMinedSilver": 1.0, "metalMinedLead": 1.0, "metalMinedCopper": 0.0, "metalMinedTin": 0.0, "metalMinedIron": 0.0, "metalMinedMercuryCinnabar": 0.0, "metalMinedZinc": 0.0, "metalMinedOther": 0.0, "description": null, "references": "Domergue 1990: 46", "techniqueOpencast": 0.0, "techniqueUnderground": 1.0, "techniqueHydraulic": "FALSE", "techniqueHushing": "FALSE", "techniqueGroundSluicing": "FALSE", "techniqueRuinaMontium": 0.0, "techniqueRakeComb": 0.0, "techniqueGoldWashing": 0.0, "techniqueOther": 0.0, "notes": null, "geology": "Hard rock", "depositType": "Primary", "exploitationType": null, "Flag_Au_Oro": 0, "Status_Au_Oro": "No", "Flag_Ag_Plata": 1, "Status_Ag_Plata": "Confirmado", "Flag_Cu_Cobre": 0, "Status_Cu_Cobre": "No", "Flag_Pb_Plomo": 1, "Status_Pb_Plomo": "Confirmado", "Flag_Hg_Cinabrio": 0, "Status_Hg_Cinabrio": "No", "Flag_Sn_Estano": 0, "Status_Sn_Estano": "No", "Flag_Fe_Hierro": 0, "Status_Fe_Hierro": "No", "Tech_Ruina_Montium": 0, "Tech_Subterranea": 1, "Tech_Cielo_Abierto": 0, "Tech_Lavado_Placer": 0, "Certainty_Spatial": 1.0, "Certainty_Archaeological": 0.9, "Certainty_Metallogenic": 1.0, "Certainty_Score": 0.965, "Certainty_Grade": "Alta Certeza (Grado I)" }, "geometry": { "type": "Point", "coordinates": [ -5.60335206, 38.18036786 ] } },
{ "type": "Feature", "properties": { "mineID": 1400, "site": "Villagutiérrez", "ancientName": null, "province": "Hispania Tarraconensis", "country": "Spain", "region": "Ciudad Real", "miningDistrict": "Alcudia", "romanianRANID": null, "sanchezPalenciaAndOrejasID": null, "domergueID": "CR 3", "spainMapSheet": 783.0, "lambertX": 536.5, "lambertY": 472.0, "latitude": 38.84343458, "longitude": -4.42006548, "coordinateAccuracy": 100.0, "locationDataSource": "Converted in QGIS from Lambert coords, Madrid 1870", "locationNotes": null, "notBeforeOpeningDate": null, "notAfterOpeningDate": null, "notBeforeClosingDate": null, "notAfterClosingDate": null, "inUseDate": null, "metalMinedGold": "FALSE", "metalMinedSilver": 1.0, "metalMinedLead": 1.0, "metalMinedCopper": 0.0, "metalMinedTin": 0.0, "metalMinedIron": 0.0, "metalMinedMercuryCinnabar": 0.0, "metalMinedZinc": 0.0, "metalMinedOther": 0.0, "description": null, "references": "Domergue 1990: 46", "techniqueOpencast": null, "techniqueUnderground": null, "techniqueHydraulic": "FALSE", "techniqueHushing": "FALSE", "techniqueGroundSluicing": "FALSE", "techniqueRuinaMontium": 0.0, "techniqueRakeComb": 0.0, "techniqueGoldWashing": 0.0, "techniqueOther": null, "notes": null, "geology": null, "depositType": null, "exploitationType": null, "Flag_Au_Oro": 0, "Status_Au_Oro": "No", "Flag_Ag_Plata": 1, "Status_Ag_Plata": "Confirmado", "Flag_Cu_Cobre": 0, "Status_Cu_Cobre": "No", "Flag_Pb_Plomo": 1, "Status_Pb_Plomo": "Confirmado", "Flag_Hg_Cinabrio": 0, "Status_Hg_Cinabrio": "No", "Flag_Sn_Estano": 0, "Status_Sn_Estano": "No", "Flag_Fe_Hierro": 0, "Status_Fe_Hierro": "No", "Tech_Ruina_Montium": 0, "Tech_Subterranea": 0, "Tech_Cielo_Abierto": 0, "Tech_Lavado_Placer": 0, "Certainty_Spatial": 1.0, "Certainty_Archaeological": 0.9, "Certainty_Metallogenic": 1.0, "Certainty_Score": 0.965, "Certainty_Grade": "Alta Certeza (Grado I)" }, "geometry": { "type": "Point", "coordinates": [ -4.42006548, 38.84343458 ] } },
{ "type": "Feature", "properties": { "mineID": 1504, "site": "Ruiseñada", "ancientName": null, "province": "Hispania Tarraconensis", "country": "Spain", "region": null, "miningDistrict": null, "romanianRANID": null, "sanchezPalenciaAndOrejasID": null, "domergueID": null, "spainMapSheet": null, "lambertX": null, "lambertY": null, "latitude": 43.3639, "longitude": -4.29054, "coordinateAccuracy": 2000.0, "locationDataSource": "\tdare.ht.lu.se/places/38316", "locationNotes": null, "notBeforeOpeningDate": -30.0, "notAfterOpeningDate": -30.0, "notBeforeClosingDate": 300.0, "notAfterClosingDate": 300.0, "inUseDate": "Roman", "metalMinedGold": "FALSE", "metalMinedSilver": 0.0, "metalMinedLead": 1.0, "metalMinedCopper": 0.0, "metalMinedTin": 0.0, "metalMinedIron": 0.0, "metalMinedMercuryCinnabar": 0.0, "metalMinedZinc": 0.0, "metalMinedOther": 0.0, "description": null, "references": null, "techniqueOpencast": null, "techniqueUnderground": null, "techniqueHydraulic": "FALSE", "techniqueHushing": "FALSE", "techniqueGroundSluicing": "FALSE", "techniqueRuinaMontium": 0.0, "techniqueRakeComb": 0.0, "techniqueGoldWashing": 0.0, "techniqueOther": 0.0, "notes": null, "geology": null, "depositType": null, "exploitationType": null, "Flag_Au_Oro": 0, "Status_Au_Oro": "No", "Flag_Ag_Plata": 0, "Status_Ag_Plata": "No", "Flag_Cu_Cobre": 0, "Status_Cu_Cobre": "No", "Flag_Pb_Plomo": 1, "Status_Pb_Plomo": "Confirmado", "Flag_Hg_Cinabrio": 0, "Status_Hg_Cinabrio": "No", "Flag_Sn_Estano": 0, "Status_Sn_Estano": "No", "Flag_Fe_Hierro": 0, "Status_Fe_Hierro": "No", "Tech_Ruina_Montium": 0, "Tech_Subterranea": 0, "Tech_Cielo_Abierto": 0, "Tech_Lavado_Placer": 0, "Certainty_Spatial": 0.5, "Certainty_Archaeological": 0.4, "Certainty_Metallogenic": 1.0, "Certainty_Score": 0.59, "Certainty_Grade": "Baja Certeza / Exploratoria (Grado III)" }, "geometry": { "type": "Point", "coordinates": [ -4.29054, 43.3639 ] } }
]
}
