variable,familia,rol,uso,significado,unidades,fundamento_predictivo,limitaciones,fuente,metodo,tipo,n_faltantes,faltantes_pct,n_distintos,rango_o_ejemplos
row,Identificación y soporte territorial,auxiliar_no_predictor,Excluir de X,Índice de fila desde 0; aumenta hacia el sur.,índice,No se propone como predictor geológico.,Permite reconstruir la rejilla; puede memorizar localización.,Fases C/D; código y configuración,,int64,0,0.0,872,0 … 871
col,Identificación y soporte territorial,auxiliar_no_predictor,Excluir de X,Índice de columna desde 0; aumenta hacia el este.,índice,No se propone como predictor geológico.,Localiza la celda en la matriz; no representa un proceso geológico.,Fases C/D; código y configuración,,int64,0,0.0,1035,36 … 1070
cell_id,Identificación y soporte territorial,clave,Excluir de X,"Identificador único formado por versión de rejilla, fila y columna.",texto,No se propone como predictor geológico.,Clave de unión y trazabilidad; nunca una magnitud geológica.,Fases C/D; código y configuración,,str,0,0.0,496855,es_pen_utm30_1km_v1_r0000_c0172: 1; es_pen_utm30_1km_v1_r0000_c0173: 1; es_pen_utm30_1km_v1_r0001_c0172: 1; es_pen_utm30_1km_v1_r0001_c0173: 1
x_center,Identificación y soporte territorial,auxiliar_no_predictor,Excluir de X,"Coordenada este del centro: -50000 + (col + 0,5) × 1000.",m; EPSG:25830,No se propone como predictor geológico.,"Localización espacial; usar para mapas y evaluación espacial, no como predictor autorizado.",Fases C/D; código y configuración,,float64,0,0.0,1035,-13500.0 … 1020500.0
y_center,Identificación y soporte territorial,auxiliar_no_predictor,Excluir de X,"Coordenada norte del centro: 4860000 - (row + 0,5) × 1000.",m; EPSG:25830,No se propone como predictor geológico.,Localización espacial; no es latitud y puede codificar provincias de exploración.,Fases C/D; código y configuración,,float64,0,0.0,872,3988500.0 … 4859500.0
land_area_m2,Identificación y soporte territorial,auxiliar_no_predictor,Excluir de X,Superficie terrestre de la celda según la máscara candidata.,m²,No se propone como predictor geológico.,Denominador para agregaciones; mide soporte territorial.,Fases C/D; código y configuración,,float64,0,0.0,6374,0.6185531052243661 … 1000000.0
land_fraction,Identificación y soporte territorial,auxiliar_no_predictor,Excluir de X,land_area_m2 / 1000000; fracción terrestre del cuadrado de 1 km.,fracción 0–1,No se propone como predictor geológico.,"Describe costa y bordes de la máscara, no fertilidad.",Fases C/D; código y configuración,,float64,0,0.0,6374,6.185531052243661e-07 … 1.0
coastal_eligible,Identificación y soporte territorial,auxiliar_no_predictor,Excluir de X,"Verdadero cuando land_fraction ≥ 0,5.",booleano,No se propone como predictor geológico.,Filtro de soporte mínimo costero; no una probabilidad de oro.,Fases C/D; código y configuración,,bool,0,0.0,2,False … True
diagnostic_block,Identificación y soporte territorial,auxiliar_no_predictor,Excluir de X,"Bloque de diagnóstico de 50 × 50 km, construido con fila y columna.",categoría espacial,No se propone como predictor geológico.,Agrupa diagnósticos de cobertura; no es automáticamente un fold de validación.,Fases C/D; código y configuración,,str,0,0.0,246,"b1_2: 2,500; b1_3: 2,500; b1_4: 2,500; b1_5: 2,500"
litologia_cobertura,Calidad geológica,auxiliar_no_predictor,Excluir de X,Área de unión de polígonos de la familia / área terrestre de la celda.,m²/m² terrestre,Controla si la extracción es utilizable.,No interpreta litología ni edad; filtrar/auditar fuera de X. El exceso de solape no tiene garantizado el límite 1 en cualquier conjunto de datos.,Fases C/D; código y configuración,,float64,0,0.0,4900,0.0 … 1.0000000000000004
litologia_solape_fraccion,Calidad geológica,auxiliar_no_predictor,Excluir de X,"Exceso de suma de áreas de categorías sobre área de unión, dividido por área terrestre; detecta conflicto entre categorías.",m²/m² terrestre,Controla si la extracción es utilizable.,No interpreta litología ni edad; filtrar/auditar fuera de X. El exceso de solape no tiene garantizado el límite 1 en cualquier conjunto de datos.,Fases C/D; código y configuración,,float64,0,0.0,433,0.0 … 9.740918998714609e-12
litologia_sin_atributo_fraccion,Calidad geológica,auxiliar_no_predictor,Excluir de X,Área de polígonos SIN_ATRIBUTO / área terrestre.,m²/m² terrestre,Controla si la extracción es utilizable.,No interpreta litología ni edad; filtrar/auditar fuera de X. El exceso de solape no tiene garantizado el límite 1 en cualquier conjunto de datos.,Fases C/D; código y configuración,,float64,0,0.0,12726,0.0 … 1.0000000000000002
edades_cobertura,Calidad geológica,auxiliar_no_predictor,Excluir de X,Área de unión de polígonos de la familia / área terrestre de la celda.,m²/m² terrestre,Controla si la extracción es utilizable.,No interpreta litología ni edad; filtrar/auditar fuera de X. El exceso de solape no tiene garantizado el límite 1 en cualquier conjunto de datos.,Fases C/D; código y configuración,,float64,0,0.0,4900,0.0 … 1.0000000000000004
edades_solape_fraccion,Calidad geológica,auxiliar_no_predictor,Excluir de X,"Exceso de suma de áreas de categorías sobre área de unión, dividido por área terrestre; detecta conflicto entre categorías.",m²/m² terrestre,Controla si la extracción es utilizable.,No interpreta litología ni edad; filtrar/auditar fuera de X. El exceso de solape no tiene garantizado el límite 1 en cualquier conjunto de datos.,Fases C/D; código y configuración,,float64,0,0.0,435,0.0 … 9.740918998714609e-12
edades_sin_atributo_fraccion,Calidad geológica,auxiliar_no_predictor,Excluir de X,Área de polígonos SIN_ATRIBUTO / área terrestre.,m²/m² terrestre,Controla si la extracción es utilizable.,No interpreta litología ni edad; filtrar/auditar fuera de X. El exceso de solape no tiene garantizado el límite 1 en cualquier conjunto de datos.,Fases C/D; código y configuración,,float64,0,0.0,12726,0.0 … 1.0000000000000002
falla_cartografiada_sin_traza_en_10000m,Calidad de trazas,auxiliar_no_predictor,Excluir de X,Verdadero cuando no hay distancia finita a falla_cartografiada dentro de 10000 m.,booleano,Indicador de búsqueda sin resultado; ayuda a interpretar el NaN de distancia.,No demuestra ausencia de estructura/cauce ni que la zona haya sido levantada. Excluido de la lista de predictores.,Fases C/D; código y configuración,,bool,0,0.0,2,False … True
structural_soporte_terrestre_1000m,Soporte de vecindario,auxiliar_no_predictor,Excluir de X,Área terrestre ponderada de la ventana de radio 1000 m dividida por el área de la ventana discretizada usada en densidades.,fracción ≈0–1,Controla el denominador efectivo junto a costas y límites.,No mide porcentaje de estructuras/cauces observados ni cobertura de campaña; pequeñas desviaciones numéricas pueden deberse a la convolución.,Fases C/D; código y configuración,,float64,0,0.0,12226,0.03639710891793203 … 1.000000000000001
structural_soporte_terrestre_5000m,Soporte de vecindario,auxiliar_no_predictor,Excluir de X,Área terrestre ponderada de la ventana de radio 5000 m dividida por el área de la ventana discretizada usada en densidades.,fracción ≈0–1,Controla el denominador efectivo junto a costas y límites.,No mide porcentaje de estructuras/cauces observados ni cobertura de campaña; pequeñas desviaciones numéricas pueden deberse a la convolución.,Fases C/D; código y configuración,,float64,0,0.0,29607,0.028286446680885126 … 1.000000000000001
structural_soporte_terrestre_10000m,Soporte de vecindario,auxiliar_no_predictor,Excluir de X,Área terrestre ponderada de la ventana de radio 10000 m dividida por el área de la ventana discretizada usada en densidades.,fracción ≈0–1,Controla el denominador efectivo junto a costas y límites.,No mide porcentaje de estructuras/cauces observados ni cobertura de campaña; pequeñas desviaciones numéricas pueden deberse a la convolución.,Fases C/D; código y configuración,,float64,0,0.0,48907,0.120610047196506 … 1.0000000000000009
falla_supuesta_sin_traza_en_10000m,Calidad de trazas,auxiliar_no_predictor,Excluir de X,Verdadero cuando no hay distancia finita a falla_supuesta dentro de 10000 m.,booleano,Indicador de búsqueda sin resultado; ayuda a interpretar el NaN de distancia.,No demuestra ausencia de estructura/cauce ni que la zona haya sido levantada. Excluido de la lista de predictores.,Fases C/D; código y configuración,,bool,0,0.0,2,False … True
cabalgamiento_cartografiada_sin_traza_en_10000m,Calidad de trazas,auxiliar_no_predictor,Excluir de X,Verdadero cuando no hay distancia finita a cabalgamiento_cartografiada dentro de 10000 m.,booleano,Indicador de búsqueda sin resultado; ayuda a interpretar el NaN de distancia.,No demuestra ausencia de estructura/cauce ni que la zona haya sido levantada. Excluido de la lista de predictores.,Fases C/D; código y configuración,,bool,0,0.0,2,False … True
cabalgamiento_supuesta_sin_traza_en_10000m,Calidad de trazas,auxiliar_no_predictor,Excluir de X,Verdadero cuando no hay distancia finita a cabalgamiento_supuesta dentro de 10000 m.,booleano,Indicador de búsqueda sin resultado; ayuda a interpretar el NaN de distancia.,No demuestra ausencia de estructura/cauce ni que la zona haya sido levantada. Excluido de la lista de predictores.,Fases C/D; código y configuración,,bool,0,0.0,2,False … True
contacto_intrusivo_cartografiada_sin_traza_en_10000m,Calidad de trazas,auxiliar_no_predictor,Excluir de X,Verdadero cuando no hay distancia finita a contacto_intrusivo_cartografiada dentro de 10000 m.,booleano,Indicador de búsqueda sin resultado; ayuda a interpretar el NaN de distancia.,No demuestra ausencia de estructura/cauce ni que la zona haya sido levantada. Excluido de la lista de predictores.,Fases C/D; código y configuración,,bool,0,0.0,2,False … True
contacto_intrusivo_supuesta_sin_traza_en_10000m,Calidad de trazas,auxiliar_no_predictor,Excluir de X,Verdadero cuando no hay distancia finita a contacto_intrusivo_supuesta dentro de 10000 m.,booleano,Indicador de búsqueda sin resultado; ayuda a interpretar el NaN de distancia.,No demuestra ausencia de estructura/cauce ni que la zona haya sido levantada. Excluido de la lista de predictores.,Fases C/D; código y configuración,,bool,0,0.0,2,False … True
structural_cobertura_levantamiento_acreditada,Calidad de levantamiento,auxiliar_no_predictor,Excluir de X,Bandera de acreditación de cobertura del levantamiento estructural o hidrográfico; el código la fija en falso.,booleano,"Control científico de disponibilidad, sin señal geológica.",Falso no significa territorio sin fallas/cauces. Es constante en esta ejecución.,Fases C/D; código y configuración,,bool,0,0.0,1,False … False
geoquimica_au_valid_rgb,Calidad geoquímica,auxiliar_no_predictor,Excluir de X,Fracción del área terrestre con clase y RGB aceptados para oro.,fracción 0–1,Determina si puede conservarse la variable geoquímica.,"RGB compatible no prueba leyenda correcta. Tolerancia euclídea 2 y margen mínimo 10 frente al segundo color; umbral de área 0,95.",Fases C/D; código y configuración,,float64,0,0.0,1847,0.0 … 1.0
geoquimica_as_valid_rgb,Calidad geoquímica,auxiliar_no_predictor,Excluir de X,Fracción del área terrestre con clase y RGB aceptados para arsénico.,fracción 0–1,Determina si puede conservarse la variable geoquímica.,"RGB compatible no prueba leyenda correcta. Tolerancia euclídea 2 y margen mínimo 10 frente al segundo color; umbral de área 0,95.",Fases C/D; código y configuración,,float64,0,0.0,1847,0.0 … 1.0
geoquimica_sb_valid_rgb,Calidad geoquímica,auxiliar_no_predictor,Excluir de X,Fracción del área terrestre con clase y RGB aceptados para antimonio.,fracción 0–1,Determina si puede conservarse la variable geoquímica.,"RGB compatible no prueba leyenda correcta. Tolerancia euclídea 2 y margen mínimo 10 frente al segundo color; umbral de área 0,95.",Fases C/D; código y configuración,,float64,0,0.0,1819,0.0 … 1.0
geoquimica_bi_valid_rgb,Calidad geoquímica,auxiliar_no_predictor,Excluir de X,Fracción del área terrestre con clase y RGB aceptados para bismuto.,fracción 0–1,Determina si puede conservarse la variable geoquímica.,"RGB compatible no prueba leyenda correcta. Tolerancia euclídea 2 y margen mínimo 10 frente al segundo color; umbral de área 0,95.",Fases C/D; código y configuración,,float64,0,0.0,1847,0.0 … 1.0
geoquimica_hg_valid_rgb,Calidad geoquímica,auxiliar_no_predictor,Excluir de X,Fracción del área terrestre con clase y RGB aceptados para mercurio.,fracción 0–1,Determina si puede conservarse la variable geoquímica.,"RGB compatible no prueba leyenda correcta. Tolerancia euclídea 2 y margen mínimo 10 frente al segundo color; umbral de área 0,95.",Fases C/D; código y configuración,,float64,0,0.0,1847,0.0 … 1.0
geoquimica_cu_valid_rgb,Calidad geoquímica,auxiliar_no_predictor,Excluir de X,Fracción del área terrestre con clase y RGB aceptados para cobre.,fracción 0–1,Determina si puede conservarse la variable geoquímica.,"RGB compatible no prueba leyenda correcta. Tolerancia euclídea 2 y margen mínimo 10 frente al segundo color; umbral de área 0,95.",Fases C/D; código y configuración,,float64,0,0.0,1847,0.0 … 1.0
geoquimica_pb_valid_rgb,Calidad geoquímica,auxiliar_no_predictor,Excluir de X,Fracción del área terrestre con clase y RGB aceptados para plomo.,fracción 0–1,Determina si puede conservarse la variable geoquímica.,"RGB compatible no prueba leyenda correcta. Tolerancia euclídea 2 y margen mínimo 10 frente al segundo color; umbral de área 0,95.",Fases C/D; código y configuración,,float64,0,0.0,2245,0.0 … 1.0
geoquimica_zn_valid_rgb,Calidad geoquímica,auxiliar_no_predictor,Excluir de X,Fracción del área terrestre con clase y RGB aceptados para zinc.,fracción 0–1,Determina si puede conservarse la variable geoquímica.,"RGB compatible no prueba leyenda correcta. Tolerancia euclídea 2 y margen mínimo 10 frente al segundo color; umbral de área 0,95.",Fases C/D; código y configuración,,float64,0,0.0,1639,0.0 … 1.0
geoquimica_w_valid_rgb,Calidad geoquímica,auxiliar_no_predictor,Excluir de X,Fracción del área terrestre con clase y RGB aceptados para wolframio.,fracción 0–1,Determina si puede conservarse la variable geoquímica.,"RGB compatible no prueba leyenda correcta. Tolerancia euclídea 2 y margen mínimo 10 frente al segundo color; umbral de área 0,95.",Fases C/D; código y configuración,,float64,0,0.0,1804,0.0 … 1.0
elevacion_media_m_valid_fraction,Calidad de relieve,auxiliar_no_predictor,Excluir de X,Área terrestre con valor finito de elevacion_media_m / área terrestre total de la celda.,fracción 0–1,Controla la aceptación del agregado de relieve.,"No es relieve, pendiente ni rugosidad; exige ≥0,95 para conservar el predictor.",Fases C/D; código y configuración,,float64,0,0.0,1,1.0 … 1.0
pendiente_grados_valid_fraction,Calidad de relieve,auxiliar_no_predictor,Excluir de X,Área terrestre con valor finito de pendiente_grados / área terrestre total de la celda.,fracción 0–1,Controla la aceptación del agregado de relieve.,"No es relieve, pendiente ni rugosidad; exige ≥0,95 para conservar el predictor.",Fases C/D; código y configuración,,float64,0,0.0,3118,0.0 … 1.0
tpi_1000m_m_valid_fraction,Calidad de relieve,auxiliar_no_predictor,Excluir de X,Área terrestre con valor finito de tpi_1000m_m / área terrestre total de la celda.,fracción 0–1,Controla la aceptación del agregado de relieve.,"No es relieve, pendiente ni rugosidad; exige ≥0,95 para conservar el predictor.",Fases C/D; código y configuración,,float64,0,0.0,1952,0.0 … 1.0
desv_elevacion_1000m_m_valid_fraction,Calidad de relieve,auxiliar_no_predictor,Excluir de X,Área terrestre con valor finito de desv_elevacion_1000m_m / área terrestre total de la celda.,fracción 0–1,Controla la aceptación del agregado de relieve.,"No es relieve, pendiente ni rugosidad; exige ≥0,95 para conservar el predictor.",Fases C/D; código y configuración,,float64,0,0.0,1952,0.0 … 1.0
tpi_5000m_m_valid_fraction,Calidad de relieve,auxiliar_no_predictor,Excluir de X,Área terrestre con valor finito de tpi_5000m_m / área terrestre total de la celda.,fracción 0–1,Controla la aceptación del agregado de relieve.,"No es relieve, pendiente ni rugosidad; exige ≥0,95 para conservar el predictor.",Fases C/D; código y configuración,,float64,0,0.0,12,0.0 … 1.0
desv_elevacion_5000m_m_valid_fraction,Calidad de relieve,auxiliar_no_predictor,Excluir de X,Área terrestre con valor finito de desv_elevacion_5000m_m / área terrestre total de la celda.,fracción 0–1,Controla la aceptación del agregado de relieve.,"No es relieve, pendiente ni rugosidad; exige ≥0,95 para conservar el predictor.",Fases C/D; código y configuración,,float64,0,0.0,12,0.0 … 1.0
cauce_sin_traza_en_10000m,Calidad de trazas,auxiliar_no_predictor,Excluir de X,Verdadero cuando no hay distancia finita a cauce dentro de 10000 m.,booleano,Indicador de búsqueda sin resultado; ayuda a interpretar el NaN de distancia.,No demuestra ausencia de estructura/cauce ni que la zona haya sido levantada. Excluido de la lista de predictores.,Fases C/D; código y configuración,,bool,0,0.0,2,False … True
hydrology_soporte_terrestre_1000m,Soporte de vecindario,auxiliar_no_predictor,Excluir de X,Área terrestre ponderada de la ventana de radio 1000 m dividida por el área de la ventana discretizada usada en densidades.,fracción ≈0–1,Controla el denominador efectivo junto a costas y límites.,No mide porcentaje de estructuras/cauces observados ni cobertura de campaña; pequeñas desviaciones numéricas pueden deberse a la convolución.,Fases C/D; código y configuración,,float64,0,0.0,12226,0.03639710891793203 … 1.000000000000001
hydrology_soporte_terrestre_5000m,Soporte de vecindario,auxiliar_no_predictor,Excluir de X,Área terrestre ponderada de la ventana de radio 5000 m dividida por el área de la ventana discretizada usada en densidades.,fracción ≈0–1,Controla el denominador efectivo junto a costas y límites.,No mide porcentaje de estructuras/cauces observados ni cobertura de campaña; pequeñas desviaciones numéricas pueden deberse a la convolución.,Fases C/D; código y configuración,,float64,0,0.0,29607,0.028286446680885126 … 1.000000000000001
hydrology_soporte_terrestre_10000m,Soporte de vecindario,auxiliar_no_predictor,Excluir de X,Área terrestre ponderada de la ventana de radio 10000 m dividida por el área de la ventana discretizada usada en densidades.,fracción ≈0–1,Controla el denominador efectivo junto a costas y límites.,No mide porcentaje de estructuras/cauces observados ni cobertura de campaña; pequeñas desviaciones numéricas pueden deberse a la convolución.,Fases C/D; código y configuración,,float64,0,0.0,48907,0.120610047196506 … 1.0000000000000009
hydrology_cobertura_levantamiento_acreditada,Calidad de levantamiento,auxiliar_no_predictor,Excluir de X,Bandera de acreditación de cobertura del levantamiento estructural o hidrográfico; el código la fija en falso.,booleano,"Control científico de disponibilidad, sin señal geológica.",Falso no significa territorio sin fallas/cauces. Es constante en esta ejecución.,Fases C/D; código y configuración,,bool,0,0.0,1,False … False
fase_c_valid_relieve,Cobertura heredada de C,auxiliar_no_predictor,Excluir de X,Fracción de soporte de relieve heredada de C: área terrestre con píxeles considerados válidos en la armonización de C.,fracción 0–1,Diagnóstico de cobertura previo a la extracción de predictores en D.,No es booleano pese a valid_. No incorpora todos los controles posteriores de D; en geoquímica no sustituye valid_rgb; en geología no sustituye intersecciones exactas y conflictos.,Fases C/D; código y configuración,,float64,0,0.0,1,1.0 … 1.0
fase_c_valid_geoquimica_au,Cobertura heredada de C,auxiliar_no_predictor,Excluir de X,Fracción de soporte de geoquimica_au heredada de C: área terrestre con píxeles considerados válidos en la armonización de C.,fracción 0–1,Diagnóstico de cobertura previo a la extracción de predictores en D.,No es booleano pese a valid_. No incorpora todos los controles posteriores de D; en geoquímica no sustituye valid_rgb; en geología no sustituye intersecciones exactas y conflictos.,Fases C/D; código y configuración,,float64,0,0.0,1847,0.0 … 1.0
fase_c_valid_geoquimica_as,Cobertura heredada de C,auxiliar_no_predictor,Excluir de X,Fracción de soporte de geoquimica_as heredada de C: área terrestre con píxeles considerados válidos en la armonización de C.,fracción 0–1,Diagnóstico de cobertura previo a la extracción de predictores en D.,No es booleano pese a valid_. No incorpora todos los controles posteriores de D; en geoquímica no sustituye valid_rgb; en geología no sustituye intersecciones exactas y conflictos.,Fases C/D; código y configuración,,float64,0,0.0,1847,0.0 … 1.0
fase_c_valid_geoquimica_sb,Cobertura heredada de C,auxiliar_no_predictor,Excluir de X,Fracción de soporte de geoquimica_sb heredada de C: área terrestre con píxeles considerados válidos en la armonización de C.,fracción 0–1,Diagnóstico de cobertura previo a la extracción de predictores en D.,No es booleano pese a valid_. No incorpora todos los controles posteriores de D; en geoquímica no sustituye valid_rgb; en geología no sustituye intersecciones exactas y conflictos.,Fases C/D; código y configuración,,float64,0,0.0,1819,0.0 … 1.0
fase_c_valid_geoquimica_bi,Cobertura heredada de C,auxiliar_no_predictor,Excluir de X,Fracción de soporte de geoquimica_bi heredada de C: área terrestre con píxeles considerados válidos en la armonización de C.,fracción 0–1,Diagnóstico de cobertura previo a la extracción de predictores en D.,No es booleano pese a valid_. No incorpora todos los controles posteriores de D; en geoquímica no sustituye valid_rgb; en geología no sustituye intersecciones exactas y conflictos.,Fases C/D; código y configuración,,float64,0,0.0,1847,0.0 … 1.0
fase_c_valid_geoquimica_hg,Cobertura heredada de C,auxiliar_no_predictor,Excluir de X,Fracción de soporte de geoquimica_hg heredada de C: área terrestre con píxeles considerados válidos en la armonización de C.,fracción 0–1,Diagnóstico de cobertura previo a la extracción de predictores en D.,No es booleano pese a valid_. No incorpora todos los controles posteriores de D; en geoquímica no sustituye valid_rgb; en geología no sustituye intersecciones exactas y conflictos.,Fases C/D; código y configuración,,float64,0,0.0,1847,0.0 … 1.0
fase_c_valid_geoquimica_cu,Cobertura heredada de C,auxiliar_no_predictor,Excluir de X,Fracción de soporte de geoquimica_cu heredada de C: área terrestre con píxeles considerados válidos en la armonización de C.,fracción 0–1,Diagnóstico de cobertura previo a la extracción de predictores en D.,No es booleano pese a valid_. No incorpora todos los controles posteriores de D; en geoquímica no sustituye valid_rgb; en geología no sustituye intersecciones exactas y conflictos.,Fases C/D; código y configuración,,float64,0,0.0,1847,0.0 … 1.0
fase_c_valid_geoquimica_pb,Cobertura heredada de C,auxiliar_no_predictor,Excluir de X,Fracción de soporte de geoquimica_pb heredada de C: área terrestre con píxeles considerados válidos en la armonización de C.,fracción 0–1,Diagnóstico de cobertura previo a la extracción de predictores en D.,No es booleano pese a valid_. No incorpora todos los controles posteriores de D; en geoquímica no sustituye valid_rgb; en geología no sustituye intersecciones exactas y conflictos.,Fases C/D; código y configuración,,float64,0,0.0,2245,0.0 … 1.0
fase_c_valid_geoquimica_zn,Cobertura heredada de C,auxiliar_no_predictor,Excluir de X,Fracción de soporte de geoquimica_zn heredada de C: área terrestre con píxeles considerados válidos en la armonización de C.,fracción 0–1,Diagnóstico de cobertura previo a la extracción de predictores en D.,No es booleano pese a valid_. No incorpora todos los controles posteriores de D; en geoquímica no sustituye valid_rgb; en geología no sustituye intersecciones exactas y conflictos.,Fases C/D; código y configuración,,float64,0,0.0,1847,0.0 … 1.0
fase_c_valid_geoquimica_w,Cobertura heredada de C,auxiliar_no_predictor,Excluir de X,Fracción de soporte de geoquimica_w heredada de C: área terrestre con píxeles considerados válidos en la armonización de C.,fracción 0–1,Diagnóstico de cobertura previo a la extracción de predictores en D.,No es booleano pese a valid_. No incorpora todos los controles posteriores de D; en geoquímica no sustituye valid_rgb; en geología no sustituye intersecciones exactas y conflictos.,Fases C/D; código y configuración,,float64,0,0.0,1847,0.0 … 1.0
fase_c_valid_litologia,Cobertura heredada de C,auxiliar_no_predictor,Excluir de X,Fracción de soporte de litologia heredada de C: ocupación por polígonos estimada a 500 m y ponderada por tierra.,fracción 0–1,Diagnóstico de cobertura previo a la extracción de predictores en D.,No es booleano pese a valid_. No incorpora todos los controles posteriores de D; en geoquímica no sustituye valid_rgb; en geología no sustituye intersecciones exactas y conflictos.,Fases C/D; código y configuración,,float64,0,0.0,1458,0.0 … 1.0
fase_c_valid_edades,Cobertura heredada de C,auxiliar_no_predictor,Excluir de X,Fracción de soporte de edades heredada de C: ocupación por polígonos estimada a 500 m y ponderada por tierra.,fracción 0–1,Diagnóstico de cobertura previo a la extracción de predictores en D.,No es booleano pese a valid_. No incorpora todos los controles posteriores de D; en geoquímica no sustituye valid_rgb; en geología no sustituye intersecciones exactas y conflictos.,Fases C/D; código y configuración,,float64,0,0.0,1458,0.0 … 1.0
fase_c_valid_recintos,Cobertura heredada de C,auxiliar_no_predictor,Excluir de X,Fracción de soporte de recintos heredada de C: ocupación por polígonos estimada a 500 m y ponderada por tierra.,fracción 0–1,Diagnóstico de cobertura previo a la extracción de predictores en D.,No es booleano pese a valid_. No incorpora todos los controles posteriores de D; en geoquímica no sustituye valid_rgb; en geología no sustituye intersecciones exactas y conflictos.,Fases C/D; código y configuración,,float64,0,0.0,2453,0.0 … 1.0
fase_c_coverage_code,Cobertura heredada de C,auxiliar_no_predictor,Excluir de X,"Código: 1 costera con tierra <50 %; 2 geología, relieve y los nueve elementos con soporte ≥95 %; 3 geología y relieve suficientes sin los nueve elementos completos; 4 soporte insuficiente.",código 1–4,Resume reglas de soporte para diagnóstico.,"Categoría administrativa de cobertura, no orden de probabilidad de oro. La regla costera tiene prioridad; recintos no interviene en este código.",Fases C/D; código y configuración,,int64,0,0.0,4,1 … 4
fase_c_coverage_decision,Cobertura heredada de C,auxiliar_no_predictor,Excluir de X,"Texto equivalente al código C: costera_baja_fraccion, soporte_basico_candidato, candidato_reducido_sin_geoquimica_completa o soporte_insuficiente.",categoría,Facilita interpretar decisiones de soporte.,Redundante con fase_c_coverage_code; excluir de X.,Fases C/D; código y configuración,,str,0,0.0,4,"soporte_basico_candidato: 482,830; candidato_reducido_sin_geoquimica_completa: 8,053; costera_baja_fraccion: 3,221; soporte_insuficiente: 2,751"
fase_c_prediction_allowed,Estado de validación,auxiliar_no_predictor,Excluir de X,Bandera de permiso científico de predicción; heredada de C.,booleano,Expresa el estado del proceso de revisión.,No es probabilidad ni resultado del modelo. En la ejecución examinada todas las celdas tienen falso.,Fases C/D; código y configuración,,bool,0,0.0,1,False … False
fase_c_entity_present_magnetometriaradiometria,Capas adicionales: presencia,auxiliar_no_predictor,Excluir de X,Indica si hay alguna entidad de magnetometriaradiometria en la celda rasterizada; valores 0/1.,indicador 0/1,"Inventario de disponibilidad, no propiedad física.","No mide campo magnético, radiactividad, resistividad, densidad, buzamiento ni petrofísica; no acredita cobertura total. Puede reproducir sesgo de campañas.",Fases C/D; código y configuración,,float64,0,0.0,2,0.0 … 1.0
fase_c_entity_present_magnetotelurico,Capas adicionales: presencia,auxiliar_no_predictor,Excluir de X,Indica si hay alguna entidad de magnetotelurico en la celda rasterizada; valores 0/1.,indicador 0/1,"Inventario de disponibilidad, no propiedad física.","No mide campo magnético, radiactividad, resistividad, densidad, buzamiento ni petrofísica; no acredita cobertura total. Puede reproducir sesgo de campañas.",Fases C/D; código y configuración,,float64,0,0.0,2,0.0 … 1.0
fase_c_entity_present_medidasestructurales,Capas adicionales: presencia,auxiliar_no_predictor,Excluir de X,Indica si hay alguna entidad de medidasestructurales en la celda rasterizada; valores 0/1.,indicador 0/1,"Inventario de disponibilidad, no propiedad física.","No mide campo magnético, radiactividad, resistividad, densidad, buzamiento ni petrofísica; no acredita cobertura total. Puede reproducir sesgo de campañas.",Fases C/D; código y configuración,,float64,0,0.0,2,0.0 … 1.0
fase_c_entity_present_petrofisica,Capas adicionales: presencia,auxiliar_no_predictor,Excluir de X,Indica si hay alguna entidad de petrofisica en la celda rasterizada; valores 0/1.,indicador 0/1,"Inventario de disponibilidad, no propiedad física.","No mide campo magnético, radiactividad, resistividad, densidad, buzamiento ni petrofísica; no acredita cobertura total. Puede reproducir sesgo de campañas.",Fases C/D; código y configuración,,float64,0,0.0,2,0.0 … 1.0
fase_c_entity_present_buzamientos,Capas adicionales: presencia,auxiliar_no_predictor,Excluir de X,Indica si hay alguna entidad de buzamientos en la celda rasterizada; valores 0/1.,indicador 0/1,"Inventario de disponibilidad, no propiedad física.","No mide campo magnético, radiactividad, resistividad, densidad, buzamiento ni petrofísica; no acredita cobertura total. Puede reproducir sesgo de campañas.",Fases C/D; código y configuración,,float64,0,0.0,2,0.0 … 1.0
fase_c_footprint_cuaternariorecintos,Capas adicionales: huella,auxiliar_no_predictor,Excluir de X,"Fracción estimada de área terrestre cubierta por polígonos de cuaternariorecintos, rasterizados a 500 m.",fracción 0–1,Diagnóstico espacial de huella de una capa.,No codifica la edad/tipología específica de depósitos cuaternarios ni la identidad de zona GEODE; no es cobertura acreditada de investigación.,Fases C/D; código y configuración,,float64,0,0.0,19,0.0 … 1.0
fase_c_entity_present_gravimetria,Capas adicionales: presencia,auxiliar_no_predictor,Excluir de X,Indica si hay alguna entidad de gravimetria en la celda rasterizada; valores 0/1.,indicador 0/1,"Inventario de disponibilidad, no propiedad física.","No mide campo magnético, radiactividad, resistividad, densidad, buzamiento ni petrofísica; no acredita cobertura total. Puede reproducir sesgo de campañas.",Fases C/D; código y configuración,,float64,0,0.0,2,0.0 … 1.0
fase_c_footprint_zonasgeode,Capas adicionales: huella,auxiliar_no_predictor,Excluir de X,"Fracción estimada de área terrestre cubierta por polígonos de zonasgeode, rasterizados a 500 m.",fracción 0–1,Diagnóstico espacial de huella de una capa.,No codifica la edad/tipología específica de depósitos cuaternarios ni la identidad de zona GEODE; no es cobertura acreditada de investigación.,Fases C/D; código y configuración,,float64,0,0.0,9,0.0 … 1.0
eligible_geology_terrain,Elegibilidad técnica,auxiliar_no_predictor,Excluir de X,"coastal_eligible y valores no nulos de litologia_dominante, edades_dominante, elevacion_media_m y pendiente_grados.",booleano,Selecciona celdas con soporte para un conjunto concreto.,"No significa favorable para Au ni valida entrenamiento. No garantiza disponibilidad de TPI, desviaciones ni distancias estructurales.",Fases C/D; código y configuración,,bool,0,0.0,2,False … True
eligible_geo4,Elegibilidad técnica,auxiliar_no_predictor,Excluir de X,"coastal_eligible y valores no nulos de litologia_dominante, edades_dominante, elevacion_media_m y pendiente_grados. Además, clases modales no nulas de Au, As, Sb y Bi.",booleano,Selecciona celdas con soporte para un conjunto concreto.,"No significa favorable para Au ni valida entrenamiento. No garantiza disponibilidad de TPI, desviaciones ni distancias estructurales.",Fases C/D; código y configuración,,bool,0,0.0,2,False … True
eligible_geo9,Elegibilidad técnica,auxiliar_no_predictor,Excluir de X,"coastal_eligible y valores no nulos de litologia_dominante, edades_dominante, elevacion_media_m y pendiente_grados. Además, clases modales no nulas de Au, As, Sb, Bi, Hg, Cu, Pb, Zn y W.",booleano,Selecciona celdas con soporte para un conjunto concreto.,"No significa favorable para Au ni valida entrenamiento. No garantiza disponibilidad de TPI, desviaciones ni distancias estructurales.",Fases C/D; código y configuración,,bool,0,0.0,2,False … True
prediction_allowed,Estado de validación,auxiliar_no_predictor,Excluir de X,"Bandera final de permiso científico de predicción de D, fijada en falso.",booleano,Expresa el estado del proceso de revisión.,No es probabilidad ni resultado del modelo. En la ejecución examinada todas las celdas tienen falso.,Fases C/D; código y configuración,,bool,0,0.0,1,False … False
litologia_dominante,Litología,predictor_candidato,Candidata; no aprobada,Código de la unidad con mayor área terrestre; empate resuelto por orden textual de categoría.,categoría nominal,Resume el encajante y dominio geológico.,Los códigos uNNN no son rangos de favorabilidad ni edades numéricas. Pierde mezclas minoritarias; la edad de la roca no fecha la mineralización.,litologia,mayor área terrestre; empate por texto ordenado,str,15392,3.097885701059665,19,"litologia_u000: 126,737; litologia_u012: 66,036; litologia_u008: 48,309; litologia_u009: 41,783"
litologia_u000_fraccion,Litología,predictor_candidato,Candidata; no aprobada,"Fracción de área terrestre ocupada por la unidad «Areniscas, conglomerados, arcillas; calizas y evaporitas».",fracción 0–1,Describe una mezcla sedimentaria: permeabilidad y reactividad pueden condicionar circulación y precipitación; su amplitud impide asignarle favorabilidad fija.,"Intersección exacta con polígonos. Unidad cartográfica completa, no proporción de cada roca interna; NaN si falla cobertura/conflicto. Los intervalos de edad mixtos no se desagregan.",litologia,"intersección exacta; fracción de unidad mixta, no de mineral",float32,15392,3.097885701059665,83398,0.0 … 1.0
litologia_u001_fraccion,Litología,predictor_candidato,Candidata; no aprobada,"Fracción de área terrestre ocupada por la unidad «Areniscas, pizarras y calizas».",fracción 0–1,Combina encajantes siliciclásticos y carbonatados; sus contrastes mecánicos y químicos pueden localizar mineralización si hay fluidos y estructuras apropiadas.,"Intersección exacta con polígonos. Unidad cartográfica completa, no proporción de cada roca interna; NaN si falla cobertura/conflicto. Los intervalos de edad mixtos no se desagregan.",litologia,"intersección exacta; fracción de unidad mixta, no de mineral",float32,15392,3.097885701059665,14614,0.0 … 1.0
litologia_u002_fraccion,Litología,predictor_candidato,Candidata; no aprobada,"Fracción de área terrestre ocupada por la unidad «Calizas detríticas, calcarenitas, margas, arcillas y calizas».",fracción 0–1,"Contexto sedimentario carbonatado y detrítico. Puede distinguir cuencas, cobertura y encajantes reactivos; señal principalmente contextual.","Intersección exacta con polígonos. Unidad cartográfica completa, no proporción de cada roca interna; NaN si falla cobertura/conflicto. Los intervalos de edad mixtos no se desagregan.",litologia,"intersección exacta; fracción de unidad mixta, no de mineral",float32,15392,3.097885701059665,10245,0.0 … 1.0
litologia_u003_fraccion,Litología,predictor_candidato,Candidata; no aprobada,"Fracción de área terrestre ocupada por la unidad «Calizas, dolomías y margas. Areniscas y conglomerados».",fracción 0–1,"Carbonatos potencialmente reactivos junto con materiales detríticos; hipótesis de control del encajante, sin evidencia de alteración en esta variable.","Intersección exacta con polígonos. Unidad cartográfica completa, no proporción de cada roca interna; NaN si falla cobertura/conflicto. Los intervalos de edad mixtos no se desagregan.",litologia,"intersección exacta; fracción de unidad mixta, no de mineral",float32,15392,3.097885701059665,27945,0.0 … 1.0
litologia_u004_fraccion,Litología,predictor_candidato,Candidata; no aprobada,"Fracción de área terrestre ocupada por la unidad «Conglomerados, areniscas y lutitas».",fracción 0–1,"Contexto detrítico con conglomerados. Puede señalar ambientes de transporte o encajantes, pero no identifica paleoplaceres auríferos por sí solo.","Intersección exacta con polígonos. Unidad cartográfica completa, no proporción de cada roca interna; NaN si falla cobertura/conflicto. Los intervalos de edad mixtos no se desagregan.",litologia,"intersección exacta; fracción de unidad mixta, no de mineral",float32,15392,3.097885701059665,697,0.0 … 1.0
litologia_u005_fraccion,Litología,predictor_candidato,Candidata; no aprobada,"Fracción de área terrestre ocupada por la unidad «Conglomerados, areniscas, arcillas y calizas. Evaporitas».",fracción 0–1,Mezcla sedimentaria y evaporítica; diferencia dominios y cobertura. No hay una relación positiva universal con Au.,"Intersección exacta con polígonos. Unidad cartográfica completa, no proporción de cada roca interna; NaN si falla cobertura/conflicto. Los intervalos de edad mixtos no se desagregan.",litologia,"intersección exacta; fracción de unidad mixta, no de mineral",float32,15392,3.097885701059665,20316,0.0 … 1.0
litologia_u006_fraccion,Litología,predictor_candidato,Candidata; no aprobada,"Fracción de área terrestre ocupada por la unidad «Conglomerados, areniscas, calizas, yesos y arcillas versicolores».",fracción 0–1,"Unidad sedimentaria heterogénea con yesos; aporta contexto de cuenca y posibles contrastes de permeabilidad, no una señal aurífera directa.","Intersección exacta con polígonos. Unidad cartográfica completa, no proporción de cada roca interna; NaN si falla cobertura/conflicto. Los intervalos de edad mixtos no se desagregan.",litologia,"intersección exacta; fracción de unidad mixta, no de mineral",float32,15392,3.097885701059665,17501,0.0 … 1.0
litologia_u007_fraccion,Litología,predictor_candidato,Candidata; no aprobada,"Fracción de área terrestre ocupada por la unidad «Conglomerados, areniscas, pizarras y calizas. Carbón».",fracción 0–1,"Encajantes detríticos y pizarrosos, carbonatos y carbón. Sugiere contrastes mecánicos y químicos, sin medir materia reductora ni sulfuros efectivamente presentes.","Intersección exacta con polígonos. Unidad cartográfica completa, no proporción de cada roca interna; NaN si falla cobertura/conflicto. Los intervalos de edad mixtos no se desagregan.",litologia,"intersección exacta; fracción de unidad mixta, no de mineral",float32,15392,3.097885701059665,7947,0.0 … 1.0
litologia_u008_fraccion,Litología,predictor_candidato,Candidata; no aprobada,"Fracción de área terrestre ocupada por la unidad «Cuarcitas, pizarras, areniscas y calizas».",fracción 0–1,"Contrastes entre cuarcitas, pizarras y carbonatos pueden condicionar fracturación, circulación y reacción con fluidos; requiere estructuras favorables.","Intersección exacta con polígonos. Unidad cartográfica completa, no proporción de cada roca interna; NaN si falla cobertura/conflicto. Los intervalos de edad mixtos no se desagregan.",litologia,"intersección exacta; fracción de unidad mixta, no de mineral",float32,15392,3.097885701059665,29400,0.0 … 1.0
litologia_u009_fraccion,Litología,predictor_candidato,Candidata; no aprobada,"Fracción de área terrestre ocupada por la unidad «Dolomías, calizas y margas. Areniscas».",fracción 0–1,Carbonatos y materiales detríticos: contexto de encajante reactivo y permeabilidad; no basta para inferir un sistema mineralizado.,"Intersección exacta con polígonos. Unidad cartográfica completa, no proporción de cada roca interna; NaN si falla cobertura/conflicto. Los intervalos de edad mixtos no se desagregan.",litologia,"intersección exacta; fracción de unidad mixta, no de mineral",float32,15392,3.097885701059665,35918,0.0 … 1.0
litologia_u010_fraccion,Litología,predictor_candidato,Candidata; no aprobada,Fracción de área terrestre ocupada por la unidad «Gneisses».,fracción 0–1,"Representa basamento metamórfico; puede contextualizar zonas de cizalla y vetas, pero gneiss no equivale a roca aurífera.","Intersección exacta con polígonos. Unidad cartográfica completa, no proporción de cada roca interna; NaN si falla cobertura/conflicto. Los intervalos de edad mixtos no se desagregan.",litologia,"intersección exacta; fracción de unidad mixta, no de mineral",float32,15392,3.097885701059665,3650,0.0 … 1.0
litologia_u011_fraccion,Litología,predictor_candidato,Candidata; no aprobada,Fracción de área terrestre ocupada por la unidad «Granitoides de dos micas».,fracción 0–1,"Contexto granítico para evaluar sistemas relacionados con intrusiones; necesita edad, fertilidad y geoquímica compatibles.","Intersección exacta con polígonos. Unidad cartográfica completa, no proporción de cada roca interna; NaN si falla cobertura/conflicto. Los intervalos de edad mixtos no se desagregan.",litologia,"intersección exacta; fracción de unidad mixta, no de mineral",float32,15392,3.097885701059665,10510,0.0 … 1.0
litologia_u012_fraccion,Litología,predictor_candidato,Candidata; no aprobada,"Fracción de área terrestre ocupada por la unidad «Gravas, conglomerados, arenas y limos».",fracción 0–1,Hipótesis de transporte y acumulación detrítica de Au; la unidad incluye depósitos no auríferos y no distingue terrazas de otros sedimentos.,"Intersección exacta con polígonos. Unidad cartográfica completa, no proporción de cada roca interna; NaN si falla cobertura/conflicto. Los intervalos de edad mixtos no se desagregan.",litologia,"intersección exacta; fracción de unidad mixta, no de mineral",float32,15392,3.097885701059665,68905,0.0 … 1.0
litologia_u013_fraccion,Litología,predictor_candidato,Candidata; no aprobada,"Fracción de área terrestre ocupada por la unidad «Micaesquistos, filitas, areniscas, mármoles, calizas, dolomías y margas».",fracción 0–1,Encajantes metamórficos y carbonatados con contrastes mecánicos y químicos; posible contexto de vetas y reacción roca-fluido.,"Intersección exacta con polígonos. Unidad cartográfica completa, no proporción de cada roca interna; NaN si falla cobertura/conflicto. Los intervalos de edad mixtos no se desagregan.",litologia,"intersección exacta; fracción de unidad mixta, no de mineral",float32,15392,3.097885701059665,5730,0.0 … 1.0
litologia_u014_fraccion,Litología,predictor_candidato,Candidata; no aprobada,"Fracción de área terrestre ocupada por la unidad «Migmatitas, mármoles y granitoides indiferenciados».",fracción 0–1,"Unidad mixta de basamento y granitoides; puede aportar contexto térmico e intrusivo, pero no cuantifica cuánto granito contiene.","Intersección exacta con polígonos. Unidad cartográfica completa, no proporción de cada roca interna; NaN si falla cobertura/conflicto. Los intervalos de edad mixtos no se desagregan.",litologia,"intersección exacta; fracción de unidad mixta, no de mineral",float32,15392,3.097885701059665,1840,0.0 … 1.0
litologia_u015_fraccion,Litología,predictor_candidato,Candidata; no aprobada,Fracción de área terrestre ocupada por la unidad «Otros granitoides».,fracción 0–1,"Contexto intrusivo genérico; útil para contrastar hipótesis relacionadas con magmatismo, sin asumir que cualquier granitoide es fértil.","Intersección exacta con polígonos. Unidad cartográfica completa, no proporción de cada roca interna; NaN si falla cobertura/conflicto. Los intervalos de edad mixtos no se desagregan.",litologia,"intersección exacta; fracción de unidad mixta, no de mineral",float32,15392,3.097885701059665,12907,0.0 … 1.0
litologia_u016_fraccion,Litología,predictor_candidato,Candidata; no aprobada,"Fracción de área terrestre ocupada por la unidad «Pizarras, grauwackas, cuarictas y conglomerados».",fracción 0–1,"Encajantes siliciclásticos/metasedimentarios: posible contexto de vetas y cizallas; necesita estructura, cronología y señal geoquímica.","Intersección exacta con polígonos. Unidad cartográfica completa, no proporción de cada roca interna; NaN si falla cobertura/conflicto. Los intervalos de edad mixtos no se desagregan.",litologia,"intersección exacta; fracción de unidad mixta, no de mineral",float32,15392,3.097885701059665,12150,0.0 … 1.0
litologia_u018_fraccion,Litología,predictor_candidato,Candidata; no aprobada,Fracción de área terrestre ocupada por la unidad «Serpentinitas y peridotitas. Rocas básicas y ultrabásicas».,fracción 0–1,Contexto máfico y ultramáfico; permite probar controles del encajante y contrastes litológicos sin asumir asociación universal con Au.,"Intersección exacta con polígonos. Unidad cartográfica completa, no proporción de cada roca interna; NaN si falla cobertura/conflicto. Los intervalos de edad mixtos no se desagregan.",litologia,"intersección exacta; fracción de unidad mixta, no de mineral",float32,15392,3.097885701059665,3938,0.0 … 1.0
litologia_u019_fraccion,Litología,predictor_candidato,Candidata; no aprobada,Fracción de área terrestre ocupada por la unidad «Vulcanitas y rocas volcanoclásticas».,fracción 0–1,Contexto volcánico/volcanoclástico donde se pueden probar hipótesis hidrotermales; no informa sobre alteración ni fertilidad.,"Intersección exacta con polígonos. Unidad cartográfica completa, no proporción de cada roca interna; NaN si falla cobertura/conflicto. Los intervalos de edad mixtos no se desagregan.",litologia,"intersección exacta; fracción de unidad mixta, no de mineral",float32,15392,3.097885701059665,5324,0.0 … 1.0
edades_dominante,Edades,predictor_candidato,Candidata; no aprobada,Código de la unidad con mayor área terrestre; empate resuelto por orden textual de categoría.,categoría nominal,Resume el dominio cronoestratigráfico cartografiado; permite contrastar asociaciones con historia geológica.,Los códigos uNNN no son rangos de favorabilidad ni edades numéricas. Pierde mezclas minoritarias; la edad de la roca no fecha la mineralización.,edades,mayor área terrestre; empate por texto ordenado,str,15392,3.097885701059665,28,"edades_u011: 108,220; edades_u004: 66,065; edades_u002: 39,219; edades_u008: 36,720"
edades_u000_fraccion,Edades,predictor_candidato,Candidata; no aprobada,Fracción de área terrestre ocupada por la unidad «CARBONÍFERO».,fracción 0–1,"Distingue dominios y episodios de la historia geológica; su asociación con Au es una hipótesis contextual, no una relación monotónica con antigüedad.","Intersección exacta con polígonos. Unidad cartográfica completa, no proporción de cada roca interna; NaN si falla cobertura/conflicto. Los intervalos de edad mixtos no se desagregan.",edades,"intersección exacta; fracción de unidad mixta, no de mineral",float32,15392,3.097885701059665,13017,0.0 … 1.0
edades_u001_fraccion,Edades,predictor_candidato,Candidata; no aprobada,Fracción de área terrestre ocupada por la unidad «CARBONÍFERO-PÉRMICO».,fracción 0–1,"Distingue dominios y episodios de la historia geológica; su asociación con Au es una hipótesis contextual, no una relación monotónica con antigüedad.","Intersección exacta con polígonos. Unidad cartográfica completa, no proporción de cada roca interna; NaN si falla cobertura/conflicto. Los intervalos de edad mixtos no se desagregan.",edades,"intersección exacta; fracción de unidad mixta, no de mineral",float32,15392,3.097885701059665,697,0.0 … 1.0
edades_u002_fraccion,Edades,predictor_candidato,Candidata; no aprobada,Fracción de área terrestre ocupada por la unidad «CRETÁCICO».,fracción 0–1,"Distingue dominios y episodios de la historia geológica; su asociación con Au es una hipótesis contextual, no una relación monotónica con antigüedad.","Intersección exacta con polígonos. Unidad cartográfica completa, no proporción de cada roca interna; NaN si falla cobertura/conflicto. Los intervalos de edad mixtos no se desagregan.",edades,"intersección exacta; fracción de unidad mixta, no de mineral",float32,15392,3.097885701059665,32114,0.0 … 1.0
edades_u003_fraccion,Edades,predictor_candidato,Candidata; no aprobada,Fracción de área terrestre ocupada por la unidad «CRETÁCICO-PALEÓGENO».,fracción 0–1,"Distingue dominios y episodios de la historia geológica; su asociación con Au es una hipótesis contextual, no una relación monotónica con antigüedad.","Intersección exacta con polígonos. Unidad cartográfica completa, no proporción de cada roca interna; NaN si falla cobertura/conflicto. Los intervalos de edad mixtos no se desagregan.",edades,"intersección exacta; fracción de unidad mixta, no de mineral",float32,15392,3.097885701059665,6937,0.0 … 1.0
edades_u004_fraccion,Edades,predictor_candidato,Candidata; no aprobada,Fracción de área terrestre ocupada por la unidad «CUATERNARIO».,fracción 0–1,"Contexto cuaternario útil para plantear transporte, depósito y cobertura superficial; no identifica por sí solo un placer aurífero.","Intersección exacta con polígonos. Unidad cartográfica completa, no proporción de cada roca interna; NaN si falla cobertura/conflicto. Los intervalos de edad mixtos no se desagregan.",edades,"intersección exacta; fracción de unidad mixta, no de mineral",float32,15392,3.097885701059665,68905,0.0 … 1.0
edades_u005_fraccion,Edades,predictor_candidato,Candidata; no aprobada,Fracción de área terrestre ocupada por la unidad «CÁMBRICO».,fracción 0–1,"Distingue dominios y episodios de la historia geológica; su asociación con Au es una hipótesis contextual, no una relación monotónica con antigüedad.","Intersección exacta con polígonos. Unidad cartográfica completa, no proporción de cada roca interna; NaN si falla cobertura/conflicto. Los intervalos de edad mixtos no se desagregan.",edades,"intersección exacta; fracción de unidad mixta, no de mineral",float32,15392,3.097885701059665,5302,0.0 … 1.0
edades_u006_fraccion,Edades,predictor_candidato,Candidata; no aprobada,Fracción de área terrestre ocupada por la unidad «CÁMBRICO-ORDOVÍCICO».,fracción 0–1,"Distingue dominios y episodios de la historia geológica; su asociación con Au es una hipótesis contextual, no una relación monotónica con antigüedad.","Intersección exacta con polígonos. Unidad cartográfica completa, no proporción de cada roca interna; NaN si falla cobertura/conflicto. Los intervalos de edad mixtos no se desagregan.",edades,"intersección exacta; fracción de unidad mixta, no de mineral",float32,15392,3.097885701059665,11985,0.0 … 1.0
edades_u007_fraccion,Edades,predictor_candidato,Candidata; no aprobada,Fracción de área terrestre ocupada por la unidad «DEVÓNICO-CARBONÍFERO».,fracción 0–1,"Distingue dominios y episodios de la historia geológica; su asociación con Au es una hipótesis contextual, no una relación monotónica con antigüedad.","Intersección exacta con polígonos. Unidad cartográfica completa, no proporción de cada roca interna; NaN si falla cobertura/conflicto. Los intervalos de edad mixtos no se desagregan.",edades,"intersección exacta; fracción de unidad mixta, no de mineral",float32,15392,3.097885701059665,7747,0.0 … 1.0
edades_u008_fraccion,Edades,predictor_candidato,Candidata; no aprobada,Fracción de área terrestre ocupada por la unidad «DEVÓNICO-CARBONÍFERO-PÉRMICO (Plut. Hercínico)».,fracción 0–1,"La leyenda vincula la unidad al plutonismo hercínico; permite probar contexto intrusivo, sin fechar el oro ni acreditar fertilidad.","Intersección exacta con polígonos. Unidad cartográfica completa, no proporción de cada roca interna; NaN si falla cobertura/conflicto. Los intervalos de edad mixtos no se desagregan.",edades,"intersección exacta; fracción de unidad mixta, no de mineral",float32,15392,3.097885701059665,16973,0.0 … 1.0
edades_u009_fraccion,Edades,predictor_candidato,Candidata; no aprobada,Fracción de área terrestre ocupada por la unidad «JURÁSICO».,fracción 0–1,"Distingue dominios y episodios de la historia geológica; su asociación con Au es una hipótesis contextual, no una relación monotónica con antigüedad.","Intersección exacta con polígonos. Unidad cartográfica completa, no proporción de cada roca interna; NaN si falla cobertura/conflicto. Los intervalos de edad mixtos no se desagregan.",edades,"intersección exacta; fracción de unidad mixta, no de mineral",float32,15392,3.097885701059665,14427,0.0 … 1.0
edades_u010_fraccion,Edades,predictor_candidato,Candidata; no aprobada,Fracción de área terrestre ocupada por la unidad «JURÁSICO-CRETÁCICO».,fracción 0–1,"Distingue dominios y episodios de la historia geológica; su asociación con Au es una hipótesis contextual, no una relación monotónica con antigüedad.","Intersección exacta con polígonos. Unidad cartográfica completa, no proporción de cada roca interna; NaN si falla cobertura/conflicto. Los intervalos de edad mixtos no se desagregan.",edades,"intersección exacta; fracción de unidad mixta, no de mineral",float32,15392,3.097885701059665,21963,0.0 … 1.0
edades_u011_fraccion,Edades,predictor_candidato,Candidata; no aprobada,Fracción de área terrestre ocupada por la unidad «NEÓGENO».,fracción 0–1,"Distingue dominios y episodios de la historia geológica; su asociación con Au es una hipótesis contextual, no una relación monotónica con antigüedad.","Intersección exacta con polígonos. Unidad cartográfica completa, no proporción de cada roca interna; NaN si falla cobertura/conflicto. Los intervalos de edad mixtos no se desagregan.",edades,"intersección exacta; fracción de unidad mixta, no de mineral",float32,15392,3.097885701059665,75422,0.0 … 1.0
edades_u012_fraccion,Edades,predictor_candidato,Candidata; no aprobada,Fracción de área terrestre ocupada por la unidad «NEÓGENO-CUATERNARIO».,fracción 0–1,"Distingue dominios y episodios de la historia geológica; su asociación con Au es una hipótesis contextual, no una relación monotónica con antigüedad.","Intersección exacta con polígonos. Unidad cartográfica completa, no proporción de cada roca interna; NaN si falla cobertura/conflicto. Los intervalos de edad mixtos no se desagregan.",edades,"intersección exacta; fracción de unidad mixta, no de mineral",float32,15392,3.097885701059665,15834,0.0 … 1.0
edades_u013_fraccion,Edades,predictor_candidato,Candidata; no aprobada,Fracción de área terrestre ocupada por la unidad «ORDOVÍCICO».,fracción 0–1,"Distingue dominios y episodios de la historia geológica; su asociación con Au es una hipótesis contextual, no una relación monotónica con antigüedad.","Intersección exacta con polígonos. Unidad cartográfica completa, no proporción de cada roca interna; NaN si falla cobertura/conflicto. Los intervalos de edad mixtos no se desagregan.",edades,"intersección exacta; fracción de unidad mixta, no de mineral",float32,15392,3.097885701059665,17306,0.0 … 1.0
edades_u014_fraccion,Edades,predictor_candidato,Candidata; no aprobada,Fracción de área terrestre ocupada por la unidad «ORDOVÍCICO-SILÚRICO».,fracción 0–1,"Distingue dominios y episodios de la historia geológica; su asociación con Au es una hipótesis contextual, no una relación monotónica con antigüedad.","Intersección exacta con polígonos. Unidad cartográfica completa, no proporción de cada roca interna; NaN si falla cobertura/conflicto. Los intervalos de edad mixtos no se desagregan.",edades,"intersección exacta; fracción de unidad mixta, no de mineral",float32,15392,3.097885701059665,383,0.0 … 1.0
edades_u015_fraccion,Edades,predictor_candidato,Candidata; no aprobada,Fracción de área terrestre ocupada por la unidad «PALEÓGENO».,fracción 0–1,"Distingue dominios y episodios de la historia geológica; su asociación con Au es una hipótesis contextual, no una relación monotónica con antigüedad.","Intersección exacta con polígonos. Unidad cartográfica completa, no proporción de cada roca interna; NaN si falla cobertura/conflicto. Los intervalos de edad mixtos no se desagregan.",edades,"intersección exacta; fracción de unidad mixta, no de mineral",float32,15392,3.097885701059665,9616,0.0 … 1.0
edades_u016_fraccion,Edades,predictor_candidato,Candidata; no aprobada,Fracción de área terrestre ocupada por la unidad «PALEÓGENO-NEÓGENO».,fracción 0–1,"Distingue dominios y episodios de la historia geológica; su asociación con Au es una hipótesis contextual, no una relación monotónica con antigüedad.","Intersección exacta con polígonos. Unidad cartográfica completa, no proporción de cada roca interna; NaN si falla cobertura/conflicto. Los intervalos de edad mixtos no se desagregan.",edades,"intersección exacta; fracción de unidad mixta, no de mineral",float32,15392,3.097885701059665,17242,0.0 … 1.0
edades_u017_fraccion,Edades,predictor_candidato,Candidata; no aprobada,Fracción de área terrestre ocupada por la unidad «PROTEROZOICO SUPERIOR-VENDIENSE».,fracción 0–1,"Distingue dominios y episodios de la historia geológica; su asociación con Au es una hipótesis contextual, no una relación monotónica con antigüedad.","Intersección exacta con polígonos. Unidad cartográfica completa, no proporción de cada roca interna; NaN si falla cobertura/conflicto. Los intervalos de edad mixtos no se desagregan.",edades,"intersección exacta; fracción de unidad mixta, no de mineral",float32,15392,3.097885701059665,9206,0.0 … 1.0
edades_u018_fraccion,Edades,predictor_candidato,Candidata; no aprobada,Fracción de área terrestre ocupada por la unidad «PÉRMICO».,fracción 0–1,"Distingue dominios y episodios de la historia geológica; su asociación con Au es una hipótesis contextual, no una relación monotónica con antigüedad.","Intersección exacta con polígonos. Unidad cartográfica completa, no proporción de cada roca interna; NaN si falla cobertura/conflicto. Los intervalos de edad mixtos no se desagregan.",edades,"intersección exacta; fracción de unidad mixta, no de mineral",float32,15392,3.097885701059665,18,0.0 … 0.9996915459632874
edades_u019_fraccion,Edades,predictor_candidato,Candidata; no aprobada,Fracción de área terrestre ocupada por la unidad «PÉRMICO-TRIÁSICO».,fracción 0–1,"Distingue dominios y episodios de la historia geológica; su asociación con Au es una hipótesis contextual, no una relación monotónica con antigüedad.","Intersección exacta con polígonos. Unidad cartográfica completa, no proporción de cada roca interna; NaN si falla cobertura/conflicto. Los intervalos de edad mixtos no se desagregan.",edades,"intersección exacta; fracción de unidad mixta, no de mineral",float32,15392,3.097885701059665,1256,0.0 … 1.0
edades_u020_fraccion,Edades,predictor_candidato,Candidata; no aprobada,Fracción de área terrestre ocupada por la unidad «RIFEENSE».,fracción 0–1,"Distingue dominios y episodios de la historia geológica; su asociación con Au es una hipótesis contextual, no una relación monotónica con antigüedad.","Intersección exacta con polígonos. Unidad cartográfica completa, no proporción de cada roca interna; NaN si falla cobertura/conflicto. Los intervalos de edad mixtos no se desagregan.",edades,"intersección exacta; fracción de unidad mixta, no de mineral",float32,15392,3.097885701059665,2154,0.0 … 1.0
edades_u021_fraccion,Edades,predictor_candidato,Candidata; no aprobada,Fracción de área terrestre ocupada por la unidad «RIFEENSE-VENDIENSE-CÁMBRICO».,fracción 0–1,"Distingue dominios y episodios de la historia geológica; su asociación con Au es una hipótesis contextual, no una relación monotónica con antigüedad.","Intersección exacta con polígonos. Unidad cartográfica completa, no proporción de cada roca interna; NaN si falla cobertura/conflicto. Los intervalos de edad mixtos no se desagregan.",edades,"intersección exacta; fracción de unidad mixta, no de mineral",float32,15392,3.097885701059665,1638,0.0 … 1.0
edades_u022_fraccion,Edades,predictor_candidato,Candidata; no aprobada,Fracción de área terrestre ocupada por la unidad «SILÚRICO».,fracción 0–1,"Distingue dominios y episodios de la historia geológica; su asociación con Au es una hipótesis contextual, no una relación monotónica con antigüedad.","Intersección exacta con polígonos. Unidad cartográfica completa, no proporción de cada roca interna; NaN si falla cobertura/conflicto. Los intervalos de edad mixtos no se desagregan.",edades,"intersección exacta; fracción de unidad mixta, no de mineral",float32,15392,3.097885701059665,3998,0.0 … 1.0
edades_u023_fraccion,Edades,predictor_candidato,Candidata; no aprobada,Fracción de área terrestre ocupada por la unidad «SILÚRICO-DEVÓNICO».,fracción 0–1,"Distingue dominios y episodios de la historia geológica; su asociación con Au es una hipótesis contextual, no una relación monotónica con antigüedad.","Intersección exacta con polígonos. Unidad cartográfica completa, no proporción de cada roca interna; NaN si falla cobertura/conflicto. Los intervalos de edad mixtos no se desagregan.",edades,"intersección exacta; fracción de unidad mixta, no de mineral",float32,15392,3.097885701059665,7539,0.0 … 1.0
edades_u025_fraccion,Edades,predictor_candidato,Candidata; no aprobada,Fracción de área terrestre ocupada por la unidad «TRIÁSICO».,fracción 0–1,"Distingue dominios y episodios de la historia geológica; su asociación con Au es una hipótesis contextual, no una relación monotónica con antigüedad.","Intersección exacta con polígonos. Unidad cartográfica completa, no proporción de cada roca interna; NaN si falla cobertura/conflicto. Los intervalos de edad mixtos no se desagregan.",edades,"intersección exacta; fracción de unidad mixta, no de mineral",float32,15392,3.097885701059665,20800,0.0 … 1.0
edades_u026_fraccion,Edades,predictor_candidato,Candidata; no aprobada,Fracción de área terrestre ocupada por la unidad «TRIÁSICO-JURÁSICO».,fracción 0–1,"Distingue dominios y episodios de la historia geológica; su asociación con Au es una hipótesis contextual, no una relación monotónica con antigüedad.","Intersección exacta con polígonos. Unidad cartográfica completa, no proporción de cada roca interna; NaN si falla cobertura/conflicto. Los intervalos de edad mixtos no se desagregan.",edades,"intersección exacta; fracción de unidad mixta, no de mineral",float32,15392,3.097885701059665,1286,0.0 … 1.0
edades_u027_fraccion,Edades,predictor_candidato,Candidata; no aprobada,Fracción de área terrestre ocupada por la unidad «VENDIENSE».,fracción 0–1,"Distingue dominios y episodios de la historia geológica; su asociación con Au es una hipótesis contextual, no una relación monotónica con antigüedad.","Intersección exacta con polígonos. Unidad cartográfica completa, no proporción de cada roca interna; NaN si falla cobertura/conflicto. Los intervalos de edad mixtos no se desagregan.",edades,"intersección exacta; fracción de unidad mixta, no de mineral",float32,15392,3.097885701059665,2209,0.0 … 1.0
edades_u028_fraccion,Edades,predictor_candidato,Candidata; no aprobada,Fracción de área terrestre ocupada por la unidad «VENDIENSE-CÁMBRICO».,fracción 0–1,"Distingue dominios y episodios de la historia geológica; su asociación con Au es una hipótesis contextual, no una relación monotónica con antigüedad.","Intersección exacta con polígonos. Unidad cartográfica completa, no proporción de cada roca interna; NaN si falla cobertura/conflicto. Los intervalos de edad mixtos no se desagregan.",edades,"intersección exacta; fracción de unidad mixta, no de mineral",float32,15392,3.097885701059665,7663,0.0 … 1.0
dist_falla_cartografiada_m,Estructuras,predictor_candidato,Candidata; no aprobada,"Distancia euclídea del centro de celda a la traza más próxima de falla/cizalla cartografiada sin marcador textual de supuesta, buscada hasta 10000 m.",m,Las fracturas y cizallas pueden conducir fluidos y localizar trampas estructurales para mineralización hidrotermal.,NaN si no se encuentra traza en 10 km; no es distancia cero ni ausencia geológica. No se calcula desde el borde de la celda; la cobertura del levantamiento no está acreditada.,contactos_geode,centro a traza cartografiada; NaN sin traza dentro de 10000 m; cobertura no acreditada,float32,93902,18.89927644886335,401517,4.5324184611672536e-05 … 9999.8740234375
dens_aprox_falla_cartografiada_1000m_km_km2,Estructuras,predictor_candidato,Candidata; no aprobada,Longitud aproximada de falla/cizalla cartografiada sin marcador textual de supuesta por superficie terrestre en una ventana de radio 1000 m.,km/km²,Las fracturas y cizallas pueden conducir fluidos y localizar trampas estructurales para mineralización hidrotermal. La densidad describe intensidad de la red a esa escala; no cuenta intersecciones ni conectividad.,"Longitud exacta por celda de 1 km redistribuida uniformemente para la ventana circular; aproximación, especialmente sensible a 1 km. Cero significa sin longitud registrada, no ausencia acreditada.",contactos_geode,longitud exacta por celda; ventana circular con reparto uniforme subcelda; no acredita ausencia,float32,0,0.0,251917,0.0 … 8.816088676452637
dens_aprox_falla_cartografiada_5000m_km_km2,Estructuras,predictor_candidato,Candidata; no aprobada,Longitud aproximada de falla/cizalla cartografiada sin marcador textual de supuesta por superficie terrestre en una ventana de radio 5000 m.,km/km²,Las fracturas y cizallas pueden conducir fluidos y localizar trampas estructurales para mineralización hidrotermal. La densidad describe intensidad de la red a esa escala; no cuenta intersecciones ni conectividad.,"Longitud exacta por celda de 1 km redistribuida uniformemente para la ventana circular; aproximación, especialmente sensible a 1 km. Cero significa sin longitud registrada, no ausencia acreditada.",contactos_geode,longitud exacta por celda; ventana circular con reparto uniforme subcelda; no acredita ausencia,float32,0,0.0,356677,0.0 … 3.9366743564605713
dens_aprox_falla_cartografiada_10000m_km_km2,Estructuras,predictor_candidato,Candidata; no aprobada,Longitud aproximada de falla/cizalla cartografiada sin marcador textual de supuesta por superficie terrestre en una ventana de radio 10000 m.,km/km²,Las fracturas y cizallas pueden conducir fluidos y localizar trampas estructurales para mineralización hidrotermal. La densidad describe intensidad de la red a esa escala; no cuenta intersecciones ni conectividad.,"Longitud exacta por celda de 1 km redistribuida uniformemente para la ventana circular; aproximación, especialmente sensible a 1 km. Cero significa sin longitud registrada, no ausencia acreditada.",contactos_geode,longitud exacta por celda; ventana circular con reparto uniforme subcelda; no acredita ausencia,float32,0,0.0,395772,0.0 … 2.763320207595825
dist_falla_supuesta_m,Estructuras,predictor_candidato,Candidata; no aprobada,"Distancia euclídea del centro de celda a la traza más próxima de falla/cizalla supuesta/oculta, buscada hasta 10000 m.",m,Las fracturas y cizallas pueden conducir fluidos y localizar trampas estructurales para mineralización hidrotermal.,NaN si no se encuentra traza en 10 km; no es distancia cero ni ausencia geológica. No se calcula desde el borde de la celda; la cobertura del levantamiento no está acreditada.,contactos_geode,centro a traza cartografiada; NaN sin traza dentro de 10000 m; cobertura no acreditada,float32,150088,30.207605840738243,344989,0.039505358785390854 … 9999.9765625
dens_aprox_falla_supuesta_1000m_km_km2,Estructuras,predictor_candidato,Candidata; no aprobada,Longitud aproximada de falla/cizalla supuesta/oculta por superficie terrestre en una ventana de radio 1000 m.,km/km²,Las fracturas y cizallas pueden conducir fluidos y localizar trampas estructurales para mineralización hidrotermal. La densidad describe intensidad de la red a esa escala; no cuenta intersecciones ni conectividad.,"Longitud exacta por celda de 1 km redistribuida uniformemente para la ventana circular; aproximación, especialmente sensible a 1 km. Cero significa sin longitud registrada, no ausencia acreditada.",contactos_geode,longitud exacta por celda; ventana circular con reparto uniforme subcelda; no acredita ausencia,float32,0,0.0,92973,0.0 … 3.4959490299224854
dens_aprox_falla_supuesta_5000m_km_km2,Estructuras,predictor_candidato,Candidata; no aprobada,Longitud aproximada de falla/cizalla supuesta/oculta por superficie terrestre en una ventana de radio 5000 m.,km/km²,Las fracturas y cizallas pueden conducir fluidos y localizar trampas estructurales para mineralización hidrotermal. La densidad describe intensidad de la red a esa escala; no cuenta intersecciones ni conectividad.,"Longitud exacta por celda de 1 km redistribuida uniformemente para la ventana circular; aproximación, especialmente sensible a 1 km. Cero significa sin longitud registrada, no ausencia acreditada.",contactos_geode,longitud exacta por celda; ventana circular con reparto uniforme subcelda; no acredita ausencia,float32,0,0.0,233163,0.0 … 1.4204356670379639
dens_aprox_falla_supuesta_10000m_km_km2,Estructuras,predictor_candidato,Candidata; no aprobada,Longitud aproximada de falla/cizalla supuesta/oculta por superficie terrestre en una ventana de radio 10000 m.,km/km²,Las fracturas y cizallas pueden conducir fluidos y localizar trampas estructurales para mineralización hidrotermal. La densidad describe intensidad de la red a esa escala; no cuenta intersecciones ni conectividad.,"Longitud exacta por celda de 1 km redistribuida uniformemente para la ventana circular; aproximación, especialmente sensible a 1 km. Cero significa sin longitud registrada, no ausencia acreditada.",contactos_geode,longitud exacta por celda; ventana circular con reparto uniforme subcelda; no acredita ausencia,float32,0,0.0,314586,0.0 … 0.8389087319374084
dist_cabalgamiento_cartografiada_m,Estructuras,predictor_candidato,Candidata; no aprobada,"Distancia euclídea del centro de celda a la traza más próxima de cabalgamiento cartografiada sin marcador textual de supuesta, buscada hasta 10000 m.",m,Puede representar zonas de deformación y contactos que canalizan fluidos; la cronología respecto al oro es decisiva.,NaN si no se encuentra traza en 10 km; no es distancia cero ni ausencia geológica. No se calcula desde el borde de la celda; la cobertura del levantamiento no está acreditada.,contactos_geode,centro a traza cartografiada; NaN sin traza dentro de 10000 m; cobertura no acreditada,float32,276674,55.685059021243624,219459,0.0027950857765972614 … 9999.80078125
dens_aprox_cabalgamiento_cartografiada_1000m_km_km2,Estructuras,predictor_candidato,Candidata; no aprobada,Longitud aproximada de cabalgamiento cartografiada sin marcador textual de supuesta por superficie terrestre en una ventana de radio 1000 m.,km/km²,Puede representar zonas de deformación y contactos que canalizan fluidos; la cronología respecto al oro es decisiva. La densidad describe intensidad de la red a esa escala; no cuenta intersecciones ni conectividad.,"Longitud exacta por celda de 1 km redistribuida uniformemente para la ventana circular; aproximación, especialmente sensible a 1 km. Cero significa sin longitud registrada, no ausencia acreditada.",contactos_geode,longitud exacta por celda; ventana circular con reparto uniforme subcelda; no acredita ausencia,float32,0,0.0,65016,0.0 … 5.458712100982666
dens_aprox_cabalgamiento_cartografiada_5000m_km_km2,Estructuras,predictor_candidato,Candidata; no aprobada,Longitud aproximada de cabalgamiento cartografiada sin marcador textual de supuesta por superficie terrestre en una ventana de radio 5000 m.,km/km²,Puede representar zonas de deformación y contactos que canalizan fluidos; la cronología respecto al oro es decisiva. La densidad describe intensidad de la red a esa escala; no cuenta intersecciones ni conectividad.,"Longitud exacta por celda de 1 km redistribuida uniformemente para la ventana circular; aproximación, especialmente sensible a 1 km. Cero significa sin longitud registrada, no ausencia acreditada.",contactos_geode,longitud exacta por celda; ventana circular con reparto uniforme subcelda; no acredita ausencia,float32,0,0.0,147164,0.0 … 2.758855104446411
dens_aprox_cabalgamiento_cartografiada_10000m_km_km2,Estructuras,predictor_candidato,Candidata; no aprobada,Longitud aproximada de cabalgamiento cartografiada sin marcador textual de supuesta por superficie terrestre en una ventana de radio 10000 m.,km/km²,Puede representar zonas de deformación y contactos que canalizan fluidos; la cronología respecto al oro es decisiva. La densidad describe intensidad de la red a esa escala; no cuenta intersecciones ni conectividad.,"Longitud exacta por celda de 1 km redistribuida uniformemente para la ventana circular; aproximación, especialmente sensible a 1 km. Cero significa sin longitud registrada, no ausencia acreditada.",contactos_geode,longitud exacta por celda; ventana circular con reparto uniforme subcelda; no acredita ausencia,float32,0,0.0,209695,0.0 … 1.725170612335205
dist_cabalgamiento_supuesta_m,Estructuras,predictor_candidato,Candidata; no aprobada,"Distancia euclídea del centro de celda a la traza más próxima de cabalgamiento supuesta/oculta, buscada hasta 10000 m.",m,Puede representar zonas de deformación y contactos que canalizan fluidos; la cronología respecto al oro es decisiva.,NaN si no se encuentra traza en 10 km; no es distancia cero ni ausencia geológica. No se calcula desde el borde de la celda; la cobertura del levantamiento no está acreditada.,contactos_geode,centro a traza cartografiada; NaN sin traza dentro de 10000 m; cobertura no acreditada,float32,397776,80.05876966116875,98876,0.024025872349739075 … 9999.9814453125
dens_aprox_cabalgamiento_supuesta_1000m_km_km2,Estructuras,predictor_candidato,Candidata; no aprobada,Longitud aproximada de cabalgamiento supuesta/oculta por superficie terrestre en una ventana de radio 1000 m.,km/km²,Puede representar zonas de deformación y contactos que canalizan fluidos; la cronología respecto al oro es decisiva. La densidad describe intensidad de la red a esa escala; no cuenta intersecciones ni conectividad.,"Longitud exacta por celda de 1 km redistribuida uniformemente para la ventana circular; aproximación, especialmente sensible a 1 km. Cero significa sin longitud registrada, no ausencia acreditada.",contactos_geode,longitud exacta por celda; ventana circular con reparto uniforme subcelda; no acredita ausencia,float32,0,0.0,16407,0.0 … 2.43988037109375
dens_aprox_cabalgamiento_supuesta_5000m_km_km2,Estructuras,predictor_candidato,Candidata; no aprobada,Longitud aproximada de cabalgamiento supuesta/oculta por superficie terrestre en una ventana de radio 5000 m.,km/km²,Puede representar zonas de deformación y contactos que canalizan fluidos; la cronología respecto al oro es decisiva. La densidad describe intensidad de la red a esa escala; no cuenta intersecciones ni conectividad.,"Longitud exacta por celda de 1 km redistribuida uniformemente para la ventana circular; aproximación, especialmente sensible a 1 km. Cero significa sin longitud registrada, no ausencia acreditada.",contactos_geode,longitud exacta por celda; ventana circular con reparto uniforme subcelda; no acredita ausencia,float32,0,0.0,47990,0.0 … 0.730979859828949
dens_aprox_cabalgamiento_supuesta_10000m_km_km2,Estructuras,predictor_candidato,Candidata; no aprobada,Longitud aproximada de cabalgamiento supuesta/oculta por superficie terrestre en una ventana de radio 10000 m.,km/km²,Puede representar zonas de deformación y contactos que canalizan fluidos; la cronología respecto al oro es decisiva. La densidad describe intensidad de la red a esa escala; no cuenta intersecciones ni conectividad.,"Longitud exacta por celda de 1 km redistribuida uniformemente para la ventana circular; aproximación, especialmente sensible a 1 km. Cero significa sin longitud registrada, no ausencia acreditada.",contactos_geode,longitud exacta por celda; ventana circular con reparto uniforme subcelda; no acredita ausencia,float32,0,0.0,79349,0.0 … 0.38278114795684814
dist_contacto_intrusivo_cartografiada_m,Estructuras,predictor_candidato,Candidata; no aprobada,"Distancia euclídea del centro de celda a la traza más próxima de contacto intrusivo cartografiada sin marcador textual de supuesta, buscada hasta 10000 m.",m,Puede aproximar interfaces entre intrusión y encajante asociadas a circulación hidrotermal y reacción roca-fluido.,NaN si no se encuentra traza en 10 km; no es distancia cero ni ausencia geológica. No se calcula desde el borde de la celda; la cobertura del levantamiento no está acreditada.,contactos_geode,centro a traza cartografiada; NaN sin traza dentro de 10000 m; cobertura no acreditada,float32,347623,69.96467782350987,148991,0.004934257362037897 … 9999.9375
dens_aprox_contacto_intrusivo_cartografiada_1000m_km_km2,Estructuras,predictor_candidato,Candidata; no aprobada,Longitud aproximada de contacto intrusivo cartografiada sin marcador textual de supuesta por superficie terrestre en una ventana de radio 1000 m.,km/km²,Puede aproximar interfaces entre intrusión y encajante asociadas a circulación hidrotermal y reacción roca-fluido. La densidad describe intensidad de la red a esa escala; no cuenta intersecciones ni conectividad.,"Longitud exacta por celda de 1 km redistribuida uniformemente para la ventana circular; aproximación, especialmente sensible a 1 km. Cero significa sin longitud registrada, no ausencia acreditada.",contactos_geode,longitud exacta por celda; ventana circular con reparto uniforme subcelda; no acredita ausencia,float32,0,0.0,67262,0.0 … 18.93927001953125
dens_aprox_contacto_intrusivo_cartografiada_5000m_km_km2,Estructuras,predictor_candidato,Candidata; no aprobada,Longitud aproximada de contacto intrusivo cartografiada sin marcador textual de supuesta por superficie terrestre en una ventana de radio 5000 m.,km/km²,Puede aproximar interfaces entre intrusión y encajante asociadas a circulación hidrotermal y reacción roca-fluido. La densidad describe intensidad de la red a esa escala; no cuenta intersecciones ni conectividad.,"Longitud exacta por celda de 1 km redistribuida uniformemente para la ventana circular; aproximación, especialmente sensible a 1 km. Cero significa sin longitud registrada, no ausencia acreditada.",contactos_geode,longitud exacta por celda; ventana circular con reparto uniforme subcelda; no acredita ausencia,float32,0,0.0,112224,0.0 … 10.35904598236084
dens_aprox_contacto_intrusivo_cartografiada_10000m_km_km2,Estructuras,predictor_candidato,Candidata; no aprobada,Longitud aproximada de contacto intrusivo cartografiada sin marcador textual de supuesta por superficie terrestre en una ventana de radio 10000 m.,km/km²,Puede aproximar interfaces entre intrusión y encajante asociadas a circulación hidrotermal y reacción roca-fluido. La densidad describe intensidad de la red a esa escala; no cuenta intersecciones ni conectividad.,"Longitud exacta por celda de 1 km redistribuida uniformemente para la ventana circular; aproximación, especialmente sensible a 1 km. Cero significa sin longitud registrada, no ausencia acreditada.",contactos_geode,longitud exacta por celda; ventana circular con reparto uniforme subcelda; no acredita ausencia,float32,0,0.0,144147,0.0 … 6.646313667297363
dist_contacto_intrusivo_supuesta_m,Estructuras,predictor_candidato,Candidata; no aprobada,"Distancia euclídea del centro de celda a la traza más próxima de contacto intrusivo supuesta/oculta, buscada hasta 10000 m.",m,Puede aproximar interfaces entre intrusión y encajante asociadas a circulación hidrotermal y reacción roca-fluido.,NaN si no se encuentra traza en 10 km; no es distancia cero ni ausencia geológica. No se calcula desde el borde de la celda; la cobertura del levantamiento no está acreditada.,contactos_geode,centro a traza cartografiada; NaN sin traza dentro de 10000 m; cobertura no acreditada,float32,486913,97.99901379678175,9940,0.25351035594940186 … 9998.984375
dens_aprox_contacto_intrusivo_supuesta_1000m_km_km2,Estructuras,predictor_candidato,Candidata; no aprobada,Longitud aproximada de contacto intrusivo supuesta/oculta por superficie terrestre en una ventana de radio 1000 m.,km/km²,Puede aproximar interfaces entre intrusión y encajante asociadas a circulación hidrotermal y reacción roca-fluido. La densidad describe intensidad de la red a esa escala; no cuenta intersecciones ni conectividad.,"Longitud exacta por celda de 1 km redistribuida uniformemente para la ventana circular; aproximación, especialmente sensible a 1 km. Cero significa sin longitud registrada, no ausencia acreditada.",contactos_geode,longitud exacta por celda; ventana circular con reparto uniforme subcelda; no acredita ausencia,float32,0,0.0,1020,0.0 … 3.238482713699341
dens_aprox_contacto_intrusivo_supuesta_5000m_km_km2,Estructuras,predictor_candidato,Candidata; no aprobada,Longitud aproximada de contacto intrusivo supuesta/oculta por superficie terrestre en una ventana de radio 5000 m.,km/km²,Puede aproximar interfaces entre intrusión y encajante asociadas a circulación hidrotermal y reacción roca-fluido. La densidad describe intensidad de la red a esa escala; no cuenta intersecciones ni conectividad.,"Longitud exacta por celda de 1 km redistribuida uniformemente para la ventana circular; aproximación, especialmente sensible a 1 km. Cero significa sin longitud registrada, no ausencia acreditada.",contactos_geode,longitud exacta por celda; ventana circular con reparto uniforme subcelda; no acredita ausencia,float32,0,0.0,3840,0.0 … 0.6592413187026978
dens_aprox_contacto_intrusivo_supuesta_10000m_km_km2,Estructuras,predictor_candidato,Candidata; no aprobada,Longitud aproximada de contacto intrusivo supuesta/oculta por superficie terrestre en una ventana de radio 10000 m.,km/km²,Puede aproximar interfaces entre intrusión y encajante asociadas a circulación hidrotermal y reacción roca-fluido. La densidad describe intensidad de la red a esa escala; no cuenta intersecciones ni conectividad.,"Longitud exacta por celda de 1 km redistribuida uniformemente para la ventana circular; aproximación, especialmente sensible a 1 km. Cero significa sin longitud registrada, no ausencia acreditada.",contactos_geode,longitud exacta por celda; ventana circular con reparto uniforme subcelda; no acredita ausencia,float32,0,0.0,7974,0.0 … 0.2605421245098114
au_clase_modal,Geoquímica,predictor_candidato,Candidata; no aprobada,Clase de oro con mayor área válida en la celda; empate a la clase menor. Códigos según la leyenda local reproducida en este informe.,índice de clase,Señal del propio elemento objetivo en sedimentos; puede reflejar una fuente aurífera en la cuenca aportante. No localiza necesariamente el yacimiento en la celda y puede reflejar actividad minera previa.,"Mapa clasificado a partir de RGB; leyenda, medio, extracción y unidades pendientes de validación en D. Exige ≥95 % de área válida. No es concentración puntual ni ley del mineral; clase 0 es válida.",geoquimica_au,moda ponderada; empate clase menor; RGB coincidente; leyenda local pendiente,float32,8759,1.7628885690996368,7,0.0 … 6.0
au_proporcion_clase_0,Geoquímica,predictor_candidato,Candidata; no aprobada,"Fracción del área válida asignada a clase 0 de oro; etiqueta local «0,08 - 1,34». No son unidades de concentración verificadas.",fracción 0–1 del área válida,Señal del propio elemento objetivo en sedimentos; puede reflejar una fuente aurífera en la cuenca aportante. No localiza necesariamente el yacimiento en la celda y puede reflejar actividad minera previa.,"Mapa clasificado a partir de RGB; leyenda, medio, extracción y unidades pendientes de validación en D. Exige ≥95 % de área válida. No es concentración puntual ni ley del mineral; clase 0 es válida.",geoquimica_au,proporciones alternativas a moda; no concentraciones,float32,8759,1.7628885690996368,92,0.0 … 1.0
au_proporcion_clase_1,Geoquímica,predictor_candidato,Candidata; no aprobada,"Fracción del área válida asignada a clase 1 de oro; etiqueta local «1,35 - 2». No son unidades de concentración verificadas.",fracción 0–1 del área válida,Señal del propio elemento objetivo en sedimentos; puede reflejar una fuente aurífera en la cuenca aportante. No localiza necesariamente el yacimiento en la celda y puede reflejar actividad minera previa.,"Mapa clasificado a partir de RGB; leyenda, medio, extracción y unidades pendientes de validación en D. Exige ≥95 % de área válida. No es concentración puntual ni ley del mineral; clase 0 es válida.",geoquimica_au,proporciones alternativas a moda; no concentraciones,float32,8759,1.7628885690996368,169,0.0 … 1.0
au_proporcion_clase_2,Geoquímica,predictor_candidato,Candidata; no aprobada,"Fracción del área válida asignada a clase 2 de oro; etiqueta local «2,01 - 3,5». No son unidades de concentración verificadas.",fracción 0–1 del área válida,Señal del propio elemento objetivo en sedimentos; puede reflejar una fuente aurífera en la cuenca aportante. No localiza necesariamente el yacimiento en la celda y puede reflejar actividad minera previa.,"Mapa clasificado a partir de RGB; leyenda, medio, extracción y unidades pendientes de validación en D. Exige ≥95 % de área válida. No es concentración puntual ni ley del mineral; clase 0 es válida.",geoquimica_au,proporciones alternativas a moda; no concentraciones,float32,8759,1.7628885690996368,197,0.0 … 1.0
au_proporcion_clase_3,Geoquímica,predictor_candidato,Candidata; no aprobada,"Fracción del área válida asignada a clase 3 de oro; etiqueta local «3,51 - 6,1». No son unidades de concentración verificadas.",fracción 0–1 del área válida,Señal del propio elemento objetivo en sedimentos; puede reflejar una fuente aurífera en la cuenca aportante. No localiza necesariamente el yacimiento en la celda y puede reflejar actividad minera previa.,"Mapa clasificado a partir de RGB; leyenda, medio, extracción y unidades pendientes de validación en D. Exige ≥95 % de área válida. No es concentración puntual ni ley del mineral; clase 0 es válida.",geoquimica_au,proporciones alternativas a moda; no concentraciones,float32,8759,1.7628885690996368,180,0.0 … 1.0
au_proporcion_clase_4,Geoquímica,predictor_candidato,Candidata; no aprobada,"Fracción del área válida asignada a clase 4 de oro; etiqueta local «6,11 - 12,05». No son unidades de concentración verificadas.",fracción 0–1 del área válida,Señal del propio elemento objetivo en sedimentos; puede reflejar una fuente aurífera en la cuenca aportante. No localiza necesariamente el yacimiento en la celda y puede reflejar actividad minera previa.,"Mapa clasificado a partir de RGB; leyenda, medio, extracción y unidades pendientes de validación en D. Exige ≥95 % de área válida. No es concentración puntual ni ley del mineral; clase 0 es válida.",geoquimica_au,proporciones alternativas a moda; no concentraciones,float32,8759,1.7628885690996368,131,0.0 … 1.0
au_proporcion_clase_5,Geoquímica,predictor_candidato,Candidata; no aprobada,"Fracción del área válida asignada a clase 5 de oro; etiqueta local «12,06 - 43». No son unidades de concentración verificadas.",fracción 0–1 del área válida,Señal del propio elemento objetivo en sedimentos; puede reflejar una fuente aurífera en la cuenca aportante. No localiza necesariamente el yacimiento en la celda y puede reflejar actividad minera previa.,"Mapa clasificado a partir de RGB; leyenda, medio, extracción y unidades pendientes de validación en D. Exige ≥95 % de área válida. No es concentración puntual ni ley del mineral; clase 0 es válida.",geoquimica_au,proporciones alternativas a moda; no concentraciones,float32,8759,1.7628885690996368,70,0.0 … 1.0
au_proporcion_clase_6,Geoquímica,predictor_candidato,Candidata; no aprobada,"Fracción del área válida asignada a clase 6 de oro; etiqueta local «43,01 - 1.964». No son unidades de concentración verificadas.",fracción 0–1 del área válida,Señal del propio elemento objetivo en sedimentos; puede reflejar una fuente aurífera en la cuenca aportante. No localiza necesariamente el yacimiento en la celda y puede reflejar actividad minera previa.,"Mapa clasificado a partir de RGB; leyenda, medio, extracción y unidades pendientes de validación en D. Exige ≥95 % de área válida. No es concentración puntual ni ley del mineral; clase 0 es válida.",geoquimica_au,proporciones alternativas a moda; no concentraciones,float32,8759,1.7628885690996368,19,0.0 … 1.0
as_clase_modal,Geoquímica,predictor_candidato,Candidata; no aprobada,Clase de arsénico con mayor área válida en la celda; empate a la clase menor. Códigos según la leyenda local reproducida en este informe.,índice de clase,Elemento guía de ciertos sistemas auríferos hidrotermales; una asociación As-Au coherente con el contexto puede aportar evidencia indirecta. También existen anomalías de As sin Au.,"Mapa clasificado a partir de RGB; leyenda, medio, extracción y unidades pendientes de validación en D. Exige ≥95 % de área válida. No es concentración puntual ni ley del mineral; clase 0 es válida.",geoquimica_as,moda ponderada; empate clase menor; RGB coincidente; leyenda local pendiente,float32,8759,1.7628885690996368,8,0.0 … 7.0
as_proporcion_clase_0,Geoquímica,predictor_candidato,Candidata; no aprobada,"Fracción del área válida asignada a clase 0 de arsénico; etiqueta local «0,08 - 4,55». No son unidades de concentración verificadas.",fracción 0–1 del área válida,Elemento guía de ciertos sistemas auríferos hidrotermales; una asociación As-Au coherente con el contexto puede aportar evidencia indirecta. También existen anomalías de As sin Au.,"Mapa clasificado a partir de RGB; leyenda, medio, extracción y unidades pendientes de validación en D. Exige ≥95 % de área válida. No es concentración puntual ni ley del mineral; clase 0 es válida.",geoquimica_as,proporciones alternativas a moda; no concentraciones,float32,8759,1.7628885690996368,18,0.0 … 1.0
as_proporcion_clase_1,Geoquímica,predictor_candidato,Candidata; no aprobada,"Fracción del área válida asignada a clase 1 de arsénico; etiqueta local «4,56 - 6». No son unidades de concentración verificadas.",fracción 0–1 del área válida,Elemento guía de ciertos sistemas auríferos hidrotermales; una asociación As-Au coherente con el contexto puede aportar evidencia indirecta. También existen anomalías de As sin Au.,"Mapa clasificado a partir de RGB; leyenda, medio, extracción y unidades pendientes de validación en D. Exige ≥95 % de área válida. No es concentración puntual ni ley del mineral; clase 0 es válida.",geoquimica_as,proporciones alternativas a moda; no concentraciones,float32,8759,1.7628885690996368,33,0.0 … 1.0
as_proporcion_clase_2,Geoquímica,predictor_candidato,Candidata; no aprobada,"Fracción del área válida asignada a clase 2 de arsénico; etiqueta local «6,01 - 8,78». No son unidades de concentración verificadas.",fracción 0–1 del área válida,Elemento guía de ciertos sistemas auríferos hidrotermales; una asociación As-Au coherente con el contexto puede aportar evidencia indirecta. También existen anomalías de As sin Au.,"Mapa clasificado a partir de RGB; leyenda, medio, extracción y unidades pendientes de validación en D. Exige ≥95 % de área válida. No es concentración puntual ni ley del mineral; clase 0 es válida.",geoquimica_as,proporciones alternativas a moda; no concentraciones,float32,8759,1.7628885690996368,58,0.0 … 1.0
as_proporcion_clase_3,Geoquímica,predictor_candidato,Candidata; no aprobada,"Fracción del área válida asignada a clase 3 de arsénico; etiqueta local «8,79 - 12,67». No son unidades de concentración verificadas.",fracción 0–1 del área válida,Elemento guía de ciertos sistemas auríferos hidrotermales; una asociación As-Au coherente con el contexto puede aportar evidencia indirecta. También existen anomalías de As sin Au.,"Mapa clasificado a partir de RGB; leyenda, medio, extracción y unidades pendientes de validación en D. Exige ≥95 % de área válida. No es concentración puntual ni ley del mineral; clase 0 es válida.",geoquimica_as,proporciones alternativas a moda; no concentraciones,float32,8759,1.7628885690996368,94,0.0 … 1.0
as_proporcion_clase_4,Geoquímica,predictor_candidato,Candidata; no aprobada,"Fracción del área válida asignada a clase 4 de arsénico; etiqueta local «12,68 - 16,16». No son unidades de concentración verificadas.",fracción 0–1 del área válida,Elemento guía de ciertos sistemas auríferos hidrotermales; una asociación As-Au coherente con el contexto puede aportar evidencia indirecta. También existen anomalías de As sin Au.,"Mapa clasificado a partir de RGB; leyenda, medio, extracción y unidades pendientes de validación en D. Exige ≥95 % de área válida. No es concentración puntual ni ley del mineral; clase 0 es válida.",geoquimica_as,proporciones alternativas a moda; no concentraciones,float32,8759,1.7628885690996368,111,0.0 … 1.0
as_proporcion_clase_5,Geoquímica,predictor_candidato,Candidata; no aprobada,"Fracción del área válida asignada a clase 5 de arsénico; etiqueta local «16,17 - 19,9». No son unidades de concentración verificadas.",fracción 0–1 del área válida,Elemento guía de ciertos sistemas auríferos hidrotermales; una asociación As-Au coherente con el contexto puede aportar evidencia indirecta. También existen anomalías de As sin Au.,"Mapa clasificado a partir de RGB; leyenda, medio, extracción y unidades pendientes de validación en D. Exige ≥95 % de área válida. No es concentración puntual ni ley del mineral; clase 0 es válida.",geoquimica_as,proporciones alternativas a moda; no concentraciones,float32,8759,1.7628885690996368,119,0.0 … 1.0
as_proporcion_clase_6,Geoquímica,predictor_candidato,Candidata; no aprobada,"Fracción del área válida asignada a clase 6 de arsénico; etiqueta local «19,91 - 45». No son unidades de concentración verificadas.",fracción 0–1 del área válida,Elemento guía de ciertos sistemas auríferos hidrotermales; una asociación As-Au coherente con el contexto puede aportar evidencia indirecta. También existen anomalías de As sin Au.,"Mapa clasificado a partir de RGB; leyenda, medio, extracción y unidades pendientes de validación en D. Exige ≥95 % de área válida. No es concentración puntual ni ley del mineral; clase 0 es válida.",geoquimica_as,proporciones alternativas a moda; no concentraciones,float32,8759,1.7628885690996368,97,0.0 … 1.0
as_proporcion_clase_7,Geoquímica,predictor_candidato,Candidata; no aprobada,"Fracción del área válida asignada a clase 7 de arsénico; etiqueta local «45,01 - 1.949,5». No son unidades de concentración verificadas.",fracción 0–1 del área válida,Elemento guía de ciertos sistemas auríferos hidrotermales; una asociación As-Au coherente con el contexto puede aportar evidencia indirecta. También existen anomalías de As sin Au.,"Mapa clasificado a partir de RGB; leyenda, medio, extracción y unidades pendientes de validación en D. Exige ≥95 % de área válida. No es concentración puntual ni ley del mineral; clase 0 es válida.",geoquimica_as,proporciones alternativas a moda; no concentraciones,float32,8759,1.7628885690996368,33,0.0 … 1.0
sb_clase_modal,Geoquímica,predictor_candidato,Candidata; no aprobada,Clase de antimonio con mayor área válida en la celda; empate a la clase menor. Códigos según la leyenda local reproducida en este informe.,índice de clase,Elemento guía en determinadas asociaciones hidrotermales con Au; su combinación con As y estructuras es una hipótesis más específica que Sb aislado.,"Mapa clasificado a partir de RGB; leyenda, medio, extracción y unidades pendientes de validación en D. Exige ≥95 % de área válida. No es concentración puntual ni ley del mineral; clase 0 es válida.",geoquimica_sb,moda ponderada; empate clase menor; RGB coincidente; leyenda local pendiente,float32,10382,2.089543226897183,8,0.0 … 7.0
sb_proporcion_clase_0,Geoquímica,predictor_candidato,Candidata; no aprobada,"Fracción del área válida asignada a clase 0 de antimonio; etiqueta local «0,043 - 0,228». No son unidades de concentración verificadas.",fracción 0–1 del área válida,Elemento guía en determinadas asociaciones hidrotermales con Au; su combinación con As y estructuras es una hipótesis más específica que Sb aislado.,"Mapa clasificado a partir de RGB; leyenda, medio, extracción y unidades pendientes de validación en D. Exige ≥95 % de área válida. No es concentración puntual ni ley del mineral; clase 0 es válida.",geoquimica_sb,proporciones alternativas a moda; no concentraciones,float32,10382,2.089543226897183,14,0.0 … 1.0
sb_proporcion_clase_1,Geoquímica,predictor_candidato,Candidata; no aprobada,"Fracción del área válida asignada a clase 1 de antimonio; etiqueta local «0,228 - 0,61». No son unidades de concentración verificadas.",fracción 0–1 del área válida,Elemento guía en determinadas asociaciones hidrotermales con Au; su combinación con As y estructuras es una hipótesis más específica que Sb aislado.,"Mapa clasificado a partir de RGB; leyenda, medio, extracción y unidades pendientes de validación en D. Exige ≥95 % de área válida. No es concentración puntual ni ley del mineral; clase 0 es válida.",geoquimica_sb,proporciones alternativas a moda; no concentraciones,float32,10382,2.089543226897183,52,0.0 … 1.0
sb_proporcion_clase_2,Geoquímica,predictor_candidato,Candidata; no aprobada,"Fracción del área válida asignada a clase 2 de antimonio; etiqueta local «0,61 - 0,78». No son unidades de concentración verificadas.",fracción 0–1 del área válida,Elemento guía en determinadas asociaciones hidrotermales con Au; su combinación con As y estructuras es una hipótesis más específica que Sb aislado.,"Mapa clasificado a partir de RGB; leyenda, medio, extracción y unidades pendientes de validación en D. Exige ≥95 % de área válida. No es concentración puntual ni ley del mineral; clase 0 es válida.",geoquimica_sb,proporciones alternativas a moda; no concentraciones,float32,10382,2.089543226897183,64,0.0 … 1.0
sb_proporcion_clase_3,Geoquímica,predictor_candidato,Candidata; no aprobada,"Fracción del área válida asignada a clase 3 de antimonio; etiqueta local «0,78 - 1,19». No son unidades de concentración verificadas.",fracción 0–1 del área válida,Elemento guía en determinadas asociaciones hidrotermales con Au; su combinación con As y estructuras es una hipótesis más específica que Sb aislado.,"Mapa clasificado a partir de RGB; leyenda, medio, extracción y unidades pendientes de validación en D. Exige ≥95 % de área válida. No es concentración puntual ni ley del mineral; clase 0 es válida.",geoquimica_sb,proporciones alternativas a moda; no concentraciones,float32,10382,2.089543226897183,72,0.0 … 1.0
sb_proporcion_clase_4,Geoquímica,predictor_candidato,Candidata; no aprobada,"Fracción del área válida asignada a clase 4 de antimonio; etiqueta local «1,19 - 1,96». No son unidades de concentración verificadas.",fracción 0–1 del área válida,Elemento guía en determinadas asociaciones hidrotermales con Au; su combinación con As y estructuras es una hipótesis más específica que Sb aislado.,"Mapa clasificado a partir de RGB; leyenda, medio, extracción y unidades pendientes de validación en D. Exige ≥95 % de área válida. No es concentración puntual ni ley del mineral; clase 0 es válida.",geoquimica_sb,proporciones alternativas a moda; no concentraciones,float32,10382,2.089543226897183,96,0.0 … 1.0
sb_proporcion_clase_5,Geoquímica,predictor_candidato,Candidata; no aprobada,"Fracción del área válida asignada a clase 5 de antimonio; etiqueta local «1,96 - 3,16». No son unidades de concentración verificadas.",fracción 0–1 del área válida,Elemento guía en determinadas asociaciones hidrotermales con Au; su combinación con As y estructuras es una hipótesis más específica que Sb aislado.,"Mapa clasificado a partir de RGB; leyenda, medio, extracción y unidades pendientes de validación en D. Exige ≥95 % de área válida. No es concentración puntual ni ley del mineral; clase 0 es válida.",geoquimica_sb,proporciones alternativas a moda; no concentraciones,float32,10382,2.089543226897183,91,0.0 … 1.0
sb_proporcion_clase_6,Geoquímica,predictor_candidato,Candidata; no aprobada,"Fracción del área válida asignada a clase 6 de antimonio; etiqueta local «3,16 - 6,3». No son unidades de concentración verificadas.",fracción 0–1 del área válida,Elemento guía en determinadas asociaciones hidrotermales con Au; su combinación con As y estructuras es una hipótesis más específica que Sb aislado.,"Mapa clasificado a partir de RGB; leyenda, medio, extracción y unidades pendientes de validación en D. Exige ≥95 % de área válida. No es concentración puntual ni ley del mineral; clase 0 es válida.",geoquimica_sb,proporciones alternativas a moda; no concentraciones,float32,10382,2.089543226897183,59,0.0 … 1.0
sb_proporcion_clase_7,Geoquímica,predictor_candidato,Candidata; no aprobada,"Fracción del área válida asignada a clase 7 de antimonio; etiqueta local «6,3 - 343,14». No son unidades de concentración verificadas.",fracción 0–1 del área válida,Elemento guía en determinadas asociaciones hidrotermales con Au; su combinación con As y estructuras es una hipótesis más específica que Sb aislado.,"Mapa clasificado a partir de RGB; leyenda, medio, extracción y unidades pendientes de validación en D. Exige ≥95 % de área válida. No es concentración puntual ni ley del mineral; clase 0 es válida.",geoquimica_sb,proporciones alternativas a moda; no concentraciones,float32,10382,2.089543226897183,23,0.0 … 1.0
bi_clase_modal,Geoquímica,predictor_candidato,Candidata; no aprobada,Clase de bismuto con mayor área válida en la celda; empate a la clase menor. Códigos según la leyenda local reproducida en este informe.,índice de clase,Puede ayudar a reconocer asociaciones de Au vinculadas a intrusiones; su utilidad depende del tipo de sistema y del contexto geológico.,"Mapa clasificado a partir de RGB; leyenda, medio, extracción y unidades pendientes de validación en D. Exige ≥95 % de área válida. No es concentración puntual ni ley del mineral; clase 0 es válida.",geoquimica_bi,moda ponderada; empate clase menor; RGB coincidente; leyenda local pendiente,float32,8759,1.7628885690996368,8,0.0 … 7.0
bi_proporcion_clase_0,Geoquímica,predictor_candidato,Candidata; no aprobada,"Fracción del área válida asignada a clase 0 de bismuto; etiqueta local «0,08 - 0,09». No son unidades de concentración verificadas.",fracción 0–1 del área válida,Puede ayudar a reconocer asociaciones de Au vinculadas a intrusiones; su utilidad depende del tipo de sistema y del contexto geológico.,"Mapa clasificado a partir de RGB; leyenda, medio, extracción y unidades pendientes de validación en D. Exige ≥95 % de área válida. No es concentración puntual ni ley del mineral; clase 0 es válida.",geoquimica_bi,proporciones alternativas a moda; no concentraciones,float32,8759,1.7628885690996368,24,0.0 … 1.0
bi_proporcion_clase_1,Geoquímica,predictor_candidato,Candidata; no aprobada,"Fracción del área válida asignada a clase 1 de bismuto; etiqueta local «0,1 - 0,14». No son unidades de concentración verificadas.",fracción 0–1 del área válida,Puede ayudar a reconocer asociaciones de Au vinculadas a intrusiones; su utilidad depende del tipo de sistema y del contexto geológico.,"Mapa clasificado a partir de RGB; leyenda, medio, extracción y unidades pendientes de validación en D. Exige ≥95 % de área válida. No es concentración puntual ni ley del mineral; clase 0 es válida.",geoquimica_bi,proporciones alternativas a moda; no concentraciones,float32,8759,1.7628885690996368,61,0.0 … 1.0
bi_proporcion_clase_2,Geoquímica,predictor_candidato,Candidata; no aprobada,"Fracción del área válida asignada a clase 2 de bismuto; etiqueta local «0,15 - 0,18». No son unidades de concentración verificadas.",fracción 0–1 del área válida,Puede ayudar a reconocer asociaciones de Au vinculadas a intrusiones; su utilidad depende del tipo de sistema y del contexto geológico.,"Mapa clasificado a partir de RGB; leyenda, medio, extracción y unidades pendientes de validación en D. Exige ≥95 % de área válida. No es concentración puntual ni ley del mineral; clase 0 es válida.",geoquimica_bi,proporciones alternativas a moda; no concentraciones,float32,8759,1.7628885690996368,68,0.0 … 1.0
bi_proporcion_clase_3,Geoquímica,predictor_candidato,Candidata; no aprobada,"Fracción del área válida asignada a clase 3 de bismuto; etiqueta local «0,19 - 0,25». No son unidades de concentración verificadas.",fracción 0–1 del área válida,Puede ayudar a reconocer asociaciones de Au vinculadas a intrusiones; su utilidad depende del tipo de sistema y del contexto geológico.,"Mapa clasificado a partir de RGB; leyenda, medio, extracción y unidades pendientes de validación en D. Exige ≥95 % de área válida. No es concentración puntual ni ley del mineral; clase 0 es válida.",geoquimica_bi,proporciones alternativas a moda; no concentraciones,float32,8759,1.7628885690996368,95,0.0 … 1.0
bi_proporcion_clase_4,Geoquímica,predictor_candidato,Candidata; no aprobada,"Fracción del área válida asignada a clase 4 de bismuto; etiqueta local «0,26 - 0,32». No son unidades de concentración verificadas.",fracción 0–1 del área válida,Puede ayudar a reconocer asociaciones de Au vinculadas a intrusiones; su utilidad depende del tipo de sistema y del contexto geológico.,"Mapa clasificado a partir de RGB; leyenda, medio, extracción y unidades pendientes de validación en D. Exige ≥95 % de área válida. No es concentración puntual ni ley del mineral; clase 0 es válida.",geoquimica_bi,proporciones alternativas a moda; no concentraciones,float32,8759,1.7628885690996368,108,0.0 … 1.0
bi_proporcion_clase_5,Geoquímica,predictor_candidato,Candidata; no aprobada,"Fracción del área válida asignada a clase 5 de bismuto; etiqueta local «0,33 - 0,42». No son unidades de concentración verificadas.",fracción 0–1 del área válida,Puede ayudar a reconocer asociaciones de Au vinculadas a intrusiones; su utilidad depende del tipo de sistema y del contexto geológico.,"Mapa clasificado a partir de RGB; leyenda, medio, extracción y unidades pendientes de validación en D. Exige ≥95 % de área válida. No es concentración puntual ni ley del mineral; clase 0 es válida.",geoquimica_bi,proporciones alternativas a moda; no concentraciones,float32,8759,1.7628885690996368,98,0.0 … 1.0
bi_proporcion_clase_6,Geoquímica,predictor_candidato,Candidata; no aprobada,"Fracción del área válida asignada a clase 6 de bismuto; etiqueta local «0,43 - 0,68». No son unidades de concentración verificadas.",fracción 0–1 del área válida,Puede ayudar a reconocer asociaciones de Au vinculadas a intrusiones; su utilidad depende del tipo de sistema y del contexto geológico.,"Mapa clasificado a partir de RGB; leyenda, medio, extracción y unidades pendientes de validación en D. Exige ≥95 % de área válida. No es concentración puntual ni ley del mineral; clase 0 es válida.",geoquimica_bi,proporciones alternativas a moda; no concentraciones,float32,8759,1.7628885690996368,83,0.0 … 1.0
bi_proporcion_clase_7,Geoquímica,predictor_candidato,Candidata; no aprobada,"Fracción del área válida asignada a clase 7 de bismuto; etiqueta local «0,69 - 63,86». No son unidades de concentración verificadas.",fracción 0–1 del área válida,Puede ayudar a reconocer asociaciones de Au vinculadas a intrusiones; su utilidad depende del tipo de sistema y del contexto geológico.,"Mapa clasificado a partir de RGB; leyenda, medio, extracción y unidades pendientes de validación en D. Exige ≥95 % de área válida. No es concentración puntual ni ley del mineral; clase 0 es válida.",geoquimica_bi,proporciones alternativas a moda; no concentraciones,float32,8759,1.7628885690996368,39,0.0 … 1.0
hg_clase_modal,Geoquímica,predictor_candidato,Candidata; no aprobada,Clase de mercurio con mayor área válida en la celda; empate a la clase menor. Códigos según la leyenda local reproducida en este informe.,índice de clase,Puede aportar evidencia de determinados sistemas epitermales; deben distinguirse anomalías naturales de aportes mineros o ambientales.,"Mapa clasificado a partir de RGB; leyenda, medio, extracción y unidades pendientes de validación en D. Exige ≥95 % de área válida. No es concentración puntual ni ley del mineral; clase 0 es válida.",geoquimica_hg,moda ponderada; empate clase menor; RGB coincidente; leyenda local pendiente,float32,8759,1.7628885690996368,8,0.0 … 7.0
hg_proporcion_clase_0,Geoquímica,predictor_candidato,Candidata; no aprobada,"Fracción del área válida asignada a clase 0 de mercurio; etiqueta local «0,28 - 6». No son unidades de concentración verificadas.",fracción 0–1 del área válida,Puede aportar evidencia de determinados sistemas epitermales; deben distinguirse anomalías naturales de aportes mineros o ambientales.,"Mapa clasificado a partir de RGB; leyenda, medio, extracción y unidades pendientes de validación en D. Exige ≥95 % de área válida. No es concentración puntual ni ley del mineral; clase 0 es válida.",geoquimica_hg,proporciones alternativas a moda; no concentraciones,float32,8759,1.7628885690996368,40,0.0 … 1.0
hg_proporcion_clase_1,Geoquímica,predictor_candidato,Candidata; no aprobada,"Fracción del área válida asignada a clase 1 de mercurio; etiqueta local «6,01 - 11,38». No son unidades de concentración verificadas.",fracción 0–1 del área válida,Puede aportar evidencia de determinados sistemas epitermales; deben distinguirse anomalías naturales de aportes mineros o ambientales.,"Mapa clasificado a partir de RGB; leyenda, medio, extracción y unidades pendientes de validación en D. Exige ≥95 % de área válida. No es concentración puntual ni ley del mineral; clase 0 es válida.",geoquimica_hg,proporciones alternativas a moda; no concentraciones,float32,8759,1.7628885690996368,116,0.0 … 1.0
hg_proporcion_clase_2,Geoquímica,predictor_candidato,Candidata; no aprobada,"Fracción del área válida asignada a clase 2 de mercurio; etiqueta local «11,39 - 15,67». No son unidades de concentración verificadas.",fracción 0–1 del área válida,Puede aportar evidencia de determinados sistemas epitermales; deben distinguirse anomalías naturales de aportes mineros o ambientales.,"Mapa clasificado a partir de RGB; leyenda, medio, extracción y unidades pendientes de validación en D. Exige ≥95 % de área válida. No es concentración puntual ni ley del mineral; clase 0 es válida.",geoquimica_hg,proporciones alternativas a moda; no concentraciones,float32,8759,1.7628885690996368,132,0.0 … 1.0
hg_proporcion_clase_3,Geoquímica,predictor_candidato,Candidata; no aprobada,"Fracción del área válida asignada a clase 3 de mercurio; etiqueta local «15,68 - 23,95». No son unidades de concentración verificadas.",fracción 0–1 del área válida,Puede aportar evidencia de determinados sistemas epitermales; deben distinguirse anomalías naturales de aportes mineros o ambientales.,"Mapa clasificado a partir de RGB; leyenda, medio, extracción y unidades pendientes de validación en D. Exige ≥95 % de área válida. No es concentración puntual ni ley del mineral; clase 0 es válida.",geoquimica_hg,proporciones alternativas a moda; no concentraciones,float32,8759,1.7628885690996368,178,0.0 … 1.0
hg_proporcion_clase_4,Geoquímica,predictor_candidato,Candidata; no aprobada,"Fracción del área válida asignada a clase 4 de mercurio; etiqueta local «23,96 - 37,23». No son unidades de concentración verificadas.",fracción 0–1 del área válida,Puede aportar evidencia de determinados sistemas epitermales; deben distinguirse anomalías naturales de aportes mineros o ambientales.,"Mapa clasificado a partir de RGB; leyenda, medio, extracción y unidades pendientes de validación en D. Exige ≥95 % de área válida. No es concentración puntual ni ley del mineral; clase 0 es válida.",geoquimica_hg,proporciones alternativas a moda; no concentraciones,float32,8759,1.7628885690996368,165,0.0 … 1.0
hg_proporcion_clase_5,Geoquímica,predictor_candidato,Candidata; no aprobada,"Fracción del área válida asignada a clase 5 de mercurio; etiqueta local «37,24 - 47». No son unidades de concentración verificadas.",fracción 0–1 del área válida,Puede aportar evidencia de determinados sistemas epitermales; deben distinguirse anomalías naturales de aportes mineros o ambientales.,"Mapa clasificado a partir de RGB; leyenda, medio, extracción y unidades pendientes de validación en D. Exige ≥95 % de área válida. No es concentración puntual ni ley del mineral; clase 0 es válida.",geoquimica_hg,proporciones alternativas a moda; no concentraciones,float32,8759,1.7628885690996368,119,0.0 … 1.0
hg_proporcion_clase_6,Geoquímica,predictor_candidato,Candidata; no aprobada,"Fracción del área válida asignada a clase 6 de mercurio; etiqueta local «47,01 - 150». No son unidades de concentración verificadas.",fracción 0–1 del área válida,Puede aportar evidencia de determinados sistemas epitermales; deben distinguirse anomalías naturales de aportes mineros o ambientales.,"Mapa clasificado a partir de RGB; leyenda, medio, extracción y unidades pendientes de validación en D. Exige ≥95 % de área válida. No es concentración puntual ni ley del mineral; clase 0 es válida.",geoquimica_hg,proporciones alternativas a moda; no concentraciones,float32,8759,1.7628885690996368,92,0.0 … 1.0
hg_proporcion_clase_7,Geoquímica,predictor_candidato,Candidata; no aprobada,"Fracción del área válida asignada a clase 7 de mercurio; etiqueta local «150,01 - 76.203». No son unidades de concentración verificadas.",fracción 0–1 del área válida,Puede aportar evidencia de determinados sistemas epitermales; deben distinguirse anomalías naturales de aportes mineros o ambientales.,"Mapa clasificado a partir de RGB; leyenda, medio, extracción y unidades pendientes de validación en D. Exige ≥95 % de área válida. No es concentración puntual ni ley del mineral; clase 0 es válida.",geoquimica_hg,proporciones alternativas a moda; no concentraciones,float32,8759,1.7628885690996368,21,0.0 … 1.0
cu_clase_modal,Geoquímica,predictor_candidato,Candidata; no aprobada,Clase de cobre con mayor área válida en la celda; empate a la clase menor. Códigos según la leyenda local reproducida en este informe.,índice de clase,Permite probar asociaciones hidrotermales Cu-Au; muchas anomalías de Cu responden a otros procesos y no implican oro.,"Mapa clasificado a partir de RGB; leyenda, medio, extracción y unidades pendientes de validación en D. Exige ≥95 % de área válida. No es concentración puntual ni ley del mineral; clase 0 es válida.",geoquimica_cu,moda ponderada; empate clase menor; RGB coincidente; leyenda local pendiente,float32,8759,1.7628885690996368,8,0.0 … 7.0
cu_proporcion_clase_0,Geoquímica,predictor_candidato,Candidata; no aprobada,"Fracción del área válida asignada a clase 0 de cobre; etiqueta local «0,42 - 6,28». No son unidades de concentración verificadas.",fracción 0–1 del área válida,Permite probar asociaciones hidrotermales Cu-Au; muchas anomalías de Cu responden a otros procesos y no implican oro.,"Mapa clasificado a partir de RGB; leyenda, medio, extracción y unidades pendientes de validación en D. Exige ≥95 % de área válida. No es concentración puntual ni ley del mineral; clase 0 es válida.",geoquimica_cu,proporciones alternativas a moda; no concentraciones,float32,8759,1.7628885690996368,21,0.0 … 1.0
cu_proporcion_clase_1,Geoquímica,predictor_candidato,Candidata; no aprobada,"Fracción del área válida asignada a clase 1 de cobre; etiqueta local «6,29 - 10,35». No son unidades de concentración verificadas.",fracción 0–1 del área válida,Permite probar asociaciones hidrotermales Cu-Au; muchas anomalías de Cu responden a otros procesos y no implican oro.,"Mapa clasificado a partir de RGB; leyenda, medio, extracción y unidades pendientes de validación en D. Exige ≥95 % de área válida. No es concentración puntual ni ley del mineral; clase 0 es válida.",geoquimica_cu,proporciones alternativas a moda; no concentraciones,float32,8759,1.7628885690996368,63,0.0 … 1.0
cu_proporcion_clase_2,Geoquímica,predictor_candidato,Candidata; no aprobada,"Fracción del área válida asignada a clase 2 de cobre; etiqueta local «10,36 - 12,73». No son unidades de concentración verificadas.",fracción 0–1 del área válida,Permite probar asociaciones hidrotermales Cu-Au; muchas anomalías de Cu responden a otros procesos y no implican oro.,"Mapa clasificado a partir de RGB; leyenda, medio, extracción y unidades pendientes de validación en D. Exige ≥95 % de área válida. No es concentración puntual ni ley del mineral; clase 0 es válida.",geoquimica_cu,proporciones alternativas a moda; no concentraciones,float32,8759,1.7628885690996368,87,0.0 … 1.0
cu_proporcion_clase_3,Geoquímica,predictor_candidato,Candidata; no aprobada,"Fracción del área válida asignada a clase 3 de cobre; etiqueta local «12,74 - 16,43». No son unidades de concentración verificadas.",fracción 0–1 del área válida,Permite probar asociaciones hidrotermales Cu-Au; muchas anomalías de Cu responden a otros procesos y no implican oro.,"Mapa clasificado a partir de RGB; leyenda, medio, extracción y unidades pendientes de validación en D. Exige ≥95 % de área válida. No es concentración puntual ni ley del mineral; clase 0 es válida.",geoquimica_cu,proporciones alternativas a moda; no concentraciones,float32,8759,1.7628885690996368,112,0.0 … 1.0
cu_proporcion_clase_4,Geoquímica,predictor_candidato,Candidata; no aprobada,"Fracción del área válida asignada a clase 4 de cobre; etiqueta local «16,44 - 22,51». No son unidades de concentración verificadas.",fracción 0–1 del área válida,Permite probar asociaciones hidrotermales Cu-Au; muchas anomalías de Cu responden a otros procesos y no implican oro.,"Mapa clasificado a partir de RGB; leyenda, medio, extracción y unidades pendientes de validación en D. Exige ≥95 % de área válida. No es concentración puntual ni ley del mineral; clase 0 es válida.",geoquimica_cu,proporciones alternativas a moda; no concentraciones,float32,8759,1.7628885690996368,138,0.0 … 1.0
cu_proporcion_clase_5,Geoquímica,predictor_candidato,Candidata; no aprobada,"Fracción del área válida asignada a clase 5 de cobre; etiqueta local «22,52 - 28,25». No son unidades de concentración verificadas.",fracción 0–1 del área válida,Permite probar asociaciones hidrotermales Cu-Au; muchas anomalías de Cu responden a otros procesos y no implican oro.,"Mapa clasificado a partir de RGB; leyenda, medio, extracción y unidades pendientes de validación en D. Exige ≥95 % de área válida. No es concentración puntual ni ley del mineral; clase 0 es válida.",geoquimica_cu,proporciones alternativas a moda; no concentraciones,float32,8759,1.7628885690996368,135,0.0 … 1.0
cu_proporcion_clase_6,Geoquímica,predictor_candidato,Candidata; no aprobada,"Fracción del área válida asignada a clase 6 de cobre; etiqueta local «28,26 - 50». No son unidades de concentración verificadas.",fracción 0–1 del área válida,Permite probar asociaciones hidrotermales Cu-Au; muchas anomalías de Cu responden a otros procesos y no implican oro.,"Mapa clasificado a partir de RGB; leyenda, medio, extracción y unidades pendientes de validación en D. Exige ≥95 % de área válida. No es concentración puntual ni ley del mineral; clase 0 es válida.",geoquimica_cu,proporciones alternativas a moda; no concentraciones,float32,8759,1.7628885690996368,83,0.0 … 1.0
cu_proporcion_clase_7,Geoquímica,predictor_candidato,Candidata; no aprobada,"Fracción del área válida asignada a clase 7 de cobre; etiqueta local «50,01 - 2.038,62». No son unidades de concentración verificadas.",fracción 0–1 del área válida,Permite probar asociaciones hidrotermales Cu-Au; muchas anomalías de Cu responden a otros procesos y no implican oro.,"Mapa clasificado a partir de RGB; leyenda, medio, extracción y unidades pendientes de validación en D. Exige ≥95 % de área válida. No es concentración puntual ni ley del mineral; clase 0 es válida.",geoquimica_cu,proporciones alternativas a moda; no concentraciones,float32,8759,1.7628885690996368,24,0.0 … 1.0
pb_clase_modal,Geoquímica,predictor_candidato,Candidata; no aprobada,Clase de plomo con mayor área válida en la celda; empate a la clase menor. Códigos según la leyenda local reproducida en este informe.,índice de clase,"Contexto de asociaciones polimetálicas que en ciertos sistemas acompañan Au; señal menos específica, sensible al fondo litológico y a actividad humana.","Mapa clasificado a partir de RGB; leyenda, medio, extracción y unidades pendientes de validación en D. Exige ≥95 % de área válida. No es concentración puntual ni ley del mineral; clase 0 es válida.",geoquimica_pb,moda ponderada; empate clase menor; RGB coincidente; leyenda local pendiente,float32,9998,2.012257097141017,8,0.0 … 7.0
pb_proporcion_clase_0,Geoquímica,predictor_candidato,Candidata; no aprobada,"Fracción del área válida asignada a clase 0 de plomo; etiqueta local «0,28 - 10,43». No son unidades de concentración verificadas.",fracción 0–1 del área válida,"Contexto de asociaciones polimetálicas que en ciertos sistemas acompañan Au; señal menos específica, sensible al fondo litológico y a actividad humana.","Mapa clasificado a partir de RGB; leyenda, medio, extracción y unidades pendientes de validación en D. Exige ≥95 % de área válida. No es concentración puntual ni ley del mineral; clase 0 es válida.",geoquimica_pb,proporciones alternativas a moda; no concentraciones,float32,9998,2.012257097141017,13,0.0 … 1.0
pb_proporcion_clase_1,Geoquímica,predictor_candidato,Candidata; no aprobada,"Fracción del área válida asignada a clase 1 de plomo; etiqueta local «10,44 - 14,25». No son unidades de concentración verificadas.",fracción 0–1 del área válida,"Contexto de asociaciones polimetálicas que en ciertos sistemas acompañan Au; señal menos específica, sensible al fondo litológico y a actividad humana.","Mapa clasificado a partir de RGB; leyenda, medio, extracción y unidades pendientes de validación en D. Exige ≥95 % de área válida. No es concentración puntual ni ley del mineral; clase 0 es válida.",geoquimica_pb,proporciones alternativas a moda; no concentraciones,float32,9998,2.012257097141017,22,0.0 … 1.0
pb_proporcion_clase_2,Geoquímica,predictor_candidato,Candidata; no aprobada,"Fracción del área válida asignada a clase 2 de plomo; etiqueta local «14,26 - 17,16». No son unidades de concentración verificadas.",fracción 0–1 del área válida,"Contexto de asociaciones polimetálicas que en ciertos sistemas acompañan Au; señal menos específica, sensible al fondo litológico y a actividad humana.","Mapa clasificado a partir de RGB; leyenda, medio, extracción y unidades pendientes de validación en D. Exige ≥95 % de área válida. No es concentración puntual ni ley del mineral; clase 0 es válida.",geoquimica_pb,proporciones alternativas a moda; no concentraciones,float32,9998,2.012257097141017,35,0.0 … 1.0
pb_proporcion_clase_3,Geoquímica,predictor_candidato,Candidata; no aprobada,"Fracción del área válida asignada a clase 3 de plomo; etiqueta local «17,17 - 22,51». No son unidades de concentración verificadas.",fracción 0–1 del área válida,"Contexto de asociaciones polimetálicas que en ciertos sistemas acompañan Au; señal menos específica, sensible al fondo litológico y a actividad humana.","Mapa clasificado a partir de RGB; leyenda, medio, extracción y unidades pendientes de validación en D. Exige ≥95 % de área válida. No es concentración puntual ni ley del mineral; clase 0 es válida.",geoquimica_pb,proporciones alternativas a moda; no concentraciones,float32,9998,2.012257097141017,66,0.0 … 1.0
pb_proporcion_clase_4,Geoquímica,predictor_candidato,Candidata; no aprobada,"Fracción del área válida asignada a clase 4 de plomo; etiqueta local «22,52 - 29,75». No son unidades de concentración verificadas.",fracción 0–1 del área válida,"Contexto de asociaciones polimetálicas que en ciertos sistemas acompañan Au; señal menos específica, sensible al fondo litológico y a actividad humana.","Mapa clasificado a partir de RGB; leyenda, medio, extracción y unidades pendientes de validación en D. Exige ≥95 % de área válida. No es concentración puntual ni ley del mineral; clase 0 es válida.",geoquimica_pb,proporciones alternativas a moda; no concentraciones,float32,9998,2.012257097141017,105,0.0 … 1.0
pb_proporcion_clase_5,Geoquímica,predictor_candidato,Candidata; no aprobada,"Fracción del área válida asignada a clase 5 de plomo; etiqueta local «29,76 - 35,12». No son unidades de concentración verificadas.",fracción 0–1 del área válida,"Contexto de asociaciones polimetálicas que en ciertos sistemas acompañan Au; señal menos específica, sensible al fondo litológico y a actividad humana.","Mapa clasificado a partir de RGB; leyenda, medio, extracción y unidades pendientes de validación en D. Exige ≥95 % de área válida. No es concentración puntual ni ley del mineral; clase 0 es válida.",geoquimica_pb,proporciones alternativas a moda; no concentraciones,float32,9998,2.012257097141017,108,0.0 … 1.0
pb_proporcion_clase_6,Geoquímica,predictor_candidato,Candidata; no aprobada,"Fracción del área válida asignada a clase 6 de plomo; etiqueta local «35,13 - 65». No son unidades de concentración verificadas.",fracción 0–1 del área válida,"Contexto de asociaciones polimetálicas que en ciertos sistemas acompañan Au; señal menos específica, sensible al fondo litológico y a actividad humana.","Mapa clasificado a partir de RGB; leyenda, medio, extracción y unidades pendientes de validación en D. Exige ≥95 % de área válida. No es concentración puntual ni ley del mineral; clase 0 es válida.",geoquimica_pb,proporciones alternativas a moda; no concentraciones,float32,9998,2.012257097141017,96,0.0 … 1.0
pb_proporcion_clase_7,Geoquímica,predictor_candidato,Candidata; no aprobada,"Fracción del área válida asignada a clase 7 de plomo; etiqueta local «65,01 - 4.979,11». No son unidades de concentración verificadas.",fracción 0–1 del área válida,"Contexto de asociaciones polimetálicas que en ciertos sistemas acompañan Au; señal menos específica, sensible al fondo litológico y a actividad humana.","Mapa clasificado a partir de RGB; leyenda, medio, extracción y unidades pendientes de validación en D. Exige ≥95 % de área válida. No es concentración puntual ni ley del mineral; clase 0 es válida.",geoquimica_pb,proporciones alternativas a moda; no concentraciones,float32,9998,2.012257097141017,39,0.0 … 1.0
zn_clase_modal,Geoquímica,predictor_candidato,Candidata; no aprobada,Clase de zinc con mayor área válida en la celda; empate a la clase menor. Códigos según la leyenda local reproducida en este informe.,índice de clase,"Contexto de asociaciones polimetálicas; puede añadir información conjunta, aunque Zn elevado por sí solo no acredita Au.","Mapa clasificado a partir de RGB; leyenda, medio, extracción y unidades pendientes de validación en D. Exige ≥95 % de área válida. No es concentración puntual ni ley del mineral; clase 0 es válida.",geoquimica_zn,moda ponderada; empate clase menor; RGB coincidente; leyenda local pendiente,float32,143553,28.89233277314307,7,0.0 … 7.0
zn_proporcion_clase_0,Geoquímica,predictor_candidato,Candidata; no aprobada,"Fracción del área válida asignada a clase 0 de zinc; etiqueta local «0,53 - 21,12». No son unidades de concentración verificadas.",fracción 0–1 del área válida,"Contexto de asociaciones polimetálicas; puede añadir información conjunta, aunque Zn elevado por sí solo no acredita Au.","Mapa clasificado a partir de RGB; leyenda, medio, extracción y unidades pendientes de validación en D. Exige ≥95 % de área válida. No es concentración puntual ni ley del mineral; clase 0 es válida.",geoquimica_zn,proporciones alternativas a moda; no concentraciones,float32,143553,28.89233277314307,7,0.0 … 1.0
zn_proporcion_clase_1,Geoquímica,predictor_candidato,Candidata; no aprobada,"Fracción del área válida asignada a clase 1 de zinc; etiqueta local «21,13 - 31,74». No son unidades de concentración verificadas.",fracción 0–1 del área válida,"Contexto de asociaciones polimetálicas; puede añadir información conjunta, aunque Zn elevado por sí solo no acredita Au.","Mapa clasificado a partir de RGB; leyenda, medio, extracción y unidades pendientes de validación en D. Exige ≥95 % de área válida. No es concentración puntual ni ley del mineral; clase 0 es válida.",geoquimica_zn,proporciones alternativas a moda; no concentraciones,float32,143553,28.89233277314307,25,0.0 … 1.0
zn_proporcion_clase_2,Geoquímica,predictor_candidato,Candidata; no aprobada,"Fracción del área válida asignada a clase 2 de zinc; etiqueta local «31,75 - 41,08». No son unidades de concentración verificadas.",fracción 0–1 del área válida,"Contexto de asociaciones polimetálicas; puede añadir información conjunta, aunque Zn elevado por sí solo no acredita Au.","Mapa clasificado a partir de RGB; leyenda, medio, extracción y unidades pendientes de validación en D. Exige ≥95 % de área válida. No es concentración puntual ni ley del mineral; clase 0 es válida.",geoquimica_zn,proporciones alternativas a moda; no concentraciones,float32,143553,28.89233277314307,24,0.0 … 1.0
zn_proporcion_clase_3,Geoquímica,predictor_candidato,Candidata en lista; descartar como señal de valor constante,"Fracción del área válida asignada a clase 3 de zinc; etiqueta local «41,09 - 56,62». No son unidades de concentración verificadas.",fracción 0–1 del área válida,"Contexto de asociaciones polimetálicas; puede añadir información conjunta, aunque Zn elevado por sí solo no acredita Au.","Mapa clasificado a partir de RGB; leyenda, medio, extracción y unidades pendientes de validación en D. Exige ≥95 % de área válida. No es concentración puntual ni ley del mineral; clase 0 es válida. En esta ejecución es 0 en todas las celdas no nulas: no discrimina valores; revisar paleta/rechazo RGB.",geoquimica_zn,proporciones alternativas a moda; no concentraciones,float32,143553,28.89233277314307,1,0.0 … 0.0
zn_proporcion_clase_4,Geoquímica,predictor_candidato,Candidata; no aprobada,"Fracción del área válida asignada a clase 4 de zinc; etiqueta local «56,63 - 73,79». No son unidades de concentración verificadas.",fracción 0–1 del área válida,"Contexto de asociaciones polimetálicas; puede añadir información conjunta, aunque Zn elevado por sí solo no acredita Au.","Mapa clasificado a partir de RGB; leyenda, medio, extracción y unidades pendientes de validación en D. Exige ≥95 % de área válida. No es concentración puntual ni ley del mineral; clase 0 es válida.",geoquimica_zn,proporciones alternativas a moda; no concentraciones,float32,143553,28.89233277314307,61,0.0 … 1.0
zn_proporcion_clase_5,Geoquímica,predictor_candidato,Candidata; no aprobada,"Fracción del área válida asignada a clase 5 de zinc; etiqueta local «73,8 - 90,5». No son unidades de concentración verificadas.",fracción 0–1 del área válida,"Contexto de asociaciones polimetálicas; puede añadir información conjunta, aunque Zn elevado por sí solo no acredita Au.","Mapa clasificado a partir de RGB; leyenda, medio, extracción y unidades pendientes de validación en D. Exige ≥95 % de área válida. No es concentración puntual ni ley del mineral; clase 0 es válida.",geoquimica_zn,proporciones alternativas a moda; no concentraciones,float32,143553,28.89233277314307,120,0.0 … 1.0
zn_proporcion_clase_6,Geoquímica,predictor_candidato,Candidata; no aprobada,"Fracción del área válida asignada a clase 6 de zinc; etiqueta local «90,51 - 157». No son unidades de concentración verificadas.",fracción 0–1 del área válida,"Contexto de asociaciones polimetálicas; puede añadir información conjunta, aunque Zn elevado por sí solo no acredita Au.","Mapa clasificado a partir de RGB; leyenda, medio, extracción y unidades pendientes de validación en D. Exige ≥95 % de área válida. No es concentración puntual ni ley del mineral; clase 0 es válida.",geoquimica_zn,proporciones alternativas a moda; no concentraciones,float32,143553,28.89233277314307,107,0.0 … 1.0
zn_proporcion_clase_7,Geoquímica,predictor_candidato,Candidata; no aprobada,"Fracción del área válida asignada a clase 7 de zinc; etiqueta local «157,01 - 21.638,97». No son unidades de concentración verificadas.",fracción 0–1 del área válida,"Contexto de asociaciones polimetálicas; puede añadir información conjunta, aunque Zn elevado por sí solo no acredita Au.","Mapa clasificado a partir de RGB; leyenda, medio, extracción y unidades pendientes de validación en D. Exige ≥95 % de área válida. No es concentración puntual ni ley del mineral; clase 0 es válida.",geoquimica_zn,proporciones alternativas a moda; no concentraciones,float32,143553,28.89233277314307,43,0.0 … 1.0
w_clase_modal,Geoquímica,predictor_candidato,Candidata; no aprobada,Clase de wolframio con mayor área válida en la celda; empate a la clase menor. Códigos según la leyenda local reproducida en este informe.,índice de clase,Puede acompañar sistemas hidrotermales relacionados con intrusiones; su asociación espacial con Au no exige correlación de concentraciones.,"Mapa clasificado a partir de RGB; leyenda, medio, extracción y unidades pendientes de validación en D. Exige ≥95 % de área válida. No es concentración puntual ni ley del mineral; clase 0 es válida.",geoquimica_w,moda ponderada; empate clase menor; RGB coincidente; leyenda local pendiente,float32,85228,17.15349548661078,6,0.0 … 6.0
w_proporcion_clase_0,Geoquímica,predictor_candidato,Candidata; no aprobada,"Fracción del área válida asignada a clase 0 de wolframio; etiqueta local «0,5 - 0,53». No son unidades de concentración verificadas.",fracción 0–1 del área válida,Puede acompañar sistemas hidrotermales relacionados con intrusiones; su asociación espacial con Au no exige correlación de concentraciones.,"Mapa clasificado a partir de RGB; leyenda, medio, extracción y unidades pendientes de validación en D. Exige ≥95 % de área válida. No es concentración puntual ni ley del mineral; clase 0 es válida.",geoquimica_w,proporciones alternativas a moda; no concentraciones,float32,85228,17.15349548661078,56,0.0 … 1.0
w_proporcion_clase_1,Geoquímica,predictor_candidato,Candidata; no aprobada,"Fracción del área válida asignada a clase 1 de wolframio; etiqueta local «0,54 - 0,68». No son unidades de concentración verificadas.",fracción 0–1 del área válida,Puede acompañar sistemas hidrotermales relacionados con intrusiones; su asociación espacial con Au no exige correlación de concentraciones.,"Mapa clasificado a partir de RGB; leyenda, medio, extracción y unidades pendientes de validación en D. Exige ≥95 % de área válida. No es concentración puntual ni ley del mineral; clase 0 es válida.",geoquimica_w,proporciones alternativas a moda; no concentraciones,float32,85228,17.15349548661078,75,0.0 … 1.0
w_proporcion_clase_2,Geoquímica,predictor_candidato,Candidata en lista; descartar como señal de valor constante,"Fracción del área válida asignada a clase 2 de wolframio; etiqueta local «0,69 - 0,84». No son unidades de concentración verificadas.",fracción 0–1 del área válida,Puede acompañar sistemas hidrotermales relacionados con intrusiones; su asociación espacial con Au no exige correlación de concentraciones.,"Mapa clasificado a partir de RGB; leyenda, medio, extracción y unidades pendientes de validación en D. Exige ≥95 % de área válida. No es concentración puntual ni ley del mineral; clase 0 es válida. En esta ejecución es 0 en todas las celdas no nulas: no discrimina valores; revisar paleta/rechazo RGB.",geoquimica_w,proporciones alternativas a moda; no concentraciones,float32,85228,17.15349548661078,1,0.0 … 0.0
w_proporcion_clase_3,Geoquímica,predictor_candidato,Candidata; no aprobada,"Fracción del área válida asignada a clase 3 de wolframio; etiqueta local «0,85 - 1,32». No son unidades de concentración verificadas.",fracción 0–1 del área válida,Puede acompañar sistemas hidrotermales relacionados con intrusiones; su asociación espacial con Au no exige correlación de concentraciones.,"Mapa clasificado a partir de RGB; leyenda, medio, extracción y unidades pendientes de validación en D. Exige ≥95 % de área válida. No es concentración puntual ni ley del mineral; clase 0 es válida.",geoquimica_w,proporciones alternativas a moda; no concentraciones,float32,85228,17.15349548661078,90,0.0 … 1.0
w_proporcion_clase_4,Geoquímica,predictor_candidato,Candidata; no aprobada,"Fracción del área válida asignada a clase 4 de wolframio; etiqueta local «1,33 - 2,27». No son unidades de concentración verificadas.",fracción 0–1 del área válida,Puede acompañar sistemas hidrotermales relacionados con intrusiones; su asociación espacial con Au no exige correlación de concentraciones.,"Mapa clasificado a partir de RGB; leyenda, medio, extracción y unidades pendientes de validación en D. Exige ≥95 % de área válida. No es concentración puntual ni ley del mineral; clase 0 es válida.",geoquimica_w,proporciones alternativas a moda; no concentraciones,float32,85228,17.15349548661078,129,0.0 … 1.0
w_proporcion_clase_5,Geoquímica,predictor_candidato,Candidata; no aprobada,"Fracción del área válida asignada a clase 5 de wolframio; etiqueta local «2,28 - 6,5». No son unidades de concentración verificadas.",fracción 0–1 del área válida,Puede acompañar sistemas hidrotermales relacionados con intrusiones; su asociación espacial con Au no exige correlación de concentraciones.,"Mapa clasificado a partir de RGB; leyenda, medio, extracción y unidades pendientes de validación en D. Exige ≥95 % de área válida. No es concentración puntual ni ley del mineral; clase 0 es válida.",geoquimica_w,proporciones alternativas a moda; no concentraciones,float32,85228,17.15349548661078,96,0.0 … 1.0
w_proporcion_clase_6,Geoquímica,predictor_candidato,Candidata; no aprobada,"Fracción del área válida asignada a clase 6 de wolframio; etiqueta local «6,51 - 473,61». No son unidades de concentración verificadas.",fracción 0–1 del área válida,Puede acompañar sistemas hidrotermales relacionados con intrusiones; su asociación espacial con Au no exige correlación de concentraciones.,"Mapa clasificado a partir de RGB; leyenda, medio, extracción y unidades pendientes de validación en D. Exige ≥95 % de área válida. No es concentración puntual ni ley del mineral; clase 0 es válida.",geoquimica_w,proporciones alternativas a moda; no concentraciones,float32,85228,17.15349548661078,36,0.0 … 1.0
elevacion_media_m,Relieve,predictor_candidato,Candidata; no aprobada,"Media de elevación del MDT nativo de 500 m, ponderada por área terrestre válida dentro de la celda de 1 km.",m,"Contextualiza posición geomorfológica, exposición y nivel erosivo; puede también capturar diferencias regionales ajenas a mineralización.",Soporte regional: derivados nativos de 500 m promediados a 1 km. TPI/desviación requieren ≥95 % de vecinos válidos; sin relación universal creciente con Au.,MDT banda 1,derivación nativa 500m; TPI z-media circular incluyendo centro; desviación poblacional; media terrestre a 1km,float32,0,0.0,488938,-2.0 … 3317.0390625
pendiente_grados,Relieve,predictor_candidato,Candidata; no aprobada,"Media terrestre de pendientes calculadas a 500 m con diferencias centrales: atan(raíz(dx²+dy²)), convertida a grados.",grados,Aproxima inclinación y procesos de erosión/transporte; puede ayudar en modelos aluviales junto con otras variables. No mide pendiente de cauce.,Soporte regional: derivados nativos de 500 m promediados a 1 km. TPI/desviación requieren ≥95 % de vecinos válidos; sin relación universal creciente con Au.,MDT banda 1,derivación nativa 500m; TPI z-media circular incluyendo centro; desviación poblacional; media terrestre a 1km,float32,5104,1.0272614746757103,488460,0.0 … 38.870479583740234
tpi_1000m_m,Relieve,predictor_candidato,Candidata; no aprobada,"Elevación menos media de vecinos en radio 1000 m, incluyendo el centro; luego media terrestre a 1 km. Positivo: alto relativo; negativo: bajo relativo.",m,"Describe posición relativa en laderas, valles y divisorias; posible contexto de transporte y acumulación.",Soporte regional: derivados nativos de 500 m promediados a 1 km. TPI/desviación requieren ≥95 % de vecinos válidos; sin relación universal creciente con Au.,MDT banda 1,derivación nativa 500m; TPI z-media circular incluyendo centro; desviación poblacional; media terrestre a 1km,float32,7488,1.5070795302452427,486734,-232.2666778564453 … 236.5657196044922
desv_elevacion_1000m_m,Relieve,predictor_candidato,Candidata; no aprobada,Desviación estándar poblacional de elevaciones en radio 1000 m; luego media terrestre a 1 km. Mide variabilidad del relieve; no es error del MDT ni TRI.,m,Resume contraste topográfico a esta escala; puede contextualizar erosión y relieve de cuenca sin identificar directamente Au.,Soporte regional: derivados nativos de 500 m promediados a 1 km. TPI/desviación requieren ≥95 % de vecinos válidos; sin relación universal creciente con Au.,MDT banda 1,derivación nativa 500m; TPI z-media circular incluyendo centro; desviación poblacional; media terrestre a 1km,float32,7488,1.5070795302452427,486477,0.0 … 381.6034240722656
tpi_5000m_m,Relieve,predictor_candidato,Candidata; no aprobada,"Elevación menos media de vecinos en radio 5000 m, incluyendo el centro; luego media terrestre a 1 km. Positivo: alto relativo; negativo: bajo relativo.",m,"Describe posición relativa en laderas, valles y divisorias; posible contexto de transporte y acumulación.",Soporte regional: derivados nativos de 500 m promediados a 1 km. TPI/desviación requieren ≥95 % de vecinos válidos; sin relación universal creciente con Au.,MDT banda 1,derivación nativa 500m; TPI z-media circular incluyendo centro; desviación poblacional; media terrestre a 1km,float32,20263,4.078252206378118,475496,-865.5039672851562 … 846.810302734375
desv_elevacion_5000m_m,Relieve,predictor_candidato,Candidata; no aprobada,Desviación estándar poblacional de elevaciones en radio 5000 m; luego media terrestre a 1 km. Mide variabilidad del relieve; no es error del MDT ni TRI.,m,Resume contraste topográfico a esta escala; puede contextualizar erosión y relieve de cuenca sin identificar directamente Au.,Soporte regional: derivados nativos de 500 m promediados a 1 km. TPI/desviación requieren ≥95 % de vecinos válidos; sin relación universal creciente con Au.,MDT banda 1,derivación nativa 500m; TPI z-media circular incluyendo centro; desviación poblacional; media terrestre a 1km,float32,20263,4.078252206378118,473529,0.15063178539276123 … 609.320068359375
dist_cauce_m,Hidrografía,predictor_candidato,Candidata; no aprobada,"Distancia euclídea del centro de celda a la traza más próxima de cauce, buscada hasta 10000 m.",m,"Contextualiza transporte y acumulación detrítica; para Au aluvial importan además fuente aguas arriba, conectividad y trampas sedimentarias.",NaN si no se encuentra traza en 10 km; no es distancia cero ni ausencia geológica. No se calcula desde el borde de la celda; la cobertura del levantamiento no está acreditada.,hidrografia,centro a traza cartografiada; NaN sin traza dentro de 10000 m; cobertura no acreditada,float32,13500,2.717090499240221,480443,0.0027415300719439983 … 9999.9609375
dens_aprox_cauce_1000m_km_km2,Hidrografía,predictor_candidato,Candidata; no aprobada,Longitud aproximada de cauce por superficie terrestre en una ventana de radio 1000 m.,km/km²,"Contextualiza transporte y acumulación detrítica; para Au aluvial importan además fuente aguas arriba, conectividad y trampas sedimentarias. La densidad describe intensidad de la red a esa escala; no cuenta intersecciones ni conectividad.","Longitud exacta por celda de 1 km redistribuida uniformemente para la ventana circular; aproximación, especialmente sensible a 1 km. Cero significa sin longitud registrada, no ausencia acreditada.",hidrografia,longitud exacta por celda; ventana circular con reparto uniforme subcelda; no acredita ausencia,float32,0,0.0,231533,0.0 … 3.6718742847442627
dens_aprox_cauce_5000m_km_km2,Hidrografía,predictor_candidato,Candidata; no aprobada,Longitud aproximada de cauce por superficie terrestre en una ventana de radio 5000 m.,km/km²,"Contextualiza transporte y acumulación detrítica; para Au aluvial importan además fuente aguas arriba, conectividad y trampas sedimentarias. La densidad describe intensidad de la red a esa escala; no cuenta intersecciones ni conectividad.","Longitud exacta por celda de 1 km redistribuida uniformemente para la ventana circular; aproximación, especialmente sensible a 1 km. Cero significa sin longitud registrada, no ausencia acreditada.",hidrografia,longitud exacta por celda; ventana circular con reparto uniforme subcelda; no acredita ausencia,float32,0,0.0,441948,0.0 … 1.1030036211013794
dens_aprox_cauce_10000m_km_km2,Hidrografía,predictor_candidato,Candidata; no aprobada,Longitud aproximada de cauce por superficie terrestre en una ventana de radio 10000 m.,km/km²,"Contextualiza transporte y acumulación detrítica; para Au aluvial importan además fuente aguas arriba, conectividad y trampas sedimentarias. La densidad describe intensidad de la red a esa escala; no cuenta intersecciones ni conectividad.","Longitud exacta por celda de 1 km redistribuida uniformemente para la ventana circular; aproximación, especialmente sensible a 1 km. Cero significa sin longitud registrada, no ausencia acreditada.",hidrografia,longitud exacta por celda; ventana circular con reparto uniforme subcelda; no acredita ausencia,float32,0,0.0,478660,0.0 … 0.7008928060531616
unidades_granitoides_explicitos_fraccion,Asociaciones litológicas,predictor_candidato,Candidata; no aprobada,Suma de fracciones de unidades: Granitoides de dos micas; Otros granitoides. Fórmula: litologia_u011_fraccion + litologia_u015_fraccion.,fracción 0–1,"Contexto granítico para evaluar sistemas relacionados con intrusiones; necesita edad, fertilidad y geoquímica compatibles.",Combinación determinista de fracciones existentes; no añade una medición independiente. No estima el porcentaje interno de cada roca.,litologia,suma de unidades explícitas; no proporción interna de roca,float32,15392,3.097885701059665,18661,0.0 … 1.0
unidades_mixtas_con_granitoides_fraccion,Asociaciones litológicas,predictor_candidato,Candidata; no aprobada,"Suma de fracciones de unidades: Migmatitas, mármoles y granitoides indiferenciados. Fórmula: litologia_u014_fraccion.",fracción 0–1,"Unidad mixta de basamento y granitoides; puede aportar contexto térmico e intrusivo, pero no cuantifica cuánto granito contiene.",Duplicado exacto de una fracción original; elegir una representación. No estima el porcentaje interno de cada roca.,litologia,suma de unidades explícitas; no proporción interna de roca,float32,15392,3.097885701059665,1840,0.0 … 1.0
unidades_volcanicas_fraccion,Asociaciones litológicas,predictor_candidato,Candidata; no aprobada,Suma de fracciones de unidades: Vulcanitas y rocas volcanoclásticas. Fórmula: litologia_u019_fraccion.,fracción 0–1,Contexto volcánico/volcanoclástico donde se pueden probar hipótesis hidrotermales; no informa sobre alteración ni fertilidad.,Duplicado exacto de una fracción original; elegir una representación. No estima el porcentaje interno de cada roca.,litologia,suma de unidades explícitas; no proporción interna de roca,float32,15392,3.097885701059665,5324,0.0 … 1.0
unidades_basicas_ultrabasicas_fraccion,Asociaciones litológicas,predictor_candidato,Candidata; no aprobada,Suma de fracciones de unidades: Serpentinitas y peridotitas. Rocas básicas y ultrabásicas. Fórmula: litologia_u018_fraccion.,fracción 0–1,Contexto máfico y ultramáfico; permite probar controles del encajante y contrastes litológicos sin asumir asociación universal con Au.,Duplicado exacto de una fracción original; elegir una representación. No estima el porcentaje interno de cada roca.,litologia,suma de unidades explícitas; no proporción interna de roca,float32,15392,3.097885701059665,3938,0.0 … 1.0
unidades_con_gneisses_fraccion,Asociaciones litológicas,predictor_candidato,Candidata; no aprobada,Suma de fracciones de unidades: Gneisses. Fórmula: litologia_u010_fraccion.,fracción 0–1,"Representa basamento metamórfico; puede contextualizar zonas de cizalla y vetas, pero gneiss no equivale a roca aurífera.",Duplicado exacto de una fracción original; elegir una representación. No estima el porcentaje interno de cada roca.,litologia,suma de unidades explícitas; no proporción interna de roca,float32,15392,3.097885701059665,3650,0.0 … 1.0
unidades_con_gravas_arenas_limos_fraccion,Asociaciones litológicas,predictor_candidato,Candidata; no aprobada,"Suma de fracciones de unidades: Gravas, conglomerados, arenas y limos. Fórmula: litologia_u012_fraccion.",fracción 0–1,Hipótesis de transporte y acumulación detrítica de Au; la unidad incluye depósitos no auríferos y no distingue terrazas de otros sedimentos.,Duplicado exacto de una fracción original; elegir una representación. No estima el porcentaje interno de cada roca.,litologia,suma de unidades explícitas; no proporción interna de roca,float32,15392,3.097885701059665,68905,0.0 … 1.0
n_candidatos,Etiquetas,etiqueta,Excluir de X,Número de registros de indicios candidatos asignados a la celda; puede haber varios del mismo depósito.,conteo,"Sirve para construir y auditar la respuesta objetivo, no para explicarla.","Incluirla en X filtra información de la etiqueta. U significa no etiquetado, no ausencia de oro.",Fases C/D; código y configuración,,int64,0,0.0,7,0 … 9
n_positivos_revisados,Etiquetas,etiqueta,Excluir de X,Número de registros con positivo_revisado verdadero asignados a la celda.,conteo,"Sirve para construir y auditar la respuesta objetivo, no para explicarla.","Incluirla en X filtra información de la etiqueta. U significa no etiquetado, no ausencia de oro.",Fases C/D; código y configuración,,int64,0,0.0,1,0 … 0
estado_etiqueta,Etiquetas,etiqueta,Excluir de X,P_revisado si n_positivos_revisados > 0; candidato_no_revisado si solo hay candidatos; U si no hay registros candidatos.,categoría,"Sirve para construir y auditar la respuesta objetivo, no para explicarla.","Incluirla en X filtra información de la etiqueta. U significa no etiquetado, no ausencia de oro.",Fases C/D; código y configuración,,str,0,0.0,2,"U: 496,164; candidato_no_revisado: 691"
partition_id,Identificación y soporte territorial,auxiliar_no_predictor,Excluir de X,División entera row // 100; organiza franjas de 100 filas en el Parquet particionado.,entero,No se propone como predictor geológico.,"Partición de almacenamiento, sin significado metalogenético ni función de validación por sí misma.",Fases C/D; código y configuración,,int16,0,0.0,9,0 … 8
