{"type": "FeatureCollection", "features": [{"type": "Feature", "geometry": {"type": "Point", "coordinates": [-8.266884, 43.544697]}, "properties": {"record_id": "gpkg:44f874e0d3404a1c13ef2b13e6ecb8ea39b189992e387651298f79c6169e0960:20", "codigo_indicio": "6001", "nombre_mina": "COVAS", "provincia": "CORUÑA", "municipio": "Ferrol", "morfologia": "Filoniana", "tipo_au": "roca", "deposit_id": "", "district_id": "", "estado_presencia": "pendiente"}}, {"type": "Feature", "geometry": {"type": "Point", "coordinates": [-8.201098, 43.595852]}, "properties": {"record_id": "gpkg:44f874e0d3404a1c13ef2b13e6ecb8ea39b189992e387651298f79c6169e0960:21", "codigo_indicio": "6002", "nombre_mina": "MONTEFARO", "provincia": "CORUÑA", "municipio": "Valdoviño", "morfologia": "Filoniana", "tipo_au": "roca", "deposit_id": "", "district_id": "", "estado_presencia": "pendiente"}}, {"type": "Feature", "geometry": {"type": "Point", "coordinates": [-8.134388, 43.617157]}, "properties": {"record_id": "gpkg:44f874e0d3404a1c13ef2b13e6ecb8ea39b189992e387651298f79c6169e0960:23", "codigo_indicio": "7002", "nombre_mina": "PEREIRO", "provincia": "CORUÑA", "municipio": "Valdoviño", "morfologia": "Filoniana", "tipo_au": "roca", "deposit_id": "", "district_id": "", "estado_presencia": "pendiente"}}, {"type": "Feature", "geometry": {"type": "Point", "coordinates": [-7.965514, 43.556506]}, "properties": {"record_id": "gpkg:44f874e0d3404a1c13ef2b13e6ecb8ea39b189992e387651298f79c6169e0960:27", "codigo_indicio": "7006", "nombre_mina": "PIQUITO 1-2 SANTA MARTA", "provincia": "CORUÑA", "municipio": "Moeche", "morfologia": "Estratiforme/Estratoide", "tipo_au": "desconocido", "deposit_id": "", "district_id": "", "estado_presencia": "rechazada"}}, {"type": "Feature", "geometry": {"type": "Point", "coordinates": [-7.946653, 43.608558]}, "properties": {"record_id": "gpkg:44f874e0d3404a1c13ef2b13e6ecb8ea39b189992e387651298f79c6169e0960:30", "codigo_indicio": "7009", "nombre_mina": "GRUPO DOS CARRIS - LA BARQUERA", "provincia": "CORUÑA", "municipio": "Cerdido", "morfologia": "Estratiforme/Estratoide", "tipo_au": "desconocido", "deposit_id": "", "district_id": "", "estado_presencia": "rechazada"}}, {"type": "Feature", "geometry": {"type": "Point", "coordinates": [-6.915572, 43.563461]}, "properties": {"record_id": "gpkg:44f874e0d3404a1c13ef2b13e6ecb8ea39b189992e387651298f79c6169e0960:59", "codigo_indicio": "10001", "nombre_mina": "Salave", "provincia": "ASTURIAS", "municipio": "Tapia de Casariego", "morfologia": "Irregular", "tipo_au": "roca", "deposit_id": "dep_salave", "district_id": "dist_occidente_asturiano", "estado_presencia": "confirmada"}}, {"type": "Feature", "geometry": {"type": "Point", "coordinates": [-6.912209, 43.567451]}, "properties": {"record_id": "gpkg:44f874e0d3404a1c13ef2b13e6ecb8ea39b189992e387651298f79c6169e0960:67", "codigo_indicio": "10009", "nombre_mina": "Salave y dos amigos", "provincia": "ASTURIAS", "municipio": "Tapia de Casariego", "morfologia": "Irregular", "tipo_au": "roca", "deposit_id": "dep_salave", "district_id": "dist_occidente_asturiano", "estado_presencia": "confirmada"}}, {"type": "Feature", "geometry": {"type": "Point", "coordinates": [-6.885588, 43.514289]}, "properties": {"record_id": "gpkg:44f874e0d3404a1c13ef2b13e6ecb8ea39b189992e387651298f79c6169e0960:75", "codigo_indicio": "10017", "nombre_mina": "Indicio Aurífero", "provincia": "ASTURIAS", "municipio": "Tapia de Casariego", "morfologia": "Aluvionar", "tipo_au": "aluvial", "deposit_id": "", "district_id": "", "estado_presencia": "pendiente"}}, {"type": "Feature", "geometry": {"type": "Point", "coordinates": [-6.87728, 43.50423]}, "properties": {"record_id": "gpkg:44f874e0d3404a1c13ef2b13e6ecb8ea39b189992e387651298f79c6169e0960:76", "codigo_indicio": "10018", "nombre_mina": "Cueva de las Caldeiras", "provincia": "ASTURIAS", "municipio": "Tapia de Casariego", "morfologia": "Filoniana", "tipo_au": "roca", "deposit_id": "", "district_id": "", "estado_presencia": "pendiente"}}, {"type": "Feature", "geometry": {"type": "Point", "coordinates": [-6.785255, 43.525778]}, "properties": {"record_id": "gpkg:44f874e0d3404a1c13ef2b13e6ecb8ea39b189992e387651298f79c6169e0960:82", "codigo_indicio": "11005", "nombre_mina": "Indicio Aurífero", "provincia": "ASTURIAS", "municipio": "Coaña", "morfologia": "Desconocida", "tipo_au": "desconocido", "deposit_id": "", "district_id": "", "estado_presencia": "pendiente"}}, {"type": "Feature", "geometry": {"type": "Point", "coordinates": [-6.801858, 43.525198]}, "properties": {"record_id": "gpkg:44f874e0d3404a1c13ef2b13e6ecb8ea39b189992e387651298f79c6169e0960:83", "codigo_indicio": "11006", "nombre_mina": "Indicio Aurífero", "provincia": "ASTURIAS", "municipio": "Franco, El", "morfologia": "Desconocida", "tipo_au": "desconocido", "deposit_id": "", "district_id": "", "estado_presencia": "pendiente"}}, {"type": "Feature", "geometry": {"type": "Point", "coordinates": [-6.84704, 43.510841]}, "properties": {"record_id": "gpkg:44f874e0d3404a1c13ef2b13e6ecb8ea39b189992e387651298f79c6169e0960:85", "codigo_indicio": "11008", "nombre_mina": "Indicio Aurífero", "provincia": "ASTURIAS", "municipio": "Franco, El", "morfologia": "Desconocida", "tipo_au": "desconocido", "deposit_id": "", "district_id": "", "estado_presencia": "pendiente"}}, {"type": "Feature", "geometry": {"type": "Point", "coordinates": [-6.83066, 43.501888]}, "properties": {"record_id": "gpkg:44f874e0d3404a1c13ef2b13e6ecb8ea39b189992e387651298f79c6169e0960:88", "codigo_indicio": "11011", "nombre_mina": "Indicio Aurífero", "provincia": "ASTURIAS", "municipio": "Franco, El", "morfologia": "Desconocida", "tipo_au": "desconocido", "deposit_id": "", "district_id": "", "estado_presencia": "pendiente"}}, {"type": "Feature", "geometry": {"type": "Point", "coordinates": [-6.430738, 43.502241]}, "properties": {"record_id": "gpkg:44f874e0d3404a1c13ef2b13e6ecb8ea39b189992e387651298f79c6169e0960:103", "codigo_indicio": "12001", "nombre_mina": "Indicio Aurífero", "provincia": "ASTURIAS", "municipio": "Valdés", "morfologia": "Desconocida", "tipo_au": "desconocido", "deposit_id": "", "district_id": "", "estado_presencia": "pendiente"}}, {"type": "Feature", "geometry": {"type": "Point", "coordinates": [-8.287594, 43.383648]}, "properties": {"record_id": "gpkg:44f874e0d3404a1c13ef2b13e6ecb8ea39b189992e387651298f79c6169e0960:208", "codigo_indicio": "21002", "nombre_mina": "PLAYA DE SAN PEDRO", "provincia": "CORUÑA", "municipio": "Sada", "morfologia": "Aluvionar", "tipo_au": "aluvial", "deposit_id": "", "district_id": "", "estado_presencia": "pendiente"}}, {"type": "Feature", "geometry": {"type": "Point", "coordinates": [-8.060809, 43.335187]}, "properties": {"record_id": "gpkg:44f874e0d3404a1c13ef2b13e6ecb8ea39b189992e387651298f79c6169e0960:215", "codigo_indicio": "22005", "nombre_mina": "CAPELO", "provincia": "CORUÑA", "municipio": "Monfero", "morfologia": "Filoniana", "tipo_au": "roca", "deposit_id": "", "district_id": "", "estado_presencia": "pendiente"}}, {"type": "Feature", "geometry": {"type": "Point", "coordinates": [-7.153727, 43.44183]}, "properties": {"record_id": "gpkg:44f874e0d3404a1c13ef2b13e6ecb8ea39b189992e387651298f79c6169e0960:246", "codigo_indicio": "25007", "nombre_mina": "Indicio Aurífero", "provincia": "LUGO", "municipio": "Trabada", "morfologia": "Filoniana", "tipo_au": "roca", "deposit_id": "", "district_id": "", "estado_presencia": "pendiente"}}, {"type": "Feature", "geometry": {"type": "Point", "coordinates": [-7.133142, 43.440145]}, "properties": {"record_id": "gpkg:44f874e0d3404a1c13ef2b13e6ecb8ea39b189992e387651298f79c6169e0960:247", "codigo_indicio": "25008", "nombre_mina": "Indicio Aurífero", "provincia": "LUGO", "municipio": "Trabada", "morfologia": "Filoniana", "tipo_au": "roca", "deposit_id": "", "district_id": "", "estado_presencia": "pendiente"}}, {"type": "Feature", "geometry": {"type": "Point", "coordinates": [-7.125195, 43.445417]}, "properties": {"record_id": "gpkg:44f874e0d3404a1c13ef2b13e6ecb8ea39b189992e387651298f79c6169e0960:248", "codigo_indicio": "25009", "nombre_mina": "Indicio Aurífero", "provincia": "LUGO", "municipio": "Trabada", "morfologia": "Filoniana", "tipo_au": "roca", "deposit_id": "", "district_id": "", "estado_presencia": "pendiente"}}, {"type": "Feature", "geometry": {"type": "Point", "coordinates": [-7.146956, 43.432896]}, "properties": {"record_id": "gpkg:44f874e0d3404a1c13ef2b13e6ecb8ea39b189992e387651298f79c6169e0960:249", "codigo_indicio": "25010", "nombre_mina": "Indicio Aurífero", "provincia": "LUGO", "municipio": "Trabada", "morfologia": "Filoniana", "tipo_au": "roca", "deposit_id": "", "district_id": "", "estado_presencia": "pendiente"}}, {"type": "Feature", "geometry": {"type": "Point", "coordinates": [-7.123801, 43.422524]}, "properties": {"record_id": "gpkg:44f874e0d3404a1c13ef2b13e6ecb8ea39b189992e387651298f79c6169e0960:251", "codigo_indicio": "25012", "nombre_mina": "Furado de los Mouros", "provincia": "ASTURIAS", "municipio": "San Tirso de Abres", "morfologia": "Filoniana", "tipo_au": "roca", "deposit_id": "", "district_id": "", "estado_presencia": "pendiente"}}, {"type": "Feature", "geometry": {"type": "Point", "coordinates": [-7.113462, 43.417312]}, "properties": {"record_id": "gpkg:44f874e0d3404a1c13ef2b13e6ecb8ea39b189992e387651298f79c6169e0960:252", "codigo_indicio": "25013", "nombre_mina": "Indicio Aurífero", "provincia": "ASTURIAS", "municipio": "San Tirso de Abres", "morfologia": "Filoniana", "tipo_au": "roca", "deposit_id": "", "district_id": "", "estado_presencia": "pendiente"}}, {"type": "Feature", "geometry": {"type": "Point", "coordinates": [-6.999698, 43.383503]}, "properties": {"record_id": "gpkg:44f874e0d3404a1c13ef2b13e6ecb8ea39b189992e387651298f79c6169e0960:264", "codigo_indicio": "25025", "nombre_mina": "Indicio Aurífero", "provincia": "ASTURIAS", "municipio": "Vegadeo", "morfologia": "Desconocida", "tipo_au": "desconocido", "deposit_id": "", "district_id": "", "estado_presencia": "pendiente"}}, {"type": "Feature", "geometry": {"type": "Point", "coordinates": [-6.993081, 43.404457]}, "properties": {"record_id": "gpkg:44f874e0d3404a1c13ef2b13e6ecb8ea39b189992e387651298f79c6169e0960:268", "codigo_indicio": "25029", "nombre_mina": "Mina del Penedon", "provincia": "ASTURIAS", "municipio": "Vegadeo", "morfologia": "Filoniana", "tipo_au": "roca", "deposit_id": "", "district_id": "", "estado_presencia": "pendiente"}}, {"type": "Feature", "geometry": {"type": "Point", "coordinates": [-6.871559, 43.464389]}, "properties": {"record_id": "gpkg:44f874e0d3404a1c13ef2b13e6ecb8ea39b189992e387651298f79c6169e0960:284", "codigo_indicio": "25045", "nombre_mina": "Indicio Aurífero", "provincia": "ASTURIAS", "municipio": "Franco, El", "morfologia": "Irregular", "tipo_au": "desconocido", "deposit_id": "", "district_id": "", "estado_presencia": "pendiente"}}, {"type": "Feature", "geometry": {"type": "Point", "coordinates": [-6.886707, 43.437657]}, "properties": {"record_id": "gpkg:44f874e0d3404a1c13ef2b13e6ecb8ea39b189992e387651298f79c6169e0960:286", "codigo_indicio": "25047", "nombre_mina": "Indicio Aurífero", "provincia": "ASTURIAS", "municipio": "Boal", "morfologia": "Aluvionar", "tipo_au": "aluvial", "deposit_id": "", "district_id": "", "estado_presencia": "pendiente"}}, {"type": "Feature", "geometry": {"type": "Point", "coordinates": [-6.88477, 43.422314]}, "properties": {"record_id": "gpkg:44f874e0d3404a1c13ef2b13e6ecb8ea39b189992e387651298f79c6169e0960:287", "codigo_indicio": "25048", "nombre_mina": "Indicio Aurífero", "provincia": "ASTURIAS", "municipio": "Boal", "morfologia": "Irregular", "tipo_au": "desconocido", "deposit_id": "", "district_id": "", "estado_presencia": "pendiente"}}, {"type": "Feature", "geometry": {"type": "Point", "coordinates": [-6.827908, 43.492381]}, "properties": {"record_id": "gpkg:44f874e0d3404a1c13ef2b13e6ecb8ea39b189992e387651298f79c6169e0960:293", "codigo_indicio": "26001", "nombre_mina": "Indicio Aurífero", "provincia": "ASTURIAS", "municipio": "Franco, El", "morfologia": "Desconocida", "tipo_au": "desconocido", "deposit_id": "", "district_id": "", "estado_presencia": "pendiente"}}, {"type": "Feature", "geometry": {"type": "Point", "coordinates": [-6.842771, 43.491762]}, "properties": {"record_id": "gpkg:44f874e0d3404a1c13ef2b13e6ecb8ea39b189992e387651298f79c6169e0960:294", "codigo_indicio": "26002", "nombre_mina": "Indicio Aurífero", "provincia": "ASTURIAS", "municipio": "Franco, El", "morfologia": "Desconocida", "tipo_au": "desconocido", "deposit_id": "", "district_id": "", "estado_presencia": "pendiente"}}, {"type": "Feature", "geometry": {"type": "Point", "coordinates": [-6.849502, 43.469379]}, "properties": {"record_id": "gpkg:44f874e0d3404a1c13ef2b13e6ecb8ea39b189992e387651298f79c6169e0960:296", "codigo_indicio": "26004", "nombre_mina": "Indicio Aurífero", "provincia": "ASTURIAS", "municipio": "Franco, El", "morfologia": "Desconocida", "tipo_au": "desconocido", "deposit_id": "", "district_id": "", "estado_presencia": "pendiente"}}, {"type": "Feature", "geometry": {"type": "Point", "coordinates": [-6.846426, 43.458516]}, "properties": {"record_id": "gpkg:44f874e0d3404a1c13ef2b13e6ecb8ea39b189992e387651298f79c6169e0960:299", "codigo_indicio": "26007", "nombre_mina": "Indicio Aurífero", "provincia": "ASTURIAS", "municipio": "Franco, El", "morfologia": "Aluvionar", "tipo_au": "aluvial", "deposit_id": "", "district_id": "", "estado_presencia": "pendiente"}}, {"type": "Feature", "geometry": {"type": "Point", "coordinates": [-6.738727, 43.479397]}, "properties": {"record_id": "gpkg:44f874e0d3404a1c13ef2b13e6ecb8ea39b189992e387651298f79c6169e0960:313", "codigo_indicio": "26021", "nombre_mina": "El Cabrucal.", "provincia": "ASTURIAS", "municipio": "Coaña", "morfologia": "Aluvionar", "tipo_au": "aluvial", "deposit_id": "", "district_id": "", "estado_presencia": "pendiente"}}, {"type": "Feature", "geometry": {"type": "Point", "coordinates": [-6.727231, 43.456208]}, "properties": {"record_id": "gpkg:44f874e0d3404a1c13ef2b13e6ecb8ea39b189992e387651298f79c6169e0960:314", "codigo_indicio": "26022", "nombre_mina": "Indicio Aurífero", "provincia": "ASTURIAS", "municipio": "Boal", "morfologia": "Aluvionar", "tipo_au": "aluvial", "deposit_id": "", "district_id": "", "estado_presencia": "pendiente"}}, {"type": "Feature", "geometry": {"type": "Point", "coordinates": [-6.738682, 43.44744]}, "properties": {"record_id": "gpkg:44f874e0d3404a1c13ef2b13e6ecb8ea39b189992e387651298f79c6169e0960:315", "codigo_indicio": "26023", "nombre_mina": "Indicio Aurífero", "provincia": "ASTURIAS", "municipio": "Boal", "morfologia": "Aluvionar", "tipo_au": "aluvial", "deposit_id": "", "district_id": "", "estado_presencia": "pendiente"}}, {"type": "Feature", "geometry": {"type": "Point", "coordinates": [-6.678969, 43.360694]}, "properties": {"record_id": "gpkg:44f874e0d3404a1c13ef2b13e6ecb8ea39b189992e387651298f79c6169e0960:333", "codigo_indicio": "26041", "nombre_mina": "Indicio Aurífero", "provincia": "ASTURIAS", "municipio": "Allande", "morfologia": "Desconocida", "tipo_au": "desconocido", "deposit_id": "", "district_id": "", "estado_presencia": "pendiente"}}, {"type": "Feature", "geometry": {"type": "Point", "coordinates": [-6.68111, 43.353084]}, "properties": {"record_id": "gpkg:44f874e0d3404a1c13ef2b13e6ecb8ea39b189992e387651298f79c6169e0960:334", "codigo_indicio": "26042", "nombre_mina": "Indicio Aurífero", "provincia": "ASTURIAS", "municipio": "Allande", "morfologia": "Desconocida", "tipo_au": "desconocido", "deposit_id": "", "district_id": "", "estado_presencia": "pendiente"}}, {"type": "Feature", "geometry": {"type": "Point", "coordinates": [-6.68549, 43.351462]}, "properties": {"record_id": "gpkg:44f874e0d3404a1c13ef2b13e6ecb8ea39b189992e387651298f79c6169e0960:335", "codigo_indicio": "26043", "nombre_mina": "Indicio Aurífero", "provincia": "ASTURIAS", "municipio": "Allande", "morfologia": "Aluvionar", "tipo_au": "aluvial", "deposit_id": "", "district_id": "", "estado_presencia": "pendiente"}}, {"type": "Feature", "geometry": {"type": "Point", "coordinates": [-6.684768, 43.347756]}, "properties": {"record_id": "gpkg:44f874e0d3404a1c13ef2b13e6ecb8ea39b189992e387651298f79c6169e0960:336", "codigo_indicio": "26044", "nombre_mina": "Indicio Aurífero", "provincia": "ASTURIAS", "municipio": "Allande", "morfologia": "Desconocida", "tipo_au": "desconocido", "deposit_id": "", "district_id": "", "estado_presencia": "pendiente"}}, {"type": "Feature", "geometry": {"type": "Point", "coordinates": [-6.691707, 43.33394]}, "properties": {"record_id": "gpkg:44f874e0d3404a1c13ef2b13e6ecb8ea39b189992e387651298f79c6169e0960:337", "codigo_indicio": "26045", "nombre_mina": "Indicio Aurífero", "provincia": "ASTURIAS", "municipio": "Allande", "morfologia": "Desconocida", "tipo_au": "desconocido", "deposit_id": "", "district_id": "", "estado_presencia": "pendiente"}}, {"type": "Feature", "geometry": {"type": "Point", "coordinates": [-6.575732, 43.33451]}, "properties": {"record_id": "gpkg:44f874e0d3404a1c13ef2b13e6ecb8ea39b189992e387651298f79c6169e0960:338", "codigo_indicio": "26046", "nombre_mina": "Indicio Aurífero", "provincia": "ASTURIAS", "municipio": "Tineo", "morfologia": "Filoniana", "tipo_au": "roca", "deposit_id": "", "district_id": "", "estado_presencia": "pendiente"}}, {"type": "Feature", "geometry": {"type": "Point", "coordinates": [-6.563405, 43.349735]}, "properties": {"record_id": "gpkg:44f874e0d3404a1c13ef2b13e6ecb8ea39b189992e387651298f79c6169e0960:339", "codigo_indicio": "26047", "nombre_mina": "Indicio Aurífero", "provincia": "ASTURIAS", "municipio": "Tineo", "morfologia": "Aluvionar", "tipo_au": "aluvial", "deposit_id": "", "district_id": "", "estado_presencia": "pendiente"}}, {"type": "Feature", "geometry": {"type": "Point", "coordinates": [-6.561992, 43.354207]}, "properties": {"record_id": "gpkg:44f874e0d3404a1c13ef2b13e6ecb8ea39b189992e387651298f79c6169e0960:340", "codigo_indicio": "26048", "nombre_mina": "Indicio Aurífero", "provincia": "ASTURIAS", "municipio": "Tineo", "morfologia": "Irregular", "tipo_au": "desconocido", "deposit_id": "", "district_id": "", "estado_presencia": "pendiente"}}, {"type": "Feature", "geometry": {"type": "Point", "coordinates": [-6.540544, 43.350596]}, "properties": {"record_id": "gpkg:44f874e0d3404a1c13ef2b13e6ecb8ea39b189992e387651298f79c6169e0960:341", "codigo_indicio": "26049", "nombre_mina": "Indicio Aurífero", "provincia": "ASTURIAS", "municipio": "Tineo", "morfologia": "Aluvionar", "tipo_au": "aluvial", "deposit_id": "", "district_id": "", "estado_presencia": "pendiente"}}, {"type": "Feature", "geometry": {"type": "Point", "coordinates": [-6.53496, 43.351376]}, "properties": {"record_id": "gpkg:44f874e0d3404a1c13ef2b13e6ecb8ea39b189992e387651298f79c6169e0960:342", "codigo_indicio": "26050", "nombre_mina": "Indicio Aurífero", "provincia": "ASTURIAS", "municipio": "Tineo", "morfologia": "Aluvionar", "tipo_au": "aluvial", "deposit_id": "", "district_id": "", "estado_presencia": "pendiente"}}, {"type": "Feature", "geometry": {"type": "Point", "coordinates": [-6.559974, 43.364519]}, "properties": {"record_id": "gpkg:44f874e0d3404a1c13ef2b13e6ecb8ea39b189992e387651298f79c6169e0960:343", "codigo_indicio": "26051", "nombre_mina": "Indicio Aurífero", "provincia": "ASTURIAS", "municipio": "Tineo", "morfologia": "Irregular", "tipo_au": "desconocido", "deposit_id": "", "district_id": "", "estado_presencia": "pendiente"}}, {"type": "Feature", "geometry": {"type": "Point", "coordinates": [-6.561235, 43.3731]}, "properties": {"record_id": "gpkg:44f874e0d3404a1c13ef2b13e6ecb8ea39b189992e387651298f79c6169e0960:344", "codigo_indicio": "26052", "nombre_mina": "Indicio Aurífero", "provincia": "ASTURIAS", "municipio": "Tineo", "morfologia": "Irregular", "tipo_au": "desconocido", "deposit_id": "", "district_id": "", "estado_presencia": "pendiente"}}, {"type": "Feature", "geometry": {"type": "Point", "coordinates": [-6.548177, 43.390829]}, "properties": {"record_id": "gpkg:44f874e0d3404a1c13ef2b13e6ecb8ea39b189992e387651298f79c6169e0960:345", "codigo_indicio": "26053", "nombre_mina": "Indicio Aurífero", "provincia": "ASTURIAS", "municipio": "Tineo", "morfologia": "Irregular", "tipo_au": "desconocido", "deposit_id": "", "district_id": "", "estado_presencia": "pendiente"}}, {"type": "Feature", "geometry": {"type": "Point", "coordinates": [-6.54785, 43.398926]}, "properties": {"record_id": "gpkg:44f874e0d3404a1c13ef2b13e6ecb8ea39b189992e387651298f79c6169e0960:346", "codigo_indicio": "26054", "nombre_mina": "Navelgas Sur", "provincia": "ASTURIAS", "municipio": "Tineo", "morfologia": "Irregular", "tipo_au": "desconocido", "deposit_id": "dep_navelgas", "district_id": "dist_asturoccidental_navelgas", "estado_presencia": "confirmada"}}, {"type": "Feature", "geometry": {"type": "Point", "coordinates": [-6.538105, 43.410872]}, "properties": {"record_id": "gpkg:44f874e0d3404a1c13ef2b13e6ecb8ea39b189992e387651298f79c6169e0960:348", "codigo_indicio": "26056", "nombre_mina": "Minas de Navelgas", "provincia": "ASTURIAS", "municipio": "Tineo", "morfologia": "Irregular", "tipo_au": "desconocido", "deposit_id": "dep_navelgas", "district_id": "dist_asturoccidental_navelgas", "estado_presencia": "confirmada"}}, {"type": "Feature", "geometry": {"type": "Point", "coordinates": [-6.808068, 43.493803]}, "properties": {"record_id": "gpkg:44f874e0d3404a1c13ef2b13e6ecb8ea39b189992e387651298f79c6169e0960:350", "codigo_indicio": "26058", "nombre_mina": "Indicio Aurífero", "provincia": "ASTURIAS", "municipio": "Franco, El", "morfologia": "Filoniana", "tipo_au": "roca", "deposit_id": "", "district_id": "", "estado_presencia": "pendiente"}}, {"type": "Feature", "geometry": {"type": "Point", "coordinates": [-6.823485, 43.494998]}, "properties": {"record_id": "gpkg:44f874e0d3404a1c13ef2b13e6ecb8ea39b189992e387651298f79c6169e0960:351", "codigo_indicio": "26059", "nombre_mina": "Indicio Aurífero", "provincia": "ASTURIAS", "municipio": "Franco, El", "morfologia": "Desconocida", "tipo_au": "desconocido", "deposit_id": "", "district_id": "", "estado_presencia": "pendiente"}}, {"type": "Feature", "geometry": {"type": "Point", "coordinates": [-6.819435, 43.487268]}, "properties": {"record_id": "gpkg:44f874e0d3404a1c13ef2b13e6ecb8ea39b189992e387651298f79c6169e0960:352", "codigo_indicio": "26060", "nombre_mina": "Minas Agua Verde, y Esperanza.", "provincia": "ASTURIAS", "municipio": "Franco, El", "morfologia": "Filoniana", "tipo_au": "roca", "deposit_id": "", "district_id": "", "estado_presencia": "pendiente"}}, {"type": "Feature", "geometry": {"type": "Point", "coordinates": [-6.51557, 43.403181]}, "properties": {"record_id": "gpkg:44f874e0d3404a1c13ef2b13e6ecb8ea39b189992e387651298f79c6169e0960:353", "codigo_indicio": "27001", "nombre_mina": "Indicio Aurífero", "provincia": "ASTURIAS", "municipio": "Tineo", "morfologia": "Estratiforme/Estratoide", "tipo_au": "desconocido", "deposit_id": "", "district_id": "", "estado_presencia": "pendiente"}}, {"type": "Feature", "geometry": {"type": "Point", "coordinates": [-6.502597, 43.412353]}, "properties": {"record_id": "gpkg:44f874e0d3404a1c13ef2b13e6ecb8ea39b189992e387651298f79c6169e0960:354", "codigo_indicio": "27002", "nombre_mina": "Indicio Aurífero", "provincia": "ASTURIAS", "municipio": "Tineo", "morfologia": "Estratiforme/Estratoide", "tipo_au": "desconocido", "deposit_id": "", "district_id": "", "estado_presencia": "pendiente"}}, {"type": "Feature", "geometry": {"type": "Point", "coordinates": [-6.490052, 43.41703]}, "properties": {"record_id": "gpkg:44f874e0d3404a1c13ef2b13e6ecb8ea39b189992e387651298f79c6169e0960:355", "codigo_indicio": "27003", "nombre_mina": "Indicio Aurífero", "provincia": "ASTURIAS", "municipio": "Tineo", "morfologia": "Estratiforme/Estratoide", "tipo_au": "desconocido", "deposit_id": "", "district_id": "", "estado_presencia": "pendiente"}}, {"type": "Feature", "geometry": {"type": "Point", "coordinates": [-6.484627, 43.419792]}, "properties": {"record_id": "gpkg:44f874e0d3404a1c13ef2b13e6ecb8ea39b189992e387651298f79c6169e0960:356", "codigo_indicio": "27004", "nombre_mina": "Indicio Aurífero", "provincia": "ASTURIAS", "municipio": "Tineo", "morfologia": "Estratiforme/Estratoide", "tipo_au": "desconocido", "deposit_id": "", "district_id": "", "estado_presencia": "pendiente"}}, {"type": "Feature", "geometry": {"type": "Point", "coordinates": [-6.519551, 43.426678]}, "properties": {"record_id": "gpkg:44f874e0d3404a1c13ef2b13e6ecb8ea39b189992e387651298f79c6169e0960:357", "codigo_indicio": "27005", "nombre_mina": "Minas de Naraval.", "provincia": "ASTURIAS", "municipio": "Tineo", "morfologia": "Desconocida", "tipo_au": "desconocido", "deposit_id": "dep_navelgas", "district_id": "dist_asturoccidental_navelgas", "estado_presencia": "confirmada"}}, {"type": "Feature", "geometry": {"type": "Point", "coordinates": [-6.513628, 43.435554]}, "properties": {"record_id": "gpkg:44f874e0d3404a1c13ef2b13e6ecb8ea39b189992e387651298f79c6169e0960:358", "codigo_indicio": "27006", "nombre_mina": "Indicio Aurífero", "provincia": "ASTURIAS", "municipio": "Valdés", "morfologia": "Desconocida", "tipo_au": "desconocido", "deposit_id": "", "district_id": "", "estado_presencia": "pendiente"}}, {"type": "Feature", "geometry": {"type": "Point", "coordinates": [-6.505234, 43.444375]}, "properties": {"record_id": "gpkg:44f874e0d3404a1c13ef2b13e6ecb8ea39b189992e387651298f79c6169e0960:359", "codigo_indicio": "27007", "nombre_mina": "Indicio Aurífero", "provincia": "ASTURIAS", "municipio": "Valdés", "morfologia": "Desconocida", "tipo_au": "desconocido", "deposit_id": "", "district_id": "", "estado_presencia": "pendiente"}}, {"type": "Feature", "geometry": {"type": "Point", "coordinates": [-6.474375, 43.470259]}, "properties": {"record_id": "gpkg:44f874e0d3404a1c13ef2b13e6ecb8ea39b189992e387651298f79c6169e0960:361", "codigo_indicio": "27009", "nombre_mina": "Indicio Aurífero", "provincia": "ASTURIAS", "municipio": "Valdés", "morfologia": "Aluvionar", "tipo_au": "aluvial", "deposit_id": "", "district_id": "", "estado_presencia": "pendiente"}}, {"type": "Feature", "geometry": {"type": "Point", "coordinates": [-6.45722, 43.484285]}, "properties": {"record_id": "gpkg:44f874e0d3404a1c13ef2b13e6ecb8ea39b189992e387651298f79c6169e0960:364", "codigo_indicio": "27012", "nombre_mina": "Indicio Aurífero", "provincia": "ASTURIAS", "municipio": "Valdés", "morfologia": "Desconocida", "tipo_au": "desconocido", "deposit_id": "", "district_id": "", "estado_presencia": "pendiente"}}, {"type": "Feature", "geometry": {"type": "Point", "coordinates": [-6.435067, 43.496396]}, "properties": {"record_id": "gpkg:44f874e0d3404a1c13ef2b13e6ecb8ea39b189992e387651298f79c6169e0960:365", "codigo_indicio": "27013", "nombre_mina": "Indicio Aurífero", "provincia": "ASTURIAS", "municipio": "Valdés", "morfologia": "Desconocida", "tipo_au": "desconocido", "deposit_id": "", "district_id": "", "estado_presencia": "pendiente"}}, {"type": "Feature", "geometry": {"type": "Point", "coordinates": [-6.484894, 42.51105]}, "properties": {"record_id": "gpkg:44f874e0d3404a1c13ef2b13e6ecb8ea39b189992e387651298f79c6169e0960:371", "codigo_indicio": "27019", "nombre_mina": "Los Fornones.", "provincia": "LEON", "municipio": "Molinaseca", "morfologia": "Desconocida", "tipo_au": "desconocido", "deposit_id": "", "district_id": "", "estado_presencia": "pendiente"}}, {"type": "Feature", "geometry": {"type": "Point", "coordinates": [-6.262167, 43.381184]}, "properties": {"record_id": "gpkg:44f874e0d3404a1c13ef2b13e6ecb8ea39b189992e387651298f79c6169e0960:391", "codigo_indicio": "27039", "nombre_mina": "Ortosa", "provincia": "ASTURIAS", "municipio": "Salas", "morfologia": "Isométrica", "tipo_au": "desconocido", "deposit_id": "", "district_id": "", "estado_presencia": "pendiente"}}, {"type": "Feature", "geometry": {"type": "Point", "coordinates": [-6.265371, 43.37856]}, "properties": {"record_id": "gpkg:44f874e0d3404a1c13ef2b13e6ecb8ea39b189992e387651298f79c6169e0960:393", "codigo_indicio": "27041", "nombre_mina": "El Llao.", "provincia": "ASTURIAS", "municipio": "Salas", "morfologia": "Isométrica", "tipo_au": "desconocido", "deposit_id": "", "district_id": "", "estado_presencia": "pendiente"}}, {"type": "Feature", "geometry": {"type": "Point", "coordinates": [-6.252918, 43.380962]}, "properties": {"record_id": "gpkg:44f874e0d3404a1c13ef2b13e6ecb8ea39b189992e387651298f79c6169e0960:394", "codigo_indicio": "27042", "nombre_mina": "Indicio Aurífero", "provincia": "ASTURIAS", "municipio": "Salas", "morfologia": "Filoniana", "tipo_au": "roca", "deposit_id": "", "district_id": "", "estado_presencia": "pendiente"}}, {"type": "Feature", "geometry": {"type": "Point", "coordinates": [-6.247547, 43.363275]}, "properties": {"record_id": "gpkg:44f874e0d3404a1c13ef2b13e6ecb8ea39b189992e387651298f79c6169e0960:395", "codigo_indicio": "27043", "nombre_mina": "Carles", "provincia": "ASTURIAS", "municipio": "Salas", "morfologia": "Filoniana", "tipo_au": "roca", "deposit_id": "dep_carles", "district_id": "dist_cinturon_narcea", "estado_presencia": "confirmada"}}, {"type": "Feature", "geometry": {"type": "Point", "coordinates": [-6.243222, 43.363396]}, "properties": {"record_id": "gpkg:44f874e0d3404a1c13ef2b13e6ecb8ea39b189992e387651298f79c6169e0960:396", "codigo_indicio": "27044", "nombre_mina": "Mina Bandanaso.", "provincia": "ASTURIAS", "municipio": "Salas", "morfologia": "Irregular", "tipo_au": "roca", "deposit_id": "dep_carles", "district_id": "dist_cinturon_narcea", "estado_presencia": "confirmada"}}, {"type": "Feature", "geometry": {"type": "Point", "coordinates": [-6.246045, 43.358287]}, "properties": {"record_id": "gpkg:44f874e0d3404a1c13ef2b13e6ecb8ea39b189992e387651298f79c6169e0960:397", "codigo_indicio": "27045", "nombre_mina": "Mina de Cura.", "provincia": "ASTURIAS", "municipio": "Belmonte de Miranda", "morfologia": "Estratiforme/Estratoide", "tipo_au": "roca", "deposit_id": "dep_carles", "district_id": "dist_cinturon_narcea", "estado_presencia": "confirmada"}}, {"type": "Feature", "geometry": {"type": "Point", "coordinates": [-6.24395, 43.360937]}, "properties": {"record_id": "gpkg:44f874e0d3404a1c13ef2b13e6ecb8ea39b189992e387651298f79c6169e0960:399", "codigo_indicio": "27047", "nombre_mina": "Mina de Mouro", "provincia": "ASTURIAS", "municipio": "Salas", "morfologia": "Irregular", "tipo_au": "roca", "deposit_id": "dep_carles", "district_id": "dist_cinturon_narcea", "estado_presencia": "confirmada"}}, {"type": "Feature", "geometry": {"type": "Point", "coordinates": [-6.243303, 43.33436]}, "properties": {"record_id": "gpkg:44f874e0d3404a1c13ef2b13e6ecb8ea39b189992e387651298f79c6169e0960:401", "codigo_indicio": "27049", "nombre_mina": "Indicio Aurífero", "provincia": "ASTURIAS", "municipio": "Belmonte de Miranda", "morfologia": "Irregular", "tipo_au": "desconocido", "deposit_id": "", "district_id": "", "estado_presencia": "pendiente"}}, {"type": "Feature", "geometry": {"type": "Point", "coordinates": [-8.888261, 43.223455]}, "properties": {"record_id": "gpkg:44f874e0d3404a1c13ef2b13e6ecb8ea39b189992e387651298f79c6169e0960:803", "codigo_indicio": "43007", "nombre_mina": "ALLONES", "provincia": "CORUÑA", "municipio": "Ponteceso", "morfologia": "Aluvionar", "tipo_au": "aluvial", "deposit_id": "", "district_id": "", "estado_presencia": "pendiente"}}, {"type": "Feature", "geometry": {"type": "Point", "coordinates": [-8.885359, 43.221435]}, "properties": {"record_id": "gpkg:44f874e0d3404a1c13ef2b13e6ecb8ea39b189992e387651298f79c6169e0960:805", "codigo_indicio": "43009", "nombre_mina": "Corcoesto", "provincia": "CORUÑA", "municipio": "Cabanas", "morfologia": "Filoniana", "tipo_au": "roca", "deposit_id": "dep_corcoesto", "district_id": "dist_galicia_costa_da_morte", "estado_presencia": "pendiente"}}, {"type": "Feature", "geometry": {"type": "Point", "coordinates": [-8.829167, 43.21933]}, "properties": {"record_id": "gpkg:44f874e0d3404a1c13ef2b13e6ecb8ea39b189992e387651298f79c6169e0960:807", "codigo_indicio": "44002", "nombre_mina": "CORCOESTO", "provincia": "CORUÑA", "municipio": "Cabana", "morfologia": "Filoniana", "tipo_au": "roca", "deposit_id": "dep_corcoesto", "district_id": "dist_galicia_costa_da_morte", "estado_presencia": "confirmada"}}, {"type": "Feature", "geometry": {"type": "Point", "coordinates": [-8.634767, 43.299018]}, "properties": {"record_id": "gpkg:44f874e0d3404a1c13ef2b13e6ecb8ea39b189992e387651298f79c6169e0960:819", "codigo_indicio": "44014", "nombre_mina": "MONTE MINA-IMENDE", "provincia": "CORUÑA", "municipio": "Carballo", "morfologia": "Filoniana", "tipo_au": "roca", "deposit_id": "", "district_id": "", "estado_presencia": "pendiente"}}, {"type": "Feature", "geometry": {"type": "Point", "coordinates": [-8.003891, 43.239977]}, "properties": {"record_id": "gpkg:44f874e0d3404a1c13ef2b13e6ecb8ea39b189992e387651298f79c6169e0960:839", "codigo_indicio": "46006", "nombre_mina": "ARANGA", "provincia": "CORUÑA", "municipio": "Aranga", "morfologia": "Filoniana", "tipo_au": "roca", "deposit_id": "", "district_id": "", "estado_presencia": "pendiente"}}, {"type": "Feature", "geometry": {"type": "Point", "coordinates": [-6.963908, 43.257532]}, "properties": {"record_id": "gpkg:44f874e0d3404a1c13ef2b13e6ecb8ea39b189992e387651298f79c6169e0960:867", "codigo_indicio": "49011", "nombre_mina": "CUEVA DEL OSO", "provincia": "ASTURIAS", "municipio": "San Martín de Oscos", "morfologia": "Filoniana", "tipo_au": "roca", "deposit_id": "", "district_id": "", "estado_presencia": "pendiente"}}, {"type": "Feature", "geometry": {"type": "Point", "coordinates": [-6.929427, 43.318863]}, "properties": {"record_id": "gpkg:44f874e0d3404a1c13ef2b13e6ecb8ea39b189992e387651298f79c6169e0960:880", "codigo_indicio": "49024", "nombre_mina": "MINA ISABEL", "provincia": "ASTURIAS", "municipio": "San Martín de Oscos", "morfologia": "Filoniana", "tipo_au": "roca", "deposit_id": "", "district_id": "", "estado_presencia": "pendiente"}}, {"type": "Feature", "geometry": {"type": "Point", "coordinates": [-6.736745, 43.233811]}, "properties": {"record_id": "gpkg:44f874e0d3404a1c13ef2b13e6ecb8ea39b189992e387651298f79c6169e0960:889", "codigo_indicio": "50004", "nombre_mina": "CUEVA DE LOS MOROS", "provincia": "ASTURIAS", "municipio": "Allande", "morfologia": "Filoniana", "tipo_au": "roca", "deposit_id": "", "district_id": "", "estado_presencia": "pendiente"}}, {"type": "Feature", "geometry": {"type": "Point", "coordinates": [-6.699458, 43.249455]}, "properties": {"record_id": "gpkg:44f874e0d3404a1c13ef2b13e6ecb8ea39b189992e387651298f79c6169e0960:891", "codigo_indicio": "50006", "nombre_mina": "CARCABON DE ORUGA", "provincia": "ASTURIAS", "municipio": "Allande", "morfologia": "Filoniana", "tipo_au": "roca", "deposit_id": "", "district_id": "", "estado_presencia": "pendiente"}}, {"type": "Feature", "geometry": {"type": "Point", "coordinates": [-6.676092, 43.267892]}, "properties": {"record_id": "gpkg:44f874e0d3404a1c13ef2b13e6ecb8ea39b189992e387651298f79c6169e0960:892", "codigo_indicio": "50007", "nombre_mina": "PUERTO DEL PALO", "provincia": "ASTURIAS", "municipio": "Allande", "morfologia": "Filoniana", "tipo_au": "roca", "deposit_id": "dep_fana_la_freita", "district_id": "dist_asturoccidental_allande", "estado_presencia": "confirmada"}}, {"type": "Feature", "geometry": {"type": "Point", "coordinates": [-6.688765, 43.281385]}, "properties": {"record_id": "gpkg:44f874e0d3404a1c13ef2b13e6ecb8ea39b189992e387651298f79c6169e0960:893", "codigo_indicio": "50008", "nombre_mina": "CUEVA DE JUAN RATA", "provincia": "ASTURIAS", "municipio": "Allande", "morfologia": "Estratiforme/Estratoide", "tipo_au": "roca", "deposit_id": "dep_fana_la_freita", "district_id": "dist_asturoccidental_allande", "estado_presencia": "confirmada"}}, {"type": "Feature", "geometry": {"type": "Point", "coordinates": [-6.681828, 43.285567]}, "properties": {"record_id": "gpkg:44f874e0d3404a1c13ef2b13e6ecb8ea39b189992e387651298f79c6169e0960:894", "codigo_indicio": "50009", "nombre_mina": "FANA DE LA FREITA", "provincia": "ASTURIAS", "municipio": "Allande", "morfologia": "Desconocida", "tipo_au": "roca", "deposit_id": "dep_fana_la_freita", "district_id": "dist_asturoccidental_allande", "estado_presencia": "confirmada"}}, {"type": "Feature", "geometry": {"type": "Point", "coordinates": [-6.694376, 43.328591]}, "properties": {"record_id": "gpkg:44f874e0d3404a1c13ef2b13e6ecb8ea39b189992e387651298f79c6169e0960:895", "codigo_indicio": "50010", "nombre_mina": "PEÑON DE FURACON", "provincia": "ASTURIAS", "municipio": "Allande", "morfologia": "Filoniana", "tipo_au": "roca", "deposit_id": "dep_fana_la_freita", "district_id": "dist_asturoccidental_allande", "estado_presencia": "confirmada"}}, {"type": "Feature", "geometry": {"type": "Point", "coordinates": [-6.580834, 43.330296]}, "properties": {"record_id": "gpkg:44f874e0d3404a1c13ef2b13e6ecb8ea39b189992e387651298f79c6169e0960:896", "codigo_indicio": "50011", "nombre_mina": "SANTIAGO DE CERREDO-LA MORTERA", "provincia": "ASTURIAS", "municipio": "Tineo", "morfologia": "Filoniana", "tipo_au": "roca", "deposit_id": "", "district_id": "", "estado_presencia": "pendiente"}}, {"type": "Feature", "geometry": {"type": "Point", "coordinates": [-6.58237, 43.322675]}, "properties": {"record_id": "gpkg:44f874e0d3404a1c13ef2b13e6ecb8ea39b189992e387651298f79c6169e0960:897", "codigo_indicio": "50012", "nombre_mina": "LA MORTERA", "provincia": "ASTURIAS", "municipio": "Tineo", "morfologia": "Desconocida", "tipo_au": "desconocido", "deposit_id": "", "district_id": "", "estado_presencia": "pendiente"}}, {"type": "Feature", "geometry": {"type": "Point", "coordinates": [-6.601313, 43.302004]}, "properties": {"record_id": "gpkg:44f874e0d3404a1c13ef2b13e6ecb8ea39b189992e387651298f79c6169e0960:898", "codigo_indicio": "50013", "nombre_mina": "PORCILES", "provincia": "ASTURIAS", "municipio": "Tineo", "morfologia": "Desconocida", "tipo_au": "desconocido", "deposit_id": "", "district_id": "", "estado_presencia": "pendiente"}}, {"type": "Feature", "geometry": {"type": "Point", "coordinates": [-6.601406, 43.293362]}, "properties": {"record_id": "gpkg:44f874e0d3404a1c13ef2b13e6ecb8ea39b189992e387651298f79c6169e0960:899", "codigo_indicio": "50014", "nombre_mina": "LAVADOIRA", "provincia": "ASTURIAS", "municipio": "Tineo", "morfologia": "Filoniana", "tipo_au": "roca", "deposit_id": "", "district_id": "", "estado_presencia": "pendiente"}}, {"type": "Feature", "geometry": {"type": "Point", "coordinates": [-6.608111, 43.279545]}, "properties": {"record_id": "gpkg:44f874e0d3404a1c13ef2b13e6ecb8ea39b189992e387651298f79c6169e0960:900", "codigo_indicio": "50015", "nombre_mina": "CALEYO", "provincia": "ASTURIAS", "municipio": "Allande", "morfologia": "Filoniana", "tipo_au": "roca", "deposit_id": "", "district_id": "", "estado_presencia": "pendiente"}}, {"type": "Feature", "geometry": {"type": "Point", "coordinates": [-6.621626, 43.258487]}, "properties": {"record_id": "gpkg:44f874e0d3404a1c13ef2b13e6ecb8ea39b189992e387651298f79c6169e0960:901", "codigo_indicio": "50016", "nombre_mina": "CARCOBAS DE CERECEDA", "provincia": "ASTURIAS", "municipio": "Allande", "morfologia": "Filoniana", "tipo_au": "roca", "deposit_id": "", "district_id": "", "estado_presencia": "pendiente"}}, {"type": "Feature", "geometry": {"type": "Point", "coordinates": [-6.624026, 43.250613]}, "properties": {"record_id": "gpkg:44f874e0d3404a1c13ef2b13e6ecb8ea39b189992e387651298f79c6169e0960:902", "codigo_indicio": "50017", "nombre_mina": "LA SIENRA", "provincia": "ASTURIAS", "municipio": "Allande", "morfologia": "Filoniana", "tipo_au": "roca", "deposit_id": "", "district_id": "", "estado_presencia": "pendiente"}}, {"type": "Feature", "geometry": {"type": "Point", "coordinates": [-6.583902, 43.255985]}, "properties": {"record_id": "gpkg:44f874e0d3404a1c13ef2b13e6ecb8ea39b189992e387651298f79c6169e0960:903", "codigo_indicio": "50018", "nombre_mina": "FIGUERAS", "provincia": "ASTURIAS", "municipio": "Allande", "morfologia": "Filoniana", "tipo_au": "roca", "deposit_id": "", "district_id": "", "estado_presencia": "pendiente"}}, {"type": "Feature", "geometry": {"type": "Point", "coordinates": [-6.632422, 43.224675]}, "properties": {"record_id": "gpkg:44f874e0d3404a1c13ef2b13e6ecb8ea39b189992e387651298f79c6169e0960:904", "codigo_indicio": "50019", "nombre_mina": "COLLADO DEL POZO", "provincia": "ASTURIAS", "municipio": "Allande", "morfologia": "Filoniana", "tipo_au": "roca", "deposit_id": "", "district_id": "", "estado_presencia": "pendiente"}}, {"type": "Feature", "geometry": {"type": "Point", "coordinates": [-6.635795, 43.220242]}, "properties": {"record_id": "gpkg:44f874e0d3404a1c13ef2b13e6ecb8ea39b189992e387651298f79c6169e0960:905", "codigo_indicio": "50020", "nombre_mina": "CARCOBAS DE ABANIELLA", "provincia": "ASTURIAS", "municipio": "Allande", "morfologia": "Filoniana", "tipo_au": "roca", "deposit_id": "", "district_id": "", "estado_presencia": "pendiente"}}, {"type": "Feature", "geometry": {"type": "Point", "coordinates": [-6.650879, 43.186517]}, "properties": {"record_id": "gpkg:44f874e0d3404a1c13ef2b13e6ecb8ea39b189992e387651298f79c6169e0960:907", "codigo_indicio": "50022", "nombre_mina": "CARCABON DE FAIDIEL", "provincia": "ASTURIAS", "municipio": "Cangas del Narcea", "morfologia": "Filoniana", "tipo_au": "roca", "deposit_id": "", "district_id": "", "estado_presencia": "pendiente"}}, {"type": "Feature", "geometry": {"type": "Point", "coordinates": [-6.653988, 43.176045]}, "properties": {"record_id": "gpkg:44f874e0d3404a1c13ef2b13e6ecb8ea39b189992e387651298f79c6169e0960:909", "codigo_indicio": "50024", "nombre_mina": "PUMAR", "provincia": "ASTURIAS", "municipio": "Cangas del Narcea", "morfologia": "Filoniana", "tipo_au": "roca", "deposit_id": "", "district_id": "", "estado_presencia": "pendiente"}}, {"type": "Feature", "geometry": {"type": "Point", "coordinates": [-6.530058, 43.274464]}, "properties": {"record_id": "gpkg:44f874e0d3404a1c13ef2b13e6ecb8ea39b189992e387651298f79c6169e0960:912", "codigo_indicio": "50027", "nombre_mina": "REGATO VEGARRONDA", "provincia": "ASTURIAS", "municipio": "Tineo", "morfologia": "Filoniana", "tipo_au": "roca", "deposit_id": "", "district_id": "", "estado_presencia": "pendiente"}}, {"type": "Feature", "geometry": {"type": "Point", "coordinates": [-6.309434, 43.275337]}, "properties": {"record_id": "gpkg:44f874e0d3404a1c13ef2b13e6ecb8ea39b189992e387651298f79c6169e0960:926", "codigo_indicio": "51014", "nombre_mina": "BOINAS", "provincia": "ASTURIAS", "municipio": "Belmonte de Miranda", "morfologia": "Desconocida", "tipo_au": "roca", "deposit_id": "dep_el_valle_boinas", "district_id": "dist_cinturon_narcea", "estado_presencia": "confirmada"}}, {"type": "Feature", "geometry": {"type": "Point", "coordinates": [-6.303668, 43.277542]}, "properties": {"record_id": "gpkg:44f874e0d3404a1c13ef2b13e6ecb8ea39b189992e387651298f79c6169e0960:927", "codigo_indicio": "51015", "nombre_mina": "MINA DE LAS PENIELLAS", "provincia": "ASTURIAS", "municipio": "Belmonte de Miranda", "morfologia": "Filoniana", "tipo_au": "roca", "deposit_id": "dep_el_valle_boinas", "district_id": "dist_cinturon_narcea", "estado_presencia": "confirmada"}}, {"type": "Feature", "geometry": {"type": "Point", "coordinates": [-6.295391, 43.286351]}, "properties": {"record_id": "gpkg:44f874e0d3404a1c13ef2b13e6ecb8ea39b189992e387651298f79c6169e0960:928", "codigo_indicio": "51016", "nombre_mina": "EL VALLE-LACANAL", "provincia": "ASTURIAS", "municipio": "Belmonte de Miranda", "morfologia": "Filoniana", "tipo_au": "roca", "deposit_id": "dep_el_valle_boinas", "district_id": "dist_cinturon_narcea", "estado_presencia": "confirmada"}}, {"type": "Feature", "geometry": {"type": "Point", "coordinates": [-6.284422, 43.28357]}, "properties": {"record_id": "gpkg:44f874e0d3404a1c13ef2b13e6ecb8ea39b189992e387651298f79c6169e0960:929", "codigo_indicio": "51017", "nombre_mina": "BELMONTE", "provincia": "ASTURIAS", "municipio": "Belmonte de Miranda", "morfologia": "Desconocida", "tipo_au": "roca", "deposit_id": "dep_el_valle_boinas", "district_id": "dist_cinturon_narcea", "estado_presencia": "pendiente"}}, {"type": "Feature", "geometry": {"type": "Point", "coordinates": [-6.268713, 43.279324]}, "properties": {"record_id": "gpkg:44f874e0d3404a1c13ef2b13e6ecb8ea39b189992e387651298f79c6169e0960:931", "codigo_indicio": "51019", "nombre_mina": "COLLADO DAS ESTACAS", "provincia": "ASTURIAS", "municipio": "Belmonte de Miranda", "morfologia": "Desconocida", "tipo_au": "desconocido", "deposit_id": "", "district_id": "dist_cinturon_narcea", "estado_presencia": "pendiente"}}, {"type": "Feature", "geometry": {"type": "Point", "coordinates": [-6.293424, 43.289006]}, "properties": {"record_id": "gpkg:44f874e0d3404a1c13ef2b13e6ecb8ea39b189992e387651298f79c6169e0960:934", "codigo_indicio": "51022", "nombre_mina": "BEGEGA", "provincia": "ASTURIAS", "municipio": "Belmonte de Miranda", "morfologia": "Desconocida", "tipo_au": "roca", "deposit_id": "dep_el_valle_boinas", "district_id": "dist_cinturon_narcea", "estado_presencia": "confirmada"}}, {"type": "Feature", "geometry": {"type": "Point", "coordinates": [-6.284801, 43.311042]}, "properties": {"record_id": "gpkg:44f874e0d3404a1c13ef2b13e6ecb8ea39b189992e387651298f79c6169e0960:936", "codigo_indicio": "51024", "nombre_mina": "FUENTE DE ORO", "provincia": "ASTURIAS", "municipio": "Belmonte de Miranda", "morfologia": "Estratiforme/Estratoide", "tipo_au": "desconocido", "deposit_id": "", "district_id": "", "estado_presencia": "pendiente"}}, {"type": "Feature", "geometry": {"type": "Point", "coordinates": [-6.26655, 43.324833]}, "properties": {"record_id": "gpkg:44f874e0d3404a1c13ef2b13e6ecb8ea39b189992e387651298f79c6169e0960:940", "codigo_indicio": "51028", "nombre_mina": "ANTOÑANA", "provincia": "ASTURIAS", "municipio": "Belmonte de Miranda", "morfologia": "Filoniana", "tipo_au": "roca", "deposit_id": "", "district_id": "", "estado_presencia": "pendiente"}}, {"type": "Feature", "geometry": {"type": "Point", "coordinates": [-6.260299, 43.329456]}, "properties": {"record_id": "gpkg:44f874e0d3404a1c13ef2b13e6ecb8ea39b189992e387651298f79c6169e0960:941", "codigo_indicio": "51029", "nombre_mina": "MILLARA", "provincia": "ASTURIAS", "municipio": "Belmonte de Miranda", "morfologia": "Irregular", "tipo_au": "desconocido", "deposit_id": "", "district_id": "", "estado_presencia": "pendiente"}}, {"type": "Feature", "geometry": {"type": "Point", "coordinates": [-6.246559, 43.333268]}, "properties": {"record_id": "gpkg:44f874e0d3404a1c13ef2b13e6ecb8ea39b189992e387651298f79c6169e0960:943", "codigo_indicio": "51031", "nombre_mina": "CASTRO DE LA GRUEBA", "provincia": "ASTURIAS", "municipio": "Belmonte de Miranda", "morfologia": "Filoniana", "tipo_au": "roca", "deposit_id": "", "district_id": "", "estado_presencia": "pendiente"}}, {"type": "Feature", "geometry": {"type": "Point", "coordinates": [-6.497803, 43.264668]}, "properties": {"record_id": "gpkg:44f874e0d3404a1c13ef2b13e6ecb8ea39b189992e387651298f79c6169e0960:959", "codigo_indicio": "51047", "nombre_mina": "ARGANZA", "provincia": "ASTURIAS", "municipio": "Tineo", "morfologia": "Irregular", "tipo_au": "desconocido", "deposit_id": "", "district_id": "", "estado_presencia": "pendiente"}}, {"type": "Feature", "geometry": {"type": "Point", "coordinates": [-6.488995, 43.299051]}, "properties": {"record_id": "gpkg:44f874e0d3404a1c13ef2b13e6ecb8ea39b189992e387651298f79c6169e0960:960", "codigo_indicio": "51048", "nombre_mina": "CEMENTERIO", "provincia": "ASTURIAS", "municipio": "Tineo", "morfologia": "Filoniana", "tipo_au": "roca", "deposit_id": "", "district_id": "", "estado_presencia": "pendiente"}}, {"type": "Feature", "geometry": {"type": "Point", "coordinates": [-6.478046, 43.316369]}, "properties": {"record_id": "gpkg:44f874e0d3404a1c13ef2b13e6ecb8ea39b189992e387651298f79c6169e0960:962", "codigo_indicio": "51050", "nombre_mina": "EL PELIGRO", "provincia": "ASTURIAS", "municipio": "Tineo", "morfologia": "Irregular", "tipo_au": "desconocido", "deposit_id": "", "district_id": "", "estado_presencia": "pendiente"}}, {"type": "Feature", "geometry": {"type": "Point", "coordinates": [-6.414131, 43.291079]}, "properties": {"record_id": "gpkg:44f874e0d3404a1c13ef2b13e6ecb8ea39b189992e387651298f79c6169e0960:964", "codigo_indicio": "51052", "nombre_mina": "CASARES", "provincia": "ASTURIAS", "municipio": "Tineo", "morfologia": "Irregular", "tipo_au": "desconocido", "deposit_id": "", "district_id": "", "estado_presencia": "pendiente"}}, {"type": "Feature", "geometry": {"type": "Point", "coordinates": [-8.97389, 43.106894]}, "properties": {"record_id": "gpkg:44f874e0d3404a1c13ef2b13e6ecb8ea39b189992e387651298f79c6169e0960:1714", "codigo_indicio": "68028", "nombre_mina": "TINES", "provincia": "CORUÑA", "municipio": "Vimianzo", "morfologia": "Desconocida", "tipo_au": "desconocido", "deposit_id": "", "district_id": "", "estado_presencia": "pendiente"}}, {"type": "Feature", "geometry": {"type": "Point", "coordinates": [-8.862457, 43.089705]}, "properties": {"record_id": "gpkg:44f874e0d3404a1c13ef2b13e6ecb8ea39b189992e387651298f79c6169e0960:1717", "codigo_indicio": "68031", "nombre_mina": "AS FOSAS DO FORNOS", "provincia": "CORUÑA", "municipio": "Santa Comba", "morfologia": "Filoniana", "tipo_au": "roca", "deposit_id": "dep_santa_comba_zas", "district_id": "dist_galicia_costa_da_morte", "estado_presencia": "confirmada"}}, {"type": "Feature", "geometry": {"type": "Point", "coordinates": [-9.004612, 43.071777]}, "properties": {"record_id": "gpkg:44f874e0d3404a1c13ef2b13e6ecb8ea39b189992e387651298f79c6169e0960:1718", "codigo_indicio": "68032", "nombre_mina": "JALLAS", "provincia": "CORUÑA", "municipio": "Vimianzo", "morfologia": "Filoniana", "tipo_au": "roca", "deposit_id": "", "district_id": "", "estado_presencia": "pendiente"}}, {"type": "Feature", "geometry": {"type": "Point", "coordinates": [-8.937691, 43.050148]}, "properties": {"record_id": "gpkg:44f874e0d3404a1c13ef2b13e6ecb8ea39b189992e387651298f79c6169e0960:1719", "codigo_indicio": "68033", "nombre_mina": "AS FOSAS DO MEANOS", "provincia": "CORUÑA", "municipio": "Zas", "morfologia": "Filoniana", "tipo_au": "roca", "deposit_id": "dep_santa_comba_zas", "district_id": "dist_galicia_costa_da_morte", "estado_presencia": "confirmada"}}, {"type": "Feature", "geometry": {"type": "Point", "coordinates": [-8.903923, 43.051025]}, "properties": {"record_id": "gpkg:44f874e0d3404a1c13ef2b13e6ecb8ea39b189992e387651298f79c6169e0960:1720", "codigo_indicio": "68034", "nombre_mina": "AS FOSAS DA VILA", "provincia": "CORUÑA", "municipio": "Zas", "morfologia": "Filoniana", "tipo_au": "roca", "deposit_id": "dep_santa_comba_zas", "district_id": "dist_galicia_costa_da_morte", "estado_presencia": "confirmada"}}, {"type": "Feature", "geometry": {"type": "Point", "coordinates": [-8.882431, 43.053257]}, "properties": {"record_id": "gpkg:44f874e0d3404a1c13ef2b13e6ecb8ea39b189992e387651298f79c6169e0960:1724", "codigo_indicio": "68038", "nombre_mina": "MINA SAN FRANCISCO ALUVIAL", "provincia": "CORUÑA", "municipio": "Santa Comba", "morfologia": "Aluvionar", "tipo_au": "aluvial", "deposit_id": "dep_santa_comba_zas", "district_id": "dist_galicia_costa_da_morte", "estado_presencia": "confirmada"}}, {"type": "Feature", "geometry": {"type": "Point", "coordinates": [-8.938342, 43.013228]}, "properties": {"record_id": "gpkg:44f874e0d3404a1c13ef2b13e6ecb8ea39b189992e387651298f79c6169e0960:1727", "codigo_indicio": "68041", "nombre_mina": "LIMIDEIRO", "provincia": "CORUÑA", "municipio": "Zas", "morfologia": "Filoniana", "tipo_au": "roca", "deposit_id": "", "district_id": "", "estado_presencia": "pendiente"}}, {"type": "Feature", "geometry": {"type": "Point", "coordinates": [-8.849817, 43.083385]}, "properties": {"record_id": "gpkg:44f874e0d3404a1c13ef2b13e6ecb8ea39b189992e387651298f79c6169e0960:1731", "codigo_indicio": "69003", "nombre_mina": "SANTA SABINA", "provincia": "CORUÑA", "municipio": "Santa Comba", "morfologia": "Filoniana", "tipo_au": "roca", "deposit_id": "dep_santa_comba_zas", "district_id": "dist_galicia_costa_da_morte", "estado_presencia": "confirmada"}}, {"type": "Feature", "geometry": {"type": "Point", "coordinates": [-7.964208, 43.161193]}, "properties": {"record_id": "gpkg:44f874e0d3404a1c13ef2b13e6ecb8ea39b189992e387651298f79c6169e0960:1765", "codigo_indicio": "71002", "nombre_mina": "ALDEA REMOURAN", "provincia": "CORUÑA", "municipio": "Curtis", "morfologia": "Filoniana", "tipo_au": "roca", "deposit_id": "", "district_id": "", "estado_presencia": "pendiente"}}, {"type": "Feature", "geometry": {"type": "Point", "coordinates": [-7.946227, 43.112313]}, "properties": {"record_id": "gpkg:44f874e0d3404a1c13ef2b13e6ecb8ea39b189992e387651298f79c6169e0960:1766", "codigo_indicio": "71003", "nombre_mina": "ROÑAN", "provincia": "CORUÑA", "municipio": "Sobrado", "morfologia": "Filoniana", "tipo_au": "roca", "deposit_id": "", "district_id": "", "estado_presencia": "pendiente"}}, {"type": "Feature", "geometry": {"type": "Point", "coordinates": [-6.956473, 43.144481]}, "properties": {"record_id": "gpkg:44f874e0d3404a1c13ef2b13e6ecb8ea39b189992e387651298f79c6169e0960:1802", "codigo_indicio": "74013", "nombre_mina": "LA OURIA", "provincia": "ASTURIAS", "municipio": "Grandas de Salime", "morfologia": "Filoniana", "tipo_au": "roca", "deposit_id": "", "district_id": "", "estado_presencia": "pendiente"}}, {"type": "Feature", "geometry": {"type": "Point", "coordinates": [-6.873511, 43.050941]}, "properties": {"record_id": "gpkg:44f874e0d3404a1c13ef2b13e6ecb8ea39b189992e387651298f79c6169e0960:1817", "codigo_indicio": "74028", "nombre_mina": "FOLGOSO", "provincia": "ASTURIAS", "municipio": "Ibias", "morfologia": "Irregular", "tipo_au": "roca", "deposit_id": "dep_ibias_cecos", "district_id": "dist_asturoccidental_ibias", "estado_presencia": "confirmada"}}, {"type": "Feature", "geometry": {"type": "Point", "coordinates": [-6.874114, 43.040597]}, "properties": {"record_id": "gpkg:44f874e0d3404a1c13ef2b13e6ecb8ea39b189992e387651298f79c6169e0960:1818", "codigo_indicio": "74029", "nombre_mina": "SAN ANTOLIN DE IBIAS", "provincia": "ASTURIAS", "municipio": "Ibias", "morfologia": "Irregular", "tipo_au": "roca", "deposit_id": "dep_ibias_cecos", "district_id": "dist_asturoccidental_ibias", "estado_presencia": "confirmada"}}, {"type": "Feature", "geometry": {"type": "Point", "coordinates": [-6.86583, 43.03522]}, "properties": {"record_id": "gpkg:44f874e0d3404a1c13ef2b13e6ecb8ea39b189992e387651298f79c6169e0960:1819", "codigo_indicio": "74030", "nombre_mina": "SAN ANTOLIN DE IBIAS", "provincia": "ASTURIAS", "municipio": "Ibias", "morfologia": "Filoniana", "tipo_au": "roca", "deposit_id": "dep_ibias_cecos", "district_id": "dist_asturoccidental_ibias", "estado_presencia": "confirmada"}}, {"type": "Feature", "geometry": {"type": "Point", "coordinates": [-6.87289, 43.03337]}, "properties": {"record_id": "gpkg:44f874e0d3404a1c13ef2b13e6ecb8ea39b189992e387651298f79c6169e0960:1820", "codigo_indicio": "74031", "nombre_mina": "ESCUELAS DE IBIAS", "provincia": "ASTURIAS", "municipio": "Ibias", "morfologia": "Irregular", "tipo_au": "roca", "deposit_id": "dep_ibias_cecos", "district_id": "dist_asturoccidental_ibias", "estado_presencia": "confirmada"}}, {"type": "Feature", "geometry": {"type": "Point", "coordinates": [-6.86597, 43.03117]}, "properties": {"record_id": "gpkg:44f874e0d3404a1c13ef2b13e6ecb8ea39b189992e387651298f79c6169e0960:1821", "codigo_indicio": "74032", "nombre_mina": "PEÑA DEL CUERVO", "provincia": "ASTURIAS", "municipio": "Ibias", "morfologia": "Filoniana", "tipo_au": "roca", "deposit_id": "", "district_id": "", "estado_presencia": "pendiente"}}, {"type": "Feature", "geometry": {"type": "Point", "coordinates": [-6.866853, 43.026954]}, "properties": {"record_id": "gpkg:44f874e0d3404a1c13ef2b13e6ecb8ea39b189992e387651298f79c6169e0960:1822", "codigo_indicio": "74033", "nombre_mina": "CASERIO SAN ROMAN", "provincia": "ASTURIAS", "municipio": "Ibias", "morfologia": "Irregular", "tipo_au": "aluvial", "deposit_id": "", "district_id": "", "estado_presencia": "pendiente"}}, {"type": "Feature", "geometry": {"type": "Point", "coordinates": [-6.861797, 43.020557]}, "properties": {"record_id": "gpkg:44f874e0d3404a1c13ef2b13e6ecb8ea39b189992e387651298f79c6169e0960:1823", "codigo_indicio": "74034", "nombre_mina": "LAGUEIRO-CECES", "provincia": "ASTURIAS", "municipio": "Ibias", "morfologia": "Irregular", "tipo_au": "desconocido", "deposit_id": "", "district_id": "", "estado_presencia": "pendiente"}}, {"type": "Feature", "geometry": {"type": "Point", "coordinates": [-6.660121, 43.160413]}, "properties": {"record_id": "gpkg:44f874e0d3404a1c13ef2b13e6ecb8ea39b189992e387651298f79c6169e0960:1824", "codigo_indicio": "75001", "nombre_mina": "POZO DE LAS MONTAÑAS", "provincia": "ASTURIAS", "municipio": "Cangas del Narcea", "morfologia": "Filoniana", "tipo_au": "roca", "deposit_id": "", "district_id": "", "estado_presencia": "pendiente"}}, {"type": "Feature", "geometry": {"type": "Point", "coordinates": [-6.673248, 43.154828]}, "properties": {"record_id": "gpkg:44f874e0d3404a1c13ef2b13e6ecb8ea39b189992e387651298f79c6169e0960:1825", "codigo_indicio": "75002", "nombre_mina": "SAN FELIX DE LAS MONTAÑAS", "provincia": "ASTURIAS", "municipio": "Cangas del Narcea", "morfologia": "Filoniana", "tipo_au": "roca", "deposit_id": "", "district_id": "", "estado_presencia": "pendiente"}}, {"type": "Feature", "geometry": {"type": "Point", "coordinates": [-6.656203, 43.156731]}, "properties": {"record_id": "gpkg:44f874e0d3404a1c13ef2b13e6ecb8ea39b189992e387651298f79c6169e0960:1826", "codigo_indicio": "75003", "nombre_mina": "EL FURAO-EL CHACON", "provincia": "ASTURIAS", "municipio": "Cangas del Narcea", "morfologia": "Desconocida", "tipo_au": "desconocido", "deposit_id": "", "district_id": "", "estado_presencia": "pendiente"}}, {"type": "Feature", "geometry": {"type": "Point", "coordinates": [-6.665688, 43.143418]}, "properties": {"record_id": "gpkg:44f874e0d3404a1c13ef2b13e6ecb8ea39b189992e387651298f79c6169e0960:1827", "codigo_indicio": "75004", "nombre_mina": "AVELLERAS-LAS MONTAÑAS", "provincia": "ASTURIAS", "municipio": "Cangas del Narcea", "morfologia": "Desconocida", "tipo_au": "desconocido", "deposit_id": "", "district_id": "", "estado_presencia": "pendiente"}}, {"type": "Feature", "geometry": {"type": "Point", "coordinates": [-6.675057, 43.139557]}, "properties": {"record_id": "gpkg:44f874e0d3404a1c13ef2b13e6ecb8ea39b189992e387651298f79c6169e0960:1828", "codigo_indicio": "75005", "nombre_mina": "PENEO CUERVO", "provincia": "ASTURIAS", "municipio": "Cangas del Narcea", "morfologia": "Desconocida", "tipo_au": "desconocido", "deposit_id": "", "district_id": "", "estado_presencia": "pendiente"}}, {"type": "Feature", "geometry": {"type": "Point", "coordinates": [-6.688064, 43.127215]}, "properties": {"record_id": "gpkg:44f874e0d3404a1c13ef2b13e6ecb8ea39b189992e387651298f79c6169e0960:1829", "codigo_indicio": "75006", "nombre_mina": "MONTERROSO", "provincia": "ASTURIAS", "municipio": "Cangas del Narcea", "morfologia": "Desconocida", "tipo_au": "desconocido", "deposit_id": "", "district_id": "", "estado_presencia": "pendiente"}}, {"type": "Feature", "geometry": {"type": "Point", "coordinates": [-6.665553, 43.130809]}, "properties": {"record_id": "gpkg:44f874e0d3404a1c13ef2b13e6ecb8ea39b189992e387651298f79c6169e0960:1830", "codigo_indicio": "75007", "nombre_mina": "RIO DE VISNUEVO", "provincia": "ASTURIAS", "municipio": "Cangas del Narcea", "morfologia": "Desconocida", "tipo_au": "aluvial", "deposit_id": "", "district_id": "", "estado_presencia": "pendiente"}}, {"type": "Feature", "geometry": {"type": "Point", "coordinates": [-6.577982, 43.122414]}, "properties": {"record_id": "gpkg:44f874e0d3404a1c13ef2b13e6ecb8ea39b189992e387651298f79c6169e0960:1831", "codigo_indicio": "75008", "nombre_mina": "CIBUYO", "provincia": "ASTURIAS", "municipio": "Cangas del Narcea", "morfologia": "Irregular", "tipo_au": "desconocido", "deposit_id": "", "district_id": "", "estado_presencia": "pendiente"}}, {"type": "Feature", "geometry": {"type": "Point", "coordinates": [-6.644418, 43.066443]}, "properties": {"record_id": "gpkg:44f874e0d3404a1c13ef2b13e6ecb8ea39b189992e387651298f79c6169e0960:1837", "codigo_indicio": "75014", "nombre_mina": "EL CALEIRO", "provincia": "ASTURIAS", "municipio": "Cangas del Narcea", "morfologia": "Desconocida", "tipo_au": "desconocido", "deposit_id": "", "district_id": "", "estado_presencia": "pendiente"}}, {"type": "Feature", "geometry": {"type": "Point", "coordinates": [-6.795708, 43.152482]}, "properties": {"record_id": "gpkg:44f874e0d3404a1c13ef2b13e6ecb8ea39b189992e387651298f79c6169e0960:1854", "codigo_indicio": "75031", "nombre_mina": "CASERIO BARRAS", "provincia": "ASTURIAS", "municipio": "Allande", "morfologia": "Desconocida", "tipo_au": "aluvial", "deposit_id": "", "district_id": "", "estado_presencia": "pendiente"}}, {"type": "Feature", "geometry": {"type": "Point", "coordinates": [-6.798508, 43.125882]}, "properties": {"record_id": "gpkg:44f874e0d3404a1c13ef2b13e6ecb8ea39b189992e387651298f79c6169e0960:1856", "codigo_indicio": "75033", "nombre_mina": "MARCO DEL ABUELO", "provincia": "ASTURIAS", "municipio": "Allande", "morfologia": "Desconocida", "tipo_au": "desconocido", "deposit_id": "", "district_id": "", "estado_presencia": "pendiente"}}, {"type": "Feature", "geometry": {"type": "Point", "coordinates": [-6.788582, 43.10453]}, "properties": {"record_id": "gpkg:44f874e0d3404a1c13ef2b13e6ecb8ea39b189992e387651298f79c6169e0960:1859", "codigo_indicio": "75036", "nombre_mina": "POZO DE LAS MUJERES MUERTAS", "provincia": "ASTURIAS", "municipio": "Allande", "morfologia": "Desconocida", "tipo_au": "desconocido", "deposit_id": "", "district_id": "", "estado_presencia": "pendiente"}}, {"type": "Feature", "geometry": {"type": "Point", "coordinates": [-6.774471, 43.056441]}, "properties": {"record_id": "gpkg:44f874e0d3404a1c13ef2b13e6ecb8ea39b189992e387651298f79c6169e0960:1860", "codigo_indicio": "75037", "nombre_mina": "CADABARBA, RIO AVIONGA", "provincia": "ASTURIAS", "municipio": "Ibias", "morfologia": "Desconocida", "tipo_au": "aluvial", "deposit_id": "", "district_id": "", "estado_presencia": "pendiente"}}, {"type": "Feature", "geometry": {"type": "Point", "coordinates": [-6.784567, 43.045471]}, "properties": {"record_id": "gpkg:44f874e0d3404a1c13ef2b13e6ecb8ea39b189992e387651298f79c6169e0960:1861", "codigo_indicio": "75038", "nombre_mina": "ARMADELA-VALLE DEL CASTAÑAL", "provincia": "ASTURIAS", "municipio": "Ibias", "morfologia": "Desconocida", "tipo_au": "desconocido", "deposit_id": "", "district_id": "", "estado_presencia": "pendiente"}}, {"type": "Feature", "geometry": {"type": "Point", "coordinates": [-6.827376, 43.018738]}, "properties": {"record_id": "gpkg:44f874e0d3404a1c13ef2b13e6ecb8ea39b189992e387651298f79c6169e0960:1862", "codigo_indicio": "75039", "nombre_mina": "CENTENALES", "provincia": "ASTURIAS", "municipio": "Ibias", "morfologia": "Filoniana", "tipo_au": "roca", "deposit_id": "", "district_id": "", "estado_presencia": "pendiente"}}, {"type": "Feature", "geometry": {"type": "Point", "coordinates": [-6.853888, 43.018608]}, "properties": {"record_id": "gpkg:44f874e0d3404a1c13ef2b13e6ecb8ea39b189992e387651298f79c6169e0960:1863", "codigo_indicio": "75040", "nombre_mina": "PUENTE DE CECOS", "provincia": "ASTURIAS", "municipio": "Ibias", "morfologia": "Irregular", "tipo_au": "roca", "deposit_id": "dep_ibias_cecos", "district_id": "dist_asturoccidental_ibias", "estado_presencia": "confirmada"}}, {"type": "Feature", "geometry": {"type": "Point", "coordinates": [-6.850074, 43.022408]}, "properties": {"record_id": "gpkg:44f874e0d3404a1c13ef2b13e6ecb8ea39b189992e387651298f79c6169e0960:1864", "codigo_indicio": "75041", "nombre_mina": "CECES", "provincia": "ASTURIAS", "municipio": "Ibias", "morfologia": "Filoniana", "tipo_au": "roca", "deposit_id": "dep_ibias_cecos", "district_id": "dist_asturoccidental_ibias", "estado_presencia": "confirmada"}}, {"type": "Feature", "geometry": {"type": "Point", "coordinates": [-6.844904, 43.019339]}, "properties": {"record_id": "gpkg:44f874e0d3404a1c13ef2b13e6ecb8ea39b189992e387651298f79c6169e0960:1865", "codigo_indicio": "75042", "nombre_mina": "VILLARCEBOLLIN-CECES", "provincia": "ASTURIAS", "municipio": "Ibias", "morfologia": "Filoniana", "tipo_au": "roca", "deposit_id": "dep_ibias_cecos", "district_id": "dist_asturoccidental_ibias", "estado_presencia": "confirmada"}}, {"type": "Feature", "geometry": {"type": "Point", "coordinates": [-4.898755, 43.011259]}, "properties": {"record_id": "gpkg:44f874e0d3404a1c13ef2b13e6ecb8ea39b189992e387651298f79c6169e0960:1972", "codigo_indicio": "80001", "nombre_mina": "BARNIEDO DE LA REINA", "provincia": "LEON", "municipio": "Boca de Huérgano", "morfologia": "Filoniana", "tipo_au": "roca", "deposit_id": "", "district_id": "", "estado_presencia": "pendiente"}}, {"type": "Feature", "geometry": {"type": "Point", "coordinates": [-8.946334, 42.995221]}, "properties": {"record_id": "gpkg:44f874e0d3404a1c13ef2b13e6ecb8ea39b189992e387651298f79c6169e0960:2308", "codigo_indicio": "93008", "nombre_mina": "VILARCOVO", "provincia": "CORUÑA", "municipio": "Zas", "morfologia": "Filoniana", "tipo_au": "roca", "deposit_id": "", "district_id": "", "estado_presencia": "pendiente"}}, {"type": "Feature", "geometry": {"type": "Point", "coordinates": [-8.934179, 42.888503]}, "properties": {"record_id": "gpkg:44f874e0d3404a1c13ef2b13e6ecb8ea39b189992e387651298f79c6169e0960:2309", "codigo_indicio": "93009", "nombre_mina": "RIO SANTABAYA", "provincia": "CORUÑA", "municipio": "Mazaricos", "morfologia": "Desconocida", "tipo_au": "aluvial", "deposit_id": "", "district_id": "", "estado_presencia": "pendiente"}}, {"type": "Feature", "geometry": {"type": "Point", "coordinates": [-8.886476, 42.856496]}, "properties": {"record_id": "gpkg:44f874e0d3404a1c13ef2b13e6ecb8ea39b189992e387651298f79c6169e0960:2310", "codigo_indicio": "93010", "nombre_mina": "RIO DONAS", "provincia": "CORUÑA", "municipio": "Outes", "morfologia": "Desconocida", "tipo_au": "aluvial", "deposit_id": "", "district_id": "", "estado_presencia": "pendiente"}}, {"type": "Feature", "geometry": {"type": "Point", "coordinates": [-6.7055, 42.883987]}, "properties": {"record_id": "gpkg:44f874e0d3404a1c13ef2b13e6ecb8ea39b189992e387651298f79c6169e0960:2355", "codigo_indicio": "99009", "nombre_mina": "CARBALLAL", "provincia": "LEON", "municipio": "Peranzanes", "morfologia": "Aluvionar", "tipo_au": "aluvial", "deposit_id": "", "district_id": "", "estado_presencia": "pendiente"}}, {"type": "Feature", "geometry": {"type": "Point", "coordinates": [-6.55186, 42.83668]}, "properties": {"record_id": "gpkg:44f874e0d3404a1c13ef2b13e6ecb8ea39b189992e387651298f79c6169e0960:2373", "codigo_indicio": "100001", "nombre_mina": "ANLLARINOS", "provincia": "LEON", "municipio": "Páramo del Sil", "morfologia": "Aluvionar", "tipo_au": "aluvial", "deposit_id": "", "district_id": "", "estado_presencia": "pendiente"}}, {"type": "Feature", "geometry": {"type": "Point", "coordinates": [-6.675073, 42.960454]}, "properties": {"record_id": "gpkg:44f874e0d3404a1c13ef2b13e6ecb8ea39b189992e387651298f79c6169e0960:2381", "codigo_indicio": "100009", "nombre_mina": "POSADOIRO", "provincia": "ASTURIAS", "municipio": "Ibias", "morfologia": "Filoniana", "tipo_au": "roca", "deposit_id": "", "district_id": "", "estado_presencia": "pendiente"}}, {"type": "Feature", "geometry": {"type": "Point", "coordinates": [-6.672355, 42.967513]}, "properties": {"record_id": "gpkg:44f874e0d3404a1c13ef2b13e6ecb8ea39b189992e387651298f79c6169e0960:2382", "codigo_indicio": "100010", "nombre_mina": "CORRALIN", "provincia": "ASTURIAS", "municipio": "Degaña", "morfologia": "Filoniana", "tipo_au": "roca", "deposit_id": "", "district_id": "", "estado_presencia": "pendiente"}}, {"type": "Feature", "geometry": {"type": "Point", "coordinates": [-6.649505, 42.987937]}, "properties": {"record_id": "gpkg:44f874e0d3404a1c13ef2b13e6ecb8ea39b189992e387651298f79c6169e0960:2383", "codigo_indicio": "100011", "nombre_mina": "LA VIELLA", "provincia": "ASTURIAS", "municipio": "Cangas del Narcea", "morfologia": "Filoniana", "tipo_au": "roca", "deposit_id": "", "district_id": "", "estado_presencia": "pendiente"}}, {"type": "Feature", "geometry": {"type": "Point", "coordinates": [-6.324274, 42.87931]}, "properties": {"record_id": "gpkg:44f874e0d3404a1c13ef2b13e6ecb8ea39b189992e387651298f79c6169e0960:2418", "codigo_indicio": "101031", "nombre_mina": "MINAS DEL COUTO", "provincia": "LEON", "municipio": "Palacios del Sil", "morfologia": "Filoniana", "tipo_au": "roca", "deposit_id": "", "district_id": "", "estado_presencia": "pendiente"}}, {"type": "Feature", "geometry": {"type": "Point", "coordinates": [-6.449249, 42.862354]}, "properties": {"record_id": "gpkg:44f874e0d3404a1c13ef2b13e6ecb8ea39b189992e387651298f79c6169e0960:2420", "codigo_indicio": "101033", "nombre_mina": "PALACIOS DEL SIL", "provincia": "LEON", "municipio": "Palacios del Sil", "morfologia": "Irregular", "tipo_au": "desconocido", "deposit_id": "", "district_id": "", "estado_presencia": "pendiente"}}, {"type": "Feature", "geometry": {"type": "Point", "coordinates": [-6.345991, 42.89435]}, "properties": {"record_id": "gpkg:44f874e0d3404a1c13ef2b13e6ecb8ea39b189992e387651298f79c6169e0960:2421", "codigo_indicio": "101034", "nombre_mina": "Mina de oro de Carbachal", "provincia": "LEON", "municipio": "Villablino", "morfologia": "Filoniana", "tipo_au": "roca", "deposit_id": "", "district_id": "", "estado_presencia": "pendiente"}}, {"type": "Feature", "geometry": {"type": "Point", "coordinates": [-6.336671, 42.911692]}, "properties": {"record_id": "gpkg:44f874e0d3404a1c13ef2b13e6ecb8ea39b189992e387651298f79c6169e0960:2422", "codigo_indicio": "101035", "nombre_mina": "Mina de oro de Rabanal de Abajo", "provincia": "LEON", "municipio": "Villablino", "morfologia": "Filoniana", "tipo_au": "roca", "deposit_id": "", "district_id": "", "estado_presencia": "pendiente"}}, {"type": "Feature", "geometry": {"type": "Point", "coordinates": [-5.97213, 42.850059]}, "properties": {"record_id": "gpkg:44f874e0d3404a1c13ef2b13e6ecb8ea39b189992e387651298f79c6169e0960:2477", "codigo_indicio": "102043", "nombre_mina": "Labores de oro de la Bonga.", "provincia": "LEON", "municipio": "Riello", "morfologia": "Filoniana", "tipo_au": "roca", "deposit_id": "", "district_id": "", "estado_presencia": "pendiente"}}, {"type": "Feature", "geometry": {"type": "Point", "coordinates": [-5.124858, 42.945871]}, "properties": {"record_id": "gpkg:44f874e0d3404a1c13ef2b13e6ecb8ea39b189992e387651298f79c6169e0960:2625", "codigo_indicio": "105010", "nombre_mina": "REGUERO DE LA BORIA", "provincia": "LEON", "municipio": "Crémenes", "morfologia": "Filoniana", "tipo_au": "roca", "deposit_id": "", "district_id": "", "estado_presencia": "pendiente"}}, {"type": "Feature", "geometry": {"type": "Point", "coordinates": [-5.134412, 42.945693]}, "properties": {"record_id": "gpkg:44f874e0d3404a1c13ef2b13e6ecb8ea39b189992e387651298f79c6169e0960:2626", "codigo_indicio": "105011", "nombre_mina": "CANTO TERUELO", "provincia": "LEON", "municipio": "Crémenes", "morfologia": "Desconocida", "tipo_au": "desconocido", "deposit_id": "", "district_id": "", "estado_presencia": "pendiente"}}, {"type": "Feature", "geometry": {"type": "Point", "coordinates": [-5.055331, 42.985592]}, "properties": {"record_id": "gpkg:44f874e0d3404a1c13ef2b13e6ecb8ea39b189992e387651298f79c6169e0960:2635", "codigo_indicio": "105020", "nombre_mina": "MINA MARIA TERESA", "provincia": "LEON", "municipio": "Riaño", "morfologia": "Irregular", "tipo_au": "desconocido", "deposit_id": "", "district_id": "", "estado_presencia": "pendiente"}}, {"type": "Feature", "geometry": {"type": "Point", "coordinates": [-5.1254, 42.944897]}, "properties": {"record_id": "gpkg:44f874e0d3404a1c13ef2b13e6ecb8ea39b189992e387651298f79c6169e0960:2652", "codigo_indicio": "105037", "nombre_mina": "Proyecto Salamon", "provincia": "LEON", "municipio": "Crémenes", "morfologia": "Lentejonar", "tipo_au": "desconocido", "deposit_id": "", "district_id": "", "estado_presencia": "pendiente"}}, {"type": "Feature", "geometry": {"type": "Point", "coordinates": [-4.804997, 42.906067]}, "properties": {"record_id": "gpkg:44f874e0d3404a1c13ef2b13e6ecb8ea39b189992e387651298f79c6169e0960:2660", "codigo_indicio": "106008", "nombre_mina": "LAS REJAS", "provincia": "PALENCIA", "municipio": "Velilla del Río Carrión", "morfologia": "Irregular", "tipo_au": "desconocido", "deposit_id": "", "district_id": "", "estado_presencia": "pendiente"}}, {"type": "Feature", "geometry": {"type": "Point", "coordinates": [-4.746791, 42.892382]}, "properties": {"record_id": "gpkg:44f874e0d3404a1c13ef2b13e6ecb8ea39b189992e387651298f79c6169e0960:2664", "codigo_indicio": "106012", "nombre_mina": "CAMPORREDONDO DE ALBA", "provincia": "PALENCIA", "municipio": "Velilla del Río Carrión", "morfologia": "Irregular", "tipo_au": "desconocido", "deposit_id": "", "district_id": "", "estado_presencia": "pendiente"}}, {"type": "Feature", "geometry": {"type": "Point", "coordinates": [-4.649934, 42.856267]}, "properties": {"record_id": "gpkg:44f874e0d3404a1c13ef2b13e6ecb8ea39b189992e387651298f79c6169e0960:2668", "codigo_indicio": "106016", "nombre_mina": "MINA DE COTOLORNO", "provincia": "PALENCIA", "municipio": "Santibáñez de la Peña", "morfologia": "Filoniana", "tipo_au": "roca", "deposit_id": "", "district_id": "", "estado_presencia": "pendiente"}}, {"type": "Feature", "geometry": {"type": "Point", "coordinates": [-4.494128, 42.937832]}, "properties": {"record_id": "gpkg:44f874e0d3404a1c13ef2b13e6ecb8ea39b189992e387651298f79c6169e0960:2721", "codigo_indicio": "107041", "nombre_mina": "CONSUELO", "provincia": "PALENCIA", "municipio": "Cervera de Pisuerga", "morfologia": "Filoniana", "tipo_au": "roca", "deposit_id": "", "district_id": "", "estado_presencia": "pendiente"}}, {"type": "Feature", "geometry": {"type": "Point", "coordinates": [-4.482539, 42.914569]}, "properties": {"record_id": "gpkg:44f874e0d3404a1c13ef2b13e6ecb8ea39b189992e387651298f79c6169e0960:2722", "codigo_indicio": "107042", "nombre_mina": "MINAS DE MATA NEVADA", "provincia": "PALENCIA", "municipio": "Cervera de Pisuerga", "morfologia": "Desconocida", "tipo_au": "desconocido", "deposit_id": "", "district_id": "", "estado_presencia": "pendiente"}}, {"type": "Feature", "geometry": {"type": "Point", "coordinates": [-7.04911, 42.821473]}, "properties": {"record_id": "gpkg:44f874e0d3404a1c13ef2b13e6ecb8ea39b189992e387651298f79c6169e0960:2884", "codigo_indicio": "125024", "nombre_mina": "PEÑA TALLADA", "provincia": "LUGO", "municipio": "Cervantes", "morfologia": "Filoniana", "tipo_au": "roca", "deposit_id": "", "district_id": "", "estado_presencia": "pendiente"}}, {"type": "Feature", "geometry": {"type": "Point", "coordinates": [-6.557274, 42.80798]}, "properties": {"record_id": "gpkg:44f874e0d3404a1c13ef2b13e6ecb8ea39b189992e387651298f79c6169e0960:2907", "codigo_indicio": "126001", "nombre_mina": "SORBEDA", "provincia": "LEON", "municipio": "Páramo del Sil", "morfologia": "Aluvionar", "tipo_au": "aluvial", "deposit_id": "", "district_id": "", "estado_presencia": "pendiente"}}, {"type": "Feature", "geometry": {"type": "Point", "coordinates": [-6.752239, 42.817558]}, "properties": {"record_id": "gpkg:44f874e0d3404a1c13ef2b13e6ecb8ea39b189992e387651298f79c6169e0960:2908", "codigo_indicio": "126002", "nombre_mina": "MINA DE CAVANIAS", "provincia": "LEON", "municipio": "Candín", "morfologia": "Filoniana", "tipo_au": "roca", "deposit_id": "", "district_id": "", "estado_presencia": "pendiente"}}, {"type": "Feature", "geometry": {"type": "Point", "coordinates": [-6.658651, 42.746614]}, "properties": {"record_id": "gpkg:44f874e0d3404a1c13ef2b13e6ecb8ea39b189992e387651298f79c6169e0960:2933", "codigo_indicio": "126027", "nombre_mina": "ALTAMIRA", "provincia": "LEON", "municipio": "Vega de Espinareda", "morfologia": "Estratiforme/Estratoide", "tipo_au": "desconocido", "deposit_id": "", "district_id": "", "estado_presencia": "pendiente"}}, {"type": "Feature", "geometry": {"type": "Point", "coordinates": [-6.675104, 42.741186]}, "properties": {"record_id": "gpkg:44f874e0d3404a1c13ef2b13e6ecb8ea39b189992e387651298f79c6169e0960:2934", "codigo_indicio": "126028", "nombre_mina": "SESAMO", "provincia": "LEON", "municipio": "Vega de Espinareda", "morfologia": "Estratiforme/Estratoide", "tipo_au": "desconocido", "deposit_id": "", "district_id": "", "estado_presencia": "pendiente"}}, {"type": "Feature", "geometry": {"type": "Point", "coordinates": [-6.678785, 42.747294]}, "properties": {"record_id": "gpkg:44f874e0d3404a1c13ef2b13e6ecb8ea39b189992e387651298f79c6169e0960:2935", "codigo_indicio": "126029", "nombre_mina": "ARROYO DE FERREDAL", "provincia": "LEON", "municipio": "Vega de Espinareda", "morfologia": "Estratiforme/Estratoide", "tipo_au": "aluvial", "deposit_id": "", "district_id": "", "estado_presencia": "pendiente"}}, {"type": "Feature", "geometry": {"type": "Point", "coordinates": [-6.685863, 42.754101]}, "properties": {"record_id": "gpkg:44f874e0d3404a1c13ef2b13e6ecb8ea39b189992e387651298f79c6169e0960:2936", "codigo_indicio": "126030", "nombre_mina": "VILLAR DE OCASO", "provincia": "LEON", "municipio": "Vega de Espinareda", "morfologia": "Estratiforme/Estratoide", "tipo_au": "desconocido", "deposit_id": "", "district_id": "", "estado_presencia": "pendiente"}}, {"type": "Feature", "geometry": {"type": "Point", "coordinates": [-6.714797, 42.814565]}, "properties": {"record_id": "gpkg:44f874e0d3404a1c13ef2b13e6ecb8ea39b189992e387651298f79c6169e0960:2937", "codigo_indicio": "126031", "nombre_mina": "CANDIN-SORBEIRA", "provincia": "LEON", "municipio": "Candín", "morfologia": "Estratiforme/Estratoide", "tipo_au": "desconocido", "deposit_id": "", "district_id": "", "estado_presencia": "pendiente"}}, {"type": "Feature", "geometry": {"type": "Point", "coordinates": [-6.719993, 42.81629]}, "properties": {"record_id": "gpkg:44f874e0d3404a1c13ef2b13e6ecb8ea39b189992e387651298f79c6169e0960:2938", "codigo_indicio": "126032", "nombre_mina": "RIO ANCARES", "provincia": "LEON", "municipio": "Candín", "morfologia": "Irregular", "tipo_au": "aluvial", "deposit_id": "", "district_id": "", "estado_presencia": "pendiente"}}, {"type": "Feature", "geometry": {"type": "Point", "coordinates": [-6.727043, 42.81751]}, "properties": {"record_id": "gpkg:44f874e0d3404a1c13ef2b13e6ecb8ea39b189992e387651298f79c6169e0960:2940", "codigo_indicio": "126034", "nombre_mina": "ALUVIALES DEL RIO SECO A VAL SECO", "provincia": "LEON", "municipio": "Candín", "morfologia": "Irregular", "tipo_au": "aluvial", "deposit_id": "", "district_id": "", "estado_presencia": "pendiente"}}, {"type": "Feature", "geometry": {"type": "Point", "coordinates": [-6.729868, 42.820538]}, "properties": {"record_id": "gpkg:44f874e0d3404a1c13ef2b13e6ecb8ea39b189992e387651298f79c6169e0960:2941", "codigo_indicio": "126035", "nombre_mina": "RIO ANCARES", "provincia": "LEON", "municipio": "Candín", "morfologia": "Irregular", "tipo_au": "aluvial", "deposit_id": "", "district_id": "", "estado_presencia": "pendiente"}}, {"type": "Feature", "geometry": {"type": "Point", "coordinates": [-6.772541, 42.807419]}, "properties": {"record_id": "gpkg:44f874e0d3404a1c13ef2b13e6ecb8ea39b189992e387651298f79c6169e0960:2942", "codigo_indicio": "126036", "nombre_mina": "BURBIA", "provincia": "LEON", "municipio": "Candín", "morfologia": "Desconocida", "tipo_au": "desconocido", "deposit_id": "", "district_id": "", "estado_presencia": "pendiente"}}, {"type": "Feature", "geometry": {"type": "Point", "coordinates": [-6.778981, 42.78125]}, "properties": {"record_id": "gpkg:44f874e0d3404a1c13ef2b13e6ecb8ea39b189992e387651298f79c6169e0960:2944", "codigo_indicio": "126038", "nombre_mina": "LLANUERA ALUVIAL DEL RIO BURBIA", "provincia": "LEON", "municipio": "Vega de Espinareda", "morfologia": "Irregular", "tipo_au": "aluvial", "deposit_id": "", "district_id": "", "estado_presencia": "pendiente"}}, {"type": "Feature", "geometry": {"type": "Point", "coordinates": [-6.839055, 42.741156]}, "properties": {"record_id": "gpkg:44f874e0d3404a1c13ef2b13e6ecb8ea39b189992e387651298f79c6169e0960:2945", "codigo_indicio": "126039", "nombre_mina": "LAS LAGUNAS-RIO TEJEIRO", "provincia": "LEON", "municipio": "Villafranca del Bierzo", "morfologia": "Desconocida", "tipo_au": "aluvial", "deposit_id": "", "district_id": "", "estado_presencia": "pendiente"}}, {"type": "Feature", "geometry": {"type": "Point", "coordinates": [-6.836754, 42.737061]}, "properties": {"record_id": "gpkg:44f874e0d3404a1c13ef2b13e6ecb8ea39b189992e387651298f79c6169e0960:2946", "codigo_indicio": "126040", "nombre_mina": "RIO TEJEIRO", "provincia": "LEON", "municipio": "Villafranca del Bierzo", "morfologia": "Desconocida", "tipo_au": "aluvial", "deposit_id": "", "district_id": "", "estado_presencia": "pendiente"}}, {"type": "Feature", "geometry": {"type": "Point", "coordinates": [-6.834516, 42.731165]}, "properties": {"record_id": "gpkg:44f874e0d3404a1c13ef2b13e6ecb8ea39b189992e387651298f79c6169e0960:2947", "codigo_indicio": "126041", "nombre_mina": "LA BRAMUDA-RIO TEJEIRO", "provincia": "LEON", "municipio": "Villafranca del Bierzo", "morfologia": "Desconocida", "tipo_au": "aluvial", "deposit_id": "", "district_id": "", "estado_presencia": "pendiente"}}, {"type": "Feature", "geometry": {"type": "Point", "coordinates": [-6.839496, 42.728467]}, "properties": {"record_id": "gpkg:44f874e0d3404a1c13ef2b13e6ecb8ea39b189992e387651298f79c6169e0960:2948", "codigo_indicio": "126042", "nombre_mina": "TEJEIRA", "provincia": "LEON", "municipio": "Villafranca del Bierzo", "morfologia": "Desconocida", "tipo_au": "desconocido", "deposit_id": "", "district_id": "", "estado_presencia": "pendiente"}}, {"type": "Feature", "geometry": {"type": "Point", "coordinates": [-6.815128, 42.726744]}, "properties": {"record_id": "gpkg:44f874e0d3404a1c13ef2b13e6ecb8ea39b189992e387651298f79c6169e0960:2949", "codigo_indicio": "126043", "nombre_mina": "LAS FUCARAS", "provincia": "LEON", "municipio": "Villafranca del Bierzo", "morfologia": "Desconocida", "tipo_au": "desconocido", "deposit_id": "", "district_id": "", "estado_presencia": "pendiente"}}, {"type": "Feature", "geometry": {"type": "Point", "coordinates": [-6.826187, 42.672384]}, "properties": {"record_id": "gpkg:44f874e0d3404a1c13ef2b13e6ecb8ea39b189992e387651298f79c6169e0960:2952", "codigo_indicio": "126046", "nombre_mina": "CARBEDON", "provincia": "LEON", "municipio": "Trabadelo", "morfologia": "Irregular", "tipo_au": "desconocido", "deposit_id": "", "district_id": "", "estado_presencia": "pendiente"}}, {"type": "Feature", "geometry": {"type": "Point", "coordinates": [-6.792967, 42.680033]}, "properties": {"record_id": "gpkg:44f874e0d3404a1c13ef2b13e6ecb8ea39b189992e387651298f79c6169e0960:2953", "codigo_indicio": "126047", "nombre_mina": "PARADASECA", "provincia": "LEON", "municipio": "Villafranca del Bierzo", "morfologia": "Irregular", "tipo_au": "desconocido", "deposit_id": "", "district_id": "", "estado_presencia": "pendiente"}}, {"type": "Feature", "geometry": {"type": "Point", "coordinates": [-6.78396, 42.675897]}, "properties": {"record_id": "gpkg:44f874e0d3404a1c13ef2b13e6ecb8ea39b189992e387651298f79c6169e0960:2954", "codigo_indicio": "126048", "nombre_mina": "PARADASECA", "provincia": "LEON", "municipio": "Villafranca del Bierzo", "morfologia": "Irregular", "tipo_au": "desconocido", "deposit_id": "", "district_id": "", "estado_presencia": "pendiente"}}, {"type": "Feature", "geometry": {"type": "Point", "coordinates": [-6.786584, 42.687925]}, "properties": {"record_id": "gpkg:44f874e0d3404a1c13ef2b13e6ecb8ea39b189992e387651298f79c6169e0960:2955", "codigo_indicio": "126049", "nombre_mina": "RIBON", "provincia": "LEON", "municipio": "Villafranca del Bierzo", "morfologia": "Irregular", "tipo_au": "desconocido", "deposit_id": "", "district_id": "", "estado_presencia": "pendiente"}}, {"type": "Feature", "geometry": {"type": "Point", "coordinates": [-6.767387, 42.695657]}, "properties": {"record_id": "gpkg:44f874e0d3404a1c13ef2b13e6ecb8ea39b189992e387651298f79c6169e0960:2956", "codigo_indicio": "126050", "nombre_mina": "TRAVIESAS-VALCAMPO", "provincia": "LEON", "municipio": "Villafranca del Bierzo", "morfologia": "Irregular", "tipo_au": "desconocido", "deposit_id": "", "district_id": "", "estado_presencia": "pendiente"}}, {"type": "Feature", "geometry": {"type": "Point", "coordinates": [-6.754983, 42.684158]}, "properties": {"record_id": "gpkg:44f874e0d3404a1c13ef2b13e6ecb8ea39b189992e387651298f79c6169e0960:2957", "codigo_indicio": "126051", "nombre_mina": "PARADIÑA", "provincia": "LEON", "municipio": "Villafranca del Bierzo", "morfologia": "Irregular", "tipo_au": "desconocido", "deposit_id": "", "district_id": "", "estado_presencia": "pendiente"}}, {"type": "Feature", "geometry": {"type": "Point", "coordinates": [-6.743152, 42.690679]}, "properties": {"record_id": "gpkg:44f874e0d3404a1c13ef2b13e6ecb8ea39b189992e387651298f79c6169e0960:2958", "codigo_indicio": "126052", "nombre_mina": "TOYO-ARROYO DE VALCAMPO", "provincia": "LEON", "municipio": "Villafranca del Bierzo", "morfologia": "Irregular", "tipo_au": "aluvial", "deposit_id": "", "district_id": "", "estado_presencia": "pendiente"}}, {"type": "Feature", "geometry": {"type": "Point", "coordinates": [-6.74459, 42.701514]}, "properties": {"record_id": "gpkg:44f874e0d3404a1c13ef2b13e6ecb8ea39b189992e387651298f79c6169e0960:2960", "codigo_indicio": "126054", "nombre_mina": "PRADO DE PARADIÑA", "provincia": "LEON", "municipio": "Villafranca del Bierzo", "morfologia": "Irregular", "tipo_au": "desconocido", "deposit_id": "", "district_id": "", "estado_presencia": "pendiente"}}, {"type": "Feature", "geometry": {"type": "Point", "coordinates": [-6.737625, 42.7084]}, "properties": {"record_id": "gpkg:44f874e0d3404a1c13ef2b13e6ecb8ea39b189992e387651298f79c6169e0960:2961", "codigo_indicio": "126055", "nombre_mina": "COUSO", "provincia": "LEON", "municipio": "Vega de Espinareda", "morfologia": "Estratiforme/Estratoide", "tipo_au": "desconocido", "deposit_id": "", "district_id": "", "estado_presencia": "pendiente"}}, {"type": "Feature", "geometry": {"type": "Point", "coordinates": [-6.772535, 42.739431]}, "properties": {"record_id": "gpkg:44f874e0d3404a1c13ef2b13e6ecb8ea39b189992e387651298f79c6169e0960:2963", "codigo_indicio": "126057", "nombre_mina": "ALTO DE MOJON FRIO", "provincia": "LEON", "municipio": "Villafranca del Bierzo", "morfologia": "Desconocida", "tipo_au": "aluvial", "deposit_id": "", "district_id": "", "estado_presencia": "pendiente"}}, {"type": "Feature", "geometry": {"type": "Point", "coordinates": [-6.741699, 42.730723]}, "properties": {"record_id": "gpkg:44f874e0d3404a1c13ef2b13e6ecb8ea39b189992e387651298f79c6169e0960:2964", "codigo_indicio": "126058", "nombre_mina": "CORRAL DE LOS LOBOS", "provincia": "LEON", "municipio": "Vega de Espinareda", "morfologia": "Desconocida", "tipo_au": "desconocido", "deposit_id": "", "district_id": "", "estado_presencia": "pendiente"}}, {"type": "Feature", "geometry": {"type": "Point", "coordinates": [-6.730542, 42.728521]}, "properties": {"record_id": "gpkg:44f874e0d3404a1c13ef2b13e6ecb8ea39b189992e387651298f79c6169e0960:2965", "codigo_indicio": "126059", "nombre_mina": "MOREDA", "provincia": "LEON", "municipio": "Vega de Espinareda", "morfologia": "Irregular", "tipo_au": "desconocido", "deposit_id": "", "district_id": "", "estado_presencia": "pendiente"}}, {"type": "Feature", "geometry": {"type": "Point", "coordinates": [-6.726935, 42.716923]}, "properties": {"record_id": "gpkg:44f874e0d3404a1c13ef2b13e6ecb8ea39b189992e387651298f79c6169e0960:2966", "codigo_indicio": "126060", "nombre_mina": "MOREDA", "provincia": "LEON", "municipio": "Vega de Espinareda", "morfologia": "Irregular", "tipo_au": "desconocido", "deposit_id": "", "district_id": "", "estado_presencia": "pendiente"}}, {"type": "Feature", "geometry": {"type": "Point", "coordinates": [-6.714016, 42.719548]}, "properties": {"record_id": "gpkg:44f874e0d3404a1c13ef2b13e6ecb8ea39b189992e387651298f79c6169e0960:2967", "codigo_indicio": "126061", "nombre_mina": "MOREDA", "provincia": "LEON", "municipio": "Vega de Espinareda", "morfologia": "Irregular", "tipo_au": "desconocido", "deposit_id": "", "district_id": "", "estado_presencia": "pendiente"}}, {"type": "Feature", "geometry": {"type": "Point", "coordinates": [-6.712007, 42.72437]}, "properties": {"record_id": "gpkg:44f874e0d3404a1c13ef2b13e6ecb8ea39b189992e387651298f79c6169e0960:2968", "codigo_indicio": "126062", "nombre_mina": "RIO ANCARES", "provincia": "LEON", "municipio": "Vega de Espinareda", "morfologia": "Irregular", "tipo_au": "aluvial", "deposit_id": "", "district_id": "", "estado_presencia": "pendiente"}}, {"type": "Feature", "geometry": {"type": "Point", "coordinates": [-6.708986, 42.723499]}, "properties": {"record_id": "gpkg:44f874e0d3404a1c13ef2b13e6ecb8ea39b189992e387651298f79c6169e0960:2969", "codigo_indicio": "126063", "nombre_mina": "CAMPO DE FUTBOL", "provincia": "LEON", "municipio": "Vega de Espinareda", "morfologia": "Irregular", "tipo_au": "desconocido", "deposit_id": "", "district_id": "", "estado_presencia": "pendiente"}}, {"type": "Feature", "geometry": {"type": "Point", "coordinates": [-6.761608, 42.686629]}, "properties": {"record_id": "gpkg:44f874e0d3404a1c13ef2b13e6ecb8ea39b189992e387651298f79c6169e0960:2971", "codigo_indicio": "126065", "nombre_mina": "PARADIÑA", "provincia": "LEON", "municipio": "Villafranca del Bierzo", "morfologia": "Irregular", "tipo_au": "desconocido", "deposit_id": "", "district_id": "", "estado_presencia": "pendiente"}}, {"type": "Feature", "geometry": {"type": "Point", "coordinates": [-6.517337, 42.82495]}, "properties": {"record_id": "gpkg:44f874e0d3404a1c13ef2b13e6ecb8ea39b189992e387651298f79c6169e0960:2973", "codigo_indicio": "127001", "nombre_mina": "LEONEZA", "provincia": "LEON", "municipio": "Páramo del Sil", "morfologia": "Aluvionar", "tipo_au": "aluvial", "deposit_id": "", "district_id": "", "estado_presencia": "pendiente"}}, {"type": "Feature", "geometry": {"type": "Point", "coordinates": [-6.507656, 42.82537]}, "properties": {"record_id": "gpkg:44f874e0d3404a1c13ef2b13e6ecb8ea39b189992e387651298f79c6169e0960:2974", "codigo_indicio": "127002", "nombre_mina": "CORBON DEL SIL", "provincia": "LEON", "municipio": "Palacios del Sil", "morfologia": "Aluvionar", "tipo_au": "aluvial", "deposit_id": "", "district_id": "", "estado_presencia": "pendiente"}}, {"type": "Feature", "geometry": {"type": "Point", "coordinates": [-6.502264, 42.822551]}, "properties": {"record_id": "gpkg:44f874e0d3404a1c13ef2b13e6ecb8ea39b189992e387651298f79c6169e0960:2975", "codigo_indicio": "127003", "nombre_mina": "LA CHANA", "provincia": "LEON", "municipio": "Páramo del Sil", "morfologia": "Aluvionar", "tipo_au": "aluvial", "deposit_id": "", "district_id": "", "estado_presencia": "pendiente"}}, {"type": "Feature", "geometry": {"type": "Point", "coordinates": [-6.485739, 42.82282]}, "properties": {"record_id": "gpkg:44f874e0d3404a1c13ef2b13e6ecb8ea39b189992e387651298f79c6169e0960:2976", "codigo_indicio": "127004", "nombre_mina": "EL ARDEJIL", "provincia": "LEON", "municipio": "Páramo del Sil", "morfologia": "Aluvionar", "tipo_au": "aluvial", "deposit_id": "", "district_id": "", "estado_presencia": "pendiente"}}, {"type": "Feature", "geometry": {"type": "Point", "coordinates": [-6.501979, 42.814441]}, "properties": {"record_id": "gpkg:44f874e0d3404a1c13ef2b13e6ecb8ea39b189992e387651298f79c6169e0960:2977", "codigo_indicio": "127005", "nombre_mina": "EL BARRIO-PARAMO DEL SIL", "provincia": "LEON", "municipio": "Páramo del Sil", "morfologia": "Aluvionar", "tipo_au": "aluvial", "deposit_id": "", "district_id": "", "estado_presencia": "pendiente"}}, {"type": "Feature", "geometry": {"type": "Point", "coordinates": [-6.337971, 42.817047]}, "properties": {"record_id": "gpkg:44f874e0d3404a1c13ef2b13e6ecb8ea39b189992e387651298f79c6169e0960:3022", "codigo_indicio": "127050", "nombre_mina": "SALENTINOS", "provincia": "LEON", "municipio": "Páramo del Sil", "morfologia": "Filoniana", "tipo_au": "roca", "deposit_id": "", "district_id": "", "estado_presencia": "pendiente"}}, {"type": "Feature", "geometry": {"type": "Point", "coordinates": [-6.2461, 42.806319]}, "properties": {"record_id": "gpkg:44f874e0d3404a1c13ef2b13e6ecb8ea39b189992e387651298f79c6169e0960:3023", "codigo_indicio": "127051", "nombre_mina": "MINA DE LAS ARRIBADERAS", "provincia": "LEON", "municipio": "Murias de Paredes", "morfologia": "Desconocida", "tipo_au": "desconocido", "deposit_id": "", "district_id": "", "estado_presencia": "pendiente"}}, {"type": "Feature", "geometry": {"type": "Point", "coordinates": [-6.502023, 42.821323]}, "properties": {"record_id": "gpkg:44f874e0d3404a1c13ef2b13e6ecb8ea39b189992e387651298f79c6169e0960:3026", "codigo_indicio": "127054", "nombre_mina": "Indicio Aurífero", "provincia": "LEON", "municipio": "Páramo del Sil", "morfologia": "Aluvionar", "tipo_au": "aluvial", "deposit_id": "", "district_id": "", "estado_presencia": "pendiente"}}, {"type": "Feature", "geometry": {"type": "Point", "coordinates": [-6.477344, 42.691113]}, "properties": {"record_id": "gpkg:44f874e0d3404a1c13ef2b13e6ecb8ea39b189992e387651298f79c6169e0960:3027", "codigo_indicio": "127055", "nombre_mina": "Indicio Aurífero", "provincia": "LEON", "municipio": "Toreno", "morfologia": "Aluvionar", "tipo_au": "aluvial", "deposit_id": "", "district_id": "", "estado_presencia": "pendiente"}}, {"type": "Feature", "geometry": {"type": "Point", "coordinates": [-6.432552, 42.696871]}, "properties": {"record_id": "gpkg:44f874e0d3404a1c13ef2b13e6ecb8ea39b189992e387651298f79c6169e0960:3028", "codigo_indicio": "127056", "nombre_mina": "Indicio Aurífero", "provincia": "LEON", "municipio": "Noceda", "morfologia": "Aluvionar", "tipo_au": "aluvial", "deposit_id": "", "district_id": "", "estado_presencia": "pendiente"}}, {"type": "Feature", "geometry": {"type": "Point", "coordinates": [-6.447759, 42.683253]}, "properties": {"record_id": "gpkg:44f874e0d3404a1c13ef2b13e6ecb8ea39b189992e387651298f79c6169e0960:3029", "codigo_indicio": "127057", "nombre_mina": "Indicio Aurífero", "provincia": "LEON", "municipio": "Bembibre", "morfologia": "Aluvionar", "tipo_au": "aluvial", "deposit_id": "", "district_id": "", "estado_presencia": "pendiente"}}, {"type": "Feature", "geometry": {"type": "Point", "coordinates": [-6.459229, 42.671352]}, "properties": {"record_id": "gpkg:44f874e0d3404a1c13ef2b13e6ecb8ea39b189992e387651298f79c6169e0960:3030", "codigo_indicio": "127058", "nombre_mina": "Indicio Aurífero", "provincia": "LEON", "municipio": "Bembibre", "morfologia": "Aluvionar", "tipo_au": "aluvial", "deposit_id": "", "district_id": "", "estado_presencia": "pendiente"}}, {"type": "Feature", "geometry": {"type": "Point", "coordinates": [-6.417014, 42.688867]}, "properties": {"record_id": "gpkg:44f874e0d3404a1c13ef2b13e6ecb8ea39b189992e387651298f79c6169e0960:3031", "codigo_indicio": "127059", "nombre_mina": "Indicio Aurífero", "provincia": "LEON", "municipio": "Noceda", "morfologia": "Aluvionar", "tipo_au": "aluvial", "deposit_id": "", "district_id": "", "estado_presencia": "pendiente"}}, {"type": "Feature", "geometry": {"type": "Point", "coordinates": [-6.390588, 42.69322]}, "properties": {"record_id": "gpkg:44f874e0d3404a1c13ef2b13e6ecb8ea39b189992e387651298f79c6169e0960:3032", "codigo_indicio": "127060", "nombre_mina": "Indicio Aurífero", "provincia": "LEON", "municipio": "Noceda", "morfologia": "Aluvionar", "tipo_au": "aluvial", "deposit_id": "", "district_id": "", "estado_presencia": "pendiente"}}, {"type": "Feature", "geometry": {"type": "Point", "coordinates": [-6.418979, 42.670902]}, "properties": {"record_id": "gpkg:44f874e0d3404a1c13ef2b13e6ecb8ea39b189992e387651298f79c6169e0960:3033", "codigo_indicio": "127061", "nombre_mina": "Indicio Aurífero", "provincia": "LEON", "municipio": "Bembibre", "morfologia": "Aluvionar", "tipo_au": "aluvial", "deposit_id": "", "district_id": "", "estado_presencia": "pendiente"}}, {"type": "Feature", "geometry": {"type": "Point", "coordinates": [-6.380733, 42.680839]}, "properties": {"record_id": "gpkg:44f874e0d3404a1c13ef2b13e6ecb8ea39b189992e387651298f79c6169e0960:3034", "codigo_indicio": "127062", "nombre_mina": "Indicio Aurífero", "provincia": "LEON", "municipio": "Noceda", "morfologia": "Aluvionar", "tipo_au": "aluvial", "deposit_id": "", "district_id": "", "estado_presencia": "pendiente"}}, {"type": "Feature", "geometry": {"type": "Point", "coordinates": [-6.364578, 42.687672]}, "properties": {"record_id": "gpkg:44f874e0d3404a1c13ef2b13e6ecb8ea39b189992e387651298f79c6169e0960:3035", "codigo_indicio": "127063", "nombre_mina": "Indicio Aurífero", "provincia": "LEON", "municipio": "Noceda", "morfologia": "Aluvionar", "tipo_au": "aluvial", "deposit_id": "", "district_id": "", "estado_presencia": "pendiente"}}, {"type": "Feature", "geometry": {"type": "Point", "coordinates": [-6.325955, 42.691729]}, "properties": {"record_id": "gpkg:44f874e0d3404a1c13ef2b13e6ecb8ea39b189992e387651298f79c6169e0960:3036", "codigo_indicio": "127064", "nombre_mina": "Indicio Aurífero", "provincia": "LEON", "municipio": "Murias de Paredes", "morfologia": "Aluvionar", "tipo_au": "aluvial", "deposit_id": "", "district_id": "", "estado_presencia": "pendiente"}}, {"type": "Feature", "geometry": {"type": "Point", "coordinates": [-6.325955, 42.691729]}, "properties": {"record_id": "gpkg:44f874e0d3404a1c13ef2b13e6ecb8ea39b189992e387651298f79c6169e0960:3037", "codigo_indicio": "127065", "nombre_mina": "Indicio Aurífero", "provincia": "LEON", "municipio": "Igueña", "morfologia": "Aluvionar", "tipo_au": "aluvial", "deposit_id": "", "district_id": "", "estado_presencia": "pendiente"}}, {"type": "Feature", "geometry": {"type": "Point", "coordinates": [-6.290666, 42.675141]}, "properties": {"record_id": "gpkg:44f874e0d3404a1c13ef2b13e6ecb8ea39b189992e387651298f79c6169e0960:3038", "codigo_indicio": "127066", "nombre_mina": "Indicio Aurífero", "provincia": "LEON", "municipio": "Folgoso de la Ribera", "morfologia": "Aluvionar", "tipo_au": "aluvial", "deposit_id": "", "district_id": "", "estado_presencia": "pendiente"}}, {"type": "Feature", "geometry": {"type": "Point", "coordinates": [-6.25282, 42.717011]}, "properties": {"record_id": "gpkg:44f874e0d3404a1c13ef2b13e6ecb8ea39b189992e387651298f79c6169e0960:3039", "codigo_indicio": "127067", "nombre_mina": "Indicio Aurífero", "provincia": "LEON", "municipio": "Igueña", "morfologia": "Desconocida", "tipo_au": "desconocido", "deposit_id": "", "district_id": "", "estado_presencia": "pendiente"}}, {"type": "Feature", "geometry": {"type": "Point", "coordinates": [-6.269936, 42.730477]}, "properties": {"record_id": "gpkg:44f874e0d3404a1c13ef2b13e6ecb8ea39b189992e387651298f79c6169e0960:3040", "codigo_indicio": "127068", "nombre_mina": "Indicio Aurífero", "provincia": "LEON", "municipio": "Igueña", "morfologia": "Aluvionar", "tipo_au": "aluvial", "deposit_id": "", "district_id": "", "estado_presencia": "pendiente"}}, {"type": "Feature", "geometry": {"type": "Point", "coordinates": [-6.253186, 42.73638]}, "properties": {"record_id": "gpkg:44f874e0d3404a1c13ef2b13e6ecb8ea39b189992e387651298f79c6169e0960:3041", "codigo_indicio": "127069", "nombre_mina": "Indicio Aurífero", "provincia": "LEON", "municipio": "Igueña", "morfologia": "Aluvionar", "tipo_au": "aluvial", "deposit_id": "", "district_id": "", "estado_presencia": "pendiente"}}, {"type": "Feature", "geometry": {"type": "Point", "coordinates": [-6.293354, 42.725631]}, "properties": {"record_id": "gpkg:44f874e0d3404a1c13ef2b13e6ecb8ea39b189992e387651298f79c6169e0960:3042", "codigo_indicio": "127070", "nombre_mina": "Indicio Aurífero", "provincia": "LEON", "municipio": "Igueña", "morfologia": "Aluvionar", "tipo_au": "aluvial", "deposit_id": "", "district_id": "", "estado_presencia": "pendiente"}}, {"type": "Feature", "geometry": {"type": "Point", "coordinates": [-6.334266, 42.72569]}, "properties": {"record_id": "gpkg:44f874e0d3404a1c13ef2b13e6ecb8ea39b189992e387651298f79c6169e0960:3043", "codigo_indicio": "127071", "nombre_mina": "Indicio Aurífero", "provincia": "LEON", "municipio": "Igueña", "morfologia": "Aluvionar", "tipo_au": "aluvial", "deposit_id": "", "district_id": "", "estado_presencia": "pendiente"}}, {"type": "Feature", "geometry": {"type": "Point", "coordinates": [-6.325143, 42.71062]}, "properties": {"record_id": "gpkg:44f874e0d3404a1c13ef2b13e6ecb8ea39b189992e387651298f79c6169e0960:3044", "codigo_indicio": "127072", "nombre_mina": "Indicio Aurífero", "provincia": "LEON", "municipio": "Igueña", "morfologia": "Aluvionar", "tipo_au": "aluvial", "deposit_id": "", "district_id": "", "estado_presencia": "pendiente"}}, {"type": "Feature", "geometry": {"type": "Point", "coordinates": [-6.349483, 42.712537]}, "properties": {"record_id": "gpkg:44f874e0d3404a1c13ef2b13e6ecb8ea39b189992e387651298f79c6169e0960:3045", "codigo_indicio": "127073", "nombre_mina": "Indicio Aurífero", "provincia": "LEON", "municipio": "Noceda", "morfologia": "Aluvionar", "tipo_au": "aluvial", "deposit_id": "", "district_id": "", "estado_presencia": "pendiente"}}, {"type": "Feature", "geometry": {"type": "Point", "coordinates": [-6.361358, 42.706058]}, "properties": {"record_id": "gpkg:44f874e0d3404a1c13ef2b13e6ecb8ea39b189992e387651298f79c6169e0960:3046", "codigo_indicio": "127074", "nombre_mina": "Indicio Aurífero", "provincia": "LEON", "municipio": "Noceda", "morfologia": "Aluvionar", "tipo_au": "aluvial", "deposit_id": "", "district_id": "", "estado_presencia": "pendiente"}}, {"type": "Feature", "geometry": {"type": "Point", "coordinates": [-6.378302, 42.709599]}, "properties": {"record_id": "gpkg:44f874e0d3404a1c13ef2b13e6ecb8ea39b189992e387651298f79c6169e0960:3047", "codigo_indicio": "127075", "nombre_mina": "Indicio Aurífero", "provincia": "LEON", "municipio": "Noceda", "morfologia": "Aluvionar", "tipo_au": "aluvial", "deposit_id": "", "district_id": "", "estado_presencia": "pendiente"}}, {"type": "Feature", "geometry": {"type": "Point", "coordinates": [-6.403206, 42.727275]}, "properties": {"record_id": "gpkg:44f874e0d3404a1c13ef2b13e6ecb8ea39b189992e387651298f79c6169e0960:3048", "codigo_indicio": "127076", "nombre_mina": "Indicio Aurífero", "provincia": "LEON", "municipio": "Noceda", "morfologia": "Aluvionar", "tipo_au": "aluvial", "deposit_id": "", "district_id": "", "estado_presencia": "pendiente"}}, {"type": "Feature", "geometry": {"type": "Point", "coordinates": [-6.435118, 42.723492]}, "properties": {"record_id": "gpkg:44f874e0d3404a1c13ef2b13e6ecb8ea39b189992e387651298f79c6169e0960:3049", "codigo_indicio": "127077", "nombre_mina": "Indicio Aurífero", "provincia": "LEON", "municipio": "Noceda", "morfologia": "Aluvionar", "tipo_au": "aluvial", "deposit_id": "", "district_id": "", "estado_presencia": "pendiente"}}, {"type": "Feature", "geometry": {"type": "Point", "coordinates": [-6.45442, 42.729326]}, "properties": {"record_id": "gpkg:44f874e0d3404a1c13ef2b13e6ecb8ea39b189992e387651298f79c6169e0960:3050", "codigo_indicio": "127078", "nombre_mina": "Indicio Aurífero", "provincia": "LEON", "municipio": "Toreno", "morfologia": "Aluvionar", "tipo_au": "aluvial", "deposit_id": "", "district_id": "", "estado_presencia": "pendiente"}}, {"type": "Feature", "geometry": {"type": "Point", "coordinates": [-6.465, 42.739466]}, "properties": {"record_id": "gpkg:44f874e0d3404a1c13ef2b13e6ecb8ea39b189992e387651298f79c6169e0960:3051", "codigo_indicio": "127079", "nombre_mina": "Indicio Aurífero", "provincia": "LEON", "municipio": "Toreno", "morfologia": "Aluvionar", "tipo_au": "aluvial", "deposit_id": "", "district_id": "", "estado_presencia": "pendiente"}}, {"type": "Feature", "geometry": {"type": "Point", "coordinates": [-6.33949, 42.81766]}, "properties": {"record_id": "gpkg:44f874e0d3404a1c13ef2b13e6ecb8ea39b189992e387651298f79c6169e0960:3052", "codigo_indicio": "127080", "nombre_mina": "Indicio Aurífero", "provincia": "LEON", "municipio": "Páramo del Sil", "morfologia": "Filoniana", "tipo_au": "roca", "deposit_id": "", "district_id": "", "estado_presencia": "pendiente"}}, {"type": "Feature", "geometry": {"type": "Point", "coordinates": [-6.358202, 42.809089]}, "properties": {"record_id": "gpkg:44f874e0d3404a1c13ef2b13e6ecb8ea39b189992e387651298f79c6169e0960:3053", "codigo_indicio": "127081", "nombre_mina": "Indicio Aurífero", "provincia": "LEON", "municipio": "Páramo del Sil", "morfologia": "Filoniana", "tipo_au": "roca", "deposit_id": "", "district_id": "", "estado_presencia": "pendiente"}}, {"type": "Feature", "geometry": {"type": "Point", "coordinates": [-6.374889, 42.819378]}, "properties": {"record_id": "gpkg:44f874e0d3404a1c13ef2b13e6ecb8ea39b189992e387651298f79c6169e0960:3054", "codigo_indicio": "127082", "nombre_mina": "Indicio Aurífero", "provincia": "LEON", "municipio": "Páramo del Sil", "morfologia": "Aluvionar", "tipo_au": "aluvial", "deposit_id": "", "district_id": "", "estado_presencia": "pendiente"}}, {"type": "Feature", "geometry": {"type": "Point", "coordinates": [-5.975467, 42.776895]}, "properties": {"record_id": "gpkg:44f874e0d3404a1c13ef2b13e6ecb8ea39b189992e387651298f79c6169e0960:3062", "codigo_indicio": "128008", "nombre_mina": "RIO OMAÑAS", "provincia": "LEON", "municipio": "Riello", "morfologia": "Aluvionar", "tipo_au": "aluvial", "deposit_id": "", "district_id": "", "estado_presencia": "pendiente"}}, {"type": "Feature", "geometry": {"type": "Point", "coordinates": [-5.986939, 42.773985]}, "properties": {"record_id": "gpkg:44f874e0d3404a1c13ef2b13e6ecb8ea39b189992e387651298f79c6169e0960:3063", "codigo_indicio": "128009", "nombre_mina": "RIO OMAÑAS", "provincia": "LEON", "municipio": "Riello", "morfologia": "Estratiforme/Estratoide", "tipo_au": "aluvial", "deposit_id": "", "district_id": "", "estado_presencia": "pendiente"}}, {"type": "Feature", "geometry": {"type": "Point", "coordinates": [-5.986974, 42.774704]}, "properties": {"record_id": "gpkg:44f874e0d3404a1c13ef2b13e6ecb8ea39b189992e387651298f79c6169e0960:3065", "codigo_indicio": "128011", "nombre_mina": "RIO OMAÑAS", "provincia": "LEON", "municipio": "Riello", "morfologia": "Estratiforme/Estratoide", "tipo_au": "aluvial", "deposit_id": "", "district_id": "", "estado_presencia": "pendiente"}}, {"type": "Feature", "geometry": {"type": "Point", "coordinates": [-6.019162, 42.782624]}, "properties": {"record_id": "gpkg:44f874e0d3404a1c13ef2b13e6ecb8ea39b189992e387651298f79c6169e0960:3066", "codigo_indicio": "128012", "nombre_mina": "RIO OMAÑAS", "provincia": "LEON", "municipio": "Riello", "morfologia": "Estratiforme/Estratoide", "tipo_au": "aluvial", "deposit_id": "", "district_id": "", "estado_presencia": "pendiente"}}, {"type": "Feature", "geometry": {"type": "Point", "coordinates": [-6.030524, 42.787872]}, "properties": {"record_id": "gpkg:44f874e0d3404a1c13ef2b13e6ecb8ea39b189992e387651298f79c6169e0960:3067", "codigo_indicio": "128013", "nombre_mina": "LA PUEBLA", "provincia": "LEON", "municipio": "Riello", "morfologia": "Irregular", "tipo_au": "desconocido", "deposit_id": "", "district_id": "", "estado_presencia": "pendiente"}}, {"type": "Feature", "geometry": {"type": "Point", "coordinates": [-6.050181, 42.785859]}, "properties": {"record_id": "gpkg:44f874e0d3404a1c13ef2b13e6ecb8ea39b189992e387651298f79c6169e0960:3068", "codigo_indicio": "128014", "nombre_mina": "RIO OMAÑAS", "provincia": "LEON", "municipio": "Riello", "morfologia": "Estratiforme/Estratoide", "tipo_au": "aluvial", "deposit_id": "", "district_id": "", "estado_presencia": "pendiente"}}, {"type": "Feature", "geometry": {"type": "Point", "coordinates": [-6.06787, 42.773707]}, "properties": {"record_id": "gpkg:44f874e0d3404a1c13ef2b13e6ecb8ea39b189992e387651298f79c6169e0960:3069", "codigo_indicio": "128015", "nombre_mina": "LOS COUSOS", "provincia": "LEON", "municipio": "Riello", "morfologia": "Desconocida", "tipo_au": "desconocido", "deposit_id": "", "district_id": "", "estado_presencia": "pendiente"}}, {"type": "Feature", "geometry": {"type": "Point", "coordinates": [-6.070139, 42.785201]}, "properties": {"record_id": "gpkg:44f874e0d3404a1c13ef2b13e6ecb8ea39b189992e387651298f79c6169e0960:3070", "codigo_indicio": "128016", "nombre_mina": "RIO VALGORDO", "provincia": "LEON", "municipio": "Riello", "morfologia": "Estratiforme/Estratoide", "tipo_au": "aluvial", "deposit_id": "", "district_id": "", "estado_presencia": "pendiente"}}, {"type": "Feature", "geometry": {"type": "Point", "coordinates": [-6.089579, 42.779934]}, "properties": {"record_id": "gpkg:44f874e0d3404a1c13ef2b13e6ecb8ea39b189992e387651298f79c6169e0960:3071", "codigo_indicio": "128017", "nombre_mina": "RIO VALGORDO", "provincia": "LEON", "municipio": "Riello", "morfologia": "Estratiforme/Estratoide", "tipo_au": "aluvial", "deposit_id": "", "district_id": "", "estado_presencia": "pendiente"}}, {"type": "Feature", "geometry": {"type": "Point", "coordinates": [-6.09712, 42.780756]}, "properties": {"record_id": "gpkg:44f874e0d3404a1c13ef2b13e6ecb8ea39b189992e387651298f79c6169e0960:3072", "codigo_indicio": "128018", "nombre_mina": "ARROYO DE LA GRANDA", "provincia": "LEON", "municipio": "Riello", "morfologia": "Estratiforme/Estratoide", "tipo_au": "aluvial", "deposit_id": "", "district_id": "", "estado_presencia": "pendiente"}}, {"type": "Feature", "geometry": {"type": "Point", "coordinates": [-6.131906, 42.781903]}, "properties": {"record_id": "gpkg:44f874e0d3404a1c13ef2b13e6ecb8ea39b189992e387651298f79c6169e0960:3073", "codigo_indicio": "128019", "nombre_mina": "BARRIO DE LA PUENTE", "provincia": "LEON", "municipio": "Murias de Paredes", "morfologia": "Irregular", "tipo_au": "aluvial", "deposit_id": "", "district_id": "", "estado_presencia": "pendiente"}}, {"type": "Feature", "geometry": {"type": "Point", "coordinates": [-6.140279, 42.780582]}, "properties": {"record_id": "gpkg:44f874e0d3404a1c13ef2b13e6ecb8ea39b189992e387651298f79c6169e0960:3074", "codigo_indicio": "128020", "nombre_mina": "PEÑA BALADRONA", "provincia": "LEON", "municipio": "Murias de Paredes", "morfologia": "Desconocida", "tipo_au": "desconocido", "deposit_id": "", "district_id": "", "estado_presencia": "pendiente"}}, {"type": "Feature", "geometry": {"type": "Point", "coordinates": [-6.16039, 42.755149]}, "properties": {"record_id": "gpkg:44f874e0d3404a1c13ef2b13e6ecb8ea39b189992e387651298f79c6169e0960:3075", "codigo_indicio": "128021", "nombre_mina": "ZONA DEL SUSPIRON", "provincia": "LEON", "municipio": "Murias de Paredes", "morfologia": "Filoniana", "tipo_au": "roca", "deposit_id": "", "district_id": "", "estado_presencia": "pendiente"}}, {"type": "Feature", "geometry": {"type": "Point", "coordinates": [-6.114053, 42.75309]}, "properties": {"record_id": "gpkg:44f874e0d3404a1c13ef2b13e6ecb8ea39b189992e387651298f79c6169e0960:3076", "codigo_indicio": "128022", "nombre_mina": "LAS FORNIAS", "provincia": "LEON", "municipio": "Riello", "morfologia": "Filoniana", "tipo_au": "roca", "deposit_id": "", "district_id": "", "estado_presencia": "pendiente"}}, {"type": "Feature", "geometry": {"type": "Point", "coordinates": [-6.016486, 42.690706]}, "properties": {"record_id": "gpkg:44f874e0d3404a1c13ef2b13e6ecb8ea39b189992e387651298f79c6169e0960:3083", "codigo_indicio": "128029", "nombre_mina": "VILLARMERIEL", "provincia": "LEON", "municipio": "Quintana del Castillo", "morfologia": "Irregular", "tipo_au": "desconocido", "deposit_id": "", "district_id": "", "estado_presencia": "pendiente"}}, {"type": "Feature", "geometry": {"type": "Point", "coordinates": [-5.977568, 42.693187]}, "properties": {"record_id": "gpkg:44f874e0d3404a1c13ef2b13e6ecb8ea39b189992e387651298f79c6169e0960:3084", "codigo_indicio": "128030", "nombre_mina": "SAN FELIZ DE LAS LAVANDERAS", "provincia": "LEON", "municipio": "Quintana del Castillo", "morfologia": "Irregular", "tipo_au": "desconocido", "deposit_id": "", "district_id": "", "estado_presencia": "pendiente"}}, {"type": "Feature", "geometry": {"type": "Point", "coordinates": [-5.960211, 42.674727]}, "properties": {"record_id": "gpkg:44f874e0d3404a1c13ef2b13e6ecb8ea39b189992e387651298f79c6169e0960:3085", "codigo_indicio": "128031", "nombre_mina": "ESCUREDO", "provincia": "LEON", "municipio": "Quintana del Castillo", "morfologia": "Irregular", "tipo_au": "desconocido", "deposit_id": "", "district_id": "", "estado_presencia": "pendiente"}}, {"type": "Feature", "geometry": {"type": "Point", "coordinates": [-5.929428, 42.715591]}, "properties": {"record_id": "gpkg:44f874e0d3404a1c13ef2b13e6ecb8ea39b189992e387651298f79c6169e0960:3087", "codigo_indicio": "128033", "nombre_mina": "EL LLONCION", "provincia": "LEON", "municipio": "Valdesamario", "morfologia": "Aluvionar", "tipo_au": "aluvial", "deposit_id": "", "district_id": "", "estado_presencia": "pendiente"}}, {"type": "Feature", "geometry": {"type": "Point", "coordinates": [-5.923149, 42.717102]}, "properties": {"record_id": "gpkg:44f874e0d3404a1c13ef2b13e6ecb8ea39b189992e387651298f79c6169e0960:3088", "codigo_indicio": "128034", "nombre_mina": "LA UTRERA", "provincia": "LEON", "municipio": "Valdesamario", "morfologia": "Aluvionar", "tipo_au": "aluvial", "deposit_id": "", "district_id": "", "estado_presencia": "pendiente"}}, {"type": "Feature", "geometry": {"type": "Point", "coordinates": [-5.91549, 42.72279]}, "properties": {"record_id": "gpkg:44f874e0d3404a1c13ef2b13e6ecb8ea39b189992e387651298f79c6169e0960:3089", "codigo_indicio": "128035", "nombre_mina": "PALADIN", "provincia": "LEON", "municipio": "Valdesamario", "morfologia": "Aluvionar", "tipo_au": "aluvial", "deposit_id": "", "district_id": "", "estado_presencia": "pendiente"}}, {"type": "Feature", "geometry": {"type": "Point", "coordinates": [-5.907075, 42.699772]}, "properties": {"record_id": "gpkg:44f874e0d3404a1c13ef2b13e6ecb8ea39b189992e387651298f79c6169e0960:3091", "codigo_indicio": "128037", "nombre_mina": "LA COLLADA", "provincia": "LEON", "municipio": "Omañas, Las", "morfologia": "Aluvionar", "tipo_au": "aluvial", "deposit_id": "", "district_id": "", "estado_presencia": "pendiente"}}, {"type": "Feature", "geometry": {"type": "Point", "coordinates": [-5.885921, 42.677975]}, "properties": {"record_id": "gpkg:44f874e0d3404a1c13ef2b13e6ecb8ea39b189992e387651298f79c6169e0960:3092", "codigo_indicio": "128038", "nombre_mina": "LAS OMAÑAS", "provincia": "LEON", "municipio": "Omañas, Las", "morfologia": "Aluvionar", "tipo_au": "aluvial", "deposit_id": "", "district_id": "", "estado_presencia": "pendiente"}}, {"type": "Feature", "geometry": {"type": "Point", "coordinates": [-5.863301, 42.669088]}, "properties": {"record_id": "gpkg:44f874e0d3404a1c13ef2b13e6ecb8ea39b189992e387651298f79c6169e0960:3093", "codigo_indicio": "128039", "nombre_mina": "LAS ADRIANAS", "provincia": "LEON", "municipio": "Llamas de la Ribera", "morfologia": "Aluvionar", "tipo_au": "aluvial", "deposit_id": "dep_llamas_de_la_ribera", "district_id": "dist_leon_omana_orbigo", "estado_presencia": "confirmada"}}, {"type": "Feature", "geometry": {"type": "Point", "coordinates": [-5.973202, 42.66814]}, "properties": {"record_id": "gpkg:44f874e0d3404a1c13ef2b13e6ecb8ea39b189992e387651298f79c6169e0960:3094", "codigo_indicio": "128040", "nombre_mina": "Mina de Morriondo y Ferreras", "provincia": "LEON", "municipio": "Quintana del Castillo", "morfologia": "Aluvionar", "tipo_au": "aluvial", "deposit_id": "dep_ferreras_riofrio", "district_id": "dist_leon_omana_cepeda", "estado_presencia": "confirmada"}}, {"type": "Feature", "geometry": {"type": "Point", "coordinates": [-5.844413, 42.797878]}, "properties": {"record_id": "gpkg:44f874e0d3404a1c13ef2b13e6ecb8ea39b189992e387651298f79c6169e0960:3098", "codigo_indicio": "129004", "nombre_mina": "ARROYO DE TURCIOS", "provincia": "LEON", "municipio": "Soto y Amío", "morfologia": "Irregular", "tipo_au": "aluvial", "deposit_id": "", "district_id": "", "estado_presencia": "pendiente"}}, {"type": "Feature", "geometry": {"type": "Point", "coordinates": [-5.836591, 42.680109]}, "properties": {"record_id": "gpkg:44f874e0d3404a1c13ef2b13e6ecb8ea39b189992e387651298f79c6169e0960:3109", "codigo_indicio": "129015", "nombre_mina": "VALLE GRANDE", "provincia": "LEON", "municipio": "Omañas, Las", "morfologia": "Aluvionar", "tipo_au": "aluvial", "deposit_id": "", "district_id": "", "estado_presencia": "pendiente"}}, {"type": "Feature", "geometry": {"type": "Point", "coordinates": [-5.813551, 42.669872]}, "properties": {"record_id": "gpkg:44f874e0d3404a1c13ef2b13e6ecb8ea39b189992e387651298f79c6169e0960:3110", "codigo_indicio": "129016", "nombre_mina": "MOLINO DE LA GRIEGA", "provincia": "LEON", "municipio": "Cimanes del Tejar", "morfologia": "Aluvionar", "tipo_au": "aluvial", "deposit_id": "", "district_id": "", "estado_presencia": "pendiente"}}, {"type": "Feature", "geometry": {"type": "Point", "coordinates": [-5.34978, 42.687138]}, "properties": {"record_id": "gpkg:44f874e0d3404a1c13ef2b13e6ecb8ea39b189992e387651298f79c6169e0960:3118", "codigo_indicio": "130004", "nombre_mina": "Oro Vegas del Condado", "provincia": "LEON", "municipio": "Vegas del Condado", "morfologia": "Aluvionar", "tipo_au": "aluvial", "deposit_id": "", "district_id": "", "estado_presencia": "pendiente"}}, {"type": "Feature", "geometry": {"type": "Point", "coordinates": [-8.051684, 42.576157]}, "properties": {"record_id": "gpkg:44f874e0d3404a1c13ef2b13e6ecb8ea39b189992e387651298f79c6169e0960:3267", "codigo_indicio": "154003", "nombre_mina": "REJA REDONDA - CANTERA DE XEIXO", "provincia": "PONTEVEDRA", "municipio": "Dozón", "morfologia": "Filoniana", "tipo_au": "roca", "deposit_id": "", "district_id": "", "estado_presencia": "pendiente"}}, {"type": "Feature", "geometry": {"type": "Point", "coordinates": [-8.128622, 42.520031]}, "properties": {"record_id": "gpkg:44f874e0d3404a1c13ef2b13e6ecb8ea39b189992e387651298f79c6169e0960:3268", "codigo_indicio": "154004", "nombre_mina": "IRIXO", "provincia": "ORENSE", "municipio": "Irixo, O", "morfologia": "Filoniana", "tipo_au": "roca", "deposit_id": "", "district_id": "", "estado_presencia": "pendiente"}}, {"type": "Feature", "geometry": {"type": "Point", "coordinates": [-8.011559, 42.532141]}, "properties": {"record_id": "gpkg:44f874e0d3404a1c13ef2b13e6ecb8ea39b189992e387651298f79c6169e0960:3270", "codigo_indicio": "154006", "nombre_mina": "CARBALLEDA", "provincia": "ORENSE", "municipio": "Piñor", "morfologia": "Filoniana", "tipo_au": "roca", "deposit_id": "", "district_id": "", "estado_presencia": "pendiente"}}, {"type": "Feature", "geometry": {"type": "Point", "coordinates": [-8.080698, 42.50885]}, "properties": {"record_id": "gpkg:44f874e0d3404a1c13ef2b13e6ecb8ea39b189992e387651298f79c6169e0960:3271", "codigo_indicio": "154007", "nombre_mina": "PEÑA DAS COVAS DE VALDUIDE", "provincia": "ORENSE", "municipio": "Irixo, O", "morfologia": "Filoniana", "tipo_au": "roca", "deposit_id": "", "district_id": "", "estado_presencia": "pendiente"}}, {"type": "Feature", "geometry": {"type": "Point", "coordinates": [-8.057567, 42.509113]}, "properties": {"record_id": "gpkg:44f874e0d3404a1c13ef2b13e6ecb8ea39b189992e387651298f79c6169e0960:3272", "codigo_indicio": "154008", "nombre_mina": "REJA DO SEIXO", "provincia": "ORENSE", "municipio": "Irixo, O", "morfologia": "Filoniana", "tipo_au": "roca", "deposit_id": "", "district_id": "", "estado_presencia": "pendiente"}}, {"type": "Feature", "geometry": {"type": "Point", "coordinates": [-7.996816, 42.502294]}, "properties": {"record_id": "gpkg:44f874e0d3404a1c13ef2b13e6ecb8ea39b189992e387651298f79c6169e0960:3273", "codigo_indicio": "154009", "nombre_mina": "BARRAN", "provincia": "ORENSE", "municipio": "Piñor", "morfologia": "Filoniana", "tipo_au": "roca", "deposit_id": "", "district_id": "", "estado_presencia": "pendiente"}}, {"type": "Feature", "geometry": {"type": "Point", "coordinates": [-7.883635, 42.604363]}, "properties": {"record_id": "gpkg:44f874e0d3404a1c13ef2b13e6ecb8ea39b189992e387651298f79c6169e0960:3274", "codigo_indicio": "154010", "nombre_mina": "RAPUSEIROS, AMORELLE", "provincia": "LUGO", "municipio": "Chantada", "morfologia": "Filoniana", "tipo_au": "roca", "deposit_id": "", "district_id": "", "estado_presencia": "pendiente"}}, {"type": "Feature", "geometry": {"type": "Point", "coordinates": [-6.882102, 42.65371]}, "properties": {"record_id": "gpkg:44f874e0d3404a1c13ef2b13e6ecb8ea39b189992e387651298f79c6169e0960:3285", "codigo_indicio": "157001", "nombre_mina": "EL CARBALLON", "provincia": "LEON", "municipio": "Trabadelo", "morfologia": "Aluvionar", "tipo_au": "aluvial", "deposit_id": "", "district_id": "", "estado_presencia": "pendiente"}}, {"type": "Feature", "geometry": {"type": "Point", "coordinates": [-6.916899, 42.660201]}, "properties": {"record_id": "gpkg:44f874e0d3404a1c13ef2b13e6ecb8ea39b189992e387651298f79c6169e0960:3286", "codigo_indicio": "157002", "nombre_mina": "RIO VALCARCE", "provincia": "LEON", "municipio": "Vega de Valcarce", "morfologia": "Aluvionar", "tipo_au": "aluvial", "deposit_id": "", "district_id": "", "estado_presencia": "pendiente"}}, {"type": "Feature", "geometry": {"type": "Point", "coordinates": [-7.007341, 42.552216]}, "properties": {"record_id": "gpkg:44f874e0d3404a1c13ef2b13e6ecb8ea39b189992e387651298f79c6169e0960:3287", "codigo_indicio": "157003", "nombre_mina": "RIO SELMO", "provincia": "LEON", "municipio": "Oencia", "morfologia": "Aluvionar", "tipo_au": "aluvial", "deposit_id": "", "district_id": "", "estado_presencia": "pendiente"}}, {"type": "Feature", "geometry": {"type": "Point", "coordinates": [-7.096431, 42.642525]}, "properties": {"record_id": "gpkg:44f874e0d3404a1c13ef2b13e6ecb8ea39b189992e387651298f79c6169e0960:3288", "codigo_indicio": "157004", "nombre_mina": "MILLARES-TORUBIO E", "provincia": "LUGO", "municipio": "Folgoso do Courel", "morfologia": "Filoniana", "tipo_au": "roca", "deposit_id": "dep_mina_da_toca_courel", "district_id": "dist_galicia_courel", "estado_presencia": "confirmada"}}, {"type": "Feature", "geometry": {"type": "Point", "coordinates": [-7.129245, 42.658735]}, "properties": {"record_id": "gpkg:44f874e0d3404a1c13ef2b13e6ecb8ea39b189992e387651298f79c6169e0960:3298", "codigo_indicio": "157014", "nombre_mina": "MINA DA TOCA", "provincia": "LUGO", "municipio": "Folgoso do Courel", "morfologia": "Filoniana", "tipo_au": "roca", "deposit_id": "dep_mina_da_toca_courel", "district_id": "dist_galicia_courel", "estado_presencia": "confirmada"}}, {"type": "Feature", "geometry": {"type": "Point", "coordinates": [-6.998452, 42.53306]}, "properties": {"record_id": "gpkg:44f874e0d3404a1c13ef2b13e6ecb8ea39b189992e387651298f79c6169e0960:3306", "codigo_indicio": "157022", "nombre_mina": "ARNADO", "provincia": "LEON", "municipio": "Oencia", "morfologia": "Filoniana", "tipo_au": "roca", "deposit_id": "", "district_id": "", "estado_presencia": "pendiente"}}, {"type": "Feature", "geometry": {"type": "Point", "coordinates": [-7.043316, 42.570307]}, "properties": {"record_id": "gpkg:44f874e0d3404a1c13ef2b13e6ecb8ea39b189992e387651298f79c6169e0960:3314", "codigo_indicio": "157030", "nombre_mina": "RIO SELMO", "provincia": "LEON", "municipio": "Oencia", "morfologia": "Aluvionar", "tipo_au": "aluvial", "deposit_id": "", "district_id": "", "estado_presencia": "pendiente"}}, {"type": "Feature", "geometry": {"type": "Point", "coordinates": [-7.112975, 42.652075]}, "properties": {"record_id": "gpkg:44f874e0d3404a1c13ef2b13e6ecb8ea39b189992e387651298f79c6169e0960:3317", "codigo_indicio": "157033", "nombre_mina": "TORUBIO", "provincia": "LUGO", "municipio": "Folgoso do Courel", "morfologia": "Filoniana", "tipo_au": "roca", "deposit_id": "dep_mina_da_toca_courel", "district_id": "dist_galicia_courel", "estado_presencia": "confirmada"}}, {"type": "Feature", "geometry": {"type": "Point", "coordinates": [-7.020084, 42.565225]}, "properties": {"record_id": "gpkg:44f874e0d3404a1c13ef2b13e6ecb8ea39b189992e387651298f79c6169e0960:3321", "codigo_indicio": "157037", "nombre_mina": "RIO SELMO", "provincia": "LEON", "municipio": "Oencia", "morfologia": "Aluvionar", "tipo_au": "aluvial", "deposit_id": "", "district_id": "", "estado_presencia": "pendiente"}}, {"type": "Feature", "geometry": {"type": "Point", "coordinates": [-6.934763, 42.536972]}, "properties": {"record_id": "gpkg:44f874e0d3404a1c13ef2b13e6ecb8ea39b189992e387651298f79c6169e0960:3329", "codigo_indicio": "157045", "nombre_mina": "RIO SELMO", "provincia": "LEON", "municipio": "Oencia", "morfologia": "Aluvionar", "tipo_au": "aluvial", "deposit_id": "", "district_id": "", "estado_presencia": "pendiente"}}, {"type": "Feature", "geometry": {"type": "Point", "coordinates": [-6.922853, 42.635275]}, "properties": {"record_id": "gpkg:44f874e0d3404a1c13ef2b13e6ecb8ea39b189992e387651298f79c6169e0960:3335", "codigo_indicio": "157051", "nombre_mina": "RIO BARJAS", "provincia": "LEON", "municipio": "Trabadelo", "morfologia": "Aluvionar", "tipo_au": "aluvial", "deposit_id": "", "district_id": "", "estado_presencia": "pendiente"}}, {"type": "Feature", "geometry": {"type": "Point", "coordinates": [-6.90256, 42.651205]}, "properties": {"record_id": "gpkg:44f874e0d3404a1c13ef2b13e6ecb8ea39b189992e387651298f79c6169e0960:3336", "codigo_indicio": "157052", "nombre_mina": "RIO BARJAS", "provincia": "LEON", "municipio": "Trabadelo", "morfologia": "Aluvionar", "tipo_au": "aluvial", "deposit_id": "", "district_id": "", "estado_presencia": "pendiente"}}, {"type": "Feature", "geometry": {"type": "Point", "coordinates": [-6.890888, 42.556165]}, "properties": {"record_id": "gpkg:44f874e0d3404a1c13ef2b13e6ecb8ea39b189992e387651298f79c6169e0960:3340", "codigo_indicio": "157056", "nombre_mina": "PEDREGAL-RIO SELMO", "provincia": "LEON", "municipio": "Corullón", "morfologia": "Aluvionar", "tipo_au": "aluvial", "deposit_id": "", "district_id": "", "estado_presencia": "pendiente"}}, {"type": "Feature", "geometry": {"type": "Point", "coordinates": [-6.982945, 42.534409]}, "properties": {"record_id": "gpkg:44f874e0d3404a1c13ef2b13e6ecb8ea39b189992e387651298f79c6169e0960:3342", "codigo_indicio": "157058", "nombre_mina": "RIO SELMO", "provincia": "LEON", "municipio": "Oencia", "morfologia": "Aluvionar", "tipo_au": "aluvial", "deposit_id": "", "district_id": "", "estado_presencia": "pendiente"}}, {"type": "Feature", "geometry": {"type": "Point", "coordinates": [-6.807157, 42.512358]}, "properties": {"record_id": "gpkg:44f874e0d3404a1c13ef2b13e6ecb8ea39b189992e387651298f79c6169e0960:3344", "codigo_indicio": "158001", "nombre_mina": "VALIÑA-RIO SIL. REQUEJO", "provincia": "LEON", "municipio": "Villadecanes", "morfologia": "Aluvionar", "tipo_au": "aluvial", "deposit_id": "", "district_id": "", "estado_presencia": "pendiente"}}, {"type": "Feature", "geometry": {"type": "Point", "coordinates": [-6.726534, 42.65433]}, "properties": {"record_id": "gpkg:44f874e0d3404a1c13ef2b13e6ecb8ea39b189992e387651298f79c6169e0960:3352", "codigo_indicio": "158009", "nombre_mina": "LOS LAGOS", "provincia": "LEON", "municipio": "Villafranca del Bierzo", "morfologia": "Aluvionar", "tipo_au": "aluvial", "deposit_id": "", "district_id": "", "estado_presencia": "pendiente"}}, {"type": "Feature", "geometry": {"type": "Point", "coordinates": [-6.724623, 42.656543]}, "properties": {"record_id": "gpkg:44f874e0d3404a1c13ef2b13e6ecb8ea39b189992e387651298f79c6169e0960:3353", "codigo_indicio": "158010", "nombre_mina": "PEÑA DEL LADRON", "provincia": "LEON", "municipio": "Villafranca del Bierzo", "morfologia": "Lentejonar", "tipo_au": "desconocido", "deposit_id": "", "district_id": "", "estado_presencia": "pendiente"}}, {"type": "Feature", "geometry": {"type": "Point", "coordinates": [-6.729409, 42.665824]}, "properties": {"record_id": "gpkg:44f874e0d3404a1c13ef2b13e6ecb8ea39b189992e387651298f79c6169e0960:3354", "codigo_indicio": "158011", "nombre_mina": "RUIDOSOS", "provincia": "LEON", "municipio": "Villafranca del Bierzo", "morfologia": "Aluvionar", "tipo_au": "aluvial", "deposit_id": "", "district_id": "", "estado_presencia": "pendiente"}}, {"type": "Feature", "geometry": {"type": "Point", "coordinates": [-6.841982, 42.656743]}, "properties": {"record_id": "gpkg:44f874e0d3404a1c13ef2b13e6ecb8ea39b189992e387651298f79c6169e0960:3355", "codigo_indicio": "158012", "nombre_mina": "CASCAROS-CABORCON", "provincia": "LEON", "municipio": "Trabadelo", "morfologia": "Aluvionar", "tipo_au": "aluvial", "deposit_id": "", "district_id": "", "estado_presencia": "pendiente"}}, {"type": "Feature", "geometry": {"type": "Point", "coordinates": [-6.781022, 42.655579]}, "properties": {"record_id": "gpkg:44f874e0d3404a1c13ef2b13e6ecb8ea39b189992e387651298f79c6169e0960:3356", "codigo_indicio": "158013", "nombre_mina": "POBLADURA DE SOMOZA", "provincia": "LEON", "municipio": "Villafranca del Bierzo", "morfologia": "Aluvionar", "tipo_au": "aluvial", "deposit_id": "", "district_id": "", "estado_presencia": "pendiente"}}, {"type": "Feature", "geometry": {"type": "Point", "coordinates": [-6.808713, 42.624413]}, "properties": {"record_id": "gpkg:44f874e0d3404a1c13ef2b13e6ecb8ea39b189992e387651298f79c6169e0960:3357", "codigo_indicio": "158014", "nombre_mina": "LANDOIRO", "provincia": "LEON", "municipio": "Villafranca del Bierzo", "morfologia": "Aluvionar", "tipo_au": "aluvial", "deposit_id": "", "district_id": "", "estado_presencia": "pendiente"}}, {"type": "Feature", "geometry": {"type": "Point", "coordinates": [-6.735265, 42.63226]}, "properties": {"record_id": "gpkg:44f874e0d3404a1c13ef2b13e6ecb8ea39b189992e387651298f79c6169e0960:3358", "codigo_indicio": "158015", "nombre_mina": "RIO CUA", "provincia": "LEON", "municipio": "Cacabelos", "morfologia": "Aluvionar", "tipo_au": "aluvial", "deposit_id": "", "district_id": "", "estado_presencia": "pendiente"}}, {"type": "Feature", "geometry": {"type": "Point", "coordinates": [-6.745676, 42.637779]}, "properties": {"record_id": "gpkg:44f874e0d3404a1c13ef2b13e6ecb8ea39b189992e387651298f79c6169e0960:3359", "codigo_indicio": "158016", "nombre_mina": "LOS BIEIROS", "provincia": "LEON", "municipio": "Villafranca del Bierzo", "morfologia": "Aluvionar", "tipo_au": "aluvial", "deposit_id": "", "district_id": "", "estado_presencia": "pendiente"}}, {"type": "Feature", "geometry": {"type": "Point", "coordinates": [-6.813164, 42.608739]}, "properties": {"record_id": "gpkg:44f874e0d3404a1c13ef2b13e6ecb8ea39b189992e387651298f79c6169e0960:3360", "codigo_indicio": "158017", "nombre_mina": "BURBIA-VALCARCE", "provincia": "LEON", "municipio": "Villafranca del Bierzo", "morfologia": "Aluvionar", "tipo_au": "aluvial", "deposit_id": "", "district_id": "", "estado_presencia": "pendiente"}}, {"type": "Feature", "geometry": {"type": "Point", "coordinates": [-6.738751, 42.576407]}, "properties": {"record_id": "gpkg:44f874e0d3404a1c13ef2b13e6ecb8ea39b189992e387651298f79c6169e0960:3361", "codigo_indicio": "158018", "nombre_mina": "RIO CUA", "provincia": "LEON", "municipio": "Villadecanes", "morfologia": "Aluvionar", "tipo_au": "aluvial", "deposit_id": "", "district_id": "", "estado_presencia": "pendiente"}}, {"type": "Feature", "geometry": {"type": "Point", "coordinates": [-6.783691, 42.546037]}, "properties": {"record_id": "gpkg:44f874e0d3404a1c13ef2b13e6ecb8ea39b189992e387651298f79c6169e0960:3362", "codigo_indicio": "158019", "nombre_mina": "RIO BURBIA", "provincia": "LEON", "municipio": "Villadecanes", "morfologia": "Aluvionar", "tipo_au": "aluvial", "deposit_id": "", "district_id": "", "estado_presencia": "pendiente"}}, {"type": "Feature", "geometry": {"type": "Point", "coordinates": [-6.78192, 42.527271]}, "properties": {"record_id": "gpkg:44f874e0d3404a1c13ef2b13e6ecb8ea39b189992e387651298f79c6169e0960:3363", "codigo_indicio": "158020", "nombre_mina": "CAMPO DE LAS DRAGAS RIO SIL-CUA-BURBIA ALBA ANTEA", "provincia": "LEON", "municipio": "Villadecanes", "morfologia": "Aluvionar", "tipo_au": "aluvial", "deposit_id": "", "district_id": "", "estado_presencia": "pendiente"}}, {"type": "Feature", "geometry": {"type": "Point", "coordinates": [-6.828192, 42.509517]}, "properties": {"record_id": "gpkg:44f874e0d3404a1c13ef2b13e6ecb8ea39b189992e387651298f79c6169e0960:3364", "codigo_indicio": "158021", "nombre_mina": "EL CASTRO-RIO SIL", "provincia": "LEON", "municipio": "Carucedo", "morfologia": "Aluvionar", "tipo_au": "aluvial", "deposit_id": "", "district_id": "", "estado_presencia": "pendiente"}}, {"type": "Feature", "geometry": {"type": "Point", "coordinates": [-6.721053, 42.510318]}, "properties": {"record_id": "gpkg:44f874e0d3404a1c13ef2b13e6ecb8ea39b189992e387651298f79c6169e0960:3365", "codigo_indicio": "158022", "nombre_mina": "EL FRANZUELO ERMITA DE LA ESTRELLA", "provincia": "LEON", "municipio": "Borrenes", "morfologia": "Aluvionar", "tipo_au": "aluvial", "deposit_id": "", "district_id": "", "estado_presencia": "pendiente"}}, {"type": "Feature", "geometry": {"type": "Point", "coordinates": [-6.810408, 42.583022]}, "properties": {"record_id": "gpkg:44f874e0d3404a1c13ef2b13e6ecb8ea39b189992e387651298f79c6169e0960:3366", "codigo_indicio": "158023", "nombre_mina": "RIO BURBIA", "provincia": "LEON", "municipio": "Corullón", "morfologia": "Aluvionar", "tipo_au": "aluvial", "deposit_id": "", "district_id": "", "estado_presencia": "pendiente"}}, {"type": "Feature", "geometry": {"type": "Point", "coordinates": [-6.694303, 42.53932]}, "properties": {"record_id": "gpkg:44f874e0d3404a1c13ef2b13e6ecb8ea39b189992e387651298f79c6169e0960:3368", "codigo_indicio": "158025", "nombre_mina": "VILLADEPALOS-PONFERRADA", "provincia": "LEON", "municipio": "Ponferrada", "morfologia": "Aluvionar", "tipo_au": "aluvial", "deposit_id": "", "district_id": "", "estado_presencia": "pendiente"}}, {"type": "Feature", "geometry": {"type": "Point", "coordinates": [-6.838374, 42.620024]}, "properties": {"record_id": "gpkg:44f874e0d3404a1c13ef2b13e6ecb8ea39b189992e387651298f79c6169e0960:3370", "codigo_indicio": "158027", "nombre_mina": "RIO VALCARCE", "provincia": "LEON", "municipio": "Trabadelo", "morfologia": "Aluvionar", "tipo_au": "aluvial", "deposit_id": "", "district_id": "", "estado_presencia": "pendiente"}}, {"type": "Feature", "geometry": {"type": "Point", "coordinates": [-6.851893, 42.528244]}, "properties": {"record_id": "gpkg:44f874e0d3404a1c13ef2b13e6ecb8ea39b189992e387651298f79c6169e0960:3371", "codigo_indicio": "158028", "nombre_mina": "RIO SELMO", "provincia": "LEON", "municipio": "Sobrado", "morfologia": "Aluvionar", "tipo_au": "aluvial", "deposit_id": "", "district_id": "", "estado_presencia": "pendiente"}}, {"type": "Feature", "geometry": {"type": "Point", "coordinates": [-6.248249, 42.592057]}, "properties": {"record_id": "gpkg:44f874e0d3404a1c13ef2b13e6ecb8ea39b189992e387651298f79c6169e0960:3380", "codigo_indicio": "159001", "nombre_mina": "BAJADA DEL LLOROSO", "provincia": "LEON", "municipio": "Villagatón", "morfologia": "Aluvionar", "tipo_au": "aluvial", "deposit_id": "", "district_id": "", "estado_presencia": "pendiente"}}, {"type": "Feature", "geometry": {"type": "Point", "coordinates": [-6.503845, 42.569998]}, "properties": {"record_id": "gpkg:44f874e0d3404a1c13ef2b13e6ecb8ea39b189992e387651298f79c6169e0960:3413", "codigo_indicio": "159034", "nombre_mina": "LAS VALLINAS", "provincia": "LEON", "municipio": "Castropodame", "morfologia": "Aluvionar", "tipo_au": "aluvial", "deposit_id": "dep_castropodame", "district_id": "dist_leon_bierzo", "estado_presencia": "confirmada"}}, {"type": "Feature", "geometry": {"type": "Point", "coordinates": [-6.45086, 42.569732]}, "properties": {"record_id": "gpkg:44f874e0d3404a1c13ef2b13e6ecb8ea39b189992e387651298f79c6169e0960:3414", "codigo_indicio": "159035", "nombre_mina": "LA MASERA", "provincia": "LEON", "municipio": "Castropodame", "morfologia": "Aluvionar", "tipo_au": "aluvial", "deposit_id": "dep_castropodame", "district_id": "dist_leon_bierzo", "estado_presencia": "confirmada"}}, {"type": "Feature", "geometry": {"type": "Point", "coordinates": [-6.470311, 42.573765]}, "properties": {"record_id": "gpkg:44f874e0d3404a1c13ef2b13e6ecb8ea39b189992e387651298f79c6169e0960:3425", "codigo_indicio": "159046", "nombre_mina": "CASTROPODAME Cuevas del Moro y Corralón.", "provincia": "LEON", "municipio": "Castropodame", "morfologia": "Aluvionar", "tipo_au": "aluvial", "deposit_id": "dep_castropodame", "district_id": "dist_leon_bierzo", "estado_presencia": "confirmada"}}, {"type": "Feature", "geometry": {"type": "Point", "coordinates": [-6.267258, 42.575403]}, "properties": {"record_id": "gpkg:44f874e0d3404a1c13ef2b13e6ecb8ea39b189992e387651298f79c6169e0960:3427", "codigo_indicio": "159048", "nombre_mina": "CUEVA DE LOS MOROS", "provincia": "LEON", "municipio": "Villagatón", "morfologia": "Desconocida", "tipo_au": "desconocido", "deposit_id": "", "district_id": "", "estado_presencia": "pendiente"}}, {"type": "Feature", "geometry": {"type": "Point", "coordinates": [-6.197577, 42.526172]}, "properties": {"record_id": "gpkg:44f874e0d3404a1c13ef2b13e6ecb8ea39b189992e387651298f79c6169e0960:3429", "codigo_indicio": "159050", "nombre_mina": "EL FONTANON", "provincia": "LEON", "municipio": "Brazuelo", "morfologia": "Aluvionar", "tipo_au": "aluvial", "deposit_id": "", "district_id": "", "estado_presencia": "pendiente"}}, {"type": "Feature", "geometry": {"type": "Point", "coordinates": [-6.194709, 42.563022]}, "properties": {"record_id": "gpkg:44f874e0d3404a1c13ef2b13e6ecb8ea39b189992e387651298f79c6169e0960:3430", "codigo_indicio": "159051", "nombre_mina": "PUERTO DEL MANZANAL", "provincia": "LEON", "municipio": "Brazuelo", "morfologia": "Aluvionar", "tipo_au": "aluvial", "deposit_id": "", "district_id": "", "estado_presencia": "pendiente"}}, {"type": "Feature", "geometry": {"type": "Point", "coordinates": [-6.202247, 42.546998]}, "properties": {"record_id": "gpkg:44f874e0d3404a1c13ef2b13e6ecb8ea39b189992e387651298f79c6169e0960:3431", "codigo_indicio": "159052", "nombre_mina": "VELDEDO", "provincia": "LEON", "municipio": "Brazuelo", "morfologia": "Aluvionar", "tipo_au": "aluvial", "deposit_id": "", "district_id": "", "estado_presencia": "pendiente"}}, {"type": "Feature", "geometry": {"type": "Point", "coordinates": [-6.095599, 42.585584]}, "properties": {"record_id": "gpkg:44f874e0d3404a1c13ef2b13e6ecb8ea39b189992e387651298f79c6169e0960:3432", "codigo_indicio": "160001", "nombre_mina": "POZO VIEJO", "provincia": "LEON", "municipio": "Magaz de Cepeda", "morfologia": "Aluvionar", "tipo_au": "aluvial", "deposit_id": "", "district_id": "", "estado_presencia": "pendiente"}}, {"type": "Feature", "geometry": {"type": "Point", "coordinates": [-6.093564, 42.590035]}, "properties": {"record_id": "gpkg:44f874e0d3404a1c13ef2b13e6ecb8ea39b189992e387651298f79c6169e0960:3433", "codigo_indicio": "160002", "nombre_mina": "LA DEVESA", "provincia": "LEON", "municipio": "Magaz de Cepeda", "morfologia": "Aluvionar", "tipo_au": "aluvial", "deposit_id": "", "district_id": "", "estado_presencia": "pendiente"}}, {"type": "Feature", "geometry": {"type": "Point", "coordinates": [-6.108801, 42.589971]}, "properties": {"record_id": "gpkg:44f874e0d3404a1c13ef2b13e6ecb8ea39b189992e387651298f79c6169e0960:3434", "codigo_indicio": "160003", "nombre_mina": "LA CHANA", "provincia": "LEON", "municipio": "Magaz de Cepeda", "morfologia": "Aluvionar", "tipo_au": "aluvial", "deposit_id": "", "district_id": "", "estado_presencia": "pendiente"}}, {"type": "Feature", "geometry": {"type": "Point", "coordinates": [-6.013061, 42.629745]}, "properties": {"record_id": "gpkg:44f874e0d3404a1c13ef2b13e6ecb8ea39b189992e387651298f79c6169e0960:3436", "codigo_indicio": "160005", "nombre_mina": "CASTRO DE CEPEDA", "provincia": "LEON", "municipio": "Quintana del Castillo", "morfologia": "Aluvionar", "tipo_au": "aluvial", "deposit_id": "", "district_id": "", "estado_presencia": "pendiente"}}, {"type": "Feature", "geometry": {"type": "Point", "coordinates": [-6.005495, 42.647647]}, "properties": {"record_id": "gpkg:44f874e0d3404a1c13ef2b13e6ecb8ea39b189992e387651298f79c6169e0960:3437", "codigo_indicio": "160006", "nombre_mina": "EL MADRIGAL", "provincia": "LEON", "municipio": "Quintana del Castillo", "morfologia": "Aluvionar", "tipo_au": "aluvial", "deposit_id": "", "district_id": "", "estado_presencia": "pendiente"}}, {"type": "Feature", "geometry": {"type": "Point", "coordinates": [-6.01628, 42.638924]}, "properties": {"record_id": "gpkg:44f874e0d3404a1c13ef2b13e6ecb8ea39b189992e387651298f79c6169e0960:3438", "codigo_indicio": "160007", "nombre_mina": "LA CUESTA", "provincia": "LEON", "municipio": "Quintana del Castillo", "morfologia": "Aluvionar", "tipo_au": "aluvial", "deposit_id": "", "district_id": "", "estado_presencia": "pendiente"}}, {"type": "Feature", "geometry": {"type": "Point", "coordinates": [-6.159702, 42.502276]}, "properties": {"record_id": "gpkg:44f874e0d3404a1c13ef2b13e6ecb8ea39b189992e387651298f79c6169e0960:3439", "codigo_indicio": "160008", "nombre_mina": "BRAZUELO A° Miares,Trabazas", "provincia": "LEON", "municipio": "Brazuelo", "morfologia": "Aluvionar", "tipo_au": "aluvial", "deposit_id": "", "district_id": "", "estado_presencia": "pendiente"}}, {"type": "Feature", "geometry": {"type": "Point", "coordinates": [-6.15212, 42.535226]}, "properties": {"record_id": "gpkg:44f874e0d3404a1c13ef2b13e6ecb8ea39b189992e387651298f79c6169e0960:3440", "codigo_indicio": "160009", "nombre_mina": "LA CUESTONA", "provincia": "LEON", "municipio": "Brazuelo", "morfologia": "Aluvionar", "tipo_au": "aluvial", "deposit_id": "", "district_id": "", "estado_presencia": "pendiente"}}, {"type": "Feature", "geometry": {"type": "Point", "coordinates": [-6.160172, 42.518767]}, "properties": {"record_id": "gpkg:44f874e0d3404a1c13ef2b13e6ecb8ea39b189992e387651298f79c6169e0960:3441", "codigo_indicio": "160010", "nombre_mina": "EL SIERRO", "provincia": "LEON", "municipio": "Brazuelo", "morfologia": "Aluvionar", "tipo_au": "aluvial", "deposit_id": "", "district_id": "", "estado_presencia": "pendiente"}}, {"type": "Feature", "geometry": {"type": "Point", "coordinates": [-6.120908, 42.552005]}, "properties": {"record_id": "gpkg:44f874e0d3404a1c13ef2b13e6ecb8ea39b189992e387651298f79c6169e0960:3442", "codigo_indicio": "160011", "nombre_mina": "LA CHANA DE VANIDOD.", "provincia": "LEON", "municipio": "Magaz de Cepeda", "morfologia": "Aluvionar", "tipo_au": "aluvial", "deposit_id": "", "district_id": "", "estado_presencia": "pendiente"}}, {"type": "Feature", "geometry": {"type": "Point", "coordinates": [-6.171144, 42.556139]}, "properties": {"record_id": "gpkg:44f874e0d3404a1c13ef2b13e6ecb8ea39b189992e387651298f79c6169e0960:3443", "codigo_indicio": "160012", "nombre_mina": "RODRIGATOS A° Rodrigatos", "provincia": "LEON", "municipio": "Brazuelo", "morfologia": "Aluvionar", "tipo_au": "aluvial", "deposit_id": "", "district_id": "", "estado_presencia": "pendiente"}}, {"type": "Feature", "geometry": {"type": "Point", "coordinates": [-6.169569, 42.537099]}, "properties": {"record_id": "gpkg:44f874e0d3404a1c13ef2b13e6ecb8ea39b189992e387651298f79c6169e0960:3444", "codigo_indicio": "160013", "nombre_mina": "LOS PARAMOS RIO COMBARROS", "provincia": "LEON", "municipio": "Brazuelo", "morfologia": "Aluvionar", "tipo_au": "aluvial", "deposit_id": "", "district_id": "", "estado_presencia": "pendiente"}}, {"type": "Feature", "geometry": {"type": "Point", "coordinates": [-5.866075, 42.631199]}, "properties": {"record_id": "gpkg:44f874e0d3404a1c13ef2b13e6ecb8ea39b189992e387651298f79c6169e0960:3445", "codigo_indicio": "160014", "nombre_mina": "LOS CAMPARONES RIO ORBIGO", "provincia": "LEON", "municipio": "Llamas de la Ribera", "morfologia": "Aluvionar", "tipo_au": "aluvial", "deposit_id": "dep_llamas_de_la_ribera", "district_id": "dist_leon_omana_orbigo", "estado_presencia": "confirmada"}}, {"type": "Feature", "geometry": {"type": "Point", "coordinates": [-5.875846, 42.663281]}, "properties": {"record_id": "gpkg:44f874e0d3404a1c13ef2b13e6ecb8ea39b189992e387651298f79c6169e0960:3446", "codigo_indicio": "160015", "nombre_mina": "LAS MEDULAS OMAÑAS RIO ORBIGO", "provincia": "LEON", "municipio": "Llamas de la Ribera", "morfologia": "Aluvionar", "tipo_au": "aluvial", "deposit_id": "dep_llamas_de_la_ribera", "district_id": "dist_leon_omana_orbigo", "estado_presencia": "confirmada"}}, {"type": "Feature", "geometry": {"type": "Point", "coordinates": [-6.173947, 42.591147]}, "properties": {"record_id": "gpkg:44f874e0d3404a1c13ef2b13e6ecb8ea39b189992e387651298f79c6169e0960:3447", "codigo_indicio": "160016", "nombre_mina": "MANZARNOSO", "provincia": "LEON", "municipio": "Villagatón", "morfologia": "Aluvionar", "tipo_au": "aluvial", "deposit_id": "", "district_id": "", "estado_presencia": "pendiente"}}, {"type": "Feature", "geometry": {"type": "Point", "coordinates": [-6.16575, 42.624083]}, "properties": {"record_id": "gpkg:44f874e0d3404a1c13ef2b13e6ecb8ea39b189992e387651298f79c6169e0960:3450", "codigo_indicio": "160019", "nombre_mina": "VALDEMARZAN Rio Tuerto", "provincia": "LEON", "municipio": "Villagatón", "morfologia": "Aluvionar", "tipo_au": "aluvial", "deposit_id": "", "district_id": "", "estado_presencia": "pendiente"}}, {"type": "Feature", "geometry": {"type": "Point", "coordinates": [-6.148294, 42.565748]}, "properties": {"record_id": "gpkg:44f874e0d3404a1c13ef2b13e6ecb8ea39b189992e387651298f79c6169e0960:3451", "codigo_indicio": "160020", "nombre_mina": "PEÑASTARON", "provincia": "LEON", "municipio": "Magaz de Cepeda", "morfologia": "Aluvionar", "tipo_au": "aluvial", "deposit_id": "", "district_id": "", "estado_presencia": "pendiente"}}, {"type": "Feature", "geometry": {"type": "Point", "coordinates": [-6.030694, 42.612825]}, "properties": {"record_id": "gpkg:44f874e0d3404a1c13ef2b13e6ecb8ea39b189992e387651298f79c6169e0960:3452", "codigo_indicio": "160021", "nombre_mina": "SUEROS DE CEPEDA", "provincia": "LEON", "municipio": "Villamejil", "morfologia": "Aluvionar", "tipo_au": "aluvial", "deposit_id": "", "district_id": "", "estado_presencia": "pendiente"}}, {"type": "Feature", "geometry": {"type": "Point", "coordinates": [-5.911608, 42.653102]}, "properties": {"record_id": "gpkg:44f874e0d3404a1c13ef2b13e6ecb8ea39b189992e387651298f79c6169e0960:3453", "codigo_indicio": "160022", "nombre_mina": "VALDELAGUA", "provincia": "LEON", "municipio": "Llamas de la Ribera", "morfologia": "Aluvionar", "tipo_au": "aluvial", "deposit_id": "", "district_id": "", "estado_presencia": "pendiente"}}, {"type": "Feature", "geometry": {"type": "Point", "coordinates": [-6.114454, 42.604791]}, "properties": {"record_id": "gpkg:44f874e0d3404a1c13ef2b13e6ecb8ea39b189992e387651298f79c6169e0960:3454", "codigo_indicio": "160023", "nombre_mina": "RIO PORCOS", "provincia": "LEON", "municipio": "Magaz de Cepeda", "morfologia": "Aluvionar", "tipo_au": "aluvial", "deposit_id": "", "district_id": "", "estado_presencia": "pendiente"}}, {"type": "Feature", "geometry": {"type": "Point", "coordinates": [-6.144534, 42.616081]}, "properties": {"record_id": "gpkg:44f874e0d3404a1c13ef2b13e6ecb8ea39b189992e387651298f79c6169e0960:3456", "codigo_indicio": "160025", "nombre_mina": "RIO PORCOS", "provincia": "LEON", "municipio": "Villagatón", "morfologia": "Aluvionar", "tipo_au": "aluvial", "deposit_id": "", "district_id": "", "estado_presencia": "pendiente"}}, {"type": "Feature", "geometry": {"type": "Point", "coordinates": [-5.858876, 42.644436]}, "properties": {"record_id": "gpkg:44f874e0d3404a1c13ef2b13e6ecb8ea39b189992e387651298f79c6169e0960:3457", "codigo_indicio": "160026", "nombre_mina": "A° DE VALGRAN", "provincia": "LEON", "municipio": "Llamas de la Ribera", "morfologia": "Aluvionar", "tipo_au": "aluvial", "deposit_id": "", "district_id": "", "estado_presencia": "pendiente"}}, {"type": "Feature", "geometry": {"type": "Point", "coordinates": [-6.119075, 42.572349]}, "properties": {"record_id": "gpkg:44f874e0d3404a1c13ef2b13e6ecb8ea39b189992e387651298f79c6169e0960:3458", "codigo_indicio": "160027", "nombre_mina": "Mina de Zacos y Benamarías.", "provincia": "LEON", "municipio": "Magaz de Cepeda", "morfologia": "Aluvionar", "tipo_au": "aluvial", "deposit_id": "", "district_id": "", "estado_presencia": "pendiente"}}, {"type": "Feature", "geometry": {"type": "Point", "coordinates": [-6.092259, 42.559514]}, "properties": {"record_id": "gpkg:44f874e0d3404a1c13ef2b13e6ecb8ea39b189992e387651298f79c6169e0960:3459", "codigo_indicio": "160028", "nombre_mina": "Minas de Zacos y Benamarías 2.", "provincia": "LEON", "municipio": "Magaz de Cepeda", "morfologia": "Aluvionar", "tipo_au": "aluvial", "deposit_id": "", "district_id": "", "estado_presencia": "pendiente"}}, {"type": "Feature", "geometry": {"type": "Point", "coordinates": [-6.101641, 42.514728]}, "properties": {"record_id": "gpkg:44f874e0d3404a1c13ef2b13e6ecb8ea39b189992e387651298f79c6169e0960:3460", "codigo_indicio": "160029", "nombre_mina": "Minas de Combarros", "provincia": "LEON", "municipio": "Brazuelo", "morfologia": "Aluvionar", "tipo_au": "aluvial", "deposit_id": "", "district_id": "", "estado_presencia": "pendiente"}}, {"type": "Feature", "geometry": {"type": "Point", "coordinates": [-6.064277, 42.5588]}, "properties": {"record_id": "gpkg:44f874e0d3404a1c13ef2b13e6ecb8ea39b189992e387651298f79c6169e0960:3461", "codigo_indicio": "160030", "nombre_mina": "Labores mineras de Vega de Magaz", "provincia": "LEON", "municipio": "Magaz de Cepeda", "morfologia": "Aluvionar", "tipo_au": "aluvial", "deposit_id": "", "district_id": "", "estado_presencia": "pendiente"}}, {"type": "Feature", "geometry": {"type": "Point", "coordinates": [-6.071343, 42.576991]}, "properties": {"record_id": "gpkg:44f874e0d3404a1c13ef2b13e6ecb8ea39b189992e387651298f79c6169e0960:3462", "codigo_indicio": "160031", "nombre_mina": "Minas de Zacos", "provincia": "LEON", "municipio": "Magaz de Cepeda", "morfologia": "Aluvionar", "tipo_au": "aluvial", "deposit_id": "", "district_id": "", "estado_presencia": "pendiente"}}, {"type": "Feature", "geometry": {"type": "Point", "coordinates": [-6.101013, 42.580897]}, "properties": {"record_id": "gpkg:44f874e0d3404a1c13ef2b13e6ecb8ea39b189992e387651298f79c6169e0960:3463", "codigo_indicio": "160032", "nombre_mina": "Minas de Zacos 2", "provincia": "LEON", "municipio": "Magaz de Cepeda", "morfologia": "Aluvionar", "tipo_au": "aluvial", "deposit_id": "", "district_id": "", "estado_presencia": "pendiente"}}, {"type": "Feature", "geometry": {"type": "Point", "coordinates": [-6.014835, 42.561124]}, "properties": {"record_id": "gpkg:44f874e0d3404a1c13ef2b13e6ecb8ea39b189992e387651298f79c6169e0960:3464", "codigo_indicio": "160033", "nombre_mina": "Labores mineras de Villamejil", "provincia": "LEON", "municipio": "Villamejil", "morfologia": "Aluvionar", "tipo_au": "aluvial", "deposit_id": "", "district_id": "", "estado_presencia": "pendiente"}}, {"type": "Feature", "geometry": {"type": "Point", "coordinates": [-6.018935, 42.551775]}, "properties": {"record_id": "gpkg:44f874e0d3404a1c13ef2b13e6ecb8ea39b189992e387651298f79c6169e0960:3465", "codigo_indicio": "160034", "nombre_mina": "Labores de Cogorderos", "provincia": "LEON", "municipio": "Villamejil", "morfologia": "Aluvionar", "tipo_au": "aluvial", "deposit_id": "", "district_id": "", "estado_presencia": "pendiente"}}, {"type": "Feature", "geometry": {"type": "Point", "coordinates": [-6.124104, 42.595437]}, "properties": {"record_id": "gpkg:44f874e0d3404a1c13ef2b13e6ecb8ea39b189992e387651298f79c6169e0960:3466", "codigo_indicio": "160035", "nombre_mina": "Minas de Porqueros.", "provincia": "LEON", "municipio": "Magaz de Cepeda", "morfologia": "Aluvionar", "tipo_au": "aluvial", "deposit_id": "", "district_id": "", "estado_presencia": "pendiente"}}, {"type": "Feature", "geometry": {"type": "Point", "coordinates": [-5.970389, 42.647503]}, "properties": {"record_id": "gpkg:44f874e0d3404a1c13ef2b13e6ecb8ea39b189992e387651298f79c6169e0960:3467", "codigo_indicio": "160036", "nombre_mina": "Labores y canteras de Morriondo.", "provincia": "LEON", "municipio": "Quintana del Castillo", "morfologia": "Aluvionar", "tipo_au": "aluvial", "deposit_id": "dep_ferreras_riofrio", "district_id": "dist_leon_omana_cepeda", "estado_presencia": "confirmada"}}, {"type": "Feature", "geometry": {"type": "Point", "coordinates": [-5.940222, 42.641528]}, "properties": {"record_id": "gpkg:44f874e0d3404a1c13ef2b13e6ecb8ea39b189992e387651298f79c6169e0960:3468", "codigo_indicio": "160037", "nombre_mina": "Labores romanas de Au de Ferreras", "provincia": "LEON", "municipio": "Quintana del Castillo", "morfologia": "Aluvionar", "tipo_au": "aluvial", "deposit_id": "dep_ferreras_riofrio", "district_id": "dist_leon_omana_cepeda", "estado_presencia": "confirmada"}}, {"type": "Feature", "geometry": {"type": "Point", "coordinates": [-5.958495, 42.641057]}, "properties": {"record_id": "gpkg:44f874e0d3404a1c13ef2b13e6ecb8ea39b189992e387651298f79c6169e0960:3469", "codigo_indicio": "160038", "nombre_mina": "Labores mineras de Ferreras.", "provincia": "LEON", "municipio": "Quintana del Castillo", "morfologia": "Aluvionar", "tipo_au": "aluvial", "deposit_id": "dep_ferreras_riofrio", "district_id": "dist_leon_omana_cepeda", "estado_presencia": "confirmada"}}, {"type": "Feature", "geometry": {"type": "Point", "coordinates": [-5.966616, 42.632293]}, "properties": {"record_id": "gpkg:44f874e0d3404a1c13ef2b13e6ecb8ea39b189992e387651298f79c6169e0960:3470", "codigo_indicio": "160039", "nombre_mina": "Labores de Au de Ferreras y Riofrio", "provincia": "LEON", "municipio": "Quintana del Castillo", "morfologia": "Aluvionar", "tipo_au": "aluvial", "deposit_id": "dep_ferreras_riofrio", "district_id": "dist_leon_omana_cepeda", "estado_presencia": "confirmada"}}, {"type": "Feature", "geometry": {"type": "Point", "coordinates": [-5.947624, 42.617475]}, "properties": {"record_id": "gpkg:44f874e0d3404a1c13ef2b13e6ecb8ea39b189992e387651298f79c6169e0960:3471", "codigo_indicio": "160040", "nombre_mina": "Labores de Au de Riofrio.", "provincia": "LEON", "municipio": "Quintana del Castillo", "morfologia": "Aluvionar", "tipo_au": "aluvial", "deposit_id": "dep_ferreras_riofrio", "district_id": "dist_leon_omana_cepeda", "estado_presencia": "confirmada"}}, {"type": "Feature", "geometry": {"type": "Point", "coordinates": [-5.939772, 42.619028]}, "properties": {"record_id": "gpkg:44f874e0d3404a1c13ef2b13e6ecb8ea39b189992e387651298f79c6169e0960:3472", "codigo_indicio": "160041", "nombre_mina": "Labores de Riofrio 2.", "provincia": "LEON", "municipio": "Quintana del Castillo", "morfologia": "Aluvionar", "tipo_au": "aluvial", "deposit_id": "dep_ferreras_riofrio", "district_id": "dist_leon_omana_cepeda", "estado_presencia": "confirmada"}}, {"type": "Feature", "geometry": {"type": "Point", "coordinates": [-5.927363, 42.614393]}, "properties": {"record_id": "gpkg:44f874e0d3404a1c13ef2b13e6ecb8ea39b189992e387651298f79c6169e0960:3473", "codigo_indicio": "160042", "nombre_mina": "Labores de Riofrio 3.", "provincia": "LEON", "municipio": "Quintana del Castillo", "morfologia": "Aluvionar", "tipo_au": "aluvial", "deposit_id": "dep_ferreras_riofrio", "district_id": "dist_leon_omana_cepeda", "estado_presencia": "confirmada"}}, {"type": "Feature", "geometry": {"type": "Point", "coordinates": [-5.943012, 42.584277]}, "properties": {"record_id": "gpkg:44f874e0d3404a1c13ef2b13e6ecb8ea39b189992e387651298f79c6169e0960:3474", "codigo_indicio": "160043", "nombre_mina": "Labores de Quintanilla del Monte.", "provincia": "LEON", "municipio": "Benavides", "morfologia": "Aluvionar", "tipo_au": "aluvial", "deposit_id": "", "district_id": "", "estado_presencia": "pendiente"}}, {"type": "Feature", "geometry": {"type": "Point", "coordinates": [-5.916697, 42.581798]}, "properties": {"record_id": "gpkg:44f874e0d3404a1c13ef2b13e6ecb8ea39b189992e387651298f79c6169e0960:3475", "codigo_indicio": "160044", "nombre_mina": "Labores de Quintanilla del Monte y cantera de arcilla", "provincia": "LEON", "municipio": "Benavides", "morfologia": "Aluvionar", "tipo_au": "aluvial", "deposit_id": "", "district_id": "", "estado_presencia": "pendiente"}}, {"type": "Feature", "geometry": {"type": "Point", "coordinates": [-6.015186, 42.566536]}, "properties": {"record_id": "gpkg:44f874e0d3404a1c13ef2b13e6ecb8ea39b189992e387651298f79c6169e0960:3476", "codigo_indicio": "160045", "nombre_mina": "Mina de Villamejil.", "provincia": "LEON", "municipio": "Villamejil", "morfologia": "Aluvionar", "tipo_au": "aluvial", "deposit_id": "", "district_id": "", "estado_presencia": "pendiente"}}, {"type": "Feature", "geometry": {"type": "Point", "coordinates": [-5.991432, 42.539349]}, "properties": {"record_id": "gpkg:44f874e0d3404a1c13ef2b13e6ecb8ea39b189992e387651298f79c6169e0960:3477", "codigo_indicio": "160046", "nombre_mina": "Minas de Cogorderos", "provincia": "LEON", "municipio": "Benavides", "morfologia": "Aluvionar", "tipo_au": "aluvial", "deposit_id": "", "district_id": "", "estado_presencia": "pendiente"}}, {"type": "Feature", "geometry": {"type": "Point", "coordinates": [-6.021796, 42.542845]}, "properties": {"record_id": "gpkg:44f874e0d3404a1c13ef2b13e6ecb8ea39b189992e387651298f79c6169e0960:3478", "codigo_indicio": "160047", "nombre_mina": "Labores de Cogorderos 2", "provincia": "LEON", "municipio": "Villamejil", "morfologia": "Aluvionar", "tipo_au": "aluvial", "deposit_id": "", "district_id": "", "estado_presencia": "pendiente"}}, {"type": "Feature", "geometry": {"type": "Point", "coordinates": [-5.980684, 42.569345]}, "properties": {"record_id": "gpkg:44f874e0d3404a1c13ef2b13e6ecb8ea39b189992e387651298f79c6169e0960:3479", "codigo_indicio": "160048", "nombre_mina": "Minas de Villamejil y Antoñán", "provincia": "LEON", "municipio": "Villamejil", "morfologia": "Aluvionar", "tipo_au": "aluvial", "deposit_id": "", "district_id": "", "estado_presencia": "pendiente"}}, {"type": "Feature", "geometry": {"type": "Point", "coordinates": [-5.975014, 42.539776]}, "properties": {"record_id": "gpkg:44f874e0d3404a1c13ef2b13e6ecb8ea39b189992e387651298f79c6169e0960:3480", "codigo_indicio": "160049", "nombre_mina": "Labores mineras de Antoñán del Valle", "provincia": "LEON", "municipio": "Benavides", "morfologia": "Aluvionar", "tipo_au": "aluvial", "deposit_id": "", "district_id": "", "estado_presencia": "pendiente"}}, {"type": "Feature", "geometry": {"type": "Point", "coordinates": [-5.956899, 42.542947]}, "properties": {"record_id": "gpkg:44f874e0d3404a1c13ef2b13e6ecb8ea39b189992e387651298f79c6169e0960:3481", "codigo_indicio": "160050", "nombre_mina": "Minas de Antoñán", "provincia": "LEON", "municipio": "Benavides", "morfologia": "Aluvionar", "tipo_au": "aluvial", "deposit_id": "", "district_id": "", "estado_presencia": "pendiente"}}, {"type": "Feature", "geometry": {"type": "Point", "coordinates": [-5.949749, 42.546283]}, "properties": {"record_id": "gpkg:44f874e0d3404a1c13ef2b13e6ecb8ea39b189992e387651298f79c6169e0960:3482", "codigo_indicio": "160051", "nombre_mina": "Labores mineras de Antoñán del Valle", "provincia": "LEON", "municipio": "Benavides", "morfologia": "Aluvionar", "tipo_au": "aluvial", "deposit_id": "", "district_id": "", "estado_presencia": "pendiente"}}, {"type": "Feature", "geometry": {"type": "Point", "coordinates": [-5.958742, 42.504629]}, "properties": {"record_id": "gpkg:44f874e0d3404a1c13ef2b13e6ecb8ea39b189992e387651298f79c6169e0960:3483", "codigo_indicio": "160052", "nombre_mina": "Mina de Ouintanilla del Valle", "provincia": "LEON", "municipio": "Benavides", "morfologia": "Aluvionar", "tipo_au": "aluvial", "deposit_id": "", "district_id": "", "estado_presencia": "pendiente"}}, {"type": "Feature", "geometry": {"type": "Point", "coordinates": [-5.928459, 42.637777]}, "properties": {"record_id": "gpkg:44f874e0d3404a1c13ef2b13e6ecb8ea39b189992e387651298f79c6169e0960:3484", "codigo_indicio": "160053", "nombre_mina": "Minas de Ferreras", "provincia": "LEON", "municipio": "Quintana del Castillo", "morfologia": "Aluvionar", "tipo_au": "aluvial", "deposit_id": "dep_ferreras_riofrio", "district_id": "dist_leon_omana_cepeda", "estado_presencia": "confirmada"}}, {"type": "Feature", "geometry": {"type": "Point", "coordinates": [-5.914178, 42.619232]}, "properties": {"record_id": "gpkg:44f874e0d3404a1c13ef2b13e6ecb8ea39b189992e387651298f79c6169e0960:3485", "codigo_indicio": "160054", "nombre_mina": "Minas de Ferreras y Riofrio", "provincia": "LEON", "municipio": "Quintana del Castillo", "morfologia": "Aluvionar", "tipo_au": "aluvial", "deposit_id": "dep_ferreras_riofrio", "district_id": "dist_leon_omana_cepeda", "estado_presencia": "confirmada"}}, {"type": "Feature", "geometry": {"type": "Point", "coordinates": [-6.150798, 42.611413]}, "properties": {"record_id": "gpkg:44f874e0d3404a1c13ef2b13e6ecb8ea39b189992e387651298f79c6169e0960:3486", "codigo_indicio": "160055", "nombre_mina": "Minas de Valbuena", "provincia": "LEON", "municipio": "Villagatón", "morfologia": "Aluvionar", "tipo_au": "aluvial", "deposit_id": "", "district_id": "", "estado_presencia": "pendiente"}}, {"type": "Feature", "geometry": {"type": "Point", "coordinates": [-6.02177, 42.632891]}, "properties": {"record_id": "gpkg:44f874e0d3404a1c13ef2b13e6ecb8ea39b189992e387651298f79c6169e0960:3487", "codigo_indicio": "160056", "nombre_mina": "Minas de Veguellina", "provincia": "LEON", "municipio": "Quintana del Castillo", "morfologia": "Aluvionar", "tipo_au": "aluvial", "deposit_id": "", "district_id": "", "estado_presencia": "pendiente"}}, {"type": "Feature", "geometry": {"type": "Point", "coordinates": [-5.80958, 42.652013]}, "properties": {"record_id": "gpkg:44f874e0d3404a1c13ef2b13e6ecb8ea39b189992e387651298f79c6169e0960:3489", "codigo_indicio": "161002", "nombre_mina": "VILLARREQUEL y SACAREJO", "provincia": "LEON", "municipio": "Cimanes del Tejar", "morfologia": "Aluvionar", "tipo_au": "aluvial", "deposit_id": "", "district_id": "", "estado_presencia": "pendiente"}}, {"type": "Feature", "geometry": {"type": "Point", "coordinates": [-5.585886, 42.641076]}, "properties": {"record_id": "gpkg:44f874e0d3404a1c13ef2b13e6ecb8ea39b189992e387651298f79c6169e0960:3490", "codigo_indicio": "161003", "nombre_mina": "Arroyo de la vertiente de la Huelga", "provincia": "LEON", "municipio": "Villaquilambre", "morfologia": "Aluvionar", "tipo_au": "aluvial", "deposit_id": "", "district_id": "", "estado_presencia": "pendiente"}}, {"type": "Feature", "geometry": {"type": "Point", "coordinates": [-5.599008, 42.663291]}, "properties": {"record_id": "gpkg:44f874e0d3404a1c13ef2b13e6ecb8ea39b189992e387651298f79c6169e0960:3491", "codigo_indicio": "161004", "nombre_mina": "Carbajal de la Legua", "provincia": "LEON", "municipio": "Sariegos", "morfologia": "Aluvionar", "tipo_au": "aluvial", "deposit_id": "", "district_id": "", "estado_presencia": "pendiente"}}, {"type": "Feature", "geometry": {"type": "Point", "coordinates": [0.728585, 42.512669]}, "properties": {"record_id": "gpkg:44f874e0d3404a1c13ef2b13e6ecb8ea39b189992e387651298f79c6169e0960:3504", "codigo_indicio": "180003", "nombre_mina": "Mina de Cu de la Artiga", "provincia": "HUESCA", "municipio": "Montanuy", "morfologia": "Filoniana", "tipo_au": "roca", "deposit_id": "", "district_id": "", "estado_presencia": "rechazada"}}, {"type": "Feature", "geometry": {"type": "Point", "coordinates": [-8.151381, 42.457611]}, "properties": {"record_id": "gpkg:44f874e0d3404a1c13ef2b13e6ecb8ea39b189992e387651298f79c6169e0960:3567", "codigo_indicio": "187003", "nombre_mina": "BRUES - BALBOA", "provincia": "ORENSE", "municipio": "Boborás", "morfologia": "Filoniana", "tipo_au": "roca", "deposit_id": "", "district_id": "", "estado_presencia": "pendiente"}}, {"type": "Feature", "geometry": {"type": "Point", "coordinates": [-8.183134, 42.447485]}, "properties": {"record_id": "gpkg:44f874e0d3404a1c13ef2b13e6ecb8ea39b189992e387651298f79c6169e0960:3568", "codigo_indicio": "187004", "nombre_mina": "PUENTE LODEIROS", "provincia": "ORENSE", "municipio": "Boborás", "morfologia": "Filoniana", "tipo_au": "roca", "deposit_id": "", "district_id": "", "estado_presencia": "pendiente"}}, {"type": "Feature", "geometry": {"type": "Point", "coordinates": [-8.170411, 42.444061]}, "properties": {"record_id": "gpkg:44f874e0d3404a1c13ef2b13e6ecb8ea39b189992e387651298f79c6169e0960:3569", "codigo_indicio": "187005", "nombre_mina": "COVA DO SIL", "provincia": "ORENSE", "municipio": "Boborás", "morfologia": "Filoniana", "tipo_au": "roca", "deposit_id": "", "district_id": "", "estado_presencia": "pendiente"}}, {"type": "Feature", "geometry": {"type": "Point", "coordinates": [-8.178476, 42.431691]}, "properties": {"record_id": "gpkg:44f874e0d3404a1c13ef2b13e6ecb8ea39b189992e387651298f79c6169e0960:3570", "codigo_indicio": "187006", "nombre_mina": "TINTEIRIÑA, CAMPO DEL BAO", "provincia": "ORENSE", "municipio": "Boborás", "morfologia": "Filoniana", "tipo_au": "roca", "deposit_id": "", "district_id": "", "estado_presencia": "pendiente"}}, {"type": "Feature", "geometry": {"type": "Point", "coordinates": [-8.179184, 42.424041]}, "properties": {"record_id": "gpkg:44f874e0d3404a1c13ef2b13e6ecb8ea39b189992e387651298f79c6169e0960:3571", "codigo_indicio": "187007", "nombre_mina": "POUSO Y CHOUSA", "provincia": "ORENSE", "municipio": "Boborás", "morfologia": "Filoniana", "tipo_au": "roca", "deposit_id": "", "district_id": "", "estado_presencia": "pendiente"}}, {"type": "Feature", "geometry": {"type": "Point", "coordinates": [-8.074296, 42.488986]}, "properties": {"record_id": "gpkg:44f874e0d3404a1c13ef2b13e6ecb8ea39b189992e387651298f79c6169e0960:3572", "codigo_indicio": "187008", "nombre_mina": "RIVAS - MINAS SORPRESA Y FRANCESA", "provincia": "ORENSE", "municipio": "Irixo, O", "morfologia": "Filoniana", "tipo_au": "roca", "deposit_id": "", "district_id": "", "estado_presencia": "pendiente"}}, {"type": "Feature", "geometry": {"type": "Point", "coordinates": [-8.059034, 42.492464]}, "properties": {"record_id": "gpkg:44f874e0d3404a1c13ef2b13e6ecb8ea39b189992e387651298f79c6169e0960:3573", "codigo_indicio": "187009", "nombre_mina": "CASIÑA DOS MOUROS", "provincia": "ORENSE", "municipio": "Carballiño, O", "morfologia": "Filoniana", "tipo_au": "roca", "deposit_id": "", "district_id": "", "estado_presencia": "pendiente"}}, {"type": "Feature", "geometry": {"type": "Point", "coordinates": [-8.043839, 42.491438]}, "properties": {"record_id": "gpkg:44f874e0d3404a1c13ef2b13e6ecb8ea39b189992e387651298f79c6169e0960:3574", "codigo_indicio": "187010", "nombre_mina": "COVAS DE LAROUCE", "provincia": "ORENSE", "municipio": "Carballiño, O", "morfologia": "Filoniana", "tipo_au": "roca", "deposit_id": "", "district_id": "", "estado_presencia": "pendiente"}}, {"type": "Feature", "geometry": {"type": "Point", "coordinates": [-8.077061, 42.466494]}, "properties": {"record_id": "gpkg:44f874e0d3404a1c13ef2b13e6ecb8ea39b189992e387651298f79c6169e0960:3575", "codigo_indicio": "187011", "nombre_mina": "COUSO (PACIÑOS-PITEIRA)", "provincia": "ORENSE", "municipio": "Carballiño, O", "morfologia": "Filoniana", "tipo_au": "roca", "deposit_id": "", "district_id": "", "estado_presencia": "pendiente"}}, {"type": "Feature", "geometry": {"type": "Point", "coordinates": [-8.089419, 42.453083]}, "properties": {"record_id": "gpkg:44f874e0d3404a1c13ef2b13e6ecb8ea39b189992e387651298f79c6169e0960:3576", "codigo_indicio": "187012", "nombre_mina": "GROTA DO PAZO DE MADARNAS", "provincia": "ORENSE", "municipio": "Carballiño, O", "morfologia": "Filoniana", "tipo_au": "roca", "deposit_id": "", "district_id": "", "estado_presencia": "pendiente"}}, {"type": "Feature", "geometry": {"type": "Point", "coordinates": [-8.102473, 42.390595]}, "properties": {"record_id": "gpkg:44f874e0d3404a1c13ef2b13e6ecb8ea39b189992e387651298f79c6169e0960:3579", "codigo_indicio": "187015", "nombre_mina": "CABANA Y PAZOS", "provincia": "ORENSE", "municipio": "San Amaro", "morfologia": "Filoniana", "tipo_au": "roca", "deposit_id": "", "district_id": "", "estado_presencia": "pendiente"}}, {"type": "Feature", "geometry": {"type": "Point", "coordinates": [-8.037835, 42.406732]}, "properties": {"record_id": "gpkg:44f874e0d3404a1c13ef2b13e6ecb8ea39b189992e387651298f79c6169e0960:3580", "codigo_indicio": "187016", "nombre_mina": "LAGO - MINA JULIANA", "provincia": "ORENSE", "municipio": "Maside", "morfologia": "Filoniana", "tipo_au": "roca", "deposit_id": "", "district_id": "", "estado_presencia": "pendiente"}}, {"type": "Feature", "geometry": {"type": "Point", "coordinates": [-8.05217, 42.342459]}, "properties": {"record_id": "gpkg:44f874e0d3404a1c13ef2b13e6ecb8ea39b189992e387651298f79c6169e0960:3581", "codigo_indicio": "187017", "nombre_mina": "CASTELO", "provincia": "ORENSE", "municipio": "San Amaro", "morfologia": "Filoniana", "tipo_au": "roca", "deposit_id": "", "district_id": "", "estado_presencia": "pendiente"}}, {"type": "Feature", "geometry": {"type": "Point", "coordinates": [-8.037059, 42.33828]}, "properties": {"record_id": "gpkg:44f874e0d3404a1c13ef2b13e6ecb8ea39b189992e387651298f79c6169e0960:3582", "codigo_indicio": "187018", "nombre_mina": "SAN TROCAU", "provincia": "ORENSE", "municipio": "Cenlle", "morfologia": "Filoniana", "tipo_au": "roca", "deposit_id": "", "district_id": "", "estado_presencia": "pendiente"}}, {"type": "Feature", "geometry": {"type": "Point", "coordinates": [-7.85402, 42.357311]}, "properties": {"record_id": "gpkg:44f874e0d3404a1c13ef2b13e6ecb8ea39b189992e387651298f79c6169e0960:3583", "codigo_indicio": "187019", "nombre_mina": "OIRA", "provincia": "ORENSE", "municipio": "Ourense", "morfologia": "Aluvionar", "tipo_au": "aluvial", "deposit_id": "", "district_id": "", "estado_presencia": "pendiente"}}, {"type": "Feature", "geometry": {"type": "Point", "coordinates": [-7.499525, 42.456336]}, "properties": {"record_id": "gpkg:44f874e0d3404a1c13ef2b13e6ecb8ea39b189992e387651298f79c6169e0960:3587", "codigo_indicio": "189002", "nombre_mina": "MINAS DE FREIJO", "provincia": "LUGO", "municipio": "Monforte de Lemos", "morfologia": "Estratiforme/Estratoide", "tipo_au": "desconocido", "deposit_id": "", "district_id": "", "estado_presencia": "pendiente"}}, {"type": "Feature", "geometry": {"type": "Point", "coordinates": [-7.203424, 42.391289]}, "properties": {"record_id": "gpkg:44f874e0d3404a1c13ef2b13e6ecb8ea39b189992e387651298f79c6169e0960:3593", "codigo_indicio": "189008", "nombre_mina": "MONTEFURADO", "provincia": "LUGO", "municipio": "Quiroga", "morfologia": "Estratiforme/Estratoide", "tipo_au": "aluvial", "deposit_id": "dep_montefurado_quiroga", "district_id": "dist_galicia_sil_quiroga", "estado_presencia": "confirmada"}}, {"type": "Feature", "geometry": {"type": "Point", "coordinates": [-7.277278, 42.46717]}, "properties": {"record_id": "gpkg:44f874e0d3404a1c13ef2b13e6ecb8ea39b189992e387651298f79c6169e0960:3594", "codigo_indicio": "189009", "nombre_mina": "SAN CLODIO - RIBAS DE SIL", "provincia": "LUGO", "municipio": "Ribas de Sil", "morfologia": "Aluvionar", "tipo_au": "aluvial", "deposit_id": "dep_montefurado_quiroga", "district_id": "dist_galicia_sil_quiroga", "estado_presencia": "confirmada"}}, {"type": "Feature", "geometry": {"type": "Point", "coordinates": [-7.191281, 42.391098]}, "properties": {"record_id": "gpkg:44f874e0d3404a1c13ef2b13e6ecb8ea39b189992e387651298f79c6169e0960:3595", "codigo_indicio": "189010", "nombre_mina": "SIL - MONTEFURADO", "provincia": "LUGO", "municipio": "Quiroga", "morfologia": "Aluvionar", "tipo_au": "aluvial", "deposit_id": "dep_montefurado_quiroga", "district_id": "dist_galicia_sil_quiroga", "estado_presencia": "confirmada"}}, {"type": "Feature", "geometry": {"type": "Point", "coordinates": [-7.156738, 42.467095]}, "properties": {"record_id": "gpkg:44f874e0d3404a1c13ef2b13e6ecb8ea39b189992e387651298f79c6169e0960:3600", "codigo_indicio": "190005", "nombre_mina": "BOCABOA", "provincia": "LUGO", "municipio": "Quiroga", "morfologia": "Filoniana", "tipo_au": "roca", "deposit_id": "", "district_id": "", "estado_presencia": "pendiente"}}, {"type": "Feature", "geometry": {"type": "Point", "coordinates": [-7.159815, 42.482454]}, "properties": {"record_id": "gpkg:44f874e0d3404a1c13ef2b13e6ecb8ea39b189992e387651298f79c6169e0960:3601", "codigo_indicio": "190006", "nombre_mina": "RIO SOLDON", "provincia": "LUGO", "municipio": "Quiroga", "morfologia": "Aluvionar", "tipo_au": "aluvial", "deposit_id": "", "district_id": "", "estado_presencia": "pendiente"}}, {"type": "Feature", "geometry": {"type": "Point", "coordinates": [-7.055133, 42.460462]}, "properties": {"record_id": "gpkg:44f874e0d3404a1c13ef2b13e6ecb8ea39b189992e387651298f79c6169e0960:3603", "codigo_indicio": "190008", "nombre_mina": "PENDON", "provincia": "ORENSE", "municipio": "Avión", "morfologia": "Aluvionar", "tipo_au": "aluvial", "deposit_id": "", "district_id": "", "estado_presencia": "pendiente"}}, {"type": "Feature", "geometry": {"type": "Point", "coordinates": [-7.112978, 42.368852]}, "properties": {"record_id": "gpkg:44f874e0d3404a1c13ef2b13e6ecb8ea39b189992e387651298f79c6169e0960:3604", "codigo_indicio": "190009", "nombre_mina": "RIO SIL", "provincia": "ORENSE", "municipio": "Petín", "morfologia": "Aluvionar", "tipo_au": "aluvial", "deposit_id": "", "district_id": "", "estado_presencia": "pendiente"}}, {"type": "Feature", "geometry": {"type": "Point", "coordinates": [-7.005749, 42.34173]}, "properties": {"record_id": "gpkg:44f874e0d3404a1c13ef2b13e6ecb8ea39b189992e387651298f79c6169e0960:3606", "codigo_indicio": "190011", "nombre_mina": "RIOMAO", "provincia": "ORENSE", "municipio": "Arnoia", "morfologia": "Desconocida", "tipo_au": "aluvial", "deposit_id": "", "district_id": "", "estado_presencia": "pendiente"}}, {"type": "Feature", "geometry": {"type": "Point", "coordinates": [-6.947302, 42.418056]}, "properties": {"record_id": "gpkg:44f874e0d3404a1c13ef2b13e6ecb8ea39b189992e387651298f79c6169e0960:3609", "codigo_indicio": "190014", "nombre_mina": "RIO SIL", "provincia": "ORENSE", "municipio": "Barco de Valdeorras, O", "morfologia": "Aluvionar", "tipo_au": "aluvial", "deposit_id": "", "district_id": "", "estado_presencia": "pendiente"}}, {"type": "Feature", "geometry": {"type": "Point", "coordinates": [-7.091987, 42.440369]}, "properties": {"record_id": "gpkg:44f874e0d3404a1c13ef2b13e6ecb8ea39b189992e387651298f79c6169e0960:3611", "codigo_indicio": "190016", "nombre_mina": "BOBEDA-PIEDRAS BLANCAS", "provincia": "ORENSE", "municipio": "Avión", "morfologia": "Aluvionar", "tipo_au": "aluvial", "deposit_id": "", "district_id": "", "estado_presencia": "pendiente"}}, {"type": "Feature", "geometry": {"type": "Point", "coordinates": [-6.907195, 42.469112]}, "properties": {"record_id": "gpkg:44f874e0d3404a1c13ef2b13e6ecb8ea39b189992e387651298f79c6169e0960:3613", "codigo_indicio": "190018", "nombre_mina": "MONTE ROBLEDO", "provincia": "ORENSE", "municipio": "Boborás", "morfologia": "Aluvionar", "tipo_au": "aluvial", "deposit_id": "", "district_id": "", "estado_presencia": "pendiente"}}, {"type": "Feature", "geometry": {"type": "Point", "coordinates": [-7.008919, 42.441207]}, "properties": {"record_id": "gpkg:44f874e0d3404a1c13ef2b13e6ecb8ea39b189992e387651298f79c6169e0960:3615", "codigo_indicio": "190020", "nombre_mina": "LA BANDEIRA", "provincia": "ORENSE", "municipio": "Barco de Valdeorras, O", "morfologia": "Aluvionar", "tipo_au": "aluvial", "deposit_id": "", "district_id": "", "estado_presencia": "pendiente"}}, {"type": "Feature", "geometry": {"type": "Point", "coordinates": [-7.03378, 42.423805]}, "properties": {"record_id": "gpkg:44f874e0d3404a1c13ef2b13e6ecb8ea39b189992e387651298f79c6169e0960:3617", "codigo_indicio": "190022", "nombre_mina": "CORGOMO-O'LAVADOIRO EL MEDAL", "provincia": "ORENSE", "municipio": "Avión", "morfologia": "Aluvionar", "tipo_au": "aluvial", "deposit_id": "", "district_id": "", "estado_presencia": "pendiente"}}, {"type": "Feature", "geometry": {"type": "Point", "coordinates": [-7.080865, 42.458194]}, "properties": {"record_id": "gpkg:44f874e0d3404a1c13ef2b13e6ecb8ea39b189992e387651298f79c6169e0960:3618", "codigo_indicio": "190023", "nombre_mina": "ROBLEDO", "provincia": "ORENSE", "municipio": "Avión", "morfologia": "Aluvionar", "tipo_au": "aluvial", "deposit_id": "", "district_id": "", "estado_presencia": "pendiente"}}, {"type": "Feature", "geometry": {"type": "Point", "coordinates": [-7.162445, 42.388387]}, "properties": {"record_id": "gpkg:44f874e0d3404a1c13ef2b13e6ecb8ea39b189992e387651298f79c6169e0960:3620", "codigo_indicio": "190025", "nombre_mina": "LOS FRAGUIZOS", "provincia": "ORENSE", "municipio": "Larouco", "morfologia": "Aluvionar", "tipo_au": "aluvial", "deposit_id": "", "district_id": "", "estado_presencia": "pendiente"}}, {"type": "Feature", "geometry": {"type": "Point", "coordinates": [-7.18393, 42.393233]}, "properties": {"record_id": "gpkg:44f874e0d3404a1c13ef2b13e6ecb8ea39b189992e387651298f79c6169e0960:3623", "codigo_indicio": "190028", "nombre_mina": "RIO SIL", "provincia": "LUGO", "municipio": "Quiroga", "morfologia": "Aluvionar", "tipo_au": "aluvial", "deposit_id": "", "district_id": "", "estado_presencia": "pendiente"}}, {"type": "Feature", "geometry": {"type": "Point", "coordinates": [-7.126426, 42.406716]}, "properties": {"record_id": "gpkg:44f874e0d3404a1c13ef2b13e6ecb8ea39b189992e387651298f79c6169e0960:3629", "codigo_indicio": "190034", "nombre_mina": "ARROYO DE FORNO", "provincia": "ORENSE", "municipio": "Rúa, A", "morfologia": "Aluvionar", "tipo_au": "aluvial", "deposit_id": "", "district_id": "", "estado_presencia": "pendiente"}}, {"type": "Feature", "geometry": {"type": "Point", "coordinates": [-6.999521, 42.411775]}, "properties": {"record_id": "gpkg:44f874e0d3404a1c13ef2b13e6ecb8ea39b189992e387651298f79c6169e0960:3630", "codigo_indicio": "190035", "nombre_mina": "RIO SIL", "provincia": "ORENSE", "municipio": "Barco de Valdeorras, O", "morfologia": "Aluvionar", "tipo_au": "aluvial", "deposit_id": "", "district_id": "", "estado_presencia": "pendiente"}}, {"type": "Feature", "geometry": {"type": "Point", "coordinates": [-6.885748, 42.408832]}, "properties": {"record_id": "gpkg:44f874e0d3404a1c13ef2b13e6ecb8ea39b189992e387651298f79c6169e0960:3635", "codigo_indicio": "190040", "nombre_mina": "RIO SIL", "provincia": "ORENSE", "municipio": "Carballeda", "morfologia": "Aluvionar", "tipo_au": "aluvial", "deposit_id": "", "district_id": "", "estado_presencia": "pendiente"}}, {"type": "Feature", "geometry": {"type": "Point", "coordinates": [-6.760086, 42.456875]}, "properties": {"record_id": "gpkg:44f874e0d3404a1c13ef2b13e6ecb8ea39b189992e387651298f79c6169e0960:3641", "codigo_indicio": "191006", "nombre_mina": "LAS MEDULAS DE CARUCEDO", "provincia": "LEON", "municipio": "Carucedo", "morfologia": "Aluvionar", "tipo_au": "aluvial", "deposit_id": "dep_las_medulas_carucedo", "district_id": "dist_leon_bierzo", "estado_presencia": "confirmada"}}, {"type": "Feature", "geometry": {"type": "Point", "coordinates": [-6.5465, 42.3674]}, "properties": {"record_id": "gpkg:44f874e0d3404a1c13ef2b13e6ecb8ea39b189992e387651298f79c6169e0960:3642", "codigo_indicio": "191007", "nombre_mina": "FUENTE GALLEGOS", "provincia": "LEON", "municipio": "Castrillo de Cabrera", "morfologia": "Aluvionar", "tipo_au": "aluvial", "deposit_id": "", "district_id": "", "estado_presencia": "pendiente"}}, {"type": "Feature", "geometry": {"type": "Point", "coordinates": [-6.833326, 42.413706]}, "properties": {"record_id": "gpkg:44f874e0d3404a1c13ef2b13e6ecb8ea39b189992e387651298f79c6169e0960:3643", "codigo_indicio": "191008", "nombre_mina": "RIO SIL", "provincia": "ORENSE", "municipio": "Boborás", "morfologia": "Aluvionar", "tipo_au": "aluvial", "deposit_id": "", "district_id": "", "estado_presencia": "pendiente"}}, {"type": "Feature", "geometry": {"type": "Point", "coordinates": [-6.64076, 42.412155]}, "properties": {"record_id": "gpkg:44f874e0d3404a1c13ef2b13e6ecb8ea39b189992e387651298f79c6169e0960:3644", "codigo_indicio": "191009", "nombre_mina": "MIEDALO-RIO CABRERA VALCOMASA,VALDEPARADELA", "provincia": "LEON", "municipio": "Benuza", "morfologia": "Aluvionar", "tipo_au": "aluvial", "deposit_id": "", "district_id": "", "estado_presencia": "pendiente"}}, {"type": "Feature", "geometry": {"type": "Point", "coordinates": [-6.779424, 42.418978]}, "properties": {"record_id": "gpkg:44f874e0d3404a1c13ef2b13e6ecb8ea39b189992e387651298f79c6169e0960:3646", "codigo_indicio": "191011", "nombre_mina": "RIO CABRERA", "provincia": "LEON", "municipio": "Puente de Domingo Flórez", "morfologia": "Aluvionar", "tipo_au": "aluvial", "deposit_id": "dep_rio_cabrera_terrazas", "district_id": "dist_leon_cabrera", "estado_presencia": "confirmada"}}, {"type": "Feature", "geometry": {"type": "Point", "coordinates": [-6.816506, 42.443105]}, "properties": {"record_id": "gpkg:44f874e0d3404a1c13ef2b13e6ecb8ea39b189992e387651298f79c6169e0960:3650", "codigo_indicio": "191015", "nombre_mina": "EL BURACO-BARREIRIN", "provincia": "LEON", "municipio": "Puente de Domingo Flórez", "morfologia": "Aluvionar", "tipo_au": "aluvial", "deposit_id": "dep_rio_cabrera_terrazas", "district_id": "dist_leon_cabrera", "estado_presencia": "pendiente"}}, {"type": "Feature", "geometry": {"type": "Point", "coordinates": [-6.763563, 42.478736]}, "properties": {"record_id": "gpkg:44f874e0d3404a1c13ef2b13e6ecb8ea39b189992e387651298f79c6169e0960:3652", "codigo_indicio": "191017", "nombre_mina": "CARUCEDO", "provincia": "LEON", "municipio": "Carucedo", "morfologia": "Aluvionar", "tipo_au": "aluvial", "deposit_id": "dep_las_medulas_carucedo", "district_id": "dist_leon_bierzo", "estado_presencia": "confirmada"}}, {"type": "Feature", "geometry": {"type": "Point", "coordinates": [-6.818273, 42.469254]}, "properties": {"record_id": "gpkg:44f874e0d3404a1c13ef2b13e6ecb8ea39b189992e387651298f79c6169e0960:3653", "codigo_indicio": "191018", "nombre_mina": "A°BALEN-RIO SIL", "provincia": "LEON", "municipio": "Carucedo", "morfologia": "Aluvionar", "tipo_au": "aluvial", "deposit_id": "dep_las_medulas_carucedo", "district_id": "dist_leon_bierzo", "estado_presencia": "pendiente"}}, {"type": "Feature", "geometry": {"type": "Point", "coordinates": [-6.793358, 42.416726]}, "properties": {"record_id": "gpkg:44f874e0d3404a1c13ef2b13e6ecb8ea39b189992e387651298f79c6169e0960:3654", "codigo_indicio": "191019", "nombre_mina": "LOS CABORCOS RIO CABRERA", "provincia": "LEON", "municipio": "Puente de Domingo Flórez", "morfologia": "Aluvionar", "tipo_au": "aluvial", "deposit_id": "dep_rio_cabrera_terrazas", "district_id": "dist_leon_cabrera", "estado_presencia": "confirmada"}}, {"type": "Feature", "geometry": {"type": "Point", "coordinates": [-6.770759, 42.423403]}, "properties": {"record_id": "gpkg:44f874e0d3404a1c13ef2b13e6ecb8ea39b189992e387651298f79c6169e0960:3655", "codigo_indicio": "191020", "nombre_mina": "RIO CABRERA EL BOQUEIRON", "provincia": "LEON", "municipio": "Puente de Domingo Flórez", "morfologia": "Aluvionar", "tipo_au": "aluvial", "deposit_id": "dep_rio_cabrera_terrazas", "district_id": "dist_leon_cabrera", "estado_presencia": "confirmada"}}, {"type": "Feature", "geometry": {"type": "Point", "coordinates": [-6.652229, 42.463001]}, "properties": {"record_id": "gpkg:44f874e0d3404a1c13ef2b13e6ecb8ea39b189992e387651298f79c6169e0960:3656", "codigo_indicio": "191021", "nombre_mina": "FERRADILLO", "provincia": "LEON", "municipio": "Priaranza del Bierzo", "morfologia": "Aluvionar", "tipo_au": "aluvial", "deposit_id": "", "district_id": "", "estado_presencia": "pendiente"}}, {"type": "Feature", "geometry": {"type": "Point", "coordinates": [-6.824887, 42.446867]}, "properties": {"record_id": "gpkg:44f874e0d3404a1c13ef2b13e6ecb8ea39b189992e387651298f79c6169e0960:3661", "codigo_indicio": "191026", "nombre_mina": "MALGOTOS", "provincia": "ORENSE", "municipio": "Boborás", "morfologia": "Aluvionar", "tipo_au": "aluvial", "deposit_id": "", "district_id": "", "estado_presencia": "pendiente"}}, {"type": "Feature", "geometry": {"type": "Point", "coordinates": [-6.82079, 42.442286]}, "properties": {"record_id": "gpkg:44f874e0d3404a1c13ef2b13e6ecb8ea39b189992e387651298f79c6169e0960:3662", "codigo_indicio": "191027", "nombre_mina": "RIO SIL", "provincia": "ORENSE", "municipio": "Boborás", "morfologia": "Aluvionar", "tipo_au": "aluvial", "deposit_id": "", "district_id": "", "estado_presencia": "pendiente"}}, {"type": "Feature", "geometry": {"type": "Point", "coordinates": [-6.681697, 42.349952]}, "properties": {"record_id": "gpkg:44f874e0d3404a1c13ef2b13e6ecb8ea39b189992e387651298f79c6169e0960:3664", "codigo_indicio": "191029", "nombre_mina": "ARROYO GAROMETEIRO RIO SILVAN", "provincia": "LEON", "municipio": "Benuza", "morfologia": "Aluvionar", "tipo_au": "aluvial", "deposit_id": "", "district_id": "", "estado_presencia": "pendiente"}}, {"type": "Feature", "geometry": {"type": "Point", "coordinates": [-6.714816, 42.347285]}, "properties": {"record_id": "gpkg:44f874e0d3404a1c13ef2b13e6ecb8ea39b189992e387651298f79c6169e0960:3665", "codigo_indicio": "191030", "nombre_mina": "RIO BENUZA", "provincia": "LEON", "municipio": "Benuza", "morfologia": "Aluvionar", "tipo_au": "aluvial", "deposit_id": "", "district_id": "", "estado_presencia": "pendiente"}}, {"type": "Feature", "geometry": {"type": "Point", "coordinates": [-6.64754, 42.370599]}, "properties": {"record_id": "gpkg:44f874e0d3404a1c13ef2b13e6ecb8ea39b189992e387651298f79c6169e0960:3666", "codigo_indicio": "191031", "nombre_mina": "VALDELAMINA", "provincia": "LEON", "municipio": "Benuza", "morfologia": "Aluvionar", "tipo_au": "aluvial", "deposit_id": "", "district_id": "", "estado_presencia": "pendiente"}}, {"type": "Feature", "geometry": {"type": "Point", "coordinates": [-6.658667, 42.420808]}, "properties": {"record_id": "gpkg:44f874e0d3404a1c13ef2b13e6ecb8ea39b189992e387651298f79c6169e0960:3667", "codigo_indicio": "191032", "nombre_mina": "RIO CABRERA,Valdesadella,Casales,Vallada,Santalavilla", "provincia": "LEON", "municipio": "Benuza", "morfologia": "Aluvionar", "tipo_au": "aluvial", "deposit_id": "", "district_id": "", "estado_presencia": "pendiente"}}, {"type": "Feature", "geometry": {"type": "Point", "coordinates": [-6.692698, 42.417535]}, "properties": {"record_id": "gpkg:44f874e0d3404a1c13ef2b13e6ecb8ea39b189992e387651298f79c6169e0960:3668", "codigo_indicio": "191033", "nombre_mina": "RIO CABRERA Souto Castillo", "provincia": "LEON", "municipio": "Benuza", "morfologia": "Aluvionar", "tipo_au": "aluvial", "deposit_id": "", "district_id": "", "estado_presencia": "pendiente"}}, {"type": "Feature", "geometry": {"type": "Point", "coordinates": [-6.69373, 42.425841]}, "properties": {"record_id": "gpkg:44f874e0d3404a1c13ef2b13e6ecb8ea39b189992e387651298f79c6169e0960:3670", "codigo_indicio": "191035", "nombre_mina": "POMBRIEGO Las Suertes", "provincia": "LEON", "municipio": "Benuza", "morfologia": "Aluvionar", "tipo_au": "aluvial", "deposit_id": "", "district_id": "", "estado_presencia": "pendiente"}}, {"type": "Feature", "geometry": {"type": "Point", "coordinates": [-6.688751, 42.445553]}, "properties": {"record_id": "gpkg:44f874e0d3404a1c13ef2b13e6ecb8ea39b189992e387651298f79c6169e0960:3672", "codigo_indicio": "191037", "nombre_mina": "LAS FUENTES-A°ROZANA", "provincia": "LEON", "municipio": "Benuza", "morfologia": "Aluvionar", "tipo_au": "aluvial", "deposit_id": "", "district_id": "", "estado_presencia": "pendiente"}}, {"type": "Feature", "geometry": {"type": "Point", "coordinates": [-6.695606, 42.417774]}, "properties": {"record_id": "gpkg:44f874e0d3404a1c13ef2b13e6ecb8ea39b189992e387651298f79c6169e0960:3673", "codigo_indicio": "191038", "nombre_mina": "RIO CABRERA,Barreiro A Olla,Valdesadela,Valdecucrillo", "provincia": "LEON", "municipio": "Benuza", "morfologia": "Aluvionar", "tipo_au": "aluvial", "deposit_id": "", "district_id": "", "estado_presencia": "pendiente"}}, {"type": "Feature", "geometry": {"type": "Point", "coordinates": [-6.720403, 42.427726]}, "properties": {"record_id": "gpkg:44f874e0d3404a1c13ef2b13e6ecb8ea39b189992e387651298f79c6169e0960:3674", "codigo_indicio": "191039", "nombre_mina": "LAS ROZANAS", "provincia": "LEON", "municipio": "Benuza", "morfologia": "Aluvionar", "tipo_au": "aluvial", "deposit_id": "", "district_id": "", "estado_presencia": "pendiente"}}, {"type": "Feature", "geometry": {"type": "Point", "coordinates": [-6.713101, 42.352967]}, "properties": {"record_id": "gpkg:44f874e0d3404a1c13ef2b13e6ecb8ea39b189992e387651298f79c6169e0960:3678", "codigo_indicio": "191043", "nombre_mina": "Labores de Cantogudina", "provincia": "LEON", "municipio": "Benuza", "morfologia": "Aluvionar", "tipo_au": "aluvial", "deposit_id": "", "district_id": "", "estado_presencia": "pendiente"}}, {"type": "Feature", "geometry": {"type": "Point", "coordinates": [-6.399092, 42.340466]}, "properties": {"record_id": "gpkg:44f874e0d3404a1c13ef2b13e6ecb8ea39b189992e387651298f79c6169e0960:3679", "codigo_indicio": "192001", "nombre_mina": "TELENO.VERTIENTE S", "provincia": "LEON", "municipio": "Truchas", "morfologia": "Aluvionar", "tipo_au": "aluvial", "deposit_id": "dep_teleno", "district_id": "dist_leon_maragateria", "estado_presencia": "confirmada"}}, {"type": "Feature", "geometry": {"type": "Point", "coordinates": [-6.194676, 42.441363]}, "properties": {"record_id": "gpkg:44f874e0d3404a1c13ef2b13e6ecb8ea39b189992e387651298f79c6169e0960:3680", "codigo_indicio": "192002", "nombre_mina": "MINA DE PEDREDO", "provincia": "LEON", "municipio": "Santa Colomba de Somoza", "morfologia": "Aluvionar", "tipo_au": "aluvial", "deposit_id": "dep_maragateria_pedredo", "district_id": "dist_leon_maragateria", "estado_presencia": "confirmada"}}, {"type": "Feature", "geometry": {"type": "Point", "coordinates": [-6.391975, 42.345257]}, "properties": {"record_id": "gpkg:44f874e0d3404a1c13ef2b13e6ecb8ea39b189992e387651298f79c6169e0960:3681", "codigo_indicio": "192003", "nombre_mina": "TELENO", "provincia": "LEON", "municipio": "Lucillo de Somoza", "morfologia": "Irregular", "tipo_au": "aluvial", "deposit_id": "dep_teleno", "district_id": "dist_leon_maragateria", "estado_presencia": "confirmada"}}, {"type": "Feature", "geometry": {"type": "Point", "coordinates": [-6.486012, 42.376806]}, "properties": {"record_id": "gpkg:44f874e0d3404a1c13ef2b13e6ecb8ea39b189992e387651298f79c6169e0960:3683", "codigo_indicio": "192005", "nombre_mina": "PORTILLINOS", "provincia": "LEON", "municipio": "Truchas", "morfologia": "Filoniana", "tipo_au": "roca", "deposit_id": "", "district_id": "", "estado_presencia": "pendiente"}}, {"type": "Feature", "geometry": {"type": "Point", "coordinates": [-6.398404, 42.468775]}, "properties": {"record_id": "gpkg:44f874e0d3404a1c13ef2b13e6ecb8ea39b189992e387651298f79c6169e0960:3685", "codigo_indicio": "192007", "nombre_mina": "PEÑAS BLANCAS", "provincia": "LEON", "municipio": "Santa Colomba de Somoza", "morfologia": "Filoniana", "tipo_au": "roca", "deposit_id": "", "district_id": "", "estado_presencia": "pendiente"}}, {"type": "Feature", "geometry": {"type": "Point", "coordinates": [-6.416429, 42.471164]}, "properties": {"record_id": "gpkg:44f874e0d3404a1c13ef2b13e6ecb8ea39b189992e387651298f79c6169e0960:3686", "codigo_indicio": "192008", "nombre_mina": "LOS CABUERCOS", "provincia": "LEON", "municipio": "Ponferrada", "morfologia": "Filoniana", "tipo_au": "roca", "deposit_id": "", "district_id": "", "estado_presencia": "pendiente"}}, {"type": "Feature", "geometry": {"type": "Point", "coordinates": [-6.426875, 42.492291]}, "properties": {"record_id": "gpkg:44f874e0d3404a1c13ef2b13e6ecb8ea39b189992e387651298f79c6169e0960:3688", "codigo_indicio": "192010", "nombre_mina": "CEREZALES", "provincia": "LEON", "municipio": "Molinaseca", "morfologia": "Aluvionar", "tipo_au": "aluvial", "deposit_id": "", "district_id": "", "estado_presencia": "pendiente"}}, {"type": "Feature", "geometry": {"type": "Point", "coordinates": [-6.485109, 42.490523]}, "properties": {"record_id": "gpkg:44f874e0d3404a1c13ef2b13e6ecb8ea39b189992e387651298f79c6169e0960:3690", "codigo_indicio": "192012", "nombre_mina": "LAS MEDULAS,LA CHANA EL MIEDALO", "provincia": "LEON", "municipio": "Ponferrada", "morfologia": "Aluvionar", "tipo_au": "aluvial", "deposit_id": "", "district_id": "", "estado_presencia": "pendiente"}}, {"type": "Feature", "geometry": {"type": "Point", "coordinates": [-6.286129, 42.452032]}, "properties": {"record_id": "gpkg:44f874e0d3404a1c13ef2b13e6ecb8ea39b189992e387651298f79c6169e0960:3691", "codigo_indicio": "192013", "nombre_mina": "LOS CHANOS", "provincia": "LEON", "municipio": "Santa Colomba de Somoza", "morfologia": "Filoniana", "tipo_au": "roca", "deposit_id": "", "district_id": "", "estado_presencia": "pendiente"}}, {"type": "Feature", "geometry": {"type": "Point", "coordinates": [-6.301228, 42.465716]}, "properties": {"record_id": "gpkg:44f874e0d3404a1c13ef2b13e6ecb8ea39b189992e387651298f79c6169e0960:3692", "codigo_indicio": "192014", "nombre_mina": "LAS CABAÑAS EL PONTON", "provincia": "LEON", "municipio": "Santa Colomba de Somoza", "morfologia": "Filoniana", "tipo_au": "roca", "deposit_id": "dep_cabuercas_somoza", "district_id": "dist_leon_maragateria", "estado_presencia": "confirmada"}}, {"type": "Feature", "geometry": {"type": "Point", "coordinates": [-6.305168, 42.46743]}, "properties": {"record_id": "gpkg:44f874e0d3404a1c13ef2b13e6ecb8ea39b189992e387651298f79c6169e0960:3693", "codigo_indicio": "192015", "nombre_mina": "CABUERCA LA CARRIZA", "provincia": "LEON", "municipio": "Santa Colomba de Somoza", "morfologia": "Filoniana", "tipo_au": "roca", "deposit_id": "dep_cabuercas_somoza", "district_id": "dist_leon_maragateria", "estado_presencia": "confirmada"}}, {"type": "Feature", "geometry": {"type": "Point", "coordinates": [-6.334179, 42.465948]}, "properties": {"record_id": "gpkg:44f874e0d3404a1c13ef2b13e6ecb8ea39b189992e387651298f79c6169e0960:3694", "codigo_indicio": "192016", "nombre_mina": "CABUERCAS EL CORRAL Y LA FERRERA", "provincia": "LEON", "municipio": "Santa Colomba de Somoza", "morfologia": "Filoniana", "tipo_au": "roca", "deposit_id": "dep_cabuercas_somoza", "district_id": "dist_leon_maragateria", "estado_presencia": "confirmada"}}, {"type": "Feature", "geometry": {"type": "Point", "coordinates": [-6.351798, 42.463475]}, "properties": {"record_id": "gpkg:44f874e0d3404a1c13ef2b13e6ecb8ea39b189992e387651298f79c6169e0960:3695", "codigo_indicio": "192017", "nombre_mina": "CABUERCA SANTA", "provincia": "LEON", "municipio": "Santa Colomba de Somoza", "morfologia": "Filoniana", "tipo_au": "roca", "deposit_id": "dep_cabuercas_somoza", "district_id": "dist_leon_maragateria", "estado_presencia": "confirmada"}}, {"type": "Feature", "geometry": {"type": "Point", "coordinates": [-6.342799, 42.466328]}, "properties": {"record_id": "gpkg:44f874e0d3404a1c13ef2b13e6ecb8ea39b189992e387651298f79c6169e0960:3696", "codigo_indicio": "192018", "nombre_mina": "CABUERCA EL BUSTILLO", "provincia": "LEON", "municipio": "Santa Colomba de Somoza", "morfologia": "Filoniana", "tipo_au": "roca", "deposit_id": "dep_cabuercas_somoza", "district_id": "dist_leon_maragateria", "estado_presencia": "confirmada"}}, {"type": "Feature", "geometry": {"type": "Point", "coordinates": [-6.306647, 42.475479]}, "properties": {"record_id": "gpkg:44f874e0d3404a1c13ef2b13e6ecb8ea39b189992e387651298f79c6169e0960:3697", "codigo_indicio": "192019", "nombre_mina": "PEÑA TRAPA", "provincia": "LEON", "municipio": "Santa Colomba de Somoza", "morfologia": "Desconocida", "tipo_au": "desconocido", "deposit_id": "", "district_id": "", "estado_presencia": "pendiente"}}, {"type": "Feature", "geometry": {"type": "Point", "coordinates": [-6.224185, 42.340234]}, "properties": {"record_id": "gpkg:44f874e0d3404a1c13ef2b13e6ecb8ea39b189992e387651298f79c6169e0960:3700", "codigo_indicio": "192022", "nombre_mina": "LAS MORACERAS. RIO DUERNA", "provincia": "LEON", "municipio": "Luyego", "morfologia": "Aluvionar", "tipo_au": "aluvial", "deposit_id": "dep_maragateria_pedredo", "district_id": "dist_leon_maragateria", "estado_presencia": "confirmada"}}, {"type": "Feature", "geometry": {"type": "Point", "coordinates": [-6.24947, 42.364437]}, "properties": {"record_id": "gpkg:44f874e0d3404a1c13ef2b13e6ecb8ea39b189992e387651298f79c6169e0960:3701", "codigo_indicio": "192023", "nombre_mina": "FUCO CHICO-PIOZADERA RIO DUERNA", "provincia": "LEON", "municipio": "Luyego", "morfologia": "Aluvionar", "tipo_au": "aluvial", "deposit_id": "dep_maragateria_pedredo", "district_id": "dist_leon_maragateria", "estado_presencia": "confirmada"}}, {"type": "Feature", "geometry": {"type": "Point", "coordinates": [-6.281003, 42.463707]}, "properties": {"record_id": "gpkg:44f874e0d3404a1c13ef2b13e6ecb8ea39b189992e387651298f79c6169e0960:3702", "codigo_indicio": "192024", "nombre_mina": "SANTA MARINA", "provincia": "LEON", "municipio": "Santa Colomba de Somoza", "morfologia": "Irregular", "tipo_au": "desconocido", "deposit_id": "", "district_id": "", "estado_presencia": "pendiente"}}, {"type": "Feature", "geometry": {"type": "Point", "coordinates": [-6.347505, 42.386561]}, "properties": {"record_id": "gpkg:44f874e0d3404a1c13ef2b13e6ecb8ea39b189992e387651298f79c6169e0960:3703", "codigo_indicio": "192025", "nombre_mina": "RIO DUERNA LA CHANA - FILIEL", "provincia": "LEON", "municipio": "Lucillo de Somoza", "morfologia": "Aluvionar", "tipo_au": "aluvial", "deposit_id": "", "district_id": "", "estado_presencia": "pendiente"}}, {"type": "Feature", "geometry": {"type": "Point", "coordinates": [-6.322296, 42.379491]}, "properties": {"record_id": "gpkg:44f874e0d3404a1c13ef2b13e6ecb8ea39b189992e387651298f79c6169e0960:3704", "codigo_indicio": "192026", "nombre_mina": "FILIEL", "provincia": "LEON", "municipio": "Lucillo de Somoza", "morfologia": "Aluvionar", "tipo_au": "aluvial", "deposit_id": "", "district_id": "", "estado_presencia": "pendiente"}}, {"type": "Feature", "geometry": {"type": "Point", "coordinates": [-6.388211, 42.351115]}, "properties": {"record_id": "gpkg:44f874e0d3404a1c13ef2b13e6ecb8ea39b189992e387651298f79c6169e0960:3705", "codigo_indicio": "192027", "nombre_mina": "TELENO", "provincia": "LEON", "municipio": "Lucillo de Somoza", "morfologia": "Aluvionar", "tipo_au": "aluvial", "deposit_id": "dep_teleno", "district_id": "dist_leon_maragateria", "estado_presencia": "confirmada"}}, {"type": "Feature", "geometry": {"type": "Point", "coordinates": [-6.333163, 42.343723]}, "properties": {"record_id": "gpkg:44f874e0d3404a1c13ef2b13e6ecb8ea39b189992e387651298f79c6169e0960:3706", "codigo_indicio": "192028", "nombre_mina": "TESO REDONDO La Presa", "provincia": "LEON", "municipio": "Lucillo de Somoza", "morfologia": "Aluvionar", "tipo_au": "aluvial", "deposit_id": "", "district_id": "", "estado_presencia": "pendiente"}}, {"type": "Feature", "geometry": {"type": "Point", "coordinates": [-6.252609, 42.478878]}, "properties": {"record_id": "gpkg:44f874e0d3404a1c13ef2b13e6ecb8ea39b189992e387651298f79c6169e0960:3707", "codigo_indicio": "192029", "nombre_mina": "LAS FUCARONAS", "provincia": "LEON", "municipio": "Brazuelo", "morfologia": "Aluvionar", "tipo_au": "aluvial", "deposit_id": "", "district_id": "", "estado_presencia": "pendiente"}}, {"type": "Feature", "geometry": {"type": "Point", "coordinates": [-6.228851, 42.46867]}, "properties": {"record_id": "gpkg:44f874e0d3404a1c13ef2b13e6ecb8ea39b189992e387651298f79c6169e0960:3708", "codigo_indicio": "192030", "nombre_mina": "EL GANSO", "provincia": "LEON", "municipio": "Brazuelo", "morfologia": "Aluvionar", "tipo_au": "aluvial", "deposit_id": "", "district_id": "", "estado_presencia": "pendiente"}}, {"type": "Feature", "geometry": {"type": "Point", "coordinates": [-6.245863, 42.452421]}, "properties": {"record_id": "gpkg:44f874e0d3404a1c13ef2b13e6ecb8ea39b189992e387651298f79c6169e0960:3709", "codigo_indicio": "192031", "nombre_mina": "SANTA COLOMBA,RABANAL Y SANTA MARINA.LAGUNA CERNEA", "provincia": "LEON", "municipio": "Santa Colomba de Somoza", "morfologia": "Aluvionar", "tipo_au": "aluvial", "deposit_id": "", "district_id": "", "estado_presencia": "pendiente"}}, {"type": "Feature", "geometry": {"type": "Point", "coordinates": [-6.23726, 42.418535]}, "properties": {"record_id": "gpkg:44f874e0d3404a1c13ef2b13e6ecb8ea39b189992e387651298f79c6169e0960:3710", "codigo_indicio": "192032", "nombre_mina": "TESO REDONDO", "provincia": "LEON", "municipio": "Santa Colomba de Somoza", "morfologia": "Aluvionar", "tipo_au": "aluvial", "deposit_id": "", "district_id": "", "estado_presencia": "pendiente"}}, {"type": "Feature", "geometry": {"type": "Point", "coordinates": [-6.207655, 42.442041]}, "properties": {"record_id": "gpkg:44f874e0d3404a1c13ef2b13e6ecb8ea39b189992e387651298f79c6169e0960:3711", "codigo_indicio": "192033", "nombre_mina": "LAS MEDULAS-PEDREDO", "provincia": "LEON", "municipio": "Santa Colomba de Somoza", "morfologia": "Aluvionar", "tipo_au": "aluvial", "deposit_id": "dep_maragateria_pedredo", "district_id": "dist_leon_maragateria", "estado_presencia": "confirmada"}}, {"type": "Feature", "geometry": {"type": "Point", "coordinates": [-6.300091, 42.472353]}, "properties": {"record_id": "gpkg:44f874e0d3404a1c13ef2b13e6ecb8ea39b189992e387651298f79c6169e0960:3713", "codigo_indicio": "192035", "nombre_mina": "CUCHILLINES", "provincia": "LEON", "municipio": "Santa Colomba de Somoza", "morfologia": "Filoniana", "tipo_au": "roca", "deposit_id": "", "district_id": "", "estado_presencia": "pendiente"}}, {"type": "Feature", "geometry": {"type": "Point", "coordinates": [-6.294411, 42.471499]}, "properties": {"record_id": "gpkg:44f874e0d3404a1c13ef2b13e6ecb8ea39b189992e387651298f79c6169e0960:3714", "codigo_indicio": "192036", "nombre_mina": "VALDERIEGO", "provincia": "LEON", "municipio": "Santa Colomba de Somoza", "morfologia": "Aluvionar", "tipo_au": "aluvial", "deposit_id": "", "district_id": "", "estado_presencia": "pendiente"}}, {"type": "Feature", "geometry": {"type": "Point", "coordinates": [-6.313817, 42.469974]}, "properties": {"record_id": "gpkg:44f874e0d3404a1c13ef2b13e6ecb8ea39b189992e387651298f79c6169e0960:3715", "codigo_indicio": "192037", "nombre_mina": "CABUERCA EL AGUA CUEVAS DEL ABEDUL", "provincia": "LEON", "municipio": "Santa Colomba de Somoza", "morfologia": "Filoniana", "tipo_au": "roca", "deposit_id": "", "district_id": "", "estado_presencia": "pendiente"}}, {"type": "Feature", "geometry": {"type": "Point", "coordinates": [-6.319667, 42.472543]}, "properties": {"record_id": "gpkg:44f874e0d3404a1c13ef2b13e6ecb8ea39b189992e387651298f79c6169e0960:3716", "codigo_indicio": "192038", "nombre_mina": "CABUERCA LA CUCA CORTA DEL ROMANO", "provincia": "LEON", "municipio": "Santa Colomba de Somoza", "morfologia": "Filoniana", "tipo_au": "roca", "deposit_id": "", "district_id": "", "estado_presencia": "pendiente"}}, {"type": "Feature", "geometry": {"type": "Point", "coordinates": [-6.323577, 42.466421]}, "properties": {"record_id": "gpkg:44f874e0d3404a1c13ef2b13e6ecb8ea39b189992e387651298f79c6169e0960:3717", "codigo_indicio": "192039", "nombre_mina": "CABUERCA DE VIDOLEA", "provincia": "LEON", "municipio": "Santa Colomba de Somoza", "morfologia": "Filoniana", "tipo_au": "roca", "deposit_id": "", "district_id": "", "estado_presencia": "pendiente"}}, {"type": "Feature", "geometry": {"type": "Point", "coordinates": [-6.309176, 42.487425]}, "properties": {"record_id": "gpkg:44f874e0d3404a1c13ef2b13e6ecb8ea39b189992e387651298f79c6169e0960:3718", "codigo_indicio": "192040", "nombre_mina": "RABANAL DEL CAMINO", "provincia": "LEON", "municipio": "Santa Colomba de Somoza", "morfologia": "Irregular", "tipo_au": "desconocido", "deposit_id": "", "district_id": "", "estado_presencia": "pendiente"}}, {"type": "Feature", "geometry": {"type": "Point", "coordinates": [-6.366432, 42.448053]}, "properties": {"record_id": "gpkg:44f874e0d3404a1c13ef2b13e6ecb8ea39b189992e387651298f79c6169e0960:3719", "codigo_indicio": "192041", "nombre_mina": "LAS GRAÑAS", "provincia": "LEON", "municipio": "Santa Colomba de Somoza", "morfologia": "Irregular", "tipo_au": "desconocido", "deposit_id": "", "district_id": "", "estado_presencia": "pendiente"}}, {"type": "Feature", "geometry": {"type": "Point", "coordinates": [-6.376874, 42.454236]}, "properties": {"record_id": "gpkg:44f874e0d3404a1c13ef2b13e6ecb8ea39b189992e387651298f79c6169e0960:3720", "codigo_indicio": "192042", "nombre_mina": "LOS CASCALLALES", "provincia": "LEON", "municipio": "Santa Colomba de Somoza", "morfologia": "Filoniana", "tipo_au": "roca", "deposit_id": "", "district_id": "", "estado_presencia": "pendiente"}}, {"type": "Feature", "geometry": {"type": "Point", "coordinates": [-6.366589, 42.470389]}, "properties": {"record_id": "gpkg:44f874e0d3404a1c13ef2b13e6ecb8ea39b189992e387651298f79c6169e0960:3721", "codigo_indicio": "192043", "nombre_mina": "CABUERCAS DE VALDEFRANCOS Y LA CHARCA.", "provincia": "LEON", "municipio": "Santa Colomba de Somoza", "morfologia": "Filoniana", "tipo_au": "roca", "deposit_id": "", "district_id": "", "estado_presencia": "pendiente"}}, {"type": "Feature", "geometry": {"type": "Point", "coordinates": [-6.371061, 42.465269]}, "properties": {"record_id": "gpkg:44f874e0d3404a1c13ef2b13e6ecb8ea39b189992e387651298f79c6169e0960:3722", "codigo_indicio": "192044", "nombre_mina": "LA CABUERCONA", "provincia": "LEON", "municipio": "Santa Colomba de Somoza", "morfologia": "Filoniana", "tipo_au": "roca", "deposit_id": "", "district_id": "", "estado_presencia": "pendiente"}}, {"type": "Feature", "geometry": {"type": "Point", "coordinates": [-6.350473, 42.49199]}, "properties": {"record_id": "gpkg:44f874e0d3404a1c13ef2b13e6ecb8ea39b189992e387651298f79c6169e0960:3723", "codigo_indicio": "192045", "nombre_mina": "FONCEBADON", "provincia": "LEON", "municipio": "Santa Colomba de Somoza", "morfologia": "Irregular", "tipo_au": "desconocido", "deposit_id": "", "district_id": "", "estado_presencia": "pendiente"}}, {"type": "Feature", "geometry": {"type": "Point", "coordinates": [-6.229831, 42.482292]}, "properties": {"record_id": "gpkg:44f874e0d3404a1c13ef2b13e6ecb8ea39b189992e387651298f79c6169e0960:3724", "codigo_indicio": "192046", "nombre_mina": "ARROYO DE LA VEIGA", "provincia": "LEON", "municipio": "Brazuelo", "morfologia": "Aluvionar", "tipo_au": "aluvial", "deposit_id": "", "district_id": "", "estado_presencia": "pendiente"}}, {"type": "Feature", "geometry": {"type": "Point", "coordinates": [-6.205038, 42.487182]}, "properties": {"record_id": "gpkg:44f874e0d3404a1c13ef2b13e6ecb8ea39b189992e387651298f79c6169e0960:3725", "codigo_indicio": "192047", "nombre_mina": "ARROYO DE JERGA LAGUAN DE VALSECO", "provincia": "LEON", "municipio": "Brazuelo", "morfologia": "Aluvionar", "tipo_au": "aluvial", "deposit_id": "", "district_id": "", "estado_presencia": "pendiente"}}, {"type": "Feature", "geometry": {"type": "Point", "coordinates": [-6.410172, 42.410508]}, "properties": {"record_id": "gpkg:44f874e0d3404a1c13ef2b13e6ecb8ea39b189992e387651298f79c6169e0960:3726", "codigo_indicio": "192048", "nombre_mina": "LAS FRAGUAS", "provincia": "LEON", "municipio": "Lucillo de Somoza", "morfologia": "Aluvionar", "tipo_au": "aluvial", "deposit_id": "", "district_id": "", "estado_presencia": "pendiente"}}, {"type": "Feature", "geometry": {"type": "Point", "coordinates": [-6.191546, 42.495047]}, "properties": {"record_id": "gpkg:44f874e0d3404a1c13ef2b13e6ecb8ea39b189992e387651298f79c6169e0960:3727", "codigo_indicio": "192049", "nombre_mina": "CARRILUEGO", "provincia": "LEON", "municipio": "Brazuelo", "morfologia": "Aluvionar", "tipo_au": "aluvial", "deposit_id": "", "district_id": "", "estado_presencia": "pendiente"}}, {"type": "Feature", "geometry": {"type": "Point", "coordinates": [-6.395757, 42.37416]}, "properties": {"record_id": "gpkg:44f874e0d3404a1c13ef2b13e6ecb8ea39b189992e387651298f79c6169e0960:3728", "codigo_indicio": "192050", "nombre_mina": "EL CABRITO AoPeña Bellosta", "provincia": "LEON", "municipio": "Lucillo de Somoza", "morfologia": "Aluvionar", "tipo_au": "aluvial", "deposit_id": "", "district_id": "", "estado_presencia": "pendiente"}}, {"type": "Feature", "geometry": {"type": "Point", "coordinates": [-6.395431, 42.387931]}, "properties": {"record_id": "gpkg:44f874e0d3404a1c13ef2b13e6ecb8ea39b189992e387651298f79c6169e0960:3730", "codigo_indicio": "192052", "nombre_mina": "MINAS DEL CODESAL", "provincia": "LEON", "municipio": "Lucillo de Somoza", "morfologia": "Irregular", "tipo_au": "desconocido", "deposit_id": "", "district_id": "", "estado_presencia": "pendiente"}}, {"type": "Feature", "geometry": {"type": "Point", "coordinates": [-6.394433, 42.397363]}, "properties": {"record_id": "gpkg:44f874e0d3404a1c13ef2b13e6ecb8ea39b189992e387651298f79c6169e0960:3731", "codigo_indicio": "192053", "nombre_mina": "SAN ROMAN", "provincia": "LEON", "municipio": "Lucillo de Somoza", "morfologia": "Lentejonar", "tipo_au": "desconocido", "deposit_id": "", "district_id": "", "estado_presencia": "pendiente"}}, {"type": "Feature", "geometry": {"type": "Point", "coordinates": [-6.304905, 42.436716]}, "properties": {"record_id": "gpkg:44f874e0d3404a1c13ef2b13e6ecb8ea39b189992e387651298f79c6169e0960:3732", "codigo_indicio": "192054", "nombre_mina": "VILLAR DE CIERVOS", "provincia": "LEON", "municipio": "Santa Colomba de Somoza", "morfologia": "Irregular", "tipo_au": "desconocido", "deposit_id": "", "district_id": "", "estado_presencia": "pendiente"}}, {"type": "Feature", "geometry": {"type": "Point", "coordinates": [-6.235365, 42.370401]}, "properties": {"record_id": "gpkg:44f874e0d3404a1c13ef2b13e6ecb8ea39b189992e387651298f79c6169e0960:3733", "codigo_indicio": "192055", "nombre_mina": "LUYEGO", "provincia": "LEON", "municipio": "Luyego", "morfologia": "Filoniana", "tipo_au": "roca", "deposit_id": "", "district_id": "", "estado_presencia": "pendiente"}}, {"type": "Feature", "geometry": {"type": "Point", "coordinates": [-6.26936, 42.398593]}, "properties": {"record_id": "gpkg:44f874e0d3404a1c13ef2b13e6ecb8ea39b189992e387651298f79c6169e0960:3736", "codigo_indicio": "192058", "nombre_mina": "LOS CABUERCOS", "provincia": "LEON", "municipio": "Luyego", "morfologia": "Filoniana", "tipo_au": "roca", "deposit_id": "", "district_id": "", "estado_presencia": "pendiente"}}, {"type": "Feature", "geometry": {"type": "Point", "coordinates": [-6.273397, 42.358706]}, "properties": {"record_id": "gpkg:44f874e0d3404a1c13ef2b13e6ecb8ea39b189992e387651298f79c6169e0960:3738", "codigo_indicio": "192060", "nombre_mina": "RIO DUERNA", "provincia": "LEON", "municipio": "Luyego", "morfologia": "Aluvionar", "tipo_au": "aluvial", "deposit_id": "", "district_id": "", "estado_presencia": "pendiente"}}, {"type": "Feature", "geometry": {"type": "Point", "coordinates": [-6.308168, 42.371865]}, "properties": {"record_id": "gpkg:44f874e0d3404a1c13ef2b13e6ecb8ea39b189992e387651298f79c6169e0960:3739", "codigo_indicio": "192061", "nombre_mina": "RIO DUERNA", "provincia": "LEON", "municipio": "Lucillo de Somoza", "morfologia": "Aluvionar", "tipo_au": "aluvial", "deposit_id": "", "district_id": "", "estado_presencia": "pendiente"}}, {"type": "Feature", "geometry": {"type": "Point", "coordinates": [-6.200586, 42.341371]}, "properties": {"record_id": "gpkg:44f874e0d3404a1c13ef2b13e6ecb8ea39b189992e387651298f79c6169e0960:3740", "codigo_indicio": "192062", "nombre_mina": "RIO DUERNA", "provincia": "LEON", "municipio": "Luyego", "morfologia": "Aluvionar", "tipo_au": "aluvial", "deposit_id": "", "district_id": "", "estado_presencia": "pendiente"}}, {"type": "Feature", "geometry": {"type": "Point", "coordinates": [-6.253705, 42.345268]}, "properties": {"record_id": "gpkg:44f874e0d3404a1c13ef2b13e6ecb8ea39b189992e387651298f79c6169e0960:3741", "codigo_indicio": "192063", "nombre_mina": "RIO DUERNA La Barrera. Los Castellones", "provincia": "LEON", "municipio": "Luyego", "morfologia": "Aluvionar", "tipo_au": "aluvial", "deposit_id": "", "district_id": "", "estado_presencia": "pendiente"}}, {"type": "Feature", "geometry": {"type": "Point", "coordinates": [-6.199026, 42.357362]}, "properties": {"record_id": "gpkg:44f874e0d3404a1c13ef2b13e6ecb8ea39b189992e387651298f79c6169e0960:3742", "codigo_indicio": "192064", "nombre_mina": "LOS CABUERCOS CHANIZAS - LA CORONA", "provincia": "LEON", "municipio": "Luyego", "morfologia": "Aluvionar", "tipo_au": "aluvial", "deposit_id": "", "district_id": "", "estado_presencia": "pendiente"}}, {"type": "Feature", "geometry": {"type": "Point", "coordinates": [-6.172407, 42.447209]}, "properties": {"record_id": "gpkg:44f874e0d3404a1c13ef2b13e6ecb8ea39b189992e387651298f79c6169e0960:3743", "codigo_indicio": "193001", "nombre_mina": "SAN MARTIN DE AGOSTE DO", "provincia": "LEON", "municipio": "Santa Colomba de Somoza", "morfologia": "Filoniana", "tipo_au": "roca", "deposit_id": "", "district_id": "", "estado_presencia": "pendiente"}}, {"type": "Feature", "geometry": {"type": "Point", "coordinates": [-6.161424, 42.445407]}, "properties": {"record_id": "gpkg:44f874e0d3404a1c13ef2b13e6ecb8ea39b189992e387651298f79c6169e0960:3744", "codigo_indicio": "193002", "nombre_mina": "ARCA DE LA CRUZ EL SALDONAL", "provincia": "LEON", "municipio": "Santa Colomba de Somoza", "morfologia": "Filoniana", "tipo_au": "roca", "deposit_id": "", "district_id": "", "estado_presencia": "pendiente"}}, {"type": "Feature", "geometry": {"type": "Point", "coordinates": [-6.146659, 42.446571]}, "properties": {"record_id": "gpkg:44f874e0d3404a1c13ef2b13e6ecb8ea39b189992e387651298f79c6169e0960:3745", "codigo_indicio": "193003", "nombre_mina": "LAGO DE ARRIBA EL SARDONAL", "provincia": "LEON", "municipio": "Val de San Lorenzo", "morfologia": "Filoniana", "tipo_au": "roca", "deposit_id": "", "district_id": "", "estado_presencia": "pendiente"}}, {"type": "Feature", "geometry": {"type": "Point", "coordinates": [-6.137251, 42.45291]}, "properties": {"record_id": "gpkg:44f874e0d3404a1c13ef2b13e6ecb8ea39b189992e387651298f79c6169e0960:3746", "codigo_indicio": "193004", "nombre_mina": "ALTO LAMBIDERO", "provincia": "LEON", "municipio": "Astorga", "morfologia": "Aluvionar", "tipo_au": "aluvial", "deposit_id": "", "district_id": "", "estado_presencia": "pendiente"}}, {"type": "Feature", "geometry": {"type": "Point", "coordinates": [-6.124797, 42.398207]}, "properties": {"record_id": "gpkg:44f874e0d3404a1c13ef2b13e6ecb8ea39b189992e387651298f79c6169e0960:3749", "codigo_indicio": "193007", "nombre_mina": "A°JOJILLAS", "provincia": "LEON", "municipio": "Val de San Lorenzo", "morfologia": "Aluvionar", "tipo_au": "aluvial", "deposit_id": "", "district_id": "", "estado_presencia": "pendiente"}}, {"type": "Feature", "geometry": {"type": "Point", "coordinates": [-6.141588, 42.400338]}, "properties": {"record_id": "gpkg:44f874e0d3404a1c13ef2b13e6ecb8ea39b189992e387651298f79c6169e0960:3750", "codigo_indicio": "193008", "nombre_mina": "MINAS DE VALDESPINO", "provincia": "LEON", "municipio": "Santiagomillas", "morfologia": "Aluvionar", "tipo_au": "aluvial", "deposit_id": "", "district_id": "", "estado_presencia": "pendiente"}}, {"type": "Feature", "geometry": {"type": "Point", "coordinates": [-6.123298, 42.407084]}, "properties": {"record_id": "gpkg:44f874e0d3404a1c13ef2b13e6ecb8ea39b189992e387651298f79c6169e0960:3751", "codigo_indicio": "193009", "nombre_mina": "ALTO DEL CABEZO", "provincia": "LEON", "municipio": "Val de San Lorenzo", "morfologia": "Aluvionar", "tipo_au": "aluvial", "deposit_id": "", "district_id": "", "estado_presencia": "pendiente"}}, {"type": "Feature", "geometry": {"type": "Point", "coordinates": [-6.172132, 42.401997]}, "properties": {"record_id": "gpkg:44f874e0d3404a1c13ef2b13e6ecb8ea39b189992e387651298f79c6169e0960:3753", "codigo_indicio": "193011", "nombre_mina": "MINA DE VALDESPINO A° de Campazos", "provincia": "LEON", "municipio": "Santiagomillas", "morfologia": "Aluvionar", "tipo_au": "aluvial", "deposit_id": "", "district_id": "", "estado_presencia": "pendiente"}}, {"type": "Feature", "geometry": {"type": "Point", "coordinates": [-6.120982, 42.444397]}, "properties": {"record_id": "gpkg:44f874e0d3404a1c13ef2b13e6ecb8ea39b189992e387651298f79c6169e0960:3755", "codigo_indicio": "193013", "nombre_mina": "MINA DEL MURCIELAGO LA FONTANILLA", "provincia": "LEON", "municipio": "Val de San Lorenzo", "morfologia": "Filoniana", "tipo_au": "roca", "deposit_id": "", "district_id": "", "estado_presencia": "pendiente"}}, {"type": "Feature", "geometry": {"type": "Point", "coordinates": [-6.115976, 42.4422]}, "properties": {"record_id": "gpkg:44f874e0d3404a1c13ef2b13e6ecb8ea39b189992e387651298f79c6169e0960:3756", "codigo_indicio": "193014", "nombre_mina": "LAGO DE ABAJO", "provincia": "LEON", "municipio": "Val de San Lorenzo", "morfologia": "Filoniana", "tipo_au": "roca", "deposit_id": "", "district_id": "", "estado_presencia": "pendiente"}}, {"type": "Feature", "geometry": {"type": "Point", "coordinates": [-6.105775, 42.441943]}, "properties": {"record_id": "gpkg:44f874e0d3404a1c13ef2b13e6ecb8ea39b189992e387651298f79c6169e0960:3757", "codigo_indicio": "193015", "nombre_mina": "PLATADILLA", "provincia": "LEON", "municipio": "Val de San Lorenzo", "morfologia": "Filoniana", "tipo_au": "roca", "deposit_id": "", "district_id": "", "estado_presencia": "pendiente"}}, {"type": "Feature", "geometry": {"type": "Point", "coordinates": [-6.132833, 42.491071]}, "properties": {"record_id": "gpkg:44f874e0d3404a1c13ef2b13e6ecb8ea39b189992e387651298f79c6169e0960:3763", "codigo_indicio": "193021", "nombre_mina": "PRADORREY", "provincia": "LEON", "municipio": "Brazuelo", "morfologia": "Aluvionar", "tipo_au": "aluvial", "deposit_id": "", "district_id": "", "estado_presencia": "pendiente"}}, {"type": "Feature", "geometry": {"type": "Point", "coordinates": [-6.122648, 42.461099]}, "properties": {"record_id": "gpkg:44f874e0d3404a1c13ef2b13e6ecb8ea39b189992e387651298f79c6169e0960:3764", "codigo_indicio": "193022", "nombre_mina": "CASTRILLO DE LOS POLVAZARES", "provincia": "LEON", "municipio": "Astorga", "morfologia": "Aluvionar", "tipo_au": "aluvial", "deposit_id": "", "district_id": "", "estado_presencia": "pendiente"}}, {"type": "Feature", "geometry": {"type": "Point", "coordinates": [-6.168407, 42.444229]}, "properties": {"record_id": "gpkg:44f874e0d3404a1c13ef2b13e6ecb8ea39b189992e387651298f79c6169e0960:3765", "codigo_indicio": "193023", "nombre_mina": "PRADO ANCHO", "provincia": "LEON", "municipio": "Santa Colomba de Somoza", "morfologia": "Aluvionar", "tipo_au": "aluvial", "deposit_id": "", "district_id": "", "estado_presencia": "pendiente"}}, {"type": "Feature", "geometry": {"type": "Point", "coordinates": [-6.178122, 42.430961]}, "properties": {"record_id": "gpkg:44f874e0d3404a1c13ef2b13e6ecb8ea39b189992e387651298f79c6169e0960:3766", "codigo_indicio": "193024", "nombre_mina": "RIO TURIENZO", "provincia": "LEON", "municipio": "Santa Colomba de Somoza", "morfologia": "Aluvionar", "tipo_au": "aluvial", "deposit_id": "", "district_id": "", "estado_presencia": "pendiente"}}, {"type": "Feature", "geometry": {"type": "Point", "coordinates": [-6.170452, 42.433924]}, "properties": {"record_id": "gpkg:44f874e0d3404a1c13ef2b13e6ecb8ea39b189992e387651298f79c6169e0960:3767", "codigo_indicio": "193025", "nombre_mina": "RIO TURIENZO", "provincia": "LEON", "municipio": "Santa Colomba de Somoza", "morfologia": "Aluvionar", "tipo_au": "aluvial", "deposit_id": "", "district_id": "", "estado_presencia": "pendiente"}}, {"type": "Feature", "geometry": {"type": "Point", "coordinates": [-6.16596, 42.431111]}, "properties": {"record_id": "gpkg:44f874e0d3404a1c13ef2b13e6ecb8ea39b189992e387651298f79c6169e0960:3768", "codigo_indicio": "193026", "nombre_mina": "RIO TURIENZO", "provincia": "LEON", "municipio": "Santa Colomba de Somoza", "morfologia": "Aluvionar", "tipo_au": "aluvial", "deposit_id": "", "district_id": "", "estado_presencia": "pendiente"}}, {"type": "Feature", "geometry": {"type": "Point", "coordinates": [-6.152139, 42.427616]}, "properties": {"record_id": "gpkg:44f874e0d3404a1c13ef2b13e6ecb8ea39b189992e387651298f79c6169e0960:3769", "codigo_indicio": "193027", "nombre_mina": "RIO TURIENZO SOBRADO", "provincia": "LEON", "municipio": "Val de San Lorenzo", "morfologia": "Aluvionar", "tipo_au": "aluvial", "deposit_id": "", "district_id": "", "estado_presencia": "pendiente"}}, {"type": "Feature", "geometry": {"type": "Point", "coordinates": [-6.152098, 42.428516]}, "properties": {"record_id": "gpkg:44f874e0d3404a1c13ef2b13e6ecb8ea39b189992e387651298f79c6169e0960:3770", "codigo_indicio": "193028", "nombre_mina": "RIO TURIENZO", "provincia": "LEON", "municipio": "Val de San Lorenzo", "morfologia": "Aluvionar", "tipo_au": "aluvial", "deposit_id": "", "district_id": "", "estado_presencia": "pendiente"}}, {"type": "Feature", "geometry": {"type": "Point", "coordinates": [-6.120772, 42.491398]}, "properties": {"record_id": "gpkg:44f874e0d3404a1c13ef2b13e6ecb8ea39b189992e387651298f79c6169e0960:3771", "codigo_indicio": "193029", "nombre_mina": "PRADORREY", "provincia": "LEON", "municipio": "Brazuelo", "morfologia": "Aluvionar", "tipo_au": "aluvial", "deposit_id": "", "district_id": "", "estado_presencia": "pendiente"}}, {"type": "Feature", "geometry": {"type": "Point", "coordinates": [-6.060821, 42.474904]}, "properties": {"record_id": "gpkg:44f874e0d3404a1c13ef2b13e6ecb8ea39b189992e387651298f79c6169e0960:3772", "codigo_indicio": "193030", "nombre_mina": "Labores mineras de Astorga.", "provincia": "LEON", "municipio": "Villaobispo de Otero", "morfologia": "Aluvionar", "tipo_au": "aluvial", "deposit_id": "", "district_id": "", "estado_presencia": "pendiente"}}, {"type": "Feature", "geometry": {"type": "Point", "coordinates": [-6.55456, 42.275447]}, "properties": {"record_id": "gpkg:44f874e0d3404a1c13ef2b13e6ecb8ea39b189992e387651298f79c6169e0960:3851", "codigo_indicio": "229004", "nombre_mina": "RIO CABRERA", "provincia": "LEON", "municipio": "Encinedo", "morfologia": "Aluvionar", "tipo_au": "aluvial", "deposit_id": "", "district_id": "", "estado_presencia": "pendiente"}}, {"type": "Feature", "geometry": {"type": "Point", "coordinates": [-6.680468, 42.281035]}, "properties": {"record_id": "gpkg:44f874e0d3404a1c13ef2b13e6ecb8ea39b189992e387651298f79c6169e0960:3852", "codigo_indicio": "229005", "nombre_mina": "A° DE LAS BARRERAS VALDEBUERCO", "provincia": "LEON", "municipio": "Encinedo", "morfologia": "Aluvionar", "tipo_au": "aluvial", "deposit_id": "", "district_id": "", "estado_presencia": "pendiente"}}, {"type": "Feature", "geometry": {"type": "Point", "coordinates": [-6.59537, 42.305578]}, "properties": {"record_id": "gpkg:44f874e0d3404a1c13ef2b13e6ecb8ea39b189992e387651298f79c6169e0960:3853", "codigo_indicio": "229006", "nombre_mina": "LOS CONFORCOS LOS PERROS", "provincia": "LEON", "municipio": "Encinedo", "morfologia": "Aluvionar", "tipo_au": "aluvial", "deposit_id": "", "district_id": "", "estado_presencia": "pendiente"}}, {"type": "Feature", "geometry": {"type": "Point", "coordinates": [-6.652438, 42.294513]}, "properties": {"record_id": "gpkg:44f874e0d3404a1c13ef2b13e6ecb8ea39b189992e387651298f79c6169e0960:3854", "codigo_indicio": "229007", "nombre_mina": "LAS CRUCES", "provincia": "LEON", "municipio": "Encinedo", "morfologia": "Aluvionar", "tipo_au": "aluvial", "deposit_id": "", "district_id": "", "estado_presencia": "pendiente"}}, {"type": "Feature", "geometry": {"type": "Point", "coordinates": [-6.727567, 42.313498]}, "properties": {"record_id": "gpkg:44f874e0d3404a1c13ef2b13e6ecb8ea39b189992e387651298f79c6169e0960:3855", "codigo_indicio": "229008", "nombre_mina": "CAMPO ROMO", "provincia": "LEON", "municipio": "Encinedo", "morfologia": "Aluvionar", "tipo_au": "aluvial", "deposit_id": "", "district_id": "", "estado_presencia": "pendiente"}}, {"type": "Feature", "geometry": {"type": "Point", "coordinates": [-6.542442, 42.31265]}, "properties": {"record_id": "gpkg:44f874e0d3404a1c13ef2b13e6ecb8ea39b189992e387651298f79c6169e0960:3856", "codigo_indicio": "229009", "nombre_mina": "PEÑA DEL AGUILA", "provincia": "LEON", "municipio": "Castrillo de Cabrera", "morfologia": "Aluvionar", "tipo_au": "aluvial", "deposit_id": "", "district_id": "", "estado_presencia": "pendiente"}}, {"type": "Feature", "geometry": {"type": "Point", "coordinates": [-6.551834, 42.251884]}, "properties": {"record_id": "gpkg:44f874e0d3404a1c13ef2b13e6ecb8ea39b189992e387651298f79c6169e0960:3858", "codigo_indicio": "229011", "nombre_mina": "ARROYO ARGAÑAL", "provincia": "LEON", "municipio": "Encinedo", "morfologia": "Aluvionar", "tipo_au": "aluvial", "deposit_id": "", "district_id": "", "estado_presencia": "pendiente"}}, {"type": "Feature", "geometry": {"type": "Point", "coordinates": [-6.651752, 42.301746]}, "properties": {"record_id": "gpkg:44f874e0d3404a1c13ef2b13e6ecb8ea39b189992e387651298f79c6169e0960:3859", "codigo_indicio": "229012", "nombre_mina": "Fuente Piojosa", "provincia": "LEON", "municipio": "Encinedo", "morfologia": "Aluvionar", "tipo_au": "aluvial", "deposit_id": "", "district_id": "", "estado_presencia": "pendiente"}}, {"type": "Feature", "geometry": {"type": "Point", "coordinates": [-6.651752, 42.301746]}, "properties": {"record_id": "gpkg:44f874e0d3404a1c13ef2b13e6ecb8ea39b189992e387651298f79c6169e0960:3860", "codigo_indicio": "229013", "nombre_mina": "Indicio Aurífero", "provincia": "LEON", "municipio": "Encinedo", "morfologia": "Aluvionar", "tipo_au": "aluvial", "deposit_id": "", "district_id": "", "estado_presencia": "pendiente"}}, {"type": "Feature", "geometry": {"type": "Point", "coordinates": [-6.651752, 42.301746]}, "properties": {"record_id": "gpkg:44f874e0d3404a1c13ef2b13e6ecb8ea39b189992e387651298f79c6169e0960:3861", "codigo_indicio": "229014", "nombre_mina": "Indicio Aurífero", "provincia": "LEON", "municipio": "Encinedo", "morfologia": "Aluvionar", "tipo_au": "aluvial", "deposit_id": "", "district_id": "", "estado_presencia": "pendiente"}}, {"type": "Feature", "geometry": {"type": "Point", "coordinates": [-6.328915, 42.323632]}, "properties": {"record_id": "gpkg:44f874e0d3404a1c13ef2b13e6ecb8ea39b189992e387651298f79c6169e0960:3862", "codigo_indicio": "230001", "nombre_mina": "RIO LLAMAS", "provincia": "LEON", "municipio": "Luyego", "morfologia": "Aluvionar", "tipo_au": "aluvial", "deposit_id": "", "district_id": "", "estado_presencia": "pendiente"}}, {"type": "Feature", "geometry": {"type": "Point", "coordinates": [-6.345107, 42.189558]}, "properties": {"record_id": "gpkg:44f874e0d3404a1c13ef2b13e6ecb8ea39b189992e387651298f79c6169e0960:3865", "codigo_indicio": "230004", "nombre_mina": "A° JIBEO", "provincia": "ZAMORA", "municipio": "Muelas de los Caballeros", "morfologia": "Aluvionar", "tipo_au": "aluvial", "deposit_id": "", "district_id": "", "estado_presencia": "pendiente"}}, {"type": "Feature", "geometry": {"type": "Point", "coordinates": [-6.381988, 42.211389]}, "properties": {"record_id": "gpkg:44f874e0d3404a1c13ef2b13e6ecb8ea39b189992e387651298f79c6169e0960:3867", "codigo_indicio": "230006", "nombre_mina": "RIO PEQUEÑO", "provincia": "LEON", "municipio": "Truchas", "morfologia": "Filoniana", "tipo_au": "roca", "deposit_id": "", "district_id": "", "estado_presencia": "pendiente"}}, {"type": "Feature", "geometry": {"type": "Point", "coordinates": [-6.464249, 42.304914]}, "properties": {"record_id": "gpkg:44f874e0d3404a1c13ef2b13e6ecb8ea39b189992e387651298f79c6169e0960:3869", "codigo_indicio": "230008", "nombre_mina": "MINAS DE CORPORALES Y BAILLO. LA DEHESA", "provincia": "LEON", "municipio": "Truchas", "morfologia": "Aluvionar", "tipo_au": "aluvial", "deposit_id": "dep_corona_de_corporales", "district_id": "dist_leon_cabrera", "estado_presencia": "confirmada"}}, {"type": "Feature", "geometry": {"type": "Point", "coordinates": [-6.507015, 42.26956]}, "properties": {"record_id": "gpkg:44f874e0d3404a1c13ef2b13e6ecb8ea39b189992e387651298f79c6169e0960:3870", "codigo_indicio": "230009", "nombre_mina": "RIO IRUELA", "provincia": "LEON", "municipio": "Truchas", "morfologia": "Irregular", "tipo_au": "aluvial", "deposit_id": "", "district_id": "", "estado_presencia": "pendiente"}}, {"type": "Feature", "geometry": {"type": "Point", "coordinates": [-6.451074, 42.258604]}, "properties": {"record_id": "gpkg:44f874e0d3404a1c13ef2b13e6ecb8ea39b189992e387651298f79c6169e0960:3871", "codigo_indicio": "230010", "nombre_mina": "A°COBANAYO y SANO", "provincia": "LEON", "municipio": "Truchas", "morfologia": "Aluvionar", "tipo_au": "aluvial", "deposit_id": "", "district_id": "", "estado_presencia": "pendiente"}}, {"type": "Feature", "geometry": {"type": "Point", "coordinates": [-6.462028, 42.233361]}, "properties": {"record_id": "gpkg:44f874e0d3404a1c13ef2b13e6ecb8ea39b189992e387651298f79c6169e0960:3872", "codigo_indicio": "230011", "nombre_mina": "RIO TRUCHILLAS", "provincia": "LEON", "municipio": "Truchas", "morfologia": "Aluvionar", "tipo_au": "aluvial", "deposit_id": "", "district_id": "", "estado_presencia": "pendiente"}}, {"type": "Feature", "geometry": {"type": "Point", "coordinates": [-6.420964, 42.271618]}, "properties": {"record_id": "gpkg:44f874e0d3404a1c13ef2b13e6ecb8ea39b189992e387651298f79c6169e0960:3873", "codigo_indicio": "230012", "nombre_mina": "LAS CHANAS LA COGOLLA", "provincia": "LEON", "municipio": "Truchas", "morfologia": "Aluvionar", "tipo_au": "aluvial", "deposit_id": "dep_corona_de_corporales", "district_id": "dist_leon_cabrera", "estado_presencia": "confirmada"}}, {"type": "Feature", "geometry": {"type": "Point", "coordinates": [-6.333918, 42.282774]}, "properties": {"record_id": "gpkg:44f874e0d3404a1c13ef2b13e6ecb8ea39b189992e387651298f79c6169e0960:3874", "codigo_indicio": "230013", "nombre_mina": "MINA DE POZOS VALLEDAR", "provincia": "LEON", "municipio": "Truchas", "morfologia": "Filoniana", "tipo_au": "roca", "deposit_id": "", "district_id": "", "estado_presencia": "pendiente"}}, {"type": "Feature", "geometry": {"type": "Point", "coordinates": [-6.421022, 42.279094]}, "properties": {"record_id": "gpkg:44f874e0d3404a1c13ef2b13e6ecb8ea39b189992e387651298f79c6169e0960:3875", "codigo_indicio": "230014", "nombre_mina": "RIO PEQUEÑO Y PRADOS", "provincia": "LEON", "municipio": "Truchas", "morfologia": "Irregular", "tipo_au": "aluvial", "deposit_id": "dep_corona_de_corporales", "district_id": "dist_leon_cabrera", "estado_presencia": "confirmada"}}, {"type": "Feature", "geometry": {"type": "Point", "coordinates": [-6.459518, 42.310933]}, "properties": {"record_id": "gpkg:44f874e0d3404a1c13ef2b13e6ecb8ea39b189992e387651298f79c6169e0960:3876", "codigo_indicio": "230015", "nombre_mina": "CORPORALES GALERIA DE PEDRERA", "provincia": "LEON", "municipio": "Truchas", "morfologia": "Irregular", "tipo_au": "desconocido", "deposit_id": "", "district_id": "", "estado_presencia": "pendiente"}}, {"type": "Feature", "geometry": {"type": "Point", "coordinates": [-6.336256, 42.241674]}, "properties": {"record_id": "gpkg:44f874e0d3404a1c13ef2b13e6ecb8ea39b189992e387651298f79c6169e0960:3877", "codigo_indicio": "230016", "nombre_mina": "RIO ERIA.Muriacales, Cubaniellos,Mata,Escalerón,Molino", "provincia": "LEON", "municipio": "Truchas", "morfologia": "Aluvionar", "tipo_au": "aluvial", "deposit_id": "", "district_id": "", "estado_presencia": "pendiente"}}, {"type": "Feature", "geometry": {"type": "Point", "coordinates": [-6.200889, 42.178472]}, "properties": {"record_id": "gpkg:44f874e0d3404a1c13ef2b13e6ecb8ea39b189992e387651298f79c6169e0960:3878", "codigo_indicio": "230017", "nombre_mina": "RIO ERIA", "provincia": "LEON", "municipio": "Castrocontrigo", "morfologia": "Aluvionar", "tipo_au": "aluvial", "deposit_id": "", "district_id": "", "estado_presencia": "pendiente"}}, {"type": "Feature", "geometry": {"type": "Point", "coordinates": [-6.225167, 42.199144]}, "properties": {"record_id": "gpkg:44f874e0d3404a1c13ef2b13e6ecb8ea39b189992e387651298f79c6169e0960:3880", "codigo_indicio": "230019", "nombre_mina": "LAS MURIAS-TALLARES RIO ERIA", "provincia": "LEON", "municipio": "Castrocontrigo", "morfologia": "Aluvionar", "tipo_au": "aluvial", "deposit_id": "", "district_id": "", "estado_presencia": "pendiente"}}, {"type": "Feature", "geometry": {"type": "Point", "coordinates": [-6.204246, 42.02519]}, "properties": {"record_id": "gpkg:44f874e0d3404a1c13ef2b13e6ecb8ea39b189992e387651298f79c6169e0960:3881", "codigo_indicio": "230020", "nombre_mina": "VALTONA-VALCUEVO", "provincia": "LEON", "municipio": "Castrocontrigo", "morfologia": "Aluvionar", "tipo_au": "aluvial", "deposit_id": "", "district_id": "", "estado_presencia": "pendiente"}}, {"type": "Feature", "geometry": {"type": "Point", "coordinates": [-6.274561, 42.320551]}, "properties": {"record_id": "gpkg:44f874e0d3404a1c13ef2b13e6ecb8ea39b189992e387651298f79c6169e0960:3882", "codigo_indicio": "230021", "nombre_mina": "LA VIDULINA PRADO POSADILLAS,LAS HUERGAS", "provincia": "LEON", "municipio": "Luyego", "morfologia": "Aluvionar", "tipo_au": "aluvial", "deposit_id": "", "district_id": "", "estado_presencia": "pendiente"}}, {"type": "Feature", "geometry": {"type": "Point", "coordinates": [-6.208467, 42.322382]}, "properties": {"record_id": "gpkg:44f874e0d3404a1c13ef2b13e6ecb8ea39b189992e387651298f79c6169e0960:3883", "codigo_indicio": "230022", "nombre_mina": "MINA DE TABUYO", "provincia": "LEON", "municipio": "Luyego", "morfologia": "Aluvionar", "tipo_au": "aluvial", "deposit_id": "", "district_id": "", "estado_presencia": "pendiente"}}, {"type": "Feature", "geometry": {"type": "Point", "coordinates": [-6.433848, 42.249934]}, "properties": {"record_id": "gpkg:44f874e0d3404a1c13ef2b13e6ecb8ea39b189992e387651298f79c6169e0960:3884", "codigo_indicio": "230023", "nombre_mina": "CASTILLO DE TRUCHAS Cogoya", "provincia": "LEON", "municipio": "Truchas", "morfologia": "Aluvionar", "tipo_au": "aluvial", "deposit_id": "", "district_id": "", "estado_presencia": "pendiente"}}, {"type": "Feature", "geometry": {"type": "Point", "coordinates": [-6.396258, 42.241432]}, "properties": {"record_id": "gpkg:44f874e0d3404a1c13ef2b13e6ecb8ea39b189992e387651298f79c6169e0960:3885", "codigo_indicio": "230024", "nombre_mina": "RIO ERIA,LOS PRADOS DE CASTRO,LOS CASARESCOS,MURIACALE", "provincia": "LEON", "municipio": "Truchas", "morfologia": "Aluvionar", "tipo_au": "aluvial", "deposit_id": "", "district_id": "", "estado_presencia": "pendiente"}}, {"type": "Feature", "geometry": {"type": "Point", "coordinates": [-6.22801, 42.19507]}, "properties": {"record_id": "gpkg:44f874e0d3404a1c13ef2b13e6ecb8ea39b189992e387651298f79c6169e0960:3886", "codigo_indicio": "230025", "nombre_mina": "RIO ERIA", "provincia": "LEON", "municipio": "Castrocontrigo", "morfologia": "Aluvionar", "tipo_au": "aluvial", "deposit_id": "", "district_id": "", "estado_presencia": "pendiente"}}, {"type": "Feature", "geometry": {"type": "Point", "coordinates": [-6.329676, 42.288439]}, "properties": {"record_id": "gpkg:44f874e0d3404a1c13ef2b13e6ecb8ea39b189992e387651298f79c6169e0960:3887", "codigo_indicio": "230026", "nombre_mina": "RIO MOLINOS AoPOZUELOS,LOS MAYADONES", "provincia": "LEON", "municipio": "Truchas", "morfologia": "Aluvionar", "tipo_au": "aluvial", "deposit_id": "", "district_id": "", "estado_presencia": "pendiente"}}, {"type": "Feature", "geometry": {"type": "Point", "coordinates": [-6.266341, 42.232913]}, "properties": {"record_id": "gpkg:44f874e0d3404a1c13ef2b13e6ecb8ea39b189992e387651298f79c6169e0960:3888", "codigo_indicio": "230027", "nombre_mina": "RIO ERIA,GENERALA VALDEMEDA,PRADERA CAMPO,FERVIENZA", "provincia": "LEON", "municipio": "Castrocontrigo", "morfologia": "Aluvionar", "tipo_au": "aluvial", "deposit_id": "", "district_id": "", "estado_presencia": "pendiente"}}, {"type": "Feature", "geometry": {"type": "Point", "coordinates": [-6.403321, 42.3203]}, "properties": {"record_id": "gpkg:44f874e0d3404a1c13ef2b13e6ecb8ea39b189992e387651298f79c6169e0960:3889", "codigo_indicio": "230028", "nombre_mina": "LAS RUBIAS", "provincia": "LEON", "municipio": "Truchas", "morfologia": "Aluvionar", "tipo_au": "aluvial", "deposit_id": "", "district_id": "", "estado_presencia": "pendiente"}}, {"type": "Feature", "geometry": {"type": "Point", "coordinates": [-6.403711, 42.319678]}, "properties": {"record_id": "gpkg:44f874e0d3404a1c13ef2b13e6ecb8ea39b189992e387651298f79c6169e0960:3890", "codigo_indicio": "230029", "nombre_mina": "VALDEVERCIOS", "provincia": "LEON", "municipio": "Truchas", "morfologia": "Aluvionar", "tipo_au": "aluvial", "deposit_id": "", "district_id": "", "estado_presencia": "pendiente"}}, {"type": "Feature", "geometry": {"type": "Point", "coordinates": [-6.351448, 42.310107]}, "properties": {"record_id": "gpkg:44f874e0d3404a1c13ef2b13e6ecb8ea39b189992e387651298f79c6169e0960:3891", "codigo_indicio": "230030", "nombre_mina": "XAUDELLA-MAYADONES MAYADICAS,PEÑA CANALES", "provincia": "LEON", "municipio": "Truchas", "morfologia": "Aluvionar", "tipo_au": "aluvial", "deposit_id": "", "district_id": "", "estado_presencia": "pendiente"}}, {"type": "Feature", "geometry": {"type": "Point", "coordinates": [-6.383436, 42.25843]}, "properties": {"record_id": "gpkg:44f874e0d3404a1c13ef2b13e6ecb8ea39b189992e387651298f79c6169e0960:3892", "codigo_indicio": "230031", "nombre_mina": "EL SIERRO", "provincia": "LEON", "municipio": "Truchas", "morfologia": "Aluvionar", "tipo_au": "aluvial", "deposit_id": "", "district_id": "", "estado_presencia": "pendiente"}}, {"type": "Feature", "geometry": {"type": "Point", "coordinates": [-6.309753, 42.263568]}, "properties": {"record_id": "gpkg:44f874e0d3404a1c13ef2b13e6ecb8ea39b189992e387651298f79c6169e0960:3893", "codigo_indicio": "230032", "nombre_mina": "MANZANEDA VALDEMEDA,LA RASA,EL CALILLON", "provincia": "LEON", "municipio": "Truchas", "morfologia": "Aluvionar", "tipo_au": "aluvial", "deposit_id": "", "district_id": "", "estado_presencia": "pendiente"}}, {"type": "Feature", "geometry": {"type": "Point", "coordinates": [-6.22119, 42.175497]}, "properties": {"record_id": "gpkg:44f874e0d3404a1c13ef2b13e6ecb8ea39b189992e387651298f79c6169e0960:3903", "codigo_indicio": "230042", "nombre_mina": "Minas de Castrocontrigo", "provincia": "LEON", "municipio": "Castrocontrigo", "morfologia": "Aluvionar", "tipo_au": "aluvial", "deposit_id": "", "district_id": "", "estado_presencia": "pendiente"}}, {"type": "Feature", "geometry": {"type": "Point", "coordinates": [-6.197818, 42.170155]}, "properties": {"record_id": "gpkg:44f874e0d3404a1c13ef2b13e6ecb8ea39b189992e387651298f79c6169e0960:3904", "codigo_indicio": "230043", "nombre_mina": "Minas de Valdebecerra", "provincia": "LEON", "municipio": "Castrocontrigo", "morfologia": "Aluvionar", "tipo_au": "aluvial", "deposit_id": "", "district_id": "", "estado_presencia": "pendiente"}}, {"type": "Feature", "geometry": {"type": "Point", "coordinates": [-6.15575, 42.32892]}, "properties": {"record_id": "gpkg:44f874e0d3404a1c13ef2b13e6ecb8ea39b189992e387651298f79c6169e0960:3905", "codigo_indicio": "231001", "nombre_mina": "RIO DUERNA VELILLA DE VALDUERNA", "provincia": "LEON", "municipio": "Castrillo de La Valduerna", "morfologia": "Aluvionar", "tipo_au": "aluvial", "deposit_id": "", "district_id": "", "estado_presencia": "pendiente"}}, {"type": "Feature", "geometry": {"type": "Point", "coordinates": [-6.180028, 42.328799]}, "properties": {"record_id": "gpkg:44f874e0d3404a1c13ef2b13e6ecb8ea39b189992e387651298f79c6169e0960:3906", "codigo_indicio": "231002", "nombre_mina": "RIO DUERNA Minas de Priaranza y Castrillo", "provincia": "LEON", "municipio": "Luyego", "morfologia": "Aluvionar", "tipo_au": "aluvial", "deposit_id": "", "district_id": "", "estado_presencia": "pendiente"}}, {"type": "Feature", "geometry": {"type": "Point", "coordinates": [-6.116751, 42.313897]}, "properties": {"record_id": "gpkg:44f874e0d3404a1c13ef2b13e6ecb8ea39b189992e387651298f79c6169e0960:3907", "codigo_indicio": "231003", "nombre_mina": "RIO DUERNA", "provincia": "LEON", "municipio": "Destriana", "morfologia": "Aluvionar", "tipo_au": "aluvial", "deposit_id": "", "district_id": "", "estado_presencia": "pendiente"}}, {"type": "Feature", "geometry": {"type": "Point", "coordinates": [-6.134246, 42.326763]}, "properties": {"record_id": "gpkg:44f874e0d3404a1c13ef2b13e6ecb8ea39b189992e387651298f79c6169e0960:3908", "codigo_indicio": "231004", "nombre_mina": "RIO DUERNA", "provincia": "LEON", "municipio": "Castrillo de La Valduerna", "morfologia": "Aluvionar", "tipo_au": "aluvial", "deposit_id": "", "district_id": "", "estado_presencia": "pendiente"}}, {"type": "Feature", "geometry": {"type": "Point", "coordinates": [-6.110064, 42.324804]}, "properties": {"record_id": "gpkg:44f874e0d3404a1c13ef2b13e6ecb8ea39b189992e387651298f79c6169e0960:3909", "codigo_indicio": "231005", "nombre_mina": "RIO DUERNA", "provincia": "LEON", "municipio": "Castrillo de La Valduerna", "morfologia": "Aluvionar", "tipo_au": "aluvial", "deposit_id": "", "district_id": "", "estado_presencia": "pendiente"}}, {"type": "Feature", "geometry": {"type": "Point", "coordinates": [-6.097229, 42.274051]}, "properties": {"record_id": "gpkg:44f874e0d3404a1c13ef2b13e6ecb8ea39b189992e387651298f79c6169e0960:3910", "codigo_indicio": "231006", "nombre_mina": "RIO VALTABUYO El Sardonal", "provincia": "LEON", "municipio": "Quintana y Congosto", "morfologia": "Aluvionar", "tipo_au": "aluvial", "deposit_id": "", "district_id": "", "estado_presencia": "pendiente"}}, {"type": "Feature", "geometry": {"type": "Point", "coordinates": [-6.054903, 42.27162]}, "properties": {"record_id": "gpkg:44f874e0d3404a1c13ef2b13e6ecb8ea39b189992e387651298f79c6169e0960:3911", "codigo_indicio": "231007", "nombre_mina": "RIO VALTABUYO Los Cabezos", "provincia": "LEON", "municipio": "Quintana y Congosto", "morfologia": "Aluvionar", "tipo_au": "aluvial", "deposit_id": "", "district_id": "", "estado_presencia": "pendiente"}}, {"type": "Feature", "geometry": {"type": "Point", "coordinates": [-6.175555, 42.285014]}, "properties": {"record_id": "gpkg:44f874e0d3404a1c13ef2b13e6ecb8ea39b189992e387651298f79c6169e0960:3912", "codigo_indicio": "231008", "nombre_mina": "RIO VALTABUYO", "provincia": "LEON", "municipio": "Quintana y Congosto", "morfologia": "Aluvionar", "tipo_au": "aluvial", "deposit_id": "", "district_id": "", "estado_presencia": "pendiente"}}, {"type": "Feature", "geometry": {"type": "Point", "coordinates": [-6.165635, 42.181658]}, "properties": {"record_id": "gpkg:44f874e0d3404a1c13ef2b13e6ecb8ea39b189992e387651298f79c6169e0960:3913", "codigo_indicio": "231009", "nombre_mina": "RIO ERIA", "provincia": "LEON", "municipio": "Castrocontrigo", "morfologia": "Aluvionar", "tipo_au": "aluvial", "deposit_id": "", "district_id": "", "estado_presencia": "pendiente"}}, {"type": "Feature", "geometry": {"type": "Point", "coordinates": [-6.15856, 42.185535]}, "properties": {"record_id": "gpkg:44f874e0d3404a1c13ef2b13e6ecb8ea39b189992e387651298f79c6169e0960:3914", "codigo_indicio": "231010", "nombre_mina": "RIO ERIA Terraza 4", "provincia": "LEON", "municipio": "Castrocontrigo", "morfologia": "Aluvionar", "tipo_au": "aluvial", "deposit_id": "", "district_id": "", "estado_presencia": "pendiente"}}, {"type": "Feature", "geometry": {"type": "Point", "coordinates": [-6.142993, 42.200457]}, "properties": {"record_id": "gpkg:44f874e0d3404a1c13ef2b13e6ecb8ea39b189992e387651298f79c6169e0960:3915", "codigo_indicio": "231011", "nombre_mina": "NOGAREJAS", "provincia": "LEON", "municipio": "Castrocontrigo", "morfologia": "Aluvionar", "tipo_au": "aluvial", "deposit_id": "", "district_id": "", "estado_presencia": "pendiente"}}, {"type": "Feature", "geometry": {"type": "Point", "coordinates": [-6.087965, 42.185564]}, "properties": {"record_id": "gpkg:44f874e0d3404a1c13ef2b13e6ecb8ea39b189992e387651298f79c6169e0960:3916", "codigo_indicio": "231012", "nombre_mina": "RIO ERIA PINILLA DE VALDERIA", "provincia": "LEON", "municipio": "Castrocontrigo", "morfologia": "Aluvionar", "tipo_au": "aluvial", "deposit_id": "dep_valderia_nogarejas", "district_id": "dist_leon_valderia", "estado_presencia": "confirmada"}}, {"type": "Feature", "geometry": {"type": "Point", "coordinates": [-6.109913, 42.256541]}, "properties": {"record_id": "gpkg:44f874e0d3404a1c13ef2b13e6ecb8ea39b189992e387651298f79c6169e0960:3917", "codigo_indicio": "231013", "nombre_mina": "RIO JAMUZ", "provincia": "LEON", "municipio": "Quintana y Congosto", "morfologia": "Aluvionar", "tipo_au": "aluvial", "deposit_id": "dep_valderia_nogarejas", "district_id": "dist_leon_valderia", "estado_presencia": "confirmada"}}, {"type": "Feature", "geometry": {"type": "Point", "coordinates": [-6.109512, 42.259005]}, "properties": {"record_id": "gpkg:44f874e0d3404a1c13ef2b13e6ecb8ea39b189992e387651298f79c6169e0960:3918", "codigo_indicio": "231014", "nombre_mina": "Labores de Quintanilla de Florez", "provincia": "LEON", "municipio": "Quintana y Congosto", "morfologia": "Aluvionar", "tipo_au": "aluvial", "deposit_id": "dep_valderia_nogarejas", "district_id": "dist_leon_valderia", "estado_presencia": "confirmada"}}, {"type": "Feature", "geometry": {"type": "Point", "coordinates": [-5.927012, 42.168026]}, "properties": {"record_id": "gpkg:44f874e0d3404a1c13ef2b13e6ecb8ea39b189992e387651298f79c6169e0960:3919", "codigo_indicio": "231015", "nombre_mina": "Labores mineras de San Esteban de Nogales", "provincia": "LEON", "municipio": "San Esteban de Nogales", "morfologia": "Aluvionar", "tipo_au": "aluvial", "deposit_id": "", "district_id": "", "estado_presencia": "pendiente"}}, {"type": "Feature", "geometry": {"type": "Point", "coordinates": [-8.805199, 42.033234]}, "properties": {"record_id": "gpkg:44f874e0d3404a1c13ef2b13e6ecb8ea39b189992e387651298f79c6169e0960:3966", "codigo_indicio": "261011", "nombre_mina": "LAUSADO", "provincia": "PONTEVEDRA", "municipio": "Oia", "morfologia": "Aluvionar", "tipo_au": "aluvial", "deposit_id": "", "district_id": "", "estado_presencia": "pendiente"}}, {"type": "Feature", "geometry": {"type": "Point", "coordinates": [-8.800641, 42.061327]}, "properties": {"record_id": "gpkg:44f874e0d3404a1c13ef2b13e6ecb8ea39b189992e387651298f79c6169e0960:3969", "codigo_indicio": "261014", "nombre_mina": "ALTO DE POZAS", "provincia": "PONTEVEDRA", "municipio": "Gondomar", "morfologia": "Filoniana", "tipo_au": "roca", "deposit_id": "dep_tomino_vilachan", "district_id": "dist_galicia_sur_tomino", "estado_presencia": "confirmada"}}, {"type": "Feature", "geometry": {"type": "Point", "coordinates": [-8.796437, 42.053033]}, "properties": {"record_id": "gpkg:44f874e0d3404a1c13ef2b13e6ecb8ea39b189992e387651298f79c6169e0960:3970", "codigo_indicio": "261015", "nombre_mina": "ALTO DE POZAS", "provincia": "PONTEVEDRA", "municipio": "Tomiño", "morfologia": "Filoniana", "tipo_au": "roca", "deposit_id": "dep_tomino_vilachan", "district_id": "dist_galicia_sur_tomino", "estado_presencia": "confirmada"}}, {"type": "Feature", "geometry": {"type": "Point", "coordinates": [-8.796411, 42.061319]}, "properties": {"record_id": "gpkg:44f874e0d3404a1c13ef2b13e6ecb8ea39b189992e387651298f79c6169e0960:3971", "codigo_indicio": "261016", "nombre_mina": "PINZAS", "provincia": "PONTEVEDRA", "municipio": "Tomiño", "morfologia": "Filoniana", "tipo_au": "roca", "deposit_id": "dep_tomino_vilachan", "district_id": "dist_galicia_sur_tomino", "estado_presencia": "confirmada"}}, {"type": "Feature", "geometry": {"type": "Point", "coordinates": [-8.788882, 42.035456]}, "properties": {"record_id": "gpkg:44f874e0d3404a1c13ef2b13e6ecb8ea39b189992e387651298f79c6169e0960:3972", "codigo_indicio": "261017", "nombre_mina": "VILACHAN DO MONTE", "provincia": "PONTEVEDRA", "municipio": "Tomiño", "morfologia": "Filoniana", "tipo_au": "roca", "deposit_id": "dep_tomino_vilachan", "district_id": "dist_galicia_sur_tomino", "estado_presencia": "confirmada"}}, {"type": "Feature", "geometry": {"type": "Point", "coordinates": [-8.806384, 42.040891]}, "properties": {"record_id": "gpkg:44f874e0d3404a1c13ef2b13e6ecb8ea39b189992e387651298f79c6169e0960:3973", "codigo_indicio": "261018", "nombre_mina": "Indicio Aurífero", "provincia": "PONTEVEDRA", "municipio": "Tomiño", "morfologia": "Filoniana", "tipo_au": "roca", "deposit_id": "dep_tomino_vilachan", "district_id": "dist_galicia_sur_tomino", "estado_presencia": "confirmada"}}, {"type": "Feature", "geometry": {"type": "Point", "coordinates": [-8.804717, 42.036565]}, "properties": {"record_id": "gpkg:44f874e0d3404a1c13ef2b13e6ecb8ea39b189992e387651298f79c6169e0960:3974", "codigo_indicio": "261019", "nombre_mina": "Indicio Aurífero", "provincia": "PONTEVEDRA", "municipio": "Tomiño", "morfologia": "Filoniana", "tipo_au": "roca", "deposit_id": "dep_tomino_vilachan", "district_id": "dist_galicia_sur_tomino", "estado_presencia": "confirmada"}}, {"type": "Feature", "geometry": {"type": "Point", "coordinates": [-8.804609, 42.032602]}, "properties": {"record_id": "gpkg:44f874e0d3404a1c13ef2b13e6ecb8ea39b189992e387651298f79c6169e0960:3975", "codigo_indicio": "261020", "nombre_mina": "Indicio Aurífero", "provincia": "PONTEVEDRA", "municipio": "Oia", "morfologia": "Filoniana", "tipo_au": "roca", "deposit_id": "", "district_id": "", "estado_presencia": "pendiente"}}, {"type": "Feature", "geometry": {"type": "Point", "coordinates": [-8.804988, 42.023056]}, "properties": {"record_id": "gpkg:44f874e0d3404a1c13ef2b13e6ecb8ea39b189992e387651298f79c6169e0960:3976", "codigo_indicio": "261021", "nombre_mina": "Indicio Aurífero", "provincia": "PONTEVEDRA", "municipio": "Oia", "morfologia": "Filoniana", "tipo_au": "roca", "deposit_id": "", "district_id": "", "estado_presencia": "pendiente"}}, {"type": "Feature", "geometry": {"type": "Point", "coordinates": [-8.803812, 42.012696]}, "properties": {"record_id": "gpkg:44f874e0d3404a1c13ef2b13e6ecb8ea39b189992e387651298f79c6169e0960:3977", "codigo_indicio": "261022", "nombre_mina": "VILARIÑO", "provincia": "PONTEVEDRA", "municipio": "Oia", "morfologia": "Filoniana", "tipo_au": "roca", "deposit_id": "", "district_id": "", "estado_presencia": "pendiente"}}, {"type": "Feature", "geometry": {"type": "Point", "coordinates": [-8.781003, 42.007521]}, "properties": {"record_id": "gpkg:44f874e0d3404a1c13ef2b13e6ecb8ea39b189992e387651298f79c6169e0960:3978", "codigo_indicio": "261023", "nombre_mina": "PEDRADA", "provincia": "PONTEVEDRA", "municipio": "Tomiño", "morfologia": "Filoniana", "tipo_au": "roca", "deposit_id": "dep_tomino_vilachan", "district_id": "dist_galicia_sur_tomino", "estado_presencia": "confirmada"}}, {"type": "Feature", "geometry": {"type": "Point", "coordinates": [-8.775944, 42.007511]}, "properties": {"record_id": "gpkg:44f874e0d3404a1c13ef2b13e6ecb8ea39b189992e387651298f79c6169e0960:3979", "codigo_indicio": "261024", "nombre_mina": "PEDRADA", "provincia": "PONTEVEDRA", "municipio": "Tomiño", "morfologia": "Filoniana", "tipo_au": "roca", "deposit_id": "dep_tomino_vilachan", "district_id": "dist_galicia_sur_tomino", "estado_presencia": "confirmada"}}, {"type": "Feature", "geometry": {"type": "Point", "coordinates": [-8.803315, 42.056648]}, "properties": {"record_id": "gpkg:44f874e0d3404a1c13ef2b13e6ecb8ea39b189992e387651298f79c6169e0960:3980", "codigo_indicio": "261025", "nombre_mina": "ALTO DE POZAS", "provincia": "PONTEVEDRA", "municipio": "Tomiño", "morfologia": "Filoniana", "tipo_au": "roca", "deposit_id": "dep_tomino_vilachan", "district_id": "dist_galicia_sur_tomino", "estado_presencia": "confirmada"}}, {"type": "Feature", "geometry": {"type": "Point", "coordinates": [-8.01038, 42.10389]}, "properties": {"record_id": "gpkg:44f874e0d3404a1c13ef2b13e6ecb8ea39b189992e387651298f79c6169e0960:3985", "codigo_indicio": "263001", "nombre_mina": "FUENTECHIZ - CEJO", "provincia": "ORENSE", "municipio": "Verea", "morfologia": "Filoniana", "tipo_au": "roca", "deposit_id": "", "district_id": "", "estado_presencia": "pendiente"}}, {"type": "Feature", "geometry": {"type": "Point", "coordinates": [-7.484287, 42.027447]}, "properties": {"record_id": "gpkg:44f874e0d3404a1c13ef2b13e6ecb8ea39b189992e387651298f79c6169e0960:3998", "codigo_indicio": "265001", "nombre_mina": "LAZA", "provincia": "ORENSE", "municipio": "Laza", "morfologia": "Irregular", "tipo_au": "desconocido", "deposit_id": "", "district_id": "", "estado_presencia": "pendiente"}}, {"type": "Feature", "geometry": {"type": "Point", "coordinates": [-7.171151, 42.121321]}, "properties": {"record_id": "gpkg:44f874e0d3404a1c13ef2b13e6ecb8ea39b189992e387651298f79c6169e0960:4010", "codigo_indicio": "266004", "nombre_mina": "LAS MOREIRAS RIO CAMBA", "provincia": "ORENSE", "municipio": "Viana do Bolo", "morfologia": "Aluvionar", "tipo_au": "aluvial", "deposit_id": "dep_medulas_de_teijeira", "district_id": "dist_galicia_viana_del_bollo", "estado_presencia": "confirmada"}}, {"type": "Feature", "geometry": {"type": "Point", "coordinates": [-7.119214, 42.151283]}, "properties": {"record_id": "gpkg:44f874e0d3404a1c13ef2b13e6ecb8ea39b189992e387651298f79c6169e0960:4022", "codigo_indicio": "266016", "nombre_mina": "LAS MEDULAS DE TEI JEIRA.", "provincia": "ORENSE", "municipio": "Viana do Bolo", "morfologia": "Aluvionar", "tipo_au": "aluvial", "deposit_id": "dep_medulas_de_teijeira", "district_id": "dist_galicia_viana_del_bollo", "estado_presencia": "confirmada"}}, {"type": "Feature", "geometry": {"type": "Point", "coordinates": [-6.329105, 42.141096]}, "properties": {"record_id": "gpkg:44f874e0d3404a1c13ef2b13e6ecb8ea39b189992e387651298f79c6169e0960:4029", "codigo_indicio": "268001", "nombre_mina": "RIO DE LA RIVERA", "provincia": "ZAMORA", "municipio": "Muelas de los Caballeros", "morfologia": "Aluvionar", "tipo_au": "aluvial", "deposit_id": "", "district_id": "", "estado_presencia": "pendiente"}}, {"type": "Feature", "geometry": {"type": "Point", "coordinates": [-6.376742, 42.109776]}, "properties": {"record_id": "gpkg:44f874e0d3404a1c13ef2b13e6ecb8ea39b189992e387651298f79c6169e0960:4030", "codigo_indicio": "268002", "nombre_mina": "OCELO DE ESPADAÑEDO", "provincia": "ZAMORA", "municipio": "Espadañedo", "morfologia": "Aluvionar", "tipo_au": "aluvial", "deposit_id": "", "district_id": "", "estado_presencia": "pendiente"}}, {"type": "Feature", "geometry": {"type": "Point", "coordinates": [-6.08775, 42.16552]}, "properties": {"record_id": "gpkg:44f874e0d3404a1c13ef2b13e6ecb8ea39b189992e387651298f79c6169e0960:4038", "codigo_indicio": "269007", "nombre_mina": "Labores de Valseco", "provincia": "LEON", "municipio": "Castrocontrigo", "morfologia": "Aluvionar", "tipo_au": "aluvial", "deposit_id": "", "district_id": "", "estado_presencia": "pendiente"}}, {"type": "Feature", "geometry": {"type": "Point", "coordinates": [-8.810954, 41.929216]}, "properties": {"record_id": "gpkg:44f874e0d3404a1c13ef2b13e6ecb8ea39b189992e387651298f79c6169e0960:4078", "codigo_indicio": "299003", "nombre_mina": "MORAN", "provincia": "PONTEVEDRA", "municipio": "Rosal, O", "morfologia": "Desconocida", "tipo_au": "desconocido", "deposit_id": "", "district_id": "", "estado_presencia": "pendiente"}}, {"type": "Feature", "geometry": {"type": "Point", "coordinates": [-8.821781, 41.935087]}, "properties": {"record_id": "gpkg:44f874e0d3404a1c13ef2b13e6ecb8ea39b189992e387651298f79c6169e0960:4082", "codigo_indicio": "299007", "nombre_mina": "VALDEMIÑOTOS", "provincia": "PONTEVEDRA", "municipio": "Rosal, O", "morfologia": "Filoniana", "tipo_au": "roca", "deposit_id": "", "district_id": "", "estado_presencia": "pendiente"}}, {"type": "Feature", "geometry": {"type": "Point", "coordinates": [-8.8218, 41.928332]}, "properties": {"record_id": "gpkg:44f874e0d3404a1c13ef2b13e6ecb8ea39b189992e387651298f79c6169e0960:4083", "codigo_indicio": "299008", "nombre_mina": "VALDEMIÑOTOS", "provincia": "PONTEVEDRA", "municipio": "Rosal, O", "morfologia": "Filoniana", "tipo_au": "roca", "deposit_id": "", "district_id": "", "estado_presencia": "pendiente"}}, {"type": "Feature", "geometry": {"type": "Point", "coordinates": [-6.839006, 41.945513]}, "properties": {"record_id": "gpkg:44f874e0d3404a1c13ef2b13e6ecb8ea39b189992e387651298f79c6169e0960:4139", "codigo_indicio": "305009", "nombre_mina": "Indicio Aurífero", "provincia": "ZAMORA", "municipio": "Hermisende", "morfologia": "Desconocida", "tipo_au": "desconocido", "deposit_id": "", "district_id": "", "estado_presencia": "pendiente"}}, {"type": "Feature", "geometry": {"type": "Point", "coordinates": [-6.842273, 41.955931]}, "properties": {"record_id": "gpkg:44f874e0d3404a1c13ef2b13e6ecb8ea39b189992e387651298f79c6169e0960:4140", "codigo_indicio": "305010", "nombre_mina": "La Bismadre", "provincia": "ZAMORA", "municipio": "Hermisende", "morfologia": "Filoniana", "tipo_au": "roca", "deposit_id": "", "district_id": "", "estado_presencia": "pendiente"}}, {"type": "Feature", "geometry": {"type": "Point", "coordinates": [-6.017061, 41.721762]}, "properties": {"record_id": "gpkg:44f874e0d3404a1c13ef2b13e6ecb8ea39b189992e387651298f79c6169e0960:4247", "codigo_indicio": "339020", "nombre_mina": "Las Cogollas(Generala y Brigadiera).", "provincia": "ZAMORA", "municipio": "Losacio", "morfologia": "Filoniana", "tipo_au": "roca", "deposit_id": "", "district_id": "", "estado_presencia": "pendiente"}}, {"type": "Feature", "geometry": {"type": "Point", "coordinates": [-6.160734, 41.61193]}, "properties": {"record_id": "gpkg:44f874e0d3404a1c13ef2b13e6ecb8ea39b189992e387651298f79c6169e0960:4343", "codigo_indicio": "368001", "nombre_mina": "Indicio Aurífero", "provincia": "ZAMORA", "municipio": "Fonfría", "morfologia": "Filoniana", "tipo_au": "roca", "deposit_id": "", "district_id": "", "estado_presencia": "pendiente"}}, {"type": "Feature", "geometry": {"type": "Point", "coordinates": [-6.115348, 41.580179]}, "properties": {"record_id": "gpkg:44f874e0d3404a1c13ef2b13e6ecb8ea39b189992e387651298f79c6169e0960:4344", "codigo_indicio": "368002", "nombre_mina": "Arroyo del Gibrero", "provincia": "ZAMORA", "municipio": "Pino", "morfologia": "Irregular", "tipo_au": "roca", "deposit_id": "dep_pino_del_oro", "district_id": "dist_zamora_duero", "estado_presencia": "confirmada"}}, {"type": "Feature", "geometry": {"type": "Point", "coordinates": [-6.124473, 41.577256]}, "properties": {"record_id": "gpkg:44f874e0d3404a1c13ef2b13e6ecb8ea39b189992e387651298f79c6169e0960:4345", "codigo_indicio": "368003", "nombre_mina": "Afueras de Pino", "provincia": "ZAMORA", "municipio": "Pino", "morfologia": "Filoniana", "tipo_au": "roca", "deposit_id": "dep_pino_del_oro", "district_id": "dist_zamora_duero", "estado_presencia": "confirmada"}}, {"type": "Feature", "geometry": {"type": "Point", "coordinates": [-6.104987, 41.570463]}, "properties": {"record_id": "gpkg:44f874e0d3404a1c13ef2b13e6ecb8ea39b189992e387651298f79c6169e0960:4346", "codigo_indicio": "368004", "nombre_mina": "Nuevo", "provincia": "ZAMORA", "municipio": "Pino", "morfologia": "Filoniana", "tipo_au": "roca", "deposit_id": "dep_pino_del_oro", "district_id": "dist_zamora_duero", "estado_presencia": "confirmada"}}, {"type": "Feature", "geometry": {"type": "Point", "coordinates": [-6.164409, 41.61022]}, "properties": {"record_id": "gpkg:44f874e0d3404a1c13ef2b13e6ecb8ea39b189992e387651298f79c6169e0960:4350", "codigo_indicio": "368008", "nombre_mina": "Indicio Aurífero", "provincia": "ZAMORA", "municipio": "Fonfría", "morfologia": "Filoniana", "tipo_au": "roca", "deposit_id": "", "district_id": "", "estado_presencia": "pendiente"}}, {"type": "Feature", "geometry": {"type": "Point", "coordinates": [-6.119221, 41.587481]}, "properties": {"record_id": "gpkg:44f874e0d3404a1c13ef2b13e6ecb8ea39b189992e387651298f79c6169e0960:4361", "codigo_indicio": "368019", "nombre_mina": "Indicio Aurífero", "provincia": "ZAMORA", "municipio": "Pino", "morfologia": "Filoniana", "tipo_au": "roca", "deposit_id": "dep_pino_del_oro", "district_id": "dist_zamora_duero", "estado_presencia": "confirmada"}}, {"type": "Feature", "geometry": {"type": "Point", "coordinates": [-6.12707, 41.599836]}, "properties": {"record_id": "gpkg:44f874e0d3404a1c13ef2b13e6ecb8ea39b189992e387651298f79c6169e0960:4362", "codigo_indicio": "368020", "nombre_mina": "Indicio Aurífero", "provincia": "ZAMORA", "municipio": "Pino", "morfologia": "Filoniana", "tipo_au": "roca", "deposit_id": "dep_pino_del_oro", "district_id": "dist_zamora_duero", "estado_presencia": "confirmada"}}, {"type": "Feature", "geometry": {"type": "Point", "coordinates": [-6.131703, 41.590045]}, "properties": {"record_id": "gpkg:44f874e0d3404a1c13ef2b13e6ecb8ea39b189992e387651298f79c6169e0960:4363", "codigo_indicio": "368021", "nombre_mina": "El Facho", "provincia": "ZAMORA", "municipio": "Pino", "morfologia": "Filoniana", "tipo_au": "roca", "deposit_id": "dep_pino_del_oro", "district_id": "dist_zamora_duero", "estado_presencia": "confirmada"}}, {"type": "Feature", "geometry": {"type": "Point", "coordinates": [-6.134779, 41.588321]}, "properties": {"record_id": "gpkg:44f874e0d3404a1c13ef2b13e6ecb8ea39b189992e387651298f79c6169e0960:4364", "codigo_indicio": "368022", "nombre_mina": "Ladrón", "provincia": "ZAMORA", "municipio": "Pino", "morfologia": "Filoniana", "tipo_au": "roca", "deposit_id": "dep_pino_del_oro", "district_id": "dist_zamora_duero", "estado_presencia": "confirmada"}}, {"type": "Feature", "geometry": {"type": "Point", "coordinates": [-6.132422, 41.587361]}, "properties": {"record_id": "gpkg:44f874e0d3404a1c13ef2b13e6ecb8ea39b189992e387651298f79c6169e0960:4365", "codigo_indicio": "368023", "nombre_mina": "Indicio Aurífero", "provincia": "ZAMORA", "municipio": "Pino", "morfologia": "Filoniana", "tipo_au": "roca", "deposit_id": "dep_pino_del_oro", "district_id": "dist_zamora_duero", "estado_presencia": "confirmada"}}, {"type": "Feature", "geometry": {"type": "Point", "coordinates": [-6.122556, 41.57991]}, "properties": {"record_id": "gpkg:44f874e0d3404a1c13ef2b13e6ecb8ea39b189992e387651298f79c6169e0960:4366", "codigo_indicio": "368024", "nombre_mina": "Indicio Aurífero", "provincia": "ZAMORA", "municipio": "Pino", "morfologia": "Irregular", "tipo_au": "roca", "deposit_id": "dep_pino_del_oro", "district_id": "dist_zamora_duero", "estado_presencia": "confirmada"}}, {"type": "Feature", "geometry": {"type": "Point", "coordinates": [-6.124833, 41.582669]}, "properties": {"record_id": "gpkg:44f874e0d3404a1c13ef2b13e6ecb8ea39b189992e387651298f79c6169e0960:4367", "codigo_indicio": "368025", "nombre_mina": "Indicio Aurífero", "provincia": "ZAMORA", "municipio": "Pino", "morfologia": "Filoniana", "tipo_au": "roca", "deposit_id": "dep_pino_del_oro", "district_id": "dist_zamora_duero", "estado_presencia": "confirmada"}}, {"type": "Feature", "geometry": {"type": "Point", "coordinates": [-6.132141, 41.58015]}, "properties": {"record_id": "gpkg:44f874e0d3404a1c13ef2b13e6ecb8ea39b189992e387651298f79c6169e0960:4368", "codigo_indicio": "368026", "nombre_mina": "Indicio Aurífero", "provincia": "ZAMORA", "municipio": "Pino", "morfologia": "Filoniana", "tipo_au": "roca", "deposit_id": "dep_pino_del_oro", "district_id": "dist_zamora_duero", "estado_presencia": "confirmada"}}, {"type": "Feature", "geometry": {"type": "Point", "coordinates": [-6.134438, 41.582458]}, "properties": {"record_id": "gpkg:44f874e0d3404a1c13ef2b13e6ecb8ea39b189992e387651298f79c6169e0960:4369", "codigo_indicio": "368027", "nombre_mina": "Indicio Aurífero", "provincia": "ZAMORA", "municipio": "Pino", "morfologia": "Desconocida", "tipo_au": "roca", "deposit_id": "dep_pino_del_oro", "district_id": "dist_zamora_duero", "estado_presencia": "confirmada"}}, {"type": "Feature", "geometry": {"type": "Point", "coordinates": [-6.136315, 41.580704]}, "properties": {"record_id": "gpkg:44f874e0d3404a1c13ef2b13e6ecb8ea39b189992e387651298f79c6169e0960:4370", "codigo_indicio": "368028", "nombre_mina": "Indicio Aurífero", "provincia": "ZAMORA", "municipio": "Pino", "morfologia": "Irregular", "tipo_au": "roca", "deposit_id": "dep_pino_del_oro", "district_id": "dist_zamora_duero", "estado_presencia": "confirmada"}}, {"type": "Feature", "geometry": {"type": "Point", "coordinates": [-6.136755, 41.584317]}, "properties": {"record_id": "gpkg:44f874e0d3404a1c13ef2b13e6ecb8ea39b189992e387651298f79c6169e0960:4371", "codigo_indicio": "368029", "nombre_mina": "Indicio Aurífero", "provincia": "ZAMORA", "municipio": "Pino", "morfologia": "Filoniana", "tipo_au": "roca", "deposit_id": "dep_pino_del_oro", "district_id": "dist_zamora_duero", "estado_presencia": "confirmada"}}, {"type": "Feature", "geometry": {"type": "Point", "coordinates": [-6.136655, 41.586566]}, "properties": {"record_id": "gpkg:44f874e0d3404a1c13ef2b13e6ecb8ea39b189992e387651298f79c6169e0960:4372", "codigo_indicio": "368030", "nombre_mina": "Indicio Aurífero", "provincia": "ZAMORA", "municipio": "Pino", "morfologia": "Filoniana", "tipo_au": "roca", "deposit_id": "dep_pino_del_oro", "district_id": "dist_zamora_duero", "estado_presencia": "confirmada"}}, {"type": "Feature", "geometry": {"type": "Point", "coordinates": [-6.152154, 41.588753]}, "properties": {"record_id": "gpkg:44f874e0d3404a1c13ef2b13e6ecb8ea39b189992e387651298f79c6169e0960:4373", "codigo_indicio": "368031", "nombre_mina": "Indicio Aurífero", "provincia": "ZAMORA", "municipio": "Pino", "morfologia": "Desconocida", "tipo_au": "roca", "deposit_id": "dep_pino_del_oro", "district_id": "dist_zamora_duero", "estado_presencia": "confirmada"}}, {"type": "Feature", "geometry": {"type": "Point", "coordinates": [-6.151475, 41.590537]}, "properties": {"record_id": "gpkg:44f874e0d3404a1c13ef2b13e6ecb8ea39b189992e387651298f79c6169e0960:4374", "codigo_indicio": "368032", "nombre_mina": "Indicio Aurífero", "provincia": "ZAMORA", "municipio": "Pino", "morfologia": "Filoniana", "tipo_au": "roca", "deposit_id": "dep_pino_del_oro", "district_id": "dist_zamora_duero", "estado_presencia": "confirmada"}}, {"type": "Feature", "geometry": {"type": "Point", "coordinates": [-6.153872, 41.590596]}, "properties": {"record_id": "gpkg:44f874e0d3404a1c13ef2b13e6ecb8ea39b189992e387651298f79c6169e0960:4375", "codigo_indicio": "368033", "nombre_mina": "Indicio Aurífero", "provincia": "ZAMORA", "municipio": "Pino", "morfologia": "Desconocida", "tipo_au": "roca", "deposit_id": "dep_pino_del_oro", "district_id": "dist_zamora_duero", "estado_presencia": "confirmada"}}, {"type": "Feature", "geometry": {"type": "Point", "coordinates": [-6.145484, 41.590388]}, "properties": {"record_id": "gpkg:44f874e0d3404a1c13ef2b13e6ecb8ea39b189992e387651298f79c6169e0960:4376", "codigo_indicio": "368034", "nombre_mina": "Indicio Aurífero", "provincia": "ZAMORA", "municipio": "Pino", "morfologia": "Irregular", "tipo_au": "roca", "deposit_id": "dep_pino_del_oro", "district_id": "dist_zamora_duero", "estado_presencia": "confirmada"}}, {"type": "Feature", "geometry": {"type": "Point", "coordinates": [-6.134898, 41.585622]}, "properties": {"record_id": "gpkg:44f874e0d3404a1c13ef2b13e6ecb8ea39b189992e387651298f79c6169e0960:4377", "codigo_indicio": "368035", "nombre_mina": "Indicio Aurífero", "provincia": "ZAMORA", "municipio": "Pino", "morfologia": "Filoniana", "tipo_au": "roca", "deposit_id": "dep_pino_del_oro", "district_id": "dist_zamora_duero", "estado_presencia": "confirmada"}}, {"type": "Feature", "geometry": {"type": "Point", "coordinates": [-6.145821, 41.582742]}, "properties": {"record_id": "gpkg:44f874e0d3404a1c13ef2b13e6ecb8ea39b189992e387651298f79c6169e0960:4378", "codigo_indicio": "368036", "nombre_mina": "Indicio Aurífero", "provincia": "ZAMORA", "municipio": "Pino", "morfologia": "Desconocida", "tipo_au": "roca", "deposit_id": "dep_pino_del_oro", "district_id": "dist_zamora_duero", "estado_presencia": "confirmada"}}, {"type": "Feature", "geometry": {"type": "Point", "coordinates": [-6.140505, 41.567299]}, "properties": {"record_id": "gpkg:44f874e0d3404a1c13ef2b13e6ecb8ea39b189992e387651298f79c6169e0960:4379", "codigo_indicio": "368037", "nombre_mina": "Indicio Aurífero", "provincia": "ZAMORA", "municipio": "Pino", "morfologia": "Filoniana", "tipo_au": "roca", "deposit_id": "dep_pino_del_oro", "district_id": "dist_zamora_duero", "estado_presencia": "confirmada"}}, {"type": "Feature", "geometry": {"type": "Point", "coordinates": [-6.137331, 41.571273]}, "properties": {"record_id": "gpkg:44f874e0d3404a1c13ef2b13e6ecb8ea39b189992e387651298f79c6169e0960:4380", "codigo_indicio": "368038", "nombre_mina": "Indicio Aurífero", "provincia": "ZAMORA", "municipio": "Pino", "morfologia": "Filoniana", "tipo_au": "roca", "deposit_id": "dep_pino_del_oro", "district_id": "dist_zamora_duero", "estado_presencia": "confirmada"}}, {"type": "Feature", "geometry": {"type": "Point", "coordinates": [-6.607794, 41.187086]}, "properties": {"record_id": "gpkg:44f874e0d3404a1c13ef2b13e6ecb8ea39b189992e387651298f79c6169e0960:4642", "codigo_indicio": "422002", "nombre_mina": "Indicio Aurífero", "provincia": "SALAMANCA", "municipio": "Masueco", "morfologia": "Filoniana", "tipo_au": "roca", "deposit_id": "", "district_id": "", "estado_presencia": "pendiente"}}, {"type": "Feature", "geometry": {"type": "Point", "coordinates": [-6.584182, 41.196951]}, "properties": {"record_id": "gpkg:44f874e0d3404a1c13ef2b13e6ecb8ea39b189992e387651298f79c6169e0960:4644", "codigo_indicio": "422004", "nombre_mina": "Mina Morina ó Mina Plus Ultra", "provincia": "SALAMANCA", "municipio": "Masueco", "morfologia": "Filoniana", "tipo_au": "roca", "deposit_id": "", "district_id": "", "estado_presencia": "pendiente"}}, {"type": "Feature", "geometry": {"type": "Point", "coordinates": [-6.586234, 41.189788]}, "properties": {"record_id": "gpkg:44f874e0d3404a1c13ef2b13e6ecb8ea39b189992e387651298f79c6169e0960:4645", "codigo_indicio": "422005", "nombre_mina": "Los Llameros", "provincia": "SALAMANCA", "municipio": "Masueco", "morfologia": "Filoniana", "tipo_au": "roca", "deposit_id": "", "district_id": "", "estado_presencia": "pendiente"}}, {"type": "Feature", "geometry": {"type": "Point", "coordinates": [-6.58769, 41.182613]}, "properties": {"record_id": "gpkg:44f874e0d3404a1c13ef2b13e6ecb8ea39b189992e387651298f79c6169e0960:4646", "codigo_indicio": "422006", "nombre_mina": "Navacarros", "provincia": "SALAMANCA", "municipio": "Masueco", "morfologia": "Filoniana", "tipo_au": "roca", "deposit_id": "", "district_id": "", "estado_presencia": "pendiente"}}, {"type": "Feature", "geometry": {"type": "Point", "coordinates": [-6.547916, 41.210145]}, "properties": {"record_id": "gpkg:44f874e0d3404a1c13ef2b13e6ecb8ea39b189992e387651298f79c6169e0960:4647", "codigo_indicio": "422007", "nombre_mina": "Indicio Aurífero", "provincia": "SALAMANCA", "municipio": "Pereña de la Ribera", "morfologia": "Filoniana", "tipo_au": "roca", "deposit_id": "", "district_id": "", "estado_presencia": "pendiente"}}, {"type": "Feature", "geometry": {"type": "Point", "coordinates": [-6.632668, 41.191653]}, "properties": {"record_id": "gpkg:44f874e0d3404a1c13ef2b13e6ecb8ea39b189992e387651298f79c6169e0960:4649", "codigo_indicio": "422009", "nombre_mina": "Indicio Aurífero", "provincia": "SALAMANCA", "municipio": "Aldeadávila de la Ribera", "morfologia": "Filoniana", "tipo_au": "roca", "deposit_id": "", "district_id": "", "estado_presencia": "pendiente"}}, {"type": "Feature", "geometry": {"type": "Point", "coordinates": [-6.618207, 41.195858]}, "properties": {"record_id": "gpkg:44f874e0d3404a1c13ef2b13e6ecb8ea39b189992e387651298f79c6169e0960:4650", "codigo_indicio": "422010", "nombre_mina": "Indicio Aurífero", "provincia": "SALAMANCA", "municipio": "Aldeadávila de la Ribera", "morfologia": "Filoniana", "tipo_au": "roca", "deposit_id": "", "district_id": "", "estado_presencia": "pendiente"}}, {"type": "Feature", "geometry": {"type": "Point", "coordinates": [-6.271596, 41.315608]}, "properties": {"record_id": "gpkg:44f874e0d3404a1c13ef2b13e6ecb8ea39b189992e387651298f79c6169e0960:4651", "codigo_indicio": "422011", "nombre_mina": "Pelazas", "provincia": "ZAMORA", "municipio": "Villar del Buey", "morfologia": "Filoniana", "tipo_au": "roca", "deposit_id": "", "district_id": "", "estado_presencia": "pendiente"}}, {"type": "Feature", "geometry": {"type": "Point", "coordinates": [-6.641708, 41.005842]}, "properties": {"record_id": "gpkg:44f874e0d3404a1c13ef2b13e6ecb8ea39b189992e387651298f79c6169e0960:4837", "codigo_indicio": "449005", "nombre_mina": "Revillano o Rajadero", "provincia": "SALAMANCA", "municipio": "Saldeana", "morfologia": "Filoniana", "tipo_au": "roca", "deposit_id": "", "district_id": "", "estado_presencia": "pendiente"}}, {"type": "Feature", "geometry": {"type": "Point", "coordinates": [-6.572188, 41.004849]}, "properties": {"record_id": "gpkg:44f874e0d3404a1c13ef2b13e6ecb8ea39b189992e387651298f79c6169e0960:4838", "codigo_indicio": "449006", "nombre_mina": "Indicio Aurífero", "provincia": "SALAMANCA", "municipio": "Villasbuenas", "morfologia": "Filoniana", "tipo_au": "roca", "deposit_id": "", "district_id": "", "estado_presencia": "pendiente"}}, {"type": "Feature", "geometry": {"type": "Point", "coordinates": [-6.558655, 41.017173]}, "properties": {"record_id": "gpkg:44f874e0d3404a1c13ef2b13e6ecb8ea39b189992e387651298f79c6169e0960:4840", "codigo_indicio": "449008", "nombre_mina": "El Bollo", "provincia": "SALAMANCA", "municipio": "Encinasola de los Comendadores", "morfologia": "Filoniana", "tipo_au": "roca", "deposit_id": "", "district_id": "", "estado_presencia": "pendiente"}}, {"type": "Feature", "geometry": {"type": "Point", "coordinates": [-6.649424, 41.073103]}, "properties": {"record_id": "gpkg:44f874e0d3404a1c13ef2b13e6ecb8ea39b189992e387651298f79c6169e0960:4843", "codigo_indicio": "449011", "nombre_mina": "Indicio Aurífero", "provincia": "SALAMANCA", "municipio": "Barruecopardo", "morfologia": "Filoniana", "tipo_au": "roca", "deposit_id": "dep_barruecopardo", "district_id": "dist_salamanca_arribes", "estado_presencia": "confirmada"}}, {"type": "Feature", "geometry": {"type": "Point", "coordinates": [-6.721238, 41.061486]}, "properties": {"record_id": "gpkg:44f874e0d3404a1c13ef2b13e6ecb8ea39b189992e387651298f79c6169e0960:4849", "codigo_indicio": "449017", "nombre_mina": "Mina Conchita", "provincia": "SALAMANCA", "municipio": "Saucelle", "morfologia": "Filoniana", "tipo_au": "roca", "deposit_id": "", "district_id": "", "estado_presencia": "pendiente"}}, {"type": "Feature", "geometry": {"type": "Point", "coordinates": [-6.695202, 41.057365]}, "properties": {"record_id": "gpkg:44f874e0d3404a1c13ef2b13e6ecb8ea39b189992e387651298f79c6169e0960:4850", "codigo_indicio": "449018", "nombre_mina": "Indicio Aurífero", "provincia": "SALAMANCA", "municipio": "Saucelle", "morfologia": "Filoniana", "tipo_au": "roca", "deposit_id": "", "district_id": "", "estado_presencia": "pendiente"}}, {"type": "Feature", "geometry": {"type": "Point", "coordinates": [-6.691056, 41.056832]}, "properties": {"record_id": "gpkg:44f874e0d3404a1c13ef2b13e6ecb8ea39b189992e387651298f79c6169e0960:4851", "codigo_indicio": "449019", "nombre_mina": "Las Cabritas 1 y 2", "provincia": "SALAMANCA", "municipio": "Barruecopardo", "morfologia": "Filoniana", "tipo_au": "roca", "deposit_id": "dep_barruecopardo", "district_id": "dist_salamanca_arribes", "estado_presencia": "confirmada"}}, {"type": "Feature", "geometry": {"type": "Point", "coordinates": [-6.686689, 41.062599]}, "properties": {"record_id": "gpkg:44f874e0d3404a1c13ef2b13e6ecb8ea39b189992e387651298f79c6169e0960:4852", "codigo_indicio": "449020", "nombre_mina": "Indicio Aurífero", "provincia": "SALAMANCA", "municipio": "Barruecopardo", "morfologia": "Filoniana", "tipo_au": "roca", "deposit_id": "dep_barruecopardo", "district_id": "dist_salamanca_arribes", "estado_presencia": "confirmada"}}, {"type": "Feature", "geometry": {"type": "Point", "coordinates": [-6.675328, 41.064171]}, "properties": {"record_id": "gpkg:44f874e0d3404a1c13ef2b13e6ecb8ea39b189992e387651298f79c6169e0960:4855", "codigo_indicio": "449023", "nombre_mina": "Indicio Aurífero", "provincia": "SALAMANCA", "municipio": "Barruecopardo", "morfologia": "Filoniana", "tipo_au": "roca", "deposit_id": "dep_barruecopardo", "district_id": "dist_salamanca_arribes", "estado_presencia": "confirmada"}}, {"type": "Feature", "geometry": {"type": "Point", "coordinates": [-6.66502, 41.002263]}, "properties": {"record_id": "gpkg:44f874e0d3404a1c13ef2b13e6ecb8ea39b189992e387651298f79c6169e0960:4858", "codigo_indicio": "449026", "nombre_mina": "Indicio Aurífero", "provincia": "SALAMANCA", "municipio": "Bermellar", "morfologia": "Filoniana", "tipo_au": "roca", "deposit_id": "", "district_id": "", "estado_presencia": "pendiente"}}, {"type": "Feature", "geometry": {"type": "Point", "coordinates": [-6.657812, 41.004369]}, "properties": {"record_id": "gpkg:44f874e0d3404a1c13ef2b13e6ecb8ea39b189992e387651298f79c6169e0960:4859", "codigo_indicio": "449027", "nombre_mina": "Indicio Aurífero", "provincia": "SALAMANCA", "municipio": "Bermellar", "morfologia": "Filoniana", "tipo_au": "roca", "deposit_id": "", "district_id": "", "estado_presencia": "pendiente"}}, {"type": "Feature", "geometry": {"type": "Point", "coordinates": [-6.717387, 41.052402]}, "properties": {"record_id": "gpkg:44f874e0d3404a1c13ef2b13e6ecb8ea39b189992e387651298f79c6169e0960:4885", "codigo_indicio": "449053", "nombre_mina": "LAS LLAGAS", "provincia": "SALAMANCA", "municipio": "Saucelle", "morfologia": "Filoniana", "tipo_au": "roca", "deposit_id": "", "district_id": "", "estado_presencia": "pendiente"}}, {"type": "Feature", "geometry": {"type": "Point", "coordinates": [-6.700834, 41.066485]}, "properties": {"record_id": "gpkg:44f874e0d3404a1c13ef2b13e6ecb8ea39b189992e387651298f79c6169e0960:4888", "codigo_indicio": "449056", "nombre_mina": "Fuentes del Ucedo", "provincia": "SALAMANCA", "municipio": "Saucelle", "morfologia": "Filoniana", "tipo_au": "roca", "deposit_id": "", "district_id": "", "estado_presencia": "pendiente"}}, {"type": "Feature", "geometry": {"type": "Point", "coordinates": [-6.714651, 41.062706]}, "properties": {"record_id": "gpkg:44f874e0d3404a1c13ef2b13e6ecb8ea39b189992e387651298f79c6169e0960:4889", "codigo_indicio": "449057", "nombre_mina": "MINA MARTA", "provincia": "SALAMANCA", "municipio": "Saucelle", "morfologia": "Filoniana", "tipo_au": "roca", "deposit_id": "", "district_id": "", "estado_presencia": "pendiente"}}, {"type": "Feature", "geometry": {"type": "Point", "coordinates": [-6.503227, 41.083538]}, "properties": {"record_id": "gpkg:44f874e0d3404a1c13ef2b13e6ecb8ea39b189992e387651298f79c6169e0960:4892", "codigo_indicio": "450002", "nombre_mina": "Mina Saturno", "provincia": "SALAMANCA", "municipio": "Valderrodrigo", "morfologia": "Filoniana", "tipo_au": "roca", "deposit_id": "", "district_id": "", "estado_presencia": "pendiente"}}, {"type": "Feature", "geometry": {"type": "Point", "coordinates": [-6.48179, 41.06821]}, "properties": {"record_id": "gpkg:44f874e0d3404a1c13ef2b13e6ecb8ea39b189992e387651298f79c6169e0960:4901", "codigo_indicio": "450011", "nombre_mina": "Indicio Aurífero", "provincia": "SALAMANCA", "municipio": "Barceo", "morfologia": "Filoniana", "tipo_au": "roca", "deposit_id": "", "district_id": "", "estado_presencia": "pendiente"}}, {"type": "Feature", "geometry": {"type": "Point", "coordinates": [-3.267744, 41.026128]}, "properties": {"record_id": "gpkg:44f874e0d3404a1c13ef2b13e6ecb8ea39b189992e387651298f79c6169e0960:4935", "codigo_indicio": "459006", "nombre_mina": "DOLORES", "provincia": "GUADALAJARA", "municipio": "Tamajón", "morfologia": "Filoniana", "tipo_au": "roca", "deposit_id": "", "district_id": "", "estado_presencia": "pendiente"}}, {"type": "Feature", "geometry": {"type": "Point", "coordinates": [-3.267715, 41.018922]}, "properties": {"record_id": "gpkg:44f874e0d3404a1c13ef2b13e6ecb8ea39b189992e387651298f79c6169e0960:4936", "codigo_indicio": "459007", "nombre_mina": "Indicio Aurífero", "provincia": "GUADALAJARA", "municipio": "Tamajón", "morfologia": "Filoniana", "tipo_au": "roca", "deposit_id": "", "district_id": "", "estado_presencia": "pendiente"}}, {"type": "Feature", "geometry": {"type": "Point", "coordinates": [-3.264107, 41.009021]}, "properties": {"record_id": "gpkg:44f874e0d3404a1c13ef2b13e6ecb8ea39b189992e387651298f79c6169e0960:4940", "codigo_indicio": "459011", "nombre_mina": "PILAR (LA VISTOSA)", "provincia": "GUADALAJARA", "municipio": "Tamajón", "morfologia": "Filoniana", "tipo_au": "roca", "deposit_id": "", "district_id": "", "estado_presencia": "pendiente"}}, {"type": "Feature", "geometry": {"type": "Point", "coordinates": [-3.26393, 41.024335]}, "properties": {"record_id": "gpkg:44f874e0d3404a1c13ef2b13e6ecb8ea39b189992e387651298f79c6169e0960:4941", "codigo_indicio": "459012", "nombre_mina": "MANOLITA", "provincia": "GUADALAJARA", "municipio": "Tamajón", "morfologia": "Filoniana", "tipo_au": "roca", "deposit_id": "", "district_id": "", "estado_presencia": "pendiente"}}, {"type": "Feature", "geometry": {"type": "Point", "coordinates": [-3.306038, 41.076028]}, "properties": {"record_id": "gpkg:44f874e0d3404a1c13ef2b13e6ecb8ea39b189992e387651298f79c6169e0960:4942", "codigo_indicio": "459013", "nombre_mina": "CONSUELO", "provincia": "GUADALAJARA", "municipio": "Campillo de Ranas", "morfologia": "Filoniana", "tipo_au": "roca", "deposit_id": "", "district_id": "", "estado_presencia": "pendiente"}}, {"type": "Feature", "geometry": {"type": "Point", "coordinates": [-3.280001, 41.055556]}, "properties": {"record_id": "gpkg:44f874e0d3404a1c13ef2b13e6ecb8ea39b189992e387651298f79c6169e0960:4943", "codigo_indicio": "459014", "nombre_mina": "MERCEDES", "provincia": "GUADALAJARA", "municipio": "Campillo de Ranas", "morfologia": "Filoniana", "tipo_au": "roca", "deposit_id": "", "district_id": "", "estado_presencia": "pendiente"}}, {"type": "Feature", "geometry": {"type": "Point", "coordinates": [-3.310583, 41.156638]}, "properties": {"record_id": "gpkg:44f874e0d3404a1c13ef2b13e6ecb8ea39b189992e387651298f79c6169e0960:4944", "codigo_indicio": "459015", "nombre_mina": "Divina.", "provincia": "GUADALAJARA", "municipio": "Majaelrayo", "morfologia": "Filoniana", "tipo_au": "roca", "deposit_id": "", "district_id": "", "estado_presencia": "pendiente"}}, {"type": "Feature", "geometry": {"type": "Point", "coordinates": [-3.189025, 41.077359]}, "properties": {"record_id": "gpkg:44f874e0d3404a1c13ef2b13e6ecb8ea39b189992e387651298f79c6169e0960:4946", "codigo_indicio": "459017", "nombre_mina": "Indicio Aurífero", "provincia": "GUADALAJARA", "municipio": "Tamajón", "morfologia": "Filoniana", "tipo_au": "roca", "deposit_id": "", "district_id": "", "estado_presencia": "pendiente"}}, {"type": "Feature", "geometry": {"type": "Point", "coordinates": [-3.214334, 41.062722]}, "properties": {"record_id": "gpkg:44f874e0d3404a1c13ef2b13e6ecb8ea39b189992e387651298f79c6169e0960:4947", "codigo_indicio": "459018", "nombre_mina": "Indicio Aurífero", "provincia": "GUADALAJARA", "municipio": "Tamajón", "morfologia": "Filoniana", "tipo_au": "roca", "deposit_id": "", "district_id": "", "estado_presencia": "pendiente"}}, {"type": "Feature", "geometry": {"type": "Point", "coordinates": [-3.192242, 41.037268]}, "properties": {"record_id": "gpkg:44f874e0d3404a1c13ef2b13e6ecb8ea39b189992e387651298f79c6169e0960:4948", "codigo_indicio": "459019", "nombre_mina": "Indicio Aurífero", "provincia": "GUADALAJARA", "municipio": "Tamajón", "morfologia": "Filoniana", "tipo_au": "roca", "deposit_id": "", "district_id": "", "estado_presencia": "pendiente"}}, {"type": "Feature", "geometry": {"type": "Point", "coordinates": [-6.662724, 40.999965]}, "properties": {"record_id": "gpkg:44f874e0d3404a1c13ef2b13e6ecb8ea39b189992e387651298f79c6169e0960:5060", "codigo_indicio": "475004", "nombre_mina": "La Perenala", "provincia": "SALAMANCA", "municipio": "Bermellar", "morfologia": "Filoniana", "tipo_au": "roca", "deposit_id": "", "district_id": "", "estado_presencia": "pendiente"}}, {"type": "Feature", "geometry": {"type": "Point", "coordinates": [-6.554933, 40.989172]}, "properties": {"record_id": "gpkg:44f874e0d3404a1c13ef2b13e6ecb8ea39b189992e387651298f79c6169e0960:5064", "codigo_indicio": "475008", "nombre_mina": "Indicio Aurífero", "provincia": "SALAMANCA", "municipio": "Encinasola de los Comendadores", "morfologia": "Filoniana", "tipo_au": "roca", "deposit_id": "", "district_id": "", "estado_presencia": "pendiente"}}, {"type": "Feature", "geometry": {"type": "Point", "coordinates": [-5.740963, 40.833976]}, "properties": {"record_id": "gpkg:44f874e0d3404a1c13ef2b13e6ecb8ea39b189992e387651298f79c6169e0960:5123", "codigo_indicio": "478021", "nombre_mina": "San Antonio", "provincia": "SALAMANCA", "municipio": "San Pedro de Rodazos", "morfologia": "Filoniana", "tipo_au": "roca", "deposit_id": "", "district_id": "", "estado_presencia": "pendiente"}}, {"type": "Feature", "geometry": {"type": "Point", "coordinates": [-5.564358, 40.7856]}, "properties": {"record_id": "gpkg:44f874e0d3404a1c13ef2b13e6ecb8ea39b189992e387651298f79c6169e0960:5327", "codigo_indicio": "503068", "nombre_mina": "Pozo de Estaño II / Regato de la Retuerta", "provincia": "SALAMANCA", "municipio": "Martinamor", "morfologia": "Aluvionar", "tipo_au": "aluvial", "deposit_id": "", "district_id": "", "estado_presencia": "pendiente"}}, {"type": "Feature", "geometry": {"type": "Point", "coordinates": [-6.13596, 40.523646]}, "properties": {"record_id": "gpkg:44f874e0d3404a1c13ef2b13e6ecb8ea39b189992e387651298f79c6169e0960:5453", "codigo_indicio": "527001", "nombre_mina": "EL CASARITO", "provincia": "SALAMANCA", "municipio": "Cabaco, El", "morfologia": "Filoniana", "tipo_au": "roca", "deposit_id": "dep_cavenes_el_cabaco", "district_id": "dist_salamanca_sierra_francia", "estado_presencia": "confirmada"}}, {"type": "Feature", "geometry": {"type": "Point", "coordinates": [-6.151442, 40.534603]}, "properties": {"record_id": "gpkg:44f874e0d3404a1c13ef2b13e6ecb8ea39b189992e387651298f79c6169e0960:5454", "codigo_indicio": "527002", "nombre_mina": "EL CABACO", "provincia": "SALAMANCA", "municipio": "Cabaco, El", "morfologia": "Filoniana", "tipo_au": "roca", "deposit_id": "dep_cavenes_el_cabaco", "district_id": "dist_salamanca_sierra_francia", "estado_presencia": "confirmada"}}, {"type": "Feature", "geometry": {"type": "Point", "coordinates": [-6.139043, 40.544114]}, "properties": {"record_id": "gpkg:44f874e0d3404a1c13ef2b13e6ecb8ea39b189992e387651298f79c6169e0960:5458", "codigo_indicio": "527006", "nombre_mina": "LAS CAVENES DE EL CABACO", "provincia": "SALAMANCA", "municipio": "Cabaco, El", "morfologia": "Aluvionar", "tipo_au": "aluvial", "deposit_id": "dep_cavenes_el_cabaco", "district_id": "dist_salamanca_sierra_francia", "estado_presencia": "confirmada"}}, {"type": "Feature", "geometry": {"type": "Point", "coordinates": [-5.637183, 40.623826]}, "properties": {"record_id": "gpkg:44f874e0d3404a1c13ef2b13e6ecb8ea39b189992e387651298f79c6169e0960:5469", "codigo_indicio": "528003", "nombre_mina": "MINA DOMINICA", "provincia": "SALAMANCA", "municipio": "Pizarral", "morfologia": "Filoniana", "tipo_au": "roca", "deposit_id": "", "district_id": "", "estado_presencia": "pendiente"}}, {"type": "Feature", "geometry": {"type": "Point", "coordinates": [-5.707264, 40.602837]}, "properties": {"record_id": "gpkg:44f874e0d3404a1c13ef2b13e6ecb8ea39b189992e387651298f79c6169e0960:5481", "codigo_indicio": "528015", "nombre_mina": "Indicio Aurífero", "provincia": "SALAMANCA", "municipio": "Guijuelo", "morfologia": "Filoniana", "tipo_au": "roca", "deposit_id": "", "district_id": "", "estado_presencia": "pendiente"}}, {"type": "Feature", "geometry": {"type": "Point", "coordinates": [-4.959372, 40.518117]}, "properties": {"record_id": "gpkg:44f874e0d3404a1c13ef2b13e6ecb8ea39b189992e387651298f79c6169e0960:5491", "codigo_indicio": "530004", "nombre_mina": "Indicio Aurífero", "provincia": "AVILA", "municipio": "Hija de Dios, La", "morfologia": "Filoniana", "tipo_au": "roca", "deposit_id": "", "district_id": "", "estado_presencia": "pendiente"}}, {"type": "Feature", "geometry": {"type": "Point", "coordinates": [-6.654623, 40.336848]}, "properties": {"record_id": "gpkg:44f874e0d3404a1c13ef2b13e6ecb8ea39b189992e387651298f79c6169e0960:5592", "codigo_indicio": "550028", "nombre_mina": "Arroyo del Cristo II / La Vega", "provincia": "SALAMANCA", "municipio": "Villasrubias", "morfologia": "Aluvionar", "tipo_au": "aluvial", "deposit_id": "", "district_id": "", "estado_presencia": "pendiente"}}, {"type": "Feature", "geometry": {"type": "Point", "coordinates": [-6.125037, 40.419828]}, "properties": {"record_id": "gpkg:44f874e0d3404a1c13ef2b13e6ecb8ea39b189992e387651298f79c6169e0960:5597", "codigo_indicio": "552001", "nombre_mina": "Río Ladrillar", "provincia": "CACERES", "municipio": "Ladrillar", "morfologia": "Aluvionar", "tipo_au": "aluvial", "deposit_id": "", "district_id": "", "estado_presencia": "pendiente"}}, {"type": "Feature", "geometry": {"type": "Point", "coordinates": [-5.990601, 40.479869]}, "properties": {"record_id": "gpkg:44f874e0d3404a1c13ef2b13e6ecb8ea39b189992e387651298f79c6169e0960:5598", "codigo_indicio": "552002", "nombre_mina": "La Laguna / Las Escuelas", "provincia": "SALAMANCA", "municipio": "Miranda del Castañar", "morfologia": "Filoniana", "tipo_au": "roca", "deposit_id": "", "district_id": "", "estado_presencia": "pendiente"}}, {"type": "Feature", "geometry": {"type": "Point", "coordinates": [-5.997772, 40.479845]}, "properties": {"record_id": "gpkg:44f874e0d3404a1c13ef2b13e6ecb8ea39b189992e387651298f79c6169e0960:5610", "codigo_indicio": "552014", "nombre_mina": "Sur de Miranda", "provincia": "SALAMANCA", "municipio": "Miranda del Castañar", "morfologia": "Filoniana", "tipo_au": "roca", "deposit_id": "", "district_id": "", "estado_presencia": "pendiente"}}, {"type": "Feature", "geometry": {"type": "Point", "coordinates": [-6.895256, 40.234589]}, "properties": {"record_id": "gpkg:44f874e0d3404a1c13ef2b13e6ecb8ea39b189992e387651298f79c6169e0960:5687", "codigo_indicio": "572008", "nombre_mina": "Indicio Aurífero", "provincia": "CACERES", "municipio": "Valverde del Fresno", "morfologia": "Filoniana", "tipo_au": "roca", "deposit_id": "", "district_id": "", "estado_presencia": "pendiente"}}, {"type": "Feature", "geometry": {"type": "Point", "coordinates": [-6.94911, 40.215612]}, "properties": {"record_id": "gpkg:44f874e0d3404a1c13ef2b13e6ecb8ea39b189992e387651298f79c6169e0960:5688", "codigo_indicio": "572009", "nombre_mina": "\"Viero\"", "provincia": "CACERES", "municipio": "Valverde del Fresno", "morfologia": "Filoniana", "tipo_au": "roca", "deposit_id": "dep_viero_valverde", "district_id": "dist_caceres_sierra_gata", "estado_presencia": "confirmada"}}, {"type": "Feature", "geometry": {"type": "Point", "coordinates": [-6.948962, 40.208853]}, "properties": {"record_id": "gpkg:44f874e0d3404a1c13ef2b13e6ecb8ea39b189992e387651298f79c6169e0960:5689", "codigo_indicio": "572010", "nombre_mina": "\"viero\"", "provincia": "CACERES", "municipio": "Valverde del Fresno", "morfologia": "Filoniana", "tipo_au": "roca", "deposit_id": "dep_viero_valverde", "district_id": "dist_caceres_sierra_gata", "estado_presencia": "confirmada"}}, {"type": "Feature", "geometry": {"type": "Point", "coordinates": [-6.940039, 40.200857]}, "properties": {"record_id": "gpkg:44f874e0d3404a1c13ef2b13e6ecb8ea39b189992e387651298f79c6169e0960:5690", "codigo_indicio": "572011", "nombre_mina": "\"viero\"", "provincia": "CACERES", "municipio": "Valverde del Fresno", "morfologia": "Filoniana", "tipo_au": "roca", "deposit_id": "dep_viero_valverde", "district_id": "dist_caceres_sierra_gata", "estado_presencia": "confirmada"}}, {"type": "Feature", "geometry": {"type": "Point", "coordinates": [-6.947766, 40.197842]}, "properties": {"record_id": "gpkg:44f874e0d3404a1c13ef2b13e6ecb8ea39b189992e387651298f79c6169e0960:5691", "codigo_indicio": "572012", "nombre_mina": "\"viero\"", "provincia": "CACERES", "municipio": "Valverde del Fresno", "morfologia": "Filoniana", "tipo_au": "roca", "deposit_id": "dep_viero_valverde", "district_id": "dist_caceres_sierra_gata", "estado_presencia": "confirmada"}}, {"type": "Feature", "geometry": {"type": "Point", "coordinates": [-6.511111, 40.271434]}, "properties": {"record_id": "gpkg:44f874e0d3404a1c13ef2b13e6ecb8ea39b189992e387651298f79c6169e0960:5721", "codigo_indicio": "574003", "nombre_mina": "Las Cuevas", "provincia": "CACERES", "municipio": "Santibáñez el Alto", "morfologia": "Filoniana", "tipo_au": "roca", "deposit_id": "", "district_id": "", "estado_presencia": "pendiente"}}, {"type": "Feature", "geometry": {"type": "Point", "coordinates": [-6.396034, 40.203262]}, "properties": {"record_id": "gpkg:44f874e0d3404a1c13ef2b13e6ecb8ea39b189992e387651298f79c6169e0960:5724", "codigo_indicio": "574006", "nombre_mina": "\"Brecha de Navalajara\"", "provincia": "CACERES", "municipio": "Villanueva de la Sierra", "morfologia": "Filoniana", "tipo_au": "roca", "deposit_id": "", "district_id": "", "estado_presencia": "pendiente"}}, {"type": "Feature", "geometry": {"type": "Point", "coordinates": [-6.483901, 40.2571]}, "properties": {"record_id": "gpkg:44f874e0d3404a1c13ef2b13e6ecb8ea39b189992e387651298f79c6169e0960:5733", "codigo_indicio": "574015", "nombre_mina": "Fuente de la Loba", "provincia": "CACERES", "municipio": "Pinofranqueado", "morfologia": "Filoniana", "tipo_au": "roca", "deposit_id": "", "district_id": "", "estado_presencia": "pendiente"}}, {"type": "Feature", "geometry": {"type": "Point", "coordinates": [-6.480416, 40.262293]}, "properties": {"record_id": "gpkg:44f874e0d3404a1c13ef2b13e6ecb8ea39b189992e387651298f79c6169e0960:5734", "codigo_indicio": "574016", "nombre_mina": "Pozo airón", "provincia": "CACERES", "municipio": "Pinofranqueado", "morfologia": "Filoniana", "tipo_au": "roca", "deposit_id": "", "district_id": "", "estado_presencia": "pendiente"}}, {"type": "Feature", "geometry": {"type": "Point", "coordinates": [-6.488698, 40.254547]}, "properties": {"record_id": "gpkg:44f874e0d3404a1c13ef2b13e6ecb8ea39b189992e387651298f79c6169e0960:5735", "codigo_indicio": "574017", "nombre_mina": "Indicio Aurífero", "provincia": "CACERES", "municipio": "Santibáñez el Alto", "morfologia": "Filoniana", "tipo_au": "roca", "deposit_id": "", "district_id": "", "estado_presencia": "pendiente"}}, {"type": "Feature", "geometry": {"type": "Point", "coordinates": [-6.484878, 40.252932]}, "properties": {"record_id": "gpkg:44f874e0d3404a1c13ef2b13e6ecb8ea39b189992e387651298f79c6169e0960:5736", "codigo_indicio": "574018", "nombre_mina": "Indicio Aurífero", "provincia": "CACERES", "municipio": "Pinofranqueado", "morfologia": "Desconocida", "tipo_au": "desconocido", "deposit_id": "", "district_id": "", "estado_presencia": "pendiente"}}, {"type": "Feature", "geometry": {"type": "Point", "coordinates": [-5.73568, 40.272018]}, "properties": {"record_id": "gpkg:44f874e0d3404a1c13ef2b13e6ecb8ea39b189992e387651298f79c6169e0960:5746", "codigo_indicio": "576002", "nombre_mina": "Mina del Tejadillo", "provincia": "CACERES", "municipio": "Jerte", "morfologia": "Filoniana", "tipo_au": "roca", "deposit_id": "", "district_id": "", "estado_presencia": "pendiente"}}, {"type": "Feature", "geometry": {"type": "Point", "coordinates": [-5.686519, 40.273675]}, "properties": {"record_id": "gpkg:44f874e0d3404a1c13ef2b13e6ecb8ea39b189992e387651298f79c6169e0960:5747", "codigo_indicio": "576003", "nombre_mina": "Mina Mirasol", "provincia": "CACERES", "municipio": "Tornavacas", "morfologia": "Filoniana", "tipo_au": "roca", "deposit_id": "", "district_id": "", "estado_presencia": "pendiente"}}, {"type": "Feature", "geometry": {"type": "Point", "coordinates": [-5.684667, 40.280365]}, "properties": {"record_id": "gpkg:44f874e0d3404a1c13ef2b13e6ecb8ea39b189992e387651298f79c6169e0960:5748", "codigo_indicio": "576004", "nombre_mina": "Mina de La Campana", "provincia": "CACERES", "municipio": "Tornavacas", "morfologia": "Filoniana", "tipo_au": "roca", "deposit_id": "", "district_id": "", "estado_presencia": "pendiente"}}, {"type": "Feature", "geometry": {"type": "Point", "coordinates": [-6.865776, 40.002407]}, "properties": {"record_id": "gpkg:44f874e0d3404a1c13ef2b13e6ecb8ea39b189992e387651298f79c6169e0960:5803", "codigo_indicio": "595002", "nombre_mina": "MERCEDES.", "provincia": "CACERES", "municipio": "Cilleros", "morfologia": "Aluvionar", "tipo_au": "aluvial", "deposit_id": "", "district_id": "", "estado_presencia": "pendiente"}}, {"type": "Feature", "geometry": {"type": "Point", "coordinates": [-6.551608, 40.048442]}, "properties": {"record_id": "gpkg:44f874e0d3404a1c13ef2b13e6ecb8ea39b189992e387651298f79c6169e0960:5816", "codigo_indicio": "596013", "nombre_mina": "El Chivote", "provincia": "CACERES", "municipio": "Calzadilla", "morfologia": "Filoniana", "tipo_au": "roca", "deposit_id": "", "district_id": "", "estado_presencia": "pendiente"}}, {"type": "Feature", "geometry": {"type": "Point", "coordinates": [-6.541928, 40.015105]}, "properties": {"record_id": "gpkg:44f874e0d3404a1c13ef2b13e6ecb8ea39b189992e387651298f79c6169e0960:5817", "codigo_indicio": "596014", "nombre_mina": "Indicio Aurífero", "provincia": "CACERES", "municipio": "Coria", "morfologia": "Aluvionar", "tipo_au": "aluvial", "deposit_id": "", "district_id": "", "estado_presencia": "pendiente"}}, {"type": "Feature", "geometry": {"type": "Point", "coordinates": [-6.535557, 40.08953]}, "properties": {"record_id": "gpkg:44f874e0d3404a1c13ef2b13e6ecb8ea39b189992e387651298f79c6169e0960:5818", "codigo_indicio": "596015", "nombre_mina": "La Pedrera", "provincia": "CACERES", "municipio": "Calzadilla", "morfologia": "Filoniana", "tipo_au": "roca", "deposit_id": "", "district_id": "", "estado_presencia": "pendiente"}}, {"type": "Feature", "geometry": {"type": "Point", "coordinates": [-6.673823, 40.111586]}, "properties": {"record_id": "gpkg:44f874e0d3404a1c13ef2b13e6ecb8ea39b189992e387651298f79c6169e0960:5820", "codigo_indicio": "596017", "nombre_mina": "Río Fresnedoso", "provincia": "CACERES", "municipio": "Moraleja", "morfologia": "Aluvionar", "tipo_au": "aluvial", "deposit_id": "", "district_id": "", "estado_presencia": "pendiente"}}, {"type": "Feature", "geometry": {"type": "Point", "coordinates": [-6.887676, 39.851169]}, "properties": {"record_id": "gpkg:44f874e0d3404a1c13ef2b13e6ecb8ea39b189992e387651298f79c6169e0960:5888", "codigo_indicio": "620001", "nombre_mina": "Vega de La Zorra", "provincia": "CACERES", "municipio": "Zarza la Mayor", "morfologia": "Filoniana", "tipo_au": "roca", "deposit_id": "", "district_id": "", "estado_presencia": "pendiente"}}, {"type": "Feature", "geometry": {"type": "Point", "coordinates": [-5.283909, 39.736836]}, "properties": {"record_id": "gpkg:44f874e0d3404a1c13ef2b13e6ecb8ea39b189992e387651298f79c6169e0960:5969", "codigo_indicio": "653001", "nombre_mina": "Indicio Aurífero", "provincia": "CACERES", "municipio": "Valdelacasa de Tajo", "morfologia": "Filoniana", "tipo_au": "roca", "deposit_id": "", "district_id": "", "estado_presencia": "pendiente"}}, {"type": "Feature", "geometry": {"type": "Point", "coordinates": [-4.212486, 39.693505]}, "properties": {"record_id": "gpkg:44f874e0d3404a1c13ef2b13e6ecb8ea39b189992e387651298f79c6169e0960:5988", "codigo_indicio": "656005", "nombre_mina": "La Mina de Totanés", "provincia": "TOLEDO", "municipio": "Totanés", "morfologia": "Filoniana", "tipo_au": "roca", "deposit_id": "", "district_id": "", "estado_presencia": "pendiente"}}, {"type": "Feature", "geometry": {"type": "Point", "coordinates": [-4.512971, 39.728272]}, "properties": {"record_id": "gpkg:44f874e0d3404a1c13ef2b13e6ecb8ea39b189992e387651298f79c6169e0960:5991", "codigo_indicio": "656008", "nombre_mina": "Indicio Aurífero", "provincia": "TOLEDO", "municipio": "Villarejo de Montalbán", "morfologia": "Estratiforme/Estratoide", "tipo_au": "desconocido", "deposit_id": "", "district_id": "", "estado_presencia": "pendiente"}}, {"type": "Feature", "geometry": {"type": "Point", "coordinates": [-4.506624, 39.731508]}, "properties": {"record_id": "gpkg:44f874e0d3404a1c13ef2b13e6ecb8ea39b189992e387651298f79c6169e0960:5992", "codigo_indicio": "656009", "nombre_mina": "Valdelazarza", "provincia": "TOLEDO", "municipio": "Villarejo de Montalbán", "morfologia": "Filoniana", "tipo_au": "roca", "deposit_id": "", "district_id": "", "estado_presencia": "pendiente"}}, {"type": "Feature", "geometry": {"type": "Point", "coordinates": [-7.331844, 39.525625]}, "properties": {"record_id": "gpkg:44f874e0d3404a1c13ef2b13e6ecb8ea39b189992e387651298f79c6169e0960:6016", "codigo_indicio": "675002", "nombre_mina": "Mina Mari Rosa", "provincia": "CACERES", "municipio": "Valencia de Alcántara", "morfologia": "Filoniana", "tipo_au": "roca", "deposit_id": "", "district_id": "", "estado_presencia": "pendiente"}}, {"type": "Feature", "geometry": {"type": "Point", "coordinates": [-7.345779, 39.526725]}, "properties": {"record_id": "gpkg:44f874e0d3404a1c13ef2b13e6ecb8ea39b189992e387651298f79c6169e0960:6019", "codigo_indicio": "675005", "nombre_mina": "Mina Portoviejo", "provincia": "CACERES", "municipio": "Valencia de Alcántara", "morfologia": "Filoniana", "tipo_au": "roca", "deposit_id": "", "district_id": "", "estado_presencia": "pendiente"}}, {"type": "Feature", "geometry": {"type": "Point", "coordinates": [-5.579046, 39.500527]}, "properties": {"record_id": "gpkg:44f874e0d3404a1c13ef2b13e6ecb8ea39b189992e387651298f79c6169e0960:6043", "codigo_indicio": "680009", "nombre_mina": "Mina del Aguijoncillo", "provincia": "CACERES", "municipio": "Garciaz", "morfologia": "Filoniana", "tipo_au": "roca", "deposit_id": "", "district_id": "", "estado_presencia": "pendiente"}}, {"type": "Feature", "geometry": {"type": "Point", "coordinates": [-5.436443, 39.501496]}, "properties": {"record_id": "gpkg:44f874e0d3404a1c13ef2b13e6ecb8ea39b189992e387651298f79c6169e0960:6061", "codigo_indicio": "681010", "nombre_mina": "Mina Las Hambrientas", "provincia": "CACERES", "municipio": "Navezuelas", "morfologia": "Filoniana", "tipo_au": "roca", "deposit_id": "", "district_id": "", "estado_presencia": "pendiente"}}, {"type": "Feature", "geometry": {"type": "Point", "coordinates": [-5.491256, 39.564783]}, "properties": {"record_id": "gpkg:44f874e0d3404a1c13ef2b13e6ecb8ea39b189992e387651298f79c6169e0960:6063", "codigo_indicio": "681012", "nombre_mina": "Mina Soltura", "provincia": "CACERES", "municipio": "Cabañas del Castillo", "morfologia": "Filoniana", "tipo_au": "roca", "deposit_id": "", "district_id": "", "estado_presencia": "pendiente"}}, {"type": "Feature", "geometry": {"type": "Point", "coordinates": [-5.509273, 39.547954]}, "properties": {"record_id": "gpkg:44f874e0d3404a1c13ef2b13e6ecb8ea39b189992e387651298f79c6169e0960:6064", "codigo_indicio": "681013", "nombre_mina": "Peña del Castillo", "provincia": "CACERES", "municipio": "Cabañas del Castillo", "morfologia": "Filoniana", "tipo_au": "roca", "deposit_id": "", "district_id": "", "estado_presencia": "pendiente"}}, {"type": "Feature", "geometry": {"type": "Point", "coordinates": [-4.955383, 39.660852]}, "properties": {"record_id": "gpkg:44f874e0d3404a1c13ef2b13e6ecb8ea39b189992e387651298f79c6169e0960:6066", "codigo_indicio": "682001", "nombre_mina": "Pilar o La Oriental", "provincia": "TOLEDO", "municipio": "Nava de Ricomalillo, La", "morfologia": "Filoniana", "tipo_au": "roca", "deposit_id": "dep_la_oriental_la_jara", "district_id": "dist_montes_de_toledo_jara", "estado_presencia": "confirmada"}}, {"type": "Feature", "geometry": {"type": "Point", "coordinates": [-4.900992, 39.547515]}, "properties": {"record_id": "gpkg:44f874e0d3404a1c13ef2b13e6ecb8ea39b189992e387651298f79c6169e0960:6067", "codigo_indicio": "682002", "nombre_mina": "Los Pozuelos", "provincia": "TOLEDO", "municipio": "Sevilleja de la Jara", "morfologia": "Filoniana", "tipo_au": "roca", "deposit_id": "", "district_id": "", "estado_presencia": "pendiente"}}, {"type": "Feature", "geometry": {"type": "Point", "coordinates": [-4.955895, 39.662465]}, "properties": {"record_id": "gpkg:44f874e0d3404a1c13ef2b13e6ecb8ea39b189992e387651298f79c6169e0960:6073", "codigo_indicio": "682008", "nombre_mina": "¿Pilar 2?", "provincia": "TOLEDO", "municipio": "Nava de Ricomalillo, La", "morfologia": "Filoniana", "tipo_au": "roca", "deposit_id": "dep_la_oriental_la_jara", "district_id": "dist_montes_de_toledo_jara", "estado_presencia": "confirmada"}}, {"type": "Feature", "geometry": {"type": "Point", "coordinates": [-4.935603, 39.653796]}, "properties": {"record_id": "gpkg:44f874e0d3404a1c13ef2b13e6ecb8ea39b189992e387651298f79c6169e0960:6076", "codigo_indicio": "682011", "nombre_mina": "Candeal", "provincia": "TOLEDO", "municipio": "Sevilleja de la Jara", "morfologia": "Filoniana", "tipo_au": "roca", "deposit_id": "dep_la_oriental_la_jara", "district_id": "dist_montes_de_toledo_jara", "estado_presencia": "confirmada"}}, {"type": "Feature", "geometry": {"type": "Point", "coordinates": [-5.025273, 39.631275]}, "properties": {"record_id": "gpkg:44f874e0d3404a1c13ef2b13e6ecb8ea39b189992e387651298f79c6169e0960:6077", "codigo_indicio": "682012", "nombre_mina": "Indicio Aurífero", "provincia": "TOLEDO", "municipio": "Nava de Ricomalillo, La", "morfologia": "Filoniana", "tipo_au": "roca", "deposit_id": "dep_la_oriental_la_jara", "district_id": "dist_montes_de_toledo_jara", "estado_presencia": "confirmada"}}, {"type": "Feature", "geometry": {"type": "Point", "coordinates": [-5.468779, 39.45603]}, "properties": {"record_id": "gpkg:44f874e0d3404a1c13ef2b13e6ecb8ea39b189992e387651298f79c6169e0960:6170", "codigo_indicio": "707001", "nombre_mina": "Los Escoriales", "provincia": "CACERES", "municipio": "Berzocana", "morfologia": "Desconocida", "tipo_au": "desconocido", "deposit_id": "", "district_id": "", "estado_presencia": "pendiente"}}, {"type": "Feature", "geometry": {"type": "Point", "coordinates": [-5.458101, 39.450139]}, "properties": {"record_id": "gpkg:44f874e0d3404a1c13ef2b13e6ecb8ea39b189992e387651298f79c6169e0960:6198", "codigo_indicio": "707029", "nombre_mina": "Desconocido", "provincia": "CACERES", "municipio": "Berzocana", "morfologia": "Filoniana", "tipo_au": "roca", "deposit_id": "", "district_id": "", "estado_presencia": "pendiente"}}, {"type": "Feature", "geometry": {"type": "Point", "coordinates": [-7.194371, 39.195161]}, "properties": {"record_id": "gpkg:44f874e0d3404a1c13ef2b13e6ecb8ea39b189992e387651298f79c6169e0960:6229", "codigo_indicio": "726001", "nombre_mina": "Matasiete", "provincia": "BADAJOZ", "municipio": "Codosera, La", "morfologia": "Filoniana", "tipo_au": "roca", "deposit_id": "dep_la_codosera", "district_id": "dist_la_codosera", "estado_presencia": "confirmada"}}, {"type": "Feature", "geometry": {"type": "Point", "coordinates": [-7.211059, 39.221998]}, "properties": {"record_id": "gpkg:44f874e0d3404a1c13ef2b13e6ecb8ea39b189992e387651298f79c6169e0960:6230", "codigo_indicio": "726002", "nombre_mina": "La Centena", "provincia": "BADAJOZ", "municipio": "Codosera, La", "morfologia": "Filoniana", "tipo_au": "roca", "deposit_id": "dep_la_codosera", "district_id": "dist_la_codosera", "estado_presencia": "confirmada"}}, {"type": "Feature", "geometry": {"type": "Point", "coordinates": [-7.198483, 39.215497]}, "properties": {"record_id": "gpkg:44f874e0d3404a1c13ef2b13e6ecb8ea39b189992e387651298f79c6169e0960:6231", "codigo_indicio": "726003", "nombre_mina": "Filón Breña", "provincia": "BADAJOZ", "municipio": "Codosera, La", "morfologia": "Filoniana", "tipo_au": "roca", "deposit_id": "dep_la_codosera", "district_id": "dist_la_codosera", "estado_presencia": "confirmada"}}, {"type": "Feature", "geometry": {"type": "Point", "coordinates": [-7.225544, 39.221769]}, "properties": {"record_id": "gpkg:44f874e0d3404a1c13ef2b13e6ecb8ea39b189992e387651298f79c6169e0960:6232", "codigo_indicio": "726004", "nombre_mina": "Mina del Moro", "provincia": "BADAJOZ", "municipio": "Codosera, La", "morfologia": "Filoniana", "tipo_au": "roca", "deposit_id": "dep_la_codosera", "district_id": "dist_la_codosera", "estado_presencia": "confirmada"}}, {"type": "Feature", "geometry": {"type": "Point", "coordinates": [-7.210324, 39.205318]}, "properties": {"record_id": "gpkg:44f874e0d3404a1c13ef2b13e6ecb8ea39b189992e387651298f79c6169e0960:6237", "codigo_indicio": "726009", "nombre_mina": "Zona Norte (\"Banda mineral-N\") de Monteviejo", "provincia": "BADAJOZ", "municipio": "Codosera, La", "morfologia": "Filoniana", "tipo_au": "roca", "deposit_id": "dep_la_codosera", "district_id": "dist_la_codosera", "estado_presencia": "confirmada"}}, {"type": "Feature", "geometry": {"type": "Point", "coordinates": [-7.211516, 39.203985]}, "properties": {"record_id": "gpkg:44f874e0d3404a1c13ef2b13e6ecb8ea39b189992e387651298f79c6169e0960:6238", "codigo_indicio": "726010", "nombre_mina": "Zona Sur (\"Banda mineral-S\") de Monteviejo", "provincia": "BADAJOZ", "municipio": "Codosera, La", "morfologia": "Filoniana", "tipo_au": "roca", "deposit_id": "dep_la_codosera", "district_id": "dist_la_codosera", "estado_presencia": "confirmada"}}, {"type": "Feature", "geometry": {"type": "Point", "coordinates": [-7.215625, 39.201795]}, "properties": {"record_id": "gpkg:44f874e0d3404a1c13ef2b13e6ecb8ea39b189992e387651298f79c6169e0960:6239", "codigo_indicio": "726011", "nombre_mina": "Cerro de Los Algarbes", "provincia": "BADAJOZ", "municipio": "Codosera, La", "morfologia": "Filoniana", "tipo_au": "roca", "deposit_id": "dep_la_codosera", "district_id": "dist_la_codosera", "estado_presencia": "confirmada"}}, {"type": "Feature", "geometry": {"type": "Point", "coordinates": [-7.208736, 39.199437]}, "properties": {"record_id": "gpkg:44f874e0d3404a1c13ef2b13e6ecb8ea39b189992e387651298f79c6169e0960:6240", "codigo_indicio": "726012", "nombre_mina": "Barrancones (Labor Romana Aluvial)", "provincia": "BADAJOZ", "municipio": "Codosera, La", "morfologia": "Aluvionar", "tipo_au": "aluvial", "deposit_id": "dep_la_codosera", "district_id": "dist_la_codosera", "estado_presencia": "confirmada"}}, {"type": "Feature", "geometry": {"type": "Point", "coordinates": [-7.200714, 39.19616]}, "properties": {"record_id": "gpkg:44f874e0d3404a1c13ef2b13e6ecb8ea39b189992e387651298f79c6169e0960:6241", "codigo_indicio": "726013", "nombre_mina": "Casa de La Niña-Barrancones", "provincia": "BADAJOZ", "municipio": "Codosera, La", "morfologia": "Filoniana", "tipo_au": "roca", "deposit_id": "dep_la_codosera", "district_id": "dist_la_codosera", "estado_presencia": "confirmada"}}, {"type": "Feature", "geometry": {"type": "Point", "coordinates": [-7.228812, 39.206952]}, "properties": {"record_id": "gpkg:44f874e0d3404a1c13ef2b13e6ecb8ea39b189992e387651298f79c6169e0960:6242", "codigo_indicio": "726014", "nombre_mina": "La Portilla de Los Bastos Este", "provincia": "BADAJOZ", "municipio": "Codosera, La", "morfologia": "Filoniana", "tipo_au": "roca", "deposit_id": "dep_la_codosera", "district_id": "dist_la_codosera", "estado_presencia": "confirmada"}}, {"type": "Feature", "geometry": {"type": "Point", "coordinates": [-7.232229, 39.209257]}, "properties": {"record_id": "gpkg:44f874e0d3404a1c13ef2b13e6ecb8ea39b189992e387651298f79c6169e0960:6243", "codigo_indicio": "726015", "nombre_mina": "La Portilla de Los Bastos Oeste", "provincia": "BADAJOZ", "municipio": "Codosera, La", "morfologia": "Filoniana", "tipo_au": "roca", "deposit_id": "dep_la_codosera", "district_id": "dist_la_codosera", "estado_presencia": "confirmada"}}, {"type": "Feature", "geometry": {"type": "Point", "coordinates": [-7.211889, 39.2121]}, "properties": {"record_id": "gpkg:44f874e0d3404a1c13ef2b13e6ecb8ea39b189992e387651298f79c6169e0960:6244", "codigo_indicio": "726016", "nombre_mina": "Indicios de La Breña", "provincia": "BADAJOZ", "municipio": "Codosera, La", "morfologia": "Filoniana", "tipo_au": "roca", "deposit_id": "dep_la_codosera", "district_id": "dist_la_codosera", "estado_presencia": "confirmada"}}, {"type": "Feature", "geometry": {"type": "Point", "coordinates": [-7.210663, 39.214784]}, "properties": {"record_id": "gpkg:44f874e0d3404a1c13ef2b13e6ecb8ea39b189992e387651298f79c6169e0960:6245", "codigo_indicio": "726017", "nombre_mina": "La Perla de Anibal", "provincia": "BADAJOZ", "municipio": "Codosera, La", "morfologia": "Filoniana", "tipo_au": "roca", "deposit_id": "dep_la_codosera", "district_id": "dist_la_codosera", "estado_presencia": "confirmada"}}, {"type": "Feature", "geometry": {"type": "Point", "coordinates": [-7.219289, 39.217169]}, "properties": {"record_id": "gpkg:44f874e0d3404a1c13ef2b13e6ecb8ea39b189992e387651298f79c6169e0960:6246", "codigo_indicio": "726018", "nombre_mina": "La Manzana de Oro", "provincia": "BADAJOZ", "municipio": "Codosera, La", "morfologia": "Filoniana", "tipo_au": "roca", "deposit_id": "dep_la_codosera", "district_id": "dist_la_codosera", "estado_presencia": "confirmada"}}, {"type": "Feature", "geometry": {"type": "Point", "coordinates": [-7.214273, 39.209433]}, "properties": {"record_id": "gpkg:44f874e0d3404a1c13ef2b13e6ecb8ea39b189992e387651298f79c6169e0960:6247", "codigo_indicio": "726019", "nombre_mina": "La Portilla Larga", "provincia": "BADAJOZ", "municipio": "Codosera, La", "morfologia": "Filoniana", "tipo_au": "roca", "deposit_id": "dep_la_codosera", "district_id": "dist_la_codosera", "estado_presencia": "confirmada"}}, {"type": "Feature", "geometry": {"type": "Point", "coordinates": [-7.216364, 39.286952]}, "properties": {"record_id": "gpkg:44f874e0d3404a1c13ef2b13e6ecb8ea39b189992e387651298f79c6169e0960:6250", "codigo_indicio": "726022", "nombre_mina": "Las Calzadas", "provincia": "CACERES", "municipio": "Valencia de Alcántara", "morfologia": "Filoniana", "tipo_au": "roca", "deposit_id": "dep_el_chirriato_atalaya", "district_id": "dist_la_codosera", "estado_presencia": "confirmada"}}, {"type": "Feature", "geometry": {"type": "Point", "coordinates": [-7.208377, 39.281873]}, "properties": {"record_id": "gpkg:44f874e0d3404a1c13ef2b13e6ecb8ea39b189992e387651298f79c6169e0960:6251", "codigo_indicio": "726023", "nombre_mina": "Atalaya", "provincia": "CACERES", "municipio": "Valencia de Alcántara", "morfologia": "Filoniana", "tipo_au": "roca", "deposit_id": "dep_el_chirriato_atalaya", "district_id": "dist_la_codosera", "estado_presencia": "confirmada"}}, {"type": "Feature", "geometry": {"type": "Point", "coordinates": [-7.203058, 39.285846]}, "properties": {"record_id": "gpkg:44f874e0d3404a1c13ef2b13e6ecb8ea39b189992e387651298f79c6169e0960:6252", "codigo_indicio": "726024", "nombre_mina": "Cañonera", "provincia": "CACERES", "municipio": "Valencia de Alcántara", "morfologia": "Filoniana", "tipo_au": "roca", "deposit_id": "dep_el_chirriato_atalaya", "district_id": "dist_la_codosera", "estado_presencia": "confirmada"}}, {"type": "Feature", "geometry": {"type": "Point", "coordinates": [-7.200879, 39.280406]}, "properties": {"record_id": "gpkg:44f874e0d3404a1c13ef2b13e6ecb8ea39b189992e387651298f79c6169e0960:6253", "codigo_indicio": "726025", "nombre_mina": "Labor Romana (El Peñon)", "provincia": "CACERES", "municipio": "Valencia de Alcántara", "morfologia": "Filoniana", "tipo_au": "roca", "deposit_id": "dep_el_chirriato_atalaya", "district_id": "dist_la_codosera", "estado_presencia": "confirmada"}}, {"type": "Feature", "geometry": {"type": "Point", "coordinates": [-7.199256, 39.275876]}, "properties": {"record_id": "gpkg:44f874e0d3404a1c13ef2b13e6ecb8ea39b189992e387651298f79c6169e0960:6254", "codigo_indicio": "726026", "nombre_mina": "El Chirriato", "provincia": "CACERES", "municipio": "Valencia de Alcántara", "morfologia": "Filoniana", "tipo_au": "roca", "deposit_id": "dep_el_chirriato_atalaya", "district_id": "dist_la_codosera", "estado_presencia": "confirmada"}}, {"type": "Feature", "geometry": {"type": "Point", "coordinates": [-7.212651, 39.204903]}, "properties": {"record_id": "gpkg:44f874e0d3404a1c13ef2b13e6ecb8ea39b189992e387651298f79c6169e0960:6255", "codigo_indicio": "726027", "nombre_mina": "Zona Oeste (\"Banda mineral-W\" de Monteviejo -saddle-)", "provincia": "BADAJOZ", "municipio": "Codosera, La", "morfologia": "Lentejonar", "tipo_au": "roca", "deposit_id": "dep_la_codosera", "district_id": "dist_la_codosera", "estado_presencia": "confirmada"}}, {"type": "Feature", "geometry": {"type": "Point", "coordinates": [-7.172188, 39.269147]}, "properties": {"record_id": "gpkg:44f874e0d3404a1c13ef2b13e6ecb8ea39b189992e387651298f79c6169e0960:6260", "codigo_indicio": "727004", "nombre_mina": "Navacio", "provincia": "BADAJOZ", "municipio": "San Vicente de Alcántara", "morfologia": "Filoniana", "tipo_au": "roca", "deposit_id": "", "district_id": "", "estado_presencia": "pendiente"}}, {"type": "Feature", "geometry": {"type": "Point", "coordinates": [-6.826723, 39.214556]}, "properties": {"record_id": "gpkg:44f874e0d3404a1c13ef2b13e6ecb8ea39b189992e387651298f79c6169e0960:6279", "codigo_indicio": "728001", "nombre_mina": "Las Retuertas S", "provincia": "BADAJOZ", "municipio": "Alburquerque", "morfologia": "Filoniana", "tipo_au": "roca", "deposit_id": "dep_las_retuertas_alburquerque", "district_id": "dist_alburquerque_la_codosera", "estado_presencia": "confirmada"}}, {"type": "Feature", "geometry": {"type": "Point", "coordinates": [-6.826172, 39.213644]}, "properties": {"record_id": "gpkg:44f874e0d3404a1c13ef2b13e6ecb8ea39b189992e387651298f79c6169e0960:6280", "codigo_indicio": "728002", "nombre_mina": "Las Retuertas N", "provincia": "BADAJOZ", "municipio": "Alburquerque", "morfologia": "Filoniana", "tipo_au": "roca", "deposit_id": "dep_las_retuertas_alburquerque", "district_id": "dist_alburquerque_la_codosera", "estado_presencia": "confirmada"}}, {"type": "Feature", "geometry": {"type": "Point", "coordinates": [-5.725865, 39.259842]}, "properties": {"record_id": "gpkg:44f874e0d3404a1c13ef2b13e6ecb8ea39b189992e387651298f79c6169e0960:6320", "codigo_indicio": "731002", "nombre_mina": "Casa de las Minas", "provincia": "CACERES", "municipio": "Alcollarín", "morfologia": "Filoniana", "tipo_au": "roca", "deposit_id": "", "district_id": "", "estado_presencia": "pendiente"}}, {"type": "Feature", "geometry": {"type": "Point", "coordinates": [-5.568939, 39.33224]}, "properties": {"record_id": "gpkg:44f874e0d3404a1c13ef2b13e6ecb8ea39b189992e387651298f79c6169e0960:6322", "codigo_indicio": "731004", "nombre_mina": "Navacebrera La Fragua", "provincia": "CACERES", "municipio": "Logrosán", "morfologia": "Desconocida", "tipo_au": "desconocido", "deposit_id": "", "district_id": "", "estado_presencia": "pendiente"}}, {"type": "Feature", "geometry": {"type": "Point", "coordinates": [-5.281343, 39.120832]}, "properties": {"record_id": "gpkg:44f874e0d3404a1c13ef2b13e6ecb8ea39b189992e387651298f79c6169e0960:6363", "codigo_indicio": "755001", "nombre_mina": "Las Morras II", "provincia": "BADAJOZ", "municipio": "Talarrubias", "morfologia": "Filoniana", "tipo_au": "roca", "deposit_id": "dep_las_morras_talarrubias", "district_id": "dist_centro_iberico_serena", "estado_presencia": "confirmada"}}, {"type": "Feature", "geometry": {"type": "Point", "coordinates": [-5.262775, 39.133357]}, "properties": {"record_id": "gpkg:44f874e0d3404a1c13ef2b13e6ecb8ea39b189992e387651298f79c6169e0960:6364", "codigo_indicio": "755002", "nombre_mina": "Arroyo del Descargadero", "provincia": "BADAJOZ", "municipio": "Talarrubias", "morfologia": "Filoniana", "tipo_au": "roca", "deposit_id": "dep_las_morras_talarrubias", "district_id": "dist_centro_iberico_serena", "estado_presencia": "confirmada"}}, {"type": "Feature", "geometry": {"type": "Point", "coordinates": [-5.288944, 39.12699]}, "properties": {"record_id": "gpkg:44f874e0d3404a1c13ef2b13e6ecb8ea39b189992e387651298f79c6169e0960:6365", "codigo_indicio": "755003", "nombre_mina": "Indicio Aurífero", "provincia": "BADAJOZ", "municipio": "Talarrubias", "morfologia": "Desconocida", "tipo_au": "desconocido", "deposit_id": "", "district_id": "", "estado_presencia": "pendiente"}}, {"type": "Feature", "geometry": {"type": "Point", "coordinates": [-5.288998, 39.121493]}, "properties": {"record_id": "gpkg:44f874e0d3404a1c13ef2b13e6ecb8ea39b189992e387651298f79c6169e0960:6366", "codigo_indicio": "755004", "nombre_mina": "Las Morras", "provincia": "BADAJOZ", "municipio": "Talarrubias", "morfologia": "Filoniana", "tipo_au": "roca", "deposit_id": "dep_las_morras_talarrubias", "district_id": "dist_centro_iberico_serena", "estado_presencia": "confirmada"}}, {"type": "Feature", "geometry": {"type": "Point", "coordinates": [-4.673458, 38.484197]}, "properties": {"record_id": "gpkg:44f874e0d3404a1c13ef2b13e6ecb8ea39b189992e387651298f79c6169e0960:7181", "codigo_indicio": "859005", "nombre_mina": "Los Rubiales (pozo Santa Ana)", "provincia": "CORDOBA", "municipio": "Torrecampo", "morfologia": "Filoniana", "tipo_au": "roca", "deposit_id": "", "district_id": "", "estado_presencia": "pendiente"}}, {"type": "Feature", "geometry": {"type": "Point", "coordinates": [-5.05839, 38.176325]}, "properties": {"record_id": "gpkg:44f874e0d3404a1c13ef2b13e6ecb8ea39b189992e387651298f79c6169e0960:7750", "codigo_indicio": "880002", "nombre_mina": "Mina Pepín", "provincia": "CORDOBA", "municipio": "Espiel", "morfologia": "Filoniana", "tipo_au": "roca", "deposit_id": "dep_mina_pepin_espiel", "district_id": "dist_valle_guadiato", "estado_presencia": "confirmada"}}, {"type": "Feature", "geometry": {"type": "Point", "coordinates": [-4.953425, 38.178902]}, "properties": {"record_id": "gpkg:44f874e0d3404a1c13ef2b13e6ecb8ea39b189992e387651298f79c6169e0960:7775", "codigo_indicio": "880027", "nombre_mina": "Cortijo de Navafría", "provincia": "CORDOBA", "municipio": "Espiel", "morfologia": "Estratiforme/Estratoide", "tipo_au": "desconocido", "deposit_id": "", "district_id": "", "estado_presencia": "pendiente"}}, {"type": "Feature", "geometry": {"type": "Point", "coordinates": [-4.853836, 38.304674]}, "properties": {"record_id": "gpkg:44f874e0d3404a1c13ef2b13e6ecb8ea39b189992e387651298f79c6169e0960:7781", "codigo_indicio": "881001", "nombre_mina": "Mina Luisito", "provincia": "CORDOBA", "municipio": "Pozoblanco", "morfologia": "Filoniana", "tipo_au": "roca", "deposit_id": "", "district_id": "", "estado_presencia": "pendiente"}}, {"type": "Feature", "geometry": {"type": "Point", "coordinates": [-6.513019, 38.103789]}, "properties": {"record_id": "gpkg:44f874e0d3404a1c13ef2b13e6ecb8ea39b189992e387651298f79c6169e0960:8220", "codigo_indicio": "897037", "nombre_mina": "El Chocolatero (Anomalía TM-21)", "provincia": "BADAJOZ", "municipio": "Segura de León", "morfologia": "Filoniana", "tipo_au": "roca", "deposit_id": "dep_el_chocolatero_segura", "district_id": "dist_ossa_morena_bodonal", "estado_presencia": "confirmada"}}, {"type": "Feature", "geometry": {"type": "Point", "coordinates": [-6.497172, 38.099001]}, "properties": {"record_id": "gpkg:44f874e0d3404a1c13ef2b13e6ecb8ea39b189992e387651298f79c6169e0960:8242", "codigo_indicio": "897060", "nombre_mina": "El Guijarro", "provincia": "BADAJOZ", "municipio": "Segura de León", "morfologia": "Lentejonar", "tipo_au": "roca", "deposit_id": "dep_el_chocolatero_segura", "district_id": "dist_ossa_morena_bodonal", "estado_presencia": "confirmada"}}, {"type": "Feature", "geometry": {"type": "Point", "coordinates": [-4.921498, 38.075022]}, "properties": {"record_id": "gpkg:44f874e0d3404a1c13ef2b13e6ecb8ea39b189992e387651298f79c6169e0960:8508", "codigo_indicio": "901028", "nombre_mina": "Indicio Aurífero", "provincia": "CORDOBA", "municipio": "Villaviciosa de Córdoba", "morfologia": "Filoniana", "tipo_au": "roca", "deposit_id": "", "district_id": "", "estado_presencia": "pendiente"}}, {"type": "Feature", "geometry": {"type": "Point", "coordinates": [-6.350269, 37.947555]}, "properties": {"record_id": "gpkg:44f874e0d3404a1c13ef2b13e6ecb8ea39b189992e387651298f79c6169e0960:8884", "codigo_indicio": "918011", "nombre_mina": "Mina de cala", "provincia": "HUELVA", "municipio": "Cala", "morfologia": "Lentejonar", "tipo_au": "roca", "deposit_id": "dep_mina_sultana_cala", "district_id": "dist_faja_piritica_norte", "estado_presencia": "confirmada"}}, {"type": "Feature", "geometry": {"type": "Point", "coordinates": [-6.279041, 37.96602]}, "properties": {"record_id": "gpkg:44f874e0d3404a1c13ef2b13e6ecb8ea39b189992e387651298f79c6169e0960:8888", "codigo_indicio": "918016", "nombre_mina": "Mina Sultana", "provincia": "HUELVA", "municipio": "Cala", "morfologia": "Filoniana", "tipo_au": "roca", "deposit_id": "dep_mina_sultana_cala", "district_id": "dist_faja_piritica_norte", "estado_presencia": "confirmada"}}, {"type": "Feature", "geometry": {"type": "Point", "coordinates": [-6.286067, 37.976094]}, "properties": {"record_id": "gpkg:44f874e0d3404a1c13ef2b13e6ecb8ea39b189992e387651298f79c6169e0960:8897", "codigo_indicio": "918025", "nombre_mina": "California", "provincia": "BADAJOZ", "municipio": "Monesterio", "morfologia": "Filoniana", "tipo_au": "roca", "deposit_id": "dep_california_extremena_monesterio", "district_id": "dist_ossa_morena_monesterio", "estado_presencia": "confirmada"}}, {"type": "Feature", "geometry": {"type": "Point", "coordinates": [-6.279543, 37.977061]}, "properties": {"record_id": "gpkg:44f874e0d3404a1c13ef2b13e6ecb8ea39b189992e387651298f79c6169e0960:8898", "codigo_indicio": "918026", "nombre_mina": "Extremeña", "provincia": "BADAJOZ", "municipio": "Monesterio", "morfologia": "Filoniana", "tipo_au": "roca", "deposit_id": "dep_california_extremena_monesterio", "district_id": "dist_ossa_morena_monesterio", "estado_presencia": "confirmada"}}, {"type": "Feature", "geometry": {"type": "Point", "coordinates": [-6.185971, 37.959323]}, "properties": {"record_id": "gpkg:44f874e0d3404a1c13ef2b13e6ecb8ea39b189992e387651298f79c6169e0960:8943", "codigo_indicio": "919050", "nombre_mina": "Aguablanca", "provincia": "BADAJOZ", "municipio": "Monesterio", "morfologia": "Pipas y chimeneas", "tipo_au": "roca", "deposit_id": "dep_aguablanca", "district_id": "dist_ossa_morena_monesterio", "estado_presencia": "confirmada"}}, {"type": "Feature", "geometry": {"type": "Point", "coordinates": [-2.514033, 37.962743]}, "properties": {"record_id": "gpkg:44f874e0d3404a1c13ef2b13e6ecb8ea39b189992e387651298f79c6169e0960:9245", "codigo_indicio": "930001", "nombre_mina": "ALUVIALES DEL RIO BRAVATAS", "provincia": "GRANADA", "municipio": "Puebla de Don Fadrique", "morfologia": "Lentejonar", "tipo_au": "aluvial", "deposit_id": "", "district_id": "", "estado_presencia": "pendiente"}}, {"type": "Feature", "geometry": {"type": "Point", "coordinates": [-6.929246, 37.805539]}, "properties": {"record_id": "gpkg:44f874e0d3404a1c13ef2b13e6ecb8ea39b189992e387651298f79c6169e0960:9306", "codigo_indicio": "937002", "nombre_mina": "Lomero- Poyatos", "provincia": "HUELVA", "municipio": "Cerro de Andévalo, El", "morfologia": "Estratiforme/Estratoide", "tipo_au": "roca", "deposit_id": "dep_lomero_poyatos", "district_id": "dist_faja_piritica_sur", "estado_presencia": "confirmada"}}, {"type": "Feature", "geometry": {"type": "Point", "coordinates": [-6.585217, 37.704633]}, "properties": {"record_id": "gpkg:44f874e0d3404a1c13ef2b13e6ecb8ea39b189992e387651298f79c6169e0960:9369", "codigo_indicio": "938039", "nombre_mina": "Cerro Colorado", "provincia": "HUELVA", "municipio": "Minas de Riotinto", "morfologia": "Pipas y chimeneas", "tipo_au": "roca", "deposit_id": "dep_cerro_colorado_riotinto", "district_id": "dist_faja_piritica_sur", "estado_presencia": "confirmada"}}, {"type": "Feature", "geometry": {"type": "Point", "coordinates": [-5.539261, 37.68707]}, "properties": {"record_id": "gpkg:44f874e0d3404a1c13ef2b13e6ecb8ea39b189992e387651298f79c6169e0960:9439", "codigo_indicio": "941023", "nombre_mina": "Aluviales del Manzano, Churre y Gómez", "provincia": "SEVILLA", "municipio": "Lora del Río", "morfologia": "Aluvionar", "tipo_au": "aluvial", "deposit_id": "", "district_id": "", "estado_presencia": "pendiente"}}, {"type": "Feature", "geometry": {"type": "Point", "coordinates": [-5.366564, 37.757257]}, "properties": {"record_id": "gpkg:44f874e0d3404a1c13ef2b13e6ecb8ea39b189992e387651298f79c6169e0960:9455", "codigo_indicio": "942016", "nombre_mina": "La Almenara 1_ rafa", "provincia": "SEVILLA", "municipio": "Peñaflor", "morfologia": "Estratiforme/Estratoide", "tipo_au": "roca", "deposit_id": "dep_la_almenara_penaflor", "district_id": "dist_ossa_morena_penaflor", "estado_presencia": "confirmada"}}, {"type": "Feature", "geometry": {"type": "Point", "coordinates": [-5.354926, 37.748515]}, "properties": {"record_id": "gpkg:44f874e0d3404a1c13ef2b13e6ecb8ea39b189992e387651298f79c6169e0960:9456", "codigo_indicio": "942017", "nombre_mina": "La Almenara 2 (San José)", "provincia": "SEVILLA", "municipio": "Peñaflor", "morfologia": "Filoniana", "tipo_au": "roca", "deposit_id": "dep_la_almenara_penaflor", "district_id": "dist_ossa_morena_penaflor", "estado_presencia": "confirmada"}}, {"type": "Feature", "geometry": {"type": "Point", "coordinates": [-5.447172, 37.72627]}, "properties": {"record_id": "gpkg:44f874e0d3404a1c13ef2b13e6ecb8ea39b189992e387651298f79c6169e0960:9457", "codigo_indicio": "942018", "nombre_mina": "El Prioratillo", "provincia": "SEVILLA", "municipio": "Lora del Río", "morfologia": "Aluvionar", "tipo_au": "aluvial", "deposit_id": "", "district_id": "", "estado_presencia": "pendiente"}}, {"type": "Feature", "geometry": {"type": "Point", "coordinates": [-5.345463, 37.714415]}, "properties": {"record_id": "gpkg:44f874e0d3404a1c13ef2b13e6ecb8ea39b189992e387651298f79c6169e0960:9458", "codigo_indicio": "942019", "nombre_mina": "La Preciosa_galería_2", "provincia": "SEVILLA", "municipio": "Peñaflor", "morfologia": "Filoniana", "tipo_au": "roca", "deposit_id": "dep_la_preciosa_penaflor", "district_id": "dist_ossa_morena_penaflor", "estado_presencia": "confirmada"}}, {"type": "Feature", "geometry": {"type": "Point", "coordinates": [-5.41937, 37.751148]}, "properties": {"record_id": "gpkg:44f874e0d3404a1c13ef2b13e6ecb8ea39b189992e387651298f79c6169e0960:9464", "codigo_indicio": "942025", "nombre_mina": "Socavón_Poniente", "provincia": "SEVILLA", "municipio": "Peñaflor", "morfologia": "Desconocida", "tipo_au": "roca", "deposit_id": "dep_navalmedio_penaflor", "district_id": "dist_ossa_morena_penaflor", "estado_presencia": "confirmada"}}, {"type": "Feature", "geometry": {"type": "Point", "coordinates": [-5.417003, 37.747466]}, "properties": {"record_id": "gpkg:44f874e0d3404a1c13ef2b13e6ecb8ea39b189992e387651298f79c6169e0960:9465", "codigo_indicio": "942026", "nombre_mina": "La Mina del Oro", "provincia": "SEVILLA", "municipio": "Peñaflor", "morfologia": "Estratiforme/Estratoide", "tipo_au": "roca", "deposit_id": "dep_navalmedio_penaflor", "district_id": "dist_ossa_morena_penaflor", "estado_presencia": "confirmada"}}, {"type": "Feature", "geometry": {"type": "Point", "coordinates": [-5.415842, 37.736541]}, "properties": {"record_id": "gpkg:44f874e0d3404a1c13ef2b13e6ecb8ea39b189992e387651298f79c6169e0960:9466", "codigo_indicio": "942027", "nombre_mina": "La Nava", "provincia": "SEVILLA", "municipio": "Peñaflor", "morfologia": "Aluvionar", "tipo_au": "aluvial", "deposit_id": "", "district_id": "", "estado_presencia": "pendiente"}}, {"type": "Feature", "geometry": {"type": "Point", "coordinates": [-5.415267, 37.74888]}, "properties": {"record_id": "gpkg:44f874e0d3404a1c13ef2b13e6ecb8ea39b189992e387651298f79c6169e0960:9467", "codigo_indicio": "942028", "nombre_mina": "Pozo Narcea", "provincia": "SEVILLA", "municipio": "Peñaflor", "morfologia": "Desconocida", "tipo_au": "roca", "deposit_id": "dep_navalmedio_penaflor", "district_id": "dist_ossa_morena_penaflor", "estado_presencia": "confirmada"}}, {"type": "Feature", "geometry": {"type": "Point", "coordinates": [-5.415295, 37.750078]}, "properties": {"record_id": "gpkg:44f874e0d3404a1c13ef2b13e6ecb8ea39b189992e387651298f79c6169e0960:9468", "codigo_indicio": "942029", "nombre_mina": "Rafa_Central", "provincia": "SEVILLA", "municipio": "Peñaflor", "morfologia": "Desconocida", "tipo_au": "roca", "deposit_id": "dep_navalmedio_penaflor", "district_id": "dist_ossa_morena_penaflor", "estado_presencia": "confirmada"}}, {"type": "Feature", "geometry": {"type": "Point", "coordinates": [-5.413395, 37.750648]}, "properties": {"record_id": "gpkg:44f874e0d3404a1c13ef2b13e6ecb8ea39b189992e387651298f79c6169e0960:9469", "codigo_indicio": "942030", "nombre_mina": "Galería Arroyo", "provincia": "SEVILLA", "municipio": "Peñaflor", "morfologia": "Desconocida", "tipo_au": "roca", "deposit_id": "dep_navalmedio_penaflor", "district_id": "dist_ossa_morena_penaflor", "estado_presencia": "confirmada"}}, {"type": "Feature", "geometry": {"type": "Point", "coordinates": [-5.412683, 37.751077]}, "properties": {"record_id": "gpkg:44f874e0d3404a1c13ef2b13e6ecb8ea39b189992e387651298f79c6169e0960:9470", "codigo_indicio": "942031", "nombre_mina": "Galería Norte", "provincia": "SEVILLA", "municipio": "Peñaflor", "morfologia": "Desconocida", "tipo_au": "roca", "deposit_id": "dep_navalmedio_penaflor", "district_id": "dist_ossa_morena_penaflor", "estado_presencia": "confirmada"}}, {"type": "Feature", "geometry": {"type": "Point", "coordinates": [-5.412482, 37.748387]}, "properties": {"record_id": "gpkg:44f874e0d3404a1c13ef2b13e6ecb8ea39b189992e387651298f79c6169e0960:9471", "codigo_indicio": "942032", "nombre_mina": "Galería Zahurdas", "provincia": "SEVILLA", "municipio": "Peñaflor", "morfologia": "Desconocida", "tipo_au": "roca", "deposit_id": "dep_navalmedio_penaflor", "district_id": "dist_ossa_morena_penaflor", "estado_presencia": "confirmada"}}, {"type": "Feature", "geometry": {"type": "Point", "coordinates": [-5.412446, 37.750082]}, "properties": {"record_id": "gpkg:44f874e0d3404a1c13ef2b13e6ecb8ea39b189992e387651298f79c6169e0960:9472", "codigo_indicio": "942033", "nombre_mina": "Galería Sur", "provincia": "SEVILLA", "municipio": "Peñaflor", "morfologia": "Desconocida", "tipo_au": "roca", "deposit_id": "dep_navalmedio_penaflor", "district_id": "dist_ossa_morena_penaflor", "estado_presencia": "confirmada"}}, {"type": "Feature", "geometry": {"type": "Point", "coordinates": [-5.412336, 37.750544]}, "properties": {"record_id": "gpkg:44f874e0d3404a1c13ef2b13e6ecb8ea39b189992e387651298f79c6169e0960:9473", "codigo_indicio": "942034", "nombre_mina": "Galería_Oriental", "provincia": "SEVILLA", "municipio": "Peñaflor", "morfologia": "Desconocida", "tipo_au": "roca", "deposit_id": "dep_navalmedio_penaflor", "district_id": "dist_ossa_morena_penaflor", "estado_presencia": "confirmada"}}, {"type": "Feature", "geometry": {"type": "Point", "coordinates": [-5.411055, 37.745677]}, "properties": {"record_id": "gpkg:44f874e0d3404a1c13ef2b13e6ecb8ea39b189992e387651298f79c6169e0960:9474", "codigo_indicio": "942035", "nombre_mina": "La Canaleja", "provincia": "SEVILLA", "municipio": "Peñaflor", "morfologia": "Estratiforme/Estratoide", "tipo_au": "roca", "deposit_id": "dep_navalmedio_penaflor", "district_id": "dist_ossa_morena_penaflor", "estado_presencia": "confirmada"}}, {"type": "Feature", "geometry": {"type": "Point", "coordinates": [-5.367412, 37.75679]}, "properties": {"record_id": "gpkg:44f874e0d3404a1c13ef2b13e6ecb8ea39b189992e387651298f79c6169e0960:9478", "codigo_indicio": "942039", "nombre_mina": "La Almenara 1 Galería", "provincia": "SEVILLA", "municipio": "Peñaflor", "morfologia": "Estratiforme/Estratoide", "tipo_au": "roca", "deposit_id": "dep_la_almenara_penaflor", "district_id": "dist_ossa_morena_penaflor", "estado_presencia": "confirmada"}}, {"type": "Feature", "geometry": {"type": "Point", "coordinates": [-5.344996, 37.714371]}, "properties": {"record_id": "gpkg:44f874e0d3404a1c13ef2b13e6ecb8ea39b189992e387651298f79c6169e0960:9479", "codigo_indicio": "942040", "nombre_mina": "La Preciosa_ galería_3", "provincia": "SEVILLA", "municipio": "Peñaflor", "morfologia": "Filoniana", "tipo_au": "roca", "deposit_id": "dep_la_preciosa_penaflor", "district_id": "dist_ossa_morena_penaflor", "estado_presencia": "confirmada"}}, {"type": "Feature", "geometry": {"type": "Point", "coordinates": [-5.344731, 37.713511]}, "properties": {"record_id": "gpkg:44f874e0d3404a1c13ef2b13e6ecb8ea39b189992e387651298f79c6169e0960:9480", "codigo_indicio": "942041", "nombre_mina": "La Preciosa_Pozo ventilación_ 2", "provincia": "SEVILLA", "municipio": "Peñaflor", "morfologia": "Filoniana", "tipo_au": "roca", "deposit_id": "dep_la_preciosa_penaflor", "district_id": "dist_ossa_morena_penaflor", "estado_presencia": "confirmada"}}, {"type": "Feature", "geometry": {"type": "Point", "coordinates": [-5.344377, 37.71414]}, "properties": {"record_id": "gpkg:44f874e0d3404a1c13ef2b13e6ecb8ea39b189992e387651298f79c6169e0960:9481", "codigo_indicio": "942042", "nombre_mina": "La Preciosa_Pozo ventilación_1", "provincia": "SEVILLA", "municipio": "Peñaflor", "morfologia": "Filoniana", "tipo_au": "roca", "deposit_id": "dep_la_preciosa_penaflor", "district_id": "dist_ossa_morena_penaflor", "estado_presencia": "confirmada"}}, {"type": "Feature", "geometry": {"type": "Point", "coordinates": [-5.343063, 37.715292]}, "properties": {"record_id": "gpkg:44f874e0d3404a1c13ef2b13e6ecb8ea39b189992e387651298f79c6169e0960:9482", "codigo_indicio": "942043", "nombre_mina": "La Preciosa Pozo S", "provincia": "SEVILLA", "municipio": "Peñaflor", "morfologia": "Filoniana", "tipo_au": "roca", "deposit_id": "dep_la_preciosa_penaflor", "district_id": "dist_ossa_morena_penaflor", "estado_presencia": "confirmada"}}, {"type": "Feature", "geometry": {"type": "Point", "coordinates": [-5.342918, 37.716106]}, "properties": {"record_id": "gpkg:44f874e0d3404a1c13ef2b13e6ecb8ea39b189992e387651298f79c6169e0960:9483", "codigo_indicio": "942044", "nombre_mina": "La Preciosa 1", "provincia": "SEVILLA", "municipio": "Peñaflor", "morfologia": "Filoniana", "tipo_au": "roca", "deposit_id": "dep_la_preciosa_penaflor", "district_id": "dist_ossa_morena_penaflor", "estado_presencia": "confirmada"}}, {"type": "Feature", "geometry": {"type": "Point", "coordinates": [-5.34243, 37.716089]}, "properties": {"record_id": "gpkg:44f874e0d3404a1c13ef2b13e6ecb8ea39b189992e387651298f79c6169e0960:9484", "codigo_indicio": "942045", "nombre_mina": "La Preciosa Pozo Maestro", "provincia": "SEVILLA", "municipio": "Peñaflor", "morfologia": "Filoniana", "tipo_au": "roca", "deposit_id": "dep_la_preciosa_penaflor", "district_id": "dist_ossa_morena_penaflor", "estado_presencia": "confirmada"}}, {"type": "Feature", "geometry": {"type": "Point", "coordinates": [-5.353784, 37.734318]}, "properties": {"record_id": "gpkg:44f874e0d3404a1c13ef2b13e6ecb8ea39b189992e387651298f79c6169e0960:9485", "codigo_indicio": "942046", "nombre_mina": "Arroyo de Las Moreras", "provincia": "SEVILLA", "municipio": "Peñaflor", "morfologia": "Aluvionar", "tipo_au": "aluvial", "deposit_id": "", "district_id": "", "estado_presencia": "pendiente"}}, {"type": "Feature", "geometry": {"type": "Point", "coordinates": [-5.293477, 37.760811]}, "properties": {"record_id": "gpkg:44f874e0d3404a1c13ef2b13e6ecb8ea39b189992e387651298f79c6169e0960:9486", "codigo_indicio": "942047", "nombre_mina": "La Turuñuela", "provincia": "SEVILLA", "municipio": "Peñaflor", "morfologia": "Aluvionar", "tipo_au": "aluvial", "deposit_id": "", "district_id": "", "estado_presencia": "pendiente"}}, {"type": "Feature", "geometry": {"type": "Point", "coordinates": [-5.327973, 37.823457]}, "properties": {"record_id": "gpkg:44f874e0d3404a1c13ef2b13e6ecb8ea39b189992e387651298f79c6169e0960:9488", "codigo_indicio": "942049", "nombre_mina": "Vista Alegre Oeste", "provincia": "CORDOBA", "municipio": "Hornachuelos", "morfologia": "Filoniana", "tipo_au": "roca", "deposit_id": "", "district_id": "", "estado_presencia": "pendiente"}}, {"type": "Feature", "geometry": {"type": "Point", "coordinates": [-5.326289, 37.823734]}, "properties": {"record_id": "gpkg:44f874e0d3404a1c13ef2b13e6ecb8ea39b189992e387651298f79c6169e0960:9489", "codigo_indicio": "942050", "nombre_mina": "Vista Alegre Este", "provincia": "CORDOBA", "municipio": "Hornachuelos", "morfologia": "Filoniana", "tipo_au": "roca", "deposit_id": "", "district_id": "", "estado_presencia": "pendiente"}}, {"type": "Feature", "geometry": {"type": "Point", "coordinates": [-7.096186, 37.571615]}, "properties": {"record_id": "gpkg:44f874e0d3404a1c13ef2b13e6ecb8ea39b189992e387651298f79c6169e0960:9683", "codigo_indicio": "959002", "nombre_mina": "La Lapilla", "provincia": "HUELVA", "municipio": "Alosno", "morfologia": "Estratiforme/Estratoide", "tipo_au": "roca", "deposit_id": "dep_la_lapilla_tharsis", "district_id": "dist_faja_piritica_sur", "estado_presencia": "confirmada"}}, {"type": "Feature", "geometry": {"type": "Point", "coordinates": [-7.115647, 37.585627]}, "properties": {"record_id": "gpkg:44f874e0d3404a1c13ef2b13e6ecb8ea39b189992e387651298f79c6169e0960:9706", "codigo_indicio": "959025", "nombre_mina": "Tharsis, Filón Sur", "provincia": "HUELVA", "municipio": "Alosno", "morfologia": "Lentejonar", "tipo_au": "roca", "deposit_id": "dep_tharsis_filon_sur", "district_id": "dist_faja_piritica_sur", "estado_presencia": "confirmada"}}, {"type": "Feature", "geometry": {"type": "Point", "coordinates": [-2.698521, 37.384706]}, "properties": {"record_id": "gpkg:44f874e0d3404a1c13ef2b13e6ecb8ea39b189992e387651298f79c6169e0960:10250", "codigo_indicio": "994008", "nombre_mina": "MINAS DE LA FABRIQUILLA DEL ORO", "provincia": "GRANADA", "municipio": "Caniles", "morfologia": "Estratiforme/Estratoide", "tipo_au": "desconocido", "deposit_id": "", "district_id": "", "estado_presencia": "pendiente"}}, {"type": "Feature", "geometry": {"type": "Point", "coordinates": [-2.54624, 37.349065]}, "properties": {"record_id": "gpkg:44f874e0d3404a1c13ef2b13e6ecb8ea39b189992e387651298f79c6169e0960:10257", "codigo_indicio": "994015", "nombre_mina": "INDICIOS DE RIO ALMANZORA W", "provincia": "ALMERIA", "municipio": "Serón", "morfologia": "Aluvionar", "tipo_au": "aluvial", "deposit_id": "", "district_id": "", "estado_presencia": "pendiente"}}, {"type": "Feature", "geometry": {"type": "Point", "coordinates": [-2.397165, 37.353807]}, "properties": {"record_id": "gpkg:44f874e0d3404a1c13ef2b13e6ecb8ea39b189992e387651298f79c6169e0960:10283", "codigo_indicio": "995014", "nombre_mina": "Indicio Aurífero", "provincia": "ALMERIA", "municipio": "Purchena", "morfologia": "Lentejonar", "tipo_au": "desconocido", "deposit_id": "", "district_id": "", "estado_presencia": "pendiente"}}, {"type": "Feature", "geometry": {"type": "Point", "coordinates": [-2.512345, 37.352536]}, "properties": {"record_id": "gpkg:44f874e0d3404a1c13ef2b13e6ecb8ea39b189992e387651298f79c6169e0960:10304", "codigo_indicio": "995035", "nombre_mina": "Indicio Aurífero", "provincia": "ALMERIA", "municipio": "Serón", "morfologia": "Lentejonar", "tipo_au": "desconocido", "deposit_id": "", "district_id": "", "estado_presencia": "pendiente"}}, {"type": "Feature", "geometry": {"type": "Point", "coordinates": [-3.55132, 37.167073]}, "properties": {"record_id": "gpkg:44f874e0d3404a1c13ef2b13e6ecb8ea39b189992e387651298f79c6169e0960:10475", "codigo_indicio": "1009016", "nombre_mina": "CALIFORNIA GRANADINA", "provincia": "GRANADA", "municipio": "Granada", "morfologia": "Irregular", "tipo_au": "aluvial", "deposit_id": "dep_california_granadina_darro", "district_id": "dist_beticas_granada", "estado_presencia": "confirmada"}}, {"type": "Feature", "geometry": {"type": "Point", "coordinates": [-2.807371, 37.226289]}, "properties": {"record_id": "gpkg:44f874e0d3404a1c13ef2b13e6ecb8ea39b189992e387651298f79c6169e0960:10568", "codigo_indicio": "1012008", "nombre_mina": "MINAS DEL CERRO DEL GALLO", "provincia": "ALMERIA", "municipio": "Fiñana", "morfologia": "Filoniana", "tipo_au": "roca", "deposit_id": "", "district_id": "", "estado_presencia": "pendiente"}}, {"type": "Feature", "geometry": {"type": "Point", "coordinates": [-1.971582, 37.014658]}, "properties": {"record_id": "gpkg:44f874e0d3404a1c13ef2b13e6ecb8ea39b189992e387651298f79c6169e0960:10966", "codigo_indicio": "1031019", "nombre_mina": "MINAS DEL PALADIN", "provincia": "ALMERIA", "municipio": "Carboneras", "morfologia": "Desconocida", "tipo_au": "desconocido", "deposit_id": "", "district_id": "", "estado_presencia": "pendiente"}}, {"type": "Feature", "geometry": {"type": "Point", "coordinates": [-3.047317, 36.963225]}, "properties": {"record_id": "gpkg:44f874e0d3404a1c13ef2b13e6ecb8ea39b189992e387651298f79c6169e0960:11137", "codigo_indicio": "1043028", "nombre_mina": "ALUVIAL DE LA RAMBLA DE BOMBARON", "provincia": "GRANADA", "municipio": "Ugíjar", "morfologia": "Lentejonar", "tipo_au": "aluvial", "deposit_id": "", "district_id": "", "estado_presencia": "pendiente"}}, {"type": "Feature", "geometry": {"type": "Point", "coordinates": [-2.933841, 36.981242]}, "properties": {"record_id": "gpkg:44f874e0d3404a1c13ef2b13e6ecb8ea39b189992e387651298f79c6169e0960:11154", "codigo_indicio": "1043045", "nombre_mina": "INDICIOS DE RAMBLA HONDA", "provincia": "ALMERIA", "municipio": "Laujar de Andarax", "morfologia": "Lentejonar", "tipo_au": "desconocido", "deposit_id": "", "district_id": "", "estado_presencia": "pendiente"}}, {"type": "Feature", "geometry": {"type": "Point", "coordinates": [-2.083608, 36.858729]}, "properties": {"record_id": "gpkg:44f874e0d3404a1c13ef2b13e6ecb8ea39b189992e387651298f79c6169e0960:11317", "codigo_indicio": "1046018", "nombre_mina": "MINA SANTA JOSEFA", "provincia": "ALMERIA", "municipio": "Níjar", "morfologia": "Filoniana", "tipo_au": "roca", "deposit_id": "dep_rodalquilar_santa_josefa", "district_id": "dist_cabo_de_gata", "estado_presencia": "confirmada"}}, {"type": "Feature", "geometry": {"type": "Point", "coordinates": [-2.065815, 36.84597]}, "properties": {"record_id": "gpkg:44f874e0d3404a1c13ef2b13e6ecb8ea39b189992e387651298f79c6169e0960:11321", "codigo_indicio": "1046022", "nombre_mina": "LABORES MERIDIONALES DE RODALQUILAR", "provincia": "ALMERIA", "municipio": "Níjar", "morfologia": "Filoniana", "tipo_au": "roca", "deposit_id": "dep_rodalquilar_cinto", "district_id": "dist_cabo_de_gata", "estado_presencia": "pendiente"}}, {"type": "Feature", "geometry": {"type": "Point", "coordinates": [-2.065683, 36.856786]}, "properties": {"record_id": "gpkg:44f874e0d3404a1c13ef2b13e6ecb8ea39b189992e387651298f79c6169e0960:11322", "codigo_indicio": "1046023", "nombre_mina": "CANTERA DEL CERRO MADRIGUERAS", "provincia": "ALMERIA", "municipio": "Níjar", "morfologia": "Pipas y chimeneas", "tipo_au": "roca", "deposit_id": "dep_rodalquilar_cinto", "district_id": "dist_cabo_de_gata", "estado_presencia": "confirmada"}}, {"type": "Feature", "geometry": {"type": "Point", "coordinates": [-2.063418, 36.858571]}, "properties": {"record_id": "gpkg:44f874e0d3404a1c13ef2b13e6ecb8ea39b189992e387651298f79c6169e0960:11323", "codigo_indicio": "1046024", "nombre_mina": "GRAN CANTERA OCCIDENTAL DEL SUR DEL CERRO DEL CINTO", "provincia": "ALMERIA", "municipio": "Níjar", "morfologia": "Filoniana", "tipo_au": "roca", "deposit_id": "dep_rodalquilar_cinto", "district_id": "dist_cabo_de_gata", "estado_presencia": "confirmada"}}, {"type": "Feature", "geometry": {"type": "Point", "coordinates": [-2.061241, 36.853146]}, "properties": {"record_id": "gpkg:44f874e0d3404a1c13ef2b13e6ecb8ea39b189992e387651298f79c6169e0960:11324", "codigo_indicio": "1046025", "nombre_mina": "CERRO DEL CINTO SE.1", "provincia": "ALMERIA", "municipio": "Níjar", "morfologia": "Filoniana", "tipo_au": "roca", "deposit_id": "dep_rodalquilar_cinto", "district_id": "dist_cabo_de_gata", "estado_presencia": "confirmada"}}, {"type": "Feature", "geometry": {"type": "Point", "coordinates": [-2.060064, 36.857643]}, "properties": {"record_id": "gpkg:44f874e0d3404a1c13ef2b13e6ecb8ea39b189992e387651298f79c6169e0960:11325", "codigo_indicio": "1046026", "nombre_mina": "GRAN CANTERA ORIENTAL DEL SUR DEL CERRO DEL CINTO", "provincia": "ALMERIA", "municipio": "Níjar", "morfologia": "Filoniana", "tipo_au": "roca", "deposit_id": "dep_rodalquilar_cinto", "district_id": "dist_cabo_de_gata", "estado_presencia": "confirmada"}}, {"type": "Feature", "geometry": {"type": "Point", "coordinates": [-2.057843, 36.855823]}, "properties": {"record_id": "gpkg:44f874e0d3404a1c13ef2b13e6ecb8ea39b189992e387651298f79c6169e0960:11326", "codigo_indicio": "1046027", "nombre_mina": "CERRO DEL CINTO SE.2", "provincia": "ALMERIA", "municipio": "Níjar", "morfologia": "Pipas y chimeneas", "tipo_au": "roca", "deposit_id": "dep_rodalquilar_cinto", "district_id": "dist_cabo_de_gata", "estado_presencia": "confirmada"}}, {"type": "Feature", "geometry": {"type": "Point", "coordinates": [-2.047782, 36.853039]}, "properties": {"record_id": "gpkg:44f874e0d3404a1c13ef2b13e6ecb8ea39b189992e387651298f79c6169e0960:11331", "codigo_indicio": "1046032", "nombre_mina": "CERRO DEL CINTO E.", "provincia": "ALMERIA", "municipio": "Níjar", "morfologia": "Filoniana", "tipo_au": "roca", "deposit_id": "dep_rodalquilar_cinto", "district_id": "dist_cabo_de_gata", "estado_presencia": "confirmada"}}, {"type": "Feature", "geometry": {"type": "Point", "coordinates": [-2.016251, 36.862698]}, "properties": {"record_id": "gpkg:44f874e0d3404a1c13ef2b13e6ecb8ea39b189992e387651298f79c6169e0960:11346", "codigo_indicio": "1046047", "nombre_mina": "POZOS DE LA MOLATA", "provincia": "ALMERIA", "municipio": "Níjar", "morfologia": "Filoniana", "tipo_au": "roca", "deposit_id": "", "district_id": "dist_cabo_de_gata", "estado_presencia": "pendiente"}}, {"type": "Feature", "geometry": {"type": "Point", "coordinates": [-5.213358, 36.507563]}, "properties": {"record_id": "gpkg:44f874e0d3404a1c13ef2b13e6ecb8ea39b189992e387651298f79c6169e0960:11574", "codigo_indicio": "1064030", "nombre_mina": "Mina del Majar del Toro", "provincia": "MALAGA", "municipio": "Genalguacil", "morfologia": "Filoniana", "tipo_au": "roca", "deposit_id": "", "district_id": "", "estado_presencia": "pendiente"}}, {"type": "Feature", "geometry": {"type": "Point", "coordinates": [-4.854952, 36.530979]}, "properties": {"record_id": "gpkg:44f874e0d3404a1c13ef2b13e6ecb8ea39b189992e387651298f79c6169e0960:11601", "codigo_indicio": "1065024", "nombre_mina": "Cerro del Torrón", "provincia": "MALAGA", "municipio": "Ojén", "morfologia": "Lentejonar", "tipo_au": "desconocido", "deposit_id": "", "district_id": "", "estado_presencia": "pendiente"}}, {"type": "Feature", "geometry": {"type": "Point", "coordinates": [-4.830782, 36.548028]}, "properties": {"record_id": "gpkg:44f874e0d3404a1c13ef2b13e6ecb8ea39b189992e387651298f79c6169e0960:11651", "codigo_indicio": "1066035", "nombre_mina": "La Gallega", "provincia": "MALAGA", "municipio": "Ojén", "morfologia": "Filoniana", "tipo_au": "roca", "deposit_id": "", "district_id": "", "estado_presencia": "pendiente"}}]}