source_excel_row,mineID,site,country_raw,roman_province_raw,region_raw,latitude_raw,longitude_raw,coordinate_in_broad_spain_envelope,include_spain_subset,selection_rule,selection_reason
2,1,Aljustrel,Portugal,Lusitania,Beja,37.880874,-8.175981,True,False,excluded_country_not_spain,country is not the configured modern-country value Spain.
3,2,Atalaia de Alte,Portugal,Lusitania,Faro,37.24315224,-8.187164537,True,False,excluded_country_not_spain,country is not the configured modern-country value Spain.
4,3,Avintes,Portugal,Lusitania,Northern Portugal,41.099158,-8.544675,True,False,excluded_country_not_spain,country is not the configured modern-country value Spain.
5,4,Belmonte - Colmeal - Maçainhas,Portugal,Hispania Tarraconensis,Castelo Branco,40.38963823,-7.340493633,True,False,excluded_country_not_spain,country is not the configured modern-country value Spain.
6,5,Brancanes,Portugal,Lusitania,Beja,37.55756281,-8.016500588,True,False,excluded_country_not_spain,country is not the configured modern-country value Spain.
7,6,Buraco dos Mouros de Urros,Portugal,Hispania Tarraconensis,Northern Portugal,41.07721,-7.040592,True,False,excluded_country_not_spain,country is not the configured modern-country value Spain.
8,7,Cabeço de Mua,Portugal,Hispania Tarraconensis,Braga,41.19318578,-6.956601638,True,False,excluded_country_not_spain,country is not the configured modern-country value Spain.
9,8,Carvalhelos,Portugal,Hispania Tarraconensis,Viano do Castelo,41.68652096,-7.739182189,True,False,excluded_country_not_spain,country is not the configured modern-country value Spain.
10,9,Cerro da Mina,Portugal,Lusitania,Faro,37.44799935,-7.755615659,True,False,excluded_country_not_spain,country is not the configured modern-country value Spain.
11,10,Cisterna dos Cães,Portugal,Lusitania,Faro,37.19050854,-8.438280827,True,False,excluded_country_not_spain,country is not the configured modern-country value Spain.
12,11,Corta da Torre,Portugal,Hispania Tarraconensis,Northern Portugal,41.69245,-8.670924,True,False,excluded_country_not_spain,country is not the configured modern-country value Spain.
13,12,Corta do Penedo das Bruxas,Portugal,Hispania Tarraconensis,Northern Portugal,41.737828,-7.573834,True,False,excluded_country_not_spain,country is not the configured modern-country value Spain.
14,13,Covas de Mouros de Monte da Nó,Portugal,Hispania Tarraconensis,Northern Portugal,41.708911,-8.59835,True,False,excluded_country_not_spain,country is not the configured modern-country value Spain.
15,14,Crugeira,Portugal,Hispania Baetica,Beja,38.11068367,-7.317816557,True,False,excluded_country_not_spain,country is not the configured modern-country value Spain.
16,15,Ervedosa,Portugal,Hispania Tarraconensis,Bragança,41.7257388,-7.095970035,True,False,excluded_country_not_spain,country is not the configured modern-country value Spain.
17,16,Escadia Grande,Portugal,Hispania Tarraconensis,Coimbra,40.07804448,-8.11552781,True,False,excluded_country_not_spain,country is not the configured modern-country value Spain.
18,18,Folgadouro,Portugal,Hispania Tarraconensis,Viano do Castelo,41.7692345,-8.754909308,True,False,excluded_country_not_spain,country is not the configured modern-country value Spain.
19,19,Forca,Portugal,Hispania Tarraconensis,Northern Portugal,41.836843,-8.260849,True,False,excluded_country_not_spain,country is not the configured modern-country value Spain.
20,20,França,Portugal,Hispania Tarraconensis,Northern Portugal,41.9014042,-6.7373962,True,False,excluded_country_not_spain,country is not the configured modern-country value Spain.
21,21,Furados de Pombeiro,Portugal,Hispania Tarraconensis,Coimbra,40.24195054,-8.110787612,True,False,excluded_country_not_spain,country is not the configured modern-country value Spain.
22,22,Grovelas,Portugal,Hispania Tarraconensis,Northern Portugal,41.751727,-8.437788,True,False,excluded_country_not_spain,country is not the configured modern-country value Spain.
23,23,Herdade da Tinoca,Portugal,Lusitania,Portalegre,39.07860132,-7.142712111,True,False,excluded_country_not_spain,country is not the configured modern-country value Spain.
24,24,Herdade do Montinho,Portugal,Lusitania,Beja,37.86304358,-8.160350225,True,False,excluded_country_not_spain,country is not the configured modern-country value Spain.
25,25,Jales,Portugal,Hispania Tarraconensis,Vila Real,41.46531351,-7.587303241,True,False,excluded_country_not_spain,country is not the configured modern-country value Spain.
26,26,Juliana,Portugal,Lusitania,Beja,37.90716138,-8.045521077,True,False,excluded_country_not_spain,country is not the configured modern-country value Spain.
27,27,Lagares,Portugal,Hispania Tarraconensis,Northern Portugal,41.807087,-7.455047,True,False,excluded_country_not_spain,country is not the configured modern-country value Spain.
28,28,Macedinho,Portugal,Hispania Tarraconensis,Northern Portugal,41.405245,-7.104955,True,False,excluded_country_not_spain,country is not the configured modern-country value Spain.
29,29,Malhada,Portugal,Hispania Tarraconensis,Aveiro,40.74143642,-8.400695101,True,False,excluded_country_not_spain,country is not the configured modern-country value Spain.
30,30,Meimoa,Portugal,Hispania Tarraconensis,Castelo Branco,40.19973244,-7.123086066,True,False,excluded_country_not_spain,country is not the configured modern-country value Spain.
31,32,Milreu,Portugal,Hispania Tarraconensis,Santarem,39.61872097,-8.142422005,True,False,excluded_country_not_spain,country is not the configured modern-country value Spain.
32,33,Mina da Cabranca,Portugal,Lusitania,Northern Portugal,41.012513,-8.361867,True,False,excluded_country_not_spain,country is not the configured modern-country value Spain.
33,34,Mina do Bugalho,Portugal,Hispania Baetica,Évora,38.68452182,-7.318251199,True,False,excluded_country_not_spain,country is not the configured modern-country value Spain.
34,35,Mina do Portal,Portugal,Lusitania,Northern Portugal,41.039901,-8.404394,True,False,excluded_country_not_spain,country is not the configured modern-country value Spain.
35,36,Minancos,Portugal,Hispania Baetica,Beja,38.16428271,-7.141500915,True,False,excluded_country_not_spain,country is not the configured modern-country value Spain.
36,37,Monfortinho 1,Portugal,Hispania Tarraconensis,Castelo Branco,40.01267954,-6.874035303,True,False,excluded_country_not_spain,country is not the configured modern-country value Spain.
37,38,Monfortinho 2,Portugal,Hispania Tarraconensis,Castelo Branco,40.01267954,-6.874035303,True,False,excluded_country_not_spain,country is not the configured modern-country value Spain.
38,39,Monfortinho 3 (Fonte Santa),Portugal,Hispania Tarraconensis,Castelo Branco,39.99651051,-6.877844815,True,False,excluded_country_not_spain,country is not the configured modern-country value Spain.
39,40,Monte Judeu,Portugal,Hispania Baetica,Beja,38.04335366,-7.352737619,True,False,excluded_country_not_spain,country is not the configured modern-country value Spain.
40,41,Noreia,Austria,Noricum,,46.7,14.433333,False,False,excluded_country_not_spain,country is not the configured modern-country value Spain.
41,42,Stavelot,Belgium,Gallia Belgica,,50.3833,5.9333,False,False,excluded_country_not_spain,country is not the configured modern-country value Spain.
42,43,Fojnica,Bosnia and Herzegovina,Dalmatia,Central Bosnia,43.96457969,17.90229284,False,False,excluded_country_not_spain,country is not the configured modern-country value Spain.
43,45,Japra,Bosnia and Herzegovina,Dalmatia,Central Bosnia,45.0306,16.4572,False,False,excluded_country_not_spain,country is not the configured modern-country value Spain.
44,46,Kreševo,Bosnia and Herzegovina,Dalmatia,Central Bosnia,43.866667,18.05,False,False,excluded_country_not_spain,country is not the configured modern-country value Spain.
45,47,Ostružnica,Bosnia and Herzegovina,Dalmatia,Central Bosnia,43.96903626,17.94124929,False,False,excluded_country_not_spain,country is not the configured modern-country value Spain.
46,48,Rosinj,Bosnia and Herzegovina,Dalmatia,Central Bosnia,43.94924716,17.68901931,False,False,excluded_country_not_spain,country is not the configured modern-country value Spain.
47,49,Uložnica,Bosnia and Herzegovina,Dalmatia,Central Bosnia,43.9856004,17.68736147,False,False,excluded_country_not_spain,country is not the configured modern-country value Spain.
48,50,Agrokipia,Cyprus,Cyprus,,35.044444,33.155,False,False,excluded_country_not_spain,country is not the configured modern-country value Spain.
49,51,Apliki,Cyprus,Cyprus,,34.930833,33.116944,False,False,excluded_country_not_spain,country is not the configured modern-country value Spain.
50,52,Asproyia,Cyprus,Cyprus,,34.921944,32.615556,False,False,excluded_country_not_spain,country is not the configured modern-country value Spain.
51,53,Ayios Mamas,Cyprus,Cyprus,,34.85,32.95,False,False,excluded_country_not_spain,country is not the configured modern-country value Spain.
52,54,Kalavassos,Cyprus,Cyprus,,34.916667,33.633333,False,False,excluded_country_not_spain,country is not the configured modern-country value Spain.
53,55,Kambia,Cyprus,Cyprus,,34.825,32.741667,False,False,excluded_country_not_spain,country is not the configured modern-country value Spain.
54,56,Kynousa,Cyprus,Cyprus,,35.031321,32.509186,False,False,excluded_country_not_spain,country is not the configured modern-country value Spain.
55,57,Limni,Cyprus,Cyprus,,35.050736,32.461181,False,False,excluded_country_not_spain,country is not the configured modern-country value Spain.
56,58,Mathiatis,Cyprus,Cyprus,,34.962778,33.336111,False,False,excluded_country_not_spain,country is not the configured modern-country value Spain.
57,59,Mavrovouni,Northern Cyprus,Cyprus,,35.114088,32.835988,False,False,excluded_country_not_spain,country is not the configured modern-country value Spain.
58,60,Mazokambos,Northern Cyprus,Cyprus,,35.091672,32.829169,False,False,excluded_country_not_spain,country is not the configured modern-country value Spain.
59,61,Mitsero,Cyprus,Cyprus,,35.042222,33.126944,False,False,excluded_country_not_spain,country is not the configured modern-country value Spain.
60,62,Sha,Cyprus,Cyprus,,34.954722,33.39,False,False,excluded_country_not_spain,country is not the configured modern-country value Spain.
61,63,Skouriotissa,Cyprus,Cyprus,,35.091111,32.884722,False,False,excluded_country_not_spain,country is not the configured modern-country value Spain.
62,64,Troulli,Cyprus,Cyprus,,35.030848,33.616178,False,False,excluded_country_not_spain,country is not the configured modern-country value Spain.
63,65,Abu Zawal,Egypt,Aegyptus,Eastern Desert,26.666667,33.233333,False,False,excluded_country_not_spain,country is not the configured modern-country value Spain.
64,67,Atalla,Egypt,Aegyptus,Eastern Desert,26.154323,33.504118,False,False,excluded_country_not_spain,country is not the configured modern-country value Spain.
65,69,Bir Umm Fawakhir,Egypt,Aegyptus,Eastern Desert,26.010142,33.608432,False,False,excluded_country_not_spain,country is not the configured modern-country value Spain.
66,71,Dunqash,Egypt,Aegyptus,Eastern Desert,24.933333,33.866667,False,False,excluded_country_not_spain,country is not the configured modern-country value Spain.
67,73,Gelli,Egypt,Aegyptus,Eastern Desert,24.52044,34.74244,False,False,excluded_country_not_spain,country is not the configured modern-country value Spain.
68,74,Persou,Egypt,Aegyptus,Eastern Desert,25.950983,33.568897,False,False,excluded_country_not_spain,country is not the configured modern-country value Spain.
69,75,Samut,Egypt,Aegyptus,Eastern Desert,24.8394,33.9488,False,False,excluded_country_not_spain,country is not the configured modern-country value Spain.
70,76,Siqdit,Egypt,Aegyptus,Eastern Desert,25.45094,34.06704,False,False,excluded_country_not_spain,country is not the configured modern-country value Spain.
71,77,Sukkari,Egypt,Aegyptus,Eastern Desert,24.952795,34.711604,False,False,excluded_country_not_spain,country is not the configured modern-country value Spain.
72,78,Wadi el-Sid,Egypt,Aegyptus,Eastern Desert,25.985185,33.611553,False,False,excluded_country_not_spain,country is not the configured modern-country value Spain.
73,79,Banca,France,Gallia Aquitania,,43.1275,-1.373056,True,False,excluded_country_not_spain,country is not the configured modern-country value Spain.
74,80,Bastide de Serou,France,Gallia Narbonensis,,43.012778,1.428611,True,False,excluded_country_not_spain,country is not the configured modern-country value Spain.
75,81,Bertartéa,France,Gallia Aquitania,Pyrénées-Atlantiques,43.340906,-1.392781,True,False,excluded_country_not_spain,country is not the configured modern-country value Spain.
76,83,Camp de César,France,Gallia Aquitania,Pyrénées-Atlantiques,43.347504,-1.413612,True,False,excluded_country_not_spain,country is not the configured modern-country value Spain.
77,84,Ceutrons,France,Alpes Cottiae,,45.485833,6.534444,False,False,excluded_country_not_spain,country is not the configured modern-country value Spain.
78,85,La Bellière,France,Gallia Aquitania,,48.626667,-0.033056,False,False,excluded_country_not_spain,country is not the configured modern-country value Spain.
79,86,La Bessette,France,Gallia Aquitania,,45.4167,3.8667,False,False,excluded_country_not_spain,country is not the configured modern-country value Spain.
80,87,La Minayre,France,Gallia Aquitania,,46.194472,2.468392,False,False,excluded_country_not_spain,country is not the configured modern-country value Spain.
81,89,La Rodde,France,Gallia Narbonensis,Haute Loire_x000D_,45.85,2.6333,False,False,excluded_country_not_spain,country is not the configured modern-country value Spain.
82,90,La Roussignole,France,Gallia Narbonensis,,43.578056,3.363333,True,False,excluded_country_not_spain,country is not the configured modern-country value Spain.
83,91,Landaussia,France,Gallia Aquitania,Pyrénées-Atlantiques,43.337129,-1.393478,True,False,excluded_country_not_spain,country is not the configured modern-country value Spain.
84,92,Lascours,France,Gallia Narbonensis,,44.013706,4.193625,True,False,excluded_country_not_spain,country is not the configured modern-country value Spain.
85,93,L'Assaladou,France,Gallia Narbonensis,,42.950758,1.451866,True,False,excluded_country_not_spain,country is not the configured modern-country value Spain.
86,94,Le Bleymard,France,Gallia Aquitania,,44.48722,3.73583,True,False,excluded_country_not_spain,country is not the configured modern-country value Spain.
87,95,Les Miaules,France,Gallia Lugdunensis,,47.899945,-1.034892,False,False,excluded_country_not_spain,country is not the configured modern-country value Spain.
88,96,Mougno,France,Gallia Narbonensis,,43.5745,3.358713,True,False,excluded_country_not_spain,country is not the configured modern-country value Spain.
89,97,Pioch-Farrus,France,Gallia Narbonensis,,43.5794,3.3714,True,False,excluded_country_not_spain,country is not the configured modern-country value Spain.
90,98,Pontgibaud,France,Gallia Aquitania,Puy-de-D_x001E_ôme,45.833,2.851,False,False,excluded_country_not_spain,country is not the configured modern-country value Spain.
91,99,Sainte-Léocadie 1,France,Gallia Narbonensis,Pyrénées-Orientales,42.43315,1.995833,True,False,excluded_country_not_spain,country is not the configured modern-country value Spain.
92,100,Sainte-Léocadie 2,France,Gallia Narbonensis,Pyrénées-Orientales,42.43003574,1.992569567,True,False,excluded_country_not_spain,country is not the configured modern-country value Spain.
93,101,Sainte-Léocadie 3,France,Gallia Narbonensis,Pyrénées-Orientales,42.41759316,1.995718942,True,False,excluded_country_not_spain,country is not the configured modern-country value Spain.
94,102,Sallagosa 1,France,Gallia Narbonensis,Pyrénées-Orientales,42.46802441,2.053082434,True,False,excluded_country_not_spain,country is not the configured modern-country value Spain.
95,103,Sallagosa 2 ?,France,Gallia Narbonensis,Pyrénées-Orientales,42.46125817,2.056323469,True,False,excluded_country_not_spain,country is not the configured modern-country value Spain.
96,104,Sallagosa 3 ?,France,Gallia Narbonensis,Pyrénées-Orientales,42.46146873,2.047246754,True,False,excluded_country_not_spain,country is not the configured modern-country value Spain.
97,105,Tou de la Mine,France,Gallia Narbonensis,,42.932629,1.443469,True,False,excluded_country_not_spain,country is not the configured modern-country value Spain.
98,106,Vialas,France,Gallia Narbonensis,Gard,44.33444,3.89667,True,False,excluded_country_not_spain,country is not the configured modern-country value Spain.
99,107,Villefranche-de-Rouergue,France,Gallia Aquitania,Aveyron,44.353333,2.035,True,False,excluded_country_not_spain,country is not the configured modern-country value Spain.
100,108,Aachen,Germany,Germania Inferior,,50.775278,6.082778,False,False,excluded_country_not_spain,country is not the configured modern-country value Spain.
101,109,Bad Ems,Germany,Germania Inferior,,50.338056,7.710556,False,False,excluded_country_not_spain,country is not the configured modern-country value Spain.
102,110,Bleiberg,Germany,Germania Inferior,,51.344337,7.075125,False,False,excluded_country_not_spain,country is not the configured modern-country value Spain.
103,111,Eifel,Germany,Germania Inferior,,50.616667,6.433333,False,False,excluded_country_not_spain,country is not the configured modern-country value Spain.
104,112,Keldenich,Germany,Germania Inferior,,50.813507,6.969153,False,False,excluded_country_not_spain,country is not the configured modern-country value Spain.
105,113,Mechernich,Germany,Germania Inferior,,50.6,6.65,False,False,excluded_country_not_spain,country is not the configured modern-country value Spain.
106,114,Sauerland (Brilon),Germany,Germania Inferior,Sauerland,51.397693,8.574451,False,False,excluded_country_not_spain,country is not the configured modern-country value Spain.
107,115,Laurion,Greece,Achaea,Lauriotike,37.710011,24.01197,False,False,excluded_country_not_spain,country is not the configured modern-country value Spain.
108,116,Thasos (mountains),Greece,Achaea,,40.716667,24.766667,False,False,excluded_country_not_spain,country is not the configured modern-country value Spain.
109,117,Thorikos,Greece,Achaea,Lauriotike,37.7,24.05,False,False,excluded_country_not_spain,country is not the configured modern-country value Spain.
110,118,Timna,Israel,Iudaea,,29.787778,34.988889,False,False,excluded_country_not_spain,country is not the configured modern-country value Spain.
111,119,Wadi Amram,Israel,Iudaea,,29.651714,34.937005,False,False,excluded_country_not_spain,country is not the configured modern-country value Spain.
112,120,Argentiera,Italy,Corsica et Sardinia,Sardinia,40.74,8.151111,False,False,excluded_country_not_spain,country is not the configured modern-country value Spain.
113,121,Bessa,Italy,Alpes Cottiae,,45.485823,8.036185,False,False,excluded_country_not_spain,country is not the configured modern-country value Spain.
114,122,Fluminimaggiore,Italy,Corsica et Sardinia,Sardinia,39.4397,8.4964,False,False,excluded_country_not_spain,country is not the configured modern-country value Spain.
115,123,Malacalzetta,Italy,Corsica et Sardinia,Sardinia,39.374915,8.550768,False,False,excluded_country_not_spain,country is not the configured modern-country value Spain.
116,124,Massa Marittima,Italy,Italia,,43.05,10.8833,False,False,excluded_country_not_spain,country is not the configured modern-country value Spain.
117,125,Monteponi,Italy,Corsica et Sardinia,Sardinia,39.316667,8.533333,False,False,excluded_country_not_spain,country is not the configured modern-country value Spain.
118,126,San Giorgo,Italy,Corsica et Sardinia,Sardinia,39.0644,8.995,False,False,excluded_country_not_spain,country is not the configured modern-country value Spain.
119,127,San Giovanni,Italy,Corsica et Sardinia,Sardinia,39.11,8.5211,False,False,excluded_country_not_spain,country is not the configured modern-country value Spain.
120,128,Faynan,Jordan,Arabia Petraea,,30.627084,35.493837,False,False,excluded_country_not_spain,country is not the configured modern-country value Spain.
121,129,Janjevo,Kosovo,Moesia Superior,,42.58363,21.25634,False,False,excluded_country_not_spain,country is not the configured modern-country value Spain.
122,130,Lece,Serbia,Moesia Superior,,42.9042,21.5239,False,False,excluded_country_not_spain,country is not the configured modern-country value Spain.
123,131,Novo Brdo,Kosovo,Moesia Superior,,42.616123,21.435097,False,False,excluded_country_not_spain,country is not the configured modern-country value Spain.
124,132,Lanz,Navarra,Hispania Tarraconensis,,42.99640694,-1.621914721,True,True,included_reviewed_override,"OxREP stores the subnational territory Navarra in the country field; mineID 132 (Lanz) has coordinates 42.996407, -1.621915 and Spanish map sheet 115. Included as an explicit reviewed override, without altering the raw country value."
125,133,Nogueirinha,Portugal,Lusitania,Évora,38.53331052,-8.128499598,True,False,excluded_country_not_spain,country is not the configured modern-country value Spain.
126,134,Outeiro Machado,Portugal,Hispania Tarraconensis,Northern Portugal,41.750612,-7.515958,True,False,excluded_country_not_spain,country is not the configured modern-country value Spain.
127,135,Paulinos,Portugal,Hispania Tarraconensis,Braga,41.5488674,-8.493903507,True,False,excluded_country_not_spain,country is not the configured modern-country value Spain.
128,136,Picalto,Portugal,Lusitania,Faro,37.26293846,-8.240163649,True,False,excluded_country_not_spain,country is not the configured modern-country value Spain.
129,137,Pirâmide de Santa Justa,Portugal,Hispania Tarraconensis,Northern Portugal,41.171439,-8.494012,True,False,excluded_country_not_spain,country is not the configured modern-country value Spain.
130,138,Poço das Freitas,Portugal,Hispania Tarraconensis,Vila Real,41.73727222,-7.598234313,True,False,excluded_country_not_spain,country is not the configured modern-country value Spain.
131,139,Batocas (Poço das Freitas),Portugal,Hispania Tarraconensis,Vila Real,41.75528934,-7.600489841,True,False,excluded_country_not_spain,country is not the configured modern-country value Spain.
132,140,Quarta Feira,Portugal,Hispania Tarraconensis,Guarda,40.35979926,-7.203108594,True,False,excluded_country_not_spain,country is not the configured modern-country value Spain.
133,141,Recarei,Portugal,Hispania Tarraconensis,Northern Portugal,41.157252,-8.434914,True,False,excluded_country_not_spain,country is not the configured modern-country value Spain.
134,142,Río Miño 3: Rio Mouro,Portugal,Hispania Tarraconensis,Viano do Castelo,42.07670386,-8.405047143,True,False,excluded_country_not_spain,country is not the configured modern-country value Spain.
135,143,Río Miño 4: Monção,Portugal,Hispania Tarraconensis,Viano do Castelo,42.07456039,-8.523459902,True,False,excluded_country_not_spain,country is not the configured modern-country value Spain.
136,144,Río Ponsul,Portugal,Hispania Tarraconensis,Castelo Branco,39.80988767,-7.374041294,True,False,excluded_country_not_spain,country is not the configured modern-country value Spain.
137,145,Ruy Gomes,Portugal,Hispania Baetica,Beja,38.11467547,-7.375926245,True,False,excluded_country_not_spain,country is not the configured modern-country value Spain.
138,146,San Domingos,Portugal,Hispania Baetica,Beja,37.66849754,-7.49041657,True,False,excluded_country_not_spain,country is not the configured modern-country value Spain.
139,147,San Salvador - Vila Verde,Portugal,Hispania Tarraconensis,Northern Portugal,,,False,False,excluded_country_not_spain,country is not the configured modern-country value Spain.
140,148,Santo Estevão,Portugal,Lusitania,Faro,37.2194949,-8.371923707,True,False,excluded_country_not_spain,country is not the configured modern-country value Spain.
141,149,Seixo,Portugal,Hispania Tarraconensis,Northern Portugal,41.19008,-7.26548,True,False,excluded_country_not_spain,country is not the configured modern-country value Spain.
142,150,Serra de Arga,Portugal,Hispania Tarraconensis,Northern Portugal,41.806046,-8.713685,True,False,excluded_country_not_spain,country is not the configured modern-country value Spain.
143,151,Serra de Banjas / Mias das Banjas,Portugal,Hispania Tarraconensis,Porto,41.09264776,-8.387838816,True,False,excluded_country_not_spain,country is not the configured modern-country value Spain.
144,152,Serra de Caveira,Portugal,Lusitania,Setubal,38.11740938,-8.50711216,True,False,excluded_country_not_spain,country is not the configured modern-country value Spain.
145,153,Serra de Queiriga,Portugal,Hispania Tarraconensis,Guarda,40.78431492,-7.742175823,True,False,excluded_country_not_spain,country is not the configured modern-country value Spain.
146,154,Serra de Santa Justa / Fojo das Pombas,Portugal,Hispania Tarraconensis,Porto,41.18239405,-8.497837306,True,False,excluded_country_not_spain,country is not the configured modern-country value Spain.
147,155,Tagus 1: Mouriscas,Portugal,Hispania Tarraconensis,Santarem,39.46560039,-8.098241904,True,False,excluded_country_not_spain,country is not the configured modern-country value Spain.
148,156,Tagus 2: Abrantes,Portugal,Hispania Tarraconensis,Santarem,39.47459709,-8.191211683,True,False,excluded_country_not_spain,country is not the configured modern-country value Spain.
149,157,Tagus 3: Confluence Zêzere-Tagus,Portugal,Hispania Tarraconensis,Santarem,39.4789832,-8.307440301,True,False,excluded_country_not_spain,country is not the configured modern-country value Spain.
150,158,Tinas,Portugal,Hispania Tarraconensis,Northern Portugal,41.795201,-8.337281,True,False,excluded_country_not_spain,country is not the configured modern-country value Spain.
151,159,Três Minas - Corta de Covas,Portugal,Hispania Tarraconensis,Vila Real,41.496453,-7.525246,True,False,excluded_country_not_spain,country is not the configured modern-country value Spain.
152,160,Trincheiras,Portugal,Hispania Tarraconensis,Vila Real,39.98332173,-7.457592038,True,False,excluded_country_not_spain,country is not the configured modern-country value Spain.
153,161,Vila Mou,Portugal,Hispania Tarraconensis,Viano do Castelo,41.73351537,-8.698071507,True,False,excluded_country_not_spain,country is not the configured modern-country value Spain.
154,162,Zambujal,Portugal,Lusitania,Beja,38.26209908,-8.021107841,True,False,excluded_country_not_spain,country is not the configured modern-country value Spain.
155,163,Albac,Romania,Dacia,Alba County,46.447759,22.962774,False,False,excluded_country_not_spain,country is not the configured modern-country value Spain.
156,164,Almaşu Mare,Romania,Dacia,Alba County,46.110667,23.116399,False,False,excluded_country_not_spain,country is not the configured modern-country value Spain.
157,165,Alun,Romania,Dacia,Hunedoara  ,45.70775,22.68552,False,False,excluded_country_not_spain,country is not the configured modern-country value Spain.
158,166,"Avram Iancu, Vidra de Sus",Romania,Dacia,Alba County,46.366324,22.885036,False,False,excluded_country_not_spain,country is not the configured modern-country value Spain.
159,167,Baia de Criş,Romania,Dacia,Hunedoara,46.16411,22.707859,False,False,excluded_country_not_spain,country is not the configured modern-country value Spain.
160,168,Baia de Criş - La Ptincuri,Romania,Dacia,Hunedoara  ,46.1761,22.72326,False,False,excluded_country_not_spain,country is not the configured modern-country value Spain.
161,169,Băişoara,Romania,Dacia,Cluj,46.581082,23.441612,False,False,excluded_country_not_spain,country is not the configured modern-country value Spain.
162,170,Băiţa ,Romania,Dacia,Hunedoara,46.024576,22.894773,False,False,excluded_country_not_spain,country is not the configured modern-country value Spain.
163,172,"Băiţa - Dealul Ghergheleului, Gallery 3",Romania,Dacia,Hunedoara  ,46.01904,22.88948,False,False,excluded_country_not_spain,country is not the configured modern-country value Spain.
164,173,"Băiţa - Dealul Ghergheleului, Gallery 4",Romania,Dacia,Hunedoara  ,46.01869,22.88964,False,False,excluded_country_not_spain,country is not the configured modern-country value Spain.
165,174,"Băiţa - Dealul Ghergheleului, Gallery 2",Romania,Dacia,Hunedoara  ,46.01946,22.88857,False,False,excluded_country_not_spain,country is not the configured modern-country value Spain.
166,175,"Băiţa - Dealul Ghergheleului, Gallery 5",Romania,Dacia,Hunedoara  ,46.01926,22.89019,False,False,excluded_country_not_spain,country is not the configured modern-country value Spain.
167,176,"Băiţa - Dealul Ghergheleului, Gallery 1",Romania,Dacia,Hunedoara  ,46.01946,22.89144,False,False,excluded_country_not_spain,country is not the configured modern-country value Spain.
168,177,Băiţa - Măgura,Romania,Dacia,Hunedoara  ,46.02104,22.893,False,False,excluded_country_not_spain,country is not the configured modern-country value Spain.
169,178,Băniţa,Romania,Dacia,Hunedoara  ,45.45164,23.27879,False,False,excluded_country_not_spain,country is not the configured modern-country value Spain.
170,179,"Barbura - Dealul Mialu, Galeria +50",Romania,Dacia,Hunedoara  ,46.00341,22.92045,False,False,excluded_country_not_spain,country is not the configured modern-country value Spain.
171,180,"Barbura - Dealul Mialu, Galeria Grimm",Romania,Dacia,Hunedoara  ,46.00459,22.91096,False,False,excluded_country_not_spain,country is not the configured modern-country value Spain.
172,181,"Barbura - Dealul Mialu, Galeria Iosefi",Romania,Dacia,Hunedoara  ,46.00389,22.92024,False,False,excluded_country_not_spain,country is not the configured modern-country value Spain.
173,182,Barbura - Dealul Piţiguş,Romania,Dacia,Hunedoara  ,46.00147,22.92447,False,False,excluded_country_not_spain,country is not the configured modern-country value Spain.
174,183,"Bazinul Caraşului, Valea Ciclovei  ",Romania,Dacia,Caraş-Severin  ,45.02585,21.73204,False,False,excluded_country_not_spain,country is not the configured modern-country value Spain.
175,184,Bistra,Romania,Dacia,Alba County,46.378701,23.102108,False,False,excluded_country_not_spain,country is not the configured modern-country value Spain.
176,186,Bocşa - Cracul de Aur,Romania,Dacia,Caraş-Severin  ,45.37591,21.73827,False,False,excluded_country_not_spain,country is not the configured modern-country value Spain.
177,187,Bolvaşniţa,Romania,Dacia,Caraş-Severin,45.345189,22.318491,False,False,excluded_country_not_spain,country is not the configured modern-country value Spain.
178,188,Borlova,Romania,Dacia,Caraş-Severin,45.366782,22.350062,False,False,excluded_country_not_spain,country is not the configured modern-country value Spain.
179,189,Bucium - Ieruga opencast,Romania,Dacia,Alba County,46.223428,23.199692,False,False,excluded_country_not_spain,country is not the configured modern-country value Spain.
180,190,Bucium - Gaura Perii opencast,Romania,Dacia,Alba County,46.222432,23.194116,False,False,excluded_country_not_spain,country is not the configured modern-country value Spain.
181,191,Bucium - Poduri,Romania,Dacia,Alba County,46.219622,23.200576,False,False,excluded_country_not_spain,country is not the configured modern-country value Spain.
182,192,Bucium - Citera Slăveşoi (galeria Petru şi Pavel),Romania,Dacia,Alba  ,46.231566,23.198683,False,False,excluded_country_not_spain,country is not the configured modern-country value Spain.
183,193,Bucureşci,Romania,Dacia,Hunedoara  ,46.12371,22.91135,False,False,excluded_country_not_spain,country is not the configured modern-country value Spain.
184,194,Câinelu de Sus - Galeria 1,Romania,Dacia,Hunedoara  ,46.06163,22.89439,False,False,excluded_country_not_spain,country is not the configured modern-country value Spain.
185,195,Câinelu de Sus - Galeria 2,Romania,Dacia,Hunedoara  ,46.06203,22.89511,False,False,excluded_country_not_spain,country is not the configured modern-country value Spain.
186,196,Câinelu de Sus - Galeria 3,Romania,Dacia,Hunedoara  ,46.06119,22.89473,False,False,excluded_country_not_spain,country is not the configured modern-country value Spain.
187,197,Câinelu de Sus - Galeria 4,Romania,Dacia,Hunedoara  ,46.05574,22.89443,False,False,excluded_country_not_spain,country is not the configured modern-country value Spain.
188,198,Câinelu de Sus - Galeria Gherghina,Romania,Dacia,Hunedoara  ,46.05157,22.89214,False,False,excluded_country_not_spain,country is not the configured modern-country value Spain.
189,199,Câinelu de Sus - Galeria Josefi,Romania,Dacia,Hunedoara  ,46.05891,22.8945,False,False,excluded_country_not_spain,country is not the configured modern-country value Spain.
190,200,Câinelu de Sus,Romania,Dacia,Hunedoara,46.04713,22.892243,False,False,excluded_country_not_spain,country is not the configured modern-country value Spain.
191,201,Căraci - Adamul Nou,Romania,Dacia,Hunedoara  ,46.1472,22.68545,False,False,excluded_country_not_spain,country is not the configured modern-country value Spain.
192,202,Căraci - Valea Şteampurilor,Romania,Dacia,Hunedoara  ,46.15595,22.68508,False,False,excluded_country_not_spain,country is not the configured modern-country value Spain.
193,203,Căraci - Marcul,Romania,Dacia,Hunedoara,46.150808,22.688792,False,False,excluded_country_not_spain,country is not the configured modern-country value Spain.
194,204,Ciclova Montană. Valea Ciclovei,Romania,Dacia,Caraş-Severin  ,45.02585,21.73204,False,False,excluded_country_not_spain,country is not the configured modern-country value Spain.
195,205,Ciclova Română,Romania,Dacia,Caraş-Severin  ,45.00917,21.70429,False,False,excluded_country_not_spain,country is not the configured modern-country value Spain.
196,206,Cinciş-Cerna - Teliuc,Romania,Dacia,Hunedoara  ,45.7002,22.89079,False,False,excluded_country_not_spain,country is not the configured modern-country value Spain.
197,207,Coronini - Vărad,Romania,Dacia,Caraş-Severin  ,44.68143,21.68064,False,False,excluded_country_not_spain,country is not the configured modern-country value Spain.
198,210,"Crăciuneşti - Dealul Sfredel, 3",Romania,Dacia,Hunedoara  ,46.01863,22.88794,False,False,excluded_country_not_spain,country is not the configured modern-country value Spain.
199,211,"Crăciuneşti - Dealul Sfredel, 1",Romania,Dacia,Hunedoara  ,46.02076,22.88022,False,False,excluded_country_not_spain,country is not the configured modern-country value Spain.
200,212,"Crăciuneşti - Dealul Sfredel, 2",Romania,Dacia,Hunedoara  ,46.01877,22.88777,False,False,excluded_country_not_spain,country is not the configured modern-country value Spain.
201,391,Arroyo del Salgueral,Spain,Hispania Tarraconensis,León,42.587941,-6.10518,True,True,included_country_exact,"Trimmed, case-insensitive country value equals Spain."
202,429,Barranco de Santa Filomena,Spain,Hispania Tarraconensis,Cuenca,39.80928761,-1.33769529,True,True,included_country_exact,"Trimmed, case-insensitive country value equals Spain."
203,430,Barranco Hondillo,Spain,Hispania Baetica,Jaén,38.38035345,-3.19315217,True,True,included_country_exact,"Trimmed, case-insensitive country value equals Spain."
204,431,Barreiro,Spain,Hispania Tarraconensis,Lugo,42.455589,-7.327043,True,True,included_country_exact,"Trimmed, case-insensitive country value equals Spain."
205,432,Barrio Nuevo,Spain,Hispania Baetica,Badajoz,38.770177,-5.54812106,True,True,included_country_exact,"Trimmed, case-insensitive country value equals Spain."
206,433,Begega - El Valle,Spain,Hispania Tarraconensis,Oviedo,43.28577,-6.299792,True,True,included_country_exact,"Trimmed, case-insensitive country value equals Spain."
207,434,Benllera,Spain,Hispania Tarraconensis,León,42.769431,-5.739137,True,True,included_country_exact,"Trimmed, case-insensitive country value equals Spain."
208,435,Berrocoso,Spain,Hispania Baetica,Córdoba,38.38853471,-4.89415277,True,True,included_country_exact,"Trimmed, case-insensitive country value equals Spain."
209,436,Besullo,Spain,Hispania Tarraconensis,Oviedo,43.187648,-6.62437,True,True,included_country_exact,"Trimmed, case-insensitive country value equals Spain."
210,437,Braña de Avelleras,Spain,Hispania Tarraconensis,Oviedo,43.137245,-6.668311,True,True,included_country_exact,"Trimmed, case-insensitive country value equals Spain."
211,438,Brañalebrel,Spain,Hispania Tarraconensis,Oviedo,43.424806,-6.890274,True,True,included_country_exact,"Trimmed, case-insensitive country value equals Spain."
212,439,Brués,Spain,Hispania Tarraconensis,Orense,42.455979,-8.158613,True,True,included_country_exact,"Trimmed, case-insensitive country value equals Spain."
213,440,Buiran,Spain,Hispania Tarraconensis,Lugo,42.930757,-7.072386,True,True,included_country_exact,"Trimmed, case-insensitive country value equals Spain."
214,441,Buñola,Spain,Hispania Tarraconensis,Balearics,39.70497528,2.703042203,True,True,included_country_exact,"Trimmed, case-insensitive country value equals Spain."
215,442,Burbia,Spain,Hispania Tarraconensis,León,42.792992,-6.774636,True,True,included_country_exact,"Trimmed, case-insensitive country value equals Spain."
216,444,Bustiello de Paredes,Spain,Hispania Tarraconensis,Oviedo,43.444587,-6.497716,True,True,included_country_exact,"Trimmed, case-insensitive country value equals Spain."
217,445,Cabeza del Agua,Spain,Hispania Baetica,Huelva,37.53989078,-6.91306989,True,True,included_country_exact,"Trimmed, case-insensitive country value equals Spain."
218,446,Cabezas del Pasto,Spain,Hispania Baetica,Huelva,37.6082037,-7.33224915,True,True,included_country_exact,"Trimmed, case-insensitive country value equals Spain."
219,447,Cabezo de la Reina,Spain,Hispania Tarraconensis,Segovia,40.7175583,-4.179631046,True,True,included_country_exact,"Trimmed, case-insensitive country value equals Spain."
220,448,Cabezo de los Silos,Spain,Hispania Baetica,Huelva,37.6867135,-7.35899187,True,True,included_country_exact,"Trimmed, case-insensitive country value equals Spain."
221,449,Cabezo Hueca,Spain,Hispania Baetica,Huelva,37.58994716,-7.0808167,True,True,included_country_exact,"Trimmed, case-insensitive country value equals Spain."
222,450,Cabezo Rajado,Spain,Hispania Tarraconensis,Murcia,37.61656939,-0.900306875,True,True,included_country_exact,"Trimmed, case-insensitive country value equals Spain."
223,451,Cabo de la Nao,Spain,Hispania Tarraconensis,Alicante,38.74237138,0.22764936,True,True,included_country_exact,"Trimmed, case-insensitive country value equals Spain."
224,452,Cádiz,Spain,Hispania Baetica,Córdoba,37.82466729,-5.08227721,True,True,included_country_exact,"Trimmed, case-insensitive country value equals Spain."
225,453,Cala Reona,Spain,Hispania Tarraconensis,Murcia,37.61551691,-0.718976529,True,True,included_country_exact,"Trimmed, case-insensitive country value equals Spain."
226,454,Calamón,Spain,Hispania Baetica,Córdoba,37.84722783,-5.08044861,True,True,included_country_exact,"Trimmed, case-insensitive country value equals Spain."
227,455,Callejón de Matajaca,Spain,Hispania Baetica,Córdoba,38.37739882,-4.83783744,True,True,included_country_exact,"Trimmed, case-insensitive country value equals Spain."
228,456,Campanario,Spain,Hispania Baetica,Huelva,37.54317278,-6.82941041,True,True,included_country_exact,"Trimmed, case-insensitive country value equals Spain."
229,457,Campo Antigua,Spain,Hispania Tarraconensis,Oviedo,43.337309,-6.709717,True,True,included_country_exact,"Trimmed, case-insensitive country value equals Spain."
230,458,Campo la Peral,Spain,Hispania Tarraconensis,León,42.56722,-6.258764,True,True,included_country_exact,"Trimmed, case-insensitive country value equals Spain."
231,459,Camporredondo,Spain,Hispania Tarraconensis,Palencia,42.88780177,-4.752831906,True,True,included_country_exact,"Trimmed, case-insensitive country value equals Spain."
232,460,Canadá,Spain,Hispania Baetica,Córdoba,38.37658115,-4.91570948,True,True,included_country_exact,"Trimmed, case-insensitive country value equals Spain."
233,461,Cancho Blanco,Spain,Hispania Baetica,Badajoz,38.63919229,-5.81715282,True,True,included_country_exact,"Trimmed, case-insensitive country value equals Spain."
234,462,Candelaria,Spain,Hispania Tarraconensis,Ciudad Real,38.64346632,-4.5202936,True,True,included_country_exact,"Trimmed, case-insensitive country value equals Spain."
235,463,Candín I,Spain,Hispania Tarraconensis,León,42.817285,-6.760416,True,True,included_country_exact,"Trimmed, case-insensitive country value equals Spain."
236,464,Candín II,Spain,Hispania Tarraconensis,León,42.808749,-6.769527,True,True,included_country_exact,"Trimmed, case-insensitive country value equals Spain."
237,465,Cantos Blancos,Spain,Hispania Baetica,Córdoba,38.40954651,-4.95181017,True,True,included_country_exact,"Trimmed, case-insensitive country value equals Spain."
238,466,Cara de Oso,Spain,Hispania Tarraconensis,León,42.250813,-6.316238,True,True,included_country_exact,"Trimmed, case-insensitive country value equals Spain."
239,467,Carbueiro,Spain,Hispania Tarraconensis,Oviedo,43.026133,-6.869433,True,True,included_country_exact,"Trimmed, case-insensitive country value equals Spain."
240,468,Carcabón de Orúa,Spain,Hispania Tarraconensis,Oviedo,43.25032292,-6.700265757,True,True,included_country_exact,"Trimmed, case-insensitive country value equals Spain."
241,469,Carcabonas de Merás,Spain,Hispania Tarraconensis,Oviedo,43.473629,-6.474357,True,True,included_country_exact,"Trimmed, case-insensitive country value equals Spain."
242,470,Cárcobas de Miudes,Spain,Hispania Tarraconensis,Oviedo,43.523363,-6.809106,True,True,included_country_exact,"Trimmed, case-insensitive country value equals Spain."
243,471,Cárcobas de Pena,Spain,Hispania Tarraconensis,Oviedo,43.489375,-6.815335,True,True,included_country_exact,"Trimmed, case-insensitive country value equals Spain."
244,472,Carmelita,Spain,Hispania Baetica,Badajoz,38.25530611,-5.75177293,True,True,included_country_exact,"Trimmed, case-insensitive country value equals Spain."
245,473,"Carmino del Palo (I, II) - Arroyo del Cabrito (I, II, III)",Spain,Hispania Tarraconensis,León,42.385861,-6.388739,True,True,included_country_exact,"Trimmed, case-insensitive country value equals Spain."
246,474,Carris,Spain,Hispania Tarraconensis,Lugo,43.55140204,-7.314383074,True,True,included_country_exact,"Trimmed, case-insensitive country value equals Spain."
247,475,Carrua de la Rata - El Lago,Spain,Hispania Tarraconensis,León,42.551531,-6.781019,True,True,included_country_exact,"Trimmed, case-insensitive country value equals Spain."
248,476,Casa de las Grobas I,Spain,Hispania Tarraconensis,Oviedo,43.147794,-6.801395,True,True,included_country_exact,"Trimmed, case-insensitive country value equals Spain."
249,477,Casa de las Grobas II,Spain,Hispania Tarraconensis,Oviedo,43.143913,-6.803618,True,True,included_country_exact,"Trimmed, case-insensitive country value equals Spain."
250,478,Casales,Spain,Hispania Tarraconensis,León,42.41467,-6.673559,True,True,included_country_exact,"Trimmed, case-insensitive country value equals Spain."
251,479,Casilla del Cobre,Spain,Hispania Baetica,Córdoba,37.90215104,-4.84830355,True,True,included_country_exact,"Trimmed, case-insensitive country value equals Spain."
252,480,Castañedo,Spain,Hispania Tarraconensis,Oviedo,43.359767,-6.230038,True,True,included_country_exact,"Trimmed, case-insensitive country value equals Spain."
253,481,Castellar,Spain,Hispania Tarraconensis,Ciudad Real,38.81718902,-4.43477306,True,True,included_country_exact,"Trimmed, case-insensitive country value equals Spain."
254,482,Castillo Buitrón,Spain,Hispania Baetica,Huelva,37.63500856,-6.76997865,True,True,included_country_exact,"Trimmed, case-insensitive country value equals Spain."
255,483,Castillo de las Guardas,Spain,Hispania Baetica,Huelva,37.69582718,-6.368615491,True,True,included_country_exact,"Trimmed, case-insensitive country value equals Spain."
256,484,Castripicón,Spain,Hispania Baetica,Córdoba,37.95893796,-4.9334936,True,True,included_country_exact,"Trimmed, case-insensitive country value equals Spain."
257,486,Castro del Río,Spain,Hispania Tarraconensis,León,42.71996123,-6.408303869,True,True,included_country_exact,"Trimmed, case-insensitive country value equals Spain."
258,487,Castropetre,Spain,Hispania Tarraconensis,León,42.534458,-6.932606,True,True,included_country_exact,"Trimmed, case-insensitive country value equals Spain."
259,488,Castropodame / Los Valles - Las Gándaras,Spain,Hispania Tarraconensis,León,42.572454,-6.46915,True,True,included_country_exact,"Trimmed, case-insensitive country value equals Spain."
260,489,Cavón del Pozo - Muro de la T.,Spain,Hispania Tarraconensis,León,42.782281,-5.687959,True,True,included_country_exact,"Trimmed, case-insensitive country value equals Spain."
261,490,Cecos I,Spain,Hispania Tarraconensis,Oviedo,43.019984,-6.855363,True,True,included_country_exact,"Trimmed, case-insensitive country value equals Spain."
262,491,Cecos II,Spain,Hispania Tarraconensis,Oviedo,43.028404,-6.857919,True,True,included_country_exact,"Trimmed, case-insensitive country value equals Spain."
263,492,Cecos III,Spain,Hispania Tarraconensis,Oviedo,43.036072,-6.856443,True,True,included_country_exact,"Trimmed, case-insensitive country value equals Spain."
264,493,Cecos IV,Spain,Hispania Tarraconensis,Oviedo,43.025647,-6.853488,True,True,included_country_exact,"Trimmed, case-insensitive country value equals Spain."
265,494,Cecos V,Spain,Hispania Tarraconensis,Oviedo,43.034238,-6.846678,True,True,included_country_exact,"Trimmed, case-insensitive country value equals Spain."
266,495,Cecos VI,Spain,Hispania Tarraconensis,Oviedo,43.023443,-6.851769,True,True,included_country_exact,"Trimmed, case-insensitive country value equals Spain."
267,496,Cerdanya - All Guilleteres sector 1 NE - 1,Spain,Hispania Tarraconensis,Gerona,42.39786735,1.820130111,True,True,included_country_exact,"Trimmed, case-insensitive country value equals Spain."
268,497,Cerdanya - All Guilleteres sector 1 NE - 2,Spain,Hispania Tarraconensis,Gerona,42.39853497,1.826364395,True,True,included_country_exact,"Trimmed, case-insensitive country value equals Spain."
269,498,Cerdanya - All Guilleteres sector 1 NE - 3,Spain,Hispania Tarraconensis,Gerona,42.39639938,1.82934192,True,True,included_country_exact,"Trimmed, case-insensitive country value equals Spain."
270,499,Cerdanya - All Guilleteres sector 1 NE - 4,Spain,Hispania Tarraconensis,Gerona,42.40234069,1.833771284,True,True,included_country_exact,"Trimmed, case-insensitive country value equals Spain."
271,500,Cerdanya - All Guilleteres sector 1 NE - new?,Spain,Hispania Tarraconensis,Gerona,42.4029556,1.815050524,True,True,included_country_exact,"Trimmed, case-insensitive country value equals Spain."
272,501,Cerro Castaño,Spain,Hispania Baetica,Córdoba,37.93552871,-5.08446693,True,True,included_country_exact,"Trimmed, case-insensitive country value equals Spain."
273,502,Cerro de la Mina,Spain,Hispania Baetica,Badajoz,38.60604095,-6.51042667,True,True,included_country_exact,"Trimmed, case-insensitive country value equals Spain."
274,503,Cerro de la Mina,Spain,Hispania Tarraconensis,Cuenca,39.83148876,-1.32055691,True,True,included_country_exact,"Trimmed, case-insensitive country value equals Spain."
275,504,Cerro de la Minas,Spain,Hispania Baetica,Badajoz,38.32523434,-6.79570879,True,True,included_country_exact,"Trimmed, case-insensitive country value equals Spain."
276,505,Cerro de la Minillas,Spain,Hispania Baetica,Córdoba,38.41563006,-5.04933271,True,True,included_country_exact,"Trimmed, case-insensitive country value equals Spain."
277,506,Cerro de la Orden,Spain,Hispania Baetica,Badajoz,38.30581558,-5.80017903,True,True,included_country_exact,"Trimmed, case-insensitive country value equals Spain."
278,507,Cerro de las Cruces,Spain,Hispania Baetica,Badajoz,38.54842637,-6.07279323,True,True,included_country_exact,"Trimmed, case-insensitive country value equals Spain."
279,508,Cerro de las Minillas,Spain,Hispania Baetica,Córdoba,38.33386997,-4.28655637,True,True,included_country_exact,"Trimmed, case-insensitive country value equals Spain."
280,509,Cerro de los Almadenes,Spain,Hispania Tarraconensis,Segovia,40.81562208,-4.22543114,True,True,included_country_exact,"Trimmed, case-insensitive country value equals Spain."
281,510,Cerro de los Venados,Spain,Hispania Baetica,Jaén,38.25320766,-4.18754703,True,True,included_country_exact,"Trimmed, case-insensitive country value equals Spain."
282,511,Cerro de Valfrío,Spain,Hispania Baetica,Córdoba,38.03289831,-4.84589638,True,True,included_country_exact,"Trimmed, case-insensitive country value equals Spain."
283,512,Cerro del Conjuro,Spain,Hispania Baetica,Granada,36.93229745,-3.28059057,True,True,included_country_exact,"Trimmed, case-insensitive country value equals Spain."
284,513,Cerro del Cuerno,Spain,Hispania Tarraconensis,León,42.493513,-6.248132,True,True,included_country_exact,"Trimmed, case-insensitive country value equals Spain."
285,514,Cerro del Cura,Spain,Hispania Baetica,Córdoba,38.42267476,-4.50392006,True,True,included_country_exact,"Trimmed, case-insensitive country value equals Spain."
286,515,Cerro del Esparto,Spain,Hispania Baetica,Córdoba,37.9152865,-5.25248305,True,True,included_country_exact,"Trimmed, case-insensitive country value equals Spain."
287,516,Cerro del Hierro,Spain,Hispania Baetica,Sevilla,37.04831911,-5.589874277,True,True,included_country_exact,"Trimmed, case-insensitive country value equals Spain."
288,517,Cerro Minado,Spain,Hispania Baetica,Almería,37.36552808,-1.94916604,True,True,included_country_exact,"Trimmed, case-insensitive country value equals Spain."
289,518,Cerro Muriano,Spain,Hispania Baetica,Córdoba,38.00471301,-4.77935278,True,True,included_country_exact,"Trimmed, case-insensitive country value equals Spain."
290,519,Ceruñales,Spain,Hispania Tarraconensis,León,42.688215,-6.412375,True,True,included_country_exact,"Trimmed, case-insensitive country value equals Spain."
291,520,Cexo-Fontechid,Spain,Hispania Tarraconensis,Orense,42.10923,-8.00608,True,True,included_country_exact,"Trimmed, case-insensitive country value equals Spain."
292,521,Cha da Veiga,Spain,Hispania Tarraconensis,Lugo,42.58465,-7.40935,True,True,included_country_exact,"Trimmed, case-insensitive country value equals Spain."
293,523,Chan do Cubeiro,Spain,Hispania Tarraconensis,Oviedo,43.059666,-7.004095,True,True,included_country_exact,"Trimmed, case-insensitive country value equals Spain."
294,524,Chana de Chamarada,Spain,Hispania Tarraconensis,León,42.52996221,-6.21957755,True,True,included_country_exact,"Trimmed, case-insensitive country value equals Spain."
295,525,Chana de Reguera,Spain,Hispania Tarraconensis,León,42.50995074,-6.20838762,True,True,included_country_exact,"Trimmed, case-insensitive country value equals Spain."
296,526,Chao Pedrazas,Spain,Hispania Tarraconensis,Orense,,,False,True,included_country_exact,"Trimmed, case-insensitive country value equals Spain."
297,527,Chaparro Barrenado,Spain,Hispania Baetica,Córdoba,38.32708502,-4.90683199,True,True,included_country_exact,"Trimmed, case-insensitive country value equals Spain."
298,528,Cheices,Spain,Hispania Tarraconensis,León,42.439722,-6.826583,True,True,included_country_exact,"Trimmed, case-insensitive country value equals Spain."
299,529,Chinflón,Spain,Hispania Baetica,Huelva,37.61503519,-6.64101067,True,True,included_country_exact,"Trimmed, case-insensitive country value equals Spain."
300,530,Cimera de la Collada / Los Collados - Las Vallinas,Spain,Hispania Tarraconensis,León,42.69839759,-5.905742865,True,True,included_country_exact,"Trimmed, case-insensitive country value equals Spain."
301,531,Cirujales,Spain,Hispania Tarraconensis,León,42.78627194,-6.067636653,True,True,included_country_exact,"Trimmed, case-insensitive country value equals Spain."
302,532,Cobas de Fornas,Spain,Hispania Tarraconensis,La Coruña,42.85145789,-8.48684587,True,True,included_country_exact,"Trimmed, case-insensitive country value equals Spain."
303,533,Cobatillas,Spain,Hispania Tarraconensis,Ciudad Real,38.66933798,-4.55740568,True,True,included_country_exact,"Trimmed, case-insensitive country value equals Spain."
304,535,Cogorderos I,Spain,Hispania Tarraconensis,León,42.541842,-6.023149,True,True,included_country_exact,"Trimmed, case-insensitive country value equals Spain."
305,536,Cogorderos II,Spain,Hispania Tarraconensis,León,42.549609,-6.02227,True,True,included_country_exact,"Trimmed, case-insensitive country value equals Spain."
306,537,Collada,Spain,Hispania Tarraconensis,Oviedo,43.364638,-6.568056,True,True,included_country_exact,"Trimmed, case-insensitive country value equals Spain."
307,538,Collado de Trasmundo,Spain,Hispania Tarraconensis,León,42.891095,-6.336247,True,True,included_country_exact,"Trimmed, case-insensitive country value equals Spain."
308,539,Colmenarejo,Spain,Hispania Tarraconensis,Madrid,40.52705831,-3.995123268,True,True,included_country_exact,"Trimmed, case-insensitive country value equals Spain."
309,540,Comba,Spain,Hispania Tarraconensis,Oviedo,43.203938,-6.645396,True,True,included_country_exact,"Trimmed, case-insensitive country value equals Spain."
310,541,Compuerto,Spain,Hispania Tarraconensis,Palencia,42.84468253,-4.841430979,True,True,included_country_exact,"Trimmed, case-insensitive country value equals Spain."
311,542,Concepción,Spain,Hispania Baetica,Huelva,37.77196159,-6.67482944,True,True,included_country_exact,"Trimmed, case-insensitive country value equals Spain."
312,543,Constantín,Spain,Hispania Tarraconensis,Lugo,42.89268,-7.241494,True,True,included_country_exact,"Trimmed, case-insensitive country value equals Spain."
313,545,Corcoesto,Spain,Hispania Tarraconensis,La Coruña,43.22747548,-8.83494566,True,True,included_country_exact,"Trimmed, case-insensitive country value equals Spain."
314,547,Corno,Spain,Hispania Tarraconensis,Orense,42.24882,-7.661514,True,True,included_country_exact,"Trimmed, case-insensitive country value equals Spain."
315,548,Cornollo,Spain,Hispania Tarraconensis,Oviedo,43.175748,-6.819351,True,True,included_country_exact,"Trimmed, case-insensitive country value equals Spain."
316,549,Corpiño,Spain,Hispania Tarraconensis,Pontevedra,42.75495611,-8.231481851,True,True,included_country_exact,"Trimmed, case-insensitive country value equals Spain."
317,550,Corralín I,Spain,Hispania Tarraconensis,Oviedo,42.9651,-6.676629,True,True,included_country_exact,"Trimmed, case-insensitive country value equals Spain."
318,551,Corralín II,Spain,Hispania Tarraconensis,Oviedo,42.969956,-6.670889,True,True,included_country_exact,"Trimmed, case-insensitive country value equals Spain."
319,552,Corralín III,Spain,Hispania Tarraconensis,Oviedo,42.974329,-6.667113,True,True,included_country_exact,"Trimmed, case-insensitive country value equals Spain."
320,553,Corrego de Brañal,Spain,Hispania Tarraconensis,Oviedo,43.127573,-6.792312,True,True,included_country_exact,"Trimmed, case-insensitive country value equals Spain."
321,554,Pozos / Corta Valladar,Spain,Hispania Tarraconensis,León,42.281831,-6.334052,True,True,included_country_exact,"Trimmed, case-insensitive country value equals Spain."
322,555,Cortas de Xuan Rata I,Spain,Hispania Tarraconensis,Oviedo,43.276106,-6.690412,True,True,included_country_exact,"Trimmed, case-insensitive country value equals Spain."
323,556,Cortas de Xuan Rata II,Spain,Hispania Tarraconensis,Oviedo,43.271021,-6.688449,True,True,included_country_exact,"Trimmed, case-insensitive country value equals Spain."
324,557,Cortijo de Peralbo,Spain,Hispania Baetica,Córdoba,38.40823539,-4.82000889,True,True,included_country_exact,"Trimmed, case-insensitive country value equals Spain."
325,558,Coto Fortuna,Spain,Hispania Tarraconensis,Murcia,37.59743527,-1.409844499,True,True,included_country_exact,"Trimmed, case-insensitive country value equals Spain."
326,559,Cotofia,Spain,Hispania Tarraconensis,Ciudad Real,38.58296146,-4.23929458,True,True,included_country_exact,"Trimmed, case-insensitive country value equals Spain."
327,560,Couso / Vega Misada - Los Lagos,Spain,Hispania Tarraconensis,León,42.656124,-6.726638,True,True,included_country_exact,"Trimmed, case-insensitive country value equals Spain."
328,561,Cousos,Spain,Hispania Tarraconensis,León,42.77369785,-6.0659586,True,True,included_country_exact,"Trimmed, case-insensitive country value equals Spain."
329,563,Covas / Covarradeiras,Spain,Hispania Tarraconensis,La Coruña,43.54639773,-8.2696313,True,True,included_country_exact,"Trimmed, case-insensitive country value equals Spain."
330,564,Covas,Spain,Hispania Tarraconensis,Oviedo,43.04589,-6.991571,True,True,included_country_exact,"Trimmed, case-insensitive country value equals Spain."
331,565,Covas,Spain,Hispania Tarraconensis,Lugo,,,False,True,included_country_exact,"Trimmed, case-insensitive country value equals Spain."
332,566,Cruz de la Curiaoz,Spain,Hispania Baetica,Córdoba,38.42126628,-4.68039707,True,True,included_country_exact,"Trimmed, case-insensitive country value equals Spain."
333,567,Cuartín de los Moros,Spain,Hispania Tarraconensis,León,42.744506,-6.087344,True,True,included_country_exact,"Trimmed, case-insensitive country value equals Spain."
334,568,Cubillas,Spain,Hispania Tarraconensis,León,42.645041,-6.285813,True,True,included_country_exact,"Trimmed, case-insensitive country value equals Spain."
335,569,Cuenca del Oro,Spain,Hispania Tarraconensis,Oviedo,43.03506,-6.862859,True,True,included_country_exact,"Trimmed, case-insensitive country value equals Spain."
336,570,Cuentas,Spain,Hispania Tarraconensis,Oviedo,43.029604,-6.872695,True,True,included_country_exact,"Trimmed, case-insensitive country value equals Spain."
337,571,Cuesta de Romo,Spain,Hispania Baetica,Córdoba,38.37132984,-4.81368711,True,True,included_country_exact,"Trimmed, case-insensitive country value equals Spain."
338,572,Cuesta del Caballo,Spain,Hispania Tarraconensis,León,42.76759,-5.763846,True,True,included_country_exact,"Trimmed, case-insensitive country value equals Spain."
339,573,Cueva de la Lapa,Spain,Hispania Baetica,Huelva,38.12040179,-6.92596891,True,True,included_country_exact,"Trimmed, case-insensitive country value equals Spain."
340,574,Cueva de la Mora,Spain,Hispania Baetica,Huelva,37.78241534,-6.82072052,True,True,included_country_exact,"Trimmed, case-insensitive country value equals Spain."
341,575,Cueva de la Paloma,Spain,Hispania Baetica,Almería,37.33702823,-2.44762284,True,True,included_country_exact,"Trimmed, case-insensitive country value equals Spain."
342,576,Cueva de Xuan Rata,Spain,Hispania Tarraconensis,Oviedo,43.277882,-6.690545,True,True,included_country_exact,"Trimmed, case-insensitive country value equals Spain."
343,577,Cueva del Hierro,Spain,Hispania Tarraconensis,Cuenca,40.58513,-2.037399,True,True,included_country_exact,"Trimmed, case-insensitive country value equals Spain."
344,578,Cueva del Monje,Spain,Hispania Baetica,Huelva,37.51221271,-6.46581346,True,True,included_country_exact,"Trimmed, case-insensitive country value equals Spain."
345,579,Dehesa,Spain,Hispania Baetica,Badajoz,38.25890445,-5.80105636,True,True,included_country_exact,"Trimmed, case-insensitive country value equals Spain."
346,580,Dehesa Boyal,Spain,Hispania Baetica,Córdoba,38.34777592,-4.82475832,True,True,included_country_exact,"Trimmed, case-insensitive country value equals Spain."
347,581,Dehesa de Covatillas,Spain,Hispania Baetica,Córdoba,37.86631756,-4.99212838,True,True,included_country_exact,"Trimmed, case-insensitive country value equals Spain."
348,582,Dehesa de la Mesa,Spain,Hispania Baetica,Badajoz,38.19168364,-5.57395462,True,True,included_country_exact,"Trimmed, case-insensitive country value equals Spain."
349,583,Dehesa de los Llanos,Spain,Hispania Baetica,Córdoba,38.0233743,-4.80699259,True,True,included_country_exact,"Trimmed, case-insensitive country value equals Spain."
350,584,Dehesa de Quirós,Spain,Hispania Baetica,Córdoba,38.33011872,-4.78670049,True,True,included_country_exact,"Trimmed, case-insensitive country value equals Spain."
351,585,Dehesa Lavera,Spain,Hispania Baetica,Córdoba,38.49075602,-5.02555274,True,True,included_country_exact,"Trimmed, case-insensitive country value equals Spain."
352,586,Dehesa Quebradillas,Spain,Hispania Baetica,Córdoba,38.38935788,-4.49780491,True,True,included_country_exact,"Trimmed, case-insensitive country value equals Spain."
353,587,Diana,Spain,Hispania Baetica,Sevilla,37.74445608,-6.255768279,True,True,included_country_exact,"Trimmed, case-insensitive country value equals Spain."
354,588,Diógenes,Spain,Hispania Tarraconensis,Ciudad Real,38.42919649,-3.76014518,True,True,included_country_exact,"Trimmed, case-insensitive country value equals Spain."
355,589,Dolores,Spain,Hispania Baetica,Ciudad Real,39.5023367,-4.88450842,True,True,included_country_exact,"Trimmed, case-insensitive country value equals Spain."
356,590,Dozón,Spain,Hispania Tarraconensis,Pontevedra,42.570297,-8.048891,True,True,included_country_exact,"Trimmed, case-insensitive country value equals Spain."
357,591,El Aramo,Spain,Hispania Tarraconensis,Oviedo,43.1874306,-5.896539862,True,True,included_country_exact,"Trimmed, case-insensitive country value equals Spain."
358,592,El Aro la Gándara,Spain,Hispania Tarraconensis,León,42.652513,-6.34146,True,True,included_country_exact,"Trimmed, case-insensitive country value equals Spain."
359,593,El Bachicón de Fresnedo,Spain,Hispania Tarraconensis,Oviedo,43.25583997,-6.621699584,True,True,included_country_exact,"Trimmed, case-insensitive country value equals Spain."
360,594,El Barrero,Spain,Hispania Tarraconensis,León,42.500821,-6.166731,True,True,included_country_exact,"Trimmed, case-insensitive country value equals Spain."
361,595,El Barrero,Spain,Hispania Tarraconensis,León,42.433849,-6.717874,True,True,included_country_exact,"Trimmed, case-insensitive country value equals Spain."
362,596,El Borracho,Spain,Hispania Tarraconensis,Badajoz,38.88410269,-4.93042278,True,True,included_country_exact,"Trimmed, case-insensitive country value equals Spain."
363,597,El Bronce,Spain,Hispania Tarraconensis,Oviedo,43.303133,-6.257703,True,True,included_country_exact,"Trimmed, case-insensitive country value equals Spain."
364,598,El Buho,Spain,Hispania Baetica,Badajoz,38.74690711,-5.53713651,True,True,included_country_exact,"Trimmed, case-insensitive country value equals Spain."
365,599,El Burcio,Spain,Hispania Tarraconensis,Ciudad Real,38.55414094,-3.99105831,True,True,included_country_exact,"Trimmed, case-insensitive country value equals Spain."
366,601,El Cabrucal de Trelles,Spain,Hispania Tarraconensis,Oviedo,43.48458266,-6.727207833,True,True,included_country_exact,"Trimmed, case-insensitive country value equals Spain."
367,602,El Calvo,Spain,Hispania Baetica,Badajoz,38.28201657,-5.81891239,True,True,included_country_exact,"Trimmed, case-insensitive country value equals Spain."
368,603,El Campillo,Spain,Hispania Baetica,Huelva,38.05731622,-6.89226707,True,True,included_country_exact,"Trimmed, case-insensitive country value equals Spain."
369,604,El Canalón,Spain,Hispania Tarraconensis,León,42.321874,-6.329764,True,True,included_country_exact,"Trimmed, case-insensitive country value equals Spain."
370,605,El Carbedón - Las Lastras,Spain,Hispania Tarraconensis,León,42.667622,-6.82623,True,True,included_country_exact,"Trimmed, case-insensitive country value equals Spain."
371,606,El Cardal - Los Regueiricos,Spain,Hispania Tarraconensis,León,42.328407,-6.410587,True,True,included_country_exact,"Trimmed, case-insensitive country value equals Spain."
372,607,El Carpio,Spain,Hispania Baetica,Huelva,37.81226434,-6.97552107,True,True,included_country_exact,"Trimmed, case-insensitive country value equals Spain."
373,608,El Carril,Spain,Hispania Tarraconensis,León,42.255556,-6.28292,True,True,included_country_exact,"Trimmed, case-insensitive country value equals Spain."
374,609,El Carrozo de la Fucarona,Spain,Hispania Tarraconensis,León,42.480441,-6.251635,True,True,included_country_exact,"Trimmed, case-insensitive country value equals Spain."
375,610,El Castillo,Spain,Hispania Tarraconensis,Jaén,38.29755179,-3.59870814,True,True,included_country_exact,"Trimmed, case-insensitive country value equals Spain."
376,612,El Centenillo,Spain,Hispania Tarraconensis,Jaén,38.33904894,-3.73715927,True,True,included_country_exact,"Trimmed, case-insensitive country value equals Spain."
377,613,El Charcón,Spain,Hispania Baetica,Murcia,37.46227813,-1.647137774,True,True,included_country_exact,"Trimmed, case-insensitive country value equals Spain."
378,614,El Chaves,Spain,Hispania Tarraconensis,Jaén,38.13800816,-3.65483854,True,True,included_country_exact,"Trimmed, case-insensitive country value equals Spain."
379,615,El Chorrillo,Spain,Hispania Tarraconensis,Ciudad Real,38.43076709,-3.9286322,True,True,included_country_exact,"Trimmed, case-insensitive country value equals Spain."
380,616,El Cobacho - La Rozada,Spain,Hispania Tarraconensis,"León, Orense, Lugo",42.506399,-6.700063,True,True,included_country_exact,"Trimmed, case-insensitive country value equals Spain."
381,617,El Corón - El Barrial - Fascias,Spain,Hispania Tarraconensis,León,42.649196,-6.360162,True,True,included_country_exact,"Trimmed, case-insensitive country value equals Spain."
382,618,El Corón de Losada,Spain,Hispania Tarraconensis,León,42.666101,-6.434502,True,True,included_country_exact,"Trimmed, case-insensitive country value equals Spain."
383,619,El Corón de Pombía,Spain,Hispania Tarraconensis,León,42.636584,-6.312041,True,True,included_country_exact,"Trimmed, case-insensitive country value equals Spain."
384,620,El Corón de San Justo,Spain,Hispania Tarraconensis,León,42.697321,-6.364151,True,True,included_country_exact,"Trimmed, case-insensitive country value equals Spain."
385,623,El Covanallo,Spain,Hispania Tarraconensis,León,42.24081,-6.268568,True,True,included_country_exact,"Trimmed, case-insensitive country value equals Spain."
386,624,El Cubanallo Fondo,Spain,Hispania Tarraconensis,León,42.237656,-6.332945,True,True,included_country_exact,"Trimmed, case-insensitive country value equals Spain."
387,625,El Cuerno de Bobia - Las Canalejas,Spain,Hispania Tarraconensis,León,42.785835,-5.854274,True,True,included_country_exact,"Trimmed, case-insensitive country value equals Spain."
388,626,El Desierto,Spain,Hispania Baetica,Córdoba,37.91682821,-4.82351069,True,True,included_country_exact,"Trimmed, case-insensitive country value equals Spain."
389,627,El Escalerón,Spain,Hispania Tarraconensis,León,42.245249,-6.319171,True,True,included_country_exact,"Trimmed, case-insensitive country value equals Spain."
390,629,El Francés,Spain,Hispania Baetica,Córdoba,37.88189495,-5.04701024,True,True,included_country_exact,"Trimmed, case-insensitive country value equals Spain."
391,630,El Fresnillo,Spain,Hispania Baetica,Jaén,38.23192951,-4.09824722,True,True,included_country_exact,"Trimmed, case-insensitive country value equals Spain."
392,631,El Fucarón de Villalaín I,Spain,Hispania Tarraconensis,Oviedo,43.1299,-6.813383,True,True,included_country_exact,"Trimmed, case-insensitive country value equals Spain."
393,632,El Fucarón de Villalaín II,Spain,Hispania Tarraconensis,Oviedo,43.122773,-6.826052,True,True,included_country_exact,"Trimmed, case-insensitive country value equals Spain."
394,633,El Fucarón de Villalaín III,Spain,Hispania Tarraconensis,Oviedo,43.123558,-6.813899,True,True,included_country_exact,"Trimmed, case-insensitive country value equals Spain."
395,634,El Galayo,Spain,Hispania Baetica,Sevilla,37.78827228,-5.429153002,True,True,included_country_exact,"Trimmed, case-insensitive country value equals Spain."
396,635,El Gallo,Spain,Hispania Tarraconensis,Ciudad Real,38.54992087,-4.34810714,True,True,included_country_exact,"Trimmed, case-insensitive country value equals Spain."
397,636,El Ganso,Spain,Hispania Tarraconensis,León,42.46790375,-6.221617692,True,True,included_country_exact,"Trimmed, case-insensitive country value equals Spain."
398,637,El Hambre,Spain,Hispania Baetica,Córdoba,38.17113815,-5.50715773,True,True,included_country_exact,"Trimmed, case-insensitive country value equals Spain."
399,638,El Hondillo,Spain,Hispania Baetica,Jaén,38.19058564,-3.31442386,True,True,included_country_exact,"Trimmed, case-insensitive country value equals Spain."
400,639,El Humiliadero,Spain,Hispania Baetica,Jaén,38.22485907,-4.05706472,True,True,included_country_exact,"Trimmed, case-insensitive country value equals Spain."
401,640,El Infierno,Spain,Hispania Baetica,Badajoz,38.2363282,-5.60030384,True,True,included_country_exact,"Trimmed, case-insensitive country value equals Spain."
402,641,El Ingertal,Spain,Hispania Baetica,Córdoba,37.8422045,-4.97235898,True,True,included_country_exact,"Trimmed, case-insensitive country value equals Spain."
403,642,El Judío,Spain,Hispania Baetica,Badajoz,38.90292698,-6.27886994,True,True,included_country_exact,"Trimmed, case-insensitive country value equals Spain."
404,643,El Juncal,Spain,Hispania Baetica,Huelva,38.1001121,-6.87823353,True,True,included_country_exact,"Trimmed, case-insensitive country value equals Spain."
405,644,El Saldonal,Spain,Hispania Tarraconensis,León,42.448522,-6.145288,True,True,included_country_exact,"Trimmed, case-insensitive country value equals Spain."
406,645,El Lagunazo,Spain,Hispania Baetica,Huelva,37.62794056,-7.16541952,True,True,included_country_exact,"Trimmed, case-insensitive country value equals Spain."
407,646,El Lirio,Spain,Hispania Baetica,Badajoz,38.22892347,-5.61153374,True,True,included_country_exact,"Trimmed, case-insensitive country value equals Spain."
408,647,El Mico,Spain,Hispania Baetica,Córdoba,37.98164667,-4.83252668,True,True,included_country_exact,"Trimmed, case-insensitive country value equals Spain."
409,648,El Miédalo I,Spain,Hispania Tarraconensis,León,42.409456,-6.647353,True,True,included_country_exact,"Trimmed, case-insensitive country value equals Spain."
410,649,El Miédalo II,Spain,Hispania Tarraconensis,León,42.404725,-6.644943,True,True,included_country_exact,"Trimmed, case-insensitive country value equals Spain."
411,650,El Mochuelo,Spain,Hispania Tarraconensis,Ciudad Real,38.57812384,-4.57579891,True,True,included_country_exact,"Trimmed, case-insensitive country value equals Spain."
412,651,El Morte,Spain,Hispania Baetica,Jaén,38.37426398,-2.91146018,True,True,included_country_exact,"Trimmed, case-insensitive country value equals Spain."
413,652,El Nido,Spain,Hispania Tarraconensis,Ciudad Real,38.61400244,-4.33722013,True,True,included_country_exact,"Trimmed, case-insensitive country value equals Spain."
414,653,El Pedregal / Las Medorras,Spain,Hispania Tarraconensis,León,42.5555517,-6.891479513,True,True,included_country_exact,"Trimmed, case-insensitive country value equals Spain."
415,654,El Pedregalón,Spain,Hispania Tarraconensis,León,42.451955,-6.28557,True,True,included_country_exact,"Trimmed, case-insensitive country value equals Spain."
416,655,El Pedroso,Spain,Hispania Baetica,Sevilla,37.85630479,-5.775372282,True,True,included_country_exact,"Trimmed, case-insensitive country value equals Spain."
417,656,El Peligro I,Spain,Hispania Tarraconensis,Oviedo,43.315115,-6.479588,True,True,included_country_exact,"Trimmed, case-insensitive country value equals Spain."
418,657,El Peligro II,Spain,Hispania Tarraconensis,Oviedo,43.311711,-6.474524,True,True,included_country_exact,"Trimmed, case-insensitive country value equals Spain."
419,658,El Piconcillo,Spain,Hispania Baetica,Córdoba,38.14685916,-5.44601668,True,True,included_country_exact,"Trimmed, case-insensitive country value equals Spain."
420,659,El Pisón,Spain,Hispania Tarraconensis,León,42.461708,-6.29778,True,True,included_country_exact,"Trimmed, case-insensitive country value equals Spain."
421,660,El Pleito,Spain,Hispania Tarraconensis,Ciudad Real,38.8051128,-4.34591322,True,True,included_country_exact,"Trimmed, case-insensitive country value equals Spain."
422,661,El Plonción / Los Vallados - Las Simonas,Spain,Hispania Tarraconensis,León,42.7141919,-5.928256284,True,True,included_country_exact,"Trimmed, case-insensitive country value equals Spain."
423,662,El Prindero,Spain,Hispania Tarraconensis,León,42.772139,-5.937221,True,True,included_country_exact,"Trimmed, case-insensitive country value equals Spain."
424,663,El Regueral o Las Torcas,Spain,Hispania Tarraconensis,León,42.579683,-6.348329,True,True,included_country_exact,"Trimmed, case-insensitive country value equals Spain."
425,664,El Revolveredo,Spain,Hispania Tarraconensis,León,42.569888,-6.50221,True,True,included_country_exact,"Trimmed, case-insensitive country value equals Spain."
426,665,El Rincón,Spain,Hispania Baetica,Córdoba,37.8819387,-5.25174452,True,True,included_country_exact,"Trimmed, case-insensitive country value equals Spain."
427,666,El Rosico de Trevías,Spain,Hispania Tarraconensis,Oviedo,43.503115,-6.421858,True,True,included_country_exact,"Trimmed, case-insensitive country value equals Spain."
428,667,El Saldonal / Vallecillo,Spain,Hispania Tarraconensis,León,42.447189,-6.15944,True,True,included_country_exact,"Trimmed, case-insensitive country value equals Spain."
429,668,El Secuello,Spain,Hispania Tarraconensis,León,42.466982,-6.326313,True,True,included_country_exact,"Trimmed, case-insensitive country value equals Spain."
430,669,El Soldado,Spain,Hispania Baetica,Córdoba,38.37106981,-5.00494637,True,True,included_country_exact,"Trimmed, case-insensitive country value equals Spain."
431,670,El Soutón,Spain,Hispania Tarraconensis,Oviedo,43.351726,-6.693113,True,True,included_country_exact,"Trimmed, case-insensitive country value equals Spain."
432,671,El Sumidero y Las Lagunas,Spain,Hispania Tarraconensis,León,42.767247,-6.036392,True,True,included_country_exact,"Trimmed, case-insensitive country value equals Spain."
433,672,El Taragudo o Valdolla,Spain,Hispania Tarraconensis,León,42.613897,-6.329689,True,True,included_country_exact,"Trimmed, case-insensitive country value equals Spain."
434,673,El Turialego,Spain,Hispania Tarraconensis,León,42.649237,-6.373113,True,True,included_country_exact,"Trimmed, case-insensitive country value equals Spain."
435,674,El Valgón,Spain,Hispania Tarraconensis,León,42.742404,-6.665571,True,True,included_country_exact,"Trimmed, case-insensitive country value equals Spain."
436,675,El Vallejo del Castro (La Chana) - Valdedillo - Peña Ceterera,Spain,Hispania Tarraconensis,León,42.360782,-6.335473,True,True,included_country_exact,"Trimmed, case-insensitive country value equals Spain."
437,676,Entredicho,Spain,Hispania Tarraconensis,Ciudad Real,38.72610389,-4.67321927,True,True,included_country_exact,"Trimmed, case-insensitive country value equals Spain."
438,677,Entrepeñas,Spain,Hispania Tarraconensis,León,42.487623,-6.211819,True,True,included_country_exact,"Trimmed, case-insensitive country value equals Spain."
439,678,Ermita de Andamies,Spain,Hispania Tarraconensis,Oviedo,43.42387171,-6.519398065,True,True,included_country_exact,"Trimmed, case-insensitive country value equals Spain."
440,680,Ermita de la Estrella,Spain,Hispania Tarraconensis,León,42.50950582,-6.72119809,True,True,included_country_exact,"Trimmed, case-insensitive country value equals Spain."
441,681,Escarranchal,Spain,Hispania Baetica,Badajoz,38.24486628,-5.78005231,True,True,included_country_exact,"Trimmed, case-insensitive country value equals Spain."
442,682,Esgueba,Spain,Hispania Tarraconensis,Orense,42.464683,-8.096352,True,True,included_country_exact,"Trimmed, case-insensitive country value equals Spain."
443,683,Esperanza,Spain,Hispania Baetica,Badajoz,38.22182674,-5.65706056,True,True,included_country_exact,"Trimmed, case-insensitive country value equals Spain."
444,684,Espiñeira,Spain,Hispania Tarraconensis,Lugo,43.53826004,-7.271580557,True,True,included_country_exact,"Trimmed, case-insensitive country value equals Spain."
445,686,Espinosa de la Ribera,Spain,Hispania Tarraconensis,León,42.695854,-5.803444,True,True,included_country_exact,"Trimmed, case-insensitive country value equals Spain."
446,687,Espinoso de Compludo,Spain,Hispania Tarraconensis,León,42.49963508,-6.496735864,True,True,included_country_exact,"Trimmed, case-insensitive country value equals Spain."
447,688,Estercolados,Spain,Hispania Baetica,Córdoba,38.40478197,-4.48423365,True,True,included_country_exact,"Trimmed, case-insensitive country value equals Spain."
448,689,Estrella,Spain,Hispania Tarraconensis,Guadalajara,40.92752392,-1.95146894,True,True,included_country_exact,"Trimmed, case-insensitive country value equals Spain."
449,690,Estrella (Beiras),Spain,Hispania Tarraconensis,Salamanca,40.58644066,-5.613212268,True,True,included_country_exact,"Trimmed, case-insensitive country value equals Spain."
450,692,Faidiel I,Spain,Hispania Tarraconensis,Oviedo,43.191422,-6.639669,True,True,included_country_exact,"Trimmed, case-insensitive country value equals Spain."
451,693,Faidiel II,Spain,Hispania Tarraconensis,Oviedo,43.1851336,-6.641892652,True,True,included_country_exact,"Trimmed, case-insensitive country value equals Spain."
452,694,Fana de Cornollo,Spain,Hispania Tarraconensis,Oviedo,43.164981,-6.809488,True,True,included_country_exact,"Trimmed, case-insensitive country value equals Spain."
453,695,Fana de la Freita (Alto del Palo),Spain,Hispania Tarraconensis,Oviedo,43.28598263,-6.67932256,True,True,included_country_exact,"Trimmed, case-insensitive country value equals Spain."
454,696,Fastias: Los Fornones,Spain,Hispania Tarraconensis,Oviedo,43.41390299,-6.443659151,True,True,included_country_exact,"Trimmed, case-insensitive country value equals Spain."
455,697,Ferminera,Spain,Hispania Baetica,Badajoz,38.24638005,-5.69662526,True,True,included_country_exact,"Trimmed, case-insensitive country value equals Spain."
456,698,Ferreras,Spain,Hispania Tarraconensis,León,42.641296,-5.943973,True,True,included_country_exact,"Trimmed, case-insensitive country value equals Spain."
457,699,Figueirido,Spain,Hispania Tarraconensis,Lugo,42.415691,-7.229515,True,True,included_country_exact,"Trimmed, case-insensitive country value equals Spain."
458,700,Figueras,Spain,Hispania Tarraconensis,Oviedo,43.254151,-6.581698,True,True,included_country_exact,"Trimmed, case-insensitive country value equals Spain."
459,701,Filón del Cobre,Spain,Hispania Tarraconensis,Jaén,38.12718959,-3.72217537,True,True,included_country_exact,"Trimmed, case-insensitive country value equals Spain."
460,702,Filón Zumajo: Cortijo de los Chinches,Spain,Hispania Baetica,Córdoba,38.35405627,-4.51686181,True,True,included_country_exact,"Trimmed, case-insensitive country value equals Spain."
461,703,Filón Zumajo: San Cayetano,Spain,Hispania Baetica,Córdoba,38.28899455,-4.40628096,True,True,included_country_exact,"Trimmed, case-insensitive country value equals Spain."
462,705,Folgoso,Spain,Hispania Tarraconensis,Oviedo,43.05083,-6.875523,True,True,included_country_exact,"Trimmed, case-insensitive country value equals Spain."
463,706,Fombuena,Spain,Hispania Tarraconensis,Zaragoza,41.14748302,-1.153847049,True,True,included_country_exact,"Trimmed, case-insensitive country value equals Spain."
464,707,Fongasoiro,Spain,Hispania Tarraconensis,León,42.728349,-6.813498,True,True,included_country_exact,"Trimmed, case-insensitive country value equals Spain."
465,708,Fontanar,Spain,Hispania Baetica,Córdoba,38.34704078,-4.89572955,True,True,included_country_exact,"Trimmed, case-insensitive country value equals Spain."
466,709,Forcadas,Spain,Hispania Tarraconensis,Lugo,42.587954,-7.451319,True,True,included_country_exact,"Trimmed, case-insensitive country value equals Spain."
467,710,Forcadín,Spain,Hispania Tarraconensis,Oviedo,43.139214,-6.674443,True,True,included_country_exact,"Trimmed, case-insensitive country value equals Spain."
468,711,Fornaza,Spain,Hispania Tarraconensis,Lugo,43.02341913,-6.945084042,True,True,included_country_exact,"Trimmed, case-insensitive country value equals Spain."
469,712,Fornaza,Spain,Hispania Tarraconensis,Oviedo,43.076049,-6.956886,True,True,included_country_exact,"Trimmed, case-insensitive country value equals Spain."
470,713,Fornelos,Spain,Hispania Tarraconensis,Orense,42.12365,-7.17851,True,True,included_country_exact,"Trimmed, case-insensitive country value equals Spain."
471,715,Fuente de las Mulleres,Spain,Hispania Tarraconensis,Oviedo,43.274329,-6.669248,True,True,included_country_exact,"Trimmed, case-insensitive country value equals Spain."
472,716,Fuente del Charco,Spain,Hispania Baetica,Córdoba,38.55849655,-5.35759038,True,True,included_country_exact,"Trimmed, case-insensitive country value equals Spain."
473,717,Fuente del Estanco,Spain,Hispania Tarraconensis,León,42.466133,-6.300965,True,True,included_country_exact,"Trimmed, case-insensitive country value equals Spain."
474,718,Fuente la Zarza,Spain,Hispania Baetica,Badajoz,38.64790148,-5.28613175,True,True,included_country_exact,"Trimmed, case-insensitive country value equals Spain."
475,719,Fuentes Torres,Spain,Hispania Tarraconensis,León,42.70861,-6.380232,True,True,included_country_exact,"Trimmed, case-insensitive country value equals Spain."
476,720,Gamonita,Spain,Hispania Baetica,Badajoz,38.72558762,-5.51700075,True,True,included_country_exact,"Trimmed, case-insensitive country value equals Spain."
477,721,Gándara Mediana,Spain,Hispania Tarraconensis,León,42.571448,-6.446029,True,True,included_country_exact,"Trimmed, case-insensitive country value equals Spain."
478,722,Gargalellas,Spain,Hispania Tarraconensis,Oviedo,43.329492,-6.694209,True,True,included_country_exact,"Trimmed, case-insensitive country value equals Spain."
479,723,Gera I,Spain,Hispania Tarraconensis,Oviedo,43.300691,-6.500639,True,True,included_country_exact,"Trimmed, case-insensitive country value equals Spain."
480,724,Gera II,Spain,Hispania Tarraconensis,Oviedo,43.307079,-6.493312,True,True,included_country_exact,"Trimmed, case-insensitive country value equals Spain."
481,725,Gibla,Spain,Hispania Baetica,Sevilla,37.8453868,-5.522648628,True,True,included_country_exact,"Trimmed, case-insensitive country value equals Spain."
482,726,Godán I,Spain,Hispania Tarraconensis,Oviedo,43.382872,-6.236199,True,True,included_country_exact,"Trimmed, case-insensitive country value equals Spain."
483,727,Godán II,Spain,Hispania Tarraconensis,Oviedo,43.389072,-6.256572,True,True,included_country_exact,"Trimmed, case-insensitive country value equals Spain."
484,728,Golpejas,Spain,Hispania Tarraconensis,Salamanca,41.0013409,-5.913045079,True,True,included_country_exact,"Trimmed, case-insensitive country value equals Spain."
485,730,Guadalperal,Spain,Hispania Tarraconensis,Ciudad Real,38.77686662,-4.74420309,True,True,included_country_exact,"Trimmed, case-insensitive country value equals Spain."
486,731,Guaditoca,Spain,Hispania Baetica,Badajoz,38.16978845,-5.69329653,True,True,included_country_exact,"Trimmed, case-insensitive country value equals Spain."
487,732,Guijuelo,Spain,Hispania Tarraconensis,Salamanca,40.54020398,-5.68164048,True,True,included_country_exact,"Trimmed, case-insensitive country value equals Spain."
488,733,Guisatecha,Spain,Hispania Tarraconensis,León,42.785404,-6.009757,True,True,included_country_exact,"Trimmed, case-insensitive country value equals Spain."
489,734,Herrerías (Almería),Spain,Hispania Baetica,Almería,37.27017742,-1.7947398,True,True,included_country_exact,"Trimmed, case-insensitive country value equals Spain."
490,735,Herrerías (Huelva),Spain,Hispania Baetica,Huelva,37.61827285,-7.29988195,True,True,included_country_exact,"Trimmed, case-insensitive country value equals Spain."
491,736,Herrerías de los Confesionarios,Spain,Hispania Baetica,Huelva,37.7914656,-6.88362989,True,True,included_country_exact,"Trimmed, case-insensitive country value equals Spain."
492,737,Hervederas / Río Bárcena,Spain,Hispania Tarraconensis,Oviedo,43.35408141,-6.540409963,True,True,included_country_exact,"Trimmed, case-insensitive country value equals Spain."
493,738,Horno de Arriba - Teso de la Collada,Spain,Hispania Tarraconensis,León,42.355029,-6.304187,True,True,included_country_exact,"Trimmed, case-insensitive country value equals Spain."
494,739,Hoyo de la Campana,Spain,Hispania Tarraconensis,Granada,37.167656,-3.551073,True,True,included_country_exact,"Trimmed, case-insensitive country value equals Spain."
495,740,Hoyo de los Colgazidos de Castrofrio,Spain,Hispania Tarraconensis,Avila,40.24567301,-5.60595927,True,True,included_country_exact,"Trimmed, case-insensitive country value equals Spain."
496,741,Huerta de Juan Abad,Spain,Hispania Baetica,Córdoba,38.14501878,-4.3614333,True,True,included_country_exact,"Trimmed, case-insensitive country value equals Spain."
497,742,Ibollo,Spain,Hispania Tarraconensis,Oviedo,43.21858537,-6.636023685,True,True,included_country_exact,"Trimmed, case-insensitive country value equals Spain."
498,743,Irixo,Spain,Hispania Tarraconensis,Orense,42.511982,-8.118764,True,True,included_country_exact,"Trimmed, case-insensitive country value equals Spain."
499,744,Iboyo-Abaniella,Spain,Hispania Tarraconensis,Oviedo,43.212434,-6.62141,True,True,included_country_exact,"Trimmed, case-insensitive country value equals Spain."
500,745,Juan Teniente,Spain,Hispania Baetica,Sevilla,37.86617539,-5.777938529,True,True,included_country_exact,"Trimmed, case-insensitive country value equals Spain."
501,746,Justicia,Spain,Hispania Baetica,Badajoz,38.21949903,-5.63527857,True,True,included_country_exact,"Trimmed, case-insensitive country value equals Spain."
502,747,La Alondra,Spain,Hispania Baetica,Badajoz,38.75717683,-5.51552515,True,True,included_country_exact,"Trimmed, case-insensitive country value equals Spain."
503,748,La Arenera,Spain,Hispania Tarraconensis,Oviedo,43.018637,-6.826936,True,True,included_country_exact,"Trimmed, case-insensitive country value equals Spain."
504,749,La Argentera,Spain,Hispania Tarraconensis,Balearics,39.01230651,1.554060351,True,True,included_country_exact,"Trimmed, case-insensitive country value equals Spain."
505,750,La Atalaya,Spain,Hispania Baetica,Córdoba,38.29069017,-4.85243374,True,True,included_country_exact,"Trimmed, case-insensitive country value equals Spain."
506,752,La Cabra,Spain,Hispania Tarraconensis,Ciudad Real,38.64228441,-4.43060527,True,True,included_country_exact,"Trimmed, case-insensitive country value equals Spain."
507,753,La Calabaza / Los Fuchacos - Matarrubia - Torneros,Spain,Hispania Tarraconensis,León,42.28235218,-6.176901495,True,True,included_country_exact,"Trimmed, case-insensitive country value equals Spain."
508,754,La Calera,Spain,Hispania Baetica,Córdoba,38.12717881,-4.88282771,True,True,included_country_exact,"Trimmed, case-insensitive country value equals Spain."
509,755,La Canalina,Spain,Hispania Tarraconensis,León,42.598516,-6.186611,True,True,included_country_exact,"Trimmed, case-insensitive country value equals Spain."
510,757,La Carcabona de Larna,Spain,Hispania Tarraconensis,Oviedo,43.07739,-6.60234,True,True,included_country_exact,"Trimmed, case-insensitive country value equals Spain."
511,758,La Cárcoba de Antoñana,Spain,Hispania Tarraconensis,Oviedo,43.323334,-6.261031,True,True,included_country_exact,"Trimmed, case-insensitive country value equals Spain."
512,759,La Carrasquilla,Spain,Hispania Baetica,Murcia,37.56189619,-1.622756111,True,True,included_country_exact,"Trimmed, case-insensitive country value equals Spain."
513,760,La Chaquerona de Villavaser,Spain,Hispania Tarraconensis,Oviedo,43.239908,-6.5671,True,True,included_country_exact,"Trimmed, case-insensitive country value equals Spain."
514,762,La Corona - Barrera Blanca,Spain,Hispania Tarraconensis,León,42.32887,-6.294745,True,True,included_country_exact,"Trimmed, case-insensitive country value equals Spain."
515,763,La Corona de la Torca,Spain,Hispania Tarraconensis,León,42.58311,-6.404319,True,True,included_country_exact,"Trimmed, case-insensitive country value equals Spain."
516,764,La Corona de Valdecastrillo,Spain,Hispania Tarraconensis,León,42.580209,-6.390039,True,True,included_country_exact,"Trimmed, case-insensitive country value equals Spain."
517,765,La Cruz,Spain,Hispania Tarraconensis,Jaén,38.14701494,-3.63314509,True,True,included_country_exact,"Trimmed, case-insensitive country value equals Spain."
518,767,La Cruz del Rañadero,Spain,Hispania Tarraconensis,León,42.700005,-6.306113,True,True,included_country_exact,"Trimmed, case-insensitive country value equals Spain."
519,768,La Cuquillera,Spain,Hispania Tarraconensis,León,42.468836,-6.183466,True,True,included_country_exact,"Trimmed, case-insensitive country value equals Spain."
520,769,La Devesa,Spain,Hispania Tarraconensis,León,42.291301,-6.463884,True,True,included_country_exact,"Trimmed, case-insensitive country value equals Spain."
521,770,La Devesa I,Spain,Hispania Tarraconensis,León,42.585197,-6.091631,True,True,included_country_exact,"Trimmed, case-insensitive country value equals Spain."
522,772,La Encinilla,Spain,Hispania Baetica,Córdoba,38.55374099,-5.03709116,True,True,included_country_exact,"Trimmed, case-insensitive country value equals Spain."
523,773,La Fana - El Caleiro,Spain,Hispania Tarraconensis,Oviedo,43.071779,-6.650749,True,True,included_country_exact,"Trimmed, case-insensitive country value equals Spain."
524,774,La Folgueriza,Spain,Hispania Tarraconensis,Oviedo,43.34725,-6.696434,True,True,included_country_exact,"Trimmed, case-insensitive country value equals Spain."
525,775,La Fontanilla / Las Cuevas,Spain,Hispania Tarraconensis,León,42.442171,-6.119396,True,True,included_country_exact,"Trimmed, case-insensitive country value equals Spain."
526,776,La Fontanona - La Gándara,Spain,Hispania Tarraconensis,León,42.473679,-6.209227,True,True,included_country_exact,"Trimmed, case-insensitive country value equals Spain."
527,777,La Fortuna,Spain,Hispania Tarraconensis,Ciudad Real,38.73949196,-4.30960585,True,True,included_country_exact,"Trimmed, case-insensitive country value equals Spain."
528,778,La Freitarbosa,Spain,Hispania Tarraconensis,Oviedo,43.351497,-6.676958,True,True,included_country_exact,"Trimmed, case-insensitive country value equals Spain."
529,779,La Fucarona,Spain,Hispania Tarraconensis,León,42.482916,-6.247223,True,True,included_country_exact,"Trimmed, case-insensitive country value equals Spain."
530,780,La Gándara I,Spain,Hispania Tarraconensis,León,42.233059,-6.264385,True,True,included_country_exact,"Trimmed, case-insensitive country value equals Spain."
531,781,La Gándara II,Spain,Hispania Tarraconensis,León,42.230177,-6.2608,True,True,included_country_exact,"Trimmed, case-insensitive country value equals Spain."
532,782,La Garvachana I,Spain,Hispania Tarraconensis,León,42.800928,-6.530024,True,True,included_country_exact,"Trimmed, case-insensitive country value equals Spain."
533,783,La Garvachana II,Spain,Hispania Tarraconensis,León,42.796606,-6.534496,True,True,included_country_exact,"Trimmed, case-insensitive country value equals Spain."
534,784,La Garvachana III,Spain,Hispania Tarraconensis,León,42.800509,-6.542769,True,True,included_country_exact,"Trimmed, case-insensitive country value equals Spain."
535,785,La Gran Mina,Spain,Hispania Baetica,Córdoba,38.07884801,-4.93333237,True,True,included_country_exact,"Trimmed, case-insensitive country value equals Spain."
536,786,La Groba Roja,Spain,Hispania Tarraconensis,Oviedo,43.15226,-6.792316,True,True,included_country_exact,"Trimmed, case-insensitive country value equals Spain."
537,787,La Grueba de Courio,Spain,Hispania Tarraconensis,Oviedo,43.338721,-6.231608,True,True,included_country_exact,"Trimmed, case-insensitive country value equals Spain."
538,788,La Herreria,Spain,Hispania Baetica,Córdoba,38.15378104,-4.40261769,True,True,included_country_exact,"Trimmed, case-insensitive country value equals Spain."
539,789,La Hilera - Valdemeda,Spain,Hispania Tarraconensis,León,42.270529,-6.303967,True,True,included_country_exact,"Trimmed, case-insensitive country value equals Spain."
540,790,La Jagueta,Spain,Hispania Tarraconensis,León,42.630514,-6.209409,True,True,included_country_exact,"Trimmed, case-insensitive country value equals Spain."
541,791,La Joya,Spain,Hispania Baetica,Huelva,37.76491981,-7.02103919,True,True,included_country_exact,"Trimmed, case-insensitive country value equals Spain."
542,792,La Lagunilla,Spain,Hispania Baetica,Córdoba,38.15598041,-5.49648864,True,True,included_country_exact,"Trimmed, case-insensitive country value equals Spain."
543,793,La Lancha,Spain,Hispania Baetica,Huelva,37.75281361,-6.97275838,True,True,included_country_exact,"Trimmed, case-insensitive country value equals Spain."
544,794,La Lapilla,Spain,Hispania Baetica,Huelva,37.5749524,-7.09936299,True,True,included_country_exact,"Trimmed, case-insensitive country value equals Spain."
545,795,La Leitosa,Spain,Hispania Tarraconensis,León,42.694997,-6.765394,True,True,included_country_exact,"Trimmed, case-insensitive country value equals Spain."
546,796,La Lisea,Spain,Hispania Baetica,Jaén,38.19292738,-4.15856145,True,True,included_country_exact,"Trimmed, case-insensitive country value equals Spain."
547,797,La Loba,Spain,Hispania Baetica,Córdoba,38.30148131,-5.35834637,True,True,included_country_exact,"Trimmed, case-insensitive country value equals Spain."
548,798,La Luz (Alcudia),Spain,Hispania Tarraconensis,Ciudad Real,38.7395357,-4.30154746,True,True,included_country_exact,"Trimmed, case-insensitive country value equals Spain."
549,799,La Luz (Linares),Spain,Hispania Tarraconensis,Jaén,38.13799154,-3.61831402,True,True,included_country_exact,"Trimmed, case-insensitive country value equals Spain."
550,800,La Marta,Spain,Hispania Tarraconensis,Oviedo,43.295693,-6.673351,True,True,included_country_exact,"Trimmed, case-insensitive country value equals Spain."
551,802,La Mata del Fraile,Spain,Hispania Tarraconensis,León,42.647829,-6.390663,True,True,included_country_exact,"Trimmed, case-insensitive country value equals Spain."
552,803,La Matilla,Spain,Hispania Baetica,Badajoz,38.50791545,-6.06911791,True,True,included_country_exact,"Trimmed, case-insensitive country value equals Spain."
553,805,La Mortera I,Spain,Hispania Tarraconensis,Oviedo,43.3291,-6.583859,True,True,included_country_exact,"Trimmed, case-insensitive country value equals Spain."
554,806,La Mortera II,Spain,Hispania Tarraconensis,Oviedo,43.321252,-6.591589,True,True,included_country_exact,"Trimmed, case-insensitive country value equals Spain."
555,807,La Muela,Spain,Hispania Tarraconensis,León,42.400217,-6.392956,True,True,included_country_exact,"Trimmed, case-insensitive country value equals Spain."
556,808,La Najerilla,Spain,Hispania Tarraconensis,La Rioja,42.17442906,-2.956599594,True,True,included_country_exact,"Trimmed, case-insensitive country value equals Spain."
557,809,La Omañuela,Spain,Hispania Tarraconensis,León,42.777847,-5.989934,True,True,included_country_exact,"Trimmed, case-insensitive country value equals Spain."
558,810,La Onza,Spain,Hispania Baetica,Sevilla,38.97002695,-5.57079368,True,True,included_country_exact,"Trimmed, case-insensitive country value equals Spain."
559,811,La Osi,Spain,Hispania Baetica,Córdoba,38.33162443,-4.72262528,True,True,included_country_exact,"Trimmed, case-insensitive country value equals Spain."
560,812,La Panadera,Spain,Hispania Baetica,Murcia,37.51191118,-1.415983892,True,True,included_country_exact,"Trimmed, case-insensitive country value equals Spain."
561,813,La Pastora,Spain,Hispania Baetica,Córdoba,38.23469858,-5.23558598,True,True,included_country_exact,"Trimmed, case-insensitive country value equals Spain."
562,814,La Pedreda,Spain,Hispania Tarraconensis,León,42.466681,-6.234659,True,True,included_country_exact,"Trimmed, case-insensitive country value equals Spain."
563,816,La Peña,Spain,Hispania Tarraconensis,Oviedo,43.27946179,-5.781417689,True,True,included_country_exact,"Trimmed, case-insensitive country value equals Spain."
564,817,La Perdiz,Spain,Hispania Baetica,Badajoz,38.67107372,-5.94122217,True,True,included_country_exact,"Trimmed, case-insensitive country value equals Spain."
565,818,La Pililla,Spain,Hispania Baetica,Córdoba,38.42553505,-4.80309575,True,True,included_country_exact,"Trimmed, case-insensitive country value equals Spain."
566,820,La Posidilla,Spain,Hispania Baetica,Córdoba,38.2921275,-4.59735153,True,True,included_country_exact,"Trimmed, case-insensitive country value equals Spain."
567,821,La Preciosa,Spain,Hispania Baetica,Sevilla,37.71833119,-5.344590145,True,True,included_country_exact,"Trimmed, case-insensitive country value equals Spain."
568,822,La Presa,Spain,Hispania Tarraconensis,León,42.345102,-6.32875,True,True,included_country_exact,"Trimmed, case-insensitive country value equals Spain."
569,823,La Presa,Spain,Hispania Tarraconensis,Oviedo,43.184306,-6.774191,True,True,included_country_exact,"Trimmed, case-insensitive country value equals Spain."
570,824,La Profunda,Spain,Hispania Tarraconensis,León,42.9619103,-5.607018598,True,True,included_country_exact,"Trimmed, case-insensitive country value equals Spain."
571,825,La Puebla,Spain,Hispania Tarraconensis,León,42.785947,-6.033642,True,True,included_country_exact,"Trimmed, case-insensitive country value equals Spain."
572,826,La Quemada,Spain,Hispania Tarraconensis,Orense,42.20250611,-7.048953572,True,True,included_country_exact,"Trimmed, case-insensitive country value equals Spain."
573,827,La Reforma,Spain,Hispania Baetica,Huelva,37.78495938,-6.29814114,True,True,included_country_exact,"Trimmed, case-insensitive country value equals Spain."
574,828,La Reguera de las Llastras,Spain,Hispania Tarraconensis,León,42.474926,-6.23992,True,True,included_country_exact,"Trimmed, case-insensitive country value equals Spain."
575,829,La Romana,Spain,Hispania Baetica,Córdoba,38.34758658,-4.75148252,True,True,included_country_exact,"Trimmed, case-insensitive country value equals Spain."
576,830,La Romana,Spain,Hispania Tarraconensis,Ciudad Real,38.63461989,-4.35810314,True,True,included_country_exact,"Trimmed, case-insensitive country value equals Spain."
577,831,La Romanera,Spain,Hispania Baetica,Huelva,37.68835401,-7.33637486,True,True,included_country_exact,"Trimmed, case-insensitive country value equals Spain."
578,832,La Rozada,Spain,Hispania Tarraconensis,Oviedo,43.287769,-6.270359,True,True,included_country_exact,"Trimmed, case-insensitive country value equals Spain."
579,833,La Serrana,Spain,Hispania Baetica,Badajoz,38.20118577,-5.75247022,True,True,included_country_exact,"Trimmed, case-insensitive country value equals Spain."
580,836,La Torrecilla,Spain,Hispania Tarraconensis,Jaén,38.26331517,-3.63534127,True,True,included_country_exact,"Trimmed, case-insensitive country value equals Spain."
581,837,La Vallada,Spain,Hispania Tarraconensis,León,42.41317,-6.665928,True,True,included_country_exact,"Trimmed, case-insensitive country value equals Spain."
582,838,La Vega Grande,Spain,Hispania Tarraconensis,León,42.344753,-6.386178,True,True,included_country_exact,"Trimmed, case-insensitive country value equals Spain."
583,839,La Veguellina de Cepeda,Spain,Hispania Tarraconensis,León,42.641016,-6.015349,True,True,included_country_exact,"Trimmed, case-insensitive country value equals Spain."
584,840,La Victoria,Spain,Hispania Tarraconensis,Ciudad Real,38.8129877,-4.38632405,True,True,included_country_exact,"Trimmed, case-insensitive country value equals Spain."
585,841,La Viliella,Spain,Hispania Tarraconensis,Oviedo,42.986524,-6.637741,True,True,included_country_exact,"Trimmed, case-insensitive country value equals Spain."
586,842,La Zarza,Spain,Hispania Baetica,Huelva,37.70942825,-6.85041111,True,True,included_country_exact,"Trimmed, case-insensitive country value equals Spain."
587,843,Lagar de la Cruz,Spain,Hispania Baetica,Córdoba,37.9393854,-4.821597,True,True,included_country_exact,"Trimmed, case-insensitive country value equals Spain."
588,844,Lago,Spain,Hispania Tarraconensis,Orense,42.40685074,-8.039627332,True,True,included_country_exact,"Trimmed, case-insensitive country value equals Spain."
589,845,Lago,Spain,Hispania Tarraconensis,Oviedo,43.243693,-6.730794,True,True,included_country_exact,"Trimmed, case-insensitive country value equals Spain."
590,846,Lago de Figueirido,Spain,Hispania Tarraconensis,Lugo,,,False,True,included_country_exact,"Trimmed, case-insensitive country value equals Spain."
591,848,Lagos de Salave / Lagos de Silva,Spain,Hispania Tarraconensis,Oviedo,43.56532899,-6.912913527,True,True,included_country_exact,"Trimmed, case-insensitive country value equals Spain."
592,849,Lagueiro I,Spain,Hispania Tarraconensis,Oviedo,43.02386,-6.86042,True,True,included_country_exact,"Trimmed, case-insensitive country value equals Spain."
593,850,Lagueiro II,Spain,Hispania Tarraconensis,Oviedo,43.021935,-6.857337,True,True,included_country_exact,"Trimmed, case-insensitive country value equals Spain."
594,851,Laguna de Valseco,Spain,Hispania Tarraconensis,León,42.478356,-6.201948,True,True,included_country_exact,"Trimmed, case-insensitive country value equals Spain."
595,853,Lamelas,Spain,Hispania Tarraconensis,Orense,42.251258,-7.590977,True,True,included_country_exact,"Trimmed, case-insensitive country value equals Spain."
596,854,Lanestosa,Spain,Hispania Tarraconensis,Bilbao,43.22968462,-3.43570562,True,True,included_country_exact,"Trimmed, case-insensitive country value equals Spain."
597,855,Las Alquitones,Spain,Hispania Baetica,Badajoz,38.20890437,-5.56870248,True,True,included_country_exact,"Trimmed, case-insensitive country value equals Spain."
598,856,Las Balinas,Spain,Hispania Tarraconensis,León,42.722711,-6.738225,True,True,included_country_exact,"Trimmed, case-insensitive country value equals Spain."
599,857,Las Cárcabas de Bustantigo,Spain,Hispania Tarraconensis,Oviedo,43.358364,-6.693805,True,True,included_country_exact,"Trimmed, case-insensitive country value equals Spain."
600,859,Las Coronas,Spain,Hispania Tarraconensis,León,42.633493,-6.861837,True,True,included_country_exact,"Trimmed, case-insensitive country value equals Spain."
601,860,Las Cuevas,Spain,Hispania Tarraconensis,Ciudad Real,38.81817985,-4.76211797,True,True,included_country_exact,"Trimmed, case-insensitive country value equals Spain."
602,865,Las Gandarias I,Spain,Hispania Tarraconensis,León,42.712221,-6.35826,True,True,included_country_exact,"Trimmed, case-insensitive country value equals Spain."
603,866,Las Gandarias II,Spain,Hispania Tarraconensis,León,42.712631,-6.367476,True,True,included_country_exact,"Trimmed, case-insensitive country value equals Spain."
604,867,Las Grobas de Fonteta,Spain,Hispania Tarraconensis,Oviedo,43.136053,-6.807,True,True,included_country_exact,"Trimmed, case-insensitive country value equals Spain."
605,868,Las Grobas de Tremado I,Spain,Hispania Tarraconensis,Oviedo,43.166569,-6.78908,True,True,included_country_exact,"Trimmed, case-insensitive country value equals Spain."
606,869,Las Grobas de Tremado II,Spain,Hispania Tarraconensis,Oviedo,43.168922,-6.785964,True,True,included_country_exact,"Trimmed, case-insensitive country value equals Spain."
607,870,Las Lagunas,Spain,Hispania Tarraconensis,León,42.743986,-6.826471,True,True,included_country_exact,"Trimmed, case-insensitive country value equals Spain."
608,871,Las Lamas del Picón,Spain,Hispania Tarraconensis,León,42.639734,-6.715576,True,True,included_country_exact,"Trimmed, case-insensitive country value equals Spain."
609,872,Las Madroñeras,Spain,Hispania Tarraconensis,León,42.227116,-6.253406,True,True,included_country_exact,"Trimmed, case-insensitive country value equals Spain."
610,873,Las Mayadicas / Arroyo de las Mayadicas,Spain,Hispania Tarraconensis,León,42.299566,-6.315066,True,True,included_country_exact,"Trimmed, case-insensitive country value equals Spain."
611,875,Las Médulas,Spain,Hispania Tarraconensis,León,42.45954964,-6.7593122,True,True,included_country_exact,"Trimmed, case-insensitive country value equals Spain."
612,876,Las Médulas de la Omañas (Miédolas),Spain,Hispania Tarraconensis,León,42.669059,-5.87628,True,True,included_country_exact,"Trimmed, case-insensitive country value equals Spain."
613,878,Las Miédulas - Las Lagunas,Spain,Hispania Tarraconensis,León,42.44679,-6.234369,True,True,included_country_exact,"Trimmed, case-insensitive country value equals Spain."
614,879,Las Minillas,Spain,Hispania Tarraconensis,Badajoz,38.86578022,-5.03505856,True,True,included_country_exact,"Trimmed, case-insensitive country value equals Spain."
615,880,Las Minillas,Spain,Hispania Baetica,Badajoz,38.28298501,-5.61415806,True,True,included_country_exact,"Trimmed, case-insensitive country value equals Spain."
616,881,Las Monjas,Spain,Hispania Baetica,Córdoba,38.64093214,-4.9835869,True,True,included_country_exact,"Trimmed, case-insensitive country value equals Spain."
617,882,Las Moracas,Spain,Hispania Tarraconensis,León,42.816687,-6.719624,True,True,included_country_exact,"Trimmed, case-insensitive country value equals Spain."
618,884,Las Morenas,Spain,Hispania Baetica,Badajoz,38.22311594,-5.58165595,True,True,included_country_exact,"Trimmed, case-insensitive country value equals Spain."
619,885,Las Morras,Spain,Hispania Baetica,Córdoba,38.3460133,-4.9884477,True,True,included_country_exact,"Trimmed, case-insensitive country value equals Spain."
620,886,Las Murias - Los Tallares,Spain,Hispania Tarraconensis,León,42.19946187,-6.21983439,True,True,included_country_exact,"Trimmed, case-insensitive country value equals Spain."
621,887,Las Musas,Spain,Hispania Baetica,Badajoz,38.25032907,-5.67729857,True,True,included_country_exact,"Trimmed, case-insensitive country value equals Spain."
622,888,Las Pedrizas de San Payo,Spain,Hispania Tarraconensis,León,42.709842,-6.715109,True,True,included_country_exact,"Trimmed, case-insensitive country value equals Spain."
623,889,Las Pozas,Spain,Hispania Tarraconensis,Ciudad Real,38.52680156,-4.08505448,True,True,included_country_exact,"Trimmed, case-insensitive country value equals Spain."
624,890,Las Reguillinas,Spain,Hispania Tarraconensis,León,42.35597,-6.386252,True,True,included_country_exact,"Trimmed, case-insensitive country value equals Spain."
625,893,Las Tarafinas,Spain,Hispania Tarraconensis,León,42.685658,-6.396074,True,True,included_country_exact,"Trimmed, case-insensitive country value equals Spain."
626,895,Las Tobosas,Spain,Hispania Baetica,Córdoba,38.55966676,-5.33924282,True,True,included_country_exact,"Trimmed, case-insensitive country value equals Spain."
627,896,Las Torcas,Spain,Hispania Baetica,Córdoba,38.48581222,-4.61821957,True,True,included_country_exact,"Trimmed, case-insensitive country value equals Spain."
628,897,Las Torcas - El Teso de Piqueras,Spain,Hispania Tarraconensis,León,42.575444,-6.380819,True,True,included_country_exact,"Trimmed, case-insensitive country value equals Spain."
629,899,Las Traviesas,Spain,Hispania Tarraconensis,León,42.659876,-6.017965,True,True,included_country_exact,"Trimmed, case-insensitive country value equals Spain."
630,900,Las Traviesas I,Spain,Hispania Tarraconensis,León,42.724353,-6.465042,True,True,included_country_exact,"Trimmed, case-insensitive country value equals Spain."
631,901,Las Traviesas II,Spain,Hispania Tarraconensis,León,42.705133,-6.465437,True,True,included_country_exact,"Trimmed, case-insensitive country value equals Spain."
632,902,Las Trelas,Spain,Hispania Tarraconensis,Oviedo,43.174814,-6.782002,True,True,included_country_exact,"Trimmed, case-insensitive country value equals Spain."
633,904,Las Valiñas,Spain,Hispania Tarraconensis,León,42.642246,-6.878455,True,True,included_country_exact,"Trimmed, case-insensitive country value equals Spain."
634,905,Las Ventas - Fondelur,Spain,Hispania Tarraconensis,León,42.536312,-6.151134,True,True,included_country_exact,"Trimmed, case-insensitive country value equals Spain."
635,906,Lavadoira,Spain,Hispania Tarraconensis,Oviedo,43.29674687,-6.605058403,True,True,included_country_exact,"Trimmed, case-insensitive country value equals Spain."
636,908,Leoneza,Spain,Hispania Tarraconensis,León,42.835042,-6.494671,True,True,included_country_exact,"Trimmed, case-insensitive country value equals Spain."
637,909,Leras,Spain,Hispania Tarraconensis,León,42.792581,-5.725108,True,True,included_country_exact,"Trimmed, case-insensitive country value equals Spain."
638,910,Llano Tabernero,Spain,Hispania Baetica,Córdoba,38.35721971,-4.78139954,True,True,included_country_exact,"Trimmed, case-insensitive country value equals Spain."
639,911,Lomo de Perro,Spain,Hispania Baetica,Badajoz,38.76036878,-5.42692009,True,True,included_country_exact,"Trimmed, case-insensitive country value equals Spain."
640,912,Longrey,Spain,Hispania Tarraconensis,Oviedo,43.452082,-6.499408,True,True,included_country_exact,"Trimmed, case-insensitive country value equals Spain."
641,913,Los Alemanes,Spain,Hispania Tarraconensis,Jaén,38.1488196,-3.63656838,True,True,included_country_exact,"Trimmed, case-insensitive country value equals Spain."
642,914,Los Almadenes,Spain,Hispania Baetica,Córdoba,38.42936535,-5.10576681,True,True,included_country_exact,"Trimmed, case-insensitive country value equals Spain."
643,915,Los Arrayanes,Spain,Hispania Tarraconensis,Jaén,38.13799491,-3.62402098,True,True,included_country_exact,"Trimmed, case-insensitive country value equals Spain."
644,918,Los Barriales - Los Testeros,Spain,Hispania Tarraconensis,León,42.326311,-6.173298,True,True,included_country_exact,"Trimmed, case-insensitive country value equals Spain."
645,919,Los Barrieros,Spain,Hispania Tarraconensis,León,42.415444,-6.690579,True,True,included_country_exact,"Trimmed, case-insensitive country value equals Spain."
646,920,Los Bueyes,Spain,Hispania Baetica,Huelva,37.63308229,-6.77443064,True,True,included_country_exact,"Trimmed, case-insensitive country value equals Spain."
647,921,Los Caborcos y Las Pedrizas,Spain,Hispania Tarraconensis,León,42.715937,-6.710058,True,True,included_country_exact,"Trimmed, case-insensitive country value equals Spain."
648,922,Los Cabuercos - Las Coronas,Spain,Hispania Tarraconensis,León,42.336879,-6.173628,True,True,included_country_exact,"Trimmed, case-insensitive country value equals Spain."
649,923,Los Cachicobos,Spain,Hispania Tarraconensis,León,42.619721,-6.837096,True,True,included_country_exact,"Trimmed, case-insensitive country value equals Spain."
650,924,Los Campos,Spain,Hispania Tarraconensis,León,42.63545,-6.221751,True,True,included_country_exact,"Trimmed, case-insensitive country value equals Spain."
651,925,Los Carriles,Spain,Hispania Tarraconensis,León,42.522252,-6.194796,True,True,included_country_exact,"Trimmed, case-insensitive country value equals Spain."
652,926,Los Casares,Spain,Hispania Tarraconensis,León,42.239704,-6.398898,True,True,included_country_exact,"Trimmed, case-insensitive country value equals Spain."
653,927,Los Cáscaros,Spain,Hispania Tarraconensis,León,42.717953,-5.911294,True,True,included_country_exact,"Trimmed, case-insensitive country value equals Spain."
654,929,Los Castillos - Alto de la Mina,Spain,Hispania Tarraconensis,León,42.608387,-6.147774,True,True,included_country_exact,"Trimmed, case-insensitive country value equals Spain."
655,930,Los Cavenes,Spain,Lusitania,Salamanca,40.56572807,-6.141205928,True,True,included_country_exact,"Trimmed, case-insensitive country value equals Spain."
656,932,Los Cubanallos,Spain,Hispania Tarraconensis,León,42.321607,-6.392307,True,True,included_country_exact,"Trimmed, case-insensitive country value equals Spain."
657,933,Los Culeritos,Spain,Hispania Baetica,Huelva,38.0863122,-6.95065167,True,True,included_country_exact,"Trimmed, case-insensitive country value equals Spain."
658,934,Los Dolores,Spain,Hispania Tarraconensis,Ciudad Real,38.61094749,-4.39579808,True,True,included_country_exact,"Trimmed, case-insensitive country value equals Spain."
659,935,Los Eneros,Spain,Hispania Baetica,Córdoba,38.27643785,-5.37490862,True,True,included_country_exact,"Trimmed, case-insensitive country value equals Spain."
660,936,Los Engarbos,Spain,Hispania Baetica,Jaén,38.35777354,-3.18415148,True,True,included_country_exact,"Trimmed, case-insensitive country value equals Spain."
661,937,Los Escoriales,Spain,Hispania Baetica,Jaén,38.18103892,-3.92435169,True,True,included_country_exact,"Trimmed, case-insensitive country value equals Spain."
662,938,Los Estancos,Spain,Hispania Tarraconensis,León,42.471098,-6.205953,True,True,included_country_exact,"Trimmed, case-insensitive country value equals Spain."
663,941,Los Fuellos,Spain,Hispania Tarraconensis,León,42.44272,-6.21592,True,True,included_country_exact,"Trimmed, case-insensitive country value equals Spain."
664,942,Los Galayos,Spain,Hispania Tarraconensis,Ciudad Real,38.46864925,-3.92188162,True,True,included_country_exact,"Trimmed, case-insensitive country value equals Spain."
665,943,Los Guijarros,Spain,Hispania Baetica,Huelva,38.13938667,-6.92455813,True,True,included_country_exact,"Trimmed, case-insensitive country value equals Spain."
666,944,Los Guindos,Spain,Hispania Tarraconensis,Jaén,38.31201215,-3.69137155,True,True,included_country_exact,"Trimmed, case-insensitive country value equals Spain."
667,945,Los Lagunales - Teso las Pilas,Spain,Hispania Tarraconensis,León,42.431208,-6.175599,True,True,included_country_exact,"Trimmed, case-insensitive country value equals Spain."
668,946,Los Mayadones I,Spain,Hispania Tarraconensis,León,42.318736,-6.358224,True,True,included_country_exact,"Trimmed, case-insensitive country value equals Spain."
669,947,Los Mayadones II,Spain,Hispania Tarraconensis,León,42.31273,-6.341954,True,True,included_country_exact,"Trimmed, case-insensitive country value equals Spain."
670,948,Los Milagros del Monte Medo,Spain,Hispania Tarraconensis,Orense,42.23208,-7.629413,True,True,included_country_exact,"Trimmed, case-insensitive country value equals Spain."
671,950,Los Moruecos de Larón,Spain,Hispania Tarraconensis,Oviedo,42.98355,-6.634177,True,True,included_country_exact,"Trimmed, case-insensitive country value equals Spain."
672,951,Los Muriacales - Los Cubanallos,Spain,Hispania Tarraconensis,León,42.233705,-6.346199,True,True,included_country_exact,"Trimmed, case-insensitive country value equals Spain."
673,952,Los Palazuelos,Spain,Hispania Tarraconensis,Jaén,38.19025394,-3.58399511,True,True,included_country_exact,"Trimmed, case-insensitive country value equals Spain."
674,953,Los Patalos,Spain,Hispania Baetica,Córdoba,38.1725365,-4.27719014,True,True,included_country_exact,"Trimmed, case-insensitive country value equals Spain."
675,954,Los Pobos,Spain,Hispania Baetica,Córdoba,38.21042193,-4.554018,True,True,included_country_exact,"Trimmed, case-insensitive country value equals Spain."
676,955,Los Poliñeiros,Spain,Hispania Tarraconensis,León,42.66691589,-6.730899562,True,True,included_country_exact,"Trimmed, case-insensitive country value equals Spain."
677,956,Los Prados del Castro,Spain,Hispania Tarraconensis,León,42.244728,-6.41975,True,True,included_country_exact,"Trimmed, case-insensitive country value equals Spain."
678,957,Los Rubiales,Spain,Hispania Baetica,Córdoba,38.48355401,-4.67210267,True,True,included_country_exact,"Trimmed, case-insensitive country value equals Spain."
679,958,Los Rudicales,Spain,Hispania Tarraconensis,León,42.659775,-6.784792,True,True,included_country_exact,"Trimmed, case-insensitive country value equals Spain."
680,963,Louviño,Spain,Hispania Tarraconensis,Orense,42.06865661,-7.569685714,True,True,included_country_exact,"Trimmed, case-insensitive country value equals Spain."
681,964,Lozacio,Spain,Hispania Tarraconensis,Zamorra,41.7122223,-6.028141918,True,True,included_country_exact,"Trimmed, case-insensitive country value equals Spain."
682,965,Madarnas,Spain,Hispania Tarraconensis,Orense,42.45472777,-8.086613216,True,True,included_country_exact,"Trimmed, case-insensitive country value equals Spain."
683,966,Madereros,Spain,Hispania Baetica,Córdoba,37.85063496,-5.02253464,True,True,included_country_exact,"Trimmed, case-insensitive country value equals Spain."
684,967,Majada Hermosa,Spain,Hispania Baetica,Badajoz,38.71271398,-5.29452087,True,True,included_country_exact,"Trimmed, case-insensitive country value equals Spain."
685,968,Malapiedra - Las Iruelas,Spain,Hispania Tarraconensis,León,42.467212,-6.336276,True,True,included_country_exact,"Trimmed, case-insensitive country value equals Spain."
686,969,Manzanal del Puerto / La Cantera / La Bajada de Lloroso,Spain,Hispania Tarraconensis,León,42.58889496,-6.250651362,True,True,included_country_exact,"Trimmed, case-insensitive country value equals Spain."
687,970,Manzaneda / El Follacón,Spain,Hispania Tarraconensis,León,42.25859447,-6.319124815,True,True,included_country_exact,"Trimmed, case-insensitive country value equals Spain."
688,971,Manzarnoso II,Spain,Hispania Tarraconensis,León,42.58754942,-6.185997468,True,True,included_country_exact,"Trimmed, case-insensitive country value equals Spain."
689,972,La Devesa II,Spain,Hispania Tarraconensis,León,42.59127997,-6.091062034,True,True,included_country_exact,"Trimmed, case-insensitive country value equals Spain."
690,973,Manzarnoso I / Peñasturón,Spain,Hispania Tarraconensis,León,42.57455126,-6.161131708,True,True,included_country_exact,"Trimmed, case-insensitive country value equals Spain."
691,974,Marco del Abuelo,Spain,Hispania Tarraconensis,Oviedo,43.135688,-6.786064,True,True,included_country_exact,"Trimmed, case-insensitive country value equals Spain."
692,977,Mazarrón,Spain,Hispania Tarraconensis,Murcia,37.59847407,-1.329361505,True,True,included_country_exact,"Trimmed, case-insensitive country value equals Spain."
693,978,Medela,Spain,Hispania Tarraconensis,Orense,42.452409,-8.10176,True,True,included_country_exact,"Trimmed, case-insensitive country value equals Spain."
694,979,Meiriña - La Raña,Spain,Hispania Tarraconensis,"León, Orense, Lugo",42.536257,-6.776897,True,True,included_country_exact,"Trimmed, case-insensitive country value equals Spain."
695,980,Melgoto,Spain,Hispania Tarraconensis,León,42.446163,-6.826435,True,True,included_country_exact,"Trimmed, case-insensitive country value equals Spain."
696,981,Mesa del Castaño,Spain,Hispania Baetica,Badajoz,38.18640885,-5.56581619,True,True,included_country_exact,"Trimmed, case-insensitive country value equals Spain."
697,982,Milagros,Spain,Hispania Tarraconensis,Oviedo,43.34467329,-4.969865368,True,True,included_country_exact,"Trimmed, case-insensitive country value equals Spain."
698,983,Míllera,Spain,Hispania Tarraconensis,Oviedo,43.332594,-6.250447,True,True,included_country_exact,"Trimmed, case-insensitive country value equals Spain."
699,984,Mina de la Lomba,Spain,Hispania Tarraconensis,León,42.752509,-5.999323,True,True,included_country_exact,"Trimmed, case-insensitive country value equals Spain."
700,985,Mina Teuler,Spain,Hispania Baetica,Huelva,37.93227464,-6.28423372,True,True,included_country_exact,"Trimmed, case-insensitive country value equals Spain."
701,986,Mina Valquemado,Spain,Hispania Baetica,Jaén,38.24348353,-4.14175311,True,True,included_country_exact,"Trimmed, case-insensitive country value equals Spain."
702,987,Minas de Cala,Spain,Hispania Baetica,Huelva,37.94697837,-6.34968618,True,True,included_country_exact,"Trimmed, case-insensitive country value equals Spain."
703,988,Mirabueno,Spain,Hispania Baetica,Córdoba,38.06333387,-4.95016262,True,True,included_country_exact,"Trimmed, case-insensitive country value equals Spain."
704,989,Miraflores,Spain,Hispania Baetica,Badajoz,38.77056956,-5.52393981,True,True,included_country_exact,"Trimmed, case-insensitive country value equals Spain."
705,990,Moeche,Spain,Hispania Tarraconensis,La Coruña,43.54630608,-7.97375636,True,True,included_country_exact,"Trimmed, case-insensitive country value equals Spain."
706,993,Moncelos,Spain,Hispania Tarraconensis,Lugo,43.28296659,-7.496621083,True,True,included_country_exact,"Trimmed, case-insensitive country value equals Spain."
707,995,Monte dos Castros,Spain,Hispania Tarraconensis,Lugo,43.544684,-7.350896,True,True,included_country_exact,"Trimmed, case-insensitive country value equals Spain."
708,996,Monte Los Pedregales,Spain,Hispania Tarraconensis,"León, Orense, Lugo",42.676812,-7.162755,True,True,included_country_exact,"Trimmed, case-insensitive country value equals Spain."
709,997,Monte Lourido,Spain,Hispania Tarraconensis,La Coruña,43.227798,-8.338858,True,True,included_country_exact,"Trimmed, case-insensitive country value equals Spain."
710,998,Monte Neme,Spain,Hispania Tarraconensis,La Coruña,43.27436828,-8.72642841,True,True,included_country_exact,"Trimmed, case-insensitive country value equals Spain."
711,999,Monte Oucedo - Las Peneliñas,Spain,Hispania Tarraconensis,León,42.564687,-6.77063,True,True,included_country_exact,"Trimmed, case-insensitive country value equals Spain."
712,1000,Monte Romero,Spain,Hispania Baetica,Huelva,37.78028111,-6.80017225,True,True,included_country_exact,"Trimmed, case-insensitive country value equals Spain."
713,1001,Monte Triano,Spain,Hispania Tarraconensis,Bilbao,43.28233686,-3.06484578,True,True,included_country_exact,"Trimmed, case-insensitive country value equals Spain."
714,1002,Monte Venero,Spain,Hispania Baetica,Jaén,38.35381938,-3.32958398,True,True,included_country_exact,"Trimmed, case-insensitive country value equals Spain."
715,1003,Montefurado,Spain,Hispania Tarraconensis,Lugo,42.395616,-7.201249,True,True,included_country_exact,"Trimmed, case-insensitive country value equals Spain."
716,1004,Montefurado: Boca do Monte,Spain,Hispania Tarraconensis,Lugo,42.3914,-7.206688,True,True,included_country_exact,"Trimmed, case-insensitive country value equals Spain."
717,1005,Monterroso,Spain,Hispania Tarraconensis,Oviedo,43.127027,-6.689333,True,True,included_country_exact,"Trimmed, case-insensitive country value equals Spain."
718,1007,Moreda I,Spain,Hispania Tarraconensis,León,42.728424,-6.728143,True,True,included_country_exact,"Trimmed, case-insensitive country value equals Spain."
719,1008,Moreda II,Spain,Hispania Tarraconensis,León,42.727809,-6.73267,True,True,included_country_exact,"Trimmed, case-insensitive country value equals Spain."
720,1009,Morla / Olleiro,Spain,Hispania Tarraconensis,León,42.26144846,-6.27072134,True,True,included_country_exact,"Trimmed, case-insensitive country value equals Spain."
721,1010,Moros,Spain,Hispania Tarraconensis,Zaragoza,41.39711223,-1.82679945,True,True,included_country_exact,"Trimmed, case-insensitive country value equals Spain."
722,1011,Mortecino,Spain,Hispania Baetica,Córdoba,38.38756294,-4.49663869,True,True,included_country_exact,"Trimmed, case-insensitive country value equals Spain."
723,1012,Motilla,Spain,Hispania Baetica,Córdoba,38.33311948,-4.84741417,True,True,included_country_exact,"Trimmed, case-insensitive country value equals Spain."
724,1013,Murial de Irrondo,Spain,Hispania Tarraconensis,Oviedo,43.170378,-6.63186,True,True,included_country_exact,"Trimmed, case-insensitive country value equals Spain."
725,1015,Nava de Ricomalillo,Spain,Hispania Tarraconensis,Toledo,39.66120691,-4.954938589,True,True,included_country_exact,"Trimmed, case-insensitive country value equals Spain."
726,1016,Nava del Jadraque,Spain,Hispania Tarraconensis,Guadalajara,41.09139712,-3.13633498,True,True,included_country_exact,"Trimmed, case-insensitive country value equals Spain."
727,1017,Navafría,Spain,Hispania Baetica,Córdoba,38.17333312,-4.9498517,True,True,included_country_exact,"Trimmed, case-insensitive country value equals Spain."
728,1018,Navalamoheda,Spain,Hispania Baetica,Córdoba,38.17364508,-4.23608769,True,True,included_country_exact,"Trimmed, case-insensitive country value equals Spain."
729,1019,Navalasno,Spain,Hispania Baetica,Jaén,38.18870872,-4.08314622,True,True,included_country_exact,"Trimmed, case-insensitive country value equals Spain."
730,1020,Navalespino,Spain,Hispania Baetica,Córdoba,38.40152014,-5.53605208,True,True,included_country_exact,"Trimmed, case-insensitive country value equals Spain."
731,1021,Navelgas,Spain,Hispania Tarraconensis,Oviedo,43.41262417,-6.538659739,True,True,included_country_exact,"Trimmed, case-insensitive country value equals Spain."
732,1022,Navelgas Norte: Mina de Entrepeñas,Spain,Hispania Tarraconensis,Oviedo,43.41262417,-6.538659739,True,True,included_country_exact,"Trimmed, case-insensitive country value equals Spain."
733,1023,Navelgas Norte: Mina la Moura,Spain,Hispania Tarraconensis,Oviedo,43.411108,-6.541224,True,True,included_country_exact,"Trimmed, case-insensitive country value equals Spain."
734,1024,Nueva Concepción,Spain,Hispania Tarraconensis,Ciudad Real,38.73107427,-4.72278933,True,True,included_country_exact,"Trimmed, case-insensitive country value equals Spain."
735,1025,O Foio,Spain,Hispania Tarraconensis,Orense,42.417614,-6.911044,True,True,included_country_exact,"Trimmed, case-insensitive country value equals Spain."
736,1026,O Penedo,Spain,Hispania Tarraconensis,Orense,42.12705731,-7.134731569,True,True,included_country_exact,"Trimmed, case-insensitive country value equals Spain."
737,1029,Ochadoiro,Spain,Hispania Tarraconensis,León,42.894529,-6.352401,True,True,included_country_exact,"Trimmed, case-insensitive country value equals Spain."
738,1030,Oencia,Spain,Hispania Tarraconensis,León,42.538629,-6.966786,True,True,included_country_exact,"Trimmed, case-insensitive country value equals Spain."
739,1031,Morla,Spain,Hispania Tarraconensis,León,42.248576,-6.277165,True,True,included_country_exact,"Trimmed, case-insensitive country value equals Spain."
740,1032,Orellana Vieja,Spain,Hispania Baetica,Badajoz,38.99863371,-5.53111628,True,True,included_country_exact,"Trimmed, case-insensitive country value equals Spain."
741,1033,Os Medos,Spain,Hispania Tarraconensis,Pontevedra,41.977349,-8.782069,True,True,included_country_exact,"Trimmed, case-insensitive country value equals Spain."
742,1034,Os Pozos da Barreira,Spain,Hispania Tarraconensis,Orense,42.450154,-8.086909,True,True,included_country_exact,"Trimmed, case-insensitive country value equals Spain."
743,1035,Osseja ?,Spain,Hispania Tarraconensis,Gerona,42.406806,1.978388,True,True,included_country_exact,"Trimmed, case-insensitive country value equals Spain."
744,1036,Outerio de Baltar,Spain,Hispania Tarraconensis,Orense,41.93215209,-7.742859615,True,True,included_country_exact,"Trimmed, case-insensitive country value equals Spain."
745,1038,Paradeseca,Spain,Hispania Tarraconensis,León,42.67972855,-6.793755395,True,True,included_country_exact,"Trimmed, case-insensitive country value equals Spain."
746,1040,Páramo del Sil I,Spain,Hispania Tarraconensis,León,42.818039,-6.505949,True,True,included_country_exact,"Trimmed, case-insensitive country value equals Spain."
747,1041,Páramo del Sil II,Spain,Hispania Tarraconensis,León,42.82601,-6.486087,True,True,included_country_exact,"Trimmed, case-insensitive country value equals Spain."
748,1042,Páramo del Sil III,Spain,Hispania Tarraconensis,León,42.831397,-6.485114,True,True,included_country_exact,"Trimmed, case-insensitive country value equals Spain."
749,1043,Pardellán,Spain,Hispania Tarraconensis,Orense,42.45515087,-6.83793526,True,True,included_country_exact,"Trimmed, case-insensitive country value equals Spain."
750,1044,Pedredo,Spain,Hispania Tarraconensis,Leon,42.44166,-6.194307,True,True,included_country_exact,"Trimmed, case-insensitive country value equals Spain."
751,1045,Pedregales de la Bocaada - Valle del Hellidero (Sanguiñal Norte),Spain,Hispania Tarraconensis,León,42.321773,-6.276117,True,True,included_country_exact,"Trimmed, case-insensitive country value equals Spain."
752,1046,Pedreras Viejas,Spain,Hispania Tarraconensis,Murcia,37.59275974,-1.357876824,True,True,included_country_exact,"Trimmed, case-insensitive country value equals Spain."
753,1047,Pedrosa,Spain,Hispania Tarraconensis,León,42.319017,-6.442601,True,True,included_country_exact,"Trimmed, case-insensitive country value equals Spain."
754,1048,Peites,Spain,Hispania Tarraconensis,Lugo,42.403314,-7.225497,True,True,included_country_exact,"Trimmed, case-insensitive country value equals Spain."
755,1049,Peña Aguda - Boinás,Spain,Hispania Tarraconensis,Oviedo,43.275744,-6.309999,True,True,included_country_exact,"Trimmed, case-insensitive country value equals Spain."
756,1051,Peña de Hierro,Spain,Hispania Baetica,Huelva,37.72636262,-6.5559622,True,True,included_country_exact,"Trimmed, case-insensitive country value equals Spain."
757,1052,Pena de la Cruz,Spain,Hispania Tarraconensis,Oviedo,43.305517,-6.25657,True,True,included_country_exact,"Trimmed, case-insensitive country value equals Spain."
758,1053,Peña del Águila,Spain,Hispania Baetica,Córdoba,37.81633143,-5.02643251,True,True,included_country_exact,"Trimmed, case-insensitive country value equals Spain."
759,1054,Peña del Cuervo,Spain,Hispania Baetica,Córdoba,38.59019713,-5.15153656,True,True,included_country_exact,"Trimmed, case-insensitive country value equals Spain."
760,1055,Peña del Cuervo I,Spain,Hispania Tarraconensis,Oviedo,43.03245,-6.86407,True,True,included_country_exact,"Trimmed, case-insensitive country value equals Spain."
761,1056,Peña del Cuervo II,Spain,Hispania Tarraconensis,Oviedo,43.030147,-6.864208,True,True,included_country_exact,"Trimmed, case-insensitive country value equals Spain."
762,1057,Peña Furada,Spain,Hispania Tarraconensis,León,42.771567,-6.209696,True,True,included_country_exact,"Trimmed, case-insensitive country value equals Spain."
763,1058,Peña María,Spain,Hispania Tarraconensis,Palencia,42.93931416,-4.729168812,True,True,included_country_exact,"Trimmed, case-insensitive country value equals Spain."
764,1059,Peña Roya,Spain,Hispania Tarraconensis,León,42.48761236,-6.12686429,True,True,included_country_exact,"Trimmed, case-insensitive country value equals Spain."
765,1060,Penamil,Spain,Hispania Tarraconensis,Lugo,42.941415,-7.057694,True,True,included_country_exact,"Trimmed, case-insensitive country value equals Spain."
766,1061,Penedela,Spain,Hispania Tarraconensis,Oviedo,43.04762024,-6.915595531,True,True,included_country_exact,"Trimmed, case-insensitive country value equals Spain."
767,1062,Peñón del Fucarón,Spain,Hispania Tarraconensis,Oviedo,43.334402,-6.703245,True,True,included_country_exact,"Trimmed, case-insensitive country value equals Spain."
768,1063,Peñón de los Cuartos,Spain,Hispania Tarraconensis,Oviedo,43.14574,-6.661965,True,True,included_country_exact,"Trimmed, case-insensitive country value equals Spain."
769,1064,Peñón del Moro,Spain,Hispania Baetica,Badajoz,38.30752585,-6.03370937,True,True,included_country_exact,"Trimmed, case-insensitive country value equals Spain."
770,1065,Peñón Redondo,Spain,Hispania Tarraconensis,León,42.213924,-6.257329,True,True,included_country_exact,"Trimmed, case-insensitive country value equals Spain."
771,1066,Petaca,Spain,Hispania Tarraconensis,Ciudad Real,38.55222117,-4.25627498,True,True,included_country_exact,"Trimmed, case-insensitive country value equals Spain."
772,1067,Pico Corona,Spain,Hispania Tarraconensis,Oviedo,43.278892,-6.264425,True,True,included_country_exact,"Trimmed, case-insensitive country value equals Spain."
773,1068,Pico de la Beiral I,Spain,Hispania Tarraconensis,Oviedo,43.523936,-6.792276,True,True,included_country_exact,"Trimmed, case-insensitive country value equals Spain."
774,1069,Pico de la Beiral II,Spain,Hispania Tarraconensis,Oviedo,43.51915,-6.790988,True,True,included_country_exact,"Trimmed, case-insensitive country value equals Spain."
775,1070,Pico de Lirio,Spain,Hispania Baetica,Badajoz,38.78694566,-5.57046121,True,True,included_country_exact,"Trimmed, case-insensitive country value equals Spain."
776,1071,Pico del Aguila,Spain,Hispania Baetica,Huelva,38.07288219,-6.91579679,True,True,included_country_exact,"Trimmed, case-insensitive country value equals Spain."
777,1072,Pico del Gallo,Spain,Hispania Tarraconensis,Oviedo,43.299026,-6.250924,True,True,included_country_exact,"Trimmed, case-insensitive country value equals Spain."
778,1073,Pico Montouto,Spain,Hispania Tarraconensis,Oviedo,43.30737,-6.572723,True,True,included_country_exact,"Trimmed, case-insensitive country value equals Spain."
779,1074,Pilar de Jaravía,Spain,Hispania Baetica,Almería,37.38210676,-1.7002681,True,True,included_country_exact,"Trimmed, case-insensitive country value equals Spain."
780,1075,Pin de Abaixo,Spain,Hispania Tarraconensis,Lugo,42.956742,-7.031026,True,True,included_country_exact,"Trimmed, case-insensitive country value equals Spain."
781,1076,Piñeira,Spain,Hispania Tarraconensis,Lugo,42.429687,-7.230877,True,True,included_country_exact,"Trimmed, case-insensitive country value equals Spain."
782,1077,Pío de Leira,Spain,Hispania Tarraconensis,Orense,,,False,True,included_country_exact,"Trimmed, case-insensitive country value equals Spain."
783,1079,Plasenzuela,Spain,Lusitania,Cáceres,39.43399889,-6.08357984,True,True,included_country_exact,"Trimmed, case-insensitive country value equals Spain."
784,1080,Playa de Cadavedo,Spain,Hispania Tarraconensis,Oviedo,43.552034,-6.372357,True,True,included_country_exact,"Trimmed, case-insensitive country value equals Spain."
785,1081,Pobladura de Somoza / Los Torgales,Spain,Hispania Tarraconensis,León,42.655199,-6.781144,True,True,included_country_exact,"Trimmed, case-insensitive country value equals Spain."
786,1082,Poderosa,Spain,Hispania Baetica,Huelva,37.74899062,-6.65682344,True,True,included_country_exact,"Trimmed, case-insensitive country value equals Spain."
787,1083,Pontigo,Spain,Hispania Tarraconensis,Oviedo,43.30639,-6.28068,True,True,included_country_exact,"Trimmed, case-insensitive country value equals Spain."
788,1084,Porciles,Spain,Hispania Tarraconensis,Oviedo,43.303328,-6.601768,True,True,included_country_exact,"Trimmed, case-insensitive country value equals Spain."
789,1085,Portiella,Spain,Hispania Tarraconensis,Oviedo,43.251669,-6.485643,True,True,included_country_exact,"Trimmed, case-insensitive country value equals Spain."
790,1086,Posadoiro,Spain,Hispania Tarraconensis,Oviedo,42.958655,-6.675247,True,True,included_country_exact,"Trimmed, case-insensitive country value equals Spain."
791,1087,Potosí,Spain,Hispania Baetica,Sevilla,38.1045283,-5.810118332,True,True,included_country_exact,"Trimmed, case-insensitive country value equals Spain."
792,1089,Pozo de la Griega / Molino de la Griega,Spain,Hispania Tarraconensis,León,42.68028535,-5.81115461,True,True,included_country_exact,"Trimmed, case-insensitive country value equals Spain."
793,1090,Pozo Limideiro,Spain,Hispania Tarraconensis,La Coruña,43.01289316,-8.93707518,True,True,included_country_exact,"Trimmed, case-insensitive country value equals Spain."
794,1091,Pozo Rico (Alcudia),Spain,Hispania Tarraconensis,Ciudad Real,38.434231,-3.941203,True,True,included_country_exact,"Trimmed, case-insensitive country value equals Spain."
795,1092,Pozo Rico (Sevilla),Spain,Hispania Baetica,Sevilla,38.10237861,-5.780384097,True,True,included_country_exact,"Trimmed, case-insensitive country value equals Spain."
796,1093,Pradela / Las Curiscadas,Spain,Hispania Tarraconensis,León,42.654675,-6.843729,True,True,included_country_exact,"Trimmed, case-insensitive country value equals Spain."
797,1094,Pradera de Campo,Spain,Hispania Tarraconensis,León,42.258443,-6.303296,True,True,included_country_exact,"Trimmed, case-insensitive country value equals Spain."
798,1095,A Xisterna II (Prado de Paradiña),Spain,Hispania Tarraconensis,León,42.708339,-6.742289,True,True,included_country_exact,"Trimmed, case-insensitive country value equals Spain."
799,1096,Prado de Rollos,Spain,Hispania Tarraconensis,León,42.464868,-6.35012,True,True,included_country_exact,"Trimmed, case-insensitive country value equals Spain."
800,1097,La Cruz de Hierro / Prado de Valdefrancos,Spain,Hispania Tarraconensis,León,42.468354,-6.366098,True,True,included_country_exact,"Trimmed, case-insensitive country value equals Spain."
801,1098,Prado Luengo - Casares,Spain,Hispania Tarraconensis,León,42.493191,-6.227156,True,True,included_country_exact,"Trimmed, case-insensitive country value equals Spain."
802,1099,Prado Posadillas Huergas,Spain,Hispania Tarraconensis,León,42.31546244,-6.272830572,True,True,included_country_exact,"Trimmed, case-insensitive country value equals Spain."
803,1100,Prado Vicioso,Spain,Hispania Baetica,Huelva,37.58690171,-7.09200445,True,True,included_country_exact,"Trimmed, case-insensitive country value equals Spain."
804,1101,Pradorrey,Spain,Hispania Tarraconensis,León,42.49160118,-6.12386389,True,True,included_country_exact,"Trimmed, case-insensitive country value equals Spain."
805,1102,Cha do Castro / Puebla del Brollón,Spain,Hispania Tarraconensis,Lugo,42.57461492,-7.389792601,True,True,included_country_exact,"Trimmed, case-insensitive country value equals Spain."
806,1103,Puente del Plantao,Spain,Hispania Tarraconensis,Oviedo,43.364735,-6.680765,True,True,included_country_exact,"Trimmed, case-insensitive country value equals Spain."
807,1104,Puerto del Palo,Spain,Hispania Tarraconensis,Oviedo,43.272862,-6.678937,True,True,included_country_exact,"Trimmed, case-insensitive country value equals Spain."
808,1108,Pumar de las Montañas,Spain,Hispania Tarraconensis,Oviedo,43.17868934,-6.647751338,True,True,included_country_exact,"Trimmed, case-insensitive country value equals Spain."
809,1109,Quilos,Spain,Hispania Tarraconensis,León,38.12484797,-6.526528617,True,True,included_country_exact,"Trimmed, case-insensitive country value equals Spain."
810,1110,Quintanilla de Flórez / La Pedrer - El Sardonal,Spain,Hispania Tarraconensis,León,42.28048116,-6.091906439,True,True,included_country_exact,"Trimmed, case-insensitive country value equals Spain."
811,1111,Quinto del Hierro,Spain,Hispania Tarraconensis,Ciudad Real,38.73261216,-4.75159193,True,True,included_country_exact,"Trimmed, case-insensitive country value equals Spain."
812,1112,Quinto del Huerto,Spain,Hispania Baetica,Córdoba,38.57153808,-5.05696044,True,True,included_country_exact,"Trimmed, case-insensitive country value equals Spain."
813,1113,Quinto Rascarroña,Spain,Hispania Baetica,Badajoz,38.80475582,-5.22518723,True,True,included_country_exact,"Trimmed, case-insensitive country value equals Spain."
814,1115,Raposeras,Spain,Hispania Tarraconensis,León,42.794298,-5.710476,True,True,included_country_exact,"Trimmed, case-insensitive country value equals Spain."
815,1117,Rebelde Julia,Spain,Hispania Baetica,Badajoz,38.75419376,-5.53272272,True,True,included_country_exact,"Trimmed, case-insensitive country value equals Spain."
816,1118,Regia,Spain,Hispania Tarraconensis,Tarragona,41.1642222,0.750551075,True,True,included_country_exact,"Trimmed, case-insensitive country value equals Spain."
817,1119,Reguera de las Fuentes,Spain,Hispania Tarraconensis,León,42.79674039,-5.845487694,True,True,included_country_exact,"Trimmed, case-insensitive country value equals Spain."
818,1120,Reguera del Vallón,Spain,Hispania Tarraconensis,Oviedo,43.360851,-6.679528,True,True,included_country_exact,"Trimmed, case-insensitive country value equals Spain."
819,1121,Reguerón de la Mata,Spain,Hispania Tarraconensis,León,42.760872,-5.737246,True,True,included_country_exact,"Trimmed, case-insensitive country value equals Spain."
820,1122,Reocín,Spain,Hispania Tarraconensis,Santander,43.3381496,-4.088488287,True,True,included_country_exact,"Trimmed, case-insensitive country value equals Spain."
821,1123,Requeja,Spain,Hispania Baetica,Córdoba,38.39966628,-4.86455465,True,True,included_country_exact,"Trimmed, case-insensitive country value equals Spain."
822,1124,Ría de Foz / As Covas,Spain,Hispania Tarraconensis,Lugo,43.54512753,-7.252162177,True,True,included_country_exact,"Trimmed, case-insensitive country value equals Spain."
823,1125,Ribón,Spain,Hispania Tarraconensis,León,42.693059,-6.783663,True,True,included_country_exact,"Trimmed, case-insensitive country value equals Spain."
824,1126,Riner,Spain,Hispania Tarraconensis,Lérida,41.94498984,1.56397534,True,True,included_country_exact,"Trimmed, case-insensitive country value equals Spain."
825,1127,Río Ancares / Los Moracales del Valle,Spain,Hispania Tarraconensis,León,42.72148236,-6.710216453,True,True,included_country_exact,"Trimmed, case-insensitive country value equals Spain."
826,1129,Río Burbia,Spain,Hispania Tarraconensis,León,42.659737,-6.803756,True,True,included_country_exact,"Trimmed, case-insensitive country value equals Spain."
827,1130,Río Cabrera: below Pombriego / Las Suertes,Spain,Hispania Tarraconensis,León,42.42398053,-6.718484432,True,True,included_country_exact,"Trimmed, case-insensitive country value equals Spain."
828,1131,Río Cabrera: Castroquilame,Spain,Hispania Tarraconensis,León,42.42423498,-6.744034238,True,True,included_country_exact,"Trimmed, case-insensitive country value equals Spain."
829,1132,Río Cabrera: Llamas de Cabrera / El Covallón de Miédalo,Spain,Hispania Tarraconensis,León,42.4087844,-6.641192062,True,True,included_country_exact,"Trimmed, case-insensitive country value equals Spain."
830,1133,Río Cabrera: Santalavilla,Spain,Hispania Tarraconensis,León,42.42003568,-6.659935142,True,True,included_country_exact,"Trimmed, case-insensitive country value equals Spain."
831,1134,Río Cervos,Spain,Hispania Tarraconensis,Oviedo,43.019741,-6.839674,True,True,included_country_exact,"Trimmed, case-insensitive country value equals Spain."
832,1135,Río Ciurana,Spain,Hispania Tarraconensis,Tarragona,41.14724628,0.721974085,True,True,included_country_exact,"Trimmed, case-insensitive country value equals Spain."
833,1136,Río Corumbel,Spain,Hispania Baetica,Huelva,37.45968507,-6.47506987,True,True,included_country_exact,"Trimmed, case-insensitive country value equals Spain."
834,1137,Río Crispinejo,Spain,Hispania Baetica,Huelva,37.51837238,-6.245326356,True,True,included_country_exact,"Trimmed, case-insensitive country value equals Spain."
835,1138,Río de Mosteiro,Spain,Hispania Tarraconensis,Lugo,42.983977,-6.98657,True,True,included_country_exact,"Trimmed, case-insensitive country value equals Spain."
836,1139,Río de Ojén,Spain,Hispania Tarraconensis,Madrid,36.54648941,-4.792955069,True,True,included_country_exact,"Trimmed, case-insensitive country value equals Spain."
837,1140,Río del Mazo,Spain,Hispania Tarraconensis,Oviedo,43.505363,-6.837463,True,True,included_country_exact,"Trimmed, case-insensitive country value equals Spain."
838,1141,Río del Oro,Spain,Hispania Tarraconensis,Oviedo,43.24168094,-6.722030241,True,True,included_country_exact,"Trimmed, case-insensitive country value equals Spain."
839,1142,Río Donsal I,Spain,Hispania Tarraconensis,Lugo,42.912341,-7.073296,True,True,included_country_exact,"Trimmed, case-insensitive country value equals Spain."
840,1143,Río Donsal II,Spain,Hispania Tarraconensis,Lugo,42.920038,-7.074451,True,True,included_country_exact,"Trimmed, case-insensitive country value equals Spain."
841,1144,Rio Duerna I - Las Moraceras (Moracedas),Spain,Hispania Tarraconensis,León,42.33500258,-6.225078172,True,True,included_country_exact,"Trimmed, case-insensitive country value equals Spain."
842,1145,Rio Duerna II,Spain,Hispania Tarraconensis,León,42.33438157,-6.242122507,True,True,included_country_exact,"Trimmed, case-insensitive country value equals Spain."
843,1146,Rio Duerna III,Spain,Hispania Tarraconensis,León,42.33620392,-6.269647663,True,True,included_country_exact,"Trimmed, case-insensitive country value equals Spain."
844,1147,Rio Duerna IV,Spain,Hispania Tarraconensis,León,42.34235037,-6.249094717,True,True,included_country_exact,"Trimmed, case-insensitive country value equals Spain."
845,1148,Rio Duerna IX - El Castillo - Los Arrotos - Carcuevas - Los Gandarales,Spain,Hispania Tarraconensis,León,42.35531073,-6.277635411,True,True,included_country_exact,"Trimmed, case-insensitive country value equals Spain."
846,1150,Rio Duerna - Molinaferrera,Spain,Hispania Tarraconensis,León,42.39152656,-6.357687984,True,True,included_country_exact,"Trimmed, case-insensitive country value equals Spain."
847,1151,Rio Duerna V,Spain,Hispania Tarraconensis,León,42.34630418,-6.24916967,True,True,included_country_exact,"Trimmed, case-insensitive country value equals Spain."
848,1152,Rio Duerna VI - Los Castellones,Spain,Hispania Tarraconensis,León,42.34639828,-6.257719707,True,True,included_country_exact,"Trimmed, case-insensitive country value equals Spain."
849,1153,Rio Duerna VII,Spain,Hispania Tarraconensis,León,42.33757264,-6.275154026,True,True,included_country_exact,"Trimmed, case-insensitive country value equals Spain."
850,1154,Rio Duerna VIII - El Castillo - Los Arrotos - Carcuevas - Los Gandarales,Spain,Hispania Tarraconensis,León,42.35027844,-6.269133468,True,True,included_country_exact,"Trimmed, case-insensitive country value equals Spain."
851,1155,Rio Duerna X - El Castillo - Los Arrotos - Carcuevas - Los Gandarales,Spain,Hispania Tarraconensis,León,42.36069607,-6.282185769,True,True,included_country_exact,"Trimmed, case-insensitive country value equals Spain."
852,1156,Rio Duerna XI,Spain,Hispania Tarraconensis,León,42.35842534,-6.298081887,True,True,included_country_exact,"Trimmed, case-insensitive country value equals Spain."
853,1157,Rio Duerna XII - El Castillo - Los Arrotos - Carcuevas - Los Gandarales,Spain,Hispania Tarraconensis,León,42.36546279,-6.290063387,True,True,included_country_exact,"Trimmed, case-insensitive country value equals Spain."
854,1158,Rio Duerna XIII - La Braña - El Valle,Spain,Hispania Tarraconensis,León,42.3652755,-6.303436006,True,True,included_country_exact,"Trimmed, case-insensitive country value equals Spain."
855,1159,Rio Duerna XIV - La Braña - El Valle,Spain,Hispania Tarraconensis,León,42.37245524,-6.301548879,True,True,included_country_exact,"Trimmed, case-insensitive country value equals Spain."
856,1160,Rio Duerna XIX - Piozadera,Spain,Hispania Tarraconensis,León,42.35862622,-6.246786721,True,True,included_country_exact,"Trimmed, case-insensitive country value equals Spain."
857,1161,Rio Duerna XV - La Braña - El Valle,Spain,Hispania Tarraconensis,León,42.37621587,-6.312830908,True,True,included_country_exact,"Trimmed, case-insensitive country value equals Spain."
858,1162,Rio Duerna XVI - Los Vallejos,Spain,Hispania Tarraconensis,León,42.37762908,-6.324448755,True,True,included_country_exact,"Trimmed, case-insensitive country value equals Spain."
859,1163,Rio Duerna XVII - Las Escrita - Los Vallelos,Spain,Hispania Tarraconensis,León,42.38355,-6.336530028,True,True,included_country_exact,"Trimmed, case-insensitive country value equals Spain."
860,1164,Rio Duerna XVIII,Spain,Hispania Tarraconensis,León,42.38926663,-6.34697293,True,True,included_country_exact,"Trimmed, case-insensitive country value equals Spain."
861,1165,Rio Duerna XX - Fucochicos [Fogochico (Fuco Chico) - El Chano],Spain,Hispania Tarraconensis,León,42.35630258,-6.22700977,True,True,included_country_exact,"Trimmed, case-insensitive country value equals Spain."
862,1166,Rio Duerna XXI,Spain,Hispania Tarraconensis,León,42.3464626,-6.21936529,True,True,included_country_exact,"Trimmed, case-insensitive country value equals Spain."
863,1167,Rio Golopón: arroyo Morax / arroyo Uclias,Spain,Hispania Tarraconensis,Granada,37.38280435,-2.69980225,True,True,included_country_exact,"Trimmed, case-insensitive country value equals Spain."
864,1168,Rio Golopón: tierra de los Cantaros,Spain,Hispania Tarraconensis,Granada,37.41254183,-2.69938897,True,True,included_country_exact,"Trimmed, case-insensitive country value equals Spain."
865,1169,Río Ibias,Spain,Hispania Tarraconensis,Oviedo,43.0238595,-6.860420204,True,True,included_country_exact,"Trimmed, case-insensitive country value equals Spain."
866,1170,Río Lor 1: Lama / A Filpeira,Spain,Hispania Tarraconensis,Lugo,42.51563994,-7.343846061,True,True,included_country_exact,"Trimmed, case-insensitive country value equals Spain."
867,1171,Río Lor 1: Margarida / A Couriscada de Margarida,Spain,Hispania Tarraconensis,Lugo,42.48156271,-7.338304408,True,True,included_country_exact,"Trimmed, case-insensitive country value equals Spain."
868,1172,Río Lor 1: Parada,Spain,Hispania Tarraconensis,Lugo,42.46589856,-7.349609362,True,True,included_country_exact,"Trimmed, case-insensitive country value equals Spain."
869,1173,Río Lor 1: San Pedro,Spain,Hispania Tarraconensis,Lugo,42.49378906,-7.351158313,True,True,included_country_exact,"Trimmed, case-insensitive country value equals Spain."
870,1174,Río Lor 1: Santa Andrea,Spain,Hispania Tarraconensis,Lugo,42.47522794,-7.339171134,True,True,included_country_exact,"Trimmed, case-insensitive country value equals Spain."
871,1175,Río Lor 2: Castro Portela,Spain,Hispania Tarraconensis,Lugo,42.539504,-7.271668,True,True,included_country_exact,"Trimmed, case-insensitive country value equals Spain."
872,1176,Río Lor 2: Froxán,Spain,Hispania Tarraconensis,Lugo,42.548857,-7.249596,True,True,included_country_exact,"Trimmed, case-insensitive country value equals Spain."
873,1177,Río Lor 2: Millares,Spain,Hispania Tarraconensis,Lugo,42.647318,-7.099299,True,True,included_country_exact,"Trimmed, case-insensitive country value equals Spain."
874,1178,Río Lor 2: Mina de Toca,Spain,Hispania Tarraconensis,Lugo,42.659236,-7.130851,True,True,included_country_exact,"Trimmed, case-insensitive country value equals Spain."
875,1179,Río Lor 2: Monte Barreiro,Spain,Hispania Tarraconensis,Lugo,42.664408,-7.143739,True,True,included_country_exact,"Trimmed, case-insensitive country value equals Spain."
876,1180,Río Lor 2: Torubio East,Spain,Hispania Tarraconensis,Lugo,42.656215,-7.105088,True,True,included_country_exact,"Trimmed, case-insensitive country value equals Spain."
877,1181,Río Lor 2: Torubio West,Spain,Hispania Tarraconensis,Lugo,42.652669,-7.114141,True,True,included_country_exact,"Trimmed, case-insensitive country value equals Spain."
878,1182,Río Miño 1: Astariz / Razamonde,Spain,Hispania Tarraconensis,Orense,42.33013178,-8.041866241,True,True,included_country_exact,"Trimmed, case-insensitive country value equals Spain."
879,1183,Río Miño 1: Carretera / Puga,Spain,Hispania Tarraconensis,Orense,42.32493061,-8.011148454,True,True,included_country_exact,"Trimmed, case-insensitive country value equals Spain."
880,1184,Río Miño 1: Layas,Spain,Hispania Tarraconensis,Orense,42.33061473,-8.028531771,True,True,included_country_exact,"Trimmed, case-insensitive country value equals Spain."
881,1185,Río Miño 1: Prado,Spain,Hispania Tarraconensis,Orense,42.49748585,-8.07606624,True,True,included_country_exact,"Trimmed, case-insensitive country value equals Spain."
882,1186,Río Miño 1: Seijo / Grova - Seixo - Chavola,Spain,Hispania Tarraconensis,Orense,42.31041778,-8.087943747,True,True,included_country_exact,"Trimmed, case-insensitive country value equals Spain."
883,1187,Río Miño 2: Salvatierra,Spain,Hispania Tarraconensis,Pontevedra,42.0885725,-8.509139932,True,True,included_country_exact,"Trimmed, case-insensitive country value equals Spain."
884,1188,Río Miño 2: Salvatierra: Las Nieves,Spain,Hispania Tarraconensis,Pontevedra,42.07405709,-8.420913246,True,True,included_country_exact,"Trimmed, case-insensitive country value equals Spain."
885,1189,Río Miño 2: Salvatierra: Las Nieves,Spain,Hispania Tarraconensis,Pontevedra,42.07462164,-8.429428437,True,True,included_country_exact,"Trimmed, case-insensitive country value equals Spain."
886,1190,Río Miño 2: Salvatierra: Medanes,Spain,Hispania Tarraconensis,Pontevedra,42.08003087,-8.383805077,True,True,included_country_exact,"Trimmed, case-insensitive country value equals Spain."
887,1191,Río Miño 2: Salvatierra: San Juan de Barcela,Spain,Hispania Tarraconensis,Pontevedra,42.08902083,-8.338426528,True,True,included_country_exact,"Trimmed, case-insensitive country value equals Spain."
888,1192,Río Miño 2: Salvatierra: Santa Maria de Oleiros,Spain,Hispania Tarraconensis,Pontevedra,42.08956293,-8.461982174,True,True,included_country_exact,"Trimmed, case-insensitive country value equals Spain."
889,1193,Río Navia 1: arroyo Santa Marina,Spain,Hispania Tarraconensis,Lugo,42.888246,-7.073463,True,True,included_country_exact,"Trimmed, case-insensitive country value equals Spain."
890,1194,Río Navia 1: Cervantes,Spain,Hispania Tarraconensis,Lugo,42.87026019,-7.078290018,True,True,included_country_exact,"Trimmed, case-insensitive country value equals Spain."
891,1195,Río Navia 1: Frayan de Arriba / Fraián,Spain,Hispania Tarraconensis,Lugo,42.8993839,-7.067546514,True,True,included_country_exact,"Trimmed, case-insensitive country value equals Spain."
892,1196,Río Navia 1: sub-site 2 / Vilachá,Spain,Hispania Tarraconensis,Lugo,42.87565687,-7.078569229,True,True,included_country_exact,"Trimmed, case-insensitive country value equals Spain."
893,1197,Río Navia 1: sub-site 5,Spain,Hispania Tarraconensis,Lugo,42.90055588,-7.057806165,True,True,included_country_exact,"Trimmed, case-insensitive country value equals Spain."
894,1200,Río Sil 1: El Carril / La Sufreira,Spain,Hispania Tarraconensis,León,42.50483568,-6.833003242,True,True,included_country_exact,"Trimmed, case-insensitive country value equals Spain."
895,1201,Río Sil 1: Friera / Las Valiñas,Spain,Hispania Tarraconensis,León,42.50527917,-6.815977444,True,True,included_country_exact,"Trimmed, case-insensitive country value equals Spain."
896,1202,Río Sil 1: Requejo de Portela / O Trave,Spain,Hispania Tarraconensis,León,42.51443574,-6.810322927,True,True,included_country_exact,"Trimmed, case-insensitive country value equals Spain."
897,1203,Río Sil 1: Valina / El Cabalón,Spain,Hispania Tarraconensis,León,42.50286336,-6.804904535,True,True,included_country_exact,"Trimmed, case-insensitive country value equals Spain."
898,1204,Río Sil 2: Arroyo de Balén / La Tiñosa,Spain,Hispania Tarraconensis,León,42.469031,-6.807225,True,True,included_country_exact,"Trimmed, case-insensitive country value equals Spain."
899,1205,Río Sil 2: Arroyo de Balouta,Spain,Hispania Tarraconensis,León,42.44669072,-6.8168499,True,True,included_country_exact,"Trimmed, case-insensitive country value equals Spain."
900,1206,Río Sil 2: La Peña del Cuervo / O Subreiral,Spain,Hispania Tarraconensis,León,42.41558576,-6.83483159,True,True,included_country_exact,"Trimmed, case-insensitive country value equals Spain."
901,1207,Río Sil 2: nr Covas,Spain,Hispania Tarraconensis,León,42.47086192,-6.822864394,True,True,included_country_exact,"Trimmed, case-insensitive country value equals Spain."
902,1208,Río Sil 2: nr Sobredo,Spain,Hispania Tarraconensis,León,42.4285339,-6.822070367,True,True,included_country_exact,"Trimmed, case-insensitive country value equals Spain."
903,1209,Río Sil 2: Quereño / Foi Pidriña,Spain,Hispania Tarraconensis,León,42.42564393,-6.82923019,True,True,included_country_exact,"Trimmed, case-insensitive country value equals Spain."
904,1210,Río Sil 2: Río Cabrera / A Meana,Spain,Hispania Tarraconensis,León,42.41583965,-6.825115744,True,True,included_country_exact,"Trimmed, case-insensitive country value equals Spain."
905,1211,Río Sil 2: Salas de Ribera / Valdefuentes,Spain,Hispania Tarraconensis,León,42.43778615,-6.812778588,True,True,included_country_exact,"Trimmed, case-insensitive country value equals Spain."
906,1212,Río Sil 3: arroyo de Candis,Spain,Hispania Tarraconensis,Orense,42.41670161,-6.928519422,True,True,included_country_exact,"Trimmed, case-insensitive country value equals Spain."
907,1213,Río Sil 3: Carbayal / La Portela,Spain,Hispania Tarraconensis,Orense,42.42577595,-7.025048543,True,True,included_country_exact,"Trimmed, case-insensitive country value equals Spain."
908,1214,Río Sil 3: Corgormo / Arcos,Spain,Hispania Tarraconensis,Orense,42.42277251,-7.035842697,True,True,included_country_exact,"Trimmed, case-insensitive country value equals Spain."
909,1215,Río Sil 3: Cortes,Spain,Hispania Tarraconensis,Orense,42.41011596,-6.971970294,True,True,included_country_exact,"Trimmed, case-insensitive country value equals Spain."
910,1216,Río Sil 3: Entoma 1,Spain,Hispania Tarraconensis,Orense,42.42107013,-6.933598417,True,True,included_country_exact,"Trimmed, case-insensitive country value equals Spain."
911,1217,Río Sil 3: Entoma 2,Spain,Hispania Tarraconensis,Orense,42.4207417,-6.945743643,True,True,included_country_exact,"Trimmed, case-insensitive country value equals Spain."
912,1218,Río Sil 3: La Rúa / San Miguel de Otero,Spain,Hispania Tarraconensis,Orense,42.3977,-7.095665,True,True,included_country_exact,"Trimmed, case-insensitive country value equals Spain."
913,1219,Río Sil 3: Medua (A Medua Grande - A Medua Pequena - Os Chaos),Spain,Hispania Tarraconensis,Orense,42.40189885,-6.875514832,True,True,included_country_exact,"Trimmed, case-insensitive country value equals Spain."
914,1220,Río Sil 3: Millaroso / Santurjo (Santurxo),Spain,Hispania Tarraconensis,Orense,42.41771234,-6.957755032,True,True,included_country_exact,"Trimmed, case-insensitive country value equals Spain."
915,1221,Río Sil 3: Sobradelo / A Lagua,Spain,Hispania Tarraconensis,Orense,42.41555394,-6.904142487,True,True,included_country_exact,"Trimmed, case-insensitive country value equals Spain."
916,1222,Río Sil 4: Montefurado meander,Spain,Hispania Tarraconensis,Lugo,42.38728903,-7.205445683,True,True,included_country_exact,"Trimmed, case-insensitive country value equals Spain."
917,1223,Río Sil 4: Montefurado meander b,Spain,Hispania Tarraconensis,Lugo,42.39106584,-7.199568201,True,True,included_country_exact,"Trimmed, case-insensitive country value equals Spain."
918,1224,Río Sil 4: San Martin de Albaredos,Spain,Hispania Tarraconensis,Lugo,42.387062,-7.182336261,True,True,included_country_exact,"Trimmed, case-insensitive country value equals Spain."
919,1225,Río Sil 4: sub-site c,Spain,Hispania Tarraconensis,Lugo,42.39332556,-7.183883438,True,True,included_country_exact,"Trimmed, case-insensitive country value equals Spain."
920,1226,Río Sil 4: Villamuz,Spain,Hispania Tarraconensis,Lugo,42.38591481,-7.190784935,True,True,included_country_exact,"Trimmed, case-insensitive country value equals Spain."
921,1227,Río Sil 4: Viña Grande / Las Chozas,Spain,Hispania Tarraconensis,Lugo,42.39108403,-7.167960512,True,True,included_country_exact,"Trimmed, case-insensitive country value equals Spain."
922,1228,Río Sil 5: Aguasmestas,Spain,Hispania Tarraconensis,Lugo,42.45877481,-7.346779839,True,True,included_country_exact,"Trimmed, case-insensitive country value equals Spain."
923,1229,Río Sil 5: Nocedo,Spain,Hispania Tarraconensis,Lugo,42.46905787,-7.304747156,True,True,included_country_exact,"Trimmed, case-insensitive country value equals Spain."
924,1230,Río Sil 5: Pacío Viejo / A Meda,Spain,Hispania Tarraconensis,Lugo,42.4657579,-7.264400336,True,True,included_country_exact,"Trimmed, case-insensitive country value equals Spain."
925,1231,Río Sil 5: Rairos,Spain,Hispania Tarraconensis,Lugo,42.46408339,-7.320297123,True,True,included_country_exact,"Trimmed, case-insensitive country value equals Spain."
926,1232,Río Sil 5: Sequeiros,Spain,Hispania Tarraconensis,Lugo,42.44740344,-7.245153564,True,True,included_country_exact,"Trimmed, case-insensitive country value equals Spain."
927,1233,Río Tejeira,Spain,Hispania Tarraconensis,León,42.73659,-6.83448,True,True,included_country_exact,"Trimmed, case-insensitive country value equals Spain."
928,1234,Los Arrotos - Laguna Cernea (Río Turienzo),Spain,Hispania Tarraconensis,León,42.452458,-6.245522,True,True,included_country_exact,"Trimmed, case-insensitive country value equals Spain."
929,1235,Los Barriales (Río Turienzo),Spain,Hispania Tarraconensis,León,42.42551,-6.156194,True,True,included_country_exact,"Trimmed, case-insensitive country value equals Spain."
930,1236,Río Valledor,Spain,Hispania Tarraconensis,Oviedo,43.132623,-6.801538,True,True,included_country_exact,"Trimmed, case-insensitive country value equals Spain."
931,1237,Río Valmayor,Spain,Hispania Tarraconensis,Ciudad Real,38.40653916,-4.1737441,True,True,included_country_exact,"Trimmed, case-insensitive country value equals Spain."
932,1238,Riocabo,Spain,Hispania Tarraconensis,Oviedo,43.46762,-6.831393,True,True,included_country_exact,"Trimmed, case-insensitive country value equals Spain."
933,1239,Riodeporcos,Spain,Hispania Tarraconensis,Oviedo,43.07394556,-6.941462001,True,True,included_country_exact,"Trimmed, case-insensitive country value equals Spain."
934,1240,Riospaso,Spain,Hispania Tarraconensis,Oviedo,43.019944,-5.879568,True,True,included_country_exact,"Trimmed, case-insensitive country value equals Spain."
935,1241,Riotinto,Spain,Hispania Baetica,Huelva,37.70395454,-6.58569922,True,True,included_country_exact,"Trimmed, case-insensitive country value equals Spain."
936,1242,Riscos de Guadanuño,Spain,Hispania Baetica,Córdoba,38.00140764,-4.83968301,True,True,included_country_exact,"Trimmed, case-insensitive country value equals Spain."
937,1243,As Grovas de Rivas,Spain,Hispania Tarraconensis,Orense,42.49037963,-8.073157016,True,True,included_country_exact,"Trimmed, case-insensitive country value equals Spain."
938,1244,Rivas: La Peña das Covas,Spain,Hispania Tarraconensis,Orense,42.51070985,-8.084257619,True,True,included_country_exact,"Trimmed, case-insensitive country value equals Spain."
939,1245,Rivas: Larouce,Spain,Hispania Tarraconensis,Orense,42.48959611,-8.045089494,True,True,included_country_exact,"Trimmed, case-insensitive country value equals Spain."
940,1246,Robledo I,Spain,Hispania Tarraconensis,Oviedo,43.185507,-6.76863,True,True,included_country_exact,"Trimmed, case-insensitive country value equals Spain."
941,1247,Robledo II,Spain,Hispania Tarraconensis,Oviedo,43.187871,-6.766993,True,True,included_country_exact,"Trimmed, case-insensitive country value equals Spain."
942,1248,Rocabruna,Spain,Hispania Tarraconensis,Gerona,42.35774763,2.46672221,True,True,included_country_exact,"Trimmed, case-insensitive country value equals Spain."
943,1249,Román,Spain,Hispania Tarraconensis,Oviedo,43.024431,-6.863934,True,True,included_country_exact,"Trimmed, case-insensitive country value equals Spain."
944,1250,Romanilla,Spain,Hispania Tarraconensis,Ciudad Real,38.61136908,-4.32455507,True,True,included_country_exact,"Trimmed, case-insensitive country value equals Spain."
945,1251,Rosal,Spain,Hispania Tarraconensis,Pontevedra,41.936641,-8.83615,True,True,included_country_exact,"Trimmed, case-insensitive country value equals Spain."
946,1252,Rosalía,Spain,Hispania Baetica,Córdoba,38.25469231,-5.35151691,True,True,included_country_exact,"Trimmed, case-insensitive country value equals Spain."
947,1253,Rubieros,Spain,Hispania Tarraconensis,Oviedo,43.233056,-6.518363,True,True,included_country_exact,"Trimmed, case-insensitive country value equals Spain."
948,1254,Salas de Galiarda,Spain,Hispania Baetica,Jaén,38.194676,-3.86157025,True,True,included_country_exact,"Trimmed, case-insensitive country value equals Spain."
949,1255,Salientes I,Spain,Hispania Tarraconensis,León,42.864137,-6.323479,True,True,included_country_exact,"Trimmed, case-insensitive country value equals Spain."
950,1257,Salto del Burro,Spain,Hispania Baetica,Badajoz,38.20611661,-5.62690863,True,True,included_country_exact,"Trimmed, case-insensitive country value equals Spain."
951,1258,Sampayo,Spain,Hispania Tarraconensis,Orense,42.379346,-7.089137,True,True,included_country_exact,"Trimmed, case-insensitive country value equals Spain."
952,1259,San Antolín de Ibias II,Spain,Hispania Tarraconensis,Oviedo,43.037832,-6.867154,True,True,included_country_exact,"Trimmed, case-insensitive country value equals Spain."
953,1260,San Antolín de Ibias I,Spain,Hispania Tarraconensis,Oviedo,43.043902,-6.8751,True,True,included_country_exact,"Trimmed, case-insensitive country value equals Spain."
954,1261,San Clodio,Spain,Hispania Tarraconensis,Lugo,42.462386,-7.287404,True,True,included_country_exact,"Trimmed, case-insensitive country value equals Spain."
955,1262,San Eduardo,Spain,Hispania Baetica,Huelva,37.76166281,-6.65508336,True,True,included_country_exact,"Trimmed, case-insensitive country value equals Spain."
956,1264,San Félix de las Montañas I,Spain,Hispania Tarraconensis,Oviedo,43.160535,-6.673844,True,True,included_country_exact,"Trimmed, case-insensitive country value equals Spain."
957,1265,San Félix de las Montañas II,Spain,Hispania Tarraconensis,Oviedo,43.15551657,-6.674982843,True,True,included_country_exact,"Trimmed, case-insensitive country value equals Spain."
958,1266,San Gabriel,Spain,Hispania Tarraconensis,Jaén,38.31734513,-3.55634363,True,True,included_country_exact,"Trimmed, case-insensitive country value equals Spain."
959,1267,San Juan Bautista,Spain,Hispania Tarraconensis,Ciudad Real,38.60866219,-4.46931815,True,True,included_country_exact,"Trimmed, case-insensitive country value equals Spain."
960,1268,San Marcos,Spain,Hispania Tarraconensis,Ciudad Real,38.63107476,-4.4879604,True,True,included_country_exact,"Trimmed, case-insensitive country value equals Spain."
961,1269,San Miguel (Huelva),Spain,Hispania Baetica,Huelva,37.76090411,-6.75047215,True,True,included_country_exact,"Trimmed, case-insensitive country value equals Spain."
962,1270,San Miguel (Sevilla),Spain,Hispania Baetica,Sevilla,37.88889274,-5.999327232,True,True,included_country_exact,"Trimmed, case-insensitive country value equals Spain."
963,1271,San Pedro de las Montañas I,Spain,Hispania Tarraconensis,Oviedo,43.1619,-6.658458,True,True,included_country_exact,"Trimmed, case-insensitive country value equals Spain."
964,1272,San Pedro de las Montañas II,Spain,Hispania Tarraconensis,Oviedo,43.155428,-6.655847,True,True,included_country_exact,"Trimmed, case-insensitive country value equals Spain."
965,1273,San Pedro de las Montañas III,Spain,Hispania Tarraconensis,Oviedo,43.150385,-6.660487,True,True,included_country_exact,"Trimmed, case-insensitive country value equals Spain."
966,1274,San Platón,Spain,Hispania Baetica,Huelva,37.7656253,-6.67569792,True,True,included_country_exact,"Trimmed, case-insensitive country value equals Spain."
967,1275,San Quintín,Spain,Hispania Tarraconensis,Ciudad Real,38.81444168,-4.28952914,True,True,included_country_exact,"Trimmed, case-insensitive country value equals Spain."
968,1276,San Rafael,Spain,Hispania Baetica,Badajoz,38.23007674,-5.59670435,True,True,included_country_exact,"Trimmed, case-insensitive country value equals Spain."
969,1277,San Roque,Spain,Hispania Tarraconensis,Jaén,38.14071256,-3.65426655,True,True,included_country_exact,"Trimmed, case-insensitive country value equals Spain."
970,1278,San Salvador de Padreiro,Spain,Hispania Tarraconensis,La Coruña,43.08236207,-8.81366366,True,True,included_country_exact,"Trimmed, case-insensitive country value equals Spain."
971,1279,San Serafín,Spain,Hispania Tarraconensis,Ciudad Real,38.47973262,-4.4678804,True,True,included_country_exact,"Trimmed, case-insensitive country value equals Spain."
972,1280,San Telmo,Spain,Hispania Baetica,Huelva,37.79711712,-6.96913343,True,True,included_country_exact,"Trimmed, case-insensitive country value equals Spain."
973,1281,As Borreas de Caldesiños / San Xé,Spain,Hispania Tarraconensis,Orense,42.15007978,-7.117759406,True,True,included_country_exact,"Trimmed, case-insensitive country value equals Spain."
974,1282,Sanfitorio,Spain,Hispania Tarraconensis,Orense,42.40592937,-7.306153169,True,True,included_country_exact,"Trimmed, case-insensitive country value equals Spain."
975,1283,Santa Bárbara,Spain,Hispania Baetica,Córdoba,38.36202602,-5.52470447,True,True,included_country_exact,"Trimmed, case-insensitive country value equals Spain."
976,1284,Santa Eufemia,Spain,Hispania Baetica,Córdoba,38.63618847,-4.92371766,True,True,included_country_exact,"Trimmed, case-insensitive country value equals Spain."
977,1285,Santa María,Spain,Hispania Baetica,Badajoz,38.25275026,-5.69337669,True,True,included_country_exact,"Trimmed, case-insensitive country value equals Spain."
978,1286,Santa Quitería: Colón,Spain,Hispania Tarraconensis,Toledo,39.46444104,-4.969944988,True,True,included_country_exact,"Trimmed, case-insensitive country value equals Spain."
979,1287,Santa Quitería: Postuero,Spain,Hispania Tarraconensis,Toledo,39.44798919,-4.989413337,True,True,included_country_exact,"Trimmed, case-insensitive country value equals Spain."
980,1289,Santiago Cerredo,Spain,Hispania Tarraconensis,Oviedo,43.33530236,-6.573495024,True,True,included_country_exact,"Trimmed, case-insensitive country value equals Spain."
981,1290,Santo Cristo,Spain,Hispania Baetica,Badajoz,38.65859293,-5.79243915,True,True,included_country_exact,"Trimmed, case-insensitive country value equals Spain."
982,1292,Sarreaus,Spain,Hispania Tarraconensis,Orense,42.261214,-7.601567,True,True,included_country_exact,"Trimmed, case-insensitive country value equals Spain."
983,1293,Segunda Pepe,Spain,Hispania Baetica,Badajoz,38.21283336,-5.65566584,True,True,included_country_exact,"Trimmed, case-insensitive country value equals Spain."
984,1294,Segunderalejo,Spain,Hispania Baetica,Huelva,37.58143387,-6.68380114,True,True,included_country_exact,"Trimmed, case-insensitive country value equals Spain."
985,1295,Serandinas,Spain,Hispania Tarraconensis,Oviedo,43.44273877,-6.745011606,True,True,included_country_exact,"Trimmed, case-insensitive country value equals Spain."
986,1296,Sésamo / Las Tierras Rubias,Spain,Hispania Tarraconensis,León,42.753376,-6.685831,True,True,included_country_exact,"Trimmed, case-insensitive country value equals Spain."
987,1297,Sierra Almagrera,Spain,Hispania Baetica,Almería,37.284267,-1.760024,True,True,included_country_exact,"Trimmed, case-insensitive country value equals Spain."
988,1298,Antoñana I / Sierra de Begega,Spain,Hispania Tarraconensis,Oviedo,43.326523,-6.266114,True,True,included_country_exact,"Trimmed, case-insensitive country value equals Spain."
989,1299,Sierra de Cartagena,Spain,Hispania Tarraconensis,Murcia,37.6100851,-0.857490443,True,True,included_country_exact,"Trimmed, case-insensitive country value equals Spain."
990,1300,Sierra de Gador,Spain,Hispania Baetica,Almería,36.8985174,-2.87249648,True,True,included_country_exact,"Trimmed, case-insensitive country value equals Spain."
991,1301,Sierra de las Estrellas,Spain,Hispania Baetica,Badajoz,42.48691543,-6.3221468,True,True,included_country_exact,"Trimmed, case-insensitive country value equals Spain."
992,1302,Sierra Jayona,Spain,Hispania Baetica,Badajoz,38.1201223,-5.93614727,True,True,included_country_exact,"Trimmed, case-insensitive country value equals Spain."
993,1303,Sierrecilla,Spain,Hispania Baetica,Huelva,37.67790242,-7.24050428,True,True,included_country_exact,"Trimmed, case-insensitive country value equals Spain."
994,1304,Socorro,Spain,Hispania Tarraconensis,Ciudad Real,38.55722606,-3.76257372,True,True,included_country_exact,"Trimmed, case-insensitive country value equals Spain."
995,1305,Solana Ballesteros,Spain,Hispania Tarraconensis,Ciudad Real,38.70634005,-4.85591187,True,True,included_country_exact,"Trimmed, case-insensitive country value equals Spain."
996,1306,Solana de la Belalcázar,Spain,Hispania Baetica,Córdoba,38.62342098,-5.09131042,True,True,included_country_exact,"Trimmed, case-insensitive country value equals Spain."
997,1307,Solano del Bepo,Spain,Hispania Tarraconensis,Tarragona,41.3386581,0.885404145,True,True,included_country_exact,"Trimmed, case-insensitive country value equals Spain."
998,1308,Solmayor,Spain,Hispania Tarraconensis,Oviedo,43.4239372,-7.114596613,True,True,included_country_exact,"Trimmed, case-insensitive country value equals Spain."
999,1309,Sortijón del Cuzna,Spain,Hispania Baetica,Córdoba,38.24841405,-4.84258713,True,True,included_country_exact,"Trimmed, case-insensitive country value equals Spain."
1000,1310,Sotiel Coronada,Spain,Hispania Baetica,Huelva,37.59924828,-6.85569731,True,True,included_country_exact,"Trimmed, case-insensitive country value equals Spain."
1001,1311,Souto,Spain,Hispania Tarraconensis,Lugo,42.928925,-7.055279,True,True,included_country_exact,"Trimmed, case-insensitive country value equals Spain."
1002,1312,Souto Castillo,Spain,Hispania Tarraconensis,León,42.411092,-6.684136,True,True,included_country_exact,"Trimmed, case-insensitive country value equals Spain."
1003,1313,Sta Bárbara,Spain,Hispania Baetica,Córdoba,37.88711175,-5.1346965,True,True,included_country_exact,"Trimmed, case-insensitive country value equals Spain."
1004,1314,Sucastro,Spain,Hispania Tarraconensis,Lugo,,,False,True,included_country_exact,"Trimmed, case-insensitive country value equals Spain."
1005,1315,Suerte,Spain,Hispania Baetica,Sevilla,37.6918097,-6.150605816,True,True,included_country_exact,"Trimmed, case-insensitive country value equals Spain."
1006,1316,Sultana,Spain,Hispania Baetica,Huelva,37.966594,-6.2820794,True,True,included_country_exact,"Trimmed, case-insensitive country value equals Spain."
1007,1317,Susañe del Sil / Corbón del Sil,Spain,Hispania Tarraconensis,León,42.82646182,-6.50783301,True,True,included_country_exact,"Trimmed, case-insensitive country value equals Spain."
1008,1318,Suspirón,Spain,Hispania Tarraconensis,León,42.767762,-6.177308,True,True,included_country_exact,"Trimmed, case-insensitive country value equals Spain."
1009,1319,Tamarindo,Spain,Hispania Baetica,Badajoz,38.7354855,-5.51841148,True,True,included_country_exact,"Trimmed, case-insensitive country value equals Spain."
1010,1320,Tapia de la Ribera,Spain,Hispania Tarraconensis,León,42.746624,-5.765745,True,True,included_country_exact,"Trimmed, case-insensitive country value equals Spain."
1011,1321,Teixedo,Spain,Hispania Tarraconensis,Oviedo,43.335137,-6.687584,True,True,included_country_exact,"Trimmed, case-insensitive country value equals Spain."
1012,1322,Las Rubias,Spain,Hispania Tarraconensis,León,42.32206444,-6.382352907,True,True,included_country_exact,"Trimmed, case-insensitive country value equals Spain."
1013,1323,Tharsis,Spain,Hispania Baetica,Huelva,37.59532133,-7.11167808,True,True,included_country_exact,"Trimmed, case-insensitive country value equals Spain."
1014,1324,Tinto Santa Rosa,Spain,Hispania Baetica,Huelva,37.63686541,-6.80067763,True,True,included_country_exact,"Trimmed, case-insensitive country value equals Spain."
1015,1325,Tojeirosvellos,Spain,Hispania Tarraconensis,Lugo,43.195529,-7.396401,True,True,included_country_exact,"Trimmed, case-insensitive country value equals Spain."
1016,1326,Toral de los Vados,Spain,Hispania Tarraconensis,León,42.56036946,-6.775940924,True,True,included_country_exact,"Trimmed, case-insensitive country value equals Spain."
1017,1327,Torril de Medioduro,Spain,Hispania Baetica,Córdoba,38.39556253,-4.91145894,True,True,included_country_exact,"Trimmed, case-insensitive country value equals Spain."
1018,1328,Tres Arroyos,Spain,Hispania Baetica,Jaén,39.26142036,-7.09306382,True,True,included_country_exact,"Trimmed, case-insensitive country value equals Spain."
1019,1329,Tres Puentes,Spain,Hispania Baetica,Córdoba,38.00802774,-4.80902784,True,True,included_country_exact,"Trimmed, case-insensitive country value equals Spain."
1020,1330,Trevías,Spain,Hispania Tarraconensis,Oviedo,43.500359,-6.435729,True,True,included_country_exact,"Trimmed, case-insensitive country value equals Spain."
1021,1331,Trinidad,Spain,Hispania Baetica,Huelva,37.4937306,-6.37343315,True,True,included_country_exact,"Trimmed, case-insensitive country value equals Spain."
1022,1332,Triunfo,Spain,Hispania Baetica,Badajoz,38.25936781,-5.72673158,True,True,included_country_exact,"Trimmed, case-insensitive country value equals Spain."
1023,1333,Triunfo - Nueva Estrella,Spain,Hispania Baetica,Badajoz,38.77003716,-5.50088639,True,True,included_country_exact,"Trimmed, case-insensitive country value equals Spain."
1024,1334,Turienzo Castañedo 1 / Las Barreras,Spain,Hispania Tarraconensis,León,42.57688563,-6.428121235,True,True,included_country_exact,"Trimmed, case-insensitive country value equals Spain."
1025,1335,Turienzo Castañedo 2 / Las Torcas,Spain,Hispania Tarraconensis,León,42.57243,-6.424116,True,True,included_country_exact,"Trimmed, case-insensitive country value equals Spain."
1026,1336,Udías,Spain,Hispania Tarraconensis,Santander,43.3592414,-4.219302626,True,True,included_country_exact,"Trimmed, case-insensitive country value equals Spain."
1027,1337,Urbiola,Spain,Hispania Tarraconensis,Navarra,42.62123865,-2.120186574,True,True,included_country_exact,"Trimmed, case-insensitive country value equals Spain."
1028,1338,Uría I,Spain,Hispania Tarraconensis,Oviedo,43.070722,-6.861667,True,True,included_country_exact,"Trimmed, case-insensitive country value equals Spain."
1029,1339,Uría II,Spain,Hispania Tarraconensis,Oviedo,43.07378,-6.857687,True,True,included_country_exact,"Trimmed, case-insensitive country value equals Spain."
1030,1340,Uría III,Spain,Hispania Tarraconensis,Oviedo,43.0719,-6.848868,True,True,included_country_exact,"Trimmed, case-insensitive country value equals Spain."
1031,1341,Uría IV,Spain,Hispania Tarraconensis,Oviedo,43.074788,-6.846314,True,True,included_country_exact,"Trimmed, case-insensitive country value equals Spain."
1032,1342,Valados,Spain,Hispania Tarraconensis,Orense,42.39773248,-7.27895426,True,True,included_country_exact,"Trimmed, case-insensitive country value equals Spain."
1033,1343,Valcavao,Spain,Hispania Tarraconensis,León,42.329438,-6.417238,True,True,included_country_exact,"Trimmed, case-insensitive country value equals Spain."
1034,1344,Valcomesa I,Spain,Hispania Tarraconensis,León,42.421567,-6.647761,True,True,included_country_exact,"Trimmed, case-insensitive country value equals Spain."
1035,1345,Valcomesa II,Spain,Hispania Tarraconensis,León,42.412513,-6.657378,True,True,included_country_exact,"Trimmed, case-insensitive country value equals Spain."
1036,1346,Valcomesa III,Spain,Hispania Tarraconensis,León,42.416699,-6.646839,True,True,included_country_exact,"Trimmed, case-insensitive country value equals Spain."
1037,1347,Valcomesa IV,Spain,Hispania Tarraconensis,León,42.410552,-6.65309,True,True,included_country_exact,"Trimmed, case-insensitive country value equals Spain."
1038,1348,Valcouso I,Spain,Hispania Tarraconensis,León,42.41252,-6.662644,True,True,included_country_exact,"Trimmed, case-insensitive country value equals Spain."
1039,1349,Valcouso II,Spain,Hispania Tarraconensis,León,42.412096,-6.660329,True,True,included_country_exact,"Trimmed, case-insensitive country value equals Spain."
1040,1350,Valdeconejos,Spain,Hispania Tarraconensis,Zamorra,41.72724956,-6.043106115,True,True,included_country_exact,"Trimmed, case-insensitive country value equals Spain."
1041,1351,Valdecucrillos,Spain,Hispania Tarraconensis,León,42.420787,-6.693249,True,True,included_country_exact,"Trimmed, case-insensitive country value equals Spain."
1042,1352,Valdefrola,Spain,Hispania Tarraconensis,León,42.426872,-6.727729,True,True,included_country_exact,"Trimmed, case-insensitive country value equals Spain."
1043,1354,Valdeinfierno,Spain,Hispania Tarraconensis,Ciudad Real,38.79788627,-4.48872135,True,True,included_country_exact,"Trimmed, case-insensitive country value equals Spain."
1044,1355,Valdeinfierno,Spain,Hispania Tarraconensis,Jaén,38.18033163,-3.57829937,True,True,included_country_exact,"Trimmed, case-insensitive country value equals Spain."
1045,1356,Valdelperal,Spain,Hispania Tarraconensis,León,42.411357,-6.410039,True,True,included_country_exact,"Trimmed, case-insensitive country value equals Spain."
1046,1357,Valdesedilla I,Spain,Hispania Tarraconensis,León,42.41182,-6.691573,True,True,included_country_exact,"Trimmed, case-insensitive country value equals Spain."
1047,1358,Valdesedilla II,Spain,Hispania Tarraconensis,León,42.41482,-6.68393,True,True,included_country_exact,"Trimmed, case-insensitive country value equals Spain."
1048,1359,Valdetallín - Alto Morueco - La Gándara,Spain,Hispania Tarraconensis,León,42.625082,-6.263232,True,True,included_country_exact,"Trimmed, case-insensitive country value equals Spain."
1049,1360,Valdevecios I,Spain,Hispania Tarraconensis,León,42.31479,-6.37128,True,True,included_country_exact,"Trimmed, case-insensitive country value equals Spain."
1050,1361,Valdevecios II,Spain,Hispania Tarraconensis,León,42.300943,-6.372105,True,True,included_country_exact,"Trimmed, case-insensitive country value equals Spain."
1051,1362,Valdevila,Spain,Hispania Tarraconensis,Orense,42.41024,-6.880418,True,True,included_country_exact,"Trimmed, case-insensitive country value equals Spain."
1052,1363,Valilongo,Spain,Hispania Tarraconensis,León,42.415773,-6.793456,True,True,included_country_exact,"Trimmed, case-insensitive country value equals Spain."
1053,1364,Vallamuz I,Spain,Hispania Tarraconensis,Lugo,,,False,True,included_country_exact,"Trimmed, case-insensitive country value equals Spain."
1054,1365,Valle Canales,Spain,Hispania Tarraconensis,León,42.723848,-5.935249,True,True,included_country_exact,"Trimmed, case-insensitive country value equals Spain."
1055,1366,La Cruz de Hierro / Valle Cuevo - La Cabuercona,Spain,Hispania Tarraconensis,León,42.469503,-6.373253,True,True,included_country_exact,"Trimmed, case-insensitive country value equals Spain."
1056,1367,Valle de las Forcadas,Spain,Hispania Tarraconensis,León,42.68365,-5.920964,True,True,included_country_exact,"Trimmed, case-insensitive country value equals Spain."
1057,1368,Valle de los Ganados,Spain,Hispania Tarraconensis,Oviedo,43.343283,-6.700014,True,True,included_country_exact,"Trimmed, case-insensitive country value equals Spain."
1058,1369,Valle de Valdeluengo,Spain,Hispania Tarraconensis,León,42.689483,-5.939732,True,True,included_country_exact,"Trimmed, case-insensitive country value equals Spain."
1059,1370,Valle Gordo,Spain,Hispania Tarraconensis,León,42.780307,-5.733243,True,True,included_country_exact,"Trimmed, case-insensitive country value equals Spain."
1060,1371,Valle Rabón / Mina del Couto / Salientes II,Spain,Hispania Tarraconensis,León,42.878973,-6.324726,True,True,included_country_exact,"Trimmed, case-insensitive country value equals Spain."
1061,1373,Vallegordo I,Spain,Hispania Tarraconensis,León,42.783425,-6.131616,True,True,included_country_exact,"Trimmed, case-insensitive country value equals Spain."
1062,1374,Vallegordo II,Spain,Hispania Tarraconensis,León,42.787068,-6.145248,True,True,included_country_exact,"Trimmed, case-insensitive country value equals Spain."
1063,1375,Vallegordo III,Spain,Hispania Tarraconensis,León,42.780269,-6.137186,True,True,included_country_exact,"Trimmed, case-insensitive country value equals Spain."
1064,1376,Vallina de la Hierba,Spain,Hispania Tarraconensis,Oviedo,43.134684,-6.680217,True,True,included_country_exact,"Trimmed, case-insensitive country value equals Spain."
1065,1377,Valquemado,Spain,Hispania Baetica,Jaén,38.22887108,-4.18623123,True,True,included_country_exact,"Trimmed, case-insensitive country value equals Spain."
1066,1378,Valsolomón - La Muria,Spain,Hispania Tarraconensis,León,42.792414,-5.694127,True,True,included_country_exact,"Trimmed, case-insensitive country value equals Spain."
1067,1379,Valvonor - El Valle,Spain,Hispania Tarraconensis,León,42.514959,-6.187362,True,True,included_country_exact,"Trimmed, case-insensitive country value equals Spain."
1068,1380,Vaovellón I,Spain,Hispania Tarraconensis,Oviedo,43.437173,-6.867772,True,True,included_country_exact,"Trimmed, case-insensitive country value equals Spain."
1069,1381,Vaovellón II,Spain,Hispania Tarraconensis,Oviedo,43.42976,-6.868014,True,True,included_country_exact,"Trimmed, case-insensitive country value equals Spain."
1070,1382,Vaovellón III,Spain,Hispania Tarraconensis,Oviedo,43.429956,-6.872681,True,True,included_country_exact,"Trimmed, case-insensitive country value equals Spain."
1071,1383,Vega de Boado,Spain,Hispania Tarraconensis,León,42.529108,-6.857014,True,True,included_country_exact,"Trimmed, case-insensitive country value equals Spain."
1072,1384,Vega de la Mula,Spain,Hispania Tarraconensis,Oviedo,43.140756,-6.662806,True,True,included_country_exact,"Trimmed, case-insensitive country value equals Spain."
1073,1385,Vega de Ouria,Spain,Hispania Tarraconensis,Oviedo,43.440778,-6.882559,True,True,included_country_exact,"Trimmed, case-insensitive country value equals Spain."
1074,1386,Vega Grande Ouria,Spain,Hispania Tarraconensis,Oviedo,43.428684,-6.879883,True,True,included_country_exact,"Trimmed, case-insensitive country value equals Spain."
1075,1388,Vegas del Condado,Spain,Hispania Tarraconensis,León,42.68746016,-5.353686168,True,True,included_country_exact,"Trimmed, case-insensitive country value equals Spain."
1076,1389,Veigadepope,Spain,Hispania Tarraconensis,Oviedo,43.134716,-6.580023,True,True,included_country_exact,"Trimmed, case-insensitive country value equals Spain."
1077,1390,Chamborros (Veneiro - Los Eiros),Spain,Hispania Tarraconensis,León,42.3274,-6.393324,True,True,included_country_exact,"Trimmed, case-insensitive country value equals Spain."
1078,1391,Venta Nueva,Spain,Hispania Tarraconensis,Oviedo,43.056568,-6.61855,True,True,included_country_exact,"Trimmed, case-insensitive country value equals Spain."
1079,1392,Venta Quemada,Spain,Hispania Tarraconensis,Jaén,38.32729724,-3.59065906,True,True,included_country_exact,"Trimmed, case-insensitive country value equals Spain."
1080,1393,Venus,Spain,Hispania Baetica,Badajoz,38.18036786,-5.60335206,True,True,included_country_exact,"Trimmed, case-insensitive country value equals Spain."
1081,1394,Vicaria,Spain,Hispania Baetica,Badajoz,38.01206989,-6.34302469,True,True,included_country_exact,"Trimmed, case-insensitive country value equals Spain."
1082,1395,Vidrosa,Spain,Hispania Tarraconensis,Oviedo,43.493108,-6.803597,True,True,included_country_exact,"Trimmed, case-insensitive country value equals Spain."
1083,1396,Vieiros I,Spain,Hispania Tarraconensis,León,42.572755,-7.079755,True,True,included_country_exact,"Trimmed, case-insensitive country value equals Spain."
1084,1397,Vieiros II,Spain,Hispania Tarraconensis,León,42.572755,-7.079755,True,True,included_country_exact,"Trimmed, case-insensitive country value equals Spain."
1085,1399,Vilarantón,Spain,Hispania Tarraconensis,Lugo,42.967585,-6.984041,True,True,included_country_exact,"Trimmed, case-insensitive country value equals Spain."
1086,1400,Villagutiérrez,Spain,Hispania Tarraconensis,Ciudad Real,38.84343458,-4.42006548,True,True,included_country_exact,"Trimmed, case-insensitive country value equals Spain."
1087,1401,Villaiz,Spain,Hispania Tarraconensis,Lugo,42.908301,-7.081878,True,True,included_country_exact,"Trimmed, case-insensitive country value equals Spain."
1088,1402,Villamejil,Spain,Hispania Tarraconensis,León,42.562331,-6.016481,True,True,included_country_exact,"Trimmed, case-insensitive country value equals Spain."
1089,1403,Villamuz II,Spain,Hispania Tarraconensis,Lugo,,,False,True,included_country_exact,"Trimmed, case-insensitive country value equals Spain."
1090,1404,Villar de Frades,Spain,Hispania Tarraconensis,Lugo,42.88452,-7.145092,True,True,included_country_exact,"Trimmed, case-insensitive country value equals Spain."
1091,1405,Villar del Monte: La Mata,Spain,Hispania Tarraconensis,León,42.23952955,-6.325642464,True,True,included_country_exact,"Trimmed, case-insensitive country value equals Spain."
1092,1406,Villar del Monte: San Justo / La Corona,Spain,Hispania Tarraconensis,León,42.23965186,-6.36081109,True,True,included_country_exact,"Trimmed, case-insensitive country value equals Spain."
1093,1407,Villar del Monte: Truchas / Cogolla,Spain,Hispania Tarraconensis,León,42.255197,-6.43174,True,True,included_country_exact,"Trimmed, case-insensitive country value equals Spain."
1094,1408,Villarcebollín,Spain,Hispania Tarraconensis,Oviedo,43.023638,-6.845831,True,True,included_country_exact,"Trimmed, case-insensitive country value equals Spain."
1095,1409,Villardecás,Spain,Hispania Tarraconensis,Orense,42.245763,-7.588989,True,True,included_country_exact,"Trimmed, case-insensitive country value equals Spain."
1096,1410,Villarino,Spain,Hispania Tarraconensis,León,42.91185895,-6.350256915,True,True,included_country_exact,"Trimmed, case-insensitive country value equals Spain."
1097,1411,Villarubín,Spain,Hispania Tarraconensis,León,42.575839,-7.03065,True,True,included_country_exact,"Trimmed, case-insensitive country value equals Spain."
1098,1412,Villasonte,Spain,Hispania Tarraconensis,Oviedo,43.19056,-6.764656,True,True,included_country_exact,"Trimmed, case-insensitive country value equals Spain."
1099,1413,Villaverde,Spain,Hispania Tarraconensis,Oviedo,43.315988,-6.270986,True,True,included_country_exact,"Trimmed, case-insensitive country value equals Spain."
1100,1414,Villavilleiro I,Spain,Hispania Tarraconensis,Oviedo,43.161779,-6.896421,True,True,included_country_exact,"Trimmed, case-insensitive country value equals Spain."
1101,1415,Villavilleiro II,Spain,Hispania Tarraconensis,Oviedo,43.169452,-6.896323,True,True,included_country_exact,"Trimmed, case-insensitive country value equals Spain."
1102,1416,Vuelta Falsa,Spain,Hispania Baetica,Huelva,37.7009372,-7.43352605,True,True,included_country_exact,"Trimmed, case-insensitive country value equals Spain."
1103,1417,Vulcano (Huelva),Spain,Hispania Baetica,Huelva,37.57990684,-7.11433356,True,True,included_country_exact,"Trimmed, case-insensitive country value equals Spain."
1104,1418,A Xisterna I,Spain,Hispania Tarraconensis,León,42.710794,-6.738149,True,True,included_country_exact,"Trimmed, case-insensitive country value equals Spain."
1105,1420,Zardaín,Spain,Hispania Tarraconensis,Oviedo,43.392984,-6.553396,True,True,included_country_exact,"Trimmed, case-insensitive country value equals Spain."
1106,1421,Siviez,Switzerland,Alpes Cottiae,Valais,46.136611,7.316032,False,False,excluded_country_not_spain,country is not the configured modern-country value Spain.
1107,1422,Gumuldur,Turkey,Asia,,38.076393,27.02204,False,False,excluded_country_not_spain,country is not the configured modern-country value Spain.
1108,1423,Alderley Edge,United Kingdom,Britannia,,53.300979,-2.223634,False,False,excluded_country_not_spain,country is not the configured modern-country value Spain.
1109,1424,Carsington,United Kingdom,Britannia,Derbyshire,53.063824,-1.63007,False,False,excluded_country_not_spain,country is not the configured modern-country value Spain.
1110,1425,Charterhouse on Mendip,United Kingdom,Britannia,,51.297408,-2.711791,False,False,excluded_country_not_spain,country is not the configured modern-country value Spain.
1111,1426,Chewton,United Kingdom,Britannia,,51.2755,-2.577,False,False,excluded_country_not_spain,country is not the configured modern-country value Spain.
1112,1427,Dolaucothi,United Kingdom,Britannia,,52.0446,-3.9498,False,False,excluded_country_not_spain,country is not the configured modern-country value Spain.
1113,1429,Llanymynech,United Kingdom,Britannia,Wales,52.781339,-3.09027,False,False,excluded_country_not_spain,country is not the configured modern-country value Spain.
1114,1430,Draethen / Machen,United Kingdom,Britannia,Wales,51.59885,-3.13475,False,False,excluded_country_not_spain,country is not the configured modern-country value Spain.
1115,1431,Crich,United Kingdom,Britannia,Derbyshire,53.082081,-1.4789452,False,False,excluded_country_not_spain,country is not the configured modern-country value Spain.
1116,1432,Parys Mountain,United Kingdom,Britannia,Wales,53.382222,-4.3525,False,False,excluded_country_not_spain,country is not the configured modern-country value Spain.
1117,1434,Shelve,United Kingdom,Britannia,Shropshire,51.294342,-2.827615,False,False,excluded_country_not_spain,country is not the configured modern-country value Spain.
1118,1436,Wirksworth,United Kingdom,Britannia,Derbyshire,53.08,-1.57,False,False,excluded_country_not_spain,country is not the configured modern-country value Spain.
1119,1437,Munigua,Spain,Hispania Baetica,,37.71323,-5.740789,True,True,included_country_exact,"Trimmed, case-insensitive country value equals Spain."
1120,1438,Salsigne,France,Gallia Narbonensis,,43.340336,2.355294,True,False,excluded_country_not_spain,country is not the configured modern-country value Spain.
1121,1439,Arles-sur-Tech,France,Gallia Narbonensis,,42.455122,2.635402,True,False,excluded_country_not_spain,country is not the configured modern-country value Spain.
1122,1440,Djebel Ressas,Tunisia,Africa Proconsularis,,36.604604,10.330791,False,False,excluded_country_not_spain,country is not the configured modern-country value Spain.
1123,1441,Roşia Montană - Paru Carpeni,Romania,Dacia,Alba  ,46.30215948,23.11391977,False,False,excluded_country_not_spain,country is not the configured modern-country value Spain.
1124,1442,Roşia Montană - Lety-Coş ,Romania,Dacia,Alba  ,46.30921353,23.13601929,False,False,excluded_country_not_spain,country is not the configured modern-country value Spain.
1125,1443,Roşia Montană - Hăbad,Romania,Dacia,Alba  ,46.29373354,23.11335587,False,False,excluded_country_not_spain,country is not the configured modern-country value Spain.
1126,1444,Roşia Montană - Gauri,Romania,Dacia,Alba  ,46.2925,23.115371,False,False,excluded_country_not_spain,country is not the configured modern-country value Spain.
1127,1445,Roşia Montană - Ţarina,Romania,Dacia,Alba  ,46.312349,23.127155,False,False,excluded_country_not_spain,country is not the configured modern-country value Spain.
1128,1446,Roşia Montană - Cârnicel,Romania,Dacia,Alba  ,46.295881,23.126738,False,False,excluded_country_not_spain,country is not the configured modern-country value Spain.
1129,1447,El Corón de San Pedro,Spain,Hispania Tarraconensis,León,42.7182,-6.393549,True,True,included_country_exact,"Trimmed, case-insensitive country value equals Spain."
1130,1449,Morredero,Spain,Hispania Tarraconensis,León,42.407902,-6.514921,True,True,included_country_exact,"Trimmed, case-insensitive country value equals Spain."
1131,1450,Erglodd,United Kingdom,Britannia,Wales,52.494794,-3.982388,False,False,excluded_country_not_spain,country is not the configured modern-country value Spain.
1132,1451,Azinières,France,Gallia Aquitania,Aveyron,44.151482,2.9893489,True,False,excluded_country_not_spain,country is not the configured modern-country value Spain.
1133,1452,Saint-Léger-de-Peyre,France,Gallia Aquitania,Lozère,44.59369,3.30155,True,False,excluded_country_not_spain,country is not the configured modern-country value Spain.
1134,1453,Cocurès,France,Gallia Aquitania,Lozère,44.34798,3.60942,True,False,excluded_country_not_spain,country is not the configured modern-country value Spain.
1135,1454,Génolhac,France,Gallia Aquitania,Gard,44.35053,3.95027,True,False,excluded_country_not_spain,country is not the configured modern-country value Spain.
1136,1455,Bessèges,France,Gallia Aquitania,Gard,44.28947,4.0964,True,False,excluded_country_not_spain,country is not the configured modern-country value Spain.
1137,1456,Laval,France,Gallia Aquitania,Gard,44.20587,4.06599,True,False,excluded_country_not_spain,country is not the configured modern-country value Spain.
1138,1457,Carnoulès,France,Gallia Aquitania,Gard,44.11792,3.99346,True,False,excluded_country_not_spain,country is not the configured modern-country value Spain.
1139,1458,Saint-Jean-du-Gard,France,Gallia Aquitania,Gard,44.10525,3.88514,True,False,excluded_country_not_spain,country is not the configured modern-country value Spain.
1140,1459,Saint-Félix-de-Pallières,France,Gallia Aquitania,Gard,44.02309,3.93138,True,False,excluded_country_not_spain,country is not the configured modern-country value Spain.
1141,1460,Saint-Bresson,France,Gallia Aquitania,Gard,43.95393,3.64533,True,False,excluded_country_not_spain,country is not the configured modern-country value Spain.
1142,1461,Les Martys,France,Gallia Narbonensis,Aude,43.42216,2.31071,True,False,excluded_country_not_spain,country is not the configured modern-country value Spain.
1143,1462,Mornat,France,Gallia Aquitania,Creuse,46.09681,2.09385,False,False,excluded_country_not_spain,country is not the configured modern-country value Spain.
1144,1463,Massiac,France,Gallia Aquitania,Cantal,45.25005,3.19965,False,False,excluded_country_not_spain,country is not the configured modern-country value Spain.
1145,1464,Beaune-sur-Arzon,France,Gallia Aquitania,Haute-Loire,45.27957,3.81601,False,False,excluded_country_not_spain,country is not the configured modern-country value Spain.
1146,1465,Mâcot-la-Plagne,France,Alpes Cottiae,Savoie,45.55329,6.67405,False,False,excluded_country_not_spain,country is not the configured modern-country value Spain.
1147,1466,Barles,France,Alpes Maritimae,Alpes-de-Haute-Provence,44.26325,6.2684,False,False,excluded_country_not_spain,country is not the configured modern-country value Spain.
1148,1467,Le Village de Mariaud,France,Alpes Maritimae,Alpes-de-Haute-Provence,44.19491,6.42703,False,False,excluded_country_not_spain,country is not the configured modern-country value Spain.
1149,1468,Bottino,Italy,Italia,Lucca,43.98969,10.26005,False,False,excluded_country_not_spain,country is not the configured modern-country value Spain.
1150,1469,Zajača,Serbia,Moesia Superior,,44.44883,19.24514,False,False,excluded_country_not_spain,country is not the configured modern-country value Spain.
1151,1470,Srebrenica,"Bosnia and Herzegovina, Republika Srpska",Dalmatia,Eastern Bosnia (Republica Srpska),44.10587,19.29202,False,False,excluded_country_not_spain,country is not the configured modern-country value Spain.
1152,1471,Pobrde,"Bosnia and Herzegovina, Republika Srpska",Dalmatia,Eastern Bosnia (Republica Srpska),44.15223,19.35704,False,False,excluded_country_not_spain,country is not the configured modern-country value Spain.
1153,1472,Sase,"Bosnia and Herzegovina, Republika Srpska",Dalmatia,Eastern Bosnia (Republica Srpska),44.11658,19.36579,False,False,excluded_country_not_spain,country is not the configured modern-country value Spain.
1154,1473,Ratkovići,"Bosnia and Herzegovina, Republika Srpska",Dalmatia,Eastern Bosnia (Republica Srpska),44.08758,19.44524,False,False,excluded_country_not_spain,country is not the configured modern-country value Spain.
1155,1474,Potpeć,"Bosnia and Herzegovina, Republika Srpska",Dalmatia,,43.48238,18.87,False,False,excluded_country_not_spain,country is not the configured modern-country value Spain.
1156,1475,Brskovo,Montenegro,Dalmatia,,42.945,19.62889,False,False,excluded_country_not_spain,country is not the configured modern-country value Spain.
1157,1478,Sočanica,Kosovo,Moesia Superior,,43.06437,21.5302,False,False,excluded_country_not_spain,country is not the configured modern-country value Spain.
1158,1479,Palaiochori,Greece,Macedonia,,40.94657,24.17986,False,False,excluded_country_not_spain,country is not the configured modern-country value Spain.
1159,1480,Balya Maden,Turkey,Asia,,39.72765,27.59645,False,False,excluded_country_not_spain,country is not the configured modern-country value Spain.
1160,1481,Halkavala,Turkey,Galatia et Cappadocia,,41.00562,38.8699,False,False,excluded_country_not_spain,country is not the configured modern-country value Spain.
1161,1482,Akdağmadeni,Turkey,Galatia et Cappadocia,,39.65837,35.85444,False,False,excluded_country_not_spain,country is not the configured modern-country value Spain.
1162,1483,Bulgar Maden,Turkey,Cilicia,,37.44929,34.6155,False,False,excluded_country_not_spain,country is not the configured modern-country value Spain.
1163,1484,Arbus,Italy,Corsica et Sardinia,Sardinia,39.52705,8.59895,False,False,excluded_country_not_spain,country is not the configured modern-country value Spain.
1164,1485,Halkyn Mountain,United Kingdom,Britannia,Wales,53.23917,-3.2075,False,False,excluded_country_not_spain,country is not the configured modern-country value Spain.
1165,1486,Île-des-Eaux,France,Gallia Lugdunensis,,47.39836,-2.13941,False,False,excluded_country_not_spain,country is not the configured modern-country value Spain.
1166,1487,Ghar Roubane,Algeria,Mauretania Caesariensis,,34.60223,-1.77833,False,False,excluded_country_not_spain,country is not the configured modern-country value Spain.
1167,1488,Tazout,Algeria,Mauretania Caesariensis,,35.81468,-0.45706,True,False,excluded_country_not_spain,country is not the configured modern-country value Spain.
1168,1489,El Barnous,Algeria,Numidia,,36.33523,7.638,False,False,excluded_country_not_spain,country is not the configured modern-country value Spain.
1169,1490,Fritissa (nearby),Tunisia,Africa Proconsularis,,36.90422,9.65441,False,False,excluded_country_not_spain,country is not the configured modern-country value Spain.
1170,1491,unnamed,Egypt,Aegyptus,Eastern Desert,25.17463,34.78312,False,False,excluded_country_not_spain,country is not the configured modern-country value Spain.
1171,1492,Budinarci,Macedonia,Macedonia,,41.78303,22.78388,False,False,excluded_country_not_spain,country is not the configured modern-country value Spain.
1172,1493,Iskrets,Bulgaria,Moesia Superior,,42.98706,23.25017,False,False,excluded_country_not_spain,country is not the configured modern-country value Spain.
1173,1494,Trepča,Kosovo,Moesia Superior,,42.93282,20.85088,False,False,excluded_country_not_spain,country is not the configured modern-country value Spain.
1174,1495,Železnik potok,Serbia,Moesia Superior,,44.45077,21.85219,False,False,excluded_country_not_spain,country is not the configured modern-country value Spain.
1175,1496,Topla,Serbia,Moesia Superior,,44.13744,22.18161,False,False,excluded_country_not_spain,country is not the configured modern-country value Spain.
1176,1497,Lula,Italy,Corsica et Sardinia,Sardinia,40.47001,9.48586,False,False,excluded_country_not_spain,country is not the configured modern-country value Spain.
1177,1498,Grugua,Italy,Corsica et Sardinia,Sardinia,39.38336,8.45744,False,False,excluded_country_not_spain,country is not the configured modern-country value Spain.
1178,1499,Villacidro,Italy,Corsica et Sardinia,Sardinia,39.45873,8.73861,False,False,excluded_country_not_spain,country is not the configured modern-country value Spain.
1179,1500,Collobrières,France,Gallia Narbonensis,Var,43.23728,6.3092,False,False,excluded_country_not_spain,country is not the configured modern-country value Spain.
1180,1501,Saint-Sauveur-des-Pourcils,France,Gallia Aquitania,Gard,44.11501,3.44625,True,False,excluded_country_not_spain,country is not the configured modern-country value Spain.
1181,1502,Flaviac,France,Gallia Narbonensis,Ardèche,44.74724,4.676,False,False,excluded_country_not_spain,country is not the configured modern-country value Spain.
1182,1503,Mas Dieu,France,Gallia Narbonensis,Gard,44.20056,4.07808,True,False,excluded_country_not_spain,country is not the configured modern-country value Spain.
1183,1504,Ruiseñada,Spain,Hispania Tarraconensis,,43.3639,-4.29054,True,True,included_country_exact,"Trimmed, case-insensitive country value equals Spain."
1184,1505,Besné,France,Gallia Lugdunensis,Loire-Atlantique,47.38782,-2.09102,False,False,excluded_country_not_spain,country is not the configured modern-country value Spain.
1185,1506,"Le Bois de la Tourette, Blond",France,Gallia Aquitania,Haute-Vienne,46.06122,1.02106,False,False,excluded_country_not_spain,country is not the configured modern-country value Spain.
1186,1507,Forgeas,France,Gallia Aquitania,Creuse,46.04472,1.67113,False,False,excluded_country_not_spain,country is not the configured modern-country value Spain.
1187,1508,Jumilhac-le-Grand,France,Gallia Aquitania,Dordogne,45.49283,1.06072,False,False,excluded_country_not_spain,country is not the configured modern-country value Spain.
1188,1509,Saint-Yrieix-la-Perche,France,Gallia Aquitania,Dordogne,45.51629,1.2061,False,False,excluded_country_not_spain,country is not the configured modern-country value Spain.
1189,1510,Fouillouse,France,Gallia Narbonensis,Hautes-Alpes,44.45795,6.00313,False,False,excluded_country_not_spain,country is not the configured modern-country value Spain.
1190,1511,Villard-Notre-Dame,France,Gallia Narbonensis,Isère,45.01908,6.04311,False,False,excluded_country_not_spain,country is not the configured modern-country value Spain.
1191,1512,Auris,France,Gallia Narbonensis,Isère,45.04846,6.08827,False,False,excluded_country_not_spain,country is not the configured modern-country value Spain.
1192,1513,Le Freney,France,Gallia Narbonensis,Isère,45.0442,6.12479,False,False,excluded_country_not_spain,country is not the configured modern-country value Spain.
1193,1514,Kals am Großglockner,Austria,Noricum,,47.00106,12.64449,False,False,excluded_country_not_spain,country is not the configured modern-country value Spain.
1194,1515,Gorno Kobile,Bulgaria,Moesia Superior,,42.56582,22.5191,False,False,excluded_country_not_spain,country is not the configured modern-country value Spain.
1195,1516,Dolno Kobile,Bulgaria,Moesia Superior,,42.54869,22.53566,False,False,excluded_country_not_spain,country is not the configured modern-country value Spain.
1196,1517,Gorublyane,Bulgaria,Moesia Inferior,,42.63333,23.40928,False,False,excluded_country_not_spain,country is not the configured modern-country value Spain.
1197,1518,Bistritsa,Bulgaria,Moesia Inferior,,42.5841,23.3596,False,False,excluded_country_not_spain,country is not the configured modern-country value Spain.
1198,1519,Pancharevo,Bulgaria,Moesia Inferior,,42.60285,23.3854,False,False,excluded_country_not_spain,country is not the configured modern-country value Spain.
1199,1520,German,Bulgaria,Moesia Inferior,,42.60975,23.41106,False,False,excluded_country_not_spain,country is not the configured modern-country value Spain.
1200,1521,Inikler,Bulgaria,Moesia Inferior,,41.711151,25.402973,False,False,excluded_country_not_spain,country is not the configured modern-country value Spain.
1201,1522,Kantanos,Greece,Creta et Cyrene,Crete,35.32694,23.74068,False,False,excluded_country_not_spain,country is not the configured modern-country value Spain.
1202,1528,Wadi Umm Dhaya,Egypt,Aegyptus,Eastern Desert,28.0977,32.93564,False,False,excluded_country_not_spain,country is not the configured modern-country value Spain.
1203,1530,Wadi Qalt el-Naga,Egypt,Aegyptus,Eastern Desert,26.81883,33.1183,False,False,excluded_country_not_spain,country is not the configured modern-country value Spain.
1204,1531,Abu Gerida,Egypt,Aegyptus,Eastern Desert,26.35825,33.28867,False,False,excluded_country_not_spain,country is not the configured modern-country value Spain.
1205,1532,Bir Sirbakis,Egypt,Aegyptus,Eastern Desert,26.38911,33.45824,False,False,excluded_country_not_spain,country is not the configured modern-country value Spain.
1206,1533,Wadi Markh,Egypt,Aegyptus,Eastern Desert,26.43629,33.51039,False,False,excluded_country_not_spain,country is not the configured modern-country value Spain.
1207,1534,Bukhalug,Egypt,Aegyptus,Eastern Desert,26.39979,33.50741,False,False,excluded_country_not_spain,country is not the configured modern-country value Spain.
1208,1535,Eridiya,Egypt,Aegyptus,Eastern Desert,26.34292,33.50294,False,False,excluded_country_not_spain,country is not the configured modern-country value Spain.
1209,1536,Abu Garahish,Egypt,Aegyptus,Eastern Desert,26.36974,33.64821,False,False,excluded_country_not_spain,country is not the configured modern-country value Spain.
1210,1537,Umm Esh,Egypt,Aegyptus,Eastern Desert,26.19194,33.5459,False,False,excluded_country_not_spain,country is not the configured modern-country value Spain.
1211,1538,Fawakhir,Egypt,Aegyptus,Eastern Desert,26.00984,33.60846,False,False,excluded_country_not_spain,country is not the configured modern-country value Spain.
1212,1539,Malge,Egypt,Aegyptus,Eastern Desert,25.91358,33.99392,False,False,excluded_country_not_spain,country is not the configured modern-country value Spain.
1213,1541,Bakare,Egypt,Aegyptus,Eastern Desert,25.25285,34.25977,False,False,excluded_country_not_spain,country is not the configured modern-country value Spain.
1214,1542,Umm Rus,Egypt,Aegyptus,Eastern Desert,25.5022,34.57736,False,False,excluded_country_not_spain,country is not the configured modern-country value Spain.
1215,1543,untitled,Egypt,Aegyptus,Eastern Desert,25.47305,34.58035,False,False,excluded_country_not_spain,country is not the configured modern-country value Spain.
1216,1544,Umm Howeitat,Egypt,Aegyptus,Eastern Desert,25.4459,34.56964,False,False,excluded_country_not_spain,country is not the configured modern-country value Spain.
1217,1545,Wadi Dabab,Egypt,Aegyptus,Eastern Desert,25.32571,34.557,False,False,excluded_country_not_spain,country is not the configured modern-country value Spain.
1218,1546,Wadi Nabiyah,Egypt,Aegyptus,Eastern Desert,25.23641,34.56566,False,False,excluded_country_not_spain,country is not the configured modern-country value Spain.
1219,1547,Attut,Egypt,Aegyptus,Eastern Desert,25.0202,34.40187,False,False,excluded_country_not_spain,country is not the configured modern-country value Spain.
1220,1548,Abu Greiya,Egypt,Aegyptus,Eastern Desert,25.0314,34.70004,False,False,excluded_country_not_spain,country is not the configured modern-country value Spain.
1221,1550,Wadi el-Amboot,Egypt,Aegyptus,Eastern Desert,24.92903,34.83331,False,False,excluded_country_not_spain,country is not the configured modern-country value Spain.
1222,1551,Hangaliya,Egypt,Aegyptus,Eastern Desert,24.83633,34.5958,False,False,excluded_country_not_spain,country is not the configured modern-country value Spain.
1223,1552,Barramiya,Egypt,Aegyptus,Eastern Desert,25.06928,33.79289,False,False,excluded_country_not_spain,country is not the configured modern-country value Spain.
1224,1554,Samut 1,Egypt,Aegyptus,Eastern Desert,24.84059,33.91442,False,False,excluded_country_not_spain,country is not the configured modern-country value Spain.
1225,1555,Sibrit,Egypt,Aegyptus,Eastern Desert,24.71371,33.9704,False,False,excluded_country_not_spain,country is not the configured modern-country value Spain.
1226,1556,Hamesh,Egypt,Aegyptus,Eastern Desert,24.676,34.09538,False,False,excluded_country_not_spain,country is not the configured modern-country value Spain.
1227,1558,untitled,Egypt,Aegyptus,Eastern Desert,25.43544,33.71113,False,False,excluded_country_not_spain,country is not the configured modern-country value Spain.
1228,1559,Um Garriat,Egypt,Aegyptus,Eastern Desert,22.51105,33.53845,False,False,excluded_country_not_spain,country is not the configured modern-country value Spain.
1229,1560,Abu Fas,Egypt,Aegyptus,Eastern Desert,22.09553,33.99051,False,False,excluded_country_not_spain,country is not the configured modern-country value Spain.
1230,1561,Great Orme,United Kingdom,Britannia,Wales,53.33049,-3.84729,False,False,excluded_country_not_spain,country is not the configured modern-country value Spain.
1231,1562,Linley / Norbury,United Kingdom,Britannia,Shropshire,52.5302,-2.94338,False,False,excluded_country_not_spain,country is not the configured modern-country value Spain.
1232,1563,Ffridd,United Kingdom,Britannia,Shropshire,53.07813,-3.090375,False,False,excluded_country_not_spain,country is not the configured modern-country value Spain.
1233,1603,Broadfield,United Kingdom,Britannia,West Sussex,51.09148,-0.20218,False,False,excluded_country_not_spain,country is not the configured modern-country value Spain.
1234,1604,Kingscote,United Kingdom,Britannia,West Sussex,51.09795,-0.04482,False,False,excluded_country_not_spain,country is not the configured modern-country value Spain.
1235,1605,Hollybush Wood,United Kingdom,Britannia,West Sussex,51.09747,-0.0162,False,False,excluded_country_not_spain,country is not the configured modern-country value Spain.
1236,1606,Whalesbeech,United Kingdom,Britannia,East Sussex,51.08848,-0.01666,False,False,excluded_country_not_spain,country is not the configured modern-country value Spain.
1237,1607,Oldlands,United Kingdom,Britannia,East Sussex,51.0146,0.09424,False,False,excluded_country_not_spain,country is not the configured modern-country value Spain.
1238,1608,Castle Hill,United Kingdom,Britannia,East Sussex,51.03047,0.20906,False,False,excluded_country_not_spain,country is not the configured modern-country value Spain.
1239,1609,Minepit Wood,United Kingdom,Britannia,East Sussex,50.98554,0.20692,False,False,excluded_country_not_spain,country is not the configured modern-country value Spain.
1240,1610,Peterstow,United Kingdom,Britannia,Gloucestershire,51.9146,-2.63819,False,False,excluded_country_not_spain,country is not the configured modern-country value Spain.
1241,1612,Whitchurch,United Kingdom,Britannia,Gloucestershire,51.84969,-2.66921,False,False,excluded_country_not_spain,country is not the configured modern-country value Spain.
1242,1613,Blakes Wood,United Kingdom,Britannia,Gloucestershire,51.80385,-2.6435,False,False,excluded_country_not_spain,country is not the configured modern-country value Spain.
1243,1614,Sling,United Kingdom,Britannia,Gloucestershire,51.76958,-2.61203,False,False,excluded_country_not_spain,country is not the configured modern-country value Spain.
1244,1615,Lydney,United Kingdom,Britannia,Gloucestershire,51.72147,-2.55744,False,False,excluded_country_not_spain,country is not the configured modern-country value Spain.
1245,1616,Crvena Zemlja,Bosnia and Herzegovina,Dalmatia,Central Bosnia,43.97493631,17.69408456,False,False,excluded_country_not_spain,country is not the configured modern-country value Spain.
1246,1618,Devetak,Bosnia and Herzegovina,Dalmatia,Central Bosnia,43.95057417,17.70472754,False,False,excluded_country_not_spain,country is not the configured modern-country value Spain.
1247,1619,Zlatno Guvno,Bosnia and Herzegovina,Dalmatia,Central Bosnia,43.95111061,17.65548337,False,False,excluded_country_not_spain,country is not the configured modern-country value Spain.
1248,1620,Bistrica / Batusa,Bosnia and Herzegovina,Dalmatia,Central Bosnia,43.948818,17.576501,False,False,excluded_country_not_spain,country is not the configured modern-country value Spain.
1249,1622,Carnanton,United Kingdom,Britannia,Cornwall,50.451122,-4.980637,False,False,excluded_country_not_spain,country is not the configured modern-country value Spain.
1250,1623,Carnon,United Kingdom,Britannia,Cornwall,50.222931,-5.1065938,False,False,excluded_country_not_spain,country is not the configured modern-country value Spain.
1251,1624,Treloy,United Kingdom,Britannia,Cornwall,50.423091,-5.0211172,False,False,excluded_country_not_spain,country is not the configured modern-country value Spain.
1252,1625,Boscarne,United Kingdom,Britannia,Cornwall,50.474305,-4.7706634,False,False,excluded_country_not_spain,country is not the configured modern-country value Spain.
1253,1626,Draethen Roman Mine,United Kingdom,Britannia,Glamorgan,51.582702,-3.1310271,False,False,excluded_country_not_spain,country is not the configured modern-country value Spain.
1254,1627,Navelgas Sur,Spain,Hispania Tarraconensis,Oviedo,43.401996,-6.547813,True,True,included_country_exact,"Trimmed, case-insensitive country value equals Spain."
1255,1628,Arroyo de Bouza,Spain,Hispania Tarraconensis,León,42.56528,-6.150903,True,True,included_country_exact,"Trimmed, case-insensitive country value equals Spain."
1256,1631,Três Minas - Corta de Ribeirinha,Portugal,Hispania Tarraconensis,Vila Real,41.49378078,-7.518805876,True,False,excluded_country_not_spain,country is not the configured modern-country value Spain.
1257,1632,Três Minas - Lagoinhos,Portugal,Hispania Tarraconensis,Vila Real,41.49318,-7.514978,True,False,excluded_country_not_spain,country is not the configured modern-country value Spain.
1258,1633,Gralheira,Portugal,Hispania Tarraconensis,Vila Real,41.468756,-7.575301,True,False,excluded_country_not_spain,country is not the configured modern-country value Spain.
1259,1634,Forno dos Mouros,Portugal,Hispania Tarraconensis,Vila Real,41.471817,-7.56867,True,False,excluded_country_not_spain,country is not the configured modern-country value Spain.
1260,1635,Los Corralones,Spain,Hispania Tarraconensis,León,42.10977,-6.377308,True,True,included_country_exact,"Trimmed, case-insensitive country value equals Spain."
1261,1636,Portillo de Xandequín,Spain,Hispania Tarraconensis,León,42.30098,-6.338022,True,True,included_country_exact,"Trimmed, case-insensitive country value equals Spain."
1262,1637,Peña Canales,Spain,Hispania Tarraconensis,León,42.302075,-6.35066,True,True,included_country_exact,"Trimmed, case-insensitive country value equals Spain."
1263,1638,Arroyo de Xandellamas,Spain,Hispania Tarraconensis,León,42.305767,-6.343668,True,True,included_country_exact,"Trimmed, case-insensitive country value equals Spain."
1264,1639,Pico de Valteleno,Spain,Hispania Tarraconensis,León,42.297216,-6.334933,True,True,included_country_exact,"Trimmed, case-insensitive country value equals Spain."
1265,1640,Leganua,France,Gallia Aquitania,Pyrénées-Atlantiques,43.374482,-1.464882,True,False,excluded_country_not_spain,country is not the configured modern-country value Spain.
1266,1641,Apertechekoborda,France,Gallia Aquitania,Pyrénées-Atlantiques,43.36459,-1.464054,True,False,excluded_country_not_spain,country is not the configured modern-country value Spain.
1267,1642,Urlua,France,Gallia Aquitania,Pyrénées-Atlantiques,43.371445,-1.472258,True,False,excluded_country_not_spain,country is not the configured modern-country value Spain.
1268,1643,Thealby Mine,United Kingdom,Britannia,Humberside,53.650768,-0.63984145,False,False,excluded_country_not_spain,country is not the configured modern-country value Spain.
1269,1644,Woolsthorpe,United Kingdom,Britannia,Lincolnshire,52.805716,-0.63668938,False,False,excluded_country_not_spain,country is not the configured modern-country value Spain.
1270,1645,Black Piece,United Kingdom,Britannia,Leicestershire,52.723781,-0.55040234,False,False,excluded_country_not_spain,country is not the configured modern-country value Spain.
1271,1646,Monmouth,United Kingdom,Britannia,Gwent ,51.804481,-2.7120545,False,False,excluded_country_not_spain,country is not the configured modern-country value Spain.
1272,1647,Scowles,United Kingdom,Britannia,Gloucestershire,51.769014,-2.6245449,False,False,excluded_country_not_spain,country is not the configured modern-country value Spain.
1273,1648,Wakerley,United Kingdom,Britannia,Northamptonshire,52.57171,-0.61444611,False,False,excluded_country_not_spain,country is not the configured modern-country value Spain.
1274,1649,Clatworthy,United Kingdom,Britannia,Somerset,51.061116,-3.3855483,False,False,excluded_country_not_spain,country is not the configured modern-country value Spain.
1275,1650,Ashwicken,United Kingdom,Britannia,Norfolk,52.724557,0.48623273,False,False,excluded_country_not_spain,country is not the configured modern-country value Spain.
1276,1651,Pippingford Park,United Kingdom,Britannia,East Sussex,51.060288,0.053490246,False,False,excluded_country_not_spain,country is not the configured modern-country value Spain.
1277,1652,Hammerwood,United Kingdom,Britannia,East Sussex,51.123192,0.056278749,False,False,excluded_country_not_spain,country is not the configured modern-country value Spain.
1278,1653,Bardown,United Kingdom,Britannia,East Sussex,51.036386,0.36624437,False,False,excluded_country_not_spain,country is not the configured modern-country value Spain.
1279,1654,Holbeanwood,United Kingdom,Britannia,East Sussex,51.04537,0.36670228,False,False,excluded_country_not_spain,country is not the configured modern-country value Spain.
1280,1655,Pepperingeye,United Kingdom,Britannia,East Sussex,50.890279,0.47258954,False,False,excluded_country_not_spain,country is not the configured modern-country value Spain.
1281,1656,Byne's Farm,United Kingdom,Britannia,East Sussex,50.863025,0.48535874,False,False,excluded_country_not_spain,country is not the configured modern-country value Spain.
1282,1657,Fore Wood,United Kingdom,Britannia,East Sussex,50.889977,0.48679343,False,False,excluded_country_not_spain,country is not the configured modern-country value Spain.
1283,1658,Petley Wood,United Kingdom,Britannia,East Sussex,50.925608,0.50292435,False,False,excluded_country_not_spain,country is not the configured modern-country value Spain.
1284,1659,Park Farm,United Kingdom,Britannia,East Sussex,50.880384,0.51471655,False,False,excluded_country_not_spain,country is not the configured modern-country value Spain.
1285,1660,Footlands,United Kingdom,Britannia,East Sussex,50.952254,0.51859492,False,False,excluded_country_not_spain,country is not the configured modern-country value Spain.
1286,1661,Beauport Park,United Kingdom,Britannia,East Sussex,50.898045,0.52989053,False,False,excluded_country_not_spain,country is not the configured modern-country value Spain.
1287,1662,Oaklands,United Kingdom,Britannia,East Sussex,50.924995,0.53135274,False,False,excluded_country_not_spain,country is not the configured modern-country value Spain.
1288,1663,Chitcombe,United Kingdom,Britannia,East Sussex,50.959996,0.57597937,False,False,excluded_country_not_spain,country is not the configured modern-country value Spain.
1289,1664,Burnthouse Wood,United Kingdom,Britannia,East Sussex,50.950063,0.61814552,False,False,excluded_country_not_spain,country is not the configured modern-country value Spain.
1290,1665,Brenley Corner,United Kingdom,Britannia,Kent,51.293575,0.92454914,False,False,excluded_country_not_spain,country is not the configured modern-country value Spain.
1291,1666,Priddy,United Kingdom,Britannia,Somerset,51.247306,-2.6604311,False,False,excluded_country_not_spain,country is not the configured modern-country value Spain.
1292,1667,Ouenza,Algeria,Numidia,,35.953035,8.109118,False,False,excluded_country_not_spain,country is not the configured modern-country value Spain.
1293,1668,Sizma,Turkey,Asia Minor,,38.089966,32.403916,False,False,excluded_country_not_spain,country is not the configured modern-country value Spain.
1294,1671,Goppenstein,Switzerland,Alpes Cottiae,Valais,46.37677875,7.762077927,False,False,excluded_country_not_spain,country is not the configured modern-country value Spain.
1295,1672,Ambialet,France,Gallia Narbonensis,Tarn,43.935848,2.376741,True,False,excluded_country_not_spain,country is not the configured modern-country value Spain.
1296,1673,Furzehill,United Kingdom,Britannia,Devon,50.502857,-4.093482,False,False,excluded_country_not_spain,country is not the configured modern-country value Spain.
1297,1675,Baru - Dealul Negru,Romania,Dacia,Hunedoara  ,45.48126,23.13534,False,False,excluded_country_not_spain,country is not the configured modern-country value Spain.
1298,1676,Brădişoru de Jos - Maidan,Romania,Dacia,Caraş-Severin  ,45.0813,21.7195,False,False,excluded_country_not_spain,country is not the configured modern-country value Spain.
1299,1677,Creaca,Romania,Dacia,Sălaj  ,47.19544,23.23532,False,False,excluded_country_not_spain,country is not the configured modern-country value Spain.
1300,1678,Criciova,Romania,Dacia,Timiş  ,45.63176,22.06576,False,False,excluded_country_not_spain,country is not the configured modern-country value Spain.
1301,1679,Dubova - Mina Eibenthal,Romania,Dacia,Mehedinţi  ,44.62089,22.25764,False,False,excluded_country_not_spain,country is not the configured modern-country value Spain.
1302,1680,Dubova - Tisoviţa,Romania,Dacia,Mehedinţi  ,44.62089,22.25764,False,False,excluded_country_not_spain,country is not the configured modern-country value Spain.
1303,1681,Dumbrava ,Romania,Dacia,Hunedoara  ,45.80308,22.78475,False,False,excluded_country_not_spain,country is not the configured modern-country value Spain.
1304,1682,Fizeş,Romania,Dacia,Hunedoara  ,45.99707,22.8806,False,False,excluded_country_not_spain,country is not the configured modern-country value Spain.
1305,1683,Fizeş,Romania,Dacia,Hunedoara  ,45.99707,22.8806,False,False,excluded_country_not_spain,country is not the configured modern-country value Spain.
1306,1684,"Ghelari, com. Ghelari  ",Romania,Dacia,Hunedoara  ,45.70972,22.78975,False,False,excluded_country_not_spain,country is not the configured modern-country value Spain.
1307,1685,Hărţăgani- Măgura Băii,Romania,Dacia,Hunedoara  ,46.06789,22.90538,False,False,excluded_country_not_spain,country is not the configured modern-country value Spain.
1308,1686,Hărţăgani- Măgura Băii,Romania,Dacia,Hunedoara  ,46.0672,22.90588,False,False,excluded_country_not_spain,country is not the configured modern-country value Spain.
1309,1687,Hărţăgani- Măgura Băii,Romania,Dacia,Hunedoara  ,46.06725,22.9039,False,False,excluded_country_not_spain,country is not the configured modern-country value Spain.
1310,1688,Hărţăgani,Romania,Dacia,Hunedoara  ,46.06744,22.90373,False,False,excluded_country_not_spain,country is not the configured modern-country value Spain.
1311,1689,Hărţăgani- Măgura Băii,Romania,Dacia,Hunedoara  ,46.06838,22.90354,False,False,excluded_country_not_spain,country is not the configured modern-country value Spain.
1312,1690,Hondol,Romania,Dacia,Hunedoara  ,45.98669,22.9895,False,False,excluded_country_not_spain,country is not the configured modern-country value Spain.
1313,1691,Hondol,Romania,Dacia,Hunedoara  ,45.98669,22.9895,False,False,excluded_country_not_spain,country is not the configured modern-country value Spain.
1314,1692,Imper,Romania,Dacia,Harghita  ,46.20978,26.10807,False,False,excluded_country_not_spain,country is not the configured modern-country value Spain.
1315,1693,Iscroni,Romania,Dacia,Hunedoara  ,45.37643,23.34104,False,False,excluded_country_not_spain,country is not the configured modern-country value Spain.
1316,1694,Lupeni,Romania,Dacia,Hunedoara  ,45.35246,23.21079,False,False,excluded_country_not_spain,country is not the configured modern-country value Spain.
1317,1695,Lupşa,Romania,Dacia,Alba  ,46.369096,23.206326,False,False,excluded_country_not_spain,country is not the configured modern-country value Spain.
1318,1696,Măgura-Topliţa,Romania,Dacia,Hunedoara  ,45.97968,22.93684,False,False,excluded_country_not_spain,country is not the configured modern-country value Spain.
1319,1697,Maidan,Romania,Dacia,Caraş-Severin  ,,,False,False,excluded_country_not_spain,country is not the configured modern-country value Spain.
1320,1698,Mănerău,Romania,Dacia,Hunedoara  ,45.78837,22.88347,False,False,excluded_country_not_spain,country is not the configured modern-country value Spain.
1321,1699,Marga,Romania,Dacia,Caraş-Severin  ,45.50444,22.51706,False,False,excluded_country_not_spain,country is not the configured modern-country value Spain.
1322,1700,Mesteacăn (com. Municipiul Brad),Romania,Dacia,Hunedoara  ,46.15224,22.76524,False,False,excluded_country_not_spain,country is not the configured modern-country value Spain.
1323,1701,Mesteacăn (com. Răchitova),Romania,Dacia,Hunedoara  ,45.63403,22.73696,False,False,excluded_country_not_spain,country is not the configured modern-country value Spain.
1324,1702,Altân Tepe,Romania,Dacia,Tulcea  ,44.78916,28.56422,False,False,excluded_country_not_spain,country is not the configured modern-country value Spain.
1325,1703,Moldova Nouă - Cânepişte,Romania,Dacia,Caraş-Severin  ,44.7353,21.67238,False,False,excluded_country_not_spain,country is not the configured modern-country value Spain.
1326,1704,Ohaba-Ponor,Romania,Dacia,Hunedoara  ,45.5183,23.1644,False,False,excluded_country_not_spain,country is not the configured modern-country value Spain.
1327,1705,Ormindea,Romania,Dacia,Hunedoara  ,46.0642,22.8677,False,False,excluded_country_not_spain,country is not the configured modern-country value Spain.
1328,1706,Peştera – “La Poduri” mine,Romania,Dacia,Cluj,,,False,False,excluded_country_not_spain,country is not the configured modern-country value Spain.
1329,1707,Peştişu Mare,Romania,Dacia,Hunedoara  ,45.80184,22.92407,False,False,excluded_country_not_spain,country is not the configured modern-country value Spain.
1330,1708,Pestişu Mic,Romania,Dacia,Hunedoara  ,45.79913,22.88266,False,False,excluded_country_not_spain,country is not the configured modern-country value Spain.
1331,1709,Petroşani,Romania,Dacia,Hunedoara  ,45.41037,23.3726,False,False,excluded_country_not_spain,country is not the configured modern-country value Spain.
1332,1710,Pianu de Jos - La Margini,Romania,Dacia,Alba  ,45.918963,23.492982,False,False,excluded_country_not_spain,country is not the configured modern-country value Spain.
1333,1711,Ribiţa,Romania,Dacia,Hunedoara  ,46.1812,22.76271,False,False,excluded_country_not_spain,country is not the configured modern-country value Spain.
1334,1712,Rogna,Romania,Dacia,Sălaj  ,47.33736,23.58887,False,False,excluded_country_not_spain,country is not the configured modern-country value Spain.
1335,1713,Roşia Montană - Orlea,Romania,Dacia,Alba  ,46.31190068,23.11359227,False,False,excluded_country_not_spain,country is not the configured modern-country value Spain.
1336,1714,Roşia Montană - Cârnic,Romania,Dacia,Alba  ,46.29863628,23.12860618,False,False,excluded_country_not_spain,country is not the configured modern-country value Spain.
1337,1715,Roşia Montană - Cătălina Monuleşti,Romania,Dacia,Alba  ,46.307095,23.134085,False,False,excluded_country_not_spain,country is not the configured modern-country value Spain.
1338,1716,Ruda,Romania,Dacia,Hunedoara  ,45.69777,22.7476,False,False,excluded_country_not_spain,country is not the configured modern-country value Spain.
1339,1717,Ruda-Brad - Muncelu,Romania,Dacia,Hunedoara  ,46.09907,22.81959,False,False,excluded_country_not_spain,country is not the configured modern-country value Spain.
1340,1718,Ruda-Brad - 12 Apostles and St John galleries,Romania,Dacia,Hunedoara  ,46.09907,22.81959,False,False,excluded_country_not_spain,country is not the configured modern-country value Spain.
1341,1719,Săcărâmb,Romania,Dacia,Hunedoara  ,45.97268,23.03741,False,False,excluded_country_not_spain,country is not the configured modern-country value Spain.
1342,1720,Săcărâmb,Romania,Dacia,Hunedoara  ,45.97268,23.03741,False,False,excluded_country_not_spain,country is not the configured modern-country value Spain.
1343,1721,"Sălişte-Dealul Draica, Gallery 1",Romania,Dacia,Hunedoara  ,46.03405,22.95321,False,False,excluded_country_not_spain,country is not the configured modern-country value Spain.
1344,1722,"Sălişte-Dealul Draica, Gallery 2",Romania,Dacia,Hunedoara  ,46.03601,22.94647,False,False,excluded_country_not_spain,country is not the configured modern-country value Spain.
1345,1723,Sândominic,Romania,Dacia,Harghita  ,46.58379,25.79148,False,False,excluded_country_not_spain,country is not the configured modern-country value Spain.
1346,1724,Sasca Montană - Dealul Tecla,Romania,Dacia,Caraş-Severin  ,44.88011,21.71776,False,False,excluded_country_not_spain,country is not the configured modern-country value Spain.
1347,1725,Sasca Română,Romania,Dacia,Caraş-Severin  ,44.89192,21.72317,False,False,excluded_country_not_spain,country is not the configured modern-country value Spain.
1348,1726,Sălciua de Sus,Romania,Dacia,Alba  ,46.39432,23.40113,False,False,excluded_country_not_spain,country is not the configured modern-country value Spain.
1349,1727,Scărişoara,Romania,Dacia,Alba  ,46.466667,22.85,False,False,excluded_country_not_spain,country is not the configured modern-country value Spain.
1350,1728,Slatina-Timiş - Mina Slatina,Romania,Dacia,Caraş-Severin  ,45.25882,22.28577,False,False,excluded_country_not_spain,country is not the configured modern-country value Spain.
1351,1729,Stănija,Romania,Dacia,Hunedoara  ,46.1419,23.04842,False,False,excluded_country_not_spain,country is not the configured modern-country value Spain.
1352,1730,Stănija,Romania,Dacia,Hunedoara  ,46.16817,22.98812,False,False,excluded_country_not_spain,country is not the configured modern-country value Spain.
1353,1731,Ştinăpari - Dealul Chelu,Romania,Dacia,Caraş-Severin  ,44.86506846,21.75232648,False,False,excluded_country_not_spain,country is not the configured modern-country value Spain.
1354,1732,Surduc,Romania,Dacia,Cluj,46.539895,23.546193,False,False,excluded_country_not_spain,country is not the configured modern-country value Spain.
1355,1733,Surducu Mare,Romania,Dacia,Caraş-Severin  ,45.26595,21.58633,False,False,excluded_country_not_spain,country is not the configured modern-country value Spain.
1356,1734,Ţebea - Dealul Măgura  ,Romania,Dacia,Hunedoara  ,46.16307,22.68939,False,False,excluded_country_not_spain,country is not the configured modern-country value Spain.
1357,1735,Teliucu Inferior,Romania,Dacia,Hunedoara  ,45.7167,22.88894,False,False,excluded_country_not_spain,country is not the configured modern-country value Spain.
1358,1736,Teliucu Inferior  - Ploţca,Romania,Dacia,Hunedoara  ,45.7167,22.88894,False,False,excluded_country_not_spain,country is not the configured modern-country value Spain.
1359,1737,Ticvaniu Mic - Sălişte,Romania,Dacia,Caraş-Severin  ,45.11619,21.64946,False,False,excluded_country_not_spain,country is not the configured modern-country value Spain.
1360,1738,Tincova,Romania,Dacia,Caraş-Severin  ,45.57269,22.14966,False,False,excluded_country_not_spain,country is not the configured modern-country value Spain.
1361,1739,Topliţa - Măgura Topliţa,Romania,Dacia,Hunedoara  ,45.6824,22.79934,False,False,excluded_country_not_spain,country is not the configured modern-country value Spain.
1362,1740,Trestia-Dealul Mialu - Roman gallery 1,Romania,Dacia,Hunedoara  ,46.01115,22.92386,False,False,excluded_country_not_spain,country is not the configured modern-country value Spain.
1363,1741,Trestia-Dealul Mialu - Roman gallery 2,Romania,Dacia,Hunedoara  ,46.00947,22.92242,False,False,excluded_country_not_spain,country is not the configured modern-country value Spain.
1364,1742,Trestia-Dealul Mialu - Roman gallery 4,Romania,Dacia,Hunedoara  ,46.00904,22.92289,False,False,excluded_country_not_spain,country is not the configured modern-country value Spain.
1365,1743,Trestia-Dealul Mialu - Roman gallery 5,Romania,Dacia,Hunedoara  ,46.00857,22.9224,False,False,excluded_country_not_spain,country is not the configured modern-country value Spain.
1366,1744,Uroi,Romania,Dacia,Hunedoara  ,45.86348,23.03258,False,False,excluded_country_not_spain,country is not the configured modern-country value Spain.
1367,1745,Vălişoara,Romania,Dacia,Hunedoara  ,46.04936,22.83034,False,False,excluded_country_not_spain,country is not the configured modern-country value Spain.
1368,1746,Veţel,Romania,Dacia,Hunedoara  ,45.89863,22.79783,False,False,excluded_country_not_spain,country is not the configured modern-country value Spain.
1369,1747,Valea Dosului ,Romania,Dacia,Alba  ,46.166667,23.166667,False,False,excluded_country_not_spain,country is not the configured modern-country value Spain.
1370,1748,Vărad,Romania,Dacia,Caraş-Severin ,,,False,False,excluded_country_not_spain,country is not the configured modern-country value Spain.
1371,1749,Vârciorova,Romania,Dacia,Mehedinţi ,44.734325,22.375058,False,False,excluded_country_not_spain,country is not the configured modern-country value Spain.
1372,1750,Vidolm,Romania,Dacia,Alba  ,46.480108,23.511795,False,False,excluded_country_not_spain,country is not the configured modern-country value Spain.
1373,1751,Roşia Montană - Cetate,Romania,Dacia,Alba  ,46.29742747,23.12034374,False,False,excluded_country_not_spain,country is not the configured modern-country value Spain.
1374,1752,Pianul de Sus,Romania,Dacia,Alba  ,45.89952921,23.4648674,False,False,excluded_country_not_spain,country is not the configured modern-country value Spain.
1375,1753,Ruda-Brad - Treptele Romane,Romania,Dacia,Hunedoara  ,46.093362,22.843759,False,False,excluded_country_not_spain,country is not the configured modern-country value Spain.
1376,1754,Techereu - Dealul Fericeu,Romania,Dacia,Hunedoara  ,46.091492,23.067808,False,False,excluded_country_not_spain,country is not the configured modern-country value Spain.
1377,1755,Făgetu Ierii,Romania,Dacia,Cluj,46.52732,23.499001,False,False,excluded_country_not_spain,country is not the configured modern-country value Spain.
1378,1756,Ioijib,Romania,Dacia,Satu Mare,47.815996,23.154854,False,False,excluded_country_not_spain,country is not the configured modern-country value Spain.
1379,1757,Ticvaniu Mic - Gomile / Moghile,Romania,Dacia,Caraş-Severin  ,45.11619,21.64946,False,False,excluded_country_not_spain,country is not the configured modern-country value Spain.
1380,1759,Karth - Mining Area 1,Austria,Noricum,,47.661456,16.105307,False,False,excluded_country_not_spain,country is not the configured modern-country value Spain.
1381,1761,Karth - Mining Area 3,Austria,Noricum,,47.682174,16.115819,False,False,excluded_country_not_spain,country is not the configured modern-country value Spain.
1382,1762,Karth - Mining Area 4,Austria,Noricum,,47.686258,16.120946,False,False,excluded_country_not_spain,country is not the configured modern-country value Spain.
1383,1763,Karth - Mining Area 5,Austria,Noricum,,47.708407,16.10837,False,False,excluded_country_not_spain,country is not the configured modern-country value Spain.
1384,1764,Las Llameras,Spain,Hispania Tarraconensis,León,42.70395,-6.363748,True,True,included_country_exact,"Trimmed, case-insensitive country value equals Spain."
1385,1765,Vitovnica,Serbia,Moesia Superior,Caraş-Severin,44.37731,21.5302,False,False,excluded_country_not_spain,country is not the configured modern-country value Spain.
1386,1766,Slatina Nera,Romania,Dacia,Caraş-Severin,44.91393,21.5302,False,False,excluded_country_not_spain,country is not the configured modern-country value Spain.
1387,1767,Fuente Encalada,Spain,Hispania Tarraconensis,León,42.558406,-6.795227,True,True,included_country_exact,"Trimmed, case-insensitive country value equals Spain."
1388,1768,Sorbrera,Spain,Hispania Tarraconensis,León,42.71811525,-6.442887381,True,True,included_country_exact,"Trimmed, case-insensitive country value equals Spain."
1389,1769,Castro de Rivas,Spain,Hispania Tarraconensis,León,42.68561071,-6.371449279,True,True,included_country_exact,"Trimmed, case-insensitive country value equals Spain."
1390,1770,La Salina,Spain,Hispania Tarraconensis,León,42.68597057,-6.36460443,True,True,included_country_exact,"Trimmed, case-insensitive country value equals Spain."
1391,1771,Zufreiral,Spain,Hispania Tarraconensis,León,42.70385923,-6.447879387,True,True,included_country_exact,"Trimmed, case-insensitive country value equals Spain."
1392,1772,La Poza del Castro,Spain,Hispania Tarraconensis,León,42.85106255,-6.20349361,True,True,included_country_exact,"Trimmed, case-insensitive country value equals Spain."
1393,1773,Gomionica,Bosnia and Herzegovina,Dalmatia,Central Bosnia,43.97017726,18.04178561,False,False,excluded_country_not_spain,country is not the configured modern-country value Spain.
1394,1774,Tješilo,Bosnia and Herzegovina,Dalmatia,Central Bosnia,43.96565429,17.87846097,False,False,excluded_country_not_spain,country is not the configured modern-country value Spain.
1395,1775,La Corona de Matachana,Spain,Hispania Tarraconensis,León,42.59900419,-6.42438552,True,True,included_country_exact,"Trimmed, case-insensitive country value equals Spain."
1396,1776,Las Ferreiruscas,Spain,Hispania Tarraconensis,León,42.4237,-6.81653,True,True,included_country_exact,"Trimmed, case-insensitive country value equals Spain."
1397,1777,Salas de la Ribera,Spain,Hispania Tarraconensis,León,42.432746,-6.80394886,True,True,included_country_exact,"Trimmed, case-insensitive country value equals Spain."
1398,1778,La Cibrera,Spain,Hispania Tarraconensis,León,42.49213723,-6.1333211,True,True,included_country_exact,"Trimmed, case-insensitive country value equals Spain."
1399,1779,Devesa de Pradorrey,Spain,Hispania Tarraconensis,León,42.50314712,-6.15031566,True,True,included_country_exact,"Trimmed, case-insensitive country value equals Spain."
1400,1780,La Forcada,Spain,Hispania Tarraconensis,León,42.7752842,-5.89543723,True,True,included_country_exact,"Trimmed, case-insensitive country value equals Spain."
