column,rank_within_column,value,value_type,count,pct_rows
mineID,1,1,int,1,0.0007147962831
mineID,2,2,int,1,0.0007147962831
mineID,3,3,int,1,0.0007147962831
mineID,4,4,int,1,0.0007147962831
mineID,5,5,int,1,0.0007147962831
mineID,6,6,int,1,0.0007147962831
mineID,7,7,int,1,0.0007147962831
mineID,8,8,int,1,0.0007147962831
mineID,9,9,int,1,0.0007147962831
mineID,10,10,int,1,0.0007147962831
mineID,11,11,int,1,0.0007147962831
mineID,12,12,int,1,0.0007147962831
mineID,13,13,int,1,0.0007147962831
mineID,14,14,int,1,0.0007147962831
mineID,15,15,int,1,0.0007147962831
mineID,16,16,int,1,0.0007147962831
mineID,17,18,int,1,0.0007147962831
mineID,18,19,int,1,0.0007147962831
mineID,19,20,int,1,0.0007147962831
mineID,20,21,int,1,0.0007147962831
mineID,21,22,int,1,0.0007147962831
mineID,22,23,int,1,0.0007147962831
mineID,23,24,int,1,0.0007147962831
mineID,24,25,int,1,0.0007147962831
mineID,25,26,int,1,0.0007147962831
mineID,26,27,int,1,0.0007147962831
mineID,27,28,int,1,0.0007147962831
mineID,28,29,int,1,0.0007147962831
mineID,29,30,int,1,0.0007147962831
mineID,30,32,int,1,0.0007147962831
mineID,31,33,int,1,0.0007147962831
mineID,32,34,int,1,0.0007147962831
mineID,33,35,int,1,0.0007147962831
mineID,34,36,int,1,0.0007147962831
mineID,35,37,int,1,0.0007147962831
mineID,36,38,int,1,0.0007147962831
mineID,37,39,int,1,0.0007147962831
mineID,38,40,int,1,0.0007147962831
mineID,39,41,int,1,0.0007147962831
mineID,40,42,int,1,0.0007147962831
mineID,41,43,int,1,0.0007147962831
mineID,42,45,int,1,0.0007147962831
mineID,43,46,int,1,0.0007147962831
mineID,44,47,int,1,0.0007147962831
mineID,45,48,int,1,0.0007147962831
mineID,46,49,int,1,0.0007147962831
mineID,47,50,int,1,0.0007147962831
mineID,48,51,int,1,0.0007147962831
mineID,49,52,int,1,0.0007147962831
mineID,50,53,int,1,0.0007147962831
mineID,51,54,int,1,0.0007147962831
mineID,52,55,int,1,0.0007147962831
mineID,53,56,int,1,0.0007147962831
mineID,54,57,int,1,0.0007147962831
mineID,55,58,int,1,0.0007147962831
mineID,56,59,int,1,0.0007147962831
mineID,57,60,int,1,0.0007147962831
mineID,58,61,int,1,0.0007147962831
mineID,59,62,int,1,0.0007147962831
mineID,60,63,int,1,0.0007147962831
mineID,61,64,int,1,0.0007147962831
mineID,62,65,int,1,0.0007147962831
mineID,63,67,int,1,0.0007147962831
mineID,64,69,int,1,0.0007147962831
mineID,65,71,int,1,0.0007147962831
mineID,66,73,int,1,0.0007147962831
mineID,67,74,int,1,0.0007147962831
mineID,68,75,int,1,0.0007147962831
mineID,69,76,int,1,0.0007147962831
mineID,70,77,int,1,0.0007147962831
mineID,71,78,int,1,0.0007147962831
mineID,72,79,int,1,0.0007147962831
mineID,73,80,int,1,0.0007147962831
mineID,74,81,int,1,0.0007147962831
mineID,75,83,int,1,0.0007147962831
mineID,76,84,int,1,0.0007147962831
mineID,77,85,int,1,0.0007147962831
mineID,78,86,int,1,0.0007147962831
mineID,79,87,int,1,0.0007147962831
mineID,80,89,int,1,0.0007147962831
mineID,81,90,int,1,0.0007147962831
mineID,82,91,int,1,0.0007147962831
mineID,83,92,int,1,0.0007147962831
mineID,84,93,int,1,0.0007147962831
mineID,85,94,int,1,0.0007147962831
mineID,86,95,int,1,0.0007147962831
mineID,87,96,int,1,0.0007147962831
mineID,88,97,int,1,0.0007147962831
mineID,89,98,int,1,0.0007147962831
mineID,90,99,int,1,0.0007147962831
mineID,91,100,int,1,0.0007147962831
mineID,92,101,int,1,0.0007147962831
mineID,93,102,int,1,0.0007147962831
mineID,94,103,int,1,0.0007147962831
mineID,95,104,int,1,0.0007147962831
mineID,96,105,int,1,0.0007147962831
mineID,97,106,int,1,0.0007147962831
mineID,98,107,int,1,0.0007147962831
mineID,99,108,int,1,0.0007147962831
mineID,100,109,int,1,0.0007147962831
mineID,101,110,int,1,0.0007147962831
mineID,102,111,int,1,0.0007147962831
mineID,103,112,int,1,0.0007147962831
mineID,104,113,int,1,0.0007147962831
mineID,105,114,int,1,0.0007147962831
mineID,106,115,int,1,0.0007147962831
mineID,107,116,int,1,0.0007147962831
mineID,108,117,int,1,0.0007147962831
mineID,109,118,int,1,0.0007147962831
mineID,110,119,int,1,0.0007147962831
mineID,111,120,int,1,0.0007147962831
mineID,112,121,int,1,0.0007147962831
mineID,113,122,int,1,0.0007147962831
mineID,114,123,int,1,0.0007147962831
mineID,115,124,int,1,0.0007147962831
mineID,116,125,int,1,0.0007147962831
mineID,117,126,int,1,0.0007147962831
mineID,118,127,int,1,0.0007147962831
mineID,119,128,int,1,0.0007147962831
mineID,120,129,int,1,0.0007147962831
mineID,121,130,int,1,0.0007147962831
mineID,122,131,int,1,0.0007147962831
mineID,123,132,int,1,0.0007147962831
mineID,124,133,int,1,0.0007147962831
mineID,125,134,int,1,0.0007147962831
mineID,126,135,int,1,0.0007147962831
mineID,127,136,int,1,0.0007147962831
mineID,128,137,int,1,0.0007147962831
mineID,129,138,int,1,0.0007147962831
mineID,130,139,int,1,0.0007147962831
mineID,131,140,int,1,0.0007147962831
mineID,132,141,int,1,0.0007147962831
mineID,133,142,int,1,0.0007147962831
mineID,134,143,int,1,0.0007147962831
mineID,135,144,int,1,0.0007147962831
mineID,136,145,int,1,0.0007147962831
mineID,137,146,int,1,0.0007147962831
mineID,138,147,int,1,0.0007147962831
mineID,139,148,int,1,0.0007147962831
mineID,140,149,int,1,0.0007147962831
mineID,141,150,int,1,0.0007147962831
mineID,142,151,int,1,0.0007147962831
mineID,143,152,int,1,0.0007147962831
mineID,144,153,int,1,0.0007147962831
mineID,145,154,int,1,0.0007147962831
mineID,146,155,int,1,0.0007147962831
mineID,147,156,int,1,0.0007147962831
mineID,148,157,int,1,0.0007147962831
mineID,149,158,int,1,0.0007147962831
mineID,150,159,int,1,0.0007147962831
mineID,151,160,int,1,0.0007147962831
mineID,152,161,int,1,0.0007147962831
mineID,153,162,int,1,0.0007147962831
mineID,154,163,int,1,0.0007147962831
mineID,155,164,int,1,0.0007147962831
mineID,156,165,int,1,0.0007147962831
mineID,157,166,int,1,0.0007147962831
mineID,158,167,int,1,0.0007147962831
mineID,159,168,int,1,0.0007147962831
mineID,160,169,int,1,0.0007147962831
mineID,161,170,int,1,0.0007147962831
mineID,162,172,int,1,0.0007147962831
mineID,163,173,int,1,0.0007147962831
mineID,164,174,int,1,0.0007147962831
mineID,165,175,int,1,0.0007147962831
mineID,166,176,int,1,0.0007147962831
mineID,167,177,int,1,0.0007147962831
mineID,168,178,int,1,0.0007147962831
mineID,169,179,int,1,0.0007147962831
mineID,170,180,int,1,0.0007147962831
mineID,171,181,int,1,0.0007147962831
mineID,172,182,int,1,0.0007147962831
mineID,173,183,int,1,0.0007147962831
mineID,174,184,int,1,0.0007147962831
mineID,175,186,int,1,0.0007147962831
mineID,176,187,int,1,0.0007147962831
mineID,177,188,int,1,0.0007147962831
mineID,178,189,int,1,0.0007147962831
mineID,179,190,int,1,0.0007147962831
mineID,180,191,int,1,0.0007147962831
mineID,181,192,int,1,0.0007147962831
mineID,182,193,int,1,0.0007147962831
mineID,183,194,int,1,0.0007147962831
mineID,184,195,int,1,0.0007147962831
mineID,185,196,int,1,0.0007147962831
mineID,186,197,int,1,0.0007147962831
mineID,187,198,int,1,0.0007147962831
mineID,188,199,int,1,0.0007147962831
mineID,189,200,int,1,0.0007147962831
mineID,190,201,int,1,0.0007147962831
mineID,191,202,int,1,0.0007147962831
mineID,192,203,int,1,0.0007147962831
mineID,193,204,int,1,0.0007147962831
mineID,194,205,int,1,0.0007147962831
mineID,195,206,int,1,0.0007147962831
mineID,196,207,int,1,0.0007147962831
mineID,197,210,int,1,0.0007147962831
mineID,198,211,int,1,0.0007147962831
mineID,199,212,int,1,0.0007147962831
mineID,200,391,int,1,0.0007147962831
mineID,201,429,int,1,0.0007147962831
mineID,202,430,int,1,0.0007147962831
mineID,203,431,int,1,0.0007147962831
mineID,204,432,int,1,0.0007147962831
mineID,205,433,int,1,0.0007147962831
mineID,206,434,int,1,0.0007147962831
mineID,207,435,int,1,0.0007147962831
mineID,208,436,int,1,0.0007147962831
mineID,209,437,int,1,0.0007147962831
mineID,210,438,int,1,0.0007147962831
mineID,211,439,int,1,0.0007147962831
mineID,212,440,int,1,0.0007147962831
mineID,213,441,int,1,0.0007147962831
mineID,214,442,int,1,0.0007147962831
mineID,215,444,int,1,0.0007147962831
mineID,216,445,int,1,0.0007147962831
mineID,217,446,int,1,0.0007147962831
mineID,218,447,int,1,0.0007147962831
mineID,219,448,int,1,0.0007147962831
mineID,220,449,int,1,0.0007147962831
mineID,221,450,int,1,0.0007147962831
mineID,222,451,int,1,0.0007147962831
mineID,223,452,int,1,0.0007147962831
mineID,224,453,int,1,0.0007147962831
mineID,225,454,int,1,0.0007147962831
mineID,226,455,int,1,0.0007147962831
mineID,227,456,int,1,0.0007147962831
mineID,228,457,int,1,0.0007147962831
mineID,229,458,int,1,0.0007147962831
mineID,230,459,int,1,0.0007147962831
mineID,231,460,int,1,0.0007147962831
mineID,232,461,int,1,0.0007147962831
mineID,233,462,int,1,0.0007147962831
mineID,234,463,int,1,0.0007147962831
mineID,235,464,int,1,0.0007147962831
mineID,236,465,int,1,0.0007147962831
mineID,237,466,int,1,0.0007147962831
mineID,238,467,int,1,0.0007147962831
mineID,239,468,int,1,0.0007147962831
mineID,240,469,int,1,0.0007147962831
mineID,241,470,int,1,0.0007147962831
mineID,242,471,int,1,0.0007147962831
mineID,243,472,int,1,0.0007147962831
mineID,244,473,int,1,0.0007147962831
mineID,245,474,int,1,0.0007147962831
mineID,246,475,int,1,0.0007147962831
mineID,247,476,int,1,0.0007147962831
mineID,248,477,int,1,0.0007147962831
mineID,249,478,int,1,0.0007147962831
mineID,250,479,int,1,0.0007147962831
mineID,251,480,int,1,0.0007147962831
mineID,252,481,int,1,0.0007147962831
mineID,253,482,int,1,0.0007147962831
mineID,254,483,int,1,0.0007147962831
mineID,255,484,int,1,0.0007147962831
mineID,256,486,int,1,0.0007147962831
mineID,257,487,int,1,0.0007147962831
mineID,258,488,int,1,0.0007147962831
mineID,259,489,int,1,0.0007147962831
mineID,260,490,int,1,0.0007147962831
mineID,261,491,int,1,0.0007147962831
mineID,262,492,int,1,0.0007147962831
mineID,263,493,int,1,0.0007147962831
mineID,264,494,int,1,0.0007147962831
mineID,265,495,int,1,0.0007147962831
mineID,266,496,int,1,0.0007147962831
mineID,267,497,int,1,0.0007147962831
mineID,268,498,int,1,0.0007147962831
mineID,269,499,int,1,0.0007147962831
mineID,270,500,int,1,0.0007147962831
mineID,271,501,int,1,0.0007147962831
mineID,272,502,int,1,0.0007147962831
mineID,273,503,int,1,0.0007147962831
mineID,274,504,int,1,0.0007147962831
mineID,275,505,int,1,0.0007147962831
mineID,276,506,int,1,0.0007147962831
mineID,277,507,int,1,0.0007147962831
mineID,278,508,int,1,0.0007147962831
mineID,279,509,int,1,0.0007147962831
mineID,280,510,int,1,0.0007147962831
mineID,281,511,int,1,0.0007147962831
mineID,282,512,int,1,0.0007147962831
mineID,283,513,int,1,0.0007147962831
mineID,284,514,int,1,0.0007147962831
mineID,285,515,int,1,0.0007147962831
mineID,286,516,int,1,0.0007147962831
mineID,287,517,int,1,0.0007147962831
mineID,288,518,int,1,0.0007147962831
mineID,289,519,int,1,0.0007147962831
mineID,290,520,int,1,0.0007147962831
mineID,291,521,int,1,0.0007147962831
mineID,292,523,int,1,0.0007147962831
mineID,293,524,int,1,0.0007147962831
mineID,294,525,int,1,0.0007147962831
mineID,295,526,int,1,0.0007147962831
mineID,296,527,int,1,0.0007147962831
mineID,297,528,int,1,0.0007147962831
mineID,298,529,int,1,0.0007147962831
mineID,299,530,int,1,0.0007147962831
mineID,300,531,int,1,0.0007147962831
mineID,301,532,int,1,0.0007147962831
mineID,302,533,int,1,0.0007147962831
mineID,303,535,int,1,0.0007147962831
mineID,304,536,int,1,0.0007147962831
mineID,305,537,int,1,0.0007147962831
mineID,306,538,int,1,0.0007147962831
mineID,307,539,int,1,0.0007147962831
mineID,308,540,int,1,0.0007147962831
mineID,309,541,int,1,0.0007147962831
mineID,310,542,int,1,0.0007147962831
mineID,311,543,int,1,0.0007147962831
mineID,312,545,int,1,0.0007147962831
mineID,313,547,int,1,0.0007147962831
mineID,314,548,int,1,0.0007147962831
mineID,315,549,int,1,0.0007147962831
mineID,316,550,int,1,0.0007147962831
mineID,317,551,int,1,0.0007147962831
mineID,318,552,int,1,0.0007147962831
mineID,319,553,int,1,0.0007147962831
mineID,320,554,int,1,0.0007147962831
mineID,321,555,int,1,0.0007147962831
mineID,322,556,int,1,0.0007147962831
mineID,323,557,int,1,0.0007147962831
mineID,324,558,int,1,0.0007147962831
mineID,325,559,int,1,0.0007147962831
mineID,326,560,int,1,0.0007147962831
mineID,327,561,int,1,0.0007147962831
mineID,328,563,int,1,0.0007147962831
mineID,329,564,int,1,0.0007147962831
mineID,330,565,int,1,0.0007147962831
mineID,331,566,int,1,0.0007147962831
mineID,332,567,int,1,0.0007147962831
mineID,333,568,int,1,0.0007147962831
mineID,334,569,int,1,0.0007147962831
mineID,335,570,int,1,0.0007147962831
mineID,336,571,int,1,0.0007147962831
mineID,337,572,int,1,0.0007147962831
mineID,338,573,int,1,0.0007147962831
mineID,339,574,int,1,0.0007147962831
mineID,340,575,int,1,0.0007147962831
mineID,341,576,int,1,0.0007147962831
mineID,342,577,int,1,0.0007147962831
mineID,343,578,int,1,0.0007147962831
mineID,344,579,int,1,0.0007147962831
mineID,345,580,int,1,0.0007147962831
mineID,346,581,int,1,0.0007147962831
mineID,347,582,int,1,0.0007147962831
mineID,348,583,int,1,0.0007147962831
mineID,349,584,int,1,0.0007147962831
mineID,350,585,int,1,0.0007147962831
mineID,351,586,int,1,0.0007147962831
mineID,352,587,int,1,0.0007147962831
mineID,353,588,int,1,0.0007147962831
mineID,354,589,int,1,0.0007147962831
mineID,355,590,int,1,0.0007147962831
mineID,356,591,int,1,0.0007147962831
mineID,357,592,int,1,0.0007147962831
mineID,358,593,int,1,0.0007147962831
mineID,359,594,int,1,0.0007147962831
mineID,360,595,int,1,0.0007147962831
mineID,361,596,int,1,0.0007147962831
mineID,362,597,int,1,0.0007147962831
mineID,363,598,int,1,0.0007147962831
mineID,364,599,int,1,0.0007147962831
mineID,365,601,int,1,0.0007147962831
mineID,366,602,int,1,0.0007147962831
mineID,367,603,int,1,0.0007147962831
mineID,368,604,int,1,0.0007147962831
mineID,369,605,int,1,0.0007147962831
mineID,370,606,int,1,0.0007147962831
mineID,371,607,int,1,0.0007147962831
mineID,372,608,int,1,0.0007147962831
mineID,373,609,int,1,0.0007147962831
mineID,374,610,int,1,0.0007147962831
mineID,375,612,int,1,0.0007147962831
mineID,376,613,int,1,0.0007147962831
mineID,377,614,int,1,0.0007147962831
mineID,378,615,int,1,0.0007147962831
mineID,379,616,int,1,0.0007147962831
mineID,380,617,int,1,0.0007147962831
mineID,381,618,int,1,0.0007147962831
mineID,382,619,int,1,0.0007147962831
mineID,383,620,int,1,0.0007147962831
mineID,384,623,int,1,0.0007147962831
mineID,385,624,int,1,0.0007147962831
mineID,386,625,int,1,0.0007147962831
mineID,387,626,int,1,0.0007147962831
mineID,388,627,int,1,0.0007147962831
mineID,389,629,int,1,0.0007147962831
mineID,390,630,int,1,0.0007147962831
mineID,391,631,int,1,0.0007147962831
mineID,392,632,int,1,0.0007147962831
mineID,393,633,int,1,0.0007147962831
mineID,394,634,int,1,0.0007147962831
mineID,395,635,int,1,0.0007147962831
mineID,396,636,int,1,0.0007147962831
mineID,397,637,int,1,0.0007147962831
mineID,398,638,int,1,0.0007147962831
mineID,399,639,int,1,0.0007147962831
mineID,400,640,int,1,0.0007147962831
mineID,401,641,int,1,0.0007147962831
mineID,402,642,int,1,0.0007147962831
mineID,403,643,int,1,0.0007147962831
mineID,404,644,int,1,0.0007147962831
mineID,405,645,int,1,0.0007147962831
mineID,406,646,int,1,0.0007147962831
mineID,407,647,int,1,0.0007147962831
mineID,408,648,int,1,0.0007147962831
mineID,409,649,int,1,0.0007147962831
mineID,410,650,int,1,0.0007147962831
mineID,411,651,int,1,0.0007147962831
mineID,412,652,int,1,0.0007147962831
mineID,413,653,int,1,0.0007147962831
mineID,414,654,int,1,0.0007147962831
mineID,415,655,int,1,0.0007147962831
mineID,416,656,int,1,0.0007147962831
mineID,417,657,int,1,0.0007147962831
mineID,418,658,int,1,0.0007147962831
mineID,419,659,int,1,0.0007147962831
mineID,420,660,int,1,0.0007147962831
mineID,421,661,int,1,0.0007147962831
mineID,422,662,int,1,0.0007147962831
mineID,423,663,int,1,0.0007147962831
mineID,424,664,int,1,0.0007147962831
mineID,425,665,int,1,0.0007147962831
mineID,426,666,int,1,0.0007147962831
mineID,427,667,int,1,0.0007147962831
mineID,428,668,int,1,0.0007147962831
mineID,429,669,int,1,0.0007147962831
mineID,430,670,int,1,0.0007147962831
mineID,431,671,int,1,0.0007147962831
mineID,432,672,int,1,0.0007147962831
mineID,433,673,int,1,0.0007147962831
mineID,434,674,int,1,0.0007147962831
mineID,435,675,int,1,0.0007147962831
mineID,436,676,int,1,0.0007147962831
mineID,437,677,int,1,0.0007147962831
mineID,438,678,int,1,0.0007147962831
mineID,439,680,int,1,0.0007147962831
mineID,440,681,int,1,0.0007147962831
mineID,441,682,int,1,0.0007147962831
mineID,442,683,int,1,0.0007147962831
mineID,443,684,int,1,0.0007147962831
mineID,444,686,int,1,0.0007147962831
mineID,445,687,int,1,0.0007147962831
mineID,446,688,int,1,0.0007147962831
mineID,447,689,int,1,0.0007147962831
mineID,448,690,int,1,0.0007147962831
mineID,449,692,int,1,0.0007147962831
mineID,450,693,int,1,0.0007147962831
mineID,451,694,int,1,0.0007147962831
mineID,452,695,int,1,0.0007147962831
mineID,453,696,int,1,0.0007147962831
mineID,454,697,int,1,0.0007147962831
mineID,455,698,int,1,0.0007147962831
mineID,456,699,int,1,0.0007147962831
mineID,457,700,int,1,0.0007147962831
mineID,458,701,int,1,0.0007147962831
mineID,459,702,int,1,0.0007147962831
mineID,460,703,int,1,0.0007147962831
mineID,461,705,int,1,0.0007147962831
mineID,462,706,int,1,0.0007147962831
mineID,463,707,int,1,0.0007147962831
mineID,464,708,int,1,0.0007147962831
mineID,465,709,int,1,0.0007147962831
mineID,466,710,int,1,0.0007147962831
mineID,467,711,int,1,0.0007147962831
mineID,468,712,int,1,0.0007147962831
mineID,469,713,int,1,0.0007147962831
mineID,470,715,int,1,0.0007147962831
mineID,471,716,int,1,0.0007147962831
mineID,472,717,int,1,0.0007147962831
mineID,473,718,int,1,0.0007147962831
mineID,474,719,int,1,0.0007147962831
mineID,475,720,int,1,0.0007147962831
mineID,476,721,int,1,0.0007147962831
mineID,477,722,int,1,0.0007147962831
mineID,478,723,int,1,0.0007147962831
mineID,479,724,int,1,0.0007147962831
mineID,480,725,int,1,0.0007147962831
mineID,481,726,int,1,0.0007147962831
mineID,482,727,int,1,0.0007147962831
mineID,483,728,int,1,0.0007147962831
mineID,484,730,int,1,0.0007147962831
mineID,485,731,int,1,0.0007147962831
mineID,486,732,int,1,0.0007147962831
mineID,487,733,int,1,0.0007147962831
mineID,488,734,int,1,0.0007147962831
mineID,489,735,int,1,0.0007147962831
mineID,490,736,int,1,0.0007147962831
mineID,491,737,int,1,0.0007147962831
mineID,492,738,int,1,0.0007147962831
mineID,493,739,int,1,0.0007147962831
mineID,494,740,int,1,0.0007147962831
mineID,495,741,int,1,0.0007147962831
mineID,496,742,int,1,0.0007147962831
mineID,497,743,int,1,0.0007147962831
mineID,498,744,int,1,0.0007147962831
mineID,499,745,int,1,0.0007147962831
mineID,500,746,int,1,0.0007147962831
mineID,501,747,int,1,0.0007147962831
mineID,502,748,int,1,0.0007147962831
mineID,503,749,int,1,0.0007147962831
mineID,504,750,int,1,0.0007147962831
mineID,505,752,int,1,0.0007147962831
mineID,506,753,int,1,0.0007147962831
mineID,507,754,int,1,0.0007147962831
mineID,508,755,int,1,0.0007147962831
mineID,509,757,int,1,0.0007147962831
mineID,510,758,int,1,0.0007147962831
mineID,511,759,int,1,0.0007147962831
mineID,512,760,int,1,0.0007147962831
mineID,513,762,int,1,0.0007147962831
mineID,514,763,int,1,0.0007147962831
mineID,515,764,int,1,0.0007147962831
mineID,516,765,int,1,0.0007147962831
mineID,517,767,int,1,0.0007147962831
mineID,518,768,int,1,0.0007147962831
mineID,519,769,int,1,0.0007147962831
mineID,520,770,int,1,0.0007147962831
mineID,521,772,int,1,0.0007147962831
mineID,522,773,int,1,0.0007147962831
mineID,523,774,int,1,0.0007147962831
mineID,524,775,int,1,0.0007147962831
mineID,525,776,int,1,0.0007147962831
mineID,526,777,int,1,0.0007147962831
mineID,527,778,int,1,0.0007147962831
mineID,528,779,int,1,0.0007147962831
mineID,529,780,int,1,0.0007147962831
mineID,530,781,int,1,0.0007147962831
mineID,531,782,int,1,0.0007147962831
mineID,532,783,int,1,0.0007147962831
mineID,533,784,int,1,0.0007147962831
mineID,534,785,int,1,0.0007147962831
mineID,535,786,int,1,0.0007147962831
mineID,536,787,int,1,0.0007147962831
mineID,537,788,int,1,0.0007147962831
mineID,538,789,int,1,0.0007147962831
mineID,539,790,int,1,0.0007147962831
mineID,540,791,int,1,0.0007147962831
mineID,541,792,int,1,0.0007147962831
mineID,542,793,int,1,0.0007147962831
mineID,543,794,int,1,0.0007147962831
mineID,544,795,int,1,0.0007147962831
mineID,545,796,int,1,0.0007147962831
mineID,546,797,int,1,0.0007147962831
mineID,547,798,int,1,0.0007147962831
mineID,548,799,int,1,0.0007147962831
mineID,549,800,int,1,0.0007147962831
mineID,550,802,int,1,0.0007147962831
mineID,551,803,int,1,0.0007147962831
mineID,552,805,int,1,0.0007147962831
mineID,553,806,int,1,0.0007147962831
mineID,554,807,int,1,0.0007147962831
mineID,555,808,int,1,0.0007147962831
mineID,556,809,int,1,0.0007147962831
mineID,557,810,int,1,0.0007147962831
mineID,558,811,int,1,0.0007147962831
mineID,559,812,int,1,0.0007147962831
mineID,560,813,int,1,0.0007147962831
mineID,561,814,int,1,0.0007147962831
mineID,562,816,int,1,0.0007147962831
mineID,563,817,int,1,0.0007147962831
mineID,564,818,int,1,0.0007147962831
mineID,565,820,int,1,0.0007147962831
mineID,566,821,int,1,0.0007147962831
mineID,567,822,int,1,0.0007147962831
mineID,568,823,int,1,0.0007147962831
mineID,569,824,int,1,0.0007147962831
mineID,570,825,int,1,0.0007147962831
mineID,571,826,int,1,0.0007147962831
mineID,572,827,int,1,0.0007147962831
mineID,573,828,int,1,0.0007147962831
mineID,574,829,int,1,0.0007147962831
mineID,575,830,int,1,0.0007147962831
mineID,576,831,int,1,0.0007147962831
mineID,577,832,int,1,0.0007147962831
mineID,578,833,int,1,0.0007147962831
mineID,579,836,int,1,0.0007147962831
mineID,580,837,int,1,0.0007147962831
mineID,581,838,int,1,0.0007147962831
mineID,582,839,int,1,0.0007147962831
mineID,583,840,int,1,0.0007147962831
mineID,584,841,int,1,0.0007147962831
mineID,585,842,int,1,0.0007147962831
mineID,586,843,int,1,0.0007147962831
mineID,587,844,int,1,0.0007147962831
mineID,588,845,int,1,0.0007147962831
mineID,589,846,int,1,0.0007147962831
mineID,590,848,int,1,0.0007147962831
mineID,591,849,int,1,0.0007147962831
mineID,592,850,int,1,0.0007147962831
mineID,593,851,int,1,0.0007147962831
mineID,594,853,int,1,0.0007147962831
mineID,595,854,int,1,0.0007147962831
mineID,596,855,int,1,0.0007147962831
mineID,597,856,int,1,0.0007147962831
mineID,598,857,int,1,0.0007147962831
mineID,599,859,int,1,0.0007147962831
mineID,600,860,int,1,0.0007147962831
mineID,601,865,int,1,0.0007147962831
mineID,602,866,int,1,0.0007147962831
mineID,603,867,int,1,0.0007147962831
mineID,604,868,int,1,0.0007147962831
mineID,605,869,int,1,0.0007147962831
mineID,606,870,int,1,0.0007147962831
mineID,607,871,int,1,0.0007147962831
mineID,608,872,int,1,0.0007147962831
mineID,609,873,int,1,0.0007147962831
mineID,610,875,int,1,0.0007147962831
mineID,611,876,int,1,0.0007147962831
mineID,612,878,int,1,0.0007147962831
mineID,613,879,int,1,0.0007147962831
mineID,614,880,int,1,0.0007147962831
mineID,615,881,int,1,0.0007147962831
mineID,616,882,int,1,0.0007147962831
mineID,617,884,int,1,0.0007147962831
mineID,618,885,int,1,0.0007147962831
mineID,619,886,int,1,0.0007147962831
mineID,620,887,int,1,0.0007147962831
mineID,621,888,int,1,0.0007147962831
mineID,622,889,int,1,0.0007147962831
mineID,623,890,int,1,0.0007147962831
mineID,624,893,int,1,0.0007147962831
mineID,625,895,int,1,0.0007147962831
mineID,626,896,int,1,0.0007147962831
mineID,627,897,int,1,0.0007147962831
mineID,628,899,int,1,0.0007147962831
mineID,629,900,int,1,0.0007147962831
mineID,630,901,int,1,0.0007147962831
mineID,631,902,int,1,0.0007147962831
mineID,632,904,int,1,0.0007147962831
mineID,633,905,int,1,0.0007147962831
mineID,634,906,int,1,0.0007147962831
mineID,635,908,int,1,0.0007147962831
mineID,636,909,int,1,0.0007147962831
mineID,637,910,int,1,0.0007147962831
mineID,638,911,int,1,0.0007147962831
mineID,639,912,int,1,0.0007147962831
mineID,640,913,int,1,0.0007147962831
mineID,641,914,int,1,0.0007147962831
mineID,642,915,int,1,0.0007147962831
mineID,643,918,int,1,0.0007147962831
mineID,644,919,int,1,0.0007147962831
mineID,645,920,int,1,0.0007147962831
mineID,646,921,int,1,0.0007147962831
mineID,647,922,int,1,0.0007147962831
mineID,648,923,int,1,0.0007147962831
mineID,649,924,int,1,0.0007147962831
mineID,650,925,int,1,0.0007147962831
mineID,651,926,int,1,0.0007147962831
mineID,652,927,int,1,0.0007147962831
mineID,653,929,int,1,0.0007147962831
mineID,654,930,int,1,0.0007147962831
mineID,655,932,int,1,0.0007147962831
mineID,656,933,int,1,0.0007147962831
mineID,657,934,int,1,0.0007147962831
mineID,658,935,int,1,0.0007147962831
mineID,659,936,int,1,0.0007147962831
mineID,660,937,int,1,0.0007147962831
mineID,661,938,int,1,0.0007147962831
mineID,662,941,int,1,0.0007147962831
mineID,663,942,int,1,0.0007147962831
mineID,664,943,int,1,0.0007147962831
mineID,665,944,int,1,0.0007147962831
mineID,666,945,int,1,0.0007147962831
mineID,667,946,int,1,0.0007147962831
mineID,668,947,int,1,0.0007147962831
mineID,669,948,int,1,0.0007147962831
mineID,670,950,int,1,0.0007147962831
mineID,671,951,int,1,0.0007147962831
mineID,672,952,int,1,0.0007147962831
mineID,673,953,int,1,0.0007147962831
mineID,674,954,int,1,0.0007147962831
mineID,675,955,int,1,0.0007147962831
mineID,676,956,int,1,0.0007147962831
mineID,677,957,int,1,0.0007147962831
mineID,678,958,int,1,0.0007147962831
mineID,679,963,int,1,0.0007147962831
mineID,680,964,int,1,0.0007147962831
mineID,681,965,int,1,0.0007147962831
mineID,682,966,int,1,0.0007147962831
mineID,683,967,int,1,0.0007147962831
mineID,684,968,int,1,0.0007147962831
mineID,685,969,int,1,0.0007147962831
mineID,686,970,int,1,0.0007147962831
mineID,687,971,int,1,0.0007147962831
mineID,688,972,int,1,0.0007147962831
mineID,689,973,int,1,0.0007147962831
mineID,690,974,int,1,0.0007147962831
mineID,691,977,int,1,0.0007147962831
mineID,692,978,int,1,0.0007147962831
mineID,693,979,int,1,0.0007147962831
mineID,694,980,int,1,0.0007147962831
mineID,695,981,int,1,0.0007147962831
mineID,696,982,int,1,0.0007147962831
mineID,697,983,int,1,0.0007147962831
mineID,698,984,int,1,0.0007147962831
mineID,699,985,int,1,0.0007147962831
mineID,700,986,int,1,0.0007147962831
mineID,701,987,int,1,0.0007147962831
mineID,702,988,int,1,0.0007147962831
mineID,703,989,int,1,0.0007147962831
mineID,704,990,int,1,0.0007147962831
mineID,705,993,int,1,0.0007147962831
mineID,706,995,int,1,0.0007147962831
mineID,707,996,int,1,0.0007147962831
mineID,708,997,int,1,0.0007147962831
mineID,709,998,int,1,0.0007147962831
mineID,710,999,int,1,0.0007147962831
mineID,711,1000,int,1,0.0007147962831
mineID,712,1001,int,1,0.0007147962831
mineID,713,1002,int,1,0.0007147962831
mineID,714,1003,int,1,0.0007147962831
mineID,715,1004,int,1,0.0007147962831
mineID,716,1005,int,1,0.0007147962831
mineID,717,1007,int,1,0.0007147962831
mineID,718,1008,int,1,0.0007147962831
mineID,719,1009,int,1,0.0007147962831
mineID,720,1010,int,1,0.0007147962831
mineID,721,1011,int,1,0.0007147962831
mineID,722,1012,int,1,0.0007147962831
mineID,723,1013,int,1,0.0007147962831
mineID,724,1015,int,1,0.0007147962831
mineID,725,1016,int,1,0.0007147962831
mineID,726,1017,int,1,0.0007147962831
mineID,727,1018,int,1,0.0007147962831
mineID,728,1019,int,1,0.0007147962831
mineID,729,1020,int,1,0.0007147962831
mineID,730,1021,int,1,0.0007147962831
mineID,731,1022,int,1,0.0007147962831
mineID,732,1023,int,1,0.0007147962831
mineID,733,1024,int,1,0.0007147962831
mineID,734,1025,int,1,0.0007147962831
mineID,735,1026,int,1,0.0007147962831
mineID,736,1029,int,1,0.0007147962831
mineID,737,1030,int,1,0.0007147962831
mineID,738,1031,int,1,0.0007147962831
mineID,739,1032,int,1,0.0007147962831
mineID,740,1033,int,1,0.0007147962831
mineID,741,1034,int,1,0.0007147962831
mineID,742,1035,int,1,0.0007147962831
mineID,743,1036,int,1,0.0007147962831
mineID,744,1038,int,1,0.0007147962831
mineID,745,1040,int,1,0.0007147962831
mineID,746,1041,int,1,0.0007147962831
mineID,747,1042,int,1,0.0007147962831
mineID,748,1043,int,1,0.0007147962831
mineID,749,1044,int,1,0.0007147962831
mineID,750,1045,int,1,0.0007147962831
mineID,751,1046,int,1,0.0007147962831
mineID,752,1047,int,1,0.0007147962831
mineID,753,1048,int,1,0.0007147962831
mineID,754,1049,int,1,0.0007147962831
mineID,755,1051,int,1,0.0007147962831
mineID,756,1052,int,1,0.0007147962831
mineID,757,1053,int,1,0.0007147962831
mineID,758,1054,int,1,0.0007147962831
mineID,759,1055,int,1,0.0007147962831
mineID,760,1056,int,1,0.0007147962831
mineID,761,1057,int,1,0.0007147962831
mineID,762,1058,int,1,0.0007147962831
mineID,763,1059,int,1,0.0007147962831
mineID,764,1060,int,1,0.0007147962831
mineID,765,1061,int,1,0.0007147962831
mineID,766,1062,int,1,0.0007147962831
mineID,767,1063,int,1,0.0007147962831
mineID,768,1064,int,1,0.0007147962831
mineID,769,1065,int,1,0.0007147962831
mineID,770,1066,int,1,0.0007147962831
mineID,771,1067,int,1,0.0007147962831
mineID,772,1068,int,1,0.0007147962831
mineID,773,1069,int,1,0.0007147962831
mineID,774,1070,int,1,0.0007147962831
mineID,775,1071,int,1,0.0007147962831
mineID,776,1072,int,1,0.0007147962831
mineID,777,1073,int,1,0.0007147962831
mineID,778,1074,int,1,0.0007147962831
mineID,779,1075,int,1,0.0007147962831
mineID,780,1076,int,1,0.0007147962831
mineID,781,1077,int,1,0.0007147962831
mineID,782,1079,int,1,0.0007147962831
mineID,783,1080,int,1,0.0007147962831
mineID,784,1081,int,1,0.0007147962831
mineID,785,1082,int,1,0.0007147962831
mineID,786,1083,int,1,0.0007147962831
mineID,787,1084,int,1,0.0007147962831
mineID,788,1085,int,1,0.0007147962831
mineID,789,1086,int,1,0.0007147962831
mineID,790,1087,int,1,0.0007147962831
mineID,791,1089,int,1,0.0007147962831
mineID,792,1090,int,1,0.0007147962831
mineID,793,1091,int,1,0.0007147962831
mineID,794,1092,int,1,0.0007147962831
mineID,795,1093,int,1,0.0007147962831
mineID,796,1094,int,1,0.0007147962831
mineID,797,1095,int,1,0.0007147962831
mineID,798,1096,int,1,0.0007147962831
mineID,799,1097,int,1,0.0007147962831
mineID,800,1098,int,1,0.0007147962831
mineID,801,1099,int,1,0.0007147962831
mineID,802,1100,int,1,0.0007147962831
mineID,803,1101,int,1,0.0007147962831
mineID,804,1102,int,1,0.0007147962831
mineID,805,1103,int,1,0.0007147962831
mineID,806,1104,int,1,0.0007147962831
mineID,807,1108,int,1,0.0007147962831
mineID,808,1109,int,1,0.0007147962831
mineID,809,1110,int,1,0.0007147962831
mineID,810,1111,int,1,0.0007147962831
mineID,811,1112,int,1,0.0007147962831
mineID,812,1113,int,1,0.0007147962831
mineID,813,1115,int,1,0.0007147962831
mineID,814,1117,int,1,0.0007147962831
mineID,815,1118,int,1,0.0007147962831
mineID,816,1119,int,1,0.0007147962831
mineID,817,1120,int,1,0.0007147962831
mineID,818,1121,int,1,0.0007147962831
mineID,819,1122,int,1,0.0007147962831
mineID,820,1123,int,1,0.0007147962831
mineID,821,1124,int,1,0.0007147962831
mineID,822,1125,int,1,0.0007147962831
mineID,823,1126,int,1,0.0007147962831
mineID,824,1127,int,1,0.0007147962831
mineID,825,1129,int,1,0.0007147962831
mineID,826,1130,int,1,0.0007147962831
mineID,827,1131,int,1,0.0007147962831
mineID,828,1132,int,1,0.0007147962831
mineID,829,1133,int,1,0.0007147962831
mineID,830,1134,int,1,0.0007147962831
mineID,831,1135,int,1,0.0007147962831
mineID,832,1136,int,1,0.0007147962831
mineID,833,1137,int,1,0.0007147962831
mineID,834,1138,int,1,0.0007147962831
mineID,835,1139,int,1,0.0007147962831
mineID,836,1140,int,1,0.0007147962831
mineID,837,1141,int,1,0.0007147962831
mineID,838,1142,int,1,0.0007147962831
mineID,839,1143,int,1,0.0007147962831
mineID,840,1144,int,1,0.0007147962831
mineID,841,1145,int,1,0.0007147962831
mineID,842,1146,int,1,0.0007147962831
mineID,843,1147,int,1,0.0007147962831
mineID,844,1148,int,1,0.0007147962831
mineID,845,1150,int,1,0.0007147962831
mineID,846,1151,int,1,0.0007147962831
mineID,847,1152,int,1,0.0007147962831
mineID,848,1153,int,1,0.0007147962831
mineID,849,1154,int,1,0.0007147962831
mineID,850,1155,int,1,0.0007147962831
mineID,851,1156,int,1,0.0007147962831
mineID,852,1157,int,1,0.0007147962831
mineID,853,1158,int,1,0.0007147962831
mineID,854,1159,int,1,0.0007147962831
mineID,855,1160,int,1,0.0007147962831
mineID,856,1161,int,1,0.0007147962831
mineID,857,1162,int,1,0.0007147962831
mineID,858,1163,int,1,0.0007147962831
mineID,859,1164,int,1,0.0007147962831
mineID,860,1165,int,1,0.0007147962831
mineID,861,1166,int,1,0.0007147962831
mineID,862,1167,int,1,0.0007147962831
mineID,863,1168,int,1,0.0007147962831
mineID,864,1169,int,1,0.0007147962831
mineID,865,1170,int,1,0.0007147962831
mineID,866,1171,int,1,0.0007147962831
mineID,867,1172,int,1,0.0007147962831
mineID,868,1173,int,1,0.0007147962831
mineID,869,1174,int,1,0.0007147962831
mineID,870,1175,int,1,0.0007147962831
mineID,871,1176,int,1,0.0007147962831
mineID,872,1177,int,1,0.0007147962831
mineID,873,1178,int,1,0.0007147962831
mineID,874,1179,int,1,0.0007147962831
mineID,875,1180,int,1,0.0007147962831
mineID,876,1181,int,1,0.0007147962831
mineID,877,1182,int,1,0.0007147962831
mineID,878,1183,int,1,0.0007147962831
mineID,879,1184,int,1,0.0007147962831
mineID,880,1185,int,1,0.0007147962831
mineID,881,1186,int,1,0.0007147962831
mineID,882,1187,int,1,0.0007147962831
mineID,883,1188,int,1,0.0007147962831
mineID,884,1189,int,1,0.0007147962831
mineID,885,1190,int,1,0.0007147962831
mineID,886,1191,int,1,0.0007147962831
mineID,887,1192,int,1,0.0007147962831
mineID,888,1193,int,1,0.0007147962831
mineID,889,1194,int,1,0.0007147962831
mineID,890,1195,int,1,0.0007147962831
mineID,891,1196,int,1,0.0007147962831
mineID,892,1197,int,1,0.0007147962831
mineID,893,1200,int,1,0.0007147962831
mineID,894,1201,int,1,0.0007147962831
mineID,895,1202,int,1,0.0007147962831
mineID,896,1203,int,1,0.0007147962831
mineID,897,1204,int,1,0.0007147962831
mineID,898,1205,int,1,0.0007147962831
mineID,899,1206,int,1,0.0007147962831
mineID,900,1207,int,1,0.0007147962831
mineID,901,1208,int,1,0.0007147962831
mineID,902,1209,int,1,0.0007147962831
mineID,903,1210,int,1,0.0007147962831
mineID,904,1211,int,1,0.0007147962831
mineID,905,1212,int,1,0.0007147962831
mineID,906,1213,int,1,0.0007147962831
mineID,907,1214,int,1,0.0007147962831
mineID,908,1215,int,1,0.0007147962831
mineID,909,1216,int,1,0.0007147962831
mineID,910,1217,int,1,0.0007147962831
mineID,911,1218,int,1,0.0007147962831
mineID,912,1219,int,1,0.0007147962831
mineID,913,1220,int,1,0.0007147962831
mineID,914,1221,int,1,0.0007147962831
mineID,915,1222,int,1,0.0007147962831
mineID,916,1223,int,1,0.0007147962831
mineID,917,1224,int,1,0.0007147962831
mineID,918,1225,int,1,0.0007147962831
mineID,919,1226,int,1,0.0007147962831
mineID,920,1227,int,1,0.0007147962831
mineID,921,1228,int,1,0.0007147962831
mineID,922,1229,int,1,0.0007147962831
mineID,923,1230,int,1,0.0007147962831
mineID,924,1231,int,1,0.0007147962831
mineID,925,1232,int,1,0.0007147962831
mineID,926,1233,int,1,0.0007147962831
mineID,927,1234,int,1,0.0007147962831
mineID,928,1235,int,1,0.0007147962831
mineID,929,1236,int,1,0.0007147962831
mineID,930,1237,int,1,0.0007147962831
mineID,931,1238,int,1,0.0007147962831
mineID,932,1239,int,1,0.0007147962831
mineID,933,1240,int,1,0.0007147962831
mineID,934,1241,int,1,0.0007147962831
mineID,935,1242,int,1,0.0007147962831
mineID,936,1243,int,1,0.0007147962831
mineID,937,1244,int,1,0.0007147962831
mineID,938,1245,int,1,0.0007147962831
mineID,939,1246,int,1,0.0007147962831
mineID,940,1247,int,1,0.0007147962831
mineID,941,1248,int,1,0.0007147962831
mineID,942,1249,int,1,0.0007147962831
mineID,943,1250,int,1,0.0007147962831
mineID,944,1251,int,1,0.0007147962831
mineID,945,1252,int,1,0.0007147962831
mineID,946,1253,int,1,0.0007147962831
mineID,947,1254,int,1,0.0007147962831
mineID,948,1255,int,1,0.0007147962831
mineID,949,1257,int,1,0.0007147962831
mineID,950,1258,int,1,0.0007147962831
mineID,951,1259,int,1,0.0007147962831
mineID,952,1260,int,1,0.0007147962831
mineID,953,1261,int,1,0.0007147962831
mineID,954,1262,int,1,0.0007147962831
mineID,955,1264,int,1,0.0007147962831
mineID,956,1265,int,1,0.0007147962831
mineID,957,1266,int,1,0.0007147962831
mineID,958,1267,int,1,0.0007147962831
mineID,959,1268,int,1,0.0007147962831
mineID,960,1269,int,1,0.0007147962831
mineID,961,1270,int,1,0.0007147962831
mineID,962,1271,int,1,0.0007147962831
mineID,963,1272,int,1,0.0007147962831
mineID,964,1273,int,1,0.0007147962831
mineID,965,1274,int,1,0.0007147962831
mineID,966,1275,int,1,0.0007147962831
mineID,967,1276,int,1,0.0007147962831
mineID,968,1277,int,1,0.0007147962831
mineID,969,1278,int,1,0.0007147962831
mineID,970,1279,int,1,0.0007147962831
mineID,971,1280,int,1,0.0007147962831
mineID,972,1281,int,1,0.0007147962831
mineID,973,1282,int,1,0.0007147962831
mineID,974,1283,int,1,0.0007147962831
mineID,975,1284,int,1,0.0007147962831
mineID,976,1285,int,1,0.0007147962831
mineID,977,1286,int,1,0.0007147962831
mineID,978,1287,int,1,0.0007147962831
mineID,979,1289,int,1,0.0007147962831
mineID,980,1290,int,1,0.0007147962831
mineID,981,1292,int,1,0.0007147962831
mineID,982,1293,int,1,0.0007147962831
mineID,983,1294,int,1,0.0007147962831
mineID,984,1295,int,1,0.0007147962831
mineID,985,1296,int,1,0.0007147962831
mineID,986,1297,int,1,0.0007147962831
mineID,987,1298,int,1,0.0007147962831
mineID,988,1299,int,1,0.0007147962831
mineID,989,1300,int,1,0.0007147962831
mineID,990,1301,int,1,0.0007147962831
mineID,991,1302,int,1,0.0007147962831
mineID,992,1303,int,1,0.0007147962831
mineID,993,1304,int,1,0.0007147962831
mineID,994,1305,int,1,0.0007147962831
mineID,995,1306,int,1,0.0007147962831
mineID,996,1307,int,1,0.0007147962831
mineID,997,1308,int,1,0.0007147962831
mineID,998,1309,int,1,0.0007147962831
mineID,999,1310,int,1,0.0007147962831
mineID,1000,1311,int,1,0.0007147962831
mineID,1001,1312,int,1,0.0007147962831
mineID,1002,1313,int,1,0.0007147962831
mineID,1003,1314,int,1,0.0007147962831
mineID,1004,1315,int,1,0.0007147962831
mineID,1005,1316,int,1,0.0007147962831
mineID,1006,1317,int,1,0.0007147962831
mineID,1007,1318,int,1,0.0007147962831
mineID,1008,1319,int,1,0.0007147962831
mineID,1009,1320,int,1,0.0007147962831
mineID,1010,1321,int,1,0.0007147962831
mineID,1011,1322,int,1,0.0007147962831
mineID,1012,1323,int,1,0.0007147962831
mineID,1013,1324,int,1,0.0007147962831
mineID,1014,1325,int,1,0.0007147962831
mineID,1015,1326,int,1,0.0007147962831
mineID,1016,1327,int,1,0.0007147962831
mineID,1017,1328,int,1,0.0007147962831
mineID,1018,1329,int,1,0.0007147962831
mineID,1019,1330,int,1,0.0007147962831
mineID,1020,1331,int,1,0.0007147962831
mineID,1021,1332,int,1,0.0007147962831
mineID,1022,1333,int,1,0.0007147962831
mineID,1023,1334,int,1,0.0007147962831
mineID,1024,1335,int,1,0.0007147962831
mineID,1025,1336,int,1,0.0007147962831
mineID,1026,1337,int,1,0.0007147962831
mineID,1027,1338,int,1,0.0007147962831
mineID,1028,1339,int,1,0.0007147962831
mineID,1029,1340,int,1,0.0007147962831
mineID,1030,1341,int,1,0.0007147962831
mineID,1031,1342,int,1,0.0007147962831
mineID,1032,1343,int,1,0.0007147962831
mineID,1033,1344,int,1,0.0007147962831
mineID,1034,1345,int,1,0.0007147962831
mineID,1035,1346,int,1,0.0007147962831
mineID,1036,1347,int,1,0.0007147962831
mineID,1037,1348,int,1,0.0007147962831
mineID,1038,1349,int,1,0.0007147962831
mineID,1039,1350,int,1,0.0007147962831
mineID,1040,1351,int,1,0.0007147962831
mineID,1041,1352,int,1,0.0007147962831
mineID,1042,1354,int,1,0.0007147962831
mineID,1043,1355,int,1,0.0007147962831
mineID,1044,1356,int,1,0.0007147962831
mineID,1045,1357,int,1,0.0007147962831
mineID,1046,1358,int,1,0.0007147962831
mineID,1047,1359,int,1,0.0007147962831
mineID,1048,1360,int,1,0.0007147962831
mineID,1049,1361,int,1,0.0007147962831
mineID,1050,1362,int,1,0.0007147962831
mineID,1051,1363,int,1,0.0007147962831
mineID,1052,1364,int,1,0.0007147962831
mineID,1053,1365,int,1,0.0007147962831
mineID,1054,1366,int,1,0.0007147962831
mineID,1055,1367,int,1,0.0007147962831
mineID,1056,1368,int,1,0.0007147962831
mineID,1057,1369,int,1,0.0007147962831
mineID,1058,1370,int,1,0.0007147962831
mineID,1059,1371,int,1,0.0007147962831
mineID,1060,1373,int,1,0.0007147962831
mineID,1061,1374,int,1,0.0007147962831
mineID,1062,1375,int,1,0.0007147962831
mineID,1063,1376,int,1,0.0007147962831
mineID,1064,1377,int,1,0.0007147962831
mineID,1065,1378,int,1,0.0007147962831
mineID,1066,1379,int,1,0.0007147962831
mineID,1067,1380,int,1,0.0007147962831
mineID,1068,1381,int,1,0.0007147962831
mineID,1069,1382,int,1,0.0007147962831
mineID,1070,1383,int,1,0.0007147962831
mineID,1071,1384,int,1,0.0007147962831
mineID,1072,1385,int,1,0.0007147962831
mineID,1073,1386,int,1,0.0007147962831
mineID,1074,1388,int,1,0.0007147962831
mineID,1075,1389,int,1,0.0007147962831
mineID,1076,1390,int,1,0.0007147962831
mineID,1077,1391,int,1,0.0007147962831
mineID,1078,1392,int,1,0.0007147962831
mineID,1079,1393,int,1,0.0007147962831
mineID,1080,1394,int,1,0.0007147962831
mineID,1081,1395,int,1,0.0007147962831
mineID,1082,1396,int,1,0.0007147962831
mineID,1083,1397,int,1,0.0007147962831
mineID,1084,1399,int,1,0.0007147962831
mineID,1085,1400,int,1,0.0007147962831
mineID,1086,1401,int,1,0.0007147962831
mineID,1087,1402,int,1,0.0007147962831
mineID,1088,1403,int,1,0.0007147962831
mineID,1089,1404,int,1,0.0007147962831
mineID,1090,1405,int,1,0.0007147962831
mineID,1091,1406,int,1,0.0007147962831
mineID,1092,1407,int,1,0.0007147962831
mineID,1093,1408,int,1,0.0007147962831
mineID,1094,1409,int,1,0.0007147962831
mineID,1095,1410,int,1,0.0007147962831
mineID,1096,1411,int,1,0.0007147962831
mineID,1097,1412,int,1,0.0007147962831
mineID,1098,1413,int,1,0.0007147962831
mineID,1099,1414,int,1,0.0007147962831
mineID,1100,1415,int,1,0.0007147962831
mineID,1101,1416,int,1,0.0007147962831
mineID,1102,1417,int,1,0.0007147962831
mineID,1103,1418,int,1,0.0007147962831
mineID,1104,1420,int,1,0.0007147962831
mineID,1105,1421,int,1,0.0007147962831
mineID,1106,1422,int,1,0.0007147962831
mineID,1107,1423,int,1,0.0007147962831
mineID,1108,1424,int,1,0.0007147962831
mineID,1109,1425,int,1,0.0007147962831
mineID,1110,1426,int,1,0.0007147962831
mineID,1111,1427,int,1,0.0007147962831
mineID,1112,1429,int,1,0.0007147962831
mineID,1113,1430,int,1,0.0007147962831
mineID,1114,1431,int,1,0.0007147962831
mineID,1115,1432,int,1,0.0007147962831
mineID,1116,1434,int,1,0.0007147962831
mineID,1117,1436,int,1,0.0007147962831
mineID,1118,1437,int,1,0.0007147962831
mineID,1119,1438,int,1,0.0007147962831
mineID,1120,1439,int,1,0.0007147962831
mineID,1121,1440,int,1,0.0007147962831
mineID,1122,1441,int,1,0.0007147962831
mineID,1123,1442,int,1,0.0007147962831
mineID,1124,1443,int,1,0.0007147962831
mineID,1125,1444,int,1,0.0007147962831
mineID,1126,1445,int,1,0.0007147962831
mineID,1127,1446,int,1,0.0007147962831
mineID,1128,1447,int,1,0.0007147962831
mineID,1129,1449,int,1,0.0007147962831
mineID,1130,1450,int,1,0.0007147962831
mineID,1131,1451,int,1,0.0007147962831
mineID,1132,1452,int,1,0.0007147962831
mineID,1133,1453,int,1,0.0007147962831
mineID,1134,1454,int,1,0.0007147962831
mineID,1135,1455,int,1,0.0007147962831
mineID,1136,1456,int,1,0.0007147962831
mineID,1137,1457,int,1,0.0007147962831
mineID,1138,1458,int,1,0.0007147962831
mineID,1139,1459,int,1,0.0007147962831
mineID,1140,1460,int,1,0.0007147962831
mineID,1141,1461,int,1,0.0007147962831
mineID,1142,1462,int,1,0.0007147962831
mineID,1143,1463,int,1,0.0007147962831
mineID,1144,1464,int,1,0.0007147962831
mineID,1145,1465,int,1,0.0007147962831
mineID,1146,1466,int,1,0.0007147962831
mineID,1147,1467,int,1,0.0007147962831
mineID,1148,1468,int,1,0.0007147962831
mineID,1149,1469,int,1,0.0007147962831
mineID,1150,1470,int,1,0.0007147962831
mineID,1151,1471,int,1,0.0007147962831
mineID,1152,1472,int,1,0.0007147962831
mineID,1153,1473,int,1,0.0007147962831
mineID,1154,1474,int,1,0.0007147962831
mineID,1155,1475,int,1,0.0007147962831
mineID,1156,1478,int,1,0.0007147962831
mineID,1157,1479,int,1,0.0007147962831
mineID,1158,1480,int,1,0.0007147962831
mineID,1159,1481,int,1,0.0007147962831
mineID,1160,1482,int,1,0.0007147962831
mineID,1161,1483,int,1,0.0007147962831
mineID,1162,1484,int,1,0.0007147962831
mineID,1163,1485,int,1,0.0007147962831
mineID,1164,1486,int,1,0.0007147962831
mineID,1165,1487,int,1,0.0007147962831
mineID,1166,1488,int,1,0.0007147962831
mineID,1167,1489,int,1,0.0007147962831
mineID,1168,1490,int,1,0.0007147962831
mineID,1169,1491,int,1,0.0007147962831
mineID,1170,1492,int,1,0.0007147962831
mineID,1171,1493,int,1,0.0007147962831
mineID,1172,1494,int,1,0.0007147962831
mineID,1173,1495,int,1,0.0007147962831
mineID,1174,1496,int,1,0.0007147962831
mineID,1175,1497,int,1,0.0007147962831
mineID,1176,1498,int,1,0.0007147962831
mineID,1177,1499,int,1,0.0007147962831
mineID,1178,1500,int,1,0.0007147962831
mineID,1179,1501,int,1,0.0007147962831
mineID,1180,1502,int,1,0.0007147962831
mineID,1181,1503,int,1,0.0007147962831
mineID,1182,1504,int,1,0.0007147962831
mineID,1183,1505,int,1,0.0007147962831
mineID,1184,1506,int,1,0.0007147962831
mineID,1185,1507,int,1,0.0007147962831
mineID,1186,1508,int,1,0.0007147962831
mineID,1187,1509,int,1,0.0007147962831
mineID,1188,1510,int,1,0.0007147962831
mineID,1189,1511,int,1,0.0007147962831
mineID,1190,1512,int,1,0.0007147962831
mineID,1191,1513,int,1,0.0007147962831
mineID,1192,1514,int,1,0.0007147962831
mineID,1193,1515,int,1,0.0007147962831
mineID,1194,1516,int,1,0.0007147962831
mineID,1195,1517,int,1,0.0007147962831
mineID,1196,1518,int,1,0.0007147962831
mineID,1197,1519,int,1,0.0007147962831
mineID,1198,1520,int,1,0.0007147962831
mineID,1199,1521,int,1,0.0007147962831
mineID,1200,1522,int,1,0.0007147962831
mineID,1201,1528,int,1,0.0007147962831
mineID,1202,1530,int,1,0.0007147962831
mineID,1203,1531,int,1,0.0007147962831
mineID,1204,1532,int,1,0.0007147962831
mineID,1205,1533,int,1,0.0007147962831
mineID,1206,1534,int,1,0.0007147962831
mineID,1207,1535,int,1,0.0007147962831
mineID,1208,1536,int,1,0.0007147962831
mineID,1209,1537,int,1,0.0007147962831
mineID,1210,1538,int,1,0.0007147962831
mineID,1211,1539,int,1,0.0007147962831
mineID,1212,1541,int,1,0.0007147962831
mineID,1213,1542,int,1,0.0007147962831
mineID,1214,1543,int,1,0.0007147962831
mineID,1215,1544,int,1,0.0007147962831
mineID,1216,1545,int,1,0.0007147962831
mineID,1217,1546,int,1,0.0007147962831
mineID,1218,1547,int,1,0.0007147962831
mineID,1219,1548,int,1,0.0007147962831
mineID,1220,1550,int,1,0.0007147962831
mineID,1221,1551,int,1,0.0007147962831
mineID,1222,1552,int,1,0.0007147962831
mineID,1223,1554,int,1,0.0007147962831
mineID,1224,1555,int,1,0.0007147962831
mineID,1225,1556,int,1,0.0007147962831
mineID,1226,1558,int,1,0.0007147962831
mineID,1227,1559,int,1,0.0007147962831
mineID,1228,1560,int,1,0.0007147962831
mineID,1229,1561,int,1,0.0007147962831
mineID,1230,1562,int,1,0.0007147962831
mineID,1231,1563,int,1,0.0007147962831
mineID,1232,1603,int,1,0.0007147962831
mineID,1233,1604,int,1,0.0007147962831
mineID,1234,1605,int,1,0.0007147962831
mineID,1235,1606,int,1,0.0007147962831
mineID,1236,1607,int,1,0.0007147962831
mineID,1237,1608,int,1,0.0007147962831
mineID,1238,1609,int,1,0.0007147962831
mineID,1239,1610,int,1,0.0007147962831
mineID,1240,1612,int,1,0.0007147962831
mineID,1241,1613,int,1,0.0007147962831
mineID,1242,1614,int,1,0.0007147962831
mineID,1243,1615,int,1,0.0007147962831
mineID,1244,1616,int,1,0.0007147962831
mineID,1245,1618,int,1,0.0007147962831
mineID,1246,1619,int,1,0.0007147962831
mineID,1247,1620,int,1,0.0007147962831
mineID,1248,1622,int,1,0.0007147962831
mineID,1249,1623,int,1,0.0007147962831
mineID,1250,1624,int,1,0.0007147962831
mineID,1251,1625,int,1,0.0007147962831
mineID,1252,1626,int,1,0.0007147962831
mineID,1253,1627,int,1,0.0007147962831
mineID,1254,1628,int,1,0.0007147962831
mineID,1255,1631,int,1,0.0007147962831
mineID,1256,1632,int,1,0.0007147962831
mineID,1257,1633,int,1,0.0007147962831
mineID,1258,1634,int,1,0.0007147962831
mineID,1259,1635,int,1,0.0007147962831
mineID,1260,1636,int,1,0.0007147962831
mineID,1261,1637,int,1,0.0007147962831
mineID,1262,1638,int,1,0.0007147962831
mineID,1263,1639,int,1,0.0007147962831
mineID,1264,1640,int,1,0.0007147962831
mineID,1265,1641,int,1,0.0007147962831
mineID,1266,1642,int,1,0.0007147962831
mineID,1267,1643,int,1,0.0007147962831
mineID,1268,1644,int,1,0.0007147962831
mineID,1269,1645,int,1,0.0007147962831
mineID,1270,1646,int,1,0.0007147962831
mineID,1271,1647,int,1,0.0007147962831
mineID,1272,1648,int,1,0.0007147962831
mineID,1273,1649,int,1,0.0007147962831
mineID,1274,1650,int,1,0.0007147962831
mineID,1275,1651,int,1,0.0007147962831
mineID,1276,1652,int,1,0.0007147962831
mineID,1277,1653,int,1,0.0007147962831
mineID,1278,1654,int,1,0.0007147962831
mineID,1279,1655,int,1,0.0007147962831
mineID,1280,1656,int,1,0.0007147962831
mineID,1281,1657,int,1,0.0007147962831
mineID,1282,1658,int,1,0.0007147962831
mineID,1283,1659,int,1,0.0007147962831
mineID,1284,1660,int,1,0.0007147962831
mineID,1285,1661,int,1,0.0007147962831
mineID,1286,1662,int,1,0.0007147962831
mineID,1287,1663,int,1,0.0007147962831
mineID,1288,1664,int,1,0.0007147962831
mineID,1289,1665,int,1,0.0007147962831
mineID,1290,1666,int,1,0.0007147962831
mineID,1291,1667,int,1,0.0007147962831
mineID,1292,1668,int,1,0.0007147962831
mineID,1293,1671,int,1,0.0007147962831
mineID,1294,1672,int,1,0.0007147962831
mineID,1295,1673,int,1,0.0007147962831
mineID,1296,1675,int,1,0.0007147962831
mineID,1297,1676,int,1,0.0007147962831
mineID,1298,1677,int,1,0.0007147962831
mineID,1299,1678,int,1,0.0007147962831
mineID,1300,1679,int,1,0.0007147962831
mineID,1301,1680,int,1,0.0007147962831
mineID,1302,1681,int,1,0.0007147962831
mineID,1303,1682,int,1,0.0007147962831
mineID,1304,1683,int,1,0.0007147962831
mineID,1305,1684,int,1,0.0007147962831
mineID,1306,1685,int,1,0.0007147962831
mineID,1307,1686,int,1,0.0007147962831
mineID,1308,1687,int,1,0.0007147962831
mineID,1309,1688,int,1,0.0007147962831
mineID,1310,1689,int,1,0.0007147962831
mineID,1311,1690,int,1,0.0007147962831
mineID,1312,1691,int,1,0.0007147962831
mineID,1313,1692,int,1,0.0007147962831
mineID,1314,1693,int,1,0.0007147962831
mineID,1315,1694,int,1,0.0007147962831
mineID,1316,1695,int,1,0.0007147962831
mineID,1317,1696,int,1,0.0007147962831
mineID,1318,1697,int,1,0.0007147962831
mineID,1319,1698,int,1,0.0007147962831
mineID,1320,1699,int,1,0.0007147962831
mineID,1321,1700,int,1,0.0007147962831
mineID,1322,1701,int,1,0.0007147962831
mineID,1323,1702,int,1,0.0007147962831
mineID,1324,1703,int,1,0.0007147962831
mineID,1325,1704,int,1,0.0007147962831
mineID,1326,1705,int,1,0.0007147962831
mineID,1327,1706,int,1,0.0007147962831
mineID,1328,1707,int,1,0.0007147962831
mineID,1329,1708,int,1,0.0007147962831
mineID,1330,1709,int,1,0.0007147962831
mineID,1331,1710,int,1,0.0007147962831
mineID,1332,1711,int,1,0.0007147962831
mineID,1333,1712,int,1,0.0007147962831
mineID,1334,1713,int,1,0.0007147962831
mineID,1335,1714,int,1,0.0007147962831
mineID,1336,1715,int,1,0.0007147962831
mineID,1337,1716,int,1,0.0007147962831
mineID,1338,1717,int,1,0.0007147962831
mineID,1339,1718,int,1,0.0007147962831
mineID,1340,1719,int,1,0.0007147962831
mineID,1341,1720,int,1,0.0007147962831
mineID,1342,1721,int,1,0.0007147962831
mineID,1343,1722,int,1,0.0007147962831
mineID,1344,1723,int,1,0.0007147962831
mineID,1345,1724,int,1,0.0007147962831
mineID,1346,1725,int,1,0.0007147962831
mineID,1347,1726,int,1,0.0007147962831
mineID,1348,1727,int,1,0.0007147962831
mineID,1349,1728,int,1,0.0007147962831
mineID,1350,1729,int,1,0.0007147962831
mineID,1351,1730,int,1,0.0007147962831
mineID,1352,1731,int,1,0.0007147962831
mineID,1353,1732,int,1,0.0007147962831
mineID,1354,1733,int,1,0.0007147962831
mineID,1355,1734,int,1,0.0007147962831
mineID,1356,1735,int,1,0.0007147962831
mineID,1357,1736,int,1,0.0007147962831
mineID,1358,1737,int,1,0.0007147962831
mineID,1359,1738,int,1,0.0007147962831
mineID,1360,1739,int,1,0.0007147962831
mineID,1361,1740,int,1,0.0007147962831
mineID,1362,1741,int,1,0.0007147962831
mineID,1363,1742,int,1,0.0007147962831
mineID,1364,1743,int,1,0.0007147962831
mineID,1365,1744,int,1,0.0007147962831
mineID,1366,1745,int,1,0.0007147962831
mineID,1367,1746,int,1,0.0007147962831
mineID,1368,1747,int,1,0.0007147962831
mineID,1369,1748,int,1,0.0007147962831
mineID,1370,1749,int,1,0.0007147962831
mineID,1371,1750,int,1,0.0007147962831
mineID,1372,1751,int,1,0.0007147962831
mineID,1373,1752,int,1,0.0007147962831
mineID,1374,1753,int,1,0.0007147962831
mineID,1375,1754,int,1,0.0007147962831
mineID,1376,1755,int,1,0.0007147962831
mineID,1377,1756,int,1,0.0007147962831
mineID,1378,1757,int,1,0.0007147962831
mineID,1379,1759,int,1,0.0007147962831
mineID,1380,1761,int,1,0.0007147962831
mineID,1381,1762,int,1,0.0007147962831
mineID,1382,1763,int,1,0.0007147962831
mineID,1383,1764,int,1,0.0007147962831
mineID,1384,1765,int,1,0.0007147962831
mineID,1385,1766,int,1,0.0007147962831
mineID,1386,1767,int,1,0.0007147962831
mineID,1387,1768,int,1,0.0007147962831
mineID,1388,1769,int,1,0.0007147962831
mineID,1389,1770,int,1,0.0007147962831
mineID,1390,1771,int,1,0.0007147962831
mineID,1391,1772,int,1,0.0007147962831
mineID,1392,1773,int,1,0.0007147962831
mineID,1393,1774,int,1,0.0007147962831
mineID,1394,1775,int,1,0.0007147962831
mineID,1395,1776,int,1,0.0007147962831
mineID,1396,1777,int,1,0.0007147962831
mineID,1397,1778,int,1,0.0007147962831
mineID,1398,1779,int,1,0.0007147962831
mineID,1399,1780,int,1,0.0007147962831
site,1,Hărţăgani- Măgura Băii,str,4,0.002859185132
site,2,Cerro de la Mina,str,2,0.001429592566
site,3,Covas,str,2,0.001429592566
site,4,El Barrero,str,2,0.001429592566
site,5,Fornaza,str,2,0.001429592566
site,6,La Presa,str,2,0.001429592566
site,7,La Romana,str,2,0.001429592566
site,8,Lago,str,2,0.001429592566
site,9,Las Minillas,str,2,0.001429592566
site,10,Río Miño 2: Salvatierra: Las Nieves,str,2,0.001429592566
site,11,Valdeinfierno,str,2,0.001429592566
site,12,untitled,str,2,0.001429592566
site,13,Fizeş,str,2,0.001429592566
site,14,Hondol,str,2,0.001429592566
site,15,Săcărâmb,str,2,0.001429592566
site,16,Stănija,str,2,0.001429592566
site,17,Aljustrel,str,1,0.0007147962831
site,18,Atalaia de Alte,str,1,0.0007147962831
site,19,Avintes,str,1,0.0007147962831
site,20,Belmonte - Colmeal - Maçainhas,str,1,0.0007147962831
site,21,Brancanes,str,1,0.0007147962831
site,22,Buraco dos Mouros de Urros,str,1,0.0007147962831
site,23,Cabeço de Mua,str,1,0.0007147962831
site,24,Carvalhelos,str,1,0.0007147962831
site,25,Cerro da Mina,str,1,0.0007147962831
site,26,Cisterna dos Cães,str,1,0.0007147962831
site,27,Corta da Torre,str,1,0.0007147962831
site,28,Corta do Penedo das Bruxas,str,1,0.0007147962831
site,29,Covas de Mouros de Monte da Nó,str,1,0.0007147962831
site,30,Crugeira,str,1,0.0007147962831
site,31,Ervedosa,str,1,0.0007147962831
site,32,Escadia Grande,str,1,0.0007147962831
site,33,Folgadouro,str,1,0.0007147962831
site,34,Forca,str,1,0.0007147962831
site,35,França,str,1,0.0007147962831
site,36,Furados de Pombeiro,str,1,0.0007147962831
site,37,Grovelas,str,1,0.0007147962831
site,38,Herdade da Tinoca,str,1,0.0007147962831
site,39,Herdade do Montinho,str,1,0.0007147962831
site,40,Jales,str,1,0.0007147962831
site,41,Juliana,str,1,0.0007147962831
site,42,Lagares,str,1,0.0007147962831
site,43,Macedinho,str,1,0.0007147962831
site,44,Malhada,str,1,0.0007147962831
site,45,Meimoa,str,1,0.0007147962831
site,46,Milreu,str,1,0.0007147962831
site,47,Mina da Cabranca,str,1,0.0007147962831
site,48,Mina do Bugalho,str,1,0.0007147962831
site,49,Mina do Portal,str,1,0.0007147962831
site,50,Minancos,str,1,0.0007147962831
site,51,Monfortinho 1,str,1,0.0007147962831
site,52,Monfortinho 2,str,1,0.0007147962831
site,53,Monfortinho 3 (Fonte Santa),str,1,0.0007147962831
site,54,Monte Judeu,str,1,0.0007147962831
site,55,Noreia,str,1,0.0007147962831
site,56,Stavelot,str,1,0.0007147962831
site,57,Fojnica,str,1,0.0007147962831
site,58,Japra,str,1,0.0007147962831
site,59,Kreševo,str,1,0.0007147962831
site,60,Ostružnica,str,1,0.0007147962831
site,61,Rosinj,str,1,0.0007147962831
site,62,Uložnica,str,1,0.0007147962831
site,63,Agrokipia,str,1,0.0007147962831
site,64,Apliki,str,1,0.0007147962831
site,65,Asproyia,str,1,0.0007147962831
site,66,Ayios Mamas,str,1,0.0007147962831
site,67,Kalavassos,str,1,0.0007147962831
site,68,Kambia,str,1,0.0007147962831
site,69,Kynousa,str,1,0.0007147962831
site,70,Limni,str,1,0.0007147962831
site,71,Mathiatis,str,1,0.0007147962831
site,72,Mavrovouni,str,1,0.0007147962831
site,73,Mazokambos,str,1,0.0007147962831
site,74,Mitsero,str,1,0.0007147962831
site,75,Sha,str,1,0.0007147962831
site,76,Skouriotissa,str,1,0.0007147962831
site,77,Troulli,str,1,0.0007147962831
site,78,Abu Zawal,str,1,0.0007147962831
site,79,Atalla,str,1,0.0007147962831
site,80,Bir Umm Fawakhir,str,1,0.0007147962831
site,81,Dunqash,str,1,0.0007147962831
site,82,Gelli,str,1,0.0007147962831
site,83,Persou,str,1,0.0007147962831
site,84,Samut,str,1,0.0007147962831
site,85,Siqdit,str,1,0.0007147962831
site,86,Sukkari,str,1,0.0007147962831
site,87,Wadi el-Sid,str,1,0.0007147962831
site,88,Banca,str,1,0.0007147962831
site,89,Bastide de Serou,str,1,0.0007147962831
site,90,Bertartéa,str,1,0.0007147962831
site,91,Camp de César,str,1,0.0007147962831
site,92,Ceutrons,str,1,0.0007147962831
site,93,La Bellière,str,1,0.0007147962831
site,94,La Bessette,str,1,0.0007147962831
site,95,La Minayre,str,1,0.0007147962831
site,96,La Rodde,str,1,0.0007147962831
site,97,La Roussignole,str,1,0.0007147962831
site,98,Landaussia,str,1,0.0007147962831
site,99,Lascours,str,1,0.0007147962831
site,100,L'Assaladou,str,1,0.0007147962831
site,101,Le Bleymard,str,1,0.0007147962831
site,102,Les Miaules,str,1,0.0007147962831
site,103,Mougno,str,1,0.0007147962831
site,104,Pioch-Farrus,str,1,0.0007147962831
site,105,Pontgibaud,str,1,0.0007147962831
site,106,Sainte-Léocadie 1,str,1,0.0007147962831
site,107,Sainte-Léocadie 2,str,1,0.0007147962831
site,108,Sainte-Léocadie 3,str,1,0.0007147962831
site,109,Sallagosa 1,str,1,0.0007147962831
site,110,Sallagosa 2 ?,str,1,0.0007147962831
site,111,Sallagosa 3 ?,str,1,0.0007147962831
site,112,Tou de la Mine,str,1,0.0007147962831
site,113,Vialas,str,1,0.0007147962831
site,114,Villefranche-de-Rouergue,str,1,0.0007147962831
site,115,Aachen,str,1,0.0007147962831
site,116,Bad Ems,str,1,0.0007147962831
site,117,Bleiberg,str,1,0.0007147962831
site,118,Eifel,str,1,0.0007147962831
site,119,Keldenich,str,1,0.0007147962831
site,120,Mechernich,str,1,0.0007147962831
site,121,Sauerland (Brilon),str,1,0.0007147962831
site,122,Laurion,str,1,0.0007147962831
site,123,Thasos (mountains),str,1,0.0007147962831
site,124,Thorikos,str,1,0.0007147962831
site,125,Timna,str,1,0.0007147962831
site,126,Wadi Amram,str,1,0.0007147962831
site,127,Argentiera,str,1,0.0007147962831
site,128,Bessa,str,1,0.0007147962831
site,129,Fluminimaggiore,str,1,0.0007147962831
site,130,Malacalzetta,str,1,0.0007147962831
site,131,Massa Marittima,str,1,0.0007147962831
site,132,Monteponi,str,1,0.0007147962831
site,133,San Giorgo,str,1,0.0007147962831
site,134,San Giovanni,str,1,0.0007147962831
site,135,Faynan,str,1,0.0007147962831
site,136,Janjevo,str,1,0.0007147962831
site,137,Lece,str,1,0.0007147962831
site,138,Novo Brdo,str,1,0.0007147962831
site,139,Lanz,str,1,0.0007147962831
site,140,Nogueirinha,str,1,0.0007147962831
site,141,Outeiro Machado,str,1,0.0007147962831
site,142,Paulinos,str,1,0.0007147962831
site,143,Picalto,str,1,0.0007147962831
site,144,Pirâmide de Santa Justa,str,1,0.0007147962831
site,145,Poço das Freitas,str,1,0.0007147962831
site,146,Batocas (Poço das Freitas),str,1,0.0007147962831
site,147,Quarta Feira,str,1,0.0007147962831
site,148,Recarei,str,1,0.0007147962831
site,149,Río Miño 3: Rio Mouro,str,1,0.0007147962831
site,150,Río Miño 4: Monção,str,1,0.0007147962831
site,151,Río Ponsul,str,1,0.0007147962831
site,152,Ruy Gomes,str,1,0.0007147962831
site,153,San Domingos,str,1,0.0007147962831
site,154,San Salvador - Vila Verde,str,1,0.0007147962831
site,155,Santo Estevão,str,1,0.0007147962831
site,156,Seixo,str,1,0.0007147962831
site,157,Serra de Arga,str,1,0.0007147962831
site,158,Serra de Banjas / Mias das Banjas,str,1,0.0007147962831
site,159,Serra de Caveira,str,1,0.0007147962831
site,160,Serra de Queiriga,str,1,0.0007147962831
site,161,Serra de Santa Justa / Fojo das Pombas,str,1,0.0007147962831
site,162,Tagus 1: Mouriscas,str,1,0.0007147962831
site,163,Tagus 2: Abrantes,str,1,0.0007147962831
site,164,Tagus 3: Confluence Zêzere-Tagus,str,1,0.0007147962831
site,165,Tinas,str,1,0.0007147962831
site,166,Três Minas - Corta de Covas,str,1,0.0007147962831
site,167,Trincheiras,str,1,0.0007147962831
site,168,Vila Mou,str,1,0.0007147962831
site,169,Zambujal,str,1,0.0007147962831
site,170,Albac,str,1,0.0007147962831
site,171,Almaşu Mare,str,1,0.0007147962831
site,172,Alun,str,1,0.0007147962831
site,173,"Avram Iancu, Vidra de Sus",str,1,0.0007147962831
site,174,Baia de Criş,str,1,0.0007147962831
site,175,Baia de Criş - La Ptincuri,str,1,0.0007147962831
site,176,Băişoara,str,1,0.0007147962831
site,177,Băiţa ,str,1,0.0007147962831
site,178,"Băiţa - Dealul Ghergheleului, Gallery 3",str,1,0.0007147962831
site,179,"Băiţa - Dealul Ghergheleului, Gallery 4",str,1,0.0007147962831
site,180,"Băiţa - Dealul Ghergheleului, Gallery 2",str,1,0.0007147962831
site,181,"Băiţa - Dealul Ghergheleului, Gallery 5",str,1,0.0007147962831
site,182,"Băiţa - Dealul Ghergheleului, Gallery 1",str,1,0.0007147962831
site,183,Băiţa - Măgura,str,1,0.0007147962831
site,184,Băniţa,str,1,0.0007147962831
site,185,"Barbura - Dealul Mialu, Galeria +50",str,1,0.0007147962831
site,186,"Barbura - Dealul Mialu, Galeria Grimm",str,1,0.0007147962831
site,187,"Barbura - Dealul Mialu, Galeria Iosefi",str,1,0.0007147962831
site,188,Barbura - Dealul Piţiguş,str,1,0.0007147962831
site,189,"Bazinul Caraşului, Valea Ciclovei  ",str,1,0.0007147962831
site,190,Bistra,str,1,0.0007147962831
site,191,Bocşa - Cracul de Aur,str,1,0.0007147962831
site,192,Bolvaşniţa,str,1,0.0007147962831
site,193,Borlova,str,1,0.0007147962831
site,194,Bucium - Ieruga opencast,str,1,0.0007147962831
site,195,Bucium - Gaura Perii opencast,str,1,0.0007147962831
site,196,Bucium - Poduri,str,1,0.0007147962831
site,197,Bucium - Citera Slăveşoi (galeria Petru şi Pavel),str,1,0.0007147962831
site,198,Bucureşci,str,1,0.0007147962831
site,199,Câinelu de Sus - Galeria 1,str,1,0.0007147962831
site,200,Câinelu de Sus - Galeria 2,str,1,0.0007147962831
site,201,Câinelu de Sus - Galeria 3,str,1,0.0007147962831
site,202,Câinelu de Sus - Galeria 4,str,1,0.0007147962831
site,203,Câinelu de Sus - Galeria Gherghina,str,1,0.0007147962831
site,204,Câinelu de Sus - Galeria Josefi,str,1,0.0007147962831
site,205,Câinelu de Sus,str,1,0.0007147962831
site,206,Căraci - Adamul Nou,str,1,0.0007147962831
site,207,Căraci - Valea Şteampurilor,str,1,0.0007147962831
site,208,Căraci - Marcul,str,1,0.0007147962831
site,209,Ciclova Montană. Valea Ciclovei,str,1,0.0007147962831
site,210,Ciclova Română,str,1,0.0007147962831
site,211,Cinciş-Cerna - Teliuc,str,1,0.0007147962831
site,212,Coronini - Vărad,str,1,0.0007147962831
site,213,"Crăciuneşti - Dealul Sfredel, 3",str,1,0.0007147962831
site,214,"Crăciuneşti - Dealul Sfredel, 1",str,1,0.0007147962831
site,215,"Crăciuneşti - Dealul Sfredel, 2",str,1,0.0007147962831
site,216,Arroyo del Salgueral,str,1,0.0007147962831
site,217,Barranco de Santa Filomena,str,1,0.0007147962831
site,218,Barranco Hondillo,str,1,0.0007147962831
site,219,Barreiro,str,1,0.0007147962831
site,220,Barrio Nuevo,str,1,0.0007147962831
site,221,Begega - El Valle,str,1,0.0007147962831
site,222,Benllera,str,1,0.0007147962831
site,223,Berrocoso,str,1,0.0007147962831
site,224,Besullo,str,1,0.0007147962831
site,225,Braña de Avelleras,str,1,0.0007147962831
site,226,Brañalebrel,str,1,0.0007147962831
site,227,Brués,str,1,0.0007147962831
site,228,Buiran,str,1,0.0007147962831
site,229,Buñola,str,1,0.0007147962831
site,230,Burbia,str,1,0.0007147962831
site,231,Bustiello de Paredes,str,1,0.0007147962831
site,232,Cabeza del Agua,str,1,0.0007147962831
site,233,Cabezas del Pasto,str,1,0.0007147962831
site,234,Cabezo de la Reina,str,1,0.0007147962831
site,235,Cabezo de los Silos,str,1,0.0007147962831
site,236,Cabezo Hueca,str,1,0.0007147962831
site,237,Cabezo Rajado,str,1,0.0007147962831
site,238,Cabo de la Nao,str,1,0.0007147962831
site,239,Cádiz,str,1,0.0007147962831
site,240,Cala Reona,str,1,0.0007147962831
site,241,Calamón,str,1,0.0007147962831
site,242,Callejón de Matajaca,str,1,0.0007147962831
site,243,Campanario,str,1,0.0007147962831
site,244,Campo Antigua,str,1,0.0007147962831
site,245,Campo la Peral,str,1,0.0007147962831
site,246,Camporredondo,str,1,0.0007147962831
site,247,Canadá,str,1,0.0007147962831
site,248,Cancho Blanco,str,1,0.0007147962831
site,249,Candelaria,str,1,0.0007147962831
site,250,Candín I,str,1,0.0007147962831
site,251,Candín II,str,1,0.0007147962831
site,252,Cantos Blancos,str,1,0.0007147962831
site,253,Cara de Oso,str,1,0.0007147962831
site,254,Carbueiro,str,1,0.0007147962831
site,255,Carcabón de Orúa,str,1,0.0007147962831
site,256,Carcabonas de Merás,str,1,0.0007147962831
site,257,Cárcobas de Miudes,str,1,0.0007147962831
site,258,Cárcobas de Pena,str,1,0.0007147962831
site,259,Carmelita,str,1,0.0007147962831
site,260,"Carmino del Palo (I, II) - Arroyo del Cabrito (I, II, III)",str,1,0.0007147962831
site,261,Carris,str,1,0.0007147962831
site,262,Carrua de la Rata - El Lago,str,1,0.0007147962831
site,263,Casa de las Grobas I,str,1,0.0007147962831
site,264,Casa de las Grobas II,str,1,0.0007147962831
site,265,Casales,str,1,0.0007147962831
site,266,Casilla del Cobre,str,1,0.0007147962831
site,267,Castañedo,str,1,0.0007147962831
site,268,Castellar,str,1,0.0007147962831
site,269,Castillo Buitrón,str,1,0.0007147962831
site,270,Castillo de las Guardas,str,1,0.0007147962831
site,271,Castripicón,str,1,0.0007147962831
site,272,Castro del Río,str,1,0.0007147962831
site,273,Castropetre,str,1,0.0007147962831
site,274,Castropodame / Los Valles - Las Gándaras,str,1,0.0007147962831
site,275,Cavón del Pozo - Muro de la T.,str,1,0.0007147962831
site,276,Cecos I,str,1,0.0007147962831
site,277,Cecos II,str,1,0.0007147962831
site,278,Cecos III,str,1,0.0007147962831
site,279,Cecos IV,str,1,0.0007147962831
site,280,Cecos V,str,1,0.0007147962831
site,281,Cecos VI,str,1,0.0007147962831
site,282,Cerdanya - All Guilleteres sector 1 NE - 1,str,1,0.0007147962831
site,283,Cerdanya - All Guilleteres sector 1 NE - 2,str,1,0.0007147962831
site,284,Cerdanya - All Guilleteres sector 1 NE - 3,str,1,0.0007147962831
site,285,Cerdanya - All Guilleteres sector 1 NE - 4,str,1,0.0007147962831
site,286,Cerdanya - All Guilleteres sector 1 NE - new?,str,1,0.0007147962831
site,287,Cerro Castaño,str,1,0.0007147962831
site,288,Cerro de la Minas,str,1,0.0007147962831
site,289,Cerro de la Minillas,str,1,0.0007147962831
site,290,Cerro de la Orden,str,1,0.0007147962831
site,291,Cerro de las Cruces,str,1,0.0007147962831
site,292,Cerro de las Minillas,str,1,0.0007147962831
site,293,Cerro de los Almadenes,str,1,0.0007147962831
site,294,Cerro de los Venados,str,1,0.0007147962831
site,295,Cerro de Valfrío,str,1,0.0007147962831
site,296,Cerro del Conjuro,str,1,0.0007147962831
site,297,Cerro del Cuerno,str,1,0.0007147962831
site,298,Cerro del Cura,str,1,0.0007147962831
site,299,Cerro del Esparto,str,1,0.0007147962831
site,300,Cerro del Hierro,str,1,0.0007147962831
site,301,Cerro Minado,str,1,0.0007147962831
site,302,Cerro Muriano,str,1,0.0007147962831
site,303,Ceruñales,str,1,0.0007147962831
site,304,Cexo-Fontechid,str,1,0.0007147962831
site,305,Cha da Veiga,str,1,0.0007147962831
site,306,Chan do Cubeiro,str,1,0.0007147962831
site,307,Chana de Chamarada,str,1,0.0007147962831
site,308,Chana de Reguera,str,1,0.0007147962831
site,309,Chao Pedrazas,str,1,0.0007147962831
site,310,Chaparro Barrenado,str,1,0.0007147962831
site,311,Cheices,str,1,0.0007147962831
site,312,Chinflón,str,1,0.0007147962831
site,313,Cimera de la Collada / Los Collados - Las Vallinas,str,1,0.0007147962831
site,314,Cirujales,str,1,0.0007147962831
site,315,Cobas de Fornas,str,1,0.0007147962831
site,316,Cobatillas,str,1,0.0007147962831
site,317,Cogorderos I,str,1,0.0007147962831
site,318,Cogorderos II,str,1,0.0007147962831
site,319,Collada,str,1,0.0007147962831
site,320,Collado de Trasmundo,str,1,0.0007147962831
site,321,Colmenarejo,str,1,0.0007147962831
site,322,Comba,str,1,0.0007147962831
site,323,Compuerto,str,1,0.0007147962831
site,324,Concepción,str,1,0.0007147962831
site,325,Constantín,str,1,0.0007147962831
site,326,Corcoesto,str,1,0.0007147962831
site,327,Corno,str,1,0.0007147962831
site,328,Cornollo,str,1,0.0007147962831
site,329,Corpiño,str,1,0.0007147962831
site,330,Corralín I,str,1,0.0007147962831
site,331,Corralín II,str,1,0.0007147962831
site,332,Corralín III,str,1,0.0007147962831
site,333,Corrego de Brañal,str,1,0.0007147962831
site,334,Pozos / Corta Valladar,str,1,0.0007147962831
site,335,Cortas de Xuan Rata I,str,1,0.0007147962831
site,336,Cortas de Xuan Rata II,str,1,0.0007147962831
site,337,Cortijo de Peralbo,str,1,0.0007147962831
site,338,Coto Fortuna,str,1,0.0007147962831
site,339,Cotofia,str,1,0.0007147962831
site,340,Couso / Vega Misada - Los Lagos,str,1,0.0007147962831
site,341,Cousos,str,1,0.0007147962831
site,342,Covas / Covarradeiras,str,1,0.0007147962831
site,343,Cruz de la Curiaoz,str,1,0.0007147962831
site,344,Cuartín de los Moros,str,1,0.0007147962831
site,345,Cubillas,str,1,0.0007147962831
site,346,Cuenca del Oro,str,1,0.0007147962831
site,347,Cuentas,str,1,0.0007147962831
site,348,Cuesta de Romo,str,1,0.0007147962831
site,349,Cuesta del Caballo,str,1,0.0007147962831
site,350,Cueva de la Lapa,str,1,0.0007147962831
site,351,Cueva de la Mora,str,1,0.0007147962831
site,352,Cueva de la Paloma,str,1,0.0007147962831
site,353,Cueva de Xuan Rata,str,1,0.0007147962831
site,354,Cueva del Hierro,str,1,0.0007147962831
site,355,Cueva del Monje,str,1,0.0007147962831
site,356,Dehesa,str,1,0.0007147962831
site,357,Dehesa Boyal,str,1,0.0007147962831
site,358,Dehesa de Covatillas,str,1,0.0007147962831
site,359,Dehesa de la Mesa,str,1,0.0007147962831
site,360,Dehesa de los Llanos,str,1,0.0007147962831
site,361,Dehesa de Quirós,str,1,0.0007147962831
site,362,Dehesa Lavera,str,1,0.0007147962831
site,363,Dehesa Quebradillas,str,1,0.0007147962831
site,364,Diana,str,1,0.0007147962831
site,365,Diógenes,str,1,0.0007147962831
site,366,Dolores,str,1,0.0007147962831
site,367,Dozón,str,1,0.0007147962831
site,368,El Aramo,str,1,0.0007147962831
site,369,El Aro la Gándara,str,1,0.0007147962831
site,370,El Bachicón de Fresnedo,str,1,0.0007147962831
site,371,El Borracho,str,1,0.0007147962831
site,372,El Bronce,str,1,0.0007147962831
site,373,El Buho,str,1,0.0007147962831
site,374,El Burcio,str,1,0.0007147962831
site,375,El Cabrucal de Trelles,str,1,0.0007147962831
site,376,El Calvo,str,1,0.0007147962831
site,377,El Campillo,str,1,0.0007147962831
site,378,El Canalón,str,1,0.0007147962831
site,379,El Carbedón - Las Lastras,str,1,0.0007147962831
site,380,El Cardal - Los Regueiricos,str,1,0.0007147962831
site,381,El Carpio,str,1,0.0007147962831
site,382,El Carril,str,1,0.0007147962831
site,383,El Carrozo de la Fucarona,str,1,0.0007147962831
site,384,El Castillo,str,1,0.0007147962831
site,385,El Centenillo,str,1,0.0007147962831
site,386,El Charcón,str,1,0.0007147962831
site,387,El Chaves,str,1,0.0007147962831
site,388,El Chorrillo,str,1,0.0007147962831
site,389,El Cobacho - La Rozada,str,1,0.0007147962831
site,390,El Corón - El Barrial - Fascias,str,1,0.0007147962831
site,391,El Corón de Losada,str,1,0.0007147962831
site,392,El Corón de Pombía,str,1,0.0007147962831
site,393,El Corón de San Justo,str,1,0.0007147962831
site,394,El Covanallo,str,1,0.0007147962831
site,395,El Cubanallo Fondo,str,1,0.0007147962831
site,396,El Cuerno de Bobia - Las Canalejas,str,1,0.0007147962831
site,397,El Desierto,str,1,0.0007147962831
site,398,El Escalerón,str,1,0.0007147962831
site,399,El Francés,str,1,0.0007147962831
site,400,El Fresnillo,str,1,0.0007147962831
site,401,El Fucarón de Villalaín I,str,1,0.0007147962831
site,402,El Fucarón de Villalaín II,str,1,0.0007147962831
site,403,El Fucarón de Villalaín III,str,1,0.0007147962831
site,404,El Galayo,str,1,0.0007147962831
site,405,El Gallo,str,1,0.0007147962831
site,406,El Ganso,str,1,0.0007147962831
site,407,El Hambre,str,1,0.0007147962831
site,408,El Hondillo,str,1,0.0007147962831
site,409,El Humiliadero,str,1,0.0007147962831
site,410,El Infierno,str,1,0.0007147962831
site,411,El Ingertal,str,1,0.0007147962831
site,412,El Judío,str,1,0.0007147962831
site,413,El Juncal,str,1,0.0007147962831
site,414,El Saldonal,str,1,0.0007147962831
site,415,El Lagunazo,str,1,0.0007147962831
site,416,El Lirio,str,1,0.0007147962831
site,417,El Mico,str,1,0.0007147962831
site,418,El Miédalo I,str,1,0.0007147962831
site,419,El Miédalo II,str,1,0.0007147962831
site,420,El Mochuelo,str,1,0.0007147962831
site,421,El Morte,str,1,0.0007147962831
site,422,El Nido,str,1,0.0007147962831
site,423,El Pedregal / Las Medorras,str,1,0.0007147962831
site,424,El Pedregalón,str,1,0.0007147962831
site,425,El Pedroso,str,1,0.0007147962831
site,426,El Peligro I,str,1,0.0007147962831
site,427,El Peligro II,str,1,0.0007147962831
site,428,El Piconcillo,str,1,0.0007147962831
site,429,El Pisón,str,1,0.0007147962831
site,430,El Pleito,str,1,0.0007147962831
site,431,El Plonción / Los Vallados - Las Simonas,str,1,0.0007147962831
site,432,El Prindero,str,1,0.0007147962831
site,433,El Regueral o Las Torcas,str,1,0.0007147962831
site,434,El Revolveredo,str,1,0.0007147962831
site,435,El Rincón,str,1,0.0007147962831
site,436,El Rosico de Trevías,str,1,0.0007147962831
site,437,El Saldonal / Vallecillo,str,1,0.0007147962831
site,438,El Secuello,str,1,0.0007147962831
site,439,El Soldado,str,1,0.0007147962831
site,440,El Soutón,str,1,0.0007147962831
site,441,El Sumidero y Las Lagunas,str,1,0.0007147962831
site,442,El Taragudo o Valdolla,str,1,0.0007147962831
site,443,El Turialego,str,1,0.0007147962831
site,444,El Valgón,str,1,0.0007147962831
site,445,El Vallejo del Castro (La Chana) - Valdedillo - Peña Ceterera,str,1,0.0007147962831
site,446,Entredicho,str,1,0.0007147962831
site,447,Entrepeñas,str,1,0.0007147962831
site,448,Ermita de Andamies,str,1,0.0007147962831
site,449,Ermita de la Estrella,str,1,0.0007147962831
site,450,Escarranchal,str,1,0.0007147962831
site,451,Esgueba,str,1,0.0007147962831
site,452,Esperanza,str,1,0.0007147962831
site,453,Espiñeira,str,1,0.0007147962831
site,454,Espinosa de la Ribera,str,1,0.0007147962831
site,455,Espinoso de Compludo,str,1,0.0007147962831
site,456,Estercolados,str,1,0.0007147962831
site,457,Estrella,str,1,0.0007147962831
site,458,Estrella (Beiras),str,1,0.0007147962831
site,459,Faidiel I,str,1,0.0007147962831
site,460,Faidiel II,str,1,0.0007147962831
site,461,Fana de Cornollo,str,1,0.0007147962831
site,462,Fana de la Freita (Alto del Palo),str,1,0.0007147962831
site,463,Fastias: Los Fornones,str,1,0.0007147962831
site,464,Ferminera,str,1,0.0007147962831
site,465,Ferreras,str,1,0.0007147962831
site,466,Figueirido,str,1,0.0007147962831
site,467,Figueras,str,1,0.0007147962831
site,468,Filón del Cobre,str,1,0.0007147962831
site,469,Filón Zumajo: Cortijo de los Chinches,str,1,0.0007147962831
site,470,Filón Zumajo: San Cayetano,str,1,0.0007147962831
site,471,Folgoso,str,1,0.0007147962831
site,472,Fombuena,str,1,0.0007147962831
site,473,Fongasoiro,str,1,0.0007147962831
site,474,Fontanar,str,1,0.0007147962831
site,475,Forcadas,str,1,0.0007147962831
site,476,Forcadín,str,1,0.0007147962831
site,477,Fornelos,str,1,0.0007147962831
site,478,Fuente de las Mulleres,str,1,0.0007147962831
site,479,Fuente del Charco,str,1,0.0007147962831
site,480,Fuente del Estanco,str,1,0.0007147962831
site,481,Fuente la Zarza,str,1,0.0007147962831
site,482,Fuentes Torres,str,1,0.0007147962831
site,483,Gamonita,str,1,0.0007147962831
site,484,Gándara Mediana,str,1,0.0007147962831
site,485,Gargalellas,str,1,0.0007147962831
site,486,Gera I,str,1,0.0007147962831
site,487,Gera II,str,1,0.0007147962831
site,488,Gibla,str,1,0.0007147962831
site,489,Godán I,str,1,0.0007147962831
site,490,Godán II,str,1,0.0007147962831
site,491,Golpejas,str,1,0.0007147962831
site,492,Guadalperal,str,1,0.0007147962831
site,493,Guaditoca,str,1,0.0007147962831
site,494,Guijuelo,str,1,0.0007147962831
site,495,Guisatecha,str,1,0.0007147962831
site,496,Herrerías (Almería),str,1,0.0007147962831
site,497,Herrerías (Huelva),str,1,0.0007147962831
site,498,Herrerías de los Confesionarios,str,1,0.0007147962831
site,499,Hervederas / Río Bárcena,str,1,0.0007147962831
site,500,Horno de Arriba - Teso de la Collada,str,1,0.0007147962831
site,501,Hoyo de la Campana,str,1,0.0007147962831
site,502,Hoyo de los Colgazidos de Castrofrio,str,1,0.0007147962831
site,503,Huerta de Juan Abad,str,1,0.0007147962831
site,504,Ibollo,str,1,0.0007147962831
site,505,Irixo,str,1,0.0007147962831
site,506,Iboyo-Abaniella,str,1,0.0007147962831
site,507,Juan Teniente,str,1,0.0007147962831
site,508,Justicia,str,1,0.0007147962831
site,509,La Alondra,str,1,0.0007147962831
site,510,La Arenera,str,1,0.0007147962831
site,511,La Argentera,str,1,0.0007147962831
site,512,La Atalaya,str,1,0.0007147962831
site,513,La Cabra,str,1,0.0007147962831
site,514,La Calabaza / Los Fuchacos - Matarrubia - Torneros,str,1,0.0007147962831
site,515,La Calera,str,1,0.0007147962831
site,516,La Canalina,str,1,0.0007147962831
site,517,La Carcabona de Larna,str,1,0.0007147962831
site,518,La Cárcoba de Antoñana,str,1,0.0007147962831
site,519,La Carrasquilla,str,1,0.0007147962831
site,520,La Chaquerona de Villavaser,str,1,0.0007147962831
site,521,La Corona - Barrera Blanca,str,1,0.0007147962831
site,522,La Corona de la Torca,str,1,0.0007147962831
site,523,La Corona de Valdecastrillo,str,1,0.0007147962831
site,524,La Cruz,str,1,0.0007147962831
site,525,La Cruz del Rañadero,str,1,0.0007147962831
site,526,La Cuquillera,str,1,0.0007147962831
site,527,La Devesa,str,1,0.0007147962831
site,528,La Devesa I,str,1,0.0007147962831
site,529,La Encinilla,str,1,0.0007147962831
site,530,La Fana - El Caleiro,str,1,0.0007147962831
site,531,La Folgueriza,str,1,0.0007147962831
site,532,La Fontanilla / Las Cuevas,str,1,0.0007147962831
site,533,La Fontanona - La Gándara,str,1,0.0007147962831
site,534,La Fortuna,str,1,0.0007147962831
site,535,La Freitarbosa,str,1,0.0007147962831
site,536,La Fucarona,str,1,0.0007147962831
site,537,La Gándara I,str,1,0.0007147962831
site,538,La Gándara II,str,1,0.0007147962831
site,539,La Garvachana I,str,1,0.0007147962831
site,540,La Garvachana II,str,1,0.0007147962831
site,541,La Garvachana III,str,1,0.0007147962831
site,542,La Gran Mina,str,1,0.0007147962831
site,543,La Groba Roja,str,1,0.0007147962831
site,544,La Grueba de Courio,str,1,0.0007147962831
site,545,La Herreria,str,1,0.0007147962831
site,546,La Hilera - Valdemeda,str,1,0.0007147962831
site,547,La Jagueta,str,1,0.0007147962831
site,548,La Joya,str,1,0.0007147962831
site,549,La Lagunilla,str,1,0.0007147962831
site,550,La Lancha,str,1,0.0007147962831
site,551,La Lapilla,str,1,0.0007147962831
site,552,La Leitosa,str,1,0.0007147962831
site,553,La Lisea,str,1,0.0007147962831
site,554,La Loba,str,1,0.0007147962831
site,555,La Luz (Alcudia),str,1,0.0007147962831
site,556,La Luz (Linares),str,1,0.0007147962831
site,557,La Marta,str,1,0.0007147962831
site,558,La Mata del Fraile,str,1,0.0007147962831
site,559,La Matilla,str,1,0.0007147962831
site,560,La Mortera I,str,1,0.0007147962831
site,561,La Mortera II,str,1,0.0007147962831
site,562,La Muela,str,1,0.0007147962831
site,563,La Najerilla,str,1,0.0007147962831
site,564,La Omañuela,str,1,0.0007147962831
site,565,La Onza,str,1,0.0007147962831
site,566,La Osi,str,1,0.0007147962831
site,567,La Panadera,str,1,0.0007147962831
site,568,La Pastora,str,1,0.0007147962831
site,569,La Pedreda,str,1,0.0007147962831
site,570,La Peña,str,1,0.0007147962831
site,571,La Perdiz,str,1,0.0007147962831
site,572,La Pililla,str,1,0.0007147962831
site,573,La Posidilla,str,1,0.0007147962831
site,574,La Preciosa,str,1,0.0007147962831
site,575,La Profunda,str,1,0.0007147962831
site,576,La Puebla,str,1,0.0007147962831
site,577,La Quemada,str,1,0.0007147962831
site,578,La Reforma,str,1,0.0007147962831
site,579,La Reguera de las Llastras,str,1,0.0007147962831
site,580,La Romanera,str,1,0.0007147962831
site,581,La Rozada,str,1,0.0007147962831
site,582,La Serrana,str,1,0.0007147962831
site,583,La Torrecilla,str,1,0.0007147962831
site,584,La Vallada,str,1,0.0007147962831
site,585,La Vega Grande,str,1,0.0007147962831
site,586,La Veguellina de Cepeda,str,1,0.0007147962831
site,587,La Victoria,str,1,0.0007147962831
site,588,La Viliella,str,1,0.0007147962831
site,589,La Zarza,str,1,0.0007147962831
site,590,Lagar de la Cruz,str,1,0.0007147962831
site,591,Lago de Figueirido,str,1,0.0007147962831
site,592,Lagos de Salave / Lagos de Silva,str,1,0.0007147962831
site,593,Lagueiro I,str,1,0.0007147962831
site,594,Lagueiro II,str,1,0.0007147962831
site,595,Laguna de Valseco,str,1,0.0007147962831
site,596,Lamelas,str,1,0.0007147962831
site,597,Lanestosa,str,1,0.0007147962831
site,598,Las Alquitones,str,1,0.0007147962831
site,599,Las Balinas,str,1,0.0007147962831
site,600,Las Cárcabas de Bustantigo,str,1,0.0007147962831
site,601,Las Coronas,str,1,0.0007147962831
site,602,Las Cuevas,str,1,0.0007147962831
site,603,Las Gandarias I,str,1,0.0007147962831
site,604,Las Gandarias II,str,1,0.0007147962831
site,605,Las Grobas de Fonteta,str,1,0.0007147962831
site,606,Las Grobas de Tremado I,str,1,0.0007147962831
site,607,Las Grobas de Tremado II,str,1,0.0007147962831
site,608,Las Lagunas,str,1,0.0007147962831
site,609,Las Lamas del Picón,str,1,0.0007147962831
site,610,Las Madroñeras,str,1,0.0007147962831
site,611,Las Mayadicas / Arroyo de las Mayadicas,str,1,0.0007147962831
site,612,Las Médulas,str,1,0.0007147962831
site,613,Las Médulas de la Omañas (Miédolas),str,1,0.0007147962831
site,614,Las Miédulas - Las Lagunas,str,1,0.0007147962831
site,615,Las Monjas,str,1,0.0007147962831
site,616,Las Moracas,str,1,0.0007147962831
site,617,Las Morenas,str,1,0.0007147962831
site,618,Las Morras,str,1,0.0007147962831
site,619,Las Murias - Los Tallares,str,1,0.0007147962831
site,620,Las Musas,str,1,0.0007147962831
site,621,Las Pedrizas de San Payo,str,1,0.0007147962831
site,622,Las Pozas,str,1,0.0007147962831
site,623,Las Reguillinas,str,1,0.0007147962831
site,624,Las Tarafinas,str,1,0.0007147962831
site,625,Las Tobosas,str,1,0.0007147962831
site,626,Las Torcas,str,1,0.0007147962831
site,627,Las Torcas - El Teso de Piqueras,str,1,0.0007147962831
site,628,Las Traviesas,str,1,0.0007147962831
site,629,Las Traviesas I,str,1,0.0007147962831
site,630,Las Traviesas II,str,1,0.0007147962831
site,631,Las Trelas,str,1,0.0007147962831
site,632,Las Valiñas,str,1,0.0007147962831
site,633,Las Ventas - Fondelur,str,1,0.0007147962831
site,634,Lavadoira,str,1,0.0007147962831
site,635,Leoneza,str,1,0.0007147962831
site,636,Leras,str,1,0.0007147962831
site,637,Llano Tabernero,str,1,0.0007147962831
site,638,Lomo de Perro,str,1,0.0007147962831
site,639,Longrey,str,1,0.0007147962831
site,640,Los Alemanes,str,1,0.0007147962831
site,641,Los Almadenes,str,1,0.0007147962831
site,642,Los Arrayanes,str,1,0.0007147962831
site,643,Los Barriales - Los Testeros,str,1,0.0007147962831
site,644,Los Barrieros,str,1,0.0007147962831
site,645,Los Bueyes,str,1,0.0007147962831
site,646,Los Caborcos y Las Pedrizas,str,1,0.0007147962831
site,647,Los Cabuercos - Las Coronas,str,1,0.0007147962831
site,648,Los Cachicobos,str,1,0.0007147962831
site,649,Los Campos,str,1,0.0007147962831
site,650,Los Carriles,str,1,0.0007147962831
site,651,Los Casares,str,1,0.0007147962831
site,652,Los Cáscaros,str,1,0.0007147962831
site,653,Los Castillos - Alto de la Mina,str,1,0.0007147962831
site,654,Los Cavenes,str,1,0.0007147962831
site,655,Los Cubanallos,str,1,0.0007147962831
site,656,Los Culeritos,str,1,0.0007147962831
site,657,Los Dolores,str,1,0.0007147962831
site,658,Los Eneros,str,1,0.0007147962831
site,659,Los Engarbos,str,1,0.0007147962831
site,660,Los Escoriales,str,1,0.0007147962831
site,661,Los Estancos,str,1,0.0007147962831
site,662,Los Fuellos,str,1,0.0007147962831
site,663,Los Galayos,str,1,0.0007147962831
site,664,Los Guijarros,str,1,0.0007147962831
site,665,Los Guindos,str,1,0.0007147962831
site,666,Los Lagunales - Teso las Pilas,str,1,0.0007147962831
site,667,Los Mayadones I,str,1,0.0007147962831
site,668,Los Mayadones II,str,1,0.0007147962831
site,669,Los Milagros del Monte Medo,str,1,0.0007147962831
site,670,Los Moruecos de Larón,str,1,0.0007147962831
site,671,Los Muriacales - Los Cubanallos,str,1,0.0007147962831
site,672,Los Palazuelos,str,1,0.0007147962831
site,673,Los Patalos,str,1,0.0007147962831
site,674,Los Pobos,str,1,0.0007147962831
site,675,Los Poliñeiros,str,1,0.0007147962831
site,676,Los Prados del Castro,str,1,0.0007147962831
site,677,Los Rubiales,str,1,0.0007147962831
site,678,Los Rudicales,str,1,0.0007147962831
site,679,Louviño,str,1,0.0007147962831
site,680,Lozacio,str,1,0.0007147962831
site,681,Madarnas,str,1,0.0007147962831
site,682,Madereros,str,1,0.0007147962831
site,683,Majada Hermosa,str,1,0.0007147962831
site,684,Malapiedra - Las Iruelas,str,1,0.0007147962831
site,685,Manzanal del Puerto / La Cantera / La Bajada de Lloroso,str,1,0.0007147962831
site,686,Manzaneda / El Follacón,str,1,0.0007147962831
site,687,Manzarnoso II,str,1,0.0007147962831
site,688,La Devesa II,str,1,0.0007147962831
site,689,Manzarnoso I / Peñasturón,str,1,0.0007147962831
site,690,Marco del Abuelo,str,1,0.0007147962831
site,691,Mazarrón,str,1,0.0007147962831
site,692,Medela,str,1,0.0007147962831
site,693,Meiriña - La Raña,str,1,0.0007147962831
site,694,Melgoto,str,1,0.0007147962831
site,695,Mesa del Castaño,str,1,0.0007147962831
site,696,Milagros,str,1,0.0007147962831
site,697,Míllera,str,1,0.0007147962831
site,698,Mina de la Lomba,str,1,0.0007147962831
site,699,Mina Teuler,str,1,0.0007147962831
site,700,Mina Valquemado,str,1,0.0007147962831
site,701,Minas de Cala,str,1,0.0007147962831
site,702,Mirabueno,str,1,0.0007147962831
site,703,Miraflores,str,1,0.0007147962831
site,704,Moeche,str,1,0.0007147962831
site,705,Moncelos,str,1,0.0007147962831
site,706,Monte dos Castros,str,1,0.0007147962831
site,707,Monte Los Pedregales,str,1,0.0007147962831
site,708,Monte Lourido,str,1,0.0007147962831
site,709,Monte Neme,str,1,0.0007147962831
site,710,Monte Oucedo - Las Peneliñas,str,1,0.0007147962831
site,711,Monte Romero,str,1,0.0007147962831
site,712,Monte Triano,str,1,0.0007147962831
site,713,Monte Venero,str,1,0.0007147962831
site,714,Montefurado,str,1,0.0007147962831
site,715,Montefurado: Boca do Monte,str,1,0.0007147962831
site,716,Monterroso,str,1,0.0007147962831
site,717,Moreda I,str,1,0.0007147962831
site,718,Moreda II,str,1,0.0007147962831
site,719,Morla / Olleiro,str,1,0.0007147962831
site,720,Moros,str,1,0.0007147962831
site,721,Mortecino,str,1,0.0007147962831
site,722,Motilla,str,1,0.0007147962831
site,723,Murial de Irrondo,str,1,0.0007147962831
site,724,Nava de Ricomalillo,str,1,0.0007147962831
site,725,Nava del Jadraque,str,1,0.0007147962831
site,726,Navafría,str,1,0.0007147962831
site,727,Navalamoheda,str,1,0.0007147962831
site,728,Navalasno,str,1,0.0007147962831
site,729,Navalespino,str,1,0.0007147962831
site,730,Navelgas,str,1,0.0007147962831
site,731,Navelgas Norte: Mina de Entrepeñas,str,1,0.0007147962831
site,732,Navelgas Norte: Mina la Moura,str,1,0.0007147962831
site,733,Nueva Concepción,str,1,0.0007147962831
site,734,O Foio,str,1,0.0007147962831
site,735,O Penedo,str,1,0.0007147962831
site,736,Ochadoiro,str,1,0.0007147962831
site,737,Oencia,str,1,0.0007147962831
site,738,Morla,str,1,0.0007147962831
site,739,Orellana Vieja,str,1,0.0007147962831
site,740,Os Medos,str,1,0.0007147962831
site,741,Os Pozos da Barreira,str,1,0.0007147962831
site,742,Osseja ?,str,1,0.0007147962831
site,743,Outerio de Baltar,str,1,0.0007147962831
site,744,Paradeseca,str,1,0.0007147962831
site,745,Páramo del Sil I,str,1,0.0007147962831
site,746,Páramo del Sil II,str,1,0.0007147962831
site,747,Páramo del Sil III,str,1,0.0007147962831
site,748,Pardellán,str,1,0.0007147962831
site,749,Pedredo,str,1,0.0007147962831
site,750,Pedregales de la Bocaada - Valle del Hellidero (Sanguiñal Norte),str,1,0.0007147962831
site,751,Pedreras Viejas,str,1,0.0007147962831
site,752,Pedrosa,str,1,0.0007147962831
site,753,Peites,str,1,0.0007147962831
site,754,Peña Aguda - Boinás,str,1,0.0007147962831
site,755,Peña de Hierro,str,1,0.0007147962831
site,756,Pena de la Cruz,str,1,0.0007147962831
site,757,Peña del Águila,str,1,0.0007147962831
site,758,Peña del Cuervo,str,1,0.0007147962831
site,759,Peña del Cuervo I,str,1,0.0007147962831
site,760,Peña del Cuervo II,str,1,0.0007147962831
site,761,Peña Furada,str,1,0.0007147962831
site,762,Peña María,str,1,0.0007147962831
site,763,Peña Roya,str,1,0.0007147962831
site,764,Penamil,str,1,0.0007147962831
site,765,Penedela,str,1,0.0007147962831
site,766,Peñón del Fucarón,str,1,0.0007147962831
site,767,Peñón de los Cuartos,str,1,0.0007147962831
site,768,Peñón del Moro,str,1,0.0007147962831
site,769,Peñón Redondo,str,1,0.0007147962831
site,770,Petaca,str,1,0.0007147962831
site,771,Pico Corona,str,1,0.0007147962831
site,772,Pico de la Beiral I,str,1,0.0007147962831
site,773,Pico de la Beiral II,str,1,0.0007147962831
site,774,Pico de Lirio,str,1,0.0007147962831
site,775,Pico del Aguila,str,1,0.0007147962831
site,776,Pico del Gallo,str,1,0.0007147962831
site,777,Pico Montouto,str,1,0.0007147962831
site,778,Pilar de Jaravía,str,1,0.0007147962831
site,779,Pin de Abaixo,str,1,0.0007147962831
site,780,Piñeira,str,1,0.0007147962831
site,781,Pío de Leira,str,1,0.0007147962831
site,782,Plasenzuela,str,1,0.0007147962831
site,783,Playa de Cadavedo,str,1,0.0007147962831
site,784,Pobladura de Somoza / Los Torgales,str,1,0.0007147962831
site,785,Poderosa,str,1,0.0007147962831
site,786,Pontigo,str,1,0.0007147962831
site,787,Porciles,str,1,0.0007147962831
site,788,Portiella,str,1,0.0007147962831
site,789,Posadoiro,str,1,0.0007147962831
site,790,Potosí,str,1,0.0007147962831
site,791,Pozo de la Griega / Molino de la Griega,str,1,0.0007147962831
site,792,Pozo Limideiro,str,1,0.0007147962831
site,793,Pozo Rico (Alcudia),str,1,0.0007147962831
site,794,Pozo Rico (Sevilla),str,1,0.0007147962831
site,795,Pradela / Las Curiscadas,str,1,0.0007147962831
site,796,Pradera de Campo,str,1,0.0007147962831
site,797,A Xisterna II (Prado de Paradiña),str,1,0.0007147962831
site,798,Prado de Rollos,str,1,0.0007147962831
site,799,La Cruz de Hierro / Prado de Valdefrancos,str,1,0.0007147962831
site,800,Prado Luengo - Casares,str,1,0.0007147962831
site,801,Prado Posadillas Huergas,str,1,0.0007147962831
site,802,Prado Vicioso,str,1,0.0007147962831
site,803,Pradorrey,str,1,0.0007147962831
site,804,Cha do Castro / Puebla del Brollón,str,1,0.0007147962831
site,805,Puente del Plantao,str,1,0.0007147962831
site,806,Puerto del Palo,str,1,0.0007147962831
site,807,Pumar de las Montañas,str,1,0.0007147962831
site,808,Quilos,str,1,0.0007147962831
site,809,Quintanilla de Flórez / La Pedrer - El Sardonal,str,1,0.0007147962831
site,810,Quinto del Hierro,str,1,0.0007147962831
site,811,Quinto del Huerto,str,1,0.0007147962831
site,812,Quinto Rascarroña,str,1,0.0007147962831
site,813,Raposeras,str,1,0.0007147962831
site,814,Rebelde Julia,str,1,0.0007147962831
site,815,Regia,str,1,0.0007147962831
site,816,Reguera de las Fuentes,str,1,0.0007147962831
site,817,Reguera del Vallón,str,1,0.0007147962831
site,818,Reguerón de la Mata,str,1,0.0007147962831
site,819,Reocín,str,1,0.0007147962831
site,820,Requeja,str,1,0.0007147962831
site,821,Ría de Foz / As Covas,str,1,0.0007147962831
site,822,Ribón,str,1,0.0007147962831
site,823,Riner,str,1,0.0007147962831
site,824,Río Ancares / Los Moracales del Valle,str,1,0.0007147962831
site,825,Río Burbia,str,1,0.0007147962831
site,826,Río Cabrera: below Pombriego / Las Suertes,str,1,0.0007147962831
site,827,Río Cabrera: Castroquilame,str,1,0.0007147962831
site,828,Río Cabrera: Llamas de Cabrera / El Covallón de Miédalo,str,1,0.0007147962831
site,829,Río Cabrera: Santalavilla,str,1,0.0007147962831
site,830,Río Cervos,str,1,0.0007147962831
site,831,Río Ciurana,str,1,0.0007147962831
site,832,Río Corumbel,str,1,0.0007147962831
site,833,Río Crispinejo,str,1,0.0007147962831
site,834,Río de Mosteiro,str,1,0.0007147962831
site,835,Río de Ojén,str,1,0.0007147962831
site,836,Río del Mazo,str,1,0.0007147962831
site,837,Río del Oro,str,1,0.0007147962831
site,838,Río Donsal I,str,1,0.0007147962831
site,839,Río Donsal II,str,1,0.0007147962831
site,840,Rio Duerna I - Las Moraceras (Moracedas),str,1,0.0007147962831
site,841,Rio Duerna II,str,1,0.0007147962831
site,842,Rio Duerna III,str,1,0.0007147962831
site,843,Rio Duerna IV,str,1,0.0007147962831
site,844,Rio Duerna IX - El Castillo - Los Arrotos - Carcuevas - Los Gandarales,str,1,0.0007147962831
site,845,Rio Duerna - Molinaferrera,str,1,0.0007147962831
site,846,Rio Duerna V,str,1,0.0007147962831
site,847,Rio Duerna VI - Los Castellones,str,1,0.0007147962831
site,848,Rio Duerna VII,str,1,0.0007147962831
site,849,Rio Duerna VIII - El Castillo - Los Arrotos - Carcuevas - Los Gandarales,str,1,0.0007147962831
site,850,Rio Duerna X - El Castillo - Los Arrotos - Carcuevas - Los Gandarales,str,1,0.0007147962831
site,851,Rio Duerna XI,str,1,0.0007147962831
site,852,Rio Duerna XII - El Castillo - Los Arrotos - Carcuevas - Los Gandarales,str,1,0.0007147962831
site,853,Rio Duerna XIII - La Braña - El Valle,str,1,0.0007147962831
site,854,Rio Duerna XIV - La Braña - El Valle,str,1,0.0007147962831
site,855,Rio Duerna XIX - Piozadera,str,1,0.0007147962831
site,856,Rio Duerna XV - La Braña - El Valle,str,1,0.0007147962831
site,857,Rio Duerna XVI - Los Vallejos,str,1,0.0007147962831
site,858,Rio Duerna XVII - Las Escrita - Los Vallelos,str,1,0.0007147962831
site,859,Rio Duerna XVIII,str,1,0.0007147962831
site,860,Rio Duerna XX - Fucochicos [Fogochico (Fuco Chico) - El Chano],str,1,0.0007147962831
site,861,Rio Duerna XXI,str,1,0.0007147962831
site,862,Rio Golopón: arroyo Morax / arroyo Uclias,str,1,0.0007147962831
site,863,Rio Golopón: tierra de los Cantaros,str,1,0.0007147962831
site,864,Río Ibias,str,1,0.0007147962831
site,865,Río Lor 1: Lama / A Filpeira,str,1,0.0007147962831
site,866,Río Lor 1: Margarida / A Couriscada de Margarida,str,1,0.0007147962831
site,867,Río Lor 1: Parada,str,1,0.0007147962831
site,868,Río Lor 1: San Pedro,str,1,0.0007147962831
site,869,Río Lor 1: Santa Andrea,str,1,0.0007147962831
site,870,Río Lor 2: Castro Portela,str,1,0.0007147962831
site,871,Río Lor 2: Froxán,str,1,0.0007147962831
site,872,Río Lor 2: Millares,str,1,0.0007147962831
site,873,Río Lor 2: Mina de Toca,str,1,0.0007147962831
site,874,Río Lor 2: Monte Barreiro,str,1,0.0007147962831
site,875,Río Lor 2: Torubio East,str,1,0.0007147962831
site,876,Río Lor 2: Torubio West,str,1,0.0007147962831
site,877,Río Miño 1: Astariz / Razamonde,str,1,0.0007147962831
site,878,Río Miño 1: Carretera / Puga,str,1,0.0007147962831
site,879,Río Miño 1: Layas,str,1,0.0007147962831
site,880,Río Miño 1: Prado,str,1,0.0007147962831
site,881,Río Miño 1: Seijo / Grova - Seixo - Chavola,str,1,0.0007147962831
site,882,Río Miño 2: Salvatierra,str,1,0.0007147962831
site,883,Río Miño 2: Salvatierra: Medanes,str,1,0.0007147962831
site,884,Río Miño 2: Salvatierra: San Juan de Barcela,str,1,0.0007147962831
site,885,Río Miño 2: Salvatierra: Santa Maria de Oleiros,str,1,0.0007147962831
site,886,Río Navia 1: arroyo Santa Marina,str,1,0.0007147962831
site,887,Río Navia 1: Cervantes,str,1,0.0007147962831
site,888,Río Navia 1: Frayan de Arriba / Fraián,str,1,0.0007147962831
site,889,Río Navia 1: sub-site 2 / Vilachá,str,1,0.0007147962831
site,890,Río Navia 1: sub-site 5,str,1,0.0007147962831
site,891,Río Sil 1: El Carril / La Sufreira,str,1,0.0007147962831
site,892,Río Sil 1: Friera / Las Valiñas,str,1,0.0007147962831
site,893,Río Sil 1: Requejo de Portela / O Trave,str,1,0.0007147962831
site,894,Río Sil 1: Valina / El Cabalón,str,1,0.0007147962831
site,895,Río Sil 2: Arroyo de Balén / La Tiñosa,str,1,0.0007147962831
site,896,Río Sil 2: Arroyo de Balouta,str,1,0.0007147962831
site,897,Río Sil 2: La Peña del Cuervo / O Subreiral,str,1,0.0007147962831
site,898,Río Sil 2: nr Covas,str,1,0.0007147962831
site,899,Río Sil 2: nr Sobredo,str,1,0.0007147962831
site,900,Río Sil 2: Quereño / Foi Pidriña,str,1,0.0007147962831
site,901,Río Sil 2: Río Cabrera / A Meana,str,1,0.0007147962831
site,902,Río Sil 2: Salas de Ribera / Valdefuentes,str,1,0.0007147962831
site,903,Río Sil 3: arroyo de Candis,str,1,0.0007147962831
site,904,Río Sil 3: Carbayal / La Portela,str,1,0.0007147962831
site,905,Río Sil 3: Corgormo / Arcos,str,1,0.0007147962831
site,906,Río Sil 3: Cortes,str,1,0.0007147962831
site,907,Río Sil 3: Entoma 1,str,1,0.0007147962831
site,908,Río Sil 3: Entoma 2,str,1,0.0007147962831
site,909,Río Sil 3: La Rúa / San Miguel de Otero,str,1,0.0007147962831
site,910,Río Sil 3: Medua (A Medua Grande - A Medua Pequena - Os Chaos),str,1,0.0007147962831
site,911,Río Sil 3: Millaroso / Santurjo (Santurxo),str,1,0.0007147962831
site,912,Río Sil 3: Sobradelo / A Lagua,str,1,0.0007147962831
site,913,Río Sil 4: Montefurado meander,str,1,0.0007147962831
site,914,Río Sil 4: Montefurado meander b,str,1,0.0007147962831
site,915,Río Sil 4: San Martin de Albaredos,str,1,0.0007147962831
site,916,Río Sil 4: sub-site c,str,1,0.0007147962831
site,917,Río Sil 4: Villamuz,str,1,0.0007147962831
site,918,Río Sil 4: Viña Grande / Las Chozas,str,1,0.0007147962831
site,919,Río Sil 5: Aguasmestas,str,1,0.0007147962831
site,920,Río Sil 5: Nocedo,str,1,0.0007147962831
site,921,Río Sil 5: Pacío Viejo / A Meda,str,1,0.0007147962831
site,922,Río Sil 5: Rairos,str,1,0.0007147962831
site,923,Río Sil 5: Sequeiros,str,1,0.0007147962831
site,924,Río Tejeira,str,1,0.0007147962831
site,925,Los Arrotos - Laguna Cernea (Río Turienzo),str,1,0.0007147962831
site,926,Los Barriales (Río Turienzo),str,1,0.0007147962831
site,927,Río Valledor,str,1,0.0007147962831
site,928,Río Valmayor,str,1,0.0007147962831
site,929,Riocabo,str,1,0.0007147962831
site,930,Riodeporcos,str,1,0.0007147962831
site,931,Riospaso,str,1,0.0007147962831
site,932,Riotinto,str,1,0.0007147962831
site,933,Riscos de Guadanuño,str,1,0.0007147962831
site,934,As Grovas de Rivas,str,1,0.0007147962831
site,935,Rivas: La Peña das Covas,str,1,0.0007147962831
site,936,Rivas: Larouce,str,1,0.0007147962831
site,937,Robledo I,str,1,0.0007147962831
site,938,Robledo II,str,1,0.0007147962831
site,939,Rocabruna,str,1,0.0007147962831
site,940,Román,str,1,0.0007147962831
site,941,Romanilla,str,1,0.0007147962831
site,942,Rosal,str,1,0.0007147962831
site,943,Rosalía,str,1,0.0007147962831
site,944,Rubieros,str,1,0.0007147962831
site,945,Salas de Galiarda,str,1,0.0007147962831
site,946,Salientes I,str,1,0.0007147962831
site,947,Salto del Burro,str,1,0.0007147962831
site,948,Sampayo,str,1,0.0007147962831
site,949,San Antolín de Ibias II,str,1,0.0007147962831
site,950,San Antolín de Ibias I,str,1,0.0007147962831
site,951,San Clodio,str,1,0.0007147962831
site,952,San Eduardo,str,1,0.0007147962831
site,953,San Félix de las Montañas I,str,1,0.0007147962831
site,954,San Félix de las Montañas II,str,1,0.0007147962831
site,955,San Gabriel,str,1,0.0007147962831
site,956,San Juan Bautista,str,1,0.0007147962831
site,957,San Marcos,str,1,0.0007147962831
site,958,San Miguel (Huelva),str,1,0.0007147962831
site,959,San Miguel (Sevilla),str,1,0.0007147962831
site,960,San Pedro de las Montañas I,str,1,0.0007147962831
site,961,San Pedro de las Montañas II,str,1,0.0007147962831
site,962,San Pedro de las Montañas III,str,1,0.0007147962831
site,963,San Platón,str,1,0.0007147962831
site,964,San Quintín,str,1,0.0007147962831
site,965,San Rafael,str,1,0.0007147962831
site,966,San Roque,str,1,0.0007147962831
site,967,San Salvador de Padreiro,str,1,0.0007147962831
site,968,San Serafín,str,1,0.0007147962831
site,969,San Telmo,str,1,0.0007147962831
site,970,As Borreas de Caldesiños / San Xé,str,1,0.0007147962831
site,971,Sanfitorio,str,1,0.0007147962831
site,972,Santa Bárbara,str,1,0.0007147962831
site,973,Santa Eufemia,str,1,0.0007147962831
site,974,Santa María,str,1,0.0007147962831
site,975,Santa Quitería: Colón,str,1,0.0007147962831
site,976,Santa Quitería: Postuero,str,1,0.0007147962831
site,977,Santiago Cerredo,str,1,0.0007147962831
site,978,Santo Cristo,str,1,0.0007147962831
site,979,Sarreaus,str,1,0.0007147962831
site,980,Segunda Pepe,str,1,0.0007147962831
site,981,Segunderalejo,str,1,0.0007147962831
site,982,Serandinas,str,1,0.0007147962831
site,983,Sésamo / Las Tierras Rubias,str,1,0.0007147962831
site,984,Sierra Almagrera,str,1,0.0007147962831
site,985,Antoñana I / Sierra de Begega,str,1,0.0007147962831
site,986,Sierra de Cartagena,str,1,0.0007147962831
site,987,Sierra de Gador,str,1,0.0007147962831
site,988,Sierra de las Estrellas,str,1,0.0007147962831
site,989,Sierra Jayona,str,1,0.0007147962831
site,990,Sierrecilla,str,1,0.0007147962831
site,991,Socorro,str,1,0.0007147962831
site,992,Solana Ballesteros,str,1,0.0007147962831
site,993,Solana de la Belalcázar,str,1,0.0007147962831
site,994,Solano del Bepo,str,1,0.0007147962831
site,995,Solmayor,str,1,0.0007147962831
site,996,Sortijón del Cuzna,str,1,0.0007147962831
site,997,Sotiel Coronada,str,1,0.0007147962831
site,998,Souto,str,1,0.0007147962831
site,999,Souto Castillo,str,1,0.0007147962831
site,1000,Sta Bárbara,str,1,0.0007147962831
site,1001,Sucastro,str,1,0.0007147962831
site,1002,Suerte,str,1,0.0007147962831
site,1003,Sultana,str,1,0.0007147962831
site,1004,Susañe del Sil / Corbón del Sil,str,1,0.0007147962831
site,1005,Suspirón,str,1,0.0007147962831
site,1006,Tamarindo,str,1,0.0007147962831
site,1007,Tapia de la Ribera,str,1,0.0007147962831
site,1008,Teixedo,str,1,0.0007147962831
site,1009,Las Rubias,str,1,0.0007147962831
site,1010,Tharsis,str,1,0.0007147962831
site,1011,Tinto Santa Rosa,str,1,0.0007147962831
site,1012,Tojeirosvellos,str,1,0.0007147962831
site,1013,Toral de los Vados,str,1,0.0007147962831
site,1014,Torril de Medioduro,str,1,0.0007147962831
site,1015,Tres Arroyos,str,1,0.0007147962831
site,1016,Tres Puentes,str,1,0.0007147962831
site,1017,Trevías,str,1,0.0007147962831
site,1018,Trinidad,str,1,0.0007147962831
site,1019,Triunfo,str,1,0.0007147962831
site,1020,Triunfo - Nueva Estrella,str,1,0.0007147962831
site,1021,Turienzo Castañedo 1 / Las Barreras,str,1,0.0007147962831
site,1022,Turienzo Castañedo 2 / Las Torcas,str,1,0.0007147962831
site,1023,Udías,str,1,0.0007147962831
site,1024,Urbiola,str,1,0.0007147962831
site,1025,Uría I,str,1,0.0007147962831
site,1026,Uría II,str,1,0.0007147962831
site,1027,Uría III,str,1,0.0007147962831
site,1028,Uría IV,str,1,0.0007147962831
site,1029,Valados,str,1,0.0007147962831
site,1030,Valcavao,str,1,0.0007147962831
site,1031,Valcomesa I,str,1,0.0007147962831
site,1032,Valcomesa II,str,1,0.0007147962831
site,1033,Valcomesa III,str,1,0.0007147962831
site,1034,Valcomesa IV,str,1,0.0007147962831
site,1035,Valcouso I,str,1,0.0007147962831
site,1036,Valcouso II,str,1,0.0007147962831
site,1037,Valdeconejos,str,1,0.0007147962831
site,1038,Valdecucrillos,str,1,0.0007147962831
site,1039,Valdefrola,str,1,0.0007147962831
site,1040,Valdelperal,str,1,0.0007147962831
site,1041,Valdesedilla I,str,1,0.0007147962831
site,1042,Valdesedilla II,str,1,0.0007147962831
site,1043,Valdetallín - Alto Morueco - La Gándara,str,1,0.0007147962831
site,1044,Valdevecios I,str,1,0.0007147962831
site,1045,Valdevecios II,str,1,0.0007147962831
site,1046,Valdevila,str,1,0.0007147962831
site,1047,Valilongo,str,1,0.0007147962831
site,1048,Vallamuz I,str,1,0.0007147962831
site,1049,Valle Canales,str,1,0.0007147962831
site,1050,La Cruz de Hierro / Valle Cuevo - La Cabuercona,str,1,0.0007147962831
site,1051,Valle de las Forcadas,str,1,0.0007147962831
site,1052,Valle de los Ganados,str,1,0.0007147962831
site,1053,Valle de Valdeluengo,str,1,0.0007147962831
site,1054,Valle Gordo,str,1,0.0007147962831
site,1055,Valle Rabón / Mina del Couto / Salientes II,str,1,0.0007147962831
site,1056,Vallegordo I,str,1,0.0007147962831
site,1057,Vallegordo II,str,1,0.0007147962831
site,1058,Vallegordo III,str,1,0.0007147962831
site,1059,Vallina de la Hierba,str,1,0.0007147962831
site,1060,Valquemado,str,1,0.0007147962831
site,1061,Valsolomón - La Muria,str,1,0.0007147962831
site,1062,Valvonor - El Valle,str,1,0.0007147962831
site,1063,Vaovellón I,str,1,0.0007147962831
site,1064,Vaovellón II,str,1,0.0007147962831
site,1065,Vaovellón III,str,1,0.0007147962831
site,1066,Vega de Boado,str,1,0.0007147962831
site,1067,Vega de la Mula,str,1,0.0007147962831
site,1068,Vega de Ouria,str,1,0.0007147962831
site,1069,Vega Grande Ouria,str,1,0.0007147962831
site,1070,Vegas del Condado,str,1,0.0007147962831
site,1071,Veigadepope,str,1,0.0007147962831
site,1072,Chamborros (Veneiro - Los Eiros),str,1,0.0007147962831
site,1073,Venta Nueva,str,1,0.0007147962831
site,1074,Venta Quemada,str,1,0.0007147962831
site,1075,Venus,str,1,0.0007147962831
site,1076,Vicaria,str,1,0.0007147962831
site,1077,Vidrosa,str,1,0.0007147962831
site,1078,Vieiros I,str,1,0.0007147962831
site,1079,Vieiros II,str,1,0.0007147962831
site,1080,Vilarantón,str,1,0.0007147962831
site,1081,Villagutiérrez,str,1,0.0007147962831
site,1082,Villaiz,str,1,0.0007147962831
site,1083,Villamejil,str,1,0.0007147962831
site,1084,Villamuz II,str,1,0.0007147962831
site,1085,Villar de Frades,str,1,0.0007147962831
site,1086,Villar del Monte: La Mata,str,1,0.0007147962831
site,1087,Villar del Monte: San Justo / La Corona,str,1,0.0007147962831
site,1088,Villar del Monte: Truchas / Cogolla,str,1,0.0007147962831
site,1089,Villarcebollín,str,1,0.0007147962831
site,1090,Villardecás,str,1,0.0007147962831
site,1091,Villarino,str,1,0.0007147962831
site,1092,Villarubín,str,1,0.0007147962831
site,1093,Villasonte,str,1,0.0007147962831
site,1094,Villaverde,str,1,0.0007147962831
site,1095,Villavilleiro I,str,1,0.0007147962831
site,1096,Villavilleiro II,str,1,0.0007147962831
site,1097,Vuelta Falsa,str,1,0.0007147962831
site,1098,Vulcano (Huelva),str,1,0.0007147962831
site,1099,A Xisterna I,str,1,0.0007147962831
site,1100,Zardaín,str,1,0.0007147962831
site,1101,Siviez,str,1,0.0007147962831
site,1102,Gumuldur,str,1,0.0007147962831
site,1103,Alderley Edge,str,1,0.0007147962831
site,1104,Carsington,str,1,0.0007147962831
site,1105,Charterhouse on Mendip,str,1,0.0007147962831
site,1106,Chewton,str,1,0.0007147962831
site,1107,Dolaucothi,str,1,0.0007147962831
site,1108,Llanymynech,str,1,0.0007147962831
site,1109,Draethen / Machen,str,1,0.0007147962831
site,1110,Crich,str,1,0.0007147962831
site,1111,Parys Mountain,str,1,0.0007147962831
site,1112,Shelve,str,1,0.0007147962831
site,1113,Wirksworth,str,1,0.0007147962831
site,1114,Munigua,str,1,0.0007147962831
site,1115,Salsigne,str,1,0.0007147962831
site,1116,Arles-sur-Tech,str,1,0.0007147962831
site,1117,Djebel Ressas,str,1,0.0007147962831
site,1118,Roşia Montană - Paru Carpeni,str,1,0.0007147962831
site,1119,Roşia Montană - Lety-Coş ,str,1,0.0007147962831
site,1120,Roşia Montană - Hăbad,str,1,0.0007147962831
site,1121,Roşia Montană - Gauri,str,1,0.0007147962831
site,1122,Roşia Montană - Ţarina,str,1,0.0007147962831
site,1123,Roşia Montană - Cârnicel,str,1,0.0007147962831
site,1124,El Corón de San Pedro,str,1,0.0007147962831
site,1125,Morredero,str,1,0.0007147962831
site,1126,Erglodd,str,1,0.0007147962831
site,1127,Azinières,str,1,0.0007147962831
site,1128,Saint-Léger-de-Peyre,str,1,0.0007147962831
site,1129,Cocurès,str,1,0.0007147962831
site,1130,Génolhac,str,1,0.0007147962831
site,1131,Bessèges,str,1,0.0007147962831
site,1132,Laval,str,1,0.0007147962831
site,1133,Carnoulès,str,1,0.0007147962831
site,1134,Saint-Jean-du-Gard,str,1,0.0007147962831
site,1135,Saint-Félix-de-Pallières,str,1,0.0007147962831
site,1136,Saint-Bresson,str,1,0.0007147962831
site,1137,Les Martys,str,1,0.0007147962831
site,1138,Mornat,str,1,0.0007147962831
site,1139,Massiac,str,1,0.0007147962831
site,1140,Beaune-sur-Arzon,str,1,0.0007147962831
site,1141,Mâcot-la-Plagne,str,1,0.0007147962831
site,1142,Barles,str,1,0.0007147962831
site,1143,Le Village de Mariaud,str,1,0.0007147962831
site,1144,Bottino,str,1,0.0007147962831
site,1145,Zajača,str,1,0.0007147962831
site,1146,Srebrenica,str,1,0.0007147962831
site,1147,Pobrde,str,1,0.0007147962831
site,1148,Sase,str,1,0.0007147962831
site,1149,Ratkovići,str,1,0.0007147962831
site,1150,Potpeć,str,1,0.0007147962831
site,1151,Brskovo,str,1,0.0007147962831
site,1152,Sočanica,str,1,0.0007147962831
site,1153,Palaiochori,str,1,0.0007147962831
site,1154,Balya Maden,str,1,0.0007147962831
site,1155,Halkavala,str,1,0.0007147962831
site,1156,Akdağmadeni,str,1,0.0007147962831
site,1157,Bulgar Maden,str,1,0.0007147962831
site,1158,Arbus,str,1,0.0007147962831
site,1159,Halkyn Mountain,str,1,0.0007147962831
site,1160,Île-des-Eaux,str,1,0.0007147962831
site,1161,Ghar Roubane,str,1,0.0007147962831
site,1162,Tazout,str,1,0.0007147962831
site,1163,El Barnous,str,1,0.0007147962831
site,1164,Fritissa (nearby),str,1,0.0007147962831
site,1165,unnamed,str,1,0.0007147962831
site,1166,Budinarci,str,1,0.0007147962831
site,1167,Iskrets,str,1,0.0007147962831
site,1168,Trepča,str,1,0.0007147962831
site,1169,Železnik potok,str,1,0.0007147962831
site,1170,Topla,str,1,0.0007147962831
site,1171,Lula,str,1,0.0007147962831
site,1172,Grugua,str,1,0.0007147962831
site,1173,Villacidro,str,1,0.0007147962831
site,1174,Collobrières,str,1,0.0007147962831
site,1175,Saint-Sauveur-des-Pourcils,str,1,0.0007147962831
site,1176,Flaviac,str,1,0.0007147962831
site,1177,Mas Dieu,str,1,0.0007147962831
site,1178,Ruiseñada,str,1,0.0007147962831
site,1179,Besné,str,1,0.0007147962831
site,1180,"Le Bois de la Tourette, Blond",str,1,0.0007147962831
site,1181,Forgeas,str,1,0.0007147962831
site,1182,Jumilhac-le-Grand,str,1,0.0007147962831
site,1183,Saint-Yrieix-la-Perche,str,1,0.0007147962831
site,1184,Fouillouse,str,1,0.0007147962831
site,1185,Villard-Notre-Dame,str,1,0.0007147962831
site,1186,Auris,str,1,0.0007147962831
site,1187,Le Freney,str,1,0.0007147962831
site,1188,Kals am Großglockner,str,1,0.0007147962831
site,1189,Gorno Kobile,str,1,0.0007147962831
site,1190,Dolno Kobile,str,1,0.0007147962831
site,1191,Gorublyane,str,1,0.0007147962831
site,1192,Bistritsa,str,1,0.0007147962831
site,1193,Pancharevo,str,1,0.0007147962831
site,1194,German,str,1,0.0007147962831
site,1195,Inikler,str,1,0.0007147962831
site,1196,Kantanos,str,1,0.0007147962831
site,1197,Wadi Umm Dhaya,str,1,0.0007147962831
site,1198,Wadi Qalt el-Naga,str,1,0.0007147962831
site,1199,Abu Gerida,str,1,0.0007147962831
site,1200,Bir Sirbakis,str,1,0.0007147962831
site,1201,Wadi Markh,str,1,0.0007147962831
site,1202,Bukhalug,str,1,0.0007147962831
site,1203,Eridiya,str,1,0.0007147962831
site,1204,Abu Garahish,str,1,0.0007147962831
site,1205,Umm Esh,str,1,0.0007147962831
site,1206,Fawakhir,str,1,0.0007147962831
site,1207,Malge,str,1,0.0007147962831
site,1208,Bakare,str,1,0.0007147962831
site,1209,Umm Rus,str,1,0.0007147962831
site,1210,Umm Howeitat,str,1,0.0007147962831
site,1211,Wadi Dabab,str,1,0.0007147962831
site,1212,Wadi Nabiyah,str,1,0.0007147962831
site,1213,Attut,str,1,0.0007147962831
site,1214,Abu Greiya,str,1,0.0007147962831
site,1215,Wadi el-Amboot,str,1,0.0007147962831
site,1216,Hangaliya,str,1,0.0007147962831
site,1217,Barramiya,str,1,0.0007147962831
site,1218,Samut 1,str,1,0.0007147962831
site,1219,Sibrit,str,1,0.0007147962831
site,1220,Hamesh,str,1,0.0007147962831
site,1221,Um Garriat,str,1,0.0007147962831
site,1222,Abu Fas,str,1,0.0007147962831
site,1223,Great Orme,str,1,0.0007147962831
site,1224,Linley / Norbury,str,1,0.0007147962831
site,1225,Ffridd,str,1,0.0007147962831
site,1226,Broadfield,str,1,0.0007147962831
site,1227,Kingscote,str,1,0.0007147962831
site,1228,Hollybush Wood,str,1,0.0007147962831
site,1229,Whalesbeech,str,1,0.0007147962831
site,1230,Oldlands,str,1,0.0007147962831
site,1231,Castle Hill,str,1,0.0007147962831
site,1232,Minepit Wood,str,1,0.0007147962831
site,1233,Peterstow,str,1,0.0007147962831
site,1234,Whitchurch,str,1,0.0007147962831
site,1235,Blakes Wood,str,1,0.0007147962831
site,1236,Sling,str,1,0.0007147962831
site,1237,Lydney,str,1,0.0007147962831
site,1238,Crvena Zemlja,str,1,0.0007147962831
site,1239,Devetak,str,1,0.0007147962831
site,1240,Zlatno Guvno,str,1,0.0007147962831
site,1241,Bistrica / Batusa,str,1,0.0007147962831
site,1242,Carnanton,str,1,0.0007147962831
site,1243,Carnon,str,1,0.0007147962831
site,1244,Treloy,str,1,0.0007147962831
site,1245,Boscarne,str,1,0.0007147962831
site,1246,Draethen Roman Mine,str,1,0.0007147962831
site,1247,Navelgas Sur,str,1,0.0007147962831
site,1248,Arroyo de Bouza,str,1,0.0007147962831
site,1249,Três Minas - Corta de Ribeirinha,str,1,0.0007147962831
site,1250,Três Minas - Lagoinhos,str,1,0.0007147962831
site,1251,Gralheira,str,1,0.0007147962831
site,1252,Forno dos Mouros,str,1,0.0007147962831
site,1253,Los Corralones,str,1,0.0007147962831
site,1254,Portillo de Xandequín,str,1,0.0007147962831
site,1255,Peña Canales,str,1,0.0007147962831
site,1256,Arroyo de Xandellamas,str,1,0.0007147962831
site,1257,Pico de Valteleno,str,1,0.0007147962831
site,1258,Leganua,str,1,0.0007147962831
site,1259,Apertechekoborda,str,1,0.0007147962831
site,1260,Urlua,str,1,0.0007147962831
site,1261,Thealby Mine,str,1,0.0007147962831
site,1262,Woolsthorpe,str,1,0.0007147962831
site,1263,Black Piece,str,1,0.0007147962831
site,1264,Monmouth,str,1,0.0007147962831
site,1265,Scowles,str,1,0.0007147962831
site,1266,Wakerley,str,1,0.0007147962831
site,1267,Clatworthy,str,1,0.0007147962831
site,1268,Ashwicken,str,1,0.0007147962831
site,1269,Pippingford Park,str,1,0.0007147962831
site,1270,Hammerwood,str,1,0.0007147962831
site,1271,Bardown,str,1,0.0007147962831
site,1272,Holbeanwood,str,1,0.0007147962831
site,1273,Pepperingeye,str,1,0.0007147962831
site,1274,Byne's Farm,str,1,0.0007147962831
site,1275,Fore Wood,str,1,0.0007147962831
site,1276,Petley Wood,str,1,0.0007147962831
site,1277,Park Farm,str,1,0.0007147962831
site,1278,Footlands,str,1,0.0007147962831
site,1279,Beauport Park,str,1,0.0007147962831
site,1280,Oaklands,str,1,0.0007147962831
site,1281,Chitcombe,str,1,0.0007147962831
site,1282,Burnthouse Wood,str,1,0.0007147962831
site,1283,Brenley Corner,str,1,0.0007147962831
site,1284,Priddy,str,1,0.0007147962831
site,1285,Ouenza,str,1,0.0007147962831
site,1286,Sizma,str,1,0.0007147962831
site,1287,Goppenstein,str,1,0.0007147962831
site,1288,Ambialet,str,1,0.0007147962831
site,1289,Furzehill,str,1,0.0007147962831
site,1290,Baru - Dealul Negru,str,1,0.0007147962831
site,1291,Brădişoru de Jos - Maidan,str,1,0.0007147962831
site,1292,Creaca,str,1,0.0007147962831
site,1293,Criciova,str,1,0.0007147962831
site,1294,Dubova - Mina Eibenthal,str,1,0.0007147962831
site,1295,Dubova - Tisoviţa,str,1,0.0007147962831
site,1296,Dumbrava ,str,1,0.0007147962831
site,1297,"Ghelari, com. Ghelari  ",str,1,0.0007147962831
site,1298,Hărţăgani,str,1,0.0007147962831
site,1299,Imper,str,1,0.0007147962831
site,1300,Iscroni,str,1,0.0007147962831
site,1301,Lupeni,str,1,0.0007147962831
site,1302,Lupşa,str,1,0.0007147962831
site,1303,Măgura-Topliţa,str,1,0.0007147962831
site,1304,Maidan,str,1,0.0007147962831
site,1305,Mănerău,str,1,0.0007147962831
site,1306,Marga,str,1,0.0007147962831
site,1307,Mesteacăn (com. Municipiul Brad),str,1,0.0007147962831
site,1308,Mesteacăn (com. Răchitova),str,1,0.0007147962831
site,1309,Altân Tepe,str,1,0.0007147962831
site,1310,Moldova Nouă - Cânepişte,str,1,0.0007147962831
site,1311,Ohaba-Ponor,str,1,0.0007147962831
site,1312,Ormindea,str,1,0.0007147962831
site,1313,Peştera – “La Poduri” mine,str,1,0.0007147962831
site,1314,Peştişu Mare,str,1,0.0007147962831
site,1315,Pestişu Mic,str,1,0.0007147962831
site,1316,Petroşani,str,1,0.0007147962831
site,1317,Pianu de Jos - La Margini,str,1,0.0007147962831
site,1318,Ribiţa,str,1,0.0007147962831
site,1319,Rogna,str,1,0.0007147962831
site,1320,Roşia Montană - Orlea,str,1,0.0007147962831
site,1321,Roşia Montană - Cârnic,str,1,0.0007147962831
site,1322,Roşia Montană - Cătălina Monuleşti,str,1,0.0007147962831
site,1323,Ruda,str,1,0.0007147962831
site,1324,Ruda-Brad - Muncelu,str,1,0.0007147962831
site,1325,Ruda-Brad - 12 Apostles and St John galleries,str,1,0.0007147962831
site,1326,"Sălişte-Dealul Draica, Gallery 1",str,1,0.0007147962831
site,1327,"Sălişte-Dealul Draica, Gallery 2",str,1,0.0007147962831
site,1328,Sândominic,str,1,0.0007147962831
site,1329,Sasca Montană - Dealul Tecla,str,1,0.0007147962831
site,1330,Sasca Română,str,1,0.0007147962831
site,1331,Sălciua de Sus,str,1,0.0007147962831
site,1332,Scărişoara,str,1,0.0007147962831
site,1333,Slatina-Timiş - Mina Slatina,str,1,0.0007147962831
site,1334,Ştinăpari - Dealul Chelu,str,1,0.0007147962831
site,1335,Surduc,str,1,0.0007147962831
site,1336,Surducu Mare,str,1,0.0007147962831
site,1337,Ţebea - Dealul Măgura  ,str,1,0.0007147962831
site,1338,Teliucu Inferior,str,1,0.0007147962831
site,1339,Teliucu Inferior  - Ploţca,str,1,0.0007147962831
site,1340,Ticvaniu Mic - Sălişte,str,1,0.0007147962831
site,1341,Tincova,str,1,0.0007147962831
site,1342,Topliţa - Măgura Topliţa,str,1,0.0007147962831
site,1343,Trestia-Dealul Mialu - Roman gallery 1,str,1,0.0007147962831
site,1344,Trestia-Dealul Mialu - Roman gallery 2,str,1,0.0007147962831
site,1345,Trestia-Dealul Mialu - Roman gallery 4,str,1,0.0007147962831
site,1346,Trestia-Dealul Mialu - Roman gallery 5,str,1,0.0007147962831
site,1347,Uroi,str,1,0.0007147962831
site,1348,Vălişoara,str,1,0.0007147962831
site,1349,Veţel,str,1,0.0007147962831
site,1350,Valea Dosului ,str,1,0.0007147962831
site,1351,Vărad,str,1,0.0007147962831
site,1352,Vârciorova,str,1,0.0007147962831
site,1353,Vidolm,str,1,0.0007147962831
site,1354,Roşia Montană - Cetate,str,1,0.0007147962831
site,1355,Pianul de Sus,str,1,0.0007147962831
site,1356,Ruda-Brad - Treptele Romane,str,1,0.0007147962831
site,1357,Techereu - Dealul Fericeu,str,1,0.0007147962831
site,1358,Făgetu Ierii,str,1,0.0007147962831
site,1359,Ioijib,str,1,0.0007147962831
site,1360,Ticvaniu Mic - Gomile / Moghile,str,1,0.0007147962831
site,1361,Karth - Mining Area 1,str,1,0.0007147962831
site,1362,Karth - Mining Area 3,str,1,0.0007147962831
site,1363,Karth - Mining Area 4,str,1,0.0007147962831
site,1364,Karth - Mining Area 5,str,1,0.0007147962831
site,1365,Las Llameras,str,1,0.0007147962831
site,1366,Vitovnica,str,1,0.0007147962831
site,1367,Slatina Nera,str,1,0.0007147962831
site,1368,Fuente Encalada,str,1,0.0007147962831
site,1369,Sorbrera,str,1,0.0007147962831
site,1370,Castro de Rivas,str,1,0.0007147962831
site,1371,La Salina,str,1,0.0007147962831
site,1372,Zufreiral,str,1,0.0007147962831
site,1373,La Poza del Castro,str,1,0.0007147962831
site,1374,Gomionica,str,1,0.0007147962831
site,1375,Tješilo,str,1,0.0007147962831
site,1376,La Corona de Matachana,str,1,0.0007147962831
site,1377,Las Ferreiruscas,str,1,0.0007147962831
site,1378,Salas de la Ribera,str,1,0.0007147962831
site,1379,La Cibrera,str,1,0.0007147962831
site,1380,Devesa de Pradorrey,str,1,0.0007147962831
site,1381,La Forcada,str,1,0.0007147962831
ancientName,1,<NA>,missing,1383,0.9885632595
ancientName,2,Alburnus Maior,str,7,0.005003573981
ancientName,3,Vipasca,str,1,0.0007147962831
ancientName,4,Victimulae,str,1,0.0007147962831
ancientName,5,Phaeno,str,1,0.0007147962831
ancientName,6,Urium (?),str,1,0.0007147962831
ancientName,7,Argentaria,str,1,0.0007147962831
ancientName,8,Municipium Dardanorum,str,1,0.0007147962831
ancientName,9,Ergasteria,str,1,0.0007147962831
ancientName,10,Argyria,str,1,0.0007147962831
ancientName,11,Arbus,str,1,0.0007147962831
province,1,Hispania Tarraconensis,str,757,0.5411007863
province,2,Hispania Baetica,str,227,0.1622587563
province,3,Dacia,str,136,0.0972122945
province,4,Britannia,str,58,0.04145818442
province,5,Aegyptus,str,39,0.02787705504
province,6,Gallia Aquitania,str,31,0.02215868477
province,7,Gallia Narbonensis,str,26,0.01858470336
province,8,Lusitania,str,18,0.0128663331
province,9,Dalmatia,str,18,0.0128663331
province,10,Cyprus,str,15,0.01072194425
province,11,Moesia Superior,str,12,0.008577555397
province,12,Corsica et Sardinia,str,10,0.007147962831
province,13,Germania Inferior,str,7,0.005003573981
province,14,Noricum,str,6,0.004288777698
province,15,Alpes Cottiae,str,5,0.003573981415
province,16,Moesia Inferior,str,5,0.003573981415
province,17,Gallia Lugdunensis,str,3,0.002144388849
province,18,Achaea,str,3,0.002144388849
province,19,Iudaea,str,2,0.001429592566
province,20,Italia,str,2,0.001429592566
province,21,Asia,str,2,0.001429592566
province,22,Africa Proconsularis,str,2,0.001429592566
province,23,Alpes Maritimae,str,2,0.001429592566
province,24,Macedonia,str,2,0.001429592566
province,25,Galatia et Cappadocia,str,2,0.001429592566
province,26,Mauretania Caesariensis,str,2,0.001429592566
province,27,Numidia,str,2,0.001429592566
province,28,Gallia Belgica,str,1,0.0007147962831
province,29,Arabia Petraea,str,1,0.0007147962831
province,30,Cilicia,str,1,0.0007147962831
province,31,Creta et Cyrene,str,1,0.0007147962831
province,32,Asia Minor,str,1,0.0007147962831
country,1,Spain,str,929,0.664045747
country,2,Romania,str,136,0.0972122945
country,3,Portugal,str,72,0.05146533238
country,4,France,str,64,0.04574696212
country,5,United Kingdom,str,58,0.04145818442
country,6,Egypt,str,39,0.02787705504
country,7,Cyprus,str,13,0.00929235168
country,8,Italy,str,13,0.00929235168
country,9,Bosnia and Herzegovina,str,12,0.008577555397
country,10,Bulgaria,str,8,0.005718370264
country,11,Germany,str,7,0.005003573981
country,12,Austria,str,6,0.004288777698
country,13,Turkey,str,6,0.004288777698
country,14,Greece,str,5,0.003573981415
country,15,Serbia,str,5,0.003573981415
country,16,"Bosnia and Herzegovina, Republika Srpska",str,5,0.003573981415
country,17,Kosovo,str,4,0.002859185132
country,18,Algeria,str,4,0.002859185132
country,19,Northern Cyprus,str,2,0.001429592566
country,20,Israel,str,2,0.001429592566
country,21,Switzerland,str,2,0.001429592566
country,22,Tunisia,str,2,0.001429592566
country,23,Belgium,str,1,0.0007147962831
country,24,Jordan,str,1,0.0007147962831
country,25,Navarra,str,1,0.0007147962831
country,26,Montenegro,str,1,0.0007147962831
country,27,Macedonia,str,1,0.0007147962831
region,1,León,str,304,0.2172980701
region,2,Oviedo,str,168,0.1200857756
region,3,<NA>,missing,90,0.06433166548
region,4,Córdoba,str,82,0.05861329521
region,5,Hunedoara  ,str,72,0.05146533238
region,6,Lugo,str,61,0.04360257327
region,7,Badajoz,str,52,0.03716940672
region,8,Huelva,str,50,0.03573981415
region,9,Orense,str,45,0.03216583274
region,10,Eastern Desert,str,39,0.02787705504
region,11,Ciudad Real,str,37,0.02644746247
region,12,Jaén,str,30,0.02144388849
region,13,Northern Portugal,str,19,0.01358112938
region,14,Alba  ,str,18,0.0128663331
region,15,East Sussex,str,18,0.0128663331
region,16,Caraş-Severin  ,str,17,0.01215153681
region,17,Central Bosnia,str,12,0.008577555397
region,18,Sevilla,str,12,0.008577555397
region,19,Beja,str,10,0.007147962831
region,20,Gard,str,10,0.007147962831
region,21,Sardinia,str,10,0.007147962831
region,22,Pontevedra,str,10,0.007147962831
region,23,Vila Real,str,9,0.006433166548
region,24,Murcia,str,9,0.006433166548
region,25,La Coruña,str,8,0.005718370264
region,26,Alba County,str,7,0.005003573981
region,27,Gerona,str,7,0.005003573981
region,28,Castelo Branco,str,6,0.004288777698
region,29,Pyrénées-Atlantiques,str,6,0.004288777698
region,30,Pyrénées-Orientales,str,6,0.004288777698
region,31,Almería,str,6,0.004288777698
region,32,Wales,str,6,0.004288777698
region,33,Gloucestershire,str,6,0.004288777698
region,34,Faro,str,5,0.003573981415
region,35,Viano do Castelo,str,5,0.003573981415
region,36,Santarem,str,4,0.002859185132
region,37,Hunedoara,str,4,0.002859185132
region,38,Cluj,str,4,0.002859185132
region,39,Caraş-Severin,str,4,0.002859185132
region,40,Granada,str,4,0.002859185132
region,41,Salamanca,str,4,0.002859185132
region,42,Eastern Bosnia (Republica Srpska),str,4,0.002859185132
region,43,Cornwall,str,4,0.002859185132
region,44,Cuenca,str,3,0.002144388849
region,45,Palencia,str,3,0.002144388849
region,46,"León, Orense, Lugo",str,3,0.002144388849
region,47,Toledo,str,3,0.002144388849
region,48,Tarragona,str,3,0.002144388849
region,49,Derbyshire,str,3,0.002144388849
region,50,Shropshire,str,3,0.002144388849
region,51,Isère,str,3,0.002144388849
region,52,West Sussex,str,3,0.002144388849
region,53,Braga,str,2,0.001429592566
region,54,Coimbra,str,2,0.001429592566
region,55,Évora,str,2,0.001429592566
region,56,Aveyron,str,2,0.001429592566
region,57,Lauriotike,str,2,0.001429592566
region,58,Guarda,str,2,0.001429592566
region,59,Porto,str,2,0.001429592566
region,60,Balearics,str,2,0.001429592566
region,61,Segovia,str,2,0.001429592566
region,62,Madrid,str,2,0.001429592566
region,63,Guadalajara,str,2,0.001429592566
region,64,Zaragoza,str,2,0.001429592566
region,65,Bilbao,str,2,0.001429592566
region,66,Zamorra,str,2,0.001429592566
region,67,Santander,str,2,0.001429592566
region,68,Valais,str,2,0.001429592566
region,69,Lozère,str,2,0.001429592566
region,70,Creuse,str,2,0.001429592566
region,71,Alpes-de-Haute-Provence,str,2,0.001429592566
region,72,Dordogne,str,2,0.001429592566
region,73,Somerset,str,2,0.001429592566
region,74,Sălaj  ,str,2,0.001429592566
region,75,Mehedinţi  ,str,2,0.001429592566
region,76,Harghita  ,str,2,0.001429592566
region,77,Bragança,str,1,0.0007147962831
region,78,Portalegre,str,1,0.0007147962831
region,79,Aveiro,str,1,0.0007147962831
region,80,Haute Loire_x000D_,str,1,0.0007147962831
region,81,Puy-de-D_x001E_ôme,str,1,0.0007147962831
region,82,Sauerland,str,1,0.0007147962831
region,83,Setubal,str,1,0.0007147962831
region,84,Alicante,str,1,0.0007147962831
region,85,Avila,str,1,0.0007147962831
region,86,La Rioja,str,1,0.0007147962831
region,87,Leon,str,1,0.0007147962831
region,88,Cáceres,str,1,0.0007147962831
region,89,Lérida,str,1,0.0007147962831
region,90,Navarra,str,1,0.0007147962831
region,91,Aude,str,1,0.0007147962831
region,92,Cantal,str,1,0.0007147962831
region,93,Haute-Loire,str,1,0.0007147962831
region,94,Savoie,str,1,0.0007147962831
region,95,Lucca,str,1,0.0007147962831
region,96,Var,str,1,0.0007147962831
region,97,Ardèche,str,1,0.0007147962831
region,98,Loire-Atlantique,str,1,0.0007147962831
region,99,Haute-Vienne,str,1,0.0007147962831
region,100,Hautes-Alpes,str,1,0.0007147962831
region,101,Crete,str,1,0.0007147962831
region,102,Glamorgan,str,1,0.0007147962831
region,103,Humberside,str,1,0.0007147962831
region,104,Lincolnshire,str,1,0.0007147962831
region,105,Leicestershire,str,1,0.0007147962831
region,106,Gwent ,str,1,0.0007147962831
region,107,Northamptonshire,str,1,0.0007147962831
region,108,Norfolk,str,1,0.0007147962831
region,109,Kent,str,1,0.0007147962831
region,110,Tarn,str,1,0.0007147962831
region,111,Devon,str,1,0.0007147962831
region,112,Timiş  ,str,1,0.0007147962831
region,113,Tulcea  ,str,1,0.0007147962831
region,114,Caraş-Severin ,str,1,0.0007147962831
region,115,Mehedinţi ,str,1,0.0007147962831
region,116,Satu Mare,str,1,0.0007147962831
miningDistrict,1,<NA>,missing,187,0.1336669049
miningDistrict,2,Cuenca media del Sil,str,99,0.07076483202
miningDistrict,3,Cuenca del Navia,str,78,0.05575411008
miningDistrict,4,Cuenca del Narcea,str,53,0.037884203
miningDistrict,5,Huelva,str,46,0.03288062902
miningDistrict,6,Los Pedroches,str,43,0.03073624017
miningDistrict,7,Eastern Desert,str,39,0.02787705504
miningDistrict,8,Alcudia,str,38,0.02716225876
miningDistrict,9,Munţii Metaliferi  ,str,36,0.02573266619
miningDistrict,10,Cuencas de Cúa y Burbia,str,35,0.02501786991
miningDistrict,11,Cuenca Alta del Orbigo,str,34,0.02430307362
miningDistrict,12,Cuenca del Boeza,str,34,0.02430307362
miningDistrict,13,Azuaga-Fuenteovejuna,str,34,0.02430307362
miningDistrict,14,Valduerna,str,30,0.02144388849
miningDistrict,15,Cuenca media del Miño,str,29,0.02072909221
miningDistrict,16,Cuencas del Turienzo y Jerega,str,29,0.02072909221
miningDistrict,17,Munţii Metaliferi,str,25,0.01786990708
miningDistrict,18,Cuenca Alta del Tuerto,str,24,0.01715511079
miningDistrict,19,Cuenca del Eria,str,24,0.01715511079
miningDistrict,20,The Weald,str,22,0.01572551823
miningDistrict,21,Trás-os-montes,str,20,0.01429592566
miningDistrict,22,Northern Portugal,str,19,0.01358112938
miningDistrict,23,Sierra del Teleno,str,19,0.01358112938
miningDistrict,24,Beiras,str,18,0.0128663331
miningDistrict,25,La Serena,str,18,0.0128663331
miningDistrict,26,Cuenca Alta del Miño,str,17,0.01215153681
miningDistrict,27,Troodos Mountains,str,15,0.01072194425
miningDistrict,28,Cuenca del Porcia,str,14,0.01000714796
miningDistrict,29,Cuenca del Esba o Canero,str,14,0.01000714796
miningDistrict,30,Córdoba,str,14,0.01000714796
miningDistrict,31,Montoro Andújar,str,14,0.01000714796
miningDistrict,32,Sevilla,str,14,0.01000714796
miningDistrict,33,Linares - La Carolina,str,14,0.01000714796
miningDistrict,34,Pyrenees,str,13,0.00929235168
miningDistrict,35,Cuenca Alta del Sil,str,13,0.00929235168
miningDistrict,36,Picos de Aroche,str,12,0.008577555397
miningDistrict,37,Galicia,str,12,0.008577555397
miningDistrict,38,Posadas,str,11,0.007862759114
miningDistrict,39,Munţii Poiana Ruscă,str,9,0.006433166548
miningDistrict,40,Almería,str,9,0.006433166548
miningDistrict,41,Asturias,str,9,0.006433166548
miningDistrict,42,Alentejo,str,8,0.005718370264
miningDistrict,43,Mt Vranica,str,8,0.005718370264
miningDistrict,44,Cartagena-Mazarrón,str,7,0.005003573981
miningDistrict,45,Cambo-les-Bains,str,6,0.004288777698
miningDistrict,46,North Rhine,str,6,0.004288777698
miningDistrict,47,León,str,6,0.004288777698
miningDistrict,48,Algarve,str,5,0.003573981415
miningDistrict,49,Iglesias,str,5,0.003573981415
miningDistrict,50,Forest of Dean,str,5,0.003573981415
miningDistrict,51,Cuenca del Masma,str,4,0.002859185132
miningDistrict,52,Cuenca del Bibei,str,4,0.002859185132
miningDistrict,53,Drina valley,str,4,0.002859185132
miningDistrict,54,Cornwall,str,4,0.002859185132
miningDistrict,55,Fojnička valley,str,3,0.002144388849
miningDistrict,56,Ariege,str,3,0.002144388849
miningDistrict,57,Cabrieres,str,3,0.002144388849
miningDistrict,58,Wadi Arabah,str,3,0.002144388849
miningDistrict,59,Toplica Valley,str,3,0.002144388849
miningDistrict,60,Cuencas del Duerna y Jamuz,str,3,0.002144388849
miningDistrict,61,Derbyshire,str,3,0.002144388849
miningDistrict,62,Mendips,str,3,0.002144388849
miningDistrict,63,Arieş river,str,3,0.002144388849
miningDistrict,64,Laurion,str,2,0.001429592566
miningDistrict,65,Crişul Alb,str,2,0.001429592566
miningDistrict,66,Bierzo,str,2,0.001429592566
miningDistrict,67,Cuenca Baja del Miño,str,2,0.001429592566
miningDistrict,68,Astorga,str,2,0.001429592566
miningDistrict,69,Munţii Almăjului,str,2,0.001429592566
miningDistrict,70,Munţii Vulcan,str,2,0.001429592566
miningDistrict,71,Locvei Mountains,str,2,0.001429592566
miningDistrict,72,Magdalensberg,str,1,0.0007147962831
miningDistrict,73,Ardennes,str,1,0.0007147962831
miningDistrict,74,Japra Valley,str,1,0.0007147962831
miningDistrict,75,Banca,str,1,0.0007147962831
miningDistrict,76,Ceutrons,str,1,0.0007147962831
miningDistrict,77,Belliere,str,1,0.0007147962831
miningDistrict,78,Bessette,str,1,0.0007147962831
miningDistrict,79,Minayre,str,1,0.0007147962831
miningDistrict,80,Rodde,str,1,0.0007147962831
miningDistrict,81,L'Orb,str,1,0.0007147962831
miningDistrict,82,Le Bleymard,str,1,0.0007147962831
miningDistrict,83,Les Miaules,str,1,0.0007147962831
miningDistrict,84,Auvergne,str,1,0.0007147962831
miningDistrict,85,Vialas,str,1,0.0007147962831
miningDistrict,86,Villefranche-de-Rouergue,str,1,0.0007147962831
miningDistrict,87,Sauerland,str,1,0.0007147962831
miningDistrict,88,Nurra,str,1,0.0007147962831
miningDistrict,89,Bessa,str,1,0.0007147962831
miningDistrict,90,Massa Marittima,str,1,0.0007147962831
miningDistrict,91,Mureş river basin,str,1,0.0007147962831
miningDistrict,92,Munţii Dognecea,str,1,0.0007147962831
miningDistrict,93,Cernei Mountains,str,1,0.0007147962831
miningDistrict,94,Ţarcului Mountains,str,1,0.0007147962831
miningDistrict,95,Balearics,str,1,0.0007147962831
miningDistrict,96,Cuenca del Allones,str,1,0.0007147962831
miningDistrict,97,Zona de Prior y Valdoviños,str,1,0.0007147962831
miningDistrict,98,Cuenca del Deza,str,1,0.0007147962831
miningDistrict,99,Linares-La Carolina,str,1,0.0007147962831
miningDistrict,100,Fombuena,str,1,0.0007147962831
miningDistrict,101,Granada,str,1,0.0007147962831
miningDistrict,102,Lanestosa,str,1,0.0007147962831
miningDistrict,103,Cuenca del Mero,str,1,0.0007147962831
miningDistrict,104,Cuenca del Limia,str,1,0.0007147962831
miningDistrict,105,Cuenca del Xallas,str,1,0.0007147962831
miningDistrict,106,Rocabruna,str,1,0.0007147962831
miningDistrict,107,Udias,str,1,0.0007147962831
miningDistrict,108,Siviez,str,1,0.0007147962831
miningDistrict,109,Alderley Edge,str,1,0.0007147962831
miningDistrict,110,South Wales,str,1,0.0007147962831
miningDistrict,111,Mid Glamorgan,str,1,0.0007147962831
miningDistrict,112,Shelve Hill,str,1,0.0007147962831
miningDistrict,113,Massif Central,str,1,0.0007147962831
miningDistrict,114,Flintshire,str,1,0.0007147962831
miningDistrict,115,Caraş-Severin  ,str,1,0.0007147962831
miningDistrict,116,Dognecea Mountains,str,1,0.0007147962831
miningDistrict,117,Muntele Mic,str,1,0.0007147962831
miningDistrict,118,Sebeş Mountains,str,1,0.0007147962831
romanianRANID,1,<NA>,missing,1299,0.9285203717
romanianRANID,2,87335.04,float,2,0.001429592566
romanianRANID,3,89044.02,float,1,0.0007147962831
romanianRANID,4,87754.05,float,1,0.0007147962831
romanianRANID,5,88109.08,float,1,0.0007147962831
romanianRANID,6,88109.09,float,1,0.0007147962831
romanianRANID,7,88109.07,float,1,0.0007147962831
romanianRANID,8,88109.1,float,1,0.0007147962831
romanianRANID,9,88109.04,float,1,0.0007147962831
romanianRANID,10,88109.03,float,1,0.0007147962831
romanianRANID,11,87255.05,float,1,0.0007147962831
romanianRANID,12,88118.04,float,1,0.0007147962831
romanianRANID,13,88118.02,float,1,0.0007147962831
romanianRANID,14,88118.03,float,1,0.0007147962831
romanianRANID,15,88118.05,float,1,0.0007147962831
romanianRANID,16,51136.04,float,1,0.0007147962831
romanianRANID,17,50978.15,float,1,0.0007147962831
romanianRANID,18,3468.03,float,1,0.0007147962831
romanianRANID,19,88877.01,float,1,0.0007147962831
romanianRANID,20,88127.01,float,1,0.0007147962831
romanianRANID,21,88127.02,float,1,0.0007147962831
romanianRANID,22,88127.03,float,1,0.0007147962831
romanianRANID,23,88127.04,float,1,0.0007147962831
romanianRANID,24,88127.05,float,1,0.0007147962831
romanianRANID,25,88127.06,float,1,0.0007147962831
romanianRANID,26,87772.03,float,1,0.0007147962831
romanianRANID,27,87772.02,float,1,0.0007147962831
romanianRANID,28,51136.07,float,1,0.0007147962831
romanianRANID,29,51957.05,float,1,0.0007147962831
romanianRANID,30,86954.05,float,1,0.0007147962831
romanianRANID,31,53498.12,float,1,0.0007147962831
romanianRANID,32,88136.15,float,1,0.0007147962831
romanianRANID,33,88136.12,float,1,0.0007147962831
romanianRANID,34,88136.14,float,1,0.0007147962831
romanianRANID,35,88001.1,float,1,0.0007147962831
romanianRANID,36,51163.06,float,1,0.0007147962831
romanianRANID,37,140681.05,float,1,0.0007147962831
romanianRANID,38,156543.02,float,1,0.0007147962831
romanianRANID,39,112931.12,float,1,0.0007147962831
romanianRANID,40,112931.13,float,1,0.0007147962831
romanianRANID,41,90486.02,float,1,0.0007147962831
romanianRANID,42,88145.02,float,1,0.0007147962831
romanianRANID,43,88145.03,float,1,0.0007147962831
romanianRANID,44,86892.04,float,1,0.0007147962831
romanianRANID,45,88154.04,float,1,0.0007147962831
romanianRANID,46,88154.02,float,1,0.0007147962831
romanianRANID,47,88154.05,float,1,0.0007147962831
romanianRANID,48,88154.03,float,1,0.0007147962831
romanianRANID,49,88154.06,float,1,0.0007147962831
romanianRANID,50,89286.02,float,1,0.0007147962831
romanianRANID,51,89286.03,float,1,0.0007147962831
romanianRANID,52,85323.02,float,1,0.0007147962831
romanianRANID,53,87237.01,float,1,0.0007147962831
romanianRANID,54,87068.04,float,1,0.0007147962831
romanianRANID,55,89295.02,float,1,0.0007147962831
romanianRANID,56,90501.02,float,1,0.0007147962831
romanianRANID,57,53229.02,float,1,0.0007147962831
romanianRANID,58,87317.02,float,1,0.0007147962831
romanianRANID,59,90789.01,float,1,0.0007147962831
romanianRANID,60,161366.01,float,1,0.0007147962831
romanianRANID,61,51065.17,float,1,0.0007147962831
romanianRANID,62,90609.05,float,1,0.0007147962831
romanianRANID,63,88172.01,float,1,0.0007147962831
romanianRANID,64,86874.07,float,1,0.0007147962831
romanianRANID,65,90440.04,float,1,0.0007147962831
romanianRANID,66,87004.05,float,1,0.0007147962831
romanianRANID,67,6235.03,float,1,0.0007147962831
romanianRANID,68,90814.02,float,1,0.0007147962831
romanianRANID,69,141704.09,float,1,0.0007147962831
romanianRANID,70,6770.0,float,1,0.0007147962831
romanianRANID,71,6770.01,float,1,0.0007147962831
romanianRANID,72,6770.11,float,1,0.0007147962831
romanianRANID,73,86927.03,float,1,0.0007147962831
romanianRANID,74,87335.02,float,1,0.0007147962831
romanianRANID,75,89311.02,float,1,0.0007147962831
romanianRANID,76,89311.03,float,1,0.0007147962831
romanianRANID,77,88190.01,float,1,0.0007147962831
romanianRANID,78,88190.02,float,1,0.0007147962831
romanianRANID,79,85779.02,float,1,0.0007147962831
romanianRANID,80,53808.01,float,1,0.0007147962831
romanianRANID,81,53835.19,float,1,0.0007147962831
romanianRANID,82,54065.05,float,1,0.0007147962831
romanianRANID,83,88840.02,float,1,0.0007147962831
romanianRANID,84,88840.01,float,1,0.0007147962831
romanianRANID,85,51868.01,float,1,0.0007147962831
romanianRANID,86,52892.06,float,1,0.0007147962831
romanianRANID,87,87825.02,float,1,0.0007147962831
romanianRANID,88,86945.03,float,1,0.0007147962831
romanianRANID,89,86945.02,float,1,0.0007147962831
romanianRANID,90,54341.06,float,1,0.0007147962831
romanianRANID,91,53782.04,float,1,0.0007147962831
romanianRANID,92,91544.02,float,1,0.0007147962831
romanianRANID,93,88207.03,float,1,0.0007147962831
romanianRANID,94,88207.04,float,1,0.0007147962831
romanianRANID,95,88207.06,float,1,0.0007147962831
romanianRANID,96,88207.07,float,1,0.0007147962831
romanianRANID,97,87736.06,float,1,0.0007147962831
romanianRANID,98,91946.01,float,1,0.0007147962831
romanianRANID,99,91991.04,float,1,0.0007147962831
romanianRANID,100,53844.05,float,1,0.0007147962831
sanchezPalenciaAndOrejasID,1,<NA>,missing,843,0.6025732666
sanchezPalenciaAndOrejasID,2,MS---,str,8,0.005718370264
sanchezPalenciaAndOrejasID,3,DU-12,str,5,0.003573981415
sanchezPalenciaAndOrejasID,4,DU-08,str,4,0.002859185132
sanchezPalenciaAndOrejasID,5,NP-09,str,3,0.002144388849
sanchezPalenciaAndOrejasID,6,TE-08,str,3,0.002144388849
sanchezPalenciaAndOrejasID,7,DU-07,str,3,0.002144388849
sanchezPalenciaAndOrejasID,8,TE-07,str,2,0.001429592566
sanchezPalenciaAndOrejasID,9,ES-03,str,2,0.001429592566
sanchezPalenciaAndOrejasID,10,DU-14,str,2,0.001429592566
sanchezPalenciaAndOrejasID,11,BO-27,str,2,0.001429592566
sanchezPalenciaAndOrejasID,12,NP-01,str,1,0.0007147962831
sanchezPalenciaAndOrejasID,13,NP-17,str,1,0.0007147962831
sanchezPalenciaAndOrejasID,14,NP-19,str,1,0.0007147962831
sanchezPalenciaAndOrejasID,15,NP-11,str,1,0.0007147962831
sanchezPalenciaAndOrejasID,16,NP-20,str,1,0.0007147962831
sanchezPalenciaAndOrejasID,17,NP-24,str,1,0.0007147962831
sanchezPalenciaAndOrejasID,18,NP-18,str,1,0.0007147962831
sanchezPalenciaAndOrejasID,19,NP-22,str,1,0.0007147962831
sanchezPalenciaAndOrejasID,20,NP-08,str,1,0.0007147962831
sanchezPalenciaAndOrejasID,21,NP-13,str,1,0.0007147962831
sanchezPalenciaAndOrejasID,22,NP-15,str,1,0.0007147962831
sanchezPalenciaAndOrejasID,23,NP-07,str,1,0.0007147962831
sanchezPalenciaAndOrejasID,24,NP-06,str,1,0.0007147962831
sanchezPalenciaAndOrejasID,25,NP-12,str,1,0.0007147962831
sanchezPalenciaAndOrejasID,26,NP-03,str,1,0.0007147962831
sanchezPalenciaAndOrejasID,27,NP-10,str,1,0.0007147962831
sanchezPalenciaAndOrejasID,28,NP-04,str,1,0.0007147962831
sanchezPalenciaAndOrejasID,29,NP-16,str,1,0.0007147962831
sanchezPalenciaAndOrejasID,30,NP-14,str,1,0.0007147962831
sanchezPalenciaAndOrejasID,31,NP-21,str,1,0.0007147962831
sanchezPalenciaAndOrejasID,32,NP-05,str,1,0.0007147962831
sanchezPalenciaAndOrejasID,33,NP-02,str,1,0.0007147962831
sanchezPalenciaAndOrejasID,34,NP-23,str,1,0.0007147962831
sanchezPalenciaAndOrejasID,35,AT-13,str,1,0.0007147962831
sanchezPalenciaAndOrejasID,36,MS-045,str,1,0.0007147962831
sanchezPalenciaAndOrejasID,37,NA-42,str,1,0.0007147962831
sanchezPalenciaAndOrejasID,38,AO-30,str,1,0.0007147962831
sanchezPalenciaAndOrejasID,39,NA-23,str,1,0.0007147962831
sanchezPalenciaAndOrejasID,40,NA-10,str,1,0.0007147962831
sanchezPalenciaAndOrejasID,41,PO-01,str,1,0.0007147962831
sanchezPalenciaAndOrejasID,42,MM-02,str,1,0.0007147962831
sanchezPalenciaAndOrejasID,43,AN-07,str,1,0.0007147962831
sanchezPalenciaAndOrejasID,44,CB-07,str,1,0.0007147962831
sanchezPalenciaAndOrejasID,45,ES-06,str,1,0.0007147962831
sanchezPalenciaAndOrejasID,46,NV-64,str,1,0.0007147962831
sanchezPalenciaAndOrejasID,47,BO-22,str,1,0.0007147962831
sanchezPalenciaAndOrejasID,48,CB-05,str,1,0.0007147962831
sanchezPalenciaAndOrejasID,49,CB-06,str,1,0.0007147962831
sanchezPalenciaAndOrejasID,50,ER-11,str,1,0.0007147962831
sanchezPalenciaAndOrejasID,51,NV-24,str,1,0.0007147962831
sanchezPalenciaAndOrejasID,52,NV-41,str,1,0.0007147962831
sanchezPalenciaAndOrejasID,53,ES-09,str,1,0.0007147962831
sanchezPalenciaAndOrejasID,54,PO-17,str,1,0.0007147962831
sanchezPalenciaAndOrejasID,55,PO-09,str,1,0.0007147962831
sanchezPalenciaAndOrejasID,56,TE-03,str,1,0.0007147962831
sanchezPalenciaAndOrejasID,57,CB-35,str,1,0.0007147962831
sanchezPalenciaAndOrejasID,58,NV-60,str,1,0.0007147962831
sanchezPalenciaAndOrejasID,59,NV-59,str,1,0.0007147962831
sanchezPalenciaAndOrejasID,60,MS-071,str,1,0.0007147962831
sanchezPalenciaAndOrejasID,61,NA-54,str,1,0.0007147962831
sanchezPalenciaAndOrejasID,62,BO-07,str,1,0.0007147962831
sanchezPalenciaAndOrejasID,63,MS-053,str,1,0.0007147962831
sanchezPalenciaAndOrejasID,64,BO-29,str,1,0.0007147962831
sanchezPalenciaAndOrejasID,65,AO-26,str,1,0.0007147962831
sanchezPalenciaAndOrejasID,66,NV-20,str,1,0.0007147962831
sanchezPalenciaAndOrejasID,67,NV-15,str,1,0.0007147962831
sanchezPalenciaAndOrejasID,68,NV-14,str,1,0.0007147962831
sanchezPalenciaAndOrejasID,69,NV-13,str,1,0.0007147962831
sanchezPalenciaAndOrejasID,70,NV-12,str,1,0.0007147962831
sanchezPalenciaAndOrejasID,71,NV-11,str,1,0.0007147962831
sanchezPalenciaAndOrejasID,72,TJ-26,str,1,0.0007147962831
sanchezPalenciaAndOrejasID,73,BO-11,str,1,0.0007147962831
sanchezPalenciaAndOrejasID,74,MM-20,str,1,0.0007147962831
sanchezPalenciaAndOrejasID,75,MS-100,str,1,0.0007147962831
sanchezPalenciaAndOrejasID,76,NV-82,str,1,0.0007147962831
sanchezPalenciaAndOrejasID,77,AT-16,str,1,0.0007147962831
sanchezPalenciaAndOrejasID,78,AT-18,str,1,0.0007147962831
sanchezPalenciaAndOrejasID,79,MS-027,str,1,0.0007147962831
sanchezPalenciaAndOrejasID,80,MS-012,str,1,0.0007147962831
sanchezPalenciaAndOrejasID,81,AO-17,str,1,0.0007147962831
sanchezPalenciaAndOrejasID,82,AT-27,str,1,0.0007147962831
sanchezPalenciaAndOrejasID,83,AT-26,str,1,0.0007147962831
sanchezPalenciaAndOrejasID,84,ES-01,str,1,0.0007147962831
sanchezPalenciaAndOrejasID,85,AS-03,str,1,0.0007147962831
sanchezPalenciaAndOrejasID,86,NA-24,str,1,0.0007147962831
sanchezPalenciaAndOrejasID,87,AM-02,str,1,0.0007147962831
sanchezPalenciaAndOrejasID,88,AL-01,str,1,0.0007147962831
sanchezPalenciaAndOrejasID,89,MM-19,str,1,0.0007147962831
sanchezPalenciaAndOrejasID,90,NV-51,str,1,0.0007147962831
sanchezPalenciaAndOrejasID,91,NV-06,str,1,0.0007147962831
sanchezPalenciaAndOrejasID,92,NV-05,str,1,0.0007147962831
sanchezPalenciaAndOrejasID,93,NV-04,str,1,0.0007147962831
sanchezPalenciaAndOrejasID,94,NV-55,str,1,0.0007147962831
sanchezPalenciaAndOrejasID,95,ER-13,str,1,0.0007147962831
sanchezPalenciaAndOrejasID,96,NV-38,str,1,0.0007147962831
sanchezPalenciaAndOrejasID,97,NV-37,str,1,0.0007147962831
sanchezPalenciaAndOrejasID,98,CB-32,str,1,0.0007147962831
sanchezPalenciaAndOrejasID,99,PV-01,str,1,0.0007147962831
sanchezPalenciaAndOrejasID,100,NV-81,str,1,0.0007147962831
sanchezPalenciaAndOrejasID,101,MS-098,str,1,0.0007147962831
sanchezPalenciaAndOrejasID,102,AO-04,str,1,0.0007147962831
sanchezPalenciaAndOrejasID,103,BO-18,str,1,0.0007147962831
sanchezPalenciaAndOrejasID,104,NV-18,str,1,0.0007147962831
sanchezPalenciaAndOrejasID,105,NV-25,str,1,0.0007147962831
sanchezPalenciaAndOrejasID,106,AO-32,str,1,0.0007147962831
sanchezPalenciaAndOrejasID,107,NV-36,str,1,0.0007147962831
sanchezPalenciaAndOrejasID,108,DE-01,str,1,0.0007147962831
sanchezPalenciaAndOrejasID,109,BO-16,str,1,0.0007147962831
sanchezPalenciaAndOrejasID,110,NA-26,str,1,0.0007147962831
sanchezPalenciaAndOrejasID,111,AT-20,str,1,0.0007147962831
sanchezPalenciaAndOrejasID,112,MS-080,str,1,0.0007147962831
sanchezPalenciaAndOrejasID,113,NA-45,str,1,0.0007147962831
sanchezPalenciaAndOrejasID,114,NV-80,str,1,0.0007147962831
sanchezPalenciaAndOrejasID,115,TE-05,str,1,0.0007147962831
sanchezPalenciaAndOrejasID,116,CB-25,str,1,0.0007147962831
sanchezPalenciaAndOrejasID,117,TE-10,str,1,0.0007147962831
sanchezPalenciaAndOrejasID,118,ER-17,str,1,0.0007147962831
sanchezPalenciaAndOrejasID,119,TJ-18,str,1,0.0007147962831
sanchezPalenciaAndOrejasID,120,MS-001,str,1,0.0007147962831
sanchezPalenciaAndOrejasID,121,BO-15,str,1,0.0007147962831
sanchezPalenciaAndOrejasID,122,BO-12,str,1,0.0007147962831
sanchezPalenciaAndOrejasID,123,BO-17,str,1,0.0007147962831
sanchezPalenciaAndOrejasID,124,BO-04,str,1,0.0007147962831
sanchezPalenciaAndOrejasID,125,ER-20,str,1,0.0007147962831
sanchezPalenciaAndOrejasID,126,ER-08,str,1,0.0007147962831
sanchezPalenciaAndOrejasID,127,AO-24,str,1,0.0007147962831
sanchezPalenciaAndOrejasID,128,ER-10,str,1,0.0007147962831
sanchezPalenciaAndOrejasID,129,NV-54,str,1,0.0007147962831
sanchezPalenciaAndOrejasID,130,NV-53,str,1,0.0007147962831
sanchezPalenciaAndOrejasID,131,NV-52,str,1,0.0007147962831
sanchezPalenciaAndOrejasID,132,TJ-22,str,1,0.0007147962831
sanchezPalenciaAndOrejasID,133,TJ-16,str,1,0.0007147962831
sanchezPalenciaAndOrejasID,134,MS-058,str,1,0.0007147962831
sanchezPalenciaAndOrejasID,135,MS-057,str,1,0.0007147962831
sanchezPalenciaAndOrejasID,136,MS-054,str,1,0.0007147962831
sanchezPalenciaAndOrejasID,137,TJ-09,str,1,0.0007147962831
sanchezPalenciaAndOrejasID,138,NA-36,str,1,0.0007147962831
sanchezPalenciaAndOrejasID,139,NA-37,str,1,0.0007147962831
sanchezPalenciaAndOrejasID,140,TJ-08,str,1,0.0007147962831
sanchezPalenciaAndOrejasID,141,AO-16,str,1,0.0007147962831
sanchezPalenciaAndOrejasID,142,AO-13,str,1,0.0007147962831
sanchezPalenciaAndOrejasID,143,BO-23,str,1,0.0007147962831
sanchezPalenciaAndOrejasID,144,BO-30,str,1,0.0007147962831
sanchezPalenciaAndOrejasID,145,ES-11,str,1,0.0007147962831
sanchezPalenciaAndOrejasID,146,TJ-15,str,1,0.0007147962831
sanchezPalenciaAndOrejasID,147,TJ-05,str,1,0.0007147962831
sanchezPalenciaAndOrejasID,148,NV-76,str,1,0.0007147962831
sanchezPalenciaAndOrejasID,149,AO-05,str,1,0.0007147962831
sanchezPalenciaAndOrejasID,150,BO-19,str,1,0.0007147962831
sanchezPalenciaAndOrejasID,151,BO-14,str,1,0.0007147962831
sanchezPalenciaAndOrejasID,152,CB-03,str,1,0.0007147962831
sanchezPalenciaAndOrejasID,153,DU-06,str,1,0.0007147962831
sanchezPalenciaAndOrejasID,154,TJ-28,str,1,0.0007147962831
sanchezPalenciaAndOrejasID,155,ES-05,str,1,0.0007147962831
sanchezPalenciaAndOrejasID,156,MM-07,str,1,0.0007147962831
sanchezPalenciaAndOrejasID,157,AO-34,str,1,0.0007147962831
sanchezPalenciaAndOrejasID,158,BO-31,str,1,0.0007147962831
sanchezPalenciaAndOrejasID,159,NA-22,str,1,0.0007147962831
sanchezPalenciaAndOrejasID,160,NA-21,str,1,0.0007147962831
sanchezPalenciaAndOrejasID,161,NV-50,str,1,0.0007147962831
sanchezPalenciaAndOrejasID,162,NV-35,str,1,0.0007147962831
sanchezPalenciaAndOrejasID,163,ES-14,str,1,0.0007147962831
sanchezPalenciaAndOrejasID,164,AO-20,str,1,0.0007147962831
sanchezPalenciaAndOrejasID,165,MS-038,str,1,0.0007147962831
sanchezPalenciaAndOrejasID,166,NA-27,str,1,0.0007147962831
sanchezPalenciaAndOrejasID,167,NV-27,str,1,0.0007147962831
sanchezPalenciaAndOrejasID,168,CB-10,str,1,0.0007147962831
sanchezPalenciaAndOrejasID,169,MS-103,str,1,0.0007147962831
sanchezPalenciaAndOrejasID,170,NA-09,str,1,0.0007147962831
sanchezPalenciaAndOrejasID,171,NV-01,str,1,0.0007147962831
sanchezPalenciaAndOrejasID,172,BI-03,str,1,0.0007147962831
sanchezPalenciaAndOrejasID,173,NV-40,str,1,0.0007147962831
sanchezPalenciaAndOrejasID,174,TJ-07,str,1,0.0007147962831
sanchezPalenciaAndOrejasID,175,BO-05,str,1,0.0007147962831
sanchezPalenciaAndOrejasID,176,BO-28,str,1,0.0007147962831
sanchezPalenciaAndOrejasID,177,NV-65,str,1,0.0007147962831
sanchezPalenciaAndOrejasID,178,NA-38,str,1,0.0007147962831
sanchezPalenciaAndOrejasID,179,NA-39,str,1,0.0007147962831
sanchezPalenciaAndOrejasID,180,NA-58,str,1,0.0007147962831
sanchezPalenciaAndOrejasID,181,NA-57,str,1,0.0007147962831
sanchezPalenciaAndOrejasID,182,AO-11,str,1,0.0007147962831
sanchezPalenciaAndOrejasID,183,ES-13,str,1,0.0007147962831
sanchezPalenciaAndOrejasID,184,DU-10,str,1,0.0007147962831
sanchezPalenciaAndOrejasID,185,MM-01,str,1,0.0007147962831
sanchezPalenciaAndOrejasID,186,NA-25,str,1,0.0007147962831
sanchezPalenciaAndOrejasID,187,NV-08,str,1,0.0007147962831
sanchezPalenciaAndOrejasID,188,DU-20,str,1,0.0007147962831
sanchezPalenciaAndOrejasID,189,AT-03,str,1,0.0007147962831
sanchezPalenciaAndOrejasID,190,NA-03,str,1,0.0007147962831
sanchezPalenciaAndOrejasID,191,NA-51,str,1,0.0007147962831
sanchezPalenciaAndOrejasID,192,NA-28,str,1,0.0007147962831
sanchezPalenciaAndOrejasID,193,DU-13,str,1,0.0007147962831
sanchezPalenciaAndOrejasID,194,BO-26,str,1,0.0007147962831
sanchezPalenciaAndOrejasID,195,BO-25,str,1,0.0007147962831
sanchezPalenciaAndOrejasID,196,BO-01,str,1,0.0007147962831
sanchezPalenciaAndOrejasID,197,TJ-25,str,1,0.0007147962831
sanchezPalenciaAndOrejasID,198,ER-02,str,1,0.0007147962831
sanchezPalenciaAndOrejasID,199,AT-11,str,1,0.0007147962831
sanchezPalenciaAndOrejasID,200,NA-01,str,1,0.0007147962831
sanchezPalenciaAndOrejasID,201,NV-75,str,1,0.0007147962831
sanchezPalenciaAndOrejasID,202,TJ-17,str,1,0.0007147962831
sanchezPalenciaAndOrejasID,203,TJ-23,str,1,0.0007147962831
sanchezPalenciaAndOrejasID,204,NV-70,str,1,0.0007147962831
sanchezPalenciaAndOrejasID,205,TJ-19,str,1,0.0007147962831
sanchezPalenciaAndOrejasID,206,ER-21,str,1,0.0007147962831
sanchezPalenciaAndOrejasID,207,ER-22,str,1,0.0007147962831
sanchezPalenciaAndOrejasID,208,AS-13,str,1,0.0007147962831
sanchezPalenciaAndOrejasID,209,AS-12,str,1,0.0007147962831
sanchezPalenciaAndOrejasID,210,AS-11,str,1,0.0007147962831
sanchezPalenciaAndOrejasID,211,NV-61,str,1,0.0007147962831
sanchezPalenciaAndOrejasID,212,NA-53,str,1,0.0007147962831
sanchezPalenciaAndOrejasID,213,ER-15,str,1,0.0007147962831
sanchezPalenciaAndOrejasID,214,AT-02,str,1,0.0007147962831
sanchezPalenciaAndOrejasID,215,CB-22,str,1,0.0007147962831
sanchezPalenciaAndOrejasID,216,NV-34,str,1,0.0007147962831
sanchezPalenciaAndOrejasID,217,BO-13,str,1,0.0007147962831
sanchezPalenciaAndOrejasID,218,NA-34,str,1,0.0007147962831
sanchezPalenciaAndOrejasID,219,NA-33,str,1,0.0007147962831
sanchezPalenciaAndOrejasID,220,DU-02,str,1,0.0007147962831
sanchezPalenciaAndOrejasID,221,AO-12,str,1,0.0007147962831
sanchezPalenciaAndOrejasID,222,TJ-21,str,1,0.0007147962831
sanchezPalenciaAndOrejasID,223,DU-11,str,1,0.0007147962831
sanchezPalenciaAndOrejasID,224,NV-46,str,1,0.0007147962831
sanchezPalenciaAndOrejasID,225,AO-10,str,1,0.0007147962831
sanchezPalenciaAndOrejasID,226,TJ-20,str,1,0.0007147962831
sanchezPalenciaAndOrejasID,227,NA-41,str,1,0.0007147962831
sanchezPalenciaAndOrejasID,228,MS-070,str,1,0.0007147962831
sanchezPalenciaAndOrejasID,229,TE-04,str,1,0.0007147962831
sanchezPalenciaAndOrejasID,230,AT-24,str,1,0.0007147962831
sanchezPalenciaAndOrejasID,231,NV-03,str,1,0.0007147962831
sanchezPalenciaAndOrejasID,232,MM-09,str,1,0.0007147962831
sanchezPalenciaAndOrejasID,233,NV-42,str,1,0.0007147962831
sanchezPalenciaAndOrejasID,234,MS-039,str,1,0.0007147962831
sanchezPalenciaAndOrejasID,235,PO-19,str,1,0.0007147962831
sanchezPalenciaAndOrejasID,236,NV-22,str,1,0.0007147962831
sanchezPalenciaAndOrejasID,237,NV-21,str,1,0.0007147962831
sanchezPalenciaAndOrejasID,238,TJ-23?,str,1,0.0007147962831
sanchezPalenciaAndOrejasID,239,MM-16,str,1,0.0007147962831
sanchezPalenciaAndOrejasID,240,CB-15,str,1,0.0007147962831
sanchezPalenciaAndOrejasID,241,NV-77,str,1,0.0007147962831
sanchezPalenciaAndOrejasID,242,CB-37,str,1,0.0007147962831
sanchezPalenciaAndOrejasID,243,BO-02,str,1,0.0007147962831
sanchezPalenciaAndOrejasID,244,BO-03,str,1,0.0007147962831
sanchezPalenciaAndOrejasID,245,NV-58,str,1,0.0007147962831
sanchezPalenciaAndOrejasID,246,NV-49,str,1,0.0007147962831
sanchezPalenciaAndOrejasID,247,NV-48,str,1,0.0007147962831
sanchezPalenciaAndOrejasID,248,CB-08,str,1,0.0007147962831
sanchezPalenciaAndOrejasID,249,CB-33,str,1,0.0007147962831
sanchezPalenciaAndOrejasID,250,ER-23,str,1,0.0007147962831
sanchezPalenciaAndOrejasID,251,MS-085,str,1,0.0007147962831
sanchezPalenciaAndOrejasID,252,AO-18,str,1,0.0007147962831
sanchezPalenciaAndOrejasID,253,TJ-11,str,1,0.0007147962831
sanchezPalenciaAndOrejasID,254,CB-04,str,1,0.0007147962831
sanchezPalenciaAndOrejasID,255,ER-25,str,1,0.0007147962831
sanchezPalenciaAndOrejasID,256,CB-18,str,1,0.0007147962831
sanchezPalenciaAndOrejasID,257,TE-02,str,1,0.0007147962831
sanchezPalenciaAndOrejasID,258,BO-10,str,1,0.0007147962831
sanchezPalenciaAndOrejasID,259,BO-24,str,1,0.0007147962831
sanchezPalenciaAndOrejasID,260,AT-22,str,1,0.0007147962831
sanchezPalenciaAndOrejasID,261,BO-08,str,1,0.0007147962831
sanchezPalenciaAndOrejasID,262,BO-09,str,1,0.0007147962831
sanchezPalenciaAndOrejasID,263,NV-47,str,1,0.0007147962831
sanchezPalenciaAndOrejasID,264,CB-36,str,1,0.0007147962831
sanchezPalenciaAndOrejasID,265,AT-15,str,1,0.0007147962831
sanchezPalenciaAndOrejasID,266,NA-30,str,1,0.0007147962831
sanchezPalenciaAndOrejasID,267,AS-05,str,1,0.0007147962831
sanchezPalenciaAndOrejasID,268,AO-28,str,1,0.0007147962831
sanchezPalenciaAndOrejasID,269,ES-08,str,1,0.0007147962831
sanchezPalenciaAndOrejasID,270,DU-18,str,1,0.0007147962831
sanchezPalenciaAndOrejasID,271,MS-074,str,1,0.0007147962831
sanchezPalenciaAndOrejasID,272,CB-12,str,1,0.0007147962831
sanchezPalenciaAndOrejasID,273,DU-17,str,1,0.0007147962831
sanchezPalenciaAndOrejasID,274,CB-38,str,1,0.0007147962831
sanchezPalenciaAndOrejasID,275,AT-01,str,1,0.0007147962831
sanchezPalenciaAndOrejasID,276,AT-17,str,1,0.0007147962831
sanchezPalenciaAndOrejasID,277,ER-05,str,1,0.0007147962831
sanchezPalenciaAndOrejasID,278,AO-15,str,1,0.0007147962831
sanchezPalenciaAndOrejasID,279,AT-06,str,1,0.0007147962831
sanchezPalenciaAndOrejasID,280,TE-12,str,1,0.0007147962831
sanchezPalenciaAndOrejasID,281,TJ-24,str,1,0.0007147962831
sanchezPalenciaAndOrejasID,282,TJ-12,str,1,0.0007147962831
sanchezPalenciaAndOrejasID,283,TJ-13,str,1,0.0007147962831
sanchezPalenciaAndOrejasID,284,TE-06,str,1,0.0007147962831
sanchezPalenciaAndOrejasID,285,MM-14,str,1,0.0007147962831
sanchezPalenciaAndOrejasID,286,NV-02,str,1,0.0007147962831
sanchezPalenciaAndOrejasID,287,ER-07,str,1,0.0007147962831
sanchezPalenciaAndOrejasID,288,CB-31,str,1,0.0007147962831
sanchezPalenciaAndOrejasID,289,ER-04,str,1,0.0007147962831
sanchezPalenciaAndOrejasID,290,CB-29,str,1,0.0007147962831
sanchezPalenciaAndOrejasID,291,MM-06?,str,1,0.0007147962831
sanchezPalenciaAndOrejasID,292,TJ-04,str,1,0.0007147962831
sanchezPalenciaAndOrejasID,293,BO-21,str,1,0.0007147962831
sanchezPalenciaAndOrejasID,294,ER-12,str,1,0.0007147962831
sanchezPalenciaAndOrejasID,295,AT-04,str,1,0.0007147962831
sanchezPalenciaAndOrejasID,296,AT-10,str,1,0.0007147962831
sanchezPalenciaAndOrejasID,297,AT-05,str,1,0.0007147962831
sanchezPalenciaAndOrejasID,298,NV-57,str,1,0.0007147962831
sanchezPalenciaAndOrejasID,299,MM-08,str,1,0.0007147962831
sanchezPalenciaAndOrejasID,300,MS-002,str,1,0.0007147962831
sanchezPalenciaAndOrejasID,301,MS-010,str,1,0.0007147962831
sanchezPalenciaAndOrejasID,302,NA-52,str,1,0.0007147962831
sanchezPalenciaAndOrejasID,303,AO-06,str,1,0.0007147962831
sanchezPalenciaAndOrejasID,304,MA-02,str,1,0.0007147962831
sanchezPalenciaAndOrejasID,305,MS-086,str,1,0.0007147962831
sanchezPalenciaAndOrejasID,306,ME-01,str,1,0.0007147962831
sanchezPalenciaAndOrejasID,307,CB-34,str,1,0.0007147962831
sanchezPalenciaAndOrejasID,308,MS-035,str,1,0.0007147962831
sanchezPalenciaAndOrejasID,309,MS-034,str,1,0.0007147962831
sanchezPalenciaAndOrejasID,310,NA-07,str,1,0.0007147962831
sanchezPalenciaAndOrejasID,311,CB-14,str,1,0.0007147962831
sanchezPalenciaAndOrejasID,312,CB-13,str,1,0.0007147962831
sanchezPalenciaAndOrejasID,313,ER-18,str,1,0.0007147962831
sanchezPalenciaAndOrejasID,314,NA-19,str,1,0.0007147962831
sanchezPalenciaAndOrejasID,315,MS-019,str,1,0.0007147962831
sanchezPalenciaAndOrejasID,316,BI-04,str,1,0.0007147962831
sanchezPalenciaAndOrejasID,317,AS-04,str,1,0.0007147962831
sanchezPalenciaAndOrejasID,318,MS-052,str,1,0.0007147962831
sanchezPalenciaAndOrejasID,319,ER-19,str,1,0.0007147962831
sanchezPalenciaAndOrejasID,320,BM-01,str,1,0.0007147962831
sanchezPalenciaAndOrejasID,321,MM-06,str,1,0.0007147962831
sanchezPalenciaAndOrejasID,322,CB-24,str,1,0.0007147962831
sanchezPalenciaAndOrejasID,323,AS-09,str,1,0.0007147962831
sanchezPalenciaAndOrejasID,324,AS-08,str,1,0.0007147962831
sanchezPalenciaAndOrejasID,325,AS-07,str,1,0.0007147962831
sanchezPalenciaAndOrejasID,326,DU-19,str,1,0.0007147962831
sanchezPalenciaAndOrejasID,327,ER-01,str,1,0.0007147962831
sanchezPalenciaAndOrejasID,328,MS-037,str,1,0.0007147962831
sanchezPalenciaAndOrejasID,329,NA-43,str,1,0.0007147962831
sanchezPalenciaAndOrejasID,330,NA-46,str,1,0.0007147962831
sanchezPalenciaAndOrejasID,331,NV-17,str,1,0.0007147962831
sanchezPalenciaAndOrejasID,332,NV-16,str,1,0.0007147962831
sanchezPalenciaAndOrejasID,333,AO-01,str,1,0.0007147962831
sanchezPalenciaAndOrejasID,334,AT-21,str,1,0.0007147962831
sanchezPalenciaAndOrejasID,335,AN-10,str,1,0.0007147962831
sanchezPalenciaAndOrejasID,336,NV-63,str,1,0.0007147962831
sanchezPalenciaAndOrejasID,337,NA-13,str,1,0.0007147962831
sanchezPalenciaAndOrejasID,338,ER-24,str,1,0.0007147962831
sanchezPalenciaAndOrejasID,339,NA-40,str,1,0.0007147962831
sanchezPalenciaAndOrejasID,340,PO-16,str,1,0.0007147962831
sanchezPalenciaAndOrejasID,341,PO-15,str,1,0.0007147962831
sanchezPalenciaAndOrejasID,342,NA-44,str,1,0.0007147962831
sanchezPalenciaAndOrejasID,343,NA-32,str,1,0.0007147962831
sanchezPalenciaAndOrejasID,344,AN-11,str,1,0.0007147962831
sanchezPalenciaAndOrejasID,345,MS-040,str,1,0.0007147962831
sanchezPalenciaAndOrejasID,346,MS-026,str,1,0.0007147962831
sanchezPalenciaAndOrejasID,347,ES-12,str,1,0.0007147962831
sanchezPalenciaAndOrejasID,348,CB-28,str,1,0.0007147962831
sanchezPalenciaAndOrejasID,349,NA-48,str,1,0.0007147962831
sanchezPalenciaAndOrejasID,350,NA-31,str,1,0.0007147962831
sanchezPalenciaAndOrejasID,351,NA-06,str,1,0.0007147962831
sanchezPalenciaAndOrejasID,352,NV-07,str,1,0.0007147962831
sanchezPalenciaAndOrejasID,353,AO-35,str,1,0.0007147962831
sanchezPalenciaAndOrejasID,354,XA-01,str,1,0.0007147962831
sanchezPalenciaAndOrejasID,355,CB-26,str,1,0.0007147962831
sanchezPalenciaAndOrejasID,356,ER-16,str,1,0.0007147962831
sanchezPalenciaAndOrejasID,357,CB-16,str,1,0.0007147962831
sanchezPalenciaAndOrejasID,358,TJ-03,str,1,0.0007147962831
sanchezPalenciaAndOrejasID,359,TJ-02,str,1,0.0007147962831
sanchezPalenciaAndOrejasID,360,TJ-27,str,1,0.0007147962831
sanchezPalenciaAndOrejasID,361,MS-101,str,1,0.0007147962831
sanchezPalenciaAndOrejasID,362,NV-73,str,1,0.0007147962831
sanchezPalenciaAndOrejasID,363,NV-39,str,1,0.0007147962831
sanchezPalenciaAndOrejasID,364,NA-20,str,1,0.0007147962831
sanchezPalenciaAndOrejasID,365,DU-21,str,1,0.0007147962831
sanchezPalenciaAndOrejasID,366,AO-27,str,1,0.0007147962831
sanchezPalenciaAndOrejasID,367,NV-72,str,1,0.0007147962831
sanchezPalenciaAndOrejasID,368,AO-31,str,1,0.0007147962831
sanchezPalenciaAndOrejasID,369,MA-01,str,1,0.0007147962831
sanchezPalenciaAndOrejasID,370,CB-23,str,1,0.0007147962831
sanchezPalenciaAndOrejasID,371,CB-11,str,1,0.0007147962831
sanchezPalenciaAndOrejasID,372,CB-27,str,1,0.0007147962831
sanchezPalenciaAndOrejasID,373,MS-079,str,1,0.0007147962831
sanchezPalenciaAndOrejasID,374,MS-082,str,1,0.0007147962831
sanchezPalenciaAndOrejasID,375,MS-059,str,1,0.0007147962831
sanchezPalenciaAndOrejasID,376,MS-068,str,1,0.0007147962831
sanchezPalenciaAndOrejasID,377,NV-09,str,1,0.0007147962831
sanchezPalenciaAndOrejasID,378,AN-14,str,1,0.0007147962831
sanchezPalenciaAndOrejasID,379,PO-12,str,1,0.0007147962831
sanchezPalenciaAndOrejasID,380,AN-05,str,1,0.0007147962831
sanchezPalenciaAndOrejasID,381,AN-06,str,1,0.0007147962831
sanchezPalenciaAndOrejasID,382,DU-03,str,1,0.0007147962831
sanchezPalenciaAndOrejasID,383,DU-15,str,1,0.0007147962831
sanchezPalenciaAndOrejasID,384,DU-05,str,1,0.0007147962831
sanchezPalenciaAndOrejasID,385,DU-04,str,1,0.0007147962831
sanchezPalenciaAndOrejasID,386,DU-16,str,1,0.0007147962831
sanchezPalenciaAndOrejasID,387,MS-095,str,1,0.0007147962831
sanchezPalenciaAndOrejasID,388,MS-097,str,1,0.0007147962831
sanchezPalenciaAndOrejasID,389,MS-099,str,1,0.0007147962831
sanchezPalenciaAndOrejasID,390,MS-096x,str,1,0.0007147962831
sanchezPalenciaAndOrejasID,391,MS-094,str,1,0.0007147962831
sanchezPalenciaAndOrejasID,392,MS-093,str,1,0.0007147962831
sanchezPalenciaAndOrejasID,393,MS-092,str,1,0.0007147962831
sanchezPalenciaAndOrejasID,394,MS-089,str,1,0.0007147962831
sanchezPalenciaAndOrejasID,395,MS-088,str,1,0.0007147962831
sanchezPalenciaAndOrejasID,396,MS-091,str,1,0.0007147962831
sanchezPalenciaAndOrejasID,397,MS-090,str,1,0.0007147962831
sanchezPalenciaAndOrejasID,398,MM-12,str,1,0.0007147962831
sanchezPalenciaAndOrejasID,399,MM-10,str,1,0.0007147962831
sanchezPalenciaAndOrejasID,400,MM-11,str,1,0.0007147962831
sanchezPalenciaAndOrejasID,401,MM-13,str,1,0.0007147962831
sanchezPalenciaAndOrejasID,402,AN-03,str,1,0.0007147962831
sanchezPalenciaAndOrejasID,403,AN-02,str,1,0.0007147962831
sanchezPalenciaAndOrejasID,404,MS-006,str,1,0.0007147962831
sanchezPalenciaAndOrejasID,405,MS-004,str,1,0.0007147962831
sanchezPalenciaAndOrejasID,406,MS-003,str,1,0.0007147962831
sanchezPalenciaAndOrejasID,407,MS-005,str,1,0.0007147962831
sanchezPalenciaAndOrejasID,408,MS-007,str,1,0.0007147962831
sanchezPalenciaAndOrejasID,409,MS-009,str,1,0.0007147962831
sanchezPalenciaAndOrejasID,410,MS-015,str,1,0.0007147962831
sanchezPalenciaAndOrejasID,411,MS-014,str,1,0.0007147962831
sanchezPalenciaAndOrejasID,412,MS-013,str,1,0.0007147962831
sanchezPalenciaAndOrejasID,413,MS-011,str,1,0.0007147962831
sanchezPalenciaAndOrejasID,414,MS-024,str,1,0.0007147962831
sanchezPalenciaAndOrejasID,415,MS-025,str,1,0.0007147962831
sanchezPalenciaAndOrejasID,416,MS-023,str,1,0.0007147962831
sanchezPalenciaAndOrejasID,417,MS-020,str,1,0.0007147962831
sanchezPalenciaAndOrejasID,418,MS-021,str,1,0.0007147962831
sanchezPalenciaAndOrejasID,419,MS-016,str,1,0.0007147962831
sanchezPalenciaAndOrejasID,420,MS-022,str,1,0.0007147962831
sanchezPalenciaAndOrejasID,421,MS-018,str,1,0.0007147962831
sanchezPalenciaAndOrejasID,422,MS-031,str,1,0.0007147962831
sanchezPalenciaAndOrejasID,423,MS-030 or MS-032,str,1,0.0007147962831
sanchezPalenciaAndOrejasID,424,MS-029,str,1,0.0007147962831
sanchezPalenciaAndOrejasID,425,MS-046,str,1,0.0007147962831
sanchezPalenciaAndOrejasID,426,MS-042,str,1,0.0007147962831
sanchezPalenciaAndOrejasID,427,MS-044,str,1,0.0007147962831
sanchezPalenciaAndOrejasID,428,MS-041,str,1,0.0007147962831
sanchezPalenciaAndOrejasID,429,CB-09,str,1,0.0007147962831
sanchezPalenciaAndOrejasID,430,TJ-10,str,1,0.0007147962831
sanchezPalenciaAndOrejasID,431,TJ-14,str,1,0.0007147962831
sanchezPalenciaAndOrejasID,432,NV-56,str,1,0.0007147962831
sanchezPalenciaAndOrejasID,433,PO-07,str,1,0.0007147962831
sanchezPalenciaAndOrejasID,434,MM-04,str,1,0.0007147962831
sanchezPalenciaAndOrejasID,435,MM-03,str,1,0.0007147962831
sanchezPalenciaAndOrejasID,436,NV-45,str,1,0.0007147962831
sanchezPalenciaAndOrejasID,437,NV-44,str,1,0.0007147962831
sanchezPalenciaAndOrejasID,438,NV-23,str,1,0.0007147962831
sanchezPalenciaAndOrejasID,439,BM-02,str,1,0.0007147962831
sanchezPalenciaAndOrejasID,440,NA-05,str,1,0.0007147962831
sanchezPalenciaAndOrejasID,441,AS-01,str,1,0.0007147962831
sanchezPalenciaAndOrejasID,442,MS-028,str,1,0.0007147962831
sanchezPalenciaAndOrejasID,443,NV-19,str,1,0.0007147962831
sanchezPalenciaAndOrejasID,444,NV-26,str,1,0.0007147962831
sanchezPalenciaAndOrejasID,445,MS-043,str,1,0.0007147962831
sanchezPalenciaAndOrejasID,446,NA-17,str,1,0.0007147962831
sanchezPalenciaAndOrejasID,447,NA-16,str,1,0.0007147962831
sanchezPalenciaAndOrejasID,448,NA-18,str,1,0.0007147962831
sanchezPalenciaAndOrejasID,449,NA-15,str,1,0.0007147962831
sanchezPalenciaAndOrejasID,450,NA-14,str,1,0.0007147962831
sanchezPalenciaAndOrejasID,451,BI-05,str,1,0.0007147962831
sanchezPalenciaAndOrejasID,452,NA-35,str,1,0.0007147962831
sanchezPalenciaAndOrejasID,453,MM-17,str,1,0.0007147962831
sanchezPalenciaAndOrejasID,454,NV-78,str,1,0.0007147962831
sanchezPalenciaAndOrejasID,455,CB-02,str,1,0.0007147962831
sanchezPalenciaAndOrejasID,456,NA-50,str,1,0.0007147962831
sanchezPalenciaAndOrejasID,457,AN-08,str,1,0.0007147962831
sanchezPalenciaAndOrejasID,458,MS-073,str,1,0.0007147962831
sanchezPalenciaAndOrejasID,459,MS-104,str,1,0.0007147962831
sanchezPalenciaAndOrejasID,460,AS-06,str,1,0.0007147962831
sanchezPalenciaAndOrejasID,461,AO-02,str,1,0.0007147962831
sanchezPalenciaAndOrejasID,462,AO-33,str,1,0.0007147962831
sanchezPalenciaAndOrejasID,463,NV-66,str,1,0.0007147962831
sanchezPalenciaAndOrejasID,464,TE-13,str,1,0.0007147962831
sanchezPalenciaAndOrejasID,465,AM-01,str,1,0.0007147962831
sanchezPalenciaAndOrejasID,466,ES-10,str,1,0.0007147962831
sanchezPalenciaAndOrejasID,467,NV-31,str,1,0.0007147962831
sanchezPalenciaAndOrejasID,468,NV-30,str,1,0.0007147962831
sanchezPalenciaAndOrejasID,469,NV-29,str,1,0.0007147962831
sanchezPalenciaAndOrejasID,470,NV-28,str,1,0.0007147962831
sanchezPalenciaAndOrejasID,471,TE-09,str,1,0.0007147962831
sanchezPalenciaAndOrejasID,472,MS-064,str,1,0.0007147962831
sanchezPalenciaAndOrejasID,473,MS-063,str,1,0.0007147962831
sanchezPalenciaAndOrejasID,474,MS-062,str,1,0.0007147962831
sanchezPalenciaAndOrejasID,475,MS-061,str,1,0.0007147962831
sanchezPalenciaAndOrejasID,476,MS-069,str,1,0.0007147962831
sanchezPalenciaAndOrejasID,477,MS-066,str,1,0.0007147962831
sanchezPalenciaAndOrejasID,478,MS-076,str,1,0.0007147962831
sanchezPalenciaAndOrejasID,479,MS-081,str,1,0.0007147962831
sanchezPalenciaAndOrejasID,480,DU-01,str,1,0.0007147962831
sanchezPalenciaAndOrejasID,481,MS-075,str,1,0.0007147962831
sanchezPalenciaAndOrejasID,482,MS-072,str,1,0.0007147962831
sanchezPalenciaAndOrejasID,483,BO-20,str,1,0.0007147962831
sanchezPalenciaAndOrejasID,484,TE-14,str,1,0.0007147962831
sanchezPalenciaAndOrejasID,485,TE-15,str,1,0.0007147962831
sanchezPalenciaAndOrejasID,486,MS-017,str,1,0.0007147962831
sanchezPalenciaAndOrejasID,487,MS-084,str,1,0.0007147962831
sanchezPalenciaAndOrejasID,488,MS-032,str,1,0.0007147962831
sanchezPalenciaAndOrejasID,489,AO-14,str,1,0.0007147962831
sanchezPalenciaAndOrejasID,490,TJ-01,str,1,0.0007147962831
sanchezPalenciaAndOrejasID,491,AO-23,str,1,0.0007147962831
sanchezPalenciaAndOrejasID,492,NV-74,str,1,0.0007147962831
sanchezPalenciaAndOrejasID,493,AO-22,str,1,0.0007147962831
sanchezPalenciaAndOrejasID,494,AO-29,str,1,0.0007147962831
sanchezPalenciaAndOrejasID,495,AS-02,str,1,0.0007147962831
sanchezPalenciaAndOrejasID,496,AO-08,str,1,0.0007147962831
sanchezPalenciaAndOrejasID,497,AO-07,str,1,0.0007147962831
sanchezPalenciaAndOrejasID,498,AO-09,str,1,0.0007147962831
sanchezPalenciaAndOrejasID,499,NA-08,str,1,0.0007147962831
sanchezPalenciaAndOrejasID,500,AO-25,str,1,0.0007147962831
sanchezPalenciaAndOrejasID,501,AT-19,str,1,0.0007147962831
sanchezPalenciaAndOrejasID,502,PO-05,str,1,0.0007147962831
sanchezPalenciaAndOrejasID,503,PO-04,str,1,0.0007147962831
sanchezPalenciaAndOrejasID,504,PO-03,str,1,0.0007147962831
sanchezPalenciaAndOrejasID,505,MS-055,str,1,0.0007147962831
sanchezPalenciaAndOrejasID,506,NA-11,str,1,0.0007147962831
sanchezPalenciaAndOrejasID,507,PO-06,str,1,0.0007147962831
sanchezPalenciaAndOrejasID,508,PO-02,str,1,0.0007147962831
sanchezPalenciaAndOrejasID,509,NA-04,str,1,0.0007147962831
sanchezPalenciaAndOrejasID,510,TE-11,str,1,0.0007147962831
sanchezPalenciaAndOrejasID,511,NA-02,str,1,0.0007147962831
sanchezPalenciaAndOrejasID,512,PO-08,str,1,0.0007147962831
sanchezPalenciaAndOrejasID,513,MS-049,str,1,0.0007147962831
sanchezPalenciaAndOrejasID,514,MS-048,str,1,0.0007147962831
sanchezPalenciaAndOrejasID,515,AN-13,str,1,0.0007147962831
sanchezPalenciaAndOrejasID,516,AN-04,str,1,0.0007147962831
sanchezPalenciaAndOrejasID,517,AT-25,str,1,0.0007147962831
sanchezPalenciaAndOrejasID,518,MS-030,str,1,0.0007147962831
sanchezPalenciaAndOrejasID,519,AN-01,str,1,0.0007147962831
sanchezPalenciaAndOrejasID,520,ER-09,str,1,0.0007147962831
sanchezPalenciaAndOrejasID,521,ER-06,str,1,0.0007147962831
sanchezPalenciaAndOrejasID,522,ER-03,str,1,0.0007147962831
sanchezPalenciaAndOrejasID,523,NV-10,str,1,0.0007147962831
sanchezPalenciaAndOrejasID,524,MM-15,str,1,0.0007147962831
sanchezPalenciaAndOrejasID,525,MS-050,str,1,0.0007147962831
sanchezPalenciaAndOrejasID,526,NV-43,str,1,0.0007147962831
sanchezPalenciaAndOrejasID,527,NA-49,str,1,0.0007147962831
sanchezPalenciaAndOrejasID,528,NV-33,str,1,0.0007147962831
sanchezPalenciaAndOrejasID,529,NV-32,str,1,0.0007147962831
sanchezPalenciaAndOrejasID,530,CB-17,str,1,0.0007147962831
sanchezPalenciaAndOrejasID,531,ES-02,str,1,0.0007147962831
sanchezPalenciaAndOrejasID,532,BO-06,str,1,0.0007147962831
sanchezPalenciaAndOrejasID,533,ES-04,str,1,0.0007147962831
domergueID,1,<NA>,missing,809,0.578270193
domergueID,2,LE 17,str,22,0.01572551823
domergueID,3,LE 58,str,7,0.005003573981
domergueID,4,LE 56,str,4,0.002859185132
domergueID,5,POR 45,str,3,0.002144388849
domergueID,6,O 26,str,3,0.002144388849
domergueID,7,POR 42,str,2,0.001429592566
domergueID,8,LE 35,str,2,0.001429592566
domergueID,9,O 9,str,2,0.001429592566
domergueID,10,CO 32,str,2,0.001429592566
domergueID,11,O 28,str,2,0.001429592566
domergueID,12,LE 49,str,2,0.001429592566
domergueID,13,LE 34,str,2,0.001429592566
domergueID,14,LE 37,str,2,0.001429592566
domergueID,15,O 11,str,2,0.001429592566
domergueID,16,POR 2,str,1,0.0007147962831
domergueID,17,POR 24,str,1,0.0007147962831
domergueID,18,POR 15,str,1,0.0007147962831
domergueID,19,POR 3,str,1,0.0007147962831
domergueID,20,POR 13,str,1,0.0007147962831
domergueID,21,POR 41,str,1,0.0007147962831
domergueID,22,POR 23,str,1,0.0007147962831
domergueID,23,POR 26,str,1,0.0007147962831
domergueID,24,POR 10,str,1,0.0007147962831
domergueID,25,POR 14,str,1,0.0007147962831
domergueID,26,POR 20,str,1,0.0007147962831
domergueID,27,POR 39,str,1,0.0007147962831
domergueID,28,POR 19,str,1,0.0007147962831
domergueID,29,POR 29,str,1,0.0007147962831
domergueID,30,POR 11,str,1,0.0007147962831
domergueID,31,POR 44,str,1,0.0007147962831
domergueID,32,POR 6,str,1,0.0007147962831
domergueID,33,POR 1,str,1,0.0007147962831
domergueID,34,POR 18,str,1,0.0007147962831
domergueID,35,POR 35,str,1,0.0007147962831
domergueID,36,POR 21,str,1,0.0007147962831
domergueID,37,POR 5,str,1,0.0007147962831
domergueID,38,POR 17.1,str,1,0.0007147962831
domergueID,39,POR 17.2,str,1,0.0007147962831
domergueID,40,POR 17.3,str,1,0.0007147962831
domergueID,41,POR 9,str,1,0.0007147962831
domergueID,42,NA 2,str,1,0.0007147962831
domergueID,43,POR 22,str,1,0.0007147962831
domergueID,44,POR 12,str,1,0.0007147962831
domergueID,45,POR 25,str,1,0.0007147962831
domergueID,46,POR 28,str,1,0.0007147962831
domergueID,47,POR 37,str,1,0.0007147962831
domergueID,48,POR 38,str,1,0.0007147962831
domergueID,49,POR 16,str,1,0.0007147962831
domergueID,50,POR 8,str,1,0.0007147962831
domergueID,51,POR 7,str,1,0.0007147962831
domergueID,52,POR 27,str,1,0.0007147962831
domergueID,53,POR 30,str,1,0.0007147962831
domergueID,54,POR 36,str,1,0.0007147962831
domergueID,55,POR 46,str,1,0.0007147962831
domergueID,56,POR 31,str,1,0.0007147962831
domergueID,57,POR 33,str,1,0.0007147962831
domergueID,58,POR 32,str,1,0.0007147962831
domergueID,59,POR 34,str,1,0.0007147962831
domergueID,60,POR 43,str,1,0.0007147962831
domergueID,61,POR 40,str,1,0.0007147962831
domergueID,62,POR 4,str,1,0.0007147962831
domergueID,63,CU 1,str,1,0.0007147962831
domergueID,64,J 27,str,1,0.0007147962831
domergueID,65,BA 41,str,1,0.0007147962831
domergueID,66,CO 15,str,1,0.0007147962831
domergueID,67,PM 1,str,1,0.0007147962831
domergueID,68,H 18,str,1,0.0007147962831
domergueID,69,H 39,str,1,0.0007147962831
domergueID,70,SG 2,str,1,0.0007147962831
domergueID,71,H 41,str,1,0.0007147962831
domergueID,72,H 8,str,1,0.0007147962831
domergueID,73,MU 4,str,1,0.0007147962831
domergueID,74,A 1,str,1,0.0007147962831
domergueID,75,CO 83,str,1,0.0007147962831
domergueID,76,MU 7,str,1,0.0007147962831
domergueID,77,CO 82,str,1,0.0007147962831
domergueID,78,CO 88,str,1,0.0007147962831
domergueID,79,H 45,str,1,0.0007147962831
domergueID,80,P 1,str,1,0.0007147962831
domergueID,81,CO 18,str,1,0.0007147962831
domergueID,82,BA 50,str,1,0.0007147962831
domergueID,83,CR 16,str,1,0.0007147962831
domergueID,84,CO 5,str,1,0.0007147962831
domergueID,85,O 4,str,1,0.0007147962831
domergueID,86,BA 5,str,1,0.0007147962831
domergueID,87,LU 6,str,1,0.0007147962831
domergueID,88,CO 40,str,1,0.0007147962831
domergueID,89,CR 1,str,1,0.0007147962831
domergueID,90,H 47,str,1,0.0007147962831
domergueID,91,SE 4,str,1,0.0007147962831
domergueID,92,CO 43,str,1,0.0007147962831
domergueID,93,LE 11,str,1,0.0007147962831
domergueID,94,CO 120,str,1,0.0007147962831
domergueID,95,BA 60,str,1,0.0007147962831
domergueID,96,CU 2,str,1,0.0007147962831
domergueID,97,BA 53,str,1,0.0007147962831
domergueID,98,CO 61,str,1,0.0007147962831
domergueID,99,BA 27,str,1,0.0007147962831
domergueID,100,BA 51,str,1,0.0007147962831
domergueID,101,CO 30,str,1,0.0007147962831
domergueID,102,SG 1,str,1,0.0007147962831
domergueID,103,J 2,str,1,0.0007147962831
domergueID,104,CO 116,str,1,0.0007147962831
domergueID,105,GR 1,str,1,0.0007147962831
domergueID,106,CO 37,str,1,0.0007147962831
domergueID,107,CO 71,str,1,0.0007147962831
domergueID,108,SE 6,str,1,0.0007147962831
domergueID,109,AL 6,str,1,0.0007147962831
domergueID,110,CO 39,str,1,0.0007147962831
domergueID,111,CO 4,str,1,0.0007147962831
domergueID,112,H 50,str,1,0.0007147962831
domergueID,113,LE 20,str,1,0.0007147962831
domergueID,114,LE 51,str,1,0.0007147962831
domergueID,115,C 8,str,1,0.0007147962831
domergueID,116,CR 18,str,1,0.0007147962831
domergueID,117,M 1,str,1,0.0007147962831
domergueID,118,P 3,str,1,0.0007147962831
domergueID,119,H 6,str,1,0.0007147962831
domergueID,120,C 2,str,1,0.0007147962831
domergueID,121,PO 2,str,1,0.0007147962831
domergueID,122,CO 49,str,1,0.0007147962831
domergueID,123,MU 12,str,1,0.0007147962831
domergueID,124,CR 27,str,1,0.0007147962831
domergueID,125,LE 4,str,1,0.0007147962831
domergueID,126,LE 52,str,1,0.0007147962831
domergueID,127,C 5,str,1,0.0007147962831
domergueID,128,CO 103,str,1,0.0007147962831
domergueID,129,CO 90,str,1,0.0007147962831
domergueID,130,H 32,str,1,0.0007147962831
domergueID,131,H 2,str,1,0.0007147962831
domergueID,132,AL 5,str,1,0.0007147962831
domergueID,133,H 35,str,1,0.0007147962831
domergueID,134,BA 25,str,1,0.0007147962831
domergueID,135,CO 91,str,1,0.0007147962831
domergueID,136,CO 8,str,1,0.0007147962831
domergueID,137,BA 17,str,1,0.0007147962831
domergueID,138,CO 118,str,1,0.0007147962831
domergueID,139,CO 95,str,1,0.0007147962831
domergueID,140,CO 64,str,1,0.0007147962831
domergueID,141,CO 34,str,1,0.0007147962831
domergueID,142,SE 5,str,1,0.0007147962831
domergueID,143,CR 39,str,1,0.0007147962831
domergueID,144,CR 21,str,1,0.0007147962831
domergueID,145,O 20,str,1,0.0007147962831
domergueID,146,O 1,str,1,0.0007147962831
domergueID,147,BA 46,str,1,0.0007147962831
domergueID,148,BA 34,str,1,0.0007147962831
domergueID,149,CR 35,str,1,0.0007147962831
domergueID,150,O 8.ii,str,1,0.0007147962831
domergueID,151,BA 26,str,1,0.0007147962831
domergueID,152,H 27,str,1,0.0007147962831
domergueID,153,H 24,str,1,0.0007147962831
domergueID,154,J 19,str,1,0.0007147962831
domergueID,155,J 12,str,1,0.0007147962831
domergueID,156,MU 1,str,1,0.0007147962831
domergueID,157,J 22,str,1,0.0007147962831
domergueID,158,CR 41,str,1,0.0007147962831
domergueID,159,CO 47,str,1,0.0007147962831
domergueID,160,CO 10,str,1,0.0007147962831
domergueID,161,J 5,str,1,0.0007147962831
domergueID,162,SE 14,str,1,0.0007147962831
domergueID,163,CR 20,str,1,0.0007147962831
domergueID,164,LE 38,str,1,0.0007147962831
domergueID,165,CO 59,str,1,0.0007147962831
domergueID,166,J 29,str,1,0.0007147962831
domergueID,167,J 6,str,1,0.0007147962831
domergueID,168,BA 24,str,1,0.0007147962831
domergueID,169,CO 9,str,1,0.0007147962831
domergueID,170,BA 54,str,1,0.0007147962831
domergueID,171,H 31,str,1,0.0007147962831
domergueID,172,LE 47.2,str,1,0.0007147962831
domergueID,173,H 9,str,1,0.0007147962831
domergueID,174,BA 23,str,1,0.0007147962831
domergueID,175,CO 41,str,1,0.0007147962831
domergueID,176,CR 19,str,1,0.0007147962831
domergueID,177,J 16,str,1,0.0007147962831
domergueID,178,CR 23,str,1,0.0007147962831
domergueID,179,LE 14,str,1,0.0007147962831
domergueID,180,SE 11,str,1,0.0007147962831
domergueID,181,CO 60,str,1,0.0007147962831
domergueID,182,CR 26,str,1,0.0007147962831
domergueID,183,LE 46,str,1,0.0007147962831
domergueID,184,CO 70,str,1,0.0007147962831
domergueID,185,LE 47.1,str,1,0.0007147962831
domergueID,186,CO 109,str,1,0.0007147962831
domergueID,187,CR 6,str,1,0.0007147962831
domergueID,188,O 25,str,1,0.0007147962831
domergueID,189,LE 1,str,1,0.0007147962831
domergueID,190,BA 8,str,1,0.0007147962831
domergueID,191,BA 11,str,1,0.0007147962831
domergueID,192,LU 5,str,1,0.0007147962831
domergueID,193,LE 36,str,1,0.0007147962831
domergueID,194,CO 36,str,1,0.0007147962831
domergueID,195,GU 2,str,1,0.0007147962831
domergueID,196,SA 1,str,1,0.0007147962831
domergueID,197,O 5,str,1,0.0007147962831
domergueID,198,O 24,str,1,0.0007147962831
domergueID,199,BA 6,str,1,0.0007147962831
domergueID,200,J 9,str,1,0.0007147962831
domergueID,201,Z 4,str,1,0.0007147962831
domergueID,202,CO 17,str,1,0.0007147962831
domergueID,203,LU 4,str,1,0.0007147962831
domergueID,204,CO 69,str,1,0.0007147962831
domergueID,205,BA 28,str,1,0.0007147962831
domergueID,206,BA 32,str,1,0.0007147962831
domergueID,207,SE 7,str,1,0.0007147962831
domergueID,208,SA 3,str,1,0.0007147962831
domergueID,209,CR 8,str,1,0.0007147962831
domergueID,210,BA 10,str,1,0.0007147962831
domergueID,211,SA 4,str,1,0.0007147962831
domergueID,212,AL 3,str,1,0.0007147962831
domergueID,213,H 40,str,1,0.0007147962831
domergueID,214,H 25,str,1,0.0007147962831
domergueID,215,O 32,str,1,0.0007147962831
domergueID,216,GR 2,str,1,0.0007147962831
domergueID,217,AV 1,str,1,0.0007147962831
domergueID,218,CO 75,str,1,0.0007147962831
domergueID,219,O 2,str,1,0.0007147962831
domergueID,220,SE 12,str,1,0.0007147962831
domergueID,221,BA 13,str,1,0.0007147962831
domergueID,222,BA 36,str,1,0.0007147962831
domergueID,223,PM 2,str,1,0.0007147962831
domergueID,224,CO 12,str,1,0.0007147962831
domergueID,225,CR 14,str,1,0.0007147962831
domergueID,226,LE 31,str,1,0.0007147962831
domergueID,227,CO 106,str,1,0.0007147962831
domergueID,228,MU 9,str,1,0.0007147962831
domergueID,229,J 24,str,1,0.0007147962831
domergueID,230,CO 22,str,1,0.0007147962831
domergueID,231,LE 48,str,1,0.0007147962831
domergueID,232,CR 9,str,1,0.0007147962831
domergueID,233,CO 114,str,1,0.0007147962831
domergueID,234,CO 76,str,1,0.0007147962831
domergueID,235,H 22,str,1,0.0007147962831
domergueID,236,CO 58,str,1,0.0007147962831
domergueID,237,H 23,str,1,0.0007147962831
domergueID,238,H 10,str,1,0.0007147962831
domergueID,239,LE 25,str,1,0.0007147962831
domergueID,240,J 4,str,1,0.0007147962831
domergueID,241,CO 55,str,1,0.0007147962831
domergueID,242,CR 10,str,1,0.0007147962831
domergueID,243,J 26,str,1,0.0007147962831
domergueID,244,BA 52,str,1,0.0007147962831
domergueID,245,LO 1,str,1,0.0007147962831
domergueID,246,SE 1,str,1,0.0007147962831
domergueID,247,CO 94,str,1,0.0007147962831
domergueID,248,MU 2,str,1,0.0007147962831
domergueID,249,CO 25,str,1,0.0007147962831
domergueID,250,O 18,str,1,0.0007147962831
domergueID,251,BA 56,str,1,0.0007147962831
domergueID,252,CO 48,str,1,0.0007147962831
domergueID,253,CO 107,str,1,0.0007147962831
domergueID,254,SE 13,str,1,0.0007147962831
domergueID,255,LE 18,str,1,0.0007147962831
domergueID,256,LE 6,str,1,0.0007147962831
domergueID,257,OR 12,str,1,0.0007147962831
domergueID,258,H 51,str,1,0.0007147962831
domergueID,259,CO 93,str,1,0.0007147962831
domergueID,260,CR 12,str,1,0.0007147962831
domergueID,261,H 37,str,1,0.0007147962831
domergueID,262,BA 9,str,1,0.0007147962831
domergueID,263,J 17,str,1,0.0007147962831
domergueID,264,CR 11,str,1,0.0007147962831
domergueID,265,H 19,str,1,0.0007147962831
domergueID,266,CO 46,str,1,0.0007147962831
domergueID,267,OR 6,str,1,0.0007147962831
domergueID,268,O 23,str,1,0.0007147962831
domergueID,269,LE 39,str,1,0.0007147962831
domergueID,270,BI 1,str,1,0.0007147962831
domergueID,271,BA 19,str,1,0.0007147962831
domergueID,272,CR 4,str,1,0.0007147962831
domergueID,273,LE 7,str,1,0.0007147962831
domergueID,274,LE 15,str,1,0.0007147962831
domergueID,275,BA 45,str,1,0.0007147962831
domergueID,276,BA 48,str,1,0.0007147962831
domergueID,277,CO 122,str,1,0.0007147962831
domergueID,278,BA 20,str,1,0.0007147962831
domergueID,279,CO 110,str,1,0.0007147962831
domergueID,280,LE 9,str,1,0.0007147962831
domergueID,281,BA 2,str,1,0.0007147962831
domergueID,282,CR 36,str,1,0.0007147962831
domergueID,283,CO 68,str,1,0.0007147962831
domergueID,284,CO 104,str,1,0.0007147962831
domergueID,285,O 31,str,1,0.0007147962831
domergueID,286,CO 92,str,1,0.0007147962831
domergueID,287,BA 42,str,1,0.0007147962831
domergueID,288,J 23,str,1,0.0007147962831
domergueID,289,CO 65,str,1,0.0007147962831
domergueID,290,J 25,str,1,0.0007147962831
domergueID,291,H 48,str,1,0.0007147962831
domergueID,292,SA 2,str,1,0.0007147962831
domergueID,293,H 29,str,1,0.0007147962831
domergueID,294,CR 13,str,1,0.0007147962831
domergueID,295,CO 52,str,1,0.0007147962831
domergueID,296,J 28,str,1,0.0007147962831
domergueID,297,J 8,str,1,0.0007147962831
domergueID,298,CR 37,str,1,0.0007147962831
domergueID,299,H 30,str,1,0.0007147962831
domergueID,300,J 13,str,1,0.0007147962831
domergueID,301,J 14,str,1,0.0007147962831
domergueID,302,CO 79,str,1,0.0007147962831
domergueID,303,CO 1,str,1,0.0007147962831
domergueID,304,LE 5,str,1,0.0007147962831
domergueID,305,CO 105,str,1,0.0007147962831
domergueID,306,OR 11,str,1,0.0007147962831
domergueID,307,ZA 1,str,1,0.0007147962831
domergueID,308,OR 2,str,1,0.0007147962831
domergueID,309,CO 7,str,1,0.0007147962831
domergueID,310,BA 29,str,1,0.0007147962831
domergueID,311,LE 57,str,1,0.0007147962831
domergueID,312,LE 44,str,1,0.0007147962831
domergueID,313,MU 10,str,1,0.0007147962831
domergueID,314,BA 18,str,1,0.0007147962831
domergueID,315,O 19,str,1,0.0007147962831
domergueID,316,H 44,str,1,0.0007147962831
domergueID,317,J 3,str,1,0.0007147962831
domergueID,318,H 16,str,1,0.0007147962831
domergueID,319,CO 113,str,1,0.0007147962831
domergueID,320,BA 39,str,1,0.0007147962831
domergueID,321,C 6,str,1,0.0007147962831
domergueID,322,LU 1,str,1,0.0007147962831
domergueID,323,C 4,str,1,0.0007147962831
domergueID,324,H 3,str,1,0.0007147962831
domergueID,325,BI 2,str,1,0.0007147962831
domergueID,326,J 31,str,1,0.0007147962831
domergueID,327,LU 11.e,str,1,0.0007147962831
domergueID,328,LU 10,str,1,0.0007147962831
domergueID,329,O 12,str,1,0.0007147962831
domergueID,330,LE 10,str,1,0.0007147962831
domergueID,331,Z 3,str,1,0.0007147962831
domergueID,332,CO 35,str,1,0.0007147962831
domergueID,333,CO 13,str,1,0.0007147962831
domergueID,334,TO 2,str,1,0.0007147962831
domergueID,335,GU 1,str,1,0.0007147962831
domergueID,336,CO 50,str,1,0.0007147962831
domergueID,337,CO 80,str,1,0.0007147962831
domergueID,338,J 7,str,1,0.0007147962831
domergueID,339,CO 57,str,1,0.0007147962831
domergueID,340,CR 7,str,1,0.0007147962831
domergueID,341,OR 13,str,1,0.0007147962831
domergueID,342,BA 58,str,1,0.0007147962831
domergueID,343,OR 1,str,1,0.0007147962831
domergueID,344,LE 23,str,1,0.0007147962831
domergueID,345,OR 10,str,1,0.0007147962831
domergueID,346,LE 37.4,str,1,0.0007147962831
domergueID,347,MU 11,str,1,0.0007147962831
domergueID,348,H 34,str,1,0.0007147962831
domergueID,349,CO 11,str,1,0.0007147962831
domergueID,350,CO 21,str,1,0.0007147962831
domergueID,351,P 2,str,1,0.0007147962831
domergueID,352,O 13,str,1,0.0007147962831
domergueID,353,BA 59,str,1,0.0007147962831
domergueID,354,CR 28,str,1,0.0007147962831
domergueID,355,BA 40,str,1,0.0007147962831
domergueID,356,H 28,str,1,0.0007147962831
domergueID,357,O 29,str,1,0.0007147962831
domergueID,358,AL 4,str,1,0.0007147962831
domergueID,359,CC 2,str,1,0.0007147962831
domergueID,360,LE 55,str,1,0.0007147962831
domergueID,361,H 21,str,1,0.0007147962831
domergueID,362,O 30,str,1,0.0007147962831
domergueID,363,SE 9,str,1,0.0007147962831
domergueID,364,LE 13,str,1,0.0007147962831
domergueID,365,C 9,str,1,0.0007147962831
domergueID,366,CR 42,str,1,0.0007147962831
domergueID,367,SE 8,str,1,0.0007147962831
domergueID,368,LE 41,str,1,0.0007147962831
domergueID,369,LE 26,str,1,0.0007147962831
domergueID,370,LE 19,str,1,0.0007147962831
domergueID,371,H 11,str,1,0.0007147962831
domergueID,372,LE 2,str,1,0.0007147962831
domergueID,373,LU 9,str,1,0.0007147962831
domergueID,374,O 10,str,1,0.0007147962831
domergueID,375,LE 3,str,1,0.0007147962831
domergueID,376,LE 32,str,1,0.0007147962831
domergueID,377,CR 5,str,1,0.0007147962831
domergueID,378,CO 23,str,1,0.0007147962831
domergueID,379,BA 30,str,1,0.0007147962831
domergueID,380,BA 35,str,1,0.0007147962831
domergueID,381,T 1,str,1,0.0007147962831
domergueID,382,LE 40,str,1,0.0007147962831
domergueID,383,S 1,str,1,0.0007147962831
domergueID,384,CO 16,str,1,0.0007147962831
domergueID,385,LU 2,str,1,0.0007147962831
domergueID,386,LE 24,str,1,0.0007147962831
domergueID,387,L 1,str,1,0.0007147962831
domergueID,388,LE 30.b,str,1,0.0007147962831
domergueID,389,LE 30.a,str,1,0.0007147962831
domergueID,390,LE 30.d,str,1,0.0007147962831
domergueID,391,LE 30.c,str,1,0.0007147962831
domergueID,392,T 2,str,1,0.0007147962831
domergueID,393,H 36,str,1,0.0007147962831
domergueID,394,SE 3,str,1,0.0007147962831
domergueID,395,MA 1,str,1,0.0007147962831
domergueID,396,O 3,str,1,0.0007147962831
domergueID,397,GR 3.2,str,1,0.0007147962831
domergueID,398,GR 3.1,str,1,0.0007147962831
domergueID,399,O 15,str,1,0.0007147962831
domergueID,400,LU 8.1,str,1,0.0007147962831
domergueID,401,LU 8.3,str,1,0.0007147962831
domergueID,402,LU 8.5,str,1,0.0007147962831
domergueID,403,LU 8.2,str,1,0.0007147962831
domergueID,404,LU 8.4,str,1,0.0007147962831
domergueID,405,LU 13.1,str,1,0.0007147962831
domergueID,406,LU 13.[3],str,1,0.0007147962831
domergueID,407,LU 13.2.5,str,1,0.0007147962831
domergueID,408,LU 13.2.2,str,1,0.0007147962831
domergueID,409,LU 13.2.1,str,1,0.0007147962831
domergueID,410,LU 13.2.4,str,1,0.0007147962831
domergueID,411,LU 13.2.3,str,1,0.0007147962831
domergueID,412,OR 3.c,str,1,0.0007147962831
domergueID,413,OR 3.a,str,1,0.0007147962831
domergueID,414,OR 3.b,str,1,0.0007147962831
domergueID,415,OR 3.d,str,1,0.0007147962831
domergueID,416,OR 3.e,str,1,0.0007147962831
domergueID,417,PO 1.f,str,1,0.0007147962831
domergueID,418,PO 1.c,str,1,0.0007147962831
domergueID,419,PO 1.d,str,1,0.0007147962831
domergueID,420,PO 1.b,str,1,0.0007147962831
domergueID,421,PO 1.a,str,1,0.0007147962831
domergueID,422,PO 1.e,str,1,0.0007147962831
domergueID,423,LU 3.3,str,1,0.0007147962831
domergueID,424,LU 3.1,str,1,0.0007147962831
domergueID,425,LU 3.4,str,1,0.0007147962831
domergueID,426,LU 3.2,str,1,0.0007147962831
domergueID,427,LU 3.5,str,1,0.0007147962831
domergueID,428,LE 8.4,str,1,0.0007147962831
domergueID,429,LE 8.2,str,1,0.0007147962831
domergueID,430,LE 8.1,str,1,0.0007147962831
domergueID,431,LE 8.3,str,1,0.0007147962831
domergueID,432,LE 29.2,str,1,0.0007147962831
domergueID,433,LE 29.6,str,1,0.0007147962831
domergueID,434,LE 29.5,str,1,0.0007147962831
domergueID,435,LE 29.1,str,1,0.0007147962831
domergueID,436,LE 29.3,str,1,0.0007147962831
domergueID,437,LE 29.4,str,1,0.0007147962831
domergueID,438,LE 29.8,str,1,0.0007147962831
domergueID,439,LE 29.7,str,1,0.0007147962831
domergueID,440,OR 4.c,str,1,0.0007147962831
domergueID,441,OR 4.[i],str,1,0.0007147962831
domergueID,442,OR 4.h,str,1,0.0007147962831
domergueID,443,OR 4.g,str,1,0.0007147962831
domergueID,444,OR 4.e,str,1,0.0007147962831
domergueID,445,OR 4.f,str,1,0.0007147962831
domergueID,446,OR 4.[j],str,1,0.0007147962831
domergueID,447,OR 4.a,str,1,0.0007147962831
domergueID,448,OR 4.d,str,1,0.0007147962831
domergueID,449,OR 4.b,str,1,0.0007147962831
domergueID,450,LU 11.f,str,1,0.0007147962831
domergueID,451,LU 11.g,str,1,0.0007147962831
domergueID,452,LU 11.b,str,1,0.0007147962831
domergueID,453,LU 11.c,str,1,0.0007147962831
domergueID,454,LU 11.d,str,1,0.0007147962831
domergueID,455,LU 11.a,str,1,0.0007147962831
domergueID,456,LU 12.5,str,1,0.0007147962831
domergueID,457,LU 12.3,str,1,0.0007147962831
domergueID,458,LU 12.2,str,1,0.0007147962831
domergueID,459,LU 12.4,str,1,0.0007147962831
domergueID,460,LU 12.1,str,1,0.0007147962831
domergueID,461,CR 34,str,1,0.0007147962831
domergueID,462,O 14,str,1,0.0007147962831
domergueID,463,O 16,str,1,0.0007147962831
domergueID,464,H 43,str,1,0.0007147962831
domergueID,465,CO 119,str,1,0.0007147962831
domergueID,466,OR 5.0,str,1,0.0007147962831
domergueID,467,OR 5.2,str,1,0.0007147962831
domergueID,468,OR 5.1,str,1,0.0007147962831
domergueID,469,GE 1,str,1,0.0007147962831
domergueID,470,CR 22,str,1,0.0007147962831
domergueID,471,CO 53,str,1,0.0007147962831
domergueID,472,J 10,str,1,0.0007147962831
domergueID,473,BA 14,str,1,0.0007147962831
domergueID,474,H 14,str,1,0.0007147962831
domergueID,475,J 30,str,1,0.0007147962831
domergueID,476,CR 15,str,1,0.0007147962831
domergueID,477,CR 17,str,1,0.0007147962831
domergueID,478,H 4,str,1,0.0007147962831
domergueID,479,SE 2,str,1,0.0007147962831
domergueID,480,H 5,str,1,0.0007147962831
domergueID,481,CR 43,str,1,0.0007147962831
domergueID,482,BA 22,str,1,0.0007147962831
domergueID,483,J 21,str,1,0.0007147962831
domergueID,484,C 7,str,1,0.0007147962831
domergueID,485,CR 24,str,1,0.0007147962831
domergueID,486,H 26,str,1,0.0007147962831
domergueID,487,OR 14,str,1,0.0007147962831
domergueID,488,OR 8,str,1,0.0007147962831
domergueID,489,CO 56,str,1,0.0007147962831
domergueID,490,CO 102,str,1,0.0007147962831
domergueID,491,BA 7,str,1,0.0007147962831
domergueID,492,TO 1.2,str,1,0.0007147962831
domergueID,493,TO 1.1,str,1,0.0007147962831
domergueID,494,O 27,str,1,0.0007147962831
domergueID,495,BA 49,str,1,0.0007147962831
domergueID,496,BA 12,str,1,0.0007147962831
domergueID,497,H 46,str,1,0.0007147962831
domergueID,498,O 8.i,str,1,0.0007147962831
domergueID,499,LE 50,str,1,0.0007147962831
domergueID,500,AL 2,str,1,0.0007147962831
domergueID,501,O 7,str,1,0.0007147962831
domergueID,502,MU 3,str,1,0.0007147962831
domergueID,503,AL 1,str,1,0.0007147962831
domergueID,504,BA 62,str,1,0.0007147962831
domergueID,505,BA 44,str,1,0.0007147962831
domergueID,506,H 42,str,1,0.0007147962831
domergueID,507,CR 29,str,1,0.0007147962831
domergueID,508,CR 30,str,1,0.0007147962831
domergueID,509,CO 19,str,1,0.0007147962831
domergueID,510,T 4,str,1,0.0007147962831
domergueID,511,O 22,str,1,0.0007147962831
domergueID,512,CO 99,str,1,0.0007147962831
domergueID,513,H 20,str,1,0.0007147962831
domergueID,514,CO 81,str,1,0.0007147962831
domergueID,515,SE 10,str,1,0.0007147962831
domergueID,516,H 17,str,1,0.0007147962831
domergueID,517,LE 28,str,1,0.0007147962831
domergueID,518,BA 33,str,1,0.0007147962831
domergueID,519,LE 42,str,1,0.0007147962831
domergueID,520,H 12,str,1,0.0007147962831
domergueID,521,H 49,str,1,0.0007147962831
domergueID,522,CO 14,str,1,0.0007147962831
domergueID,523,BA 1,str,1,0.0007147962831
domergueID,524,CO 117,str,1,0.0007147962831
domergueID,525,H 33,str,1,0.0007147962831
domergueID,526,BA 3,str,1,0.0007147962831
domergueID,527,BA 38,str,1,0.0007147962831
domergueID,528,LE 12.1,str,1,0.0007147962831
domergueID,529,LE 12.2,str,1,0.0007147962831
domergueID,530,S 2,str,1,0.0007147962831
domergueID,531,NA 1,str,1,0.0007147962831
domergueID,532,OR 9,str,1,0.0007147962831
domergueID,533,ZA 2,str,1,0.0007147962831
domergueID,534,CR 2,str,1,0.0007147962831
domergueID,535,J 15,str,1,0.0007147962831
domergueID,536,LE 21,str,1,0.0007147962831
domergueID,537,J 1,str,1,0.0007147962831
domergueID,538,LE 53,str,1,0.0007147962831
domergueID,539,J 18,str,1,0.0007147962831
domergueID,540,BA 16,str,1,0.0007147962831
domergueID,541,BA 31,str,1,0.0007147962831
domergueID,542,CR 3,str,1,0.0007147962831
domergueID,543,LE 43.6,str,1,0.0007147962831
domergueID,544,LE 43.3,str,1,0.0007147962831
domergueID,545,LE 43.1,str,1,0.0007147962831
domergueID,546,LE 22,str,1,0.0007147962831
domergueID,547,H 38,str,1,0.0007147962831
domergueID,548,H 13,str,1,0.0007147962831
spainMapSheet,1,<NA>,missing,845,0.6040028592
spainMapSheet,2,878.0,float,24,0.01715511079
spainMapSheet,3,191.0,float,14,0.01000714796
spainMapSheet,4,50.0,float,13,0.00929235168
spainMapSheet,5,858.0,float,11,0.007862759114
spainMapSheet,6,835.0,float,11,0.007862759114
spainMapSheet,7,158.0,float,11,0.007862759114
spainMapSheet,8,156.0,float,11,0.007862759114
spainMapSheet,9,859.0,float,10,0.007147962831
spainMapSheet,10,938.0,float,10,0.007147962831
spainMapSheet,11,190.0,float,10,0.007147962831
spainMapSheet,12,883.0,float,9,0.006433166548
spainMapSheet,13,192.0,float,9,0.006433166548
spainMapSheet,14,189.0,float,9,0.006433166548
spainMapSheet,15,959.0,float,8,0.005718370264
spainMapSheet,16,922.0,float,8,0.005718370264
spainMapSheet,17,230.0,float,8,0.005718370264
spainMapSheet,18,160.0,float,7,0.005003573981
spainMapSheet,19,809.0,float,7,0.005003573981
spainMapSheet,20,26.0,float,7,0.005003573981
spainMapSheet,21,884.0,float,7,0.005003573981
spainMapSheet,22,905.0,float,7,0.005003573981
spainMapSheet,23,806.0,float,7,0.005003573981
spainMapSheet,24,126.0,float,7,0.005003573981
spainMapSheet,25,75.0,float,6,0.004288777698
spainMapSheet,26,960.0,float,6,0.004288777698
spainMapSheet,27,860.0,float,6,0.004288777698
spainMapSheet,28,808.0,float,6,0.004288777698
spainMapSheet,29,895.0,float,6,0.004288777698
spainMapSheet,30,881.0,float,6,0.004288777698
spainMapSheet,31,833.0,float,6,0.004288777698
spainMapSheet,32,262.0,float,6,0.004288777698
spainMapSheet,33,805.0,float,5,0.003573981415
spainMapSheet,34,159.0,float,5,0.003573981415
spainMapSheet,35,902.0,float,5,0.003573981415
spainMapSheet,36,937.0,float,5,0.003573981415
spainMapSheet,37,879.0,float,5,0.003573981415
spainMapSheet,38,193.0,float,5,0.003573981415
spainMapSheet,39,225.0,float,5,0.003573981415
spainMapSheet,40,99.0,float,5,0.003573981415
spainMapSheet,41,936.0,float,4,0.002859185132
spainMapSheet,42,923.0,float,4,0.002859185132
spainMapSheet,43,882.0,float,4,0.002859185132
spainMapSheet,44,920.0,float,4,0.002859185132
spainMapSheet,45,128.0,float,4,0.002859185132
spainMapSheet,46,976.0,float,4,0.002859185132
spainMapSheet,47,861.0,float,4,0.002859185132
spainMapSheet,48,74.0,float,4,0.002859185132
spainMapSheet,49,187.0,float,4,0.002859185132
spainMapSheet,50,27.0,float,3,0.002144388849
spainMapSheet,51,271.0,float,3,0.002144388849
spainMapSheet,52,106.0,float,3,0.002144388849
spainMapSheet,53,939.0,float,3,0.002144388849
spainMapSheet,54,832.0,float,3,0.002144388849
spainMapSheet,55,901.0,float,3,0.002144388849
spainMapSheet,56,899.0,float,3,0.002144388849
spainMapSheet,57,266.0,float,3,0.002144388849
spainMapSheet,58,918.0,float,3,0.002144388849
spainMapSheet,59,101.0,float,3,0.002144388849
spainMapSheet,60,538.0,float,2,0.001429592566
spainMapSheet,61,587.0,float,2,0.001429592566
spainMapSheet,62,41.0,float,2,0.001429592566
spainMapSheet,63,595.0,float,2,0.001429592566
spainMapSheet,64,513.0,float,2,0.001429592566
spainMapSheet,65,33.0,float,2,0.001429592566
spainMapSheet,66,331.0,float,2,0.001429592566
spainMapSheet,67,34.0,float,2,0.001429592566
spainMapSheet,68,665.0,float,2,0.001429592566
spainMapSheet,69,863.0,float,2,0.001429592566
spainMapSheet,70,958.0,float,2,0.001429592566
spainMapSheet,71,977.0,float,2,0.001429592566
spainMapSheet,72,943.0,float,2,0.001429592566
spainMapSheet,73,831.0,float,2,0.001429592566
spainMapSheet,74,830.0,float,2,0.001429592566
spainMapSheet,75,921.0,float,2,0.001429592566
spainMapSheet,76,880.0,float,2,0.001429592566
spainMapSheet,77,44.0,float,2,0.001429592566
spainMapSheet,78,961.0,float,2,0.001429592566
spainMapSheet,79,862.0,float,2,0.001429592566
spainMapSheet,80,682.0,float,2,0.001429592566
spainMapSheet,81,781.0,float,2,0.001429592566
spainMapSheet,82,836.0,float,2,0.001429592566
spainMapSheet,83,997.0,float,2,0.001429592566
spainMapSheet,84,942.0,float,2,0.001429592566
spainMapSheet,85,864.0,float,2,0.001429592566
spainMapSheet,86,9.0,float,2,0.001429592566
spainMapSheet,87,528.0,float,2,0.001429592566
spainMapSheet,88,1015.0,float,2,0.001429592566
spainMapSheet,89,903.0,float,2,0.001429592566
spainMapSheet,90,231.0,float,2,0.001429592566
spainMapSheet,91,339.0,float,2,0.001429592566
spainMapSheet,92,856.0,float,2,0.001429592566
spainMapSheet,93,129.0,float,2,0.001429592566
spainMapSheet,94,471.0,float,2,0.001429592566
spainMapSheet,95,983.0,float,2,0.001429592566
spainMapSheet,96,994.0,float,2,0.001429592566
spainMapSheet,97,708.0,float,2,0.001429592566
spainMapSheet,98,214.0,float,1,0.0007147962831
spainMapSheet,99,564.0,float,1,0.0007147962831
spainMapSheet,100,119.0,float,1,0.0007147962831
spainMapSheet,101,574.0,float,1,0.0007147962831
spainMapSheet,102,49.0,float,1,0.0007147962831
spainMapSheet,103,253.0,float,1,0.0007147962831
spainMapSheet,104,232.0,float,1,0.0007147962831
spainMapSheet,105,386.0,float,1,0.0007147962831
spainMapSheet,106,88.0,float,1,0.0007147962831
spainMapSheet,107,530.0,float,1,0.0007147962831
spainMapSheet,108,175.0,float,1,0.0007147962831
spainMapSheet,109,248.0,float,1,0.0007147962831
spainMapSheet,110,311.0,float,1,0.0007147962831
spainMapSheet,111,441.0,float,1,0.0007147962831
spainMapSheet,112,503.0,float,1,0.0007147962831
spainMapSheet,113,524.0,float,1,0.0007147962831
spainMapSheet,114,115.0,float,1,0.0007147962831
spainMapSheet,115,459.0,float,1,0.0007147962831
spainMapSheet,116,70.0,float,1,0.0007147962831
spainMapSheet,117,46.0,float,1,0.0007147962831
spainMapSheet,118,226.0,float,1,0.0007147962831
spainMapSheet,119,3.0,float,1,0.0007147962831
spainMapSheet,120,2.0,float,1,0.0007147962831
spainMapSheet,121,293.0,float,1,0.0007147962831
spainMapSheet,122,559.0,float,1,0.0007147962831
spainMapSheet,123,134.0,float,1,0.0007147962831
spainMapSheet,124,506.0,float,1,0.0007147962831
spainMapSheet,125,167.0,float,1,0.0007147962831
spainMapSheet,126,123.0,float,1,0.0007147962831
spainMapSheet,127,332.0,float,1,0.0007147962831
spainMapSheet,128,488.0,float,1,0.0007147962831
spainMapSheet,129,670.0,float,1,0.0007147962831
spainMapSheet,130,508.0,float,1,0.0007147962831
spainMapSheet,131,823.0,float,1,0.0007147962831
spainMapSheet,132,978.0,float,1,0.0007147962831
spainMapSheet,133,6.0,float,1,0.0007147962831
spainMapSheet,134,829.0,float,1,0.0007147962831
spainMapSheet,135,875.0,float,1,0.0007147962831
spainMapSheet,136,507.0,float,1,0.0007147962831
spainMapSheet,137,1042.0,float,1,0.0007147962831
spainMapSheet,138,996.0,float,1,0.0007147962831
spainMapSheet,139,95.0,float,1,0.0007147962831
spainMapSheet,140,533.0,float,1,0.0007147962831
spainMapSheet,141,121.0,float,1,0.0007147962831
spainMapSheet,142,21.0,float,1,0.0007147962831
spainMapSheet,143,995.0,float,1,0.0007147962831
spainMapSheet,144,52.0,float,1,0.0007147962831
spainMapSheet,145,885.0,float,1,0.0007147962831
spainMapSheet,146,777.0,float,1,0.0007147962831
spainMapSheet,147,834.0,float,1,0.0007147962831
spainMapSheet,148,157.0,float,1,0.0007147962831
spainMapSheet,149,489.0,float,1,0.0007147962831
spainMapSheet,150,466.0,float,1,0.0007147962831
spainMapSheet,151,477.0,float,1,0.0007147962831
spainMapSheet,152,1026.0,float,1,0.0007147962831
spainMapSheet,153,576.0,float,1,0.0007147962831
spainMapSheet,154,773.0,float,1,0.0007147962831
spainMapSheet,155,975.0,float,1,0.0007147962831
spainMapSheet,156,900.0,float,1,0.0007147962831
spainMapSheet,157,240.0,float,1,0.0007147962831
spainMapSheet,158,889.0,float,1,0.0007147962831
spainMapSheet,159,53.0,float,1,0.0007147962831
spainMapSheet,160,804.0,float,1,0.0007147962831
spainMapSheet,161,103.0,float,1,0.0007147962831
spainMapSheet,162,10.0,float,1,0.0007147962831
spainMapSheet,163,60.0,float,1,0.0007147962831
spainMapSheet,164,527.0,float,1,0.0007147962831
spainMapSheet,165,264.0,float,1,0.0007147962831
spainMapSheet,166,55.0,float,1,0.0007147962831
spainMapSheet,167,7.0,float,1,0.0007147962831
spainMapSheet,168,48.0,float,1,0.0007147962831
spainMapSheet,169,61.0,float,1,0.0007147962831
spainMapSheet,170,409.0,float,1,0.0007147962831
spainMapSheet,171,460.0,float,1,0.0007147962831
spainMapSheet,172,778.0,float,1,0.0007147962831
spainMapSheet,173,302.0,float,1,0.0007147962831
spainMapSheet,174,877.0,float,1,0.0007147962831
spainMapSheet,175,705.0,float,1,0.0007147962831
spainMapSheet,176,68.0,float,1,0.0007147962831
spainMapSheet,177,330.0,float,1,0.0007147962831
spainMapSheet,178,1066.0,float,1,0.0007147962831
spainMapSheet,179,77.0,float,1,0.0007147962831
spainMapSheet,180,154.0,float,1,0.0007147962831
spainMapSheet,181,218.0,float,1,0.0007147962831
spainMapSheet,182,69.0,float,1,0.0007147962831
spainMapSheet,183,51.0,float,1,0.0007147962831
spainMapSheet,184,1043.0,float,1,0.0007147962831
spainMapSheet,185,919.0,float,1,0.0007147962831
spainMapSheet,186,898.0,float,1,0.0007147962831
spainMapSheet,187,837.0,float,1,0.0007147962831
spainMapSheet,188,807.0,float,1,0.0007147962831
spainMapSheet,189,417.0,float,1,0.0007147962831
spainMapSheet,190,25.0,float,1,0.0007147962831
spainMapSheet,191,940.0,float,1,0.0007147962831
spainMapSheet,192,727.0,float,1,0.0007147962831
spainMapSheet,193,172.0,float,1,0.0007147962831
spainMapSheet,194,130.0,float,1,0.0007147962831
spainMapSheet,195,897.0,float,1,0.0007147962831
spainMapSheet,196,783.0,float,1,0.0007147962831
lambertX,1,<NA>,missing,847,0.6054324518
lambertX,2,369.0,float,4,0.002859185132
lambertX,3,307.5,float,3,0.002144388849
lambertX,4,251.3,float,3,0.002144388849
lambertX,5,337.0,float,3,0.002144388849
lambertX,6,389.0,float,3,0.002144388849
lambertX,7,379.5,float,3,0.002144388849
lambertX,8,357.0,float,3,0.002144388849
lambertX,9,197.6,float,2,0.001429592566
lambertX,10,201.5,float,2,0.001429592566
lambertX,11,279.0,float,2,0.001429592566
lambertX,12,278.4,float,2,0.001429592566
lambertX,13,477.3,float,2,0.001429592566
lambertX,14,527.6,float,2,0.001429592566
lambertX,15,462.5,float,2,0.001429592566
lambertX,16,552.0,float,2,0.001429592566
lambertX,17,350.7,float,2,0.001429592566
lambertX,18,405.4,float,2,0.001429592566
lambertX,19,310.7,float,2,0.001429592566
lambertX,20,375.5,float,2,0.001429592566
lambertX,21,320.4,float,2,0.001429592566
lambertX,22,398.0,float,2,0.001429592566
lambertX,23,417.0,float,2,0.001429592566
lambertX,24,530.5,float,2,0.001429592566
lambertX,25,437.0,float,2,0.001429592566
lambertX,26,306.5,float,2,0.001429592566
lambertX,27,454.0,float,2,0.001429592566
lambertX,28,392.5,float,2,0.001429592566
lambertX,29,365.0,float,2,0.001429592566
lambertX,30,242.0,float,2,0.001429592566
lambertX,31,426.0,float,2,0.001429592566
lambertX,32,565.4,float,2,0.001429592566
lambertX,33,395.0,float,2,0.001429592566
lambertX,34,387.0,float,2,0.001429592566
lambertX,35,346.5,float,2,0.001429592566
lambertX,36,353.5,float,2,0.001429592566
lambertX,37,374.0,float,2,0.001429592566
lambertX,38,687.5,float,2,0.001429592566
lambertX,39,299.0,float,2,0.001429592566
lambertX,40,323.0,float,2,0.001429592566
lambertX,41,341.6,float,2,0.001429592566
lambertX,42,343.0,float,2,0.001429592566
lambertX,43,532.0,float,2,0.001429592566
lambertX,44,195.2,float,1,0.0007147962831
lambertX,45,267.3,float,1,0.0007147962831
lambertX,46,210.3,float,1,0.0007147962831
lambertX,47,298.7,float,1,0.0007147962831
lambertX,48,232.8,float,1,0.0007147962831
lambertX,49,233.4,float,1,0.0007147962831
lambertX,50,172.9,float,1,0.0007147962831
lambertX,51,271.5,float,1,0.0007147962831
lambertX,52,286.3,float,1,0.0007147962831
lambertX,53,148.3,float,1,0.0007147962831
lambertX,54,201.9,float,1,0.0007147962831
lambertX,55,285.7,float,1,0.0007147962831
lambertX,56,245.6,float,1,0.0007147962831
lambertX,57,207.7,float,1,0.0007147962831
lambertX,58,177.4,float,1,0.0007147962831
lambertX,59,286.0,float,1,0.0007147962831
lambertX,60,199.2,float,1,0.0007147962831
lambertX,61,270.9,float,1,0.0007147962831
lambertX,62,286.9,float,1,0.0007147962831
lambertX,63,307.2,float,1,0.0007147962831
lambertX,64,268.5,float,1,0.0007147962831
lambertX,65,768.5,float,1,0.0007147962831
lambertX,66,200.4,float,1,0.0007147962831
lambertX,67,169.9,float,1,0.0007147962831
lambertX,68,190.5,float,1,0.0007147962831
lambertX,69,244.5,float,1,0.0007147962831
lambertX,70,244.3,float,1,0.0007147962831
lambertX,71,177.5,float,1,0.0007147962831
lambertX,72,167.7,float,1,0.0007147962831
lambertX,73,265.0,float,1,0.0007147962831
lambertX,74,266.4,float,1,0.0007147962831
lambertX,75,256.7,float,1,0.0007147962831
lambertX,76,178.8,float,1,0.0007147962831
lambertX,77,178.6,float,1,0.0007147962831
lambertX,78,167.2,float,1,0.0007147962831
lambertX,79,233.0,float,1,0.0007147962831
lambertX,80,169.4,float,1,0.0007147962831
lambertX,81,203.0,float,1,0.0007147962831
lambertX,82,195.0,float,1,0.0007147962831
lambertX,83,185.0,float,1,0.0007147962831
lambertX,84,257.7,float,1,0.0007147962831
lambertX,85,153.0,float,1,0.0007147962831
lambertX,86,209.8,float,1,0.0007147962831
lambertX,87,801.0,float,1,0.0007147962831
lambertX,88,643.2,float,1,0.0007147962831
lambertX,89,438.5,float,1,0.0007147962831
lambertX,90,494.7,float,1,0.0007147962831
lambertX,91,1147.0,float,1,0.0007147962831
lambertX,92,315.1,float,1,0.0007147962831
lambertX,93,558.5,float,1,0.0007147962831
lambertX,94,276.4,float,1,0.0007147962831
lambertX,95,300.5,float,1,0.0007147962831
lambertX,96,846.0,float,1,0.0007147962831
lambertX,97,940.0,float,1,0.0007147962831
lambertX,98,862.0,float,1,0.0007147962831
lambertX,99,477.5,float,1,0.0007147962831
lambertX,100,499.6,float,1,0.0007147962831
lambertX,101,322.5,float,1,0.0007147962831
lambertX,102,513.0,float,1,0.0007147962831
lambertX,103,492.8,float,1,0.0007147962831
lambertX,104,414.8,float,1,0.0007147962831
lambertX,105,489.7,float,1,0.0007147962831
lambertX,106,355.3,float,1,0.0007147962831
lambertX,107,419.5,float,1,0.0007147962831
lambertX,108,306.8,float,1,0.0007147962831
lambertX,109,498.0,float,1,0.0007147962831
lambertX,110,535.2,float,1,0.0007147962831
lambertX,111,328.1,float,1,0.0007147962831
lambertX,112,363.7,float,1,0.0007147962831
lambertX,113,490.6,float,1,0.0007147962831
lambertX,114,371.5,float,1,0.0007147962831
lambertX,115,354.4,float,1,0.0007147962831
lambertX,116,802.4,float,1,0.0007147962831
lambertX,117,328.5,float,1,0.0007147962831
lambertX,118,481.2,float,1,0.0007147962831
lambertX,119,415.4,float,1,0.0007147962831
lambertX,120,392.3,float,1,0.0007147962831
lambertX,121,547.7,float,1,0.0007147962831
lambertX,122,554.7,float,1,0.0007147962831
lambertX,123,556.3,float,1,0.0007147962831
lambertX,124,498.4,float,1,0.0007147962831
lambertX,125,636.3,float,1,0.0007147962831
lambertX,126,528.8,float,1,0.0007147962831
lambertX,127,430.8,float,1,0.0007147962831
lambertX,128,754.0,float,1,0.0007147962831
lambertX,129,504.2,float,1,0.0007147962831
lambertX,130,493.5,float,1,0.0007147962831
lambertX,131,339.4,float,1,0.0007147962831
lambertX,132,418.3,float,1,0.0007147962831
lambertX,133,405.3,float,1,0.0007147962831
lambertX,134,207.9,float,1,0.0007147962831
lambertX,135,524.4,float,1,0.0007147962831
lambertX,136,574.0,float,1,0.0007147962831
lambertX,137,505.7,float,1,0.0007147962831
lambertX,138,181.9,float,1,0.0007147962831
lambertX,139,228.2,float,1,0.0007147962831
lambertX,140,501.2,float,1,0.0007147962831
lambertX,141,801.1,float,1,0.0007147962831
lambertX,142,229.6,float,1,0.0007147962831
lambertX,143,513.4,float,1,0.0007147962831
lambertX,144,501.7,float,1,0.0007147962831
lambertX,145,316.3,float,1,0.0007147962831
lambertX,146,324.2,float,1,0.0007147962831
lambertX,147,709.9,float,1,0.0007147962831
lambertX,148,354.5,float,1,0.0007147962831
lambertX,149,415.2,float,1,0.0007147962831
lambertX,150,500.7,float,1,0.0007147962831
lambertX,151,485.3,float,1,0.0007147962831
lambertX,152,434.9,float,1,0.0007147962831
lambertX,153,501.8,float,1,0.0007147962831
lambertX,154,504.0,float,1,0.0007147962831
lambertX,155,483.4,float,1,0.0007147962831
lambertX,156,529.3,float,1,0.0007147962831
lambertX,157,373.8,float,1,0.0007147962831
lambertX,158,593.7,float,1,0.0007147962831
lambertX,159,497.2,float,1,0.0007147962831
lambertX,160,420.4,float,1,0.0007147962831
lambertX,161,361.7,float,1,0.0007147962831
lambertX,162,492.3,float,1,0.0007147962831
lambertX,163,439.4,float,1,0.0007147962831
lambertX,164,573.6,float,1,0.0007147962831
lambertX,165,354.0,float,1,0.0007147962831
lambertX,166,413.7,float,1,0.0007147962831
lambertX,167,319.0,float,1,0.0007147962831
lambertX,168,607.8,float,1,0.0007147962831
lambertX,169,595.7,float,1,0.0007147962831
lambertX,170,780.5,float,1,0.0007147962831
lambertX,171,602.9,float,1,0.0007147962831
lambertX,172,579.0,float,1,0.0007147962831
lambertX,173,500.2,float,1,0.0007147962831
lambertX,174,480.5,float,1,0.0007147962831
lambertX,175,564.1,float,1,0.0007147962831
lambertX,176,446.7,float,1,0.0007147962831
lambertX,177,542.5,float,1,0.0007147962831
lambertX,178,391.7,float,1,0.0007147962831
lambertX,179,440.7,float,1,0.0007147962831
lambertX,180,632.7,float,1,0.0007147962831
lambertX,181,567.7,float,1,0.0007147962831
lambertX,182,432.7,float,1,0.0007147962831
lambertX,183,487.0,float,1,0.0007147962831
lambertX,184,293.2,float,1,0.0007147962831
lambertX,185,431.7,float,1,0.0007147962831
lambertX,186,499.5,float,1,0.0007147962831
lambertX,187,522.7,float,1,0.0007147962831
lambertX,188,667.8,float,1,0.0007147962831
lambertX,189,543.5,float,1,0.0007147962831
lambertX,190,416.4,float,1,0.0007147962831
lambertX,191,446.0,float,1,0.0007147962831
lambertX,192,542.9,float,1,0.0007147962831
lambertX,193,416.5,float,1,0.0007147962831
lambertX,194,485.0,float,1,0.0007147962831
lambertX,195,514.4,float,1,0.0007147962831
lambertX,196,370.6,float,1,0.0007147962831
lambertX,197,350.8,float,1,0.0007147962831
lambertX,198,427.7,float,1,0.0007147962831
lambertX,199,310.2,float,1,0.0007147962831
lambertX,200,369.2,float,1,0.0007147962831
lambertX,201,746.1,float,1,0.0007147962831
lambertX,202,437.2,float,1,0.0007147962831
lambertX,203,359.8,float,1,0.0007147962831
lambertX,204,356.5,float,1,0.0007147962831
lambertX,205,376.7,float,1,0.0007147962831
lambertX,206,424.3,float,1,0.0007147962831
lambertX,207,597.0,float,1,0.0007147962831
lambertX,208,537.2,float,1,0.0007147962831
lambertX,209,812.5,float,1,0.0007147962831
lambertX,210,494.5,float,1,0.0007147962831
lambertX,211,334.5,float,1,0.0007147962831
lambertX,212,454.6,float,1,0.0007147962831
lambertX,213,461.0,float,1,0.0007147962831
lambertX,214,441.1,float,1,0.0007147962831
lambertX,215,438.6,float,1,0.0007147962831
lambertX,216,413.0,float,1,0.0007147962831
lambertX,217,508.3,float,1,0.0007147962831
lambertX,218,424.4,float,1,0.0007147962831
lambertX,219,431.3,float,1,0.0007147962831
lambertX,220,767.9,float,1,0.0007147962831
lambertX,221,281.3,float,1,0.0007147962831
lambertX,222,318.7,float,1,0.0007147962831
lambertX,223,368.65,float,1,0.0007147962831
lambertX,224,612.3,float,1,0.0007147962831
lambertX,225,541.0,float,1,0.0007147962831
lambertX,226,360.4,float,1,0.0007147962831
lambertX,227,416.2,float,1,0.0007147962831
lambertX,228,429.6,float,1,0.0007147962831
lambertX,229,441.3,float,1,0.0007147962831
lambertX,230,1053.3,float,1,0.0007147962831
lambertX,231,498.2,float,1,0.0007147962831
lambertX,232,535.4,float,1,0.0007147962831
lambertX,233,394.8,float,1,0.0007147962831
lambertX,234,495.3,float,1,0.0007147962831
lambertX,235,782.4,float,1,0.0007147962831
lambertX,236,604.8,float,1,0.0007147962831
lambertX,237,482.5,float,1,0.0007147962831
lambertX,238,400.2,float,1,0.0007147962831
lambertX,239,546.0,float,1,0.0007147962831
lambertX,240,490.8,float,1,0.0007147962831
lambertX,241,537.4,float,1,0.0007147962831
lambertX,242,441.6,float,1,0.0007147962831
lambertX,243,298.8,float,1,0.0007147962831
lambertX,244,348.0,float,1,0.0007147962831
lambertX,245,558.8,float,1,0.0007147962831
lambertX,246,546.7,float,1,0.0007147962831
lambertX,247,606.1,float,1,0.0007147962831
lambertX,248,660.4,float,1,0.0007147962831
lambertX,249,509.6,float,1,0.0007147962831
lambertX,250,800.8,float,1,0.0007147962831
lambertX,251,464.6,float,1,0.0007147962831
lambertX,252,430.0,float,1,0.0007147962831
lambertX,253,404.1,float,1,0.0007147962831
lambertX,254,502.7,float,1,0.0007147962831
lambertX,255,520.5,float,1,0.0007147962831
lambertX,256,376.4,float,1,0.0007147962831
lambertX,257,443.4,float,1,0.0007147962831
lambertX,258,322.6,float,1,0.0007147962831
lambertX,259,370.2,float,1,0.0007147962831
lambertX,260,507.1,float,1,0.0007147962831
lambertX,261,541.7,float,1,0.0007147962831
lambertX,262,419.3,float,1,0.0007147962831
lambertX,263,604.6,float,1,0.0007147962831
lambertX,264,539.4,float,1,0.0007147962831
lambertX,265,321.3,float,1,0.0007147962831
lambertX,266,500.4,float,1,0.0007147962831
lambertX,267,339.3,float,1,0.0007147962831
lambertX,268,393.2,float,1,0.0007147962831
lambertX,269,620.5,float,1,0.0007147962831
lambertX,270,435.4,float,1,0.0007147962831
lambertX,271,506.8,float,1,0.0007147962831
lambertX,272,483.2,float,1,0.0007147962831
lambertX,273,431.6,float,1,0.0007147962831
lambertX,274,487.3,float,1,0.0007147962831
lambertX,275,434.3,float,1,0.0007147962831
lambertX,276,486.4,float,1,0.0007147962831
lambertX,277,391.0,float,1,0.0007147962831
lambertX,278,456.2,float,1,0.0007147962831
lambertX,279,518.9,float,1,0.0007147962831
lambertX,280,363.2,float,1,0.0007147962831
lambertX,281,504.5,float,1,0.0007147962831
lambertX,282,449.0,float,1,0.0007147962831
lambertX,283,604.5,float,1,0.0007147962831
lambertX,284,476.3,float,1,0.0007147962831
lambertX,285,605.6,float,1,0.0007147962831
lambertX,286,327.7,float,1,0.0007147962831
lambertX,287,314.0,float,1,0.0007147962831
lambertX,288,538.4,float,1,0.0007147962831
lambertX,289,452.5,float,1,0.0007147962831
lambertX,290,644.0,float,1,0.0007147962831
lambertX,291,579.3,float,1,0.0007147962831
lambertX,292,579.6,float,1,0.0007147962831
lambertX,293,316.5,float,1,0.0007147962831
lambertX,294,599.7,float,1,0.0007147962831
lambertX,295,609.1,float,1,0.0007147962831
lambertX,296,548.4,float,1,0.0007147962831
lambertX,297,524.2,float,1,0.0007147962831
lambertX,298,350.6,float,1,0.0007147962831
lambertX,299,514.2,float,1,0.0007147962831
lambertX,300,238.4,float,1,0.0007147962831
lambertX,301,482.6,float,1,0.0007147962831
lambertX,302,460.4,float,1,0.0007147962831
lambertX,303,389.7,float,1,0.0007147962831
lambertX,304,383.0,float,1,0.0007147962831
lambertX,305,402.8,float,1,0.0007147962831
lambertX,306,397.0,float,1,0.0007147962831
lambertX,307,808.2,float,1,0.0007147962831
lambertX,308,435.6,float,1,0.0007147962831
lambertX,309,496.0,float,1,0.0007147962831
lambertX,310,371.9,float,1,0.0007147962831
lambertX,311,560.3,float,1,0.0007147962831
lambertX,312,366.2,float,1,0.0007147962831
lambertX,313,489.3,float,1,0.0007147962831
lambertX,314,440.6,float,1,0.0007147962831
lambertX,315,253.5,float,1,0.0007147962831
lambertX,316,290.8,float,1,0.0007147962831
lambertX,317,191.0,float,1,0.0007147962831
lambertX,318,326.0,float,1,0.0007147962831
lambertX,319,650.6,float,1,0.0007147962831
lambertX,320,631.3,float,1,0.0007147962831
lambertX,321,311.3,float,1,0.0007147962831
lambertX,322,310.4,float,1,0.0007147962831
lambertX,323,356.2,float,1,0.0007147962831
lambertX,324,755.5,float,1,0.0007147962831
lambertX,325,529.4,float,1,0.0007147962831
lambertX,326,498.7,float,1,0.0007147962831
lambertX,327,491.4,float,1,0.0007147962831
lambertX,328,646.3,float,1,0.0007147962831
lambertX,329,489.5,float,1,0.0007147962831
lambertX,330,438.7,float,1,0.0007147962831
lambertX,331,510.1,float,1,0.0007147962831
lambertX,332,315.2,float,1,0.0007147962831
lambertX,333,440.5,float,1,0.0007147962831
lambertX,334,264.0,float,1,0.0007147962831
lambertX,335,345.5,float,1,0.0007147962831
lambertX,336,341.0,float,1,0.0007147962831
lambertX,337,805.7,float,1,0.0007147962831
lambertX,338,347.3,float,1,0.0007147962831
lambertX,339,482.2,float,1,0.0007147962831
lambertX,340,472.6,float,1,0.0007147962831
lambertX,341,515.0,float,1,0.0007147962831
lambertX,342,550.5,float,1,0.0007147962831
lambertX,343,436.6,float,1,0.0007147962831
lambertX,344,317.0,float,1,0.0007147962831
lambertX,345,364.8,float,1,0.0007147962831
lambertX,346,776.0,float,1,0.0007147962831
lambertX,347,394.0,float,1,0.0007147962831
lambertX,348,338.5,float,1,0.0007147962831
lambertX,349,364.4,float,1,0.0007147962831
lambertX,350,414.0,float,1,0.0007147962831
lambertX,351,172.4,float,1,0.0007147962831
lambertX,352,416.6,float,1,0.0007147962831
lambertX,353,340.8,float,1,0.0007147962831
lambertX,354,349.5,float,1,0.0007147962831
lambertX,355,299.5,float,1,0.0007147962831
lambertX,356,400.0,float,1,0.0007147962831
lambertX,357,296.2,float,1,0.0007147962831
lambertX,358,359.3,float,1,0.0007147962831
lambertX,359,351.3,float,1,0.0007147962831
lambertX,360,401.8,float,1,0.0007147962831
lambertX,361,507.6,float,1,0.0007147962831
lambertX,362,480.8,float,1,0.0007147962831
lambertX,363,466.6,float,1,0.0007147962831
lambertX,364,439.8,float,1,0.0007147962831
lambertX,365,972.0,float,1,0.0007147962831
lambertX,366,423.5,float,1,0.0007147962831
lambertX,367,567.5,float,1,0.0007147962831
lambertX,368,497.3,float,1,0.0007147962831
lambertX,369,311.8,float,1,0.0007147962831
lambertX,370,346.4,float,1,0.0007147962831
lambertX,371,1035.0,float,1,0.0007147962831
lambertX,372,352.5,float,1,0.0007147962831
lambertX,373,348.6,float,1,0.0007147962831
lambertX,374,355.5,float,1,0.0007147962831
lambertX,375,969.7,float,1,0.0007147962831
lambertX,376,501.0,float,1,0.0007147962831
lambertX,377,341.4,float,1,0.0007147962831
lambertX,378,299.7,float,1,0.0007147962831
lambertX,379,300.0,float,1,0.0007147962831
lambertX,380,299.9,float,1,0.0007147962831
lambertX,381,320.3,float,1,0.0007147962831
lambertX,382,318.8,float,1,0.0007147962831
lambertX,383,318.2,float,1,0.0007147962831
lambertX,384,320.2,float,1,0.0007147962831
lambertX,385,319.6,float,1,0.0007147962831
lambertX,386,241.4,float,1,0.0007147962831
lambertX,387,243.9,float,1,0.0007147962831
lambertX,388,242.5,float,1,0.0007147962831
lambertX,389,239.5,float,1,0.0007147962831
lambertX,390,237.5,float,1,0.0007147962831
lambertX,391,208.7,float,1,0.0007147962831
lambertX,392,208.0,float,1,0.0007147962831
lambertX,393,211.8,float,1,0.0007147962831
lambertX,394,215.6,float,1,0.0007147962831
lambertX,395,205.4,float,1,0.0007147962831
lambertX,396,323.5,float,1,0.0007147962831
lambertX,397,324.0,float,1,0.0007147962831
lambertX,398,324.8,float,1,0.0007147962831
lambertX,399,343.5,float,1,0.0007147962831
lambertX,400,343.9,float,1,0.0007147962831
lambertX,401,343.2,float,1,0.0007147962831
lambertX,402,342.7,float,1,0.0007147962831
lambertX,403,341.1,float,1,0.0007147962831
lambertX,404,342.3,float,1,0.0007147962831
lambertX,405,342.2,float,1,0.0007147962831
lambertX,406,341.9,float,1,0.0007147962831
lambertX,407,333.4,float,1,0.0007147962831
lambertX,408,325.5,float,1,0.0007147962831
lambertX,409,324.6,float,1,0.0007147962831
lambertX,410,329.8,float,1,0.0007147962831
lambertX,411,333.0,float,1,0.0007147962831
lambertX,412,332.0,float,1,0.0007147962831
lambertX,413,337.7,float,1,0.0007147962831
lambertX,414,331.0,float,1,0.0007147962831
lambertX,415,335.4,float,1,0.0007147962831
lambertX,416,310.5,float,1,0.0007147962831
lambertX,417,311.0,float,1,0.0007147962831
lambertX,418,312.4,float,1,0.0007147962831
lambertX,419,312.3,float,1,0.0007147962831
lambertX,420,311.7,float,1,0.0007147962831
lambertX,421,313.6,float,1,0.0007147962831
lambertX,422,299.2,float,1,0.0007147962831
lambertX,423,302.7,float,1,0.0007147962831
lambertX,424,306.0,float,1,0.0007147962831
lambertX,425,301.4,float,1,0.0007147962831
lambertX,426,397.6,float,1,0.0007147962831
lambertX,427,557.6,float,1,0.0007147962831
lambertX,428,335.0,float,1,0.0007147962831
lambertX,429,421.5,float,1,0.0007147962831
lambertX,430,344.6,float,1,0.0007147962831
lambertX,431,498.9,float,1,0.0007147962831
lambertX,432,239.7,float,1,0.0007147962831
lambertX,433,238.9,float,1,0.0007147962831
lambertX,434,1106.5,float,1,0.0007147962831
lambertX,435,544.6,float,1,0.0007147962831
lambertX,436,454.5,float,1,0.0007147962831
lambertX,437,584.8,float,1,0.0007147962831
lambertX,438,430.3,float,1,0.0007147962831
lambertX,439,338.7,float,1,0.0007147962831
lambertX,440,611.5,float,1,0.0007147962831
lambertX,441,530.4,float,1,0.0007147962831
lambertX,442,330.3,float,1,0.0007147962831
lambertX,443,396.8,float,1,0.0007147962831
lambertX,444,336.9,float,1,0.0007147962831
lambertX,445,547.8,float,1,0.0007147962831
lambertX,446,433.0,float,1,0.0007147962831
lambertX,447,602.95,float,1,0.0007147962831
lambertX,448,182.7,float,1,0.0007147962831
lambertX,449,311.2,float,1,0.0007147962831
lambertX,450,316.7,float,1,0.0007147962831
lambertX,451,302.3,float,1,0.0007147962831
lambertX,452,439.6,float,1,0.0007147962831
lambertX,453,492.5,float,1,0.0007147962831
lambertX,454,424.6,float,1,0.0007147962831
lambertX,455,489.8,float,1,0.0007147962831
lambertX,456,488.1,float,1,0.0007147962831
lambertX,457,365.9,float,1,0.0007147962831
lambertX,458,427.8,float,1,0.0007147962831
lambertX,459,335.5,float,1,0.0007147962831
lambertX,460,354.7,float,1,0.0007147962831
lambertX,461,771.0,float,1,0.0007147962831
lambertX,462,390.7,float,1,0.0007147962831
lambertX,463,849.8,float,1,0.0007147962831
lambertX,464,672.7,float,1,0.0007147962831
lambertX,465,383.5,float,1,0.0007147962831
lambertX,466,403.0,float,1,0.0007147962831
lambertX,467,286.8,float,1,0.0007147962831
lambertX,468,593.5,float,1,0.0007147962831
lambertX,469,498.5,float,1,0.0007147962831
lambertX,470,477.9,float,1,0.0007147962831
lambertX,471,982.3,float,1,0.0007147962831
lambertX,472,322.4,float,1,0.0007147962831
lambertX,473,499.0,float,1,0.0007147962831
lambertX,474,472.8,float,1,0.0007147962831
lambertX,475,382.9,float,1,0.0007147962831
lambertX,476,372.2,float,1,0.0007147962831
lambertX,477,441.0,float,1,0.0007147962831
lambertX,478,378.0,float,1,0.0007147962831
lambertX,479,297.8,float,1,0.0007147962831
lambertX,480,325.4,float,1,0.0007147962831
lambertX,481,493.2,float,1,0.0007147962831
lambertX,482,501.6,float,1,0.0007147962831
lambertX,483,362.6,float,1,0.0007147962831
lambertX,484,421.7,float,1,0.0007147962831
lambertX,485,442.6,float,1,0.0007147962831
lambertX,486,375.1,float,1,0.0007147962831
lambertX,487,556.9,float,1,0.0007147962831
lambertX,488,728.6,float,1,0.0007147962831
lambertX,489,304.5,float,1,0.0007147962831
lambertX,490,404.2,float,1,0.0007147962831
lambertX,491,609.6,float,1,0.0007147962831
lambertX,492,384.4,float,1,0.0007147962831
lambertX,493,556.4,float,1,0.0007147962831
lambertX,494,463.5,float,1,0.0007147962831
lambertX,495,608.5,float,1,0.0007147962831
lambertX,496,432.3,float,1,0.0007147962831
lambertX,497,367.0,float,1,0.0007147962831
lambertX,498,536.5,float,1,0.0007147962831
lambertX,499,382.4,float,1,0.0007147962831
lambertX,500,382.6,float,1,0.0007147962831
lambertX,501,269.9,float,1,0.0007147962831
lambertX,502,297.5,float,1,0.0007147962831
lambertX,503,345.0,float,1,0.0007147962831
lambertY,1,<NA>,missing,847,0.6054324518
lambertY,2,502.9,float,3,0.002144388849
lambertY,3,420.0,float,3,0.002144388849
lambertY,4,417.4,float,3,0.002144388849
lambertY,5,878.3,float,3,0.002144388849
lambertY,6,393.5,float,3,0.002144388849
lambertY,7,871.0,float,3,0.002144388849
lambertY,8,982.5,float,3,0.002144388849
lambertY,9,872.6,float,3,0.002144388849
lambertY,10,99.6,float,2,0.001429592566
lambertY,11,339.0,float,2,0.001429592566
lambertY,12,465.3,float,2,0.001429592566
lambertY,13,420.7,float,2,0.001429592566
lambertY,14,451.3,float,2,0.001429592566
lambertY,15,424.4,float,2,0.001429592566
lambertY,16,415.4,float,2,0.001429592566
lambertY,17,406.4,float,2,0.001429592566
lambertY,18,425.4,float,2,0.001429592566
lambertY,19,927.0,float,2,0.001429592566
lambertY,20,898.7,float,2,0.001429592566
lambertY,21,362.7,float,2,0.001429592566
lambertY,22,415.8,float,2,0.001429592566
lambertY,23,426.0,float,2,0.001429592566
lambertY,24,398.8,float,2,0.001429592566
lambertY,25,399.4,float,2,0.001429592566
lambertY,26,874.2,float,2,0.001429592566
lambertY,27,405.4,float,2,0.001429592566
lambertY,28,396.0,float,2,0.001429592566
lambertY,29,407.5,float,2,0.001429592566
lambertY,30,404.7,float,2,0.001429592566
lambertY,31,423.4,float,2,0.001429592566
lambertY,32,394.5,float,2,0.001429592566
lambertY,33,393.0,float,2,0.001429592566
lambertY,34,460.4,float,2,0.001429592566
lambertY,35,356.1,float,2,0.001429592566
lambertY,36,972.5,float,2,0.001429592566
lambertY,37,841.5,float,2,0.001429592566
lambertY,38,468.6,float,2,0.001429592566
lambertY,39,446.2,float,2,0.001429592566
lambertY,40,888.5,float,2,0.001429592566
lambertY,41,398.2,float,2,0.001429592566
lambertY,42,899.5,float,2,0.001429592566
lambertY,43,877.5,float,2,0.001429592566
lambertY,44,879.1,float,2,0.001429592566
lambertY,45,892.0,float,2,0.001429592566
lambertY,46,873.2,float,2,0.001429592566
lambertY,47,867.3,float,2,0.001429592566
lambertY,48,882.5,float,2,0.001429592566
lambertY,49,876.0,float,2,0.001429592566
lambertY,50,874.0,float,2,0.001429592566
lambertY,51,873.0,float,2,0.001429592566
lambertY,52,873.5,float,2,0.001429592566
lambertY,53,871.2,float,2,0.001429592566
lambertY,54,879.5,float,2,0.001429592566
lambertY,55,954.3,float,2,0.001429592566
lambertY,56,403.7,float,2,0.001429592566
lambertY,57,30.8,float,1,0.0007147962831
lambertY,58,380.4,float,1,0.0007147962831
lambertY,59,65.7,float,1,0.0007147962831
lambertY,60,470.0,float,1,0.0007147962831
lambertY,61,524.2,float,1,0.0007147962831
lambertY,62,53.6,float,1,0.0007147962831
lambertY,63,25.0,float,1,0.0007147962831
lambertY,64,127.4,float,1,0.0007147962831
lambertY,65,529.0,float,1,0.0007147962831
lambertY,66,345.5,float,1,0.0007147962831
lambertY,67,533.5,float,1,0.0007147962831
lambertY,68,363.7,float,1,0.0007147962831
lambertY,69,235.0,float,1,0.0007147962831
lambertY,70,499.7,float,1,0.0007147962831
lambertY,71,104.5,float,1,0.0007147962831
lambertY,72,419.2,float,1,0.0007147962831
lambertY,73,359.5,float,1,0.0007147962831
lambertY,74,294.5,float,1,0.0007147962831
lambertY,75,191.1,float,1,0.0007147962831
lambertY,76,133.5,float,1,0.0007147962831
lambertY,77,337.2,float,1,0.0007147962831
lambertY,78,119.9,float,1,0.0007147962831
lambertY,79,934.5,float,1,0.0007147962831
lambertY,80,174.0,float,1,0.0007147962831
lambertY,81,508.9,float,1,0.0007147962831
lambertY,82,33.0,float,1,0.0007147962831
lambertY,83,529.9,float,1,0.0007147962831
lambertY,84,531.9,float,1,0.0007147962831
lambertY,85,377.2,float,1,0.0007147962831
lambertY,86,567.5,float,1,0.0007147962831
lambertY,87,567.3,float,1,0.0007147962831
lambertY,88,316.0,float,1,0.0007147962831
lambertY,89,127.8,float,1,0.0007147962831
lambertY,90,78.2,float,1,0.0007147962831
lambertY,91,28.2,float,1,0.0007147962831
lambertY,92,458.2,float,1,0.0007147962831
lambertY,93,127.9,float,1,0.0007147962831
lambertY,94,424.0,float,1,0.0007147962831
lambertY,95,468.2,float,1,0.0007147962831
lambertY,96,277.5,float,1,0.0007147962831
lambertY,97,278.5,float,1,0.0007147962831
lambertY,98,279.0,float,1,0.0007147962831
lambertY,99,335.2,float,1,0.0007147962831
lambertY,100,529.5,float,1,0.0007147962831
lambertY,101,143.9,float,1,0.0007147962831
lambertY,102,581.5,float,1,0.0007147962831
lambertY,103,420.5,float,1,0.0007147962831
lambertY,104,422.0,float,1,0.0007147962831
lambertY,105,586.9,float,1,0.0007147962831
lambertY,106,332.3,float,1,0.0007147962831
lambertY,107,341.3,float,1,0.0007147962831
lambertY,108,679.7,float,1,0.0007147962831
lambertY,109,350.1,float,1,0.0007147962831
lambertY,110,338.4,float,1,0.0007147962831
lambertY,111,339.5,float,1,0.0007147962831
lambertY,112,468.0,float,1,0.0007147962831
lambertY,113,359.7,float,1,0.0007147962831
lambertY,114,339.9,float,1,0.0007147962831
lambertY,115,362.2,float,1,0.0007147962831
lambertY,116,332.4,float,1,0.0007147962831
lambertY,117,921.0,float,1,0.0007147962831
lambertY,118,449.9,float,1,0.0007147962831
lambertY,119,964.9,float,1,0.0007147962831
lambertY,120,408.6,float,1,0.0007147962831
lambertY,121,1000.2,float,1,0.0007147962831
lambertY,122,368.0,float,1,0.0007147962831
lambertY,123,469.1,float,1,0.0007147962831
lambertY,124,342.4,float,1,0.0007147962831
lambertY,125,348.0,float,1,0.0007147962831
lambertY,126,374.4,float,1,0.0007147962831
lambertY,127,888.8,float,1,0.0007147962831
lambertY,128,372.0,float,1,0.0007147962831
lambertY,129,449.3,float,1,0.0007147962831
lambertY,130,584.0,float,1,0.0007147962831
lambertY,131,419.0,float,1,0.0007147962831
lambertY,132,425.2,float,1,0.0007147962831
lambertY,133,414.3,float,1,0.0007147962831
lambertY,134,441.8,float,1,0.0007147962831
lambertY,135,690.6,float,1,0.0007147962831
lambertY,136,382.5,float,1,0.0007147962831
lambertY,137,259.8,float,1,0.0007147962831
lambertY,138,370.0,float,1,0.0007147962831
lambertY,139,274.4,float,1,0.0007147962831
lambertY,140,309.3,float,1,0.0007147962831
lambertY,141,379.3,float,1,0.0007147962831
lambertY,142,415.2,float,1,0.0007147962831
lambertY,143,339.8,float,1,0.0007147962831
lambertY,144,901.7,float,1,0.0007147962831
lambertY,145,911.8,float,1,0.0007147962831
lambertY,146,452.8,float,1,0.0007147962831
lambertY,147,658.5,float,1,0.0007147962831
lambertY,148,916.3,float,1,0.0007147962831
lambertY,149,357.3,float,1,0.0007147962831
lambertY,150,970.3,float,1,0.0007147962831
lambertY,151,915.2,float,1,0.0007147962831
lambertY,152,424.1,float,1,0.0007147962831
lambertY,153,336.1,float,1,0.0007147962831
lambertY,154,443.0,float,1,0.0007147962831
lambertY,155,910.4,float,1,0.0007147962831
lambertY,156,1003.2,float,1,0.0007147962831
lambertY,157,396.7,float,1,0.0007147962831
lambertY,158,358.9,float,1,0.0007147962831
lambertY,159,305.4,float,1,0.0007147962831
lambertY,160,327.9,float,1,0.0007147962831
lambertY,161,409.1,float,1,0.0007147962831
lambertY,162,364.2,float,1,0.0007147962831
lambertY,163,401.2,float,1,0.0007147962831
lambertY,164,381.4,float,1,0.0007147962831
lambertY,165,433.5,float,1,0.0007147962831
lambertY,166,421.7,float,1,0.0007147962831
lambertY,167,353.1,float,1,0.0007147962831
lambertY,168,425.8,float,1,0.0007147962831
lambertY,169,545.5,float,1,0.0007147962831
lambertY,170,956.0,float,1,0.0007147962831
lambertY,171,965.3,float,1,0.0007147962831
lambertY,172,477.0,float,1,0.0007147962831
lambertY,173,462.7,float,1,0.0007147962831
lambertY,174,439.7,float,1,0.0007147962831
lambertY,175,991.0,float,1,0.0007147962831
lambertY,176,411.7,float,1,0.0007147962831
lambertY,177,389.6,float,1,0.0007147962831
lambertY,178,411.2,float,1,0.0007147962831
lambertY,179,320.6,float,1,0.0007147962831
lambertY,180,369.6,float,1,0.0007147962831
lambertY,181,366.0,float,1,0.0007147962831
lambertY,182,404.0,float,1,0.0007147962831
lambertY,183,356.2,float,1,0.0007147962831
lambertY,184,439.4,float,1,0.0007147962831
lambertY,185,876.8,float,1,0.0007147962831
lambertY,186,403.2,float,1,0.0007147962831
lambertY,187,406.2,float,1,0.0007147962831
lambertY,188,361.5,float,1,0.0007147962831
lambertY,189,481.6,float,1,0.0007147962831
lambertY,190,394.3,float,1,0.0007147962831
lambertY,191,342.9,float,1,0.0007147962831
lambertY,192,376.8,float,1,0.0007147962831
lambertY,193,442.7,float,1,0.0007147962831
lambertY,194,446.5,float,1,0.0007147962831
lambertY,195,888.3,float,1,0.0007147962831
lambertY,196,364.4,float,1,0.0007147962831
lambertY,197,467.7,float,1,0.0007147962831
lambertY,198,903.5,float,1,0.0007147962831
lambertY,199,366.3,float,1,0.0007147962831
lambertY,200,420.2,float,1,0.0007147962831
lambertY,201,459.2,float,1,0.0007147962831
lambertY,202,983.7,float,1,0.0007147962831
lambertY,203,882.7,float,1,0.0007147962831
lambertY,204,998.6,float,1,0.0007147962831
lambertY,205,881.0,float,1,0.0007147962831
lambertY,206,704.3,float,1,0.0007147962831
lambertY,207,666.8,float,1,0.0007147962831
lambertY,208,957.5,float,1,0.0007147962831
lambertY,209,968.5,float,1,0.0007147962831
lambertY,210,982.4,float,1,0.0007147962831
lambertY,211,392.3,float,1,0.0007147962831
lambertY,212,417.8,float,1,0.0007147962831
lambertY,213,410.5,float,1,0.0007147962831
lambertY,214,730.3,float,1,0.0007147962831
lambertY,215,940.4,float,1,0.0007147962831
lambertY,216,441.5,float,1,0.0007147962831
lambertY,217,460.3,float,1,0.0007147962831
lambertY,218,713.4,float,1,0.0007147962831
lambertY,219,464.9,float,1,0.0007147962831
lambertY,220,399.0,float,1,0.0007147962831
lambertY,221,661.8,float,1,0.0007147962831
lambertY,222,299.0,float,1,0.0007147962831
lambertY,223,342.3,float,1,0.0007147962831
lambertY,224,360.1,float,1,0.0007147962831
lambertY,225,976.0,float,1,0.0007147962831
lambertY,226,285.7,float,1,0.0007147962831
lambertY,227,629.0,float,1,0.0007147962831
lambertY,228,961.2,float,1,0.0007147962831
lambertY,229,365.5,float,1,0.0007147962831
lambertY,230,404.4,float,1,0.0007147962831
lambertY,231,463.8,float,1,0.0007147962831
lambertY,232,503.8,float,1,0.0007147962831
lambertY,233,411.1,float,1,0.0007147962831
lambertY,234,449.7,float,1,0.0007147962831
lambertY,235,856.1,float,1,0.0007147962831
lambertY,236,331.7,float,1,0.0007147962831
lambertY,237,440.5,float,1,0.0007147962831
lambertY,238,873.8,float,1,0.0007147962831
lambertY,239,387.7,float,1,0.0007147962831
lambertY,240,395.5,float,1,0.0007147962831
lambertY,241,357.6,float,1,0.0007147962831
lambertY,242,397.1,float,1,0.0007147962831
lambertY,243,336.8,float,1,0.0007147962831
lambertY,244,903.0,float,1,0.0007147962831
lambertY,245,399.7,float,1,0.0007147962831
lambertY,246,413.0,float,1,0.0007147962831
lambertY,247,437.3,float,1,0.0007147962831
lambertY,248,487.5,float,1,0.0007147962831
lambertY,249,415.5,float,1,0.0007147962831
lambertY,250,326.6,float,1,0.0007147962831
lambertY,251,966.0,float,1,0.0007147962831
lambertY,252,455.1,float,1,0.0007147962831
lambertY,253,411.0,float,1,0.0007147962831
lambertY,254,348.3,float,1,0.0007147962831
lambertY,255,862.0,float,1,0.0007147962831
lambertY,256,930.4,float,1,0.0007147962831
lambertY,257,849.6,float,1,0.0007147962831
lambertY,258,357.7,float,1,0.0007147962831
lambertY,259,417.3,float,1,0.0007147962831
lambertY,260,448.8,float,1,0.0007147962831
lambertY,261,350.2,float,1,0.0007147962831
lambertY,262,402.6,float,1,0.0007147962831
lambertY,263,407.4,float,1,0.0007147962831
lambertY,264,350.9,float,1,0.0007147962831
lambertY,265,372.1,float,1,0.0007147962831
lambertY,266,875.8,float,1,0.0007147962831
lambertY,267,1000.5,float,1,0.0007147962831
lambertY,268,877.8,float,1,0.0007147962831
lambertY,269,958.5,float,1,0.0007147962831
lambertY,270,403.1,float,1,0.0007147962831
lambertY,271,469.5,float,1,0.0007147962831
lambertY,272,475.1,float,1,0.0007147962831
lambertY,273,411.4,float,1,0.0007147962831
lambertY,274,450.1,float,1,0.0007147962831
lambertY,275,847.0,float,1,0.0007147962831
lambertY,276,407.9,float,1,0.0007147962831
lambertY,277,436.7,float,1,0.0007147962831
lambertY,278,441.6,float,1,0.0007147962831
lambertY,279,432.5,float,1,0.0007147962831
lambertY,280,969.8,float,1,0.0007147962831
lambertY,281,418.4,float,1,0.0007147962831
lambertY,282,464.0,float,1,0.0007147962831
lambertY,283,394.7,float,1,0.0007147962831
lambertY,284,426.8,float,1,0.0007147962831
lambertY,285,342.2,float,1,0.0007147962831
lambertY,286,665.6,float,1,0.0007147962831
lambertY,287,410.25,float,1,0.0007147962831
lambertY,288,418.0,float,1,0.0007147962831
lambertY,289,398.3,float,1,0.0007147962831
lambertY,290,430.2,float,1,0.0007147962831
lambertY,291,412.8,float,1,0.0007147962831
lambertY,292,399.3,float,1,0.0007147962831
lambertY,293,397.5,float,1,0.0007147962831
lambertY,294,401.9,float,1,0.0007147962831
lambertY,295,900.2,float,1,0.0007147962831
lambertY,296,432.3,float,1,0.0007147962831
lambertY,297,836.5,float,1,0.0007147962831
lambertY,298,792.5,float,1,0.0007147962831
lambertY,299,881.3,float,1,0.0007147962831
lambertY,300,362.5,float,1,0.0007147962831
lambertY,301,458.5,float,1,0.0007147962831
lambertY,302,890.3,float,1,0.0007147962831
lambertY,303,853.8,float,1,0.0007147962831
lambertY,304,890.0,float,1,0.0007147962831
lambertY,305,890.2,float,1,0.0007147962831
lambertY,306,336.4,float,1,0.0007147962831
lambertY,307,400.6,float,1,0.0007147962831
lambertY,308,972.0,float,1,0.0007147962831
lambertY,309,374.0,float,1,0.0007147962831
lambertY,310,405.3,float,1,0.0007147962831
lambertY,311,375.8,float,1,0.0007147962831
lambertY,312,386.0,float,1,0.0007147962831
lambertY,313,1002.0,float,1,0.0007147962831
lambertY,314,971.0,float,1,0.0007147962831
lambertY,315,975.0,float,1,0.0007147962831
lambertY,316,358.6,float,1,0.0007147962831
lambertY,317,964.5,float,1,0.0007147962831
lambertY,318,417.5,float,1,0.0007147962831
lambertY,319,871.4,float,1,0.0007147962831
lambertY,320,951.5,float,1,0.0007147962831
lambertY,321,854.0,float,1,0.0007147962831
lambertY,322,756.6,float,1,0.0007147962831
lambertY,323,421.5,float,1,0.0007147962831
lambertY,324,563.2,float,1,0.0007147962831
lambertY,325,721.2,float,1,0.0007147962831
lambertY,326,397.6,float,1,0.0007147962831
lambertY,327,399.2,float,1,0.0007147962831
lambertY,328,459.8,float,1,0.0007147962831
lambertY,329,490.6,float,1,0.0007147962831
lambertY,330,822.0,float,1,0.0007147962831
lambertY,331,901.8,float,1,0.0007147962831
lambertY,332,877.0,float,1,0.0007147962831
lambertY,333,335.7,float,1,0.0007147962831
lambertY,334,351.9,float,1,0.0007147962831
lambertY,335,358.7,float,1,0.0007147962831
lambertY,336,444.7,float,1,0.0007147962831
lambertY,337,926.7,float,1,0.0007147962831
lambertY,338,943.0,float,1,0.0007147962831
lambertY,339,415.0,float,1,0.0007147962831
lambertY,340,439.6,float,1,0.0007147962831
lambertY,341,467.2,float,1,0.0007147962831
lambertY,342,391.4,float,1,0.0007147962831
lambertY,343,970.8,float,1,0.0007147962831
lambertY,344,311.6,float,1,0.0007147962831
lambertY,345,540.0,float,1,0.0007147962831
lambertY,346,354.7,float,1,0.0007147962831
lambertY,347,970.7,float,1,0.0007147962831
lambertY,348,392.0,float,1,0.0007147962831
lambertY,349,946.8,float,1,0.0007147962831
lambertY,350,391.7,float,1,0.0007147962831
lambertY,351,904.6,float,1,0.0007147962831
lambertY,352,860.0,float,1,0.0007147962831
lambertY,353,338.1,float,1,0.0007147962831
lambertY,354,956.8,float,1,0.0007147962831
lambertY,355,855.7,float,1,0.0007147962831
lambertY,356,460.0,float,1,0.0007147962831
lambertY,357,442.5,float,1,0.0007147962831
lambertY,358,463.5,float,1,0.0007147962831
lambertY,359,738.4,float,1,0.0007147962831
lambertY,360,912.5,float,1,0.0007147962831
lambertY,361,970.6,float,1,0.0007147962831
lambertY,362,423.2,float,1,0.0007147962831
lambertY,363,999.3,float,1,0.0007147962831
lambertY,364,902.6,float,1,0.0007147962831
lambertY,365,828.6,float,1,0.0007147962831
lambertY,366,906.2,float,1,0.0007147962831
lambertY,367,873.3,float,1,0.0007147962831
lambertY,368,871.3,float,1,0.0007147962831
lambertY,369,736.4,float,1,0.0007147962831
lambertY,370,322.1,float,1,0.0007147962831
lambertY,371,328.0,float,1,0.0007147962831
lambertY,372,217.5,float,1,0.0007147962831
lambertY,373,964.0,float,1,0.0007147962831
lambertY,374,310.2,float,1,0.0007147962831
lambertY,375,313.5,float,1,0.0007147962831
lambertY,376,940.2,float,1,0.0007147962831
lambertY,377,885.3,float,1,0.0007147962831
lambertY,378,881.5,float,1,0.0007147962831
lambertY,379,879.8,float,1,0.0007147962831
lambertY,380,882.9,float,1,0.0007147962831
lambertY,381,880.8,float,1,0.0007147962831
lambertY,382,899.4,float,1,0.0007147962831
lambertY,383,900.3,float,1,0.0007147962831
lambertY,384,900.7,float,1,0.0007147962831
lambertY,385,899.7,float,1,0.0007147962831
lambertY,386,899.9,float,1,0.0007147962831
lambertY,387,866.6,float,1,0.0007147962831
lambertY,388,886.0,float,1,0.0007147962831
lambertY,389,865.3,float,1,0.0007147962831
lambertY,390,842.5,float,1,0.0007147962831
lambertY,391,840.5,float,1,0.0007147962831
lambertY,392,840.6,float,1,0.0007147962831
lambertY,393,841.0,float,1,0.0007147962831
lambertY,394,841.8,float,1,0.0007147962831
lambertY,395,842.4,float,1,0.0007147962831
lambertY,396,925.3,float,1,0.0007147962831
lambertY,397,923.8,float,1,0.0007147962831
lambertY,398,924.4,float,1,0.0007147962831
lambertY,399,927.1,float,1,0.0007147962831
lambertY,400,883.5,float,1,0.0007147962831
lambertY,401,882.2,float,1,0.0007147962831
lambertY,402,878.7,float,1,0.0007147962831
lambertY,403,873.7,float,1,0.0007147962831
lambertY,404,875.0,float,1,0.0007147962831
lambertY,405,874.3,float,1,0.0007147962831
lambertY,406,872.4,float,1,0.0007147962831
lambertY,407,872.8,float,1,0.0007147962831
lambertY,408,870.6,float,1,0.0007147962831
lambertY,409,870.5,float,1,0.0007147962831
lambertY,410,870.4,float,1,0.0007147962831
lambertY,411,870.9,float,1,0.0007147962831
lambertY,412,879.0,float,1,0.0007147962831
lambertY,413,880.0,float,1,0.0007147962831
lambertY,414,877.4,float,1,0.0007147962831
lambertY,415,946.0,float,1,0.0007147962831
lambertY,416,457.5,float,1,0.0007147962831
lambertY,417,349.5,float,1,0.0007147962831
lambertY,418,379.0,float,1,0.0007147962831
lambertY,419,885.2,float,1,0.0007147962831
lambertY,420,887.5,float,1,0.0007147962831
lambertY,421,885.0,float,1,0.0007147962831
lambertY,422,407.8,float,1,0.0007147962831
lambertY,423,399.8,float,1,0.0007147962831
lambertY,424,402.9,float,1,0.0007147962831
lambertY,425,413.4,float,1,0.0007147962831
lambertY,426,446.0,float,1,0.0007147962831
lambertY,427,448.5,float,1,0.0007147962831
lambertY,428,356.3,float,1,0.0007147962831
lambertY,429,368.5,float,1,0.0007147962831
lambertY,430,356.6,float,1,0.0007147962831
lambertY,431,468.7,float,1,0.0007147962831
lambertY,432,405.5,float,1,0.0007147962831
lambertY,433,393.8,float,1,0.0007147962831
lambertY,434,954.1,float,1,0.0007147962831
lambertY,435,431.7,float,1,0.0007147962831
lambertY,436,361.0,float,1,0.0007147962831
lambertY,437,844.0,float,1,0.0007147962831
lambertY,438,449.5,float,1,0.0007147962831
lambertY,439,408.2,float,1,0.0007147962831
lambertY,440,541.4,float,1,0.0007147962831
lambertY,441,539.6,float,1,0.0007147962831
lambertY,442,974.0,float,1,0.0007147962831
lambertY,443,453.4,float,1,0.0007147962831
lambertY,444,336.2,float,1,0.0007147962831
lambertY,445,909.4,float,1,0.0007147962831
lambertY,446,303.0,float,1,0.0007147962831
lambertY,447,972.2,float,1,0.0007147962831
lambertY,448,338.9,float,1,0.0007147962831
lambertY,449,256.3,float,1,0.0007147962831
lambertY,450,879.15,float,1,0.0007147962831
lambertY,451,394.0,float,1,0.0007147962831
lambertY,452,348.7,float,1,0.0007147962831
lambertY,453,440.0,float,1,0.0007147962831
lambertY,454,457.2,float,1,0.0007147962831
lambertY,455,448.3,float,1,0.0007147962831
lambertY,456,758.3,float,1,0.0007147962831
lambertY,457,985.4,float,1,0.0007147962831
lambertY,458,338.7,float,1,0.0007147962831
lambertY,459,366.7,float,1,0.0007147962831
lambertY,460,347.0,float,1,0.0007147962831
lambertY,461,377.8,float,1,0.0007147962831
lambertY,462,918.0,float,1,0.0007147962831
lambertY,463,461.4,float,1,0.0007147962831
lambertY,464,861.0,float,1,0.0007147962831
lambertY,465,339.1,float,1,0.0007147962831
lambertY,466,342.7,float,1,0.0007147962831
lambertY,467,422.8,float,1,0.0007147962831
lambertY,468,523.7,float,1,0.0007147962831
lambertY,469,379.7,float,1,0.0007147962831
lambertY,470,325.6,float,1,0.0007147962831
lambertY,471,409.0,float,1,0.0007147962831
lambertY,472,465.2,float,1,0.0007147962831
lambertY,473,889.4,float,1,0.0007147962831
lambertY,474,889.1,float,1,0.0007147962831
lambertY,475,973.0,float,1,0.0007147962831
lambertY,476,872.0,float,1,0.0007147962831
lambertY,477,794.2,float,1,0.0007147962831
lambertY,478,467.0,float,1,0.0007147962831
lambertY,479,922.7,float,1,0.0007147962831
lambertY,480,414.5,float,1,0.0007147962831
lambertY,481,400.0,float,1,0.0007147962831
lambertY,482,383.0,float,1,0.0007147962831
lambertY,483,472.0,float,1,0.0007147962831
lambertY,484,851.7,float,1,0.0007147962831
lambertY,485,851.8,float,1,0.0007147962831
lambertY,486,853.7,float,1,0.0007147962831
lambertY,487,926.4,float,1,0.0007147962831
lambertY,488,351.95,float,1,0.0007147962831
lambertY,489,337.4,float,1,0.0007147962831
lambertY,490,888.4,float,1,0.0007147962831
latitude,1,<NA>,missing,11,0.007862759114
latitude,2,40.01267954,float,2,0.001429592566
latitude,3,46.01946,float,2,0.001429592566
latitude,4,45.02585,float,2,0.001429592566
latitude,5,43.41262417,float,2,0.001429592566
latitude,6,42.572755,float,2,0.001429592566
latitude,7,44.62089,float,2,0.001429592566
latitude,8,45.99707,float,2,0.001429592566
latitude,9,45.98669,float,2,0.001429592566
latitude,10,46.09907,float,2,0.001429592566
latitude,11,45.97268,float,2,0.001429592566
latitude,12,45.7167,float,2,0.001429592566
latitude,13,45.11619,float,2,0.001429592566
latitude,14,37.880874,float,1,0.0007147962831
latitude,15,37.24315224,float,1,0.0007147962831
latitude,16,41.099158,float,1,0.0007147962831
latitude,17,40.38963823,float,1,0.0007147962831
latitude,18,37.55756281,float,1,0.0007147962831
latitude,19,41.07721,float,1,0.0007147962831
latitude,20,41.19318578,float,1,0.0007147962831
latitude,21,41.68652096,float,1,0.0007147962831
latitude,22,37.44799935,float,1,0.0007147962831
latitude,23,37.19050854,float,1,0.0007147962831
latitude,24,41.69245,float,1,0.0007147962831
latitude,25,41.737828,float,1,0.0007147962831
latitude,26,41.708911,float,1,0.0007147962831
latitude,27,38.11068367,float,1,0.0007147962831
latitude,28,41.7257388,float,1,0.0007147962831
latitude,29,40.07804448,float,1,0.0007147962831
latitude,30,41.7692345,float,1,0.0007147962831
latitude,31,41.836843,float,1,0.0007147962831
latitude,32,41.9014042,float,1,0.0007147962831
latitude,33,40.24195054,float,1,0.0007147962831
latitude,34,41.751727,float,1,0.0007147962831
latitude,35,39.07860132,float,1,0.0007147962831
latitude,36,37.86304358,float,1,0.0007147962831
latitude,37,41.46531351,float,1,0.0007147962831
latitude,38,37.90716138,float,1,0.0007147962831
latitude,39,41.807087,float,1,0.0007147962831
latitude,40,41.405245,float,1,0.0007147962831
latitude,41,40.74143642,float,1,0.0007147962831
latitude,42,40.19973244,float,1,0.0007147962831
latitude,43,39.61872097,float,1,0.0007147962831
latitude,44,41.012513,float,1,0.0007147962831
latitude,45,38.68452182,float,1,0.0007147962831
latitude,46,41.039901,float,1,0.0007147962831
latitude,47,38.16428271,float,1,0.0007147962831
latitude,48,39.99651051,float,1,0.0007147962831
latitude,49,38.04335366,float,1,0.0007147962831
latitude,50,46.7,float,1,0.0007147962831
latitude,51,50.3833,float,1,0.0007147962831
latitude,52,43.96457969,float,1,0.0007147962831
latitude,53,45.0306,float,1,0.0007147962831
latitude,54,43.866667,float,1,0.0007147962831
latitude,55,43.96903626,float,1,0.0007147962831
latitude,56,43.94924716,float,1,0.0007147962831
latitude,57,43.9856004,float,1,0.0007147962831
latitude,58,35.044444,float,1,0.0007147962831
latitude,59,34.930833,float,1,0.0007147962831
latitude,60,34.921944,float,1,0.0007147962831
latitude,61,34.85,float,1,0.0007147962831
latitude,62,34.916667,float,1,0.0007147962831
latitude,63,34.825,float,1,0.0007147962831
latitude,64,35.031321,float,1,0.0007147962831
latitude,65,35.050736,float,1,0.0007147962831
latitude,66,34.962778,float,1,0.0007147962831
latitude,67,35.114088,float,1,0.0007147962831
latitude,68,35.091672,float,1,0.0007147962831
latitude,69,35.042222,float,1,0.0007147962831
latitude,70,34.954722,float,1,0.0007147962831
latitude,71,35.091111,float,1,0.0007147962831
latitude,72,35.030848,float,1,0.0007147962831
latitude,73,26.666667,float,1,0.0007147962831
latitude,74,26.154323,float,1,0.0007147962831
latitude,75,26.010142,float,1,0.0007147962831
latitude,76,24.933333,float,1,0.0007147962831
latitude,77,24.52044,float,1,0.0007147962831
latitude,78,25.950983,float,1,0.0007147962831
latitude,79,24.8394,float,1,0.0007147962831
latitude,80,25.45094,float,1,0.0007147962831
latitude,81,24.952795,float,1,0.0007147962831
latitude,82,25.985185,float,1,0.0007147962831
latitude,83,43.1275,float,1,0.0007147962831
latitude,84,43.012778,float,1,0.0007147962831
latitude,85,43.340906,float,1,0.0007147962831
latitude,86,43.347504,float,1,0.0007147962831
latitude,87,45.485833,float,1,0.0007147962831
latitude,88,48.626667,float,1,0.0007147962831
latitude,89,45.4167,float,1,0.0007147962831
latitude,90,46.194472,float,1,0.0007147962831
latitude,91,45.85,float,1,0.0007147962831
latitude,92,43.578056,float,1,0.0007147962831
latitude,93,43.337129,float,1,0.0007147962831
latitude,94,44.013706,float,1,0.0007147962831
latitude,95,42.950758,float,1,0.0007147962831
latitude,96,44.48722,float,1,0.0007147962831
latitude,97,47.899945,float,1,0.0007147962831
latitude,98,43.5745,float,1,0.0007147962831
latitude,99,43.5794,float,1,0.0007147962831
latitude,100,45.833,float,1,0.0007147962831
latitude,101,42.43315,float,1,0.0007147962831
latitude,102,42.43003574,float,1,0.0007147962831
latitude,103,42.41759316,float,1,0.0007147962831
latitude,104,42.46802441,float,1,0.0007147962831
latitude,105,42.46125817,float,1,0.0007147962831
latitude,106,42.46146873,float,1,0.0007147962831
latitude,107,42.932629,float,1,0.0007147962831
latitude,108,44.33444,float,1,0.0007147962831
latitude,109,44.353333,float,1,0.0007147962831
latitude,110,50.775278,float,1,0.0007147962831
latitude,111,50.338056,float,1,0.0007147962831
latitude,112,51.344337,float,1,0.0007147962831
latitude,113,50.616667,float,1,0.0007147962831
latitude,114,50.813507,float,1,0.0007147962831
latitude,115,50.6,float,1,0.0007147962831
latitude,116,51.397693,float,1,0.0007147962831
latitude,117,37.710011,float,1,0.0007147962831
latitude,118,40.716667,float,1,0.0007147962831
latitude,119,37.7,float,1,0.0007147962831
latitude,120,29.787778,float,1,0.0007147962831
latitude,121,29.651714,float,1,0.0007147962831
latitude,122,40.74,float,1,0.0007147962831
latitude,123,45.485823,float,1,0.0007147962831
latitude,124,39.4397,float,1,0.0007147962831
latitude,125,39.374915,float,1,0.0007147962831
latitude,126,43.05,float,1,0.0007147962831
latitude,127,39.316667,float,1,0.0007147962831
latitude,128,39.0644,float,1,0.0007147962831
latitude,129,39.11,float,1,0.0007147962831
latitude,130,30.627084,float,1,0.0007147962831
latitude,131,42.58363,float,1,0.0007147962831
latitude,132,42.9042,float,1,0.0007147962831
latitude,133,42.616123,float,1,0.0007147962831
latitude,134,42.99640694,float,1,0.0007147962831
latitude,135,38.53331052,float,1,0.0007147962831
latitude,136,41.750612,float,1,0.0007147962831
latitude,137,41.5488674,float,1,0.0007147962831
latitude,138,37.26293846,float,1,0.0007147962831
latitude,139,41.171439,float,1,0.0007147962831
latitude,140,41.73727222,float,1,0.0007147962831
latitude,141,41.75528934,float,1,0.0007147962831
latitude,142,40.35979926,float,1,0.0007147962831
latitude,143,41.157252,float,1,0.0007147962831
latitude,144,42.07670386,float,1,0.0007147962831
latitude,145,42.07456039,float,1,0.0007147962831
latitude,146,39.80988767,float,1,0.0007147962831
latitude,147,38.11467547,float,1,0.0007147962831
latitude,148,37.66849754,float,1,0.0007147962831
latitude,149,37.2194949,float,1,0.0007147962831
latitude,150,41.19008,float,1,0.0007147962831
latitude,151,41.806046,float,1,0.0007147962831
latitude,152,41.09264776,float,1,0.0007147962831
latitude,153,38.11740938,float,1,0.0007147962831
latitude,154,40.78431492,float,1,0.0007147962831
latitude,155,41.18239405,float,1,0.0007147962831
latitude,156,39.46560039,float,1,0.0007147962831
latitude,157,39.47459709,float,1,0.0007147962831
latitude,158,39.4789832,float,1,0.0007147962831
latitude,159,41.795201,float,1,0.0007147962831
latitude,160,41.496453,float,1,0.0007147962831
latitude,161,39.98332173,float,1,0.0007147962831
latitude,162,41.73351537,float,1,0.0007147962831
latitude,163,38.26209908,float,1,0.0007147962831
latitude,164,46.447759,float,1,0.0007147962831
latitude,165,46.110667,float,1,0.0007147962831
latitude,166,45.70775,float,1,0.0007147962831
latitude,167,46.366324,float,1,0.0007147962831
latitude,168,46.16411,float,1,0.0007147962831
latitude,169,46.1761,float,1,0.0007147962831
latitude,170,46.581082,float,1,0.0007147962831
latitude,171,46.024576,float,1,0.0007147962831
latitude,172,46.01904,float,1,0.0007147962831
latitude,173,46.01869,float,1,0.0007147962831
latitude,174,46.01926,float,1,0.0007147962831
latitude,175,46.02104,float,1,0.0007147962831
latitude,176,45.45164,float,1,0.0007147962831
latitude,177,46.00341,float,1,0.0007147962831
latitude,178,46.00459,float,1,0.0007147962831
latitude,179,46.00389,float,1,0.0007147962831
latitude,180,46.00147,float,1,0.0007147962831
latitude,181,46.378701,float,1,0.0007147962831
latitude,182,45.37591,float,1,0.0007147962831
latitude,183,45.345189,float,1,0.0007147962831
latitude,184,45.366782,float,1,0.0007147962831
latitude,185,46.223428,float,1,0.0007147962831
latitude,186,46.222432,float,1,0.0007147962831
latitude,187,46.219622,float,1,0.0007147962831
latitude,188,46.231566,float,1,0.0007147962831
latitude,189,46.12371,float,1,0.0007147962831
latitude,190,46.06163,float,1,0.0007147962831
latitude,191,46.06203,float,1,0.0007147962831
latitude,192,46.06119,float,1,0.0007147962831
latitude,193,46.05574,float,1,0.0007147962831
latitude,194,46.05157,float,1,0.0007147962831
latitude,195,46.05891,float,1,0.0007147962831
latitude,196,46.04713,float,1,0.0007147962831
latitude,197,46.1472,float,1,0.0007147962831
latitude,198,46.15595,float,1,0.0007147962831
latitude,199,46.150808,float,1,0.0007147962831
latitude,200,45.00917,float,1,0.0007147962831
latitude,201,45.7002,float,1,0.0007147962831
latitude,202,44.68143,float,1,0.0007147962831
latitude,203,46.01863,float,1,0.0007147962831
latitude,204,46.02076,float,1,0.0007147962831
latitude,205,46.01877,float,1,0.0007147962831
latitude,206,42.587941,float,1,0.0007147962831
latitude,207,39.80928761,float,1,0.0007147962831
latitude,208,38.38035345,float,1,0.0007147962831
latitude,209,42.455589,float,1,0.0007147962831
latitude,210,38.770177,float,1,0.0007147962831
latitude,211,43.28577,float,1,0.0007147962831
latitude,212,42.769431,float,1,0.0007147962831
latitude,213,38.38853471,float,1,0.0007147962831
latitude,214,43.187648,float,1,0.0007147962831
latitude,215,43.137245,float,1,0.0007147962831
latitude,216,43.424806,float,1,0.0007147962831
latitude,217,42.455979,float,1,0.0007147962831
latitude,218,42.930757,float,1,0.0007147962831
latitude,219,39.70497528,float,1,0.0007147962831
latitude,220,42.792992,float,1,0.0007147962831
latitude,221,43.444587,float,1,0.0007147962831
latitude,222,37.53989078,float,1,0.0007147962831
latitude,223,37.6082037,float,1,0.0007147962831
latitude,224,40.7175583,float,1,0.0007147962831
latitude,225,37.6867135,float,1,0.0007147962831
latitude,226,37.58994716,float,1,0.0007147962831
latitude,227,37.61656939,float,1,0.0007147962831
latitude,228,38.74237138,float,1,0.0007147962831
latitude,229,37.82466729,float,1,0.0007147962831
latitude,230,37.61551691,float,1,0.0007147962831
latitude,231,37.84722783,float,1,0.0007147962831
latitude,232,38.37739882,float,1,0.0007147962831
latitude,233,37.54317278,float,1,0.0007147962831
latitude,234,43.337309,float,1,0.0007147962831
latitude,235,42.56722,float,1,0.0007147962831
latitude,236,42.88780177,float,1,0.0007147962831
latitude,237,38.37658115,float,1,0.0007147962831
latitude,238,38.63919229,float,1,0.0007147962831
latitude,239,38.64346632,float,1,0.0007147962831
latitude,240,42.817285,float,1,0.0007147962831
latitude,241,42.808749,float,1,0.0007147962831
latitude,242,38.40954651,float,1,0.0007147962831
latitude,243,42.250813,float,1,0.0007147962831
latitude,244,43.026133,float,1,0.0007147962831
latitude,245,43.25032292,float,1,0.0007147962831
latitude,246,43.473629,float,1,0.0007147962831
latitude,247,43.523363,float,1,0.0007147962831
latitude,248,43.489375,float,1,0.0007147962831
latitude,249,38.25530611,float,1,0.0007147962831
latitude,250,42.385861,float,1,0.0007147962831
latitude,251,43.55140204,float,1,0.0007147962831
latitude,252,42.551531,float,1,0.0007147962831
latitude,253,43.147794,float,1,0.0007147962831
latitude,254,43.143913,float,1,0.0007147962831
latitude,255,42.41467,float,1,0.0007147962831
latitude,256,37.90215104,float,1,0.0007147962831
latitude,257,43.359767,float,1,0.0007147962831
latitude,258,38.81718902,float,1,0.0007147962831
latitude,259,37.63500856,float,1,0.0007147962831
latitude,260,37.69582718,float,1,0.0007147962831
latitude,261,37.95893796,float,1,0.0007147962831
latitude,262,42.71996123,float,1,0.0007147962831
latitude,263,42.534458,float,1,0.0007147962831
latitude,264,42.572454,float,1,0.0007147962831
latitude,265,42.782281,float,1,0.0007147962831
latitude,266,43.019984,float,1,0.0007147962831
latitude,267,43.028404,float,1,0.0007147962831
latitude,268,43.036072,float,1,0.0007147962831
latitude,269,43.025647,float,1,0.0007147962831
latitude,270,43.034238,float,1,0.0007147962831
latitude,271,43.023443,float,1,0.0007147962831
latitude,272,42.39786735,float,1,0.0007147962831
latitude,273,42.39853497,float,1,0.0007147962831
latitude,274,42.39639938,float,1,0.0007147962831
latitude,275,42.40234069,float,1,0.0007147962831
latitude,276,42.4029556,float,1,0.0007147962831
latitude,277,37.93552871,float,1,0.0007147962831
latitude,278,38.60604095,float,1,0.0007147962831
latitude,279,39.83148876,float,1,0.0007147962831
latitude,280,38.32523434,float,1,0.0007147962831
latitude,281,38.41563006,float,1,0.0007147962831
latitude,282,38.30581558,float,1,0.0007147962831
latitude,283,38.54842637,float,1,0.0007147962831
latitude,284,38.33386997,float,1,0.0007147962831
latitude,285,40.81562208,float,1,0.0007147962831
latitude,286,38.25320766,float,1,0.0007147962831
latitude,287,38.03289831,float,1,0.0007147962831
latitude,288,36.93229745,float,1,0.0007147962831
latitude,289,42.493513,float,1,0.0007147962831
latitude,290,38.42267476,float,1,0.0007147962831
latitude,291,37.9152865,float,1,0.0007147962831
latitude,292,37.04831911,float,1,0.0007147962831
latitude,293,37.36552808,float,1,0.0007147962831
latitude,294,38.00471301,float,1,0.0007147962831
latitude,295,42.688215,float,1,0.0007147962831
latitude,296,42.10923,float,1,0.0007147962831
latitude,297,42.58465,float,1,0.0007147962831
latitude,298,43.059666,float,1,0.0007147962831
latitude,299,42.52996221,float,1,0.0007147962831
latitude,300,42.50995074,float,1,0.0007147962831
latitude,301,38.32708502,float,1,0.0007147962831
latitude,302,42.439722,float,1,0.0007147962831
latitude,303,37.61503519,float,1,0.0007147962831
latitude,304,42.69839759,float,1,0.0007147962831
latitude,305,42.78627194,float,1,0.0007147962831
latitude,306,42.85145789,float,1,0.0007147962831
latitude,307,38.66933798,float,1,0.0007147962831
latitude,308,42.541842,float,1,0.0007147962831
latitude,309,42.549609,float,1,0.0007147962831
latitude,310,43.364638,float,1,0.0007147962831
latitude,311,42.891095,float,1,0.0007147962831
latitude,312,40.52705831,float,1,0.0007147962831
latitude,313,43.203938,float,1,0.0007147962831
latitude,314,42.84468253,float,1,0.0007147962831
latitude,315,37.77196159,float,1,0.0007147962831
latitude,316,42.89268,float,1,0.0007147962831
latitude,317,43.22747548,float,1,0.0007147962831
latitude,318,42.24882,float,1,0.0007147962831
latitude,319,43.175748,float,1,0.0007147962831
latitude,320,42.75495611,float,1,0.0007147962831
latitude,321,42.9651,float,1,0.0007147962831
latitude,322,42.969956,float,1,0.0007147962831
latitude,323,42.974329,float,1,0.0007147962831
latitude,324,43.127573,float,1,0.0007147962831
latitude,325,42.281831,float,1,0.0007147962831
latitude,326,43.276106,float,1,0.0007147962831
latitude,327,43.271021,float,1,0.0007147962831
latitude,328,38.40823539,float,1,0.0007147962831
latitude,329,37.59743527,float,1,0.0007147962831
latitude,330,38.58296146,float,1,0.0007147962831
latitude,331,42.656124,float,1,0.0007147962831
latitude,332,42.77369785,float,1,0.0007147962831
latitude,333,43.54639773,float,1,0.0007147962831
latitude,334,43.04589,float,1,0.0007147962831
latitude,335,38.42126628,float,1,0.0007147962831
latitude,336,42.744506,float,1,0.0007147962831
latitude,337,42.645041,float,1,0.0007147962831
latitude,338,43.03506,float,1,0.0007147962831
latitude,339,43.029604,float,1,0.0007147962831
latitude,340,38.37132984,float,1,0.0007147962831
latitude,341,42.76759,float,1,0.0007147962831
latitude,342,38.12040179,float,1,0.0007147962831
latitude,343,37.78241534,float,1,0.0007147962831
latitude,344,37.33702823,float,1,0.0007147962831
latitude,345,43.277882,float,1,0.0007147962831
latitude,346,40.58513,float,1,0.0007147962831
latitude,347,37.51221271,float,1,0.0007147962831
latitude,348,38.25890445,float,1,0.0007147962831
latitude,349,38.34777592,float,1,0.0007147962831
latitude,350,37.86631756,float,1,0.0007147962831
latitude,351,38.19168364,float,1,0.0007147962831
latitude,352,38.0233743,float,1,0.0007147962831
latitude,353,38.33011872,float,1,0.0007147962831
latitude,354,38.49075602,float,1,0.0007147962831
latitude,355,38.38935788,float,1,0.0007147962831
latitude,356,37.74445608,float,1,0.0007147962831
latitude,357,38.42919649,float,1,0.0007147962831
latitude,358,39.5023367,float,1,0.0007147962831
latitude,359,42.570297,float,1,0.0007147962831
latitude,360,43.1874306,float,1,0.0007147962831
latitude,361,42.652513,float,1,0.0007147962831
latitude,362,43.25583997,float,1,0.0007147962831
latitude,363,42.500821,float,1,0.0007147962831
latitude,364,42.433849,float,1,0.0007147962831
latitude,365,38.88410269,float,1,0.0007147962831
latitude,366,43.303133,float,1,0.0007147962831
latitude,367,38.74690711,float,1,0.0007147962831
latitude,368,38.55414094,float,1,0.0007147962831
latitude,369,43.48458266,float,1,0.0007147962831
latitude,370,38.28201657,float,1,0.0007147962831
latitude,371,38.05731622,float,1,0.0007147962831
latitude,372,42.321874,float,1,0.0007147962831
latitude,373,42.667622,float,1,0.0007147962831
latitude,374,42.328407,float,1,0.0007147962831
latitude,375,37.81226434,float,1,0.0007147962831
latitude,376,42.255556,float,1,0.0007147962831
latitude,377,42.480441,float,1,0.0007147962831
latitude,378,38.29755179,float,1,0.0007147962831
latitude,379,38.33904894,float,1,0.0007147962831
latitude,380,37.46227813,float,1,0.0007147962831
latitude,381,38.13800816,float,1,0.0007147962831
latitude,382,38.43076709,float,1,0.0007147962831
latitude,383,42.506399,float,1,0.0007147962831
latitude,384,42.649196,float,1,0.0007147962831
latitude,385,42.666101,float,1,0.0007147962831
latitude,386,42.636584,float,1,0.0007147962831
latitude,387,42.697321,float,1,0.0007147962831
latitude,388,42.24081,float,1,0.0007147962831
latitude,389,42.237656,float,1,0.0007147962831
latitude,390,42.785835,float,1,0.0007147962831
latitude,391,37.91682821,float,1,0.0007147962831
latitude,392,42.245249,float,1,0.0007147962831
latitude,393,37.88189495,float,1,0.0007147962831
latitude,394,38.23192951,float,1,0.0007147962831
latitude,395,43.1299,float,1,0.0007147962831
latitude,396,43.122773,float,1,0.0007147962831
latitude,397,43.123558,float,1,0.0007147962831
latitude,398,37.78827228,float,1,0.0007147962831
latitude,399,38.54992087,float,1,0.0007147962831
latitude,400,42.46790375,float,1,0.0007147962831
latitude,401,38.17113815,float,1,0.0007147962831
latitude,402,38.19058564,float,1,0.0007147962831
latitude,403,38.22485907,float,1,0.0007147962831
latitude,404,38.2363282,float,1,0.0007147962831
latitude,405,37.8422045,float,1,0.0007147962831
latitude,406,38.90292698,float,1,0.0007147962831
latitude,407,38.1001121,float,1,0.0007147962831
latitude,408,42.448522,float,1,0.0007147962831
latitude,409,37.62794056,float,1,0.0007147962831
latitude,410,38.22892347,float,1,0.0007147962831
latitude,411,37.98164667,float,1,0.0007147962831
latitude,412,42.409456,float,1,0.0007147962831
latitude,413,42.404725,float,1,0.0007147962831
latitude,414,38.57812384,float,1,0.0007147962831
latitude,415,38.37426398,float,1,0.0007147962831
latitude,416,38.61400244,float,1,0.0007147962831
latitude,417,42.5555517,float,1,0.0007147962831
latitude,418,42.451955,float,1,0.0007147962831
latitude,419,37.85630479,float,1,0.0007147962831
latitude,420,43.315115,float,1,0.0007147962831
latitude,421,43.311711,float,1,0.0007147962831
latitude,422,38.14685916,float,1,0.0007147962831
latitude,423,42.461708,float,1,0.0007147962831
latitude,424,38.8051128,float,1,0.0007147962831
latitude,425,42.7141919,float,1,0.0007147962831
latitude,426,42.772139,float,1,0.0007147962831
latitude,427,42.579683,float,1,0.0007147962831
latitude,428,42.569888,float,1,0.0007147962831
latitude,429,37.8819387,float,1,0.0007147962831
latitude,430,43.503115,float,1,0.0007147962831
latitude,431,42.447189,float,1,0.0007147962831
latitude,432,42.466982,float,1,0.0007147962831
latitude,433,38.37106981,float,1,0.0007147962831
latitude,434,43.351726,float,1,0.0007147962831
latitude,435,42.767247,float,1,0.0007147962831
latitude,436,42.613897,float,1,0.0007147962831
latitude,437,42.649237,float,1,0.0007147962831
latitude,438,42.742404,float,1,0.0007147962831
latitude,439,42.360782,float,1,0.0007147962831
latitude,440,38.72610389,float,1,0.0007147962831
latitude,441,42.487623,float,1,0.0007147962831
latitude,442,43.42387171,float,1,0.0007147962831
latitude,443,42.50950582,float,1,0.0007147962831
latitude,444,38.24486628,float,1,0.0007147962831
latitude,445,42.464683,float,1,0.0007147962831
latitude,446,38.22182674,float,1,0.0007147962831
latitude,447,43.53826004,float,1,0.0007147962831
latitude,448,42.695854,float,1,0.0007147962831
latitude,449,42.49963508,float,1,0.0007147962831
latitude,450,38.40478197,float,1,0.0007147962831
latitude,451,40.92752392,float,1,0.0007147962831
latitude,452,40.58644066,float,1,0.0007147962831
latitude,453,43.191422,float,1,0.0007147962831
latitude,454,43.1851336,float,1,0.0007147962831
latitude,455,43.164981,float,1,0.0007147962831
latitude,456,43.28598263,float,1,0.0007147962831
latitude,457,43.41390299,float,1,0.0007147962831
latitude,458,38.24638005,float,1,0.0007147962831
latitude,459,42.641296,float,1,0.0007147962831
latitude,460,42.415691,float,1,0.0007147962831
latitude,461,43.254151,float,1,0.0007147962831
latitude,462,38.12718959,float,1,0.0007147962831
latitude,463,38.35405627,float,1,0.0007147962831
latitude,464,38.28899455,float,1,0.0007147962831
latitude,465,43.05083,float,1,0.0007147962831
latitude,466,41.14748302,float,1,0.0007147962831
latitude,467,42.728349,float,1,0.0007147962831
latitude,468,38.34704078,float,1,0.0007147962831
latitude,469,42.587954,float,1,0.0007147962831
latitude,470,43.139214,float,1,0.0007147962831
latitude,471,43.02341913,float,1,0.0007147962831
latitude,472,43.076049,float,1,0.0007147962831
latitude,473,42.12365,float,1,0.0007147962831
latitude,474,43.274329,float,1,0.0007147962831
latitude,475,38.55849655,float,1,0.0007147962831
latitude,476,42.466133,float,1,0.0007147962831
latitude,477,38.64790148,float,1,0.0007147962831
latitude,478,42.70861,float,1,0.0007147962831
latitude,479,38.72558762,float,1,0.0007147962831
latitude,480,42.571448,float,1,0.0007147962831
latitude,481,43.329492,float,1,0.0007147962831
latitude,482,43.300691,float,1,0.0007147962831
latitude,483,43.307079,float,1,0.0007147962831
latitude,484,37.8453868,float,1,0.0007147962831
latitude,485,43.382872,float,1,0.0007147962831
latitude,486,43.389072,float,1,0.0007147962831
latitude,487,41.0013409,float,1,0.0007147962831
latitude,488,38.77686662,float,1,0.0007147962831
latitude,489,38.16978845,float,1,0.0007147962831
latitude,490,40.54020398,float,1,0.0007147962831
latitude,491,42.785404,float,1,0.0007147962831
latitude,492,37.27017742,float,1,0.0007147962831
latitude,493,37.61827285,float,1,0.0007147962831
latitude,494,37.7914656,float,1,0.0007147962831
latitude,495,43.35408141,float,1,0.0007147962831
latitude,496,42.355029,float,1,0.0007147962831
latitude,497,37.167656,float,1,0.0007147962831
latitude,498,40.24567301,float,1,0.0007147962831
latitude,499,38.14501878,float,1,0.0007147962831
latitude,500,43.21858537,float,1,0.0007147962831
latitude,501,42.511982,float,1,0.0007147962831
latitude,502,43.212434,float,1,0.0007147962831
latitude,503,37.86617539,float,1,0.0007147962831
latitude,504,38.21949903,float,1,0.0007147962831
latitude,505,38.75717683,float,1,0.0007147962831
latitude,506,43.018637,float,1,0.0007147962831
latitude,507,39.01230651,float,1,0.0007147962831
latitude,508,38.29069017,float,1,0.0007147962831
latitude,509,38.64228441,float,1,0.0007147962831
latitude,510,42.28235218,float,1,0.0007147962831
latitude,511,38.12717881,float,1,0.0007147962831
latitude,512,42.598516,float,1,0.0007147962831
latitude,513,43.07739,float,1,0.0007147962831
latitude,514,43.323334,float,1,0.0007147962831
latitude,515,37.56189619,float,1,0.0007147962831
latitude,516,43.239908,float,1,0.0007147962831
latitude,517,42.32887,float,1,0.0007147962831
latitude,518,42.58311,float,1,0.0007147962831
latitude,519,42.580209,float,1,0.0007147962831
latitude,520,38.14701494,float,1,0.0007147962831
latitude,521,42.700005,float,1,0.0007147962831
latitude,522,42.468836,float,1,0.0007147962831
latitude,523,42.291301,float,1,0.0007147962831
latitude,524,42.585197,float,1,0.0007147962831
latitude,525,38.55374099,float,1,0.0007147962831
latitude,526,43.071779,float,1,0.0007147962831
latitude,527,43.34725,float,1,0.0007147962831
latitude,528,42.442171,float,1,0.0007147962831
latitude,529,42.473679,float,1,0.0007147962831
latitude,530,38.73949196,float,1,0.0007147962831
latitude,531,43.351497,float,1,0.0007147962831
latitude,532,42.482916,float,1,0.0007147962831
latitude,533,42.233059,float,1,0.0007147962831
latitude,534,42.230177,float,1,0.0007147962831
latitude,535,42.800928,float,1,0.0007147962831
latitude,536,42.796606,float,1,0.0007147962831
latitude,537,42.800509,float,1,0.0007147962831
latitude,538,38.07884801,float,1,0.0007147962831
latitude,539,43.15226,float,1,0.0007147962831
latitude,540,43.338721,float,1,0.0007147962831
latitude,541,38.15378104,float,1,0.0007147962831
latitude,542,42.270529,float,1,0.0007147962831
latitude,543,42.630514,float,1,0.0007147962831
latitude,544,37.76491981,float,1,0.0007147962831
latitude,545,38.15598041,float,1,0.0007147962831
latitude,546,37.75281361,float,1,0.0007147962831
latitude,547,37.5749524,float,1,0.0007147962831
latitude,548,42.694997,float,1,0.0007147962831
latitude,549,38.19292738,float,1,0.0007147962831
latitude,550,38.30148131,float,1,0.0007147962831
latitude,551,38.7395357,float,1,0.0007147962831
latitude,552,38.13799154,float,1,0.0007147962831
latitude,553,43.295693,float,1,0.0007147962831
latitude,554,42.647829,float,1,0.0007147962831
latitude,555,38.50791545,float,1,0.0007147962831
latitude,556,43.3291,float,1,0.0007147962831
latitude,557,43.321252,float,1,0.0007147962831
latitude,558,42.400217,float,1,0.0007147962831
latitude,559,42.17442906,float,1,0.0007147962831
latitude,560,42.777847,float,1,0.0007147962831
latitude,561,38.97002695,float,1,0.0007147962831
latitude,562,38.33162443,float,1,0.0007147962831
latitude,563,37.51191118,float,1,0.0007147962831
latitude,564,38.23469858,float,1,0.0007147962831
latitude,565,42.466681,float,1,0.0007147962831
latitude,566,43.27946179,float,1,0.0007147962831
latitude,567,38.67107372,float,1,0.0007147962831
latitude,568,38.42553505,float,1,0.0007147962831
latitude,569,38.2921275,float,1,0.0007147962831
latitude,570,37.71833119,float,1,0.0007147962831
latitude,571,42.345102,float,1,0.0007147962831
latitude,572,43.184306,float,1,0.0007147962831
latitude,573,42.9619103,float,1,0.0007147962831
latitude,574,42.785947,float,1,0.0007147962831
latitude,575,42.20250611,float,1,0.0007147962831
latitude,576,37.78495938,float,1,0.0007147962831
latitude,577,42.474926,float,1,0.0007147962831
latitude,578,38.34758658,float,1,0.0007147962831
latitude,579,38.63461989,float,1,0.0007147962831
latitude,580,37.68835401,float,1,0.0007147962831
latitude,581,43.287769,float,1,0.0007147962831
latitude,582,38.20118577,float,1,0.0007147962831
latitude,583,38.26331517,float,1,0.0007147962831
latitude,584,42.41317,float,1,0.0007147962831
latitude,585,42.344753,float,1,0.0007147962831
latitude,586,42.641016,float,1,0.0007147962831
latitude,587,38.8129877,float,1,0.0007147962831
latitude,588,42.986524,float,1,0.0007147962831
latitude,589,37.70942825,float,1,0.0007147962831
latitude,590,37.9393854,float,1,0.0007147962831
latitude,591,42.40685074,float,1,0.0007147962831
latitude,592,43.243693,float,1,0.0007147962831
latitude,593,43.56532899,float,1,0.0007147962831
latitude,594,43.02386,float,1,0.0007147962831
latitude,595,43.021935,float,1,0.0007147962831
latitude,596,42.478356,float,1,0.0007147962831
latitude,597,42.251258,float,1,0.0007147962831
latitude,598,43.22968462,float,1,0.0007147962831
latitude,599,38.20890437,float,1,0.0007147962831
latitude,600,42.722711,float,1,0.0007147962831
latitude,601,43.358364,float,1,0.0007147962831
latitude,602,42.633493,float,1,0.0007147962831
latitude,603,38.81817985,float,1,0.0007147962831
latitude,604,42.712221,float,1,0.0007147962831
latitude,605,42.712631,float,1,0.0007147962831
latitude,606,43.136053,float,1,0.0007147962831
latitude,607,43.166569,float,1,0.0007147962831
latitude,608,43.168922,float,1,0.0007147962831
latitude,609,42.743986,float,1,0.0007147962831
latitude,610,42.639734,float,1,0.0007147962831
latitude,611,42.227116,float,1,0.0007147962831
latitude,612,42.299566,float,1,0.0007147962831
latitude,613,42.45954964,float,1,0.0007147962831
latitude,614,42.669059,float,1,0.0007147962831
latitude,615,42.44679,float,1,0.0007147962831
latitude,616,38.86578022,float,1,0.0007147962831
latitude,617,38.28298501,float,1,0.0007147962831
latitude,618,38.64093214,float,1,0.0007147962831
latitude,619,42.816687,float,1,0.0007147962831
latitude,620,38.22311594,float,1,0.0007147962831
latitude,621,38.3460133,float,1,0.0007147962831
latitude,622,42.19946187,float,1,0.0007147962831
latitude,623,38.25032907,float,1,0.0007147962831
latitude,624,42.709842,float,1,0.0007147962831
latitude,625,38.52680156,float,1,0.0007147962831
latitude,626,42.35597,float,1,0.0007147962831
latitude,627,42.685658,float,1,0.0007147962831
latitude,628,38.55966676,float,1,0.0007147962831
latitude,629,38.48581222,float,1,0.0007147962831
latitude,630,42.575444,float,1,0.0007147962831
latitude,631,42.659876,float,1,0.0007147962831
latitude,632,42.724353,float,1,0.0007147962831
latitude,633,42.705133,float,1,0.0007147962831
latitude,634,43.174814,float,1,0.0007147962831
latitude,635,42.642246,float,1,0.0007147962831
latitude,636,42.536312,float,1,0.0007147962831
latitude,637,43.29674687,float,1,0.0007147962831
latitude,638,42.835042,float,1,0.0007147962831
latitude,639,42.792581,float,1,0.0007147962831
latitude,640,38.35721971,float,1,0.0007147962831
latitude,641,38.76036878,float,1,0.0007147962831
latitude,642,43.452082,float,1,0.0007147962831
latitude,643,38.1488196,float,1,0.0007147962831
latitude,644,38.42936535,float,1,0.0007147962831
latitude,645,38.13799491,float,1,0.0007147962831
latitude,646,42.326311,float,1,0.0007147962831
latitude,647,42.415444,float,1,0.0007147962831
latitude,648,37.63308229,float,1,0.0007147962831
latitude,649,42.715937,float,1,0.0007147962831
latitude,650,42.336879,float,1,0.0007147962831
latitude,651,42.619721,float,1,0.0007147962831
latitude,652,42.63545,float,1,0.0007147962831
latitude,653,42.522252,float,1,0.0007147962831
latitude,654,42.239704,float,1,0.0007147962831
latitude,655,42.717953,float,1,0.0007147962831
latitude,656,42.608387,float,1,0.0007147962831
latitude,657,40.56572807,float,1,0.0007147962831
latitude,658,42.321607,float,1,0.0007147962831
latitude,659,38.0863122,float,1,0.0007147962831
latitude,660,38.61094749,float,1,0.0007147962831
latitude,661,38.27643785,float,1,0.0007147962831
latitude,662,38.35777354,float,1,0.0007147962831
latitude,663,38.18103892,float,1,0.0007147962831
latitude,664,42.471098,float,1,0.0007147962831
latitude,665,42.44272,float,1,0.0007147962831
latitude,666,38.46864925,float,1,0.0007147962831
latitude,667,38.13938667,float,1,0.0007147962831
latitude,668,38.31201215,float,1,0.0007147962831
latitude,669,42.431208,float,1,0.0007147962831
latitude,670,42.318736,float,1,0.0007147962831
latitude,671,42.31273,float,1,0.0007147962831
latitude,672,42.23208,float,1,0.0007147962831
latitude,673,42.98355,float,1,0.0007147962831
latitude,674,42.233705,float,1,0.0007147962831
latitude,675,38.19025394,float,1,0.0007147962831
latitude,676,38.1725365,float,1,0.0007147962831
latitude,677,38.21042193,float,1,0.0007147962831
latitude,678,42.66691589,float,1,0.0007147962831
latitude,679,42.244728,float,1,0.0007147962831
latitude,680,38.48355401,float,1,0.0007147962831
latitude,681,42.659775,float,1,0.0007147962831
latitude,682,42.06865661,float,1,0.0007147962831
latitude,683,41.7122223,float,1,0.0007147962831
latitude,684,42.45472777,float,1,0.0007147962831
latitude,685,37.85063496,float,1,0.0007147962831
latitude,686,38.71271398,float,1,0.0007147962831
latitude,687,42.467212,float,1,0.0007147962831
latitude,688,42.58889496,float,1,0.0007147962831
latitude,689,42.25859447,float,1,0.0007147962831
latitude,690,42.58754942,float,1,0.0007147962831
latitude,691,42.59127997,float,1,0.0007147962831
latitude,692,42.57455126,float,1,0.0007147962831
latitude,693,43.135688,float,1,0.0007147962831
latitude,694,37.59847407,float,1,0.0007147962831
latitude,695,42.452409,float,1,0.0007147962831
latitude,696,42.536257,float,1,0.0007147962831
latitude,697,42.446163,float,1,0.0007147962831
latitude,698,38.18640885,float,1,0.0007147962831
latitude,699,43.34467329,float,1,0.0007147962831
latitude,700,43.332594,float,1,0.0007147962831
latitude,701,42.752509,float,1,0.0007147962831
latitude,702,37.93227464,float,1,0.0007147962831
latitude,703,38.24348353,float,1,0.0007147962831
latitude,704,37.94697837,float,1,0.0007147962831
latitude,705,38.06333387,float,1,0.0007147962831
latitude,706,38.77056956,float,1,0.0007147962831
latitude,707,43.54630608,float,1,0.0007147962831
latitude,708,43.28296659,float,1,0.0007147962831
latitude,709,43.544684,float,1,0.0007147962831
latitude,710,42.676812,float,1,0.0007147962831
latitude,711,43.227798,float,1,0.0007147962831
latitude,712,43.27436828,float,1,0.0007147962831
latitude,713,42.564687,float,1,0.0007147962831
latitude,714,37.78028111,float,1,0.0007147962831
latitude,715,43.28233686,float,1,0.0007147962831
latitude,716,38.35381938,float,1,0.0007147962831
latitude,717,42.395616,float,1,0.0007147962831
latitude,718,42.3914,float,1,0.0007147962831
latitude,719,43.127027,float,1,0.0007147962831
latitude,720,42.728424,float,1,0.0007147962831
latitude,721,42.727809,float,1,0.0007147962831
latitude,722,42.26144846,float,1,0.0007147962831
latitude,723,41.39711223,float,1,0.0007147962831
latitude,724,38.38756294,float,1,0.0007147962831
latitude,725,38.33311948,float,1,0.0007147962831
latitude,726,43.170378,float,1,0.0007147962831
latitude,727,39.66120691,float,1,0.0007147962831
latitude,728,41.09139712,float,1,0.0007147962831
latitude,729,38.17333312,float,1,0.0007147962831
latitude,730,38.17364508,float,1,0.0007147962831
latitude,731,38.18870872,float,1,0.0007147962831
latitude,732,38.40152014,float,1,0.0007147962831
latitude,733,43.411108,float,1,0.0007147962831
latitude,734,38.73107427,float,1,0.0007147962831
latitude,735,42.417614,float,1,0.0007147962831
latitude,736,42.12705731,float,1,0.0007147962831
latitude,737,42.894529,float,1,0.0007147962831
latitude,738,42.538629,float,1,0.0007147962831
latitude,739,42.248576,float,1,0.0007147962831
latitude,740,38.99863371,float,1,0.0007147962831
latitude,741,41.977349,float,1,0.0007147962831
latitude,742,42.450154,float,1,0.0007147962831
latitude,743,42.406806,float,1,0.0007147962831
latitude,744,41.93215209,float,1,0.0007147962831
latitude,745,42.67972855,float,1,0.0007147962831
latitude,746,42.818039,float,1,0.0007147962831
latitude,747,42.82601,float,1,0.0007147962831
latitude,748,42.831397,float,1,0.0007147962831
latitude,749,42.45515087,float,1,0.0007147962831
latitude,750,42.44166,float,1,0.0007147962831
latitude,751,42.321773,float,1,0.0007147962831
latitude,752,37.59275974,float,1,0.0007147962831
latitude,753,42.319017,float,1,0.0007147962831
latitude,754,42.403314,float,1,0.0007147962831
latitude,755,43.275744,float,1,0.0007147962831
latitude,756,37.72636262,float,1,0.0007147962831
latitude,757,43.305517,float,1,0.0007147962831
latitude,758,37.81633143,float,1,0.0007147962831
latitude,759,38.59019713,float,1,0.0007147962831
latitude,760,43.03245,float,1,0.0007147962831
latitude,761,43.030147,float,1,0.0007147962831
latitude,762,42.771567,float,1,0.0007147962831
latitude,763,42.93931416,float,1,0.0007147962831
latitude,764,42.48761236,float,1,0.0007147962831
latitude,765,42.941415,float,1,0.0007147962831
latitude,766,43.04762024,float,1,0.0007147962831
latitude,767,43.334402,float,1,0.0007147962831
latitude,768,43.14574,float,1,0.0007147962831
latitude,769,38.30752585,float,1,0.0007147962831
latitude,770,42.213924,float,1,0.0007147962831
latitude,771,38.55222117,float,1,0.0007147962831
latitude,772,43.278892,float,1,0.0007147962831
latitude,773,43.523936,float,1,0.0007147962831
latitude,774,43.51915,float,1,0.0007147962831
latitude,775,38.78694566,float,1,0.0007147962831
latitude,776,38.07288219,float,1,0.0007147962831
latitude,777,43.299026,float,1,0.0007147962831
latitude,778,43.30737,float,1,0.0007147962831
latitude,779,37.38210676,float,1,0.0007147962831
latitude,780,42.956742,float,1,0.0007147962831
latitude,781,42.429687,float,1,0.0007147962831
latitude,782,39.43399889,float,1,0.0007147962831
latitude,783,43.552034,float,1,0.0007147962831
latitude,784,42.655199,float,1,0.0007147962831
latitude,785,37.74899062,float,1,0.0007147962831
latitude,786,43.30639,float,1,0.0007147962831
latitude,787,43.303328,float,1,0.0007147962831
latitude,788,43.251669,float,1,0.0007147962831
latitude,789,42.958655,float,1,0.0007147962831
latitude,790,38.1045283,float,1,0.0007147962831
latitude,791,42.68028535,float,1,0.0007147962831
latitude,792,43.01289316,float,1,0.0007147962831
latitude,793,38.434231,float,1,0.0007147962831
latitude,794,38.10237861,float,1,0.0007147962831
latitude,795,42.654675,float,1,0.0007147962831
latitude,796,42.258443,float,1,0.0007147962831
latitude,797,42.708339,float,1,0.0007147962831
latitude,798,42.464868,float,1,0.0007147962831
latitude,799,42.468354,float,1,0.0007147962831
latitude,800,42.493191,float,1,0.0007147962831
latitude,801,42.31546244,float,1,0.0007147962831
latitude,802,37.58690171,float,1,0.0007147962831
latitude,803,42.49160118,float,1,0.0007147962831
latitude,804,42.57461492,float,1,0.0007147962831
latitude,805,43.364735,float,1,0.0007147962831
latitude,806,43.272862,float,1,0.0007147962831
latitude,807,43.17868934,float,1,0.0007147962831
latitude,808,38.12484797,float,1,0.0007147962831
latitude,809,42.28048116,float,1,0.0007147962831
latitude,810,38.73261216,float,1,0.0007147962831
latitude,811,38.57153808,float,1,0.0007147962831
latitude,812,38.80475582,float,1,0.0007147962831
latitude,813,42.794298,float,1,0.0007147962831
latitude,814,38.75419376,float,1,0.0007147962831
latitude,815,41.1642222,float,1,0.0007147962831
latitude,816,42.79674039,float,1,0.0007147962831
latitude,817,43.360851,float,1,0.0007147962831
latitude,818,42.760872,float,1,0.0007147962831
latitude,819,43.3381496,float,1,0.0007147962831
latitude,820,38.39966628,float,1,0.0007147962831
latitude,821,43.54512753,float,1,0.0007147962831
latitude,822,42.693059,float,1,0.0007147962831
latitude,823,41.94498984,float,1,0.0007147962831
latitude,824,42.72148236,float,1,0.0007147962831
latitude,825,42.659737,float,1,0.0007147962831
latitude,826,42.42398053,float,1,0.0007147962831
latitude,827,42.42423498,float,1,0.0007147962831
latitude,828,42.4087844,float,1,0.0007147962831
latitude,829,42.42003568,float,1,0.0007147962831
latitude,830,43.019741,float,1,0.0007147962831
latitude,831,41.14724628,float,1,0.0007147962831
latitude,832,37.45968507,float,1,0.0007147962831
latitude,833,37.51837238,float,1,0.0007147962831
latitude,834,42.983977,float,1,0.0007147962831
latitude,835,36.54648941,float,1,0.0007147962831
latitude,836,43.505363,float,1,0.0007147962831
latitude,837,43.24168094,float,1,0.0007147962831
latitude,838,42.912341,float,1,0.0007147962831
latitude,839,42.920038,float,1,0.0007147962831
latitude,840,42.33500258,float,1,0.0007147962831
latitude,841,42.33438157,float,1,0.0007147962831
latitude,842,42.33620392,float,1,0.0007147962831
latitude,843,42.34235037,float,1,0.0007147962831
latitude,844,42.35531073,float,1,0.0007147962831
latitude,845,42.39152656,float,1,0.0007147962831
latitude,846,42.34630418,float,1,0.0007147962831
latitude,847,42.34639828,float,1,0.0007147962831
latitude,848,42.33757264,float,1,0.0007147962831
latitude,849,42.35027844,float,1,0.0007147962831
latitude,850,42.36069607,float,1,0.0007147962831
latitude,851,42.35842534,float,1,0.0007147962831
latitude,852,42.36546279,float,1,0.0007147962831
latitude,853,42.3652755,float,1,0.0007147962831
latitude,854,42.37245524,float,1,0.0007147962831
latitude,855,42.35862622,float,1,0.0007147962831
latitude,856,42.37621587,float,1,0.0007147962831
latitude,857,42.37762908,float,1,0.0007147962831
latitude,858,42.38355,float,1,0.0007147962831
latitude,859,42.38926663,float,1,0.0007147962831
latitude,860,42.35630258,float,1,0.0007147962831
latitude,861,42.3464626,float,1,0.0007147962831
latitude,862,37.38280435,float,1,0.0007147962831
latitude,863,37.41254183,float,1,0.0007147962831
latitude,864,43.0238595,float,1,0.0007147962831
latitude,865,42.51563994,float,1,0.0007147962831
latitude,866,42.48156271,float,1,0.0007147962831
latitude,867,42.46589856,float,1,0.0007147962831
latitude,868,42.49378906,float,1,0.0007147962831
latitude,869,42.47522794,float,1,0.0007147962831
latitude,870,42.539504,float,1,0.0007147962831
latitude,871,42.548857,float,1,0.0007147962831
latitude,872,42.647318,float,1,0.0007147962831
latitude,873,42.659236,float,1,0.0007147962831
latitude,874,42.664408,float,1,0.0007147962831
latitude,875,42.656215,float,1,0.0007147962831
latitude,876,42.652669,float,1,0.0007147962831
latitude,877,42.33013178,float,1,0.0007147962831
latitude,878,42.32493061,float,1,0.0007147962831
latitude,879,42.33061473,float,1,0.0007147962831
latitude,880,42.49748585,float,1,0.0007147962831
latitude,881,42.31041778,float,1,0.0007147962831
latitude,882,42.0885725,float,1,0.0007147962831
latitude,883,42.07405709,float,1,0.0007147962831
latitude,884,42.07462164,float,1,0.0007147962831
latitude,885,42.08003087,float,1,0.0007147962831
latitude,886,42.08902083,float,1,0.0007147962831
latitude,887,42.08956293,float,1,0.0007147962831
latitude,888,42.888246,float,1,0.0007147962831
latitude,889,42.87026019,float,1,0.0007147962831
latitude,890,42.8993839,float,1,0.0007147962831
latitude,891,42.87565687,float,1,0.0007147962831
latitude,892,42.90055588,float,1,0.0007147962831
latitude,893,42.50483568,float,1,0.0007147962831
latitude,894,42.50527917,float,1,0.0007147962831
latitude,895,42.51443574,float,1,0.0007147962831
latitude,896,42.50286336,float,1,0.0007147962831
latitude,897,42.469031,float,1,0.0007147962831
latitude,898,42.44669072,float,1,0.0007147962831
latitude,899,42.41558576,float,1,0.0007147962831
latitude,900,42.47086192,float,1,0.0007147962831
latitude,901,42.4285339,float,1,0.0007147962831
latitude,902,42.42564393,float,1,0.0007147962831
latitude,903,42.41583965,float,1,0.0007147962831
latitude,904,42.43778615,float,1,0.0007147962831
latitude,905,42.41670161,float,1,0.0007147962831
latitude,906,42.42577595,float,1,0.0007147962831
latitude,907,42.42277251,float,1,0.0007147962831
latitude,908,42.41011596,float,1,0.0007147962831
latitude,909,42.42107013,float,1,0.0007147962831
latitude,910,42.4207417,float,1,0.0007147962831
latitude,911,42.3977,float,1,0.0007147962831
latitude,912,42.40189885,float,1,0.0007147962831
latitude,913,42.41771234,float,1,0.0007147962831
latitude,914,42.41555394,float,1,0.0007147962831
latitude,915,42.38728903,float,1,0.0007147962831
latitude,916,42.39106584,float,1,0.0007147962831
latitude,917,42.387062,float,1,0.0007147962831
latitude,918,42.39332556,float,1,0.0007147962831
latitude,919,42.38591481,float,1,0.0007147962831
latitude,920,42.39108403,float,1,0.0007147962831
latitude,921,42.45877481,float,1,0.0007147962831
latitude,922,42.46905787,float,1,0.0007147962831
latitude,923,42.4657579,float,1,0.0007147962831
latitude,924,42.46408339,float,1,0.0007147962831
latitude,925,42.44740344,float,1,0.0007147962831
latitude,926,42.73659,float,1,0.0007147962831
latitude,927,42.452458,float,1,0.0007147962831
latitude,928,42.42551,float,1,0.0007147962831
latitude,929,43.132623,float,1,0.0007147962831
latitude,930,38.40653916,float,1,0.0007147962831
latitude,931,43.46762,float,1,0.0007147962831
latitude,932,43.07394556,float,1,0.0007147962831
latitude,933,43.019944,float,1,0.0007147962831
latitude,934,37.70395454,float,1,0.0007147962831
latitude,935,38.00140764,float,1,0.0007147962831
latitude,936,42.49037963,float,1,0.0007147962831
latitude,937,42.51070985,float,1,0.0007147962831
latitude,938,42.48959611,float,1,0.0007147962831
latitude,939,43.185507,float,1,0.0007147962831
latitude,940,43.187871,float,1,0.0007147962831
latitude,941,42.35774763,float,1,0.0007147962831
latitude,942,43.024431,float,1,0.0007147962831
latitude,943,38.61136908,float,1,0.0007147962831
latitude,944,41.936641,float,1,0.0007147962831
latitude,945,38.25469231,float,1,0.0007147962831
latitude,946,43.233056,float,1,0.0007147962831
latitude,947,38.194676,float,1,0.0007147962831
latitude,948,42.864137,float,1,0.0007147962831
latitude,949,38.20611661,float,1,0.0007147962831
latitude,950,42.379346,float,1,0.0007147962831
latitude,951,43.037832,float,1,0.0007147962831
latitude,952,43.043902,float,1,0.0007147962831
latitude,953,42.462386,float,1,0.0007147962831
latitude,954,37.76166281,float,1,0.0007147962831
latitude,955,43.160535,float,1,0.0007147962831
latitude,956,43.15551657,float,1,0.0007147962831
latitude,957,38.31734513,float,1,0.0007147962831
latitude,958,38.60866219,float,1,0.0007147962831
latitude,959,38.63107476,float,1,0.0007147962831
latitude,960,37.76090411,float,1,0.0007147962831
latitude,961,37.88889274,float,1,0.0007147962831
latitude,962,43.1619,float,1,0.0007147962831
latitude,963,43.155428,float,1,0.0007147962831
latitude,964,43.150385,float,1,0.0007147962831
latitude,965,37.7656253,float,1,0.0007147962831
latitude,966,38.81444168,float,1,0.0007147962831
latitude,967,38.23007674,float,1,0.0007147962831
latitude,968,38.14071256,float,1,0.0007147962831
latitude,969,43.08236207,float,1,0.0007147962831
latitude,970,38.47973262,float,1,0.0007147962831
latitude,971,37.79711712,float,1,0.0007147962831
latitude,972,42.15007978,float,1,0.0007147962831
latitude,973,42.40592937,float,1,0.0007147962831
latitude,974,38.36202602,float,1,0.0007147962831
latitude,975,38.63618847,float,1,0.0007147962831
latitude,976,38.25275026,float,1,0.0007147962831
latitude,977,39.46444104,float,1,0.0007147962831
latitude,978,39.44798919,float,1,0.0007147962831
latitude,979,43.33530236,float,1,0.0007147962831
latitude,980,38.65859293,float,1,0.0007147962831
latitude,981,42.261214,float,1,0.0007147962831
latitude,982,38.21283336,float,1,0.0007147962831
latitude,983,37.58143387,float,1,0.0007147962831
latitude,984,43.44273877,float,1,0.0007147962831
latitude,985,42.753376,float,1,0.0007147962831
latitude,986,37.284267,float,1,0.0007147962831
latitude,987,43.326523,float,1,0.0007147962831
latitude,988,37.6100851,float,1,0.0007147962831
latitude,989,36.8985174,float,1,0.0007147962831
latitude,990,42.48691543,float,1,0.0007147962831
latitude,991,38.1201223,float,1,0.0007147962831
latitude,992,37.67790242,float,1,0.0007147962831
latitude,993,38.55722606,float,1,0.0007147962831
latitude,994,38.70634005,float,1,0.0007147962831
latitude,995,38.62342098,float,1,0.0007147962831
latitude,996,41.3386581,float,1,0.0007147962831
latitude,997,43.4239372,float,1,0.0007147962831
latitude,998,38.24841405,float,1,0.0007147962831
latitude,999,37.59924828,float,1,0.0007147962831
latitude,1000,42.928925,float,1,0.0007147962831
latitude,1001,42.411092,float,1,0.0007147962831
latitude,1002,37.88711175,float,1,0.0007147962831
latitude,1003,37.6918097,float,1,0.0007147962831
latitude,1004,37.966594,float,1,0.0007147962831
latitude,1005,42.82646182,float,1,0.0007147962831
latitude,1006,42.767762,float,1,0.0007147962831
latitude,1007,38.7354855,float,1,0.0007147962831
latitude,1008,42.746624,float,1,0.0007147962831
latitude,1009,43.335137,float,1,0.0007147962831
latitude,1010,42.32206444,float,1,0.0007147962831
latitude,1011,37.59532133,float,1,0.0007147962831
latitude,1012,37.63686541,float,1,0.0007147962831
latitude,1013,43.195529,float,1,0.0007147962831
latitude,1014,42.56036946,float,1,0.0007147962831
latitude,1015,38.39556253,float,1,0.0007147962831
latitude,1016,39.26142036,float,1,0.0007147962831
latitude,1017,38.00802774,float,1,0.0007147962831
latitude,1018,43.500359,float,1,0.0007147962831
latitude,1019,37.4937306,float,1,0.0007147962831
latitude,1020,38.25936781,float,1,0.0007147962831
latitude,1021,38.77003716,float,1,0.0007147962831
latitude,1022,42.57688563,float,1,0.0007147962831
latitude,1023,42.57243,float,1,0.0007147962831
latitude,1024,43.3592414,float,1,0.0007147962831
latitude,1025,42.62123865,float,1,0.0007147962831
latitude,1026,43.070722,float,1,0.0007147962831
latitude,1027,43.07378,float,1,0.0007147962831
latitude,1028,43.0719,float,1,0.0007147962831
latitude,1029,43.074788,float,1,0.0007147962831
latitude,1030,42.39773248,float,1,0.0007147962831
latitude,1031,42.329438,float,1,0.0007147962831
latitude,1032,42.421567,float,1,0.0007147962831
latitude,1033,42.412513,float,1,0.0007147962831
latitude,1034,42.416699,float,1,0.0007147962831
latitude,1035,42.410552,float,1,0.0007147962831
latitude,1036,42.41252,float,1,0.0007147962831
latitude,1037,42.412096,float,1,0.0007147962831
latitude,1038,41.72724956,float,1,0.0007147962831
latitude,1039,42.420787,float,1,0.0007147962831
latitude,1040,42.426872,float,1,0.0007147962831
latitude,1041,38.79788627,float,1,0.0007147962831
latitude,1042,38.18033163,float,1,0.0007147962831
latitude,1043,42.411357,float,1,0.0007147962831
latitude,1044,42.41182,float,1,0.0007147962831
latitude,1045,42.41482,float,1,0.0007147962831
latitude,1046,42.625082,float,1,0.0007147962831
latitude,1047,42.31479,float,1,0.0007147962831
latitude,1048,42.300943,float,1,0.0007147962831
latitude,1049,42.41024,float,1,0.0007147962831
latitude,1050,42.415773,float,1,0.0007147962831
latitude,1051,42.723848,float,1,0.0007147962831
latitude,1052,42.469503,float,1,0.0007147962831
latitude,1053,42.68365,float,1,0.0007147962831
latitude,1054,43.343283,float,1,0.0007147962831
latitude,1055,42.689483,float,1,0.0007147962831
latitude,1056,42.780307,float,1,0.0007147962831
latitude,1057,42.878973,float,1,0.0007147962831
latitude,1058,42.783425,float,1,0.0007147962831
latitude,1059,42.787068,float,1,0.0007147962831
latitude,1060,42.780269,float,1,0.0007147962831
latitude,1061,43.134684,float,1,0.0007147962831
latitude,1062,38.22887108,float,1,0.0007147962831
latitude,1063,42.792414,float,1,0.0007147962831
latitude,1064,42.514959,float,1,0.0007147962831
latitude,1065,43.437173,float,1,0.0007147962831
latitude,1066,43.42976,float,1,0.0007147962831
latitude,1067,43.429956,float,1,0.0007147962831
latitude,1068,42.529108,float,1,0.0007147962831
latitude,1069,43.140756,float,1,0.0007147962831
latitude,1070,43.440778,float,1,0.0007147962831
latitude,1071,43.428684,float,1,0.0007147962831
latitude,1072,42.68746016,float,1,0.0007147962831
latitude,1073,43.134716,float,1,0.0007147962831
latitude,1074,42.3274,float,1,0.0007147962831
latitude,1075,43.056568,float,1,0.0007147962831
latitude,1076,38.32729724,float,1,0.0007147962831
latitude,1077,38.18036786,float,1,0.0007147962831
latitude,1078,38.01206989,float,1,0.0007147962831
latitude,1079,43.493108,float,1,0.0007147962831
latitude,1080,42.967585,float,1,0.0007147962831
latitude,1081,38.84343458,float,1,0.0007147962831
latitude,1082,42.908301,float,1,0.0007147962831
latitude,1083,42.562331,float,1,0.0007147962831
latitude,1084,42.88452,float,1,0.0007147962831
latitude,1085,42.23952955,float,1,0.0007147962831
latitude,1086,42.23965186,float,1,0.0007147962831
latitude,1087,42.255197,float,1,0.0007147962831
latitude,1088,43.023638,float,1,0.0007147962831
latitude,1089,42.245763,float,1,0.0007147962831
latitude,1090,42.91185895,float,1,0.0007147962831
latitude,1091,42.575839,float,1,0.0007147962831
latitude,1092,43.19056,float,1,0.0007147962831
latitude,1093,43.315988,float,1,0.0007147962831
latitude,1094,43.161779,float,1,0.0007147962831
latitude,1095,43.169452,float,1,0.0007147962831
latitude,1096,37.7009372,float,1,0.0007147962831
latitude,1097,37.57990684,float,1,0.0007147962831
latitude,1098,42.710794,float,1,0.0007147962831
latitude,1099,43.392984,float,1,0.0007147962831
latitude,1100,46.136611,float,1,0.0007147962831
latitude,1101,38.076393,float,1,0.0007147962831
latitude,1102,53.300979,float,1,0.0007147962831
latitude,1103,53.063824,float,1,0.0007147962831
latitude,1104,51.297408,float,1,0.0007147962831
latitude,1105,51.2755,float,1,0.0007147962831
latitude,1106,52.0446,float,1,0.0007147962831
latitude,1107,52.781339,float,1,0.0007147962831
latitude,1108,51.59885,float,1,0.0007147962831
latitude,1109,53.082081,float,1,0.0007147962831
latitude,1110,53.382222,float,1,0.0007147962831
latitude,1111,51.294342,float,1,0.0007147962831
latitude,1112,53.08,float,1,0.0007147962831
latitude,1113,37.71323,float,1,0.0007147962831
latitude,1114,43.340336,float,1,0.0007147962831
latitude,1115,42.455122,float,1,0.0007147962831
latitude,1116,36.604604,float,1,0.0007147962831
latitude,1117,46.30215948,float,1,0.0007147962831
latitude,1118,46.30921353,float,1,0.0007147962831
latitude,1119,46.29373354,float,1,0.0007147962831
latitude,1120,46.2925,float,1,0.0007147962831
latitude,1121,46.312349,float,1,0.0007147962831
latitude,1122,46.295881,float,1,0.0007147962831
latitude,1123,42.7182,float,1,0.0007147962831
latitude,1124,42.407902,float,1,0.0007147962831
latitude,1125,52.494794,float,1,0.0007147962831
latitude,1126,44.151482,float,1,0.0007147962831
latitude,1127,44.59369,float,1,0.0007147962831
latitude,1128,44.34798,float,1,0.0007147962831
latitude,1129,44.35053,float,1,0.0007147962831
latitude,1130,44.28947,float,1,0.0007147962831
latitude,1131,44.20587,float,1,0.0007147962831
latitude,1132,44.11792,float,1,0.0007147962831
latitude,1133,44.10525,float,1,0.0007147962831
latitude,1134,44.02309,float,1,0.0007147962831
latitude,1135,43.95393,float,1,0.0007147962831
latitude,1136,43.42216,float,1,0.0007147962831
latitude,1137,46.09681,float,1,0.0007147962831
latitude,1138,45.25005,float,1,0.0007147962831
latitude,1139,45.27957,float,1,0.0007147962831
latitude,1140,45.55329,float,1,0.0007147962831
latitude,1141,44.26325,float,1,0.0007147962831
latitude,1142,44.19491,float,1,0.0007147962831
latitude,1143,43.98969,float,1,0.0007147962831
latitude,1144,44.44883,float,1,0.0007147962831
latitude,1145,44.10587,float,1,0.0007147962831
latitude,1146,44.15223,float,1,0.0007147962831
latitude,1147,44.11658,float,1,0.0007147962831
latitude,1148,44.08758,float,1,0.0007147962831
latitude,1149,43.48238,float,1,0.0007147962831
latitude,1150,42.945,float,1,0.0007147962831
latitude,1151,43.06437,float,1,0.0007147962831
latitude,1152,40.94657,float,1,0.0007147962831
latitude,1153,39.72765,float,1,0.0007147962831
latitude,1154,41.00562,float,1,0.0007147962831
latitude,1155,39.65837,float,1,0.0007147962831
latitude,1156,37.44929,float,1,0.0007147962831
latitude,1157,39.52705,float,1,0.0007147962831
latitude,1158,53.23917,float,1,0.0007147962831
latitude,1159,47.39836,float,1,0.0007147962831
latitude,1160,34.60223,float,1,0.0007147962831
latitude,1161,35.81468,float,1,0.0007147962831
latitude,1162,36.33523,float,1,0.0007147962831
latitude,1163,36.90422,float,1,0.0007147962831
latitude,1164,25.17463,float,1,0.0007147962831
latitude,1165,41.78303,float,1,0.0007147962831
latitude,1166,42.98706,float,1,0.0007147962831
latitude,1167,42.93282,float,1,0.0007147962831
latitude,1168,44.45077,float,1,0.0007147962831
latitude,1169,44.13744,float,1,0.0007147962831
latitude,1170,40.47001,float,1,0.0007147962831
latitude,1171,39.38336,float,1,0.0007147962831
latitude,1172,39.45873,float,1,0.0007147962831
latitude,1173,43.23728,float,1,0.0007147962831
latitude,1174,44.11501,float,1,0.0007147962831
latitude,1175,44.74724,float,1,0.0007147962831
latitude,1176,44.20056,float,1,0.0007147962831
latitude,1177,43.3639,float,1,0.0007147962831
latitude,1178,47.38782,float,1,0.0007147962831
latitude,1179,46.06122,float,1,0.0007147962831
latitude,1180,46.04472,float,1,0.0007147962831
latitude,1181,45.49283,float,1,0.0007147962831
latitude,1182,45.51629,float,1,0.0007147962831
latitude,1183,44.45795,float,1,0.0007147962831
latitude,1184,45.01908,float,1,0.0007147962831
latitude,1185,45.04846,float,1,0.0007147962831
latitude,1186,45.0442,float,1,0.0007147962831
latitude,1187,47.00106,float,1,0.0007147962831
latitude,1188,42.56582,float,1,0.0007147962831
latitude,1189,42.54869,float,1,0.0007147962831
latitude,1190,42.63333,float,1,0.0007147962831
latitude,1191,42.5841,float,1,0.0007147962831
latitude,1192,42.60285,float,1,0.0007147962831
latitude,1193,42.60975,float,1,0.0007147962831
latitude,1194,41.711151,float,1,0.0007147962831
latitude,1195,35.32694,float,1,0.0007147962831
latitude,1196,28.0977,float,1,0.0007147962831
latitude,1197,26.81883,float,1,0.0007147962831
latitude,1198,26.35825,float,1,0.0007147962831
latitude,1199,26.38911,float,1,0.0007147962831
latitude,1200,26.43629,float,1,0.0007147962831
latitude,1201,26.39979,float,1,0.0007147962831
latitude,1202,26.34292,float,1,0.0007147962831
latitude,1203,26.36974,float,1,0.0007147962831
latitude,1204,26.19194,float,1,0.0007147962831
latitude,1205,26.00984,float,1,0.0007147962831
latitude,1206,25.91358,float,1,0.0007147962831
latitude,1207,25.25285,float,1,0.0007147962831
latitude,1208,25.5022,float,1,0.0007147962831
latitude,1209,25.47305,float,1,0.0007147962831
latitude,1210,25.4459,float,1,0.0007147962831
latitude,1211,25.32571,float,1,0.0007147962831
latitude,1212,25.23641,float,1,0.0007147962831
latitude,1213,25.0202,float,1,0.0007147962831
latitude,1214,25.0314,float,1,0.0007147962831
latitude,1215,24.92903,float,1,0.0007147962831
latitude,1216,24.83633,float,1,0.0007147962831
latitude,1217,25.06928,float,1,0.0007147962831
latitude,1218,24.84059,float,1,0.0007147962831
latitude,1219,24.71371,float,1,0.0007147962831
latitude,1220,24.676,float,1,0.0007147962831
latitude,1221,25.43544,float,1,0.0007147962831
latitude,1222,22.51105,float,1,0.0007147962831
latitude,1223,22.09553,float,1,0.0007147962831
latitude,1224,53.33049,float,1,0.0007147962831
latitude,1225,52.5302,float,1,0.0007147962831
latitude,1226,53.07813,float,1,0.0007147962831
latitude,1227,51.09148,float,1,0.0007147962831
latitude,1228,51.09795,float,1,0.0007147962831
latitude,1229,51.09747,float,1,0.0007147962831
latitude,1230,51.08848,float,1,0.0007147962831
latitude,1231,51.0146,float,1,0.0007147962831
latitude,1232,51.03047,float,1,0.0007147962831
latitude,1233,50.98554,float,1,0.0007147962831
latitude,1234,51.9146,float,1,0.0007147962831
latitude,1235,51.84969,float,1,0.0007147962831
latitude,1236,51.80385,float,1,0.0007147962831
latitude,1237,51.76958,float,1,0.0007147962831
latitude,1238,51.72147,float,1,0.0007147962831
latitude,1239,43.97493631,float,1,0.0007147962831
latitude,1240,43.95057417,float,1,0.0007147962831
latitude,1241,43.95111061,float,1,0.0007147962831
latitude,1242,43.948818,float,1,0.0007147962831
latitude,1243,50.451122,float,1,0.0007147962831
latitude,1244,50.222931,float,1,0.0007147962831
latitude,1245,50.423091,float,1,0.0007147962831
latitude,1246,50.474305,float,1,0.0007147962831
latitude,1247,51.582702,float,1,0.0007147962831
latitude,1248,43.401996,float,1,0.0007147962831
latitude,1249,42.56528,float,1,0.0007147962831
latitude,1250,41.49378078,float,1,0.0007147962831
latitude,1251,41.49318,float,1,0.0007147962831
latitude,1252,41.468756,float,1,0.0007147962831
latitude,1253,41.471817,float,1,0.0007147962831
latitude,1254,42.10977,float,1,0.0007147962831
latitude,1255,42.30098,float,1,0.0007147962831
latitude,1256,42.302075,float,1,0.0007147962831
latitude,1257,42.305767,float,1,0.0007147962831
latitude,1258,42.297216,float,1,0.0007147962831
latitude,1259,43.374482,float,1,0.0007147962831
latitude,1260,43.36459,float,1,0.0007147962831
latitude,1261,43.371445,float,1,0.0007147962831
latitude,1262,53.650768,float,1,0.0007147962831
latitude,1263,52.805716,float,1,0.0007147962831
latitude,1264,52.723781,float,1,0.0007147962831
latitude,1265,51.804481,float,1,0.0007147962831
latitude,1266,51.769014,float,1,0.0007147962831
latitude,1267,52.57171,float,1,0.0007147962831
latitude,1268,51.061116,float,1,0.0007147962831
latitude,1269,52.724557,float,1,0.0007147962831
latitude,1270,51.060288,float,1,0.0007147962831
latitude,1271,51.123192,float,1,0.0007147962831
latitude,1272,51.036386,float,1,0.0007147962831
latitude,1273,51.04537,float,1,0.0007147962831
latitude,1274,50.890279,float,1,0.0007147962831
latitude,1275,50.863025,float,1,0.0007147962831
latitude,1276,50.889977,float,1,0.0007147962831
latitude,1277,50.925608,float,1,0.0007147962831
latitude,1278,50.880384,float,1,0.0007147962831
latitude,1279,50.952254,float,1,0.0007147962831
latitude,1280,50.898045,float,1,0.0007147962831
latitude,1281,50.924995,float,1,0.0007147962831
latitude,1282,50.959996,float,1,0.0007147962831
latitude,1283,50.950063,float,1,0.0007147962831
latitude,1284,51.293575,float,1,0.0007147962831
latitude,1285,51.247306,float,1,0.0007147962831
latitude,1286,35.953035,float,1,0.0007147962831
latitude,1287,38.089966,float,1,0.0007147962831
latitude,1288,46.37677875,float,1,0.0007147962831
latitude,1289,43.935848,float,1,0.0007147962831
latitude,1290,50.502857,float,1,0.0007147962831
latitude,1291,45.48126,float,1,0.0007147962831
latitude,1292,45.0813,float,1,0.0007147962831
latitude,1293,47.19544,float,1,0.0007147962831
latitude,1294,45.63176,float,1,0.0007147962831
latitude,1295,45.80308,float,1,0.0007147962831
latitude,1296,45.70972,float,1,0.0007147962831
latitude,1297,46.06789,float,1,0.0007147962831
latitude,1298,46.0672,float,1,0.0007147962831
latitude,1299,46.06725,float,1,0.0007147962831
latitude,1300,46.06744,float,1,0.0007147962831
latitude,1301,46.06838,float,1,0.0007147962831
latitude,1302,46.20978,float,1,0.0007147962831
latitude,1303,45.37643,float,1,0.0007147962831
latitude,1304,45.35246,float,1,0.0007147962831
latitude,1305,46.369096,float,1,0.0007147962831
latitude,1306,45.97968,float,1,0.0007147962831
latitude,1307,45.78837,float,1,0.0007147962831
latitude,1308,45.50444,float,1,0.0007147962831
latitude,1309,46.15224,float,1,0.0007147962831
latitude,1310,45.63403,float,1,0.0007147962831
latitude,1311,44.78916,float,1,0.0007147962831
latitude,1312,44.7353,float,1,0.0007147962831
latitude,1313,45.5183,float,1,0.0007147962831
latitude,1314,46.0642,float,1,0.0007147962831
latitude,1315,45.80184,float,1,0.0007147962831
latitude,1316,45.79913,float,1,0.0007147962831
latitude,1317,45.41037,float,1,0.0007147962831
latitude,1318,45.918963,float,1,0.0007147962831
latitude,1319,46.1812,float,1,0.0007147962831
latitude,1320,47.33736,float,1,0.0007147962831
latitude,1321,46.31190068,float,1,0.0007147962831
latitude,1322,46.29863628,float,1,0.0007147962831
latitude,1323,46.307095,float,1,0.0007147962831
latitude,1324,45.69777,float,1,0.0007147962831
latitude,1325,46.03405,float,1,0.0007147962831
latitude,1326,46.03601,float,1,0.0007147962831
latitude,1327,46.58379,float,1,0.0007147962831
latitude,1328,44.88011,float,1,0.0007147962831
latitude,1329,44.89192,float,1,0.0007147962831
latitude,1330,46.39432,float,1,0.0007147962831
latitude,1331,46.466667,float,1,0.0007147962831
latitude,1332,45.25882,float,1,0.0007147962831
latitude,1333,46.1419,float,1,0.0007147962831
latitude,1334,46.16817,float,1,0.0007147962831
latitude,1335,44.86506846,float,1,0.0007147962831
latitude,1336,46.539895,float,1,0.0007147962831
latitude,1337,45.26595,float,1,0.0007147962831
latitude,1338,46.16307,float,1,0.0007147962831
latitude,1339,45.57269,float,1,0.0007147962831
latitude,1340,45.6824,float,1,0.0007147962831
latitude,1341,46.01115,float,1,0.0007147962831
latitude,1342,46.00947,float,1,0.0007147962831
latitude,1343,46.00904,float,1,0.0007147962831
latitude,1344,46.00857,float,1,0.0007147962831
latitude,1345,45.86348,float,1,0.0007147962831
latitude,1346,46.04936,float,1,0.0007147962831
latitude,1347,45.89863,float,1,0.0007147962831
latitude,1348,46.166667,float,1,0.0007147962831
latitude,1349,44.734325,float,1,0.0007147962831
latitude,1350,46.480108,float,1,0.0007147962831
latitude,1351,46.29742747,float,1,0.0007147962831
latitude,1352,45.89952921,float,1,0.0007147962831
latitude,1353,46.093362,float,1,0.0007147962831
latitude,1354,46.091492,float,1,0.0007147962831
latitude,1355,46.52732,float,1,0.0007147962831
latitude,1356,47.815996,float,1,0.0007147962831
latitude,1357,47.661456,float,1,0.0007147962831
latitude,1358,47.682174,float,1,0.0007147962831
latitude,1359,47.686258,float,1,0.0007147962831
latitude,1360,47.708407,float,1,0.0007147962831
latitude,1361,42.70395,float,1,0.0007147962831
latitude,1362,44.37731,float,1,0.0007147962831
latitude,1363,44.91393,float,1,0.0007147962831
latitude,1364,42.558406,float,1,0.0007147962831
latitude,1365,42.71811525,float,1,0.0007147962831
latitude,1366,42.68561071,float,1,0.0007147962831
latitude,1367,42.68597057,float,1,0.0007147962831
latitude,1368,42.70385923,float,1,0.0007147962831
latitude,1369,42.85106255,float,1,0.0007147962831
latitude,1370,43.97017726,float,1,0.0007147962831
latitude,1371,43.96565429,float,1,0.0007147962831
latitude,1372,42.59900419,float,1,0.0007147962831
latitude,1373,42.4237,float,1,0.0007147962831
latitude,1374,42.432746,float,1,0.0007147962831
latitude,1375,42.49213723,float,1,0.0007147962831
latitude,1376,42.50314712,float,1,0.0007147962831
latitude,1377,42.7752842,float,1,0.0007147962831
longitude,1,<NA>,missing,11,0.007862759114
longitude,2,21.5302,float,3,0.002144388849
longitude,3,-6.874035303,float,2,0.001429592566
longitude,4,21.73204,float,2,0.001429592566
longitude,5,-6.538659739,float,2,0.001429592566
longitude,6,-7.079755,float,2,0.001429592566
longitude,7,22.25764,float,2,0.001429592566
longitude,8,22.8806,float,2,0.001429592566
longitude,9,22.9895,float,2,0.001429592566
longitude,10,22.81959,float,2,0.001429592566
longitude,11,23.03741,float,2,0.001429592566
longitude,12,22.88894,float,2,0.001429592566
longitude,13,21.64946,float,2,0.001429592566
longitude,14,-8.175981,float,1,0.0007147962831
longitude,15,-8.187164537,float,1,0.0007147962831
longitude,16,-8.544675,float,1,0.0007147962831
longitude,17,-7.340493633,float,1,0.0007147962831
longitude,18,-8.016500588,float,1,0.0007147962831
longitude,19,-7.040592,float,1,0.0007147962831
longitude,20,-6.956601638,float,1,0.0007147962831
longitude,21,-7.739182189,float,1,0.0007147962831
longitude,22,-7.755615659,float,1,0.0007147962831
longitude,23,-8.438280827,float,1,0.0007147962831
longitude,24,-8.670924,float,1,0.0007147962831
longitude,25,-7.573834,float,1,0.0007147962831
longitude,26,-8.59835,float,1,0.0007147962831
longitude,27,-7.317816557,float,1,0.0007147962831
longitude,28,-7.095970035,float,1,0.0007147962831
longitude,29,-8.11552781,float,1,0.0007147962831
longitude,30,-8.754909308,float,1,0.0007147962831
longitude,31,-8.260849,float,1,0.0007147962831
longitude,32,-6.7373962,float,1,0.0007147962831
longitude,33,-8.110787612,float,1,0.0007147962831
longitude,34,-8.437788,float,1,0.0007147962831
longitude,35,-7.142712111,float,1,0.0007147962831
longitude,36,-8.160350225,float,1,0.0007147962831
longitude,37,-7.587303241,float,1,0.0007147962831
longitude,38,-8.045521077,float,1,0.0007147962831
longitude,39,-7.455047,float,1,0.0007147962831
longitude,40,-7.104955,float,1,0.0007147962831
longitude,41,-8.400695101,float,1,0.0007147962831
longitude,42,-7.123086066,float,1,0.0007147962831
longitude,43,-8.142422005,float,1,0.0007147962831
longitude,44,-8.361867,float,1,0.0007147962831
longitude,45,-7.318251199,float,1,0.0007147962831
longitude,46,-8.404394,float,1,0.0007147962831
longitude,47,-7.141500915,float,1,0.0007147962831
longitude,48,-6.877844815,float,1,0.0007147962831
longitude,49,-7.352737619,float,1,0.0007147962831
longitude,50,14.433333,float,1,0.0007147962831
longitude,51,5.9333,float,1,0.0007147962831
longitude,52,17.90229284,float,1,0.0007147962831
longitude,53,16.4572,float,1,0.0007147962831
longitude,54,18.05,float,1,0.0007147962831
longitude,55,17.94124929,float,1,0.0007147962831
longitude,56,17.68901931,float,1,0.0007147962831
longitude,57,17.68736147,float,1,0.0007147962831
longitude,58,33.155,float,1,0.0007147962831
longitude,59,33.116944,float,1,0.0007147962831
longitude,60,32.615556,float,1,0.0007147962831
longitude,61,32.95,float,1,0.0007147962831
longitude,62,33.633333,float,1,0.0007147962831
longitude,63,32.741667,float,1,0.0007147962831
longitude,64,32.509186,float,1,0.0007147962831
longitude,65,32.461181,float,1,0.0007147962831
longitude,66,33.336111,float,1,0.0007147962831
longitude,67,32.835988,float,1,0.0007147962831
longitude,68,32.829169,float,1,0.0007147962831
longitude,69,33.126944,float,1,0.0007147962831
longitude,70,33.39,float,1,0.0007147962831
longitude,71,32.884722,float,1,0.0007147962831
longitude,72,33.616178,float,1,0.0007147962831
longitude,73,33.233333,float,1,0.0007147962831
longitude,74,33.504118,float,1,0.0007147962831
longitude,75,33.608432,float,1,0.0007147962831
longitude,76,33.866667,float,1,0.0007147962831
longitude,77,34.74244,float,1,0.0007147962831
longitude,78,33.568897,float,1,0.0007147962831
longitude,79,33.9488,float,1,0.0007147962831
longitude,80,34.06704,float,1,0.0007147962831
longitude,81,34.711604,float,1,0.0007147962831
longitude,82,33.611553,float,1,0.0007147962831
longitude,83,-1.373056,float,1,0.0007147962831
longitude,84,1.428611,float,1,0.0007147962831
longitude,85,-1.392781,float,1,0.0007147962831
longitude,86,-1.413612,float,1,0.0007147962831
longitude,87,6.534444,float,1,0.0007147962831
longitude,88,-0.033056,float,1,0.0007147962831
longitude,89,3.8667,float,1,0.0007147962831
longitude,90,2.468392,float,1,0.0007147962831
longitude,91,2.6333,float,1,0.0007147962831
longitude,92,3.363333,float,1,0.0007147962831
longitude,93,-1.393478,float,1,0.0007147962831
longitude,94,4.193625,float,1,0.0007147962831
longitude,95,1.451866,float,1,0.0007147962831
longitude,96,3.73583,float,1,0.0007147962831
longitude,97,-1.034892,float,1,0.0007147962831
longitude,98,3.358713,float,1,0.0007147962831
longitude,99,3.3714,float,1,0.0007147962831
longitude,100,2.851,float,1,0.0007147962831
longitude,101,1.995833,float,1,0.0007147962831
longitude,102,1.992569567,float,1,0.0007147962831
longitude,103,1.995718942,float,1,0.0007147962831
longitude,104,2.053082434,float,1,0.0007147962831
longitude,105,2.056323469,float,1,0.0007147962831
longitude,106,2.047246754,float,1,0.0007147962831
longitude,107,1.443469,float,1,0.0007147962831
longitude,108,3.89667,float,1,0.0007147962831
longitude,109,2.035,float,1,0.0007147962831
longitude,110,6.082778,float,1,0.0007147962831
longitude,111,7.710556,float,1,0.0007147962831
longitude,112,7.075125,float,1,0.0007147962831
longitude,113,6.433333,float,1,0.0007147962831
longitude,114,6.969153,float,1,0.0007147962831
longitude,115,6.65,float,1,0.0007147962831
longitude,116,8.574451,float,1,0.0007147962831
longitude,117,24.01197,float,1,0.0007147962831
longitude,118,24.766667,float,1,0.0007147962831
longitude,119,24.05,float,1,0.0007147962831
longitude,120,34.988889,float,1,0.0007147962831
longitude,121,34.937005,float,1,0.0007147962831
longitude,122,8.151111,float,1,0.0007147962831
longitude,123,8.036185,float,1,0.0007147962831
longitude,124,8.4964,float,1,0.0007147962831
longitude,125,8.550768,float,1,0.0007147962831
longitude,126,10.8833,float,1,0.0007147962831
longitude,127,8.533333,float,1,0.0007147962831
longitude,128,8.995,float,1,0.0007147962831
longitude,129,8.5211,float,1,0.0007147962831
longitude,130,35.493837,float,1,0.0007147962831
longitude,131,21.25634,float,1,0.0007147962831
longitude,132,21.5239,float,1,0.0007147962831
longitude,133,21.435097,float,1,0.0007147962831
longitude,134,-1.621914721,float,1,0.0007147962831
longitude,135,-8.128499598,float,1,0.0007147962831
longitude,136,-7.515958,float,1,0.0007147962831
longitude,137,-8.493903507,float,1,0.0007147962831
longitude,138,-8.240163649,float,1,0.0007147962831
longitude,139,-8.494012,float,1,0.0007147962831
longitude,140,-7.598234313,float,1,0.0007147962831
longitude,141,-7.600489841,float,1,0.0007147962831
longitude,142,-7.203108594,float,1,0.0007147962831
longitude,143,-8.434914,float,1,0.0007147962831
longitude,144,-8.405047143,float,1,0.0007147962831
longitude,145,-8.523459902,float,1,0.0007147962831
longitude,146,-7.374041294,float,1,0.0007147962831
longitude,147,-7.375926245,float,1,0.0007147962831
longitude,148,-7.49041657,float,1,0.0007147962831
longitude,149,-8.371923707,float,1,0.0007147962831
longitude,150,-7.26548,float,1,0.0007147962831
longitude,151,-8.713685,float,1,0.0007147962831
longitude,152,-8.387838816,float,1,0.0007147962831
longitude,153,-8.50711216,float,1,0.0007147962831
longitude,154,-7.742175823,float,1,0.0007147962831
longitude,155,-8.497837306,float,1,0.0007147962831
longitude,156,-8.098241904,float,1,0.0007147962831
longitude,157,-8.191211683,float,1,0.0007147962831
longitude,158,-8.307440301,float,1,0.0007147962831
longitude,159,-8.337281,float,1,0.0007147962831
longitude,160,-7.525246,float,1,0.0007147962831
longitude,161,-7.457592038,float,1,0.0007147962831
longitude,162,-8.698071507,float,1,0.0007147962831
longitude,163,-8.021107841,float,1,0.0007147962831
longitude,164,22.962774,float,1,0.0007147962831
longitude,165,23.116399,float,1,0.0007147962831
longitude,166,22.68552,float,1,0.0007147962831
longitude,167,22.885036,float,1,0.0007147962831
longitude,168,22.707859,float,1,0.0007147962831
longitude,169,22.72326,float,1,0.0007147962831
longitude,170,23.441612,float,1,0.0007147962831
longitude,171,22.894773,float,1,0.0007147962831
longitude,172,22.88948,float,1,0.0007147962831
longitude,173,22.88964,float,1,0.0007147962831
longitude,174,22.88857,float,1,0.0007147962831
longitude,175,22.89019,float,1,0.0007147962831
longitude,176,22.89144,float,1,0.0007147962831
longitude,177,22.893,float,1,0.0007147962831
longitude,178,23.27879,float,1,0.0007147962831
longitude,179,22.92045,float,1,0.0007147962831
longitude,180,22.91096,float,1,0.0007147962831
longitude,181,22.92024,float,1,0.0007147962831
longitude,182,22.92447,float,1,0.0007147962831
longitude,183,23.102108,float,1,0.0007147962831
longitude,184,21.73827,float,1,0.0007147962831
longitude,185,22.318491,float,1,0.0007147962831
longitude,186,22.350062,float,1,0.0007147962831
longitude,187,23.199692,float,1,0.0007147962831
longitude,188,23.194116,float,1,0.0007147962831
longitude,189,23.200576,float,1,0.0007147962831
longitude,190,23.198683,float,1,0.0007147962831
longitude,191,22.91135,float,1,0.0007147962831
longitude,192,22.89439,float,1,0.0007147962831
longitude,193,22.89511,float,1,0.0007147962831
longitude,194,22.89473,float,1,0.0007147962831
longitude,195,22.89443,float,1,0.0007147962831
longitude,196,22.89214,float,1,0.0007147962831
longitude,197,22.8945,float,1,0.0007147962831
longitude,198,22.892243,float,1,0.0007147962831
longitude,199,22.68545,float,1,0.0007147962831
longitude,200,22.68508,float,1,0.0007147962831
longitude,201,22.688792,float,1,0.0007147962831
longitude,202,21.70429,float,1,0.0007147962831
longitude,203,22.89079,float,1,0.0007147962831
longitude,204,21.68064,float,1,0.0007147962831
longitude,205,22.88794,float,1,0.0007147962831
longitude,206,22.88022,float,1,0.0007147962831
longitude,207,22.88777,float,1,0.0007147962831
longitude,208,-6.10518,float,1,0.0007147962831
longitude,209,-1.33769529,float,1,0.0007147962831
longitude,210,-3.19315217,float,1,0.0007147962831
longitude,211,-7.327043,float,1,0.0007147962831
longitude,212,-5.54812106,float,1,0.0007147962831
longitude,213,-6.299792,float,1,0.0007147962831
longitude,214,-5.739137,float,1,0.0007147962831
longitude,215,-4.89415277,float,1,0.0007147962831
longitude,216,-6.62437,float,1,0.0007147962831
longitude,217,-6.668311,float,1,0.0007147962831
longitude,218,-6.890274,float,1,0.0007147962831
longitude,219,-8.158613,float,1,0.0007147962831
longitude,220,-7.072386,float,1,0.0007147962831
longitude,221,2.703042203,float,1,0.0007147962831
longitude,222,-6.774636,float,1,0.0007147962831
longitude,223,-6.497716,float,1,0.0007147962831
longitude,224,-6.91306989,float,1,0.0007147962831
longitude,225,-7.33224915,float,1,0.0007147962831
longitude,226,-4.179631046,float,1,0.0007147962831
longitude,227,-7.35899187,float,1,0.0007147962831
longitude,228,-7.0808167,float,1,0.0007147962831
longitude,229,-0.900306875,float,1,0.0007147962831
longitude,230,0.22764936,float,1,0.0007147962831
longitude,231,-5.08227721,float,1,0.0007147962831
longitude,232,-0.718976529,float,1,0.0007147962831
longitude,233,-5.08044861,float,1,0.0007147962831
longitude,234,-4.83783744,float,1,0.0007147962831
longitude,235,-6.82941041,float,1,0.0007147962831
longitude,236,-6.709717,float,1,0.0007147962831
longitude,237,-6.258764,float,1,0.0007147962831
longitude,238,-4.752831906,float,1,0.0007147962831
longitude,239,-4.91570948,float,1,0.0007147962831
longitude,240,-5.81715282,float,1,0.0007147962831
longitude,241,-4.5202936,float,1,0.0007147962831
longitude,242,-6.760416,float,1,0.0007147962831
longitude,243,-6.769527,float,1,0.0007147962831
longitude,244,-4.95181017,float,1,0.0007147962831
longitude,245,-6.316238,float,1,0.0007147962831
longitude,246,-6.869433,float,1,0.0007147962831
longitude,247,-6.700265757,float,1,0.0007147962831
longitude,248,-6.474357,float,1,0.0007147962831
longitude,249,-6.809106,float,1,0.0007147962831
longitude,250,-6.815335,float,1,0.0007147962831
longitude,251,-5.75177293,float,1,0.0007147962831
longitude,252,-6.388739,float,1,0.0007147962831
longitude,253,-7.314383074,float,1,0.0007147962831
longitude,254,-6.781019,float,1,0.0007147962831
longitude,255,-6.801395,float,1,0.0007147962831
longitude,256,-6.803618,float,1,0.0007147962831
longitude,257,-6.673559,float,1,0.0007147962831
longitude,258,-4.84830355,float,1,0.0007147962831
longitude,259,-6.230038,float,1,0.0007147962831
longitude,260,-4.43477306,float,1,0.0007147962831
longitude,261,-6.76997865,float,1,0.0007147962831
longitude,262,-6.368615491,float,1,0.0007147962831
longitude,263,-4.9334936,float,1,0.0007147962831
longitude,264,-6.408303869,float,1,0.0007147962831
longitude,265,-6.932606,float,1,0.0007147962831
longitude,266,-6.46915,float,1,0.0007147962831
longitude,267,-5.687959,float,1,0.0007147962831
longitude,268,-6.855363,float,1,0.0007147962831
longitude,269,-6.857919,float,1,0.0007147962831
longitude,270,-6.856443,float,1,0.0007147962831
longitude,271,-6.853488,float,1,0.0007147962831
longitude,272,-6.846678,float,1,0.0007147962831
longitude,273,-6.851769,float,1,0.0007147962831
longitude,274,1.820130111,float,1,0.0007147962831
longitude,275,1.826364395,float,1,0.0007147962831
longitude,276,1.82934192,float,1,0.0007147962831
longitude,277,1.833771284,float,1,0.0007147962831
longitude,278,1.815050524,float,1,0.0007147962831
longitude,279,-5.08446693,float,1,0.0007147962831
longitude,280,-6.51042667,float,1,0.0007147962831
longitude,281,-1.32055691,float,1,0.0007147962831
longitude,282,-6.79570879,float,1,0.0007147962831
longitude,283,-5.04933271,float,1,0.0007147962831
longitude,284,-5.80017903,float,1,0.0007147962831
longitude,285,-6.07279323,float,1,0.0007147962831
longitude,286,-4.28655637,float,1,0.0007147962831
longitude,287,-4.22543114,float,1,0.0007147962831
longitude,288,-4.18754703,float,1,0.0007147962831
longitude,289,-4.84589638,float,1,0.0007147962831
longitude,290,-3.28059057,float,1,0.0007147962831
longitude,291,-6.248132,float,1,0.0007147962831
longitude,292,-4.50392006,float,1,0.0007147962831
longitude,293,-5.25248305,float,1,0.0007147962831
longitude,294,-5.589874277,float,1,0.0007147962831
longitude,295,-1.94916604,float,1,0.0007147962831
longitude,296,-4.77935278,float,1,0.0007147962831
longitude,297,-6.412375,float,1,0.0007147962831
longitude,298,-8.00608,float,1,0.0007147962831
longitude,299,-7.40935,float,1,0.0007147962831
longitude,300,-7.004095,float,1,0.0007147962831
longitude,301,-6.21957755,float,1,0.0007147962831
longitude,302,-6.20838762,float,1,0.0007147962831
longitude,303,-4.90683199,float,1,0.0007147962831
longitude,304,-6.826583,float,1,0.0007147962831
longitude,305,-6.64101067,float,1,0.0007147962831
longitude,306,-5.905742865,float,1,0.0007147962831
longitude,307,-6.067636653,float,1,0.0007147962831
longitude,308,-8.48684587,float,1,0.0007147962831
longitude,309,-4.55740568,float,1,0.0007147962831
longitude,310,-6.023149,float,1,0.0007147962831
longitude,311,-6.02227,float,1,0.0007147962831
longitude,312,-6.568056,float,1,0.0007147962831
longitude,313,-6.336247,float,1,0.0007147962831
longitude,314,-3.995123268,float,1,0.0007147962831
longitude,315,-6.645396,float,1,0.0007147962831
longitude,316,-4.841430979,float,1,0.0007147962831
longitude,317,-6.67482944,float,1,0.0007147962831
longitude,318,-7.241494,float,1,0.0007147962831
longitude,319,-8.83494566,float,1,0.0007147962831
longitude,320,-7.661514,float,1,0.0007147962831
longitude,321,-6.819351,float,1,0.0007147962831
longitude,322,-8.231481851,float,1,0.0007147962831
longitude,323,-6.676629,float,1,0.0007147962831
longitude,324,-6.670889,float,1,0.0007147962831
longitude,325,-6.667113,float,1,0.0007147962831
longitude,326,-6.792312,float,1,0.0007147962831
longitude,327,-6.334052,float,1,0.0007147962831
longitude,328,-6.690412,float,1,0.0007147962831
longitude,329,-6.688449,float,1,0.0007147962831
longitude,330,-4.82000889,float,1,0.0007147962831
longitude,331,-1.409844499,float,1,0.0007147962831
longitude,332,-4.23929458,float,1,0.0007147962831
longitude,333,-6.726638,float,1,0.0007147962831
longitude,334,-6.0659586,float,1,0.0007147962831
longitude,335,-8.2696313,float,1,0.0007147962831
longitude,336,-6.991571,float,1,0.0007147962831
longitude,337,-4.68039707,float,1,0.0007147962831
longitude,338,-6.087344,float,1,0.0007147962831
longitude,339,-6.285813,float,1,0.0007147962831
longitude,340,-6.862859,float,1,0.0007147962831
longitude,341,-6.872695,float,1,0.0007147962831
longitude,342,-4.81368711,float,1,0.0007147962831
longitude,343,-5.763846,float,1,0.0007147962831
longitude,344,-6.92596891,float,1,0.0007147962831
longitude,345,-6.82072052,float,1,0.0007147962831
longitude,346,-2.44762284,float,1,0.0007147962831
longitude,347,-6.690545,float,1,0.0007147962831
longitude,348,-2.037399,float,1,0.0007147962831
longitude,349,-6.46581346,float,1,0.0007147962831
longitude,350,-5.80105636,float,1,0.0007147962831
longitude,351,-4.82475832,float,1,0.0007147962831
longitude,352,-4.99212838,float,1,0.0007147962831
longitude,353,-5.57395462,float,1,0.0007147962831
longitude,354,-4.80699259,float,1,0.0007147962831
longitude,355,-4.78670049,float,1,0.0007147962831
longitude,356,-5.02555274,float,1,0.0007147962831
longitude,357,-4.49780491,float,1,0.0007147962831
longitude,358,-6.255768279,float,1,0.0007147962831
longitude,359,-3.76014518,float,1,0.0007147962831
longitude,360,-4.88450842,float,1,0.0007147962831
longitude,361,-8.048891,float,1,0.0007147962831
longitude,362,-5.896539862,float,1,0.0007147962831
longitude,363,-6.34146,float,1,0.0007147962831
longitude,364,-6.621699584,float,1,0.0007147962831
longitude,365,-6.166731,float,1,0.0007147962831
longitude,366,-6.717874,float,1,0.0007147962831
longitude,367,-4.93042278,float,1,0.0007147962831
longitude,368,-6.257703,float,1,0.0007147962831
longitude,369,-5.53713651,float,1,0.0007147962831
longitude,370,-3.99105831,float,1,0.0007147962831
longitude,371,-6.727207833,float,1,0.0007147962831
longitude,372,-5.81891239,float,1,0.0007147962831
longitude,373,-6.89226707,float,1,0.0007147962831
longitude,374,-6.329764,float,1,0.0007147962831
longitude,375,-6.82623,float,1,0.0007147962831
longitude,376,-6.410587,float,1,0.0007147962831
longitude,377,-6.97552107,float,1,0.0007147962831
longitude,378,-6.28292,float,1,0.0007147962831
longitude,379,-6.251635,float,1,0.0007147962831
longitude,380,-3.59870814,float,1,0.0007147962831
longitude,381,-3.73715927,float,1,0.0007147962831
longitude,382,-1.647137774,float,1,0.0007147962831
longitude,383,-3.65483854,float,1,0.0007147962831
longitude,384,-3.9286322,float,1,0.0007147962831
longitude,385,-6.700063,float,1,0.0007147962831
longitude,386,-6.360162,float,1,0.0007147962831
longitude,387,-6.434502,float,1,0.0007147962831
longitude,388,-6.312041,float,1,0.0007147962831
longitude,389,-6.364151,float,1,0.0007147962831
longitude,390,-6.268568,float,1,0.0007147962831
longitude,391,-6.332945,float,1,0.0007147962831
longitude,392,-5.854274,float,1,0.0007147962831
longitude,393,-4.82351069,float,1,0.0007147962831
longitude,394,-6.319171,float,1,0.0007147962831
longitude,395,-5.04701024,float,1,0.0007147962831
longitude,396,-4.09824722,float,1,0.0007147962831
longitude,397,-6.813383,float,1,0.0007147962831
longitude,398,-6.826052,float,1,0.0007147962831
longitude,399,-6.813899,float,1,0.0007147962831
longitude,400,-5.429153002,float,1,0.0007147962831
longitude,401,-4.34810714,float,1,0.0007147962831
longitude,402,-6.221617692,float,1,0.0007147962831
longitude,403,-5.50715773,float,1,0.0007147962831
longitude,404,-3.31442386,float,1,0.0007147962831
longitude,405,-4.05706472,float,1,0.0007147962831
longitude,406,-5.60030384,float,1,0.0007147962831
longitude,407,-4.97235898,float,1,0.0007147962831
longitude,408,-6.27886994,float,1,0.0007147962831
longitude,409,-6.87823353,float,1,0.0007147962831
longitude,410,-6.145288,float,1,0.0007147962831
longitude,411,-7.16541952,float,1,0.0007147962831
longitude,412,-5.61153374,float,1,0.0007147962831
longitude,413,-4.83252668,float,1,0.0007147962831
longitude,414,-6.647353,float,1,0.0007147962831
longitude,415,-6.644943,float,1,0.0007147962831
longitude,416,-4.57579891,float,1,0.0007147962831
longitude,417,-2.91146018,float,1,0.0007147962831
longitude,418,-4.33722013,float,1,0.0007147962831
longitude,419,-6.891479513,float,1,0.0007147962831
longitude,420,-6.28557,float,1,0.0007147962831
longitude,421,-5.775372282,float,1,0.0007147962831
longitude,422,-6.479588,float,1,0.0007147962831
longitude,423,-6.474524,float,1,0.0007147962831
longitude,424,-5.44601668,float,1,0.0007147962831
longitude,425,-6.29778,float,1,0.0007147962831
longitude,426,-4.34591322,float,1,0.0007147962831
longitude,427,-5.928256284,float,1,0.0007147962831
longitude,428,-5.937221,float,1,0.0007147962831
longitude,429,-6.348329,float,1,0.0007147962831
longitude,430,-6.50221,float,1,0.0007147962831
longitude,431,-5.25174452,float,1,0.0007147962831
longitude,432,-6.421858,float,1,0.0007147962831
longitude,433,-6.15944,float,1,0.0007147962831
longitude,434,-6.326313,float,1,0.0007147962831
longitude,435,-5.00494637,float,1,0.0007147962831
longitude,436,-6.693113,float,1,0.0007147962831
longitude,437,-6.036392,float,1,0.0007147962831
longitude,438,-6.329689,float,1,0.0007147962831
longitude,439,-6.373113,float,1,0.0007147962831
longitude,440,-6.665571,float,1,0.0007147962831
longitude,441,-6.335473,float,1,0.0007147962831
longitude,442,-4.67321927,float,1,0.0007147962831
longitude,443,-6.211819,float,1,0.0007147962831
longitude,444,-6.519398065,float,1,0.0007147962831
longitude,445,-6.72119809,float,1,0.0007147962831
longitude,446,-5.78005231,float,1,0.0007147962831
longitude,447,-8.096352,float,1,0.0007147962831
longitude,448,-5.65706056,float,1,0.0007147962831
longitude,449,-7.271580557,float,1,0.0007147962831
longitude,450,-5.803444,float,1,0.0007147962831
longitude,451,-6.496735864,float,1,0.0007147962831
longitude,452,-4.48423365,float,1,0.0007147962831
longitude,453,-1.95146894,float,1,0.0007147962831
longitude,454,-5.613212268,float,1,0.0007147962831
longitude,455,-6.639669,float,1,0.0007147962831
longitude,456,-6.641892652,float,1,0.0007147962831
longitude,457,-6.809488,float,1,0.0007147962831
longitude,458,-6.67932256,float,1,0.0007147962831
longitude,459,-6.443659151,float,1,0.0007147962831
longitude,460,-5.69662526,float,1,0.0007147962831
longitude,461,-5.943973,float,1,0.0007147962831
longitude,462,-7.229515,float,1,0.0007147962831
longitude,463,-6.581698,float,1,0.0007147962831
longitude,464,-3.72217537,float,1,0.0007147962831
longitude,465,-4.51686181,float,1,0.0007147962831
longitude,466,-4.40628096,float,1,0.0007147962831
longitude,467,-6.875523,float,1,0.0007147962831
longitude,468,-1.153847049,float,1,0.0007147962831
longitude,469,-6.813498,float,1,0.0007147962831
longitude,470,-4.89572955,float,1,0.0007147962831
longitude,471,-7.451319,float,1,0.0007147962831
longitude,472,-6.674443,float,1,0.0007147962831
longitude,473,-6.945084042,float,1,0.0007147962831
longitude,474,-6.956886,float,1,0.0007147962831
longitude,475,-7.17851,float,1,0.0007147962831
longitude,476,-6.669248,float,1,0.0007147962831
longitude,477,-5.35759038,float,1,0.0007147962831
longitude,478,-6.300965,float,1,0.0007147962831
longitude,479,-5.28613175,float,1,0.0007147962831
longitude,480,-6.380232,float,1,0.0007147962831
longitude,481,-5.51700075,float,1,0.0007147962831
longitude,482,-6.446029,float,1,0.0007147962831
longitude,483,-6.694209,float,1,0.0007147962831
longitude,484,-6.500639,float,1,0.0007147962831
longitude,485,-6.493312,float,1,0.0007147962831
longitude,486,-5.522648628,float,1,0.0007147962831
longitude,487,-6.236199,float,1,0.0007147962831
longitude,488,-6.256572,float,1,0.0007147962831
longitude,489,-5.913045079,float,1,0.0007147962831
longitude,490,-4.74420309,float,1,0.0007147962831
longitude,491,-5.69329653,float,1,0.0007147962831
longitude,492,-5.68164048,float,1,0.0007147962831
longitude,493,-6.009757,float,1,0.0007147962831
longitude,494,-1.7947398,float,1,0.0007147962831
longitude,495,-7.29988195,float,1,0.0007147962831
longitude,496,-6.88362989,float,1,0.0007147962831
longitude,497,-6.540409963,float,1,0.0007147962831
longitude,498,-6.304187,float,1,0.0007147962831
longitude,499,-3.551073,float,1,0.0007147962831
longitude,500,-5.60595927,float,1,0.0007147962831
longitude,501,-4.3614333,float,1,0.0007147962831
longitude,502,-6.636023685,float,1,0.0007147962831
longitude,503,-8.118764,float,1,0.0007147962831
longitude,504,-6.62141,float,1,0.0007147962831
longitude,505,-5.777938529,float,1,0.0007147962831
longitude,506,-5.63527857,float,1,0.0007147962831
longitude,507,-5.51552515,float,1,0.0007147962831
longitude,508,-6.826936,float,1,0.0007147962831
longitude,509,1.554060351,float,1,0.0007147962831
longitude,510,-4.85243374,float,1,0.0007147962831
longitude,511,-4.43060527,float,1,0.0007147962831
longitude,512,-6.176901495,float,1,0.0007147962831
longitude,513,-4.88282771,float,1,0.0007147962831
longitude,514,-6.186611,float,1,0.0007147962831
longitude,515,-6.60234,float,1,0.0007147962831
longitude,516,-6.261031,float,1,0.0007147962831
longitude,517,-1.622756111,float,1,0.0007147962831
longitude,518,-6.5671,float,1,0.0007147962831
longitude,519,-6.294745,float,1,0.0007147962831
longitude,520,-6.404319,float,1,0.0007147962831
longitude,521,-6.390039,float,1,0.0007147962831
longitude,522,-3.63314509,float,1,0.0007147962831
longitude,523,-6.306113,float,1,0.0007147962831
longitude,524,-6.183466,float,1,0.0007147962831
longitude,525,-6.463884,float,1,0.0007147962831
longitude,526,-6.091631,float,1,0.0007147962831
longitude,527,-5.03709116,float,1,0.0007147962831
longitude,528,-6.650749,float,1,0.0007147962831
longitude,529,-6.696434,float,1,0.0007147962831
longitude,530,-6.119396,float,1,0.0007147962831
longitude,531,-6.209227,float,1,0.0007147962831
longitude,532,-4.30960585,float,1,0.0007147962831
longitude,533,-6.676958,float,1,0.0007147962831
longitude,534,-6.247223,float,1,0.0007147962831
longitude,535,-6.264385,float,1,0.0007147962831
longitude,536,-6.2608,float,1,0.0007147962831
longitude,537,-6.530024,float,1,0.0007147962831
longitude,538,-6.534496,float,1,0.0007147962831
longitude,539,-6.542769,float,1,0.0007147962831
longitude,540,-4.93333237,float,1,0.0007147962831
longitude,541,-6.792316,float,1,0.0007147962831
longitude,542,-6.231608,float,1,0.0007147962831
longitude,543,-4.40261769,float,1,0.0007147962831
longitude,544,-6.303967,float,1,0.0007147962831
longitude,545,-6.209409,float,1,0.0007147962831
longitude,546,-7.02103919,float,1,0.0007147962831
longitude,547,-5.49648864,float,1,0.0007147962831
longitude,548,-6.97275838,float,1,0.0007147962831
longitude,549,-7.09936299,float,1,0.0007147962831
longitude,550,-6.765394,float,1,0.0007147962831
longitude,551,-4.15856145,float,1,0.0007147962831
longitude,552,-5.35834637,float,1,0.0007147962831
longitude,553,-4.30154746,float,1,0.0007147962831
longitude,554,-3.61831402,float,1,0.0007147962831
longitude,555,-6.673351,float,1,0.0007147962831
longitude,556,-6.390663,float,1,0.0007147962831
longitude,557,-6.06911791,float,1,0.0007147962831
longitude,558,-6.583859,float,1,0.0007147962831
longitude,559,-6.591589,float,1,0.0007147962831
longitude,560,-6.392956,float,1,0.0007147962831
longitude,561,-2.956599594,float,1,0.0007147962831
longitude,562,-5.989934,float,1,0.0007147962831
longitude,563,-5.57079368,float,1,0.0007147962831
longitude,564,-4.72262528,float,1,0.0007147962831
longitude,565,-1.415983892,float,1,0.0007147962831
longitude,566,-5.23558598,float,1,0.0007147962831
longitude,567,-6.234659,float,1,0.0007147962831
longitude,568,-5.781417689,float,1,0.0007147962831
longitude,569,-5.94122217,float,1,0.0007147962831
longitude,570,-4.80309575,float,1,0.0007147962831
longitude,571,-4.59735153,float,1,0.0007147962831
longitude,572,-5.344590145,float,1,0.0007147962831
longitude,573,-6.32875,float,1,0.0007147962831
longitude,574,-6.774191,float,1,0.0007147962831
longitude,575,-5.607018598,float,1,0.0007147962831
longitude,576,-6.033642,float,1,0.0007147962831
longitude,577,-7.048953572,float,1,0.0007147962831
longitude,578,-6.29814114,float,1,0.0007147962831
longitude,579,-6.23992,float,1,0.0007147962831
longitude,580,-4.75148252,float,1,0.0007147962831
longitude,581,-4.35810314,float,1,0.0007147962831
longitude,582,-7.33637486,float,1,0.0007147962831
longitude,583,-6.270359,float,1,0.0007147962831
longitude,584,-5.75247022,float,1,0.0007147962831
longitude,585,-3.63534127,float,1,0.0007147962831
longitude,586,-6.665928,float,1,0.0007147962831
longitude,587,-6.386178,float,1,0.0007147962831
longitude,588,-6.015349,float,1,0.0007147962831
longitude,589,-4.38632405,float,1,0.0007147962831
longitude,590,-6.637741,float,1,0.0007147962831
longitude,591,-6.85041111,float,1,0.0007147962831
longitude,592,-4.821597,float,1,0.0007147962831
longitude,593,-8.039627332,float,1,0.0007147962831
longitude,594,-6.730794,float,1,0.0007147962831
longitude,595,-6.912913527,float,1,0.0007147962831
longitude,596,-6.86042,float,1,0.0007147962831
longitude,597,-6.857337,float,1,0.0007147962831
longitude,598,-6.201948,float,1,0.0007147962831
longitude,599,-7.590977,float,1,0.0007147962831
longitude,600,-3.43570562,float,1,0.0007147962831
longitude,601,-5.56870248,float,1,0.0007147962831
longitude,602,-6.738225,float,1,0.0007147962831
longitude,603,-6.693805,float,1,0.0007147962831
longitude,604,-6.861837,float,1,0.0007147962831
longitude,605,-4.76211797,float,1,0.0007147962831
longitude,606,-6.35826,float,1,0.0007147962831
longitude,607,-6.367476,float,1,0.0007147962831
longitude,608,-6.807,float,1,0.0007147962831
longitude,609,-6.78908,float,1,0.0007147962831
longitude,610,-6.785964,float,1,0.0007147962831
longitude,611,-6.826471,float,1,0.0007147962831
longitude,612,-6.715576,float,1,0.0007147962831
longitude,613,-6.253406,float,1,0.0007147962831
longitude,614,-6.315066,float,1,0.0007147962831
longitude,615,-6.7593122,float,1,0.0007147962831
longitude,616,-5.87628,float,1,0.0007147962831
longitude,617,-6.234369,float,1,0.0007147962831
longitude,618,-5.03505856,float,1,0.0007147962831
longitude,619,-5.61415806,float,1,0.0007147962831
longitude,620,-4.9835869,float,1,0.0007147962831
longitude,621,-6.719624,float,1,0.0007147962831
longitude,622,-5.58165595,float,1,0.0007147962831
longitude,623,-4.9884477,float,1,0.0007147962831
longitude,624,-6.21983439,float,1,0.0007147962831
longitude,625,-5.67729857,float,1,0.0007147962831
longitude,626,-6.715109,float,1,0.0007147962831
longitude,627,-4.08505448,float,1,0.0007147962831
longitude,628,-6.386252,float,1,0.0007147962831
longitude,629,-6.396074,float,1,0.0007147962831
longitude,630,-5.33924282,float,1,0.0007147962831
longitude,631,-4.61821957,float,1,0.0007147962831
longitude,632,-6.380819,float,1,0.0007147962831
longitude,633,-6.017965,float,1,0.0007147962831
longitude,634,-6.465042,float,1,0.0007147962831
longitude,635,-6.465437,float,1,0.0007147962831
longitude,636,-6.782002,float,1,0.0007147962831
longitude,637,-6.878455,float,1,0.0007147962831
longitude,638,-6.151134,float,1,0.0007147962831
longitude,639,-6.605058403,float,1,0.0007147962831
longitude,640,-6.494671,float,1,0.0007147962831
longitude,641,-5.725108,float,1,0.0007147962831
longitude,642,-4.78139954,float,1,0.0007147962831
longitude,643,-5.42692009,float,1,0.0007147962831
longitude,644,-6.499408,float,1,0.0007147962831
longitude,645,-3.63656838,float,1,0.0007147962831
longitude,646,-5.10576681,float,1,0.0007147962831
longitude,647,-3.62402098,float,1,0.0007147962831
longitude,648,-6.173298,float,1,0.0007147962831
longitude,649,-6.690579,float,1,0.0007147962831
longitude,650,-6.77443064,float,1,0.0007147962831
longitude,651,-6.710058,float,1,0.0007147962831
longitude,652,-6.173628,float,1,0.0007147962831
longitude,653,-6.837096,float,1,0.0007147962831
longitude,654,-6.221751,float,1,0.0007147962831
longitude,655,-6.194796,float,1,0.0007147962831
longitude,656,-6.398898,float,1,0.0007147962831
longitude,657,-5.911294,float,1,0.0007147962831
longitude,658,-6.147774,float,1,0.0007147962831
longitude,659,-6.141205928,float,1,0.0007147962831
longitude,660,-6.392307,float,1,0.0007147962831
longitude,661,-6.95065167,float,1,0.0007147962831
longitude,662,-4.39579808,float,1,0.0007147962831
longitude,663,-5.37490862,float,1,0.0007147962831
longitude,664,-3.18415148,float,1,0.0007147962831
longitude,665,-3.92435169,float,1,0.0007147962831
longitude,666,-6.205953,float,1,0.0007147962831
longitude,667,-6.21592,float,1,0.0007147962831
longitude,668,-3.92188162,float,1,0.0007147962831
longitude,669,-6.92455813,float,1,0.0007147962831
longitude,670,-3.69137155,float,1,0.0007147962831
longitude,671,-6.175599,float,1,0.0007147962831
longitude,672,-6.358224,float,1,0.0007147962831
longitude,673,-6.341954,float,1,0.0007147962831
longitude,674,-7.629413,float,1,0.0007147962831
longitude,675,-6.634177,float,1,0.0007147962831
longitude,676,-6.346199,float,1,0.0007147962831
longitude,677,-3.58399511,float,1,0.0007147962831
longitude,678,-4.27719014,float,1,0.0007147962831
longitude,679,-4.554018,float,1,0.0007147962831
longitude,680,-6.730899562,float,1,0.0007147962831
longitude,681,-6.41975,float,1,0.0007147962831
longitude,682,-4.67210267,float,1,0.0007147962831
longitude,683,-6.784792,float,1,0.0007147962831
longitude,684,-7.569685714,float,1,0.0007147962831
longitude,685,-6.028141918,float,1,0.0007147962831
longitude,686,-8.086613216,float,1,0.0007147962831
longitude,687,-5.02253464,float,1,0.0007147962831
longitude,688,-5.29452087,float,1,0.0007147962831
longitude,689,-6.336276,float,1,0.0007147962831
longitude,690,-6.250651362,float,1,0.0007147962831
longitude,691,-6.319124815,float,1,0.0007147962831
longitude,692,-6.185997468,float,1,0.0007147962831
longitude,693,-6.091062034,float,1,0.0007147962831
longitude,694,-6.161131708,float,1,0.0007147962831
longitude,695,-6.786064,float,1,0.0007147962831
longitude,696,-1.329361505,float,1,0.0007147962831
longitude,697,-8.10176,float,1,0.0007147962831
longitude,698,-6.776897,float,1,0.0007147962831
longitude,699,-6.826435,float,1,0.0007147962831
longitude,700,-5.56581619,float,1,0.0007147962831
longitude,701,-4.969865368,float,1,0.0007147962831
longitude,702,-6.250447,float,1,0.0007147962831
longitude,703,-5.999323,float,1,0.0007147962831
longitude,704,-6.28423372,float,1,0.0007147962831
longitude,705,-4.14175311,float,1,0.0007147962831
longitude,706,-6.34968618,float,1,0.0007147962831
longitude,707,-4.95016262,float,1,0.0007147962831
longitude,708,-5.52393981,float,1,0.0007147962831
longitude,709,-7.97375636,float,1,0.0007147962831
longitude,710,-7.496621083,float,1,0.0007147962831
longitude,711,-7.350896,float,1,0.0007147962831
longitude,712,-7.162755,float,1,0.0007147962831
longitude,713,-8.338858,float,1,0.0007147962831
longitude,714,-8.72642841,float,1,0.0007147962831
longitude,715,-6.77063,float,1,0.0007147962831
longitude,716,-6.80017225,float,1,0.0007147962831
longitude,717,-3.06484578,float,1,0.0007147962831
longitude,718,-3.32958398,float,1,0.0007147962831
longitude,719,-7.201249,float,1,0.0007147962831
longitude,720,-7.206688,float,1,0.0007147962831
longitude,721,-6.689333,float,1,0.0007147962831
longitude,722,-6.728143,float,1,0.0007147962831
longitude,723,-6.73267,float,1,0.0007147962831
longitude,724,-6.27072134,float,1,0.0007147962831
longitude,725,-1.82679945,float,1,0.0007147962831
longitude,726,-4.49663869,float,1,0.0007147962831
longitude,727,-4.84741417,float,1,0.0007147962831
longitude,728,-6.63186,float,1,0.0007147962831
longitude,729,-4.954938589,float,1,0.0007147962831
longitude,730,-3.13633498,float,1,0.0007147962831
longitude,731,-4.9498517,float,1,0.0007147962831
longitude,732,-4.23608769,float,1,0.0007147962831
longitude,733,-4.08314622,float,1,0.0007147962831
longitude,734,-5.53605208,float,1,0.0007147962831
longitude,735,-6.541224,float,1,0.0007147962831
longitude,736,-4.72278933,float,1,0.0007147962831
longitude,737,-6.911044,float,1,0.0007147962831
longitude,738,-7.134731569,float,1,0.0007147962831
longitude,739,-6.352401,float,1,0.0007147962831
longitude,740,-6.966786,float,1,0.0007147962831
longitude,741,-6.277165,float,1,0.0007147962831
longitude,742,-5.53111628,float,1,0.0007147962831
longitude,743,-8.782069,float,1,0.0007147962831
longitude,744,-8.086909,float,1,0.0007147962831
longitude,745,1.978388,float,1,0.0007147962831
longitude,746,-7.742859615,float,1,0.0007147962831
longitude,747,-6.793755395,float,1,0.0007147962831
longitude,748,-6.505949,float,1,0.0007147962831
longitude,749,-6.486087,float,1,0.0007147962831
longitude,750,-6.485114,float,1,0.0007147962831
longitude,751,-6.83793526,float,1,0.0007147962831
longitude,752,-6.194307,float,1,0.0007147962831
longitude,753,-6.276117,float,1,0.0007147962831
longitude,754,-1.357876824,float,1,0.0007147962831
longitude,755,-6.442601,float,1,0.0007147962831
longitude,756,-7.225497,float,1,0.0007147962831
longitude,757,-6.309999,float,1,0.0007147962831
longitude,758,-6.5559622,float,1,0.0007147962831
longitude,759,-6.25657,float,1,0.0007147962831
longitude,760,-5.02643251,float,1,0.0007147962831
longitude,761,-5.15153656,float,1,0.0007147962831
longitude,762,-6.86407,float,1,0.0007147962831
longitude,763,-6.864208,float,1,0.0007147962831
longitude,764,-6.209696,float,1,0.0007147962831
longitude,765,-4.729168812,float,1,0.0007147962831
longitude,766,-6.12686429,float,1,0.0007147962831
longitude,767,-7.057694,float,1,0.0007147962831
longitude,768,-6.915595531,float,1,0.0007147962831
longitude,769,-6.703245,float,1,0.0007147962831
longitude,770,-6.661965,float,1,0.0007147962831
longitude,771,-6.03370937,float,1,0.0007147962831
longitude,772,-6.257329,float,1,0.0007147962831
longitude,773,-4.25627498,float,1,0.0007147962831
longitude,774,-6.264425,float,1,0.0007147962831
longitude,775,-6.792276,float,1,0.0007147962831
longitude,776,-6.790988,float,1,0.0007147962831
longitude,777,-5.57046121,float,1,0.0007147962831
longitude,778,-6.91579679,float,1,0.0007147962831
longitude,779,-6.250924,float,1,0.0007147962831
longitude,780,-6.572723,float,1,0.0007147962831
longitude,781,-1.7002681,float,1,0.0007147962831
longitude,782,-7.031026,float,1,0.0007147962831
longitude,783,-7.230877,float,1,0.0007147962831
longitude,784,-6.08357984,float,1,0.0007147962831
longitude,785,-6.372357,float,1,0.0007147962831
longitude,786,-6.781144,float,1,0.0007147962831
longitude,787,-6.65682344,float,1,0.0007147962831
longitude,788,-6.28068,float,1,0.0007147962831
longitude,789,-6.601768,float,1,0.0007147962831
longitude,790,-6.485643,float,1,0.0007147962831
longitude,791,-6.675247,float,1,0.0007147962831
longitude,792,-5.810118332,float,1,0.0007147962831
longitude,793,-5.81115461,float,1,0.0007147962831
longitude,794,-8.93707518,float,1,0.0007147962831
longitude,795,-3.941203,float,1,0.0007147962831
longitude,796,-5.780384097,float,1,0.0007147962831
longitude,797,-6.843729,float,1,0.0007147962831
longitude,798,-6.303296,float,1,0.0007147962831
longitude,799,-6.742289,float,1,0.0007147962831
longitude,800,-6.35012,float,1,0.0007147962831
longitude,801,-6.366098,float,1,0.0007147962831
longitude,802,-6.227156,float,1,0.0007147962831
longitude,803,-6.272830572,float,1,0.0007147962831
longitude,804,-7.09200445,float,1,0.0007147962831
longitude,805,-6.12386389,float,1,0.0007147962831
longitude,806,-7.389792601,float,1,0.0007147962831
longitude,807,-6.680765,float,1,0.0007147962831
longitude,808,-6.678937,float,1,0.0007147962831
longitude,809,-6.647751338,float,1,0.0007147962831
longitude,810,-6.526528617,float,1,0.0007147962831
longitude,811,-6.091906439,float,1,0.0007147962831
longitude,812,-4.75159193,float,1,0.0007147962831
longitude,813,-5.05696044,float,1,0.0007147962831
longitude,814,-5.22518723,float,1,0.0007147962831
longitude,815,-5.710476,float,1,0.0007147962831
longitude,816,-5.53272272,float,1,0.0007147962831
longitude,817,0.750551075,float,1,0.0007147962831
longitude,818,-5.845487694,float,1,0.0007147962831
longitude,819,-6.679528,float,1,0.0007147962831
longitude,820,-5.737246,float,1,0.0007147962831
longitude,821,-4.088488287,float,1,0.0007147962831
longitude,822,-4.86455465,float,1,0.0007147962831
longitude,823,-7.252162177,float,1,0.0007147962831
longitude,824,-6.783663,float,1,0.0007147962831
longitude,825,1.56397534,float,1,0.0007147962831
longitude,826,-6.710216453,float,1,0.0007147962831
longitude,827,-6.803756,float,1,0.0007147962831
longitude,828,-6.718484432,float,1,0.0007147962831
longitude,829,-6.744034238,float,1,0.0007147962831
longitude,830,-6.641192062,float,1,0.0007147962831
longitude,831,-6.659935142,float,1,0.0007147962831
longitude,832,-6.839674,float,1,0.0007147962831
longitude,833,0.721974085,float,1,0.0007147962831
longitude,834,-6.47506987,float,1,0.0007147962831
longitude,835,-6.245326356,float,1,0.0007147962831
longitude,836,-6.98657,float,1,0.0007147962831
longitude,837,-4.792955069,float,1,0.0007147962831
longitude,838,-6.837463,float,1,0.0007147962831
longitude,839,-6.722030241,float,1,0.0007147962831
longitude,840,-7.073296,float,1,0.0007147962831
longitude,841,-7.074451,float,1,0.0007147962831
longitude,842,-6.225078172,float,1,0.0007147962831
longitude,843,-6.242122507,float,1,0.0007147962831
longitude,844,-6.269647663,float,1,0.0007147962831
longitude,845,-6.249094717,float,1,0.0007147962831
longitude,846,-6.277635411,float,1,0.0007147962831
longitude,847,-6.357687984,float,1,0.0007147962831
longitude,848,-6.24916967,float,1,0.0007147962831
longitude,849,-6.257719707,float,1,0.0007147962831
longitude,850,-6.275154026,float,1,0.0007147962831
longitude,851,-6.269133468,float,1,0.0007147962831
longitude,852,-6.282185769,float,1,0.0007147962831
longitude,853,-6.298081887,float,1,0.0007147962831
longitude,854,-6.290063387,float,1,0.0007147962831
longitude,855,-6.303436006,float,1,0.0007147962831
longitude,856,-6.301548879,float,1,0.0007147962831
longitude,857,-6.246786721,float,1,0.0007147962831
longitude,858,-6.312830908,float,1,0.0007147962831
longitude,859,-6.324448755,float,1,0.0007147962831
longitude,860,-6.336530028,float,1,0.0007147962831
longitude,861,-6.34697293,float,1,0.0007147962831
longitude,862,-6.22700977,float,1,0.0007147962831
longitude,863,-6.21936529,float,1,0.0007147962831
longitude,864,-2.69980225,float,1,0.0007147962831
longitude,865,-2.69938897,float,1,0.0007147962831
longitude,866,-6.860420204,float,1,0.0007147962831
longitude,867,-7.343846061,float,1,0.0007147962831
longitude,868,-7.338304408,float,1,0.0007147962831
longitude,869,-7.349609362,float,1,0.0007147962831
longitude,870,-7.351158313,float,1,0.0007147962831
longitude,871,-7.339171134,float,1,0.0007147962831
longitude,872,-7.271668,float,1,0.0007147962831
longitude,873,-7.249596,float,1,0.0007147962831
longitude,874,-7.099299,float,1,0.0007147962831
longitude,875,-7.130851,float,1,0.0007147962831
longitude,876,-7.143739,float,1,0.0007147962831
longitude,877,-7.105088,float,1,0.0007147962831
longitude,878,-7.114141,float,1,0.0007147962831
longitude,879,-8.041866241,float,1,0.0007147962831
longitude,880,-8.011148454,float,1,0.0007147962831
longitude,881,-8.028531771,float,1,0.0007147962831
longitude,882,-8.07606624,float,1,0.0007147962831
longitude,883,-8.087943747,float,1,0.0007147962831
longitude,884,-8.509139932,float,1,0.0007147962831
longitude,885,-8.420913246,float,1,0.0007147962831
longitude,886,-8.429428437,float,1,0.0007147962831
longitude,887,-8.383805077,float,1,0.0007147962831
longitude,888,-8.338426528,float,1,0.0007147962831
longitude,889,-8.461982174,float,1,0.0007147962831
longitude,890,-7.073463,float,1,0.0007147962831
longitude,891,-7.078290018,float,1,0.0007147962831
longitude,892,-7.067546514,float,1,0.0007147962831
longitude,893,-7.078569229,float,1,0.0007147962831
longitude,894,-7.057806165,float,1,0.0007147962831
longitude,895,-6.833003242,float,1,0.0007147962831
longitude,896,-6.815977444,float,1,0.0007147962831
longitude,897,-6.810322927,float,1,0.0007147962831
longitude,898,-6.804904535,float,1,0.0007147962831
longitude,899,-6.807225,float,1,0.0007147962831
longitude,900,-6.8168499,float,1,0.0007147962831
longitude,901,-6.83483159,float,1,0.0007147962831
longitude,902,-6.822864394,float,1,0.0007147962831
longitude,903,-6.822070367,float,1,0.0007147962831
longitude,904,-6.82923019,float,1,0.0007147962831
longitude,905,-6.825115744,float,1,0.0007147962831
longitude,906,-6.812778588,float,1,0.0007147962831
longitude,907,-6.928519422,float,1,0.0007147962831
longitude,908,-7.025048543,float,1,0.0007147962831
longitude,909,-7.035842697,float,1,0.0007147962831
longitude,910,-6.971970294,float,1,0.0007147962831
longitude,911,-6.933598417,float,1,0.0007147962831
longitude,912,-6.945743643,float,1,0.0007147962831
longitude,913,-7.095665,float,1,0.0007147962831
longitude,914,-6.875514832,float,1,0.0007147962831
longitude,915,-6.957755032,float,1,0.0007147962831
longitude,916,-6.904142487,float,1,0.0007147962831
longitude,917,-7.205445683,float,1,0.0007147962831
longitude,918,-7.199568201,float,1,0.0007147962831
longitude,919,-7.182336261,float,1,0.0007147962831
longitude,920,-7.183883438,float,1,0.0007147962831
longitude,921,-7.190784935,float,1,0.0007147962831
longitude,922,-7.167960512,float,1,0.0007147962831
longitude,923,-7.346779839,float,1,0.0007147962831
longitude,924,-7.304747156,float,1,0.0007147962831
longitude,925,-7.264400336,float,1,0.0007147962831
longitude,926,-7.320297123,float,1,0.0007147962831
longitude,927,-7.245153564,float,1,0.0007147962831
longitude,928,-6.83448,float,1,0.0007147962831
longitude,929,-6.245522,float,1,0.0007147962831
longitude,930,-6.156194,float,1,0.0007147962831
longitude,931,-6.801538,float,1,0.0007147962831
longitude,932,-4.1737441,float,1,0.0007147962831
longitude,933,-6.831393,float,1,0.0007147962831
longitude,934,-6.941462001,float,1,0.0007147962831
longitude,935,-5.879568,float,1,0.0007147962831
longitude,936,-6.58569922,float,1,0.0007147962831
longitude,937,-4.83968301,float,1,0.0007147962831
longitude,938,-8.073157016,float,1,0.0007147962831
longitude,939,-8.084257619,float,1,0.0007147962831
longitude,940,-8.045089494,float,1,0.0007147962831
longitude,941,-6.76863,float,1,0.0007147962831
longitude,942,-6.766993,float,1,0.0007147962831
longitude,943,2.46672221,float,1,0.0007147962831
longitude,944,-6.863934,float,1,0.0007147962831
longitude,945,-4.32455507,float,1,0.0007147962831
longitude,946,-8.83615,float,1,0.0007147962831
longitude,947,-5.35151691,float,1,0.0007147962831
longitude,948,-6.518363,float,1,0.0007147962831
longitude,949,-3.86157025,float,1,0.0007147962831
longitude,950,-6.323479,float,1,0.0007147962831
longitude,951,-5.62690863,float,1,0.0007147962831
longitude,952,-7.089137,float,1,0.0007147962831
longitude,953,-6.867154,float,1,0.0007147962831
longitude,954,-6.8751,float,1,0.0007147962831
longitude,955,-7.287404,float,1,0.0007147962831
longitude,956,-6.65508336,float,1,0.0007147962831
longitude,957,-6.673844,float,1,0.0007147962831
longitude,958,-6.674982843,float,1,0.0007147962831
longitude,959,-3.55634363,float,1,0.0007147962831
longitude,960,-4.46931815,float,1,0.0007147962831
longitude,961,-4.4879604,float,1,0.0007147962831
longitude,962,-6.75047215,float,1,0.0007147962831
longitude,963,-5.999327232,float,1,0.0007147962831
longitude,964,-6.658458,float,1,0.0007147962831
longitude,965,-6.655847,float,1,0.0007147962831
longitude,966,-6.660487,float,1,0.0007147962831
longitude,967,-6.67569792,float,1,0.0007147962831
longitude,968,-4.28952914,float,1,0.0007147962831
longitude,969,-5.59670435,float,1,0.0007147962831
longitude,970,-3.65426655,float,1,0.0007147962831
longitude,971,-8.81366366,float,1,0.0007147962831
longitude,972,-4.4678804,float,1,0.0007147962831
longitude,973,-6.96913343,float,1,0.0007147962831
longitude,974,-7.117759406,float,1,0.0007147962831
longitude,975,-7.306153169,float,1,0.0007147962831
longitude,976,-5.52470447,float,1,0.0007147962831
longitude,977,-4.92371766,float,1,0.0007147962831
longitude,978,-5.69337669,float,1,0.0007147962831
longitude,979,-4.969944988,float,1,0.0007147962831
longitude,980,-4.989413337,float,1,0.0007147962831
longitude,981,-6.573495024,float,1,0.0007147962831
longitude,982,-5.79243915,float,1,0.0007147962831
longitude,983,-7.601567,float,1,0.0007147962831
longitude,984,-5.65566584,float,1,0.0007147962831
longitude,985,-6.68380114,float,1,0.0007147962831
longitude,986,-6.745011606,float,1,0.0007147962831
longitude,987,-6.685831,float,1,0.0007147962831
longitude,988,-1.760024,float,1,0.0007147962831
longitude,989,-6.266114,float,1,0.0007147962831
longitude,990,-0.857490443,float,1,0.0007147962831
longitude,991,-2.87249648,float,1,0.0007147962831
longitude,992,-6.3221468,float,1,0.0007147962831
longitude,993,-5.93614727,float,1,0.0007147962831
longitude,994,-7.24050428,float,1,0.0007147962831
longitude,995,-3.76257372,float,1,0.0007147962831
longitude,996,-4.85591187,float,1,0.0007147962831
longitude,997,-5.09131042,float,1,0.0007147962831
longitude,998,0.885404145,float,1,0.0007147962831
longitude,999,-7.114596613,float,1,0.0007147962831
longitude,1000,-4.84258713,float,1,0.0007147962831
longitude,1001,-6.85569731,float,1,0.0007147962831
longitude,1002,-7.055279,float,1,0.0007147962831
longitude,1003,-6.684136,float,1,0.0007147962831
longitude,1004,-5.1346965,float,1,0.0007147962831
longitude,1005,-6.150605816,float,1,0.0007147962831
longitude,1006,-6.2820794,float,1,0.0007147962831
longitude,1007,-6.50783301,float,1,0.0007147962831
longitude,1008,-6.177308,float,1,0.0007147962831
longitude,1009,-5.51841148,float,1,0.0007147962831
longitude,1010,-5.765745,float,1,0.0007147962831
longitude,1011,-6.687584,float,1,0.0007147962831
longitude,1012,-6.382352907,float,1,0.0007147962831
longitude,1013,-7.11167808,float,1,0.0007147962831
longitude,1014,-6.80067763,float,1,0.0007147962831
longitude,1015,-7.396401,float,1,0.0007147962831
longitude,1016,-6.775940924,float,1,0.0007147962831
longitude,1017,-4.91145894,float,1,0.0007147962831
longitude,1018,-7.09306382,float,1,0.0007147962831
longitude,1019,-4.80902784,float,1,0.0007147962831
longitude,1020,-6.435729,float,1,0.0007147962831
longitude,1021,-6.37343315,float,1,0.0007147962831
longitude,1022,-5.72673158,float,1,0.0007147962831
longitude,1023,-5.50088639,float,1,0.0007147962831
longitude,1024,-6.428121235,float,1,0.0007147962831
longitude,1025,-6.424116,float,1,0.0007147962831
longitude,1026,-4.219302626,float,1,0.0007147962831
longitude,1027,-2.120186574,float,1,0.0007147962831
longitude,1028,-6.861667,float,1,0.0007147962831
longitude,1029,-6.857687,float,1,0.0007147962831
longitude,1030,-6.848868,float,1,0.0007147962831
longitude,1031,-6.846314,float,1,0.0007147962831
longitude,1032,-7.27895426,float,1,0.0007147962831
longitude,1033,-6.417238,float,1,0.0007147962831
longitude,1034,-6.647761,float,1,0.0007147962831
longitude,1035,-6.657378,float,1,0.0007147962831
longitude,1036,-6.646839,float,1,0.0007147962831
longitude,1037,-6.65309,float,1,0.0007147962831
longitude,1038,-6.662644,float,1,0.0007147962831
longitude,1039,-6.660329,float,1,0.0007147962831
longitude,1040,-6.043106115,float,1,0.0007147962831
longitude,1041,-6.693249,float,1,0.0007147962831
longitude,1042,-6.727729,float,1,0.0007147962831
longitude,1043,-4.48872135,float,1,0.0007147962831
longitude,1044,-3.57829937,float,1,0.0007147962831
longitude,1045,-6.410039,float,1,0.0007147962831
longitude,1046,-6.691573,float,1,0.0007147962831
longitude,1047,-6.68393,float,1,0.0007147962831
longitude,1048,-6.263232,float,1,0.0007147962831
longitude,1049,-6.37128,float,1,0.0007147962831
longitude,1050,-6.372105,float,1,0.0007147962831
longitude,1051,-6.880418,float,1,0.0007147962831
longitude,1052,-6.793456,float,1,0.0007147962831
longitude,1053,-5.935249,float,1,0.0007147962831
longitude,1054,-6.373253,float,1,0.0007147962831
longitude,1055,-5.920964,float,1,0.0007147962831
longitude,1056,-6.700014,float,1,0.0007147962831
longitude,1057,-5.939732,float,1,0.0007147962831
longitude,1058,-5.733243,float,1,0.0007147962831
longitude,1059,-6.324726,float,1,0.0007147962831
longitude,1060,-6.131616,float,1,0.0007147962831
longitude,1061,-6.145248,float,1,0.0007147962831
longitude,1062,-6.137186,float,1,0.0007147962831
longitude,1063,-6.680217,float,1,0.0007147962831
longitude,1064,-4.18623123,float,1,0.0007147962831
longitude,1065,-5.694127,float,1,0.0007147962831
longitude,1066,-6.187362,float,1,0.0007147962831
longitude,1067,-6.867772,float,1,0.0007147962831
longitude,1068,-6.868014,float,1,0.0007147962831
longitude,1069,-6.872681,float,1,0.0007147962831
longitude,1070,-6.857014,float,1,0.0007147962831
longitude,1071,-6.662806,float,1,0.0007147962831
longitude,1072,-6.882559,float,1,0.0007147962831
longitude,1073,-6.879883,float,1,0.0007147962831
longitude,1074,-5.353686168,float,1,0.0007147962831
longitude,1075,-6.580023,float,1,0.0007147962831
longitude,1076,-6.393324,float,1,0.0007147962831
longitude,1077,-6.61855,float,1,0.0007147962831
longitude,1078,-3.59065906,float,1,0.0007147962831
longitude,1079,-5.60335206,float,1,0.0007147962831
longitude,1080,-6.34302469,float,1,0.0007147962831
longitude,1081,-6.803597,float,1,0.0007147962831
longitude,1082,-6.984041,float,1,0.0007147962831
longitude,1083,-4.42006548,float,1,0.0007147962831
longitude,1084,-7.081878,float,1,0.0007147962831
longitude,1085,-6.016481,float,1,0.0007147962831
longitude,1086,-7.145092,float,1,0.0007147962831
longitude,1087,-6.325642464,float,1,0.0007147962831
longitude,1088,-6.36081109,float,1,0.0007147962831
longitude,1089,-6.43174,float,1,0.0007147962831
longitude,1090,-6.845831,float,1,0.0007147962831
longitude,1091,-7.588989,float,1,0.0007147962831
longitude,1092,-6.350256915,float,1,0.0007147962831
longitude,1093,-7.03065,float,1,0.0007147962831
longitude,1094,-6.764656,float,1,0.0007147962831
longitude,1095,-6.270986,float,1,0.0007147962831
longitude,1096,-6.896421,float,1,0.0007147962831
longitude,1097,-6.896323,float,1,0.0007147962831
longitude,1098,-7.43352605,float,1,0.0007147962831
longitude,1099,-7.11433356,float,1,0.0007147962831
longitude,1100,-6.738149,float,1,0.0007147962831
longitude,1101,-6.553396,float,1,0.0007147962831
longitude,1102,7.316032,float,1,0.0007147962831
longitude,1103,27.02204,float,1,0.0007147962831
longitude,1104,-2.223634,float,1,0.0007147962831
longitude,1105,-1.63007,float,1,0.0007147962831
longitude,1106,-2.711791,float,1,0.0007147962831
longitude,1107,-2.577,float,1,0.0007147962831
longitude,1108,-3.9498,float,1,0.0007147962831
longitude,1109,-3.09027,float,1,0.0007147962831
longitude,1110,-3.13475,float,1,0.0007147962831
longitude,1111,-1.4789452,float,1,0.0007147962831
longitude,1112,-4.3525,float,1,0.0007147962831
longitude,1113,-2.827615,float,1,0.0007147962831
longitude,1114,-1.57,float,1,0.0007147962831
longitude,1115,-5.740789,float,1,0.0007147962831
longitude,1116,2.355294,float,1,0.0007147962831
longitude,1117,2.635402,float,1,0.0007147962831
longitude,1118,10.330791,float,1,0.0007147962831
longitude,1119,23.11391977,float,1,0.0007147962831
longitude,1120,23.13601929,float,1,0.0007147962831
longitude,1121,23.11335587,float,1,0.0007147962831
longitude,1122,23.115371,float,1,0.0007147962831
longitude,1123,23.127155,float,1,0.0007147962831
longitude,1124,23.126738,float,1,0.0007147962831
longitude,1125,-6.393549,float,1,0.0007147962831
longitude,1126,-6.514921,float,1,0.0007147962831
longitude,1127,-3.982388,float,1,0.0007147962831
longitude,1128,2.9893489,float,1,0.0007147962831
longitude,1129,3.30155,float,1,0.0007147962831
longitude,1130,3.60942,float,1,0.0007147962831
longitude,1131,3.95027,float,1,0.0007147962831
longitude,1132,4.0964,float,1,0.0007147962831
longitude,1133,4.06599,float,1,0.0007147962831
longitude,1134,3.99346,float,1,0.0007147962831
longitude,1135,3.88514,float,1,0.0007147962831
longitude,1136,3.93138,float,1,0.0007147962831
longitude,1137,3.64533,float,1,0.0007147962831
longitude,1138,2.31071,float,1,0.0007147962831
longitude,1139,2.09385,float,1,0.0007147962831
longitude,1140,3.19965,float,1,0.0007147962831
longitude,1141,3.81601,float,1,0.0007147962831
longitude,1142,6.67405,float,1,0.0007147962831
longitude,1143,6.2684,float,1,0.0007147962831
longitude,1144,6.42703,float,1,0.0007147962831
longitude,1145,10.26005,float,1,0.0007147962831
longitude,1146,19.24514,float,1,0.0007147962831
longitude,1147,19.29202,float,1,0.0007147962831
longitude,1148,19.35704,float,1,0.0007147962831
longitude,1149,19.36579,float,1,0.0007147962831
longitude,1150,19.44524,float,1,0.0007147962831
longitude,1151,18.87,float,1,0.0007147962831
longitude,1152,19.62889,float,1,0.0007147962831
longitude,1153,24.17986,float,1,0.0007147962831
longitude,1154,27.59645,float,1,0.0007147962831
longitude,1155,38.8699,float,1,0.0007147962831
longitude,1156,35.85444,float,1,0.0007147962831
longitude,1157,34.6155,float,1,0.0007147962831
longitude,1158,8.59895,float,1,0.0007147962831
longitude,1159,-3.2075,float,1,0.0007147962831
longitude,1160,-2.13941,float,1,0.0007147962831
longitude,1161,-1.77833,float,1,0.0007147962831
longitude,1162,-0.45706,float,1,0.0007147962831
longitude,1163,7.638,float,1,0.0007147962831
longitude,1164,9.65441,float,1,0.0007147962831
longitude,1165,34.78312,float,1,0.0007147962831
longitude,1166,22.78388,float,1,0.0007147962831
longitude,1167,23.25017,float,1,0.0007147962831
longitude,1168,20.85088,float,1,0.0007147962831
longitude,1169,21.85219,float,1,0.0007147962831
longitude,1170,22.18161,float,1,0.0007147962831
longitude,1171,9.48586,float,1,0.0007147962831
longitude,1172,8.45744,float,1,0.0007147962831
longitude,1173,8.73861,float,1,0.0007147962831
longitude,1174,6.3092,float,1,0.0007147962831
longitude,1175,3.44625,float,1,0.0007147962831
longitude,1176,4.676,float,1,0.0007147962831
longitude,1177,4.07808,float,1,0.0007147962831
longitude,1178,-4.29054,float,1,0.0007147962831
longitude,1179,-2.09102,float,1,0.0007147962831
longitude,1180,1.02106,float,1,0.0007147962831
longitude,1181,1.67113,float,1,0.0007147962831
longitude,1182,1.06072,float,1,0.0007147962831
longitude,1183,1.2061,float,1,0.0007147962831
longitude,1184,6.00313,float,1,0.0007147962831
longitude,1185,6.04311,float,1,0.0007147962831
longitude,1186,6.08827,float,1,0.0007147962831
longitude,1187,6.12479,float,1,0.0007147962831
longitude,1188,12.64449,float,1,0.0007147962831
longitude,1189,22.5191,float,1,0.0007147962831
longitude,1190,22.53566,float,1,0.0007147962831
longitude,1191,23.40928,float,1,0.0007147962831
longitude,1192,23.3596,float,1,0.0007147962831
longitude,1193,23.3854,float,1,0.0007147962831
longitude,1194,23.41106,float,1,0.0007147962831
longitude,1195,25.402973,float,1,0.0007147962831
longitude,1196,23.74068,float,1,0.0007147962831
longitude,1197,32.93564,float,1,0.0007147962831
longitude,1198,33.1183,float,1,0.0007147962831
longitude,1199,33.28867,float,1,0.0007147962831
longitude,1200,33.45824,float,1,0.0007147962831
longitude,1201,33.51039,float,1,0.0007147962831
longitude,1202,33.50741,float,1,0.0007147962831
longitude,1203,33.50294,float,1,0.0007147962831
longitude,1204,33.64821,float,1,0.0007147962831
longitude,1205,33.5459,float,1,0.0007147962831
longitude,1206,33.60846,float,1,0.0007147962831
longitude,1207,33.99392,float,1,0.0007147962831
longitude,1208,34.25977,float,1,0.0007147962831
longitude,1209,34.57736,float,1,0.0007147962831
longitude,1210,34.58035,float,1,0.0007147962831
longitude,1211,34.56964,float,1,0.0007147962831
longitude,1212,34.557,float,1,0.0007147962831
longitude,1213,34.56566,float,1,0.0007147962831
longitude,1214,34.40187,float,1,0.0007147962831
longitude,1215,34.70004,float,1,0.0007147962831
longitude,1216,34.83331,float,1,0.0007147962831
longitude,1217,34.5958,float,1,0.0007147962831
longitude,1218,33.79289,float,1,0.0007147962831
longitude,1219,33.91442,float,1,0.0007147962831
longitude,1220,33.9704,float,1,0.0007147962831
longitude,1221,34.09538,float,1,0.0007147962831
longitude,1222,33.71113,float,1,0.0007147962831
longitude,1223,33.53845,float,1,0.0007147962831
longitude,1224,33.99051,float,1,0.0007147962831
longitude,1225,-3.84729,float,1,0.0007147962831
longitude,1226,-2.94338,float,1,0.0007147962831
longitude,1227,-3.090375,float,1,0.0007147962831
longitude,1228,-0.20218,float,1,0.0007147962831
longitude,1229,-0.04482,float,1,0.0007147962831
longitude,1230,-0.0162,float,1,0.0007147962831
longitude,1231,-0.01666,float,1,0.0007147962831
longitude,1232,0.09424,float,1,0.0007147962831
longitude,1233,0.20906,float,1,0.0007147962831
longitude,1234,0.20692,float,1,0.0007147962831
longitude,1235,-2.63819,float,1,0.0007147962831
longitude,1236,-2.66921,float,1,0.0007147962831
longitude,1237,-2.6435,float,1,0.0007147962831
longitude,1238,-2.61203,float,1,0.0007147962831
longitude,1239,-2.55744,float,1,0.0007147962831
longitude,1240,17.69408456,float,1,0.0007147962831
longitude,1241,17.70472754,float,1,0.0007147962831
longitude,1242,17.65548337,float,1,0.0007147962831
longitude,1243,17.576501,float,1,0.0007147962831
longitude,1244,-4.980637,float,1,0.0007147962831
longitude,1245,-5.1065938,float,1,0.0007147962831
longitude,1246,-5.0211172,float,1,0.0007147962831
longitude,1247,-4.7706634,float,1,0.0007147962831
longitude,1248,-3.1310271,float,1,0.0007147962831
longitude,1249,-6.547813,float,1,0.0007147962831
longitude,1250,-6.150903,float,1,0.0007147962831
longitude,1251,-7.518805876,float,1,0.0007147962831
longitude,1252,-7.514978,float,1,0.0007147962831
longitude,1253,-7.575301,float,1,0.0007147962831
longitude,1254,-7.56867,float,1,0.0007147962831
longitude,1255,-6.377308,float,1,0.0007147962831
longitude,1256,-6.338022,float,1,0.0007147962831
longitude,1257,-6.35066,float,1,0.0007147962831
longitude,1258,-6.343668,float,1,0.0007147962831
longitude,1259,-6.334933,float,1,0.0007147962831
longitude,1260,-1.464882,float,1,0.0007147962831
longitude,1261,-1.464054,float,1,0.0007147962831
longitude,1262,-1.472258,float,1,0.0007147962831
longitude,1263,-0.63984145,float,1,0.0007147962831
longitude,1264,-0.63668938,float,1,0.0007147962831
longitude,1265,-0.55040234,float,1,0.0007147962831
longitude,1266,-2.7120545,float,1,0.0007147962831
longitude,1267,-2.6245449,float,1,0.0007147962831
longitude,1268,-0.61444611,float,1,0.0007147962831
longitude,1269,-3.3855483,float,1,0.0007147962831
longitude,1270,0.48623273,float,1,0.0007147962831
longitude,1271,0.053490246,float,1,0.0007147962831
longitude,1272,0.056278749,float,1,0.0007147962831
longitude,1273,0.36624437,float,1,0.0007147962831
longitude,1274,0.36670228,float,1,0.0007147962831
longitude,1275,0.47258954,float,1,0.0007147962831
longitude,1276,0.48535874,float,1,0.0007147962831
longitude,1277,0.48679343,float,1,0.0007147962831
longitude,1278,0.50292435,float,1,0.0007147962831
longitude,1279,0.51471655,float,1,0.0007147962831
longitude,1280,0.51859492,float,1,0.0007147962831
longitude,1281,0.52989053,float,1,0.0007147962831
longitude,1282,0.53135274,float,1,0.0007147962831
longitude,1283,0.57597937,float,1,0.0007147962831
longitude,1284,0.61814552,float,1,0.0007147962831
longitude,1285,0.92454914,float,1,0.0007147962831
longitude,1286,-2.6604311,float,1,0.0007147962831
longitude,1287,8.109118,float,1,0.0007147962831
longitude,1288,32.403916,float,1,0.0007147962831
longitude,1289,7.762077927,float,1,0.0007147962831
longitude,1290,2.376741,float,1,0.0007147962831
longitude,1291,-4.093482,float,1,0.0007147962831
longitude,1292,23.13534,float,1,0.0007147962831
longitude,1293,21.7195,float,1,0.0007147962831
longitude,1294,23.23532,float,1,0.0007147962831
longitude,1295,22.06576,float,1,0.0007147962831
longitude,1296,22.78475,float,1,0.0007147962831
longitude,1297,22.78975,float,1,0.0007147962831
longitude,1298,22.90538,float,1,0.0007147962831
longitude,1299,22.90588,float,1,0.0007147962831
longitude,1300,22.9039,float,1,0.0007147962831
longitude,1301,22.90373,float,1,0.0007147962831
longitude,1302,22.90354,float,1,0.0007147962831
longitude,1303,26.10807,float,1,0.0007147962831
longitude,1304,23.34104,float,1,0.0007147962831
longitude,1305,23.21079,float,1,0.0007147962831
longitude,1306,23.206326,float,1,0.0007147962831
longitude,1307,22.93684,float,1,0.0007147962831
longitude,1308,22.88347,float,1,0.0007147962831
longitude,1309,22.51706,float,1,0.0007147962831
longitude,1310,22.76524,float,1,0.0007147962831
longitude,1311,22.73696,float,1,0.0007147962831
longitude,1312,28.56422,float,1,0.0007147962831
longitude,1313,21.67238,float,1,0.0007147962831
longitude,1314,23.1644,float,1,0.0007147962831
longitude,1315,22.8677,float,1,0.0007147962831
longitude,1316,22.92407,float,1,0.0007147962831
longitude,1317,22.88266,float,1,0.0007147962831
longitude,1318,23.3726,float,1,0.0007147962831
longitude,1319,23.492982,float,1,0.0007147962831
longitude,1320,22.76271,float,1,0.0007147962831
longitude,1321,23.58887,float,1,0.0007147962831
longitude,1322,23.11359227,float,1,0.0007147962831
longitude,1323,23.12860618,float,1,0.0007147962831
longitude,1324,23.134085,float,1,0.0007147962831
longitude,1325,22.7476,float,1,0.0007147962831
longitude,1326,22.95321,float,1,0.0007147962831
longitude,1327,22.94647,float,1,0.0007147962831
longitude,1328,25.79148,float,1,0.0007147962831
longitude,1329,21.71776,float,1,0.0007147962831
longitude,1330,21.72317,float,1,0.0007147962831
longitude,1331,23.40113,float,1,0.0007147962831
longitude,1332,22.85,float,1,0.0007147962831
longitude,1333,22.28577,float,1,0.0007147962831
longitude,1334,23.04842,float,1,0.0007147962831
longitude,1335,22.98812,float,1,0.0007147962831
longitude,1336,21.75232648,float,1,0.0007147962831
longitude,1337,23.546193,float,1,0.0007147962831
longitude,1338,21.58633,float,1,0.0007147962831
longitude,1339,22.68939,float,1,0.0007147962831
longitude,1340,22.14966,float,1,0.0007147962831
longitude,1341,22.79934,float,1,0.0007147962831
longitude,1342,22.92386,float,1,0.0007147962831
longitude,1343,22.92242,float,1,0.0007147962831
longitude,1344,22.92289,float,1,0.0007147962831
longitude,1345,22.9224,float,1,0.0007147962831
longitude,1346,23.03258,float,1,0.0007147962831
longitude,1347,22.83034,float,1,0.0007147962831
longitude,1348,22.79783,float,1,0.0007147962831
longitude,1349,23.166667,float,1,0.0007147962831
longitude,1350,22.375058,float,1,0.0007147962831
longitude,1351,23.511795,float,1,0.0007147962831
longitude,1352,23.12034374,float,1,0.0007147962831
longitude,1353,23.4648674,float,1,0.0007147962831
longitude,1354,22.843759,float,1,0.0007147962831
longitude,1355,23.067808,float,1,0.0007147962831
longitude,1356,23.499001,float,1,0.0007147962831
longitude,1357,23.154854,float,1,0.0007147962831
longitude,1358,16.105307,float,1,0.0007147962831
longitude,1359,16.115819,float,1,0.0007147962831
longitude,1360,16.120946,float,1,0.0007147962831
longitude,1361,16.10837,float,1,0.0007147962831
longitude,1362,-6.363748,float,1,0.0007147962831
longitude,1363,-6.795227,float,1,0.0007147962831
longitude,1364,-6.442887381,float,1,0.0007147962831
longitude,1365,-6.371449279,float,1,0.0007147962831
longitude,1366,-6.36460443,float,1,0.0007147962831
longitude,1367,-6.447879387,float,1,0.0007147962831
longitude,1368,-6.20349361,float,1,0.0007147962831
longitude,1369,18.04178561,float,1,0.0007147962831
longitude,1370,17.87846097,float,1,0.0007147962831
longitude,1371,-6.42438552,float,1,0.0007147962831
longitude,1372,-6.81653,float,1,0.0007147962831
longitude,1373,-6.80394886,float,1,0.0007147962831
longitude,1374,-6.1333211,float,1,0.0007147962831
longitude,1375,-6.15031566,float,1,0.0007147962831
longitude,1376,-5.89543723,float,1,0.0007147962831
coordinateAccuracy,1,100.0,float,521,0.3724088635
coordinateAccuracy,2,500.0,float,158,0.1129378127
coordinateAccuracy,3,2000.0,float,148,0.1057898499
coordinateAccuracy,4,<NA>,missing,138,0.09864188706
coordinateAccuracy,5,1000.0,float,134,0.09578270193
coordinateAccuracy,6,0.0,float,97,0.06933523946
coordinateAccuracy,7,200.0,float,46,0.03288062902
coordinateAccuracy,8,5.0,float,40,0.02859185132
coordinateAccuracy,9,707.0,float,27,0.01929949964
coordinateAccuracy,10,300.0,float,25,0.01786990708
coordinateAccuracy,11,10.0,float,19,0.01358112938
coordinateAccuracy,12,50.0,float,12,0.008577555397
coordinateAccuracy,13,20.0,float,12,0.008577555397
coordinateAccuracy,14,1500.0,float,6,0.004288777698
coordinateAccuracy,15,5000.0,float,5,0.003573981415
coordinateAccuracy,16,3000.0,float,5,0.003573981415
coordinateAccuracy,17,400.0,float,2,0.001429592566
coordinateAccuracy,18,715.0,float,2,0.001429592566
coordinateAccuracy,19,1100.0,float,1,0.0007147962831
coordinateAccuracy,20,700.0,float,1,0.0007147962831
locationDataSource,1,"Converted in QGIS from Lambert coords, Madrid 1870",str,460,0.3288062902
locationDataSource,2,<NA>,missing,126,0.09006433167
locationDataSource,3,Google Earth,str,82,0.05861329521
locationDataSource,4,http://ran.cimec.ro/,str,64,0.04574696212
locationDataSource,5,Repertoriul Arheologic Naţional: http://ran.cimec.ro/,str,31,0.02215868477
locationDataSource,6,"Estimated from Sanchez-Palencia and Orejas 1994, fig. 14, IGN map, and Google Earth",str,30,0.02144388849
locationDataSource,7,"Estimated from Sanchez-Palencia and Orejas 1994, fig. 17 and Google Earth",str,29,0.02072909221
locationDataSource,8,"Google Earth, placename",str,26,0.01858470336
locationDataSource,9,OS Map of Roman Britain,str,25,0.01786990708
locationDataSource,10,"Estimated from Sanchez-Palencia and Orejas 1994, fig. 14, and Google Earth",str,20,0.01429592566
locationDataSource,11,"Estimated from Sanchez-Palencia and Orejas 1994, fig. 13, IGN map, and Google Earth",str,20,0.01429592566
locationDataSource,12,"Estimated from Sanchez-Palencia and Orejas 1994, fig. 17, IGN map, and Google Earth",str,17,0.01215153681
locationDataSource,13,"Guessed from Google Earth and Sanchez-Palencia and Orejas 1994, fig. 16",str,11,0.007862759114
locationDataSource,14,"Estimated from Sanchez-Palencia and Orejas 1994, fig. 15, and features on Google Earth",str,10,0.007147962831
locationDataSource,15,"Placename, Google Earth, and Sanchez-Palencia and Orejas 1994, fig. 13.",str,10,0.007147962831
locationDataSource,16,"Guessed from Google Earth, IGN map, and Sanchez-Palencia and Orejas 1994, fig. 16",str,10,0.007147962831
locationDataSource,17,"Estimated from Sanchez-Palencia and Orejas 1994, fig. 15, IGN map placename, and Google Earth",str,8,0.005718370264
locationDataSource,18,Guessed from Sanchez-Palencia and Orejas 1994 fig. 13 and Google Earth,str,8,0.005718370264
locationDataSource,19,"Guessed from Google Earth and Sanchez-Palencia and Orejas 1994, fig. 12",str,7,0.005003573981
locationDataSource,20,"Guessed in relation to Villarcebollín and other Cecos sites from Google Earth and Sanchez-Palencia and Orejas 1994, fig. 13.",str,7,0.005003573981
locationDataSource,21,"Placename, Google Earth",str,6,0.004288777698
locationDataSource,22,"Placename, Google Earth.",str,6,0.004288777698
locationDataSource,23,"Estimated from Sanchez-Palencia and Orejas 1994, fig. 15, IGN map, and Google Earth",str,6,0.004288777698
locationDataSource,24,"Estimated from Sanchez-Palencia and Orejas 1994, fig. 13, and Google Earth",str,5,0.003573981415
locationDataSource,25,"Estimated from Sanchez-Palencia and Orejas 1994, fig. 13 and Google Earth",str,5,0.003573981415
locationDataSource,26,"Guessed from Sanchez-Palencia and Orejas 1994, fig. 13; and Google Earth.",str,5,0.003573981415
locationDataSource,27,"Google Earth, IGN map, and Sanchez-Palencia and Orejas 1994, fig. 13.",str,5,0.003573981415
locationDataSource,28,"Placename, IGN map, Google Earth, and Sanchez-Palencia and Orejas 1994, fig. 13.",str,5,0.003573981415
locationDataSource,29,"Estimated from Sanchez-Palencia and Orejas 1994, fig. 15, and Google Earth",str,5,0.003573981415
locationDataSource,30,IGN map and Google Earth,str,5,0.003573981415
locationDataSource,31,"Converted in QGIS from Lambert coords, Madrid 1870; adjusted with reference to IGN map and Google Earth",str,5,0.003573981415
locationDataSource,32,"From Sanchez-Palencia and Orejas 1994, fig. 14, IGN map, and Google Earth, refined by site visit 23/09/2021.",str,4,0.002859185132
locationDataSource,33,"Estimated from Sanchez-Palencia and Orejas 1994, fig. 17,  Fernández-Lozano et al. 2015, fig. 6, and Google Earth",str,4,0.002859185132
locationDataSource,34,Google Earth and IGN map.,str,4,0.002859185132
locationDataSource,35,"Placename on Google Earth; guessed in relation to Sanchez-Palencia and Orejas 1994, fig. 13.",str,4,0.002859185132
locationDataSource,36,Guessed from Sanchez Palencia and Orejas 1994: fig. 13.,str,4,0.002859185132
locationDataSource,37,http://roman-britain.co.uk/places/trevelgue_head.htm,str,4,0.002859185132
locationDataSource,38,"Cech (2012 [2014]), fig. 3 and Google Earth",str,4,0.002859185132
locationDataSource,39,Ciugudean 2012 Pl. VII and Google Earth,str,3,0.002144388849
locationDataSource,40,"Guessed after Sanchez-Palencia and Orejas 1994, fig. 13; and Google Earth.",str,3,0.002144388849
locationDataSource,41,"Converted in QGIS from Lambert coords, Madrid 1870, adjusted with Google Earth.",str,3,0.002144388849
locationDataSource,42,"Sanchez-Palencia and Orejas 1994, fig. 13; and Google Earth and IGN map.",str,3,0.002144388849
locationDataSource,43,"Google Earth and Sanchez-Palencia and Orejas 1994, fig. 13.",str,3,0.002144388849
locationDataSource,44,Placename on Google Earth,str,3,0.002144388849
locationDataSource,45,"Estimated from Sanchez-Palencia and Orejas 1994, fig. 15 and Google Earth",str,3,0.002144388849
locationDataSource,46,"Estimated from Google Earth, IGN map and Sanchez-Palencia and Orejas 1994, fig. 16",str,3,0.002144388849
locationDataSource,47,"Google Earth, placename, and IGN map",str,3,0.002144388849
locationDataSource,48,"Converted in QGIS from Lambert coords, Madrid 1870, adjusted with Google Earth",str,3,0.002144388849
locationDataSource,49,Google Earth/Statement of Significance p. 29 fig. 1,str,3,0.002144388849
locationDataSource,50,Carvalho and da Veiga Ferreira 1954,str,2,0.001429592566
locationDataSource,51,"Google Earth and Domergue 1988 vol. II, 343",str,2,0.001429592566
locationDataSource,52,"Estimated from Google Earth, IGN map, and Sanchez-Palencia and Orejas 1994, fig. 16",str,2,0.001429592566
locationDataSource,53,Guessed: probable opencast on Google Earth,str,2,0.001429592566
locationDataSource,54,"Sanchez-Palencia and Orejas 1994, fig. 13; IGN map, and Google Earth.",str,2,0.001429592566
locationDataSource,55,"Guessed, very approximate after Sanchez-Palencia and Orejas 1994, fig. 13.",str,2,0.001429592566
locationDataSource,56,"Converted in QGIS from Lambert coords, Madrid 1870; Placename, IGN map, Google Earth, and Sanchez-Palencia and Orejas 1994, fig. 13.",str,2,0.001429592566
locationDataSource,57,"Guessed from Sanchez-Palencia and Orejas 1994, fig. 13, and Google Earth",str,2,0.001429592566
locationDataSource,58,Google Earth and IGN map,str,2,0.001429592566
locationDataSource,59,Google Earth and name on IGN map.,str,2,0.001429592566
locationDataSource,60,"Guessed from Google Earth and Sanchez-Palencia and Orejas 1994, fig. 13",str,2,0.001429592566
locationDataSource,61,Guessed: placename on Google Earth,str,2,0.001429592566
locationDataSource,62,IGN Map and Google Earth,str,2,0.001429592566
locationDataSource,63,"Google Earth, visit 4/08/2010 [AIW]",str,2,0.001429592566
locationDataSource,64,"Guessed, from Rio Donsal on IGN map + Google Earth",str,2,0.001429592566
locationDataSource,65,"Guessed, in relation to Villasonte and La Presa, after Sanchez-Palencia and Orejas 1994, fig. 13.",str,2,0.001429592566
locationDataSource,66,"Guessed from Sanchez-Palencia and Orejas 1994, fig. 17, IGN map, and Google Earth",str,2,0.001429592566
locationDataSource,67,dare.ht.lu.se/places/43883,str,2,0.001429592566
locationDataSource,68,GPS,str,2,0.001429592566
locationDataSource,69,Satellite imagery and site visit,str,2,0.001429592566
locationDataSource,70,http://www.cm-moncorvo.pt/o-que-visitar/patrimonio/geologico/buraco-dos-mouros-de-urros,str,1,0.0007147962831
locationDataSource,71,https://wiki.city/en/portugal_braganca_braganca_franca,str,1,0.0007147962831
locationDataSource,72,"Google satellite and von Foullon map, georeferenced.",str,1,0.0007147962831
locationDataSource,73,"Placename on Google Earth, adjusted for von Foullon 1893 fig. 4, georeferenced.",str,1,0.0007147962831
locationDataSource,74,"Placename on Google Earth, adjusted for S. slope.",str,1,0.0007147962831
locationDataSource,75,"Placename on Mapcarta, adjusted from satellite imagery",str,1,0.0007147962831
locationDataSource,76,Guessed from Google Earth and www.moa.gov.cy/moa/gsd/gsd.nsf/All/.../AnnexII_GeologicalHeritage_Revised.pdf,str,1,0.0007147962831
locationDataSource,77,"http://cy.geoview.info/mazokambos,16544",str,1,0.0007147962831
locationDataSource,78,"Taman 1996, 1",str,1,0.0007147962831
locationDataSource,79,"Google Earth, adjusted from dare.ht.lu.se/places/30581",str,1,0.0007147962831
locationDataSource,80,	dare.ht.lu.se/places/30583,str,1,0.0007147962831
locationDataSource,81,https://www.trismegistos.org/place/2837,str,1,0.0007147962831
locationDataSource,82,	dare.ht.lu.se/places/30602,str,1,0.0007147962831
locationDataSource,83,	dare.ht.lu.se/places/30603 / Google Earth,str,1,0.0007147962831
locationDataSource,84,4 km S of Bir Umm Fawakhir,str,1,0.0007147962831
locationDataSource,85,"Google Earth, matched to Cauuet 2001, 37 fig. 7.",str,1,0.0007147962831
locationDataSource,86,"Google Earth, matched to Cauuet 2001, 38 fig. 10.",str,1,0.0007147962831
locationDataSource,87,"Google Earth, matched to Cauuet 2001, 37 fig. 8.",str,1,0.0007147962831
locationDataSource,88,"Google Earth/Google Maps, place name and street name",str,1,0.0007147962831
locationDataSource,89,http://www.megalithic.co.uk/article.php?sid=20206,str,1,0.0007147962831
locationDataSource,90,"Brilon, Google Earth",str,1,0.0007147962831
locationDataSource,91,Location is for the rock art site of Outeiro Machado; mines are said to be nearby,str,1,0.0007147962831
locationDataSource,92,"Google Earth, guessed from description in Simion.",str,1,0.0007147962831
locationDataSource,93,"Google Earth, placename, West of Băişoara [guessed]",str,1,0.0007147962831
locationDataSource,94,Ciugudean 2012 map Pl. VII compared with Google Earth.,str,1,0.0007147962831
locationDataSource,95,"Placename ""Brañalibel"", Google Earth.",str,1,0.0007147962831
locationDataSource,96,Placename Meras on Google Earth,str,1,0.0007147962831
locationDataSource,97,Guessed from Sanchez Palencia and Orejas 1994: fig. 13 in relation to other sites.,str,1,0.0007147962831
locationDataSource,98,Guessed from placename on Google Earth,str,1,0.0007147962831
locationDataSource,99,https://servicios.jcyl.es/pweb/datosYacimiento.do?numero=102282&tipo=yacimiento&ruta=,str,1,0.0007147962831
locationDataSource,100,"Converted in QGIS from Lambert coords, Madrid 1870; adjusted with reference to Google Earth and site visit 27/09/2021.",str,1,0.0007147962831
locationDataSource,101,"Guessed in relation to Villarcebollín from Google Earth and Sanchez-Palencia and Orejas 1994, fig. 13.",str,1,0.0007147962831
locationDataSource,102,Estimated from Google Earth and IGN map,str,1,0.0007147962831
locationDataSource,103,"Estimated from Sanchez-Palencia and Orejas 1994, fig. 15, IGN map, and Google Earth; corrected with https://servicios.jcyl.es/pweb/datosGIS.do?tipo=Yacimiento&numero=94468",str,1,0.0007147962831
locationDataSource,104,"Estimated from Sanchez-Palencia and Orejas 1994, fig. 15, IGN map, and Google Earth; corrected with https://servicios.jcyl.es/pweb/datosGIS.do?tipo=Yacimiento&numero=94300",str,1,0.0007147962831
locationDataSource,105,Guessed from Google Eaerh,str,1,0.0007147962831
locationDataSource,106,Guessed from Google Earth and Sanchez-Palencia and Orejas 1994 fig. 12,str,1,0.0007147962831
locationDataSource,107,"Google Earth, confirmed by photo at http://www.loasturiano.com/lugar-el-corralin-ruta-514",str,1,0.0007147962831
locationDataSource,108,"Guessed in relation to Corralín I and II from Google Earth and Sanchez-Palencia and Orejas 1994, fig. 13.",str,1,0.0007147962831
locationDataSource,109,"GPS, site visit 2010",str,1,0.0007147962831
locationDataSource,110,http://www.cuevadelhierro.com/como-llegar-accesos-a-la-mina/,str,1,0.0007147962831
locationDataSource,111,"Estimated from Sanchez-Palencia and Orejas 1994, figs 8 and 15, IGN map, and Google Earth",str,1,0.0007147962831
locationDataSource,112,Google Earth (located) and IGN map,str,1,0.0007147962831
locationDataSource,113,"Guessed from Sanchez-Palencia and Orejas 1994, fig. 14, IGN map, Google Earth, and IGN LiDAR mapping; confirmed by site visit 24/09/2021.",str,1,0.0007147962831
locationDataSource,114,Estimated from Domergue's description.,str,1,0.0007147962831
locationDataSource,115,Google Earth and http://cartographic.info/espana/map.php?id=533988,str,1,0.0007147962831
locationDataSource,116,"Guessed from Sanchez-Palencia and Orejas 1994, fig. 15, IGN map placename, and Google Earth",str,1,0.0007147962831
locationDataSource,117,Guessed: possible opencast on Google Earth,str,1,0.0007147962831
locationDataSource,118,Guessed: opencasts on Google Earth,str,1,0.0007147962831
locationDataSource,119,"Placename ""A Fornaza"""" on Googe Earth.""",str,1,0.0007147962831
locationDataSource,120,"Estimated from Sanchez-Palencia and Orejas 1994, fig. 14, IGN map, and Google Earth, refined by site visit 23/09/2021",str,1,0.0007147962831
locationDataSource,121,"Converted in QGIS from Lambert coords, Madrid 1870, checked on Google Earth and confirmed on site, Nov. 2017.",str,1,0.0007147962831
locationDataSource,122,"Estimated from Sanchez-Palencia and Orejas 1994, fig. 17 and opencast located on Google Earth",str,1,0.0007147962831
locationDataSource,123,"Converted in QGIS from Lambert coords, Madrid 1870, adjusted with reference to Google Earth.",str,1,0.0007147962831
locationDataSource,124,"Guessed from Sanchez-Palencia and Orejas 1994, fig. 13, IGN map, and Google Earth",str,1,0.0007147962831
locationDataSource,125,"Converted in QGIS from Lambert coords, Madrid 1870; refined by Google Earth and site visit 26/09/2021.",str,1,0.0007147962831
locationDataSource,126,"Guessed from Sanchez-Palencia and Orejas 1994, fig. 17 and Google Earth",str,1,0.0007147962831
locationDataSource,127,"Placename ""La Viliella"""" on Googe Earth.""",str,1,0.0007147962831
locationDataSource,128,"From Sanchez-Palencia and Orejas 1994, fig. 14 and Google Earth, refined by site visit 23/09/2021.",str,1,0.0007147962831
locationDataSource,129,"Guessed from Sanchez-Palencia and Orejas 1994, fig. 13; IGN map, and Google Earth.",str,1,0.0007147962831
locationDataSource,130,Google Earth and http://cartographic.info/espana/map.php?id=533984,str,1,0.0007147962831
locationDataSource,131,"Converted in QGIS from Lambert coords, Madrid 1870; adjusted by comparison with Google Earth",str,1,0.0007147962831
locationDataSource,132,"Estimated from Sanchez-Palencia and Orejas 1994, fig. 14, and Google Earth; seen from below village of Moreda 26/09/2021.",str,1,0.0007147962831
locationDataSource,133,Matías Rodríguez 2013 fig. 1,str,1,0.0007147962831
locationDataSource,134,"Google Earth, IGN, placename",str,1,0.0007147962831
locationDataSource,135,Estimated from IGN map and Google Earth; checked on site.,str,1,0.0007147962831
locationDataSource,136,IGN map,str,1,0.0007147962831
locationDataSource,137,"Converted in QGIS from Lambert coords, Madrid 1870; corrected with Google Satellite",str,1,0.0007147962831
locationDataSource,138,"Guessed from Google Earth & description in Domergue 1987, 84",str,1,0.0007147962831
locationDataSource,139,Google Earth and http://cartographic.info/espana/map.php?id=533979,str,1,0.0007147962831
locationDataSource,140,https://servicios.jcyl.es/pweb/datosGIS.do?tipo=Yacimiento&numero=94440 ,str,1,0.0007147962831
locationDataSource,141,"Converted in QGIS from Lambert coords, Madrid 1870, adjusted from satellite imagery and site visit.",str,1,0.0007147962831
locationDataSource,142,"Converted in QGIS from Lambert coords, Madrid 1870; adjusted with reference to apparent feature on Google Earth.",str,1,0.0007147962831
locationDataSource,143,"Guessed in relation to La Arenera and Villarcebollín from Google Earth and Sanchez-Palencia and Orejas 1994, fig. 13.",str,1,0.0007147962831
locationDataSource,144,"Guessed, from Río de Mosteiro on IGN map + Google Earth",str,1,0.0007147962831
locationDataSource,145,"Guessed in relation to Andina II, after Sanchez-Palencia and Orejas 1994, fig. 13; and Google Earth.",str,1,0.0007147962831
locationDataSource,146,"Google Earth & description in Domergue 1987, 352",str,1,0.0007147962831
locationDataSource,147,"Guessed, Google Earth",str,1,0.0007147962831
locationDataSource,148,"Converted in QGIS from Lambert coords, Madrid 1870, adjusted with reference to Google Earth and IGN map",str,1,0.0007147962831
locationDataSource,149,Guessed: Google Earth,str,1,0.0007147962831
locationDataSource,150,"Converted in QGIS from Lambert coords, Madrid 1870 and then adjusted with Google Earth",str,1,0.0007147962831
locationDataSource,151,"Placename, Riucabo, IGN map, compared with Google Earth.",str,1,0.0007147962831
locationDataSource,152,Guessed from IGN map,str,1,0.0007147962831
locationDataSource,153,Domergue 1987 fig 3,str,1,0.0007147962831
locationDataSource,154,"Converted in QGIS from Lambert coords, Madrid 1870; corrected with https://servicios.jcyl.es/pweb/datosGIS.do?tipo=Yacimiento&numero=103478",str,1,0.0007147962831
locationDataSource,155,"Placename, Google Earth and IGN map",str,1,0.0007147962831
locationDataSource,156,"Converted in QGIS from Lambert coords, Madrid 1870; adjusted with reference to Google Earth",str,1,0.0007147962831
locationDataSource,157,"Orejas 1996, 140 fig. 48, and Google Earth",str,1,0.0007147962831
locationDataSource,158,"Converted in QGIS from Lambert coords, Madrid 1870; adjusted with reference to http://www.milmadreñasrojas.es/esp/06/06_03.html",str,1,0.0007147962831
locationDataSource,159,"Placename, IGN map and Google Earth; cf. Sanchez Palencia and Orejas 1994: fig. 13.",str,1,0.0007147962831
locationDataSource,160,https://vivirasturias.com/la-prida-del-castro,str,1,0.0007147962831
locationDataSource,161,"Sanchez-Palencia and Orejas 1994, fig. 13, and relative relationship to Villavilleiro I.",str,1,0.0007147962831
locationDataSource,162,"Estimated from Sanchez-Palencia and Orejas 1994, fig. 14, and Google Earth, refined by site visit 26/09/2021.",str,1,0.0007147962831
locationDataSource,163,Guessed from Google Earth,str,1,0.0007147962831
locationDataSource,164,Google Earth / visit,str,1,0.0007147962831
locationDataSource,165,Google Earth (site of ancient town),str,1,0.0007147962831
locationDataSource,166,Google Earth; location of modern opencast mine,str,1,0.0007147962831
locationDataSource,167,Modern place name,str,1,0.0007147962831
locationDataSource,168,Google Earth/site visit,str,1,0.0007147962831
locationDataSource,169,http://imperium.ahlfeldt.se/places/18210.html,str,1,0.0007147962831
locationDataSource,170,imperium.ahlfeldt.se/places/17592,str,1,0.0007147962831
locationDataSource,171,imperium.ahlfeldt.se/places/17546,str,1,0.0007147962831
locationDataSource,172,imperium.ahlfeldt.se/places/17545,str,1,0.0007147962831
locationDataSource,173,imperium.ahlfeldt.se/places/17544,str,1,0.0007147962831
locationDataSource,174,	imperium.ahlfeldt.se/places/17541,str,1,0.0007147962831
locationDataSource,175,	imperium.ahlfeldt.se/places/17540,str,1,0.0007147962831
locationDataSource,176,	imperium.ahlfeldt.se/places/17539,str,1,0.0007147962831
locationDataSource,177,imperium.ahlfeldt.se/places/16165,str,1,0.0007147962831
locationDataSource,178,	imperium.ahlfeldt.se/places/16172,str,1,0.0007147962831
locationDataSource,179,	imperium.ahlfeldt.se/places/17538,str,1,0.0007147962831
locationDataSource,180,	imperium.ahlfeldt.se/places/18101,str,1,0.0007147962831
locationDataSource,181,imperium.ahlfeldt.se/places/18160,str,1,0.0007147962831
locationDataSource,182,imperium.ahlfeldt.se/places/12966,str,1,0.0007147962831
locationDataSource,183,	imperium.ahlfeldt.se/places/17320,str,1,0.0007147962831
locationDataSource,184,imperium.ahlfeldt.se/places/17723,str,1,0.0007147962831
locationDataSource,185,	imperium.ahlfeldt.se/places/17724,str,1,0.0007147962831
locationDataSource,186,	dare.ht.lu.se/places/38274,str,1,0.0007147962831
locationDataSource,187,dare.ht.lu.se/places/37972,str,1,0.0007147962831
locationDataSource,188,dare.ht.lu.se/places/37966,str,1,0.0007147962831
locationDataSource,189,dare.ht.lu.se/places/37965,str,1,0.0007147962831
locationDataSource,190,dare.ht.lu.se/places/37967,str,1,0.0007147962831
locationDataSource,191,dare.ht.lu.se/places/37968,str,1,0.0007147962831
locationDataSource,192,dare.ht.lu.se/places/26438,str,1,0.0007147962831
locationDataSource,193,dare.ht.lu.se/places/32630,str,1,0.0007147962831
locationDataSource,194,dare.ht.lu.se/places/33532,str,1,0.0007147962831
locationDataSource,195,	dare.ht.lu.se/places/32379,str,1,0.0007147962831
locationDataSource,196,	dare.ht.lu.se/places/29532,str,1,0.0007147962831
locationDataSource,197,dare.ht.lu.se/places/38048,str,1,0.0007147962831
locationDataSource,198,	dare.ht.lu.se/places/37986,str,1,0.0007147962831
locationDataSource,199,dare.ht.lu.se/places/38063,str,1,0.0007147962831
locationDataSource,200,	dare.ht.lu.se/places/38058,str,1,0.0007147962831
locationDataSource,201,	dare.ht.lu.se/places/40989,str,1,0.0007147962831
locationDataSource,202,	dare.ht.lu.se/places/43784,str,1,0.0007147962831
locationDataSource,203,	dare.ht.lu.se/places/37957,str,1,0.0007147962831
locationDataSource,204,	dare.ht.lu.se/places/37959,str,1,0.0007147962831
locationDataSource,205,	dare.ht.lu.se/places/37999,str,1,0.0007147962831
locationDataSource,206,	dare.ht.lu.se/places/38163,str,1,0.0007147962831
locationDataSource,207,	dare.ht.lu.se/places/42445,str,1,0.0007147962831
locationDataSource,208,dare.ht.lu.se/places/38166,str,1,0.0007147962831
locationDataSource,209,	dare.ht.lu.se/places/33474,str,1,0.0007147962831
locationDataSource,210,	dare.ht.lu.se/places/33548,str,1,0.0007147962831
locationDataSource,211,	dare.ht.lu.se/places/38270,str,1,0.0007147962831
locationDataSource,212,	dare.ht.lu.se/places/38260,str,1,0.0007147962831
locationDataSource,213,	dare.ht.lu.se/places/38202,str,1,0.0007147962831
locationDataSource,214,	dare.ht.lu.se/places/38061,str,1,0.0007147962831
locationDataSource,215,	dare.ht.lu.se/places/38203,str,1,0.0007147962831
locationDataSource,216,dare.ht.lu.se/places/18238,str,1,0.0007147962831
locationDataSource,217,dare.ht.lu.se/places/18213,str,1,0.0007147962831
locationDataSource,218,dare.ht.lu.se/places/17557,str,1,0.0007147962831
locationDataSource,219,dare.ht.lu.se/places/17542,str,1,0.0007147962831
locationDataSource,220,	dare.ht.lu.se/places/38316,str,1,0.0007147962831
locationDataSource,221,	dare.ht.lu.se/places/43783,str,1,0.0007147962831
locationDataSource,222,	dare.ht.lu.se/places/12237,str,1,0.0007147962831
locationDataSource,223,	dare.ht.lu.se/places/18098,str,1,0.0007147962831
locationDataSource,224,	dare.ht.lu.se/places/12315,str,1,0.0007147962831
locationDataSource,225,	dare.ht.lu.se/places/38210,str,1,0.0007147962831
locationDataSource,226,	dare.ht.lu.se/places/17334,str,1,0.0007147962831
locationDataSource,227,	dare.ht.lu.se/places/18042,str,1,0.0007147962831
locationDataSource,228,dare.ht.lu.se/places/18044,str,1,0.0007147962831
locationDataSource,229,	dare.ht.lu.se/places/26619,str,1,0.0007147962831
locationDataSource,230,	dare.ht.lu.se/places/38183,str,1,0.0007147962831
locationDataSource,231,	dare.ht.lu.se/places/31685,str,1,0.0007147962831
locationDataSource,232,	dare.ht.lu.se/places/31677,str,1,0.0007147962831
locationDataSource,233,	dare.ht.lu.se/places/31687,str,1,0.0007147962831
locationDataSource,234,	dare.ht.lu.se/places/31675,str,1,0.0007147962831
locationDataSource,235,	dare.ht.lu.se/places/31695,str,1,0.0007147962831
locationDataSource,236,	dare.ht.lu.se/places/31683,str,1,0.0007147962831
locationDataSource,237,https://vici.org/edit.php?id=32999,str,1,0.0007147962831
locationDataSource,238,dare.ht.lu.se/places/23380,str,1,0.0007147962831
locationDataSource,239,	dare.ht.lu.se/places/42380,str,1,0.0007147962831
locationDataSource,240,	dare.ht.lu.se/places/30536,str,1,0.0007147962831
locationDataSource,241,	dare.ht.lu.se/places/34446,str,1,0.0007147962831
locationDataSource,242,	dare.ht.lu.se/places/30517,str,1,0.0007147962831
locationDataSource,243,	dare.ht.lu.se/places/30535,str,1,0.0007147962831
locationDataSource,244,	dare.ht.lu.se/places/30520,str,1,0.0007147962831
locationDataSource,245,	dare.ht.lu.se/places/30522,str,1,0.0007147962831
locationDataSource,246,	dare.ht.lu.se/places/30516,str,1,0.0007147962831
locationDataSource,247,	dare.ht.lu.se/places/30529,str,1,0.0007147962831
locationDataSource,248,	dare.ht.lu.se/places/38072,str,1,0.0007147962831
locationDataSource,249,	dare.ht.lu.se/places/38071,str,1,0.0007147962831
locationDataSource,250,	dare.ht.lu.se/places/38068,str,1,0.0007147962831
locationDataSource,251,	dare.ht.lu.se/places/38078,str,1,0.0007147962831
locationDataSource,252,	dare.ht.lu.se/places/42459,str,1,0.0007147962831
locationDataSource,253,	dare.ht.lu.se/places/38076,str,1,0.0007147962831
locationDataSource,254,	dare.ht.lu.se/places/38079,str,1,0.0007147962831
locationDataSource,255,	dare.ht.lu.se/places/38081,str,1,0.0007147962831
locationDataSource,256,	dare.ht.lu.se/places/38067,str,1,0.0007147962831
locationDataSource,257,	dare.ht.lu.se/places/38066,str,1,0.0007147962831
locationDataSource,258,dare.ht.lu.se/places/38080,str,1,0.0007147962831
locationDataSource,259,	dare.ht.lu.se/places/30585,str,1,0.0007147962831
locationDataSource,260,	dare.ht.lu.se/places/34471,str,1,0.0007147962831
locationDataSource,261,	dare.ht.lu.se/places/30599,str,1,0.0007147962831
locationDataSource,262,	dare.ht.lu.se/places/38073,str,1,0.0007147962831
locationDataSource,263,	dare.ht.lu.se/places/38070,str,1,0.0007147962831
locationDataSource,264,dare.ht.lu.se/places/42451,str,1,0.0007147962831
locationDataSource,265,	dare.ht.lu.se/places/38084,str,1,0.0007147962831
locationDataSource,266,	dare.ht.lu.se/places/38082,str,1,0.0007147962831
locationDataSource,267,dare.ht.lu.se/places/40807,str,1,0.0007147962831
locationDataSource,268,	dare.ht.lu.se/places/43902,str,1,0.0007147962831
locationDataSource,269,http://www.coflein.gov.uk/en/site/302270/details/ffridd-roman-mining-settlement,str,1,0.0007147962831
locationDataSource,270,dare.ht.lu.se/places/43876,str,1,0.0007147962831
locationDataSource,271,	dare.ht.lu.se/places/43877,str,1,0.0007147962831
locationDataSource,272,	dare.ht.lu.se/places/43878,str,1,0.0007147962831
locationDataSource,273,	dare.ht.lu.se/places/43879,str,1,0.0007147962831
locationDataSource,274,	dare.ht.lu.se/places/43882,str,1,0.0007147962831
locationDataSource,275,dare.ht.lu.se/places/43884,str,1,0.0007147962831
locationDataSource,276,	dare.ht.lu.se/places/43875,str,1,0.0007147962831
locationDataSource,277,	dare.ht.lu.se/places/43874,str,1,0.0007147962831
locationDataSource,278,	dare.ht.lu.se/places/43872,str,1,0.0007147962831
locationDataSource,279,dare.ht.lu.se/places/43873,str,1,0.0007147962831
locationDataSource,280,"Placename ""Crvene Zemlje"""" on Mapcarta"", adjusted with reference to satellite imagery",str,1,0.0007147962831
locationDataSource,281,"Placename ""Devetaci"""" on Mapcarta"", adjusted for SE slope (von Foullon p. 24)",str,1,0.0007147962831
locationDataSource,282,"Description in Foullon 1893, 19, checked against satellite imagery",str,1,0.0007147962831
locationDataSource,283,"Placename on Google Earth, adjusted for Rucker 1896 map, georeferenced.",str,1,0.0007147962831
locationDataSource,284,Converted from OS grid ref ST 2173 8770 as given at http://www.industrialgwent.co.uk/d13-draethen/index.htm,str,1,0.0007147962831
locationDataSource,285,Google Earth and ground visit.,str,1,0.0007147962831
locationDataSource,286,Google Earth and ground visit,str,1,0.0007147962831
locationDataSource,287,Google Earth and ground visit nearby,str,1,0.0007147962831
locationDataSource,288,"Google Earth, matched to Cauuet 2001, 35 fig. 2.",str,1,0.0007147962831
locationDataSource,289,"Google Earth, matched to Cauuet 2001, 35 fig. 3.",str,1,0.0007147962831
locationDataSource,290,"Google Earth, matched to Cauuet 2001, 35 fig. 4.",str,1,0.0007147962831
locationDataSource,291,Placename on Google Earth; mines must lie outside the town,str,1,0.0007147962831
locationDataSource,292,https://www.mindat.org/loc-146588.html_x000D_,str,1,0.0007147962831
locationDataSource,293,"Simion 2006, 138",str,1,0.0007147962831
locationDataSource,294,"Simion 2006, 137",str,1,0.0007147962831
locationDataSource,295,"Site visit 23/09/2021. Name taken from nearest toponym on IGN 1:25,000 map.",str,1,0.0007147962831
locationDataSource,296,	dare.ht.lu.se/places/38269,str,1,0.0007147962831
locationDataSource,297,	dare.ht.lu.se/places/38255,str,1,0.0007147962831
locationDataSource,298,https://servicios.jcyl.es/pweb/datosGIS.do?tipo=Yacimiento&numero=102391,str,1,0.0007147962831
locationDataSource,299,https://servicios.jcyl.es/pweb/datosYacimiento.do?numero=102437,str,1,0.0007147962831
locationDataSource,300,"https://servicios.jcyl.es/pweb/datosYacimiento.do?numero=102413_x000D_
",str,1,0.0007147962831
locationDataSource,301,https://servicios.jcyl.es/pweb/datosYacimiento.do?numero=102402,str,1,0.0007147962831
locationDataSource,302,https://servicios.jcyl.es/pweb/datosYacimiento.do?numero=102130,str,1,0.0007147962831
locationDataSource,303,"Foullon 1893,fig. 4",str,1,0.0007147962831
locationDataSource,304,"Foullon 1893, 44",str,1,0.0007147962831
locationDataSource,305,https://servicios.jcyl.es/pweb/datosYacimiento.do?numero=97339,str,1,0.0007147962831
locationDataSource,306,https://www.dices.net/espana/movil/mapa-Leon-Ferreiruscas-136182,str,1,0.0007147962831
locationDataSource,307,Guessed from description.,str,1,0.0007147962831
locationDataSource,308,Satellite imagery and https://servicios.jcyl.es/pweb/datosGIS.do?tipo=Yacimiento&numero=109842,str,1,0.0007147962831
locationNotes,1,<NA>,missing,1169,0.8355968549
locationNotes,2,"On the Gherghelea Hill between the villages of Baita, Craciunesti and Fizeş",str,4,0.002859185132
locationNotes,3,"The mine is located in the Metaliferi Mountains, at the node of the village of Hărgănani, on the right side of the Valley of Racăş  ",str,4,0.002859185132
locationNotes,4,"In the Metaliferous Mountains, Mureş Basin, Geoagiu Valley",str,4,0.002859185132
locationNotes,5,"The site is located in the Metaliferous Mountains, Mureş Basin, in the Mialu or Malu Hills, south of Canestia  ",str,4,0.002859185132
locationNotes,6,"The Karth is a wooded plateau SE of Neunkirchen, between the S6 and A2 motorways.",str,4,0.002859185132
locationNotes,7,"In the Măgura Vânătariei, the Făţuţa slope, on Sfredel Hill",str,3,0.002144388849
locationNotes,8,need to add details of sub-sites,str,3,0.002144388849
locationNotes,9,Domergue does not give coordinates,str,3,0.002144388849
locationNotes,10,Guessed,str,3,0.002144388849
locationNotes,11,Mialu Hill and Piţiguş Hill in the Bolcana Valley,str,2,0.001429592566
locationNotes,12,"NE of the village, on the road that goes up through the tailings heap.",str,2,0.001429592566
locationNotes,13,Assumed to be destroyed by modern mine.,str,2,0.001429592566
locationNotes,14,"Checked on ground by AIW, September 2018",str,2,0.001429592566
locationNotes,15,Mines over a length of 9 km; need to add detail from Domergue as separate sites,str,2,0.001429592566
locationNotes,16,"Spelled Valdevecios on the IGN map, and Valdevercios by Sanchez-Palencia and Orejas",str,2,0.001429592566
locationNotes,17,TR 0459,str,2,0.001429592566
locationNotes,18,"In the mountains of Poiana Rusca, Cernei Valley ",str,2,0.001429592566
locationNotes,19,"In the Metaliferous Mountains, Valea Crişului Alb  ",str,2,0.001429592566
locationNotes,20,"The site is located in the Metaliferi Mountains, on Draica Hill, east of the village of Saliste  
",str,2,0.001429592566
locationNotes,21,Arieş river,str,2,0.001429592566
locationNotes,22,"Location is actually slightly to the N of this point, at confluence of rio Erges and ribeiro do Segundo Areijo",str,1,0.0007147962831
locationNotes,23,"Klemm and Klemm 2011, 133 fig. 5.78 and Google Earth",str,1,0.0007147962831
locationNotes,24,General place-holder for district; coordinates refer to Agrileza Valley,str,1,0.0007147962831
locationNotes,25,"On the Albac stream, at the point ""Gura Rezii"" near the church",str,1,0.0007147962831
locationNotes,26,"Simion 2006: 132: ""Metaliferi Mountains on the plateau between the springs of the Criş şi Ampoi  Rivers: Runcu Massiv, Bojeniţa Hill. Roman mining traces on Alexandru Vein,  Sever Vein,  Adriana Vein. Archaeological sites. (points) – Corneatca (Toţi Sfinţii mining point),  Coronţi (Baba Hill) and Negrii Hill (Jupiter and Junona statues)""",str,1,0.0007147962831
locationNotes,27,"Poiana Ruscă Mountains, on the left bank of the Cerna Valley",str,1,0.0007147962831
locationNotes,28,"Vidra de Sus, on the right bank of the Aries river.",str,1,0.0007147962831
locationNotes,29,"Region called Crişul Alb Area, between Măgura Caraci, Ţebea, and Baia de Criş.",str,1,0.0007147962831
locationNotes,30,"Urban site located on a plateau. Archaeological site located approximately by comparing the topographic map of Romania 1:25 000 with the map in Luca S. 2008, p. 25.",str,1,0.0007147962831
locationNotes,31,"""Basin of the Mureş River, valley of the Arieş River, a tributary of the Ierţii brook, west of Băişoara"" (Simion 2006, 133)",str,1,0.0007147962831
locationNotes,32,#NAME?,str,1,0.0007147962831
locationNotes,33,At the foot of the Gherghele Hill near the Roman settlement,str,1,0.0007147962831
locationNotes,34,"On the saddle between the Ghergheleului Hills, the Măgurii Vânătărie HIlls, and the Măgurile Băiţei (Sfredel and Cornet Hill).",str,1,0.0007147962831
locationNotes,35,"Mialu Hill and Piţiguş Hill in the Bolcana Valley, above the tailing dumps",str,1,0.0007147962831
locationNotes,36,"In the basin of Caraş, Valea Ciclovei",str,1,0.0007147962831
locationNotes,37,Locality on the Bistra stream,str,1,0.0007147962831
locationNotes,38,"""Cernei Mountains, valley of the Mehadia River, the Bolvaşniţa tributary, 5 km"" (Simion 2006, 134).",str,1,0.0007147962831
locationNotes,39,"""Ţarcului Mountains, valley of the Timiş River, the Sebeş tributary"" (Simion 2006, 134).",str,1,0.0007147962831
locationNotes,40,Southern slopes of the Vâlcoi-Corabia massif.,str,1,0.0007147962831
locationNotes,41,SW slopes of the Corabia massif.,str,1,0.0007147962831
locationNotes,42,Coordinates in RAN are wrong.,str,1,0.0007147962831
locationNotes,43,"NE of the village, on the road that goes up through the tailings heap on the left side of the Ceinel Valley.",str,1,0.0007147962831
locationNotes,44,"SE of the village, on the left side of the Ceinel Valley.",str,1,0.0007147962831
locationNotes,45,NE of Câinelu de Sus village,str,1,0.0007147962831
locationNotes,46,"NE of the village of Câinelu de Sus, under the current tailings dump.",str,1,0.0007147962831
locationNotes,47,"Simion 2006: 135: ""G. Téglàs affirms that there were vestiges of mines on all the surrounding hills and in the precincts of today's village (the Câinelul, Trestia, Ruda,  Măgura-Caraci, Dealul Ungurului, Fericiaua and Poiana Techeruc villages).""",str,1,0.0007147962831
locationNotes,48,Magura Hill,str,1,0.0007147962831
locationNotes,49,"In the Caraşului basin, Valea Ciclovei",str,1,0.0007147962831
locationNotes,50,"Bazinul Caraşului, Valea Ciclovei  ",str,1,0.0007147962831
locationNotes,51,"Is this Monte Barreiro, = Domergue LU 13.2.1?",str,1,0.0007147962831
locationNotes,52,"A guess, on the basis that ""Buiran"" might be a typo for the actual Buisan.",str,1,0.0007147962831
locationNotes,53,"IGN map shows ""Mina de El Riego - abandonada""",str,1,0.0007147962831
locationNotes,54,https://servicios.jcyl.es/pweb/datosGIS.do?tipo=Yacimiento&numero=94468,str,1,0.0007147962831
locationNotes,55,Location guessed,str,1,0.0007147962831
locationNotes,56,The same as Domergue's Rio Navia 2 site O 8.ii,str,1,0.0007147962831
locationNotes,57,"CHECK to see if this is the same as Domergue's Ermita de la Estrella, which is nearby",str,1,0.0007147962831
locationNotes,58,Check to see if same as Domergue's Reguera de las Fuentes,str,1,0.0007147962831
locationNotes,59,1 km to E of LE 47.1.,str,1,0.0007147962831
locationNotes,60,"Domergue's ""El Pedregal "" = Sanchez-Palencia & Orejas ""Las Medorras""",str,1,0.0007147962831
locationNotes,61,Trapezoid defined by points given by Domergue; coord here is approx. centroid,str,1,0.0007147962831
locationNotes,62,"To the S. of the Astorga-Santa Colomba road, betweek Km 8 and 9.",str,1,0.0007147962831
locationNotes,63,"Possibly a duplicate of Domergue's ""Riodeporcos"""" which is next to it.""",str,1,0.0007147962831
locationNotes,64,"Assumed that Domergue's  ""Hervederas"" = Sanchez Palencia & Orejas' ""Río Bárcena"" since locations roughly match",str,1,0.0007147962831
locationNotes,65,"Rectangle of 24 km2 limited by 439,484; 435,484; 435, 391; 439, 391",str,1,0.0007147962831
locationNotes,66,"""on the Cantabrian coast, a league and a half to the east of Ribadeo"". (Borlase 1897)",str,1,0.0007147962831
locationNotes,67,probably same as Domergue Rio Ibias,str,1,0.0007147962831
locationNotes,68,Stone dumps visible on Google Earth.,str,1,0.0007147962831
locationNotes,69,Huge zone 4.6 km x 500 m worked by hydraulic mining to a depth of 10 m,str,1,0.0007147962831
locationNotes,70,Immediately North of Villar de las Traviesas.,str,1,0.0007147962831
locationNotes,71,Stone dumps visible on Google Earth,str,1,0.0007147962831
locationNotes,72,"RECTANGLE of 31 km2, defined by points given by Domergue. Coord here is est. centroid",str,1,0.0007147962831
locationNotes,73,Coordinates are for a point between the two toponyms Meiriña and La Raña on the IGN map,str,1,0.0007147962831
locationNotes,74,Toponym  Coto dos Castros on the IGN map,str,1,0.0007147962831
locationNotes,75,Covas de Lourido,str,1,0.0007147962831
locationNotes,76,Location from Domergue's entry for Navelgas (does not distinguish between Navelgas Nord and Sur). I have assumed that Navelgas Nord = the Mina de Entrepeñas.,str,1,0.0007147962831
locationNotes,77,"Mina la Moura marked on the IGN 1:25,000 map; see also https://cartographic.info/espana/map.php?id=121345",str,1,0.0007147962831
locationNotes,78,"Possibly the same as Domergue's Madarnas, which is close by ",str,1,0.0007147962831
locationNotes,79,"Possibly = A Veiga da Boullosa; if not, it is not far away",str,1,0.0007147962831
locationNotes,80,CHECK WHETHER DOMERGUE'S PENA ROYA REFERS TO THIS OR TO WHAT I HAVE CALLED LA CIBRERA,str,1,0.0007147962831
locationNotes,81,Mining may extend over a large area,str,1,0.0007147962831
locationNotes,82,Point in middle of large quadrilateral 6 x 3 or 4 km,str,1,0.0007147962831
locationNotes,83,Immediately east of the motorway intersection at Pradorrey.,str,1,0.0007147962831
locationNotes,84,By car park at the pass on the road.,str,1,0.0007147962831
locationNotes,85,NB Domergue has map number wrong: 471 (not 741) is correct,str,1,0.0007147962831
locationNotes,86,Is this = MS-088 ?,str,1,0.0007147962831
locationNotes,87,This is almost certainly misplaced and should be with the other OR 3 sites,str,1,0.0007147962831
locationNotes,88,"Domergue's ""Río Sil 1: El Carril"" = Sanchez-Palencia & Orejas "" La Sufreira""",str,1,0.0007147962831
locationNotes,89,"Domergue's ""Río Sil 1: Friera"" = Sanchez-Palencia & Orejas ""Las Valiñas"" ",str,1,0.0007147962831
locationNotes,90,"Domergue's ""Río Sil 1: Requejo de Portela"" =  Sanchez-Palencia & Orejas ""O Trave""",str,1,0.0007147962831
locationNotes,91,"Domergue's ""Río Sil 1: Valina"" =  Sanchez-Palencia & Orejas ""El Cabalón""",str,1,0.0007147962831
locationNotes,92,"Domergue's ""Río Sil 2: arroyo de Balén"" must = Sanchez-Palencia & Orejas ""La Tiñosa""",str,1,0.0007147962831
locationNotes,93,"Domergue's ""Río Sil 2: La Peña del Cuervo"" = Sanchez-Palencia & Orejas ""O Subreiral""",str,1,0.0007147962831
locationNotes,94,"Domergue's ""Río Sil 2: Quereño"" = Sanchez-Palencia & Orejas ""Foi Pidriña""",str,1,0.0007147962831
locationNotes,95,"Domergue's ""Río Sil 2: Río Cabrera"" = Sanchez-Palencia & Orejas ""A Meana""",str,1,0.0007147962831
locationNotes,96,"Domergue's ""Entoma 1"" = Sanchez-Palencia & Orejas ""Entoma II""",str,1,0.0007147962831
locationNotes,97,"Domergue's ""Entoma 2"" = Sanchez-Palencia & Orejas ""Entoma I""",str,1,0.0007147962831
locationNotes,98,between La Rúa and San Miguel de Otero on the right bank of the Sil (Domergue does not give coordinates),str,1,0.0007147962831
locationNotes,99,Santurjop = Santurxo,str,1,0.0007147962831
locationNotes,100,"Assuming Las Chozas = As Chouzas on the IGN map, in which case it is the same as Domergue's Río Sil 4: Viña Grande",str,1,0.0007147962831
locationNotes,101,Assuming Sampayo = San Paio,str,1,0.0007147962831
locationNotes,102,"Unclear which of the two sites,  San Félix de las Montañas I and II, is the one referred to by Domergue.",str,1,0.0007147962831
locationNotes,103,"NB coordinates from Domergue's ""San Félix de las Montañas"""" - same as San Félix de las Montañas I""",str,1,0.0007147962831
locationNotes,104,need coordinates for II and III,str,1,0.0007147962831
locationNotes,105,The same as Domergue's Rio Navia 2 site O 8.i,str,1,0.0007147962831
locationNotes,106,Large mining zone,str,1,0.0007147962831
locationNotes,107,need to add detail from sub-sites,str,1,0.0007147962831
locationNotes,108,Large mining zone 20 x 10 km,str,1,0.0007147962831
locationNotes,109,in vicinity of bifurcation of roads for Berlanga and Valverde de Llerena,str,1,0.0007147962831
locationNotes,110,Chamborros is the name on the IGN map,str,1,0.0007147962831
locationNotes,111,need to add detail from Domergue for LE 43.4-5,str,1,0.0007147962831
locationNotes,112,need to add detail from Domergue for LE 43.2,str,1,0.0007147962831
locationNotes,113,near Matlock,str,1,0.0007147962831
locationNotes,114,near Carcassonne,str,1,0.0007147962831
locationNotes,115,From Google Earth,str,1,0.0007147962831
locationNotes,116,Immediately to west of ski-lift station,str,1,0.0007147962831
locationNotes,117,near Wrexham,str,1,0.0007147962831
locationNotes,118,NGR: SW8764,str,1,0.0007147962831
locationNotes,119,NGR: SW7840,str,1,0.0007147962831
locationNotes,120,NGR: SW8562,str,1,0.0007147962831
locationNotes,121,NGR: SX0367,str,1,0.0007147962831
locationNotes,122,"Cefn-pwll-du - ""Hill of the Black Pit""",str,1,0.0007147962831
locationNotes,123,SE 9018,str,1,0.0007147962831
locationNotes,124,SK 9224,str,1,0.0007147962831
locationNotes,125,SK 9815,str,1,0.0007147962831
locationNotes,126,SO 5112,str,1,0.0007147962831
locationNotes,127,SO 5708,str,1,0.0007147962831
locationNotes,128,SP 9498,str,1,0.0007147962831
locationNotes,129,ST 0330,str,1,0.0007147962831
locationNotes,130,TF 6817,str,1,0.0007147962831
locationNotes,131,TQ 4431,str,1,0.0007147962831
locationNotes,132,TQ 4438,str,1,0.0007147962831
locationNotes,133,TQ 6629,str,1,0.0007147962831
locationNotes,134,TQ 6630,str,1,0.0007147962831
locationNotes,135,TQ 7413,str,1,0.0007147962831
locationNotes,136,TQ 7510,str,1,0.0007147962831
locationNotes,137,TQ 7513,str,1,0.0007147962831
locationNotes,138,TQ 7617,str,1,0.0007147962831
locationNotes,139,TQ 7712,str,1,0.0007147962831
locationNotes,140,TQ 7720,str,1,0.0007147962831
locationNotes,141,TQ 7814,str,1,0.0007147962831
locationNotes,142,TQ 7817,str,1,0.0007147962831
locationNotes,143,TQ 8121,str,1,0.0007147962831
locationNotes,144,TQ 8420,str,1,0.0007147962831
locationNotes,145,pre-Roman; Roman (Augustan); 1475 - 1549,str,1,0.0007147962831
locationNotes,146,SX515691,str,1,0.0007147962831
locationNotes,147,"The mine is located in the Poiana Rusca Mountains, Timis Valley.",str,1,0.0007147962831
locationNotes,148,"The mine is located in the Munţii Almăjului, Danube Valley, Eibenthal Creek.",str,1,0.0007147962831
locationNotes,149,The mine is located on the Tisoviţa creek.  ,str,1,0.0007147962831
locationNotes,150,  ,str,1,0.0007147962831
locationNotes,151,"Fizeş, on the boundary of the locality.",str,1,0.0007147962831
locationNotes,152,"in the Metaliferi Mountains, Mureş Basin, Branisca Valley, between the Cornet and Sfredel hills, close to Băita",str,1,0.0007147962831
locationNotes,153,"In the Poiana Rusca mountains, Cernei Valley ",str,1,0.0007147962831
locationNotes,154,"The mine is located in the Metaliferous Mountains, in the Crişul Alb basin  ",str,1,0.0007147962831
locationNotes,155,"Hondol - Coranda, on the edge of the village",str,1,0.0007147962831
locationNotes,156,"Hondol, in the Metaliferous Mountains, Mureş Basin, Valea Geoagiului",str,1,0.0007147962831
locationNotes,157,"In the Vulcan Mountains, Jiu Valley",str,1,0.0007147962831
locationNotes,158,near the Baia de Arieş,str,1,0.0007147962831
locationNotes,159,"Aninei Mountains, basin of the Caraş River.",str,1,0.0007147962831
locationNotes,160,"Mânerău, in the mountains of Poiana Rusca, Cernei Valley ",str,1,0.0007147962831
locationNotes,161,"Muntele Mic, valley of the Timiş River, valley of the Bistra River.",str,1,0.0007147962831
locationNotes,162,"Mesteacăn, com. Municipiul Brad, on the edge of the village.",str,1,0.0007147962831
locationNotes,163,"Mesteacăn, com. Răchitova, on the border of the village.",str,1,0.0007147962831
locationNotes,164,"Locvei Mountains, Boşneag Valley, Clisura Dunării.",str,1,0.0007147962831
locationNotes,165,On a hill named Blidaru in the border,str,1,0.0007147962831
locationNotes,166,The site is located on the NE edge of the village,str,1,0.0007147962831
locationNotes,167,"commune of Ocoliş, Cluj County; basin of the Mureş River, valley of the Arieş River, the Ocoliş stream, left slope,
north-east of the town.",str,1,0.0007147962831
locationNotes,168,"In the Vulcan Mountains, Jiului Valley",str,1,0.0007147962831
locationNotes,169,Pianu de Jos - La Margini,str,1,0.0007147962831
locationNotes,170,"The archaeological site of Ribita - Mina Ribita, on the edge of the village.",str,1,0.0007147962831
locationNotes,171,On the summit of Breza.,str,1,0.0007147962831
locationNotes,172,Orlea massif,str,1,0.0007147962831
locationNotes,173,The Carnic Massif is 500 m south of the Unitarian church in the village. ,str,1,0.0007147962831
locationNotes,174,Cătălina Monuleşti - historic centre - Coş massif. Protected area of the historic centre of the village.,str,1,0.0007147962831
locationNotes,175," Sasca Montană - Dealul Tecla, north of the village of Cărbunari  ",str,1,0.0007147962831
locationNotes,176,"Locvei Mountains, valley of the Nera River.",str,1,0.0007147962831
locationNotes,177,"Semenic Mountains, valley of the Timiş River, Slatina Valley.",str,1,0.0007147962831
locationNotes,178,"The archaeological site of Stănija, on the edge of the village  ",str,1,0.0007147962831
locationNotes,179,"Ştinăpari - Chelu Hill, 3 km NE of the village  
",str,1,0.0007147962831
locationNotes,180,"Muntele Mare, valley of the Arieş River, Iara tributary",str,1,0.0007147962831
locationNotes,181,"Dognecea Mountains, valley of the Caraş River, Cornereţ tributary.",str,1,0.0007147962831
locationNotes,182,"In the Poiana Rusca Mountains, Cerna Valley  
",str,1,0.0007147962831
locationNotes,183,"Ticvaniu Mic - Sălişte, at the border with Agadici",str,1,0.0007147962831
locationNotes,184,"Topliţa - Măgura Topliţa, on the border of the village, 20m from the bank of Pârâul Topliţa, on the western slope of the hill  ",str,1,0.0007147962831
locationNotes,185,"commune of Izvorul Ampoiului, near ancient Ampelum, on the SE and NW slopes of Dumbrava hill.",str,1,0.0007147962831
locationNotes,186,"Clisura Dunării, north of the Valea Vărad village.",str,1,0.0007147962831
locationNotes,187,"Muntele Mic, valley of the Timiş River, valley of the Bolvaşniţa River.",str,1,0.0007147962831
locationNotes,188,"Commune of Ocoliş, on the upper Arieş river.",str,1,0.0007147962831
locationNotes,189,"On the edge of the village, in the upper valley of the same name",str,1,0.0007147962831
locationNotes,190,1.5 km SW of Otero,str,1,0.0007147962831
locationNotes,191,"N of Robledo de las Traviesas, on left bank of the Arroyo de Sorbrera.",str,1,0.0007147962831
locationNotes,192,https://vici.org/vici/84014/,str,1,0.0007147962831
locationNotes,193,"Between Murias de Pedredo and Montrondo, to W of Castro de Murias / El Cubichón",str,1,0.0007147962831
locationNotes,194,In (or very near to) Puente de Domingo Flórez.,str,1,0.0007147962831
locationNotes,195,North of Puente de Domingo Flórez on the bank of the Sil.,str,1,0.0007147962831
locationNotes,196,On the south slope of the ridge immediately W of the motorway intersection W of Pradorrey.,str,1,0.0007147962831
locationNotes,197,"NW of Brazuelo, on the south side of the Arroyo del Bosque.",str,1,0.0007147962831
notBeforeOpeningDate,1,<NA>,missing,1160,0.8291636883
notBeforeOpeningDate,2,-30.0,float,61,0.04360257327
notBeforeOpeningDate,3,106.0,float,59,0.0421729807
notBeforeOpeningDate,4,43.0,float,34,0.02430307362
notBeforeOpeningDate,5,-330.0,float,33,0.02358827734
notBeforeOpeningDate,6,-20.0,float,27,0.01929949964
notBeforeOpeningDate,7,-19.0,float,3,0.002144388849
notBeforeOpeningDate,8,-550.0,float,2,0.001429592566
notBeforeOpeningDate,9,-200.0,float,2,0.001429592566
notBeforeOpeningDate,10,1.0,float,2,0.001429592566
notBeforeOpeningDate,11,80.0,float,2,0.001429592566
notBeforeOpeningDate,12,300.0,float,2,0.001429592566
notBeforeOpeningDate,13,400.0,float,1,0.0007147962831
notBeforeOpeningDate,14,-8.0,float,1,0.0007147962831
notBeforeOpeningDate,15,-300.0,float,1,0.0007147962831
notBeforeOpeningDate,16,-100.0,float,1,0.0007147962831
notBeforeOpeningDate,17,44.0,float,1,0.0007147962831
notBeforeOpeningDate,18,70.0,float,1,0.0007147962831
notBeforeOpeningDate,19,72.0,float,1,0.0007147962831
notBeforeOpeningDate,20,-750.0,float,1,0.0007147962831
notBeforeOpeningDate,21,50.0,float,1,0.0007147962831
notBeforeOpeningDate,22,200.0,float,1,0.0007147962831
notBeforeOpeningDate,23,47.0,float,1,0.0007147962831
notBeforeOpeningDate,24,250.0,float,1,0.0007147962831
notAfterOpeningDate,1,<NA>,missing,1200,0.8577555397
notAfterOpeningDate,2,-30.0,float,48,0.03431022159
notAfterOpeningDate,3,271.0,float,42,0.03002144389
notAfterOpeningDate,4,-330.0,float,32,0.02287348106
notAfterOpeningDate,5,200.0,float,24,0.01715511079
notAfterOpeningDate,6,50.0,float,14,0.01000714796
notAfterOpeningDate,7,130.0,float,10,0.007147962831
notAfterOpeningDate,8,150.0,float,4,0.002859185132
notAfterOpeningDate,9,230.0,float,3,0.002144388849
notAfterOpeningDate,10,100.0,float,3,0.002144388849
notAfterOpeningDate,11,300.0,float,3,0.002144388849
notAfterOpeningDate,12,-550.0,float,2,0.001429592566
notAfterOpeningDate,13,225.0,float,2,0.001429592566
notAfterOpeningDate,14,120.0,float,2,0.001429592566
notAfterOpeningDate,15,600.0,float,1,0.0007147962831
notAfterOpeningDate,16,-20.0,float,1,0.0007147962831
notAfterOpeningDate,17,1.0,float,1,0.0007147962831
notAfterOpeningDate,18,421.0,float,1,0.0007147962831
notAfterOpeningDate,19,-200.0,float,1,0.0007147962831
notAfterOpeningDate,20,49.0,float,1,0.0007147962831
notAfterOpeningDate,21,-50.0,float,1,0.0007147962831
notAfterOpeningDate,22,72.0,float,1,0.0007147962831
notAfterOpeningDate,23,-750.0,float,1,0.0007147962831
notAfterOpeningDate,24,250.0,float,1,0.0007147962831
notBeforeClosingDate,1,<NA>,missing,1204,0.8606147248
notBeforeClosingDate,2,640.0,float,48,0.03431022159
notBeforeClosingDate,3,300.0,float,41,0.02930664761
notBeforeClosingDate,4,106.0,float,38,0.02716225876
notBeforeClosingDate,5,15.0,float,23,0.01644031451
notBeforeClosingDate,6,167.0,float,10,0.007147962831
notBeforeClosingDate,7,-30.0,float,8,0.005718370264
notBeforeClosingDate,8,50.0,float,6,0.004288777698
notBeforeClosingDate,9,400.0,float,3,0.002144388849
notBeforeClosingDate,10,120.0,float,3,0.002144388849
notBeforeClosingDate,11,200.0,float,2,0.001429592566
notBeforeClosingDate,12,150.0,float,2,0.001429592566
notBeforeClosingDate,13,100.0,float,2,0.001429592566
notBeforeClosingDate,14,270.0,float,2,0.001429592566
notBeforeClosingDate,15,170.0,float,2,0.001429592566
notBeforeClosingDate,16,9.0,float,1,0.0007147962831
notBeforeClosingDate,17,600.0,float,1,0.0007147962831
notBeforeClosingDate,18,70.0,float,1,0.0007147962831
notBeforeClosingDate,19,250.0,float,1,0.0007147962831
notBeforeClosingDate,20,620.0,float,1,0.0007147962831
notAfterClosingDate,1,<NA>,missing,1171,0.8370264475
notAfterClosingDate,2,640.0,float,60,0.04288777698
notAfterClosingDate,3,300.0,float,58,0.04145818442
notAfterClosingDate,4,271.0,float,48,0.03431022159
notAfterClosingDate,5,410.0,float,36,0.02573266619
notAfterClosingDate,6,-30.0,float,8,0.005718370264
notAfterClosingDate,7,250.0,float,6,0.004288777698
notAfterClosingDate,8,230.0,float,4,0.002859185132
notAfterClosingDate,9,400.0,float,3,0.002144388849
notAfterClosingDate,10,650.0,float,1,0.0007147962831
notAfterClosingDate,11,200.0,float,1,0.0007147962831
notAfterClosingDate,12,9.0,float,1,0.0007147962831
notAfterClosingDate,13,421.0,float,1,0.0007147962831
notAfterClosingDate,14,750.0,float,1,0.0007147962831
inUseDate,1,<NA>,missing,1122,0.8020014296
inUseDate,2,Roman,str,122,0.08720514653
inUseDate,3,Roman  ,str,54,0.03859899929
inUseDate,4,Ptolemaic / Roman,str,13,0.00929235168
inUseDate,5,"Roman, Medieval",str,9,0.006433166548
inUseDate,6,"Roman, Modern  ",str,8,0.005718370264
inUseDate,7,Ptolemaic,str,7,0.005003573981
inUseDate,8,"Roman, Medieval  ",str,6,0.004288777698
inUseDate,9,"end 2nd/ start 1st c BC onwards_x000D_
",str,3,0.002144388849
inUseDate,10,"La Tène, Medieval; Roman?",str,3,0.002144388849
inUseDate,11,"Roman, Medieval, Modern  ",str,3,0.002144388849
inUseDate,12,unspecified ,str,2,0.001429592566
inUseDate,13,"Roman, Medieval, Modern",str,2,0.001429592566
inUseDate,14,Iron Age and Roman,str,2,0.001429592566
inUseDate,15,Iron Age & Roman,str,2,0.001429592566
inUseDate,16,"Medieval, Roman  ",str,2,0.001429592566
inUseDate,17,Roman / 2nd-3rd c. AD,str,2,0.001429592566
inUseDate,18,Egyptian / Ptolemaic / Roman,str,1,0.0007147962831
inUseDate,19,"La Tene D2 to Roman period_x000D_
",str,1,0.0007147962831
inUseDate,20,"1st & 2nd Iron Age to Roman period_x000D_
",str,1,0.0007147962831
inUseDate,21,Roman (imperial period),str,1,0.0007147962831
inUseDate,22,Roman: Augustan,str,1,0.0007147962831
inUseDate,23,"La Tène, Roman, Medieval",str,1,0.0007147962831
inUseDate,24,"Coin hoard, Trajan to Septimius Severus",str,1,0.0007147962831
inUseDate,25,"Bronze Age, Roman, Medieval, Modern",str,1,0.0007147962831
inUseDate,26,Coin of Caracalla,str,1,0.0007147962831
inUseDate,27,"Roman (coin hoard closing 251), Medieval, Modern  ",str,1,0.0007147962831
inUseDate,28,Ceramics & coins of 3rd c.,str,1,0.0007147962831
inUseDate,29,Coin hoard closing Constantius III (AD 421),str,1,0.0007147962831
inUseDate,30,"Bronze Age, 2nd millennium BC, Roman, Medieval, Modern ",str,1,0.0007147962831
inUseDate,31,"Prehistoric, La Tène, Roman, Medieval  ",str,1,0.0007147962831
inUseDate,32,"Hellenistic-Republican, Roman",str,1,0.0007147962831
inUseDate,33,Late Republican/early Julio-Claudia,str,1,0.0007147962831
inUseDate,34,4th c. BC to 2nd/3rd c. AD (?),str,1,0.0007147962831
inUseDate,35,1st to 3rd c. AD,str,1,0.0007147962831
inUseDate,36,Egyptian / Ptolemaic,str,1,0.0007147962831
inUseDate,37,La Tène,str,1,0.0007147962831
inUseDate,38,Roman / 3rd c. AD,str,1,0.0007147962831
inUseDate,39,"Roman, Medieval, Modern, Contemporary",str,1,0.0007147962831
inUseDate,40,"La Tène, Medieval, Roman  ",str,1,0.0007147962831
inUseDate,41,"Roman, Medieval, Modern ",str,1,0.0007147962831
inUseDate,42,Necunoscută  ,str,1,0.0007147962831
inUseDate,43,"Daco-Roman, Medieval, Modern, Contemporary",str,1,0.0007147962831
inUseDate,44,La Tène/Dacian,str,1,0.0007147962831
inUseDate,45,Unknown,str,1,0.0007147962831
inUseDate,46,Roman / 1st-3rd c. AD,str,1,0.0007147962831
inUseDate,47,"Medieval, Roman, Modern  ",str,1,0.0007147962831
inUseDate,48,"Roman, Modern, Contemporary",str,1,0.0007147962831
inUseDate,49,Antiquity,str,1,0.0007147962831
inUseDate,50,"La Tène, Roman, Medieval, Modern, Contemporary",str,1,0.0007147962831
inUseDate,51,"Roman, Contemporary",str,1,0.0007147962831
inUseDate,52,"La Tène, Roman",str,1,0.0007147962831
inUseDate,53,"Bronze Age, Hallstatt, Medieval  ",str,1,0.0007147962831
inUseDate,54,Roman (2nd/3rd c. AD),str,1,0.0007147962831
metalMinedGold,1,TRUE,str,828,0.5918513224
metalMinedGold,2,FALSE,str,550,0.3931379557
metalMinedGold,3,<NA>,missing,16,0.01143674053
metalMinedGold,4,?,str,5,0.003573981415
metalMinedSilver,1,0.0,float,1113,0.795568263
metalMinedSilver,2,1.0,float,268,0.1915654039
metalMinedSilver,3,<NA>,missing,18,0.0128663331
metalMinedLead,1,0.0,float,1115,0.7969978556
metalMinedLead,2,1.0,float,266,0.1901358113
metalMinedLead,3,<NA>,missing,18,0.0128663331
metalMinedCopper,1,0.0,float,1134,0.810578985
metalMinedCopper,2,1.0,float,244,0.1744102931
metalMinedCopper,3,<NA>,missing,21,0.01501072194
metalMinedTin,1,0.0,float,1360,0.972122945
metalMinedTin,2,1.0,float,21,0.01501072194
metalMinedTin,3,<NA>,missing,18,0.0128663331
metalMinedIron,1,0.0,float,1292,0.9235167977
metalMinedIron,2,1.0,float,89,0.06361686919
metalMinedIron,3,<NA>,missing,18,0.0128663331
metalMinedMercuryCinnabar,1,0.0,float,1375,0.9828448892
metalMinedMercuryCinnabar,2,<NA>,missing,18,0.0128663331
metalMinedMercuryCinnabar,3,1.0,float,6,0.004288777698
metalMinedZinc,1,0.0,float,1373,0.9814152966
metalMinedZinc,2,<NA>,missing,18,0.0128663331
metalMinedZinc,3,1.0,float,8,0.005718370264
metalMinedOther,1,0.0,float,1380,0.9864188706
metalMinedOther,2,<NA>,missing,19,0.01358112938
description,1,<NA>,missing,1146,0.8191565404
description,2,Roman mine gallery.,str,7,0.005003573981
description,3,Castro immediately adjacent to mine.,str,5,0.003573981415
description,4,Hydraulic opencast mining visible on Google Earth,str,4,0.002859185132
description,5,Archaeological site of Slatina-Nera - Mina Nera,str,3,0.002144388849
description,6,"60-70 opencast pits on the S. slope of Rosinj and Devetak. No ore found, so probably prospection pits. The scale and number of the pits in a difficult location suggests Roman workings, contemporary with the exploitation of the alluvial deposits, and in a search for primary deposits, (For the hydraulic works, see Zlatno Guvno)",str,2,0.001429592566
description,7,Iron mine.,str,2,0.001429592566
description,8,Gold mine.,str,2,0.001429592566
description,9,Roman and modern mine gallery.,str,2,0.001429592566
description,10,Fed by aqueduct channel.,str,2,0.001429592566
description,11,Corona immediately adjacent to mine.,str,2,0.001429592566
description,12,Calamine also mined here,str,2,0.001429592566
description,13,"Hushing, developed out of ditches of hillfort",str,2,0.001429592566
description,14,"A copper mining district with also extraction of silver, iron, and perhaps gold. Two bronze tablets were found here detailing the laws and regulations as well as the imperial administration's role in managing the town, granting leases, and overseeing the mining works.",str,1,0.0007147962831
description,15,"Two banks of debris, 50 m wide and 10 m high, running for c. 1 km; also 31 opencast pits about 3–5 m diameter. Von Foullon 1893 description seems to indicate that this is opencast mining. Bordeaux 1904, 117, says there was an aqueduct from the Suhodol spring.",str,1,0.0007147962831
description,16,"A Byzantine-period gold mining site surveyed by archaeologists in detail. 216 buildings have been identified housing an estimated labour force of 1,000.  Now heavily destroyed and damaged by modern mining.",str,1,0.0007147962831
description,17,Ostraca record supplies from the Nile valley.,str,1,0.0007147962831
description,18,Dated to La Tene D2 by pottery_x000D_,str,1,0.0007147962831
description,19,C14 datings on timbers_x000D_,str,1,0.0007147962831
description,20,"Mining structures have been identified including galleries and shafts, as well as a mining village and installations for processing ore. Highly organized site with multiple mining companies active.",str,1,0.0007147962831
description,21,Familiae Caesaris of Tiberius quae est in metallis (Hirt p. 81),str,1,0.0007147962831
description,22,"Mining trenches, tools, lamps, wooden gutters; tailings of washed-out sand.",str,1,0.0007147962831
description,23,"Difficult to tell extent of Roman workings, given that there was prehistoric mining as well. The local mining villages had imported shells and bowls from the 2nd and 3rd centuries. New infrastructure was created for the mines including roads, settlements and forts. Specialist contractors brought in after military establishment. The oppidum was involved in mine workings but whether this was under imperial control is unknown",str,1,0.0007147962831
description,24,"Large hydraulic system employed with multiple leats. Probably this mine did not continue operations into the imperial period. Roads were built connecting the settlements and mines as well as providing extra regional travel. Nearby are located stone structures which could be workers' hamlets (over 250 groups). Pliny notes a Rebublican law forbidding the use of more than 5000 workers in a single mine, which might indicate that prior to this rule more had been present.",str,1,0.0007147962831
description,25,"Known as Phaeno in Roman times. A copper mining site located in the Wadi Faynan off the Wadi ‘Arabah. Peak production was in the fourth century which is later than most mining sites especially those in the western empire. The underground mining was extensive and the mine of Umm al-Amad is one of the largest known mine galleries in the Roman empire. An estimated 2,500-7,000 tons of copper were produced here.",str,1,0.0007147962831
description,26,"Open trenches and underground galleries, with stepped descent. Some shafts up to 70 m deep. Large exploitation chamber.",str,1,0.0007147962831
description,27,"Work started shortly after conquest in the 1st century BC then lasted until the 3rd century AD. Corta de Covas opencast, 430 m in length, 2.3 million m³ removed. Traces of firesetting at the base. Underground galleries for ore extraction, and prospection. Peak extraction dates to first half of second century AD. Anvil stones from Roman water-powered ore-crushing machines have been found.",str,1,0.0007147962831
description,28,A site with possible traces of Roman gold washing.,str,1,0.0007147962831
description,29,"There are three gold veins on this plateau which have archaeological evidence dating to the Roman period. Galleries were found in 1893 (Teglas), running from the top of the hill and 12 m wide (Simion 1996: 132). Possible traces of hydraulic operations visible on Google Earth - check!",str,1,0.0007147962831
description,30,"Roman structures have been identified here as well as possible sites of ""gold washing"",",str,1,0.0007147962831
description,31,"Mining extended across the Crişul Alb Area, between Măgura Caraci, Ţebea, and Baia de Criş. A Roman gallery at Adamul. Finds include coins of Marcus Aurelius and Antoninus Pius. Nearby is located a Roman mining settlement (under Baia de Cris). At Caraci iron tools, possibly Roman, were found. Some evidence for water leats was recorded but it is not clear to what this refers.",str,1,0.0007147962831
description,32,Originally found were Roman buildings which are no longer existing. Tools and miners' lamps were also found.,str,1,0.0007147962831
description,33,"Extensive subterranean silver mine. Roman structures including hydraulic tanks and buildings were recorded in the 19th century but they are no longer visible. Galleries were approximately 2 m high and 0.56–0.65 m wide. Finds discovered include mining tools, lamps, mosaics, tiles and mural paintings in the nearby buildings.",str,1,0.0007147962831
description,34,"Roman gallery on the slope of the Ghergheleului with a ceiling width of 42 cm, a width of 75 cm in the middle, a width of 85 cm, a height of 1.95 cm (the floor is not reached), and worked in steps.",str,1,0.0007147962831
description,35,"Mining settlement (exploitation) of Băiţa-Măgura. Mining, extraction and administrative center (about 20 buildings, canals and a rainwater collection basin).",str,1,0.0007147962831
description,36,"""Roman buildings and artefacts related to the exploitation of the stone were reported here. According to some information, gold sands have been washed here to select the precious metal."" - Luca 2008, 32 (translated).",str,1,0.0007147962831
description,37,Roman mine gallery.  Intrarea în galerie este prăbuşită.,str,1,0.0007147962831
description,38,Roman mine gallery. This gallery links with the exploitation of Magdana Hill in the village of Trestia. The mouth of the gallery is collapsing.,str,1,0.0007147962831
description,39,Collapsed gallery,str,1,0.0007147962831
description,40,Copper mine.,str,1,0.0007147962831
description,41,It was reported in the late 1800s that Roman structures existed and evidence for mining included tools. Gold washing was said to have taken place.,str,1,0.0007147962831
description,42,"Mostly a site of iron mining, but gold, silver, and tin were also exploited. Found nearby were miners' lamps and bricks stamped by the Legio IV Flavia Felix.",str,1,0.0007147962831
description,43,A site of gold washing.,str,1,0.0007147962831
description,44,gold washing?,str,1,0.0007147962831
description,45,"Quartz-vein opencast, 600 m long and up to 40 m deep. Channels and hushing tanks on the eastern edge (said by Ciugudean to be for ore-processing; but this happens downhill, in the Poduri area).",str,1,0.0007147962831
description,46,Quartz-vein opencast.,str,1,0.0007147962831
description,47,Channels and ponds for ore processing visible on Google Earth. Probable slag heap to SW.,str,1,0.0007147962831
description,48,Roman mine gallery (galeria Petru şi Pavel / Peter and Paul gallery) with trapezoidal cross-section. In 1929 or 1930 the hub and some spokes of a wooden water-lifting wheel were found.,str,1,0.0007147962831
description,49,Bucureşci gold mine.,str,1,0.0007147962831
description,50,"Roman and modern mine gallery.  The gallery runs E-W; it is flooded; width c. 1.5 m, length c. 60 m.",str,1,0.0007147962831
description,51,"Roman and modern mine gallery, flooded, with a height of c. 1.20 m.",str,1,0.0007147962831
description,52,Mine workings existed on many of the surrounding hills. Coins and Roman bricks were found as well.,str,1,0.0007147962831
description,53,Roman workings.,str,1,0.0007147962831
description,54,"Roman workings. ""In the “Valea Şteampurilor” spot one can see sand and gravel mounds resulted from"" - sIMION 2006: 136.",str,1,0.0007147962831
description,55,"Roman settlements surround the mine. Piles of debris from washing the gold ore are present on the surface near the mines. ""Mining exploitation point - Marcul (surface mining)."" - Simion 2006: 136",str,1,0.0007147962831
description,56,Copper mining.,str,1,0.0007147962831
description,57,"Roman mine galleries, and cemetery at Cinciş.",str,1,0.0007147962831
description,58,Surface exploitation.,str,1,0.0007147962831
description,59,Surface exploitation and mine galleries.,str,1,0.0007147962831
description,60,Surface exploitation. Steril de granulaţie mică .,str,1,0.0007147962831
description,61,Castro adjacent to mine,str,1,0.0007147962831
description,62,"Hydraulic mining, partly re-using ditch of castro (misinterpreted by Fanzul Perada as evidence for pre-Roman hydraulic mining)",str,1,0.0007147962831
description,63,Google Earth shows extensive stone dumps or murias.,str,1,0.0007147962831
description,64,"""As in the case of San Finx, these mines were worked by the ancients,  the method being to open up a trench or cast on the back of the lode,  thus forming a pile on either side""""; """"cavernous workings were sometimes resorted to"""". (Borlase 1897: 17). (This is what Borlase refers to as the ""Tyre and Sidon"" reservation near Fontao and Merza.)""",str,1,0.0007147962831
description,65,"Located in the Mazarron region it was a huge mining area as indicated by the archaeological remains of buildings, workings and mining waste (over 2.4 million tons). It had galleries measuring over 2 km in length. It was opened in the Republican period and was leased to mining companies.",str,1,0.0007147962831
description,66,Underground adit driven into hillside; prospection?,str,1,0.0007147962831
description,67,Large underground Roman silver and lead mine. Based on archeaological finds including coins the mining started in the 2nd century BC. Five Archimedes’ screws have been found along with mining tools. The mines went to a depth of 225 metres.,str,1,0.0007147962831
description,68,"Castro immediately adjacent to mine, possible gully issuing from ditch at South.",str,1,0.0007147962831
description,69,"Piriform opencast. Castro of El Saldonal nearby (42.446088, -6.144155).",str,1,0.0007147962831
description,70,Google Earth shows an area worked out by hushing or ground-sluicing; and a possible corona to the East.,str,1,0.0007147962831
description,71,Google Earth suggests that the mine is adjacent to/imbircated with a corona.,str,1,0.0007147962831
description,72,"Numerous channels and stone dumps from ground sluicing, visible on Google Earth.",str,1,0.0007147962831
description,73,Remains of a mine and smelteries found,str,1,0.0007147962831
description,74,"Large and deep opencast fed by multiple aqueducts, with hushing tanks.",str,1,0.0007147962831
description,75,"Sizeable mining zone, largely destroyed by 19th/20th-c. works",str,1,0.0007147962831
description,76,"Large alluvial ruina montium mine, with some reworking of the downhill parts in the late 19th century.",str,1,0.0007147962831
description,77,Extensive area of rake/comb workings along tributary of the Rio Duerna,str,1,0.0007147962831
description,78,"Several hydraulic opencasts; two on the N side of the valley; a large one on the S side, and a smaller piriform opencast to the S of that. In the main, S, opencast there are subterranean galleries opening off the side of the opencast.",str,1,0.0007147962831
description,79,Large hydraulic opencast.,str,1,0.0007147962831
description,80,Aqueduct and hushing opencast visible on Google Earth.,str,1,0.0007147962831
description,81,Very large opencase worked by ruina montium technique; one tunnel still visible towards northern end of east face of opencast. Mine supplied by aqueduct said to be c. 40 km long.,str,1,0.0007147962831
description,82,"""Rafas"" or open trenches",str,1,0.0007147962831
description,83,Large reservoir for collecting meltwater.,str,1,0.0007147962831
description,84,Calamine was also mined here.,str,1,0.0007147962831
description,85,"3 main aqueducts fed this mine; one is 21.5 km long from Murias de Ponjos, and another 17.5 km from Ponjos. http://www.diariodeleon.es/noticias/cultura/identifican-mas-50-kilometros-canalizacion-romana-omana_535566.html",str,1,0.0007147962831
description,86,Extensive hydraulic mining in alluvial deposits. Castro immediately adjacent to mine.,str,1,0.0007147962831
description,87,"Located in the Salamanca district, over 40km of hydraulic channels have been recorded. Dossier IV. Mostly exploitation was by hushing but also some open cast and underground mines were worked. Approximately 2.5 million cubic metres of material were moved.",str,1,0.0007147962831
description,88,Opencast pit nearly 20 m deep; volume of earth extracted calculated at 1083 m3 from LiDAR survey.,str,1,0.0007147962831
description,89,The river Sil was diverted to expose the placer deposits. Where the river made a sharp turn it was diverted through a rock-cut tunnel.,str,1,0.0007147962831
description,90,"I have assumed that Navelgas Nord = the Mina de Entrepeñas, underground gallery; usually flooded.",str,1,0.0007147962831
description,91,Possible hydraulic opencast mining visible on Google Earth,str,1,0.0007147962831
description,92,"Hydraulic mining - opencast and hushing tank, directly next to earlier castro.",str,1,0.0007147962831
description,93,"Opencast pit from hard rock mining, now flooded.",str,1,0.0007147962831
description,94,"Hushing tank and hush gulley, aqueduct channels for collecting snow melt.",str,1,0.0007147962831
description,95,"Rake ground-sluicing, and hushing using ditches of pre-Roman castro",str,1,0.0007147962831
description,96,Overgrown; stone piles visible on Google Earth,str,1,0.0007147962831
description,97,"Hushing, developed out of ditches of Los Castellones hillfort",str,1,0.0007147962831
description,98,"Originally a Punic mine, Riotinto was one of the largest mines in the Roman empire. It may be the site that Ptolemy refers to as Urium. Silver and copper mine which produced an estimated 16,000,000 tons of slag. 16 pairs of water wheels found in the mine draining depths of 100m. It is surrounded by an extensive settlement with cemeteries.",str,1,0.0007147962831
description,99,"Large ruina montium workings, with a front of c. 995 m supplied by an aqueduct 18.3 km long and 1.5 m wide, feeding at least 5 reservoirs. Several vertical shafts for ruina montium working have been traced along the summit behind the working face, and remains of a gallery in the opencast face confirm ruina montium technique.",str,1,0.0007147962831
description,100,"A large Roman mine noted for its many shafts - 100 twin shafts and 50 single shafts. To drain the mines water-lifting devices were used; remains of an Archimedes screw and a pump have been found. Smelting activities produced an estimated 40,000 tons of slag.",str,1,0.0007147962831
description,101,Probably largely destroyed by modern mine.,str,1,0.0007147962831
description,102,"Extraction started at Tharsis in the Iron Age, circa 2500 BC. The zenith of production was under Trajan but coins which have been found suggest mining could have continued until AD 350. The site has large slag piles and an estimated 4,000,000 tonnes of slag were produced. Other finds include remains of a water wheel with a rope still attached. After the Visigoths invaded the difficulty in draining the mine may have made it unworkable and been the cause of its closure.",str,1,0.0007147962831
description,103,"c. 20 ""rafas"""" in the area around.""",str,1,0.0007147962831
description,104,"Fed by aqueduct channel. Matias mentions 7 reservoir tanks, and an anvil stone with 4 stamp depressions.",str,1,0.0007147962831
description,105,Hydraulic mine apparently re-using ditches of the Castro de Pelou (Sanchez-Palencia quoted as saying that the castro owes its existence to the mines and that its ditches were excavated by hydraulic means; which must be wrong: ditches re-used as hushing reservoirs.,str,1,0.0007147962831
description,106,Cavers found a 4th-century coin hoard at Engine Vein.,str,1,0.0007147962831
description,107,Probable candidate for Lutudarum,str,1,0.0007147962831
description,108,"A road leading to town and fort and workings has been identified. An imperial freedman's gravestone indicates imperial control of mines. Inscribed lead ingots have been excavated with the names of companies or of the transporters of the lead. The emperors Claudius, Nero, and Vespasian are named on lead ingots.",str,1,0.0007147962831
description,109,"A Roman gold mine located in Pumsaint, Wales operating from the first through the third century. The nearby fort (2 ha) probably oversaw the mining operation and suggest imperial control of the mines. However civilian contractors probably worked the mines later. A large hydraulic system was set up with multiple tanks and 5 aqueducts, one over 11 km in length, for exploiting the opencast pits. Underground mining also took place to considerable depths and pieces of a water wheel used to drain the mines were found in the 1930’s. Bath house and workshops found near the mines. The Carreg Pumpsaint is an anvil stone from a Roman ore-crushing machine, located next to a heap of crushed ore slimes, and a wheel-race fed from a dammed pond.",str,1,0.0007147962831
description,110,"Roads, settlements and forts created by specialist contractors brought in after military establishment. 33 denarii of Antonius Pius and coins of Constantine were found. Roads and track ways leading between Great Orme and the Chester (Deva) fort.",str,1,0.0007147962831
description,111,Gallery extending nearly 120 m underground. Roman counterfeit coinage produced here.,str,1,0.0007147962831
description,112,"The creation of roads, settlements and forts suggests specialist contractors brought in after establishment by military. Towers and a fort, Caer Gybi, are located nearby as well as a Fort at Chester (Deva) to the east this indicates a high degree of military control. However there is evidence that civilians were involved in the mining.",str,1,0.0007147962831
description,113,Coins of Antoninus Pius found as well as Hadrianic ingots have been found.,str,1,0.0007147962831
description,114,Possible candidate for Lutudarum,str,1,0.0007147962831
description,115,"(There is gold in the deposits, now exploited, but apparently not recovered by the Romans). 3 smelting furnaces found. 11 million tonnes of slag produced.",str,1,0.0007147962831
description,116,"Roman mine workings, Paru Carpeni",str,1,0.0007147962831
description,117,"Roman mine workings, Lety-Coş",str,1,0.0007147962831
description,118,"Roman mine workings, Hăbad",str,1,0.0007147962831
description,119,"Roman mine workings, Gauri",str,1,0.0007147962831
description,120,"Roman mine workings, Ţarina",str,1,0.0007147962831
description,121,"Roman mine workings, Cârnicel",str,1,0.0007147962831
description,122,Hydraulic mining,str,1,0.0007147962831
description,123,"Traces of opencast mining and extensive smelting slag predating 18th-c. exploitation. Spread of smelting slag dated by radiocarbon dates of 60 BC to AD 90 and AD 20-220 (95.4%).  Roman ore crushing anvil, Carreg Angharad Fychan, nearby. Roman fort 200 m from mine.",str,1,0.0007147962831
description,124,"Remains of ancient mine workings identified near Azinieres in 1961, dated to 1st c. AD by La Graufesenque terra sigillata.",str,1,0.0007147962831
description,125,"Lead mining and smelting; nearby settlement at Pentre. Furnaces recorded in 1840s, Halkyn Mountain. Lead pigs with stamps of Deceangli.",str,1,0.0007147962831
description,126,Ground sluicing to expose quartz or quartite veins. Hadrianic lead ingots found in vicinity. Nearby fort at Brompton is late 1st century to Hadrianic.,str,1,0.0007147962831
description,127,Some hydraulic working.,str,1,0.0007147962831
description,128,"Opencast mines (""scowles"""") and tunnels; probably 3rd-c. AD. 4th-c. temple""",str,1,0.0007147962831
description,129,"Reservoir fed by two parallel aqueducts. (Possibly these are visible on Google Earth to the SE, at e.g.  43.967648, 17.702180)",str,1,0.0007147962831
description,130,Aqeuduct,str,1,0.0007147962831
description,131,Late Roman tin ingot found nearby.,str,1,0.0007147962831
description,132,"Vertical shaft c. 50 ft deep; Main Passage 300 ft long and between 18 in and 20 ft high, and chambers full of miners' deads. Five possible openings to the surface including the shaft through which the mine was discovered in 1965. Two late 3rd-c. coins and counterfeiting material found around a hearth that post-dates the abandonment of the mine. ",str,1,0.0007147962831
description,133,"Work started shortly after conquest in the 1st century BC then lasted until the 3rd century AD. Corta de Ribeirinha, large opencast 370 m in length, 2.5 million m³ removed,  Traces of firesetting at the base. Underground galleries for ore extraction, and prospection. Peak extraction dates to first half of second century AD. Anvil stones from Roman water-powered ore-crushing machines have been found.",str,1,0.0007147962831
description,134,"A large underground exploitation chamber, whose roof has collapsed so that it now resembles an opencast. Further prospection galleries, shafts, and underground workings.",str,1,0.0007147962831
description,135,"Trench mining along a vein, for c. 3.5 km; splits into several trenches towards the west.",str,1,0.0007147962831
description,136,"Mining dumps and a large spread of slag from smelting, together with ore-crushing anvils, indicating an underground mine whose entrance remains obscured by vegetations.",str,1,0.0007147962831
description,137,"Castro with double ditches, later worked by hydraulic means with additional channels, deepening of ditches, and opencast on eastern side.",str,1,0.0007147962831
description,138,"Cinnabar mine, probably part of an imperial estate: tunnel collapsed in antiquity, killing nearly 50 people. ",str,1,0.0007147962831
description,139,"Old mining works, including c. 30 circular shafts which may be the West Devon black tin mine that must have been active in the Roman period._x000D_
",str,1,0.0007147962831
description,140,Mining at Baru - Dealul Negru  ,str,1,0.0007147962831
description,141,Gold mine - Maidan at Brădişoru de Jos,str,1,0.0007147962831
description,142,Roman mine at Creaca - Cariera Creaca Ţiclar  ,str,1,0.0007147962831
description,143,Iron mine of the Daco-Roman period at Criciova.,str,1,0.0007147962831
description,144,Copper mine at Dubova-Mina Eibenthal.,str,1,0.0007147962831
description,145,Mine at Dubova-Tisoviţa,str,1,0.0007147962831
description,146,Roman iron exploitation at Dumbrava  ,str,1,0.0007147962831
description,147,Roman mining at  Fizeş.,str,1,0.0007147962831
description,148,Gold mine at Fizeş.,str,1,0.0007147962831
description,149,Ghelari mine.,str,1,0.0007147962831
description,150,Mining at Hărgănani- Magura Baii. Open gallery with shaft about 20-30 m down. On the northeast wall are visible traces of exploitation with chisel and hammer (possibly Roman). The shaft has wooden reinforcement and the ceiling is supported by wooden reinforcement.,str,1,0.0007147962831
description,151,Mining at Hărgănani- Magura Baii. Mine gallery.,str,1,0.0007147962831
description,152,"Roman mining at Hărgănani- Magura Baii. 'At a distance of about 2 m from the entrance mouth, traces of exploitation with the chisel and hammer are visible. At about 5 m from the entrance mouth opens a gallery completely clogged with mining tailings and boulders (about 10-20 cm). It is not possible to say with precision whether it is a Roman gallery. The forward direction is NNE - SSV. At the mouth of the gallery is a mining tailings with a very fine yellowish gray grain.' (RAN)",str,1,0.0007147962831
description,153,Roman gold mine at Hărţăgani.,str,1,0.0007147962831
description,154,"Hărţăgani-Măgura Băii. Mine tailings visible on the surface, small grain size.",str,1,0.0007147962831
description,155,Gold mine at Hondol - Coranda.,str,1,0.0007147962831
description,156,Gold mine at Hondol.,str,1,0.0007147962831
description,157,Gold and lead mines at Imper  ,str,1,0.0007147962831
description,158,Iscroni gold mine.,str,1,0.0007147962831
description,159,Roman-era mine at Lupeni  ,str,1,0.0007147962831
description,160,"Gold ore was washed here. Roman ceramics and objects were discovered in the alluvial deposits.' (Simion 2006, 138)",str,1,0.0007147962831
description,161,"Roman gold mine at Măgura-Topliţa, on the edge of the village.",str,1,0.0007147962831
description,162,"Gold and probably other metals were exploited here.' (Simion 2006, 138)",str,1,0.0007147962831
description,163,Roman-era mine at Mânerău.,str,1,0.0007147962831
description,164,"Roman-era mine at Marga. 'Gold and probably other metals were exploited here.' (Simion 2006, 138)",str,1,0.0007147962831
description,165,"Roman-era gold mine at Mesteacăn, com. Municipiul Brad.",str,1,0.0007147962831
description,166,"Roman-era mine at Mesteacăn, com. Răchitova.",str,1,0.0007147962831
description,167,Mines at Altân Tepe.  ,str,1,0.0007147962831
description,168,"Archaeological site of Moldova Nouă - Cânepişte. Simion says 'Gold, silver, copper, lead and iron were extracted here.'",str,1,0.0007147962831
description,169,Dacian-period settlement of Ohaba-Ponor.,str,1,0.0007147962831
description,170,Roman-era gallery of Ormindea.,str,1,0.0007147962831
description,171,At 'La Poduri' is 'a cave that functioned as a mine at an unknown period.',str,1,0.0007147962831
description,172,Roman iron mine at Peştişu Mare.,str,1,0.0007147962831
description,173,Roman mine at Peştişu Mic.,str,1,0.0007147962831
description,174,Gold mine at Petroşani. Simion says 'gold ore was washed here (a bust of Ares was discovered in one of the washing installations).',str,1,0.0007147962831
description,175,Mining at Pianu de Jos - La Margini  ,str,1,0.0007147962831
description,176,Archaeological site of Ribiţa - Ribiţa gold mine.,str,1,0.0007147962831
description,177,Roman mine at Rogna - Salina Rogna.,str,1,0.0007147962831
description,178,"Roman mining at Alburnus Maior, Orlea massif  ",str,1,0.0007147962831
description,179,Mining at Rosia Montana - Massif Cârnic.,str,1,0.0007147962831
description,180,Cătălina Monuleşti mine gallery- historic centre - Coş massif.,str,1,0.0007147962831
description,181,Archaeological site of Ruda.,str,1,0.0007147962831
description,182,Roman mine at Ruda-Brad - Muncelu.,str,1,0.0007147962831
description,183,Archaeological site of Ruda-Brad. Two mine galleries; Ruda 12 Apostoli and Zdrahonţ-Saint John; also “Treptele Romane” (“The Roman Steps”).,str,1,0.0007147962831
description,184,"Archaeological site of Săcărâmb - gold mine. Simion says: 'The Romans exploited only the gold tellurium (later called “săcărâmb”, silvanite) and only where it was visible to the naked eye. The ore left by the Romans inside the galleries contained gold up to 30 g/ton. At an altitude of aproximately 780 m, at the southern end of the Cetraş massif, there were ancient exploitations (Roman?) with a N-S orientation that M. J. Ackner explored along 25 m in length.'",str,1,0.0007147962831
description,185,Archaeological site of Săcărâmb - copper mine.,str,1,0.0007147962831
description,186,"Mining - Gallery 1 at Sălişte-Dealul Draica. 'In the eastern part of the Băiţa mining basin there is a gold-silver exploitation at Draica; gold has been mined here since the Late Bronze Age, but also in the medieval period.' (RAN entry). Traces of a collapsed gallery.",str,1,0.0007147962831
description,187,"Mining - Gallery 2 at Sălişte-Dealul Draica. 'In the eastern part of the Băiţa mining basin there is a gold-silver exploitation at Draica; gold has been mined here since the Late Bronze Age, but also in the medieval period.' (RAN entry). Traces of a collapsed gallery.",str,1,0.0007147962831
description,188,"Brass mines' ('Minele de aramă') at Sândominic - Bălan - so zinc, and perhaps copper too?",str,1,0.0007147962831
description,189,Roman mine at Sasca Montană - Dealul Tecla.,str,1,0.0007147962831
description,190,"Archaeological site of Sasca Romană - Sasca Romană  mine opened in Banatul Timişoarei, on the Besedin Hill.",str,1,0.0007147962831
description,191,"Simion says: 'Information from the 19th. C. about traces of Roman gold washing on the river’s bank. Discoveries of some coins from Marcus Aurelius (161 – 180 AD), Septimius Severus (193 –
211 AD), Severus Alexander (222 – 235 AD). Without any other details upon the discovery place.'",str,1,0.0007147962831
description,192,"Simion: 'Along the Arieş river are indicated traces of possible installation for gold washing from
Roman period.'",str,1,0.0007147962831
description,193,Archaeological site of Slatina-Timiş - Mina Slatina gold mine.,str,1,0.0007147962831
description,194,Archaeological site of Stănija - Mina Stănija. Copper mine.,str,1,0.0007147962831
description,195,"Archaeological site of Stănija. Gold mine; 'Archaeological traces attesting to this activity (houses, mining tools, other artifacts) were discovered on the hills of Ungurilor, Măgura, Ferigeaua and Valea Coacăzelor.' (RAN entry)",str,1,0.0007147962831
description,196,Roman iron mine at Ştinăpari - Dealul Chelu.,str,1,0.0007147962831
description,197,Gold washing.,str,1,0.0007147962831
description,198,"Roman mine at Surducu Mare - Mina Surducu Mare. Gold, silver, copper, and lead.",str,1,0.0007147962831
description,199,"Archaeological site of Ţebea - Dealul Măgura. 'The Roman mines were placed on the Măgura Hill, which they cut through a transversal line 20 m long. In the ”Iosif la Tufe” and ”O Adam” mines Roman galleries were identified. In the last one water drains were identified.'  Simion 2006, 141. ",str,1,0.0007147962831
description,200,Iron mine of Teliucu Inferior.,str,1,0.0007147962831
description,201,"Archaeological site of Teliucu Inferior - Ploţca. 'The exploitation of iron dates from the period before Roman rule, but also from this time. Here were also discovered the traces of the constructions of the Roman administration of the iron mines, as well as the deposits related to the mines.' (RAN entry)",str,1,0.0007147962831
description,202,Daco-Roman period iron processing workshop at Ticvaniu Mic - Sălişte.,str,1,0.0007147962831
description,203,Iron mine of Tincova.  ,str,1,0.0007147962831
description,204,Roman gold mine at Topliţa - Măgura Topliţa.,str,1,0.0007147962831
description,205,"Gold mine at Trestia-Dealul Mialu - Roman gallery 1. 'Cavity dug in the rock with a sharp triangular profile at the top (clogged); The mine is started from operation or gallery completely clogged after operation approximately 2 m from the entrance.' 'There are traces of collapsed galleries in the area of ​​Sibilla, Maria Victoria, Istvan mines; In such a gallery, according to Téglás G., the skeletons of some miners (?) in chains, attributed to the non-free workers from the mines of Roman Dacia, would have been discovered.' (RAN entry)",str,1,0.0007147962831
description,206,"Gold mine at Trestia-Dealul Mialu - Roman gallery 2. 'Trapezoidal profile gallery; the width of the ceiling is about 55 cm (square), the width of the middle is about 1.05 cm; clogged at about 90 cm from the ceiling (clogging layer of about 1 m); the resulting tailings are fine, gray with very few boulders falling from the ceiling and wall; it can advance over a distance of about 30 m; the entrance has been widened recently.' (RAN entry)",str,1,0.0007147962831
description,207,Gold mine at Trestia-Dealul Mialu - Roman gallery 4. 'Traces of a clogged gallery.' (RAN entry),str,1,0.0007147962831
description,208,Gold mine at Trestia-Dealul Mialu - Roman gallery 5. Gallery with 2 entrances. (RAN entry),str,1,0.0007147962831
description,209,Archaeological site of Uroi - Uroi Hill  ,str,1,0.0007147962831
description,210,Archaeological site of Vălişoara. Gold mine.,str,1,0.0007147962831
description,211,Archaeological site of Vetel. Copper mine.,str,1,0.0007147962831
description,212,"Traces of underground mining, and habitations of the Roman period, on the SE and NW slopes of Dumbrava hill.",str,1,0.0007147962831
description,213,"Gold, silver, copper and iron were mined here. Cemeteries from the Roman period nearby; miner's tools found in road construction in 1848.",str,1,0.0007147962831
description,214,"Possible traces of Roman mining exploitation.' (Simion 2006, 142)",str,1,0.0007147962831
description,215,"Traces of Roman gold-washing installations along the river, mentioned in the 19th c.; chance finds of coins of the 2nd and 3rd c. AD (Simion, Téglàs)",str,1,0.0007147962831
description,216,"Roman opencast, Cetate, now destroyed by Ceaucescu-era opencast",str,1,0.0007147962831
description,217,Hydraulic mining - ground sluicing - identified by Cauuet and visible on Google Earth,str,1,0.0007147962831
description,218,Roman mine.,str,1,0.0007147962831
description,219,"In the late nineteenth century archaeological remains of the Roman period (gold mine, miners' housing) were discovered. Exploitation continued into the medieval period.",str,1,0.0007147962831
description,220,"Possible hydraulic opencast mining visible on Google Earth_x000D_
",str,1,0.0007147962831
description,221,52 iron smelting furnaces.,str,1,0.0007147962831
description,222,"Alluvial hydraulic gold mining site; there were three large zanja-channels in the NE part of the zone, uniting to form a large zanja in the central part, with the stone dumps towards the Arroyo de Velasco in the SW. Now destroyed by modern quarrying.",str,1,0.0007147962831
description,223,"Hydraulic mining with channels, reusing ditch of Castro de Rivas",str,1,0.0007147962831
description,224,"Hydraulic mining with channels, reusing ditches of castro of La Salina.",str,1,0.0007147962831
description,225,"Hydraulic mining; four fan-shaped channels, roughly S-N, uniting to form a long single channel discharging into the Arroyo de Paradilla",str,1,0.0007147962831
description,226,"The Catálogo de bienes protegidos for Castilla y Leon says that the ditches of the Corona were made with hydraulic power [this is clearly wrong, and there are ""murias"" (clearance piles of stones) from Roman mining operations.",str,1,0.0007147962831
description,227,Underground mine with a chamber covering about 30 m2 and three galleries leading off it. Waste dumps outside. Discovered in 2022.,str,1,0.0007147962831
description,228,"Underground mine with several connected galleries, some up to 2 m in height. Discovered in 2023 (reported 14 August 2023). Alluvial mine in old river terrace so earth from the underground mine had to be taken out to be washed outside the mine.",str,1,0.0007147962831
description,229,"A series of small scale workings along the slope of the ridge to the W of the motorway intersection by Pradorrey. A channel comes from the W, and at least six small-scale ditches divert from it down the slope to the south. These look either like prospections, or were very small-scale mining operations. Probably the channel continued eastward to feed the mine at Pradorrey, but the intervening stretch has been destroyed by the motorway intersection.",str,1,0.0007147962831
description,230,"Small hydraulic mine working; a channel coming from the S bifurcates around an oval area in the centre of the working (resembling a corona, but the ditches are too shallow), and converge again in two exit ditches towards the stream. The eastern side is also fed by another ditch from the SE.",str,1,0.0007147962831
description,231,"Large hydraulic opencast associated with (and partly destroying) the castro of Los Castros - La Forcada. Apparently ground sluicing in the northern part and deeper workings, with hushing, to the south.",str,1,0.0007147962831
references,1,<NA>,missing,231,0.1651179414
references,2,Domergue 1990: 46,str,68,0.04860614725
references,3,Domergue 1990: 41,str,52,0.03716940672
references,4,Domergue 1990: 48,str,49,0.03502501787
references,5,Domergue 1990: 62,str,45,0.03216583274
references,6,Domergue 1990: 47,str,45,0.03216583274
references,7,Domergue 1990: 64,str,43,0.03073624017
references,8,Domergue 1990: 45,str,43,0.03073624017
references,9,"Sanchez-Palencia and Orejas 1994, 199",str,41,0.02930664761
references,10,"Sanchez-Palencia and Orejas 1994, 200",str,37,0.02644746247
references,11,"Sanchez-Palencia and Orejas 1994, 191",str,31,0.02215868477
references,12,"Sanchez-Palencia and Orejas 1994, 189",str,27,0.01929949964
references,13,"Sanchez-Palencia and Orejas 1994, 198",str,26,0.01858470336
references,14,"Sanchez-Palencia and Orejas 1994, 202",str,26,0.01858470336
references,15,"Sanchez-Palencia and Orejas 1994, 197",str,24,0.01715511079
references,16,"Sanchez-Palencia and Orejas 1994, 201",str,24,0.01715511079
references,17,"Sanchez-Palencia and Orejas 1994, 188",str,24,0.01715511079
references,18,"Sanchez-Palencia and Orejas 1994, 196",str,24,0.01715511079
references,19,Domergue 1990: 42,str,23,0.01644031451
references,20,"Sanchez-Palencia and Orejas 1994, 193",str,23,0.01644031451
references,21,Domergue 1990: 61,str,22,0.01572551823
references,22,"Sanchez-Palencia and Orejas 1994, 190",str,21,0.01501072194
references,23,"Sanchez-Palencia and Orejas 1994, 194",str,19,0.01358112938
references,24,"Jones and Bird 1972; Domergue 1990: 43; Sanchez-Palencia and Orejas 1994, 192",str,18,0.0128663331
references,25,"Sanchez-Palencia and Orejas 1994, 195",str,17,0.01215153681
references,26,"Sanchez-Palencia and Orejas 1994, 192",str,17,0.01215153681
references,27,Orejas 2001,str,13,0.00929235168
references,28,"Domergue 1990: 42; Sanchez-Palencia and Orejas 1994, 197",str,9,0.006433166548
references,29,"Domergue 1990: 43; Sanchez-Palencia and Orejas 1994, 202",str,9,0.006433166548
references,30,Domergue 1990: 43,str,8,0.005718370264
references,31,Domergue 2008: 86.,str,7,0.005003573981
references,32,"Domergue 1990: 43; Sanchez-Palencia and Orejas 1994, 192",str,7,0.005003573981
references,33,"Domergue 1990: 44; Sanchez-Palencia and Orejas 1994, 195",str,7,0.005003573981
references,34,"Domergue 1990: 43; Sanchez-Palencia and Orejas 1994, 191",str,6,0.004288777698
references,35,"Domergue 1990: 43; Sanchez-Palencia and Orejas 1994, 193",str,6,0.004288777698
references,36,Repertoriul Arheologic Naţional: http://ran.cimec.ro/,str,5,0.003573981415
references,37,Domergue 1990: 40,str,5,0.003573981415
references,38,"Domergue 1990: 42; Sanchez-Palencia and Orejas 1994, 189",str,5,0.003573981415
references,39,"Domergue 1990: 42; Sanchez-Palencia and Orejas 1994, 198",str,5,0.003573981415
references,40,Domergue 1990: 44,str,5,0.003573981415
references,41,"Domergue 1990: 41; Sanchez-Palencia and Orejas 1994, 194",str,5,0.003573981415
references,42,"Domergue 1987: 409; Domergue 1990: 41; Sanchez-Palencia and Orejas 1994, 195",str,5,0.003573981415
references,43,"Domergue 1990: 41; Sanchez-Palencia and Orejas 1994, 195",str,5,0.003573981415
references,44,Cauuet 2001: 32-37,str,4,0.002859185132
references,45,Hirt 2010: 79-81,str,4,0.002859185132
references,46,Simion 2006: 132,str,4,0.002859185132
references,47,Domergue 1990: 49,str,4,0.002859185132
references,48,"Domergue 1990: 44; Sanchez-Palencia and Orejas 1994, 196",str,4,0.002859185132
references,49,"Domergue 1990: 41; Sanchez-Palencia and Orejas 1994, 197",str,4,0.002859185132
references,50,Domergue 1987: 352; Domergue 1990: 41; Sanchez-Palencia and Orejas 1994: 196,str,4,0.002859185132
references,51,Cech 2012 [2014],str,4,0.002859185132
references,52,"Domergue 1990: 41; Sanchez-Palencia and Orejas 1994, 198",str,3,0.002144388849
references,53,Orejas 2003,str,3,0.002144388849
references,54,Orejas 2003.,str,3,0.002144388849
references,55,"Domergue 1990: 41; Wahl 1993: 123-157; Sanchez-Palencia and Orejas 1994, 198",str,3,0.002144388849
references,56,Simion 2006: 136,str,3,0.002144388849
references,57,"Luca, Sabin Adrian, Repertoriul arheologic al judeţului Hunedoara, Sibiu, 2008, 61; Simion 2004: 136.",str,3,0.002144388849
references,58,"Alvarez González 1993; Sanchez-Palencia and Orejas 1994, 190",str,3,0.002144388849
references,59,"Domergue 1990: 42; Sanchez-Palencia and Orejas 1994, 193",str,3,0.002144388849
references,60,"Domergue 1990: 40; Sanchez-Palencia and Orejas 1994, 194",str,3,0.002144388849
references,61,Jones and Bird 1972; Domergue 1990: 43,str,3,0.002144388849
references,62,"Domergue 1990: 44; Sanchez-Palencia and Orejas 1994, 194",str,3,0.002144388849
references,63,Domergue 1987: 409; Domergue 1990: 41; Sanchez-Palencia and Orejas 1994: 195,str,3,0.002144388849
references,64,"Simion 2006, 139, citing V. Boroneanţ, Arheologia peşterilor şi minelor din România, 2000, p. 122._x000D_
",str,3,0.002144388849
references,65,Trubelja and Baric 2011: 14,str,3,0.002144388849
references,66,"Carvalho and da Veiga Ferreira 1954; Sanchez-Palencia and Orejas 1994, 198",str,2,0.001429592566
references,67,Davies 1935: 178-179,str,2,0.001429592566
references,68,Hirt 2010: 57-58.,str,2,0.001429592566
references,69,"Domergue 1990: 42; Sanchez-Palencia and Orejas 1994, 200",str,2,0.001429592566
references,70," Sanchez-Palencia and Orejas 1994, 189; Matías Rodríguez 2013",str,2,0.001429592566
references,71,"Domergue 1990:42; Sanchez-Palencia and Orejas 1994, 201",str,2,0.001429592566
references,72,"Domergue 1990: 42; Sanchez-Palencia and Orejas 1994, 194",str,2,0.001429592566
references,73,"Domergue 1990: 43; Sanchez-Palencia and Orejas 1994, 189",str,2,0.001429592566
references,74,Domergue 1990: _x001A_耀,str,2,0.001429592566
references,75,"Domergue 1990: 41; Sanchez-Palencia and Orejas 1994, 188",str,2,0.001429592566
references,76,"Simion 2006, 138, citing V. Boroneanţ, Arheologia peşterilor şi minelor din România, 2000, p. 121.",str,2,0.001429592566
references,77,"Luca 2008, 159",str,2,0.001429592566
references,78,"Luca, Sabin Adrian, Descoperire arheologice din Banatul Românesc, Sibiu, 2006, 250_x000D_
",str,2,0.001429592566
references,79,https://astures.es/descubierta-una-nueva-mina-de-oro-romana-en-leon-las-ferreiruscas/,str,2,0.001429592566
references,80,Domergue 1983: 5-193; Domergue 1990: 62,str,1,0.0007147962831
references,81,Hirt 2010: 53-56,str,1,0.0007147962831
references,82,Domergue 2008: 81-82.,str,1,0.0007147962831
references,83,von Foullon 1893; Davies 1935: 186-187; Hirt 2010: 72-74,str,1,0.0007147962831
references,84,Davies 1935: 185-186; Hirt 2010: 56,str,1,0.0007147962831
references,85,Davies 1935: 186-187; Hirt 2010: 72-74,str,1,0.0007147962831
references,86,Davies 1935: 186-187; Hirt 2010: 72-74.,str,1,0.0007147962831
references,87,"von Foullon 1893; Glicksman 2009: 99-101, 103",str,1,0.0007147962831
references,88,"Walter 1887: 154; von Foullon 1893, 22-23; Bordeaux 1904, 117 ; Glicksman 2009: 101-3",str,1,0.0007147962831
references,89,Domergue 1990: 44-48,str,1,0.0007147962831
references,90,Meyer 1995a; 1995b; 1997; 1998; 2002; 2003,str,1,0.0007147962831
references,91,"Meyer 1995a, 195",str,1,0.0007147962831
references,92,Domergue 2008: 4,str,1,0.0007147962831
references,93,Davies 1935: 78-80; Domergue 2008,str,1,0.0007147962831
references,94,Cauuet 2001: 38-40,str,1,0.0007147962831
references,95,Davies 1935: 77-78; Domergue 2008: 88,str,1,0.0007147962831
references,96,Domergue 2008,str,1,0.0007147962831
references,97,Domergue 2008: 81,str,1,0.0007147962831
references,98,Orejas 2003; Domergue 2008: 116.,str,1,0.0007147962831
references,99,Cauuet 2001: 32-37.,str,1,0.0007147962831
references,100,Orejas 2003; Domergue 2008: 194.,str,1,0.0007147962831
references,101,Cauuet 2001: 41-47,str,1,0.0007147962831
references,102,Domergue 2008: 89.,str,1,0.0007147962831
references,103,Domergue 2008: 81-91; Domergue 2008: 23.,str,1,0.0007147962831
references,104,Domergue 2008: 23.,str,1,0.0007147962831
references,105,Davies 1935: 179-180; Domergue 2008: 23,str,1,0.0007147962831
references,106,Davies 1935: 176-177; Domergue 2008: 23,str,1,0.0007147962831
references,107,Davies 1935: 176-177,str,1,0.0007147962831
references,108,"Bode et al. 1996, 183.",str,1,0.0007147962831
references,109,Domergue 2008: 23,str,1,0.0007147962831
references,110,Domergue 2008: 106-108.,str,1,0.0007147962831
references,111,Rothenberg 1999: 162-163.,str,1,0.0007147962831
references,112,Rothenberg 1999: 162-166.,str,1,0.0007147962831
references,113,Domergue 2008: 82,str,1,0.0007147962831
references,114,Hirt 2010: 79-80,str,1,0.0007147962831
references,115,Davies 1935; Hirt 2010.,str,1,0.0007147962831
references,116,Barker 2007: 307-348,str,1,0.0007147962831
references,117,Hirt 2010: 57-58,str,1,0.0007147962831
references,118,Domergue 1990: 41; Lima et al. 2014,str,1,0.0007147962831
references,119,"Domergue 1990: 41; Sanchez-Palencia and Orejas 1994, 198; http://arqueologia.patrimoniocultural.pt/index.php?sid=sitios.resultados&subsid=47630 ; https://aesda.org/tag/valongo/",str,1,0.0007147962831
references,120,"Luca, Sabin Adrian, Repertoriul arheologic al judeţului Hunedoara, Sibiu, 2008, 22",str,1,0.0007147962831
references,121,Simion 2006: 132; Hirt 2010: 72-74,str,1,0.0007147962831
references,122,"Luca, Sabin Adrian, Repertoriul arheologic al judeţului Hunedoara, Sibiu, 2008, 25",str,1,0.0007147962831
references,123,Simion 2006: 133,str,1,0.0007147962831
references,124,Davies 1935: 202; Simion 2004: 133,str,1,0.0007147962831
references,125,"Luca, Sabin Adrian, Repertoriul arheologic al judeţului Hunedoara, Sibiu, 2008, 30.",str,1,0.0007147962831
references,126,"Luca, Sabin Adrian, Repertoriul arheologic al judeţului Hunedoara, Sibiu, 2008, 32",str,1,0.0007147962831
references,127,"Luca, Sabin Adrian, Repertoriul arheologic al judeţului Caraş Severin, Economică, Bucureşti, 2004, 50; Boroneanţ, Vasile, Arheologia peşterilor şi minelor din România, Bucuresti, 2000, 120.",str,1,0.0007147962831
references,128,"Simion 2006: 134; Luca, Sabin Adrian, Repertoriul arheologic al judeţului Caraş Severin, Economică, Bucureşti, 2004, 33",str,1,0.0007147962831
references,129,Ciugudean 2012: 224-5; Simion 2006: 135.,str,1,0.0007147962831
references,130,Ciugudean 2012: 224-5,str,1,0.0007147962831
references,131,Ciugudean 2012: 225,str,1,0.0007147962831
references,132,"Pescaru, Adriana, Cronica cercetărilor arheologice din România. Campania 2004, CIMEC-Institutul de Memorie Culturală, Bucureşti, 2005, http://cronica.cimec.ro/detail.asp?k=3077 ; Simion 2006: 135; Oleson 1984: 196-7.",str,1,0.0007147962831
references,133,"Luca, Sabin Adrian, Repertoriul arheologic al judeţului Hunedoara, Sibiu, 2008, 40",str,1,0.0007147962831
references,134,Simion 2006: 135,str,1,0.0007147962831
references,135,"Luca, Sabin Adrian, Repertoriul arheologic al județului Hunedoara, Sibiu, 2008, 42",str,1,0.0007147962831
references,136,"Luca, Sabin Adrian, Repertoriul arheologic al judeţului Hunedoara, Sibiu, 2008, 42",str,1,0.0007147962831
references,137,"Luca, Sabin Adrian, Descoperiri arheologice din Banatul Românesc, Sibiu, 2006, 72; Boroneanţ, Vasile, Arheologia peşterilor şi minelor din România, Bucuresti, 2000, 120.",str,1,0.0007147962831
references,138,"Luca, Sabin Adrian, Repertoriul arheologic al judeţului Caraş Severin, Economică, Bucureşti, 2004, 51; Boroneanţ, Vasile, Arheologia peşterilor şi minelor din România, 2000, 121",str,1,0.0007147962831
references,139,"Luca, Sabin Adrian, Repertoriul arheologic al județului Hunedoara, Sibiu, 2008, 48; Simion 2004: 141.",str,1,0.0007147962831
references,140,"Luca, Sabin Adrian, Repertoriul arheologic al judeţului Caraş Severin, Economică, Bucureşti, 2004, 56; Boroneanţ, Vasile, Arheologia peşterilor şi minelor din România, 2000, 123.",str,1,0.0007147962831
references,141,"Domergue 1988, 343; Sanchez-Palencia and Orejas 1994, 190",str,1,0.0007147962831
references,142,"Alvarez González 1993; Sanchez-Palencia and Orejas 1994, 190; Fanjul Peraza 2013",str,1,0.0007147962831
references,143,"Domergue 1990: 40; Sanchez-Palencia and Orejas 1994, 188",str,1,0.0007147962831
references,144,Borlase 1897: 17; Domergue 1990: 41,str,1,0.0007147962831
references,145,"Domergue 1990: 44; Sanchez-Palencia and Orejas 1994, 192",str,1,0.0007147962831
references,146,"Domergue 1990: 41; Sanchez-Palencia and Orejas 1994, 201",str,1,0.0007147962831
references,147,"Sanchez-Palencia and Orejas 1994, 188; Melcón 2010",str,1,0.0007147962831
references,148,http://www.cuevadelhierro.com/,str,1,0.0007147962831
references,149,"Sanchez-Palencia and Orejas 1994, 190; 224 fig. 8",str,1,0.0007147962831
references,150,Domergue 1971: 265-363; Domergue 1990: 45,str,1,0.0007147962831
references,151,"Domergue 1990: 43, Sanchez-Palencia and Orejas 1994, 202",str,1,0.0007147962831
references,152,"Domergue 1988, 339.",str,1,0.0007147962831
references,153,Domergue 1990: L䀀,str,1,0.0007147962831
references,154,Domergue 1990: 64; García-Pulido 2008a; 2008b; 2011; 2014,str,1,0.0007147962831
references,155,Domergue 1987: 358,str,1,0.0007147962831
references,156,"Borlase 1897: 14–15; Domergue 1990: 42; Sanchez-Palencia and Orejas 1994, 201",str,1,0.0007147962831
references,157,"Domergue 1990: 43; Sanchez-Palencia and Orejas 1994, 196; Sanchez-Palencia 2000.",str,1,0.0007147962831
references,158,"Domergue 1990: 43; Sanchez-Palencia and Orejas 1994, 193;  Fernández-Lozano et al. 2015, 364, 366–7",str,1,0.0007147962831
references,159,"Domergue 1990: 43; Sanchez-Palencia and Orejas 1994, 190",str,1,0.0007147962831
references,160,Lewis and Jones 1970; Domergue 1990: 40-41.,str,1,0.0007147962831
references,161,"Domergue 1990: 41; Sanchez-Palencia and Orejas 1994, 190",str,1,0.0007147962831
references,162,"Domergue 1990: 40; Sanchez-Palencia and Orejas 1994, 202",str,1,0.0007147962831
references,163,"Sanchez-Palencia and Orejas 1994, 193; Fernández-Lozano et al. 2015,  fig. 10.",str,1,0.0007147962831
references,164,Laurent 1975: 61-69; Domergue 1990: 46,str,1,0.0007147962831
references,165,"Domergue 1990: 44; Sanchez-Palencia and Orejas 1994, 191",str,1,0.0007147962831
references,166,Domergue 1990: 44; Sanchez-Palencia and Orejas 1994: 196,str,1,0.0007147962831
references,167,Domergue 1987: 352; Domergue 1990: 41; Sanchez-Palencia and Orejas 1994: 197,str,1,0.0007147962831
references,168,Domergue 1987: 353; Domergue 1990: 41; Sanchez-Palencia and Orejas 1994: 196.,str,1,0.0007147962831
references,169,"Domergue 1987: 352; Domergue 1990: 41; Sanchez-Palencia and Orejas 1994, 196",str,1,0.0007147962831
references,170,Domergue 1987: 409; Domergue 1990: 41,str,1,0.0007147962831
references,171,Domergue 1987: 409 n. 786 bis; Domergue 1990: 41,str,1,0.0007147962831
references,172,Domergue 1987: 352; Domergue 1990: 41; Sanchez-Palencia and Orejas 1994: 195,str,1,0.0007147962831
references,173,Jones 1980: 146-165; Rothenberg 1981; Domergue 1990: 62.,str,1,0.0007147962831
references,174,"Domergue 1990: 40; Sanchez-Palencia and Orejas 1994, 190",str,1,0.0007147962831
references,175,Domergue 1990: 64; Domergue 2008: 158.,str,1,0.0007147962831
references,176,Domergue 1990: 62; Hirt 2010: 39.,str,1,0.0007147962831
references,177,Domergue 1990: 62; Domergue 2004: 87-105.,str,1,0.0007147962831
references,178,"Sanchez-Palencia and Orejas 1994, 192; Orejas 1996, 140, 142",str,1,0.0007147962831
references,179,"Domergue 1990: 42; Sanchez-Palencia and Orejas 1994, 189; Matías Rodríguez 2013",str,1,0.0007147962831
references,180,"Domergue 1990: 43; Sanchez-Palencia and Orejas 1994, 193; Fernández-Lozano et al. 2015",str,1,0.0007147962831
references,181,UM 199j,str,1,0.0007147962831
references,182,Davies 1935: 148-151; Orejas 2003,str,1,0.0007147962831
references,183,Davies 1935: 154-156; Orejas 2003; Burnham - Burnham 2004; Domergue 2008: 23,str,1,0.0007147962831
references,184,Davies 1935: 160-161; Orejas 2003.,str,1,0.0007147962831
references,185,Jones and Mattingly 1990:185; Orejas 2003.,str,1,0.0007147962831
references,186,Orejas 2003; Orejas 2003.,str,1,0.0007147962831
references,187,Davies 1935: 15䀀,str,1,0.0007147962831
references,188,"Thomas G. Schattner, various articles; http://www.haaretz.com/archaeology/1.774629",str,1,0.0007147962831
references,189,Boulakia 1972: 140,str,1,0.0007147962831
references,190,http://www.diariodeleon.es/noticias/cultura/hallan-mina-oro-romana-morredero_1186378.html,str,1,0.0007147962831
references,191,Hughes 2004; 2011,str,1,0.0007147962831
references,192,"Balsan, L. (1963). 'Nouvelles découvertes d'exploitations minières gallo-romaines dans la région de Millau', P.-V. de la Soc. de lettres d'Aveyron 38 (1959–1962): 254-256.",str,1,0.0007147962831
references,193,	imperium.ahlfeldt.se/places/17592,str,1,0.0007147962831
references,194,"M. Provost and B. Rémy, Carte archéologique de la Gaule 43. La Haute-Loire, Paris, 1994, 023",str,1,0.0007147962831
references,195,Dusanic 1977,str,1,0.0007147962831
references,196,Davies 1935: 158-159; Jones and Mattingly 1990:184-5.,str,1,0.0007147962831
references,197,Jones and Mattingly 1990:186-9.,str,1,0.0007147962831
references,198,Jones and Mattingly 1990:181.,str,1,0.0007147962831
references,199,"Trubelja and Baric 2011: 14; von Foullon 1893, 18-20; photo on https://gornjivakuf.com/2018/02/10/ekskluzivno-gdje-se-krije-zlato-u-gornjem-vakuf",str,1,0.0007147962831
references,200,Penhallurick 2010: 6,str,1,0.0007147962831
references,201,Tuck and Tuck 1971; Boon 1972: 74,str,1,0.0007147962831
references,202,"Domergue 1988, 343",str,1,0.0007147962831
references,203,"Personal communication, Regula Wahl 2018",str,1,0.0007147962831
references,204,"Barry 1908; Prochaska 2004, 102",str,1,0.0007147962831
references,205,Paterson and Broad 1909; Calder 1910; Robinson 1924,str,1,0.0007147962831
references,206,"Blanchard 2002, 408-410._x000D_",str,1,0.0007147962831
references,207,"Simion 2006, 137, citing D. Tudor, Oraşe, Târguri şi Sate in Dacia Romană, Bucureşti, 1968, p. 191; N. Maghiar, Şt. Olteanu, Din Istoria Mineritului Românesc, Bucureşti, 1970, p. 53; V. Boroneanţ, Arheologia peşterilor şi minelor din România, 2000, p. 127.",str,1,0.0007147962831
references,208,"Simion 2006, 137, citing S. Koleseri, Auraria Romano-Dacica, Bratislava, 1780; G. Téglàs, A Hunyodmegyey Tortenelmi es, Regeszeti Tarsulat Evkonyve 1 1906, p. 165; D. Tudor, Oraşe, Târguri şi Sate in Dacia Romană, Bucureşti, 1968, p.192; N. Maghiar, Şt. Olteanu, Din Istoria Mineritului Românesc, Bucureşti, 1970, p. 162; V. Boroneanţ, Arheologia peşterilor şi minelor din România, 2000, p.127.",str,1,0.0007147962831
references,209,"Simion 2006, 137, citing D. Tudor, Oraşe, Târguri şi Sate in Dacia Romană, Bucureşti, 1968, p. 191; V. Boroneanţ, Arheologia peşterilor şi minelor din România, 2000, p.128.",str,1,0.0007147962831
references,210,"Simion 2006, 137, citing V. Boroneanţ, Arheologia peşterilor şi minelor din România, 2000, p. 128.",str,1,0.0007147962831
references,211,"Simion 2006, 138, citing N. Maghiar, Şt. Olteanu, Din Istoria Mineritului Românesc, Bucureşti, 1970, p. 56., Rep AB 1995.",str,1,0.0007147962831
references,212,"Simion 2006, 138, citing D. Tudor, Oraşe, Târguri şi Sate in Dacia Romană, Bucureşti, 1968, p. 191; V. Boroneanţ, Arheologia peşterilor şi minelor din România, 2000, p.128.",str,1,0.0007147962831
references,213,"Simion 2006, 138, citing V. Boroneanţ, Arheologia peşterilor şi minelor din România, 2000, p. 122; N. Maghiar, Şt. Olteanu, Din Istoria Mineritului Românesc, Bucureşti, 1970, p. 59.",str,1,0.0007147962831
references,214,"Simion 2006, 137, citing V. Boroneanţ, Arheologia peşterilor şi minelor din România, 2000, p. 124",str,1,0.0007147962831
references,215,"Simion 2006, 139, citing N. Maghiar, Şt. Olteanu, Din istoria mineritului în România, 1970, p. 60, V. Boroneanţ, Arheologia peşterilor şi minelor din România, 2000, p. 125.",str,1,0.0007147962831
references,216,"Simion 2006, 139, citing V. Boroneanţ, Arheologia peşterilor şi minelor din România, 2000, p. 125; D. Tudor, Oraşe, Târguri şi Sate in Dacia Romană, Bucureşti, 1968, p. 192; N. Maghiar, Şt. Olteanu, Din istoria mineritului în România, 1970, p. 53; Dolgozatok az Erdely, Nemzeti Muzeum Erem-es Regisegtarabol, Cluj, 1916, p. 68, fig. 15.",str,1,0.0007147962831
references,217,"Simion 2006, 139, citing V. Boroneanţ, Arheologia peşterilor şi minelor din România, 2000, p. 128; Maghiar, Olteanu 1970, p. 56; Tudor 1968, p. 191; Wollmann, 1996, p. 131; Mittheilungen der k.k. Central-Commission zur Erforschung und Erhaltung der historischen Baudenkmale, Wien, 1, 1856, p. 13; Rakoczy S. în Banyaszati es Kohaszati lapok, Budapest, 39, 1906, p. 477; V. Christescu, Viaţa economică în Dacia Romană, 1929, p. 12)",str,1,0.0007147962831
references,218,"Simion 2006, 140, citing Fr. Griselini, Versuch einer politischen und naturlichen geschichte des Temesvarer Banats, in Briefen I, Viena 1780, p. 294; II, p.44.; V. Boroneanţ, Arheologia peşterilor şi minelor din România, 2000, p. 122; ; N. Maghiar, Şt. Olteanu, Din Istoria Mineritului Românesc, Bucureşti, 1970, p. 58-59.",str,1,0.0007147962831
references,219,"Simion 2006, 140, citing TIR, L 34, 98; M. J. Ackner, în Jarbuch der k k. Central – Comision, Wien, 1856, p. 24; C. Gooss, Chronik der archäologischen Funde in Siebenbürgen , p. 112; V. Christescu, Viaţa economică a Daciei romane, Piteşti, 1929, p. 17; D. Tudor, Oraşe, Târguri şi Sate în Dacia Romană, Bucureşti, 1968, p. 202; I. Winkler, A. Hopârtean, în Cercetări Numismatice, 1,1978, p. 21; RepAB, 1995, p. 163, nr. 157.",str,1,0.0007147962831
references,220,"Simion 2006, 140, citing D. Tudor, Oraşe, Târguri şi Sate în Dacia Romană, Bucureşti, 1968, p. 202.",str,1,0.0007147962831
references,221,"Simion 2006, 140, citing V. Boroneanţ, Arheologia peşterilor şi minelor din România, 2000, p. 123.",str,1,0.0007147962831
references,222,"Simion 2006, 141, citing V. Boroneanţ, Arheologia peşterilor şi minelor din România, 2000, p.124; TIR, L 314, 107.",str,1,0.0007147962831
references,223,"Simion 2006, 141, citing V. Boroneanţ, Arheologia peşterilor şi minelor din România, 2000, p.123.",str,1,0.0007147962831
references,224,"Luca 2008, 175; Simion 2006, 141, citing N. Maghiar, Şt. Olteanu, Din Istoria Mineritului Românesc, Bucureşti, 1970 p. 56; D. Tudor, Oraşe, Târguri şi Sate in Dacia Romană, Bucureşti, 1968, p. 192.",str,1,0.0007147962831
references,225,"Luca 2008, 168–169; Simion 2006, 141, citing V. Boroneanţ, Arheologia peşterilor şi minelor din România, 2000, p. 126; N. Maghiar, Şt. Olteanu, Din Istoria Mineritului Românesc, Bucureşti, 1970, p. 51; V. Christescu, Viaţa economică a Daciei Romane, Piteşti, 1929, p. 30-35; O. Floca, Villa rustica şi necropola daco-romană de la Cinciş, Acta M. N., 2, 1965, p. 163 – 193; D. Protase, Problema continuităţii în Dacia în lumina arheologiei şi numismaticii, Bucureşti, 1966.",str,1,0.0007147962831
references,226,"Luca 2008, 168",str,1,0.0007147962831
references,227,"Luca 2004, 134 = Luca, Sabin Adrian, Repertoriul arheologic al judeţului Caraş Severin, Economică, Bucureşti, 2004, 134.",str,1,0.0007147962831
references,228,"Luca 2008, 170; Simion 2006, 141, citing V. Boroneanţ, Arheologia peşterilor şi minelor din România, 2000, p. 129; N. Maghiar, Şt. Olteanu, Din Istoria Mineritului Românesc, Bucureşti, 1970, p. 53; D. Tudor, Oraşe, Târguri şi Sate in Dacia Romană, Bucureşti, 1968, p. 191-192; V. Christescu, Viaţa economică a Daciei Romane, Piteşti, 1929, p. 17; Samuel Koleseri, Auraria Romano – Dacica., Bratislava, 1780, p. 41-43, p. 51-52; G. Téglàs, AE 3 1883, p. 145.",str,1,0.0007147962831
references,229,"Luca 2008, 178",str,1,0.0007147962831
references,230,"Luca 2008, 184",str,1,0.0007147962831
references,231,"Luca 2008, 187",str,1,0.0007147962831
references,232,"Simion 2006, 141, citing TIR, L 34, 116; B. Cserni, Alsófehér vármegye monográfiája, 2/1, Aiud, 1901, p. 141, 551; T.P. Ghiţulescu, M. Socolescu, în Anuarul Institutului de Geologie a României, 21, 1941, p. 409; RepAB, 1995, p. 113, nr. 98.",str,1,0.0007147962831
references,233,"Simion 2006, 141, citing V. Boroneanţ, Arheologia minelor şi peşterilor din România, 2000, p. 123; N. Maghiar, Şt. Olteanu, Din Istoria Mineritului Românesc, Bucureşti, 1970, p. 60; S. Koleseri, Auraria Romano-Dacica, p. 245; S.C.I.V. 2, 1965, p. 400.",str,1,0.0007147962831
references,234,"Simion 2006, 142, citing V. Boroneanţ, Arheologia peşterilor şi minelor din România, 2000, p. 129; N. Maghiar, Şt. Olteanu, Din Istoria Mineritului Românesc, Bucureşti, 1970.",str,1,0.0007147962831
references,235,"Simion 2006, 142, citing TIR, L 34, 118; I. Téglàs, Manuscrise şi note excerptate de I.I. Russu; D. Tudor, Oraşe, Târguri şi Sate în Dacia Romană, Bucureşti, 1968, p. 202; I. Winkler, A. Hopârtean, în Cercetări Numismatice, 1,1978, p. 23; RepAB, 1995, p. 205, nr. 209.",str,1,0.0007147962831
references,236,"Bedelean, H. and Bedelean, A. (2001). ‘Contributions to the Study of the Alluvial Gold from Valea Pianului Area (Alba District)’, Studia Universitatis Babeş-Bolyai, Geologia 46/1: 161–9.",str,1,0.0007147962831
references,237,"Luca 2008, 145.",str,1,0.0007147962831
references,238,"Luca 2008, 168.",str,1,0.0007147962831
references,239,Simion 2006: 133; Wilson,str,1,0.0007147962831
references,240,http://ran.cimec.ro/sel.asp?lang=EN&descript=iojib-mediesu-aurit-satu-mare-situl-arheologic-de-la-iojib-colonia-iojibului-cod-sit-ran-138119.01,str,1,0.0007147962831
references,241,https://servicios.jcyl.es/pweb/datosGIS.do?tipo=Yacimiento&numero=102391,str,1,0.0007147962831
references,242,https://servicios.jcyl.es/pweb/datosYacimiento.do?numero=102402,str,1,0.0007147962831
references,243,https://servicios.jcyl.es/pweb/datosYacimiento.do?numero=102130,str,1,0.0007147962831
references,244,https://servicios.jcyl.es/pweb/datosYacimiento.do?numero=97339,str,1,0.0007147962831
techniqueOpencast,1,<NA>,missing,645,0.4610436026
techniqueOpencast,2,1.0,float,482,0.3445318084
techniqueOpencast,3,0.0,float,272,0.194424589
techniqueUnderground,1,<NA>,missing,608,0.4345961401
techniqueUnderground,2,0.0,float,510,0.3645461044
techniqueUnderground,3,1.0,float,281,0.2008577555
techniqueHydraulic,1,FALSE,str,664,0.474624732
techniqueHydraulic,2,TRUE,str,465,0.3323802716
techniqueHydraulic,3,<NA>,missing,267,0.1908506076
techniqueHydraulic,4,?,str,3,0.002144388849
techniqueHushing,1,FALSE,str,822,0.5875625447
techniqueHushing,2,<NA>,missing,493,0.3523945675
techniqueHushing,3,TRUE,str,83,0.05932809149
techniqueHushing,4,?,str,1,0.0007147962831
techniqueGroundSluicing,1,FALSE,str,852,0.6090064332
techniqueGroundSluicing,2,<NA>,missing,479,0.3423874196
techniqueGroundSluicing,3,TRUE,str,62,0.04431736955
techniqueGroundSluicing,4,?,str,6,0.004288777698
techniqueRuinaMontium,1,0.0,float,932,0.6661901358
techniqueRuinaMontium,2,<NA>,missing,461,0.3295210865
techniqueRuinaMontium,3,1.0,float,6,0.004288777698
techniqueRakeComb,1,0.0,float,851,0.6082916369
techniqueRakeComb,2,<NA>,missing,468,0.3345246605
techniqueRakeComb,3,1.0,float,80,0.05718370264
techniqueGoldWashing,1,0.0,float,915,0.654038599
techniqueGoldWashing,2,<NA>,missing,469,0.3352394568
techniqueGoldWashing,3,1.0,float,15,0.01072194425
techniqueOther,1,<NA>,missing,726,0.5189421015
techniqueOther,2,0.0,float,671,0.4796283059
techniqueOther,3,1.0,float,2,0.001429592566
notes,1,<NA>,missing,1351,0.9656897784
notes,2,Ore-crushing anvils from machines,str,4,0.002859185132
notes,3,Surface exploitation,str,2,0.001429592566
notes,4,Surface exploitation and galleries (plural),str,2,0.001429592566
notes,5,Apparently destroyed by modern mine.,str,2,0.001429592566
notes,6,Lead pigs,str,2,0.001429592566
notes,7,furnaces,str,1,0.0007147962831
notes,8,Possible traces of hydraulic operations visible on Google Earth - check!,str,1,0.0007147962831
notes,9,Coin hoard closing 251,str,1,0.0007147962831
notes,10,Gold mine._x000D_ Check how many galleries (plural).,str,1,0.0007147962831
notes,11,Google Earth appears to show extensive traces of trenches following veins,str,1,0.0007147962831
notes,12,Modern exploitation estimates quartz veins at up to 148.5 g Au/t and silicified breccia veins at up to 46 g Au/t in narrow zones,str,1,0.0007147962831
notes,13,Pozos; ore-crushing anvils now lying in the village.,str,1,0.0007147962831
notes,14,Five ingots of the societas argentifodinarum Ilucronensium found here in the early 20th c.,str,1,0.0007147962831
notes,15,Imagery on Google Earth suggests this is a ruina montium mine.,str,1,0.0007147962831
notes,16,"Several aqueducts visible on Google Earth, feeding the opencast from the east.",str,1,0.0007147962831
notes,17,"Rake/comb workings, channels, and stone dumps",str,1,0.0007147962831
notes,18,Castro near or adjacent to mines,str,1,0.0007147962831
notes,19,"Extensive area of rake/comb workings on S bank of Rio Duerna, overgrown, visible on Google Earth.",str,1,0.0007147962831
notes,20,"Several hushing workings (exploratory?) on upper terrace on N bank of Rio Duerna, visible on Google Earth. Corona at E end.",str,1,0.0007147962831
notes,21,Apparent traces of rake/comb workings and stone dumps on Google Earth (poor quality image).,str,1,0.0007147962831
notes,22,Location guessed.,str,1,0.0007147962831
notes,23,"Small opencast workings, with a channel/ditch from the NW converging with a gully from the NE into a wider, shallow area of exploitation. ",str,1,0.0007147962831
notes,24,Hydraulic erosion and stone dumps apparently visible on Google Earth,str,1,0.0007147962831
notes,25,Four channels following side of ridge - zanjas/ground sluicing,str,1,0.0007147962831
notes,26,"Dam for hushing reservoir at  42.331434°,  -6.230175°",str,1,0.0007147962831
notes,27,FALSE,str,1,0.0007147962831
notes,28,"Small hydraulic workings, associated with castro of Valdeperal, whose ditches are worked by hydraulic means, fed by a rock-cut channel.",str,1,0.0007147962831
notes,29,Probable traces of rake/comb workings on Google Earth (poor quality image).,str,1,0.0007147962831
notes,30,Domergue's Truchas is assumed to be the same as Sanchez Palencia & Orejas's Cogolla (Cogolla is a small hill 600 m south of Truchas),str,1,0.0007147962831
notes,31,See for list of finds: http://shropshirehistory.com/other/llanymynech.htm,str,1,0.0007147962831
notes,32,"Newly discovered mine identified by Roberto Matias, August 2017",str,1,0.0007147962831
notes,33,Apparently now largely destroyed under modern buildings (Google Earth),str,1,0.0007147962831
notes,34,"Hard rock mine on peak, non-hydraulic opencast.",str,1,0.0007147962831
notes,35,"Large-scale copper workings, with several hundred pit shafts.",str,1,0.0007147962831
notes,36,Coin of Antoninus Pius,str,1,0.0007147962831
notes,37,Roman funerary urn discovered here.,str,1,0.0007147962831
notes,38,Could the 'bust of Ares' be a steelyard weight?,str,1,0.0007147962831
notes,39,"The RAN entry appears largely to be a duplicate for Pianul de Sus, but there are possible workings visible on satellite imagery at  45.918963°,  23.492982° - if these are not animal tracks.",str,1,0.0007147962831
notes,40,"Simion lists finds as: 'Roman pots, coins, lamps (AOE), wheels used for the evacuation of water
from the mine, tools for crushing the ore, an inscription (VEP) on a rock.'",str,1,0.0007147962831
notes,41,"Simion: 'Traces of this exploitation were discovered in the Besedin Hill, where in 1776 a stone with
the following inscription was found: Flavia ingenua <vi>xit Annos XX. Iulius Flavianus
coniucti Moes… h<oc> m<onumentum> p<osuit.'",str,1,0.0007147962831
notes,42,"Finds include lamps, fragments of silver ore and pyragyrite.",str,1,0.0007147962831
geology,1,<NA>,missing,903,0.6454610436
geology,2,Hard rock,str,265,0.189421015
geology,3,Quaternary terrace,str,69,0.04932094353
geology,4,Pyrite,str,46,0.03288062902
geology,5,Tertiary alluvium,str,25,0.01786990708
geology,6,Terrace,str,24,0.01715511079
geology,7,"Alterites, tertiary deposits, and terraces",str,21,0.01501072194
geology,8,Colluvial deposits,str,9,0.006433166548
geology,9,Alluvial deposits,str,8,0.005718370264
geology,10,Colluvial deposits and river terrace,str,4,0.002859185132
geology,11,Quaternary Terrace,str,2,0.001429592566
geology,12,Hard rock and colluvium,str,2,0.001429592566
geology,13,Quartz veins with gold-bearing arsenopyrites,str,2,0.001429592566
geology,14,"Alterites, Tertiary deposits, and terraces",str,2,0.001429592566
geology,15,River placer deposits,str,1,0.0007147962831
geology,16,Gold-bearing quartz arsenopyrite veins in granite.,str,1,0.0007147962831
geology,17,"Alterites, tertiary deposits, and terrace",str,1,0.0007147962831
geology,18,Quaternary terrace and river placer deposits,str,1,0.0007147962831
geology,19,Google Earth suggests that the site is developed in a shape similar to a corona on the slope of the hill,str,1,0.0007147962831
geology,20,"Borlase says this is a tin mine, and does not mention gold.",str,1,0.0007147962831
geology,21,Alluvium and Quaternary terraces,str,1,0.0007147962831
geology,22,Quaternary terraǾ䀀,str,1,0.0007147962831
geology,23,Alluvial deposits worked by ruina montium,str,1,0.0007147962831
geology,24,"Placer deposits, mined in riverbed after diversion of river",str,1,0.0007147962831
geology,25,Hard rock and alluvium,str,1,0.0007147962831
geology,26,Alluvium,str,1,0.0007147962831
geology,27,Tertiary deposits,str,1,0.0007147962831
geology,28,Colluvium and slope deposits,str,1,0.0007147962831
geology,29,"Colluvium, slope deposits, and alluvium",str,1,0.0007147962831
geology,30,"Hard rock; alterites, colluvium",str,1,0.0007147962831
geology,31,dolomite,str,1,0.0007147962831
depositType,1,<NA>,missing,639,0.4567548249
depositType,2,Primary,str,376,0.2687634024
depositType,3,Secondary,str,358,0.2558970693
depositType,4,Secondary - Primary,str,21,0.01501072194
depositType,5,Hard rock,str,2,0.001429592566
depositType,6,FALSE,str,1,0.0007147962831
depositType,7,Primary - Secondary,str,1,0.0007147962831
depositType,8,PrimaǾ䀀,str,1,0.0007147962831
exploitationType,1,<NA>,missing,846,0.6047176555
exploitationType,2,Extensive,str,321,0.2294496069
exploitationType,3,Selective - Extensive,str,127,0.09077912795
exploitationType,4,Selective,str,98,0.07005003574
exploitationType,5,Surface hydraulic mining,str,2,0.001429592566
exploitationType,6,Primary,str,2,0.001429592566
exploitationType,7,Hydraulic ore sorting,str,1,0.0007147962831
exploitationType,8,Underground mining,str,1,0.0007147962831
exploitationType,9,Extensive - Selective,str,1,0.0007147962831
